검색카테고리,id,place_name,category_name,세부분류,category_group_code,phone,address_name,road_address_name,x,y,place_url,법정동코드,법정동명,법정동_시도,법정동_시군구,법정동_읍면동,법정동_리,행정동코드,행정동명,행정동_시도,행정동_시군구,행정동_읍면동
병원,13524090,경기시흥내과의원,"의료,건강 > 병원 > 내과",내과,HP8,031-507-3111,경기 시흥시 대야동 532-6,경기 시흥시 비둘기공원로 8,126.7904429,37.4440658,http://place.map.kakao.com/13524090,4139010100,경기도 시흥시 대야동,경기도,시흥시,대야동,,4139051000,경기도 시흥시 대야동,경기도,시흥시,대야동
병원,455720152,굿이브닝치과의원,"의료,건강 > 병원 > 치과",치과,HP8,031-506-2875,경기 시흥시 대야동 650,경기 시흥시 은계중앙로 374,126.7950868,37.45092885,http://place.map.kakao.com/455720152,4139010100,경기도 시흥시 대야동,경기도,시흥시,대야동,,4139051000,경기도 시흥시 대야동,경기도,시흥시,대야동
병원,9682801,김창규치과의원,"의료,건강 > 병원 > 치과",치과,HP8,031-316-2878,경기 시흥시 대야동 543-1,경기 시흥시 비둘기공원7길 33,126.79269463921413,37.443017388167696,http://place.map.kakao.com/9682801,4139010100,경기도 시흥시 대야동,경기도,시흥시,대야동,,4139051000,경기도 시흥시 대야동,경기도,시흥시,대야동
병원,1246256855,라치과의원,"의료,건강 > 병원 > 치과",치과,HP8,031-317-7582,경기 시흥시 대야동 532-6,경기 시흥시 비둘기공원로 8,126.7904633,37.44405863,http://place.map.kakao.com/1246256855,4139010100,경기도 시흥시 대야동,경기도,시흥시,대야동,,4139051000,경기도 시흥시 대야동,경기도,시흥시,대야동
병원,14507684,미소의원,"의료,건강 > 병원 > 피부과",피부과,HP8,031-314-7585,경기 시흥시 대야동 469-6,경기 시흥시 복지로 55,126.7894568,37.44434156,http://place.map.kakao.com/14507684,4139010100,경기도 시흥시 대야동,경기도,시흥시,대야동,,4139051000,경기도 시흥시 대야동,경기도,시흥시,대야동
병원,10392215,밝은안과의원,"의료,건강 > 병원 > 안과",기타,HP8,031-312-8810,경기 시흥시 대야동 573-3,경기 시흥시 대은로 79,126.7970772,37.44458555,http://place.map.kakao.com/10392215,4139010100,경기도 시흥시 대야동,경기도,시흥시,대야동,,4139051000,경기도 시흥시 대야동,경기도,시흥시,대야동
병원,1715045899,벧엘한방병원,"의료,건강 > 병원 > 한방병원",기타,HP8,031-503-3333,경기 시흥시 대야동 650,경기 시흥시 은계중앙로 374,126.79508681942835,37.45092884725283,http://place.map.kakao.com/1715045899,4139010100,경기도 시흥시 대야동,경기도,시흥시,대야동,,4139051000,경기도 시흥시 대야동,경기도,시흥시,대야동
병원,15106495,비타민치과의원,"의료,건강 > 병원 > 치과",치과,HP8,031-315-2888,경기 시흥시 대야동 568-2,경기 시흥시 복지로 96,126.7918127,37.44727583,http://place.map.kakao.com/15106495,4139010100,경기도 시흥시 대야동,경기도,시흥시,대야동,,4139051000,경기도 시흥시 대야동,경기도,시흥시,대야동
병원,2040650016,삼성본어스병원,"의료,건강 > 병원 > 정형외과",정형외과,HP8,1522-5211,경기 시흥시 대야동 650-1,경기 시흥시 은계중앙로306번길 82,126.7947981,37.45112747,http://place.map.kakao.com/2040650016,4139010100,경기도 시흥시 대야동,경기도,시흥시,대야동,,4139051000,경기도 시흥시 대야동,경기도,시흥시,대야동
병원,17110602,삼성필의원,"의료,건강 > 병원 > 피부과",피부과,HP8,031-316-7800,경기 시흥시 대야동 568-2,경기 시흥시 복지로 96,126.7918354,37.44725424,http://place.map.kakao.com/17110602,4139010100,경기도 시흥시 대야동,경기도,시흥시,대야동,,4139051000,경기도 시흥시 대야동,경기도,시흥시,대야동
병원,23972184,새오름가정의원,"의료,건강 > 병원 > 일반의원",기타,HP8,031-313-9809,경기 시흥시 대야동 558-7,경기 시흥시 비둘기공원7길 83,126.7923411,37.43929378,http://place.map.kakao.com/23972184,4139010100,경기도 시흥시 대야동,경기도,시흥시,대야동,,4139051000,경기도 시흥시 대야동,경기도,시흥시,대야동
병원,1216626895,서울강치과의원,"의료,건강 > 병원 > 치과",치과,HP8,031-316-7528,경기 시흥시 대야동 544-1,경기 시흥시 비둘기공원7길 39,126.79243852287021,37.44246282,http://place.map.kakao.com/1216626895,4139010100,경기도 시흥시 대야동,경기도,시흥시,대야동,,4139051000,경기도 시흥시 대야동,경기도,시흥시,대야동
병원,371408458,서울이음치과의원,"의료,건강 > 병원 > 치과",치과,HP8,031-8042-2875,경기 시흥시 대야동 645,경기 시흥시 은계로 353,126.79449394557481,37.45034846702754,http://place.map.kakao.com/371408458,4139010100,경기도 시흥시 대야동,경기도,시흥시,대야동,,4139051000,경기도 시흥시 대야동,경기도,시흥시,대야동
병원,137873874,서울진외과의원,"의료,건강 > 병원 > 외과",기타,HP8,031-313-7579,경기 시흥시 대야동 646,경기 시흥시 은계로 347,126.7950114,37.44998986,http://place.map.kakao.com/137873874,4139010100,경기도 시흥시 대야동,경기도,시흥시,대야동,,4139051000,경기도 시흥시 대야동,경기도,시흥시,대야동
병원,8452383,세화주니어치과의원,"의료,건강 > 병원 > 치과",치과,HP8,031-313-2174,경기 시흥시 대야동 574,경기 시흥시 대은로 83,126.7975692,37.44486751,http://place.map.kakao.com/8452383,4139010100,경기도 시흥시 대야동,경기도,시흥시,대야동,,4139051000,경기도 시흥시 대야동,경기도,시흥시,대야동
병원,702135363,세화치과의원,"의료,건강 > 병원 > 치과",치과,HP8,031-313-2175,경기 시흥시 대야동 574,경기 시흥시 대은로 83,126.7975147,37.44495391,http://place.map.kakao.com/702135363,4139010100,경기도 시흥시 대야동,경기도,시흥시,대야동,,4139051000,경기도 시흥시 대야동,경기도,시흥시,대야동
병원,9184284,시카고모아치과,"의료,건강 > 병원 > 치과",치과,HP8,031-313-2275,경기 시흥시 대야동 573-2,경기 시흥시 대은로 81,126.7973706,37.44473382,http://place.map.kakao.com/9184284,4139010100,경기도 시흥시 대야동,경기도,시흥시,대야동,,4139051000,경기도 시흥시 대야동,경기도,시흥시,대야동
병원,1826733317,시흥더봄요양병원,"의료,건강 > 병원 > 노인,요양병원",기타,HP8,031-317-9990,경기 시흥시 대야동 529-4,경기 시흥시 비둘기공원1길 7,126.7893406,37.44222938,http://place.map.kakao.com/1826733317,4139010100,경기도 시흥시 대야동,경기도,시흥시,대야동,,4139051000,경기도 시흥시 대야동,경기도,시흥시,대야동
병원,832621418,시흥본플란트치과의원,"의료,건강 > 병원 > 치과",치과,HP8,031-364-8240,경기 시흥시 대야동 454-6,경기 시흥시 복지로 87,126.7909492,37.44692471,http://place.map.kakao.com/832621418,4139010100,경기도 시흥시 대야동,경기도,시흥시,대야동,,4139051000,경기도 시흥시 대야동,경기도,시흥시,대야동
병원,2096825621,시흥솔요양병원,"의료,건강 > 병원 > 노인,요양병원",기타,HP8,031-314-7582,경기 시흥시 대야동 532-1,경기 시흥시 비둘기공원로 10,126.7907642,37.44395014,http://place.map.kakao.com/2096825621,4139010100,경기도 시흥시 대야동,경기도,시흥시,대야동,,4139051000,경기도 시흥시 대야동,경기도,시흥시,대야동
병원,26873217,시흥자인한방병원,"의료,건강 > 병원 > 한방병원",기타,HP8,031-404-1075,경기 시흥시 대야동 543-1,경기 시흥시 비둘기공원7길 33,126.792823,37.4431834,http://place.map.kakao.com/26873217,4139010100,경기도 시흥시 대야동,경기도,시흥시,대야동,,4139051000,경기도 시흥시 대야동,경기도,시흥시,대야동
병원,10541759,시흥정신건강의학과의원,"의료,건강 > 병원 > 정신건강의학과",기타,HP8,031-315-9114,경기 시흥시 대야동 532-6,경기 시흥시 비둘기공원로 8,126.79040685095636,37.444122050104056,http://place.map.kakao.com/10541759,4139010100,경기도 시흥시 대야동,경기도,시흥시,대야동,,4139051000,경기도 시흥시 대야동,경기도,시흥시,대야동
병원,1025481189,시흥휴먼피부과의원,"의료,건강 > 병원 > 피부과",피부과,HP8,031-315-5501,경기 시흥시 대야동 534-1,경기 시흥시 비둘기공원6길 4,126.7916169810567,37.44368945099493,http://place.map.kakao.com/1025481189,4139010100,경기도 시흥시 대야동,경기도,시흥시,대야동,,4139051000,경기도 시흥시 대야동,경기도,시흥시,대야동
병원,10067433,신성철소아과의원,"의료,건강 > 병원 > 소아청소년과",기타,HP8,031-311-4265,경기 시흥시 대야동 562-1,경기 시흥시 비둘기공원7길 18,126.7931854,37.44454997,http://place.map.kakao.com/10067433,4139010100,경기도 시흥시 대야동,경기도,시흥시,대야동,,4139051000,경기도 시흥시 대야동,경기도,시흥시,대야동
병원,754861848,신천연합병원,"의료,건강 > 병원 > 종합병원",24시 병원,HP8,1811-0075,경기 시흥시 대야동 469-3,경기 시흥시 복지로 57,126.78941330855787,37.44452528942558,http://place.map.kakao.com/754861848,4139010100,경기도 시흥시 대야동,경기도,시흥시,대야동,,4139051000,경기도 시흥시 대야동,경기도,시흥시,대야동
병원,1928255363,아산우리소아청소년과의원,"의료,건강 > 병원 > 소아청소년과",기타,HP8,031-311-5975,경기 시흥시 대야동 645,경기 시흥시 은계로 353,126.7944485944746,37.45040154788016,http://place.map.kakao.com/1928255363,4139010100,경기도 시흥시 대야동,경기도,시흥시,대야동,,4139051000,경기도 시흥시 대야동,경기도,시흥시,대야동
병원,2060320500,연세대야s치과의원,"의료,건강 > 병원 > 치과",치과,HP8,031-401-7878,경기 시흥시 대야동 568-1,경기 시흥시 복지로 90,126.79166656453303,37.446999859851324,http://place.map.kakao.com/2060320500,4139010100,경기도 시흥시 대야동,경기도,시흥시,대야동,,4139051000,경기도 시흥시 대야동,경기도,시흥시,대야동
병원,456456830,연세더바로치과의원,"의료,건강 > 병원 > 치과",치과,HP8,031-8042-2877,경기 시흥시 대야동 418-57,경기 시흥시 수인로 3330,126.7887813,37.43942262,http://place.map.kakao.com/456456830,4139010100,경기도 시흥시 대야동,경기도,시흥시,대야동,,4139051000,경기도 시흥시 대야동,경기도,시흥시,대야동
병원,19125554,연세행복치과,"의료,건강 > 병원 > 치과",치과,HP8,031-315-2804,경기 시흥시 대야동 573-3,경기 시흥시 대은로 79,126.79705694140941,37.444556681330674,http://place.map.kakao.com/19125554,4139010100,경기도 시흥시 대야동,경기도,시흥시,대야동,,4139051000,경기도 시흥시 대야동,경기도,시흥시,대야동
병원,9887508,예스부부치과,"의료,건강 > 병원 > 치과",치과,HP8,031-318-7528,경기 시흥시 대야동 562-1,경기 시흥시 비둘기공원7길 18,126.7930818,37.44442004,http://place.map.kakao.com/9887508,4139010100,경기도 시흥시 대야동,경기도,시흥시,대야동,,4139051000,경기도 시흥시 대야동,경기도,시흥시,대야동
병원,8546460,은행의원 피부과비뇨기과,"의료,건강 > 병원 > 피부과",피부과,HP8,031-404-9788,경기 시흥시 대야동 573-3,경기 시흥시 대은로 79,126.79712010279579,37.444601840420376,http://place.map.kakao.com/8546460,4139010100,경기도 시흥시 대야동,경기도,시흥시,대야동,,4139051000,경기도 시흥시 대야동,경기도,시흥시,대야동
병원,892067729,이연정내과의원,"의료,건강 > 병원 > 내과",내과,HP8,031-313-1900,경기 시흥시 대야동 541-15,경기 시흥시 비둘기공원1길 25,126.79128861299185,37.44148409200149,http://place.map.kakao.com/892067729,4139010100,경기도 시흥시 대야동,경기도,시흥시,대야동,,4139051000,경기도 시흥시 대야동,경기도,시흥시,대야동
병원,8043128,이영화정형외과의원,"의료,건강 > 병원 > 정형외과",정형외과,HP8,031-316-6114,경기 시흥시 대야동 579-3,경기 시흥시 은행로167번길 6,126.7979601,37.44571513,http://place.map.kakao.com/8043128,4139010100,경기도 시흥시 대야동,경기도,시흥시,대야동,,4139051000,경기도 시흥시 대야동,경기도,시흥시,대야동
병원,13520116,이종오신경외과,"의료,건강 > 병원 > 신경외과",기타,HP8,031-313-9775,경기 시흥시 대야동 499-13,경기 시흥시 뱀내장터로 15,126.78639137523835,37.442195252680165,http://place.map.kakao.com/13520116,4139010100,경기도 시흥시 대야동,경기도,시흥시,대야동,,4139051000,경기도 시흥시 대야동,경기도,시흥시,대야동
병원,1463893227,정성마취통증의학과의원,"의료,건강 > 병원 > 정형외과",정형외과,HP8,031-312-3601,경기 시흥시 대야동 543-1,경기 시흥시 비둘기공원7길 33,126.7927455,37.44301477,http://place.map.kakao.com/1463893227,4139010100,경기도 시흥시 대야동,경기도,시흥시,대야동,,4139051000,경기도 시흥시 대야동,경기도,시흥시,대야동
병원,10791146,중앙산부인과,"의료,건강 > 병원 > 산부인과",산부인과,HP8,031-313-3333,경기 시흥시 대야동 455-9,경기 시흥시 복지로 77,126.79055202457876,37.446284287938894,http://place.map.kakao.com/10791146,4139010100,경기도 시흥시 대야동,경기도,시흥시,대야동,,4139051000,경기도 시흥시 대야동,경기도,시흥시,대야동
병원,1292080752,참잘함한방병원 시흥점,"의료,건강 > 병원 > 한방병원",기타,HP8,031-312-4100,경기 시흥시 대야동 568-1,경기 시흥시 복지로 90,126.7916688,37.44700527,http://place.map.kakao.com/1292080752,4139010100,경기도 시흥시 대야동,경기도,시흥시,대야동,,4139051000,경기도 시흥시 대야동,경기도,시흥시,대야동
병원,12099857,최내과의원,"의료,건강 > 병원 > 내과",내과,HP8,031-315-0875,경기 시흥시 대야동 568-2,경기 시흥시 복지로 96,126.79183080379453,37.44727225505849,http://place.map.kakao.com/12099857,4139010100,경기도 시흥시 대야동,경기도,시흥시,대야동,,4139051000,경기도 시흥시 대야동,경기도,시흥시,대야동
병원,12525875,킴스이비인후과,"의료,건강 > 병원 > 이비인후과",내과,HP8,031-312-5025,경기 시흥시 대야동 574,경기 시흥시 대은로 83,126.7975733,37.44501889,http://place.map.kakao.com/12525875,4139010100,경기도 시흥시 대야동,경기도,시흥시,대야동,,4139051000,경기도 시흥시 대야동,경기도,시흥시,대야동
병원,9534334,포우먼산부인과,"의료,건강 > 병원 > 산부인과",산부인과,HP8,031-404-8206,경기 시흥시 대야동 543-1,경기 시흥시 비둘기공원7길 33,126.7927285,37.44302466,http://place.map.kakao.com/9534334,4139010100,경기도 시흥시 대야동,경기도,시흥시,대야동,,4139051000,경기도 시흥시 대야동,경기도,시흥시,대야동
병원,20493976,햇살좋은치과,"의료,건강 > 병원 > 치과",치과,HP8,031-404-3255,경기 시흥시 대야동 542,경기 시흥시 비둘기공원로 28,126.7918564,37.44292942,http://place.map.kakao.com/20493976,4139010100,경기도 시흥시 대야동,경기도,시흥시,대야동,,4139051000,경기도 시흥시 대야동,경기도,시흥시,대야동
병원,10055792,혜림정형외과의원,"의료,건강 > 병원 > 정형외과",정형외과,HP8,031-311-6789,경기 시흥시 대야동 558-7,경기 시흥시 비둘기공원7길 83,126.7922777,37.43931529,http://place.map.kakao.com/10055792,4139010100,경기도 시흥시 대야동,경기도,시흥시,대야동,,4139051000,경기도 시흥시 대야동,경기도,시흥시,대야동
병원,1215919829,효성한방병원,"의료,건강 > 병원 > 한방병원",기타,HP8,031-315-9977,경기 시흥시 대야동 541-2,경기 시흥시 비둘기공원6길 13-1,126.79149668435538,37.44224491,http://place.map.kakao.com/1215919829,4139010100,경기도 시흥시 대야동,경기도,시흥시,대야동,,4139051000,경기도 시흥시 대야동,경기도,시흥시,대야동
병원,1344651394,희망의원,"의료,건강 > 병원 > 가정의학과",기타,HP8,031-315-2580,경기 시흥시 대야동 579-3,경기 시흥시 은행로167번길 6,126.79789482245148,37.445628520537106,http://place.map.kakao.com/1344651394,4139010100,경기도 시흥시 대야동,경기도,시흥시,대야동,,4139051000,경기도 시흥시 대야동,경기도,시흥시,대야동
병원,24580483,희망치과의원,"의료,건강 > 병원 > 치과",치과,HP8,031-311-9124,경기 시흥시 대야동 579-3,경기 시흥시 은행로167번길 6,126.79798423366793,37.44557822,http://place.map.kakao.com/24580483,4139010100,경기도 시흥시 대야동,경기도,시흥시,대야동,,4139051000,경기도 시흥시 대야동,경기도,시흥시,대야동
병원,26027959,강남요양병원,"의료,건강 > 병원 > 노인,요양병원",기타,HP8,031-311-0700,경기 시흥시 신천동 774,경기 시흥시 수인로3325번길 10,126.78821293856078,37.43819803007183,http://place.map.kakao.com/26027959,4139010200,경기도 시흥시 신천동,경기도,시흥시,신천동,,4139052000,경기도 시흥시 신천동,경기도,시흥시,신천동
병원,773937234,건영치과의원,"의료,건강 > 병원 > 치과",치과,HP8,031-315-0028,경기 시흥시 신천동 948,경기 시흥시 시흥대로 1121,126.7911718,37.43555071,http://place.map.kakao.com/773937234,4139010200,경기도 시흥시 신천동,경기도,시흥시,신천동,,4139052000,경기도 시흥시 신천동,경기도,시흥시,신천동
병원,1613690762,구본건산부인과의원,"의료,건강 > 병원 > 산부인과",산부인과,HP8,031-312-7575,경기 시흥시 신천동 733-1,경기 시흥시 삼미시장1길 5,126.7855934,37.43987369817641,http://place.map.kakao.com/1613690762,4139010200,경기도 시흥시 신천동,경기도,시흥시,신천동,,4139052000,경기도 시흥시 신천동,경기도,시흥시,신천동
병원,630266598,김치과,"의료,건강 > 병원 > 치과",치과,HP8,,경기 시흥시 신천동 712-9,경기 시흥시 수인로 3372,126.7844484,37.44116817,http://place.map.kakao.com/630266598,4139010200,경기도 시흥시 신천동,경기도,시흥시,신천동,,4139052000,경기도 시흥시 신천동,경기도,시흥시,신천동
병원,1691967021,누리한방병원,"의료,건강 > 병원 > 한방병원",기타,HP8,031-311-8077,경기 시흥시 신천동 779-9,경기 시흥시 수인로3325번길 5,126.7890394,37.43844819,http://place.map.kakao.com/1691967021,4139010200,경기도 시흥시 신천동,경기도,시흥시,신천동,,4139052000,경기도 시흥시 신천동,경기도,시흥시,신천동
병원,1807932251,다온한방병원,"의료,건강 > 병원 > 한방병원",기타,HP8,031-365-5432,경기 시흥시 신천동 733-1,경기 시흥시 삼미시장1길 5,126.7855428739818,37.439768187882464,http://place.map.kakao.com/1807932251,4139010200,경기도 시흥시 신천동,경기도,시흥시,신천동,,4139052000,경기도 시흥시 신천동,경기도,시흥시,신천동
병원,8281556,다인안과,"의료,건강 > 병원 > 안과",기타,HP8,031-314-4848,경기 시흥시 신천동 712-9,경기 시흥시 수인로 3372,126.784331,37.44113552,http://place.map.kakao.com/8281556,4139010200,경기도 시흥시 신천동,경기도,시흥시,신천동,,4139052000,경기도 시흥시 신천동,경기도,시흥시,신천동
병원,1377772029,독일치과의원,"의료,건강 > 병원 > 치과",치과,HP8,031-312-0028,경기 시흥시 신천동 733-1,경기 시흥시 삼미시장1길 5,126.7855395046083,37.43976097365971,http://place.map.kakao.com/1377772029,4139010200,경기도 시흥시 신천동,경기도,시흥시,신천동,,4139052000,경기도 시흥시 신천동,경기도,시흥시,신천동
병원,1603009496,모두탑365정형외과의원 시흥신천점,"의료,건강 > 병원 > 정형외과",정형외과,HP8,031-503-9988,경기 시흥시 신천동 711,경기 시흥시 수인로 3366,126.78496230297802,37.44086817166089,http://place.map.kakao.com/1603009496,4139010200,경기도 시흥시 신천동,경기도,시흥시,신천동,,4139052000,경기도 시흥시 신천동,경기도,시흥시,신천동
병원,7867743,모아치과의원,"의료,건강 > 병원 > 치과",치과,HP8,031-317-2275,경기 시흥시 신천동 712-9,경기 시흥시 수인로 3372,126.78443940920957,37.44115824655232,http://place.map.kakao.com/7867743,4139010200,경기도 시흥시 신천동,경기도,시흥시,신천동,,4139052000,경기도 시흥시 신천동,경기도,시흥시,신천동
병원,11056488,바른부부치과의원,"의료,건강 > 병원 > 치과",치과,HP8,031-313-2828,경기 시흥시 신천동 737-2,경기 시흥시 삼미시장1길 13-1,126.78464081234524,37.44027832348831,http://place.map.kakao.com/11056488,4139010200,경기도 시흥시 신천동,경기도,시흥시,신천동,,4139052000,경기도 시흥시 신천동,경기도,시흥시,신천동
병원,10404981,박피부과,"의료,건강 > 병원 > 피부과",피부과,HP8,031-314-3579,경기 시흥시 신천동 709-6,경기 시흥시 복지로 3,126.7868962,37.44031124,http://place.map.kakao.com/10404981,4139010200,경기도 시흥시 신천동,경기도,시흥시,신천동,,4139052000,경기도 시흥시 신천동,경기도,시흥시,신천동
병원,9831680,밝은가정의원,"의료,건강 > 병원 > 가정의학과",기타,HP8,031-312-8300,경기 시흥시 신천동 735-3,경기 시흥시 삼미시장4길 8,126.7839658,37.43924633,http://place.map.kakao.com/9831680,4139010200,경기도 시흥시 신천동,경기도,시흥시,신천동,,4139052000,경기도 시흥시 신천동,경기도,시흥시,신천동
병원,130051462,삼성메디컬의원,"의료,건강 > 병원 > 일반의원",기타,HP8,031-365-4325,경기 시흥시 신천동 759-7,경기 시흥시 수인로3381번길 27,126.7826832,37.43887727,http://place.map.kakao.com/130051462,4139010200,경기도 시흥시 신천동,경기도,시흥시,신천동,,4139052000,경기도 시흥시 신천동,경기도,시흥시,신천동
병원,510520394,삼성현치과의원,"의료,건강 > 병원 > 치과",치과,HP8,031-312-2880,경기 시흥시 신천동 768,경기 시흥시 신천로 100,126.78698857352624,37.439212173580316,http://place.map.kakao.com/510520394,4139010200,경기도 시흥시 신천동,경기도,시흥시,신천동,,4139052000,경기도 시흥시 신천동,경기도,시흥시,신천동
병원,1661321000,상쾌한속내과의원,"의료,건강 > 병원 > 내과",내과,HP8,031-313-7582,경기 시흥시 신천동 733-1,경기 시흥시 삼미시장1길 5,126.7855417,37.43976819,http://place.map.kakao.com/1661321000,4139010200,경기도 시흥시 신천동,경기도,시흥시,신천동,,4139052000,경기도 시흥시 신천동,경기도,시흥시,신천동
병원,10513982,새한치과의원,"의료,건강 > 병원 > 치과",치과,HP8,031-317-2875,경기 시흥시 신천동 888-1,경기 시흥시 시흥대로1073번길 5,126.7920817068868,37.43174462471905,http://place.map.kakao.com/10513982,4139010200,경기도 시흥시 신천동,경기도,시흥시,신천동,,4139052000,경기도 시흥시 신천동,경기도,시흥시,신천동
병원,668709586,서광정형외과의원,"의료,건강 > 병원 > 정형외과",정형외과,HP8,031-317-8277,경기 시흥시 신천동 737-3,경기 시흥시 삼미시장1길 13,126.7847959,37.44019571,http://place.map.kakao.com/668709586,4139010200,경기도 시흥시 신천동,경기도,시흥시,신천동,,4139052000,경기도 시흥시 신천동,경기도,시흥시,신천동
병원,2137619494,서울안심치과의원,"의료,건강 > 병원 > 치과",치과,HP8,031-520-2882,경기 시흥시 신천동 710-3,경기 시흥시 수인로 3350,126.7865802,37.44017012,http://place.map.kakao.com/2137619494,4139010200,경기도 시흥시 신천동,경기도,시흥시,신천동,,4139052000,경기도 시흥시 신천동,경기도,시흥시,신천동
병원,24480837,서울치과의원,"의료,건강 > 병원 > 치과",치과,HP8,031-314-2835,경기 시흥시 신천동 740-5,경기 시흥시 삼미시장4길 12,126.7834314,37.43961657,http://place.map.kakao.com/24480837,4139010200,경기도 시흥시 신천동,경기도,시흥시,신천동,,4139052000,경기도 시흥시 신천동,경기도,시흥시,신천동
병원,282863705,성모공감정신건강의학과의원,"의료,건강 > 병원 > 정신건강의학과",기타,HP8,031-8042-3535,경기 시흥시 신천동 711,경기 시흥시 수인로 3366,126.7849646,37.44086637,http://place.map.kakao.com/282863705,4139010200,경기도 시흥시 신천동,경기도,시흥시,신천동,,4139052000,경기도 시흥시 신천동,경기도,시흥시,신천동
병원,1766549909,성모하이내과의원,"의료,건강 > 병원 > 내과",내과,HP8,,경기 시흥시 신천동 712-10,경기 시흥시 수인로 3370,126.784632,37.44100272,http://place.map.kakao.com/1766549909,4139010200,경기도 시흥시 신천동,경기도,시흥시,신천동,,4139052000,경기도 시흥시 신천동,경기도,시흥시,신천동
병원,9191448,시흥내과의원,"의료,건강 > 병원 > 내과",내과,HP8,031-313-7800,경기 시흥시 신천동 711,경기 시흥시 수인로 3366,126.7849646,37.44086998,http://place.map.kakao.com/9191448,4139010200,경기도 시흥시 신천동,경기도,시흥시,신천동,,4139052000,경기도 시흥시 신천동,경기도,시흥시,신천동
병원,1838694897,시흥마디튼튼의원,"의료,건강 > 병원 > 정형외과",정형외과,HP8,031-435-3000,경기 시흥시 신천동 740,경기 시흥시 수인로3381번길 13,126.7828289,37.44007588,http://place.map.kakao.com/1838694897,4139010200,경기도 시흥시 신천동,경기도,시흥시,신천동,,4139052000,경기도 시흥시 신천동,경기도,시흥시,신천동
병원,25532514,시흥미소한방병원,"의료,건강 > 병원 > 한방병원",기타,HP8,031-365-4255,경기 시흥시 신천동 733,경기 시흥시 신천3길 5-1,126.78542604341857,37.439922950198074,http://place.map.kakao.com/25532514,4139010200,경기도 시흥시 신천동,경기도,시흥시,신천동,,4139052000,경기도 시흥시 신천동,경기도,시흥시,신천동
병원,51654309,시흥삼성S비뇨의학과의원,"의료,건강 > 병원 > 비뇨기과",기타,HP8,031-313-3900,경기 시흥시 신천동 711-2,경기 시흥시 수인로 3362,126.785485,37.44064747,http://place.map.kakao.com/51654309,4139010200,경기도 시흥시 신천동,경기도,시흥시,신천동,,4139052000,경기도 시흥시 신천동,경기도,시흥시,신천동
병원,1737655065,시흥서울안과의원,"의료,건강 > 병원 > 안과",기타,HP8,031-507-1717,경기 시흥시 신천동 711-2,경기 시흥시 수인로 3362,126.785485,37.44064747,http://place.map.kakao.com/1737655065,4139010200,경기도 시흥시 신천동,경기도,시흥시,신천동,,4139052000,경기도 시흥시 신천동,경기도,시흥시,신천동
병원,897783785,시흥센트럴이비인후과의원,"의료,건강 > 병원 > 이비인후과",내과,HP8,031-364-8225,경기 시흥시 신천동 711-2,경기 시흥시 수인로 3362,126.78550308486662,37.440643900904625,http://place.map.kakao.com/897783785,4139010200,경기도 시흥시 신천동,경기도,시흥시,신천동,,4139052000,경기도 시흥시 신천동,경기도,시흥시,신천동
병원,838788828,시흥양심치과의원,"의료,건강 > 병원 > 치과",치과,HP8,031-311-2870,경기 시흥시 신천동 738-2,경기 시흥시 삼미시장1길 19,126.7839269,37.44058517,http://place.map.kakao.com/838788828,4139010200,경기도 시흥시 신천동,경기도,시흥시,신천동,,4139052000,경기도 시흥시 신천동,경기도,시흥시,신천동
병원,10542455,시흥치과,"의료,건강 > 병원 > 치과",치과,HP8,031-314-2828,경기 시흥시 신천동 737,경기 시흥시 삼미시장1길 17,126.7843239,37.44044353,http://place.map.kakao.com/10542455,4139010200,경기도 시흥시 신천동,경기도,시흥시,신천동,,4139052000,경기도 시흥시 신천동,경기도,시흥시,신천동
병원,1601168187,신천메트로정형외과의원,"의료,건강 > 병원 > 정형외과",정형외과,HP8,031-313-5656,경기 시흥시 신천동 711-1,경기 시흥시 수인로 3362-1,126.7852994,37.44072642,http://place.map.kakao.com/1601168187,4139010200,경기도 시흥시 신천동,경기도,시흥시,신천동,,4139052000,경기도 시흥시 신천동,경기도,시흥시,신천동
병원,12168300,신천서울치과의원,"의료,건강 > 병원 > 치과",치과,HP8,031-404-2875,경기 시흥시 신천동 853-1,경기 시흥시 신천로80번길 2,126.7862765,37.43727551,http://place.map.kakao.com/12168300,4139010200,경기도 시흥시 신천동,경기도,시흥시,신천동,,4139052000,경기도 시흥시 신천동,경기도,시흥시,신천동
병원,1634880281,신천역본튼튼의원,"의료,건강 > 병원 > 정형외과",정형외과,HP8,031-314-4666,경기 시흥시 신천동 709-6,경기 시흥시 복지로 3,126.7868781,37.44031482,http://place.map.kakao.com/1634880281,4139010200,경기도 시흥시 신천동,경기도,시흥시,신천동,,4139052000,경기도 시흥시 신천동,경기도,시흥시,신천동
병원,10616712,신천제일의원,"의료,건강 > 병원 > 일반의원",기타,HP8,031-315-3578,경기 시흥시 신천동 388-3,경기 시흥시 신천3길 59,126.7796829,37.43856086,http://place.map.kakao.com/10616712,4139010200,경기도 시흥시 신천동,경기도,시흥시,신천동,,4139052000,경기도 시흥시 신천동,경기도,시흥시,신천동
병원,7974894,신천탑비뇨기과의원,"의료,건강 > 병원 > 비뇨기과",기타,HP8,031-313-8275,경기 시흥시 신천동 711,경기 시흥시 수인로 3366,126.78496008165612,37.44085465242513,http://place.map.kakao.com/7974894,4139010200,경기도 시흥시 신천동,경기도,시흥시,신천동,,4139052000,경기도 시흥시 신천동,경기도,시흥시,신천동
병원,1664857943,신천탑정형외과의원,"의료,건강 > 병원 > 정형외과",정형외과,HP8,031-503-9988,경기 시흥시 신천동 711,경기 시흥시 수인로 3366,126.78496,37.44087718,http://place.map.kakao.com/1664857943,4139010200,경기도 시흥시 신천동,경기도,시흥시,신천동,,4139052000,경기도 시흥시 신천동,경기도,시흥시,신천동
병원,9903009,신천한솔의원,"의료,건강 > 병원 > 일반의원",기타,HP8,031-312-3112,경기 시흥시 신천동 853-1,경기 시흥시 신천로80번길 2,126.7862766,37.43725749,http://place.map.kakao.com/9903009,4139010200,경기도 시흥시 신천동,경기도,시흥시,신천동,,4139052000,경기도 시흥시 신천동,경기도,시흥시,신천동
병원,12143123,신통재활의학과의원,"의료,건강 > 병원 > 재활의학과",기타,HP8,031-314-5007,경기 시흥시 신천동 712-9,경기 시흥시 수인로 3372,126.78432657191927,37.44110127685728,http://place.map.kakao.com/12143123,4139010200,경기도 시흥시 신천동,경기도,시흥시,신천동,,4139052000,경기도 시흥시 신천동,경기도,시흥시,신천동
병원,788792211,아주편한마취통증의학과의원,"의료,건강 > 병원 > 통증클리닉",기타,HP8,031-317-3690,경기 시흥시 신천동 711-2,경기 시흥시 수인로 3362,126.785485,37.44064747,http://place.map.kakao.com/788792211,4139010200,경기도 시흥시 신천동,경기도,시흥시,신천동,,4139052000,경기도 시흥시 신천동,경기도,시흥시,신천동
병원,12969708,연세내과의원,"의료,건강 > 병원 > 내과",내과,HP8,031-311-6688,경기 시흥시 신천동 712-3,경기 시흥시 수인로 3378,126.7837383,37.44135068,http://place.map.kakao.com/12969708,4139010200,경기도 시흥시 신천동,경기도,시흥시,신천동,,4139052000,경기도 시흥시 신천동,경기도,시흥시,신천동
병원,8003700,연세비뇨기과의원,"의료,건강 > 병원 > 비뇨기과",기타,HP8,031-313-0111,경기 시흥시 신천동 737,경기 시흥시 삼미시장1길 17,126.78431716488765,37.44044171781954,http://place.map.kakao.com/8003700,4139010200,경기도 시흥시 신천동,경기도,시흥시,신천동,,4139052000,경기도 시흥시 신천동,경기도,시흥시,신천동
병원,9308297,연세스마일치과,"의료,건강 > 병원 > 치과",치과,HP8,031-314-8038,경기 시흥시 신천동 746-23,경기 시흥시 수인로3395번길 14,126.7811285,37.44039081,http://place.map.kakao.com/9308297,4139010200,경기도 시흥시 신천동,경기도,시흥시,신천동,,4139052000,경기도 시흥시 신천동,경기도,시흥시,신천동
병원,9297032,연세안과,"의료,건강 > 병원 > 안과",기타,HP8,031-315-3158,경기 시흥시 신천동 711,경기 시흥시 수인로 3366,126.78496,37.44089159,http://place.map.kakao.com/9297032,4139010200,경기도 시흥시 신천동,경기도,시흥시,신천동,,4139052000,경기도 시흥시 신천동,경기도,시흥시,신천동
병원,11110434,연세이비인후과 신천,"의료,건강 > 병원 > 이비인후과",내과,HP8,031-313-1991,경기 시흥시 신천동 737-2,경기 시흥시 삼미시장1길 13-1,126.7846499,37.44026392,http://place.map.kakao.com/11110434,4139010200,경기도 시흥시 신천동,경기도,시흥시,신천동,,4139052000,경기도 시흥시 신천동,경기도,시흥시,신천동
병원,1258577937,연세일등정형외과의원,"의료,건강 > 병원 > 정형외과",정형외과,HP8,031-317-1119,경기 시흥시 신천동 712-10,경기 시흥시 수인로 3370,126.78463421888199,37.44100182532547,http://place.map.kakao.com/1258577937,4139010200,경기도 시흥시 신천동,경기도,시흥시,신천동,,4139052000,경기도 시흥시 신천동,경기도,시흥시,신천동
병원,766750164,연세튼튼신경외과의원,"의료,건강 > 병원 > 신경외과",기타,HP8,031-312-9757,경기 시흥시 신천동 743-2,경기 시흥시 삼미시장1길 37,126.7826378,37.44089636,http://place.map.kakao.com/766750164,4139010200,경기도 시흥시 신천동,경기도,시흥시,신천동,,4139052000,경기도 시흥시 신천동,경기도,시흥시,신천동
병원,9301333,우리내과의원,"의료,건강 > 병원 > 내과",내과,HP8,031-404-4037,경기 시흥시 신천동 711-2,경기 시흥시 수인로 3362,126.7854804,37.44065828,http://place.map.kakao.com/9301333,4139010200,경기도 시흥시 신천동,경기도,시흥시,신천동,,4139052000,경기도 시흥시 신천동,경기도,시흥시,신천동
병원,9898800,우리이비인후과,"의료,건강 > 병원 > 이비인후과",내과,HP8,031-313-2588,경기 시흥시 신천동 712-9,경기 시흥시 수인로 3372,126.78426994252638,37.44114622419234,http://place.map.kakao.com/9898800,4139010200,경기도 시흥시 신천동,경기도,시흥시,신천동,,4139052000,경기도 시흥시 신천동,경기도,시흥시,신천동
병원,8478088,윤피부과의원,"의료,건강 > 병원 > 피부과",피부과,HP8,031-315-8872,경기 시흥시 신천동 712-9,경기 시흥시 수인로 3372,126.78434909437173,37.44112834836313,http://place.map.kakao.com/8478088,4139010200,경기도 시흥시 신천동,경기도,시흥시,신천동,,4139052000,경기도 시흥시 신천동,경기도,시흥시,신천동
병원,1338287552,이지치과의원,"의료,건강 > 병원 > 치과",치과,HP8,031-315-3275,경기 시흥시 신천동 712-9,경기 시흥시 수인로 3372,126.7843536,37.44113556,http://place.map.kakao.com/1338287552,4139010200,경기도 시흥시 신천동,경기도,시흥시,신천동,,4139052000,경기도 시흥시 신천동,경기도,시흥시,신천동
병원,9392543,이화소아과,"의료,건강 > 병원 > 소아청소년과",기타,HP8,031-313-9696,경기 시흥시 신천동 761-23,경기 시흥시 신천3길 25,126.7834248,37.43875879,http://place.map.kakao.com/9392543,4139010200,경기도 시흥시 신천동,경기도,시흥시,신천동,,4139052000,경기도 시흥시 신천동,경기도,시흥시,신천동
병원,1174926454,임플라인치과의원 시흥점,"의료,건강 > 병원 > 치과",치과,HP8,031-509-2875,경기 시흥시 신천동 743-2,경기 시흥시 삼미시장1길 37,126.7828613692017,37.440957135122595,http://place.map.kakao.com/1174926454,4139010200,경기도 시흥시 신천동,경기도,시흥시,신천동,,4139052000,경기도 시흥시 신천동,경기도,시흥시,신천동
병원,8499889,전치과의원,"의료,건강 > 병원 > 치과",치과,HP8,031-313-2676,경기 시흥시 신천동 711-2,경기 시흥시 수인로 3362,126.785485,37.44065108,http://place.map.kakao.com/8499889,4139010200,경기도 시흥시 신천동,경기도,시흥시,신천동,,4139052000,경기도 시흥시 신천동,경기도,시흥시,신천동
병원,9975923,조은아침예항외과의원,"의료,건강 > 병원 > 외과",기타,HP8,031-404-3376,경기 시흥시 신천동 733-1,경기 시흥시 삼미시장1길 5,126.7855417,37.43979341,http://place.map.kakao.com/9975923,4139010200,경기도 시흥시 신천동,경기도,시흥시,신천동,,4139052000,경기도 시흥시 신천동,경기도,시흥시,신천동
병원,13525410,좋은 치과의원,"의료,건강 > 병원 > 치과",치과,HP8,031-316-7582,경기 시흥시 신천동 752-20,경기 시흥시 수인로3409번길 35,126.779958,37.43878483,http://place.map.kakao.com/13525410,4139010200,경기도 시흥시 신천동,경기도,시흥시,신천동,,4139052000,경기도 시흥시 신천동,경기도,시흥시,신천동
병원,10760678,참산부인과의원,"의료,건강 > 병원 > 산부인과",산부인과,HP8,031-314-6666,경기 시흥시 신천동 766-1,경기 시흥시 신천천동로 7,126.78627327757982,37.43921899147376,http://place.map.kakao.com/10760678,4139010200,경기도 시흥시 신천동,경기도,시흥시,신천동,,4139052000,경기도 시흥시 신천동,경기도,시흥시,신천동
병원,10024033,플랜트치과의원,"의료,건강 > 병원 > 치과",치과,HP8,031-404-0114,경기 시흥시 신천동 712-10,경기 시흥시 수인로 3370,126.7846387,37.44101355,http://place.map.kakao.com/10024033,4139010200,경기도 시흥시 신천동,경기도,시흥시,신천동,,4139052000,경기도 시흥시 신천동,경기도,시흥시,신천동
병원,8141533,한마음내과,"의료,건강 > 병원 > 내과",내과,HP8,031-312-2277,경기 시흥시 신천동 712-9,경기 시흥시 수인로 3372,126.78434906851494,37.44113735845038,http://place.map.kakao.com/8141533,4139010200,경기도 시흥시 신천동,경기도,시흥시,신천동,,4139052000,경기도 시흥시 신천동,경기도,시흥시,신천동
병원,8641209,한사랑정신건강의학과의원,"의료,건강 > 병원 > 정신건강의학과",기타,HP8,031-314-5830,경기 시흥시 신천동 711-2,경기 시흥시 수인로 3362,126.785494,37.4406547,http://place.map.kakao.com/8641209,4139010200,경기도 시흥시 신천동,경기도,시흥시,신천동,,4139052000,경기도 시흥시 신천동,경기도,시흥시,신천동
병원,9560806,한양의원,"의료,건강 > 병원 > 일반의원",기타,HP8,031-312-9795,경기 시흥시 신천동 883-8,경기 시흥시 시흥대로 1075,126.79274107378963,37.431916975509445,http://place.map.kakao.com/9560806,4139010200,경기도 시흥시 신천동,경기도,시흥시,신천동,,4139052000,경기도 시흥시 신천동,경기도,시흥시,신천동
병원,8677605,해맑은치과의원,"의료,건강 > 병원 > 치과",치과,HP8,031-316-2875,경기 시흥시 신천동 711,경기 시흥시 수인로 3366,126.78496,37.44088439,http://place.map.kakao.com/8677605,4139010200,경기도 시흥시 신천동,경기도,시흥시,신천동,,4139052000,경기도 시흥시 신천동,경기도,시흥시,신천동
병원,9617014,현대치과,"의료,건강 > 병원 > 치과",치과,HP8,031-314-4950,경기 시흥시 신천동 735-3,경기 시흥시 삼미시장4길 8,126.7839658,37.43923912,http://place.map.kakao.com/9617014,4139010200,경기도 시흥시 신천동,경기도,시흥시,신천동,,4139052000,경기도 시흥시 신천동,경기도,시흥시,신천동
병원,13518267,엘치과의원,"의료,건강 > 병원 > 치과",치과,HP8,031-315-2812,경기 시흥시 포동 13-22,경기 시흥시 신현로38번길 26,126.78406474742337,37.40754516080731,http://place.map.kakao.com/13518267,4139010400,경기도 시흥시 포동,경기도,시흥시,포동,,4139053100,경기도 시흥시 신현동,경기도,시흥시,신현동
병원,1434623415,굿모닝재활의학과의원,"의료,건강 > 병원 > 재활의학과",기타,HP8,031-313-8305,경기 시흥시 은행동 646,경기 시흥시 은계번영길 1,126.8016231,37.43656974,http://place.map.kakao.com/1434623415,4139010600,경기도 시흥시 은행동,경기도,시흥시,은행동,,4139054000,경기도 시흥시 은행동,경기도,시흥시,은행동
병원,1970427546,뉴욕치과의원,"의료,건강 > 병원 > 치과",치과,HP8,031-435-2804,경기 시흥시 은행동 646-10,경기 시흥시 은계번영길 23,126.80390419663345,37.43710875,http://place.map.kakao.com/1970427546,4139010600,경기도 시흥시 은행동,경기도,시흥시,은행동,,4139054000,경기도 시흥시 은행동,경기도,시흥시,은행동
병원,775233970,더착한365의원,"의료,건강 > 병원 > 일반의원",기타,HP8,031-365-3333,경기 시흥시 은행동 607,경기 시흥시 은계중앙로 247,126.8032485,37.44586461,http://place.map.kakao.com/775233970,4139010600,경기도 시흥시 은행동,경기도,시흥시,은행동,,4139054000,경기도 시흥시 은행동,경기도,시흥시,은행동
병원,1848062339,리멤버피부과의원 시흥점,"의료,건강 > 병원 > 피부과",피부과,HP8,031-311-1125,경기 시흥시 은행동 646-4,경기 시흥시 은계번영길 9,126.80162516481859,37.43750949950303,http://place.map.kakao.com/1848062339,4139010600,경기도 시흥시 은행동,경기도,시흥시,은행동,,4139054000,경기도 시흥시 은행동,경기도,시흥시,은행동
병원,2008405488,리얼유의원,"의료,건강 > 병원 > 피부과",피부과,HP8,031-365-3369,경기 시흥시 은행동 646-10,경기 시흥시 은계번영길 23,126.8039132,37.43712949,http://place.map.kakao.com/2008405488,4139010600,경기도 시흥시 은행동,경기도,시흥시,은행동,,4139054000,경기도 시흥시 은행동,경기도,시흥시,은행동
병원,1705499371,명소아청소년과의원,"의료,건강 > 병원 > 소아청소년과",기타,HP8,031-311-7576,경기 시흥시 은행동 646-6,경기 시흥시 은계번영길 13,126.80259713823756,37.437428233442695,http://place.map.kakao.com/1705499371,4139010600,경기도 시흥시 은행동,경기도,시흥시,은행동,,4139054000,경기도 시흥시 은행동,경기도,시흥시,은행동
병원,7873283,문석준내과의원,"의료,건강 > 병원 > 내과",내과,HP8,031-312-1671,경기 시흥시 은행동 532-1,경기 시흥시 대은로 90,126.7984104,37.44470316,http://place.map.kakao.com/7873283,4139010600,경기도 시흥시 은행동,경기도,시흥시,은행동,,4139054000,경기도 시흥시 은행동,경기도,시흥시,은행동
병원,10420380,문소아과의원,"의료,건강 > 병원 > 소아청소년과",기타,HP8,031-315-0029,경기 시흥시 은행동 539-7,경기 시흥시 은행로 130,126.8000022,37.44273805,http://place.map.kakao.com/10420380,4139010600,경기도 시흥시 은행동,경기도,시흥시,은행동,,4139054000,경기도 시흥시 은행동,경기도,시흥시,은행동
병원,1756929779,미르소아청소년과의원,"의료,건강 > 병원 > 소아청소년과",기타,HP8,031-313-2075,경기 시흥시 은행동 646-4,경기 시흥시 은계번영길 9,126.8016331,37.43751492,http://place.map.kakao.com/1756929779,4139010600,경기도 시흥시 은행동,경기도,시흥시,은행동,,4139054000,경기도 시흥시 은행동,경기도,시흥시,은행동
병원,1058066035,바로나정형외과의원,"의료,건강 > 병원 > 정형외과",정형외과,HP8,031-316-0854,경기 시흥시 은행동 646-8,경기 시흥시 은계번영길 19,126.80301017829879,37.43719646082473,http://place.map.kakao.com/1058066035,4139010600,경기도 시흥시 은행동,경기도,시흥시,은행동,,4139054000,경기도 시흥시 은행동,경기도,시흥시,은행동
병원,69210502,바른소아청소년과의원,"의료,건강 > 병원 > 소아청소년과",기타,HP8,031-364-8232,경기 시흥시 은행동 645-1,경기 시흥시 은계번영길 2,126.8022334,37.43654283,http://place.map.kakao.com/69210502,4139010600,경기도 시흥시 은행동,경기도,시흥시,은행동,,4139054000,경기도 시흥시 은행동,경기도,시흥시,은행동
병원,985336110,봄봄정신건강의학과의원,"의료,건강 > 병원 > 정신건강의학과",기타,HP8,031-311-7588,경기 시흥시 은행동 646-4,경기 시흥시 은계번영길 9,126.8016354,37.43747077,http://place.map.kakao.com/985336110,4139010600,경기도 시흥시 은행동,경기도,시흥시,은행동,,4139054000,경기도 시흥시 은행동,경기도,시흥시,은행동
병원,1910463308,삼성바른내과의원 시흥,"의료,건강 > 병원 > 내과",내과,HP8,031-311-2479,경기 시흥시 은행동 646-10,경기 시흥시 은계번영길 23,126.80411201917732,37.437142429087714,http://place.map.kakao.com/1910463308,4139010600,경기도 시흥시 은행동,경기도,시흥시,은행동,,4139054000,경기도 시흥시 은행동,경기도,시흥시,은행동
병원,1930995574,삼성새봄안과의원,"의료,건강 > 병원 > 안과",기타,HP8,031-507-0990,경기 시흥시 은행동 646-5,경기 시흥시 은계번영길 11,126.80216104026172,37.43740407795659,http://place.map.kakao.com/1930995574,4139010600,경기도 시흥시 은행동,경기도,시흥시,은행동,,4139054000,경기도 시흥시 은행동,경기도,시흥시,은행동
병원,1063147716,새론산부인과의원,"의료,건강 > 병원 > 산부인과",산부인과,HP8,031-311-0345,경기 시흥시 은행동 646-10,경기 시흥시 은계번영길 23,126.80400793518403,37.437191812338405,http://place.map.kakao.com/1063147716,4139010600,경기도 시흥시 은행동,경기도,시흥시,은행동,,4139054000,경기도 시흥시 은행동,경기도,시흥시,은행동
병원,1439236517,서울더좋은치과의원,"의료,건강 > 병원 > 치과",치과,HP8,031-311-3877,경기 시흥시 은행동 535,경기 시흥시 대은로 86,126.7979636,37.44441047,http://place.map.kakao.com/1439236517,4139010600,경기도 시흥시 은행동,경기도,시흥시,은행동,,4139054000,경기도 시흥시 은행동,경기도,시흥시,은행동
병원,1941383682,서울라이프치과,"의료,건강 > 병원 > 치과",치과,HP8,031-316-2879,경기 시흥시 은행동 646-4,경기 시흥시 은계번영길 9,126.80176421977507,37.43748270235944,http://place.map.kakao.com/1941383682,4139010600,경기도 시흥시 은행동,경기도,시흥시,은행동,,4139054000,경기도 시흥시 은행동,경기도,시흥시,은행동
병원,920337037,서울바른정치과의원,"의료,건강 > 병원 > 치과",치과,HP8,031-404-2804,경기 시흥시 은행동 646-8,경기 시흥시 은계번영길 19,126.8030405,37.43726499,http://place.map.kakao.com/920337037,4139010600,경기도 시흥시 은행동,경기도,시흥시,은행동,,4139054000,경기도 시흥시 은행동,경기도,시흥시,은행동
병원,27564385,서울열린내과의원,"의료,건강 > 병원 > 내과",내과,HP8,031-404-7533,경기 시흥시 은행동 528-1,경기 시흥시 대은로 100,126.7993806,37.44529227,http://place.map.kakao.com/27564385,4139010600,경기도 시흥시 은행동,경기도,시흥시,은행동,,4139054000,경기도 시흥시 은행동,경기도,시흥시,은행동
병원,1069839233,성모퍼스트내과의원,"의료,건강 > 병원 > 내과",내과,HP8,031-311-7511,경기 시흥시 은행동 646-4,경기 시흥시 은계번영길 9,126.8016354,37.43747077,http://place.map.kakao.com/1069839233,4139010600,경기도 시흥시 은행동,경기도,시흥시,은행동,,4139054000,경기도 시흥시 은행동,경기도,시흥시,은행동
병원,187474126,세영한방병원,"의료,건강 > 병원 > 한방병원",기타,HP8,031-315-5995,경기 시흥시 은행동 529-6,경기 시흥시 은행로 154,126.7995934,37.44474211,http://place.map.kakao.com/187474126,4139010600,경기도 시흥시 은행동,경기도,시흥시,은행동,,4139054000,경기도 시흥시 은행동,경기도,시흥시,은행동
병원,11984436,소망치과의원,"의료,건강 > 병원 > 치과",치과,HP8,031-318-2873,경기 시흥시 은행동 536-3,경기 시흥시 대은로 80,126.79739,37.44425451,http://place.map.kakao.com/11984436,4139010600,경기도 시흥시 은행동,경기도,시흥시,은행동,,4139054000,경기도 시흥시 은행동,경기도,시흥시,은행동
병원,9158968,수치과의원,"의료,건강 > 병원 > 치과",치과,HP8,031-311-2879,경기 시흥시 은행동 547-7,경기 시흥시 은행로 92,126.7975107,37.43971722,http://place.map.kakao.com/9158968,4139010600,경기도 시흥시 은행동,경기도,시흥시,은행동,,4139054000,경기도 시흥시 은행동,경기도,시흥시,은행동
병원,1012398029,숨앤소리이비인후과의원,"의료,건강 > 병원 > 이비인후과",내과,HP8,031-507-5123,경기 시흥시 은행동 646-8,경기 시흥시 은계번영길 19,126.8030179,37.43727937,http://place.map.kakao.com/1012398029,4139010600,경기도 시흥시 은행동,경기도,시흥시,은행동,,4139054000,경기도 시흥시 은행동,경기도,시흥시,은행동
병원,1899755680,시흥본치과의원,"의료,건강 > 병원 > 치과",치과,HP8,031-311-2872,경기 시흥시 은행동 530-3,경기 시흥시 은행로 149,126.799261,37.44439457,http://place.map.kakao.com/1899755680,4139010600,경기도 시흥시 은행동,경기도,시흥시,은행동,,4139054000,경기도 시흥시 은행동,경기도,시흥시,은행동
병원,10757653,시흥사과나무치과의원,"의료,건강 > 병원 > 치과",치과,HP8,031-315-2845,경기 시흥시 은행동 532-1,경기 시흥시 대은로 90,126.7983654,37.44460577,http://place.map.kakao.com/10757653,4139010600,경기도 시흥시 은행동,경기도,시흥시,은행동,,4139054000,경기도 시흥시 은행동,경기도,시흥시,은행동
병원,13011117,시흥조아치과의원,"의료,건강 > 병원 > 치과",치과,HP8,031-318-9916,경기 시흥시 은행동 547-4,경기 시흥시 은행로 86,126.7971368,37.43925525,http://place.map.kakao.com/13011117,4139010600,경기도 시흥시 은행동,경기도,시흥시,은행동,,4139054000,경기도 시흥시 은행동,경기도,시흥시,은행동
병원,10603018,신이비인후과의원,"의료,건강 > 병원 > 이비인후과",내과,HP8,031-318-6577,경기 시흥시 은행동 532-2,경기 시흥시 대은로 90,126.7983743,37.44467427,http://place.map.kakao.com/10603018,4139010600,경기도 시흥시 은행동,경기도,시흥시,은행동,,4139054000,경기도 시흥시 은행동,경기도,시흥시,은행동
병원,571359773,에코이비인후과의원,"의료,건강 > 병원 > 이비인후과",내과,HP8,031-504-3838,경기 시흥시 은행동 646-5,경기 시흥시 은계번영길 11,126.80215986762228,37.43742029425086,http://place.map.kakao.com/571359773,4139010600,경기도 시흥시 은행동,경기도,시흥시,은행동,,4139054000,경기도 시흥시 은행동,경기도,시흥시,은행동
병원,737089489,연세드림내과의원,"의료,건강 > 병원 > 내과",내과,HP8,031-316-8275,경기 시흥시 은행동 646,경기 시흥시 은계번영길 1,126.80158236938455,37.436599403205456,http://place.map.kakao.com/737089489,4139010600,경기도 시흥시 은행동,경기도,시흥시,은행동,,4139054000,경기도 시흥시 은행동,경기도,시흥시,은행동
병원,962743793,연세디에이지의원,"의료,건강 > 병원 > 피부과",피부과,HP8,031-318-1013,경기 시흥시 은행동 646-4,경기 시흥시 은계번영길 9,126.8016342,37.43751492,http://place.map.kakao.com/962743793,4139010600,경기도 시흥시 은행동,경기도,시흥시,은행동,,4139054000,경기도 시흥시 은행동,경기도,시흥시,은행동
병원,10657841,연세화이트치과의원,"의료,건강 > 병원 > 치과",치과,HP8,031-404-7575,경기 시흥시 은행동 528-1,경기 시흥시 대은로 100,126.7993626,37.44529224,http://place.map.kakao.com/10657841,4139010600,경기도 시흥시 은행동,경기도,시흥시,은행동,,4139054000,경기도 시흥시 은행동,경기도,시흥시,은행동
병원,1845217670,올스마일치과 시흥점,"의료,건강 > 병원 > 치과",치과,HP8,031-313-2804,경기 시흥시 은행동 646-6,경기 시흥시 은계번영길 13,126.8025634,37.43735339,http://place.map.kakao.com/1845217670,4139010600,경기도 시흥시 은행동,경기도,시흥시,은행동,,4139054000,경기도 시흥시 은행동,경기도,시흥시,은행동
병원,1451771374,은계두리이비인후과,"의료,건강 > 병원 > 이비인후과",내과,HP8,031-365-4750,경기 시흥시 은행동 646-10,경기 시흥시 은계번영길 23,126.8039709,37.43710796,http://place.map.kakao.com/1451771374,4139010600,경기도 시흥시 은행동,경기도,시흥시,은행동,,4139054000,경기도 시흥시 은행동,경기도,시흥시,은행동
병원,1834166830,은계바른정형외과의원,"의료,건강 > 병원 > 정형외과",정형외과,HP8,031-312-8252,경기 시흥시 은행동 646-4,경기 시흥시 은계번영길 9,126.8016252,37.4375095,http://place.map.kakao.com/1834166830,4139010600,경기도 시흥시 은행동,경기도,시흥시,은행동,,4139054000,경기도 시흥시 은행동,경기도,시흥시,은행동
병원,1427247128,은계새미소치과의원,"의료,건강 > 병원 > 치과",치과,HP8,031-311-1434,경기 시흥시 은행동 646-10,경기 시흥시 은계번영길 23,126.8039222,37.43712229,http://place.map.kakao.com/1427247128,4139010600,경기도 시흥시 은행동,경기도,시흥시,은행동,,4139054000,경기도 시흥시 은행동,경기도,시흥시,은행동
병원,1294584898,은계성모정형외과의원,"의료,건강 > 병원 > 정형외과",정형외과,HP8,031-503-7575,경기 시흥시 은행동 646-10,경기 시흥시 은계번영길 23,126.8039222,37.43712229,http://place.map.kakao.com/1294584898,4139010600,경기도 시흥시 은행동,경기도,시흥시,은행동,,4139054000,경기도 시흥시 은행동,경기도,시흥시,은행동
병원,268690002,은계스마트치과의원,"의료,건강 > 병원 > 치과",치과,HP8,031-504-5445,경기 시흥시 은행동 646,경기 시흥시 은계번영길 1,126.80160959246535,37.43655980426645,http://place.map.kakao.com/268690002,4139010600,경기도 시흥시 은행동,경기도,시흥시,은행동,,4139054000,경기도 시흥시 은행동,경기도,시흥시,은행동
병원,466113708,은계아이빛주니어치과의원,"의료,건강 > 병원 > 치과",치과,HP8,031-311-2275,경기 시흥시 은행동 646-8,경기 시흥시 은계번영길 19,126.8030405,37.43726499,http://place.map.kakao.com/466113708,4139010600,경기도 시흥시 은행동,경기도,시흥시,은행동,,4139054000,경기도 시흥시 은행동,경기도,시흥시,은행동
병원,465444367,은계연세이비인후과의원,"의료,건강 > 병원 > 이비인후과",내과,HP8,031-504-3100,경기 시흥시 은행동 646,경기 시흥시 은계번영길 1,126.80161645768729,37.43652737927039,http://place.map.kakao.com/465444367,4139010600,경기도 시흥시 은행동,경기도,시흥시,은행동,,4139054000,경기도 시흥시 은행동,경기도,시흥시,은행동
병원,1490193918,은계이엠365의원,"의료,건강 > 병원 > 일반의원",기타,HP8,031-317-9111,경기 시흥시 은행동 93-3,경기 시흥시 은행고길 28,126.7993283,37.44076369,http://place.map.kakao.com/1490193918,4139010600,경기도 시흥시 은행동,경기도,시흥시,은행동,,4139054000,경기도 시흥시 은행동,경기도,시흥시,은행동
병원,1104568313,은계코아이비인후과의원,"의료,건강 > 병원 > 이비인후과",내과,HP8,031-506-2772,경기 시흥시 은행동 646-6,경기 시흥시 은계번영길 13,126.80257477124171,37.437339896686154,http://place.map.kakao.com/1104568313,4139010600,경기도 시흥시 은행동,경기도,시흥시,은행동,,4139054000,경기도 시흥시 은행동,경기도,시흥시,은행동
병원,674207787,은계탑내과의원,"의료,건강 > 병원 > 내과",내과,HP8,031-509-7577,경기 시흥시 은행동 611,경기 시흥시 은계로 260,126.80313245058645,37.44486969754077,http://place.map.kakao.com/674207787,4139010600,경기도 시흥시 은행동,경기도,시흥시,은행동,,4139054000,경기도 시흥시 은행동,경기도,시흥시,은행동
병원,206267070,은계퍼스트치과의원,"의료,건강 > 병원 > 치과",치과,HP8,031-504-7528,경기 시흥시 은행동 646-5,경기 시흥시 은계번영길 11,126.80218432804494,37.43757170557772,http://place.map.kakao.com/206267070,4139010600,경기도 시흥시 은행동,경기도,시흥시,은행동,,4139054000,경기도 시흥시 은행동,경기도,시흥시,은행동
병원,564438353,은계하나내과의원,"의료,건강 > 병원 > 내과",내과,HP8,031-317-2111,경기 시흥시 은행동 646-8,경기 시흥시 은계번영길 19,126.8030405,37.43726499,http://place.map.kakao.com/564438353,4139010600,경기도 시흥시 은행동,경기도,시흥시,은행동,,4139054000,경기도 시흥시 은행동,경기도,시흥시,은행동
병원,14552451,이바로치과교정과치과의원,"의료,건강 > 병원 > 치과",치과,HP8,031-315-2885,경기 시흥시 은행동 646-4,경기 시흥시 은계번영길 9,126.80163419013735,37.43751492073528,http://place.map.kakao.com/14552451,4139010600,경기도 시흥시 은행동,경기도,시흥시,은행동,,4139054000,경기도 시흥시 은행동,경기도,시흥시,은행동
병원,118505966,클리어치과교정과치과의원,"의료,건강 > 병원 > 치과",치과,HP8,031-314-2822,경기 시흥시 은행동 649,경기 시흥시 수인로 3245,126.7980072,37.43830527,http://place.map.kakao.com/118505966,4139010600,경기도 시흥시 은행동,경기도,시흥시,은행동,,4139054000,경기도 시흥시 은행동,경기도,시흥시,은행동
병원,1539155091,클리어치과의원,"의료,건강 > 병원 > 치과",치과,HP8,0507-1402-2822,경기 시흥시 은행동 649,경기 시흥시 수인로 3245,126.7980071751229,37.43830527469701,http://place.map.kakao.com/1539155091,4139010600,경기도 시흥시 은행동,경기도,시흥시,은행동,,4139054000,경기도 시흥시 은행동,경기도,시흥시,은행동
병원,786923314,프렌즈의원,"의료,건강 > 병원 > 소아청소년과",기타,HP8,031-314-3377,경기 시흥시 은행동 618-1,경기 시흥시 수인로 3244,126.7984632,37.43889982,http://place.map.kakao.com/786923314,4139010600,경기도 시흥시 은행동,경기도,시흥시,은행동,,4139054000,경기도 시흥시 은행동,경기도,시흥시,은행동
병원,499779175,피오라의원,"의료,건강 > 병원 > 피부과",피부과,HP8,031-317-3117,경기 시흥시 은행동 646-8,경기 시흥시 은계번영길 19,126.80301561547864,37.43727756118248,http://place.map.kakao.com/499779175,4139010600,경기도 시흥시 은행동,경기도,시흥시,은행동,,4139054000,경기도 시흥시 은행동,경기도,시흥시,은행동
병원,14648388,하늘빛요양원 1호점,"의료,건강 > 병원 > 노인,요양병원",기타,HP8,031-313-2280,경기 시흥시 은행동 536-3,경기 시흥시 대은로 80,126.7974036,37.44424733,http://place.map.kakao.com/14648388,4139010600,경기도 시흥시 은행동,경기도,시흥시,은행동,,4139054000,경기도 시흥시 은행동,경기도,시흥시,은행동
병원,222223194,늘편한의원,"의료,건강 > 병원 > 일반의원",기타,HP8,031-503-6500,경기 시흥시 매화동 368-6,경기 시흥시 매화2로 34,126.8111361,37.41721798,http://place.map.kakao.com/222223194,4139010800,경기도 시흥시 매화동,경기도,시흥시,매화동,,4139055000,경기도 시흥시 매화동,경기도,시흥시,매화동
병원,9022129,매화 가정의학과의원,"의료,건강 > 병원 > 가정의학과",기타,HP8,031-313-2202,경기 시흥시 매화동 199-1,경기 시흥시 매화1로 3,126.8147402757681,37.41560635787504,http://place.map.kakao.com/9022129,4139010800,경기도 시흥시 매화동,경기도,시흥시,매화동,,4139055000,경기도 시흥시 매화동,경기도,시흥시,매화동
병원,1846174211,매화치과의원,"의료,건강 > 병원 > 치과",치과,HP8,031-313-3545,경기 시흥시 매화동 199-2,경기 시흥시 매화로 46,126.8144795,37.41554738,http://place.map.kakao.com/1846174211,4139010800,경기도 시흥시 매화동,경기도,시흥시,매화동,,4139055000,경기도 시흥시 매화동,경기도,시흥시,매화동
병원,9019838,박애의원,"의료,건강 > 병원 > 일반의원",기타,HP8,031-315-4115,경기 시흥시 매화동 247-2,경기 시흥시 매화2로 3,126.8138551,37.41588518,http://place.map.kakao.com/9019838,4139010800,경기도 시흥시 매화동,경기도,시흥시,매화동,,4139055000,경기도 시흥시 매화동,경기도,시흥시,매화동
병원,1680175658,예스플러스치과,"의료,건강 > 병원 > 치과",치과,HP8,031-315-5772,경기 시흥시 매화동 199-1,경기 시흥시 매화1로 3,126.8146917,37.41560898,http://place.map.kakao.com/1680175658,4139010800,경기도 시흥시 매화동,경기도,시흥시,매화동,,4139055000,경기도 시흥시 매화동,경기도,시흥시,매화동
병원,1371405811,365이지힐링의원,"의료,건강 > 병원 > 내과",내과,HP8,031-413-0365,경기 시흥시 산현동 506,경기 시흥시 산현마을길 58,126.8452314,37.37645038,http://place.map.kakao.com/1371405811,4139012300,경기도 시흥시 산현동,경기도,시흥시,산현동,,4139057000,경기도 시흥시 목감동,경기도,시흥시,목감동
병원,2075242817,목감호수치과의원,"의료,건강 > 병원 > 치과",치과,HP8,031-8088-7528,경기 시흥시 산현동 506,경기 시흥시 산현마을길 58,126.8452314,37.37645038,http://place.map.kakao.com/2075242817,4139012300,경기도 시흥시 산현동,경기도,시흥시,산현동,,4139057000,경기도 시흥시 목감동,경기도,시흥시,목감동
병원,2036388203,건강한정형외과의원,"의료,건강 > 병원 > 정형외과",정형외과,HP8,031-411-7333,경기 시흥시 목감동 408,경기 시흥시 목감우회로 51,126.8619939,37.38220614,http://place.map.kakao.com/2036388203,4139012400,경기도 시흥시 조남동,경기도,시흥시,조남동,,4139057000,경기도 시흥시 목감동,경기도,시흥시,목감동
병원,410159072,목감365치과의원,"의료,건강 > 병원 > 치과",치과,HP8,031-475-0365,경기 시흥시 목감동 403-2,경기 시흥시 목감우회로 45,126.86088089021831,37.38202643804845,http://place.map.kakao.com/410159072,4139012400,경기도 시흥시 조남동,경기도,시흥시,조남동,,4139057000,경기도 시흥시 목감동,경기도,시흥시,목감동
병원,364984916,목감마음속내과의원,"의료,건강 > 병원 > 내과",내과,HP8,031-504-4020,경기 시흥시 목감동 408,경기 시흥시 목감우회로 51,126.86176352047785,37.382213083874106,http://place.map.kakao.com/364984916,4139012400,경기도 시흥시 조남동,경기도,시흥시,조남동,,4139057000,경기도 시흥시 목감동,경기도,시흥시,목감동
병원,1524871745,목감맑은피부과의원,"의료,건강 > 병원 > 피부과",피부과,HP8,031-439-0209,경기 시흥시 목감동 408,경기 시흥시 목감우회로 51,126.8619577,37.38225656,http://place.map.kakao.com/1524871745,4139012400,경기도 시흥시 조남동,경기도,시흥시,조남동,,4139057000,경기도 시흥시 목감동,경기도,시흥시,목감동
병원,140967131,목감바른치과의원,"의료,건강 > 병원 > 치과",치과,HP8,031-481-9975,경기 시흥시 조남동 657,경기 시흥시 목감남서로 9-27,126.85342533905242,37.37794661,http://place.map.kakao.com/140967131,4139012400,경기도 시흥시 조남동,경기도,시흥시,조남동,,4139057000,경기도 시흥시 목감동,경기도,시흥시,목감동
병원,71610808,목감연세내과의원,"의료,건강 > 병원 > 내과",내과,HP8,031-411-0818,경기 시흥시 조남동 657-1,경기 시흥시 목감남서로 9-19,126.85276516637575,37.37777909816154,http://place.map.kakao.com/71610808,4139012400,경기도 시흥시 조남동,경기도,시흥시,조남동,,4139057000,경기도 시흥시 목감동,경기도,시흥시,목감동
병원,1944256646,목감연세치과의원,"의료,건강 > 병원 > 치과",치과,HP8,031-439-2080,경기 시흥시 목감동 408,경기 시흥시 목감우회로 51,126.86195878090827,37.38225566004467,http://place.map.kakao.com/1944256646,4139012400,경기도 시흥시 조남동,경기도,시흥시,조남동,,4139057000,경기도 시흥시 목감동,경기도,시흥시,목감동
병원,1715025035,서울감동치과의원 목감점,"의료,건강 > 병원 > 치과",치과,HP8,031-504-2750,경기 시흥시 목감동 396-20,경기 시흥시 목감우회로 39,126.8601339,37.38177507,http://place.map.kakao.com/1715025035,4139012400,경기도 시흥시 조남동,경기도,시흥시,조남동,,4139057000,경기도 시흥시 목감동,경기도,시흥시,목감동
병원,1975763872,서울미소치과의원,"의료,건강 > 병원 > 치과",치과,HP8,031-503-3377,경기 시흥시 조남동 659,경기 시흥시 목감남서로 9-7,126.8516287,37.3775299,http://place.map.kakao.com/1975763872,4139012400,경기도 시흥시 조남동,경기도,시흥시,조남동,,4139057000,경기도 시흥시 목감동,경기도,시흥시,목감동
병원,909623278,서울아산이비인후과,"의료,건강 > 병원 > 이비인후과",내과,HP8,031-411-0871,경기 시흥시 목감동 408,경기 시흥시 목감우회로 51,126.86195878090741,37.38225566005348,http://place.map.kakao.com/909623278,4139012400,경기도 시흥시 조남동,경기도,시흥시,조남동,,4139057000,경기도 시흥시 목감동,경기도,시흥시,목감동
병원,305368428,성모날개정형외과의원,"의료,건강 > 병원 > 정형외과",정형외과,HP8,031-411-7588,경기 시흥시 조남동 654,경기 시흥시 목감남서로 9-33,126.8533252,37.37833933,http://place.map.kakao.com/305368428,4139012400,경기도 시흥시 조남동,경기도,시흥시,조남동,,4139057000,경기도 시흥시 목감동,경기도,시흥시,목감동
병원,663468449,시흥코아이비인후과의원,"의료,건강 > 병원 > 이비인후과",내과,HP8,031-411-9111,경기 시흥시 조남동 657,경기 시흥시 목감남서로 9-27,126.85343775692978,37.37794752404528,http://place.map.kakao.com/663468449,4139012400,경기도 시흥시 조남동,경기도,시흥시,조남동,,4139057000,경기도 시흥시 목감동,경기도,시흥시,목감동
병원,289040512,심편한내과의원,"의료,건강 > 병원 > 내과",내과,HP8,031-484-7700,경기 시흥시 조남동 711,경기 시흥시 수풀안길 14-22,126.862008,37.38124837,http://place.map.kakao.com/289040512,4139012400,경기도 시흥시 조남동,경기도,시흥시,조남동,,4139057000,경기도 시흥시 목감동,경기도,시흥시,목감동
병원,849682290,아이조은 행복쑥쑥 소아청소년과의원,"의료,건강 > 병원 > 소아청소년과",기타,HP8,031-439-0045,경기 시흥시 조남동 657-2,경기 시흥시 목감남서로 9-15,126.8524142,37.37771108,http://place.map.kakao.com/849682290,4139012400,경기도 시흥시 조남동,경기도,시흥시,조남동,,4139057000,경기도 시흥시 목감동,경기도,시흥시,목감동
병원,1128885599,아이조은365연합소아청소년과의원,"의료,건강 > 병원 > 소아청소년과",기타,HP8,031-439-8838,경기 시흥시 조남동 677,경기 시흥시 목감중앙로 47,126.85472437040866,37.37353138911487,http://place.map.kakao.com/1128885599,4139012400,경기도 시흥시 조남동,경기도,시흥시,조남동,,4139057000,경기도 시흥시 목감동,경기도,시흥시,목감동
병원,590488143,엠에스안과 목감점,"의료,건강 > 병원 > 안과",기타,HP8,031-604-1001,경기 시흥시 목감동 408,경기 시흥시 목감우회로 51,126.86195313694733,37.38225475244204,http://place.map.kakao.com/590488143,4139012400,경기도 시흥시 조남동,경기도,시흥시,조남동,,4139057000,경기도 시흥시 목감동,경기도,시흥시,목감동
병원,670194349,연세엘소아청소년과의원,"의료,건강 > 병원 > 소아청소년과",기타,HP8,031-414-1010,경기 시흥시 조남동 657-1,경기 시흥시 목감남서로 9-19,126.85269180424801,37.37776549144758,http://place.map.kakao.com/670194349,4139012400,경기도 시흥시 조남동,경기도,시흥시,조남동,,4139057000,경기도 시흥시 목감동,경기도,시흥시,목감동
병원,1162670775,연세은혜산부인과의원,"의료,건강 > 병원 > 산부인과",산부인과,HP8,031-364-8175,경기 시흥시 조남동 657-1,경기 시흥시 목감남서로 9-19,126.85276516813708,37.377778197139726,http://place.map.kakao.com/1162670775,4139012400,경기도 시흥시 조남동,경기도,시흥시,조남동,,4139057000,경기도 시흥시 목감동,경기도,시흥시,목감동
병원,1074865665,우리들치과의원,"의료,건강 > 병원 > 치과",치과,HP8,031-475-2828,경기 시흥시 조남동 657-1,경기 시흥시 목감남서로 9-19,126.85277192661444,37.37778631,http://place.map.kakao.com/1074865665,4139012400,경기도 시흥시 조남동,경기도,시흥시,조남동,,4139057000,경기도 시흥시 목감동,경기도,시흥시,목감동
병원,1995270948,정샘소아청소년과의원,"의료,건강 > 병원 > 소아청소년과",기타,HP8,031-413-5575,경기 시흥시 조남동 657,경기 시흥시 목감남서로 9-27,126.8534344,37.37794662,http://place.map.kakao.com/1995270948,4139012400,경기도 시흥시 조남동,경기도,시흥시,조남동,,4139057000,경기도 시흥시 목감동,경기도,시흥시,목감동
병원,1691649646,호소아청소년과의원,"의료,건강 > 병원 > 소아청소년과",기타,HP8,031-403-0077,경기 시흥시 목감동 403-1,경기 시흥시 목감우회로 39,126.8603369,37.38189785,http://place.map.kakao.com/1691649646,4139012400,경기도 시흥시 조남동,경기도,시흥시,조남동,,4139057000,경기도 시흥시 목감동,경기도,시흥시,목감동
병원,10336556,목감성모의원,"의료,건강 > 병원 > 일반의원",기타,HP8,031-482-6965,경기 시흥시 논곡동 160-31,경기 시흥시 수인로2421번길 109,126.86052443446032,37.387325835714414,http://place.map.kakao.com/10336556,4139012500,경기도 시흥시 논곡동,경기도,시흥시,논곡동,,4139057000,경기도 시흥시 목감동,경기도,시흥시,목감동
병원,9333048,이선수치과의원,"의료,건강 > 병원 > 치과",치과,HP8,031-482-2875,경기 시흥시 논곡동 160-31,경기 시흥시 수인로2421번길 109,126.8604984,37.38735464,http://place.map.kakao.com/9333048,4139012500,경기도 시흥시 논곡동,경기도,시흥시,논곡동,,4139057000,경기도 시흥시 목감동,경기도,시흥시,목감동
병원,9007322,목감열린치과의원,"의료,건강 > 병원 > 치과",치과,HP8,031-480-7528,경기 시흥시 목감동 240-5,경기 시흥시 동서로 1086,126.86023591111231,37.38581177685779,http://place.map.kakao.com/9007322,4139012600,경기도 시흥시 목감동,경기도,시흥시,목감동,,4139057000,경기도 시흥시 목감동,경기도,시흥시,목감동
병원,1167636774,목감정형외과의원,"의료,건강 > 병원 > 정형외과",정형외과,HP8,031-480-0911,경기 시흥시 목감동 202-23,경기 시흥시 동서로 1106,126.86128878553693,37.38738980633751,http://place.map.kakao.com/1167636774,4139012600,경기도 시흥시 목감동,경기도,시흥시,목감동,,4139057000,경기도 시흥시 목감동,경기도,시흥시,목감동
병원,22728236,SJ길비뇨기과의원,"의료,건강 > 병원 > 비뇨기과",기타,HP8,031-494-7282,경기 시흥시 거모동 1733-8,경기 시흥시 군자로 502,126.7845468,37.3452601,http://place.map.kakao.com/22728236,4139012700,경기도 시흥시 거모동,경기도,시흥시,거모동,,4139058100,경기도 시흥시 군자동,경기도,시흥시,군자동
병원,9661965,권내과의원,"의료,건강 > 병원 > 내과",내과,HP8,031-493-2007,경기 시흥시 거모동 1733-8,경기 시흥시 군자로 502,126.78455587729992,37.3452493,http://place.map.kakao.com/9661965,4139012700,경기도 시흥시 거모동,경기도,시흥시,거모동,,4139058100,경기도 시흥시 군자동,경기도,시흥시,군자동
병원,8692209,김경범소아과,"의료,건강 > 병원 > 소아청소년과",기타,HP8,031-491-5275,경기 시흥시 거모동 1754-5,경기 시흥시 도일로135번길 4,126.7845319,37.3425714,http://place.map.kakao.com/8692209,4139012700,경기도 시흥시 거모동,경기도,시흥시,거모동,,4139058100,경기도 시흥시 군자동,경기도,시흥시,군자동
병원,8208356,김정수 이비인후과의원,"의료,건강 > 병원 > 이비인후과",내과,HP8,031-491-4550,경기 시흥시 거모동 1742-5,경기 시흥시 군자로 514,126.7848742,37.34444256,http://place.map.kakao.com/8208356,4139012700,경기도 시흥시 거모동,경기도,시흥시,거모동,,4139058100,경기도 시흥시 군자동,경기도,시흥시,군자동
병원,13516545,도일마취통증의학과의원,"의료,건강 > 병원 > 통증클리닉",기타,HP8,031-495-1583,경기 시흥시 거모동 1754-5,경기 시흥시 도일로135번길 4,126.7845997,37.3425427,http://place.map.kakao.com/13516545,4139012700,경기도 시흥시 거모동,경기도,시흥시,거모동,,4139058100,경기도 시흥시 군자동,경기도,시흥시,군자동
병원,8893039,도일아나파 치과의원,"의료,건강 > 병원 > 치과",치과,HP8,031-439-2500,경기 시흥시 거모동 1742-1,경기 시흥시 군자로504번길 1,126.7843988,37.34493906,http://place.map.kakao.com/8893039,4139012700,경기도 시흥시 거모동,경기도,시흥시,거모동,,4139058100,경기도 시흥시 군자동,경기도,시흥시,군자동
병원,9793223,도일의원,"의료,건강 > 병원 > 일반의원",기타,HP8,031-495-8738,경기 시흥시 거모동 1742-4,경기 시흥시 군자로 514,126.7848881,37.34430924,http://place.map.kakao.com/9793223,4139012700,경기도 시흥시 거모동,경기도,시흥시,거모동,,4139058100,경기도 시흥시 군자동,경기도,시흥시,군자동
병원,9877511,미래치과의원,"의료,건강 > 병원 > 치과",치과,HP8,031-492-2888,경기 시흥시 거모동 1756-7,경기 시흥시 도일로 143,126.7851175,37.34301938,http://place.map.kakao.com/9877511,4139012700,경기도 시흥시 거모동,경기도,시흥시,거모동,,4139058100,경기도 시흥시 군자동,경기도,시흥시,군자동
병원,11062813,미소드림치과,"의료,건강 > 병원 > 치과",치과,HP8,031-492-6222,경기 시흥시 거모동 1756-6,경기 시흥시 군자로 526,126.7852022,37.34338355,http://place.map.kakao.com/11062813,4139012700,경기도 시흥시 거모동,경기도,시흥시,거모동,,4139058100,경기도 시흥시 군자동,경기도,시흥시,군자동
병원,9011353,밝은아이안과의원,"의료,건강 > 병원 > 안과",기타,HP8,031-493-7582,경기 시흥시 거모동 1733-8,경기 시흥시 군자로 502,126.7845514,37.3452529,http://place.map.kakao.com/9011353,4139012700,경기도 시흥시 거모동,경기도,시흥시,거모동,,4139058100,경기도 시흥시 군자동,경기도,시흥시,군자동
병원,9837053,보람의원,"의료,건강 > 병원 > 일반의원",기타,HP8,031-508-4999,경기 시흥시 거모동 1756-1,경기 시흥시 군자로 520,126.7848666,37.34394158,http://place.map.kakao.com/9837053,4139012700,경기도 시흥시 거모동,경기도,시흥시,거모동,,4139058100,경기도 시흥시 군자동,경기도,시흥시,군자동
병원,665397766,서울삼성치과의원,"의료,건강 > 병원 > 치과",치과,HP8,031-495-2875,경기 시흥시 거모동 1754-5,경기 시흥시 도일로135번길 4,126.7846041,37.34258956,http://place.map.kakao.com/665397766,4139012700,경기도 시흥시 거모동,경기도,시흥시,거모동,,4139058100,경기도 시흥시 군자동,경기도,시흥시,군자동
병원,568837787,서울이편한필치과의원,"의료,건강 > 병원 > 치과",치과,HP8,031-491-7582,경기 시흥시 거모동 1656-8,경기 시흥시 도일로124번길 2,126.7841698,37.34135976,http://place.map.kakao.com/568837787,4139012700,경기도 시흥시 거모동,경기도,시흥시,거모동,,4139058100,경기도 시흥시 군자동,경기도,시흥시,군자동
병원,7961370,송지연소아청소년과,"의료,건강 > 병원 > 소아청소년과",기타,HP8,031-494-8681,경기 시흥시 거모동 1742-4,경기 시흥시 군자로 514,126.7848606,37.34444975,http://place.map.kakao.com/7961370,4139012700,경기도 시흥시 거모동,경기도,시흥시,거모동,,4139058100,경기도 시흥시 군자동,경기도,시흥시,군자동
병원,707159295,우리서울내과의원,"의료,건강 > 병원 > 내과",내과,HP8,031-8042-7559,경기 시흥시 거모동 1656-8,경기 시흥시 도일로124번길 2,126.7841698,37.34135796,http://place.map.kakao.com/707159295,4139012700,경기도 시흥시 거모동,경기도,시흥시,거모동,,4139058100,경기도 시흥시 군자동,경기도,시흥시,군자동
병원,8520775,중앙정형외과의원,"의료,건강 > 병원 > 정형외과",정형외과,HP8,031-494-1192,경기 시흥시 거모동 1771-6,경기 시흥시 도일로124번길 3,126.7842096,37.34163735,http://place.map.kakao.com/8520775,4139012700,경기도 시흥시 거모동,경기도,시흥시,거모동,,4139058100,경기도 시흥시 군자동,경기도,시흥시,군자동
병원,1113137945,혜민한방병원 시흥점,"의료,건강 > 병원 > 한방병원",기타,HP8,031-504-7272,경기 시흥시 거모동 1756-6,경기 시흥시 군자로 526,126.7852242,37.34318536,http://place.map.kakao.com/1113137945,4139012700,경기도 시흥시 거모동,경기도,시흥시,거모동,,4139058100,경기도 시흥시 군자동,경기도,시흥시,군자동
병원,9660301,굿모닝치과의원,"의료,건강 > 병원 > 치과",치과,HP8,031-404-1879,경기 시흥시 월곶동 1009-2,경기 시흥시 월곶중앙로 58,126.73900677632659,37.38894104,http://place.map.kakao.com/9660301,4139013100,경기도 시흥시 월곶동,경기도,시흥시,월곶동,,4139058200,경기도 시흥시 월곶동,경기도,시흥시,월곶동
병원,8814198,김영준내과의원,"의료,건강 > 병원 > 내과",내과,HP8,031-317-6860,경기 시흥시 월곶동 1009-3,경기 시흥시 월곶중앙로 58,126.7391267,37.38887553,http://place.map.kakao.com/8814198,4139013100,경기도 시흥시 월곶동,경기도,시흥시,월곶동,,4139058200,경기도 시흥시 월곶동,경기도,시흥시,월곶동
병원,637706647,마음한방병원,"의료,건강 > 병원 > 한방병원",기타,HP8,031-8042-7584,경기 시흥시 월곶동 991-28,경기 시흥시 월곶중앙로14번길 68,126.7417195,37.3921312,http://place.map.kakao.com/637706647,4139013100,경기도 시흥시 월곶동,경기도,시흥시,월곶동,,4139058200,경기도 시흥시 월곶동,경기도,시흥시,월곶동
병원,9107076,서울드림치과의원,"의료,건강 > 병원 > 치과",치과,HP8,031-435-4428,경기 시흥시 월곶동 1010-4,경기 시흥시 월곶중앙로70번길 3,126.7380539,37.38954352,http://place.map.kakao.com/9107076,4139013100,경기도 시흥시 월곶동,경기도,시흥시,월곶동,,4139058200,경기도 시흥시 월곶동,경기도,시흥시,월곶동
병원,1104104647,서울안녕내과의원,"의료,건강 > 병원 > 내과",내과,HP8,031-316-8857,경기 시흥시 월곶동 1008,경기 시흥시 월곶중앙로58번길 5-6,126.73875868489189,37.38949462211839,http://place.map.kakao.com/1104104647,4139013100,경기도 시흥시 월곶동,경기도,시흥시,월곶동,,4139058200,경기도 시흥시 월곶동,경기도,시흥시,월곶동
병원,18285625,아산드림소아청소년과의원,"의료,건강 > 병원 > 소아청소년과",기타,HP8,031-435-0505,경기 시흥시 월곶동 1010-4,경기 시흥시 월곶중앙로70번길 3,126.73818357229155,37.38959066042727,http://place.map.kakao.com/18285625,4139013100,경기도 시흥시 월곶동,경기도,시흥시,월곶동,,4139058200,경기도 시흥시 월곶동,경기도,시흥시,월곶동
병원,13553104,연세사랑 의원,"의료,건강 > 병원 > 일반의원",기타,HP8,031-435-0970,경기 시흥시 월곶동 994-1,경기 시흥시 월곶중앙로30번길 4,126.7423336,37.38758509,http://place.map.kakao.com/13553104,4139013100,경기도 시흥시 월곶동,경기도,시흥시,월곶동,,4139058200,경기도 시흥시 월곶동,경기도,시흥시,월곶동
병원,1726148260,열린이비인후과의원,"의료,건강 > 병원 > 이비인후과",내과,HP8,031-318-7275,경기 시흥시 월곶동 1010-4,경기 시흥시 월곶중앙로70번길 3,126.73817220171577,37.38961316076453,http://place.map.kakao.com/1726148260,4139013100,경기도 시흥시 월곶동,경기도,시흥시,월곶동,,4139058200,경기도 시흥시 월곶동,경기도,시흥시,월곶동
병원,786699812,월곶바른치과,"의료,건강 > 병원 > 치과",치과,HP8,,경기 시흥시 월곶동 1014-1,경기 시흥시 월곶중앙로 63,126.7380611,37.38877226,http://place.map.kakao.com/786699812,4139013100,경기도 시흥시 월곶동,경기도,시흥시,월곶동,,4139058200,경기도 시흥시 월곶동,경기도,시흥시,월곶동
병원,13553103,이신우가정의학과의원,"의료,건강 > 병원 > 통증클리닉",기타,HP8,031-317-3993,경기 시흥시 월곶동 1010-4,경기 시흥시 월곶중앙로70번길 3,126.73792235767388,37.38937023279653,http://place.map.kakao.com/13553103,4139013100,경기도 시흥시 월곶동,경기도,시흥시,월곶동,,4139058200,경기도 시흥시 월곶동,경기도,시흥시,월곶동
병원,1950103175,파티마외과의원,"의료,건강 > 병원 > 외과",기타,HP8,031-317-4341,경기 시흥시 월곶동 1010-4,경기 시흥시 월곶중앙로70번길 3,126.7381666,37.38960414,http://place.map.kakao.com/1950103175,4139013100,경기도 시흥시 월곶동,경기도,시흥시,월곶동,,4139058200,경기도 시흥시 월곶동,경기도,시흥시,월곶동
병원,8132759,한마음요양병원요양원,"의료,건강 > 병원 > 노인,요양병원",기타,HP8,031-317-6400,경기 시흥시 월곶동 1011-1,경기 시흥시 월곶해안로 97,126.7349085,37.38999783,http://place.map.kakao.com/8132759,4139013100,경기도 시흥시 월곶동,경기도,시흥시,월곶동,,4139058200,경기도 시흥시 월곶동,경기도,시흥시,월곶동
병원,10216010,기분좋은치과의원,"의료,건강 > 병원 > 치과",치과,HP8,031-433-2279,경기 시흥시 정왕동 1202,경기 시흥시 정왕시장길 52,126.74919009854206,37.34587340388371,http://place.map.kakao.com/10216010,4139013200,경기도 시흥시 정왕동,경기도,시흥시,정왕동,,4139058900,경기도 시흥시 정왕본동,경기도,시흥시,정왕본동
병원,10200499,김희승내과의원,"의료,건강 > 병원 > 내과",내과,HP8,031-432-5544,경기 시흥시 정왕동 1212-9,경기 시흥시 군서마을로 36,126.7478186,37.34528842,http://place.map.kakao.com/10200499,4139013200,경기도 시흥시 정왕동,경기도,시흥시,정왕동,,4139058900,경기도 시흥시 정왕본동,경기도,시흥시,정왕본동
병원,392009990,드림내과의원,"의료,건강 > 병원 > 내과",내과,HP8,031-431-7788,경기 시흥시 정왕동 2303-7,경기 시흥시 역전로 292,126.73983084940946,37.352074780892465,http://place.map.kakao.com/392009990,4139013200,경기도 시흥시 정왕동,경기도,시흥시,정왕동,,4139058900,경기도 시흥시 정왕본동,경기도,시흥시,정왕본동
병원,9084594,샘치과의원,"의료,건강 > 병원 > 치과",치과,HP8,031-498-5485,경기 시흥시 정왕동 1211-7,경기 시흥시 군서마을로 46-1,126.7468912,37.3458631,http://place.map.kakao.com/9084594,4139013200,경기도 시흥시 정왕동,경기도,시흥시,정왕동,,4139058900,경기도 시흥시 정왕본동,경기도,시흥시,정왕본동
병원,206290543,서울베스트의원,"의료,건강 > 병원 > 일반의원",기타,HP8,031-362-5533,경기 시흥시 정왕동 1202,경기 시흥시 정왕시장길 52,126.74908098705895,37.345765049223004,http://place.map.kakao.com/206290543,4139013200,경기도 시흥시 정왕동,경기도,시흥시,정왕동,,4139058900,경기도 시흥시 정왕본동,경기도,시흥시,정왕본동
병원,13549889,시화현대의원,"의료,건강 > 병원 > 일반의원",기타,HP8,031-434-7588,경기 시흥시 정왕동 1195-10,경기 시흥시 정왕천로 411,126.7519339,37.34443935,http://place.map.kakao.com/13549889,4139013200,경기도 시흥시 정왕동,경기도,시흥시,정왕동,,4139058900,경기도 시흥시 정왕본동,경기도,시흥시,정왕본동
병원,445851790,정왕매일의원,"의료,건강 > 병원 > 일반의원",기타,HP8,031-499-3888,경기 시흥시 정왕동 2326-1,경기 시흥시 마유로418번길 18,126.742914,37.35119221,http://place.map.kakao.com/445851790,4139013200,경기도 시흥시 정왕동,경기도,시흥시,정왕동,,4139058900,경기도 시흥시 정왕본동,경기도,시흥시,정왕본동
병원,24637813,정왕신경외과의원,"의료,건강 > 병원 > 신경외과",기타,HP8,031-499-7500,경기 시흥시 정왕동 1202,경기 시흥시 정왕시장길 52,126.7485993,37.34535136,http://place.map.kakao.com/24637813,4139013200,경기도 시흥시 정왕동,경기도,시흥시,정왕동,,4139058900,경기도 시흥시 정왕본동,경기도,시흥시,정왕본동
병원,10714121,정왕연세치과,"의료,건강 > 병원 > 치과",치과,HP8,031-319-1275,경기 시흥시 정왕동 1189-11,경기 시흥시 정왕시장길 62,126.7493148,37.34604847,http://place.map.kakao.com/10714121,4139013200,경기도 시흥시 정왕동,경기도,시흥시,정왕동,,4139058900,경기도 시흥시 정왕본동,경기도,시흥시,정왕본동
병원,9973074,제이치과,"의료,건강 > 병원 > 치과",치과,HP8,031-499-4010,경기 시흥시 정왕동 2327-1,경기 시흥시 마유로 416,126.7412919,37.35159594,http://place.map.kakao.com/9973074,4139013200,경기도 시흥시 정왕동,경기도,시흥시,정왕동,,4139058900,경기도 시흥시 정왕본동,경기도,시흥시,정왕본동
병원,1033254406,청치과의원,"의료,건강 > 병원 > 치과",치과,HP8,031-431-7528,경기 시흥시 정왕동 1182-6,경기 시흥시 정왕천로411번길 62,126.7465418,37.34776172,http://place.map.kakao.com/1033254406,4139013200,경기도 시흥시 정왕동,경기도,시흥시,정왕동,,4139058900,경기도 시흥시 정왕본동,경기도,시흥시,정왕본동
병원,59046791,탑스마일치과의원,"의료,건강 > 병원 > 치과",치과,HP8,031-497-2804,경기 시흥시 정왕동 2327-2,경기 시흥시 마유로418번길 10,126.74185573163305,37.35140164510747,http://place.map.kakao.com/59046791,4139013200,경기도 시흥시 정왕동,경기도,시흥시,정왕동,,4139058900,경기도 시흥시 정왕본동,경기도,시흥시,정왕본동
병원,474680511,가까운의원,"의료,건강 > 병원 > 일반의원",기타,HP8,031-431-8277,경기 시흥시 죽율동 752,경기 시흥시 죽율로 38,126.7612644222104,37.34811671570786,http://place.map.kakao.com/474680511,4139013300,경기도 시흥시 죽율동,경기도,시흥시,죽율동,,4139058900,경기도 시흥시 정왕본동,경기도,시흥시,정왕본동
병원,10994300,85서울정형외과의원,"의료,건강 > 병원 > 정형외과",정형외과,HP8,031-434-8575,경기 시흥시 정왕동 1734-7,경기 시흥시 정왕대로 230,126.7385884,37.34486112,http://place.map.kakao.com/10994300,4139013200,경기도 시흥시 정왕동,경기도,시흥시,정왕동,,4139059100,경기도 시흥시 정왕1동,경기도,시흥시,정왕1동
병원,513933325,공단제일치과의원,"의료,건강 > 병원 > 치과",치과,HP8,031-508-2875,경기 시흥시 정왕동 1286-1,경기 시흥시 정왕천로 155,126.73315110367636,37.326316627891785,http://place.map.kakao.com/513933325,4139013200,경기도 시흥시 정왕동,경기도,시흥시,정왕동,,4139059100,경기도 시흥시 정왕1동,경기도,시흥시,정왕1동
병원,11032841,굿모닝미항외과의원,"의료,건강 > 병원 > 항문외과",기타,HP8,031-505-7272,경기 시흥시 정왕동 1734-7,경기 시흥시 정왕대로 230,126.73856679333194,37.34489801888009,http://place.map.kakao.com/11032841,4139013200,경기도 시흥시 정왕동,경기도,시흥시,정왕동,,4139059100,경기도 시흥시 정왕1동,경기도,시흥시,정왕1동
병원,13518547,굿모닝온가족의원,"의료,건강 > 병원 > 일반의원",기타,HP8,031-497-2020,경기 시흥시 정왕동 1626,경기 시흥시 평안상가4길 22,126.7495970854638,37.33750551779991,http://place.map.kakao.com/13518547,4139013200,경기도 시흥시 정왕동,경기도,시흥시,정왕동,,4139059100,경기도 시흥시 정왕1동,경기도,시흥시,정왕1동
병원,10274618,네오치과의원,"의료,건강 > 병원 > 치과",치과,HP8,031-437-2804,경기 시흥시 정왕동 1780-1,경기 시흥시 중심상가로 334,126.7490020489042,37.336251826976735,http://place.map.kakao.com/10274618,4139013200,경기도 시흥시 정왕동,경기도,시흥시,정왕동,,4139059100,경기도 시흥시 정왕1동,경기도,시흥시,정왕1동
병원,26779918,녹색정형외과의원,"의료,건강 > 병원 > 정형외과",정형외과,HP8,031-434-5075,경기 시흥시 정왕동 1780-1,경기 시흥시 중심상가로 334,126.7489908,37.3362482,http://place.map.kakao.com/26779918,4139013200,경기도 시흥시 정왕동,경기도,시흥시,정왕동,,4139059100,경기도 시흥시 정왕1동,경기도,시흥시,정왕1동
병원,8613042,더클래식산부인과의원,"의료,건강 > 병원 > 산부인과",산부인과,HP8,031-431-7110,경기 시흥시 정왕동 1735-1,경기 시흥시 중심상가2길 2,126.7357947,37.34596859,http://place.map.kakao.com/8613042,4139013200,경기도 시흥시 정왕동,경기도,시흥시,정왕동,,4139059100,경기도 시흥시 정왕1동,경기도,시흥시,정왕1동
병원,7845204,두리이비인후과의원,"의료,건강 > 병원 > 이비인후과",내과,HP8,031-431-7222,경기 시흥시 정왕동 1734-5,경기 시흥시 정왕대로 220,126.7377189,37.34564129,http://place.map.kakao.com/7845204,4139013200,경기도 시흥시 정왕동,경기도,시흥시,정왕동,,4139059100,경기도 시흥시 정왕1동,경기도,시흥시,정왕1동
병원,82012268,라임플란트치과의원,"의료,건강 > 병원 > 치과",치과,HP8,031-480-0001,경기 시흥시 정왕동 1277-14,경기 시흥시 경기과기대로 219,126.7326981,37.33444289,http://place.map.kakao.com/82012268,4139013200,경기도 시흥시 정왕동,경기도,시흥시,정왕동,,4139059100,경기도 시흥시 정왕1동,경기도,시흥시,정왕1동
병원,656312628,마디탄탄정형외과의원,"의료,건강 > 병원 > 정형외과",정형외과,HP8,031-498-8875,경기 시흥시 정왕동 1744-1,경기 시흥시 중심상가4길 24,126.7372964,37.34349501,http://place.map.kakao.com/656312628,4139013200,경기도 시흥시 정왕동,경기도,시흥시,정왕동,,4139059100,경기도 시흥시 정왕1동,경기도,시흥시,정왕1동
병원,24584476,마음과마음정신건강의학과의원,"의료,건강 > 병원 > 정신건강의학과",기타,HP8,031-499-4975,경기 시흥시 정왕동 1734-7,경기 시흥시 정왕대로 230,126.73821569097858,37.34493238253858,http://place.map.kakao.com/24584476,4139013200,경기도 시흥시 정왕동,경기도,시흥시,정왕동,,4139059100,경기도 시흥시 정왕1동,경기도,시흥시,정왕1동
병원,9018616,마음속내과의원,"의료,건강 > 병원 > 내과",내과,HP8,031-506-7000,경기 시흥시 정왕동 1734-7,경기 시흥시 정왕대로 230,126.73868994936976,37.34485684371602,http://place.map.kakao.com/9018616,4139013200,경기도 시흥시 정왕동,경기도,시흥시,정왕동,,4139059100,경기도 시흥시 정왕1동,경기도,시흥시,정왕1동
병원,10344103,메디월드의원,"의료,건강 > 병원 > 정신건강의학과",기타,HP8,031-499-1447,경기 시흥시 정왕동 1736-2,경기 시흥시 중심상가2길 12-2,126.7365275,37.34555215,http://place.map.kakao.com/10344103,4139013200,경기도 시흥시 정왕동,경기도,시흥시,정왕동,,4139059100,경기도 시흥시 정왕1동,경기도,시흥시,정왕1동
병원,26455594,미소안e바른치과의원,"의료,건강 > 병원 > 치과",치과,HP8,031-432-2874,경기 시흥시 정왕동 1736-2,경기 시흥시 중심상가2길 12-2,126.7364733,37.34554121,http://place.map.kakao.com/26455594,4139013200,경기도 시흥시 정왕동,경기도,시흥시,정왕동,,4139059100,경기도 시흥시 정왕1동,경기도,시흥시,정왕1동
병원,1097768274,바로드림치과의원 시화점,"의료,건강 > 병원 > 치과",치과,HP8,031-498-2282,경기 시흥시 정왕동 1734-2,경기 시흥시 정왕대로 210,126.7368714,37.34594215,http://place.map.kakao.com/1097768274,4139013200,경기도 시흥시 정왕동,경기도,시흥시,정왕동,,4139059100,경기도 시흥시 정왕1동,경기도,시흥시,정왕1동
병원,10404376,박동원재활의학과의원,"의료,건강 > 병원 > 재활의학과",기타,HP8,031-433-3311,경기 시흥시 정왕동 1734-5,경기 시흥시 정왕대로 220,126.737539,37.34544267,http://place.map.kakao.com/10404376,4139013200,경기도 시흥시 정왕동,경기도,시흥시,정왕동,,4139059100,경기도 시흥시 정왕1동,경기도,시흥시,정왕1동
병원,10407420,방승호내과의원,"의료,건강 > 병원 > 내과",내과,HP8,031-488-8275,경기 시흥시 정왕동 1736-2,경기 시흥시 중심상가2길 12-2,126.7364688,37.34553399,http://place.map.kakao.com/10407420,4139013200,경기도 시흥시 정왕동,경기도,시흥시,정왕동,,4139059100,경기도 시흥시 정왕1동,경기도,시흥시,정왕1동
병원,181813919,베드로요양병원,"의료,건강 > 병원 > 노인,요양병원",기타,HP8,031-484-2500,경기 시흥시 정왕동 1781-4,경기 시흥시 평안상가5길 19,126.7479394,37.33580176,http://place.map.kakao.com/181813919,4139013200,경기도 시흥시 정왕동,경기도,시흥시,정왕동,,4139059100,경기도 시흥시 정왕1동,경기도,시흥시,정왕1동
병원,9049264,본정형외과의원,"의료,건강 > 병원 > 정형외과",정형외과,HP8,031-432-7575,경기 시흥시 정왕동 1618-4,경기 시흥시 봉우재로 13,126.7429272,37.34468322,http://place.map.kakao.com/9049264,4139013200,경기도 시흥시 정왕동,경기도,시흥시,정왕동,,4139059100,경기도 시흥시 정왕1동,경기도,시흥시,정왕1동
병원,27420108,서울바로마취통증의학과의원,"의료,건강 > 병원 > 통증클리닉",기타,HP8,031-433-2290,경기 시흥시 정왕동 1734-7,경기 시흥시 정왕대로 230,126.738552,37.34492231,http://place.map.kakao.com/27420108,4139013200,경기도 시흥시 정왕동,경기도,시흥시,정왕동,,4139059100,경기도 시흥시 정왕1동,경기도,시흥시,정왕1동
병원,11492096,서울보스톤고른이치과의원,"의료,건강 > 병원 > 치과",치과,HP8,031-319-2804,경기 시흥시 정왕동 1737-2,경기 시흥시 중심상가3길 10-1,126.73674991172915,37.34519132887886,http://place.map.kakao.com/11492096,4139013200,경기도 시흥시 정왕동,경기도,시흥시,정왕동,,4139059100,경기도 시흥시 정왕1동,경기도,시흥시,정왕1동
병원,1718759213,서울숙면치과의원 시흥,"의료,건강 > 병원 > 치과",치과,HP8,031-311-2875,경기 시흥시 정왕동 1737-1,경기 시흥시 중심상가3길 10,126.73690757355331,37.34528808951137,http://place.map.kakao.com/1718759213,4139013200,경기도 시흥시 정왕동,경기도,시흥시,정왕동,,4139059100,경기도 시흥시 정왕1동,경기도,시흥시,정왕1동
병원,519297820,서울정성드림치과의원,"의료,건강 > 병원 > 치과",치과,HP8,031-504-2928,경기 시흥시 정왕동 1739-2,경기 시흥시 중심상가4길 10-1,126.7380992,37.34435276,http://place.map.kakao.com/519297820,4139013200,경기도 시흥시 정왕동,경기도,시흥시,정왕동,,4139059100,경기도 시흥시 정왕1동,경기도,시흥시,정왕1동
병원,1138844227,센트럴병원,"의료,건강 > 병원 > 종합병원",24시 병원,HP8,031-8041-3000,경기 시흥시 정왕동 1366-11,경기 시흥시 공단1대로 237,126.7279817,37.33684329,http://place.map.kakao.com/1138844227,4139013200,경기도 시흥시 정왕동,경기도,시흥시,정왕동,,4139059100,경기도 시흥시 정왕1동,경기도,시흥시,정왕1동
병원,7971837,센트럴병원치과,"의료,건강 > 병원 > 치과",치과,HP8,1588-9339,경기 시흥시 정왕동 1366-11,경기 시흥시 공단1대로 237,126.7283619,37.33656665,http://place.map.kakao.com/7971837,4139013200,경기도 시흥시 정왕동,경기도,시흥시,정왕동,,4139059100,경기도 시흥시 정왕1동,경기도,시흥시,정왕1동
병원,2075980126,시화베드로요양병원 신관,"의료,건강 > 병원 > 노인,요양병원",기타,HP8,,경기 시흥시 정왕동 1784-5,경기 시흥시 평안상가5길 20,126.7474699,37.3354917,http://place.map.kakao.com/2075980126,4139013200,경기도 시흥시 정왕동,경기도,시흥시,정왕동,,4139059100,경기도 시흥시 정왕1동,경기도,시흥시,정왕1동
병원,13518786,시화센타치과의원,"의료,건강 > 병원 > 치과",치과,HP8,031-434-2828,경기 시흥시 정왕동 1736-2,경기 시흥시 중심상가2길 12-2,126.7365093,37.34557373,http://place.map.kakao.com/13518786,4139013200,경기도 시흥시 정왕동,경기도,시흥시,정왕동,,4139059100,경기도 시흥시 정왕1동,경기도,시흥시,정왕1동
병원,8448078,시화예치과병원,"의료,건강 > 병원 > 치과",치과,HP8,031-432-0600,경기 시흥시 정왕동 1735-4,경기 시흥시 마유로 330,126.7353675,37.34549549,http://place.map.kakao.com/8448078,4139013200,경기도 시흥시 정왕동,경기도,시흥시,정왕동,,4139059100,경기도 시흥시 정왕1동,경기도,시흥시,정왕1동
병원,9189922,시화정형외과의원,"의료,건강 > 병원 > 정형외과",정형외과,HP8,031-497-1119,경기 시흥시 정왕동 1618-6,경기 시흥시 봉우재로 11,126.7426719946454,37.344386225697946,http://place.map.kakao.com/9189922,4139013200,경기도 시흥시 정왕동,경기도,시흥시,정왕동,,4139059100,경기도 시흥시 정왕1동,경기도,시흥시,정왕1동
병원,12385626,시화한방병원,"의료,건강 > 병원 > 한방병원",기타,HP8,031-497-7571,경기 시흥시 정왕동 1740-2,경기 시흥시 마유로 320,126.7346026,37.34476215,http://place.map.kakao.com/12385626,4139013200,경기도 시흥시 정왕동,경기도,시흥시,정왕동,,4139059100,경기도 시흥시 정왕1동,경기도,시흥시,정왕1동
병원,1840877924,시흥고려튼튼의원,"의료,건강 > 병원 > 재활의학과",기타,HP8,031-499-7585,경기 시흥시 정왕동 1734-2,경기 시흥시 정왕대로 210,126.7368714,37.34594215,http://place.map.kakao.com/1840877924,4139013200,경기도 시흥시 정왕동,경기도,시흥시,정왕동,,4139059100,경기도 시흥시 정왕1동,경기도,시흥시,정왕1동
병원,582500695,시흥한방병원,"의료,건강 > 병원 > 한방병원",기타,HP8,031-364-8275,경기 시흥시 정왕동 1739-1,경기 시흥시 중심상가4길 10,126.7382692,37.34447478,http://place.map.kakao.com/582500695,4139013200,경기도 시흥시 정왕동,경기도,시흥시,정왕동,,4139059100,경기도 시흥시 정왕1동,경기도,시흥시,정왕1동
병원,701354935,신기찬정형외과의원,"의료,건강 > 병원 > 정형외과",정형외과,HP8,031-432-1432,경기 시흥시 정왕동 1739-6,경기 시흥시 중심상가4길 16-1,126.73772150821755,37.34392213729302,http://place.map.kakao.com/701354935,4139013200,경기도 시흥시 정왕동,경기도,시흥시,정왕동,,4139059100,경기도 시흥시 정왕1동,경기도,시흥시,정왕1동
병원,16304316,심플란트치과,"의료,건강 > 병원 > 치과",치과,HP8,031-430-2828,경기 시흥시 정왕동 1367-1,경기 시흥시 공단1대로 244,126.72767567804817,37.335968592071865,http://place.map.kakao.com/16304316,4139013200,경기도 시흥시 정왕동,경기도,시흥시,정왕동,,4139059100,경기도 시흥시 정왕1동,경기도,시흥시,정왕1동
병원,8421798,안필수피부과의원,"의료,건강 > 병원 > 피부과",피부과,HP8,031-431-8275,경기 시흥시 정왕동 1734-7,경기 시흥시 정왕대로 230,126.73856848727763,37.34473493667574,http://place.map.kakao.com/8421798,4139013200,경기도 시흥시 정왕동,경기도,시흥시,정왕동,,4139059100,경기도 시흥시 정왕1동,경기도,시흥시,정왕1동
병원,12153660,에덴산부인과의원,"의료,건강 > 병원 > 산부인과",산부인과,HP8,031-319-5275,경기 시흥시 정왕동 1734-7,경기 시흥시 정왕대로 230,126.73853744467343,37.34489975607478,http://place.map.kakao.com/12153660,4139013200,경기도 시흥시 정왕동,경기도,시흥시,정왕동,,4139059100,경기도 시흥시 정왕1동,경기도,시흥시,정왕1동
병원,10057617,에덴의원,"의료,건강 > 병원 > 피부과",피부과,HP8,031-503-0002,경기 시흥시 정왕동 1734-7,경기 시흥시 정왕대로 230,126.73861986973581,37.344888224858835,http://place.map.kakao.com/10057617,4139013200,경기도 시흥시 정왕동,경기도,시흥시,정왕동,,4139059100,경기도 시흥시 정왕1동,경기도,시흥시,정왕1동
병원,10578258,에이스치과의원,"의료,건강 > 병원 > 치과",치과,HP8,031-504-5000,경기 시흥시 정왕동 1734-7,경기 시흥시 정왕대로 230,126.7385067,37.34496546,http://place.map.kakao.com/10578258,4139013200,경기도 시흥시 정왕동,경기도,시흥시,정왕동,,4139059100,경기도 시흥시 정왕1동,경기도,시흥시,정왕1동
병원,661687416,우리안과의원,"의료,건강 > 병원 > 안과",기타,HP8,031-498-7856,경기 시흥시 정왕동 1734-5,경기 시흥시 정왕대로 220,126.73768558412158,37.34548984521755,http://place.map.kakao.com/661687416,4139013200,경기도 시흥시 정왕동,경기도,시흥시,정왕동,,4139059100,경기도 시흥시 정왕1동,경기도,시흥시,정왕1동
병원,25654368,유디치과의원 시흥점,"의료,건강 > 병원 > 치과",치과,HP8,031-499-1480,경기 시흥시 정왕동 1738-1,경기 시흥시 중심상가2길 22,126.73756351179729,37.34489489649052,http://place.map.kakao.com/25654368,4139013200,경기도 시흥시 정왕동,경기도,시흥시,정왕동,,4139059100,경기도 시흥시 정왕1동,경기도,시흥시,정왕1동
병원,27606411,이튼튼치과의원,"의료,건강 > 병원 > 치과",치과,HP8,031-498-0026,경기 시흥시 정왕동 1739-7,경기 시흥시 중심상가4길 18,126.73757188905205,37.34378484933052,http://place.map.kakao.com/27606411,4139013200,경기도 시흥시 정왕동,경기도,시흥시,정왕동,,4139059100,경기도 시흥시 정왕1동,경기도,시흥시,정왕1동
병원,9380040,임 피부비뇨기과의원,"의료,건강 > 병원 > 비뇨기과",기타,HP8,031-497-7722,경기 시흥시 정왕동 1734-5,경기 시흥시 정왕대로 220,126.73758404480537,37.345480609756926,http://place.map.kakao.com/9380040,4139013200,경기도 시흥시 정왕동,경기도,시흥시,정왕동,,4139059100,경기도 시흥시 정왕1동,경기도,시흥시,정왕1동
병원,9371208,임마누엘 치과의원,"의료,건강 > 병원 > 치과",치과,HP8,031-432-2804,경기 시흥시 정왕동 1593-6,경기 시흥시 봉우재로 10,126.7430825,37.34414294,http://place.map.kakao.com/9371208,4139013200,경기도 시흥시 정왕동,경기도,시흥시,정왕동,,4139059100,경기도 시흥시 정왕1동,경기도,시흥시,정왕1동
병원,10090902,정가정의학과의원,"의료,건강 > 병원 > 가정의학과",기타,HP8,031-319-6854,경기 시흥시 정왕동 1790,경기 시흥시 중심상가로 228,126.73920880527368,37.34232790331861,http://place.map.kakao.com/10090902,4139013200,경기도 시흥시 정왕동,경기도,시흥시,정왕동,,4139059100,경기도 시흥시 정왕1동,경기도,시흥시,정왕1동
병원,9818717,정왕동 비앤에스의원,"의료,건강 > 병원 > 피부과",피부과,HP8,031-499-2162,경기 시흥시 정왕동 1734-5,경기 시흥시 정왕대로 220,126.7376744,37.34545378,http://place.map.kakao.com/9818717,4139013200,경기도 시흥시 정왕동,경기도,시흥시,정왕동,,4139059100,경기도 시흥시 정왕1동,경기도,시흥시,정왕1동
병원,288858343,정왕연세소아청소년과의원,"의료,건강 > 병원 > 소아청소년과",기타,HP8,031-433-7533,경기 시흥시 정왕동 1734-7,경기 시흥시 정왕대로 230,126.7386114,37.34504859,http://place.map.kakao.com/288858343,4139013200,경기도 시흥시 정왕동,경기도,시흥시,정왕동,,4139059100,경기도 시흥시 정왕1동,경기도,시흥시,정왕1동
병원,1250379310,제일365소아청소년과의원,"의료,건강 > 병원 > 소아청소년과",기타,HP8,031-497-6063,경기 시흥시 정왕동 1734-5,경기 시흥시 정왕대로 220,126.7376921,37.34556194,http://place.map.kakao.com/1250379310,4139013200,경기도 시흥시 정왕동,경기도,시흥시,정왕동,,4139059100,경기도 시흥시 정왕1동,경기도,시흥시,정왕1동
병원,688592682,제일산업의학연구소부설녹색의원,"의료,건강 > 병원 > 일반의원",기타,HP8,031-432-5900,경기 시흥시 정왕동 1780-1,경기 시흥시 중심상가로 334,126.7489795,37.33623916,http://place.map.kakao.com/688592682,4139013200,경기도 시흥시 정왕동,경기도,시흥시,정왕동,,4139059100,경기도 시흥시 정왕1동,경기도,시흥시,정왕1동
병원,11949832,조안과의원,"의료,건강 > 병원 > 안과",기타,HP8,031-433-7575,경기 시흥시 정왕동 1734-7,경기 시흥시 정왕대로 230,126.73860179100694,37.34489449210546,http://place.map.kakao.com/11949832,4139013200,경기도 시흥시 정왕동,경기도,시흥시,정왕동,,4139059100,경기도 시흥시 정왕1동,경기도,시흥시,정왕1동
병원,14821540,조은내과의원,"의료,건강 > 병원 > 내과",내과,HP8,031-434-9700,경기 시흥시 정왕동 1734-5,경기 시흥시 정왕대로 220,126.737855,37.34545418,http://place.map.kakao.com/14821540,4139013200,경기도 시흥시 정왕동,경기도,시흥시,정왕동,,4139059100,경기도 시흥시 정왕1동,경기도,시흥시,정왕1동
병원,511620473,조은손성형외과의원,"의료,건강 > 병원 > 성형외과",기타,HP8,031-499-8119,경기 시흥시 정왕동 1277-14,경기 시흥시 경기과기대로 219,126.7325713,37.33454352,http://place.map.kakao.com/511620473,4139013200,경기도 시흥시 정왕동,경기도,시흥시,정왕동,,4139059100,경기도 시흥시 정왕1동,경기도,시흥시,정왕1동
병원,11239141,최비뇨기과의원,"의료,건강 > 병원 > 비뇨기과",기타,HP8,031-497-2861,경기 시흥시 정왕동 1735-1,경기 시흥시 중심상가2길 2,126.7357947,37.34595417,http://place.map.kakao.com/11239141,4139013200,경기도 시흥시 정왕동,경기도,시흥시,정왕동,,4139059100,경기도 시흥시 정왕1동,경기도,시흥시,정왕1동
병원,9847618,푸른치과의원,"의료,건강 > 병원 > 치과",치과,HP8,031-432-2875,경기 시흥시 정왕동 1627-6,경기 시흥시 평안상가3길 18,126.74928427754695,37.336555171063864,http://place.map.kakao.com/9847618,4139013200,경기도 시흥시 정왕동,경기도,시흥시,정왕동,,4139059100,경기도 시흥시 정왕1동,경기도,시흥시,정왕1동
병원,10880180,프라임비뇨기과 시화클리닉,"의료,건강 > 병원 > 비뇨기과",기타,HP8,031-506-3375,경기 시흥시 정왕동 1734-7,경기 시흥시 정왕대로 230,126.7384836,37.34514201,http://place.map.kakao.com/10880180,4139013200,경기도 시흥시 정왕동,경기도,시흥시,정왕동,,4139059100,경기도 시흥시 정왕1동,경기도,시흥시,정왕1동
병원,11219448,한국치과,"의료,건강 > 병원 > 치과",치과,HP8,031-498-2875,경기 시흥시 정왕동 1789,경기 시흥시 정왕대로266번길 4,126.74140206420212,37.34315896016073,http://place.map.kakao.com/11219448,4139013200,경기도 시흥시 정왕동,경기도,시흥시,정왕동,,4139059100,경기도 시흥시 정왕1동,경기도,시흥시,정왕1동
병원,10940277,한미치과,"의료,건강 > 병원 > 치과",치과,HP8,031-433-8280,경기 시흥시 정왕동 1622-1,경기 시흥시 정왕대로 342,126.7486935,37.33878126,http://place.map.kakao.com/10940277,4139013200,경기도 시흥시 정왕동,경기도,시흥시,정왕동,,4139059100,경기도 시흥시 정왕1동,경기도,시흥시,정왕1동
병원,10961661,훼미리치과의원,"의료,건강 > 병원 > 치과",치과,HP8,031-319-2875,경기 시흥시 정왕동 1734-5,경기 시흥시 정왕대로 220,126.73750322425282,37.34535518767107,http://place.map.kakao.com/10961661,4139013200,경기도 시흥시 정왕동,경기도,시흥시,정왕동,,4139059100,경기도 시흥시 정왕1동,경기도,시흥시,정왕1동
병원,10292476,동서외과의원,"의료,건강 > 병원 > 외과",기타,HP8,031-433-8275,경기 시흥시 정왕동 1726-1,경기 시흥시 정왕대로 174,126.733494,37.34806823,http://place.map.kakao.com/10292476,4139013200,경기도 시흥시 정왕동,경기도,시흥시,정왕동,,4139059200,경기도 시흥시 정왕2동,경기도,시흥시,정왕2동
병원,9068483,사과나무치과,"의료,건강 > 병원 > 치과",치과,HP8,031-431-3223,경기 시흥시 정왕동 1731-1,경기 시흥시 중심상가로 146,126.731968,37.34683578,http://place.map.kakao.com/9068483,4139013200,경기도 시흥시 정왕동,경기도,시흥시,정왕동,,4139059200,경기도 시흥시 정왕2동,경기도,시흥시,정왕2동
병원,21213650,삼성연합의원 금성한의원,"의료,건강 > 병원 > 일반의원",기타,HP8,031-496-0712,경기 시흥시 정왕동 1873-3,경기 시흥시 옥구천동로 406,126.73054547671832,37.35707180705566,http://place.map.kakao.com/21213650,4139013200,경기도 시흥시 정왕동,경기도,시흥시,정왕동,,4139059200,경기도 시흥시 정왕2동,경기도,시흥시,정왕2동
병원,14662554,서울치과의원,"의료,건강 > 병원 > 치과",치과,HP8,031-433-3633,경기 시흥시 정왕동 1726-1,경기 시흥시 정왕대로 174,126.7334893,37.34810786,http://place.map.kakao.com/14662554,4139013200,경기도 시흥시 정왕동,경기도,시흥시,정왕동,,4139059200,경기도 시흥시 정왕2동,경기도,시흥시,정왕2동
병원,17210090,시화박산부인과의원,"의료,건강 > 병원 > 산부인과",산부인과,HP8,031-319-7861,경기 시흥시 정왕동 1726-4,경기 시흥시 정왕대로 184,126.73441249081151,37.347479218287354,http://place.map.kakao.com/17210090,4139013200,경기도 시흥시 정왕동,경기도,시흥시,정왕동,,4139059200,경기도 시흥시 정왕2동,경기도,시흥시,정왕2동
병원,1894306358,시화병원,"의료,건강 > 병원 > 종합병원",24시 병원,HP8,1811-7000,경기 시흥시 정왕동 1842-3,경기 시흥시 군자천로 381,126.73684077936028,37.349875068801076,http://place.map.kakao.com/1894306358,4139013200,경기도 시흥시 정왕동,경기도,시흥시,정왕동,,4139059200,경기도 시흥시 정왕2동,경기도,시흥시,정왕2동
병원,424891130,시화비뇨의학과의원,"의료,건강 > 병원 > 비뇨기과",기타,HP8,031-499-7334,경기 시흥시 정왕동 1842-1,경기 시흥시 옥구천동로374번길 83,126.7359419,37.35034791,http://place.map.kakao.com/424891130,4139013200,경기도 시흥시 정왕동,경기도,시흥시,정왕동,,4139059200,경기도 시흥시 정왕2동,경기도,시흥시,정왕2동
병원,28394427,시화이비인후과의원,"의료,건강 > 병원 > 이비인후과",내과,HP8,031-5189-0977,경기 시흥시 정왕동 1842-1,경기 시흥시 옥구천동로374번길 83,126.7359913,37.35041289,http://place.map.kakao.com/28394427,4139013200,경기도 시흥시 정왕동,경기도,시흥시,정왕동,,4139059200,경기도 시흥시 정왕2동,경기도,시흥시,정왕2동
병원,967830983,시화치과의원,"의료,건강 > 병원 > 치과",치과,HP8,031-433-0428,경기 시흥시 정왕동 1842-1,경기 시흥시 옥구천동로374번길 83,126.73589574038708,37.350302752379775,http://place.map.kakao.com/967830983,4139013200,경기도 시흥시 정왕동,경기도,시흥시,정왕동,,4139059200,경기도 시흥시 정왕2동,경기도,시흥시,정왕2동
병원,9845532,시흥공단치과의원,"의료,건강 > 병원 > 치과",치과,HP8,031-434-7528,경기 시흥시 정왕동 2166-1,경기 시흥시 산기대학로 105,126.72117586318646,37.34697482115301,http://place.map.kakao.com/9845532,4139013200,경기도 시흥시 정왕동,경기도,시흥시,정왕동,,4139059200,경기도 시흥시 정왕2동,경기도,시흥시,정왕2동
병원,10779182,지성치과의원,"의료,건강 > 병원 > 치과",치과,HP8,031-430-2222,경기 시흥시 정왕동 1364,경기 시흥시 공단1대로 204,126.7247241,37.33770435,http://place.map.kakao.com/10779182,4139013200,경기도 시흥시 정왕동,경기도,시흥시,정왕동,,4139059200,경기도 시흥시 정왕2동,경기도,시흥시,정왕2동
병원,9030861,플러스치과의원,"의료,건강 > 병원 > 치과",치과,HP8,031-498-7528,경기 시흥시 정왕동 2166-4,경기 시흥시 희망공원로 269,126.7251028,37.34528467,http://place.map.kakao.com/9030861,4139013200,경기도 시흥시 정왕동,경기도,시흥시,정왕동,,4139059200,경기도 시흥시 정왕2동,경기도,시흥시,정왕2동
병원,21214420,행복한의원,"의료,건강 > 병원 > 정형외과",정형외과,HP8,031-434-8275,경기 시흥시 정왕동 1728-20,경기 시흥시 중심상가로 161,126.734007,37.34596819,http://place.map.kakao.com/21214420,4139013200,경기도 시흥시 정왕동,경기도,시흥시,정왕동,,4139059200,경기도 시흥시 정왕2동,경기도,시흥시,정왕2동
병원,10054796,홍치과의원,"의료,건강 > 병원 > 치과",치과,HP8,031-497-2828,경기 시흥시 정왕동 1873-3,경기 시흥시 옥구천동로 406,126.7305455,37.35705379,http://place.map.kakao.com/10054796,4139013200,경기도 시흥시 정왕동,경기도,시흥시,정왕동,,4139059200,경기도 시흥시 정왕2동,경기도,시흥시,정왕2동
병원,12690172,나음의원,"의료,건강 > 병원 > 정형외과",정형외과,HP8,031-432-8575,경기 시흥시 정왕동 1859-21,경기 시흥시 중심상가로 51,126.7240166,37.35219842,http://place.map.kakao.com/12690172,4139013200,경기도 시흥시 정왕동,경기도,시흥시,정왕동,,4139059300,경기도 시흥시 정왕3동,경기도,시흥시,정왕3동
병원,16860230,닥터전치과의원,"의료,건강 > 병원 > 치과",치과,HP8,031-319-2690,경기 시흥시 정왕동 1861-3,경기 시흥시 정왕대로 64,126.72353051251808,37.35425162849863,http://place.map.kakao.com/16860230,4139013200,경기도 시흥시 정왕동,경기도,시흥시,정왕동,,4139059300,경기도 시흥시 정왕3동,경기도,시흥시,정왕3동
병원,889790865,대원재활병원,"의료,건강 > 병원 > 재활의학과",기타,HP8,,경기 시흥시 정왕동 2164-2,경기 시흥시 협력로 281,126.7155311,37.3516287,http://place.map.kakao.com/889790865,4139013200,경기도 시흥시 정왕동,경기도,시흥시,정왕동,,4139059300,경기도 시흥시 정왕3동,경기도,시흥시,정왕3동
병원,860879760,대원한방병원,"의료,건강 > 병원 > 한방병원",기타,HP8,031-490-2400,경기 시흥시 정왕동 2164-2,경기 시흥시 협력로 281,126.7155457864083,37.35163504048078,http://place.map.kakao.com/860879760,4139013200,경기도 시흥시 정왕동,경기도,시흥시,정왕동,,4139059300,경기도 시흥시 정왕3동,경기도,시흥시,정왕3동
병원,8991669,미소치과의원,"의료,건강 > 병원 > 치과",치과,HP8,031-433-2894,경기 시흥시 정왕동 1861-6,경기 시흥시 옥구상가2길 3,126.7244175,37.35368425,http://place.map.kakao.com/8991669,4139013200,경기도 시흥시 정왕동,경기도,시흥시,정왕동,,4139059300,경기도 시흥시 정왕3동,경기도,시흥시,정왕3동
병원,1073850077,바로성모내과의원,"의료,건강 > 병원 > 내과",내과,HP8,031-504-7588,경기 시흥시 정왕동 1861-8,경기 시흥시 정왕대로 78,126.72517509102181,37.353306680637544,http://place.map.kakao.com/1073850077,4139013200,경기도 시흥시 정왕동,경기도,시흥시,정왕동,,4139059300,경기도 시흥시 정왕3동,경기도,시흥시,정왕3동
병원,1422541639,빠른마디척의원,"의료,건강 > 병원 > 정형외과",정형외과,HP8,031-433-6600,경기 시흥시 정왕동 1861-4,경기 시흥시 옥구상가2길 4,126.72408901020486,37.35400065,http://place.map.kakao.com/1422541639,4139013200,경기도 시흥시 정왕동,경기도,시흥시,정왕동,,4139059300,경기도 시흥시 정왕3동,경기도,시흥시,정왕3동
병원,16609199,새로운치과의원,"의료,건강 > 병원 > 치과",치과,HP8,031-432-5755,경기 시흥시 정왕동 1861-1,경기 시흥시 정왕대로 56,126.72326290060889,37.354588887332156,http://place.map.kakao.com/16609199,4139013200,경기도 시흥시 정왕동,경기도,시흥시,정왕동,,4139059300,경기도 시흥시 정왕3동,경기도,시흥시,정왕3동
병원,538847651,서울바로봄치과의원,"의료,건강 > 병원 > 치과",치과,HP8,031-505-2828,경기 시흥시 정왕동 1861-6,경기 시흥시 옥구상가2길 3,126.7244198,37.35368335,http://place.map.kakao.com/538847651,4139013200,경기도 시흥시 정왕동,경기도,시흥시,정왕동,,4139059300,경기도 시흥시 정왕3동,경기도,시흥시,정왕3동
병원,14745653,속사랑내과의원,"의료,건강 > 병원 > 내과",내과,HP8,031-496-8737,경기 시흥시 정왕동 1861-1,경기 시흥시 정왕대로 56,126.7230415,37.35463612,http://place.map.kakao.com/14745653,4139013200,경기도 시흥시 정왕동,경기도,시흥시,정왕동,,4139059300,경기도 시흥시 정왕3동,경기도,시흥시,정왕3동
병원,10527881,시화성모의원,"의료,건강 > 병원 > 일반의원",기타,HP8,031-434-1119,경기 시흥시 정왕동 1859-18,경기 시흥시 중심상가로 47,126.7235507,37.35243521,http://place.map.kakao.com/10527881,4139013200,경기도 시흥시 정왕동,경기도,시흥시,정왕동,,4139059300,경기도 시흥시 정왕3동,경기도,시흥시,정왕3동
병원,10667676,시화윤내과의원,"의료,건강 > 병원 > 내과",내과,HP8,031-431-4073,경기 시흥시 정왕동 1861-6,경기 시흥시 옥구상가2길 3,126.7243689198402,37.35369404808716,http://place.map.kakao.com/10667676,4139013200,경기도 시흥시 정왕동,경기도,시흥시,정왕동,,4139059300,경기도 시흥시 정왕3동,경기도,시흥시,정왕3동
병원,26378995,시흥수이비인후과의원,"의료,건강 > 병원 > 이비인후과",내과,HP8,031-433-8366,경기 시흥시 정왕동 1861-7,경기 시흥시 정왕대로 74,126.72465746501302,37.353494692353046,http://place.map.kakao.com/26378995,4139013200,경기도 시흥시 정왕동,경기도,시흥시,정왕동,,4139059300,경기도 시흥시 정왕3동,경기도,시흥시,정왕3동
병원,24245057,에덴치과의원,"의료,건강 > 병원 > 치과",치과,HP8,031-8041-8275,경기 시흥시 정왕동 2210,경기 시흥시 오이도로 21,126.70157,37.34639538,http://place.map.kakao.com/24245057,4139013200,경기도 시흥시 정왕동,경기도,시흥시,정왕동,,4139059300,경기도 시흥시 정왕3동,경기도,시흥시,정왕3동
병원,9283366,예진산부인과의원,"의료,건강 > 병원 > 산부인과",산부인과,HP8,031-431-1134,경기 시흥시 정왕동 1861-8,경기 시흥시 정왕대로 78,126.7252134,37.3533365,http://place.map.kakao.com/9283366,4139013200,경기도 시흥시 정왕동,경기도,시흥시,정왕동,,4139059300,경기도 시흥시 정왕3동,경기도,시흥시,정왕3동
병원,8055311,이상순안과의원,"의료,건강 > 병원 > 안과",기타,HP8,031-434-0075,경기 시흥시 정왕동 1861-7,경기 시흥시 정왕대로 74,126.72488972353298,37.353563710690906,http://place.map.kakao.com/8055311,4139013200,경기도 시흥시 정왕동,경기도,시흥시,정왕동,,4139059300,경기도 시흥시 정왕3동,경기도,시흥시,정왕3동
병원,14876549,장임선치과,"의료,건강 > 병원 > 치과",치과,HP8,031-319-2825,경기 시흥시 정왕동 2014-2,경기 시흥시 오이도어시장로 22,126.6899805,37.34448063,http://place.map.kakao.com/14876549,4139013200,경기도 시흥시 정왕동,경기도,시흥시,정왕동,,4139059300,경기도 시흥시 정왕3동,경기도,시흥시,정왕3동
병원,2069803959,정도정형외과의원,"의료,건강 > 병원 > 정형외과",정형외과,HP8,031-365-5422,경기 시흥시 정왕동 1861-1,경기 시흥시 정왕대로 56,126.723034,37.35452618,http://place.map.kakao.com/2069803959,4139013200,경기도 시흥시 정왕동,경기도,시흥시,정왕동,,4139059300,경기도 시흥시 정왕3동,경기도,시흥시,정왕3동
병원,324071131,지우개소아청소년과의원,"의료,건강 > 병원 > 일반의원",기타,HP8,031-431-4584,경기 시흥시 정왕동 1861-8,경기 시흥시 정왕대로 78,126.72516382722549,37.35330034729727,http://place.map.kakao.com/324071131,4139013200,경기도 시흥시 정왕동,경기도,시흥시,정왕동,,4139059300,경기도 시흥시 정왕3동,경기도,시흥시,정왕3동
병원,8557152,참조은의원,"의료,건강 > 병원 > 일반의원",기타,HP8,031-434-5805,경기 시흥시 정왕동 2014-2,경기 시흥시 오이도어시장로 22,126.6899579,37.34448057,http://place.map.kakao.com/8557152,4139013200,경기도 시흥시 정왕동,경기도,시흥시,정왕동,,4139059300,경기도 시흥시 정왕3동,경기도,시흥시,정왕3동
병원,8158025,한울노인병원,"의료,건강 > 병원 > 노인,요양병원",기타,HP8,031-433-8577,경기 시흥시 정왕동 1861-7,경기 시흥시 정왕대로 74,126.7245723,37.35333141,http://place.map.kakao.com/8158025,4139013200,경기도 시흥시 정왕동,경기도,시흥시,정왕동,,4139059300,경기도 시흥시 정왕3동,경기도,시흥시,정왕3동
병원,1018853323,누가소아청소년과의원,"의료,건강 > 병원 > 소아청소년과",기타,HP8,031-498-3375,경기 시흥시 정왕동 1881-9,경기 시흥시 함송로 21,126.73071683262727,37.36376591054915,http://place.map.kakao.com/1018853323,4139013200,경기도 시흥시 정왕동,경기도,시흥시,정왕동,,4139059400,경기도 시흥시 정왕4동,경기도,시흥시,정왕4동
병원,19756283,누가의원,"의료,건강 > 병원 > 일반의원",기타,HP8,031-431-7776,경기 시흥시 정왕동 1881-9,경기 시흥시 함송로 21,126.73071570701097,37.36376500696225,http://place.map.kakao.com/19756283,4139013200,경기도 시흥시 정왕동,경기도,시흥시,정왕동,,4139059400,경기도 시흥시 정왕4동,경기도,시흥시,정왕4동
병원,1344125991,누가재활의학과의원,"의료,건강 > 병원 > 재활의학과",기타,HP8,031-499-2558,경기 시흥시 정왕동 1881-9,경기 시흥시 함송로 21,126.7307383,37.36376866,http://place.map.kakao.com/1344125991,4139013200,경기도 시흥시 정왕동,경기도,시흥시,정왕동,,4139059400,경기도 시흥시 정왕4동,경기도,시흥시,정왕4동
병원,1094215411,돌담치과의원,"의료,건강 > 병원 > 치과",치과,HP8,031-319-7528,경기 시흥시 정왕동 1882-11,경기 시흥시 함송로14번길 13-17,126.72998444852385,37.36243973508134,http://place.map.kakao.com/1094215411,4139013200,경기도 시흥시 정왕동,경기도,시흥시,정왕동,,4139059400,경기도 시흥시 정왕4동,경기도,시흥시,정왕4동
병원,11857733,바른정형외과의원,"의료,건강 > 병원 > 일반의원",기타,HP8,031-432-7582,경기 시흥시 정왕동 1881-6,경기 시흥시 함송로29번길 5,126.7312846,37.3637663,http://place.map.kakao.com/11857733,4139013200,경기도 시흥시 정왕동,경기도,시흥시,정왕동,,4139059400,경기도 시흥시 정왕4동,경기도,시흥시,정왕4동
병원,9130216,세종내과의원,"의료,건강 > 병원 > 내과",내과,HP8,031-431-2343,경기 시흥시 정왕동 1882-4,경기 시흥시 함송로 24,126.7303561,37.36331728,http://place.map.kakao.com/9130216,4139013200,경기도 시흥시 정왕동,경기도,시흥시,정왕동,,4139059400,경기도 시흥시 정왕4동,경기도,시흥시,정왕4동
병원,9939836,세종소아청소년과의원,"의료,건강 > 병원 > 소아청소년과",기타,HP8,031-433-0353,경기 시흥시 정왕동 1882-5,경기 시흥시 함송로 24,126.73045571208061,37.363234612458406,http://place.map.kakao.com/9939836,4139013200,경기도 시흥시 정왕동,경기도,시흥시,정왕동,,4139059400,경기도 시흥시 정왕4동,경기도,시흥시,정왕4동
병원,1642935460,시화미소래치과의원,"의료,건강 > 병원 > 치과",치과,HP8,031-496-0428,경기 시흥시 정왕동 1881-8,경기 시흥시 함송로 23,126.7310315,37.36352245,http://place.map.kakao.com/1642935460,4139013200,경기도 시흥시 정왕동,경기도,시흥시,정왕동,,4139059400,경기도 시흥시 정왕4동,경기도,시흥시,정왕4동
병원,9228889,시화연세이비인후과,"의료,건강 > 병원 > 이비인후과",내과,HP8,031-433-4351,경기 시흥시 정왕동 1884-9,경기 시흥시 함송로14번길 13-13,126.7295908,37.3626668,http://place.map.kakao.com/9228889,4139013200,경기도 시흥시 정왕동,경기도,시흥시,정왕동,,4139059400,경기도 시흥시 정왕4동,경기도,시흥시,정왕4동
병원,9238223,연세굿모닝치과,"의료,건강 > 병원 > 치과",치과,HP8,031-319-6890,경기 시흥시 정왕동 1882-10,경기 시흥시 정왕신길로49번길 59,126.7301194,37.36259232,http://place.map.kakao.com/9238223,4139013200,경기도 시흥시 정왕동,경기도,시흥시,정왕동,,4139059400,경기도 시흥시 정왕4동,경기도,시흥시,정왕4동
병원,11539146,유일치과의원,"의료,건강 > 병원 > 치과",치과,HP8,031-432-2080,경기 시흥시 정왕동 1880-5,경기 시흥시 함송로13번길 6-3,126.7307141,37.36422633,http://place.map.kakao.com/11539146,4139013200,경기도 시흥시 정왕동,경기도,시흥시,정왕동,,4139059400,경기도 시흥시 정왕4동,경기도,시흥시,정왕4동
병원,13525720,이튼치과의원,"의료,건강 > 병원 > 치과",치과,HP8,031-433-2804,경기 시흥시 정왕동 1882-5,경기 시흥시 함송로 24,126.73049664956369,37.36315091047296,http://place.map.kakao.com/13525720,4139013200,경기도 시흥시 정왕동,경기도,시흥시,정왕동,,4139059400,경기도 시흥시 정왕4동,경기도,시흥시,정왕4동
병원,8066901,제이앤제이의원,"의료,건강 > 병원 > 피부과",피부과,HP8,031-499-2575,경기 시흥시 정왕동 1882-11,경기 시흥시 함송로14번길 13-17,126.7298622,37.36251965,http://place.map.kakao.com/8066901,4139013200,경기도 시흥시 정왕동,경기도,시흥시,정왕동,,4139059400,경기도 시흥시 정왕4동,경기도,시흥시,정왕4동
병원,8065436,조은이비인후과의원 시화지점,"의료,건강 > 병원 > 이비인후과",내과,HP8,031-497-0009,경기 시흥시 정왕동 1882-11,경기 시흥시 함송로14번길 13-17,126.7300163,37.36238304,http://place.map.kakao.com/8065436,4139013200,경기도 시흥시 정왕동,경기도,시흥시,정왕동,,4139059400,경기도 시흥시 정왕4동,경기도,시흥시,정왕4동
병원,10866048,하나가정의학과의원,"의료,건강 > 병원 > 가정의학과",기타,HP8,031-433-7585,경기 시흥시 정왕동 1886-4,경기 시흥시 정왕신길로49번길 19,126.7273304,37.3596702,http://place.map.kakao.com/10866048,4139013200,경기도 시흥시 정왕동,경기도,시흥시,정왕동,,4139059400,경기도 시흥시 정왕4동,경기도,시흥시,정왕4동
병원,12736013,확실한신경외과의원,"의료,건강 > 병원 > 신경외과",기타,HP8,031-319-7582,경기 시흥시 정왕동 1882-1,경기 시흥시 함송로 16,126.72961402778289,37.36374447323418,http://place.map.kakao.com/12736013,4139013200,경기도 시흥시 정왕동,경기도,시흥시,정왕동,,4139059400,경기도 시흥시 정왕4동,경기도,시흥시,정왕4동
병원,1367858879,강소아청소년과의원,"의료,건강 > 병원 > 소아청소년과",기타,HP8,0507-1308-7577,경기 시흥시 배곧동 125,경기 시흥시 배곧4로 32-9,126.72718952627443,37.37676770213477,http://place.map.kakao.com/1367858879,4139013500,경기도 시흥시 배곧동,경기도,시흥시,배곧동,,4139059600,경기도 시흥시 배곧1동,경기도,시흥시,배곧1동
병원,1411345201,닥터한치과의원,"의료,건강 > 병원 > 치과",치과,HP8,031-434-2879,경기 시흥시 배곧동 77,경기 시흥시 배곧4로 103,126.7345906,37.37381838,http://place.map.kakao.com/1411345201,4139013500,경기도 시흥시 배곧동,경기도,시흥시,배곧동,,4139059600,경기도 시흥시 배곧1동,경기도,시흥시,배곧1동
병원,1524850411,라온소아청소년과의원,"의료,건강 > 병원 > 소아청소년과",기타,HP8,070-7733-5056,경기 시흥시 배곧동 77,경기 시흥시 배곧4로 103,126.7345769,37.37385799,http://place.map.kakao.com/1524850411,4139013500,경기도 시흥시 배곧동,경기도,시흥시,배곧동,,4139059600,경기도 시흥시 배곧1동,경기도,시흥시,배곧1동
병원,100949543,배곧건치과의원,"의료,건강 > 병원 > 치과",치과,HP8,031-8042-7528,경기 시흥시 배곧동 18-3,경기 시흥시 배곧5로 66-7,126.7347194,37.38213961,http://place.map.kakao.com/100949543,4139013500,경기도 시흥시 배곧동,경기도,시흥시,배곧동,,4139059600,경기도 시흥시 배곧1동,경기도,시흥시,배곧1동
병원,2012118312,배곧누리의원,"의료,건강 > 병원 > 소아청소년과",기타,HP8,031-499-2223,경기 시흥시 배곧동 18-3,경기 시흥시 배곧5로 66-7,126.7347340488037,37.38213873721718,http://place.map.kakao.com/2012118312,4139013500,경기도 시흥시 배곧동,경기도,시흥시,배곧동,,4139059600,경기도 시흥시 배곧1동,경기도,시흥시,배곧1동
병원,2137890050,배곧치과의원,"의료,건강 > 병원 > 치과",치과,HP8,031-433-2822,경기 시흥시 배곧동 125,경기 시흥시 배곧4로 32-9,126.7271963,37.37677493,http://place.map.kakao.com/2137890050,4139013500,경기도 시흥시 배곧동,경기도,시흥시,배곧동,,4139059600,경기도 시흥시 배곧1동,경기도,시흥시,배곧1동
병원,413216240,서울수현치과의원,"의료,건강 > 병원 > 치과",치과,HP8,031-498-2820,경기 시흥시 배곧동 128,경기 시흥시 배곧4로 32-19,126.7262369,37.37729891,http://place.map.kakao.com/413216240,4139013500,경기도 시흥시 배곧동,경기도,시흥시,배곧동,,4139059600,경기도 시흥시 배곧1동,경기도,시흥시,배곧1동
병원,347892983,연세탑의원,"의료,건강 > 병원 > 일반의원",기타,HP8,031-509-5075,경기 시흥시 배곧동 128,경기 시흥시 배곧4로 32-19,126.7262325,37.37729169,http://place.map.kakao.com/347892983,4139013500,경기도 시흥시 배곧동,경기도,시흥시,배곧동,,4139059600,경기도 시흥시 배곧1동,경기도,시흥시,배곧1동
병원,973045389,365서울가정의학과의원,"의료,건강 > 병원 > 가정의학과",기타,HP8,031-319-6429,경기 시흥시 배곧동 243,경기 시흥시 배곧1로 27-15,126.7137435,37.36348368,http://place.map.kakao.com/973045389,4139013500,경기도 시흥시 배곧동,경기도,시흥시,배곧동,,4139059700,경기도 시흥시 배곧2동,경기도,시흥시,배곧2동
병원,1494177738,365탁정형외과의원,"의료,건강 > 병원 > 정형외과",정형외과,HP8,031-8044-3650,경기 시흥시 배곧동 231,경기 시흥시 서울대학로264번길 44-4,126.728229,37.367176,http://place.map.kakao.com/1494177738,4139013500,경기도 시흥시 배곧동,경기도,시흥시,배곧동,,4139059700,경기도 시흥시 배곧2동,경기도,시흥시,배곧2동
병원,1282358640,경희도담한방병원,"의료,건강 > 병원 > 한방병원",기타,HP8,031-313-0312,경기 시흥시 배곧동 224-1,경기 시흥시 서울대학로264번길 26-16,126.7256741,37.36690701,http://place.map.kakao.com/1282358640,4139013500,경기도 시흥시 배곧동,경기도,시흥시,배곧동,,4139059700,경기도 시흥시 배곧2동,경기도,시흥시,배곧2동
병원,661748524,다채움피부과의원,"의료,건강 > 병원 > 피부과",피부과,HP8,0507-1377-0236,경기 시흥시 배곧동 199-1,경기 시흥시 배곧3로 96,126.73077707443483,37.369653337498036,http://place.map.kakao.com/661748524,4139013500,경기도 시흥시 배곧동,경기도,시흥시,배곧동,,4139059700,경기도 시흥시 배곧2동,경기도,시흥시,배곧2동
병원,97395972,단비의원,"의료,건강 > 병원 > 일반의원",기타,HP8,031-364-8282,경기 시흥시 배곧동 199-1,경기 시흥시 배곧3로 96,126.7300111,37.36981828,http://place.map.kakao.com/97395972,4139013500,경기도 시흥시 배곧동,경기도,시흥시,배곧동,,4139059700,경기도 시흥시 배곧2동,경기도,시흥시,배곧2동
병원,1681676859,더나은신경과내과의원,"의료,건강 > 병원 > 일반의원",기타,HP8,031-509-5100,경기 시흥시 배곧동 223-2,경기 시흥시 서울대학로264번길 26-12,126.7260393,37.36736828,http://place.map.kakao.com/1681676859,4139013500,경기도 시흥시 배곧동,경기도,시흥시,배곧동,,4139059700,경기도 시흥시 배곧2동,경기도,시흥시,배곧2동
병원,1476496447,더예쁨의원,"의료,건강 > 병원 > 피부과",피부과,HP8,031-778-8300,경기 시흥시 배곧동 229-1,경기 시흥시 배곧2로 95,126.72667421430558,37.36631734824224,http://place.map.kakao.com/1476496447,4139013500,경기도 시흥시 배곧동,경기도,시흥시,배곧동,,4139059700,경기도 시흥시 배곧2동,경기도,시흥시,배곧2동
병원,1027649275,도도스이비인후과의원,"의료,건강 > 병원 > 이비인후과",내과,HP8,031-431-6336,경기 시흥시 배곧동 199-1,경기 시흥시 배곧3로 96,126.730423,37.36984445,http://place.map.kakao.com/1027649275,4139013500,경기도 시흥시 배곧동,경기도,시흥시,배곧동,,4139059700,경기도 시흥시 배곧2동,경기도,시흥시,배곧2동
병원,898550425,리움산부인과의원,"의료,건강 > 병원 > 산부인과",산부인과,HP8,031-548-2619,경기 시흥시 배곧동 200-1,경기 시흥시 서울대학로278번길 43-13,126.7301916,37.36922672,http://place.map.kakao.com/898550425,4139013500,경기도 시흥시 배곧동,경기도,시흥시,배곧동,,4139059700,경기도 시흥시 배곧2동,경기도,시흥시,배곧2동
병원,7878680,바른이치과의원,"의료,건강 > 병원 > 치과",치과,HP8,031-499-2875,경기 시흥시 배곧동 199-1,경기 시흥시 배곧3로 96,126.73001106649255,37.36981828072828,http://place.map.kakao.com/7878680,4139013500,경기도 시흥시 배곧동,경기도,시흥시,배곧동,,4139059700,경기도 시흥시 배곧2동,경기도,시흥시,배곧2동
병원,1418585146,배곧고운이치과의원,"의료,건강 > 병원 > 치과",치과,HP8,031-432-2878,경기 시흥시 배곧동 204,경기 시흥시 서울대학로278번길 61,126.7306728,37.36818704,http://place.map.kakao.com/1418585146,4139013500,경기도 시흥시 배곧동,경기도,시흥시,배곧동,,4139059700,경기도 시흥시 배곧2동,경기도,시흥시,배곧2동
병원,321445281,배곧바른마디의원,"의료,건강 > 병원 > 일반의원",기타,HP8,031-432-5555,경기 시흥시 배곧동 245,경기 시흥시 배곧1로 27-16,126.71414139081732,37.36095095771047,http://place.map.kakao.com/321445281,4139013500,경기도 시흥시 배곧동,경기도,시흥시,배곧동,,4139059700,경기도 시흥시 배곧2동,경기도,시흥시,배곧2동
병원,1865943666,배곧비뇨의학과의원,"의료,건강 > 병원 > 비뇨기과",기타,HP8,031-433-4361,경기 시흥시 배곧동 194-1,경기 시흥시 배곧3로 80,126.72918498597117,37.370676869377576,http://place.map.kakao.com/1865943666,4139013500,경기도 시흥시 배곧동,경기도,시흥시,배곧동,,4139059700,경기도 시흥시 배곧2동,경기도,시흥시,배곧2동
병원,657308926,배곧서울안과의원,"의료,건강 > 병원 > 안과",기타,HP8,031-8042-7555,경기 시흥시 배곧동 199-1,경기 시흥시 배곧3로 96,126.73047605534786,37.36985538219437,http://place.map.kakao.com/657308926,4139013500,경기도 시흥시 배곧동,경기도,시흥시,배곧동,,4139059700,경기도 시흥시 배곧2동,경기도,시흥시,배곧2동
병원,2104049431,배곧서울정형외과의원,"의료,건강 > 병원 > 정형외과",정형외과,HP8,031-365-3413,경기 시흥시 배곧동 200-1,경기 시흥시 서울대학로278번길 43-13,126.7301903988791,37.36923483,http://place.map.kakao.com/2104049431,4139013500,경기도 시흥시 배곧동,경기도,시흥시,배곧동,,4139059700,경기도 시흥시 배곧2동,경기도,시흥시,배곧2동
병원,2077998955,배곧연세소아청소년과의원,"의료,건강 > 병원 > 소아청소년과",기타,HP8,031-497-7533,경기 시흥시 배곧동 200-1,경기 시흥시 서울대학로278번길 43-13,126.73019042469235,37.369227618668965,http://place.map.kakao.com/2077998955,4139013500,경기도 시흥시 배곧동,경기도,시흥시,배곧동,,4139059700,경기도 시흥시 배곧2동,경기도,시흥시,배곧2동
병원,74181042,배곧정형외과,"의료,건강 > 병원 > 정형외과",정형외과,HP8,031-432-1230,경기 시흥시 배곧동 199-1,경기 시흥시 배곧3로 96,126.73077702613948,37.36966685273909,http://place.map.kakao.com/74181042,4139013500,경기도 시흥시 배곧동,경기도,시흥시,배곧동,,4139059700,경기도 시흥시 배곧2동,경기도,시흥시,배곧2동
병원,487540690,배곧조은재활의학과의원,"의료,건강 > 병원 > 재활의학과",기타,HP8,031-503-9555,경기 시흥시 배곧동 193-3,경기 시흥시 서울대학로278번길 21,126.72791567494598,37.36952965664433,http://place.map.kakao.com/487540690,4139013500,경기도 시흥시 배곧동,경기도,시흥시,배곧동,,4139059700,경기도 시흥시 배곧2동,경기도,시흥시,배곧2동
병원,210752984,배곧쥬니어치과의원,"의료,건강 > 병원 > 치과",치과,HP8,031-994-2028,경기 시흥시 배곧동 200-1,경기 시흥시 서울대학로278번길 43-13,126.73019510814666,37.369180776132936,http://place.map.kakao.com/210752984,4139013500,경기도 시흥시 배곧동,경기도,시흥시,배곧동,,4139059700,경기도 시흥시 배곧2동,경기도,시흥시,배곧2동
병원,1718757699,배곧참조은항외과의원,"의료,건강 > 병원 > 항문외과",기타,HP8,031-319-3533,경기 시흥시 배곧동 224-1,경기 시흥시 서울대학로264번길 26-16,126.7256469,37.36694749,http://place.map.kakao.com/1718757699,4139013500,경기도 시흥시 배곧동,경기도,시흥시,배곧동,,4139059700,경기도 시흥시 배곧2동,경기도,시흥시,배곧2동
병원,724269788,배곧탑치과의원,"의료,건강 > 병원 > 치과",치과,HP8,031-431-2822,경기 시흥시 배곧동 191,경기 시흥시 서울대학로278번길 19-13,126.7277051255864,37.37156097942757,http://place.map.kakao.com/724269788,4139013500,경기도 시흥시 배곧동,경기도,시흥시,배곧동,,4139059700,경기도 시흥시 배곧2동,경기도,시흥시,배곧2동
병원,27445981,배곧퍼스트치과의원,"의료,건강 > 병원 > 치과",치과,HP8,031-433-2080,경기 시흥시 배곧동 194-1,경기 시흥시 배곧3로 80,126.7290658,37.37055135,http://place.map.kakao.com/27445981,4139013500,경기도 시흥시 배곧동,경기도,시흥시,배곧동,,4139059700,경기도 시흥시 배곧2동,경기도,시흥시,배곧2동
병원,207929903,배곧한방병원,"의료,건강 > 병원 > 한방병원",기타,HP8,031-431-2119,경기 시흥시 배곧동 230,경기 시흥시 서울대학로264번길 26-32,126.7277253,37.366609,http://place.map.kakao.com/207929903,4139013500,경기도 시흥시 배곧동,경기도,시흥시,배곧동,,4139059700,경기도 시흥시 배곧2동,경기도,시흥시,배곧2동
병원,27472743,사랑내과의원,"의료,건강 > 병원 > 내과",내과,HP8,031-497-1002,경기 시흥시 배곧동 194-1,경기 시흥시 배곧3로 80,126.7290658,37.37055135,http://place.map.kakao.com/27472743,4139013500,경기도 시흥시 배곧동,경기도,시흥시,배곧동,,4139059700,경기도 시흥시 배곧2동,경기도,시흥시,배곧2동
병원,361727241,삼성키즈소아청소년과,"의료,건강 > 병원 > 소아청소년과",기타,HP8,031-431-0365,경기 시흥시 배곧동 199-1,경기 시흥시 배곧3로 96,126.73033491041862,37.36986316968171,http://place.map.kakao.com/361727241,4139013500,경기도 시흥시 배곧동,경기도,시흥시,배곧동,,4139059700,경기도 시흥시 배곧2동,경기도,시흥시,배곧2동
병원,884675614,상쾌한이비인후과의원,"의료,건강 > 병원 > 이비인후과",내과,HP8,031-506-7585,경기 시흥시 배곧동 245,경기 시흥시 배곧1로 27-16,126.71299,37.36184468872412,http://place.map.kakao.com/884675614,4139013500,경기도 시흥시 배곧동,경기도,시흥시,배곧동,,4139059700,경기도 시흥시 배곧2동,경기도,시흥시,배곧2동
병원,1393507818,샤인치과의원,"의료,건강 > 병원 > 치과",치과,HP8,031-499-2804,경기 시흥시 배곧동 200-1,경기 시흥시 서울대학로278번길 43-13,126.73022519557111,37.36897541141018,http://place.map.kakao.com/1393507818,4139013500,경기도 시흥시 배곧동,경기도,시흥시,배곧동,,4139059700,경기도 시흥시 배곧2동,경기도,시흥시,배곧2동
병원,486353393,서울더탑정형외과재활의학과의원,"의료,건강 > 병원 > 정형외과",정형외과,HP8,031-499-7588,경기 시흥시 배곧동 229-1,경기 시흥시 배곧2로 95,126.7269231,37.36618007,http://place.map.kakao.com/486353393,4139013500,경기도 시흥시 배곧동,경기도,시흥시,배곧동,,4139059700,경기도 시흥시 배곧2동,경기도,시흥시,배곧2동
병원,527526525,서울뷰의원 시흥배곧,"의료,건강 > 병원 > 피부과",피부과,HP8,031-8042-2121,경기 시흥시 배곧동 200-1,경기 시흥시 서울대학로278번길 43-13,126.7301916,37.36922672,http://place.map.kakao.com/527526525,4139013500,경기도 시흥시 배곧동,경기도,시흥시,배곧동,,4139059700,경기도 시흥시 배곧2동,경기도,시흥시,배곧2동
병원,37817700,서울삼성내과의원,"의료,건강 > 병원 > 내과",내과,HP8,031-431-7117,경기 시흥시 배곧동 199-1,경기 시흥시 배곧3로 96,126.73044677416014,37.36983549295125,http://place.map.kakao.com/37817700,4139013500,경기도 시흥시 배곧동,경기도,시흥시,배곧동,,4139059700,경기도 시흥시 배곧2동,경기도,시흥시,배곧2동
병원,265584409,서울아산이비인후과의원,"의료,건강 > 병원 > 이비인후과",내과,HP8,031-433-7511,경기 시흥시 배곧동 200-1,경기 시흥시 서울대학로278번길 43-13,126.7301916,37.36922672,http://place.map.kakao.com/265584409,4139013500,경기도 시흥시 배곧동,경기도,시흥시,배곧동,,4139059700,경기도 시흥시 배곧2동,경기도,시흥시,배곧2동
병원,1969778144,서울예은치과,"의료,건강 > 병원 > 치과",치과,HP8,031-403-7528,경기 시흥시 배곧동 224-1,경기 시흥시 서울대학로264번길 26-16,126.72564689385727,37.36694748846614,http://place.map.kakao.com/1969778144,4139013500,경기도 시흥시 배곧동,경기도,시흥시,배곧동,,4139059700,경기도 시흥시 배곧2동,경기도,시흥시,배곧2동
병원,1539461102,서울웃는아이소아치과의원,"의료,건강 > 병원 > 치과",치과,HP8,031-313-2877,경기 시흥시 배곧동 194-2,경기 시흥시 배곧3로 86,126.72938066852485,37.370258341462886,http://place.map.kakao.com/1539461102,4139013500,경기도 시흥시 배곧동,경기도,시흥시,배곧동,,4139059700,경기도 시흥시 배곧2동,경기도,시흥시,배곧2동
병원,711018337,서울윈치과의원,"의료,건강 > 병원 > 치과",치과,HP8,031-319-3321,경기 시흥시 배곧동 194-2,경기 시흥시 배곧3로 86,126.7294826,37.37017748,http://place.map.kakao.com/711018337,4139013500,경기도 시흥시 배곧동,경기도,시흥시,배곧동,,4139059700,경기도 시흥시 배곧2동,경기도,시흥시,배곧2동
병원,956886517,스노우의원 시흥배곧점,"의료,건강 > 병원 > 피부과",피부과,HP8,031-499-9966,경기 시흥시 배곧동 194-2,경기 시흥시 배곧3로 86,126.7293863,37.37026016,http://place.map.kakao.com/956886517,4139013500,경기도 시흥시 배곧동,경기도,시흥시,배곧동,,4139059700,경기도 시흥시 배곧2동,경기도,시흥시,배곧2동
병원,23400117,시카고치과의원,"의료,건강 > 병원 > 치과",치과,HP8,031-433-2275,경기 시흥시 배곧동 231,경기 시흥시 서울대학로264번길 44-4,126.72826730324557,37.36719140788712,http://place.map.kakao.com/23400117,4139013500,경기도 시흥시 배곧동,경기도,시흥시,배곧동,,4139059700,경기도 시흥시 배곧2동,경기도,시흥시,배곧2동
병원,533160682,에스한방병원,"의료,건강 > 병원 > 한방병원",기타,HP8,1661-3515,경기 시흥시 배곧동 231,경기 시흥시 서울대학로264번길 44-4,126.728229,37.367176,http://place.map.kakao.com/533160682,4139013500,경기도 시흥시 배곧동,경기도,시흥시,배곧동,,4139059700,경기도 시흥시 배곧2동,경기도,시흥시,배곧2동
병원,1957948363,엘뷰티의원,"의료,건강 > 병원 > 피부과",피부과,HP8,031-496-9120,경기 시흥시 배곧동 216,경기 시흥시 서울대학로278번길 34,126.7289387376536,37.36820479809788,http://place.map.kakao.com/1957948363,4139013500,경기도 시흥시 배곧동,경기도,시흥시,배곧동,,4139059700,경기도 시흥시 배곧2동,경기도,시흥시,배곧2동
병원,1002005256,연세강남신경외과의원,"의료,건강 > 병원 > 신경외과",기타,HP8,031-431-7588,경기 시흥시 배곧동 199-1,경기 시흥시 배곧3로 96,126.7304197,37.36983093,http://place.map.kakao.com/1002005256,4139013500,경기도 시흥시 배곧동,경기도,시흥시,배곧동,,4139059700,경기도 시흥시 배곧2동,경기도,시흥시,배곧2동
병원,519979713,연세베스트의원,"의료,건강 > 병원 > 일반의원",기타,HP8,031-488-9910,경기 시흥시 배곧동 191,경기 시흥시 서울대학로278번길 19-13,126.72799537979122,37.370279491363554,http://place.map.kakao.com/519979713,4139013500,경기도 시흥시 배곧동,경기도,시흥시,배곧동,,4139059700,경기도 시흥시 배곧2동,경기도,시흥시,배곧2동
병원,1775376724,연세우리내과의원,"의료,건강 > 병원 > 내과",내과,HP8,031-507-2479,경기 시흥시 배곧동 194-2,경기 시흥시 배곧3로 86,126.7295321,37.37022445,http://place.map.kakao.com/1775376724,4139013500,경기도 시흥시 배곧동,경기도,시흥시,배곧동,,4139059700,경기도 시흥시 배곧2동,경기도,시흥시,배곧2동
병원,359180524,연세조이소아청소년과의원,"의료,건강 > 병원 > 소아청소년과",기타,HP8,031-364-8375,경기 시흥시 배곧동 243,경기 시흥시 배곧1로 27-15,126.71372557914393,37.363436778867126,http://place.map.kakao.com/359180524,4139013500,경기도 시흥시 배곧동,경기도,시흥시,배곧동,,4139059700,경기도 시흥시 배곧2동,경기도,시흥시,배곧2동
병원,35123920,연세클리어의원,"의료,건강 > 병원 > 피부과",피부과,HP8,031-365-5533,경기 시흥시 배곧동 199-1,경기 시흥시 배곧3로 96,126.73042967261497,37.36988231,http://place.map.kakao.com/35123920,4139013500,경기도 시흥시 배곧동,경기도,시흥시,배곧동,,4139059700,경기도 시흥시 배곧2동,경기도,시흥시,배곧2동
병원,1210153578,열린마음정신건강의학과의원,"의료,건강 > 병원 > 정신건강의학과",기타,HP8,031-432-8383,경기 시흥시 배곧동 199-1,경기 시흥시 배곧3로 96,126.73038912150189,37.369856986105766,http://place.map.kakao.com/1210153578,4139013500,경기도 시흥시 배곧동,경기도,시흥시,배곧동,,4139059700,경기도 시흥시 배곧2동,경기도,시흥시,배곧2동
병원,1459183437,예미담치과의원,"의료,건강 > 병원 > 치과",치과,HP8,031-499-7528,경기 시흥시 배곧동 245,경기 시흥시 배곧1로 27-16,126.71429940029607,37.363339053621345,http://place.map.kakao.com/1459183437,4139013500,경기도 시흥시 배곧동,경기도,시흥시,배곧동,,4139059700,경기도 시흥시 배곧2동,경기도,시흥시,배곧2동
병원,907981698,유앤아이의원 시흥배곧점,"의료,건강 > 병원 > 피부과",피부과,HP8,031-362-6028,경기 시흥시 배곧동 199-1,경기 시흥시 배곧3로 96,126.7300111,37.36981828,http://place.map.kakao.com/907981698,4139013500,경기도 시흥시 배곧동,경기도,시흥시,배곧동,,4139059700,경기도 시흥시 배곧2동,경기도,시흥시,배곧2동
병원,1375164152,캠퍼스치과의원,"의료,건강 > 병원 > 치과",치과,HP8,031-433-7528,경기 시흥시 배곧동 245,경기 시흥시 배곧1로 27-16,126.7133401259162,37.362386152286824,http://place.map.kakao.com/1375164152,4139013500,경기도 시흥시 배곧동,경기도,시흥시,배곧동,,4139059700,경기도 시흥시 배곧2동,경기도,시흥시,배곧2동
병원,2143254528,코아이비인후과의원,"의료,건강 > 병원 > 이비인후과",내과,HP8,031-319-3220,경기 시흥시 배곧동 194-1,경기 시흥시 배곧3로 80,126.7290658,37.37055135,http://place.map.kakao.com/2143254528,4139013500,경기도 시흥시 배곧동,경기도,시흥시,배곧동,,4139059700,경기도 시흥시 배곧2동,경기도,시흥시,배곧2동
병원,2040388195,포에버의원 시흥점,"의료,건강 > 병원 > 피부과",피부과,HP8,1644-8132,경기 시흥시 배곧동 194-2,경기 시흥시 배곧3로 86,126.72950849676923,37.37018655200859,http://place.map.kakao.com/2040388195,4139013500,경기도 시흥시 배곧동,경기도,시흥시,배곧동,,4139059700,경기도 시흥시 배곧2동,경기도,시흥시,배곧2동
병원,1748373194,한라도담치과의원,"의료,건강 > 병원 > 치과",치과,HP8,031-497-7528,경기 시흥시 배곧동 243,경기 시흥시 배곧1로 27-15,126.71281818480603,37.36249751423853,http://place.map.kakao.com/1748373194,4139013500,경기도 시흥시 배곧동,경기도,시흥시,배곧동,,4139059700,경기도 시흥시 배곧2동,경기도,시흥시,배곧2동
병원,1704979447,해와별정신건강의학과의원,"의료,건강 > 병원 > 정신건강의학과",기타,HP8,031-434-7579,경기 시흥시 배곧동 224-1,경기 시흥시 서울대학로264번길 26-16,126.7256469,37.36694749,http://place.map.kakao.com/1704979447,4139013500,경기도 시흥시 배곧동,경기도,시흥시,배곧동,,4139059700,경기도 시흥시 배곧2동,경기도,시흥시,배곧2동
병원,18055482,제일내과의원,"의료,건강 > 병원 > 내과",내과,HP8,031-404-2228,경기 시흥시 하중동 856-6,경기 시흥시 하중로 199,126.8050194,37.39398699,http://place.map.kakao.com/18055482,4139011900,경기도 시흥시 하중동,경기도,시흥시,하중동,,4139063000,경기도 시흥시 연성동,경기도,시흥시,연성동
병원,10884599,편한이치과의원,"의료,건강 > 병원 > 치과",치과,HP8,031-404-7528,경기 시흥시 하중동 857-1,경기 시흥시 하중로 201,126.8051327,37.3938358,http://place.map.kakao.com/10884599,4139011900,경기도 시흥시 하중동,경기도,시흥시,하중동,,4139063000,경기도 시흥시 연성동,경기도,시흥시,연성동
병원,8629432,한빛 치과의원,"의료,건강 > 병원 > 치과",치과,HP8,031-318-2875,경기 시흥시 하중동 856-1,경기 시흥시 하중로 193,126.8045937,37.39442238,http://place.map.kakao.com/8629432,4139011900,경기도 시흥시 하중동,경기도,시흥시,하중동,,4139063000,경기도 시흥시 연성동,경기도,시흥시,연성동
병원,9066654,박재성내과의원,"의료,건강 > 병원 > 내과",내과,HP8,031-317-8003,경기 시흥시 하상동 376-2,경기 시흥시 연성로 83,126.8128142,37.39111631,http://place.map.kakao.com/9066654,4139012000,경기도 시흥시 하상동,경기도,시흥시,하상동,,4139063000,경기도 시흥시 연성동,경기도,시흥시,연성동
병원,11102493,연성치과,"의료,건강 > 병원 > 치과",치과,HP8,031-317-9575,경기 시흥시 하상동 376-1,경기 시흥시 연성로 83-1,126.8126202,37.39104032,http://place.map.kakao.com/11102493,4139012000,경기도 시흥시 하상동,경기도,시흥시,하상동,,4139063000,경기도 시흥시 연성동,경기도,시흥시,연성동
병원,12364767,경기도립노인전문 시흥병원,"의료,건강 > 병원 > 노인,요양병원",기타,HP8,031-500-7100,경기 시흥시 광석동 353-9,경기 시흥시 하중로 285,126.80709231818379,37.386242501283405,http://place.map.kakao.com/12364767,4139012100,경기도 시흥시 광석동,경기도,시흥시,광석동,,4139063000,경기도 시흥시 연성동,경기도,시흥시,연성동
병원,238545416,시흥우리치과의원,"의료,건강 > 병원 > 치과",치과,HP8,031-312-2875,경기 시흥시 장현동 540,경기 시흥시 시청로 61,126.8002946,37.37987,http://place.map.kakao.com/238545416,4139012900,경기도 시흥시 장현동,경기도,시흥시,장현동,,4139063000,경기도 시흥시 연성동,경기도,시흥시,연성동
병원,9414803,장미치과,"의료,건강 > 병원 > 치과",치과,HP8,031-318-6888,경기 시흥시 장현동 545-5,경기 시흥시 시청로68번길 10,126.8008349,37.38093322,http://place.map.kakao.com/9414803,4139012900,경기도 시흥시 장현동,경기도,시흥시,장현동,,4139063000,경기도 시흥시 연성동,경기도,시흥시,연성동
병원,8530175,장현가정의학과의원,"의료,건강 > 병원 > 가정의학과",기타,HP8,031-318-6347,경기 시흥시 장현동 544-6,경기 시흥시 새재로7번길 6,126.8010025,37.38073888,http://place.map.kakao.com/8530175,4139012900,경기도 시흥시 장현동,경기도,시흥시,장현동,,4139063000,경기도 시흥시 연성동,경기도,시흥시,연성동
병원,1843783618,365장곡편한내과의원,"의료,건강 > 병원 > 내과",내과,HP8,031-311-7553,경기 시흥시 장곡동 251,경기 시흥시 장현장곡로 2,126.7892978,37.3788625,http://place.map.kakao.com/1843783618,4139013000,경기도 시흥시 장곡동,경기도,시흥시,장곡동,,4139063100,경기도 시흥시 장곡동,경기도,시흥시,장곡동
병원,754578569,강한마디재활의학과,"의료,건강 > 병원 > 재활의학과",기타,HP8,031-315-7100,경기 시흥시 장곡동 932-5,경기 시흥시 황고개로 530,126.78925113978305,37.378201060902676,http://place.map.kakao.com/754578569,4139013000,경기도 시흥시 장곡동,경기도,시흥시,장곡동,,4139063100,경기도 시흥시 장곡동,경기도,시흥시,장곡동
병원,1820177997,김사라소아청소년과의원,"의료,건강 > 병원 > 소아청소년과",기타,HP8,031-315-0608,경기 시흥시 장곡동 251,경기 시흥시 장현장곡로 2,126.7892922,37.37886609,http://place.map.kakao.com/1820177997,4139013000,경기도 시흥시 장곡동,경기도,시흥시,장곡동,,4139063100,경기도 시흥시 장곡동,경기도,시흥시,장곡동
병원,11980720,늘푸른치과의원,"의료,건강 > 병원 > 치과",치과,HP8,031-404-2822,경기 시흥시 장곡동 820-3,경기 시흥시 진말로9번길 2,126.78524446971413,37.37846596216967,http://place.map.kakao.com/11980720,4139013000,경기도 시흥시 장곡동,경기도,시흥시,장곡동,,4139063100,경기도 시흥시 장곡동,경기도,시흥시,장곡동
병원,888130855,도담성모정형외과의원,"의료,건강 > 병원 > 정형외과",정형외과,HP8,031-365-5987,경기 시흥시 장곡동 823-1,경기 시흥시 진말로 20,126.7857914,37.37910488,http://place.map.kakao.com/888130855,4139013000,경기도 시흥시 장곡동,경기도,시흥시,장곡동,,4139063100,경기도 시흥시 장곡동,경기도,시흥시,장곡동
병원,2045613769,미소아이안과 장곡,"의료,건강 > 병원 > 안과",기타,HP8,031-311-1006,경기 시흥시 장곡동 932-2,경기 시흥시 장현장곡로 2,126.78928213803866,37.37882462409478,http://place.map.kakao.com/2045613769,4139013000,경기도 시흥시 장곡동,경기도,시흥시,장곡동,,4139063100,경기도 시흥시 장곡동,경기도,시흥시,장곡동
병원,1886879208,미엘피부과의원 시흥점,"의료,건강 > 병원 > 피부과",피부과,HP8,031-312-9800,경기 시흥시 장곡동 251,경기 시흥시 장현장곡로 2,126.7892978,37.3788625,http://place.map.kakao.com/1886879208,4139013000,경기도 시흥시 장곡동,경기도,시흥시,장곡동,,4139063100,경기도 시흥시 장곡동,경기도,시흥시,장곡동
병원,821347313,미올린의원 시흥점,"의료,건강 > 병원 > 피부과",피부과,HP8,031-313-2536,경기 시흥시 장곡동 817-3,경기 시흥시 장곡로37번길 16,126.7844021,37.3780896,http://place.map.kakao.com/821347313,4139013000,경기도 시흥시 장곡동,경기도,시흥시,장곡동,,4139063100,경기도 시흥시 장곡동,경기도,시흥시,장곡동
병원,349948221,밴스의원 시흥,"의료,건강 > 병원 > 피부과",피부과,HP8,031-8042-3652,경기 시흥시 장곡동 882-4,경기 시흥시 장곡1로 5,126.78478840536359,37.379623848607494,http://place.map.kakao.com/349948221,4139013000,경기도 시흥시 장곡동,경기도,시흥시,장곡동,,4139063100,경기도 시흥시 장곡동,경기도,시흥시,장곡동
병원,1778596935,삼성늘봄산부인과의원,"의료,건강 > 병원 > 산부인과",산부인과,HP8,031-504-7575,경기 시흥시 장곡동 895-5,경기 시흥시 황고개로 531,126.7886089,37.37812333,http://place.map.kakao.com/1778596935,4139013000,경기도 시흥시 장곡동,경기도,시흥시,장곡동,,4139063100,경기도 시흥시 장곡동,경기도,시흥시,장곡동
병원,1303762910,서울스마트치과의원,"의료,건강 > 병원 > 치과",치과,HP8,031-311-2850,경기 시흥시 장곡동 251,경기 시흥시 장현장곡로 2,126.7892922,37.37885888,http://place.map.kakao.com/1303762910,4139013000,경기도 시흥시 장곡동,경기도,시흥시,장곡동,,4139063100,경기도 시흥시 장곡동,경기도,시흥시,장곡동
병원,74421754,성모베스트내과의원,"의료,건강 > 병원 > 내과",내과,HP8,031-315-2121,경기 시흥시 장곡동 877-1,경기 시흥시 장곡로 50,126.78319068980551,37.37964525799937,http://place.map.kakao.com/74421754,4139013000,경기도 시흥시 장곡동,경기도,시흥시,장곡동,,4139063100,경기도 시흥시 장곡동,경기도,시흥시,장곡동
병원,1267871932,시흥장곡역치과의원,"의료,건강 > 병원 > 치과",치과,HP8,031-314-2842,경기 시흥시 장곡동 932-5,경기 시흥시 황고개로 530,126.7892478837142,37.37815420189793,http://place.map.kakao.com/1267871932,4139013000,경기도 시흥시 장곡동,경기도,시흥시,장곡동,,4139063100,경기도 시흥시 장곡동,경기도,시흥시,장곡동
병원,58260578,아이엔드소아청소년과의원,"의료,건강 > 병원 > 소아청소년과",기타,HP8,031-504-9598,경기 시흥시 장곡동 949-13,경기 시흥시 장현능곡로 9,126.7915575,37.37299633,http://place.map.kakao.com/58260578,4139013000,경기도 시흥시 장곡동,경기도,시흥시,장곡동,,4139063100,경기도 시흥시 장곡동,경기도,시흥시,장곡동
병원,1083894367,아이한길소아치과,"의료,건강 > 병원 > 치과",치과,HP8,031-8044-7522,경기 시흥시 장곡동 932-3,경기 시흥시 황고개로 536,126.7892481,37.37848938,http://place.map.kakao.com/1083894367,4139013000,경기도 시흥시 장곡동,경기도,시흥시,장곡동,,4139063100,경기도 시흥시 장곡동,경기도,시흥시,장곡동
병원,9236706,연성부부치과의원,"의료,건강 > 병원 > 치과",치과,HP8,031-317-7528,경기 시흥시 장곡동 807,경기 시흥시 장곡로53번길 12,126.7825508,37.37835652,http://place.map.kakao.com/9236706,4139013000,경기도 시흥시 장곡동,경기도,시흥시,장곡동,,4139063100,경기도 시흥시 장곡동,경기도,시흥시,장곡동
병원,88681709,연세김안과의원,"의료,건강 > 병원 > 안과",기타,HP8,031-503-2022,경기 시흥시 장곡동 932-6,경기 시흥시 황고개로 528,126.78923497798077,37.377924417997164,http://place.map.kakao.com/88681709,4139013000,경기도 시흥시 장곡동,경기도,시흥시,장곡동,,4139063100,경기도 시흥시 장곡동,경기도,시흥시,장곡동
병원,2120290486,연세탑마취통증의학과,"의료,건강 > 병원 > 정형외과",정형외과,HP8,031-795-9575,경기 시흥시 장곡동 251,경기 시흥시 장현장곡로 2,126.7892978,37.3788625,http://place.map.kakao.com/2120290486,4139013000,경기도 시흥시 장곡동,경기도,시흥시,장곡동,,4139063100,경기도 시흥시 장곡동,경기도,시흥시,장곡동
병원,1941360882,연세햇님소아청소년과의원,"의료,건강 > 병원 > 소아청소년과",기타,HP8,031-313-5688,경기 시흥시 장곡동 932-5,경기 시흥시 황고개로 530,126.78925113978305,37.378201060902676,http://place.map.kakao.com/1941360882,4139013000,경기도 시흥시 장곡동,경기도,시흥시,장곡동,,4139063100,경기도 시흥시 장곡동,경기도,시흥시,장곡동
병원,664024112,예가치과의원,"의료,건강 > 병원 > 치과",치과,HP8,031-435-2879,경기 시흥시 장곡동 196,경기 시흥시 장현장곡로 6,126.7897075,37.37892089,http://place.map.kakao.com/664024112,4139013000,경기도 시흥시 장곡동,경기도,시흥시,장곡동,,4139063100,경기도 시흥시 장곡동,경기도,시흥시,장곡동
병원,1596318440,예일연합이비인후과의원,"의료,건강 > 병원 > 일반의원",기타,HP8,031-313-7585,경기 시흥시 장곡동 251,경기 시흥시 장현장곡로 2,126.7892978,37.3788625,http://place.map.kakao.com/1596318440,4139013000,경기도 시흥시 장곡동,경기도,시흥시,장곡동,,4139063100,경기도 시흥시 장곡동,경기도,시흥시,장곡동
병원,1211012160,우리의원,"의료,건강 > 병원 > 일반의원",기타,HP8,031-506-1075,경기 시흥시 장곡동 904-2,경기 시흥시 인선길 21,126.7860909,37.37700153,http://place.map.kakao.com/1211012160,4139013000,경기도 시흥시 장곡동,경기도,시흥시,장곡동,,4139063100,경기도 시흥시 장곡동,경기도,시흥시,장곡동
병원,1415190702,원이비인후과의원,"의료,건강 > 병원 > 이비인후과",내과,HP8,031-317-8001,경기 시흥시 장곡동 895-5,경기 시흥시 황고개로 531,126.7886089,37.37812333,http://place.map.kakao.com/1415190702,4139013000,경기도 시흥시 장곡동,경기도,시흥시,장곡동,,4139063100,경기도 시흥시 장곡동,경기도,시흥시,장곡동
병원,25620179,이배진내과의원,"의료,건강 > 병원 > 내과",내과,HP8,031-317-8375,경기 시흥시 장곡동 823-1,경기 시흥시 진말로 20,126.78579137130147,37.37910758133358,http://place.map.kakao.com/25620179,4139013000,경기도 시흥시 장곡동,경기도,시흥시,장곡동,,4139063100,경기도 시흥시 장곡동,경기도,시흥시,장곡동
병원,1515407449,일어나병원,"의료,건강 > 병원 > 정형외과",정형외과,HP8,031-317-0111,경기 시흥시 장곡동 949-9,경기 시흥시 황고개로 472,126.7907124,37.37321829,http://place.map.kakao.com/1515407449,4139013000,경기도 시흥시 장곡동,경기도,시흥시,장곡동,,4139063100,경기도 시흥시 장곡동,경기도,시흥시,장곡동
병원,614744428,장곡맑은위내과,"의료,건강 > 병원 > 내과",내과,HP8,031-507-1000,경기 시흥시 장곡동 932-6,경기 시흥시 황고개로 528,126.78918538791456,37.377892793800804,http://place.map.kakao.com/614744428,4139013000,경기도 시흥시 장곡동,경기도,시흥시,장곡동,,4139063100,경기도 시흥시 장곡동,경기도,시흥시,장곡동
병원,1043738791,장곡정형외과의원,"의료,건강 > 병원 > 정형외과",정형외과,HP8,031-317-7780,경기 시흥시 장곡동 385-8,경기 시흥시 장곡로 50,126.78313624756797,37.379730755355126,http://place.map.kakao.com/1043738791,4139013000,경기도 시흥시 장곡동,경기도,시흥시,장곡동,,4139063100,경기도 시흥시 장곡동,경기도,시흥시,장곡동
병원,634537248,장현탑치과의원,"의료,건강 > 병원 > 치과",치과,HP8,031-313-2878,경기 시흥시 장곡동 949-16,경기 시흥시 장현능곡로 15,126.7921277,37.37299283,http://place.map.kakao.com/634537248,4139013000,경기도 시흥시 장곡동,경기도,시흥시,장곡동,,4139063100,경기도 시흥시 장곡동,경기도,시흥시,장곡동
병원,2073675977,장현한방병원,"의료,건강 > 병원 > 한방병원",기타,HP8,031-507-0055,경기 시흥시 장곡동 260-21,경기 시흥시 황고개로 526,126.7891342486163,37.37760797930501,http://place.map.kakao.com/2073675977,4139013000,경기도 시흥시 장곡동,경기도,시흥시,장곡동,,4139063100,경기도 시흥시 장곡동,경기도,시흥시,장곡동
병원,1596238392,참편한비뇨의학과의원,"의료,건강 > 병원 > 비뇨기과",기타,HP8,031-404-8236,경기 시흥시 장곡동 251,경기 시흥시 장현장곡로 2,126.7892978,37.3788625,http://place.map.kakao.com/1596238392,4139013000,경기도 시흥시 장곡동,경기도,시흥시,장곡동,,4139063100,경기도 시흥시 장곡동,경기도,시흥시,장곡동
병원,1495275389,최소아청소년과의원,"의료,건강 > 병원 > 소아청소년과",기타,HP8,031-503-7533,경기 시흥시 장곡동 820-3,경기 시흥시 진말로9번길 2,126.78535320364708,37.37834542247132,http://place.map.kakao.com/1495275389,4139013000,경기도 시흥시 장곡동,경기도,시흥시,장곡동,,4139063100,경기도 시흥시 장곡동,경기도,시흥시,장곡동
병원,438210810,코코이비인후과의원,"의료,건강 > 병원 > 이비인후과",내과,HP8,031-435-0503,경기 시흥시 장곡동 877-1,경기 시흥시 장곡로 50,126.78302142409214,37.37961160973639,http://place.map.kakao.com/438210810,4139013000,경기도 시흥시 장곡동,경기도,시흥시,장곡동,,4139063100,경기도 시흥시 장곡동,경기도,시흥시,장곡동
병원,614698817,키즈드림소아청소년과의원,"의료,건강 > 병원 > 소아청소년과",기타,HP8,031-311-7797,경기 시흥시 장곡동 196,경기 시흥시 장현장곡로 6,126.7897075,37.37891999,http://place.map.kakao.com/614698817,4139013000,경기도 시흥시 장곡동,경기도,시흥시,장곡동,,4139063100,경기도 시흥시 장곡동,경기도,시흥시,장곡동
병원,9534408,하나치과의원,"의료,건강 > 병원 > 치과",치과,HP8,031-317-4020,경기 시흥시 장곡동 823-1,경기 시흥시 진말로 20,126.7857913687375,37.37910848236073,http://place.map.kakao.com/9534408,4139013000,경기도 시흥시 장곡동,경기도,시흥시,장곡동,,4139063100,경기도 시흥시 장곡동,경기도,시흥시,장곡동
병원,879083555,하온치과의원,"의료,건강 > 병원 > 치과",치과,HP8,031-506-2080,경기 시흥시 장곡동 932-7,경기 시흥시 황고개로 526,126.78920875571858,37.37761171620884,http://place.map.kakao.com/879083555,4139013000,경기도 시흥시 장곡동,경기도,시흥시,장곡동,,4139063100,경기도 시흥시 장곡동,경기도,시흥시,장곡동
병원,10008419,하이덴치과의원,"의료,건강 > 병원 > 치과",치과,HP8,031-435-2875,경기 시흥시 장곡동 877-1,경기 시흥시 장곡로 50,126.78316340255246,37.37971098263619,http://place.map.kakao.com/10008419,4139013000,경기도 시흥시 장곡동,경기도,시흥시,장곡동,,4139063100,경기도 시흥시 장곡동,경기도,시흥시,장곡동
병원,11748785,한사랑산부인과의원,"의료,건강 > 병원 > 산부인과",산부인과,HP8,031-317-8374,경기 시흥시 장곡동 823-1,경기 시흥시 진말로 20,126.78579137130147,37.37910758133358,http://place.map.kakao.com/11748785,4139013000,경기도 시흥시 장곡동,경기도,시흥시,장곡동,,4139063100,경기도 시흥시 장곡동,경기도,시흥시,장곡동
병원,928555247,365제이에스JS소아청소년과의원,"의료,건강 > 병원 > 소아청소년과",기타,HP8,031-365-3735,경기 시흥시 능곡동 871,경기 시흥시 장현능곡로 155,126.8073073466444,37.37104889563363,http://place.map.kakao.com/928555247,4139011800,경기도 시흥시 능곡동,경기도,시흥시,능곡동,,4139064000,경기도 시흥시 능곡동,경기도,시흥시,능곡동
병원,1253848935,가온내과의원,"의료,건강 > 병원 > 내과",내과,HP8,031-317-7588,경기 시흥시 능곡동 723,경기 시흥시 승지로59번길 12,126.809036,37.36874327,http://place.map.kakao.com/1253848935,4139011800,경기도 시흥시 능곡동,경기도,시흥시,능곡동,,4139064000,경기도 시흥시 능곡동,경기도,시흥시,능곡동
병원,1022821738,김철수내과의원,"의료,건강 > 병원 > 내과",내과,HP8,031-503-0872,경기 시흥시 능곡동 212,경기 시흥시 능곡번영길 30,126.806622,37.37020982,http://place.map.kakao.com/1022821738,4139011800,경기도 시흥시 능곡동,경기도,시흥시,능곡동,,4139064000,경기도 시흥시 능곡동,경기도,시흥시,능곡동
병원,17791375,꾸러기소아청소년과의원,"의료,건강 > 병원 > 일반의원",기타,HP8,031-316-9955,경기 시흥시 능곡동 762,경기 시흥시 승지로60번길 25,126.812253,37.36798796,http://place.map.kakao.com/17791375,4139011800,경기도 시흥시 능곡동,경기도,시흥시,능곡동,,4139064000,경기도 시흥시 능곡동,경기도,시흥시,능곡동
병원,15890485,능곡늘푸른 정형외과의원,"의료,건강 > 병원 > 정형외과",정형외과,HP8,031-317-7252,경기 시흥시 능곡동 752,경기 시흥시 능곡로 188,126.8102561,37.36839654106789,http://place.map.kakao.com/15890485,4139011800,경기도 시흥시 능곡동,경기도,시흥시,능곡동,,4139064000,경기도 시흥시 능곡동,경기도,시흥시,능곡동
병원,9729515,능곡웰치과의원,"의료,건강 > 병원 > 치과",치과,HP8,031-435-7528,경기 시흥시 능곡동 755,경기 시흥시 능곡로 178,126.8114218,37.36813441,http://place.map.kakao.com/9729515,4139011800,경기도 시흥시 능곡동,경기도,시흥시,능곡동,,4139064000,경기도 시흥시 능곡동,경기도,시흥시,능곡동
병원,2128549911,능곡하나내과의원,"의료,건강 > 병원 > 내과",내과,HP8,031-364-8393,경기 시흥시 능곡동 734,경기 시흥시 장현능곡로 188,126.81099661342385,37.36931316797586,http://place.map.kakao.com/2128549911,4139011800,경기도 시흥시 능곡동,경기도,시흥시,능곡동,,4139064000,경기도 시흥시 능곡동,경기도,시흥시,능곡동
병원,981036968,닥터손치과의원,"의료,건강 > 병원 > 치과",치과,HP8,031-404-2828,경기 시흥시 능곡동 211-1,경기 시흥시 능곡군자로 50,126.80619416765082,37.369304495248485,http://place.map.kakao.com/981036968,4139011800,경기도 시흥시 능곡동,경기도,시흥시,능곡동,,4139064000,경기도 시흥시 능곡동,경기도,시흥시,능곡동
병원,870325109,더바른피부과의원,"의료,건강 > 병원 > 피부과",피부과,HP8,031-435-0550,경기 시흥시 능곡동 722,경기 시흥시 승지로59번길 12,126.80905239066597,37.36894873423345,http://place.map.kakao.com/870325109,4139011800,경기도 시흥시 능곡동,경기도,시흥시,능곡동,,4139064000,경기도 시흥시 능곡동,경기도,시흥시,능곡동
병원,1193734907,더이비인후과의원,"의료,건강 > 병원 > 이비인후과",내과,HP8,031-504-5335,경기 시흥시 능곡동 722,경기 시흥시 승지로59번길 12,126.8090356,37.36889465,http://place.map.kakao.com/1193734907,4139011800,경기도 시흥시 능곡동,경기도,시흥시,능곡동,,4139064000,경기도 시흥시 능곡동,경기도,시흥시,능곡동
병원,246704503,바른서울이비인후과의원,"의료,건강 > 병원 > 이비인후과",내과,HP8,031-315-7005,경기 시흥시 능곡동 457-12,경기 시흥시 능곡번영길 22,126.8078715,37.36986587,http://place.map.kakao.com/246704503,4139011800,경기도 시흥시 능곡동,경기도,시흥시,능곡동,,4139064000,경기도 시흥시 능곡동,경기도,시흥시,능곡동
병원,331300938,바른탑치과의원,"의료,건강 > 병원 > 치과",치과,HP8,031-503-2879,경기 시흥시 능곡동 722,경기 시흥시 승지로59번길 12,126.8090017,37.36891712,http://place.map.kakao.com/331300938,4139011800,경기도 시흥시 능곡동,경기도,시흥시,능곡동,,4139064000,경기도 시흥시 능곡동,경기도,시흥시,능곡동
병원,1164939979,베스트내과의원,"의료,건강 > 병원 > 내과",내과,HP8,031-317-9226,경기 시흥시 능곡동 762,경기 시흥시 승지로60번길 25,126.8122677,37.36799159,http://place.map.kakao.com/1164939979,4139011800,경기도 시흥시 능곡동,경기도,시흥시,능곡동,,4139064000,경기도 시흥시 능곡동,경기도,시흥시,능곡동
병원,609328817,삼성서울정형외과의원,"의료,건강 > 병원 > 정형외과",정형외과,HP8,031-795-0750,경기 시흥시 능곡동 산 27-1,경기 시흥시 능곡번영길 24,126.8074386,37.37005978,http://place.map.kakao.com/609328817,4139011800,경기도 시흥시 능곡동,경기도,시흥시,능곡동,,4139064000,경기도 시흥시 능곡동,경기도,시흥시,능곡동
병원,13553250,수이비인후과의원,"의료,건강 > 병원 > 이비인후과",내과,HP8,031-404-1470,경기 시흥시 능곡동 756,경기 시흥시 능곡로 174,126.8117291,37.36804479,http://place.map.kakao.com/13553250,4139011800,경기도 시흥시 능곡동,경기도,시흥시,능곡동,,4139064000,경기도 시흥시 능곡동,경기도,시흥시,능곡동
병원,1505072939,시흥드림항유외과의원,"의료,건강 > 병원 > 외과",기타,HP8,031-316-5553,경기 시흥시 능곡동 898-5,경기 시흥시 능곡번영길 30,126.80660054643819,37.370198075869965,http://place.map.kakao.com/1505072939,4139011800,경기도 시흥시 능곡동,경기도,시흥시,능곡동,,4139064000,경기도 시흥시 능곡동,경기도,시흥시,능곡동
병원,763391325,시흥샛별소아치과,"의료,건강 > 병원 > 치과",치과,HP8,031-315-5275,경기 시흥시 능곡동 722,경기 시흥시 승지로59번길 12,126.80890170501377,37.36871602646058,http://place.map.kakao.com/763391325,4139011800,경기도 시흥시 능곡동,경기도,시흥시,능곡동,,4139064000,경기도 시흥시 능곡동,경기도,시흥시,능곡동
병원,579151508,시흥서울대효요양병원,"의료,건강 > 병원 > 노인,요양병원",기타,HP8,031-8099-9114,경기 시흥시 능곡동 722,경기 시흥시 승지로59번길 12,126.80903334062037,37.368892839938084,http://place.map.kakao.com/579151508,4139011800,경기도 시흥시 능곡동,경기도,시흥시,능곡동,,4139064000,경기도 시흥시 능곡동,경기도,시흥시,능곡동
병원,1345802074,시흥세브란스치과의원,"의료,건강 > 병원 > 치과",치과,HP8,031-313-2875,경기 시흥시 능곡동 719,경기 시흥시 장현능곡로 178,126.8097402585758,37.36970309943768,http://place.map.kakao.com/1345802074,4139011800,경기도 시흥시 능곡동,경기도,시흥시,능곡동,,4139064000,경기도 시흥시 능곡동,경기도,시흥시,능곡동
병원,1489943522,시흥안심정형외과의원,"의료,건강 > 병원 > 정형외과",정형외과,HP8,031-313-7588,경기 시흥시 능곡동 722,경기 시흥시 승지로59번길 12,126.80889023987152,37.36878538684041,http://place.map.kakao.com/1489943522,4139011800,경기도 시흥시 능곡동,경기도,시흥시,능곡동,,4139064000,경기도 시흥시 능곡동,경기도,시흥시,능곡동
병원,1459072975,시흥장현이엠365의원,"의료,건강 > 병원 > 일반의원",기타,HP8,031-313-0365,경기 시흥시 능곡동 898-5,경기 시흥시 능곡번영길 30,126.80679577192059,37.37022993,http://place.map.kakao.com/1459072975,4139011800,경기도 시흥시 능곡동,경기도,시흥시,능곡동,,4139064000,경기도 시흥시 능곡동,경기도,시흥시,능곡동
병원,84010069,시흥퍼스트치과의원,"의료,건강 > 병원 > 치과",치과,HP8,031-431-2804,경기 시흥시 능곡동 212,경기 시흥시 능곡번영길 30,126.806622,37.37020982,http://place.map.kakao.com/84010069,4139011800,경기도 시흥시 능곡동,경기도,시흥시,능곡동,,4139064000,경기도 시흥시 능곡동,경기도,시흥시,능곡동
병원,1924723023,아이비소아청소년과의원,"의료,건강 > 병원 > 소아청소년과",기타,HP8,031-318-1357,경기 시흥시 능곡동 산 27-1,경기 시흥시 능곡번영길 24,126.8074386,37.37005978,http://place.map.kakao.com/1924723023,4139011800,경기도 시흥시 능곡동,경기도,시흥시,능곡동,,4139064000,경기도 시흥시 능곡동,경기도,시흥시,능곡동
병원,284919525,연세바로치과의원 시흥점,"의료,건강 > 병원 > 치과",치과,HP8,031-313-7522,경기 시흥시 능곡동 457-12,경기 시흥시 능곡번영길 22,126.8078658,37.36986225,http://place.map.kakao.com/284919525,4139011800,경기도 시흥시 능곡동,경기도,시흥시,능곡동,,4139064000,경기도 시흥시 능곡동,경기도,시흥시,능곡동
병원,13519061,오케이치과의원,"의료,건강 > 병원 > 치과",치과,HP8,031-435-8275,경기 시흥시 능곡동 762,경기 시흥시 승지로60번길 25,126.812253,37.36798796,http://place.map.kakao.com/13519061,4139011800,경기도 시흥시 능곡동,경기도,시흥시,능곡동,,4139064000,경기도 시흥시 능곡동,경기도,시흥시,능곡동
병원,872751195,원산부인과의원,"의료,건강 > 병원 > 산부인과",산부인과,HP8,031-315-7701,경기 시흥시 능곡동 산 27-1,경기 시흥시 능곡번영길 24,126.8074386,37.37005978,http://place.map.kakao.com/872751195,4139011800,경기도 시흥시 능곡동,경기도,시흥시,능곡동,,4139064000,경기도 시흥시 능곡동,경기도,시흥시,능곡동
병원,324324139,하얀빛의원,"의료,건강 > 병원 > 피부과",피부과,HP8,031-360-3450,경기 시흥시 능곡동 212,경기 시흥시 능곡번영길 30,126.806622,37.37020982,http://place.map.kakao.com/324324139,4139011800,경기도 시흥시 능곡동,경기도,시흥시,능곡동,,4139064000,경기도 시흥시 능곡동,경기도,시흥시,능곡동
병원,12364834,하이서울치과의원,"의료,건강 > 병원 > 치과",치과,HP8,031-435-2880,경기 시흥시 능곡동 733,경기 시흥시 장현능곡로 184,126.8106011,37.36947742,http://place.map.kakao.com/12364834,4139011800,경기도 시흥시 능곡동,경기도,시흥시,능곡동,,4139064000,경기도 시흥시 능곡동,경기도,시흥시,능곡동
병원,1127576520,한종완신경외과의원,"의료,건강 > 병원 > 신경외과",기타,HP8,031-318-7582,경기 시흥시 능곡동 759,경기 시흥시 승지로60번길 17,126.8125787028108,37.368675056873265,http://place.map.kakao.com/1127576520,4139011800,경기도 시흥시 능곡동,경기도,시흥시,능곡동,,4139064000,경기도 시흥시 능곡동,경기도,시흥시,능곡동
병원,439460190,흥케이병원,"의료,건강 > 병원 > 정형외과",정형외과,HP8,031-314-7575,경기 시흥시 능곡동 898-9,경기 시흥시 능곡번영길 22,126.8078961832853,37.36990825536695,http://place.map.kakao.com/439460190,4139011800,경기도 시흥시 능곡동,경기도,시흥시,능곡동,,4139064000,경기도 시흥시 능곡동,경기도,시흥시,능곡동
병원,1670957311,거북섬한방병원,"의료,건강 > 병원 > 한방병원",기타,HP8,031-497-7582,경기 시흥시 정왕동 2703-9,경기 시흥시 거북섬1길 6,126.6769969,37.32567929,http://place.map.kakao.com/1670957311,4139013200,경기도 시흥시 정왕동,경기도,시흥시,정왕동,,4139065000,경기도 시흥시 거북섬동,경기도,시흥시,거북섬동
병원,983395721,미소지음치과의원,"의료,건강 > 병원 > 치과",치과,HP8,031-520-2875,경기 시흥시 정왕동 2713-3,경기 시흥시 거북섬로 211,126.6877619,37.3229186,http://place.map.kakao.com/983395721,4139013200,경기도 시흥시 정왕동,경기도,시흥시,정왕동,,4139065000,경기도 시흥시 거북섬동,경기도,시흥시,거북섬동
병원,397601962,서울성모의원,"의료,건강 > 병원 > 일반의원",기타,HP8,031-431-7585,경기 시흥시 정왕동 2713-4,경기 시흥시 거북섬로 207,126.6875799,37.32273702,http://place.map.kakao.com/397601962,4139013200,경기도 시흥시 정왕동,경기도,시흥시,정왕동,,4139065000,경기도 시흥시 거북섬동,경기도,시흥시,거북섬동
정신건강센터,,시흥시정신건강복지센터,,기타,,031-316-6661,경기도 시흥시 대야동 484-3번지,경기도 시흥시 호현로 55,126.785314,37.44553606,https://place.map.kakao.com/1511139864,,,,,,,,,,,