검색카테고리,id,place_name,category_name,세부분류,착한가격업소여부,category_group_code,category_group_name,phone,address_name,road_address_name,x,y,place_url,법정동코드,법정동명,법정동_시도,법정동_시군구,법정동_읍면동,법정동_리,행정동코드,행정동명,행정동_시도,행정동_시군구,행정동_읍면동,수집시각
카페,1568390015,cafe363,음식점 > 카페,일반카페,0,CE7,카페,,경기 시흥시 대야동 483-5,경기 시흥시 호현로49번안길 1,126.784299271203,37.4447070817609,http://place.map.kakao.com/1568390015,4139010100,경기도 시흥시 대야동,경기도,시흥시,대야동,,4139051000,경기도 시흥시 대야동,경기도,시흥시,대야동,2026-08-11T23:50:11+09:00
카페,342757630,가든인오븐,음식점 > 카페,일반카페,0,CE7,카페,,경기 시흥시 대야동 562-5,경기 시흥시 비둘기공원로 21,126.792172233376,37.4439535244818,http://place.map.kakao.com/342757630,4139010100,경기도 시흥시 대야동,경기도,시흥시,대야동,,4139051000,경기도 시흥시 대야동,경기도,시흥시,대야동,2026-08-11T23:50:11+09:00
카페,858662070,감성커피 시흥센트럴푸르지오점,음식점 > 카페 > 커피전문점 > 감성커피,일반카페,0,CE7,카페,031-311-4866,경기 시흥시 대야동 693,경기 시흥시 수인로3312번길 16,126.7886328612214,37.4399557586847,http://place.map.kakao.com/858662070,4139010100,경기도 시흥시 대야동,경기도,시흥시,대야동,,4139051000,경기도 시흥시 대야동,경기도,시흥시,대야동,2026-08-11T23:50:11+09:00
카페,237767359,기다림,음식점 > 카페,일반카페,0,CE7,카페,,경기 시흥시 대야동 496-4,경기 시흥시 호현로40번길 6,126.78568907711333,37.4435779376375,http://place.map.kakao.com/237767359,4139010100,경기도 시흥시 대야동,경기도,시흥시,대야동,,4139051000,경기도 시흥시 대야동,경기도,시흥시,대야동,2026-08-11T23:50:11+09:00
카페,15810764,낭만시대,음식점 > 카페,일반카페,0,CE7,카페,031-313-7089,경기 시흥시 대야동 541-2,경기 시흥시 비둘기공원6길 13-1,126.791492226783,37.4422223813771,http://place.map.kakao.com/15810764,4139010100,경기도 시흥시 대야동,경기도,시흥시,대야동,,4139051000,경기도 시흥시 대야동,경기도,시흥시,대야동,2026-08-11T23:50:11+09:00
카페,766412829,늘솜당,음식점 > 카페 > 테마카페 > 디저트카페,일반카페,0,CE7,카페,031-404-0950,경기 시흥시 대야동 1-173,경기 시흥시 하우로122번길 50-3,126.784421822192,37.4709123063367,http://place.map.kakao.com/766412829,4139010100,경기도 시흥시 대야동,경기도,시흥시,대야동,,4139051000,경기도 시흥시 대야동,경기도,시흥시,대야동,2026-08-11T23:50:11+09:00
카페,1879519657,달리는커피 시흥대야점,음식점 > 카페 > 커피전문점 > 달리는커피,일반카페,0,CE7,카페,070-7802-8300,경기 시흥시 대야동 541-1,경기 시흥시 비둘기공원6길 13,126.791291915692,37.4423292484321,http://place.map.kakao.com/1879519657,4139010100,경기도 시흥시 대야동,경기도,시흥시,대야동,,4139051000,경기도 시흥시 대야동,경기도,시흥시,대야동,2026-08-11T23:50:11+09:00
카페,846971797,달콩,음식점 > 카페,일반카페,0,CE7,카페,,경기 시흥시 대야동 543-1,경기 시흥시 비둘기공원7길 33,126.792746635534,37.4430120732745,http://place.map.kakao.com/846971797,4139010100,경기도 시흥시 대야동,경기도,시흥시,대야동,,4139051000,경기도 시흥시 대야동,경기도,시흥시,대야동,2026-08-11T23:50:11+09:00
카페,1621226104,달쿠쿠,음식점 > 카페,일반카페,0,CE7,카페,0507-1308-8069,경기 시흥시 대야동 1-110,경기 시흥시 하우로 181-4,126.78215643583093,37.47128567435874,http://place.map.kakao.com/1621226104,4139010100,경기도 시흥시 대야동,경기도,시흥시,대야동,,4139051000,경기도 시흥시 대야동,경기도,시흥시,대야동,2026-08-11T23:50:11+09:00
카페,1396032380,더리터24 시흥대야점,음식점 > 카페 > 테마카페 > 무인카페 > 더리터24,일반카페,0,CE7,카페,1688-5424,경기 시흥시 대야동 693,경기 시흥시 수인로3312번길 16,126.78857844960575,37.44001693029338,http://place.map.kakao.com/1396032380,4139010100,경기도 시흥시 대야동,경기도,시흥시,대야동,,4139051000,경기도 시흥시 대야동,경기도,시흥시,대야동,2026-08-11T23:50:11+09:00
카페,1603338038,더벤티 시흥대야역점,음식점 > 카페 > 커피전문점 > 더벤티,일반카페,0,CE7,카페,070-8691-1993,경기 시흥시 대야동 650,경기 시흥시 은계중앙로 374,126.795086819428,37.4509288472528,http://place.map.kakao.com/1603338038,4139010100,경기도 시흥시 대야동,경기도,시흥시,대야동,,4139051000,경기도 시흥시 대야동,경기도,시흥시,대야동,2026-08-11T23:50:11+09:00
카페,603481367,더벤티 시흥소래초점,음식점 > 카페 > 커피전문점 > 더벤티,일반카페,0,CE7,카페,070-8648-0554,경기 시흥시 대야동 484-10,경기 시흥시 호현로49번길 4-1,126.784706189272,37.4446735851912,http://place.map.kakao.com/603481367,4139010100,경기도 시흥시 대야동,경기도,시흥시,대야동,,4139051000,경기도 시흥시 대야동,경기도,시흥시,대야동,2026-08-11T23:50:11+09:00
카페,1325305764,더사운드,음식점 > 카페 > 테마카페,기타,0,CE7,카페,031-318-0322,경기 시흥시 대야동 531-2,경기 시흥시 비둘기공원5길 12,126.79041594480125,37.44321159244217,http://place.map.kakao.com/1325305764,4139010100,경기도 시흥시 대야동,경기도,시흥시,대야동,,4139051000,경기도 시흥시 대야동,경기도,시흥시,대야동,2026-08-11T23:50:11+09:00
카페,1100869517,더숲 소전미술관,음식점 > 카페,일반카페,0,CE7,카페,031-314-0206,경기 시흥시 대야동 420-106,경기 시흥시 소래산길 41,126.785498956121,37.4519858409034,http://place.map.kakao.com/1100869517,4139010100,경기도 시흥시 대야동,경기도,시흥시,대야동,,4139051000,경기도 시흥시 대야동,경기도,시흥시,대야동,2026-08-11T23:50:11+09:00
카페,413608017,더카페 롯데마트시흥점,음식점 > 카페 > 커피전문점 > 더카페,일반카페,0,CE7,카페,,경기 시흥시 대야동 542,경기 시흥시 비둘기공원로 28,126.791973599872,37.4430449537402,http://place.map.kakao.com/413608017,4139010100,경기도 시흥시 대야동,경기도,시흥시,대야동,,4139051000,경기도 시흥시 대야동,경기도,시흥시,대야동,2026-08-11T23:50:11+09:00
카페,63293054,데이롱카페 시흥대야점,음식점 > 카페 > 테마카페 > 무인카페 > 데이롱카페,일반카페,0,CE7,카페,0507-1414-5808,경기 시흥시 대야동 570-1,경기 시흥시 은행로 189,126.79647593516876,37.44670009308673,http://place.map.kakao.com/63293054,4139010100,경기도 시흥시 대야동,경기도,시흥시,대야동,,4139051000,경기도 시흥시 대야동,경기도,시흥시,대야동,2026-08-11T23:50:11+09:00
카페,884486950,디저트39 시흥대야점,음식점 > 카페 > 테마카페 > 디저트카페 > 디저트39,일반카페,0,CE7,카페,031-313-3131,경기 시흥시 대야동 544-1,경기 시흥시 비둘기공원7길 39,126.79225555890466,37.44242645350222,http://place.map.kakao.com/884486950,4139010100,경기도 시흥시 대야동,경기도,시흥시,대야동,,4139051000,경기도 시흥시 대야동,경기도,시흥시,대야동,2026-08-11T23:50:11+09:00
카페,169237049,라소래,음식점 > 카페,일반카페,0,CE7,카페,070-8671-7797,경기 시흥시 대야동 305-30,경기 시흥시 소래산길 49,126.786474034334,37.4516794605531,http://place.map.kakao.com/169237049,4139010100,경기도 시흥시 대야동,경기도,시흥시,대야동,,4139051000,경기도 시흥시 대야동,경기도,시흥시,대야동,2026-08-11T23:50:11+09:00
카페,1804892512,라움,음식점 > 카페,일반카페,0,CE7,카페,0502-5554-5318,경기 시흥시 대야동 305-51,경기 시흥시 호현로 155-21,126.786637224787,37.4527159188438,http://place.map.kakao.com/1804892512,4139010100,경기도 시흥시 대야동,경기도,시흥시,대야동,,4139051000,경기도 시흥시 대야동,경기도,시흥시,대야동,2026-08-11T23:50:11+09:00
카페,1579627434,러블리카페,음식점 > 카페,일반카페,0,CE7,카페,,경기 시흥시 대야동 583-1,경기 시흥시 은행로 186,126.79712843167,37.4469580035212,http://place.map.kakao.com/1579627434,4139010100,경기도 시흥시 대야동,경기도,시흥시,대야동,,4139051000,경기도 시흥시 대야동,경기도,시흥시,대야동,2026-08-11T23:50:11+09:00
카페,249660802,로컬커피소사이어티,음식점 > 카페 > 커피전문점,일반카페,0,CE7,카페,031-494-1331,경기 시흥시 대야동 501,경기 시흥시 뱀내장터로25번길 4,126.787610303598,37.4419253432666,http://place.map.kakao.com/249660802,4139010100,경기도 시흥시 대야동,경기도,시흥시,대야동,,4139051000,경기도 시흥시 대야동,경기도,시흥시,대야동,2026-08-11T23:50:11+09:00
카페,396653852,리얼커피 시흥대야점,음식점 > 카페 > 커피전문점,일반카페,0,CE7,카페,031-507-0288,경기 시흥시 대야동 653,경기 시흥시 은계중앙로 362,126.795869480931,37.4515419888617,http://place.map.kakao.com/396653852,4139010100,경기도 시흥시 대야동,경기도,시흥시,대야동,,4139051000,경기도 시흥시 대야동,경기도,시흥시,대야동,2026-08-11T23:50:11+09:00
카페,1499953640,리커맨드커피,음식점 > 카페,일반카페,0,CE7,카페,0502-5550-5927,경기 시흥시 대야동 303-76,경기 시흥시 호현로 155-9,126.78814465615106,37.45279791969322,http://place.map.kakao.com/1499953640,4139010100,경기도 시흥시 대야동,경기도,시흥시,대야동,,4139051000,경기도 시흥시 대야동,경기도,시흥시,대야동,2026-08-11T23:50:11+09:00
카페,1076443006,매머드익스프레스 시흥대야점,음식점 > 카페 > 커피전문점 > 매머드익스프레스,일반카페,0,CE7,카페,,경기 시흥시 대야동 303-1,경기 시흥시 호현로 147,126.788919478424,37.4525677460639,http://place.map.kakao.com/1076443006,4139010100,경기도 시흥시 대야동,경기도,시흥시,대야동,,4139051000,경기도 시흥시 대야동,경기도,시흥시,대야동,2026-08-11T23:50:11+09:00
카페,1379522259,매머드커피 시흥은계지산점,음식점 > 카페 > 커피전문점 > 매머드커피,일반카페,0,CE7,카페,,경기 시흥시 대야동 664-10,경기 시흥시 은계중앙로306번길 50,126.797539629124,37.4533063400442,http://place.map.kakao.com/1379522259,4139010100,경기도 시흥시 대야동,경기도,시흥시,대야동,,4139051000,경기도 시흥시 대야동,경기도,시흥시,대야동,2026-08-11T23:50:11+09:00
카페,1896532002,메가MGC커피 시흥대야댓골점,음식점 > 카페 > 커피전문점 > 메가MGC커피,일반카페,0,CE7,카페,031-311-9995,경기 시흥시 대야동 470-5,경기 시흥시 복지로53번길 16,126.787972502308,37.4449191592402,http://place.map.kakao.com/1896532002,4139010100,경기도 시흥시 대야동,경기도,시흥시,대야동,,4139051000,경기도 시흥시 대야동,경기도,시흥시,대야동,2026-08-11T23:50:11+09:00
카페,1613833209,메가MGC커피 시흥대야역점,음식점 > 카페 > 커피전문점 > 메가MGC커피,일반카페,0,CE7,카페,031-315-1119,경기 시흥시 대야동 645,경기 시흥시 은계로 353,126.794521167541,37.4503124738709,http://place.map.kakao.com/1613833209,4139010100,경기도 시흥시 대야동,경기도,시흥시,대야동,,4139051000,경기도 시흥시 대야동,경기도,시흥시,대야동,2026-08-11T23:50:11+09:00
카페,1023638616,메가MGC커피 시흥대야점,음식점 > 카페 > 커피전문점 > 메가MGC커피,일반카페,0,CE7,카페,031-315-0913,경기 시흥시 대야동 541-3,경기 시흥시 비둘기공원7길 46,126.79180307426631,37.442189591835884,http://place.map.kakao.com/1023638616,4139010100,경기도 시흥시 대야동,경기도,시흥시,대야동,,4139051000,경기도 시흥시 대야동,경기도,시흥시,대야동,2026-08-11T23:50:11+09:00
카페,972497122,메가MGC커피 시흥포도탑점,음식점 > 카페 > 커피전문점 > 메가MGC커피,일반카페,0,CE7,카페,031-318-8111,경기 시흥시 대야동 568-2,경기 시흥시 복지로 96,126.79183193638688,37.447271356032836,http://place.map.kakao.com/972497122,4139010100,경기도 시흥시 대야동,경기도,시흥시,대야동,,4139051000,경기도 시흥시 대야동,경기도,시흥시,대야동,2026-08-11T23:50:11+09:00
카페,855385032,메리딜라이트,음식점 > 카페,일반카페,0,CE7,카페,0507-1472-0238,경기 시흥시 대야동 556-1,경기 시흥시 비둘기공원2길 16-1,126.792626073462,37.4404277551476,http://place.map.kakao.com/855385032,4139010100,경기도 시흥시 대야동,경기도,시흥시,대야동,,4139051000,경기도 시흥시 대야동,경기도,시흥시,대야동,2026-08-11T23:50:11+09:00
카페,1472198624,메종드마망,음식점 > 카페,일반카페,0,CE7,카페,,경기 시흥시 대야동 490-8,경기 시흥시 복지로43번길 4,126.78874805896,37.443595157805,http://place.map.kakao.com/1472198624,4139010100,경기도 시흥시 대야동,경기도,시흥시,대야동,,4139051000,경기도 시흥시 대야동,경기도,시흥시,대야동,2026-08-11T23:50:11+09:00
카페,446862147,메종드아티스트,음식점 > 카페,일반카페,0,CE7,카페,,경기 시흥시 대야동 491-51,경기 시흥시 복지로43번길 3,126.78864117159,37.4434291802868,http://place.map.kakao.com/446862147,4139010100,경기도 시흥시 대야동,경기도,시흥시,대야동,,4139051000,경기도 시흥시 대야동,경기도,시흥시,대야동,2026-08-11T23:50:11+09:00
카페,1976439424,몬테인,음식점 > 카페 > 커피전문점,일반카페,0,CE7,카페,0503-7152-3606,경기 시흥시 대야동 305-29,경기 시흥시 호현로 155-24,126.786236537327,37.4529278335447,http://place.map.kakao.com/1976439424,4139010100,경기도 시흥시 대야동,경기도,시흥시,대야동,,4139051000,경기도 시흥시 대야동,경기도,시흥시,대야동,2026-08-11T23:50:11+09:00
카페,2109263996,뫼동,음식점 > 카페,일반카페,0,CE7,카페,,경기 시흥시 대야동 305-24,경기 시흥시 호현로 155-25,126.786394956914,37.4524622969237,http://place.map.kakao.com/2109263996,4139010100,경기도 시흥시 대야동,경기도,시흥시,대야동,,4139051000,경기도 시흥시 대야동,경기도,시흥시,대야동,2026-08-11T23:50:11+09:00
카페,658931405,무이커피 시흥,음식점 > 카페,일반카페,0,CE7,카페,0502-5554-3161,경기 시흥시 대야동 345-16,경기 시흥시 복지로 103-1,126.792081276882,37.4482367793751,http://place.map.kakao.com/658931405,4139010100,경기도 시흥시 대야동,경기도,시흥시,대야동,,4139051000,경기도 시흥시 대야동,경기도,시흥시,대야동,2026-08-11T23:50:11+09:00
카페,1553026911,미스터컵 시흥대야점,음식점 > 카페 > 테마카페 > 무인카페,일반카페,0,CE7,카페,,경기 시흥시 대야동 303-75,경기 시흥시 소래산길 67,126.788142129648,37.452491571171,http://place.map.kakao.com/1553026911,4139010100,경기도 시흥시 대야동,경기도,시흥시,대야동,,4139051000,경기도 시흥시 대야동,경기도,시흥시,대야동,2026-08-11T23:50:11+09:00
카페,116852922,발도스커피 은계지산점,음식점 > 카페 > 발도스커피,일반카페,0,CE7,카페,,경기 시흥시 대야동 667,경기 시흥시 은계중앙로306번길 19,126.799890093186,37.4517344733767,http://place.map.kakao.com/116852922,4139010100,경기도 시흥시 대야동,경기도,시흥시,대야동,,4139051000,경기도 시흥시 대야동,경기도,시흥시,대야동,2026-08-11T23:50:11+09:00
카페,1209184420,백억커피 시흥대야점,음식점 > 카페 > 커피전문점,일반카페,0,CE7,카페,,경기 시흥시 대야동 568-1,경기 시흥시 복지로 90,126.791706165161,37.4469828104079,http://place.map.kakao.com/1209184420,4139010100,경기도 시흥시 대야동,경기도,시흥시,대야동,,4139051000,경기도 시흥시 대야동,경기도,시흥시,대야동,2026-08-11T23:50:11+09:00
카페,631741523,봉명동내커피 시흥대야점,음식점 > 카페 > 커피전문점 > 봉명동내커피,일반카페,0,CE7,카페,031-8042-6688,경기 시흥시 대야동 498,경기 시흥시 뱀내장터로 3-1,126.785280606165,37.4425752696523,http://place.map.kakao.com/631741523,4139010100,경기도 시흥시 대야동,경기도,시흥시,대야동,,4139051000,경기도 시흥시 대야동,경기도,시흥시,대야동,2026-08-11T23:50:11+09:00
카페,44799993,브런치빈 시흥대야점,음식점 > 카페 > 브런치빈,일반카페,0,CE7,카페,031-317-0622,경기 시흥시 대야동 290-5,경기 시흥시 복지로 126,126.792483223101,37.4500088760815,http://place.map.kakao.com/44799993,4139010100,경기도 시흥시 대야동,경기도,시흥시,대야동,,4139051000,경기도 시흥시 대야동,경기도,시흥시,대야동,2026-08-11T23:50:11+09:00
카페,27597052,빽다방 시흥대야롯데점,음식점 > 카페 > 커피전문점 > 빽다방,일반카페,0,CE7,카페,031-312-7093,경기 시흥시 대야동 546-1,경기 시흥시 비둘기공원7길 51,126.79181360967102,37.441649903344135,http://place.map.kakao.com/27597052,4139010100,경기도 시흥시 대야동,경기도,시흥시,대야동,,4139051000,경기도 시흥시 대야동,경기도,시흥시,대야동,2026-08-11T23:50:11+09:00
카페,2010742383,빽다방 시흥대야역점,음식점 > 카페 > 커피전문점 > 빽다방,일반카페,0,CE7,카페,031-509-0514,경기 시흥시 대야동 650-1,경기 시흥시 은계중앙로306번길 82,126.79479808729,37.4511274699711,http://place.map.kakao.com/2010742383,4139010100,경기도 시흥시 대야동,경기도,시흥시,대야동,,4139051000,경기도 시흥시 대야동,경기도,시흥시,대야동,2026-08-11T23:50:11+09:00
카페,1233153017,사또빌리,음식점 > 카페,일반카페,0,CE7,카페,,경기 시흥시 대야동 555-8,경기 시흥시 비둘기공원2길 9,126.792484569889,37.4397012897325,http://place.map.kakao.com/1233153017,4139010100,경기도 시흥시 대야동,경기도,시흥시,대야동,,4139051000,경기도 시흥시 대야동,경기도,시흥시,대야동,2026-08-11T23:50:11+09:00
카페,221308188,사일런스,음식점 > 카페,일반카페,0,CE7,카페,0502-5550-2972,경기 시흥시 대야동 693,경기 시흥시 수인로3312번길 16,126.788776812413,37.439798338611,http://place.map.kakao.com/221308188,4139010100,경기도 시흥시 대야동,경기도,시흥시,대야동,,4139051000,경기도 시흥시 대야동,경기도,시흥시,대야동,2026-08-11T23:50:11+09:00
카페,1669774810,새시흥다방,음식점 > 카페 > 다방,일반카페,0,CE7,카페,031-312-9441,경기 시흥시 대야동 452-7,경기 시흥시 대야로43번길 14,126.78944716578,37.4477671936505,http://place.map.kakao.com/1669774810,4139010100,경기도 시흥시 대야동,경기도,시흥시,대야동,,4139051000,경기도 시흥시 대야동,경기도,시흥시,대야동,2026-08-11T23:50:11+09:00
카페,315603978,샤인빈,음식점 > 카페,일반카페,0,CE7,카페,,경기 시흥시 대야동 665-1,경기 시흥시 은계중앙로306번길 32,126.799708454789,37.4528865600036,http://place.map.kakao.com/315603978,4139010100,경기도 시흥시 대야동,경기도,시흥시,대야동,,4139051000,경기도 시흥시 대야동,경기도,시흥시,대야동,2026-08-11T23:50:11+09:00
카페,26644200,설빙 경기시흥대야점,음식점 > 카페 > 테마카페 > 디저트카페 > 설빙,일반카페,0,CE7,카페,031-315-2212,경기 시흥시 대야동 543-1,경기 시흥시 비둘기공원7길 33,126.79274663056394,37.44301387529233,http://place.map.kakao.com/26644200,4139010100,경기도 시흥시 대야동,경기도,시흥시,대야동,,4139051000,경기도 시흥시 대야동,경기도,시흥시,대야동,2026-08-11T23:50:11+09:00
카페,31924897,소래산커피,음식점 > 카페 > 커피전문점,일반카페,0,CE7,카페,0507-1472-1465,경기 시흥시 대야동 305,경기 시흥시 소래산길 55,126.787041779624,37.4519363723134,http://place.map.kakao.com/31924897,4139010100,경기도 시흥시 대야동,경기도,시흥시,대야동,,4139051000,경기도 시흥시 대야동,경기도,시흥시,대야동,2026-08-11T23:50:11+09:00
카페,579596381,스타벅스 시흥대야DT점,음식점 > 카페 > 커피전문점 > 스타벅스,일반카페,0,CE7,카페,1522-3232,경기 시흥시 대야동 501-3,경기 시흥시 뱀내장터로 27,126.7876922704619,37.44171104933993,http://place.map.kakao.com/579596381,4139010100,경기도 시흥시 대야동,경기도,시흥시,대야동,,4139051000,경기도 시흥시 대야동,경기도,시흥시,대야동,2026-08-11T23:50:11+09:00
카페,906373343,스타벅스 시흥대야동점,음식점 > 카페 > 커피전문점 > 스타벅스,일반카페,0,CE7,카페,1522-3232,경기 시흥시 대야동 546-1,경기 시흥시 비둘기공원7길 51,126.791900670345,37.4416320363878,http://place.map.kakao.com/906373343,4139010100,경기도 시흥시 대야동,경기도,시흥시,대야동,,4139051000,경기도 시흥시 대야동,경기도,시흥시,대야동,2026-08-11T23:50:11+09:00
카페,552103465,스타벅스 시흥대야점,음식점 > 카페 > 커피전문점 > 스타벅스,일반카페,0,CE7,카페,1522-3232,경기 시흥시 대야동 532-1,경기 시흥시 비둘기공원로 10,126.79089869065332,37.443944971167085,http://place.map.kakao.com/552103465,4139010100,경기도 시흥시 대야동,경기도,시흥시,대야동,,4139051000,경기도 시흥시 대야동,경기도,시흥시,대야동,2026-08-11T23:50:11+09:00
카페,1339432516,슬로 은계점,음식점 > 카페,일반카페,0,CE7,카페,,경기 시흥시 대야동 667-3,경기 시흥시 은계중앙로 310,126.800649898682,37.4507572582406,http://place.map.kakao.com/1339432516,4139010100,경기도 시흥시 대야동,경기도,시흥시,대야동,,4139051000,경기도 시흥시 대야동,경기도,시흥시,대야동,2026-08-11T23:50:11+09:00
카페,988548265,썸케이크,음식점 > 카페,일반카페,0,CE7,카페,0502-5553-6660,경기 시흥시 대야동 463-10,경기 시흥시 호현로73번길 8,126.786213169778,37.4468423553003,http://place.map.kakao.com/988548265,4139010100,경기도 시흥시 대야동,경기도,시흥시,대야동,,4139051000,경기도 시흥시 대야동,경기도,시흥시,대야동,2026-08-11T23:50:11+09:00
카페,1958053830,아기별드로잉키즈카페,"가정,생활 > 유아 > 놀이시설 > 키즈카페",기타,0,CE7,카페,,경기 시흥시 대야동 303-1,경기 시흥시 호현로 147,126.788916105624,37.4525614329653,http://place.map.kakao.com/1958053830,4139010100,경기도 시흥시 대야동,경기도,시흥시,대야동,,4139051000,경기도 시흥시 대야동,경기도,시흥시,대야동,2026-08-11T23:50:11+09:00
카페,276278162,아따보이,음식점 > 카페,일반카페,0,CE7,카페,0503-7153-0207,경기 시흥시 대야동 538,경기 시흥시 비둘기공원6길 16,126.790750322408,37.4424409175217,http://place.map.kakao.com/276278162,4139010100,경기도 시흥시 대야동,경기도,시흥시,대야동,,4139051000,경기도 시흥시 대야동,경기도,시흥시,대야동,2026-08-11T23:50:11+09:00
카페,718760878,아르니온,음식점 > 카페,일반카페,0,CE7,카페,0503-7151-9594,경기 시흥시 대야동 360-15,경기 시흥시 은행로218번길 11,126.7925844800014,37.446080639259016,http://place.map.kakao.com/718760878,4139010100,경기도 시흥시 대야동,경기도,시흥시,대야동,,4139051000,경기도 시흥시 대야동,경기도,시흥시,대야동,2026-08-11T23:50:11+09:00
카페,830671409,아리랑다방,음식점 > 카페 > 다방,일반카페,0,CE7,카페,,경기 시흥시 대야동 499-14,경기 시흥시 대골안길 83-1,126.78646199538017,37.44239630625262,http://place.map.kakao.com/830671409,4139010100,경기도 시흥시 대야동,경기도,시흥시,대야동,,4139051000,경기도 시흥시 대야동,경기도,시흥시,대야동,2026-08-11T23:50:11+09:00
카페,9208284,아마존놀이동산,"가정,생활 > 유아 > 놀이시설 > 키즈카페",기타,0,CE7,카페,031-404-5337,경기 시흥시 대야동 541-3,경기 시흥시 비둘기공원7길 46,126.791695859918,37.4421398471966,http://place.map.kakao.com/9208284,4139010100,경기도 시흥시 대야동,경기도,시흥시,대야동,,4139051000,경기도 시흥시 대야동,경기도,시흥시,대야동,2026-08-11T23:50:11+09:00
카페,1863639583,아이엠블럭,"가정,생활 > 유아 > 놀이시설 > 키즈카페",기타,0,CE7,카페,070-7543-7647,경기 시흥시 대야동 544-1,경기 시흥시 비둘기공원7길 39,126.792422695091,37.4424654907313,http://place.map.kakao.com/1863639583,4139010100,경기도 시흥시 대야동,경기도,시흥시,대야동,,4139051000,경기도 시흥시 대야동,경기도,시흥시,대야동,2026-08-11T23:50:11+09:00
카페,597246947,아헤커피,음식점 > 카페 > 커피전문점,일반카페,0,CE7,카페,010-5011-1484,경기 시흥시 대야동 693,경기 시흥시 수인로3312번길 16,126.7896701549085,37.441583938572606,http://place.map.kakao.com/597246947,4139010100,경기도 시흥시 대야동,경기도,시흥시,대야동,,4139051000,경기도 시흥시 대야동,경기도,시흥시,대야동,2026-08-11T23:50:11+09:00
카페,20608187,어반로스팅,음식점 > 카페 > 커피전문점,일반카페,0,CE7,카페,031-312-6191,경기 시흥시 대야동 581-6,경기 시흥시 은행로 172,126.798356710063,37.4461663131553,http://place.map.kakao.com/20608187,4139010100,경기도 시흥시 대야동,경기도,시흥시,대야동,,4139051000,경기도 시흥시 대야동,경기도,시흥시,대야동,2026-08-11T23:50:11+09:00
카페,1507514249,영화산장 애견카페,음식점 > 카페 > 테마카페 > 애견카페,기타,0,CE7,카페,010-5069-8517,경기 시흥시 대야동 산 103,경기 시흥시 하우로 181-23,126.78097326199173,37.47036716115622,http://place.map.kakao.com/1507514249,4139010100,경기도 시흥시 대야동,경기도,시흥시,대야동,,4139051000,경기도 시흥시 대야동,경기도,시흥시,대야동,2026-08-11T23:50:11+09:00
카페,638730496,요거트월드 시흥대야점,음식점 > 카페 > 테마카페 > 디저트카페 > 요거트월드,일반카페,0,CE7,카페,,경기 시흥시 대야동 472-24,경기 시흥시 복지로63번길 14-1,126.788534499811,37.4455959257382,http://place.map.kakao.com/638730496,4139010100,경기도 시흥시 대야동,경기도,시흥시,대야동,,4139051000,경기도 시흥시 대야동,경기도,시흥시,대야동,2026-08-11T23:50:11+09:00
카페,9360180,위드,음식점 > 카페,일반카페,0,CE7,카페,031-313-9995,경기 시흥시 대야동 577-2,경기 시흥시 대은로 89,126.798061091344,37.4451530698717,http://place.map.kakao.com/9360180,4139010100,경기도 시흥시 대야동,경기도,시흥시,대야동,,4139051000,경기도 시흥시 대야동,경기도,시흥시,대야동,2026-08-11T23:50:11+09:00
카페,16428889,이디야커피 시흥대야점,음식점 > 카페 > 커피전문점 > 이디야커피,일반카페,0,CE7,카페,031-313-0336,경기 시흥시 대야동 579-2,경기 시흥시 은행로 169,126.798231138185,37.4457948815335,http://place.map.kakao.com/16428889,4139010100,경기도 시흥시 대야동,경기도,시흥시,대야동,,4139051000,경기도 시흥시 대야동,경기도,시흥시,대야동,2026-08-11T23:50:11+09:00
카페,1503466330,주피터케이크,음식점 > 카페 > 테마카페 > 디저트카페,일반카페,0,CE7,카페,0502-5550-2211,경기 시흥시 대야동 639,경기 시흥시 대은로103번길 6,126.799080006036,37.4461504256867,http://place.map.kakao.com/1503466330,4139010100,경기도 시흥시 대야동,경기도,시흥시,대야동,,4139051000,경기도 시흥시 대야동,경기도,시흥시,대야동,2026-08-11T23:50:11+09:00
카페,1413787647,청화공간,음식점 > 카페,일반카페,0,CE7,카페,,경기 시흥시 대야동 305-24,경기 시흥시 호현로 155-25,126.78639615114095,37.45243977378848,http://place.map.kakao.com/1413787647,4139010100,경기도 시흥시 대야동,경기도,시흥시,대야동,,4139051000,경기도 시흥시 대야동,경기도,시흥시,대야동,2026-08-11T23:50:11+09:00
카페,1114611242,카툰바이커피 시흥본점,"가정,생활 > 여가시설 > 만화방 > 만화카페",기타,0,CE7,카페,,경기 시흥시 대야동 535,경기 시흥시 비둘기공원6길 10,126.79121785450377,37.44295532188873,http://place.map.kakao.com/1114611242,4139010100,경기도 시흥시 대야동,경기도,시흥시,대야동,,4139051000,경기도 시흥시 대야동,경기도,시흥시,대야동,2026-08-11T23:50:11+09:00
카페,951912661,카페 테라스9,음식점 > 카페,일반카페,0,CE7,카페,031-520-8992,경기 시흥시 대야동 568-1,경기 시흥시 복지로 90,126.79166655204065,37.4470043648926,http://place.map.kakao.com/951912661,4139010100,경기도 시흥시 대야동,경기도,시흥시,대야동,,4139051000,경기도 시흥시 대야동,경기도,시흥시,대야동,2026-08-11T23:50:11+09:00
카페,936099195,카페동네 시흥대야점,음식점 > 카페 > 커피전문점 > 카페동네,일반카페,0,CE7,카페,031-509-7800,경기 시흥시 대야동 654,경기 시흥시 은계로338번길 64,126.796370890829,37.450015638237,http://place.map.kakao.com/936099195,4139010100,경기도 시흥시 대야동,경기도,시흥시,대야동,,4139051000,경기도 시흥시 대야동,경기도,시흥시,대야동,2026-08-11T23:50:11+09:00
카페,1804915974,카페떡앤사랑 1호점,음식점 > 카페,일반카페,0,CE7,카페,010-8421-0484,경기 시흥시 대야동 495-3,경기 시흥시 호현로 38,126.78529050026746,37.443858330329064,http://place.map.kakao.com/1804915974,4139010100,경기도 시흥시 대야동,경기도,시흥시,대야동,,4139051000,경기도 시흥시 대야동,경기도,시흥시,대야동,2026-08-11T23:50:11+09:00
카페,408087280,카페리운,음식점 > 카페,일반카페,0,CE7,카페,010-3372-7710,경기 시흥시 대야동 38-8,경기 시흥시 호현로 277,126.791184197206,37.4631946888151,http://place.map.kakao.com/408087280,4139010100,경기도 시흥시 대야동,경기도,시흥시,대야동,,4139051000,경기도 시흥시 대야동,경기도,시흥시,대야동,2026-08-11T23:50:11+09:00
카페,1515009119,카페만월경 시흥대야점,음식점 > 카페 > 테마카페 > 무인카페 > 카페만월경,일반카페,0,CE7,카페,010-6737-2329,경기 시흥시 대야동 694,경기 시흥시 서해안로 1645,126.789155073409,37.451980706912,http://place.map.kakao.com/1515009119,4139010100,경기도 시흥시 대야동,경기도,시흥시,대야동,,4139051000,경기도 시흥시 대야동,경기도,시흥시,대야동,2026-08-11T23:50:11+09:00
카페,1528110772,카페메이,음식점 > 카페,일반카페,0,CE7,카페,010-9971-7189,경기 시흥시 대야동 575-2,경기 시흥시 은행로167번길 12,126.797358165369,37.4451617779253,http://place.map.kakao.com/1528110772,4139010100,경기도 시흥시 대야동,경기도,시흥시,대야동,,4139051000,경기도 시흥시 대야동,경기도,시흥시,대야동,2026-08-11T23:50:11+09:00
카페,803982313,카페무카24 시흥대야점52호점,음식점 > 카페,일반카페,0,CE7,카페,,경기 시흥시 대야동 485-30,경기 시흥시 복지로43번길 36-1,126.785231597879,37.4446979674074,http://place.map.kakao.com/803982313,4139010100,경기도 시흥시 대야동,경기도,시흥시,대야동,,4139051000,경기도 시흥시 대야동,경기도,시흥시,대야동,2026-08-11T23:50:11+09:00
카페,1758096502,카페보스 시흥대야점,음식점 > 카페 > 카페보스,일반카페,0,CE7,카페,,경기 시흥시 대야동 472-12,경기 시흥시 복지로63번길 8,126.789242638355,37.4453422039514,http://place.map.kakao.com/1758096502,4139010100,경기도 시흥시 대야동,경기도,시흥시,대야동,,4139051000,경기도 시흥시 대야동,경기도,시흥시,대야동,2026-08-11T23:50:11+09:00
카페,1178936230,카페여행 소설 시흥은계점,음식점 > 카페 > 테마카페 > 북카페,기타,0,CE7,카페,010-4781-8158,경기 시흥시 대야동 657-1,경기 시흥시 은계로338번길 38,126.796388200138,37.4511347251838,http://place.map.kakao.com/1178936230,4139010100,경기도 시흥시 대야동,경기도,시흥시,대야동,,4139051000,경기도 시흥시 대야동,경기도,시흥시,대야동,2026-08-11T23:50:11+09:00
카페,2072405859,카페일분 시흥은행점,음식점 > 카페 > 테마카페 > 무인카페 > 카페일분,일반카페,0,CE7,카페,,경기 시흥시 대야동 569-1,경기 시흥시 은행로 210,126.79428719543425,37.447435134221884,http://place.map.kakao.com/2072405859,4139010100,경기도 시흥시 대야동,경기도,시흥시,대야동,,4139051000,경기도 시흥시 대야동,경기도,시흥시,대야동,2026-08-11T23:50:11+09:00
카페,646723576,카페잼잼,음식점 > 카페,일반카페,0,CE7,카페,,경기 시흥시 대야동 574,경기 시흥시 대은로 83,126.7974738349739,37.44501240802871,http://place.map.kakao.com/646723576,4139010100,경기도 시흥시 대야동,경기도,시흥시,대야동,,4139051000,경기도 시흥시 대야동,경기도,시흥시,대야동,2026-08-11T23:50:11+09:00
카페,641124566,카페퐁당,음식점 > 카페,일반카페,0,CE7,카페,,경기 시흥시 대야동 493-6,경기 시흥시 호현로34번안길 12,126.78633109531987,37.443524138209355,http://place.map.kakao.com/641124566,4139010100,경기도 시흥시 대야동,경기도,시흥시,대야동,,4139051000,경기도 시흥시 대야동,경기도,시흥시,대야동,2026-08-11T23:50:11+09:00
카페,159297260,카페홀리 시흥대야점,음식점 > 카페,일반카페,0,CE7,카페,070-7537-1469,경기 시흥시 대야동 459-2,경기 시흥시 대골안길 34,126.788732728389,37.4466360489506,http://place.map.kakao.com/159297260,4139010100,경기도 시흥시 대야동,경기도,시흥시,대야동,,4139051000,경기도 시흥시 대야동,경기도,시흥시,대야동,2026-08-11T23:50:11+09:00
카페,306949992,커피인하우스,음식점 > 카페 > 커피전문점,일반카페,0,CE7,카페,,경기 시흥시 대야동 531-1,경기 시흥시 비둘기공원4길 9,126.790021142673,37.4433613609113,http://place.map.kakao.com/306949992,4139010100,경기도 시흥시 대야동,경기도,시흥시,대야동,,4139051000,경기도 시흥시 대야동,경기도,시흥시,대야동,2026-08-11T23:50:11+09:00
카페,96627358,컴포즈커피 시흥대야파크점,음식점 > 카페 > 커피전문점 > 컴포즈커피,일반카페,0,CE7,카페,031-316-2225,경기 시흥시 대야동 563,경기 시흥시 비둘기공원7길 27,126.793026476898,37.4435702908417,http://place.map.kakao.com/96627358,4139010100,경기도 시흥시 대야동,경기도,시흥시,대야동,,4139051000,경기도 시흥시 대야동,경기도,시흥시,대야동,2026-08-11T23:50:11+09:00
카페,520079816,컴포즈커피 시흥댓골점,음식점 > 카페 > 커피전문점 > 컴포즈커피,일반카페,0,CE7,카페,,경기 시흥시 대야동 490-5,경기 시흥시 대야로 4,126.7890298621267,37.4442497966396,http://place.map.kakao.com/520079816,4139010100,경기도 시흥시 대야동,경기도,시흥시,대야동,,4139051000,경기도 시흥시 대야동,경기도,시흥시,대야동,2026-08-11T23:50:11+09:00
카페,528821785,컴포즈커피 시흥센트럴푸르지오점,음식점 > 카페 > 커피전문점 > 컴포즈커피,일반카페,0,CE7,카페,031-365-3995,경기 시흥시 대야동 693,경기 시흥시 수인로3312번길 16,126.78920034400963,37.441083039126895,http://place.map.kakao.com/528821785,4139010100,경기도 시흥시 대야동,경기도,시흥시,대야동,,4139051000,경기도 시흥시 대야동,경기도,시흥시,대야동,2026-08-11T23:50:11+09:00
카페,1448034074,코코애견카페,음식점 > 카페 > 테마카페 > 애견카페,기타,0,CE7,카페,010-3231-6374,경기 시흥시 대야동 3-28,경기 시흥시 하우로 152,126.783536920369,37.4688672001049,http://place.map.kakao.com/1448034074,4139010100,경기도 시흥시 대야동,경기도,시흥시,대야동,,4139051000,경기도 시흥시 대야동,경기도,시흥시,대야동,2026-08-11T23:50:11+09:00
카페,1665698809,키즈더웨이브 시흥비치점,"가정,생활 > 유아 > 놀이시설 > 키즈카페",기타,0,CE7,카페,031-313-7776,경기 시흥시 대야동 303-1,경기 시흥시 호현로 147,126.788916105624,37.4525614329653,http://place.map.kakao.com/1665698809,4139010100,경기도 시흥시 대야동,경기도,시흥시,대야동,,4139051000,경기도 시흥시 대야동,경기도,시흥시,대야동,2026-08-11T23:50:11+09:00
카페,2061411610,텐퍼센트커피 시흥대야점,음식점 > 카페 > 커피전문점 > 텐퍼센트커피,일반카페,0,CE7,카페,,경기 시흥시 대야동 654-8,경기 시흥시 은계로338번길 68,126.796493182299,37.4499284506757,http://place.map.kakao.com/2061411610,4139010100,경기도 시흥시 대야동,경기도,시흥시,대야동,,4139051000,경기도 시흥시 대야동,경기도,시흥시,대야동,2026-08-11T23:50:11+09:00
카페,2116453176,텐퍼센트커피 시흥센트럴푸르지오점,음식점 > 카페 > 커피전문점 > 텐퍼센트커피,일반카페,0,CE7,카페,,경기 시흥시 대야동 693,경기 시흥시 수인로3312번길 16,126.78934283122099,37.441448203629,http://place.map.kakao.com/2116453176,4139010100,경기도 시흥시 대야동,경기도,시흥시,대야동,,4139051000,경기도 시흥시 대야동,경기도,시흥시,대야동,2026-08-11T23:50:11+09:00
카페,976288030,투썸플레이스 시흥대야점,음식점 > 카페 > 커피전문점 > 투썸플레이스,일반카페,0,CE7,카페,031-435-0020,경기 시흥시 대야동 541-14,경기 시흥시 비둘기공원7길 54,126.79138204841509,37.44161220086817,http://place.map.kakao.com/976288030,4139010100,경기도 시흥시 대야동,경기도,시흥시,대야동,,4139051000,경기도 시흥시 대야동,경기도,시흥시,대야동,2026-08-11T23:50:11+09:00
카페,803373667,트리슬로우,음식점 > 카페,일반카페,0,CE7,카페,031-504-0313,경기 시흥시 대야동 289-4,경기 시흥시 서해안로 1668,126.792690251844,37.4507507724074,http://place.map.kakao.com/803373667,4139010100,경기도 시흥시 대야동,경기도,시흥시,대야동,,4139051000,경기도 시흥시 대야동,경기도,시흥시,대야동,2026-08-11T23:50:11+09:00
카페,1022570512,플랜더스파크,음식점 > 카페 > 테마카페 > 애견카페,기타,0,CE7,카페,010-2155-7527,경기 시흥시 대야동 3-13,경기 시흥시 하우로 186,126.782807698987,37.4708543889688,http://place.map.kakao.com/1022570512,4139010100,경기도 시흥시 대야동,경기도,시흥시,대야동,,4139051000,경기도 시흥시 대야동,경기도,시흥시,대야동,2026-08-11T23:50:11+09:00
카페,1772613544,하삼동커피 시흥센트럴푸르지오점,음식점 > 카페 > 커피전문점 > 하삼동커피,일반카페,0,CE7,카페,031-312-8222,경기 시흥시 대야동 693,경기 시흥시 수인로3312번길 16,126.79032041284378,37.44140489121925,http://place.map.kakao.com/1772613544,4139010100,경기도 시흥시 대야동,경기도,시흥시,대야동,,4139051000,경기도 시흥시 대야동,경기도,시흥시,대야동,2026-08-11T23:50:11+09:00
카페,231123393,하우&여우,음식점 > 카페,일반카페,0,CE7,카페,,경기 시흥시 대야동 305-20,경기 시흥시 소래산길 41-1,126.7857223145821,37.45094287431367,http://place.map.kakao.com/231123393,4139010100,경기도 시흥시 대야동,경기도,시흥시,대야동,,4139051000,경기도 시흥시 대야동,경기도,시흥시,대야동,2026-08-11T23:50:11+09:00
카페,724949325,허스,음식점 > 카페,일반카페,0,CE7,카페,,경기 시흥시 대야동 476-15,경기 시흥시 복지로53번길 34,126.786142269421,37.4455474717924,http://place.map.kakao.com/724949325,4139010100,경기도 시흥시 대야동,경기도,시흥시,대야동,,4139051000,경기도 시흥시 대야동,경기도,시흥시,대야동,2026-08-11T23:50:11+09:00
카페,1731969305,힐링코어,음식점 > 카페 > 테마카페,기타,0,CE7,카페,031-503-6767,경기 시흥시 대야동 134-7,경기 시흥시 호현로 155-10,126.78771609695767,37.45327558787892,http://place.map.kakao.com/1731969305,4139010100,경기도 시흥시 대야동,경기도,시흥시,대야동,,4139051000,경기도 시흥시 대야동,경기도,시흥시,대야동,2026-08-11T23:50:11+09:00
카페,770349295,기브닝커피,음식점 > 카페,일반카페,0,CE7,카페,0507-1446-5042,경기 시흥시 계수동 414,경기 시흥시 서해안로1780번길 9,126.801015016964,37.4575533038252,http://place.map.kakao.com/770349295,4139011300,경기도 시흥시 계수동,경기도,시흥시,계수동,,4139051000,경기도 시흥시 대야동,경기도,시흥시,대야동,2026-08-11T23:50:11+09:00
카페,1671048820,쩜쩜쩜,음식점 > 카페,일반카페,0,CE7,카페,031-313-2227,경기 시흥시 계수동 138-2,경기 시흥시 계수로229번길 2,126.82296756643,37.453405730997,http://place.map.kakao.com/1671048820,4139011300,경기도 시흥시 계수동,경기도,시흥시,계수동,,4139051000,경기도 시흥시 대야동,경기도,시흥시,대야동,2026-08-11T23:50:11+09:00
카페,1792023374,ONE,음식점 > 카페 > 커피전문점,일반카페,0,CE7,카페,0502-5551-4744,경기 시흥시 신천동 742-1,경기 시흥시 삼미시장2길 18,126.782075425624,37.4407709809024,http://place.map.kakao.com/1792023374,4139010200,경기도 시흥시 신천동,경기도,시흥시,신천동,,4139052000,경기도 시흥시 신천동,경기도,시흥시,신천동,2026-08-11T23:50:11+09:00
카페,15608281,길다방,음식점 > 카페 > 다방,일반카페,0,CE7,카페,,경기 시흥시 신천동 713-5,경기 시흥시 호현로 5-2,126.783103876926,37.4418937332834,http://place.map.kakao.com/15608281,4139010200,경기도 시흥시 신천동,경기도,시흥시,신천동,,4139052000,경기도 시흥시 신천동,경기도,시흥시,신천동,2026-08-11T23:50:11+09:00
카페,674325247,네스커피 신천점,음식점 > 카페,일반카페,0,CE7,카페,,경기 시흥시 신천동 763-11,경기 시흥시 신천로 81,126.785818917503,37.4376711282032,http://place.map.kakao.com/674325247,4139010200,경기도 시흥시 신천동,경기도,시흥시,신천동,,4139052000,경기도 시흥시 신천동,경기도,시흥시,신천동,2026-08-11T23:50:11+09:00
카페,656882617,다바르캘리카페,음식점 > 카페,일반카페,0,CE7,카페,,경기 시흥시 신천동 821-1,경기 시흥시 신천6길 43,126.77727092533854,37.437248972773716,http://place.map.kakao.com/656882617,4139010200,경기도 시흥시 신천동,경기도,시흥시,신천동,,4139052000,경기도 시흥시 신천동,경기도,시흥시,신천동,2026-08-11T23:50:11+09:00
카페,238039166,달다방,음식점 > 카페,일반카페,0,CE7,카페,,경기 시흥시 신천동 452-5,경기 시흥시 신천3길 67,126.778689556809,37.438598653118,http://place.map.kakao.com/238039166,4139010200,경기도 시흥시 신천동,경기도,시흥시,신천동,,4139052000,경기도 시흥시 신천동,경기도,시흥시,신천동,2026-08-11T23:50:11+09:00
카페,21532182,달콤한한입,음식점 > 카페 > 테마카페 > 디저트카페,일반카페,1,CE7,카페,,경기 시흥시 신천동 887-17,경기 시흥시 시흥대로1065번길 14,126.79120532142193,37.43119706486449,http://place.map.kakao.com/21532182,4139010200,경기도 시흥시 신천동,경기도,시흥시,신천동,,4139052000,경기도 시흥시 신천동,경기도,시흥시,신천동,2026-08-11T23:50:11+09:00
카페,494595003,더벤티 시흥신천점,음식점 > 카페 > 커피전문점 > 더벤티,일반카페,0,CE7,카페,031-311-2726,경기 시흥시 신천동 948,경기 시흥시 시흥대로 1121,126.79127378465698,37.43543105404924,http://place.map.kakao.com/494595003,4139010200,경기도 시흥시 신천동,경기도,시흥시,신천동,,4139052000,경기도 시흥시 신천동,경기도,시흥시,신천동,2026-08-11T23:50:11+09:00
카페,943503681,더벤티 시흥신천중앙점,음식점 > 카페 > 커피전문점 > 더벤티,일반카페,0,CE7,카페,070-8691-2632,경기 시흥시 신천동 833-2,경기 시흥시 신천6길 20,126.77995277399457,37.43747114018409,http://place.map.kakao.com/943503681,4139010200,경기도 시흥시 신천동,경기도,시흥시,신천동,,4139052000,경기도 시흥시 신천동,경기도,시흥시,신천동,2026-08-11T23:50:11+09:00
카페,2018913817,리클라인커피,음식점 > 카페,일반카페,0,CE7,카페,031-312-0995,경기 시흥시 신천동 762,경기 시흥시 신천로83번길 20,126.783785329362,37.4379485421704,http://place.map.kakao.com/2018913817,4139010200,경기도 시흥시 신천동,경기도,시흥시,신천동,,4139052000,경기도 시흥시 신천동,경기도,시흥시,신천동,2026-08-11T23:50:11+09:00
카페,152826783,메가MGC커피 삼미시장점,음식점 > 카페 > 커피전문점 > 메가MGC커피,일반카페,0,CE7,카페,0507-1326-6224,경기 시흥시 신천동 741-12,경기 시흥시 수인로3381번길 12,126.782570912793,37.4401916407088,http://place.map.kakao.com/152826783,4139010200,경기도 시흥시 신천동,경기도,시흥시,신천동,,4139052000,경기도 시흥시 신천동,경기도,시흥시,신천동,2026-08-11T23:50:11+09:00
카페,1916984413,메가MGC커피 시흥신일초점,음식점 > 카페 > 커피전문점 > 메가MGC커피,일반카페,0,CE7,카페,031-315-1050,경기 시흥시 신천동 883-6,경기 시흥시 시흥대로 1077,126.79280743773786,37.432025213646924,http://place.map.kakao.com/1916984413,4139010200,경기도 시흥시 신천동,경기도,시흥시,신천동,,4139052000,경기도 시흥시 신천동,경기도,시흥시,신천동,2026-08-11T23:50:11+09:00
카페,1348648822,메가MGC커피 시흥신천문화의거리점,음식점 > 카페 > 커피전문점 > 메가MGC커피,일반카페,0,CE7,카페,031-318-1006,경기 시흥시 신천동 707-5,경기 시흥시 호현로 16-2,126.78433912863454,37.44184463581642,http://place.map.kakao.com/1348648822,4139010200,경기도 시흥시 신천동,경기도,시흥시,신천동,,4139052000,경기도 시흥시 신천동,경기도,시흥시,신천동,2026-08-11T23:50:11+09:00
카페,1385194753,메가MGC커피 시흥신천에피트점,음식점 > 카페 > 커피전문점 > 메가MGC커피,일반카페,0,CE7,카페,070-4324-4008,경기 시흥시 은행동 694,경기 시흥시 시흥대로 1110,126.79230982888173,37.43505625492972,http://place.map.kakao.com/1385194753,4139010200,경기도 시흥시 신천동,경기도,시흥시,신천동,,4139052000,경기도 시흥시 신천동,경기도,시흥시,신천동,2026-08-11T23:50:11+09:00
카페,393342439,메가MGC커피 시흥신천역점,음식점 > 카페 > 커피전문점 > 메가MGC커피,일반카페,0,CE7,카페,031-311-7570,경기 시흥시 신천동 764-3,경기 시흥시 신천로83번길 2,126.785815938626,37.4379234067184,http://place.map.kakao.com/393342439,4139010200,경기도 시흥시 신천동,경기도,시흥시,신천동,,4139052000,경기도 시흥시 신천동,경기도,시흥시,신천동,2026-08-11T23:50:11+09:00
카페,1903113579,메가MGC커피 시흥알뜰주유소점,음식점 > 카페 > 커피전문점 > 메가MGC커피,일반카페,0,CE7,카페,031-313-1981,경기 시흥시 신천동 892-4,경기 시흥시 시흥대로 1049,126.791875217523,37.4296043503379,http://place.map.kakao.com/1903113579,4139010200,경기도 시흥시 신천동,경기도,시흥시,신천동,,4139052000,경기도 시흥시 신천동,경기도,시흥시,신천동,2026-08-11T23:50:11+09:00
카페,61901500,문화다방,음식점 > 카페 > 다방,일반카페,0,CE7,카페,,경기 시흥시 신천동 707-63,경기 시흥시 호현로22번길 1,126.784707700458,37.4421741776072,http://place.map.kakao.com/61901500,4139010200,경기도 시흥시 신천동,경기도,시흥시,신천동,,4139052000,경기도 시흥시 신천동,경기도,시흥시,신천동,2026-08-11T23:50:11+09:00
카페,41545153,문화카페 루프탑,음식점 > 카페,일반카페,0,CE7,카페,031-8032-9189,경기 시흥시 신천동 759,경기 시흥시 수인로3381번길 27,126.782683195653,37.4388763672588,http://place.map.kakao.com/41545153,4139010200,경기도 시흥시 신천동,경기도,시흥시,신천동,,4139052000,경기도 시흥시 신천동,경기도,시흥시,신천동,2026-08-11T23:50:11+09:00
카페,66035111,뮤럴아트,음식점 > 카페 > 테마카페,기타,0,CE7,카페,031-313-7125,경기 시흥시 신천동 833-6,경기 시흥시 신천6길 18,126.78026008251,37.4374843260773,http://place.map.kakao.com/66035111,4139010200,경기도 시흥시 신천동,경기도,시흥시,신천동,,4139052000,경기도 시흥시 신천동,경기도,시흥시,신천동,2026-08-11T23:50:11+09:00
카페,1986677872,미스김카페,음식점 > 카페,일반카페,0,CE7,카페,,경기 시흥시 신천동 843-27,경기 시흥시 신천천동로 45,126.782716269298,37.4372077503314,http://place.map.kakao.com/1986677872,4139010200,경기도 시흥시 신천동,경기도,시흥시,신천동,,4139052000,경기도 시흥시 신천동,경기도,시흥시,신천동,2026-08-11T23:50:11+09:00
카페,187694978,발도스커피 시흥프라임캐슬점,음식점 > 카페 > 발도스커피,일반카페,0,CE7,카페,,경기 시흥시 신천동 864-4,경기 시흥시 포도원로116번길 25,126.788913162436,37.4334959878776,http://place.map.kakao.com/187694978,4139010200,경기도 시흥시 신천동,경기도,시흥시,신천동,,4139052000,경기도 시흥시 신천동,경기도,시흥시,신천동,2026-08-11T23:50:11+09:00
카페,237933843,베니어베이커리카페,음식점 > 카페 > 테마카페 > 디저트카페,일반카페,0,CE7,카페,031-313-7755,경기 시흥시 신천동 564,경기 시흥시 서해안로 1444-1,126.774554776475,37.4386728313018,http://place.map.kakao.com/237933843,4139010200,경기도 시흥시 신천동,경기도,시흥시,신천동,,4139052000,경기도 시흥시 신천동,경기도,시흥시,신천동,2026-08-11T23:50:11+09:00
카페,906006677,빽다방 삼미시장점,음식점 > 카페 > 커피전문점 > 빽다방,일반카페,0,CE7,카페,070-7537-0726,경기 시흥시 신천동 740-7,경기 시흥시 삼미시장4길 18,126.78319276017244,37.439678304213444,http://place.map.kakao.com/906006677,4139010200,경기도 시흥시 신천동,경기도,시흥시,신천동,,4139052000,경기도 시흥시 신천동,경기도,시흥시,신천동,2026-08-11T23:50:11+09:00
카페,1419132832,빽다방 시흥신천역점,음식점 > 카페 > 커피전문점 > 빽다방,일반카페,0,CE7,카페,070-7575-2525,경기 시흥시 신천동 771-10,경기 시흥시 신천로80번길 1,126.78638232395163,37.43742887397476,http://place.map.kakao.com/1419132832,4139010200,경기도 시흥시 신천동,경기도,시흥시,신천동,,4139052000,경기도 시흥시 신천동,경기도,시흥시,신천동,2026-08-11T23:50:11+09:00
카페,14536579,샐프레소 신천점,음식점 > 카페,일반카페,0,CE7,카페,,경기 시흥시 신천동 853-3,경기 시흥시 신천로100번안길 20,126.786561382558,37.4372435885458,http://place.map.kakao.com/14536579,4139010200,경기도 시흥시 신천동,경기도,시흥시,신천동,,4139052000,경기도 시흥시 신천동,경기도,시흥시,신천동,2026-08-11T23:50:11+09:00
카페,813373725,솜커피(신천점),음식점 > 카페,일반카페,0,CE7,카페,,경기 시흥시 신천동 886-6,경기 시흥시 신천로19번안길 1,126.790694480881,37.4316547780826,http://place.map.kakao.com/813373725,4139010200,경기도 시흥시 신천동,경기도,시흥시,신천동,,4139052000,경기도 시흥시 신천동,경기도,시흥시,신천동,2026-08-11T23:50:11+09:00
카페,1760736875,아모르커피,음식점 > 카페,일반카페,0,CE7,카페,031-314-9676,경기 시흥시 신천동 458-2,경기 시흥시 신천5길 22,126.77994696944184,37.43790992314679,http://place.map.kakao.com/1760736875,4139010200,경기도 시흥시 신천동,경기도,시흥시,신천동,,4139052000,경기도 시흥시 신천동,경기도,시흥시,신천동,2026-08-11T23:50:11+09:00
카페,1391127323,아우리움,음식점 > 카페 > 테마카페 > 디저트카페,일반카페,1,CE7,카페,010-2317-9010,경기 시흥시 신천동 834-9,경기 시흥시 신천6길 13,126.780673091465,37.4372868700851,http://place.map.kakao.com/1391127323,4139010200,경기도 시흥시 신천동,경기도,시흥시,신천동,,4139052000,경기도 시흥시 신천동,경기도,시흥시,신천동,2026-08-11T23:50:11+09:00
카페,776462328,어바웃타임,음식점 > 카페,일반카페,0,CE7,카페,,경기 시흥시 신천동 769,경기 시흥시 신천로100번안길 1,126.787065412662,37.4388131629132,http://place.map.kakao.com/776462328,4139010200,경기도 시흥시 신천동,경기도,시흥시,신천동,,4139052000,경기도 시흥시 신천동,경기도,시흥시,신천동,2026-08-11T23:50:11+09:00
카페,2097810696,와우커피,음식점 > 카페 > 커피전문점,일반카페,0,CE7,카페,,경기 시흥시 신천동 709-32,경기 시흥시 복지로 15,126.786561206661,37.4416819818654,http://place.map.kakao.com/2097810696,4139010200,경기도 시흥시 신천동,경기도,시흥시,신천동,,4139052000,경기도 시흥시 신천동,경기도,시흥시,신천동,2026-08-11T23:50:11+09:00
카페,1540275953,요거트아이스크림의정석 시흥신천점,음식점 > 카페 > 테마카페 > 디저트카페 > 요거트아이스크림의정석,일반카페,0,CE7,카페,070-5001-2734,경기 시흥시 신천동 779-10,경기 시흥시 신천로100번길 33-1,126.79024197083643,37.43833499827961,http://place.map.kakao.com/1540275953,4139010200,경기도 시흥시 신천동,경기도,시흥시,신천동,,4139052000,경기도 시흥시 신천동,경기도,시흥시,신천동,2026-08-11T23:50:11+09:00
카페,1135931592,육교커피숍,음식점 > 카페 > 다방,일반카페,0,CE7,카페,,경기 시흥시 신천동 715-10,경기 시흥시 문화마을로2번길 21,126.781967782527,37.4420403102178,http://place.map.kakao.com/1135931592,4139010200,경기도 시흥시 신천동,경기도,시흥시,신천동,,4139052000,경기도 시흥시 신천동,경기도,시흥시,신천동,2026-08-11T23:50:11+09:00
카페,250983574,은하수커피숍,음식점 > 카페,일반카페,0,CE7,카페,,경기 시흥시 신천동 704-29,경기 시흥시 호현로 33,126.784973163849,37.4433910286696,http://place.map.kakao.com/250983574,4139010200,경기도 시흥시 신천동,경기도,시흥시,신천동,,4139052000,경기도 시흥시 신천동,경기도,시흥시,신천동,2026-08-11T23:50:11+09:00
카페,496608673,이디야커피 시흥삼미시장점,음식점 > 카페 > 커피전문점 > 이디야커피,일반카페,0,CE7,카페,,경기 시흥시 신천동 738-2,경기 시흥시 삼미시장1길 19,126.783934790031,37.4405932907352,http://place.map.kakao.com/496608673,4139010200,경기도 시흥시 신천동,경기도,시흥시,신천동,,4139052000,경기도 시흥시 신천동,경기도,시흥시,신천동,2026-08-11T23:50:11+09:00
카페,1244335368,이디야커피 시흥신일점,음식점 > 카페 > 커피전문점 > 이디야커피,일반카페,0,CE7,카페,031-313-2794,경기 시흥시 신천동 888-10,경기 시흥시 시흥대로 1069,126.792584314914,37.4314013199628,http://place.map.kakao.com/1244335368,4139010200,경기도 시흥시 신천동,경기도,시흥시,신천동,,4139052000,경기도 시흥시 신천동,경기도,시흥시,신천동,2026-08-11T23:50:11+09:00
카페,1147095964,초코코,음식점 > 카페,일반카페,0,CE7,카페,010-9119-1880,경기 시흥시 신천동 891-17,경기 시흥시 시흥대로 1051-20,126.79127261004,37.4301574122224,http://place.map.kakao.com/1147095964,4139010200,경기도 시흥시 신천동,경기도,시흥시,신천동,,4139052000,경기도 시흥시 신천동,경기도,시흥시,신천동,2026-08-11T23:50:11+09:00
카페,193913146,카페 클릭,음식점 > 카페,일반카페,0,CE7,카페,,경기 시흥시 신천동 736-5,경기 시흥시 삼미시장3길 8,126.78443458986794,37.439686882631236,http://place.map.kakao.com/193913146,4139010200,경기도 시흥시 신천동,경기도,시흥시,신천동,,4139052000,경기도 시흥시 신천동,경기도,시흥시,신천동,2026-08-11T23:50:11+09:00
카페,2053401736,카페고은,음식점 > 카페,일반카페,0,CE7,카페,010-4011-1014,경기 시흥시 신천동 876-15,경기 시흥시 시흥대로1073번길 24,126.790521268356,37.4321833670345,http://place.map.kakao.com/2053401736,4139010200,경기도 시흥시 신천동,경기도,시흥시,신천동,,4139052000,경기도 시흥시 신천동,경기도,시흥시,신천동,2026-08-11T23:50:11+09:00
카페,1554444679,카페더조아,음식점 > 카페,일반카페,0,CE7,카페,031-8042-4545,경기 시흥시 신천동 754-2,경기 시흥시 삼미시장4길 41,126.78026423992,37.4403135168778,http://place.map.kakao.com/1554444679,4139010200,경기도 시흥시 신천동,경기도,시흥시,신천동,,4139052000,경기도 시흥시 신천동,경기도,시흥시,신천동,2026-08-11T23:50:11+09:00
카페,580952718,카페모니,음식점 > 카페 > 테마카페 > 디저트카페,일반카페,0,CE7,카페,0502-5554-2775,경기 시흥시 신천동 769-2,경기 시흥시 신천로100번길 8-1,126.787293056267,37.4386297659563,http://place.map.kakao.com/580952718,4139010200,경기도 시흥시 신천동,경기도,시흥시,신천동,,4139052000,경기도 시흥시 신천동,경기도,시흥시,신천동,2026-08-11T23:50:11+09:00
카페,19040261,카페모퉁이다락,음식점 > 카페,일반카페,0,CE7,카페,,경기 시흥시 신천동 709-32,경기 시흥시 복지로 15,126.787440442801,37.4412528819044,http://place.map.kakao.com/19040261,4139010200,경기도 시흥시 신천동,경기도,시흥시,신천동,,4139052000,경기도 시흥시 신천동,경기도,시흥시,신천동,2026-08-11T23:50:11+09:00
카페,1715080627,카페미소,음식점 > 카페 > 커피전문점,일반카페,0,CE7,카페,,경기 시흥시 신천동 781-19,경기 시흥시 수인로3325번길 15-1,126.78879209926,37.4375755646818,http://place.map.kakao.com/1715080627,4139010200,경기도 시흥시 신천동,경기도,시흥시,신천동,,4139052000,경기도 시흥시 신천동,경기도,시흥시,신천동,2026-08-11T23:50:11+09:00
카페,916552576,카페벨라&아이스크림나라,음식점 > 카페 > 테마카페 > 디저트카페,일반카페,0,CE7,카페,,경기 시흥시 신천동 838-16,경기 시흥시 신천6길 2-1,126.78187027210478,37.43748190243209,http://place.map.kakao.com/916552576,4139010200,경기도 시흥시 신천동,경기도,시흥시,신천동,,4139052000,경기도 시흥시 신천동,경기도,시흥시,신천동,2026-08-11T23:50:11+09:00
카페,167552046,카페유로,음식점 > 카페 > 테마카페 > 디저트카페,일반카페,0,CE7,카페,031-311-6563,경기 시흥시 신천동 763,경기 시흥시 신천로83번길 9,126.78476454284689,37.43771516466421,http://place.map.kakao.com/167552046,4139010200,경기도 시흥시 신천동,경기도,시흥시,신천동,,4139052000,경기도 시흥시 신천동,경기도,시흥시,신천동,2026-08-11T23:50:11+09:00
카페,1615331422,카페인중독 시흥신천점,음식점 > 카페 > 커피전문점 > 카페인중독,일반카페,0,CE7,카페,031-315-3799,경기 시흥시 신천동 779-10,경기 시흥시 신천로100번길 33-1,126.790199153088,37.438291673617,http://place.map.kakao.com/1615331422,4139010200,경기도 시흥시 신천동,경기도,시흥시,신천동,,4139052000,경기도 시흥시 신천동,경기도,시흥시,신천동,2026-08-11T23:50:11+09:00
카페,13025444,카페크레마,음식점 > 카페 > 커피전문점,일반카페,0,CE7,카페,,경기 시흥시 신천동 761-23,경기 시흥시 신천3길 25,126.783429358594,37.4387443867314,http://place.map.kakao.com/13025444,4139010200,경기도 시흥시 신천동,경기도,시흥시,신천동,,4139052000,경기도 시흥시 신천동,경기도,시흥시,신천동,2026-08-11T23:50:11+09:00
카페,1375295218,카페테라스,음식점 > 카페,일반카페,0,CE7,카페,,경기 시흥시 신천동 595-131,경기 시흥시 수인로 3502-8,126.77092895643,37.4430375764448,http://place.map.kakao.com/1375295218,4139010200,경기도 시흥시 신천동,경기도,시흥시,신천동,,4139052000,경기도 시흥시 신천동,경기도,시흥시,신천동,2026-08-11T23:50:11+09:00
카페,188451990,카페티히,음식점 > 카페 > 커피전문점,일반카페,0,CE7,카페,010-3005-1332,경기 시흥시 신천동 704-26,경기 시흥시 호현로 39,126.78504782461066,37.44375877781097,http://place.map.kakao.com/188451990,4139010200,경기도 시흥시 신천동,경기도,시흥시,신천동,,4139052000,경기도 시흥시 신천동,경기도,시흥시,신천동,2026-08-11T23:50:11+09:00
카페,1757627727,카페히읗히읗,음식점 > 카페,일반카페,0,CE7,카페,010-4605-4530,경기 시흥시 신천동 874-1,경기 시흥시 시흥대로1073번길 33,126.788882227893,37.4320389917168,http://place.map.kakao.com/1757627727,4139010200,경기도 시흥시 신천동,경기도,시흥시,신천동,,4139052000,경기도 시흥시 신천동,경기도,시흥시,신천동,2026-08-11T23:50:11+09:00
카페,21512922,커피랑,음식점 > 카페 > 커피전문점,일반카페,0,CE7,카페,070-7534-3717,경기 시흥시 신천동 816-2,경기 시흥시 수인로3413번길 49,126.776758685485,37.4385157328806,http://place.map.kakao.com/21512922,4139010200,경기도 시흥시 신천동,경기도,시흥시,신천동,,4139052000,경기도 시흥시 신천동,경기도,시흥시,신천동,2026-08-11T23:50:11+09:00
카페,1061206289,커피스토리,음식점 > 카페 > 커피전문점,일반카페,0,CE7,카페,,경기 시흥시 신천동 775-2,경기 시흥시 수인로3335번길 11,126.787299700314,37.4378792333183,http://place.map.kakao.com/1061206289,4139010200,경기도 시흥시 신천동,경기도,시흥시,신천동,,4139052000,경기도 시흥시 신천동,경기도,시흥시,신천동,2026-08-11T23:50:11+09:00
카페,229943083,커피에반하다 시흥삼미시장점,음식점 > 카페 > 커피전문점 > 커피에반하다,일반카페,0,CE7,카페,031-318-7477,경기 시흥시 신천동 734-1,경기 시흥시 신천천서로 16,126.784878821289,37.4392407891696,http://place.map.kakao.com/229943083,4139010200,경기도 시흥시 신천동,경기도,시흥시,신천동,,4139052000,경기도 시흥시 신천동,경기도,시흥시,신천동,2026-08-11T23:50:11+09:00
카페,453366789,컴포즈커피 시흥신천점,음식점 > 카페 > 커피전문점 > 컴포즈커피,일반카페,0,CE7,카페,031-312-1268,경기 시흥시 신천동 738,경기 시흥시 삼미시장1길 27,126.78325373092024,37.440870456970124,http://place.map.kakao.com/453366789,4139010200,경기도 시흥시 신천동,경기도,시흥시,신천동,,4139052000,경기도 시흥시 신천동,경기도,시흥시,신천동,2026-08-11T23:50:11+09:00
카페,579197925,킵드링킹,음식점 > 카페,일반카페,0,CE7,카페,0507-1414-9234,경기 시흥시 신천동 277-6,경기 시흥시 신천로79번길 11,126.784837014308,37.4372665916326,http://place.map.kakao.com/579197925,4139010200,경기도 시흥시 신천동,경기도,시흥시,신천동,,4139052000,경기도 시흥시 신천동,경기도,시흥시,신천동,2026-08-11T23:50:11+09:00
카페,1637438174,페이버커피,음식점 > 카페,일반카페,0,CE7,카페,,경기 시흥시 신천동 860-13,경기 시흥시 수인로3325번길 42,126.78878135886,37.435366258607,http://place.map.kakao.com/1637438174,4139010200,경기도 시흥시 신천동,경기도,시흥시,신천동,,4139052000,경기도 시흥시 신천동,경기도,시흥시,신천동,2026-08-11T23:50:11+09:00
카페,1452127607,플러스82 시흥점,음식점 > 카페 > 커피전문점 > 플러스82,일반카페,0,CE7,카페,,경기 시흥시 신천동 769-5,경기 시흥시 신천로100번안길 3-1,126.78693490869,37.438611100629,http://place.map.kakao.com/1452127607,4139010200,경기도 시흥시 신천동,경기도,시흥시,신천동,,4139052000,경기도 시흥시 신천동,경기도,시흥시,신천동,2026-08-11T23:50:11+09:00
카페,615899624,필소굿 시흥신천점,음식점 > 카페 > 테마카페 > 무인카페,일반카페,0,CE7,카페,,경기 시흥시 신천동 750-5,경기 시흥시 신천2길 26,126.779749921333,37.4392151250813,http://place.map.kakao.com/615899624,4139010200,경기도 시흥시 신천동,경기도,시흥시,신천동,,4139052000,경기도 시흥시 신천동,경기도,시흥시,신천동,2026-08-11T23:50:11+09:00
카페,8608581,향다방,음식점 > 카페 > 다방,일반카페,0,CE7,카페,,경기 시흥시 신천동 754,경기 시흥시 삼미시장4길 43,126.77998512923608,37.44036256598245,http://place.map.kakao.com/8608581,4139010200,경기도 시흥시 신천동,경기도,시흥시,신천동,,4139052000,경기도 시흥시 신천동,경기도,시흥시,신천동,2026-08-11T23:50:11+09:00
카페,16164471,흙다방,음식점 > 카페 > 다방,일반카페,0,CE7,카페,031-315-3222,경기 시흥시 신천동 705-17,경기 시흥시 호현로21번길 2,126.784381821115,37.4423249538015,http://place.map.kakao.com/16164471,4139010200,경기도 시흥시 신천동,경기도,시흥시,신천동,,4139052000,경기도 시흥시 신천동,경기도,시흥시,신천동,2026-08-11T23:50:11+09:00
카페,1598794684,소솜,음식점 > 카페,일반카페,0,CE7,카페,,경기 시흥시 방산동 157-2,경기 시흥시 구수미1길 127-19,126.777553765724,37.4233837857731,http://place.map.kakao.com/1598794684,4139010300,경기도 시흥시 방산동,경기도,시흥시,방산동,,4139053100,경기도 시흥시 신현동,경기도,시흥시,신현동,2026-08-11T23:50:11+09:00
카페,568946529,호두네놀이터,음식점 > 카페 > 테마카페 > 애견카페,기타,0,CE7,카페,0503-7153-1694,경기 시흥시 방산동 588,경기 시흥시 다지골길 33-1,126.76306002163643,37.41523296148831,http://place.map.kakao.com/568946529,4139010300,경기도 시흥시 방산동,경기도,시흥시,방산동,,4139053100,경기도 시흥시 신현동,경기도,시흥시,신현동,2026-08-11T23:50:11+09:00
카페,1062318752,가배차 포동점,음식점 > 카페,일반카페,0,CE7,카페,,경기 시흥시 포동 13-3,경기 시흥시 신현로38번길 21,126.784130752223,37.4069794416589,http://place.map.kakao.com/1062318752,4139010400,경기도 시흥시 포동,경기도,시흥시,포동,,4139053100,경기도 시흥시 신현동,경기도,시흥시,신현동,2026-08-11T23:50:11+09:00
카페,1711749224,레인바우애견카페,음식점 > 카페 > 테마카페 > 애견카페,기타,0,CE7,카페,010-7566-3101,경기 시흥시 포동 20-4,경기 시흥시 신현로 127,126.776848414365,37.4029545856025,http://place.map.kakao.com/1711749224,4139010400,경기도 시흥시 포동,경기도,시흥시,포동,,4139053100,경기도 시흥시 신현동,경기도,시흥시,신현동,2026-08-11T23:50:11+09:00
카페,710988493,메가MGC커피 시흥포동점,음식점 > 카페 > 커피전문점 > 메가MGC커피,일반카페,0,CE7,카페,031-315-3335,경기 시흥시 포동 13-31,경기 시흥시 신현로38번길 12,126.7846571300143,37.40657314107678,http://place.map.kakao.com/710988493,4139010400,경기도 시흥시 포동,경기도,시흥시,포동,,4139053100,경기도 시흥시 신현동,경기도,시흥시,신현동,2026-08-11T23:50:11+09:00
카페,1057416751,빽다방 시흥포동점,음식점 > 카페 > 커피전문점 > 빽다방,일반카페,0,CE7,카페,070-4922-0006,경기 시흥시 포동 13-29,경기 시흥시 신현로38번길 20,126.784302969866,37.4071869902503,http://place.map.kakao.com/1057416751,4139010400,경기도 시흥시 포동,경기도,시흥시,포동,,4139053100,경기도 시흥시 신현동,경기도,시흥시,신현동,2026-08-11T23:50:11+09:00
카페,2114899146,코코부코 포동점,음식점 > 카페,일반카페,0,CE7,카페,010-3719-6660,경기 시흥시 포동 5,경기 시흥시 신현로 32,126.78598370302733,37.40677557589705,http://place.map.kakao.com/2114899146,4139010400,경기도 시흥시 포동,경기도,시흥시,포동,,4139053100,경기도 시흥시 신현동,경기도,시흥시,신현동,2026-08-11T23:50:11+09:00
카페,292079577,다사랑,음식점 > 카페 > 전통찻집,일반카페,0,CE7,카페,,경기 시흥시 미산동 84-1,경기 시흥시 미산로 73,126.796483423282,37.4218176846858,http://place.map.kakao.com/292079577,4139010500,경기도 시흥시 미산동,경기도,시흥시,미산동,,4139053100,경기도 시흥시 신현동,경기도,시흥시,신현동,2026-08-11T23:50:11+09:00
카페,2106175497,목목카페,음식점 > 카페,일반카페,0,CE7,카페,031-317-5460,경기 시흥시 미산동 270-7,경기 시흥시 시흥대로935번길 6,126.788861497931,37.4197067508771,http://place.map.kakao.com/2106175497,4139010500,경기도 시흥시 미산동,경기도,시흥시,미산동,,4139053100,경기도 시흥시 신현동,경기도,시흥시,신현동,2026-08-11T23:50:11+09:00
카페,559265284,하루 미산점,음식점 > 카페 > 커피전문점,일반카페,0,CE7,카페,031-312-8447,경기 시흥시 미산동 339-1,경기 시흥시 미산로 124,126.794552596002,37.4189743400945,http://place.map.kakao.com/559265284,4139010500,경기도 시흥시 미산동,경기도,시흥시,미산동,,4139053100,경기도 시흥시 신현동,경기도,시흥시,신현동,2026-08-11T23:50:11+09:00
카페,2033327834,광일커피,음식점 > 카페,일반카페,0,CE7,카페,031-311-6397,경기 시흥시 은행동 641-8,경기 시흥시 은계로142번길 14,126.805950574791,37.4349037375436,http://place.map.kakao.com/2033327834,4139010600,경기도 시흥시 은행동,경기도,시흥시,은행동,,4139054000,경기도 시흥시 은행동,경기도,시흥시,은행동,2026-08-11T23:50:11+09:00
카페,1746931678,뉴키즈온더퍼플 은계점,"가정,생활 > 유아 > 놀이시설 > 키즈카페",기타,0,CE7,카페,,경기 시흥시 은행동 646-11,경기 시흥시 은계번영길 25,126.803966066626,37.4367817813704,http://place.map.kakao.com/1746931678,4139010600,경기도 시흥시 은행동,경기도,시흥시,은행동,,4139054000,경기도 시흥시 은행동,경기도,시흥시,은행동,2026-08-11T23:50:11+09:00
카페,1011568867,댕카페,음식점 > 카페 > 테마카페 > 애견카페,기타,0,CE7,카페,031-8042-2442,경기 시흥시 은행동 534-2,경기 시흥시 은행로149번길 10,126.798254829985,37.4441262457729,http://place.map.kakao.com/1011568867,4139010600,경기도 시흥시 은행동,경기도,시흥시,은행동,,4139054000,경기도 시흥시 은행동,경기도,시흥시,은행동,2026-08-11T23:50:11+09:00
카페,1311422056,동네카페마실 은행점,음식점 > 카페,일반카페,0,CE7,카페,031-8063-2566,경기 시흥시 은행동 113-9,경기 시흥시 수인로3247번길 25,126.79798392249707,37.43644644261726,http://place.map.kakao.com/1311422056,4139010600,경기도 시흥시 은행동,경기도,시흥시,은행동,,4139054000,경기도 시흥시 은행동,경기도,시흥시,은행동,2026-08-11T23:50:11+09:00
카페,1796796676,동양찻집 시흥은계점,음식점 > 카페 > 전통찻집,일반카페,0,CE7,카페,,경기 시흥시 은행동 641-1,경기 시흥시 은계로142번길 26,126.80597033300303,37.43600390883357,http://place.map.kakao.com/1796796676,4139010600,경기도 시흥시 은행동,경기도,시흥시,은행동,,4139054000,경기도 시흥시 은행동,경기도,시흥시,은행동,2026-08-11T23:50:11+09:00
카페,248735538,동해721,음식점 > 카페 > 테마카페,기타,0,CE7,카페,0502-5550-4869,경기 시흥시 은행동 608-3,경기 시흥시 은계중앙로 250,126.8039529630085,37.446136083724745,http://place.map.kakao.com/248735538,4139010600,경기도 시흥시 은행동,경기도,시흥시,은행동,,4139054000,경기도 시흥시 은행동,경기도,시흥시,은행동,2026-08-11T23:50:11+09:00
카페,391001612,두리서가,"가정,생활 > 여가시설 > 만화방 > 만화카페",기타,0,CE7,카페,0503-7154-2762,경기 시흥시 은행동 531-1,경기 시흥시 대은로 94,126.798838796735,37.4450715028688,http://place.map.kakao.com/391001612,4139010600,경기도 시흥시 은행동,경기도,시흥시,은행동,,4139054000,경기도 시흥시 은행동,경기도,시흥시,은행동,2026-08-11T23:50:11+09:00
카페,1519337451,디저트39 시흥은계호수공원점,음식점 > 카페 > 테마카페 > 디저트카페 > 디저트39,일반카페,0,CE7,카페,0507-1446-1695,경기 시흥시 은행동 611-1,경기 시흥시 은계호수로 31,126.8034355388273,37.44434941635484,http://place.map.kakao.com/1519337451,4139010600,경기도 시흥시 은행동,경기도,시흥시,은행동,,4139054000,경기도 시흥시 은행동,경기도,시흥시,은행동,2026-08-11T23:50:11+09:00
카페,1388388470,라라피포,음식점 > 카페,일반카페,0,CE7,카페,010-3922-8731,경기 시흥시 은행동 608-6,경기 시흥시 은계중앙로 238,126.80419227774571,37.4453697183409,http://place.map.kakao.com/1388388470,4139010600,경기도 시흥시 은행동,경기도,시흥시,은행동,,4139054000,경기도 시흥시 은행동,경기도,시흥시,은행동,2026-08-11T23:50:11+09:00
카페,482948539,랄라키즈카페,"가정,생활 > 유아 > 놀이시설 > 키즈카페",기타,0,CE7,카페,,경기 시흥시 은행동 608-8,경기 시흥시 은계중앙로 234,126.8045839224131,37.44468920059261,http://place.map.kakao.com/482948539,4139010600,경기도 시흥시 은행동,경기도,시흥시,은행동,,4139054000,경기도 시흥시 은행동,경기도,시흥시,은행동,2026-08-11T23:50:11+09:00
카페,245377716,레티시아,음식점 > 카페,일반카페,0,CE7,카페,,경기 시흥시 은행동 608-6,경기 시흥시 은계중앙로 238,126.804192277744,37.4453697183488,http://place.map.kakao.com/245377716,4139010600,경기도 시흥시 은행동,경기도,시흥시,은행동,,4139054000,경기도 시흥시 은행동,경기도,시흥시,은행동,2026-08-11T23:50:11+09:00
카페,1818624291,매머드익스프레스 시흥은계중앙점,음식점 > 카페 > 커피전문점 > 매머드익스프레스,일반카페,0,CE7,카페,,경기 시흥시 은행동 646-2,경기 시흥시 은계번영길 7,126.801620599569,37.4370986293187,http://place.map.kakao.com/1818624291,4139010600,경기도 시흥시 은행동,경기도,시흥시,은행동,,4139054000,경기도 시흥시 은행동,경기도,시흥시,은행동,2026-08-11T23:50:11+09:00
카페,769884064,메가MGC커피 시흥그랑트리캐슬점,음식점 > 카페 > 커피전문점 > 메가MGC커피,일반카페,0,CE7,카페,031-404-4888,경기 시흥시 은행동 605,경기 시흥시 은계호수로 49,126.8025090917031,37.44513355545883,http://place.map.kakao.com/769884064,4139010600,경기도 시흥시 은행동,경기도,시흥시,은행동,,4139054000,경기도 시흥시 은행동,경기도,시흥시,은행동,2026-08-11T23:50:11+09:00
카페,58336849,메가MGC커피 시흥은계중앙점,음식점 > 카페 > 커피전문점 > 메가MGC커피,일반카페,0,CE7,카페,031-315-0882,경기 시흥시 은행동 646-2,경기 시흥시 은계번영길 7,126.8017991470791,37.43709262175112,http://place.map.kakao.com/58336849,4139010600,경기도 시흥시 은행동,경기도,시흥시,은행동,,4139054000,경기도 시흥시 은행동,경기도,시흥시,은행동,2026-08-11T23:50:11+09:00
카페,1496560837,메가MGC커피 시흥은행점,음식점 > 카페 > 커피전문점 > 메가MGC커피,일반카페,0,CE7,카페,031-317-8633,경기 시흥시 은행동 산 37-16,경기 시흥시 수인로3287번길 25-2,126.79576923969842,37.4376959476143,http://place.map.kakao.com/1496560837,4139010600,경기도 시흥시 은행동,경기도,시흥시,은행동,,4139054000,경기도 시흥시 은행동,경기도,시흥시,은행동,2026-08-11T23:50:11+09:00
카페,1547547805,메가MGC커피 은계아란트리점,음식점 > 카페 > 커피전문점 > 메가MGC커피,일반카페,0,CE7,카페,031-8042-3120,경기 시흥시 은행동 658-1,경기 시흥시 은계남길 55,126.80072600741536,37.43143514791658,http://place.map.kakao.com/1547547805,4139010600,경기도 시흥시 은행동,경기도,시흥시,은행동,,4139054000,경기도 시흥시 은행동,경기도,시흥시,은행동,2026-08-11T23:50:11+09:00
카페,1821336064,메가MGC커피 은행로데오점,음식점 > 카페 > 커피전문점 > 메가MGC커피,일반카페,0,CE7,카페,031-313-7669,경기 시흥시 은행동 536-2,경기 시흥시 은행로155번길 16,126.797648656122,37.4442991050799,http://place.map.kakao.com/1821336064,4139010600,경기도 시흥시 은행동,경기도,시흥시,은행동,,4139054000,경기도 시흥시 은행동,경기도,시흥시,은행동,2026-08-11T23:50:11+09:00
카페,1253273163,메리어케이크앤파티 은계점,음식점 > 카페 > 테마카페 > 디저트카페,일반카페,0,CE7,카페,,경기 시흥시 은행동 540-7,경기 시흥시 대은로104번길 30,126.800224921432,37.4431222592342,http://place.map.kakao.com/1253273163,4139010600,경기도 시흥시 은행동,경기도,시흥시,은행동,,4139054000,경기도 시흥시 은행동,경기도,시흥시,은행동,2026-08-11T23:50:11+09:00
카페,131139996,모렛골갤러리북카페,음식점 > 카페 > 테마카페 > 북카페,기타,0,CE7,카페,,경기 시흥시 은행동 109-50,경기 시흥시 은행로65번길 22,126.793623177978,37.4382076001475,http://place.map.kakao.com/131139996,4139010600,경기도 시흥시 은행동,경기도,시흥시,은행동,,4139054000,경기도 시흥시 은행동,경기도,시흥시,은행동,2026-08-11T23:50:11+09:00
카페,29698346,미스티우드,음식점 > 카페 > 테마카페 > 디저트카페,일반카페,0,CE7,카페,031-313-9788,경기 시흥시 은행동 642,경기 시흥시 은계로142번길 7-8,126.805513212715,37.435373348397,http://place.map.kakao.com/29698346,4139010600,경기도 시흥시 은행동,경기도,시흥시,은행동,,4139054000,경기도 시흥시 은행동,경기도,시흥시,은행동,2026-08-11T23:50:11+09:00
카페,87435428,밀화당 시흥은계점,음식점 > 카페 > 테마카페 > 디저트카페,일반카페,0,CE7,카페,031-404-5558,경기 시흥시 은행동 616,경기 시흥시 은행고길 28,126.79933850670785,37.44075739914351,http://place.map.kakao.com/87435428,4139010600,경기도 시흥시 은행동,경기도,시흥시,은행동,,4139054000,경기도 시흥시 은행동,경기도,시흥시,은행동,2026-08-11T23:50:11+09:00
카페,297287495,바나나래빗,음식점 > 카페,일반카페,0,CE7,카페,031-520-8256,경기 시흥시 은행동 556-1,경기 시흥시 대은로 10,126.793148621622,37.4398394078072,http://place.map.kakao.com/297287495,4139010600,경기도 시흥시 은행동,경기도,시흥시,은행동,,4139054000,경기도 시흥시 은행동,경기도,시흥시,은행동,2026-08-11T23:50:11+09:00
카페,368736223,바나프레소 시흥은계점,음식점 > 카페 > 바나프레소,일반카페,0,CE7,카페,031-364-8233,경기 시흥시 은행동 646-5,경기 시흥시 은계번영길 11,126.80207771367395,37.437294014708414,http://place.map.kakao.com/368736223,4139010600,경기도 시흥시 은행동,경기도,시흥시,은행동,,4139054000,경기도 시흥시 은행동,경기도,시흥시,은행동,2026-08-11T23:50:11+09:00
카페,1596163284,반달커피 시흥은계점,음식점 > 카페 > 반달커피,일반카페,0,CE7,카페,,경기 시흥시 은행동 601-302,경기 시흥시 은계호수로 49,126.802050594937,37.4458734211747,http://place.map.kakao.com/1596163284,4139010600,경기도 시흥시 은행동,경기도,시흥시,은행동,,4139054000,경기도 시흥시 은행동,경기도,시흥시,은행동,2026-08-11T23:50:11+09:00
카페,771700253,발도스커피 은계호수공원점,음식점 > 카페 > 발도스커피,일반카페,0,CE7,카페,010-7979-1619,경기 시흥시 은행동 608-8,경기 시흥시 은계중앙로 234,126.80438595843134,37.44476726125998,http://place.map.kakao.com/771700253,4139010600,경기도 시흥시 은행동,경기도,시흥시,은행동,,4139054000,경기도 시흥시 은행동,경기도,시흥시,은행동,2026-08-11T23:50:11+09:00
카페,1664009078,벌툰 파리지앵 시흥은계점,"가정,생활 > 여가시설 > 만화방 > 만화카페 > 벌툰",기타,0,CE7,카페,031-311-0229,경기 시흥시 은행동 646-10,경기 시흥시 은계번영길 23,126.803904194281,37.4371096479807,http://place.map.kakao.com/1664009078,4139010600,경기도 시흥시 은행동,경기도,시흥시,은행동,,4139054000,경기도 시흥시 은행동,경기도,시흥시,은행동,2026-08-11T23:50:11+09:00
카페,162306766,베리쿠키,음식점 > 카페,일반카페,0,CE7,카페,,경기 시흥시 은행동 605,경기 시흥시 은계호수로 49,126.802045044272,37.4458355693248,http://place.map.kakao.com/162306766,4139010600,경기도 시흥시 은행동,경기도,시흥시,은행동,,4139054000,경기도 시흥시 은행동,경기도,시흥시,은행동,2026-08-11T23:50:11+09:00
카페,1738984097,빙동댕 시흥점,음식점 > 카페,일반카페,0,CE7,카페,031-315-1180,경기 시흥시 은행동 531-3,경기 시흥시 은행로 157,126.798983934008,37.4448888441379,http://place.map.kakao.com/1738984097,4139010600,경기도 시흥시 은행동,경기도,시흥시,은행동,,4139054000,경기도 시흥시 은행동,경기도,시흥시,은행동,2026-08-11T23:50:11+09:00
카페,1258230810,빽다방 시흥은계점,음식점 > 카페 > 커피전문점 > 빽다방,일반카페,0,CE7,카페,031-316-8808,경기 시흥시 은행동 644,경기 시흥시 은계남로 12,126.8020198912867,37.43608115251796,http://place.map.kakao.com/1258230810,4139010600,경기도 시흥시 은행동,경기도,시흥시,은행동,,4139054000,경기도 시흥시 은행동,경기도,시흥시,은행동,2026-08-11T23:50:11+09:00
카페,1988201295,빽다방 시흥은계호수점,음식점 > 카페 > 커피전문점 > 빽다방,일반카페,0,CE7,카페,070-7575-2987,경기 시흥시 은행동 611,경기 시흥시 은계로 260,126.80294267389547,37.44484144987161,http://place.map.kakao.com/1988201295,4139010600,경기도 시흥시 은행동,경기도,시흥시,은행동,,4139054000,경기도 시흥시 은행동,경기도,시흥시,은행동,2026-08-11T23:50:11+09:00
카페,801435674,빽다방 시흥은행점,음식점 > 카페 > 커피전문점 > 빽다방,일반카페,0,CE7,카페,031-315-2007,경기 시흥시 은행동 530-5,경기 시흥시 은행로155번길 5,126.7989022885338,37.44457154864329,http://place.map.kakao.com/801435674,4139010600,경기도 시흥시 은행동,경기도,시흥시,은행동,,4139054000,경기도 시흥시 은행동,경기도,시흥시,은행동,2026-08-11T23:50:11+09:00
카페,2116210813,설빙 시흥은계점,음식점 > 카페 > 테마카페 > 디저트카페 > 설빙,일반카페,0,CE7,카페,070-7543-4925,경기 시흥시 은행동 645-1,경기 시흥시 은계번영길 2,126.802128199045,37.43657328776117,http://place.map.kakao.com/2116210813,4139010600,경기도 시흥시 은행동,경기도,시흥시,은행동,,4139054000,경기도 시흥시 은행동,경기도,시흥시,은행동,2026-08-11T23:50:11+09:00
카페,1638158830,슈퍼윙스 무인키즈카페 시흥은계호수점,"가정,생활 > 유아 > 놀이시설 > 키즈카페",기타,0,CE7,카페,010-4836-6524,경기 시흥시 은행동 608-3,경기 시흥시 은계중앙로 250,126.803968654809,37.4461856654574,http://place.map.kakao.com/1638158830,4139010600,경기도 시흥시 은행동,경기도,시흥시,은행동,,4139054000,경기도 시흥시 은행동,경기도,시흥시,은행동,2026-08-11T23:50:11+09:00
카페,2049293396,스타벅스 시흥은계점,음식점 > 카페 > 커피전문점 > 스타벅스,일반카페,0,CE7,카페,1522-3232,경기 시흥시 은행동 646-4,경기 시흥시 은계번영길 9,126.80151310717848,37.43758229353922,http://place.map.kakao.com/2049293396,4139010600,경기도 시흥시 은행동,경기도,시흥시,은행동,,4139054000,경기도 시흥시 은행동,경기도,시흥시,은행동,2026-08-11T23:50:11+09:00
카페,587243650,슬로우드 커피,음식점 > 카페 > 커피전문점,일반카페,0,CE7,카페,070-8866-4293,경기 시흥시 은행동 557-2,경기 시흥시 대은로 8-7,126.793551274243,37.4397022566606,http://place.map.kakao.com/587243650,4139010600,경기도 시흥시 은행동,경기도,시흥시,은행동,,4139054000,경기도 시흥시 은행동,경기도,시흥시,은행동,2026-08-11T23:50:11+09:00
카페,1215517105,시흥공룡월드,"가정,생활 > 유아 > 놀이시설 > 키즈카페",기타,0,CE7,카페,031-311-5545,경기 시흥시 은행동 605,경기 시흥시 은계호수로 49,126.802045044272,37.4458355693248,http://place.map.kakao.com/1215517105,4139010600,경기도 시흥시 은행동,경기도,시흥시,은행동,,4139054000,경기도 시흥시 은행동,경기도,시흥시,은행동,2026-08-11T23:50:11+09:00
카페,1945666505,쌀로쌀로,음식점 > 카페 > 테마카페 > 디저트카페,일반카페,0,CE7,카페,070-4150-0650,경기 시흥시 은행동 547-1,경기 시흥시 은행로 104,126.798185546744,37.4408905882226,http://place.map.kakao.com/1945666505,4139010600,경기도 시흥시 은행동,경기도,시흥시,은행동,,4139054000,경기도 시흥시 은행동,경기도,시흥시,은행동,2026-08-11T23:50:11+09:00
카페,696840965,아마스빈 시흥은계점,음식점 > 카페 > 아마스빈,일반카페,0,CE7,카페,,경기 시흥시 은행동 645-5,경기 시흥시 은계번영길 28,126.80325959598314,37.436448133287726,http://place.map.kakao.com/696840965,4139010600,경기도 시흥시 은행동,경기도,시흥시,은행동,,4139054000,경기도 시흥시 은행동,경기도,시흥시,은행동,2026-08-11T23:50:11+09:00
카페,1085387162,아이맘키즈룸 시흥은계점,"가정,생활 > 유아 > 놀이시설 > 키즈카페",기타,0,CE7,카페,,경기 시흥시 은행동 646-12,경기 시흥시 은계번영길 27,126.803959930945,37.4365348932519,http://place.map.kakao.com/1085387162,4139010600,경기도 시흥시 은행동,경기도,시흥시,은행동,,4139054000,경기도 시흥시 은행동,경기도,시흥시,은행동,2026-08-11T23:50:11+09:00
카페,546368628,아클라마쿠키,음식점 > 카페,일반카페,0,CE7,카페,0507-1408-5516,경기 시흥시 은행동 538-2,경기 시흥시 은행로149번길 1,126.799397250533,37.4441498145721,http://place.map.kakao.com/546368628,4139010600,경기도 시흥시 은행동,경기도,시흥시,은행동,,4139054000,경기도 시흥시 은행동,경기도,시흥시,은행동,2026-08-11T23:50:11+09:00
카페,1125151994,"안녕,고양이",음식점 > 카페 > 테마카페 > 고양이카페,기타,0,CE7,카페,031-316-2022,경기 시흥시 은행동 531-5,경기 시흥시 대은로 92,126.79858734361068,37.44486564364491,http://place.map.kakao.com/1125151994,4139010600,경기도 시흥시 은행동,경기도,시흥시,은행동,,4139054000,경기도 시흥시 은행동,경기도,시흥시,은행동,2026-08-11T23:50:11+09:00
카페,1577741664,어보브올,음식점 > 카페 > 테마카페 > 디저트카페,일반카페,0,CE7,카페,010-2115-0400,경기 시흥시 은행동 539-1,경기 시흥시 대은로104번길 30-1,126.800284111799,37.4429610778751,http://place.map.kakao.com/1577741664,4139010600,경기도 시흥시 은행동,경기도,시흥시,은행동,,4139054000,경기도 시흥시 은행동,경기도,시흥시,은행동,2026-08-11T23:50:11+09:00
카페,1103775563,어사이드커피,음식점 > 카페 > 커피전문점,일반카페,0,CE7,카페,,경기 시흥시 은행동 608-3,경기 시흥시 은계중앙로 250,126.804007620437,37.4459775960886,http://place.map.kakao.com/1103775563,4139010600,경기도 시흥시 은행동,경기도,시흥시,은행동,,4139054000,경기도 시흥시 은행동,경기도,시흥시,은행동,2026-08-11T23:50:11+09:00
카페,1490219638,에이치에이치커피,음식점 > 카페,일반카페,0,CE7,카페,,경기 시흥시 은행동 605,경기 시흥시 은계호수로 49,126.802045044271,37.4458355693327,http://place.map.kakao.com/1490219638,4139010600,경기도 시흥시 은행동,경기도,시흥시,은행동,,4139054000,경기도 시흥시 은행동,경기도,시흥시,은행동,2026-08-11T23:50:11+09:00
카페,770754865,옐로우캔 시흥은계점,음식점 > 카페 > 테마카페 > 디저트카페,일반카페,0,CE7,카페,,경기 시흥시 은행동 662,경기 시흥시 은계중앙로 8,126.801149339159,37.43157371613028,http://place.map.kakao.com/770754865,4139010600,경기도 시흥시 은행동,경기도,시흥시,은행동,,4139054000,경기도 시흥시 은행동,경기도,시흥시,은행동,2026-08-11T23:50:11+09:00
카페,1458919148,요거트월드 시흥은계점,음식점 > 카페 > 테마카페 > 디저트카페 > 요거트월드,일반카페,0,CE7,카페,,경기 시흥시 은행동 645-5,경기 시흥시 은계번영길 28,126.803172402408,37.4365200692736,http://place.map.kakao.com/1458919148,4139010600,경기도 시흥시 은행동,경기도,시흥시,은행동,,4139054000,경기도 시흥시 은행동,경기도,시흥시,은행동,2026-08-11T23:50:11+09:00
카페,338148302,요거트퍼플 시흥은계점,음식점 > 카페 > 테마카페 > 디저트카페,일반카페,0,CE7,카페,,경기 시흥시 은행동 662,경기 시흥시 은계중앙로 8,126.80115271681963,37.43157822688797,http://place.map.kakao.com/338148302,4139010600,경기도 시흥시 은행동,경기도,시흥시,은행동,,4139054000,경기도 시흥시 은행동,경기도,시흥시,은행동,2026-08-11T23:50:11+09:00
카페,776476799,우노커피,음식점 > 카페,일반카페,0,CE7,카페,,경기 시흥시 은행동 646-5,경기 시흥시 은계번영길 11,126.8021587613946,37.43741128224852,http://place.map.kakao.com/776476799,4139010600,경기도 시흥시 은행동,경기도,시흥시,은행동,,4139054000,경기도 시흥시 은행동,경기도,시흥시,은행동,2026-08-11T23:50:11+09:00
카페,1611764169,우지커피 시흥은계점,음식점 > 카페 > 커피전문점 > 우지커피,일반카페,0,CE7,카페,031-312-0117,경기 시흥시 은행동 646-8,경기 시흥시 은계번영길 19,126.80288318032382,37.437365639796155,http://place.map.kakao.com/1611764169,4139010600,경기도 시흥시 은행동,경기도,시흥시,은행동,,4139054000,경기도 시흥시 은행동,경기도,시흥시,은행동,2026-08-11T23:50:11+09:00
카페,1287773353,재피,음식점 > 카페,일반카페,0,CE7,카페,,경기 시흥시 은행동 640-7,경기 시흥시 은계로142번길 7-12,126.805523460455,37.4357797228366,http://place.map.kakao.com/1287773353,4139010600,경기도 시흥시 은행동,경기도,시흥시,은행동,,4139054000,경기도 시흥시 은행동,경기도,시흥시,은행동,2026-08-11T23:50:11+09:00
카페,549397120,점핑파크 시흥은계점,"가정,생활 > 유아 > 놀이시설 > 키즈카페",기타,0,CE7,카페,031-318-0079,경기 시흥시 은행동 645-5,경기 시흥시 은계번영길 28,126.80317129842874,37.43651015628456,http://place.map.kakao.com/549397120,4139010600,경기도 시흥시 은행동,경기도,시흥시,은행동,,4139054000,경기도 시흥시 은행동,경기도,시흥시,은행동,2026-08-11T23:50:11+09:00
카페,1234195396,정글비 시흥은계점,"가정,생활 > 여가시설 > 보드카페 > 정글비",기타,0,CE7,카페,031-315-9464,경기 시흥시 은행동 646-2,경기 시흥시 은계번영길 7,126.80184449680354,37.43703503286031,http://place.map.kakao.com/1234195396,4139010600,경기도 시흥시 은행동,경기도,시흥시,은행동,,4139054000,경기도 시흥시 은행동,경기도,시흥시,은행동,2026-08-11T23:50:11+09:00
카페,2002516170,정담하루,음식점 > 카페,일반카페,0,CE7,카페,0502-1939-1204,경기 시흥시 은행동 610-6,경기 시흥시 은계중앙로 221,126.804981986589,37.4437095556095,http://place.map.kakao.com/2002516170,4139010600,경기도 시흥시 은행동,경기도,시흥시,은행동,,4139054000,경기도 시흥시 은행동,경기도,시흥시,은행동,2026-08-11T23:50:11+09:00
카페,445526740,조안나 카페,음식점 > 카페,일반카페,0,CE7,카페,0503-7154-2342,경기 시흥시 은행동 607,경기 시흥시 은계중앙로 247,126.80320101057,37.4458753423038,http://place.map.kakao.com/445526740,4139010600,경기도 시흥시 은행동,경기도,시흥시,은행동,,4139054000,경기도 시흥시 은행동,경기도,시흥시,은행동,2026-08-11T23:50:11+09:00
카페,577482779,준사주카페,음식점 > 카페 > 테마카페 > 사주카페,기타,0,CE7,카페,010-5672-3795,경기 시흥시 은행동 608-8,경기 시흥시 은계중앙로 234,126.80460654228989,37.44468202988374,http://place.map.kakao.com/577482779,4139010600,경기도 시흥시 은행동,경기도,시흥시,은행동,,4139054000,경기도 시흥시 은행동,경기도,시흥시,은행동,2026-08-11T23:50:11+09:00
카페,1794898553,준카페,음식점 > 카페,일반카페,0,CE7,카페,,경기 시흥시 은행동 608-8,경기 시흥시 은계중앙로 234,126.804459107353,37.444884514015,http://place.map.kakao.com/1794898553,4139010600,경기도 시흥시 은행동,경기도,시흥시,은행동,,4139054000,경기도 시흥시 은행동,경기도,시흥시,은행동,2026-08-11T23:50:11+09:00
카페,905403869,지혜샘창의놀이터,"가정,생활 > 유아 > 놀이시설 > 키즈카페",기타,0,CE7,카페,031-509-0110,경기 시흥시 은행동 605,경기 시흥시 은계호수로 49,126.8020072579726,37.446022916730726,http://place.map.kakao.com/905403869,4139010600,경기도 시흥시 은행동,경기도,시흥시,은행동,,4139054000,경기도 시흥시 은행동,경기도,시흥시,은행동,2026-08-11T23:50:11+09:00
카페,1655681164,착한토끼무인키즈카페,"가정,생활 > 유아 > 놀이시설 > 키즈카페",기타,0,CE7,카페,0507-1329-3492,경기 시흥시 은행동 608-13,경기 시흥시 은계중앙로 220,126.805396581895,37.4441967861603,http://place.map.kakao.com/1655681164,4139010600,경기도 시흥시 은행동,경기도,시흥시,은행동,,4139054000,경기도 시흥시 은행동,경기도,시흥시,은행동,2026-08-11T23:50:11+09:00
카페,1991111341,천씨씨커피 시흥은계점,음식점 > 카페 > 커피전문점 > 천씨씨커피,일반카페,0,CE7,카페,031-316-1005,경기 시흥시 은행동 672-1,경기 시흥시 은계남길 26,126.79774845343148,37.43073180409801,http://place.map.kakao.com/1991111341,4139010600,경기도 시흥시 은행동,경기도,시흥시,은행동,,4139054000,경기도 시흥시 은행동,경기도,시흥시,은행동,2026-08-11T23:50:11+09:00
카페,819416338,카자녜커피바,음식점 > 카페 > 커피전문점,일반카페,0,CE7,카페,010-2042-8002,경기 시흥시 은행동 644,경기 시흥시 은계남로 12,126.801931273475,37.4349781622255,http://place.map.kakao.com/819416338,4139010600,경기도 시흥시 은행동,경기도,시흥시,은행동,,4139054000,경기도 시흥시 은행동,경기도,시흥시,은행동,2026-08-11T23:50:11+09:00
카페,2128207379,카페 일일사오,음식점 > 카페,일반카페,0,CE7,카페,0507-1301-9959,경기 시흥시 은행동 605,경기 시흥시 은계호수로 49,126.802418260164,37.4452955860073,http://place.map.kakao.com/2128207379,4139010600,경기도 시흥시 은행동,경기도,시흥시,은행동,,4139054000,경기도 시흥시 은행동,경기도,시흥시,은행동,2026-08-11T23:50:11+09:00
카페,825056963,카페8cm,음식점 > 카페 > 테마카페 > 디저트카페,일반카페,0,CE7,카페,0502-5554-4059,경기 시흥시 은행동 601,경기 시흥시 은계호수로 49,126.802050592564,37.4458743221837,http://place.map.kakao.com/825056963,4139010600,경기도 시흥시 은행동,경기도,시흥시,은행동,,4139054000,경기도 시흥시 은행동,경기도,시흥시,은행동,2026-08-11T23:50:11+09:00
카페,1442800713,카페뇽뇽,음식점 > 카페 > 커피전문점,일반카페,0,CE7,카페,010-5944-4386,경기 시흥시 은행동 542,경기 시흥시 대은로104번길 27,126.80065971633,37.4432239068399,http://place.map.kakao.com/1442800713,4139010600,경기도 시흥시 은행동,경기도,시흥시,은행동,,4139054000,경기도 시흥시 은행동,경기도,시흥시,은행동,2026-08-11T23:50:11+09:00
카페,2007497810,카페도라,음식점 > 카페,일반카페,0,CE7,카페,,경기 시흥시 은행동 641-7,경기 시흥시 은계로142번길 16,126.805957946837,37.435111884033,http://place.map.kakao.com/2007497810,4139010600,경기도 시흥시 은행동,경기도,시흥시,은행동,,4139054000,경기도 시흥시 은행동,경기도,시흥시,은행동,2026-08-11T23:50:11+09:00
카페,80941766,카페만월경 시흥은계점,음식점 > 카페 > 테마카페 > 무인카페 > 카페만월경,일반카페,0,CE7,카페,,경기 시흥시 은행동 632,경기 시흥시 은계중앙로 140,126.805431233024,37.4395431077322,http://place.map.kakao.com/80941766,4139010600,경기도 시흥시 은행동,경기도,시흥시,은행동,,4139054000,경기도 시흥시 은행동,경기도,시흥시,은행동,2026-08-11T23:50:11+09:00
카페,1767220869,카페아우트,음식점 > 카페,일반카페,0,CE7,카페,070-8657-2963,경기 시흥시 은행동 105-4,경기 시흥시 수인로3287번길 23,126.795483896288,37.4379144006678,http://place.map.kakao.com/1767220869,4139010600,경기도 시흥시 은행동,경기도,시흥시,은행동,,4139054000,경기도 시흥시 은행동,경기도,시흥시,은행동,2026-08-11T23:50:11+09:00
카페,1548387475,카페여기,음식점 > 카페,일반카페,0,CE7,카페,,경기 시흥시 은행동 293-1,경기 시흥시 시흥대로1074번길 17-1,126.79500021220757,37.43172269168957,http://place.map.kakao.com/1548387475,4139010600,경기도 시흥시 은행동,경기도,시흥시,은행동,,4139054000,경기도 시흥시 은행동,경기도,시흥시,은행동,2026-08-11T23:50:11+09:00
카페,1779040485,카페유로,음식점 > 카페,일반카페,0,CE7,카페,031-311-6563,경기 시흥시 은행동 245-4,경기 시흥시 검바위1로 70-4,126.796098472739,37.4354601984735,http://place.map.kakao.com/1779040485,4139010600,경기도 시흥시 은행동,경기도,시흥시,은행동,,4139054000,경기도 시흥시 은행동,경기도,시흥시,은행동,2026-08-11T23:50:11+09:00
카페,1211894979,카페쥬르,음식점 > 카페,일반카페,0,CE7,카페,,경기 시흥시 은행동 625,경기 시흥시 은계중앙로 151,126.807516781777,37.4401411916178,http://place.map.kakao.com/1211894979,4139010600,경기도 시흥시 은행동,경기도,시흥시,은행동,,4139054000,경기도 시흥시 은행동,경기도,시흥시,은행동,2026-08-11T23:50:11+09:00
카페,596971105,카페팔센치,음식점 > 카페,일반카페,0,CE7,카페,031-8044-0902,경기 시흥시 은행동 605,경기 시흥시 은계호수로 49,126.80204946249063,37.44587432028312,http://place.map.kakao.com/596971105,4139010600,경기도 시흥시 은행동,경기도,시흥시,은행동,,4139054000,경기도 시흥시 은행동,경기도,시흥시,은행동,2026-08-11T23:50:11+09:00
카페,302185871,카페프리헷 시흥은계점,음식점 > 카페 > 테마카페 > 무인카페 > 카페프리헷,일반카페,0,CE7,카페,0503-7150-1040,경기 시흥시 은행동 660,경기 시흥시 은계중앙로 37,126.8009517160065,37.43366824337449,http://place.map.kakao.com/302185871,4139010600,경기도 시흥시 은행동,경기도,시흥시,은행동,,4139054000,경기도 시흥시 은행동,경기도,시흥시,은행동,2026-08-11T23:50:11+09:00
카페,1521983115,카페호수담,음식점 > 카페,일반카페,0,CE7,카페,0502-5554-3445,경기 시흥시 은행동 608-3,경기 시흥시 은계중앙로 250,126.803968654809,37.4461856654574,http://place.map.kakao.com/1521983115,4139010600,경기도 시흥시 은행동,경기도,시흥시,은행동,,4139054000,경기도 시흥시 은행동,경기도,시흥시,은행동,2026-08-11T23:50:11+09:00
카페,611911512,커피에반하다 시흥은계중앙공원점 스마트카페,음식점 > 카페 > 커피전문점 > 커피에반하다,일반카페,0,CE7,카페,070-4493-7699,경기 시흥시 은행동 608-13,경기 시흥시 은계중앙로 220,126.805357226232,37.4441210362388,http://place.map.kakao.com/611911512,4139010600,경기도 시흥시 은행동,경기도,시흥시,은행동,,4139054000,경기도 시흥시 은행동,경기도,시흥시,은행동,2026-08-11T23:50:11+09:00
카페,1882502128,커피유,음식점 > 카페,일반카페,0,CE7,카페,,경기 시흥시 은행동 289-45,경기 시흥시 검바위1로 26,126.794748499226,37.4316321533861,http://place.map.kakao.com/1882502128,4139010600,경기도 시흥시 은행동,경기도,시흥시,은행동,,4139054000,경기도 시흥시 은행동,경기도,시흥시,은행동,2026-08-11T23:50:11+09:00
카페,1785438858,커피커핑,음식점 > 카페,일반카페,0,CE7,카페,031-317-2526,경기 시흥시 은행동 243-10,경기 시흥시 은행로 50-17,126.79715829954323,37.436312579571194,http://place.map.kakao.com/1785438858,4139010600,경기도 시흥시 은행동,경기도,시흥시,은행동,,4139054000,경기도 시흥시 은행동,경기도,시흥시,은행동,2026-08-11T23:50:11+09:00
카페,1949535035,컴포즈커피 시흥은계우미린점,음식점 > 카페 > 커피전문점 > 컴포즈커피,일반카페,0,CE7,카페,031-8042-6787,경기 시흥시 은행동 621,경기 시흥시 은계중앙로 115,126.80366973680934,37.43991862083492,http://place.map.kakao.com/1949535035,4139010600,경기도 시흥시 은행동,경기도,시흥시,은행동,,4139054000,경기도 시흥시 은행동,경기도,시흥시,은행동,2026-08-11T23:50:11+09:00
카페,65659697,컴포즈커피 시흥은계점,음식점 > 카페 > 커피전문점 > 컴포즈커피,일반카페,0,CE7,카페,070-8650-9623,경기 시흥시 은행동 645-5,경기 시흥시 은계번영길 28,126.80302676847695,37.436471171905914,http://place.map.kakao.com/65659697,4139010600,경기도 시흥시 은행동,경기도,시흥시,은행동,,4139054000,경기도 시흥시 은행동,경기도,시흥시,은행동,2026-08-11T23:50:11+09:00
카페,1086692439,컴포즈커피 시흥은계호수공원점,음식점 > 카페 > 커피전문점 > 컴포즈커피,일반카페,0,CE7,카페,070-4797-8453,경기 시흥시 은행동 608-6,경기 시흥시 은계중앙로 238,126.80406817951084,37.44528932252595,http://place.map.kakao.com/1086692439,4139010600,경기도 시흥시 은행동,경기도,시흥시,은행동,,4139054000,경기도 시흥시 은행동,경기도,시흥시,은행동,2026-08-11T23:50:11+09:00
카페,302857867,컴포즈커피 시흥은행사거리점,음식점 > 카페 > 커피전문점 > 컴포즈커피,일반카페,0,CE7,카페,070-8691-0399,경기 시흥시 은행동 547-4,경기 시흥시 은행로 86,126.79714880396817,37.43941205190354,http://place.map.kakao.com/302857867,4139010600,경기도 시흥시 은행동,경기도,시흥시,은행동,,4139054000,경기도 시흥시 은행동,경기도,시흥시,은행동,2026-08-11T23:50:11+09:00
카페,1404157648,코코케이크카페 시흥본점,음식점 > 카페,일반카페,0,CE7,카페,031-315-2738,경기 시흥시 은행동 644,경기 시흥시 은계남로 12,126.80191693495425,37.43613143683154,http://place.map.kakao.com/1404157648,4139010600,경기도 시흥시 은행동,경기도,시흥시,은행동,,4139054000,경기도 시흥시 은행동,경기도,시흥시,은행동,2026-08-11T23:50:11+09:00
카페,2082995651,큐큐보드게임,"가정,생활 > 여가시설 > 보드카페",기타,0,CE7,카페,070-7766-9950,경기 시흥시 은행동 535,경기 시흥시 대은로 86,126.79795898627,37.4444609173234,http://place.map.kakao.com/2082995651,4139010600,경기도 시흥시 은행동,경기도,시흥시,은행동,,4139054000,경기도 시흥시 은행동,경기도,시흥시,은행동,2026-08-11T23:50:11+09:00
카페,1707588232,키즈밤비,"가정,생활 > 유아 > 놀이시설 > 키즈카페",기타,0,CE7,카페,,경기 시흥시 은행동 608-8,경기 시흥시 은계중앙로 234,126.804456842543,37.4448863123023,http://place.map.kakao.com/1707588232,4139010600,경기도 시흥시 은행동,경기도,시흥시,은행동,,4139054000,경기도 시흥시 은행동,경기도,시흥시,은행동,2026-08-11T23:50:11+09:00
카페,1943665438,타누키,음식점 > 카페,일반카페,0,CE7,카페,,경기 시흥시 은행동 540-13,경기 시흥시 은행로 142,126.799945333336,37.4437227622278,http://place.map.kakao.com/1943665438,4139010600,경기도 시흥시 은행동,경기도,시흥시,은행동,,4139054000,경기도 시흥시 은행동,경기도,시흥시,은행동,2026-08-11T23:50:11+09:00
카페,634212171,테라커피 시흥은계점,음식점 > 카페 > 커피전문점 > 테라커피,일반카페,0,CE7,카페,031-312-3777,경기 시흥시 은행동 646-9,경기 시흥시 은계번영길 21,126.803523996542,37.4373144478803,http://place.map.kakao.com/634212171,4139010600,경기도 시흥시 은행동,경기도,시흥시,은행동,,4139054000,경기도 시흥시 은행동,경기도,시흥시,은행동,2026-08-11T23:50:11+09:00
카페,1536873391,텐퍼센트커피 시흥은계점,음식점 > 카페 > 커피전문점 > 텐퍼센트커피,일반카페,0,CE7,카페,031-312-5557,경기 시흥시 은행동 645-5,경기 시흥시 은계번영길 28,126.80292697291345,37.43660886076172,http://place.map.kakao.com/1536873391,4139010600,경기도 시흥시 은행동,경기도,시흥시,은행동,,4139054000,경기도 시흥시 은행동,경기도,시흥시,은행동,2026-08-11T23:50:11+09:00
카페,1795844262,텐퍼센트커피 시흥은행점,음식점 > 카페 > 커피전문점 > 텐퍼센트커피,일반카페,0,CE7,카페,,경기 시흥시 은행동 528-6,경기 시흥시 은행로 158,126.79931115783052,37.44507410789181,http://place.map.kakao.com/1795844262,4139010600,경기도 시흥시 은행동,경기도,시흥시,은행동,,4139054000,경기도 시흥시 은행동,경기도,시흥시,은행동,2026-08-11T23:50:11+09:00
카페,40642966,투썸플레이스 시흥은계점,음식점 > 카페 > 커피전문점 > 투썸플레이스,일반카페,0,CE7,카페,031-318-1717,경기 시흥시 은행동 646-9,경기 시흥시 은계번영길 21,126.803401094086,37.4372142309445,http://place.map.kakao.com/40642966,4139010600,경기도 시흥시 은행동,경기도,시흥시,은행동,,4139054000,경기도 시흥시 은행동,경기도,시흥시,은행동,2026-08-11T23:50:11+09:00
카페,1655597033,파인커피,음식점 > 카페,일반카페,0,CE7,카페,031-315-1003,경기 시흥시 은행동 537-4,경기 시흥시 은행로155번길 17,126.79740881298433,37.44398063656328,http://place.map.kakao.com/1655597033,4139010600,경기도 시흥시 은행동,경기도,시흥시,은행동,,4139054000,경기도 시흥시 은행동,경기도,시흥시,은행동,2026-08-11T23:50:11+09:00
카페,1611817722,팔공티 시흥은계지구점,음식점 > 카페 > 팔공티,일반카페,0,CE7,카페,,경기 시흥시 은행동 605,경기 시흥시 은계호수로 49,126.80171555081442,37.44607829051,http://place.map.kakao.com/1611817722,4139010600,경기도 시흥시 은행동,경기도,시흥시,은행동,,4139054000,경기도 시흥시 은행동,경기도,시흥시,은행동,2026-08-11T23:50:11+09:00
카페,1137541405,하삼동커피 시흥은계점,음식점 > 카페 > 커피전문점 > 하삼동커피,일반카페,0,CE7,카페,031-313-1356,경기 시흥시 은행동 646,경기 시흥시 은계번영길 1,126.80174659494953,37.43645371442406,http://place.map.kakao.com/1137541405,4139010600,경기도 시흥시 은행동,경기도,시흥시,은행동,,4139054000,경기도 시흥시 은행동,경기도,시흥시,은행동,2026-08-11T23:50:11+09:00
카페,1253903060,하삼동커피 시흥은계호수공원점,음식점 > 카페 > 커피전문점 > 하삼동커피,일반카페,0,CE7,카페,031-315-3336,경기 시흥시 은행동 608-3,경기 시흥시 은계중앙로 250,126.803968654809,37.4461856654574,http://place.map.kakao.com/1253903060,4139010600,경기도 시흥시 은행동,경기도,시흥시,은행동,,4139054000,경기도 시흥시 은행동,경기도,시흥시,은행동,2026-08-11T23:50:11+09:00
카페,535935605,하삼동커피 시흥은행점,음식점 > 카페 > 커피전문점 > 하삼동커피,일반카페,0,CE7,카페,031-500-8822,경기 시흥시 은행동 536-3,경기 시흥시 대은로 80,126.79739214200494,37.44429596260059,http://place.map.kakao.com/535935605,4139010600,경기도 시흥시 은행동,경기도,시흥시,은행동,,4139054000,경기도 시흥시 은행동,경기도,시흥시,은행동,2026-08-11T23:50:11+09:00
카페,929787468,하이오커피 시흥은계점,음식점 > 카페 > 커피전문점 > 하이오커피,일반카페,0,CE7,카페,031-504-3334,경기 시흥시 은행동 646,경기 시흥시 은계번영길 1,126.80144674151215,37.43661269066596,http://place.map.kakao.com/929787468,4139010600,경기도 시흥시 은행동,경기도,시흥시,은행동,,4139054000,경기도 시흥시 은행동,경기도,시흥시,은행동,2026-08-11T23:50:11+09:00
카페,1588001238,해례커피앤도브리베이커리,음식점 > 카페 > 커피전문점,일반카페,0,CE7,카페,010-4468-5220,경기 시흥시 은행동 642-6,경기 시흥시 은계로142번길 7-4,126.805480115033,37.4350642459066,http://place.map.kakao.com/1588001238,4139010600,경기도 시흥시 은행동,경기도,시흥시,은행동,,4139054000,경기도 시흥시 은행동,경기도,시흥시,은행동,2026-08-11T23:50:11+09:00
카페,1579394679,해월커피 은계,음식점 > 카페,일반카페,0,CE7,카페,0507-1427-2477,경기 시흥시 은행동 639-5,경기 시흥시 은계로142번길 3-14,126.805070074037,37.4358898008189,http://place.map.kakao.com/1579394679,4139010600,경기도 시흥시 은행동,경기도,시흥시,은행동,,4139054000,경기도 시흥시 은행동,경기도,시흥시,은행동,2026-08-11T23:50:11+09:00
카페,631796106,헬로방방 시흥은계점,"가정,생활 > 유아 > 놀이시설 > 키즈카페",기타,0,CE7,카페,031-311-3192,경기 시흥시 은행동 646-12,경기 시흥시 은계번영길 27,126.803959902743,37.4365457053783,http://place.map.kakao.com/631796106,4139010600,경기도 시흥시 은행동,경기도,시흥시,은행동,,4139054000,경기도 시흥시 은행동,경기도,시흥시,은행동,2026-08-11T23:50:11+09:00
카페,101875250,호수로간고양이,음식점 > 카페,일반카페,0,CE7,카페,,경기 시흥시 은행동 610,경기 시흥시 은계중앙로 237,126.8036279484613,37.44509937916537,http://place.map.kakao.com/101875250,4139010600,경기도 시흥시 은행동,경기도,시흥시,은행동,,4139054000,경기도 시흥시 은행동,경기도,시흥시,은행동,2026-08-11T23:50:11+09:00
카페,416548306,호호멍 애견유치원카페,음식점 > 카페,일반카페,0,CE7,카페,,경기 시흥시 은행동 645-5,경기 시흥시 은계번영길 28,126.803172402408,37.4365200692736,http://place.map.kakao.com/416548306,4139010600,경기도 시흥시 은행동,경기도,시흥시,은행동,,4139054000,경기도 시흥시 은행동,경기도,시흥시,은행동,2026-08-11T23:50:11+09:00
카페,1882903960,카페언덕,음식점 > 카페,일반카페,0,CE7,카페,031-313-2629,경기 시흥시 안현동 366,경기 시흥시 수인로3087번길 12,126.810241891739,37.4300190932689,http://place.map.kakao.com/1882903960,4139010700,경기도 시흥시 안현동,경기도,시흥시,안현동,,4139054000,경기도 시흥시 은행동,경기도,시흥시,은행동,2026-08-11T23:50:11+09:00
카페,1554628427,매화다방,음식점 > 카페 > 테마카페 > 디저트카페,일반카페,0,CE7,카페,031-364-8318,경기 시흥시 매화동 244,경기 시흥시 매화1로 18,126.813090218735,37.4154758161837,http://place.map.kakao.com/1554628427,4139010800,경기도 시흥시 매화동,경기도,시흥시,매화동,,4139055000,경기도 시흥시 매화동,경기도,시흥시,매화동,2026-08-11T23:50:11+09:00
카페,1209854349,매화동커피,음식점 > 카페 > 커피전문점,일반카페,0,CE7,카페,,경기 시흥시 매화동 249-1,경기 시흥시 매화1로 12,126.81371337966,37.4156335768205,http://place.map.kakao.com/1209854349,4139010800,경기도 시흥시 매화동,경기도,시흥시,매화동,,4139055000,경기도 시흥시 매화동,경기도,시흥시,매화동,2026-08-11T23:50:11+09:00
카페,48718089,메가MGC커피 시흥매화점,음식점 > 카페 > 커피전문점 > 메가MGC커피,일반카페,0,CE7,카페,031-313-2016,경기 시흥시 매화동 247-2,경기 시흥시 매화2로 3,126.81376675146605,37.415976948672125,http://place.map.kakao.com/48718089,4139010800,경기도 시흥시 매화동,경기도,시흥시,매화동,,4139055000,경기도 시흥시 매화동,경기도,시흥시,매화동,2026-08-11T23:50:11+09:00
카페,2040300583,백억커피 시흥매화점,음식점 > 카페 > 커피전문점 > 백억커피,일반카페,0,CE7,카페,031-311-9122,경기 시흥시 매화동 194-1,경기 시흥시 매화로 39,126.815011129774,37.4157103990312,http://place.map.kakao.com/2040300583,4139010800,경기도 시흥시 매화동,경기도,시흥시,매화동,,4139055000,경기도 시흥시 매화동,경기도,시흥시,매화동,2026-08-11T23:50:11+09:00
카페,902090972,블라썸,음식점 > 카페,일반카페,0,CE7,카페,,경기 시흥시 매화동 853-4,경기 시흥시 매화마을1길 13,126.81630963458552,37.41779197238505,http://place.map.kakao.com/902090972,4139010800,경기도 시흥시 매화동,경기도,시흥시,매화동,,4139055000,경기도 시흥시 매화동,경기도,시흥시,매화동,2026-08-11T23:50:11+09:00
카페,620051521,카페프리헷 시흥매화점,음식점 > 카페 > 테마카페 > 무인카페 > 카페프리헷,일반카페,0,CE7,카페,,경기 시흥시 매화동 220-13,경기 시흥시 매화2로 22,126.812449337413,37.4169894119125,http://place.map.kakao.com/620051521,4139010800,경기도 시흥시 매화동,경기도,시흥시,매화동,,4139055000,경기도 시흥시 매화동,경기도,시흥시,매화동,2026-08-11T23:50:11+09:00
카페,2006788057,포시즌베이커리카페,음식점 > 카페,일반카페,0,CE7,카페,031-311-9111,경기 시흥시 매화동 27-3,경기 시흥시 수인로 2950-30,126.819969229685,37.4203582931108,http://place.map.kakao.com/2006788057,4139010800,경기도 시흥시 매화동,경기도,시흥시,매화동,,4139055000,경기도 시흥시 매화동,경기도,시흥시,매화동,2026-08-11T23:50:11+09:00
카페,1552534341,메가MGC커피 시흥매화산단점,음식점 > 카페 > 커피전문점 > 메가MGC커피,일반카페,0,CE7,카페,070-4012-7774,경기 시흥시 매화동 846,경기 시흥시 매화산단3길 1,126.82004769773201,37.41353140187461,http://place.map.kakao.com/1552534341,4139010900,경기도 시흥시 도창동,경기도,시흥시,도창동,,4139055000,경기도 시흥시 매화동,경기도,시흥시,매화동,2026-08-11T23:50:11+09:00
카페,63639792,벤티프레소 시흥매화점,음식점 > 카페 > 커피전문점 > 벤티프레소,일반카페,0,CE7,카페,,경기 시흥시 매화동 846,경기 시흥시 매화산단3길 1,126.82054997164443,37.41369705164365,http://place.map.kakao.com/63639792,4139010900,경기도 시흥시 도창동,경기도,시흥시,도창동,,4139055000,경기도 시흥시 매화동,경기도,시흥시,매화동,2026-08-11T23:50:11+09:00
카페,1877096444,빽다방 시흥매화산단점,음식점 > 카페 > 커피전문점 > 빽다방,일반카페,0,CE7,카페,,경기 시흥시 매화동 846,경기 시흥시 매화산단3길 1,126.82068412223568,37.414284718983005,http://place.map.kakao.com/1877096444,4139010900,경기도 시흥시 도창동,경기도,시흥시,도창동,,4139055000,경기도 시흥시 매화동,경기도,시흥시,매화동,2026-08-11T23:50:11+09:00
카페,1299782428,우지커피 매화산단점,음식점 > 카페 > 커피전문점 > 우지커피,일반카페,0,CE7,카페,070-4101-5128,경기 시흥시 도창동 508-23,경기 시흥시 매화산단로 61,126.822310788538,37.4118787531571,http://place.map.kakao.com/1299782428,4139010900,경기도 시흥시 도창동,경기도,시흥시,도창동,,4139055000,경기도 시흥시 매화동,경기도,시흥시,매화동,2026-08-11T23:50:11+09:00
카페,2134035365,카페인디블루,음식점 > 카페,일반카페,0,CE7,카페,031-313-2489,경기 시흥시 도창동 508-12,경기 시흥시 매화산단2길 31,126.82031148432347,37.412810988505775,http://place.map.kakao.com/2134035365,4139010900,경기도 시흥시 도창동,경기도,시흥시,도창동,,4139055000,경기도 시흥시 매화동,경기도,시흥시,매화동,2026-08-11T23:50:11+09:00
카페,2054524568,커피에반하다 시흥매화산단점 스마트카페,음식점 > 카페 > 커피전문점 > 커피에반하다,일반카페,0,CE7,카페,,경기 시흥시 도창동 508-14,경기 시흥시 매화산단2길 27,126.820695642072,37.41229528825,http://place.map.kakao.com/2054524568,4139010900,경기도 시흥시 도창동,경기도,시흥시,도창동,,4139055000,경기도 시흥시 매화동,경기도,시흥시,매화동,2026-08-11T23:50:11+09:00
카페,1937435652,시케인,음식점 > 카페 > 테마카페 > 디저트카페,일반카페,0,CE7,카페,0507-1365-8834,경기 시흥시 금이동 29-3,경기 시흥시 수인로2573번길 15,126.8462742935702,37.40207410812481,http://place.map.kakao.com/1937435652,4139011000,경기도 시흥시 금이동,경기도,시흥시,금이동,,4139055000,경기도 시흥시 매화동,경기도,시흥시,매화동,2026-08-11T23:50:11+09:00
카페,625298932,811테라스,음식점 > 카페,일반카페,0,CE7,카페,031-413-0811,경기 시흥시 물왕동 155-2,경기 시흥시 동서로811번길 26,126.838662504477,37.3860275885527,http://place.map.kakao.com/625298932,4139012200,경기도 시흥시 물왕동,경기도,시흥시,물왕동,,4139057000,경기도 시흥시 목감동,경기도,시흥시,목감동,2026-08-11T23:50:11+09:00
카페,200885778,그리움카페,음식점 > 카페,일반카페,0,CE7,카페,031-439-3302,경기 시흥시 물왕동 97-4,경기 시흥시 동서로857번길 28-6,126.83976834761701,37.384259483398026,http://place.map.kakao.com/200885778,4139012200,경기도 시흥시 물왕동,경기도,시흥시,물왕동,,4139057000,경기도 시흥시 목감동,경기도,시흥시,목감동,2026-08-11T23:50:11+09:00
카페,1800799519,나나쓰,음식점 > 카페,일반카페,0,CE7,카페,010-7722-9903,경기 시흥시 물왕동 99-3,경기 시흥시 동서로857번길 24,126.83925870213201,37.38391640306529,http://place.map.kakao.com/1800799519,4139012200,경기도 시흥시 물왕동,경기도,시흥시,물왕동,,4139057000,경기도 시흥시 목감동,경기도,시흥시,목감동,2026-08-11T23:50:11+09:00
카페,1513837146,레이크우드,음식점 > 카페,일반카페,0,CE7,카페,,경기 시흥시 물왕동 218-1,경기 시흥시 동서로 810,126.835771573243,37.3840611816975,http://place.map.kakao.com/1513837146,4139012200,경기도 시흥시 물왕동,경기도,시흥시,물왕동,,4139057000,경기도 시흥시 목감동,경기도,시흥시,목감동,2026-08-11T23:50:11+09:00
카페,1161183220,무랑가배,음식점 > 카페,일반카페,0,CE7,카페,0503-7152-6470,경기 시흥시 물왕동 23-6,경기 시흥시 동서로 865-5,126.8417292189924,37.38179692477484,http://place.map.kakao.com/1161183220,4139012200,경기도 시흥시 물왕동,경기도,시흥시,물왕동,,4139057000,경기도 시흥시 목감동,경기도,시흥시,목감동,2026-08-11T23:50:11+09:00
카페,529823585,본카페,음식점 > 카페,일반카페,0,CE7,카페,031-410-8909,경기 시흥시 물왕동 150-9,경기 시흥시 동서로811번길 35-1,126.83932726827422,37.387237665821324,http://place.map.kakao.com/529823585,4139012200,경기도 시흥시 물왕동,경기도,시흥시,물왕동,,4139057000,경기도 시흥시 목감동,경기도,시흥시,목감동,2026-08-11T23:50:11+09:00
카페,2042224614,봉브릿지,음식점 > 카페,일반카페,0,CE7,카페,070-7788-6164,경기 시흥시 물왕동 341-10,경기 시흥시 동서로 706-92,126.828706789411,37.3814399951805,http://place.map.kakao.com/2042224614,4139012200,경기도 시흥시 물왕동,경기도,시흥시,물왕동,,4139057000,경기도 시흥시 목감동,경기도,시흥시,목감동,2026-08-11T23:50:11+09:00
카페,1066777605,빛담,음식점 > 카페,일반카페,0,CE7,카페,031-413-3001,경기 시흥시 물왕동 166-2,경기 시흥시 동서로811번길 13,126.83768835166094,37.38535048854166,http://place.map.kakao.com/1066777605,4139012200,경기도 시흥시 물왕동,경기도,시흥시,물왕동,,4139057000,경기도 시흥시 목감동,경기도,시흥시,목감동,2026-08-11T23:50:11+09:00
카페,81350071,스타벅스 물왕호수점,음식점 > 카페 > 커피전문점 > 스타벅스,일반카페,0,CE7,카페,1522-3232,경기 시흥시 물왕동 79-1,경기 시흥시 동서로857번길 6,126.84067959947019,37.3826469823282,http://place.map.kakao.com/81350071,4139012200,경기도 시흥시 물왕동,경기도,시흥시,물왕동,,4139057000,경기도 시흥시 목감동,경기도,시흥시,목감동,2026-08-11T23:50:11+09:00
카페,849711323,양만이네커피,음식점 > 카페 > 커피전문점,일반카페,0,CE7,카페,031-405-9955,경기 시흥시 물왕동 83-1,경기 시흥시 동서로857번길 8,126.84051539135099,37.38287562087582,http://place.map.kakao.com/849711323,4139012200,경기도 시흥시 물왕동,경기도,시흥시,물왕동,,4139057000,경기도 시흥시 목감동,경기도,시흥시,목감동,2026-08-11T23:50:11+09:00
카페,9980932,캔들스토리 물왕점,음식점 > 카페 > 테마카페,기타,0,CE7,카페,031-414-8091,경기 시흥시 물왕동 14-2,경기 시흥시 동서로857번길 2-1,126.841261467463,37.3830090750582,http://place.map.kakao.com/9980932,4139012200,경기도 시흥시 물왕동,경기도,시흥시,물왕동,,4139057000,경기도 시흥시 목감동,경기도,시흥시,목감동,2026-08-11T23:50:11+09:00
카페,428396076,토담브런치카페,음식점 > 카페,일반카페,0,CE7,카페,,경기 시흥시 물왕동 157-3,경기 시흥시 동서로811번길 17-17,126.838122536717,37.3861295672159,http://place.map.kakao.com/428396076,4139012200,경기도 시흥시 물왕동,경기도,시흥시,물왕동,,4139057000,경기도 시흥시 목감동,경기도,시흥시,목감동,2026-08-11T23:50:11+09:00
카페,22319757,풍경,음식점 > 카페,일반카페,0,CE7,카페,,경기 시흥시 물왕동 221-1,경기 시흥시 동서로 786,126.83346298829898,37.38484274404902,http://place.map.kakao.com/22319757,4139012200,경기도 시흥시 물왕동,경기도,시흥시,물왕동,,4139057000,경기도 시흥시 목감동,경기도,시흥시,목감동,2026-08-11T23:50:11+09:00
카페,1564562233,플라워팟베이커리카페,음식점 > 카페 > 테마카페,기타,0,CE7,카페,031-405-8225,경기 시흥시 물왕동 113-3,경기 시흥시 동서로857번길 28-18,126.839593664815,37.3856918727896,http://place.map.kakao.com/1564562233,4139012200,경기도 시흥시 물왕동,경기도,시흥시,물왕동,,4139057000,경기도 시흥시 목감동,경기도,시흥시,목감동,2026-08-11T23:50:11+09:00
카페,793227083,16번길한옥카페,음식점 > 카페 > 테마카페,기타,0,CE7,카페,070-8869-6121,경기 시흥시 산현동 234-4,경기 시흥시 물왕수변로 16,126.830627111409,37.3820743782385,http://place.map.kakao.com/793227083,4139012300,경기도 시흥시 산현동,경기도,시흥시,산현동,,4139057000,경기도 시흥시 목감동,경기도,시흥시,목감동,2026-08-11T23:50:11+09:00
카페,338788348,나우커피 산현점,음식점 > 카페 > 테마카페 > 무인카페,일반카페,0,CE7,카페,,경기 시흥시 산현동 496,경기 시흥시 목감남서로 92-15,126.8420975124405,37.37416123982956,http://place.map.kakao.com/338788348,4139012300,경기도 시흥시 산현동,경기도,시흥시,산현동,,4139057000,경기도 시흥시 목감동,경기도,시흥시,목감동,2026-08-11T23:50:11+09:00
카페,509605982,동네카페마실 따오기점,음식점 > 카페,일반카페,0,CE7,카페,,경기 시흥시 산현동 495,경기 시흥시 동서로 902-20,126.846197051258,37.3779689641712,http://place.map.kakao.com/509605982,4139012300,경기도 시흥시 산현동,경기도,시흥시,산현동,,4139057000,경기도 시흥시 목감동,경기도,시흥시,목감동,2026-08-11T23:50:11+09:00
카페,2716358,렌볼,음식점 > 카페 > 테마카페 > 디저트카페,일반카페,0,CE7,카페,031-414-8426,경기 시흥시 산현동 232-13,경기 시흥시 물왕수변로 24,126.830904042516,37.3814395532055,http://place.map.kakao.com/2716358,4139012300,경기도 시흥시 산현동,경기도,시흥시,산현동,,4139057000,경기도 시흥시 목감동,경기도,시흥시,목감동,2026-08-11T23:50:11+09:00
카페,253214834,메가MGC커피 시흥물왕호수점,음식점 > 카페 > 커피전문점 > 메가MGC커피,일반카페,0,CE7,카페,031-410-8883,경기 시흥시 산현동 506,경기 시흥시 산현마을길 58,126.84525162358938,37.37651708222005,http://place.map.kakao.com/253214834,4139012300,경기도 시흥시 산현동,경기도,시흥시,산현동,,4139057000,경기도 시흥시 목감동,경기도,시흥시,목감동,2026-08-11T23:50:11+09:00
카페,1194679382,메종드로이,음식점 > 카페 > 테마카페 > 애견카페,기타,0,CE7,카페,010-4929-9167,경기 시흥시 산현동 492-1,경기 시흥시 목감전원로 32,126.843220676468,37.3769667214813,http://place.map.kakao.com/1194679382,4139012300,경기도 시흥시 산현동,경기도,시흥시,산현동,,4139057000,경기도 시흥시 목감동,경기도,시흥시,목감동,2026-08-11T23:50:11+09:00
카페,836592925,무시로커피랩,음식점 > 카페,일반카페,0,CE7,카페,0502-5553-2443,경기 시흥시 산현동 507,경기 시흥시 산현마을길 12-2,126.844107607768,37.3761164261061,http://place.map.kakao.com/836592925,4139012300,경기도 시흥시 산현동,경기도,시흥시,산현동,,4139057000,경기도 시흥시 목감동,경기도,시흥시,목감동,2026-08-11T23:50:11+09:00
카페,21520542,물안골사람들,음식점 > 카페 > 전통찻집,일반카페,0,CE7,카페,031-403-0507,경기 시흥시 산현동 289-1,경기 시흥시 물왕수변로 76,126.833771286166,37.3776647254509,http://place.map.kakao.com/21520542,4139012300,경기도 시흥시 산현동,경기도,시흥시,산현동,,4139057000,경기도 시흥시 목감동,경기도,시흥시,목감동,2026-08-11T23:50:11+09:00
카페,154825218,바르릭,음식점 > 카페,일반카페,0,CE7,카페,,경기 시흥시 산현동 512-2,경기 시흥시 산현마을길 43,126.846280092192,37.3760057407009,http://place.map.kakao.com/154825218,4139012300,경기도 시흥시 산현동,경기도,시흥시,산현동,,4139057000,경기도 시흥시 목감동,경기도,시흥시,목감동,2026-08-11T23:50:11+09:00
카페,27575864,베니스 2호점,음식점 > 카페,일반카페,0,CE7,카페,,경기 시흥시 산현동 197-5,경기 시흥시 물왕수변로 144-1,126.838892604025,37.3798126450931,http://place.map.kakao.com/27575864,4139012300,경기도 시흥시 산현동,경기도,시흥시,산현동,,4139057000,경기도 시흥시 목감동,경기도,시흥시,목감동,2026-08-11T23:50:11+09:00
카페,1841450720,뷰카페,음식점 > 카페,일반카페,0,CE7,카페,,경기 시흥시 산현동 232,경기 시흥시 물왕수변로 22,126.831029374596,37.3819425032692,http://place.map.kakao.com/1841450720,4139012300,경기도 시흥시 산현동,경기도,시흥시,산현동,,4139057000,경기도 시흥시 목감동,경기도,시흥시,목감동,2026-08-11T23:50:11+09:00
카페,1105909697,산골수목원카페,음식점 > 카페,일반카페,0,CE7,카페,,경기 시흥시 산현동 306-1,경기 시흥시 금화로202번길 136-2,126.83627151325146,37.37431910659405,http://place.map.kakao.com/1105909697,4139012300,경기도 시흥시 산현동,경기도,시흥시,산현동,,4139057000,경기도 시흥시 목감동,경기도,시흥시,목감동,2026-08-11T23:50:11+09:00
카페,1449748061,썬다방,음식점 > 카페 > 다방,일반카페,0,CE7,카페,,경기 시흥시 산현동 산 18-3,경기 시흥시 물왕수변로 154,126.839709315695,37.3796335501318,http://place.map.kakao.com/1449748061,4139012300,경기도 시흥시 산현동,경기도,시흥시,산현동,,4139057000,경기도 시흥시 목감동,경기도,시흥시,목감동,2026-08-11T23:50:11+09:00
카페,397809765,어딜강,음식점 > 카페 > 테마카페 > 디저트카페,일반카페,0,CE7,카페,031-413-9058,경기 시흥시 산현동 287,경기 시흥시 물왕수변로 72,126.8335590583362,37.37815999003346,http://place.map.kakao.com/397809765,4139012300,경기도 시흥시 산현동,경기도,시흥시,산현동,,4139057000,경기도 시흥시 목감동,경기도,시흥시,목감동,2026-08-11T23:50:11+09:00
카페,1840894707,오똔느플레르&브런치카페,음식점 > 카페 > 테마카페 > 디저트카페,일반카페,0,CE7,카페,,경기 시흥시 산현동 512-2,경기 시흥시 산현마을길 43,126.84627786539626,37.375990420395,http://place.map.kakao.com/1840894707,4139012300,경기도 시흥시 산현동,경기도,시흥시,산현동,,4139057000,경기도 시흥시 목감동,경기도,시흥시,목감동,2026-08-11T23:50:11+09:00
카페,2103933102,워터킹커피로스터스,음식점 > 카페 > 커피전문점,일반카페,0,CE7,카페,031-411-0655,경기 시흥시 산현동 263-2,경기 시흥시 금화로332번길 13-26,126.832417273783,37.3772807804859,http://place.map.kakao.com/2103933102,4139012300,경기도 시흥시 산현동,경기도,시흥시,산현동,,4139057000,경기도 시흥시 목감동,경기도,시흥시,목감동,2026-08-11T23:50:11+09:00
카페,1683762204,카페 앤틱뮤지엄,음식점 > 카페 > 테마카페 > 디저트카페,일반카페,0,CE7,카페,031-410-0771,경기 시흥시 산현동 213-1,경기 시흥시 물왕수변로 92,126.83491950789902,37.37819253163438,http://place.map.kakao.com/1683762204,4139012300,경기도 시흥시 산현동,경기도,시흥시,산현동,,4139057000,경기도 시흥시 목감동,경기도,시흥시,목감동,2026-08-11T23:50:11+09:00
카페,1981582279,카페 호호호,음식점 > 카페,일반카페,0,CE7,카페,,경기 시흥시 산현동 503-1,경기 시흥시 산현마을길 12-1,126.844230144651,37.3763715774049,http://place.map.kakao.com/1981582279,4139012300,경기도 시흥시 산현동,경기도,시흥시,산현동,,4139057000,경기도 시흥시 목감동,경기도,시흥시,목감동,2026-08-11T23:50:11+09:00
카페,1104444085,카페로셰,음식점 > 카페,일반카페,0,CE7,카페,031-506-1123,경기 시흥시 산현동 497-2,경기 시흥시 목감남서로 96,126.84300922480979,37.37278658902579,http://place.map.kakao.com/1104444085,4139012300,경기도 시흥시 산현동,경기도,시흥시,산현동,,4139057000,경기도 시흥시 목감동,경기도,시흥시,목감동,2026-08-11T23:50:11+09:00
카페,1221908606,카페오늘하루,음식점 > 카페 > 테마카페 > 디저트카페,일반카페,0,CE7,카페,031-410-2755,경기 시흥시 조남동 666-2,경기 시흥시 목감둘레로 59-7,126.848249864814,37.3733953136446,http://place.map.kakao.com/1221908606,4139012300,경기도 시흥시 산현동,경기도,시흥시,산현동,,4139057000,경기도 시흥시 목감동,경기도,시흥시,목감동,2026-08-11T23:50:11+09:00
카페,401124291,카페할슈타트,음식점 > 카페 > 커피전문점,일반카페,0,CE7,카페,031-402-3635,경기 시흥시 산현동 492,경기 시흥시 목감전원로 34,126.842990057,37.377107876312,http://place.map.kakao.com/401124291,4139012300,경기도 시흥시 산현동,경기도,시흥시,산현동,,4139057000,경기도 시흥시 목감동,경기도,시흥시,목감동,2026-08-11T23:50:11+09:00
카페,1284821837,커피에반하다 호반써밋더레이크점,음식점 > 카페 > 커피전문점 > 커피에반하다,일반카페,0,CE7,카페,070-4493-7699,경기 시흥시 조남동 660,경기 시흥시 목감남서로 38,126.848983763714,37.376184022577,http://place.map.kakao.com/1284821837,4139012300,경기도 시흥시 산현동,경기도,시흥시,산현동,,4139057000,경기도 시흥시 목감동,경기도,시흥시,목감동,2026-08-11T23:50:11+09:00
카페,96890002,커피와일드,음식점 > 카페,일반카페,0,CE7,카페,031-439-2019,경기 시흥시 산현동 251-2,경기 시흥시 물왕수변로 64,126.833380922956,37.378554387594,http://place.map.kakao.com/96890002,4139012300,경기도 시흥시 산현동,경기도,시흥시,산현동,,4139057000,경기도 시흥시 목감동,경기도,시흥시,목감동,2026-08-11T23:50:11+09:00
카페,388099526,컴포즈커피 시흥물왕호수점,음식점 > 카페 > 커피전문점 > 컴포즈커피,일반카페,0,CE7,카페,070-4032-7457,경기 시흥시 산현동 506,경기 시흥시 산현마을길 58,126.845231437952,37.376450380021,http://place.map.kakao.com/388099526,4139012300,경기도 시흥시 산현동,경기도,시흥시,산현동,,4139057000,경기도 시흥시 목감동,경기도,시흥시,목감동,2026-08-11T23:50:11+09:00
카페,2050049688,킨더북카페,음식점 > 카페,일반카페,0,CE7,카페,070-7799-0918,경기 시흥시 산현동 506-3,경기 시흥시 산현마을길 50,126.846142320336,37.3765732067781,http://place.map.kakao.com/2050049688,4139012300,경기도 시흥시 산현동,경기도,시흥시,산현동,,4139057000,경기도 시흥시 목감동,경기도,시흥시,목감동,2026-08-11T23:50:11+09:00
카페,1620381574,투썸플레이스 시흥물왕점,음식점 > 카페 > 커피전문점 > 투썸플레이스,일반카페,0,CE7,카페,031-483-2223,경기 시흥시 산현동 506-3,경기 시흥시 산현마을길 50,126.8462100054881,37.376601226559416,http://place.map.kakao.com/1620381574,4139012300,경기도 시흥시 산현동,경기도,시흥시,산현동,,4139057000,경기도 시흥시 목감동,경기도,시흥시,목감동,2026-08-11T23:50:11+09:00
카페,26845245,풍차,음식점 > 카페,일반카페,0,CE7,카페,031-411-8843,경기 시흥시 산현동 273,경기 시흥시 금화로332번길 13-14,126.831945052556,37.3763935028806,http://place.map.kakao.com/26845245,4139012300,경기도 시흥시 산현동,경기도,시흥시,산현동,,4139057000,경기도 시흥시 목감동,경기도,시흥시,목감동,2026-08-11T23:50:11+09:00
카페,932094072,ttt커피,음식점 > 카페,일반카페,0,CE7,카페,,경기 시흥시 조남동 산 15-1,경기 시흥시 수도권제1순환고속도로 105,126.855852548733,37.3839864487363,http://place.map.kakao.com/932094072,4139012400,경기도 시흥시 조남동,경기도,시흥시,조남동,,4139057000,경기도 시흥시 목감동,경기도,시흥시,목감동,2026-08-11T23:50:11+09:00
카페,684935621,공차 시흥하늘휴게소점,음식점 > 카페 > 공차,일반카페,0,CE7,카페,,경기 시흥시 조남동 산 15-1,경기 시흥시 수도권제1순환고속도로 105,126.855573799524,37.3839077196306,http://place.map.kakao.com/684935621,4139012400,경기도 시흥시 조남동,경기도,시흥시,조남동,,4139057000,경기도 시흥시 목감동,경기도,시흥시,목감동,2026-08-11T23:50:11+09:00
카페,112553078,궁,음식점 > 카페 > 테마카페,기타,0,CE7,카페,031-480-1511,경기 시흥시 조남동 590-8,경기 시흥시 수인로2107번길 76,126.870257284546,37.3727511404403,http://place.map.kakao.com/112553078,4139012400,경기도 시흥시 조남동,경기도,시흥시,조남동,,4139057000,경기도 시흥시 목감동,경기도,시흥시,목감동,2026-08-11T23:50:11+09:00
카페,1244988435,나우커피,음식점 > 카페 > 테마카페 > 무인카페,일반카페,0,CE7,카페,,경기 시흥시 산현동 521,경기 시흥시 목감둘레로 90,126.8496923081545,37.37133651185834,http://place.map.kakao.com/1244988435,4139012400,경기도 시흥시 조남동,경기도,시흥시,조남동,,4139057000,경기도 시흥시 목감동,경기도,시흥시,목감동,2026-08-11T23:50:11+09:00
카페,784691738,나우커피 목감엘에이치LH점,음식점 > 카페,일반카페,0,CE7,카페,,경기 시흥시 조남동 700,경기 시흥시 목감둘레로 229-15,126.85876347476663,37.379183000689935,http://place.map.kakao.com/784691738,4139012400,경기도 시흥시 조남동,경기도,시흥시,조남동,,4139057000,경기도 시흥시 목감동,경기도,시흥시,목감동,2026-08-11T23:50:11+09:00
카페,442384231,달리는커피 시흥목감점,음식점 > 카페 > 커피전문점 > 달리는커피,일반카페,0,CE7,카페,031-405-6990,경기 시흥시 조남동 711-2,경기 시흥시 목감둘레로 258,126.86211468251216,37.38097728954459,http://place.map.kakao.com/442384231,4139012400,경기도 시흥시 조남동,경기도,시흥시,조남동,,4139057000,경기도 시흥시 목감동,경기도,시흥시,목감동,2026-08-11T23:50:11+09:00
카페,1622098384,도록,음식점 > 카페 > 테마카페 > 디저트카페,일반카페,0,CE7,카페,,경기 시흥시 조남동 709,경기 시흥시 목감둘레로 253-5,126.8613406933899,37.3806637294041,http://place.map.kakao.com/1622098384,4139012400,경기도 시흥시 조남동,경기도,시흥시,조남동,,4139057000,경기도 시흥시 목감동,경기도,시흥시,목감동,2026-08-11T23:50:11+09:00
카페,1140881385,디저트39 시흥목감역점,음식점 > 카페 > 테마카페 > 디저트카페 > 디저트39,일반카페,0,CE7,카페,031-8042-3933,경기 시흥시 조남동 710-1,경기 시흥시 목감둘레로 253-35,126.861386404336,37.3809800422866,http://place.map.kakao.com/1140881385,4139012400,경기도 시흥시 조남동,경기도,시흥시,조남동,,4139057000,경기도 시흥시 목감동,경기도,시흥시,목감동,2026-08-11T23:50:11+09:00
카페,1326173242,메가MGC커피 목감신도시점,음식점 > 카페 > 커피전문점 > 메가MGC커피,일반카페,0,CE7,카페,031-411-9147,경기 시흥시 조남동 657,경기 시흥시 목감남서로 9-27,126.85330460011505,37.37791041696316,http://place.map.kakao.com/1326173242,4139012400,경기도 시흥시 조남동,경기도,시흥시,조남동,,4139057000,경기도 시흥시 목감동,경기도,시흥시,목감동,2026-08-11T23:50:11+09:00
카페,480796285,메가MGC커피 목감중앙점,음식점 > 카페 > 커피전문점 > 메가MGC커피,일반카페,0,CE7,카페,031-403-8150,경기 시흥시 목감동 403-2,경기 시흥시 목감우회로 45,126.860725246784,37.3819316473907,http://place.map.kakao.com/480796285,4139012400,경기도 시흥시 조남동,경기도,시흥시,조남동,,4139057000,경기도 시흥시 목감동,경기도,시흥시,목감동,2026-08-11T23:50:11+09:00
카페,821499499,메가MGC커피 시흥목감점,음식점 > 카페 > 커피전문점 > 메가MGC커피,일반카페,0,CE7,카페,031-482-8000,경기 시흥시 조남동 677-2,경기 시흥시 목감중앙로 53,126.855008834558,37.3729667956805,http://place.map.kakao.com/821499499,4139012400,경기도 시흥시 조남동,경기도,시흥시,조남동,,4139057000,경기도 시흥시 목감동,경기도,시흥시,목감동,2026-08-11T23:50:11+09:00
카페,827508268,빽다방 시흥목감조남점,음식점 > 카페 > 커피전문점 > 빽다방,일반카페,0,CE7,카페,070-4833-0219,경기 시흥시 조남동 657,경기 시흥시 목감남서로 9-27,126.85333294935192,37.377847380452,http://place.map.kakao.com/827508268,4139012400,경기도 시흥시 조남동,경기도,시흥시,조남동,,4139057000,경기도 시흥시 목감동,경기도,시흥시,목감동,2026-08-11T23:50:11+09:00
카페,1319484378,스타벅스 시흥목감DT점,음식점 > 카페 > 커피전문점 > 스타벅스,일반카페,0,CE7,카페,1522-3232,경기 시흥시 조남동 651,경기 시흥시 동서로 950,126.85005284336664,37.37794328085513,http://place.map.kakao.com/1319484378,4139012400,경기도 시흥시 조남동,경기도,시흥시,조남동,,4139057000,경기도 시흥시 목감동,경기도,시흥시,목감동,2026-08-11T23:50:11+09:00
카페,1707688898,신나요,음식점 > 카페,일반카페,0,CE7,카페,,경기 시흥시 조남동 707-3,경기 시흥시 목감둘레로 253-12,126.86063549373866,37.38039980156412,http://place.map.kakao.com/1707688898,4139012400,경기도 시흥시 조남동,경기도,시흥시,조남동,,4139057000,경기도 시흥시 목감동,경기도,시흥시,목감동,2026-08-11T23:50:11+09:00
카페,1920045817,아이퍼니 키즈룸 시흥목감점,"가정,생활 > 유아 > 놀이시설 > 키즈카페",기타,0,CE7,카페,0507-1442-5969,경기 시흥시 목감동 402-2,경기 시흥시 솔고개길 3-4,126.860964905406,37.3823887482579,http://place.map.kakao.com/1920045817,4139012400,경기도 시흥시 조남동,경기도,시흥시,조남동,,4139057000,경기도 시흥시 목감동,경기도,시흥시,목감동,2026-08-11T23:50:11+09:00
카페,2011716912,오브느 시흥점,음식점 > 카페 > 테마카페 > 디저트카페,일반카페,0,CE7,카페,,경기 시흥시 조남동 709,경기 시흥시 목감둘레로 253-5,126.86136894573,37.3806502471704,http://place.map.kakao.com/2011716912,4139012400,경기도 시흥시 조남동,경기도,시흥시,조남동,,4139057000,경기도 시흥시 목감동,경기도,시흥시,목감동,2026-08-11T23:50:11+09:00
카페,493443831,온새미커피,음식점 > 카페 > 커피전문점,일반카페,0,CE7,카페,031-8042-3412,경기 시흥시 조남동 684,경기 시흥시 마산로 100,126.857988984043,37.3713674881801,http://place.map.kakao.com/493443831,4139012400,경기도 시흥시 조남동,경기도,시흥시,조남동,,4139057000,경기도 시흥시 목감동,경기도,시흥시,목감동,2026-08-11T23:50:11+09:00
카페,1224254928,이디야커피 시흥조남점,음식점 > 카페 > 커피전문점 > 이디야커피,일반카페,0,CE7,카페,031-411-3758,경기 시흥시 목감동 396-6,경기 시흥시 목감우회로 51,126.861953292205,37.3821700564206,http://place.map.kakao.com/1224254928,4139012400,경기도 시흥시 조남동,경기도,시흥시,조남동,,4139057000,경기도 시흥시 목감동,경기도,시흥시,목감동,2026-08-11T23:50:11+09:00
카페,103187819,카페316 시흥하늘휴게소점,음식점 > 카페 > 커피전문점,일반카페,0,CE7,카페,,경기 시흥시 조남동 산 15-1,경기 시흥시 수도권제1순환고속도로 105,126.855530964547,37.3838698243485,http://place.map.kakao.com/103187819,4139012400,경기도 시흥시 조남동,경기도,시흥시,조남동,,4139057000,경기도 시흥시 목감동,경기도,시흥시,목감동,2026-08-11T23:50:11+09:00
카페,368567043,카페감,음식점 > 카페,일반카페,0,CE7,카페,031-507-2000,경기 시흥시 조남동 654,경기 시흥시 목감남서로 9-33,126.853334270541,37.3783285288917,http://place.map.kakao.com/368567043,4139012400,경기도 시흥시 조남동,경기도,시흥시,조남동,,4139057000,경기도 시흥시 목감동,경기도,시흥시,목감동,2026-08-11T23:50:11+09:00
카페,1410947480,카페프리헷 시흥목감점,음식점 > 카페 > 테마카페 > 무인카페 > 카페프리헷,일반카페,0,CE7,카페,,경기 시흥시 조남동 721,경기 시흥시 수풀안길 19-30,126.864137471637,37.3794145523707,http://place.map.kakao.com/1410947480,4139012400,경기도 시흥시 조남동,경기도,시흥시,조남동,,4139057000,경기도 시흥시 목감동,경기도,시흥시,목감동,2026-08-11T23:50:11+09:00
카페,942109836,컴포즈커피 시흥목감점,음식점 > 카페 > 커피전문점 > 컴포즈커피,일반카페,0,CE7,카페,070-4795-3501,경기 시흥시 목감동 403-2,경기 시흥시 목감우회로 45,126.86096564067253,37.38199049677688,http://place.map.kakao.com/942109836,4139012400,경기도 시흥시 조남동,경기도,시흥시,조남동,,4139057000,경기도 시흥시 목감동,경기도,시흥시,목감동,2026-08-11T23:50:11+09:00
카페,122353250,컴포즈커피 시흥물왕점,음식점 > 카페 > 커피전문점 > 컴포즈커피,일반카페,0,CE7,카페,031-414-0771,경기 시흥시 조남동 657-1,경기 시흥시 목감남서로 9-19,126.85287788705713,37.37787384594953,http://place.map.kakao.com/122353250,4139012400,경기도 시흥시 조남동,경기도,시흥시,조남동,,4139057000,경기도 시흥시 목감동,경기도,시흥시,목감동,2026-08-11T23:50:11+09:00
카페,961716921,탐앤탐스 시흥하늘휴게소점,음식점 > 카페 > 커피전문점 > 탐앤탐스,일반카페,0,CE7,카페,031-481-9759,경기 시흥시 조남동 산 15-1,경기 시흥시 수도권제1순환고속도로 105,126.85550049661839,37.383859875861376,http://place.map.kakao.com/961716921,4139012400,경기도 시흥시 조남동,경기도,시흥시,조남동,,4139057000,경기도 시흥시 목감동,경기도,시흥시,목감동,2026-08-11T23:50:11+09:00
카페,863299399,테라커피 시흥목감점,음식점 > 카페 > 커피전문점 > 테라커피,일반카페,0,CE7,카페,,경기 시흥시 조남동 652-6,경기 시흥시 목감남서로 9-29,126.85253299568,37.3781437236008,http://place.map.kakao.com/863299399,4139012400,경기도 시흥시 조남동,경기도,시흥시,조남동,,4139057000,경기도 시흥시 목감동,경기도,시흥시,목감동,2026-08-11T23:50:11+09:00
카페,1923631189,투썸플레이스 시흥하늘휴게소 판교방향점,음식점 > 카페 > 커피전문점 > 투썸플레이스,일반카페,0,CE7,카페,070-4113-6361,경기 시흥시 조남동 산 15-1,경기 시흥시 수도권제1순환고속도로 105,126.8551763422622,37.38331886544955,http://place.map.kakao.com/1923631189,4139012400,경기도 시흥시 조남동,경기도,시흥시,조남동,,4139057000,경기도 시흥시 목감동,경기도,시흥시,목감동,2026-08-11T23:50:11+09:00
카페,2118528570,파비에앤카페파우,음식점 > 카페,일반카페,0,CE7,카페,,경기 시흥시 목감동 403-1,경기 시흥시 목감우회로 39,126.860335761432,37.3818987512092,http://place.map.kakao.com/2118528570,4139012400,경기도 시흥시 조남동,경기도,시흥시,조남동,,4139057000,경기도 시흥시 목감동,경기도,시흥시,목감동,2026-08-11T23:50:11+09:00
카페,2105437605,팔공티 시흥목감점,음식점 > 카페 > 팔공티,일반카페,0,CE7,카페,,경기 시흥시 조남동 684,경기 시흥시 마산로 100,126.857990113002,37.3713674895356,http://place.map.kakao.com/2105437605,4139012400,경기도 시흥시 조남동,경기도,시흥시,조남동,,4139057000,경기도 시흥시 목감동,경기도,시흥시,목감동,2026-08-11T23:50:11+09:00
카페,792215362,편이한카페,음식점 > 카페,일반카페,0,CE7,카페,,경기 시흥시 조남동 714,경기 시흥시 수풀안길 14-11,126.86318847081998,37.38159393572442,http://place.map.kakao.com/792215362,4139012400,경기도 시흥시 조남동,경기도,시흥시,조남동,,4139057000,경기도 시흥시 목감동,경기도,시흥시,목감동,2026-08-11T23:50:11+09:00
카페,1184074947,프레리키즈카페 시흥목감점,"가정,생활 > 유아 > 놀이시설 > 키즈카페",기타,0,CE7,카페,031-411-0099,경기 시흥시 조남동 659,경기 시흥시 목감남서로 9-7,126.851606015921,37.3775803251557,http://place.map.kakao.com/1184074947,4139012400,경기도 시흥시 조남동,경기도,시흥시,조남동,,4139057000,경기도 시흥시 목감동,경기도,시흥시,목감동,2026-08-11T23:50:11+09:00
카페,2020092640,할리스 시흥하늘휴게소 일산방향점,음식점 > 카페 > 커피전문점 > 할리스,일반카페,0,CE7,카페,,경기 시흥시 조남동 산 15-1,경기 시흥시 수도권제1순환고속도로 105,126.85584665288837,37.3841170898976,http://place.map.kakao.com/2020092640,4139012400,경기도 시흥시 조남동,경기도,시흥시,조남동,,4139057000,경기도 시흥시 목감동,경기도,시흥시,목감동,2026-08-11T23:50:11+09:00
카페,18603622,맥심커피숍,음식점 > 카페 > 커피전문점,일반카페,0,CE7,카페,,경기 시흥시 논곡동 148-14,경기 시흥시 동서로 1111,126.86118136330853,37.388082566650816,http://place.map.kakao.com/18603622,4139012500,경기도 시흥시 논곡동,경기도,시흥시,논곡동,,4139057000,경기도 시흥시 목감동,경기도,시흥시,목감동,2026-08-11T23:50:11+09:00
카페,1668089442,미카커피,음식점 > 카페 > 커피전문점,일반카페,0,CE7,카페,070-4406-5286,경기 시흥시 논곡동 240-13,경기 시흥시 수인로2421번길 16,126.855734136403,37.3933380156743,http://place.map.kakao.com/1668089442,4139012500,경기도 시흥시 논곡동,경기도,시흥시,논곡동,,4139057000,경기도 시흥시 목감동,경기도,시흥시,목감동,2026-08-11T23:50:11+09:00
카페,363770820,하프카페,음식점 > 카페,일반카페,0,CE7,카페,,경기 시흥시 논곡동 160-62,경기 시흥시 수인로2421번길 91,126.859038870745,37.3876808792192,http://place.map.kakao.com/363770820,4139012500,경기도 시흥시 논곡동,경기도,시흥시,논곡동,,4139057000,경기도 시흥시 목감동,경기도,시흥시,목감동,2026-08-11T23:50:11+09:00
카페,2009415113,리네카페,음식점 > 카페 > 테마카페 > 북카페,기타,0,CE7,카페,031-405-3583,경기 시흥시 목감동 420-2,경기 시흥시 배미골길 10-13,126.864264400588,37.3829115707695,http://place.map.kakao.com/2009415113,4139012600,경기도 시흥시 목감동,경기도,시흥시,목감동,,4139057000,경기도 시흥시 목감동,경기도,시흥시,목감동,2026-08-11T23:50:11+09:00
카페,274859495,마음산책,"가정,생활 > 여가시설 > 만화방 > 만화카페",기타,0,CE7,카페,031-405-3583,경기 시흥시 목감동 408,경기 시흥시 목감우회로 51,126.86228055771123,37.38226864953667,http://place.map.kakao.com/274859495,4139012600,경기도 시흥시 목감동,경기도,시흥시,목감동,,4139057000,경기도 시흥시 목감동,경기도,시흥시,목감동,2026-08-11T23:50:11+09:00
카페,1993858210,스몰무브먼트,음식점 > 카페,일반카페,0,CE7,카페,031-500-8859,경기 시흥시 목감동 411-3,경기 시흥시 남왕길 48-9,126.86334070172224,37.38294834995077,http://place.map.kakao.com/1993858210,4139012600,경기도 시흥시 목감동,경기도,시흥시,목감동,,4139057000,경기도 시흥시 목감동,경기도,시흥시,목감동,2026-08-11T23:50:11+09:00
카페,1002228327,왕의커피,음식점 > 카페,일반카페,0,CE7,카페,,경기 시흥시 목감동 408,경기 시흥시 목감우회로 51,126.86221264055459,37.38236137582923,http://place.map.kakao.com/1002228327,4139012600,경기도 시흥시 목감동,경기도,시흥시,목감동,,4139057000,경기도 시흥시 목감동,경기도,시흥시,목감동,2026-08-11T23:50:11+09:00
카페,1659279412,요거트아이스크림의정석 시흥목감점,음식점 > 카페 > 테마카페 > 디저트카페 > 요거트아이스크림의정석,일반카페,0,CE7,카페,070-8899-0312,경기 시흥시 목감동 407,경기 시흥시 솔고개길 4-3,126.861530174215,37.3826191724293,http://place.map.kakao.com/1659279412,4139012600,경기도 시흥시 목감동,경기도,시흥시,목감동,,4139057000,경기도 시흥시 목감동,경기도,시흥시,목감동,2026-08-11T23:50:11+09:00
카페,660836326,카페15번지,음식점 > 카페,일반카페,0,CE7,카페,,경기 시흥시 목감동 243,경기 시흥시 조남길 15,126.860506258166,37.3831180370691,http://place.map.kakao.com/660836326,4139012600,경기도 시흥시 목감동,경기도,시흥시,목감동,,4139057000,경기도 시흥시 목감동,경기도,시흥시,목감동,2026-08-11T23:50:11+09:00
카페,1123043741,해블랑디저트 목감3호점,음식점 > 카페 > 테마카페 > 디저트카페,일반카페,0,CE7,카페,,경기 시흥시 목감동 406,경기 시흥시 배미골길 23,126.86150534400433,37.3832273341029,http://place.map.kakao.com/1123043741,4139012600,경기도 시흥시 목감동,경기도,시흥시,목감동,,4139057000,경기도 시흥시 목감동,경기도,시흥시,목감동,2026-08-11T23:50:11+09:00
카페,378586390,거모동커피다,음식점 > 카페 > 테마카페 > 무인카페,일반카페,0,CE7,카페,,경기 시흥시 거모동 1658-25,경기 시흥시 도일로 110-2,126.784044078156,37.3403206465794,http://place.map.kakao.com/378586390,4139012700,경기도 시흥시 거모동,경기도,시흥시,거모동,,4139058100,경기도 시흥시 군자동,경기도,시흥시,군자동,2026-08-11T23:50:11+09:00
카페,1332674427,남영댁커피24,음식점 > 카페,일반카페,0,CE7,카페,010-3327-6629,경기 시흥시 거모동 1757-1,경기 시흥시 군자로 507,126.7852848217322,37.34489202032363,http://place.map.kakao.com/1332674427,4139012700,경기도 시흥시 거모동,경기도,시흥시,거모동,,4139058100,경기도 시흥시 군자동,경기도,시흥시,군자동,2026-08-11T23:50:11+09:00
카페,21608104,대림커피호프,음식점 > 카페 > 다방,일반카페,0,CE7,카페,031-494-4335,경기 시흥시 거모동 1658-18,경기 시흥시 도일로 108-1,126.783938617046,37.3401051081373,http://place.map.kakao.com/21608104,4139012700,경기도 시흥시 거모동,경기도,시흥시,거모동,,4139058100,경기도 시흥시 군자동,경기도,시흥시,군자동,2026-08-11T23:50:11+09:00
카페,1771753067,더벤티 시흥거모점,음식점 > 카페 > 커피전문점 > 더벤티,일반카페,0,CE7,카페,031-495-5495,경기 시흥시 거모동 1756-7,경기 시흥시 도일로 143,126.78513576738722,37.34294102346703,http://place.map.kakao.com/1771753067,4139012700,경기도 시흥시 거모동,경기도,시흥시,거모동,,4139058100,경기도 시흥시 군자동,경기도,시흥시,군자동,2026-08-11T23:50:11+09:00
카페,1266033741,멍슈슈,음식점 > 카페 > 테마카페 > 애견카페,기타,0,CE7,카페,,경기 시흥시 거모동 38-1,경기 시흥시 뒷방울길 4,126.762664027223,37.366000391085,http://place.map.kakao.com/1266033741,4139012700,경기도 시흥시 거모동,경기도,시흥시,거모동,,4139058100,경기도 시흥시 군자동,경기도,시흥시,군자동,2026-08-11T23:50:11+09:00
카페,112203450,메가MGC커피 시흥거모점,음식점 > 카페 > 커피전문점 > 메가MGC커피,일반카페,0,CE7,카페,031-495-9555,경기 시흥시 거모동 1771-6,경기 시흥시 도일로124번길 3,126.78423553311926,37.341640101942026,http://place.map.kakao.com/112203450,4139012700,경기도 시흥시 거모동,경기도,시흥시,거모동,,4139058100,경기도 시흥시 군자동,경기도,시흥시,군자동,2026-08-11T23:50:11+09:00
카페,1736256613,멜로우,음식점 > 카페,일반카페,0,CE7,카페,,경기 시흥시 거모동 1724-15,경기 시흥시 군자로 467,126.782745831063,37.3479292550119,http://place.map.kakao.com/1736256613,4139012700,경기도 시흥시 거모동,경기도,시흥시,거모동,,4139058100,경기도 시흥시 군자동,경기도,시흥시,군자동,2026-08-11T23:50:11+09:00
카페,164033781,무무커피 거모점,음식점 > 카페,일반카페,0,CE7,카페,,경기 시흥시 거모동 1733-1,경기 시흥시 군자로 494,126.784069925337,37.3458764348159,http://place.map.kakao.com/164033781,4139012700,경기도 시흥시 거모동,경기도,시흥시,거모동,,4139058100,경기도 시흥시 군자동,경기도,시흥시,군자동,2026-08-11T23:50:11+09:00
카페,1021370817,무무커피 시흥군자점,음식점 > 카페,일반카페,0,CE7,카페,,경기 시흥시 거모동 293,경기 시흥시 군자로253번길 20,126.772421300341,37.3628885055158,http://place.map.kakao.com/1021370817,4139012700,경기도 시흥시 거모동,경기도,시흥시,거모동,,4139058100,경기도 시흥시 군자동,경기도,시흥시,군자동,2026-08-11T23:50:11+09:00
카페,27597051,빽다방 시흥거모점,음식점 > 카페 > 커피전문점 > 빽다방,일반카페,0,CE7,카페,031-508-0159,경기 시흥시 거모동 1761-1,경기 시흥시 군자로 517,126.78537064818181,37.34407944863491,http://place.map.kakao.com/27597051,4139012700,경기도 시흥시 거모동,경기도,시흥시,거모동,,4139058100,경기도 시흥시 군자동,경기도,시흥시,군자동,2026-08-11T23:50:11+09:00
카페,1442140704,솜커피 거모점,음식점 > 카페,일반카페,0,CE7,카페,,경기 시흥시 거모동 591,경기 시흥시 군자로 324,126.772472297022,37.3575878700608,http://place.map.kakao.com/1442140704,4139012700,경기도 시흥시 거모동,경기도,시흥시,거모동,,4139058100,경기도 시흥시 군자동,경기도,시흥시,군자동,2026-08-11T23:50:11+09:00
카페,1427401301,싸다구커피 군자본점,음식점 > 카페 > 커피전문점,일반카페,0,CE7,카페,,경기 시흥시 거모동 1724-9,경기 시흥시 군자로 475,126.783517163094,37.3473648236422,http://place.map.kakao.com/1427401301,4139012700,경기도 시흥시 거모동,경기도,시흥시,거모동,,4139058100,경기도 시흥시 군자동,경기도,시흥시,군자동,2026-08-11T23:50:11+09:00
카페,1577706348,아세코,음식점 > 카페,일반카페,0,CE7,카페,,경기 시흥시 거모동 121-1,경기 시흥시 마전로 307,126.77119254595715,37.36791385328336,http://place.map.kakao.com/1577706348,4139012700,경기도 시흥시 거모동,경기도,시흥시,거모동,,4139058100,경기도 시흥시 군자동,경기도,시흥시,군자동,2026-08-11T23:50:11+09:00
카페,898571432,어흥당,음식점 > 카페,일반카페,0,CE7,카페,0503-7151-0664,경기 시흥시 거모동 1657-6,경기 시흥시 도일로 114-1,126.783918790412,37.3407231776743,http://place.map.kakao.com/898571432,4139012700,경기도 시흥시 거모동,경기도,시흥시,거모동,,4139058100,경기도 시흥시 군자동,경기도,시흥시,군자동,2026-08-11T23:50:11+09:00
카페,898071375,이디야커피 시흥거모동점,음식점 > 카페 > 커피전문점 > 이디야커피,일반카페,0,CE7,카페,031-494-5005,경기 시흥시 거모동 1770-10,경기 시흥시 도일로112번안길 21-2,126.785100684047,37.342579647341,http://place.map.kakao.com/898071375,4139012700,경기도 시흥시 거모동,경기도,시흥시,거모동,,4139058100,경기도 시흥시 군자동,경기도,시흥시,군자동,2026-08-11T23:50:11+09:00
카페,2112671311,존맛탱스토어,음식점 > 카페,일반카페,0,CE7,카페,,경기 시흥시 거모동 1735-1,경기 시흥시 군자로492번길 11,126.783209189698,37.3457478157037,http://place.map.kakao.com/2112671311,4139012700,경기도 시흥시 거모동,경기도,시흥시,거모동,,4139058100,경기도 시흥시 군자동,경기도,시흥시,군자동,2026-08-11T23:50:11+09:00
카페,110905773,좋은하루,음식점 > 카페,일반카페,0,CE7,카페,031-488-8732,경기 시흥시 거모동 186-18,경기 시흥시 군자로253번길 3,126.770260764915,37.363612357155,http://place.map.kakao.com/110905773,4139012700,경기도 시흥시 거모동,경기도,시흥시,거모동,,4139058100,경기도 시흥시 군자동,경기도,시흥시,군자동,2026-08-11T23:50:11+09:00
카페,2054466482,카페일분 시흥거모점,음식점 > 카페 > 테마카페 > 무인카페 > 카페일분,일반카페,0,CE7,카페,,경기 시흥시 거모동 612-1,경기 시흥시 군자로 319,126.7724560103048,37.35812214712334,http://place.map.kakao.com/2054466482,4139012700,경기도 시흥시 거모동,경기도,시흥시,거모동,,4139058100,경기도 시흥시 군자동,경기도,시흥시,군자동,2026-08-11T23:50:11+09:00
카페,2013783805,컴포즈커피 시흥거모점,음식점 > 카페 > 커피전문점 > 컴포즈커피,일반카페,0,CE7,카페,031-493-0234,경기 시흥시 거모동 1754-5,경기 시흥시 도일로135번길 4,126.78468778341202,37.34253024106137,http://place.map.kakao.com/2013783805,4139012700,경기도 시흥시 거모동,경기도,시흥시,거모동,,4139058100,경기도 시흥시 군자동,경기도,시흥시,군자동,2026-08-11T23:50:11+09:00
카페,23753957,투썸플레이스 시흥거모점,음식점 > 카페 > 커피전문점 > 투썸플레이스,일반카페,0,CE7,카페,031-494-4999,경기 시흥시 거모동 1756-2,경기 시흥시 군자로 520,126.78499561052548,37.343809360187436,http://place.map.kakao.com/23753957,4139012700,경기도 시흥시 거모동,경기도,시흥시,거모동,,4139058100,경기도 시흥시 군자동,경기도,시흥시,군자동,2026-08-11T23:50:11+09:00
카페,665386122,희커피숍,음식점 > 카페 > 커피전문점,일반카페,0,CE7,카페,,경기 시흥시 거모동 1656-10,경기 시흥시 도일로 118,126.7839295152157,37.34091872050734,http://place.map.kakao.com/665386122,4139012700,경기도 시흥시 거모동,경기도,시흥시,거모동,,4139058100,경기도 시흥시 군자동,경기도,시흥시,군자동,2026-08-11T23:50:11+09:00
카페,551428551,감성커피 월곶점,음식점 > 카페 > 커피전문점 > 감성커피,일반카페,0,CE7,카페,,경기 시흥시 월곶동 995-1,경기 시흥시 월곶중앙로 38,126.741332755462,37.3880190026244,http://place.map.kakao.com/551428551,4139013100,경기도 시흥시 월곶동,경기도,시흥시,월곶동,,4139058200,경기도 시흥시 월곶동,경기도,시흥시,월곶동,2026-08-11T23:50:11+09:00
카페,249544811,공정무역카페미트,음식점 > 카페 > 커피전문점,일반카페,0,CE7,카페,031-404-8878,경기 시흥시 월곶동 992-8,경기 시흥시 월곶중앙로14번길 56,126.74262239859556,37.39195747417557,http://place.map.kakao.com/249544811,4139013100,경기도 시흥시 월곶동,경기도,시흥시,월곶동,,4139058200,경기도 시흥시 월곶동,경기도,시흥시,월곶동,2026-08-11T23:50:11+09:00
카페,360599867,노을카페,음식점 > 카페,일반카페,0,CE7,카페,,경기 시흥시 월곶동 1013-15,경기 시흥시 월곶해안로 145,126.73610598142541,37.38792365934164,http://place.map.kakao.com/360599867,4139013100,경기도 시흥시 월곶동,경기도,시흥시,월곶동,,4139058200,경기도 시흥시 월곶동,경기도,시흥시,월곶동,2026-08-11T23:50:11+09:00
카페,1721764777,더벤티 시흥월곶점,음식점 > 카페 > 커피전문점 > 더벤티,일반카페,0,CE7,카페,070-8691-1516,경기 시흥시 월곶동 1008,경기 시흥시 월곶중앙로58번길 5-6,126.73889675001139,37.38940842907416,http://place.map.kakao.com/1721764777,4139013100,경기도 시흥시 월곶동,경기도,시흥시,월곶동,,4139058200,경기도 시흥시 월곶동,경기도,시흥시,월곶동,2026-08-11T23:50:11+09:00
카페,2037560569,데이롱카페 아이원외국어점,음식점 > 카페 > 테마카페 > 무인카페 > 데이롱카페,일반카페,0,CE7,카페,,경기 시흥시 월곶동 1010-4,경기 시흥시 월곶중앙로 90,126.73553643959472,37.390293873022216,http://place.map.kakao.com/2037560569,4139013100,경기도 시흥시 월곶동,경기도,시흥시,월곶동,,4139058200,경기도 시흥시 월곶동,경기도,시흥시,월곶동,2026-08-11T23:50:11+09:00
카페,2062004673,데이롱카페 월곶본점,음식점 > 카페 > 테마카페 > 무인카페 > 데이롱카페,일반카페,0,CE7,카페,,경기 시흥시 월곶동 1010-4,경기 시흥시 월곶중앙로 90,126.73551722045718,37.39030013718088,http://place.map.kakao.com/2062004673,4139013100,경기도 시흥시 월곶동,경기도,시흥시,월곶동,,4139058200,경기도 시흥시 월곶동,경기도,시흥시,월곶동,2026-08-11T23:50:11+09:00
카페,1869347063,데이롱카페 월곶점,음식점 > 카페 > 테마카페 > 무인카페 > 데이롱카페,일반카페,0,CE7,카페,,경기 시흥시 월곶동 999-2,경기 시흥시 월곶중앙로14번길 47,126.742444267369,37.3905514946147,http://place.map.kakao.com/1869347063,4139013100,경기도 시흥시 월곶동,경기도,시흥시,월곶동,,4139058200,경기도 시흥시 월곶동,경기도,시흥시,월곶동,2026-08-11T23:50:11+09:00
카페,1519418370,라노펄카페,음식점 > 카페,일반카페,0,CE7,카페,,경기 시흥시 월곶동 1013-19,경기 시흥시 월곶해안로 153,126.73696949651,37.38834095372,http://place.map.kakao.com/1519418370,4139013100,경기도 시흥시 월곶동,경기도,시흥시,월곶동,,4139058200,경기도 시흥시 월곶동,경기도,시흥시,월곶동,2026-08-11T23:50:11+09:00
카페,2089429642,마인,음식점 > 카페,일반카페,0,CE7,카페,,경기 시흥시 월곶동 1006-4,경기 시흥시 월곶중앙로 48,126.739949110496,37.3887782315331,http://place.map.kakao.com/2089429642,4139013100,경기도 시흥시 월곶동,경기도,시흥시,월곶동,,4139058200,경기도 시흥시 월곶동,경기도,시흥시,월곶동,2026-08-11T23:50:11+09:00
카페,467840674,메가MGC커피 시흥월곶점,음식점 > 카페 > 커피전문점 > 메가MGC커피,일반카페,0,CE7,카페,0502-5551-3163,경기 시흥시 월곶동 1009-1,경기 시흥시 월곶중앙로 64,126.73839537996685,37.38908115154691,http://place.map.kakao.com/467840674,4139013100,경기도 시흥시 월곶동,경기도,시흥시,월곶동,,4139058200,경기도 시흥시 월곶동,경기도,시흥시,월곶동,2026-08-11T23:50:11+09:00
카페,1877407381,메가MGC커피 월곶역점,음식점 > 카페 > 커피전문점 > 메가MGC커피,일반카페,0,CE7,카페,0503-5260-9695,경기 시흥시 월곶동 999-1,경기 시흥시 월곶중앙로46번길 34,126.74229447073,37.3907665121407,http://place.map.kakao.com/1877407381,4139013100,경기도 시흥시 월곶동,경기도,시흥시,월곶동,,4139058200,경기도 시흥시 월곶동,경기도,시흥시,월곶동,2026-08-11T23:50:11+09:00
카페,445892978,빽다방 시흥월곶점,음식점 > 카페 > 커피전문점 > 빽다방,일반카페,0,CE7,카페,031-404-7316,경기 시흥시 월곶동 1014-3,경기 시흥시 월곶중앙로 59,126.73855851927866,37.388603070391675,http://place.map.kakao.com/445892978,4139013100,경기도 시흥시 월곶동,경기도,시흥시,월곶동,,4139058200,경기도 시흥시 월곶동,경기도,시흥시,월곶동,2026-08-11T23:50:11+09:00
카페,1650998431,뻘그리다,음식점 > 카페,일반카페,0,CE7,카페,,경기 시흥시 월곶동 1013-17,경기 시흥시 월곶해안로 147,126.736362918146,37.3880729008414,http://place.map.kakao.com/1650998431,4139013100,경기도 시흥시 월곶동,경기도,시흥시,월곶동,,4139058200,경기도 시흥시 월곶동,경기도,시흥시,월곶동,2026-08-11T23:50:11+09:00
카페,1755230985,스타벅스 시흥월곶점,음식점 > 카페 > 커피전문점 > 스타벅스,일반카페,0,CE7,카페,1522-3232,경기 시흥시 월곶동 1008,경기 시흥시 월곶중앙로58번길 5-6,126.7387495041629,37.389536949801084,http://place.map.kakao.com/1755230985,4139013100,경기도 시흥시 월곶동,경기도,시흥시,월곶동,,4139058200,경기도 시흥시 월곶동,경기도,시흥시,월곶동,2026-08-11T23:50:11+09:00
카페,1495057905,아름다운그대에게,음식점 > 카페 > 테마카페 > 디저트카페,일반카페,0,CE7,카페,070-8691-0386,경기 시흥시 월곶동 1013-5,경기 시흥시 월곶해안로 111-1,126.73419790307919,37.3888032871779,http://place.map.kakao.com/1495057905,4139013100,경기도 시흥시 월곶동,경기도,시흥시,월곶동,,4139058200,경기도 시흥시 월곶동,경기도,시흥시,월곶동,2026-08-11T23:50:11+09:00
카페,1334118592,아프리카,음식점 > 카페,일반카페,0,CE7,카페,032-431-5315,경기 시흥시 월곶동 991-11,경기 시흥시 월곶중앙로14번길 86-1,126.74039245936294,37.39348883881997,http://place.map.kakao.com/1334118592,4139013100,경기도 시흥시 월곶동,경기도,시흥시,월곶동,,4139058200,경기도 시흥시 월곶동,경기도,시흥시,월곶동,2026-08-11T23:50:11+09:00
카페,772817069,우지커피 시흥월곶점,음식점 > 카페 > 커피전문점 > 우지커피,일반카페,0,CE7,카페,070-8211-1916,경기 시흥시 월곶동 1011-15,경기 시흥시 월곶중앙로 71,126.737300442745,37.3889633935965,http://place.map.kakao.com/772817069,4139013100,경기도 시흥시 월곶동,경기도,시흥시,월곶동,,4139058200,경기도 시흥시 월곶동,경기도,시흥시,월곶동,2026-08-11T23:50:11+09:00
카페,228393706,이디야커피 시흥월곶포구점,음식점 > 카페 > 커피전문점 > 이디야커피,일반카페,0,CE7,카페,031-433-6578,경기 시흥시 월곶동 1014-7,경기 시흥시 월곶해안로 165,126.73817969097958,37.38843374138409,http://place.map.kakao.com/228393706,4139013100,경기도 시흥시 월곶동,경기도,시흥시,월곶동,,4139058200,경기도 시흥시 월곶동,경기도,시흥시,월곶동,2026-08-11T23:50:11+09:00
카페,1465299976,지져스카페,음식점 > 카페,일반카페,0,CE7,카페,070-8633-6015,경기 시흥시 월곶동 1013-3,경기 시흥시 월곶해안로 107,126.73431268884228,37.389235133947025,http://place.map.kakao.com/1465299976,4139013100,경기도 시흥시 월곶동,경기도,시흥시,월곶동,,4139058200,경기도 시흥시 월곶동,경기도,시흥시,월곶동,2026-08-11T23:50:11+09:00
카페,1898224217,카페 월꽃,음식점 > 카페,일반카페,0,CE7,카페,010-944-6008,경기 시흥시 월곶동 991-13,경기 시흥시 월곶중앙로14번길 86,126.740470796115,37.3933682741103,http://place.map.kakao.com/1898224217,4139013100,경기도 시흥시 월곶동,경기도,시흥시,월곶동,,4139058200,경기도 시흥시 월곶동,경기도,시흥시,월곶동,2026-08-11T23:50:11+09:00
카페,1909463995,카페엘빈,음식점 > 카페,일반카페,0,CE7,카페,031-318-0005,경기 시흥시 월곶동 991-6,경기 시흥시 월곶중앙로14번길 94,126.739894988911,37.3939842075895,http://place.map.kakao.com/1909463995,4139013100,경기도 시흥시 월곶동,경기도,시흥시,월곶동,,4139058200,경기도 시흥시 월곶동,경기도,시흥시,월곶동,2026-08-11T23:50:11+09:00
카페,41401316,컴포즈커피 시흥월곶점,음식점 > 카페 > 커피전문점 > 컴포즈커피,일반카페,0,CE7,카페,031-318-9788,경기 시흥시 월곶동 991-28,경기 시흥시 월곶중앙로14번길 68,126.741720655857,37.3921285039465,http://place.map.kakao.com/41401316,4139013100,경기도 시흥시 월곶동,경기도,시흥시,월곶동,,4139058200,경기도 시흥시 월곶동,경기도,시흥시,월곶동,2026-08-11T23:50:11+09:00
카페,855579508,컴포즈커피 시흥월곶풍림점,음식점 > 카페 > 커피전문점 > 컴포즈커피,일반카페,0,CE7,카페,070-4647-2633,경기 시흥시 월곶동 1010-4,경기 시흥시 월곶중앙로70번길 3,126.73809267250057,37.38942737441576,http://place.map.kakao.com/855579508,4139013100,경기도 시흥시 월곶동,경기도,시흥시,월곶동,,4139058200,경기도 시흥시 월곶동,경기도,시흥시,월곶동,2026-08-11T23:50:11+09:00
카페,2116399722,크레이저커피,음식점 > 카페 > 커피전문점,일반카페,0,CE7,카페,,경기 시흥시 월곶동 412,경기 시흥시 군자로 56-3,126.762503847554,37.378137758727,http://place.map.kakao.com/2116399722,4139013100,경기도 시흥시 월곶동,경기도,시흥시,월곶동,,4139058200,경기도 시흥시 월곶동,경기도,시흥시,월곶동,2026-08-11T23:50:11+09:00
카페,26567510,퐁당퐁당,"가정,생활 > 유아 > 놀이시설 > 키즈카페",기타,0,CE7,카페,070-4226-7621,경기 시흥시 월곶동 1014-2,경기 시흥시 월곶중앙로 61,126.73833249898,37.3886539286592,http://place.map.kakao.com/26567510,4139013100,경기도 시흥시 월곶동,경기도,시흥시,월곶동,,4139058200,경기도 시흥시 월곶동,경기도,시흥시,월곶동,2026-08-11T23:50:11+09:00
카페,1591732344,하삼동커피 시흥월곶점,음식점 > 카페 > 커피전문점 > 하삼동커피,일반카페,0,CE7,카페,0507-1408-5520,경기 시흥시 월곶동 1011-15,경기 시흥시 월곶중앙로 71,126.7375396477228,37.38901798598784,http://place.map.kakao.com/1591732344,4139013100,경기도 시흥시 월곶동,경기도,시흥시,월곶동,,4139058200,경기도 시흥시 월곶동,경기도,시흥시,월곶동,2026-08-11T23:50:11+09:00
카페,324197918,할리스 월곶점,음식점 > 카페 > 커피전문점 > 할리스,일반카페,0,CE7,카페,031-404-7966,경기 시흥시 월곶동 1014-1,경기 시흥시 월곶중앙로 63,126.738066830625,37.3887407395056,http://place.map.kakao.com/324197918,4139013100,경기도 시흥시 월곶동,경기도,시흥시,월곶동,,4139058200,경기도 시흥시 월곶동,경기도,시흥시,월곶동,2026-08-11T23:50:11+09:00
카페,1565452917,46도 무인카페 5호점,음식점 > 카페 > 테마카페 > 무인카페,일반카페,0,CE7,카페,010-7773-1431,경기 시흥시 정왕동 1519,경기 시흥시 정왕천로408번길 26,126.754016666995,37.3428696005016,http://place.map.kakao.com/1565452917,4139013200,경기도 시흥시 정왕동,경기도,시흥시,정왕동,,4139058900,경기도 시흥시 정왕본동,경기도,시흥시,정왕본동,2026-08-11T23:50:11+09:00
카페,1485472686,46도무인카페 2호점,음식점 > 카페 > 테마카페 > 무인카페,일반카페,0,CE7,카페,070-8648-3136,경기 시흥시 정왕동 2313-2,경기 시흥시 오동마을로5번길 30,126.745079962703,37.3525069882041,http://place.map.kakao.com/1485472686,4139013200,경기도 시흥시 정왕동,경기도,시흥시,정왕동,,4139058900,경기도 시흥시 정왕본동,경기도,시흥시,정왕본동,2026-08-11T23:50:11+09:00
카페,302400625,46도무인카페 4호점,음식점 > 카페 > 테마카페 > 무인카페,일반카페,0,CE7,카페,010-7773-1431,경기 시흥시 정왕동 1820-5,경기 시흥시 역전로 221-1,126.74642698954415,37.34866249970734,http://place.map.kakao.com/302400625,4139013200,경기도 시흥시 정왕동,경기도,시흥시,정왕동,,4139058900,경기도 시흥시 정왕본동,경기도,시흥시,정왕본동,2026-08-11T23:50:11+09:00
카페,21257991,까페로터스,음식점 > 카페 > 커피전문점,일반카페,0,CE7,카페,,경기 시흥시 정왕동 1803-9,경기 시흥시 군서마을로 120-4,126.740724109179,37.349965637156,http://place.map.kakao.com/21257991,4139013200,경기도 시흥시 정왕동,경기도,시흥시,정왕동,,4139058900,경기도 시흥시 정왕본동,경기도,시흥시,정왕본동,2026-08-11T23:50:11+09:00
카페,2110907780,꾸기꾸기커피테이크아웃,음식점 > 카페 > 커피전문점,일반카페,0,CE7,카페,031-313-3788,경기 시흥시 정왕동 1806,경기 시흥시 마유로 400-20,126.742262094867,37.3503978866564,http://place.map.kakao.com/2110907780,4139013200,경기도 시흥시 정왕동,경기도,시흥시,정왕동,,4139058900,경기도 시흥시 정왕본동,경기도,시흥시,정왕본동,2026-08-11T23:50:11+09:00
카페,1097002564,나나디저트&커피,음식점 > 카페 > 테마카페 > 디저트카페,일반카페,0,CE7,카페,,경기 시흥시 정왕동 1164-1,경기 시흥시 역전로 161,126.752934069057,37.3477941631033,http://place.map.kakao.com/1097002564,4139013200,경기도 시흥시 정왕동,경기도,시흥시,정왕동,,4139058900,경기도 시흥시 정왕본동,경기도,시흥시,정왕본동,2026-08-11T23:50:11+09:00
카페,1411382287,딜리바리1리터 수제쌀와플 정왕점,음식점 > 카페 > 테마카페 > 디저트카페,일반카페,0,CE7,카페,070-8064-0655,경기 시흥시 정왕동 2312-5,경기 시흥시 오동마을로5번길 29,126.74507024780844,37.35270969817022,http://place.map.kakao.com/1411382287,4139013200,경기도 시흥시 정왕동,경기도,시흥시,정왕동,,4139058900,경기도 시흥시 정왕본동,경기도,시흥시,정왕본동,2026-08-11T23:50:11+09:00
카페,893230558,란티 정왕2호점,음식점 > 카페,일반카페,0,CE7,카페,,경기 시흥시 정왕동 1209-11,경기 시흥시 봉우재로 52-1,126.745974950153,37.347163122004,http://place.map.kakao.com/893230558,4139013200,경기도 시흥시 정왕동,경기도,시흥시,정왕동,,4139058900,경기도 시흥시 정왕본동,경기도,시흥시,정왕본동,2026-08-11T23:50:11+09:00
카페,687349269,맥시멈커피 시흥정왕점,음식점 > 카페,일반카페,0,CE7,카페,031-433-0939,경기 시흥시 정왕동 2153,경기 시흥시 역전로 220,126.74682649688,37.3490057455962,http://place.map.kakao.com/687349269,4139013200,경기도 시흥시 정왕동,경기도,시흥시,정왕동,,4139058900,경기도 시흥시 정왕본동,경기도,시흥시,정왕본동,2026-08-11T23:50:11+09:00
카페,968524254,메가MGC커피 시흥정왕시장점,음식점 > 카페 > 커피전문점 > 메가MGC커피,일반카페,0,CE7,카페,031-319-5011,경기 시흥시 정왕동 1201,경기 시흥시 정왕천로411번길 25,126.749568941458,37.345641741394,http://place.map.kakao.com/968524254,4139013200,경기도 시흥시 정왕동,경기도,시흥시,정왕동,,4139058900,경기도 시흥시 정왕본동,경기도,시흥시,정왕본동,2026-08-11T23:50:11+09:00
카페,970074297,메가MGC커피 정왕역점,음식점 > 카페 > 커피전문점 > 메가MGC커피,일반카페,0,CE7,카페,031-319-0221,경기 시흥시 정왕동 2327-2,경기 시흥시 마유로418번길 10,126.74192304361073,37.351520727458826,http://place.map.kakao.com/970074297,4139013200,경기도 시흥시 정왕동,경기도,시흥시,정왕동,,4139058900,경기도 시흥시 정왕본동,경기도,시흥시,정왕본동,2026-08-11T23:50:11+09:00
카페,578327074,미니밀크티,음식점 > 카페,일반카페,0,CE7,카페,,경기 시흥시 정왕동 1164-6,경기 시흥시 역전로 155,126.75370820255,37.3478219071106,http://place.map.kakao.com/578327074,4139013200,경기도 시흥시 정왕동,경기도,시흥시,정왕동,,4139058900,경기도 시흥시 정왕본동,경기도,시흥시,정왕본동,2026-08-11T23:50:11+09:00
카페,1854172586,미성,음식점 > 카페,일반카페,0,CE7,카페,,경기 시흥시 정왕동 1193-11,경기 시흥시 정왕천로411번길 12-1,126.750915028402,37.3450499050778,http://place.map.kakao.com/1854172586,4139013200,경기도 시흥시 정왕동,경기도,시흥시,정왕동,,4139058900,경기도 시흥시 정왕본동,경기도,시흥시,정왕본동,2026-08-11T23:50:11+09:00
카페,710231721,미쉐 정왕점,음식점 > 카페 > 테마카페 > 디저트카페,일반카페,0,CE7,카페,,경기 시흥시 정왕동 1193-11,경기 시흥시 정왕천로411번길 12-1,126.750913899844,37.3450499027016,http://place.map.kakao.com/710231721,4139013200,경기도 시흥시 정왕동,경기도,시흥시,정왕동,,4139058900,경기도 시흥시 정왕본동,경기도,시흥시,정왕본동,2026-08-11T23:50:11+09:00
카페,1118883068,별의카페,음식점 > 카페,일반카페,0,CE7,카페,,경기 시흥시 정왕동 530,경기 시흥시 봉우재로 193,126.755159934312,37.3574469820615,http://place.map.kakao.com/1118883068,4139013200,경기도 시흥시 정왕동,경기도,시흥시,정왕동,,4139058900,경기도 시흥시 정왕본동,경기도,시흥시,정왕본동,2026-08-11T23:50:11+09:00
카페,537421172,봉명동내커피 시흥1호점,음식점 > 카페 > 커피전문점 > 봉명동내커피,일반카페,0,CE7,카페,031-434-3708,경기 시흥시 정왕동 1827-4,경기 시흥시 봉우재로51번길 30,126.74292788354613,37.34877568526106,http://place.map.kakao.com/537421172,4139013200,경기도 시흥시 정왕동,경기도,시흥시,정왕동,,4139058900,경기도 시흥시 정왕본동,경기도,시흥시,정왕본동,2026-08-11T23:50:11+09:00
카페,1396180381,빽다방 시흥정왕시장점,음식점 > 카페 > 커피전문점 > 빽다방,일반카페,0,CE7,카페,031-503-3928,경기 시흥시 정왕동 1191-8,경기 시흥시 정왕천로411번길 20,126.750279454233,37.3454486213867,http://place.map.kakao.com/1396180381,4139013200,경기도 시흥시 정왕동,경기도,시흥시,정왕동,,4139058900,경기도 시흥시 정왕본동,경기도,시흥시,정왕본동,2026-08-11T23:50:11+09:00
카페,27398660,빽다방 정왕역점,음식점 > 카페 > 커피전문점 > 빽다방,일반카페,0,CE7,카페,031-433-7714,경기 시흥시 정왕동 2327-2,경기 시흥시 마유로418번길 10,126.74191738492014,37.35152522024545,http://place.map.kakao.com/27398660,4139013200,경기도 시흥시 정왕동,경기도,시흥시,정왕동,,4139058900,경기도 시흥시 정왕본동,경기도,시흥시,정왕본동,2026-08-11T23:50:11+09:00
카페,1935370277,에스프레소플래닛,음식점 > 카페 > 커피전문점,일반카페,0,CE7,카페,031-432-0998,경기 시흥시 정왕동 2327-3,경기 시흥시 마유로418번길 10,126.74192053053126,37.35126573151509,http://place.map.kakao.com/1935370277,4139013200,경기도 시흥시 정왕동,경기도,시흥시,정왕동,,4139058900,경기도 시흥시 정왕본동,경기도,시흥시,정왕본동,2026-08-11T23:50:11+09:00
카페,16969503,오디션7080,음식점 > 카페,일반카페,0,CE7,카페,,경기 시흥시 정왕동 1210,경기 시흥시 봉우재로 48,126.745623818339,37.3468695336857,http://place.map.kakao.com/16969503,4139013200,경기도 시흥시 정왕동,경기도,시흥시,정왕동,,4139058900,경기도 시흥시 정왕본동,경기도,시흥시,정왕본동,2026-08-11T23:50:11+09:00
카페,60456595,요거트아이스크림의정석 시흥정왕점,음식점 > 카페 > 테마카페 > 디저트카페 > 요거트아이스크림의정석,일반카페,0,CE7,카페,0507-1394-8144,경기 시흥시 정왕동 1813-6,경기 시흥시 봉우재로69번길 29-1,126.743859087413,37.349745407898,http://place.map.kakao.com/60456595,4139013200,경기도 시흥시 정왕동,경기도,시흥시,정왕동,,4139058900,경기도 시흥시 정왕본동,경기도,시흥시,정왕본동,2026-08-11T23:50:11+09:00
카페,1990379656,용커피,음식점 > 카페,일반카페,0,CE7,카페,031-362-6362,경기 시흥시 정왕동 2262-2,경기 시흥시 봉우재로209번길 17-1,126.75475182468995,37.35798765306312,http://place.map.kakao.com/1990379656,4139013200,경기도 시흥시 정왕동,경기도,시흥시,정왕동,,4139058900,경기도 시흥시 정왕본동,경기도,시흥시,정왕본동,2026-08-11T23:50:11+09:00
카페,1469334615,웨이커피,음식점 > 카페,일반카페,0,CE7,카페,031-488-8731,경기 시흥시 정왕동 1208-2,경기 시흥시 군서로54번길 7-1,126.74685294993469,37.347177618438224,http://place.map.kakao.com/1469334615,4139013200,경기도 시흥시 정왕동,경기도,시흥시,정왕동,,4139058900,경기도 시흥시 정왕본동,경기도,시흥시,정왕본동,2026-08-11T23:50:11+09:00
카페,1088039450,이디야커피 정왕역점,음식점 > 카페 > 커피전문점 > 이디야커피,일반카페,0,CE7,카페,031-433-1197,경기 시흥시 정왕동 2326-1,경기 시흥시 마유로418번길 18,126.742778255278,37.3512820160737,http://place.map.kakao.com/1088039450,4139013200,경기도 시흥시 정왕동,경기도,시흥시,정왕동,,4139058900,경기도 시흥시 정왕본동,경기도,시흥시,정왕본동,2026-08-11T23:50:11+09:00
카페,415346861,정다운,음식점 > 카페,일반카페,0,CE7,카페,,경기 시흥시 정왕동 1184-5,경기 시흥시 정왕천로411번길 52,126.747501909811,37.347172698142,http://place.map.kakao.com/415346861,4139013200,경기도 시흥시 정왕동,경기도,시흥시,정왕동,,4139058900,경기도 시흥시 정왕본동,경기도,시흥시,정왕본동,2026-08-11T23:50:11+09:00
카페,992329255,차백도 시흥정왕역점,음식점 > 카페 > 차백도,일반카페,0,CE7,카페,,경기 시흥시 정왕동 2327-4,경기 시흥시 마유로418번길 12,126.742282362057,37.3514025753263,http://place.map.kakao.com/992329255,4139013200,경기도 시흥시 정왕동,경기도,시흥시,정왕동,,4139058900,경기도 시흥시 정왕본동,경기도,시흥시,정왕본동,2026-08-11T23:50:11+09:00
카페,1919323594,카페그리닝 정왕점,음식점 > 카페,일반카페,0,CE7,카페,031-497-3011,경기 시흥시 정왕동 2298-11,경기 시흥시 역전로302번길 14,126.73989084018504,37.35333364636009,http://place.map.kakao.com/1919323594,4139013200,경기도 시흥시 정왕동,경기도,시흥시,정왕동,,4139058900,경기도 시흥시 정왕본동,경기도,시흥시,정왕본동,2026-08-11T23:50:11+09:00
카페,1158286774,카페드코코 정왕점,음식점 > 카페,일반카페,0,CE7,카페,,경기 시흥시 정왕동 2304-14,경기 시흥시 역전로 310,126.738280085369,37.3530417652652,http://place.map.kakao.com/1158286774,4139013200,경기도 시흥시 정왕동,경기도,시흥시,정왕동,,4139058900,경기도 시흥시 정왕본동,경기도,시흥시,정왕본동,2026-08-11T23:50:11+09:00
카페,550603222,카페레스트,음식점 > 카페,일반카페,0,CE7,카페,,경기 시흥시 정왕동 1195-9,경기 시흥시 정왕천로 411-1,126.75198890953216,37.34451965394254,http://place.map.kakao.com/550603222,4139013200,경기도 시흥시 정왕동,경기도,시흥시,정왕동,,4139058900,경기도 시흥시 정왕본동,경기도,시흥시,정왕본동,2026-08-11T23:50:11+09:00
카페,770236703,카페버닝,음식점 > 카페,일반카페,0,CE7,카페,,경기 시흥시 정왕동 2311-8,경기 시흥시 오동마을로 25,126.74443309504177,37.35254703967291,http://place.map.kakao.com/770236703,4139013200,경기도 시흥시 정왕동,경기도,시흥시,정왕동,,4139058900,경기도 시흥시 정왕본동,경기도,시흥시,정왕본동,2026-08-11T23:50:11+09:00
카페,367114809,카페온다,음식점 > 카페 > 커피전문점,일반카페,0,CE7,카페,0507-1487-0813,경기 시흥시 정왕동 2306-4,경기 시흥시 오동마을로5번길 3-1,126.742467651326,37.3536600495745,http://place.map.kakao.com/367114809,4139013200,경기도 시흥시 정왕동,경기도,시흥시,정왕동,,4139058900,경기도 시흥시 정왕본동,경기도,시흥시,정왕본동,2026-08-11T23:50:11+09:00
카페,537568231,카페자나 시흥정왕점,음식점 > 카페,일반카페,0,CE7,카페,031-432-2564,경기 시흥시 정왕동 2302,경기 시흥시 마유로 415,126.74058639853644,37.351938583153526,http://place.map.kakao.com/537568231,4139013200,경기도 시흥시 정왕동,경기도,시흥시,정왕동,,4139058900,경기도 시흥시 정왕본동,경기도,시흥시,정왕본동,2026-08-11T23:50:11+09:00
카페,527546425,카페트리얌 정왕점,음식점 > 카페 > 테마카페 > 디저트카페,일반카페,0,CE7,카페,0503-7152-2948,경기 시흥시 정왕동 1806-8,경기 시흥시 마유로 400-20,126.74227318411323,37.35045557650638,http://place.map.kakao.com/527546425,4139013200,경기도 시흥시 정왕동,경기도,시흥시,정왕동,,4139058900,경기도 시흥시 정왕본동,경기도,시흥시,정왕본동,2026-08-11T23:50:11+09:00
카페,668209064,컴포즈커피 시흥정왕본동점,음식점 > 카페 > 커피전문점 > 컴포즈커피,일반카페,0,CE7,카페,031-498-1021,경기 시흥시 정왕동 1510,경기 시흥시 정왕천로428번길 2,126.7532379621912,37.34528904033615,http://place.map.kakao.com/668209064,4139013200,경기도 시흥시 정왕동,경기도,시흥시,정왕동,,4139058900,경기도 시흥시 정왕본동,경기도,시흥시,정왕본동,2026-08-11T23:50:11+09:00
카페,357184099,컴포즈커피 시흥정왕역교차로점,음식점 > 카페 > 커피전문점 > 컴포즈커피,일반카페,0,CE7,카페,,경기 시흥시 정왕동 2327-4,경기 시흥시 마유로418번길 12,126.74227553162075,37.351419679956365,http://place.map.kakao.com/357184099,4139013200,경기도 시흥시 정왕동,경기도,시흥시,정왕동,,4139058900,경기도 시흥시 정왕본동,경기도,시흥시,정왕본동,2026-08-11T23:50:11+09:00
카페,1828311387,플러스82 시흥정왕점,음식점 > 카페 > 커피전문점 > 플러스82,일반카페,0,CE7,카페,,경기 시흥시 정왕동 2327-1,경기 시흥시 마유로 416,126.74127718781,37.3515968049492,http://place.map.kakao.com/1828311387,4139013200,경기도 시흥시 정왕동,경기도,시흥시,정왕동,,4139058900,경기도 시흥시 정왕본동,경기도,시흥시,정왕본동,2026-08-11T23:50:11+09:00
카페,446203568,하루,음식점 > 카페,일반카페,0,CE7,카페,,경기 시흥시 정왕동 1203,경기 시흥시 정왕시장길 51,126.7483844880368,37.345477043196944,http://place.map.kakao.com/446203568,4139013200,경기도 시흥시 정왕동,경기도,시흥시,정왕동,,4139058900,경기도 시흥시 정왕본동,경기도,시흥시,정왕본동,2026-08-11T23:50:11+09:00
카페,77179162,황가과일샵디저트,음식점 > 카페 > 테마카페 > 디저트카페,일반카페,0,CE7,카페,010-8383-5077,경기 시흥시 정왕동 1178-4,경기 시흥시 정왕천로427번길 3,126.752739297576,37.3455835361583,http://place.map.kakao.com/77179162,4139013200,경기도 시흥시 정왕동,경기도,시흥시,정왕동,,4139058900,경기도 시흥시 정왕본동,경기도,시흥시,정왕본동,2026-08-11T23:50:11+09:00
카페,1753933864,힐스타임,음식점 > 카페,일반카페,0,CE7,카페,,경기 시흥시 정왕동 1204-10,경기 시흥시 군서로42번길 4,126.747859487745,37.3458786846582,http://place.map.kakao.com/1753933864,4139013200,경기도 시흥시 정왕동,경기도,시흥시,정왕동,,4139058900,경기도 시흥시 정왕본동,경기도,시흥시,정왕본동,2026-08-11T23:50:11+09:00
카페,1398367909,나우커피,음식점 > 카페 > 커피전문점,일반카페,0,CE7,카페,,경기 시흥시 죽율동 759,경기 시흥시 죽율로 47,126.761255218162,37.3485284665805,http://place.map.kakao.com/1398367909,4139013300,경기도 시흥시 죽율동,경기도,시흥시,죽율동,,4139058900,경기도 시흥시 정왕본동,경기도,시흥시,정왕본동,2026-08-11T23:50:11+09:00
카페,771587014,메가MGC커피 시흥6차푸르지오점,음식점 > 카페 > 커피전문점 > 메가MGC커피,일반카페,0,CE7,카페,031-497-1073,경기 시흥시 죽율동 759,경기 시흥시 죽율로 47,126.76131173140703,37.34850245083022,http://place.map.kakao.com/771587014,4139013300,경기도 시흥시 죽율동,경기도,시흥시,죽율동,,4139058900,경기도 시흥시 정왕본동,경기도,시흥시,정왕본동,2026-08-11T23:50:11+09:00
카페,1100079595,봉카페,음식점 > 카페,일반카페,0,CE7,카페,,경기 시흥시 죽율동 645-3,경기 시흥시 죽율로 10,126.75628754025726,37.34802547495804,http://place.map.kakao.com/1100079595,4139013300,경기도 시흥시 죽율동,경기도,시흥시,죽율동,,4139058900,경기도 시흥시 정왕본동,경기도,시흥시,정왕본동,2026-08-11T23:50:11+09:00
카페,1120909343,오담다,음식점 > 카페 > 테마카페 > 디저트카페,일반카페,0,CE7,카페,031-499-3721,경기 시흥시 죽율동 646-3,경기 시흥시 죽율로 12,126.756841598161,37.3484032444303,http://place.map.kakao.com/1120909343,4139013300,경기도 시흥시 죽율동,경기도,시흥시,죽율동,,4139058900,경기도 시흥시 정왕본동,경기도,시흥시,정왕본동,2026-08-11T23:50:11+09:00
카페,27429089,10온스,음식점 > 카페,일반카페,0,CE7,카페,070-4105-0651,경기 시흥시 정왕동 1624-8,경기 시흥시 중심상가로 317,126.747632493754,37.3374923332033,http://place.map.kakao.com/27429089,4139013200,경기도 시흥시 정왕동,경기도,시흥시,정왕동,,4139059100,경기도 시흥시 정왕1동,경기도,시흥시,정왕1동,2026-08-11T23:50:11+09:00
카페,939271418,10온스투고,음식점 > 카페,일반카페,0,CE7,카페,,경기 시흥시 정왕동 1782-5,경기 시흥시 중심상가로 320,126.747633639295,37.3371499447605,http://place.map.kakao.com/939271418,4139013200,경기도 시흥시 정왕동,경기도,시흥시,정왕동,,4139059100,경기도 시흥시 정왕1동,경기도,시흥시,정왕1동,2026-08-11T23:50:11+09:00
카페,410932011,24시 무인카페,음식점 > 카페 > 테마카페 > 무인카페,일반카페,0,CE7,카페,,경기 시흥시 정왕동 1742-1,경기 시흥시 중심상가로 180,126.73510377059,37.3447452500119,http://place.map.kakao.com/410932011,4139013200,경기도 시흥시 정왕동,경기도,시흥시,정왕동,,4139059100,경기도 시흥시 정왕1동,경기도,시흥시,정왕1동,2026-08-11T23:50:11+09:00
카페,740655708,24시무인셀프카페 시흥정왕점,음식점 > 카페 > 테마카페 > 무인카페,일반카페,0,CE7,카페,,경기 시흥시 정왕동 1786,경기 시흥시 중심상가로 288,126.74495146765,37.3387750547154,http://place.map.kakao.com/740655708,4139013200,경기도 시흥시 정왕동,경기도,시흥시,정왕동,,4139059100,경기도 시흥시 정왕1동,경기도,시흥시,정왕1동,2026-08-11T23:50:11+09:00
카페,1603720401,46도무인카페,음식점 > 카페 > 테마카페 > 무인카페,일반카페,0,CE7,카페,010-7773-1431,경기 시흥시 정왕동 1412-1,경기 시흥시 큰솔로7번안길 19-9,126.750487106172,37.341016002763,http://place.map.kakao.com/1603720401,4139013200,경기도 시흥시 정왕동,경기도,시흥시,정왕동,,4139059100,경기도 시흥시 정왕1동,경기도,시흥시,정왕1동,2026-08-11T23:50:11+09:00
카페,2088737458,달콩카페,음식점 > 카페,일반카페,0,CE7,카페,,경기 시흥시 정왕동 1800-3,경기 시흥시 마유로 376,126.73853555527705,37.34869938288673,http://place.map.kakao.com/2088737458,4139013200,경기도 시흥시 정왕동,경기도,시흥시,정왕동,,4139059100,경기도 시흥시 정왕1동,경기도,시흥시,정왕1동,2026-08-11T23:50:11+09:00
카페,1946924359,더벤티 시화로데오점,음식점 > 카페 > 커피전문점 > 더벤티,일반카페,0,CE7,카페,070-7576-3080,경기 시흥시 정왕동 1737-13,경기 시흥시 중심상가3길 11,126.737048488977,37.3450090843679,http://place.map.kakao.com/1946924359,4139013200,경기도 시흥시 정왕동,경기도,시흥시,정왕동,,4139059100,경기도 시흥시 정왕1동,경기도,시흥시,정왕1동,2026-08-11T23:50:11+09:00
카페,2135963854,동네카페,음식점 > 카페,일반카페,0,CE7,카페,,경기 시흥시 정왕동 1426-13,경기 시흥시 큰솔로8번길 13-1,126.752771069902,37.3376131080821,http://place.map.kakao.com/2135963854,4139013200,경기도 시흥시 정왕동,경기도,시흥시,정왕동,,4139059100,경기도 시흥시 정왕1동,경기도,시흥시,정왕1동,2026-08-11T23:50:11+09:00
카페,70212150,동네카페마실 시흥에코센터점,음식점 > 카페,일반카페,0,CE7,카페,,경기 시흥시 정왕동 2133,경기 시흥시 경기과기대로 284,126.739230921779,37.3375633155185,http://place.map.kakao.com/70212150,4139013200,경기도 시흥시 정왕동,경기도,시흥시,정왕동,,4139059100,경기도 시흥시 정왕1동,경기도,시흥시,정왕1동,2026-08-11T23:50:11+09:00
카페,255208997,디저트39 시흥정왕점,음식점 > 카페 > 테마카페 > 디저트카페 > 디저트39,일반카페,0,CE7,카페,031-365-3090,경기 시흥시 정왕동 1736-5,경기 시흥시 중심상가2길 12-8,126.7357619842585,37.345314369170914,http://place.map.kakao.com/255208997,4139013200,경기도 시흥시 정왕동,경기도,시흥시,정왕동,,4139059100,경기도 시흥시 정왕1동,경기도,시흥시,정왕1동,2026-08-11T23:50:11+09:00
카페,1899255937,또달,음식점 > 카페,일반카페,0,CE7,카페,,경기 시흥시 정왕동 1737-3,경기 시흥시 중심상가3길 12,126.73662274023299,37.34508922974677,http://place.map.kakao.com/1899255937,4139013200,경기도 시흥시 정왕동,경기도,시흥시,정왕동,,4139059100,경기도 시흥시 정왕1동,경기도,시흥시,정왕1동,2026-08-11T23:50:11+09:00
카페,2082389462,러너펍 시흥정왕점,"가정,생활 > 여가시설 > 보드카페 > 러너펍",기타,0,CE7,카페,,경기 시흥시 정왕동 1782-5,경기 시흥시 중심상가로 320,126.747614513112,37.3371327844074,http://place.map.kakao.com/2082389462,4139013200,경기도 시흥시 정왕동,경기도,시흥시,정왕동,,4139059100,경기도 시흥시 정왕1동,경기도,시흥시,정왕1동,2026-08-11T23:50:11+09:00
카페,1156521593,레드버튼 정왕점,"가정,생활 > 여가시설 > 보드카페 > 레드버튼",기타,0,CE7,카페,031-498-3799,경기 시흥시 정왕동 1737-6,경기 시흥시 중심상가로 187,126.736099424372,37.3446699868681,http://place.map.kakao.com/1156521593,4139013200,경기도 시흥시 정왕동,경기도,시흥시,정왕동,,4139059100,경기도 시흥시 정왕1동,경기도,시흥시,정왕1동,2026-08-11T23:50:11+09:00
카페,1196119215,메가MGC커피 시화로데오점,음식점 > 카페 > 커피전문점 > 메가MGC커피,일반카페,0,CE7,카페,031-319-5188,경기 시흥시 정왕동 1738-1,경기 시흥시 중심상가2길 22,126.73753270213977,37.34499213907896,http://place.map.kakao.com/1196119215,4139013200,경기도 시흥시 정왕동,경기도,시흥시,정왕동,,4139059100,경기도 시흥시 정왕1동,경기도,시흥시,정왕1동,2026-08-11T23:50:11+09:00
카페,1157160234,메가MGC커피 시흥51블럭점,음식점 > 카페 > 커피전문점 > 메가MGC커피,일반카페,0,CE7,카페,031-498-1278,경기 시흥시 정왕동 1782-5,경기 시흥시 중심상가로 320,126.747614513112,37.3371327844074,http://place.map.kakao.com/1157160234,4139013200,경기도 시흥시 정왕동,경기도,시흥시,정왕동,,4139059100,경기도 시흥시 정왕1동,경기도,시흥시,정왕1동,2026-08-11T23:50:11+09:00
카페,826251258,메가MGC커피 시흥길산지식산업센터점,음식점 > 카페 > 커피전문점 > 메가MGC커피,일반카페,0,CE7,카페,031-8042-5085,경기 시흥시 정왕동 1277-14,경기 시흥시 경기과기대로 219,126.732652921811,37.3344490958884,http://place.map.kakao.com/826251258,4139013200,경기도 시흥시 정왕동,경기도,시흥시,정왕동,,4139059100,경기도 시흥시 정왕1동,경기도,시흥시,정왕1동,2026-08-11T23:50:11+09:00
카페,623813701,발도스커피 동양타워지산점,음식점 > 카페 > 발도스커피,일반카페,0,CE7,카페,0503-5260-5318,경기 시흥시 정왕동 1290-14,경기 시흥시 산기대학로 330,126.740881173812,37.3338177606016,http://place.map.kakao.com/623813701,4139013200,경기도 시흥시 정왕동,경기도,시흥시,정왕동,,4139059100,경기도 시흥시 정왕1동,경기도,시흥시,정왕1동,2026-08-11T23:50:11+09:00
카페,1255910950,발도스커피 동우디지털파크점,음식점 > 카페 > 발도스커피,일반카페,0,CE7,카페,,경기 시흥시 정왕동 1288-2,경기 시흥시 정왕천로 197,126.7365052793331,37.32960929968783,http://place.map.kakao.com/1255910950,4139013200,경기도 시흥시 정왕동,경기도,시흥시,정왕동,,4139059100,경기도 시흥시 정왕1동,경기도,시흥시,정왕1동,2026-08-11T23:50:11+09:00
카페,1134261692,백억커피 시흥정왕점,음식점 > 카페 > 커피전문점,일반카페,0,CE7,카페,031-8042-3940,경기 시흥시 정왕동 1740-1,경기 시흥시 중심상가로 178,126.734850195662,37.3449663346688,http://place.map.kakao.com/1134261692,4139013200,경기도 시흥시 정왕동,경기도,시흥시,정왕동,,4139059100,경기도 시흥시 정왕1동,경기도,시흥시,정왕1동,2026-08-11T23:50:11+09:00
카페,2027688577,벌툰 몽유도원 시흥정왕점,"가정,생활 > 여가시설 > 만화방 > 만화카페 > 벌툰",기타,0,CE7,카페,070-4403-6509,경기 시흥시 정왕동 1737-16,경기 시흥시 중심상가3길 15-1,126.736661801291,37.3445685229147,http://place.map.kakao.com/2027688577,4139013200,경기도 시흥시 정왕동,경기도,시흥시,정왕동,,4139059100,경기도 시흥시 정왕1동,경기도,시흥시,정왕1동,2026-08-11T23:50:11+09:00
카페,1444069900,봄날카페,음식점 > 카페,일반카페,0,CE7,카페,0507-1313-0268,경기 시흥시 정왕동 1609-1,경기 시흥시 봉우재로23번안길 18,126.74106745277567,37.34661006414105,http://place.map.kakao.com/1444069900,4139013200,경기도 시흥시 정왕동,경기도,시흥시,정왕동,,4139059100,경기도 시흥시 정왕1동,경기도,시흥시,정왕1동,2026-08-11T23:50:11+09:00
카페,16163130,브람스,음식점 > 카페,일반카페,0,CE7,카페,031-432-5998,경기 시흥시 정왕동 2121-3,경기 시흥시 경기과기대로 269,126.73715104977,37.3388967400652,http://place.map.kakao.com/16163130,4139013200,경기도 시흥시 정왕동,경기도,시흥시,정왕동,,4139059100,경기도 시흥시 정왕1동,경기도,시흥시,정왕1동,2026-08-11T23:50:11+09:00
카페,27075598,빽다방 시흥정왕로데오점,음식점 > 카페 > 커피전문점 > 빽다방,일반카페,0,CE7,카페,031-434-2007,경기 시흥시 정왕동 1738-1,경기 시흥시 중심상가2길 22,126.73770240543942,37.34487177781187,http://place.map.kakao.com/27075598,4139013200,경기도 시흥시 정왕동,경기도,시흥시,정왕동,,4139059100,경기도 시흥시 정왕1동,경기도,시흥시,정왕1동,2026-08-11T23:50:11+09:00
카페,1004003413,빽다방 시흥정왕유천점,음식점 > 카페 > 커피전문점 > 빽다방,일반카페,0,CE7,카페,070-8666-3222,경기 시흥시 정왕동 1782-17,경기 시흥시 중심상가로 324,126.74809151473704,37.33689412735994,http://place.map.kakao.com/1004003413,4139013200,경기도 시흥시 정왕동,경기도,시흥시,정왕동,,4139059100,경기도 시흥시 정왕1동,경기도,시흥시,정왕1동,2026-08-11T23:50:11+09:00
카페,1799431196,삼영커피,음식점 > 카페,일반카페,0,CE7,카페,,경기 시흥시 정왕동 1601-4,경기 시흥시 정왕대로233번안길 5,126.74152947570556,37.346813805591395,http://place.map.kakao.com/1799431196,4139013200,경기도 시흥시 정왕동,경기도,시흥시,정왕동,,4139059100,경기도 시흥시 정왕1동,경기도,시흥시,정왕1동,2026-08-11T23:50:11+09:00
카페,24769168,설빙 경기시흥시화정왕점,음식점 > 카페 > 테마카페 > 디저트카페 > 설빙,일반카페,0,CE7,카페,031-497-8088,경기 시흥시 정왕동 1742-6,경기 시흥시 중심상가3길 24,126.735751196558,37.3442060815181,http://place.map.kakao.com/24769168,4139013200,경기도 시흥시 정왕동,경기도,시흥시,정왕동,,4139059100,경기도 시흥시 정왕1동,경기도,시흥시,정왕1동,2026-08-11T23:50:11+09:00
카페,1174953835,수앤수,음식점 > 카페 > 커피전문점,일반카페,0,CE7,카페,,경기 시흥시 정왕동 1277-14,경기 시흥시 경기과기대로 219,126.73265292181,37.3344490958979,http://place.map.kakao.com/1174953835,4139013200,경기도 시흥시 정왕동,경기도,시흥시,정왕동,,4139059100,경기도 시흥시 정왕1동,경기도,시흥시,정왕1동,2026-08-11T23:50:11+09:00
카페,16746061,쉘위정2020라이브카페,음식점 > 카페 > 테마카페 > 라이브카페,기타,0,CE7,카페,,경기 시흥시 정왕동 1742-18,경기 시흥시 중심상가3길 25,126.73604920195635,37.343864356356406,http://place.map.kakao.com/16746061,4139013200,경기도 시흥시 정왕동,경기도,시흥시,정왕동,,4139059100,경기도 시흥시 정왕1동,경기도,시흥시,정왕1동,2026-08-11T23:50:11+09:00
카페,18691210,스타벅스 시화로데오점,음식점 > 카페 > 커피전문점 > 스타벅스,일반카페,0,CE7,카페,1522-3232,경기 시흥시 정왕동 1738-6,경기 시흥시 중심상가2길 20-5,126.737352172122,37.3446565562671,http://place.map.kakao.com/18691210,4139013200,경기도 시흥시 정왕동,경기도,시흥시,정왕동,,4139059100,경기도 시흥시 정왕1동,경기도,시흥시,정왕1동,2026-08-11T23:50:11+09:00
카페,1245538382,오브미,음식점 > 카페,일반카페,0,CE7,카페,010-8228-5921,경기 시흥시 정왕동 1397-8,경기 시흥시 큰솔로42번길 31,126.755497080927,37.3394568714168,http://place.map.kakao.com/1245538382,4139013200,경기도 시흥시 정왕동,경기도,시흥시,정왕동,,4139059100,경기도 시흥시 정왕1동,경기도,시흥시,정왕1동,2026-08-11T23:50:11+09:00
카페,1669601454,온데일리,음식점 > 카페,일반카페,0,CE7,카페,031-433-5512,경기 시흥시 정왕동 1366-13,경기 시흥시 마유로 218,126.727794517346,37.3374339376724,http://place.map.kakao.com/1669601454,4139013200,경기도 시흥시 정왕동,경기도,시흥시,정왕동,,4139059100,경기도 시흥시 정왕1동,경기도,시흥시,정왕1동,2026-08-11T23:50:11+09:00
카페,792509656,음매점,음식점 > 카페,일반카페,0,CE7,카페,,경기 시흥시 정왕동 1620-13,경기 시흥시 봉우재로7번길 20,126.740817723577,37.3450588494211,http://place.map.kakao.com/792509656,4139013200,경기도 시흥시 정왕동,경기도,시흥시,정왕동,,4139059100,경기도 시흥시 정왕1동,경기도,시흥시,정왕1동,2026-08-11T23:50:11+09:00
카페,440811569,읍천리382 시흥정왕점,음식점 > 카페 > 커피전문점 > 읍천리382,일반카페,0,CE7,카페,031-498-1633,경기 시흥시 정왕동 1742-1,경기 시흥시 중심상가로 180,126.735350894943,37.3447539123513,http://place.map.kakao.com/440811569,4139013200,경기도 시흥시 정왕동,경기도,시흥시,정왕동,,4139059100,경기도 시흥시 정왕1동,경기도,시흥시,정왕1동,2026-08-11T23:50:11+09:00
카페,25116631,이디야커피 시화로데오점,음식점 > 카페 > 커피전문점 > 이디야커피,일반카페,0,CE7,카페,031-496-0872,경기 시흥시 정왕동 1738-5,경기 시흥시 중심상가2길 20-13,126.737077157647,37.3445550303208,http://place.map.kakao.com/25116631,4139013200,경기도 시흥시 정왕동,경기도,시흥시,정왕동,,4139059100,경기도 시흥시 정왕1동,경기도,시흥시,정왕1동,2026-08-11T23:50:11+09:00
카페,2138914988,이디야커피 시흥정왕보건소점,음식점 > 카페 > 커피전문점 > 이디야커피,일반카페,0,CE7,카페,031-431-6785,경기 시흥시 정왕동 1600-6,경기 시흥시 정왕대로233번안길 1,126.74129958503906,37.34704306499263,http://place.map.kakao.com/2138914988,4139013200,경기도 시흥시 정왕동,경기도,시흥시,정왕동,,4139059100,경기도 시흥시 정왕1동,경기도,시흥시,정왕1동,2026-08-11T23:50:11+09:00
카페,903803276,제이베이글,음식점 > 카페,일반카페,0,CE7,카페,031-506-1472,경기 시흥시 정왕동 1739-1,경기 시흥시 중심상가4길 10,126.73824211426,37.344472917059,http://place.map.kakao.com/903803276,4139013200,경기도 시흥시 정왕동,경기도,시흥시,정왕동,,4139059100,경기도 시흥시 정왕1동,경기도,시흥시,정왕1동,2026-08-11T23:50:11+09:00
카페,1453799823,제이커피,음식점 > 카페 > 커피전문점,일반카페,0,CE7,카페,,경기 시흥시 정왕동 1427,경기 시흥시 큰솔로12번길 2,126.751726669703,37.3384750074781,http://place.map.kakao.com/1453799823,4139013200,경기도 시흥시 정왕동,경기도,시흥시,정왕동,,4139059100,경기도 시흥시 정왕1동,경기도,시흥시,정왕1동,2026-08-11T23:50:11+09:00
카페,447351942,주식회사 루노커피앤티,음식점 > 카페,일반카페,0,CE7,카페,,경기 시흥시 정왕동 1782-4,경기 시흥시 중심상가로 316,126.747363525897,37.3372737102301,http://place.map.kakao.com/447351942,4139013200,경기도 시흥시 정왕동,경기도,시흥시,정왕동,,4139059100,경기도 시흥시 정왕1동,경기도,시흥시,정왕1동,2026-08-11T23:50:11+09:00
카페,20847143,주커피 한국공학대점,음식점 > 카페 > 커피전문점,일반카페,0,CE7,카페,,경기 시흥시 정왕동 2121-1,경기 시흥시 산기대학로 237,126.73413164182324,37.33878727611385,http://place.map.kakao.com/20847143,4139013200,경기도 시흥시 정왕동,경기도,시흥시,정왕동,,4139059100,경기도 시흥시 정왕1동,경기도,시흥시,정왕1동,2026-08-11T23:50:11+09:00
카페,1126919006,츄러스캠퍼스,음식점 > 카페 > 테마카페 > 디저트카페,일반카페,0,CE7,카페,,경기 시흥시 정왕동 1745-3,경기 시흥시 중심상가1길 14,126.73480519027,37.3433227598764,http://place.map.kakao.com/1126919006,4139013200,경기도 시흥시 정왕동,경기도,시흥시,정왕동,,4139059100,경기도 시흥시 정왕1동,경기도,시흥시,정왕1동,2026-08-11T23:50:11+09:00
카페,252886950,카페ING 한국공학대점,음식점 > 카페 > 커피전문점 > 카페ING,일반카페,0,CE7,카페,1522-4762,경기 시흥시 정왕동 2121-1,경기 시흥시 산기대학로 237,126.73353923898826,37.339732923890395,http://place.map.kakao.com/252886950,4139013200,경기도 시흥시 정왕동,경기도,시흥시,정왕동,,4139059100,경기도 시흥시 정왕1동,경기도,시흥시,정왕1동,2026-08-11T23:50:11+09:00
카페,1771407036,카페더피치,음식점 > 카페,일반카페,0,CE7,카페,070-4940-8882,경기 시흥시 정왕동 1799-4,경기 시흥시 정왕대로233번길 19-1,126.73864094343156,37.34662274876547,http://place.map.kakao.com/1771407036,4139013200,경기도 시흥시 정왕동,경기도,시흥시,정왕동,,4139059100,경기도 시흥시 정왕1동,경기도,시흥시,정왕1동,2026-08-11T23:50:11+09:00
카페,1757161914,카페만월경 시흥정왕점,음식점 > 카페 > 테마카페 > 무인카페 > 카페만월경,일반카페,0,CE7,카페,,경기 시흥시 정왕동 1788-1,경기 시흥시 중심상가로 249,126.741818432183,37.3411992330567,http://place.map.kakao.com/1757161914,4139013200,경기도 시흥시 정왕동,경기도,시흥시,정왕동,,4139059100,경기도 시흥시 정왕1동,경기도,시흥시,정왕1동,2026-08-11T23:50:11+09:00
카페,16968778,카페별,음식점 > 카페 > 커피전문점,일반카페,0,CE7,카페,,경기 시흥시 정왕동 1742-16,경기 시흥시 중심상가로 200,126.73698098795,37.3436537891366,http://place.map.kakao.com/16968778,4139013200,경기도 시흥시 정왕동,경기도,시흥시,정왕동,,4139059100,경기도 시흥시 정왕1동,경기도,시흥시,정왕1동,2026-08-11T23:50:11+09:00
카페,1610700801,카페스퀘어원,음식점 > 카페,일반카페,0,CE7,카페,,경기 시흥시 정왕동 1287-5,경기 시흥시 소망공원로 323,126.732539385647,37.3282794918954,http://place.map.kakao.com/1610700801,4139013200,경기도 시흥시 정왕동,경기도,시흥시,정왕동,,4139059100,경기도 시흥시 정왕1동,경기도,시흥시,정왕1동,2026-08-11T23:50:11+09:00
카페,2137562466,카페프리,음식점 > 카페,일반카페,0,CE7,카페,,경기 시흥시 정왕동 1580,경기 시흥시 정왕천로369번길 62-1,126.74395852537077,37.34505757946219,http://place.map.kakao.com/2137562466,4139013200,경기도 시흥시 정왕동,경기도,시흥시,정왕동,,4139059100,경기도 시흥시 정왕1동,경기도,시흥시,정왕1동,2026-08-11T23:50:11+09:00
카페,25472812,커피나인,음식점 > 카페 > 커피전문점,일반카페,0,CE7,카페,031-8084-4242,경기 시흥시 정왕동 1286-1,경기 시흥시 정왕천로 155,126.73412426287193,37.32647289472611,http://place.map.kakao.com/25472812,4139013200,경기도 시흥시 정왕동,경기도,시흥시,정왕동,,4139059100,경기도 시흥시 정왕1동,경기도,시흥시,정왕1동,2026-08-11T23:50:11+09:00
카페,1157491817,커피마마퀸 한주토피스점,음식점 > 카페 > 커피마마퀸,일반카페,0,CE7,카페,02-1644-2968,경기 시흥시 정왕동 1366-8,경기 시흥시 공단1대로 253,126.72948240983133,37.33562133575714,http://place.map.kakao.com/1157491817,4139013200,경기도 시흥시 정왕동,경기도,시흥시,정왕동,,4139059100,경기도 시흥시 정왕1동,경기도,시흥시,정왕1동,2026-08-11T23:50:11+09:00
카페,828684140,커피베이 시화점,음식점 > 카페 > 커피전문점 > 커피베이,일반카페,0,CE7,카페,070-8818-2019,경기 시흥시 정왕동 1624-11,경기 시흥시 평안상가1길 17,126.747238611591,37.3378446955739,http://place.map.kakao.com/828684140,4139013200,경기도 시흥시 정왕동,경기도,시흥시,정왕동,,4139059100,경기도 시흥시 정왕1동,경기도,시흥시,정왕1동,2026-08-11T23:50:11+09:00
카페,1866780330,커피베이 시흥센트럴병원점,음식점 > 카페 > 커피전문점 > 커피베이,일반카페,0,CE7,카페,031-509-5502,경기 시흥시 정왕동 1366-11,경기 시흥시 공단1대로 237,126.727981713314,37.336843293652,http://place.map.kakao.com/1866780330,4139013200,경기도 시흥시 정왕동,경기도,시흥시,정왕동,,4139059100,경기도 시흥시 정왕1동,경기도,시흥시,정왕1동,2026-08-11T23:50:11+09:00
카페,782368455,커피베이 익스프레스 한국공학대1호점,음식점 > 카페 > 커피전문점 > 커피베이,일반카페,0,CE7,카페,,경기 시흥시 정왕동 2121-1,경기 시흥시 산기대학로 237,126.73215743038698,37.34179225634194,http://place.map.kakao.com/782368455,4139013200,경기도 시흥시 정왕동,경기도,시흥시,정왕동,,4139059100,경기도 시흥시 정왕1동,경기도,시흥시,정왕1동,2026-08-11T23:50:11+09:00
카페,780521115,커피베이 정왕중심상가점,음식점 > 카페 > 커피전문점 > 커피베이,일반카페,0,CE7,카페,031-433-5882,경기 시흥시 정왕동 1742-5,경기 시흥시 중심상가3길 22,126.7358829300585,37.344293775345115,http://place.map.kakao.com/780521115,4139013200,경기도 시흥시 정왕동,경기도,시흥시,정왕동,,4139059100,경기도 시흥시 정왕1동,경기도,시흥시,정왕1동,2026-08-11T23:50:11+09:00
카페,338794365,커피연,음식점 > 카페,일반카페,0,CE7,카페,,경기 시흥시 정왕동 2123-2,경기 시흥시 만해로 41,126.74576227998243,37.331574875535566,http://place.map.kakao.com/338794365,4139013200,경기도 시흥시 정왕동,경기도,시흥시,정왕동,,4139059100,경기도 시흥시 정왕1동,경기도,시흥시,정왕1동,2026-08-11T23:50:11+09:00
카페,1340496208,커피집,음식점 > 카페 > 커피전문점,일반카페,0,CE7,카페,,경기 시흥시 정왕동 1783-5,경기 시흥시 평안상가5길 5,126.746592765684,37.3366107068346,http://place.map.kakao.com/1340496208,4139013200,경기도 시흥시 정왕동,경기도,시흥시,정왕동,,4139059100,경기도 시흥시 정왕1동,경기도,시흥시,정왕1동,2026-08-11T23:50:11+09:00
카페,778049768,컴포즈커피 시흥길산지식산업센터점,음식점 > 카페 > 커피전문점 > 컴포즈커피,일반카페,0,CE7,카페,031-498-3117,경기 시흥시 정왕동 1277-14,경기 시흥시 경기과기대로 219,126.73262536864715,37.33394535850481,http://place.map.kakao.com/778049768,4139013200,경기도 시흥시 정왕동,경기도,시흥시,정왕동,,4139059100,경기도 시흥시 정왕1동,경기도,시흥시,정왕1동,2026-08-11T23:50:11+09:00
카페,91254191,컴포즈커피 시흥시화로데오점,음식점 > 카페 > 커피전문점 > 컴포즈커피,일반카페,0,CE7,카페,031-431-2803,경기 시흥시 정왕동 1737-13,경기 시흥시 중심상가3길 11,126.737024610202,37.3450603898448,http://place.map.kakao.com/91254191,4139013200,경기도 시흥시 정왕동,경기도,시흥시,정왕동,,4139059100,경기도 시흥시 정왕1동,경기도,시흥시,정왕1동,2026-08-11T23:50:11+09:00
카페,463205205,컴포즈커피 시흥시화유통상가점,음식점 > 카페 > 커피전문점 > 컴포즈커피,일반카페,0,CE7,카페,010-5617-4556,경기 시흥시 정왕동 1367-1,경기 시흥시 공단1대로 244,126.72760917612109,37.33594771533872,http://place.map.kakao.com/463205205,4139013200,경기도 시흥시 정왕동,경기도,시흥시,정왕동,,4139059100,경기도 시흥시 정왕1동,경기도,시흥시,정왕1동,2026-08-11T23:50:11+09:00
카페,1927022530,킹스맨보드게임카페,"가정,생활 > 여가시설 > 보드카페",기타,0,CE7,카페,031-434-2484,경기 시흥시 정왕동 1739-5,경기 시흥시 중심상가4길 16,126.737837234087,37.3440701623091,http://place.map.kakao.com/1927022530,4139013200,경기도 시흥시 정왕동,경기도,시흥시,정왕동,,4139059100,경기도 시흥시 정왕1동,경기도,시흥시,정왕1동,2026-08-11T23:50:11+09:00
카페,1423256931,테라커피 시흥정왕점,음식점 > 카페 > 커피전문점 > 테라커피,일반카페,0,CE7,카페,031-365-4413,경기 시흥시 정왕동 1737-5,경기 시흥시 중심상가3길 16,126.736311194905,37.3447839885173,http://place.map.kakao.com/1423256931,4139013200,경기도 시흥시 정왕동,경기도,시흥시,정왕동,,4139059100,경기도 시흥시 정왕1동,경기도,시흥시,정왕1동,2026-08-11T23:50:11+09:00
카페,2028902527,투썸플레이스 시흥스마트허브점,음식점 > 카페 > 커피전문점 > 투썸플레이스,일반카페,0,CE7,카페,031-497-4119,경기 시흥시 정왕동 1277-6,경기 시흥시 공단1대로 263,126.73000535923103,37.335484672914696,http://place.map.kakao.com/2028902527,4139013200,경기도 시흥시 정왕동,경기도,시흥시,정왕동,,4139059100,경기도 시흥시 정왕1동,경기도,시흥시,정왕1동,2026-08-11T23:50:11+09:00
카페,21523851,투썸플레이스 시흥정왕점,음식점 > 카페 > 커피전문점 > 투썸플레이스,일반카페,0,CE7,카페,031-498-9959,경기 시흥시 정왕동 1739-6,경기 시흥시 중심상가4길 16-1,126.73776460891088,37.34386006195314,http://place.map.kakao.com/21523851,4139013200,경기도 시흥시 정왕동,경기도,시흥시,정왕동,,4139059100,경기도 시흥시 정왕1동,경기도,시흥시,정왕1동,2026-08-11T23:50:11+09:00
카페,22251902,투윈홀스카페,음식점 > 카페 > 커피전문점,일반카페,0,CE7,카페,,경기 시흥시 정왕동 1781-4,경기 시흥시 평안상가5길 19,126.747972353601,37.3357450618645,http://place.map.kakao.com/22251902,4139013200,경기도 시흥시 정왕동,경기도,시흥시,정왕동,,4139059100,경기도 시흥시 정왕1동,경기도,시흥시,정왕1동,2026-08-11T23:50:11+09:00
카페,913539802,티이디,음식점 > 카페,일반카페,0,CE7,카페,,경기 시흥시 정왕동 1270,경기 시흥시 소망공원로 232,126.723126056034,37.3328386715431,http://place.map.kakao.com/913539802,4139013200,경기도 시흥시 정왕동,경기도,시흥시,정왕동,,4139059100,경기도 시흥시 정왕1동,경기도,시흥시,정왕1동,2026-08-11T23:50:11+09:00
카페,1608726123,팔공티 성담스퀘어점,음식점 > 카페 > 팔공티,일반카페,0,CE7,카페,,경기 시흥시 정왕동 1734-2,경기 시흥시 정왕대로 210,126.736873691305,37.3459421598991,http://place.map.kakao.com/1608726123,4139013200,경기도 시흥시 정왕동,경기도,시흥시,정왕동,,4139059100,경기도 시흥시 정왕1동,경기도,시흥시,정왕1동,2026-08-11T23:50:11+09:00
카페,185410963,퍼플로우,음식점 > 카페,일반카페,0,CE7,카페,031-520-9323,경기 시흥시 정왕동 1367-1,경기 시흥시 공단1대로 244,126.72782446657814,37.33570132898583,http://place.map.kakao.com/185410963,4139013200,경기도 시흥시 정왕동,경기도,시흥시,정왕동,,4139059100,경기도 시흥시 정왕1동,경기도,시흥시,정왕1동,2026-08-11T23:50:11+09:00
카페,372807619,페니빈카페,음식점 > 카페,일반카페,0,CE7,카페,,경기 시흥시 정왕동 1742-1,경기 시흥시 중심상가로 180,126.7352166257554,37.34474550265501,http://place.map.kakao.com/372807619,4139013200,경기도 시흥시 정왕동,경기도,시흥시,정왕동,,4139059100,경기도 시흥시 정왕1동,경기도,시흥시,정왕1동,2026-08-11T23:50:11+09:00
카페,788434686,하루일리터 정왕점,음식점 > 카페 > 커피전문점 > 천씨씨커피,일반카페,0,CE7,카페,031-8042-5599,경기 시흥시 정왕동 1599-12,경기 시흥시 봉우재로37번길 30,126.742040780579,37.3477880307968,http://place.map.kakao.com/788434686,4139013200,경기도 시흥시 정왕동,경기도,시흥시,정왕동,,4139059100,경기도 시흥시 정왕1동,경기도,시흥시,정왕1동,2026-08-11T23:50:11+09:00
카페,1841375229,하삼동커피 시화로데오점,음식점 > 카페 > 커피전문점 > 하삼동커피,일반카페,0,CE7,카페,0507-2093-7083,경기 시흥시 정왕동 1737-12,경기 시흥시 중심상가3길 9,126.73724679456537,37.34510142974667,http://place.map.kakao.com/1841375229,4139013200,경기도 시흥시 정왕동,경기도,시흥시,정왕동,,4139059100,경기도 시흥시 정왕1동,경기도,시흥시,정왕1동,2026-08-11T23:50:11+09:00
카페,1604344410,하이오커피 시흥정왕점,음식점 > 카페 > 커피전문점 > 하이오커피,일반카페,0,CE7,카페,031-498-8250,경기 시흥시 정왕동 1736-1,경기 시흥시 중심상가2길 8,126.736248107264,37.3457200151695,http://place.map.kakao.com/1604344410,4139013200,경기도 시흥시 정왕동,경기도,시흥시,정왕동,,4139059100,경기도 시흥시 정왕1동,경기도,시흥시,정왕1동,2026-08-11T23:50:11+09:00
카페,1863944846,휴무인카페,음식점 > 카페 > 테마카페 > 무인카페,일반카페,0,CE7,카페,0503-7150-2238,경기 시흥시 정왕동 1619-8,경기 시흥시 봉우재로7번길 2-1,126.742260814106,37.3441690839998,http://place.map.kakao.com/1863944846,4139013200,경기도 시흥시 정왕동,경기도,시흥시,정왕동,,4139059100,경기도 시흥시 정왕1동,경기도,시흥시,정왕1동,2026-08-11T23:50:11+09:00
카페,326479001,너나들이카페,음식점 > 카페,일반카페,0,CE7,카페,031-433-7142,경기 시흥시 정왕동 1727-7,경기 시흥시 서촌상가1길 11,126.732818433047,37.3476125849194,http://place.map.kakao.com/326479001,4139013200,경기도 시흥시 정왕동,경기도,시흥시,정왕동,,4139059200,경기도 시흥시 정왕2동,경기도,시흥시,정왕2동,2026-08-11T23:50:11+09:00
카페,1698271509,달리는커피 시흥정왕점,음식점 > 카페 > 커피전문점 > 달리는커피,일반카페,0,CE7,카페,031-432-9203,경기 시흥시 정왕동 1728-6,경기 시흥시 중심상가로 151,126.732894186823,37.3466180223149,http://place.map.kakao.com/1698271509,4139013200,경기도 시흥시 정왕동,경기도,시흥시,정왕동,,4139059200,경기도 시흥시 정왕2동,경기도,시흥시,정왕2동,2026-08-11T23:50:11+09:00
카페,1034591342,데이롱카페 정왕서촌점,음식점 > 카페 > 테마카페 > 무인카페 > 데이롱카페,일반카페,0,CE7,카페,,경기 시흥시 정왕동 1848-4,경기 시흥시 중심상가로 104,126.728438842675,37.3490352448247,http://place.map.kakao.com/1034591342,4139013200,경기도 시흥시 정왕동,경기도,시흥시,정왕동,,4139059200,경기도 시흥시 정왕2동,경기도,시흥시,정왕2동,2026-08-11T23:50:11+09:00
카페,1136206864,도서관카페,음식점 > 카페,일반카페,0,CE7,카페,070-4175-2002,경기 시흥시 정왕동 1845-2,경기 시흥시 정왕대로 191,126.735622548899,37.3480666951235,http://place.map.kakao.com/1136206864,4139013200,경기도 시흥시 정왕동,경기도,시흥시,정왕동,,4139059200,경기도 시흥시 정왕2동,경기도,시흥시,정왕2동,2026-08-11T23:50:11+09:00
카페,470581644,드롭탑 시흥시화병원점,음식점 > 카페 > 커피전문점 > 드롭탑,일반카페,0,CE7,카페,031-431-5649,경기 시흥시 정왕동 1842-3,경기 시흥시 군자천로 381,126.736972542859,37.3499573552656,http://place.map.kakao.com/470581644,4139013200,경기도 시흥시 정왕동,경기도,시흥시,정왕동,,4139059200,경기도 시흥시 정왕2동,경기도,시흥시,정왕2동,2026-08-11T23:50:11+09:00
카페,1087531727,메가MGC커피 시흥48블럭점,음식점 > 카페 > 커피전문점 > 메가MGC커피,일반카페,0,CE7,카페,031-497-0798,경기 시흥시 정왕동 1731-15,경기 시흥시 중심상가로 162,126.73350277836889,37.34589947425729,http://place.map.kakao.com/1087531727,4139013200,경기도 시흥시 정왕동,경기도,시흥시,정왕동,,4139059200,경기도 시흥시 정왕2동,경기도,시흥시,정왕2동,2026-08-11T23:50:11+09:00
카페,2100889409,무드무아,음식점 > 카페 > 테마카페 > 디저트카페,일반카페,0,CE7,카페,,경기 시흥시 정왕동 1255-10,경기 시흥시 옥구천동로 218,126.71821086826094,37.34339882833511,http://place.map.kakao.com/2100889409,4139013200,경기도 시흥시 정왕동,경기도,시흥시,정왕동,,4139059200,경기도 시흥시 정왕2동,경기도,시흥시,정왕2동,2026-08-11T23:50:11+09:00
카페,546861946,문카페,음식점 > 카페 > 커피전문점,일반카페,0,CE7,카페,,경기 시흥시 정왕동 1870-1,경기 시흥시 정왕대로117번길 26,126.73077024281217,37.35355471494959,http://place.map.kakao.com/546861946,4139013200,경기도 시흥시 정왕동,경기도,시흥시,정왕동,,4139059200,경기도 시흥시 정왕2동,경기도,시흥시,정왕2동,2026-08-11T23:50:11+09:00
카페,1096566558,발도스커피 시화공구상가점,음식점 > 카페 > 발도스커피,일반카페,0,CE7,카페,010-9082-2420,경기 시흥시 정왕동 1364,경기 시흥시 공단1대로 204,126.72456871461344,37.33793194870544,http://place.map.kakao.com/1096566558,4139013200,경기도 시흥시 정왕동,경기도,시흥시,정왕동,,4139059200,경기도 시흥시 정왕2동,경기도,시흥시,정왕2동,2026-08-11T23:50:11+09:00
카페,1868431434,보퀴,음식점 > 카페,일반카페,0,CE7,카페,,경기 시흥시 정왕동 1842-1,경기 시흥시 옥구천동로374번길 83,126.735927247488,37.3503298535101,http://place.map.kakao.com/1868431434,4139013200,경기도 시흥시 정왕동,경기도,시흥시,정왕동,,4139059200,경기도 시흥시 정왕2동,경기도,시흥시,정왕2동,2026-08-11T23:50:11+09:00
카페,1183254025,수정커피앤티하우스,음식점 > 카페,일반카페,0,CE7,카페,,경기 시흥시 정왕동 1731-8,경기 시흥시 서촌상가2길 30,126.732282811602,37.3458922146325,http://place.map.kakao.com/1183254025,4139013200,경기도 시흥시 정왕동,경기도,시흥시,정왕동,,4139059200,경기도 시흥시 정왕2동,경기도,시흥시,정왕2동,2026-08-11T23:50:11+09:00
카페,1348817667,앙호두 시흥점,음식점 > 카페 > 테마카페 > 디저트카페 > 앙호두,일반카페,0,CE7,카페,,경기 시흥시 정왕동 1873-3,경기 시흥시 옥구천동로 406,126.730545402637,37.3570925304599,http://place.map.kakao.com/1348817667,4139013200,경기도 시흥시 정왕동,경기도,시흥시,정왕동,,4139059200,경기도 시흥시 정왕2동,경기도,시흥시,정왕2동,2026-08-11T23:50:11+09:00
카페,118601379,에그카페24 HRS코리아 정밀 1층 접견실,음식점 > 카페 > 커피전문점 > 에그카페24,일반카페,0,CE7,카페,,경기 시흥시 정왕동 1259-15,경기 시흥시 공단1대로 143,126.719852970933,37.3421629147092,http://place.map.kakao.com/118601379,4139013200,경기도 시흥시 정왕동,경기도,시흥시,정왕동,,4139059200,경기도 시흥시 정왕2동,경기도,시흥시,정왕2동,2026-08-11T23:50:11+09:00
카페,761426514,엔그리고,음식점 > 카페 > 테마카페 > 디저트카페,일반카페,0,CE7,카페,010-7785-9565,경기 시흥시 정왕동 1874-1,경기 시흥시 옥구천동로 456,126.73398101944865,37.36069089166835,http://place.map.kakao.com/761426514,4139013200,경기도 시흥시 정왕동,경기도,시흥시,정왕동,,4139059200,경기도 시흥시 정왕2동,경기도,시흥시,정왕2동,2026-08-11T23:50:11+09:00
카페,280058743,요거트월드 정왕점,음식점 > 카페 > 테마카페 > 디저트카페 > 요거트월드,일반카페,0,CE7,카페,0503-7152-0968,경기 시흥시 정왕동 1733-1,경기 시흥시 서촌상가4길 17,126.7311724833102,37.34583833821277,http://place.map.kakao.com/280058743,4139013200,경기도 시흥시 정왕동,경기도,시흥시,정왕동,,4139059200,경기도 시흥시 정왕2동,경기도,시흥시,정왕2동,2026-08-11T23:50:11+09:00
카페,843948916,우주라이크커피 시화공단점,음식점 > 카페 > 커피전문점,일반카페,0,CE7,카페,031-430-0403,경기 시흥시 정왕동 1364,경기 시흥시 공단1대로 204,126.72471057637509,37.33771152699653,http://place.map.kakao.com/843948916,4139013200,경기도 시흥시 정왕동,경기도,시흥시,정왕동,,4139059200,경기도 시흥시 정왕2동,경기도,시흥시,정왕2동,2026-08-11T23:50:11+09:00
카페,717847588,우지커피 시흥정왕점,음식점 > 카페 > 커피전문점 > 우지커피,일반카페,0,CE7,카페,070-4233-1770,경기 시흥시 정왕동 1729-2,경기 시흥시 군자천로 335,126.73474155750358,37.3466546159264,http://place.map.kakao.com/717847588,4139013200,경기도 시흥시 정왕동,경기도,시흥시,정왕동,,4139059200,경기도 시흥시 정왕2동,경기도,시흥시,정왕2동,2026-08-11T23:50:11+09:00
카페,2145820132,이디야커피 시흥타원타크라점,음식점 > 카페 > 커피전문점 > 이디야커피,일반카페,0,CE7,카페,031-8088-8118,경기 시흥시 정왕동 1255-10,경기 시흥시 옥구천동로 218,126.718085564695,37.344012129253265,http://place.map.kakao.com/2145820132,4139013200,경기도 시흥시 정왕동,경기도,시흥시,정왕동,,4139059200,경기도 시흥시 정왕2동,경기도,시흥시,정왕2동,2026-08-11T23:50:11+09:00
카페,317730849,제이엔빈즈커피,음식점 > 카페 > 커피전문점,일반카페,0,CE7,카페,070-8823-0276,경기 시흥시 정왕동 1394,경기 시흥시 정왕신길로 141,126.73461449127815,37.353256151938794,http://place.map.kakao.com/317730849,4139013200,경기도 시흥시 정왕동,경기도,시흥시,정왕동,,4139059200,경기도 시흥시 정왕2동,경기도,시흥시,정왕2동,2026-08-11T23:50:11+09:00
카페,2024605665,카페문,음식점 > 카페,일반카페,0,CE7,카페,,경기 시흥시 정왕동 1873-3,경기 시흥시 옥구천동로 402,126.730230578722,37.3567503243057,http://place.map.kakao.com/2024605665,4139013200,경기도 시흥시 정왕동,경기도,시흥시,정왕동,,4139059200,경기도 시흥시 정왕2동,경기도,시흥시,정왕2동,2026-08-11T23:50:11+09:00
카페,577890837,카페일분 정왕서촌점,음식점 > 카페 > 테마카페 > 무인카페 > 카페일분,일반카페,0,CE7,카페,0503-7152-6253,경기 시흥시 정왕동 1851,경기 시흥시 정왕대로118번길 34,126.72604244909346,37.34912432726067,http://place.map.kakao.com/577890837,4139013200,경기도 시흥시 정왕동,경기도,시흥시,정왕동,,4139059200,경기도 시흥시 정왕2동,경기도,시흥시,정왕2동,2026-08-11T23:50:11+09:00
카페,692668047,카페프리헷 시흥정왕아주점,음식점 > 카페 > 테마카페 > 무인카페 > 카페프리헷,일반카페,0,CE7,카페,0507-1404-3729,경기 시흥시 정왕동 1394,경기 시흥시 정왕신길로 141,126.734614491278,37.3532561519388,http://place.map.kakao.com/692668047,4139013200,경기도 시흥시 정왕동,경기도,시흥시,정왕동,,4139059200,경기도 시흥시 정왕2동,경기도,시흥시,정왕2동,2026-08-11T23:50:11+09:00
카페,19326746,커피에반하다 시흥정왕점,음식점 > 카페 > 커피전문점 > 커피에반하다,일반카페,0,CE7,카페,031-8085-3708,경기 시흥시 정왕동 1359-6,경기 시흥시 경제로 137,126.711729123192,37.3352730622517,http://place.map.kakao.com/19326746,4139013200,경기도 시흥시 정왕동,경기도,시흥시,정왕동,,4139059200,경기도 시흥시 정왕2동,경기도,시흥시,정왕2동,2026-08-11T23:50:11+09:00
카페,1362135140,컴인920,음식점 > 카페,일반카페,0,CE7,카페,,경기 시흥시 정왕동 1728-1,경기 시흥시 서촌상가2길 10,126.733578061451,37.3472710068794,http://place.map.kakao.com/1362135140,4139013200,경기도 시흥시 정왕동,경기도,시흥시,정왕동,,4139059200,경기도 시흥시 정왕2동,경기도,시흥시,정왕2동,2026-08-11T23:50:11+09:00
카페,1505151111,프레고커피 시화점,음식점 > 카페,일반카페,0,CE7,카페,,경기 시흥시 정왕동 2166-4,경기 시흥시 희망공원로 269,126.72531942024966,37.34467157846146,http://place.map.kakao.com/1505151111,4139013200,경기도 시흥시 정왕동,경기도,시흥시,정왕동,,4139059200,경기도 시흥시 정왕2동,경기도,시흥시,정왕2동,2026-08-11T23:50:11+09:00
카페,1370716761,AM커피,음식점 > 카페 > 커피전문점,일반카페,0,CE7,카페,,경기 시흥시 정왕동 2165-2,경기 시흥시 산기대학로 77,126.720404849986,37.3485461937599,http://place.map.kakao.com/1370716761,4139013200,경기도 시흥시 정왕동,경기도,시흥시,정왕동,,4139059300,경기도 시흥시 정왕3동,경기도,시흥시,정왕3동,2026-08-11T23:50:11+09:00
카페,690961266,그레이핍플 오이도점,음식점 > 카페 > 그레이핍플,일반카페,0,CE7,카페,031-499-4311,경기 시흥시 정왕동 1972-7,경기 시흥시 오이도로 123-1,126.690482163805,37.3479166563885,http://place.map.kakao.com/690961266,4139013200,경기도 시흥시 정왕동,경기도,시흥시,정왕동,,4139059300,경기도 시흥시 정왕3동,경기도,시흥시,정왕3동,2026-08-11T23:50:11+09:00
카페,516540706,꿈꾸는다락방,음식점 > 카페,일반카페,0,CE7,카페,,경기 시흥시 정왕동 1994-15,경기 시흥시 오이도어시장로 23,126.690232289834,37.3447299740922,http://place.map.kakao.com/516540706,4139013200,경기도 시흥시 정왕동,경기도,시흥시,정왕동,,4139059300,경기도 시흥시 정왕3동,경기도,시흥시,정왕3동,2026-08-11T23:50:11+09:00
카페,1257868836,노리파크 정왕2호점,"가정,생활 > 유아 > 놀이시설 > 키즈카페",기타,0,CE7,카페,031-503-7466,경기 시흥시 정왕동 1857-7,경기 시흥시 옥구상가1길 17,126.721939736304,37.3534513932395,http://place.map.kakao.com/1257868836,4139013200,경기도 시흥시 정왕동,경기도,시흥시,정왕동,,4139059300,경기도 시흥시 정왕3동,경기도,시흥시,정왕3동,2026-08-11T23:50:11+09:00
카페,14733555,노을,음식점 > 카페 > 테마카페 > 라이브카페,기타,0,CE7,카페,,경기 시흥시 정왕동 2004-2,경기 시흥시 오이도어시장로 5,126.688388565286,37.3451936657283,http://place.map.kakao.com/14733555,4139013200,경기도 시흥시 정왕동,경기도,시흥시,정왕동,,4139059300,경기도 시흥시 정왕3동,경기도,시흥시,정왕3동,2026-08-11T23:50:11+09:00
카페,18377275,동키커피 본점,음식점 > 카페 > 커피전문점,일반카페,0,CE7,카페,031-503-3820,경기 시흥시 정왕동 2031-13,경기 시흥시 오이도로 223,126.68648242392986,37.34139170399526,http://place.map.kakao.com/18377275,4139013200,경기도 시흥시 정왕동,경기도,시흥시,정왕동,,4139059300,경기도 시흥시 정왕3동,경기도,시흥시,정왕3동,2026-08-11T23:50:11+09:00
카페,619417570,렛츠고 온열찜질카페,음식점 > 카페,일반카페,0,CE7,카페,,경기 시흥시 정왕동 1865,경기 시흥시 옥구천서로373번길 40,126.723837719031,37.3575861399025,http://place.map.kakao.com/619417570,4139013200,경기도 시흥시 정왕동,경기도,시흥시,정왕동,,4139059300,경기도 시흥시 정왕3동,경기도,시흥시,정왕3동,2026-08-11T23:50:11+09:00
카페,81701549,로아커피,음식점 > 카페,일반카페,0,CE7,카페,010-4572-3661,경기 시흥시 정왕동 2031-23,경기 시흥시 오이도로 207,126.686912144701,37.3425371458884,http://place.map.kakao.com/81701549,4139013200,경기도 시흥시 정왕동,경기도,시흥시,정왕동,,4139059300,경기도 시흥시 정왕3동,경기도,시흥시,정왕3동,2026-08-11T23:50:11+09:00
카페,950914165,메가MGC커피 시흥정왕점,음식점 > 카페 > 커피전문점 > 메가MGC커피,일반카페,0,CE7,카페,031-498-4055,경기 시흥시 정왕동 1861-3,경기 시흥시 정왕대로 64,126.72328469561411,37.35418617987622,http://place.map.kakao.com/950914165,4139013200,경기도 시흥시 정왕동,경기도,시흥시,정왕동,,4139059300,경기도 시흥시 정왕3동,경기도,시흥시,정왕3동,2026-08-11T23:50:11+09:00
카페,665193022,메가MGC커피 오이도점,음식점 > 카페 > 커피전문점 > 메가MGC커피,일반카페,0,CE7,카페,031-434-1002,경기 시흥시 정왕동 1978-3,경기 시흥시 오이도로 115,126.691424617866,37.347900196928,http://place.map.kakao.com/665193022,4139013200,경기도 시흥시 정왕동,경기도,시흥시,정왕동,,4139059300,경기도 시흥시 정왕3동,경기도,시흥시,정왕3동,2026-08-11T23:50:11+09:00
카페,1685872785,박물관카페아르떼,음식점 > 카페,일반카페,0,CE7,카페,,경기 시흥시 정왕동 2202-6,,126.690899848804,37.3355015989952,http://place.map.kakao.com/1685872785,4139013200,경기도 시흥시 정왕동,경기도,시흥시,정왕동,,4139059300,경기도 시흥시 정왕3동,경기도,시흥시,정왕3동,2026-08-11T23:50:11+09:00
카페,419497708,반디북카페,음식점 > 카페,일반카페,0,CE7,카페,,경기 시흥시 정왕동 1866-1,경기 시흥시 정왕대로53번길 38,126.726386656207,37.3575271894799,http://place.map.kakao.com/419497708,4139013200,경기도 시흥시 정왕동,경기도,시흥시,정왕동,,4139059300,경기도 시흥시 정왕3동,경기도,시흥시,정왕3동,2026-08-11T23:50:11+09:00
카페,1324116327,발도스커피 삼양스마트점,음식점 > 카페 > 발도스커피,일반카페,0,CE7,카페,,경기 시흥시 정왕동 1234-12,경기 시흥시 공단1대로 13,126.707731867399,37.3493535171121,http://place.map.kakao.com/1324116327,4139013200,경기도 시흥시 정왕동,경기도,시흥시,정왕동,,4139059300,경기도 시흥시 정왕3동,경기도,시흥시,정왕3동,2026-08-11T23:50:11+09:00
카페,1635112401,불란서다방,음식점 > 카페,일반카페,0,CE7,카페,031-431-2261,경기 시흥시 정왕동 2003-24,경기 시흥시 오이도로 165,126.68821981773746,37.34615551705006,http://place.map.kakao.com/1635112401,4139013200,경기도 시흥시 정왕동,경기도,시흥시,정왕동,,4139059300,경기도 시흥시 정왕3동,경기도,시흥시,정왕3동,2026-08-11T23:50:11+09:00
카페,12511448,빨간등대7080라이브카페,음식점 > 카페 > 테마카페 > 라이브카페,기타,0,CE7,카페,,경기 시흥시 정왕동 2003-12,경기 시흥시 오이도로 173,126.688062289472,37.3454955506627,http://place.map.kakao.com/12511448,4139013200,경기도 시흥시 정왕동,경기도,시흥시,정왕동,,4139059300,경기도 시흥시 정왕3동,경기도,시흥시,정왕3동,2026-08-11T23:50:11+09:00
카페,1956293880,빽다방 시흥메가폴리스점,음식점 > 카페 > 커피전문점 > 빽다방,일반카페,0,CE7,카페,010-7979-2623,경기 시흥시 정왕동 2164-2,경기 시흥시 협력로 281,126.715540163544,37.3516296207956,http://place.map.kakao.com/1956293880,4139013200,경기도 시흥시 정왕동,경기도,시흥시,정왕동,,4139059300,경기도 시흥시 정왕3동,경기도,시흥시,정왕3동,2026-08-11T23:50:11+09:00
카페,27153808,빽다방 시흥정왕옥구점,음식점 > 카페 > 커피전문점 > 빽다방,일반카페,0,CE7,카페,031-434-1255,경기 시흥시 정왕동 1861-6,경기 시흥시 옥구상가2길 3,126.72430917204963,37.35367408629041,http://place.map.kakao.com/27153808,4139013200,경기도 시흥시 정왕동,경기도,시흥시,정왕동,,4139059300,경기도 시흥시 정왕3동,경기도,시흥시,정왕3동,2026-08-11T23:50:11+09:00
카페,1197612750,샵앤플랫,음식점 > 카페 > 커피전문점,일반카페,0,CE7,카페,031-433-1486,경기 시흥시 정왕동 1974-14,경기 시흥시 오이도로135번길 5,126.689357251944,37.3478416257735,http://place.map.kakao.com/1197612750,4139013200,경기도 시흥시 정왕동,경기도,시흥시,정왕동,,4139059300,경기도 시흥시 정왕3동,경기도,시흥시,정왕3동,2026-08-11T23:50:11+09:00
카페,2023468008,셀레브르커피,음식점 > 카페,일반카페,0,CE7,카페,,경기 시흥시 정왕동 2030-12,경기 시흥시 오이도로 199,126.68713638557615,37.34316215051638,http://place.map.kakao.com/2023468008,4139013200,경기도 시흥시 정왕동,경기도,시흥시,정왕동,,4139059300,경기도 시흥시 정왕3동,경기도,시흥시,정왕3동,2026-08-11T23:50:11+09:00
카페,372333839,소솔드로잉카페 오이도점,음식점 > 카페,일반카페,0,CE7,카페,0507-1384-9743,경기 시흥시 정왕동 2036-16,경기 시흥시 오이도로 231-1,126.6874910227184,37.34118893841099,http://place.map.kakao.com/372333839,4139013200,경기도 시흥시 정왕동,경기도,시흥시,정왕동,,4139059300,경기도 시흥시 정왕3동,경기도,시흥시,정왕3동,2026-08-11T23:50:11+09:00
카페,2081751069,솔벤,음식점 > 카페,일반카페,0,CE7,카페,,경기 시흥시 정왕동 1858-6,경기 시흥시 옥구상가3길 23-5,126.722814618584,37.3537183480409,http://place.map.kakao.com/2081751069,4139013200,경기도 시흥시 정왕동,경기도,시흥시,정왕동,,4139059300,경기도 시흥시 정왕3동,경기도,시흥시,정왕3동,2026-08-11T23:50:11+09:00
카페,456902349,솜커피,음식점 > 카페 > 테마카페 > 무인카페,일반카페,0,CE7,카페,,경기 시흥시 정왕동 1942-2,경기 시흥시 정왕대로28번길 30,126.718298699424,37.354325783644,http://place.map.kakao.com/456902349,4139013200,경기도 시흥시 정왕동,경기도,시흥시,정왕동,,4139059300,경기도 시흥시 정왕3동,경기도,시흥시,정왕3동,2026-08-11T23:50:11+09:00
카페,338890724,스틸콩,음식점 > 카페 > 커피전문점,일반카페,0,CE7,카페,,경기 시흥시 정왕동 2212,경기 시흥시 오이도로 21,126.698662320207,37.3453716533447,http://place.map.kakao.com/338890724,4139013200,경기도 시흥시 정왕동,경기도,시흥시,정왕동,,4139059300,경기도 시흥시 정왕3동,경기도,시흥시,정왕3동,2026-08-11T23:50:11+09:00
카페,1874259605,아지트7080라이브,음식점 > 카페 > 테마카페 > 라이브카페,기타,0,CE7,카페,,경기 시흥시 정왕동 1855-16,경기 시흥시 중심상가로 52,126.723693908195,37.3518606878282,http://place.map.kakao.com/1874259605,4139013200,경기도 시흥시 정왕동,경기도,시흥시,정왕동,,4139059300,경기도 시흥시 정왕3동,경기도,시흥시,정왕3동,2026-08-11T23:50:11+09:00
카페,1696216383,앤나인,음식점 > 카페,일반카페,0,CE7,카페,,경기 시흥시 정왕동 1852-5,경기 시흥시 옥구상가4길 7,126.722014760836,37.3511647659164,http://place.map.kakao.com/1696216383,4139013200,경기도 시흥시 정왕동,경기도,시흥시,정왕동,,4139059300,경기도 시흥시 정왕3동,경기도,시흥시,정왕3동,2026-08-11T23:50:11+09:00
카페,1191024183,에스뜨레아,음식점 > 카페,일반카페,0,CE7,카페,,경기 시흥시 정왕동 1984-8,경기 시흥시 오이도중앙로5번길 14-13,126.69197882133123,37.34622843590408,http://place.map.kakao.com/1191024183,4139013200,경기도 시흥시 정왕동,경기도,시흥시,정왕동,,4139059300,경기도 시흥시 정왕3동,경기도,시흥시,정왕3동,2026-08-11T23:50:11+09:00
카페,1771549056,오드리커피,음식점 > 카페,일반카페,0,CE7,카페,,경기 시흥시 정왕동 1973-14,경기 시흥시 오이도로 153,126.688597281128,37.3471233121505,http://place.map.kakao.com/1771549056,4139013200,경기도 시흥시 정왕동,경기도,시흥시,정왕동,,4139059300,경기도 시흥시 정왕3동,경기도,시흥시,정왕3동,2026-08-11T23:50:11+09:00
카페,1387132282,오이도전망대카페,음식점 > 카페,일반카페,0,CE7,카페,,경기 시흥시 정왕동 1089-1,경기 시흥시 오이도로 97,126.693468087738,37.3471747774406,http://place.map.kakao.com/1387132282,4139013200,경기도 시흥시 정왕동,경기도,시흥시,정왕동,,4139059300,경기도 시흥시 정왕3동,경기도,시흥시,정왕3동,2026-08-11T23:50:11+09:00
카페,758296398,오이도카페 정서진,음식점 > 카페,일반카페,0,CE7,카페,0507-1432-5259,경기 시흥시 정왕동 1973-16,경기 시흥시 오이도로 151,126.68866407345008,37.34734694237777,http://place.map.kakao.com/758296398,4139013200,경기도 시흥시 정왕동,경기도,시흥시,정왕동,,4139059300,경기도 시흥시 정왕3동,경기도,시흥시,정왕3동,2026-08-11T23:50:11+09:00
카페,1995494153,옥구공원카페,음식점 > 카페,일반카페,0,CE7,카페,,경기 시흥시 정왕동 2138,경기 시흥시 서해안로 277,126.71243689098455,37.35444412984814,http://place.map.kakao.com/1995494153,4139013200,경기도 시흥시 정왕동,경기도,시흥시,정왕동,,4139059300,경기도 시흥시 정왕3동,경기도,시흥시,정왕3동,2026-08-11T23:50:11+09:00
카페,1669049791,우지커피 시흥시화점,음식점 > 카페 > 커피전문점 > 우지커피,일반카페,0,CE7,카페,070-7537-3916,경기 시흥시 정왕동 1861-3,경기 시흥시 정왕대로 64,126.723529387131,37.3542507248336,http://place.map.kakao.com/1669049791,4139013200,경기도 시흥시 정왕동,경기도,시흥시,정왕동,,4139059300,경기도 시흥시 정왕3동,경기도,시흥시,정왕3동,2026-08-11T23:50:11+09:00
카페,25415463,은행옆커피집,음식점 > 카페 > 커피전문점,일반카페,0,CE7,카페,031-8041-9078,경기 시흥시 정왕동 2211,경기 시흥시 서해안로 81-44,126.697372867291,37.3427157395297,http://place.map.kakao.com/25415463,4139013200,경기도 시흥시 정왕동,경기도,시흥시,정왕동,,4139059300,경기도 시흥시 정왕3동,경기도,시흥시,정왕3동,2026-08-11T23:50:11+09:00
카페,170555887,이디야커피 오이도빨간등대점,음식점 > 카페 > 커피전문점 > 이디야커피,일반카페,0,CE7,카페,010-9311-8749,경기 시흥시 정왕동 2030-15,경기 시흥시 오이도로 195,126.687257933603,37.3435147732488,http://place.map.kakao.com/170555887,4139013200,경기도 시흥시 정왕동,경기도,시흥시,정왕동,,4139059300,경기도 시흥시 정왕3동,경기도,시흥시,정왕3동,2026-08-11T23:50:11+09:00
카페,902131354,이디야커피 오이도점,음식점 > 카페 > 커피전문점 > 이디야커피,일반카페,0,CE7,카페,031-319-6077,경기 시흥시 정왕동 1978-1,경기 시흥시 오이도로 119,126.69109938700376,37.34794710251235,http://place.map.kakao.com/902131354,4139013200,경기도 시흥시 정왕동,경기도,시흥시,정왕동,,4139059300,경기도 시흥시 정왕3동,경기도,시흥시,정왕3동,2026-08-11T23:50:11+09:00
카페,765590660,쥬씨 시화병원점,음식점 > 카페 > 생과일전문점 > 쥬씨,일반카페,0,CE7,카페,,경기 시흥시 정왕동 1861-6,경기 시흥시 옥구상가2길 3,126.72441733469965,37.35372659781227,http://place.map.kakao.com/765590660,4139013200,경기도 시흥시 정왕동,경기도,시흥시,정왕동,,4139059300,경기도 시흥시 정왕3동,경기도,시흥시,정왕3동,2026-08-11T23:50:11+09:00
카페,857776356,카페251,음식점 > 카페,일반카페,0,CE7,카페,031-433-9593,경기 시흥시 정왕동 2042-14,경기 시흥시 오이도로 251,126.689508716085,37.340659040988,http://place.map.kakao.com/857776356,4139013200,경기도 시흥시 정왕동,경기도,시흥시,정왕동,,4139059300,경기도 시흥시 정왕3동,경기도,시흥시,정왕3동,2026-08-11T23:50:11+09:00
카페,1310299531,카페델루즈,음식점 > 카페,일반카페,0,CE7,카페,031-498-8777,경기 시흥시 정왕동 1866-6,경기 시흥시 옥구천서로373번길 8,126.726879755321,37.3557037527838,http://place.map.kakao.com/1310299531,4139013200,경기도 시흥시 정왕동,경기도,시흥시,정왕동,,4139059300,경기도 시흥시 정왕3동,경기도,시흥시,정왕3동,2026-08-11T23:50:11+09:00
카페,1445838253,카페뜨락,음식점 > 카페,일반카페,0,CE7,카페,,경기 시흥시 정왕동 2164-2,경기 시흥시 협력로 281,126.71581630309572,37.35173119939591,http://place.map.kakao.com/1445838253,4139013200,경기도 시흥시 정왕동,경기도,시흥시,정왕동,,4139059300,경기도 시흥시 정왕3동,경기도,시흥시,정왕3동,2026-08-11T23:50:11+09:00
카페,1152587859,카페로지,음식점 > 카페,일반카페,0,CE7,카페,,경기 시흥시 정왕동 1855-10,경기 시흥시 옥구상가4길 16-2,126.721984125784,37.3518206408443,http://place.map.kakao.com/1152587859,4139013200,경기도 시흥시 정왕동,경기도,시흥시,정왕동,,4139059300,경기도 시흥시 정왕3동,경기도,시흥시,정왕3동,2026-08-11T23:50:11+09:00
카페,762639947,카페루나,음식점 > 카페,일반카페,0,CE7,카페,,경기 시흥시 정왕동 1852-1,경기 시흥시 옥구상가1길 37,126.720671745898,37.3520554200685,http://place.map.kakao.com/762639947,4139013200,경기도 시흥시 정왕동,경기도,시흥시,정왕동,,4139059300,경기도 시흥시 정왕3동,경기도,시흥시,정왕3동,2026-08-11T23:50:11+09:00
카페,1387566682,카페민,음식점 > 카페,일반카페,0,CE7,카페,,경기 시흥시 정왕동 2006-17,경기 시흥시 오이도로 185,126.687601787841,37.3444167081346,http://place.map.kakao.com/1387566682,4139013200,경기도 시흥시 정왕동,경기도,시흥시,정왕동,,4139059300,경기도 시흥시 정왕3동,경기도,시흥시,정왕3동,2026-08-11T23:50:11+09:00
카페,1067441933,카페봄봄 오이도점,음식점 > 카페 > 커피전문점 > 카페봄봄,일반카페,0,CE7,카페,031-488-9322,경기 시흥시 정왕동 2023-6,경기 시흥시 오이도2길 28,126.689828852927,37.3421177421578,http://place.map.kakao.com/1067441933,4139013200,경기도 시흥시 정왕동,경기도,시흥시,정왕동,,4139059300,경기도 시흥시 정왕3동,경기도,시흥시,정왕3동,2026-08-11T23:50:11+09:00
카페,1097071278,카페오클락,음식점 > 카페,일반카페,0,CE7,카페,031-499-4310,경기 시흥시 정왕동 1972-7,경기 시흥시 오이도로 123-1,126.69046541982608,37.34787156129474,http://place.map.kakao.com/1097071278,4139013200,경기도 시흥시 정왕동,경기도,시흥시,정왕동,,4139059300,경기도 시흥시 정왕3동,경기도,시흥시,정왕3동,2026-08-11T23:50:11+09:00
카페,873314655,카페인24 시흥한일점,음식점 > 카페 > 테마카페 > 무인카페 > 카페인24,일반카페,0,CE7,카페,,경기 시흥시 정왕동 1865,경기 시흥시 정왕대로53번길 31,126.725286939564,37.3576129410777,http://place.map.kakao.com/873314655,4139013200,경기도 시흥시 정왕동,경기도,시흥시,정왕동,,4139059300,경기도 시흥시 정왕3동,경기도,시흥시,정왕3동,2026-08-11T23:50:11+09:00
카페,740187,카페인중독 시흥정왕점,음식점 > 카페 > 커피전문점 > 카페인중독,일반카페,0,CE7,카페,031-520-4777,경기 시흥시 정왕동 1858-1,경기 시흥시 옥구상가3길 17,126.72339921121763,37.35373773692984,http://place.map.kakao.com/740187,4139013200,경기도 시흥시 정왕동,경기도,시흥시,정왕동,,4139059300,경기도 시흥시 정왕3동,경기도,시흥시,정왕3동,2026-08-11T23:50:11+09:00
카페,1682361729,카페일분 시흥정왕점,음식점 > 카페 > 테마카페 > 무인카페 > 카페일분,일반카페,0,CE7,카페,,경기 시흥시 정왕동 1940-2,경기 시흥시 정왕대로27번길 11,126.721561757732,37.3576934325865,http://place.map.kakao.com/1682361729,4139013200,경기도 시흥시 정왕동,경기도,시흥시,정왕동,,4139059300,경기도 시흥시 정왕3동,경기도,시흥시,정왕3동,2026-08-11T23:50:11+09:00
카페,1806006632,카페커푸,음식점 > 카페,일반카페,0,CE7,카페,031-431-1315,경기 시흥시 정왕동 1978-9,경기 시흥시 오이도로 107,126.692440981495,37.3477487682367,http://place.map.kakao.com/1806006632,4139013200,경기도 시흥시 정왕동,경기도,시흥시,정왕동,,4139059300,경기도 시흥시 정왕3동,경기도,시흥시,정왕3동,2026-08-11T23:50:11+09:00
카페,1649134315,커피나는바다,음식점 > 카페,일반카페,0,CE7,카페,,경기 시흥시 정왕동 1973-21,경기 시흥시 오이도로 145,126.688865036495,37.3478763732752,http://place.map.kakao.com/1649134315,4139013200,경기도 시흥시 정왕동,경기도,시흥시,정왕동,,4139059300,경기도 시흥시 정왕3동,경기도,시흥시,정왕3동,2026-08-11T23:50:11+09:00
카페,265423805,커피베이 오이도점,음식점 > 카페 > 커피전문점 > 커피베이,일반카페,0,CE7,카페,031-496-0530,경기 시흥시 정왕동 1978-11,경기 시흥시 옥터로 4,126.69264048422356,37.347535743591315,http://place.map.kakao.com/265423805,4139013200,경기도 시흥시 정왕동,경기도,시흥시,정왕동,,4139059300,경기도 시흥시 정왕3동,경기도,시흥시,정왕3동,2026-08-11T23:50:11+09:00
카페,1638056153,커피쿡 정왕배곧점,음식점 > 카페,일반카페,0,CE7,카페,,경기 시흥시 정왕동 1855-4,경기 시흥시 중심상가로 38,126.722373785836,37.3526667182546,http://place.map.kakao.com/1638056153,4139013200,경기도 시흥시 정왕동,경기도,시흥시,정왕동,,4139059300,경기도 시흥시 정왕3동,경기도,시흥시,정왕3동,2026-08-11T23:50:11+09:00
카페,628595018,컴포즈커피 시흥옥구점,음식점 > 카페 > 커피전문점 > 컴포즈커피,일반카페,0,CE7,카페,031-498-0915,경기 시흥시 정왕동 1861-3,경기 시흥시 정왕대로 64,126.723230346384,37.3542329060591,http://place.map.kakao.com/628595018,4139013200,경기도 시흥시 정왕동,경기도,시흥시,정왕동,,4139059300,경기도 시흥시 정왕3동,경기도,시흥시,정왕3동,2026-08-11T23:50:11+09:00
카페,122620375,컴포즈커피 오이도빨강등대점,음식점 > 카페 > 커피전문점 > 컴포즈커피,일반카페,0,CE7,카페,031-8042-5777,경기 시흥시 정왕동 2006-22,경기 시흥시 오이도로 179,126.68785333774532,37.34499042484194,http://place.map.kakao.com/122620375,4139013200,경기도 시흥시 정왕동,경기도,시흥시,정왕동,,4139059300,경기도 시흥시 정왕3동,경기도,시흥시,정왕3동,2026-08-11T23:50:11+09:00
카페,1886667693,투슬로우커피,음식점 > 카페,일반카페,0,CE7,카페,010-5583-5714,경기 시흥시 정왕동 2036-19,경기 시흥시 오이도로 229,126.68707872625797,37.341283357448916,http://place.map.kakao.com/1886667693,4139013200,경기도 시흥시 정왕동,경기도,시흥시,정왕동,,4139059300,경기도 시흥시 정왕3동,경기도,시흥시,정왕3동,2026-08-11T23:50:11+09:00
카페,717075767,투썸플레이스 오이도씨하이호텔점,음식점 > 카페 > 커피전문점 > 투썸플레이스,일반카페,0,CE7,카페,031-319-0048,경기 시흥시 정왕동 2031-5,경기 시흥시 오이도로135번길 72,126.68687654231029,37.34214240200175,http://place.map.kakao.com/717075767,4139013200,경기도 시흥시 정왕동,경기도,시흥시,정왕동,,4139059300,경기도 시흥시 정왕3동,경기도,시흥시,정왕3동,2026-08-11T23:50:11+09:00
카페,718845111,하삼동커피 시흥정왕점,음식점 > 카페 > 커피전문점 > 하삼동커피,일반카페,0,CE7,카페,070-7543-1127,경기 시흥시 정왕동 1861-1,경기 시흥시 정왕대로 56,126.72281732006105,37.35451846511083,http://place.map.kakao.com/718845111,4139013200,경기도 시흥시 정왕동,경기도,시흥시,정왕동,,4139059300,경기도 시흥시 정왕3동,경기도,시흥시,정왕3동,2026-08-11T23:50:11+09:00
카페,21214402,할리스 스틸랜드점,음식점 > 카페 > 커피전문점 > 할리스,일반카페,0,CE7,카페,070-8802-8041,경기 시흥시 정왕동 2210,경기 시흥시 오이도로 21,126.701461533771,37.3464203368588,http://place.map.kakao.com/21214402,4139013200,경기도 시흥시 정왕동,경기도,시흥시,정왕동,,4139059300,경기도 시흥시 정왕3동,경기도,시흥시,정왕3동,2026-08-11T23:50:11+09:00
카페,41029048,헤이오,음식점 > 카페,일반카페,0,CE7,카페,,경기 시흥시 정왕동 2036-18,경기 시흥시 오이도로 229-1,126.687217699305,37.3412431787539,http://place.map.kakao.com/41029048,4139013200,경기도 시흥시 정왕동,경기도,시흥시,정왕동,,4139059300,경기도 시흥시 정왕3동,경기도,시흥시,정왕3동,2026-08-11T23:50:11+09:00
카페,1688147718,고망고 시흥정왕점,음식점 > 카페 > 생과일전문점 > 고망고,일반카페,0,CE7,카페,,경기 시흥시 정왕동 1882-4,경기 시흥시 함송로 24,126.73059692510522,37.36320429934339,http://place.map.kakao.com/1688147718,4139013200,경기도 시흥시 정왕동,경기도,시흥시,정왕동,,4139059400,경기도 시흥시 정왕4동,경기도,시흥시,정왕4동,2026-08-11T23:50:11+09:00
카페,1035972290,나우커피 시흥오이도역점,음식점 > 카페,일반카페,0,CE7,카페,,경기 시흥시 정왕동 1877-3,경기 시흥시 역전로 427,126.736796886831,37.3627695477833,http://place.map.kakao.com/1035972290,4139013200,경기도 시흥시 정왕동,경기도,시흥시,정왕동,,4139059400,경기도 시흥시 정왕4동,경기도,시흥시,정왕4동,2026-08-11T23:50:11+09:00
카페,1111507670,남영댁커피24 정왕점,음식점 > 카페 > 테마카페 > 무인카페 > 남영댁커피24,일반카페,0,CE7,카페,0507-1416-0352,경기 시흥시 정왕동 1884-6,경기 시흥시 함송로14번길 5-10,126.730093133049,37.3629814988162,http://place.map.kakao.com/1111507670,4139013200,경기도 시흥시 정왕동,경기도,시흥시,정왕동,,4139059400,경기도 시흥시 정왕4동,경기도,시흥시,정왕4동,2026-08-11T23:50:11+09:00
카페,1106012979,더150 무인카페 시흥정왕점,음식점 > 카페,일반카페,0,CE7,카페,,경기 시흥시 정왕동 1876-2,경기 시흥시 함송로 38,126.73186976716278,37.362389061328486,http://place.map.kakao.com/1106012979,4139013200,경기도 시흥시 정왕동,경기도,시흥시,정왕동,,4139059400,경기도 시흥시 정왕4동,경기도,시흥시,정왕4동,2026-08-11T23:50:11+09:00
카페,621372276,메가MGC커피 시흥함송점,음식점 > 카페 > 커피전문점 > 메가MGC커피,일반카페,0,CE7,카페,031-499-7332,경기 시흥시 정왕동 1881-9,경기 시흥시 함송로 21,126.73057805344703,37.363746673001444,http://place.map.kakao.com/621372276,4139013200,경기도 시흥시 정왕동,경기도,시흥시,정왕동,,4139059400,경기도 시흥시 정왕4동,경기도,시흥시,정왕4동,2026-08-11T23:50:11+09:00
카페,1549053275,빽다방 시흥세종프라자점,음식점 > 카페 > 커피전문점 > 빽다방,일반카페,0,CE7,카페,0507-1371-0218,경기 시흥시 정왕동 1882-5,경기 시흥시 함송로 24,126.73056101202062,37.363145650956746,http://place.map.kakao.com/1549053275,4139013200,경기도 시흥시 정왕동,경기도,시흥시,정왕동,,4139059400,경기도 시흥시 정왕4동,경기도,시흥시,정왕4동,2026-08-11T23:50:11+09:00
카페,349471465,우지커피 시흥함송점,음식점 > 카페 > 커피전문점 > 우지커피,일반카페,0,CE7,카페,031-432-0624,경기 시흥시 정왕동 1881-11,경기 시흥시 함송로 15,126.73025905093428,37.36393335899992,http://place.map.kakao.com/349471465,4139013200,경기도 시흥시 정왕동,경기도,시흥시,정왕동,,4139059400,경기도 시흥시 정왕4동,경기도,시흥시,정왕4동,2026-08-11T23:50:11+09:00
카페,20036879,점핑스타,"가정,생활 > 유아 > 놀이시설 > 키즈카페",기타,0,CE7,카페,031-433-6555,경기 시흥시 정왕동 1883-3,경기 시흥시 함송로14번길 13-5,126.72899795976602,37.363038462308594,http://place.map.kakao.com/20036879,4139013200,경기도 시흥시 정왕동,경기도,시흥시,정왕동,,4139059400,경기도 시흥시 정왕4동,경기도,시흥시,정왕4동,2026-08-11T23:50:11+09:00
카페,515091630,카페적정온도,음식점 > 카페 > 테마카페 > 무인카페,일반카페,0,CE7,카페,0504-2543-9820,경기 시흥시 정왕동 1877-5,경기 시흥시 함송로 61,126.734153041999,37.3615247263337,http://place.map.kakao.com/515091630,4139013200,경기도 시흥시 정왕동,경기도,시흥시,정왕동,,4139059400,경기도 시흥시 정왕4동,경기도,시흥시,정왕4동,2026-08-11T23:50:11+09:00
카페,2027102235,카페프리헷 시흥정왕점,음식점 > 카페 > 테마카페 > 무인카페 > 카페프리헷,일반카페,0,CE7,카페,0507-1313-9419,경기 시흥시 정왕동 1886-4,경기 시흥시 정왕신길로49번길 19,126.727315789963,37.3596638632643,http://place.map.kakao.com/2027102235,4139013200,경기도 시흥시 정왕동,경기도,시흥시,정왕동,,4139059400,경기도 시흥시 정왕4동,경기도,시흥시,정왕4동,2026-08-11T23:50:11+09:00
카페,1984441848,커피베이 시흥정왕점,음식점 > 카페 > 커피전문점 > 커피베이,일반카페,0,CE7,카페,,경기 시흥시 정왕동 1885-6,경기 시흥시 함송로14번길 13-10,126.729104472488,37.3626125217599,http://place.map.kakao.com/1984441848,4139013200,경기도 시흥시 정왕동,경기도,시흥시,정왕동,,4139059400,경기도 시흥시 정왕4동,경기도,시흥시,정왕4동,2026-08-11T23:50:11+09:00
카페,1526753734,커피에반하다 시흥함송로점,음식점 > 카페 > 커피전문점 > 커피에반하다,일반카페,0,CE7,카페,031-488-9772,경기 시흥시 정왕동 1882-2,경기 시흥시 함송로 18,126.72994876047584,37.36357854844455,http://place.map.kakao.com/1526753734,4139013200,경기도 시흥시 정왕동,경기도,시흥시,정왕동,,4139059400,경기도 시흥시 정왕4동,경기도,시흥시,정왕4동,2026-08-11T23:50:11+09:00
카페,328648801,고고점프 배곧신도시점,"가정,생활 > 유아 > 놀이시설 > 키즈카페",기타,0,CE7,카페,031-365-5215,경기 시흥시 배곧동 127,경기 시흥시 배곧4로 32-17,126.726576191854,37.3771519232563,http://place.map.kakao.com/328648801,4139013500,경기도 시흥시 배곧동,경기도,시흥시,배곧동,,4139059600,경기도 시흥시 배곧1동,경기도,시흥시,배곧1동,2026-08-11T23:50:11+09:00
카페,61314558,공차 신세계아울렛시흥점,음식점 > 카페 > 공차,일반카페,0,CE7,카페,031-8072-3111,경기 시흥시 배곧동 36,경기 시흥시 서해안로 699,126.73800140834176,37.37963307102596,http://place.map.kakao.com/61314558,4139013500,경기도 시흥시 배곧동,경기도,시흥시,배곧동,,4139059600,경기도 시흥시 배곧1동,경기도,시흥시,배곧1동,2026-08-11T23:50:11+09:00
카페,2037181765,그때소리지른사람은접니다,음식점 > 카페 > 테마카페 > 무인카페,일반카페,0,CE7,카페,,경기 시흥시 배곧동 117,경기 시흥시 배곧4로 6,126.725375286195,37.3785907760323,http://place.map.kakao.com/2037181765,4139013500,경기도 시흥시 배곧동,경기도,시흥시,배곧동,,4139059600,경기도 시흥시 배곧1동,경기도,시흥시,배곧1동,2026-08-11T23:50:11+09:00
카페,1059099335,나우커피,음식점 > 카페 > 테마카페 > 무인카페,일반카페,0,CE7,카페,,경기 시흥시 배곧동 58,경기 시흥시 배곧4로 81-13,126.73281110852042,37.375468647256604,http://place.map.kakao.com/1059099335,4139013500,경기도 시흥시 배곧동,경기도,시흥시,배곧동,,4139059600,경기도 시흥시 배곧1동,경기도,시흥시,배곧1동,2026-08-11T23:50:11+09:00
카페,1398603093,나우커피,음식점 > 카페 > 커피전문점,일반카페,0,CE7,카페,,경기 시흥시 배곧동 139,경기 시흥시 배곧3로 27-8,126.726560169942,37.3756561892163,http://place.map.kakao.com/1398603093,4139013500,경기도 시흥시 배곧동,경기도,시흥시,배곧동,,4139059600,경기도 시흥시 배곧1동,경기도,시흥시,배곧1동,2026-08-11T23:50:11+09:00
카페,1855991266,다다티하우스 1호점,음식점 > 카페,일반카페,0,CE7,카페,,경기 시흥시 배곧동 18-7,경기 시흥시 배곧5로 78,126.73585740215105,37.3824953530771,http://place.map.kakao.com/1855991266,4139013500,경기도 시흥시 배곧동,경기도,시흥시,배곧동,,4139059600,경기도 시흥시 배곧1동,경기도,시흥시,배곧1동,2026-08-11T23:50:11+09:00
카페,786953711,당신이바리스타,음식점 > 카페,일반카페,0,CE7,카페,,경기 시흥시 배곧동 132,경기 시흥시 배곧4로 32-29,126.725218666225,37.3778840110077,http://place.map.kakao.com/786953711,4139013500,경기도 시흥시 배곧동,경기도,시흥시,배곧동,,4139059600,경기도 시흥시 배곧1동,경기도,시흥시,배곧1동,2026-08-11T23:50:11+09:00
카페,566540511,댕동산,음식점 > 카페 > 테마카페 > 애견카페,기타,0,CE7,카페,070-8872-5959,경기 시흥시 배곧동 18-7,경기 시흥시 배곧5로 78,126.73584426361637,37.382378190929266,http://place.map.kakao.com/566540511,4139013500,경기도 시흥시 배곧동,경기도,시흥시,배곧동,,4139059600,경기도 시흥시 배곧1동,경기도,시흥시,배곧1동,2026-08-11T23:50:11+09:00
카페,985959160,더벤티 배곧성당점,음식점 > 카페 > 커피전문점 > 더벤티,일반카페,0,CE7,카페,070-7576-4430,경기 시흥시 배곧동 18-3,경기 시흥시 배곧5로 66-7,126.73467866518787,37.38215483136478,http://place.map.kakao.com/985959160,4139013500,경기도 시흥시 배곧동,경기도,시흥시,배곧동,,4139059600,경기도 시흥시 배곧1동,경기도,시흥시,배곧1동,2026-08-11T23:50:11+09:00
카페,1063479070,더좋은날,음식점 > 카페,일반카페,0,CE7,카페,031-431-8729,경기 시흥시 배곧동 117,경기 시흥시 배곧4로 6,126.72533524799516,37.378423993993394,http://place.map.kakao.com/1063479070,4139013500,경기도 시흥시 배곧동,경기도,시흥시,배곧동,,4139059600,경기도 시흥시 배곧1동,경기도,시흥시,배곧1동,2026-08-11T23:50:11+09:00
카페,418591265,라레랑,음식점 > 카페 > 테마카페 > 애견카페,기타,0,CE7,카페,0503-7150-9639,경기 시흥시 배곧동 131,경기 시흥시 배곧4로 32-27,126.725562608958,37.3776892878411,http://place.map.kakao.com/418591265,4139013500,경기도 시흥시 배곧동,경기도,시흥시,배곧동,,4139059600,경기도 시흥시 배곧1동,경기도,시흥시,배곧1동,2026-08-11T23:50:11+09:00
카페,144350779,롤플레이 배곧점,"가정,생활 > 유아 > 놀이시설 > 키즈카페",기타,0,CE7,카페,,경기 시흥시 배곧동 18-7,경기 시흥시 배곧5로 78,126.73580695539,37.3823916229217,http://place.map.kakao.com/144350779,4139013500,경기도 시흥시 배곧동,경기도,시흥시,배곧동,,4139059600,경기도 시흥시 배곧1동,경기도,시흥시,배곧1동,2026-08-11T23:50:11+09:00
카페,65264629,메가MGC커피 배곧고점,음식점 > 카페 > 커피전문점 > 메가MGC커피,일반카페,0,CE7,카페,031-434-0730,경기 시흥시 배곧동 73,경기 시흥시 배곧4로 87,126.73346147545776,37.37449701029986,http://place.map.kakao.com/65264629,4139013500,경기도 시흥시 배곧동,경기도,시흥시,배곧동,,4139059600,경기도 시흥시 배곧1동,경기도,시흥시,배곧1동,2026-08-11T23:50:11+09:00
카페,900006877,메가MGC커피 배곧이지더원점,음식점 > 카페 > 커피전문점 > 메가MGC커피,일반카페,0,CE7,카페,031-319-2282,경기 시흥시 배곧동 14,경기 시흥시 해송십리로 472-12,126.72994045940837,37.383529877099285,http://place.map.kakao.com/900006877,4139013500,경기도 시흥시 배곧동,경기도,시흥시,배곧동,,4139059600,경기도 시흥시 배곧1동,경기도,시흥시,배곧1동,2026-08-11T23:50:11+09:00
카페,343590331,메가MGC커피 시흥배곧에스케이뷰점,음식점 > 카페 > 커피전문점 > 메가MGC커피,일반카페,0,CE7,카페,031-365-3578,경기 시흥시 배곧동 135,경기 시흥시 배곧3로 27-7,126.72514779936,37.3747176540496,http://place.map.kakao.com/343590331,4139013500,경기도 시흥시 배곧동,경기도,시흥시,배곧동,,4139059600,경기도 시흥시 배곧1동,경기도,시흥시,배곧1동,2026-08-11T23:50:11+09:00
카페,431594454,메가MGC커피 시흥배곧타운점,음식점 > 카페 > 커피전문점 > 메가MGC커피,일반카페,0,CE7,카페,031-499-2075,경기 시흥시 배곧동 119,경기 시흥시 배곧4로 32-28,126.725969321933,37.37792990278645,http://place.map.kakao.com/431594454,4139013500,경기도 시흥시 배곧동,경기도,시흥시,배곧동,,4139059600,경기도 시흥시 배곧1동,경기도,시흥시,배곧1동,2026-08-11T23:50:11+09:00
카페,119261827,배곧마루카페,음식점 > 카페,일반카페,0,CE7,카페,,경기 시흥시 배곧동 187,경기 시흥시 배곧2로 25,126.72150239958668,37.37131227059781,http://place.map.kakao.com/119261827,4139013500,경기도 시흥시 배곧동,경기도,시흥시,배곧동,,4139059600,경기도 시흥시 배곧1동,경기도,시흥시,배곧1동,2026-08-11T23:50:11+09:00
카페,1271028154,배곧아띠,음식점 > 카페 > 커피전문점,일반카페,0,CE7,카페,031-431-7942,경기 시흥시 배곧동 133,경기 시흥시 배곧4로 32-33,126.72476875235537,37.37803433651617,http://place.map.kakao.com/1271028154,4139013500,경기도 시흥시 배곧동,경기도,시흥시,배곧동,,4139059600,경기도 시흥시 배곧1동,경기도,시흥시,배곧1동,2026-08-11T23:50:11+09:00
카페,241224738,백억커피 시흥배곧점,음식점 > 카페 > 커피전문점 > 백억커피,일반카페,0,CE7,카페,031-8042-2665,경기 시흥시 배곧동 77,경기 시흥시 배곧4로 103,126.73475638535903,37.37387280960319,http://place.map.kakao.com/241224738,4139013500,경기도 시흥시 배곧동,경기도,시흥시,배곧동,,4139059600,경기도 시흥시 배곧1동,경기도,시흥시,배곧1동,2026-08-11T23:50:11+09:00
카페,1469527943,브런치카페 다합,음식점 > 카페,일반카페,0,CE7,카페,031-319-2219,경기 시흥시 배곧동 114-1,경기 시흥시 배곧전원로 50-3,126.73058535852572,37.37717283744398,http://place.map.kakao.com/1469527943,4139013500,경기도 시흥시 배곧동,경기도,시흥시,배곧동,,4139059600,경기도 시흥시 배곧1동,경기도,시흥시,배곧1동,2026-08-11T23:50:11+09:00
카페,863136237,빈슬로우,음식점 > 카페,일반카페,0,CE7,카페,0507-1303-7384,경기 시흥시 배곧동 124,경기 시흥시 배곧4로 30,126.727495675129,37.3773423590754,http://place.map.kakao.com/863136237,4139013500,경기도 시흥시 배곧동,경기도,시흥시,배곧동,,4139059600,경기도 시흥시 배곧1동,경기도,시흥시,배곧1동,2026-08-11T23:50:11+09:00
카페,952838489,빽다방 시흥배곧도서관점,음식점 > 카페 > 커피전문점 > 빽다방,일반카페,0,CE7,카페,070-4070-0174,경기 시흥시 배곧동 76,경기 시흥시 배곧4로 99,126.73421650029576,37.37393647122565,http://place.map.kakao.com/952838489,4139013500,경기도 시흥시 배곧동,경기도,시흥시,배곧동,,4139059600,경기도 시흥시 배곧1동,경기도,시흥시,배곧1동,2026-08-11T23:50:11+09:00
카페,1318671572,빽다방 시흥배곧타운점,음식점 > 카페 > 커피전문점 > 빽다방,일반카페,0,CE7,카페,031-499-9328,경기 시흥시 배곧동 124,경기 시흥시 배곧4로 30,126.72750294810363,37.37720451944945,http://place.map.kakao.com/1318671572,4139013500,경기도 시흥시 배곧동,경기도,시흥시,배곧동,,4139059600,경기도 시흥시 배곧1동,경기도,시흥시,배곧1동,2026-08-11T23:50:11+09:00
카페,1122000384,스타벅스 시흥P.아울렛3F점,음식점 > 카페 > 커피전문점 > 스타벅스,일반카페,0,CE7,카페,1522-3232,경기 시흥시 배곧동 36,경기 시흥시 서해안로 699,126.73640841381007,37.3799151551952,http://place.map.kakao.com/1122000384,4139013500,경기도 시흥시 배곧동,경기도,시흥시,배곧동,,4139059600,경기도 시흥시 배곧1동,경기도,시흥시,배곧1동,2026-08-11T23:50:11+09:00
카페,153614414,스타벅스 시흥프리미엄아울렛 1층점,음식점 > 카페 > 커피전문점 > 스타벅스,일반카페,0,CE7,카페,1522-3232,경기 시흥시 배곧동 36,경기 시흥시 서해안로 699,126.73578515489838,37.3792722367682,http://place.map.kakao.com/153614414,4139013500,경기도 시흥시 배곧동,경기도,시흥시,배곧동,,4139059600,경기도 시흥시 배곧1동,경기도,시흥시,배곧1동,2026-08-11T23:50:11+09:00
카페,842374972,스테이커피 시흥배곧점,음식점 > 카페 > 테마카페 > 무인카페,일반카페,0,CE7,카페,0503-7151-7499,경기 시흥시 배곧동 5,경기 시흥시 해송십리로 472-11,126.73108390702711,37.38331803968309,http://place.map.kakao.com/842374972,4139013500,경기도 시흥시 배곧동,경기도,시흥시,배곧동,,4139059600,경기도 시흥시 배곧1동,경기도,시흥시,배곧1동,2026-08-11T23:50:11+09:00
카페,818481969,시간의선물,음식점 > 카페 > 테마카페 > 디저트카페,일반카페,0,CE7,카페,031-432-3566,경기 시흥시 배곧동 126,경기 시흥시 배곧4로 32-13,126.726884008481,37.3769544096187,http://place.map.kakao.com/818481969,4139013500,경기도 시흥시 배곧동,경기도,시흥시,배곧동,,4139059600,경기도 시흥시 배곧1동,경기도,시흥시,배곧1동,2026-08-11T23:50:11+09:00
카페,1780039577,아이엘피컴퍼니,음식점 > 카페,일반카페,0,CE7,카페,,경기 시흥시 배곧동 131,경기 시흥시 배곧4로 32-27,126.725562608959,37.3776892878322,http://place.map.kakao.com/1780039577,4139013500,경기도 시흥시 배곧동,경기도,시흥시,배곧동,,4139059600,경기도 시흥시 배곧1동,경기도,시흥시,배곧1동,2026-08-11T23:50:11+09:00
카페,699463534,에스프레소 셈,음식점 > 카페 > 커피전문점,일반카페,0,CE7,카페,010-9392-4559,경기 시흥시 배곧동 132,경기 시흥시 배곧4로 32-29,126.725215308668,37.3778758940083,http://place.map.kakao.com/699463534,4139013500,경기도 시흥시 배곧동,경기도,시흥시,배곧동,,4139059600,경기도 시흥시 배곧1동,경기도,시흥시,배곧1동,2026-08-11T23:50:11+09:00
카페,228074480,영커피 시흥배곧시니어타운점,음식점 > 카페 > 커피전문점 > 영커피,일반카페,0,CE7,카페,,경기 시흥시 배곧동 18-15,경기 시흥시 배곧5로 66-10,126.735154191427,37.3817864783884,http://place.map.kakao.com/228074480,4139013500,경기도 시흥시 배곧동,경기도,시흥시,배곧동,,4139059600,경기도 시흥시 배곧1동,경기도,시흥시,배곧1동,2026-08-11T23:50:11+09:00
카페,1636729793,오감그리다 배곧점,"가정,생활 > 유아 > 놀이시설 > 키즈카페",기타,0,CE7,카페,010-2419-2705,경기 시흥시 배곧동 127,경기 시흥시 배곧4로 32-17,126.726549238914,37.3771122159645,http://place.map.kakao.com/1636729793,4139013500,경기도 시흥시 배곧동,경기도,시흥시,배곧동,,4139059600,경기도 시흥시 배곧1동,경기도,시흥시,배곧1동,2026-08-11T23:50:11+09:00
카페,621531398,올댓커피 신세계사이먼시흥프리미엄아울렛,음식점 > 카페 > 커피전문점,일반카페,0,CE7,카페,,경기 시흥시 배곧동 36,경기 시흥시 서해안로 699,126.737688847453,37.378928679935,http://place.map.kakao.com/621531398,4139013500,경기도 시흥시 배곧동,경기도,시흥시,배곧동,,4139059600,경기도 시흥시 배곧1동,경기도,시흥시,배곧1동,2026-08-11T23:50:11+09:00
카페,667280913,와랑와랑키즈카페 배곧본점,"가정,생활 > 유아 > 놀이시설 > 키즈카페",기타,0,CE7,카페,010-7229-6001,경기 시흥시 배곧동 133,경기 시흥시 배곧4로 32-33,126.724847627809,37.3780777691063,http://place.map.kakao.com/667280913,4139013500,경기도 시흥시 배곧동,경기도,시흥시,배곧동,,4139059600,경기도 시흥시 배곧1동,경기도,시흥시,배곧1동,2026-08-11T23:50:11+09:00
카페,1015620082,우주목장,음식점 > 카페,일반카페,0,CE7,카페,,경기 시흥시 배곧동 102-3,경기 시흥시 배곧전원로 40-19,126.728615881882,37.377916182935,http://place.map.kakao.com/1015620082,4139013500,경기도 시흥시 배곧동,경기도,시흥시,배곧동,,4139059600,경기도 시흥시 배곧1동,경기도,시흥시,배곧1동,2026-08-11T23:50:11+09:00
카페,298393666,이글루 배곧4호점,음식점 > 카페 > 테마카페 > 디저트카페,일반카페,0,CE7,카페,,경기 시흥시 배곧동 14,경기 시흥시 해송십리로 472-12,126.729869269135,37.3835450318689,http://place.map.kakao.com/298393666,4139013500,경기도 시흥시 배곧동,경기도,시흥시,배곧동,,4139059600,경기도 시흥시 배곧1동,경기도,시흥시,배곧1동,2026-08-11T23:50:11+09:00
카페,1865855046,이디야커피 시흥배곧고등학교점,음식점 > 카페 > 커피전문점 > 이디야커피,일반카페,0,CE7,카페,031-488-9411,경기 시흥시 배곧동 73,경기 시흥시 배곧4로 87,126.733612684595,37.3745189755193,http://place.map.kakao.com/1865855046,4139013500,경기도 시흥시 배곧동,경기도,시흥시,배곧동,,4139059600,경기도 시흥시 배곧1동,경기도,시흥시,배곧1동,2026-08-11T23:50:11+09:00
카페,1043792851,이디야커피 시흥배곧타운점,음식점 > 카페 > 커피전문점 > 이디야커피,일반카페,0,CE7,카페,031-319-6877,경기 시흥시 배곧동 122,경기 시흥시 배곧4로 22,126.72700784857713,37.377363759609175,http://place.map.kakao.com/1043792851,4139013500,경기도 시흥시 배곧동,경기도,시흥시,배곧동,,4139059600,경기도 시흥시 배곧1동,경기도,시흥시,배곧1동,2026-08-11T23:50:11+09:00
카페,1777603022,좋은카페,음식점 > 카페,일반카페,0,CE7,카페,,경기 시흥시 배곧동 171,경기 시흥시 배곧4로 94-58,126.736652261666,37.3715289801811,http://place.map.kakao.com/1777603022,4139013500,경기도 시흥시 배곧동,경기도,시흥시,배곧동,,4139059600,경기도 시흥시 배곧1동,경기도,시흥시,배곧1동,2026-08-11T23:50:11+09:00
카페,1014691421,청연,음식점 > 카페,일반카페,0,CE7,카페,0507-1420-3212,경기 시흥시 배곧동 101-29,경기 시흥시 배곧전원로 18-6,126.727093016757,37.3787866699766,http://place.map.kakao.com/1014691421,4139013500,경기도 시흥시 배곧동,경기도,시흥시,배곧동,,4139059600,경기도 시흥시 배곧1동,경기도,시흥시,배곧1동,2026-08-11T23:50:11+09:00
카페,581204518,치치,음식점 > 카페,일반카페,0,CE7,카페,,경기 시흥시 배곧동 82-1,경기 시흥시 배곧전원로 49-2,126.730791234814,37.3773796403379,http://place.map.kakao.com/581204518,4139013500,경기도 시흥시 배곧동,경기도,시흥시,배곧동,,4139059600,경기도 시흥시 배곧1동,경기도,시흥시,배곧1동,2026-08-11T23:50:11+09:00
카페,1376034908,카페도도한,음식점 > 카페,일반카페,0,CE7,카페,,경기 시흥시 배곧동 18-5,경기 시흥시 배곧5로 74,126.735419656072,37.3823943611572,http://place.map.kakao.com/1376034908,4139013500,경기도 시흥시 배곧동,경기도,시흥시,배곧동,,4139059600,경기도 시흥시 배곧1동,경기도,시흥시,배곧1동,2026-08-11T23:50:11+09:00
카페,871361397,컴포즈커피 시흥배곧골든프라자점,음식점 > 카페 > 커피전문점 > 컴포즈커피,일반카페,0,CE7,카페,070-4048-3306,경기 시흥시 배곧동 125,경기 시흥시 배곧4로 32-9,126.72715800807,37.3767414997817,http://place.map.kakao.com/871361397,4139013500,경기도 시흥시 배곧동,경기도,시흥시,배곧동,,4139059600,경기도 시흥시 배곧1동,경기도,시흥시,배곧1동,2026-08-11T23:50:11+09:00
카페,1379944283,컴포즈커피 시흥배곧도서관점,음식점 > 카페 > 커피전문점 > 컴포즈커피,일반카페,0,CE7,카페,070-7642-7779,경기 시흥시 배곧동 75,경기 시흥시 배곧4로 95,126.73388037895974,37.37416547621289,http://place.map.kakao.com/1379944283,4139013500,경기도 시흥시 배곧동,경기도,시흥시,배곧동,,4139059600,경기도 시흥시 배곧1동,경기도,시흥시,배곧1동,2026-08-11T23:50:11+09:00
카페,653341383,코야드커피,음식점 > 카페,일반카페,0,CE7,카페,,경기 시흥시 배곧동 114-3,경기 시흥시 배곧전원로 40-47,126.730835458485,37.3770103218719,http://place.map.kakao.com/653341383,4139013500,경기도 시흥시 배곧동,경기도,시흥시,배곧동,,4139059600,경기도 시흥시 배곧1동,경기도,시흥시,배곧1동,2026-08-11T23:50:11+09:00
카페,1133490656,키즈타임 배곧점,"가정,생활 > 유아 > 놀이시설 > 키즈카페",기타,0,CE7,카페,,경기 시흥시 배곧동 133,경기 시흥시 배곧4로 32-33,126.724855527867,37.3780786885079,http://place.map.kakao.com/1133490656,4139013500,경기도 시흥시 배곧동,경기도,시흥시,배곧동,,4139059600,경기도 시흥시 배곧1동,경기도,시흥시,배곧1동,2026-08-11T23:50:11+09:00
카페,350221372,텐퍼센트커피 배곧도서관점,음식점 > 카페 > 커피전문점 > 텐퍼센트커피,일반카페,0,CE7,카페,0507-1856-7024,경기 시흥시 배곧동 73,경기 시흥시 배곧4로 87,126.73334511221226,37.37451837253787,http://place.map.kakao.com/350221372,4139013500,경기도 시흥시 배곧동,경기도,시흥시,배곧동,,4139059600,경기도 시흥시 배곧1동,경기도,시흥시,배곧1동,2026-08-11T23:50:11+09:00
카페,1015967319,티하우스 유얼스,음식점 > 카페 > 전통찻집,일반카페,0,CE7,카페,,경기 시흥시 배곧동 55,경기 시흥시 배곧4로 81-39,126.73555330824463,37.374236805343,http://place.map.kakao.com/1015967319,4139013500,경기도 시흥시 배곧동,경기도,시흥시,배곧동,,4139059600,경기도 시흥시 배곧1동,경기도,시흥시,배곧1동,2026-08-11T23:50:11+09:00
카페,30943613,파란만잔 배곧누리점,음식점 > 카페 > 커피전문점 > 파란만잔,일반카페,0,CE7,카페,0507-0289-9304,경기 시흥시 배곧동 18-4,경기 시흥시 배곧5로 66-11,126.73514423425299,37.38237031808029,http://place.map.kakao.com/30943613,4139013500,경기도 시흥시 배곧동,경기도,시흥시,배곧동,,4139059600,경기도 시흥시 배곧1동,경기도,시흥시,배곧1동,2026-08-11T23:50:11+09:00
카페,1026868614,폴바셋 신세계아울렛시흥점,음식점 > 카페 > 커피전문점 > 폴바셋,일반카페,0,CE7,카페,031-8072-3392,경기 시흥시 배곧동 36,경기 시흥시 서해안로 699,126.73823680266842,37.38045081918476,http://place.map.kakao.com/1026868614,4139013500,경기도 시흥시 배곧동,경기도,시흥시,배곧동,,4139059600,경기도 시흥시 배곧1동,경기도,시흥시,배곧1동,2026-08-11T23:50:11+09:00
카페,1884896431,하삼동커피 배곧SK점,음식점 > 카페 > 커피전문점 > 하삼동커피,일반카페,0,CE7,카페,031-8042-2356,경기 시흥시 배곧동 135,경기 시흥시 배곧3로 27-7,126.72632338109398,37.37588269915884,http://place.map.kakao.com/1884896431,4139013500,경기도 시흥시 배곧동,경기도,시흥시,배곧동,,4139059600,경기도 시흥시 배곧1동,경기도,시흥시,배곧1동,2026-08-11T23:50:11+09:00
카페,668309936,하삼동커피 시흥배곧고점,음식점 > 카페 > 커피전문점 > 하삼동커피,일반카페,0,CE7,카페,031-433-8791,경기 시흥시 배곧동 73,경기 시흥시 배곧4로 87,126.733401281461,37.374597789163,http://place.map.kakao.com/668309936,4139013500,경기도 시흥시 배곧동,경기도,시흥시,배곧동,,4139059600,경기도 시흥시 배곧1동,경기도,시흥시,배곧1동,2026-08-11T23:50:11+09:00
카페,1025711413,하프커피 시흥점,음식점 > 카페 > 커피전문점 > 하프커피,일반카페,0,CE7,카페,031-8072-3368,경기 시흥시 배곧동 36,경기 시흥시 서해안로 699,126.73594636666049,37.37966454139235,http://place.map.kakao.com/1025711413,4139013500,경기도 시흥시 배곧동,경기도,시흥시,배곧동,,4139059600,경기도 시흥시 배곧1동,경기도,시흥시,배곧1동,2026-08-11T23:50:11+09:00
카페,664578528,해걸음,음식점 > 카페,일반카페,0,CE7,카페,0503-7152-2680,경기 시흥시 배곧동 69,경기 시흥시 배곧4로 81-52,126.733743877583,37.37509322237415,http://place.map.kakao.com/664578528,4139013500,경기도 시흥시 배곧동,경기도,시흥시,배곧동,,4139059600,경기도 시흥시 배곧1동,경기도,시흥시,배곧1동,2026-08-11T23:50:11+09:00
카페,672281568,해필리핫도그&카페,음식점 > 카페,일반카페,0,CE7,카페,031-365-5545,경기 시흥시 배곧동 150,경기 시흥시 서울대학로 328,126.72830990852444,37.37290759751775,http://place.map.kakao.com/672281568,4139013500,경기도 시흥시 배곧동,경기도,시흥시,배곧동,,4139059600,경기도 시흥시 배곧1동,경기도,시흥시,배곧1동,2026-08-11T23:50:11+09:00
카페,1940998926,153커피,음식점 > 카페 > 커피전문점,일반카페,0,CE7,카페,,경기 시흥시 배곧동 204,경기 시흥시 서울대학로278번길 61,126.730670557796,37.3681853276961,http://place.map.kakao.com/1940998926,4139013500,경기도 시흥시 배곧동,경기도,시흥시,배곧동,,4139059700,경기도 시흥시 배곧2동,경기도,시흥시,배곧2동,2026-08-11T23:50:11+09:00
카페,1392249677,24카페폴,음식점 > 카페,일반카페,0,CE7,카페,010-8203-2564,경기 시흥시 배곧동 216,경기 시흥시 서울대학로278번길 34,126.728938737654,37.3682047980979,http://place.map.kakao.com/1392249677,4139013500,경기도 시흥시 배곧동,경기도,시흥시,배곧동,,4139059700,경기도 시흥시 배곧2동,경기도,시흥시,배곧2동,2026-08-11T23:50:11+09:00
카페,890758317,272카페,음식점 > 카페,일반카페,0,CE7,카페,,경기 시흥시 배곧동 204,경기 시흥시 서울대학로278번길 61,126.730650231112,37.3681870834646,http://place.map.kakao.com/890758317,4139013500,경기도 시흥시 배곧동,경기도,시흥시,배곧동,,4139059700,경기도 시흥시 배곧2동,경기도,시흥시,배곧2동,2026-08-11T23:50:11+09:00
카페,1152625901,7080J,음식점 > 카페 > 테마카페 > 라이브카페,기타,0,CE7,카페,031-497-7087,경기 시흥시 배곧동 199-1,경기 시흥시 배곧3로 96,126.73076014700932,37.369651496928256,http://place.map.kakao.com/1152625901,4139013500,경기도 시흥시 배곧동,경기도,시흥시,배곧동,,4139059700,경기도 시흥시 배곧2동,경기도,시흥시,배곧2동,2026-08-11T23:50:11+09:00
카페,693554294,Tailor Button,음식점 > 카페 > 커피전문점,일반카페,0,CE7,카페,070-4047-0422,경기 시흥시 배곧동 294-3,경기 시흥시 서울대학로 59-20,126.70846532934719,37.35697980432064,http://place.map.kakao.com/693554294,4139013500,경기도 시흥시 배곧동,경기도,시흥시,배곧동,,4139059700,경기도 시흥시 배곧2동,경기도,시흥시,배곧2동,2026-08-11T23:50:11+09:00
카페,962329259,가유카페 배곧신도시점,음식점 > 카페,일반카페,0,CE7,카페,010-6627-0200,경기 시흥시 배곧동 233,경기 시흥시 서울대학로264번길 50,126.72891091727303,37.36683788141175,http://place.map.kakao.com/962329259,4139013500,경기도 시흥시 배곧동,경기도,시흥시,배곧동,,4139059700,경기도 시흥시 배곧2동,경기도,시흥시,배곧2동,2026-08-11T23:50:11+09:00
카페,2018936592,감성커피 시흥배곧점,음식점 > 카페 > 커피전문점 > 감성커피,일반카페,0,CE7,카페,,경기 시흥시 배곧동 204,경기 시흥시 서울대학로278번길 61,126.730670557796,37.3681853276961,http://place.map.kakao.com/2018936592,4139013500,경기도 시흥시 배곧동,경기도,시흥시,배곧동,,4139059700,경기도 시흥시 배곧2동,경기도,시흥시,배곧2동,2026-08-11T23:50:11+09:00
카페,669984386,계절과일 배곧점,음식점 > 카페 > 테마카페 > 디저트카페,일반카페,0,CE7,카페,,경기 시흥시 배곧동 204,경기 시흥시 서울대학로278번길 61,126.730686349543,37.3681889677579,http://place.map.kakao.com/669984386,4139013500,경기도 시흥시 배곧동,경기도,시흥시,배곧동,,4139059700,경기도 시흥시 배곧2동,경기도,시흥시,배곧2동,2026-08-11T23:50:11+09:00
카페,1212434698,공차 시흥배곧점,음식점 > 카페 > 공차,일반카페,0,CE7,카페,031-433-0349,경기 시흥시 배곧동 216,경기 시흥시 서울대학로278번길 34,126.7290921290711,37.368243893546634,http://place.map.kakao.com/1212434698,4139013500,경기도 시흥시 배곧동,경기도,시흥시,배곧동,,4139059700,경기도 시흥시 배곧2동,경기도,시흥시,배곧2동,2026-08-11T23:50:11+09:00
카페,210506914,과일담은요거트맛집요맛 시흥배곧점,음식점 > 카페 > 테마카페 > 디저트카페 > 과일담은요거트맛집요맛,일반카페,0,CE7,카페,,경기 시흥시 배곧동 191,경기 시흥시 서울대학로278번길 19-13,126.72706769409709,37.36988360709077,http://place.map.kakao.com/210506914,4139013500,경기도 시흥시 배곧동,경기도,시흥시,배곧동,,4139059700,경기도 시흥시 배곧2동,경기도,시흥시,배곧2동,2026-08-11T23:50:11+09:00
카페,951896683,과일에 반하다 프루타 배곧점,음식점 > 카페 > 생과일전문점,일반카페,0,CE7,카페,010-3230-2209,경기 시흥시 배곧동 218,경기 시흥시 서울대학로264번길 35,126.72856659399788,37.3674678083455,http://place.map.kakao.com/951896683,4139013500,경기도 시흥시 배곧동,경기도,시흥시,배곧동,,4139059700,경기도 시흥시 배곧2동,경기도,시흥시,배곧2동,2026-08-11T23:50:11+09:00
카페,388823154,구십도씨,음식점 > 카페 > 테마카페 > 디저트카페,일반카페,0,CE7,카페,,경기 시흥시 배곧동 220,경기 시흥시 서울대학로264번길 7,126.72605434599969,37.3691424252264,http://place.map.kakao.com/388823154,4139013500,경기도 시흥시 배곧동,경기도,시흥시,배곧동,,4139059700,경기도 시흥시 배곧2동,경기도,시흥시,배곧2동,2026-08-11T23:50:11+09:00
카페,1617438674,그레몽디저트샵,음식점 > 카페 > 테마카페 > 디저트카페,일반카페,0,CE7,카페,010-8267-1518,경기 시흥시 배곧동 220,경기 시흥시 서울대학로264번길 7,126.726054346,37.3691424252264,http://place.map.kakao.com/1617438674,4139013500,경기도 시흥시 배곧동,경기도,시흥시,배곧동,,4139059700,경기도 시흥시 배곧2동,경기도,시흥시,배곧2동,2026-08-11T23:50:11+09:00
카페,1483158414,그린앤코,음식점 > 카페 > 테마카페,기타,0,CE7,카페,,경기 시흥시 배곧동 204,경기 시흥시 서울대학로278번길 61,126.730654682301,37.3682051140735,http://place.map.kakao.com/1483158414,4139013500,경기도 시흥시 배곧동,경기도,시흥시,배곧동,,4139059700,경기도 시흥시 배곧2동,경기도,시흥시,배곧2동,2026-08-11T23:50:11+09:00
카페,1475339347,그림제작소 시흥배곧점,음식점 > 카페 > 테마카페,기타,0,CE7,카페,031-434-2237,경기 시흥시 배곧동 199-1,경기 시흥시 배곧3로 96,126.730003164004,37.3698182626979,http://place.map.kakao.com/1475339347,4139013500,경기도 시흥시 배곧동,경기도,시흥시,배곧동,,4139059700,경기도 시흥시 배곧2동,경기도,시흥시,배곧2동,2026-08-11T23:50:11+09:00
카페,1692491364,까망콩라운지,음식점 > 카페 > 테마카페 > 애견카페,기타,0,CE7,카페,010-2455-9196,경기 시흥시 배곧동 220,경기 시흥시 서울대학로264번길 7,126.7266987597181,37.36888712435802,http://place.map.kakao.com/1692491364,4139013500,경기도 시흥시 배곧동,경기도,시흥시,배곧동,,4139059700,경기도 시흥시 배곧2동,경기도,시흥시,배곧2동,2026-08-11T23:50:11+09:00
카페,1384542676,너티차일드 배곧점,"가정,생활 > 유아 > 놀이시설 > 키즈카페",기타,0,CE7,카페,0507-1371-7763,경기 시흥시 배곧동 220,경기 시흥시 서울대학로264번길 7,126.72605884856,37.3691460397485,http://place.map.kakao.com/1384542676,4139013500,경기도 시흥시 배곧동,경기도,시흥시,배곧동,,4139059700,경기도 시흥시 배곧2동,경기도,시흥시,배곧2동,2026-08-11T23:50:11+09:00
카페,994422622,누니스커피,음식점 > 카페 > 커피전문점,일반카페,0,CE7,카페,070-8094-0507,경기 시흥시 배곧동 191,경기 시흥시 서울대학로278번길 19-13,126.726476808256,37.3709409443448,http://place.map.kakao.com/994422622,4139013500,경기도 시흥시 배곧동,경기도,시흥시,배곧동,,4139059700,경기도 시흥시 배곧2동,경기도,시흥시,배곧2동,2026-08-11T23:50:11+09:00
카페,490229754,누프,음식점 > 카페,일반카페,0,CE7,카페,070-8266-5353,경기 시흥시 배곧동 191,경기 시흥시 서울대학로278번길 19-13,126.727485701386,37.37167310193449,http://place.map.kakao.com/490229754,4139013500,경기도 시흥시 배곧동,경기도,시흥시,배곧동,,4139059700,경기도 시흥시 배곧2동,경기도,시흥시,배곧2동,2026-08-11T23:50:11+09:00
카페,1377683509,뉴프룻 과일&디저트 본점,음식점 > 카페 > 생과일전문점,일반카페,0,CE7,카페,031-319-3198,경기 시흥시 배곧동 219,경기 시흥시 서울대학로264번길 25,126.72703917983,37.3684058629151,http://place.map.kakao.com/1377683509,4139013500,경기도 시흥시 배곧동,경기도,시흥시,배곧동,,4139059700,경기도 시흥시 배곧2동,경기도,시흥시,배곧2동,2026-08-11T23:50:11+09:00
카페,338929753,니즈커피,음식점 > 카페,일반카페,0,CE7,카페,0502-5553-3711,경기 시흥시 배곧동 230,경기 시흥시 서울대학로264번길 26-32,126.72772415083202,37.36660899846766,http://place.map.kakao.com/338929753,4139013500,경기도 시흥시 배곧동,경기도,시흥시,배곧동,,4139059700,경기도 시흥시 배곧2동,경기도,시흥시,배곧2동,2026-08-11T23:50:11+09:00
카페,11852592,달리는커피 배곧테크노밸리점,음식점 > 카페 > 커피전문점 > 달리는커피,일반카페,0,CE7,카페,010-2314-7776,경기 시흥시 배곧동 294-1,경기 시흥시 서울대학로 77,126.709325053427,37.3579559278869,http://place.map.kakao.com/11852592,4139013500,경기도 시흥시 배곧동,경기도,시흥시,배곧동,,4139059700,경기도 시흥시 배곧2동,경기도,시흥시,배곧2동,2026-08-11T23:50:11+09:00
카페,757869231,달빛운세,음식점 > 카페 > 테마카페 > 사주카페,기타,0,CE7,카페,,경기 시흥시 배곧동 204,경기 시흥시 서울대학로278번길 61,126.73067055779579,37.368185327696054,http://place.map.kakao.com/757869231,4139013500,경기도 시흥시 배곧동,경기도,시흥시,배곧동,,4139059700,경기도 시흥시 배곧2동,경기도,시흥시,배곧2동,2026-08-11T23:50:11+09:00
카페,2011516109,더리터 배곧대학로점,음식점 > 카페 > 커피전문점 > 더리터,일반카페,0,CE7,카페,070-8691-0157,경기 시흥시 배곧동 233,경기 시흥시 서울대학로264번길 50,126.728761213851,37.3667158999913,http://place.map.kakao.com/2011516109,4139013500,경기도 시흥시 배곧동,경기도,시흥시,배곧동,,4139059700,경기도 시흥시 배곧2동,경기도,시흥시,배곧2동,2026-08-11T23:50:11+09:00
카페,574692016,더벤티 배곧신도시점,음식점 > 카페 > 커피전문점 > 더벤티,일반카페,0,CE7,카페,031-433-0949,경기 시흥시 배곧동 193-2,경기 시흥시 서울대학로278번길 19-8,126.72824741350398,37.36988902659933,http://place.map.kakao.com/574692016,4139013500,경기도 시흥시 배곧동,경기도,시흥시,배곧동,,4139059700,경기도 시흥시 배곧2동,경기도,시흥시,배곧2동,2026-08-11T23:50:11+09:00
카페,1136871302,더벤티 시흥배곧한라점,음식점 > 카페 > 커피전문점 > 더벤티,일반카페,0,CE7,카페,031-433-3824,경기 시흥시 배곧동 262,경기 시흥시 서울대학로 172-20,126.71687073296212,37.361579229037844,http://place.map.kakao.com/1136871302,4139013500,경기도 시흥시 배곧동,경기도,시흥시,배곧동,,4139059700,경기도 시흥시 배곧2동,경기도,시흥시,배곧2동,2026-08-11T23:50:11+09:00
카페,1685882482,더홀릭보드게임카페 배곧점,"가정,생활 > 여가시설 > 보드카페",기타,0,CE7,카페,,경기 시흥시 배곧동 199-1,경기 시흥시 배곧3로 96,126.730273645123,37.3699477261774,http://place.map.kakao.com/1685882482,4139013500,경기도 시흥시 배곧동,경기도,시흥시,배곧동,,4139059700,경기도 시흥시 배곧2동,경기도,시흥시,배곧2동,2026-08-11T23:50:11+09:00
카페,1441876966,데이롱카페 시흥배곧점,음식점 > 카페 > 테마카페 > 무인카페 > 데이롱카페,일반카페,0,CE7,카페,,경기 시흥시 배곧동 226-3,경기 시흥시 서울대학로264번길 26-11,126.726605950989,37.3670857637405,http://place.map.kakao.com/1441876966,4139013500,경기도 시흥시 배곧동,경기도,시흥시,배곧동,,4139059700,경기도 시흥시 배곧2동,경기도,시흥시,배곧2동,2026-08-11T23:50:11+09:00
카페,4272489,도담카페,음식점 > 카페,일반카페,0,CE7,카페,,경기 시흥시 배곧동 291-5,경기 시흥시 서울대학로 59-49,126.70853826369,37.3597190990469,http://place.map.kakao.com/4272489,4139013500,경기도 시흥시 배곧동,경기도,시흥시,배곧동,,4139059700,경기도 시흥시 배곧2동,경기도,시흥시,배곧2동,2026-08-11T23:50:11+09:00
카페,1479255167,도이창 배곧롯데마트점,음식점 > 카페 > 커피전문점,일반카페,0,CE7,카페,,경기 시흥시 배곧동 202,경기 시흥시 서울대학로278번길 67,126.731325053509,37.3688950207823,http://place.map.kakao.com/1479255167,4139013500,경기도 시흥시 배곧동,경기도,시흥시,배곧동,,4139059700,경기도 시흥시 배곧2동,경기도,시흥시,배곧2동,2026-08-11T23:50:11+09:00
카페,1549695668,디어마망,음식점 > 카페,일반카페,0,CE7,카페,0502-5553-0780,경기 시흥시 배곧동 220,경기 시흥시 서울대학로264번길 7,126.7256361548704,37.36927660938825,http://place.map.kakao.com/1549695668,4139013500,경기도 시흥시 배곧동,경기도,시흥시,배곧동,,4139059700,경기도 시흥시 배곧2동,경기도,시흥시,배곧2동,2026-08-11T23:50:11+09:00
카페,1301177935,디저트39 시흥 배곧점,음식점 > 카페 > 테마카페 > 디저트카페 > 디저트39,일반카페,0,CE7,카페,031-498-5995,경기 시흥시 배곧동 204,경기 시흥시 서울대학로278번길 61,126.73067280915707,37.36818713487887,http://place.map.kakao.com/1301177935,4139013500,경기도 시흥시 배곧동,경기도,시흥시,배곧동,,4139059700,경기도 시흥시 배곧2동,경기도,시흥시,배곧2동,2026-08-11T23:50:11+09:00
카페,1831771281,뚜비뚜바베이비카페,음식점 > 카페 > 커피전문점,일반카페,0,CE7,카페,0507-1385-0434,경기 시흥시 배곧동 214,경기 시흥시 서울대학로278번길 8,126.726544676322,37.3696607472955,http://place.map.kakao.com/1831771281,4139013500,경기도 시흥시 배곧동,경기도,시흥시,배곧동,,4139059700,경기도 시흥시 배곧2동,경기도,시흥시,배곧2동,2026-08-11T23:50:11+09:00
카페,1108119764,라온보드카페,"가정,생활 > 여가시설 > 보드카페",기타,0,CE7,카페,,경기 시흥시 배곧동 193-3,경기 시흥시 서울대학로278번길 21,126.727994975997,37.3694532520484,http://place.map.kakao.com/1108119764,4139013500,경기도 시흥시 배곧동,경기도,시흥시,배곧동,,4139059700,경기도 시흥시 배곧2동,경기도,시흥시,배곧2동,2026-08-11T23:50:11+09:00
카페,893194143,라포커피바,음식점 > 카페,일반카페,0,CE7,카페,070-4035-9052,경기 시흥시 배곧동 204,경기 시흥시 서울대학로278번길 61,126.730023851806,37.3681406041786,http://place.map.kakao.com/893194143,4139013500,경기도 시흥시 배곧동,경기도,시흥시,배곧동,,4139059700,경기도 시흥시 배곧2동,경기도,시흥시,배곧2동,2026-08-11T23:50:11+09:00
카페,1171027479,룸스토리 배곧점,음식점 > 카페 > 테마카페,기타,0,CE7,카페,,경기 시흥시 배곧동 204,경기 시흥시 서울대학로278번길 61,126.730672809157,37.3681871348789,http://place.map.kakao.com/1171027479,4139013500,경기도 시흥시 배곧동,경기도,시흥시,배곧동,,4139059700,경기도 시흥시 배곧2동,경기도,시흥시,배곧2동,2026-08-11T23:50:11+09:00
카페,2093376386,리튼,음식점 > 카페,일반카페,0,CE7,카페,0503-7153-3268,경기 시흥시 배곧동 221,경기 시흥시 서울대학로264번길 12,126.72494246235095,37.36911281399741,http://place.map.kakao.com/2093376386,4139013500,경기도 시흥시 배곧동,경기도,시흥시,배곧동,,4139059700,경기도 시흥시 배곧2동,경기도,시흥시,배곧2동,2026-08-11T23:50:11+09:00
카페,620644353,마시코코 배곧점,음식점 > 카페 > 테마카페,기타,0,CE7,카페,0507-1332-1017,경기 시흥시 배곧동 204,경기 시흥시 서울대학로278번길 61,126.730681788845,37.368201571704,http://place.map.kakao.com/620644353,4139013500,경기도 시흥시 배곧동,경기도,시흥시,배곧동,,4139059700,경기도 시흥시 배곧2동,경기도,시흥시,배곧2동,2026-08-11T23:50:11+09:00
카페,817094947,마이트릿,음식점 > 카페 > 테마카페 > 디저트카페,일반카페,0,CE7,카페,010-8189-6766,경기 시흥시 배곧동 219,경기 시흥시 서울대학로264번길 25,126.727496940439,37.3682537444528,http://place.map.kakao.com/817094947,4139013500,경기도 시흥시 배곧동,경기도,시흥시,배곧동,,4139059700,경기도 시흥시 배곧2동,경기도,시흥시,배곧2동,2026-08-11T23:50:11+09:00
카페,783893397,매머드익스프레스 배곧로얄팰리스점,음식점 > 카페 > 커피전문점 > 매머드익스프레스,일반카페,0,CE7,카페,,경기 시흥시 배곧동 228-3,경기 시흥시 서울대학로264번길 26-29,126.727000193806,37.3667028382383,http://place.map.kakao.com/783893397,4139013500,경기도 시흥시 배곧동,경기도,시흥시,배곧동,,4139059700,경기도 시흥시 배곧2동,경기도,시흥시,배곧2동,2026-08-11T23:50:11+09:00
카페,2119621830,멍쉬멜로,음식점 > 카페 > 테마카페 > 애견카페,기타,0,CE7,카페,,경기 시흥시 배곧동 193-3,경기 시흥시 서울대학로278번길 21,126.728009538121,37.3694848213638,http://place.map.kakao.com/2119621830,4139013500,경기도 시흥시 배곧동,경기도,시흥시,배곧동,,4139059700,경기도 시흥시 배곧2동,경기도,시흥시,배곧2동,2026-08-11T23:50:11+09:00
카페,340162822,메가MGC커피 배곧로얄팰리스점,음식점 > 카페 > 커피전문점 > 메가MGC커피,일반카페,0,CE7,카페,031-498-7570,경기 시흥시 배곧동 226-3,경기 시흥시 서울대학로264번길 26-11,126.72665505854194,37.366930000135895,http://place.map.kakao.com/340162822,4139013500,경기도 시흥시 배곧동,경기도,시흥시,배곧동,,4139059700,경기도 시흥시 배곧2동,경기도,시흥시,배곧2동,2026-08-11T23:50:11+09:00
카페,301176296,메가MGC커피 배곧유호엔시티점,음식점 > 카페 > 커피전문점 > 메가MGC커피,일반카페,0,CE7,카페,031-499-8187,경기 시흥시 배곧동 200-2,경기 시흥시 서울대학로278번길 43-7,126.729736035514,37.3687544449468,http://place.map.kakao.com/301176296,4139013500,경기도 시흥시 배곧동,경기도,시흥시,배곧동,,4139059700,경기도 시흥시 배곧2동,경기도,시흥시,배곧2동,2026-08-11T23:50:11+09:00
카페,1565664524,메가MGC커피 배곧한라비발디점,음식점 > 카페 > 커피전문점 > 메가MGC커피,일반카페,0,CE7,카페,031-497-4090,경기 시흥시 배곧동 245,경기 시흥시 배곧1로 27-16,126.71476699770105,37.3638672811834,http://place.map.kakao.com/1565664524,4139013500,경기도 시흥시 배곧동,경기도,시흥시,배곧동,,4139059700,경기도 시흥시 배곧2동,경기도,시흥시,배곧2동,2026-08-11T23:50:11+09:00
카페,37775431,메가MGC커피 시흥서울대학로점,음식점 > 카페 > 커피전문점 > 메가MGC커피,일반카페,0,CE7,카페,031-8040-7450,경기 시흥시 배곧동 294-1,경기 시흥시 서울대학로 77,126.709325053425,37.3579559278961,http://place.map.kakao.com/37775431,4139013500,경기도 시흥시 배곧동,경기도,시흥시,배곧동,,4139059700,경기도 시흥시 배곧2동,경기도,시흥시,배곧2동,2026-08-11T23:50:11+09:00
카페,941471708,모두 배곧점,음식점 > 카페,일반카페,0,CE7,카페,,경기 시흥시 배곧동 206-3,경기 시흥시 서울대학로278번길 70,126.73190415589863,37.36795296311664,http://place.map.kakao.com/941471708,4139013500,경기도 시흥시 배곧동,경기도,시흥시,배곧동,,4139059700,경기도 시흥시 배곧2동,경기도,시흥시,배곧2동,2026-08-11T23:50:11+09:00
카페,1320922148,모래요정베베루,"가정,생활 > 유아 > 놀이시설 > 키즈카페",기타,0,CE7,카페,,경기 시흥시 배곧동 196-2,경기 시흥시 서울대학로278번길 25-8,126.728801522095,37.369630803713,http://place.map.kakao.com/1320922148,4139013500,경기도 시흥시 배곧동,경기도,시흥시,배곧동,,4139059700,경기도 시흥시 배곧2동,경기도,시흥시,배곧2동,2026-08-11T23:50:11+09:00
카페,34552472,무인까페나우커피 배곧남부점,음식점 > 카페,일반카페,0,CE7,카페,,경기 시흥시 배곧동 279,경기 시흥시 서울대학로 지하 100,126.713249523779,37.3594972485434,http://place.map.kakao.com/34552472,4139013500,경기도 시흥시 배곧동,경기도,시흥시,배곧동,,4139059700,경기도 시흥시 배곧2동,경기도,시흥시,배곧2동,2026-08-11T23:50:11+09:00
카페,988686434,미설당,음식점 > 카페 > 테마카페 > 디저트카페,일반카페,0,CE7,카페,0507-1371-9677,경기 시흥시 배곧동 224-1,경기 시흥시 서울대학로264번길 26-16,126.72564464265233,37.3669456811969,http://place.map.kakao.com/988686434,4139013500,경기도 시흥시 배곧동,경기도,시흥시,배곧동,,4139059700,경기도 시흥시 배곧2동,경기도,시흥시,배곧2동,2026-08-11T23:50:11+09:00
카페,438383761,바나타이거 시흥배곧점,음식점 > 카페 > 커피전문점 > 바나타이거,일반카페,0,CE7,카페,031-8042-3227,경기 시흥시 배곧동 194-1,경기 시흥시 배곧3로 80,126.728963142443,37.3705213852168,http://place.map.kakao.com/438383761,4139013500,경기도 시흥시 배곧동,경기도,시흥시,배곧동,,4139059700,경기도 시흥시 배곧2동,경기도,시흥시,배곧2동,2026-08-11T23:50:11+09:00
카페,1935222567,바나프레소 배곧신도시점,음식점 > 카페 > 바나프레소,일반카페,0,CE7,카페,031-503-9997,경기 시흥시 배곧동 199-1,경기 시흥시 배곧3로 96,126.73000043794762,37.36994890485155,http://place.map.kakao.com/1935222567,4139013500,경기도 시흥시 배곧동,경기도,시흥시,배곧동,,4139059700,경기도 시흥시 배곧2동,경기도,시흥시,배곧2동,2026-08-11T23:50:11+09:00
카페,1390997845,바람난강아지,음식점 > 카페 > 테마카페 > 애견카페,기타,0,CE7,카페,0502-5550-7266,경기 시흥시 배곧동 193-2,경기 시흥시 서울대학로278번길 19-8,126.728353724366,37.3698361104384,http://place.map.kakao.com/1390997845,4139013500,경기도 시흥시 배곧동,경기도,시흥시,배곧동,,4139059700,경기도 시흥시 배곧2동,경기도,시흥시,배곧2동,2026-08-11T23:50:11+09:00
카페,79938944,발도스커피 건영테크노밸리점,음식점 > 카페 > 발도스커피,일반카페,0,CE7,카페,010-2972-0714,경기 시흥시 배곧동 291-5,경기 시흥시 서울대학로 59-49,126.70836205039889,37.35945916966279,http://place.map.kakao.com/79938944,4139013500,경기도 시흥시 배곧동,경기도,시흥시,배곧동,,4139059700,경기도 시흥시 배곧2동,경기도,시흥시,배곧2동,2026-08-11T23:50:11+09:00
카페,766104634,배정동카페,음식점 > 카페,일반카페,0,CE7,카페,,경기 시흥시 배곧동 230,경기 시흥시 서울대학로264번길 26-32,126.72772415083202,37.36660899846766,http://place.map.kakao.com/766104634,4139013500,경기도 시흥시 배곧동,경기도,시흥시,배곧동,,4139059700,경기도 시흥시 배곧2동,경기도,시흥시,배곧2동,2026-08-11T23:50:11+09:00
카페,547542252,버찌와모모,음식점 > 카페 > 테마카페 > 디저트카페,일반카페,0,CE7,카페,,경기 시흥시 배곧동 204,경기 시흥시 서울대학로278번길 61,126.73028039629,37.3680618994109,http://place.map.kakao.com/547542252,4139013500,경기도 시흥시 배곧동,경기도,시흥시,배곧동,,4139059700,경기도 시흥시 배곧2동,경기도,시흥시,배곧2동,2026-08-11T23:50:11+09:00
카페,1802519698,벌툰 공중정원 배곧신도시점,"가정,생활 > 여가시설 > 만화방 > 만화카페 > 벌툰",기타,0,CE7,카페,031-319-1102,경기 시흥시 배곧동 199-1,경기 시흥시 배곧3로 96,126.730425517983,37.3697813831037,http://place.map.kakao.com/1802519698,4139013500,경기도 시흥시 배곧동,경기도,시흥시,배곧동,,4139059700,경기도 시흥시 배곧2동,경기도,시흥시,배곧2동,2026-08-11T23:50:11+09:00
카페,628624274,베베앙쥬 배곧신도시점,"가정,생활 > 유아 > 놀이시설 > 키즈카페",기타,0,CE7,카페,010-8275-2783,경기 시흥시 배곧동 193-1,경기 시흥시 서울대학로278번길 19-14,126.72866074992,37.370162084607,http://place.map.kakao.com/628624274,4139013500,경기도 시흥시 배곧동,경기도,시흥시,배곧동,,4139059700,경기도 시흥시 배곧2동,경기도,시흥시,배곧2동,2026-08-11T23:50:11+09:00
카페,542174494,베스트키즈 배곧점,"가정,생활 > 유아 > 놀이시설 > 키즈카페",기타,0,CE7,카페,031-434-9720,경기 시흥시 배곧동 202,경기 시흥시 서울대학로278번길 67,126.73133972937742,37.36889505411884,http://place.map.kakao.com/542174494,4139013500,경기도 시흥시 배곧동,경기도,시흥시,배곧동,,4139059700,경기도 시흥시 배곧2동,경기도,시흥시,배곧2동,2026-08-11T23:50:11+09:00
카페,1520536912,베이커밀러,음식점 > 카페 > 테마카페 > 디저트카페,일반카페,0,CE7,카페,010-6436-0397,경기 시흥시 배곧동 228-3,경기 시흥시 서울대학로264번길 26-29,126.727064154824,37.3668093066632,http://place.map.kakao.com/1520536912,4139013500,경기도 시흥시 배곧동,경기도,시흥시,배곧동,,4139059700,경기도 시흥시 배곧2동,경기도,시흥시,배곧2동,2026-08-11T23:50:11+09:00
카페,102989346,별별룸카페,음식점 > 카페 > 테마카페,기타,0,CE7,카페,070-4639-1010,경기 시흥시 배곧동 193-1,경기 시흥시 서울대학로278번길 19-14,126.72865623743638,37.37016117324037,http://place.map.kakao.com/102989346,4139013500,경기도 시흥시 배곧동,경기도,시흥시,배곧동,,4139059700,경기도 시흥시 배곧2동,경기도,시흥시,배곧2동,2026-08-11T23:50:11+09:00
카페,564195574,봉명동내커피 배곧신도시점,음식점 > 카페 > 커피전문점 > 봉명동내커피,일반카페,0,CE7,카페,,경기 시흥시 배곧동 220,경기 시흥시 서울대학로264번길 7,126.726058855114,37.3691442377079,http://place.map.kakao.com/564195574,4139013500,경기도 시흥시 배곧동,경기도,시흥시,배곧동,,4139059700,경기도 시흥시 배곧2동,경기도,시흥시,배곧2동,2026-08-11T23:50:11+09:00
카페,1470745916,브런치빈 배곧점,음식점 > 카페 > 브런치빈,일반카페,0,CE7,카페,031-499-9728,경기 시흥시 배곧동 220,경기 시흥시 서울대학로264번길 7,126.726054346,37.3691424252264,http://place.map.kakao.com/1470745916,4139013500,경기도 시흥시 배곧동,경기도,시흥시,배곧동,,4139059700,경기도 시흥시 배곧2동,경기도,시흥시,배곧2동,2026-08-11T23:50:11+09:00
카페,441697076,블루버드,음식점 > 카페 > 테마카페 > 디저트카페,일반카페,0,CE7,카페,031-8042-7666,경기 시흥시 배곧동 218,경기 시흥시 서울대학로264번길 35,126.728656564596,37.3675626222785,http://place.map.kakao.com/441697076,4139013500,경기도 시흥시 배곧동,경기도,시흥시,배곧동,,4139059700,경기도 시흥시 배곧2동,경기도,시흥시,배곧2동,2026-08-11T23:50:11+09:00
카페,1060012863,비바빈,음식점 > 카페,일반카페,0,CE7,카페,,경기 시흥시 배곧동 294-1,경기 시흥시 서울대학로 77,126.709325053427,37.3579559278869,http://place.map.kakao.com/1060012863,4139013500,경기도 시흥시 배곧동,경기도,시흥시,배곧동,,4139059700,경기도 시흥시 배곧2동,경기도,시흥시,배곧2동,2026-08-11T23:50:11+09:00
카페,557112992,빙수연구소,음식점 > 카페 > 테마카페 > 디저트카페,일반카페,0,CE7,카페,031-433-1229,경기 시흥시 배곧동 226-3,경기 시흥시 서울대학로264번길 26-11,126.72660595098948,37.3670857637405,http://place.map.kakao.com/557112992,4139013500,경기도 시흥시 배곧동,경기도,시흥시,배곧동,,4139059700,경기도 시흥시 배곧2동,경기도,시흥시,배곧2동,2026-08-11T23:50:11+09:00
카페,2032542547,빽다방 시흥배곧메가점,음식점 > 카페 > 커피전문점 > 빽다방,일반카페,0,CE7,카페,031-497-5384,경기 시흥시 배곧동 200-1,경기 시흥시 서울대학로278번길 43-13,126.73019042469235,37.369227618668965,http://place.map.kakao.com/2032542547,4139013500,경기도 시흥시 배곧동,경기도,시흥시,배곧동,,4139059700,경기도 시흥시 배곧2동,경기도,시흥시,배곧2동,2026-08-11T23:50:11+09:00
카페,1322608726,빽다방 시흥배곧한라점,음식점 > 카페 > 커피전문점 > 빽다방,일반카페,0,CE7,카페,070-4647-1013,경기 시흥시 배곧동 262,경기 시흥시 서울대학로 172-20,126.71732665408796,37.36191189641103,http://place.map.kakao.com/1322608726,4139013500,경기도 시흥시 배곧동,경기도,시흥시,배곧동,,4139059700,경기도 시흥시 배곧2동,경기도,시흥시,배곧2동,2026-08-11T23:50:11+09:00
카페,1364529650,빽다방 시흥배곧호반써밋점,음식점 > 카페 > 커피전문점 > 빽다방,일반카페,0,CE7,카페,070-7576-4769,경기 시흥시 배곧동 228-3,경기 시흥시 서울대학로264번길 26-29,126.7268960005022,37.366795403151364,http://place.map.kakao.com/1364529650,4139013500,경기도 시흥시 배곧동,경기도,시흥시,배곧동,,4139059700,경기도 시흥시 배곧2동,경기도,시흥시,배곧2동,2026-08-11T23:50:11+09:00
카페,194666484,뿌리카페,음식점 > 카페,일반카페,0,CE7,카페,010-2335-4889,경기 시흥시 배곧동 204,경기 시흥시 서울대학로278번길 61,126.7304808796605,37.36819120279266,http://place.map.kakao.com/194666484,4139013500,경기도 시흥시 배곧동,경기도,시흥시,배곧동,,4139059700,경기도 시흥시 배곧2동,경기도,시흥시,배곧2동,2026-08-11T23:50:11+09:00
카페,671360005,사랑스럽개,음식점 > 카페 > 테마카페 > 애견카페,기타,0,CE7,카페,031-497-1003,경기 시흥시 배곧동 204,경기 시흥시 서울대학로278번길 61,126.73084172606093,37.368304652466236,http://place.map.kakao.com/671360005,4139013500,경기도 시흥시 배곧동,경기도,시흥시,배곧동,,4139059700,경기도 시흥시 배곧2동,경기도,시흥시,배곧2동,2026-08-11T23:50:11+09:00
카페,1388027039,샤인홀덤,"가정,생활 > 여가시설 > 보드카페",기타,0,CE7,카페,0507-1396-6878,경기 시흥시 배곧동 193-2,경기 시흥시 서울대학로278번길 19-8,126.728353724365,37.3698361104474,http://place.map.kakao.com/1388027039,4139013500,경기도 시흥시 배곧동,경기도,시흥시,배곧동,,4139059700,경기도 시흥시 배곧2동,경기도,시흥시,배곧2동,2026-08-11T23:50:11+09:00
카페,284307772,설빙 경기시흥배곧점,음식점 > 카페 > 테마카페 > 디저트카페 > 설빙,일반카페,0,CE7,카페,031-319-0035,경기 시흥시 배곧동 204,경기 시흥시 서울대학로278번길 61,126.730672809157,37.3681871348789,http://place.map.kakao.com/284307772,4139013500,경기도 시흥시 배곧동,경기도,시흥시,배곧동,,4139059700,경기도 시흥시 배곧2동,경기도,시흥시,배곧2동,2026-08-11T23:50:11+09:00
카페,1348259228,소소당 디저트,음식점 > 카페,일반카페,0,CE7,카페,010-8240-1631,경기 시흥시 배곧동 198-2,경기 시흥시 서울대학로278번길 25-32,126.729332505465,37.3692094400544,http://place.map.kakao.com/1348259228,4139013500,경기도 시흥시 배곧동,경기도,시흥시,배곧동,,4139059700,경기도 시흥시 배곧2동,경기도,시흥시,배곧2동,2026-08-11T23:50:11+09:00
카페,1841006326,스타벅스 배곧신도시점,음식점 > 카페 > 커피전문점 > 스타벅스,일반카페,0,CE7,카페,,경기 시흥시 배곧동 200-1,경기 시흥시 서울대학로278번길 43-13,126.73036300723687,37.369267657267656,http://place.map.kakao.com/1841006326,4139013500,경기도 시흥시 배곧동,경기도,시흥시,배곧동,,4139059700,경기도 시흥시 배곧2동,경기도,시흥시,배곧2동,2026-08-11T23:50:11+09:00
카페,817328997,스타벅스 배곧아브뉴프랑,음식점 > 카페 > 커피전문점 > 스타벅스,일반카페,0,CE7,카페,1522-3232,경기 시흥시 배곧동 216,경기 시흥시 서울대학로278번길 34,126.728920636313,37.3682155689049,http://place.map.kakao.com/817328997,4139013500,경기도 시흥시 배곧동,경기도,시흥시,배곧동,,4139059700,경기도 시흥시 배곧2동,경기도,시흥시,배곧2동,2026-08-11T23:50:11+09:00
카페,426404778,스파클링케이크,음식점 > 카페 > 테마카페 > 디저트카페,일반카페,0,CE7,카페,010-9775-0000,경기 시흥시 배곧동 221,경기 시흥시 서울대학로264번길 12,126.72578187710181,37.368011009375365,http://place.map.kakao.com/426404778,4139013500,경기도 시흥시 배곧동,경기도,시흥시,배곧동,,4139059700,경기도 시흥시 배곧2동,경기도,시흥시,배곧2동,2026-08-11T23:50:11+09:00
카페,1476887005,스플렌디드,음식점 > 카페 > 커피전문점,일반카페,0,CE7,카페,010-3329-6849,경기 시흥시 배곧동 294-1,경기 시흥시 서울대학로 77,126.70965129325083,37.35824145293315,http://place.map.kakao.com/1476887005,4139013500,경기도 시흥시 배곧동,경기도,시흥시,배곧동,,4139059700,경기도 시흥시 배곧2동,경기도,시흥시,배곧2동,2026-08-11T23:50:11+09:00
카페,1180050423,슬라임카페 누뷜 배곧점,음식점 > 카페 > 테마카페,기타,0,CE7,카페,,경기 시흥시 배곧동 204,경기 시흥시 서울대학로278번길 61,126.730641225663,37.3681798547674,http://place.map.kakao.com/1180050423,4139013500,경기도 시흥시 배곧동,경기도,시흥시,배곧동,,4139059700,경기도 시흥시 배곧2동,경기도,시흥시,배곧2동,2026-08-11T23:50:11+09:00
카페,539016105,아마스빈 배곧신도시점,음식점 > 카페 > 아마스빈,일반카페,0,CE7,카페,031-488-9394,경기 시흥시 배곧동 200-2,경기 시흥시 서울대학로278번길 43-7,126.72984913657706,37.36869613680147,http://place.map.kakao.com/539016105,4139013500,경기도 시흥시 배곧동,경기도,시흥시,배곧동,,4139059700,경기도 시흥시 배곧2동,경기도,시흥시,배곧2동,2026-08-11T23:50:11+09:00
카페,790946946,아이코야베이비카페,"가정,생활 > 유아 > 놀이시설 > 키즈카페",기타,0,CE7,카페,031-509-5489,경기 시흥시 배곧동 193-3,경기 시흥시 서울대학로278번길 21,126.72795222014939,37.36941350869319,http://place.map.kakao.com/790946946,4139013500,경기도 시흥시 배곧동,경기도,시흥시,배곧동,,4139059700,경기도 시흥시 배곧2동,경기도,시흥시,배곧2동,2026-08-11T23:50:11+09:00
카페,2005196398,아이키친 배곧점,"가정,생활 > 유아 > 놀이시설 > 키즈카페",기타,0,CE7,카페,010-4029-0176,경기 시흥시 배곧동 224-1,경기 시흥시 서울대학로264번길 26-16,126.72564465249457,37.36694297814861,http://place.map.kakao.com/2005196398,4139013500,경기도 시흥시 배곧동,경기도,시흥시,배곧동,,4139059700,경기도 시흥시 배곧2동,경기도,시흥시,배곧2동,2026-08-11T23:50:11+09:00
카페,1919521868,아코,음식점 > 카페 > 커피전문점,일반카페,0,CE7,카페,0502-1917-3883,경기 시흥시 배곧동 219,경기 시흥시 서울대학로264번길 25,126.72729882803,37.3684064618489,http://place.map.kakao.com/1919521868,4139013500,경기도 시흥시 배곧동,경기도,시흥시,배곧동,,4139059700,경기도 시흥시 배곧2동,경기도,시흥시,배곧2동,2026-08-11T23:50:11+09:00
카페,1362287176,아토커피 배곧점,음식점 > 카페 > 커피전문점,일반카페,0,CE7,카페,,경기 시흥시 배곧동 292-2,경기 시흥시 서울대학로 59-59,126.70966512512257,37.3590461018926,http://place.map.kakao.com/1362287176,4139013500,경기도 시흥시 배곧동,경기도,시흥시,배곧동,,4139059700,경기도 시흥시 배곧2동,경기도,시흥시,배곧2동,2026-08-11T23:50:11+09:00
카페,270490999,앨빈,"가정,생활 > 유아 > 놀이시설 > 키즈카페",기타,0,CE7,카페,031-432-8391,경기 시흥시 배곧동 199-1,경기 시흥시 배곧3로 96,126.730486396192,37.3698049484499,http://place.map.kakao.com/270490999,4139013500,경기도 시흥시 배곧동,경기도,시흥시,배곧동,,4139059700,경기도 시흥시 배곧2동,경기도,시흥시,배곧2동,2026-08-11T23:50:11+09:00
카페,1010859707,오늘도빙수 배곧신도시점,음식점 > 카페 > 테마카페 > 디저트카페,일반카페,0,CE7,카페,031-365-5030,경기 시흥시 배곧동 221,경기 시흥시 서울대학로264번길 12,126.72524559358278,37.36740607901968,http://place.map.kakao.com/1010859707,4139013500,경기도 시흥시 배곧동,경기도,시흥시,배곧동,,4139059700,경기도 시흥시 배곧2동,경기도,시흥시,배곧2동,2026-08-11T23:50:11+09:00
카페,1329791466,오롯,음식점 > 카페 > 테마카페 > 디저트카페,일반카페,0,CE7,카페,0507-1487-1828,경기 시흥시 배곧동 191,경기 시흥시 서울대학로278번길 19-13,126.7267541544636,37.37011084204646,http://place.map.kakao.com/1329791466,4139013500,경기도 시흥시 배곧동,경기도,시흥시,배곧동,,4139059700,경기도 시흥시 배곧2동,경기도,시흥시,배곧2동,2026-08-11T23:50:11+09:00
카페,272535695,올데이커피365,음식점 > 카페,일반카페,0,CE7,카페,,경기 시흥시 배곧동 215,경기 시흥시 서울대학로278번길 26,126.727827659154,37.3688933316022,http://place.map.kakao.com/272535695,4139013500,경기도 시흥시 배곧동,경기도,시흥시,배곧동,,4139059700,경기도 시흥시 배곧2동,경기도,시흥시,배곧2동,2026-08-11T23:50:11+09:00
카페,74689504,요거트아이스크림의정석 시흥배곧점,음식점 > 카페 > 테마카페 > 디저트카페 > 요거트아이스크림의정석,일반카페,0,CE7,카페,0507-1321-5092,경기 시흥시 배곧동 191,경기 시흥시 서울대학로278번길 19-13,126.7263417114625,37.37083701418086,http://place.map.kakao.com/74689504,4139013500,경기도 시흥시 배곧동,경기도,시흥시,배곧동,,4139059700,경기도 시흥시 배곧2동,경기도,시흥시,배곧2동,2026-08-11T23:50:11+09:00
카페,795204023,요거트월드 시흥배곧점,음식점 > 카페 > 테마카페 > 디저트카페,일반카페,0,CE7,카페,,경기 시흥시 배곧동 199-1,경기 시흥시 배곧3로 96,126.73047165890502,37.369822034302224,http://place.map.kakao.com/795204023,4139013500,경기도 시흥시 배곧동,경기도,시흥시,배곧동,,4139059700,경기도 시흥시 배곧2동,경기도,시흥시,배곧2동,2026-08-11T23:50:11+09:00
카페,106345103,요거트포켓 배곧M점,음식점 > 카페 > 테마카페 > 디저트카페,일반카페,0,CE7,카페,,경기 시흥시 배곧동 204,경기 시흥시 서울대학로278번길 61,126.730663803706,37.3681799061834,http://place.map.kakao.com/106345103,4139013500,경기도 시흥시 배곧동,경기도,시흥시,배곧동,,4139059700,경기도 시흥시 배곧2동,경기도,시흥시,배곧2동,2026-08-11T23:50:11+09:00
카페,1190892149,우당탕탕후루,음식점 > 카페 > 테마카페 > 디저트카페,일반카페,0,CE7,카페,010-2786-2962,경기 시흥시 배곧동 200-2,경기 시흥시 서울대학로278번길 43-7,126.730021359344,37.3688361886886,http://place.map.kakao.com/1190892149,4139013500,경기도 시흥시 배곧동,경기도,시흥시,배곧동,,4139059700,경기도 시흥시 배곧2동,경기도,시흥시,배곧2동,2026-08-11T23:50:11+09:00
카페,1635219464,우리끼리키즈카페 스포츠마을 시흥배곧점,"가정,생활 > 유아 > 놀이시설 > 키즈카페 > 우리끼리",기타,0,CE7,카페,1899-3635,경기 시흥시 배곧동 204,경기 시흥시 서울대학로278번길 61,126.730670557794,37.3681853277051,http://place.map.kakao.com/1635219464,4139013500,경기도 시흥시 배곧동,경기도,시흥시,배곧동,,4139059700,경기도 시흥시 배곧2동,경기도,시흥시,배곧2동,2026-08-11T23:50:11+09:00
카페,660218414,우지커피 배곧서울대점,음식점 > 카페 > 커피전문점 > 우지커피,일반카페,0,CE7,카페,070-8691-0885,경기 시흥시 배곧동 224-2,경기 시흥시 서울대학로264번길 26-18,126.726143518257,37.366661212795,http://place.map.kakao.com/660218414,4139013500,경기도 시흥시 배곧동,경기도,시흥시,배곧동,,4139059700,경기도 시흥시 배곧2동,경기도,시흥시,배곧2동,2026-08-11T23:50:11+09:00
카페,1927199191,우지커피 배곧신도시점,음식점 > 카페 > 커피전문점 > 우지커피,일반카페,0,CE7,카페,031-498-0700,경기 시흥시 배곧동 198-1,경기 시흥시 서울대학로278번길 25-24,126.72958945267642,37.369648826192986,http://place.map.kakao.com/1927199191,4139013500,경기도 시흥시 배곧동,경기도,시흥시,배곧동,,4139059700,경기도 시흥시 배곧2동,경기도,시흥시,배곧2동,2026-08-11T23:50:11+09:00
카페,1755632746,우지커피 배곧한라비발디점,음식점 > 카페 > 커피전문점 > 우지커피,일반카페,0,CE7,카페,031-506-0424,경기 시흥시 배곧동 243,경기 시흥시 배곧1로 27-15,126.713652496244,37.3633600149243,http://place.map.kakao.com/1755632746,4139013500,경기도 시흥시 배곧동,경기도,시흥시,배곧동,,4139059700,경기도 시흥시 배곧2동,경기도,시흥시,배곧2동,2026-08-11T23:50:11+09:00
카페,634793612,윌로우우드,음식점 > 카페,일반카페,0,CE7,카페,031-497-5696,경기 시흥시 배곧동 191,경기 시흥시 서울대학로278번길 19-13,126.72708459339837,37.37145142641521,http://place.map.kakao.com/634793612,4139013500,경기도 시흥시 배곧동,경기도,시흥시,배곧동,,4139059700,경기도 시흥시 배곧2동,경기도,시흥시,배곧2동,2026-08-11T23:50:11+09:00
카페,205172325,유유하다,음식점 > 카페,일반카페,0,CE7,카페,,경기 시흥시 배곧동 193-3,경기 시흥시 서울대학로278번길 21,126.72796128729915,37.369403618291116,http://place.map.kakao.com/205172325,4139013500,경기도 시흥시 배곧동,경기도,시흥시,배곧동,,4139059700,경기도 시흥시 배곧2동,경기도,시흥시,배곧2동,2026-08-11T23:50:11+09:00
카페,953953519,이디야커피 시흥배곧신도시점,음식점 > 카페 > 커피전문점 > 이디야커피,일반카페,0,CE7,카페,031-499-4264,경기 시흥시 배곧동 193-3,경기 시흥시 서울대학로278번길 21,126.72803426055681,37.3695164140316,http://place.map.kakao.com/953953519,4139013500,경기도 시흥시 배곧동,경기도,시흥시,배곧동,,4139059700,경기도 시흥시 배곧2동,경기도,시흥시,배곧2동,2026-08-11T23:50:11+09:00
카페,458866030,이디야커피 시흥서울대학로점,음식점 > 카페 > 커피전문점 > 이디야커피,일반카페,0,CE7,카페,031-8042-5221,경기 시흥시 배곧동 299-3,경기 시흥시 서울대학로 59-21,126.70556027492232,37.35805113550689,http://place.map.kakao.com/458866030,4139013500,경기도 시흥시 배곧동,경기도,시흥시,배곧동,,4139059700,경기도 시흥시 배곧2동,경기도,시흥시,배곧2동,2026-08-11T23:50:11+09:00
카페,873235679,이디야커피 시흥한라비발디점,음식점 > 카페 > 커피전문점 > 이디야커피,일반카페,0,CE7,카페,031-432-7333,경기 시흥시 배곧동 243,경기 시흥시 배곧1로 27-15,126.7128331134762,37.362430874697395,http://place.map.kakao.com/873235679,4139013500,경기도 시흥시 배곧동,경기도,시흥시,배곧동,,4139059700,경기도 시흥시 배곧2동,경기도,시흥시,배곧2동,2026-08-11T23:50:11+09:00
카페,1229683080,점핑고고 배곧점,"가정,생활 > 유아 > 놀이시설 > 키즈카페",기타,0,CE7,카페,031-431-2788,경기 시흥시 배곧동 204,경기 시흥시 서울대학로278번길 61,126.730681917671,37.3681655310524,http://place.map.kakao.com/1229683080,4139013500,경기도 시흥시 배곧동,경기도,시흥시,배곧동,,4139059700,경기도 시흥시 배곧2동,경기도,시흥시,배곧2동,2026-08-11T23:50:11+09:00
카페,1741503139,쥬씨 배곧점,음식점 > 카페 > 생과일전문점 > 쥬씨,일반카페,0,CE7,카페,,경기 시흥시 배곧동 206-3,경기 시흥시 서울대학로278번길 70,126.73201404365312,37.36784508930168,http://place.map.kakao.com/1741503139,4139013500,경기도 시흥시 배곧동,경기도,시흥시,배곧동,,4139059700,경기도 시흥시 배곧2동,경기도,시흥시,배곧2동,2026-08-11T23:50:11+09:00
카페,525425204,치즈당 시흥배곧점,음식점 > 카페 > 테마카페 > 디저트카페,일반카페,0,CE7,카페,010-2018-6654,경기 시흥시 배곧동 200-2,경기 시흥시 서울대학로278번길 43-7,126.72972481105268,37.36873639881879,http://place.map.kakao.com/525425204,4139013500,경기도 시흥시 배곧동,경기도,시흥시,배곧동,,4139059700,경기도 시흥시 배곧2동,경기도,시흥시,배곧2동,2026-08-11T23:50:11+09:00
카페,417730490,카도쉬,음식점 > 카페,일반카페,0,CE7,카페,,경기 시흥시 배곧동 204,경기 시흥시 서울대학로278번길 61,126.73067055779579,37.368185327696054,http://place.map.kakao.com/417730490,4139013500,경기도 시흥시 배곧동,경기도,시흥시,배곧동,,4139059700,경기도 시흥시 배곧2동,경기도,시흥시,배곧2동,2026-08-11T23:50:11+09:00
카페,768724967,카페구움,음식점 > 카페 > 테마카페 > 디저트카페,일반카페,0,CE7,카페,0507-1339-3176,경기 시흥시 배곧동 204,경기 시흥시 서울대학로278번길 61,126.730663803706,37.3681799061834,http://place.map.kakao.com/768724967,4139013500,경기도 시흥시 배곧동,경기도,시흥시,배곧동,,4139059700,경기도 시흥시 배곧2동,경기도,시흥시,배곧2동,2026-08-11T23:50:11+09:00
카페,1953118321,카페만월경 배곧신도시점,음식점 > 카페 > 테마카페 > 무인카페 > 카페만월경,일반카페,0,CE7,카페,010-3327-1562,경기 시흥시 배곧동 206-3,경기 시흥시 서울대학로278번길 70,126.731811361693,37.3680158244038,http://place.map.kakao.com/1953118321,4139013500,경기도 시흥시 배곧동,경기도,시흥시,배곧동,,4139059700,경기도 시흥시 배곧2동,경기도,시흥시,배곧2동,2026-08-11T23:50:11+09:00
카페,1828112422,카페메이슨,음식점 > 카페,일반카페,0,CE7,카페,,경기 시흥시 배곧동 194-2,경기 시흥시 배곧3로 86,126.72938630672,37.3702601564008,http://place.map.kakao.com/1828112422,4139013500,경기도 시흥시 배곧동,경기도,시흥시,배곧동,,4139059700,경기도 시흥시 배곧2동,경기도,시흥시,배곧2동,2026-08-11T23:50:11+09:00
카페,824075323,카페몽앤베이크,음식점 > 카페 > 테마카페 > 디저트카페,일반카페,0,CE7,카페,010-5712-0895,경기 시흥시 배곧동 220,경기 시흥시 서울대학로264번길 7,126.72572614687509,37.36936511839606,http://place.map.kakao.com/824075323,4139013500,경기도 시흥시 배곧동,경기도,시흥시,배곧동,,4139059700,경기도 시흥시 배곧2동,경기도,시흥시,배곧2동,2026-08-11T23:50:11+09:00
카페,967031548,카페봄봄 경기시흥배곧호반써밋점,음식점 > 카페 > 커피전문점 > 카페봄봄,일반카페,0,CE7,카페,070-8287-2823,경기 시흥시 배곧동 191,경기 시흥시 서울대학로278번길 19-13,126.728033432592,37.3713094483464,http://place.map.kakao.com/967031548,4139013500,경기도 시흥시 배곧동,경기도,시흥시,배곧동,,4139059700,경기도 시흥시 배곧2동,경기도,시흥시,배곧2동,2026-08-11T23:50:11+09:00
카페,1596670201,카페빙빙 배곧점,음식점 > 카페,일반카페,0,CE7,카페,031-431-7304,경기 시흥시 배곧동 220,경기 시흥시 서울대학로264번길 7,126.72543143323,37.3693824550835,http://place.map.kakao.com/1596670201,4139013500,경기도 시흥시 배곧동,경기도,시흥시,배곧동,,4139059700,경기도 시흥시 배곧2동,경기도,시흥시,배곧2동,2026-08-11T23:50:11+09:00
카페,520401591,카페연화,음식점 > 카페,일반카페,0,CE7,카페,,경기 시흥시 배곧동 224-1,경기 시흥시 서울대학로264번길 26-16,126.72573123540569,37.36703688542637,http://place.map.kakao.com/520401591,4139013500,경기도 시흥시 배곧동,경기도,시흥시,배곧동,,4139059700,경기도 시흥시 배곧2동,경기도,시흥시,배곧2동,2026-08-11T23:50:11+09:00
카페,2027970033,카페이사칠,음식점 > 카페 > 테마카페 > 무인카페,일반카페,0,CE7,카페,0507-1366-9648,경기 시흥시 배곧동 233,경기 시흥시 서울대학로264번길 50,126.729439172794,37.3665417531057,http://place.map.kakao.com/2027970033,4139013500,경기도 시흥시 배곧동,경기도,시흥시,배곧동,,4139059700,경기도 시흥시 배곧2동,경기도,시흥시,배곧2동,2026-08-11T23:50:11+09:00
카페,801060120,카페인중독 배곧점,음식점 > 카페 > 커피전문점 > 카페인중독,일반카페,0,CE7,카페,031-509-1979,경기 시흥시 배곧동 233,경기 시흥시 서울대학로264번길 50,126.72879436678006,37.36691420123888,http://place.map.kakao.com/801060120,4139013500,경기도 시흥시 배곧동,경기도,시흥시,배곧동,,4139059700,경기도 시흥시 배곧2동,경기도,시흥시,배곧2동,2026-08-11T23:50:11+09:00
카페,1060461130,카페주티스,음식점 > 카페,일반카페,0,CE7,카페,0503-7152-7897,경기 시흥시 배곧동 206-3,경기 시흥시 서울대학로278번길 70,126.73181136169134,37.36801582441281,http://place.map.kakao.com/1060461130,4139013500,경기도 시흥시 배곧동,경기도,시흥시,배곧동,,4139059700,경기도 시흥시 배곧2동,경기도,시흥시,배곧2동,2026-08-11T23:50:11+09:00
카페,2043889908,카페화실,음식점 > 카페,일반카페,0,CE7,카페,0507-1346-5047,경기 시흥시 배곧동 226-2,경기 시흥시 서울대학로264번길 26-9,126.726914083442,37.3674126461549,http://place.map.kakao.com/2043889908,4139013500,경기도 시흥시 배곧동,경기도,시흥시,배곧동,,4139059700,경기도 시흥시 배곧2동,경기도,시흥시,배곧2동,2026-08-11T23:50:11+09:00
카페,1555683985,캄,음식점 > 카페,일반카페,0,CE7,카페,,경기 시흥시 배곧동 214,경기 시흥시 서울대학로278번길 8,126.726537915859,37.3696571275717,http://place.map.kakao.com/1555683985,4139013500,경기도 시흥시 배곧동,경기도,시흥시,배곧동,,4139059700,경기도 시흥시 배곧2동,경기도,시흥시,배곧2동,2026-08-11T23:50:11+09:00
카페,1885819131,커피마마퀸 시흥배곧점,음식점 > 카페 > 커피마마퀸,일반카페,0,CE7,카페,02-1644-2968,경기 시흥시 배곧동 204,경기 시흥시 서울대학로278번길 61,126.73067280915707,37.36818713487887,http://place.map.kakao.com/1885819131,4139013500,경기도 시흥시 배곧동,경기도,시흥시,배곧동,,4139059700,경기도 시흥시 배곧2동,경기도,시흥시,배곧2동,2026-08-11T23:50:11+09:00
카페,1002907439,컴포즈커피 배곧신도시점,음식점 > 카페 > 커피전문점 > 컴포즈커피,일반카페,0,CE7,카페,,경기 시흥시 배곧동 200-2,경기 시흥시 서울대학로278번길 43-7,126.72944879421146,37.368578088659675,http://place.map.kakao.com/1002907439,4139013500,경기도 시흥시 배곧동,경기도,시흥시,배곧동,,4139059700,경기도 시흥시 배곧2동,경기도,시흥시,배곧2동,2026-08-11T23:50:11+09:00
카페,1375602863,컴포즈커피 시흥배곧테크노밸리점,음식점 > 카페 > 커피전문점 > 컴포즈커피,일반카페,0,CE7,카페,031-8042-6649,경기 시흥시 배곧동 292-3,경기 시흥시 서울대학로 59-69,126.710380075438,37.3586387893876,http://place.map.kakao.com/1375602863,4139013500,경기도 시흥시 배곧동,경기도,시흥시,배곧동,,4139059700,경기도 시흥시 배곧2동,경기도,시흥시,배곧2동,2026-08-11T23:50:11+09:00
카페,1179657488,컴포즈커피 시흥한라비발디점,음식점 > 카페 > 커피전문점 > 컴포즈커피,일반카페,0,CE7,카페,031-497-1882,경기 시흥시 배곧동 243,경기 시흥시 배곧1로 27-15,126.71424289321348,37.36395161343587,http://place.map.kakao.com/1179657488,4139013500,경기도 시흥시 배곧동,경기도,시흥시,배곧동,,4139059700,경기도 시흥시 배곧2동,경기도,시흥시,배곧2동,2026-08-11T23:50:11+09:00
카페,605610891,컵스앤다쿠,음식점 > 카페 > 테마카페 > 디저트카페,일반카페,0,CE7,카페,010-7535-3834,경기 시흥시 배곧동 198-2,경기 시흥시 서울대학로278번길 25-32,126.729332511937,37.3692076380313,http://place.map.kakao.com/605610891,4139013500,경기도 시흥시 배곧동,경기도,시흥시,배곧동,,4139059700,경기도 시흥시 배곧2동,경기도,시흥시,배곧2동,2026-08-11T23:50:11+09:00
카페,424585353,코케베리,음식점 > 카페 > 커피전문점,일반카페,0,CE7,카페,010-2789-0285,경기 시흥시 배곧동 221,경기 시흥시 서울대학로264번길 12,126.72475438440216,37.36898893626961,http://place.map.kakao.com/424585353,4139013500,경기도 시흥시 배곧동,경기도,시흥시,배곧동,,4139059700,경기도 시흥시 배곧2동,경기도,시흥시,배곧2동,2026-08-11T23:50:11+09:00
카페,1555761050,코프디,음식점 > 카페,일반카페,0,CE7,카페,010-6488-5950,경기 시흥시 배곧동 230,경기 시흥시 서울대학로264번길 26-32,126.72744757442312,37.366296607237594,http://place.map.kakao.com/1555761050,4139013500,경기도 시흥시 배곧동,경기도,시흥시,배곧동,,4139059700,경기도 시흥시 배곧2동,경기도,시흥시,배곧2동,2026-08-11T23:50:11+09:00
카페,1782076119,퀸즈커피,음식점 > 카페,일반카페,0,CE7,카페,,경기 시흥시 배곧동 215,경기 시흥시 서울대학로278번길 26,126.727827659154,37.3688933316022,http://place.map.kakao.com/1782076119,4139013500,경기도 시흥시 배곧동,경기도,시흥시,배곧동,,4139059700,경기도 시흥시 배곧2동,경기도,시흥시,배곧2동,2026-08-11T23:50:11+09:00
카페,777219393,클래시커피로스터스,음식점 > 카페 > 커피전문점,일반카페,0,CE7,카페,,경기 시흥시 배곧동 204,경기 시흥시 서울대학로278번길 61,126.73038835758611,37.36786211829715,http://place.map.kakao.com/777219393,4139013500,경기도 시흥시 배곧동,경기도,시흥시,배곧동,,4139059700,경기도 시흥시 배곧2동,경기도,시흥시,배곧2동,2026-08-11T23:50:11+09:00
카페,856169174,타래퀸 시흥배곧점,음식점 > 카페 > 테마카페 > 디저트카페 > 타래퀸,일반카페,0,CE7,카페,,경기 시흥시 배곧동 221,경기 시흥시 서울대학로264번길 12,126.72480134790254,37.36911248574406,http://place.map.kakao.com/856169174,4139013500,경기도 시흥시 배곧동,경기도,시흥시,배곧동,,4139059700,경기도 시흥시 배곧2동,경기도,시흥시,배곧2동,2026-08-11T23:50:11+09:00
카페,2142442139,탐앤탐스 배곧아브뉴점,음식점 > 카페 > 커피전문점 > 탐앤탐스,일반카페,0,CE7,카페,031-431-2647,경기 시흥시 배곧동 220,경기 시흥시 서울대학로264번길 7,126.72612609001514,37.36897139692002,http://place.map.kakao.com/2142442139,4139013500,경기도 시흥시 배곧동,경기도,시흥시,배곧동,,4139059700,경기도 시흥시 배곧2동,경기도,시흥시,배곧2동,2026-08-11T23:50:11+09:00
카페,1053845658,텐퍼센트커피 배곧신도시점,음식점 > 카페 > 커피전문점 > 텐퍼센트커피,일반카페,0,CE7,카페,070-8880-1010,경기 시흥시 배곧동 214,경기 시흥시 서울대학로278번길 8,126.726544676322,37.3696607472955,http://place.map.kakao.com/1053845658,4139013500,경기도 시흥시 배곧동,경기도,시흥시,배곧동,,4139059700,경기도 시흥시 배곧2동,경기도,시흥시,배곧2동,2026-08-11T23:50:11+09:00
카페,27603647,투썸플레이스 시흥배곧점,음식점 > 카페 > 커피전문점 > 투썸플레이스,일반카페,0,CE7,카페,031-498-3545,경기 시흥시 배곧동 194-1,경기 시흥시 배곧3로 80,126.72930401022538,37.37054198836575,http://place.map.kakao.com/27603647,4139013500,경기도 시흥시 배곧동,경기도,시흥시,배곧동,,4139059700,경기도 시흥시 배곧2동,경기도,시흥시,배곧2동,2026-08-11T23:50:11+09:00
카페,1833595278,티티씨 타로&티카페,음식점 > 카페,일반카페,0,CE7,카페,010-9557-8555,경기 시흥시 배곧동 204,경기 시흥시 서울대학로278번길 61,126.730943022213,37.368074220881,http://place.map.kakao.com/1833595278,4139013500,경기도 시흥시 배곧동,경기도,시흥시,배곧동,,4139059700,경기도 시흥시 배곧2동,경기도,시흥시,배곧2동,2026-08-11T23:50:11+09:00
카페,587805287,팔공티 배곧신도시점,음식점 > 카페 > 팔공티,일반카페,0,CE7,카페,031-432-9063,경기 시흥시 배곧동 204,경기 시흥시 서울대학로278번길 61,126.73032011742539,37.36800342344782,http://place.map.kakao.com/587805287,4139013500,경기도 시흥시 배곧동,경기도,시흥시,배곧동,,4139059700,경기도 시흥시 배곧2동,경기도,시흥시,배곧2동,2026-08-11T23:50:11+09:00
카페,1270179026,프레이즈,음식점 > 카페,일반카페,0,CE7,카페,,경기 시흥시 배곧동 191,경기 시흥시 서울대학로278번길 19-13,126.72627814746326,37.37062062153665,http://place.map.kakao.com/1270179026,4139013500,경기도 시흥시 배곧동,경기도,시흥시,배곧동,,4139059700,경기도 시흥시 배곧2동,경기도,시흥시,배곧2동,2026-08-11T23:50:11+09:00
카페,910650592,플러스82 배곧점,음식점 > 카페 > 커피전문점 > 플러스82,일반카페,0,CE7,카페,,경기 시흥시 배곧동 233,경기 시흥시 서울대학로264번길 50,126.728769093308,37.3667222252269,http://place.map.kakao.com/910650592,4139013500,경기도 시흥시 배곧동,경기도,시흥시,배곧동,,4139059700,경기도 시흥시 배곧2동,경기도,시흥시,배곧2동,2026-08-11T23:50:11+09:00
카페,1163834097,필로데오스,음식점 > 카페,일반카페,0,CE7,카페,,경기 시흥시 배곧동 214,경기 시흥시 서울대학로278번길 8,126.726544682862,37.369658945264,http://place.map.kakao.com/1163834097,4139013500,경기도 시흥시 배곧동,경기도,시흥시,배곧동,,4139059700,경기도 시흥시 배곧2동,경기도,시흥시,배곧2동,2026-08-11T23:50:11+09:00
카페,1924042033,하삼동커피 배곧호반써밋점,음식점 > 카페 > 커피전문점 > 하삼동커피,일반카페,0,CE7,카페,031-432-7787,경기 시흥시 배곧동 191,경기 시흥시 서울대학로278번길 19-13,126.72803472332599,37.370326435046785,http://place.map.kakao.com/1924042033,4139013500,경기도 시흥시 배곧동,경기도,시흥시,배곧동,,4139059700,경기도 시흥시 배곧2동,경기도,시흥시,배곧2동,2026-08-11T23:50:11+09:00
카페,858816573,해브투,음식점 > 카페 > 테마카페 > 디저트카페,일반카페,0,CE7,카페,0502-5554-3424,경기 시흥시 배곧동 219,경기 시흥시 서울대학로264번길 25,126.727340724691,37.3683714185126,http://place.map.kakao.com/858816573,4139013500,경기도 시흥시 배곧동,경기도,시흥시,배곧동,,4139059700,경기도 시흥시 배곧2동,경기도,시흥시,배곧2동,2026-08-11T23:50:11+09:00
카페,100456437,해블랑디저트 본점,음식점 > 카페 > 테마카페 > 디저트카페,일반카페,0,CE7,카페,,경기 시흥시 배곧동 230,경기 시흥시 서울대학로264번길 26-32,126.72777070432355,37.36684697591231,http://place.map.kakao.com/100456437,4139013500,경기도 시흥시 배곧동,경기도,시흥시,배곧동,,4139059700,경기도 시흥시 배곧2동,경기도,시흥시,배곧2동,2026-08-11T23:50:11+09:00
카페,761401333,해질녘카페,음식점 > 카페 > 커피전문점,일반카페,0,CE7,카페,010-9064-8315,경기 시흥시 배곧동 307,경기 시흥시 해송십리로 61,126.70151790372,37.3547027073347,http://place.map.kakao.com/761401333,4139013500,경기도 시흥시 배곧동,경기도,시흥시,배곧동,,4139059700,경기도 시흥시 배곧2동,경기도,시흥시,배곧2동,2026-08-11T23:50:11+09:00
카페,1372007621,행복가득무인카페,음식점 > 카페 > 테마카페 > 무인카페,일반카페,0,CE7,카페,,경기 시흥시 배곧동 281,,126.71541135416568,37.35944029879934,http://place.map.kakao.com/1372007621,4139013500,경기도 시흥시 배곧동,경기도,시흥시,배곧동,,4139059700,경기도 시흥시 배곧2동,경기도,시흥시,배곧2동,2026-08-11T23:50:11+09:00
카페,234263486,호디박스 배곧한울공원점,음식점 > 카페 > 테마카페 > 디저트카페,일반카페,0,CE7,카페,,경기 시흥시 배곧동 299-3,경기 시흥시 서울대학로 59-21,126.706073737577,37.3575036884449,http://place.map.kakao.com/234263486,4139013500,경기도 시흥시 배곧동,경기도,시흥시,배곧동,,4139059700,경기도 시흥시 배곧2동,경기도,시흥시,배곧2동,2026-08-11T23:50:11+09:00
카페,617117744,쇼어,음식점 > 카페,일반카페,0,CE7,카페,02-2066-1333,경기 시흥시 과림동 208,경기 시흥시 과림저수지길 81,126.82723029148625,37.453563409495395,http://place.map.kakao.com/617117744,4139011200,경기도 시흥시 과림동,경기도,시흥시,과림동,,4139062100,경기도 시흥시 과림동,경기도,시흥시,과림동,2026-08-11T23:50:11+09:00
카페,87352271,용이네커피,음식점 > 카페,일반카페,0,CE7,카페,02-2612-4985,경기 시흥시 과림동 769-3,경기 시흥시 금오로265번길 4,126.83606347505042,37.42734025933664,http://place.map.kakao.com/87352271,4139011200,경기도 시흥시 과림동,경기도,시흥시,과림동,,4139062100,경기도 시흥시 과림동,경기도,시흥시,과림동,2026-08-11T23:50:11+09:00
카페,1994346762,커피베이 시흥과림점,음식점 > 카페 > 커피전문점 > 커피베이,일반카페,0,CE7,카페,,경기 시흥시 과림동 353-1,경기 시흥시 금오로 460,126.831393173093,37.4433267062551,http://place.map.kakao.com/1994346762,4139011200,경기도 시흥시 과림동,경기도,시흥시,과림동,,4139062100,경기도 시흥시 과림동,경기도,시흥시,과림동,2026-08-11T23:50:11+09:00
카페,467113022,데이롱카페 시흥연성점,음식점 > 카페 > 테마카페 > 무인카페 > 데이롱카페,일반카페,0,CE7,카페,,경기 시흥시 하중동 857-6,경기 시흥시 하중로 207,126.80555314019779,37.39327695915301,http://place.map.kakao.com/467113022,4139011900,경기도 시흥시 하중동,경기도,시흥시,하중동,,4139063000,경기도 시흥시 연성동,경기도,시흥시,연성동,2026-08-11T23:50:11+09:00
카페,510134346,동네카페마실 연꽃점,음식점 > 카페,일반카페,0,CE7,카페,031-8063-2566,경기 시흥시 하중동 271,경기 시흥시 관곡지로 139,126.80840376990032,37.40069971436214,http://place.map.kakao.com/510134346,4139011900,경기도 시흥시 하중동,경기도,시흥시,하중동,,4139063000,경기도 시흥시 연성동,경기도,시흥시,연성동,2026-08-11T23:50:11+09:00
카페,1545957921,로플린,음식점 > 카페 > 커피전문점,일반카페,0,CE7,카페,070-8864-9292,경기 시흥시 하중동 866-3,경기 시흥시 하중로 227-1,126.806313226304,37.3914923825509,http://place.map.kakao.com/1545957921,4139011900,경기도 시흥시 하중동,경기도,시흥시,하중동,,4139063000,경기도 시흥시 연성동,경기도,시흥시,연성동,2026-08-11T23:50:11+09:00
카페,1884690244,메가MGC커피 시흥하중점,음식점 > 카페 > 커피전문점 > 메가MGC커피,일반카페,0,CE7,카페,031-311-1117,경기 시흥시 하중동 856-6,경기 시흥시 하중로 199,126.80499243583341,37.39393558319008,http://place.map.kakao.com/1884690244,4139011900,경기도 시흥시 하중동,경기도,시흥시,하중동,,4139063000,경기도 시흥시 연성동,경기도,시흥시,연성동,2026-08-11T23:50:11+09:00
카페,15251182,서지연로스터리,음식점 > 카페,일반카페,0,CE7,카페,031-8044-0427,경기 시흥시 하중동 833-5,경기 시흥시 하중로136번길 24,126.79839007233188,37.39917475696094,http://place.map.kakao.com/15251182,4139011900,경기도 시흥시 하중동,경기도,시흥시,하중동,,4139063000,경기도 시흥시 연성동,경기도,시흥시,연성동,2026-08-11T23:50:11+09:00
카페,21299338,연다정,음식점 > 카페 > 커피전문점,일반카페,0,CE7,카페,031-404-3100,경기 시흥시 하중동 271,경기 시흥시 관곡지로 139,126.808412722491,37.4007321655872,http://place.map.kakao.com/21299338,4139011900,경기도 시흥시 하중동,경기도,시흥시,하중동,,4139063000,경기도 시흥시 연성동,경기도,시흥시,연성동,2026-08-11T23:50:11+09:00
카페,721375300,요거트퍼플,음식점 > 카페,일반카페,0,CE7,카페,,경기 시흥시 하중동 856-3,경기 시흥시 하중로 195,126.804788422157,37.394220870203995,http://place.map.kakao.com/721375300,4139011900,경기도 시흥시 하중동,경기도,시흥시,하중동,,4139063000,경기도 시흥시 연성동,경기도,시흥시,연성동,2026-08-11T23:50:11+09:00
카페,27296821,요거프레소 관곡지로점,음식점 > 카페 > 테마카페 > 디저트카페 > 요거프레소,일반카페,0,CE7,카페,,경기 시흥시 하중동 823-7,경기 시흥시 관곡지로40번길 11-2,126.80017288278935,37.399779664677,http://place.map.kakao.com/27296821,4139011900,경기도 시흥시 하중동,경기도,시흥시,하중동,,4139063000,경기도 시흥시 연성동,경기도,시흥시,연성동,2026-08-11T23:50:11+09:00
카페,1806794072,워크사이드,음식점 > 카페 > 커피전문점,일반카페,0,CE7,카페,,경기 시흥시 하중동 850-8,경기 시흥시 하중로173번길 6,126.803225609254,37.3958941785136,http://place.map.kakao.com/1806794072,4139011900,경기도 시흥시 하중동,경기도,시흥시,하중동,,4139063000,경기도 시흥시 연성동,경기도,시흥시,연성동,2026-08-11T23:50:11+09:00
카페,766233209,카페엠마우스,음식점 > 카페,일반카페,0,CE7,카페,031-489-0229,경기 시흥시 하중동 861-3,경기 시흥시 하중로 213,126.805740743987,37.3927844089613,http://place.map.kakao.com/766233209,4139011900,경기도 시흥시 하중동,경기도,시흥시,하중동,,4139063000,경기도 시흥시 연성동,경기도,시흥시,연성동,2026-08-11T23:50:11+09:00
카페,494044052,카페연,음식점 > 카페,일반카페,0,CE7,카페,,경기 시흥시 하중동 272,경기 시흥시 관곡지로 140,126.80815194285,37.4002451919587,http://place.map.kakao.com/494044052,4139011900,경기도 시흥시 하중동,경기도,시흥시,하중동,,4139063000,경기도 시흥시 연성동,경기도,시흥시,연성동,2026-08-11T23:50:11+09:00
카페,2066944267,카페오미오,음식점 > 카페,일반카페,0,CE7,카페,,경기 시흥시 하중동 873-1,경기 시흥시 하중로 233,126.806463346898,37.3910808615714,http://place.map.kakao.com/2066944267,4139011900,경기도 시흥시 하중동,경기도,시흥시,하중동,,4139063000,경기도 시흥시 연성동,경기도,시흥시,연성동,2026-08-11T23:50:11+09:00
카페,1380420060,컴포즈커피 시흥하중동점,음식점 > 카페 > 커피전문점 > 컴포즈커피,일반카페,0,CE7,카페,070-8211-1656,경기 시흥시 하중동 824-1,경기 시흥시 하중로 119,126.799699722263,37.3997599426804,http://place.map.kakao.com/1380420060,4139011900,경기도 시흥시 하중동,경기도,시흥시,하중동,,4139063000,경기도 시흥시 연성동,경기도,시흥시,연성동,2026-08-11T23:50:11+09:00
카페,1941721765,크로플뱅,음식점 > 카페 > 테마카페 > 디저트카페,일반카페,0,CE7,카페,070-8648-0654,경기 시흥시 하중동 855,경기 시흥시 연성로29번길 32,126.8057555813673,37.39359895637973,http://place.map.kakao.com/1941721765,4139011900,경기도 시흥시 하중동,경기도,시흥시,하중동,,4139063000,경기도 시흥시 연성동,경기도,시흥시,연성동,2026-08-11T23:50:11+09:00
카페,24406614,나무그늘,음식점 > 카페 > 커피전문점,일반카페,0,CE7,카페,,경기 시흥시 하상동 380-1,경기 시흥시 상직길 3,126.81256699014,37.3906221623394,http://place.map.kakao.com/24406614,4139012000,경기도 시흥시 하상동,경기도,시흥시,하상동,,4139063000,경기도 시흥시 연성동,경기도,시흥시,연성동,2026-08-11T23:50:11+09:00
카페,39752609,메가MGC커피 시흥하상점,음식점 > 카페 > 커피전문점 > 메가MGC커피,일반카페,0,CE7,카페,031-315-1351,경기 시흥시 하상동 380-3,경기 시흥시 연성로 86,126.81295080362086,37.39067502931075,http://place.map.kakao.com/39752609,4139012000,경기도 시흥시 하상동,경기도,시흥시,하상동,,4139063000,경기도 시흥시 연성동,경기도,시흥시,연성동,2026-08-11T23:50:11+09:00
카페,1088631201,원베이커리카페,음식점 > 카페 > 테마카페 > 디저트카페,일반카페,0,CE7,카페,,경기 시흥시 하상동 376-1,경기 시흥시 연성로 83-1,126.812600978482,37.3910312799739,http://place.map.kakao.com/1088631201,4139012000,경기도 시흥시 하상동,경기도,시흥시,하상동,,4139063000,경기도 시흥시 연성동,경기도,시흥시,연성동,2026-08-11T23:50:11+09:00
카페,527770494,카페은은,음식점 > 카페,일반카페,0,CE7,카페,,경기 시흥시 하상동 375-7,경기 시흥시 하상로8번길 8-1,126.813618594964,37.3914239315851,http://place.map.kakao.com/527770494,4139012000,경기도 시흥시 하상동,경기도,시흥시,하상동,,4139063000,경기도 시흥시 연성동,경기도,시흥시,연성동,2026-08-11T23:50:11+09:00
카페,238611437,카페일분 시흥점,음식점 > 카페 > 테마카페 > 무인카페 > 카페일분,일반카페,0,CE7,카페,010-2925-2585,경기 시흥시 하상동 205-2,경기 시흥시 하상로 33,126.81247791215257,37.393742257961335,http://place.map.kakao.com/238611437,4139012000,경기도 시흥시 하상동,경기도,시흥시,하상동,,4139063000,경기도 시흥시 연성동,경기도,시흥시,연성동,2026-08-11T23:50:11+09:00
카페,497560889,컴포즈커피 시흥하상동점,음식점 > 카페 > 커피전문점 > 컴포즈커피,일반카페,0,CE7,카페,,경기 시흥시 하상동 380-4,경기 시흥시 연성로 88,126.81309538511904,37.39065994055992,http://place.map.kakao.com/497560889,4139012000,경기도 시흥시 하상동,경기도,시흥시,하상동,,4139063000,경기도 시흥시 연성동,경기도,시흥시,연성동,2026-08-11T23:50:11+09:00
카페,1286958606,더벤티 시흥디원시티점,음식점 > 카페 > 커피전문점 > 더벤티,일반카페,0,CE7,카페,070-7537-2438,경기 시흥시 광석동 482,경기 시흥시 시흥대로 490,126.806045643289,37.3844585671896,http://place.map.kakao.com/1286958606,4139012100,경기도 시흥시 광석동,경기도,시흥시,광석동,,4139063000,경기도 시흥시 연성동,경기도,시흥시,연성동,2026-08-11T23:50:11+09:00
카페,965825124,카페디엘,음식점 > 카페,일반카페,0,CE7,카페,070-4042-1017,경기 시흥시 광석동 503-6,경기 시흥시 둔대로 43,126.808561981149,37.3837878015532,http://place.map.kakao.com/965825124,4139012100,경기도 시흥시 광석동,경기도,시흥시,광석동,,4139063000,경기도 시흥시 연성동,경기도,시흥시,연성동,2026-08-11T23:50:11+09:00
카페,32309031,하이오커피 시흥테라타워점,음식점 > 카페 > 커피전문점 > 하이오커피,일반카페,0,CE7,카페,070-8822-7748,경기 시흥시 광석동 505,경기 시흥시 둔대로 40,126.80947749146,37.3834315740463,http://place.map.kakao.com/32309031,4139012100,경기도 시흥시 광석동,경기도,시흥시,광석동,,4139063000,경기도 시흥시 연성동,경기도,시흥시,연성동,2026-08-11T23:50:11+09:00
카페,1973614508,가온누리 시흥점,음식점 > 카페,일반카페,0,CE7,카페,,경기 시흥시 장현동 300,경기 시흥시 시청로 20,126.803167454769,37.38012619968995,http://place.map.kakao.com/1973614508,4139012900,경기도 시흥시 장현동,경기도,시흥시,장현동,,4139063000,경기도 시흥시 연성동,경기도,시흥시,연성동,2026-08-11T23:50:11+09:00
카페,387930525,더낭,음식점 > 카페 > 테마카페 > 갤러리카페,기타,0,CE7,카페,,경기 시흥시 장현동 548-3,경기 시흥시 시청로68번길 30,126.80230219440723,37.38198987378454,http://place.map.kakao.com/387930525,4139012900,경기도 시흥시 장현동,경기도,시흥시,장현동,,4139063000,경기도 시흥시 연성동,경기도,시흥시,연성동,2026-08-11T23:50:11+09:00
카페,1450029504,만랩커피 시흥시청점,음식점 > 카페,일반카페,0,CE7,카페,031-317-0715,경기 시흥시 장현동 533-8,경기 시흥시 시청로80번길 16,126.800407420333,37.3820317422762,http://place.map.kakao.com/1450029504,4139012900,경기도 시흥시 장현동,경기도,시흥시,장현동,,4139063000,경기도 시흥시 연성동,경기도,시흥시,연성동,2026-08-11T23:50:11+09:00
카페,2132412750,매머드익스프레스 시흥시청점,음식점 > 카페 > 커피전문점 > 매머드익스프레스,일반카페,0,CE7,카페,,경기 시흥시 장현동 547-6,경기 시흥시 새재로17번길 6,126.802125513029,37.381335435755,http://place.map.kakao.com/2132412750,4139012900,경기도 시흥시 장현동,경기도,시흥시,장현동,,4139063000,경기도 시흥시 연성동,경기도,시흥시,연성동,2026-08-11T23:50:11+09:00
카페,918191300,메가MGC커피 시흥시청점,음식점 > 카페 > 커피전문점 > 메가MGC커피,일반카페,0,CE7,카페,031-315-0930,경기 시흥시 장현동 544-1,경기 시흥시 새재로17번길 7,126.801626647954,37.3812589141061,http://place.map.kakao.com/918191300,4139012900,경기도 시흥시 장현동,경기도,시흥시,장현동,,4139063000,경기도 시흥시 연성동,경기도,시흥시,연성동,2026-08-11T23:50:11+09:00
카페,489856664,백억커피 시흥시청점,음식점 > 카페 > 커피전문점 > 백억커피,일반카페,0,CE7,카페,070-8633-5003,경기 시흥시 장현동 543-4,경기 시흥시 새재로 11,126.80140783888898,37.380740458713746,http://place.map.kakao.com/489856664,4139012900,경기도 시흥시 장현동,경기도,시흥시,장현동,,4139063000,경기도 시흥시 연성동,경기도,시흥시,연성동,2026-08-11T23:50:11+09:00
카페,774682223,비긴어게인,음식점 > 카페 > 커피전문점,일반카페,0,CE7,카페,010-5839-5326,경기 시흥시 장현동 532-6,경기 시흥시 새재로17번길 18,126.800971892324,37.3820651304127,http://place.map.kakao.com/774682223,4139012900,경기도 시흥시 장현동,경기도,시흥시,장현동,,4139063000,경기도 시흥시 연성동,경기도,시흥시,연성동,2026-08-11T23:50:11+09:00
카페,1975485371,빽다방 시흥시청점,음식점 > 카페 > 커피전문점 > 빽다방,일반카페,0,CE7,카페,070-8770-4793,경기 시흥시 장현동 671-4,경기 시흥시 시청로 33,126.80358356744095,37.37902764329338,http://place.map.kakao.com/1975485371,4139012900,경기도 시흥시 장현동,경기도,시흥시,장현동,,4139063000,경기도 시흥시 연성동,경기도,시흥시,연성동,2026-08-11T23:50:11+09:00
카페,869518654,섬김,음식점 > 카페,일반카페,0,CE7,카페,010-7541-2770,경기 시흥시 장현동 531-3,경기 시흥시 시청로72번길 25-1,126.80145452682262,37.3823038116638,http://place.map.kakao.com/869518654,4139012900,경기도 시흥시 장현동,경기도,시흥시,장현동,,4139063000,경기도 시흥시 연성동,경기도,시흥시,연성동,2026-08-11T23:50:11+09:00
카페,1827975982,어썸쿠우키,음식점 > 카페,일반카페,0,CE7,카페,010-7714-7716,경기 시흥시 장현동 546-1,경기 시흥시 시청로68번길 26,126.802014831512,37.3817758506713,http://place.map.kakao.com/1827975982,4139012900,경기도 시흥시 장현동,경기도,시흥시,장현동,,4139063000,경기도 시흥시 연성동,경기도,시흥시,연성동,2026-08-11T23:50:11+09:00
카페,941511496,유캔두잇 시흥시청점,음식점 > 카페 > 커피전문점 > 유캔두잇,일반카페,0,CE7,카페,031-318-5849,경기 시흥시 장현동 539-1,경기 시흥시 시청로72번길 8,126.80037196101608,37.380926127457826,http://place.map.kakao.com/941511496,4139012900,경기도 시흥시 장현동,경기도,시흥시,장현동,,4139063000,경기도 시흥시 연성동,경기도,시흥시,연성동,2026-08-11T23:50:11+09:00
카페,2093012666,이엘리웃 에스프레소바,음식점 > 카페,일반카페,0,CE7,카페,0503-7152-4505,경기 시흥시 장현동 536-10,경기 시흥시 새재로7번길 22,126.799773947492,37.3816207061113,http://place.map.kakao.com/2093012666,4139012900,경기도 시흥시 장현동,경기도,시흥시,장현동,,4139063000,경기도 시흥시 연성동,경기도,시흥시,연성동,2026-08-11T23:50:11+09:00
카페,1462336166,일리카페 시흥시청점,음식점 > 카페 > 커피전문점 > 일리카페,일반카페,0,CE7,카페,0503-7150-4570,경기 시흥시 장현동 677,경기 시흥시 시청전원마을길 21,126.802389336574,37.3780408354557,http://place.map.kakao.com/1462336166,4139012900,경기도 시흥시 장현동,경기도,시흥시,장현동,,4139063000,경기도 시흥시 연성동,경기도,시흥시,연성동,2026-08-11T23:50:11+09:00
카페,1163494205,잉키커피,음식점 > 카페,일반카페,0,CE7,카페,070-7500-5847,경기 시흥시 장현동 681-5,경기 시흥시 시청전원마을길 51,126.802140790414,37.3772394101004,http://place.map.kakao.com/1163494205,4139012900,경기도 시흥시 장현동,경기도,시흥시,장현동,,4139063000,경기도 시흥시 연성동,경기도,시흥시,연성동,2026-08-11T23:50:11+09:00
카페,833114950,카페 리트,음식점 > 카페,일반카페,0,CE7,카페,,경기 시흥시 장현동 681-4,경기 시흥시 시청전원마을길 53,126.802316992173,37.3772126740471,http://place.map.kakao.com/833114950,4139012900,경기도 시흥시 장현동,경기도,시흥시,장현동,,4139063000,경기도 시흥시 연성동,경기도,시흥시,연성동,2026-08-11T23:50:11+09:00
카페,513457079,카페인중독 시흥시청점,음식점 > 카페 > 커피전문점 > 카페인중독,일반카페,0,CE7,카페,010-8882-8231,경기 시흥시 장현동 544-2,경기 시흥시 새재로17번길 7-1,126.801519663295,37.3811524138982,http://place.map.kakao.com/513457079,4139012900,경기도 시흥시 장현동,경기도,시흥시,장현동,,4139063000,경기도 시흥시 연성동,경기도,시흥시,연성동,2026-08-11T23:50:11+09:00
카페,1728611134,커피에반하다 시흥시청점,음식점 > 카페 > 커피전문점 > 커피에반하다,일반카페,0,CE7,카페,031-315-0550,경기 시흥시 장현동 543-4,경기 시흥시 새재로 11,126.80171402084,37.3806661875741,http://place.map.kakao.com/1728611134,4139012900,경기도 시흥시 장현동,경기도,시흥시,장현동,,4139063000,경기도 시흥시 연성동,경기도,시흥시,연성동,2026-08-11T23:50:11+09:00
카페,367631040,커피와케이크,음식점 > 카페,일반카페,0,CE7,카페,010-4040-4259,경기 시흥시 장현동 532-4,경기 시흥시 시청로72번길 21,126.801202251008,37.3820583096863,http://place.map.kakao.com/367631040,4139012900,경기도 시흥시 장현동,경기도,시흥시,장현동,,4139063000,경기도 시흥시 연성동,경기도,시흥시,연성동,2026-08-11T23:50:11+09:00
카페,1639984938,컴포즈커피 시흥시청점,음식점 > 카페 > 커피전문점 > 컴포즈커피,일반카페,0,CE7,카페,031-315-8080,경기 시흥시 장현동 547-1,경기 시흥시 새재로 23-2,126.802370003914,37.3815358716531,http://place.map.kakao.com/1639984938,4139012900,경기도 시흥시 장현동,경기도,시흥시,장현동,,4139063000,경기도 시흥시 연성동,경기도,시흥시,연성동,2026-08-11T23:50:11+09:00
카페,1677867871,테라커피 시흥시청점,음식점 > 카페 > 커피전문점 > 테라커피,일반카페,0,CE7,카페,031-315-5060,경기 시흥시 장현동 541-4,경기 시흥시 시청로68번길 4,126.80031363104621,37.38035568147847,http://place.map.kakao.com/1677867871,4139012900,경기도 시흥시 장현동,경기도,시흥시,장현동,,4139063000,경기도 시흥시 연성동,경기도,시흥시,연성동,2026-08-11T23:50:11+09:00
카페,813443278,투썸플레이스 시흥시청점,음식점 > 카페 > 커피전문점 > 투썸플레이스,일반카페,0,CE7,카페,031-315-8811,경기 시흥시 장현동 547-1,경기 시흥시 새재로 23-2,126.802368879535,37.3815340677286,http://place.map.kakao.com/813443278,4139012900,경기도 시흥시 장현동,경기도,시흥시,장현동,,4139063000,경기도 시흥시 연성동,경기도,시흥시,연성동,2026-08-11T23:50:11+09:00
카페,509243629,더벤티 시흥장현중앙점,음식점 > 카페 > 커피전문점 > 더벤티,일반카페,0,CE7,카페,070-8287-0198,경기 시흥시 장현동 584,경기 시흥시 장현순환로 1,126.79355513852798,37.38066844502302,http://place.map.kakao.com/509243629,4139012900,경기도 시흥시 장현동,경기도,시흥시,장현동,,4139063100,경기도 시흥시 장곡동,경기도,시흥시,장곡동,2026-08-11T23:50:11+09:00
카페,709396394,메가MGC커피 시흥장현지구점,음식점 > 카페 > 커피전문점 > 메가MGC커피,일반카페,0,CE7,카페,031-313-7456,경기 시흥시 장현동 610-4,경기 시흥시 장현서3길 10,126.79690076789208,37.37309212570644,http://place.map.kakao.com/709396394,4139012900,경기도 시흥시 장현동,경기도,시흥시,장현동,,4139063100,경기도 시흥시 장곡동,경기도,시흥시,장곡동,2026-08-11T23:50:11+09:00
카페,1593422495,봉명동내커피 시흥장현점,음식점 > 카페 > 커피전문점 > 봉명동내커피,일반카페,0,CE7,카페,031-311-5128,경기 시흥시 장현동 591,경기 시흥시 장현순환로 58,126.79636143408392,37.37631416032551,http://place.map.kakao.com/1593422495,4139012900,경기도 시흥시 장현동,경기도,시흥시,장현동,,4139063100,경기도 시흥시 장곡동,경기도,시흥시,장곡동,2026-08-11T23:50:11+09:00
카페,211396926,씨엠엠커피,음식점 > 카페,일반카페,0,CE7,카페,010-7401-3527,경기 시흥시 장현동 642-1,경기 시흥시 장현서2길 1,126.797600938418,37.3713372298942,http://place.map.kakao.com/211396926,4139012900,경기도 시흥시 장현동,경기도,시흥시,장현동,,4139063100,경기도 시흥시 장곡동,경기도,시흥시,장곡동,2026-08-11T23:50:11+09:00
카페,1404989006,요거트별,음식점 > 카페,일반카페,0,CE7,카페,,경기 시흥시 장현동 568,경기 시흥시 장현장곡로 65,126.79416494430394,37.38187417533228,http://place.map.kakao.com/1404989006,4139012900,경기도 시흥시 장현동,경기도,시흥시,장현동,,4139063100,경기도 시흥시 장곡동,경기도,시흥시,장곡동,2026-08-11T23:50:11+09:00
카페,1185387553,우리동네 쉼터,음식점 > 카페 > 테마카페 > 무인카페,일반카페,0,CE7,카페,010-7768-9884,경기 시흥시 장현동 614-7,경기 시흥시 장현서3길 24,126.79668333351,37.372503383415,http://place.map.kakao.com/1185387553,4139012900,경기도 시흥시 장현동,경기도,시흥시,장현동,,4139063100,경기도 시흥시 장곡동,경기도,시흥시,장곡동,2026-08-11T23:50:11+09:00
카페,2092276612,카페프리헷 시흥장현리슈빌점,음식점 > 카페 > 테마카페 > 무인카페 > 카페프리헷,일반카페,0,CE7,카페,0507-1366-5472,경기 시흥시 장현동 636,경기 시흥시 장현순환로 130,126.796112968756,37.3700858544428,http://place.map.kakao.com/2092276612,4139012900,경기도 시흥시 장현동,경기도,시흥시,장현동,,4139063100,경기도 시흥시 장곡동,경기도,시흥시,장곡동,2026-08-11T23:50:11+09:00
카페,230456959,컴포즈커피 시흥장현점,음식점 > 카페 > 커피전문점 > 컴포즈커피,일반카페,0,CE7,카페,,경기 시흥시 장현동 612-1,경기 시흥시 장현서3길 15,126.796398763354,37.3729461977311,http://place.map.kakao.com/230456959,4139012900,경기도 시흥시 장현동,경기도,시흥시,장현동,,4139063100,경기도 시흥시 장곡동,경기도,시흥시,장곡동,2026-08-11T23:50:11+09:00
카페,945687052,텐퍼센트커피 시흥장현점,음식점 > 카페 > 커피전문점 > 텐퍼센트커피,일반카페,0,CE7,카페,,경기 시흥시 장현동 608,경기 시흥시 장현순환로 81,126.79634614703112,37.373616468981986,http://place.map.kakao.com/945687052,4139012900,경기도 시흥시 장현동,경기도,시흥시,장현동,,4139063100,경기도 시흥시 장곡동,경기도,시흥시,장곡동,2026-08-11T23:50:11+09:00
카페,1865089526,37.5 시흥장현점,음식점 > 카페,일반카페,0,CE7,카페,031-317-3705,경기 시흥시 장곡동 949-4,경기 시흥시 황고개로 486,126.79027406473807,37.374148273812295,http://place.map.kakao.com/1865089526,4139013000,경기도 시흥시 장곡동,경기도,시흥시,장곡동,,4139063100,경기도 시흥시 장곡동,경기도,시흥시,장곡동,2026-08-11T23:50:11+09:00
카페,1487861675,KKO파티 베이커리카페 시흥점,음식점 > 카페 > 테마카페 > 디저트카페,일반카페,0,CE7,카페,,경기 시흥시 장곡동 857,경기 시흥시 인선길 128,126.78044714501686,37.382311728451945,http://place.map.kakao.com/1487861675,4139013000,경기도 시흥시 장곡동,경기도,시흥시,장곡동,,4139063100,경기도 시흥시 장곡동,경기도,시흥시,장곡동,2026-08-11T23:50:11+09:00
카페,2057558457,공차 시흥장현점,음식점 > 카페 > 공차,일반카페,0,CE7,카페,031-312-0332,경기 시흥시 장곡동 932-3,경기 시흥시 황고개로 536,126.7891631480882,37.37857753171303,http://place.map.kakao.com/2057558457,4139013000,경기도 시흥시 장곡동,경기도,시흥시,장곡동,,4139063100,경기도 시흥시 장곡동,경기도,시흥시,장곡동,2026-08-11T23:50:11+09:00
카페,604565028,과일을부탁해 장현점,음식점 > 카페 > 생과일전문점,일반카페,0,CE7,카페,031-318-1777,경기 시흥시 장곡동 932-6,경기 시흥시 황고개로 528,126.78914558099952,37.37799634049117,http://place.map.kakao.com/604565028,4139013000,경기도 시흥시 장곡동,경기도,시흥시,장곡동,,4139063100,경기도 시흥시 장곡동,경기도,시흥시,장곡동,2026-08-11T23:50:11+09:00
카페,679553294,국민우유집 시흥점,음식점 > 카페,일반카페,0,CE7,카페,,경기 시흥시 장곡동 932-7,경기 시흥시 황고개로 526,126.789208755719,37.3776117162088,http://place.map.kakao.com/679553294,4139013000,경기도 시흥시 장곡동,경기도,시흥시,장곡동,,4139063100,경기도 시흥시 장곡동,경기도,시흥시,장곡동,2026-08-11T23:50:11+09:00
카페,536920193,나우커피 장곡점,음식점 > 카페 > 커피전문점,일반카페,0,CE7,카페,,경기 시흥시 장곡동 803-6,경기 시흥시 인선길 100,126.780155162026,37.3798333740504,http://place.map.kakao.com/536920193,4139013000,경기도 시흥시 장곡동,경기도,시흥시,장곡동,,4139063100,경기도 시흥시 장곡동,경기도,시흥시,장곡동,2026-08-11T23:50:11+09:00
카페,516255775,더벤티 시흥장곡점,음식점 > 카페 > 커피전문점 > 더벤티,일반카페,0,CE7,카페,070-7576-1800,경기 시흥시 장곡동,경기 시흥시 장곡1로 15,126.78410779852268,37.37954331811943,http://place.map.kakao.com/516255775,4139013000,경기도 시흥시 장곡동,경기도,시흥시,장곡동,,4139063100,경기도 시흥시 장곡동,경기도,시흥시,장곡동,2026-08-11T23:50:11+09:00
카페,1956509712,데이롱카페,음식점 > 카페 > 테마카페 > 무인카페 > 데이롱카페,일반카페,0,CE7,카페,010-7518-3738,경기 시흥시 장곡동 802-2,경기 시흥시 장곡로 74,126.780654436262,37.379758615199,http://place.map.kakao.com/1956509712,4139013000,경기도 시흥시 장곡동,경기도,시흥시,장곡동,,4139063100,경기도 시흥시 장곡동,경기도,시흥시,장곡동,2026-08-11T23:50:11+09:00
카페,1118257021,디저트스튜디오슈크르,음식점 > 카페 > 커피전문점,일반카페,0,CE7,카페,031-8042-6742,경기 시흥시 장곡동 895-5,경기 시흥시 황고개로 531,126.788608921212,37.3781233277711,http://place.map.kakao.com/1118257021,4139013000,경기도 시흥시 장곡동,경기도,시흥시,장곡동,,4139063100,경기도 시흥시 장곡동,경기도,시흥시,장곡동,2026-08-11T23:50:11+09:00
카페,305777611,레골레골키즈카페,"가정,생활 > 유아 > 놀이시설 > 키즈카페",기타,0,CE7,카페,,경기 시흥시 장곡동 934-3,경기 시흥시 진말1로 10,126.789723118401,37.3781901877095,http://place.map.kakao.com/305777611,4139013000,경기도 시흥시 장곡동,경기도,시흥시,장곡동,,4139063100,경기도 시흥시 장곡동,경기도,시흥시,장곡동,2026-08-11T23:50:11+09:00
카페,419703107,메가MGC커피 시흥장곡점,음식점 > 카페 > 커피전문점 > 메가MGC커피,일반카페,0,CE7,카페,031-404-4060,경기 시흥시 장곡동 816-7,경기 시흥시 진말로9번길 12,126.784291779791,37.3783813342576,http://place.map.kakao.com/419703107,4139013000,경기도 시흥시 장곡동,경기도,시흥시,장곡동,,4139063100,경기도 시흥시 장곡동,경기도,시흥시,장곡동,2026-08-11T23:50:11+09:00
카페,841546921,메가MGC커피 시흥장현서희스타힐스점,음식점 > 카페 > 커피전문점 > 메가MGC커피,일반카페,0,CE7,카페,031-314-7004,경기 시흥시 장곡동 949-14,경기 시흥시 장현능곡로 11,126.791792370819,37.3729958438333,http://place.map.kakao.com/841546921,4139013000,경기도 시흥시 장곡동,경기도,시흥시,장곡동,,4139063100,경기도 시흥시 장곡동,경기도,시흥시,장곡동,2026-08-11T23:50:11+09:00
카페,415415399,메가MGC커피 시흥장현점,음식점 > 카페 > 커피전문점 > 메가MGC커피,일반카페,0,CE7,카페,031-312-7570,경기 시흥시 장곡동 932-7,경기 시흥시 황고개로 526,126.78912388284796,37.377680943702245,http://place.map.kakao.com/415415399,4139013000,경기도 시흥시 장곡동,경기도,시흥시,장곡동,,4139063100,경기도 시흥시 장곡동,경기도,시흥시,장곡동,2026-08-11T23:50:11+09:00
카페,1922828122,메가후르츠 장곡점,음식점 > 카페,일반카페,0,CE7,카페,031-435-1230,경기 시흥시 장곡동 936,경기 시흥시 장현장곡로 10,126.79015809908488,37.37808554059422,http://place.map.kakao.com/1922828122,4139013000,경기도 시흥시 장곡동,경기도,시흥시,장곡동,,4139063100,경기도 시흥시 장곡동,경기도,시흥시,장곡동,2026-08-11T23:50:11+09:00
카페,20058929,반디앤올,음식점 > 카페 > 테마카페 > 디저트카페,일반카페,0,CE7,카페,031-435-9100,경기 시흥시 장곡동 823-3,경기 시흥시 장곡로 23,126.78631628685245,37.379144571849935,http://place.map.kakao.com/20058929,4139013000,경기도 시흥시 장곡동,경기도,시흥시,장곡동,,4139063100,경기도 시흥시 장곡동,경기도,시흥시,장곡동,2026-08-11T23:50:11+09:00
카페,929287455,발도스커피 시흥장현점,음식점 > 카페 > 발도스커피,일반카페,0,CE7,카페,,경기 시흥시 장곡동 904-5,경기 시흥시 노루우물길 15,126.78692672005502,37.37689041236464,http://place.map.kakao.com/929287455,4139013000,경기도 시흥시 장곡동,경기도,시흥시,장곡동,,4139063100,경기도 시흥시 장곡동,경기도,시흥시,장곡동,2026-08-11T23:50:11+09:00
카페,687731363,벤티프레소 장곡점,음식점 > 카페 > 커피전문점 > 벤티프레소,일반카페,0,CE7,카페,,경기 시흥시 장곡동 820-3,경기 시흥시 진말로9번길 2,126.78532056366087,37.37830932231429,http://place.map.kakao.com/687731363,4139013000,경기도 시흥시 장곡동,경기도,시흥시,장곡동,,4139063100,경기도 시흥시 장곡동,경기도,시흥시,장곡동,2026-08-11T23:50:11+09:00
카페,1603890115,벤티프레소 장현지구점,음식점 > 카페 > 커피전문점 > 벤티프레소,일반카페,0,CE7,카페,031-316-0465,경기 시흥시 장곡동 932-1,경기 시흥시 장현장곡로 6,126.7897830386986,37.37897058022019,http://place.map.kakao.com/1603890115,4139013000,경기도 시흥시 장곡동,경기도,시흥시,장곡동,,4139063100,경기도 시흥시 장곡동,경기도,시흥시,장곡동,2026-08-11T23:50:11+09:00
카페,490565919,보글케이크앤커피,음식점 > 카페 > 테마카페 > 디저트카페,일반카페,0,CE7,카페,010-4375-5989,경기 시흥시 장곡동 251,경기 시흥시 장현장곡로 2,126.789292203848,37.3788588809127,http://place.map.kakao.com/490565919,4139013000,경기도 시흥시 장곡동,경기도,시흥시,장곡동,,4139063100,경기도 시흥시 장곡동,경기도,시흥시,장곡동,2026-08-11T23:50:11+09:00
카페,2052287179,빌리고트커피 로스터스,음식점 > 카페 > 커피전문점,일반카페,0,CE7,카페,031-317-7114,경기 시흥시 장곡동 794-4,경기 시흥시 장곡로54번길 31,126.78223358987644,37.38225286095455,http://place.map.kakao.com/2052287179,4139013000,경기도 시흥시 장곡동,경기도,시흥시,장곡동,,4139063100,경기도 시흥시 장곡동,경기도,시흥시,장곡동,2026-08-11T23:50:11+09:00
카페,719412803,빙수바라기,음식점 > 카페,일반카페,0,CE7,카페,,경기 시흥시 장곡동 932-7,경기 시흥시 황고개로 526,126.789208755719,37.3776117162088,http://place.map.kakao.com/719412803,4139013000,경기도 시흥시 장곡동,경기도,시흥시,장곡동,,4139063100,경기도 시흥시 장곡동,경기도,시흥시,장곡동,2026-08-11T23:50:11+09:00
카페,32549467,빽다방 시흥장곡공원점,음식점 > 카페 > 커피전문점 > 빽다방,일반카페,0,CE7,카페,070-4009-3311,경기 시흥시 장곡동 817-1,경기 시흥시 진말로9번길 15,126.783974191312,37.3780996353888,http://place.map.kakao.com/32549467,4139013000,경기도 시흥시 장곡동,경기도,시흥시,장곡동,,4139063100,경기도 시흥시 장곡동,경기도,시흥시,장곡동,2026-08-11T23:50:11+09:00
카페,1703997413,빽다방 시흥장현점,음식점 > 카페 > 커피전문점 > 빽다방,일반카페,0,CE7,카페,0503-7153-3144,경기 시흥시 장곡동 932-7,경기 시흥시 황고개로 526,126.789148477268,37.3777683867935,http://place.map.kakao.com/1703997413,4139013000,경기도 시흥시 장곡동,경기도,시흥시,장곡동,,4139063100,경기도 시흥시 장곡동,경기도,시흥시,장곡동,2026-08-11T23:50:11+09:00
카페,1240367917,사과당 시흥장곡점,음식점 > 카페 > 테마카페 > 디저트카페 > 사과당,일반카페,0,CE7,카페,0506-506-5929,경기 시흥시 장곡동 934-1,경기 시흥시 진말1로 8,126.789744866988,37.3784884650247,http://place.map.kakao.com/1240367917,4139013000,경기도 시흥시 장곡동,경기도,시흥시,장곡동,,4139063100,경기도 시흥시 장곡동,경기도,시흥시,장곡동,2026-08-11T23:50:11+09:00
카페,1727267180,샐로리,음식점 > 카페,일반카페,0,CE7,카페,,경기 시흥시 장곡동 813-10,경기 시흥시 장곡로49번길 5-1,126.783397265975,37.3788761629965,http://place.map.kakao.com/1727267180,4139013000,경기도 시흥시 장곡동,경기도,시흥시,장곡동,,4139063100,경기도 시흥시 장곡동,경기도,시흥시,장곡동,2026-08-11T23:50:11+09:00
카페,859498004,설빙 경기시흥장곡점,음식점 > 카페 > 테마카페 > 디저트카페 > 설빙,일반카페,0,CE7,카페,031-313-4237,경기 시흥시 장곡동 932-5,경기 시흥시 황고개로 530,126.78915274785541,37.378259452031365,http://place.map.kakao.com/859498004,4139013000,경기도 시흥시 장곡동,경기도,시흥시,장곡동,,4139063100,경기도 시흥시 장곡동,경기도,시흥시,장곡동,2026-08-11T23:50:11+09:00
카페,1409012500,스타벅스 시흥장현점,음식점 > 카페 > 커피전문점 > 스타벅스,일반카페,0,CE7,카페,1522-3232,경기 시흥시 장곡동 932-5,경기 시흥시 황고개로 530,126.78924102869412,37.378183022422014,http://place.map.kakao.com/1409012500,4139013000,경기도 시흥시 장곡동,경기도,시흥시,장곡동,,4139063100,경기도 시흥시 장곡동,경기도,시흥시,장곡동,2026-08-11T23:50:11+09:00
카페,1031979138,스테이커피 시흥장현2호점,음식점 > 카페 > 테마카페 > 무인카페,일반카페,0,CE7,카페,010-7528-9474,경기 시흥시 장곡동 920,경기 시흥시 장곡북로 43,126.79009017706014,37.38139037205244,http://place.map.kakao.com/1031979138,4139013000,경기도 시흥시 장곡동,경기도,시흥시,장곡동,,4139063100,경기도 시흥시 장곡동,경기도,시흥시,장곡동,2026-08-11T23:50:11+09:00
카페,38547934,시니나떼,음식점 > 카페,일반카페,0,CE7,카페,,경기 시흥시 장곡동 355-12,경기 시흥시 인선길 39,126.78345196023,37.3771318825207,http://place.map.kakao.com/38547934,4139013000,경기도 시흥시 장곡동,경기도,시흥시,장곡동,,4139063100,경기도 시흥시 장곡동,경기도,시흥시,장곡동,2026-08-11T23:50:11+09:00
카페,112435179,시흥시니어클럽 시니나떼,음식점 > 카페,일반카페,0,CE7,카페,,경기 시흥시 장곡동 355-12,경기 시흥시 인선길 39,126.78315949458772,37.37714666403961,http://place.map.kakao.com/112435179,4139013000,경기도 시흥시 장곡동,경기도,시흥시,장곡동,,4139063100,경기도 시흥시 장곡동,경기도,시흥시,장곡동,2026-08-11T23:50:11+09:00
카페,572648422,안스무인카페,음식점 > 카페 > 테마카페 > 무인카페,일반카페,0,CE7,카페,,경기 시흥시 장곡동 936,경기 시흥시 장현장곡로 10,126.79013871684904,37.378153082947335,http://place.map.kakao.com/572648422,4139013000,경기도 시흥시 장곡동,경기도,시흥시,장곡동,,4139063100,경기도 시흥시 장곡동,경기도,시흥시,장곡동,2026-08-11T23:50:11+09:00
카페,561515870,오어스커피하우스 시흥점,음식점 > 카페 > 커피전문점,일반카페,0,CE7,카페,,경기 시흥시 장곡동 932-6,경기 시흥시 황고개로 528,126.78933754540154,37.37798767235195,http://place.map.kakao.com/561515870,4139013000,경기도 시흥시 장곡동,경기도,시흥시,장곡동,,4139063100,경기도 시흥시 장곡동,경기도,시흥시,장곡동,2026-08-11T23:50:11+09:00
카페,417330597,요거트월드 시흥장현점,음식점 > 카페 > 테마카페 > 디저트카페 > 요거트월드,일반카페,0,CE7,카페,,경기 시흥시 장곡동 932-6,경기 시흥시 황고개로 528,126.789234977982,37.3779244179883,http://place.map.kakao.com/417330597,4139013000,경기도 시흥시 장곡동,경기도,시흥시,장곡동,,4139063100,경기도 시흥시 장곡동,경기도,시흥시,장곡동,2026-08-11T23:50:11+09:00
카페,309387210,우리끼리키즈카페 꿈꾸는마을 시흥장곡점,"가정,생활 > 유아 > 놀이시설 > 키즈카페 > 우리끼리",기타,0,CE7,카페,1899-3635,경기 시흥시 장곡동 882-4,경기 시흥시 장곡1로 5,126.784833280185,37.3797248448251,http://place.map.kakao.com/309387210,4139013000,경기도 시흥시 장곡동,경기도,시흥시,장곡동,,4139063100,경기도 시흥시 장곡동,경기도,시흥시,장곡동,2026-08-11T23:50:11+09:00
카페,1123567354,우지커피 시흥장곡점,음식점 > 카페 > 커피전문점 > 우지커피,일반카페,0,CE7,카페,,경기 시흥시 장곡동 813-6,경기 시흥시 진말로9번길 18-1,126.783517099956,37.3784303760447,http://place.map.kakao.com/1123567354,4139013000,경기도 시흥시 장곡동,경기도,시흥시,장곡동,,4139063100,경기도 시흥시 장곡동,경기도,시흥시,장곡동,2026-08-11T23:50:11+09:00
카페,1076244271,제니래빗카페,음식점 > 카페,일반카페,0,CE7,카페,,경기 시흥시 장곡동 23,경기 시흥시 섬말길 44,126.785846264266,37.3868033125811,http://place.map.kakao.com/1076244271,4139013000,경기도 시흥시 장곡동,경기도,시흥시,장곡동,,4139063100,경기도 시흥시 장곡동,경기도,시흥시,장곡동,2026-08-11T23:50:11+09:00
카페,2145980719,카페도온,음식점 > 카페,일반카페,0,CE7,카페,,경기 시흥시 장곡동 946,경기 시흥시 장곡남로 35,126.79144123476014,37.37341149821787,http://place.map.kakao.com/2145980719,4139013000,경기도 시흥시 장곡동,경기도,시흥시,장곡동,,4139063100,경기도 시흥시 장곡동,경기도,시흥시,장곡동,2026-08-11T23:50:11+09:00
카페,402362319,카페링크인,음식점 > 카페,일반카페,0,CE7,카페,,경기 시흥시 장곡동 829,경기 시흥시 진말로 46-1,126.78751788535101,37.38145335510358,http://place.map.kakao.com/402362319,4139013000,경기도 시흥시 장곡동,경기도,시흥시,장곡동,,4139063100,경기도 시흥시 장곡동,경기도,시흥시,장곡동,2026-08-11T23:50:11+09:00
카페,2021188220,카페테라스,음식점 > 카페,일반카페,0,CE7,카페,,경기 시흥시 장곡동 816-1,경기 시흥시 진말로9번길 12-10,126.78432385579393,37.379008504743304,http://place.map.kakao.com/2021188220,4139013000,경기도 시흥시 장곡동,경기도,시흥시,장곡동,,4139063100,경기도 시흥시 장곡동,경기도,시흥시,장곡동,2026-08-11T23:50:11+09:00
카페,1187361611,카페토스트온,음식점 > 카페 > 테마카페 > 디저트카페,일반카페,0,CE7,카페,,경기 시흥시 장곡동 823-7,경기 시흥시 장곡로 17,126.786814441865,37.3790625767552,http://place.map.kakao.com/1187361611,4139013000,경기도 시흥시 장곡동,경기도,시흥시,장곡동,,4139063100,경기도 시흥시 장곡동,경기도,시흥시,장곡동,2026-08-11T23:50:11+09:00
카페,1991121321,커피사피엔스 시흥장곡점,음식점 > 카페 > 커피전문점 > 커피사피엔스,일반카페,0,CE7,카페,,경기 시흥시 장곡동 388-6,경기 시흥시 장곡1로 11,126.784443100852,37.3795556430343,http://place.map.kakao.com/1991121321,4139013000,경기도 시흥시 장곡동,경기도,시흥시,장곡동,,4139063100,경기도 시흥시 장곡동,경기도,시흥시,장곡동,2026-08-11T23:50:11+09:00
카페,921043997,컴포즈커피 시흥장곡메디프라자점,음식점 > 카페 > 커피전문점 > 컴포즈커피,일반카페,0,CE7,카페,070-8648-2887,경기 시흥시 장곡동 932-2,경기 시흥시 장현장곡로 2,126.78919606922766,37.378917276082696,http://place.map.kakao.com/921043997,4139013000,경기도 시흥시 장곡동,경기도,시흥시,장곡동,,4139063100,경기도 시흥시 장곡동,경기도,시흥시,장곡동,2026-08-11T23:50:11+09:00
카페,282093007,컴포즈커피 시흥장곡점,음식점 > 카페 > 커피전문점 > 컴포즈커피,일반카페,0,CE7,카페,031-404-2225,경기 시흥시 장곡동 810-2,경기 시흥시 장곡로49번길 14,126.783079657786,37.3782097249054,http://place.map.kakao.com/282093007,4139013000,경기도 시흥시 장곡동,경기도,시흥시,장곡동,,4139063100,경기도 시흥시 장곡동,경기도,시흥시,장곡동,2026-08-11T23:50:11+09:00
카페,327179872,컴포즈커피 시흥장현코리아프라자점,음식점 > 카페 > 커피전문점 > 컴포즈커피,일반카페,0,CE7,카페,0502-5553-1244,경기 시흥시 장곡동 949-11,경기 시흥시 장현능곡로 1,126.79082726363785,37.37293287127425,http://place.map.kakao.com/327179872,4139013000,경기도 시흥시 장곡동,경기도,시흥시,장곡동,,4139063100,경기도 시흥시 장곡동,경기도,시흥시,장곡동,2026-08-11T23:50:11+09:00
카페,101266757,큐리오시티,"가정,생활 > 유아 > 놀이시설 > 키즈카페",기타,0,CE7,카페,,경기 시흥시 장곡동 949-13,경기 시흥시 장현능곡로 9,126.791555305102,37.3729882180713,http://place.map.kakao.com/101266757,4139013000,경기도 시흥시 장곡동,경기도,시흥시,장곡동,,4139063100,경기도 시흥시 장곡동,경기도,시흥시,장곡동,2026-08-11T23:50:11+09:00
카페,435984705,텐퍼센트커피 시흥장곡점,음식점 > 카페 > 커피전문점 > 텐퍼센트커피,일반카페,0,CE7,카페,031-315-7319,경기 시흥시 장곡동 932-7,경기 시흥시 황고개로 526,126.78911815687555,37.377709766225784,http://place.map.kakao.com/435984705,4139013000,경기도 시흥시 장곡동,경기도,시흥시,장곡동,,4139063100,경기도 시흥시 장곡동,경기도,시흥시,장곡동,2026-08-11T23:50:11+09:00
카페,1773916963,투썸플레이스 시흥장현점,음식점 > 카페 > 커피전문점 > 투썸플레이스,일반카페,0,CE7,카페,0502-5552-7962,경기 시흥시 장곡동 949-13,경기 시흥시 장현능곡로 9,126.7914764511432,37.37292500738591,http://place.map.kakao.com/1773916963,4139013000,경기도 시흥시 장곡동,경기도,시흥시,장곡동,,4139063100,경기도 시흥시 장곡동,경기도,시흥시,장곡동,2026-08-11T23:50:11+09:00
카페,1982992226,포레스트,음식점 > 카페,일반카페,0,CE7,카페,,경기 시흥시 장곡동 893-3,경기 시흥시 인선1길 8,126.7882594964601,37.377915467359216,http://place.map.kakao.com/1982992226,4139013000,경기도 시흥시 장곡동,경기도,시흥시,장곡동,,4139063100,경기도 시흥시 장곡동,경기도,시흥시,장곡동,2026-08-11T23:50:11+09:00
카페,2065914455,하삼동커피 시흥갯골생태공원점,음식점 > 카페 > 커피전문점 > 하삼동커피,일반카페,0,CE7,카페,031-361-0077,경기 시흥시 장곡동 724-10,경기 시흥시 섬말길 94,126.78387920984879,37.39152469007156,http://place.map.kakao.com/2065914455,4139013000,경기도 시흥시 장곡동,경기도,시흥시,장곡동,,4139063100,경기도 시흥시 장곡동,경기도,시흥시,장곡동,2026-08-11T23:50:11+09:00
카페,1702590898,하삼동커피 시흥장현점,음식점 > 카페 > 커피전문점 > 하삼동커피,일반카페,0,CE7,카페,031-313-7158,경기 시흥시 장곡동 932-7,경기 시흥시 황고개로 526,126.78931821292176,37.377633535804314,http://place.map.kakao.com/1702590898,4139013000,경기도 시흥시 장곡동,경기도,시흥시,장곡동,,4139063100,경기도 시흥시 장곡동,경기도,시흥시,장곡동,2026-08-11T23:50:11+09:00
카페,62554417,하이몽몽,음식점 > 카페 > 테마카페 > 애견카페,기타,0,CE7,카페,,경기 시흥시 장곡동 893-3,경기 시흥시 인선1길 8,126.788210741967,37.3779883629354,http://place.map.kakao.com/62554417,4139013000,경기도 시흥시 장곡동,경기도,시흥시,장곡동,,4139063100,경기도 시흥시 장곡동,경기도,시흥시,장곡동,2026-08-11T23:50:11+09:00
카페,81304329,홈즈앤루팡 시흥장곡점,"가정,생활 > 여가시설 > 보드카페 > 홈즈앤루팡",기타,0,CE7,카페,031-311-3889,경기 시흥시 장곡동 895-5,경기 시흥시 황고개로 531,126.78866191605486,37.37814865112136,http://place.map.kakao.com/81304329,4139013000,경기도 시흥시 장곡동,경기도,시흥시,장곡동,,4139063100,경기도 시흥시 장곡동,경기도,시흥시,장곡동,2026-08-11T23:50:11+09:00
카페,1055148067,걸리버스,음식점 > 카페,일반카페,0,CE7,카페,0503-7151-8760,경기 시흥시 능곡동 524,경기 시흥시 승지로69번길 10,126.809636605803,37.3705138548522,http://place.map.kakao.com/1055148067,4139011800,경기도 시흥시 능곡동,경기도,시흥시,능곡동,,4139064000,경기도 시흥시 능곡동,경기도,시흥시,능곡동,2026-08-11T23:50:11+09:00
카페,169647270,고양이출근중,음식점 > 카페 > 테마카페 > 고양이카페,기타,0,CE7,카페,0503-7154-0708,경기 시흥시 능곡동 871,경기 시흥시 장현능곡로 155,126.807314111134,37.371052510752,http://place.map.kakao.com/169647270,4139011800,경기도 시흥시 능곡동,경기도,시흥시,능곡동,,4139064000,경기도 시흥시 능곡동,경기도,시흥시,능곡동,2026-08-11T23:50:11+09:00
카페,2137315489,공차 시흥능곡점,음식점 > 카페 > 공차,일반카페,0,CE7,카페,031-317-6391,경기 시흥시 능곡동 741,경기 시흥시 승지로 58,126.81038850809016,37.36915902045695,http://place.map.kakao.com/2137315489,4139011800,경기도 시흥시 능곡동,경기도,시흥시,능곡동,,4139064000,경기도 시흥시 능곡동,경기도,시흥시,능곡동,2026-08-11T23:50:11+09:00
카페,292504492,너티차일드 빌런 시흥장현점,"가정,생활 > 유아 > 놀이시설 > 키즈카페",기타,0,CE7,카페,070-5030-3355,경기 시흥시 능곡동 900-2,경기 시흥시 능곡번영길 25,126.807217593185,37.3695052942538,http://place.map.kakao.com/292504492,4139011800,경기도 시흥시 능곡동,경기도,시흥시,능곡동,,4139064000,경기도 시흥시 능곡동,경기도,시흥시,능곡동,2026-08-11T23:50:11+09:00
카페,969019753,늘굽당,음식점 > 카페 > 테마카페 > 디저트카페,일반카페,0,CE7,카페,010-3420-1709,경기 시흥시 능곡동 871,경기 시흥시 장현능곡로 155,126.807314111134,37.371052510752,http://place.map.kakao.com/969019753,4139011800,경기도 시흥시 능곡동,경기도,시흥시,능곡동,,4139064000,경기도 시흥시 능곡동,경기도,시흥시,능곡동,2026-08-11T23:50:11+09:00
카페,1305298868,달리는커피 시흥능곡역점,음식점 > 카페 > 커피전문점 > 달리는커피,일반카페,0,CE7,카페,031-8042-7090,경기 시흥시 능곡동 871,경기 시흥시 장현능곡로 155,126.80731420792117,37.37101466789056,http://place.map.kakao.com/1305298868,4139011800,경기도 시흥시 능곡동,경기도,시흥시,능곡동,,4139064000,경기도 시흥시 능곡동,경기도,시흥시,능곡동,2026-08-11T23:50:11+09:00
카페,1165369390,더벤티 시흥능곡점,음식점 > 카페 > 커피전문점 > 더벤티,일반카페,0,CE7,카페,070-7537-1412,경기 시흥시 능곡동 719,경기 시흥시 장현능곡로 178,126.80999452260794,37.36960259340614,http://place.map.kakao.com/1165369390,4139011800,경기도 시흥시 능곡동,경기도,시흥시,능곡동,,4139064000,경기도 시흥시 능곡동,경기도,시흥시,능곡동,2026-08-11T23:50:11+09:00
카페,869547949,더홀릭보드게임카페 시흥능곡점,"가정,생활 > 여가시설 > 보드카페",기타,0,CE7,카페,010-7556-1145,경기 시흥시 능곡동 871,경기 시흥시 장현능곡로 155,126.80731411113393,37.37105251075204,http://place.map.kakao.com/869547949,4139011800,경기도 시흥시 능곡동,경기도,시흥시,능곡동,,4139064000,경기도 시흥시 능곡동,경기도,시흥시,능곡동,2026-08-11T23:50:11+09:00
카페,1364540334,동네카페마실 능곡점,음식점 > 카페,일반카페,0,CE7,카페,,경기 시흥시 능곡동 41-1,경기 시흥시 시흥대로360번길 9,126.81051862111812,37.373084992773435,http://place.map.kakao.com/1364540334,4139011800,경기도 시흥시 능곡동,경기도,시흥시,능곡동,,4139064000,경기도 시흥시 능곡동,경기도,시흥시,능곡동,2026-08-11T23:50:11+09:00
카페,1659842753,딥인사이드커피,음식점 > 카페 > 커피전문점,일반카페,0,CE7,카페,010-2720-6992,경기 시흥시 능곡동 511,경기 시흥시 승지로69번길 9,126.809525441799,37.3702758053764,http://place.map.kakao.com/1659842753,4139011800,경기도 시흥시 능곡동,경기도,시흥시,능곡동,,4139064000,경기도 시흥시 능곡동,경기도,시흥시,능곡동,2026-08-11T23:50:11+09:00
카페,1433544611,레디언트,음식점 > 카페 > 커피전문점,일반카페,0,CE7,카페,010-4667-5528,경기 시흥시 능곡동 238-2,경기 시흥시 장현능곡로 155,126.8075304291,37.3707834566503,http://place.map.kakao.com/1433544611,4139011800,경기도 시흥시 능곡동,경기도,시흥시,능곡동,,4139064000,경기도 시흥시 능곡동,경기도,시흥시,능곡동,2026-08-11T23:50:11+09:00
카페,361124144,매머드익스프레스 시흥능곡역점,음식점 > 카페 > 커피전문점 > 매머드익스프레스,일반카페,0,CE7,카페,,경기 시흥시 능곡동 898-7,경기 시흥시 능곡번영길 24,126.807461103822,37.3700796436247,http://place.map.kakao.com/361124144,4139011800,경기도 시흥시 능곡동,경기도,시흥시,능곡동,,4139064000,경기도 시흥시 능곡동,경기도,시흥시,능곡동,2026-08-11T23:50:11+09:00
카페,117102928,매머드커피 시흥능곡역점,음식점 > 카페 > 커피전문점 > 매머드커피,일반카페,0,CE7,카페,,경기 시흥시 능곡동 898-7,경기 시흥시 능곡번영길 24,126.80744758882024,37.37006700727825,http://place.map.kakao.com/117102928,4139011800,경기도 시흥시 능곡동,경기도,시흥시,능곡동,,4139064000,경기도 시흥시 능곡동,경기도,시흥시,능곡동,2026-08-11T23:50:11+09:00
카페,1401124371,메가MGC커피 시흥능곡역점,음식점 > 카페 > 커피전문점 > 메가MGC커피,일반카페,0,CE7,카페,031-314-0627,경기 시흥시 능곡동 733,경기 시흥시 장현능곡로 184,126.810669009935,37.3693982413816,http://place.map.kakao.com/1401124371,4139011800,경기도 시흥시 능곡동,경기도,시흥시,능곡동,,4139064000,경기도 시흥시 능곡동,경기도,시흥시,능곡동,2026-08-11T23:50:11+09:00
카페,1423299750,메가MGC커피 시흥능곡중앙점,음식점 > 카페 > 커피전문점 > 메가MGC커피,일반카페,0,CE7,카페,031-313-3320,경기 시흥시 능곡동 900-1,경기 시흥시 능곡번영길 33,126.80662575003389,37.36917545407298,http://place.map.kakao.com/1423299750,4139011800,경기도 시흥시 능곡동,경기도,시흥시,능곡동,,4139064000,경기도 시흥시 능곡동,경기도,시흥시,능곡동,2026-08-11T23:50:11+09:00
카페,960286751,모넬로 시흥능곡역점,"가정,생활 > 유아 > 놀이시설 > 키즈카페",기타,0,CE7,카페,031-315-2053,경기 시흥시 능곡동 212,경기 시흥시 능곡번영길 30,126.806531921824,37.370104257088,http://place.map.kakao.com/960286751,4139011800,경기도 시흥시 능곡동,경기도,시흥시,능곡동,,4139064000,경기도 시흥시 능곡동,경기도,시흥시,능곡동,2026-08-11T23:50:11+09:00
카페,28517671,무인키즈카페 지니키즈,"가정,생활 > 유아 > 놀이시설 > 키즈카페",기타,0,CE7,카페,0502-5550-3966,경기 시흥시 능곡동 871,경기 시흥시 장현능곡로 155,126.807314111134,37.371052510752,http://place.map.kakao.com/28517671,4139011800,경기도 시흥시 능곡동,경기도,시흥시,능곡동,,4139064000,경기도 시흥시 능곡동,경기도,시흥시,능곡동,2026-08-11T23:50:11+09:00
카페,1181282520,벌툰 파리지앵 시흥능곡점,"가정,생활 > 여가시설 > 만화방 > 만화카페 > 벌툰",기타,0,CE7,카페,031-311-7880,경기 시흥시 능곡동 211-3,경기 시흥시 능곡번영길 25,126.807279903185,37.3694197984503,http://place.map.kakao.com/1181282520,4139011800,경기도 시흥시 능곡동,경기도,시흥시,능곡동,,4139064000,경기도 시흥시 능곡동,경기도,시흥시,능곡동,2026-08-11T23:50:11+09:00
카페,217870841,블럭i카페,"가정,생활 > 유아 > 놀이시설 > 키즈카페",기타,0,CE7,카페,070-4189-8433,경기 시흥시 능곡동 758,경기 시흥시 승지로60번길 17,126.812595132294,37.368877813508,http://place.map.kakao.com/217870841,4139011800,경기도 시흥시 능곡동,경기도,시흥시,능곡동,,4139064000,경기도 시흥시 능곡동,경기도,시흥시,능곡동,2026-08-11T23:50:11+09:00
카페,1635920861,빽다방 시흥능곡장현점,음식점 > 카페 > 커피전문점 > 빽다방,일반카페,0,CE7,카페,070-4365-7596,경기 시흥시 능곡동 900-2,경기 시흥시 능곡번영길 25,126.80736973355782,37.36960915996684,http://place.map.kakao.com/1635920861,4139011800,경기도 시흥시 능곡동,경기도,시흥시,능곡동,,4139064000,경기도 시흥시 능곡동,경기도,시흥시,능곡동,2026-08-11T23:50:11+09:00
카페,1359455878,스타벅스 시흥능곡역점,음식점 > 카페 > 커피전문점 > 스타벅스,일반카페,0,CE7,카페,1522-3232,경기 시흥시 능곡동 871,경기 시흥시 장현능곡로 155,126.80749692444236,37.37064104023829,http://place.map.kakao.com/1359455878,4139011800,경기도 시흥시 능곡동,경기도,시흥시,능곡동,,4139064000,경기도 시흥시 능곡동,경기도,시흥시,능곡동,2026-08-11T23:50:11+09:00
카페,847061303,시흥플랑드르 다이나믹온,"가정,생활 > 유아 > 놀이시설 > 키즈카페",기타,0,CE7,카페,031-315-2298,경기 시흥시 능곡동 238-1,경기 시흥시 장현능곡로 155,126.807377309369,37.3710616239478,http://place.map.kakao.com/847061303,4139011800,경기도 시흥시 능곡동,경기도,시흥시,능곡동,,4139064000,경기도 시흥시 능곡동,경기도,시흥시,능곡동,2026-08-11T23:50:11+09:00
카페,1519804695,시흥플랑드르 세인트린느 카페,음식점 > 카페,일반카페,0,CE7,카페,070-8828-5798,경기 시흥시 능곡동 235-1,경기 시흥시 장현능곡로 155,126.807381827478,37.3710607302814,http://place.map.kakao.com/1519804695,4139011800,경기도 시흥시 능곡동,경기도,시흥시,능곡동,,4139064000,경기도 시흥시 능곡동,경기도,시흥시,능곡동,2026-08-11T23:50:11+09:00
카페,1180322331,아이갓에브리씽 능곡어울림센터,음식점 > 카페,일반카페,0,CE7,카페,,경기 시흥시 능곡동 710,경기 시흥시 능곡로 140,126.815989125246,37.366382797743,http://place.map.kakao.com/1180322331,4139011800,경기도 시흥시 능곡동,경기도,시흥시,능곡동,,4139064000,경기도 시흥시 능곡동,경기도,시흥시,능곡동,2026-08-11T23:50:11+09:00
카페,2025062916,아이오카페,음식점 > 카페,일반카페,0,CE7,카페,,경기 시흥시 능곡동 782,경기 시흥시 승지로 9,126.81024271254549,37.36518977103442,http://place.map.kakao.com/2025062916,4139011800,경기도 시흥시 능곡동,경기도,시흥시,능곡동,,4139064000,경기도 시흥시 능곡동,경기도,시흥시,능곡동,2026-08-11T23:50:11+09:00
카페,1459901431,아토키즈카페,"가정,생활 > 유아 > 놀이시설 > 키즈카페",기타,0,CE7,카페,070-8623-3747,경기 시흥시 능곡동 724,경기 시흥시 승지로 49,126.80959181451,37.3685819857143,http://place.map.kakao.com/1459901431,4139011800,경기도 시흥시 능곡동,경기도,시흥시,능곡동,,4139064000,경기도 시흥시 능곡동,경기도,시흥시,능곡동,2026-08-11T23:50:11+09:00
카페,1770269472,에그팡카페,음식점 > 카페,일반카페,0,CE7,카페,,경기 시흥시 능곡동 871,경기 시흥시 장현능곡로 155,126.807314111134,37.371052510752,http://place.map.kakao.com/1770269472,4139011800,경기도 시흥시 능곡동,경기도,시흥시,능곡동,,4139064000,경기도 시흥시 능곡동,경기도,시흥시,능곡동,2026-08-11T23:50:11+09:00
카페,1497226035,에이그레이트 시흥플랑드르점,음식점 > 카페,일반카페,0,CE7,카페,031-315-3242,경기 시흥시 능곡동 238-1,경기 시흥시 장현능곡로 155,126.807377313976,37.3710598219063,http://place.map.kakao.com/1497226035,4139011800,경기도 시흥시 능곡동,경기도,시흥시,능곡동,,4139064000,경기도 시흥시 능곡동,경기도,시흥시,능곡동,2026-08-11T23:50:11+09:00
카페,1518426392,요거트아이스크림의정석 시흥능곡점,음식점 > 카페 > 테마카페 > 디저트카페 > 요거트아이스크림의정석,일반카페,0,CE7,카페,0507-1312-6339,경기 시흥시 능곡동 722,경기 시흥시 승지로59번길 12,126.809033340622,37.3688928399291,http://place.map.kakao.com/1518426392,4139011800,경기도 시흥시 능곡동,경기도,시흥시,능곡동,,4139064000,경기도 시흥시 능곡동,경기도,시흥시,능곡동,2026-08-11T23:50:11+09:00
카페,24663683,요거프레소 시흥능곡점,음식점 > 카페 > 테마카페 > 디저트카페 > 요거프레소,일반카페,0,CE7,카페,,경기 시흥시 능곡동 761,경기 시흥시 승지로60번길 23,126.81245670731428,37.36825048074886,http://place.map.kakao.com/24663683,4139011800,경기도 시흥시 능곡동,경기도,시흥시,능곡동,,4139064000,경기도 시흥시 능곡동,경기도,시흥시,능곡동,2026-08-11T23:50:11+09:00
카페,1008293444,우지커피 시흥능곡역점,음식점 > 카페 > 커피전문점 > 우지커피,일반카페,0,CE7,카페,070-7794-1088,경기 시흥시 능곡동 720,경기 시흥시 승지로59번길 6,126.809413956424,37.36971879254,http://place.map.kakao.com/1008293444,4139011800,경기도 시흥시 능곡동,경기도,시흥시,능곡동,,4139064000,경기도 시흥시 능곡동,경기도,시흥시,능곡동,2026-08-11T23:50:11+09:00
카페,2006763660,이디야커피 시흥능곡중앙점,음식점 > 카페 > 커피전문점 > 이디야커피,일반카페,0,CE7,카페,031-311-1239,경기 시흥시 능곡동 898-5,경기 시흥시 능곡번영길 30,126.80640651257123,37.37014189491794,http://place.map.kakao.com/2006763660,4139011800,경기도 시흥시 능곡동,경기도,시흥시,능곡동,,4139064000,경기도 시흥시 능곡동,경기도,시흥시,능곡동,2026-08-11T23:50:11+09:00
카페,1512838361,인디마켓 시흥능곡점,음식점 > 카페 > 테마카페 > 디저트카페,일반카페,0,CE7,카페,,경기 시흥시 능곡동 782,경기 시흥시 승지로 9,126.81019979303167,37.365198712425304,http://place.map.kakao.com/1512838361,4139011800,경기도 시흥시 능곡동,경기도,시흥시,능곡동,,4139064000,경기도 시흥시 능곡동,경기도,시흥시,능곡동,2026-08-11T23:50:11+09:00
카페,226386339,찜질카페,음식점 > 카페 > 테마카페,기타,0,CE7,카페,010-5731-5358,경기 시흥시 능곡동 802,,126.815642799473,37.3630538700477,http://place.map.kakao.com/226386339,4139011800,경기도 시흥시 능곡동,경기도,시흥시,능곡동,,4139064000,경기도 시흥시 능곡동,경기도,시흥시,능곡동,2026-08-11T23:50:11+09:00
카페,2122036715,카페619,음식점 > 카페,일반카페,0,CE7,카페,,경기 시흥시 능곡동 619,경기 시흥시 능골길 75,126.814563111141,37.3687700892516,http://place.map.kakao.com/2122036715,4139011800,경기도 시흥시 능곡동,경기도,시흥시,능곡동,,4139064000,경기도 시흥시 능곡동,경기도,시흥시,능곡동,2026-08-11T23:50:11+09:00
카페,1966767235,카페샌디,음식점 > 카페 > 커피전문점,일반카페,1,CE7,카페,010-8824-6570,경기 시흥시 능곡동 712,경기 시흥시 능곡로 122,126.81595229712872,37.36528439049061,http://place.map.kakao.com/1966767235,4139011800,경기도 시흥시 능곡동,경기도,시흥시,능곡동,,4139064000,경기도 시흥시 능곡동,경기도,시흥시,능곡동,2026-08-11T23:50:11+09:00
카페,947685449,카페오픈24 시흥능곡 무인카페,음식점 > 카페 > 테마카페 > 무인카페,일반카페,0,CE7,카페,0502-5552-1931,경기 시흥시 능곡동 502,경기 시흥시 승지로 87,126.810528751213,37.3717505919947,http://place.map.kakao.com/947685449,4139011800,경기도 시흥시 능곡동,경기도,시흥시,능곡동,,4139064000,경기도 시흥시 능곡동,경기도,시흥시,능곡동,2026-08-11T23:50:11+09:00
카페,1522070476,카페일리터 시흥능곡점,음식점 > 카페 > 커피전문점 > 카페일리터,일반카페,0,CE7,카페,,경기 시흥시 능곡동 871,경기 시흥시 장현능곡로 155,126.80662372521614,37.37128384830845,http://place.map.kakao.com/1522070476,4139011800,경기도 시흥시 능곡동,경기도,시흥시,능곡동,,4139064000,경기도 시흥시 능곡동,경기도,시흥시,능곡동,2026-08-11T23:50:11+09:00
카페,681802751,커피베스코,음식점 > 카페,일반카페,0,CE7,카페,,경기 시흥시 능곡동 871,경기 시흥시 장현능곡로 155,126.807314111134,37.371052510752,http://place.map.kakao.com/681802751,4139011800,경기도 시흥시 능곡동,경기도,시흥시,능곡동,,4139064000,경기도 시흥시 능곡동,경기도,시흥시,능곡동,2026-08-11T23:50:11+09:00
카페,1608911730,커피베이 시흥모다아울렛점,음식점 > 카페 > 커피전문점 > 커피베이,일반카페,0,CE7,카페,,경기 시흥시 능곡동 871,경기 시흥시 장현능곡로 155,126.80730976125551,37.37098762990273,http://place.map.kakao.com/1608911730,4139011800,경기도 시흥시 능곡동,경기도,시흥시,능곡동,,4139064000,경기도 시흥시 능곡동,경기도,시흥시,능곡동,2026-08-11T23:50:11+09:00
카페,67382988,컴포즈커피 시흥능곡점,음식점 > 카페 > 커피전문점 > 컴포즈커피,일반카페,0,CE7,카페,031-318-9578,경기 시흥시 능곡동 753,경기 시흥시 능곡로 182,126.81103994385398,37.368241017607275,http://place.map.kakao.com/67382988,4139011800,경기도 시흥시 능곡동,경기도,시흥시,능곡동,,4139064000,경기도 시흥시 능곡동,경기도,시흥시,능곡동,2026-08-11T23:50:11+09:00
카페,920967402,컴포즈커피 시흥능곡제일풍경채점,음식점 > 카페 > 커피전문점 > 컴포즈커피,일반카페,0,CE7,카페,031-506-1807,경기 시흥시 군자동 789-3,경기 시흥시 능곡군자1길 153,126.806755309276,37.3688395835886,http://place.map.kakao.com/920967402,4139011800,경기도 시흥시 능곡동,경기도,시흥시,능곡동,,4139064000,경기도 시흥시 능곡동,경기도,시흥시,능곡동,2026-08-11T23:50:11+09:00
카페,362320926,크레도니아카페 시흥점,음식점 > 카페,일반카페,0,CE7,카페,070-4790-1203,경기 시흥시 능곡동 532,경기 시흥시 승지로69번길 4-7,126.810271102707,37.3709509702523,http://place.map.kakao.com/362320926,4139011800,경기도 시흥시 능곡동,경기도,시흥시,능곡동,,4139064000,경기도 시흥시 능곡동,경기도,시흥시,능곡동,2026-08-11T23:50:11+09:00
카페,323076231,타카슬라임카페,음식점 > 카페 > 테마카페,기타,0,CE7,카페,,경기 시흥시 능곡동 871,경기 시흥시 장현능곡로 155,126.807314111134,37.371052510752,http://place.map.kakao.com/323076231,4139011800,경기도 시흥시 능곡동,경기도,시흥시,능곡동,,4139064000,경기도 시흥시 능곡동,경기도,시흥시,능곡동,2026-08-11T23:50:11+09:00
카페,1039132315,테라커피 시흥능곡역점,음식점 > 카페 > 커피전문점 > 테라커피,일반카페,0,CE7,카페,0507-134-6638,경기 시흥시 능곡동 737,경기 시흥시 장현능곡로 198,126.81164975630914,37.36906462600642,http://place.map.kakao.com/1039132315,4139011800,경기도 시흥시 능곡동,경기도,시흥시,능곡동,,4139064000,경기도 시흥시 능곡동,경기도,시흥시,능곡동,2026-08-11T23:50:11+09:00
카페,1395640713,투썸플레이스 시흥능곡점,음식점 > 카페 > 커피전문점 > 투썸플레이스,일반카페,0,CE7,카페,031-313-2671,경기 시흥시 능곡동 734,경기 시흥시 장현능곡로 188,126.810994348791,37.3693158674404,http://place.map.kakao.com/1395640713,4139011800,경기도 시흥시 능곡동,경기도,시흥시,능곡동,,4139064000,경기도 시흥시 능곡동,경기도,시흥시,능곡동,2026-08-11T23:50:11+09:00
카페,375026351,피에스타7 시흥능곡점,음식점 > 카페,일반카페,0,CE7,카페,031-312-6313,경기 시흥시 능곡동 752,경기 시흥시 능곡로 188,126.81036673514,37.3683904113482,http://place.map.kakao.com/375026351,4139011800,경기도 시흥시 능곡동,경기도,시흥시,능곡동,,4139064000,경기도 시흥시 능곡동,경기도,시흥시,능곡동,2026-08-11T23:50:11+09:00
카페,1885929888,하삼동커피 시흥능곡역점,음식점 > 카페 > 커피전문점 > 하삼동커피,일반카페,0,CE7,카페,0507-0288-7392,경기 시흥시 능곡동 733,경기 시흥시 장현능곡로 184,126.81053122875899,37.369418744317706,http://place.map.kakao.com/1885929888,4139011800,경기도 시흥시 능곡동,경기도,시흥시,능곡동,,4139064000,경기도 시흥시 능곡동,경기도,시흥시,능곡동,2026-08-11T23:50:11+09:00
카페,598036406,하이오커피 시흥능곡점,음식점 > 카페 > 커피전문점 > 하이오커피,일반카페,0,CE7,카페,031-313-1315,경기 시흥시 능곡동 898-7,경기 시흥시 능곡번영길 24,126.807444222736,37.3700588925766,http://place.map.kakao.com/598036406,4139011800,경기도 시흥시 능곡동,경기도,시흥시,능곡동,,4139064000,경기도 시흥시 능곡동,경기도,시흥시,능곡동,2026-08-11T23:50:11+09:00
카페,1524848842,할리스 시흥능곡점,음식점 > 카페 > 커피전문점 > 할리스,일반카페,0,CE7,카페,070-8806-1314,경기 시흥시 능곡동 900-2,경기 시흥시 능곡번영길 25,126.80718885116472,37.369707977950156,http://place.map.kakao.com/1524848842,4139011800,경기도 시흥시 능곡동,경기도,시흥시,능곡동,,4139064000,경기도 시흥시 능곡동,경기도,시흥시,능곡동,2026-08-11T23:50:11+09:00
카페,746811542,요거프레소 시흥동원로얄듀크점,음식점 > 카페 > 테마카페 > 디저트카페 > 요거프레소,일반카페,0,CE7,카페,,경기 시흥시 광석동 270,경기 시흥시 시흥대로 404,126.810908036846,37.3767167424825,http://place.map.kakao.com/746811542,4139012100,경기도 시흥시 광석동,경기도,시흥시,광석동,,4139064000,경기도 시흥시 능곡동,경기도,시흥시,능곡동,2026-08-11T23:50:11+09:00
카페,1802862783,데니스커피 시흥장현점,음식점 > 카페 > 커피전문점,일반카페,0,CE7,카페,,경기 시흥시 군자동 797-7,경기 시흥시 능곡군자4길 2,126.806776433646,37.3676457601111,http://place.map.kakao.com/1802862783,4139012800,경기도 시흥시 군자동,경기도,시흥시,군자동,,4139064000,경기도 시흥시 능곡동,경기도,시흥시,능곡동,2026-08-11T23:50:11+09:00
카페,1501480495,스테이커피 시흥장현점,음식점 > 카페 > 테마카페 > 무인카페,일반카페,0,CE7,카페,,경기 시흥시 군자동 819,경기 시흥시 장현천로 133,126.8046791132,37.3667034471769,http://place.map.kakao.com/1501480495,4139012800,경기도 시흥시 군자동,경기도,시흥시,군자동,,4139064000,경기도 시흥시 능곡동,경기도,시흥시,능곡동,2026-08-11T23:50:11+09:00
카페,404881486,올랑시스,음식점 > 카페,일반카페,0,CE7,카페,0507-1427-3450,경기 시흥시 군자동 793-2,경기 시흥시 능곡군자2길 11,126.806246454023,37.3682882249318,http://place.map.kakao.com/404881486,4139012800,경기도 시흥시 군자동,경기도,시흥시,군자동,,4139064000,경기도 시흥시 능곡동,경기도,시흥시,능곡동,2026-08-11T23:50:11+09:00
카페,500366715,카페주비엘,음식점 > 카페,일반카페,0,CE7,카페,0507-1457-9302,경기 시흥시 군자동 805-10,경기 시흥시 능곡군자7길 8,126.805905262132,37.3666360866915,http://place.map.kakao.com/500366715,4139012800,경기도 시흥시 군자동,경기도,시흥시,군자동,,4139064000,경기도 시흥시 능곡동,경기도,시흥시,능곡동,2026-08-11T23:50:11+09:00
카페,1351666491,프링,음식점 > 카페,일반카페,0,CE7,카페,070-8844-5978,경기 시흥시 군자동 813-1,경기 시흥시 능곡군자1길 1,126.80748504394039,37.36866327170106,http://place.map.kakao.com/1351666491,4139012800,경기도 시흥시 군자동,경기도,시흥시,군자동,,4139064000,경기도 시흥시 능곡동,경기도,시흥시,능곡동,2026-08-11T23:50:11+09:00
카페,865517485,SMG커피,음식점 > 카페,일반카페,0,CE7,카페,,경기 시흥시 정왕동 2619-7,경기 시흥시 시화벤처로 305,126.712019088001,37.3184317242842,http://place.map.kakao.com/865517485,4139013200,경기도 시흥시 정왕동,경기도,시흥시,정왕동,,4139065000,경기도 시흥시 거북섬동,경기도,시흥시,거북섬동,2026-08-11T23:50:11+09:00
카페,1415713985,거북섬구구당,음식점 > 카페,일반카페,0,CE7,카페,010-2345-5102,경기 시흥시 정왕동 2706-11,경기 시흥시 거북섬둘레길 5-7,126.675424997139,37.3254623495718,http://place.map.kakao.com/1415713985,4139013200,경기도 시흥시 정왕동,경기도,시흥시,정왕동,,4139065000,경기도 시흥시 거북섬동,경기도,시흥시,거북섬동,2026-08-11T23:50:11+09:00
카페,1855211348,과일담은요거트맛집요맛 시흥거북섬점,음식점 > 카페 > 테마카페 > 디저트카페 > 과일담은요거트맛집요맛,일반카페,0,CE7,카페,,경기 시흥시 정왕동 2703-6,경기 시흥시 거북섬2길 5,126.677724193153,37.325513685576,http://place.map.kakao.com/1855211348,4139013200,경기도 시흥시 정왕동,경기도,시흥시,정왕동,,4139065000,경기도 시흥시 거북섬동,경기도,시흥시,거북섬동,2026-08-11T23:50:11+09:00
카페,660397595,누군가에게 거북섬점,음식점 > 카페 > 커피전문점,일반카페,0,CE7,카페,031-319-2305,경기 시흥시 정왕동 2731,경기 시흥시 거북섬로 110,126.67752162384794,37.32063946597638,http://place.map.kakao.com/660397595,4139013200,경기도 시흥시 정왕동,경기도,시흥시,정왕동,,4139065000,경기도 시흥시 거북섬동,경기도,시흥시,거북섬동,2026-08-11T23:50:11+09:00
카페,1778178657,뉴라이프,음식점 > 카페,일반카페,0,CE7,카페,,경기 시흥시 정왕동 2731-2,경기 시흥시 거북섬로 116,126.678743224859,37.320165243054,http://place.map.kakao.com/1778178657,4139013200,경기도 시흥시 정왕동,경기도,시흥시,정왕동,,4139065000,경기도 시흥시 거북섬동,경기도,시흥시,거북섬동,2026-08-11T23:50:11+09:00
카페,737825944,뉴플레이스,음식점 > 카페 > 커피전문점,일반카페,0,CE7,카페,,경기 시흥시 정왕동 2703-9,경기 시흥시 거북섬1길 6,126.676996819731,37.3256928090491,http://place.map.kakao.com/737825944,4139013200,경기도 시흥시 정왕동,경기도,시흥시,정왕동,,4139065000,경기도 시흥시 거북섬동,경기도,시흥시,거북섬동,2026-08-11T23:50:11+09:00
카페,1949443774,다이노라운지,음식점 > 카페,일반카페,0,CE7,카페,0502-5552-3436,경기 시흥시 정왕동 2640,경기 시흥시 엠티브이북로 65,126.689489464791,37.3305323400013,http://place.map.kakao.com/1949443774,4139013200,경기도 시흥시 정왕동,경기도,시흥시,정왕동,,4139065000,경기도 시흥시 거북섬동,경기도,시흥시,거북섬동,2026-08-11T23:50:11+09:00
카페,1430385453,디저트39 시흥거북섬점,음식점 > 카페 > 테마카페 > 디저트카페 > 디저트39,일반카페,0,CE7,카페,031-497-0103,경기 시흥시 정왕동 2703-6,경기 시흥시 거북섬2길 5,126.677724193151,37.3255136855856,http://place.map.kakao.com/1430385453,4139013200,경기도 시흥시 정왕동,경기도,시흥시,정왕동,,4139065000,경기도 시흥시 거북섬동,경기도,시흥시,거북섬동,2026-08-11T23:50:11+09:00
카페,51596682,랑데자뷰 시흥거북섬점,음식점 > 카페,일반카페,0,CE7,카페,,경기 시흥시 정왕동 2720-2,경기 시흥시 거북섬4길 10,126.682495945001,37.3230307349127,http://place.map.kakao.com/51596682,4139013200,경기도 시흥시 정왕동,경기도,시흥시,정왕동,,4139065000,경기도 시흥시 거북섬동,경기도,시흥시,거북섬동,2026-08-11T23:50:11+09:00
카페,582257897,매머드익스프레스 시흥호반써밋더프라임점,음식점 > 카페 > 커피전문점 > 매머드익스프레스,일반카페,0,CE7,카페,,경기 시흥시 정왕동 2732,경기 시흥시 거북섬남로 77,126.68801161858822,37.32227592707488,http://place.map.kakao.com/582257897,4139013200,경기도 시흥시 정왕동,경기도,시흥시,정왕동,,4139065000,경기도 시흥시 거북섬동,경기도,시흥시,거북섬동,2026-08-11T23:50:11+09:00
카페,1348767373,메가MGC커피 시화MTV26로점,음식점 > 카페 > 커피전문점 > 메가MGC커피,일반카페,0,CE7,카페,031-431-0685,경기 시흥시 정왕동 2655-7,경기 시흥시 엠티브이26로 19,126.702896795667,37.3212825581163,http://place.map.kakao.com/1348767373,4139013200,경기도 시흥시 정왕동,경기도,시흥시,정왕동,,4139065000,경기도 시흥시 거북섬동,경기도,시흥시,거북섬동,2026-08-11T23:50:11+09:00
카페,478865131,모리커피 시흥거북섬점,음식점 > 카페 > 커피전문점 > 모리커피,일반카페,0,CE7,카페,070-4187-5252,경기 시흥시 정왕동 2700,경기 시흥시 거북섬둘레길 33,126.679584002807,37.3254151181215,http://place.map.kakao.com/478865131,4139013200,경기도 시흥시 정왕동,경기도,시흥시,정왕동,,4139065000,경기도 시흥시 거북섬동,경기도,시흥시,거북섬동,2026-08-11T23:50:11+09:00
카페,1245630354,봉명동내커피 시흥거북섬점,음식점 > 카페 > 커피전문점 > 봉명동내커피,일반카페,0,CE7,카페,031-431-7796,경기 시흥시 정왕동 2711,경기 시흥시 거북섬남로 11,126.685091611963,37.3239377997296,http://place.map.kakao.com/1245630354,4139013200,경기도 시흥시 정왕동,경기도,시흥시,정왕동,,4139065000,경기도 시흥시 거북섬동,경기도,시흥시,거북섬동,2026-08-11T23:50:11+09:00
카페,1431596828,뷰키즈키즈카페,"가정,생활 > 유아 > 놀이시설 > 키즈카페",기타,0,CE7,카페,,경기 시흥시 정왕동 2700,경기 시흥시 거북섬둘레길 33,126.679581631519,37.3254421425711,http://place.map.kakao.com/1431596828,4139013200,경기도 시흥시 정왕동,경기도,시흥시,정왕동,,4139065000,경기도 시흥시 거북섬동,경기도,시흥시,거북섬동,2026-08-11T23:50:11+09:00
카페,838483435,브레드이발소타운 시화점,"가정,생활 > 유아 > 놀이시설 > 키즈카페",기타,0,CE7,카페,031-499-0285,경기 시흥시 정왕동 2684,경기 시흥시 거북섬북로 54,126.67878426589705,37.32934233599403,http://place.map.kakao.com/838483435,4139013200,경기도 시흥시 정왕동,경기도,시흥시,정왕동,,4139065000,경기도 시흥시 거북섬동,경기도,시흥시,거북섬동,2026-08-11T23:50:11+09:00
카페,2064237812,블루웨이브커피 시흥 거북섬점,음식점 > 카페,일반카페,0,CE7,카페,,경기 시흥시 정왕동 2720-3,경기 시흥시 거북섬4길 14,126.682782680309,37.3227233518569,http://place.map.kakao.com/2064237812,4139013200,경기도 시흥시 정왕동,경기도,시흥시,정왕동,,4139065000,경기도 시흥시 거북섬동,경기도,시흥시,거북섬동,2026-08-11T23:50:11+09:00
카페,1600306859,블루웨이브커피 웨이브파크점,음식점 > 카페,일반카페,0,CE7,카페,,경기 시흥시 정왕동 2720-3,경기 시흥시 거북섬4길 14,126.68277251877882,37.322725126683785,http://place.map.kakao.com/1600306859,4139013200,경기도 시흥시 정왕동,경기도,시흥시,정왕동,,4139065000,경기도 시흥시 거북섬동,경기도,시흥시,거북섬동,2026-08-11T23:50:11+09:00
카페,1446075531,블루트렁크 오이도거북섬본점,음식점 > 카페,일반카페,0,CE7,카페,031-431-5332,경기 시흥시 정왕동 2731,경기 시흥시 거북섬로 110,126.677536725518,37.3208016924768,http://place.map.kakao.com/1446075531,4139013200,경기도 시흥시 정왕동,경기도,시흥시,정왕동,,4139065000,경기도 시흥시 거북섬동,경기도,시흥시,거북섬동,2026-08-11T23:50:11+09:00
카페,765190514,비스타카페,음식점 > 카페,일반카페,0,CE7,카페,010-2562-3623,경기 시흥시 정왕동 2731-4,경기 시흥시 거북섬로 130,126.68031427513,37.3200217289887,http://place.map.kakao.com/765190514,4139013200,경기도 시흥시 정왕동,경기도,시흥시,정왕동,,4139065000,경기도 시흥시 거북섬동,경기도,시흥시,거북섬동,2026-08-11T23:50:11+09:00
카페,1237455717,빙수를품은달인 거북섬점,음식점 > 카페,일반카페,0,CE7,카페,,경기 시흥시 정왕동 2725,경기 시흥시 거북섬로 135,126.680878170609,37.3208693180913,http://place.map.kakao.com/1237455717,4139013200,경기도 시흥시 정왕동,경기도,시흥시,정왕동,,4139065000,경기도 시흥시 거북섬동,경기도,시흥시,거북섬동,2026-08-11T23:50:11+09:00
카페,65566152,빽다방 시흥거북섬점,음식점 > 카페 > 커피전문점 > 빽다방,일반카페,0,CE7,카페,031-433-1867,경기 시흥시 정왕동 2713-5,경기 시흥시 거북섬남로 47,126.68745778780783,37.322517743531364,http://place.map.kakao.com/65566152,4139013200,경기도 시흥시 정왕동,경기도,시흥시,정왕동,,4139065000,경기도 시흥시 거북섬동,경기도,시흥시,거북섬동,2026-08-11T23:50:11+09:00
카페,1065560618,살롱드고흐,음식점 > 카페,일반카페,0,CE7,카페,,경기 시흥시 정왕동 2718-1,경기 시흥시 거북섬둘레길 10,126.677059804069,37.3246847295091,http://place.map.kakao.com/1065560618,4139013200,경기도 시흥시 정왕동,경기도,시흥시,정왕동,,4139065000,경기도 시흥시 거북섬동,경기도,시흥시,거북섬동,2026-08-11T23:50:11+09:00
카페,150823837,샤카커피,음식점 > 카페,일반카페,0,CE7,카페,070-8740-9974,경기 시흥시 정왕동 2720-8,경기 시흥시 거북섬5길 4,126.68312508070538,37.3220557053366,http://place.map.kakao.com/150823837,4139013200,경기도 시흥시 정왕동,경기도,시흥시,정왕동,,4139065000,경기도 시흥시 거북섬동,경기도,시흥시,거북섬동,2026-08-11T23:50:11+09:00
카페,48416357,설빙 거북섬MTV점,음식점 > 카페 > 테마카페 > 디저트카페 > 설빙,일반카페,0,CE7,카페,031-433-3457,경기 시흥시 정왕동 2718-4,경기 시흥시 거북섬둘레길 22,126.67812939644,37.3246840397478,http://place.map.kakao.com/48416357,4139013200,경기도 시흥시 정왕동,경기도,시흥시,정왕동,,4139065000,경기도 시흥시 거북섬동,경기도,시흥시,거북섬동,2026-08-11T23:50:11+09:00
카페,1939934716,세끝북카페,음식점 > 카페 > 테마카페 > 북카페,기타,0,CE7,카페,010-8945-9718,경기 시흥시 정왕동 2709,경기 시흥시 거북섬중앙로 1,126.68337735256398,37.32565869600563,http://place.map.kakao.com/1939934716,4139013200,경기도 시흥시 정왕동,경기도,시흥시,정왕동,,4139065000,경기도 시흥시 거북섬동,경기도,시흥시,거북섬동,2026-08-11T23:50:11+09:00
카페,327571549,세상의끝에서 북카페,음식점 > 카페 > 테마카페 > 북카페,기타,0,CE7,카페,,경기 시흥시 정왕동 2709,경기 시흥시 거북섬중앙로 1,126.682961043025,37.3253845694605,http://place.map.kakao.com/327571549,4139013200,경기도 시흥시 정왕동,경기도,시흥시,정왕동,,4139065000,경기도 시흥시 거북섬동,경기도,시흥시,거북섬동,2026-08-11T23:50:11+09:00
카페,60814896,어클락 거북섬점,음식점 > 카페 > 테마카페 > 디저트카페,일반카페,0,CE7,카페,031-504-1919,경기 시흥시 정왕동 2709,경기 시흥시 거북섬중앙로 1,126.68250552061349,37.325045462133744,http://place.map.kakao.com/60814896,4139013200,경기도 시흥시 정왕동,경기도,시흥시,정왕동,,4139065000,경기도 시흥시 거북섬동,경기도,시흥시,거북섬동,2026-08-11T23:50:11+09:00
카페,433581777,에그카페24 거북섬더웰점,음식점 > 카페 > 커피전문점 > 에그카페24,일반카페,0,CE7,카페,,경기 시흥시 정왕동 2638,경기 시흥시 엠티브이북로 51-15,126.68773974047112,37.33017723509816,http://place.map.kakao.com/433581777,4139013200,경기도 시흥시 정왕동,경기도,시흥시,정왕동,,4139065000,경기도 시흥시 거북섬동,경기도,시흥시,거북섬동,2026-08-11T23:50:11+09:00
카페,852972121,오페라빈로스터스,음식점 > 카페 > 커피전문점,일반카페,0,CE7,카페,,경기 시흥시 정왕동 2720-6,경기 시흥시 거북섬4길 16,126.6831345015589,37.322499037133824,http://place.map.kakao.com/852972121,4139013200,경기도 시흥시 정왕동,경기도,시흥시,정왕동,,4139065000,경기도 시흥시 거북섬동,경기도,시흥시,거북섬동,2026-08-11T23:50:11+09:00
카페,713360370,와요요거트,음식점 > 카페 > 테마카페 > 디저트카페,일반카페,0,CE7,카페,070-8983-1901,경기 시흥시 정왕동 2727,경기 시흥시 거북섬로 120,126.67868444967,37.3209859215795,http://place.map.kakao.com/713360370,4139013200,경기도 시흥시 정왕동,경기도,시흥시,정왕동,,4139065000,경기도 시흥시 거북섬동,경기도,시흥시,거북섬동,2026-08-11T23:50:11+09:00
카페,1116225648,요거트아이스크림의정석 시흥거북섬점,음식점 > 카페 > 테마카페 > 디저트카페 > 요거트아이스크림의정석,일반카페,0,CE7,카페,0507-1476-2525,경기 시흥시 정왕동 2709,경기 시흥시 거북섬중앙로 1,126.683059735491,37.3255262954255,http://place.map.kakao.com/1116225648,4139013200,경기도 시흥시 정왕동,경기도,시흥시,정왕동,,4139065000,경기도 시흥시 거북섬동,경기도,시흥시,거북섬동,2026-08-11T23:50:11+09:00
카페,996648560,우지커피 시흥MTV점,음식점 > 카페 > 커피전문점 > 우지커피,일반카페,0,CE7,카페,070-7762-5713,경기 시흥시 정왕동 2634,경기 시흥시 엠티브이북로 43-26,126.68804476462,37.3306330590898,http://place.map.kakao.com/996648560,4139013200,경기도 시흥시 정왕동,경기도,시흥시,정왕동,,4139065000,경기도 시흥시 거북섬동,경기도,시흥시,거북섬동,2026-08-11T23:50:11+09:00
카페,2094864090,웨이브M호텔 이스트 비스타,음식점 > 카페,일반카페,0,CE7,카페,,경기 시흥시 정왕동 2731-4,경기 시흥시 거북섬로 130,126.68031427513,37.3200217289887,http://place.map.kakao.com/2094864090,4139013200,경기도 시흥시 정왕동,경기도,시흥시,정왕동,,4139065000,경기도 시흥시 거북섬동,경기도,시흥시,거북섬동,2026-08-11T23:50:11+09:00
카페,49601585,웨이브엠이스트컨벤션(비스타),음식점 > 카페,일반카페,0,CE7,카페,,경기 시흥시 정왕동 2731-4,경기 시흥시 거북섬로 130,126.68031427513,37.3200217289887,http://place.map.kakao.com/49601585,4139013200,경기도 시흥시 정왕동,경기도,시흥시,정왕동,,4139065000,경기도 시흥시 거북섬동,경기도,시흥시,거북섬동,2026-08-11T23:50:11+09:00
카페,989901645,이디야커피 시흥에이스타워점,음식점 > 카페 > 커피전문점 > 이디야커피,일반카페,0,CE7,카페,,경기 시흥시 정왕동 2654-2,경기 시흥시 엠티브이26로19번길 1,126.702341816681,37.3209712089768,http://place.map.kakao.com/989901645,4139013200,경기도 시흥시 정왕동,경기도,시흥시,정왕동,,4139065000,경기도 시흥시 거북섬동,경기도,시흥시,거북섬동,2026-08-11T23:50:11+09:00
카페,1038528630,이디야커피 시흥정왕엠티브이점,음식점 > 카페 > 커피전문점 > 이디야커피,일반카페,0,CE7,카페,031-496-9797,경기 시흥시 정왕동 2669-8,경기 시흥시 엠티브이24로 20,126.71433977953906,37.31454219155684,http://place.map.kakao.com/1038528630,4139013200,경기도 시흥시 정왕동,경기도,시흥시,정왕동,,4139065000,경기도 시흥시 거북섬동,경기도,시흥시,거북섬동,2026-08-11T23:50:11+09:00
카페,1065981348,인사이드커피 시화호수점,음식점 > 카페 > 테마카페 > 무인카페,일반카페,0,CE7,카페,010-3993-6054,경기 시흥시 정왕동 2768-1,경기 시흥시 시화호수로 224,126.7005765404116,37.318888979287635,http://place.map.kakao.com/1065981348,4139013200,경기도 시흥시 정왕동,경기도,시흥시,정왕동,,4139065000,경기도 시흥시 거북섬동,경기도,시흥시,거북섬동,2026-08-11T23:50:11+09:00
카페,907170036,인유어코너,음식점 > 카페,일반카페,0,CE7,카페,010-9594-3985,경기 시흥시 정왕동 2703,경기 시흥시 거북섬2길 25,126.676814842676,37.3273493041062,http://place.map.kakao.com/907170036,4139013200,경기도 시흥시 정왕동,경기도,시흥시,정왕동,,4139065000,경기도 시흥시 거북섬동,경기도,시흥시,거북섬동,2026-08-11T23:50:11+09:00
카페,655519305,점핑고 거북섬점,"가정,생활 > 유아 > 놀이시설 > 키즈카페",기타,0,CE7,카페,,경기 시흥시 정왕동 2684,경기 시흥시 거북섬북로 54,126.67841633298265,37.33015947030446,http://place.map.kakao.com/655519305,4139013200,경기도 시흥시 정왕동,경기도,시흥시,정왕동,,4139065000,경기도 시흥시 거북섬동,경기도,시흥시,거북섬동,2026-08-11T23:50:11+09:00
카페,1206120222,쥬씨 거북섬점,음식점 > 카페 > 생과일전문점 > 쥬씨,일반카페,0,CE7,카페,,경기 시흥시 정왕동 2718-6,경기 시흥시 거북섬둘레길 34,126.678895732256,37.3246257529025,http://place.map.kakao.com/1206120222,4139013200,경기도 시흥시 정왕동,경기도,시흥시,정왕동,,4139065000,경기도 시흥시 거북섬동,경기도,시흥시,거북섬동,2026-08-11T23:50:11+09:00
카페,1388294389,카페 화,음식점 > 카페,일반카페,0,CE7,카페,,경기 시흥시 정왕동 2720-10,경기 시흥시 거북섬5길 10,126.683559771838,37.3214396632861,http://place.map.kakao.com/1388294389,4139013200,경기도 시흥시 정왕동,경기도,시흥시,정왕동,,4139065000,경기도 시흥시 거북섬동,경기도,시흥시,거북섬동,2026-08-11T23:50:11+09:00
카페,2083645303,카페봄봄 경기시흥거북섬점,음식점 > 카페 > 커피전문점 > 카페봄봄,일반카페,0,CE7,카페,031-498-2006,경기 시흥시 정왕동 2718-7,경기 시흥시 거북섬둘레길 36,126.679392974431,37.3247009856411,http://place.map.kakao.com/2083645303,4139013200,경기도 시흥시 정왕동,경기도,시흥시,정왕동,,4139065000,경기도 시흥시 거북섬동,경기도,시흥시,거북섬동,2026-08-11T23:50:11+09:00
카페,1253012384,카페웨이브,음식점 > 카페,일반카페,0,CE7,카페,0507-1440-0317,경기 시흥시 정왕동 2718-5,경기 시흥시 거북섬둘레길 28,126.678566150391,37.32465639407423,http://place.map.kakao.com/1253012384,4139013200,경기도 시흥시 정왕동,경기도,시흥시,정왕동,,4139065000,경기도 시흥시 거북섬동,경기도,시흥시,거북섬동,2026-08-11T23:50:11+09:00
카페,1625545895,카페인중독 거북섬점,음식점 > 카페 > 커피전문점 > 카페인중독,일반카페,0,CE7,카페,0502-5553-4027,경기 시흥시 정왕동 2706-4,경기 시흥시 거북섬1길 19,126.675513473185,37.3264023653247,http://place.map.kakao.com/1625545895,4139013200,경기도 시흥시 정왕동,경기도,시흥시,정왕동,,4139065000,경기도 시흥시 거북섬동,경기도,시흥시,거북섬동,2026-08-11T23:50:11+09:00
카페,911136077,카페피크닉 시흥거북섬점,음식점 > 카페,일반카페,0,CE7,카페,0507-1383-9108,경기 시흥시 정왕동 2718-6,경기 시흥시 거북섬둘레길 34,126.678941963466,37.3246321855664,http://place.map.kakao.com/911136077,4139013200,경기도 시흥시 정왕동,경기도,시흥시,정왕동,,4139065000,경기도 시흥시 거북섬동,경기도,시흥시,거북섬동,2026-08-11T23:50:11+09:00
카페,1404680573,커피인,음식점 > 카페 > 테마카페 > 무인카페,일반카페,0,CE7,카페,,경기 시흥시 정왕동 2720-11,경기 시흥시 거북섬5길 16,126.683775141195,37.3211987630652,http://place.map.kakao.com/1404680573,4139013200,경기도 시흥시 정왕동,경기도,시흥시,정왕동,,4139065000,경기도 시흥시 거북섬동,경기도,시흥시,거북섬동,2026-08-11T23:50:11+09:00
카페,1499011266,컴포즈커피 시흥시화나래점,음식점 > 카페 > 커피전문점 > 컴포즈커피,일반카페,0,CE7,카페,010-7553-6680,경기 시흥시 정왕동 2713-4,경기 시흥시 거북섬로 207,126.687420647492,37.32276813167449,http://place.map.kakao.com/1499011266,4139013200,경기도 시흥시 정왕동,경기도,시흥시,정왕동,,4139065000,경기도 시흥시 거북섬동,경기도,시흥시,거북섬동,2026-08-11T23:50:11+09:00
카페,214301912,크라프카페라운지 거북섬점,음식점 > 카페,일반카페,0,CE7,카페,0507-1492-8964,경기 시흥시 정왕동 2731-2,경기 시흥시 거북섬로 116,126.67863427111236,37.32005231847702,http://place.map.kakao.com/214301912,4139013200,경기도 시흥시 정왕동,경기도,시흥시,정왕동,,4139065000,경기도 시흥시 거북섬동,경기도,시흥시,거북섬동,2026-08-11T23:50:11+09:00
카페,1919159716,크리밋카페 거북섬점,음식점 > 카페 > 커피전문점,일반카페,0,CE7,카페,0503-7151-8511,경기 시흥시 정왕동 2703,경기 시흥시 거북섬2길 25,126.676966914355,37.3274073852014,http://place.map.kakao.com/1919159716,4139013200,경기도 시흥시 정왕동,경기도,시흥시,정왕동,,4139065000,경기도 시흥시 거북섬동,경기도,시흥시,거북섬동,2026-08-11T23:50:11+09:00
카페,2044092963,터틀스팔레트,음식점 > 카페,일반카페,0,CE7,카페,010-3966-6194,경기 시흥시 정왕동 2720-1,경기 시흥시 거북섬4길 6,126.682206035155,37.3232876510608,http://place.map.kakao.com/2044092963,4139013200,경기도 시흥시 정왕동,경기도,시흥시,정왕동,,4139065000,경기도 시흥시 거북섬동,경기도,시흥시,거북섬동,2026-08-11T23:50:11+09:00
카페,497939855,터틀온더웨이브,음식점 > 카페,일반카페,0,CE7,카페,010-2658-4136,경기 시흥시 정왕동 2720-8,경기 시흥시 거북섬5길 4,126.683371749802,37.3221536768505,http://place.map.kakao.com/497939855,4139013200,경기도 시흥시 정왕동,경기도,시흥시,정왕동,,4139065000,경기도 시흥시 거북섬동,경기도,시흥시,거북섬동,2026-08-11T23:50:11+09:00
카페,693348523,텐퍼센트커피 시흥거북섬점,음식점 > 카페 > 커피전문점 > 텐퍼센트커피,일반카페,0,CE7,카페,,경기 시흥시 정왕동 2720-2,경기 시흥시 거북섬4길 10,126.682485863033,37.3230135882999,http://place.map.kakao.com/693348523,4139013200,경기도 시흥시 정왕동,경기도,시흥시,정왕동,,4139065000,경기도 시흥시 거북섬동,경기도,시흥시,거북섬동,2026-08-11T23:50:11+09:00
카페,235486692,투썸플레이스 시화MTV점,음식점 > 카페 > 커피전문점 > 투썸플레이스,일반카페,0,CE7,카페,031-319-8259,경기 시흥시 정왕동 2655-3,경기 시흥시 시화벤처로 222,126.70402588887333,37.32249547112531,http://place.map.kakao.com/235486692,4139013200,경기도 시흥시 정왕동,경기도,시흥시,정왕동,,4139065000,경기도 시흥시 거북섬동,경기도,시흥시,거북섬동,2026-08-11T23:50:11+09:00
카페,1627800155,프라이빗무인키즈카페,"가정,생활 > 유아 > 놀이시설 > 키즈카페",기타,0,CE7,카페,,경기 시흥시 정왕동 2700,경기 시흥시 거북섬둘레길 33,126.679574005357,37.3253781488582,http://place.map.kakao.com/1627800155,4139013200,경기도 시흥시 정왕동,경기도,시흥시,정왕동,,4139065000,경기도 시흥시 거북섬동,경기도,시흥시,거북섬동,2026-08-11T23:50:11+09:00
카페,850036388,해밀화,음식점 > 카페 > 커피전문점,일반카페,0,CE7,카페,,경기 시흥시 정왕동 2731-2,경기 시흥시 거북섬로 116,126.678743224857,37.3201652430637,http://place.map.kakao.com/850036388,4139013200,경기도 시흥시 정왕동,경기도,시흥시,정왕동,,4139065000,경기도 시흥시 거북섬동,경기도,시흥시,거북섬동,2026-08-11T23:50:11+09:00
카페,1295021760,홍단팥 거북섬점,음식점 > 카페,일반카페,0,CE7,카페,,경기 시흥시 정왕동 2718-6,경기 시흥시 거북섬둘레길 34,126.678940839055,37.3246312814863,http://place.map.kakao.com/1295021760,4139013200,경기도 시흥시 정왕동,경기도,시흥시,정왕동,,4139065000,경기도 시흥시 거북섬동,경기도,시흥시,거북섬동,2026-08-11T23:50:11+09:00
