개방자치단체코드,관리번호,관리기관명,소재지도로명주소,소재지지번주소,설치목적구분,카메라대수,카메라화소수,촬영방면정보,보관일수,설치연월,관리기관전화번호,WGS84위도,WGS84경도,데이터기준일자,데이터갱신구분,데이터갱신시점,최종수정시점,학교급
4010000,202640100000800164,경기도 시흥시,경기도 시흥시 월곶중앙로14번길 56,경기도 시흥시 월곶동 1024,교통단속,3,200,360도 전방면,30,202412,031-310-5132,37.39097928,126.7425442,2026-01-20,I,2026-05-15 18:45:39,2026-03-09 15:19:47,
4010000,202640100000800165,경기도 시흥시,경기도 시흥시 시청로 78,경기도 시흥시 장현동 538-1,교통단속,5,200,360도 전방면,30,202412,031-310-5132,37.38104822,126.7988669,2026-01-20,I,2026-05-15 18:45:39,2026-03-09 15:19:48,
4010000,202640100000800166,경기도 시흥시,경기도 시흥시 서울대학로264번길 26-11,경기도 시흥시 배곧동 226-3,교통단속,3,200,360도 전방면,30,202412,031-310-5132,37.36705653,126.7260883,2026-01-20,I,2026-05-15 18:45:39,2026-03-09 15:19:48,
4010000,202640100000800167,경기도 시흥시,경기도 시흥시 시화벤처로 400,경기도 시흥시 정왕동 2676,교통단속,4,200,360도 전방면,30,202412,031-310-5132,37.31329919,126.7188997,2026-01-20,I,2026-05-15 18:45:39,2026-03-09 15:19:48,
4010000,202640100000800168,경기도 시흥시,경기도 시흥시 시화벤처로 400,경기도 시흥시 정왕동 2676,교통단속,4,200,360도 전방면,30,202412,031-310-5132,37.31212905,126.7177222,2026-01-20,I,2026-05-15 18:45:39,2026-03-09 15:19:48,
4010000,202640100000800169,경기도 시흥시,경기도 시흥시 포도원로109번길 9,경기도 시흥시 신천동 204-2,교통단속,5,200,360도 전방면,30,202412,031-310-5132,37.4351679,126.7836294,2026-01-20,I,2026-05-15 18:45:39,2026-03-09 15:19:48,
4010000,202640100000800170,경기도 시흥시,경기도 시흥시 배곧4로102,경기도 시흥시 배곧동 116,교통단속,3,200,360도 전방면,30,202412,031-310-5132,37.37370426,126.7343994,2026-01-20,I,2026-05-15 18:45:39,2026-03-09 15:19:48,
4010000,202640100000800171,경기도 시흥시,경기도 시흥시 수인로 2365,경기도 시흥시 논곡동 163-3,교통단속,3,200,360도 전방면,30,202412,031-310-5132,37.39009521,126.8601065,2026-01-20,I,2026-05-15 18:45:39,2026-03-09 15:19:48,
4010000,202640100000800172,경기도 시흥시,경기도 시흥시 거북섬남로 77,경기도 시흥시 정왕동 2732,교통단속,3,200,360도 전방면,30,202412,031-310-5132,37.32062401,126.6900366,2026-01-20,I,2026-05-15 18:45:39,2026-03-09 15:19:48,
4010000,202640100000800173,경기도 시흥시,경기도 시흥시 거북섬남로 77,경기도 시흥시 정왕동 2732,교통단속,5,200,360도 전방면,30,202412,031-310-5132,37.3234125,126.6888923,2026-01-20,I,2026-05-15 18:45:39,2026-03-09 15:19:48,
4010000,202640100000800174,경기도 시흥시,경기도 시흥시 거북섬남로 77,경기도 시흥시 정왕동 2732,교통단속,5,200,360도 전방면,30,202412,031-310-5132,37.32207842,126.6875799,2026-01-20,I,2026-05-15 18:45:39,2026-03-09 15:19:48,
4010000,202640100000800175,경기도 시흥시,경기도 시흥시 엠티브이북로 51-15,경기도 시흥시 정왕동 2638,교통단속,4,200,360도 전방면,30,202312,031-310-5132,37.33022703,126.6880355,2026-01-20,I,2026-05-15 18:45:39,2026-03-09 15:19:48,
4010000,202640100000800176,경기도 시흥시,경기도 시흥시 거북섬로 211,경기도 시흥시 정왕동 2713-3,교통단속,3,200,360도 전방면,30,202412,031-310-5132,37.3232366,126.6875971,2026-01-20,I,2026-05-15 18:45:39,2026-03-09 15:19:48,
4010000,202640100000800177,경기도 시흥시,경기도 시흥시 배곧4로 32-23,경기도 시흥시 배곧동 129,교통단속,3,200,360도 전방면,30,202312,031-310-5132,37.37780199,126.7260517,2026-01-20,I,2026-05-15 18:45:39,2026-03-09 15:19:48,
4010000,202640100000800178,경기도 시흥시,경기도 시흥시 은계번영길 13,경기도 시흥시 은행동 646-6,교통단속,3,200,360도 전방면,30,202312,031-310-5132,37.43754852,126.8025441,2026-01-20,I,2026-05-15 18:45:39,2026-03-09 15:19:48,
4010000,202640100000800179,경기도 시흥시,경기도 시흥시 군자로253번길 20,경기도 시흥시 거모동 298-1,교통단속,3,200,360도 전방면,30,202312,031-310-5132,37.36271212,126.7725079,2026-01-20,I,2026-05-15 18:45:39,2026-03-09 15:19:48,
4010000,202640100000800180,경기도 시흥시,경기도 시흥시 군자로253번길 20,경기도 시흥시 거모동 198-7,교통단속,4,200,360도 전방면,30,202312,031-310-5132,37.36375291,126.7705261,2026-01-20,I,2026-05-15 18:45:39,2026-03-09 15:19:48,
4010000,202640100000800181,경기도 시흥시,경기도 시흥시 목감둘레로99,경기도 시흥시 조남동 674,교통단속,4,200,360도 전방면,30,202212,031-310-5132,37.37197237,126.8520353,2026-01-20,I,2026-05-15 18:45:39,2026-03-09 15:19:48,
4010000,202640100000800182,경기도 시흥시,경기도 시흥시 월동중앙로 55,경기도 시흥시 월곶동1065-3,교통단속,4,200,360도 전방면,30,202212,031-310-5132,37.38021066,126.7670231,2026-01-20,I,2026-05-15 18:45:39,2026-03-09 15:19:48,
4010000,202640100000800183,경기도 시흥시,경기도 시흥시 월동중앙로 55,경기도 시흥시 월곶동1061-6,교통단속,4,200,360도 전방면,30,202212,031-310-5132,37.38125832,126.7664787,2026-01-20,I,2026-05-15 18:45:39,2026-03-09 15:19:48,
4010000,202640100000800184,경기도 시흥시,경기도 시흥시 정왕대로53번길 14,경기도 시흥시 정왕동1867-2,교통단속,3,200,360도 전방면,30,202212,031-310-5132,37.35589946,126.725893,2026-01-20,I,2026-05-15 18:45:39,2026-03-09 15:19:48,
4010000,202640100000800185,경기도 시흥시,경기도 시흥시 정왕대로53번길 14,경기도 시흥시 정왕동1867-2,교통단속,5,200,360도 전방면,30,202212,031-310-5132,37.35669782,126.7245222,2026-01-20,I,2026-05-15 18:45:39,2026-03-09 15:19:48,
4010000,202640100000800186,경기도 시흥시,경기도 시흥시 호현로27번길 25-1,경기도 시흥시 신천동703-33,교통단속,4,200,360도 전방면,30,202212,031-310-5132,37.44413069,126.7826757,2026-01-20,I,2026-05-15 18:45:39,2026-03-09 15:19:48,
4010000,202640100000800187,경기도 시흥시,경기도 시흥시 서울대학로 173,경기도 시흥시 배곧동 241,교통단속,4,200,360도 전방면,30,202112,031-310-5132,37.36309504,126.7184746,2026-01-20,I,2026-05-15 18:45:39,2026-03-09 15:19:48,
4010000,202640100000800188,경기도 시흥시,경기도 시흥시 서울대학로 173,경기도 시흥시 배곧동 241,교통단속,3,200,360도 전방면,30,202112,031-310-5132,37.36562987,126.7208466,2026-01-20,I,2026-05-15 18:45:39,2026-03-09 15:19:48,
4010000,202640100000800189,경기도 시흥시,경기도 시흥시 서울대학로 173,경기도 시흥시 배곧동 241,교통단속,5,200,360도 전방면,30,202112,031-310-5132,37.36793791,126.7227925,2026-01-20,I,2026-05-15 18:45:39,2026-03-09 15:19:48,
4010000,202640100000800190,경기도 시흥시,경기도 시흥시 서울대학로 173,경기도 시흥시 배곧동 241,교통단속,3,200,360도 전방면,30,202112,031-310-5132,37.36955603,126.7203641,2026-01-20,I,2026-05-15 18:45:39,2026-03-09 15:19:48,
4010000,202640100000800191,경기도 시흥시,경기도 시흥시 역전로369,경기도 시흥시 정왕동 1872-3,교통단속,3,200,360도 전방면,30,202112,031-310-5132,37.3580629,126.7345335,2026-01-20,I,2026-05-15 18:45:39,2026-03-09 15:19:48,
4010000,202640100000800192,경기도 시흥시,경기도 시흥시 매화1로61,경기도 시흥시 매화동 312,교통단속,4,200,360도 전방면,30,202112,031-310-5132,37.41550705,126.8084899,2026-01-20,I,2026-05-15 18:45:39,2026-03-09 15:19:48,
4010000,202640100000800193,경기도 시흥시,경기도 시흥시 수인로3413번길33,경기도 시흥시 신천동 817-1,교통단속,3,200,360도 전방면,30,202112,031-310-5132,37.4397174,126.7783613,2026-01-20,I,2026-05-15 18:45:39,2026-03-09 15:19:48,
4010000,202640100000800194,경기도 시흥시,경기도 시흥시 군자로465번길 7,경기도 시흥시 거모동 1379-5,교통단속,4,200,360도 전방면,30,202112,031-310-5132,37.34797481,126.7825956,2026-01-20,I,2026-05-15 18:45:39,2026-03-09 15:19:48,
4010000,202640100000800195,경기도 시흥시,경기도 시흥시 하중로221번길5-1,경기도 시흥시 하중동 864-4,교통단속,3,200,360도 전방면,30,202112,031-310-5132,37.3923823,126.8066135,2026-01-20,I,2026-05-15 18:45:39,2026-03-09 15:19:48,
4010000,202640100000800196,경기도 시흥시,경기도 시흥시 옥터로 33,경기도 시흥시 정왕동 2020-1,교통단속,4,200,360도 전방면,30,202112,031-310-5132,37.34436326,126.6917011,2026-01-20,I,2026-05-15 18:45:39,2026-03-09 15:19:48,
4010000,202640100000800197,경기도 시흥시,경기도 시흥시 호현로27번길11,경기도 시흥시 신천동 705-2,교통단속,3,200,360도 전방면,30,202112,031-310-5132,37.44322986,126.7835188,2026-01-20,I,2026-05-15 18:45:39,2026-03-09 15:19:48,
4010000,202640100000800198,경기도 시흥시,경기도 시흥시 정왕시장길77,경기도 시흥시 정왕동 1181-1,교통단속,3,200,360도 전방면,30,202112,031-310-5132,37.34731136,126.7503342,2026-01-20,I,2026-05-15 18:45:39,2026-03-09 15:19:48,
4010000,202640100000800199,경기도 시흥시,경기도 시흥시 수인로3312번길,경기도 시흥시 대야동 418-114,교통단속,3,200,360도 전방면,30,202112,031-310-5132,37.43956746,126.7891104,2026-01-20,I,2026-05-15 18:45:39,2026-03-09 15:19:48,
4010000,202640100000800200,경기도 시흥시,경기도 시흥시 비둘기공원 7길,경기도 시흥시 대야동 636,교통단속,4,200,360도 전방면,30,202112,031-310-5132,37.44003326,126.7915052,2026-01-20,I,2026-05-15 18:45:39,2026-03-09 15:19:48,
4010000,202640100000800201,경기도 시흥시,경기도 시흥시 비둘기공원 1길,경기도 시흥시 대야동 623,교통단속,4,200,360도 전방면,30,202112,031-310-5132,37.44192313,126.7898898,2026-01-20,I,2026-05-15 18:45:39,2026-03-09 15:19:48,
4010000,202640100000800202,경기도 시흥시,경기도 시흥시 옥구천동로 347번길,경기도 시흥시 정왕동 1916,교통단속,5,200,360도 전방면,30,202112,031-310-5132,37.35035887,126.7353795,2026-01-20,I,2026-05-15 18:45:39,2026-03-09 15:19:48,
4010000,202640100000800203,경기도 시흥시,경기도 시흥시 군자천로 381,경기도 시흥시 대야동 623,교통단속,4,200,360도 전방면,30,202112,031-310-5132,37.3490414,126.7370411,2026-01-20,I,2026-05-15 18:45:39,2026-03-09 15:19:48,
4010000,202640100000800204,경기도 시흥시,경기도 시흥시 군자천로 381,경기도 시흥시 정왕동 1917,교통단속,4,200,360도 전방면,30,202112,031-310-5132,37.35043602,126.7383511,2026-01-20,I,2026-05-15 18:45:39,2026-03-09 15:19:48,
4010000,202640100000800205,경기도 시흥시,경기도 시흥시 만해로43,경기도 시흥시 정왕동 2131-1,교통단속,4,200,360도 전방면,30,202112,031-310-5132,37.33216818,126.7484466,2026-01-20,I,2026-05-15 18:45:39,2026-03-09 15:19:48,
4010000,202640100000800206,경기도 시흥시,경기도 시흥시 만해로43,경기도 시흥시 정왕동 2131,교통단속,5,200,360도 전방면,30,202112,031-310-5132,37.33061589,126.7470142,2026-01-20,I,2026-05-15 18:45:39,2026-03-09 15:19:48,
4010000,202640100000800207,경기도 시흥시,경기도 시흥시 장곡로54번길 27,경기도 시흥시 장곡동 511,교통단속,1,200,360도 전방면,30,202012,031-310-5132,37.38178234,126.7827155,2026-01-20,I,2026-05-15 18:45:39,2026-03-09 15:19:48,
4010000,202640100000800208,경기도 시흥시,경기도 시흥시 장곡로54번길 14,경기도 시흥시 장곡동 406-3,교통단속,1,200,360도 전방면,30,202012,031-310-5132,37.38050482,126.7827355,2026-01-20,I,2026-05-15 18:45:39,2026-03-09 15:19:48,
4010000,202640100000800209,경기도 시흥시,경기도 시흥시 장곡로 71,경기도 시흥시 장곡동 833,교통단속,1,200,360도 전방면,30,202012,031-310-5132,37.37953196,126.7827081,2026-01-20,I,2026-05-15 18:45:39,2026-03-09 15:19:48,
4010000,202640100000800210,경기도 시흥시,경기도 시흥시 장곡로 71,경기도 시흥시 장곡동 833,교통단속,1,200,360도 전방면,30,202012,031-310-5132,37.37941945,126.7809205,2026-01-20,I,2026-05-15 18:45:39,2026-03-09 15:19:48,
4010000,202640100000800211,경기도 시흥시,경기도 시흥시 장곡로70번길 8,경기도 시흥시 장곡동 833,교통단속,1,200,360도 전방면,30,202012,031-310-5132,37.38066719,126.7811794,2026-01-20,I,2026-05-15 18:45:39,2026-03-09 15:19:48,
4010000,202640100000800212,경기도 시흥시,경기도 시흥시 장곡로 54번길,경기도 시흥시 장곡동 778-24,교통단속,1,200,360도 전방면,30,202012,031-310-5132,37.38179234,126.7802092,2026-01-20,I,2026-05-15 18:45:39,2026-03-09 15:19:48,
4010000,202640100000800213,경기도 시흥시,경기도 시흥시 장곡로70번길 11-8,경기도 시흥시 장곡동 845,교통단속,1,200,360도 전방면,30,202012,031-310-5132,37.3807505,126.7798315,2026-01-20,I,2026-05-15 18:45:39,2026-03-09 15:19:48,
4010000,202640100000800214,경기도 시흥시,경기도 시흥시 장곡로70번길 12,경기도 시흥시 장곡동 848,교통단속,1,200,360도 전방면,30,202012,031-310-5132,37.38069465,126.7810448,2026-01-20,I,2026-05-15 18:45:39,2026-03-09 15:19:48,
4010000,202640100000800215,경기도 시흥시,경기도 시흥시 산현마을길 19,경기도 시흥시 산현동 524,교통단속,1,200,360도 전방면,30,202012,031-310-5132,37.37532391,126.844455,2026-01-20,I,2026-05-15 18:45:39,2026-03-09 15:19:48,
4010000,202640100000800216,경기도 시흥시,경기도 시흥시 목감남서로 68,경기도 시흥시 산현동 527,교통단속,1,200,360도 전방면,30,202012,031-310-5132,37.37417459,126.8455714,2026-01-20,I,2026-05-15 18:45:39,2026-03-09 15:19:48,
4010000,202640100000800217,경기도 시흥시,경기도 시흥시 목감남서로 68,경기도 시흥시 산현동 527,교통단속,1,200,360도 전방면,30,202012,031-310-5132,37.37432568,126.8457546,2026-01-20,I,2026-05-15 18:45:39,2026-03-09 15:19:48,
4010000,202640100000800218,경기도 시흥시,경기도 시흥시 목감남서로 38,경기도 시흥시 산현동 529,교통단속,1,200,360도 전방면,30,202012,031-310-5132,37.37508246,126.8473297,2026-01-20,I,2026-05-15 18:45:39,2026-03-09 15:19:48,
4010000,202640100000800219,경기도 시흥시,경기도 시흥시 목감남서로 38,경기도 시흥시 산현동 529,교통단속,1,200,360도 전방면,30,202012,031-310-5132,37.37523753,126.8476238,2026-01-20,I,2026-05-15 18:45:39,2026-03-09 15:19:48,
4010000,202640100000800220,경기도 시흥시,경기도 시흥시 목감남서로 38,경기도 시흥시 산현동 529,교통단속,1,200,360도 전방면,30,202012,031-310-5132,37.3749676,126.8474235,2026-01-20,I,2026-05-15 18:45:39,2026-03-09 15:19:48,
4010000,202640100000800221,경기도 시흥시,경기도 시흥시 목감남서로 92-15,경기도 시흥시 산현동 526,교통단속,1,200,360도 전방면,30,202012,031-310-5132,37.37485463,126.8420734,2026-01-20,I,2026-05-15 18:45:39,2026-03-09 15:19:48,
4010000,202640100000800222,경기도 시흥시,경기도 시흥시 목감남서로 92-30,경기도 시흥시 산현동 526,교통단속,1,200,360도 전방면,30,202012,031-310-5132,37.37486654,126.8421777,2026-01-20,I,2026-05-15 18:45:39,2026-03-09 15:19:48,
4010000,202640100000800223,경기도 시흥시,경기도 시흥시 목감남서로 9-7,경기도 시흥시 조남동652-2,교통단속,3,200,360도 전방면,30,202012,031-310-5132,37.37772779,126.8513624,2026-01-20,I,2026-05-15 18:45:39,2026-03-09 15:19:48,
4010000,202640100000800224,경기도 시흥시,경기도 시흥시 정왕동 1985-1,경기도 시흥시 정왕동 1985-1,교통단속,4,200,360도 전방면,30,202012,031-310-5132,37.34775168,126.6928665,2026-01-20,I,2026-05-15 18:45:39,2026-03-09 15:19:48,
4010000,202640100000800225,경기도 시흥시,경기도 시흥시 복지로71번길 18,경기도 시흥시 대야동 459-3,교통단속,5,200,360도 전방면,30,202012,031-310-5132,37.44647495,126.7888371,2026-01-20,I,2026-05-15 18:45:39,2026-03-09 15:19:48,
4010000,202640100000800226,경기도 시흥시,경기도 시흥시 배곧4로 81-46,경기도 시흥시 정왕동 2468,교통단속,3,200,360도 전방면,30,202012,031-310-5132,37.3745534,126.7340958,2026-01-20,I,2026-05-15 18:45:39,2026-03-09 15:19:48,
4010000,202640100000800227,경기도 시흥시,경기도 시흥시 은계로142번길 6,경기도 시흥시 은행동 686-7,교통단속,3,200,360도 전방면,30,202012,031-310-5132,37.43489863,126.8059298,2026-01-20,I,2026-05-15 18:45:39,2026-03-09 15:19:48,
4010000,202640100000800228,경기도 시흥시,경기도 시흥시 은계중앙로 140,경기도 시흥시 은행동 632,교통단속,3,200,360도 전방면,30,202012,031-310-5132,37.43967453,126.8067208,2026-01-20,I,2026-05-15 18:45:39,2026-03-09 15:19:48,
4010000,202640100000800229,경기도 시흥시,경기도 시흥시 은계중앙로 118,경기도 시흥시 은행동 620,교통단속,3,200,360도 전방면,30,202012,031-310-5132,37.439769,126.803026,2026-01-20,I,2026-05-15 18:45:39,2026-03-09 15:19:48,
4010000,202640100000800230,경기도 시흥시,경기도 시흥시 은계중앙로 218,경기도 시흥시 은행동 608-14,교통단속,4,200,360도 전방면,30,202012,031-310-5132,37.44382894,126.8055726,2026-01-20,I,2026-05-15 18:45:39,2026-03-09 15:19:48,
4010000,202640100000800231,경기도 시흥시,경기도 시흥시 은계번영길 11,경기도 시흥시 은행동 645,교통단속,4,200,360도 전방면,30,202012,031-310-5132,37.43711728,126.8020529,2026-01-20,I,2026-05-15 18:45:39,2026-03-09 15:19:48,
4010000,202640100000800232,경기도 시흥시,경기도 시흥시 은계중앙로306번길25,경기도 시흥시 대야동660-5,교통단속,3,200,360도 전방면,30,202012,031-310-5132,37.45213385,126.7988411,2026-01-20,I,2026-05-15 18:45:39,2026-03-09 15:19:48,
4010000,202640100000800233,경기도 시흥시,경기도 시흥시 은계중앙로364,경기도 시흥시 대야동653-2,교통단속,4,200,360도 전방면,30,202012,031-310-5132,37.45125654,126.7959444,2026-01-20,I,2026-05-15 18:45:39,2026-03-09 15:19:48,
4010000,202640100000800234,경기도 시흥시,경기도 시흥시 서울대학로278번길 21,경기도 시흥시 정왕동2517-2,교통단속,2,200,360도 전방면,30,202012,031-310-5132,37.3691935,126.7285868,2026-01-20,I,2026-05-15 18:45:39,2026-03-09 15:19:48,
4010000,202640100000800235,경기도 시흥시,경기도 시흥시 큰솔로8번안길 1,경기도 시흥시 정왕동 1495,교통단속,5,200,360도 전방면,30,202012,031-310-5132,37.33773364,126.7524161,2026-01-20,I,2026-05-15 18:45:39,2026-03-09 15:19:48,
4010000,202640100000800236,경기도 시흥시,경기도 시흥시 신천로19번안길9-7,경기도 시흥시 신천동886-19,교통단속,3,200,360도 전방면,30,202012,031-310-5132,37.43262842,126.7914106,2026-01-20,I,2026-05-15 18:45:39,2026-03-09 15:19:48,
4010000,202640100000800237,경기도 시흥시,경기도 시흥시 목감남서로 35,경기도 시흥시 조남동 731,교통단속,3,200,360도 전방면,30,202012,031-310-5132,37.37597513,126.8489557,2026-01-20,I,2026-05-15 18:45:39,2026-03-09 15:19:48,
4010000,202640100000800238,경기도 시흥시,경기도 시흥시 은행로 39-16,경기도 시흥시 신천동 83-106,교통단속,3,200,360도 전방면,30,202012,031-310-5132,37.43645512,126.7929983,2026-01-20,I,2026-05-15 18:45:39,2026-03-09 15:19:48,
4010000,202640100000800239,경기도 시흥시,경기도 시흥시 은행로 39-16,경기도 시흥시 신천동 83-106,교통단속,3,200,360도 전방면,30,202012,031-310-5132,37.43645512,126.7929983,2026-01-20,I,2026-05-15 18:45:39,2026-03-09 15:19:48,
4010000,202640100000800240,경기도 시흥시,경기도 시흥시 비둘기공원7길 18,경기도 시흥시 대야동 562-1,교통단속,3,200,360도 전방면,30,201912,031-310-5132,37.44476565,126.7935757,2026-01-20,I,2026-05-15 18:45:39,2026-03-09 15:19:48,
4010000,202640100000800241,경기도 시흥시,경기도 시흥시 대은로111번길 10,경기도 시흥시 은행동 601-282,교통단속,5,200,360도 전방면,30,202012,031-310-5132,37.44616649,126.8006509,2026-01-20,I,2026-05-15 18:45:39,2026-03-09 15:19:48,
4010000,202640100000800242,경기도 시흥시,경기도 시흥시 은계호수로56,경기도 시흥시 은행동606,교통단속,4,200,360도 전방면,30,201912,031-310-5132,37.44677237,126.8020537,2026-01-20,I,2026-05-15 18:45:39,2026-03-09 15:19:48,
4010000,202640100000800243,경기도 시흥시,경기도 시흥시 은계중앙로254,경기도 시흥시 은행동608-1,교통단속,4,200,360도 전방면,30,201912,031-310-5132,37.44646554,126.8037776,2026-01-20,I,2026-05-15 18:45:39,2026-03-09 15:19:49,
4010000,202640100000800244,경기도 시흥시,경기도 시흥시 은계중앙로 247,경기도 시흥시 은행동 679-1,교통단속,5,200,360도 전방면,30,201912,031-310-5132,37.4453847,126.8032625,2026-01-20,I,2026-05-15 18:45:39,2026-03-09 15:19:49,
4010000,202640100000800245,경기도 시흥시,경기도 시흥시 은계남로 12,경기도 시흥시 은행동 644,교통단속,3,200,360도 전방면,30,201912,031-310-5132,37.43488504,126.8027661,2026-01-20,I,2026-05-15 18:45:39,2026-03-09 15:19:49,
4010000,202640100000800246,경기도 시흥시,경기도 시흥시 은계번영길 27,경기도 시흥시 은행동 646-12,교통단속,4,200,360도 전방면,30,201912,031-310-5132,37.43615965,126.8043236,2026-01-20,I,2026-05-15 18:45:39,2026-03-09 15:19:49,
4010000,202640100000800247,경기도 시흥시,경기도 시흥시 은계번영길 1,경기도 시흥시 은행동 646,교통단속,4,200,360도 전방면,30,201912,031-310-5132,37.4361382,126.8013258,2026-01-20,I,2026-05-15 18:45:39,2026-03-09 15:19:49,
4010000,202640100000800248,경기도 시흥시,경기도 시흥시 서울대학로278번길 19-13,경기도 시흥시 정왕동 2511,교통단속,5,200,360도 전방면,30,201912,031-310-5132,37.37188202,126.7272212,2026-01-20,I,2026-05-15 18:45:39,2026-03-09 15:19:49,
4010000,202640100000800249,경기도 시흥시,경기도 시흥시 서울대학로278번길 8,경기도 시흥시 정왕동 2522,교통단속,4,200,360도 전방면,30,201912,031-310-5132,37.37059134,126.7258463,2026-01-20,I,2026-05-15 18:45:39,2026-03-09 15:19:49,
4010000,202640100000800250,경기도 시흥시,경기도 시흥시 서울대학로278번길 21,경기도 시흥시 정왕동 2515-2,교통단속,4,200,360도 전방면,30,201912,031-310-5132,37.36965145,126.727455,2026-01-20,I,2026-05-15 18:45:39,2026-03-09 15:19:49,
4010000,202640100000800251,경기도 시흥시,경기도 시흥시 서울대학로264번길 7,경기도 시흥시 정왕동 2523,교통단속,4,200,360도 전방면,30,201912,031-310-5132,37.36941678,126.72479,2026-01-20,I,2026-05-15 18:45:39,2026-03-09 15:19:49,
4010000,202640100000800252,경기도 시흥시,경기도 시흥시 서울대학로264번길 25,경기도 시흥시 정왕동 2524,교통단속,4,200,360도 전방면,30,201912,031-310-5132,37.36846004,126.7263105,2026-01-20,I,2026-05-15 18:45:39,2026-03-09 15:19:49,
4010000,202640100000800253,경기도 시흥시,경기도 시흥시 정왕천로 411번길 47,경기도 시흥시 정왕동 1206,교통단속,5,200,360도 전방면,30,201912,031-310-5132,37.34701306,126.7474583,2026-01-20,I,2026-05-15 18:45:39,2026-03-09 15:19:49,
4010000,202640100000800254,경기도 시흥시,경기도 시흥시 정왕천로 411번길 34,경기도 시흥시 정왕동 1202,교통단속,5,200,360도 전방면,30,201912,031-310-5132,37.34604437,126.749008,2026-01-20,I,2026-05-15 18:45:39,2026-03-09 15:19:49,
4010000,202640100000800255,경기도 시흥시,경기도 시흥시 수인로 3325번길5,경기도 시흥시 신천동779-9,교통단속,5,200,360도 전방면,30,201912,031-310-5132,37.4383229,126.7887529,2026-01-20,I,2026-05-15 18:45:39,2026-03-09 15:19:49,
4010000,202640100000800256,경기도 시흥시,경기도 시흥시 호현로 40번길5,경기도 시흥시 대야동 495-13,교통단속,3,200,360도 전방면,30,201912,031-310-5132,37.44372962,126.7856917,2026-01-20,I,2026-05-15 18:45:39,2026-03-09 15:19:49,
4010000,202640100000800257,경기도 시흥시,경기도 시흥시 신천3길 10-1,경기도 시흥시 신천동 736-4,교통단속,5,200,360도 전방면,30,201912,031-310-5132,37.43955791,126.7844812,2026-01-20,I,2026-05-15 18:45:39,2026-03-09 15:19:49,
4010000,202640100000800258,경기도 시흥시,경기도 시흥시 삼미시장2길 24,경기도 시흥시 신천동 742-2,교통단속,5,200,360도 전방면,30,201912,031-310-5132,37.44071109,126.7828922,2026-01-20,I,2026-05-15 18:45:39,2026-03-09 15:19:49,
4010000,202640100000800259,경기도 시흥시,경기도 시흥시 목감우회로 45,경기도 시흥시 목감동 424-2,교통단속,5,200,360도 전방면,30,201912,031-310-5132,37.38193844,126.8615261,2026-01-20,I,2026-05-15 18:45:39,2026-03-09 15:19:49,
4010000,202640100000800260,경기도 시흥시,경기도 시흥시 서울대학로278번길62,경기도 시흥시 정왕동 2541-1,교통단속,3,200,360도 전방면,30,201912,031-310-5132,37.36742811,126.730909,2026-01-20,I,2026-05-15 18:45:39,2026-03-09 15:19:49,
4010000,202640100000800261,경기도 시흥시,경기도 시흥시 서울대학로278번길61,경기도 시흥시 정왕동 2537-2,교통단속,3,200,360도 전방면,30,201912,031-310-5132,37.3687831,126.7303227,2026-01-20,I,2026-05-15 18:45:39,2026-03-09 15:19:49,
4010000,202640100000800262,경기도 시흥시,경기도 시흥시 서울대학로 59-72,경기도 시흥시 정왕동 2586,교통단속,3,200,360도 전방면,30,201812,031-310-5132,37.35790165,126.7065413,2026-01-20,I,2026-05-15 18:45:39,2026-03-09 15:19:49,
4010000,202640100000800263,경기도 시흥시,경기도 시흥시 해송십리로472-30,경기도 시흥시 정왕동 2384,교통단속,4,200,360도 전방면,30,201812,031-310-5132,37.38304412,126.7310019,2026-01-20,I,2026-05-15 18:45:39,2026-03-09 15:19:49,
4010000,202640100000800264,경기도 시흥시,경기도 시흥시 배곧5로65-9,경기도 시흥시 정왕동 2386,교통단속,4,200,360도 전방면,30,201812,031-310-5132,37.38358712,126.733947,2026-01-20,I,2026-05-15 18:45:39,2026-03-09 15:19:49,
4010000,202640100000800265,경기도 시흥시,경기도 시흥시 서울대학로264번길 44-4,경기도 시흥시 정왕동 2536,교통단속,4,200,360도 전방면,30,201812,031-310-5132,37.36711383,126.7287844,2026-01-20,I,2026-05-15 18:45:39,2026-03-09 15:19:49,
4010000,202640100000800266,경기도 시흥시,경기도 시흥시 서울대학로264번길,경기도 시흥시 정왕동2549,교통단속,3,200,360도 전방면,30,201812,031-310-5132,37.36603187,126.7292405,2026-01-20,I,2026-05-15 18:45:39,2026-03-09 15:19:49,
4010000,202640100000800267,경기도 시흥시,경기도 시흥시 배곧1로,경기도 시흥시 정왕동2570,교통단속,5,200,360도 전방면,30,201912,031-310-5132,37.36150268,126.7119878,2026-01-20,I,2026-05-15 18:45:39,2026-03-09 15:19:49,
4010000,202640100000800268,경기도 시흥시,경기도 시흥시 목감둘레로 229-9,경기도 시흥시 조남동 701-1,교통단속,4,200,360도 전방면,30,201712,031-310-5132,37.37876016,126.8602627,2026-01-20,I,2026-05-15 18:45:39,2026-03-09 15:19:49,
4010000,202640100000800269,경기도 시흥시,경기도 시흥시 동서로 996,경기도 시흥시 조남동 690,교통단속,4,200,360도 전방면,30,201712,031-310-5132,37.37925271,126.8546285,2026-01-20,I,2026-05-15 18:45:39,2026-03-09 15:19:49,
4010000,202640100000800270,경기도 시흥시,경기도 시흥시 목감남서로 5,경기도 시흥시 조남동 652-1,교통단속,4,200,360도 전방면,30,201712,031-310-5132,37.37818474,126.8506521,2026-01-20,I,2026-05-15 18:45:39,2026-03-09 15:19:49,
4010000,202640100000800271,경기도 시흥시,경기도 시흥시 서울대학로264번길 26-16,경기도 시흥시 정왕동 2531,교통단속,5,200,360도 전방면,30,201712,031-310-5132,37.36688762,126.7252297,2026-01-20,I,2026-05-15 18:45:39,2026-03-09 15:19:49,
4010000,202640100000800272,경기도 시흥시,경기도 시흥시 서울대학로264번길 26-32,경기도 시흥시 정왕동 2536-1,교통단속,4,200,360도 전방면,30,201712,031-310-5132,37.36623447,126.7277063,2026-01-20,I,2026-05-15 18:45:39,2026-03-09 15:19:49,
4010000,202640100000800273,경기도 시흥시,경기도 시흥시 서울대학로264번길 44-4,경기도 시흥시 정왕동 2536,교통단속,4,200,360도 전방면,30,201712,031-310-5132,37.36760403,126.7282207,2026-01-20,I,2026-05-15 18:45:39,2026-03-09 15:19:49,
4010000,202640100000800274,경기도 시흥시,경기도 시흥시 서울대학로278번길 43-7,경기도 시흥시 정왕동 2519-1,교통단속,4,200,360도 전방면,30,201812,031-310-5132,37.36848923,126.7289813,2026-01-20,I,2026-05-15 18:45:39,2026-03-09 15:19:49,
4010000,202640100000800275,경기도 시흥시,경기도 시흥시 배곧3로 80,경기도 시흥시 정왕동 2513,교통단속,5,200,360도 전방면,30,201812,031-310-5132,37.37088054,126.7290028,2026-01-20,I,2026-05-15 18:45:39,2026-03-09 15:19:49,
4010000,202640100000800276,경기도 시흥시,경기도 시흥시 서울대학로278번길 67,경기도 시흥시 정왕동 2537,교통단속,4,200,360도 전방면,30,201712,031-310-5132,37.36906108,126.7323186,2026-01-20,I,2026-05-15 18:45:39,2026-03-09 15:19:49,
4010000,202640100000800277,경기도 시흥시,경기도 시흥시 서울대학로278번길 67,경기도 시흥시 정왕동 2540,교통단속,3,200,360도 전방면,30,201712,031-310-5132,37.36962326,126.7311304,2026-01-20,I,2026-05-15 18:45:39,2026-03-09 15:19:49,
4010000,202640100000800278,경기도 시흥시,경기도 시흥시 서울대학로278번길 25-24,경기도 시흥시 정왕동 2518,교통단속,3,200,360도 전방면,30,201712,031-310-5132,37.36956898,126.7300502,2026-01-20,I,2026-05-15 18:45:39,2026-03-09 15:19:49,
4010000,202640100000800279,경기도 시흥시,경기도 시흥시 정왕시장길 38,경기도 시흥시 정왕동 1557,교통단속,4,200,360도 전방면,30,201612,031-310-5132,37.34462313,126.7478597,2026-01-20,I,2026-05-15 18:45:39,2026-03-09 15:19:49,
4010000,202640100000800280,경기도 시흥시,경기도 시흥시 정왕천로 395,경기도 시흥시 정왕동 1215-7,교통단속,4,200,360도 전방면,30,201612,031-310-5132,37.34323796,126.7507765,2026-01-20,I,2026-05-15 18:45:39,2026-03-09 15:19:49,
4010000,202640100000800281,경기도 시흥시,경기도 시흥시 정왕대로233번길 38,경기도 시흥시 정왕동 1599,교통단속,4,200,360도 전방면,30,201612,031-310-5132,37.34815756,126.7422239,2026-01-20,I,2026-05-15 18:45:39,2026-03-09 15:19:49,
4010000,202640100000800282,경기도 시흥시,경기도 시흥시 진말로9번길 2,경기도 시흥시 장곡동 820-5,교통단속,4,200,360도 전방면,30,201612,031-310-5132,37.37821266,126.785641,2026-01-20,I,2026-05-15 18:45:39,2026-03-09 15:19:49,
4010000,202640100000800283,경기도 시흥시,경기도 시흥시 장곡로53번길 11,경기도 시흥시 장곡동 810-1,교통단속,4,200,360도 전방면,30,201412,031-310-5132,37.37826885,126.7825908,2026-01-20,I,2026-05-15 18:45:39,2026-03-09 15:19:49,
4010000,202640100000800284,경기도 시흥시,경기도 시흥시 역전로 435,경기도 시흥시 정왕동 1877-4,교통단속,3,200,360도 전방면,30,201412,031-310-5132,37.36377733,126.7379843,2026-01-20,I,2026-05-15 18:45:39,2026-03-09 15:19:49,
4010000,202640100000800285,경기도 시흥시,경기도 시흥시 협력로 281,경기도 시흥시 정왕동 2164-2,교통단속,3,200,360도 전방면,30,201412,031-310-5132,37.35116717,126.7154461,2026-01-20,I,2026-05-15 18:45:39,2026-03-09 15:19:49,
4010000,202640100000800286,경기도 시흥시,경기도 시흥시 서해안로 1605,경기도 시흥시 대야동 332-92,교통단속,4,200,360도 전방면,30,201412,031-310-5132,37.44813869,126.7861468,2026-01-20,I,2026-05-15 18:45:39,2026-03-09 15:19:49,
4010000,202640100000800287,경기도 시흥시,경기도 시흥시 승지로 49,경기도 시흥시 능곡동 724,교통단속,4,200,360도 전방면,30,201212,031-310-5132,37.36831468,126.8097554,2026-01-20,I,2026-05-15 18:45:39,2026-03-09 15:19:49,
4010000,202640100000800288,경기도 시흥시,경기도 시흥시 장현능곡로 178,경기도 시흥시 능곡동 719,교통단속,4,200,360도 전방면,30,200712,031-310-5132,37.36963509,126.810225,2026-01-20,I,2026-05-15 18:45:39,2026-03-09 15:19:49,
4010000,202640100000800289,경기도 시흥시,경기도 시흥시 봉우재로 23-32,경기도 시흥시 정왕동 1608,교통단속,4,200,360도 전방면,30,200812,031-310-5132,37.34679981,126.7409851,2026-01-20,I,2026-05-15 18:45:39,2026-03-09 15:19:49,
4010000,202640100000800290,경기도 시흥시,경기도 시흥시 월곶해안로 29-2,경기도 시흥시 월곶동 520-158,교통단속,3,200,360도 전방면,30,200812,031-310-5132,37.39579578,126.740505,2026-01-20,I,2026-05-15 18:45:39,2026-03-09 15:19:49,
4010000,202640100000800291,경기도 시흥시,경기도 시흥시 뱀내장터로 21,경기도 시흥시 대야동 500-3,교통단속,3,200,360도 전방면,30,200812,031-310-5132,37.44188589,126.7867492,2026-01-20,I,2026-05-15 18:45:39,2026-03-09 15:19:49,
4010000,202640100000800292,경기도 시흥시,경기도 시흥시 동서로 1095-1,경기도 시흥시 논곡동 160-29,교통단속,3,200,360도 전방면,30,200612,031-310-5132,37.38708328,126.8604544,2026-01-20,I,2026-05-15 18:45:39,2026-03-09 15:19:49,
4010000,202640100000800293,경기도 시흥시,경기도 시흥시 신천로25번길 1,경기도 시흥시 신천동 869-1,교통단속,4,200,360도 전방면,30,200512,031-310-5132,37.4340723,126.7901027,2026-01-20,I,2026-05-15 18:45:39,2026-03-09 15:19:49,
4010000,202640100000800294,경기도 시흥시,경기도 시흥시 도일로 121-2,경기도 시흥시 거모동1553-2,교통단속,3,200,360도 전방면,30,200512,031-310-5132,37.34136886,126.7836918,2026-01-20,I,2026-05-15 18:45:39,2026-03-09 15:19:49,
4010000,202640100000800295,경기도 시흥시,경기도 시흥시 마유로 411,경기도 시흥시 정왕동 876-311,교통단속,4,200,360도 전방면,30,200412,031-310-5132,37.35146589,126.7404228,2026-01-20,I,2026-05-15 18:45:39,2026-03-09 15:19:49,
4010000,202640100000800296,경기도 시흥시,경기도 시흥시 정왕천로 429,경기도 시흥시 정왕동 1177-6,교통단속,5,200,360도 전방면,30,200512,031-310-5132,37.34582052,126.7532886,2026-01-20,I,2026-05-15 18:45:39,2026-03-09 15:19:49,
4010000,202640100000800297,경기도 시흥시,경기도 시흥시 마유로 330,경기도 시흥시 정왕동 1735-4,교통단속,3,200,360도 전방면,30,200512,031-310-5132,37.34567758,126.7348521,2026-01-20,I,2026-05-15 18:45:39,2026-03-09 15:19:49,
4010000,202640100000800298,경기도 시흥시,경기도 시흥시 옥구천동로401,경기도 시흥시 정왕동1875-5,교통단속,3,200,360도 전방면,30,200512,031-310-5132,37.35700981,126.7298566,2026-01-20,I,2026-05-15 18:45:39,2026-03-09 15:19:49,
4010000,202640100000800299,경기도 시흥시,경기도 시흥시 함송로 24,경기도 시흥시 정왕동 1882-5,교통단속,5,200,360도 전방면,30,200512,031-310-5132,37.36315698,126.730779,2026-01-20,I,2026-05-15 18:45:39,2026-03-09 15:19:49,
4010000,202640100000800300,경기도 시흥시,경기도 시흥시 은행로 92,경기도 시흥시 은행동 547-7,교통단속,3,200,360도 전방면,30,200512,031-310-5132,37.43994692,126.797026,2026-01-20,I,2026-05-15 18:45:39,2026-03-09 15:19:49,
4010000,202640100000800301,경기도 시흥시,경기도 시흥시 죽율로 47,경기도 시흥시 죽율동 304,교통단속,4,200,360도 전방면,30,200512,031-310-5132,37.34834594,126.7608128,2026-01-20,I,2026-05-15 18:45:39,2026-03-09 15:19:49,
4010000,202640100000800302,경기도 시흥시,경기도 시흥시 비둘기공원7길 46,경기도 시흥시 대야동 541-3,교통단속,4,200,360도 전방면,30,200512,031-310-5132,37.44201409,126.7917017,2026-01-20,I,2026-05-15 18:45:39,2026-03-09 15:19:49,
4010000,202640100000800303,경기도 시흥시,경기도 시흥시 복지로 3,경기도 시흥시 신천동 709-6,교통단속,4,200,360도 전방면,30,200512,031-310-5132,37.44032605,126.7869754,2026-01-20,I,2026-05-15 18:45:39,2026-03-09 15:19:49,
4010000,202640100000800304,경기도 시흥시,경기도 시흥시 큰솔로 72,경기도 시흥시 정왕동 1526-6,교통단속,3,200,360도 전방면,30,200512,031-310-5132,37.34347646,126.7546257,2026-01-20,I,2026-05-15 18:45:39,2026-03-09 15:19:49,
4010000,202640100000800305,경기도 시흥시,경기도 시흥시 평안상가3길 18,경기도 시흥시 정왕동 1627-6,교통단속,5,200,360도 전방면,30,200512,031-310-5132,37.33643807,126.7493496,2026-01-20,I,2026-05-15 18:45:39,2026-03-09 15:19:49,
4010000,202640100000800306,경기도 시흥시,경기도 시흥시 비둘기공원7길 57,경기도 시흥시 대야동 550-1,교통단속,5,200,360도 전방면,30,200512,031-310-5132,37.44114697,126.7914362,2026-01-20,I,2026-05-15 18:45:39,2026-03-09 15:19:49,
4010000,202640100000800307,경기도 시흥시,경기도 시흥시 한우물로 1,경기도 시흥시 거모동 1754-4,교통단속,3,200,360도 전방면,30,200512,031-310-5132,37.34267913,126.784837,2026-01-20,I,2026-05-15 18:45:39,2026-03-09 15:19:49,
4010000,202640100000800308,경기도 시흥시,경기도 시흥시 비둘기공원4길 9,경기도 시흥시 대야동 531-1,교통단속,3,200,360도 전방면,30,200512,031-310-5132,37.44360608,126.7897335,2026-01-20,I,2026-05-15 18:45:39,2026-03-09 15:19:49,
4010000,202640100000800309,경기도 시흥시,경기도 시흥시 오이도로 175,경기도 시흥시 정왕동 2003-16,교통단속,3,200,360도 전방면,30,200512,031-310-5132,37.34529131,126.6878145,2026-01-20,I,2026-05-15 18:45:39,2026-03-09 15:19:49,
4010000,202640100000800310,경기도 시흥시,경기도 시흥시 공단1대로 229,경기도 시흥시 정왕동 1366-12,교통단속,4,200,360도 전방면,30,200412,031-310-5132,37.33709004,126.7270523,2026-01-20,I,2026-05-15 18:45:39,2026-03-09 15:19:49,
4010000,202640100000800311,경기도 시흥시,경기도 시흥시 평안상가1길 1,경기도 시흥시 정왕동 1622,교통단속,5,200,360도 전방면,30,200412,031-310-5132,37.3392692,126.7482723,2026-01-20,I,2026-05-15 18:45:39,2026-03-09 15:19:49,
4010000,202640100000800312,경기도 시흥시,경기도 시흥시 옥구천서로337,경기도 시흥시 정왕동 1860-1,교통단속,3,200,360도 전방면,30,200412,031-310-5132,37.35285026,126.7250629,2026-01-20,I,2026-05-15 18:45:39,2026-03-09 15:19:49,
4010000,202640100000800313,경기도 시흥시,경기도 시흥시 정왕대로 56,경기도 시흥시 정왕동 1861-1,교통단속,4,200,360도 전방면,30,200412,031-310-5132,37.35495453,126.7228326,2026-01-20,I,2026-05-15 18:45:39,2026-03-09 15:19:49,
4010000,202640100000800314,경기도 시흥시,경기도 시흥시 중심상가3길 9,경기도 시흥시 정왕동 1737-12,교통단속,3,200,360도 전방면,30,200412,031-310-5132,37.34527189,126.7371797,2026-01-20,I,2026-05-15 18:45:39,2026-03-09 15:19:49,
4010000,202640100000800315,경기도 시흥시,경기도 시흥시 중심상가4길 18,경기도 시흥시 정왕동 1739-7,교통단속,4,200,360도 전방면,30,200412,031-310-5132,37.34368741,126.7376125,2026-01-20,I,2026-05-15 18:45:39,2026-03-09 15:19:49,
4010000,202640100000800316,경기도 시흥시,경기도 시흥시 중심상가4길 10,경기도 시흥시 정왕동 1739-1,교통단속,4,200,360도 전방면,30,200412,031-310-5132,37.34445549,126.7386922,2026-01-20,I,2026-05-15 18:45:39,2026-03-09 15:19:49,
4010000,202640100000800317,경기도 시흥시,경기도 시흥시 호현로 10,경기도 시흥시 신천동 707,교통단속,3,200,360도 전방면,30,200412,031-310-5132,37.44176572,126.7836807,2026-01-20,I,2026-05-15 18:45:39,2026-03-09 15:19:49,
4010000,202640100000800318,경기도 시흥시,경기도 시흥시 정왕천로414번길2,경기도 시흥시 정왕동1516,교통단속,5,200,360도 전방면,30,200512,031-310-5132,37.34424604,126.7521431,2026-01-20,I,2026-05-15 18:45:39,2026-03-09 15:19:49,
4010000,202640100000800319,경기도 시흥시,경기도 시흥시 매화로45,경기도 시흥시 매화동193-6,교통단속,4,200,360도 전방면,30,201212,031-310-5132,37.41530293,126.8146125,2026-01-20,I,2026-05-15 18:45:39,2026-03-09 15:19:49,
4010000,202640100000800320,경기도 시흥시,경기도 시흥시 동서로 1068,경기도 시흥시 조남동170-2,교통단속,3,200,360도 전방면,30,200412,031-310-5132,37.3842617,126.8597812,2026-01-20,I,2026-05-15 18:45:39,2026-03-09 15:19:49,
4010000,202640100000800321,경기도 시흥시,경기도 시흥시 비둘기공원로 28,경기도 시흥시 대야동 542,교통단속,5,200,360도 전방면,30,200412,031-310-5132,37.44337279,126.7925266,2026-01-20,I,2026-05-15 18:45:39,2026-03-09 15:19:49,
4010000,202640100000800322,경기도 시흥시,경기도 시흥시 수인로 3370,경기도 시흥시 신천동 731,교통단속,3,200,360도 전방면,30,200412,031-310-5132,37.44049285,126.7847737,2026-01-20,I,2026-05-15 18:45:39,2026-03-09 15:19:50,
4010000,202640100000800323,경기도 시흥시,경기도 시흥시 복지로99번길 2,경기도 시흥시 대야동 345-11,교통단속,3,200,360도 전방면,30,200412,031-310-5132,37.44776958,126.7918849,2026-01-20,I,2026-05-15 18:45:39,2026-03-09 15:19:50,
4010000,202640100000800324,경기도 시흥시,경기도 시흥시 신천3길 60,경기도 시흥시 신천동 389-2,교통단속,4,200,360도 전방면,30,200412,031-310-5132,37.43877321,126.7797072,2026-01-20,I,2026-05-15 18:45:39,2026-03-09 15:19:50,
4010000,202640100000800325,경기도 시흥시,경기도 시흥시 복지로 57,경기도 시흥시 대야동 469-3,교통단속,4,200,360도 전방면,30,200412,031-310-5132,37.44466882,126.7896747,2026-01-20,I,2026-05-15 18:45:39,2026-03-09 15:19:50,
4010000,202640100000800326,경기도 시흥시,경기도 시흥시 은행로 164,경기도 시흥시 대야동 580-3,교통단속,5,200,360도 전방면,30,200412,031-310-5132,37.44554926,126.79894,2026-01-20,I,2026-05-15 18:45:39,2026-03-09 15:19:50,
4010000,202640100000800327,경기도 시흥시,경기도 시흥시 정왕동 2060,경기도 시흥시 정왕동 2060,쓰레기단속,2,500,전방 10~20m,7,202505,031-310-3105,37.34638,126.6899,2026-01-20,I,2026-05-15 18:45:39,2026-03-09 15:19:50,
4010000,202640100000800328,경기도 시흥시,,경기도 시흥시 배곧동 219,쓰레기단속,2,500,전방 10~20m,7,202505,031-310-3105,37.36837,126.7273,2026-01-20,I,2026-05-15 18:45:39,2026-03-09 15:19:50,
4010000,202640100000800329,경기도 시흥시,경기도 시흥시 능곡동 814,경기도 시흥시 능곡동 814,쓰레기단속,2,500,전방 10~20m,7,202505,031-310-3105,37.36345,126.8125,2026-01-20,I,2026-05-15 18:45:39,2026-03-09 15:19:50,
4010000,202640100000800330,경기도 시흥시,,경기도 시흥시 은행동 646-2,쓰레기단속,2,500,전방 10~20m,7,202505,031-310-3105,37.43710,126.8016,2026-01-20,I,2026-05-15 18:45:39,2026-03-09 15:19:50,
4010000,202640100000800331,경기도 시흥시,,경기도 시흥시 은행동 289-33,쓰레기단속,2,500,전방 10~20m,7,202505,031-310-3105,37.43084,126.7963,2026-01-20,I,2026-05-15 18:45:39,2026-03-09 15:19:50,
4010000,202640100000800332,경기도 시흥시,경기도 시흥시 무지내동 349-11,경기도 시흥시 무지내동 349-11,쓰레기단속,2,500,전방 10~20m,7,202505,031-310-3105,37.41472,126.8400,2026-01-20,I,2026-05-15 18:45:39,2026-03-09 15:19:50,
4010000,202640100000800333,경기도 시흥시,경기도 시흥시 정왕동 2325-3,경기도 시흥시 정왕동 2325-3,쓰레기단속,2,500,전방 10~20m,7,202504,031-310-3105,37.35207,126.7426,2026-01-20,I,2026-05-15 18:45:39,2026-03-09 15:19:50,
4010000,202640100000800334,경기도 시흥시,경기도 시흥시 하중동 724-14,경기도 시흥시 하중동 724-14,쓰레기단속,2,500,전방 10~20m,7,202504,031-310-3105,37.38996,126.8044,2026-01-20,I,2026-05-15 18:45:39,2026-03-09 15:19:50,
4010000,202640100000800335,경기도 시흥시,,경기도 시흥시 논곡동 217,쓰레기단속,2,500,전방 10~20m,7,202405,031-310-3105,37.39070,126.85601,2026-01-20,I,2026-05-15 18:45:39,2026-03-09 15:19:50,
4010000,202640100000800336,경기도 시흥시,경기도 시흥시 정왕동 1733-3,경기도 시흥시 정왕동 1733-3,쓰레기단속,2,500,전방 10~20m,7,202405,031-310-3105,37.34516,126.73180,2026-01-20,I,2026-05-15 18:45:39,2026-03-09 15:19:50,
4010000,202640100000800337,경기도 시흥시,경기도 시흥시 금오로368번길 151,경기도 시흥시 무지내동 77-1,쓰레기단속,1,200,전방 10~20m,10,202106,031-310-3105,37.42420,126.84273,2026-01-20,I,2026-05-15 18:45:39,2026-03-09 15:19:50,
4010000,202640100000800338,경기도 시흥시,경기도 시흥시 과림동 568-3,경기도 시흥시 과림동 568-3,쓰레기단속,1,200,전방 10~20m,10,202106,031-310-3105,37.43404,126.83918,2026-01-20,I,2026-05-15 18:45:39,2026-03-09 15:19:50,
4010000,202640100000800339,경기도 시흥시,경기도 시흥시 과림동 539-7,경기도 시흥시 과림동 539-7,쓰레기단속,1,200,전방 10~20m,10,202106,031-310-3105,37.43626,126.83817,2026-01-20,I,2026-05-15 18:45:39,2026-03-09 15:19:50,
4010000,202640100000800340,경기도 시흥시,경기도 시흥시 과림동 704-3,경기도 시흥시 과림동 704-3,쓰레기단속,1,200,전방 10~20m,10,202106,031-310-3105,37.42981,126.84163,2026-01-20,I,2026-05-15 18:45:39,2026-03-09 15:19:50,
4010000,202640100000800341,경기도 시흥시,경기도 시흥시 과림동 산28-1,경기도 시흥시 과림동 산28-1,쓰레기단속,1,200,전방 10~20m,10,202106,031-310-3105,37.44039,126.82645,2026-01-20,I,2026-05-15 18:45:39,2026-03-09 15:19:50,
4010000,202640100000800342,경기도 시흥시,경기도 시흥시 과림동 302-1,경기도 시흥시 과림동 302-1,쓰레기단속,1,200,전방 10~20m,10,202106,031-310-3105,37.44521,126.83675,2026-01-20,I,2026-05-15 18:45:39,2026-03-09 15:19:50,
4010000,202640100000800343,경기도 시흥시,경기도 시흥시 과림동 30-3,경기도 시흥시 과림동 30-3,쓰레기단속,1,200,전방 10~20m,10,202106,031-310-3105,37.45774,126.83604,2026-01-20,I,2026-05-15 18:45:39,2026-03-09 15:19:50,
4010000,202640100000800344,경기도 시흥시,경기도 시흥시 과림동 173-5,경기도 시흥시 과림동 173-5,쓰레기단속,1,200,전방 10~20m,10,202106,031-310-3105,37.44933,126.83556,2026-01-20,I,2026-05-15 18:45:39,2026-03-09 15:19:50,
4010000,202640100000800345,경기도 시흥시,경기도 시흥시 과림동 177-17,경기도 시흥시 과림동 177-17,쓰레기단속,1,200,전방 10~20m,10,202106,031-310-3105,37.44910,126.83799,2026-01-20,I,2026-05-15 18:45:39,2026-03-09 15:19:50,
4010000,202640100000800346,경기도 시흥시,경기도 시흥시 포동 산28-18,경기도 시흥시 포동 산28-18,쓰레기단속,2,200,전방 10~20m,7,202006,031-310-3105,37.40628,126.78435,2026-01-20,I,2026-05-15 18:45:39,2026-03-09 15:19:50,
4010000,202640100000800347,경기도 시흥시,경기도 시흥시 매화동 180-4,경기도 시흥시 매화동 180-4,쓰레기단속,2,200,전방 10~20m,7,202006,031-310-3105,37.41432,126.81653,2026-01-20,I,2026-05-15 18:45:39,2026-03-09 15:19:50,
4010000,202640100000800348,경기도 시흥시,경기도 시흥시 거모동 1848,경기도 시흥시 거모동 1848,쓰레기단속,2,200,전방 10~20m,7,202006,031-310-3105,37.34104,126.78559,2026-01-20,I,2026-05-15 18:45:39,2026-03-09 15:19:50,
4010000,202640100000800349,경기도 시흥시,,경기도 시흥시 정왕동 1728-18,쓰레기단속,2,200,전방 10~20m,7,202006,031-310-3105,37.34626,126.73359,2026-01-20,I,2026-05-15 18:45:39,2026-03-09 15:19:50,
4010000,202640100000800350,경기도 시흥시,경기도 시흥시 거모동 1754-2,경기도 시흥시 거모동 1754-2,쓰레기단속,2,200,전방 10~20m,7,202006,031-310-3105,37.34305,126.78462,2026-01-20,I,2026-05-15 18:45:39,2026-03-09 15:19:50,
4010000,202640100000800351,경기도 시흥시,,경기도 시흥시 정왕동 1617-12,쓰레기단속,2,200,전방 10~20m,7,202006,031-310-3105,37.34504,126.74273,2026-01-20,I,2026-05-15 18:45:39,2026-03-09 15:19:50,
4010000,202640100000800352,경기도 시흥시,경기도 시흥시 도일로92번길 9-3,경기도 시흥시 거모동 1777-5,쓰레기단속,2,200,전방 10~20m,7,202006,031-310-3105,37.33901,126.78486,2026-01-20,I,2026-05-15 18:45:39,2026-03-09 15:19:50,
4010000,202640100000800353,경기도 시흥시,,경기도 시흥시 정왕동 1608-10,쓰레기단속,2,200,전방 10~20m,7,202006,031-310-3105,37.34620,126.74210,2026-01-20,I,2026-05-15 18:45:39,2026-03-09 15:19:50,
4010000,202640100000800354,경기도 시흥시,경기도 시흥시 서촌상가4길 8-12,경기도 시흥시 정왕동 1732-1,쓰레기단속,2,200,전방 10~20m,7,202006,031-310-3105,37.34554,126.73328,2026-01-20,I,2026-05-15 18:45:39,2026-03-09 15:19:50,
4010000,202640100000800355,경기도 시흥시,경기도 시흥시 군서로 23-1,경기도 시흥시 정왕동 1213-5,쓰레기단속,2,200,전방 10~20m,7,202006,031-310-3105,37.34479,126.74899,2026-01-20,I,2026-05-15 18:45:39,2026-03-09 15:19:50,
4010000,202640100000800356,경기도 시흥시,경기도 시흥시 월곶동 549-17,경기도 시흥시 월곶동 549-17,쓰레기단속,1,200,전방 10~20m,10,201905,031-310-3105,37.38537,126.75620,2026-01-20,I,2026-05-15 18:45:39,2026-03-09 15:19:50,
4010000,202640100000800357,경기도 시흥시,경기도 시흥시 과림동 418-2,경기도 시흥시 과림동 418-2,쓰레기단속,1,200,전방 10~20m,10,201905,031-310-3105,37.43972,126.83584,2026-01-20,I,2026-05-15 18:45:39,2026-03-09 15:19:50,
4010000,202640100000800358,경기도 시흥시,경기도 시흥시  과림동 399-16,경기도 시흥시  과림동 399-16,쓰레기단속,1,200,전방 10~20m,10,201905,031-310-3105,37.44416,126.83765,2026-01-20,I,2026-05-15 18:45:39,2026-03-09 15:19:50,
4010000,202640100000800359,경기도 시흥시,경기도 시흥시 거모동 461-2,경기도 시흥시 거모동 461-2,쓰레기단속,1,200,전방 10~20m,10,201905,031-310-3105,37.35401,126.76799,2026-01-20,I,2026-05-15 18:45:39,2026-03-09 15:19:50,
4010000,202640100000800360,경기도 시흥시,경기도 시흥시 거모동 1782,경기도 시흥시 거모동 1782,쓰레기단속,1,200,전방 10~20m,10,201905,031-310-3105,37.34904,126.78545,2026-01-20,I,2026-05-15 18:45:39,2026-03-09 15:19:50,
4010000,202640100000800361,경기도 시흥시,경기도 시흥시 군자로466번길 59,경기도 시흥시 거모동 1748-19,쓰레기단속,1,200,전방 10~20m,10,201905,031-310-3105,37.34313,126.78082,2026-01-20,I,2026-05-15 18:45:39,2026-03-09 15:19:50,
4010000,202640100000800362,경기도 시흥시,경기도 시흥시 한우물로11번길 18-1,경기도 시흥시 거모동 1746-13,쓰레기단속,1,200,전방 10~20m,10,201905,031-310-3105,37.34339,126.78258,2026-01-20,I,2026-05-15 18:45:39,2026-03-09 15:19:50,
4010000,202640100000800363,경기도 시흥시,경기도 시흥시 오동마을로6번안길 6,경기도 시흥시 정왕동 2321-3,쓰레기단속,1,200,전방 10~20m,10,201905,031-310-3105,37.35249,126.74253,2026-01-20,I,2026-05-15 18:45:39,2026-03-09 15:19:50,
4010000,202640100000800364,경기도 시흥시,경기도 시흥시 역전로301번길 34,경기도 시흥시 정왕동 2305-2,쓰레기단속,1,200,전방 10~20m,10,201905,031-310-3105,37.35300,126.73745,2026-01-20,I,2026-05-15 18:45:39,2026-03-09 15:19:50,
4010000,202640100000800365,경기도 시흥시,경기도 시흥시 오이도6길 21,경기도 시흥시 정왕동 2027-8,쓰레기단속,2,200,전방 10~20m,10,201905,031-310-3105,37.34272,126.68826,2026-01-20,I,2026-05-15 18:45:39,2026-03-09 15:19:50,
4010000,202640100000800366,경기도 시흥시,경기도 시흥시 오이도중앙로36번길 6-8,경기도 시흥시 정왕동 2001-2,쓰레기단속,2,200,전방 10~20m,10,201905,031-310-3105,37.34606,126.68925,2026-01-20,I,2026-05-15 18:45:39,2026-03-09 15:19:50,
4010000,202640100000800367,경기도 시흥시,경기도 시흥시 옥터로19번길 1,경기도 시흥시 정왕동 1985-12,쓰레기단속,1,200,전방 10~20m,10,201905,031-310-3105,37.34612,126.69250,2026-01-20,I,2026-05-15 18:45:39,2026-03-09 15:19:50,
4010000,202640100000800368,경기도 시흥시,경기도 시흥시 봉우재로36번길 7,경기도 시흥시 정왕동1575-10,쓰레기단속,1,200,전방 10~20m,10,201905,031-310-3105,37.34583,126.74516,2026-01-20,I,2026-05-15 18:45:39,2026-03-09 15:19:50,
4010000,202640100000800369,경기도 시흥시,경기도 시흥시 정왕천로432번길 3-24,경기도 시흥시 정왕동 1501-14,쓰레기단속,1,200,전방 10~20m,10,201905,031-310-3105,37.34632,126.75472,2026-01-20,I,2026-05-15 18:45:39,2026-03-09 15:19:50,
4010000,202640100000800370,경기도 시흥시,경기도 시흥시 정왕천로 403,경기도 시흥시 정왕동 1196-6,쓰레기단속,1,200,전방 10~20m,10,201905,031-310-3105,37.34386,126.75133,2026-01-20,I,2026-05-15 18:45:39,2026-03-09 15:19:50,
4010000,202640100000800371,경기도 시흥시,경기도 시흥시 정왕동 876-66,경기도 시흥시 정왕동 876-66,쓰레기단속,1,200,전방 10~20m,10,201905,031-310-3105,37.35199,126.73854,2026-01-20,I,2026-05-15 18:45:39,2026-03-09 15:19:50,
4010000,202640100000800372,경기도 시흥시,경기도 시흥시 능곡동 715,경기도 시흥시 능곡동 715,쓰레기단속,1,200,전방 10~20m,7,201702,031-310-3105,37.36297,126.81678,2026-01-20,I,2026-05-15 18:45:39,2026-03-09 15:19:50,
4010000,202640100000800373,경기도 시흥시,경기도 시흥시 안현동 179-1,경기도 시흥시 안현동 179-1,쓰레기단속,2,200,전방 10~20m,7,201702,031-310-3105,37.43318,126.80979,2026-01-20,I,2026-05-15 18:45:39,2026-03-09 15:19:51,
4010000,202640100000800374,경기도 시흥시,경기도 시흥시 오동마을로 35-1,경기도 시흥시 정왕동 2313-12,쓰레기단속,2,200,전방 10~20m,7,201803,031-310-3105,37.35219,126.74560,2026-01-20,I,2026-05-15 18:45:39,2026-03-09 15:19:51,
4010000,202640100000800375,경기도 시흥시,경기도 시흥시 오이도중앙로6번길 9-5,경기도 시흥시 정왕동 1975-12,쓰레기단속,2,200,전방 10~20m,7,201803,031-310-3105,37.34746,126.68961,2026-01-20,I,2026-05-15 18:45:39,2026-03-09 15:19:51,
4010000,202640100000800376,경기도 시흥시,경기도 시흥시 역전로 307,경기도 시흥시 정왕동 2305-31,쓰레기단속,2,200,전방 10~20m,7,201803,031-310-3105,37.35259,126.73817,2026-01-20,I,2026-05-15 18:45:39,2026-03-09 15:19:51,
4010000,202640100000800377,경기도 시흥시,경기도 시흥시 오동마을로 38,경기도 시흥시 정왕동 2317-6,쓰레기단속,2,200,전방 10~20m,7,201803,031-310-3105,37.35188,126.74552,2026-01-20,I,2026-05-15 18:45:39,2026-03-09 15:19:51,
4010000,202640100000800378,경기도 시흥시,경기도 시흥시 큰솔로96번길 9,경기도 시흥시 정왕동 1524-8,쓰레기단속,2,200,전방 10~20m,7,201803,031-310-3105,37.34417,126.75690,2026-01-20,I,2026-05-15 18:45:39,2026-03-09 15:19:51,
4010000,202640100000800379,경기도 시흥시,경기도 시흥시 오이도로135번길 56,경기도 시흥시 정왕동 2030-2,쓰레기단속,2,200,전방 10~20m,7,201803,031-310-3105,37.34348,126.68746,2026-01-20,I,2026-05-15 18:45:39,2026-03-09 15:19:51,
4010000,202640100000800380,경기도 시흥시,경기도 시흥시 거모동 1604-2,경기도 시흥시 거모동 1604-2,쓰레기단속,2,200,전방 10~20m,7,201905,031-310-3105,37.34351,126.79056,2026-01-20,I,2026-05-15 18:45:39,2026-03-09 15:19:51,
4010000,202640100000800381,경기도 시흥시,경기도 시흥시 은행동 568,경기도 시흥시 은행동 568,쓰레기단속,2,200,전방 10~20m,7,201905,031-310-3105,37.43997,126.79312,2026-01-20,I,2026-05-15 18:45:39,2026-03-09 15:19:51,
4010000,202640100000800382,경기도 시흥시,경기도 시흥시 과림동 790-101,경기도 시흥시 과림동 790-101,쓰레기단속,2,200,전방 10~20m,30,201705,031-310-3105,37.43445,126.84143,2026-01-20,I,2026-05-15 18:45:39,2026-03-09 15:19:51,
4010000,202640100000800383,경기도 시흥시,경기도 시흥시 정왕동 1590-15,경기도 시흥시 정왕동 1590-15,쓰레기단속,2,200,전방 10~20m,30,201705,031-310-3105,37.43446,126.84142,2026-01-20,I,2026-05-15 18:45:39,2026-03-09 15:19:51,
4010000,202640100000800384,경기도 시흥시,경기도 시흥시 정왕천로424번길 10,경기도 시흥시 정왕동 1513,쓰레기단속,2,200,전방 10~20m,30,201705,031-310-3105,37.34456,126.75369,2026-01-20,I,2026-05-15 18:45:39,2026-03-09 15:19:51,
4010000,202640100000800385,경기도 시흥시,경기도 시흥시 정왕동 1228-1,경기도 시흥시 정왕동 1228-1,쓰레기단속,2,200,전방 10~20m,30,201705,031-310-3105,37.34428,126.74947,2026-01-20,I,2026-05-15 18:45:39,2026-03-09 15:19:51,
4010000,202640100000800386,경기도 시흥시,경기도 시흥시 매화2로48번길 12,경기도 시흥시 매화동 350-5,쓰레기단속,2,200,전방 10~20m,30,201705,031-310-3105,37.41607,126.80894,2026-01-20,I,2026-05-15 18:45:39,2026-03-09 15:19:51,
4010000,202640100000800387,경기도 시흥시,경기도 시흥시 도일로112번길 5,경기도 시흥시 거모동 1658-1,쓰레기단속,2,200,전방 10~20m,30,201705,031-310-3105,37.34055,126.78431,2026-01-20,I,2026-05-15 18:45:39,2026-03-09 15:19:51,
4010000,202640100000800388,경기도 시흥시,경기도 시흥시 논곡동 294-3,경기도 시흥시 논곡동 294-3,쓰레기단속,2,500,전방 10~20m,10,202306,031-310-3105,37.39721,126.85624,2026-01-20,I,2026-05-15 18:45:39,2026-03-09 15:19:51,
4010000,202640100000800389,경기도 시흥시,,경기도 시흥시 과림동 66-1,쓰레기단속,2,500,전방 10~20m,10,202306,031-310-3105,37.45551,126.83274,2026-01-20,I,2026-05-15 18:45:39,2026-03-09 15:19:51,
4010000,202640100000800390,경기도 시흥시,경기도 시흥시 미산로143번길 19,경기도 시흥시 미산동 320-11,쓰레기단속,2,500,전방 10~20m,10,202108,031-310-3105,37.41691,126.79389,2026-01-20,I,2026-05-15 18:45:39,2026-03-09 15:19:51,
4010000,202640100000800391,경기도 시흥시,경기도 시흥시 거모동 464-1,경기도 시흥시 거모동 464-1,쓰레기단속,2,500,전방 10~20m,10,202108,031-310-3105,37.35411,126.76837,2026-01-20,I,2026-05-15 18:45:39,2026-03-09 15:19:51,
4010000,202640100000800392,경기도 시흥시,경기도 시흥시 논곡동 116-9,경기도 시흥시 논곡동 116-9,쓰레기단속,2,500,전방 10~20m,10,202108,031-310-3105,37.39474,126.85704,2026-01-20,I,2026-05-15 18:45:39,2026-03-09 15:19:51,
4010000,202640100000800393,경기도 시흥시,경기도 시흥시 방산동 721-59,경기도 시흥시 방산동 721-59,쓰레기단속,2,500,전방 10~20m,10,202108,031-310-3105,37.40295,126.76812,2026-01-20,I,2026-05-15 18:45:39,2026-03-09 15:19:51,
4010000,202640100000800394,경기도 시흥시,경기도 시흥시 과림동 749-23,경기도 시흥시 과림동 749-23,쓰레기단속,2,500,전방 10~20m,10,202205,031-310-3105,37.42945,126.83620,2026-01-20,I,2026-05-15 18:45:39,2026-03-09 15:19:51,
4010000,202640100000800395,경기도 시흥시,경기도 시흥시 산현동 산66-1,경기도 시흥시 산현동 산66-1,쓰레기단속,2,500,전방 10~20m,10,202205,031-310-3105,37.37033,126.83036,2026-01-20,I,2026-05-15 18:45:39,2026-03-09 15:19:51,
4010000,202640100000800396,경기도 시흥시,,경기도 시흥시 정왕동 1167-4,쓰레기단속,2,500,전방 10~20m,10,202205,031-310-3105,37.34692,126.75431,2026-01-20,I,2026-05-15 18:45:39,2026-03-09 15:19:51,
4010000,202640100000800397,경기도 시흥시,,경기도 시흥시 도창동 65,쓰레기단속,2,500,전방 10~20m,10,202205,031-310-3105,37.40918,126.81815,2026-01-20,I,2026-05-15 18:45:39,2026-03-09 15:19:51,
4010000,202640100000800398,경기도 시흥시,경기도 시흥시 큰솔로46번길 4-1,경기도 시흥시 정왕동 1395-2,쓰레기단속,2,200,전방 10~20m,30,201401,031-310-3105,37.34112,126.75308,2026-01-20,I,2026-05-15 18:45:39,2026-03-09 15:19:51,
4010000,202640100000800399,경기도 시흥시,경기도 시흥시 큰솔로 67-8,경기도 시흥시 정왕동 1512,쓰레기단속,2,200,전방 10~20m,30,201401,031-310-3105,37.34385,126.75405,2026-01-20,I,2026-05-15 18:45:39,2026-03-09 15:19:51,
4010000,202640100000800400,경기도 시흥시,경기도 시흥시 범안로390번길 31,경기도 시흥시 계수동 761,쓰레기단속,1,500,전방 10~20m,30,202106,031-310-2683,37.457345,126.81221,2026-01-20,I,2026-05-15 18:45:39,2026-03-09 15:19:51,
4010000,202640100000800401,경기도 시흥시,,경기도 시흥시 신천동 899,쓰레기단속,1,500,전방 10~20m,30,202106,031-310-2683,37.437383,126.77757,2026-01-20,I,2026-05-15 18:45:39,2026-03-09 15:19:51,
4010000,202640100000800402,경기도 시흥시,,경기도 시흥시 대야동 524,쓰레기단속,1,500,전방 10~20m,30,202106,031-310-2683,37.444233,126.78741,2026-01-20,I,2026-05-15 18:45:39,2026-03-09 15:19:51,
4010000,202640100000800403,경기도 시흥시,,경기도 시흥시 신천동 898,쓰레기단속,1,500,전방 10~20m,30,202106,031-310-2683,37.4379,126.77615,2026-01-20,I,2026-05-15 18:45:39,2026-03-09 15:19:51,
4010000,202640100000800404,경기도 시흥시,경기도 시흥시 호현로10번길,경기도 시흥시 신천동 708-13,쓰레기단속,1,500,전방 10~20m,30,202106,031-310-2683,37.44116,126.78508,2026-01-20,I,2026-05-15 18:45:39,2026-03-09 15:19:51,
4010000,202640100000800405,경기도 시흥시,,경기도 시흥시 신천동 산 20-17,쓰레기단속,1,500,전방 10~20m,30,202106,031-310-2683,37.445116,126.78201,2026-01-20,I,2026-05-15 18:45:39,2026-03-09 15:19:51,
4010000,202640100000800406,경기도 시흥시,경기도 시흥시 호현로34번안길 1,경기도 시흥시 대야동 496-9,쓰레기단속,1,500,전방 10~20m,30,202106,031-310-2683,37.443042,126.78578,2026-01-20,I,2026-05-15 18:45:39,2026-03-09 15:19:51,
4010000,202640100000800407,경기도 시흥시,,경기도 시흥시 대야동 462,쓰레기단속,1,500,전방 10~20m,30,202106,031-310-2683,37.447839,126.78687,2026-01-20,I,2026-05-15 18:45:39,2026-03-09 15:19:51,
4010000,202640100000800408,경기도 시흥시,경기도 시흥시 호현로103번길 5,경기도 시흥시 대야동 450-12,쓰레기단속,1,500,전방 10~20m,30,202106,031-310-2683,37.448172,126.78788,2026-01-20,I,2026-05-15 18:45:39,2026-03-09 15:19:51,
4010000,202640100000800409,경기도 시흥시,경기도 시흥시 시흥대로 1133,경기도 시흥시 신천동 946,쓰레기단속,1,500,전방 10~20m,30,202106,031-310-2683,37.436338,126.79049,2026-01-20,I,2026-05-15 18:45:39,2026-03-09 15:19:51,
4010000,202640100000800410,경기도 시흥시,,경기도 시흥시 신천동 225,쓰레기단속,1,500,전방 10~20m,30,202106,031-310-2683,37.430806,126.78361,2026-01-20,I,2026-05-15 18:45:39,2026-03-09 15:19:51,
4010000,202640100000800411,경기도 시흥시,,경기도 시흥시 계수동 282-3,쓰레기단속,1,500,전방 10~20m,30,202106,031-310-2683,37.452974,126.81471,2026-01-20,I,2026-05-15 18:45:39,2026-03-09 15:19:51,
4010000,202640100000800412,경기도 시흥시,,경기도 시흥시 신천동 499-1,쓰레기단속,1,500,전방 10~20m,30,202312,031-310-2683,37.43099,126.77264,2026-01-20,I,2026-05-15 18:45:39,2026-03-09 15:19:51,
4010000,202640100000800413,경기도 시흥시,,경기도 시흥시 계수동 651-3,쓰레기단속,1,500,전방 10~20m,30,202312,031-310-2683,37.441577,126.81177,2026-01-20,I,2026-05-15 18:45:39,2026-03-09 15:19:51,
4010000,202640100000800414,경기도 시흥시,,경기도 시흥시 신천동 923,쓰레기단속,1,500,전방 10~20m,30,202312,031-310-2683,37.43556,126.78956,2026-01-20,I,2026-05-15 18:45:39,2026-03-09 15:19:51,
4010000,202640100000800415,경기도 시흥시,,경기도 시흥시 신천동 775,쓰레기단속,1,500,전방 10~20m,30,202312,031-310-2683,37.438455,126.78763,2026-01-20,I,2026-05-15 18:45:39,2026-03-09 15:19:51,
4010000,202640100000800416,경기도 시흥시,,경기도 시흥시 신천동 산 16-8,쓰레기단속,1,500,전방 10~20m,30,202504,031-310-2683,37.444,126.77517,2026-01-20,I,2026-05-15 18:45:39,2026-03-09 15:19:51,
4010000,202640100000800417,경기도 시흥시,경기도 시흥시 신천천동로2,경기도 시흥시 신천동 803,쓰레기단속,1,500,전방 10~20m,30,202504,031-310-2683,37.438875,126.78484,2026-01-20,I,2026-05-15 18:45:39,2026-03-09 15:19:51,
4010000,202640100000800418,경기도 시흥시,,경기도 시흥시 대야동 산 170-47,쓰레기단속,1,500,전방 10~20m,30,202504,031-310-2683,37.447246,126.78553,2026-01-20,I,2026-05-15 18:45:39,2026-03-09 15:19:51,
4010000,202640100000800419,경기도 시흥시,경기도 시흥시 대골안길 16,경기도 시흥시 대야동 446-1,쓰레기단속,1,200,전방 10~20m,30,201806,031-310-2683,37.448402,126.78962,2026-01-20,I,2026-05-15 18:45:39,2026-03-09 15:19:51,
4010000,202640100000800420,경기도 시흥시,경기도 시흥시 신천로 94,경기도 시흥시 신천동 770-10,쓰레기단속,1,200,전방 10~20m,30,202003,031-310-2683,37.438708,126.7867,2026-01-20,I,2026-05-15 18:45:39,2026-03-09 15:19:51,
4010000,202640100000800421,경기도 시흥시,경기도 시흥시 호현로 86,경기도 시흥시 대야동 460-6,쓰레기단속,1,200,전방 10~20m,30,201903,031-310-2683,37.44718,126.78778,2026-01-20,I,2026-05-15 18:45:39,2026-03-09 15:19:51,
4010000,202640100000800422,경기도 시흥시,경기도 시흥시 신천로 17,경기도 시흥시 신천동 879-2,쓰레기단속,1,200,전방 10~20m,30,202003,031-310-2683,37.433601,126.79118,2026-01-20,I,2026-05-15 18:45:39,2026-03-09 15:19:51,
4010000,202640100000800423,경기도 시흥시,경기도 시흥시 신천로 88,경기도 시흥시 신천동 771-11,쓰레기단속,1,200,전방 10~20m,30,201706,031-310-2683,37.43812,126.78628,2026-01-20,I,2026-05-15 18:45:39,2026-03-09 15:19:51,
4010000,202640100000800424,경기도 시흥시,경기도 시흥시 신천6길 47-1,경기도 시흥시 신천동 823-2,쓰레기단속,1,200,전방 10~20m,30,201706,031-310-2683,37.43725015,126.77664,2026-01-20,I,2026-05-15 18:45:39,2026-03-09 15:19:51,
4010000,202640100000800425,경기도 시흥시,,경기도 시흥시 대야동 498-2,쓰레기단속,1,200,전방 10~20m,30,201606,031-310-2683,37.442759,126.78548,2026-01-20,I,2026-05-15 18:45:39,2026-03-09 15:19:51,
4010000,202640100000800426,경기도 시흥시,경기도 시흥시 비둘기공원3길 8-1,경기도 시흥시 대야동 553-4,쓰레기단속,1,200,전방 10~20m,30,201606,031-310-2683,37.440362,126.79204,2026-01-20,I,2026-05-15 18:45:39,2026-03-09 15:19:51,
4010000,202640100000800427,경기도 시흥시,경기도 시흥시 대골길 60,경기도 시흥시 대야동 465-23,쓰레기단속,1,200,전방 10~20m,30,201606,031-310-2683,37.44632,126.78737,2026-01-20,I,2026-05-15 18:45:39,2026-03-09 15:19:51,
4010000,202640100000800428,경기도 시흥시,경기도 시흥시 비둘기공원2길 17-1,경기도 시흥시 대야동 553-3,쓰레기단속,1,200,전방 10~20m,30,201606,031-310-2683,37.440452,126.79224,2026-01-20,I,2026-05-15 18:45:39,2026-03-09 15:19:51,
4010000,202640100000800429,경기도 시흥시,경기도 시흥시 수인로3395번길 52,경기도 시흥시 신천동 834-12,쓰레기단속,1,200,전방 10~20m,30,201706,031-310-2683,37.437015,126.78104,2026-01-20,I,2026-05-15 18:45:39,2026-03-09 15:19:51,
4010000,202640100000800430,경기도 시흥시,경기도 시흥시 수인로3413번길 49,경기도 시흥시 신천동 816-2,쓰레기단속,1,200,전방 10~20m,30,201706,031-310-2683,37.438514,126.77675,2026-01-20,I,2026-05-15 18:45:39,2026-03-09 15:19:51,
4010000,202640100000800431,경기도 시흥시,경기도 시흥시 신천로100번길 29-1,경기도 시흥시 신천동 779-4,쓰레기단속,1,200,전방 10~20m,30,201706,031-310-2683,37.438378,126.78963,2026-01-20,I,2026-05-15 18:45:39,2026-03-09 15:19:51,
4010000,202640100000800432,경기도 시흥시,경기도 시흥시 호현로 183,경기도 시흥시 대야동 89-3,쓰레기단속,1,200,전방 10~20m,30,201606,031-310-2683,37.455553,126.78747,2026-01-20,I,2026-05-15 18:45:39,2026-03-09 15:19:51,
4010000,202640100000800433,경기도 시흥시,,경기도 시흥시 정왕동 1208-8,생활방범,5,200,360도,30,200612,031-310-6763,37.34658981,126.7464912,2026-01-20,I,2026-05-15 18:45:39,2026-03-09 15:19:51,
4010000,202640100000800434,경기도 시흥시,,경기도 시흥시 정왕동 1191,생활방범,4,200,360도,30,200612,031-310-6763,37.34619285,126.7511372,2026-01-20,I,2026-05-15 18:45:39,2026-03-09 15:19:51,
4010000,202640100000800435,경기도 시흥시,,경기도 시흥시 정왕동 1168-13,생활방범,5,200,360도,30,200612,031-310-6763,37.34689639,126.7530905,2026-01-20,I,2026-05-15 18:45:39,2026-03-09 15:19:51,
4010000,202640100000800436,경기도 시흥시,,경기도 시흥시 정왕동 1508-1,생활방범,5,200,360도,30,200612,031-310-6763,37.34519501,126.754536,2026-01-20,I,2026-05-15 18:45:39,2026-03-09 15:19:51,
4010000,202640100000800437,경기도 시흥시,,경기도 시흥시 정왕동 1530-5,생활방범,5,200,360도,30,200612,031-310-6763,37.34281652,126.7555771,2026-01-20,I,2026-05-15 18:45:39,2026-03-09 15:19:51,
4010000,202640100000800438,경기도 시흥시,,경기도 시흥시 정왕동 1205,생활방범,5,200,360도,30,200812,031-310-6763,37.34671343,126.7479168,2026-01-20,I,2026-05-15 18:45:39,2026-03-09 15:19:51,
4010000,202640100000800439,경기도 시흥시,,경기도 시흥시 정왕동 1214-6,생활방범,5,200,360도,30,200812,031-310-6763,37.34405003,126.750354,2026-01-20,I,2026-05-15 18:45:39,2026-03-09 15:19:51,
4010000,202640100000800440,경기도 시흥시,,경기도 시흥시 정왕동 1543-9,생활방범,4,200,360도,30,200812,031-310-6763,37.34184676,126.7565174,2026-01-20,I,2026-05-15 18:45:39,2026-03-09 15:19:51,
4010000,202640100000800441,경기도 시흥시,,경기도 시흥시 정왕동 1548-5,생활방범,5,200,360도,30,200812,031-310-6763,37.3416329,126.7544117,2026-01-20,I,2026-05-15 18:45:39,2026-03-09 15:19:51,
4010000,202640100000800442,경기도 시흥시,,경기도 시흥시 정왕동 1401-1,생활방범,5,200,360도,30,200812,031-310-6763,37.33997201,126.7545579,2026-01-20,I,2026-05-15 18:45:39,2026-03-09 15:19:51,
4010000,202640100000800443,경기도 시흥시,,경기도 시흥시 정왕동 1409-1,생활방범,4,200,360도,30,200812,031-310-6763,37.34140108,126.7520555,2026-01-20,I,2026-05-15 18:45:39,2026-03-09 15:19:51,
4010000,202640100000800444,경기도 시흥시,,경기도 시흥시 정왕동 1427-7,생활방범,5,200,360도,30,200812,031-310-6763,37.33807275,126.7527444,2026-01-20,I,2026-05-15 18:45:39,2026-03-09 15:19:51,
4010000,202640100000800445,경기도 시흥시,,경기도 시흥시 정왕동 1431-11,생활방범,4,200,360도,30,200812,031-310-6763,37.34224371,126.7479135,2026-01-20,I,2026-05-15 18:45:39,2026-03-09 15:19:51,
4010000,202640100000800446,경기도 시흥시,,경기도 시흥시 정왕동 1560,생활방범,5,200,360도,30,200812,031-310-6763,37.34363314,126.7484198,2026-01-20,I,2026-05-15 18:45:39,2026-03-09 15:19:51,
4010000,202640100000800447,경기도 시흥시,,경기도 시흥시 정왕동 1578-3,생활방범,4,200,360도,30,200812,031-310-6763,37.34484127,126.7450817,2026-01-20,I,2026-05-15 18:45:39,2026-03-09 15:19:51,
4010000,202640100000800448,경기도 시흥시,,경기도 시흥시 정왕동 1586-9,생활방범,4,200,360도,30,200812,031-310-6763,37.34342111,126.7455734,2026-01-20,I,2026-05-15 18:45:39,2026-03-09 15:19:51,
4010000,202640100000800449,경기도 시흥시,,경기도 시흥시 정왕동 1594-6,생활방범,5,200,360도,30,200812,031-310-6763,37.34359228,126.7438624,2026-01-20,I,2026-05-15 18:45:39,2026-03-09 15:19:51,
4010000,202640100000800450,경기도 시흥시,,경기도 시흥시 정왕동 1609-10,생활방범,5,200,360도,30,200812,031-310-6763,37.34585731,126.7420139,2026-01-20,I,2026-05-15 18:45:39,2026-03-09 15:19:51,
4010000,202640100000800451,경기도 시흥시,,경기도 시흥시 정왕동 2138,생활방범,2,200,360도,30,200812,031-310-6763,37.35716965,126.717075,2026-01-20,I,2026-05-15 18:45:39,2026-03-09 15:19:51,
4010000,202640100000800452,경기도 시흥시,,경기도 시흥시 정왕동 2138,생활방범,2,200,360도,30,200812,031-310-6763,37.35618758,126.7155401,2026-01-20,I,2026-05-15 18:45:39,2026-03-09 15:19:51,
4010000,202640100000800453,경기도 시흥시,,경기도 시흥시 대야동 532-4,생활방범,4,200,360도,30,200912,031-310-6763,37.44370309,126.7900206,2026-01-20,I,2026-05-15 18:45:39,2026-03-09 15:19:51,
4010000,202640100000800454,경기도 시흥시,,경기도 시흥시 대야동 456,생활방범,5,200,360도,30,200912,031-310-6763,37.44753956,126.789479,2026-01-20,I,2026-05-15 18:45:39,2026-03-09 15:19:51,
4010000,202640100000800455,경기도 시흥시,,경기도 시흥시 대야동 456-2,생활방범,5,200,360도,30,200912,031-310-6763,37.44603654,126.7899221,2026-01-20,I,2026-05-15 18:45:39,2026-03-09 15:19:51,
4010000,202640100000800456,경기도 시흥시,,경기도 시흥시 대야동 470-2,생활방범,5,200,360도,30,200912,031-310-6763,37.44447153,126.7889663,2026-01-20,I,2026-05-15 18:45:39,2026-03-09 15:19:51,
4010000,202640100000800457,경기도 시흥시,,경기도 시흥시 신천동 704-4,생활방범,4,200,360도,30,200912,031-310-6763,37.44452868,126.7845368,2026-01-20,I,2026-05-15 18:45:39,2026-03-09 15:19:51,
4010000,202640100000800458,경기도 시흥시,,경기도 시흥시 대야동 572-3,생활방범,3,200,360도,30,200912,031-310-6763,37.44549878,126.797288,2026-01-20,I,2026-05-15 18:45:39,2026-03-09 15:19:51,
4010000,202640100000800459,경기도 시흥시,,경기도 시흥시 신천동 709-6,생활방범,4,200,360도,30,200912,031-310-6763,37.44030344,126.7870423,2026-01-20,I,2026-05-15 18:45:39,2026-03-09 15:19:51,
4010000,202640100000800460,경기도 시흥시,,경기도 시흥시 신천동 765,생활방범,4,200,360도,30,200912,031-310-6763,37.43818878,126.7846808,2026-01-20,I,2026-05-15 18:45:39,2026-03-09 15:19:51,
4010000,202640100000800461,경기도 시흥시,,경기도 시흥시 신천동 709-19,생활방범,5,200,360도,30,200912,031-310-6763,37.44212206,126.7846421,2026-01-20,I,2026-05-15 18:45:39,2026-03-09 15:19:51,
4010000,202640100000800462,경기도 시흥시,,경기도 시흥시 신천동 885-1,생활방범,5,200,360도,30,200912,031-310-6763,37.4319555,126.7919112,2026-01-20,I,2026-05-15 18:45:39,2026-03-09 15:19:52,
4010000,202640100000800463,경기도 시흥시,,경기도 시흥시 신천동 815-15,생활방범,5,200,360도,30,200912,031-310-6763,37.43742904,126.7763788,2026-01-20,I,2026-05-15 18:45:39,2026-03-09 15:19:52,
4010000,202640100000800464,경기도 시흥시,,경기도 시흥시 신천동 843,생활방범,4,200,360도,30,200912,031-310-6763,37.43744942,126.7837549,2026-01-20,I,2026-05-15 18:45:39,2026-03-09 15:19:52,
4010000,202640100000800465,경기도 시흥시,,경기도 시흥시 신천동 746-23,생활방범,5,200,360도,30,200912,031-310-6763,37.44029665,126.781121,2026-01-20,I,2026-05-15 18:45:39,2026-03-09 15:19:52,
4010000,202640100000800466,경기도 시흥시,,경기도 시흥시 방산동 406,생활방범,3,200,360도,30,200912,031-310-6763,37.41975183,126.7683881,2026-01-20,I,2026-05-15 18:45:39,2026-03-09 15:19:52,
4010000,202640100000800467,경기도 시흥시,,경기도 시흥시 은행동 93,생활방범,3,200,360도,30,200912,031-310-6763,37.44007138,126.7987419,2026-01-20,I,2026-05-15 18:45:39,2026-03-09 15:19:52,
4010000,202640100000800468,경기도 시흥시,,경기도 시흥시 은행동 261-2,생활방범,4,200,360도,30,200912,031-310-6763,37.43348519,126.7983314,2026-01-20,I,2026-05-15 18:45:39,2026-03-09 15:19:52,
4010000,202640100000800469,경기도 시흥시,,경기도 시흥시 은행동 265,생활방범,4,200,360도,30,200912,031-310-6763,37.43276636,126.7963736,2026-01-20,I,2026-05-15 18:45:39,2026-03-09 15:19:52,
4010000,202640100000800470,경기도 시흥시,,경기도 시흥시 은행동 599-3,생활방범,3,200,360도,30,200912,031-310-6763,37.43908465,126.7947461,2026-01-20,I,2026-05-15 18:45:39,2026-03-09 15:19:52,
4010000,202640100000800471,경기도 시흥시,,경기도 시흥시 매화동 303-1,생활방범,4,200,360도,30,200912,031-310-6763,37.4153848,126.8084959,2026-01-20,I,2026-05-15 18:45:39,2026-03-09 15:19:52,
4010000,202640100000800472,경기도 시흥시,,경기도 시흥시 논곡동 160-32,생활방범,4,200,360도,30,200912,031-310-6763,37.38709622,126.859538,2026-01-20,I,2026-05-15 18:45:39,2026-03-09 15:19:52,
4010000,202640100000800473,경기도 시흥시,,경기도 시흥시 논곡동 267-3,생활방범,4,200,360도,30,200912,031-310-6763,37.39495308,126.8545494,2026-01-20,I,2026-05-15 18:45:39,2026-03-09 15:19:52,
4010000,202640100000800474,경기도 시흥시,,경기도 시흥시 조남동 174-15,생활방범,4,200,360도,30,200912,031-310-6763,37.38326754,126.8579289,2026-01-20,I,2026-05-15 18:45:39,2026-03-09 15:19:52,
4010000,202640100000800475,경기도 시흥시,,경기도 시흥시 거모동 1474-1,생활방범,4,200,360도,30,200912,031-310-6763,37.34541544,126.7810747,2026-01-20,I,2026-05-15 18:45:39,2026-03-09 15:19:52,
4010000,202640100000800476,경기도 시흥시,,경기도 시흥시 거모동 1720-3,생활방범,4,200,360도,30,200912,031-310-6763,37.34915182,126.7842875,2026-01-20,I,2026-05-15 18:45:39,2026-03-09 15:19:52,
4010000,202640100000800477,경기도 시흥시,,경기도 시흥시 거모동 1752-3,생활방범,5,200,360도,30,200912,031-310-6763,37.34295388,126.7835409,2026-01-20,I,2026-05-15 18:45:39,2026-03-09 15:19:52,
4010000,202640100000800478,경기도 시흥시,,경기도 시흥시 거모동 1753-9,생활방범,5,200,360도,30,200912,031-310-6763,37.3415152,126.7838349,2026-01-20,I,2026-05-15 18:45:39,2026-03-09 15:19:52,
4010000,202640100000800479,경기도 시흥시,,경기도 시흥시 거모동 1766-4,생활방범,5,200,360도,30,200912,031-310-6763,37.3427807,126.7875691,2026-01-20,I,2026-05-15 18:45:39,2026-03-09 15:19:52,
4010000,202640100000800480,경기도 시흥시,,경기도 시흥시 월곶동 1010-2,생활방범,4,200,360도,30,200912,031-310-6763,37.39232313,126.7371203,2026-01-20,I,2026-05-15 18:45:39,2026-03-09 15:19:52,
4010000,202640100000800481,경기도 시흥시,,경기도 시흥시 정왕동 1824-1,생활방범,5,200,360도,30,200912,031-310-6763,37.34820094,126.7450472,2026-01-20,I,2026-05-15 18:45:39,2026-03-09 15:19:52,
4010000,202640100000800482,경기도 시흥시,,경기도 시흥시 정왕동 1532-19,생활방범,5,200,360도,30,200912,031-310-6763,37.34404252,126.7567346,2026-01-20,I,2026-05-15 18:45:39,2026-03-09 15:19:52,
4010000,202640100000800483,경기도 시흥시,,경기도 시흥시 정왕동 1213,생활방범,5,200,360도,30,200912,031-310-6763,37.3452371,126.748427,2026-01-20,I,2026-05-15 18:45:39,2026-03-09 15:19:52,
4010000,202640100000800484,경기도 시흥시,,경기도 시흥시 정왕동 1181,생활방범,4,200,360도,30,200912,031-310-6763,37.34730257,126.7501801,2026-01-20,I,2026-05-15 18:45:39,2026-03-09 15:19:52,
4010000,202640100000800485,경기도 시흥시,,경기도 시흥시 정왕동 1517-11,생활방범,5,200,360도,30,200912,031-310-6763,37.34331817,126.7530289,2026-01-20,I,2026-05-15 18:45:39,2026-03-09 15:19:52,
4010000,202640100000800486,경기도 시흥시,,경기도 시흥시 정왕동 2327-4,생활방범,5,200,360도,30,200912,031-310-6763,37.35144469,126.7424097,2026-01-20,I,2026-05-15 18:45:39,2026-03-09 15:19:52,
4010000,202640100000800487,경기도 시흥시,,경기도 시흥시 정왕동 1609,생활방범,5,200,360도,30,200912,031-310-6763,37.34677865,126.7409402,2026-01-20,I,2026-05-15 18:45:39,2026-03-09 15:19:52,
4010000,202640100000800488,경기도 시흥시,,경기도 시흥시 정왕동 1366-12,생활방범,5,200,360도,30,200912,031-310-6763,37.33701779,126.7271335,2026-01-20,I,2026-05-15 18:45:39,2026-03-09 15:19:52,
4010000,202640100000800489,경기도 시흥시,,경기도 시흥시 정왕동 1861-1,생활방범,4,200,360도,30,200912,031-310-6763,37.35478804,126.7230863,2026-01-20,I,2026-05-15 18:45:39,2026-03-09 15:19:52,
4010000,202640100000800490,경기도 시흥시,,경기도 시흥시 정왕동 1729-3,생활방범,4,200,360도,30,200912,031-310-6763,37.34660888,126.735064,2026-01-20,I,2026-05-15 18:45:39,2026-03-09 15:19:52,
4010000,202640100000800491,경기도 시흥시,,경기도 시흥시 정왕동 1875-4,생활방범,5,200,360도,30,200912,031-310-6763,37.3598639,126.7309022,2026-01-20,I,2026-05-15 18:45:39,2026-03-09 15:19:52,
4010000,202640100000800492,경기도 시흥시,,경기도 시흥시 정왕동 2305-21,생활방범,5,200,360도,30,200912,031-310-6763,37.3521234,126.7367519,2026-01-20,I,2026-05-15 18:45:39,2026-03-09 15:19:52,
4010000,202640100000800493,경기도 시흥시,,경기도 시흥시 정왕동 1861-8,생활방범,4,200,360도,30,200912,031-310-6763,37.35300621,126.7249676,2026-01-20,I,2026-05-15 18:45:39,2026-03-09 15:19:52,
4010000,202640100000800494,경기도 시흥시,,경기도 시흥시 정왕동 1994-8,생활방범,5,200,360도,30,200912,031-310-6763,37.34442356,126.6915033,2026-01-20,I,2026-05-15 18:45:39,2026-03-09 15:19:52,
4010000,202640100000800495,경기도 시흥시,,경기도 시흥시 정왕동 2003-24,생활방범,5,200,360도,30,200912,031-310-6763,37.3454076,126.6876038,2026-01-20,I,2026-05-15 18:45:39,2026-03-09 15:19:52,
4010000,202640100000800496,경기도 시흥시,,경기도 시흥시 정왕동 2006-1,생활방범,4,200,360도,30,200912,031-310-6763,37.34503445,126.6880729,2026-01-20,I,2026-05-15 18:45:39,2026-03-09 15:19:52,
4010000,202640100000800497,경기도 시흥시,,경기도 시흥시 정왕동 1978-10,생활방범,5,200,360도,30,200912,031-310-6763,37.34795331,126.6929206,2026-01-20,I,2026-05-15 18:45:39,2026-03-09 15:19:52,
4010000,202640100000800498,경기도 시흥시,,경기도 시흥시 정왕동 2164-1,생활방범,5,200,360도,30,200912,031-310-6763,37.35197834,126.7165648,2026-01-20,I,2026-05-15 18:45:39,2026-03-09 15:19:52,
4010000,202640100000800499,경기도 시흥시,,경기도 시흥시 정왕동 1878-8,생활방범,3,200,360도,30,200912,031-310-6763,37.36480343,126.7352782,2026-01-20,I,2026-05-15 18:45:39,2026-03-09 15:19:52,
4010000,202640100000800500,경기도 시흥시,,경기도 시흥시 장곡동 812-3,생활방범,4,200,360도,30,200912,031-310-6763,37.37779996,126.7832883,2026-01-20,I,2026-05-15 18:45:39,2026-03-09 15:19:52,
4010000,202640100000800501,경기도 시흥시,,경기도 시흥시 하상동 374-1,생활방범,5,200,360도,30,200912,031-310-6763,37.39158548,126.8138912,2026-01-20,I,2026-05-15 18:45:39,2026-03-09 15:19:52,
4010000,202640100000800502,경기도 시흥시,,경기도 시흥시 하중동 819-5,생활방범,5,200,360도,30,200912,031-310-6763,37.40049828,126.7998875,2026-01-20,I,2026-05-15 18:45:39,2026-03-09 15:19:52,
4010000,202640100000800503,경기도 시흥시,,경기도 시흥시 대야동 484-1,생활방범,4,200,360도,30,200912,031-310-6763,37.4455071,126.7857379,2026-01-20,I,2026-05-15 18:45:39,2026-03-09 15:19:52,
4010000,202640100000800504,경기도 시흥시,,경기도 시흥시 대야동 280-6,생활방범,4,200,360도,30,200912,031-310-6763,37.44738901,126.7922758,2026-01-20,I,2026-05-15 18:45:39,2026-03-09 15:19:52,
4010000,202640100000800505,경기도 시흥시,,경기도 시흥시 대야동 303-13,생활방범,4,200,360도,30,200912,031-310-6763,37.45210718,126.7883513,2026-01-20,I,2026-05-15 18:45:39,2026-03-09 15:19:52,
4010000,202640100000800506,경기도 시흥시,,경기도 시흥시 신천동 719-13,생활방범,5,200,360도,30,200912,031-310-6763,37.44403647,126.7820436,2026-01-20,I,2026-05-15 18:45:39,2026-03-09 15:19:52,
4010000,202640100000800507,경기도 시흥시,,경기도 시흥시 신천동 749-18,생활방범,3,200,360도,30,200912,031-310-6763,37.43964719,126.7785214,2026-01-20,I,2026-05-15 18:45:39,2026-03-09 15:19:52,
4010000,202640100000800508,경기도 시흥시,,경기도 시흥시 신천동 781-21,생활방범,5,200,360도,30,200912,031-310-6763,37.4373021,126.7887179,2026-01-20,I,2026-05-15 18:45:39,2026-03-09 15:19:52,
4010000,202640100000800509,경기도 시흥시,,경기도 시흥시 신천동 859-7,생활방범,5,200,360도,30,200912,031-310-6763,37.43520763,126.7892036,2026-01-20,I,2026-05-15 18:45:39,2026-03-09 15:19:52,
4010000,202640100000800510,경기도 시흥시,,경기도 시흥시 신천동 872-15,생활방범,5,200,360도,30,200912,031-310-6763,37.43109492,126.7905804,2026-01-20,I,2026-05-15 18:45:39,2026-03-09 15:19:52,
4010000,202640100000800511,경기도 시흥시,,경기도 시흥시 미산동 316-39,생활방범,5,200,360도,30,200912,031-310-6763,37.41798634,126.7925082,2026-01-20,I,2026-05-15 18:45:39,2026-03-09 15:19:52,
4010000,202640100000800512,경기도 시흥시,,경기도 시흥시 미산동 363-8,생활방범,5,200,360도,30,200912,031-310-6763,37.42007418,126.7966773,2026-01-20,I,2026-05-15 18:45:39,2026-03-09 15:19:52,
4010000,202640100000800513,경기도 시흥시,,경기도 시흥시 조남동 516-1,생활방범,3,200,360도,30,200912,031-310-6763,37.36816324,126.8612952,2026-01-20,I,2026-05-15 18:45:39,2026-03-09 15:19:52,
4010000,202640100000800514,경기도 시흥시,,경기도 시흥시 매화동 196-3,생활방범,5,200,360도,30,200912,031-310-6763,37.41523658,126.8146371,2026-01-20,I,2026-05-15 18:45:39,2026-03-09 15:19:52,
4010000,202640100000800515,경기도 시흥시,,경기도 시흥시 매화동 220-13,생활방범,4,200,360도,30,200912,031-310-6763,37.41692767,126.8125269,2026-01-20,I,2026-05-15 18:45:39,2026-03-09 15:19:52,
4010000,202640100000800516,경기도 시흥시,,경기도 시흥시 매화동 226,생활방범,3,200,360도,30,200912,031-310-6763,37.41639243,126.8110621,2026-01-20,I,2026-05-15 18:45:39,2026-03-09 15:19:52,
4010000,202640100000800517,경기도 시흥시,,경기도 시흥시 거모동 1717-1,생활방범,4,200,360도,30,200912,031-310-6763,37.34796567,126.7863372,2026-01-20,I,2026-05-15 18:45:39,2026-03-09 15:19:52,
4010000,202640100000800518,경기도 시흥시,,경기도 시흥시 거모동 1743-7,생활방범,4,200,360도,30,200912,031-310-6763,37.34399077,126.7844835,2026-01-20,I,2026-05-15 18:45:39,2026-03-09 15:19:52,
4010000,202640100000800519,경기도 시흥시,,경기도 시흥시 거모동 1759-5,생활방범,4,200,360도,30,200912,031-310-6763,37.34403346,126.7867826,2026-01-20,I,2026-05-15 18:45:39,2026-03-09 15:19:52,
4010000,202640100000800520,경기도 시흥시,,경기도 시흥시 거모동 1768-5,생활방범,4,200,360도,30,200912,031-310-6763,37.34203375,126.7869527,2026-01-20,I,2026-05-15 18:45:39,2026-03-09 15:19:52,
4010000,202640100000800521,경기도 시흥시,,경기도 시흥시 월곶동 1011-15,생활방범,5,200,360도,30,200912,031-310-6763,37.38866866,126.7374751,2026-01-20,I,2026-05-15 18:45:39,2026-03-09 15:19:52,
4010000,202640100000800522,경기도 시흥시,,경기도 시흥시 월곶동 1011-28,생활방범,4,200,360도,30,200912,031-310-6763,37.38980919,126.7345876,2026-01-20,I,2026-05-15 18:45:39,2026-03-09 15:19:52,
4010000,202640100000800523,경기도 시흥시,,경기도 시흥시 정왕동 1169,생활방범,4,200,360도,30,200912,031-310-6763,37.34763369,126.7526761,2026-01-20,I,2026-05-15 18:45:39,2026-03-09 15:19:52,
4010000,202640100000800524,경기도 시흥시,,경기도 시흥시 정왕동 1182-1,생활방범,4,200,360도,30,200912,031-310-6763,37.34803276,126.7471377,2026-01-20,I,2026-05-15 18:45:39,2026-03-09 15:19:52,
4010000,202640100000800525,경기도 시흥시,,경기도 시흥시 정왕동 1187-1,생활방범,4,200,360도,30,200912,031-310-6763,37.34719398,126.749486,2026-01-20,I,2026-05-15 18:45:39,2026-03-09 15:19:52,
4010000,202640100000800526,경기도 시흥시,,경기도 시흥시 정왕동 1803-1,생활방범,5,200,360도,30,200912,031-310-6763,37.35021457,126.741121,2026-01-20,I,2026-05-15 18:45:39,2026-03-09 15:19:52,
4010000,202640100000800527,경기도 시흥시,,경기도 시흥시 정왕동 1829-3,생활방범,5,200,360도,30,200912,031-310-6763,37.34828042,126.7436535,2026-01-20,I,2026-05-15 18:45:39,2026-03-09 15:19:52,
4010000,202640100000800528,경기도 시흥시,,경기도 시흥시 정왕동 2311-1,생활방범,5,200,360도,30,200912,031-310-6763,37.35311201,126.7434643,2026-01-20,I,2026-05-15 18:45:39,2026-03-09 15:19:52,
4010000,202640100000800529,경기도 시흥시,,경기도 시흥시 정왕동 2317-7,생활방범,4,200,360도,30,200912,031-310-6763,37.3519448,126.745598,2026-01-20,I,2026-05-15 18:45:39,2026-03-09 15:19:52,
4010000,202640100000800530,경기도 시흥시,,경기도 시흥시 정왕동 1405-4,생활방범,4,200,360도,30,200912,031-310-6763,37.34003391,126.7531994,2026-01-20,I,2026-05-15 18:45:39,2026-03-09 15:19:52,
4010000,202640100000800531,경기도 시흥시,,경기도 시흥시 정왕동 1602,생활방범,5,200,360도,30,200912,031-310-6763,37.34719726,126.7426711,2026-01-20,I,2026-05-15 18:45:39,2026-03-09 15:19:52,
4010000,202640100000800532,경기도 시흥시,,경기도 시흥시 정왕동 1616-9,생활방범,5,200,360도,30,200912,031-310-6763,37.34475931,126.7419049,2026-01-20,I,2026-05-15 18:45:39,2026-03-09 15:19:52,
4010000,202640100000800533,경기도 시흥시,,경기도 시흥시 정왕동 1727-5,생활방범,3,200,360도,30,200912,031-310-6763,37.34700478,126.7328893,2026-01-20,I,2026-05-15 18:45:39,2026-03-09 15:19:52,
4010000,202640100000800534,경기도 시흥시,,경기도 시흥시 정왕동 1728-17,생활방범,5,200,360도,30,200912,031-310-6763,37.34639919,126.7331488,2026-01-20,I,2026-05-15 18:45:39,2026-03-09 15:19:52,
4010000,202640100000800535,경기도 시흥시,,경기도 시흥시 정왕동 1737-17,생활방범,5,200,360도,30,200912,031-310-6763,37.34446852,126.7362961,2026-01-20,I,2026-05-15 18:45:39,2026-03-09 15:19:52,
4010000,202640100000800536,경기도 시흥시,,경기도 시흥시 정왕동 1858-5,생활방범,3,200,360도,30,200912,031-310-6763,37.35318933,126.7229169,2026-01-20,I,2026-05-15 18:45:39,2026-03-09 15:19:52,
4010000,202640100000800537,경기도 시흥시,,경기도 시흥시 정왕동 1878-3,생활방범,4,200,360도,30,200912,031-310-6763,37.36529461,126.7331815,2026-01-20,I,2026-05-15 18:45:39,2026-03-09 15:19:52,
4010000,202640100000800538,경기도 시흥시,,경기도 시흥시 정왕동 1881-8,생활방범,5,200,360도,30,200912,031-310-6763,37.36345149,126.7310337,2026-01-20,I,2026-05-15 18:45:39,2026-03-09 15:19:52,
4010000,202640100000800539,경기도 시흥시,,경기도 시흥시 장곡동 820-8,생활방범,5,200,360도,30,200912,031-310-6763,37.37817861,126.7846552,2026-01-20,I,2026-05-15 18:45:39,2026-03-09 15:19:52,
4010000,202640100000800540,경기도 시흥시,,경기도 시흥시 장현동 541-1,생활방범,4,200,360도,30,200912,031-310-6763,37.38012463,126.8005332,2026-01-20,I,2026-05-15 18:45:39,2026-03-09 15:19:52,
4010000,202640100000800541,경기도 시흥시,,경기도 시흥시 하중동 861-1,생활방범,5,200,360도,30,200912,031-310-6763,37.39332209,126.8057389,2026-01-20,I,2026-05-15 18:45:39,2026-03-09 15:19:52,
4010000,202640100000800542,경기도 시흥시,,경기도 시흥시 하중동 880-1,생활방범,5,200,360도,30,200912,031-310-6763,37.39182127,126.8045532,2026-01-20,I,2026-05-15 18:45:39,2026-03-09 15:19:52,
4010000,202640100000800543,경기도 시흥시,,경기도 시흥시 대야동 461-28,생활방범,4,200,360도,30,201012,031-310-6763,37.44732396,126.7871777,2026-01-20,I,2026-05-15 18:45:39,2026-03-09 15:19:52,
4010000,202640100000800544,경기도 시흥시,,경기도 시흥시 대야동 481,생활방범,4,200,360도,30,201012,031-310-6763,37.44625128,126.7844097,2026-01-20,I,2026-05-15 18:45:39,2026-03-09 15:19:52,
4010000,202640100000800545,경기도 시흥시,,경기도 시흥시 대야동 500,생활방범,4,200,360도,30,202512,031-310-6763,37.44262686,126.7873736,2026-01-20,I,2026-05-15 18:45:39,2026-03-09 15:19:52,
4010000,202640100000800546,경기도 시흥시,,경기도 시흥시 대야동 493-7,생활방범,5,200,360도,30,201012,031-310-6763,37.44330122,126.7867793,2026-01-20,I,2026-05-15 18:45:39,2026-03-09 15:19:53,
4010000,202640100000800547,경기도 시흥시,,경기도 시흥시 대야동 491-29,생활방범,3,200,360도,30,201012,031-310-6763,37.44288884,126.7879739,2026-01-20,I,2026-05-15 18:45:39,2026-03-09 15:19:53,
4010000,202640100000800548,경기도 시흥시,,경기도 시흥시 신천동 703-15,생활방범,4,200,360도,30,201012,031-310-6763,37.44341885,126.7829972,2026-01-20,I,2026-05-15 18:45:39,2026-03-09 15:19:53,
4010000,202640100000800549,경기도 시흥시,,경기도 시흥시 신천동 758-5,생활방범,4,200,360도,30,201012,031-310-6763,37.43909423,126.7823714,2026-01-20,I,2026-05-15 18:45:39,2026-03-09 15:19:53,
4010000,202640100000800550,경기도 시흥시,,경기도 시흥시 신천동 769-2,생활방범,5,200,360도,30,201012,031-310-6763,37.43867733,126.7875092,2026-01-20,I,2026-05-15 18:45:39,2026-03-09 15:19:53,
4010000,202640100000800551,경기도 시흥시,,경기도 시흥시 신천동 825-3,생활방범,4,200,360도,30,201012,031-310-6763,37.43637558,126.7766082,2026-01-20,I,2026-05-15 18:45:39,2026-03-09 15:19:53,
4010000,202640100000800552,경기도 시흥시,,경기도 시흥시 은행동 288-4,생활방범,4,200,360도,30,201012,031-310-6763,37.43165517,126.7933849,2026-01-20,I,2026-05-15 18:45:39,2026-03-09 15:19:53,
4010000,202640100000800553,경기도 시흥시,,경기도 시흥시 물왕동 284-3,생활방범,5,200,360도,30,201012,031-310-6763,37.38722467,126.827538,2026-01-20,I,2026-05-15 18:45:39,2026-03-09 15:19:53,
4010000,202640100000800554,경기도 시흥시,,경기도 시흥시 조남동 177-11,생활방범,5,200,360도,30,201012,031-310-6763,37.38218818,126.8579524,2026-01-20,I,2026-05-15 18:45:39,2026-03-09 15:19:53,
4010000,202640100000800555,경기도 시흥시,,경기도 시흥시 정왕동 1162-4,생활방범,4,200,360도,30,201012,031-310-6763,37.34745419,126.749327,2026-01-20,I,2026-05-15 18:45:39,2026-03-09 15:19:53,
4010000,202640100000800556,경기도 시흥시,,경기도 시흥시 정왕동 1195-1,생활방범,5,200,360도,30,201012,031-310-6763,37.3451651,126.7527056,2026-01-20,I,2026-05-15 18:45:39,2026-03-09 15:19:53,
4010000,202640100000800557,경기도 시흥시,,경기도 시흥시 정왕동 1196-1,생활방범,5,200,360도,30,201012,031-310-6763,37.3442458,126.7518292,2026-01-20,I,2026-05-15 18:45:39,2026-03-09 15:19:53,
4010000,202640100000800558,경기도 시흥시,,경기도 시흥시 정왕동 1513-5,생활방범,4,200,360도,30,201012,031-310-6763,37.34388327,126.753263,2026-01-20,I,2026-05-15 18:45:39,2026-03-09 15:19:53,
4010000,202640100000800559,경기도 시흥시,,경기도 시흥시 정왕동 1523-7,생활방범,5,200,360도,30,201012,031-310-6763,37.34187346,126.7530174,2026-01-20,I,2026-05-15 18:45:39,2026-03-09 15:19:53,
4010000,202640100000800560,경기도 시흥시,,경기도 시흥시 정왕동 2349-1,생활방범,5,200,360도,30,201012,031-310-6763,37.35277127,126.7459995,2026-01-20,I,2026-05-15 18:45:39,2026-03-09 15:19:53,
4010000,202640100000800561,경기도 시흥시,,경기도 시흥시 정왕동 1412-7,생활방범,4,200,360도,30,201012,031-310-6763,37.34061338,126.751435,2026-01-20,I,2026-05-15 18:45:39,2026-03-09 15:19:53,
4010000,202640100000800562,경기도 시흥시,,경기도 시흥시 정왕동 1422,생활방범,4,200,360도,30,201012,031-310-6763,37.33888027,126.7531367,2026-01-20,I,2026-05-15 18:45:39,2026-03-09 15:19:53,
4010000,202640100000800563,경기도 시흥시,,경기도 시흥시 정왕동 1575-11,생활방범,4,200,360도,30,201012,031-310-6763,37.34580535,126.7450769,2026-01-20,I,2026-05-15 18:45:39,2026-03-09 15:19:53,
4010000,202640100000800564,경기도 시흥시,,경기도 시흥시 정왕동 1987-2,생활방범,4,200,360도,30,201012,031-310-6763,37.34523228,126.6929338,2026-01-20,I,2026-05-15 18:45:39,2026-03-09 15:19:53,
4010000,202640100000800565,경기도 시흥시,,경기도 시흥시 능곡동 712,생활방범,4,200,360도,30,201012,031-310-6763,37.36476519,126.816108,2026-01-20,I,2026-05-15 18:45:39,2026-03-09 15:19:53,
4010000,202640100000800566,경기도 시흥시,,경기도 시흥시 능곡동 781,생활방범,3,200,360도,30,201012,031-310-6763,37.36501298,126.8084727,2026-01-20,I,2026-05-15 18:45:39,2026-03-09 15:19:53,
4010000,202640100000800567,경기도 시흥시,,경기도 시흥시 장현동 537-1,생활방범,4,200,360도,30,201012,031-310-6763,37.38162247,126.7995269,2026-01-20,I,2026-05-15 18:45:39,2026-03-09 15:19:53,
4010000,202640100000800568,경기도 시흥시,,경기도 시흥시 대야동 443,생활방범,4,200,360도,30,201012,031-310-6763,37.44815272,126.7906791,2026-01-20,I,2026-05-15 18:45:39,2026-03-09 15:19:53,
4010000,202640100000800569,경기도 시흥시,,경기도 시흥시 대야동 474-9,생활방범,4,200,360도,30,201012,031-310-6763,37.44592618,126.7870647,2026-01-20,I,2026-05-15 18:45:39,2026-03-09 15:19:53,
4010000,202640100000800570,경기도 시흥시,,경기도 시흥시 신천동 707-72,생활방범,5,200,360도,30,201012,031-310-6763,37.44258793,126.7848809,2026-01-20,I,2026-05-15 18:45:39,2026-03-09 15:19:53,
4010000,202640100000800571,경기도 시흥시,,경기도 시흥시 신천동 821-5,생활방범,5,200,360도,30,201012,031-310-6763,37.43731973,126.7784223,2026-01-20,I,2026-05-15 18:45:39,2026-03-09 15:19:53,
4010000,202640100000800572,경기도 시흥시,,경기도 시흥시 신천동 761-14,생활방범,4,200,360도,30,201012,031-310-6763,37.43807387,126.7831228,2026-01-20,I,2026-05-15 18:45:39,2026-03-09 15:19:53,
4010000,202640100000800573,경기도 시흥시,,경기도 시흥시 신천동 595-45,생활방범,3,200,360도,30,201012,031-310-6763,37.44290504,126.7719591,2026-01-20,I,2026-05-15 18:45:39,2026-03-09 15:19:53,
4010000,202640100000800574,경기도 시흥시,,경기도 시흥시 신천동 723-16,생활방범,5,200,360도,30,201012,031-310-6763,37.44278989,126.7796258,2026-01-20,I,2026-05-15 18:45:39,2026-03-09 15:19:53,
4010000,202640100000800575,경기도 시흥시,,경기도 시흥시 신천동 314-23,생활방범,5,200,360도,30,201012,031-310-6763,37.44410042,126.7807223,2026-01-20,I,2026-05-15 18:45:39,2026-03-09 15:19:53,
4010000,202640100000800576,경기도 시흥시,,경기도 시흥시 신천동 850-10,생활방범,4,200,360도,30,201012,031-310-6763,37.43558987,126.7860561,2026-01-20,I,2026-05-15 18:45:39,2026-03-09 15:19:53,
4010000,202640100000800577,경기도 시흥시,,경기도 시흥시 신천동 836-1,생활방범,5,200,360도,30,201012,031-310-6763,37.4363825,126.7798963,2026-01-20,I,2026-05-15 18:45:39,2026-03-09 15:19:53,
4010000,202640100000800578,경기도 시흥시,,경기도 시흥시 신천동 752-14,생활방범,3,200,360도,30,201012,031-310-6763,37.43858831,126.7812394,2026-01-20,I,2026-05-15 18:45:39,2026-03-09 15:19:53,
4010000,202640100000800579,경기도 시흥시,,경기도 시흥시 포동 13-3,생활방범,3,200,360도,30,201012,031-310-6763,37.40657387,126.7838966,2026-01-20,I,2026-05-15 18:45:39,2026-03-09 15:19:53,
4010000,202640100000800580,경기도 시흥시,,경기도 시흥시 미산동 705,생활방범,4,200,360도,30,201012,031-310-6763,37.40892889,126.7856675,2026-01-20,I,2026-05-15 18:45:39,2026-03-09 15:19:53,
4010000,202640100000800581,경기도 시흥시,,경기도 시흥시 미산동 93-1,생활방범,4,200,360도,30,201012,031-310-6763,37.42199821,126.7962624,2026-01-20,I,2026-05-15 18:45:39,2026-03-09 15:19:53,
4010000,202640100000800582,경기도 시흥시,,경기도 시흥시 미산동 234-8,생활방범,4,200,360도,30,201012,031-310-6763,37.42219869,126.7878291,2026-01-20,I,2026-05-15 18:45:39,2026-03-09 15:19:53,
4010000,202640100000800583,경기도 시흥시,,경기도 시흥시 은행동 293-12,생활방범,5,200,360도,30,201012,031-310-6763,37.43125637,126.7958093,2026-01-20,I,2026-05-15 18:45:39,2026-03-09 15:19:53,
4010000,202640100000800584,경기도 시흥시,,경기도 시흥시 은행동 109-22,생활방범,3,200,360도,30,201012,031-310-6763,37.43881377,126.7947924,2026-01-20,I,2026-05-15 18:45:39,2026-03-09 15:19:53,
4010000,202640100000800585,경기도 시흥시,,경기도 시흥시 은행동 109-87,생활방범,3,200,360도,30,201012,031-310-6763,37.43809081,126.7935981,2026-01-20,I,2026-05-15 18:45:39,2026-03-09 15:19:53,
4010000,202640100000800586,경기도 시흥시,,경기도 시흥시 은행동 289-99,생활방범,5,200,360도,30,201012,031-310-6763,37.43041848,126.7955604,2026-01-20,I,2026-05-15 18:45:39,2026-03-09 15:19:53,
4010000,202640100000800587,경기도 시흥시,,경기도 시흥시 매화동 289-1,생활방범,4,200,360도,30,201012,031-310-6763,37.41106422,126.8155858,2026-01-20,I,2026-05-15 18:45:39,2026-03-09 15:19:53,
4010000,202640100000800588,경기도 시흥시,,경기도 시흥시 매화동 227-1,생활방범,4,200,360도,30,201012,031-310-6763,37.41688463,126.810765,2026-01-20,I,2026-05-15 18:45:39,2026-03-09 15:19:53,
4010000,202640100000800589,경기도 시흥시,,경기도 시흥시 도창동 370,생활방범,4,200,360도,30,201012,031-310-6763,37.40888899,126.8169154,2026-01-20,I,2026-05-15 18:45:39,2026-03-09 15:19:53,
4010000,202640100000800590,경기도 시흥시,,경기도 시흥시 조남동 169-61,생활방범,5,200,360도,30,201012,031-310-6763,37.38296112,126.8599782,2026-01-20,I,2026-05-15 18:45:39,2026-03-09 15:19:53,
4010000,202640100000800591,경기도 시흥시,,경기도 시흥시 논곡동 147-5,생활방범,3,200,360도,30,201012,031-310-6763,37.38855596,126.8614131,2026-01-20,I,2026-05-15 18:45:39,2026-03-09 15:19:53,
4010000,202640100000800592,경기도 시흥시,,경기도 시흥시 거모동 1739-6,생활방범,5,200,360도,30,201012,031-310-6763,37.34407267,126.7819315,2026-01-20,I,2026-05-15 18:45:39,2026-03-09 15:19:53,
4010000,202640100000800593,경기도 시흥시,,경기도 시흥시 거모동 1734-1,생활방범,5,200,360도,30,201012,031-310-6763,37.34587052,126.7833463,2026-01-20,I,2026-05-15 18:45:39,2026-03-09 15:19:53,
4010000,202640100000800594,경기도 시흥시,,경기도 시흥시 월곶동 991-4,생활방범,3,200,360도,30,201012,031-310-6763,37.39424616,126.740013,2026-01-20,I,2026-05-15 18:45:39,2026-03-09 15:19:53,
4010000,202640100000800595,경기도 시흥시,,경기도 시흥시 거모동 1726-1,생활방범,5,200,360도,30,201012,031-310-6763,37.34766076,126.7846227,2026-01-20,I,2026-05-15 18:45:39,2026-03-09 15:19:53,
4010000,202640100000800596,경기도 시흥시,,경기도 시흥시 거모동 1741-1,생활방범,5,200,360도,30,201012,031-310-6763,37.3446518,126.7828767,2026-01-20,I,2026-05-15 18:45:39,2026-03-09 15:19:53,
4010000,202640100000800597,경기도 시흥시,,경기도 시흥시 정왕동 2238-6,생활방범,5,200,360도,30,201012,031-310-6763,37.35763762,126.7498274,2026-01-20,I,2026-05-15 18:45:39,2026-03-09 15:19:53,
4010000,202640100000800598,경기도 시흥시,,경기도 시흥시 정왕동 2255-1,생활방범,5,200,360도,30,201012,031-310-6763,37.35800261,126.754497,2026-01-20,I,2026-05-15 18:45:39,2026-03-09 15:19:53,
4010000,202640100000800599,경기도 시흥시,,경기도 시흥시 정왕동 1536,생활방범,5,200,360도,30,201012,031-310-6763,37.34291008,126.7575523,2026-01-20,I,2026-05-15 18:45:39,2026-03-09 15:19:53,
4010000,202640100000800600,경기도 시흥시,,경기도 시흥시 정왕동 2308-1,생활방범,4,200,360도,30,201012,031-310-6763,37.35391587,126.7434258,2026-01-20,I,2026-05-15 18:45:39,2026-03-09 15:19:53,
4010000,202640100000800601,경기도 시흥시,,경기도 시흥시 정왕동 1203,생활방범,5,200,360도,30,201012,031-310-6763,37.34603536,126.7490001,2026-01-20,I,2026-05-15 18:45:39,2026-03-09 15:19:53,
4010000,202640100000800602,경기도 시흥시,,경기도 시흥시 정왕동 1548,생활방범,5,200,360도,30,201012,031-310-6763,37.3423032,126.755036,2026-01-20,I,2026-05-15 18:45:39,2026-03-09 15:19:53,
4010000,202640100000800603,경기도 시흥시,,경기도 시흥시 정왕동 2298-7,생활방범,4,200,360도,30,201012,031-310-6763,37.35287997,126.7399004,2026-01-20,I,2026-05-15 18:45:39,2026-03-09 15:19:53,
4010000,202640100000800604,경기도 시흥시,,경기도 시흥시 정왕동 1542-5,생활방범,4,200,360도,30,201012,031-310-6763,37.3417315,126.7556745,2026-01-20,I,2026-05-15 18:45:39,2026-03-09 15:19:53,
4010000,202640100000800605,경기도 시흥시,,경기도 시흥시 정왕동 2293-1,생활방범,4,200,360도,30,201012,031-310-6763,37.35414688,126.7383243,2026-01-20,I,2026-05-15 18:45:39,2026-03-09 15:19:53,
4010000,202640100000800606,경기도 시흥시,,경기도 시흥시 정왕동 2261-2,생활방범,5,200,360도,30,201012,031-310-6763,37.35825496,126.7566316,2026-01-20,I,2026-05-15 18:45:39,2026-03-09 15:19:53,
4010000,202640100000800607,경기도 시흥시,,경기도 시흥시 정왕동 1571-3,생활방범,4,200,360도,30,201012,031-310-6763,37.3444368,126.7463765,2026-01-20,I,2026-05-15 18:45:39,2026-03-09 15:19:53,
4010000,202640100000800608,경기도 시흥시,,경기도 시흥시 정왕동 1868,생활방범,3,200,360도,30,201012,031-310-6763,37.3536632,126.7265021,2026-01-20,I,2026-05-15 18:45:39,2026-03-09 15:19:53,
4010000,202640100000800609,경기도 시흥시,,경기도 시흥시 정왕동 2138,생활방범,4,200,360도,30,201012,031-310-6763,37.3527364,126.7112131,2026-01-20,I,2026-05-15 18:45:39,2026-03-09 15:19:53,
4010000,202640100000800610,경기도 시흥시,,경기도 시흥시 정왕동 1875-6,생활방범,3,200,360도,30,201012,031-310-6763,37.35848358,126.7290629,2026-01-20,I,2026-05-15 18:45:39,2026-03-09 15:19:53,
4010000,202640100000800611,경기도 시흥시,,경기도 시흥시 정왕동 1880-11,생활방범,3,200,360도,30,201012,031-310-6763,37.36391959,126.730992,2026-01-20,I,2026-05-15 18:45:39,2026-03-09 15:19:53,
4010000,202640100000800612,경기도 시흥시,,경기도 시흥시 정왕동 1877-6,생활방범,4,200,360도,30,201012,031-310-6763,37.36329661,126.7342423,2026-01-20,I,2026-05-15 18:45:39,2026-03-09 15:19:53,
4010000,202640100000800613,경기도 시흥시,,경기도 시흥시 하상동 368,생활방범,4,200,360도,30,201012,031-310-6763,37.39470914,126.8117896,2026-01-20,I,2026-05-15 18:45:39,2026-03-09 15:19:53,
4010000,202640100000800614,경기도 시흥시,,경기도 시흥시 능곡동 550,생활방범,3,200,360도,30,201112,031-310-6763,37.37308084,126.8116665,2026-01-20,I,2026-05-15 18:45:39,2026-03-09 15:19:53,
4010000,202640100000800615,경기도 시흥시,,경기도 시흥시 능곡동 550,생활방범,3,200,360도,30,201112,031-310-6763,37.37213504,126.8133279,2026-01-20,I,2026-05-15 18:45:39,2026-03-09 15:19:53,
4010000,202640100000800616,경기도 시흥시,,경기도 시흥시 능곡동 797,생활방범,5,200,360도,30,201112,031-310-6763,37.3660287,126.8119502,2026-01-20,I,2026-05-15 18:45:39,2026-03-09 15:19:53,
4010000,202640100000800617,경기도 시흥시,,경기도 시흥시 능곡동 797,생활방범,4,200,360도,30,201112,031-310-6763,37.36557762,126.8135552,2026-01-20,I,2026-05-15 18:45:39,2026-03-09 15:19:53,
4010000,202640100000800618,경기도 시흥시,,경기도 시흥시 장현동 535-4,생활방범,4,200,360도,30,201112,031-310-6763,37.38158659,126.8008892,2026-01-20,I,2026-05-15 18:45:39,2026-03-09 15:19:53,
4010000,202640100000800619,경기도 시흥시,,경기도 시흥시 장현동 538-1,생활방범,3,200,360도,30,201112,031-310-6763,37.38077837,126.7992469,2026-01-20,I,2026-05-15 18:45:39,2026-03-09 15:19:53,
4010000,202640100000800620,경기도 시흥시,,경기도 시흥시 장곡동 797,생활방범,4,200,360도,30,201112,031-310-6763,37.38068002,126.781145,2026-01-20,I,2026-05-15 18:45:39,2026-03-09 15:19:53,
4010000,202640100000800621,경기도 시흥시,,경기도 시흥시 장곡동 801-2,생활방범,3,200,360도,30,201112,031-310-6763,37.38029643,126.7803077,2026-01-20,I,2026-05-15 18:45:39,2026-03-09 15:19:53,
4010000,202640100000800622,경기도 시흥시,,경기도 시흥시 장곡동 795-6,생활방범,3,200,360도,30,201112,031-310-6763,37.38185295,126.7827102,2026-01-20,I,2026-05-15 18:45:39,2026-03-09 15:19:53,
4010000,202640100000800623,경기도 시흥시,,경기도 시흥시 장곡동 827,생활방범,3,200,360도,30,201112,031-310-6763,37.37936002,126.7873912,2026-01-20,I,2026-05-15 18:45:39,2026-03-09 15:19:53,
4010000,202640100000800624,경기도 시흥시,,경기도 시흥시 장곡동 827,생활방범,3,200,360도,30,201112,031-310-6763,37.381283,126.7874499,2026-01-20,I,2026-05-15 18:45:39,2026-03-09 15:19:53,
4010000,202640100000800625,경기도 시흥시,,경기도 시흥시 광석동 96-1,생활방범,4,200,360도,30,201112,031-310-6763,37.38791867,126.819105,2026-01-20,I,2026-05-15 18:45:39,2026-03-09 15:19:53,
4010000,202640100000800626,경기도 시흥시,,경기도 시흥시 광석동 96-1,생활방범,3,200,360도,30,201112,031-310-6763,37.38873478,126.8182249,2026-01-20,I,2026-05-15 18:45:39,2026-03-09 15:19:53,
4010000,202640100000800627,경기도 시흥시,,경기도 시흥시 하중동 871-6,생활방범,4,200,360도,30,201112,031-310-6763,37.39135467,126.8070626,2026-01-20,I,2026-05-15 18:45:39,2026-03-09 15:19:53,
4010000,202640100000800628,경기도 시흥시,,경기도 시흥시 하중동 863,생활방범,3,200,360도,30,201112,031-310-6763,37.39263236,126.8075662,2026-01-20,I,2026-05-15 18:45:39,2026-03-09 15:19:53,
4010000,202640100000800629,경기도 시흥시,,경기도 시흥시 하중동 863,생활방범,4,200,360도,30,201112,031-310-6763,37.39237869,126.8066233,2026-01-20,I,2026-05-15 18:45:39,2026-03-09 15:19:53,
4010000,202640100000800630,경기도 시흥시,,경기도 시흥시 하중동 849,생활방범,3,200,360도,30,201112,031-310-6763,37.39574749,126.803955,2026-01-20,I,2026-05-15 18:45:39,2026-03-09 15:19:53,
4010000,202640100000800631,경기도 시흥시,,경기도 시흥시 하상동 378-4,생활방범,4,200,360도,30,201112,031-310-6763,37.39029385,126.8153796,2026-01-20,I,2026-05-15 18:45:39,2026-03-09 15:19:53,
4010000,202640100000800632,경기도 시흥시,,경기도 시흥시 포동 20-109,생활방범,3,200,360도,30,201112,031-310-6763,37.40554029,126.7848862,2026-01-20,I,2026-05-15 18:45:39,2026-03-09 15:19:53,
4010000,202640100000800633,경기도 시흥시,,경기도 시흥시 포동 13-3,생활방범,4,200,360도,30,201112,031-310-6763,37.40637342,126.7847425,2026-01-20,I,2026-05-15 18:45:39,2026-03-09 15:19:53,
4010000,202640100000800634,경기도 시흥시,,경기도 시흥시 포동 20-17,생활방범,4,200,360도,30,201112,031-310-6763,37.40448119,126.7707786,2026-01-20,I,2026-05-15 18:45:39,2026-03-09 15:19:53,
4010000,202640100000800635,경기도 시흥시,,경기도 시흥시 포동 20-17,생활방범,4,200,360도,30,201112,031-310-6763,37.40518254,126.7717184,2026-01-20,I,2026-05-15 18:45:39,2026-03-09 15:19:54,
4010000,202640100000800636,경기도 시흥시,,경기도 시흥시 포동 32-4,생활방범,4,200,360도,30,201112,031-310-6763,37.40341449,126.776565,2026-01-20,I,2026-05-15 18:45:39,2026-03-09 15:19:54,
4010000,202640100000800637,경기도 시흥시,,경기도 시흥시 월곶동 994-2,생활방범,4,200,360도,30,201112,031-310-6763,37.38706556,126.7434756,2026-01-20,I,2026-05-15 18:45:39,2026-03-09 15:19:54,
4010000,202640100000800638,경기도 시흥시,,경기도 시흥시 월곶동 994-2,생활방범,4,200,360도,30,201112,031-310-6763,37.3875212,126.7422597,2026-01-20,I,2026-05-15 18:45:39,2026-03-09 15:19:54,
4010000,202640100000800639,경기도 시흥시,,경기도 시흥시 월곶동 1010-5,생활방범,3,200,360도,30,201112,031-310-6763,37.39156884,126.7363336,2026-01-20,I,2026-05-15 18:45:39,2026-03-09 15:19:54,
4010000,202640100000800640,경기도 시흥시,,경기도 시흥시 월곶동 1009-1,생활방범,3,200,360도,30,201112,031-310-6763,37.3897497,126.73661,2026-01-20,I,2026-05-15 18:45:39,2026-03-09 15:19:54,
4010000,202640100000800641,경기도 시흥시,,경기도 시흥시 도창동 118,생활방범,3,200,360도,30,201112,031-310-6763,37.40698108,126.8247815,2026-01-20,I,2026-05-15 18:45:39,2026-03-09 15:19:54,
4010000,202640100000800642,경기도 시흥시,,경기도 시흥시 도창동 22-3,생활방범,2,200,360도,30,201112,031-310-6763,37.40836372,126.8241591,2026-01-20,I,2026-05-15 18:45:39,2026-03-09 15:19:54,
4010000,202640100000800643,경기도 시흥시,,경기도 시흥시 도창동 98-4,생활방범,3,200,360도,30,201112,031-310-6763,37.40960661,126.8216874,2026-01-20,I,2026-05-15 18:45:39,2026-03-09 15:19:54,
4010000,202640100000800644,경기도 시흥시,,경기도 시흥시 매화동 303-1,생활방범,3,200,360도,30,201112,031-310-6763,37.41665934,126.8084377,2026-01-20,I,2026-05-15 18:45:39,2026-03-09 15:19:54,
4010000,202640100000800645,경기도 시흥시,,경기도 시흥시 매화동 332-7,생활방범,3,200,360도,30,201112,031-310-6763,37.41524988,126.8104595,2026-01-20,I,2026-05-15 18:45:39,2026-03-09 15:19:54,
4010000,202640100000800646,경기도 시흥시,,경기도 시흥시 매화동 250-1,생활방범,4,200,360도,30,201112,031-310-6763,37.41559465,126.8141897,2026-01-20,I,2026-05-15 18:45:39,2026-03-09 15:19:54,
4010000,202640100000800647,경기도 시흥시,,경기도 시흥시 매화동 259-1,생활방범,4,200,360도,30,201112,031-310-6763,37.41376406,126.8147019,2026-01-20,I,2026-05-15 18:45:39,2026-03-09 15:19:54,
4010000,202640100000800648,경기도 시흥시,,경기도 시흥시 매화동 202-1,생활방범,4,200,360도,30,201112,031-310-6763,37.41682727,126.8151205,2026-01-20,I,2026-05-15 18:45:39,2026-03-09 15:19:54,
4010000,202640100000800649,경기도 시흥시,,경기도 시흥시 논곡동 산 28,생활방범,4,200,360도,30,201112,031-310-6763,37.38566623,126.8588821,2026-01-20,I,2026-05-15 18:45:39,2026-03-09 15:19:54,
4010000,202640100000800650,경기도 시흥시,,경기도 시흥시 논곡동 270-3,생활방범,4,200,360도,30,201112,031-310-6763,37.39493933,126.8552746,2026-01-20,I,2026-05-15 18:45:39,2026-03-09 15:19:54,
4010000,202640100000800651,경기도 시흥시,,경기도 시흥시 논곡동 산 35-8,생활방범,4,200,360도,30,201112,031-310-6763,37.39299274,126.8556889,2026-01-20,I,2026-05-15 18:45:39,2026-03-09 15:19:54,
4010000,202640100000800652,경기도 시흥시,,경기도 시흥시 논곡동 산35-8,생활방범,2,200,360도,30,201112,031-310-6763,37.38917179,126.8579934,2026-01-20,I,2026-05-15 18:45:39,2026-03-09 15:19:54,
4010000,202640100000800653,경기도 시흥시,,경기도 시흥시 신천동 885-1,생활방범,4,200,360도,30,201112,031-310-6763,37.43315623,126.7921405,2026-01-20,I,2026-05-15 18:45:39,2026-03-09 15:19:54,
4010000,202640100000800654,경기도 시흥시,,경기도 시흥시 신천동 885-1,생활방범,4,200,360도,30,201112,031-310-6763,37.43289937,126.7908113,2026-01-20,I,2026-05-15 18:45:39,2026-03-09 15:19:54,
4010000,202640100000800655,경기도 시흥시,,경기도 시흥시 신천동 203,생활방범,4,200,360도,30,201112,031-310-6763,37.43516957,126.7837352,2026-01-20,I,2026-05-15 18:45:39,2026-03-09 15:19:54,
4010000,202640100000800656,경기도 시흥시,,경기도 시흥시 신천동 203,생활방범,4,200,360도,30,201112,031-310-6763,37.43579993,126.7824674,2026-01-20,I,2026-05-15 18:45:39,2026-03-09 15:19:54,
4010000,202640100000800657,경기도 시흥시,,경기도 시흥시 신천동 845-10,생활방범,4,200,360도,30,201112,031-310-6763,37.43601127,126.7842646,2026-01-20,I,2026-05-15 18:45:39,2026-03-09 15:19:54,
4010000,202640100000800658,경기도 시흥시,,경기도 시흥시 신천동 213,생활방범,3,200,360도,30,201112,031-310-6763,37.43419595,126.7845645,2026-01-20,I,2026-05-15 18:45:39,2026-03-09 15:19:54,
4010000,202640100000800659,경기도 시흥시,,경기도 시흥시 신천동 60-5,생활방범,3,200,360도,30,201112,031-310-6763,37.43468723,126.7859012,2026-01-20,I,2026-05-15 18:45:39,2026-03-09 15:19:54,
4010000,202640100000800660,경기도 시흥시,,경기도 시흥시 신천동 447,생활방범,3,200,360도,30,201112,031-310-6763,37.43900559,126.777379,2026-01-20,I,2026-05-15 18:45:39,2026-03-09 15:19:54,
4010000,202640100000800661,경기도 시흥시,,경기도 시흥시 신천동 447,생활방범,4,200,360도,30,201112,031-310-6763,37.43952881,126.7798753,2026-01-20,I,2026-05-15 18:45:39,2026-03-09 15:19:54,
4010000,202640100000800662,경기도 시흥시,,경기도 시흥시 신천동 889-6,생활방범,5,200,360도,30,201112,031-310-6763,37.43103403,126.7925587,2026-01-20,I,2026-05-15 18:45:39,2026-03-09 15:19:54,
4010000,202640100000800663,경기도 시흥시,,경기도 시흥시 신천동 826-6,생활방범,4,200,360도,30,201112,031-310-6763,37.43637248,126.7785409,2026-01-20,I,2026-05-15 18:45:39,2026-03-09 15:19:54,
4010000,202640100000800664,경기도 시흥시,,경기도 시흥시 신천동 314-90,생활방범,5,200,360도,30,201112,031-310-6763,37.44319782,126.7811609,2026-01-20,I,2026-05-15 18:45:39,2026-03-09 15:19:54,
4010000,202640100000800665,경기도 시흥시,,경기도 시흥시 신천동 715,생활방범,4,200,360도,30,201112,031-310-6763,37.44235453,126.7814606,2026-01-20,I,2026-05-15 18:45:39,2026-03-09 15:19:54,
4010000,202640100000800666,경기도 시흥시,,경기도 시흥시 은행동 94-11,생활방범,3,200,360도,30,201112,031-310-6763,37.44096614,126.7990101,2026-01-20,I,2026-05-15 18:45:39,2026-03-09 15:19:54,
4010000,202640100000800667,경기도 시흥시,,경기도 시흥시 은행동 545,생활방범,3,200,360도,30,201112,031-310-6763,37.44216544,126.8002141,2026-01-20,I,2026-05-15 18:45:39,2026-03-09 15:19:54,
4010000,202640100000800668,경기도 시흥시,,경기도 시흥시 은행동 545,생활방범,3,200,360도,30,201112,031-310-6763,37.44280193,126.8014444,2026-01-20,I,2026-05-15 18:45:39,2026-03-09 15:19:54,
4010000,202640100000800669,경기도 시흥시,,경기도 시흥시 은행동 547-7,생활방범,4,200,360도,30,201112,031-310-6763,37.43994107,126.7974444,2026-01-20,I,2026-05-15 18:45:39,2026-03-09 15:19:54,
4010000,202640100000800670,경기도 시흥시,,경기도 시흥시 은행동 538-1,생활방범,4,200,360도,30,201112,031-310-6763,37.44402552,126.7985116,2026-01-20,I,2026-05-15 18:45:39,2026-03-09 15:19:54,
4010000,202640100000800671,경기도 시흥시,,경기도 시흥시 은행동 551-2,생활방범,3,200,360도,30,201112,031-310-6763,37.44210711,126.7960198,2026-01-20,I,2026-05-15 18:45:39,2026-03-09 15:19:54,
4010000,202640100000800672,경기도 시흥시,,경기도 시흥시 은행동 551-2,생활방범,3,200,360도,30,201112,031-310-6763,37.4412081,126.7954612,2026-01-20,I,2026-05-15 18:45:39,2026-03-09 15:19:54,
4010000,202640100000800673,경기도 시흥시,,경기도 시흥시 은행동 553-3,생활방범,3,200,360도,30,201112,031-310-6763,37.44039009,126.7941927,2026-01-20,I,2026-05-15 18:45:39,2026-03-09 15:19:54,
4010000,202640100000800674,경기도 시흥시,,경기도 시흥시 은행동 229-3,생활방범,4,200,360도,30,201112,031-310-6763,37.43265795,126.7980693,2026-01-20,I,2026-05-15 18:45:39,2026-03-09 15:19:54,
4010000,202640100000800675,경기도 시흥시,,경기도 시흥시 은행동 549-1,생활방범,4,200,360도,30,201112,031-310-6763,37.44308509,126.7973829,2026-01-20,I,2026-05-15 18:45:39,2026-03-09 15:19:54,
4010000,202640100000800676,경기도 시흥시,,경기도 시흥시 은행동 277-1,생활방범,4,200,360도,30,201112,031-310-6763,37.43306024,126.7961392,2026-01-20,I,2026-05-15 18:45:39,2026-03-09 15:19:54,
4010000,202640100000800677,경기도 시흥시,,경기도 시흥시 은행동 277-1,생활방범,4,200,360도,30,201112,031-310-6763,37.43033798,126.7941066,2026-01-20,I,2026-05-15 18:45:39,2026-03-09 15:19:54,
4010000,202640100000800678,경기도 시흥시,,경기도 시흥시 정왕동 1418-2,생활방범,4,200,360도,30,201112,031-310-6763,37.33978703,126.751113,2026-01-20,I,2026-05-15 18:45:39,2026-03-09 15:19:54,
4010000,202640100000800679,경기도 시흥시,,경기도 시흥시 대야동 456-2,생활방범,4,200,360도,30,201112,031-310-6763,37.44643096,126.7888421,2026-01-20,I,2026-05-15 18:45:39,2026-03-09 15:19:54,
4010000,202640100000800680,경기도 시흥시,,경기도 시흥시 대야동 456-2,생활방범,5,200,360도,30,201112,031-310-6763,37.44680727,126.7903956,2026-01-20,I,2026-05-15 18:45:39,2026-03-09 15:19:54,
4010000,202640100000800681,경기도 시흥시,,경기도 시흥시 대야동 451-9,생활방범,5,200,360도,30,201112,031-310-6763,37.44829569,126.7888008,2026-01-20,I,2026-05-15 18:45:39,2026-03-09 15:19:54,
4010000,202640100000800682,경기도 시흥시,,경기도 시흥시 대야동 584,생활방범,3,200,360도,30,201112,031-310-6763,37.44730951,126.7970957,2026-01-20,I,2026-05-15 18:45:39,2026-03-09 15:19:54,
4010000,202640100000800683,경기도 시흥시,,경기도 시흥시 대야동 584,생활방범,3,200,360도,30,201112,031-310-6763,37.44679651,126.7981824,2026-01-20,I,2026-05-15 18:45:39,2026-03-09 15:19:54,
4010000,202640100000800684,경기도 시흥시,,경기도 시흥시 대야동 457-12,생활방범,5,200,360도,30,201112,031-310-6763,37.44750856,126.7884857,2026-01-20,I,2026-05-15 18:45:39,2026-03-09 15:19:54,
4010000,202640100000800685,경기도 시흥시,,경기도 시흥시 대야동 483-2,생활방범,4,200,360도,30,201112,031-310-6763,37.44479538,126.7831162,2026-01-20,I,2026-05-15 18:45:39,2026-03-09 15:19:54,
4010000,202640100000800686,경기도 시흥시,,경기도 시흥시 대야동 479-7,생활방범,4,200,360도,30,201112,031-310-6763,37.44680741,126.7860107,2026-01-20,I,2026-05-15 18:45:39,2026-03-09 15:19:54,
4010000,202640100000800687,경기도 시흥시,,경기도 시흥시 대야동 121-1,생활방범,3,200,360도,30,201112,031-310-6763,37.45479975,126.7873326,2026-01-20,I,2026-05-15 18:45:39,2026-03-09 15:19:54,
4010000,202640100000800688,경기도 시흥시,,경기도 시흥시 대야동 493-2,생활방범,3,200,360도,30,201112,031-310-6763,37.44383863,126.7864655,2026-01-20,I,2026-05-15 18:45:39,2026-03-09 15:19:54,
4010000,202640100000800689,경기도 시흥시,,경기도 시흥시 계수동 145-1,생활방범,3,200,360도,30,201112,031-310-6763,37.45320592,126.8199613,2026-01-20,I,2026-05-15 18:45:39,2026-03-09 15:19:54,
4010000,202640100000800690,경기도 시흥시,,경기도 시흥시 계수동 145-1,생활방범,3,200,360도,30,201112,031-310-6763,37.45235727,126.8206979,2026-01-20,I,2026-05-15 18:45:39,2026-03-09 15:19:54,
4010000,202640100000800691,경기도 시흥시,,경기도 시흥시 거모동 1379,생활방범,3,200,360도,30,201112,031-310-6763,37.34835153,126.7827052,2026-01-20,I,2026-05-15 18:45:39,2026-03-09 15:19:54,
4010000,202640100000800692,경기도 시흥시,,경기도 시흥시 거모동 1739-1,생활방범,3,200,360도,30,201112,031-310-6763,37.34424979,126.780755,2026-01-20,I,2026-05-15 18:45:39,2026-03-09 15:19:54,
4010000,202640100000800693,경기도 시흥시,,경기도 시흥시 거모동 1577-1,생활방범,3,200,360도,30,201112,031-310-6763,37.34365719,126.7859378,2026-01-20,I,2026-05-15 18:45:39,2026-03-09 15:19:54,
4010000,202640100000800694,경기도 시흥시,,경기도 시흥시 거모동 1577-1,생활방범,4,200,360도,30,201112,031-310-6763,37.34328429,126.7876436,2026-01-20,I,2026-05-15 18:45:39,2026-03-09 15:19:54,
4010000,202640100000800695,경기도 시흥시,,경기도 시흥시 거모동 1660-4,생활방범,3,200,360도,30,201112,031-310-6763,37.33972213,126.7850264,2026-01-20,I,2026-05-15 18:45:39,2026-03-09 15:19:54,
4010000,202640100000800696,경기도 시흥시,,경기도 시흥시 거모동 1730-7,생활방범,4,200,360도,30,201112,031-310-6763,37.34682455,126.7831625,2026-01-20,I,2026-05-15 18:45:39,2026-03-09 15:19:54,
4010000,202640100000800697,경기도 시흥시,,경기도 시흥시 거모동 1653-1,생활방범,4,200,360도,30,201112,031-310-6763,37.34042688,126.7850189,2026-01-20,I,2026-05-15 18:45:39,2026-03-09 15:19:54,
4010000,202640100000800698,경기도 시흥시,,경기도 시흥시 정왕동 1788-4,생활방범,4,200,360도,30,201112,031-310-6763,37.34061029,126.7420598,2026-01-20,I,2026-05-15 18:45:39,2026-03-09 15:19:54,
4010000,202640100000800699,경기도 시흥시,,경기도 시흥시 정왕동 1788-4,생활방범,4,200,360도,30,201112,031-310-6763,37.34084788,126.743913,2026-01-20,I,2026-05-15 18:45:39,2026-03-09 15:19:54,
4010000,202640100000800700,경기도 시흥시,,경기도 시흥시 정왕동 1207,생활방범,5,200,360도,30,201112,031-310-6763,37.34717868,126.7471308,2026-01-20,I,2026-05-15 18:45:39,2026-03-09 15:19:54,
4010000,202640100000800701,경기도 시흥시,,경기도 시흥시 정왕동 1569-6,생활방범,4,200,360도,30,201112,031-310-6763,37.34267079,126.747921,2026-01-20,I,2026-05-15 18:45:39,2026-03-09 15:19:54,
4010000,202640100000800702,경기도 시흥시,,경기도 시흥시 정왕동 1184,생활방범,4,200,360도,30,201112,031-310-6763,37.34754658,126.7481136,2026-01-20,I,2026-05-15 18:45:39,2026-03-09 15:19:54,
4010000,202640100000800703,경기도 시흥시,,경기도 시흥시 정왕동 1174-13,생활방범,4,200,360도,30,201112,031-310-6763,37.34682214,126.7517641,2026-01-20,I,2026-05-15 18:45:39,2026-03-09 15:19:54,
4010000,202640100000800704,경기도 시흥시,,경기도 시흥시 정왕동 1175,생활방범,3,200,360도,30,201112,031-310-6763,37.34757294,126.7511873,2026-01-20,I,2026-05-15 18:45:39,2026-03-09 15:19:54,
4010000,202640100000800705,경기도 시흥시,,경기도 시흥시 정왕동 1811-8,생활방범,5,200,360도,30,201112,031-310-6763,37.34999408,126.7441156,2026-01-20,I,2026-05-15 18:45:39,2026-03-09 15:19:54,
4010000,202640100000800706,경기도 시흥시,,경기도 시흥시 정왕동 1179-3,생활방범,5,200,360도,30,201112,031-310-6763,37.3459887,126.7521954,2026-01-20,I,2026-05-15 18:45:39,2026-03-09 15:19:54,
4010000,202640100000800707,경기도 시흥시,,경기도 시흥시 정왕동 1518,생활방범,3,200,360도,30,201112,031-310-6763,37.34319796,126.7535524,2026-01-20,I,2026-05-15 18:45:39,2026-03-09 15:19:54,
4010000,202640100000800708,경기도 시흥시,,경기도 시흥시 정왕동 1418-2,생활방범,4,200,360도,30,201112,031-310-6763,37.3389673,126.7502802,2026-01-20,I,2026-05-15 18:45:39,2026-03-09 15:19:54,
4010000,202640100000800709,경기도 시흥시,,경기도 시흥시 정왕동 1418-2,생활방범,5,200,360도,30,201112,031-310-6763,37.33986371,126.7519669,2026-01-20,I,2026-05-15 18:45:39,2026-03-09 15:19:54,
4010000,202640100000800710,경기도 시흥시,,경기도 시흥시 정왕동 1278-7,생활방범,5,200,360도,30,201112,031-310-6763,37.33719808,126.7313397,2026-01-20,I,2026-05-15 18:45:39,2026-03-09 15:19:54,
4010000,202640100000800711,경기도 시흥시,,경기도 시흥시 정왕동 2253,생활방범,4,200,360도,30,201112,031-310-6763,37.35917486,126.754736,2026-01-20,I,2026-05-15 18:45:39,2026-03-09 15:19:54,
4010000,202640100000800712,경기도 시흥시,,경기도 시흥시 정왕동 2245-3,생활방범,4,200,360도,30,201112,031-310-6763,37.35740958,126.7521703,2026-01-20,I,2026-05-15 18:45:39,2026-03-09 15:19:54,
4010000,202640100000800713,경기도 시흥시,,경기도 시흥시 정왕동 1782,생활방범,5,200,360도,30,201112,031-310-6763,37.33716917,126.7480981,2026-01-20,I,2026-05-15 18:45:39,2026-03-09 15:19:54,
4010000,202640100000800714,경기도 시흥시,,경기도 시흥시 정왕동 1872-3,생활방범,4,200,360도,30,201112,031-310-6763,37.35783935,126.7336905,2026-01-20,I,2026-05-15 18:45:39,2026-03-09 15:19:54,
4010000,202640100000800715,경기도 시흥시,,경기도 시흥시 정왕동 1872-3,생활방범,3,200,360도,30,201112,031-310-6763,37.35711931,126.7343469,2026-01-20,I,2026-05-15 18:45:39,2026-03-09 15:19:54,
4010000,202640100000800716,경기도 시흥시,,경기도 시흥시 정왕동 1848-1,생활방범,3,200,360도,30,201112,031-310-6763,37.34922596,126.7261907,2026-01-20,I,2026-05-15 18:45:39,2026-03-09 15:19:54,
4010000,202640100000800717,경기도 시흥시,,경기도 시흥시 정왕동 1848-1,생활방범,3,200,360도,30,201112,031-310-6763,37.34924672,126.7281236,2026-01-20,I,2026-05-15 18:45:39,2026-03-09 15:19:54,
4010000,202640100000800718,경기도 시흥시,,경기도 시흥시 정왕동 1871-4,생활방범,4,200,360도,30,201112,031-310-6763,37.35182565,126.7325047,2026-01-20,I,2026-05-15 18:45:39,2026-03-09 15:19:54,
4010000,202640100000800719,경기도 시흥시,,경기도 시흥시 정왕동 1871-4,생활방범,2,200,360도,30,201112,031-310-6763,37.35209544,126.7307732,2026-01-20,I,2026-05-15 18:45:39,2026-03-09 15:19:54,
4010000,202640100000800720,경기도 시흥시,,경기도 시흥시 정왕동 1878-10,생활방범,3,200,360도,30,201112,031-310-6763,37.36403167,126.7376429,2026-01-20,I,2026-05-15 18:45:39,2026-03-09 15:19:54,
4010000,202640100000800721,경기도 시흥시,,경기도 시흥시 정왕동 1877-3,생활방범,4,200,360도,30,201112,031-310-6763,37.36267138,126.7372895,2026-01-20,I,2026-05-15 18:45:39,2026-03-09 15:19:55,
4010000,202640100000800722,경기도 시흥시,,경기도 시흥시 정왕동 1875-3,생활방범,4,200,360도,30,201112,031-310-6763,37.36062595,126.7297041,2026-01-20,I,2026-05-15 18:45:39,2026-03-09 15:19:55,
4010000,202640100000800723,경기도 시흥시,,경기도 시흥시 정왕동 1875-4,생활방범,4,200,360도,30,201112,031-310-6763,37.35841863,126.732105,2026-01-20,I,2026-05-15 18:45:39,2026-03-09 15:19:55,
4010000,202640100000800724,경기도 시흥시,,경기도 시흥시 정왕동 1866-1,생활방범,3,200,360도,30,201112,031-310-6763,37.35771953,126.7258813,2026-01-20,I,2026-05-15 18:45:39,2026-03-09 15:19:55,
4010000,202640100000800725,경기도 시흥시,,경기도 시흥시 정왕동 1867-2,생활방범,4,200,360도,30,201112,031-310-6763,37.35624089,126.7241228,2026-01-20,I,2026-05-15 18:45:39,2026-03-09 15:19:55,
4010000,202640100000800726,경기도 시흥시,,경기도 시흥시 정왕동 1867-2,생활방범,4,200,360도,30,201112,031-310-6763,37.35604109,126.72565,2026-01-20,I,2026-05-15 18:45:39,2026-03-09 15:19:55,
4010000,202640100000800727,경기도 시흥시,,경기도 시흥시 정왕동 1774-2,생활방범,3,200,360도,30,201112,031-310-6763,37.36714028,126.7372598,2026-01-20,I,2026-05-15 18:45:39,2026-03-09 15:19:55,
4010000,202640100000800728,경기도 시흥시,,경기도 시흥시 정왕동 1998-6,생활방범,3,200,360도,30,201112,031-310-6763,37.34631108,126.6894503,2026-01-20,I,2026-05-15 18:45:39,2026-03-09 15:19:55,
4010000,202640100000800729,경기도 시흥시,,경기도 시흥시 정왕동 2318-6,생활방범,5,200,360도,30,201112,031-310-6763,37.35200232,126.7442,2026-01-20,I,2026-05-15 18:45:39,2026-03-09 15:19:55,
4010000,202640100000800730,경기도 시흥시,,경기도 시흥시 정왕동 1878-3,생활방범,3,200,360도,30,201112,031-310-6763,37.3661891,126.7325681,2026-01-20,I,2026-05-15 18:45:39,2026-03-09 15:19:55,
4010000,202640100000800731,경기도 시흥시,,경기도 시흥시 정왕동 2017-4,생활방범,3,200,360도,30,201112,031-310-6763,37.34293951,126.6909308,2026-01-20,I,2026-05-15 18:45:39,2026-03-09 15:19:55,
4010000,202640100000800732,경기도 시흥시,,경기도 시흥시 대야동 423-2,생활방범,6,200,360도,30,201212,031-310-6763,37.44583599,126.7914943,2026-01-20,I,2026-05-15 18:45:39,2026-03-09 15:19:55,
4010000,202640100000800733,경기도 시흥시,,경기도 시흥시 신천동 736,생활방범,5,200,360도,30,201212,031-310-6763,37.43919325,126.7798709,2026-01-20,I,2026-05-15 18:45:39,2026-03-09 15:19:55,
4010000,202640100000800734,경기도 시흥시,,경기도 시흥시 신천동 742,생활방범,3,200,360도,30,201212,031-310-6763,37.4406964,126.7815534,2026-01-20,I,2026-05-15 18:45:39,2026-03-09 15:19:55,
4010000,202640100000800735,경기도 시흥시,,경기도 시흥시 신천동 818-1,생활방범,3,200,360도,30,201212,031-310-6763,37.43836479,126.7772764,2026-01-20,I,2026-05-15 18:45:39,2026-03-09 15:19:55,
4010000,202640100000800736,경기도 시흥시,,경기도 시흥시 신천동 826-1,생활방범,3,200,360도,30,201212,031-310-6763,37.43599731,126.7774957,2026-01-20,I,2026-05-15 18:45:39,2026-03-09 15:19:55,
4010000,202640100000800737,경기도 시흥시,,경기도 시흥시 신천동 843-19,생활방범,3,200,360도,30,201212,031-310-6763,37.43665767,126.7829239,2026-01-20,I,2026-05-15 18:45:39,2026-03-09 15:19:55,
4010000,202640100000800738,경기도 시흥시,,경기도 시흥시 신천동 851-7,생활방범,3,200,360도,30,201212,031-310-6763,37.43526028,126.7862942,2026-01-20,I,2026-05-15 18:45:39,2026-03-09 15:19:55,
4010000,202640100000800739,경기도 시흥시,,경기도 시흥시 신천동 857-1,생활방범,3,200,360도,30,201212,031-310-6763,37.4366861,126.7889303,2026-01-20,I,2026-05-15 18:45:39,2026-03-09 15:19:55,
4010000,202640100000800740,경기도 시흥시,,경기도 시흥시 신천동 884-5,생활방범,4,200,360도,30,201212,031-310-6763,37.43204188,126.7924296,2026-01-20,I,2026-05-15 18:45:39,2026-03-09 15:19:55,
4010000,202640100000800741,경기도 시흥시,,경기도 시흥시 신천동 803,생활방범,2,200,360도,30,201212,031-310-6763,37.43855176,126.7840534,2026-01-20,I,2026-05-15 18:45:39,2026-03-09 15:19:55,
4010000,202640100000800742,경기도 시흥시,,경기도 시흥시 미산동 106-2,생활방범,3,200,360도,30,201212,031-310-6763,37.42420832,126.7929733,2026-01-20,I,2026-05-15 18:45:39,2026-03-09 15:19:55,
4010000,202640100000800743,경기도 시흥시,,경기도 시흥시 은행동 107-1,생활방범,3,200,360도,30,201212,031-310-6763,37.43649715,126.7963695,2026-01-20,I,2026-05-15 18:45:39,2026-03-09 15:19:55,
4010000,202640100000800744,경기도 시흥시,,경기도 시흥시 매화동 203,생활방범,3,200,360도,30,201212,031-310-6763,37.4163447,126.8146197,2026-01-20,I,2026-05-15 18:45:39,2026-03-09 15:19:55,
4010000,202640100000800745,경기도 시흥시,,경기도 시흥시 조남동 172-52,생활방범,3,200,360도,30,201212,031-310-6763,37.38435506,126.8583834,2026-01-20,I,2026-05-15 18:45:39,2026-03-09 15:19:55,
4010000,202640100000800746,경기도 시흥시,,경기도 시흥시 거모동 1775-2,생활방범,3,200,360도,30,201212,031-310-6763,37.34000055,126.7857892,2026-01-20,I,2026-05-15 18:45:39,2026-03-09 15:19:55,
4010000,202640100000800747,경기도 시흥시,,경기도 시흥시 정왕동 2040-1,생활방범,3,200,360도,30,201212,031-310-6763,37.34167544,126.6898807,2026-01-20,I,2026-05-15 18:45:39,2026-03-09 15:19:55,
4010000,202640100000800748,경기도 시흥시,,경기도 시흥시 정왕동 1867-4,생활방범,3,200,360도,30,201212,031-310-6763,37.3547778,126.7246442,2026-01-20,I,2026-05-15 18:45:39,2026-03-09 15:19:55,
4010000,202640100000800749,경기도 시흥시,,경기도 시흥시 정왕동 1412-9,생활방범,3,200,360도,30,201212,031-310-6763,37.34001574,126.7509358,2026-01-20,I,2026-05-15 18:45:39,2026-03-09 15:19:55,
4010000,202640100000800750,경기도 시흥시,,경기도 시흥시 정왕동 1192-1,생활방범,3,200,360도,30,201212,031-310-6763,37.34564321,126.751239,2026-01-20,I,2026-05-15 18:45:39,2026-03-09 15:19:55,
4010000,202640100000800751,경기도 시흥시,,경기도 시흥시 정왕동 1207-1,생활방범,3,200,360도,30,201212,031-310-6763,37.34669225,126.747127,2026-01-20,I,2026-05-15 18:45:39,2026-03-09 15:19:55,
4010000,202640100000800752,경기도 시흥시,,경기도 시흥시 정왕동 2299-4,생활방범,3,200,360도,30,201212,031-310-6763,37.35316219,126.7403833,2026-01-20,I,2026-05-15 18:45:39,2026-03-09 15:19:55,
4010000,202640100000800753,경기도 시흥시,,경기도 시흥시 정왕동 2307-3,생활방범,3,200,360도,30,201212,031-310-6763,37.35352647,126.7430603,2026-01-20,I,2026-05-15 18:45:39,2026-03-09 15:19:55,
4010000,202640100000800754,경기도 시흥시,,경기도 시흥시 정왕동 1445,생활방범,4,200,360도,30,201212,031-310-6763,37.34221225,126.746036,2026-01-20,I,2026-05-15 18:45:39,2026-03-09 15:19:55,
4010000,202640100000800755,경기도 시흥시,,경기도 시흥시 정왕동 1668,생활방범,4,200,360도,30,201212,031-310-6763,37.34315042,126.7469362,2026-01-20,I,2026-05-15 18:45:39,2026-03-09 15:19:55,
4010000,202640100000800756,경기도 시흥시,,경기도 시흥시 정왕동 2314 일원,생활방범,4,200,360도,30,201212,031-310-6763,37.35250489,126.7472229,2026-01-20,I,2026-05-15 18:45:39,2026-03-09 15:19:55,
4010000,202640100000800757,경기도 시흥시,,경기도 시흥시 과림동 18-2,생활방범,3,200,360도,30,201212,031-310-6763,37.45799233,126.8327419,2026-01-20,I,2026-05-15 18:45:39,2026-03-09 15:19:55,
4010000,202640100000800758,경기도 시흥시,,경기도 시흥시 하중동 880-2,생활방범,3,200,360도,30,201212,031-310-6763,37.39086729,126.8051848,2026-01-20,I,2026-05-15 18:45:39,2026-03-09 15:19:55,
4010000,202640100000800759,경기도 시흥시,,경기도 시흥시 장현동 529-1,생활방범,3,200,360도,30,201212,031-310-6763,37.38261744,126.8014266,2026-01-20,I,2026-05-15 18:45:39,2026-03-09 15:19:55,
4010000,202640100000800760,경기도 시흥시,,경기도 시흥시 장곡동 798-2,생활방범,4,200,360도,30,201212,031-310-6763,37.38119379,126.7808239,2026-01-20,I,2026-05-15 18:45:39,2026-03-09 15:19:55,
4010000,202640100000800761,경기도 시흥시,,경기도 시흥시 장곡동 815,생활방범,3,200,360도,30,201212,031-310-6763,37.37853987,126.783859,2026-01-20,I,2026-05-15 18:45:39,2026-03-09 15:19:55,
4010000,202640100000800762,경기도 시흥시,,경기도 시흥시 능곡동 766,생활방범,7,200,360도,30,201212,031-310-6763,37.36801168,126.813675,2026-01-20,I,2026-05-15 18:45:39,2026-03-09 15:19:55,
4010000,202640100000800763,경기도 시흥시,,경기도 시흥시 대야동 459,생활방범,3,200,360도,30,201212,031-310-6763,37.44689712,126.7884506,2026-01-20,I,2026-05-15 18:45:39,2026-03-09 15:19:55,
4010000,202640100000800764,경기도 시흥시,,경기도 시흥시 대야동 569-2,생활방범,3,200,360도,30,201212,031-310-6763,37.44744852,126.7958439,2026-01-20,I,2026-05-15 18:45:39,2026-03-09 15:19:55,
4010000,202640100000800765,경기도 시흥시,,경기도 시흥시 신천동 870-1,생활방범,3,200,360도,30,201212,031-310-6763,37.43309309,126.7894167,2026-01-20,I,2026-05-15 18:45:39,2026-03-09 15:19:55,
4010000,202640100000800766,경기도 시흥시,,경기도 시흥시 신천동 518-5,생활방범,4,200,360도,30,201212,031-310-6763,37.43549588,126.7751874,2026-01-20,I,2026-05-15 18:45:39,2026-03-09 15:19:55,
4010000,202640100000800767,경기도 시흥시,,경기도 시흥시 미산동 350-16,생활방범,4,200,360도,30,201212,031-310-6763,37.42025333,126.7954338,2026-01-20,I,2026-05-15 18:45:39,2026-03-09 15:19:55,
4010000,202640100000800768,경기도 시흥시,,경기도 시흥시 은행동 551,생활방범,3,200,360도,30,201212,031-310-6763,37.44097147,126.7942186,2026-01-20,I,2026-05-15 18:45:39,2026-03-09 15:19:55,
4010000,202640100000800769,경기도 시흥시,,경기도 시흥시 은행동 551,생활방범,4,200,360도,30,201212,031-310-6763,37.4404208,126.793233,2026-01-20,I,2026-05-15 18:45:39,2026-03-09 15:19:55,
4010000,202640100000800770,경기도 시흥시,,경기도 시흥시 은행동 600,생활방범,4,200,360도,30,201212,031-310-6763,37.44457124,126.8014543,2026-01-20,I,2026-05-15 18:45:39,2026-03-09 15:19:55,
4010000,202640100000800771,경기도 시흥시,,경기도 시흥시 거모동 1722-2,생활방범,4,200,360도,30,201212,031-310-6763,37.34810681,126.7833855,2026-01-20,I,2026-05-15 18:45:39,2026-03-09 15:19:55,
4010000,202640100000800772,경기도 시흥시,,경기도 시흥시 거모동 산 27-1 일원,생활방범,3,200,360도,30,201212,031-310-6763,37.34518045,126.7853898,2026-01-20,I,2026-05-15 18:45:39,2026-03-09 15:19:55,
4010000,202640100000800773,경기도 시흥시,,경기도 시흥시 정왕동 876-131,생활방범,4,200,360도,30,201212,031-310-6763,37.34792404,126.7485969,2026-01-20,I,2026-05-15 18:45:39,2026-03-09 15:19:55,
4010000,202640100000800774,경기도 시흥시,,경기도 시흥시 정왕동 1368,생활방범,3,200,360도,30,201212,031-310-6763,37.33424844,126.7260066,2026-01-20,I,2026-05-15 18:45:39,2026-03-09 15:19:55,
4010000,202640100000800775,경기도 시흥시,,경기도 시흥시 정왕동 1368,생활방범,3,200,360도,30,201212,031-310-6763,37.33331069,126.7251084,2026-01-20,I,2026-05-15 18:45:39,2026-03-09 15:19:55,
4010000,202640100000800776,경기도 시흥시,,경기도 시흥시 정왕동 1845-1,생활방범,4,200,360도,30,201212,031-310-6763,37.34939993,126.7361351,2026-01-20,I,2026-05-15 18:45:39,2026-03-09 15:19:55,
4010000,202640100000800777,경기도 시흥시,,경기도 시흥시 정왕동 1845-1,생활방범,3,200,360도,30,201212,031-310-6763,37.34896793,126.7357468,2026-01-20,I,2026-05-15 18:45:39,2026-03-09 15:19:55,
4010000,202640100000800778,경기도 시흥시,,경기도 시흥시 정왕동 1872-7,생활방범,4,200,360도,30,201212,031-310-6763,37.355381,126.7338333,2026-01-20,I,2026-05-15 18:45:39,2026-03-09 15:19:55,
4010000,202640100000800779,경기도 시흥시,,경기도 시흥시 하중동 826-2,생활방범,4,200,360도,30,201212,031-310-6763,37.3996609,126.8006741,2026-01-20,I,2026-05-15 18:45:39,2026-03-09 15:19:55,
4010000,202640100000800780,경기도 시흥시,,경기도 시흥시 하상동 산 11-3,생활방범,3,200,360도,30,201212,031-310-6763,37.39067245,126.8109017,2026-01-20,I,2026-05-15 18:45:39,2026-03-09 15:19:55,
4010000,202640100000800781,경기도 시흥시,,경기도 시흥시 능곡동 617,생활방범,4,200,360도,30,201212,031-310-6763,37.36934254,126.8170071,2026-01-20,I,2026-05-15 18:45:39,2026-03-09 15:19:55,
4010000,202640100000800782,경기도 시흥시,,경기도 시흥시 능곡동 495,생활방범,3,200,360도,30,201212,031-310-6763,37.37375488,126.8131217,2026-01-20,I,2026-05-15 18:45:39,2026-03-09 15:19:55,
4010000,202640100000800783,경기도 시흥시,,경기도 시흥시 정왕동 2327-4,생활방범,3,200,360도,30,201212,031-310-6763,37.35167351,126.7427445,2026-01-20,I,2026-05-15 18:45:39,2026-03-09 15:19:55,
4010000,202640100000800784,경기도 시흥시,,경기도 시흥시 정왕동 2327-4,생활방범,3,200,360도,30,201212,031-310-6763,37.35198113,126.7428636,2026-01-20,I,2026-05-15 18:45:39,2026-03-09 15:19:55,
4010000,202640100000800785,경기도 시흥시,,경기도 시흥시 장곡동 825-2,생활방범,5,200,360도,30,201212,031-310-6763,37.37784464,126.7872349,2026-01-20,I,2026-05-15 18:45:39,2026-03-09 15:19:55,
4010000,202640100000800786,경기도 시흥시,,경기도 시흥시 거모동 1715-1,생활방범,2,200,360도,30,201212,031-310-6763,37.34897664,126.785656,2026-01-20,I,2026-05-15 18:45:39,2026-03-09 15:19:55,
4010000,202640100000800787,경기도 시흥시,,경기도 시흥시 능곡동 777,생활방범,5,200,360도,30,201212,031-310-6763,37.36570626,126.8102116,2026-01-20,I,2026-05-15 18:45:39,2026-03-09 15:19:55,
4010000,202640100000800788,경기도 시흥시,,경기도 시흥시 정왕동 1825-2,생활방범,4,200,360도,30,201212,031-310-6763,37.34870708,126.7446237,2026-01-20,I,2026-05-15 18:45:39,2026-03-09 15:19:55,
4010000,202640100000800789,경기도 시흥시,,경기도 시흥시 신천동 947(1),생활방범,1,200,360도,30,200912,031-310-6763,37.43526573,126.7904795,2026-01-20,I,2026-05-15 18:45:39,2026-03-09 15:19:55,
4010000,202640100000800790,경기도 시흥시,,경기도 시흥시 신천동 947(2),생활방범,1,200,360도,30,200912,031-310-6763,37.43501256,126.7903932,2026-01-20,I,2026-05-15 18:45:39,2026-03-09 15:19:55,
4010000,202640100000800791,경기도 시흥시,,경기도 시흥시 미산동 산12-6(1) ADD: 5,생활방범,1,200,360도,30,201012,031-310-6763,37.41935953,126.7919778,2026-01-20,I,2026-05-15 18:45:39,2026-03-09 15:19:55,
4010000,202640100000800792,경기도 시흥시,,경기도 시흥시 미산동 산12-6(2) ADD: 2,생활방범,1,200,360도,30,201012,031-310-6763,37.4196187,126.7920505,2026-01-20,I,2026-05-15 18:45:39,2026-03-09 15:19:55,
4010000,202640100000800793,경기도 시흥시,,경기도 시흥시 미산동 산12-6(3) ADD: 1,생활방범,1,200,360도,30,201012,031-310-6763,37.42015555,126.7918585,2026-01-20,I,2026-05-15 18:45:39,2026-03-09 15:19:55,
4010000,202640100000800794,경기도 시흥시,,경기도 시흥시 미산동 산12-6(4) SPD-3750 :1,생활방범,1,200,360도,30,201012,031-310-6763,37.42095799,126.7920401,2026-01-20,I,2026-05-15 18:45:39,2026-03-09 15:19:55,
4010000,202640100000800795,경기도 시흥시,,경기도 시흥시 거모동 1349-1(1),생활방범,1,200,360도,30,201012,031-310-6763,37.34738902,126.7800647,2026-01-20,I,2026-05-15 18:45:39,2026-03-09 15:19:55,
4010000,202640100000800796,경기도 시흥시,,경기도 시흥시 거모동 1349-1(2),생활방범,5,200,360도,30,201012,031-310-6763,37.34700329,126.7803167,2026-01-20,I,2026-05-15 18:45:39,2026-03-09 15:19:55,
4010000,202640100000800797,경기도 시흥시,,경기도 시흥시 거모동 1349-1(3),생활방범,1,200,360도,30,201012,031-310-6763,37.34640127,126.7806976,2026-01-20,I,2026-05-15 18:45:39,2026-03-09 15:19:56,
4010000,202640100000800798,경기도 시흥시,,경기도 시흥시 하중동 848,생활방범,4,200,360도,30,201112,031-310-6763,37.39598663,126.8044369,2026-01-20,I,2026-05-15 18:45:39,2026-03-09 15:19:56,
4010000,202640100000800799,경기도 시흥시,,경기도 시흥시 정왕동 2138,생활방범,2,200,360도,30,201112,031-310-6763,37.35607763,126.7131991,2026-01-20,I,2026-05-15 18:45:39,2026-03-09 15:19:56,
4010000,202640100000800800,경기도 시흥시,,경기도 시흥시 신천동 산 15-21,생활방범,4,200,360도,30,201312,031-310-6763,37.44422836,126.7796786,2026-01-20,I,2026-05-15 18:45:39,2026-03-09 15:19:56,
4010000,202640100000800801,경기도 시흥시,,경기도 시흥시 신천동 701,생활방범,4,200,360도,30,201312,031-310-6763,37.44488848,126.7816569,2026-01-20,I,2026-05-15 18:45:39,2026-03-09 15:19:56,
4010000,202640100000800802,경기도 시흥시,,경기도 시흥시 신천동 835-22,생활방범,4,200,360도,30,201312,031-310-6763,37.43647697,126.7811942,2026-01-20,I,2026-05-15 18:45:39,2026-03-09 15:19:56,
4010000,202640100000800803,경기도 시흥시,,경기도 시흥시 신천동 558-5,생활방범,3,200,360도,30,201312,031-310-6763,37.43825682,126.7755493,2026-01-20,I,2026-05-15 18:45:39,2026-03-09 15:19:56,
4010000,202640100000800804,경기도 시흥시,,경기도 시흥시 신천동 793,생활방범,5,200,360도,30,201312,031-310-6763,37.44060565,126.7857605,2026-01-20,I,2026-05-15 18:45:39,2026-03-09 15:19:56,
4010000,202640100000800805,경기도 시흥시,,경기도 시흥시 신천동 874-1,생활방범,5,200,360도,30,201312,031-310-6763,37.43219308,126.7887097,2026-01-20,I,2026-05-15 18:45:39,2026-03-09 15:19:56,
4010000,202640100000800806,경기도 시흥시,,경기도 시흥시 신천동 875-21,생활방범,4,200,360도,30,201312,031-310-6763,37.43162888,126.7899278,2026-01-20,I,2026-05-15 18:45:39,2026-03-09 15:19:56,
4010000,202640100000800807,경기도 시흥시,,경기도 시흥시 신천동 887-5,생활방범,5,200,360도,30,201312,031-310-6763,37.4314294,126.7915694,2026-01-20,I,2026-05-15 18:45:39,2026-03-09 15:19:56,
4010000,202640100000800808,경기도 시흥시,,경기도 시흥시 신천동 890-9,생활방범,4,200,360도,30,201312,031-310-6763,37.43067403,126.7917171,2026-01-20,I,2026-05-15 18:45:39,2026-03-09 15:19:56,
4010000,202640100000800809,경기도 시흥시,,경기도 시흥시 신천동 824-21,생활방범,5,200,360도,30,201312,031-310-6763,37.43650827,126.7754986,2026-01-20,I,2026-05-15 18:45:39,2026-03-09 15:19:56,
4010000,202640100000800810,경기도 시흥시,,경기도 시흥시 신천동 815-17,생활방범,5,200,360도,30,201312,031-310-6763,37.43798057,126.7767177,2026-01-20,I,2026-05-15 18:45:39,2026-03-09 15:19:56,
4010000,202640100000800811,경기도 시흥시,,경기도 시흥시 신천동 823-10,생활방범,5,200,360도,30,201312,031-310-6763,37.43693015,126.777085,2026-01-20,I,2026-05-15 18:45:39,2026-03-09 15:19:56,
4010000,202640100000800812,경기도 시흥시,,경기도 시흥시 신천동 818-6,생활방범,5,200,360도,30,201312,031-310-6763,37.43861982,126.7784136,2026-01-20,I,2026-05-15 18:45:39,2026-03-09 15:19:56,
4010000,202640100000800813,경기도 시흥시,,경기도 시흥시 신천동 840-5,생활방범,4,200,360도,30,201312,031-310-6763,37.43822989,126.7825444,2026-01-20,I,2026-05-15 18:45:39,2026-03-09 15:19:56,
4010000,202640100000800814,경기도 시흥시,,경기도 시흥시 신천동 748-1,생활방범,4,200,360도,30,201312,031-310-6763,37.44059685,126.7794913,2026-01-20,I,2026-05-15 18:45:39,2026-03-09 15:19:56,
4010000,202640100000800815,경기도 시흥시,,경기도 시흥시 신천동 743-2,생활방범,5,200,360도,30,201312,031-310-6763,37.44106951,126.7830851,2026-01-20,I,2026-05-15 18:45:39,2026-03-09 15:19:56,
4010000,202640100000800816,경기도 시흥시,,경기도 시흥시 신천동 741-14,생활방범,5,200,360도,30,201312,031-310-6763,37.43992288,126.7824492,2026-01-20,I,2026-05-15 18:45:39,2026-03-09 15:19:56,
4010000,202640100000800817,경기도 시흥시,,경기도 시흥시 신천동 859-1,생활방범,5,200,360도,30,201312,031-310-6763,37.43572391,126.7885851,2026-01-20,I,2026-05-15 18:45:39,2026-03-09 15:19:56,
4010000,202640100000800818,경기도 시흥시,,경기도 시흥시 신천동 779,생활방범,5,200,360도,30,201312,031-310-6763,37.4387999,126.7889198,2026-01-20,I,2026-05-15 18:45:39,2026-03-09 15:19:56,
4010000,202640100000800819,경기도 시흥시,,경기도 시흥시 대야동 7-352,생활방범,4,200,360도,30,201312,031-310-6763,37.46615368,126.7843418,2026-01-20,I,2026-05-15 18:45:39,2026-03-09 15:19:56,
4010000,202640100000800820,경기도 시흥시,,경기도 시흥시 대야동 420-80,생활방범,3,200,360도,30,201312,031-310-6763,37.45305386,126.7876392,2026-01-20,I,2026-05-15 18:45:39,2026-03-09 15:19:56,
4010000,202640100000800821,경기도 시흥시,,경기도 시흥시 대야동 59-6,생활방범,4,200,360도,30,201312,031-310-6763,37.45784395,126.7862435,2026-01-20,I,2026-05-15 18:45:39,2026-03-09 15:19:56,
4010000,202640100000800822,경기도 시흥시,,경기도 시흥시 대야동 332-80,생활방범,4,200,360도,30,201312,031-310-6763,37.45072945,126.7858509,2026-01-20,I,2026-05-15 18:45:39,2026-03-09 15:19:56,
4010000,202640100000800823,경기도 시흥시,,경기도 시흥시 대야동 318-2,생활방범,4,200,360도,30,201312,031-310-6763,37.4515943,126.7868752,2026-01-20,I,2026-05-15 18:45:39,2026-03-09 15:19:56,
4010000,202640100000800824,경기도 시흥시,,경기도 시흥시 대야동 332-108,생활방범,3,200,360도,30,201312,031-310-6763,37.44881501,126.7858427,2026-01-20,I,2026-05-15 18:45:39,2026-03-09 15:19:56,
4010000,202640100000800825,경기도 시흥시,,경기도 시흥시 대야동 487-11,생활방범,5,200,360도,30,201312,031-310-6763,37.44479719,126.7876818,2026-01-20,I,2026-05-15 18:45:39,2026-03-09 15:19:56,
4010000,202640100000800826,경기도 시흥시,,경기도 시흥시 매화동 238-13,생활방범,4,200,360도,30,201312,031-310-6763,37.41495839,126.8120546,2026-01-20,I,2026-05-15 18:45:39,2026-03-09 15:19:56,
4010000,202640100000800827,경기도 시흥시,,경기도 시흥시 대야동 469,생활방범,5,200,360도,30,201312,031-310-6763,37.44508586,126.789474,2026-01-20,I,2026-05-15 18:45:39,2026-03-09 15:19:56,
4010000,202640100000800828,경기도 시흥시,,경기도 시흥시 대야동 489-1,생활방범,3,200,360도,30,201312,031-310-6763,37.44417789,126.7879178,2026-01-20,I,2026-05-15 18:45:39,2026-03-09 15:19:56,
4010000,202640100000800829,경기도 시흥시,,경기도 시흥시 대야동 296-21,생활방범,4,200,360도,30,201312,031-310-6763,37.44975689,126.7907098,2026-01-20,I,2026-05-15 18:45:39,2026-03-09 15:19:56,
4010000,202640100000800830,경기도 시흥시,,경기도 시흥시 대야동 344-14,생활방범,4,200,360도,30,201312,031-310-6763,37.44930863,126.7918133,2026-01-20,I,2026-05-15 18:45:39,2026-03-09 15:19:56,
4010000,202640100000800831,경기도 시흥시,,경기도 시흥시 대야동 344-9,생활방범,4,200,360도,30,201312,031-310-6763,37.44881056,126.7917257,2026-01-20,I,2026-05-15 18:45:39,2026-03-09 15:19:56,
4010000,202640100000800832,경기도 시흥시,,경기도 시흥시 대야동 444-5,생활방범,3,200,360도,30,201312,031-310-6763,37.4490587,126.7902803,2026-01-20,I,2026-05-15 18:45:39,2026-03-09 15:19:56,
4010000,202640100000800833,경기도 시흥시,,경기도 시흥시 대야동 446,생활방범,4,200,360도,30,201312,031-310-6763,37.44845105,126.7898945,2026-01-20,I,2026-05-15 18:45:39,2026-03-09 15:19:56,
4010000,202640100000800834,경기도 시흥시,,경기도 시흥시 대야동 491,생활방범,4,200,360도,30,201312,031-310-6763,37.44370111,126.7879933,2026-01-20,I,2026-05-15 18:45:39,2026-03-09 15:19:56,
4010000,202640100000800835,경기도 시흥시,,경기도 시흥시 대야동 274-23,생활방범,4,200,360도,30,201312,031-310-6763,37.45597095,126.7874652,2026-01-20,I,2026-05-15 18:45:39,2026-03-09 15:19:56,
4010000,202640100000800836,경기도 시흥시,,경기도 시흥시 대야동 282-1,생활방범,4,200,360도,30,201312,031-310-6763,37.44879196,126.7926702,2026-01-20,I,2026-05-15 18:45:39,2026-03-09 15:19:56,
4010000,202640100000800837,경기도 시흥시,,경기도 시흥시 대야동 274-22,생활방범,5,200,360도,30,201312,031-310-6763,37.44936379,126.7923611,2026-01-20,I,2026-05-15 18:45:39,2026-03-09 15:19:56,
4010000,202640100000800838,경기도 시흥시,,경기도 시흥시 은행동 587,생활방범,4,200,360도,30,201312,031-310-6763,37.44333349,126.8023287,2026-01-20,I,2026-05-15 18:45:39,2026-03-09 15:19:56,
4010000,202640100000800839,경기도 시흥시,,경기도 시흥시 은행동 540-7,생활방범,5,200,360도,30,201312,031-310-6763,37.44302528,126.8003672,2026-01-20,I,2026-05-15 18:45:39,2026-03-09 15:19:56,
4010000,202640100000800840,경기도 시흥시,,경기도 시흥시 은행동 540-1,생활방범,4,200,360도,30,201312,031-310-6763,37.44418733,126.8003374,2026-01-20,I,2026-05-15 18:45:39,2026-03-09 15:19:56,
4010000,202640100000800841,경기도 시흥시,,경기도 시흥시 은행동 323-37,생활방범,3,200,360도,30,201312,031-310-6763,37.43030856,126.7929884,2026-01-20,I,2026-05-15 18:45:39,2026-03-09 15:19:56,
4010000,202640100000800842,경기도 시흥시,,경기도 시흥시 은행동 318-6,생활방범,4,200,360도,30,201312,031-310-6763,37.42944249,126.7946519,2026-01-20,I,2026-05-15 18:45:39,2026-03-09 15:19:56,
4010000,202640100000800843,경기도 시흥시,,경기도 시흥시 은행동 109-103,생활방범,4,200,360도,30,201312,031-310-6763,37.43761852,126.7941142,2026-01-20,I,2026-05-15 18:45:39,2026-03-09 15:19:56,
4010000,202640100000800844,경기도 시흥시,,경기도 시흥시 은행동 245-1,생활방범,4,200,360도,30,201312,031-310-6763,37.43519526,126.7959383,2026-01-20,I,2026-05-15 18:45:39,2026-03-09 15:19:56,
4010000,202640100000800845,경기도 시흥시,,경기도 시흥시 은행동 107,생활방범,4,200,360도,30,201312,031-310-6763,37.43749209,126.7958564,2026-01-20,I,2026-05-15 18:45:39,2026-03-09 15:19:56,
4010000,202640100000800846,경기도 시흥시,,경기도 시흥시 포동 341-2,생활방범,4,200,360도,30,201312,031-310-6763,37.40823144,126.787559,2026-01-20,I,2026-05-15 18:45:39,2026-03-09 15:19:56,
4010000,202640100000800847,경기도 시흥시,,경기도 시흥시 미산동 325-1,생활방범,3,200,360도,30,201312,031-310-6763,37.41664835,126.7938401,2026-01-20,I,2026-05-15 18:45:39,2026-03-09 15:19:56,
4010000,202640100000800848,경기도 시흥시,,경기도 시흥시 미산동 204-8,생활방범,4,200,360도,30,201312,031-310-6763,37.4230443,126.7866426,2026-01-20,I,2026-05-15 18:45:39,2026-03-09 15:19:56,
4010000,202640100000800849,경기도 시흥시,,경기도 시흥시 포동 20-94,생활방범,4,200,360도,30,201312,031-310-6763,37.40236541,126.7735464,2026-01-20,I,2026-05-15 18:45:39,2026-03-09 15:19:56,
4010000,202640100000800850,경기도 시흥시,,경기도 시흥시 매화동 99-3,생활방범,4,200,360도,30,201312,031-310-6763,37.41741834,126.8174609,2026-01-20,I,2026-05-15 18:45:39,2026-03-09 15:19:56,
4010000,202640100000800851,경기도 시흥시,,경기도 시흥시 도창동 206-2,생활방범,4,200,360도,30,201312,031-310-6763,37.40421356,126.822446,2026-01-20,I,2026-05-15 18:45:39,2026-03-09 15:19:56,
4010000,202640100000800852,경기도 시흥시,,경기도 시흥시 도창동 378-6,생활방범,4,200,360도,30,201312,031-310-6763,37.40972565,126.8158873,2026-01-20,I,2026-05-15 18:45:39,2026-03-09 15:19:56,
4010000,202640100000800853,경기도 시흥시,,경기도 시흥시 산현동 산 69-11,생활방범,4,200,360도,30,201312,031-310-6763,37.37541419,126.8313752,2026-01-20,I,2026-05-15 18:45:39,2026-03-09 15:19:56,
4010000,202640100000800854,경기도 시흥시,,경기도 시흥시 산현동 312-2,생활방범,5,200,360도,30,201312,031-310-6763,37.37541031,126.8328091,2026-01-20,I,2026-05-15 18:45:39,2026-03-09 15:19:56,
4010000,202640100000800855,경기도 시흥시,,경기도 시흥시 거모동 1722-1,생활방범,4,200,360도,30,201312,031-310-6763,37.34878624,126.7837855,2026-01-20,I,2026-05-15 18:45:39,2026-03-09 15:19:56,
4010000,202640100000800856,경기도 시흥시,,경기도 시흥시 거모동 1424-3,생활방범,4,200,360도,30,201312,031-310-6763,37.34905127,126.7867835,2026-01-20,I,2026-05-15 18:45:39,2026-03-09 15:19:56,
4010000,202640100000800857,경기도 시흥시,,경기도 시흥시 거모동 1730-15,생활방범,4,200,360도,30,201312,031-310-6763,37.34713873,126.7817434,2026-01-20,I,2026-05-15 18:45:39,2026-03-09 15:19:56,
4010000,202640100000800858,경기도 시흥시,,경기도 시흥시 거모동 1758-1,생활방범,4,200,360도,30,201312,031-310-6763,37.34509695,126.7860344,2026-01-20,I,2026-05-15 18:45:39,2026-03-09 15:19:56,
4010000,202640100000800859,경기도 시흥시,,경기도 시흥시 거모동 1678-72,생활방범,4,200,360도,30,201312,031-310-6763,37.34273183,126.7889004,2026-01-20,I,2026-05-15 18:45:39,2026-03-09 15:19:56,
4010000,202640100000800860,경기도 시흥시,,경기도 시흥시 거모동 1534-7,생활방범,5,200,360도,30,201312,031-310-6763,37.34255589,126.78164,2026-01-20,I,2026-05-15 18:45:39,2026-03-09 15:19:56,
4010000,202640100000800861,경기도 시흥시,,경기도 시흥시 거모동 1773-1,생활방범,5,200,360도,30,201312,031-310-6763,37.34142896,126.785089,2026-01-20,I,2026-05-15 18:45:39,2026-03-09 15:19:56,
4010000,202640100000800862,경기도 시흥시,,경기도 시흥시 거모동 1856,생활방범,4,200,360도,30,201312,031-310-6763,37.33776501,126.7845386,2026-01-20,I,2026-05-15 18:45:39,2026-03-09 15:19:56,
4010000,202640100000800863,경기도 시흥시,,경기도 시흥시 거모동 1668-7,생활방범,4,200,360도,30,201312,031-310-6763,37.33864688,126.785303,2026-01-20,I,2026-05-15 18:45:39,2026-03-09 15:19:56,
4010000,202640100000800864,경기도 시흥시,,경기도 시흥시 거모동 1726-4,생활방범,4,200,360도,30,201312,031-310-6763,37.34723522,126.7854244,2026-01-20,I,2026-05-15 18:45:39,2026-03-09 15:19:56,
4010000,202640100000800865,경기도 시흥시,,경기도 시흥시 군자동 348-4,생활방범,4,200,360도,30,201312,031-310-6763,37.36078123,126.7874867,2026-01-20,I,2026-05-15 18:45:39,2026-03-09 15:19:56,
4010000,202640100000800866,경기도 시흥시,,경기도 시흥시 거모동 1725-7,생활방범,4,200,360도,30,201312,031-310-6763,37.34767893,126.7838823,2026-01-20,I,2026-05-15 18:45:39,2026-03-09 15:19:56,
4010000,202640100000800867,경기도 시흥시,,경기도 시흥시 정왕동 1511-9,생활방범,5,200,360도,30,201312,031-310-6763,37.34411062,126.7552511,2026-01-20,I,2026-05-15 18:45:39,2026-03-09 15:19:56,
4010000,202640100000800868,경기도 시흥시,,경기도 시흥시 정왕동 1504-4,생활방범,5,200,360도,30,201312,031-310-6763,37.34597655,126.7553219,2026-01-20,I,2026-05-15 18:45:39,2026-03-09 15:19:56,
4010000,202640100000800869,경기도 시흥시,,경기도 시흥시 정왕동 1840,생활방범,4,200,360도,30,201312,031-310-6763,37.3492708,126.7410859,2026-01-20,I,2026-05-15 18:45:39,2026-03-09 15:19:56,
4010000,202640100000800870,경기도 시흥시,,경기도 시흥시 정왕동 1807-11,생활방범,4,200,360도,30,201312,031-310-6763,37.34979497,126.7423356,2026-01-20,I,2026-05-15 18:45:39,2026-03-09 15:19:56,
4010000,202640100000800871,경기도 시흥시,,경기도 시흥시 정왕동 1807-4,생활방범,4,200,360도,30,201312,031-310-6763,37.35003508,126.7428847,2026-01-20,I,2026-05-15 18:45:39,2026-03-09 15:19:56,
4010000,202640100000800872,경기도 시흥시,,경기도 시흥시 정왕동 1817-1,생활방범,4,200,360도,30,201312,031-310-6763,37.34901732,126.745354,2026-01-20,I,2026-05-15 18:45:39,2026-03-09 15:19:56,
4010000,202640100000800873,경기도 시흥시,,경기도 시흥시 정왕동 1830-14,생활방범,5,200,360도,30,201312,031-310-6763,37.3484524,126.7423354,2026-01-20,I,2026-05-15 18:45:39,2026-03-09 15:19:56,
4010000,202640100000800874,경기도 시흥시,,경기도 시흥시 정왕동 1199,생활방범,5,200,360도,30,201312,031-310-6763,37.34519406,126.7503238,2026-01-20,I,2026-05-15 18:45:39,2026-03-09 15:19:56,
4010000,202640100000800875,경기도 시흥시,,경기도 시흥시 정왕동 1167-4,생활방범,5,200,360도,30,201312,031-310-6763,37.346913,126.7544036,2026-01-20,I,2026-05-15 18:45:39,2026-03-09 15:19:56,
4010000,202640100000800876,경기도 시흥시,,경기도 시흥시 정왕동 1406-1,생활방범,4,200,360도,30,201312,031-310-6763,37.34069132,126.7531294,2026-01-20,I,2026-05-15 18:45:39,2026-03-09 15:19:57,
4010000,202640100000800877,경기도 시흥시,,경기도 시흥시 정왕동 1413-1,생활방범,4,200,360도,30,201312,031-310-6763,37.34070663,126.7503078,2026-01-20,I,2026-05-15 18:45:39,2026-03-09 15:19:57,
4010000,202640100000800878,경기도 시흥시,,경기도 시흥시 정왕동 1583,생활방범,5,200,360도,30,201312,031-310-6763,37.34432415,126.7473023,2026-01-20,I,2026-05-15 18:45:39,2026-03-09 15:19:57,
4010000,202640100000800879,경기도 시흥시,,경기도 시흥시 정왕동 1568-7,생활방범,4,200,360도,30,201312,031-310-6763,37.34164597,126.7488139,2026-01-20,I,2026-05-15 18:45:39,2026-03-09 15:19:57,
4010000,202640100000800880,경기도 시흥시,,경기도 시흥시 정왕동 1598-7,생활방범,4,200,360도,30,201312,031-310-6763,37.34660096,126.7436303,2026-01-20,I,2026-05-15 18:45:39,2026-03-09 15:19:57,
4010000,202640100000800881,경기도 시흥시,,경기도 시흥시 정왕동 1612-11,생활방범,4,200,360도,30,201312,031-310-6763,37.34616175,126.7413014,2026-01-20,I,2026-05-15 18:45:39,2026-03-09 15:19:57,
4010000,202640100000800882,경기도 시흥시,,경기도 시흥시 정왕동 1838-9,생활방범,5,200,360도,30,201312,031-310-6763,37.34676334,126.7451301,2026-01-20,I,2026-05-15 18:45:39,2026-03-09 15:19:57,
4010000,202640100000800883,경기도 시흥시,,경기도 시흥시 정왕동 1866-5,생활방범,3,200,360도,30,201312,031-310-6763,37.35653473,126.7263076,2026-01-20,I,2026-05-15 18:45:39,2026-03-09 15:19:57,
4010000,202640100000800884,경기도 시흥시,,경기도 시흥시 정왕동 1995-8,생활방범,3,200,360도,30,201312,031-310-6763,37.34487944,126.6895429,2026-01-20,I,2026-05-15 18:45:39,2026-03-09 15:19:57,
4010000,202640100000800885,경기도 시흥시,,경기도 시흥시 정왕동 1878-1,생활방범,3,200,360도,30,201312,031-310-6763,37.36764566,126.7348015,2026-01-20,I,2026-05-15 18:45:39,2026-03-09 15:19:57,
4010000,202640100000800886,경기도 시흥시,,경기도 시흥시 정왕동 1889,생활방범,3,200,360도,30,201312,031-310-6763,37.36518878,126.7389646,2026-01-20,I,2026-05-15 18:45:39,2026-03-09 15:19:57,
4010000,202640100000800887,경기도 시흥시,,경기도 시흥시 하상동 380-1,생활방범,3,200,360도,30,201312,031-310-6763,37.39071512,126.8124594,2026-01-20,I,2026-05-15 18:45:39,2026-03-09 15:19:57,
4010000,202640100000800888,경기도 시흥시,,경기도 시흥시 능곡동 481,생활방범,3,200,360도,30,201312,031-310-6763,37.37454787,126.8122286,2026-01-20,I,2026-05-15 18:45:39,2026-03-09 15:19:57,
4010000,202640100000800889,경기도 시흥시,,경기도 시흥시 능곡동 514,생활방범,3,200,360도,30,201312,031-310-6763,37.37129527,126.8095589,2026-01-20,I,2026-05-15 18:45:39,2026-03-09 15:19:57,
4010000,202640100000800890,경기도 시흥시,,경기도 시흥시 능곡동 755,생활방범,3,200,360도,30,201312,031-310-6763,37.36787821,126.8111482,2026-01-20,I,2026-05-15 18:45:39,2026-03-09 15:19:57,
4010000,202640100000800891,경기도 시흥시,,경기도 시흥시 무지내동 341-2,생활방범,3,200,360도,30,201312,031-310-6763,37.41313908,126.8403015,2026-01-20,I,2026-05-15 18:45:39,2026-03-09 15:19:57,
4010000,202640100000800892,경기도 시흥시,,경기도 시흥시 무지내동 35-24,생활방범,3,200,360도,30,201312,031-310-6763,37.42389275,126.8367257,2026-01-20,I,2026-05-15 18:45:39,2026-03-09 15:19:57,
4010000,202640100000800893,경기도 시흥시,,경기도 시흥시 과림동 577-6,생활방범,3,200,360도,30,201312,031-310-6763,37.4327792,126.8390949,2026-01-20,I,2026-05-15 18:45:39,2026-03-09 15:19:57,
4010000,202640100000800894,경기도 시흥시,,경기도 시흥시 과림동 354-5,생활방범,3,200,360도,30,201312,031-310-6763,37.44330382,126.8309615,2026-01-20,I,2026-05-15 18:45:39,2026-03-09 15:19:57,
4010000,202640100000800895,경기도 시흥시,,경기도 시흥시 과림동 69,생활방범,3,200,360도,30,201312,031-310-6763,37.4548032,126.8328502,2026-01-20,I,2026-05-15 18:45:39,2026-03-09 15:19:57,
4010000,202640100000800896,경기도 시흥시,,경기도 시흥시 대야동 444-13,생활방범,3,200,360도,30,201312,031-310-6763,37.44845972,126.790742,2026-01-20,I,2026-05-15 18:45:39,2026-03-09 15:19:57,
4010000,202640100000800897,경기도 시흥시,,경기도 시흥시 대야동 570-3,생활방범,3,200,360도,30,201312,031-310-6763,37.44686277,126.7940677,2026-01-20,I,2026-05-15 18:45:39,2026-03-09 15:19:57,
4010000,202640100000800898,경기도 시흥시,,경기도 시흥시 대야동 470-2,생활방범,3,200,360도,30,201312,031-310-6763,37.44458157,126.7886233,2026-01-20,I,2026-05-15 18:45:39,2026-03-09 15:19:57,
4010000,202640100000800899,경기도 시흥시,,경기도 시흥시 신천동 775,생활방범,3,200,360도,30,201312,031-310-6763,37.43827048,126.7877145,2026-01-20,I,2026-05-15 18:45:39,2026-03-09 15:19:57,
4010000,202640100000800900,경기도 시흥시,,경기도 시흥시 계수동 439,생활방범,5,200,360도,30,201312,031-310-6763,37.45346597,126.8014794,2026-01-20,I,2026-05-15 18:45:39,2026-03-09 15:19:57,
4010000,202640100000800901,경기도 시흥시,,경기도 시흥시 신천동 821-5,생활방범,4,200,360도,30,201312,031-310-6763,37.43729375,126.7782656,2026-01-20,I,2026-05-15 18:45:39,2026-03-09 15:19:57,
4010000,202640100000800902,경기도 시흥시,,경기도 시흥시 신천동 947,생활방범,3,200,360도,30,201312,031-310-6763,37.43538493,126.790681,2026-01-20,I,2026-05-15 18:45:39,2026-03-09 15:19:57,
4010000,202640100000800903,경기도 시흥시,,경기도 시흥시 신천동 890-1,생활방범,3,200,360도,30,201312,031-310-6763,37.43089695,126.7906062,2026-01-20,I,2026-05-15 18:45:39,2026-03-09 15:19:57,
4010000,202640100000800904,경기도 시흥시,,경기도 시흥시 은행동 538-4,생활방범,3,200,360도,30,201312,031-310-6763,37.44221277,126.7984365,2026-01-20,I,2026-05-15 18:45:39,2026-03-09 15:19:57,
4010000,202640100000800905,경기도 시흥시,,경기도 시흥시 거모동 1739-1,생활방범,3,200,360도,30,201312,031-310-6763,37.3440993,126.781017,2026-01-20,I,2026-05-15 18:45:39,2026-03-09 15:19:57,
4010000,202640100000800906,경기도 시흥시,,경기도 시흥시 거모동 1754-1,생활방범,3,200,360도,30,201312,031-310-6763,37.34285041,126.783994,2026-01-20,I,2026-05-15 18:45:39,2026-03-09 15:19:57,
4010000,202640100000800907,경기도 시흥시,,경기도 시흥시 거모동 1768-5,생활방범,3,200,360도,30,201312,031-310-6763,37.3422275,126.7868075,2026-01-20,I,2026-05-15 18:45:39,2026-03-09 15:19:57,
4010000,202640100000800908,경기도 시흥시,,경기도 시흥시 거모동 1735-3,생활방범,3,200,360도,30,201312,031-310-6763,37.34493437,126.7833623,2026-01-20,I,2026-05-15 18:45:39,2026-03-09 15:19:57,
4010000,202640100000800909,경기도 시흥시,,경기도 시흥시 정왕동 2253-4,생활방범,3,200,360도,30,201312,031-310-6763,37.35874857,126.7548516,2026-01-20,I,2026-05-15 18:45:39,2026-03-09 15:19:57,
4010000,202640100000800910,경기도 시흥시,,경기도 시흥시 정왕동 1512,생활방범,3,200,360도,30,201312,031-310-6763,37.34404541,126.7541913,2026-01-20,I,2026-05-15 18:45:39,2026-03-09 15:19:57,
4010000,202640100000800911,경기도 시흥시,,경기도 시흥시 정왕동 1581,생활방범,3,200,360도,30,201312,031-310-6763,37.34473603,126.7453543,2026-01-20,I,2026-05-15 18:45:39,2026-03-09 15:19:57,
4010000,202640100000800912,경기도 시흥시,,경기도 시흥시 정왕동 1787-4,생활방범,4,200,360도,30,201312,031-310-6763,37.33924287,126.7414168,2026-01-20,I,2026-05-15 18:45:39,2026-03-09 15:19:57,
4010000,202640100000800913,경기도 시흥시,,경기도 시흥시 정왕동 1569-10,생활방범,3,200,360도,30,201312,031-310-6763,37.34246586,126.7479538,2026-01-20,I,2026-05-15 18:45:39,2026-03-09 15:19:57,
4010000,202640100000800914,경기도 시흥시,,경기도 시흥시 정왕동 1800-5,생활방범,3,200,360도,30,201312,031-310-6763,37.34787658,126.7398733,2026-01-20,I,2026-05-15 18:45:39,2026-03-09 15:19:57,
4010000,202640100000800915,경기도 시흥시,,경기도 시흥시 정왕동 1878-6,생활방범,3,200,360도,30,201312,031-310-6763,37.36577749,126.7359985,2026-01-20,I,2026-05-15 18:45:39,2026-03-09 15:19:57,
4010000,202640100000800916,경기도 시흥시,,경기도 시흥시 정왕동 1876-5,생활방범,3,200,360도,30,201312,031-310-6763,37.3607852,126.7315089,2026-01-20,I,2026-05-15 18:45:39,2026-03-09 15:19:57,
4010000,202640100000800917,경기도 시흥시,,경기도 시흥시 하상동 367,생활방범,3,200,360도,30,201312,031-310-6763,37.39546723,126.811018,2026-01-20,I,2026-05-15 18:45:39,2026-03-09 15:19:57,
4010000,202640100000800918,경기도 시흥시,,경기도 시흥시 하상동 372,생활방범,3,200,360도,30,201312,031-310-6763,37.39204229,126.8145191,2026-01-20,I,2026-05-15 18:45:39,2026-03-09 15:19:57,
4010000,202640100000800919,경기도 시흥시,,경기도 시흥시 장곡동 796,생활방범,3,200,360도,30,201312,031-310-6763,37.38126667,126.782652,2026-01-20,I,2026-05-15 18:45:39,2026-03-09 15:19:57,
4010000,202640100000800920,경기도 시흥시,,경기도 시흥시 능곡동 793,생활방범,3,200,360도,30,201312,031-310-6763,37.36487253,126.8133292,2026-01-20,I,2026-05-15 18:45:39,2026-03-09 15:19:57,
4010000,202640100000800921,경기도 시흥시,,경기도 시흥시 은행동 252-64,생활방범,3,200,360도,30,201312,031-310-6763,37.43369983,126.7968549,2026-01-20,I,2026-05-15 18:45:39,2026-03-09 15:19:57,
4010000,202640100000800922,경기도 시흥시,,경기도 시흥시 매화동 436,생활방범,3,200,360도,30,201312,031-310-6763,37.41485664,126.8064192,2026-01-20,I,2026-05-15 18:45:39,2026-03-09 15:19:57,
4010000,202640100000800923,경기도 시흥시,,경기도 시흥시 정왕동 1437-7,생활방범,4,200,360도,30,201312,031-310-6763,37.34151919,126.7461977,2026-01-20,I,2026-05-15 18:45:39,2026-03-09 15:19:57,
4010000,202640100000800924,경기도 시흥시,,경기도 시흥시 정왕동 2305-39,생활방범,3,200,360도,30,201312,031-310-6763,37.35237106,126.7378878,2026-01-20,I,2026-05-15 18:45:39,2026-03-09 15:19:57,
4010000,202640100000800925,경기도 시흥시,,경기도 시흥시 정왕동 2305-13,생활방범,3,200,360도,30,201312,031-310-6763,37.35305647,126.7380712,2026-01-20,I,2026-05-15 18:45:39,2026-03-09 15:19:57,
4010000,202640100000800926,경기도 시흥시,,경기도 시흥시 정왕동 1420-6,생활방범,3,200,360도,30,201312,031-310-6763,37.33907773,126.7537868,2026-01-20,I,2026-05-15 18:45:39,2026-03-09 15:19:57,
4010000,202640100000800927,경기도 시흥시,,경기도 시흥시 정왕동 1417-9,생활방범,4,200,360도,30,201312,031-310-6763,37.33958856,126.750236,2026-01-20,I,2026-05-15 18:45:39,2026-03-09 15:19:57,
4010000,202640100000800928,경기도 시흥시,,경기도 시흥시 정왕동 1777,생활방범,3,200,360도,30,201312,031-310-6763,37.36743639,126.7379886,2026-01-20,I,2026-05-15 18:45:39,2026-03-09 15:19:57,
4010000,202640100000800929,경기도 시흥시,,경기도 시흥시 거모동 573-1,생활방범,3,200,360도,30,201312,031-310-6763,37.35762455,126.7705942,2026-01-20,I,2026-05-15 18:45:39,2026-03-09 15:19:57,
4010000,202640100000800930,경기도 시흥시,,경기도 시흥시 도창동 361-3,생활방범,3,200,360도,30,201312,031-310-6763,37.40917157,126.8154442,2026-01-20,I,2026-05-15 18:45:39,2026-03-09 15:19:57,
4010000,202640100000800931,경기도 시흥시,,경기도 시흥시 은행동 289-10,생활방범,5,200,360도,30,201412,031-310-6763,37.43081009,126.7935,2026-01-20,I,2026-05-15 18:45:39,2026-03-09 15:19:57,
4010000,202640100000800932,경기도 시흥시,,경기도 시흥시 죽율동 257-1,생활방범,3,200,360도,30,201412,031-310-6763,37.3458042,126.7612274,2026-01-20,I,2026-05-15 18:45:39,2026-03-09 15:19:57,
4010000,202640100000800933,경기도 시흥시,,경기도 시흥시 죽율동 296,생활방범,3,200,360도,30,201412,031-310-6763,37.34793241,126.7622534,2026-01-20,I,2026-05-15 18:45:39,2026-03-09 15:19:57,
4010000,202640100000800934,경기도 시흥시,,경기도 시흥시 죽율동 756,생활방범,3,200,360도,30,201412,031-310-6763,37.34816015,126.7616289,2026-01-20,I,2026-05-15 18:45:39,2026-03-09 15:19:57,
4010000,202640100000800935,경기도 시흥시,,경기도 시흥시 죽율동 276-4,생활방범,4,200,360도,30,201412,031-310-6763,37.34835808,126.7606807,2026-01-20,I,2026-05-15 18:45:39,2026-03-09 15:19:57,
4010000,202640100000800936,경기도 시흥시,,경기도 시흥시 죽율동 603-15,생활방범,3,200,360도,30,201412,031-310-6763,37.3498282,126.7602544,2026-01-20,I,2026-05-15 18:45:39,2026-03-09 15:19:57,
4010000,202640100000800937,경기도 시흥시,,경기도 시흥시 죽율동 595,생활방범,3,200,360도,30,201412,031-310-6763,37.34992813,126.7584253,2026-01-20,I,2026-05-15 18:45:39,2026-03-09 15:19:57,
4010000,202640100000800938,경기도 시흥시,,경기도 시흥시 죽율동 627,생활방범,3,200,360도,30,201412,031-310-6763,37.34936227,126.7568236,2026-01-20,I,2026-05-15 18:45:39,2026-03-09 15:19:57,
4010000,202640100000800939,경기도 시흥시,,경기도 시흥시 장곡동 724-25,생활방범,3,200,360도,30,201412,031-310-6763,37.38952539,126.7805198,2026-01-20,I,2026-05-15 18:45:39,2026-03-09 15:19:57,
4010000,202640100000800940,경기도 시흥시,,경기도 시흥시 장곡동 724-25,생활방범,3,200,360도,30,201412,031-310-6763,37.39245007,126.7801562,2026-01-20,I,2026-05-15 18:45:39,2026-03-09 15:19:57,
4010000,202640100000800941,경기도 시흥시,,경기도 시흥시 장곡동 724-25,생활방범,3,200,360도,30,201412,031-310-6763,37.39074315,126.7843794,2026-01-20,I,2026-05-15 18:45:39,2026-03-09 15:19:57,
4010000,202640100000800942,경기도 시흥시,,경기도 시흥시 하상동 343-38,생활방범,2,200,360도,30,201412,031-310-6763,37.3886973,126.8128,2026-01-20,I,2026-05-15 18:45:39,2026-03-09 15:19:57,
4010000,202640100000800943,경기도 시흥시,,경기도 시흥시 하상동 343-38,생활방범,1,200,360도,30,201412,031-310-6763,37.38881502,126.811445,2026-01-20,I,2026-05-15 18:45:39,2026-03-09 15:19:57,
4010000,202640100000800944,경기도 시흥시,,경기도 시흥시 죽율동 597,생활방범,3,200,360도,30,201412,031-310-6763,37.35039663,126.7583642,2026-01-20,I,2026-05-15 18:45:39,2026-03-09 15:19:57,
4010000,202640100000800945,경기도 시흥시,,경기도 시흥시 죽율동 597,생활방범,3,200,360도,30,201412,031-310-6763,37.35064947,126.7584164,2026-01-20,I,2026-05-15 18:45:39,2026-03-09 15:19:57,
4010000,202640100000800946,경기도 시흥시,,경기도 시흥시 신천동 83-42,생활방범,3,200,360도,30,201412,031-310-6763,37.43813382,126.7912921,2026-01-20,I,2026-05-15 18:45:39,2026-03-09 15:19:57,
4010000,202640100000800947,경기도 시흥시,,경기도 시흥시 대야동 360,생활방범,4,200,360도,30,201412,031-310-6763,37.44629709,126.7924946,2026-01-20,I,2026-05-15 18:45:39,2026-03-09 15:19:57,
4010000,202640100000800948,경기도 시흥시,,경기도 시흥시 대야동 554-3,생활방범,3,200,360도,30,201412,031-310-6763,37.44001806,126.792618,2026-01-20,I,2026-05-15 18:45:39,2026-03-09 15:19:57,
4010000,202640100000800949,경기도 시흥시,,경기도 시흥시 미산동 278-2,생활방범,3,200,360도,30,201412,031-310-6763,37.41733391,126.7895344,2026-01-20,I,2026-05-15 18:45:39,2026-03-09 15:19:57,
4010000,202640100000800950,경기도 시흥시,,경기도 시흥시 안현동 371-2,생활방범,3,200,360도,30,201412,031-310-6763,37.43086796,126.8117583,2026-01-20,I,2026-05-15 18:45:39,2026-03-09 15:19:57,
4010000,202640100000800951,경기도 시흥시,,경기도 시흥시 군자동 554-1,생활방범,2,200,360도,30,201412,031-310-6763,37.35764097,126.78616,2026-01-20,I,2026-05-15 18:45:39,2026-03-09 15:19:57,
4010000,202640100000800952,경기도 시흥시,,경기도 시흥시 정왕동 1870-2,생활방범,2,200,360도,30,201412,031-310-6763,37.3528523,126.731416,2026-01-20,I,2026-05-15 18:45:39,2026-03-09 15:19:57,
4010000,202640100000800953,경기도 시흥시,,경기도 시흥시 정왕동 1878-4,생활방범,2,200,360도,30,201412,031-310-6763,37.36663191,126.7335316,2026-01-20,I,2026-05-15 18:45:39,2026-03-09 15:19:57,
4010000,202640100000800954,경기도 시흥시,,경기도 시흥시 과림동 631-1,생활방범,3,200,360도,30,201412,031-310-6763,37.43103035,126.8356775,2026-01-20,I,2026-05-15 18:45:39,2026-03-09 15:19:57,
4010000,202640100000800955,경기도 시흥시,,경기도 시흥시 광석동 89-2,생활방범,3,200,360도,30,201412,031-310-6763,37.38696879,126.8184527,2026-01-20,I,2026-05-15 18:45:39,2026-03-09 15:19:58,
4010000,202640100000800956,경기도 시흥시,,경기도 시흥시 능곡동 545,생활방범,3,200,360도,30,201412,031-310-6763,37.37025538,126.8103353,2026-01-20,I,2026-05-15 18:45:39,2026-03-09 15:19:58,
4010000,202640100000800957,경기도 시흥시,,경기도 시흥시 월곶동 1013-5,생활방범,3,200,360도,30,201412,031-310-6763,37.38869705,126.7339147,2026-01-20,I,2026-05-15 18:45:39,2026-03-09 15:19:58,
4010000,202640100000800958,경기도 시흥시,,경기도 시흥시 대야동 475-2,생활방범,3,200,360도,30,201412,031-310-6763,37.44566956,126.7875208,2026-01-20,I,2026-05-15 18:45:39,2026-03-09 15:19:58,
4010000,202640100000800959,경기도 시흥시,,경기도 시흥시 대야동 501,생활방범,3,200,360도,30,201412,031-310-6763,37.44252123,126.7879228,2026-01-20,I,2026-05-15 18:45:39,2026-03-09 15:19:58,
4010000,202640100000800960,경기도 시흥시,,경기도 시흥시 계수동 141,생활방범,3,200,360도,30,201412,031-310-6763,37.4541405,126.8206134,2026-01-20,I,2026-05-15 18:45:39,2026-03-09 15:19:58,
4010000,202640100000800961,경기도 시흥시,,경기도 시흥시 포동 20-68,생활방범,3,200,360도,30,201412,031-310-6763,37.4041693,126.7728507,2026-01-20,I,2026-05-15 18:45:39,2026-03-09 15:19:58,
4010000,202640100000800962,경기도 시흥시,,경기도 시흥시 거모동 1754-1,생활방범,2,200,360도,30,201412,031-310-6763,37.34303893,126.7848035,2026-01-20,I,2026-05-15 18:45:39,2026-03-09 15:19:58,
4010000,202640100000800963,경기도 시흥시,,경기도 시흥시 대야동 500,생활방범,4,200,360도,30,201412,031-310-6763,37.44228147,126.7876397,2026-01-20,I,2026-05-15 18:45:39,2026-03-09 15:19:58,
4010000,202640100000800964,경기도 시흥시,,경기도 시흥시 대야동 571-1,생활방범,3,200,360도,30,201412,031-310-6763,37.44666677,126.7969414,2026-01-20,I,2026-05-15 18:45:39,2026-03-09 15:19:58,
4010000,202640100000800965,경기도 시흥시,,경기도 시흥시 신천동 702,생활방범,3,200,360도,30,201412,031-310-6763,37.44439509,126.7822478,2026-01-20,I,2026-05-15 18:45:39,2026-03-09 15:19:58,
4010000,202640100000800966,경기도 시흥시,,경기도 시흥시 정왕동 1542-5,생활방범,2,200,360도,30,201412,031-310-6763,37.34164962,126.7560027,2026-01-20,I,2026-05-15 18:45:39,2026-03-09 15:19:58,
4010000,202640100000800967,경기도 시흥시,,경기도 시흥시 정왕동 2246-1,생활방범,3,200,360도,30,201412,031-310-6763,37.35733552,126.7524367,2026-01-20,I,2026-05-15 18:45:39,2026-03-09 15:19:58,
4010000,202640100000800968,경기도 시흥시,,경기도 시흥시 정왕동 2322-3,생활방범,2,200,360도,30,201412,031-310-6763,37.35209861,126.7437466,2026-01-20,I,2026-05-15 18:45:39,2026-03-09 15:19:58,
4010000,202640100000800969,경기도 시흥시,,경기도 시흥시 정왕동 2312-4,생활방범,4,200,360도,30,201412,031-310-6763,37.35251625,126.7456303,2026-01-20,I,2026-05-15 18:45:39,2026-03-09 15:19:58,
4010000,202640100000800970,경기도 시흥시,,경기도 시흥시 정왕동 1607,생활방범,3,200,360도,30,201412,031-310-6763,37.34570323,126.7422458,2026-01-20,I,2026-05-15 18:45:39,2026-03-09 15:19:58,
4010000,202640100000800971,경기도 시흥시,,경기도 시흥시 정왕동 1607,생활방범,3,200,360도,30,201412,031-310-6763,37.34603207,126.7425677,2026-01-20,I,2026-05-15 18:45:39,2026-03-09 15:19:58,
4010000,202640100000800972,경기도 시흥시,,경기도 시흥시 정왕동 2160,생활방범,3,200,360도,30,201412,031-310-6763,37.33766607,126.7553204,2026-01-20,I,2026-05-15 18:45:39,2026-03-09 15:19:58,
4010000,202640100000800973,경기도 시흥시,,경기도 시흥시 정왕동 1845-1,생활방범,3,200,360도,30,201412,031-310-6763,37.34876713,126.7338201,2026-01-20,I,2026-05-15 18:45:39,2026-03-09 15:19:58,
4010000,202640100000800974,경기도 시흥시,,경기도 시흥시 정왕동 1845-1,생활방범,5,200,360도,30,201412,031-310-6763,37.34899991,126.7370555,2026-01-20,I,2026-05-15 18:45:39,2026-03-09 15:19:58,
4010000,202640100000800975,경기도 시흥시,,경기도 시흥시 정왕동 1872-1,생활방범,2,200,360도,30,201412,031-310-6763,37.35765493,126.7338529,2026-01-20,I,2026-05-15 18:45:39,2026-03-09 15:19:58,
4010000,202640100000800976,경기도 시흥시,,경기도 시흥시 정왕동 1871-2,생활방범,2,200,360도,30,201412,031-310-6763,37.35127375,126.7297712,2026-01-20,I,2026-05-15 18:45:39,2026-03-09 15:19:58,
4010000,202640100000800977,경기도 시흥시,,경기도 시흥시 정왕동 1848-2,생활방범,3,200,360도,30,201412,031-310-6763,37.34867216,126.7266435,2026-01-20,I,2026-05-15 18:45:39,2026-03-09 15:19:58,
4010000,202640100000800978,경기도 시흥시,,경기도 시흥시 정왕동 1848-2,생활방범,3,200,360도,30,201412,031-310-6763,37.34795769,126.7268877,2026-01-20,I,2026-05-15 18:45:39,2026-03-09 15:19:58,
4010000,202640100000800979,경기도 시흥시,,경기도 시흥시 정왕동 1358,생활방범,2,200,360도,30,201412,031-310-6763,37.33599953,126.7146134,2026-01-20,I,2026-05-15 18:45:39,2026-03-09 15:19:58,
4010000,202640100000800980,경기도 시흥시,,경기도 시흥시 정왕동 1358,생활방범,2,200,360도,30,201412,031-310-6763,37.337265,126.7124929,2026-01-20,I,2026-05-15 18:45:39,2026-03-09 15:19:58,
4010000,202640100000800981,경기도 시흥시,,경기도 시흥시 정왕동 1998-5,생활방범,2,200,360도,30,201412,031-310-6763,37.34656545,126.6896378,2026-01-20,I,2026-05-15 18:45:39,2026-03-09 15:19:58,
4010000,202640100000800982,경기도 시흥시,,경기도 시흥시 정왕동 1942-3,생활방범,3,200,360도,30,201412,031-310-6763,37.35492602,126.7158487,2026-01-20,I,2026-05-15 18:45:39,2026-03-09 15:19:58,
4010000,202640100000800983,경기도 시흥시,,경기도 시흥시 정왕동 1876-3,생활방범,2,200,360도,30,201412,031-310-6763,37.36210983,126.7324666,2026-01-20,I,2026-05-15 18:45:39,2026-03-09 15:19:58,
4010000,202640100000800984,경기도 시흥시,,경기도 시흥시 정왕동 1875-6,생활방범,2,200,360도,30,201412,031-310-6763,37.35745458,126.7277895,2026-01-20,I,2026-05-15 18:45:39,2026-03-09 15:19:58,
4010000,202640100000800985,경기도 시흥시,,경기도 시흥시 능곡동 552,생활방범,3,200,360도,30,201412,031-310-6763,37.37163893,126.812376,2026-01-20,I,2026-05-15 18:45:39,2026-03-09 15:19:58,
4010000,202640100000800986,경기도 시흥시,,경기도 시흥시 거모동 525-3,생활방범,2,200,360도,30,201412,031-310-6763,37.35680451,126.7723233,2026-01-20,I,2026-05-15 18:45:39,2026-03-09 15:19:58,
4010000,202640100000800987,경기도 시흥시,,경기도 시흥시 은행동 350-4,생활방범,3,200,360도,30,201412,031-310-6763,37.42575248,126.7950726,2026-01-20,I,2026-05-15 18:45:39,2026-03-09 15:19:58,
4010000,202640100000800988,경기도 시흥시,,경기도 시흥시 매화동 66-1,생활방범,3,200,360도,30,201412,031-310-6763,37.41837102,126.81182,2026-01-20,I,2026-05-15 18:45:39,2026-03-09 15:19:58,
4010000,202640100000800989,경기도 시흥시,,경기도 시흥시 대야동 571-1,생활방범,4,200,360도,30,201412,031-310-6763,37.44603951,126.7963976,2026-01-20,I,2026-05-15 18:45:39,2026-03-09 15:19:58,
4010000,202640100000800990,경기도 시흥시,,경기도 시흥시 무지내동 1-1,생활방범,1,200,360도,30,201412,031-310-6763,37.42652064,126.8413156,2026-01-20,I,2026-05-15 18:45:39,2026-03-09 15:19:58,
4010000,202640100000800991,경기도 시흥시,,경기도 시흥시 신천동 458-4,생활방범,3,200,360도,30,201412,031-310-6763,37.43771396,126.7796939,2026-01-20,I,2026-05-15 18:45:39,2026-03-09 15:19:58,
4010000,202640100000800992,경기도 시흥시,,경기도 시흥시 신천동 683-8,생활방범,3,200,360도,30,201412,031-310-6763,37.43580768,126.7800751,2026-01-20,I,2026-05-15 18:45:39,2026-03-09 15:19:58,
4010000,202640100000800993,경기도 시흥시,,경기도 시흥시 대야동 443-4,생활방범,4,200,360도,30,201412,031-310-6763,37.44756887,126.790858,2026-01-20,I,2026-05-15 18:45:39,2026-03-09 15:19:58,
4010000,202640100000800994,경기도 시흥시,,경기도 시흥시 정왕동 1569,생활방범,5,200,360도,30,201412,031-310-6763,37.34314569,126.7463857,2026-01-20,I,2026-05-15 18:45:39,2026-03-09 15:19:58,
4010000,202640100000800995,경기도 시흥시,,경기도 시흥시 거모동 1642-2,생활방범,3,200,360도,30,201412,031-310-6763,37.34052669,126.7884891,2026-01-20,I,2026-05-15 18:45:39,2026-03-09 15:19:58,
4010000,202640100000800996,경기도 시흥시,,경기도 시흥시 거모동 1678-80,생활방범,3,200,360도,30,201412,031-310-6763,37.3393629,126.7874696,2026-01-20,I,2026-05-15 18:45:39,2026-03-09 15:19:58,
4010000,202640100000800997,경기도 시흥시,,경기도 시흥시 신천동 83-100,생활방범,3,200,360도,30,201412,031-310-6763,37.43787738,126.7929913,2026-01-20,I,2026-05-15 18:45:39,2026-03-09 15:19:58,
4010000,202640100000800998,경기도 시흥시,,경기도 시흥시 은행동 109-30,생활방범,3,200,360도,30,201412,031-310-6763,37.43817455,126.7951373,2026-01-20,I,2026-05-15 18:45:39,2026-03-09 15:19:58,
4010000,202640100000800999,경기도 시흥시,,경기도 시흥시 대야동 491-50,생활방범,3,200,360도,30,201512,031-310-6763,37.44354392,126.7884818,2026-01-20,I,2026-05-15 18:45:39,2026-03-09 15:19:58,
4010000,202640100000801000,경기도 시흥시,,경기도 시흥시 신천동 35-29,생활방범,3,200,360도,30,201512,031-310-6763,37.43590254,126.7900218,2026-01-20,I,2026-05-15 18:45:39,2026-03-09 15:19:58,
4010000,202640100000801001,경기도 시흥시,,경기도 시흥시 미산동 78-1,생활방범,3,200,360도,30,201512,031-310-6763,37.42110093,126.7975195,2026-01-20,I,2026-05-15 18:45:39,2026-03-09 15:19:58,
4010000,202640100000801002,경기도 시흥시,,경기도 시흥시 안현동 116-8,생활방범,3,200,360도,30,201512,031-310-6763,37.432237,126.8106493,2026-01-20,I,2026-05-15 18:45:39,2026-03-09 15:19:58,
4010000,202640100000801003,경기도 시흥시,,경기도 시흥시 매화동 190-1,생활방범,3,200,360도,30,201512,031-310-6763,37.4143363,126.8165152,2026-01-20,I,2026-05-15 18:45:39,2026-03-09 15:19:58,
4010000,202640100000801004,경기도 시흥시,,경기도 시흥시 조남동 44-10,생활방범,3,200,360도,30,201512,031-310-6763,37.38054876,126.8695032,2026-01-20,I,2026-05-15 18:45:39,2026-03-09 15:19:58,
4010000,202640100000801005,경기도 시흥시,,경기도 시흥시 산현동 429,생활방범,3,200,360도,30,201512,031-310-6763,37.36914789,126.8241298,2026-01-20,I,2026-05-15 18:45:39,2026-03-09 15:19:58,
4010000,202640100000801006,경기도 시흥시,,경기도 시흥시 정왕동 1213-10,생활방범,5,200,360도,30,201512,031-310-6763,37.34416296,126.7493347,2026-01-20,I,2026-05-15 18:45:39,2026-03-09 15:19:58,
4010000,202640100000801007,경기도 시흥시,,경기도 시흥시 하중동 284-5,생활방범,3,200,360도,30,201512,031-310-6763,37.40038406,126.801792,2026-01-20,I,2026-05-15 18:45:39,2026-03-09 15:19:58,
4010000,202640100000801008,경기도 시흥시,,경기도 시흥시 하중동 산 2-10,생활방범,3,200,360도,30,201512,031-310-6763,37.40017572,126.8084272,2026-01-20,I,2026-05-15 18:45:39,2026-03-09 15:19:58,
4010000,202640100000801009,경기도 시흥시,,경기도 시흥시 군자동 159-17,생활방범,3,200,360도,30,201512,031-310-6763,37.36375288,126.8058165,2026-01-20,I,2026-05-15 18:45:39,2026-03-09 15:19:58,
4010000,202640100000801010,경기도 시흥시,,경기도 시흥시 방산동 695-11,생활방범,3,200,360도,30,201512,031-310-6763,37.40818729,126.7642505,2026-01-20,I,2026-05-15 18:45:39,2026-03-09 15:19:58,
4010000,202640100000801011,경기도 시흥시,,경기도 시흥시 목감동 267-3,생활방범,3,200,360도,30,201512,031-310-6763,37.38510811,126.8680211,2026-01-20,I,2026-05-15 18:45:39,2026-03-09 15:19:58,
4010000,202640100000801012,경기도 시흥시,,경기도 시흥시 군자동 634-4,생활방범,3,200,360도,30,201512,031-310-6763,37.35554296,126.7864573,2026-01-20,I,2026-05-15 18:45:39,2026-03-09 15:19:58,
4010000,202640100000801013,경기도 시흥시,,경기도 시흥시 정왕동 1427-15,생활방범,5,200,360도,30,201512,031-310-6763,37.33846521,126.7513718,2026-01-20,I,2026-05-15 18:45:39,2026-03-09 15:19:58,
4010000,202640100000801014,경기도 시흥시,,경기도 시흥시 정왕동 1572-7,생활방범,4,200,360도,30,201512,031-310-6763,37.34539651,126.7464606,2026-01-20,I,2026-05-15 18:45:39,2026-03-09 15:19:58,
4010000,202640100000801015,경기도 시흥시,,경기도 시흥시 정왕동 1556-6,생활방범,4,200,360도,30,201512,031-310-6763,37.34344746,126.7496079,2026-01-20,I,2026-05-15 18:45:39,2026-03-09 15:19:58,
4010000,202640100000801016,경기도 시흥시,,경기도 시흥시 정왕동 1396-1,생활방범,4,200,360도,30,201512,031-310-6763,37.34079813,126.7538612,2026-01-20,I,2026-05-15 18:45:39,2026-03-09 15:19:58,
4010000,202640100000801017,경기도 시흥시,,경기도 시흥시 과림동 210-16,생활방범,3,200,360도,30,201512,031-310-6763,37.45408813,126.8262203,2026-01-20,I,2026-05-15 18:45:39,2026-03-09 15:19:58,
4010000,202640100000801018,경기도 시흥시,,경기도 시흥시 포동 3-35,생활방범,3,200,360도,30,201512,031-310-6763,37.40860835,126.7847742,2026-01-20,I,2026-05-15 18:45:39,2026-03-09 15:19:58,
4010000,202640100000801019,경기도 시흥시,,경기도 시흥시 은행동 299,생활방범,3,200,360도,30,201512,031-310-6763,37.42930732,126.7955354,2026-01-20,I,2026-05-15 18:45:39,2026-03-09 15:19:58,
4010000,202640100000801020,경기도 시흥시,,경기도 시흥시 매화동 247-3,생활방범,3,200,360도,30,201512,031-310-6763,37.41622339,126.8126454,2026-01-20,I,2026-05-15 18:45:39,2026-03-09 15:19:58,
4010000,202640100000801021,경기도 시흥시,,경기도 시흥시 매화동 350-5,생활방범,3,200,360도,30,201512,031-310-6763,37.41614365,126.8093179,2026-01-20,I,2026-05-15 18:45:39,2026-03-09 15:19:58,
4010000,202640100000801022,경기도 시흥시,,경기도 시흥시 조남동 171-53,생활방범,3,200,360도,30,201512,031-310-6763,37.38635976,126.8601663,2026-01-20,I,2026-05-15 18:45:39,2026-03-09 15:19:58,
4010000,202640100000801023,경기도 시흥시,,경기도 시흥시 논곡동 193,생활방범,3,200,360도,30,201512,031-310-6763,37.39201274,126.8553793,2026-01-20,I,2026-05-15 18:45:39,2026-03-09 15:19:58,
4010000,202640100000801024,경기도 시흥시,,경기도 시흥시 정왕동 819-34,생활방범,4,200,360도,30,201512,031-310-6763,37.35434908,126.7393024,2026-01-20,I,2026-05-15 18:45:39,2026-03-09 15:19:58,
4010000,202640100000801025,경기도 시흥시,,경기도 시흥시 정왕동 806-22,생활방범,4,200,360도,30,201512,031-310-6763,37.35314741,126.7449323,2026-01-20,I,2026-05-15 18:45:39,2026-03-09 15:19:58,
4010000,202640100000801026,경기도 시흥시,,경기도 시흥시 정왕동 2345,생활방범,4,200,360도,30,201512,031-310-6763,37.35233528,126.7405777,2026-01-20,I,2026-05-15 18:45:39,2026-03-09 15:19:58,
4010000,202640100000801027,경기도 시흥시,,경기도 시흥시 정왕동 2132,생활방범,3,200,360도,30,201512,031-310-6763,37.34029276,126.7354566,2026-01-20,I,2026-05-15 18:45:39,2026-03-09 15:19:58,
4010000,202640100000801028,경기도 시흥시,,경기도 시흥시 정왕동 1800-8,생활방범,3,200,360도,30,201512,031-310-6763,37.34728667,126.7411698,2026-01-20,I,2026-05-15 18:45:39,2026-03-09 15:19:58,
4010000,202640100000801029,경기도 시흥시,,경기도 시흥시 정왕동 1974-12,생활방범,3,200,360도,30,201512,031-310-6763,37.34678981,126.6887423,2026-01-20,I,2026-05-15 18:45:39,2026-03-09 15:19:58,
4010000,202640100000801030,경기도 시흥시,,경기도 시흥시 능곡동 620,생활방범,3,200,360도,30,201512,031-310-6763,37.36880255,126.8149338,2026-01-20,I,2026-05-15 18:45:39,2026-03-09 15:19:58,
4010000,202640100000801031,경기도 시흥시,,경기도 시흥시 월곶동 1011-5,생활방범,3,200,360도,30,201512,031-310-6763,37.39010986,126.7348988,2026-01-20,I,2026-05-15 18:45:39,2026-03-09 15:19:58,
4010000,202640100000801032,경기도 시흥시,,경기도 시흥시 월곶동 1012,생활방범,3,200,360도,30,201512,031-310-6763,37.38939735,126.7356787,2026-01-20,I,2026-05-15 18:45:39,2026-03-09 15:19:58,
4010000,202640100000801033,경기도 시흥시,,경기도 시흥시 신천동 764,생활방범,3,200,360도,30,201512,031-310-6763,37.43790038,126.7846742,2026-01-20,I,2026-05-15 18:45:39,2026-03-09 15:19:58,
4010000,202640100000801034,경기도 시흥시,,경기도 시흥시 신천동 870-1,생활방범,3,200,360도,30,201512,031-310-6763,37.4330404,126.7896226,2026-01-20,I,2026-05-15 18:45:39,2026-03-09 15:19:58,
4010000,202640100000801035,경기도 시흥시,,경기도 시흥시 은행동 551,생활방범,3,200,360도,30,201512,031-310-6763,37.44164058,126.7935638,2026-01-20,I,2026-05-15 18:45:39,2026-03-09 15:19:59,
4010000,202640100000801036,경기도 시흥시,,경기도 시흥시 은행동 551,생활방범,3,200,360도,30,201512,031-310-6763,37.44186141,126.7940123,2026-01-20,I,2026-05-15 18:45:39,2026-03-09 15:19:59,
4010000,202640100000801037,경기도 시흥시,,경기도 시흥시 정왕동 1504-2,생활방범,3,200,360도,30,201512,031-310-6763,37.34545289,126.7550421,2026-01-20,I,2026-05-15 18:45:39,2026-03-09 15:19:59,
4010000,202640100000801038,경기도 시흥시,,경기도 시흥시 정왕동 2158,생활방범,3,200,360도,30,201512,031-310-6763,37.3402614,126.7568042,2026-01-20,I,2026-05-15 18:45:39,2026-03-09 15:19:59,
4010000,202640100000801039,경기도 시흥시,,경기도 시흥시 정왕동 2156,생활방범,3,200,360도,30,201512,031-310-6763,37.34032535,126.7586571,2026-01-20,I,2026-05-15 18:45:39,2026-03-09 15:19:59,
4010000,202640100000801040,경기도 시흥시,,경기도 시흥시 정왕동 1512,생활방범,5,200,360도,30,201512,031-310-6763,37.34320046,126.7543858,2026-01-20,I,2026-05-15 18:45:39,2026-03-09 15:19:59,
4010000,202640100000801041,경기도 시흥시,,경기도 시흥시 정왕동 1800-5,생활방범,3,200,360도,30,201512,031-310-6763,37.34890846,126.7407348,2026-01-20,I,2026-05-15 18:45:39,2026-03-09 15:19:59,
4010000,202640100000801042,경기도 시흥시,,경기도 시흥시 정왕동 1581,생활방범,4,200,360도,30,201512,031-310-6763,37.34435477,126.7449169,2026-01-20,I,2026-05-15 18:45:39,2026-03-09 15:19:59,
4010000,202640100000801043,경기도 시흥시,,경기도 시흥시 정왕동 1358,생활방범,3,200,360도,30,201512,031-310-6763,37.33718347,126.7162375,2026-01-20,I,2026-05-15 18:45:39,2026-03-09 15:19:59,
4010000,202640100000801044,경기도 시흥시,,경기도 시흥시 하중동 848,생활방범,3,200,360도,30,201512,031-310-6763,37.39529316,126.8044705,2026-01-20,I,2026-05-15 18:45:39,2026-03-09 15:19:59,
4010000,202640100000801045,경기도 시흥시,,경기도 시흥시 하중동 612-2,생활방범,3,200,360도,30,201512,031-310-6763,37.39082276,126.8078006,2026-01-20,I,2026-05-15 18:45:39,2026-03-09 15:19:59,
4010000,202640100000801046,경기도 시흥시,,경기도 시흥시 능곡동 781,생활방범,3,200,360도,30,201512,031-310-6763,37.3659173,126.8087971,2026-01-20,I,2026-05-15 18:45:39,2026-03-09 15:19:59,
4010000,202640100000801047,경기도 시흥시,,경기도 시흥시 능곡동 766,생활방범,5,200,360도,30,201512,031-310-6763,37.36857545,126.8141854,2026-01-20,I,2026-05-15 18:45:39,2026-03-09 15:19:59,
4010000,202640100000801048,경기도 시흥시,,경기도 시흥시 정왕동 1089-3,생활방범,4,200,360도,30,201512,031-310-6763,37.34800549,126.6927504,2026-01-20,I,2026-05-15 18:45:39,2026-03-09 15:19:59,
4010000,202640100000801049,경기도 시흥시,,경기도 시흥시 정왕동 2042-22,생활방범,5,200,360도,30,201512,031-310-6763,37.34070227,126.6882499,2026-01-20,I,2026-05-15 18:45:39,2026-03-09 15:19:59,
4010000,202640100000801050,경기도 시흥시,,경기도 시흥시 정왕동 2201,생활방범,4,200,360도,30,201512,031-310-6763,37.34048653,126.6899239,2026-01-20,I,2026-05-15 18:45:39,2026-03-09 15:19:59,
4010000,202640100000801051,경기도 시흥시,,경기도 시흥시 정왕동 1033-5,생활방범,3,200,360도,30,201512,031-310-6763,37.33861062,126.6922134,2026-01-20,I,2026-05-15 18:45:39,2026-03-09 15:19:59,
4010000,202640100000801052,경기도 시흥시,,경기도 시흥시 정왕동 2376-1,생활방범,3,200,360도,30,201512,031-310-6763,37.33397443,126.6868858,2026-01-20,I,2026-05-15 18:45:39,2026-03-09 15:19:59,
4010000,202640100000801053,경기도 시흥시,,경기도 시흥시 정왕동 2377,생활방범,4,200,360도,30,201512,031-310-6763,37.32569847,126.6555118,2026-01-20,I,2026-05-15 18:45:39,2026-03-09 15:19:59,
4010000,202640100000801054,경기도 시흥시,,경기도 시흥시 정왕동 2377,생활방범,4,200,360도,30,201512,031-310-6763,37.3249157,126.6552959,2026-01-20,I,2026-05-15 18:45:39,2026-03-09 15:19:59,
4010000,202640100000801055,경기도 시흥시,,경기도 시흥시 대야동 494-9,생활방범,3,200,360도,30,201512,031-310-6763,37.44447467,126.7861049,2026-01-20,I,2026-05-15 18:45:39,2026-03-09 15:19:59,
4010000,202640100000801056,경기도 시흥시,,경기도 시흥시 도창동 110-4,생활방범,3,200,360도,30,201512,031-310-6763,37.40873459,126.8186026,2026-01-20,I,2026-05-15 18:45:39,2026-03-09 15:19:59,
4010000,202640100000801057,경기도 시흥시,,경기도 시흥시 도창동 25-3,생활방범,3,200,360도,30,201512,031-310-6763,37.40962594,126.8230411,2026-01-20,I,2026-05-15 18:45:39,2026-03-09 15:19:59,
4010000,202640100000801058,경기도 시흥시,,경기도 시흥시 정왕동 1940-1,생활방범,3,200,360도,30,201512,031-310-6763,37.36007675,126.72231,2026-01-20,I,2026-05-15 18:45:39,2026-03-09 15:19:59,
4010000,202640100000801059,경기도 시흥시,,경기도 시흥시 정왕동 1940-2,생활방범,3,200,360도,30,201512,031-310-6763,37.35839873,126.7195147,2026-01-20,I,2026-05-15 18:45:39,2026-03-09 15:19:59,
4010000,202640100000801060,경기도 시흥시,,경기도 시흥시 정왕동 1133,생활방범,4,200,360도,30,201512,031-310-6763,37.36880684,126.738914,2026-01-20,I,2026-05-15 18:45:39,2026-03-09 15:19:59,
4010000,202640100000801061,경기도 시흥시,,경기도 시흥시 월곶동 1010-2,생활방범,3,200,360도,30,201512,031-310-6763,37.39201203,126.7375207,2026-01-20,I,2026-05-15 18:45:39,2026-03-09 15:19:59,
4010000,202640100000801062,경기도 시흥시,,경기도 시흥시 월곶동 520-240,생활방범,3,200,360도,30,201512,031-310-6763,37.39017358,126.7630958,2026-01-20,I,2026-05-15 18:45:39,2026-03-09 15:19:59,
4010000,202640100000801063,경기도 시흥시,,경기도 시흥시 정왕동 2133,생활방범,1,200,360도,30,201512,031-310-6763,37.33840479,126.7376965,2026-01-20,I,2026-05-15 18:45:39,2026-03-09 15:19:59,
4010000,202640100000801064,경기도 시흥시,,경기도 시흥시 정왕동 2133,생활방범,1,200,360도,30,201512,031-310-6763,37.33794201,126.7383601,2026-01-20,I,2026-05-15 18:45:39,2026-03-09 15:19:59,
4010000,202640100000801065,경기도 시흥시,,경기도 시흥시 정왕동 2133,생활방범,1,200,360도,30,201512,031-310-6763,37.33753692,126.7388429,2026-01-20,I,2026-05-15 18:45:39,2026-03-09 15:19:59,
4010000,202640100000801066,경기도 시흥시,,경기도 시흥시 정왕동 2133,생활방범,1,200,360도,30,201512,031-310-6763,37.33715171,126.7395927,2026-01-20,I,2026-05-15 18:45:39,2026-03-09 15:19:59,
4010000,202640100000801067,경기도 시흥시,,경기도 시흥시 정왕동 2133,생활방범,1,200,360도,30,201512,031-310-6763,37.33732576,126.7394112,2026-01-20,I,2026-05-15 18:45:39,2026-03-09 15:19:59,
4010000,202640100000801068,경기도 시흥시,,경기도 시흥시 정왕동 2133,생활방범,1,200,360도,30,201512,031-310-6763,37.33754624,126.7388992,2026-01-20,I,2026-05-15 18:45:39,2026-03-09 15:19:59,
4010000,202640100000801069,경기도 시흥시,,경기도 시흥시 능곡동 805,생활방범,3,200,360도,30,201512,031-310-6763,37.3645286,126.8068999,2026-01-20,I,2026-05-15 18:45:39,2026-03-09 15:19:59,
4010000,202640100000801070,경기도 시흥시,,경기도 시흥시 목감동 398,생활방범,3,200,360도,30,201612,031-310-6763,37.38576276,126.8614214,2026-01-20,I,2026-05-15 18:45:39,2026-03-09 15:19:59,
4010000,202640100000801071,경기도 시흥시,,경기도 시흥시 목감동 233-2,생활방범,4,200,360도,30,201612,031-310-6763,37.38589744,126.8622592,2026-01-20,I,2026-05-15 18:45:39,2026-03-09 15:19:59,
4010000,202640100000801072,경기도 시흥시,,경기도 시흥시 조남동 217-33,생활방범,3,200,360도,30,201612,031-310-6763,37.37976751,126.8553946,2026-01-20,I,2026-05-15 18:45:39,2026-03-09 15:19:59,
4010000,202640100000801073,경기도 시흥시,,경기도 시흥시 목감동 242-24,생활방범,4,200,360도,30,201612,031-310-6763,37.3841285,126.8610735,2026-01-20,I,2026-05-15 18:45:39,2026-03-09 15:19:59,
4010000,202640100000801074,경기도 시흥시,,경기도 시흥시 목감동 396-20,생활방범,4,200,360도,30,201612,031-310-6763,37.38219334,126.8603575,2026-01-20,I,2026-05-15 18:45:39,2026-03-09 15:19:59,
4010000,202640100000801075,경기도 시흥시,,경기도 시흥시 조남동 252,생활방범,4,200,360도,30,201612,031-310-6763,37.38075794,126.8610115,2026-01-20,I,2026-05-15 18:45:39,2026-03-09 15:19:59,
4010000,202640100000801076,경기도 시흥시,,경기도 시흥시 조남동 254-2,생활방범,3,200,360도,30,201612,031-310-6763,37.38030171,126.8604199,2026-01-20,I,2026-05-15 18:45:39,2026-03-09 15:19:59,
4010000,202640100000801077,경기도 시흥시,,경기도 시흥시 조남동 233-1,생활방범,4,200,360도,30,201612,031-310-6763,37.38095522,126.8581066,2026-01-20,I,2026-05-15 18:45:39,2026-03-09 15:19:59,
4010000,202640100000801078,경기도 시흥시,,경기도 시흥시 조남동 159,생활방범,4,200,360도,30,201612,031-310-6763,37.38129456,126.8643457,2026-01-20,I,2026-05-15 18:45:39,2026-03-09 15:19:59,
4010000,202640100000801079,경기도 시흥시,,경기도 시흥시 조남동 152,생활방범,3,200,360도,30,201612,031-310-6763,37.37980815,126.8634422,2026-01-20,I,2026-05-15 18:45:39,2026-03-09 15:19:59,
4010000,202640100000801080,경기도 시흥시,,경기도 시흥시 조남동 116-1,생활방범,4,200,360도,30,201612,031-310-6763,37.37964893,126.8665723,2026-01-20,I,2026-05-15 18:45:39,2026-03-09 15:19:59,
4010000,202640100000801081,경기도 시흥시,,경기도 시흥시 산현동 183-2,생활방범,4,200,360도,30,201612,031-310-6763,37.37700082,126.8424608,2026-01-20,I,2026-05-15 18:45:39,2026-03-09 15:19:59,
4010000,202640100000801082,경기도 시흥시,,경기도 시흥시 산현동 172-2,생활방범,3,200,360도,30,201612,031-310-6763,37.37603462,126.8422498,2026-01-20,I,2026-05-15 18:45:39,2026-03-09 15:19:59,
4010000,202640100000801083,경기도 시흥시,,경기도 시흥시 산현동 97,생활방범,4,200,360도,30,201612,031-310-6763,37.37668418,126.8464667,2026-01-20,I,2026-05-15 18:45:39,2026-03-09 15:19:59,
4010000,202640100000801084,경기도 시흥시,,경기도 시흥시 조남동 648-52,생활방범,4,200,360도,30,201612,031-310-6763,37.37656694,126.8502561,2026-01-20,I,2026-05-15 18:45:39,2026-03-09 15:19:59,
4010000,202640100000801085,경기도 시흥시,,경기도 시흥시 조남동 648-79,생활방범,3,200,360도,30,201612,031-310-6763,37.37557286,126.8484894,2026-01-20,I,2026-05-15 18:45:39,2026-03-09 15:19:59,
4010000,202640100000801086,경기도 시흥시,,경기도 시흥시 조남동 355,생활방범,3,200,360도,30,201612,031-310-6763,37.37649441,126.8533868,2026-01-20,I,2026-05-15 18:45:39,2026-03-09 15:19:59,
4010000,202640100000801087,경기도 시흥시,,경기도 시흥시 조남동 342-2,생활방범,4,200,360도,30,201612,031-310-6763,37.37566725,126.8563688,2026-01-20,I,2026-05-15 18:45:39,2026-03-09 15:19:59,
4010000,202640100000801088,경기도 시흥시,,경기도 시흥시 조남동 271-4,생활방범,3,200,360도,30,201612,031-310-6763,37.37705059,126.8578285,2026-01-20,I,2026-05-15 18:45:39,2026-03-09 15:19:59,
4010000,202640100000801089,경기도 시흥시,,경기도 시흥시 조남동 369-1,생활방범,3,200,360도,30,201612,031-310-6763,37.37767393,126.8514381,2026-01-20,I,2026-05-15 18:45:39,2026-03-09 15:19:59,
4010000,202640100000801090,경기도 시흥시,,경기도 시흥시 조남동 258-1,생활방범,3,200,360도,30,201612,031-310-6763,37.37825974,126.8598411,2026-01-20,I,2026-05-15 18:45:39,2026-03-09 15:19:59,
4010000,202640100000801091,경기도 시흥시,,경기도 시흥시 조남동 산 31-1,생활방범,3,200,360도,30,201612,031-310-6763,37.37675741,126.8592112,2026-01-20,I,2026-05-15 18:45:39,2026-03-09 15:19:59,
4010000,202640100000801092,경기도 시흥시,,경기도 시흥시 조남동 산 28-3,생활방범,3,200,360도,30,201612,031-310-6763,37.37605858,126.8578565,2026-01-20,I,2026-05-15 18:45:39,2026-03-09 15:19:59,
4010000,202640100000801093,경기도 시흥시,,경기도 시흥시 조남동 120-4,생활방범,3,200,360도,30,201612,031-310-6763,37.37879307,126.8655801,2026-01-20,I,2026-05-15 18:45:39,2026-03-09 15:19:59,
4010000,202640100000801094,경기도 시흥시,,경기도 시흥시 산현동 140-2,생활방범,5,200,360도,30,201612,031-310-6763,37.37475299,126.8420324,2026-01-20,I,2026-05-15 18:45:39,2026-03-09 15:19:59,
4010000,202640100000801095,경기도 시흥시,,경기도 시흥시 산현동 120-4,생활방범,4,200,360도,30,201612,031-310-6763,37.37294835,126.8436182,2026-01-20,I,2026-05-15 18:45:39,2026-03-09 15:19:59,
4010000,202640100000801096,경기도 시흥시,,경기도 시흥시 산현동 117-3,생활방범,3,200,360도,30,201612,031-310-6763,37.37426047,126.8454116,2026-01-20,I,2026-05-15 18:45:39,2026-03-09 15:19:59,
4010000,202640100000801097,경기도 시흥시,,경기도 시흥시 산현동 115,생활방범,3,200,360도,30,201612,031-310-6763,37.374872,126.8468404,2026-01-20,I,2026-05-15 18:45:39,2026-03-09 15:19:59,
4010000,202640100000801098,경기도 시흥시,,경기도 시흥시 조남동 648-130,생활방범,4,200,360도,30,201612,031-310-6763,37.37433361,126.8483773,2026-01-20,I,2026-05-15 18:45:39,2026-03-09 15:20:00,
4010000,202640100000801099,경기도 시흥시,,경기도 시흥시 산현동 57-7,생활방범,3,200,360도,30,201612,031-310-6763,37.37277961,126.847898,2026-01-20,I,2026-05-15 18:45:39,2026-03-09 15:20:00,
4010000,202640100000801100,경기도 시흥시,,경기도 시흥시 조남동 648-149,생활방범,3,200,360도,30,201612,031-310-6763,37.37213252,126.8486661,2026-01-20,I,2026-05-15 18:45:39,2026-03-09 15:20:00,
4010000,202640100000801101,경기도 시흥시,,경기도 시흥시 조남동 413-8,생활방범,3,200,360도,30,201612,031-310-6763,37.37448173,126.8512667,2026-01-20,I,2026-05-15 18:45:39,2026-03-09 15:20:00,
4010000,202640100000801102,경기도 시흥시,,경기도 시흥시 조남동 411-2,생활방범,3,200,360도,30,201612,031-310-6763,37.37396875,126.8515547,2026-01-20,I,2026-05-15 18:45:39,2026-03-09 15:20:00,
4010000,202640100000801103,경기도 시흥시,,경기도 시흥시 목감동 223,생활방범,3,200,360도,30,201612,031-310-6763,37.38360621,126.8633421,2026-01-20,I,2026-05-15 18:45:39,2026-03-09 15:20:00,
4010000,202640100000801104,경기도 시흥시,,경기도 시흥시 조남동 432,생활방범,3,200,360도,30,201612,031-310-6763,37.37234329,126.8535583,2026-01-20,I,2026-05-15 18:45:39,2026-03-09 15:20:00,
4010000,202640100000801105,경기도 시흥시,,경기도 시흥시 조남동 400,생활방범,4,200,360도,30,201612,031-310-6763,37.37495225,126.854178,2026-01-20,I,2026-05-15 18:45:39,2026-03-09 15:20:00,
4010000,202640100000801106,경기도 시흥시,,경기도 시흥시 조남동 404,생활방범,4,200,360도,30,201612,031-310-6763,37.37374883,126.8545915,2026-01-20,I,2026-05-15 18:45:39,2026-03-09 15:20:00,
4010000,202640100000801107,경기도 시흥시,,경기도 시흥시 조남동 430-9,생활방범,3,200,360도,30,201612,031-310-6763,37.37139572,126.8550924,2026-01-20,I,2026-05-15 18:45:39,2026-03-09 15:20:00,
4010000,202640100000801108,경기도 시흥시,,경기도 시흥시 조남동 382-1,생활방범,4,200,360도,30,201612,031-310-6763,37.37310617,126.8580222,2026-01-20,I,2026-05-15 18:45:39,2026-03-09 15:20:00,
4010000,202640100000801109,경기도 시흥시,,경기도 시흥시 조남동 360-2,생활방범,3,200,360도,30,201612,031-310-6763,37.37835858,126.853912,2026-01-20,I,2026-05-15 18:45:39,2026-03-09 15:20:00,
4010000,202640100000801110,경기도 시흥시,,경기도 시흥시 조남동 389-2,생활방범,3,200,360도,30,201612,031-310-6763,37.37153215,126.8580337,2026-01-20,I,2026-05-15 18:45:39,2026-03-09 15:20:00,
4010000,202640100000801111,경기도 시흥시,,경기도 시흥시 조남동 산 95-4,생활방범,4,200,360도,30,201612,031-310-6763,37.37040275,126.8589325,2026-01-20,I,2026-05-15 18:45:39,2026-03-09 15:20:01,
4010000,202640100000801112,경기도 시흥시,,경기도 시흥시 대야동 555-12,생활방범,4,200,360도,30,201612,031-310-6763,37.43959345,126.791775,2026-01-20,I,2026-05-15 18:45:39,2026-03-09 15:20:01,
4010000,202640100000801113,경기도 시흥시,,경기도 시흥시 대야동 484-14,생활방범,5,200,360도,30,201612,031-310-6763,37.4450897,126.7843566,2026-01-20,I,2026-05-15 18:45:39,2026-03-09 15:20:01,
4010000,202640100000801114,경기도 시흥시,,경기도 시흥시 대야동 377-100,생활방범,3,200,360도,30,201612,031-310-6763,37.44706875,126.784947,2026-01-20,I,2026-05-15 18:45:39,2026-03-09 15:20:01,
4010000,202640100000801115,경기도 시흥시,,경기도 시흥시 대야동 496-1,생활방범,3,200,360도,30,201612,031-310-6763,37.44378758,126.7852266,2026-01-20,I,2026-05-15 18:45:39,2026-03-09 15:20:01,
4010000,202640100000801116,경기도 시흥시,,경기도 시흥시 신천동 838-1,생활방범,3,200,360도,30,201612,031-310-6763,37.43774077,126.78109,2026-01-20,I,2026-05-15 18:45:39,2026-03-09 15:20:01,
4010000,202640100000801117,경기도 시흥시,,경기도 시흥시 신천동 850-12,생활방범,3,200,360도,30,201612,031-310-6763,37.43597481,126.7865404,2026-01-20,I,2026-05-15 18:45:39,2026-03-09 15:20:01,
4010000,202640100000801118,경기도 시흥시,,경기도 시흥시 신천동 846-11,생활방범,3,200,360도,30,201612,031-310-6763,37.43702608,126.7855245,2026-01-20,I,2026-05-15 18:45:39,2026-03-09 15:20:01,
4010000,202640100000801119,경기도 시흥시,,경기도 시흥시 신천동 876-15,생활방범,3,200,360도,30,201612,031-310-6763,37.43205126,126.7907007,2026-01-20,I,2026-05-15 18:45:39,2026-03-09 15:20:01,
4010000,202640100000801120,경기도 시흥시,,경기도 시흥시 신천동 705-32,생활방범,3,200,360도,30,201612,031-310-6763,37.44289007,126.7827176,2026-01-20,I,2026-05-15 18:45:39,2026-03-09 15:20:01,
4010000,202640100000801121,경기도 시흥시,,경기도 시흥시 대야동 499-37,생활방범,3,200,360도,30,201612,031-310-6763,37.44185743,126.7867753,2026-01-20,I,2026-05-15 18:45:39,2026-03-09 15:20:01,
4010000,202640100000801122,경기도 시흥시,,경기도 시흥시 신천동 707-29,생활방범,3,200,360도,30,201612,031-310-6763,37.44159961,126.7861452,2026-01-20,I,2026-05-15 18:45:39,2026-03-09 15:20:01,
4010000,202640100000801123,경기도 시흥시,,경기도 시흥시 포동 1-3,생활방범,3,200,360도,30,201612,031-310-6763,37.40772772,126.7866182,2026-01-20,I,2026-05-15 18:45:39,2026-03-09 15:20:01,
4010000,202640100000801124,경기도 시흥시,,경기도 시흥시 포동 13-29,생활방범,3,200,360도,30,201612,031-310-6763,37.40722371,126.7841866,2026-01-20,I,2026-05-15 18:45:39,2026-03-09 15:20:01,
4010000,202640100000801125,경기도 시흥시,,경기도 시흥시 방산동 산103-3,생활방범,3,200,360도,30,201612,031-310-6763,37.42179439,126.7662213,2026-01-20,I,2026-05-15 18:45:39,2026-03-09 15:20:01,
4010000,202640100000801126,경기도 시흥시,,경기도 시흥시 포동 20-217,생활방범,3,200,360도,30,201612,031-310-6763,37.4027596,126.7695315,2026-01-20,I,2026-05-15 18:45:39,2026-03-09 15:20:01,
4010000,202640100000801127,경기도 시흥시,,경기도 시흥시 방산동 526,생활방범,3,200,360도,30,201612,031-310-6763,37.41517699,126.767825,2026-01-20,I,2026-05-15 18:45:39,2026-03-09 15:20:01,
4010000,202640100000801128,경기도 시흥시,,경기도 시흥시 포동 3-4,생활방범,3,200,360도,30,201612,031-310-6763,37.40785942,126.7854404,2026-01-20,I,2026-05-15 18:45:39,2026-03-09 15:20:01,
4010000,202640100000801129,경기도 시흥시,,경기도 시흥시 은행동 105-14,생활방범,3,200,360도,30,201612,031-310-6763,37.43834377,126.7963174,2026-01-20,I,2026-05-15 18:45:39,2026-03-09 15:20:01,
4010000,202640100000801130,경기도 시흥시,,경기도 시흥시 은행동 276-21,생활방범,3,200,360도,30,201612,031-310-6763,37.43228427,126.7967646,2026-01-20,I,2026-05-15 18:45:39,2026-03-09 15:20:01,
4010000,202640100000801131,경기도 시흥시,,경기도 시흥시 은행동 276-19,생활방범,3,200,360도,30,201612,031-310-6763,37.43234234,126.7948416,2026-01-20,I,2026-05-15 18:45:39,2026-03-09 15:20:01,
4010000,202640100000801132,경기도 시흥시,,경기도 시흥시 금이동 461-11,생활방범,3,200,360도,30,201612,031-310-6763,37.39163646,126.8408696,2026-01-20,I,2026-05-15 18:45:39,2026-03-09 15:20:01,
4010000,202640100000801133,경기도 시흥시,,경기도 시흥시 매화동 235-15,생활방범,3,200,360도,30,201612,031-310-6763,37.41561215,126.8113045,2026-01-20,I,2026-05-15 18:45:39,2026-03-09 15:20:01,
4010000,202640100000801134,경기도 시흥시,,경기도 시흥시 매화동 265-17,생활방범,3,200,360도,30,201612,031-310-6763,37.41373617,126.8159711,2026-01-20,I,2026-05-15 18:45:39,2026-03-09 15:20:01,
4010000,202640100000801135,경기도 시흥시,,경기도 시흥시 매화동 243,생활방범,3,200,360도,30,201612,031-310-6763,37.41573676,126.8121258,2026-01-20,I,2026-05-15 18:45:39,2026-03-09 15:20:01,
4010000,202640100000801136,경기도 시흥시,,경기도 시흥시 매화동 368-5,생활방범,3,200,360도,30,201612,031-310-6763,37.41737819,126.8111999,2026-01-20,I,2026-05-15 18:45:39,2026-03-09 15:20:01,
4010000,202640100000801137,경기도 시흥시,,경기도 시흥시 매화동 314-5,생활방범,3,200,360도,30,201612,031-310-6763,37.41439538,126.8092958,2026-01-20,I,2026-05-15 18:45:39,2026-03-09 15:20:02,
4010000,202640100000801138,경기도 시흥시,,경기도 시흥시 조남동 171-56,생활방범,3,200,360도,30,201612,031-310-6763,37.38398418,126.8572516,2026-01-20,I,2026-05-15 18:45:39,2026-03-09 15:20:02,
4010000,202640100000801139,경기도 시흥시,,경기도 시흥시 목감동 175-3,생활방범,3,200,360도,30,201612,031-310-6763,37.39363536,126.8672992,2026-01-20,I,2026-05-15 18:45:39,2026-03-09 15:20:02,
4010000,202640100000801140,경기도 시흥시,,경기도 시흥시 논곡동 175-21,생활방범,3,200,360도,30,201612,031-310-6763,37.39392232,126.856329,2026-01-20,I,2026-05-15 18:45:39,2026-03-09 15:20:02,
4010000,202640100000801141,경기도 시흥시,,경기도 시흥시 과림동 307-5,생활방범,4,200,360도,30,201612,031-310-6763,37.44594973,126.8315738,2026-01-20,I,2026-05-15 18:45:39,2026-03-09 15:20:02,
4010000,202640100000801142,경기도 시흥시,,경기도 시흥시 무지내동 342-1,생활방범,3,200,360도,30,201612,031-310-6763,37.41460971,126.8399719,2026-01-20,I,2026-05-15 18:45:39,2026-03-09 15:20:02,
4010000,202640100000801143,경기도 시흥시,,경기도 시흥시 과림동 489-3,생활방범,3,200,360도,30,201612,031-310-6763,37.43568421,126.8333413,2026-01-20,I,2026-05-15 18:45:39,2026-03-09 15:20:02,
4010000,202640100000801144,경기도 시흥시,,경기도 시흥시 계수동 627,생활방범,3,200,360도,30,201612,031-310-6763,37.44262892,126.8144328,2026-01-20,I,2026-05-15 18:45:39,2026-03-09 15:20:02,
4010000,202640100000801145,경기도 시흥시,,경기도 시흥시 광석동 115-1,생활방범,3,200,360도,30,201612,031-310-6763,37.3852811,126.8197614,2026-01-20,I,2026-05-15 18:45:39,2026-03-09 15:20:02,
4010000,202640100000801146,경기도 시흥시,,경기도 시흥시 하상동 379,생활방범,3,200,360도,30,201612,031-310-6763,37.39052014,126.8136821,2026-01-20,I,2026-05-15 18:45:39,2026-03-09 15:20:02,
4010000,202640100000801147,경기도 시흥시,,경기도 시흥시 능곡동 708,생활방범,3,200,360도,30,201612,031-310-6763,37.36679234,126.8151843,2026-01-20,I,2026-05-15 18:45:39,2026-03-09 15:20:02,
4010000,202640100000801148,경기도 시흥시,,경기도 시흥시 화정동 651-6,생활방범,3,200,360도,30,201612,031-310-6763,37.3613458,126.8157909,2026-01-20,I,2026-05-15 18:45:39,2026-03-09 15:20:02,
4010000,202640100000801149,경기도 시흥시,,경기도 시흥시 능곡동 760,생활방범,3,200,360도,30,201612,031-310-6763,37.36853831,126.8122781,2026-01-20,I,2026-05-15 18:45:39,2026-03-09 15:20:02,
4010000,202640100000801150,경기도 시흥시,,경기도 시흥시 장곡동 816-1,생활방범,4,200,360도,30,201612,031-310-6763,37.37907442,126.7841439,2026-01-20,I,2026-05-15 18:45:39,2026-03-09 15:20:02,
4010000,202640100000801151,경기도 시흥시,,경기도 시흥시 장곡동 805,생활방범,3,200,360도,30,201612,031-310-6763,37.37791793,126.7800609,2026-01-20,I,2026-05-15 18:45:39,2026-03-09 15:20:02,
4010000,202640100000801152,경기도 시흥시,,경기도 시흥시 거모동 1744-7,생활방범,3,200,360도,30,201612,031-310-6763,37.343896,126.7839514,2026-01-20,I,2026-05-15 18:45:39,2026-03-09 15:20:02,
4010000,202640100000801153,경기도 시흥시,,경기도 시흥시 거모동 637-1,생활방범,3,200,360도,30,201612,031-310-6763,37.35847352,126.7733911,2026-01-20,I,2026-05-15 18:45:39,2026-03-09 15:20:02,
4010000,202640100000801154,경기도 시흥시,,경기도 시흥시 거모동 1741-2,생활방범,3,200,360도,30,201612,031-310-6763,37.34511246,126.7841317,2026-01-20,I,2026-05-15 18:45:39,2026-03-09 15:20:02,
4010000,202640100000801155,경기도 시흥시,,경기도 시흥시 거모동 1713-1,생활방범,3,200,360도,30,201612,031-310-6763,37.34935292,126.7845664,2026-01-20,I,2026-05-15 18:45:39,2026-03-09 15:20:02,
4010000,202640100000801156,경기도 시흥시,,경기도 시흥시 정왕동 2300-5,생활방범,3,200,360도,30,201612,031-310-6763,37.35303838,126.7409625,2026-01-20,I,2026-05-15 18:45:39,2026-03-09 15:20:02,
4010000,202640100000801157,경기도 시흥시,,경기도 시흥시 정왕동 2314-34,생활방범,3,200,360도,30,201612,031-310-6763,37.35372528,126.7475977,2026-01-20,I,2026-05-15 18:45:39,2026-03-09 15:20:02,
4010000,202640100000801158,경기도 시흥시,,경기도 시흥시 정왕동 1534-8,생활방범,4,200,360도,30,201612,031-310-6763,37.34244431,126.7561701,2026-01-20,I,2026-05-15 18:45:39,2026-03-09 15:20:02,
4010000,202640100000801159,경기도 시흥시,,경기도 시흥시 죽율동 725-3,생활방범,4,200,360도,30,201612,031-310-6763,37.34335097,126.7592813,2026-01-20,I,2026-05-15 18:45:39,2026-03-09 15:20:02,
4010000,202640100000801160,경기도 시흥시,,경기도 시흥시 정왕동 1397-8,생활방범,4,200,360도,30,201612,031-310-6763,37.33936441,126.7554761,2026-01-20,I,2026-05-15 18:45:39,2026-03-09 15:20:02,
4010000,202640100000801161,경기도 시흥시,,경기도 시흥시 정왕동 1212-16,생활방범,5,200,360도,30,201612,031-310-6763,37.34575041,126.7468326,2026-01-20,I,2026-05-15 18:45:39,2026-03-09 15:20:02,
4010000,202640100000801162,경기도 시흥시,,경기도 시흥시 정왕동 1621,생활방범,4,200,360도,30,201612,031-310-6763,37.34591203,126.7398497,2026-01-20,I,2026-05-15 18:45:39,2026-03-09 15:20:02,
4010000,202640100000801163,경기도 시흥시,,경기도 시흥시 정왕동 1439-8,생활방범,4,200,360도,30,201612,031-310-6763,37.34048471,126.7480657,2026-01-20,I,2026-05-15 18:45:39,2026-03-09 15:20:02,
4010000,202640100000801164,경기도 시흥시,,경기도 시흥시 정왕동 1498,생활방범,4,200,360도,30,201612,031-310-6763,37.34238267,126.7512548,2026-01-20,I,2026-05-15 18:45:39,2026-03-09 15:20:02,
4010000,202640100000801165,경기도 시흥시,,경기도 시흥시 정왕동 1622,생활방범,3,200,360도,30,201612,031-310-6763,37.33921266,126.7479175,2026-01-20,I,2026-05-15 18:45:39,2026-03-09 15:20:02,
4010000,202640100000801166,경기도 시흥시,,경기도 시흥시 정왕동 1394-1,생활방범,3,200,360도,30,201612,031-310-6763,37.35493511,126.7367981,2026-01-20,I,2026-05-15 18:45:39,2026-03-09 15:20:02,
4010000,202640100000801167,경기도 시흥시,,경기도 시흥시 정왕동 1959,생활방범,3,200,360도,30,201612,031-310-6763,37.34319064,126.7322321,2026-01-20,I,2026-05-15 18:45:39,2026-03-09 15:20:02,
4010000,202640100000801168,경기도 시흥시,,경기도 시흥시 정왕동 1853-1,생활방범,5,200,360도,30,201612,031-310-6763,37.35305667,126.7219426,2026-01-20,I,2026-05-15 18:45:39,2026-03-09 15:20:02,
4010000,202640100000801169,경기도 시흥시,,경기도 시흥시 정왕동 1983-7,생활방범,3,200,360도,30,201612,031-310-6763,37.34621942,126.6917543,2026-01-20,I,2026-05-15 18:45:39,2026-03-09 15:20:02,
4010000,202640100000801170,경기도 시흥시,,경기도 시흥시 정왕동 2026-10,생활방범,3,200,360도,30,201612,031-310-6763,37.34242173,126.6884785,2026-01-20,I,2026-05-15 18:45:39,2026-03-09 15:20:02,
4010000,202640100000801171,경기도 시흥시,,경기도 시흥시 정왕동 1973-24,생활방범,3,200,360도,30,201612,031-310-6763,37.34847483,126.6887468,2026-01-20,I,2026-05-15 18:45:39,2026-03-09 15:20:03,
4010000,202640100000801172,경기도 시흥시,,경기도 시흥시 정왕동 2031-13,생활방범,3,200,360도,30,201612,031-310-6763,37.34124606,126.6860962,2026-01-20,I,2026-05-15 18:45:39,2026-03-09 15:20:03,
4010000,202640100000801173,경기도 시흥시,,경기도 시흥시 정왕동 1997-3,생활방범,3,200,360도,30,201612,031-310-6763,37.34625522,126.6898139,2026-01-20,I,2026-05-15 18:45:39,2026-03-09 15:20:03,
4010000,202640100000801174,경기도 시흥시,,경기도 시흥시 정왕동 1867-2,생활방범,3,200,360도,30,201612,031-310-6763,37.3565719,126.724738,2026-01-20,I,2026-05-15 18:45:39,2026-03-09 15:20:03,
4010000,202640100000801175,경기도 시흥시,,경기도 시흥시 정왕동 1951,생활방범,3,200,360도,30,201612,031-310-6763,37.3493815,126.7222297,2026-01-20,I,2026-05-15 18:45:39,2026-03-09 15:20:03,
4010000,202640100000801176,경기도 시흥시,,경기도 시흥시 월곶동 1013-17,생활방범,3,200,360도,30,201612,031-310-6763,37.3881861,126.736162,2026-01-20,I,2026-05-15 18:45:39,2026-03-09 15:20:03,
4010000,202640100000801177,경기도 시흥시,,경기도 시흥시 계수동 337-3,생활방범,3,200,360도,30,201612,031-310-6763,37.45857635,126.8109814,2026-01-20,I,2026-05-15 18:45:39,2026-03-09 15:20:03,
4010000,202640100000801178,경기도 시흥시,,경기도 시흥시 은행동 543-1,생활방범,4,200,360도,30,201612,031-310-6763,37.44421989,126.8015694,2026-01-20,I,2026-05-15 18:45:39,2026-03-09 15:20:03,
4010000,202640100000801179,경기도 시흥시,,경기도 시흥시 금이동 554-79,생활방범,4,200,360도,30,201612,031-310-6763,37.38873903,126.8282455,2026-01-20,I,2026-05-15 18:45:39,2026-03-09 15:20:03,
4010000,202640100000801180,경기도 시흥시,,경기도 시흥시 산현동 345-13,생활방범,4,200,360도,30,201612,031-310-6763,37.36974087,126.8320318,2026-01-20,I,2026-05-15 18:45:39,2026-03-09 15:20:03,
4010000,202640100000801181,경기도 시흥시,,경기도 시흥시 무지내동 263-2,생활방범,3,200,360도,30,201612,031-310-6763,37.41457587,126.845327,2026-01-20,I,2026-05-15 18:45:39,2026-03-09 15:20:03,
4010000,202640100000801182,경기도 시흥시,,경기도 시흥시 과림동 702,생활방범,5,200,360도,30,201612,031-310-6763,37.42896526,126.8406791,2026-01-20,I,2026-05-15 18:45:39,2026-03-09 15:20:03,
4010000,202640100000801183,경기도 시흥시,,경기도 시흥시 정왕동 1886-6,생활방범,3,200,360도,30,201612,031-310-6763,37.35984724,126.7237926,2026-01-20,I,2026-05-15 18:45:39,2026-03-09 15:20:03,
4010000,202640100000801184,경기도 시흥시,,경기도 시흥시 정왕동 1882-1,생활방범,5,200,360도,30,201612,031-310-6763,37.36416503,126.7286736,2026-01-20,I,2026-05-15 18:45:39,2026-03-09 15:20:03,
4010000,202640100000801185,경기도 시흥시,,경기도 시흥시 정왕동 1886-39,생활방범,3,200,360도,30,201612,031-310-6763,37.3624728,126.7263203,2026-01-20,I,2026-05-15 18:45:39,2026-03-09 15:20:03,
4010000,202640100000801186,경기도 시흥시,,경기도 시흥시 능곡동 479,생활방범,4,200,360도,30,201612,031-310-6763,37.3751074,126.8114181,2026-01-20,I,2026-05-15 18:45:39,2026-03-09 15:20:03,
4010000,202640100000801187,경기도 시흥시,,경기도 시흥시 정왕동 2160,생활방범,4,200,360도,30,201612,031-310-6763,37.33697199,126.7545436,2026-01-20,I,2026-05-15 18:45:39,2026-03-09 15:20:03,
4010000,202640100000801188,경기도 시흥시,,경기도 시흥시 능곡동 489,생활방범,3,200,360도,30,201612,031-310-6763,37.37594893,126.8126694,2026-01-20,I,2026-05-15 18:45:39,2026-03-09 15:20:03,
4010000,202640100000801189,경기도 시흥시,,경기도 시흥시 정왕동 1873-1,생활방범,5,200,360도,30,201612,031-310-6763,37.35819005,126.7330371,2026-01-20,I,2026-05-15 18:45:39,2026-03-09 15:20:03,
4010000,202640100000801190,경기도 시흥시,,경기도 시흥시 정왕동 1784-6,생활방범,4,200,360도,30,201612,031-310-6763,37.33464962,126.7477084,2026-01-20,I,2026-05-15 18:45:39,2026-03-09 15:20:03,
4010000,202640100000801191,경기도 시흥시,,경기도 시흥시 대야동 458-3,생활방범,5,200,360도,30,201612,031-310-6763,37.44724581,126.7892245,2026-01-20,I,2026-05-15 18:45:39,2026-03-09 15:20:03,
4010000,202640100000801192,경기도 시흥시,,경기도 시흥시 죽율동 592-4,생활방범,3,200,360도,30,201612,031-310-6763,37.34962435,126.7577561,2026-01-20,I,2026-05-15 18:45:39,2026-03-09 15:20:03,
4010000,202640100000801193,경기도 시흥시,,경기도 시흥시 정왕동 1872-3,생활방범,3,200,360도,30,201612,031-310-6763,37.35804599,126.7344772,2026-01-20,I,2026-05-15 18:45:39,2026-03-09 15:20:03,
4010000,202640100000801194,경기도 시흥시,,경기도 시흥시 월곶동 산26-6,생활방범,3,200,360도,30,201612,031-310-6763,37.37458728,126.773671,2026-01-20,I,2026-05-15 18:45:39,2026-03-09 15:20:03,
4010000,202640100000801195,경기도 시흥시,,경기도 시흥시 정왕동 1285,생활방범,5,200,360도,30,201612,031-310-6763,37.32868243,126.7279171,2026-01-20,I,2026-05-15 18:45:39,2026-03-09 15:20:03,
4010000,202640100000801196,경기도 시흥시,,경기도 시흥시 정왕동 211,생활방범,3,200,360도,30,201612,031-310-6763,37.36469972,126.756108,2026-01-20,I,2026-05-15 18:45:39,2026-03-09 15:20:03,
4010000,202640100000801197,경기도 시흥시,,경기도 시흥시 금이동 296-2,생활방범,3,200,360도,30,201612,031-310-6763,37.39818589,126.8352347,2026-01-20,I,2026-05-15 18:45:39,2026-03-09 15:20:03,
4010000,202640100000801198,경기도 시흥시,,경기도 시흥시 대야동 275-20,생활방범,4,200,360도,30,201612,031-310-6763,37.44797104,126.7958355,2026-01-20,I,2026-05-15 18:45:39,2026-03-09 15:20:03,
4010000,202640100000801199,경기도 시흥시,,경기도 시흥시 방산동 395-1,생활방범,3,200,360도,30,201612,031-310-6763,37.41759744,126.7724081,2026-01-20,I,2026-05-15 18:45:39,2026-03-09 15:20:03,
4010000,202640100000801200,경기도 시흥시,,경기도 시흥시 정왕동 1961,생활방범,3,200,360도,30,201612,031-310-6763,37.34195223,126.7352323,2026-01-20,I,2026-05-15 18:45:39,2026-03-09 15:20:03,
4010000,202640100000801201,경기도 시흥시,,경기도 시흥시 목감동 419,생활방범,3,200,360도,30,201612,031-310-6763,37.38339587,126.8637237,2026-01-20,I,2026-05-15 18:45:39,2026-03-09 15:20:03,
4010000,202640100000801202,경기도 시흥시,,경기도 시흥시 목감동 251,생활방범,3,200,360도,30,201612,031-310-6763,37.38254272,126.862356,2026-01-20,I,2026-05-15 18:45:39,2026-03-09 15:20:03,
4010000,202640100000801203,경기도 시흥시,,경기도 시흥시 조남동 161,생활방범,3,200,360도,30,201612,031-310-6763,37.38131759,126.8629903,2026-01-20,I,2026-05-15 18:45:39,2026-03-09 15:20:03,
4010000,202640100000801204,경기도 시흥시,,경기도 시흥시 산현동 104,생활방범,3,200,360도,30,201612,031-310-6763,37.37625136,126.8446424,2026-01-20,I,2026-05-15 18:45:39,2026-03-09 15:20:03,
4010000,202640100000801205,경기도 시흥시,,경기도 시흥시 산현동 107-5,생활방범,3,200,360도,30,201612,031-310-6763,37.37572092,126.8461778,2026-01-20,I,2026-05-15 18:45:39,2026-03-09 15:20:03,
4010000,202640100000801206,경기도 시흥시,,경기도 시흥시 포동 67-226,생활방범,3,200,360도,30,201612,031-310-6763,37.40467067,126.7858326,2026-01-20,I,2026-05-15 18:45:39,2026-03-09 15:20:03,
4010000,202640100000801207,경기도 시흥시,,경기도 시흥시 정왕동 1165-1,생활방범,3,200,360도,30,201612,031-310-6763,37.34761536,126.7539462,2026-01-20,I,2026-05-15 18:45:39,2026-03-09 15:20:03,
4010000,202640100000801208,경기도 시흥시,,경기도 시흥시 정왕동 1982-14,생활방범,4,200,360도,30,201612,031-310-6763,37.34742757,126.691536,2026-01-20,I,2026-05-15 18:45:39,2026-03-09 15:20:03,
4010000,202640100000801209,경기도 시흥시,,경기도 시흥시 은행동 557-1,생활방범,5,200,360도,30,201612,031-310-6763,37.43994975,126.7936432,2026-01-20,I,2026-05-15 18:45:39,2026-03-09 15:20:03,
4010000,202640100000801210,경기도 시흥시,,경기도 시흥시 하중동 817-3,생활방범,3,200,360도,30,201612,031-310-6763,37.40004557,126.7992521,2026-01-20,I,2026-05-15 18:45:39,2026-03-09 15:20:03,
4010000,202640100000801211,경기도 시흥시,,경기도 시흥시 정왕동 1530-11,생활방범,5,200,360도,30,201612,031-310-6763,37.343646,126.7560333,2026-01-20,I,2026-05-15 18:45:39,2026-03-09 15:20:03,
4010000,202640100000801212,경기도 시흥시,,경기도 시흥시 대야동 459,생활방범,5,200,360도,30,201612,031-310-6763,37.44673605,126.7880324,2026-01-20,I,2026-05-15 18:45:39,2026-03-09 15:20:03,
4010000,202640100000801213,경기도 시흥시,,경기도 시흥시 금이동 488-3,생활방범,3,200,360도,30,201612,031-310-6763,37.39278989,126.8372141,2026-01-20,I,2026-05-15 18:45:39,2026-03-09 15:20:03,
4010000,202640100000801214,경기도 시흥시,,경기도 시흥시 계수동 산90-6,생활방범,4,200,360도,30,201612,031-310-6763,37.45255017,126.8029357,2026-01-20,I,2026-05-15 18:45:39,2026-03-09 15:20:03,
4010000,202640100000801215,경기도 시흥시,,경기도 시흥시 신천동 83-105,생활방범,3,200,360도,30,201612,031-310-6763,37.4359779,126.7919366,2026-01-20,I,2026-05-15 18:45:39,2026-03-09 15:20:03,
4010000,202640100000801216,경기도 시흥시,,경기도 시흥시 매화동 196-3,생활방범,3,200,360도,30,201612,031-310-6763,37.41517946,126.8163683,2026-01-20,I,2026-05-15 18:45:39,2026-03-09 15:20:03,
4010000,202640100000801217,경기도 시흥시,,경기도 시흥시 방산동 803,생활방범,3,200,360도,30,201612,031-310-6763,37.43254996,126.7776572,2026-01-20,I,2026-05-15 18:45:39,2026-03-09 15:20:03,
4010000,202640100000801218,경기도 시흥시,,경기도 시흥시 정왕동 1513-11,생활방범,4,200,360도,30,201612,031-310-6763,37.34469925,126.753554,2026-01-20,I,2026-05-15 18:45:39,2026-03-09 15:20:03,
4010000,202640100000801219,경기도 시흥시,,경기도 시흥시 신천동 864-5,생활방범,4,200,360도,30,201612,031-310-6763,37.43427446,126.7878643,2026-01-20,I,2026-05-15 18:45:39,2026-03-09 15:20:04,
4010000,202640100000801220,경기도 시흥시,,경기도 시흥시 신천동 688,생활방범,4,200,360도,30,201612,031-310-6763,37.43568153,126.7774282,2026-01-20,I,2026-05-15 18:45:39,2026-03-09 15:20:04,
4010000,202640100000801221,경기도 시흥시,,경기도 시흥시 과림동 94-11,생활방범,3,200,360도,30,201612,031-310-6763,37.452471,126.8337268,2026-01-20,I,2026-05-15 18:45:39,2026-03-09 15:20:04,
4010000,202640100000801222,경기도 시흥시,,경기도 시흥시 정왕동 1880-3,생활방범,4,200,360도,30,201612,031-310-6763,37.36455448,126.7306922,2026-01-20,I,2026-05-15 18:45:39,2026-03-09 15:20:04,
4010000,202640100000801223,경기도 시흥시,,경기도 시흥시 거모동 317-1,생활방범,4,200,360도,30,201612,031-310-6763,37.36169687,126.7724795,2026-01-20,I,2026-05-15 18:45:39,2026-03-09 15:20:04,
4010000,202640100000801224,경기도 시흥시,,경기도 시흥시 대야동 553-4,생활방범,4,200,360도,30,201712,031-310-6763,37.44025748,126.7919813,2026-01-20,I,2026-05-15 18:45:39,2026-03-09 15:20:04,
4010000,202640100000801225,경기도 시흥시,,경기도 시흥시 대야동 549-5,생활방범,3,200,360도,30,201712,031-310-6763,37.44081224,126.7910435,2026-01-20,I,2026-05-15 18:45:39,2026-03-09 15:20:04,
4010000,202640100000801226,경기도 시흥시,,경기도 시흥시 대야동 471-27,생활방범,3,200,360도,30,201712,031-310-6763,37.44503273,126.7885978,2026-01-20,I,2026-05-15 18:45:39,2026-03-09 15:20:04,
4010000,202640100000801227,경기도 시흥시,,경기도 시흥시 신천동 707-3,생활방범,4,200,360도,30,201712,031-310-6763,37.44118264,126.7845526,2026-01-20,I,2026-05-15 18:45:39,2026-03-09 15:20:04,
4010000,202640100000801228,경기도 시흥시,,경기도 시흥시 신천동 853-6,생활방범,4,200,360도,30,201712,031-310-6763,37.43682803,126.7871087,2026-01-20,I,2026-05-15 18:45:39,2026-03-09 15:20:04,
4010000,202640100000801229,경기도 시흥시,,경기도 시흥시 신천동 771-6,생활방범,3,200,360도,30,201712,031-310-6763,37.43785338,126.7860383,2026-01-20,I,2026-05-15 18:45:39,2026-03-09 15:20:04,
4010000,202640100000801230,경기도 시흥시,,경기도 시흥시 매화동 367-4,생활방범,4,200,360도,30,201712,031-310-6763,37.41811266,126.8088333,2026-01-20,I,2026-05-15 18:45:39,2026-03-09 15:20:04,
4010000,202640100000801231,경기도 시흥시,,경기도 시흥시 정왕동 1397-4,생활방범,3,200,360도,30,201712,031-310-6763,37.33985106,126.7554811,2026-01-20,I,2026-05-15 18:45:39,2026-03-09 15:20:04,
4010000,202640100000801232,경기도 시흥시,,경기도 시흥시 정왕동 543-1,생활방범,4,200,360도,30,201712,031-310-6763,37.35673278,126.7533694,2026-01-20,I,2026-05-15 18:45:39,2026-03-09 15:20:04,
4010000,202640100000801233,경기도 시흥시,,경기도 시흥시 정왕동 2297-1,생활방범,4,200,360도,30,201712,031-310-6763,37.35408165,126.7414634,2026-01-20,I,2026-05-15 18:45:39,2026-03-09 15:20:04,
4010000,202640100000801234,경기도 시흥시,,경기도 시흥시 정왕동 796-11,생활방범,4,200,360도,30,201712,031-310-6763,37.351372,126.7459395,2026-01-20,I,2026-05-15 18:45:39,2026-03-09 15:20:04,
4010000,202640100000801235,경기도 시흥시,,경기도 시흥시 정왕동 1824-6,생활방범,4,200,360도,30,201712,031-310-6763,37.34790871,126.7458633,2026-01-20,I,2026-05-15 18:45:39,2026-03-09 15:20:04,
4010000,202640100000801236,경기도 시흥시,,경기도 시흥시 정왕동 1419,생활방범,5,200,360도,30,201712,031-310-6763,37.33959561,126.7525682,2026-01-20,I,2026-05-15 18:45:39,2026-03-09 15:20:04,
4010000,202640100000801237,경기도 시흥시,,경기도 시흥시 정왕동 1564-5,생활방범,4,200,360도,30,201712,031-310-6763,37.34224848,126.7488448,2026-01-20,I,2026-05-15 18:45:39,2026-03-09 15:20:04,
4010000,202640100000801238,경기도 시흥시,,경기도 시흥시 정왕동 1580-1,생활방범,4,200,360도,30,201712,031-310-6763,37.34488769,126.7440291,2026-01-20,I,2026-05-15 18:45:39,2026-03-09 15:20:04,
4010000,202640100000801239,경기도 시흥시,,경기도 시흥시 정왕동 1618,생활방범,4,200,360도,30,201712,031-310-6763,37.34522651,126.743325,2026-01-20,I,2026-05-15 18:45:39,2026-03-09 15:20:04,
4010000,202640100000801240,경기도 시흥시,,경기도 시흥시 정왕동 1364,생활방범,4,200,360도,30,201712,031-310-6763,37.33733812,126.7256719,2026-01-20,I,2026-05-15 18:45:39,2026-03-09 15:20:04,
4010000,202640100000801241,경기도 시흥시,,경기도 시흥시 정왕동 1697,생활방범,4,200,360도,30,201712,031-310-6763,37.33594195,126.7047072,2026-01-20,I,2026-05-15 18:45:39,2026-03-09 15:20:04,
4010000,202640100000801242,경기도 시흥시,,경기도 시흥시 정왕동 2023-7,생활방범,4,200,360도,30,201712,031-310-6763,37.34214509,126.6895879,2026-01-20,I,2026-05-15 18:45:39,2026-03-09 15:20:04,
4010000,202640100000801243,경기도 시흥시,,경기도 시흥시 정왕동 2013-2,생활방범,3,200,360도,30,201712,031-310-6763,37.34376501,126.6904945,2026-01-20,I,2026-05-15 18:45:39,2026-03-09 15:20:04,
4010000,202640100000801244,경기도 시흥시,,경기도 시흥시 능곡동 565,생활방범,3,200,360도,30,201712,031-310-6763,37.37180898,126.8139186,2026-01-20,I,2026-05-15 18:45:39,2026-03-09 15:20:04,
4010000,202640100000801245,경기도 시흥시,,경기도 시흥시 장곡동 798-1,생활방범,3,200,360도,30,201712,031-310-6763,37.38071469,126.7801201,2026-01-20,I,2026-05-15 18:45:39,2026-03-09 15:20:04,
4010000,202640100000801246,경기도 시흥시,,경기도 시흥시 은행동 367-2,생활방범,3,200,360도,30,201712,031-310-6763,37.42468045,126.7951663,2026-01-20,I,2026-05-15 18:45:39,2026-03-09 15:20:04,
4010000,202640100000801247,경기도 시흥시,,경기도 시흥시 정왕동 1855-21,생활방범,4,200,360도,30,201712,031-310-6763,37.35146616,126.7223701,2026-01-20,I,2026-05-15 18:45:39,2026-03-09 15:20:04,
4010000,202640100000801248,경기도 시흥시,,경기도 시흥시 정왕동 1889-1,생활방범,4,200,360도,30,201712,031-310-6763,37.361235,126.7369485,2026-01-20,I,2026-05-15 18:45:39,2026-03-09 15:20:04,
4010000,202640100000801249,경기도 시흥시,,경기도 시흥시 정왕동 1553-7,생활방범,4,200,360도,30,201712,031-310-6763,37.34070492,126.7550009,2026-01-20,I,2026-05-15 18:45:39,2026-03-09 15:20:04,
4010000,202640100000801250,경기도 시흥시,,경기도 시흥시 정왕동 1596-13,생활방범,4,200,360도,30,201712,031-310-6763,37.34268799,126.7443389,2026-01-20,I,2026-05-15 18:45:39,2026-03-09 15:20:04,
4010000,202640100000801251,경기도 시흥시,,경기도 시흥시 은행동 289-11,생활방범,4,200,360도,30,201712,031-310-6763,37.43143584,126.7944719,2026-01-20,I,2026-05-15 18:45:39,2026-03-09 15:20:04,
4010000,202640100000801252,경기도 시흥시,,경기도 시흥시 거모동 1726-9,생활방범,3,200,360도,30,201712,031-310-6763,37.34651255,126.7843518,2026-01-20,I,2026-05-15 18:45:39,2026-03-09 15:20:04,
4010000,202640100000801253,경기도 시흥시,,경기도 시흥시 신천동 781-9,생활방범,3,200,360도,30,201712,031-310-6763,37.43781176,126.7899239,2026-01-20,I,2026-05-15 18:45:39,2026-03-09 15:20:04,
4010000,202640100000801254,경기도 시흥시,,경기도 시흥시 계수동 482-5,생활방범,3,200,360도,30,201712,031-310-6763,37.44988699,126.8057776,2026-01-20,I,2026-05-15 18:45:39,2026-03-09 15:20:04,
4010000,202640100000801255,경기도 시흥시,,경기도 시흥시 신천동 587-18,생활방범,3,200,360도,30,201712,031-310-6763,37.4440794,126.7752114,2026-01-20,I,2026-05-15 18:45:39,2026-03-09 15:20:05,
4010000,202640100000801256,경기도 시흥시,,경기도 시흥시 신천동 586-72,생활방범,3,200,360도,30,201712,031-310-6763,37.43999939,126.775412,2026-01-20,I,2026-05-15 18:45:39,2026-03-09 15:20:05,
4010000,202640100000801257,경기도 시흥시,,경기도 시흥시 방산동 137-3,생활방범,3,200,360도,30,201712,031-310-6763,37.42570686,126.7783794,2026-01-20,I,2026-05-15 18:45:39,2026-03-09 15:20:05,
4010000,202640100000801258,경기도 시흥시,,경기도 시흥시 미산동 358-5,생활방범,4,200,360도,30,201712,031-310-6763,37.41925742,126.7955008,2026-01-20,I,2026-05-15 18:45:39,2026-03-09 15:20:05,
4010000,202640100000801259,경기도 시흥시,,경기도 시흥시 미산동 317-12,생활방범,3,200,360도,30,201712,031-310-6763,37.41792177,126.7932978,2026-01-20,I,2026-05-15 18:45:39,2026-03-09 15:20:05,
4010000,202640100000801260,경기도 시흥시,,경기도 시흥시 안현동 358-20,생활방범,3,200,360도,30,201712,031-310-6763,37.42923877,126.8119722,2026-01-20,I,2026-05-15 18:45:39,2026-03-09 15:20:05,
4010000,202640100000801261,경기도 시흥시,,경기도 시흥시 도창동 187-2,생활방범,3,200,360도,30,201712,031-310-6763,37.40284517,126.8229591,2026-01-20,I,2026-05-15 18:45:39,2026-03-09 15:20:05,
4010000,202640100000801262,경기도 시흥시,,경기도 시흥시 물왕동 23-2,생활방범,3,200,360도,30,201712,031-310-6763,37.3819866,126.841945,2026-01-20,I,2026-05-15 18:45:39,2026-03-09 15:20:05,
4010000,202640100000801263,경기도 시흥시,,경기도 시흥시 거모동 1045-8,생활방범,4,200,360도,30,201712,031-310-6763,37.3526526,126.7759775,2026-01-20,I,2026-05-15 18:45:39,2026-03-09 15:20:05,
4010000,202640100000801264,경기도 시흥시,,경기도 시흥시 군자동 480-6,생활방범,3,200,360도,30,201712,031-310-6763,37.36372204,126.7872611,2026-01-20,I,2026-05-15 18:45:39,2026-03-09 15:20:05,
4010000,202640100000801265,경기도 시흥시,,경기도 시흥시 무지내 420-7,생활방범,3,200,360도,30,201712,031-310-6763,37.41359239,126.8441248,2026-01-20,I,2026-05-15 18:45:39,2026-03-09 15:20:05,
4010000,202640100000801266,경기도 시흥시,,경기도 시흥시 무지내 221-3,생활방범,4,200,360도,30,201712,031-310-6763,37.42039133,126.8442232,2026-01-20,I,2026-05-15 18:45:39,2026-03-09 15:20:05,
4010000,202640100000801267,경기도 시흥시,,경기도 시흥시 하중동 348-2,생활방범,3,200,360도,30,201712,031-310-6763,37.39970314,126.7965956,2026-01-20,I,2026-05-15 18:45:39,2026-03-09 15:20:05,
4010000,202640100000801268,경기도 시흥시,,경기도 시흥시 월곶동 624-1,생활방범,4,200,360도,30,201712,031-310-6763,37.38588515,126.7516026,2026-01-20,I,2026-05-15 18:45:39,2026-03-09 15:20:05,
4010000,202640100000801269,경기도 시흥시,,경기도 시흥시 월곶동 595-2,생활방범,3,200,360도,30,201712,031-310-6763,37.38406112,126.753516,2026-01-20,I,2026-05-15 18:45:39,2026-03-09 15:20:05,
4010000,202640100000801270,경기도 시흥시,,경기도 시흥시 은행동 248-81,생활방범,3,200,360도,30,201712,031-310-6763,37.43492409,126.7972104,2026-01-20,I,2026-05-15 18:45:39,2026-03-09 15:20:05,
4010000,202640100000801271,경기도 시흥시,,경기도 시흥시 조남동 327-8,생활방범,4,200,360도,30,201712,031-310-6763,37.37418585,126.859138,2026-01-20,I,2026-05-15 18:45:39,2026-03-09 15:20:05,
4010000,202640100000801272,경기도 시흥시,,경기도 시흥시 정왕동 1879-5,생활방범,3,200,360도,30,201712,031-310-6763,37.36476447,126.7323763,2026-01-20,I,2026-05-15 18:45:39,2026-03-09 15:20:05,
4010000,202640100000801273,경기도 시흥시,,경기도 시흥시 과림동 745-2,생활방범,3,200,360도,30,201712,031-310-6763,37.42705289,126.8363902,2026-01-20,I,2026-05-15 18:45:39,2026-03-09 15:20:05,
4010000,202640100000801274,경기도 시흥시,,경기도 시흥시 무지내 165-1,생활방범,3,200,360도,30,201712,031-310-6763,37.42055178,126.8378869,2026-01-20,I,2026-05-15 18:45:39,2026-03-09 15:20:05,
4010000,202640100000801275,경기도 시흥시,,경기도 시흥시 과림동 66-1,생활방범,3,200,360도,30,201712,031-310-6763,37.45534378,126.8328546,2026-01-20,I,2026-05-15 18:45:39,2026-03-09 15:20:05,
4010000,202640100000801276,경기도 시흥시,,경기도 시흥시 하상동 238-7,생활방범,4,200,360도,30,201712,031-310-6763,37.39195934,126.8127356,2026-01-20,I,2026-05-15 18:45:39,2026-03-09 15:20:05,
4010000,202640100000801277,경기도 시흥시,,경기도 시흥시 월곶동 991-32,생활방범,3,200,360도,30,201712,031-310-6763,37.3923563,126.7423629,2026-01-20,I,2026-05-15 18:45:39,2026-03-09 15:20:05,
4010000,202640100000801278,경기도 시흥시,,경기도 시흥시 신천동 314-104,생활방범,3,200,360도,30,201712,031-310-6763,37.44305827,126.7819047,2026-01-20,I,2026-05-15 18:45:39,2026-03-09 15:20:05,
4010000,202640100000801279,경기도 시흥시,,경기도 시흥시 정왕동 2250-11,생활방범,5,200,360도,30,201712,031-310-6763,37.35834383,126.7529265,2026-01-20,I,2026-05-15 18:45:39,2026-03-09 15:20:05,
4010000,202640100000801280,경기도 시흥시,,경기도 시흥시 정왕동 1814-4,생활방범,4,200,360도,30,201712,031-310-6763,37.34924991,126.7436895,2026-01-20,I,2026-05-15 18:45:39,2026-03-09 15:20:05,
4010000,202640100000801281,경기도 시흥시,,경기도 시흥시 능곡동 825,생활방범,3,200,360도,30,201712,031-310-6763,37.3620403,126.8155165,2026-01-20,I,2026-05-15 18:45:39,2026-03-09 15:20:05,
4010000,202640100000801282,경기도 시흥시,,경기도 시흥시 거모동 1744-17,생활방범,3,200,360도,30,201712,031-310-6763,37.34384891,126.7833153,2026-01-20,I,2026-05-15 18:45:39,2026-03-09 15:20:05,
4010000,202640100000801283,경기도 시흥시,,경기도 시흥시 거모동 1636-4,생활방범,3,200,360도,30,201712,031-310-6763,37.34064629,126.786111,2026-01-20,I,2026-05-15 18:45:39,2026-03-09 15:20:05,
4010000,202640100000801284,경기도 시흥시,,경기도 시흥시 정왕동 1621-7,생활방범,4,200,360도,30,201712,031-310-6763,37.34500693,126.7405741,2026-01-20,I,2026-05-15 18:45:39,2026-03-09 15:20:05,
4010000,202640100000801285,경기도 시흥시,,경기도 시흥시 능곡동 588,생활방범,3,200,360도,30,201712,031-310-6763,37.37171472,126.8160676,2026-01-20,I,2026-05-15 18:45:39,2026-03-09 15:20:05,
4010000,202640100000801286,경기도 시흥시,,경기도 시흥시 하상동 산2,생활방범,4,200,360도,30,201712,031-310-6763,37.39496493,126.8106198,2026-01-20,I,2026-05-15 18:45:39,2026-03-09 15:20:05,
4010000,202640100000801287,경기도 시흥시,,경기도 시흥시 거모동 산 62-4,생활방범,4,200,360도,30,201712,031-310-6763,37.35884053,126.7777966,2026-01-20,I,2026-05-15 18:45:39,2026-03-09 15:20:05,
4010000,202640100000801288,경기도 시흥시,,경기도 시흥시 정왕동 924-13,생활방범,3,200,360도,30,201712,031-310-6763,37.34782791,126.693651,2026-01-20,I,2026-05-15 18:45:39,2026-03-09 15:20:05,
4010000,202640100000801289,경기도 시흥시,,경기도 시흥시 정왕동 924-13,생활방범,3,200,360도,30,201712,031-310-6763,37.34647849,126.6936626,2026-01-20,I,2026-05-15 18:45:39,2026-03-09 15:20:05,
4010000,202640100000801290,경기도 시흥시,,경기도 시흥시 정왕동 924-13,생활방범,3,200,360도,30,201712,031-310-6763,37.34544562,126.6941197,2026-01-20,I,2026-05-15 18:45:39,2026-03-09 15:20:05,
4010000,202640100000801291,경기도 시흥시,,경기도 시흥시 정왕동 924-13,생활방범,3,200,360도,30,201712,031-310-6763,37.34474889,126.6934037,2026-01-20,I,2026-05-15 18:45:39,2026-03-09 15:20:05,
4010000,202640100000801292,경기도 시흥시,,경기도 시흥시 정왕동 924-13,생활방범,3,200,360도,30,201712,031-310-6763,37.34495515,126.6944941,2026-01-20,I,2026-05-15 18:45:39,2026-03-09 15:20:05,
4010000,202640100000801293,경기도 시흥시,,경기도 시흥시 정왕동 924-13,생활방범,3,200,360도,30,201712,031-310-6763,37.3440168,126.695293,2026-01-20,I,2026-05-15 18:45:39,2026-03-09 15:20:05,
4010000,202640100000801294,경기도 시흥시,,경기도 시흥시 정왕동 924-13,생활방범,3,200,360도,30,201712,031-310-6763,37.34365075,126.6961058,2026-01-20,I,2026-05-15 18:45:39,2026-03-09 15:20:05,
4010000,202640100000801295,경기도 시흥시,,경기도 시흥시 정왕동 924-13,생활방범,3,200,360도,30,201712,031-310-6763,37.34267315,126.6957574,2026-01-20,I,2026-05-15 18:45:39,2026-03-09 15:20:05,
4010000,202640100000801296,경기도 시흥시,,경기도 시흥시 정왕동 924-13,생활방범,3,200,360도,30,201712,031-310-6763,37.3419427,126.6948697,2026-01-20,I,2026-05-15 18:45:39,2026-03-09 15:20:05,
4010000,202640100000801297,경기도 시흥시,,경기도 시흥시 정왕동 924-13,생활방범,3,200,360도,30,201712,031-310-6763,37.34165526,126.6941572,2026-01-20,I,2026-05-15 18:45:39,2026-03-09 15:20:05,
4010000,202640100000801298,경기도 시흥시,,경기도 시흥시 정왕동 924-13,생활방범,3,200,360도,30,201712,031-310-6763,37.34270243,126.6940509,2026-01-20,I,2026-05-15 18:45:39,2026-03-09 15:20:05,
4010000,202640100000801299,경기도 시흥시,,경기도 시흥시 정왕동 924-13,생활방범,3,200,360도,30,201712,031-310-6763,37.3431019,126.6935822,2026-01-20,I,2026-05-15 18:45:39,2026-03-09 15:20:05,
4010000,202640100000801300,경기도 시흥시,,경기도 시흥시 정왕동 924-13,생활방범,3,200,360도,30,201712,031-310-6763,37.34347667,126.6967218,2026-01-20,I,2026-05-15 18:45:39,2026-03-09 15:20:05,
4010000,202640100000801301,경기도 시흥시,,경기도 시흥시 정왕동 924-13,생활방범,3,200,360도,30,201712,031-310-6763,37.34209688,126.6960175,2026-01-20,I,2026-05-15 18:45:39,2026-03-09 15:20:05,
4010000,202640100000801302,경기도 시흥시,,경기도 시흥시 정왕동 924-13,생활방범,3,200,360도,30,201712,031-310-6763,37.34090488,126.6949913,2026-01-20,I,2026-05-15 18:45:39,2026-03-09 15:20:05,
4010000,202640100000801303,경기도 시흥시,,경기도 시흥시 정왕동 924-13,생활방범,3,200,360도,30,201712,031-310-6763,37.33971535,126.6958396,2026-01-20,I,2026-05-15 18:45:39,2026-03-09 15:20:05,
4010000,202640100000801304,경기도 시흥시,,경기도 시흥시 정왕동 1089-1,생활방범,3,200,360도,30,201812,031-310-6763,37.34729701,126.6935366,2026-01-20,I,2026-05-15 18:45:39,2026-03-09 15:20:05,
4010000,202640100000801305,경기도 시흥시,,경기도 시흥시 정왕동 1089-1,생활방범,3,200,360도,30,201812,031-310-6763,37.34705975,126.6932074,2026-01-20,I,2026-05-15 18:45:39,2026-03-09 15:20:05,
4010000,202640100000801306,경기도 시흥시,,경기도 시흥시 정왕동 2202-6,생활방범,2,200,360도,30,201812,031-310-6763,37.33425894,126.6880206,2026-01-20,I,2026-05-15 18:45:39,2026-03-09 15:20:05,
4010000,202640100000801307,경기도 시흥시,,경기도 시흥시 정왕동 2202-6,생활방범,4,200,360도,30,201812,031-310-6763,37.33471638,126.6896739,2026-01-20,I,2026-05-15 18:45:39,2026-03-09 15:20:05,
4010000,202640100000801308,경기도 시흥시,,경기도 시흥시 정왕동 2202-6,생활방범,3,200,360도,30,201812,031-310-6763,37.33498311,126.6904789,2026-01-20,I,2026-05-15 18:45:39,2026-03-09 15:20:05,
4010000,202640100000801309,경기도 시흥시,,경기도 시흥시 정왕동 2202-6,생활방범,3,200,360도,30,201812,031-310-6763,37.33531032,126.6907104,2026-01-20,I,2026-05-15 18:45:39,2026-03-09 15:20:05,
4010000,202640100000801310,경기도 시흥시,,경기도 시흥시 정왕동 2202-6,생활방범,3,200,360도,30,201812,031-310-6763,37.33583759,126.6907597,2026-01-20,I,2026-05-15 18:45:39,2026-03-09 15:20:05,
4010000,202640100000801311,경기도 시흥시,,경기도 시흥시 정왕동 2202-6,생활방범,3,200,360도,30,201812,031-310-6763,37.33455614,126.6913234,2026-01-20,I,2026-05-15 18:45:39,2026-03-09 15:20:06,
4010000,202640100000801312,경기도 시흥시,,경기도 시흥시 정왕동 2688-4,생활방범,3,200,360도,30,201712,031-310-6763,37.32842935,126.6753122,2026-01-20,I,2026-05-15 18:45:39,2026-03-09 15:20:06,
4010000,202640100000801313,경기도 시흥시,,경기도 시흥시 정왕동 2684,생활방범,3,200,360도,30,201712,031-310-6763,37.32955729,126.6782449,2026-01-20,I,2026-05-15 18:45:39,2026-03-09 15:20:06,
4010000,202640100000801314,경기도 시흥시,,경기도 시흥시 정왕동 2699,생활방범,4,200,360도,30,201712,031-310-6763,37.32784932,126.6770317,2026-01-20,I,2026-05-15 18:45:39,2026-03-09 15:20:06,
4010000,202640100000801315,경기도 시흥시,,경기도 시흥시 정왕동 2689-2,생활방범,3,200,360도,30,201712,031-310-6763,37.3270201,126.6738231,2026-01-20,I,2026-05-15 18:45:39,2026-03-09 15:20:06,
4010000,202640100000801316,경기도 시흥시,,경기도 시흥시 정왕동 2703-6,생활방범,4,200,360도,30,201712,031-310-6763,37.32527102,126.678303,2026-01-20,I,2026-05-15 18:45:39,2026-03-09 15:20:06,
4010000,202640100000801317,경기도 시흥시,,경기도 시흥시 정왕동 2722,생활방범,2,200,360도,30,201712,031-310-6763,37.32247426,126.6765751,2026-01-20,I,2026-05-15 18:45:39,2026-03-09 15:20:06,
4010000,202640100000801318,경기도 시흥시,,경기도 시흥시 정왕동 2726-6,생활방범,2,200,360도,30,201712,031-310-6763,37.32234497,126.6763727,2026-01-20,I,2026-05-15 18:45:39,2026-03-09 15:20:06,
4010000,202640100000801319,경기도 시흥시,,경기도 시흥시 정왕동 2682-4,생활방범,3,200,360도,30,201712,031-310-6763,37.33154499,126.6806804,2026-01-20,I,2026-05-15 18:45:39,2026-03-09 15:20:06,
4010000,202640100000801320,경기도 시흥시,,경기도 시흥시 정왕동 2684,생활방범,4,200,360도,30,201712,031-310-6763,37.33118477,126.678831,2026-01-20,I,2026-05-15 18:45:39,2026-03-09 15:20:06,
4010000,202640100000801321,경기도 시흥시,,경기도 시흥시 정왕동 2706-12,생활방범,3,200,360도,30,201712,031-310-6763,37.32492131,126.6755765,2026-01-20,I,2026-05-15 18:45:39,2026-03-09 15:20:06,
4010000,202640100000801322,경기도 시흥시,,경기도 시흥시 정왕동 SCT-011,생활방범,3,200,360도,30,201712,031-310-6763,37.32993342,126.6831777,2026-01-20,I,2026-05-15 18:45:39,2026-03-09 15:20:06,
4010000,202640100000801323,경기도 시흥시,,경기도 시흥시 정왕동 2684-1,생활방범,4,200,360도,30,201712,031-310-6763,37.32876287,126.680152,2026-01-20,I,2026-05-15 18:45:39,2026-03-09 15:20:06,
4010000,202640100000801324,경기도 시흥시,,경기도 시흥시 정왕동 2692,생활방범,3,200,360도,30,201712,031-310-6763,37.32876491,126.6850776,2026-01-20,I,2026-05-15 18:45:39,2026-03-09 15:20:06,
4010000,202640100000801325,경기도 시흥시,,경기도 시흥시 정왕동 2706-5,생활방범,2,200,360도,30,201712,031-310-6763,37.3264124,126.6761733,2026-01-20,I,2026-05-15 18:45:39,2026-03-09 15:20:06,
4010000,202640100000801326,경기도 시흥시,,경기도 시흥시 정왕동 2690(SCT-015),생활방범,4,200,360도,30,201712,031-310-6763,37.32695898,126.6831616,2026-01-20,I,2026-05-15 18:45:39,2026-03-09 15:20:06,
4010000,202640100000801327,경기도 시흥시,,경기도 시흥시 정왕동 2698-1,생활방범,3,200,360도,30,201712,031-310-6763,37.32472955,126.6810745,2026-01-20,I,2026-05-15 18:45:39,2026-03-09 15:20:06,
4010000,202640100000801328,경기도 시흥시,,경기도 시흥시 정왕동 2709-4,생활방범,4,200,360도,30,201712,031-310-6763,37.32622491,126.6843474,2026-01-20,I,2026-05-15 18:45:39,2026-03-09 15:20:06,
4010000,202640100000801329,경기도 시흥시,,경기도 시흥시 정왕동 2690,생활방범,4,200,360도,30,201712,031-310-6763,37.32260242,126.6837032,2026-01-20,I,2026-05-15 18:45:39,2026-03-09 15:20:06,
4010000,202640100000801330,경기도 시흥시,,경기도 시흥시 정왕동 2729,생활방범,3,200,360도,30,201712,031-310-6763,37.32147093,126.678185,2026-01-20,I,2026-05-15 18:45:39,2026-03-09 15:20:06,
4010000,202640100000801331,경기도 시흥시,,경기도 시흥시 정왕동 2724-1,생활방범,2,200,360도,30,201712,031-310-6763,37.32121573,126.6792713,2026-01-20,I,2026-05-15 18:45:39,2026-03-09 15:20:06,
4010000,202640100000801332,경기도 시흥시,,경기도 시흥시 정왕동 2727,생활방범,2,200,360도,30,201712,031-310-6763,37.32087079,126.6795414,2026-01-20,I,2026-05-15 18:45:39,2026-03-09 15:20:06,
4010000,202640100000801333,경기도 시흥시,,경기도 시흥시 정왕동 2731-4,생활방범,3,200,360도,30,201712,031-310-6763,37.32058184,126.6802441,2026-01-20,I,2026-05-15 18:45:39,2026-03-09 15:20:06,
4010000,202640100000801334,경기도 시흥시,,경기도 시흥시 정왕동 2692-2,생활방범,4,200,360도,30,201712,031-310-6763,37.32809632,126.6861521,2026-01-20,I,2026-05-15 18:45:39,2026-03-09 15:20:06,
4010000,202640100000801335,경기도 시흥시,,경기도 시흥시 정왕동 2713,생활방범,4,200,360도,30,201712,031-310-6763,37.3254135,126.6905106,2026-01-20,I,2026-05-15 18:45:39,2026-03-09 15:20:06,
4010000,202640100000801336,경기도 시흥시,,경기도 시흥시 정왕동 2712,생활방범,4,200,360도,30,201712,031-310-6763,37.32360304,126.685374,2026-01-20,I,2026-05-15 18:45:39,2026-03-09 15:20:06,
4010000,202640100000801337,경기도 시흥시,,경기도 시흥시 정왕동 2713-5,생활방범,4,200,360도,30,201712,031-310-6763,37.32221744,126.6873739,2026-01-20,I,2026-05-15 18:45:39,2026-03-09 15:20:06,
4010000,202640100000801338,경기도 시흥시,,경기도 시흥시 정왕동 2732-1,생활방범,3,200,360도,30,201712,031-310-6763,37.32194505,126.6912684,2026-01-20,I,2026-05-15 18:45:39,2026-03-09 15:20:06,
4010000,202640100000801339,경기도 시흥시,,경기도 시흥시 정왕동 2737-1,생활방범,2,200,360도,30,201712,031-310-6763,37.32105366,126.6931572,2026-01-20,I,2026-05-15 18:45:39,2026-03-09 15:20:06,
4010000,202640100000801340,경기도 시흥시,,경기도 시흥시 정왕동 2634,생활방범,4,200,360도,30,201712,031-310-6763,37.33168956,126.6894786,2026-01-20,I,2026-05-15 18:45:39,2026-03-09 15:20:06,
4010000,202640100000801341,경기도 시흥시,,경기도 시흥시 정왕동 2634,생활방범,3,200,360도,30,201712,031-310-6763,37.33027759,126.68832,2026-01-20,I,2026-05-15 18:45:39,2026-03-09 15:20:06,
4010000,202640100000801342,경기도 시흥시,,경기도 시흥시 정왕동 2644,생활방범,4,200,360도,30,201712,031-310-6763,37.32884189,126.694049,2026-01-20,I,2026-05-15 18:45:39,2026-03-09 15:20:06,
4010000,202640100000801343,경기도 시흥시,,경기도 시흥시 정왕동 2645-1,생활방범,4,200,360도,30,201712,031-310-6763,37.32745351,126.69267,2026-01-20,I,2026-05-15 18:45:39,2026-03-09 15:20:06,
4010000,202640100000801344,경기도 시흥시,,경기도 시흥시 정왕동 205-1045,생활방범,2,200,360도,30,201712,031-310-6763,37.32611989,126.6983994,2026-01-20,I,2026-05-15 18:45:39,2026-03-09 15:20:06,
4010000,202640100000801345,경기도 시흥시,,경기도 시흥시 정왕동 2598-2,생활방범,2,200,360도,30,201712,031-310-6763,37.32616336,126.6986171,2026-01-20,I,2026-05-15 18:45:39,2026-03-09 15:20:06,
4010000,202640100000801346,경기도 시흥시,,경기도 시흥시 정왕동 2605-3,생활방범,3,200,360도,30,201712,031-310-6763,37.32513538,126.7033686,2026-01-20,I,2026-05-15 18:45:39,2026-03-09 15:20:06,
4010000,202640100000801347,경기도 시흥시,,경기도 시흥시 정왕동 2606-3,생활방범,4,200,360도,30,201712,031-310-6763,37.32261996,126.7043274,2026-01-20,I,2026-05-15 18:45:39,2026-03-09 15:20:06,
4010000,202640100000801348,경기도 시흥시,,경기도 시흥시 정왕동 2650-4,생활방범,3,200,360도,30,201712,031-310-6763,37.32247044,126.7007782,2026-01-20,I,2026-05-15 18:45:39,2026-03-09 15:20:06,
4010000,202640100000801349,경기도 시흥시,,경기도 시흥시 정왕동 2609-6,생활방범,2,200,360도,30,201712,031-310-6763,37.32199578,126.7102321,2026-01-20,I,2026-05-15 18:45:39,2026-03-09 15:20:06,
4010000,202640100000801350,경기도 시흥시,,경기도 시흥시 정왕동 2611-2,생활방범,2,200,360도,30,201712,031-310-6763,37.32140221,126.7092761,2026-01-20,I,2026-05-15 18:45:39,2026-03-09 15:20:06,
4010000,202640100000801351,경기도 시흥시,,경기도 시흥시 정왕동 2657-5,생활방범,3,200,360도,30,201712,031-310-6763,37.31924892,126.7057875,2026-01-20,I,2026-05-15 18:45:39,2026-03-09 15:20:06,
4010000,202640100000801352,경기도 시흥시,,경기도 시흥시 정왕동 2657-4,생활방범,2,200,360도,30,201712,031-310-6763,37.31861968,126.7067989,2026-01-20,I,2026-05-15 18:45:39,2026-03-09 15:20:06,
4010000,202640100000801353,경기도 시흥시,,경기도 시흥시 정왕동 2746-4,생활방범,3,200,360도,30,201712,031-310-6763,37.32015353,126.6983443,2026-01-20,I,2026-05-15 18:45:39,2026-03-09 15:20:06,
4010000,202640100000801354,경기도 시흥시,,경기도 시흥시 정왕동 2746-4,생활방범,3,200,360도,30,201712,031-310-6763,37.32017265,126.6953262,2026-01-20,I,2026-05-15 18:45:39,2026-03-09 15:20:06,
4010000,202640100000801355,경기도 시흥시,,경기도 시흥시 정왕동 1770-12,생활방범,3,200,360도,30,201712,031-310-6763,37.3188971,126.6971103,2026-01-20,I,2026-05-15 18:45:39,2026-03-09 15:20:06,
4010000,202640100000801356,경기도 시흥시,,경기도 시흥시 정왕동 2761,생활방범,4,200,360도,30,201712,031-310-6763,37.31922639,126.6981627,2026-01-20,I,2026-05-15 18:45:39,2026-03-09 15:20:06,
4010000,202640100000801357,경기도 시흥시,,경기도 시흥시 정왕동 2801-5,생활방범,3,200,360도,30,201712,031-310-6763,37.31900031,126.6938888,2026-01-20,I,2026-05-15 18:45:39,2026-03-09 15:20:06,
4010000,202640100000801358,경기도 시흥시,,경기도 시흥시 정왕동 2810,생활방범,3,200,360도,30,201712,031-310-6763,37.31816744,126.6965053,2026-01-20,I,2026-05-15 18:45:39,2026-03-09 15:20:06,
4010000,202640100000801359,경기도 시흥시,,경기도 시흥시 정왕동 2804-5,생활방범,3,200,360도,30,201712,031-310-6763,37.31781672,126.6973276,2026-01-20,I,2026-05-15 18:45:39,2026-03-09 15:20:06,
4010000,202640100000801360,경기도 시흥시,,경기도 시흥시 정왕동 2732,생활방범,2,200,360도,30,201712,031-310-6763,37.32185419,126.6879737,2026-01-20,I,2026-05-15 18:45:39,2026-03-09 15:20:06,
4010000,202640100000801361,경기도 시흥시,,경기도 시흥시 정왕동 2810,생활방범,3,200,360도,30,201712,031-310-6763,37.31767296,126.6960295,2026-01-20,I,2026-05-15 18:45:39,2026-03-09 15:20:06,
4010000,202640100000801362,경기도 시흥시,,경기도 시흥시 정왕동 2814-1,생활방범,3,200,360도,30,201712,031-310-6763,37.31698048,126.6983844,2026-01-20,I,2026-05-15 18:45:39,2026-03-09 15:20:06,
4010000,202640100000801363,경기도 시흥시,,경기도 시흥시 정왕동 2732,생활방범,2,200,360도,30,201712,031-310-6763,37.32142377,126.6886545,2026-01-20,I,2026-05-15 18:45:39,2026-03-09 15:20:06,
4010000,202640100000801364,경기도 시흥시,,경기도 시흥시 정왕동 2766-1,생활방범,3,200,360도,30,201712,031-310-6763,37.31883408,126.70021,2026-01-20,I,2026-05-15 18:45:39,2026-03-09 15:20:06,
4010000,202640100000801365,경기도 시흥시,,경기도 시흥시 정왕동 2713,생활방범,4,200,360도,30,201712,031-310-6763,37.32354504,126.6886889,2026-01-20,I,2026-05-15 18:45:39,2026-03-09 15:20:06,
4010000,202640100000801366,경기도 시흥시,,경기도 시흥시 정왕동 2795,생활방범,4,200,360도,30,201712,031-310-6763,37.31715319,126.6993373,2026-01-20,I,2026-05-15 18:45:39,2026-03-09 15:20:06,
4010000,202640100000801367,경기도 시흥시,,경기도 시흥시 정왕동 2775-6,생활방범,3,200,360도,30,201712,031-310-6763,37.31732081,126.7028726,2026-01-20,I,2026-05-15 18:45:39,2026-03-09 15:20:06,
4010000,202640100000801368,경기도 시흥시,,경기도 시흥시 정왕동 2778,생활방범,3,200,360도,30,201712,031-310-6763,37.31836632,126.7009368,2026-01-20,I,2026-05-15 18:45:39,2026-03-09 15:20:07,
4010000,202640100000801369,경기도 시흥시,,경기도 시흥시 정왕동 2796-7,생활방범,3,200,360도,30,201712,031-310-6763,37.31607173,126.7016776,2026-01-20,I,2026-05-15 18:45:39,2026-03-09 15:20:07,
4010000,202640100000801370,경기도 시흥시,,경기도 시흥시 정왕동 2787,생활방범,4,200,360도,30,201712,031-310-6763,37.31665744,126.702326,2026-01-20,I,2026-05-15 18:45:39,2026-03-09 15:20:07,
4010000,202640100000801371,경기도 시흥시,,경기도 시흥시 정왕동 2794-2,생활방범,3,200,360도,30,201712,031-310-6763,37.31625582,126.7042743,2026-01-20,I,2026-05-15 18:45:39,2026-03-09 15:20:07,
4010000,202640100000801372,경기도 시흥시,,경기도 시흥시 정왕동 2793-3,생활방범,3,200,360도,30,201712,031-310-6763,37.31523666,126.7033046,2026-01-20,I,2026-05-15 18:45:39,2026-03-09 15:20:07,
4010000,202640100000801373,경기도 시흥시,,경기도 시흥시 정왕동 2794-5,생활방범,3,200,360도,30,201712,031-310-6763,37.31569126,126.7039625,2026-01-20,I,2026-05-15 18:45:39,2026-03-09 15:20:07,
4010000,202640100000801374,경기도 시흥시,,경기도 시흥시 정왕동 2616,생활방범,2,200,360도,30,201712,031-310-6763,37.32129189,126.7116406,2026-01-20,I,2026-05-15 18:45:39,2026-03-09 15:20:07,
4010000,202640100000801375,경기도 시흥시,,경기도 시흥시 정왕동 2662,생활방범,4,200,360도,30,201712,031-310-6763,37.31915989,126.7095789,2026-01-20,I,2026-05-15 18:45:39,2026-03-09 15:20:07,
4010000,202640100000801376,경기도 시흥시,,경기도 시흥시 정왕동 2663,생활방범,3,200,360도,30,201712,031-310-6763,37.31781818,126.7082591,2026-01-20,I,2026-05-15 18:45:39,2026-03-09 15:20:07,
4010000,202640100000801377,경기도 시흥시,,경기도 시흥시 정왕동 2655-5,생활방범,3,200,360도,30,201712,031-310-6763,37.31470314,126.7099117,2026-01-20,I,2026-05-15 18:45:39,2026-03-09 15:20:07,
4010000,202640100000801378,경기도 시흥시,,경기도 시흥시 정왕동 2664,생활방범,4,200,360도,30,201712,031-310-6763,37.31732999,126.7125097,2026-01-20,I,2026-05-15 18:45:39,2026-03-09 15:20:07,
4010000,202640100000801379,경기도 시흥시,,경기도 시흥시 정왕동 2620-5,생활방범,4,200,360도,30,201712,031-310-6763,37.31711189,126.7164476,2026-01-20,I,2026-05-15 18:45:39,2026-03-09 15:20:07,
4010000,202640100000801380,경기도 시흥시,,경기도 시흥시 정왕동 2664-2,생활방범,4,200,360도,30,201712,031-310-6763,37.3143749,126.713809,2026-01-20,I,2026-05-15 18:45:39,2026-03-09 15:20:07,
4010000,202640100000801381,경기도 시흥시,,경기도 시흥시 정왕동 2827,생활방범,3,200,360도,30,201712,031-310-6763,37.31135009,126.7109916,2026-01-20,I,2026-05-15 18:45:39,2026-03-09 15:20:07,
4010000,202640100000801382,경기도 시흥시,,경기도 시흥시 정왕동 2759,생활방범,3,200,360도,30,201712,031-310-6763,37.3193149,126.6978852,2026-01-20,I,2026-05-15 18:45:39,2026-03-09 15:20:07,
4010000,202640100000801383,경기도 시흥시,,경기도 시흥시 정왕동 2647,생활방범,3,200,360도,30,201712,031-310-6763,37.32489401,126.6971053,2026-01-20,I,2026-05-15 18:45:39,2026-03-09 15:20:07,
4010000,202640100000801384,경기도 시흥시,,경기도 시흥시 정왕동 2598-3,생활방범,3,200,360도,30,201712,031-310-6763,37.32645944,126.6991315,2026-01-20,I,2026-05-15 18:45:39,2026-03-09 15:20:07,
4010000,202640100000801385,경기도 시흥시,,경기도 시흥시 정왕동 2606-3,생활방범,3,200,360도,30,201712,031-310-6763,37.32319528,126.7045077,2026-01-20,I,2026-05-15 18:45:39,2026-03-09 15:20:07,
4010000,202640100000801386,경기도 시흥시,,경기도 시흥시 정왕동 2609-6,생활방범,3,200,360도,30,201712,031-310-6763,37.32091825,126.7094643,2026-01-20,I,2026-05-15 18:45:39,2026-03-09 15:20:07,
4010000,202640100000801387,경기도 시흥시,,경기도 시흥시 정왕동 2659,생활방범,3,200,360도,30,201712,031-310-6763,37.31748687,126.7056864,2026-01-20,I,2026-05-15 18:45:39,2026-03-09 15:20:07,
4010000,202640100000801388,경기도 시흥시,,경기도 시흥시 정왕동 2795,생활방범,3,200,360도,30,201712,031-310-6763,37.31756373,126.700492,2026-01-20,I,2026-05-15 18:45:39,2026-03-09 15:20:07,
4010000,202640100000801389,경기도 시흥시,,경기도 시흥시 정왕동 2798,생활방범,3,200,360도,30,201712,031-310-6763,37.31604399,126.7047826,2026-01-20,I,2026-05-15 18:45:39,2026-03-09 15:20:07,
4010000,202640100000801390,경기도 시흥시,,경기도 시흥시 정왕동 2810,생활방범,3,200,360도,30,201712,031-310-6763,37.31804063,126.696663,2026-01-20,I,2026-05-15 18:45:39,2026-03-09 15:20:07,
4010000,202640100000801391,경기도 시흥시,,경기도 시흥시 정왕동 2788,생활방범,3,200,360도,30,201712,031-310-6763,37.31675429,126.7034282,2026-01-20,I,2026-05-15 18:45:39,2026-03-09 15:20:07,
4010000,202640100000801392,경기도 시흥시,,경기도 시흥시 신천동 193,생활방범,3,200,360도,30,201812,031-310-6763,37.43521907,126.7848092,2026-01-20,I,2026-05-15 18:45:39,2026-03-09 15:20:07,
4010000,202640100000801393,경기도 시흥시,,경기도 시흥시 신천동 705-36,생활방범,3,200,360도,30,201712,031-310-6763,37.44290515,126.7836607,2026-01-20,I,2026-05-15 18:45:39,2026-03-09 15:20:07,
4010000,202640100000801394,경기도 시흥시,,경기도 시흥시 신천동 193,생활방범,4,200,360도,30,201812,031-310-6763,37.43531395,126.7843984,2026-01-20,I,2026-05-15 18:45:39,2026-03-09 15:20:07,
4010000,202640100000801395,경기도 시흥시,,경기도 시흥시 신천동 193,생활방범,4,200,360도,30,201812,031-310-6763,37.43568879,126.7848488,2026-01-20,I,2026-05-15 18:45:39,2026-03-09 15:20:07,
4010000,202640100000801396,경기도 시흥시,,경기도 시흥시 신천동 193,생활방범,5,200,360도,30,201812,031-310-6763,37.43620482,126.7855032,2026-01-20,I,2026-05-15 18:45:39,2026-03-09 15:20:07,
4010000,202640100000801397,경기도 시흥시,,경기도 시흥시 신천동 193,생활방범,3,200,360도,30,201812,031-310-6763,37.43547849,126.7855593,2026-01-20,I,2026-05-15 18:45:39,2026-03-09 15:20:07,
4010000,202640100000801398,경기도 시흥시,,경기도 시흥시 배곧동 200-2,생활방범,5,200,360도,30,201712,031-310-6763,37.36823569,126.7296345,2026-01-20,I,2026-05-15 18:45:39,2026-03-09 15:20:07,
4010000,202640100000801399,경기도 시흥시,,경기도 시흥시 배곧동 1,생활방범,4,200,360도,30,201712,031-310-6763,37.38547006,126.7319243,2026-01-20,I,2026-05-15 18:45:39,2026-03-09 15:20:07,
4010000,202640100000801400,경기도 시흥시,,경기도 시흥시 배곧동 7,생활방범,4,200,360도,30,201712,031-310-6763,37.38485908,126.7349797,2026-01-20,I,2026-05-15 18:45:39,2026-03-09 15:20:07,
4010000,202640100000801401,경기도 시흥시,,경기도 시흥시 배곧동 20-3,생활방범,4,200,360도,30,201712,031-310-6763,37.38256041,126.7419684,2026-01-20,I,2026-05-15 18:45:39,2026-03-09 15:20:07,
4010000,202640100000801402,경기도 시흥시,,경기도 시흥시 배곧동 14,생활방범,4,200,360도,30,201712,031-310-6763,37.38164497,126.7272069,2026-01-20,I,2026-05-15 18:45:39,2026-03-09 15:20:07,
4010000,202640100000801403,경기도 시흥시,,경기도 시흥시 배곧동 221,생활방범,5,200,360도,30,201712,031-310-6763,37.36695766,126.7251048,2026-01-20,I,2026-05-15 18:45:39,2026-03-09 15:20:07,
4010000,202640100000801404,경기도 시흥시,,경기도 시흥시 배곧동 255,생활방범,4,200,360도,30,201712,031-310-6763,37.3652677,126.7275302,2026-01-20,I,2026-05-15 18:45:39,2026-03-09 15:20:07,
4010000,202640100000801405,경기도 시흥시,,경기도 시흥시 배곧동 1,생활방범,6,200,360도,30,201712,031-310-6763,37.38460035,126.7290136,2026-01-20,I,2026-05-15 18:45:39,2026-03-09 15:20:07,
4010000,202640100000801406,경기도 시흥시,,경기도 시흥시 배곧동 117,생활방범,4,200,360도,30,201712,031-310-6763,37.37896353,126.7251264,2026-01-20,I,2026-05-15 18:45:39,2026-03-09 15:20:07,
4010000,202640100000801407,경기도 시흥시,,경기도 시흥시 배곧동 42,생활방범,4,200,360도,30,201712,031-310-6763,37.37333842,126.7185741,2026-01-20,I,2026-05-15 18:45:39,2026-03-09 15:20:07,
4010000,202640100000801408,경기도 시흥시,,경기도 시흥시 배곧동 42,생활방범,5,200,360도,30,201712,031-310-6763,37.37039903,126.715609,2026-01-20,I,2026-05-15 18:45:39,2026-03-09 15:20:07,
4010000,202640100000801409,경기도 시흥시,,경기도 시흥시 배곧동 5,생활방범,3,200,360도,30,201712,031-310-6763,37.38346973,126.7304907,2026-01-20,I,2026-05-15 18:45:39,2026-03-09 15:20:07,
4010000,202640100000801410,경기도 시흥시,,경기도 시흥시 배곧동 55,생활방범,3,200,360도,30,201712,031-310-6763,37.37308514,126.7375314,2026-01-20,I,2026-05-15 18:45:39,2026-03-09 15:20:07,
4010000,202640100000801411,경기도 시흥시,,경기도 시흥시 배곧동 189,생활방범,5,200,360도,30,201712,031-310-6763,37.36829593,126.7230914,2026-01-20,I,2026-05-15 18:45:39,2026-03-09 15:20:07,
4010000,202640100000801412,경기도 시흥시,,경기도 시흥시 배곧동 1,생활방범,4,200,360도,30,201712,031-310-6763,37.38422033,126.7380559,2026-01-20,I,2026-05-15 18:45:39,2026-03-09 15:20:07,
4010000,202640100000801413,경기도 시흥시,,경기도 시흥시 배곧동 163,생활방범,5,200,360도,30,201712,031-310-6763,37.37257239,126.7336271,2026-01-20,I,2026-05-15 18:45:39,2026-03-09 15:20:07,
4010000,202640100000801414,경기도 시흥시,,경기도 시흥시 배곧동 187,생활방범,4,200,360도,30,201712,031-310-6763,37.37507285,126.7220997,2026-01-20,I,2026-05-15 18:45:39,2026-03-09 15:20:07,
4010000,202640100000801415,경기도 시흥시,,경기도 시흥시 배곧동 187,생활방범,4,200,360도,30,201712,031-310-6763,37.37248507,126.7198202,2026-01-20,I,2026-05-15 18:45:39,2026-03-09 15:20:07,
4010000,202640100000801416,경기도 시흥시,,경기도 시흥시 배곧동 187,생활방범,4,200,360도,30,201712,031-310-6763,37.37109171,126.7182141,2026-01-20,I,2026-05-15 18:45:39,2026-03-09 15:20:07,
4010000,202640100000801417,경기도 시흥시,,경기도 시흥시 배곧동 187,생활방범,3,200,360도,30,201712,031-310-6763,37.37020631,126.720828,2026-01-20,I,2026-05-15 18:45:39,2026-03-09 15:20:07,
4010000,202640100000801418,경기도 시흥시,,경기도 시흥시 배곧동 9,생활방범,4,200,360도,30,201712,031-310-6763,37.38355853,126.7339498,2026-01-20,I,2026-05-15 18:45:39,2026-03-09 15:20:07,
4010000,202640100000801419,경기도 시흥시,,경기도 시흥시 배곧동 13,생활방범,4,200,360도,30,201712,031-310-6763,37.38300536,126.7311548,2026-01-20,I,2026-05-15 18:45:39,2026-03-09 15:20:07,
4010000,202640100000801420,경기도 시흥시,,경기도 시흥시 배곧동 163,생활방범,4,200,360도,30,201712,031-310-6763,37.37318311,126.7326681,2026-01-20,I,2026-05-15 18:45:39,2026-03-09 15:20:07,
4010000,202640100000801421,경기도 시흥시,,경기도 시흥시 배곧동 172,생활방범,4,200,360도,30,201712,031-310-6763,37.37122199,126.735889,2026-01-20,I,2026-05-15 18:45:39,2026-03-09 15:20:07,
4010000,202640100000801422,경기도 시흥시,,경기도 시흥시 배곧동 189,생활방범,3,200,360도,30,201712,031-310-6763,37.36920013,126.7209646,2026-01-20,I,2026-05-15 18:45:39,2026-03-09 15:20:07,
4010000,202640100000801423,경기도 시흥시,,경기도 시흥시 배곧동 202,생활방범,4,200,360도,30,201712,031-310-6763,37.36900084,126.7322951,2026-01-20,I,2026-05-15 18:45:39,2026-03-09 15:20:07,
4010000,202640100000801424,경기도 시흥시,,경기도 시흥시 배곧동 18-9,생활방범,4,200,360도,30,201712,031-310-6763,37.38294192,126.7366076,2026-01-20,I,2026-05-15 18:45:39,2026-03-09 15:20:07,
4010000,202640100000801425,경기도 시흥시,,경기도 시흥시 배곧동 7,생활방범,5,200,360도,30,201712,031-310-6763,37.38256053,126.7345403,2026-01-20,I,2026-05-15 18:45:39,2026-03-09 15:20:07,
4010000,202640100000801426,경기도 시흥시,,경기도 시흥시 배곧동 18-7,생활방범,3,200,360도,30,201712,031-310-6763,37.38222233,126.735699,2026-01-20,I,2026-05-15 18:45:39,2026-03-09 15:20:07,
4010000,202640100000801427,경기도 시흥시,,경기도 시흥시 배곧동 14,생활방범,4,200,360도,30,201712,031-310-6763,37.3819336,126.7311796,2026-01-20,I,2026-05-15 18:45:39,2026-03-09 15:20:07,
4010000,202640100000801428,경기도 시흥시,,경기도 시흥시 배곧동 129,생활방범,3,200,360도,30,201712,031-310-6763,37.3771263,126.7254537,2026-01-20,I,2026-05-15 18:45:39,2026-03-09 15:20:07,
4010000,202640100000801429,경기도 시흥시,,경기도 시흥시 배곧동 135,생활방범,3,200,360도,30,201712,031-310-6763,37.37659896,126.723315,2026-01-20,I,2026-05-15 18:45:39,2026-03-09 15:20:07,
4010000,202640100000801430,경기도 시흥시,,경기도 시흥시 배곧동 133,생활방범,3,200,360도,30,201712,031-310-6763,37.37779494,126.7245473,2026-01-20,I,2026-05-15 18:45:39,2026-03-09 15:20:07,
4010000,202640100000801431,경기도 시흥시,,경기도 시흥시 배곧동 42,생활방범,3,200,360도,30,201712,031-310-6763,37.37641336,126.722108,2026-01-20,I,2026-05-15 18:45:39,2026-03-09 15:20:07,
4010000,202640100000801432,경기도 시흥시,,경기도 시흥시 배곧동 177,생활방범,5,200,360도,30,201712,031-310-6763,37.36849752,126.7336154,2026-01-20,I,2026-05-15 18:45:39,2026-03-09 15:20:07,
4010000,202640100000801433,경기도 시흥시,,경기도 시흥시 배곧동 187,생활방범,4,200,360도,30,201712,031-310-6763,37.37204581,126.7216255,2026-01-20,I,2026-05-15 18:45:39,2026-03-09 15:20:08,
4010000,202640100000801434,경기도 시흥시,,경기도 시흥시 배곧동 187,생활방범,5,200,360도,30,201712,031-310-6763,37.37124464,126.7218059,2026-01-20,I,2026-05-15 18:45:39,2026-03-09 15:20:08,
4010000,202640100000801435,경기도 시흥시,,경기도 시흥시 배곧동 187,생활방범,3,200,360도,30,201712,031-310-6763,37.37117696,126.719896,2026-01-20,I,2026-05-15 18:45:39,2026-03-09 15:20:08,
4010000,202640100000801436,경기도 시흥시,,경기도 시흥시 배곧동 226-3,생활방범,4,200,360도,30,201712,031-310-6763,37.36679856,126.7266374,2026-01-20,I,2026-05-15 18:45:39,2026-03-09 15:20:08,
4010000,202640100000801437,경기도 시흥시,,경기도 시흥시 배곧동 97-1,생활방범,4,200,360도,30,201712,031-310-6763,37.37979107,126.7260601,2026-01-20,I,2026-05-15 18:45:39,2026-03-09 15:20:08,
4010000,202640100000801438,경기도 시흥시,,경기도 시흥시 배곧동 93-1,생활방범,4,200,360도,30,201712,031-310-6763,37.37941995,126.7286413,2026-01-20,I,2026-05-15 18:45:39,2026-03-09 15:20:08,
4010000,202640100000801439,경기도 시흥시,,경기도 시흥시 배곧동 78-24,생활방범,4,200,360도,30,201712,031-310-6763,37.37754594,126.7316186,2026-01-20,I,2026-05-15 18:45:39,2026-03-09 15:20:08,
4010000,202640100000801440,경기도 시흥시,,경기도 시흥시 배곧동 58,생활방범,4,200,360도,30,201712,031-310-6763,37.37681626,126.7338053,2026-01-20,I,2026-05-15 18:45:39,2026-03-09 15:20:08,
4010000,202640100000801441,경기도 시흥시,,경기도 시흥시 배곧동 56,생활방범,4,200,360도,30,201712,031-310-6763,37.37584997,126.7372263,2026-01-20,I,2026-05-15 18:45:39,2026-03-09 15:20:08,
4010000,202640100000801442,경기도 시흥시,,경기도 시흥시 배곧동 100-10,생활방범,4,200,360도,30,201712,031-310-6763,37.37884896,126.7258716,2026-01-20,I,2026-05-15 18:45:39,2026-03-09 15:20:08,
4010000,202640100000801443,경기도 시흥시,,경기도 시흥시 배곧동 174,생활방범,3,200,360도,30,201712,031-310-6763,37.37155778,126.7329938,2026-01-20,I,2026-05-15 18:45:39,2026-03-09 15:20:08,
4010000,202640100000801444,경기도 시흥시,,경기도 시흥시 배곧동 155,생활방범,3,200,360도,30,201712,031-310-6763,37.37057078,126.7317576,2026-01-20,I,2026-05-15 18:45:39,2026-03-09 15:20:08,
4010000,202640100000801445,경기도 시흥시,,경기도 시흥시 배곧동 94,생활방범,4,200,360도,30,201712,031-310-6763,37.37934993,126.7276253,2026-01-20,I,2026-05-15 18:45:39,2026-03-09 15:20:08,
4010000,202640100000801446,경기도 시흥시,,경기도 시흥시 배곧동 86,생활방범,4,200,360도,30,201712,031-310-6763,37.37825805,126.7297827,2026-01-20,I,2026-05-15 18:45:39,2026-03-09 15:20:08,
4010000,202640100000801447,경기도 시흥시,,경기도 시흥시 배곧동 187,생활방범,4,200,360도,30,201712,031-310-6763,37.37028576,126.7247467,2026-01-20,I,2026-05-15 18:45:39,2026-03-09 15:20:08,
4010000,202640100000801448,경기도 시흥시,,경기도 시흥시 배곧동 198-1,생활방범,5,200,360도,30,201712,031-310-6763,37.36972567,126.7295874,2026-01-20,I,2026-05-15 18:45:39,2026-03-09 15:20:08,
4010000,202640100000801449,경기도 시흥시,,경기도 시흥시 배곧동 62,생활방범,3,200,360도,30,201712,031-310-6763,37.37560351,126.7351335,2026-01-20,I,2026-05-15 18:45:39,2026-03-09 15:20:08,
4010000,202640100000801450,경기도 시흥시,,경기도 시흥시 배곧동 112-5,생활방범,4,200,360도,30,201712,031-310-6763,37.3764303,126.7298512,2026-01-20,I,2026-05-15 18:45:39,2026-03-09 15:20:08,
4010000,202640100000801451,경기도 시흥시,,경기도 시흥시 배곧동 58,생활방범,5,200,360도,30,201712,031-310-6763,37.37592565,126.7306916,2026-01-20,I,2026-05-15 18:45:39,2026-03-09 15:20:08,
4010000,202640100000801452,경기도 시흥시,,경기도 시흥시 배곧동 58,생활방범,4,200,360도,30,201712,031-310-6763,37.37520599,126.7327477,2026-01-20,I,2026-05-15 18:45:39,2026-03-09 15:20:08,
4010000,202640100000801453,경기도 시흥시,,경기도 시흥시 배곧동 66,생활방범,5,200,360도,30,201712,031-310-6763,37.37454832,126.7340528,2026-01-20,I,2026-05-15 18:45:39,2026-03-09 15:20:08,
4010000,202640100000801454,경기도 시흥시,,경기도 시흥시 배곧동 125,생활방범,3,200,360도,30,201712,031-310-6763,37.37694422,126.727531,2026-01-20,I,2026-05-15 18:45:39,2026-03-09 15:20:08,
4010000,202640100000801455,경기도 시흥시,,경기도 시흥시 배곧동 191,생활방범,4,200,360도,30,201712,031-310-6763,37.3705241,126.7257698,2026-01-20,I,2026-05-15 18:45:39,2026-03-09 15:20:08,
4010000,202640100000801456,경기도 시흥시,,경기도 시흥시 배곧동 111-7,생활방범,4,200,360도,30,201712,031-310-6763,37.37670754,126.730063,2026-01-20,I,2026-05-15 18:45:39,2026-03-09 15:20:08,
4010000,202640100000801457,경기도 시흥시,,경기도 시흥시 배곧동 115,생활방범,4,200,360도,30,201712,031-310-6763,37.37638266,126.7306895,2026-01-20,I,2026-05-15 18:45:39,2026-03-09 15:20:08,
4010000,202640100000801458,경기도 시흥시,,경기도 시흥시 배곧동 134,생활방범,5,200,360도,30,201712,031-310-6763,37.37642486,126.7276087,2026-01-20,I,2026-05-15 18:45:39,2026-03-09 15:20:08,
4010000,202640100000801459,경기도 시흥시,,경기도 시흥시 배곧동 144,생활방범,4,200,360도,30,201712,031-310-6763,37.37661666,126.7291825,2026-01-20,I,2026-05-15 18:45:39,2026-03-09 15:20:08,
4010000,202640100000801460,경기도 시흥시,,경기도 시흥시 배곧동 64,생활방범,3,200,360도,30,201712,031-310-6763,37.3742246,126.7352859,2026-01-20,I,2026-05-15 18:45:39,2026-03-09 15:20:08,
4010000,202640100000801461,경기도 시흥시,,경기도 시흥시 배곧동 140,생활방범,3,200,360도,30,201712,031-310-6763,37.37614696,126.7284117,2026-01-20,I,2026-05-15 18:45:39,2026-03-09 15:20:08,
4010000,202640100000801462,경기도 시흥시,,경기도 시흥시 배곧동 139,생활방범,3,200,360도,30,201712,031-310-6763,37.37562091,126.7263946,2026-01-20,I,2026-05-15 18:45:39,2026-03-09 15:20:08,
4010000,202640100000801463,경기도 시흥시,,경기도 시흥시 배곧동 135,생활방범,3,200,360도,30,201712,031-310-6763,37.37453976,126.725111,2026-01-20,I,2026-05-15 18:45:39,2026-03-09 15:20:08,
4010000,202640100000801464,경기도 시흥시,,경기도 시흥시 배곧동 188,생활방범,5,200,360도,30,201712,031-310-6763,37.37217066,126.7267818,2026-01-20,I,2026-05-15 18:45:39,2026-03-09 15:20:08,
4010000,202640100000801465,경기도 시흥시,,경기도 시흥시 배곧동 155,생활방범,5,200,360도,30,201712,031-310-6763,37.37115786,126.7291594,2026-01-20,I,2026-05-15 18:45:39,2026-03-09 15:20:08,
4010000,202640100000801466,경기도 시흥시,,경기도 시흥시 배곧동 148,생활방범,3,200,360도,30,201712,031-310-6763,37.37463615,126.7319767,2026-01-20,I,2026-05-15 18:45:39,2026-03-09 15:20:08,
4010000,202640100000801467,경기도 시흥시,,경기도 시흥시 배곧동 172,생활방범,4,200,360도,30,201712,031-310-6763,37.37100034,126.7361633,2026-01-20,I,2026-05-15 18:45:39,2026-03-09 15:20:08,
4010000,202640100000801468,경기도 시흥시,,경기도 시흥시 배곧동 139,생활방범,4,200,360도,30,201712,031-310-6763,37.37420138,126.7286181,2026-01-20,I,2026-05-15 18:45:39,2026-03-09 15:20:08,
4010000,202640100000801469,경기도 시흥시,,경기도 시흥시 배곧동 187,생활방범,4,200,360도,30,201712,031-310-6763,37.37347722,126.7244706,2026-01-20,I,2026-05-15 18:45:39,2026-03-09 15:20:08,
4010000,202640100000801470,경기도 시흥시,,경기도 시흥시 배곧동 139,생활방범,3,200,360도,30,201712,031-310-6763,37.37271353,126.7272316,2026-01-20,I,2026-05-15 18:45:39,2026-03-09 15:20:08,
4010000,202640100000801471,경기도 시흥시,,경기도 시흥시 배곧동 187,생활방범,3,200,360도,30,201712,031-310-6763,37.37268186,126.7235407,2026-01-20,I,2026-05-15 18:45:39,2026-03-09 15:20:08,
4010000,202640100000801472,경기도 시흥시,,경기도 시흥시 배곧동 187,생활방범,3,200,360도,30,201712,031-310-6763,37.37241511,126.7246678,2026-01-20,I,2026-05-15 18:45:39,2026-03-09 15:20:08,
4010000,202640100000801473,경기도 시흥시,,경기도 시흥시 배곧동 148,생활방범,3,200,360도,30,201712,031-310-6763,37.37532714,126.7313973,2026-01-20,I,2026-05-15 18:45:39,2026-03-09 15:20:08,
4010000,202640100000801474,경기도 시흥시,,경기도 시흥시 배곧동 139,생활방범,5,200,360도,30,201712,031-310-6763,37.37508266,126.7289354,2026-01-20,I,2026-05-15 18:45:39,2026-03-09 15:20:08,
4010000,202640100000801475,경기도 시흥시,,경기도 시흥시 배곧동 148,생활방범,3,200,360도,30,201712,031-310-6763,37.37442458,126.7304508,2026-01-20,I,2026-05-15 18:45:39,2026-03-09 15:20:08,
4010000,202640100000801476,경기도 시흥시,,경기도 시흥시 배곧동 167,생활방범,5,200,360도,30,201712,031-310-6763,37.37335355,126.7346718,2026-01-20,I,2026-05-15 18:45:39,2026-03-09 15:20:08,
4010000,202640100000801477,경기도 시흥시,,경기도 시흥시 배곧동 170,생활방범,4,200,360도,30,201712,031-310-6763,37.37251991,126.7360697,2026-01-20,I,2026-05-15 18:45:39,2026-03-09 15:20:08,
4010000,202640100000801478,경기도 시흥시,,경기도 시흥시 배곧동 303,생활방범,4,200,360도,30,201712,031-310-6763,37.35470002,126.7072017,2026-01-20,I,2026-05-15 18:45:39,2026-03-09 15:20:08,
4010000,202640100000801479,경기도 시흥시,,경기도 시흥시 배곧동 302,생활방범,3,200,360도,30,201712,031-310-6763,37.35526451,126.7029751,2026-01-20,I,2026-05-15 18:45:39,2026-03-09 15:20:08,
4010000,202640100000801480,경기도 시흥시,,경기도 시흥시 배곧동 307,생활방범,3,200,360도,30,201712,031-310-6763,37.35707312,126.7036938,2026-01-20,I,2026-05-15 18:45:39,2026-03-09 15:20:08,
4010000,202640100000801481,경기도 시흥시,,경기도 시흥시 배곧동 301,생활방범,4,200,360도,30,201712,031-310-6763,37.35765772,126.7048918,2026-01-20,I,2026-05-15 18:45:39,2026-03-09 15:20:08,
4010000,202640100000801482,경기도 시흥시,,경기도 시흥시 배곧동 289,생활방범,3,200,360도,30,201712,031-310-6763,37.35392422,126.7071517,2026-01-20,I,2026-05-15 18:45:39,2026-03-09 15:20:08,
4010000,202640100000801483,경기도 시흥시,,경기도 시흥시 배곧동 304,생활방범,4,200,360도,30,201712,031-310-6763,37.35238657,126.7041954,2026-01-20,I,2026-05-15 18:45:39,2026-03-09 15:20:08,
4010000,202640100000801484,경기도 시흥시,,경기도 시흥시 배곧동 307,생활방범,3,200,360도,30,201712,031-310-6763,37.35205493,126.7035724,2026-01-20,I,2026-05-15 18:45:39,2026-03-09 15:20:08,
4010000,202640100000801485,경기도 시흥시,,경기도 시흥시 배곧동 294-1,생활방범,4,200,360도,30,201712,031-310-6763,37.35810916,126.710238,2026-01-20,I,2026-05-15 18:45:39,2026-03-09 15:20:08,
4010000,202640100000801486,경기도 시흥시,,경기도 시흥시 배곧동 300-3,생활방범,4,200,360도,30,201712,031-310-6763,37.35706211,126.707647,2026-01-20,I,2026-05-15 18:45:39,2026-03-09 15:20:08,
4010000,202640100000801487,경기도 시흥시,,경기도 시흥시 배곧동 42,생활방범,3,200,360도,30,201712,031-310-6763,37.36640006,126.7123508,2026-01-20,I,2026-05-15 18:45:39,2026-03-09 15:20:08,
4010000,202640100000801488,경기도 시흥시,,경기도 시흥시 배곧동 308,생활방범,4,200,360도,30,201712,031-310-6763,37.36346894,126.7091698,2026-01-20,I,2026-05-15 18:45:39,2026-03-09 15:20:08,
4010000,202640100000801489,경기도 시흥시,,경기도 시흥시 배곧동 307,생활방범,3,200,360도,30,201712,031-310-6763,37.36100866,126.7075569,2026-01-20,I,2026-05-15 18:45:39,2026-03-09 15:20:08,
4010000,202640100000801490,경기도 시흥시,,경기도 시흥시 배곧동 286,생활방범,3,200,360도,30,201712,031-310-6763,37.35736335,126.7095835,2026-01-20,I,2026-05-15 18:45:39,2026-03-09 15:20:08,
4010000,202640100000801491,경기도 시흥시,,경기도 시흥시 배곧동 300-3,생활방범,4,200,360도,30,201712,031-310-6763,37.35590238,126.7078433,2026-01-20,I,2026-05-15 18:45:39,2026-03-09 15:20:09,
4010000,202640100000801492,경기도 시흥시,,경기도 시흥시 배곧동 242,생활방범,4,200,360도,30,201712,031-310-6763,37.36718698,126.7138931,2026-01-20,I,2026-05-15 18:45:39,2026-03-09 15:20:09,
4010000,202640100000801493,경기도 시흥시,,경기도 시흥시 배곧동 245,생활방범,3,200,360도,30,201712,031-310-6763,37.36090051,126.7148207,2026-01-20,I,2026-05-15 18:45:39,2026-03-09 15:20:09,
4010000,202640100000801494,경기도 시흥시,,경기도 시흥시 배곧동 279,생활방범,3,200,360도,30,201712,031-310-6763,37.35930118,126.7127478,2026-01-20,I,2026-05-15 18:45:39,2026-03-09 15:20:09,
4010000,202640100000801495,경기도 시흥시,,경기도 시흥시 배곧동 291-2,생활방범,3,200,360도,30,201712,031-310-6763,37.3595673,126.7077533,2026-01-20,I,2026-05-15 18:45:39,2026-03-09 15:20:09,
4010000,202640100000801496,경기도 시흥시,,경기도 시흥시 배곧동 292-3,생활방범,4,200,360도,30,201712,031-310-6763,37.35878922,126.7114371,2026-01-20,I,2026-05-15 18:45:39,2026-03-09 15:20:09,
4010000,202640100000801497,경기도 시흥시,,경기도 시흥시 배곧동 296,생활방범,4,200,360도,30,201712,031-310-6763,37.35778843,126.7084017,2026-01-20,I,2026-05-15 18:45:39,2026-03-09 15:20:09,
4010000,202640100000801498,경기도 시흥시,,경기도 시흥시 배곧동 273,생활방범,4,200,360도,30,201712,031-310-6763,37.36035523,126.7109688,2026-01-20,I,2026-05-15 18:45:39,2026-03-09 15:20:09,
4010000,202640100000801499,경기도 시흥시,,경기도 시흥시 배곧동 277,생활방범,3,200,360도,30,201712,031-310-6763,37.35977295,126.7131322,2026-01-20,I,2026-05-15 18:45:39,2026-03-09 15:20:09,
4010000,202640100000801500,경기도 시흥시,,경기도 시흥시 배곧동 248,생활방범,3,200,360도,30,201712,031-310-6763,37.3654317,126.720942,2026-01-20,I,2026-05-15 18:45:39,2026-03-09 15:20:09,
4010000,202640100000801501,경기도 시흥시,,경기도 시흥시 배곧동 262,생활방범,4,200,360도,30,201712,031-310-6763,37.36185417,126.7201548,2026-01-20,I,2026-05-15 18:45:39,2026-03-09 15:20:09,
4010000,202640100000801502,경기도 시흥시,,경기도 시흥시 배곧동 270,생활방범,5,200,360도,30,201712,031-310-6763,37.36156304,126.7121033,2026-01-20,I,2026-05-15 18:45:39,2026-03-09 15:20:09,
4010000,202640100000801503,경기도 시흥시,,경기도 시흥시 배곧동 282,생활방범,3,200,360도,30,201712,031-310-6763,37.35919134,126.7160796,2026-01-20,I,2026-05-15 18:45:39,2026-03-09 15:20:09,
4010000,202640100000801504,경기도 시흥시,,경기도 시흥시 배곧동 243,생활방범,4,200,360도,30,201712,031-310-6763,37.3631773,126.7101394,2026-01-20,I,2026-05-15 18:45:39,2026-03-09 15:20:09,
4010000,202640100000801505,경기도 시흥시,,경기도 시흥시 배곧동 251,생활방범,5,200,360도,30,201712,031-310-6763,37.36125625,126.7214306,2026-01-20,I,2026-05-15 18:45:39,2026-03-09 15:20:09,
4010000,202640100000801506,경기도 시흥시,,경기도 시흥시 배곧동 263,생활방범,4,200,360도,30,201712,031-310-6763,37.36099055,126.7174687,2026-01-20,I,2026-05-15 18:45:39,2026-03-09 15:20:09,
4010000,202640100000801507,경기도 시흥시,,경기도 시흥시 배곧동 267,생활방범,4,200,360도,30,201712,031-310-6763,37.36163195,126.7165237,2026-01-20,I,2026-05-15 18:45:39,2026-03-09 15:20:09,
4010000,202640100000801508,경기도 시흥시,,경기도 시흥시 배곧동 263,생활방범,3,200,360도,30,201712,031-310-6763,37.36032048,126.7168661,2026-01-20,I,2026-05-15 18:45:39,2026-03-09 15:20:09,
4010000,202640100000801509,경기도 시흥시,,경기도 시흥시 배곧동 223-1,생활방범,5,200,360도,30,201712,031-310-6763,37.36836059,126.7266313,2026-01-20,I,2026-05-15 18:45:39,2026-03-09 15:20:09,
4010000,202640100000801510,경기도 시흥시,,경기도 시흥시 배곧동 1,생활방범,4,200,360도,30,201712,031-310-6763,37.38602307,126.7325134,2026-01-20,I,2026-05-15 18:45:39,2026-03-09 15:20:09,
4010000,202640100000801511,경기도 시흥시,,경기도 시흥시 배곧동 11,생활방범,3,200,360도,30,201712,031-310-6763,37.38243517,126.733299,2026-01-20,I,2026-05-15 18:45:39,2026-03-09 15:20:09,
4010000,202640100000801512,경기도 시흥시,,경기도 시흥시 배곧동 41,생활방범,3,200,360도,30,201712,031-310-6763,37.38023136,126.7254653,2026-01-20,I,2026-05-15 18:45:39,2026-03-09 15:20:09,
4010000,202640100000801513,경기도 시흥시,,경기도 시흥시 배곧동 304,생활방범,3,200,360도,30,201712,031-310-6763,37.35342013,126.7059578,2026-01-20,I,2026-05-15 18:45:39,2026-03-09 15:20:09,
4010000,202640100000801514,경기도 시흥시,,경기도 시흥시 배곧동 307,생활방범,3,200,360도,30,201712,031-310-6763,37.35355524,126.7023732,2026-01-20,I,2026-05-15 18:45:39,2026-03-09 15:20:09,
4010000,202640100000801515,경기도 시흥시,,경기도 시흥시 배곧동 307,생활방범,4,200,360도,30,201712,031-310-6763,37.35404221,126.7006735,2026-01-20,I,2026-05-15 18:45:39,2026-03-09 15:20:09,
4010000,202640100000801516,경기도 시흥시,,경기도 시흥시 과림동 494-20 시흥매화버스정류장옆,생활방범,3,200,360도,30,201812,031-310-6763,37.43723194,126.8301148,2026-01-20,I,2026-05-15 18:45:39,2026-03-09 15:20:09,
4010000,202640100000801517,경기도 시흥시,,경기도 시흥시 과림동 801-7,생활방범,3,200,360도,30,201812,031-310-6763,37.45302097,126.8249042,2026-01-20,I,2026-05-15 18:45:39,2026-03-09 15:20:09,
4010000,202640100000801518,경기도 시흥시,,경기도 시흥시 정왕동 2020-3,생활방범,3,200,360도,30,201712,031-310-6763,37.34403636,126.6925947,2026-01-20,I,2026-05-15 18:45:39,2026-03-09 15:20:09,
4010000,202640100000801519,경기도 시흥시,,경기도 시흥시 방산동 786,생활방범,3,200,360도,30,201712,031-310-6763,37.40725578,126.7558092,2026-01-20,I,2026-05-15 18:45:39,2026-03-09 15:20:09,
4010000,202640100000801520,경기도 시흥시,,경기도 시흥시 신천동 888-9,생활방범,3,200,360도,30,201712,031-310-6763,37.43154094,126.7922685,2026-01-20,I,2026-05-15 18:45:39,2026-03-09 15:20:09,
4010000,202640100000801521,경기도 시흥시,,경기도 시흥시 하중동 877-3,생활방범,3,200,360도,30,201712,031-310-6763,37.39101363,126.8042549,2026-01-20,I,2026-05-15 18:45:39,2026-03-09 15:20:09,
4010000,202640100000801522,경기도 시흥시,,경기도 시흥시 장곡동 445-3,생활방범,3,200,360도,30,201712,031-310-6763,37.38492215,126.7869797,2026-01-20,I,2026-05-15 18:45:39,2026-03-09 15:20:09,
4010000,202640100000801523,경기도 시흥시,,경기도 시흥시 정왕동 2304-15,생활방범,3,200,360도,30,201812,031-310-6763,37.35365832,126.7380111,2026-01-20,I,2026-05-15 18:45:39,2026-03-09 15:20:09,
4010000,202640100000801524,경기도 시흥시,,경기도 시흥시 정왕동 2321-14,생활방범,4,200,360도,30,201812,031-310-6763,37.35229626,126.7419414,2026-01-20,I,2026-05-15 18:45:39,2026-03-09 15:20:09,
4010000,202640100000801525,경기도 시흥시,,경기도 시흥시 정왕동 1395,생활방범,5,200,360도,30,201812,031-310-6763,37.34142584,126.75295,2026-01-20,I,2026-05-15 18:45:39,2026-03-09 15:20:09,
4010000,202640100000801526,경기도 시흥시,,경기도 시흥시 정왕동 1872-8,생활방범,3,200,360도,30,201812,031-310-6763,37.35609953,126.7347009,2026-01-20,I,2026-05-15 18:45:39,2026-03-09 15:20:09,
4010000,202640100000801527,경기도 시흥시,,경기도 시흥시 정왕동 2041-6,생활방범,2,200,360도,30,201812,031-310-6763,37.34093567,126.690228,2026-01-20,I,2026-05-15 18:45:39,2026-03-09 15:20:09,
4010000,202640100000801528,경기도 시흥시,,경기도 시흥시 정왕동 2010-1,생활방범,3,200,360도,30,201812,031-310-6763,37.34434274,126.6891985,2026-01-20,I,2026-05-15 18:45:39,2026-03-09 15:20:09,
4010000,202640100000801529,경기도 시흥시,,경기도 시흥시 정왕동 2014-11,생활방범,3,200,360도,30,201812,031-310-6763,37.3442484,126.6899592,2026-01-20,I,2026-05-15 18:45:39,2026-03-09 15:20:09,
4010000,202640100000801530,경기도 시흥시,,경기도 시흥시 장곡동 823-7,생활방범,2,200,360도,30,201812,031-310-6763,37.37886531,126.7867298,2026-01-20,I,2026-05-15 18:45:39,2026-03-09 15:20:09,
4010000,202640100000801531,경기도 시흥시,,경기도 시흥시 대야동 447,생활방범,4,200,360도,30,201812,031-310-6763,37.44879409,126.7886704,2026-01-20,I,2026-05-15 18:45:39,2026-03-09 15:20:09,
4010000,202640100000801532,경기도 시흥시,,경기도 시흥시 대야동 산 164,생활방범,3,200,360도,30,201812,031-310-6763,37.44754783,126.7863696,2026-01-20,I,2026-05-15 18:45:39,2026-03-09 15:20:09,
4010000,202640100000801533,경기도 시흥시,,경기도 시흥시 대야동 471-2,생활방범,2,200,360도,30,201812,031-310-6763,37.44550414,126.788493,2026-01-20,I,2026-05-15 18:45:39,2026-03-09 15:20:09,
4010000,202640100000801534,경기도 시흥시,,경기도 시흥시 정왕동 140-3,생활방범,4,200,360도,30,201812,031-310-6763,37.3664556,126.7490414,2026-01-20,I,2026-05-15 18:45:39,2026-03-09 15:20:09,
4010000,202640100000801535,경기도 시흥시,,경기도 시흥시 신천동 828-1,생활방범,4,200,360도,30,201812,031-310-6763,37.43698211,126.778387,2026-01-20,I,2026-05-15 18:45:39,2026-03-09 15:20:09,
4010000,202640100000801536,경기도 시흥시,,경기도 시흥시 정왕동 46-1,생활방범,3,200,360도,30,201812,031-310-6763,37.36680266,126.7431976,2026-01-20,I,2026-05-15 18:45:39,2026-03-09 15:20:09,
4010000,202640100000801537,경기도 시흥시,,경기도 시흥시 신천동 779-9,생활방범,4,200,360도,30,201812,031-310-6763,37.43831695,126.7887639,2026-01-20,I,2026-05-15 18:45:39,2026-03-09 15:20:09,
4010000,202640100000801538,경기도 시흥시,,경기도 시흥시 신천동 851-1,생활방범,4,200,360도,30,201812,031-310-6763,37.43597324,126.7872454,2026-01-20,I,2026-05-15 18:45:39,2026-03-09 15:20:09,
4010000,202640100000801539,경기도 시흥시,,경기도 시흥시 신천동 833-6,생활방범,4,200,360도,30,201812,031-310-6763,37.43744179,126.7804209,2026-01-20,I,2026-05-15 18:45:39,2026-03-09 15:20:09,
4010000,202640100000801540,경기도 시흥시,,경기도 시흥시 신천동 879-17,생활방범,4,200,360도,30,201812,031-310-6763,37.43342996,126.7908926,2026-01-20,I,2026-05-15 18:45:39,2026-03-09 15:20:09,
4010000,202640100000801541,경기도 시흥시,,경기도 시흥시 거모동 1733-1,생활방범,4,200,360도,30,201812,031-310-6763,37.34609304,126.7837297,2026-01-20,I,2026-05-15 18:45:39,2026-03-09 15:20:09,
4010000,202640100000801542,경기도 시흥시,,경기도 시흥시 은행동 559-4,생활방범,4,200,360도,30,201812,031-310-6763,37.43912724,126.793692,2026-01-20,I,2026-05-15 18:45:39,2026-03-09 15:20:09,
4010000,202640100000801543,경기도 시흥시,,경기도 시흥시 장곡동 439-9,생활방범,4,200,360도,30,201812,031-310-6763,37.38359699,126.7871266,2026-01-20,I,2026-05-15 18:45:39,2026-03-09 15:20:09,
4010000,202640100000801544,경기도 시흥시,,경기도 시흥시 정왕동 2314-36,생활방범,3,200,360도,30,201812,031-310-6763,37.35407348,126.7467222,2026-01-20,I,2026-05-15 18:45:39,2026-03-09 15:20:09,
4010000,202640100000801545,경기도 시흥시,,경기도 시흥시 미산동 360-4,생활방범,2,200,360도,30,201812,031-310-6763,37.42079149,126.7946624,2026-01-20,I,2026-05-15 18:45:39,2026-03-09 15:20:09,
4010000,202640100000801546,경기도 시흥시,,경기도 시흥시 미산동 375-4,생활방범,4,200,360도,30,201812,031-310-6763,37.41807222,126.7951891,2026-01-20,I,2026-05-15 18:45:39,2026-03-09 15:20:09,
4010000,202640100000801547,경기도 시흥시,,경기도 시흥시 도창동 383-11,생활방범,3,200,360도,30,201812,031-310-6763,37.41052265,126.8157932,2026-01-20,I,2026-05-15 18:45:39,2026-03-09 15:20:09,
4010000,202640100000801548,경기도 시흥시,,경기도 시흥시 월곶동 455-1,생활방범,3,200,360도,30,201812,031-310-6763,37.37917526,126.7621928,2026-01-20,I,2026-05-15 18:45:39,2026-03-09 15:20:09,
4010000,202640100000801549,경기도 시흥시,,경기도 시흥시 계수동 148-3,생활방범,3,200,360도,30,201812,031-310-6763,37.45386786,126.81988,2026-01-20,I,2026-05-15 18:45:39,2026-03-09 15:20:09,
4010000,202640100000801550,경기도 시흥시,,경기도 시흥시 논곡동 160-37,생활방범,2,200,360도,30,201812,031-310-6763,37.38619717,126.859347,2026-01-20,I,2026-05-15 18:45:39,2026-03-09 15:20:10,
4010000,202640100000801551,경기도 시흥시,,경기도 시흥시 월곶동 1047,생활방범,3,200,360도,30,201812,031-310-6763,37.38572839,126.7407943,2026-01-20,I,2026-05-15 18:45:39,2026-03-09 15:20:10,
4010000,202640100000801552,경기도 시흥시,,경기도 시흥시 신천동 763-9,생활방범,3,200,360도,30,201812,031-310-6763,37.43735476,126.7854103,2026-01-20,I,2026-05-15 18:45:39,2026-03-09 15:20:10,
4010000,202640100000801553,경기도 시흥시,,경기도 시흥시 장곡동 793-2,생활방범,3,200,360도,30,201812,031-310-6763,37.38219648,126.7815536,2026-01-20,I,2026-05-15 18:45:39,2026-03-09 15:20:10,
4010000,202640100000801554,경기도 시흥시,,경기도 시흥시 장곡동 807,생활방범,5,200,360도,30,201812,031-310-6763,37.37748531,126.7825541,2026-01-20,I,2026-05-15 18:45:39,2026-03-09 15:20:10,
4010000,202640100000801555,경기도 시흥시,,경기도 시흥시 은행동 109-133,생활방범,3,200,360도,30,201812,031-310-6763,37.43714761,126.7935166,2026-01-20,I,2026-05-15 18:45:39,2026-03-09 15:20:10,
4010000,202640100000801556,경기도 시흥시,,경기도 시흥시 거모동 1658-24,생활방범,4,200,360도,30,201812,031-310-6763,37.3398918,126.7843464,2026-01-20,I,2026-05-15 18:45:39,2026-03-09 15:20:10,
4010000,202640100000801557,경기도 시흥시,,경기도 시흥시 거모동 1669-23,생활방범,4,200,360도,30,201812,031-310-6763,37.33959599,126.7839027,2026-01-20,I,2026-05-15 18:45:39,2026-03-09 15:20:10,
4010000,202640100000801558,경기도 시흥시,,경기도 시흥시 거모동 1669-8,생활방범,4,200,360도,30,201812,031-310-6763,37.33949416,126.7844073,2026-01-20,I,2026-05-15 18:45:39,2026-03-09 15:20:10,
4010000,202640100000801559,경기도 시흥시,,경기도 시흥시 목감동 260-26,생활방범,3,200,360도,30,201812,031-310-6763,37.38342701,126.8664865,2026-01-20,I,2026-05-15 18:45:39,2026-03-09 15:20:10,
4010000,202640100000801560,경기도 시흥시,,경기도 시흥시 조남동 222-6,생활방범,4,200,360도,30,201812,031-310-6763,37.37982053,126.8565014,2026-01-20,I,2026-05-15 18:45:39,2026-03-09 15:20:10,
4010000,202640100000801561,경기도 시흥시,,경기도 시흥시 논곡동 259,생활방범,2,200,360도,30,201812,031-310-6763,37.3945853,126.853209,2026-01-20,I,2026-05-15 18:45:39,2026-03-09 15:20:10,
4010000,202640100000801562,경기도 시흥시,,경기도 시흥시 정왕동 1884-4,생활방범,4,200,360도,30,201812,031-310-6763,37.36284383,126.7294661,2026-01-20,I,2026-05-15 18:45:39,2026-03-09 15:20:10,
4010000,202640100000801563,경기도 시흥시,,경기도 시흥시 거모동 267-5,생활방범,2,200,360도,30,201812,031-310-6763,37.36359939,126.7738693,2026-01-20,I,2026-05-15 18:45:39,2026-03-09 15:20:10,
4010000,202640100000801564,경기도 시흥시,,경기도 시흥시 정왕동 876-315,생활방범,2,200,360도,30,201812,031-310-6763,37.35106243,126.7400839,2026-01-20,I,2026-05-15 18:45:39,2026-03-09 15:20:10,
4010000,202640100000801565,경기도 시흥시,,경기도 시흥시 신천동 595-147,생활방범,3,200,360도,30,201812,031-310-6763,37.44315252,126.7695642,2026-01-20,I,2026-05-15 18:45:39,2026-03-09 15:20:10,
4010000,202640100000801566,경기도 시흥시,,경기도 시흥시 포동 99-1,생활방범,4,200,360도,30,201812,031-310-6763,37.40750178,126.7736839,2026-01-20,I,2026-05-15 18:45:39,2026-03-09 15:20:10,
4010000,202640100000801567,경기도 시흥시,,경기도 시흥시 도창동 306,생활방범,2,200,360도,30,201812,031-310-6763,37.40718456,126.8190761,2026-01-20,I,2026-05-15 18:45:39,2026-03-09 15:20:10,
4010000,202640100000801568,경기도 시흥시,,경기도 시흥시 죽율동 84-10,생활방범,3,200,360도,30,201812,031-310-6763,37.35148089,126.7626058,2026-01-20,I,2026-05-15 18:45:39,2026-03-09 15:20:10,
4010000,202640100000801569,경기도 시흥시,,경기도 시흥시 월곶동 167-16,생활방범,3,200,360도,30,201812,031-310-6763,37.38211578,126.7651041,2026-01-20,I,2026-05-15 18:45:39,2026-03-09 15:20:10,
4010000,202640100000801570,경기도 시흥시,,경기도 시흥시 매화동 368-8,생활방범,3,200,360도,30,201812,031-310-6763,37.41756269,126.8098693,2026-01-20,I,2026-05-15 18:45:39,2026-03-09 15:20:10,
4010000,202640100000801571,경기도 시흥시,,경기도 시흥시 거모동 1660-8,생활방범,3,200,360도,30,201812,031-310-6763,37.34019296,126.7854763,2026-01-20,I,2026-05-15 18:45:39,2026-03-09 15:20:10,
4010000,202640100000801572,경기도 시흥시,,경기도 시흥시 정왕동 1078-12,생활방범,4,200,360도,30,201812,031-310-6763,37.34601147,126.6926672,2026-01-20,I,2026-05-15 18:45:39,2026-03-09 15:20:10,
4010000,202640100000801573,경기도 시흥시,,경기도 시흥시 대야동 289-39,생활방범,4,200,360도,30,201812,031-310-6763,37.45013842,126.7931725,2026-01-20,I,2026-05-15 18:45:39,2026-03-09 15:20:10,
4010000,202640100000801574,경기도 시흥시,,경기도 시흥시 신천동 769,생활방범,3,200,360도,30,201812,031-310-6763,37.43895145,126.7869966,2026-01-20,I,2026-05-15 18:45:39,2026-03-09 15:20:10,
4010000,202640100000801575,경기도 시흥시,,경기도 시흥시 거모동 642-2,생활방범,3,200,360도,30,201812,031-310-6763,37.35823225,126.7718133,2026-01-20,I,2026-05-15 18:45:39,2026-03-09 15:20:10,
4010000,202640100000801576,경기도 시흥시,,경기도 시흥시 정왕동 1586-4,생활방범,4,200,360도,30,201812,031-310-6763,37.34273322,126.7452288,2026-01-20,I,2026-05-15 18:45:39,2026-03-09 15:20:10,
4010000,202640100000801577,경기도 시흥시,,경기도 시흥시 신천동 846-30,생활방범,3,200,360도,30,201812,031-310-6763,37.43666972,126.7832961,2026-01-20,I,2026-05-15 18:45:39,2026-03-09 15:20:10,
4010000,202640100000801578,경기도 시흥시,,경기도 시흥시 정왕동 1519-6,생활방범,4,200,360도,30,201812,031-310-6763,37.34234232,126.7530973,2026-01-20,I,2026-05-15 18:45:39,2026-03-09 15:20:10,
4010000,202640100000801579,경기도 시흥시,,경기도 시흥시 대야동 491-44,생활방범,3,200,360도,30,201812,031-310-6763,37.44350725,126.7878691,2026-01-20,I,2026-05-15 18:45:39,2026-03-09 15:20:10,
4010000,202640100000801580,경기도 시흥시,,경기도 시흥시 대야동 468-12,생활방범,4,200,360도,30,201912,031-310-6763,37.44546281,126.7898102,2026-01-20,I,2026-05-15 18:45:39,2026-03-09 15:20:10,
4010000,202640100000801581,경기도 시흥시,,경기도 시흥시 대야동 488-33,생활방범,4,200,360도,30,201912,031-310-6763,37.44402452,126.7886828,2026-01-20,I,2026-05-15 18:45:39,2026-03-09 15:20:10,
4010000,202640100000801582,경기도 시흥시,,경기도 시흥시 배곧동 209,생활방범,4,200,360도,30,201712,031-310-6763,37.36714643,126.7302801,2026-01-20,I,2026-05-15 18:45:39,2026-03-09 15:20:10,
4010000,202640100000801583,경기도 시흥시,,경기도 시흥시 배곧동 211,생활방범,4,200,360도,30,201712,031-310-6763,37.36699425,126.7300333,2026-01-20,I,2026-05-15 18:45:39,2026-03-09 15:20:10,
4010000,202640100000801584,경기도 시흥시,,경기도 시흥시 배곧동 11,생활방범,4,200,360도,30,201712,031-310-6763,37.38301519,126.7327479,2026-01-20,I,2026-05-15 18:45:39,2026-03-09 15:20:10,
4010000,202640100000801585,경기도 시흥시,,경기도 시흥시 배곧동 62,생활방범,3,200,360도,30,201712,031-310-6763,37.37555405,126.7340801,2026-01-20,I,2026-05-15 18:45:39,2026-03-09 15:20:10,
4010000,202640100000801586,경기도 시흥시,,경기도 시흥시 배곧동 62,생활방범,3,200,360도,30,201712,031-310-6763,37.37516354,126.7349995,2026-01-20,I,2026-05-15 18:45:39,2026-03-09 15:20:10,
4010000,202640100000801587,경기도 시흥시,,경기도 시흥시 배곧동 196-3,생활방범,3,200,360도,30,201712,031-310-6763,37.3690899,126.7282833,2026-01-20,I,2026-05-15 18:45:39,2026-03-09 15:20:10,
4010000,202640100000801588,경기도 시흥시,,경기도 시흥시 배곧동 228-1,생활방범,4,200,360도,30,201712,031-310-6763,37.36746859,126.7279274,2026-01-20,I,2026-05-15 18:45:39,2026-03-09 15:20:10,
4010000,202640100000801589,경기도 시흥시,,경기도 시흥시 배곧동 290,생활방범,4,200,360도,30,201712,031-310-6763,37.35984833,126.7092305,2026-01-20,I,2026-05-15 18:45:39,2026-03-09 15:20:10,
4010000,202640100000801590,경기도 시흥시,,경기도 시흥시 배곧동 283,생활방범,3,200,360도,30,201712,031-310-6763,37.35738233,126.7133115,2026-01-20,I,2026-05-15 18:45:39,2026-03-09 15:20:10,
4010000,202640100000801591,경기도 시흥시,,경기도 시흥시 배곧동 296,생활방범,4,200,360도,30,201712,031-310-6763,37.35864177,126.7074098,2026-01-20,I,2026-05-15 18:45:39,2026-03-09 15:20:10,
4010000,202640100000801592,경기도 시흥시,,경기도 시흥시 배곧동 299-3,생활방범,4,200,360도,30,201712,031-310-6763,37.35666913,126.7063248,2026-01-20,I,2026-05-15 18:45:39,2026-03-09 15:20:10,
4010000,202640100000801593,경기도 시흥시,,경기도 시흥시 배곧동 259,생활방범,3,200,360도,30,201712,031-310-6763,37.35963149,126.7184261,2026-01-20,I,2026-05-15 18:45:39,2026-03-09 15:20:10,
4010000,202640100000801594,경기도 시흥시,,경기도 시흥시 매화동 379-3,생활방범,4,200,360도,30,201912,031-310-6763,37.41743872,126.8080712,2026-01-20,I,2026-05-15 18:45:39,2026-03-09 15:20:10,
4010000,202640100000801595,경기도 시흥시,,경기도 시흥시 매화동 452-29,생활방범,4,200,360도,30,201912,031-310-6763,37.41398156,126.8076459,2026-01-20,I,2026-05-15 18:45:39,2026-03-09 15:20:10,
4010000,202640100000801596,경기도 시흥시,,경기도 시흥시 매화동 221-45,생활방범,3,200,360도,30,201912,031-310-6763,37.41636419,126.8116129,2026-01-20,I,2026-05-15 18:45:39,2026-03-09 15:20:10,
4010000,202640100000801597,경기도 시흥시,,경기도 시흥시 매화동 263-7,생활방범,2,200,360도,30,201912,031-310-6763,37.41459157,126.815495,2026-01-20,I,2026-05-15 18:45:39,2026-03-09 15:20:10,
4010000,202640100000801598,경기도 시흥시,,경기도 시흥시 신천동 733-5,생활방범,4,200,360도,30,201912,031-310-6763,37.43932098,126.7851343,2026-01-20,I,2026-05-15 18:45:39,2026-03-09 15:20:10,
4010000,202640100000801599,경기도 시흥시,,경기도 시흥시 신천동 815-2,생활방범,3,200,360도,30,201912,031-310-6763,37.43850923,126.7764947,2026-01-20,I,2026-05-15 18:45:39,2026-03-09 15:20:10,
4010000,202640100000801600,경기도 시흥시,,경기도 시흥시 은행동 249-13,생활방범,3,200,360도,30,201912,031-310-6763,37.43301667,126.8094837,2026-01-20,I,2026-05-15 18:45:39,2026-03-09 15:20:11,
4010000,202640100000801601,경기도 시흥시,,경기도 시흥시 은행동 250-51,생활방범,5,200,360도,30,201912,031-310-6763,37.43398891,126.7955231,2026-01-20,I,2026-05-15 18:45:39,2026-03-09 15:20:11,
4010000,202640100000801602,경기도 시흥시,,경기도 시흥시 은행동 250-25,생활방범,3,200,360도,30,201912,031-310-6763,37.43317465,126.7962569,2026-01-20,I,2026-05-15 18:45:39,2026-03-09 15:20:11,
4010000,202640100000801603,경기도 시흥시,,경기도 시흥시 은행동 275-1,생활방범,2,200,360도,30,201912,031-310-6763,37.4324094,126.7970841,2026-01-20,I,2026-05-15 18:45:39,2026-03-09 15:20:11,
4010000,202640100000801604,경기도 시흥시,,경기도 시흥시 신천동 889-13,생활방범,3,200,360도,30,201912,031-310-6763,37.42992288,126.7919384,2026-01-20,I,2026-05-15 18:45:39,2026-03-09 15:20:11,
4010000,202640100000801605,경기도 시흥시,,경기도 시흥시 신천동 415-6,생활방범,2,200,360도,30,201912,031-310-6763,37.4438752,126.7786582,2026-01-20,I,2026-05-15 18:45:39,2026-03-09 15:20:11,
4010000,202640100000801606,경기도 시흥시,,경기도 시흥시 신천동 415-15,생활방범,3,200,360도,30,201912,031-310-6763,37.44300851,126.7787145,2026-01-20,I,2026-05-15 18:45:39,2026-03-09 15:20:11,
4010000,202640100000801607,경기도 시흥시,,경기도 시흥시 신천동 843-22,생활방범,3,200,360도,30,201912,031-310-6763,37.43684613,126.7820462,2026-01-20,I,2026-05-15 18:45:39,2026-03-09 15:20:11,
4010000,202640100000801608,경기도 시흥시,,경기도 시흥시 신천동 747,생활방범,4,200,360도,30,201912,031-310-6763,37.44189765,126.779687,2026-01-20,I,2026-05-15 18:45:39,2026-03-09 15:20:11,
4010000,202640100000801609,경기도 시흥시,,경기도 시흥시 대야동 487-6,생활방범,2,200,360도,30,201912,031-310-6763,37.44463631,126.7870019,2026-01-20,I,2026-05-15 18:45:39,2026-03-09 15:20:11,
4010000,202640100000801610,경기도 시흥시,,경기도 시흥시 매화동 322-5,생활방범,3,200,360도,30,201912,031-310-6763,37.41507789,126.8098069,2026-01-20,I,2026-05-15 18:45:39,2026-03-09 15:20:11,
4010000,202640100000801611,경기도 시흥시,,경기도 시흥시 매화동 443-3,생활방범,4,200,360도,30,201912,031-310-6763,37.41670767,126.807173,2026-01-20,I,2026-05-15 18:45:39,2026-03-09 15:20:11,
4010000,202640100000801612,경기도 시흥시,,경기도 시흥시 신천동 446-1,생활방범,2,200,360도,30,201912,031-310-6763,37.44000385,126.7767899,2026-01-20,I,2026-05-15 18:45:39,2026-03-09 15:20:11,
4010000,202640100000801613,경기도 시흥시,,경기도 시흥시 신천동 773-4,생활방범,3,200,360도,30,201912,031-310-6763,37.43784015,126.7877752,2026-01-20,I,2026-05-15 18:45:39,2026-03-09 15:20:11,
4010000,202640100000801614,경기도 시흥시,,경기도 시흥시 신천동 725-3,생활방범,3,200,360도,30,201912,031-310-6763,37.44220266,126.7806046,2026-01-20,I,2026-05-15 18:45:39,2026-03-09 15:20:11,
4010000,202640100000801615,경기도 시흥시,,경기도 시흥시 신천동 737-5,생활방범,4,200,360도,30,201912,031-310-6763,37.44019559,126.7853268,2026-01-20,I,2026-05-15 18:45:39,2026-03-09 15:20:11,
4010000,202640100000801616,경기도 시흥시,,경기도 시흥시 대야동 497-14,생활방범,3,200,360도,30,201912,031-310-6763,37.44299972,126.7858311,2026-01-20,I,2026-05-15 18:45:39,2026-03-09 15:20:11,
4010000,202640100000801617,경기도 시흥시,,경기도 시흥시 대야동 499-18,생활방범,3,200,360도,30,201912,031-310-6763,37.44252593,126.7864316,2026-01-20,I,2026-05-15 18:45:39,2026-03-09 15:20:11,
4010000,202640100000801618,경기도 시흥시,,경기도 시흥시 신천동 314-63,생활방범,3,200,360도,30,201912,031-310-6763,37.44244171,126.7806943,2026-01-20,I,2026-05-15 18:45:39,2026-03-09 15:20:11,
4010000,202640100000801619,경기도 시흥시,,경기도 시흥시 신천동 708-12,생활방범,3,200,360도,30,201912,031-310-6763,37.44129602,126.785056,2026-01-20,I,2026-05-15 18:45:39,2026-03-09 15:20:11,
4010000,202640100000801620,경기도 시흥시,,경기도 시흥시 대야동 461-16,생활방범,4,200,360도,30,201912,031-310-6763,37.44799191,126.7872347,2026-01-20,I,2026-05-15 18:45:39,2026-03-09 15:20:11,
4010000,202640100000801621,경기도 시흥시,,경기도 시흥시 대야동 440,생활방범,4,200,360도,30,201912,031-310-6763,37.4492736,126.7895821,2026-01-20,I,2026-05-15 18:45:39,2026-03-09 15:20:11,
4010000,202640100000801622,경기도 시흥시,,경기도 시흥시 대야동 342-3,생활방범,3,200,360도,30,201912,031-310-6763,37.44963129,126.7912532,2026-01-20,I,2026-05-15 18:45:39,2026-03-09 15:20:11,
4010000,202640100000801623,경기도 시흥시,,경기도 시흥시 대야동 441-13,생활방범,4,200,360도,30,201912,031-310-6763,37.44863874,126.7913169,2026-01-20,I,2026-05-15 18:45:39,2026-03-09 15:20:11,
4010000,202640100000801624,경기도 시흥시,,경기도 시흥시 정왕동 1190-1,생활방범,3,200,360도,30,201912,031-310-6763,37.34637701,126.7508117,2026-01-20,I,2026-05-15 18:45:39,2026-03-09 15:20:11,
4010000,202640100000801625,경기도 시흥시,,경기도 시흥시 정왕동 1198-1,생활방범,5,200,360도,30,201912,031-310-6763,37.34479987,126.7510612,2026-01-20,I,2026-05-15 18:45:39,2026-03-09 15:20:11,
4010000,202640100000801626,경기도 시흥시,,경기도 시흥시 정왕동 2323-4,생활방범,3,200,360도,30,201912,031-310-6763,37.35156741,126.7444797,2026-01-20,I,2026-05-15 18:45:39,2026-03-09 15:20:11,
4010000,202640100000801627,경기도 시흥시,,경기도 시흥시 정왕동 2322-1,생활방범,5,200,360도,30,201912,031-310-6763,37.35233419,126.7432014,2026-01-20,I,2026-05-15 18:45:39,2026-03-09 15:20:11,
4010000,202640100000801628,경기도 시흥시,,경기도 시흥시 정왕동 2298-1,생활방범,3,200,360도,30,201912,031-310-6763,37.35395416,126.7401168,2026-01-20,I,2026-05-15 18:45:39,2026-03-09 15:20:11,
4010000,202640100000801629,경기도 시흥시,,경기도 시흥시 정왕동 1206-9,생활방범,3,200,360도,30,201912,031-310-6763,37.34630371,126.7468893,2026-01-20,I,2026-05-15 18:45:39,2026-03-09 15:20:11,
4010000,202640100000801630,경기도 시흥시,,경기도 시흥시 정왕동 1419-10,생활방범,4,200,360도,30,201912,031-310-6763,37.33849627,126.7520661,2026-01-20,I,2026-05-15 18:45:39,2026-03-09 15:20:11,
4010000,202640100000801631,경기도 시흥시,,경기도 시흥시 정왕동 2008-7,생활방범,4,200,360도,30,201912,031-310-6763,37.34361348,126.688116,2026-01-20,I,2026-05-15 18:45:39,2026-03-09 15:20:11,
4010000,202640100000801632,경기도 시흥시,,경기도 시흥시 정왕동 2001-7,생활방범,3,200,360도,30,201912,031-310-6763,37.34541555,126.6887788,2026-01-20,I,2026-05-15 18:45:39,2026-03-09 15:20:11,
4010000,202640100000801633,경기도 시흥시,,경기도 시흥시 거모동 1751-8,생활방범,3,200,360도,30,201912,031-310-6763,37.34221837,126.7837836,2026-01-20,I,2026-05-15 18:45:39,2026-03-09 15:20:11,
4010000,202640100000801634,경기도 시흥시,,경기도 시흥시 거모동 1763-13,생활방범,3,200,360도,30,201912,031-310-6763,37.34270631,126.7862473,2026-01-20,I,2026-05-15 18:45:39,2026-03-09 15:20:11,
4010000,202640100000801635,경기도 시흥시,,경기도 시흥시 거모동 1766-3,생활방범,3,200,360도,30,201912,031-310-6763,37.34243962,126.7883664,2026-01-20,I,2026-05-15 18:45:39,2026-03-09 15:20:11,
4010000,202640100000801636,경기도 시흥시,,경기도 시흥시 거모동 1628-79,생활방범,2,200,360도,30,201912,031-310-6763,37.34136503,126.7889606,2026-01-20,I,2026-05-15 18:45:39,2026-03-09 15:20:11,
4010000,202640100000801637,경기도 시흥시,,경기도 시흥시 거모동 1628-73,생활방범,3,200,360도,30,201912,031-310-6763,37.34160314,126.7877346,2026-01-20,I,2026-05-15 18:45:39,2026-03-09 15:20:11,
4010000,202640100000801638,경기도 시흥시,,경기도 시흥시 정왕동 2305-42,생활방범,3,200,360도,30,201912,031-310-6763,37.35191574,126.7379294,2026-01-20,I,2026-05-15 18:45:39,2026-03-09 15:20:11,
4010000,202640100000801639,경기도 시흥시,,경기도 시흥시 정왕동 1993-9,생활방범,3,200,360도,30,201912,031-310-6763,37.3454837,126.6904109,2026-01-20,I,2026-05-15 18:45:39,2026-03-09 15:20:12,
4010000,202640100000801640,경기도 시흥시,,경기도 시흥시 정왕동 1986-4,생활방범,3,200,360도,30,201912,031-310-6763,37.34553994,126.6920717,2026-01-20,I,2026-05-15 18:45:39,2026-03-09 15:20:12,
4010000,202640100000801641,경기도 시흥시,,경기도 시흥시 정왕동 1994-5,생활방범,3,200,360도,30,201912,031-310-6763,37.34483281,126.6909295,2026-01-20,I,2026-05-15 18:45:39,2026-03-09 15:20:12,
4010000,202640100000801642,경기도 시흥시,,경기도 시흥시 정왕동 1517-3,생활방범,4,200,360도,30,201912,031-310-6763,37.3440235,126.7523045,2026-01-20,I,2026-05-15 18:45:39,2026-03-09 15:20:12,
4010000,202640100000801643,경기도 시흥시,,경기도 시흥시 정왕동 1527-6,생활방범,4,200,360도,30,201912,031-310-6763,37.34314549,126.7550488,2026-01-20,I,2026-05-15 18:45:39,2026-03-09 15:20:12,
4010000,202640100000801644,경기도 시흥시,,경기도 시흥시 거모동 497-2,생활방범,3,200,360도,30,201912,031-310-6763,37.35630032,126.7703203,2026-01-20,I,2026-05-15 18:45:39,2026-03-09 15:20:12,
4010000,202640100000801645,경기도 시흥시,,경기도 시흥시 거모동 625-2,생활방범,3,200,360도,30,201912,031-310-6763,37.35867575,126.7754036,2026-01-20,I,2026-05-15 18:45:39,2026-03-09 15:20:12,
4010000,202640100000801646,경기도 시흥시,,경기도 시흥시 정왕동 1173-6,생활방범,4,200,360도,30,201912,031-310-6763,37.34608309,126.7536069,2026-01-20,I,2026-05-15 18:45:39,2026-03-09 15:20:12,
4010000,202640100000801647,경기도 시흥시,,경기도 시흥시 정왕동 1173-7,생활방범,5,200,360도,30,201912,031-310-6763,37.34590308,126.7534344,2026-01-20,I,2026-05-15 18:45:39,2026-03-09 15:20:12,
4010000,202640100000801648,경기도 시흥시,,경기도 시흥시 정왕동 1215-10,생활방범,2,200,360도,30,201912,031-310-6763,37.34325816,126.7508393,2026-01-20,I,2026-05-15 18:45:39,2026-03-09 15:20:12,
4010000,202640100000801649,경기도 시흥시,,경기도 시흥시 정왕동 1500,생활방범,4,200,360도,30,201912,031-310-6763,37.34668328,126.7548298,2026-01-20,I,2026-05-15 18:45:39,2026-03-09 15:20:12,
4010000,202640100000801650,경기도 시흥시,,경기도 시흥시 정왕동 1507,생활방범,5,200,360도,30,201912,031-310-6763,37.34495033,126.7560898,2026-01-20,I,2026-05-15 18:45:39,2026-03-09 15:20:12,
4010000,202640100000801651,경기도 시흥시,,경기도 시흥시 정왕동 1508-7,생활방범,4,200,360도,30,201912,031-310-6763,37.34467788,126.7553187,2026-01-20,I,2026-05-15 18:45:39,2026-03-09 15:20:12,
4010000,202640100000801652,경기도 시흥시,,경기도 시흥시 정왕동 1559-13,생활방범,5,200,360도,30,201912,031-310-6763,37.34362444,126.7473487,2026-01-20,I,2026-05-15 18:45:39,2026-03-09 15:20:12,
4010000,202640100000801653,경기도 시흥시,,경기도 시흥시 정왕동 287-2,생활방범,4,200,360도,30,201912,031-310-6763,37.36612204,126.7615171,2026-01-20,I,2026-05-15 18:45:39,2026-03-09 15:20:12,
4010000,202640100000801654,경기도 시흥시,,경기도 시흥시 대야동 472,생활방범,4,200,360도,30,201912,031-310-6763,37.44596776,126.7885241,2026-01-20,I,2026-05-15 18:45:39,2026-03-09 15:20:12,
4010000,202640100000801655,경기도 시흥시,,경기도 시흥시 하상동 72-2,생활방범,3,200,360도,30,201912,031-310-6763,37.39684205,126.813503,2026-01-20,I,2026-05-15 18:45:39,2026-03-09 15:20:12,
4010000,202640100000801656,경기도 시흥시,,경기도 시흥시 하상동 산 13-23,생활방범,3,200,360도,30,201912,031-310-6763,37.38935022,126.8136079,2026-01-20,I,2026-05-15 18:45:39,2026-03-09 15:20:12,
4010000,202640100000801657,경기도 시흥시,,경기도 시흥시 조남동 174-80,생활방범,3,200,360도,30,201912,031-310-6763,37.38311633,126.8560123,2026-01-20,I,2026-05-15 18:45:39,2026-03-09 15:20:12,
4010000,202640100000801658,경기도 시흥시,,경기도 시흥시 조남동 319-1,생활방범,3,200,360도,30,201912,031-310-6763,37.37339094,126.8603747,2026-01-20,I,2026-05-15 18:45:39,2026-03-09 15:20:12,
4010000,202640100000801659,경기도 시흥시,,경기도 시흥시 하중동 298-4,생활방범,3,200,360도,30,201912,031-310-6763,37.39923114,126.8021311,2026-01-20,I,2026-05-15 18:45:39,2026-03-09 15:20:12,
4010000,202640100000801660,경기도 시흥시,,경기도 시흥시 월곶동 1012-3,생활방범,4,200,360도,30,201912,031-310-6763,37.38834344,126.7362042,2026-01-20,I,2026-05-15 18:45:39,2026-03-09 15:20:12,
4010000,202640100000801661,경기도 시흥시,,경기도 시흥시 하중동 871-3,생활방범,3,200,360도,30,201912,031-310-6763,37.39180037,126.8072749,2026-01-20,I,2026-05-15 18:45:39,2026-03-09 15:20:12,
4010000,202640100000801662,경기도 시흥시,,경기도 시흥시 하중동 557-1,생활방범,2,200,360도,30,201912,031-310-6763,37.39364744,126.8032516,2026-01-20,I,2026-05-15 18:45:39,2026-03-09 15:20:12,
4010000,202640100000801663,경기도 시흥시,,경기도 시흥시 하중동 392-7,생활방범,3,200,360도,30,201912,031-310-6763,37.39855876,126.8003551,2026-01-20,I,2026-05-15 18:45:39,2026-03-09 15:20:12,
4010000,202640100000801664,경기도 시흥시,,경기도 시흥시 하중동 833-4,생활방범,3,200,360도,30,201912,031-310-6763,37.39892451,126.798527,2026-01-20,I,2026-05-15 18:45:39,2026-03-09 15:20:12,
4010000,202640100000801665,경기도 시흥시,,경기도 시흥시 장현동 544-6,생활방범,3,200,360도,30,201912,031-310-6763,37.38074307,126.8008528,2026-01-20,I,2026-05-15 18:45:39,2026-03-09 15:20:12,
4010000,202640100000801666,경기도 시흥시,,경기도 시흥시 장현동 547-5,생활방범,3,200,360도,30,201912,031-310-6763,37.38101468,126.8023384,2026-01-20,I,2026-05-15 18:45:39,2026-03-09 15:20:12,
4010000,202640100000801667,경기도 시흥시,,경기도 시흥시 하중동 877-4,생활방범,4,200,360도,30,201912,031-310-6763,37.39057277,126.8044324,2026-01-20,I,2026-05-15 18:45:39,2026-03-09 15:20:12,
4010000,202640100000801668,경기도 시흥시,,경기도 시흥시 하중동 877-1,생활방범,3,200,360도,30,201912,031-310-6763,37.3916279,126.8040244,2026-01-20,I,2026-05-15 18:45:39,2026-03-09 15:20:12,
4010000,202640100000801669,경기도 시흥시,,경기도 시흥시 하중동 815-6,생활방범,2,200,360도,30,201912,031-310-6763,37.4004311,126.7983629,2026-01-20,I,2026-05-15 18:45:39,2026-03-09 15:20:12,
4010000,202640100000801670,경기도 시흥시,,경기도 시흥시 하중동 149-4,생활방범,3,200,360도,30,201912,031-310-6763,37.40164053,126.7981266,2026-01-20,I,2026-05-15 18:45:39,2026-03-09 15:20:12,
4010000,202640100000801671,경기도 시흥시,,경기도 시흥시 포동 4-6,생활방범,3,200,360도,30,201912,031-310-6763,37.40685603,126.786405,2026-01-20,I,2026-05-15 18:45:39,2026-03-09 15:20:12,
4010000,202640100000801672,경기도 시흥시,,경기도 시흥시 하상동 295-2,생활방범,2,200,360도,30,201912,031-310-6763,37.38959424,126.8170273,2026-01-20,I,2026-05-15 18:45:39,2026-03-09 15:20:12,
4010000,202640100000801673,경기도 시흥시,,경기도 시흥시 정왕동 1201,생활방범,5,200,360도,30,201912,031-310-6763,37.34571102,126.7495283,2026-01-20,I,2026-05-15 18:45:39,2026-03-09 15:20:12,
4010000,202640100000801674,경기도 시흥시,,경기도 시흥시 정왕동 2319-1,생활방범,5,200,360도,30,201912,031-310-6763,37.35307625,126.742341,2026-01-20,I,2026-05-15 18:45:39,2026-03-09 15:20:12,
4010000,202640100000801675,경기도 시흥시,,경기도 시흥시 월곶동 100-7,생활방범,4,200,360도,30,201912,031-310-6763,37.38172337,126.7673585,2026-01-20,I,2026-05-15 18:45:39,2026-03-09 15:20:12,
4010000,202640100000801676,경기도 시흥시,,경기도 시흥시 포동 68-19,생활방범,3,200,360도,30,201912,031-310-6763,37.40337871,126.7745992,2026-01-20,I,2026-05-15 18:45:39,2026-03-09 15:20:12,
4010000,202640100000801677,경기도 시흥시,,경기도 시흥시 정왕동 1831-8,생활방범,4,200,360도,30,201912,031-310-6763,37.34731411,126.7442695,2026-01-20,I,2026-05-15 18:45:39,2026-03-09 15:20:12,
4010000,202640100000801678,경기도 시흥시,,경기도 시흥시 포동 5-12,생활방범,2,200,360도,30,201912,031-310-6763,37.40736038,126.7854245,2026-01-20,I,2026-05-15 18:45:39,2026-03-09 15:20:12,
4010000,202640100000801679,경기도 시흥시,,경기도 시흥시 정왕동 1194-6,생활방범,2,200,360도,30,201912,031-310-6763,37.34494726,126.7519034,2026-01-20,I,2026-05-15 18:45:39,2026-03-09 15:20:12,
4010000,202640100000801680,경기도 시흥시,,경기도 시흥시 정왕동 1523-13,생활방범,4,200,360도,30,201912,031-310-6763,37.34250938,126.7522525,2026-01-20,I,2026-05-15 18:45:39,2026-03-09 15:20:12,
4010000,202640100000801681,경기도 시흥시,,경기도 시흥시 포동 6-5,생활방범,2,200,360도,30,201912,031-310-6763,37.4079309,126.7848132,2026-01-20,I,2026-05-15 18:45:39,2026-03-09 15:20:12,
4010000,202640100000801682,경기도 시흥시,,경기도 시흥시 포동 16-4,생활방범,4,200,360도,30,201912,031-310-6763,37.4057711,126.7831695,2026-01-20,I,2026-05-15 18:45:39,2026-03-09 15:20:12,
4010000,202640100000801683,경기도 시흥시,,경기도 시흥시 포동 20-257,생활방범,3,200,360도,30,201912,031-310-6763,37.40182048,126.7750192,2026-01-20,I,2026-05-15 18:45:39,2026-03-09 15:20:12,
4010000,202640100000801684,경기도 시흥시,,경기도 시흥시 포동 36-61,생활방범,3,200,360도,30,201912,031-310-6763,37.4036727,126.7738121,2026-01-20,I,2026-05-15 18:45:39,2026-03-09 15:20:12,
4010000,202640100000801685,경기도 시흥시,,경기도 시흥시 논곡동 230-2,생활방범,3,200,360도,30,201912,031-310-6763,37.39290842,126.8544297,2026-01-20,I,2026-05-15 18:45:39,2026-03-09 15:20:12,
4010000,202640100000801686,경기도 시흥시,,경기도 시흥시 논곡동 243-2,생활방범,3,200,360도,30,201912,031-310-6763,37.39441042,126.8563758,2026-01-20,I,2026-05-15 18:45:39,2026-03-09 15:20:12,
4010000,202640100000801687,경기도 시흥시,,경기도 시흥시 배곧동 154,생활방범,4,200,360도,30,201912,031-310-6763,37.37377991,126.7315194,2026-01-20,I,2026-05-15 18:45:39,2026-03-09 15:20:12,
4010000,202640100000801688,경기도 시흥시,,경기도 시흥시 월곶동 92-1,생활방범,4,200,360도,30,201912,031-310-6763,37.38214636,126.7680478,2026-01-20,I,2026-05-15 18:45:39,2026-03-09 15:20:12,
4010000,202640100000801689,경기도 시흥시,,경기도 시흥시 신천동 879-9,생활방범,4,200,360도,30,201912,031-310-6763,37.43374508,126.7922242,2026-01-20,I,2026-05-15 18:45:39,2026-03-09 15:20:12,
4010000,202640100000801690,경기도 시흥시,,경기도 시흥시 정왕동 1538,생활방범,4,200,360도,30,201912,031-310-6763,37.34236052,126.758093,2026-01-20,I,2026-05-15 18:45:39,2026-03-09 15:20:12,
4010000,202640100000801691,경기도 시흥시,,경기도 시흥시 정왕동 1541-3,생활방범,3,200,360도,30,201912,031-310-6763,37.3410353,126.756617,2026-01-20,I,2026-05-15 18:45:39,2026-03-09 15:20:12,
4010000,202640100000801692,경기도 시흥시,,경기도 시흥시 정왕동 1809-4,생활방범,4,200,360도,30,201912,031-310-6763,37.34931245,126.7431298,2026-01-20,I,2026-05-15 18:45:39,2026-03-09 15:20:12,
4010000,202640100000801693,경기도 시흥시,,경기도 시흥시 정왕동 1832-6,생활방범,5,200,360도,30,201912,031-310-6763,37.34874566,126.7441267,2026-01-20,I,2026-05-15 18:45:39,2026-03-09 15:20:12,
4010000,202640100000801694,경기도 시흥시,,경기도 시흥시 하중동 872-2,생활방범,4,200,360도,30,201912,031-310-6763,37.3910834,126.8075474,2026-01-20,I,2026-05-15 18:45:39,2026-03-09 15:20:13,
4010000,202640100000801695,경기도 시흥시,,경기도 시흥시 정왕동 1880-3,생활방범,3,200,360도,30,201912,031-310-6763,37.36478875,126.7302871,2026-01-20,I,2026-05-15 18:45:39,2026-03-09 15:20:13,
4010000,202640100000801696,경기도 시흥시,,경기도 시흥시 물왕동 95-14,생활방범,4,200,360도,30,201912,031-310-6763,37.38293012,126.8398484,2026-01-20,I,2026-05-15 18:45:39,2026-03-09 15:20:13,
4010000,202640100000801697,경기도 시흥시,,경기도 시흥시 정왕동 1599-1,생활방범,4,200,360도,30,201912,031-310-6763,37.34788658,126.7424512,2026-01-20,I,2026-05-15 18:45:39,2026-03-09 15:20:13,
4010000,202640100000801698,경기도 시흥시,,경기도 시흥시 정왕동 1819-1,생활방범,5,200,360도,30,201912,031-310-6763,37.34937943,126.7448716,2026-01-20,I,2026-05-15 18:45:39,2026-03-09 15:20:13,
4010000,202640100000801699,경기도 시흥시,,경기도 시흥시 정왕동 1803-10,생활방범,3,200,360도,30,201912,031-310-6763,37.35011364,126.7407359,2026-01-20,I,2026-05-15 18:45:39,2026-03-09 15:20:13,
4010000,202640100000801700,경기도 시흥시,,경기도 시흥시 정왕동 1838-5,생활방범,5,200,360도,30,201912,031-310-6763,37.34724028,126.745142,2026-01-20,I,2026-05-15 18:45:39,2026-03-09 15:20:13,
4010000,202640100000801701,경기도 시흥시,,경기도 시흥시 신천동 434-1,생활방범,4,200,360도,30,201912,031-310-6763,37.4403944,126.7782823,2026-01-20,I,2026-05-15 18:45:39,2026-03-09 15:20:13,
4010000,202640100000801702,경기도 시흥시,,경기도 시흥시 신천동 410-1,생활방범,4,200,360도,30,201912,031-310-6763,37.4415156,126.7783378,2026-01-20,I,2026-05-15 18:45:39,2026-03-09 15:20:13,
4010000,202640100000801703,경기도 시흥시,,경기도 시흥시 정왕동 1430-7,생활방범,5,200,360도,30,201912,031-310-6763,37.34133201,126.7474726,2026-01-20,I,2026-05-15 18:45:39,2026-03-09 15:20:13,
4010000,202640100000801704,경기도 시흥시,,경기도 시흥시 정왕동 1410-8,생활방범,4,200,360도,30,201912,031-310-6763,37.34105443,126.750821,2026-01-20,I,2026-05-15 18:45:39,2026-03-09 15:20:13,
4010000,202640100000801705,경기도 시흥시,,경기도 시흥시 신천동 755-18,생활방범,4,200,360도,30,201912,031-310-6763,37.43963489,126.7804737,2026-01-20,I,2026-05-15 18:45:39,2026-03-09 15:20:13,
4010000,202640100000801706,경기도 시흥시,,경기도 시흥시 하중동 746-2,생활방범,4,200,360도,30,201912,031-310-6763,37.38821685,126.8066149,2026-01-20,I,2026-05-15 18:45:39,2026-03-09 15:20:13,
4010000,202640100000801707,경기도 시흥시,,경기도 시흥시 은행동 274-5,생활방범,4,200,360도,30,201912,031-310-6763,37.43183941,126.7975852,2026-01-20,I,2026-05-15 18:45:39,2026-03-09 15:20:13,
4010000,202640100000801708,경기도 시흥시,,경기도 시흥시 매화동 253-1,생활방범,4,200,360도,30,201912,031-310-6763,37.41528618,126.8130545,2026-01-20,I,2026-05-15 18:45:39,2026-03-09 15:20:13,
4010000,202640100000801709,경기도 시흥시,,경기도 시흥시 대야동 664-3,생활방범,3,200,360도,30,202012,031-310-6763,37.45393231,126.798282,2026-01-20,I,2026-05-15 18:45:39,2026-03-09 15:20:13,
4010000,202640100000801710,경기도 시흥시,,경기도 시흥시 대야동 664-6,생활방범,4,200,360도,30,202012,031-310-6763,37.45268337,126.7993312,2026-01-20,I,2026-05-15 18:45:39,2026-03-09 15:20:13,
4010000,202640100000801711,경기도 시흥시,,경기도 시흥시 대야동 665-3,생활방범,5,200,360도,30,202012,031-310-6763,37.45259992,126.8006106,2026-01-20,I,2026-05-15 18:45:39,2026-03-09 15:20:13,
4010000,202640100000801712,경기도 시흥시,,경기도 시흥시 대야동 664-11,생활방범,4,200,360도,30,202012,031-310-6763,37.4528759,126.7971292,2026-01-20,I,2026-05-15 18:45:39,2026-03-09 15:20:13,
4010000,202640100000801713,경기도 시흥시,,경기도 시흥시 대야동 652,생활방범,5,200,360도,30,202012,031-310-6763,37.45176799,126.7957454,2026-01-20,I,2026-05-15 18:45:39,2026-03-09 15:20:13,
4010000,202640100000801714,경기도 시흥시,,경기도 시흥시 대야동213-10,생활방범,4,200,360도,30,202512,031-310-6763,37.45132786,126.7937637,2026-01-20,I,2026-05-15 18:45:39,2026-03-09 15:20:13,
4010000,202640100000801715,경기도 시흥시,,경기도 시흥시 대야동 650-3,생활방범,3,200,360도,30,202012,031-310-6763,37.45152342,126.7949696,2026-01-20,I,2026-05-15 18:45:39,2026-03-09 15:20:13,
4010000,202640100000801716,경기도 시흥시,,경기도 시흥시 대야동657,생활방범,4,200,360도,30,202512,031-310-6763,37.45141523,126.7963357,2026-01-20,I,2026-05-15 18:45:39,2026-03-09 15:20:13,
4010000,202640100000801717,경기도 시흥시,,경기도 시흥시 대야동 667,생활방범,4,200,360도,30,202012,031-310-6763,37.45174567,126.7995911,2026-01-20,I,2026-05-15 18:45:39,2026-03-09 15:20:13,
4010000,202640100000801718,경기도 시흥시,,경기도 시흥시 대야동 271-7,생활방범,5,200,360도,30,202012,031-310-6763,37.45043863,126.7949076,2026-01-20,I,2026-05-15 18:45:39,2026-03-09 15:20:13,
4010000,202640100000801719,경기도 시흥시,,경기도 시흥시 대야동654-2,생활방범,4,200,360도,30,202512,031-310-6763,37.45055604,126.7959696,2026-01-20,I,2026-05-15 18:45:39,2026-03-09 15:20:13,
4010000,202640100000801720,경기도 시흥시,,경기도 시흥시 대야동 656-5,생활방범,4,200,360도,30,202012,031-310-6763,37.45017719,126.7971617,2026-01-20,I,2026-05-15 18:45:39,2026-03-09 15:20:13,
4010000,202640100000801721,경기도 시흥시,,경기도 시흥시 대야동 690-2,생활방범,4,200,360도,30,202012,031-310-6763,37.44939562,126.7991329,2026-01-20,I,2026-05-15 18:45:39,2026-03-09 15:20:13,
4010000,202640100000801722,경기도 시흥시,,경기도 시흥시 대야동 666-3,생활방범,4,200,360도,30,202012,031-310-6763,37.45062604,126.8010384,2026-01-20,I,2026-05-15 18:45:39,2026-03-09 15:20:13,
4010000,202640100000801723,경기도 시흥시,,경기도 시흥시 대야동690-5,생활방범,3,200,360도,30,202512,031-310-6763,37.44945216,126.8015143,2026-01-20,I,2026-05-15 18:45:39,2026-03-09 15:20:13,
4010000,202640100000801724,경기도 시흥시,,경기도 시흥시 대야동 642-190,생활방범,5,200,360도,30,202012,031-310-6763,37.4481992,126.8006021,2026-01-20,I,2026-05-15 18:45:39,2026-03-09 15:20:13,
4010000,202640100000801725,경기도 시흥시,,경기도 시흥시 대야동 690,생활방범,5,200,360도,30,202012,031-310-6763,37.44843814,126.7980847,2026-01-20,I,2026-05-15 18:45:39,2026-03-09 15:20:13,
4010000,202640100000801726,경기도 시흥시,,경기도 시흥시 은행동606-1,생활방범,4,200,360도,30,202512,031-310-6763,37.44623694,126.8027103,2026-01-20,I,2026-05-15 18:45:39,2026-03-09 15:20:13,
4010000,202640100000801727,경기도 시흥시,,경기도 시흥시 은행동 622,생활방범,3,200,360도,30,202012,031-310-6763,37.44220906,126.8056641,2026-01-20,I,2026-05-15 18:45:39,2026-03-09 15:20:13,
4010000,202640100000801728,경기도 시흥시,,경기도 시흥시 은행동 601-145,생활방범,4,200,360도,30,202012,031-310-6763,37.44246654,126.8085266,2026-01-20,I,2026-05-15 18:45:39,2026-03-09 15:20:13,
4010000,202640100000801729,경기도 시흥시,,경기도 시흥시 은행동 622,생활방범,4,200,360도,30,202012,031-310-6763,37.44284125,126.8061165,2026-01-20,I,2026-05-15 18:45:39,2026-03-09 15:20:13,
4010000,202640100000801730,경기도 시흥시,,경기도 시흥시 은행동 626,생활방범,4,200,360도,30,202012,031-310-6763,37.4402843,126.8078557,2026-01-20,I,2026-05-15 18:45:39,2026-03-09 15:20:13,
4010000,202640100000801731,경기도 시흥시,,경기도 시흥시 은행동544,생활방범,5,200,360도,30,202512,031-310-6763,37.4420363,126.8017648,2026-01-20,I,2026-05-15 18:45:39,2026-03-09 15:20:13,
4010000,202640100000801732,경기도 시흥시,,경기도 시흥시 은행동93-1,생활방범,5,200,360도,30,202512,031-310-6763,37.44078779,126.7995692,2026-01-20,I,2026-05-15 18:45:39,2026-03-09 15:20:13,
4010000,202640100000801733,경기도 시흥시,,경기도 시흥시 은행동681-4,생활방범,4,200,360도,30,202512,031-310-6763,37.43855567,126.8080792,2026-01-20,I,2026-05-15 18:45:39,2026-03-09 15:20:13,
4010000,202640100000801734,경기도 시흥시,,경기도 시흥시 은행동 639-1,생활방범,4,200,360도,30,202012,031-310-6763,37.43627224,126.8052926,2026-01-20,I,2026-05-15 18:45:39,2026-03-09 15:20:13,
4010000,202640100000801735,경기도 시흥시,,경기도 시흥시 은행동 638-3,생활방범,5,200,360도,30,202012,031-310-6763,37.43554845,126.8048553,2026-01-20,I,2026-05-15 18:45:39,2026-03-09 15:20:13,
4010000,202640100000801736,경기도 시흥시,,경기도 시흥시 은행동 641-8,생활방범,3,200,360도,30,202012,031-310-6763,37.43479012,126.8059005,2026-01-20,I,2026-05-15 18:45:39,2026-03-09 15:20:13,
4010000,202640100000801737,경기도 시흥시,,경기도 시흥시 은행동113-33,생활방범,3,200,360도,30,202512,031-310-6763,37.43625659,126.7983197,2026-01-20,I,2026-05-15 18:45:39,2026-03-09 15:20:13,
4010000,202640100000801738,경기도 시흥시,,경기도 시흥시 은행동664-2,생활방범,4,200,360도,30,202512,031-310-6763,37.43324839,126.8048244,2026-01-20,I,2026-05-15 18:45:39,2026-03-09 15:20:13,
4010000,202640100000801739,경기도 시흥시,,경기도 시흥시 은행동668-3,생활방범,4,200,360도,30,202512,031-310-6763,37.43238281,126.8052564,2026-01-20,I,2026-05-15 18:45:39,2026-03-09 15:20:13,
4010000,202640100000801740,경기도 시흥시,,경기도 시흥시 은행동654,생활방범,4,200,360도,30,202512,031-310-6763,37.43329325,126.799952,2026-01-20,I,2026-05-15 18:45:39,2026-03-09 15:20:13,
4010000,202640100000801741,경기도 시흥시,,경기도 시흥시 은행동671-3,생활방범,4,200,360도,30,202512,031-310-6763,37.43135339,126.8010647,2026-01-20,I,2026-05-15 18:45:39,2026-03-09 15:20:13,
4010000,202640100000801742,경기도 시흥시,,경기도 시흥시 은행동671,생활방범,4,200,360도,30,202512,031-310-6763,37.43093329,126.7991493,2026-01-20,I,2026-05-15 18:45:39,2026-03-09 15:20:13,
4010000,202640100000801743,경기도 시흥시,,경기도 시흥시 은행동672-4,생활방범,4,200,360도,30,202512,031-310-6763,37.42987246,126.7994363,2026-01-20,I,2026-05-15 18:45:39,2026-03-09 15:20:13,
4010000,202640100000801744,경기도 시흥시,,경기도 시흥시 은행동672,생활방범,5,200,360도,30,202512,031-310-6763,37.43081236,126.7973616,2026-01-20,I,2026-05-15 18:45:39,2026-03-09 15:20:13,
4010000,202640100000801745,경기도 시흥시,,경기도 시흥시 은행동496,생활방범,4,200,360도,30,202512,031-310-6763,37.42963788,126.8000902,2026-01-20,I,2026-05-15 18:45:39,2026-03-09 15:20:13,
4010000,202640100000801746,경기도 시흥시,,경기도 시흥시 은행동672-7,생활방범,4,200,360도,30,202512,031-310-6763,37.42902895,126.7967255,2026-01-20,I,2026-05-15 18:45:39,2026-03-09 15:20:13,
4010000,202640100000801747,경기도 시흥시,,경기도 시흥시 은행동 645-5,생활방범,4,200,360도,30,202012,031-310-6763,37.43643103,126.8037156,2026-01-20,I,2026-05-15 18:45:39,2026-03-09 15:20:13,
4010000,202640100000801748,경기도 시흥시,,경기도 시흥시 은행동680-1,생활방범,5,200,360도,30,202512,031-310-6763,37.44390512,126.8043848,2026-01-20,I,2026-05-15 18:45:39,2026-03-09 15:20:13,
4010000,202640100000801749,경기도 시흥시,,경기도 시흥시 은행동 608-14,생활방범,4,200,360도,30,202012,031-310-6763,37.44390982,126.805553,2026-01-20,I,2026-05-15 18:45:39,2026-03-09 15:20:13,
4010000,202640100000801750,경기도 시흥시,,경기도 시흥시 은행동 608-4,생활방범,4,200,360도,30,202012,031-310-6763,37.44568662,126.8038882,2026-01-20,I,2026-05-15 18:45:39,2026-03-09 15:20:13,
4010000,202640100000801751,경기도 시흥시,,경기도 시흥시 대야동642-25,생활방범,3,200,360도,30,202512,031-310-6763,37.44913468,126.8039069,2026-01-20,I,2026-05-15 18:45:39,2026-03-09 15:20:13,
4010000,202640100000801752,경기도 시흥시,,경기도 시흥시 대야동647,생활방범,4,200,360도,30,202512,031-310-6763,37.44917884,126.795974,2026-01-20,I,2026-05-15 18:45:39,2026-03-09 15:20:13,
4010000,202640100000801753,경기도 시흥시,,경기도 시흥시 은행동 638-8,생활방범,5,200,360도,30,202012,031-310-6763,37.43474299,126.8044728,2026-01-20,I,2026-05-15 18:45:39,2026-03-09 15:20:13,
4010000,202640100000801754,경기도 시흥시,,경기도 시흥시 대야동675-1,생활방범,4,200,360도,30,202512,031-310-6763,37.44752397,126.7989868,2026-01-20,I,2026-05-15 18:45:39,2026-03-09 15:20:14,
4010000,202640100000801755,경기도 시흥시,,경기도 시흥시 대야동642-110,생활방범,4,200,360도,30,202512,031-310-6763,37.4476543,126.8041794,2026-01-20,I,2026-05-15 18:45:39,2026-03-09 15:20:14,
4010000,202640100000801756,경기도 시흥시,,경기도 시흥시 은행동544,생활방범,4,200,360도,30,202512,031-310-6763,37.44227531,126.8031494,2026-01-20,I,2026-05-15 18:45:39,2026-03-09 15:20:14,
4010000,202640100000801757,경기도 시흥시,,경기도 시흥시 은행동618-1,생활방범,5,200,360도,30,202512,031-310-6763,37.43874744,126.7991091,2026-01-20,I,2026-05-15 18:45:39,2026-03-09 15:20:14,
4010000,202640100000801758,경기도 시흥시,,경기도 시흥시 은행동248-48,생활방범,5,200,360도,30,202512,031-310-6763,37.43469428,126.7983065,2026-01-20,I,2026-05-15 18:45:39,2026-03-09 15:20:14,
4010000,202640100000801759,경기도 시흥시,,경기도 시흥시 은행동691,생활방범,5,200,360도,30,202512,031-310-6763,37.43466637,126.8014121,2026-01-20,I,2026-05-15 18:45:39,2026-03-09 15:20:14,
4010000,202640100000801760,경기도 시흥시,,경기도 시흥시 은행동662-2,생활방범,5,200,360도,30,202512,031-310-6763,37.43263377,126.8039882,2026-01-20,I,2026-05-15 18:45:39,2026-03-09 15:20:14,
4010000,202640100000801761,경기도 시흥시,,경기도 시흥시 은행동 622,생활방범,3,200,360도,30,202012,031-310-6763,37.44164515,126.8067163,2026-01-20,I,2026-05-15 18:45:39,2026-03-09 15:20:14,
4010000,202640100000801762,경기도 시흥시,,경기도 시흥시 은행동 622,생활방범,3,200,360도,30,202012,031-310-6763,37.44203467,126.8066573,2026-01-20,I,2026-05-15 18:45:39,2026-03-09 15:20:14,
4010000,202640100000801763,경기도 시흥시,,경기도 시흥시 정왕동 1434-1,생활방범,5,200,360도,30,202012,031-310-6763,37.34256145,126.7473242,2026-01-20,I,2026-05-15 18:45:39,2026-03-09 15:20:14,
4010000,202640100000801764,경기도 시흥시,,경기도 시흥시 정왕동 1574-3,생활방범,4,200,360도,30,202012,031-310-6763,37.34498852,126.7455448,2026-01-20,I,2026-05-15 18:45:39,2026-03-09 15:20:14,
4010000,202640100000801765,경기도 시흥시,,경기도 시흥시 정왕동 1433-5,생활방범,4,200,360도,30,202012,031-310-6763,37.34171699,126.7468537,2026-01-20,I,2026-05-15 18:45:39,2026-03-09 15:20:14,
4010000,202640100000801766,경기도 시흥시,,경기도 시흥시 정왕동 1498-20,생활방범,4,200,360도,30,202012,031-310-6763,37.34174662,126.751454,2026-01-20,I,2026-05-15 18:45:39,2026-03-09 15:20:14,
4010000,202640100000801767,경기도 시흥시,,경기도 시흥시 정왕동 1593-6,생활방범,4,200,360도,30,202012,031-310-6763,37.34397805,126.7432237,2026-01-20,I,2026-05-15 18:45:39,2026-03-09 15:20:14,
4010000,202640100000801768,경기도 시흥시,,경기도 시흥시 정왕동 1546,생활방범,4,200,360도,30,202012,031-310-6763,37.34262562,126.7545987,2026-01-20,I,2026-05-15 18:45:39,2026-03-09 15:20:14,
4010000,202640100000801769,경기도 시흥시,,경기도 시흥시 신천동 843-24,생활방범,4,200,360도,30,202012,031-310-6763,37.43716217,126.7823675,2026-01-20,I,2026-05-15 18:45:39,2026-03-09 15:20:14,
4010000,202640100000801770,경기도 시흥시,,경기도 시흥시 신천동 762,생활방범,4,200,360도,30,202012,031-310-6763,37.43786788,126.7833525,2026-01-20,I,2026-05-15 18:45:39,2026-03-09 15:20:14,
4010000,202640100000801771,경기도 시흥시,,경기도 시흥시 정왕동 1413-7,생활방범,4,200,360도,30,202012,031-310-6763,37.34009218,126.7492269,2026-01-20,I,2026-05-15 18:45:39,2026-03-09 15:20:14,
4010000,202640100000801772,경기도 시흥시,,경기도 시흥시 정왕동 1425,생활방범,4,200,360도,30,202012,031-310-6763,37.33830572,126.7540188,2026-01-20,I,2026-05-15 18:45:39,2026-03-09 15:20:14,
4010000,202640100000801773,경기도 시흥시,,경기도 시흥시 정왕동 1407-6,생활방범,4,200,360도,30,202012,031-310-6763,37.34027574,126.7525366,2026-01-20,I,2026-05-15 18:45:39,2026-03-09 15:20:14,
4010000,202640100000801774,경기도 시흥시,,경기도 시흥시 대야동 81-1,생활방범,4,200,360도,30,202012,031-310-6763,37.4575931,126.7881713,2026-01-20,I,2026-05-15 18:45:39,2026-03-09 15:20:14,
4010000,202640100000801775,경기도 시흥시,,경기도 시흥시 대야동 산171-1,생활방범,5,200,360도,30,202012,031-310-6763,37.45004937,126.7834837,2026-01-20,I,2026-05-15 18:45:39,2026-03-09 15:20:14,
4010000,202640100000801776,경기도 시흥시,,경기도 시흥시 정왕동 2025-1,생활방범,5,200,360도,30,202012,031-310-6763,37.34318501,126.6894706,2026-01-20,I,2026-05-15 18:45:39,2026-03-09 15:20:14,
4010000,202640100000801777,경기도 시흥시,,경기도 시흥시 정왕동 1974-1,생활방범,4,200,360도,30,202012,031-310-6763,37.34795669,126.6896543,2026-01-20,I,2026-05-15 18:45:39,2026-03-09 15:20:14,
4010000,202640100000801778,경기도 시흥시,,경기도 시흥시 정왕동 2032-7,생활방범,4,200,360도,30,202012,031-310-6763,37.34155712,126.6869715,2026-01-20,I,2026-05-15 18:45:39,2026-03-09 15:20:14,
4010000,202640100000801779,경기도 시흥시,,경기도 시흥시 정왕동 1989-18,생활방범,4,200,360도,30,202012,031-310-6763,37.34591623,126.6908639,2026-01-20,I,2026-05-15 18:45:39,2026-03-09 15:20:14,
4010000,202640100000801780,경기도 시흥시,,경기도 시흥시 정왕동 2022-6,생활방범,5,200,360도,30,202012,031-310-6763,37.34202625,126.6902436,2026-01-20,I,2026-05-15 18:45:39,2026-03-09 15:20:14,
4010000,202640100000801781,경기도 시흥시,,경기도 시흥시 하상동 386,생활방범,4,200,360도,30,202012,031-310-6763,37.39504939,126.8140158,2026-01-20,I,2026-05-15 18:45:39,2026-03-09 15:20:14,
4010000,202640100000801782,경기도 시흥시,,경기도 시흥시 하상동 342-2,생활방범,4,200,360도,30,202012,031-310-6763,37.38964004,126.8123993,2026-01-20,I,2026-05-15 18:45:39,2026-03-09 15:20:14,
4010000,202640100000801783,경기도 시흥시,,경기도 시흥시 하중동 850-8,생활방범,4,200,360도,30,202012,031-310-6763,37.39589732,126.8030873,2026-01-20,I,2026-05-15 18:45:39,2026-03-09 15:20:14,
4010000,202640100000801784,경기도 시흥시,,경기도 시흥시 하중동 830-1,생활방범,4,200,360도,30,202012,031-310-6763,37.39936114,126.7992267,2026-01-20,I,2026-05-15 18:45:39,2026-03-09 15:20:14,
4010000,202640100000801785,경기도 시흥시,,경기도 시흥시 정왕동 1831-5,생활방범,4,200,360도,30,202012,031-310-6763,37.34781133,126.7442283,2026-01-20,I,2026-05-15 18:45:39,2026-03-09 15:20:14,
4010000,202640100000801786,경기도 시흥시,,경기도 시흥시 정왕동 1501-8,생활방범,4,200,360도,30,202012,031-310-6763,37.34555763,126.7539038,2026-01-20,I,2026-05-15 18:45:39,2026-03-09 15:20:14,
4010000,202640100000801787,경기도 시흥시,,경기도 시흥시 정왕동 1802-1,생활방범,4,200,360도,30,202012,031-310-6763,37.35004279,126.7398814,2026-01-20,I,2026-05-15 18:45:39,2026-03-09 15:20:14,
4010000,202640100000801788,경기도 시흥시,,경기도 시흥시 정왕동 1608-5,생활방범,4,200,360도,30,202012,031-310-6763,37.34669574,126.7416676,2026-01-20,I,2026-05-15 18:45:39,2026-03-09 15:20:14,
4010000,202640100000801789,경기도 시흥시,,경기도 시흥시 정왕동 1599-11,생활방범,4,200,360도,30,202012,031-310-6763,37.34761984,126.7421625,2026-01-20,I,2026-05-15 18:45:39,2026-03-09 15:20:14,
4010000,202640100000801790,경기도 시흥시,,경기도 시흥시 정왕동 1213-6,생활방범,4,200,360도,30,202012,031-310-6763,37.34488208,126.7491683,2026-01-20,I,2026-05-15 18:45:39,2026-03-09 15:20:14,
4010000,202640100000801791,경기도 시흥시,,경기도 시흥시 정왕동 1165-8,생활방범,4,200,360도,30,202012,031-310-6763,37.34742476,126.7536085,2026-01-20,I,2026-05-15 18:45:39,2026-03-09 15:20:14,
4010000,202640100000801792,경기도 시흥시,,경기도 시흥시 신천동 178-4,생활방범,5,200,360도,30,202012,031-310-6763,37.4318542,126.787626,2026-01-20,I,2026-05-15 18:45:39,2026-03-09 15:20:14,
4010000,202640100000801793,경기도 시흥시,,경기도 시흥시 신천동 755-9,생활방범,5,200,360도,30,202012,031-310-6763,37.43961708,126.7812387,2026-01-20,I,2026-05-15 18:45:39,2026-03-09 15:20:14,
4010000,202640100000801794,경기도 시흥시,,경기도 시흥시 신천동 846-9,생활방범,4,200,360도,30,202012,031-310-6763,37.43698755,126.7846397,2026-01-20,I,2026-05-15 18:45:39,2026-03-09 15:20:14,
4010000,202640100000801795,경기도 시흥시,,경기도 시흥시 신천동 745,생활방범,4,200,360도,30,202012,031-310-6763,37.44137808,126.7801632,2026-01-20,I,2026-05-15 18:45:39,2026-03-09 15:20:14,
4010000,202640100000801796,경기도 시흥시,,경기도 시흥시 은행동 276-25,생활방범,5,200,360도,30,202012,031-310-6763,37.43216975,126.7961368,2026-01-20,I,2026-05-15 18:45:39,2026-03-09 15:20:14,
4010000,202640100000801797,경기도 시흥시,,경기도 시흥시 안현동 400-4,생활방범,5,200,360도,30,202012,031-310-6763,37.42955655,126.8132323,2026-01-20,I,2026-05-15 18:45:39,2026-03-09 15:20:14,
4010000,202640100000801798,경기도 시흥시,,경기도 시흥시 신천동 759-6,생활방범,4,200,360도,30,202012,031-310-6763,37.44429335,126.7814294,2026-01-20,I,2026-05-15 18:45:39,2026-03-09 15:20:14,
4010000,202640100000801799,경기도 시흥시,,경기도 시흥시 방산동 255,생활방범,5,200,360도,30,202012,031-310-6763,37.42090173,126.7650895,2026-01-20,I,2026-05-15 18:45:39,2026-03-09 15:20:14,
4010000,202640100000801800,경기도 시흥시,,경기도 시흥시 신천동 723,생활방범,4,200,360도,30,202012,031-310-6763,37.44329772,126.7796643,2026-01-20,I,2026-05-15 18:45:39,2026-03-09 15:20:14,
4010000,202640100000801801,경기도 시흥시,,경기도 시흥시 신천동 816-6,생활방범,4,200,360도,30,202012,031-310-6763,37.43827424,126.7772901,2026-01-20,I,2026-05-15 18:45:39,2026-03-09 15:20:14,
4010000,202640100000801802,경기도 시흥시,,경기도 시흥시 신천동 819-9,생활방범,5,200,360도,30,202012,031-310-6763,37.4377623,126.7784285,2026-01-20,I,2026-05-15 18:45:39,2026-03-09 15:20:14,
4010000,202640100000801803,경기도 시흥시,,경기도 시흥시 신천동 834-19,생활방범,3,200,360도,30,202012,031-310-6763,37.43694193,126.7804989,2026-01-20,I,2026-05-15 18:45:39,2026-03-09 15:20:14,
4010000,202640100000801804,경기도 시흥시,,경기도 시흥시 신천동 838-13,생활방범,5,200,360도,30,202012,031-310-6763,37.43735048,126.7822391,2026-01-20,I,2026-05-15 18:45:39,2026-03-09 15:20:14,
4010000,202640100000801805,경기도 시흥시,,경기도 시흥시 하상동 374-8,생활방범,5,200,360도,30,202012,031-310-6763,37.39151381,126.8149767,2026-01-20,I,2026-05-15 18:45:39,2026-03-09 15:20:14,
4010000,202640100000801806,경기도 시흥시,,경기도 시흥시 월곶동 60-2,생활방범,4,200,360도,30,202012,031-310-6763,37.38293562,126.7697498,2026-01-20,I,2026-05-15 18:45:39,2026-03-09 15:20:14,
4010000,202640100000801807,경기도 시흥시,,경기도 시흥시 월곶동 362,생활방범,4,200,360도,30,202012,031-310-6763,37.37336156,126.7642374,2026-01-20,I,2026-05-15 18:45:39,2026-03-09 15:20:14,
4010000,202640100000801808,경기도 시흥시,,경기도 시흥시 정왕동 1276-9,생활방범,5,200,360도,30,202012,031-310-6763,37.33329587,126.7320676,2026-01-20,I,2026-05-15 18:45:39,2026-03-09 15:20:14,
4010000,202640100000801809,경기도 시흥시,,경기도 시흥시 신천동 816-10,생활방범,4,200,360도,30,202012,031-310-6763,37.43773292,126.7774248,2026-01-20,I,2026-05-15 18:45:39,2026-03-09 15:20:14,
4010000,202640100000801810,경기도 시흥시,,경기도 시흥시 조남동 682-1,생활방범,5,200,360도,30,202012,031-310-6763,37.37240441,126.8547791,2026-01-20,I,2026-05-15 18:45:39,2026-03-09 15:20:14,
4010000,202640100000801811,경기도 시흥시,,경기도 시흥시 군자동 124,생활방범,5,200,360도,30,202012,031-310-6763,37.36292925,126.8061463,2026-01-20,I,2026-05-15 18:45:39,2026-03-09 15:20:15,
4010000,202640100000801812,경기도 시흥시,,경기도 시흥시 계수동 산136-9,생활방범,4,200,360도,30,202012,031-310-6763,37.44140843,126.8130669,2026-01-20,I,2026-05-15 18:45:39,2026-03-09 15:20:15,
4010000,202640100000801813,경기도 시흥시,,경기도 시흥시 물왕동 252-2,생활방범,4,200,360도,30,202012,031-310-6763,37.38988158,126.8252624,2026-01-20,I,2026-05-15 18:45:39,2026-03-09 15:20:15,
4010000,202640100000801814,경기도 시흥시,,경기도 시흥시 조남동 190-2,생활방범,3,200,360도,30,202012,031-310-6763,37.38410858,126.8568662,2026-01-20,I,2026-05-15 18:45:39,2026-03-09 15:20:15,
4010000,202640100000801815,경기도 시흥시,,경기도 시흥시 월곶동 996-3,생활방범,5,200,360도,30,202012,031-310-6763,37.38978101,126.7433365,2026-01-20,I,2026-05-15 18:45:39,2026-03-09 15:20:15,
4010000,202640100000801816,경기도 시흥시,,경기도 시흥시 안현동 365-3,생활방범,4,200,360도,30,202012,031-310-6763,37.42911152,126.808852,2026-01-20,I,2026-05-15 18:45:39,2026-03-09 15:20:15,
4010000,202640100000801817,경기도 시흥시,,경기도 시흥시 장곡동 806,생활방범,4,200,360도,30,202012,031-310-6763,37.37735461,126.7812765,2026-01-20,I,2026-05-15 18:45:39,2026-03-09 15:20:15,
4010000,202640100000801818,경기도 시흥시,,경기도 시흥시 죽율동 420-1,생활방범,3,200,360도,30,202012,031-310-6763,37.352249,126.762304,2026-01-20,I,2026-05-15 18:45:39,2026-03-09 15:20:15,
4010000,202640100000801819,경기도 시흥시,,경기도 시흥시 대야동 산171-1,생활방범,3,200,360도,30,202012,031-310-6763,37.44976905,126.7837519,2026-01-20,I,2026-05-15 18:45:39,2026-03-09 15:20:15,
4010000,202640100000801820,경기도 시흥시,,경기도 시흥시 대야동 산171-1,생활방범,4,200,360도,30,202012,031-310-6763,37.44978557,126.7840426,2026-01-20,I,2026-05-15 18:45:39,2026-03-09 15:20:15,
4010000,202640100000801821,경기도 시흥시,,경기도 시흥시 조남동 175-5,생활방범,4,200,360도,30,202012,031-310-6763,37.38247318,126.8572411,2026-01-20,I,2026-05-15 18:45:39,2026-03-09 15:20:15,
4010000,202640100000801822,경기도 시흥시,,경기도 시흥시 정왕동 2131-2,생활방범,4,200,360도,30,202012,031-310-6763,37.33074712,126.7476213,2026-01-20,I,2026-05-15 18:45:39,2026-03-09 15:20:15,
4010000,202640100000801823,경기도 시흥시,,경기도 시흥시 정왕동 2131-2,생활방범,4,200,360도,30,202012,031-310-6763,37.33144662,126.7483787,2026-01-20,I,2026-05-15 18:45:39,2026-03-09 15:20:15,
4010000,202640100000801824,경기도 시흥시,,경기도 시흥시 대야동 332-134,생활방범,5,200,360도,30,202112,031-310-6763,37.44978892,126.7873339,2026-01-20,I,2026-05-15 18:45:39,2026-03-09 15:20:15,
4010000,202640100000801825,경기도 시흥시,,경기도 시흥시 대야동 332-134,생활방범,4,200,360도,30,202112,031-310-6763,37.44927181,126.7879507,2026-01-20,I,2026-05-15 18:45:39,2026-03-09 15:20:15,
4010000,202640100000801826,경기도 시흥시,,경기도 시흥시 정왕동 2726-5,생활방범,4,200,360도,30,201712,031-310-6763,37.32742886,126.6727513,2026-01-20,I,2026-05-15 18:45:39,2026-03-09 15:20:15,
4010000,202640100000801827,경기도 시흥시,,경기도 시흥시 정왕동 2738-1,생활방범,4,200,360도,30,201712,031-310-6763,37.32018709,126.6858596,2026-01-20,I,2026-05-15 18:45:39,2026-03-09 15:20:15,
4010000,202640100000801828,경기도 시흥시,,경기도 시흥시 신천동 131-2,생활방범,4,200,360도,30,202012,031-310-6763,37.4305057,126.7905812,2026-01-20,I,2026-05-15 18:45:39,2026-03-09 15:20:15,
4010000,202640100000801829,경기도 시흥시,,경기도 시흥시 신천동 873-18,생활방범,4,200,360도,30,202012,031-310-6763,37.43143244,126.7887296,2026-01-20,I,2026-05-15 18:45:39,2026-03-09 15:20:15,
4010000,202640100000801830,경기도 시흥시,,경기도 시흥시 대야동 418-126,생활방범,4,200,360도,30,202112,031-310-6763,37.44139711,126.7885521,2026-01-20,I,2026-05-15 18:45:39,2026-03-09 15:20:15,
4010000,202640100000801831,경기도 시흥시,,경기도 시흥시 대야동 418-126,생활방범,3,200,360도,30,202112,031-310-6763,37.44120437,126.7887419,2026-01-20,I,2026-05-15 18:45:39,2026-03-09 15:20:15,
4010000,202640100000801832,경기도 시흥시,,경기도 시흥시 대야동 418-126,생활방범,4,200,360도,30,202112,031-310-6763,37.44080781,126.7885348,2026-01-20,I,2026-05-15 18:45:39,2026-03-09 15:20:15,
4010000,202640100000801833,경기도 시흥시,,경기도 시흥시 대야동 418-126,생활방범,4,200,360도,30,202112,031-310-6763,37.44048117,126.7883238,2026-01-20,I,2026-05-15 18:45:39,2026-03-09 15:20:15,
4010000,202640100000801834,경기도 시흥시,,경기도 시흥시 대야동 418-126,생활방범,4,200,360도,30,202112,031-310-6763,37.44003197,126.7880036,2026-01-20,I,2026-05-15 18:45:39,2026-03-09 15:20:15,
4010000,202640100000801835,경기도 시흥시,,경기도 시흥시 대야동 418-126,생활방범,4,200,360도,30,202112,031-310-6763,37.44011025,126.7877951,2026-01-20,I,2026-05-15 18:45:39,2026-03-09 15:20:15,
4010000,202640100000801836,경기도 시흥시,,경기도 시흥시 대야동 418-126,생활방범,4,200,360도,30,202112,031-310-6763,37.44148777,126.7882468,2026-01-20,I,2026-05-15 18:45:39,2026-03-09 15:20:15,
4010000,202640100000801837,경기도 시흥시,,경기도 시흥시 대야동 418-126,생활방범,4,200,360도,30,202112,031-310-6763,37.44052194,126.7875528,2026-01-20,I,2026-05-15 18:45:39,2026-03-09 15:20:15,
4010000,202640100000801838,경기도 시흥시,,경기도 시흥시 대야동 418-16,생활방범,4,200,360도,30,202112,031-310-6763,37.43993887,126.7913467,2026-01-20,I,2026-05-15 18:45:39,2026-03-09 15:20:15,
4010000,202640100000801839,경기도 시흥시,,경기도 시흥시 대야동 418-16,생활방범,4,200,360도,30,202112,031-310-6763,37.43988388,126.7915478,2026-01-20,I,2026-05-15 18:45:39,2026-03-09 15:20:15,
4010000,202640100000801840,경기도 시흥시,,경기도 시흥시 대야동 540-3,생활방범,4,200,360도,30,202112,031-310-6763,37.4417897,126.7903377,2026-01-20,I,2026-05-15 18:45:39,2026-03-09 15:20:15,
4010000,202640100000801841,경기도 시흥시,,경기도 시흥시 거모동 1771-2,생활방범,4,200,360도,30,202012,031-310-6763,37.34236785,126.7853277,2026-01-20,I,2026-05-15 18:45:39,2026-03-09 15:20:15,
4010000,202640100000801842,경기도 시흥시,,경기도 시흥시 거모동 1758-7,생활방범,5,200,360도,30,202012,031-310-6763,37.34437116,126.7857951,2026-01-20,I,2026-05-15 18:45:39,2026-03-09 15:20:15,
4010000,202640100000801843,경기도 시흥시,,경기도 시흥시 거모동 1737-1,생활방범,4,200,360도,30,202012,031-310-6763,37.34554222,126.7820066,2026-01-20,I,2026-05-15 18:45:39,2026-03-09 15:20:15,
4010000,202640100000801844,경기도 시흥시,,경기도 시흥시 죽율동 767,생활방범,4,200,360도,30,202012,031-310-6763,37.34995469,126.7566607,2026-01-20,I,2026-05-15 18:45:39,2026-03-09 15:20:15,
4010000,202640100000801845,경기도 시흥시,,경기도 시흥시 정왕동 2243-4,생활방범,4,200,360도,30,202012,031-310-6763,37.35662812,126.7513128,2026-01-20,I,2026-05-15 18:45:39,2026-03-09 15:20:15,
4010000,202640100000801846,경기도 시흥시,,경기도 시흥시 정왕동 1407-13,생활방범,3,200,360도,30,202012,031-310-6763,37.3405868,126.752084,2026-01-20,I,2026-05-15 18:45:39,2026-03-09 15:20:15,
4010000,202640100000801847,경기도 시흥시,,경기도 시흥시 정왕동 1582-8,생활방범,4,200,360도,30,202012,031-310-6763,37.34352555,126.7460992,2026-01-20,I,2026-05-15 18:45:39,2026-03-09 15:20:15,
4010000,202640100000801848,경기도 시흥시,,경기도 시흥시 정왕동 1562,생활방범,4,200,360도,30,202012,031-310-6763,37.34333428,126.7489044,2026-01-20,I,2026-05-15 18:45:39,2026-03-09 15:20:15,
4010000,202640100000801849,경기도 시흥시,,경기도 시흥시 정왕동 1803-6,생활방범,4,200,360도,30,202012,031-310-6763,37.34954028,126.7406784,2026-01-20,I,2026-05-15 18:45:39,2026-03-09 15:20:15,
4010000,202640100000801850,경기도 시흥시,,경기도 시흥시 정왕동 1804-3,생활방범,4,200,360도,30,202012,031-310-6763,37.34981401,126.7416784,2026-01-20,I,2026-05-15 18:45:39,2026-03-09 15:20:15,
4010000,202640100000801851,경기도 시흥시,,경기도 시흥시 정왕동 1810-1,생활방범,3,200,360도,30,202012,031-310-6763,37.35025008,126.7431483,2026-01-20,I,2026-05-15 18:45:39,2026-03-09 15:20:15,
4010000,202640100000801852,경기도 시흥시,,경기도 시흥시 정왕동 1809-8,생활방범,4,200,360도,30,202012,031-310-6763,37.35008159,126.7434268,2026-01-20,I,2026-05-15 18:45:39,2026-03-09 15:20:15,
4010000,202640100000801853,경기도 시흥시,,경기도 시흥시 정왕동 1826-5,생활방범,4,200,360도,30,202012,031-310-6763,37.34905876,126.7440036,2026-01-20,I,2026-05-15 18:45:39,2026-03-09 15:20:15,
4010000,202640100000801854,경기도 시흥시,,경기도 시흥시 대야동 361-2,생활방범,5,200,360도,30,202112,031-310-6763,37.44489765,126.7909542,2026-01-20,I,2026-05-15 18:45:39,2026-03-09 15:20:15,
4010000,202640100000801855,경기도 시흥시,,경기도 시흥시 신천동 770-7,생활방범,5,200,360도,30,202112,031-310-6763,37.43832984,126.7865611,2026-01-20,I,2026-05-15 18:45:39,2026-03-09 15:20:15,
4010000,202640100000801856,경기도 시흥시,,경기도 시흥시 정왕동 1946,생활방범,5,200,360도,30,202112,031-310-6763,37.35388376,126.7147352,2026-01-20,I,2026-05-15 18:45:39,2026-03-09 15:20:15,
4010000,202640100000801857,경기도 시흥시,,경기도 시흥시 신천동 713-13,생활방범,5,200,360도,30,202112,031-310-6763,37.44196623,126.782204,2026-01-20,I,2026-05-15 18:45:39,2026-03-09 15:20:15,
4010000,202640100000801858,경기도 시흥시,,경기도 시흥시 금이동 417-4,생활방범,4,200,360도,30,202112,031-310-6763,37.39309052,126.8395428,2026-01-20,I,2026-05-15 18:45:39,2026-03-09 15:20:15,
4010000,202640100000801859,경기도 시흥시,,경기도 시흥시 매화동 220-24,생활방범,4,200,360도,30,202112,031-310-6763,37.41726104,126.8116619,2026-01-20,I,2026-05-15 18:45:39,2026-03-09 15:20:15,
4010000,202640100000801860,경기도 시흥시,,경기도 시흥시 매화동 229-1,생활방범,5,200,360도,30,202112,031-310-6763,37.41629998,126.8100264,2026-01-20,I,2026-05-15 18:45:39,2026-03-09 15:20:16,
4010000,202640100000801861,경기도 시흥시,,경기도 시흥시 목감동 411,생활방범,4,200,360도,30,202112,031-310-6763,37.38297592,126.8628116,2026-01-20,I,2026-05-15 18:45:39,2026-03-09 15:20:16,
4010000,202640100000801862,경기도 시흥시,,경기도 시흥시 조남동 670,생활방범,5,200,360도,30,202112,031-310-6763,37.37475725,126.8519174,2026-01-20,I,2026-05-15 18:45:39,2026-03-09 15:20:16,
4010000,202640100000801863,경기도 시흥시,,경기도 시흥시 조남동 670,생활방범,4,200,360도,30,202112,031-310-6763,37.37546953,126.8512602,2026-01-20,I,2026-05-15 18:45:39,2026-03-09 15:20:16,
4010000,202640100000801864,경기도 시흥시,,경기도 시흥시 정왕동 1838-2,생활방범,4,200,360도,30,202112,031-310-6763,37.3474667,126.7449851,2026-01-20,I,2026-05-15 18:45:39,2026-03-09 15:20:16,
4010000,202640100000801865,경기도 시흥시,,경기도 시흥시 장곡동 812-1,생활방범,5,200,360도,30,202112,031-310-6763,37.37823693,126.7832903,2026-01-20,I,2026-05-15 18:45:39,2026-03-09 15:20:16,
4010000,202640100000801866,경기도 시흥시,,경기도 시흥시 배곧동 244,생활방범,4,200,360도,30,202112,031-310-6763,37.36386411,126.7144582,2026-01-20,I,2026-05-15 18:45:39,2026-03-09 15:20:16,
4010000,202640100000801867,경기도 시흥시,,경기도 시흥시 배곧동 78-12,생활방범,4,200,360도,30,202112,031-310-6763,37.37883249,126.7304216,2026-01-20,I,2026-05-15 18:45:39,2026-03-09 15:20:16,
4010000,202640100000801868,경기도 시흥시,,경기도 시흥시 배곧동 79,생활방범,4,200,360도,30,202112,031-310-6763,37.37694472,126.731377,2026-01-20,I,2026-05-15 18:45:39,2026-03-09 15:20:16,
4010000,202640100000801869,경기도 시흥시,,경기도 시흥시 정왕동 2165-3,생활방범,4,200,360도,30,202112,031-310-6763,37.34901503,126.721092,2026-01-20,I,2026-05-15 18:45:39,2026-03-09 15:20:16,
4010000,202640100000801870,경기도 시흥시,,경기도 시흥시 정왕동 2165-2,생활방범,5,200,360도,30,202112,031-310-6763,37.3475476,126.7196923,2026-01-20,I,2026-05-15 18:45:39,2026-03-09 15:20:16,
4010000,202640100000801871,경기도 시흥시,,경기도 시흥시 정왕동 2164-8,생활방범,5,200,360도,30,202112,031-310-6763,37.35060789,126.7148289,2026-01-20,I,2026-05-15 18:45:39,2026-03-09 15:20:16,
4010000,202640100000801872,경기도 시흥시,,경기도 시흥시 정왕동 1244-9,생활방범,5,200,360도,30,202112,031-310-6763,37.34668121,126.7114418,2026-01-20,I,2026-05-15 18:45:39,2026-03-09 15:20:16,
4010000,202640100000801873,경기도 시흥시,,경기도 시흥시 정왕동 1253-5,생활방범,5,200,360도,30,202112,031-310-6763,37.34375997,126.7161833,2026-01-20,I,2026-05-15 18:45:39,2026-03-09 15:20:16,
4010000,202640100000801874,경기도 시흥시,,경기도 시흥시 정왕동 1235-7,생활방범,5,200,360도,30,202112,031-310-6763,37.3445434,126.7053774,2026-01-20,I,2026-05-15 18:45:39,2026-03-09 15:20:16,
4010000,202640100000801875,경기도 시흥시,,경기도 시흥시 정왕동 1251-6,생활방범,5,200,360도,30,202112,031-310-6763,37.34158304,126.7101651,2026-01-20,I,2026-05-15 18:45:39,2026-03-09 15:20:16,
4010000,202640100000801876,경기도 시흥시,,경기도 시흥시 정왕동 1250-1,생활방범,3,200,360도,30,202112,031-310-6763,37.33927094,126.7121301,2026-01-20,I,2026-05-15 18:45:39,2026-03-09 15:20:16,
4010000,202640100000801877,경기도 시흥시,,경기도 시흥시 정왕동 2122-3,생활방범,4,200,360도,30,202112,031-310-6763,37.33542086,126.7431052,2026-01-20,I,2026-05-15 18:45:39,2026-03-09 15:20:16,
4010000,202640100000801878,경기도 시흥시,,경기도 시흥시 정왕동 1351-2,생활방범,5,200,360도,30,202112,031-310-6763,37.33913153,126.7037101,2026-01-20,I,2026-05-15 18:45:39,2026-03-09 15:20:16,
4010000,202640100000801879,경기도 시흥시,,경기도 시흥시 정왕동 1963,생활방범,5,200,360도,30,202112,031-310-6763,37.33924884,126.7386276,2026-01-20,I,2026-05-15 18:45:39,2026-03-09 15:20:16,
4010000,202640100000801880,경기도 시흥시,,경기도 시흥시 정왕동 1249-7,생활방범,5,200,360도,30,202112,031-310-6763,37.33625319,126.7088555,2026-01-20,I,2026-05-15 18:45:39,2026-03-09 15:20:16,
4010000,202640100000801881,경기도 시흥시,,경기도 시흥시 정왕동 1697-4,생활방범,4,200,360도,30,202112,031-310-6763,37.33448652,126.7071627,2026-01-20,I,2026-05-15 18:45:39,2026-03-09 15:20:16,
4010000,202640100000801882,경기도 시흥시,,경기도 시흥시 정왕동 2166-1,생활방범,4,200,360도,30,202112,031-310-6763,37.34837348,126.7221932,2026-01-20,I,2026-05-15 18:45:39,2026-03-09 15:20:16,
4010000,202640100000801883,경기도 시흥시,,경기도 시흥시 정왕동 1261,생활방범,5,200,360도,30,202112,031-310-6763,37.34384669,126.7252067,2026-01-20,I,2026-05-15 18:45:39,2026-03-09 15:20:16,
4010000,202640100000801884,경기도 시흥시,,경기도 시흥시 정왕동 1256-14,생활방범,4,200,360도,30,202112,031-310-6763,37.33884119,126.7146227,2026-01-20,I,2026-05-15 18:45:39,2026-03-09 15:20:16,
4010000,202640100000801885,경기도 시흥시,,경기도 시흥시 정왕동 1703-1,생활방범,5,200,360도,30,202112,031-310-6763,37.33128098,126.7126016,2026-01-20,I,2026-05-15 18:45:39,2026-03-09 15:20:16,
4010000,202640100000801886,경기도 시흥시,,경기도 시흥시 정왕동 2175-9,생활방범,5,200,360도,30,202112,031-310-6763,37.32754975,126.7090476,2026-01-20,I,2026-05-15 18:45:39,2026-03-09 15:20:16,
4010000,202640100000801887,경기도 시흥시,,경기도 시흥시 정왕동 1281-10,생활방범,5,200,360도,30,202112,031-310-6763,37.33173501,126.7309114,2026-01-20,I,2026-05-15 18:45:39,2026-03-09 15:20:16,
4010000,202640100000801888,경기도 시흥시,,경기도 시흥시 정왕동 1368,생활방범,5,200,360도,30,202112,031-310-6763,37.33182003,126.7261613,2026-01-20,I,2026-05-15 18:45:39,2026-03-09 15:20:16,
4010000,202640100000801889,경기도 시흥시,,경기도 시흥시 정왕동 1380,생활방범,5,200,360도,30,202112,031-310-6763,37.32503867,126.724427,2026-01-20,I,2026-05-15 18:45:39,2026-03-09 15:20:16,
4010000,202640100000801890,경기도 시흥시,,경기도 시흥시 정왕동 2167-5,생활방범,4,200,360도,30,202112,031-310-6763,37.34279265,126.7310033,2026-01-20,I,2026-05-15 18:45:39,2026-03-09 15:20:16,
4010000,202640100000801891,경기도 시흥시,,경기도 시흥시 정왕동 1960,생활방범,4,200,360도,30,202112,031-310-6763,37.34237039,126.7321861,2026-01-20,I,2026-05-15 18:45:39,2026-03-09 15:20:16,
4010000,202640100000801892,경기도 시흥시,,경기도 시흥시 정왕동 2305-3,생활방범,3,200,360도,30,202112,031-310-6763,37.35305216,126.7372396,2026-01-20,I,2026-05-15 18:45:39,2026-03-09 15:20:16,
4010000,202640100000801893,경기도 시흥시,,경기도 시흥시 정왕동 876-175,생활방범,5,200,360도,30,202112,031-310-6763,37.35156555,126.7364955,2026-01-20,I,2026-05-15 18:45:39,2026-03-09 15:20:16,
4010000,202640100000801894,경기도 시흥시,,경기도 시흥시 정왕동 1802-3,생활방범,4,200,360도,30,202112,031-310-6763,37.35057363,126.7400974,2026-01-20,I,2026-05-15 18:45:39,2026-03-09 15:20:16,
4010000,202640100000801895,경기도 시흥시,,경기도 시흥시 정왕동 876-258,생활방범,5,200,360도,30,202112,031-310-6763,37.35133521,126.7408482,2026-01-20,I,2026-05-15 18:45:39,2026-03-09 15:20:16,
4010000,202640100000801896,경기도 시흥시,,경기도 시흥시 정왕동 876-365,생활방범,4,200,360도,30,202112,031-310-6763,37.35055177,126.7435952,2026-01-20,I,2026-05-15 18:45:39,2026-03-09 15:20:16,
4010000,202640100000801897,경기도 시흥시,,경기도 시흥시 정왕동 2324-3,생활방범,4,200,360도,30,202112,031-310-6763,37.35097184,126.7448702,2026-01-20,I,2026-05-15 18:45:39,2026-03-09 15:20:16,
4010000,202640100000801898,경기도 시흥시,,경기도 시흥시 정왕동 1833-8,생활방범,5,200,360도,30,202112,031-310-6763,37.34850884,126.7444865,2026-01-20,I,2026-05-15 18:45:39,2026-03-09 15:20:16,
4010000,202640100000801899,경기도 시흥시,,경기도 시흥시 대야동 420-55,생활방범,4,200,360도,30,202112,031-310-6763,37.44622132,126.7923162,2026-01-20,I,2026-05-15 18:45:39,2026-03-09 15:20:16,
4010000,202640100000801900,경기도 시흥시,,경기도 시흥시 대야동 361-17,생활방범,3,200,360도,30,202112,031-310-6763,37.44567947,126.7916238,2026-01-20,I,2026-05-15 18:45:39,2026-03-09 15:20:16,
4010000,202640100000801901,경기도 시흥시,,경기도 시흥시 대야동 561-3,생활방범,4,200,360도,30,202112,031-310-6763,37.4444523,126.7905467,2026-01-20,I,2026-05-15 18:45:39,2026-03-09 15:20:16,
4010000,202640100000801902,경기도 시흥시,,경기도 시흥시 대야동 477-8,생활방범,5,200,360도,30,202112,031-310-6763,37.44588166,126.78545,2026-01-20,I,2026-05-15 18:45:39,2026-03-09 15:20:16,
4010000,202640100000801903,경기도 시흥시,,경기도 시흥시 신천동 824-26,생활방범,4,200,360도,30,202112,031-310-6763,37.43695584,126.7760514,2026-01-20,I,2026-05-15 18:45:39,2026-03-09 15:20:16,
4010000,202640100000801904,경기도 시흥시,,경기도 시흥시 미산동 702-2,생활방범,4,200,360도,30,202112,031-310-6763,37.40877688,126.7879667,2026-01-20,I,2026-05-15 18:45:39,2026-03-09 15:20:16,
4010000,202640100000801905,경기도 시흥시,,경기도 시흥시 미산동 484-6,생활방범,5,200,360도,30,202112,031-310-6763,37.40950091,126.7883634,2026-01-20,I,2026-05-15 18:45:39,2026-03-09 15:20:16,
4010000,202640100000801906,경기도 시흥시,,경기도 시흥시 매화동 276-6,생활방범,5,200,360도,30,202112,031-310-6763,37.41117226,126.8166952,2026-01-20,I,2026-05-15 18:45:39,2026-03-09 15:20:16,
4010000,202640100000801907,경기도 시흥시,,경기도 시흥시 매화동 355-1,생활방범,4,200,360도,30,202112,031-310-6763,37.41694115,126.8094448,2026-01-20,I,2026-05-15 18:45:39,2026-03-09 15:20:16,
4010000,202640100000801908,경기도 시흥시,,경기도 시흥시 도창동 413-1,생활방범,4,200,360도,30,202112,031-310-6763,37.40859283,126.8139508,2026-01-20,I,2026-05-15 18:45:39,2026-03-09 15:20:16,
4010000,202640100000801909,경기도 시흥시,,경기도 시흥시 조남동 711-2,생활방범,4,200,360도,30,202112,031-310-6763,37.38086536,126.8618677,2026-01-20,I,2026-05-15 18:45:39,2026-03-09 15:20:16,
4010000,202640100000801910,경기도 시흥시,,경기도 시흥시 거모동 1746-13,생활방범,4,200,360도,30,202112,031-310-6763,37.34327726,126.7825702,2026-01-20,I,2026-05-15 18:45:39,2026-03-09 15:20:16,
4010000,202640100000801911,경기도 시흥시,,경기도 시흥시 정왕동 2235-1,생활방범,4,200,360도,30,202112,031-310-6763,37.35893508,126.7514722,2026-01-20,I,2026-05-15 18:45:39,2026-03-09 15:20:16,
4010000,202640100000801912,경기도 시흥시,,경기도 시흥시 정왕동 2294-7,생활방범,4,200,360도,30,202112,031-310-6763,37.35323847,126.7391445,2026-01-20,I,2026-05-15 18:45:39,2026-03-09 15:20:16,
4010000,202640100000801913,경기도 시흥시,,경기도 시흥시 정왕동 876-271,생활방범,4,200,360도,30,202112,031-310-6763,37.34308578,126.7584745,2026-01-20,I,2026-05-15 18:45:39,2026-03-09 15:20:16,
4010000,202640100000801914,경기도 시흥시,,경기도 시흥시 정왕동 1948,생활방범,4,200,360도,30,202112,031-310-6763,37.35244721,126.7173782,2026-01-20,I,2026-05-15 18:45:39,2026-03-09 15:20:16,
4010000,202640100000801915,경기도 시흥시,,경기도 시흥시 정왕동 1956,생활방범,5,200,360도,30,202112,031-310-6763,37.34604486,126.7277211,2026-01-20,I,2026-05-15 18:45:39,2026-03-09 15:20:16,
4010000,202640100000801916,경기도 시흥시,,경기도 시흥시 정왕동 2042-2,생활방범,4,200,360도,30,202112,031-310-6763,37.34126598,126.6887743,2026-01-20,I,2026-05-15 18:45:39,2026-03-09 15:20:16,
4010000,202640100000801917,경기도 시흥시,,경기도 시흥시 장현동 530-3,생활방범,4,200,360도,30,202112,031-310-6763,37.38216847,126.8018731,2026-01-20,I,2026-05-15 18:45:39,2026-03-09 15:20:16,
4010000,202640100000801918,경기도 시흥시,,경기도 시흥시 하중동 854-5,생활방범,5,200,360도,30,202112,031-310-6763,37.39466508,126.8047031,2026-01-20,I,2026-05-15 18:45:39,2026-03-09 15:20:16,
4010000,202640100000801919,경기도 시흥시,,경기도 시흥시 하중동 823-6,생활방범,5,200,360도,30,202112,031-310-6763,37.39960322,126.8004221,2026-01-20,I,2026-05-15 18:45:39,2026-03-09 15:20:16,
4010000,202640100000801920,경기도 시흥시,,경기도 시흥시 하중동 872-1,생활방범,4,200,360도,30,202112,031-310-6763,37.39081382,126.8068763,2026-01-20,I,2026-05-15 18:45:39,2026-03-09 15:20:16,
4010000,202640100000801921,경기도 시흥시,,경기도 시흥시 월곶동 614-4,생활방범,5,200,360도,30,202112,031-310-6763,37.38438075,126.7513597,2026-01-20,I,2026-05-15 18:45:39,2026-03-09 15:20:16,
4010000,202640100000801922,경기도 시흥시,,경기도 시흥시 매화동 851 (사거리 주변공원),생활방범,5,200,360도,30,202312,031-310-6763,37.41601656,126.8202197,2026-01-20,I,2026-05-15 18:45:39,2026-03-09 15:20:17,
4010000,202640100000801923,경기도 시흥시,,경기도 시흥시 매화동 82-1 (한국코드 앞 사거리),생활방범,5,200,360도,30,202312,031-310-6763,37.41641202,126.8199199,2026-01-20,I,2026-05-15 18:45:39,2026-03-09 15:20:17,
4010000,202640100000801924,경기도 시흥시,,경기도 시흥시 매화동 131-1 (주신전자 옆 공원),생활방범,4,200,360도,30,202312,031-310-6763,37.41668818,126.8186939,2026-01-20,I,2026-05-15 18:45:39,2026-03-09 15:20:17,
4010000,202640100000801925,경기도 시흥시,,경기도 시흥시 매화동 118-1 (주신전자 옆 공원),생활방범,5,200,360도,30,202312,031-310-6763,37.41909857,126.8170975,2026-01-20,I,2026-05-15 18:45:39,2026-03-09 15:20:17,
4010000,202640100000801926,경기도 시흥시,,경기도 시흥시 매화동 165 (대신자동화 삼거리),생활방범,4,200,360도,30,202312,031-310-6763,37.4184223,126.8166403,2026-01-20,I,2026-05-15 18:45:39,2026-03-09 15:20:17,
4010000,202640100000801927,경기도 시흥시,,경기도 시흥시 도창동 산 25-10 (지식산업센터 삼거리),생활방범,5,200,360도,30,202312,031-310-6763,37.41369013,126.8214229,2026-01-20,I,2026-05-15 18:45:39,2026-03-09 15:20:17,
4010000,202640100000801928,경기도 시흥시,,경기도 시흥시 도창동 21-2 (대건특장 옆 삼거리),생활방범,5,200,360도,30,202312,031-310-6763,37.41207276,126.8227912,2026-01-20,I,2026-05-15 18:45:39,2026-03-09 15:20:17,
4010000,202640100000801929,경기도 시흥시,,경기도 시흥시 도창동 19-12 (서암테크 앞 사거리),생활방범,4,200,360도,30,202312,031-310-6763,37.40827367,126.8252447,2026-01-20,I,2026-05-15 18:45:39,2026-03-09 15:20:17,
4010000,202640100000801930,경기도 시흥시,,경기도 시흥시 도창동 12-2 (신진이엔지 옆 공원),생활방범,4,200,360도,30,202312,031-310-6763,37.41069193,126.824768,2026-01-20,I,2026-05-15 18:45:39,2026-03-09 15:20:17,
4010000,202640100000801931,경기도 시흥시,,경기도 시흥시 도창동 26-1 (한국금기부품 주변공원),생활방범,5,200,360도,30,202312,031-310-6763,37.41002291,126.8238006,2026-01-20,I,2026-05-15 18:45:39,2026-03-09 15:20:17,
4010000,202640100000801932,경기도 시흥시,,경기도 시흥시 도창동 31-4 (경동택배 앞 공원),생활방범,5,200,360도,30,202312,031-310-6763,37.41249683,126.8214676,2026-01-20,I,2026-05-15 18:45:39,2026-03-09 15:20:17,
4010000,202640100000801933,경기도 시흥시,,경기도 시흥시 매화동 155,생활방범,5,200,360도,30,202312,031-310-6763,37.41631681,126.8229983,2026-01-20,I,2026-05-15 18:45:39,2026-03-09 15:20:17,
4010000,202640100000801934,경기도 시흥시,,경기도 시흥시 매화동 155,생활방범,5,200,360도,30,202312,031-310-6763,37.41603186,126.8225972,2026-01-20,I,2026-05-15 18:45:39,2026-03-09 15:20:17,
4010000,202640100000801935,경기도 시흥시,,경기도 시흥시 매화동 155,생활방범,4,200,360도,30,202312,031-310-6763,37.41609146,126.8232139,2026-01-20,I,2026-05-15 18:45:39,2026-03-09 15:20:17,
4010000,202640100000801936,경기도 시흥시,,경기도 시흥시 매화동 155,생활방범,4,200,360도,30,202312,031-310-6763,37.41597966,126.8239101,2026-01-20,I,2026-05-15 18:45:39,2026-03-09 15:20:17,
4010000,202640100000801937,경기도 시흥시,,경기도 시흥시 매화동 155,생활방범,6,200,360도,30,202312,031-310-6763,37.41644266,126.8226415,2026-01-20,I,2026-05-15 18:45:39,2026-03-09 15:20:17,
4010000,202640100000801938,경기도 시흥시,,경기도 시흥시 매화동 155,생활방범,3,200,360도,30,202312,031-310-6763,37.41654313,126.8234278,2026-01-20,I,2026-05-15 18:45:39,2026-03-09 15:20:17,
4010000,202640100000801939,경기도 시흥시,,경기도 시흥시 매화동 155,생활방범,4,200,360도,30,202312,031-310-6763,37.41616122,126.8245944,2026-01-20,I,2026-05-15 18:45:39,2026-03-09 15:20:17,
4010000,202640100000801940,경기도 시흥시,,경기도 시흥시 죽율동 610,생활방범,5,200,360도,30,202112,031-310-6763,37.34917557,126.7603098,2026-01-20,I,2026-05-15 18:45:39,2026-03-09 15:20:17,
4010000,202640100000801941,경기도 시흥시,,경기도 시흥시 죽율동 610,생활방범,4,200,360도,30,202112,031-310-6763,37.3495327,126.7600715,2026-01-20,I,2026-05-15 18:45:39,2026-03-09 15:20:17,
4010000,202640100000801942,경기도 시흥시,,경기도 시흥시 죽율동 610,생활방범,5,200,360도,30,202112,031-310-6763,37.34986147,126.7596796,2026-01-20,I,2026-05-15 18:45:39,2026-03-09 15:20:17,
4010000,202640100000801943,경기도 시흥시,,경기도 시흥시 죽율동 610,생활방범,4,200,360도,30,202112,031-310-6763,37.34896061,126.7597703,2026-01-20,I,2026-05-15 18:45:39,2026-03-09 15:20:17,
4010000,202640100000801944,경기도 시흥시,,경기도 시흥시 물왕동218-1,생활방범,5,200,360도,30,202112,031-310-6763,37.38436724,126.8350922,2026-01-20,I,2026-05-15 18:45:39,2026-03-09 15:20:17,
4010000,202640100000801945,경기도 시흥시,,경기도 시흥시 물왕동94-5,생활방범,3,200,360도,30,202112,031-310-6763,37.38313136,126.8390702,2026-01-20,I,2026-05-15 18:45:39,2026-03-09 15:20:17,
4010000,202640100000801946,경기도 시흥시,,경기도 시흥시 물왕동70-1,생활방범,3,200,360도,30,202112,031-310-6763,37.38128419,126.8415905,2026-01-20,I,2026-05-15 18:45:39,2026-03-09 15:20:17,
4010000,202640100000801947,경기도 시흥시,,경기도 시흥시 은행동109-21,생활방범,5,200,360도,30,202212,031-310-6763,37.43861641,126.794628,2026-01-20,I,2026-05-15 18:45:39,2026-03-09 15:20:17,
4010000,202640100000801948,경기도 시흥시,,경기도 시흥시 은행동520-8,생활방범,4,200,360도,30,202212,031-310-6763,37.4380449,126.7964599,2026-01-20,I,2026-05-15 18:45:39,2026-03-09 15:20:17,
4010000,202640100000801949,경기도 시흥시,,경기도 시흥시 은행동322-7,생활방범,4,200,360도,30,202212,031-310-6763,37.42966911,126.7939947,2026-01-20,I,2026-05-15 18:45:39,2026-03-09 15:20:17,
4010000,202640100000801950,경기도 시흥시,,경기도 시흥시 조남동174-97,생활방범,4,200,360도,30,202212,031-310-6763,37.38258783,126.8571679,2026-01-20,I,2026-05-15 18:45:39,2026-03-09 15:20:17,
4010000,202640100000801951,경기도 시흥시,,경기도 시흥시 정왕동1962,생활방범,4,200,360도,30,202212,031-310-6763,37.33924417,126.7372925,2026-01-20,I,2026-05-15 18:45:39,2026-03-09 15:20:17,
4010000,202640100000801952,경기도 시흥시,,경기도 시흥시 정왕동1366-9,생활방범,4,200,360도,30,202212,031-310-6763,37.33606013,126.7286966,2026-01-20,I,2026-05-15 18:45:39,2026-03-09 15:20:17,
4010000,202640100000801953,경기도 시흥시,,경기도 시흥시 신천동856-14,생활방범,4,200,360도,30,202212,031-310-6763,37.43681582,126.7900193,2026-01-20,I,2026-05-15 18:45:39,2026-03-09 15:20:17,
4010000,202640100000801954,경기도 시흥시,,경기도 시흥시 신천동863-19,생활방범,4,200,360도,30,202212,031-310-6763,37.43341696,126.7889084,2026-01-20,I,2026-05-15 18:45:39,2026-03-09 15:20:17,
4010000,202640100000801955,경기도 시흥시,,경기도 시흥시 신천동737,생활방범,4,200,360도,30,202212,031-310-6763,37.44057604,126.7843388,2026-01-20,I,2026-05-15 18:45:39,2026-03-09 15:20:17,
4010000,202640100000801956,경기도 시흥시,,경기도 시흥시 미산동323,생활방범,4,200,360도,30,202212,031-310-6763,37.41665612,126.7950192,2026-01-20,I,2026-05-15 18:45:39,2026-03-09 15:20:17,
4010000,202640100000801957,경기도 시흥시,,경기도 시흥시 은행동342-6,생활방범,5,200,360도,30,202212,031-310-6763,37.42755826,126.7941428,2026-01-20,I,2026-05-15 18:45:39,2026-03-09 15:20:17,
4010000,202640100000801958,경기도 시흥시,,경기도 시흥시 은행동551-2,생활방범,4,200,360도,30,202212,031-310-6763,37.4421318,126.7959407,2026-01-20,I,2026-05-15 18:45:39,2026-03-09 15:20:17,
4010000,202640100000801959,경기도 시흥시,,경기도 시흥시 조남동208-1,생활방범,3,200,360도,30,202212,031-310-6763,37.38182438,126.8551527,2026-01-20,I,2026-05-15 18:45:39,2026-03-09 15:20:17,
4010000,202640100000801960,경기도 시흥시,,경기도 시흥시 거모동479-1,생활방범,4,200,360도,30,202212,031-310-6763,37.35455071,126.7717933,2026-01-20,I,2026-05-15 18:45:39,2026-03-09 15:20:17,
4010000,202640100000801961,경기도 시흥시,,경기도 시흥시 정왕동2239-4,생활방범,5,200,360도,30,202212,031-310-6763,37.35740315,126.7507396,2026-01-20,I,2026-05-15 18:45:39,2026-03-09 15:20:17,
4010000,202640100000801962,경기도 시흥시,,경기도 시흥시 장현동528-6,생활방범,5,200,360도,30,202212,031-310-6763,37.38250736,126.8021979,2026-01-20,I,2026-05-15 18:45:39,2026-03-09 15:20:17,
4010000,202640100000801963,경기도 시흥시,,경기도 시흥시 광석동154,생활방범,4,200,360도,30,202212,031-310-6763,37.38364423,126.8182932,2026-01-20,I,2026-05-15 18:45:39,2026-03-09 15:20:17,
4010000,202640100000801964,경기도 시흥시,,경기도 시흥시 장곡동821-6,생활방범,4,200,360도,30,202212,031-310-6763,37.37869698,126.7856677,2026-01-20,I,2026-05-15 18:45:39,2026-03-09 15:20:17,
4010000,202640100000801965,경기도 시흥시,,경기도 시흥시 대야동420-46,생활방범,5,200,360도,30,202212,031-310-6763,37.45076511,126.7916927,2026-01-20,I,2026-05-15 18:45:39,2026-03-09 15:20:17,
4010000,202640100000801966,경기도 시흥시,,경기도 시흥시 대야동209-1,생활방범,4,200,360도,30,202212,031-310-6763,37.45244402,126.7911928,2026-01-20,I,2026-05-15 18:45:39,2026-03-09 15:20:17,
4010000,202640100000801967,경기도 시흥시,,경기도 시흥시 신천동580-7,생활방범,3,200,360도,30,202212,031-310-6763,37.4404003,126.7746127,2026-01-20,I,2026-05-15 18:45:39,2026-03-09 15:20:17,
4010000,202640100000801968,경기도 시흥시,,경기도 시흥시 신천동83-38,생활방범,4,200,360도,30,202212,031-310-6763,37.43774376,126.7906708,2026-01-20,I,2026-05-15 18:45:39,2026-03-09 15:20:17,
4010000,202640100000801969,경기도 시흥시,,경기도 시흥시 신천동866-5,생활방범,3,200,360도,30,202212,031-310-6763,37.43522378,126.789831,2026-01-20,I,2026-05-15 18:45:39,2026-03-09 15:20:17,
4010000,202640100000801970,경기도 시흥시,,경기도 시흥시 신천동861-22,생활방범,4,200,360도,30,202212,031-310-6763,37.43491975,126.7885392,2026-01-20,I,2026-05-15 18:45:39,2026-03-09 15:20:17,
4010000,202640100000801971,경기도 시흥시,,경기도 시흥시 신천동883-1,생활방범,4,200,360도,30,202212,031-310-6763,37.43278983,126.7925651,2026-01-20,I,2026-05-15 18:45:39,2026-03-09 15:20:17,
4010000,202640100000801972,경기도 시흥시,,경기도 시흥시 신천동26-5,생활방범,4,200,360도,30,202212,031-310-6763,37.43731104,126.7871423,2026-01-20,I,2026-05-15 18:45:39,2026-03-09 15:20:17,
4010000,202640100000801973,경기도 시흥시,,경기도 시흥시 신천동184-9,생활방범,5,200,360도,30,202212,031-310-6763,37.43365213,126.7867327,2026-01-20,I,2026-05-15 18:45:39,2026-03-09 15:20:17,
4010000,202640100000801974,경기도 시흥시,,경기도 시흥시 산현동196-4,생활방범,3,200,360도,30,202212,031-310-6763,37.38021132,126.8382236,2026-01-20,I,2026-05-15 18:45:39,2026-03-09 15:20:17,
4010000,202640100000801975,경기도 시흥시,,경기도 시흥시 목감동202-23,생활방범,3,200,360도,30,202212,031-310-6763,37.38747386,126.8609557,2026-01-20,I,2026-05-15 18:45:39,2026-03-09 15:20:17,
4010000,202640100000801976,경기도 시흥시,,경기도 시흥시 조남동674,생활방범,4,200,360도,30,202212,031-310-6763,37.371727,126.851936,2026-01-20,I,2026-05-15 18:45:39,2026-03-09 15:20:17,
4010000,202640100000801977,경기도 시흥시,,경기도 시흥시 정왕동1961,생활방범,4,200,360도,30,202212,031-310-6763,37.34263385,126.7329727,2026-01-20,I,2026-05-15 18:45:39,2026-03-09 15:20:17,
4010000,202640100000801978,경기도 시흥시,,경기도 시흥시 정왕동1953,생활방범,4,200,360도,30,202212,031-310-6763,37.34874437,126.7228545,2026-01-20,I,2026-05-15 18:45:39,2026-03-09 15:20:17,
4010000,202640100000801979,경기도 시흥시,,경기도 시흥시 정왕동2747-1,생활방범,4,200,360도,30,202212,031-310-6763,37.32083032,126.6969909,2026-01-20,I,2026-05-15 18:45:39,2026-03-09 15:20:17,
4010000,202640100000801980,경기도 시흥시,,경기도 시흥시 정왕동2752-1,생활방범,5,200,360도,30,202212,031-310-6763,37.31962344,126.6992174,2026-01-20,I,2026-05-15 18:45:39,2026-03-09 15:20:17,
4010000,202640100000801981,경기도 시흥시,,경기도 시흥시 정왕동1868,생활방범,5,200,360도,30,202212,031-310-6763,37.35329933,126.730061,2026-01-20,I,2026-05-15 18:45:39,2026-03-09 15:20:17,
4010000,202640100000801982,경기도 시흥시,,경기도 시흥시 과림동324-1,생활방범,4,200,360도,30,202212,031-310-6763,37.44527803,126.8333915,2026-01-20,I,2026-05-15 18:45:39,2026-03-09 15:20:17,
4010000,202640100000801983,경기도 시흥시,,경기도 시흥시 월곶동992-2,생활방범,5,200,360도,30,202212,031-310-6763,37.39097983,126.7425505,2026-01-20,I,2026-05-15 18:45:39,2026-03-09 15:20:17,
4010000,202640100000801984,경기도 시흥시,,경기도 시흥시 월곶동952,생활방범,5,200,360도,30,202212,031-310-6763,37.3786723,126.7635675,2026-01-20,I,2026-05-15 18:45:39,2026-03-09 15:20:17,
4010000,202640100000801985,경기도 시흥시,,경기도 시흥시 장현동253-3,생활방범,5,200,360도,30,202212,031-310-6763,37.37927593,126.8020625,2026-01-20,I,2026-05-15 18:45:39,2026-03-09 15:20:17,
4010000,202640100000801986,경기도 시흥시,,경기도 시흥시 신천동산18-2,생활방범,4,200,360도,30,202212,031-310-6763,37.4448006,126.7806181,2026-01-20,I,2026-05-15 18:45:39,2026-03-09 15:20:17,
4010000,202640100000801987,경기도 시흥시,,경기도 시흥시 은행동207-6,생활방범,5,200,360도,30,202212,031-310-6763,37.4300799,126.8043617,2026-01-20,I,2026-05-15 18:45:39,2026-03-09 15:20:18,
4010000,202640100000801988,경기도 시흥시,,경기도 시흥시 은행동524-194,생활방범,5,200,360도,30,202212,031-310-6763,37.42789195,126.8045472,2026-01-20,I,2026-05-15 18:45:39,2026-03-09 15:20:18,
4010000,202640100000801989,경기도 시흥시,,경기도 시흥시 은행동524-202,생활방범,5,200,360도,30,202212,031-310-6763,37.42364846,126.8054285,2026-01-20,I,2026-05-15 18:45:39,2026-03-09 15:20:18,
4010000,202640100000801990,경기도 시흥시,,경기도 시흥시 미산동45-3,생활방범,4,200,360도,30,202212,031-310-6763,37.41848791,126.8004962,2026-01-20,I,2026-05-15 18:45:39,2026-03-09 15:20:18,
4010000,202640100000801991,경기도 시흥시,,경기도 시흥시 매화동190-4,생활방범,4,200,360도,30,202212,031-310-6763,37.41471243,126.8159538,2026-01-20,I,2026-05-15 18:45:39,2026-03-09 15:20:18,
4010000,202640100000801992,경기도 시흥시,,경기도 시흥시 정왕동1806-6,생활방범,4,200,360도,30,202212,031-310-6763,37.35048292,126.7420304,2026-01-20,I,2026-05-15 18:45:39,2026-03-09 15:20:18,
4010000,202640100000801993,경기도 시흥시,,경기도 시흥시 정왕동305-2,생활방범,4,200,360도,30,202212,031-310-6763,37.36516604,126.7595936,2026-01-20,I,2026-05-15 18:45:39,2026-03-09 15:20:18,
4010000,202640100000801994,경기도 시흥시,,경기도 시흥시 월곶동520-80,생활방범,3,200,360도,30,202212,031-310-6763,37.39007719,126.7509779,2026-01-20,I,2026-05-15 18:45:39,2026-03-09 15:20:18,
4010000,202640100000801995,경기도 시흥시,,경기도 시흥시 월곶동520-210,생활방범,4,200,360도,30,202212,031-310-6763,37.38939499,126.753181,2026-01-20,I,2026-05-15 18:45:39,2026-03-09 15:20:18,
4010000,202640100000801996,경기도 시흥시,,경기도 시흥시 신천동83-62,생활방범,4,200,360도,30,202212,031-310-6763,37.43521676,126.7916189,2026-01-20,I,2026-05-15 18:45:39,2026-03-09 15:20:18,
4010000,202640100000801997,경기도 시흥시,,경기도 시흥시 대야동232-3,생활방범,4,200,360도,30,202212,031-310-6763,37.4544537,126.7946291,2026-01-20,I,2026-05-15 18:45:39,2026-03-09 15:20:18,
4010000,202640100000801998,경기도 시흥시,,경기도 시흥시 신천동238,생활방범,3,200,360도,30,202212,031-310-6763,37.43329474,126.7826033,2026-01-20,I,2026-05-15 18:45:39,2026-03-09 15:20:18,
4010000,202640100000801999,경기도 시흥시,,경기도 시흥시 물왕동369-1,생활방범,4,200,360도,30,202212,031-310-6763,37.38438195,126.8259315,2026-01-20,I,2026-05-15 18:45:39,2026-03-09 15:20:18,
4010000,202640100000802000,경기도 시흥시,,경기도 시흥시 월곶동943-36,생활방범,5,200,360도,30,202212,031-310-6763,37.3834543,126.7622508,2026-01-20,I,2026-05-15 18:45:39,2026-03-09 15:20:18,
4010000,202640100000802001,경기도 시흥시,,경기도 시흥시 하중동873-2,생활방범,4,200,360도,30,202212,031-310-6763,37.39093903,126.8064142,2026-01-20,I,2026-05-15 18:45:39,2026-03-09 15:20:18,
4010000,202640100000802002,경기도 시흥시,,경기도 시흥시 하상동177-4,생활방범,4,200,360도,30,202212,031-310-6763,37.39310092,126.8147496,2026-01-20,I,2026-05-15 18:45:39,2026-03-09 15:20:18,
4010000,202640100000802003,경기도 시흥시,,경기도 시흥시 정왕동2260-7,생활방범,5,200,360도,30,202212,031-310-6763,37.35848208,126.7557204,2026-01-20,I,2026-05-15 18:45:39,2026-03-09 15:20:18,
4010000,202640100000802004,경기도 시흥시,,경기도 시흥시 거모동1719-5,생활방범,5,200,360도,30,202212,031-310-6763,37.3486535,126.7849139,2026-01-20,I,2026-05-15 18:45:39,2026-03-09 15:20:18,
4010000,202640100000802005,경기도 시흥시,,경기도 시흥시 거모동604-9,생활방범,4,200,360도,30,202212,031-310-6763,37.35664789,126.773536,2026-01-20,I,2026-05-15 18:45:39,2026-03-09 15:20:18,
4010000,202640100000802006,경기도 시흥시,,경기도 시흥시 산현동505,생활방범,4,200,360도,30,202212,031-310-6763,37.37651194,126.8449248,2026-01-20,I,2026-05-15 18:45:39,2026-03-09 15:20:18,
4010000,202640100000802007,경기도 시흥시,,경기도 시흥시 매화동854-3,생활방범,4,200,360도,30,202212,031-310-6763,37.41704391,126.8158787,2026-01-20,I,2026-05-15 18:45:39,2026-03-09 15:20:18,
4010000,202640100000802008,경기도 시흥시,,경기도 시흥시 신천동87-7,생활방범,5,200,360도,30,202212,031-310-6763,37.43413671,126.7934419,2026-01-20,I,2026-05-15 18:45:39,2026-03-09 15:20:18,
4010000,202640100000802009,경기도 시흥시,,경기도 시흥시 포동 20-321,생활방범,4,200,360도,30,202212,031-310-6763,37.40492084,126.7662474,2026-01-20,I,2026-05-15 18:45:39,2026-03-09 15:20:18,
4010000,202640100000802010,경기도 시흥시,,경기도 시흥시 방산동562-4,생활방범,3,200,360도,30,202212,031-310-6763,37.41184553,126.7656948,2026-01-20,I,2026-05-15 18:45:39,2026-03-09 15:20:18,
4010000,202640100000802011,경기도 시흥시,,경기도 시흥시 도창동393-7,생활방범,4,200,360도,30,202212,031-310-6763,37.41063045,126.8148105,2026-01-20,I,2026-05-15 18:45:39,2026-03-09 15:20:18,
4010000,202640100000802012,경기도 시흥시,,경기도 시흥시 정왕동2259-9,생활방범,4,200,360도,30,202212,031-310-6763,37.35894478,126.7568937,2026-01-20,I,2026-05-15 18:45:39,2026-03-09 15:20:18,
4010000,202640100000802013,경기도 시흥시,,경기도 시흥시 정왕동2303-1,생활방범,5,200,360도,30,202212,031-310-6763,37.35275135,126.7394389,2026-01-20,I,2026-05-15 18:45:39,2026-03-09 15:20:18,
4010000,202640100000802014,경기도 시흥시,,경기도 시흥시 정왕동2031-1,생활방범,5,200,360도,30,202212,031-310-6763,37.34259849,126.687212,2026-01-20,I,2026-05-15 18:45:39,2026-03-09 15:20:18,
4010000,202640100000802015,경기도 시흥시,,경기도 시흥시 배곧동93-5,생활방범,5,200,360도,30,202212,031-310-6763,37.37885401,126.7281,2026-01-20,I,2026-05-15 18:45:39,2026-03-09 15:20:18,
4010000,202640100000802016,경기도 시흥시,,경기도 시흥시 배곧동106-4,생활방범,5,200,360도,30,202212,031-310-6763,37.37775071,126.7293775,2026-01-20,I,2026-05-15 18:45:39,2026-03-09 15:20:18,
4010000,202640100000802017,경기도 시흥시,,경기도 시흥시 정왕동1946,생활방범,4,200,360도,30,202212,031-310-6763,37.35335212,126.7174741,2026-01-20,I,2026-05-15 18:45:39,2026-03-09 15:20:18,
4010000,202640100000802018,경기도 시흥시,,경기도 시흥시 정왕동2197-1,생활방범,5,200,360도,30,202212,031-310-6763,37.34559627,126.6953536,2026-01-20,I,2026-05-15 18:45:39,2026-03-09 15:20:18,
4010000,202640100000802019,경기도 시흥시,,경기도 시흥시 정왕동2222,생활방범,4,200,360도,30,202212,031-310-6763,37.35058874,126.7023791,2026-01-20,I,2026-05-15 18:45:39,2026-03-09 15:20:18,
4010000,202640100000802020,경기도 시흥시,,경기도 시흥시 목감동108-10,생활방범,3,200,360도,30,202212,031-310-6763,37.39420281,126.8695697,2026-01-20,I,2026-05-15 18:45:39,2026-03-09 15:20:18,
4010000,202640100000802021,경기도 시흥시,,경기도 시흥시 장곡동814-1,생활방범,4,200,360도,30,202212,031-310-6763,37.37933583,126.7833448,2026-01-20,I,2026-05-15 18:45:39,2026-03-09 15:20:18,
4010000,202640100000802022,경기도 시흥시,,경기도 시흥시 월곶동486-1,생활방범,5,200,360도,30,202212,031-310-6763,37.38231015,126.7618421,2026-01-20,I,2026-05-15 18:45:39,2026-03-09 15:20:18,
4010000,202640100000802023,경기도 시흥시,,경기도 시흥시 도창동410-3,생활방범,4,200,360도,30,202212,031-310-6763,37.40919911,126.8142983,2026-01-20,I,2026-05-15 18:45:39,2026-03-09 15:20:18,
4010000,202640100000802024,경기도 시흥시,,경기도 시흥시 거북섬남로80,생활방범,3,200,360도,30,202312,031-310-6763,37.32038369,126.6891843,2026-01-20,I,2026-05-15 18:45:39,2026-03-09 15:20:18,
4010000,202640100000802025,경기도 시흥시,,경기도 시흥시 계수동 239-48,생활방범,4,200,360도,30,202312,031-310-6763,37.44621833,126.8190575,2026-01-20,I,2026-05-15 18:45:39,2026-03-09 15:20:18,
4010000,202640100000802026,경기도 시흥시,,경기도 시흥시 계수동 601-11,생활방범,5,200,360도,30,202312,031-310-6763,37.44646396,126.8098232,2026-01-20,I,2026-05-15 18:45:39,2026-03-09 15:20:18,
4010000,202640100000802027,경기도 시흥시,,경기도 시흥시 계수동 582-1,생활방범,4,200,360도,30,202312,031-310-6763,37.44611761,126.8127685,2026-01-20,I,2026-05-15 18:45:39,2026-03-09 15:20:18,
4010000,202640100000802028,경기도 시흥시,,경기도 시흥시 신천동 산15-5,생활방범,3,200,360도,30,202312,031-310-6763,37.44427734,126.7786217,2026-01-20,I,2026-05-15 18:45:39,2026-03-09 15:20:18,
4010000,202640100000802029,경기도 시흥시,,경기도 시흥시 신천동 877-15,생활방범,3,200,360도,30,202312,031-310-6763,37.43257444,126.7901261,2026-01-20,I,2026-05-15 18:45:39,2026-03-09 15:20:18,
4010000,202640100000802030,경기도 시흥시,,경기도 시흥시 미산동 272-8,생활방범,4,200,360도,30,202312,031-310-6763,37.41960544,126.7893439,2026-01-20,I,2026-05-15 18:45:39,2026-03-09 15:20:18,
4010000,202640100000802031,경기도 시흥시,,경기도 시흥시 미산동 558-2,생활방범,4,200,360도,30,202312,031-310-6763,37.41714598,126.7837365,2026-01-20,I,2026-05-15 18:45:39,2026-03-09 15:20:18,
4010000,202640100000802032,경기도 시흥시,,경기도 시흥시 미산동 249-3,생활방범,4,200,360도,30,202312,031-310-6763,37.42128212,126.789259,2026-01-20,I,2026-05-15 18:45:39,2026-03-09 15:20:18,
4010000,202640100000802033,경기도 시흥시,,경기도 시흥시 미산동 149-10,생활방범,4,200,360도,30,202312,031-310-6763,37.42658514,126.7910478,2026-01-20,I,2026-05-15 18:45:39,2026-03-09 15:20:18,
4010000,202640100000802034,경기도 시흥시,,경기도 시흥시 포동 1-33,생활방범,4,200,360도,30,202312,031-310-6763,37.40718662,126.7889823,2026-01-20,I,2026-05-15 18:45:39,2026-03-09 15:20:18,
4010000,202640100000802035,경기도 시흥시,,경기도 시흥시 은행동 243-1,생활방범,4,200,360도,30,202312,031-310-6763,37.43610474,126.7975237,2026-01-20,I,2026-05-15 18:45:39,2026-03-09 15:20:18,
4010000,202640100000802036,경기도 시흥시,,경기도 시흥시 은행동 597,생활방범,5,200,360도,30,202312,031-310-6763,37.4388844,126.7976129,2026-01-20,I,2026-05-15 18:45:39,2026-03-09 15:20:18,
4010000,202640100000802037,경기도 시흥시,,경기도 시흥시 매화동 252-23,생활방범,4,200,360도,30,202312,031-310-6763,37.4145967,126.8138815,2026-01-20,I,2026-05-15 18:45:39,2026-03-09 15:20:18,
4010000,202640100000802038,경기도 시흥시,,경기도 시흥시 매화동 269,생활방범,3,200,360도,30,202312,031-310-6763,37.41276506,126.8148322,2026-01-20,I,2026-05-15 18:45:39,2026-03-09 15:20:18,
4010000,202640100000802039,경기도 시흥시,,경기도 시흥시 도창동 132-6,생활방범,4,200,360도,30,202312,031-310-6763,37.40612701,126.8239671,2026-01-20,I,2026-05-15 18:45:39,2026-03-09 15:20:18,
4010000,202640100000802040,경기도 시흥시,,경기도 시흥시 산현동 213,생활방범,3,200,360도,30,202312,031-310-6763,37.37964142,126.8355593,2026-01-20,I,2026-05-15 18:45:39,2026-03-09 15:20:18,
4010000,202640100000802041,경기도 시흥시,,경기도 시흥시 산현동 240-3,생활방범,3,200,360도,30,202312,031-310-6763,37.37919824,126.8333338,2026-01-20,I,2026-05-15 18:45:39,2026-03-09 15:20:18,
4010000,202640100000802042,경기도 시흥시,,경기도 시흥시 정왕동 1238-4,생활방범,5,200,360도,30,202312,031-310-6763,37.34119636,126.7057259,2026-01-20,I,2026-05-15 18:45:39,2026-03-09 15:20:18,
4010000,202640100000802043,경기도 시흥시,,경기도 시흥시 과림동 342-1,생활방범,3,200,360도,30,202312,031-310-6763,37.44468932,126.8321763,2026-01-20,I,2026-05-15 18:45:39,2026-03-09 15:20:18,
4010000,202640100000802044,경기도 시흥시,,경기도 시흥시 능곡동 617,생활방범,4,200,360도,30,202312,031-310-6763,37.36789955,126.8149848,2026-01-20,I,2026-05-15 18:45:39,2026-03-09 15:20:18,
4010000,202640100000802045,경기도 시흥시,,경기도 시흥시 대야동642-1,생활방범,4,200,360도,30,202512,031-310-6763,37.45390245,126.7992595,2026-01-20,I,2026-05-15 18:45:39,2026-03-09 15:20:18,
4010000,202640100000802046,경기도 시흥시,,경기도 시흥시 은행동601-251,생활방범,5,200,360도,30,202512,031-310-6763,37.44689209,126.8046014,2026-01-20,I,2026-05-15 18:45:39,2026-03-09 15:20:18,
4010000,202640100000802047,경기도 시흥시,,경기도 시흥시 은행동601-222,생활방범,4,200,360도,30,202512,031-310-6763,37.44497575,126.8051377,2026-01-20,I,2026-05-15 18:45:39,2026-03-09 15:20:18,
4010000,202640100000802048,경기도 시흥시,,경기도 시흥시 은행동601-38,생활방범,4,200,360도,30,202512,031-310-6763,37.44704122,126.8066706,2026-01-20,I,2026-05-15 18:45:39,2026-03-09 15:20:18,
4010000,202640100000802049,경기도 시흥시,,경기도 시흥시 은행동601-68,생활방범,4,200,360도,30,202512,031-310-6763,37.44541606,126.8083225,2026-01-20,I,2026-05-15 18:45:39,2026-03-09 15:20:18,
4010000,202640100000802050,경기도 시흥시,,경기도 시흥시 은행동62,생활방범,4,200,360도,30,202512,031-310-6763,37.44156098,126.8015221,2026-01-20,I,2026-05-15 18:45:39,2026-03-09 15:20:18,
4010000,202640100000802051,경기도 시흥시,,경기도 시흥시 은행동602-13,생활방범,3,200,360도,30,202512,031-310-6763,37.43517216,126.8066937,2026-01-20,I,2026-05-15 18:45:39,2026-03-09 15:20:18,
4010000,202640100000802052,경기도 시흥시,,경기도 시흥시 대야동679-2,생활방범,5,200,360도,30,202512,031-310-6763,37.44697089,126.8017222,2026-01-20,I,2026-05-15 18:45:39,2026-03-09 15:20:18,
4010000,202640100000802053,경기도 시흥시,,경기도 시흥시 대야동678-3,생활방범,5,200,360도,30,202512,031-310-6763,37.44640694,126.8004377,2026-01-20,I,2026-05-15 18:45:39,2026-03-09 15:20:18,
4010000,202640100000802054,경기도 시흥시,,경기도 시흥시 은행동682-1,생활방범,4,200,360도,30,202512,031-310-6763,37.4398818,126.802422,2026-01-20,I,2026-05-15 18:45:39,2026-03-09 15:20:18,
4010000,202640100000802055,경기도 시흥시,,경기도 시흥시 은행동645-2,생활방범,4,200,360도,30,202512,031-310-6763,37.43642264,126.8027422,2026-01-20,I,2026-05-15 18:45:39,2026-03-09 15:20:18,
4010000,202640100000802056,경기도 시흥시,,경기도 시흥시 은행동406,생활방범,5,200,360도,30,202512,031-310-6763,37.43258112,126.8011848,2026-01-20,I,2026-05-15 18:45:39,2026-03-09 15:20:18,
4010000,202640100000802057,경기도 시흥시,,경기도 시흥시 미산동 640-4,생활방범,4,200,360도,30,202312,031-310-6763,37.4160508,126.7818361,2026-01-20,I,2026-05-15 18:45:39,2026-03-09 15:20:18,
4010000,202640100000802058,경기도 시흥시,,경기도 시흥시 미산동 535-1,생활방범,4,200,360도,30,202312,031-310-6763,37.41674342,126.7872739,2026-01-20,I,2026-05-15 18:45:39,2026-03-09 15:20:18,
4010000,202640100000802059,경기도 시흥시,,경기도 시흥시 미산동 82-12,생활방범,3,200,360도,30,202312,031-310-6763,37.42196209,126.7972435,2026-01-20,I,2026-05-15 18:45:39,2026-03-09 15:20:18,
4010000,202640100000802060,경기도 시흥시,,경기도 시흥시 미산동 115-4,생활방범,4,200,360도,30,202312,031-310-6763,37.42167772,126.794917,2026-01-20,I,2026-05-15 18:45:39,2026-03-09 15:20:19,
4010000,202640100000802061,경기도 시흥시,,경기도 시흥시 매화동 250-1,생활방범,3,200,360도,30,202312,031-310-6763,37.41526907,126.8136922,2026-01-20,I,2026-05-15 18:45:39,2026-03-09 15:20:19,
4010000,202640100000802062,경기도 시흥시,,경기도 시흥시 목감동 373,생활방범,5,200,360도,30,202312,031-310-6763,37.39561194,126.8678652,2026-01-20,I,2026-05-15 18:45:39,2026-03-09 15:20:19,
4010000,202640100000802063,경기도 시흥시,,경기도 시흥시 하상동 343-15,생활방범,3,200,360도,30,202312,031-310-6763,37.38902148,126.8137542,2026-01-20,I,2026-05-15 18:45:39,2026-03-09 15:20:19,
4010000,202640100000802064,경기도 시흥시,,경기도 시흥시 능곡동 571,생활방범,4,200,360도,30,202312,031-310-6763,37.37079398,126.814398,2026-01-20,I,2026-05-15 18:45:39,2026-03-09 15:20:19,
4010000,202640100000802065,경기도 시흥시,,경기도 시흥시 계수동 205-18,생활방범,4,200,360도,30,202312,031-310-6763,37.44947723,126.8204356,2026-01-20,I,2026-05-15 18:45:39,2026-03-09 15:20:19,
4010000,202640100000802066,경기도 시흥시,,경기도 시흥시 계수동 172-5,생활방범,5,200,360도,30,202312,031-310-6763,37.45327271,126.8173931,2026-01-20,I,2026-05-15 18:45:39,2026-03-09 15:20:19,
4010000,202640100000802067,경기도 시흥시,,경기도 시흥시 계수동 573-1,생활방범,3,200,360도,30,202312,031-310-6763,37.44659625,126.8137779,2026-01-20,I,2026-05-15 18:45:39,2026-03-09 15:20:19,
4010000,202640100000802068,경기도 시흥시,,경기도 시흥시 신천동 387,생활방범,3,200,360도,30,202312,031-310-6763,37.43823266,126.7807142,2026-01-20,I,2026-05-15 18:45:39,2026-03-09 15:20:19,
4010000,202640100000802069,경기도 시흥시,,경기도 시흥시 방산동 678-13,생활방범,4,200,360도,30,202312,031-310-6763,37.41106803,126.7653608,2026-01-20,I,2026-05-15 18:45:39,2026-03-09 15:20:19,
4010000,202640100000802070,경기도 시흥시,,경기도 시흥시 안현동 106-3,생활방범,4,200,360도,30,202312,031-310-6763,37.43454344,126.8127465,2026-01-20,I,2026-05-15 18:45:39,2026-03-09 15:20:19,
4010000,202640100000802071,경기도 시흥시,,경기도 시흥시 안현동 101-14,생활방범,4,200,360도,30,202312,031-310-6763,37.43372949,126.8129806,2026-01-20,I,2026-05-15 18:45:39,2026-03-09 15:20:19,
4010000,202640100000802072,경기도 시흥시,,경기도 시흥시 매화동 555-5,생활방범,4,200,360도,30,202312,031-310-6763,37.41398463,126.8059504,2026-01-20,I,2026-05-15 18:45:39,2026-03-09 15:20:19,
4010000,202640100000802073,경기도 시흥시,,경기도 시흥시 도창동 192-5,생활방범,4,200,360도,30,202312,031-310-6763,37.40540421,126.8235012,2026-01-20,I,2026-05-15 18:45:39,2026-03-09 15:20:19,
4010000,202640100000802074,경기도 시흥시,,경기도 시흥시 조남동 583-2,생활방범,4,200,360도,30,202312,031-310-6763,37.3693219,126.8715498,2026-01-20,I,2026-05-15 18:45:39,2026-03-09 15:20:19,
4010000,202640100000802075,경기도 시흥시,,경기도 시흥시 조남동 572-5,생활방범,4,200,360도,30,202312,031-310-6763,37.37092644,126.8683367,2026-01-20,I,2026-05-15 18:45:39,2026-03-09 15:20:19,
4010000,202640100000802076,경기도 시흥시,,경기도 시흥시 조남동 171-36,생활방범,3,200,360도,30,202312,031-310-6763,37.38495219,126.8587977,2026-01-20,I,2026-05-15 18:45:39,2026-03-09 15:20:19,
4010000,202640100000802077,경기도 시흥시,,경기도 시흥시 조남동 653,생활방범,5,200,360도,30,202312,031-310-6763,37.37848372,126.8527543,2026-01-20,I,2026-05-15 18:45:39,2026-03-09 15:20:19,
4010000,202640100000802078,경기도 시흥시,,경기도 시흥시 정왕동 1242-7,생활방범,4,200,360도,30,202312,031-310-6763,37.3500184,126.7108771,2026-01-20,I,2026-05-15 18:45:39,2026-03-09 15:20:19,
4010000,202640100000802079,경기도 시흥시,,경기도 시흥시 정왕동 1243-6,생활방범,5,200,360도,30,202312,031-310-6763,37.34724016,126.7154323,2026-01-20,I,2026-05-15 18:45:39,2026-03-09 15:20:19,
4010000,202640100000802080,경기도 시흥시,,경기도 시흥시 정왕동 1352-10,생활방범,4,200,360도,30,202312,031-310-6763,37.33891829,126.700098,2026-01-20,I,2026-05-15 18:45:39,2026-03-09 15:20:19,
4010000,202640100000802081,경기도 시흥시,,경기도 시흥시 무지내동 462-4,생활방범,4,200,360도,30,202312,031-310-6763,37.40897064,126.8464761,2026-01-20,I,2026-05-15 18:45:39,2026-03-09 15:20:19,
4010000,202640100000802082,경기도 시흥시,,경기도 시흥시 무지내동 349-12,생활방범,4,200,360도,30,202312,031-310-6763,37.41385558,126.8415643,2026-01-20,I,2026-05-15 18:45:39,2026-03-09 15:20:19,
4010000,202640100000802083,경기도 시흥시,,경기도 시흥시 하중동 325-1,생활방범,3,200,360도,30,202312,031-310-6763,37.4008218,126.796878,2026-01-20,I,2026-05-15 18:45:39,2026-03-09 15:20:19,
4010000,202640100000802084,경기도 시흥시,,경기도 시흥시 하중동 142-29,생활방범,5,200,360도,30,202312,031-310-6763,37.40336308,126.7941987,2026-01-20,I,2026-05-15 18:45:39,2026-03-09 15:20:19,
4010000,202640100000802085,경기도 시흥시,,경기도 시흥시 하중동 763-3,생활방범,4,200,360도,30,202312,031-310-6763,37.38682769,126.8062835,2026-01-20,I,2026-05-15 18:45:39,2026-03-09 15:20:19,
4010000,202640100000802086,경기도 시흥시,,경기도 시흥시 하상동 295-9,생활방범,4,200,360도,30,202312,031-310-6763,37.38861364,126.8179418,2026-01-20,I,2026-05-15 18:45:39,2026-03-09 15:20:19,
4010000,202640100000802087,경기도 시흥시,,경기도 시흥시 군자동 34-2,생활방범,3,200,360도,30,202312,031-310-6763,37.35654836,126.8050403,2026-01-20,I,2026-05-15 18:45:39,2026-03-09 15:20:19,
4010000,202640100000802088,경기도 시흥시,,경기도 시흥시 장곡동 20,생활방범,3,200,360도,30,202312,031-310-6763,37.38661109,126.7857145,2026-01-20,I,2026-05-15 18:45:39,2026-03-09 15:20:19,
4010000,202640100000802089,경기도 시흥시,,경기도 시흥시 정왕동 1246-6,생활방범,4,200,360도,30,202312,031-310-6763,37.34422965,126.7089817,2026-01-20,I,2026-05-15 18:45:39,2026-03-09 15:20:19,
4010000,202640100000802090,경기도 시흥시,,경기도 시흥시 정왕동 2165-1,생활방범,4,200,360도,30,202312,031-310-6763,37.35176382,126.7162979,2026-01-20,I,2026-05-15 18:45:39,2026-03-09 15:20:19,
4010000,202640100000802091,경기도 시흥시,,경기도 시흥시 정왕동 2121-3,생활방범,4,200,360도,30,202312,031-310-6763,37.33917556,126.7377679,2026-01-20,I,2026-05-15 18:45:39,2026-03-09 15:20:19,
4010000,202640100000802092,경기도 시흥시,,경기도 시흥시 정왕동 1366-14,생활방범,4,200,360도,30,202312,031-310-6763,37.33824775,126.7281053,2026-01-20,I,2026-05-15 18:45:39,2026-03-09 15:20:19,
4010000,202640100000802093,경기도 시흥시,,경기도 시흥시 정왕동 1244,생활방범,4,200,360도,30,202312,031-310-6763,37.34795055,126.7125977,2026-01-20,I,2026-05-15 18:45:39,2026-03-09 15:20:19,
4010000,202640100000802094,경기도 시흥시,,경기도 시흥시 정왕동 1354,생활방범,4,200,360도,30,202312,031-310-6763,37.33845686,126.7034093,2026-01-20,I,2026-05-15 18:45:39,2026-03-09 15:20:19,
4010000,202640100000802095,경기도 시흥시,,경기도 시흥시 정왕동 1696-11,생활방범,4,200,360도,30,202312,031-310-6763,37.3359677,126.7010001,2026-01-20,I,2026-05-15 18:45:39,2026-03-09 15:20:19,
4010000,202640100000802096,경기도 시흥시,,경기도 시흥시 정왕동 1351-3,생활방범,4,200,360도,30,202312,031-310-6763,37.33842114,126.703053,2026-01-20,I,2026-05-15 18:45:39,2026-03-09 15:20:19,
4010000,202640100000802097,경기도 시흥시,,경기도 시흥시 정왕동 1276,생활방범,5,200,360도,30,202312,031-310-6763,37.37827202,126.8456047,2026-01-20,I,2026-05-15 18:45:39,2026-03-09 15:20:19,
4010000,202640100000802098,경기도 시흥시,,경기도 시흥시 산현동 16-9,생활방범,4,200,360도,30,202312,031-310-6763,37.37851241,126.8456041,2026-01-20,I,2026-05-15 18:45:39,2026-03-09 15:20:19,
4010000,202640100000802099,경기도 시흥시,,경기도 시흥시 매화동 306-1,생활방범,4,200,360도,30,202412,031-310-6763,37.41203122,126.8105979,2026-01-20,I,2026-05-15 18:45:39,2026-03-09 15:20:19,
4010000,202640100000802100,경기도 시흥시,,경기도 시흥시 매화로 94번길 27,생활방범,3,200,360도,30,202412,031-310-6763,37.41261048,126.8112327,2026-01-20,I,2026-05-15 18:45:39,2026-03-09 15:20:19,
4010000,202640100000802101,경기도 시흥시,,경기도 시흥시 매화동 306-2,생활방범,3,200,360도,30,202412,031-310-6763,37.41222291,126.8119065,2026-01-20,I,2026-05-15 18:45:39,2026-03-09 15:20:19,
4010000,202640100000802102,경기도 시흥시,,경기도 시흥시 매화동 306-4,생활방범,3,200,360도,30,202412,031-310-6763,37.41159996,126.811212,2026-01-20,I,2026-05-15 18:45:39,2026-03-09 15:20:19,
4010000,202640100000802103,경기도 시흥시,,경기도 시흥시 매화동 293-6,생활방범,3,200,360도,30,202412,031-310-6763,37.41211168,126.8125652,2026-01-20,I,2026-05-15 18:45:39,2026-03-09 15:20:19,
4010000,202640100000802104,경기도 시흥시,,경기도 시흥시 도창동 429-4,생활방범,3,200,360도,30,202412,031-310-6763,37.41114321,126.8115823,2026-01-20,I,2026-05-15 18:45:39,2026-03-09 15:20:19,
4010000,202640100000802105,경기도 시흥시,,경기도 시흥시 도창동 429-1,생활방범,6,200,360도,30,202412,031-310-6763,37.41120316,126.8120359,2026-01-20,I,2026-05-15 18:45:39,2026-03-09 15:20:19,
4010000,202640100000802106,경기도 시흥시,,경기도 시흥시 도창동 494-23,생활방범,4,200,360도,30,202412,031-310-6763,37.4110326,126.8126328,2026-01-20,I,2026-05-15 18:45:39,2026-03-09 15:20:19,
4010000,202640100000802107,경기도 시흥시,,경기도 시흥시 매화동 823-35,생활방범,3,200,360도,30,202412,031-310-6763,37.4107139,126.8131745,2026-01-20,I,2026-05-15 18:45:39,2026-03-09 15:20:19,
4010000,202640100000802108,경기도 시흥시,,경기도 시흥시 정왕동 1276,생활방범,4,200,360도,30,202312,031-310-6763,37.33489105,126.7297046,2026-01-20,I,2026-05-15 18:45:39,2026-03-09 15:20:19,
4010000,202640100000802109,경기도 시흥시,,경기도 시흥시 거모동 301,생활방범,5,200,360도,30,202412,031-310-6763,37.36256294,126.7722103,2026-01-20,I,2026-05-15 18:45:39,2026-03-09 15:20:19,
4010000,202640100000802110,경기도 시흥시,,경기도 시흥시 거모동 301,생활방범,3,200,360도,30,202412,031-310-6763,37.36243432,126.7717308,2026-01-20,I,2026-05-15 18:45:39,2026-03-09 15:20:19,
4010000,202640100000802111,경기도 시흥시,,경기도 시흥시 조남동 670,생활방범,4,200,360도,30,202412,031-310-6763,37.37222466,126.8488479,2026-01-20,I,2026-05-15 18:45:39,2026-03-09 15:20:19,
4010000,202640100000802112,경기도 시흥시,,경기도 시흥시 조남동 670,생활방범,4,200,360도,30,202412,031-310-6763,37.37244912,126.8488645,2026-01-20,I,2026-05-15 18:45:39,2026-03-09 15:20:19,
4010000,202640100000802113,경기도 시흥시,,경기도 시흥시 조남동 670,생활방범,4,200,360도,30,202412,031-310-6763,37.37239201,126.8485209,2026-01-20,I,2026-05-15 18:45:39,2026-03-09 15:20:19,
4010000,202640100000802114,경기도 시흥시,,경기도 시흥시 논곡동산 32-8,생활방범,4,200,360도,30,202412,031-310-6763,37.39031647,126.8598855,2026-01-20,I,2026-05-15 18:45:39,2026-03-09 15:20:19,
4010000,202640100000802115,경기도 시흥시,,경기도 시흥시 논곡동 205-3,생활방범,3,200,360도,30,202412,031-310-6763,37.38956584,126.8581138,2026-01-20,I,2026-05-15 18:45:39,2026-03-09 15:20:19,
4010000,202640100000802116,경기도 시흥시,,경기도 시흥시 대야동 219,생활방범,4,200,360도,30,202412,031-310-6763,37.45330091,126.7949255,2026-01-20,I,2026-05-15 18:45:39,2026-03-09 15:20:19,
4010000,202640100000802117,경기도 시흥시,,경기도 시흥시 대야동 617,생활방범,5,200,360도,30,202412,031-310-6763,37.44288424,126.7905103,2026-01-20,I,2026-05-15 18:45:39,2026-03-09 15:20:19,
4010000,202640100000802118,경기도 시흥시,,경기도 시흥시  방산동 산1-17,생활방범,4,200,360도,30,202412,031-310-6763,37.4119437,126.7583102,2026-01-20,I,2026-05-15 18:45:39,2026-03-09 15:20:19,
4010000,202640100000802119,경기도 시흥시,,경기도 시흥시 안현동 360-39,생활방범,4,200,360도,30,202412,031-310-6763,37.43039841,126.8114131,2026-01-20,I,2026-05-15 18:45:39,2026-03-09 15:20:19,
4010000,202640100000802120,경기도 시흥시,,경기도 시흥시 매화동 338-1,생활방범,4,200,360도,30,202412,031-310-6763,37.41522408,126.8091992,2026-01-20,I,2026-05-15 18:45:39,2026-03-09 15:20:19,
4010000,202640100000802121,경기도 시흥시,,경기도 시흥시 조남동 111,생활방범,5,200,360도,30,202412,031-310-6763,37.37951645,126.8679734,2026-01-20,I,2026-05-15 18:45:39,2026-03-09 15:20:19,
4010000,202640100000802122,경기도 시흥시,,경기도 시흥시 배곧동 19-1,생활방범,5,200,360도,30,202412,031-310-6763,37.383232,126.7407901,2026-01-20,I,2026-05-15 18:45:39,2026-03-09 15:20:19,
4010000,202640100000802123,경기도 시흥시,,경기도 시흥시 월곶동 543-4,생활방범,5,200,360도,30,202412,031-310-6763,37.3851767,126.7565969,2026-01-20,I,2026-05-15 18:45:39,2026-03-09 15:20:19,
4010000,202640100000802124,경기도 시흥시,,경기도 시흥시 월곶동 산60-2,생활방범,4,200,360도,30,202412,031-310-6763,37.3690353,126.7716917,2026-01-20,I,2026-05-15 18:45:39,2026-03-09 15:20:19,
4010000,202640100000802125,경기도 시흥시,,경기도 시흥시 대야동 360-6,생활방범,3,200,360도,30,202412,031-310-6763,37.44429552,126.7917809,2026-01-20,I,2026-05-15 18:45:39,2026-03-09 15:20:19,
4010000,202640100000802126,경기도 시흥시,,경기도 시흥시 대야동 194-24,생활방범,4,200,360도,30,202412,031-310-6763,37.45708306,126.7944874,2026-01-20,I,2026-05-15 18:45:39,2026-03-09 15:20:19,
4010000,202640100000802127,경기도 시흥시,,경기도 시흥시 계수동 94-10,생활방범,4,200,360도,30,202412,031-310-6763,37.45605765,126.8154339,2026-01-20,I,2026-05-15 18:45:39,2026-03-09 15:20:19,
4010000,202640100000802128,경기도 시흥시,,경기도 시흥시 포동 1-5,생활방범,4,200,360도,30,202412,031-310-6763,37.40750272,126.7874732,2026-01-20,I,2026-05-15 18:45:39,2026-03-09 15:20:19,
4010000,202640100000802129,경기도 시흥시,,경기도 시흥시 미산동 85-21,생활방범,4,200,360도,30,202412,031-310-6763,37.42089968,126.796592,2026-01-20,I,2026-05-15 18:45:39,2026-03-09 15:20:19,
4010000,202640100000802130,경기도 시흥시,,경기도 시흥시 매화동 21-3,생활방범,3,200,360도,30,202412,031-310-6763,37.42124444,126.8203327,2026-01-20,I,2026-05-15 18:45:39,2026-03-09 15:20:20,
4010000,202640100000802131,경기도 시흥시,,경기도 시흥시 산현동 293-1,생활방범,3,200,360도,30,202412,031-310-6763,37.37749389,126.8339742,2026-01-20,I,2026-05-15 18:45:39,2026-03-09 15:20:20,
4010000,202640100000802132,경기도 시흥시,,경기도 시흥시 산현동 507-5,생활방범,4,200,360도,30,202412,031-310-6763,37.37526618,126.8439778,2026-01-20,I,2026-05-15 18:45:39,2026-03-09 15:20:20,
4010000,202640100000802133,경기도 시흥시,,경기도 시흥시 조남동 189-19,생활방범,5,200,360도,30,202412,031-310-6763,37.38198636,126.8560544,2026-01-20,I,2026-05-15 18:45:39,2026-03-09 15:20:20,
4010000,202640100000802134,경기도 시흥시,,경기도 시흥시 논곡동 307-8,생활방범,4,200,360도,30,202412,031-310-6763,37.3984771,126.8558338,2026-01-20,I,2026-05-15 18:45:39,2026-03-09 15:20:20,
4010000,202640100000802135,경기도 시흥시,,경기도 시흥시 거모동 705-2,생활방범,3,200,360도,30,202412,031-310-6763,37.36421705,126.7753478,2026-01-20,I,2026-05-15 18:45:39,2026-03-09 15:20:20,
4010000,202640100000802136,경기도 시흥시,,경기도 시흥시 거모동 693-1,생활방범,3,200,360도,30,202412,031-310-6763,37.36265768,126.7749247,2026-01-20,I,2026-05-15 18:45:39,2026-03-09 15:20:20,
4010000,202640100000802137,경기도 시흥시,,경기도 시흥시 정왕동 산3,생활방범,5,200,360도,30,202412,031-310-6763,37.37063324,126.7591211,2026-01-20,I,2026-05-15 18:45:39,2026-03-09 15:20:20,
4010000,202640100000802138,경기도 시흥시,,경기도 시흥시 정왕동 760-7,생활방범,5,200,360도,30,202412,031-310-6763,37.3513218,126.7495504,2026-01-20,I,2026-05-15 18:45:39,2026-03-09 15:20:20,
4010000,202640100000802139,경기도 시흥시,,경기도 시흥시 정왕동 산42-4,생활방범,4,200,360도,30,202412,031-310-6763,37.36548672,126.7536365,2026-01-20,I,2026-05-15 18:45:39,2026-03-09 15:20:20,
4010000,202640100000802140,경기도 시흥시,,경기도 시흥시 정왕동 1368,생활방범,4,200,360도,30,202412,031-310-6763,37.3343207,126.7242723,2026-01-20,I,2026-05-15 18:45:39,2026-03-09 15:20:20,
4010000,202640100000802141,경기도 시흥시,,경기도 시흥시 하중동 402-2,생활방범,3,200,360도,30,202412,031-310-6763,37.39806002,126.801258,2026-01-20,I,2026-05-15 18:45:39,2026-03-09 15:20:20,
4010000,202640100000802142,경기도 시흥시,,경기도 시흥시 하중동 888,생활방범,4,200,360도,30,202412,031-310-6763,37.39389883,126.8049751,2026-01-20,I,2026-05-15 18:45:39,2026-03-09 15:20:20,
4010000,202640100000802143,경기도 시흥시,,경기도 시흥시 월곶동 442-13,생활방범,3,200,360도,30,202412,031-310-6763,37.37867521,126.7573575,2026-01-20,I,2026-05-15 18:45:39,2026-03-09 15:20:20,
4010000,202640100000802144,경기도 시흥시,,경기도 시흥시 월곶동 395-23,생활방범,5,200,360도,30,202412,031-310-6763,37.3752723,126.7651423,2026-01-20,I,2026-05-15 18:45:39,2026-03-09 15:20:20,
4010000,202640100000802145,경기도 시흥시,,경기도 시흥시 월곶동 64-8,생활방범,4,200,360도,30,202412,031-310-6763,37.38440894,126.7707435,2026-01-20,I,2026-05-15 18:45:39,2026-03-09 15:20:20,
4010000,202640100000802146,경기도 시흥시,,경기도 시흥시 월곶동 산85-12,생활방범,3,200,360도,30,202412,031-310-6763,37.3782531,126.7543804,2026-01-20,I,2026-05-15 18:45:39,2026-03-09 15:20:20,
4010000,202640100000802147,경기도 시흥시,,경기도 시흥시 장곡동 724-32,생활방범,4,200,360도,30,202412,031-310-6763,37.38918547,126.7819157,2026-01-20,I,2026-05-15 18:45:39,2026-03-09 15:20:20,
4010000,202640100000802148,경기도 시흥시,,경기도 시흥시 장곡동 724-32,생활방범,5,200,360도,30,202412,031-310-6763,37.38996354,126.7810713,2026-01-20,I,2026-05-15 18:45:39,2026-03-09 15:20:20,
4010000,202640100000802149,경기도 시흥시,,경기도 시흥시 배곧동18-17,생활방범,4,200,360도,30,202412,031-310-6763,37.38171035,126.7334895,2026-01-20,I,2026-05-15 18:45:39,2026-03-09 15:20:20,
4010000,202640100000802150,경기도 시흥시,,경기도 시흥시 배곧동18-17,생활방범,4,200,360도,30,202412,031-310-6763,37.38109546,126.7345284,2026-01-20,I,2026-05-15 18:45:39,2026-03-09 15:20:20,
4010000,202640100000802151,경기도 시흥시,,경기도 시흥시 배곧동242,생활방범,4,200,360도,30,202412,031-310-6763,37.36392286,126.7167866,2026-01-20,I,2026-05-15 18:45:39,2026-03-09 15:20:20,
4010000,202640100000802152,경기도 시흥시,,경기도 시흥시 대야동60-9,생활방범,4,200,360도,30,202412,031-310-6763,37.45800754,126.7167866,2026-01-20,I,2026-05-15 18:45:39,2026-03-09 15:20:20,
4010000,202640100000802153,경기도 시흥시,,경기도 시흥시 대야동산50-19,생활방범,4,200,360도,30,202412,031-310-6763,37.45759367,126.7851232,2026-01-20,I,2026-05-15 18:45:39,2026-03-09 15:20:20,
4010000,202640100000802154,경기도 시흥시,,경기도 시흥시 대야동38-20,생활방범,4,200,360도,30,202412,031-310-6763,37.46321437,126.7925154,2026-01-20,I,2026-05-15 18:45:39,2026-03-09 15:20:20,
4010000,202640100000802155,경기도 시흥시,,경기도 시흥시 대야동 30-16,생활방범,3,200,360도,30,202412,031-310-6763,37.46344813,126.791565,2026-01-20,I,2026-05-15 18:45:39,2026-03-09 15:20:20,
4010000,202640100000802156,경기도 시흥시,,경기도 시흥시 대야동 26-2,생활방범,4,200,360도,30,202412,031-310-6763,37.46313183,126.789902,2026-01-20,I,2026-05-15 18:45:39,2026-03-09 15:20:20,
4010000,202640100000802157,경기도 시흥시,,경기도 시흥시 대야동 산116-3,생활방범,4,200,360도,30,202412,031-310-6763,37.46354405,126.7860574,2026-01-20,I,2026-05-15 18:45:39,2026-03-09 15:20:20,
4010000,202640100000802158,경기도 시흥시,,경기도 시흥시 대야동 13-6,생활방범,3,200,360도,30,202412,031-310-6763,37.46189321,126.7840138,2026-01-20,I,2026-05-15 18:45:39,2026-03-09 15:20:20,
4010000,202640100000802159,경기도 시흥시,,경기도 시흥시 대야동 7-26,생활방범,4,200,360도,30,202412,031-310-6763,37.46799143,126.783845,2026-01-20,I,2026-05-15 18:45:39,2026-03-09 15:20:20,
4010000,202640100000802160,경기도 시흥시,,경기도 시흥시 대야동 145-2,생활방범,5,200,360도,30,202412,031-310-6763,37.45330604,126.7833946,2026-01-20,I,2026-05-15 18:45:39,2026-03-09 15:20:20,
4010000,202640100000802161,경기도 시흥시,,경기도 시흥시 신천동 174-4,생활방범,4,200,360도,30,202412,031-310-6763,37.43037304,126.7895315,2026-01-20,I,2026-05-15 18:45:39,2026-03-09 15:20:20,
4010000,202640100000802162,경기도 시흥시,,경기도 시흥시 신천동 687,생활방범,6,200,360도,30,202412,031-310-6763,37.43473332,126.7849848,2026-01-20,I,2026-05-15 18:45:39,2026-03-09 15:20:20,
4010000,202640100000802163,경기도 시흥시,,경기도 시흥시 미산동 121-1,생활방범,3,200,360도,30,202412,031-310-6763,37.42200815,126.7790194,2026-01-20,I,2026-05-15 18:45:39,2026-03-09 15:20:20,
4010000,202640100000802164,경기도 시흥시,,경기도 시흥시 방산동 629-41,생활방범,6,200,360도,30,202412,031-310-6763,37.40752844,126.790304,2026-01-20,I,2026-05-15 18:45:39,2026-03-09 15:20:20,
4010000,202640100000802165,경기도 시흥시,,경기도 시흥시 방산동 산3-7,생활방범,3,200,360도,30,202412,031-310-6763,37.41052642,126.7535397,2026-01-20,I,2026-05-15 18:45:39,2026-03-09 15:20:20,
4010000,202640100000802166,경기도 시흥시,,경기도 시흥시 방산동 129,생활방범,4,200,360도,30,202412,031-310-6763,37.42716357,126.7568246,2026-01-20,I,2026-05-15 18:45:39,2026-03-09 15:20:20,
4010000,202640100000802167,경기도 시흥시,,경기도 시흥시 방산동 802-13,생활방범,4,200,360도,30,202412,031-310-6763,37.43133729,126.7774012,2026-01-20,I,2026-05-15 18:45:39,2026-03-09 15:20:20,
4010000,202640100000802168,경기도 시흥시,,경기도 시흥시 포동20-211,생활방범,3,200,360도,30,202412,031-310-6763,37.40413367,126.7776447,2026-01-20,I,2026-05-15 18:45:39,2026-03-09 15:20:20,
4010000,202640100000802169,경기도 시흥시,,경기도 시흥시 은행동 331-5,생활방범,5,200,360도,30,202412,031-310-6763,37.42827394,126.7788437,2026-01-20,I,2026-05-15 18:45:39,2026-03-09 15:20:20,
4010000,202640100000802170,경기도 시흥시,,경기도 시흥시 금이동 54-1,생활방범,3,200,360도,30,202412,031-310-6763,37.4049549,126.7917843,2026-01-20,I,2026-05-15 18:45:39,2026-03-09 15:20:20,
4010000,202640100000802171,경기도 시흥시,,경기도 시흥시 금이동 93-1,생활방범,3,200,360도,30,202412,031-310-6763,37.40321646,126.8462266,2026-01-20,I,2026-05-15 18:45:39,2026-03-09 15:20:20,
4010000,202640100000802172,경기도 시흥시,,경기도 시흥시 금이동514-2,생활방범,3,200,360도,30,202412,031-310-6763,37.39066475,126.834692,2026-01-20,I,2026-05-15 18:45:39,2026-03-09 15:20:20,
4010000,202640100000802173,경기도 시흥시,,경기도 시흥시 논곡동 117-5,생활방범,4,200,360도,30,202412,031-310-6763,37.39498621,126.8316597,2026-01-20,I,2026-05-15 18:45:39,2026-03-09 15:20:20,
4010000,202640100000802174,경기도 시흥시,,경기도 시흥시 논곡동 산15-8,생활방범,4,200,360도,30,202412,031-310-6763,37.39410759,126.8589471,2026-01-20,I,2026-05-15 18:45:39,2026-03-09 15:20:20,
4010000,202640100000802175,경기도 시흥시,,경기도 시흥시 목감동 183-11,생활방범,3,200,360도,30,202412,031-310-6763,37.39249317,126.8635107,2026-01-20,I,2026-05-15 18:45:39,2026-03-09 15:20:20,
4010000,202640100000802176,경기도 시흥시,,경기도 시흥시 목감동 185-5,생활방범,4,200,360도,30,202412,031-310-6763,37.39429508,126.8627394,2026-01-20,I,2026-05-15 18:45:39,2026-03-09 15:20:20,
4010000,202640100000802177,경기도 시흥시,,경기도 시흥시 목감동 178-17,생활방범,3,200,360도,30,202412,031-310-6763,37.39358624,126.8644748,2026-01-20,I,2026-05-15 18:45:39,2026-03-09 15:20:20,
4010000,202640100000802178,경기도 시흥시,,경기도 시흥시 조남동 543-18,생활방범,3,200,360도,30,202412,031-310-6763,37.36518958,126.8662914,2026-01-20,I,2026-05-15 18:45:39,2026-03-09 15:20:20,
4010000,202640100000802179,경기도 시흥시,,경기도 시흥시 조남동 567-6,생활방범,4,200,360도,30,202412,031-310-6763,37.36812894,126.8670733,2026-01-20,I,2026-05-15 18:45:39,2026-03-09 15:20:20,
4010000,202640100000802180,경기도 시흥시,,경기도 시흥시 조남동 577-2,생활방범,4,200,360도,30,202412,031-310-6763,37.37117338,126.8664403,2026-01-20,I,2026-05-15 18:45:39,2026-03-09 15:20:20,
4010000,202640100000802181,경기도 시흥시,,경기도 시흥시 거모동 256,생활방범,3,200,360도,30,202412,031-310-6763,37.36443252,126.869853,2026-01-20,I,2026-05-15 18:45:39,2026-03-09 15:20:20,
4010000,202640100000802182,경기도 시흥시,,경기도 시흥시 군자동 438-2,생활방범,4,200,360도,30,202412,031-310-6763,37.36853061,126.7738585,2026-01-20,I,2026-05-15 18:45:39,2026-03-09 15:20:20,
4010000,202640100000802183,경기도 시흥시,,경기도 시흥시 죽율동 52-3,생활방범,5,200,360도,30,202412,031-310-6763,37.35508278,126.7877333,2026-01-20,I,2026-05-15 18:45:39,2026-03-09 15:20:20,
4010000,202640100000802184,경기도 시흥시,,경기도 시흥시 죽율동 651-3,생활방범,3,200,360도,30,202412,031-310-6763,37.34830793,126.7647031,2026-01-20,I,2026-05-15 18:45:39,2026-03-09 15:20:20,
4010000,202640100000802185,경기도 시흥시,,경기도 시흥시 정왕동 578-4,생활방범,3,200,360도,30,202412,031-310-6763,37.35040841,126.7577798,2026-01-20,I,2026-05-15 18:45:39,2026-03-09 15:20:20,
4010000,202640100000802186,경기도 시흥시,,경기도 시흥시 정왕동 876-599,생활방범,4,200,360도,30,202412,031-310-6763,37.34928939,126.7533105,2026-01-20,I,2026-05-15 18:45:39,2026-03-09 15:20:20,
4010000,202640100000802187,경기도 시흥시,,경기도 시흥시 정왕동 779,생활방범,3,200,360도,30,202412,031-310-6763,37.35154959,126.7518014,2026-01-20,I,2026-05-15 18:45:39,2026-03-09 15:20:20,
4010000,202640100000802188,경기도 시흥시,,경기도 시흥시 정왕동44-66,생활방범,5,200,360도,30,202412,031-310-6763,37.36651463,126.7480146,2026-01-20,I,2026-05-15 18:45:39,2026-03-09 15:20:20,
4010000,202640100000802189,경기도 시흥시,,경기도 시흥시 정왕동 2194-11,생활방범,5,200,360도,30,202412,031-310-6763,37.31826897,126.7394407,2026-01-20,I,2026-05-15 18:45:39,2026-03-09 15:20:21,
4010000,202640100000802190,경기도 시흥시,,경기도 시흥시 정왕동 1373-13,생활방범,5,200,360도,30,202412,031-310-6763,37.32614098,126.7222859,2026-01-20,I,2026-05-15 18:45:39,2026-03-09 15:20:21,
4010000,202640100000802191,경기도 시흥시,,경기도 시흥시 정왕동 1381-15,생활방범,5,200,360도,30,202412,031-310-6763,37.32265164,126.7209197,2026-01-20,I,2026-05-15 18:45:39,2026-03-09 15:20:21,
4010000,202640100000802192,경기도 시흥시,,경기도 시흥시 정왕동 2174-1,생활방범,5,200,360도,30,202412,031-310-6763,37.3281504,126.7265059,2026-01-20,I,2026-05-15 18:45:39,2026-03-09 15:20:21,
4010000,202640100000802193,경기도 시흥시,,경기도 시흥시 정왕동 2176-5,생활방범,5,200,360도,30,202412,031-310-6763,37.3253878,126.7062567,2026-01-20,I,2026-05-15 18:45:39,2026-03-09 15:20:21,
4010000,202640100000802194,경기도 시흥시,,경기도 시흥시 정왕동 1267-2,생활방범,5,200,360도,30,202412,031-310-6763,37.33574568,126.7107421,2026-01-20,I,2026-05-15 18:45:39,2026-03-09 15:20:21,
4010000,202640100000802195,경기도 시흥시,,경기도 시흥시 정왕동 1259,생활방범,4,200,360도,30,202412,031-310-6763,37.3441703,126.7241191,2026-01-20,I,2026-05-15 18:45:39,2026-03-09 15:20:21,
4010000,202640100000802196,경기도 시흥시,,경기도 시흥시 정왕동 1365-11,생활방범,5,200,360도,30,202412,031-310-6763,37.34066555,126.720055,2026-01-20,I,2026-05-15 18:45:39,2026-03-09 15:20:21,
4010000,202640100000802197,경기도 시흥시,,경기도 시흥시 정왕동 1700,생활방범,5,200,360도,30,202412,031-310-6763,37.33236484,126.7257373,2026-01-20,I,2026-05-15 18:45:39,2026-03-09 15:20:21,
4010000,202640100000802198,경기도 시흥시,,경기도 시흥시 정왕동 1246-3,생활방범,5,200,360도,30,202412,031-310-6763,37.34341114,126.7012277,2026-01-20,I,2026-05-15 18:45:39,2026-03-09 15:20:21,
4010000,202640100000802199,경기도 시흥시,,경기도 시흥시 월곶동 520-44,생활방범,4,200,360도,30,202412,031-310-6763,37.38939148,126.7117187,2026-01-20,I,2026-05-15 18:45:39,2026-03-09 15:20:21,
4010000,202640100000802200,경기도 시흥시,,경기도 시흥시 월곶동 46-4,생활방범,4,200,360도,30,202412,031-310-6763,37.38263641,126.7487587,2026-01-20,I,2026-05-15 18:45:39,2026-03-09 15:20:21,
4010000,202640100000802201,경기도 시흥시,,경기도 시흥시 대야동 56-1,생활방범,5,200,360도,30,202412,031-310-6763,37.45872331,126.7671863,2026-01-20,I,2026-05-15 18:45:39,2026-03-09 15:20:21,
4010000,202640100000802202,경기도 시흥시,,경기도 시흥시 대야동 1-5,생활방범,5,200,360도,30,202412,031-310-6763,37.47149099,126.7853585,2026-01-20,I,2026-05-15 18:45:39,2026-03-09 15:20:21,
4010000,202640100000802203,경기도 시흥시,,경기도 시흥시 신천동744-6,생활방범,5,200,360도,30,202412,031-310-6763,37.43914657,126.7829094,2026-01-20,I,2026-05-15 18:45:39,2026-03-09 15:20:21,
4010000,202640100000802204,경기도 시흥시,,경기도 시흥시 방산동 171-6,생활방범,5,200,360도,30,202412,031-310-6763,37.42860016,126.7839089,2026-01-20,I,2026-05-15 18:45:39,2026-03-09 15:20:21,
4010000,202640100000802205,경기도 시흥시,,경기도 시흥시 논곡동 116-9,생활방범,5,200,360도,30,202412,031-310-6763,37.39482944,126.7770429,2026-01-20,I,2026-05-15 18:45:39,2026-03-09 15:20:21,
4010000,202640100000802206,경기도 시흥시,,경기도 시흥시 물왕동 340-4,생활방범,5,200,360도,30,202412,031-310-6763,37.38308125,126.8570018,2026-01-20,I,2026-05-15 18:45:39,2026-03-09 15:20:21,
4010000,202640100000802207,경기도 시흥시,,경기도 시흥시 죽율동 72-4,생활방범,5,200,360도,30,202412,031-310-6763,37.35381104,126.8297267,2026-01-20,I,2026-05-15 18:45:39,2026-03-09 15:20:21,
4010000,202640100000802208,경기도 시흥시,,경기도 시흥시 죽율동 33-3,생활방범,5,200,360도,30,202412,031-310-6763,37.35584395,126.762583,2026-01-20,I,2026-05-15 18:45:39,2026-03-09 15:20:21,
4010000,202640100000802209,경기도 시흥시,,경기도 시흥시 정왕동 876-442,생활방범,5,200,360도,30,202412,031-310-6763,37.34758018,126.7632618,2026-01-20,I,2026-05-15 18:45:39,2026-03-09 15:20:21,
4010000,202640100000802210,경기도 시흥시,,경기도 시흥시 정왕동 555-1,생활방범,5,200,360도,30,202412,031-310-6763,37.35570766,126.7553676,2026-01-20,I,2026-05-15 18:45:39,2026-03-09 15:20:21,
4010000,202640100000802211,경기도 시흥시,,경기도 시흥시 정왕동 2185-1,생활방범,5,200,360도,30,202412,031-310-6763,37.32320751,126.754161,2026-01-20,I,2026-05-15 18:45:39,2026-03-09 15:20:21,
4010000,202640100000802212,경기도 시흥시,,경기도 시흥시 정왕동 2191-8,생활방범,5,200,360도,30,202412,031-310-6763,37.3199434,126.7180722,2026-01-20,I,2026-05-15 18:45:39,2026-03-09 15:20:21,
4010000,202640100000802213,경기도 시흥시,,경기도 시흥시 정왕동 2169-7,생활방범,5,200,360도,30,202412,031-310-6763,37.33251542,126.7236476,2026-01-20,I,2026-05-15 18:45:39,2026-03-09 15:20:21,
4010000,202640100000802214,경기도 시흥시,,경기도 시흥시 정왕동 2092-1,생활방범,5,200,360도,30,202412,031-310-6763,37.32970529,126.7102822,2026-01-20,I,2026-05-15 18:45:39,2026-03-09 15:20:21,
4010000,202640100000802215,경기도 시흥시,,경기도 시흥시 정왕동 1363,생활방범,5,200,360도,30,202412,031-310-6763,37.33315393,126.7151291,2026-01-20,I,2026-05-15 18:45:39,2026-03-09 15:20:21,
4010000,202640100000802216,경기도 시흥시,,경기도 시흥시 정왕동 1263-5,생활방범,5,200,360도,30,202412,031-310-6763,37.337162,126.7184419,2026-01-20,I,2026-05-15 18:45:39,2026-03-09 15:20:21,
4010000,202640100000802217,경기도 시흥시,,경기도 시흥시 정왕동 1249-1,생활방범,5,200,360도,30,202412,031-310-6763,37.33951196,126.7221298,2026-01-20,I,2026-05-15 18:45:39,2026-03-09 15:20:21,
4010000,202640100000802218,경기도 시흥시,,경기도 시흥시 정왕동2738,생활방범,6,200,360도,30,202412,031-310-6763,37.31962062,126.7081707,2026-01-20,I,2026-05-15 18:45:39,2026-03-09 15:20:21,
4010000,202640100000802219,경기도 시흥시,,경기도 시흥시 정왕동2738,생활방범,6,200,360도,30,202412,031-310-6763,37.31936949,126.6888377,2026-01-20,I,2026-05-15 18:45:39,2026-03-09 15:20:21,
4010000,202640100000802220,경기도 시흥시,,경기도 시흥시 정왕동2738,생활방범,4,200,360도,30,202412,031-310-6763,37.31916196,126.6903023,2026-01-20,I,2026-05-15 18:45:39,2026-03-09 15:20:21,
4010000,202640100000802221,경기도 시흥시,,경기도 시흥시 정왕동2799-1,생활방범,4,200,360도,30,202412,031-310-6763,37.31687155,126.6920142,2026-01-20,I,2026-05-15 18:45:39,2026-03-09 15:20:21,
4010000,202640100000802222,경기도 시흥시,,경기도 시흥시 정왕동 2806-1,생활방범,4,200,360도,30,202512,031-310-6763,37.31897037,126.6952172,2026-01-20,I,2026-05-15 18:45:39,2026-03-09 15:20:21,
4010000,202640100000802223,경기도 시흥시,,경기도 시흥시 정왕동 2814-5,생활방범,4,200,360도,30,202512,031-310-6763,37.31666978,126.697628,2026-01-20,I,2026-05-15 18:45:39,2026-03-09 15:20:21,
4010000,202640100000802224,경기도 시흥시,,경기도 시흥시 정왕동 2799-1,생활방범,5,200,360도,30,202512,031-310-6763,37.31602787,126.6972893,2026-01-20,I,2026-05-15 18:45:39,2026-03-09 15:20:21,
4010000,202640100000802225,경기도 시흥시,,경기도 시흥시 정왕동 2799-1,생활방범,5,200,360도,30,202512,031-310-6763,37.3186175,126.6932018,2026-01-20,I,2026-05-15 18:45:39,2026-03-09 15:20:21,
4010000,202640100000802226,경기도 시흥시,,경기도 시흥시 정왕동 2731-5,생활방범,6,200,360도,30,202512,031-310-6763,37.31995276,126.6792199,2026-01-20,I,2026-05-15 18:45:39,2026-03-09 15:20:21,
4010000,202640100000802227,경기도 시흥시,,경기도 시흥시 정왕동 2731-6,생활방범,5,200,360도,30,202512,031-310-6763,37.31976428,126.68045,2026-01-20,I,2026-05-15 18:45:39,2026-03-09 15:20:21,
4010000,202640100000802228,경기도 시흥시,,경기도 시흥시 미산동276,생활방범,5,200,360도,30,202512,031-310-6763,37.41803221,126.789383,2026-01-20,I,2026-05-15 18:45:39,2026-03-09 15:20:21,
4010000,202640100000802229,경기도 시흥시,,경기도 시흥시 목감동421-1,생활방범,3,200,360도,30,202512,031-310-6763,37.3839549,126.863666,2026-01-20,I,2026-05-15 18:45:39,2026-03-09 15:20:21,
4010000,202640100000802230,경기도 시흥시,,경기도 시흥시 조남동 707-1,생활방범,5,200,360도,30,202512,031-310-6763,37.38117758,126.8605439,2026-01-20,I,2026-05-15 18:45:39,2026-03-09 15:20:21,
4010000,202640100000802231,경기도 시흥시,,경기도 시흥시 정왕동 2767-4,생활방범,4,200,360도,30,202512,031-310-6763,37.31795432,126.6989078,2026-01-20,I,2026-05-15 18:45:39,2026-03-09 15:20:21,
4010000,202640100000802232,경기도 시흥시,,경기도 시흥시 정왕동2737-1,생활방범,3,200,360도,30,202512,031-310-6763,37.32140846,126.6920875,2026-01-20,I,2026-05-15 18:45:39,2026-03-09 15:20:21,
4010000,202640100000802233,경기도 시흥시,,경기도 시흥시 배곧동 121,생활방범,5,200,360도,30,202512,031-310-6763,37.37810841,126.7265082,2026-01-20,I,2026-05-15 18:45:39,2026-03-09 15:20:21,
4010000,202640100000802234,경기도 시흥시,,경기도 시흥시 월곶동 998-7,생활방범,5,200,360도,30,202512,031-310-6763,37.38972827,126.741509,2026-01-20,I,2026-05-15 18:45:39,2026-03-09 15:20:21,
4010000,202640100000802235,경기도 시흥시,,경기도 시흥시 월곶동 1001-1,생활방범,4,200,360도,30,202512,031-310-6763,37.39211948,126.7411719,2026-01-20,I,2026-05-15 18:45:39,2026-03-09 15:20:21,
4010000,202640100000802236,경기도 시흥시,,경기도 시흥시 월곶동 991-23,생활방범,4,200,360도,30,202512,031-310-6763,37.39458709,126.7392553,2026-01-20,I,2026-05-15 18:45:39,2026-03-09 15:20:21,
4010000,202640100000802237,경기도 시흥시,,경기도 시흥시 월곶동317-2,생활방범,6,200,360도,30,202512,031-310-6763,37.37341369,126.779911,2026-01-20,I,2026-05-15 18:45:39,2026-03-09 15:20:21,
4010000,202640100000802238,경기도 시흥시,,경기도 시흥시 대야동253-1,차량방범,3,280,전방 10m ~ 20m,30,202512,031-310-6763,37.45207702,126.7946631,2026-01-20,I,2026-05-15 18:45:39,2026-03-09 15:20:21,
4010000,202640100000802239,경기도 시흥시,,경기도 시흥시 신천동 595-48,차량방범,2,700,전방 10m ~ 20m,30,200912,031-310-6763,37.44271833,126.7721866,2026-01-20,I,2026-05-15 18:45:39,2026-03-09 15:20:21,
4010000,202640100000802240,경기도 시흥시,,경기도 시흥시 정왕동 2162,차량방범,4,700,전방 10m ~ 20m,30,200912,031-310-6763,37.33608041,126.7534678,2026-01-20,I,2026-05-15 18:45:39,2026-03-09 15:20:21,
4010000,202640100000802241,경기도 시흥시,,경기도 시흥시 정왕동 2159,차량방범,2,700,전방 10m ~ 20m,30,200912,031-310-6763,37.33911926,126.7568789,2026-01-20,I,2026-05-15 18:45:39,2026-03-09 15:20:21,
4010000,202640100000802242,경기도 시흥시,,경기도 시흥시 월곶동 520-125,차량방범,3,700,전방 10m ~ 20m,30,200912,031-310-6763,37.3965924,126.7424075,2026-01-20,I,2026-05-15 18:45:39,2026-03-09 15:20:21,
4010000,202640100000802243,경기도 시흥시,,경기도 시흥시 대야동 88-1,차량방범,2,700,전방 10m ~ 20m,30,201012,031-310-6763,37.45524441,126.7879887,2026-01-20,I,2026-05-15 18:45:39,2026-03-09 15:20:21,
4010000,202640100000802244,경기도 시흥시,,경기도 시흥시 군자동 산 44-9,차량방범,4,700,전방 10m ~ 20m,30,201012,031-310-6763,37.35420309,126.8021511,2026-01-20,I,2026-05-15 18:45:39,2026-03-09 15:20:21,
4010000,202640100000802245,경기도 시흥시,,경기도 시흥시  목감동 27-2,차량방범,2,700,전방 10m ~ 20m,30,201012,031-310-6763,37.40174073,126.8764819,2026-01-20,I,2026-05-15 18:45:39,2026-03-09 15:20:21,
4010000,202640100000802246,경기도 시흥시,,경기도 시흥시  방산동 177-5,차량방범,2,700,전방 10m ~ 20m,30,201012,031-310-6763,37.42868786,126.7750782,2026-01-20,I,2026-05-15 18:45:39,2026-03-09 15:20:21,
4010000,202640100000802247,경기도 시흥시,,경기도 시흥시 계수동 83-1,차량방범,2,700,전방 10m ~ 20m,30,201012,031-310-6763,37.45853992,126.8138509,2026-01-20,I,2026-05-15 18:45:39,2026-03-09 15:20:21,
4010000,202640100000802248,경기도 시흥시,,경기도 시흥시  산현동 산 57-11,차량방범,1,700,전방 10m ~ 20m,30,201012,031-310-6763,37.3645856392,126.829813,2026-01-20,I,2026-05-15 18:45:39,2026-03-09 15:20:21,
4010000,202640100000802249,경기도 시흥시,,경기도 시흥시  정왕동 2206-14,차량방범,2,700,전방 10m ~ 20m,30,201012,031-310-6763,37.31604884,126.7218442,2026-01-20,I,2026-05-15 18:45:39,2026-03-09 15:20:22,
4010000,202640100000802250,경기도 시흥시,,경기도 시흥시  정왕동1289-6,차량방범,4,700,전방 10m ~ 20m,30,201012,031-310-6763,37.3301165,126.7373905,2026-01-20,I,2026-05-15 18:45:39,2026-03-09 15:20:22,
4010000,202640100000802251,경기도 시흥시,,경기도 시흥시 정왕동 2192-3,차량방범,3,700,전방 10m ~ 20m,30,201012,031-310-6763,37.31931225,126.7265718,2026-01-20,I,2026-05-15 18:45:39,2026-03-09 15:20:22,
4010000,202640100000802252,경기도 시흥시,,경기도 시흥시  과림동 441-2,차량방범,2,700,전방 10m ~ 20m,30,201212,031-310-6763,37.43885406,126.8335874,2026-01-20,I,2026-05-15 18:45:39,2026-03-09 15:20:22,
4010000,202640100000802253,경기도 시흥시,,경기도 시흥시  정왕동 2202-5,차량방범,2,700,전방 10m ~ 20m,30,201212,031-310-6763,37.33526629,126.6914994,2026-01-20,I,2026-05-15 18:45:39,2026-03-09 15:20:22,
4010000,202640100000802254,경기도 시흥시,,경기도 시흥시  정왕동 2376-1,차량방범,2,700,전방 10m ~ 20m,30,201512,031-310-6763,37.3292793,126.6699211,2026-01-20,I,2026-05-15 18:45:39,2026-03-09 15:20:22,
4010000,202640100000802255,경기도 시흥시,,경기도 시흥시 목감동 산 58-4,차량방범,4,280,전방 10m ~ 20m,30,201612,031-310-6763,37.38255096,126.8639825,2026-01-20,I,2026-05-15 18:45:39,2026-03-09 15:20:22,
4010000,202640100000802256,경기도 시흥시,,경기도 시흥시 목감동 산 58-4,차량방범,4,280,전방 10m ~ 20m,30,201612,031-310-6763,37.38224976,126.8640869,2026-01-20,I,2026-05-15 18:45:39,2026-03-09 15:20:22,
4010000,202640100000802257,경기도 시흥시,,경기도 시흥시 조남동 114-1,차량방범,2,280,전방 10m ~ 20m,30,201612,031-310-6763,37.37952211,126.8667632,2026-01-20,I,2026-05-15 18:45:39,2026-03-09 15:20:22,
4010000,202640100000802258,경기도 시흥시,,경기도 시흥시 조남동 177-20,차량방범,2,280,전방 10m ~ 20m,30,201612,031-310-6763,37.38201113,126.8581331,2026-01-20,I,2026-05-15 18:45:39,2026-03-09 15:20:22,
4010000,202640100000802259,경기도 시흥시,,경기도 시흥시 물왕동 57-4,차량방범,2,280,전방 10m ~ 20m,30,201612,031-310-6763,37.37944289,126.8445448,2026-01-20,I,2026-05-15 18:45:39,2026-03-09 15:20:22,
4010000,202640100000802260,경기도 시흥시,,경기도 시흥시 물왕동 57-4,차량방범,2,280,전방 10m ~ 20m,30,201612,031-310-6763,37.37922167,126.8443565,2026-01-20,I,2026-05-15 18:45:39,2026-03-09 15:20:22,
4010000,202640100000802261,경기도 시흥시,,경기도 시흥시 조남동 461-3,차량방범,2,280,전방 10m ~ 20m,30,201612,031-310-6763,37.36996837,126.8594876,2026-01-20,I,2026-05-15 18:45:39,2026-03-09 15:20:22,
4010000,202640100000802262,경기도 시흥시,,경기도 시흥시 배곧동 20-3,차량방범,2,280,전방 10m ~ 20m,30,201712,031-310-6763,37.38229221,126.7418579,2026-01-20,I,2026-05-15 18:45:39,2026-03-09 15:20:22,
4010000,202640100000802263,경기도 시흥시,,경기도 시흥시 배곧동 20-3,차량방범,2,280,전방 10m ~ 20m,30,201712,031-310-6763,37.38267172,126.7414859,2026-01-20,I,2026-05-15 18:45:39,2026-03-09 15:20:22,
4010000,202640100000802264,경기도 시흥시,,경기도 시흥시 배곧동 24,차량방범,2,280,전방 10m ~ 20m,30,201712,031-310-6763,37.37520269,126.7382589,2026-01-20,I,2026-05-15 18:45:39,2026-03-09 15:20:22,
4010000,202640100000802265,경기도 시흥시,,경기도 시흥시 배곧동 171,차량방범,2,280,전방 10m ~ 20m,30,201712,031-310-6763,37.37202399,126.7373262,2026-01-20,I,2026-05-15 18:45:39,2026-03-09 15:20:22,
4010000,202640100000802266,경기도 시흥시,,경기도 시흥시 배곧동 171,차량방범,2,280,전방 10m ~ 20m,30,201712,031-310-6763,37.37186529,126.7372209,2026-01-20,I,2026-05-15 18:45:39,2026-03-09 15:20:22,
4010000,202640100000802267,경기도 시흥시,,경기도 시흥시 배곧동 203,차량방범,3,280,전방 10m ~ 20m,30,201712,031-310-6763,37.36883437,126.7330089,2026-01-20,I,2026-05-15 18:45:39,2026-03-09 15:20:22,
4010000,202640100000802268,경기도 시흥시,,경기도 시흥시 배곧동 203,차량방범,4,280,전방 10m ~ 20m,30,201712,031-310-6763,37.36867566,126.7329036,2026-01-20,I,2026-05-15 18:45:39,2026-03-09 15:20:22,
4010000,202640100000802269,경기도 시흥시,,경기도 시흥시 배곧동 252,차량방범,3,280,전방 10m ~ 20m,30,201712,031-310-6763,37.36544122,126.7275412,2026-01-20,I,2026-05-15 18:45:39,2026-03-09 15:20:22,
4010000,202640100000802270,경기도 시흥시,,경기도 시흥시 배곧동 252,차량방범,4,280,전방 10m ~ 20m,30,201712,031-310-6763,37.36529298,126.7273961,2026-01-20,I,2026-05-15 18:45:39,2026-03-09 15:20:22,
4010000,202640100000802271,경기도 시흥시,,경기도 시흥시 배곧동 257,차량방범,2,280,전방 10m ~ 20m,30,201712,031-310-6763,37.36167366,126.7207618,2026-01-20,I,2026-05-15 18:45:39,2026-03-09 15:20:22,
4010000,202640100000802272,경기도 시흥시,,경기도 시흥시 배곧동 257,차량방범,2,280,전방 10m ~ 20m,30,201712,031-310-6763,37.36153768,126.7205987,2026-01-20,I,2026-05-15 18:45:39,2026-03-09 15:20:22,
4010000,202640100000802273,경기도 시흥시,,경기도 시흥시 배곧동 264,차량방범,4,280,전방 10m ~ 20m,30,201712,031-310-6763,37.35928547,126.7164421,2026-01-20,I,2026-05-15 18:45:39,2026-03-09 15:20:22,
4010000,202640100000802274,경기도 시흥시,,경기도 시흥시 배곧동 264,차량방범,4,280,전방 10m ~ 20m,30,201712,031-310-6763,37.35891667,126.7165725,2026-01-20,I,2026-05-15 18:45:39,2026-03-09 15:20:22,
4010000,202640100000802275,경기도 시흥시,,경기도 시흥시 배곧동 278,차량방범,2,280,전방 10m ~ 20m,30,201712,031-310-6763,37.35421444,126.7068835,2026-01-20,I,2026-05-15 18:45:39,2026-03-09 15:20:22,
4010000,202640100000802276,경기도 시흥시,,경기도 시흥시 배곧동 278,차량방범,2,280,전방 10m ~ 20m,30,201712,031-310-6763,37.35409889,126.7071486,2026-01-20,I,2026-05-15 18:45:39,2026-03-09 15:20:22,
4010000,202640100000802277,경기도 시흥시,,경기도 시흥시 배곧동 307,차량방범,3,280,전방 10m ~ 20m,30,201712,031-310-6763,37.3547432,126.7028582,2026-01-20,I,2026-05-15 18:45:39,2026-03-09 15:20:22,
4010000,202640100000802278,경기도 시흥시,,경기도 시흥시 배곧동 307,차량방범,3,280,전방 10m ~ 20m,30,201712,031-310-6763,37.35472147,126.7026201,2026-01-20,I,2026-05-15 18:45:39,2026-03-09 15:20:22,
4010000,202640100000802279,경기도 시흥시,,경기도 시흥시 정왕동 1893,차량방범,3,700,전방 10m ~ 20m,30,202012,031-310-6763,37.36298206,126.725666,2026-01-20,I,2026-05-15 18:45:39,2026-03-09 15:20:22,
4010000,202640100000802280,경기도 시흥시,,경기도 시흥시 정왕동 1893,차량방범,3,700,전방 10m ~ 20m,30,202012,031-310-6763,37.3632424,126.725319,2026-01-20,I,2026-05-15 18:45:39,2026-03-09 15:20:22,
4010000,202640100000802281,경기도 시흥시,,경기도 시흥시 방산동 산95-12,차량방범,4,900,전방 10m ~ 20m,30,202112,031-310-6763,37.42424081,126.7709436,2026-01-20,I,2026-05-15 18:45:39,2026-03-09 15:20:22,
4010000,202640100000802282,경기도 시흥시,,경기도 시흥시 방산동 산95-12,차량방범,4,900,전방 10m ~ 20m,30,202112,031-310-6763,37.4241358163,126.7711832,2026-01-20,I,2026-05-15 18:45:39,2026-03-09 15:20:22,
4010000,202640100000802283,경기도 시흥시,,경기도 시흥시 방산동 779-7,차량방범,4,900,전방 10m ~ 20m,30,202112,031-310-6763,37.4037999,126.7506622,2026-01-20,I,2026-05-15 18:45:39,2026-03-09 15:20:23,
4010000,202640100000802284,경기도 시흥시,,경기도 시흥시 방산동 779-7,차량방범,4,900,전방 10m ~ 20m,30,202112,031-310-6763,37.40376325,126.7509187,2026-01-20,I,2026-05-15 18:45:39,2026-03-09 15:20:23,
4010000,202640100000802285,경기도 시흥시,,경기도 시흥시 방산동 197-14,차량방범,3,900,전방 10m ~ 20m,30,202112,031-310-6763,37.4288107,126.7718837,2026-01-20,I,2026-05-15 18:45:39,2026-03-09 15:20:23,
4010000,202640100000802286,경기도 시흥시,,경기도 시흥시 과림동 434-6,차량방범,2,900,전방 10m ~ 20m,30,202212,031-310-6763,37.43887545,126.8337267,2026-01-20,I,2026-05-15 18:45:39,2026-03-09 15:20:23,
4010000,202640100000802287,경기도 시흥시,,경기도 시흥시 대야동253-1,차량방범,4,280,전방 10m ~ 20m,30,202512,031-310-6763,37.45217894,126.7943013,2026-01-20,I,2026-05-15 18:45:39,2026-03-09 15:20:23,
4010000,202640100000802288,경기도 시흥시,,경기도 시흥시 대야동691-1,차량방범,3,280,전방 10m ~ 20m,30,202512,031-310-6763,37.44774508,126.8058273,2026-01-20,I,2026-05-15 18:45:39,2026-03-09 15:20:23,
4010000,202640100000802289,경기도 시흥시,,경기도 시흥시 은행동676-1,차량방범,4,280,전방 10m ~ 20m,30,202512,031-310-6763,37.44800454,126.8055472,2026-01-20,I,2026-05-15 18:45:39,2026-03-09 15:20:23,
4010000,202640100000802290,경기도 시흥시,,경기도 시흥시 은행동693-3,차량방범,4,280,전방 10m ~ 20m,30,202512,031-310-6763,37.43666856,126.8059621,2026-01-20,I,2026-05-15 18:45:39,2026-03-09 15:20:23,
4010000,202640100000802291,경기도 시흥시,,경기도 시흥시 은행동693-3,차량방범,3,280,전방 10m ~ 20m,30,202512,031-310-6763,37.43713975,126.806044,2026-01-20,I,2026-05-15 18:45:39,2026-03-09 15:20:23,
4010000,202640100000802292,경기도 시흥시,,경기도 시흥시 은행동687-10,차량방범,2,280,전방 10m ~ 20m,30,202512,031-310-6763,37.42885278,126.7945131,2026-01-20,I,2026-05-15 18:45:39,2026-03-09 15:20:23,
4010000,202640100000802293,경기도 시흥시,,경기도 시흥시 은행동687-10,차량방범,2,280,전방 10m ~ 20m,30,202512,031-310-6763,37.42916965,126.7946563,2026-01-20,I,2026-05-15 18:45:39,2026-03-09 15:20:23,
