사업장명,영업상태,인허가일자,도로명주소,지번주소,우편번호,전화번호,WGS84위도,WGS84경도,인허가취소일자,폐업일자,휴업시작일자,휴업종료일자,업태구분명,X좌표값,Y좌표값,문화체육업종명,문화사업자구분명,총층수,주변환경명,시설면적,지상층수,지하층수,건물용도명,통로너비,조명시설조도,노래방실수,청소년실수,비상계단여부,비상구여부,자동환기여부,청소년실여부,특수조명여부,방음시설여부,총게임기수,제공게임물명,최초등록시점,지역구분명
123도레미노래연습장KTV,영업중,20130125,"경기도 시흥시 군서로10번길 6-1 (정왕동,지하 1층)",경기도 시흥시 정왕동 1197-10 지하 1층,15052,031-498-9669,37.3443732404,126.7509416046,,,,,,177860.3900000000,426956.8405000000,노래연습장업,유통관련업,4,학교정화(상대),148.720,3,1,근린생활시설,,,5,,,,,,,,,,,일반주거지역
21세기 노래연습장,폐업,19980722,"경기도 시흥시 미산로 69, 지층 (미산동)",경기도 시흥시 미산동 93-1 지층,14944,031-315-1886,37.4220704601,126.7963575821,,20210222,,,,181911.7273690530,435569.1201817870,노래연습장업,유통관련업,,,130.520,,,근린생활시설,,,6,1,N,N,N,Y,N,N,,,,
21세기노래연습장,폐업,20020309,"경기도 시흥시 옥구상가1길 9  (정왕동,(5층))",경기도 시흥시 정왕동 1857-2 (5층),15040,031-499-0500,37.3540055062,126.7224822200,,20070226,,,,175341.5388460960,428032.0137316730,노래연습장업,유통관련업,,유흥업소밀집지역,,,,근린생활시설,,,,,N,N,N,N,N,N,,,,
21세기노래연습장,폐업,20070914,"경기도 시흥시 옥구상가1길 9  (정왕동,5층)",경기도 시흥시 정왕동 1857-2 5층,15040,,37.3540055062,126.7224822200,,20100622,,,,175341.5388460960,428032.0137316730,노래연습장업,유통관련업,5,유흥업소밀집지역,260.880,5,,근린생활시설,1.00,50.000,8,1,Y,Y,Y,Y,Y,N,,,,상업지역
46노래연습장,영업중,20080722,"경기도 시흥시 중심상가로 39, 신우프라자 3층 302호 (정왕동)",경기도 시흥시 정왕동 1859-6 신우프라자,15040,,37.3528545057,126.7229005711,,,,,,175378.8796276250,427904.9821902660,노래연습장업,유통관련업,6,유흥업소밀집지역,288.170,5,1,근린생활시설,2.00,50.000,5,,Y,Y,Y,,Y,N,,,,일반상업지역
5번지노래연습장,영업중,19991025,"경기도 시흥시 정왕천로411번길 7, 지하층 (정왕동)",경기도 시흥시 정왕동 1197,15052,,37.3446362651,126.7511986590,,,,,,177882.6086522890,426985.0017520990,노래연습장업,유통관련업,,,129.960,,,근린생활시설,,,5,,N,N,N,,N,N,,,,
998노래연습장,영업중,20150421,"경기도 시흥시 군서로28번길 8, 지하층 (정왕동)",경기도 시흥시 정왕동 1201-14 지하,15052,,37.3454812084,126.7494064473,,,,,,177723.9084003010,427078.3658180370,노래연습장업,유통관련업,,,132.200,,,근린생활시설,,,5,,,,,,,,,,,일반주거지역
ABC코인노래연습장,폐업,20181026,"경기도 시흥시 비둘기공원7길 33, 디아망타운 2층 201,208호 (대야동)",경기도 시흥시 대야동 543-1 디아망타운,14912,,37.4430055784,126.7927588701,,20240709,,,,181596.5776774840,437913.2683075030,노래연습장업,유통관련업,,,179.640,,,,,,24,,,,,Y,,,,,,
C F 노래연습장,폐업,20000126,"경기도 시흥시 중심상가3길 22  (정왕동,(3층))",경기도 시흥시 정왕동 1742-5 (3층),15066,031-433-9114,37.3443667638,126.7358358707,,20080211,,,,176522.7998190260,426959.3604521410,노래연습장업,유통관련업,,,,,,,,,,,N,N,N,N,N,N,,,,
CNN 노래연습장,폐업,20021107,"경기도 시흥시 평안상가2길 16  (정왕동,(2층))",경기도 시흥시 정왕동 1624-4 (2층),15062,,37.3375959178,126.7482544434,,20080226,,,,177613.5053387580,426212.5609845390,노래연습장업,유통관련업,6,,,5,1,근린생활시설,,,,,N,N,N,N,N,N,,,,
DJ노래연습장,영업중,20110824,"경기도 시흥시 정왕천로375번길 4-4 (정왕동,(2층))",경기도 시흥시 정왕동 1566-4 (2층),15058,,37.3421655224,126.7496200824,,,,,,177741.8800855830,426712.7648674630,노래연습장업,유통관련업,,,164.550,,,,,,5,,,,,,,,,,,
IGO노래연습장,영업중,20160616,"경기도 시흥시 중심상가로 185, 4층 (정왕동, 동신빌딩)",경기도 시흥시 정왕동 1737-7 4층,15066,,37.3448179292,126.7359103278,,,,,,176532.0398078670,427010.1853829600,노래연습장업,유통관련업,,유흥업소밀집지역,289.170,,,,,,32,30,Y,Y,,Y,,,,,,일반상업지역
J&J 노래연습장,폐업,19980113,경기도 시흥시 월곶중앙로 87-1 (월곶동),경기도 시흥시 월곶동 1011-6,14963,031-318-2358,37.3897044558,126.7356809117,,20240705,,,,176524.2350000000,431990.3950000000,노래연습장업,유통관련업,,,181.240,,,,,,6,,N,N,N,,N,N,,,,
K 노래연습장,폐업,19990224,"경기도 시흥시 대은로 94 (은행동,5층)",경기도 시흥시 은행동 531-1 5층,14917,,37.4450518639,126.7988442993,,20190903,,,,182129.1754351400,438121.6437581100,노래연습장업,유통관련업,,,104.870,,,,,,4,,N,N,N,Y,N,N,,,,
K-1노래연습장,폐업,20060315,"경기도 시흥시 비둘기공원5길 23 (대야동,외1필지 베스트(프)3층)",경기도 시흥시 대야동 540-1 외1필지 베스트(프)3층,14912,,37.4421973177,126.7902455628,,20171030,,,,181373.5456459080,437814.6688587500,노래연습장업,유통관련업,,유흥업소밀집지역,262.440,,,근린생활시설,1.00,50.000,9,3,N,N,N,Y,N,N,,,,일반상업지역
K2노래연습장,등록취소,20100319,"경기도 시흥시 수인로3335번길 16  (신천동,2층)",경기도 시흥시 신천동 772-18 2층,14950,,37.4380230438,126.7870859784,20111207,,,,,181086.9174366730,437341.8590685810,노래연습장업,유통관련업,5,주택가주변,101.850,4,1,근린생활시설,1.00,50.000,5,1,Y,Y,,Y,,,,,,일반주거지역
KBS노래연습장,폐업,20040618,"경기도 시흥시 비둘기공원5길 12,  302-1호 (대야동,신주시티(프))",경기도 시흥시 대야동 531-2 신주시티(프) 302-1호,14912,,37.4432524568,126.7903373383,,20130626,,,,181376.7811019150,437920.7832710080,노래연습장업,유통관련업,6,유흥업소밀집지역,13.600,,,근린생활시설,,,,,,,,,,,,,,일반상업지역
K팝노래연습장,영업중,19990428,"경기도 시흥시 삼미시장4길 17, 2층 (신천동)",경기도 시흥시 신천동 759 2층호,14948,,37.4396459665,126.7826958708,,,,,,180698.3502462790,437520.3617709420,노래연습장업,유통관련업,,,220.740,,,근린생활시설,,,7,,N,N,N,,N,N,,,,
K팝노래연습장,영업중,20180814,"경기도 시흥시 서울대학로278번길 21, 새롬프라자2 509,510호 (배곧동)",경기도 시흥시 배곧동 193-3 새롬프라자2,15011,,37.3695093281,126.7280367972,,,,,,175839.5469831310,429749.9891504180,노래연습장업,유통관련업,,,177.600,,,,,100.000,8,1,,,,Y,,,,,,
K팝노래연습장,폐업,20160414,"경기도 시흥시 수인로3381번길 13, 3층 (신천동, 경도빌딩)",경기도 시흥시 신천동 740 3층,14948,,37.4400704716,126.7828387736,,20260213,,,,180707.3111937070,437570.7813994120,노래연습장업,유통관련업,,,226.240,,,근린생활시설,,,9,5,,,,,,,,,,
K王노래연습장(케이왕노래연습장),영업중,20030122,"경기도 시흥시 군서로60번길 9-1 (정왕동,(지하1층))",경기도 시흥시 정왕동 1209-1 (지하1층),15052,031-496-0050,37.3474911471,126.7465525720,,,,,,177472.8303711990,427304.0016772990,노래연습장업,유통관련업,6,주택가주변,145.150,5,1,,,,1,,N,N,N,,N,N,,,,
M2노래연습장,영업중,20101026,"경기도 시흥시 정왕천로411번길 16 (정왕동,2층)",경기도 시흥시 정왕동 1192-5 2층,15052,,37.3451920770,126.7507189611,,,,,,177839.0962973600,427046.8518967550,노래연습장업,유통관련업,4,주택가주변,126.030,4,,근린생활시설,1.00,40.000,5,1,Y,Y,,,,,,,,일반주거지역
M노래연습장,폐업,20140829,"경기도 시흥시 중심상가4길 32, 지층 (정왕동)",경기도 시흥시 정왕동 1744-7 지층,15066,,37.3428034401,126.7366194052,,20150330,,,,176589.4550607780,426784.6521648510,노래연습장업,유통관련업,,유흥업소밀집지역,248.200,,,근린생활시설,,50.000,4,,,,,,,,,,,중심상업지역
O2노래연습장,폐업,20031230,,경기도 시흥시 대야동 537-501,14912,,,,,20070516,,,,,,노래연습장업,유통관련업,,유흥업소밀집지역,174.450,,,근린생활시설,1.00,50.000,8,2,N,Y,Y,Y,N,Y,,,,
OK 노래연습장,직권말소,19980116,"경기도 시흥시 호현로9번길 4 (신천동,지하1층)",경기도 시흥시 신천동 706-13 지하1층,14904,031-315-2317,37.4420479631,126.7834190399,,20130411,,,,180750.7299870500,437796.8147273970,노래연습장업,유통관련업,,,133.330,,,근린생활시설,,,,,N,N,N,Y,N,Y,,,,
OK 노래연습장,폐업,20030822,"경기도 시흥시 연성로13번길 3, 5층호 (하중동)",경기도 시흥시 하중동 875-1 5층호,14976,,37.3904462900,126.8047643660,,20231031,,,,182638.0977706380,432067.3052026980,노래연습장업,유통관련업,,아파트지역,149.340,,,근린생활시설,1.00,40.000,7,1,N,Y,N,Y,N,Y,,,,
OK 노래연습장,폐업,20030602,"경기도 시흥시 오이도어시장로 5  (정왕동,(5층))",경기도 시흥시 정왕동 2004-2 (5층),15015,,37.3451775306,126.6883986439,,20201013,,,,172319.4223823100,427062.9509586880,노래연습장업,유통관련업,,주택가주변,159.680,,,근린생활시설,1.00,35.000,6,,N,Y,Y,N,N,Y,,,,
OK 노래연습장,폐업,19990730,"경기도 시흥시 월곶해안로 175  (월곶동,2층)",경기도 시흥시 월곶동 1015-2 2층,14963,031-318-4410,37.3881226445,126.7391875551,,20061207,,,,176832.8491224540,431812.3074041820,노래연습장업,유통관련업,,,,,,근린생활시설,,,,,N,N,N,N,N,N,,,,
OK노래연습장,영업중,20041213,경기도 시흥시 군자로492번길 2 (거모동),경기도 시흥시 거모동 1727-9,15071,,37.3461833659,126.7841617440,,,,,,180807.0205561680,427148.7518636230,노래연습장업,유통관련업,,기타,110.000,,,근린생활시설,,,5,,N,N,N,,N,N,,,,일반주거지역
OK노래연습장,직권말소,20021116,"경기도 시흥시 옥구상가2길 16  (정왕동,(2층))",경기도 시흥시 정왕동 1859-5 (2층),15040,031-432-9697,37.3529550584,126.7231140656,,20090206,,,,175394.8949053510,427916.9340360390,노래연습장업,유통관련업,,유흥업소밀집지역,,,,,,,,,N,N,N,N,N,N,,,,
SBS 노래연습장,영업중,20010413,"경기도 시흥시 중심상가로 193, 센타프라자 401, 402호 (정왕동)",경기도 시흥시 정왕동 1737-17 센타프라자 401호,15066,031-432-4441,37.3444074082,126.7365467184,,,,,,176589.1354217750,426962.8034445140,노래연습장업,유통관련업,,,122.220,,,,,,7,1,N,N,N,Y,N,N,,,,
SBS노래연습장,영업중,20040719,"경기도 시흥시 오이도로 199 (정왕동,3층)",경기도 시흥시 정왕동 2030-12 3층,15015,,37.3431678092,126.6871332583,,,,,,172206.5181302300,426838.9783285790,노래연습장업,유통관련업,5,기타,141.600,,,근린생활시설,1.00,50.000,5,,Y,Y,N,,N,N,,,,일반주거지역
SBS도전노래연습장,폐업,20040327,"경기도 시흥시 새재로7번길 6-1  (장현동,지층)",경기도 시흥시 장현동 544-4 지층,14998,,37.3808977948,126.8011928345,,20120731,,,,182328.7183564400,431004.2703578160,노래연습장업,유통관련업,4,기타,259.500,,,위험물저장시설,,,,,,,,,,,,,,일반상업지역
SBS하이트 노래연습장,폐업,20030617,"경기도 시흥시 비둘기공원7길 52  (대야동,(4층))",경기도 시흥시 대야동 541-13 (4층),14912,,37.4418171487,126.7914813436,,20080226,,,,181478.6549314040,437762.0150264940,노래연습장업,유통관련업,,아파트지역,,,,근린생활시설,2.00,32.000,1,,N,Y,N,N,N,N,,,,
S노래연습장,영업중,20190502,"경기도 시흥시 서울대학로278번길 25-18, 다인로얄팰리스 배곧3차 3층 313,314,315,316호 (배곧동)",경기도 시흥시 배곧동 196-1 다인로얄팰리스 배곧3차,15011,,37.3697689118,126.7291409130,,,,,,175937.8512986150,429781.6805177740,노래연습장업,유통관련업,,,143.620,,,,,,6,,,,,Y,,,,,,
TOP노래연습장,영업중,20200522,"경기도 시흥시 월곶중앙로46번길 17, 1층 (월곶동)",경기도 시흥시 월곶동 1005-4,14966,,37.3896214110,126.7409798672,,,,,,176992.1700000000,431978.1500000000,노래연습장업,유통관련업,,,160.400,,,,,,2,,,,,,,,,,,
VIP 노래연습장,영업중,20030612,"경기도 시흥시 오이도로 187 (정왕동,(5층))",경기도 시흥시 정왕동 2006-15 (5층),15015,,37.3441800566,126.6875287781,,,,,,172239.8978008910,426951.7008991380,노래연습장업,유통관련업,,주택가주변,141.570,,,근린생활시설,1.00,30.000,6,,N,Y,N,Y,N,Y,,,,
VIP노래연습장,영업중,20130417,"경기도 시흥시 정왕천로423번길 1, 2층호 (정왕동)",경기도 시흥시 정왕동 1195-1 2층호,15052,,37.3451771779,126.7526384026,,,,,,178010.1460978830,427045.5886178450,노래연습장업,유통관련업,,,129.660,,,,,,6,,,,,,,,,,,
VOLUME UP 코인노래연습장,영업중,20220125,"경기도 시흥시 목감남서로 9-33, 더클래스투 3층 301호 (조남동)",경기도 시흥시 조남동 654 더클래스투,14988,,37.3783369935,126.8533203389,,,,,,186939.8251810360,430705.3558634920,노래연습장업,유통관련업,,,124.120,,,,,,20,,,,,Y,,,,,,
joyking동전노래연습장,폐업,20160729,"경기도 시흥시 비둘기공원6길 10, 3층 303호 (대야동, 이산 프라자  2)",경기도 시흥시 대야동 535 303호,14912,,37.4429332097,126.7912108125,,20201102,,,,181452.9803379330,437887.0191147740,노래연습장업,유통관련업,,,131.040,,,,,,21,21,Y,Y,,Y,,,,,,
가보자노래연습장,영업중,20070529,"경기도 시흥시 신천로 81 (신천동,2층)",경기도 시흥시 신천동 763-11 2층,14949,,37.4376096768,126.7858012599,,,,,,180973.0996506670,437294.2283549450,노래연습장업,유통관련업,2,주택가주변,146.100,2,,근린생활시설,1.00,30.000,6,,N,N,N,,N,Y,,,,일반주거지역
가자 노래연습장,영업중,20000306,"경기도 시흥시 중심상가3길 15-1 (정왕동,(지하1))",경기도 시흥시 정왕동 1737-16 (지하1),15066,031-497-9541,37.3445972662,126.7366351151,,,,,,176596.9120840050,426981.1940073430,노래연습장업,유통관련업,,,64.680,,,,1.00,60.000,2,,N,N,N,,N,N,,,,
가자 노래연습장,폐업,20011218,"경기도 시흥시 호현로22번길 6  (신천동,지하1층)",경기도 시흥시 신천동 707-10 지하1층,14910,031-312-2406,37.4416783838,126.7849034498,,20041004,,,,180894.0551105610,437747.2549760610,노래연습장업,유통관련업,5,,,4,1,근린생활시설,,,,,N,N,Y,N,N,N,,,,
가자노래연습장,영업중,20000411,"경기도 시흥시 오이도로 153 (정왕동,3층)",경기도 시흥시 정왕동 1973-14 3층,15015,031-432-4372,37.3471257316,126.6885808972,,,,,,172336.5840334860,427278.2384970370,노래연습장업,유통관련업,,,116.480,,,,,,4,,N,N,N,,N,N,,,,
가자노래연습장,직권말소,19981015,"경기도 시흥시 한우물로 42 (거모동,101,102호)","경기도 시흥시 거모동 1727-11 101,102호",15071,,37.3462356685,126.7838677038,,20220603,,,,180778.4482513710,427155.4125089880,노래연습장업,유통관련업,4,주택가주변,142.360,4,,근린생활시설,1.00,40.000,4,2,Y,Y,N,Y,N,N,,,,일반주거지역
가족 노래연습장,폐업,20001222,"경기도 시흥시 옥구상가2길 16  (정왕동,(4층))",경기도 시흥시 정왕동 1859-5 (4층),15040,,37.3529550584,126.7231140656,,20200522,,,,175394.8949053510,427916.9340360390,노래연습장업,유통관련업,,,126.650,,,,,,,,N,N,N,,N,N,,,,
강남노래연습장,영업중,20130619,"경기도 시흥시 군서마을로 28 (정왕동,지층)",경기도 시흥시 정왕동 1213-17 지층,15052,,37.3448448425,126.7485547487,,,,,,177649.1753224110,427009.1697228350,노래연습장업,유통관련업,,,127.200,,,,,,5,,,,,,,,,,,
갤러리노래연습장,영업중,19981002,"경기도 시흥시 오이도로 185-1 (정왕동,4층)",경기도 시흥시 정왕동 2006-16 4층,15015,031-432-9888,37.3442974582,126.6875613825,,,,,,172243.7205028650,426964.6046061340,노래연습장업,유통관련업,,,143.060,,,,,,5,2,N,N,N,Y,N,N,,,,
갤러리코인노래연습장,폐업,20170201,"경기도 시흥시 승지로60번길 32, 304호 (능곡동, 성광프라자)",경기도 시흥시 능곡동 751 304호,14995,02-807-3327,37.3684565045,126.8115401451,,20191023,,,,183235.9079648230,429615.6415405040,노래연습장업,유통관련업,,,76.170,,,,4.00,110.000,11,11,,,,Y,,,,,,
거문고노래연습장,폐업,20060524,경기도 시흥시 평안상가4길 21  (정왕동),경기도 시흥시 정왕동 1622-6,15062,,37.3377771272,126.7498217877,,20070328,,,,177773.5351923660,426231.7275091500,노래연습장업,유통관련업,,기타,82.640,,2,근린생활시설,,,,,N,N,N,N,N,N,,,,일반상업지역
거북선 노래연습장,폐업,19990417,경기도 시흥시 월곶해안로 97  (월곶동),경기도 시흥시 월곶동 1011-1,14963,,37.3900058583,126.7348983813,,20060424,,,,176453.4815990050,432025.3834782880,노래연습장업,유통관련업,,,,,,,,,,,N,N,N,N,N,N,,,,
고고 노래연습장,폐업,20030528,"경기도 시흥시 중심상가로 52  (정왕동,(3층))",경기도 시흥시 정왕동 1855-16 (3층),15040,,37.3518591710,126.7236899065,,20061023,,,,175448.3416566620,427792.8570007560,노래연습장업,유통관련업,,유흥업소밀집지역,,,,근린생활시설,1.00,35.000,6,,N,Y,Y,N,N,Y,,,,
고고노래연습장,영업중,20040203,"경기도 시흥시 신천3길 35 (신천동,지층)",경기도 시흥시 신천동 840-3 지층,14948,,37.4385884888,126.7822198925,,,,,,180656.6135146850,437405.7478824180,노래연습장업,유통관련업,,기타,93.150,,,근린생활시설,,,4,1,N,N,N,Y,N,N,,,,일반주거지역
고고노래연습장,영업중,20200615,"경기도 시흥시 서울대학로278번길 19-8, 새롬프라자 3층 305호 (배곧동)",경기도 시흥시 배곧동 193-2 새롬프라자,15011,,37.3698358612,126.7283496731,,,,,,175866.6491494710,429786.1300355010,노래연습장업,유통관련업,,,153.600,,,,,,6,,,,,Y,,,,,,
고고노래연습장,폐업,20180525,"경기도 시흥시 서울대학로278번길 19-8, 새롬프라자 305호 (배곧동)",경기도 시흥시 배곧동 193-2 새롬프라자,15011,,37.3698358612,126.7283496731,,20200609,,,,175866.6491494710,429786.1300355010,노래연습장업,유통관련업,,,153.600,,,,,,7,,,,,Y,,,,,,
고래고래노래연습장,영업중,20100112,"경기도 시흥시 오이도중앙로 50-1 (정왕동,2층)",경기도 시흥시 정왕동 2010-6 2층,15015,,37.3438213677,126.6891132026,,,,,,172382.6375336290,426910.8067243890,노래연습장업,유통관련업,2,주택가주변,132.530,2,,근린생활시설,1.00,50.000,6,2,Y,Y,,,,,,,,주거지역
고래고래노래연습장,영업중,20080613,"경기도 시흥시 월곶중앙로14번길 92 (월곶동,2층)",경기도 시흥시 월곶동 991-17 2층,14968,,37.3938605297,126.7399994507,,,,,,176907.8150000000,432450.4650000000,노래연습장업,유통관련업,3,주택가주변,120.560,3,,근린생활시설,1.00,50.000,5,1,Y,Y,Y,Y,Y,N,,,,일반주거지역
고래노래연습장,폐업,20120816,"경기도 시흥시 대골안길 86 (대야동,12번지 지층)",경기도 시흥시 대야동 498-11 12번지 지층,14909,,37.4423531395,126.7861857493,,20241007,,,,181011.0192252060,437828.1898949770,노래연습장업,유통관련업,,학교정화(상대),125.980,,,근린생활시설,,,1,,,,,,,,,,,일반주거지역
고릴라노래연습장,등록취소,20100311,"경기도 시흥시 승지로 58  (능곡동,2층 206,207호)","경기도 시흥시 능곡동 741 2층 206,207호",14995,031-311-0883,37.3690282853,126.8106653150,20110824,,,,,183158.7527373360,429679.8701789660,노래연습장업,유통관련업,6,아파트지역,215.530,2,4,근린생활시설,1.00,40.000,7,1,Y,Y,Y,Y,,,,,,준주거지역
고릴라노래연습장,영업중,20031218,"경기도 시흥시 비둘기공원5길 16  (대야동,(5층))",경기도 시흥시 대야동 530-2 (5층),14912,,37.4428182006,126.7900701283,,,,,,181353.3450237220,437872.1180357210,노래연습장업,유통관련업,,유흥업소밀집지역,183.420,,,근린생활시설,1.00,40.000,5,,N,Y,N,N,Y,Y,,,,
고추먹고맴맴 달래먹고맴맴 노래연습장,폐업,20011227,"경기도 시흥시 중심상가로 161  (정왕동,(2층))",경기도 시흥시 정왕동 1728-20 (2층),15036,031-431-4495,37.3460759255,126.7339105251,,20080226,,,,176353.8017464710,427148.7243124700,노래연습장업,유통관련업,,유흥업소밀집지역,,,,근린생활시설,,,,,N,N,N,N,N,N,,,,
고향노래연습장,폐업,20080104,"경기도 시흥시 중심상가2길 4-3  (정왕동,3층)",경기도 시흥시 정왕동 1736-6 3층,15066,,37.3454765417,126.7360052638,,20100818,,,,176538.5750000000,427083.7409999990,노래연습장업,유통관련업,8,유흥업소밀집지역,97.250,6,2,근린생활시설,2.00,50.000,3,,Y,Y,Y,N,Y,Y,,,,중심상업지역
공주노래연습장,영업중,19990630,"경기도 시흥시 군서로54번길 9, 지하1층 (정왕동)",경기도 시흥시 정왕동 1208-1 지하1층,15052,,37.3472681914,126.7469273789,,,,,,177506.9260189550,427277.4986654710,노래연습장업,유통관련업,,,126.040,,,근린생활시설,,,6,,N,N,N,,N,N,,,,
과일 노래연습장,폐업,19980730,"경기도 시흥시 중심상가3길 10-1  (정왕동,지층)",경기도 시흥시 정왕동 1737-2 지층,15066,031-499-3369,37.3451929322,126.7367532743,,20061114,,,,176600.9939913920,427051.5464576870,노래연습장업,유통관련업,,,,,,,,,,,N,N,N,N,N,N,,,,
과일노래연습장,폐업,19991020,"경기도 시흥시 중심상가3길 10-1  (정왕동,지층)",경기도 시흥시 정왕동 1737-2 지층,15066,,37.3451929322,126.7367532743,,20061114,,,,176600.9939913920,427051.5464576870,노래연습장업,유통관련업,,,,,,,,,,,N,N,N,N,N,N,,,,
구월노래연습장,영업중,20120522,"경기도 시흥시 정왕천로411번길 44 (정왕동,지하)",경기도 시흥시 정왕동 1186-10 지하,15052,,37.3467800819,126.7481290151,,,,,,177611.6104745080,427224.0205919320,노래연습장업,유통관련업,,기타,144.980,,,근린생활시설,,,5,,,,,,,,,,,일반주거지역
궁 노래연습장,폐업,20051116,"경기도 시흥시 월곶중앙로70번안길 21  (월곶동,2층)",경기도 시흥시 월곶동 1004-7 2층,14966,,37.3900996098,126.7410541227,,20061101,,,,176998.6420472180,432033.0649926570,노래연습장업,유통관련업,,유흥업소밀집지역,102.820,,,근린생활시설,,,,,N,N,N,N,N,N,,,,일반상업지역
궁노래연습장,영업중,20050905,"경기도 시흥시 정왕시장길 62, 202호 (정왕동)",경기도 시흥시 정왕동 1189-11,15052,,37.3460667034,126.7493441685,,,,,,177717.1840721740,427141.8283040290,노래연습장업,유통관련업,,기타,105.800,,,근린생활시설,1.00,50.000,5,0,N,N,N,,N,N,,,,일반주거지역
궁노래연습장,영업중,20190930,"경기도 시흥시 목감우회로 39, 목감 시티프라자 3층 306호 (목감동)",경기도 시흥시 목감동 403-1 목감 시티프라자,14985,,37.3819082861,126.8602929025,,,,,,187567.9724462800,431106.3503046990,노래연습장업,유통관련업,,,108.000,,,,,,5,,,,,,,,,,,
궁노래연습장,영업중,20131205,"경기도 시흥시 정왕대로233번길 10, 3층호 (정왕동)",경기도 시흥시 정왕동 1610-6 3층호,15056,,37.3458914432,126.7402461221,,,,,,176912.7074428410,427125.2422260640,노래연습장업,유통관련업,,,174.400,,,,,,6,,,,,,,,,,,
궁노래연습장,영업중,20180306,"경기도 시흥시 수인로3335번길 11, 201호 (신천동)",경기도 시흥시 신천동 775-2,14950,,37.4380334202,126.7873119584,,,,,,181108.7521516480,437350.3024459540,노래연습장업,유통관련업,5,기타,89.380,4,1,근린생활시설,,,5,1,,Y,,Y,,,,,,일반주거지역
궁노래연습장,폐업,20131015,"경기도 시흥시 옥구상가4길 24-1, 2층호 (정왕동)",경기도 시흥시 정왕동 1853-7 2층호,15040,,37.3524634067,126.7209964184,,20180227,,,,175207.9792037370,427860.1477453740,노래연습장업,유통관련업,,,312.120,,,,,,10,3,,,,Y,,,,,,
궁노래연습장,폐업,20070720,"경기도 시흥시 옥구상가4길 24-6  (정왕동,1층)",경기도 시흥시 정왕동 1854-7 1층,15040,,37.3525036211,126.7216283009,,20081125,,,,175261.0101597320,427860.2857043360,노래연습장업,유통관련업,6,유흥업소밀집지역,468.000,5,2,근린생활시설,12.00,50.000,9,1,Y,Y,Y,Y,Y,Y,,,,일반상업지역
궁노래연습장,폐업,20180209,"경기도 시흥시 목감우회로 39, 목감 시티프라자 306호 (목감동)",경기도 시흥시 목감동 403-1 목감 시티프라자,14985,031-404-2258,37.3819082861,126.8602929025,,20190917,,,,187567.9724462800,431106.3503046990,노래연습장업,유통관련업,,,108.000,,,근린생활시설,,,5,1,,Y,,,,,,,,준주거지역
궁전 노래연습장,영업중,20040727,"경기도 시흥시 수인로3395번길 20 (신천동,지층)",경기도 시흥시 신천동 755-7 지층,14948,,37.4398794291,126.7810658380,,,,,,180555.2317069740,437549.3764891050,노래연습장업,유통관련업,3,주택가주변,116.400,,,근린생활시설,,,1,,N,N,N,,N,N,,,,일반주거지역
궁전 노래연습장,폐업,19971028,"경기도 시흥시 중심상가2길 4-3  (정왕동,3층)",경기도 시흥시 정왕동 1736-6 3층,15066,031-497-5556,37.3454765417,126.7360052638,,20071212,,,,176538.5750000000,427083.7409999990,노래연습장업,유통관련업,,,,,,,,,,,N,N,N,N,N,N,,,,
궁전노래연습장,영업중,20021224,"경기도 시흥시 군자로 514 (거모동,외1필지 지층)",경기도 시흥시 거모동 1742-4 외1필지 지층,15070,,37.3443304026,126.7848002767,,,,,,180862.5927038580,426954.7459599980,노래연습장업,유통관련업,,주택가주변,296.300,,,위험물저장시설,,,1,,N,N,N,,N,N,,,,
궁전노래연습장,폐업,20060615,"경기도 시흥시 평안상가4길 8-6, 201호 (정왕동, 보운빌딩)",경기도 시흥시 정왕동 1623-2 201호,15062,,37.3380625920,126.7479337031,,20170328,,,,177596.1851581670,426253.9500218140,노래연습장업,유통관련업,2,기타,176.210,,,근린생활시설,1.00,50.000,6,,N,N,N,,N,N,,,,일반상업지역
그랜드 노래연습장,폐업,20030320,"경기도 시흥시 평안상가4길 8-3  (정왕동,지하103호)",경기도 시흥시 정왕동 1624-1 지하103호,15062,,37.3379398513,126.7484767930,,20070129,,,,177638.0761676260,426244.1295602440,노래연습장업,유통관련업,,유흥업소밀집지역,25.500,,,근린생활시설,,,1,,N,Y,N,N,N,Y,,,,
금노래연습장,직권말소,20190808,"경기도 시흥시 오이도로 249, 3층 (정왕동)",경기도 시흥시 정왕동 2042-16,15015,,37.3407311456,126.6893270587,,20230428,,,,172394.4587866750,426569.6082330680,노래연습장업,유통관련업,,,141.610,,,,,,5,,,,,,,,,,,
금영동전노래연습장,폐업,20151221,"경기도 시흥시 은행로155번길 6, 2층 202호 (은행동)",경기도 시흥시 은행동 531-4 202호,14917,,37.4447719891,126.7987677766,,20180813,,,,182122.1020817720,438087.4558283330,노래연습장업,유통관련업,,유흥업소밀집지역,153.360,,,근린생활시설,,,23,11,,,,Y,,,,,,일반상업지역
까치 노래연습장,영업중,19960706,경기도 시흥시 매화2로 3 (매화동),경기도 시흥시 매화동 247-2,14940,,37.4158819249,126.8138749150,,,,,,183448.2716352760,434876.2313628660,노래연습장업,유통관련업,,주택가주변,136.210,,,,,,7,,N,N,N,,N,N,,,,
깨비깨비노래연습장,영업중,20011207,"경기도 시흥시 군자로315번길 11  (거모동,2층)",경기도 시흥시 거모동 634-3 2층,15004,,37.3585490777,126.7736331041,,,,,,179875.6025125150,428525.4624047330,노래연습장업,유통관련업,,,99.680,,,,,,,,N,N,N,,N,N,,,,
꽃지노래연습장,영업중,20130911,"경기도 시흥시 오동마을로6번안길 10, 3층호 (정왕동)",경기도 시흥시 정왕동 2321-6 3층호,15049,,37.3523267248,126.7429814438,,,,,,177156.9294027570,427840.9540537510,노래연습장업,유통관련업,,,147.030,,,,,,1,,,,,,,,,,,
꾸러기 노래연습장,영업중,19971231,"경기도 시흥시 정왕신길로49번길 61, 2층 (정왕동)",경기도 시흥시 정왕동 1882-8 신도빌딩,15020,031-433-0208,37.3627455692,126.7302629746,,,,,,176033.1300671050,429001.5413482700,노래연습장업,유통관련업,,유흥업소밀집지역,114.080,,,근린생활시설,1.00,70.000,7,3,N,Y,N,Y,N,N,,,,
꿀꿀 노래연습장,폐업,19971224,"경기도 시흥시 월곶중앙로14번길 94-1 (월곶동,2층)",경기도 시흥시 월곶동 991-19 2층,14968,031-318-2232,37.3941115149,126.7397822680,,20140826,,,,176886.3150000000,432480.0399999990,노래연습장업,유통관련업,3,,108.000,3,,,,,,,N,N,N,,N,N,,,,
나비노래연습장,영업중,20001009,"경기도 시흥시 정왕대로233번안길 1 (정왕동,(지하1))",경기도 시흥시 정왕동 1600-6 (지하1),15056,,37.3470070112,126.7413187431,,,,,,177009.1642223120,427249.2013535540,노래연습장업,유통관련업,,,251.390,,,,,,5,1,N,N,N,Y,N,N,,,,
나비노래연습장,폐업,20110307,"경기도 시흥시 중심상가3길 23,  204호 (정왕동,2층)",경기도 시흥시 정왕동 1742-17 2층 204호,15066,,37.3440077709,126.7360765940,,20130502,,,,176546.4712252990,426916.3416753760,노래연습장업,유통관련업,4,유흥업소밀집지역,48.660,4,,근린생활시설,2.00,40.000,1,,Y,Y,,,,,,,,중심상업지역
나인노래연습장,영업중,20160118,"경기도 시흥시 서울대학로278번길 19-14, 배곧프라자 3층 306호 (배곧동)",경기도 시흥시 배곧동 193-1 배곧프라자,15011,,37.3701623935,126.7286625518,,,,,,175894.0792336290,429822.5526877700,노래연습장업,유통관련업,,,201.600,,,근린생활시설,,,11,7,,,,Y,,,,,,일반상업지역
너는가수다노래연습장,폐업,20121207,"경기도 시흥시 은행로173번길 15  (대야동,2층)",경기도 시흥시 대야동 572-1 2층,14914,,37.4450224212,126.7969227274,,20131011,,,,181958.4160084440,438117.6784212770,노래연습장업,유통관련업,,기타,177.560,,,근린생활시설,,,,,,,,,,,,,,일반상업지역
네박자 노래연습장,영업중,20001101,"경기도 시흥시 평안상가1길 17 (정왕동,3층)",경기도 시흥시 정왕동 1624-11 3층,15062,031-497-7977,37.3378418257,126.7472359951,,,,,,177531.4081474410,426232.3397809060,노래연습장업,유통관련업,,,,,,,,,2,,N,N,N,,N,N,,,,
노래세상노래연습장,폐업,20080528,"경기도 시흥시 월곶중앙로14번길 94  (월곶동,4층)",경기도 시흥시 월곶동 991-18 4층,14968,,37.3940405726,126.7399637410,,20150902,,,,176895.7416535040,432467.0721887520,노래연습장업,유통관련업,5,아파트지역,198.130,5,,근린생활시설,1.00,50.000,9,,Y,Y,Y,N,Y,N,,,,일반주거지역
노래쑈노래연습장,등록취소,20071127,"경기도 시흥시 정왕시장길 52, 219,220호 (정왕동)","경기도 시흥시 정왕동 1202 219,220호",15052,031-431-7725,37.3455685452,126.7489652672,20130415,,,,,177684.9537522750,427088.4076865390,노래연습장업,유통관련업,3,주택가주변,161.000,3,,근린생활시설,1.00,50.000,5,1,N,Y,N,Y,N,Y,,,,일반주거지역
노래천국 노래연습장,폐업,20021009,경기도 시흥시 대골안길 92 (신천동),경기도 시흥시 신천동 707-50,14910,031-313-6880,37.4420185640,126.7860080554,,20160426,,,,180993.4418453520,437783.4272760800,노래연습장업,유통관련업,,,142.120,,,,,,4,,N,N,N,N,N,N,,,,
뉴밀레니엄 노래연습장,폐업,19990922,경기도 시흥시 장곡로37번길 16  (장곡동),경기도 시흥시 장곡동 817-3,15002,031-317-8233,37.3780842626,126.7844008040,,20170417,,,,180834.7152274970,430690.0098921930,노래연습장업,유통관련업,,주택가주변,,,,근린생활시설,,,,,N,N,N,N,N,N,,,,
뉴월드 노래연습장,폐업,20010921,경기도 시흥시 호현로22번길 22  (신천동),경기도 시흥시 신천동 709-1,14910,031-314-3750,37.4407761962,126.7862572512,,20070516,,,,181014.1576693310,437646.1161676230,노래연습장업,유통관련업,,,,,,,,,,,N,N,N,N,N,N,,,,
뉴팡팡 노래연습장,영업중,20011227,"경기도 시흥시 옥구상가2길 9-1 (정왕동,(2층))",경기도 시흥시 정왕동 1859-13 (2층),15040,031-432-1695,37.3531671765,126.7238458035,,,,,,175462.2223313060,427938.0711969530,노래연습장업,유통관련업,,,71.250,,,근린생활시설,,,1,,N,N,N,,N,N,,,,
대가노래연습장,폐업,20060414,"경기도 시흥시 월곶중앙로46번길 17  (월곶동,2층)",경기도 시흥시 월곶동 1005-4 2층,14966,031-318-1918,37.3896214110,126.7409798672,,20080526,,,,176992.1700000000,431978.1500000000,노래연습장업,유통관련업,2,기타,182.880,,,근린생활시설,,,,,N,N,N,N,N,N,,,,일반상업지역
대림 노래연습장,폐업,19991206,경기도 시흥시 옥구상가3길 23-11  (정왕동),경기도 시흥시 정왕동 1859-10,15040,031-432-9966,37.3532649510,126.7222640354,,20080226,,,,175325.1068094240,427949.8162388170,노래연습장업,유통관련업,,,,,,,,,,,N,N,N,N,N,N,,,,
대박 노래연습장,폐업,20040115,"경기도 시흥시 중심상가로 35  (정왕동,2층)",경기도 시흥시 정왕동 1859-9 2층,15040,,37.3531039778,126.7224576454,,20061009,,,,175342.9406738740,427935.8966244020,노래연습장업,유통관련업,,유흥업소밀집지역,,,,근린생활시설,,,,,N,N,N,N,N,N,,,,일반상업지역
대세계노래연습장,영업중,19990202,"경기도 시흥시 정왕천로411번길 24 (정왕동,지하1층)",경기도 시흥시 정왕동 1190-10 지하1층,15052,,37.3456915894,126.7498898247,,,,,,177767.1519329660,427102.9015417930,노래연습장업,유통관련업,,유흥업소밀집지역,149.940,,,근린생활시설,,,5,,N,N,N,,N,N,,,,
대찬 노래연습장,영업중,19980520,"경기도 시흥시 군자로 475 (거모동,외1필지)",경기도 시흥시 거모동 1724-9 외1필지,15068,031-492-0066,37.3474771650,126.7834720411,,,,,,180749.4684541660,427288.8365899160,노래연습장업,유통관련업,,,95.400,,,,,,5,,N,N,N,,N,N,,,,
대천노래연습장,영업중,20150828,"경기도 시흥시 정왕천로411번길 34, 지층 (정왕동)",경기도 시흥시 정왕동 1188-10 지층,15052,,37.3462090505,126.7490492084,,,,,,177693.9821407900,427159.8971658350,노래연습장업,유통관련업,,,128.400,,,,,,4,,,,,,,,,,,일반주거지역
대한민국 노래연습장,영업중,20021024,경기도 시흥시 도일로135번길 4 (거모동),경기도 시흥시 거모동 1754-5,15070,,37.3425985710,126.7846021993,,,,,,180842.7164552870,426756.1360884990,노래연습장업,유통관련업,,,,,,근린생활시설,,,8,3,N,N,Y,Y,N,N,,,,
더노래연습장,영업중,20220824,"경기도 시흥시 서울대학로264번길 25, 시흥배곧 아브뉴프랑 센트럴 블루 2층 222,223호 (배곧동)",경기도 시흥시 배곧동 219 시흥배곧 아브뉴프랑 센트럴 블루,15011,,37.3683599517,126.7273257955,,,,,,175777.7283511000,429625.4711535810,노래연습장업,유통관련업,,,159.940,,,,,,9,2,,,,Y,,,,,,
데몰리션 노래연습장,폐업,20010421,"경기도 시흥시 호현로10번길 15-7  (신천동,3층)",경기도 시흥시 신천동 707-11 3층,14910,,37.4416343443,126.7850734359,,20120521,,,,180910.6248376600,437741.6264669750,노래연습장업,유통관련업,,,184.300,,,근린생활시설,,,,,N,N,N,Y,N,N,,,,
도래미노래연습장,폐업,20071227,"경기도 시흥시 군서마을로 58-1  (정왕동,지층)",경기도 시흥시 정왕동 1210-10 지층,15052,,37.3465489627,126.7458055461,,20090630,,,,177406.3101868040,427198.2375714340,노래연습장업,유통관련업,4,주택가주변,132.240,3,1,근린생활시설,1.00,50.000,6,1,Y,Y,Y,Y,Y,Y,,,,일반주거지역
동경노래연습장,영업중,20030822,"경기도 시흥시 평안상가2길 29  (정왕동,(2층))",경기도 시흥시 정왕동 1782-13 (2층),15062,,37.3363198266,126.7474430914,,,,,,177548.0464457070,426063.2832486620,노래연습장업,유통관련업,,유흥업소밀집지역,95.830,,,근린생활시설,1.00,30.000,2,,N,Y,N,N,N,Y,,,,
동방노래연습장,영업중,20130917,"경기도 시흥시 군서로10번길 4, 지하1층 (정왕동)",경기도 시흥시 정왕동 1197-8 지하1층,15052,,37.3442098602,126.7507625905,,,,,,177845.6507117850,426937.9015325460,노래연습장업,유통관련업,,학교정화(상대),149.960,,,근린생활시설,,,6,,,,,,,,,,,주거지역
동산 노래연습장,영업중,20021226,"경기도 시흥시 봉우재로57번길 1  (정왕동,(3층))",경기도 시흥시 정왕동 1837-1 (3층),15053,031-431-1399,37.3475492028,126.7457616699,,,,,,177401.3905499850,427309.5255638180,노래연습장업,유통관련업,5,주택가주변,209.840,5,,근린생활시설,,,,1,N,N,N,Y,N,N,,,,
동산 노래연습장,폐업,19990123,경기도 시흥시 월곶중앙로 29  (월곶동),경기도 시흥시 월곶동 1015-33,14963,031-318-0770,37.3872635447,126.7415571555,,20040527,,,,177044.1376139230,431718.1110632000,노래연습장업,유통관련업,,,,,,,,,,,N,N,N,N,N,N,,,,
두드락노래연습장,영업중,20170531,"경기도 시흥시 배곧3로 86, 307호 (배곧동)",경기도 시흥시 배곧동 194-2 센터프라자2,15011,,37.3702222869,126.7295541408,,,,,,175971.2337473930,429834.3118012040,노래연습장업,유통관련업,10,아파트지역,126.250,8,2,근린생활시설,,,7,1,,Y,,Y,,,,,,일반상업지역
둥근달노래연습장,영업중,20100419,"경기도 시흥시 신천로44번안길 21 (신천동,지하1층)",경기도 시흥시 신천동 773-2 지하1층,14950,,37.4376741924,126.7875301386,,,,,,181126.2782063520,437303.6065311540,노래연습장업,유통관련업,6,주택가주변,130.080,5,1,근린생활시설,2.00,40.000,5,,Y,Y,,,,,,,,일반주거지역
드라마 노래연습장,영업중,20090714,"경기도 시흥시 옥구상가3길 7-6 (정왕동,3층)",경기도 시흥시 정왕동 1859-14 3층,15040,031-433-8423,37.3530401045,126.7237116184,,,,,,175451.1238355570,427923.8919694660,노래연습장업,유통관련업,4,,121.230,4,0,근린생활시설,2.00,50.000,4,,Y,Y,,,,,,,,일반상업지역
드라마 노래연습장,폐업,20030424,"경기도 시흥시 옥구상가3길 7-6  (정왕동,(3층))",경기도 시흥시 정왕동 1859-14 (3층),15040,,37.3530401045,126.7237116184,,20061107,,,,175451.1238355570,427923.8919694660,노래연습장업,유통관련업,,유흥업소밀집지역,,,,근린생활시설,1.00,35.000,4,,N,Y,N,N,N,Y,,,,
드림 노래연습장,허가취소,20021220,"경기도 시흥시 옥구상가2길 15-1  (정왕동,(3층))",경기도 시흥시 정왕동 1859-16 (3층),15040,031-497-4548,37.3527767248,126.7234094715,,,,,,175426.4544740370,427892.3822877630,노래연습장업,유통관련업,4,유흥업소밀집지역,193.840,4,,근린생활시설,,,,,N,N,N,N,N,N,,,,
드림21 노래연습장,폐업,20010420,경기도 시흥시 은행로155번길 11  (은행동),경기도 시흥시 은행동 534-1,14917,031-404-3350,37.4442454061,126.7981283140,,20050817,,,,182063.9555395730,438030.4280977470,노래연습장업,유통관련업,,,,,,근린생활시설,,,,,N,N,N,N,N,N,,,,
딩가딩가노래연습장,영업중,20120320,"경기도 시흥시 월곶중앙로 75 (월곶동,5층)",경기도 시흥시 월곶동 1011-14 5층,14963,,37.3891990294,126.7369738498,,,,,,176635.9450000000,431934.3850000000,노래연습장업,유통관련업,5,주택가주변,219.900,5,,근린생활시설,,,4,,,,,,,,,,,준주거지역
딩가딩가노래연습장,폐업,20080625,"경기도 시흥시 월곶중앙로 75  (월곶동,5층)",경기도 시흥시 월곶동 1011-14 5층,14963,,37.3891990294,126.7369738498,,20120315,,,,176635.9450000000,431934.3850000000,노래연습장업,유통관련업,7,주택가주변,219.900,6,1,근린생활시설,2.00,50.000,6,1,Y,Y,Y,Y,Y,N,,,,준주거지역
딩동댕 노래연습장,영업중,19960522,경기도 시흥시 호현로22번길 11  (신천동),경기도 시흥시 신천동 707-28,14910,031-313-1824,37.4414942360,126.7857530354,,,,,,180971.5173656100,437730.2798619900,노래연습장업,유통관련업,,,73.880,,,근린생활시설,,,,,N,N,N,N,N,N,,,,
딩동댕 노래연습장,영업중,19950330,"경기도 시흥시 수인로3335번길 14 (신천동,지층)",경기도 시흥시 신천동 769-12 지층,14950,,37.4383565270,126.7870828148,,,,,,181086.2243356120,437378.2690982980,노래연습장업,유통관련업,,,149.280,,,,,,5,,N,N,N,,N,Y,,,,
따봉 노래연습장,영업중,20020403,"경기도 시흥시 함송로14번길 13-9 (정왕동,(2층))",경기도 시흥시 정왕동 1884-4 (2층),15020,,37.3628654282,126.7292905870,,,,,,175948.3606938670,429014.4554373060,노래연습장업,유통관련업,3,주택가주변,85.340,3,,근린생활시설,,,8,6,N,Y,N,Y,N,N,,,,
땡큐노래연습장,영업중,20130510,"경기도 시흥시 도일로 143 (거모동,4층)",경기도 시흥시 거모동 1756-7 4층,15070,,37.3430163857,126.7851288496,,,,,,180889.0264019450,426798.1012720620,노래연습장업,유통관련업,,,184.530,,,,,,6,1,,,,Y,,,,,,
땡큐노래연습장,영업중,19980703,"경기도 시흥시 오이도로 183 (정왕동,3층)",경기도 시흥시 정왕동 2006-19 3층,15015,,37.3446408048,126.6876818714,,,,,,172255.1848573600,427003.3208182450,노래연습장업,유통관련업,,,123.660,,,,,,5,,N,N,N,,N,N,,,,
땡큐노래연습장,영업중,20031114,"경기도 시흥시 신천로44번안길 23 (신천동,(4층))",경기도 시흥시 신천동 773 (4층),14950,,37.4376640891,126.7873493725,,,,,,181109.5642239700,437302.5443403250,노래연습장업,유통관련업,,주택가주변,205.630,,,근린생활시설,1.00,50.000,7,1,N,Y,Y,Y,Y,Y,,,,
또또 노래연습장,영업중,19960730,경기도 시흥시 호현로133번길 8-8  (대야동),경기도 시흥시 대야동 302-12,14902,031-312-1430,,,,,,,,,,노래연습장업,유통관련업,,,135.720,,,근린생활시설,,,,,N,N,N,N,N,Y,,,,
똥광노래연습장,영업중,20030620,"경기도 시흥시 중심상가로 332 (정왕동,(3층))",경기도 시흥시 정왕동 1782-21 (3층),15062,,37.3364718569,126.7486720381,,,,,,177655.2760830620,426074.8483329940,노래연습장업,유통관련업,,유흥업소밀집지역,60.030,,,근린생활시설,1.00,30.000,2,,N,Y,N,,N,N,,,,
똥광노래연습장,영업중,20030110,"경기도 시흥시 함송로14번길 5-10 (정왕동,(3층))",경기도 시흥시 정왕동 1884-6 (3층),15020,031-432-6844,37.3630772884,126.7299885630,,,,,,176009.5736260200,429034.9996436790,노래연습장업,유통관련업,,유흥업소밀집지역,103.990,,,근린생활시설,,,5,,N,N,N,Y,N,N,,,,
똥광노래연습장,영업중,20230321,"경기도 시흥시 거북섬둘레길 1, 6층 605호 (정왕동)",경기도 시흥시 정왕동 2706-12 (주)지뜨,15119,,37.3251690563,126.6756339437,,,,,,171181.8065008450,424841.9734028760,노래연습장업,유통관련업,,,66.000,,,,,,3,,,,,,,,,,,
뛰뛰빵빵노래연습장,영업중,20081217,"경기도 시흥시 월곶중앙로 87 (월곶동,2층)",경기도 시흥시 월곶동 1011-7 2층,14963,,37.3896243606,126.7358398775,,,,,,176537.6250000000,431983.6800000000,노래연습장업,유통관련업,7,기타,179.240,7,,근린생활시설,2.00,50.000,6,,Y,Y,Y,,Y,N,,,,준주거지역
라이브 노래연습장,등록취소,20020209,"경기도 시흥시 중심상가로 146 (정왕동,(2층))",경기도 시흥시 정왕동 1731-1 (2층),15036,031-498-6204,37.3467038502,126.7320525562,20150807,,,,,176178.3194584700,427223.9548984290,노래연습장업,유통관련업,,유흥업소밀집지역,137.220,,,근린생활시설,,,7,,N,N,N,,N,N,,,,
라이브 노래연습장,폐업,20021129,경기도 시흥시 은행로155번길 6 (은행동),경기도 시흥시 은행동 531-4,14917,031-314-9050,37.4447719891,126.7987677766,,20200420,,,,182122.1020817720,438087.4558283330,노래연습장업,유통관련업,6,유흥업소밀집지역,,5,1,근린생활시설,,,12,10,N,N,N,Y,N,N,,,,
라이브노래연습장,영업중,20170915,"경기도 시흥시 중심상가로 146, 205호 (정왕동, 한일프라자)",경기도 시흥시 정왕동 1731-1 205호,15036,,37.3467038502,126.7320525562,,,,,,176178.3194584700,427223.9548984290,노래연습장업,유통관련업,7,유흥업소밀집지역,137.220,5,2,근린생활시설,,,5,,,Y,,Y,,,,,,중심상업지역
라이브노래연습장,영업중,20040701,"경기도 시흥시 정왕대로233번길 16 (정왕동,3층)",경기도 시흥시 정왕동 1610-1 3층,15056,,37.3463266819,126.7406481811,,,,,,176950.2814836500,427173.4976365340,노래연습장업,유통관련업,5,기타,91.370,,,근린생활시설,,,1,,N,N,N,,N,N,,,,일반주거지역
라이브노래연습장,영업중,20041201,"경기도 시흥시 대골안길 60 (대야동,2층)",경기도 시흥시 대야동 487-19 2층,14909,,37.4445513601,126.7874988438,,,,,,181124.9669018360,438065.9031882580,노래연습장업,유통관련업,,기타,103.180,,,근린생활시설,,,6,,N,N,N,,N,N,,,,일반주거지역
라이브노래연습장,폐업,20020703,경기도 시흥시 오이도로 191  (정왕동),경기도 시흥시 정왕동 2006-12,15015,,37.3438364772,126.6873744240,,20061122,,,,172228.6781110760,426913.0812975460,노래연습장업,유통관련업,,기타,,,,근린생활시설,,,,,N,N,N,Y,N,N,,,,일반주거지역
라탄노래연습장,폐업,20150311,"경기도 시흥시 중심상가3길 24, 4층 401,402호 (정왕동)","경기도 시흥시 정왕동 1742-6 401,402 호",15066,,37.3441859183,126.7357473849,,20181211,,,,176514.8664380380,426940.9533570900,노래연습장업,유통관련업,,유흥업소밀집지역,241.700,,,근린생활시설,,,7,7,,,,Y,,,,,,중심상업지역
란계방 노래연습장,영업중,20070629,"경기도 시흥시 정왕천로411번길 40 (정왕동,2층)",경기도 시흥시 정왕동 1187-11 2층,15052,,37.3465663494,126.7485375924,,,,,,177645.7001556020,427197.5064266200,노래연습장업,유통관련업,4,주택가주변,246.250,4,,근린생활시설,1.00,50.000,7,2,N,Y,Y,,Y,Y,,,,주거지역
랄랄라 노래연습장,폐업,20191219,"경기도 시흥시 은계번영길 25, 미림프라자 3층 306호 (은행동)",경기도 시흥시 은행동 646-11 미림프라자,14922,,37.4367806110,126.8039629429,,20210708,,,,182581.5577890380,437200.2685954530,노래연습장업,유통관련업,,,53.600,,,,,,2,,,,,,,,,,,
럭셔리노래연습장,영업중,20090819,"경기도 시흥시 봉우재로61번길 2 (정왕동,5층)",경기도 시흥시 정왕동 1823-3 5층,15053,031-497-3943,37.3479937240,126.7462088383,,,,,,177441.3162865340,427360.8101592410,노래연습장업,유통관련업,5,학교정화(상대),228.750,5,,근린생활시설,1.00,40.000,7,2,Y,Y,,,,Y,,,,일반주거지역
럭셔리노래연습장,영업중,20080729,"경기도 시흥시 월곶중앙로 59 (월곶동,202호)",경기도 시흥시 월곶동 1014-3 202호,14963,,37.3885516352,126.7386183971,,,,,,176782.5193722570,431860.9012501680,노래연습장업,유통관련업,6,주택가주변,88.330,5,1,근린생활시설,2.00,50.000,4,,Y,Y,Y,,Y,N,,,,준주거지역
럭셔리노래연습장,영업중,20080411,"경기도 시흥시 중심상가3길 9 (정왕동,3층)",경기도 시흥시 정왕동 1737-12 3층,15066,,37.3451507793,126.7372052989,,,,,,176644.6875722060,427042.7684987100,노래연습장업,유통관련업,6,유흥업소밀집지역,359.210,4,2,근린생활시설,1.00,50.000,12,8,Y,Y,Y,Y,Y,Y,,,,중심상업지역
럭셔리노래연습장,폐업,20091005,"경기도 시흥시 오이도로 115 (정왕동,3층)",경기도 시흥시 정왕동 1978-3 3층,15015,,37.3478933679,126.6914290879,,20201012,,,,172587.4216466880,427360.5395533300,노래연습장업,유통관련업,4,주택가주변,124.420,4,,근린생활시설,1.00,50.000,4,1,Y,Y,,Y,,,,,,일반주거지역
럭셔리더노래연습장,폐업,20110824,"경기도 시흥시 비둘기공원5길 15 (대야동,은행프라자 제202호)",경기도 시흥시 대야동 537 은행프라자 제202호,14912,,37.4426494640,126.7904899935,,20241016,,,,181389.0233549060,437852.0450373570,노래연습장업,유통관련업,,,206.560,,,,,,9,9,,Y,,Y,,,,,,
런던노래연습장,폐업,20050912,"경기도 시흥시 옥구상가2길 24  (정왕동,2층)",경기도 시흥시 정왕동 1855-6 2층,15040,,37.3523832298,126.7225102436,,20061102,,,,175344.5199480360,427852.3133809770,노래연습장업,유통관련업,,유흥업소밀집지역,89.190,,,근린생활시설,,,,,N,N,N,N,N,N,,,,일반상업지역
로또 노래연습장,허가취소,20030519,"경기도 시흥시 중심상가로 150  (정왕동,((301호))",경기도 시흥시 정왕동 1731-4 ((301호),15036,,37.3464896610,126.7323821519,20080213,,,,,176215.7250233670,427195.2593395240,노래연습장업,유통관련업,,유흥업소밀집지역,,,,근린생활시설,1.00,40.000,5,1,N,Y,Y,Y,N,Y,,,,
로미오노래연습장,폐업,20040130,"경기도 시흥시 중심상가로 149  (정왕동,2층)",경기도 시흥시 정왕동 1728-7 2층,15036,,37.3468250497,126.7326722825,,20131024,,,,176245.1582510780,427233.1864302820,노래연습장업,유통관련업,,유흥업소밀집지역,89.880,,,근린생활시설,,,,,,,,,,,,,,일반상업지역
로즈노래연습장,영업중,20151130,"경기도 시흥시 군서로18번길 10-1, 2층 201호 (정왕동)",경기도 시흥시 정왕동 1199 2층 201호,15052,,37.3451358526,126.7503808212,,,,,,177810.6919151840,427041.0254433860,노래연습장업,유통관련업,,,131.500,,,,,,5,,,,,,,,,,,
루이14세 노래연습장,폐업,20020902,"경기도 시흥시 중심상가로 330  (정왕동,(4층))",경기도 시흥시 정왕동 1782-20 (4층),15062,031-433-9228,37.3365516130,126.7484567589,,20040316,,,,177637.8728492220,426088.3965698860,노래연습장업,유통관련업,,유흥업소밀집지역,,,,근린생활시설,,,,,N,N,N,N,N,N,,,,
루이노래연습장,영업중,20101222,"경기도 시흥시 중심상가로 330  (정왕동,3층)",경기도 시흥시 정왕동 1782-20 3층,15062,,37.3365516130,126.7484567589,,,,,,177637.8728492220,426088.3965698860,노래연습장업,유통관련업,4,유흥업소밀집지역,57.810,4,,근린생활시설,1.00,40.000,3,,Y,Y,,,,,,,,일반상업지역
르네상스 노래연습장,폐업,19990304,경기도 시흥시 호현로22번길 4-1  (신천동),경기도 시흥시 신천동 707-26,14910,031-315-2317,37.4418221138,126.7848229505,,20011004,,,,180888.3325585910,437763.2303682500,노래연습장업,유통관련업,,,,,,근린생활시설,,,,,N,N,N,N,N,N,,,,
링컨코인노래연습장,영업중,20160913,경기도 시흥시 함송로14번길 13-15 (정왕동),경기도 시흥시 정왕동 1884-3 103호,15020,,37.3629746884,126.7294588587,,,,,,175959.2357411870,429028.6750178420,노래연습장업,유통관련업,,기타,110.720,,,근린생활시설,120.00,177.000,18,18,Y,Y,,Y,,,,,,근린상업지역
마리노래연습장,폐업,20080611,"경기도 시흥시 중심상가로 200 (정왕동,4층)",경기도 시흥시 정왕동 1742-16 4층,15066,,37.3436978495,126.7369377531,,20240902,,,,176618.3824162700,426882.0106504740,노래연습장업,유통관련업,6,유흥업소밀집지역,373.220,5,1,근린생활시설,1.00,50.000,12,12,Y,Y,Y,Y,Y,N,,,,중심상업지역
마야 노래연습장,영업중,20040727,"경기도 시흥시 월곶중앙로 53 (월곶동,2층)",경기도 시흥시 월곶동 1015-1 2층,14963,,37.3882675798,126.7392990546,,,,,,176842.2399453370,431830.8054388040,노래연습장업,유통관련업,5,기타,105.400,,,근린생활시설,,,7,,,,,Y,,,,,,일반주거지역
마창노래연습장,폐업,20010525,"경기도 시흥시 중심상가로 46  (정왕동,2층)",경기도 시흥시 정왕동 1855-12 2층,15040,,37.3523057472,126.7230643022,,20040216,,,,175391.8821374160,427839.8901193910,노래연습장업,유통관련업,,유흥업소밀집지역,,,,근린생활시설,,,,,N,N,N,N,N,N,,,,일반상업지역
마카오노래연습장,영업중,20030409,"경기도 시흥시 군서로42번길 9 (정왕동,(2층))",경기도 시흥시 정왕동 1205-1 (2층),15052,,37.3465277145,126.7481315316,,,,,,177612.3322903800,427195.4864059550,노래연습장업,유통관련업,,주택가주변,125.440,,,근린생활시설,,,5,,N,Y,N,,N,Y,,,,
망고KTV노래연습장,영업중,20210817,"경기도 시흥시 군서로24번길 9, 2층 (정왕동)",경기도 시흥시 정왕동 1201-1,15052,,37.3455283508,126.7497333884,,,,,,177753.5964817300,427085.5015742290,노래연습장업,유통관련업,,,126.270,,,,,,5,,,,,,,,,,,
매니아 노래연습장,영업중,20090911,"경기도 시흥시 한우물로 4 (거모동,2층)",경기도 시흥시 거모동 1756-8 2층,15070,,37.3429525428,126.7850052687,,,,,,180878.7116710880,426790.9251454350,노래연습장업,유통관련업,4,주택가주변,196.070,4,,근린생활시설,1.00,50.000,6,1,Y,Y,,Y,,,,,,일반상업지역
매니아 노래연습장,직권말소,19990407,"경기도 시흥시 중심상가로 155, B102호 (정왕동)",경기도 시흥시 정왕동 1728-17 B102호,15036,,37.3464056067,126.7333200886,,20150610,,,,176303.4654456920,427184.8767446420,노래연습장업,유통관련업,,,216.000,,,,,,1,,N,N,N,Y,N,N,,,,
매니아노래연습장,폐업,20080228,"경기도 시흥시 한우물로 4  (거모동,2층)",경기도 시흥시 거모동 1756-8 2층,15070,,37.3429525428,126.7850052687,,20090902,,,,180878.7116710880,426790.9251454350,노래연습장업,유통관련업,4,주택가주변,196.070,4,,근린생활시설,2.00,50.000,6,2,Y,Y,Y,Y,Y,Y,,,,상업지역
매드락노래연습장,영업중,20191004,"경기도 시흥시 서울대학로278번길 61, 서영베니스스퀘어 7층 701,702호 (배곧동)",경기도 시흥시 배곧동 204 서영베니스스퀘어,15011,,37.3681926149,126.7306929431,,,,,,176072.6007249400,429602.8439967730,노래연습장업,유통관련업,,,180.480,,,,,,22,,,,,Y,,,,,,
명성 노래연습장,폐업,19941115,경기도 시흥시 신천3길 23-1  (신천동),경기도 시흥시 신천동 761-1,14948,,37.4387769793,126.7835745759,,20070119,,,,180777.5711810730,437425.7984342630,노래연습장업,유통관련업,,,,,,,,,,,N,N,N,N,N,N,,,,
명월 노래연습장,영업중,19940506,"경기도 시흥시 삼미시장4길 21, 2층 (신천동)",경기도 시흥시 신천동 756-6,14948,031-311-3402,37.4397071366,126.7823787701,,,,,,180671.1993919600,437529.8554136260,노래연습장업,유통관련업,,,82.240,,,근린생활시설,,,5,3,N,N,N,Y,N,Y,,,,
명창 노래연습장,영업중,20040224,"경기도 시흥시 역전로302번길 5 (정왕동,2층)",경기도 시흥시 정왕동 2304-7 2층,15024,,37.3526714874,126.7391164335,,,,,,176810.6987605320,427882.0350121990,노래연습장업,유통관련업,,기타,150.000,,,근린생활시설,,,5,,,,,,,,,,,일반주거지역
명품 노래연습장,폐업,20050509,"경기도 시흥시 월곶중앙로 79 (월곶동,2층)",경기도 시흥시 월곶동 1011-12 2층,14963,,37.3893050716,126.7366451746,,20181231,,,,176609.1297598800,431947.8282063290,노래연습장업,유통관련업,,기타,144.900,,,근린생활시설,,,8,1,N,N,N,,N,N,,,,준주거지역
명품노래연습장,영업중,20221205,"경기도 시흥시 은계중앙로 250, 은계호수타운2 3층 310,311호 (은행동)",경기도 시흥시 은행동 608-3,14923,,37.4461820620,126.8040115137,,,,,,182586.5736219810,438222.3590486310,노래연습장업,유통관련업,,,156.760,,,,,,7,0,,,,,,,,,,
명품노래연습장,영업중,20050614,"경기도 시흥시 군서마을로 18-1 (정왕동,지층)",경기도 시흥시 정왕동 1213-10 지층,15052,,37.3443808904,126.7493045016,,,,,,177715.4644609630,426957.7985029460,노래연습장업,유통관련업,,기타,112.320,,,근린생활시설,1.00,50.000,5,,N,N,N,,N,N,,,,일반주거지역
명품노래연습장,영업중,20191118,"경기도 시흥시 은계번영길 13, 아리테타워 4층 408, 409호 (은행동)",경기도 시흥시 은행동 646-6 아리테타워,14922,,37.4373401072,126.8025447826,,,,,,182455.7240425050,437264.7933295200,노래연습장업,유통관련업,,,130.540,,,,,,6,,,,,Y,,,,,,
명품노래연습장,영업중,20230317,"경기도 시흥시 삼미시장1길 37, 212, 213호 (신천동)",경기도 시흥시 신천동 743-2,14948,,37.4409700615,126.7825475790,,,,,,180684.1720175690,437670.5376279280,노래연습장업,유통관련업,,,161.600,,,,,,6,,,,,,,,,,,
명품노래연습장,영업중,20181207,"경기도 시흥시 솔고개길 3-4, 3층 301호 (목감동)",경기도 시흥시 목감동 402-2,14985,,37.3823896542,126.8609665498,,,,,,187614.6093204720,431153.8543308390,노래연습장업,유통관련업,,,78.890,,,,,,4,,,,,,,,,,,
명품노래연습장,폐업,20190211,"경기도 시흥시 월곶중앙로 79, 석산프라자 2층 (월곶동)",경기도 시흥시 월곶동 1011-12 석산프라자,14963,,37.3893050716,126.7366451746,,20191204,,,,176609.1297598800,431947.8282063290,노래연습장업,유통관련업,,,177.120,,,,,,5,,,,,,,,,,,
모나코 노래연습장,영업중,20031017,"경기도 시흥시 정왕천로411번길 25 (정왕동,(지하1))",경기도 시흥시 정왕동 1201 (지하1),15052,,37.3456354342,126.7495629725,,,,,,177738.7480587880,427097.0668437660,노래연습장업,유통관련업,,유흥업소밀집지역,99.770,,,근린생활시설,,,1,,N,N,N,,N,N,,,,
모아노래연습장,폐업,20100601,"경기도 시흥시 비둘기공원6길 10, 304호 (대야동,3층)",경기도 시흥시 대야동 535 3층 304호,14912,,37.4429332097,126.7912108125,,20201117,,,,181452.9803379330,437887.0191147740,노래연습장업,유통관련업,7,유흥업소밀집지역,133.420,6,1,근린생활시설,1.00,40.000,3,,Y,Y,,,,,,,,중심상업지역
모여라 노래연습장,영업중,19940210,"경기도 시흥시 수인로3395번길 14-2, 지하1층 (신천동)",경기도 시흥시 신천동 746-24 성원빌딩,14948,031-314-4343,37.4405741900,126.7811835383,,,,,,180565.4284979150,437626.0131727140,노래연습장업,유통관련업,,주택가주변,131.140,,,근린생활시설,,,5,,N,N,N,,N,N,,,,
목감노래연습장,영업중,20211005,"경기도 시흥시 동서로 1109, 안산농협 목감지점 2층 (논곡동)",경기도 시흥시 논곡동 160-7 안산농협 목감지점,14984,,37.3879784372,126.8610207842,,,,,,187564.3635334600,431760.8027194520,노래연습장업,유통관련업,,,323.980,,,,,,7,,,,,,,,,,,
물짱노래연습장,폐업,20031028,"경기도 시흥시 옥구상가3길 21  (정왕동,(201호))",경기도 시흥시 정왕동 1858-7 (201호),15040,,37.3538552520,126.7229354194,,20080324,,,,175384.5011270140,428018.7366803990,노래연습장업,유통관련업,,유흥업소밀집지역,53.910,,,근린생활시설,1.00,30.000,2,1,N,Y,Y,Y,N,Y,,,,
뮤노래연습장,영업중,20111109,"경기도 시흥시 시흥대로 1121, 신천휴먼시아 상가조합 5층 501, 502, 503-1호 (신천동)",경기도 시흥시 신천동 948 신천휴먼시아 상가조합,14950,,37.4355599100,126.7911786218,,,,,,181445.9510254770,437065.4065520950,노래연습장업,유통관련업,,,182.970,,,,,,7,,,,,,,,,,,
뮤즈노래연습장,영업중,20100728,"경기도 시흥시 비둘기공원6길 16,  302-1호 (대야동,3층)",경기도 시흥시 대야동 538 3층 302-1호,14912,,37.4424717128,126.7909099418,,,,,,181427.2481468840,437833.5558515590,노래연습장업,유통관련업,7,유흥업소밀집지역,71.330,6,1,근린생활시설,1.00,40.000,3,,Y,Y,,,,,,,,중심상업지역
뮤지컬 노래연습장,폐업,20030811,"경기도 시흥시 중심상가로 160  (정왕동,(3층))",경기도 시흥시 정왕동 1731-13 (3층),15036,,37.3459366332,126.7332796968,,20061023,,,,176295.3134857310,427133.3376934600,노래연습장업,유통관련업,,유흥업소밀집지역,97.280,,,근린생활시설,1.00,30.000,2,,N,Y,N,N,N,Y,,,,
뮤직Q코인노래연습장,폐업,20170126,"경기도 시흥시 은행로167번길 3, 402호 (대야동, 대원빌딩)",경기도 시흥시 대야동 578-3 402호,14914,031-318-1037,37.4454446818,126.7982075509,,20221005,,,,182071.7225068410,438163.2761234350,노래연습장업,유통관련업,,,155.660,,,근린생활시설,2.00,43.000,16,15,,Y,,Y,,,,,,일반상업지역
뮤직Q코인노래연습장 2호점,영업중,20081219,"경기도 시흥시 은행로 154 (은행동,지층)",경기도 시흥시 은행동 529-6 지층,14916,,37.4447408301,126.7995933280,,,,,,182195.5383531510,438084.7016113690,노래연습장업,유통관련업,9,유흥업소밀집지역,221.930,7,2,근린생활시설,2.00,50.000,20,2,Y,Y,Y,Y,Y,N,,,,준주거지역
미미 노래연습장,폐업,20021122,"경기도 시흥시 시흥대로 1122  (신천동,(2층))",경기도 시흥시 신천동 83-11 (2층),14950,,37.4355755060,126.7915823685,,20050204,,,,181486.9910325920,437071.8120343430,노래연습장업,유통관련업,6,주택가주변,,5,1,,,,,,N,Y,N,Y,N,Y,,,,
미소노래연습장,영업중,19990803,경기도 시흥시 시흥대로1074번길 11 (은행동),경기도 시흥시 은행동 289-5,14921,,37.4317419177,126.7943761074,,,,,,181731.1623282460,436643.0754664630,노래연습장업,유통관련업,,,212.950,,,,,,9,3,N,N,N,Y,N,N,,,,
민희노래연습장,폐업,20051128,"경기도 시흥시 함송로 24 (정왕동,외1필지,204호)","경기도 시흥시 정왕동 1882-4 외1필지,204호",15020,031-499-4045,37.3632151301,126.7303936899,,20251106,,,,176034.1460091850,429060.8606738410,노래연습장업,유통관련업,,기타,91.800,,,근린생활시설,1.00,50.000,5,2,N,N,N,,N,N,,,,일반상업지역
바다노래연습장,영업중,20020330,"경기도 시흥시 오이도로 203 (정왕동,4층)",경기도 시흥시 정왕동 2030-9 4층,15015,,37.3428244619,126.6870127742,,,,,,172195.3190124950,426800.4305953400,노래연습장업,유통관련업,,기타,138.120,,,근린생활시설,,,6,,N,N,N,,N,N,,,,일반주거지역
바바 노래연습장,영업중,20020109,"경기도 시흥시 평안상가2길 18, 2층 201호 (정왕동)",경기도 시흥시 정왕동 1624-5 201호,15062,,37.3375405477,126.7480517966,,,,,,177602.4318762580,426198.3334190510,노래연습장업,유통관련업,,유흥업소밀집지역,91.520,,,근린생활시설,,,3,,N,N,N,,N,N,,,,
발리노래연습장,폐업,20051018,"경기도 시흥시 중심상가로 39  (정왕동,3층)",경기도 시흥시 정왕동 1859-6 3층,15040,,37.3528545057,126.7229005711,,20061027,,,,175378.8796276250,427904.9821902660,노래연습장업,유통관련업,,유흥업소밀집지역,247.480,,,근린생활시설,,,,,N,N,N,N,N,N,,,,일반상업지역
방가방가 노래연습장,폐업,20021224,"경기도 시흥시 신천3길 40-1  (신천동,지하1층)",경기도 시흥시 신천동 758-13 지하1층,14948,031-316-1146,37.4388286823,126.7816976126,,20220920,,,,180612.2730059670,437433.3471446640,노래연습장업,유통관련업,4,,275.200,3,1,근린생활시설,,,,,N,N,N,Y,N,N,,,,
배곧노래연습장,영업중,20170731,"경기도 시흥시 배곧3로 96, 301호 (배곧동)",경기도 시흥시 배곧동 199-2 M-플러스 301호,15011,,37.3697764139,126.7302927867,,,,,,176060.7069230150,429766.4175745640,노래연습장업,유통관련업,,,149.160,,,,,116.000,6,3,,Y,Y,Y,,,,,,
배꼽노래연습장,영업중,20160622,"경기도 시흥시 월곶중앙로 59, 301,302호 (월곶동, 월곶프라자)","경기도 시흥시 월곶동 1014-3 301,302호",14963,,37.3885516352,126.7386183971,,,,,,176782.5193722570,431860.9012501680,노래연습장업,유통관련업,,유흥업소밀집지역,177.760,,,,,,9,,,,,Y,,,,,,준주거지역
배꼽티노래연습장,영업중,20141120,"경기도 시흥시 봉우재로 10, 3층 (정왕동)",경기도 시흥시 정왕동 1593-6,15057,,37.3441430376,126.7430974780,,,,,,177166.3236306670,426931.8584869770,노래연습장업,유통관련업,,기타,129.600,,,근린생활시설,,,5,,,Y,,,,,,,,일반주거지역
배철수 노래연습장,등록취소,20010822,경기도 시흥시 도일로 143  (거모동),경기도 시흥시 거모동 1756-7,15070,031-492-8229,37.3430163857,126.7851288496,20110208,,,,,180889.0264019450,426798.1012720620,노래연습장업,유통관련업,,,184.530,,,,,,,,N,N,N,,N,N,,,,
배철수 노래연습장,영업중,20030206,"경기도 시흥시 평안상가2길 26-1  (정왕동,3층)",경기도 시흥시 정왕동 1782-7 3층,15062,031-499-1969,37.3368061769,126.7473817955,,,,,,177541.0366429120,426119.4238861950,노래연습장업,유통관련업,,유흥업소밀집지역,102.740,,,,,,,,N,Y,N,N,N,Y,,,,
백락문노래연습장,영업중,20090625,"경기도 시흥시 정왕천로411번길 18 (정왕동,지하)",경기도 시흥시 정왕동 1192-6 지하,15052,031-504-1520,37.3452900772,126.7505373476,,,,,,177824.2532429530,427058.4330363830,노래연습장업,유통관련업,5,주택가주변,127.940,4,1,근린생활시설,1.00,50.000,5,1,Y,Y,Y,,,,,,,일반주거지역
백만불 노래연습장,영업중,20010119,경기도 시흥시 중심상가로 185  (정왕동),경기도 시흥시 정왕동 1737-7,15066,031-432-9889,37.3448179292,126.7359103278,,,,,,176532.0398078670,427010.1853829600,노래연습장업,유통관련업,,,64.440,,,,,,,,N,N,N,N,N,N,,,,
백악관노래연습장,폐업,20031208,"경기도 시흥시 하중로 130  (하중동,(2층))",경기도 시흥시 하중동 829-2 (2층),14975,,37.3989735213,126.8002341623,,20070621,,,,182240.6233646320,433004.3959547110,노래연습장업,유통관련업,,아파트지역,227.370,,,근린생활시설,1.00,40.000,9,1,N,Y,Y,Y,Y,Y,,,,
뱅뱅 노래연습장,폐업,20020729,"경기도 시흥시 중심상가로 49  (정왕동,(3층))",경기도 시흥시 정왕동 1859-20 (3층),15040,,37.3523288135,126.7238318533,,20061114,,,,175459.6994211740,427844.9672536080,노래연습장업,유통관련업,5,,,5,,근린생활시설,,,,,N,N,N,N,N,N,,,,
뱅크 노래연습장,폐업,19990609,"경기도 시흥시 진말로 20 (장곡동,(2층))",경기도 시흥시 장곡동 823-1 (2층),15002,031-317-0374,37.3791022015,126.7857917203,,20190711,,,,180958.0860343940,430802.8504162610,노래연습장업,유통관련업,2,아파트지역,166.000,2,,근린생활시설,,,,,N,N,N,Y,N,N,,,,
뱅크노래연습장,영업중,20070911,"경기도 시흥시 삼미시장4길 18-1 (신천동,3층)",경기도 시흥시 신천동 740-9 3층,14948,,37.4398897990,126.7827726727,,,,,,180706.0309409670,437549.9686643360,노래연습장업,유통관련업,5,주택가주변,145.400,4,1,근린생활시설,1.00,50.000,7,5,N,N,N,Y,N,N,,,,일반주거지역
벌떼노래연습장,영업중,20030409,"경기도 시흥시 군자로 474 (거모동,외1 (2층))",경기도 시흥시 거모동 1728-6 외1 (2층),15071,,37.3472228121,126.7831470399,,,,,,180721.6093270980,427258.3408714030,노래연습장업,유통관련업,,아파트지역,165.000,,,근린생활시설,1.00,,7,,N,Y,N,,N,Y,,,,
베르사유 노래연습장,폐업,19980811,"경기도 시흥시 월곶중앙로70번안길 19  (월곶동,지층)",경기도 시흥시 월곶동 1004-9 지층,14966,031-318-4411,37.3903273437,126.7411907637,,20070823,,,,177011.1210388910,432058.4179234010,노래연습장업,유통관련업,,,,,,,,,,,N,N,N,N,N,N,,,,
베베 노래연습장,폐업,19971013,경기도 시흥시 시흥대로1073번길 33 (신천동),경기도 시흥시 신천동 874-1,14951,031-314-4245,37.4320488519,126.7888833092,,20220311,,,,181255.1645198710,436676.8047360310,노래연습장업,유통관련업,,,73.900,,,,,,7,3,N,N,N,Y,N,N,,,,
베트남가요노래연습장,영업중,20110915,"경기도 시흥시 군서마을로 58-1 (정왕동,(지하1층))",경기도 시흥시 정왕동 1210-10 (지하1층),15052,,37.3465489627,126.7458055461,,,,,,177406.3101868040,427198.2375714340,노래연습장업,유통관련업,,,147.250,,,,,,5,,,,,,,,,,,
베트남노래연습장,폐업,20110719,"경기도 시흥시 중심상가3길 14, 401호 (정왕동,4층)",경기도 시흥시 정왕동 1737-4 4층 401호,15066,,37.3449024731,126.7364400969,,20250103,,,,176576.4167113440,427019.9910128130,노래연습장업,유통관련업,6,유흥업소밀집지역,109.080,4,2,근린생활시설,1.00,40.000,4,,,Y,,,,,,,,일반상업지역
벤츠노래연습장,영업중,20110721,"경기도 시흥시 옥구상가2길 16 (정왕동,지하1층)",경기도 시흥시 정왕동 1859-5 지하1층,15040,,37.3529550584,126.7231140656,,,,,,175394.8949053510,427916.9340360390,노래연습장업,유통관련업,5,유흥업소밀집지역,163.670,4,1,근린생활시설,1.00,40.000,2,,,Y,,,,,,,,일반상업지역
벨라지오노래연습장,폐업,20040409,경기도 시흥시 연성로13번길 4 (하중동),경기도 시흥시 하중동 874-1,14976,,37.3905131662,126.8054076656,,20150619,,,,182697.8975707940,432064.0582175170,노래연습장업,유통관련업,,기타,165.630,,,근린생활시설,1.00,40.000,5,,Y,Y,,,,,,,,일반상업지역
별 노래연습장,영업중,20111206,"경기도 시흥시 대은로 81, 202호 (대야동)",경기도 시흥시 대야동 573-2 202호,14914,,37.4447000348,126.7972761971,,,,,,181992.1913751860,438080.1941277930,노래연습장업,유통관련업,,,101.560,2,,,,,5,2,,Y,,Y,,,,,,
별 노래연습장,영업중,20160627,"경기도 시흥시 배곧4로 32-27, 202,203호 (배곧동)","경기도 시흥시 배곧동 47 202,203호",15010,,37.3776954647,126.7255471026,,,,,,176765.5417237360,430507.4977112820,노래연습장업,유통관련업,,,239.580,,,,,,10,3,,Y,,Y,,,,,,
별 노래연습장,영업중,20100402,"경기도 시흥시 진말로3번길 16 (장곡동,2층 201호 일부)",경기도 시흥시 장곡동 812-2 2층 201호 일부,15002,031-495-6677,37.3778904736,126.7836571828,,,,,,180768.5589813170,430666.7786227410,노래연습장업,유통관련업,9,주택가주변,270.000,7,2,근린생활시설,1.00,40.000,8,2,Y,Y,,Y,,,,,,일반상업지역
별 코인노래연습장,영업중,20250911,"경기도 시흥시 오이도로 165, 2층 (정왕동)",경기도 시흥시 정왕동 2003-24 2층호,15015,,37.3461678757,126.6882299232,,,,,,172304.8928158620,427171.2018621330,노래연습장업,유통관련업,,,133.920,,,,,,2,2,,,,Y,,,,,,
별노래연습장,영업중,20230410,"경기도 시흥시 거북섬둘레길 5-14, 505호 (정왕동)",경기도 시흥시 정왕동 2707,15119,,37.3256065535,126.6763289567,,,,,,171243.6684059330,424894.9307622390,노래연습장업,유통관련업,,,96.400,,,,,,2,,,,,,,,,,,
별밤노래연습장,영업중,20230613,"경기도 시흥시 능곡번영길 30, 301, 302호 (능곡동)",경기도 시흥시 능곡동 898-5,14999,,37.3702036074,126.8066452799,,,,,,182800.7839266130,429794.8822090760,노래연습장업,유통관련업,,,201.120,,,,,,8,1,,,,Y,,,,,,
별밤노래연습장,영업중,20180730,"경기도 시흥시 정왕대로233번길 12, 평화빌딩 2층 (정왕동)",경기도 시흥시 정왕동 1610-5 평화빌딩,15056,,37.3460001805,126.7403353471,,,,,,176922.2356101320,427137.4675390730,노래연습장업,유통관련업,,,157.120,,,,,,5,,,,,Y,,,,,,
별천지 노래연습장,폐업,19980824,경기도 시흥시 삼미시장3길 16  (신천동),경기도 시흥시 신천동 739-5,14948,031-312-6060,37.4399676615,126.7837214832,,20051212,,,,180789.8566869160,437560.3035816630,노래연습장업,유통관련업,,,,,,근린생활시설,,,,,N,N,N,N,N,Y,,,,
보그 노래연습장,폐업,19980116,경기도 시흥시 호현로10번길 15-5  (신천동),경기도 시흥시 신천동 707-20,14910,031-312-3888,37.4414986014,126.7849842919,,20070912,,,,180902.1940960290,437728.0108425430,노래연습장업,유통관련업,,,,,,근린생활시설,,,,,N,N,N,N,N,Y,,,,
보라보라 노래연습장,영업중,20090714,"경기도 시흥시 월곶해안로 115, 203호 (월곶동)",경기도 시흥시 월곶동 1013-7 203호,14963,,37.3886050367,126.7343252018,,,,,,176402.0962387430,431869.0259054550,노래연습장업,유통관련업,12,,73.660,10,2,근린생활시설,2.00,50.000,4,,Y,Y,,,,,,,,준주거지역
보물선 노래연습장,폐업,20010807,경기도 시흥시 월곶해안로 29-2 (월곶동),경기도 시흥시 월곶동 991-1,14968,,37.3946323820,126.7394832757,,20150706,,,,176857.5944285690,432539.8743763260,노래연습장업,유통관련업,,,231.240,,,,,,,,N,N,N,,N,N,,,,
보물선노래연습장,영업중,20151229,"경기도 시흥시 월곶해안로 29-2, 3층 (월곶동)",경기도 시흥시 월곶동 991-1 3층,14968,,37.3946323820,126.7394832757,,,,,,176857.5944285690,432539.8743763260,노래연습장업,유통관련업,,,231.240,,,,,,9,,,,,,,,,,,
보보노래연습장,영업중,19990904,"경기도 시흥시 중심상가로 162, 302호 (정왕동,3층)",경기도 시흥시 정왕동 1731-15 3층 302호,15036,031-432-9466,37.3458208530,126.7334953850,,,,,,176315.1183417990,427117.9214547770,노래연습장업,유통관련업,,,177.920,,,근린생활시설,,,1,,N,N,N,,N,N,,,,
보스 노래연습장,폐업,20030519,"경기도 시흥시 중심상가로 152  (정왕동,(201호))",경기도 시흥시 정왕동 1731-5 (201호),15036,,37.3463743219,126.7326655793,,20070109,,,,176237.1305649860,427181.3013914230,노래연습장업,유통관련업,,유흥업소밀집지역,,,,근린생활시설,1.00,30.000,2,,N,Y,N,N,N,Y,,,,
볼륨업코인노래연습장,영업중,20170116,"경기도 시흥시 진말로3번길 16, 301호 (장곡동)",경기도 시흥시 장곡동 812-2 301호,15002,,37.3778904736,126.7836571828,,,,,,180768.5589813170,430666.7786227410,노래연습장업,유통관련업,6,,153.190,6,2,근린생활시설,,51.000,17,17,,,,Y,,,,,,일반상업지역
봉황노래연습장,영업중,20021031,"경기도 시흥시 정왕천로411번길 38 (정왕동,(2층))",경기도 시흥시 정왕동 1187-10 (2층),15052,031-434-1062,37.3464500393,126.7486742334,,,,,,177659.9638091780,427186.4027567140,노래연습장업,유통관련업,,주택가주변,110.630,,,,,,5,,N,N,N,,N,N,,,,
부킹 노래연습장,영업중,20020812,"경기도 시흥시 군서로 25  (정왕동,(지하1층))",경기도 시흥시 정왕동 1213-4 (지하1층),15052,031-432-9808,37.3448469933,126.7488934246,,,,,,177679.7787172720,427009.4113457720,노래연습장업,유통관련업,4,,122.790,3,1,근린생활시설,,,,,N,N,N,Y,N,N,,,,
부킹노래연습장,영업중,20030626,"경기도 시흥시 오이도로 197 (정왕동,(4층))",경기도 시흥시 정왕동 2030-14 (4층),15015,,37.3434027676,126.6872210428,,,,,,172214.1471917780,426864.7413808930,노래연습장업,유통관련업,,주택가주변,122.690,,,근린생활시설,1.00,32.000,5,1,N,Y,Y,,N,Y,,,,
부킹노래연습장,폐업,20010821,경기도 시흥시 옥구상가3길 15-7  (정왕동),경기도 시흥시 정왕동 1859-4,15040,031-433-1242,37.3530820569,126.7232369591,,20070914,,,,175405.9941965620,427931.1264414230,노래연습장업,유통관련업,,,,,,,,,,,N,N,N,N,N,N,,,,
북새통 노래연습장,영업중,19980924,"경기도 시흥시 복지로 93 (대야동,(지하1))",경기도 시흥시 대야동 443-3 (지하1),14906,031-315-0013,37.4475398997,126.7913369319,,,,,,181466.8550062380,438397.4329122530,노래연습장업,유통관련업,,주택가주변,140.190,,,,,,6,1,N,N,N,,N,N,,,,
불가리노래연습장,영업중,20040511,"경기도 시흥시 정왕천로411번길 39 (정왕동,2층)",경기도 시흥시 정왕동 1204 2층,15052,,37.3463848676,126.7483474687,,,,,,177632.0950012030,427180.0912541230,노래연습장업,유통관련업,4,기타,124.560,,,근린생활시설,,,5,,,,,,,,,,,일반주거지역
불야성노래연습장,영업중,20001108,"경기도 시흥시 정왕천로411번길 6 (정왕동,(지하1))",경기도 시흥시 정왕동 1194-10 (지하1),15052,,37.3446834026,126.7515255976,,,,,,177911.0343373260,426990.8236471830,노래연습장업,유통관련업,,,97.830,,,,,,6,,N,N,N,,N,N,,,,
불티 노래연습장,영업중,19950414,경기도 시흥시 복지로43번길 28 (지하1)동 (대야동),경기도 시흥시 대야동 486-12 (지하1)동,14909,031-313-0351,37.4444996111,126.7863914549,,,,,,181028.4180320090,438062.3322735370,노래연습장업,유통관련업,,주택가주변,141.430,,,근린생활시설,,,,,N,N,N,Y,N,Y,,,,
브이 노래연습장,영업중,20040130,"경기도 시흥시 군서로28번길 11 (정왕동,지층)",경기도 시흥시 정왕동 1189-10 지층,15052,,37.3459503924,126.7494808074,,,,,,177732.0063221290,427130.2837069270,노래연습장업,유통관련업,,기타,130.000,,,근린생활시설,,,1,,N,N,N,,N,N,,,,일반주거지역
브이제이 노래연습장,폐업,19990717,"경기도 시흥시 중심상가로 152  (정왕동,302호)",경기도 시흥시 정왕동 1731-5 302호,15036,031-496-9697,37.3463743219,126.7326655793,,20080118,,,,176237.1305649860,427181.3013914230,노래연습장업,유통관련업,,,,,,근린생활시설,,,,,N,N,N,N,N,N,,,,
비 노래연습장,영업중,20251217,"경기도 시흥시 옥구상가4길 8-3, 2층 (정왕동)",경기도 시흥시 정왕동 1855-20 2층호,15040,,37.3517784642,126.7223809897,,,,,,175340.5789124640,427781.8839596600,노래연습장업,유통관련업,,,197.960,,,,,72.000,4,,,,,,,,,,,
비바 노래연습장,폐업,20010918,"경기도 시흥시 중심상가로 186 (정왕동,(4층))",경기도 시흥시 정왕동 1742-4 (4층),15066,031-433-0480,37.3445002827,126.7355748511,,20170928,,,,176502.5317695850,426972.2237820050,노래연습장업,유통관련업,,유흥업소밀집지역,,,,,,,3,,N,N,N,,N,N,,,,
빙고노래연습장,영업중,20031129,"경기도 시흥시 오이도로 151 (정왕동,(3층))",경기도 시흥시 정왕동 1973-16 (3층),15015,,37.3473516760,126.6886687876,,,,,,172343.8300798670,427302.7084581480,노래연습장업,유통관련업,,주택가주변,113.530,,,근린생활시설,1.00,40.000,6,,N,Y,Y,,Y,Y,,,,
빙고노래연습장,영업중,20070905,"경기도 시흥시 월곶중앙로46번길 27, 덕신빌딩 지하층 (월곶동)",경기도 시흥시 월곶동 1004-2 덕신빌딩,14966,,37.3904812017,126.7415247389,,,,,,177040.5035354190,432075.2424203150,노래연습장업,유통관련업,5,유흥업소밀집지역,150.590,4,1,근린생활시설,1.00,50.000,7,,N,N,N,,N,N,,,,일반상업지역
뻐꾸기,폐업,20030219,경기도 시흥시 호현로 9 (신천동),경기도 시흥시 신천동 706-11,14904,031-314-9698,37.4420479631,126.7834190399,,20160630,,,,180780.5916289060,437779.0257011810,노래연습장업,유통관련업,,,287.030,,,근린생활시설,,,,,N,N,N,Y,N,N,,,,
뽀마노래연습장,영업중,19950810,"경기도 시흥시 정왕천로 415 (정왕동,지층)",경기도 시흥시 정왕동 1195-7 지층,15052,,37.3446873294,126.7521465025,,,,,,177967.6543299370,426990.6544138250,노래연습장업,유통관련업,,,149.590,,,,,,6,,N,N,N,,N,N,,,,
사나이 노래연습장,폐업,20021212,경기도 시흥시 월곶해안로 133  (월곶동),경기도 시흥시 월곶동 1013-12,14963,,37.3876563066,126.7353628154,,20150402,,,,176495.4022181940,431764.8440385230,노래연습장업,유통관련업,,,225.140,,,근린생활시설,,,,,N,N,N,,N,N,,,,
사오정 노래연습장,폐업,20030220,경기도 시흥시 매화1로 3 (매화동),경기도 시흥시 매화동 199-1,14940,031-466-8672,37.4156165772,126.8147474794,,20211101,,,,183527.6888512120,434849.4758739660,노래연습장업,유통관련업,,주택가주변,233.120,,,근린생활시설,,,7,2,N,N,N,Y,N,N,,,,
사이버 노래연습장,폐업,20001227,경기도 시흥시 월곶중앙로 38  (월곶동),경기도 시흥시 월곶동 995-1,14966,031-318-0207,37.3880373624,126.7413460252,,20050607,,,,177022.4681613820,431803.3382248390,노래연습장업,유통관련업,,,,,,근린생활시설,,,,,N,N,N,N,N,N,,,,
사탕노래연습장,영업중,20021107,"경기도 시흥시 서촌상가2길 9-1 (정왕동,(2층))",경기도 시흥시 정왕동 1728-13 (2층),15036,031-434-0545,37.3469948223,126.7338334474,,,,,,176346.8673398050,427249.0865904870,노래연습장업,유통관련업,,유흥업소밀집지역,55.400,,,근린생활시설,,,2,,N,N,N,,N,N,,,,
산타페노래연습장,영업중,20100416,"경기도 시흥시 승지로59번길 1 (능곡동,4층 401,402호)","경기도 시흥시 능곡동 728 4층 401,402호",14995,,37.3692133481,126.8099408312,,,,,,183096.3022293040,429699.4946404020,노래연습장업,유통관련업,8,아파트지역,356.550,6,2,근린생활시설,1.00,40.000,7,1,Y,Y,,,,,,,,준주거지역
산타페노래연습장,영업중,20150713,"경기도 시흥시 삼미시장2길 24, 2층 (신천동)",경기도 시흥시 신천동 742-2 2층,14948,,37.4406010068,126.7826302328,,,,,,180687.3794545360,437630.3110405440,노래연습장업,유통관련업,,,172.380,,,,,,6,,,,,,,,,,,
산타페노래연습장,폐업,20051213,"경기도 시흥시 삼미시장2길 24,  202호 (신천동)",경기도 시흥시 신천동 742-2 202호,14948,,37.4406010068,126.7826302328,,20120731,,,,180687.3794545360,437630.3110405440,노래연습장업,유통관련업,,기타,142.500,,,근린생활시설,1.00,50.000,6,1,N,N,N,Y,N,N,,,,일반주거지역
산타페노래연습장,폐업,20120816,"경기도 시흥시 삼미시장2길 24 (신천동,2층 202호)",경기도 시흥시 신천동 742-2 2층 202호,14948,,37.4406010068,126.7826302328,,20150619,,,,180687.3794545360,437630.3110405440,노래연습장업,유통관련업,,기타,174.610,,,근린생활시설,,,,,,,,,,,,,,일반주거지역
상도노래연습장,영업중,20110920,경기도 시흥시 정왕시장길 52 (정왕동),경기도 시흥시 정왕동 1202-2 (209호),15052,,37.3455685452,126.7489652672,,,,,,177684.9537522750,427088.4076865390,노래연습장업,유통관련업,,,80.640,,,,,,4,,,,,,,,,,,
상하이노래연습장,영업중,20140102,"경기도 시흥시 군서로46번길 9, 지층호 (정왕동)",경기도 시흥시 정왕동 1206-1 지1층호,15052,,37.3467685567,126.7477339731,,,,,,177576.6872377660,427223.2423942630,노래연습장업,유통관련업,,,139.440,,,,,,5,,,,,,,,,,,
새롬 노래연습장,폐업,20011126,경기도 시흥시 삼미시장4길 9  (신천동),경기도 시흥시 신천동 760-14,14948,031-314-3657,37.4393714298,126.7835010839,,20200117,,,,180768.9211243670,437491.7164697330,노래연습장업,유통관련업,,,106.000,,,근린생활시설,,,,,N,N,N,N,N,N,,,,
샛별 노래연습장,폐업,20030924,"경기도 시흥시 평안상가2길 12  (정왕동,(3층))",경기도 시흥시 정왕동 1624-2 (3층),15062,,37.3378128786,126.7483538807,,20061121,,,,177627.0255452840,426229.9324505050,노래연습장업,유통관련업,,유흥업소밀집지역,,,,근린생활시설,1.00,30.000,3,,N,Y,Y,N,N,Y,,,,
�浜酉×Ы응�,영업중,20110819,"경기도 시흥시 승지로60번길 36 (능곡동,월드프라자 402호 403호)",경기도 시흥시 능곡동 744 월드프라자 402호 403호,14995,,37.3686500595,126.8107252432,,,,,,183162.3139250810,429638.9996379990,노래연습장업,유통관련업,,,219.520,,,,,,9,,,,,Y,,,,,,
�浜酉×Ы응�,영업중,20110907,"경기도 시흥시 진말로9번길 15, 201.202호 (장곡동)",경기도 시흥시 장곡동 817-1 센타빌딩,15002,,37.3781087042,126.7839713649,,,,,,180797.9906415860,430692.2517794540,노래연습장업,유통관련업,,,170.270,,,,,,8,,,,,Y,,,,,,
�浜酉×Ы응�,영업중,20130327,경기도 시흥시 오동마을로6번길 17 (정왕동),경기도 시흥시 정왕동 2321-7,15049,031-319-9649,37.3521994574,126.7428133568,,,,,,177137.6563285170,427829.6210754610,노래연습장업,유통관련업,,기타,276.520,,,근린생활시설,,,9,,,,,,,,,,,일반주거지역
�浜酉×Ы응�,영업중,20071108,"경기도 시흥시 신천3길 27-1 (신천동,2층)",경기도 시흥시 신천동 761 2층,14948,,37.4386217701,126.7832482393,,,,,,180749.1205414900,437408.6200024180,노래연습장업,유통관련업,3,주택가주변,142.200,3,,근린생활시설,1.00,50.000,6,2,N,N,N,,N,N,,,,일반주거지역
�浜酉×Ы응�,영업중,19930208,"경기도 시흥시 동서로 1111 (논곡동,외1필지 지하1층)",경기도 시흥시 논곡동 148-14 외1필지 지하1층,14984,031-405-3870,37.3880871458,126.8611215297,,,,,,187630.5939865590,431781.8035690090,노래연습장업,유통관련업,4,주택가주변,67.720,3,1,근린생활시설,1.00,40.000,4,,N,N,N,,N,N,,,,일반주거지역
�浜酉×Ы응�,영업중,20071228,"경기도 시흥시 오이도로135번길 39-1 (정왕동,3층)",경기도 시흥시 정왕동 2005-2 3층,15015,,37.3447348094,126.6882453511,,,,,,172304.5030852650,427012.6158001610,노래연습장업,유통관련업,5,주택가주변,154.450,5,,근린생활시설,2.00,50.000,5,,N,Y,N,,N,Y,,,,준주거지역
�浜酉×Ы응�,영업중,20051201,"경기도 시흥시 대골안길 58 (대야동,2층)",경기도 시흥시 대야동 487-11 2층,14909,,37.4447684229,126.7876211396,,,,,,181135.8127121170,438088.4425754610,노래연습장업,유통관련업,,기타,90.000,,,근린생활시설,1.00,50.000,5,2,N,N,N,Y,N,N,,,,일반주거지역
�浜酉×Ы응�,폐업,20120327,경기도 시흥시 오동마을로6번길 17 (정왕동),경기도 시흥시 정왕동 2321-7,15049,,37.3521994574,126.7428133568,,20130325,,,,177137.6563285170,427829.6210754610,노래연습장업,유통관련업,4,주택가주변,276.520,3,,근린생활시설,,,,,,,,,,,,,,일반주거지역
�浜酉×Ы응�,폐업,20091105,"경기도 시흥시 오동마을로6번길 17  (정왕동,3층)",경기도 시흥시 정왕동 2321-7 3층,15049,031-311-9649,37.3521994574,126.7428133568,,20110627,,,,177137.6563285170,427829.6210754610,노래연습장업,유통관련업,4,유흥업소밀집지역,276.520,4,,근린생활시설,1.00,40.000,9,1,Y,Y,,Y,,,,,,일반주거지역
�浜酉×Ы응�,폐업,20090522,"경기도 시흥시 승지로60번길 36  (능곡동,402,403호)","경기도 시흥시 능곡동 744 402,403호",14995,,37.3686500595,126.8107252432,,20110817,,,,183162.3139250810,429638.9996379990,노래연습장업,유통관련업,8,유흥업소밀집지역,219.520,6,2,근린생활시설,1.00,50.000,9,2,Y,Y,Y,Y,,,,,,준주거지역
�浜酉×Ы응�,폐업,20060113,"경기도 시흥시 진말로9번길 15  (장곡동,2층)",경기도 시흥시 장곡동 817-1 2층,15002,,37.3781087042,126.7839713649,,20110831,,,,180797.9906415860,430692.2517794540,노래연습장업,유통관련업,,기타,192.100,,,근린생활시설,1.00,50.000,8,2,N,N,N,Y,N,N,,,,일반상업지역
�浜酉×Ы응�,폐업,20110701,"경기도 시흥시 오동마을로6번길 17  (정왕동,3층)",경기도 시흥시 정왕동 2321-7 3층,15049,032-662-8947,37.3521994574,126.7428133568,,20120319,,,,177137.6563285170,427829.6210754610,노래연습장업,유통관련업,4,주택가주변,276.520,4,,근린생활시설,1.00,40.000,9,,Y,Y,,,,,,,,일반주거지역
서강 노래연습장,폐업,20010307,경기도 시흥시 비둘기공원7길 22 (대야동),경기도 시흥시 대야동 562-2,14908,031-313-6268,37.4441238072,126.7928500879,,20181220,,,,181603.2775687410,438030.2621256450,노래연습장업,유통관련업,,아파트지역,48.360,,,근린생활시설,,,4,,N,N,N,,N,N,,,,
서강노래연습장,영업중,20190107,"경기도 시흥시 비둘기공원7길 22, 서강프라자 1층 112, 113호 (대야동)",경기도 시흥시 대야동 562-3 서강프라자,14908,,37.4441238072,126.7928500879,,,,,,181586.6491477340,438013.9106771250,노래연습장업,유통관련업,,,141.180,,,,,,5,,,,,,,,,,,
선율노래연습장,영업중,20110713,"경기도 시흥시 정왕천로411번길 60 (정왕동,2층)",경기도 시흥시 정왕동 1182-5 2층,15052,,37.3476544617,126.7467202949,,,,,,177486.7013850340,427321.7921827570,노래연습장업,유통관련업,4,주택가주변,128.040,3,1,근린생활시설,1.00,40.000,4,1,,Y,,Y,,,,,,일반주거지역
선창 노래연습장,폐업,19980109,경기도 시흥시 월곶해안로 177 (월곶동),경기도 시흥시 월곶동 1015-3,14963,,37.3879892654,126.7394713122,,20200803,,,,176857.7318070120,431799.7197124710,노래연습장업,유통관련업,,,251.900,,,,,,7,,N,N,N,,N,N,,,,
설운도차차차 노래연습장,영업중,20010518,경기도 시흥시 중심상가3길 10 (정왕동),경기도 시흥시 정왕동 1737-1,15066,031-431-0140,37.3453380158,126.7368872854,,,,,,176613.3251020950,427067.1723023420,노래연습장업,유통관련업,,유흥업소밀집지역,141.020,,,,,,6,,N,N,N,Y,N,N,,,,
설탕노래연습장,영업중,20070125,"경기도 시흥시 오이도로 191 (정왕동,3층)",경기도 시흥시 정왕동 2006-12 3층,15015,,37.3438364772,126.6873744240,,,,,,172228.6781110760,426913.0812975460,노래연습장업,유통관련업,4,기타,133.380,4,,근린생활시설,1.00,40.000,6,,N,Y,N,,N,Y,,,,주거지역
세바퀴 노래연습장,영업중,20150626,"경기도 시흥시 중심상가로 155, 지하층 102호 (정왕동)",경기도 시흥시 정왕동 1728-17 지하 102호,15036,,37.3464056067,126.7333200886,,,,,,176303.4654456920,427184.8767446420,노래연습장업,유통관련업,,,108.010,,,,,,3,,,,,,,,,,,
세븐 노래연습장,폐업,20030811,"경기도 시흥시 정왕대로233번길 18  (정왕동,(2층))",경기도 시흥시 정왕동 1610 (2층),15056,,37.3464265507,126.7407600767,,20201221,,,,176959.8095326620,427185.7077862900,노래연습장업,유통관련업,,주택가주변,197.920,,,근린생활시설,1.00,60.000,8,1,N,Y,N,Y,N,N,,,,
세븐노래연습장,영업중,19990922,"경기도 시흥시 시흥대로 1091-1 (신천동,지하1층)",경기도 시흥시 신천동 880-4 지하1층,14951,,37.4334700855,126.7929051192,,,,,,181599.9853491850,436835.5710265420,노래연습장업,유통관련업,4,,81.780,,,,,,3,,N,N,N,,N,N,,,,
세븐노래연습장,폐업,20031226,"경기도 시흥시 옥구상가4길 8-3  (정왕동,(2층))",경기도 시흥시 정왕동 1855-20 (2층),15040,,37.3517784642,126.7223809897,,20061025,,,,175340.5789124640,427781.8839596600,노래연습장업,유통관련업,,유흥업소밀집지역,197.960,,,근린생활시설,1.00,40.000,4,,Y,N,Y,N,Y,Y,,,,
세븐스타 코인노래연습장 은계지구점,영업중,20200619,"경기도 시흥시 은계번영길 13, 아리테타워 2층 211-212호 (은행동)",경기도 시흥시 은행동 646-6 아리테타워,14922,,37.4373401072,126.8025447826,,,,,,182455.7240425050,437264.7933295200,노래연습장업,유통관련업,,,144.550,,,,,,20,,,,,Y,,,,,,
세븐스타코인노래연습장,영업중,20170810,"경기도 시흥시 배곧3로 96, 313호 (배곧동, M-플러스)",경기도 시흥시 배곧동 199-1 313호,15011,,37.3697764139,126.7302927867,,,,,,176020.2675773410,429797.3948219870,노래연습장업,유통관련업,11,,149.160,9,2,근린생활시설,,64.000,19,19,,Y,,Y,,,,,,일반상업지역
세븐스타코인노래연습장,영업중,20180629,"경기도 시흥시 승지로60번길 32, 성광프라자 2층 (능곡동)",경기도 시흥시 능곡동 751 성광프라자,14995,,37.3684565045,126.8115401451,,,,,,183235.9079648230,429615.6415405040,노래연습장업,유통관련업,,,221.100,,,,,,21,,,,,Y,,,,,,
세븐스타코인노래연습장 배곧신도시2호점,영업중,20190614,"경기도 시흥시 배곧3로 96, M-플러스 3층 305-1호 (배곧동)",경기도 시흥시 배곧동 199-2 M-플러스,15011,,37.3697764139,126.7302927867,,,,,,176060.7069230150,429766.4175745640,노래연습장업,유통관련업,,,97.600,,,,,,15,,,,,Y,,,,,,
세븐스타코인노래연습장 시흥능곡역점,영업중,20220705,"경기도 시흥시 능곡번영길 25, 아리테브릿지 2층 207호 (능곡동)",경기도 시흥시 능곡동 211-3,14999,,37.3695760582,126.8072270318,,,,,,182858.8065686650,429713.1480765980,노래연습장업,유통관련업,,,122.760,,,,,,15,,,,,Y,,,,,,
세븐스타코인노래연습장 시흥은행점,영업중,20231207,"경기도 시흥시 대은로 92, 대양빌딩 202호 (은행동)",경기도 시흥시 은행동 531-5 대양빌딩,14917,,37.4449334866,126.7986419146,,,,,,182111.2694027460,438106.4934493610,노래연습장업,유통관련업,,,,,,,,,15,15,,,,Y,,,,,,
세종 노래연습장,폐업,19981223,"경기도 시흥시 함송로 24  (정왕동,세종프라자 204호)",경기도 시흥시 정왕동 1882-4 세종프라자 204호,15020,031-499-4045,37.3632151301,126.7303936899,,20051101,,,,176034.1460091850,429060.8606738410,노래연습장업,유통관련업,,,,,,근린생활시설,,,,,N,N,N,N,N,N,,,,
센스노래연습장,폐업,20040614,"경기도 시흥시 서촌상가2길 9  (정왕동,3층)",경기도 시흥시 정왕동 1728-12 3층,15036,,37.3471398360,126.7339561665,,20180124,,,,176358.9747109330,427264.8675474900,노래연습장업,유통관련업,,유흥업소밀집지역,153.940,,,근린생활시설,,,,,,,,,,,,,,일반상업지역
소리골 노래연습장,폐업,19990227,경기도 시흥시 중심상가로 180  (정왕동),경기도 시흥시 정왕동 1742-1,15066,031-497-8819,37.3447415204,126.7352449989,,20080226,,,,176468.6872390960,426998.4930011210,노래연습장업,유통관련업,,,,,,근린생활시설,,,,,N,N,N,N,N,N,,,,
소리노래연습장,영업중,20030220,경기도 시흥시 시흥대로 1083 (신천동),경기도 시흥시 신천동 883-2,14951,031-314-4949,37.4325772496,126.7928230935,,,,,,181594.9900224620,436735.6000773480,노래연습장업,유통관련업,,,51.250,,,근린생활시설,,,1,,N,N,N,,N,N,,,,
소리노래연습장,영업중,20241210,"경기도 시흥시 대골안길 86, 동진빌딩 지하1층 (대야동)",경기도 시흥시 대야동 498-12 동진빌딩,14909,,37.4423531395,126.7861857493,,,,,,181005.0352472180,437816.0257383010,노래연습장업,유통관련업,,,125.980,,1,,,,4,0,,,,,,,,,,
소리쳐노래연습장,직권말소,20100607,"경기도 시흥시 마유로418번길 12  (정왕동,2층)",경기도 시흥시 정왕동 2327-4 2층,15049,,37.3513937486,126.7422681959,,20110721,,,,177093.5653600250,427737.4806054010,노래연습장업,유통관련업,3,주택가주변,295.560,3,,근린생활시설,1.00,40.000,9,,Y,Y,,,,,,,,일반주거지역
솔솔 노래연습장,영업중,19980824,경기도 시흥시 신천로44번안길 24 (신천동),경기도 시흥시 신천동 775-5,14950,031-312-5666,37.4378810840,126.7874603537,,,,,,181120.8949280800,437326.4553253610,노래연습장업,유통관련업,,,114.390,,,근린생활시설,,,1,,N,N,N,,N,N,,,,
솔솔노래연습장,영업중,20090623,"경기도 시흥시 서촌상가2길 29, B105호 (정왕동,외1필지 지하1층)",경기도 시흥시 정왕동 1731-19 외1필지 지하1층 B105호,15036,,37.3456433827,126.7325375375,,,,,,176236.3111710500,427106.9890742710,노래연습장업,유통관련업,6,유흥업소밀집지역,161.190,4,2,근린생활시설,2.00,50.000,5,,Y,Y,Y,,,,,,,일반주거지역
수 노래연습장,폐업,20011201,"경기도 시흥시 호현로 135-8, 지하1층호 (대야동)",경기도 시흥시 대야동 302-7 지하1층,14902,,,,,20160215,,,,,,노래연습장업,유통관련업,4,,169.490,3,1,근린생활시설,,,,,N,N,N,,N,N,,,,
수노래연습장,영업중,20090904,"경기도 시흥시 중심상가3길 11 (정왕동,3층 303,304호)","경기도 시흥시 정왕동 1737-13 3층 303,304호",15066,031-432-5071,37.3450145635,126.7370486178,,,,,,176632.5627183350,427026.9772851360,노래연습장업,유통관련업,6,유흥업소밀집지역,142.450,4,2,근린생활시설,2.00,50.000,2,,Y,Y,,,,Y,,,,중심상업지역
수정노래연습장,영업중,20190613,"경기도 시흥시 서울대학로264번길 26-32, 배곧중앙프라자 2층 210,211호 (배곧동)",경기도 시흥시 배곧동 252 배곧중앙프라자,15011,,37.3666139281,126.7277276688,,,,,,175775.5420000000,429261.1576666670,노래연습장업,유통관련업,,,133.150,,,,,,6,,,,,,,,,,,
스마일노래연습장,폐업,20100528,"경기도 시흥시 함송로13번길 16-8, B102호 (정왕동,지하1층)",경기도 시흥시 정왕동 1881-1 지하1층 B102호,15020,,37.3643510855,126.7318162760,,20210826,,,,176169.7876988360,429177.0444942800,노래연습장업,유통관련업,6,아파트지역,176.610,5,1,근린생활시설,1.00,40.000,7,7,Y,Y,,Y,,,,,,일반상업지역
스마일코인노래연습장,영업중,20170220,"경기도 시흥시 한우물로 30, 지하1층호 (거모동)",경기도 시흥시 거모동 1733-9 지하1층호,15071,,37.3452019520,126.7843404108,,,,,,180820.2956162100,427040.5833290960,노래연습장업,유통관련업,,,199.580,,,,2.00,51.000,22,,,,,Y,,,,,,일반주거지역
스위스 노래연습장,폐업,19980527,경기도 시흥시 월곶중앙로58번길 23  (월곶동),경기도 시흥시 월곶동 1002-9,14966,031-318-4111,37.3906535583,126.7402916543,,20080226,,,,176931.4977502540,432094.7919943010,노래연습장업,유통관련업,,,,,,,,,,,N,N,N,N,N,N,,,,
스카이 노래연습장,영업중,20030522,"경기도 시흥시 하중로 193 (하중동,(5층))",경기도 시흥시 하중동 856-1 (5층),14976,,37.3944204983,126.8046259833,,,,,,182624.7276552780,432504.4017265100,노래연습장업,유통관련업,5,아파트지역,,,,근린생활시설,2.00,42.000,5,1,N,Y,N,Y,N,Y,,,,
스카이 노래연습장,영업중,20020620,"경기도 시흥시 오이도어시장로 5 (정왕동,(7층))",경기도 시흥시 정왕동 2004-2 (7층),15015,031-432-7744,37.3451775306,126.6883986439,,,,,,172319.4223823100,427062.9509586880,노래연습장업,유통관련업,7,주택가주변,159.680,7,,근린생활시설,,,1,,N,N,,,N,N,,,,
스카이 노래연습장,영업중,20020429,"경기도 시흥시 비둘기공원7길 51 (대야동,대명프라자 304호)",경기도 시흥시 대야동 546-1 대명프라자 304호,14912,,37.4416303808,126.7919013699,,,,,,181513.9412340360,437742.7337288660,노래연습장업,유통관련업,11,유흥업소밀집지역,128.160,7,1,근린생활시설,,,,,N,N,N,,N,N,,,,
스카이코인노래연습장,영업중,20170511,"경기도 시흥시 인선길 42, 301호 (장곡동)",경기도 시흥시 장곡동 811-7,15002,,37.3775319995,126.7839994373,,,,,,180798.2299984010,430627.5049917400,노래연습장업,유통관련업,4,,159.410,4,,근린생활시설,,,19,,,,,Y,,,,,,일반상업지역
스캔들노래연습장,영업중,19960924,경기도 시흥시 복지로53번길 19 (대야동),경기도 시흥시 대야동 487-10,14909,031-314-3638,37.4448397778,126.7874961087,,,,,,181125.8101393260,438098.8401728070,노래연습장업,유통관련업,,,115.440,,,근린생활시설,,,6,,N,N,N,,N,N,,,,
스타 노래연습장,영업중,20020624,"경기도 시흥시 대골안길 64  (대야동,지1층)",경기도 시흥시 대야동 486-3 지1층,14909,031-314-0304,37.4443513007,126.7872068143,,,,,,181093.4763213950,438046.3849020780,노래연습장업,유통관련업,6,주택가주변,286.040,5,1,근린생활시설,1.00,40.000,12,2,N,N,N,Y,N,N,,,,일반주거지역
스타 노래연습장,영업중,20021231,"경기도 시흥시 대은로 92, 303호 (은행동,3층)",경기도 시흥시 은행동 531-5 3층 303호,14917,,37.4449334866,126.7986419146,,,,,,182111.2694027460,438106.4934493610,노래연습장업,유통관련업,8,유흥업소밀집지역,148.240,7,1,근린생활시설,,,7,,N,N,N,,N,N,,,,
스타 노래연습장,폐업,19970811,"경기도 시흥시 동서로 1064  (조남동,3층)",경기도 시흥시 조남동 169-45 3층,14984,031-403-6807,37.3838893135,126.8599259022,,20150901,,,,187525.2395163080,431321.1644513210,노래연습장업,유통관련업,,,69.110,,,,,,,,N,N,N,,N,N,,,,
스타노래연습장,영업중,20131211,경기도 시흥시 정왕대로233번길 28 (정왕동),경기도 시흥시 정왕동 1600-5 2층호,15056,,37.3471249056,126.7414304593,,,,,,177019.4683610120,427262.4209091850,노래연습장업,유통관련업,,,179.280,,,,,,5,,,,,Y,,,,,,
스타노래연습장,영업중,20190513,"경기도 시흥시 솔고개길 4-3, M Terrace 3층 305호 (목감동)",경기도 시흥시 목감동 407 M Terrace,14985,,37.3826180368,126.8615293938,,,,,,187662.8832482690,431192.7041707370,노래연습장업,유통관련업,,,99.120,,,,,,5,,,,,Y,,,,,,
스타노래연습장,영업중,20190524,"경기도 시흥시 서울대학로278번길 19-14, 배곧프라자 3층 303호 (배곧동)",경기도 시흥시 배곧동 193-1 배곧프라자,15011,,37.3701623935,126.7286625518,,,,,,175894.0792336290,429822.5526877700,노래연습장업,유통관련업,,,201.600,,,,,,9,,,,,Y,,,,,,
스타노래연습장,영업중,20040730,"경기도 시흥시 군서로18번길 9-1 (정왕동,지층)",경기도 시흥시 정왕동 1200-1 지층,15052,,37.3452875017,126.7501309341,,,,,,177788.7821272150,427058.0873049440,노래연습장업,유통관련업,4,기타,84.140,,,근린생활시설,,,4,,,,,,,,,,,일반주거지역
스타노래연습장,영업중,20050913,"경기도 시흥시 매화1로 12 (매화동,2층)",경기도 시흥시 매화동 249-1 2층,14940,,37.4156376517,126.8137189354,,,,,,183437.8765860680,434854.5353041810,노래연습장업,유통관련업,,기타,117.870,,,근린생활시설,1.00,50.000,5,3,N,N,N,,N,N,,,,일반주거지역
스타노래연습장,영업중,20100311,"경기도 시흥시 도일로 108, 2층 (거모동)",경기도 시흥시 거모동 1658-17,15069,,37.3400528179,126.7839602845,,,,,,180783.9957317910,426459.7928192900,노래연습장업,유통관련업,4,주택가주변,59.820,3,1,근린생활시설,1.00,40.000,3,,Y,Y,,,,,,,,일반주거지역
스타노래연습장,영업중,20110906,"경기도 시흥시 장곡로37번길 16-1 (장곡동,(201호))",경기도 시흥시 장곡동 817-4 (201호),15002,,37.3778318261,126.7843919077,,,,,,180833.0547915880,430662.8704431200,노래연습장업,유통관련업,,,179.230,,,,,,8,1,,,,Y,,,,,,
스타노래연습장,폐업,20020520,"경기도 시흥시 장곡로37번길 16-1  (장곡동,(2층))",경기도 시흥시 장곡동 817-4 (2층),15002,031-317-7883,37.3778318261,126.7843919077,,20110816,,,,180833.0547915880,430662.8704431200,노래연습장업,유통관련업,3,아파트지역,179.230,3,,,,,,,N,N,N,Y,N,N,,,,
스타노래연습장,폐업,20040701,"경기도 시흥시 신천로 67 (신천동,청송(빌)지층)",경기도 시흥시 신천동 849-3 청송(빌)지층,14949,,37.4365059167,126.7866143112,,20210316,,,,181042.2853839140,437173.2610750730,노래연습장업,유통관련업,4,기타,77.770,,,근린생활시설,,,,,,,,Y,,,,,,일반주거지역
스타노래연습장,폐업,19990414,"경기도 시흥시 도일로 108  (거모동,지층)",경기도 시흥시 거모동 1658-18 지층,15069,031-494-3354,37.3400528179,126.7839602845,,20100226,,,,180783.8887814900,426474.6230757990,노래연습장업,유통관련업,,,59.820,,,근린생활시설,,,,,N,N,N,,N,N,,,,
스타코인노래연습장,영업중,20210112,"경기도 시흥시 비둘기공원6길 10, 이산 프라자  2 301, 304호 (대야동)",경기도 시흥시 대야동 535 이산 프라자  2,14912,,37.4429332097,126.7912108125,,,,,,181452.9803379330,437887.0191147740,노래연습장업,유통관련업,,,192.610,,,,,,22,22,,,,Y,,,,,,
스타킹노래연습장,영업중,20120531,"경기도 시흥시 승지로 58, 306,307호 (능곡동)",경기도 시흥시 능곡동 741 태영프라자,14995,,37.3690282853,126.8106653150,,,,,,183158.7527373360,429679.8701789660,노래연습장업,유통관련업,,기타,168.000,,,근린생활시설,,,5,3,,,,,,,,,,준주거지역
스피드노래연습장,영업중,20180605,"경기도 시흥시 배곧4로 32-28, 3층 304호 (배곧동)",경기도 시흥시 배곧동 119,15010,,37.3781668780,126.7259601659,,,,,,175660.4948574310,430711.1738708940,노래연습장업,유통관련업,,,159.120,,,,,,6,,,,,Y,,,,,,
슬기로운코인노래연습장,영업중,20051223,"경기도 시흥시 은행로155번길 11 (은행동,한별(프)2층)",경기도 시흥시 은행동 534-1 한별(프)2층,14917,,37.4442454061,126.7981283140,,,,,,182063.9555395730,438030.4280977470,노래연습장업,유통관련업,,기타,182.100,,,근린생활시설,,,1,,,,,Y,,,,,,일반상업지역
슬기로운코인노래연습장,영업중,20211123,"경기도 시흥시 신천로83번길 2, 우주전기조명 201호 (신천동)",경기도 시흥시 신천동 764-3 우주전기조명,14949,,37.4379432966,126.7858206972,,,,,,180972.9083562890,437334.2067185160,노래연습장업,유통관련업,,,181.050,,,,,,20,,,,,Y,,,,,,
슬기로운코인노래연습장,영업중,20230112,"경기도 시흥시 월곶중앙로 61, 영진빌딩 3층 302호 (월곶동)",경기도 시흥시 월곶동 1014-2 영진빌딩,14963,,37.3886669861,126.7383348187,,,,,,176757.4907620970,431873.4468047470,노래연습장업,유통관련업,,,195.840,,,,,,20,,,,,Y,,,,,,
시네마 노래연습장,영업중,20031218,"경기도 시흥시 마유로418번길 10, B04호 (정왕동)",경기도 시흥시 정왕동 2327-2 B04호,15049,,37.3514000851,126.7418503694,,,,,,177047.2888673880,427744.5564987830,노래연습장업,유통관련업,7,주택가주변,251.350,5,2,근린생활시설,,,8,2,N,N,N,Y,N,N,,,,
시스템 노래연습장,영업중,20040120,"경기도 시흥시 월곶중앙로46번길 28-2  (월곶동,4층)",경기도 시흥시 월곶동 998-1 4층,14966,,37.3903038382,126.7419783947,,,,,,177080.5365318250,432055.8455521180,노래연습장업,유통관련업,,기타,222.930,,,근린생활시설,,,,,N,N,N,N,N,N,,,,일반상업지역
시스템 노래연습장,폐업,19981015,경기도 시흥시 월곶중앙로46번길 28-2  (월곶동),경기도 시흥시 월곶동 998-1,14966,031-319-5002,37.3903038382,126.7419783947,,20031028,,,,177080.5365318250,432055.8455521180,노래연습장업,유통관련업,6,,,5,1,위험물저장시설,,,,,N,N,N,N,N,N,,,,
시화 노래연습장,폐업,19990225,"경기도 시흥시 군서로14번길 9-1  (정왕동,지하1층)",경기도 시흥시 정왕동 1199-1 지하1층,15052,031-319-3976,37.3450377095,126.7505398560,,20101012,,,,177825.5426628780,427029.4528928380,노래연습장업,유통관련업,,,126.360,,,근린생활시설,,,,,N,N,N,Y,N,N,,,,
시화노래연습장,영업중,20101013,"경기도 시흥시 군서로14번길 9-1 (정왕동,지하1층)",경기도 시흥시 정왕동 1199-1 지하1층,15052,,37.3450377095,126.7505398560,,,,,,177825.5426628780,427029.4528928380,노래연습장업,유통관련업,5,주택가주변,126.360,4,1,근린생활시설,1.00,40.000,6,1,Y,Y,,,,,,,,일반주거지역
신나는 노래연습장,영업중,20021022,"경기도 시흥시 동서로 1106 (목감동,외1필지 3층)",경기도 시흥시 목감동 202-23 외1필지 3층,14984,,37.3873759513,126.8612857137,,,,,,187646.3276769180,431710.3315963630,노래연습장업,유통관련업,4,,172.200,4,,근린생활시설,,,1,,N,N,N,,N,N,,,,
신나는일등매화노래연습장,영업중,20030220,"경기도 시흥시 매화2로 22 (매화동,지하1층(1호))",경기도 시흥시 매화동 220-13 지하1층(1호),14940,,37.4169649004,126.8125541457,,,,,,183337.0815246780,434998.8907232250,노래연습장업,유통관련업,4,주택가주변,115.500,3,1,근린생활시설,,,5,,N,N,N,,N,N,,,,
신나라노래연습장,영업중,20060105,"경기도 시흥시 신천5길 21 (신천동,2층)",경기도 시흥시 신천동 833-1 2층,14948,,37.4377187054,126.7800013374,,,,,,180461.2412439550,437309.3766536020,노래연습장업,유통관련업,,기타,145.600,,,근린생활시설,1.00,50.000,6,4,N,N,N,Y,N,N,,,,일반주거지역
신나쏭코인노래연습장,영업중,20230322,"경기도 시흥시 능곡군자로 54, 2층 206호 (능곡동)",경기도 시흥시 능곡동 211-1,14999,,37.3695524052,126.8062672891,,,,,,182797.6028155960,429736.6121727130,노래연습장업,유통관련업,,,114.240,,,,,,16,16,,,,Y,,,,,,
신나쏭코인노래연습장,영업중,20241219,"경기도 시흥시 은계번영길 13, 아리테타워 201-202호 (은행동)",경기도 시흥시 은행동 646-6 아리테타워,14922,,37.4373401072,126.8025447826,,,,,,182455.7240425050,437264.7933295200,노래연습장업,유통관련업,,,217.720,,,,,,22,22,,,,Y,,,,,,
신바람 노래연습장,등록취소,19980529,"경기도 시흥시 대야로 15 (대야동,(지하1))",경기도 시흥시 대야동 471-16 (지하1),14905,031-318-8514,37.4449492676,126.7892134248,20130722,,,,,181277.8109222910,438109.9096569260,노래연습장업,유통관련업,,주택가주변,71.040,,,근린생활시설,,,4,1,N,Y,N,Y,Y,N,,,,
신바람 노래연습장,폐업,20010721,경기도 시흥시 월곶중앙로46번길 27  (월곶동),경기도 시흥시 월곶동 1004-2,14966,031-318-5882,37.3904812017,126.7415247389,,20070810,,,,177040.5035354190,432075.2424203150,노래연습장업,유통관련업,,,,,,근린생활시설,,,,,N,N,N,N,N,N,,,,
신바람 노래연습장,폐업,19980307,"경기도 시흥시 함송로13번길 16-8  (정왕동,지하102호)",경기도 시흥시 정왕동 1881-1 지하102호,15020,031-432-6306,37.3643510855,126.7318162760,,20090110,,,,176169.7876988360,429177.0444942800,노래연습장업,유통관련업,,,,,,,,,,,N,N,N,N,N,N,,,,
신세기노래연습장,영업중,19980411,"경기도 시흥시 정왕천로411번길 36 (정왕동,2층)",경기도 시흥시 정왕동 1188-11 2층,15052,031-497-0752,37.3462981783,126.7488902590,,,,,,177679.7160225290,427171.0033125540,노래연습장업,유통관련업,5,,117.680,4,1,근린생활시설,,,5,1,N,N,N,,N,N,,,,
신세대 게임랜드,직권말소,20031107,"경기도 시흥시 수인로 3366  (신천동,(지하1))",경기도 시흥시 신천동 711 (지하1),14910,,37.4408674826,126.7849563842,,20081013,,,,180900.3252950850,437658.7711843790,노래연습장업,유통관련업,,유흥업소밀집지역,,,,근린생활시설,,,,,N,N,N,N,N,N,,,,
신천노래연습장,영업중,20120209,경기도 시흥시 삼미시장3길 20-1  (신천동),경기도 시흥시 신천동 739-12,14948,,37.4402249964,126.7830520796,,,,,,180730.7224370760,437589.5673781480,노래연습장업,유통관련업,,,689.290,,,,,,,,,,,Y,,,,,,
신천노래연습장,폐업,20090219,"경기도 시흥시 삼미시장3길 20-1  (신천동,지층)",경기도 시흥시 신천동 739-12 지층,14948,,37.4402249964,126.7830520796,,20120120,,,,180730.7224370760,437589.5673781480,노래연습장업,유통관련업,8,주택가주변,240.370,6,2,위험물저장시설,2.00,50.000,8,3,Y,Y,Y,Y,Y,N,,,,일반주거지역
신치댄노래연습장,영업중,20251029,"경기도 시흥시 군서로 37, 군서마을나8길 42 지하층 (정왕동)",경기도 시흥시 정왕동 1212-6 군서마을나8길 42 지하층호,15052,,37.3454894111,126.7478596349,,,,,,177587.2983919550,427081.4401181160,노래연습장업,유통관련업,,,109.220,,,,,110.000,4,0,Y,Y,,,,Y,,,,
신현 노래연습장,영업중,20030219,"경기도 시흥시 신현로 21-1 (포동,2층)",경기도 시흥시 포동 1-13 2층,14957,,37.4070704723,126.7871082004,,,,,,181080.8732316920,433907.5781844190,노래연습장업,유통관련업,,아파트지역,175.840,,,근린생활시설,,,8,2,N,N,N,Y,N,N,,,,
심쿵노래연습장,영업중,20090421,"경기도 시흥시 승지로60번길 32 (능곡동,401,402호)","경기도 시흥시 능곡동 751 401,402호",14995,031-317-2191,37.3684565045,126.8115401451,,,,,,183235.9079648230,429615.6415405040,노래연습장업,유통관련업,8,유흥업소밀집지역,305.620,6,2,근린생활시설,2.00,50.000,9,2,Y,Y,,Y,,,,,,준주거지역
심포니 노래연습장,영업중,20030321,"경기도 시흥시 서촌상가2길 11 (정왕동,302호)",경기도 시흥시 정왕동 1728-14 302호,15036,031-434-3544,37.3468767015,126.7336878751,,,,,,176335.8264324390,427234.8833839520,노래연습장업,유통관련업,,유흥업소밀집지역,109.060,,,근린생활시설,1.00,,6,,N,Y,Y,,N,Y,,,,
싱가폴 노래연습장,영업중,20031017,"경기도 시흥시 월곶중앙로 58 (월곶동,(2층))",경기도 시흥시 월곶동 1009-2 (2층),14966,,37.3889417408,126.7390098298,,,,,,176805.6578095530,431916.4188087840,노래연습장업,유통관련업,,유흥업소밀집지역,177.890,,,근린생활시설,,,1,,,,,,,,,,,
싱싱 노래연습장,폐업,19990204,경기도 시흥시 비둘기공원1길 32  (대야동),경기도 시흥시 대야동 551-1,14911,031-313-8282,37.4409359684,126.7918400875,,20080226,,,,181507.5603781690,437663.4963607340,노래연습장업,유통관련업,,,,,,근린생활시설,,,,,N,N,N,N,N,N,,,,
싱어게인 코인노래연습장,영업중,20250925,"경기도 시흥시 옥구상가2길 9, 3층 303호 (정왕동)",경기도 시흥시 정왕동 1859-12 303호,15040,,37.3533392395,126.7239682347,,,,,,175474.3843936720,427953.8269986470,노래연습장업,유통관련업,,,109.290,,,,,,14,14,,,,Y,,,,,,
싸나이노래연습장,영업중,20150713,"경기도 시흥시 월곶해안로 133, 2층 207, 208호 (월곶동, 월곶화신수산시장)","경기도 시흥시 월곶동 1013-12 월곶화신수산시장 207, 208호",14963,,37.3876563066,126.7353628154,,,,,,176495.4022181940,431764.8440385230,노래연습장업,유통관련업,,,324.570,,,,,,11,,,,,,,,,,,
싸이 노래연습장,폐업,20030411,"경기도 시흥시 군서로18번길 10-1  (정왕동,(2층))",경기도 시흥시 정왕동 1199 (2층),15052,,37.3451358526,126.7503808212,,20110526,,,,177810.6919151840,427041.0254433860,노래연습장업,유통관련업,,주택가주변,131.500,,,근린생활시설,1.00,,5,,N,Y,N,,N,Y,,,,
싸이노래연습장,폐업,20110608,"경기도 시흥시 군서로18번길 10-1  (정왕동,2층)",경기도 시흥시 정왕동 1199 2층,15052,,37.3451358526,126.7503808212,,20151013,,,,177810.6919151840,427041.0254433860,노래연습장업,유통관련업,5,주택가주변,131.500,4,1,근린생활시설,1.00,40.000,5,,,Y,,Y,,,,,,일반주거지역
쌍쌍노래연습장,폐업,20061016,"경기도 시흥시 평안상가4길 24  (정왕동,5층)",경기도 시흥시 정왕동 1627 5층,15062,,37.3372371261,126.7499513350,,20110824,,,,177771.9117450610,426164.8506368650,노래연습장업,유통관련업,5,기타,23.120,5,,근린생활시설,,,,,,,,,,,,,,일반주거지역
썬노래연습장,영업중,20030409,"경기도 시흥시 오이도로 217 (정왕동,(3층))",경기도 시흥시 정왕동 2031-15 (3층),15015,,37.3416135387,126.6865629640,,,,,,172155.5394202170,426666.7983171520,노래연습장업,유통관련업,,주택가주변,134.160,,,근린생활시설,1.00,,5,,N,Y,N,,N,Y,,,,
썬노래연습장,영업중,20190820,"경기도 시흥시 은계번영길 11, 은계프라자 3층 308호 (은행동)",경기도 시흥시 은행동 34 은계프라자,14922,,37.4374281699,126.8021935463,,,,,,182424.4430297330,437272.2733548340,노래연습장업,유통관련업,,,106.250,,,,,,6,,,,,Y,,,,,,
썬노래연습장,영업중,20091022,"경기도 시흥시 봉우재로 63 (정왕동,3층)",경기도 시흥시 정왕동 1823-2 3층,15053,,37.3481388690,126.7463541624,,,,,,177453.2012087510,427376.0971775920,노래연습장업,유통관련업,5,주택가주변,228.640,5,,근린생활시설,1.00,50.000,6,1,Y,Y,,,,,,,,일반주거지역
썸노래연습장,영업중,20180530,"경기도 시흥시 배곧3로 80, 센터프라자 210,211호 (배곧동)",경기도 시흥시 배곧동 194-1 센터프라자,15011,,37.3705347264,126.7290879019,,,,,,175930.2890050030,429864.6127945220,노래연습장업,유통관련업,,,144.780,,,,,,6,,,,,,,,,,,
썸앤썸노래연습장,폐업,20150804,"경기도 시흥시 월곶중앙로14번길 100, 2층 (월곶동)",경기도 시흥시 월곶동 991-22,14968,,37.3944700021,126.7394623217,,20170821,,,,176858.0316726060,432518.9355161490,노래연습장업,유통관련업,,,108.220,,,,,59.000,4,,,,,,,,,,,
쑈노래연습장,폐업,20150114,"경기도 시흥시 승지로60번길 20, 2층 201, 202호 (능곡동, 영프라자)","경기도 시흥시 능곡동 748 영프라자 201, 202호",14995,,37.3686934767,126.8119897207,,20161124,,,,183276.9983334050,429642.2549591710,노래연습장업,유통관련업,,,194.880,,,근린생활시설,,,7,1,,,,Y,,,,,,준주거지역
씨월드 노래연습장,영업중,19980214,"경기도 시흥시 월곶해안로 169 (월곶동,4층)",경기도 시흥시 월곶동 1014-6 4층,14963,,37.3883617795,126.7385299458,,,,,,176773.1150000000,431842.1150000000,노래연습장업,유통관련업,,,390.800,,,,,,4,,N,N,N,,N,N,,,,
씽씽노래연습장,영업중,20121201,"경기도 시흥시 새재로7번길 6-1 (장현동,외 1필지 지하1층)",경기도 시흥시 장현동 544-4 외 1필지 지하1층,14998,,37.3808977948,126.8011928345,,,,,,182328.7183564400,431004.2703578160,노래연습장업,유통관련업,,학교정화(상대),259.500,,,근린생활시설,,,1,,,,,Y,,,,,,상업지역
아따노래연습장,영업중,20130930,"경기도 시흥시 정왕천로411번길 8, 2층호 (정왕동)",경기도 시흥시 정왕동 1194-11 2층호,15052,,37.3447904886,126.7513551862,,,,,,177896.1782422010,427002.3952174690,노래연습장업,유통관련업,,,128.480,,,,,,6,,,,,,,,,,,
아리랑 노래연습장,영업중,20140926,"경기도 시흥시 군서마을로 18-3, 지하1층층 (정왕동)",경기도 시흥시 정왕동 1213-9,15052,,37.3445169469,126.7494386255,,,,,,177726.8537777610,426972.4290388170,노래연습장업,유통관련업,,기타,83.870,,,근린생활시설,1.00,42.000,4,,,,,,,,,,,일반주거지역
아싸 노래연습장,폐업,20020109,"경기도 시흥시 평안상가5길 3  (정왕동,(2층))",경기도 시흥시 정왕동 1783-6 (2층),15062,031-433-6679,37.3368355465,126.7463316525,,20061101,,,,177450.8112329620,426119.0798180480,노래연습장업,유통관련업,,유흥업소밀집지역,,,,근린생활시설,,,,,N,N,N,N,N,N,,,,
아이니노래연습장,영업중,20090707,"경기도 시흥시 군서로28번길 2 (정왕동,지층)",경기도 시흥시 정왕동 1201-10 지층,15052,,37.3451275470,126.7490712692,,,,,,177694.4385278420,427040.4641381490,노래연습장업,유통관련업,4,주택가주변,132.240,3,1,근린생활시설,2.00,50.000,5,1,Y,Y,,,,,,,,일반주거지역
아이리스노래연습장,폐업,20100504,"경기도 시흥시 중심상가로 194 (정왕동,3층전체)",경기도 시흥시 정왕동 1742-13 3층전체,15066,,37.3439656205,126.7365286117,,20201210,,,,176580.9966931740,426911.1238891340,노래연습장업,유통관련업,6,유흥업소밀집지역,346.230,5,1,근린생활시설,2.00,40.000,14,9,Y,Y,,Y,,,,,,중심상업지역
아이원노래연습장,영업중,20031222,"경기도 시흥시 월곶중앙로 71 (월곶동,(2층))",경기도 시흥시 월곶동 1011-15 (2층),14963,,37.3889758169,126.7373037111,,,,,,176666.6269256360,431907.7717087190,노래연습장업,유통관련업,,유흥업소밀집지역,201.600,,,근린생활시설,1.00,,7,,N,Y,N,,Y,Y,,,,
아임싱어코인노래연습장 배곧아브뉴프랑점,영업중,20230112,"경기도 시흥시 서울대학로264번길 25, 시흥배곧 아브뉴프랑 센트럴 블루 229, 230호호 (배곧동)",경기도 시흥시 배곧동 219 시흥배곧 아브뉴프랑 센트럴 블루,15011,,37.3683599517,126.7273257955,,,,,,175777.7283511000,429625.4711535810,노래연습장업,유통관련업,,,130.900,,,,,,20,,,,,Y,,,,,,일반상업지역
아주 노래연습장,폐업,19980910,,경기도 시흥시 정왕동 1394,15025,031-496-9804,37.3532555334,126.7346392386,,20071023,,,,176474.9009255750,427958.0093958180,노래연습장업,유통관련업,5,,,3,2,근린생활시설,,,,,N,N,N,N,N,N,,,,
악 쓰는 노래연습장,영업중,19971231,경기도 시흥시 월곶중앙로30번길 25 (월곶동),경기도 시흥시 월곶동 996-3,14966,031-318-2279,37.3897797382,126.7431811160,,,,,,177183.2251622700,431996.4085584500,노래연습장업,유통관련업,,,113.530,,,근린생활시설,,,1,,N,N,N,,N,N,,,,
악쓰는코인노래연습장,영업중,20190502,"경기도 시흥시 중심상가3길 11-1, 영주빌딩 2층 201호 (정왕동)",경기도 시흥시 정왕동 1737-14 영주빌딩,15066,,37.3448607583,126.7369598548,,,,,,176621.4842946810,427012.7572756460,노래연습장업,유통관련업,,,222.480,,,,,,23,,,,,Y,,,,,,
악쓰는하마 코인노래연습장 배곧점,영업중,20230727,"경기도 시흥시 배곧3로 96, M-플러스 2층 202호 (배곧동)",경기도 시흥시 배곧동 199-1 M-플러스,15011,,37.3697764139,126.7302927867,,,,,,176020.2675773410,429797.3948219870,노래연습장업,유통관련업,,,218.220,,,,,,34,,,,,Y,,,,,,
알리바바노래연습장,영업중,20141208,"경기도 시흥시 군서로36번길 7, 지하층 (정왕동)",경기도 시흥시 정왕동 1204-3,15052,,37.3461054608,126.7483502540,,,,,,177631.9005394300,427149.9869520290,노래연습장업,유통관련업,,,154.200,,,근린생활시설,,,5,,,,,,,,,,,일반주거지역
앗싸 노래연습장,폐업,20030626,"경기도 시흥시 옥구상가2길 9  (정왕동,(302호))",경기도 시흥시 정왕동 1859-12 (302호),15040,,37.3533392395,126.7239682347,,20070521,,,,175474.3843936720,427953.8269986470,노래연습장업,유통관련업,,,,,,,1.00,32.000,3,,N,Y,Y,N,N,Y,,,,
애창노래연습장,폐업,20031126,"경기도 시흥시 삼미시장3길 20-1  (신천동,(지하1))",경기도 시흥시 신천동 739-12 (지하1),14948,,37.4402249964,126.7830520796,,20080818,,,,180730.7224370760,437589.5673781480,노래연습장업,유통관련업,,유흥업소밀집지역,,,,근린생활시설,1.00,40.000,9,,N,Y,N,N,Y,Y,,,,
애플노래연습장,영업중,20040615,"경기도 시흥시 은행로167번길 3  (대야동,301호)",경기도 시흥시 대야동 578-3 301호,14914,,37.4454446818,126.7982075509,,,,,,182071.7225068410,438163.2761234350,노래연습장업,유통관련업,,유흥업소밀집지역,127.280,,,근린생활시설,,,,,,,,,,,,,,일반상업지역
애플노래연습장,폐업,20020801,"경기도 시흥시 월곶해안로 163, 파라다이스빌딩 4층 (월곶동)",경기도 시흥시 월곶동 1014-8 파라다이스빌딩,14963,,37.3886011292,126.7379062195,,20260427,,,,176721.3530822040,431867.9165439380,노래연습장업,유통관련업,,,193.030,,,,,,5,,N,N,N,,N,N,,,,
앵콜 노래연습장,영업중,20010807,"경기도 시흥시 군서로46번길 8-1 (정왕동,(지하1층))",경기도 시흥시 정왕동 1205 (지하1층),15052,,37.3465804297,126.7479164928,,,,,,177594.2363624780,427201.9405619900,노래연습장업,유통관련업,,,149.920,,,,,,4,,N,N,N,Y,N,N,,,,
앵콜 노래연습장,폐업,19970626,경기도 시흥시 호현로21번길 3  (신천동),경기도 시흥시 신천동 706-6,14904,031-314-4563,37.4421781875,126.7840847661,,20080107,,,,180822.4308240490,437802.8239267510,노래연습장업,유통관련업,,,,,,근린생활시설,,,,,N,N,N,N,N,N,,,,
앵콜노래연습장,영업중,20011015,"경기도 시흥시 시청로72번길 16 (장현동,2층)",경기도 시흥시 장현동 534-1 2층,14998,,37.3816364080,126.8011069122,,,,,,182314.7218066010,431079.9834889720,노래연습장업,유통관련업,,,179.550,,,,,,5,2,N,N,N,,N,N,,,,
앵콜노래연습장,영업중,20110401,"경기도 시흥시 봉우재로 51 (정왕동,2층)",경기도 시흥시 정왕동 1837-3 2층,15053,,37.3473315922,126.7455606218,,,,,,177383.5223519390,427286.6187931890,노래연습장업,유통관련업,5,주택가주변,175.140,5,,근린생활시설,1.00,40.000,6,,Y,Y,,,,,,,,일반주거지역
앵콜노래연습장,폐업,20041221,"경기도 시흥시 봉우재로 51  (정왕동,2층)",경기도 시흥시 정왕동 1837-3 2층,15053,,37.3473315922,126.7455606218,,20110324,,,,177383.5223519390,427286.6187931890,노래연습장업,유통관련업,,기타,175.140,,,,,,,,N,N,N,Y,N,N,,,,일반주거지역
야명도노래연습장,영업중,20131014,"경기도 시흥시 군서로10번길 14, 지층호 (정왕동)",경기도 시흥시 정왕동 1194-12 지층호,15052,,37.3448718926,126.7513995376,,,,,,177903.0365847720,427011.5897125320,노래연습장업,유통관련업,,,110.680,,,,,,4,,,,,,,,,,,
야밤노래연습장,영업중,20141209,"경기도 시흥시 군서로36번길 7-1, 지하층 (정왕동)",경기도 시흥시 정왕동 1204-2,15052,,37.3462051072,126.7484282915,,,,,,177639.2765121650,427159.4552984310,노래연습장업,유통관련업,,,129.240,,,근린생활시설,,,4,,Y,Y,,,,,,,,일반주거지역
야시 노래연습장,폐업,20090819,"경기도 시흥시 정왕천로423번길 1  (정왕동,2층)",경기도 시흥시 정왕동 1195-1 2층,15052,031-499-9278,37.3451771779,126.7526384026,,20100906,,,,178010.1460978830,427045.5886178450,노래연습장업,유통관련업,5,학교정화(상대),129.660,5,,근린생활시설,1.00,40.000,6,1,Y,Y,Y,Y,,Y,,,,일반주거지역
야시 노래연습장,폐업,20030722,"경기도 시흥시 정왕천로423번길 1  (정왕동,(2층))",경기도 시흥시 정왕동 1195-1 (2층),15052,,37.3451771779,126.7526384026,,20090813,,,,178010.1460978830,427045.5886178450,노래연습장업,유통관련업,,주택가주변,129.660,,,근린생활시설,1.00,32.000,6,1,N,Y,N,Y,N,Y,,,,
야시노래연습장,폐업,20100910,"경기도 시흥시 정왕천로423번길 1 (정왕동,2층)",경기도 시흥시 정왕동 1195-1 2층,15052,,37.3451771779,126.7526384026,,20130403,,,,178010.1460978830,427045.5886178450,노래연습장업,유통관련업,5,주택가주변,129.660,5,,근린생활시설,1.00,40.000,6,1,Y,Y,,Y,,,,,,일반주거지역
야야노래연습장,영업중,20080506,"경기도 시흥시 죽율로 213 (거모동,지층)",경기도 시흥시 거모동 589-9 지층,15044,,37.3571729720,126.7726526900,,,,,,179785.0084927260,428369.1989560090,노래연습장업,유통관련업,3,주택가주변,112.320,2,1,근린생활시설,1.00,50.000,5,1,Y,Y,Y,,Y,N,,,,일반주거지역
약속 노래연습장,폐업,19931206,경기도 시흥시 호현로 39-2  (신천동),경기도 시흥시 신천동 704-15,14904,031-315-8713,37.4440494999,126.7849939315,,20080214,,,,180894.2293533020,438010.4451934940,노래연습장업,유통관련업,,,,,,근린생활시설,,,,,N,N,N,N,N,Y,,,,
양귀비노래연습장,영업중,20040805,"경기도 시흥시 도일로 119, 4층호 (거모동)",경기도 시흥시 거모동 1545-1 4층,15070,031-492-7638,37.3411140523,126.7835663699,,,,,,180746.1055547830,426585.2539378870,노래연습장업,유통관련업,4,기타,105.780,,,근린생활시설,,,5,0,N,N,N,Y,N,N,,,,일반주거지역
양파노래연습장,폐업,20050103,"경기도 시흥시 중심상가로 151,  302호 (정왕동)",경기도 시흥시 정왕동 1728-6 302호,15036,,37.3466554117,126.7329223926,,20070302,,,,176263.7828380790,427215.7645558150,노래연습장업,유통관련업,,유흥업소밀집지역,63.750,,,근린생활시설,,,,,N,N,N,N,N,N,,,,일반상업지역
어머나노래연습장,폐업,20021126,"경기도 시흥시 비둘기공원7길 39, B101호 (대야동,외1필지 지하1층)",경기도 시흥시 대야동 544-1 외1필지 지하1층 B101호,14912,031-312-2817,37.4424717101,126.7924134527,,20240321,,,,181562.5318482190,437843.5457330320,노래연습장업,유통관련업,6,유흥업소밀집지역,255.630,3,3,근린생활시설,2.00,40.000,11,2,Y,Y,N,,N,N,,,,준주거지역
어벤져스 노래연습장,영업중,20160428,"경기도 시흥시 신천천동로25번길 6-1, 지하층 (신천동)",경기도 시흥시 신천동 762-9,14949,,37.4379350929,126.7844643064,,,,,,180855.0657915690,437333.4228770870,노래연습장업,유통관련업,,,153.560,,,,,,7,5,,,,Y,,,,,,
어울림노래연습장,영업중,20061011,"경기도 시흥시 정왕천로447번길 1 (정왕동,2층)",경기도 시흥시 정왕동 1167-4 2층,15052,,37.3469183151,126.7543033880,,,,,,178161.1858249520,427237.2290371810,노래연습장업,유통관련업,3,기타,109.160,3,,근린생활시설,,,5,1,N,N,N,Y,N,N,,,,일반주거지역
얼짱노래연습장,폐업,20030121,"경기도 시흥시 평안상가4길 16-6  (정왕동,(2층))",경기도 시흥시 정왕동 1625-2 (2층),15062,031-432-6418,37.3376077275,126.7486945899,,20061027,,,,177658.5796753830,426205.3642108840,노래연습장업,유통관련업,4,,,4,,근린생활시설,,,,,N,N,N,N,N,N,,,,
얼짱노래연습장,폐업,20041215,"경기도 시흥시 옥구상가2길 28  (정왕동,4층)",경기도 시흥시 정왕동 1855-8 4층,15040,,37.3520751529,126.7222650196,,20061101,,,,175320.0345698120,427820.6828551420,노래연습장업,유통관련업,,유흥업소밀집지역,150.000,,,근린생활시설,,,,,N,N,N,N,N,N,,,,일반상업지역
엄지노래연습장,영업중,20220915,"경기도 시흥시 능곡번영길 33, 415~417호 (능곡동)",경기도 시흥시 능곡동 211-1,14999,,37.3694565706,126.8068328533,,,,,,182797.6028155960,429736.6121727130,노래연습장업,유통관련업,,,159.960,,,,,,7,1,,,,Y,,,,,,
엉터리 노래연습장,폐업,19971023,경기도 시흥시 군서로 37  (정왕동),경기도 시흥시 정왕동 1212-6,15052,,37.3454894111,126.7478596349,,20101203,,,,177587.2983919550,427081.4401181160,노래연습장업,유통관련업,,,109.220,,,,,,,,N,N,N,N,N,N,,,,
에이스 노래연습장,영업중,20011220,"경기도 시흥시 대은로 80  (은행동,801호)",경기도 시흥시 은행동 536-3 801호,14917,031-312-4112,37.4442501877,126.7974160629,,,,,,182000.9710716200,438031.0627651330,노래연습장업,유통관련업,,유흥업소밀집지역,203.580,,,,,,,,N,N,N,Y,N,N,,,,
에이스노래연습장,영업중,20131113,"경기도 시흥시 옥구상가2길 12, 201호 (정왕동)",경기도 시흥시 정왕동 1859-3 201호,15040,,37.3532362426,126.7233821552,,,,,,175419.5583332010,427948.4618330990,노래연습장업,유통관련업,,,280.080,,,,,,11,,,,,Y,,,,,,
에이스노래연습장,폐업,20000419,"경기도 시흥시 옥구상가3길 25  (정왕동,(2층))",경기도 시흥시 정왕동 1857-1 (2층),15040,031-498-4792,37.3541595445,126.7226048352,,20061127,,,,175353.7819094350,428047.4227929830,노래연습장업,유통관련업,,,,,,,,,,,N,N,N,N,N,N,,,,
에이스노래연습장,폐업,20121213,"경기도 시흥시 옥구상가2길 12  (정왕동,2층)",경기도 시흥시 정왕동 1859-3 2층,15040,,37.3532362426,126.7233821552,,20131112,,,,175419.5583332010,427948.4618330990,노래연습장업,유통관련업,,유흥업소밀집지역,280.980,,,근린생활시설,,,,,,,,Y,,,,,,일반상업지역
엔돌핀 노래연습장,폐업,19980928,경기도 시흥시 은행로 154  (은행동),경기도 시흥시 은행동 529-6,14916,031-313-7268,37.4447408301,126.7995933280,,20060912,,,,182195.5383531510,438084.7016113690,노래연습장업,유통관련업,,,,,,,,,,,N,N,N,N,N,N,,,,
엔젤노래연습장,폐업,20111226,"경기도 시흥시 은행로173번길 15  (대야동,(2층))",경기도 시흥시 대야동 572-1 (2층),14914,,37.4450224212,126.7969227274,,20120112,,,,181958.4160084440,438117.6784212770,노래연습장업,유통관련업,,,177.560,,,,,,,,,,,,,,,,,
엠(M)노래연습장,직권말소,20110128,"경기도 시흥시 중심상가4길 32 (정왕동,지하1층)",경기도 시흥시 정왕동 1744-7 지하1층,15066,,37.3428034401,126.7366194052,,20140730,,,,176589.4550607780,426784.6521648510,노래연습장업,유통관련업,7,유흥업소밀집지역,248.200,5,2,근린생활시설,1.00,40.000,4,,Y,Y,,,,,,,,중심상업지역
엠플러스 노래연습장,폐업,20211221,"경기도 시흥시 배곧3로 96, M-플러스 210호 (배곧동)",경기도 시흥시 배곧동 199-1 M-플러스,15011,,37.3697764139,126.7302927867,,20250117,,,,176020.2675773410,429797.3948219870,노래연습장업,유통관련업,,,247.660,,,,,,9,,,,,Y,,,,,,
역전노래연습장,영업중,20171212,"경기도 시흥시 신천로 91, 성원빌딩 202호 (신천동)",경기도 시흥시 신천동 765-2 성원빌딩,14949,,37.4385386365,126.7858941674,,,,,,180976.7462562020,437397.8471798620,노래연습장업,유통관련업,3,,210.020,3,,근린생활시설,,,7,7,,Y,,Y,,,,,,일반주거지역
역전노래연습장,영업중,20171127,"경기도 시흥시 오동마을로6번길 6, 2층 (정왕동)",경기도 시흥시 정왕동 2320-3,15049,,37.3526893928,126.7419051492,,,,,,177066.4900000000,427882.1050000000,노래연습장업,유통관련업,4,기타,100.640,4,,근린생활시설,,,4,,,Y,,,,,,,,일반주거지역
연꽃 노래연습장,영업중,19991202,경기도 시흥시 하중로 235 (하중동),경기도 시흥시 하중동 873-3,14976,,37.3908265090,126.8065796459,,,,,,182798.7964320340,432106.7585829940,노래연습장업,유통관련업,,,110.960,,,근린생활시설,,,6,1,N,N,N,Y,N,N,,,,
연성 노래연습장,영업중,19991108,"경기도 시흥시 장곡로49번길 9, 2층 (장곡동)",경기도 시흥시 장곡동 813-8 2층,15002,031-402-2640,37.3785917883,126.7833681376,,,,,,180743.2872231480,430745.0606507400,노래연습장업,유통관련업,,아파트지역,79.430,,,근린생활시설,,,6,,N,N,N,Y,N,N,,,,
연예인노래연습장,영업중,20040527,"경기도 시흥시 삼미시장3길 8 (신천동,지층)",경기도 시흥시 신천동 736-5 지층,14948,,37.4396835573,126.7844363539,,,,,,180853.2395356030,437526.8709796820,노래연습장업,유통관련업,,기타,126.000,,,근린생활시설,,,4,,,,,,,,,,,일반주거지역
연인 노래연습장,폐업,19971208,경기도 시흥시 월곶중앙로70번안길 6  (월곶동),경기도 시흥시 월곶동 1003-1,14966,031-318-0160,37.3913350489,126.7411433391,,20080226,,,,177006.9291568420,432171.1832054200,노래연습장업,유통관련업,,,,,,,,,,,N,N,N,N,N,N,,,,
연희 노래연습장,등록취소,19980824,경기도 시흥시 신천천동로25번길 6-1 (신천동),경기도 시흥시 신천동 762-9,14949,031-313-7585,37.4379350929,126.7844643064,20120925,,,,,180855.0657915690,437333.4228770870,노래연습장업,유통관련업,,,137.180,,,근린생활시설,,,,,N,N,N,,N,N,,,,
열린 노래연습장,폐업,19971006,,경기도 시흥시 월곶동 6블럭5롯트,,031-318-6118,,,,20030402,,,,,,노래연습장업,유통관련업,,,,,,,,,,,N,N,N,N,N,N,,,,
열린 노래연습장,폐업,19960725,경기도 시흥시 평안상가1길 13  (정왕동),경기도 시흥시 정왕동 1623-5,15062,031-431-6622,37.3382414193,126.7477061416,,20080109,,,,177573.8646447470,426277.6580336460,노래연습장업,유통관련업,,,,,,,,,,,N,N,N,N,N,N,,,,
열린노래연습장,영업중,20050922,"경기도 시흥시 시청로68번길 23 (장현동,2층)",경기도 시흥시 장현동 530-4 2층,14998,,37.3821265891,126.8016897306,,,,,,182365.9833816800,431135.3202723450,노래연습장업,유통관련업,,기타,123.600,,,근린생활시설,1.00,50.000,6,,N,N,N,,,N,,,,준주거지역
열창 노래연습장,허가취소,20020730,"경기도 시흥시 정왕천로411번길 52  (정왕동,(지하1층))",경기도 시흥시 정왕동 1184-5 (지하1층),15052,031-433-8337,37.3471727111,126.7475041357,20070914,,,,,177556.7535440590,427267.9246407400,노래연습장업,유통관련업,5,주택가주변,552.890,4,1,근린생활시설,,,,,N,N,N,Y,N,N,,,,
영 노래연습장,영업중,19981223,"경기도 시흥시 중심상가4길 18, 이송빌딩 301호,302호일부호 (정왕동)",경기도 시흥시 정왕동 1739-7 이송빌딩,15066,,37.3437920567,126.7375690254,,,,,,176675.3222137460,426895.2764097520,노래연습장업,유통관련업,,,198.000,,,,,,8,3,N,N,N,Y,N,N,,,,
영 노래연습장,폐업,20030519,"경기도 시흥시 함송로 23  (정왕동,(302호))",경기도 시흥시 정왕동 1881-8 (302호),15020,,37.3635617393,126.7310225411,,20061026,,,,176101.3004220900,429092.8443234040,노래연습장업,유통관련업,,아파트지역,,,,근린생활시설,1.00,30.000,3,,N,Y,Y,N,N,Y,,,,
영노래연습장,영업중,20120928,"경기도 시흥시 오이도로 145, 2층 (정왕동)",경기도 시흥시 정왕동 1973-21 2층,15015,031-873-8720,37.3479029396,126.6888773716,,,,,,172361.9457091910,427363.8800675630,노래연습장업,유통관련업,,주택가주변,136.800,,,근린생활시설,,,4,,,,,,,,,,,일반주거지역
예사랑 노래연습장,영업중,20031017,"경기도 시흥시 월곶중앙로 63 (월곶동,(5층))",경기도 시흥시 월곶동 1014-1 (5층),14963,,37.3887733960,126.7380626265,,,,,,176732.4575343550,431885.5921475550,노래연습장업,유통관련업,,유흥업소밀집지역,324.890,,,근린생활시설,,,1,,N,N,N,,N,N,,,,
예스 노래연습장,영업중,20250925,"경기도 시흥시 옥구상가2길 9, 3층 302호 (정왕동)",경기도 시흥시 정왕동 1859-12 302호,15040,,37.3533392395,126.7239682347,,,,,,175474.3843936720,427953.8269986470,노래연습장업,유통관련업,,,77.900,,,,,,3,,,,,,,,,,,
예스노래연습장,영업중,19950414,"경기도 시흥시 은행로 158, 3층 (은행동)",경기도 시흥시 은행동 528-6,14916,031-311-1431,37.4450910670,126.7993752681,,,,,,182176.4174981380,438123.8175034720,노래연습장업,유통관련업,,,121.060,,,근린생활시설,,,5,,N,N,N,,N,N,,,,
예원 노래연습장,폐업,19980121,"경기도 시흥시 월곶중앙로29번길 18  (월곶동,2층)",경기도 시흥시 월곶동 1018-5 2층,14963,031-318-7789,37.3860789218,126.7409591001,,20040524,,,,176985.9200000000,431581.7050000000,노래연습장업,유통관련업,,,,,,근린생활시설,,,,,N,N,N,N,N,N,,,,
예원노래연습장,폐업,20050427,"경기도 시흥시 월곶중앙로29번길 18  (월곶동,2층)",경기도 시흥시 월곶동 1018-4 2층,14963,,37.3860789218,126.7409591001,,20111206,,,,176990.6500000000,431591.1450000000,노래연습장업,유통관련업,,기타,109.370,,,근린생활시설,1.00,50.000,4,,N,N,N,N,N,N,,,,일반주거지역
예진노래연습장,영업중,20121116,"경기도 시흥시 오이도중앙로 62 (정왕동,외 1필지 1층)",경기도 시흥시 정왕동 2026-6 외 1필지 1층,15015,,37.3427729184,126.6886954737,,,,,,172349.2907221510,426798.1476866880,노래연습장업,유통관련업,,주택가주변,207.200,,,근린생활시설,,,6,,,,,,,,,,,일반주거지역
예진노래연습장,폐업,20051121,"경기도 시흥시 오이도중앙로 62  (정왕동,외1필지)",경기도 시흥시 정왕동 2026-6 외1필지,15015,,37.3427729184,126.6886954737,,20120724,,,,172349.2907221510,426798.1476866880,노래연습장업,유통관련업,,기타,207.200,,,근린생활시설,2.00,40.000,4,,N,Y,N,,N,N,,,,일반주거지역
오디션노래연습장,폐업,20121115,"경기도 시흥시 비둘기공원7길 33  (대야동,3층 305호)",경기도 시흥시 대야동 543-1 3층 305호,14912,,37.4430055784,126.7927588701,,20160314,,,,181596.5776774840,437913.2683075030,노래연습장업,유통관련업,,주택가주변,150.930,,,근린생활시설,,,,1,,,,Y,,,,,,일반주거지역
오렌지 노래연습장,영업중,20020202,"경기도 시흥시 오이도로 111 (정왕동,(3층))",경기도 시흥시 정왕동 1978-7 (3층),15015,031-498-3996,37.3478253523,126.6920282040,,,,,,172642.0913397710,427353.6679072460,노래연습장업,유통관련업,4,,139.600,4,,근린생활시설,,,5,,N,N,N,,N,N,,,,
오렌지노래연습장,영업중,20230727,"경기도 시흥시 서울대학로278번길 26, 시흥배곧 아브뉴프랑 센트럴 오렌지 2층 233, 234호 (배곧동)",경기도 시흥시 배곧동 215 시흥배곧 아브뉴프랑 센트럴 오렌지,15011,,37.3689041270,126.7278397154,,,,,,175820.4213305170,429682.1352987070,노래연습장업,유통관련업,,,162.990,,,,,,10,,,,,Y,,,,,,
오렌지노래연습장,영업중,20051004,"경기도 시흥시 시흥대로 1122 (신천동,2층)",경기도 시흥시 신천동 83-11 2층,14950,,37.4355755060,126.7915823685,,,,,,181486.9910325920,437071.8120343430,노래연습장업,유통관련업,,기타,110.060,,,근린생활시설,1.00,50.000,5,2,N,N,N,Y,N,N,,,,일반주거지역
오렌지노래연습장,영업중,20060410,"경기도 시흥시 대은로 89 (대야동,3층)",경기도 시흥시 대야동 577-2 3층,14914,,37.4451463106,126.7980520680,,,,,,182060.0312197750,438129.6630705550,노래연습장업,유통관련업,,기타,216.320,,,근린생활시설,1.00,50.000,8,2,Y,Y,N,Y,N,N,,,,일반상업지역
오리발노래연습장,영업중,20101109,"경기도 시흥시 오이도로157번길 1, 완도조개백화점 3층 (정왕동)",경기도 시흥시 정왕동 1973-13 완도조개백화점,15015,,37.3470173434,126.6885481931,,,,,,172333.2159311280,427266.0826915970,노래연습장업,유통관련업,5,주택가주변,132.120,5,,근린생활시설,1.00,40.000,5,,Y,Y,,Y,,,,,,일반주거지역
오아시스 노래연습장,영업중,20021212,"경기도 시흥시 봉우재로 54-1 (정왕동,(지하1층))",경기도 시흥시 정왕동 1209-13 (지하1층),15052,031-433-0096,37.3473354067,126.7461589685,,,,,,177436.3065267330,427286.9932569520,노래연습장업,유통관련업,5,주택가주변,122.850,4,1,근린생활시설,,,5,,N,N,N,,N,N,,,,
오이도 노래연습장,폐업,19980703,경기도 시흥시 오이도로 179  (정왕동),경기도 시흥시 정왕동 2006-22,15015,031-431-1318,37.3449932418,126.6878135533,,20020528,,,,172267.2392386610,427041.3442172040,노래연습장업,유통관련업,,,,,,,,,,,N,N,N,N,N,N,,,,
오이도노래연습장,영업중,19980703,"경기도 시흥시 오이도로 179 (정왕동,3층)",경기도 시흥시 정왕동 2006-22 3층,15015,,37.3449932418,126.6878135533,,,,,,172267.2392386610,427041.3442172040,노래연습장업,유통관련업,,,126.640,,,,,,6,,N,N,N,,N,N,,,,
오즈노래연습장,영업중,20020625,"경기도 시흥시 대은로 86 (은행동,4층 401,402호)","경기도 시흥시 은행동 535 4층 401,402호",14917,,37.4444786717,126.7979452566,,,,,,182049.4686049980,438055.1862485310,노래연습장업,유통관련업,,기타,198.260,,,,1.00,40.000,11,3,Y,Y,N,Y,N,N,,,,일반주거지역
오케이(OK)노래연습장,폐업,20010710,"경기도 시흥시 군서마을로 50 (정왕동,(지하1))",경기도 시흥시 정왕동 1211-10 (지하1),15052,031-433-3006,37.3460582049,126.7465894710,,20160728,,,,177476.0351119660,427143.9668123980,노래연습장업,유통관련업,,,117.740,,,근린생활시설,,,,,N,N,N,,N,N,,,,
오페라 노래연습장,영업중,20011119,"경기도 시흥시 마유로418번길 18, 208호 (정왕동)",경기도 시흥시 정왕동 2326-1 208호,15049,,37.3511996532,126.7429250165,,,,,,177150.2927591800,427712.3950554630,노래연습장업,유통관련업,,,139.530,,,근린생활시설,,,7,,N,N,N,Y,N,N,,,,
오페라노래연습장,영업중,20180405,"경기도 시흥시 목감전원로 38, 레이크썬 301호 (산현동)",경기도 시흥시 산현동 491-1 레이크썬 301,14989,,37.3773406438,126.8426326771,,,,,,185992.2842791420,430595.3934234580,노래연습장업,유통관련업,,,152.240,,,,,,8,,,,,Y,,,,,,
오페라노래연습장,폐업,20040511,"경기도 시흥시 중심상가로 51  (정왕동,3층)",경기도 시흥시 정왕동 1859-21 3층,15040,,37.3521767766,126.7240140745,,20080117,,,,175478.0513352120,427830.8554763180,노래연습장업,유통관련업,5,유흥업소밀집지역,124.800,,,근린생활시설,,,,,N,N,N,N,N,N,,,,일반상업지역
오피러스노래연습장,폐업,20051026,"경기도 시흥시 중심상가로 51  (정왕동,301호,302호)","경기도 시흥시 정왕동 1859-21 301호,302호",15040,,37.3521767766,126.7240140745,,20080117,,,,175478.0513352120,427830.8554763180,노래연습장업,유통관련업,,유흥업소밀집지역,176.730,,,근린생활시설,,,,,N,N,N,N,N,N,,,,일반상업지역
옥스포드 노래연습장,폐업,19990622,"경기도 시흥시 중심상가3길 25  (정왕동,3층)",경기도 시흥시 정왕동 1742-18 3층,15066,,37.3438718453,126.7359650734,,20061205,,,,176535.4210068930,426902.1417566260,노래연습장업,유통관련업,,유흥업소밀집지역,,,,근린생활시설,,,5,,N,Y,N,N,N,Y,,,,
온앤온 코인노래연습장 시흥능곡점,영업중,20250822,"경기도 시흥시 장현능곡로 155, 시흥 플랑드르 2045-2046호 (능곡동)",경기도 시흥시 능곡동 871 시흥 플랑드르 2045호,15121,,37.3710186339,126.8072928232,,,,,,182864.7427635870,429902.0713735080,노래연습장업,유통관련업,,,104.960,,,,,,12,12,,,,Y,,,,,,
온에어코인노래연습장,영업중,20181217,"경기도 시흥시 비둘기공원5길 12, 신주 씨티 프라자 4층 401-403호 (대야동)",경기도 시흥시 대야동 531-2 신주 씨티 프라자,14912,,37.4432524568,126.7903373383,,,,,,181376.7811019150,437920.7832710080,노래연습장업,유통관련업,,,392.240,,,,,,35,,,,,Y,,,,,,
올래노래연습장,영업중,20150917,"경기도 시흥시 정왕천로411번길 36, 지층 (정왕동)",경기도 시흥시 정왕동 1188-11,15052,,37.3462981783,126.7488902590,,,,,,177679.7160225290,427171.0033125540,노래연습장업,유통관련업,,,78.720,,,근린생활시설,,,3,,,,,,,,,,,일반주거지역
올래노래연습장,영업중,20110916,"경기도 시흥시 신천3길 27-2 (신천동,(지하1층))",경기도 시흥시 신천동 375-2 (지하1층),14948,,37.4385657035,126.7829209581,,,,,,180717.3749566220,437401.9793240120,노래연습장업,유통관련업,,,156.570,,,,,,6,,,,,,,,,,,
올래노래연습장,영업중,20120501,"경기도 시흥시 복지로53번길 14 (대야동,2층)",경기도 시흥시 대야동 470-4 2층,14905,,37.4448083572,126.7882651427,,,,,,181193.5012175790,438094.2381540960,노래연습장업,유통관련업,,학교정화(상대),180.880,2,,근린생활시설,,,6,,,,,,,,,,,일반주거지역
올인 노래연습장,영업중,20030523,"경기도 시흥시 평안상가4길 21  (정왕동,(1층))",경기도 시흥시 정왕동 1622-7 (1층),15062,,37.3377771272,126.7498217877,,,,,,177802.1495262310,426209.7023422510,노래연습장업,유통관련업,,유흥업소밀집지역,,,,숙박시설,2.00,32.000,,,N,Y,N,N,N,N,,,,
올인 노래연습장,폐업,20030709,"경기도 시흥시 평안상가2길 23  (정왕동,선경(프)2층)",경기도 시흥시 정왕동 1782-16 선경(프)2층,15062,,37.3367636957,126.7477886125,,20070205,,,,177583.6411386510,426109.0561877670,노래연습장업,유통관련업,,유흥업소밀집지역,164.350,,,근린생활시설,1.00,30.000,5,,N,Y,N,N,N,Y,,,,
올챙이노래연습장,영업중,20081208,"경기도 시흥시 정왕시장길 52 (정왕동,215호)",경기도 시흥시 정왕동 1202-0 215호,15052,,37.3455685452,126.7489652672,,,,,,177684.9537522750,427088.4076865390,노래연습장업,유통관련업,3,주택가주변,80.640,3,,근린생활시설,1.00,50.000,4,,N,Y,Y,,Y,N,,,,일반주거지역
올챙이노래연습장,폐업,20011222,"경기도 시흥시 중심상가로 195  (정왕동,(3층))",경기도 시흥시 정왕동 1737-18 (3층),15066,031-432-0956,37.3442831187,126.7368415120,,20140209,,,,176610.5766240330,426949.0421980120,노래연습장업,유통관련업,,,151.450,,,,,,,,N,N,N,N,N,N,,,,
와바노래연습장,영업중,20130722,"경기도 시흥시 중심상가로 35 (정왕동,2층)",경기도 시흥시 정왕동 1859-9 2층,15040,,37.3531039778,126.7224576454,,,,,,175342.9406738740,427935.8966244020,노래연습장업,유통관련업,,,192.100,,,,,,4,,,,,,,,,,,
와썸코인노래연습장,영업중,20170726,"경기도 시흥시 배곧3로 80, 207호 (배곧동, 센터프라자)",경기도 시흥시 배곧동 194-1,15011,,37.3705347264,126.7290879019,,,,,,175930.2890050030,429864.6127945220,노래연습장업,유통관련업,,아파트지역,104.000,,,근린생활시설,1.00,87.000,15,15,,Y,Y,Y,,Y,,,,일반상업지역
와와 노래연습장,영업중,20080305,"경기도 시흥시 정왕천로411번길 37 (정왕동,2층)",경기도 시흥시 정왕동 1204-1 2층,15052,,37.3462867274,126.7485065088,,,,,,177646.3894757280,427168.9595381520,노래연습장업,유통관련업,5,주택가주변,119.800,4,1,근린생활시설,,,5,,Y,Y,Y,,Y,Y,,,,일반주거지역
와와 노래연습장,폐업,20040106,"경기도 시흥시 옥구상가3길 17  (정왕동,중앙빌딩 401호)",경기도 시흥시 정왕동 1858-1 중앙빌딩 401호,15040,,37.3537584071,126.7232864458,,20061023,,,,175412.0318208900,428002.3809852620,노래연습장업,유통관련업,,유흥업소밀집지역,,4,,근린생활시설,1.00,50.000,4,,N,Y,Y,N,Y,Y,,,,일반상업지역
와와노래연습장,폐업,20031208,"경기도 시흥시 군자로 514,  203호 (거모동,외1필지 2층)",경기도 시흥시 거모동 1742-4 외1필지 2층 203호,15070,,37.3443304026,126.7848002767,,20250205,,,,180862.5927038580,426954.7459599980,노래연습장업,유통관련업,,아파트지역,160.230,,,근린생활시설,1.00,50.000,8,2,N,Y,Y,Y,Y,Y,,,,
와요노래연습장,폐업,20080716,"경기도 시흥시 봉우재로61번길 2  (정왕동,5층)",경기도 시흥시 정왕동 1823-3 5층,15053,,37.3479937240,126.7462088383,,20090731,,,,177441.3162865340,427360.8101592410,노래연습장업,유통관련업,5,주택가주변,228.750,5,,근린생활시설,2.00,50.000,7,2,Y,Y,Y,Y,Y,N,,,,일반주거지역
왔다 노래연습장,폐업,20030617,"경기도 시흥시 중심상가3길 31  (정왕동,(2층))",경기도 시흥시 정왕동 1742-20 (2층),15066,,37.3435904701,126.7356631021,,20130905,,,,176510.8752090210,426870.6119652490,노래연습장업,유통관련업,,유흥업소밀집지역,34.540,,,근린생활시설,1.00,3.000,1,,N,Y,N,,N,Y,,,,
왕과비노래연습장,영업중,20070604,"경기도 시흥시 월곶중앙로46번길 11 (월곶동,2층)",경기도 시흥시 월곶동 1005-8 2층,14966,,37.3892323273,126.7407465623,,,,,,176970.7942110850,431935.5082005460,노래연습장업,유통관련업,3,유흥업소밀집지역,118.440,3,,근린생활시설,1.00,50.000,4,,N,N,N,,N,N,,,,상업지역
왕왕 노래연습장,등록취소,20020309,"경기도 시흥시 수인로3395번길 14  (신천동,지층)",경기도 시흥시 신천동 746-23 지층,14948,,37.4403754905,126.7811176134,20100803,,,,,180560.6439522340,437605.6577445710,노래연습장업,유통관련업,6,주택가주변,135.270,5,1,근린생활시설,,,,,N,N,N,Y,N,N,,,,
왕왕 노래연습장,폐업,20031107,"경기도 시흥시 마유로423번길 6  (정왕동,2층)",경기도 시흥시 정왕동 2300-9 2층,15024,,37.3527080313,126.7405951963,,20120229,,,,176947.9311191660,427884.1956559280,노래연습장업,유통관련업,,기타,199.100,,,근린생활시설,2.00,40.000,6,2,N,Y,Y,Y,Y,Y,,,,
왕왕노래연습장,영업중,20120229,"경기도 시흥시 마유로423번길 6, 2층 (정왕동)",경기도 시흥시 정왕동 2300-9,15024,,37.3527080313,126.7405951963,,,,,,176947.9311191660,427884.1956559280,노래연습장업,유통관련업,,,199.000,,,,,,6,1,,,,,,,,,,
왕왕노래연습장,폐업,20031208,"경기도 시흥시 마유로423번길 6  (정왕동,(2층))",경기도 시흥시 정왕동 2300-9 (2층),15024,,37.3527080313,126.7405951963,,20050628,,,,176947.9311191660,427884.1956559280,노래연습장업,유통관련업,,주택가주변,199.100,,,근린생활시설,2.00,40.000,6,1,N,Y,N,Y,Y,N,,,,
용가리 노래연습장,영업중,20010821,"경기도 시흥시 하중로 201-1 (하중동,지층)",경기도 시흥시 하중동 857-2 지층,14976,,37.3937119778,126.8052312842,,,,,,182682.5227392870,432420.1061212510,노래연습장업,유통관련업,,아파트지역,129.600,,,,,,7,,N,N,N,Y,N,N,,,,
용가리 노래연습장,폐업,20000627,"경기도 시흥시 월곶해안로 157 (월곶동,비치프라자 3층)",경기도 시흥시 월곶동 1013-21 비치프라자 3층,14963,031-317-4140,37.3885329394,126.7371161582,,20231004,,,,176650.5721191310,431859.8141247950,노래연습장업,유통관련업,,,281.500,,,근린생활시설,,,8,,N,N,N,,N,N,,,,
우리동네(코러스) 노래연습장,폐업,19981002,경기도 시흥시 월곶해안로 111-1  (월곶동),경기도 시흥시 월곶동 1013-5,14963,031-318-2263,37.3888390829,126.7342776355,,20070601,,,,176399.7494709720,431894.9156187010,노래연습장업,유통관련업,,,,,,,,,,,N,N,N,N,N,N,,,,
우주 노래연습장,등록취소,20090720,"경기도 시흥시 신천로 64-1  (신천동,지하1층)",경기도 시흥시 신천동 852-6 지하1층,14950,031-315-2222,37.4364457577,126.7871009406,20120304,,,,,181088.5293811530,437166.6253588330,노래연습장업,유통관련업,5,주택가주변,92.040,4,1,근린생활시설,1.00,50.000,5,,Y,Y,,,,,,,,일반주거지역
우주노래연습장,폐업,20130307,"경기도 시흥시 신천로 64-1 (신천동,지하1층)",경기도 시흥시 신천동 852-6 지하1층,14950,,37.4364457577,126.7871009406,,20250226,,,,181088.5293811530,437166.6253588330,노래연습장업,유통관련업,,기타,92.040,,,근린생활시설,,,5,,,,,,,,,,,일반주거지역
우진 노래연습장,폐업,20011227,"경기도 시흥시 신천로100번길 33-1  (신천동,지하)",경기도 시흥시 신천동 779-10 지하,14950,031-311-1531,37.4382941856,126.7902032998,,20070118,,,,181363.4697909970,437372.8111532640,노래연습장업,유통관련업,,,,,,,,,,2,N,N,N,Y,N,N,,,,
울랄라 노래연습장,영업중,19980626,경기도 시흥시 월곶중앙로14번길 90 (월곶동),경기도 시흥시 월곶동 991-16,14968,031-318-0869,37.3937441589,126.7401248953,,,,,,176917.8383733550,432436.6810812930,노래연습장업,유통관련업,,유흥업소밀집지역,117.760,,,,,,6,,N,N,N,,N,N,,,,
울랄라노래연습장,영업중,20111222,"경기도 시흥시 수인로3395번길 14, 하나빌딩 지하층 (신천동)",경기도 시흥시 신천동 746-23 하나빌딩,14948,,37.4403754905,126.7811176134,,,,,,180560.6439522340,437605.6577445710,노래연습장업,유통관련업,,,135.570,,,,,,1,,,,,,,,,,,
워싱턴 노래연습장,폐업,20021230,"경기도 시흥시 중심상가로 324  (정왕동,(2층))",경기도 시흥시 정왕동 1782-17 (2층),15062,,37.3369002562,126.7480017363,,20090120,,,,177599.5369565590,426121.1417793730,노래연습장업,유통관련업,,유흥업소밀집지역,,,,근린생활시설,,,,,N,N,N,N,N,N,,,,
워커힐노래연습장,폐업,20041021,"경기도 시흥시 중심상가로 320  (정왕동,2층)",경기도 시흥시 정왕동 1782-5 2층,15062,,37.3371321576,126.7476156066,,20070703,,,,177559.8860163860,426152.0168630380,노래연습장업,유통관련업,,유흥업소밀집지역,115.000,,,근린생활시설,,,,,N,N,N,N,N,N,,,,일반상업지역
원영노래연습장,영업중,20100812,"경기도 시흥시 큰솔로12번안길 10-18 (정왕동,2층)",경기도 시흥시 정왕동 1425 2층,15060,031-498-4060,37.3381382340,126.7541870033,,,,,,178145.4959165480,426263.0743237680,노래연습장업,유통관련업,5,주택가주변,161.190,5,,근린생활시설,1.00,40.000,6,,Y,Y,,,,,,,,일반주거지역
원영노래연습장,폐업,20040810,"경기도 시흥시 큰솔로12번안길 10-18  (정왕동,2층)",경기도 시흥시 정왕동 1425 2층,15060,,37.3381382340,126.7541870033,,20100810,,,,178145.4959165480,426263.0743237680,노래연습장업,유통관련업,5,기타,123.280,,,근린생활시설,,,,,,,,,,,,,,일반주거지역
원코인노래연습장,영업중,20201120,"경기도 시흥시 서울대학로278번길 26, 시흥배곧 아브뉴프랑 센트럴 오렌지 1층 106호 (배곧동)",경기도 시흥시 배곧동 215 시흥배곧 아브뉴프랑 센트럴 오렌지,15011,,37.3689041270,126.7278397154,,,,,,175820.4213305170,429682.1352987070,노래연습장업,유통관련업,,,45.600,,,,,,6,6,,,,Y,,,,,,
월곶 노래연습장,폐업,19970926,,경기도 시흥시 월곶동 6블럭8롯트,,031-318-2160,,,,20040913,,,,,,노래연습장업,유통관련업,,,,,,,,,,,N,N,N,N,N,N,,,,
월곶노래연습장,영업중,20020409,"경기도 시흥시 월곶중앙로 57, 4층 401호 (월곶동)",경기도 시흥시 월곶동 1014-4,14963,,37.3884362836,126.7389019746,,,,,,176807.7295955700,431848.2708545990,노래연습장업,유통관련업,,,271.790,,,,,,13,2,N,N,N,Y,N,N,,,,
월드 노래연습장,영업중,20040824,"경기도 시흥시 매화로 153, 115호 (도창동,대선월드(빌) 지1층)",경기도 시흥시 도창동 78 대선월드(빌) 지1층 115호,14942,,37.4092227808,126.8188848827,,,,,,183889.7646073150,434147.0139452200,노래연습장업,유통관련업,,아파트지역,99.000,,,근린생활시설,,,1,,,,,,,,,,,일반주거지역
월드컵 노래연습장,폐업,20020517,"경기도 시흥시 중심상가로 326  (정왕동,3층)",경기도 시흥시 정왕동 1782-18 3층,15062,031-433-4330,37.3366944605,126.7482408505,,20070131,,,,177618.1489142240,426103.7574938310,노래연습장업,유통관련업,5,유흥업소밀집지역,,5,,근린생활시설,,,,,N,N,N,N,N,N,,,,
월드컵 노래연습장,폐업,19970829,경기도 시흥시 호현로 68-1  (대야동),경기도 시흥시 대야동 476-20,14905,02-2248-4178,37.4460057459,126.7865354209,,20090223,,,,181041.6871643910,438226.1535231720,노래연습장업,유통관련업,,,,,,근린생활시설,,,,,N,N,N,N,N,N,,,,
월드컵노래연습장,영업중,19980824,"경기도 시흥시 호현로 84 (대야동,(2층))",경기도 시흥시 대야동 460-10 (2층),14905,,37.4469770974,126.7876793335,,,,,,181141.8457770200,438334.7778920730,노래연습장업,유통관련업,,,81.510,,,,,,4,,N,N,N,,N,N,,,,
유혹노래연습장,폐업,20091211,"경기도 시흥시 월곶중앙로46번길 17,  102호 (월곶동,1층)",경기도 시흥시 월곶동 1005-4 1층 102호,14966,,37.3896214110,126.7409798672,,20120210,,,,176992.1700000000,431978.1500000000,노래연습장업,유통관련업,3,유흥업소밀집지역,100.400,3,,근린생활시설,2.00,40.000,2,,,Y,,,,Y,,,,일반상업지역
은하수 노래연습장,영업중,20020507,"경기도 시흥시 함송로 15 (정왕동,(지하1층))",경기도 시흥시 정왕동 1881-11 (지하1층),15020,031-431-6770,37.3640347307,126.7302949768,,,,,,176035.5350740990,429144.2301467490,노래연습장업,유통관련업,,유흥업소밀집지역,147.000,,,근린생활시설,,,1,,N,N,N,,N,N,,,,
은하수노래연습장,영업중,20170119,"경기도 시흥시 정왕시장길 51, 303호 (정왕동, 정왕시장)",경기도 시흥시 정왕동 1203,15052,,37.3458093904,126.7485677164,,,,,,177650.3600531840,427115.3414833010,노래연습장업,유통관련업,,,281.580,,,,1.00,73.000,10,0,,Y,,,,,,,,
음치 노래연습장,폐업,20010919,"경기도 시흥시 관곡지로40번길 22  (하중동,2층)",경기도 시흥시 하중동 825-3 2층,14975,,37.3991560570,126.8006166000,,20060704,,,,182274.4662371180,433025.8755318510,노래연습장업,유통관련업,,아파트지역,,,,,,,,,N,N,N,N,N,N,,,,
이리와 코인노래연습장,영업중,20240116,"경기도 시흥시 중심상가3길 16, 골든프라자 202호 (정왕동)",경기도 시흥시 정왕동 1737-5 골든프라자 202호,15066,,37.3447754880,126.7363171939,,,,,,176565.3851303500,427005.8232036340,노래연습장업,유통관련업,,,102.960,,,,,,14,,,,,Y,,,,,,
이화노래연습장,폐업,20050822,"경기도 시흥시 옥구상가4길 24-6  (정왕동,1층)",경기도 시흥시 정왕동 1854-7 1층,15040,,37.3525036211,126.7216283009,,20070710,,,,175261.0101597320,427860.2857043360,노래연습장업,유통관련업,,유흥업소밀집지역,232.650,,,근린생활시설,,,,,N,N,N,N,N,N,,,,일반상업지역
일루와코인노래연습장,영업중,20161213,"경기도 시흥시 월곶중앙로 63, 3층 (월곶동)",경기도 시흥시 월곶동 1014-1 3층,14963,,37.3887733960,126.7380626265,,,,,,176732.4575343550,431885.5921475550,노래연습장업,유통관련업,,,148.660,,,,,75.000,22,22,Y,Y,,Y,,,,,,준주거지역
일번지 노래연습장,폐업,19950407,경기도 시흥시 뱀내장터로 8  (신천동),경기도 시흥시 신천동 707-55,14910,031-312-3535,37.4422200929,126.7856722840,,20080226,,,,180963.3813679890,437807.8725917700,노래연습장업,유통관련업,,,,,,,,,,,N,N,N,N,N,N,,,,
잇츠코인 노래연습장,영업중,20200113,"경기도 시흥시 서울대학로264번길 26-32, 배곧중앙프라자 5층 525호 (정왕동)",경기도 시흥시 정왕동 1771-38 배곧중앙프라자,15011,,37.3666139281,126.7277276688,,,,,,175810.8486508670,429428.5379440570,노래연습장업,유통관련업,,,165.290,,,,,,20,,,,,Y,,,,,,
잇츠코인노래연습장,영업중,20191118,"경기도 시흥시 옥구상가3길 25, 한성빌딩 3층 302호 (정왕동)",경기도 시흥시 정왕동 1857-1 한성빌딩,15040,,37.3541595445,126.7226048352,,,,,,175353.7819094350,428047.4227929830,노래연습장업,유통관련업,,,105.150,,,,,,17,5,,,,Y,,,,,,
잇츠코인노래연습장 배곧아울렛점,영업중,20231004,"경기도 시흥시 배곧5로 66-11, 스타플렉스 301호 (배곧동)",경기도 시흥시 배곧동 18-4 스타플렉스,15010,,37.3822458543,126.7350111194,,,,,,176463.4715948350,431160.1835506540,노래연습장업,유통관련업,,,91.200,,,,,,10,10,,,,Y,,,,,,
잇츠코인노래연습장 배곧점,영업중,20180501,"경기도 시흥시 배곧3로 86, 센터프라자2 306호 (배곧동)",경기도 시흥시 배곧동 194-2 센터프라자2 306호,15011,,37.3702222869,126.7295541408,,,,,,175971.2337473930,429834.3118012040,노래연습장업,유통관련업,,,106.250,,,,,,19,,,,,Y,,,,,,
자유 노래연습장,폐업,20140603,"경기도 시흥시 신천로 82, 2층 (신천동)",경기도 시흥시 신천동 771-5 2층호,14950,,37.4376212162,126.7862193930,,20190528,,,,181009.6718247460,437300.7289503290,노래연습장업,유통관련업,,,146.300,,,근린생활시설,,,5,1,,,,Y,,,,,,
자유노래연습장,영업중,20220902,"경기도 시흥시 신천로 82, 2층 (신천동)",경기도 시흥시 신천동 771-5,14950,,37.4376212162,126.7862193930,,,,,,181009.6718247460,437300.7289503290,노래연습장업,유통관련업,,,146.300,,,,,,5,,,,,Y,,,,,,
자유노래연습장,폐업,20190531,"경기도 시흥시 신천로 82, 2층 201호 (신천동)",경기도 시흥시 신천동 771-5,14950,,37.4376212162,126.7862193930,,20220831,,,,181009.6718247460,437300.7289503290,노래연습장업,유통관련업,,,146.300,,,,,,5,,,,,Y,,,,,,
장군 노래연습장,폐업,20030225,"경기도 시흥시 군서로24번길 9  (정왕동,(2층))",경기도 시흥시 정왕동 1201-1 (2층),15052,,37.3455283508,126.7497333884,,20120131,,,,177753.5964817300,427085.5015742290,노래연습장업,유통관련업,4,유흥업소밀집지역,126.270,4,,근린생활시설,2.00,,6,,N,Y,N,,Y,Y,,,,
장군노래연습장,폐업,20120131,경기도 시흥시 군서로24번길 9 (정왕동),경기도 시흥시 정왕동 1201-1,15052,,37.3455283508,126.7497333884,,20210804,,,,177753.5964817300,427085.5015742290,노래연습장업,유통관련업,,,126.270,,,,,,4,,,,,,,,,,,
장녹수 노래연습장,영업중,19980711,경기도 시흥시 군자로 502 (거모동),경기도 시흥시 거모동 1733-8,15071,031-491-5085,37.3452482472,126.7845431913,,,,,,180839.7686052050,427045.7842240730,노래연습장업,유통관련업,,,199.910,,,,,,9,,N,N,N,,N,N,,,,
쟁반 노래연습장,폐업,20030627,"경기도 시흥시 서촌상가2길 26  (정왕동,(202호))",경기도 시흥시 정왕동 1731-6 (202호),15036,,37.3461843146,126.7325546119,,20061023,,,,176229.0593951050,427162.8706133940,노래연습장업,유통관련업,,유흥업소밀집지역,,,,근린생활시설,1.00,30.000,4,,N,Y,N,N,N,Y,,,,
쟁반2 노래연습장,폐업,20031002,"경기도 시흥시 서촌상가2길 10  (정왕동,(2층))",경기도 시흥시 정왕동 1728-1 (2층),15036,,37.3472726193,126.7335822388,,20061102,,,,176327.6030365570,427289.3139104930,노래연습장업,유통관련업,,유흥업소밀집지역,60.620,,,근린생활시설,1.00,30.000,3,,N,Y,N,N,N,N,,,,
쟁반노래연습장,영업중,19980309,"경기도 시흥시 호현로 38  (대야동,지하1층)",경기도 시흥시 대야동 495-3 지하1층,14909,031-311-2064,37.4438538791,126.7854366801,,,,,,180936.5613032980,437989.4866966820,노래연습장업,유통관련업,,,90.600,,,근린생활시설,,,,,N,N,N,Y,N,N,,,,
정 노래연습장,영업중,19970929,"경기도 시흥시 검바위1로 28-1 (은행동,지하)",경기도 시흥시 은행동 289-70 지하,14921,031-312-0952,37.4318052654,126.7948648945,,,,,,181773.4375184260,436649.3930765400,노래연습장업,유통관련업,,,131.400,,,근린생활시설,,,5,1,N,N,N,Y,N,N,,,,
정다운 노래연습장,폐업,19980826,"경기도 시흥시 평안상가3길 18  (정왕동,지층)",경기도 시흥시 정왕동 1627-6 지층,15062,,37.3365659295,126.7492919779,,20081201,,,,177712.0474317830,426088.2190176580,노래연습장업,유통관련업,,,,,,,,,,,N,N,N,N,N,N,,,,
정다운노래연습장,영업중,20040414,"경기도 시흥시 동서로 1079 (조남동,지층)",경기도 시흥시 조남동 171-8 지층,14984,,37.3852412442,126.8599031139,,,,,,187519.3314722230,431470.7654787630,노래연습장업,유통관련업,1,기타,76.360,,,위험물저장시설,,,4,,,,,,,,,,,일반주거지역
정왕노래연습장,영업중,20130412,"경기도 시흥시 정왕천로449번길 2 (정왕동,지하1층)",경기도 시흥시 정왕동 1164-14 지하1층,15052,,37.3472359093,126.7546389551,,,,,,178191.1052170690,427273.3036259310,노래연습장업,유통관련업,,,143.380,,,,,,1,,,,,Y,,,,,,
정왕노래연습장,폐업,20051228,"경기도 시흥시 정왕천로449번길 2  (정왕동,지층)",경기도 시흥시 정왕동 1164-14 지층,15052,,37.3472359093,126.7546389551,,20130408,,,,178191.1052170690,427273.3036259310,노래연습장업,유통관련업,,주택가주변,140.000,,,근린생활시설,1.00,50.000,6,,N,N,N,Y,N,N,,,,일반주거지역
제왕노래연습장,영업중,20040320,"경기도 시흥시 정왕천로411번길 11-1 (정왕동,2층)",경기도 시흥시 정왕동 1198 2층,15052,,37.3448949297,126.7507670735,,,,,,177845.8592453110,427013.6194037400,노래연습장업,유통관련업,4,기타,126.610,4,,근린생활시설,,,5,,N,N,N,,N,N,,,,일반주거지역
제이노래연습장,영업중,20001207,"경기도 시흥시 오이도로 131, 4층 (정왕동)",경기도 시흥시 정왕동 1972-2 4층호,15015,,37.3481245129,126.6896427323,,,,,,172430.1030635260,427389.8903282700,노래연습장업,유통관련업,,,121.300,4,,,,,4,,N,N,N,,N,N,,,,
제이제이 노래연습장,폐업,20011019,"경기도 시흥시 대은로 90 (은행동,4층)",경기도 시흥시 은행동 532-1 4층,14917,031-404-3350,37.4446885904,126.7983841873,,20140508,,,,182086.3089841080,438089.9643573340,노래연습장업,유통관련업,,,,,,,,,,,N,N,N,,N,N,,,,
조아노래연습장,영업중,19970719,경기도 시흥시 호현로10번길 17 (신천동),경기도 시흥시 신천동 708-13,14910,031-315-1432,37.4411296133,126.7850782381,,,,,,180911.3940126480,437690.2893867440,노래연습장업,유통관련업,,,116.400,,,근린생활시설,,,6,,N,N,N,,N,N,,,,
조은노래연습장,영업중,20011205,"경기도 시흥시 신천로44번안길 20 (신천동,지하1층)",경기도 시흥시 신천동 775-11 지하1층,14950,,37.4378820379,126.7876185993,,,,,,181134.3360104950,437326.3310308030,노래연습장업,유통관련업,5,,105.280,4,1,근린생활시설,,,1,,N,N,N,,N,N,,,,
주주노래연습장,폐업,20080526,"경기도 시흥시 정왕시장길 52  (정왕동,209호)",경기도 시흥시 정왕동 1202-0 209호,15052,,37.3455685452,126.7489652672,,20110829,,,,177684.9537522750,427088.4076865390,노래연습장업,유통관련업,3,주택가주변,80.640,3,,근린생활시설,1.00,50.000,5,,Y,Y,Y,,N,N,,,,일반주거지역
준코인노래연습장,영업중,20180405,"경기도 시흥시 남왕길 30, 프라미스 콤플렉스 304,305호 (목감동)","경기도 시흥시 목감동 402-1 프라미스 콤플렉스 304,305호",14985,,37.3826236944,126.8609080854,,,,,,187611.0565734020,431180.8350474160,노래연습장업,유통관련업,9,,117.850,7,2,근린생활시설,,,19,,,,,Y,,,,,,
즐거운 노래연습장,폐업,20020531,"경기도 시흥시 평안상가4길 16-10  (정왕동,(3층))",경기도 시흥시 정왕동 1625-5 (3층),15062,031-319-3130,37.3373443389,126.7483811275,,20080226,,,,177633.9803033370,426173.7730657890,노래연습장업,유통관련업,4,,,4,,근린생활시설,,,,,N,N,N,N,N,N,,,,
지지 노래연습장,영업중,20010927,경기도 시흥시 봉우재로 20 (정왕동),경기도 시흥시 정왕동 1593,15057,031-497-4677,37.3448414517,126.7437791518,,,,,,177226.1541123280,427008.6302786850,노래연습장업,유통관련업,,,218.740,,,,,,6,,N,N,N,,N,N,,,,
지펠 노래연습장,폐업,20021230,"경기도 시흥시 중심상가로 47  (정왕동,(5층))",경기도 시흥시 정왕동 1859-18 (5층),15040,,37.3524624534,126.7235933656,,20061027,,,,175439.9751088470,427860.3289025240,노래연습장업,유통관련업,,,,,,근린생활시설,,,,,N,N,N,N,N,N,,,,
진명 노래연습장,폐업,19980216,경기도 시흥시 중심상가로 187  (정왕동),경기도 시흥시 정왕동 1737-6,15066,031-433-4999,37.3446749591,126.7361037044,,20080725,,,,176549.4905840870,426993.7026770080,노래연습장업,유통관련업,,,79.730,,,근린생활시설,,,,,N,N,N,Y,N,N,,,,
진진 노래연습장,폐업,19990922,경기도 시흥시 월곶중앙로46번길 5  (월곶동),경기도 시흥시 월곶동 1005-12,14966,,37.3887797891,126.7404574175,,20040528,,,,176945.7633971550,431886.0084887280,노래연습장업,유통관련업,4,,230.960,4,,근린생활시설,,,,,N,N,N,N,N,N,,,,
진진노래연습장,영업중,20040712,"경기도 시흥시 월곶중앙로46번길 5 (월곶동,4층)",경기도 시흥시 월곶동 1005-12 4층,14966,,37.3887797891,126.7404574175,,,,,,176945.7633971550,431886.0084887280,노래연습장업,유통관련업,4,유흥업소밀집지역,203.960,,,근린생활시설,,,5,,,,,,,,,,,일반상업지역
질투 노래연습장,영업중,20020316,"경기도 시흥시 정왕천로411번길 47, 보라매빌딩 지하1층호 (정왕동)",경기도 시흥시 정왕동 1206 보라매빌딩 지하1층호,15052,,37.3468756372,126.7475635516,,,,,,177562.3803215820,427234.3647778070,노래연습장업,유통관련업,5,,126.040,4,1,근린생활시설,,,5,,N,N,N,,N,N,,,,
짱 노래연습장,영업중,19990714,"경기도 시흥시 매화1로 18 (매화동,지하1층)",경기도 시흥시 매화동 244-22 지하1층,14940,,37.4154537793,126.8130990832,,,,,,183383.8268486210,434834.3782091890,노래연습장업,유통관련업,,주택가주변,161.500,,,근린생활시설,,,2,2,N,N,N,Y,N,N,,,,
짱가 노래연습장,폐업,20010914,"경기도 시흥시 옥구상가2길 15  (정왕동,(4층))",경기도 시흥시 정왕동 1859-15 (4층),15040,031-488-8623,37.3529127360,126.7235322724,,20060724,,,,175437.5556569410,427906.5596933910,노래연습장업,유통관련업,,,,,,,,,,,N,N,N,N,N,N,,,,
짱노래연습장,영업중,19971224,"경기도 시흥시 함송로14번길 13-17 (정왕동,5층)",경기도 시흥시 정왕동 1882-11 5층,15020,,37.3624553137,126.7299836260,,,,,,176008.0682640610,428969.3643063190,노래연습장업,유통관련업,,,133.600,,,,,,1,,N,N,N,,N,N,,,,
짱노래연습장,영업중,20181107,"경기도 시흥시 봉우재로209번길 2, 제일빌딩 2층 (정왕동)",경기도 시흥시 정왕동 2260-5 제일빌딩,15047,,37.3583155433,126.7563586889,,,,,,178345.4380430540,428501.1620607540,노래연습장업,유통관련업,,,159.270,,,,,,6,,,,,,,,,,,
짱노래연습장,영업중,20200825,"경기도 시흥시 서울대학로264번길 26-18, 해든트윈스오피스텔 2층 213-214호 (배곧동)",경기도 시흥시 배곧동 224-2 해든트윈스오피스텔,15011,,37.3666666859,126.7261460851,,,,,,175670.6276968410,429435.6823459900,노래연습장업,유통관련업,,,123.620,,,,,,6,,,,,,,,,,,
찌꼬 노래연습장,폐업,20010814,경기도 시흥시 함송로13번길 6-13  (정왕동),경기도 시흥시 정왕동 1880-9,15020,031-497-5758,37.3643200843,126.7312067800,,20061026,,,,176118.7295751760,429173.3077086870,노래연습장업,유통관련업,,아파트지역,,,,,,,,,N,N,N,N,N,N,,,,
차임벨 노래연습장,영업중,19991025,"경기도 시흥시 신천2길 13 (신천동,지층)",경기도 시흥시 신천동 752-13 지층,14948,031-312-8879,37.4390500225,126.7810398607,,,,,,180552.5762760560,437457.0449904320,노래연습장업,유통관련업,,,89.100,,,근린생활시설,,,5,,N,N,N,,N,N,,,,
채플린 노래연습장,영업중,20030709,"경기도 시흥시 정왕대로 64, 2층호 (정왕동)",경기도 시흥시 정왕동 1861-2 2층호,15040,,37.3542557561,126.7235297297,,,,,,175417.6567193790,428065.9363357030,노래연습장업,유통관련업,,유흥업소밀집지역,,,,,1.00,32.000,6,3,N,Y,N,Y,N,Y,,,,
챌시 노래연습장,폐업,20000404,경기도 시흥시 복지로 3  (신천동),경기도 시흥시 신천동 709-6,14910,,37.4403112699,126.7868834018,,20070102,,,,181069.7967569020,437596.0168298340,노래연습장업,유통관련업,,유흥업소밀집지역,,,,위험물저장시설,,,,,N,N,N,Y,N,N,,,,일반상업지역
천지노래연습장,영업중,20181012,"경기도 시흥시 정왕천로411번길 12-1, 2층 (정왕동)",경기도 시흥시 정왕동 1193-11,15052,,37.3450491538,126.7509236002,,,,,,177859.4433411530,427031.0169925400,노래연습장업,유통관련업,,,126.230,,,,,48.000,4,,,,,,,,,,,
철길 노래연습장,폐업,19990622,경기도 시흥시 월곶해안로 31  (월곶동),경기도 시흥시 월곶동 991-23,14968,,37.3946046163,126.7393705826,,20020123,,,,176849.5826412210,432531.7308377290,노래연습장업,유통관련업,,,,,,,,,,,N,N,N,N,N,N,,,,
첨밀밀노래연습장,영업중,20021227,"경기도 시흥시 정왕천로411번길 22 (정왕동,(지하1층))",경기도 시흥시 정왕동 1191-9 (지하1층),15052,031-433-3554,37.3455488109,126.7501170454,,,,,,177787.4832258040,427087.0702808870,노래연습장업,유통관련업,5,주택가주변,127.940,4,1,근린생활시설,,,5,,N,N,N,,N,N,,,,
첼로 노래연습장,영업중,20090911,"경기도 시흥시 승지로60번길 12 (능곡동,4층 401,402호)","경기도 시흥시 능곡동 747 4층 401,402호",14995,,37.3687817033,126.8116614024,,,,,,183247.3689694680,429651.8774554610,노래연습장업,유통관련업,8,아파트지역,309.350,6,2,근린생활시설,2.00,50.000,9,2,Y,Y,,Y,,,,,,준주거지역
첼씨 노래연습장,폐업,20030219,"경기도 시흥시 복지로 3,  203호 (신천동)",경기도 시흥시 신천동 709-6 203호,14910,,37.4403112699,126.7868834018,,20070102,,,,181069.7967569020,437596.0168298340,노래연습장업,유통관련업,,유흥업소밀집지역,,,,근린생활시설,,,,,N,N,N,N,N,N,,,,
초이스 노래연습장,폐업,19961115,,경기도 시흥시 정왕동 51블럭1-42롯트,15119,031-431-3227,,,,20040308,,,,,,노래연습장업,유통관련업,,유흥업소밀집지역,,,,근린생활시설,,,,,N,N,N,N,N,N,,,,일반상업지역
축제 노래연습장,영업중,20010413,"경기도 시흥시 중심상가3길 24, 흥성빌딩 302호 (정왕동)",경기도 시흥시 정왕동 1742-6 흥성빌딩,15066,031-432-4667,37.3441859183,126.7357473849,,,,,,176514.8664380380,426940.9533570900,노래연습장업,유통관련업,,,121.720,,,,,,1,,N,N,N,,N,N,,,,
친구 노래연습장,영업중,20020305,"경기도 시흥시 옥구상가2길 12, 4층 402호 (정왕동)",경기도 시흥시 정왕동 1859-3,15040,,37.3532362426,126.7233821552,,,,,,175419.5583332010,427948.4618330990,노래연습장업,유통관련업,6,,210.790,4,2,근린생활시설,,,5,,N,N,N,,N,N,,,,
친구 노래연습장,영업중,20020108,"경기도 시흥시 오이도로 235-1 (정왕동,(3층))",경기도 시흥시 정왕동 2036-13 (3층),15015,031-498-5898,37.3410907683,126.6878781620,,,,,,172272.0100244300,426607.4628869540,노래연습장업,유통관련업,,,134.600,,,근린생활시설,2.00,,1,,N,N,N,,N,N,,,,
친구노래연습장,영업중,19960614,경기도 시흥시 정왕천로369번길 3-3 (정왕동),경기도 시흥시 정왕동 1428-2,15058,031-497-7942,37.3412039684,126.7486587646,,,,,,177655.6415458540,426604.9566787620,노래연습장업,유통관련업,,,162.500,,,,,,1,,N,N,N,,N,N,,,,
친구노래연습장,영업중,20140417,"경기도 시흥시 정왕시장길 52, 2층 219,220호 (정왕동)","경기도 시흥시 정왕동 1202 2층(219,220호)",15052,,37.3455685452,126.7489652672,,,,,,177684.9537522750,427088.4076865390,노래연습장업,유통관련업,,,120.960,,,근린생활시설,,200.000,5,0,,,,,,,,,,
친구노래연습장,영업중,20080228,"경기도 시흥시 비둘기공원6길 19 (대야동,3층)",경기도 시흥시 대야동 541-19 3층,14912,,37.4419679306,126.7910729593,,,,,,181441.0898645890,437780.1052802150,노래연습장업,유통관련업,8,유흥업소밀집지역,166.050,7,1,근린생활시설,2.00,50.000,7,0,Y,Y,Y,,Y,Y,,,,일반상업지역
친구노래연습장,허가취소,20051212,"경기도 시흥시 함송로14번길 13-11  (정왕동,4층)",경기도 시흥시 정왕동 1884-2 4층,15020,,37.3631016069,126.7295704872,,,,,,175970.3001341510,429042.8750348610,노래연습장업,유통관련업,,유흥업소밀집지역,147.060,,,근린생활시설,,,,,N,N,N,N,N,N,,,,일반상업지역
친구노래연습장,허가취소,20050610,"경기도 시흥시 비둘기공원6길 19  (대야동,청경(프)3층)",경기도 시흥시 대야동 541-19 청경(프)3층,14912,,37.4419679306,126.7910729593,,,,,,181441.0898645890,437780.1052802150,노래연습장업,유통관련업,,유흥업소밀집지역,168.510,,,근린생활시설,,,,,N,N,N,N,N,N,,,,일반상업지역
카네기 노래연습장,허가취소,20030806,,경기도 시흥시 대야동 529-6 (6층),14912,,,,,,,,,,,노래연습장업,유통관련업,,유흥업소밀집지역,87.630,,,근린생활시설,1.00,30.000,1,,N,Y,N,N,N,N,,,,
카니발 노래연습장,영업중,19970801,경기도 시흥시 정왕천로 375 (정왕동),경기도 시흥시 정왕동 1566-6,15058,,37.3419659444,126.7494188577,,,,,,177724.3617463040,426690.2852240430,노래연습장업,유통관련업,,,,,,,,,1,,N,N,N,,N,N,,,,
카니발 노래연습장,폐업,19980718,경기도 시흥시 월곶중앙로 93  (월곶동),경기도 시흥시 월곶동 1011-2,14963,031-318-5655,37.3899528763,126.7350683697,,20100712,,,,176470.6850000000,432017.2450000000,노래연습장업,유통관련업,,,203.210,,,,,,,,N,N,N,N,N,N,,,,
카이로 노래연습장,폐업,20000705,"경기도 시흥시 옥구상가2길 9  (정왕동,(4층))",경기도 시흥시 정왕동 1859-12 (4층),15040,031-312-9114,37.3533392395,126.7239682347,,20071210,,,,175474.3843936720,427953.8269986470,노래연습장업,유통관련업,,,,,,,,,,,N,N,N,Y,N,N,,,,
칸노래연습장,폐업,20100311,"경기도 시흥시 복지로 90 (대야동,2층 201,202호)","경기도 시흥시 대야동 568-1 2층 201,202호",14908,032-348-1762,37.4470010817,126.7916698675,,20220620,,,,181498.4960615070,438335.2257166230,노래연습장업,유통관련업,11,주택가주변,255.750,9,2,근린생활시설,1.00,50.000,7,2,Y,Y,Y,,,,,,,준주거지역
칼라 노래연습장,폐업,20021015,"경기도 시흥시 옥구상가2길 24  (정왕동,(4층))",경기도 시흥시 정왕동 1855-6 (4층),15040,031-434-0366,37.3523832298,126.7225102436,,20061108,,,,175344.5199480360,427852.3133809770,노래연습장업,유통관련업,,유흥업소밀집지역,,,,근린생활시설,,,,,N,N,N,N,N,N,,,,
칼라노래연습장,직권말소,20070830,"경기도 시흥시 옥구상가2길 24 (정왕동,4층)",경기도 시흥시 정왕동 1855-6 4층,15040,,37.3523832298,126.7225102436,,20260324,,,,175344.5199480360,427852.3133809770,노래연습장업,유통관련업,4,유흥업소밀집지역,111.160,4,,근린생활시설,1.00,50.000,3,,N,N,N,,N,N,,,,일반상업지역
컨추리 노래연습장,폐업,20000121,경기도 시흥시 죽율로 213  (거모동),경기도 시흥시 거모동 589-9,15044,031-497-6586,37.3571729720,126.7726526900,,20070409,,,,179785.0084927260,428369.1989560090,노래연습장업,유통관련업,3,,112.320,2,1,근린생활시설,,,,,N,N,N,N,N,N,,,,
케이노래연습장,영업중,20130514,"경기도 시흥시 오동마을로6번길 21 (정왕동,3층)",경기도 시흥시 정왕동 2322-5 3층,15049,,37.3520936122,126.7431757316,,,,,,177175.6179869740,427815.3718144540,노래연습장업,유통관련업,,,182.640,,,,,,,,,,,,,,,,,
케이노래연습장,폐업,20121123,"경기도 시흥시 오동마을로6번길 21  (정왕동,3층)",경기도 시흥시 정왕동 2322-5 3층,15049,,37.3520936122,126.7431757316,,20130513,,,,177175.6179869740,427815.3718144540,노래연습장업,유통관련업,5,주택가주변,182.640,,,근린생활시설,,,,,,,,,,,,,,일반주거지역
케이뮤직코인노래연습장,영업중,20240913,"경기도 시흥시 진말1로 18, 에스엠타워 203-204호 (장곡동)",경기도 시흥시 장곡동 934-4 에스엠타워,14996,,37.3778277752,126.7897005390,,,,,,181268.8752210920,430651.7765517470,노래연습장업,유통관련업,,,110.780,,,,,,15,,,,,Y,,,,,,
케이원노래연습장,폐업,20091202,"경기도 시흥시 중심상가3길 16,  302호 (정왕동)",경기도 시흥시 정왕동 1737-5 302호,15066,,37.3447754880,126.7363171939,,20111110,,,,176565.3851303500,427005.8232036340,노래연습장업,유통관련업,4,유흥업소밀집지역,197.000,4,,근린생활시설,1.00,40.000,5,,Y,Y,Y,,,Y,,,,중심상업지역
케이원노래연습장,허가취소,20051031,"경기도 시흥시 중심상가3길 16  (정왕동,3층)",경기도 시흥시 정왕동 1737-5 3층,15066,,37.3447754880,126.7363171939,20071120,,,,,176565.3851303500,427005.8232036340,노래연습장업,유통관련업,,유흥업소밀집지역,62.000,,,근린생활시설,,,,,N,N,N,N,N,N,,,,중심상업지역
코러스 노래연습장,폐업,19990526,"경기도 시흥시 시흥대로 1069-1  (신천동,지하1층)",경기도 시흥시 신천동 888-7 지하1층,14951,031-4312-0450,37.4315756478,126.7926403664,,20080226,,,,181574.7992193860,436624.8585179060,노래연습장업,유통관련업,,,66.000,,,근린생활시설,,,,,N,N,N,N,N,N,,,,
코러스 노래연습장,폐업,19980119,경기도 시흥시 신천로79번길 21  (신천동),경기도 시흥시 신천동 843-6,14949,031-318-1420,37.4373073718,126.7835094591,,20070525,,,,180770.1220884230,437262.4743448300,노래연습장업,유통관련업,,,,,,,,,,,N,N,N,N,N,N,,,,
코리아 노래연습장,영업중,19980922,"경기도 시흥시 월곶해안로 165 (월곶동,5층)",경기도 시흥시 월곶동 1014-7 5층,14963,,37.3884680444,126.7382351635,,,,,,176748.0792379020,431854.6631952530,노래연습장업,유통관련업,,,379.590,,,,,,10,,N,N,N,,N,N,,,,
코인홀릭동전노래연습장 은계점,영업중,20200212,"경기도 시흥시 은계번영길 25, 미림프라자 6층 607~608호 (은행동)",경기도 시흥시 은행동 646-11 미림프라자,14922,,37.4367806110,126.8039629429,,,,,,182581.5577890380,437200.2685954530,노래연습장업,유통관련업,,,105.400,,,,,,16,16,,,,Y,,,,,,
코코노래연습장,영업중,20030317,"경기도 시흥시 비둘기공원7길 52 (대야동,3층 302호(일부),303호)","경기도 시흥시 대야동 541-13 3층 302호(일부),303호",14912,,37.4418171487,126.7914813436,,,,,,181478.6549314040,437762.0150264940,노래연습장업,유통관련업,,,180.540,,,,1.00,40.000,7,1,Y,N,N,,N,N,,,,
코코코인노래연습장,영업중,20160708,"경기도 시흥시 중심상가3길 14, 3층 (정왕동, 이화프라자)",경기도 시흥시 정왕동 1737-4 3층,15066,,37.3449024731,126.7364400969,,,,,,176576.4167113440,427019.9910128130,노래연습장업,유통관련업,,,212.810,,,근린생활시설,,,26,26,Y,Y,,Y,,,,,,일반상업지역
콘서트노래연습장,폐업,20051201,"경기도 시흥시 신천로 90 (신천동,2층)",경기도 시흥시 신천동 770-3 2층,14950,,37.4386874187,126.7866501229,,20130909,,,,181015.3013902770,437383.3931137630,노래연습장업,유통관련업,,기타,150.000,,,근린생활시설,1.00,50.000,6,2,N,N,N,Y,N,N,,,,일반주거지역
콩 노래연습장,폐업,20001207,경기도 시흥시 옥구상가4길 24-1  (정왕동),경기도 시흥시 정왕동 1853-7,15040,031-431-0920,37.3524634067,126.7209964184,,20131004,,,,175207.9792037370,427860.1477453740,노래연습장업,유통관련업,,,,,,,,,,,N,N,N,,N,N,,,,
쿨노래연습장,영업중,20081211,"경기도 시흥시 신천3길 46 (신천동,지층)",경기도 시흥시 신천동 758-16 지층,14948,,37.4388174705,126.7813359906,,,,,,180579.5706268320,437432.2909527170,노래연습장업,유통관련업,4,주택가주변,122.410,3,1,근린생활시설,1.00,50.000,6,2,Y,Y,Y,,Y,N,,,,일반주거지역
쿨노래연습장,영업중,20161202,"경기도 시흥시 승지로60번길 20, 201,202호 (능곡동)",경기도 시흥시 능곡동 748 명프라자,14995,,37.3686934767,126.8119897207,,,,,,183276.9983334050,429642.2549591710,노래연습장업,유통관련업,8,,194.880,6,2,근린생활시설,1.00,,7,1,,Y,,,,,,,,
쿵쿵따 노래연습장,폐업,20031028,"경기도 시흥시 군서로28번길 8  (정왕동,(지하1))",경기도 시흥시 정왕동 1201-14 (지하1),15052,,37.3454812084,126.7494064473,,20150130,,,,177723.9084003010,427078.3658180370,노래연습장업,유통관련업,,주택가주변,132.200,,,근린생활시설,1.00,40.000,6,2,Y,N,Y,Y,Y,Y,,,,
퀸 노래연습장,폐업,20030118,"경기도 시흥시 옥구상가2길 23  (정왕동,4층)",경기도 시흥시 정왕동 1855-17 4층,15040,,37.3521959588,126.7228170318,,20061018,,,,175376.0749768850,427827.7612879370,노래연습장업,유통관련업,,,,,,,,,,,N,N,N,N,N,N,,,,
퀸노래연습장,영업중,20190322,"경기도 시흥시 목감남서로 9-29, 4층 401, 402호 (조남동)",경기도 시흥시 조남동 652-6,14988,,37.3781433888,126.8525313536,,,,,,186869.0939902010,430685.4752064620,노래연습장업,유통관련업,,,154.960,,,,,,10,10,,,,Y,,,,,,
큐 노래연습장,영업중,19970418,"경기도 시흥시 동서로 1084, 지하층 (목감동)",경기도 시흥시 목감동 241 지하층호,14984,,37.3855041575,126.8601832807,,,,,,187547.2815361120,431500.4417388110,노래연습장업,유통관련업,,아파트지역,79.520,,,,,,1,,N,N,N,,N,N,,,,
큐 노래연습장,폐업,19970416,경기도 시흥시 신천3길 21  (신천동),경기도 시흥시 신천동 761-3,14948,,37.4389139562,126.7838671754,,20120207,,,,180802.5080414690,437441.2481151410,노래연습장업,유통관련업,,,117.980,,,근린생활시설,,,,,N,N,N,Y,N,N,,,,
큐노래연습장,영업중,20121128,"경기도 시흥시 신천3길 21 (신천동,지층)",경기도 시흥시 신천동 761-3 지층,14948,,37.4389139562,126.7838671754,,,,,,180802.5080414690,437441.2481151410,노래연습장업,유통관련업,,주택가주변,117.980,,,근린생활시설,,,1,,,,,,,,,,,일반주거지역
클릭 노래연습장,폐업,20020806,"경기도 시흥시 중심상가로 34  (정왕동,(4층))",경기도 시흥시 정왕동 1855-2 (4층),15040,031-432-2824,37.3527956038,126.7221672580,,20061102,,,,175313.4686931890,427898.0236147590,노래연습장업,유통관련업,4,유흥업소밀집지역,,4,,근린생활시설,,,,,N,N,N,N,N,N,,,,
키스 노래연습장,폐업,19980826,"경기도 시흥시 월곶해안로 175,  301,302호 (월곶동)","경기도 시흥시 월곶동 1015-2 301,302호",14963,031-318-3345,37.3881226445,126.7391875551,,20141002,,,,176832.8491224540,431812.3074041820,노래연습장업,유통관련업,,,164.020,,,근린생활시설,,,,,N,N,N,N,N,N,,,,
키스노래연습장,등록취소,20040810,"경기도 시흥시 봉우재로51번길 2  (정왕동,2층)",경기도 시흥시 정왕동 1837-4 2층,15053,,37.3472228588,126.7454713876,20100104,,,,,177374.5847862880,427275.1518532360,노래연습장업,유통관련업,5,기타,137.750,,,근린생활시설,,,,,N,N,N,,N,N,,,,일반주거지역
키스노래연습장,폐업,20110112,"경기도 시흥시 봉우재로51번길 2 (정왕동,2층)",경기도 시흥시 정왕동 1837-4 2층,15053,,37.3472228588,126.7454713876,,20240521,,,,177374.5847862880,427275.1518532360,노래연습장업,유통관련업,5,주택가주변,172.850,5,,근린생활시설,1.00,40.000,5,,,Y,,,,,,,,일반주거지역
키스키스 노래연습장,영업중,20030707,"경기도 시흥시 오이도로135번길 33 (정왕동,(4층))",경기도 시흥시 정왕동 2004-1 (4층),15015,,37.3453310614,126.6884421511,,,,,,172323.9273557640,427078.1654382340,노래연습장업,유통관련업,,주택가주변,165.260,,,근린생활시설,1.00,35.000,6,,N,Y,Y,,N,Y,,,,
킹 노래연습장,폐업,20030529,"경기도 시흥시 평안상가4길 16-2  (정왕동,(3층))",경기도 시흥시 정왕동 1625 (3층),15062,,37.3378976531,126.7489287682,,20061026,,,,177681.7464163210,426235.3306208340,노래연습장업,유통관련업,,유흥업소밀집지역,,,,근린생활시설,1.00,30.000,6,,N,Y,Y,N,N,Y,,,,
킹 노래연습장,폐업,19980722,경기도 시흥시 신천로 95  (신천동),경기도 시흥시 신천동 766-3,14949,031-315-3553,37.4389808910,126.7859917014,,20080226,,,,180993.0042877260,437451.6015898080,노래연습장업,유통관련업,,,,,,근린생활시설,,,,,N,N,N,N,N,Y,,,,
킹노래연습장,영업중,20221107,"경기도 시흥시 솔고개길 4-7, 3층 301,302,303호 (목감동)",경기도 시흥시 목감동 407-3,14985,,37.3826024486,126.8619813516,,,,,,187707.0488121130,431178.3152812110,노래연습장업,유통관련업,,,275.690,,,,,,12,12,,,,Y,,,,,,
킹카노래연습장,영업중,20020724,"경기도 시흥시 호현로21번길 9 (신천동,지층)",경기도 시흥시 신천동 706-4 지층,14904,,37.4423651329,126.7836986295,,,,,,180787.0299521870,437822.6548705290,노래연습장업,유통관련업,,,135.280,,,,,,5,,N,N,N,,N,N,,,,
킹카노래연습장,폐업,20101214,"경기도 시흥시 봉우재로 51-1 (정왕동,2층)",경기도 시흥시 정왕동 1837-2 2층,15053,,37.3474223713,126.7456613260,,20251231,,,,177392.4497388590,427298.0578292730,노래연습장업,유통관련업,5,주택가주변,165.330,5,,근린생활시설,1.00,40.000,5,,Y,Y,,,,,,,,일반주거지역
킹카노래연습장,폐업,20080430,"경기도 시흥시 봉우재로 51-1  (정왕동,2층)",경기도 시흥시 정왕동 1837-2 2층,15053,,37.3474223713,126.7456613260,,20101201,,,,177392.4497388590,427298.0578292730,노래연습장업,유통관련업,5,주택가주변,165.330,5,,근린생활시설,1.00,50.000,5,,Y,Y,Y,N,Y,Y,,,,일반주거지역
타임 노래연습장,폐업,20030117,경기도 시흥시 비둘기공원5길 23-1  (대야동),경기도 시흥시 대야동 540-3,14912,,37.4419441374,126.7901123002,,20080118,,,,181354.5345851690,437775.1941216220,노래연습장업,유통관련업,5,유흥업소밀집지역,,5,,근린생활시설,,,,,N,Y,N,N,N,Y,,,,
탈랜트 노래연습장,등록취소,20020812,,경기도 시흥시 정왕동 1394 (지하2층),15025,031-433-6100,37.3532555334,126.7346392386,20081201,,,,,176474.9009255750,427958.0093958180,노래연습장업,유통관련업,5,아파트지역,,3,2,근린생활시설,,,,,N,N,N,Y,N,N,,,,
탈랜트 노래연습장,영업중,20011217,"경기도 시흥시 월곶해안로 107  (월곶동,한일프라자 2층)",경기도 시흥시 월곶동 1013-3 한일프라자 2층,14963,,37.3892448887,126.7343073976,,,,,,176405.4367110340,431937.7127917620,노래연습장업,유통관련업,4,,120.980,4,,근린생활시설,,,,,N,N,N,N,N,N,,,,
탈랜트 노래연습장,폐업,19990420,"경기도 시흥시 정왕천로411번길 18  (정왕동,지하)",경기도 시흥시 정왕동 1192-6 지하,15052,031-496-9700,37.3452900772,126.7505373476,,20090609,,,,177824.2532429530,427058.4330363830,노래연습장업,유통관련업,,,,,,근린생활시설,,,,,N,N,N,,N,N,,,,
탈렌트노래연습장,영업중,20130904,"경기도 시흥시 정왕신길로 141, 지층 205호 (정왕동, 아주아파트(상가동))",경기도 시흥시 정왕동 1394 아주아파트 상가동 B205호,15025,,37.3532555334,126.7346392386,,,,,,176474.9009255750,427958.0093958180,노래연습장업,유통관련업,,,197.300,,,,,,9,,,,,,,,,,,
탈렌트노래연습장,폐업,20110401,,경기도 시흥시 정왕동 1394 아주아파트 상가 지하2층 B205호,15119,,,,,20130903,,,,176474.9009255750,427958.0093958180,노래연습장업,유통관련업,5,아파트지역,279.150,3,2,근린생활시설,1.00,40.000,7,,Y,Y,,,,,,,,일반주거지역
탑,폐업,19990401,"경기도 시흥시 도일로 110-2  (거모동,203호)",경기도 시흥시 거모동 1658-19 203호,15069,031-495-4314,37.3403238290,126.7840593148,,20150507,,,,180783.7275637700,426492.3275605740,노래연습장업,유통관련업,,,159.800,,,근린생활시설,,,,,N,N,N,N,N,N,,,,
탑노래연습장,영업중,20171221,"경기도 시흥시 목감우회로 45, 한울플러스 406,407호 (목감동)",경기도 시흥시 목감동 403-3 한울플러스,14985,,37.3820288176,126.8609131341,,,,,,187624.0282475910,431118.5049330590,노래연습장업,유통관련업,10,기타,108.000,7,3,근린생활시설,,,6,1,,Y,,Y,,,,,,상업지역
탑노래연습장,영업중,19930917,경기도 시흥시 신천2길 25 (신천동),경기도 시흥시 신천동 751-25,14947,031-314-3365,37.4390147246,126.7796837106,,,,,,180432.0567789670,437452.5288892160,노래연습장업,유통관련업,,,147.310,,,,,,7,,Y,Y,Y,,Y,Y,,,,
태현 노래연습장,폐업,19980507,,경기도 시흥시 미산동 703-4,14957,031-315-4370,,,,20071002,,,,,,노래연습장업,유통관련업,,,,,,,,,,,N,N,N,N,N,N,,,,
터보 노래연습장,폐업,19990803,,경기도 시흥시 은행동 289-85,14921,031-313-7689,,,,20020605,,,,,,노래연습장업,유통관련업,,,,,,,,,,,N,N,N,N,N,N,,,,
테마 노래연습장,영업중,20030918,"경기도 시흥시 장곡로37번길 7 (장곡동,(5층))",경기도 시흥시 장곡동 820-1 (5층),15002,,37.3785911853,126.7847574272,,,,,,180866.7493891440,430745.6240444120,노래연습장업,유통관련업,,아파트지역,281.900,,,근린생활시설,1.00,70.000,9,1,N,Y,N,Y,N,Y,,,,
테마 노래연습장,영업중,20041016,"경기도 시흥시 월곶중앙로 61 (월곶동,4층)",경기도 시흥시 월곶동 1014-2 4층,14963,,37.3886669861,126.7383348187,,,,,,176757.4907620970,431873.4468047470,노래연습장업,유통관련업,,기타,152.900,,,근린생활시설,,,7,,,,,,,,,,,준주거지역
테마노래연습장,폐업,20061207,"경기도 시흥시 협력로 281 (정왕동,C동 109,110,111호)","경기도 시흥시 정왕동 2164-2 C동 109,110,111호",15080,,37.3516251323,126.7155402835,,20210429,,,,174676.9329014930,427814.3396908030,노래연습장업,유통관련업,,기타,184.860,,,근린생활시설,1.00,30.000,7,,N,N,N,,N,N,,,,준공업지역
테크노 노래연습장,폐업,20020316,"경기도 시흥시 비둘기공원5길 6  (대야동,지엘프라자 4층)",경기도 시흥시 대야동 532-3 지엘프라자 4층,14912,031-315-2234,37.4436053234,126.7905601007,,20080403,,,,181395.3157973240,437959.1727866010,노래연습장업,유통관련업,,유흥업소밀집지역,,,,근린생활시설,,,,,Y,Y,N,N,N,Y,,,,
토마토 노래연습장,영업중,19991110,"경기도 시흥시 옥구상가2길 4 (정왕동,202호)",경기도 시흥시 정왕동 1861-4 202호,15040,031-499-7780,37.3539162976,126.7239961677,,,,,,175472.9157814360,428022.9289844830,노래연습장업,유통관련업,,,164.970,,,,,,9,1,N,N,N,Y,N,N,,,,
토마토 노래연습장,영업중,20030829,"경기도 시흥시 한우물로 1, 2층호 (거모동)",경기도 시흥시 거모동 1754-3 외1필지 2층,15070,,37.3427530923,126.7848152362,,,,,,180856.4863577980,426781.3322601610,노래연습장업,유통관련업,,주택가주변,115.500,2,,근린생활시설,1.00,30.000,6,3,N,Y,N,,Y,Y,,,,
토마토노래연습장,영업중,20031223,"경기도 시흥시 은행로 86, 206호 (은행동)",경기도 시흥시 은행동 547-4 206호,14916,,37.4392911141,126.7971459146,,,,,,181977.3517956710,437476.2029596020,노래연습장업,유통관련업,,아파트지역,159.120,,,근린생활시설,1.00,50.000,8,,Y,N,Y,,Y,Y,,,,
토마토노래연습장,영업중,20020822,"경기도 시흥시 정왕시장길 52 (정왕동,2층 216,217호)","경기도 시흥시 정왕동 1202 2층 216,217호",15052,031-497-3846,37.3455685452,126.7489652672,,,,,,177684.9537522750,427088.4076865390,노래연습장업,유통관련업,,주택가주변,161.280,,,근린생활시설,,,7,,N,N,N,,N,N,,,,
톡톡노래연습장,영업중,20040217,"경기도 시흥시 평안상가4길 22 (정왕동,해동(빌)지하1층)",경기도 시흥시 정왕동 1626 해동(빌)지하1층,15062,,37.3375053012,126.7495987151,,,,,,177735.9407684890,426188.0948731490,노래연습장업,유통관련업,,유흥업소밀집지역,63.740,,,,,,3,1,,,,Y,,,,,,일반주거지역
투투 노래연습장,폐업,20030904,"경기도 시흥시 중심상가로 317  (정왕동,(2층))",경기도 시흥시 정왕동 1624-8 (2층),15062,,37.3375831016,126.7476562636,,20080402,,,,177567.9100337200,426203.6741758090,노래연습장업,유통관련업,,유흥업소밀집지역,256.800,,,근린생활시설,1.00,30.000,6,,N,Y,N,N,N,Y,,,,
투투노래연습장,영업중,20151116,"경기도 시흥시 호현로10번길 15-5, 4층 (신천동)",경기도 시흥시 신천동 707-20 4층,14910,031-311-2434,37.4414986014,126.7849842919,,,,,,180902.1940960290,437728.0108425430,노래연습장업,유통관련업,,,170.380,,,근린생활시설,,,8,8,,,,Y,,,,,,일반상업지역
트윈스 노래연습장,직권말소,19991230,경기도 시흥시 비둘기공원7길 45  (대야동),경기도 시흥시 대야동 545-2,14912,,37.4420193646,126.7921350993,,20090206,,,,181529.4788355330,437774.9811175570,노래연습장업,유통관련업,,,,,,근린생활시설,,,,,N,N,N,N,N,N,,,,
특급 노래연습장,영업중,20010821,"경기도 시흥시 중심상가3길 26 (정왕동,4층 402,403호)","경기도 시흥시 정왕동 1742-7 4층 402,403호",15066,031-499-7227,37.3440678727,126.7356131039,,,,,,176503.8079430720,426926.7482466960,노래연습장업,유통관련업,6,유흥업소밀집지역,252.210,4,2,근린생활시설,1.00,40.000,5,2,Y,Y,N,Y,N,N,,,,중심상업지역
티파니 노래연습장,영업중,20021015,"경기도 시흥시 오이도로 167, 209호 (정왕동,2층)",경기도 시흥시 정왕동 2003-8 2층 209호,15015,,37.3458883179,126.6882103529,,,,,,172304.5062353470,427138.2093966130,노래연습장업,유통관련업,,,220.540,,,,,,6,,N,N,N,,N,N,,,,
팅커벨노래연습장,영업중,20041213,"경기도 시흥시 봉우재로 58 (정왕동,지층)",경기도 시흥시 정왕동 1209-15 지층,15052,,37.3475077350,126.7463266001,,,,,,177451.0458348940,427305.9280687000,노래연습장업,유통관련업,,기타,122.850,,,근린생활시설,,,4,1,N,N,N,,N,N,,,,일반주거지역
파도 노래연습장,폐업,20020530,경기도 시흥시 월곶중앙로14번길 24  (월곶동),경기도 시흥시 월곶동 993-2,14968,,37.3890853161,126.7445323851,,20040527,,,,177302.5296784140,431917.5546463330,노래연습장업,유통관련업,4,,,3,1,근린생활시설,,,,,N,N,N,N,N,N,,,,
파랑새 노래연습장,영업중,19970918,"경기도 시흥시 검바위2로 23 (은행동,지하)",경기도 시흥시 은행동 293-12 지하,14921,031-313-6918,37.4313150707,126.7957963321,,,,,,181855.7448090210,436595.1756343160,노래연습장업,유통관련업,2,,69.460,2,,근린생활시설,,,1,,N,N,N,,N,N,,,,
파브 노래연습장,영업중,20010502,경기도 시흥시 서촌상가2길 15  (정왕동),경기도 시흥시 정왕동 1728-16,15036,031-432-1060,37.3465865270,126.7334198604,,,,,,176311.2364519560,427203.2612090860,노래연습장업,유통관련업,,,127.830,,,,,,,,N,N,N,N,N,N,,,,
파브 노래연습장,폐업,20011109,"경기도 시흥시 진말로9번길 2  (장곡동,(5층))",경기도 시흥시 장곡동 820-3 (5층),15002,031-506-1717,37.3784680740,126.7852668701,,20060911,,,,180903.0895898950,430743.5609299670,노래연습장업,유통관련업,,아파트지역,,,,,,,,,N,N,N,N,N,N,,,,
파인힐노래연습장,영업중,20181030,"경기도 시흥시 마유로 226, 파인힐 오피스텔 지하1층 (정왕동)",경기도 시흥시 정왕동 1366-14 파인힐 오피스텔,15079,,37.3376764880,126.7285659225,,,,,,175875.7800621890,426217.2702245910,노래연습장업,유통관련업,,,210.580,,,,,,7,,,,,Y,,,,,,
파인힐노래연습장,직권말소,20040702,"경기도 시흥시 마유로 226  (정왕동,파인힐(오)B동B01호)",경기도 시흥시 정왕동 1366-14 파인힐(오)B동B01호,15079,,37.3376764880,126.7285659225,,20121226,,,,175875.7800621890,426217.2702245910,노래연습장업,유통관련업,,기타,193.060,,,근린생활시설,1.00,50.000,,,N,N,N,Y,N,N,,,,준공업지역
파인힐노래연습장,폐업,20121228,"경기도 시흥시 마유로 226 (정왕동,지하1층 B01호)",경기도 시흥시 정왕동 1366-14 지하1층 B01호,15079,,37.3376764880,126.7285659225,,20180807,,,,175875.7800621890,426217.2702245910,노래연습장업,유통관련업,,기타,210.580,,,근린생활시설,,,7,1,,,,Y,,,,,,준공업지역
파크 노래연습장,영업중,20011020,경기도 시흥시 오이도로157번길 16 (정왕동),경기도 시흥시 정왕동 1997-1,15015,,37.3464509562,126.6900784531,,,,,,172468.8527265430,427202.4519653840,노래연습장업,유통관련업,,,130.700,,,,,,5,,N,N,N,,N,N,,,,
파트너노래연습장,등록취소,20121128,"경기도 시흥시 수인로3395번길 18-1 (신천동,2층)",경기도 시흥시 신천동 755-23 2층,14948,,37.4401136308,126.7810409889,20140527,,,,,180555.8075710610,437569.4112771720,노래연습장업,유통관련업,,주택가주변,167.580,,,근린생활시설,,,5,,,,,Y,,,,,,일반주거지역
파트너노래연습장,영업중,20150604,"경기도 시흥시 수인로3395번길 18-1, 2층 201호 (신천동)",경기도 시흥시 신천동 755-23 2층 201호,14948,,37.4401136308,126.7810409889,,,,,,180555.8075710610,437569.4112771720,노래연습장업,유통관련업,,,145.260,,,,,,5,1,,,,,,,,,,일반주거지역
파티노래연습장,영업중,20081022,"경기도 시흥시 정왕천로411번길 52 (정왕동,지층)",경기도 시흥시 정왕동 1184-5 지층,15052,,37.3471727111,126.7475041357,,,,,,177556.7535440590,427267.9246407400,노래연습장업,유통관련업,5,주택가주변,140.120,4,1,근린생활시설,1.00,50.000,5,1,Y,Y,Y,,Y,N,,,,일반주거지역
파티파티 노래연습장,영업중,20011020,경기도 시흥시 호현로85번길 1 (대야동),경기도 시흥시 대야동 464-10,14905,031-404-1453,37.4469749165,126.7873175856,,,,,,181108.9754995990,438335.3806420170,노래연습장업,유통관련업,,,136.170,,,근린생활시설,,,5,,N,N,N,,N,N,,,,
파티파티노래연습장,영업중,20030106,"경기도 시흥시 중심상가로 161 (정왕동,(5층))",경기도 시흥시 정왕동 1728-20 (5층),15036,031-497-1760,37.3460759255,126.7339105251,,,,,,176353.8017464710,427148.7243124700,노래연습장업,유통관련업,7,유흥업소밀집지역,48.360,5,2,근린생활시설,,,1,,N,N,N,Y,N,N,,,,
파파노래연습장,폐업,20050908,"경기도 시흥시 중심상가3길 11  (정왕동,3층)",경기도 시흥시 정왕동 1737-13 3층,15066,,37.3450145635,126.7370486178,,20080709,,,,176632.5627183350,427026.9772851360,노래연습장업,유통관련업,,유흥업소밀집지역,224.480,,,근린생활시설,,,,,N,N,N,N,N,N,,,,중심상업지역
판타스틱코인노래연습장,영업중,20230504,"경기도 시흥시 황고개로 531, 204호 (장곡동)",경기도 시흥시 장곡동 895-5,15002,,37.3781636221,126.7885904684,,,,,,181169.7401022570,430726.1621955210,노래연습장업,유통관련업,,,86.640,,,,,,12,,,,,Y,,,,,,
팝싱어노래연습장,영업중,20230804,"경기도 시흥시 서울대학로278번길 26, 시흥배곧 아브뉴프랑 센트럴 오렌지 227, 228호 (배곧동)",경기도 시흥시 배곧동 215 시흥배곧 아브뉴프랑 센트럴 오렌지,15011,,37.3689041270,126.7278397154,,,,,,175820.4213305170,429682.1352987070,노래연습장업,유통관련업,,,,,,,,,15,,,,,Y,,,,,,
팝콘노래연습장,영업중,20001227,"경기도 시흥시 오이도로 247 (정왕동,(5층))",경기도 시흥시 정왕동 2042-17 (5층),15015,,37.3407658824,126.6891347679,,,,,,172383.0333003300,426573.1112610670,노래연습장업,유통관련업,,주택가주변,132.960,5,,,,130.000,5,1,N,Y,N,Y,N,N,,,,
팡팡 노래연습장,영업중,20010809,경기도 시흥시 오이도로 111-1 (정왕동),경기도 시흥시 정왕동 1978-6,15015,031-433-8592,37.3478240413,126.6918362827,,,,,,172624.2555003140,427351.9446951240,노래연습장업,유통관련업,,,131.010,,,,,,6,,N,N,N,,N,N,,,,
팡팡 노래연습장,폐업,19980115,경기도 시흥시 월곶중앙로46번길 11  (월곶동),경기도 시흥시 월곶동 1005-8,14966,031-318-3670,37.3892323273,126.7407465623,,20061231,,,,176970.7942110850,431935.5082005460,노래연습장업,유통관련업,,,,,,근린생활시설,,,,,N,N,N,Y,N,N,,,,
팡팡 노래연습장,폐업,20010413,경기도 시흥시 뱀내장터로 2 (신천동),경기도 시흥시 신천동 707-71,14910,031-314-8673,37.4424636818,126.7850881542,,20240827,,,,180911.5839029700,437834.7172194690,노래연습장업,유통관련업,,,112.020,,,근린생활시설,,,4,,N,N,N,,N,N,,,,
팡팡 노래연습장,폐업,19981001,"경기도 시흥시 정왕신길로49번길 59  (정왕동,덕경(빌)3층)",경기도 시흥시 정왕동 1882-10 덕경(빌)3층,15020,,37.3625913917,126.7301177462,,20070119,,,,176019.6138837940,428984.1838179030,노래연습장업,유통관련업,,,,,,,,,,,N,N,N,N,N,N,,,,
팡팡 노래연습장,폐업,19990402,경기도 시흥시 대은로 79  (대야동),경기도 시흥시 대야동 573-3,14914,031-318-8514,37.4445906680,126.7970737316,,20070316,,,,181973.7548709690,438066.6817030190,노래연습장업,유통관련업,,,,,,근린생활시설,,,,,N,N,N,N,N,N,,,,
팡팡노래연습장,영업중,20210209,"경기도 시흥시 은계번영길 21, 은계 유테라스 3층 306호 (은행동)",경기도 시흥시 은행동 646-9 은계 유테라스,14922,,37.4372099101,126.8033937765,,,,,,182530.6484195370,437247.0100066350,노래연습장업,유통관련업,,,113.950,,,,,,6,6,,,,Y,,,,,,
팡팡노래연습장,영업중,20131008,"경기도 시흥시 마유로418번길 12, 2층호 (정왕동)",경기도 시흥시 정왕동 2327-4 2층호,15049,,37.3513937486,126.7422681959,,,,,,177093.5653600250,427737.4806054010,노래연습장업,유통관련업,,,295.560,,,,,,9,,,,,,,,,,,
팡팡노래연습장,영업중,20010714,"경기도 시흥시 군자로 500-1 (거모동,3층)",경기도 시흥시 거모동 1733-7 3층,15071,,37.3453831720,126.7844967510,,,,,,180835.0498438100,427060.7109441230,노래연습장업,유통관련업,,,199.500,,,근린생활시설,,,8,,N,N,N,,N,N,,,,
팡팡노래연습장,영업중,19981229,"경기도 시흥시 동서로 1109, 안산농협 목감지점 지층 (논곡동)",경기도 시흥시 논곡동 160-7 안산농협 목감지점,14984,,37.3879784372,126.8610207842,,,,,,187564.3635334600,431760.8027194520,노래연습장업,유통관련업,,,142.140,,,,,,6,,N,N,N,,N,N,,,,
팡팡노래연습장,영업중,20030514,"경기도 시흥시 군서마을로 38 (정왕동,(지하))",경기도 시흥시 정왕동 1212-10 (지하),15052,,37.3453622941,126.7477141330,,,,,,177575.6217762140,427066.4727735370,노래연습장업,유통관련업,,주택가주변,132.500,,,근린생활시설,1.00,40.000,5,,N,Y,N,,N,N,,,,
팡팡노래연습장,영업중,20141104,"경기도 시흥시 월곶중앙로14번길 45, 201호 (월곶동)",경기도 시흥시 월곶동 999-4 201호,14966,,37.3903354372,126.7426897702,,,,,,177140.9548593890,432063.9266993360,노래연습장업,유통관련업,,,200.660,,,근린생활시설,,,8,,,,,,,,,,,상업지역
팡팡노래연습장,영업중,20230120,"경기도 시흥시 능곡번영길 33, 301, 302호 (능곡동)",경기도 시흥시 능곡동 211-1,14999,,37.3694565706,126.8068328533,,,,,,182797.6028155960,429736.6121727130,노래연습장업,유통관련업,,,126.040,,,,,,7,,,,,,,,,,,
팡팡노래연습장,폐업,20041221,"경기도 시흥시 동서로 1109, 안산농협 목감지점 지하1층 (논곡동)",경기도 시흥시 논곡동 160-7 안산농협 목감지점,14984,,37.3879784372,126.8610207842,,20210902,,,,187564.3635334600,431760.8027194520,노래연습장업,유통관련업,,기타,141.750,,,근린생활시설,,,1,,,,,,,,,,,일반주거지역
팡팡노래연습장,폐업,20020704,"경기도 시흥시 호현로 11  (신천동,2층)",경기도 시흥시 신천동 706-10 2층,14904,,37.4419966254,126.7838717102,,20130310,,,,180803.0787322030,437789.8203523510,노래연습장업,유통관련업,5,,132.000,,,근린생활시설,1.00,40.000,6,2,Y,Y,N,Y,N,N,,,,
팡팡노래연습장,폐업,20190925,"경기도 시흥시 은계번영길 21, 은계 유테라스 3층 306호 (은행동)",경기도 시흥시 은행동 646-9 은계 유테라스,14922,,37.4372099101,126.8033937765,,20210202,,,,182530.6484195370,437247.0100066350,노래연습장업,유통관련업,,,113.960,,,,,,6,,,,,Y,,,,,,
팡팡노래연습장,폐업,20111115,"경기도 시흥시 마유로418번길 12, 2층 (정왕동)",경기도 시흥시 정왕동 2327-4,15049,,37.3513937486,126.7422681959,,20131007,,,,177093.5653600250,427737.4806054010,노래연습장업,유통관련업,,,295.560,,,,,,9,,,,,,,,,,,
팡팡코인노래연습장,영업중,20230721,"경기도 시흥시 은계중앙로 250, 301, 302, 303호 (은행동)",경기도 시흥시 은행동 608-3,14923,,37.4461820620,126.8040115137,,,,,,182586.5736219810,438222.3590486310,노래연습장업,유통관련업,,,159.980,,,,,,17,17,,,,Y,,,,,,
포동 노래연습장,영업중,20030416,"경기도 시흥시 신현로38번길 22 (포동,(2층))",경기도 시흥시 포동 13-9 (2층),14957,,37.4075046773,126.7843809470,,,,,,180841.3700446090,433955.5318505360,노래연습장업,유통관련업,,아파트지역,155.790,,,근린생활시설,1.00,,6,1,N,Y,N,Y,N,Y,,,,
포인트 노래연습장,폐업,19991025,경기도 시흥시 군서로28번길 8  (정왕동),경기도 시흥시 정왕동 1201-14,15052,031-433-5942,37.3454812084,126.7494064473,,20081104,,,,177723.9084003010,427078.3658180370,노래연습장업,유통관련업,,,,,,,,,,,N,N,N,N,N,N,,,,
풀하우스노래연습장,직권말소,20041021,"경기도 시흥시 호현로22번길 14  (신천동,2층)",경기도 시흥시 신천동 708-4 2층,14910,,37.4412318327,126.7855859636,,20090206,,,,180955.2625206290,437697.7904709390,노래연습장업,유통관련업,,유흥업소밀집지역,104.000,,,근린생활시설,,,,,N,N,N,N,N,N,,,,일반상업지역
풀하우스노래연습장,폐업,20090327,"경기도 시흥시 호현로22번길 14  (신천동,2층)",경기도 시흥시 신천동 708-4 2층,14910,,37.4412318327,126.7855859636,,20150203,,,,180955.2625206290,437697.7904709390,노래연습장업,유통관련업,5,학교정화(상대),128.340,5,,근린생활시설,1.00,50.000,4,,Y,Y,Y,,,,,,,일반상업지역
풍각쟁이노래연습장,영업중,20040120,"경기도 시흥시 하중로 195 (하중동,3층)",경기도 시흥시 하중동 856-3 3층,14976,,37.3942322182,126.8047971830,,,,,,182640.7893362070,432482.9299896480,노래연습장업,유통관련업,,기타,170.280,,,근린생활시설,,,8,,,,,Y,,,,,,준주거지역
프라임 노래연습장,영업중,20020927,"경기도 시흥시 평안상가3길 12  (정왕동,(3층))",경기도 시흥시 정왕동 1627-2 (3층),15062,031-319-0004,37.3369562156,126.7497170651,,,,,,177748.9290908350,426135.0073707980,노래연습장업,유통관련업,4,유흥업소밀집지역,,4,,근린생활시설,,,,,N,N,N,N,N,N,,,,
프라자 노래연습장,폐업,20030128,"경기도 시흥시 수인로 3372  (신천동,(지하1))",경기도 시흥시 신천동 712-9 (지하1),14910,,37.4411251667,126.7843434953,,20080328,,,,180846.3235963690,437687.8502397160,노래연습장업,유통관련업,,유흥업소밀집지역,,,,위험물저장시설,1.00,35.000,,,N,Y,N,N,N,Y,,,,
프라자노래연습장,영업중,20080414,"경기도 시흥시 수인로 3372 (신천동,지1층)",경기도 시흥시 신천동 712-9 지1층,14910,,37.4411251667,126.7843434953,,,,,,180846.3235963690,437687.8502397160,노래연습장업,유통관련업,12,유흥업소밀집지역,158.760,10,2,근린생활시설,1.00,50.000,6,,Y,Y,Y,,Y,Y,,,,일반상업지역
프랜드노래연습장,폐업,20081208,"경기도 시흥시 함송로14번길 5-8  (정왕동,303호)",경기도 시흥시 정왕동 1884-1 303호,15020,,37.3632554908,126.7296705477,,20210128,,,,175981.4292622640,429056.9023145690,노래연습장업,유통관련업,4,유흥업소밀집지역,92.450,4,,근린생활시설,1.00,50.000,2,,Y,Y,Y,N,Y,N,,,,상업지역
피닉스 노래연습장,폐업,19970531,"경기도 시흥시 복지로 105-6, 지하1층 (대야동)",경기도 시흥시 대야동 345-13,14906,031-315-3929,37.4485991697,126.7921183255,,20240329,,,,181534.5728764140,438513.9341021900,노래연습장업,유통관련업,,,104.160,,,근린생활시설,,,6,,N,N,N,,N,N,,,,
피닉스노래연습장,영업중,20020615,"경기도 시흥시 다솜마을2길 4 (정왕동,(2층))",경기도 시흥시 정왕동 1801 (2층),15054,031-431-5694,37.3500382689,126.7403285317,,,,,,176922.4634298900,427591.9382884810,노래연습장업,유통관련업,6,주택가주변,97.110,5,1,근린생활시설,,,1,,N,N,N,,N,N,,,,
피디피 노래연습장,폐업,20051011,"경기도 시흥시 중심상가3길 12  (정왕동,2층)",경기도 시흥시 정왕동 1737-3 2층,15066,,37.3450659475,126.7366303704,,20100611,,,,176589.9272159280,427037.3367677890,노래연습장업,유통관련업,,유흥업소밀집지역,135.000,,,근린생활시설,,,,,N,N,N,N,N,N,,,,중심상업지역
필 노래연습장,폐업,20081106,"경기도 시흥시 신천3길 34  (신천동,2층)",경기도 시흥시 신천동 758-7 2층,14948,,37.4387787237,126.7823763319,,20120215,,,,180670.5817102540,437427.1159387540,노래연습장업,유통관련업,4,주택가주변,90.080,3,1,근린생활시설,2.00,50.000,5,2,Y,Y,Y,Y,Y,N,,,,일반주거지역
필노래연습장,영업중,20130808,"경기도 시흥시 오동마을로6번길 10-1 (정왕동,2층)",경기도 시흥시 정왕동 2320-6 2층,15049,,37.3525164070,126.7416359036,,,,,,177037.9375515730,427862.6605853940,노래연습장업,유통관련업,,,142.800,,,,,,5,,,,,,,,,,,
필노래연습장,영업중,20121128,"경기도 시흥시 신천3길 34 (신천동,2층)",경기도 시흥시 신천동 758-7 2층,14948,,37.4387787237,126.7823763319,,,,,,180670.5817102540,437427.1159387540,노래연습장업,유통관련업,,주택가주변,90.080,,,근린생활시설,,,5,,,,,,,,,,,일반주거지역
하나노래연습장,폐업,20151125,"경기도 시흥시 서울대학로278번길 19-14, 3층 303호 (정왕동)",경기도 시흥시 정왕동 1772-23 303호,15011,,37.3701623935,126.7286625518,,20190520,,,,175894.0792336290,429822.5526877700,노래연습장업,유통관련업,,,201.600,,,,,,10,1,,,,Y,,,,,,
하모니 노래연습장,영업중,19981112,"경기도 시흥시 삼미시장2길 36, B102호 (신천동)",경기도 시흥시 신천동 739-14,14948,031-314-3711,37.4401574151,126.7837988042,,,,,,180799.7664303640,437577.3882841550,노래연습장업,유통관련업,,,162.750,,,근린생활시설,,,5,,N,N,N,,N,Y,,,,
하모니 노래연습장,폐업,20031113,"경기도 시흥시 정왕천로423번길 3  (정왕동,(지하1))",경기도 시흥시 정왕동 1195 (지하1),15052,,37.3452841942,126.7524567022,,20101105,,,,177995.3412927220,427057.1319638980,노래연습장업,유통관련업,,주택가주변,126.040,,,근린생활시설,2.00,40.000,5,,Y,N,N,,N,Y,,,,
하모니노래연습장,영업중,19971226,"경기도 시흥시 군서마을로 30 (정왕동,지층)",경기도 시흥시 정왕동 1213-18 지층,15052,,37.3449163021,126.7484524273,,,,,,177639.7135720420,427016.5448995070,노래연습장업,유통관련업,,,129.000,,,,,,,,N,N,N,,N,N,,,,
하모니노래연습장,영업중,20101201,"경기도 시흥시 정왕천로423번길 3 (정왕동,지하1층)",경기도 시흥시 정왕동 1195 지하1층,15052,,37.3452841942,126.7524567022,,,,,,177995.3412927220,427057.1319638980,노래연습장업,유통관련업,5,주택가주변,126.040,4,1,근린생활시설,1.00,40.000,5,,Y,Y,,,,,,,,일반주거지역
하우젠 노래연습장,폐업,20040119,"경기도 시흥시 옥구상가2길 10-1  (정왕동,3층)",경기도 시흥시 정왕동 1859-2 3층,15040,,37.3533722539,126.7235049568,,20061013,,,,175430.6521178630,427962.6450651820,노래연습장업,유통관련업,,유흥업소밀집지역,,,,근린생활시설,,,,,N,N,N,N,N,N,,,,일반상업지역
하중노래연습장,영업중,20131113,"경기도 시흥시 하중로 130-1, 1층호 (하중동)",경기도 시흥시 하중동 829-3 1층호,14975,,37.3988479390,126.8003370123,,,,,,182250.2935672830,432991.4230705580,노래연습장업,유통관련업,,,63.200,,,,,,4,4,,,,Y,,,,,,
한울노래연습장,폐업,20160309,"경기도 시흥시 배곧3로 80, 7층 703호 (정왕동, 센터프라자)",경기도 시흥시 정왕동 1772-23 7층 703호,15011,,37.3705347264,126.7290879019,,20200604,,,,175930.2890050030,429864.6127945220,노래연습장업,유통관련업,,,265.020,,,,,,14,8,,Y,,Y,,,,,,
핫 노래연습장,영업중,20020507,"경기도 시흥시 옥구상가3길 15-9 (정왕동,(4층))",경기도 시흥시 정왕동 1859-7 (4층),15040,031-319-0656,37.3529882921,126.7226846608,,,,,,175361.4797285640,427921.4595339160,노래연습장업,유통관련업,,유흥업소밀집지역,95.260,,,근린생활시설,,,2,,N,N,N,,N,N,,,,
항구카리브노래연습장,영업중,19980807,"경기도 시흥시 월곶중앙로 59, 월곶프라자 4층 (월곶동)",경기도 시흥시 월곶동 1014-3 월곶프라자,14963,,37.3885516352,126.7386183971,,,,,,176782.5193722570,431860.9012501680,노래연습장업,유통관련업,,,154.020,,,,,,6,,N,N,N,,N,N,,,,
해변 노래연습장,폐업,19980203,경기도 시흥시 월곶중앙로46번길 25  (월곶동),경기도 시흥시 월곶동 1004-3,14966,031-315-2673,37.3903726104,126.7414580527,,20050104,,,,177034.4634686930,432062.5813945080,노래연습장업,유통관련업,,,,,,근린생활시설,,,,,N,N,N,N,N,N,,,,
해변 노래연습장,폐업,19980817,"경기도 시흥시 오이도로 207-1  (정왕동,(2층))",경기도 시흥시 정왕동 2031-22 (2층),15015,031-433-6064,37.3423906743,126.6868481083,,20120711,,,,172181.1761670940,426753.3952870090,노래연습장업,유통관련업,,,136.740,,,,,,,,N,N,N,N,N,N,,,,
해변노래연습장,폐업,20050809,"경기도 시흥시 월곶중앙로46번길 25  (월곶동,지층)",경기도 시흥시 월곶동 1004-3 지층,14966,,37.3903726104,126.7414580527,,20090416,,,,177034.4634686930,432062.5813945080,노래연습장업,유통관련업,,기타,90.000,,,근린생활시설,1.00,50.000,6,,N,N,N,,N,N,,,,일반상업지역
행복 노래연습장,영업중,19990428,"경기도 시흥시 동서로 1095 (조남동,지하1층)",경기도 시흥시 조남동 산 6-10 지하1층,14984,031-403-9620,37.3866401971,126.8602414044,,,,,,187550.8869044470,431628.3467101700,노래연습장업,유통관련업,,,115.920,,,,,,5,2,N,N,N,,N,N,,,,
허브 노래연습장,폐업,20010307,경기도 시흥시 복지로 96 (대야동),경기도 시흥시 대야동 568-2,14908,,37.4472633410,126.7918143639,,20230728,,,,181510.0017214310,438365.4790979050,노래연습장업,유통관련업,,주택가주변,,,,근린생활시설,,,1,,N,N,N,,N,N,,,,
헤라노래연습장,영업중,20021220,"경기도 시흥시 중심상가로 323 (정왕동,(2층))",경기도 시흥시 정왕동 1625-6 (2층),15062,031-432-4565,37.3371634306,126.7482813314,,,,,,177626.1970354360,426155.3826512130,노래연습장업,유통관련업,4,유흥업소밀집지역,113.220,4,,근린생활시설,,,4,,N,N,N,,N,N,,,,
현 노래연습장,폐업,20030303,"경기도 시흥시 중심상가로 155, 201호 (정왕동,2층)",경기도 시흥시 정왕동 1728-17 2층 201호,15036,,37.3464056067,126.7333200886,,20180323,,,,176303.4654456920,427184.8767446420,노래연습장업,유통관련업,,유흥업소밀집지역,108.320,,,근린생활시설,,,4,1,N,Y,N,Y,N,N,,,,중심상업지역
호박 노래연습장,영업중,20020629,경기도 시흥시 옥구상가3길 7-5  (정왕동),경기도 시흥시 정왕동 1860-5,15040,,37.3528082094,126.7240866123,,,,,,175481.8991790820,427899.9213081640,노래연습장업,유통관련업,,,85.250,,,근린생활시설,,,,,N,N,N,N,N,N,,,,
호박2 노래연습장,폐업,20030214,경기도 시흥시 서촌상가2길 30  (정왕동),경기도 시흥시 정왕동 1731-8,15036,,37.3458941377,126.7322866041,,20060822,,,,176204.7151776060,427131.5804688730,노래연습장업,유통관련업,,유흥업소밀집지역,,,,,,,,,N,Y,N,N,N,Y,,,,
호박3노래연습장,영업중,20031126,"경기도 시흥시 연성로13번길 3 (하중동,(3층))",경기도 시흥시 하중동 875-1 (3층),14976,,37.3904462900,126.8047643660,,,,,,182638.0977706380,432067.3052026980,노래연습장업,유통관련업,,아파트지역,179.160,,,근린생활시설,1.00,40.000,5,,N,Y,Y,,Y,Y,,,,
홈런 노래연습장,폐업,20030619,"경기도 시흥시 중심상가3길 30, 201호 (정왕동)",경기도 시흥시 정왕동 1742-8 201호,15066,,37.3438957484,126.7354793716,,20160929,,,,176490.3041202690,426909.4017628860,노래연습장업,유통관련업,,유흥업소밀집지역,129.810,,,근린생활시설,1.00,30.000,3,,N,Y,Y,,N,Y,,,,
홍콩 노래연습장,폐업,19990428,"경기도 시흥시 중심상가로 159 (정왕동,에이스프라자 303호)",경기도 시흥시 정왕동 1728-18 에이스프라자 303호,15036,,37.3462631529,126.7335924997,,20171011,,,,176324.9017654160,427171.1444039430,노래연습장업,유통관련업,,유흥업소밀집지역,100.880,,,근린생활시설,,,3,,N,N,N,,N,N,,,,중심상업지역
홍콩노래연습장,영업중,20041210,"경기도 시흥시 군서로 7-1 (정왕동,지층)",경기도 시흥시 정왕동 1215 지층,15052,,37.3439013398,126.7504382526,,,,,,177814.7271740180,426904.0010209500,노래연습장업,유통관련업,,기타,119.880,,,근린생활시설,,,6,,N,N,N,,N,N,,,,일반주거지역
환상 노래연습장,폐업,19990323,"경기도 시흥시 월곶중앙로14번길 100  (월곶동,2층)",경기도 시흥시 월곶동 991-22 2층,14968,031-318-7334,37.3944700021,126.7394623217,,20141027,,,,176858.0316726060,432518.9355161490,노래연습장업,유통관련업,,,108.220,,,,,,,,N,N,N,,N,N,,,,
환상노래연습장,직권말소,20100625,"경기도 시흥시 중심상가로 50 (정왕동,2층)",경기도 시흥시 정왕동 1855-15 2층,15040,,37.3519840200,126.7234853835,,20230510,,,,175430.2326676210,427807.1183030460,노래연습장업,유통관련업,3,유흥업소밀집지역,90.100,3,,근린생활시설,1.00,40.000,2,,Y,Y,,,,,,,,상업지역
환상노래연습장,폐업,19980819,"경기도 시흥시 오이도로 157-1  (정왕동,3층)",경기도 시흥시 정왕동 2003-29 3층,15015,,37.3467102046,126.6884498872,,20121205,,,,172322.9113380240,427232.0480631280,노래연습장업,유통관련업,,,119.020,,,,,,,,N,N,N,,N,N,,,,
황궁 노래연습장,폐업,20051208,"경기도 시흥시 옥구상가3길 15-6  (정왕동,2층)",경기도 시흥시 정왕동 1858-3 2층,15040,,37.3534770743,126.7229957738,,20061023,,,,175388.7958950610,427972.4350370010,노래연습장업,유통관련업,,유흥업소밀집지역,64.000,,,근린생활시설,,,,,N,N,N,N,N,N,,,,중심상업지역
황궁노래연습장,영업중,20141126,"경기도 시흥시 정왕천로411번길 46, 지하층 (정왕동)",경기도 시흥시 정왕동 1185-7,15052,,37.3469407392,126.7478790281,,,,,,177590.2330400540,427240.6731145070,노래연습장업,유통관련업,,,117.660,,,근린생활시설,,,5,,Y,Y,,,,,,,,일반주거지역
황궁노래연습장,폐업,20091118,"경기도 시흥시 은행로167번길 12 (대야동,5층501호(일부),502호전체)","경기도 시흥시 대야동 575-2 5층501호(일부),502호전체",14914,,37.4451691850,126.7973509441,,20240329,,,,181996.4870137550,438132.2730519540,노래연습장업,유통관련업,6,유흥업소밀집지역,188.210,5,1,근린생활시설,1.00,50.000,7,,Y,Y,,,,,,,,일반상업지역
황실 노래연습장,폐업,20030612,"경기도 시흥시 서촌상가2길 16  (정왕동,(202호))",경기도 시흥시 정왕동 1728-5 (202호),15036,,37.3467648864,126.7331245022,,20061018,,,,176279.6647259490,427227.8967397840,노래연습장업,유통관련업,,유흥업소밀집지역,,,,근린생활시설,1.00,35.000,2,,N,Y,N,N,N,Y,,,,
황제 노래연습장,폐업,20021220,"경기도 시흥시 중심상가로 316  (정왕동,(3층))",경기도 시흥시 정왕동 1782-4 (3층),15062,031-496-9969,37.3372747882,126.7473658308,,20070123,,,,177538.4307923460,426165.8093245800,노래연습장업,유통관련업,4,유흥업소밀집지역,,4,,근린생활시설,,,,,N,N,N,N,N,N,,,,
황제노래연습장,영업중,19990818,"경기도 시흥시 호현로 39-2 (신천동,외 1필지 지하1층(일부))",경기도 시흥시 신천동 704-15 외 1필지 지하1층(일부),14904,,37.4440494999,126.7849939315,,,,,,180894.2293533020,438010.4451934940,노래연습장업,유통관련업,5,주택가주변,131.610,4,1,근린생활시설,1.00,40.000,6,2,Y,Y,N,Y,N,N,,,,일반주거지역
황제노래연습장,영업중,20031127,"경기도 시흥시 월곶중앙로 64 (월곶동,(2층))",경기도 시흥시 월곶동 1009-1 (2층),14966,,37.3891728802,126.7385104453,,,,,,176774.6675847330,431931.3551057600,노래연습장업,유통관련업,,유흥업소밀집지역,197.290,,,근린생활시설,2.00,50.000,8,1,N,Y,Y,Y,Y,Y,,,,
황제노래연습장,영업중,20040514,"경기도 시흥시 오이도로 199-1 (정왕동,3층)",경기도 시흥시 정왕동 2030-11 3층,15015,,37.3430414721,126.6871120410,,,,,,172202.7066238270,426826.1024697500,노래연습장업,유통관련업,5,유흥업소밀집지역,136.930,,,근린생활시설,1.00,,5,,,,,,,,,,,일반주거지역
황진이 노래연습장,영업중,20020214,"경기도 시흥시 도일로124번길 3, 101호 (거모동)",경기도 시흥시 거모동 1771-6 101호,15069,,37.3416051384,126.7842842293,,,,,,180816.9262943690,426640.6035773360,노래연습장업,유통관련업,,기타,178.900,,,위험물저장시설,,,6,0,N,N,N,,,N,,,,일반주거지역
황진이노래연습장,폐업,19921020,"경기도 시흥시 뱀내장터로 12 (신천동,지1층)",경기도 시흥시 신천동 707-51 지1층,14910,031-311-1694,37.4421078750,126.7858715523,,20250424,,,,180981.5305188130,437795.4637358790,노래연습장업,유통관련업,5,,80.280,4,1,근린생활시설,,,1,,N,N,N,,N,N,,,,
훼미리 노래연습장,폐업,19980703,,경기도 시흥시 거모동 1570-3,,031-494-3354,,,,20030707,,,,,,노래연습장업,유통관련업,,,,,,,,,,,N,N,N,N,N,N,,,,
훼미리 노래연습장,폐업,19931004,경기도 시흥시 삼미시장2길 30 (신천동),경기도 시흥시 신천동 739,14948,031-314-5931,37.4404684859,126.7830723651,,20081104,,,,180732.8276834520,437610.7990684180,노래연습장업,유통관련업,,,,,,근린생활시설,,,,,N,N,N,,N,N,,,,
흥날터노래연습장,영업중,20090904,"경기도 시흥시 진말로3번길 4 (장곡동,2층)",경기도 시흥시 장곡동 819-5 2층,15002,,37.3778091583,126.7851149950,,,,,,180897.8902799090,430658.7505819040,노래연습장업,유통관련업,2,아파트지역,219.540,2,,근린생활시설,1.00,50.000,7,1,Y,Y,Y,Y,,Y,,,,일반상업지역
힐링노래연습장,영업중,20040426,"경기도 시흥시 오이도로 183-1 (정왕동,3층)",경기도 시흥시 정왕동 2006-18 3층,15015,,37.3445323387,126.6876378806,,,,,,172251.3641029860,426990.4149148520,노래연습장업,유통관련업,3,유흥업소밀집지역,142.240,,,근린생활시설,,,4,,,,,,,,,,,일반주거지역
힐링노래연습장,영업중,20200601,"경기도 시흥시 서울대학로264번길 26-11, 다인 로얄팰리스 배곧7차 3층 310, 311호 (배곧동)",경기도 시흥시 배곧동 226-3 다인 로얄팰리스 배곧7차,15011,,37.3670934014,126.7266160179,,,,,,175712.0381510330,429481.7269231860,노래연습장업,유통관련업,,,106.250,,,,,,5,,,,,Y,,,,,,
