mnginst_nm,refine_road_nm_addr,refine_lotno_addr,instl_purps_div,camera_vcnt,camera_pixel_cnt,potogrf_directn_info,custody_day_cnt,instl_ym,mnginst_telno,refine_wgs84_lat,refine_wgs84_logt,dat_crtr_ymd
경기도 시흥시,경기도 시흥시 신현로30번길 7,경기도 시흥시 포동 5-12,생활방범,2,200,360도,30,201912,031-310-6763,37.4073603,126.7854245,20241218
경기도 시흥시,경기도 시흥시 해송십리로 472-12,경기도 시흥시 배곧동 14,생활방범,4,200,360도,30,201712,031-310-6763,37.3819336,126.7311796,20241218
경기도 광명시 정보통신과,,경기도 광명시 하안동 716-1 (하안남초등학교(금천대교->시흥대교)),차량방범,2,0,,0,201012,02-2680-6500,37.461438,126.88693,20200715
경기도 광명시 정보통신과,경기도 광명시 금하로 531-1,경기도 광명시 소하동 31-25 (시흥대교 진출),차량방범,3,0,,0,201606,02-2680-6500,37.451514,126.89191,20200715
경기도 광명시 정보통신과,경기도 광명시 금하로 531-1,경기도 광명시 소하동 31-25 (시흥대교 진입),차량방범,3,0,,0,201903,02-2680-6500,37.451802,126.892646,20200715
경기도 시흥시,,경기도 시흥시 거모동 1349-1(2),생활방범,5,200,360도,30,201012,031-310-6763,37.3470032,126.7803167,20241218
경기도 시흥시,,경기도 시흥시 거모동 1349-1(3),생활방범,1,200,360도,30,201012,031-310-6763,37.3464012,126.7806976,20241218
경기도 시흥시,경기도 시흥시 하중로173번길 23,경기도 시흥시 하중동 848,생활방범,4,200,360도,30,201112,031-310-6763,37.3959866,126.8044369,20241218
경기도 시흥시,,경기도 시흥시 정왕동 2138,생활방범,2,200,360도,30,201112,031-310-6763,37.3560776,126.7131991,20241218
경기도 시흥시,,경기도 시흥시 신천동 산 15-21,생활방범,4,200,360도,30,201312,031-310-6763,37.4442283,126.7796786,20241218
경기도 시흥시,경기도 시흥시 호현로21번길 42,경기도 시흥시 신천동 701,생활방범,4,200,360도,30,201312,031-310-6763,37.4448884,126.7816569,20241218
경기도 시흥시,경기도 시흥시 수인로3395번길 56,경기도 시흥시 신천동 835-22,생활방범,4,200,360도,30,201312,031-310-6763,37.4364769,126.7811942,20241218
경기도 시흥시,,경기도 시흥시 신천동 558-5,생활방범,3,200,360도,30,201312,031-310-6763,37.4382568,126.7755493,20241218
경기도 시흥시,,경기도 시흥시 신천동 793,생활방범,5,200,360도,30,201312,031-310-6763,37.4406056,126.7857605,20241218
경기도 시흥시,경기도 시흥시 시흥대로1073번길 33,경기도 시흥시 신천동 874-1,생활방범,5,200,360도,30,201312,031-310-6763,37.432193,126.7887097,20241218
경기도 시흥시,경기도 시흥시 시흥대로1065번길 24-6,경기도 시흥시 신천동 875-21,생활방범,4,200,360도,30,201312,031-310-6763,37.4316288,126.7899278,20241218
경기도 시흥시,경기도 시흥시 신천로19번안길 8,경기도 시흥시 신천동 887-5,생활방범,5,200,360도,30,201312,031-310-6763,37.4314294,126.7915694,20241218
경기도 시흥시,경기도 시흥시 신천로7번길 30-1,경기도 시흥시 신천동 890-9,생활방범,4,200,360도,30,201312,031-310-6763,37.430674,126.7917171,20241218
경기도 시흥시,경기도 시흥시 수인로3413번길 81,경기도 시흥시 신천동 824-21,생활방범,5,200,360도,30,201312,031-310-6763,37.4365082,126.7754986,20241218
경기도 시흥시,경기도 시흥시 신흥마을3길 8,경기도 시흥시 신천동 815-17,생활방범,5,200,360도,30,201312,031-310-6763,37.4379805,126.7767177,20241218
경기도 시흥시,경기도 시흥시 신천7길 36,경기도 시흥시 신천동 823-10,생활방범,5,200,360도,30,201312,031-310-6763,37.4369301,126.777085,20241218
경기도 시흥시,경기도 시흥시 신흥마을1길 12,경기도 시흥시 신천동 818-6,생활방범,5,200,360도,30,201312,031-310-6763,37.4386198,126.7784136,20241218
경기도 시흥시,,경기도 시흥시 배곧동 56,생활방범,4,200,360도,30,201712,031-310-6763,37.3758499,126.7372263,20241218
경기도 시흥시,,경기도 시흥시 배곧동 100-10,생활방범,4,200,360도,30,201712,031-310-6763,37.3788489,126.7258716,20241218
경기도 시흥시,,경기도 시흥시 정왕동 1872-7,생활방범,4,200,360도,30,201212,031-310-6763,37.355381,126.7338333,20241218
경기도 시흥시,경기도 시흥시 군서로10번길 42,경기도 시흥시 정왕동 1168-13,생활방범,5,200,360도,30,200612,031-310-6763,37.3468963,126.7530905,20241218
경기도 시흥시,,경기도 시흥시 월곶동 60-2,생활방범,4,200,360도,30,202012,031-310-6763,37.3829356,126.7697498,20241218
경기도 시흥시,경기도 시흥시 정왕천로369번길 60-1,경기도 시흥시 정왕동 1580-1,생활방범,4,200,360도,30,201712,031-310-6763,37.3448876,126.7440291,20241218
경기도 시흥시,경기도 시흥시 배곧4로 81-46,경기도 시흥시 배곧동 66,생활방범,5,200,360도,30,201712,031-310-6763,37.3745483,126.7340528,20241218
경기도 시흥시,경기도 시흥시 군서로 56,경기도 시흥시 정왕동 1208-8,생활방범,5,200,360도,30,200612,031-310-6763,37.3465898,126.7464912,20241218
경기도 시흥시,경기도 시흥시 군서로18번길 21-1,경기도 시흥시 정왕동 1191,생활방범,4,200,360도,30,200612,031-310-6763,37.3461928,126.7511372,20241218
경기도 시흥시,경기도 시흥시 군서로 23,경기도 시흥시 정왕동 1213-6,생활방범,4,200,360도,30,202012,031-310-6763,37.344882,126.7491683,20241218
경기도 시흥시,경기도 시흥시 정왕천로375번길 8,경기도 시흥시 정왕동 1564-5,생활방범,4,200,360도,30,201712,031-310-6763,37.3422484,126.7488448,20241218
경기도 시흥시,경기도 시흥시 봉우재로23번길 1,경기도 시흥시 정왕동 1618,생활방범,4,200,360도,30,201712,031-310-6763,37.3452265,126.743325,20241218
경기도 시흥시,경기도 시흥시 공단1대로 204,경기도 시흥시 정왕동 1364,생활방범,4,200,360도,30,201712,031-310-6763,37.3373381,126.7256719,20241218
경기도 시흥시,경기도 시흥시 옥구천서로81번길 23,경기도 시흥시 정왕동 1697,생활방범,4,200,360도,30,201712,031-310-6763,37.3359419,126.7047072,20241218
경기도 시흥시,,경기도 시흥시 정왕동 2023-7,생활방범,4,200,360도,30,201712,031-310-6763,37.342145,126.6895879,20241218
경기도 시흥시,경기도 시흥시 오이도2길 8,경기도 시흥시 정왕동 2013-2,생활방범,3,200,360도,30,201712,031-310-6763,37.343765,126.6904945,20241218
경기도 시흥시,,경기도 시흥시 대야동 470-2,생활방범,3,200,360도,30,201312,031-310-6763,37.4445815,126.7886233,20241218
경기도 시흥시,,경기도 시흥시 신천동 775,생활방범,3,200,360도,30,201312,031-310-6763,37.4382704,126.7877145,20241218
경기도 시흥시,경기도 시흥시 서해안로1780번길 67-1,경기도 시흥시 계수동 439,생활방범,5,200,360도,30,201312,031-310-6763,37.4534659,126.8014794,20241218
경기도 시흥시,경기도 시흥시 신흥마을1길 28,경기도 시흥시 신천동 821-5,생활방범,4,200,360도,30,201312,031-310-6763,37.4372937,126.7782656,20241218
경기도 시흥시,,경기도 시흥시 신천동 947,생활방범,3,200,360도,30,201312,031-310-6763,37.4353849,126.790681,20241218
경기도 시흥시,경기도 시흥시 시흥대로1065번길 15,경기도 시흥시 신천동 890-1,생활방범,3,200,360도,30,201312,031-310-6763,37.4308969,126.7906062,20241218
경기도 시흥시,,경기도 시흥시 은행동 538-4,생활방범,3,200,360도,30,201312,031-310-6763,37.4422127,126.7984365,20241218
경기도 시흥시,경기도 시흥시 한우물로21번길 30,경기도 시흥시 거모동 1739-1,생활방범,3,200,360도,30,201312,031-310-6763,37.3440993,126.781017,20241218
경기도 시흥시,경기도 시흥시 군자로466번길 92,경기도 시흥시 거모동 1754-1,생활방범,3,200,360도,30,201312,031-310-6763,37.3428504,126.783994,20241218
경기도 시흥시,경기도 시흥시 군자로534번안길 6-6,경기도 시흥시 거모동 1768-5,생활방범,3,200,360도,30,201312,031-310-6763,37.3422275,126.7868075,20241218
경기도 시흥시,,경기도 시흥시 거모동 1735-3,생활방범,3,200,360도,30,201312,031-310-6763,37.3449343,126.7833623,20241218
경기도 시흥시,,경기도 시흥시 정왕동 2253-4,생활방범,3,200,360도,30,201312,031-310-6763,37.3587485,126.7548516,20241218
경기도 시흥시,,경기도 시흥시 정왕동 1512,생활방범,3,200,360도,30,201312,031-310-6763,37.3440454,126.7541913,20241218
경기도 시흥시,,경기도 시흥시 정왕동 1581,생활방범,3,200,360도,30,201312,031-310-6763,37.344736,126.7453543,20241218
경기도 시흥시,,경기도 시흥시 정왕동 1787-4,생활방범,4,200,360도,30,201312,031-310-6763,37.3392428,126.7414168,20241218
경기도 시흥시,,경기도 시흥시 정왕동 1569-10,생활방범,3,200,360도,30,201312,031-310-6763,37.3424658,126.7479538,20241218
경기도 시흥시,경기도 시흥시 정왕대로233번길 21-1,경기도 시흥시 정왕동 1800-5,생활방범,3,200,360도,30,201312,031-310-6763,37.3478765,126.7398733,20241218
경기도 시흥시,,경기도 시흥시 정왕동 1878-6,생활방범,3,200,360도,30,201312,031-310-6763,37.3657774,126.7359985,20241218
경기도 시흥시,,경기도 시흥시 정왕동 1876-5,생활방범,3,200,360도,30,201312,031-310-6763,37.3607852,126.7315089,20241218
경기도 시흥시,경기도 시흥시 하상로 55,경기도 시흥시 하상동 367,생활방범,3,200,360도,30,201312,031-310-6763,37.3954672,126.811018,20241218
경기도 시흥시,경기도 시흥시 배곧4로 106-25,경기도 시흥시 배곧동 174,생활방범,3,200,360도,30,201712,031-310-6763,37.3715577,126.7329938,20241218
경기도 시흥시,경기도 시흥시 배곧4로 106-26,경기도 시흥시 배곧동 155,생활방범,3,200,360도,30,201712,031-310-6763,37.3705707,126.7317576,20241218
경기도 시흥시,,경기도 시흥시 배곧동 94,생활방범,4,200,360도,30,201712,031-310-6763,37.3793499,126.7276253,20241218
경기도 시흥시,,경기도 시흥시 배곧동 86,생활방범,4,200,360도,30,201712,031-310-6763,37.378258,126.7297827,20241218
경기도 시흥시,,경기도 시흥시 배곧동 187,생활방범,4,200,360도,30,201712,031-310-6763,37.3702857,126.7247467,20241218
경기도 시흥시,경기도 시흥시 서울대학로278번길 25-24,경기도 시흥시 배곧동 198-1,생활방범,5,200,360도,30,201712,031-310-6763,37.3697256,126.7295874,20241218
경기도 시흥시,경기도 시흥시 배곧4로 81-80,경기도 시흥시 배곧동 62,생활방범,3,200,360도,30,201712,031-310-6763,37.3756035,126.7351335,20241218
경기도 시흥시,,경기도 시흥시 배곧동 112-5,생활방범,4,200,360도,30,201712,031-310-6763,37.3764303,126.7298512,20241218
경기도 시흥시,경기도 시흥시 배곧4로 81-13,경기도 시흥시 배곧동 58,생활방범,5,200,360도,30,201712,031-310-6763,37.3759256,126.7306916,20241218
경기도 시흥시,경기도 시흥시 배곧4로 81-13,경기도 시흥시 배곧동 58,생활방범,4,200,360도,30,201712,031-310-6763,37.3752059,126.7327477,20241218
경기도 시흥시,경기도 시흥시 배곧4로 32-9,경기도 시흥시 배곧동 125,생활방범,3,200,360도,30,201712,031-310-6763,37.3769442,126.727531,20241218
경기도 시흥시,경기도 시흥시 서울대학로278번길 19-13,경기도 시흥시 배곧동 191,생활방범,4,200,360도,30,201712,031-310-6763,37.3705241,126.7257698,20241218
경기도 시흥시,경기도 시흥시 배곧전원로 40-65,경기도 시흥시 배곧동 111-7,생활방범,4,200,360도,30,201712,031-310-6763,37.3767075,126.730063,20241218
경기도 시흥시,,경기도 시흥시 배곧동 115,생활방범,4,200,360도,30,201712,031-310-6763,37.3763826,126.7306895,20241218
경기도 시흥시,경기도 시흥시 배곧4로 32-5,경기도 시흥시 배곧동 134,생활방범,5,200,360도,30,201712,031-310-6763,37.3764248,126.7276087,20241218
경기도 시흥시,,경기도 시흥시 배곧동 144,생활방범,4,200,360도,30,201712,031-310-6763,37.3766166,126.7291825,20241218
경기도 시흥시,,경기도 시흥시 배곧동 64,생활방범,3,200,360도,30,201712,031-310-6763,37.3742246,126.7352859,20241218
경기도 시흥시,경기도 시흥시 배곧4로 44-8,경기도 시흥시 배곧동 140,생활방범,3,200,360도,30,201712,031-310-6763,37.3761469,126.7284117,20241218
경기도 시흥시,경기도 시흥시 군자로465번안길 10,경기도 시흥시 거모동 1722-2,생활방범,4,200,360도,30,201212,031-310-6763,37.3481068,126.7833855,20241218
경기도 시흥시,,경기도 시흥시 거모동 산 27-1 일원,생활방범,3,200,360도,30,201212,031-310-6763,37.3451804,126.7853898,20241218
경기도 시흥시,,경기도 시흥시 정왕동 876-131,생활방범,4,200,360도,30,201212,031-310-6763,37.347924,126.7485969,20241218
경기도 시흥시,경기도 시흥시 마유로186번길 10,경기도 시흥시 정왕동 1368,생활방범,3,200,360도,30,201212,031-310-6763,37.3342484,126.7260066,20241218
경기도 시흥시,경기도 시흥시 마유로186번길 10,경기도 시흥시 정왕동 1368,생활방범,3,200,360도,30,201212,031-310-6763,37.3333106,126.7251084,20241218
경기도 시흥시,경기도 시흥시 옥구천동로374번길 88,경기도 시흥시 정왕동 1845-1,생활방범,4,200,360도,30,201212,031-310-6763,37.3493999,126.7361351,20241218
경기도 시흥시,경기도 시흥시 옥구천동로374번길 88,경기도 시흥시 정왕동 1845-1,생활방범,3,200,360도,30,201212,031-310-6763,37.3489679,126.7357468,20241218
경기도 시흥시,경기도 시흥시 관곡지로40번길 15,경기도 시흥시 하중동 826-2,생활방범,4,200,360도,30,201212,031-310-6763,37.3996609,126.8006741,20241218
경기도 시흥시,경기도 시흥시 서해안로 113-27,경기도 시흥시 정왕동 924-13,생활방범,3,200,360도,30,201712,031-310-6763,37.3420968,126.6960175,20241218
경기도 시흥시,경기도 시흥시 서해안로 113-27,경기도 시흥시 정왕동 924-13,생활방범,3,200,360도,30,201712,031-310-6763,37.3409048,126.6949913,20241218
경기도 시흥시,경기도 시흥시 서해안로 113-27,경기도 시흥시 정왕동 924-13,생활방범,3,200,360도,30,201712,031-310-6763,37.3397153,126.6958396,20241218
경기도 시흥시,경기도 시흥시 오이도로 97,경기도 시흥시 정왕동 1089-1,생활방범,3,200,360도,30,201812,031-310-6763,37.347297,126.6935366,20241218
경기도 시흥시,경기도 시흥시 오이도로 97,경기도 시흥시 정왕동 1089-1,생활방범,3,200,360도,30,201812,031-310-6763,37.3470597,126.6932074,20241218
경기도 시흥시,경기도 시흥시 오이도로 332,경기도 시흥시 정왕동 2202-6,생활방범,2,200,360도,30,201812,031-310-6763,37.3342589,126.6880206,20241218
경기도 시흥시,경기도 시흥시 오이도로 332,경기도 시흥시 정왕동 2202-6,생활방범,4,200,360도,30,201812,031-310-6763,37.3347163,126.6896739,20241218
경기도 시흥시,경기도 시흥시 오이도로 332,경기도 시흥시 정왕동 2202-6,생활방범,3,200,360도,30,201812,031-310-6763,37.3349831,126.6904789,20241218
경기도 시흥시,경기도 시흥시 오이도로 332,경기도 시흥시 정왕동 2202-6,생활방범,3,200,360도,30,201812,031-310-6763,37.3353103,126.6907104,20241218
경기도 시흥시,경기도 시흥시 오이도로 332,경기도 시흥시 정왕동 2202-6,생활방범,3,200,360도,30,201812,031-310-6763,37.3358375,126.6907597,20241218
경기도 시흥시,경기도 시흥시 오이도로 332,경기도 시흥시 정왕동 2202-6,생활방범,3,200,360도,30,201812,031-310-6763,37.3345561,126.6913234,20241218
경기도 시흥시,,경기도 시흥시 정왕동 2688-4,생활방범,3,200,360도,30,201712,031-310-6763,37.3284293,126.6753122,20241218
경기도 시흥시,경기도 시흥시 거북섬북로 54,경기도 시흥시 정왕동 2684,생활방범,3,200,360도,30,201712,031-310-6763,37.3295572,126.6782449,20241218
경기도 시흥시,,경기도 시흥시 정왕동 2699,생활방범,4,200,360도,30,201712,031-310-6763,37.3278493,126.6770317,20241218
경기도 시흥시,경기도 시흥시 거북섬1로 1,경기도 시흥시 정왕동 2689-2,생활방범,3,200,360도,30,201712,031-310-6763,37.3270201,126.6738231,20241218
경기도 시흥시,경기도 시흥시 거북섬2길 5,경기도 시흥시 정왕동 2703-6,생활방범,4,200,360도,30,201712,031-310-6763,37.325271,126.678303,20241218
경기도 시흥시,,경기도 시흥시 정왕동 2722,생활방범,2,200,360도,30,201712,031-310-6763,37.3224742,126.6765751,20241218
경기도 시흥시,,경기도 시흥시 정왕동 2726-6,생활방범,2,200,360도,30,201712,031-310-6763,37.3223449,126.6763727,20241218
경기도 시흥시,,경기도 시흥시 정왕동 2682-4,생활방범,3,200,360도,30,201712,031-310-6763,37.3315449,126.6806804,20241218
경기도 시흥시,경기도 시흥시 거북섬북로 54,경기도 시흥시 정왕동 2684,생활방범,4,200,360도,30,201712,031-310-6763,37.3311847,126.678831,20241218
경기도 시흥시,경기도 시흥시 연성로13번길 5-8,경기도 시흥시 하중동 877-3,생활방범,3,200,360도,30,201712,031-310-6763,37.3910136,126.8042549,20241218
경기도 시흥시,경기도 시흥시 섬말길 23,경기도 시흥시 장곡동 445-3,생활방범,3,200,360도,30,201712,031-310-6763,37.3849221,126.7869797,20241218
경기도 시흥시,경기도 시흥시 마유로443번길 43,경기도 시흥시 정왕동 2304-15,생활방범,3,200,360도,30,201812,031-310-6763,37.3536583,126.7380111,20241218
경기도 시흥시,경기도 시흥시 오동마을로6번길 11,경기도 시흥시 정왕동 2321-14,생활방범,4,200,360도,30,201812,031-310-6763,37.3522962,126.7419414,20241218
경기도 시흥시,경기도 시흥시 큰솔로 42-1,경기도 시흥시 정왕동 1395,생활방범,5,200,360도,30,201812,031-310-6763,37.3414258,126.75295,20241218
경기도 시흥시,,경기도 시흥시 정왕동 1872-8,생활방범,3,200,360도,30,201812,031-310-6763,37.3560995,126.7347009,20241218
경기도 시흥시,경기도 시흥시 옥터로 80,경기도 시흥시 정왕동 2041-6,생활방범,2,200,360도,30,201812,031-310-6763,37.3409356,126.690228,20241218
경기도 시흥시,경기도 시흥시 오이도8길 12,경기도 시흥시 정왕동 2010-1,생활방범,3,200,360도,30,201812,031-310-6763,37.3443427,126.6891985,20241218
경기도 시흥시,경기도 시흥시 오이도8길 17-1,경기도 시흥시 정왕동 2014-11,생활방범,3,200,360도,30,201812,031-310-6763,37.3442484,126.6899592,20241218
경기도 시흥시,경기도 시흥시 장곡로 17,경기도 시흥시 장곡동 823-7,생활방범,2,200,360도,30,201812,031-310-6763,37.3788653,126.7867298,20241218
경기도 시흥시,경기도 시흥시 대골안길 2-11,경기도 시흥시 대야동 447,생활방범,4,200,360도,30,201812,031-310-6763,37.448794,126.7886704,20241218
경기도 시흥시,,경기도 시흥시 대야동 산 164,생활방범,3,200,360도,30,201812,031-310-6763,37.4475478,126.7863696,20241218
경기도 시흥시,경기도 시흥시 복지로63번길 13-1,경기도 시흥시 대야동 471-2,생활방범,2,200,360도,30,201812,031-310-6763,37.4455041,126.788493,20241218
경기도 시흥시,,경기도 시흥시 정왕동 140-3,생활방범,4,200,360도,30,201812,031-310-6763,37.3664556,126.7490414,20241218
경기도 시흥시,경기도 시흥시 신천7길 19-1,경기도 시흥시 신천동 828-1,생활방범,4,200,360도,30,201812,031-310-6763,37.4369821,126.778387,20241218
경기도 시흥시,경기도 시흥시 정왕천로447번길 10,경기도 시흥시 정왕동 1165-8,생활방범,4,200,360도,30,202012,031-310-6763,37.3474247,126.7536085,20241218
경기도 시흥시,경기도 시흥시 두문로51번길 2,경기도 시흥시 신천동 178-4,생활방범,5,200,360도,30,202012,031-310-6763,37.4318542,126.787626,20241218
경기도 시흥시,경기도 시흥시 신천1길 12,경기도 시흥시 신천동 755-9,생활방범,5,200,360도,30,202012,031-310-6763,37.439617,126.7812387,20241218
경기도 시흥시,경기도 시흥시 신천천동로25번길 18,경기도 시흥시 신천동 846-9,생활방범,4,200,360도,30,202012,031-310-6763,37.4369875,126.7846397,20241218
경기도 시흥시,경기도 시흥시 삼미시장2길 2,경기도 시흥시 신천동 745,생활방범,4,200,360도,30,202012,031-310-6763,37.441378,126.7801632,20241218
경기도 시흥시,경기도 시흥시 검바위2로 34,경기도 시흥시 은행동 276-25,생활방범,5,200,360도,30,202012,031-310-6763,37.4321697,126.7961368,20241218
경기도 시흥시,,경기도 시흥시 안현동 400-4,생활방범,5,200,360도,30,202012,031-310-6763,37.4295565,126.8132323,20241218
경기도 시흥시,경기도 시흥시 신천3길 30,경기도 시흥시 신천동 759-6,생활방범,4,200,360도,30,202012,031-310-6763,37.4442933,126.7814294,20241218
경기도 시흥시,경기도 시흥시 마루미길 18-7,경기도 시흥시 방산동 255,생활방범,5,200,360도,30,202012,031-310-6763,37.4209017,126.7650895,20241218
경기도 시흥시,경기도 시흥시 호현로49번길 49,경기도 시흥시 신천동 723,생활방범,4,200,360도,30,202012,031-310-6763,37.4432977,126.7796643,20241218
경기도 시흥시,경기도 시흥시 신흥마을2길 6-1,경기도 시흥시 신천동 816-6,생활방범,4,200,360도,30,202012,031-310-6763,37.4382742,126.7772901,20241218
경기도 시흥시,경기도 시흥시 신흥마을1길 20,경기도 시흥시 신천동 819-9,생활방범,5,200,360도,30,202012,031-310-6763,37.4377623,126.7784285,20241218
경기도 시흥시,경기도 시흥시 신천6길 15-4,경기도 시흥시 신천동 834-19,생활방범,3,200,360도,30,202012,031-310-6763,37.4369419,126.7804989,20241218
경기도 시흥시,경기도 시흥시 신천6길 2,경기도 시흥시 신천동 838-13,생활방범,5,200,360도,30,202012,031-310-6763,37.4373504,126.7822391,20241218
경기도 시흥시,경기도 시흥시 하상로8번길 20,경기도 시흥시 하상동 374-8,생활방범,5,200,360도,30,202012,031-310-6763,37.3915138,126.8149767,20241218
경기도 시흥시,경기도 시흥시 군자로 98-58,경기도 시흥시 월곶동 362,생활방범,4,200,360도,30,202012,031-310-6763,37.3733615,126.7642374,20241218
경기도 시흥시,경기도 시흥시 공단1대로 284,경기도 시흥시 정왕동 1276-9,생활방범,5,200,360도,30,202012,031-310-6763,37.3332958,126.7320676,20241218
경기도 시흥시,경기도 시흥시 신흥마을2길 12,경기도 시흥시 신천동 816-10,생활방범,4,200,360도,30,202012,031-310-6763,37.4377329,126.7774248,20241218
경기도 시흥시,,경기도 시흥시 조남동 682-1,생활방범,5,200,360도,30,202012,031-310-6763,37.3724044,126.8547791,20241218
경기도 시흥시,경기도 시흥시 시흥대로 249,경기도 시흥시 군자동 124,생활방범,5,200,360도,30,202012,031-310-6763,37.3629292,126.8061463,20241218
경기도 시흥시,,경기도 시흥시 계수동 산136-9,생활방범,4,200,360도,30,202012,031-310-6763,37.4414084,126.8130669,20241218
경기도 시흥시,,경기도 시흥시 물왕동 252-2,생활방범,4,200,360도,30,202012,031-310-6763,37.3898815,126.8252624,20241218
경기도 시흥시,,경기도 시흥시 조남동 190-2,생활방범,3,200,360도,30,202012,031-310-6763,37.3841085,126.8568662,20241218
경기도 시흥시,경기도 시흥시 월곶중앙로30번길 25,경기도 시흥시 월곶동 996-3,생활방범,5,200,360도,30,202012,031-310-6763,37.389781,126.7433365,20241218
경기도 시흥시,,경기도 시흥시 안현동 365-3,생활방범,4,200,360도,30,202012,031-310-6763,37.4291115,126.808852,20241218
경기도 시흥시,,경기도 시흥시 장곡동 806,생활방범,4,200,360도,30,202012,031-310-6763,37.3773546,126.7812765,20241218
경기도 시흥시,,경기도 시흥시 죽율동 420-1,생활방범,3,200,360도,30,202012,031-310-6763,37.352249,126.762304,20241218
경기도 시흥시,경기도 시흥시 호현로40번길 5,경기도 시흥시 대야동 495-13,교통단속,3,200,360도,30,201906,031-310-5132,37.4437296,126.7856917,20241218
경기도 시흥시,경기도 시흥시 수인로3325번길 5,경기도 시흥시 신천동779-9,교통단속,5,200,360도,30,201906,031-310-5132,37.4383229,126.7887529,20241218
경기도 시흥시,경기도 시흥시 정왕시장길 52,경기도 시흥시 정왕동 1202,교통단속,5,200,360도,30,201906,031-310-5132,37.3460443,126.749008,20241218
경기도 시흥시,경기도 시흥시 정왕천로411번길 47,경기도 시흥시 정왕동 1206,교통단속,5,200,360도,30,201906,031-310-5132,37.347013,126.7474583,20241218
경기도 시흥시,경기도 시흥시 서울대학로264번길 25,경기도 시흥시 정왕동 2524,교통단속,4,200,360도,30,201901,031-310-5132,37.36846,126.7263105,20241218
경기도 시흥시,경기도 시흥시 서울대학로264번길 7,경기도 시흥시 정왕동 2523,교통단속,4,200,360도,30,201901,031-310-5132,37.3696117,126.7249445,20241218
경기도 시흥시,경기도 시흥시 서울대학로278번길 21,경기도 시흥시 정왕동 2515-2,교통단속,4,200,360도,30,201901,031-310-5132,37.3696514,126.727455,20241218
경기도 시흥시,경기도 시흥시 서울대학로278번길 8,경기도 시흥시 정왕동 2522,교통단속,4,200,360도,30,201901,031-310-5132,37.370325,126.7256502,20241218
경기도 시흥시,경기도 시흥시 서울대학로278번길 19-13,경기도 시흥시 정왕동 2511,교통단속,5,200,360도,30,201901,031-310-5132,37.371882,126.7272212,20241218
경기도 시흥시,경기도 시흥시 은계번영길 1,경기도 시흥시 은행동 646,교통단속,4,200,360도,30,201901,031-310-5132,37.4362042,126.8013999,20241218
경기도 시흥시,경기도 시흥시 은계번영길 27,경기도 시흥시 은행동 646-12,교통단속,4,200,360도,30,201901,031-310-5132,37.4362543,126.8042031,20241218
경기도 시흥시,경기도 시흥시 은계남로 12,경기도 시흥시 은행동 644,교통단속,3,200,360도,30,201901,031-310-5132,37.434885,126.8027661,20241218
경기도 시흥시,,경기도 시흥시 은행동 679-1,교통단속,5,200,360도,30,201912,031-310-5132,37.4453847,126.8032625,20241218
경기도 시흥시,경기도 시흥시 대야로3번길 7-1,경기도 시흥시 대야동 489-1,생활방범,3,200,360도,30,201312,031-310-6763,37.4441778,126.7879178,20241218
경기도 시흥시,,경기도 시흥시 대야동 296-21,생활방범,4,200,360도,30,201312,031-310-6763,37.4497568,126.7907098,20241218
경기도 시흥시,,경기도 시흥시 대야동 344-14,생활방범,4,200,360도,30,201312,031-310-6763,37.4493086,126.7918133,20241218
경기도 시흥시,,경기도 시흥시 대야동 344-9,생활방범,4,200,360도,30,201312,031-310-6763,37.4488105,126.7917257,20241218
경기도 시흥시,경기도 시흥시 배곧3로 27-7,경기도 시흥시 배곧동 135,생활방범,3,200,360도,30,201712,031-310-6763,37.3745397,126.725111,20241218
경기도 시흥시,경기도 시흥시 동서로 137-71,경기도 시흥시 월곶동 520-240,생활방범,3,200,360도,30,201512,031-310-6763,37.3901735,126.7630958,20241218
경기도 시흥시,경기도 시흥시 경기과기대로 284,경기도 시흥시 정왕동 2133,생활방범,1,200,360도,30,201512,031-310-6763,37.3384047,126.7376965,20241218
경기도 시흥시,경기도 시흥시 경기과기대로 284,경기도 시흥시 정왕동 2133,생활방범,1,200,360도,30,201512,031-310-6763,37.337942,126.7383601,20241218
경기도 시흥시,경기도 시흥시 경기과기대로 284,경기도 시흥시 정왕동 2133,생활방범,1,200,360도,30,201512,031-310-6763,37.3375369,126.7388429,20241218
경기도 시흥시,경기도 시흥시 경기과기대로 284,경기도 시흥시 정왕동 2133,생활방범,1,200,360도,30,201512,031-310-6763,37.3371517,126.7395927,20241218
경기도 시흥시,경기도 시흥시 경기과기대로 284,경기도 시흥시 정왕동 2133,생활방범,1,200,360도,30,201512,031-310-6763,37.3373257,126.7394112,20241218
경기도 시흥시,경기도 시흥시 경기과기대로 284,경기도 시흥시 정왕동 2133,생활방범,1,200,360도,30,201512,031-310-6763,37.3375462,126.7388992,20241218
경기도 시흥시,,경기도 시흥시 능곡동 805,생활방범,3,200,360도,30,201512,031-310-6763,37.3645286,126.8068999,20241218
경기도 시흥시,,경기도 시흥시 목감동 398,생활방범,3,200,360도,30,201612,031-310-6763,37.3857627,126.8614214,20241218
경기도 시흥시,,경기도 시흥시 목감동 233-2,생활방범,4,200,360도,30,201612,031-310-6763,37.3858974,126.8622592,20241218
경기도 시흥시,,경기도 시흥시 조남동 217-33,생활방범,3,200,360도,30,201612,031-310-6763,37.3797675,126.8553946,20241218
경기도 시흥시,,경기도 시흥시 목감동 242-24,생활방범,4,200,360도,30,201612,031-310-6763,37.3841285,126.8610735,20241218
경기도 시흥시,,경기도 시흥시 목감동 396-20,생활방범,4,200,360도,30,201612,031-310-6763,37.3821933,126.8603575,20241218
경기도 시흥시,,경기도 시흥시 조남동 252,생활방범,4,200,360도,30,201612,031-310-6763,37.3807579,126.8610115,20241218
경기도 시흥시,,경기도 시흥시 조남동 254-2,생활방범,3,200,360도,30,201612,031-310-6763,37.3803017,126.8604199,20241218
경기도 시흥시,,경기도 시흥시 조남동 233-1,생활방범,4,200,360도,30,201612,031-310-6763,37.3809552,126.8581066,20241218
경기도 시흥시,,경기도 시흥시 조남동 159,생활방범,4,200,360도,30,201612,031-310-6763,37.3812945,126.8643457,20241218
경기도 시흥시,,경기도 시흥시 조남동 152,생활방범,3,200,360도,30,201612,031-310-6763,37.3798081,126.8634422,20241218
경기도 시흥시,,경기도 시흥시 조남동 116-1,생활방범,4,200,360도,30,201612,031-310-6763,37.3796489,126.8665723,20241218
경기도 시흥시,,경기도 시흥시 산현동 183-2,생활방범,4,200,360도,30,201612,031-310-6763,37.3770008,126.8424608,20241218
경기도 시흥시,,경기도 시흥시 산현동 172-2,생활방범,3,200,360도,30,201612,031-310-6763,37.3760346,126.8422498,20241218
경기도 시흥시,,경기도 시흥시 산현동 97,생활방범,4,200,360도,30,201612,031-310-6763,37.3766841,126.8464667,20241218
경기도 시흥시,,경기도 시흥시 조남동 648-52,생활방범,4,200,360도,30,201612,031-310-6763,37.3765669,126.8502561,20241218
경기도 시흥시,,경기도 시흥시 조남동 648-79,생활방범,3,200,360도,30,201612,031-310-6763,37.3755728,126.8484894,20241218
경기도 시흥시,,경기도 시흥시 조남동 355,생활방범,3,200,360도,30,201612,031-310-6763,37.3764944,126.8533868,20241218
경기도 시흥시,,경기도 시흥시 조남동 342-2,생활방범,4,200,360도,30,201612,031-310-6763,37.3756672,126.8563688,20241218
경기도 시흥시,,경기도 시흥시 조남동 271-4,생활방범,3,200,360도,30,201612,031-310-6763,37.3770505,126.8578285,20241218
경기도 시흥시,,경기도 시흥시 조남동 369-1,생활방범,3,200,360도,30,201612,031-310-6763,37.3776739,126.8514381,20241218
경기도 시흥시,,경기도 시흥시 조남동 258-1,생활방범,3,200,360도,30,201612,031-310-6763,37.3782597,126.8598411,20241218
경기도 시흥시,,경기도 시흥시 조남동 산 31-1,생활방범,3,200,360도,30,201612,031-310-6763,37.3767574,126.8592112,20241218
경기도 시흥시,경기도 시흥시 정왕천로432번길 20-1,경기도 시흥시 정왕동 1508-7,생활방범,4,200,360도,30,201912,031-310-6763,37.3446778,126.7553187,20241218
경기도 시흥시,경기도 시흥시 정왕천로375번길 30-16,경기도 시흥시 정왕동 1559-13,생활방범,5,200,360도,30,201912,031-310-6763,37.3436244,126.7473487,20241218
경기도 시흥시,경기도 시흥시 봉화로193번길 75,경기도 시흥시 정왕동 287-2,생활방범,4,200,360도,30,201912,031-310-6763,37.366122,126.7615171,20241218
경기도 시흥시,경기도 시흥시 대야로23번길 11,경기도 시흥시 대야동 472,생활방범,4,200,360도,30,201912,031-310-6763,37.4459677,126.7885241,20241218
경기도 시흥시,,경기도 시흥시 하상동 72-2,생활방범,3,200,360도,30,201912,031-310-6763,37.396842,126.813503,20241218
경기도 시흥시,,경기도 시흥시 하상동 산 13-23,생활방범,3,200,360도,30,201912,031-310-6763,37.3893502,126.8136079,20241218
경기도 시흥시,경기도 시흥시 동서로1051번안길 20-1,경기도 시흥시 조남동 174-80,생활방범,3,200,360도,30,201912,031-310-6763,37.3831163,126.8560123,20241218
경기도 시흥시,,경기도 시흥시 조남동 319-1,생활방범,3,200,360도,30,201912,031-310-6763,37.3733909,126.8603747,20241218
경기도 시흥시,,경기도 시흥시 하중동 298-4,생활방범,3,200,360도,30,201912,031-310-6763,37.3992311,126.8021311,20241218
경기도 시흥시,,경기도 시흥시 월곶동 1012-3,생활방범,4,200,360도,30,201912,031-310-6763,37.3883434,126.7362042,20241218
경기도 시흥시,경기도 시흥시 연성로39번길 11-3,경기도 시흥시 하중동 871-3,생활방범,3,200,360도,30,201912,031-310-6763,37.3918003,126.8072749,20241218
경기도 시흥시,,경기도 시흥시 하중동 557-1,생활방범,2,200,360도,30,201912,031-310-6763,37.3936474,126.8032516,20241218
경기도 시흥시,경기도 시흥시 배곧3로 27-8,경기도 시흥시 배곧동 139,생활방범,3,200,360도,30,201712,031-310-6763,37.3756209,126.7263946,20241218
경기도 시흥시,경기도 시흥시 목실길 43,경기도 시흥시 능곡동 565,생활방범,3,200,360도,30,201712,031-310-6763,37.3718089,126.8139186,20241218
경기도 시흥시,경기도 시흥시 장곡로70번길 11-8,경기도 시흥시 장곡동 798-1,생활방범,3,200,360도,30,201712,031-310-6763,37.3807146,126.7801201,20241218
경기도 시흥시,경기도 시흥시 찬우물1길 16,경기도 시흥시 은행동 367-2,생활방범,3,200,360도,30,201712,031-310-6763,37.4246804,126.7951663,20241218
경기도 시흥시,경기도 시흥시 옥구상가4길 8-1,경기도 시흥시 정왕동 1855-21,생활방범,4,200,360도,30,201712,031-310-6763,37.3514661,126.7223701,20241218
경기도 시흥시,,경기도 시흥시 정왕동 46-1,생활방범,3,200,360도,30,201812,031-310-6763,37.3668026,126.7431976,20241218
경기도 시흥시,경기도 시흥시 수인로3325번길 5,경기도 시흥시 신천동 779-9,생활방범,4,200,360도,30,201812,031-310-6763,37.4383169,126.7887639,20241218
경기도 시흥시,경기도 시흥시 신천로63번길 1,경기도 시흥시 신천동 851-1,생활방범,4,200,360도,30,201812,031-310-6763,37.4359732,126.7872454,20241218
경기도 시흥시,경기도 시흥시 신천6길 18,경기도 시흥시 신천동 833-6,생활방범,4,200,360도,30,201812,031-310-6763,37.4374417,126.7804209,20241218
경기도 시흥시,경기도 시흥시 신천로 17,경기도 시흥시 신천동 879-17,생활방범,4,200,360도,30,201812,031-310-6763,37.4334299,126.7908926,20241218
경기도 시흥시,경기도 시흥시 군자로 494,경기도 시흥시 거모동 1733-1,생활방범,4,200,360도,30,201812,031-310-6763,37.346093,126.7837297,20241218
경기도 시흥시,경기도 시흥시 대은로4번길 5,경기도 시흥시 은행동 559-4,생활방범,4,200,360도,30,201812,031-310-6763,37.4391272,126.793692,20241218
경기도 시흥시,,경기도 시흥시 장곡동 439-9,생활방범,4,200,360도,30,201812,031-310-6763,37.3835969,126.7871266,20241218
경기도 시흥시,경기도 시흥시 오동마을로45번길 33,경기도 시흥시 정왕동 2314-36,생활방범,3,200,360도,30,201812,031-310-6763,37.3540734,126.7467222,20241218
경기도 시흥시,경기도 시흥시 미산로100번길 21-7,경기도 시흥시 미산동 360-4,생활방범,2,200,360도,30,201812,031-310-6763,37.4207914,126.7946624,20241218
경기도 시흥시,경기도 시흥시 동서로 287,경기도 시흥시 장곡동 724-32,생활방범,4,200,360도,30,202412,031-310-6763,37.3891854,126.7819157,20241218
경기도 시흥시,경기도 시흥시 동서로 287,경기도 시흥시 장곡동 724-32,생활방범,5,200,360도,30,202412,031-310-6763,37.3899635,126.7810713,20241218
경기도 시흥시,경기도 시흥시 수인로3488번길 1,경기도 시흥시 신천동 595-48,차량방범,2,700,전방 10m ~ 20m,30,200912,031-310-6763,37.4427183,126.7721866,20241218
경기도 시흥시,,경기도 시흥시 정왕동 2162,차량방범,4,700,전방 10m ~ 20m,30,200912,031-310-6763,37.3360804,126.7534678,20241218
경기도 시흥시,,경기도 시흥시 정왕동 2159,차량방범,2,700,전방 10m ~ 20m,30,200912,031-310-6763,37.3391192,126.7568789,20241218
경기도 시흥시,,경기도 시흥시 월곶동 520-125,차량방범,3,700,전방 10m ~ 20m,30,200912,031-310-6763,37.3965924,126.7424075,20241218
경기도 시흥시,,경기도 시흥시 대야동 88-1,차량방범,2,700,전방 10m ~ 20m,30,201012,031-310-6763,37.4552444,126.7879887,20241218
경기도 시흥시,,경기도 시흥시 군자동 산 44-9,차량방범,4,700,전방 10m ~ 20m,30,201012,031-310-6763,37.354203,126.8021511,20241218
경기도 시흥시,,경기도 시흥시  목감동 27-2,차량방범,2,700,전방 10m ~ 20m,30,201012,031-310-6763,37.4017407,126.8764819,20241218
경기도 시흥시,,경기도 시흥시  방산동 177-5,차량방범,2,700,전방 10m ~ 20m,30,201012,031-310-6763,37.4286878,126.7750782,20241218
경기도 시흥시,,경기도 시흥시 계수동 83-1,차량방범,2,700,전방 10m ~ 20m,30,201012,031-310-6763,37.4585399,126.8138509,20241218
경기도 시흥시,경기도 시흥시 금화로 201,경기도 시흥시  산현동 산 57-11,차량방범,1,700,전방 10m ~ 20m,30,201012,031-310-6763,37.3645856,126.829813,20241218
경기도 시흥시,경기도 시흥시 공단3대로 345,경기도 시흥시  정왕동 2206-14,차량방범,2,700,전방 10m ~ 20m,30,201012,031-310-6763,37.3160488,126.7218442,20241218
경기도 시흥시,경기도 시흥시 공단1대로 341,경기도 시흥시  정왕동1289-6,차량방범,4,700,전방 10m ~ 20m,30,201012,031-310-6763,37.3301165,126.7373905,20241218
경기도 시흥시,경기도 시흥시 공단2대로 336,경기도 시흥시 정왕동 2192-3,차량방범,3,700,전방 10m ~ 20m,30,201012,031-310-6763,37.3193122,126.7265718,20241218
경기도 시흥시,,경기도 시흥시  과림동 441-2,차량방범,2,700,전방 10m ~ 20m,30,201212,031-310-6763,37.438854,126.8335874,20241218
경기도 시흥시,,경기도 시흥시 목감동 175-3,생활방범,3,200,360도,30,201612,031-310-6763,37.3936353,126.8672992,20241218
경기도 시흥시,경기도 시흥시 수인로2421번길 7,경기도 시흥시 논곡동 175-21,생활방범,3,200,360도,30,201612,031-310-6763,37.3939223,126.856329,20241218
경기도 시흥시,,경기도 시흥시 과림동 307-5,생활방범,4,200,360도,30,201612,031-310-6763,37.4459497,126.8315738,20241218
경기도 시흥시,경기도 시흥시 금오로 119,경기도 시흥시 무지내동 342-1,생활방범,3,200,360도,30,201612,031-310-6763,37.4146097,126.8399719,20241218
경기도 시흥시,경기도 시흥시 금오로 371,경기도 시흥시 과림동 489-3,생활방범,3,200,360도,30,201612,031-310-6763,37.4356842,126.8333413,20241218
경기도 시흥시,,경기도 시흥시 계수동 627,생활방범,3,200,360도,30,201612,031-310-6763,37.4426289,126.8144328,20241218
경기도 시흥시,경기도 시흥시 나분들길 78,경기도 시흥시 광석동 115-1,생활방범,3,200,360도,30,201612,031-310-6763,37.3852811,126.8197614,20241218
경기도 시흥시,,경기도 시흥시 하상동 379,생활방범,3,200,360도,30,201612,031-310-6763,37.3905201,126.8136821,20241218
경기도 시흥시,,경기도 시흥시 능곡동 708,생활방범,3,200,360도,30,201612,031-310-6763,37.3667923,126.8151843,20241218
경기도 시흥시,경기도 시흥시 능곡로 78,경기도 시흥시 화정동 651-6,생활방범,3,200,360도,30,201612,031-310-6763,37.3613458,126.8157909,20241218
경기도 시흥시,,경기도 시흥시 능곡동 760,생활방범,3,200,360도,30,201612,031-310-6763,37.3685383,126.8122781,20241218
경기도 시흥시,경기도 시흥시 진말로9번길 12-10,경기도 시흥시 장곡동 816-1,생활방범,4,200,360도,30,201612,031-310-6763,37.3790744,126.7841439,20241218
경기도 시흥시,,경기도 시흥시 장곡동 805,생활방범,3,200,360도,30,201612,031-310-6763,37.3779179,126.7800609,20241218
경기도 시흥시,경기도 시흥시 도일로135번길 20-6,경기도 시흥시 거모동 1744-7,생활방범,3,200,360도,30,201612,031-310-6763,37.343896,126.7839514,20241218
경기도 시흥시,경기도 시흥시 군자로315번길 7-1,경기도 시흥시 거모동 637-1,생활방범,3,200,360도,30,201612,031-310-6763,37.3584735,126.7733911,20241218
경기도 시흥시,경기도 시흥시 한우물로 25,경기도 시흥시 거모동 1741-2,생활방범,3,200,360도,30,201612,031-310-6763,37.3451124,126.7841317,20241218
경기도 시흥시,경기도 시흥시 군자로487번길 61,경기도 시흥시 거모동 1713-1,생활방범,3,200,360도,30,201612,031-310-6763,37.3493529,126.7845664,20241218
경기도 시흥시,경기도 시흥시 역전로290번길 15,경기도 시흥시 정왕동 2300-5,생활방범,3,200,360도,30,201612,031-310-6763,37.3530383,126.7409625,20241218
경기도 시흥시,경기도 시흥시 대골길 19,경기도 시흥시 대야동 444-5,생활방범,3,200,360도,30,201312,031-310-6763,37.4490587,126.7902803,20241218
경기도 시흥시,경기도 시흥시 대골길 23,경기도 시흥시 대야동 446,생활방범,4,200,360도,30,201312,031-310-6763,37.448451,126.7898945,20241218
경기도 시흥시,경기도 시흥시 뱀내장터로19번길 22-1,경기도 시흥시 대야동 491,생활방범,4,200,360도,30,201312,031-310-6763,37.4437011,126.7879933,20241218
경기도 시흥시,,경기도 시흥시 대야동 274-23,생활방범,4,200,360도,30,201312,031-310-6763,37.4559709,126.7874652,20241218
경기도 시흥시,,경기도 시흥시 대야동 282-1,생활방범,4,200,360도,30,201312,031-310-6763,37.4487919,126.7926702,20241218
경기도 시흥시,경기도 시흥시 복지로120번길 15-10,경기도 시흥시 대야동 274-22,생활방범,5,200,360도,30,201312,031-310-6763,37.4493637,126.7923611,20241218
경기도 시흥시,,경기도 시흥시 은행동 587,생활방범,4,200,360도,30,201312,031-310-6763,37.4433334,126.8023287,20241218
경기도 시흥시,경기도 시흥시 대은로104번길 30,경기도 시흥시 은행동 540-7,생활방범,5,200,360도,30,201312,031-310-6763,37.4430252,126.8003672,20241218
경기도 시흥시,경기도 시흥시 은행로144번길 4,경기도 시흥시 은행동 540-1,생활방범,4,200,360도,30,201312,031-310-6763,37.4441873,126.8003374,20241218
경기도 시흥시,경기도 시흥시 시흥대로1056번길 8-2,경기도 시흥시 은행동 323-37,생활방범,3,200,360도,30,201312,031-310-6763,37.4303085,126.7929884,20241218
경기도 시흥시,경기도 시흥시 수인로3247번길 120,경기도 시흥시 은행동 318-6,생활방범,4,200,360도,30,201312,031-310-6763,37.4294424,126.7946519,20241218
경기도 시흥시,경기도 시흥시 은행로65번길 17-20,경기도 시흥시 은행동 109-103,생활방범,4,200,360도,30,201312,031-310-6763,37.4376185,126.7941142,20241218
경기도 시흥시,경기도 시흥시 검바위1로 70,경기도 시흥시 은행동 245-1,생활방범,4,200,360도,30,201312,031-310-6763,37.4351952,126.7959383,20241218
경기도 시흥시,경기도 시흥시 은행로 60,경기도 시흥시 은행동 107,생활방범,4,200,360도,30,201312,031-310-6763,37.437492,126.7958564,20241218
경기도 시흥시,,경기도 시흥시 포동 341-2,생활방범,4,200,360도,30,201312,031-310-6763,37.4082314,126.787559,20241218
경기도 시흥시,,경기도 시흥시 미산동 325-1,생활방범,3,200,360도,30,201312,031-310-6763,37.4166483,126.7938401,20241218
경기도 시흥시,,경기도 시흥시 미산동 204-8,생활방범,4,200,360도,30,201312,031-310-6763,37.4230443,126.7866426,20241218
경기도 시흥시,,경기도 시흥시 포동 20-94,생활방범,4,200,360도,30,201312,031-310-6763,37.4023654,126.7735464,20241218
경기도 시흥시,경기도 시흥시 시화호수전원2길 89-8,경기도 시흥시 정왕동 2794-2,생활방범,3,200,360도,30,201712,031-310-6763,37.3162558,126.7042743,20241218
경기도 시흥시,경기도 시흥시 시화호수전원2길 90-6,경기도 시흥시 정왕동 2793-3,생활방범,3,200,360도,30,201712,031-310-6763,37.3152366,126.7033046,20241218
경기도 시흥시,경기도 시흥시 시화호수전원2길 89-2,경기도 시흥시 정왕동 2794-5,생활방범,3,200,360도,30,201712,031-310-6763,37.3156912,126.7039625,20241218
경기도 시흥시,경기도 시흥시 엠티브이25로 66,경기도 시흥시 정왕동 2616,생활방범,2,200,360도,30,201712,031-310-6763,37.3212918,126.7116406,20241218
경기도 시흥시,경기도 시흥시 시화벤처로 296,경기도 시흥시 정왕동 2662,생활방범,4,200,360도,30,201712,031-310-6763,37.3191598,126.7095789,20241218
경기도 시흥시,경기도 시흥시 엠티브이25로 12,경기도 시흥시 정왕동 2663,생활방범,3,200,360도,30,201712,031-310-6763,37.3178181,126.7082591,20241218
경기도 시흥시,경기도 시흥시 엠티브이26로 21,경기도 시흥시 정왕동 2655-5,생활방범,3,200,360도,30,201712,031-310-6763,37.3147031,126.7099117,20241218
경기도 시흥시,경기도 시흥시 시화벤처로 328,경기도 시흥시 정왕동 2664,생활방범,4,200,360도,30,201712,031-310-6763,37.3173299,126.7125097,20241218
경기도 시흥시,경기도 시흥시 엠티브이25로58번길 58,경기도 시흥시 정왕동 2620-5,생활방범,4,200,360도,30,201712,031-310-6763,37.3171118,126.7164476,20241218
경기도 시흥시,경기도 시흥시 엠티브이24로 19,경기도 시흥시 정왕동 2664-2,생활방범,4,200,360도,30,201712,031-310-6763,37.3143749,126.713809,20241218
경기도 시흥시,,경기도 시흥시 정왕동 2827,생활방범,3,200,360도,30,201712,031-310-6763,37.31135,126.7109916,20241218
경기도 시흥시,,경기도 시흥시 정왕동 2759,생활방범,3,200,360도,30,201712,031-310-6763,37.3193149,126.6978852,20241218
경기도 시흥시,,경기도 시흥시 정왕동 2647,생활방범,3,200,360도,30,201712,031-310-6763,37.324894,126.6971053,20241218
경기도 시흥시,,경기도 시흥시 정왕동 2598-3,생활방범,3,200,360도,30,201712,031-310-6763,37.3264594,126.6991315,20241218
경기도 시흥시,,경기도 시흥시 미산동 317-12,생활방범,3,200,360도,30,201712,031-310-6763,37.4179217,126.7932978,20241218
경기도 시흥시,경기도 시흥시 엠티브이26로 41,경기도 시흥시 정왕동 2606-3,생활방범,3,200,360도,30,201712,031-310-6763,37.3231952,126.7045077,20241218
경기도 시흥시,,경기도 시흥시 정왕동 2609-6,생활방범,3,200,360도,30,201712,031-310-6763,37.3209182,126.7094643,20241218
경기도 시흥시,경기도 시흥시 엠티브이북로 253,경기도 시흥시 정왕동 2659,생활방범,3,200,360도,30,201712,031-310-6763,37.3174868,126.7056864,20241218
경기도 시흥시,,경기도 시흥시 정왕동 2795,생활방범,3,200,360도,30,201712,031-310-6763,37.3175637,126.700492,20241218
경기도 시흥시,,경기도 시흥시 정왕동 2798,생활방범,3,200,360도,30,201712,031-310-6763,37.3160439,126.7047826,20241218
경기도 시흥시,,경기도 시흥시 정왕동 2810,생활방범,3,200,360도,30,201712,031-310-6763,37.3180406,126.696663,20241218
경기도 시흥시,,경기도 시흥시 배곧동 283,생활방범,3,200,360도,30,201712,031-310-6763,37.3573823,126.7133115,20241218
경기도 시흥시,,경기도 시흥시 배곧동 296,생활방범,4,200,360도,30,201712,031-310-6763,37.3586417,126.7074098,20241218
경기도 시흥시,경기도 시흥시 서울대학로 59-21,경기도 시흥시 배곧동 299-3,생활방범,4,200,360도,30,201712,031-310-6763,37.3566691,126.7063248,20241218
경기도 시흥시,,경기도 시흥시 배곧동 259,생활방범,3,200,360도,30,201712,031-310-6763,37.3596314,126.7184261,20241218
경기도 시흥시,,경기도 시흥시 매화동 379-3,생활방범,4,200,360도,30,201712,031-310-6763,37.4174387,126.8080712,20241218
경기도 시흥시,,경기도 시흥시 매화동 452-29,생활방범,4,200,360도,30,201912,031-310-6763,37.4139815,126.8076459,20241218
경기도 시흥시,경기도 시흥시 매화2로19번길 10,경기도 시흥시 매화동 221-45,생활방범,3,200,360도,30,201912,031-310-6763,37.4163641,126.8116129,20241218
경기도 시흥시,경기도 시흥시 매화로39번길 38-16,경기도 시흥시 매화동 263-7,생활방범,2,200,360도,30,201912,031-310-6763,37.4145915,126.815495,20241218
경기도 시흥시,경기도 시흥시 역전로 430,경기도 시흥시 정왕동 1889-1,생활방범,4,200,360도,30,201712,031-310-6763,37.361235,126.7369485,20241218
경기도 시흥시,경기도 시흥시 큰솔로52번길 19,경기도 시흥시 정왕동 1553-7,생활방범,4,200,360도,30,201712,031-310-6763,37.3407049,126.7550009,20241218
경기도 시흥시,경기도 시흥시 정왕천로355번길 42,경기도 시흥시 정왕동 1596-13,생활방범,4,200,360도,30,201712,031-310-6763,37.3426879,126.7443389,20241218
경기도 시흥시,,경기도 시흥시 은행동 289-11,생활방범,4,200,360도,30,201712,031-310-6763,37.4314358,126.7944719,20241218
경기도 시흥시,경기도 시흥시 군자로487번길 3,경기도 시흥시 거모동 1726-9,생활방범,3,200,360도,30,201712,031-310-6763,37.3465125,126.7843518,20241218
경기도 시흥시,경기도 시흥시 신천로44번길 33,경기도 시흥시 신천동 781-9,생활방범,3,200,360도,30,201712,031-310-6763,37.4378117,126.7899239,20241218
경기도 시흥시,경기도 시흥시 구미1길 14,경기도 시흥시 계수동 482-5,생활방범,3,200,360도,30,201712,031-310-6763,37.4498869,126.8057776,20241218
경기도 시흥시,경기도 시흥시 수인로 3472-22,경기도 시흥시 신천동 587-18,생활방범,3,200,360도,30,201712,031-310-6763,37.4440794,126.7752114,20241218
경기도 시흥시,,경기도 시흥시 신천동 586-72,생활방범,3,200,360도,30,201712,031-310-6763,37.4399993,126.775412,20241218
경기도 시흥시,,경기도 시흥시 방산동 137-3,생활방범,3,200,360도,30,201712,031-310-6763,37.4257068,126.7783794,20241218
경기도 시흥시,경기도 시흥시 미산로130번길 27,경기도 시흥시 미산동 358-5,생활방범,4,200,360도,30,201712,031-310-6763,37.4192574,126.7955008,20241218
경기도 시흥시,경기도 시흥시 수인로3077번길 13,경기도 시흥시 안현동 358-20,생활방범,3,200,360도,30,201712,031-310-6763,37.4292387,126.8119722,20241218
경기도 시흥시,경기도 시흥시 수인로2793번길 57-1,경기도 시흥시 도창동 187-2,생활방범,3,200,360도,30,201712,031-310-6763,37.4028451,126.8229591,20241218
경기도 시흥시,경기도 시흥시 동서로 865-9,경기도 시흥시 물왕동 23-2,생활방범,3,200,360도,30,201712,031-310-6763,37.3819866,126.841945,20241218
경기도 시흥시,경기도 시흥시 군자로387번길 1,경기도 시흥시 거모동 1045-8,생활방범,4,200,360도,30,201712,031-310-6763,37.3526526,126.7759775,20241218
경기도 시흥시,,경기도 시흥시 군자동 480-6,생활방범,3,200,360도,30,201712,031-310-6763,37.363722,126.7872611,20241218
경기도 시흥시,,경기도 시흥시 무지내 420-7,생활방범,3,200,360도,30,201712,031-310-6763,37.4135923,126.8441248,20241218
경기도 시흥시,경기도 시흥시 은행로218번길 33-7,경기도 시흥시 대야동 361-2,생활방범,5,200,360도,30,202112,031-310-6763,37.4448976,126.7909542,20241218
경기도 시흥시,경기도 시흥시 신천로 94,경기도 시흥시 신천동 770-7,생활방범,5,200,360도,30,202112,031-310-6763,37.4383298,126.7865611,20241218
경기도 시흥시,,경기도 시흥시 정왕동 1946,생활방범,5,200,360도,30,202112,031-310-6763,37.3538837,126.7147352,20241218
경기도 시흥시,경기도 시흥시 호현로 5-12,경기도 시흥시 신천동 713-13,생활방범,5,200,360도,30,202112,031-310-6763,37.4419662,126.782204,20241218
경기도 시흥시,,경기도 시흥시 금이동 417-4,생활방범,4,200,360도,30,202112,031-310-6763,37.3930905,126.8395428,20241218
경기도 시흥시,,경기도 시흥시 매화동 220-24,생활방범,4,200,360도,30,202112,031-310-6763,37.417261,126.8116619,20241218
경기도 시흥시,경기도 시흥시 매화2로48번길 2,경기도 시흥시 매화동 229-1,생활방범,5,200,360도,30,202112,031-310-6763,37.4162999,126.8100264,20241218
경기도 시흥시,경기도 시흥시 남왕길 48-3,경기도 시흥시 목감동 411,생활방범,4,200,360도,30,202112,031-310-6763,37.3829759,126.8628116,20241218
경기도 시흥시,경기도 시흥시 목감남서로 15,경기도 시흥시 조남동 670,생활방범,5,200,360도,30,202112,031-310-6763,37.3747572,126.8519174,20241218
경기도 시흥시,경기도 시흥시 목감남서로 15,경기도 시흥시 조남동 670,생활방범,4,200,360도,30,202112,031-310-6763,37.3754695,126.8512602,20241218
경기도 시흥시,경기도 시흥시 봉우재로51번길 7-1,경기도 시흥시 정왕동 1838-2,생활방범,4,200,360도,30,202112,031-310-6763,37.3474667,126.7449851,20241218
경기도 시흥시,,경기도 시흥시 장곡동 812-1,생활방범,5,200,360도,30,202112,031-310-6763,37.3782369,126.7832903,20241218
경기도 시흥시,,경기도 시흥시 배곧동 244,생활방범,4,200,360도,30,202112,031-310-6763,37.3638641,126.7144582,20241218
경기도 시흥시,,경기도 시흥시 배곧동 78-12,생활방범,4,200,360도,30,202112,031-310-6763,37.3788324,126.7304216,20241218
경기도 시흥시,,경기도 시흥시 배곧동 79,생활방범,4,200,360도,30,202112,031-310-6763,37.3769447,126.731377,20241218
경기도 시흥시,,경기도 시흥시 정왕동 2165-3,생활방범,4,200,360도,30,202112,031-310-6763,37.349015,126.721092,20241218
경기도 시흥시,경기도 시흥시 산기대학로 77,경기도 시흥시 정왕동 2165-2,생활방범,5,200,360도,30,202112,031-310-6763,37.3475476,126.7196923,20241218
경기도 시흥시,경기도 시흥시 산기대학로 29,경기도 시흥시 정왕동 2164-8,생활방범,5,200,360도,30,202112,031-310-6763,37.3506078,126.7148289,20241218
경기도 시흥시,경기도 시흥시 공단1대로 55,경기도 시흥시 정왕동 1244-9,생활방범,5,200,360도,30,202112,031-310-6763,37.3466812,126.7114418,20241218
경기도 시흥시,경기도 시흥시 공단1대로 101,경기도 시흥시 정왕동 1253-5,생활방범,5,200,360도,30,202112,031-310-6763,37.3437599,126.7161833,20241218
경기도 시흥시,,경기도 시흥시 배곧동 188,생활방범,5,200,360도,30,201712,031-310-6763,37.3721706,126.7267818,20241218
경기도 시흥시,경기도 시흥시 배곧4로 106-26,경기도 시흥시 배곧동 155,생활방범,5,200,360도,30,201712,031-310-6763,37.3711578,126.7291594,20241218
경기도 시흥시,경기도 시흥시 배곧4로 72,경기도 시흥시 배곧동 148,생활방범,3,200,360도,30,201712,031-310-6763,37.3746361,126.7319767,20241218
경기도 시흥시,경기도 시흥시 배곧4로 94-52,경기도 시흥시 배곧동 172,생활방범,4,200,360도,30,201712,031-310-6763,37.3710003,126.7361633,20241218
경기도 시흥시,경기도 시흥시 배곧3로 27-8,경기도 시흥시 배곧동 139,생활방범,4,200,360도,30,201712,031-310-6763,37.3742013,126.7286181,20241218
경기도 시흥시,,경기도 시흥시 배곧동 187,생활방범,4,200,360도,30,201712,031-310-6763,37.3734772,126.7244706,20241218
경기도 시흥시,경기도 시흥시 배곧3로 27-8,경기도 시흥시 배곧동 139,생활방범,3,200,360도,30,201712,031-310-6763,37.3727135,126.7272316,20241218
경기도 시흥시,,경기도 시흥시 배곧동 187,생활방범,3,200,360도,30,201712,031-310-6763,37.3726818,126.7235407,20241218
경기도 시흥시,,경기도 시흥시 배곧동 187,생활방범,3,200,360도,30,201712,031-310-6763,37.3724151,126.7246678,20241218
경기도 시흥시,경기도 시흥시 배곧4로 72,경기도 시흥시 배곧동 148,생활방범,3,200,360도,30,201712,031-310-6763,37.3753271,126.7313973,20241218
경기도 시흥시,,경기도 시흥시 조남동 174-15,생활방범,4,200,360도,30,200912,031-310-6763,37.3832675,126.8579289,20241218
경기도 시흥시,경기도 시흥시 삼미시장3길 2,경기도 시흥시 신천동 733-5,생활방범,4,200,360도,30,201912,031-310-6763,37.4393209,126.7851343,20241218
경기도 시흥시,경기도 시흥시 수인로3413번길 51-1,경기도 시흥시 신천동 815-2,생활방범,3,200,360도,30,201912,031-310-6763,37.4385092,126.7764947,20241218
경기도 시흥시,,경기도 시흥시 은행동 249-13,생활방범,3,200,360도,30,201912,031-310-6763,37.4330166,126.8094837,20241218
경기도 시흥시,,경기도 시흥시 은행동 250-51,생활방범,5,200,360도,30,201912,031-310-6763,37.4339889,126.7955231,20241218
경기도 시흥시,경기도 시흥시 검바위2로 47-5,경기도 시흥시 은행동 250-25,생활방범,3,200,360도,30,201912,031-310-6763,37.4331746,126.7962569,20241218
경기도 시흥시,경기도 시흥시 검바위2로 40-7,경기도 시흥시 은행동 275-1,생활방범,2,200,360도,30,201912,031-310-6763,37.4324094,126.7970841,20241218
경기도 시흥시,경기도 시흥시 시흥대로 1051-4,경기도 시흥시 신천동 889-13,생활방범,3,200,360도,30,201912,031-310-6763,37.4299228,126.7919384,20241218
경기도 시흥시,경기도 시흥시 문화마을로21번길 12,경기도 시흥시 신천동 415-6,생활방범,2,200,360도,30,201912,031-310-6763,37.4438752,126.7786582,20241218
경기도 시흥시,,경기도 시흥시 신천동 415-15,생활방범,3,200,360도,30,201912,031-310-6763,37.4430085,126.7787145,20241218
경기도 시흥시,경기도 시흥시 신천천동로51번길 1,경기도 시흥시 신천동 843-22,생활방범,3,200,360도,30,201912,031-310-6763,37.4368461,126.7820462,20241218
경기도 시흥시,,경기도 시흥시 신천동 747,생활방범,4,200,360도,30,201912,031-310-6763,37.4418976,126.779687,20241218
경기도 시흥시,경기도 시흥시 대야로3번길 18,경기도 시흥시 대야동 487-6,생활방범,2,200,360도,30,201912,031-310-6763,37.4446363,126.7870019,20241218
경기도 시흥시,,경기도 시흥시 매화동 322-5,생활방범,3,200,360도,30,201912,031-310-6763,37.4150778,126.8098069,20241218
경기도 시흥시,경기도 시흥시 매화우회로 83,경기도 시흥시 매화동 443-3,생활방범,4,200,360도,30,201912,031-310-6763,37.4167076,126.807173,20241218
경기도 시흥시,,경기도 시흥시 신천동 446-1,생활방범,2,200,360도,30,201912,031-310-6763,37.4400038,126.7767899,20241218
경기도 시흥시,경기도 시흥시 신천로44번안길 19,경기도 시흥시 신천동 773-4,생활방범,3,200,360도,30,201912,031-310-6763,37.4378401,126.7877752,20241218
경기도 시흥시,경기도 시흥시 문화마을로2번길 7,경기도 시흥시 신천동 725-3,생활방범,3,200,360도,30,201912,031-310-6763,37.4422026,126.7806046,20241218
경기도 시흥시,경기도 시흥시 삼미시장1길 9,경기도 시흥시 신천동 737-5,생활방범,4,200,360도,30,201912,031-310-6763,37.4401955,126.7853268,20241218
경기도 시흥시,경기도 시흥시 정왕천로432번길 12,경기도 시흥시 정왕동 1508-1,생활방범,5,200,360도,30,200612,031-310-6763,37.345195,126.754536,20241218
경기도 시흥시,경기도 시흥시 큰솔공원로9번길 1,경기도 시흥시 정왕동 1530-5,생활방범,5,200,360도,30,200612,031-310-6763,37.3428165,126.7555771,20241218
경기도 시흥시,경기도 시흥시 군서로46번길 8-1,경기도 시흥시 정왕동 1205,생활방범,5,200,360도,30,200812,031-310-6763,37.3467134,126.7479168,20241218
경기도 시흥시,,경기도 시흥시 거모동 298-1,교통단속,3,200,360도,30,202311,031-310-5132,37.3627121,126.7725079,20241218
경기도 시흥시,경기도 시흥시 군서마을로 10-3,경기도 시흥시 정왕동 1214-6,생활방범,5,200,360도,30,200812,031-310-6763,37.34405,126.750354,20241218
경기도 시흥시,경기도 시흥시 큰솔공원로 24,경기도 시흥시 정왕동 1543-9,생활방범,4,200,360도,30,200812,031-310-6763,37.3418467,126.7565174,20241218
경기도 시흥시,경기도 시흥시 큰솔로56번길 9-1,경기도 시흥시 정왕동 1548-5,생활방범,5,200,360도,30,200812,031-310-6763,37.3416329,126.7544117,20241218
경기도 시흥시,경기도 시흥시 큰솔로8번안길 29-1,경기도 시흥시 정왕동 1401-1,생활방범,5,200,360도,30,200812,031-310-6763,37.339972,126.7545579,20241218
경기도 시흥시,경기도 시흥시 큰솔로7번안길 29,경기도 시흥시 정왕동 1409-1,생활방범,4,200,360도,30,200812,031-310-6763,37.341401,126.7520555,20241218
경기도 시흥시,경기도 시흥시 큰솔로8번안길 3,경기도 시흥시 정왕동 1427-7,생활방범,5,200,360도,30,200812,031-310-6763,37.3380727,126.7527444,20241218
경기도 시흥시,경기도 시흥시 정왕천로369번길 13-3,경기도 시흥시 정왕동 1431-11,생활방범,4,200,360도,30,200812,031-310-6763,37.3422437,126.7479135,20241218
경기도 시흥시,경기도 시흥시 정왕천로375번길 22-21,경기도 시흥시 정왕동 1560,생활방범,5,200,360도,30,200812,031-310-6763,37.3436331,126.7484198,20241218
경기도 시흥시,경기도 시흥시 봉우재로30번길 11,경기도 시흥시 정왕동 1578-3,생활방범,4,200,360도,30,200812,031-310-6763,37.3448412,126.7450817,20241218
경기도 시흥시,경기도 시흥시 정왕천로369번길 39-1,경기도 시흥시 정왕동 1586-9,생활방범,4,200,360도,30,200812,031-310-6763,37.3434211,126.7455734,20241218
경기도 시흥시,경기도 시흥시 정왕천로359번길 53,경기도 시흥시 정왕동 1594-6,생활방범,5,200,360도,30,200812,031-310-6763,37.3435922,126.7438624,20241218
경기도 시흥시,경기도 시흥시 봉우재로 23-17,경기도 시흥시 정왕동 1609-10,생활방범,5,200,360도,30,200812,031-310-6763,37.3458573,126.7420139,20241218
경기도 시흥시,,경기도 시흥시 정왕동 2138,생활방범,2,200,360도,30,200812,031-310-6763,37.3571696,126.717075,20241218
경기도 시흥시,,경기도 시흥시 정왕동 2138,생활방범,2,200,360도,30,200812,031-310-6763,37.3561875,126.7155401,20241218
경기도 시흥시,경기도 시흥시 비둘기공원4길 5,경기도 시흥시 대야동 532-4,생활방범,4,200,360도,30,200912,031-310-6763,37.443703,126.7900206,20241218
경기도 시흥시,경기도 시흥시 대골안길 23,경기도 시흥시 대야동 456,생활방범,5,200,360도,30,200912,031-310-6763,37.4475395,126.789479,20241218
경기도 시흥시,경기도 시흥시 대골안길 31,경기도 시흥시 대야동 456-2,생활방범,5,200,360도,30,200912,031-310-6763,37.4460365,126.7899221,20241218
경기도 시흥시,,경기도 시흥시 대야동 470-2,생활방범,5,200,360도,30,200912,031-310-6763,37.4444715,126.7889663,20241218
경기도 시흥시,경기도 시흥시 호현로49번길 3,경기도 시흥시 신천동 704-4,생활방범,4,200,360도,30,200912,031-310-6763,37.4445286,126.7845368,20241218
경기도 시흥시,경기도 시흥시 은행로173번길 17,경기도 시흥시 대야동 572-3,생활방범,3,200,360도,30,200912,031-310-6763,37.4454987,126.797288,20241218
경기도 시흥시,경기도 시흥시 복지로 3,경기도 시흥시 신천동 709-6,생활방범,4,200,360도,30,200912,031-310-6763,37.4403034,126.7870423,20241218
경기도 시흥시,경기도 시흥시 신천천동로 13,경기도 시흥시 신천동 765,생활방범,4,200,360도,30,200912,031-310-6763,37.4381887,126.7846808,20241218
경기도 시흥시,경기도 시흥시 호현로22번길 13,경기도 시흥시 신천동 709-19,생활방범,5,200,360도,30,200912,031-310-6763,37.442122,126.7846421,20241218
경기도 시흥시,경기도 시흥시 신천로7번길 12,경기도 시흥시 신천동 885-1,생활방범,5,200,360도,30,200912,031-310-6763,37.4319555,126.7919112,20241218
경기도 시흥시,경기도 시흥시 배곧4로 72,경기도 시흥시 배곧동 148,생활방범,3,200,360도,30,201712,031-310-6763,37.3744245,126.7304508,20241218
경기도 시흥시,,경기도 시흥시 조남동 572-5,생활방범,4,200,360도,30,202312,031-310-6763,37.3709264,126.8683367,20241218
경기도 시흥시,경기도 시흥시 목감초등길 14-18,경기도 시흥시 조남동 171-36,생활방범,3,200,360도,30,202312,031-310-6763,37.3849521,126.8587977,20241218
경기도 시흥시,,경기도 시흥시 조남동 653,생활방범,5,200,360도,30,202312,031-310-6763,37.3784837,126.8527543,20241218
경기도 시흥시,경기도 시흥시 옥구천서로237번길 78,경기도 시흥시 정왕동 1242-7,생활방범,4,200,360도,30,202312,031-310-6763,37.3500184,126.7108771,20241218
경기도 시흥시,경기도 시흥시 옥구천서로237번길 30,경기도 시흥시 정왕동 1243-6,생활방범,5,200,360도,30,202312,031-310-6763,37.3472401,126.7154323,20241218
경기도 시흥시,경기도 시흥시 옥구천서로81번길 78,경기도 시흥시 정왕동 1352-10,생활방범,4,200,360도,30,202312,031-310-6763,37.3389182,126.700098,20241218
경기도 시흥시,경기도 시흥시 금오로118번길 90,경기도 시흥시 무지내동 462-4,생활방범,4,200,360도,30,202312,031-310-6763,37.4089706,126.8464761,20241218
경기도 시흥시,,경기도 시흥시 무지내동 349-12,생활방범,4,200,360도,30,202312,031-310-6763,37.4138555,126.8415643,20241218
경기도 시흥시,,경기도 시흥시 하중동 325-1,생활방범,3,200,360도,30,202312,031-310-6763,37.4008218,126.796878,20241218
경기도 시흥시,,경기도 시흥시 하중동 142-29,생활방범,5,200,360도,30,202312,031-310-6763,37.403363,126.7941987,20241218
경기도 시흥시,,경기도 시흥시 하중동 763-3,생활방범,4,200,360도,30,202312,031-310-6763,37.3868276,126.8062835,20241218
경기도 시흥시,,경기도 시흥시 하상동 295-9,생활방범,4,200,360도,30,202312,031-310-6763,37.3886136,126.8179418,20241218
경기도 시흥시,경기도 시흥시 시흥대로 194-23,경기도 시흥시 군자동 34-2,생활방범,3,200,360도,30,202312,031-310-6763,37.3565483,126.8050403,20241218
경기도 시흥시,,경기도 시흥시 장곡동 20,생활방범,3,200,360도,30,202312,031-310-6763,37.386611,126.7857145,20241218
경기도 시흥시,경기도 시흥시 협력로 176,경기도 시흥시 정왕동 1246-6,생활방범,4,200,360도,30,202312,031-310-6763,37.3442296,126.7089817,20241218
경기도 시흥시,경기도 시흥시 협력로 280,경기도 시흥시 정왕동 2165-1,생활방범,4,200,360도,30,202312,031-310-6763,37.3517638,126.7162979,20241218
경기도 시흥시,경기도 시흥시 경기과기대로 269,경기도 시흥시 정왕동 2121-3,생활방범,4,200,360도,30,202312,031-310-6763,37.3391755,126.7377679,20241218
경기도 시흥시,경기도 시흥시 마유로 226,경기도 시흥시 정왕동 1366-14,생활방범,4,200,360도,30,202312,031-310-6763,37.3382477,126.7281053,20241218
경기도 시흥시,경기도 시흥시 옥구천서로237번길 49,경기도 시흥시 정왕동 1244,생활방범,4,200,360도,30,202312,031-310-6763,37.3479505,126.7125977,20241218
경기도 시흥시,경기도 시흥시 경제로 56,경기도 시흥시 정왕동 1354,생활방범,4,200,360도,30,202312,031-310-6763,37.3384568,126.7034093,20241218
경기도 시흥시,경기도 시흥시 협력로 62,경기도 시흥시 정왕동 1696-11,생활방범,4,200,360도,30,202312,031-310-6763,37.3359677,126.7010001,20241218
경기도 시흥시,경기도 시흥시 옥구천서로93번길 56,경기도 시흥시 정왕동 1351-3,생활방범,4,200,360도,30,202312,031-310-6763,37.3384211,126.703053,20241218
경기도 시흥시,경기도 시흥시 공단1대로260번길 3,경기도 시흥시 정왕동 1276,생활방범,5,200,360도,30,202312,031-310-6763,37.378272,126.8456047,20241218
경기도 시흥시,경기도 시흥시 동서로 914,경기도 시흥시 산현동 16-9,생활방범,4,200,360도,30,202312,031-310-6763,37.3785124,126.8456041,20241218
경기도 시흥시,경기도 시흥시 매화로94번길 20,경기도 시흥시 매화동 306-1,생활방범,4,200,360도,30,202412,031-310-6763,37.4120312,126.8105979,20241218
경기도 시흥시,경기도 시흥시 매화로94번길 27,경기도 시흥시 매화로 94번길 27,생활방범,3,200,360도,30,202412,031-310-6763,37.4126104,126.8112327,20241218
경기도 시흥시,,경기도 시흥시 매화동 306-2,생활방범,3,200,360도,30,202412,031-310-6763,37.4122229,126.8119065,20241218
경기도 시흥시,,경기도 시흥시 매화동 306-4,생활방범,3,200,360도,30,202412,031-310-6763,37.4115999,126.811212,20241218
경기도 시흥시,,경기도 시흥시 매화동 293-6,생활방범,3,200,360도,30,202412,031-310-6763,37.4121116,126.8125652,20241218
경기도 시흥시,경기도 시흥시 매화로94번길 29,경기도 시흥시 도창동 429-4,생활방범,3,200,360도,30,202412,031-310-6763,37.4111432,126.8115823,20241218
경기도 시흥시,,경기도 시흥시 하중동 392-7,생활방범,3,200,360도,30,201912,031-310-6763,37.3985587,126.8003551,20241218
경기도 시흥시,경기도 시흥시 하중로136번길 22,경기도 시흥시 하중동 833-4,생활방범,3,200,360도,30,201912,031-310-6763,37.3989245,126.798527,20241218
경기도 시흥시,경기도 시흥시 새재로7번길 6,경기도 시흥시 장현동 544-6,생활방범,3,200,360도,30,201912,031-310-6763,37.380743,126.8008528,20241218
경기도 시흥시,경기도 시흥시 새재로 19,경기도 시흥시 장현동 547-5,생활방범,3,200,360도,30,201912,031-310-6763,37.3810146,126.8023384,20241218
경기도 시흥시,경기도 시흥시 연성로13번길 5-10,경기도 시흥시 하중동 877-4,생활방범,4,200,360도,30,201912,031-310-6763,37.3905727,126.8044324,20241218
경기도 시흥시,경기도 시흥시 연성로13번길 5-4,경기도 시흥시 하중동 877-1,생활방범,3,200,360도,30,201912,031-310-6763,37.3916279,126.8040244,20241218
경기도 시흥시,경기도 시흥시 관곡지로 39-6,경기도 시흥시 하중동 815-6,생활방범,2,200,360도,30,201912,031-310-6763,37.4004311,126.7983629,20241218
경기도 시흥시,,경기도 시흥시 하중동 149-4,생활방범,3,200,360도,30,201912,031-310-6763,37.4016405,126.7981266,20241218
경기도 시흥시,경기도 시흥시 신현로30번길 2,경기도 시흥시 포동 4-6,생활방범,3,200,360도,30,201912,031-310-6763,37.406856,126.786405,20241218
경기도 시흥시,,경기도 시흥시 하상동 295-2,생활방범,2,200,360도,30,201912,031-310-6763,37.3895942,126.8170273,20241218
경기도 시흥시,경기도 시흥시 정왕천로411번길 25,경기도 시흥시 정왕동 1201,생활방범,5,200,360도,30,201912,031-310-6763,37.345711,126.7495283,20241218
경기도 시흥시,경기도 시흥시 오동마을로 6,경기도 시흥시 정왕동 2319-1,생활방범,5,200,360도,30,201912,031-310-6763,37.3530762,126.742341,20241218
경기도 시흥시,경기도 시흥시 배곧3로 27-8,경기도 시흥시 배곧동 139,생활방범,5,200,360도,30,201712,031-310-6763,37.3750826,126.7289354,20241218
경기도 시흥시,,경기도 시흥시 월곶동 100-7,생활방범,4,200,360도,30,201912,031-310-6763,37.3817233,126.7673585,20241218
경기도 시흥시,경기도 시흥시 새우개3길 16-1,경기도 시흥시 포동 68-19,생활방범,3,200,360도,30,201912,031-310-6763,37.4033787,126.7745992,20241218
경기도 시흥시,경기도 시흥시 군서마을로 76,경기도 시흥시 정왕동 1831-8,생활방범,4,200,360도,30,201912,031-310-6763,37.3473141,126.7442695,20241218
경기도 시흥시,경기도 시흥시 신흥마을4길 7,경기도 시흥시 신천동 815-15,생활방범,5,200,360도,30,200912,031-310-6763,37.437429,126.7763788,20241218
경기도 시흥시,,경기도 시흥시 신천동 843,생활방범,4,200,360도,30,200912,031-310-6763,37.4374494,126.7837549,20241218
경기도 시흥시,경기도 시흥시 수인로3395번길 14,경기도 시흥시 신천동 746-23,생활방범,5,200,360도,30,200912,031-310-6763,37.4402966,126.781121,20241218
경기도 시흥시,경기도 시흥시 신현로 437,경기도 시흥시 방산동 406,생활방범,3,200,360도,30,200912,031-310-6763,37.4197518,126.7683881,20241218
경기도 시흥시,,경기도 시흥시 은행동 93,생활방범,3,200,360도,30,200912,031-310-6763,37.4400713,126.7987419,20241218
경기도 시흥시,경기도 시흥시 은행로12번길 27,경기도 시흥시 은행동 261-2,생활방범,4,200,360도,30,200912,031-310-6763,37.4334851,126.7983314,20241218
경기도 시흥시,,경기도 시흥시 은행동 265,생활방범,4,200,360도,30,200912,031-310-6763,37.4327663,126.7963736,20241218
경기도 시흥시,,경기도 시흥시 은행동 599-3,생활방범,3,200,360도,30,200912,031-310-6763,37.4390846,126.7947461,20241218
경기도 시흥시,경기도 시흥시 매화1로 62,경기도 시흥시 매화동 303-1,생활방범,4,200,360도,30,200912,031-310-6763,37.4153848,126.8084959,20241218
경기도 시흥시,경기도 시흥시 수인로2421번길 101,경기도 시흥시 논곡동 160-32,생활방범,4,200,360도,30,200912,031-310-6763,37.3870962,126.859538,20241218
경기도 시흥시,경기도 시흥시 수인로2431번길 22,경기도 시흥시 논곡동 267-3,생활방범,4,200,360도,30,200912,031-310-6763,37.394953,126.8545494,20241218
경기도 시흥시,,경기도 시흥시 거모동 1474-1,생활방범,4,200,360도,30,200912,031-310-6763,37.3454154,126.7810747,20241218
경기도 시흥시,경기도 시흥시 황고개로206번길 28,경기도 시흥시 거모동 1720-3,생활방범,4,200,360도,30,200912,031-310-6763,37.3491518,126.7842875,20241218
경기도 시흥시,경기도 시흥시 도일로135번길 9,경기도 시흥시 거모동 1752-3,생활방범,5,200,360도,30,200912,031-310-6763,37.3429538,126.7835409,20241218
경기도 시흥시,경기도 시흥시 은계중앙로 254,경기도 시흥시 은행동608-1,교통단속,4,200,360도,30,201912,031-310-5132,37.4464655,126.8037776,20241218
경기도 시흥시,경기도 시흥시 은계호수로 56,경기도 시흥시 은행동606,교통단속,4,200,360도,30,201912,031-310-5132,37.4467723,126.8020537,20241218
경기도 시흥시,,경기도 시흥시 은행동 601-282,교통단속,5,200,360도,30,202009,031-310-5132,37.4461664,126.8006509,20241218
경기도 시흥시,경기도 시흥시 비둘기공원7길 18,경기도 시흥시 대야동 562-1,교통단속,3,200,360도,30,201909,031-310-5132,37.4447656,126.7935757,20241218
경기도 시흥시,,경기도 시흥시 신천동 83-106,교통단속,3,200,360도,30,202002,031-310-5132,37.4360096,126.7921506,20241218
경기도 시흥시,,경기도 시흥시 신천동 83-106,교통단속,3,200,360도,30,202002,031-310-5132,37.4366502,126.7931422,20241218
경기도 시흥시,,경기도 시흥시 조남동 731,교통단속,3,200,360도,30,202006,031-310-5132,37.3757068,126.848327,20241218
경기도 시흥시,경기도 시흥시 신천로19번안길 9-7,경기도 시흥시 신천동886-19,교통단속,3,200,360도,30,202006,031-310-5132,37.4319972,126.7916223,20241218
경기도 시흥시,,경기도 시흥시 정왕동 1495,교통단속,5,200,360도,30,202006,031-310-5132,37.3383618,126.7515179,20241218
경기도 시흥시,,경기도 시흥시 정왕동2517-2,교통단속,2,200,360도,30,202006,031-310-5132,37.3691522,126.7282481,20241218
경기도 시흥시,경기도 시흥시 은계중앙로 364,경기도 시흥시 대야동653-2,교통단속,4,200,360도,30,202007,031-310-5132,37.4512565,126.7959444,20241218
경기도 시흥시,경기도 시흥시 은계중앙로306번길 25,경기도 시흥시 대야동660-5,교통단속,3,200,360도,30,202007,031-310-5132,37.4521338,126.7988411,20241218
경기도 시흥시,,경기도 시흥시 은행동 645,교통단속,4,200,360도,30,202007,031-310-5132,37.4371172,126.8020529,20241218
경기도 시흥시,경기도 시흥시 은계중앙로 218,경기도 시흥시 은행동 608-14,교통단속,4,200,360도,30,202007,031-310-5132,37.4438289,126.8055726,20241218
경기도 시흥시,경기도 시흥시 은계중앙로 118,경기도 시흥시 은행동 620,교통단속,3,200,360도,30,202007,031-310-5132,37.439769,126.803026,20241218
경기도 시흥시,경기도 시흥시 은계중앙로 140,경기도 시흥시 은행동 632,교통단속,3,200,360도,30,202007,031-310-5132,37.4396745,126.8067208,20241218
경기도 시흥시,,경기도 시흥시 은행동 686-7,교통단속,3,200,360도,30,202007,031-310-5132,37.4347907,126.8058336,20241218
경기도 시흥시,경기도 시흥시 배곧4로 81-46,경기도 시흥시 정왕동 2468,교통단속,3,200,360도,30,202012,031-310-5132,37.374544,126.7340682,20241218
경기도 시흥시,경기도 시흥시 복지로71번길 18,경기도 시흥시 대야동 459-3,교통단속,5,200,360도,30,202012,031-310-5132,37.4464752,126.7888376,20241218
경기도 시흥시,,경기도 시흥시 정왕동 1985-1,교통단속,4,200,360도,30,202012,031-310-5132,37.3477617,126.6928783,20241218
경기도 시흥시,경기도 시흥시 목감남서로 9-5,경기도 시흥시 조남동652-2,교통단속,3,200,360도,30,202012,031-310-5132,37.377724,126.8513351,20241218
경기도 시흥시,,경기도 시흥시 산현동 526,교통단속,1,200,360도,30,202012,031-310-5132,37.3747645,126.8422284,20241218
경기도 시흥시,경기도 시흥시 수인로2793번길 6,경기도 시흥시 도창동 118,생활방범,3,200,360도,30,201112,031-310-6763,37.406981,126.8247815,20241218
경기도 시흥시,,경기도 시흥시 도창동 22-3,생활방범,2,200,360도,30,201112,031-310-6763,37.4083637,126.8241591,20241218
경기도 시흥시,,경기도 시흥시 도창동 98-4,생활방범,3,200,360도,30,201112,031-310-6763,37.4096066,126.8216874,20241218
경기도 시흥시,경기도 시흥시 매화1로 62,경기도 시흥시 매화동 303-1,생활방범,3,200,360도,30,201112,031-310-6763,37.4166593,126.8084377,20241218
경기도 시흥시,경기도 시흥시 매화1로 42,경기도 시흥시 매화동 332-7,생활방범,3,200,360도,30,201112,031-310-6763,37.4152498,126.8104595,20241218
경기도 시흥시,경기도 시흥시 매화1로 5,경기도 시흥시 매화동 250-1,생활방범,4,200,360도,30,201112,031-310-6763,37.4155946,126.8141897,20241218
경기도 시흥시,경기도 시흥시 매화로 66,경기도 시흥시 매화동 259-1,생활방범,4,200,360도,30,201112,031-310-6763,37.413764,126.8147019,20241218
경기도 시흥시,경기도 시흥시 매화로 36,경기도 시흥시 매화동 202-1,생활방범,4,200,360도,30,201112,031-310-6763,37.4168272,126.8151205,20241218
경기도 시흥시,,경기도 시흥시 논곡동 산 28,생활방범,4,200,360도,30,201112,031-310-6763,37.3856662,126.8588821,20241218
경기도 시흥시,경기도 시흥시 수인로2431번길 15,경기도 시흥시 논곡동 270-3,생활방범,4,200,360도,30,201112,031-310-6763,37.3949393,126.8552746,20241218
경기도 시흥시,,경기도 시흥시 논곡동 산 35-8,생활방범,4,200,360도,30,201112,031-310-6763,37.3929927,126.8556889,20241218
경기도 시흥시,경기도 시흥시 군서로6번길 17,경기도 시흥시 정왕동 1194-6,생활방범,2,200,360도,30,201912,031-310-6763,37.3449472,126.7519034,20241218
경기도 시흥시,경기도 시흥시 정왕천로396번길 13-2,경기도 시흥시 정왕동 1523-13,생활방범,4,200,360도,30,201912,031-310-6763,37.3425093,126.7522525,20241218
경기도 시흥시,경기도 시흥시 신현로30번길 16-4,경기도 시흥시 포동 6-5,생활방범,2,200,360도,30,201912,031-310-6763,37.4079309,126.7848132,20241218
경기도 시흥시,,경기도 시흥시 포동 16-4,생활방범,4,200,360도,30,201912,031-310-6763,37.4057711,126.7831695,20241218
경기도 시흥시,,경기도 시흥시 포동 20-257,생활방범,3,200,360도,30,201912,031-310-6763,37.4018204,126.7750192,20241218
경기도 시흥시,,경기도 시흥시 포동 36-61,생활방범,3,200,360도,30,201912,031-310-6763,37.4036727,126.7738121,20241218
경기도 시흥시,경기도 시흥시 수인로2431번길 55-3,경기도 시흥시 논곡동 230-2,생활방범,3,200,360도,30,201912,031-310-6763,37.3929084,126.8544297,20241218
경기도 시흥시,경기도 시흥시 역전로301번길 34,경기도 시흥시 정왕동 2305-2,쓰레기단속,1,200,전방 10~20m,10,201905,031-310-3105,37.353001,126.737446,20241218
경기도 시흥시,경기도 시흥시 오동마을로6번안길 6,경기도 시흥시 정왕동 2321-3,쓰레기단속,1,200,전방 10~20m,10,201905,031-310-3105,37.35249,126.742529,20241218
경기도 시흥시,경기도 시흥시 한우물로11번길 18-1,경기도 시흥시 거모동 1746-13,쓰레기단속,1,200,전방 10~20m,10,201905,031-310-3105,37.343393,126.782581,20241218
경기도 시흥시,경기도 시흥시 군자로466번길 59,경기도 시흥시 거모동 1748-19,쓰레기단속,1,200,전방 10~20m,10,201905,031-310-3105,37.343129,126.780822,20241218
경기도 시흥시,경기도 시흥시 거모동 1782,경기도 시흥시 거모동 1782,쓰레기단속,1,200,전방 10~20m,10,201905,031-310-3105,37.349044,126.785447,20241218
경기도 시흥시,경기도 시흥시 거모동 461-2,경기도 시흥시 거모동 461-2,쓰레기단속,1,200,전방 10~20m,10,201905,031-310-3105,37.354006,126.767989,20241218
경기도 시흥시,경기도 시흥시  과림동 399-16,경기도 시흥시  과림동 399-16,쓰레기단속,2,200,전방 10~20m,10,201905,031-310-3105,37.444162,126.83765,20241218
경기도 시흥시,경기도 시흥시 과림동 418-2,경기도 시흥시 과림동 418-2,쓰레기단속,2,200,전방 10~20m,10,201905,031-310-3105,37.43972,126.835837,20241218
경기도 시흥시,경기도 시흥시 월곶동 549-17,경기도 시흥시 월곶동 549-17,쓰레기단속,2,200,전방 10~20m,10,201905,031-310-3105,37.385372,126.756201,20241218
경기도 시흥시,경기도 시흥시 군서로 23-1,경기도 시흥시 정왕동 1213-5,쓰레기단속,2,200,전방 10~20m,7,202006,031-310-3105,37.344792,126.748992,20241218
경기도 시흥시,경기도 시흥시 서촌상가4길 8-12,경기도 시흥시 정왕동 1732-1,쓰레기단속,2,200,전방 10~20m,7,202006,031-310-3105,37.345542,126.733279,20241218
경기도 시흥시,경기도 시흥시 봉우재로 11-1,경기도 시흥시 정왕동 1618-5,쓰레기단속,2,200,전방 10~20m,7,202006,031-310-3105,37.344561,126.742809,20241218
경기도 시흥시,경기도 시흥시 도일로92번길 9-3,경기도 시흥시 거모동 1777-5,쓰레기단속,2,200,전방 10~20m,7,202006,031-310-3105,37.33901,126.784863,20241218
경기도 시흥시,경기도 시흥시 옥터로 47,경기도 시흥시 정왕동 2019-2,쓰레기단속,2,200,전방 10~20m,7,202006,031-310-3105,37.343667,126.691498,20241218
경기도 시흥시,경기도 시흥시 거모동 산27-56,경기도 시흥시 거모동 산27-56,쓰레기단속,2,200,전방 10~20m,7,202006,031-310-3105,37.345069,126.78546,20241218
경기도 시흥시,경기도 시흥시 정왕동 1730-1,경기도 시흥시 정왕동 1730-1,쓰레기단속,2,200,전방 10~20m,7,202006,031-310-3105,37.346397,126.731895,20241218
경기도 시흥시,경기도 시흥시 소망공원로 5,경기도 시흥시 정왕동 1235-7,생활방범,5,200,360도,30,202112,031-310-6763,37.3445434,126.7053774,20241218
경기도 시흥시,경기도 시흥시 소망공원로 91,경기도 시흥시 정왕동 1251-6,생활방범,5,200,360도,30,202112,031-310-6763,37.341583,126.7101651,20241218
경기도 시흥시,경기도 시흥시 소망공원로 102,경기도 시흥시 정왕동 1250-1,생활방범,3,200,360도,30,202112,031-310-6763,37.3392709,126.7121301,20241218
경기도 시흥시,경기도 시흥시 정왕천로 279,경기도 시흥시 정왕동 2122-3,생활방범,4,200,360도,30,202112,031-310-6763,37.3354208,126.7431052,20241218
경기도 시흥시,경기도 시흥시 협력로 99,경기도 시흥시 정왕동 1351-2,생활방범,5,200,360도,30,202112,031-310-6763,37.3391315,126.7037101,20241218
경기도 시흥시,,경기도 시흥시 정왕동 1963,생활방범,5,200,360도,30,202112,031-310-6763,37.3392488,126.7386276,20241218
경기도 시흥시,경기도 시흥시 경제로 95,경기도 시흥시 정왕동 1249-7,생활방범,5,200,360도,30,202112,031-310-6763,37.3362531,126.7088555,20241218
경기도 시흥시,경기도 시흥시 옥구천서로 77,경기도 시흥시 정왕동 1697-4,생활방범,4,200,360도,30,202112,031-310-6763,37.3344865,126.7071627,20241218
경기도 시흥시,경기도 시흥시 산기대학로 105,경기도 시흥시 정왕동 2166-1,생활방범,4,200,360도,30,202112,031-310-6763,37.3483734,126.7221932,20241218
경기도 시흥시,경기도 시흥시 산기대학로 156,경기도 시흥시 정왕동 1261,생활방범,5,200,360도,30,202112,031-310-6763,37.3438466,126.7252067,20241218
경기도 시흥시,경기도 시흥시 소망공원로 127,경기도 시흥시 정왕동 1256-14,생활방범,4,200,360도,30,202112,031-310-6763,37.3388411,126.7146227,20241218
경기도 시흥시,경기도 시흥시 희망공원로 83,경기도 시흥시 정왕동 1703-1,생활방범,5,200,360도,30,202112,031-310-6763,37.3312809,126.7126016,20241218
경기도 시흥시,경기도 시흥시 희망공원로 27,경기도 시흥시 정왕동 2175-9,생활방범,5,200,360도,30,202112,031-310-6763,37.3275497,126.7090476,20241218
경기도 시흥시,경기도 시흥시 마유로186번길 65,경기도 시흥시 정왕동 1281-10,생활방범,5,200,360도,30,202112,031-310-6763,37.331735,126.7309114,20241218
경기도 시흥시,경기도 시흥시 마유로186번길 10,경기도 시흥시 정왕동 1368,생활방범,5,200,360도,30,202112,031-310-6763,37.33182,126.7261613,20241218
경기도 시흥시,경기도 시흥시 호현로27번길 25-1,경기도 시흥시 신천동 703-33,교통단속,4,200,360도,30,202205,031-310-5132,37.4441306,126.7826757,20241218
경기도 시흥시,경기도 시흥시 정왕대로53번길 14,경기도 시흥시 정왕동 1867-2,교통단속,5,200,360도,30,202207,031-310-5132,37.3566978,126.7245222,20241218
경기도 시흥시,경기도 시흥시 정왕대로53번길 14,경기도 시흥시 정왕동 1867-2,교통단속,3,200,360도,30,202207,031-310-5132,37.3558994,126.725893,20241218
경기도 시흥시,,경기도 시흥시 월곶동 1061-6,교통단속,4,200,360도,30,202208,031-310-5132,37.3812583,126.7664787,20241218
경기도 시흥시,,경기도 시흥시 월곶동 1065-3,교통단속,4,200,360도,30,202208,031-310-5132,37.3802106,126.7670231,20241218
경기도 시흥시,,경기도 시흥시 논곡동 산35-8,생활방범,2,200,360도,30,201112,031-310-6763,37.3891717,126.8579934,20241218
경기도 시흥시,경기도 시흥시 신천로7번길 12,경기도 시흥시 신천동 885-1,생활방범,4,200,360도,30,201112,031-310-6763,37.4331562,126.7921405,20241218
경기도 시흥시,경기도 시흥시 신천로7번길 12,경기도 시흥시 신천동 885-1,생활방범,4,200,360도,30,201112,031-310-6763,37.4328993,126.7908113,20241218
경기도 시흥시,경기도 시흥시 포도원로 88,경기도 시흥시 신천동 203,생활방범,4,200,360도,30,201112,031-310-6763,37.4351695,126.7837352,20241218
경기도 시흥시,경기도 시흥시 포도원로 88,경기도 시흥시 신천동 203,생활방범,4,200,360도,30,201112,031-310-6763,37.4357999,126.7824674,20241218
경기도 시흥시,경기도 시흥시 신천천동로51번길 22,경기도 시흥시 신천동 845-10,생활방범,4,200,360도,30,201112,031-310-6763,37.4360112,126.7842646,20241218
경기도 시흥시,경기도 시흥시 포도원로 96,경기도 시흥시 신천동 213,생활방범,3,200,360도,30,201112,031-310-6763,37.4341959,126.7845645,20241218
경기도 시흥시,,경기도 시흥시 신천동 60-5,생활방범,3,200,360도,30,201112,031-310-6763,37.4346872,126.7859012,20241218
경기도 시흥시,,경기도 시흥시 신천동 447,생활방범,3,200,360도,30,201112,031-310-6763,37.4390055,126.777379,20241218
경기도 시흥시,,경기도 시흥시 정왕동 2788,생활방범,3,200,360도,30,201712,031-310-6763,37.3167542,126.7034282,20241218
경기도 시흥시,,경기도 시흥시 신천동 193,생활방범,3,200,360도,30,201812,031-310-6763,37.435219,126.7848092,20241218
경기도 시흥시,경기도 시흥시 호현로21번길 10-1,경기도 시흥시 신천동 705-36,생활방범,3,200,360도,30,201712,031-310-6763,37.4429051,126.7836607,20241218
경기도 시흥시,,경기도 시흥시 신천동 193,생활방범,4,200,360도,30,201812,031-310-6763,37.4353139,126.7843984,20241218
경기도 시흥시,,경기도 시흥시 신천동 193,생활방범,4,200,360도,30,201812,031-310-6763,37.4356887,126.7848488,20241218
경기도 시흥시,,경기도 시흥시 신천동 193,생활방범,5,200,360도,30,201812,031-310-6763,37.4362048,126.7855032,20241218
경기도 시흥시,,경기도 시흥시 신천동 193,생활방범,3,200,360도,30,201812,031-310-6763,37.4354784,126.7855593,20241218
경기도 시흥시,경기도 시흥시 서울대학로278번길 43-7,경기도 시흥시 배곧동 200-2,생활방범,5,200,360도,30,201712,031-310-6763,37.3682356,126.7296345,20241218
경기도 시흥시,경기도 시흥시 해송십리로 507,경기도 시흥시 배곧동 1,생활방범,4,200,360도,30,201712,031-310-6763,37.38547,126.7319243,20241218
경기도 시흥시,경기도 시흥시 해송십리로 472-54,경기도 시흥시 배곧동 7,생활방범,4,200,360도,30,201712,031-310-6763,37.384859,126.7349797,20241218
경기도 시흥시,,경기도 시흥시 배곧동 20-3,생활방범,4,200,360도,30,201712,031-310-6763,37.3825604,126.7419684,20241218
경기도 시흥시,경기도 시흥시 해송십리로 472-12,경기도 시흥시 배곧동 14,생활방범,4,200,360도,30,201712,031-310-6763,37.3816449,126.7272069,20241218
경기도 시흥시,경기도 시흥시 서울대학로264번길 12,경기도 시흥시 배곧동 221,생활방범,5,200,360도,30,201712,031-310-6763,37.3669576,126.7251048,20241218
경기도 시흥시,,경기도 시흥시 배곧동 255,생활방범,4,200,360도,30,201712,031-310-6763,37.3652677,126.7275302,20241218
경기도 시흥시,경기도 시흥시 해송십리로 507,경기도 시흥시 배곧동 1,생활방범,6,200,360도,30,201712,031-310-6763,37.3846003,126.7290136,20241218
경기도 시흥시,경기도 시흥시 봉화로193번길 54-1,경기도 시흥시 정왕동305-2,생활방범,4,200,360도,30,202212,031-310-6763,37.365166,126.7595936,20241218
경기도 시흥시,,경기도 시흥시 월곶동520-80,생활방범,3,200,360도,30,202212,031-310-6763,37.3900771,126.7509779,20241218
경기도 시흥시,,경기도 시흥시 월곶동520-210,생활방범,4,200,360도,30,202212,031-310-6763,37.3893949,126.753181,20241218
경기도 시흥시,,경기도 시흥시 신천동83-62,생활방범,4,200,360도,30,202212,031-310-6763,37.4352167,126.7916189,20241218
경기도 시흥시,,경기도 시흥시 대야동232-3,생활방범,4,200,360도,30,202212,031-310-6763,37.4544537,126.7946291,20241218
경기도 시흥시,,경기도 시흥시 신천동238,생활방범,3,200,360도,30,202212,031-310-6763,37.4332947,126.7826033,20241218
경기도 시흥시,,경기도 시흥시 물왕동369-1,생활방범,4,200,360도,30,202212,031-310-6763,37.3843819,126.8259315,20241218
경기도 시흥시,,경기도 시흥시 월곶동943-36,생활방범,5,200,360도,30,202212,031-310-6763,37.3834543,126.7622508,20241218
경기도 시흥시,경기도 시흥시 하중로 233,경기도 시흥시 하중동873-2,생활방범,4,200,360도,30,202212,031-310-6763,37.390939,126.8064142,20241218
경기도 시흥시,,경기도 시흥시 하상동177-4,생활방범,4,200,360도,30,202212,031-310-6763,37.3931009,126.8147496,20241218
경기도 시흥시,경기도 시흥시 봉우순환로3번길 11,경기도 시흥시 정왕동2260-7,생활방범,5,200,360도,30,202212,031-310-6763,37.358482,126.7557204,20241218
경기도 시흥시,경기도 시흥시 군자로477번길 19,경기도 시흥시 거모동1719-5,생활방범,5,200,360도,30,202212,031-310-6763,37.3486535,126.7849139,20241218
경기도 시흥시,,경기도 시흥시 거모동604-9,생활방범,4,200,360도,30,202212,031-310-6763,37.3566478,126.773536,20241218
경기도 시흥시,,경기도 시흥시 산현동505,생활방범,4,200,360도,30,202212,031-310-6763,37.3765119,126.8449248,20241218
경기도 시흥시,경기도 시흥시 매화마을로 3,경기도 시흥시 매화동854-3,생활방범,4,200,360도,30,202212,031-310-6763,37.4170439,126.8158787,20241218
경기도 시흥시,,경기도 시흥시 신천동87-7,생활방범,5,200,360도,30,202212,031-310-6763,37.4341367,126.7934419,20241218
경기도 시흥시,,경기도 시흥시 포동 20-321,생활방범,4,200,360도,30,202212,031-310-6763,37.4049208,126.7662474,20241218
경기도 시흥시,,경기도 시흥시 방산동562-4,생활방범,3,200,360도,30,202212,031-310-6763,37.4118455,126.7656948,20241218
경기도 시흥시,경기도 시흥시 도두머리길 22,경기도 시흥시 도창동393-7,생활방범,4,200,360도,30,202212,031-310-6763,37.4106304,126.8148105,20241218
경기도 시흥시,경기도 시흥시 봉우순환로 7-1,경기도 시흥시 정왕동2259-9,생활방범,4,200,360도,30,202212,031-310-6763,37.3589447,126.7568937,20241218
경기도 시흥시,경기도 시흥시 역전로 300,경기도 시흥시 정왕동2303-1,생활방범,5,200,360도,30,202212,031-310-6763,37.3527513,126.7394389,20241218
경기도 시흥시,경기도 시흥시 오이도로135번길 68-1,경기도 시흥시 정왕동2031-1,생활방범,5,200,360도,30,202212,031-310-6763,37.3425984,126.687212,20241218
경기도 시흥시,경기도 시흥시 배곧전원로 21,경기도 시흥시 배곧동93-5,생활방범,5,200,360도,30,202212,031-310-6763,37.378854,126.7281,20241218
경기도 시흥시,경기도 시흥시 배곧전원로 40-29,경기도 시흥시 배곧동106-4,생활방범,5,200,360도,30,202212,031-310-6763,37.3777507,126.7293775,20241218
경기도 시흥시,경기도 시흥시 목감둘레로 99,경기도 시흥시 조남동 674,교통단속,4,200,360도,30,202211,031-310-5132,37.3720016,126.8518995,20241218
경기도 시흥시,,경기도 시흥시 거모동 196,교통단속,4,200,360도,30,202311,031-310-5132,37.3637529,126.7705261,20241218
경기도 시흥시,경기도 시흥시 은계번영길 13,경기도 시흥시 은계번영길 13,교통단속,3,200,360도,30,202311,031-310-5132,37.4375485,126.8025441,20241218
경기도 시흥시,경기도 시흥시 배곧4로 32-23,경기도 시흥시 배곧4로 32-23,교통단속,3,200,360도,30,202311,031-310-5132,37.3778019,126.7260517,20241218
경기도 시흥시,,경기도 시흥시 정왕동 2731-3,교통단속,3,200,360도,30,202312,031-310-5132,37.3203436,126.6792875,20241218
경기도 시흥시,경기도 시흥시 엠티브이북로 51-15,경기도 시흥시 정왕동 2638,교통단속,4,200,360도,30,202312,031-310-5132,37.330227,126.6880355,20241218
경기도 시흥시,경기도 시흥시 거북섬로 211,경기도 시흥시 정왕동 2713-3,교통단속,3,200,360도,30,202312,031-310-5132,37.3232366,126.6875971,20241218
경기도 시흥시,경기도 시흥시 거북섬남로 77,경기도 시흥시 정왕동 2732,교통단속,5,200,360도,30,202312,031-310-5132,37.3220784,126.6875799,20241218
경기도 시흥시,경기도 시흥시 거북섬남로 77,경기도 시흥시 정왕동 2732,교통단속,5,200,360도,30,202312,031-310-5132,37.3234125,126.6888923,20241218
경기도 시흥시,경기도 시흥시 거북섬남로 77,경기도 시흥시 정왕동 2732,교통단속,3,200,360도,30,202312,031-310-5132,37.320624,126.6900366,20241218
경기도 시흥시,,경기도 시흥시 논곡동 163-3,교통단속,3,200,360도,30,202403,031-310-5132,37.3900952,126.8601065,20241218
경기도 시흥시,,경기도 시흥시 배곧동 116,교통단속,3,200,360도,30,202406,031-310-5132,37.3737042,126.7343994,20241218
경기도 시흥시,,경기도 시흥시 신천동 204-2,교통단속,5,200,360도,30,202406,031-310-5132,37.4351679,126.7836294,20241218
경기도 시흥시,경기도 시흥시 호현로 183,경기도 시흥시 대야동 89-3,쓰레기단속,1,200,전방 10~20m,10,201606,031-310-2683,37.455249,126.787711,20241218
경기도 시흥시,경기도 시흥시 신천로100번길 29-1,경기도 시흥시 신천동 779-4,쓰레기단속,1,200,전방 10~20m,10,201706,031-310-2683,37.43828,126.789619,20241218
경기도 시흥시,경기도 시흥시 수인로3413번길 49,경기도 시흥시 신천동 816-2,쓰레기단속,1,200,전방 10~20m,10,201706,031-310-2683,37.438553,126.776682,20241218
경기도 시흥시,경기도 시흥시 수인로3395번길 52,경기도 시흥시 신천동 834-12,쓰레기단속,1,200,전방 10~20m,10,201706,031-310-2683,37.436954,126.781154,20241218
경기도 시흥시,경기도 시흥시 비둘기공원2길 17-1,경기도 시흥시 대야동 553-3,쓰레기단속,1,200,전방 10~20m,10,201606,031-310-2683,37.440485,126.792348,20241218
경기도 시흥시,경기도 시흥시 대골길 60,경기도 시흥시 대야동 465-23,쓰레기단속,1,200,전방 10~20m,10,201606,031-310-2683,37.446227,126.787347,20241218
경기도 시흥시,경기도 시흥시 비둘기공원3길 8-1,경기도 시흥시 대야동 553-4,쓰레기단속,1,200,전방 10~20m,10,201606,031-310-2683,37.440272,126.791959,20241218
경기도 시흥시,,경기도 시흥시 대야동 498-2,쓰레기단속,1,200,전방 10~20m,10,201606,031-310-2683,37.442794,126.785626,20241218
경기도 시흥시,,경기도 시흥시 도창동 429-1,생활방범,6,200,360도,30,202412,031-310-6763,37.4112031,126.8120359,20241218
경기도 시흥시,,경기도 시흥시 도창동 494-23,생활방범,4,200,360도,30,202412,031-310-6763,37.4110326,126.8126328,20241218
경기도 시흥시,,경기도 시흥시 매화동 823-35,생활방범,3,200,360도,30,202412,031-310-6763,37.4107139,126.8131745,20241218
경기도 시흥시,경기도 시흥시 공단1대로260번길 3,경기도 시흥시 정왕동 1276,생활방범,4,200,360도,30,202412,031-310-6763,37.334891,126.7297046,20241218
경기도 시흥시,경기도 시흥시 목감남서로 15,경기도 시흥시 조남동 670,생활방범,4,200,360도,30,202412,031-310-6763,37.3722246,126.8488479,20241218
경기도 시흥시,경기도 시흥시 하상로 14-9,경기도 시흥시 하상동 372,생활방범,3,200,360도,30,201312,031-310-6763,37.3920422,126.8145191,20241218
경기도 시흥시,,경기도 시흥시 장곡동 796,생활방범,3,200,360도,30,201312,031-310-6763,37.3812666,126.782652,20241218
경기도 시흥시,,경기도 시흥시 능곡동 793,생활방범,3,200,360도,30,201312,031-310-6763,37.3648725,126.8133292,20241218
경기도 시흥시,,경기도 시흥시 은행동 252-64,생활방범,3,200,360도,30,201312,031-310-6763,37.4336998,126.7968549,20241218
경기도 시흥시,,경기도 시흥시 매화동 436,생활방범,3,200,360도,30,201312,031-310-6763,37.4148566,126.8064192,20241218
경기도 시흥시,경기도 시흥시 정왕천로355번길 22,경기도 시흥시 정왕동 1437-7,생활방범,4,200,360도,30,201312,031-310-6763,37.3415191,126.7461977,20241218
경기도 시흥시,경기도 시흥시 역전로301번길 10-20,경기도 시흥시 정왕동 2305-39,생활방범,3,200,360도,30,201312,031-310-6763,37.352371,126.7378878,20241218
경기도 시흥시,경기도 시흥시 역전로 313,경기도 시흥시 정왕동 2305-13,생활방범,3,200,360도,30,201312,031-310-6763,37.3530564,126.7380712,20241218
경기도 시흥시,경기도 시흥시 큰솔로8번안길 17,경기도 시흥시 정왕동 1420-6,생활방범,3,200,360도,30,201312,031-310-6763,37.3390777,126.7537868,20241218
경기도 시흥시,경기도 시흥시 큰솔로7번안길 4,경기도 시흥시 정왕동 1417-9,생활방범,4,200,360도,30,201312,031-310-6763,37.3395885,126.750236,20241218
경기도 시흥시,,경기도 시흥시 정왕동 1777,생활방범,3,200,360도,30,201312,031-310-6763,37.3674363,126.7379886,20241218
경기도 시흥시,경기도 시흥시 군자로302번길 21-1,경기도 시흥시 거모동 573-1,생활방범,3,200,360도,30,201312,031-310-6763,37.3576245,126.7705942,20241218
경기도 시흥시,경기도 시흥시 매화로 116,경기도 시흥시 도창동 361-3,생활방범,3,200,360도,30,201312,031-310-6763,37.4091715,126.8154442,20241218
경기도 시흥시,경기도 시흥시 검바위1로3번길 14,경기도 시흥시 은행동 289-10,생활방범,5,200,360도,30,201412,031-310-6763,37.43081,126.7935,20241218
경기도 시흥시,,경기도 시흥시 죽율동 257-1,생활방범,3,200,360도,30,201412,031-310-6763,37.3458042,126.7612274,20241218
경기도 시흥시,,경기도 시흥시 죽율동 296,생활방범,3,200,360도,30,201412,031-310-6763,37.3479324,126.7622534,20241218
경기도 시흥시,,경기도 시흥시 죽율동 756,생활방범,3,200,360도,30,201412,031-310-6763,37.3481601,126.7616289,20241218
경기도 시흥시,,경기도 시흥시 죽율동 276-4,생활방범,4,200,360도,30,201412,031-310-6763,37.348358,126.7606807,20241218
경기도 시흥시,,경기도 시흥시 죽율동 603-15,생활방범,3,200,360도,30,201412,031-310-6763,37.3498282,126.7602544,20241218
경기도 시흥시,,경기도 시흥시 죽율동 595,생활방범,3,200,360도,30,201412,031-310-6763,37.3499281,126.7584253,20241218
경기도 시흥시,,경기도 시흥시 죽율동 627,생활방범,3,200,360도,30,201412,031-310-6763,37.3493622,126.7568236,20241218
경기도 시흥시,,경기도 시흥시 정왕동1946,생활방범,4,200,360도,30,202212,031-310-6763,37.3533521,126.7174741,20241218
경기도 시흥시,경기도 시흥시 서해안로 113-58,경기도 시흥시 정왕동2197-1,생활방범,5,200,360도,30,202212,031-310-6763,37.3455962,126.6953536,20241218
경기도 시흥시,,경기도 시흥시 정왕동2222,생활방범,4,200,360도,30,202212,031-310-6763,37.3505887,126.7023791,20241218
경기도 시흥시,경기도 시흥시 동서로1198번길 22,경기도 시흥시 목감동108-10,생활방범,3,200,360도,30,202212,031-310-6763,37.3942028,126.8695697,20241218
경기도 시흥시,,경기도 시흥시 거모동 1753-9,생활방범,5,200,360도,30,200912,031-310-6763,37.3415152,126.7838349,20241218
경기도 시흥시,,경기도 시흥시 거모동 1766-4,생활방범,5,200,360도,30,200912,031-310-6763,37.3427807,126.7875691,20241218
경기도 시흥시,경기도 시흥시 월곶해안로 63,경기도 시흥시 월곶동 1010-2,생활방범,4,200,360도,30,200912,031-310-6763,37.3923231,126.7371203,20241218
경기도 시흥시,경기도 시흥시 봉우재로61번길 9,경기도 시흥시 정왕동 1824-1,생활방범,5,200,360도,30,200912,031-310-6763,37.3482009,126.7450472,20241218
경기도 시흥시,경기도 시흥시 큰솔로96번길 12,경기도 시흥시 정왕동 1532-19,생활방범,5,200,360도,30,200912,031-310-6763,37.3440425,126.7567346,20241218
경기도 시흥시,경기도 시흥시 군서마을로 32,경기도 시흥시 정왕동 1213,생활방범,5,200,360도,30,200912,031-310-6763,37.3452371,126.748427,20241218
경기도 시흥시,경기도 시흥시 군서로36번길 28,경기도 시흥시 정왕동 1181,생활방범,4,200,360도,30,200912,031-310-6763,37.3473025,126.7501801,20241218
경기도 시흥시,경기도 시흥시 정왕천로408번길 11-1,경기도 시흥시 정왕동 1517-11,생활방범,5,200,360도,30,200912,031-310-6763,37.3433181,126.7530289,20241218
경기도 시흥시,경기도 시흥시 마유로418번길 12,경기도 시흥시 정왕동 2327-4,생활방범,5,200,360도,30,200912,031-310-6763,37.3514446,126.7424097,20241218
경기도 시흥시,경기도 시흥시 봉우재로 23-29,경기도 시흥시 정왕동 1609,생활방범,5,200,360도,30,200912,031-310-6763,37.3467786,126.7409402,20241218
경기도 시흥시,경기도 시흥시 공단1대로 229,경기도 시흥시 정왕동 1366-12,생활방범,5,200,360도,30,200912,031-310-6763,37.3370177,126.7271335,20241218
경기도 시흥시,경기도 시흥시 정왕대로 56,경기도 시흥시 정왕동 1861-1,생활방범,4,200,360도,30,200912,031-310-6763,37.354788,126.7230863,20241218
경기도 시흥시,경기도 시흥시 군자천로 333,경기도 시흥시 정왕동 1729-3,생활방범,4,200,360도,30,200912,031-310-6763,37.3466088,126.735064,20241218
경기도 시흥시,경기도 시흥시 옥구천동로 433-11,경기도 시흥시 정왕동 1875-4,생활방범,5,200,360도,30,200912,031-310-6763,37.3598639,126.7309022,20241218
경기도 시흥시,경기도 시흥시 역전로301번길 18-1,경기도 시흥시 정왕동 2305-21,생활방범,5,200,360도,30,200912,031-310-6763,37.3521234,126.7367519,20241218
경기도 시흥시,경기도 시흥시 정왕대로 78,경기도 시흥시 정왕동 1861-8,생활방범,4,200,360도,30,200912,031-310-6763,37.3530062,126.7249676,20241218
경기도 시흥시,경기도 시흥시 오이도어시장로 33,경기도 시흥시 정왕동 1994-8,생활방범,5,200,360도,30,200912,031-310-6763,37.3444235,126.6915033,20241218
경기도 시흥시,경기도 시흥시 오이도로 165,경기도 시흥시 정왕동 2003-24,생활방범,5,200,360도,30,200912,031-310-6763,37.3454076,126.6876038,20241218
경기도 시흥시,경기도 시흥시 오이도로135번길 40,경기도 시흥시 정왕동 2006-1,생활방범,4,200,360도,30,200912,031-310-6763,37.3450344,126.6880729,20241218
경기도 시흥시,경기도 시흥시 오이도로 105,경기도 시흥시 정왕동 1978-10,생활방범,5,200,360도,30,200912,031-310-6763,37.3479533,126.6929206,20241218
경기도 시흥시,경기도 시흥시 산기대학로 27,경기도 시흥시 정왕동 2164-1,생활방범,5,200,360도,30,200912,031-310-6763,37.3519783,126.7165648,20241218
경기도 시흥시,,경기도 시흥시 정왕동 1878-8,생활방범,3,200,360도,30,200912,031-310-6763,37.3648034,126.7352782,20241218
경기도 시흥시,경기도 시흥시 장곡로49번길 15,경기도 시흥시 장곡동 812-3,생활방범,4,200,360도,30,200912,031-310-6763,37.3777999,126.7832883,20241218
경기도 시흥시,경기도 시흥시 하상로8번길 12,경기도 시흥시 하상동 374-1,생활방범,5,200,360도,30,200912,031-310-6763,37.3915854,126.8138912,20241218
경기도 시흥시,경기도 시흥시 하중로117번길 9-2,경기도 시흥시 하중동 819-5,생활방범,5,200,360도,30,200912,031-310-6763,37.4004982,126.7998875,20241218
경기도 시흥시,,경기도 시흥시 대야동 484-1,생활방범,4,200,360도,30,200912,031-310-6763,37.4455071,126.7857379,20241218
경기도 시흥시,경기도 시흥시 복지로120번길 12,경기도 시흥시 대야동 280-6,생활방범,4,200,360도,30,200912,031-310-6763,37.447389,126.7922758,20241218
경기도 시흥시,,경기도 시흥시 대야동 303-13,생활방범,4,200,360도,30,200912,031-310-6763,37.4521071,126.7883513,20241218
경기도 시흥시,경기도 시흥시 호현로49번길 30,경기도 시흥시 신천동 719-13,생활방범,5,200,360도,30,200912,031-310-6763,37.4440364,126.7820436,20241218
경기도 시흥시,경기도 시흥시 수인로3413번길 29,경기도 시흥시 신천동 749-18,생활방범,3,200,360도,30,200912,031-310-6763,37.4396471,126.7785214,20241218
경기도 시흥시,경기도 시흥시 수인로3325번길 17,경기도 시흥시 신천동 781-21,생활방범,5,200,360도,30,200912,031-310-6763,37.4373021,126.7887179,20241218
경기도 시흥시,경기도 시흥시 신천로44번길 7,경기도 시흥시 신천동 859-7,생활방범,5,200,360도,30,200912,031-310-6763,37.4352076,126.7892036,20241218
경기도 시흥시,경기도 시흥시 신천로19번길 32,경기도 시흥시 신천동 872-15,생활방범,5,200,360도,30,200912,031-310-6763,37.4310949,126.7905804,20241218
경기도 시흥시,,경기도 시흥시 배곧동 170,생활방범,3,200,360도,30,201712,031-310-6763,37.3725199,126.7360697,20241218
경기도 시흥시,경기도 시흥시 미산로 141-1,경기도 시흥시 미산동 316-39,생활방범,5,200,360도,30,200912,031-310-6763,37.4179863,126.7925082,20241218
경기도 시흥시,경기도 시흥시 미산로 99,경기도 시흥시 미산동 363-8,생활방범,5,200,360도,30,200912,031-310-6763,37.4200741,126.7966773,20241218
경기도 시흥시,경기도 시흥시 마산로 146,경기도 시흥시 조남동 516-1,생활방범,3,200,360도,30,200912,031-310-6763,37.3681632,126.8612952,20241218
경기도 시흥시,,경기도 시흥시 매화동 196-3,생활방범,5,200,360도,30,200912,031-310-6763,37.4152365,126.8146371,20241218
경기도 시흥시,경기도 시흥시 매화2로 22,경기도 시흥시 매화동 220-13,생활방범,4,200,360도,30,200912,031-310-6763,37.4169276,126.8125269,20241218
경기도 시흥시,경기도 시흥시 매화2로23번길 12-1,경기도 시흥시 매화동 226,생활방범,3,200,360도,30,200912,031-310-6763,37.4163924,126.8110621,20241218
경기도 시흥시,경기도 시흥시 군자로481번길 20,경기도 시흥시 거모동 1717-1,생활방범,4,200,360도,30,200912,031-310-6763,37.3479656,126.7863372,20241218
경기도 시흥시,경기도 시흥시 한우물로 17,경기도 시흥시 거모동 1743-7,생활방범,4,200,360도,30,200912,031-310-6763,37.3439907,126.7844835,20241218
경기도 시흥시,,경기도 시흥시 거모동 1759-5,생활방범,4,200,360도,30,200912,031-310-6763,37.3440334,126.7867826,20241218
경기도 시흥시,,경기도 시흥시 신천동 447,생활방범,4,200,360도,30,201112,031-310-6763,37.4395288,126.7798753,20241218
경기도 시흥시,경기도 시흥시 시흥대로 1059,경기도 시흥시 신천동 889-6,생활방범,5,200,360도,30,201112,031-310-6763,37.431034,126.7925587,20241218
경기도 시흥시,,경기도 시흥시 장곡동 724-25,생활방범,3,200,360도,30,201412,031-310-6763,37.3895253,126.7805198,20241218
경기도 시흥시,,경기도 시흥시 장곡동 724-25,생활방범,3,200,360도,30,201412,031-310-6763,37.39245,126.7801562,20241218
경기도 시흥시,,경기도 시흥시 장곡동 724-25,생활방범,3,200,360도,30,201412,031-310-6763,37.3907431,126.7843794,20241218
경기도 시흥시,,경기도 시흥시 하상동 343-38,생활방범,2,200,360도,30,201412,031-310-6763,37.3886973,126.8128,20241218
경기도 시흥시,,경기도 시흥시 하상동 343-38,생활방범,1,200,360도,30,201412,031-310-6763,37.388815,126.811445,20241218
경기도 시흥시,,경기도 시흥시 죽율동 597,생활방범,3,200,360도,30,201412,031-310-6763,37.3503966,126.7583642,20241218
경기도 시흥시,,경기도 시흥시 죽율동 597,생활방범,3,200,360도,30,201412,031-310-6763,37.3506494,126.7584164,20241218
경기도 시흥시,경기도 시흥시 시흥대로1152번길 8,경기도 시흥시 신천동 83-42,생활방범,3,200,360도,30,201412,031-310-6763,37.4381338,126.7912921,20241218
경기도 시흥시,,경기도 시흥시 대야동 360,생활방범,4,200,360도,30,201412,031-310-6763,37.446297,126.7924946,20241218
경기도 시흥시,경기도 시흥시 비둘기공원3길 2,경기도 시흥시 대야동 554-3,생활방범,3,200,360도,30,201412,031-310-6763,37.440018,126.792618,20241218
경기도 시흥시,경기도 시흥시 시흥대로 908-1,경기도 시흥시 미산동 278-2,생활방범,3,200,360도,30,201412,031-310-6763,37.4173339,126.7895344,20241218
경기도 시흥시,,경기도 시흥시 안현동 371-2,생활방범,3,200,360도,30,201412,031-310-6763,37.4308679,126.8117583,20241218
경기도 시흥시,,경기도 시흥시 군자동 554-1,생활방범,2,200,360도,30,201412,031-310-6763,37.3576409,126.78616,20241218
경기도 시흥시,,경기도 시흥시 정왕동 1870-2,생활방범,2,200,360도,30,201412,031-310-6763,37.3528523,126.731416,20241218
경기도 시흥시,경기도 시흥시 배곧4로 94-39,경기도 시흥시 배곧동 167,생활방범,5,200,360도,30,201712,031-310-6763,37.3733535,126.7346718,20241218
경기도 시흥시,경기도 시흥시 안현동 182-1,경기도 시흥시 안현동 182-1,쓰레기단속,1,200,전방 10~20m,7,202006,031-310-3105,37.4322,126.810527,20241218
경기도 시흥시,경기도 시흥시 매화로45번길 9,경기도 시흥시 매화동 191-6,쓰레기단속,1,200,전방 10~20m,7,202006,031-310-3105,37.415119,126.815725,20241218
경기도 시흥시,경기도 시흥시 포동 30-3,경기도 시흥시 포동 30-3,쓰레기단속,1,200,전방 10~20m,7,202006,031-310-3105,37.403672,126.776611,20241218
경기도 시흥시,경기도 시흥시 과림동 177-17,경기도 시흥시 과림동 177-17,쓰레기단속,1,200,전방 10~20m,10,202106,031-310-3105,37.449097,126.837987,20241218
경기도 시흥시,경기도 시흥시 과림동 173-5,경기도 시흥시 과림동 173-5,쓰레기단속,1,200,전방 10~20m,10,202106,031-310-3105,37.449328,126.83556,20241218
경기도 시흥시,경기도 시흥시 과림동 30-3,경기도 시흥시 과림동 30-3,쓰레기단속,1,200,전방 10~20m,10,202106,031-310-3105,37.457737,126.836042,20241218
경기도 시흥시,경기도 시흥시 과림동 302-1,경기도 시흥시 과림동 302-1,쓰레기단속,1,200,전방 10~20m,10,202106,031-310-3105,37.445205,126.836746,20241218
경기도 시흥시,경기도 시흥시 과림동 산28-1,경기도 시흥시 과림동 산28-1,쓰레기단속,1,200,전방 10~20m,10,202106,031-310-3105,37.440387,126.826446,20241218
경기도 시흥시,경기도 시흥시 과림동 704-3,경기도 시흥시 과림동 704-3,쓰레기단속,1,200,전방 10~20m,10,202106,031-310-3105,37.429811,126.841626,20241218
경기도 시흥시,경기도 시흥시 과림동 539-7,경기도 시흥시 과림동 539-7,쓰레기단속,1,200,전방 10~20m,10,202106,031-310-3105,37.436262,126.838167,20241218
경기도 시흥시,경기도 시흥시 과림동 568-3,경기도 시흥시 과림동 568-3,쓰레기단속,1,200,전방 10~20m,10,202106,031-310-3105,37.434043,126.839184,20241218
경기도 시흥시,경기도 시흥시 금오로368번길 151,경기도 시흥시 무지내동 77-1,쓰레기단속,1,200,전방 10~20m,10,202106,031-310-3105,37.424204,126.842732,20241218
경기도 시흥시,경기도 시흥시 정왕동 1733-3,경기도 시흥시 정왕동 1733-3,쓰레기단속,2,200,전방 10~20m,7,202405,031-310-3105,37.34516,126.731802,20241218
경기도 시흥시,경기도 시흥시 하중동 724-14,경기도 시흥시 하중동 724-14,쓰레기단속,2,200,전방 10~20m,7,202405,031-310-3105,37.389947,126.804414,20241218
경기도 시흥시,,경기도 시흥시 조남동 산 28-3,생활방범,3,200,360도,30,201612,031-310-6763,37.3760585,126.8578565,20241218
경기도 시흥시,,경기도 시흥시 조남동 120-4,생활방범,3,200,360도,30,201612,031-310-6763,37.378793,126.8655801,20241218
경기도 시흥시,,경기도 시흥시 산현동 140-2,생활방범,5,200,360도,30,201612,031-310-6763,37.3747529,126.8420324,20241218
경기도 시흥시,,경기도 시흥시 산현동 120-4,생활방범,4,200,360도,30,201612,031-310-6763,37.3729483,126.8436182,20241218
경기도 시흥시,,경기도 시흥시 산현동 117-3,생활방범,3,200,360도,30,201612,031-310-6763,37.3742604,126.8454116,20241218
경기도 시흥시,,경기도 시흥시 산현동 115,생활방범,3,200,360도,30,201612,031-310-6763,37.374872,126.8468404,20241218
경기도 시흥시,,경기도 시흥시 조남동 648-130,생활방범,4,200,360도,30,201612,031-310-6763,37.3743336,126.8483773,20241218
경기도 시흥시,,경기도 시흥시 산현동 57-7,생활방범,3,200,360도,30,201612,031-310-6763,37.3727796,126.847898,20241218
경기도 시흥시,,경기도 시흥시 조남동 648-149,생활방범,3,200,360도,30,201612,031-310-6763,37.3721325,126.8486661,20241218
경기도 시흥시,,경기도 시흥시 조남동 413-8,생활방범,3,200,360도,30,201612,031-310-6763,37.3744817,126.8512667,20241218
경기도 시흥시,,경기도 시흥시 조남동 411-2,생활방범,3,200,360도,30,201612,031-310-6763,37.3739687,126.8515547,20241218
경기도 시흥시,,경기도 시흥시 목감동 223,생활방범,3,200,360도,30,201612,031-310-6763,37.3836062,126.8633421,20241218
경기도 시흥시,,경기도 시흥시 조남동 432,생활방범,3,200,360도,30,201612,031-310-6763,37.3723432,126.8535583,20241218
경기도 시흥시,,경기도 시흥시 조남동 400,생활방범,4,200,360도,30,201612,031-310-6763,37.3749522,126.854178,20241218
경기도 시흥시,,경기도 시흥시 금이동 488-3,생활방범,3,200,360도,30,201612,031-310-6763,37.3927898,126.8372141,20241218
경기도 시흥시,경기도 시흥시 포도원로 39,경기도 시흥시 신천동 826-6,생활방범,4,200,360도,30,201112,031-310-6763,37.4363724,126.7785409,20241218
경기도 시흥시,경기도 시흥시 수인로3402번길 14-1,경기도 시흥시 신천동 314-90,생활방범,5,200,360도,30,201112,031-310-6763,37.4431978,126.7811609,20241218
경기도 시흥시,경기도 시흥시 수인로3402번길 6,경기도 시흥시 신천동 715,생활방범,4,200,360도,30,201112,031-310-6763,37.4423545,126.7814606,20241218
경기도 시흥시,경기도 시흥시 은행고길 18,경기도 시흥시 은행동 94-11,생활방범,3,200,360도,30,201112,031-310-6763,37.4409661,126.7990101,20241218
경기도 시흥시,경기도 시흥시 대은로104번길 29-10,경기도 시흥시 은행동 545,생활방범,3,200,360도,30,201112,031-310-6763,37.4421654,126.8002141,20241218
경기도 시흥시,경기도 시흥시 대은로104번길 29-10,경기도 시흥시 은행동 545,생활방범,3,200,360도,30,201112,031-310-6763,37.4428019,126.8014444,20241218
경기도 시흥시,경기도 시흥시 은행로 92,경기도 시흥시 은행동 547-7,생활방범,4,200,360도,30,201112,031-310-6763,37.439941,126.7974444,20241218
경기도 시흥시,,경기도 시흥시 은행동 538-1,생활방범,4,200,360도,30,201112,031-310-6763,37.4440255,126.7985116,20241218
경기도 시흥시,경기도 시흥시 대은로 16-29,경기도 시흥시 은행동 551-2,생활방범,3,200,360도,30,201112,031-310-6763,37.4421071,126.7960198,20241218
경기도 시흥시,경기도 시흥시 대은로 16-29,경기도 시흥시 은행동 551-2,생활방범,3,200,360도,30,201112,031-310-6763,37.4412081,126.7954612,20241218
경기도 시흥시,경기도 시흥시 대은로 16-14,경기도 시흥시 은행동 553-3,생활방범,3,200,360도,30,201112,031-310-6763,37.44039,126.7941927,20241218
경기도 시흥시,,경기도 시흥시 은행동 229-3,생활방범,4,200,360도,30,201112,031-310-6763,37.4326579,126.7980693,20241218
경기도 시흥시,,경기도 시흥시 은행동 549-1,생활방범,4,200,360도,30,201112,031-310-6763,37.443085,126.7973829,20241218
경기도 시흥시,경기도 시흥시 봉화로193번길 18-3,경기도 시흥시 정왕동 211,생활방범,3,200,360도,30,201612,031-310-6763,37.3646997,126.756108,20241218
경기도 시흥시,경기도 시흥시 금화로627번길 8,경기도 시흥시 금이동 296-2,생활방범,3,200,360도,30,201612,031-310-6763,37.3981858,126.8352347,20241218
경기도 시흥시,,경기도 시흥시 대야동 275-20,생활방범,4,200,360도,30,201612,031-310-6763,37.447971,126.7958355,20241218
경기도 시흥시,경기도 시흥시 방산가마터길 34,경기도 시흥시 방산동 395-1,생활방범,3,200,360도,30,201612,031-310-6763,37.4175974,126.7724081,20241218
경기도 시흥시,경기도 시흥시 옥구공원로 222,경기도 시흥시 정왕동 1961,생활방범,3,200,360도,30,201612,031-310-6763,37.3419522,126.7352323,20241218
경기도 시흥시,경기도 시흥시 배미골길 10-26,경기도 시흥시 목감동 419,생활방범,3,200,360도,30,201612,031-310-6763,37.3833958,126.8637237,20241218
경기도 시흥시,,경기도 시흥시 목감동 251,생활방범,3,200,360도,30,201612,031-310-6763,37.3825427,126.862356,20241218
경기도 시흥시,,경기도 시흥시 조남동 161,생활방범,3,200,360도,30,201612,031-310-6763,37.3813175,126.8629903,20241218
경기도 시흥시,,경기도 시흥시 산현동 104,생활방범,3,200,360도,30,201612,031-310-6763,37.3762513,126.8446424,20241218
경기도 시흥시,,경기도 시흥시 산현동 107-5,생활방범,3,200,360도,30,201612,031-310-6763,37.3757209,126.8461778,20241218
경기도 시흥시,,경기도 시흥시 포동 67-226,생활방범,3,200,360도,30,201612,031-310-6763,37.4046706,126.7858326,20241218
경기도 시흥시,경기도 시흥시 정왕천로449번길 9,경기도 시흥시 정왕동 1165-1,생활방범,3,200,360도,30,201612,031-310-6763,37.3476153,126.7539462,20241218
경기도 시흥시,경기도 시흥시 오이도중앙로5번길 6-1,경기도 시흥시 정왕동 1982-14,생활방범,4,200,360도,30,201612,031-310-6763,37.3474275,126.691536,20241218
경기도 시흥시,경기도 시흥시 대은로 12-10,경기도 시흥시 은행동 557-1,생활방범,5,200,360도,30,201612,031-310-6763,37.4399497,126.7936432,20241218
경기도 시흥시,경기도 시흥시 하중로 115,경기도 시흥시 하중동 817-3,생활방범,3,200,360도,30,201612,031-310-6763,37.4000455,126.7992521,20241218
경기도 시흥시,경기도 시흥시 큰솔공원로7번길 10,경기도 시흥시 정왕동 1530-11,생활방범,5,200,360도,30,201612,031-310-6763,37.343646,126.7560333,20241218
경기도 시흥시,경기도 시흥시 대골길 47-6,경기도 시흥시 대야동 459,생활방범,5,200,360도,30,201612,031-310-6763,37.446736,126.7880324,20241218
경기도 시흥시,,경기도 시흥시 계수동 산90-6,생활방범,4,200,360도,30,201612,031-310-6763,37.4525501,126.8029357,20241218
경기도 시흥시,,경기도 시흥시 신천동 83-105,생활방범,3,200,360도,30,201612,031-310-6763,37.4359779,126.7919366,20241218
경기도 시흥시,,경기도 시흥시 매화동 196-3,생활방범,3,200,360도,30,201612,031-310-6763,37.4151794,126.8163683,20241218
경기도 시흥시,,경기도 시흥시 방산동 803,생활방범,3,200,360도,30,201612,031-310-6763,37.4325499,126.7776572,20241218
경기도 시흥시,경기도 시흥시 정왕천로414번길 7-18,경기도 시흥시 정왕동 1513-11,생활방범,4,200,360도,30,201612,031-310-6763,37.3446992,126.753554,20241218
경기도 시흥시,경기도 시흥시 신천로43번길 7,경기도 시흥시 신천동 864-5,생활방범,4,200,360도,30,201612,031-310-6763,37.4342744,126.7878643,20241218
경기도 시흥시,,경기도 시흥시 신천동 688,생활방범,4,200,360도,30,201612,031-310-6763,37.4356815,126.7774282,20241218
경기도 시흥시,,경기도 시흥시 과림동 94-11,생활방범,3,200,360도,30,201612,031-310-6763,37.452471,126.8337268,20241218
경기도 시흥시,경기도 시흥시 함송로13번길 10,경기도 시흥시 정왕동 1880-3,생활방범,4,200,360도,30,201612,031-310-6763,37.3645544,126.7306922,20241218
경기도 시흥시,경기도 시흥시 진말로19번길 20,경기도 시흥시 장곡동814-1,생활방범,4,200,360도,30,202212,031-310-6763,37.3793358,126.7833448,20241218
경기도 시흥시,,경기도 시흥시 월곶동486-1,생활방범,5,200,360도,30,202212,031-310-6763,37.3823101,126.7618421,20241218
경기도 시흥시,,경기도 시흥시 도창동410-3,생활방범,4,200,360도,30,202212,031-310-6763,37.4091991,126.8142983,20241218
경기도 시흥시,경기도 시흥시 거북섬남로 80,경기도 시흥시 거북섬남로80,생활방범,3,200,360도,30,202312,031-310-6763,37.3203836,126.6891843,20241218
경기도 시흥시,경기도 시흥시 범안로390번길 33,경기도 시흥시 계수동 239-48,생활방범,4,200,360도,30,202312,031-310-6763,37.4462183,126.8190575,20241218
경기도 시흥시,경기도 시흥시 적살뚝길 41-1,경기도 시흥시 계수동 601-11,생활방범,5,200,360도,30,202312,031-310-6763,37.4464639,126.8098232,20241218
경기도 시흥시,,경기도 시흥시 조남동 404,생활방범,4,200,360도,30,201612,031-310-6763,37.3737488,126.8545915,20241218
경기도 시흥시,,경기도 시흥시 조남동 430-9,생활방범,3,200,360도,30,201612,031-310-6763,37.3713957,126.8550924,20241218
경기도 시흥시,,경기도 시흥시 조남동 382-1,생활방범,4,200,360도,30,201612,031-310-6763,37.3731061,126.8580222,20241218
경기도 시흥시,,경기도 시흥시 조남동 360-2,생활방범,3,200,360도,30,201612,031-310-6763,37.3783585,126.853912,20241218
경기도 시흥시,,경기도 시흥시 조남동 389-2,생활방범,3,200,360도,30,201612,031-310-6763,37.3715321,126.8580337,20241218
경기도 시흥시,,경기도 시흥시 조남동 산 95-4,생활방범,4,200,360도,30,201612,031-310-6763,37.3704027,126.8589325,20241218
경기도 시흥시,경기도 시흥시 비둘기공원7길 75,경기도 시흥시 대야동 555-12,생활방범,4,200,360도,30,201612,031-310-6763,37.4395934,126.791775,20241218
경기도 시흥시,,경기도 시흥시 대야동 484-14,생활방범,5,200,360도,30,201612,031-310-6763,37.4450897,126.7843566,20241218
경기도 시흥시,,경기도 시흥시 대야동 377-100,생활방범,3,200,360도,30,201612,031-310-6763,37.4470687,126.784947,20241218
경기도 시흥시,경기도 시흥시 호현로 36,경기도 시흥시 대야동 496-1,생활방범,3,200,360도,30,201612,031-310-6763,37.4437875,126.7852266,20241218
경기도 시흥시,,경기도 시흥시 신천동 838-1,생활방범,3,200,360도,30,201612,031-310-6763,37.4377407,126.78109,20241218
경기도 시흥시,경기도 시흥시 신천로63번길 6-1,경기도 시흥시 신천동 850-12,생활방범,3,200,360도,30,201612,031-310-6763,37.4359748,126.7865404,20241218
경기도 시흥시,경기도 시흥시 신천6길 47-1,경기도 시흥시 신천동 823-2,쓰레기단속,1,200,전방 10~20m,10,201706,031-310-2683,37.43734,126.776638,20241218
경기도 시흥시,경기도 시흥시 신천로 88,경기도 시흥시 신천동 771-11,쓰레기단속,1,200,전방 10~20m,10,201706,031-310-2683,37.43824,126.786305,20241218
경기도 시흥시,경기도 시흥시 대골안길 16,경기도 시흥시 대야동 446-1,쓰레기단속,1,200,전방 10~20m,10,201806,031-310-2683,37.442544,126.791338,20241218
경기도 시흥시,,경기도 시흥시 대야동 598,쓰레기단속,1,200,전방 10~20m,10,201906,031-310-2683,37.445046,126.797905,20241218
경기도 시흥시,경기도 시흥시 신천로 17,경기도 시흥시 신천동 879-2,쓰레기단속,1,200,전방 10~20m,10,202006,031-310-2683,37.444643,126.781038,20241218
경기도 시흥시,경기도 시흥시 신천로 94,경기도 시흥시 신천동 770-10,쓰레기단속,1,200,전방 10~20m,10,202006,031-310-2683,37.445,126.798941,20241218
경기도 시흥시,,경기도 시흥시 계수동 487-11,쓰레기단속,2,500,전방 10~20m,10,202106,031-310-2683,37.44221,126.792358,20241218
경기도 시흥시,,경기도 시흥시 신천동 899,쓰레기단속,2,500,전방 10~20m,10,202106,031-310-2683,37.444881,126.797089,20241218
경기도 시흥시,경기도 시흥시 마유로238번길 33,경기도 시흥시 정왕동 1278-7,생활방범,5,200,360도,30,201112,031-310-6763,37.337198,126.7313397,20241218
경기도 시흥시,,경기도 시흥시 정왕동 2253,생활방범,4,200,360도,30,201112,031-310-6763,37.3591748,126.754736,20241218
경기도 시흥시,경기도 시흥시 봉우순환로 117-7,경기도 시흥시 정왕동 2245-3,생활방범,4,200,360도,30,201112,031-310-6763,37.3574095,126.7521703,20241218
경기도 시흥시,,경기도 시흥시 정왕동 1782,생활방범,5,200,360도,30,201112,031-310-6763,37.3371691,126.7480981,20241218
경기도 시흥시,경기도 시흥시 역전로 369,경기도 시흥시 정왕동 1872-3,생활방범,4,200,360도,30,201112,031-310-6763,37.3578393,126.7336905,20241218
경기도 시흥시,경기도 시흥시 역전로 369,경기도 시흥시 정왕동 1872-3,생활방범,3,200,360도,30,201112,031-310-6763,37.3571193,126.7343469,20241218
경기도 시흥시,경기도 시흥시 정왕대로118번길 27,경기도 시흥시 정왕동 1848-1,생활방범,3,200,360도,30,201112,031-310-6763,37.3492259,126.7261907,20241218
경기도 시흥시,경기도 시흥시 정왕대로118번길 27,경기도 시흥시 정왕동 1848-1,생활방범,3,200,360도,30,201112,031-310-6763,37.3492467,126.7281236,20241218
경기도 시흥시,경기도 시흥시 정왕대로143번길 15,경기도 시흥시 정왕동 1871-4,생활방범,4,200,360도,30,201112,031-310-6763,37.3518256,126.7325047,20241218
경기도 시흥시,경기도 시흥시 정왕대로143번길 15,경기도 시흥시 정왕동 1871-4,생활방범,2,200,360도,30,201112,031-310-6763,37.3520954,126.7307732,20241218
경기도 시흥시,경기도 시흥시 역전로 455,경기도 시흥시 정왕동 1878-10,생활방범,3,200,360도,30,201112,031-310-6763,37.3640316,126.7376429,20241218
경기도 시흥시,,경기도 시흥시 정왕동 1877-3,생활방범,4,200,360도,30,201112,031-310-6763,37.3626713,126.7372895,20241218
경기도 시흥시,경기도 시흥시 옥구천동로 433-25,경기도 시흥시 정왕동 1875-3,생활방범,4,200,360도,30,201112,031-310-6763,37.3606259,126.7297041,20241218
경기도 시흥시,경기도 시흥시 옥구천동로 433-11,경기도 시흥시 정왕동 1875-4,생활방범,4,200,360도,30,201112,031-310-6763,37.3584186,126.732105,20241218
경기도 시흥시,경기도 시흥시 정왕대로53번길 38,경기도 시흥시 정왕동 1866-1,생활방범,3,200,360도,30,201112,031-310-6763,37.3577195,126.7258813,20241218
경기도 시흥시,경기도 시흥시 정왕대로53번길 14,경기도 시흥시 정왕동 1867-2,생활방범,4,200,360도,30,201112,031-310-6763,37.3562408,126.7241228,20241218
경기도 시흥시,경기도 시흥시 정왕대로53번길 14,경기도 시흥시 정왕동 1867-2,생활방범,4,200,360도,30,201112,031-310-6763,37.356041,126.72565,20241218
경기도 시흥시,경기도 시흥시 봉화로 23,경기도 시흥시 정왕동 1774-2,생활방범,3,200,360도,30,201112,031-310-6763,37.3671402,126.7372598,20241218
경기도 시흥시,,경기도 시흥시 정왕동 1998-6,생활방범,3,200,360도,30,201112,031-310-6763,37.346311,126.6894503,20241218
경기도 시흥시,경기도 시흥시 오동마을로6번안길 17,경기도 시흥시 정왕동 2318-6,생활방범,5,200,360도,30,201112,031-310-6763,37.3520023,126.7442,20241218
경기도 시흥시,,경기도 시흥시 정왕동 1878-3,생활방범,3,200,360도,30,201112,031-310-6763,37.3661891,126.7325681,20241218
경기도 시흥시,경기도 시흥시 옥터로 56,경기도 시흥시 정왕동 2017-4,생활방범,3,200,360도,30,201112,031-310-6763,37.3429395,126.6909308,20241218
경기도 시흥시,경기도 시흥시 복지로 88,경기도 시흥시 대야동 423-2,생활방범,6,200,360도,30,201212,031-310-6763,37.4458359,126.7914943,20241218
경기도 시흥시,경기도 시흥시 삼미시장2길 40,경기도 시흥시 신천동 736,생활방범,5,200,360도,30,201212,031-310-6763,37.4391932,126.7798709,20241218
경기도 시흥시,,경기도 시흥시 신천동 742,생활방범,3,200,360도,30,201212,031-310-6763,37.4406964,126.7815534,20241218
경기도 시흥시,경기도 시흥시 신천4길 46,경기도 시흥시 신천동 818-1,생활방범,3,200,360도,30,201212,031-310-6763,37.4383647,126.7772764,20241218
경기도 시흥시,,경기도 시흥시 신천동 826-1,생활방범,3,200,360도,30,201212,031-310-6763,37.4359973,126.7774957,20241218
경기도 시흥시,경기도 시흥시 포도원로79번길 11-3,경기도 시흥시 신천동 843-19,생활방범,3,200,360도,30,201212,031-310-6763,37.4366576,126.7829239,20241218
경기도 성남시청,,경기도 성남시 수정구 시흥동 253-4,교통정보수집,1,0,,30,201011,031-729-4553,37.414963,127.104216,20221125
경기도 성남시청,,경기도 성남시 수정구 시흥동 209-24,교통정보수집,1,0,,30,201011,031-729-4553,37.42489,127.096726,20221125
경기도 시흥시,경기도 시흥시 건지물길 19-2,경기도 시흥시 계수동 582-1,생활방범,4,200,360도,30,202312,031-310-6763,37.4461176,126.8127685,20241218
경기도 시흥시,,경기도 시흥시 매화동 99-3,생활방범,4,200,360도,30,201312,031-310-6763,37.4174183,126.8174609,20241218
경기도 시흥시,,경기도 시흥시 도창동 206-2,생활방범,4,200,360도,30,201312,031-310-6763,37.4042135,126.822446,20241218
경기도 시흥시,,경기도 시흥시 도창동 378-6,생활방범,4,200,360도,30,201312,031-310-6763,37.4097256,126.8158873,20241218
경기도 시흥시,,경기도 시흥시 산현동 산 69-11,생활방범,4,200,360도,30,201312,031-310-6763,37.3754141,126.8313752,20241218
경기도 시흥시,,경기도 시흥시 산현동 312-2,생활방범,5,200,360도,30,201312,031-310-6763,37.3754103,126.8328091,20241218
경기도 시흥시,경기도 시흥시 군자로477번안길 10-10,경기도 시흥시 거모동 1722-1,생활방범,4,200,360도,30,201312,031-310-6763,37.3487862,126.7837855,20241218
경기도 시흥시,,경기도 시흥시 거모동 1424-3,생활방범,4,200,360도,30,201312,031-310-6763,37.3490512,126.7867835,20241218
경기도 시흥시,경기도 시흥시 군자로466번길 7,경기도 시흥시 거모동 1730-15,생활방범,4,200,360도,30,201312,031-310-6763,37.3471387,126.7817434,20241218
경기도 시흥시,경기도 시흥시 군자로533번길 11-15,경기도 시흥시 거모동 1758-1,생활방범,4,200,360도,30,201312,031-310-6763,37.3450969,126.7860344,20241218
경기도 시흥시,,경기도 시흥시 거모동 1678-72,생활방범,4,200,360도,30,201312,031-310-6763,37.3427318,126.7889004,20241218
경기도 시흥시,,경기도 시흥시 거모동 1534-7,생활방범,5,200,360도,30,201312,031-310-6763,37.3425558,126.78164,20241218
경기도 시흥시,,경기도 시흥시 거모동 1773-1,생활방범,5,200,360도,30,201312,031-310-6763,37.3414289,126.785089,20241218
경기도 시흥시,,경기도 시흥시 거모동 1856,생활방범,4,200,360도,30,201312,031-310-6763,37.337765,126.7845386,20241218
경기도 시흥시,,경기도 시흥시 거모동 1668-7,생활방범,4,200,360도,30,201312,031-310-6763,37.3386468,126.785303,20241218
경기도 시흥시,경기도 시흥시 군자로487번길 11,경기도 시흥시 거모동 1726-4,생활방범,4,200,360도,30,201312,031-310-6763,37.3472352,126.7854244,20241218
경기도 시흥시,,경기도 시흥시 군자동 348-4,생활방범,4,200,360도,30,201312,031-310-6763,37.3607812,126.7874867,20241218
경기도 시흥시,경기도 시흥시 군자로477번길 6,경기도 시흥시 거모동 1725-7,생활방범,4,200,360도,30,201312,031-310-6763,37.3476789,126.7838823,20241218
경기도 시흥시,,경기도 시흥시 거모동 1371-2,생활방범,3,200,360도,30,201312,031-310-6763,37.3484151,126.7801233,20241218
경기도 시흥시,,경기도 시흥시 거모동 1231-4,생활방범,4,200,360도,30,201312,031-310-6763,37.346464,126.7745759,20241218
경기도 시흥시,경기도 시흥시 정왕천로428번길 24,경기도 시흥시 정왕동 1511-9,생활방범,5,200,360도,30,201312,031-310-6763,37.3441106,126.7552511,20241218
경기도 시흥시,경기도 시흥시 정왕천로414번길 42,경기도 시흥시 정왕동 1504-4,생활방범,5,200,360도,30,201312,031-310-6763,37.3459765,126.7553219,20241218
경기도 시흥시,,경기도 시흥시 정왕동 1840,생활방범,4,200,360도,30,201312,031-310-6763,37.3492708,126.7410859,20241218
경기도 시흥시,경기도 시흥시 다솜마을1길 13-1,경기도 시흥시 정왕동 1807-11,생활방범,4,200,360도,30,201312,031-310-6763,37.3497949,126.7423356,20241218
경기도 시흥시,경기도 시흥시 다솜마을2길 28-8,경기도 시흥시 정왕동 1807-4,생활방범,4,200,360도,30,201312,031-310-6763,37.350035,126.7428847,20241218
경기도 시흥시,경기도 시흥시 봉우재로61번길 14-5,경기도 시흥시 정왕동 1817-1,생활방범,4,200,360도,30,201312,031-310-6763,37.3490173,126.745354,20241218
경기도 시흥시,경기도 시흥시 군서마을로 94,경기도 시흥시 정왕동 1830-14,생활방범,5,200,360도,30,201312,031-310-6763,37.3484524,126.7423354,20241218
경기도 시흥시,경기도 시흥시 군서로18번길 10-1,경기도 시흥시 정왕동 1199,생활방범,5,200,360도,30,201312,031-310-6763,37.345194,126.7503238,20241218
경기도 시흥시,경기도 시흥시 정왕천로447번길 1,경기도 시흥시 정왕동 1167-4,생활방범,5,200,360도,30,201312,031-310-6763,37.346913,126.7544036,20241218
경기도 시흥시,경기도 시흥시 큰솔로12번안길 24-13,경기도 시흥시 정왕동 1406-1,생활방범,4,200,360도,30,201312,031-310-6763,37.3406913,126.7531294,20241218
경기도 시흥시,경기도 시흥시 정왕대로337번안길 3-17,경기도 시흥시 정왕동 1413-1,생활방범,4,200,360도,30,201312,031-310-6763,37.3407066,126.7503078,20241218
경기도 시흥시,경기도 시흥시 정왕시장길 35-1,경기도 시흥시 정왕동 1583,생활방범,5,200,360도,30,201312,031-310-6763,37.3443241,126.7473023,20241218
경기도 시흥시,,경기도 시흥시 정왕동 1568-7,생활방범,4,200,360도,30,201312,031-310-6763,37.3416459,126.7488139,20241218
경기도 시흥시,경기도 시흥시 봉우재로37번길 10,경기도 시흥시 정왕동 1598-7,생활방범,4,200,360도,30,201312,031-310-6763,37.3466009,126.7436303,20241218
경기도 시흥시,경기도 시흥시 봉우재로23번안길 13-1,경기도 시흥시 정왕동 1612-11,생활방범,4,200,360도,30,201312,031-310-6763,37.3461617,126.7413014,20241218
경기도 시흥시,경기도 시흥시 군서마을로 66,경기도 시흥시 정왕동 1838-9,생활방범,5,200,360도,30,201312,031-310-6763,37.3467633,126.7451301,20241218
경기도 시흥시,경기도 시흥시 군자로534번안길 6-6,경기도 시흥시 거모동 1768-5,생활방범,4,200,360도,30,200912,031-310-6763,37.3420337,126.7869527,20241218
경기도 시흥시,경기도 시흥시 월곶중앙로 71,경기도 시흥시 월곶동 1011-15,생활방범,5,200,360도,30,200912,031-310-6763,37.3886686,126.7374751,20241218
경기도 시흥시,경기도 시흥시 월곶해안로 99,경기도 시흥시 월곶동 1011-28,생활방범,4,200,360도,30,200912,031-310-6763,37.3898091,126.7345876,20241218
경기도 시흥시,경기도 시흥시 군서로18번길 44,경기도 시흥시 정왕동 1169,생활방범,4,200,360도,30,200912,031-310-6763,37.3476336,126.7526761,20241218
경기도 시흥시,경기도 시흥시 정왕천로449번길 71,경기도 시흥시 정왕동 1182-1,생활방범,4,200,360도,30,200912,031-310-6763,37.3480327,126.7471377,20241218
경기도 시흥시,경기도 시흥시 군서로36번길 23,경기도 시흥시 정왕동 1187-1,생활방범,4,200,360도,30,200912,031-310-6763,37.3471939,126.749486,20241218
경기도 시흥시,경기도 시흥시 다솜마을2길 12,경기도 시흥시 정왕동 1803-1,생활방범,5,200,360도,30,200912,031-310-6763,37.3502145,126.741121,20241218
경기도 시흥시,경기도 시흥시 봉우재로51번길 22,경기도 시흥시 정왕동 1829-3,생활방범,5,200,360도,30,200912,031-310-6763,37.3482804,126.7436535,20241218
경기도 시흥시,경기도 시흥시 오동마을로5번길 16,경기도 시흥시 정왕동 2311-1,생활방범,5,200,360도,30,200912,031-310-6763,37.353112,126.7434643,20241218
경기도 시흥시,,경기도 시흥시 신천동 851-7,생활방범,3,200,360도,30,201212,031-310-6763,37.4352602,126.7862942,20241218
경기도 시흥시,경기도 시흥시 수인로3325번길 29,경기도 시흥시 신천동 857-1,생활방범,3,200,360도,30,201212,031-310-6763,37.4366861,126.7889303,20241218
경기도 시흥시,,경기도 시흥시 신천동 884-5,생활방범,4,200,360도,30,201212,031-310-6763,37.4320418,126.7924296,20241218
경기도 시흥시,,경기도 시흥시 신천동 803,생활방범,2,200,360도,30,201212,031-310-6763,37.4385517,126.7840534,20241218
경기도 시흥시,,경기도 시흥시 미산동 106-2,생활방범,3,200,360도,30,201212,031-310-6763,37.4242083,126.7929733,20241218
경기도 시흥시,경기도 시흥시 은행로 60,경기도 시흥시 은행동 107-1,생활방범,3,200,360도,30,201212,031-310-6763,37.4364971,126.7963695,20241218
경기도 시흥시,,경기도 시흥시 배곧동 303,생활방범,4,200,360도,30,201712,031-310-6763,37.3547,126.7072017,20241218
경기도 시흥시,,경기도 시흥시 배곧동 302,생활방범,3,200,360도,30,201712,031-310-6763,37.3552645,126.7029751,20241218
경기도 시흥시,,경기도 시흥시 배곧동 307,생활방범,3,200,360도,30,201712,031-310-6763,37.3570731,126.7036938,20241218
경기도 시흥시,,경기도 시흥시 배곧동 301,생활방범,4,200,360도,30,201712,031-310-6763,37.3576577,126.7048918,20241218
경기도 시흥시,,경기도 시흥시 배곧동 289,생활방범,3,200,360도,30,201712,031-310-6763,37.3539242,126.7071517,20241218
경기도 시흥시,경기도 시흥시 해송십리로 40,경기도 시흥시 배곧동 304,생활방범,4,200,360도,30,201712,031-310-6763,37.3523865,126.7041954,20241218
경기도 시흥시,,경기도 시흥시 배곧동 307,생활방범,3,200,360도,30,201712,031-310-6763,37.3520549,126.7035724,20241218
경기도 시흥시,경기도 시흥시 서울대학로 77,경기도 시흥시 배곧동 294-1,생활방범,4,200,360도,30,201712,031-310-6763,37.3581091,126.710238,20241218
경기도 시흥시,경기도 시흥시 서울대학로 59-5,경기도 시흥시 배곧동 300-3,생활방범,4,200,360도,30,201712,031-310-6763,37.3570621,126.707647,20241218
경기도 시흥시,,경기도 시흥시 배곧동 42,생활방범,3,200,360도,30,201712,031-310-6763,37.3664,126.7123508,20241218
경기도 시흥시,,경기도 시흥시 배곧동 308,생활방범,4,200,360도,30,201712,031-310-6763,37.3634689,126.7091698,20241218
경기도 시흥시,,경기도 시흥시 배곧동 307,생활방범,3,200,360도,30,201712,031-310-6763,37.3610086,126.7075569,20241218
경기도 시흥시,경기도 시흥시 서해안로 347,경기도 시흥시 배곧동 286,생활방범,3,200,360도,30,201712,031-310-6763,37.3573633,126.7095835,20241218
경기도 시흥시,경기도 시흥시 서울대학로 59-5,경기도 시흥시 배곧동 300-3,생활방범,4,200,360도,30,201712,031-310-6763,37.3559023,126.7078433,20241218
경기도 시흥시,경기도 시흥시 서울대학로 173,경기도 시흥시 배곧동 242,생활방범,4,200,360도,30,201712,031-310-6763,37.3671869,126.7138931,20241218
경기도 시흥시,경기도 시흥시 배곧1로 27-16,경기도 시흥시 배곧동 245,생활방범,3,200,360도,30,201712,031-310-6763,37.3609005,126.7148207,20241218
경기도 시흥시,,경기도 시흥시 배곧동 279,생활방범,3,200,360도,30,201712,031-310-6763,37.3593011,126.7127478,20241218
경기도 시흥시,경기도 시흥시 서울대학로 59-45,경기도 시흥시 배곧동 291-2,생활방범,3,200,360도,30,201712,031-310-6763,37.3595673,126.7077533,20241218
경기도 시흥시,경기도 시흥시 서울대학로 59-69,경기도 시흥시 배곧동 292-3,생활방범,4,200,360도,30,201712,031-310-6763,37.3587892,126.7114371,20241218
경기도 시흥시,,경기도 시흥시 배곧동 296,생활방범,4,200,360도,30,201712,031-310-6763,37.3577884,126.7084017,20241218
경기도 시흥시,,경기도 시흥시 배곧동 273,생활방범,4,200,360도,30,201712,031-310-6763,37.3603552,126.7109688,20241218
경기도 시흥시,,경기도 시흥시 배곧동 277,생활방범,3,200,360도,30,201712,031-310-6763,37.3597729,126.7131322,20241218
경기도 시흥시,경기도 시흥시 서울대학로 200,경기도 시흥시 배곧동 248,생활방범,3,200,360도,30,201712,031-310-6763,37.3654317,126.720942,20241218
경기도 시흥시,경기도 시흥시 서울대학로 172-20,경기도 시흥시 배곧동 262,생활방범,4,200,360도,30,201712,031-310-6763,37.3618541,126.7201548,20241218
경기도 시흥시,,경기도 시흥시 배곧동 270,생활방범,5,200,360도,30,201712,031-310-6763,37.361563,126.7121033,20241218
경기도 시흥시,,경기도 시흥시 배곧동 282,생활방범,3,200,360도,30,201712,031-310-6763,37.3591913,126.7160796,20241218
경기도 시흥시,경기도 시흥시 배곧1로 27-15,경기도 시흥시 배곧동 243,생활방범,4,200,360도,30,201712,031-310-6763,37.3631773,126.7101394,20241218
경기도 시흥시,경기도 시흥시 서울대학로 190,경기도 시흥시 배곧동 251,생활방범,5,200,360도,30,201712,031-310-6763,37.3612562,126.7214306,20241218
경기도 시흥시,경기도 시흥시 서울대학로 150-17,경기도 시흥시 배곧동 263,생활방범,4,200,360도,30,201712,031-310-6763,37.3609905,126.7174687,20241218
경기도 시흥시,경기도 시흥시 서울대학로 134,경기도 시흥시 배곧동 267,생활방범,4,200,360도,30,201712,031-310-6763,37.3616319,126.7165237,20241218
경기도 시흥시,경기도 시흥시 서울대학로 150-17,경기도 시흥시 배곧동 263,생활방범,3,200,360도,30,201712,031-310-6763,37.3603204,126.7168661,20241218
경기도 시흥시,경기도 시흥시 서울대학로264번길 22,경기도 시흥시 배곧동 223-1,생활방범,5,200,360도,30,201712,031-310-6763,37.3683605,126.7266313,20241218
경기도 시흥시,경기도 시흥시 해송십리로 507,경기도 시흥시 배곧동 1,생활방범,4,200,360도,30,201712,031-310-6763,37.386023,126.7325134,20241218
경기도 시흥시,경기도 시흥시 목감남서로 15,경기도 시흥시 조남동 670,생활방범,4,200,360도,30,202412,031-310-6763,37.3724491,126.8488645,20241218
경기도 시흥시,경기도 시흥시 목감남서로 15,경기도 시흥시 조남동 670,생활방범,4,200,360도,30,202412,031-310-6763,37.372392,126.8485209,20241218
경기도 시흥시,,경기도 시흥시 논곡동산 32-8,생활방범,4,200,360도,30,202412,031-310-6763,37.3903164,126.8598855,20241218
경기도 시흥시,,경기도 시흥시 논곡동 205-3,생활방범,3,200,360도,30,202412,031-310-6763,37.3895658,126.8581138,20241218
경기도 시흥시,경기도 시흥시 서해안로1685번길 16,경기도 시흥시 대야동 219,생활방범,4,200,360도,30,202412,031-310-6763,37.4533009,126.7949255,20241218
경기도 시흥시,,경기도 시흥시 대야동 617,생활방범,5,200,360도,30,202412,031-310-6763,37.4428842,126.7905103,20241218
경기도 시흥시,경기도 시흥시 오동마을로 38-1,경기도 시흥시 정왕동 2317-7,생활방범,4,200,360도,30,200912,031-310-6763,37.3519448,126.745598,20241218
경기도 시흥시,경기도 시흥시 큰솔로28번길 9,경기도 시흥시 정왕동 1405-4,생활방범,4,200,360도,30,200912,031-310-6763,37.3400339,126.7531994,20241218
경기도 시흥시,경기도 시흥시 정왕대로233번안길 9-9,경기도 시흥시 정왕동 1602,생활방범,5,200,360도,30,200912,031-310-6763,37.3471972,126.7426711,20241218
경기도 시흥시,경기도 시흥시 봉우재로11번길 10,경기도 시흥시 정왕동 1616-9,생활방범,5,200,360도,30,200912,031-310-6763,37.3447593,126.7419049,20241218
경기도 시흥시,경기도 시흥시 서촌상가3길 15-14,경기도 시흥시 정왕동 1727-5,생활방범,3,200,360도,30,200912,031-310-6763,37.3470047,126.7328893,20241218
경기도 시흥시,경기도 시흥시 중심상가로 155,경기도 시흥시 정왕동 1728-17,생활방범,5,200,360도,30,200912,031-310-6763,37.3463991,126.7331488,20241218
경기도 시흥시,경기도 시흥시 중심상가로 193,경기도 시흥시 정왕동 1737-17,생활방범,5,200,360도,30,200912,031-310-6763,37.3444685,126.7362961,20241218
경기도 시흥시,,경기도 시흥시 정왕동 1858-5,생활방범,3,200,360도,30,200912,031-310-6763,37.3531893,126.7229169,20241218
경기도 시흥시,,경기도 시흥시 정왕동 1878-3,생활방범,4,200,360도,30,200912,031-310-6763,37.3652946,126.7331815,20241218
경기도 시흥시,경기도 시흥시 함송로 23,경기도 시흥시 정왕동 1881-8,생활방범,5,200,360도,30,200912,031-310-6763,37.3634514,126.7310337,20241218
경기도 시흥시,경기도 시흥시 진말로9번길 8,경기도 시흥시 장곡동 820-8,생활방범,5,200,360도,30,200912,031-310-6763,37.3781786,126.7846552,20241218
경기도 시흥시,경기도 시흥시 시청로68번길 4,경기도 시흥시 장현동 541-1,생활방범,4,200,360도,30,200912,031-310-6763,37.3801246,126.8005332,20241218
경기도 시흥시,경기도 시흥시 하중로 211,경기도 시흥시 하중동 861-1,생활방범,5,200,360도,30,200912,031-310-6763,37.393322,126.8057389,20241218
경기도 시흥시,경기도 시흥시 하중로 226,경기도 시흥시 하중동 880-1,생활방범,5,200,360도,30,200912,031-310-6763,37.3918212,126.8045532,20241218
경기도 시흥시,경기도 시흥시 호현로85번길 4-1,경기도 시흥시 대야동 461-28,생활방범,4,200,360도,30,201012,031-310-6763,37.4473239,126.7871777,20241218
경기도 시흥시,경기도 시흥시 문화마을로16번길 51-21,경기도 시흥시 대야동 481,생활방범,4,200,360도,30,201012,031-310-6763,37.4462512,126.7844097,20241218
경기도 시흥시,경기도 시흥시 뱀내장터로25번길 7,경기도 시흥시 대야동 500,생활방범,4,200,360도,30,201012,031-310-6763,37.4426268,126.7873736,20241218
경기도 시흥시,,경기도 시흥시 대야동 493-7,생활방범,5,200,360도,30,201012,031-310-6763,37.4433012,126.7867793,20241218
경기도 시흥시,경기도 시흥시 뱀내장터로25번길 15-1,경기도 시흥시 대야동 491-29,생활방범,3,200,360도,30,201012,031-310-6763,37.4428888,126.7879739,20241218
경기도 시흥시,경기도 시흥시 호현로27번길 19-3,경기도 시흥시 신천동 703-15,생활방범,4,200,360도,30,201012,031-310-6763,37.4434188,126.7829972,20241218
경기도 시흥시,경기도 시흥시 수인로3381번길 26,경기도 시흥시 신천동 758-5,생활방범,4,200,360도,30,201012,031-310-6763,37.4390942,126.7823714,20241218
경기도 시흥시,경기도 시흥시 신천로100번길 8-1,경기도 시흥시 신천동 769-2,생활방범,5,200,360도,30,201012,031-310-6763,37.4386773,126.7875092,20241218
경기도 시흥시,경기도 시흥시 신천8길 39,경기도 시흥시 신천동 825-3,생활방범,4,200,360도,30,201012,031-310-6763,37.4363755,126.7766082,20241218
경기도 시흥시,,경기도 시흥시 은행동 288-4,생활방범,4,200,360도,30,201012,031-310-6763,37.4316551,126.7933849,20241218
경기도 시흥시,경기도 시흥시 동서로707번길 34,경기도 시흥시 물왕동 284-3,생활방범,5,200,360도,30,201012,031-310-6763,37.3872246,126.827538,20241218
경기도 시흥시,,경기도 시흥시 조남동 177-11,생활방범,5,200,360도,30,201012,031-310-6763,37.3821881,126.8579524,20241218
경기도 시흥시,경기도 시흥시 역전로 193,경기도 시흥시 정왕동 1162-4,생활방범,4,200,360도,30,201012,031-310-6763,37.3474541,126.749327,20241218
경기도 시흥시,경기도 시흥시 정왕천로423번길 1,경기도 시흥시 정왕동 1195-1,생활방범,5,200,360도,30,201012,031-310-6763,37.3451651,126.7527056,20241218
경기도 시흥시,경기도 시흥시 정왕천로 407-1,경기도 시흥시 정왕동 1196-1,생활방범,5,200,360도,30,201012,031-310-6763,37.3442458,126.7518292,20241218
경기도 시흥시,경기도 시흥시 정왕천로414번길 11,경기도 시흥시 정왕동 1513-5,생활방범,4,200,360도,30,201012,031-310-6763,37.3438832,126.753263,20241218
경기도 시흥시,경기도 시흥시 정왕천로396번길 23,경기도 시흥시 정왕동 1523-7,생활방범,5,200,360도,30,201012,031-310-6763,37.3418734,126.7530174,20241218
경기도 시흥시,,경기도 시흥시 정왕동 2349-1,생활방범,5,200,360도,30,201012,031-310-6763,37.3527712,126.7459995,20241218
경기도 시흥시,경기도 시흥시 큰솔로7번안길 17-2,경기도 시흥시 정왕동 1412-7,생활방범,4,200,360도,30,201012,031-310-6763,37.3406133,126.751435,20241218
경기도 시흥시,경기도 시흥시 군자로281번길 5,경기도 시흥시 거모동 317-1,생활방범,4,200,360도,30,201612,031-310-6763,37.3616968,126.7724795,20241218
경기도 시흥시,경기도 시흥시 비둘기공원3길 8-1,경기도 시흥시 대야동 553-4,생활방범,4,200,360도,30,201712,031-310-6763,37.4402574,126.7919813,20241218
경기도 시흥시,경기도 시흥시 비둘기공원7길 60,경기도 시흥시 대야동 549-5,생활방범,3,200,360도,30,201712,031-310-6763,37.4408122,126.7910435,20241218
경기도 시흥시,경기도 시흥시 대야로13번길 6-3,경기도 시흥시 대야동 471-27,생활방범,3,200,360도,30,201712,031-310-6763,37.4450327,126.7885978,20241218
경기도 시흥시,경기도 시흥시 호현로10번길 7-1,경기도 시흥시 신천동 707-3,생활방범,4,200,360도,30,201712,031-310-6763,37.4411826,126.7845526,20241218
경기도 시흥시,경기도 시흥시 신천로100번안길 26,경기도 시흥시 신천동 853-6,생활방범,4,200,360도,30,201712,031-310-6763,37.436828,126.7871087,20241218
경기도 시흥시,경기도 시흥시 신천로 86,경기도 시흥시 신천동 771-6,생활방범,3,200,360도,30,201712,031-310-6763,37.4378533,126.7860383,20241218
경기도 시흥시,,경기도 시흥시 매화동 367-4,생활방범,4,200,360도,30,201712,031-310-6763,37.4181126,126.8088333,20241218
경기도 시흥시,,경기도 시흥시 대야동 산171-1,생활방범,3,200,360도,30,202012,031-310-6763,37.449769,126.7837519,20241218
경기도 시흥시,,경기도 시흥시 대야동 산171-1,생활방범,4,200,360도,30,202012,031-310-6763,37.4497855,126.7840426,20241218
경기도 시흥시,,경기도 시흥시 조남동 175-5,생활방범,4,200,360도,30,202012,031-310-6763,37.3824731,126.8572411,20241218
경기도 시흥시,경기도 시흥시 번영로 83,경기도 시흥시 정왕동 2131-2,생활방범,4,200,360도,30,202012,031-310-6763,37.3307471,126.7476213,20241218
경기도 시흥시,,경기도 시흥시  방산동 산1-17,생활방범,4,200,360도,30,202412,031-310-6763,37.4119437,126.7583102,20241218
경기도 시흥시,,경기도 시흥시 안현동 360-39,생활방범,4,200,360도,30,202412,031-310-6763,37.4303984,126.8114131,20241218
경기도 시흥시,경기도 시흥시 매화2로 60,경기도 시흥시 매화동 338-1,생활방범,4,200,360도,30,202412,031-310-6763,37.415224,126.8091992,20241218
경기도 시흥시,,경기도 시흥시 조남동 111,생활방범,5,200,360도,30,202412,031-310-6763,37.3795164,126.8679734,20241218
경기도 시흥시,경기도 시흥시 포도원로79번길 14-11,경기도 시흥시 신천동 846-11,생활방범,3,200,360도,30,201612,031-310-6763,37.437026,126.7855245,20241218
경기도 시흥시,경기도 시흥시 시흥대로1073번길 24,경기도 시흥시 신천동 876-15,생활방범,3,200,360도,30,201612,031-310-6763,37.4320512,126.7907007,20241218
경기도 시흥시,경기도 시흥시 수인로3394번길 16,경기도 시흥시 신천동 705-32,생활방범,3,200,360도,30,201612,031-310-6763,37.44289,126.7827176,20241218
경기도 시흥시,경기도 시흥시 뱀내장터로 17,경기도 시흥시 대야동 499-37,생활방범,3,200,360도,30,201612,031-310-6763,37.4418574,126.7867753,20241218
경기도 시흥시,경기도 시흥시 대골안길 96,경기도 시흥시 신천동 707-29,생활방범,3,200,360도,30,201612,031-310-6763,37.4415996,126.7861452,20241218
경기도 시흥시,경기도 시흥시 신현로14번길 11-1,경기도 시흥시 포동 1-3,생활방범,3,200,360도,30,201612,031-310-6763,37.4077277,126.7866182,20241218
경기도 시흥시,경기도 시흥시 신현로38번길 20,경기도 시흥시 포동 13-29,생활방범,3,200,360도,30,201612,031-310-6763,37.4072237,126.7841866,20241218
경기도 시흥시,,경기도 시흥시 방산동 산103-3,생활방범,3,200,360도,30,201612,031-310-6763,37.4217943,126.7662213,20241218
경기도 시흥시,,경기도 시흥시 대야동 418-16,생활방범,4,200,360도,30,202112,031-310-6763,37.4399388,126.7913467,20241218
경기도 시흥시,경기도 시흥시 신현로202번길 1-1,경기도 시흥시 포동 20-217,생활방범,3,200,360도,30,201612,031-310-6763,37.4027596,126.7695315,20241218
경기도 시흥시,경기도 시흥시 수인로2423번길 5,경기도 시흥시 논곡동 243-2,생활방범,3,200,360도,30,201912,031-310-6763,37.3944104,126.8563758,20241218
경기도 시흥시,,경기도 시흥시 배곧동 154,생활방범,4,200,360도,30,201912,031-310-6763,37.3737799,126.7315194,20241218
경기도 시흥시,경기도 시흥시 월동중앙로 68,경기도 시흥시 월곶동 92-1,생활방범,4,200,360도,30,201912,031-310-6763,37.3821463,126.7680478,20241218
경기도 시흥시,경기도 시흥시 신천로7번길 2,경기도 시흥시 신천동 879-9,생활방범,4,200,360도,30,201912,031-310-6763,37.433745,126.7922242,20241218
경기도 시흥시,경기도 시흥시 큰솔공원로33번길 13,경기도 시흥시 정왕동 1538,생활방범,4,200,360도,30,201912,031-310-6763,37.3423605,126.758093,20241218
경기도 시흥시,경기도 시흥시 큰솔로66번길 31,경기도 시흥시 정왕동 1541-3,생활방범,3,200,360도,30,201912,031-310-6763,37.3410353,126.756617,20241218
경기도 시흥시,경기도 시흥시 정왕신길로229번길 15,경기도 시흥시 정왕동 1809-4,생활방범,4,200,360도,30,201912,031-310-6763,37.3493124,126.7431298,20241218
경기도 시흥시,경기도 시흥시 봉우재로51번길 22-6,경기도 시흥시 정왕동 1832-6,생활방범,5,200,360도,30,201912,031-310-6763,37.3487456,126.7441267,20241218
경기도 시흥시,,경기도 시흥시 하중동 872-2,생활방범,4,200,360도,30,201912,031-310-6763,37.3910834,126.8075474,20241218
경기도 시흥시,경기도 시흥시 함송로13번길 10,경기도 시흥시 정왕동 1880-3,생활방범,3,200,360도,30,201912,031-310-6763,37.3647887,126.7302871,20241218
경기도 시흥시,,경기도 시흥시 물왕동 95-14,생활방범,4,200,360도,30,201912,031-310-6763,37.3829301,126.8398484,20241218
경기도 시흥시,경기도 시흥시 봉우재로41번길 27,경기도 시흥시 정왕동 1599-1,생활방범,4,200,360도,30,201912,031-310-6763,37.3478865,126.7424512,20241218
경기도 시흥시,경기도 시흥시 봉우재로69번길 20,경기도 시흥시 정왕동 1819-1,생활방범,5,200,360도,30,201912,031-310-6763,37.3493794,126.7448716,20241218
경기도 시흥시,경기도 시흥시 군서마을로 120-6,경기도 시흥시 정왕동 1803-10,생활방범,3,200,360도,30,201912,031-310-6763,37.3501136,126.7407359,20241218
경기도 시흥시,경기도 시흥시 봉우재로51번길 5,경기도 시흥시 정왕동 1838-5,생활방범,5,200,360도,30,201912,031-310-6763,37.3472402,126.745142,20241218
경기도 시흥시,경기도 시흥시 서해안로 1490-26,경기도 시흥시 신천동 434-1,생활방범,4,200,360도,30,201912,031-310-6763,37.4403944,126.7782823,20241218
경기도 시흥시,경기도 시흥시 수인로3427번길 9-2,경기도 시흥시 신천동 410-1,생활방범,4,200,360도,30,201912,031-310-6763,37.4415156,126.7783378,20241218
경기도 시흥시,경기도 시흥시 정왕천로359번길 10,경기도 시흥시 정왕동 1430-7,생활방범,5,200,360도,30,201912,031-310-6763,37.341332,126.7474726,20241218
경기도 시흥시,경기도 시흥시 큰솔로41번길 11-19,경기도 시흥시 정왕동 1410-8,생활방범,4,200,360도,30,201912,031-310-6763,37.3410544,126.750821,20241218
경기도 시흥시,경기도 시흥시 신천1길 18,경기도 시흥시 신천동 755-18,생활방범,4,200,360도,30,201912,031-310-6763,37.4396348,126.7804737,20241218
경기도 시흥시,경기도 시흥시 하중로 263,경기도 시흥시 하중동 746-2,생활방범,4,200,360도,30,201912,031-310-6763,37.3882168,126.8066149,20241218
경기도 시흥시,경기도 시흥시 검바위2로 32-11,경기도 시흥시 은행동 274-5,생활방범,4,200,360도,30,201912,031-310-6763,37.4318394,126.7975852,20241218
경기도 시흥시,,경기도 시흥시 대야동 418-16,생활방범,4,200,360도,30,202112,031-310-6763,37.4398838,126.7915478,20241218
경기도 시흥시,경기도 시흥시 매화1로 17,경기도 시흥시 매화동 253-1,생활방범,4,200,360도,30,201912,031-310-6763,37.4152861,126.8130545,20241218
경기도 시흥시,경기도 시흥시 은계중앙로306번길 44,경기도 시흥시 대야동 664-3,생활방범,3,200,360도,30,202012,031-310-6763,37.4539323,126.798282,20241218
경기도 시흥시,경기도 시흥시 은계중앙로306번길 36,경기도 시흥시 대야동 664-6,생활방범,4,200,360도,30,202012,031-310-6763,37.4526833,126.7993312,20241218
경기도 시흥시,경기도 시흥시 은계중앙로306번길 24-1,경기도 시흥시 대야동 665-3,생활방범,5,200,360도,30,202012,031-310-6763,37.4525999,126.8006106,20241218
경기도 시흥시,경기도 시흥시 은계중앙로306번길 52-1,경기도 시흥시 대야동 664-11,생활방범,4,200,360도,30,202012,031-310-6763,37.4528759,126.7971292,20241218
경기도 시흥시,경기도 시흥시 은계중앙로306번길 71,경기도 시흥시 대야동 652,생활방범,5,200,360도,30,202012,031-310-6763,37.4517679,126.7957454,20241218
경기도 시흥시,경기도 시흥시 은계중앙로306번길 78,경기도 시흥시 대야동 650-3,생활방범,3,200,360도,30,202012,031-310-6763,37.4515234,126.7949696,20241218
경기도 시흥시,경기도 시흥시 은계중앙로306번길 19,경기도 시흥시 대야동 667,생활방범,4,200,360도,30,202012,031-310-6763,37.4517456,126.7995911,20241218
경기도 시흥시,,경기도 시흥시 대야동 271-7,생활방범,5,200,360도,30,202012,031-310-6763,37.4504386,126.7949076,20241218
경기도 시흥시,경기도 시흥시 은계로338번길 13,경기도 시흥시 대야동 656-5,생활방범,4,200,360도,30,202012,031-310-6763,37.4501771,126.7971617,20241218
경기도 시흥시,,경기도 시흥시 배곧동 187,생활방범,3,200,360도,30,201712,031-310-6763,37.3702063,126.720828,20241218
경기도 성남시청,경기도 성남시 수정구 대왕판교로 948,경기도 성남시 수정구 시흥동 190-1 국지도23호고등동사무소건너편,교통단속,1,200,도로,30,201106,031-729-2482,37.42475,127.10232,20221125
경기도 성남시청,,경기도 성남시 수정구 시흥동 281-18 국지도23호도로공사앞,교통단속,1,200,도로,30,201106,031-729-2482,37.41155,127.09961,20221125
경기도 시흥시,경기도 시흥시 번영로 83,경기도 시흥시 정왕동 2131-2,생활방범,4,200,360도,30,202012,031-310-6763,37.3314466,126.7483787,20241218
경기도 시흥시,,경기도 시흥시 대야동 332-134,생활방범,5,200,360도,30,202112,031-310-6763,37.4497889,126.7873339,20241218
경기도 시흥시,,경기도 시흥시 대야동 332-134,생활방범,4,200,360도,30,202112,031-310-6763,37.4492718,126.7879507,20241218
경기도 시흥시,경기도 시흥시 거북섬로 26,경기도 시흥시 정왕동 2726-5,생활방범,4,200,360도,30,201712,031-310-6763,37.3274288,126.6727513,20241218
경기도 시흥시,경기도 시흥시 거북섬로 180,경기도 시흥시 정왕동 2738-1,생활방범,4,200,360도,30,201712,031-310-6763,37.320187,126.6858596,20241218
경기도 시흥시,,경기도 시흥시 신천동 131-2,생활방범,4,200,360도,30,202012,031-310-6763,37.4305057,126.7905812,20241218
경기도 시흥시,,경기도 시흥시 신천동 873-18,생활방범,4,200,360도,30,202012,031-310-6763,37.4314324,126.7887296,20241218
경기도 시흥시,경기도 시흥시 비둘기공원1길 6,경기도 시흥시 대야동 418-126,생활방범,4,200,360도,30,202112,031-310-6763,37.4413971,126.7885521,20241218
경기도 시흥시,경기도 시흥시 비둘기공원1길 6,경기도 시흥시 대야동 418-126,생활방범,3,200,360도,30,202112,031-310-6763,37.4412043,126.7887419,20241218
경기도 시흥시,경기도 시흥시 비둘기공원1길 6,경기도 시흥시 대야동 418-126,생활방범,4,200,360도,30,202112,031-310-6763,37.4408078,126.7885348,20241218
경기도 시흥시,경기도 시흥시 비둘기공원1길 6,경기도 시흥시 대야동 418-126,생활방범,4,200,360도,30,202112,031-310-6763,37.4404811,126.7883238,20241218
경기도 시흥시,경기도 시흥시 비둘기공원1길 6,경기도 시흥시 대야동 418-126,생활방범,4,200,360도,30,202112,031-310-6763,37.4400319,126.7880036,20241218
경기도 시흥시,경기도 시흥시 비둘기공원1길 6,경기도 시흥시 대야동 418-126,생활방범,4,200,360도,30,202112,031-310-6763,37.4401102,126.7877951,20241218
경기도 시흥시,경기도 시흥시 비둘기공원1길 6,경기도 시흥시 대야동 418-126,생활방범,4,200,360도,30,202112,031-310-6763,37.4414877,126.7882468,20241218
경기도 시흥시,경기도 시흥시 비둘기공원1길 6,경기도 시흥시 대야동 418-126,생활방범,4,200,360도,30,202112,031-310-6763,37.4405219,126.7875528,20241218
경기도 시흥시,경기도 시흥시 비둘기공원5길 23-1,경기도 시흥시 대야동 540-3,생활방범,4,200,360도,30,202112,031-310-6763,37.4417897,126.7903377,20241218
경기도 시흥시,경기도 시흥시 도일로112번안길 19,경기도 시흥시 거모동 1771-2,생활방범,4,200,360도,30,202012,031-310-6763,37.3423678,126.7853277,20241218
경기도 시흥시,,경기도 시흥시 거모동 1758-7,생활방범,5,200,360도,30,202012,031-310-6763,37.3443711,126.7857951,20241218
경기도 시흥시,경기도 시흥시 군자로492번길 21,경기도 시흥시 거모동 1737-1,생활방범,4,200,360도,30,202012,031-310-6763,37.3455422,126.7820066,20241218
경기도 시흥시,경기도 시흥시 죽율로 45-42,경기도 시흥시 죽율동 767,생활방범,4,200,360도,30,202012,031-310-6763,37.3499546,126.7566607,20241218
경기도 시흥시,경기도 시흥시 봉우순환로 107,경기도 시흥시 정왕동 2243-4,생활방범,4,200,360도,30,202012,031-310-6763,37.3566281,126.7513128,20241218
경기도 시흥시,경기도 시흥시 큰솔로 34,경기도 시흥시 정왕동 1407-13,생활방범,3,200,360도,30,202012,031-310-6763,37.3405868,126.752084,20241218
경기도 시흥시,경기도 시흥시 정왕천로375번길 38-3,경기도 시흥시 정왕동 1582-8,생활방범,4,200,360도,30,202012,031-310-6763,37.3435255,126.7460992,20241218
경기도 시흥시,경기도 시흥시 정왕천로375번길 14-11,경기도 시흥시 정왕동 1562,생활방범,4,200,360도,30,202012,031-310-6763,37.3433342,126.7489044,20241218
경기도 시흥시,경기도 시흥시 군서마을로 116,경기도 시흥시 정왕동 1803-6,생활방범,4,200,360도,30,202012,031-310-6763,37.3495402,126.7406784,20241218
경기도 시흥시,경기도 시흥시 다솜마을1길 7-1,경기도 시흥시 정왕동 1804-3,생활방범,4,200,360도,30,202012,031-310-6763,37.349814,126.7416784,20241218
경기도 시흥시,경기도 시흥시 다솜마을2길 30,경기도 시흥시 정왕동 1810-1,생활방범,3,200,360도,30,202012,031-310-6763,37.35025,126.7431483,20241218
경기도 시흥시,경기도 시흥시 다솜마을1길 21-8,경기도 시흥시 정왕동 1809-8,생활방범,4,200,360도,30,202012,031-310-6763,37.3500815,126.7434268,20241218
경기도 시흥시,경기도 시흥시 배곧4로 6,경기도 시흥시 배곧동 117,생활방범,4,200,360도,30,201712,031-310-6763,37.3789635,126.7251264,20241218
경기도 시흥시,,경기도 시흥시 배곧동 42,생활방범,4,200,360도,30,201712,031-310-6763,37.3733384,126.7185741,20241218
경기도 시흥시,,경기도 시흥시 배곧동 42,생활방범,5,200,360도,30,201712,031-310-6763,37.370399,126.715609,20241218
경기도 시흥시,경기도 시흥시 해송십리로 472-11,경기도 시흥시 배곧동 5,생활방범,3,200,360도,30,201712,031-310-6763,37.3834697,126.7304907,20241218
경기도 시흥시,경기도 시흥시 배곧4로 81-39,경기도 시흥시 배곧동 55,생활방범,3,200,360도,30,201712,031-310-6763,37.3730851,126.7375314,20241218
경기도 시흥시,,경기도 시흥시 배곧동 189,생활방범,5,200,360도,30,201712,031-310-6763,37.3682959,126.7230914,20241218
경기도 시흥시,경기도 시흥시 해송십리로 507,경기도 시흥시 배곧동 1,생활방범,4,200,360도,30,201712,031-310-6763,37.3842203,126.7380559,20241218
경기도 시흥시,경기도 시흥시 배곧4로 94-15,경기도 시흥시 배곧동 163,생활방범,5,200,360도,30,201712,031-310-6763,37.3725723,126.7336271,20241218
경기도 시흥시,,경기도 시흥시 배곧동 187,생활방범,4,200,360도,30,201712,031-310-6763,37.3750728,126.7220997,20241218
경기도 시흥시,,경기도 시흥시 배곧동 187,생활방범,4,200,360도,30,201712,031-310-6763,37.372485,126.7198202,20241218
경기도 시흥시,,경기도 시흥시 배곧동 187,생활방범,4,200,360도,30,201712,031-310-6763,37.3710917,126.7182141,20241218
경기도 시흥시,경기도 시흥시 배곧5로 65-9,경기도 시흥시 배곧동 9,생활방범,4,200,360도,30,201712,031-310-6763,37.3835585,126.7339498,20241218
경기도 시흥시,경기도 시흥시 해송십리로 472-30,경기도 시흥시 배곧동 13,생활방범,4,200,360도,30,201712,031-310-6763,37.3830053,126.7311548,20241218
경기도 시흥시,경기도 시흥시 배곧4로 94-15,경기도 시흥시 배곧동 163,생활방범,4,200,360도,30,201712,031-310-6763,37.3731831,126.7326681,20241218
경기도 시흥시,,경기도 시흥시 대야동 690-2,생활방범,4,200,360도,30,202012,031-310-6763,37.4493956,126.7991329,20241218
경기도 시흥시,경기도 시흥시 매화로 34,경기도 시흥시 매화동 203,생활방범,3,200,360도,30,201212,031-310-6763,37.4163447,126.8146197,20241218
경기도 시흥시,,경기도 시흥시 무지내 221-3,생활방범,4,200,360도,30,201712,031-310-6763,37.4203913,126.8442232,20241218
경기도 시흥시,경기도 시흥시 시흥대로 694-12,경기도 시흥시 하중동 348-2,생활방범,3,200,360도,30,201712,031-310-6763,37.3997031,126.7965956,20241218
경기도 시흥시,경기도 시흥시 월곶고잔3길 56,경기도 시흥시 월곶동 624-1,생활방범,4,200,360도,30,201712,031-310-6763,37.3858851,126.7516026,20241218
경기도 시흥시,,경기도 시흥시 월곶동 595-2,생활방범,3,200,360도,30,201712,031-310-6763,37.3840611,126.753516,20241218
경기도 시흥시,,경기도 시흥시 은행동 248-81,생활방범,3,200,360도,30,201712,031-310-6763,37.434924,126.7972104,20241218
경기도 시흥시,,경기도 시흥시 조남동 327-8,생활방범,4,200,360도,30,201712,031-310-6763,37.3741858,126.859138,20241218
경기도 시흥시,경기도 시흥시 함송로13번길 28,경기도 시흥시 정왕동 1879-5,생활방범,3,200,360도,30,201712,031-310-6763,37.3647644,126.7323763,20241218
경기도 시흥시,,경기도 시흥시 과림동 745-2,생활방범,3,200,360도,30,201712,031-310-6763,37.4270528,126.8363902,20241218
경기도 시흥시,,경기도 시흥시 무지내 165-1,생활방범,3,200,360도,30,201712,031-310-6763,37.4205517,126.8378869,20241218
경기도 시흥시,경기도 시흥시 금오로 607-4,경기도 시흥시 과림동 66-1,생활방범,3,200,360도,30,201712,031-310-6763,37.4553437,126.8328546,20241218
경기도 시흥시,경기도 시흥시 하상로 1,경기도 시흥시 하상동 238-7,생활방범,4,200,360도,30,201712,031-310-6763,37.3919593,126.8127356,20241218
경기도 시흥시,경기도 시흥시 월곶중앙로14번길 56,경기도 시흥시 월곶동 991-32,생활방범,3,200,360도,30,201712,031-310-6763,37.3923563,126.7423629,20241218
경기도 시흥시,경기도 시흥시 호현로21번길 23-12,경기도 시흥시 신천동 314-104,생활방범,3,200,360도,30,201712,031-310-6763,37.4430582,126.7819047,20241218
경기도 시흥시,경기도 시흥시 봉우순환로3번길 36,경기도 시흥시 정왕동 2250-11,생활방범,5,200,360도,30,201712,031-310-6763,37.3583438,126.7529265,20241218
경기도 시흥시,경기도 시흥시 봉우재로61번길 28-2,경기도 시흥시 정왕동 1814-4,생활방범,4,200,360도,30,201712,031-310-6763,37.3492499,126.7436895,20241218
경기도 시흥시,경기도 시흥시 능곡로81번길 5,경기도 시흥시 능곡동 825,생활방범,3,200,360도,30,201712,031-310-6763,37.3620403,126.8155165,20241218
경기도 시흥시,경기도 시흥시 도일로135번길 24,경기도 시흥시 거모동 1744-17,생활방범,3,200,360도,30,201712,031-310-6763,37.3438489,126.7833153,20241218
경기도 시흥시,,경기도 시흥시 거모동 1636-4,생활방범,3,200,360도,30,201712,031-310-6763,37.3406462,126.786111,20241218
경기도 시흥시,경기도 시흥시 봉우재로7번길 20-1,경기도 시흥시 정왕동 1621-7,생활방범,4,200,360도,30,201712,031-310-6763,37.3450069,126.7405741,20241218
경기도 시흥시,,경기도 시흥시 능곡동 588,생활방범,3,200,360도,30,201712,031-310-6763,37.3717147,126.8160676,20241218
경기도 시흥시,경기도 시흥시 하상로 59,경기도 시흥시 하상동 산2,생활방범,4,200,360도,30,201712,031-310-6763,37.3949649,126.8106198,20241218
경기도 시흥시,경기도 시흥시 군자로335번길 36-11,경기도 시흥시 거모동 산 62-4,생활방범,4,200,360도,30,201712,031-310-6763,37.3588405,126.7777966,20241218
경기도 시흥시,경기도 시흥시 서해안로 113-27,경기도 시흥시 정왕동 924-13,생활방범,3,200,360도,30,201712,031-310-6763,37.3478279,126.693651,20241218
경기도 시흥시,경기도 시흥시 서해안로 113-27,경기도 시흥시 정왕동 924-13,생활방범,3,200,360도,30,201712,031-310-6763,37.3464784,126.6936626,20241218
경기도 시흥시,경기도 시흥시 서해안로 113-27,경기도 시흥시 정왕동 924-13,생활방범,3,200,360도,30,201712,031-310-6763,37.3454456,126.6941197,20241218
경기도 시흥시,경기도 시흥시 서해안로 113-27,경기도 시흥시 정왕동 924-13,생활방범,3,200,360도,30,201712,031-310-6763,37.3447488,126.6934037,20241218
경기도 시흥시,경기도 시흥시 서해안로 113-27,경기도 시흥시 정왕동 924-13,생활방범,3,200,360도,30,201712,031-310-6763,37.3449551,126.6944941,20241218
경기도 시흥시,경기도 시흥시 서해안로 113-27,경기도 시흥시 정왕동 924-13,생활방범,3,200,360도,30,201712,031-310-6763,37.3440168,126.695293,20241218
경기도 시흥시,경기도 시흥시 서해안로 113-27,경기도 시흥시 정왕동 924-13,생활방범,3,200,360도,30,201712,031-310-6763,37.3436507,126.6961058,20241218
경기도 시흥시,경기도 시흥시 서해안로 113-27,경기도 시흥시 정왕동 924-13,생활방범,3,200,360도,30,201712,031-310-6763,37.3426731,126.6957574,20241218
경기도 시흥시,경기도 시흥시 서해안로 113-27,경기도 시흥시 정왕동 924-13,생활방범,3,200,360도,30,201712,031-310-6763,37.3419427,126.6948697,20241218
경기도 시흥시,경기도 시흥시 서해안로 113-27,경기도 시흥시 정왕동 924-13,생활방범,3,200,360도,30,201712,031-310-6763,37.3416552,126.6941572,20241218
경기도 시흥시,경기도 시흥시 서해안로 113-27,경기도 시흥시 정왕동 924-13,생활방범,3,200,360도,30,201712,031-310-6763,37.3427024,126.6940509,20241218
경기도 시흥시,경기도 시흥시 서해안로 113-27,경기도 시흥시 정왕동 924-13,생활방범,3,200,360도,30,201712,031-310-6763,37.3431019,126.6935822,20241218
경기도 시흥시,경기도 시흥시 서해안로 113-27,경기도 시흥시 정왕동 924-13,생활방범,3,200,360도,30,201712,031-310-6763,37.3434766,126.6967218,20241218
경기도 시흥시,경기도 시흥시 경기과기대로 90,경기도 시흥시 정왕동 1380,생활방범,5,200,360도,30,202112,031-310-6763,37.3250386,126.724427,20241218
경기도 시흥시,경기도 시흥시 군자천로 281,경기도 시흥시 정왕동 2167-5,생활방범,4,200,360도,30,202112,031-310-6763,37.3427926,126.7310033,20241218
경기도 시흥시,,경기도 시흥시 정왕동 1960,생활방범,4,200,360도,30,202112,031-310-6763,37.3423703,126.7321861,20241218
경기도 시흥시,경기도 시흥시 역전로301번길 32,경기도 시흥시 정왕동 2305-3,생활방범,3,200,360도,30,202112,031-310-6763,37.3530521,126.7372396,20241218
경기도 시흥시,경기도 시흥시 정왕신길로 166,경기도 시흥시 정왕동 876-175,생활방범,5,200,360도,30,202112,031-310-6763,37.3515655,126.7364955,20241218
경기도 시흥시,경기도 시흥시 다솜마을2길 3-1,경기도 시흥시 정왕동 1802-3,생활방범,4,200,360도,30,202112,031-310-6763,37.3505736,126.7400974,20241218
경기도 시흥시,,경기도 시흥시 배곧동 19-1,생활방범,5,200,360도,30,202412,031-310-6763,37.383232,126.7407901,20241218
경기도 시흥시,,경기도 시흥시 조남동170-2,교통단속,3,200,360도,30,200401,031-310-5132,37.3842617,126.8597812,20241218
경기도 시흥시,경기도 시흥시 배곧4로 94-52,경기도 시흥시 배곧동 172,생활방범,4,200,360도,30,201712,031-310-6763,37.3712219,126.735889,20241218
경기도 시흥시,,경기도 시흥시 배곧동 189,생활방범,3,200,360도,30,201712,031-310-6763,37.3692001,126.7209646,20241218
경기도 시흥시,경기도 시흥시 서울대학로278번길 67,경기도 시흥시 배곧동 202,생활방범,4,200,360도,30,201712,031-310-6763,37.3690008,126.7322951,20241218
경기도 시흥시,,경기도 시흥시 배곧동 18-9,생활방범,4,200,360도,30,201712,031-310-6763,37.3829419,126.7366076,20241218
경기도 시흥시,경기도 시흥시 해송십리로 472-54,경기도 시흥시 배곧동 7,생활방범,5,200,360도,30,201712,031-310-6763,37.3825605,126.7345403,20241218
경기도 시흥시,경기도 시흥시 배곧5로 78,경기도 시흥시 배곧동 18-7,생활방범,3,200,360도,30,201712,031-310-6763,37.3822223,126.735699,20241218
경기도 시흥시,경기도 시흥시 배곧4로 32-23,경기도 시흥시 배곧동 129,생활방범,3,200,360도,30,201712,031-310-6763,37.3771263,126.7254537,20241218
경기도 시흥시,경기도 시흥시 배곧3로 27-7,경기도 시흥시 배곧동 135,생활방범,3,200,360도,30,201712,031-310-6763,37.3765989,126.723315,20241218
경기도 시흥시,경기도 시흥시 배곧4로 32-33,경기도 시흥시 배곧동 133,생활방범,3,200,360도,30,201712,031-310-6763,37.3777949,126.7245473,20241218
경기도 시흥시,,경기도 시흥시 배곧동 42,생활방범,3,200,360도,30,201712,031-310-6763,37.3764133,126.722108,20241218
경기도 시흥시,,경기도 시흥시 배곧동 177,생활방범,5,200,360도,30,201712,031-310-6763,37.3684975,126.7336154,20241218
경기도 시흥시,,경기도 시흥시 배곧동 187,생활방범,4,200,360도,30,201712,031-310-6763,37.3720458,126.7216255,20241218
경기도 시흥시,,경기도 시흥시 배곧동 187,생활방범,5,200,360도,30,201712,031-310-6763,37.3712446,126.7218059,20241218
경기도 시흥시,,경기도 시흥시 배곧동 187,생활방범,3,200,360도,30,201712,031-310-6763,37.3711769,126.719896,20241218
경기도 시흥시,경기도 시흥시 서울대학로264번길 26-11,경기도 시흥시 배곧동 226-3,생활방범,4,200,360도,30,201712,031-310-6763,37.3667985,126.7266374,20241218
경기도 시흥시,,경기도 시흥시 배곧동 97-1,생활방범,4,200,360도,30,201712,031-310-6763,37.379791,126.7260601,20241218
경기도 시흥시,경기도 시흥시 배곧전원로 13-33,경기도 시흥시 배곧동 93-1,생활방범,4,200,360도,30,201712,031-310-6763,37.3794199,126.7286413,20241218
경기도 시흥시,경기도 시흥시 배곧전원로 29-33,경기도 시흥시 배곧동 78-24,생활방범,4,200,360도,30,201712,031-310-6763,37.3775459,126.7316186,20241218
경기도 시흥시,경기도 시흥시 배곧4로 81-13,경기도 시흥시 배곧동 58,생활방범,4,200,360도,30,201712,031-310-6763,37.3768162,126.7338053,20241218
경기도 시흥시,,경기도 시흥시 신천동 산15-5,생활방범,3,200,360도,30,202312,031-310-6763,37.4442773,126.7786217,20241218
경기도 시흥시,경기도 시흥시 시흥대로1089번길 17-17,경기도 시흥시 신천동 877-15,생활방범,3,200,360도,30,202312,031-310-6763,37.4325744,126.7901261,20241218
경기도 시흥시,,경기도 시흥시 미산동 272-8,생활방범,4,200,360도,30,202312,031-310-6763,37.4196054,126.7893439,20241218
경기도 시흥시,,경기도 시흥시 미산동 558-2,생활방범,4,200,360도,30,202312,031-310-6763,37.4171459,126.7837365,20241218
경기도 시흥시,경기도 시흥시 시흥대로 949,경기도 시흥시 미산동 249-3,생활방범,4,200,360도,30,202312,031-310-6763,37.4212821,126.789259,20241218
경기도 시흥시,,경기도 시흥시 미산동 149-10,생활방범,4,200,360도,30,202312,031-310-6763,37.4265851,126.7910478,20241218
경기도 시흥시,경기도 시흥시 시흥대로789번길 5,경기도 시흥시 포동 1-33,생활방범,4,200,360도,30,202312,031-310-6763,37.4071866,126.7889823,20241218
경기도 시흥시,경기도 시흥시 수인로3247번길 30,경기도 시흥시 은행동 243-1,생활방범,4,200,360도,30,202312,031-310-6763,37.4361047,126.7975237,20241218
경기도 시흥시,경기도 시흥시 큰솔로12번안길 10-6,경기도 시흥시 정왕동 1422,생활방범,4,200,360도,30,201012,031-310-6763,37.3388802,126.7531367,20241218
경기도 시흥시,경기도 시흥시 봉우재로36번길 5,경기도 시흥시 정왕동 1575-11,생활방범,4,200,360도,30,201012,031-310-6763,37.3458053,126.7450769,20241218
경기도 시흥시,경기도 시흥시 옥터로19번길 12,경기도 시흥시 정왕동 1987-2,생활방범,4,200,360도,30,201012,031-310-6763,37.3452322,126.6929338,20241218
경기도 시흥시,,경기도 시흥시 능곡동 712,생활방범,4,200,360도,30,201012,031-310-6763,37.3647651,126.816108,20241218
경기도 시흥시,,경기도 시흥시 능곡동 781,생활방범,3,200,360도,30,201012,031-310-6763,37.3650129,126.8084727,20241218
경기도 시흥시,경기도 시흥시 새재로7번길 21,경기도 시흥시 장현동 537-1,생활방범,4,200,360도,30,201012,031-310-6763,37.3816224,126.7995269,20241218
경기도 시흥시,경기도 시흥시 복지로91번길 10-6,경기도 시흥시 대야동 443,생활방범,4,200,360도,30,201012,031-310-6763,37.4481527,126.7906791,20241218
경기도 시흥시,경기도 시흥시 대골길 63-2,경기도 시흥시 대야동 474-9,생활방범,4,200,360도,30,201012,031-310-6763,37.4459261,126.7870647,20241218
경기도 시흥시,경기도 시흥시 호현로 24,경기도 시흥시 신천동 707-72,생활방범,5,200,360도,30,201012,031-310-6763,37.4425879,126.7848809,20241218
경기도 시흥시,경기도 시흥시 호현로34번안길 4,경기도 시흥시 대야동 497-14,생활방범,3,200,360도,30,201912,031-310-6763,37.4429997,126.7858311,20241218
경기도 시흥시,경기도 시흥시 대골안길 83-3,경기도 시흥시 대야동 499-18,생활방범,3,200,360도,30,201912,031-310-6763,37.4425259,126.7864316,20241218
경기도 시흥시,경기도 시흥시 호현로9번길 26-1,경기도 시흥시 신천동 314-63,생활방범,3,200,360도,30,201912,031-310-6763,37.4424417,126.7806943,20241218
경기도 시흥시,경기도 시흥시 호현로10번길 15-4,경기도 시흥시 신천동 708-12,생활방범,3,200,360도,30,201912,031-310-6763,37.441296,126.785056,20241218
경기도 시흥시,경기도 시흥시 호현로103번길 11,경기도 시흥시 대야동 461-16,생활방범,4,200,360도,30,201912,031-310-6763,37.4479919,126.7872347,20241218
경기도 시흥시,경기도 시흥시 대골안길 3,경기도 시흥시 대야동 440,생활방범,4,200,360도,30,201912,031-310-6763,37.4492736,126.7895821,20241218
경기도 시흥시,경기도 시흥시 대골길 7,경기도 시흥시 대야동 342-3,생활방범,3,200,360도,30,201912,031-310-6763,37.4496312,126.7912532,20241218
경기도 시흥시,경기도 시흥시 복지로99번길 13,경기도 시흥시 대야동 441-13,생활방범,4,200,360도,30,201912,031-310-6763,37.4486387,126.7913169,20241218
경기도 시흥시,,경기도 시흥시 월곶동 543-4,생활방범,5,200,360도,30,202412,031-310-6763,37.3851767,126.7565969,20241218
경기도 시흥시,,경기도 시흥시 월곶동 산60-2,생활방범,4,200,360도,30,202412,031-310-6763,37.3690353,126.7716917,20241218
경기도 시흥시,경기도 시흥시 은행로218번길 33-21,경기도 시흥시 대야동 360-6,생활방범,3,200,360도,30,202412,031-310-6763,37.4442955,126.7917809,20241218
경기도 시흥시,,경기도 시흥시 대야동 194-24,생활방범,4,200,360도,30,202412,031-310-6763,37.457083,126.7944874,20241218
경기도 시흥시,,경기도 시흥시 계수동 94-10,생활방범,4,200,360도,30,202412,031-310-6763,37.4560576,126.8154339,20241218
경기도 시흥시,,경기도 시흥시 포동 1-5,생활방범,4,200,360도,30,202412,031-310-6763,37.4075027,126.7874732,20241218
경기도 시흥시,경기도 시흥시 미산로82번길 5,경기도 시흥시 미산동 85-21,생활방범,4,200,360도,30,202412,031-310-6763,37.4208996,126.796592,20241218
경기도 시흥시,,경기도 시흥시 매화동 21-3,생활방범,3,200,360도,30,202412,031-310-6763,37.4212444,126.8203327,20241218
경기도 시흥시,,경기도 시흥시 산현동 293-1,생활방범,3,200,360도,30,202412,031-310-6763,37.3774938,126.8339742,20241218
경기도 시흥시,경기도 시흥시 산현마을길 22,경기도 시흥시 산현동 507-5,생활방범,4,200,360도,30,202412,031-310-6763,37.3752661,126.8439778,20241218
경기도 시흥시,,경기도 시흥시 조남동 189-19,생활방범,5,200,360도,30,202412,031-310-6763,37.3819863,126.8560544,20241218
경기도 시흥시,,경기도 시흥시 논곡동 307-8,생활방범,4,200,360도,30,202412,031-310-6763,37.3984771,126.8558338,20241218
경기도 시흥시,,경기도 시흥시 거모동 705-2,생활방범,3,200,360도,30,202412,031-310-6763,37.364217,126.7753478,20241218
경기도 시흥시,경기도 시흥시 사미길 23,경기도 시흥시 거모동 693-1,생활방범,3,200,360도,30,202412,031-310-6763,37.3626576,126.7749247,20241218
경기도 시흥시,,경기도 시흥시 정왕동 산3,생활방범,5,200,360도,30,202412,031-310-6763,37.3706332,126.7591211,20241218
경기도 시흥시,,경기도 시흥시 정왕동 760-7,생활방범,5,200,360도,30,202412,031-310-6763,37.3513218,126.7495504,20241218
경기도 시흥시,,경기도 시흥시 정왕동 산42-4,생활방범,4,200,360도,30,202412,031-310-6763,37.3654867,126.7536365,20241218
경기도 시흥시,경기도 시흥시 마유로186번길 10,경기도 시흥시 정왕동 1368,생활방범,4,200,360도,30,202412,031-310-6763,37.3343207,126.7242723,20241218
경기도 시흥시,,경기도 시흥시 하중동 402-2,생활방범,3,200,360도,30,202412,031-310-6763,37.39806,126.801258,20241218
경기도 시흥시,,경기도 시흥시 하중동 888,생활방범,4,200,360도,30,202412,031-310-6763,37.3938988,126.8049751,20241218
경기도 시흥시,,경기도 시흥시 월곶동 442-13,생활방범,3,200,360도,30,202412,031-310-6763,37.3786752,126.7573575,20241218
경기도 시흥시,,경기도 시흥시 월곶동 395-23,생활방범,5,200,360도,30,202412,031-310-6763,37.3752723,126.7651423,20241218
경기도 시흥시,,경기도 시흥시 월곶동 64-8,생활방범,4,200,360도,30,202412,031-310-6763,37.3844089,126.7707435,20241218
경기도 시흥시,,경기도 시흥시 월곶동 산85-12,생활방범,3,200,360도,30,202412,031-310-6763,37.3782531,126.7543804,20241218
경기도 시흥시,,경기도 시흥시 대야동 519,쓰레기단속,2,500,전방 10~20m,10,202106,031-310-2683,37.445673,126.79872,20241218
경기도 시흥시,,경기도 시흥시 신천동 898,쓰레기단속,2,500,전방 10~20m,10,202106,031-310-2683,37.446084,126.791962,20241218
경기도 시흥시,경기도 시흥시 호현로10번길 18,경기도 시흥시 신천동 711-3,쓰레기단속,2,500,전방 10~20m,10,202106,031-310-2683,37.4356,126.787911,20241218
경기도 시흥시,,경기도 시흥시 신천동 783,쓰레기단속,2,500,전방 10~20m,10,202106,031-310-2683,37.43903,126.784911,20241218
경기도 시흥시,,경기도 시흥시 대야동 345-6,쓰레기단속,2,500,전방 10~20m,10,202106,031-310-2683,37.437404,126.780397,20241218
경기도 시흥시,경기도 시흥시 호현로103번길 13-2,경기도 시흥시 대야동 461-9,쓰레기단속,2,500,전방 10~20m,10,202106,031-310-2683,37.435822,126.777993,20241218
경기도 시흥시,,경기도 시흥시 대야동 598,쓰레기단속,2,500,전방 10~20m,10,202106,031-310-2683,37.441004,126.781511,20241218
경기도 시흥시,,경기도 시흥시 신천동 947,쓰레기단속,2,500,전방 10~20m,10,202106,031-310-2683,37.441811,126.784076,20241218
경기도 시흥시,,경기도 시흥시 신천동 225,쓰레기단속,2,500,전방 10~20m,10,202106,031-310-2683,37.442785,126.785594,20241218
경기도 시흥시,,경기도 시흥시 계수동 282-3,쓰레기단속,2,500,전방 10~20m,10,202106,031-310-2683,37.444125,126.782631,20241218
경기도 시흥시,,경기도 시흥시 신천동 903,쓰레기단속,2,500,전방 10~20m,10,202312,031-310-2683,37.4369391,126.7805765,20241218
경기도 시흥시,,경기도 시흥시 대야동 510,쓰레기단속,2,500,전방 10~20m,10,202312,031-310-2683,37.4362492,126.7888478,20241218
경기도 시흥시,,경기도 시흥시 신천동 860-11,쓰레기단속,2,500,전방 10~20m,10,202312,031-310-2683,37.4484631,126.7901995,20241218
경기도 시흥시,경기도 시흥시 신천로80번길 25,경기도 시흥시 신천동 781-23,쓰레기단속,2,500,전방 10~20m,10,202312,031-310-2683,37.4408678,126.7849652,20241218
경기도 시흥시,,경기도 시흥시 정왕동 1878-4,생활방범,2,200,360도,30,201412,031-310-6763,37.3666319,126.7335316,20241218
경기도 시흥시,경기도 시흥시 금오로309번길 2,경기도 시흥시 과림동 631-1,생활방범,3,200,360도,30,201412,031-310-6763,37.4310303,126.8356775,20241218
경기도 시흥시,경기도 시흥시 나분들길 44,경기도 시흥시 광석동 89-2,생활방범,3,200,360도,30,201412,031-310-6763,37.3869687,126.8184527,20241218
경기도 시흥시,경기도 시흥시 은계중앙로306번길 6,경기도 시흥시 대야동 666-3,생활방범,4,200,360도,30,202012,031-310-6763,37.450626,126.8010384,20241218
경기도 시흥시,,경기도 시흥시 대야동 642-190,생활방범,5,200,360도,30,202012,031-310-6763,37.4481992,126.8006021,20241218
경기도 시흥시,경기도 시흥시 은행로 164,경기도 시흥시 대야동 580-3,교통단속,5,200,360도,30,200401,031-310-5132,37.4455492,126.79894,20241218
경기도 시흥시,경기도 시흥시 군서로24번길 21-1,경기도 시흥시 정왕동 1190-1,생활방범,3,200,360도,30,201912,031-310-6763,37.346377,126.7508117,20241218
경기도 시흥시,경기도 시흥시 정왕천로411번길 11,경기도 시흥시 정왕동 1198-1,생활방범,5,200,360도,30,201912,031-310-6763,37.3447998,126.7510612,20241218
경기도 시흥시,경기도 시흥시 오동마을로6번길 35,경기도 시흥시 정왕동 2323-4,생활방범,3,200,360도,30,201912,031-310-6763,37.3515674,126.7444797,20241218
경기도 시흥시,경기도 시흥시 오동마을로6번안길 12,경기도 시흥시 정왕동 2322-1,생활방범,5,200,360도,30,201912,031-310-6763,37.3523341,126.7432014,20241218
경기도 시흥시,경기도 시흥시 역전로302번길 20-2,경기도 시흥시 정왕동 2298-1,생활방범,3,200,360도,30,201912,031-310-6763,37.3539541,126.7401168,20241218
경기도 시흥시,경기도 시흥시 군서로 48-1,경기도 시흥시 정왕동 1206-9,생활방범,3,200,360도,30,201912,031-310-6763,37.3463037,126.7468893,20241218
경기도 시흥시,경기도 시흥시 큰솔로12번길 3,경기도 시흥시 정왕동 1419-10,생활방범,4,200,360도,30,201912,031-310-6763,37.3384962,126.7520661,20241218
경기도 시흥시,경기도 시흥시 오이도7길 11,경기도 시흥시 정왕동 2008-7,생활방범,4,200,360도,30,201912,031-310-6763,37.3436134,126.688116,20241218
경기도 시흥시,경기도 시흥시 오이도중앙로36번길 10-2,경기도 시흥시 정왕동 2001-7,생활방범,3,200,360도,30,201912,031-310-6763,37.3454155,126.6887788,20241218
경기도 시흥시,경기도 시흥시 도일로123번길 6-3,경기도 시흥시 거모동 1751-8,생활방범,3,200,360도,30,201912,031-310-6763,37.3422183,126.7837836,20241218
경기도 시흥시,경기도 시흥시 군자로534번안길 1,경기도 시흥시 거모동 1763-13,생활방범,3,200,360도,30,201912,031-310-6763,37.3427063,126.7862473,20241218
경기도 시흥시,경기도 시흥시 군자로534번안길 18-2,경기도 시흥시 거모동 1766-3,생활방범,3,200,360도,30,201912,031-310-6763,37.3424396,126.7883664,20241218
경기도 시흥시,,경기도 시흥시 거모동 1628-79,생활방범,2,200,360도,30,201912,031-310-6763,37.341365,126.7889606,20241218
경기도 시흥시,,경기도 시흥시 거모동 1628-73,생활방범,3,200,360도,30,201912,031-310-6763,37.3416031,126.7877346,20241218
경기도 시흥시,경기도 시흥시 역전로301번길 10-4,경기도 시흥시 정왕동 2305-42,생활방범,3,200,360도,30,201912,031-310-6763,37.3519157,126.7379294,20241218
경기도 시흥시,경기도 시흥시 오이도로157번길 22-11,경기도 시흥시 정왕동 1993-9,생활방범,3,200,360도,30,201912,031-310-6763,37.3454837,126.6904109,20241218
경기도 시흥시,경기도 시흥시 옥터로 25,경기도 시흥시 정왕동 1986-4,생활방범,3,200,360도,30,201912,031-310-6763,37.3455399,126.6920717,20241218
경기도 시흥시,경기도 시흥시 옥터로36번길 7,경기도 시흥시 정왕동 1994-5,생활방범,3,200,360도,30,201912,031-310-6763,37.3448328,126.6909295,20241218
경기도 시흥시,경기도 시흥시 정왕천로408번길 3,경기도 시흥시 정왕동 1517-3,생활방범,4,200,360도,30,201912,031-310-6763,37.3440235,126.7523045,20241218
경기도 시흥시,경기도 시흥시 큰솔공원로3번길 2,경기도 시흥시 정왕동 1527-6,생활방범,4,200,360도,30,201912,031-310-6763,37.3431454,126.7550488,20241218
경기도 시흥시,경기도 시흥시 군자로302번길 37,경기도 시흥시 거모동 497-2,생활방범,3,200,360도,30,201912,031-310-6763,37.3563003,126.7703203,20241218
경기도 시흥시,경기도 시흥시 군자로335번길 29,경기도 시흥시 거모동 625-2,생활방범,3,200,360도,30,201912,031-310-6763,37.3586757,126.7754036,20241218
경기도 시흥시,경기도 시흥시 정왕천로 433-1,경기도 시흥시 정왕동 1173-6,생활방범,4,200,360도,30,201912,031-310-6763,37.346083,126.7536069,20241218
경기도 시흥시,경기도 시흥시 정왕천로 433,경기도 시흥시 정왕동 1173-7,생활방범,5,200,360도,30,201912,031-310-6763,37.345903,126.7534344,20241218
경기도 시흥시,경기도 시흥시 군서마을로 6,경기도 시흥시 정왕동 1215-10,생활방범,2,200,360도,30,201912,031-310-6763,37.3432581,126.7508393,20241218
경기도 시흥시,경기도 시흥시 봉우재로61번길 25,경기도 시흥시 정왕동 1826-5,생활방범,4,200,360도,30,202012,031-310-6763,37.3490587,126.7440036,20241218
경기도 시흥시,,경기도 시흥시 산현동 526,교통단속,1,200,360도,30,202012,031-310-5132,37.3748379,126.8420474,20241218
경기도 시흥시,,경기도 시흥시 산현동 529,교통단속,1,200,360도,30,202012,031-310-5132,37.3749618,126.8474003,20241218
경기도 시흥시,,경기도 시흥시 산현동 529,교통단속,1,200,360도,30,202012,031-310-5132,37.3751657,126.847467,20241218
경기도 시흥시,,경기도 시흥시 산현동 529,교통단속,1,200,360도,30,202012,031-310-5132,37.3750458,126.847325,20241218
경기도 시흥시,,경기도 시흥시 산현동 527,교통단속,1,200,360도,30,202012,031-310-5132,37.3743374,126.8457517,20241218
경기도 시흥시,,경기도 시흥시 산현동 527,교통단속,1,200,360도,30,202012,031-310-5132,37.3741526,126.8455481,20241218
경기도 시흥시,,경기도 시흥시 산현동 524,교통단속,1,200,360도,30,202012,031-310-5132,37.3752882,126.8444935,20241218
경기도 시흥시,,경기도 시흥시 장곡동 848,교통단속,1,200,360도,30,202012,031-310-5132,37.3806807,126.7811625,20241218
경기도 시흥시,,경기도 시흥시 장곡동 845,교통단속,1,200,360도,30,202012,031-310-5132,37.380728,126.7801203,20241218
경기도 시흥시,,경기도 시흥시 장곡동 778-24,교통단속,1,200,360도,30,202012,031-310-5132,37.3818281,126.7802218,20241218
경기도 시흥시,,경기도 시흥시 장곡동 833,교통단속,1,200,360도,30,202012,031-310-5132,37.3796346,126.7811277,20241218
경기도 시흥시,,경기도 시흥시 장곡동 833,교통단속,1,200,360도,30,202012,031-310-5132,37.3794368,126.7809391,20241218
경기도 시흥시,,경기도 시흥시 장곡동 833,교통단속,1,200,360도,30,202012,031-310-5132,37.3795729,126.7827413,20241218
경기도 시흥시,,경기도 시흥시 장곡동 406-3,교통단속,1,200,360도,30,202012,031-310-5132,37.3804938,126.7827662,20241218
경기도 시흥시,,경기도 시흥시 장곡동 511,교통단속,1,200,360도,30,202012,031-310-5132,37.3818255,126.7827311,20241218
경기도 시흥시,,경기도 시흥시 정왕동 2131,교통단속,5,200,360도,30,202101,031-310-5132,37.3305436,126.7473409,20241218
경기도 시흥시,,경기도 시흥시 정왕동 2131-1,교통단속,4,200,360도,30,202101,031-310-5132,37.3321023,126.7487475,20241218
경기도 시흥시,,경기도 시흥시 정왕동 1917,교통단속,4,200,360도,30,202105,031-310-5132,37.350436,126.7383511,20241218
경기도 시흥시,,경기도 시흥시 정왕동 1916,교통단속,4,200,360도,30,202105,031-310-5132,37.3490414,126.7370412,20241218
경기도 시흥시,,경기도 시흥시 대야동 623,교통단속,5,200,360도,30,202106,031-310-5132,37.3503828,126.735352,20241218
경기도 시흥시,,경기도 시흥시 대야동 623,교통단속,4,200,360도,30,202106,031-310-5132,37.4419232,126.7899066,20241218
경기도 시흥시,,경기도 시흥시 대야동 636,교통단속,4,200,360도,30,202106,031-310-5132,37.4400511,126.7914994,20241218
경기도 시흥시,경기도 시흥시 복지로 57,경기도 시흥시 대야동 469-3,교통단속,4,200,360도,30,200401,031-310-5132,37.4446688,126.7896747,20241218
경기도 시흥시,,경기도 시흥시 신천동389-2,교통단속,4,200,360도,30,200401,031-310-5132,37.4386277,126.7798924,20241218
경기도 시흥시,경기도 시흥시 복지로99번길 2,경기도 시흥시 대야동 345-11,교통단속,3,200,360도,30,200401,031-310-5132,37.4477695,126.7918849,20241218
경기도 시흥시,,경기도 시흥시 신천동 731,교통단속,3,200,360도,30,200401,031-310-5132,37.4404928,126.7847737,20241218
경기도 시흥시,경기도 시흥시 비둘기공원로 28,경기도 시흥시 대야동 542,교통단속,5,200,360도,30,200401,031-310-5132,37.4433727,126.7925266,20241218
경기도 시흥시,경기도 시흥시 매화로 45,경기도 시흥시 매화동193-6,교통단속,4,200,360도,30,201201,031-310-5132,37.4153029,126.8146125,20241218
경기도 시흥시,경기도 시흥시 정왕천로414번길 2,경기도 시흥시 정왕동1516,교통단속,3,200,360도,30,200501,031-310-5132,37.344246,126.7521431,20241218
경기도 시흥시,경기도 시흥시 호현로 10,경기도 시흥시 신천동 707,교통단속,3,200,360도,30,200401,031-310-5132,37.4417657,126.7836807,20241218
경기도 시흥시,경기도 시흥시 중심상가4길 10,경기도 시흥시 정왕동 1739-1,교통단속,4,200,360도,30,200401,031-310-5132,37.3444554,126.7386922,20241218
경기도 시흥시,경기도 시흥시 중심상가4길 18,경기도 시흥시 정왕동 1739-7,교통단속,4,200,360도,30,200401,031-310-5132,37.3436874,126.7376125,20241218
경기도 시흥시,경기도 시흥시 중심상가3길 9,경기도 시흥시 정왕동 1737-12,교통단속,3,200,360도,30,200401,031-310-5132,37.3452718,126.7371797,20241218
경기도 시흥시,경기도 시흥시 정왕대로 56,경기도 시흥시 정왕동 1861-1,교통단속,4,200,360도,30,200401,031-310-5132,37.3549545,126.7228326,20241218
경기도 시흥시,경기도 시흥시 옥구천서로 337,경기도 시흥시 정왕동 1860-1,교통단속,3,200,360도,30,200401,031-310-5132,37.3528502,126.7250629,20241218
경기도 시흥시,경기도 시흥시 평안상가1길 1,경기도 시흥시 정왕동 1622,교통단속,5,200,360도,30,200401,031-310-5132,37.3393239,126.7482323,20241218
경기도 시흥시,경기도 시흥시 공단1대로 229,경기도 시흥시 정왕동 1366-12,교통단속,4,200,360도,30,200401,031-310-5132,37.33709,126.7270523,20241218
경기도 시흥시,경기도 시흥시 오이도로 175,경기도 시흥시 정왕동 2003-16,교통단속,3,200,360도,30,200501,031-310-5132,37.3452913,126.6878145,20241218
경기도 시흥시,경기도 시흥시 비둘기공원4길 9,경기도 시흥시 대야동 531-1,교통단속,3,200,360도,30,200501,031-310-5132,37.443606,126.7897335,20241218
경기도 시흥시,경기도 시흥시 한우물로 1,경기도 시흥시 거모동 1754-4,교통단속,3,200,360도,30,200501,031-310-5132,37.342131,126.7846449,20241218
경기도 시흥시,경기도 시흥시 비둘기공원7길 57,경기도 시흥시 대야동 550-1,교통단속,5,200,360도,30,200501,031-310-5132,37.4411469,126.7914362,20241218
경기도 시흥시,경기도 시흥시 평안상가3길 18,경기도 시흥시 정왕동 1627-6,교통단속,5,200,360도,30,200501,031-310-5132,37.336438,126.7493496,20241218
경기도 시흥시,경기도 시흥시 큰솔로 72,경기도 시흥시 정왕동 1526-6,교통단속,3,200,360도,30,200501,031-310-5132,37.3434764,126.7546257,20241218
경기도 시흥시,경기도 시흥시 복지로 3,경기도 시흥시 신천동 709-6,교통단속,4,200,360도,30,200501,031-310-5132,37.440326,126.7869754,20241218
경기도 시흥시,경기도 시흥시 비둘기공원7길 46,경기도 시흥시 대야동 541-3,교통단속,4,200,360도,30,200501,031-310-5132,37.442014,126.7917017,20241218
경기도 시흥시,,경기도 시흥시 죽율동 304,교통단속,4,200,360도,30,200501,031-310-5132,37.3483459,126.7608128,20241218
경기도 시흥시,경기도 시흥시 은행로 92,경기도 시흥시 은행동 547-7,교통단속,3,200,360도,30,200501,031-310-5132,37.4396987,126.7972483,20241218
경기도 시흥시,경기도 시흥시 함송로 24,경기도 시흥시 정왕동 1882-5,교통단속,5,200,360도,30,200501,031-310-5132,37.3631569,126.730779,20241218
경기도 시흥시,,경기도 시흥시 정왕동1875-5,교통단속,3,200,360도,30,200501,031-310-5132,37.3570098,126.7298566,20241218
경기도 시흥시,경기도 시흥시 마유로 330,경기도 시흥시 정왕동 1735-4,교통단속,3,200,360도,30,200501,031-310-5132,37.3456775,126.7348521,20241218
경기도 시흥시,,경기도 시흥시 정왕동 2509,교통단속,3,200,360도,30,202112,031-310-5132,37.3656298,126.7208466,20241218
경기도 시흥시,경기도 시흥시 정왕천로 429,경기도 시흥시 정왕동 1177-6,교통단속,4,200,360도,30,200501,031-310-5132,37.3456996,126.7532307,20241218
경기도 시흥시,경기도 시흥시 마유로 411,경기도 시흥시 정왕동 876-311,교통단속,4,200,360도,30,200401,031-310-5132,37.3514658,126.7404228,20241218
경기도 시흥시,경기도 시흥시 도일로 121-2,경기도 시흥시 거모동1553-2,교통단속,3,200,360도,30,200501,031-310-5132,37.3413688,126.7836918,20241218
경기도 시흥시,경기도 시흥시 신천로25번길 1,경기도 시흥시 신천동 869-1,교통단속,4,200,360도,30,200501,031-310-5132,37.4340723,126.7901027,20241218
경기도 시흥시,,경기도 시흥시 논곡동 160-29,교통단속,3,200,360도,30,200601,031-310-5132,37.3867815,126.8604823,20241218
경기도 시흥시,경기도 시흥시 신흥마을1길 28,경기도 시흥시 신천동 821-5,생활방범,5,200,360도,30,201012,031-310-6763,37.4373197,126.7784223,20241218
경기도 시흥시,경기도 시흥시 신천천서로 34,경기도 시흥시 신천동 761-14,생활방범,4,200,360도,30,201012,031-310-6763,37.4380738,126.7831228,20241218
경기도 시흥시,,경기도 시흥시 신천동 595-45,생활방범,3,200,360도,30,201012,031-310-6763,37.442905,126.7719591,20241218
경기도 시흥시,경기도 시흥시 문화마을로6번길 1,경기도 시흥시 신천동 723-16,생활방범,5,200,360도,30,201012,031-310-6763,37.4427898,126.7796258,20241218
경기도 시흥시,경기도 시흥시 수인로3402번길 24-1,경기도 시흥시 신천동 314-23,생활방범,5,200,360도,30,201012,031-310-6763,37.4441004,126.7807223,20241218
경기도 시흥시,,경기도 시흥시 정왕동 876-258,생활방범,5,200,360도,30,202112,031-310-6763,37.3513352,126.7408482,20241218
경기도 시흥시,,경기도 시흥시 정왕동 876-365,생활방범,4,200,360도,30,202112,031-310-6763,37.3505517,126.7435952,20241218
경기도 시흥시,,경기도 시흥시 정왕동 2324-3,생활방범,4,200,360도,30,202112,031-310-6763,37.3509718,126.7448702,20241218
경기도 시흥시,경기도 시흥시 봉우재로57번길 15-1,경기도 시흥시 정왕동 1833-8,생활방범,5,200,360도,30,202112,031-310-6763,37.3485088,126.7444865,20241218
경기도 시흥시,경기도 시흥시 은행로218번길 16,경기도 시흥시 대야동 420-55,생활방범,4,200,360도,30,202112,031-310-6763,37.4462213,126.7923162,20241218
경기도 시흥시,,경기도 시흥시 대야동 418-114,교통단속,3,200,360도,30,202106,031-310-5132,37.4395646,126.7891517,20241218
경기도 시흥시,경기도 시흥시 정왕시장길 77,경기도 시흥시 정왕동 1181-1,교통단속,3,200,360도,30,202112,031-310-5132,37.3473113,126.7503342,20241218
경기도 시흥시,경기도 시흥시 호현로27번길 11,경기도 시흥시 신천동 705-2,교통단속,3,200,360도,30,202112,031-310-5132,37.4432298,126.7835188,20241218
경기도 시흥시,,경기도 시흥시 정왕동 2020-1,교통단속,4,200,360도,30,202112,031-310-5132,37.3443632,126.6917011,20241218
경기도 시흥시,경기도 시흥시 하중로221번길 5-1,경기도 시흥시 하중동 864-4,교통단속,3,200,360도,30,202112,031-310-5132,37.3923823,126.8066135,20241218
경기도 시흥시,,경기도 시흥시 거모동 1379-5,교통단속,4,200,360도,30,202112,031-310-5132,37.3479748,126.7825956,20241218
경기도 시흥시,경기도 시흥시 수인로3413번길 33,경기도 시흥시 신천동 817-1,교통단속,3,200,360도,30,202112,031-310-5132,37.4397174,126.7783613,20241218
경기도 시흥시,경기도 시흥시 매화1로 61,경기도 시흥시 매화동 312,교통단속,4,200,360도,30,202112,031-310-5132,37.415507,126.8084899,20241218
경기도 시흥시,경기도 시흥시 역전로 369,경기도 시흥시 정왕동 1872-3,교통단속,3,200,360도,30,202112,031-310-5132,37.3580629,126.7345335,20241218
경기도 시흥시,,경기도 시흥시 정왕동 2509,교통단속,3,200,360도,30,202112,031-310-5132,37.369556,126.7203641,20241218
경기도 시흥시,,경기도 시흥시 정왕동 2509,교통단속,5,200,360도,30,202112,031-310-5132,37.3679379,126.7227925,20241218
경기도 시흥시,,경기도 시흥시 정왕동 2509,교통단속,4,200,360도,30,202112,031-310-5132,37.363095,126.7184746,20241218
경기도 시흥시,경기도 시흥시 은행로12번길 24,경기도 시흥시 은행동 277-1,생활방범,4,200,360도,30,201112,031-310-6763,37.4330602,126.7961392,20241218
경기도 시흥시,경기도 시흥시 은행로12번길 24,경기도 시흥시 은행동 277-1,생활방범,4,200,360도,30,201112,031-310-6763,37.4303379,126.7941066,20241218
경기도 시흥시,경기도 시흥시 큰솔로7번길 10,경기도 시흥시 정왕동 1418-2,생활방범,4,200,360도,30,201112,031-310-6763,37.339787,126.751113,20241218
경기도 시흥시,경기도 시흥시 대골안길 31,경기도 시흥시 대야동 456-2,생활방범,4,200,360도,30,201112,031-310-6763,37.4464309,126.7888421,20241218
경기도 시흥시,경기도 시흥시 대골안길 31,경기도 시흥시 대야동 456-2,생활방범,5,200,360도,30,201112,031-310-6763,37.4468072,126.7903956,20241218
경기도 시흥시,경기도 시흥시 대골길 34,경기도 시흥시 대야동 451-9,생활방범,5,200,360도,30,201112,031-310-6763,37.4482956,126.7888008,20241218
경기도 시흥시,,경기도 시흥시 은행동 597,생활방범,5,200,360도,30,202312,031-310-6763,37.4388844,126.7976129,20241218
경기도 시흥시,경기도 시흥시 매화로 62-12,경기도 시흥시 매화동 252-23,생활방범,4,200,360도,30,202312,031-310-6763,37.4145967,126.8138815,20241218
경기도 시흥시,경기도 시흥시 매화로 71,경기도 시흥시 매화동 269,생활방범,3,200,360도,30,202312,031-310-6763,37.412765,126.8148322,20241218
경기도 시흥시,경기도 시흥시 수인로2793번길 19,경기도 시흥시 도창동 132-6,생활방범,4,200,360도,30,202312,031-310-6763,37.406127,126.8239671,20241218
경기도 시흥시,,경기도 시흥시 산현동 213,생활방범,3,200,360도,30,202312,031-310-6763,37.3796414,126.8355593,20241218
경기도 시흥시,,경기도 시흥시 산현동 240-3,생활방범,3,200,360도,30,202312,031-310-6763,37.3791982,126.8333338,20241218
경기도 시흥시,경기도 시흥시 옥구천서로131번길 56,경기도 시흥시 정왕동 1238-4,생활방범,5,200,360도,30,202312,031-310-6763,37.3411963,126.7057259,20241218
경기도 시흥시,경기도 시흥시 중림길 15,경기도 시흥시 과림동 342-1,생활방범,3,200,360도,30,202312,031-310-6763,37.4446893,126.8321763,20241218
경기도 시흥시,,경기도 시흥시 능곡동 617,생활방범,4,200,360도,30,202312,031-310-6763,37.3678995,126.8149848,20241218
경기도 시흥시,경기도 시흥시 구수미3길 18-14,경기도 시흥시 미산동 640-4,생활방범,4,200,360도,30,202312,031-310-6763,37.4160508,126.7818361,20241218
경기도 시흥시,경기도 시흥시 구수미1길 20,경기도 시흥시 미산동 535-1,생활방범,4,200,360도,30,202312,031-310-6763,37.4167434,126.7872739,20241218
경기도 시흥시,경기도 시흥시 미산로69번길 21,경기도 시흥시 미산동 82-12,생활방범,3,200,360도,30,202312,031-310-6763,37.421962,126.7972435,20241218
경기도 시흥시,,경기도 시흥시 미산동 115-4,생활방범,4,200,360도,30,202312,031-310-6763,37.4216777,126.794917,20241218
경기도 시흥시,경기도 시흥시 매화1로 5,경기도 시흥시 매화동 250-1,생활방범,3,200,360도,30,202312,031-310-6763,37.415269,126.8136922,20241218
경기도 시흥시,,경기도 시흥시 목감동 373,생활방범,5,200,360도,30,202312,031-310-6763,37.3956119,126.8678652,20241218
경기도 시흥시,,경기도 시흥시 하상동 343-15,생활방범,3,200,360도,30,202312,031-310-6763,37.3890214,126.8137542,20241218
경기도 시흥시,,경기도 시흥시 능곡동 571,생활방범,4,200,360도,30,202312,031-310-6763,37.3707939,126.814398,20241218
경기도 시흥시,,경기도 시흥시 계수동 205-18,생활방범,4,200,360도,30,202312,031-310-6763,37.4494772,126.8204356,20241218
경기도 시흥시,,경기도 시흥시 계수동 172-5,생활방범,5,200,360도,30,202312,031-310-6763,37.4532727,126.8173931,20241218
경기도 시흥시,경기도 시흥시 계수로126번길 57,경기도 시흥시 계수동 573-1,생활방범,3,200,360도,30,202312,031-310-6763,37.4465962,126.8137779,20241218
경기도 시흥시,경기도 시흥시 신천4길 15,경기도 시흥시 신천동 387,생활방범,3,200,360도,30,202312,031-310-6763,37.4382326,126.7807142,20241218
경기도 시흥시,,경기도 시흥시 방산동 678-13,생활방범,4,200,360도,30,202312,031-310-6763,37.411068,126.7653608,20241218
경기도 시흥시,경기도 시흥시 수인로3108번길 31-8,경기도 시흥시 안현동 106-3,생활방범,4,200,360도,30,202312,031-310-6763,37.4345434,126.8127465,20241218
경기도 시흥시,경기도 시흥시 수인로3108번길 27,경기도 시흥시 안현동 101-14,생활방범,4,200,360도,30,202312,031-310-6763,37.4337294,126.8129806,20241218
경기도 시흥시,,경기도 시흥시 매화동 555-5,생활방범,4,200,360도,30,202312,031-310-6763,37.4139846,126.8059504,20241218
경기도 시흥시,,경기도 시흥시 도창동 192-5,생활방범,4,200,360도,30,202312,031-310-6763,37.4054042,126.8235012,20241218
경기도 시흥시,경기도 시흥시 수인로2107번길 52,경기도 시흥시 조남동 583-2,생활방범,4,200,360도,30,202312,031-310-6763,37.3693219,126.8715498,20241218
경기도 시흥시,,경기도 시흥시 매화동 82-1 (한국코드 앞 사거리),생활방범,5,200,360도,30,202312,031-310-6763,37.416412,126.8199199,20241218
경기도 시흥시,,경기도 시흥시 조남동 172-52,생활방범,3,200,360도,30,201212,031-310-6763,37.384355,126.8583834,20241218
경기도 시흥시,경기도 시흥시 군자로534번길 36,경기도 시흥시 거모동 1775-2,생활방범,3,200,360도,30,201212,031-310-6763,37.3400005,126.7857892,20241218
경기도 시흥시,경기도 시흥시 오이도1길 30,경기도 시흥시 정왕동 2040-1,생활방범,3,200,360도,30,201212,031-310-6763,37.3416754,126.6898807,20241218
경기도 시흥시,,경기도 시흥시 정왕동 1867-4,생활방범,3,200,360도,30,201212,031-310-6763,37.3547778,126.7246442,20241218
경기도 시흥시,,경기도 시흥시 정왕동 1412-9,생활방범,3,200,360도,30,201212,031-310-6763,37.3400157,126.7509358,20241218
경기도 시흥시,경기도 시흥시 군서로18번길 16-1,경기도 시흥시 정왕동 1192-1,생활방범,3,200,360도,30,201212,031-310-6763,37.3456432,126.751239,20241218
경기도 시흥시,경기도 시흥시 군서로54번길 4,경기도 시흥시 정왕동 1207-1,생활방범,3,200,360도,30,201212,031-310-6763,37.3466922,126.747127,20241218
경기도 시흥시,,경기도 시흥시 정왕동 2299-4,생활방범,3,200,360도,30,201212,031-310-6763,37.3531621,126.7403833,20241218
경기도 시흥시,,경기도 시흥시 정왕동 2307-3,생활방범,3,200,360도,30,201212,031-310-6763,37.3535264,126.7430603,20241218
경기도 시흥시,,경기도 시흥시 정왕동 1445,생활방범,4,200,360도,30,201212,031-310-6763,37.3422122,126.746036,20241218
경기도 시흥시,,경기도 시흥시 정왕동 1668,생활방범,4,200,360도,30,201212,031-310-6763,37.3431504,126.7469362,20241218
경기도 시흥시,,경기도 시흥시 정왕동 2314 일원,생활방범,4,200,360도,30,201212,031-310-6763,37.3525048,126.7472229,20241218
경기도 시흥시,,경기도 시흥시 과림동 18-2,생활방범,3,200,360도,30,201212,031-310-6763,37.4579923,126.8327419,20241218
경기도 시흥시,경기도 시흥시 승지로 69,경기도 시흥시 능곡동 545,생활방범,3,200,360도,30,201412,031-310-6763,37.3702553,126.8103353,20241218
경기도 시흥시,경기도 시흥시 월곶해안로 111-1,경기도 시흥시 월곶동 1013-5,생활방범,3,200,360도,30,201412,031-310-6763,37.388697,126.7339147,20241218
경기도 시흥시,,경기도 시흥시 월곶동 614-4,생활방범,5,200,360도,30,202112,031-310-6763,37.3843807,126.7513597,20241218
경기도 시흥시,경기도 시흥시 대야로13번길 17,경기도 시흥시 대야동 475-2,생활방범,3,200,360도,30,201412,031-310-6763,37.4456695,126.7875208,20241218
경기도 시흥시,경기도 시흥시 복지로 29-3,경기도 시흥시 대야동 501,생활방범,3,200,360도,30,201412,031-310-6763,37.4425212,126.7879228,20241218
경기도 시흥시,경기도 시흥시 계수로229번길 32-2,경기도 시흥시 계수동 141,생활방범,3,200,360도,30,201412,031-310-6763,37.4541405,126.8206134,20241218
경기도 시흥시,경기도 시흥시 새우개2길 48,경기도 시흥시 포동 20-68,생활방범,3,200,360도,30,201412,031-310-6763,37.4041693,126.7728507,20241218
경기도 시흥시,,경기도 시흥시 대야동 361-17,생활방범,3,200,360도,30,202112,031-310-6763,37.4456794,126.7916238,20241218
경기도 시흥시,,경기도 시흥시 대야동 561-3,생활방범,4,200,360도,30,202112,031-310-6763,37.4444523,126.7905467,20241218
경기도 시흥시,경기도 시흥시 문화마을로16번길 60,경기도 시흥시 대야동 477-8,생활방범,5,200,360도,30,202112,031-310-6763,37.4458816,126.78545,20241218
경기도 시흥시,경기도 시흥시 신흥마을4길 16-6,경기도 시흥시 신천동 824-26,생활방범,4,200,360도,30,202112,031-310-6763,37.4369558,126.7760514,20241218
경기도 시흥시,,경기도 시흥시 미산동 702-2,생활방범,4,200,360도,30,202112,031-310-6763,37.4087768,126.7879667,20241218
경기도 시흥시,,경기도 시흥시 미산동 484-6,생활방범,5,200,360도,30,202112,031-310-6763,37.4095009,126.7883634,20241218
경기도 시흥시,,경기도 시흥시 매화동 276-6,생활방범,5,200,360도,30,202112,031-310-6763,37.4111722,126.8166952,20241218
경기도 시흥시,경기도 시흥시 매화2로48번길 4-5,경기도 시흥시 매화동 355-1,생활방범,4,200,360도,30,202112,031-310-6763,37.4169411,126.8094448,20241218
경기도 시흥시,경기도 시흥시 매화로116번길 16,경기도 시흥시 도창동 413-1,생활방범,4,200,360도,30,202112,031-310-6763,37.4085928,126.8139508,20241218
경기도 시흥시,경기도 시흥시 목감둘레로 258,경기도 시흥시 조남동 711-2,생활방범,4,200,360도,30,202112,031-310-6763,37.3808653,126.8618677,20241218
경기도 시흥시,경기도 시흥시 한우물로11번길 18-1,경기도 시흥시 거모동 1746-13,생활방범,4,200,360도,30,202112,031-310-6763,37.3432772,126.7825702,20241218
경기도 시흥시,경기도 시흥시 봉우순환로 65,경기도 시흥시 정왕동 2235-1,생활방범,4,200,360도,30,202112,031-310-6763,37.358935,126.7514722,20241218
경기도 시흥시,경기도 시흥시 마유로423번길 20,경기도 시흥시 정왕동 2294-7,생활방범,4,200,360도,30,202112,031-310-6763,37.3532384,126.7391445,20241218
경기도 시흥시,,경기도 시흥시 정왕동 876-271,생활방범,4,200,360도,30,202112,031-310-6763,37.3430857,126.7584745,20241218
경기도 시흥시,,경기도 시흥시 정왕동 1948,생활방범,4,200,360도,30,202112,031-310-6763,37.3524472,126.7173782,20241218
경기도 시흥시,,경기도 시흥시 정왕동 1956,생활방범,5,200,360도,30,202112,031-310-6763,37.3460448,126.7277211,20241218
경기도 시흥시,경기도 시흥시 오이도9길 18,경기도 시흥시 정왕동 2042-2,생활방범,4,200,360도,30,202112,031-310-6763,37.3412659,126.6887743,20241218
경기도 시흥시,경기도 시흥시 시청로68번길 25,경기도 시흥시 장현동 530-3,생활방범,4,200,360도,30,202112,031-310-6763,37.3821684,126.8018731,20241218
경기도 시흥시,경기도 시흥시 연성로29번길 50,경기도 시흥시 하중동 854-5,생활방범,5,200,360도,30,202112,031-310-6763,37.394665,126.8047031,20241218
경기도 시흥시,경기도 시흥시 관곡지로40번길 13,경기도 시흥시 하중동 823-6,생활방범,5,200,360도,30,202112,031-310-6763,37.3996032,126.8004221,20241218
경기도 시흥시,경기도 시흥시 연성로 31,경기도 시흥시 하중동 872-1,생활방범,4,200,360도,30,202112,031-310-6763,37.3908138,126.8068763,20241218
경기도 시흥시,,경기도 시흥시 매화동 851 (사거리 주변공원),생활방범,5,200,360도,30,202312,031-310-6763,37.4160165,126.8202197,20241218
경기도 시흥시,경기도 시흥시 군자로466번길 92,경기도 시흥시 거모동 1754-1,생활방범,2,200,360도,30,201412,031-310-6763,37.3430389,126.7848035,20241218
경기도 시흥시,,경기도 시흥시 정왕동 1889,생활방범,3,200,360도,30,201312,031-310-6763,37.3651887,126.7389646,20241218
경기도 시흥시,,경기도 시흥시 정왕동 1866-5,생활방범,3,200,360도,30,201312,031-310-6763,37.3565347,126.7263076,20241218
경기도 시흥시,경기도 시흥시 오이도어시장로 19,경기도 시흥시 정왕동 1995-8,생활방범,3,200,360도,30,201312,031-310-6763,37.3448794,126.6895429,20241218
경기도 시흥시,경기도 시흥시 함송로13번길 17,경기도 시흥시 정왕동 1878-1,생활방범,3,200,360도,30,201312,031-310-6763,37.3676456,126.7348015,20241218
경기도 시흥시,경기도 시흥시 상직길 3,경기도 시흥시 하상동 380-1,생활방범,3,200,360도,30,201312,031-310-6763,37.3907151,126.8124594,20241218
경기도 시흥시,,경기도 시흥시 능곡동 481,생활방범,3,200,360도,30,201312,031-310-6763,37.3745478,126.8122286,20241218
경기도 시흥시,경기도 시흥시 승지로69번길 5,경기도 시흥시 능곡동 514,생활방범,3,200,360도,30,201312,031-310-6763,37.3712952,126.8095589,20241218
경기도 시흥시,경기도 시흥시 능곡로 178,경기도 시흥시 능곡동 755,생활방범,3,200,360도,30,201312,031-310-6763,37.3678782,126.8111482,20241218
경기도 시흥시,경기도 시흥시 금오로 103,경기도 시흥시 무지내동 341-2,생활방범,3,200,360도,30,201312,031-310-6763,37.413139,126.8403015,20241218
경기도 시흥시,,경기도 시흥시 무지내동 35-24,생활방범,3,200,360도,30,201312,031-310-6763,37.4238927,126.8367257,20241218
경기도 시흥시,경기도 시흥시 금오로368번길 57,경기도 시흥시 과림동 577-6,생활방범,3,200,360도,30,201312,031-310-6763,37.4327792,126.8390949,20241218
경기도 시흥시,,경기도 시흥시 과림동 354-5,생활방범,3,200,360도,30,201312,031-310-6763,37.4433038,126.8309615,20241218
경기도 시흥시,,경기도 시흥시 과림동 69,생활방범,3,200,360도,30,201312,031-310-6763,37.4548032,126.8328502,20241218
경기도 시흥시,경기도 시흥시 복지로93번길 11,경기도 시흥시 대야동 444-13,생활방범,3,200,360도,30,201312,031-310-6763,37.4484597,126.790742,20241218
경기도 시흥시,,경기도 시흥시 대야동 570-3,생활방범,3,200,360도,30,201312,031-310-6763,37.4468627,126.7940677,20241218
경기도 시흥시,경기도 시흥시 정왕천로432번길 3-29,경기도 시흥시 정왕동 1500,생활방범,4,200,360도,30,201912,031-310-6763,37.3466832,126.7548298,20241218
경기도 시흥시,경기도 시흥시 큰솔로 91,경기도 시흥시 정왕동 1507,생활방범,5,200,360도,30,201912,031-310-6763,37.3449503,126.7560898,20241218
경기도 시흥시,경기도 시흥시 과림동 790-140,경기도 시흥시 과림동 790-140,쓰레기단속,2,500,전방 10~20m,10,202205,031-310-3105,37.437326,126.837627,20241218
경기도 시흥시,경기도 시흥시 수인로3247번길 120-7,경기도 시흥시 은행동 318,쓰레기단속,2,500,전방 10~20m,10,202108,031-310-3105,37.430029,126.79501,20241218
경기도 시흥시,경기도 시흥시 산현동 514-1,경기도 시흥시 산현동 514-1,쓰레기단속,2,500,전방 10~20m,10,202108,031-310-3105,37.375055,126.843325,20241218
경기도 시흥시,경기도 시흥시 과림동 708,경기도 시흥시 과림동 708,쓰레기단속,2,500,전방 10~20m,10,202108,031-310-3105,37.429058,126.840723,20241218
경기도 시흥시,경기도 시흥시 미산로143번길 19,경기도 시흥시 미산동 320-11,쓰레기단속,2,500,전방 10~20m,10,202108,031-310-3105,37.416914,126.793891,20241218
경기도 시흥시,경기도 시흥시 과림동 790-71,경기도 시흥시 과림동 790-71,쓰레기단속,2,500,전방 10~20m,10,202306,031-310-3105,37.441074,126.837685,20241218
경기도 시흥시,경기도 시흥시 서울대학로264번길,경기도 시흥시 배곧동 220,쓰레기단속,2,500,전방 10~20m,10,202306,031-310-3105,37.369148,126.726062,20241218
경기도 시흥시,경기도 시흥시 도일로112번길 5,경기도 시흥시 거모동 1658-1,쓰레기단속,2,200,전방 10~20m,30,201705,031-310-3105,37.34055,126.784312,20241218
경기도 시흥시,경기도 시흥시 매화2로48번길 12,경기도 시흥시 매화동 350-5,쓰레기단속,2,200,전방 10~20m,30,201705,031-310-3105,37.416072,126.808936,20241218
경기도 시흥시,경기도 시흥시 군서마을로 18-2,경기도 시흥시 정왕동 1214-13,쓰레기단속,2,200,전방 10~20m,30,201705,031-310-3105,37.344276,126.749474,20241218
경기도 시흥시,경기도 시흥시 정왕천로424번길 10,경기도 시흥시 정왕동 1513,쓰레기단속,2,200,전방 10~20m,30,201705,031-310-3105,37.344559,126.753685,20241218
경기도 시흥시,경기도 시흥시 정왕동 1590-15,경기도 시흥시 정왕동 1590-15,쓰레기단속,2,200,전방 10~20m,30,201705,031-310-3105,37.434457,126.84142,20241218
경기도 시흥시,경기도 시흥시 과림동 790-101,경기도 시흥시 과림동 790-101,쓰레기단속,2,200,전방 10~20m,30,201705,031-310-3105,37.434447,126.841426,20241218
경기도 시흥시,경기도 시흥시 매화동 326-5,경기도 시흥시 매화동 326-5,쓰레기단속,2,200,전방 10~20m,7,201905,031-310-3105,37.41478,126.812155,20241218
경기도 시흥시,경기도 시흥시 진말로19번길 13,경기도 시흥시 장곡동 815,쓰레기단속,2,200,전방 10~20m,7,201905,031-310-3105,37.378349,126.783704,20241218
경기도 시흥시,경기도 시흥시 오이도로135번길 56,경기도 시흥시 정왕동 2030-2,쓰레기단속,2,200,전방 10~20m,7,201803,031-310-3105,37.34348,126.687461,20241218
경기도 시흥시,경기도 시흥시 큰솔로96번길 9,경기도 시흥시 정왕동 1524-8,쓰레기단속,2,200,전방 10~20m,7,201803,031-310-3105,37.344167,126.756903,20241218
경기도 시흥시,경기도 시흥시 오동마을로 38,경기도 시흥시 정왕동 2317-6,쓰레기단속,2,200,전방 10~20m,7,201803,031-310-3105,37.351876,126.745524,20241218
경기도 시흥시,경기도 시흥시 역전로 307,경기도 시흥시 정왕동 2305-31,쓰레기단속,2,200,전방 10~20m,7,201803,031-310-3105,37.352594,126.738165,20241218
경기도 시흥시,경기도 시흥시 오이도중앙로6번길 9-5,경기도 시흥시 정왕동 1975-12,쓰레기단속,2,200,전방 10~20m,7,201803,031-310-3105,37.347464,126.689609,20241218
경기도 시흥시,경기도 시흥시 오동마을로 35-1,경기도 시흥시 정왕동 2313-12,쓰레기단속,2,200,전방 10~20m,7,201803,031-310-3105,37.352191,126.745602,20241218
경기도 시흥시,경기도 시흥시 안현동 179-1,경기도 시흥시 안현동 179-1,쓰레기단속,2,200,전방 10~20m,7,201702,031-310-3105,37.433175,126.809794,20241218
경기도 시흥시,경기도 시흥시 능곡동 715,경기도 시흥시 능곡동 715,쓰레기단속,1,200,전방 10~20m,7,201702,031-310-3105,37.362974,126.816776,20241218
경기도 시흥시,경기도 시흥시 정왕동 876-66,경기도 시흥시 정왕동 876-66,쓰레기단속,1,200,전방 10~20m,10,201905,031-310-3105,37.351994,126.738537,20241218
경기도 시흥시,경기도 시흥시 황고개로 206,경기도 시흥시 거모동 1396-6,생활방범,3,200,360도,30,201412,031-310-6763,37.3505341,126.7820191,20241218
경기도 시흥시,경기도 시흥시 뱀내장터로25번길 7,경기도 시흥시 대야동 500,생활방범,3,200,360도,30,201412,031-310-6763,37.4422814,126.7876397,20241218
경기도 시흥시,경기도 시흥시 은행로 179,경기도 시흥시 대야동 571-1,생활방범,3,200,360도,30,201412,031-310-6763,37.4466667,126.7969414,20241218
경기도 시흥시,,경기도 시흥시 신천동 702,생활방범,3,200,360도,30,201412,031-310-6763,37.444395,126.7822478,20241218
경기도 시흥시,,경기도 시흥시 정왕동 1542-5,생활방범,2,200,360도,30,201412,031-310-6763,37.3416496,126.7560027,20241218
경기도 시흥시,,경기도 시흥시 정왕동 2246-1,생활방범,3,200,360도,30,201412,031-310-6763,37.3573355,126.7524367,20241218
경기도 시흥시,,경기도 시흥시 정왕동 2322-3,생활방범,2,200,360도,30,201412,031-310-6763,37.3520986,126.7437466,20241218
경기도 시흥시,,경기도 시흥시 정왕동 2312-4,생활방범,4,200,360도,30,201412,031-310-6763,37.3525162,126.7456303,20241218
경기도 시흥시,,경기도 시흥시 정왕동 1607,생활방범,3,200,360도,30,201412,031-310-6763,37.3457032,126.7422458,20241218
경기도 시흥시,,경기도 시흥시 정왕동 1607,생활방범,3,200,360도,30,201412,031-310-6763,37.346032,126.7425677,20241218
경기도 시흥시,,경기도 시흥시 정왕동 2160,생활방범,3,200,360도,30,201412,031-310-6763,37.337666,126.7553204,20241218
경기도 시흥시,경기도 시흥시 옥구천동로374번길 88,경기도 시흥시 정왕동 1845-1,생활방범,3,200,360도,30,201412,031-310-6763,37.3487671,126.7338201,20241218
경기도 시흥시,경기도 시흥시 옥구천동로374번길 88,경기도 시흥시 정왕동 1845-1,생활방범,5,200,360도,30,201412,031-310-6763,37.3489999,126.7370555,20241218
경기도 시흥시,,경기도 시흥시 정왕동 1872-1,생활방범,2,200,360도,30,201412,031-310-6763,37.3576549,126.7338529,20241218
경기도 시흥시,,경기도 시흥시 정왕동 1871-2,생활방범,2,200,360도,30,201412,031-310-6763,37.3512737,126.7297712,20241218
경기도 시흥시,경기도 시흥시 정왕대로118번길 33,경기도 시흥시 정왕동 1848-2,생활방범,3,200,360도,30,201412,031-310-6763,37.3486721,126.7266435,20241218
경기도 시흥시,경기도 시흥시 정왕대로118번길 33,경기도 시흥시 정왕동 1848-2,생활방범,3,200,360도,30,201412,031-310-6763,37.3479576,126.7268877,20241218
경기도 시흥시,,경기도 시흥시 정왕동 1358,생활방범,2,200,360도,30,201412,031-310-6763,37.3359995,126.7146134,20241218
경기도 시흥시,,경기도 시흥시 정왕동 1358,생활방범,2,200,360도,30,201412,031-310-6763,37.337265,126.7124929,20241218
경기도 시흥시,,경기도 시흥시 정왕동 1998-5,생활방범,2,200,360도,30,201412,031-310-6763,37.3465654,126.6896378,20241218
경기도 시흥시,,경기도 시흥시 정왕동 1942-3,생활방범,3,200,360도,30,201412,031-310-6763,37.354926,126.7158487,20241218
경기도 시흥시,,경기도 시흥시 정왕동 1876-3,생활방범,2,200,360도,30,201412,031-310-6763,37.3621098,126.7324666,20241218
경기도 시흥시,,경기도 시흥시 정왕동 1875-6,생활방범,2,200,360도,30,201412,031-310-6763,37.3574545,126.7277895,20241218
경기도 시흥시,경기도 시흥시 능곡중앙로 85,경기도 시흥시 능곡동 552,생활방범,3,200,360도,30,201412,031-310-6763,37.3716389,126.812376,20241218
경기도 시흥시,,경기도 시흥시 거모동 525-3,생활방범,2,200,360도,30,201412,031-310-6763,37.3568045,126.7723233,20241218
경기도 시흥시,,경기도 시흥시 배곧동 11,생활방범,3,200,360도,30,201712,031-310-6763,37.3824351,126.733299,20241218
경기도 시흥시,,경기도 시흥시 배곧동 41,생활방범,3,200,360도,30,201712,031-310-6763,37.3802313,126.7254653,20241218
경기도 시흥시,경기도 시흥시 해송십리로 40,경기도 시흥시 배곧동 304,생활방범,3,200,360도,30,201712,031-310-6763,37.3534201,126.7059578,20241218
경기도 시흥시,,경기도 시흥시 배곧동 307,생활방범,3,200,360도,30,201712,031-310-6763,37.3535552,126.7023732,20241218
경기도 시흥시,,경기도 시흥시 배곧동 307,생활방범,4,200,360도,30,201712,031-310-6763,37.3540422,126.7006735,20241218
경기도 시흥시,,경기도 시흥시 과림동 494-20,생활방범,3,200,360도,30,201812,031-310-6763,37.4372319,126.8301148,20241218
경기도 시흥시,,경기도 시흥시 과림동 801-7,생활방범,3,200,360도,30,201812,031-310-6763,37.4530209,126.8249042,20241218
경기도 시흥시,경기도 시흥시 옥터로19번길 32,경기도 시흥시 정왕동 2020-3,생활방범,3,200,360도,30,201712,031-310-6763,37.3440363,126.6925947,20241218
경기도 시흥시,경기도 시흥시 방산고잔길 82,경기도 시흥시 방산동 786,생활방범,3,200,360도,30,201712,031-310-6763,37.4072557,126.7558092,20241218
경기도 시흥시,경기도 시흥시 신천로7번길 23-1,경기도 시흥시 신천동 888-9,생활방범,3,200,360도,30,201712,031-310-6763,37.4315409,126.7922685,20241218
경기도 시흥시,경기도 시흥시 포도원로109번길 8,경기도 시흥시 신천동 850-10,생활방범,4,200,360도,30,201012,031-310-6763,37.4355898,126.7860561,20241218
경기도 시흥시,경기도 시흥시 신천8길 9,경기도 시흥시 신천동 836-1,생활방범,5,200,360도,30,201012,031-310-6763,37.4363825,126.7798963,20241218
경기도 시흥시,경기도 시흥시 수인로3395번길 32,경기도 시흥시 신천동 752-14,생활방범,3,200,360도,30,201012,031-310-6763,37.4385883,126.7812394,20241218
경기도 시흥시,,경기도 시흥시 포동 13-3,생활방범,3,200,360도,30,201012,031-310-6763,37.4065738,126.7838966,20241218
경기도 시흥시,경기도 시흥시 신현로12번길 20-10,경기도 시흥시 미산동 705,생활방범,4,200,360도,30,201012,031-310-6763,37.4089288,126.7856675,20241218
경기도 시흥시,,경기도 시흥시 미산동 93-1,생활방범,4,200,360도,30,201012,031-310-6763,37.4219982,126.7962624,20241218
경기도 시흥시,경기도 시흥시 양우재길 16,경기도 시흥시 미산동 234-8,생활방범,4,200,360도,30,201012,031-310-6763,37.4221986,126.7878291,20241218
경기도 시흥시,경기도 시흥시 검바위2로 23,경기도 시흥시 은행동 293-12,생활방범,5,200,360도,30,201012,031-310-6763,37.4312563,126.7958093,20241218
경기도 시흥시,경기도 시흥시 수인로3287번길 12,경기도 시흥시 은행동 109-22,생활방범,3,200,360도,30,201012,031-310-6763,37.4388137,126.7947924,20241218
경기도 시흥시,,경기도 시흥시 은행동 109-87,생활방범,3,200,360도,30,201012,031-310-6763,37.4380908,126.7935981,20241218
경기도 시흥시,,경기도 시흥시 정왕동 543-1,생활방범,4,200,360도,30,201712,031-310-6763,37.3567327,126.7533694,20241218
경기도 성남시청,,경기도 성남시 수정구 시흥동 169-3(시흥2교 주변),쓰레기단속,1,200,쓰레기분리장,30,201109,031-729-2482,37.42678,127.1043,20221125
경기도 시흥시,경기도 시흥시 정왕천로 403,경기도 시흥시 정왕동 1196-6,쓰레기단속,1,200,전방 10~20m,10,201905,031-310-3105,37.343863,126.751333,20241218
경기도 시흥시,경기도 시흥시 정왕천로432번길 3-24,경기도 시흥시 정왕동 1501-14,쓰레기단속,1,200,전방 10~20m,10,201905,031-310-3105,37.346315,126.754719,20241218
경기도 시흥시,경기도 시흥시 봉우재로36번길 7,경기도 시흥시 정왕동1575-10,쓰레기단속,1,200,전방 10~20m,10,201905,031-310-3105,37.34583,126.745162,20241218
경기도 시흥시,경기도 시흥시 옥터로19번길 1,경기도 시흥시 정왕동 1985-12,쓰레기단속,1,200,전방 10~20m,10,201905,031-310-3105,37.346122,126.692499,20241218
경기도 시흥시,경기도 시흥시 오이도중앙로36번길 6-8,경기도 시흥시 정왕동 2001-2,쓰레기단속,2,200,전방 10~20m,10,201905,031-310-3105,37.346055,126.689245,20241218
경기도 시흥시,경기도 시흥시 오이도6길 21,경기도 시흥시 정왕동 2027-8,쓰레기단속,2,200,전방 10~20m,10,201905,031-310-3105,37.342715,126.68826,20241218
경기도 시흥시,,경기도 시흥시 도창동 25-3,생활방범,3,200,360도,30,201512,031-310-6763,37.4096259,126.8230411,20241218
경기도 시흥시,,경기도 시흥시 정왕동 1940-1,생활방범,3,200,360도,30,201512,031-310-6763,37.3600767,126.72231,20241218
경기도 시흥시,,경기도 시흥시 정왕동 1940-2,생활방범,3,200,360도,30,201512,031-310-6763,37.3583987,126.7195147,20241218
경기도 시흥시,,경기도 시흥시 정왕동 1133,생활방범,4,200,360도,30,201512,031-310-6763,37.3688068,126.738914,20241218
경기도 시흥시,경기도 시흥시 월곶해안로 63,경기도 시흥시 월곶동 1010-2,생활방범,3,200,360도,30,201512,031-310-6763,37.392012,126.7375207,20241218
경기도 시흥시,경기도 시흥시 대은로103번길 24,경기도 시흥시 대야동 584,생활방범,3,200,360도,30,201112,031-310-6763,37.4473095,126.7970957,20241218
경기도 시흥시,경기도 시흥시 대은로103번길 24,경기도 시흥시 대야동 584,생활방범,3,200,360도,30,201112,031-310-6763,37.4467965,126.7981824,20241218
경기도 시흥시,경기도 시흥시 대골안길 26-10,경기도 시흥시 대야동 457-12,생활방범,5,200,360도,30,201112,031-310-6763,37.4475085,126.7884857,20241218
경기도 시흥시,,경기도 시흥시 대야동 483-2,생활방범,4,200,360도,30,201112,031-310-6763,37.4447953,126.7831162,20241218
경기도 시흥시,,경기도 시흥시 대야동 479-7,생활방범,4,200,360도,30,201112,031-310-6763,37.4468074,126.7860107,20241218
경기도 시흥시,경기도 시흥시 윗대야2길 17,경기도 시흥시 대야동 121-1,생활방범,3,200,360도,30,201112,031-310-6763,37.4547997,126.7873326,20241218
경기도 시흥시,경기도 시흥시 호현로34번안길 16,경기도 시흥시 대야동 493-2,생활방범,3,200,360도,30,201112,031-310-6763,37.4438386,126.7864655,20241218
경기도 시흥시,경기도 시흥시 계수로 203,경기도 시흥시 계수동 145-1,생활방범,3,200,360도,30,201112,031-310-6763,37.4532059,126.8199613,20241218
경기도 시흥시,경기도 시흥시 계수로 203,경기도 시흥시 계수동 145-1,생활방범,3,200,360도,30,201112,031-310-6763,37.4523572,126.8206979,20241218
경기도 시흥시,경기도 시흥시 군자로465번길 7,경기도 시흥시 거모동 1379,생활방범,3,200,360도,30,201112,031-310-6763,37.3486372,126.7815644,20241218
경기도 시흥시,경기도 시흥시 군자로465번길 7,경기도 시흥시 거모동 1379,생활방범,3,200,360도,30,201112,031-310-6763,37.3483515,126.7827052,20241218
경기도 시흥시,경기도 시흥시 한우물로21번길 30,경기도 시흥시 거모동 1739-1,생활방범,3,200,360도,30,201112,031-310-6763,37.3442497,126.780755,20241218
경기도 시흥시,경기도 시흥시 군자로 539,경기도 시흥시 거모동 1577-1,생활방범,3,200,360도,30,201112,031-310-6763,37.3436571,126.7859378,20241218
경기도 시흥시,경기도 시흥시 군자로 539,경기도 시흥시 거모동 1577-1,생활방범,4,200,360도,30,201112,031-310-6763,37.3432842,126.7876436,20241218
경기도 시흥시,,경기도 시흥시 거모동 1660-4,생활방범,3,200,360도,30,201112,031-310-6763,37.3397221,126.7850264,20241218
경기도 시흥시,경기도 시흥시 한우물로 49,경기도 시흥시 거모동 1730-7,생활방범,4,200,360도,30,201112,031-310-6763,37.3468245,126.7831625,20241218
경기도 시흥시,경기도 시흥시 도일로112번길 12,경기도 시흥시 거모동 1653-1,생활방범,4,200,360도,30,201112,031-310-6763,37.3404268,126.7850189,20241218
경기도 시흥시,경기도 시흥시 중심상가로 257,경기도 시흥시 정왕동 1788-4,생활방범,4,200,360도,30,201112,031-310-6763,37.3406102,126.7420598,20241218
경기도 시흥시,경기도 시흥시 중심상가로 257,경기도 시흥시 정왕동 1788-4,생활방범,4,200,360도,30,201112,031-310-6763,37.3408478,126.743913,20241218
경기도 시흥시,경기도 시흥시 정왕천로411번길 51,경기도 시흥시 정왕동 1207,생활방범,5,200,360도,30,201112,031-310-6763,37.3471786,126.7471308,20241218
경기도 시흥시,경기도 시흥시 정왕천로375번길 25-1,경기도 시흥시 정왕동 1569-6,생활방범,4,200,360도,30,201112,031-310-6763,37.3426707,126.747921,20241218
경기도 시흥시,경기도 시흥시 군서로54번길 18,경기도 시흥시 정왕동 1184,생활방범,4,200,360도,30,201112,031-310-6763,37.3475465,126.7481136,20241218
경기도 시흥시,경기도 시흥시 군서로18번길 34,경기도 시흥시 정왕동 1174-13,생활방범,4,200,360도,30,201112,031-310-6763,37.3468221,126.7517641,20241218
경기도 시흥시,경기도 시흥시 정왕천로427번길 30,경기도 시흥시 정왕동 1175,생활방범,3,200,360도,30,201112,031-310-6763,37.3475729,126.7511873,20241218
경기도 시흥시,경기도 시흥시 역전로 249,경기도 시흥시 정왕동 1811-8,생활방범,5,200,360도,30,201112,031-310-6763,37.349994,126.7441156,20241218
경기도 시흥시,경기도 시흥시 정왕천로427번길 13,경기도 시흥시 정왕동 1179-3,생활방범,5,200,360도,30,201112,031-310-6763,37.3459887,126.7521954,20241218
경기도 시흥시,경기도 시흥시 정왕천로408번길 19,경기도 시흥시 정왕동 1518,생활방범,3,200,360도,30,201112,031-310-6763,37.3431979,126.7535524,20241218
경기도 시흥시,경기도 시흥시 큰솔로7번길 10,경기도 시흥시 정왕동 1418-2,생활방범,4,200,360도,30,201112,031-310-6763,37.3389673,126.7502802,20241218
경기도 시흥시,경기도 시흥시 큰솔로7번길 10,경기도 시흥시 정왕동 1418-2,생활방범,5,200,360도,30,201112,031-310-6763,37.3398637,126.7519669,20241218
경기도 시흥시,경기도 시흥시 큰솔로46번길 30,경기도 시흥시 정왕동 1397-4,생활방범,3,200,360도,30,201712,031-310-6763,37.339851,126.7554811,20241218
경기도 시흥시,경기도 시흥시 마유로443번길 1,경기도 시흥시 정왕동 2297-1,생활방범,4,200,360도,30,201712,031-310-6763,37.3540816,126.7414634,20241218
경기도 시흥시,,경기도 시흥시 정왕동 796-11,생활방범,4,200,360도,30,201712,031-310-6763,37.351372,126.7459395,20241218
경기도 시흥시,경기도 시흥시 봉우재로57번길 4,경기도 시흥시 정왕동 1824-6,생활방범,4,200,360도,30,201712,031-310-6763,37.3479087,126.7458633,20241218
경기도 시흥시,,경기도 시흥시 정왕동 1419,생활방범,5,200,360도,30,201712,031-310-6763,37.3395956,126.7525682,20241218
경기도 시흥시,경기도 시흥시 검바위2로 15-4,경기도 시흥시 은행동 289-99,생활방범,5,200,360도,30,201012,031-310-6763,37.4304184,126.7955604,20241218
경기도 시흥시,경기도 시흥시 수인로2857번길 44,경기도 시흥시 매화동 289-1,생활방범,4,200,360도,30,201012,031-310-6763,37.4110642,126.8155858,20241218
경기도 시흥시,경기도 시흥시 매화2로 39,경기도 시흥시 매화동 227-1,생활방범,4,200,360도,30,201012,031-310-6763,37.4168846,126.810765,20241218
경기도 시흥시,경기도 시흥시 매화로135번길 5,경기도 시흥시 도창동 370,생활방범,4,200,360도,30,201012,031-310-6763,37.4088889,126.8169154,20241218
경기도 시흥시,경기도 시흥시 조남길 20-1,경기도 시흥시 조남동 169-61,생활방범,5,200,360도,30,201012,031-310-6763,37.3829611,126.8599782,20241218
경기도 시흥시,,경기도 시흥시 논곡동 147-5,생활방범,3,200,360도,30,201012,031-310-6763,37.3885559,126.8614131,20241218
경기도 시흥시,경기도 시흥시 도일로123번길 35,경기도 시흥시 거모동 1739-6,생활방범,5,200,360도,30,201012,031-310-6763,37.3440726,126.7819315,20241218
경기도 시흥시,경기도 시흥시 군자로504번안길 12,경기도 시흥시 거모동 1734-1,생활방범,5,200,360도,30,201012,031-310-6763,37.3458705,126.7833463,20241218
경기도 시흥시,경기도 시흥시 월곶해안로 29-8,경기도 시흥시 월곶동 991-4,생활방범,3,200,360도,30,201012,031-310-6763,37.3942461,126.740013,20241218
경기도 시흥시,,경기도 시흥시 거모동 1726-1,생활방범,5,200,360도,30,201012,031-310-6763,37.3476607,126.7846227,20241218
경기도 시흥시,,경기도 시흥시 거모동 1741-1,생활방범,5,200,360도,30,201012,031-310-6763,37.3446518,126.7828767,20241218
경기도 시흥시,경기도 시흥시 봉우재로209번길 60,경기도 시흥시 정왕동 2238-6,생활방범,5,200,360도,30,201012,031-310-6763,37.3576376,126.7498274,20241218
경기도 시흥시,경기도 시흥시 봉우순환로3번길 21,경기도 시흥시 정왕동 2255-1,생활방범,5,200,360도,30,201012,031-310-6763,37.3580026,126.754497,20241218
경기도 시흥시,경기도 시흥시 큰솔로96번길 25,경기도 시흥시 정왕동 1536,생활방범,5,200,360도,30,201012,031-310-6763,37.34291,126.7575523,20241218
경기도 시흥시,경기도 시흥시 마유로446번길 12,경기도 시흥시 정왕동 2308-1,생활방범,4,200,360도,30,201012,031-310-6763,37.3539158,126.7434258,20241218
경기도 시흥시,경기도 시흥시 정왕시장길 51,경기도 시흥시 정왕동 1203,생활방범,5,200,360도,30,201012,031-310-6763,37.3460353,126.7490001,20241218
경기도 시흥시,경기도 시흥시 큰솔로56번길 9-11,경기도 시흥시 정왕동 1548,생활방범,5,200,360도,30,201012,031-310-6763,37.3423032,126.755036,20241218
경기도 시흥시,경기도 시흥시 마유로423번길 12-1,경기도 시흥시 정왕동 2298-7,생활방범,4,200,360도,30,201012,031-310-6763,37.3528799,126.7399004,20241218
경기도 시흥시,,경기도 시흥시 정왕동 1542-5,생활방범,4,200,360도,30,201012,031-310-6763,37.3417315,126.7556745,20241218
경기도 시흥시,경기도 시흥시 마유로443번길 31,경기도 시흥시 정왕동 2293-1,생활방범,4,200,360도,30,201012,031-310-6763,37.3541468,126.7383243,20241218
경기도 시흥시,경기도 시흥시 신현로 375,경기도 시흥시 방산동 526,생활방범,3,200,360도,30,201612,031-310-6763,37.4151769,126.767825,20241218
경기도 시흥시,경기도 시흥시 신현로14번길 21,경기도 시흥시 포동 3-4,생활방범,3,200,360도,30,201612,031-310-6763,37.4078594,126.7854404,20241218
경기도 시흥시,경기도 시흥시 은행로 70,경기도 시흥시 은행동 105-14,생활방범,3,200,360도,30,201612,031-310-6763,37.4383437,126.7963174,20241218
경기도 시흥시,경기도 시흥시 검바위2로 36,경기도 시흥시 은행동 276-21,생활방범,3,200,360도,30,201612,031-310-6763,37.4322842,126.7967646,20241218
경기도 시흥시,,경기도 시흥시 은행동 276-19,생활방범,3,200,360도,30,201612,031-310-6763,37.4323423,126.7948416,20241218
경기도 시흥시,경기도 시흥시 도리재길 22,경기도 시흥시 금이동 461-11,생활방범,3,200,360도,30,201612,031-310-6763,37.3916364,126.8408696,20241218
경기도 시흥시,경기도 시흥시 매화2로23번길 21,경기도 시흥시 매화동 235-15,생활방범,3,200,360도,30,201612,031-310-6763,37.4156121,126.8113045,20241218
경기도 시흥시,경기도 시흥시 매화로39번길 41,경기도 시흥시 매화동 265-17,생활방범,3,200,360도,30,201612,031-310-6763,37.4137361,126.8159711,20241218
경기도 시흥시,경기도 시흥시 매화1로22번길 8,경기도 시흥시 매화동 243,생활방범,3,200,360도,30,201612,031-310-6763,37.4157367,126.8121258,20241218
경기도 시흥시,경기도 시흥시 매화2로32번길 4,경기도 시흥시 매화동 368-5,생활방범,3,200,360도,30,201612,031-310-6763,37.4173781,126.8111999,20241218
경기도 시흥시,경기도 시흥시 매화1로 53,경기도 시흥시 매화동 314-5,생활방범,3,200,360도,30,201612,031-310-6763,37.4143953,126.8092958,20241218
경기도 시흥시,경기도 시흥시 목감초등길 19,경기도 시흥시 조남동 171-56,생활방범,3,200,360도,30,201612,031-310-6763,37.3839841,126.8572516,20241218
경기도 시흥시,,경기도 시흥시 하중동 880-2,생활방범,3,200,360도,30,201212,031-310-6763,37.3908672,126.8051848,20241218
경기도 시흥시,경기도 시흥시 시청로72번길 25-6,경기도 시흥시 장현동 529-1,생활방범,3,200,360도,30,201212,031-310-6763,37.3826174,126.8014266,20241218
경기도 시흥시,,경기도 시흥시 장곡동 798-2,생활방범,4,200,360도,30,201212,031-310-6763,37.3811937,126.7808239,20241218
경기도 시흥시,경기도 시흥시 진말로19번길 13,경기도 시흥시 장곡동 815,생활방범,3,200,360도,30,201212,031-310-6763,37.3785398,126.783859,20241218
경기도 시흥시,경기도 시흥시 능곡중앙로 50,경기도 시흥시 능곡동 766,생활방범,7,200,360도,30,201212,031-310-6763,37.3680116,126.813675,20241218
경기도 시흥시,경기도 시흥시 대골길 47-6,경기도 시흥시 대야동 459,생활방범,3,200,360도,30,201212,031-310-6763,37.4468971,126.7884506,20241218
경기도 시흥시,,경기도 시흥시 대야동 569-2,생활방범,3,200,360도,30,201212,031-310-6763,37.4474485,126.7958439,20241218
경기도 시흥시,경기도 시흥시 시흥대로1073번길 40,경기도 시흥시 신천동 870-1,생활방범,3,200,360도,30,201212,031-310-6763,37.433093,126.7894167,20241218
경기도 시흥시,,경기도 시흥시 신천동 518-5,생활방범,4,200,360도,30,201212,031-310-6763,37.4354958,126.7751874,20241218
경기도 시흥시,,경기도 시흥시 미산동 350-16,생활방범,4,200,360도,30,201212,031-310-6763,37.4202533,126.7954338,20241218
경기도 시흥시,경기도 시흥시 대은로 52,경기도 시흥시 은행동 551,생활방범,3,200,360도,30,201212,031-310-6763,37.4409714,126.7942186,20241218
경기도 시흥시,경기도 시흥시 대은로 52,경기도 시흥시 은행동 551,생활방범,4,200,360도,30,201212,031-310-6763,37.4404208,126.793233,20241218
경기도 시흥시,경기도 시흥시 대은로104번길 15,경기도 시흥시 은행동 600,생활방범,4,200,360도,30,201212,031-310-6763,37.4445712,126.8014543,20241218
경기도 시흥시,경기도 시흥시 서울대학로264번길 26-32,경기도 시흥시 정왕동 2536-1,교통단속,4,200,360도,30,201701,031-310-5132,37.3662344,126.7277063,20241218
경기도 시흥시,경기도 시흥시 서울대학로264번길 26-16,경기도 시흥시 정왕동 2531,교통단속,5,200,360도,30,201701,031-310-5132,37.3668876,126.7252297,20241218
경기도 시흥시,경기도 시흥시 목감남서로 5,경기도 시흥시 조남동 652-1,교통단속,4,200,360도,30,201801,031-310-5132,37.3781847,126.8506521,20241218
경기도 시흥시,경기도 시흥시 동서로 996,경기도 시흥시 조남동 690,교통단속,4,200,360도,30,201801,031-310-5132,37.3792527,126.8546285,20241218
경기도 시흥시,,경기도 시흥시 조남동 701-1,교통단속,4,200,360도,30,201801,031-310-5132,37.3787601,126.8602627,20241218
경기도 시흥시,경기도 시흥시 배곧1로 30,경기도 시흥시 정왕동2570,교통단속,5,200,360도,30,201903,031-310-5132,37.3615026,126.7119878,20241218
경기도 시흥시,경기도 시흥시 서울대학로264번길 50,경기도 시흥시 정왕동2549,교통단속,3,200,360도,30,201901,031-310-5132,37.3660318,126.7292405,20241218
경기도 시흥시,,경기도 시흥시 조남동174-97,생활방범,4,200,360도,30,202212,031-310-6763,37.3825878,126.8571679,20241218
경기도 시흥시,,경기도 시흥시 정왕동1962,생활방범,4,200,360도,30,202212,031-310-6763,37.3392441,126.7372925,20241218
경기도 시흥시,경기도 시흥시 공단1대로 247,경기도 시흥시 정왕동1366-9,생활방범,4,200,360도,30,202212,031-310-6763,37.3360601,126.7286966,20241218
경기도 시흥시,경기도 시흥시 신천로68번길 27,경기도 시흥시 신천동856-14,생활방범,4,200,360도,30,202212,031-310-6763,37.4368158,126.7900193,20241218
경기도 시흥시,경기도 시흥시 포도원로116번길 30,경기도 시흥시 신천동863-19,생활방범,4,200,360도,30,202212,031-310-6763,37.4334169,126.7889084,20241218
경기도 시흥시,경기도 시흥시 삼미시장1길 17,경기도 시흥시 신천동737,생활방범,4,200,360도,30,202212,031-310-6763,37.440576,126.7843388,20241218
경기도 시흥시,경기도 시흥시 미산로143번길 33,경기도 시흥시 미산동323,생활방범,4,200,360도,30,202212,031-310-6763,37.4166561,126.7950192,20241218
경기도 시흥시,,경기도 시흥시 은행동342-6,생활방범,5,200,360도,30,202212,031-310-6763,37.4275582,126.7941428,20241218
경기도 시흥시,,경기도 시흥시 하상동 산 11-3,생활방범,3,200,360도,30,201212,031-310-6763,37.3906724,126.8109017,20241218
경기도 시흥시,,경기도 시흥시 능곡동 617,생활방범,4,200,360도,30,201212,031-310-6763,37.3693425,126.8170071,20241218
경기도 시흥시,,경기도 시흥시 능곡동 495,생활방범,3,200,360도,30,201212,031-310-6763,37.3737548,126.8131217,20241218
경기도 시흥시,경기도 시흥시 마유로418번길 12,경기도 시흥시 정왕동 2327-4,생활방범,3,200,360도,30,201212,031-310-6763,37.3516735,126.7427445,20241218
경기도 시흥시,경기도 시흥시 마유로418번길 12,경기도 시흥시 정왕동 2327-4,생활방범,3,200,360도,30,201212,031-310-6763,37.3519811,126.7428636,20241218
경기도 시흥시,,경기도 시흥시 장곡동 825-2,생활방범,5,200,360도,30,201212,031-310-6763,37.3778446,126.7872349,20241218
경기도 시흥시,,경기도 시흥시 거모동 1715-1,생활방범,2,200,360도,30,201212,031-310-6763,37.3489766,126.785656,20241218
경기도 시흥시,,경기도 시흥시 능곡동 777,생활방범,5,200,360도,30,201212,031-310-6763,37.3657062,126.8102116,20241218
경기도 시흥시,,경기도 시흥시 정왕동 1825-2,생활방범,4,200,360도,30,201212,031-310-6763,37.348707,126.7446237,20241218
경기도 시흥시,,경기도 시흥시 신천동 947(1),생활방범,1,200,360도,30,200912,031-310-6763,37.4352657,126.7904795,20241218
경기도 시흥시,,경기도 시흥시 신천동 947(2),생활방범,1,200,360도,30,200912,031-310-6763,37.4350125,126.7903932,20241218
경기도 시흥시,,경기도 시흥시 미산동 산12-6(1) ADD: 5,생활방범,1,200,360도,30,201012,031-310-6763,37.4193595,126.7919778,20241218
경기도 시흥시,,경기도 시흥시 미산동 산12-6(2) ADD: 2,생활방범,1,200,360도,30,201012,031-310-6763,37.4196187,126.7920505,20241218
경기도 시흥시,,경기도 시흥시 미산동 산12-6(3) ADD: 1,생활방범,1,200,360도,30,201012,031-310-6763,37.4201555,126.7918585,20241218
경기도 시흥시,,경기도 시흥시 미산동 산12-6(4) SPD-3750 :1,생활방범,1,200,360도,30,201012,031-310-6763,37.4209579,126.7920401,20241218
경기도 시흥시,,경기도 시흥시 거모동 1349-1(1),생활방범,1,200,360도,30,201012,031-310-6763,37.347389,126.7800647,20241218
경기도 시흥시,경기도 시흥시 수인로3381번길 32-1,경기도 시흥시 신천동 840-5,생활방범,4,200,360도,30,201312,031-310-6763,37.4382298,126.7825444,20241218
경기도 시흥시,,경기도 시흥시 목감동 267-3,생활방범,3,200,360도,30,201512,031-310-6763,37.3851081,126.8680211,20241218
경기도 시흥시,,경기도 시흥시 군자동 634-4,생활방범,3,200,360도,30,201512,031-310-6763,37.3555429,126.7864573,20241218
경기도 시흥시,경기도 시흥시 큰솔로 6,경기도 시흥시 정왕동 1427-15,생활방범,5,200,360도,30,201512,031-310-6763,37.3384652,126.7513718,20241218
경기도 시흥시,경기도 시흥시 정왕천로375번길 58-8,경기도 시흥시 정왕동 1572-7,생활방범,4,200,360도,30,201512,031-310-6763,37.3453965,126.7464606,20241218
경기도 시흥시,경기도 시흥시 정왕천로389번길 11,경기도 시흥시 정왕동 1556-6,생활방범,4,200,360도,30,201512,031-310-6763,37.3434474,126.7496079,20241218
경기도 시흥시,경기도 시흥시 큰솔로46번길 14-1,경기도 시흥시 정왕동 1396-1,생활방범,4,200,360도,30,201512,031-310-6763,37.3407981,126.7538612,20241218
경기도 시흥시,,경기도 시흥시 과림동 210-16,생활방범,3,200,360도,30,201512,031-310-6763,37.4540881,126.8262203,20241218
경기도 시흥시,경기도 시흥시 신현로12번길 27,경기도 시흥시 포동 3-35,생활방범,3,200,360도,30,201512,031-310-6763,37.4086083,126.7847742,20241218
경기도 시흥시,경기도 시흥시 수인로3247번길 110,경기도 시흥시 은행동 299,생활방범,3,200,360도,30,201512,031-310-6763,37.4293073,126.7955354,20241218
경기도 시흥시,경기도 시흥시 매화1로32번길 22,경기도 시흥시 매화동 247-3,생활방범,3,200,360도,30,201512,031-310-6763,37.4162233,126.8126454,20241218
경기도 시흥시,경기도 시흥시 매화2로48번길 12,경기도 시흥시 매화동 350-5,생활방범,3,200,360도,30,201512,031-310-6763,37.4161436,126.8093179,20241218
경기도 시흥시,경기도 시흥시 미산로127번길 15,경기도 시흥시 미산동 375-4,생활방범,4,200,360도,30,201812,031-310-6763,37.4180722,126.7951891,20241218
경기도 시흥시,경기도 시흥시 매화로135번길 25-2,경기도 시흥시 도창동 383-11,생활방범,3,200,360도,30,201812,031-310-6763,37.4105226,126.8157932,20241218
경기도 시흥시,,경기도 시흥시 월곶동 455-1,생활방범,3,200,360도,30,201812,031-310-6763,37.3791752,126.7621928,20241218
경기도 시흥시,경기도 시흥시 계수로197번길 14-1,경기도 시흥시 계수동 148-3,생활방범,3,200,360도,30,201812,031-310-6763,37.4538678,126.81988,20241218
경기도 시흥시,경기도 시흥시 목감초등길 49,경기도 시흥시 논곡동 160-37,생활방범,2,200,360도,30,201812,031-310-6763,37.3861971,126.859347,20241218
경기도 시흥시,,경기도 시흥시 월곶동 1047,생활방범,3,200,360도,30,201812,031-310-6763,37.3857283,126.7407943,20241218
경기도 시흥시,경기도 시흥시 신천로79번길 6,경기도 시흥시 신천동 763-9,생활방범,3,200,360도,30,201812,031-310-6763,37.4373547,126.7854103,20241218
경기도 시흥시,경기도 시흥시 장곡로54번길 42,경기도 시흥시 장곡동 793-2,생활방범,3,200,360도,30,201812,031-310-6763,37.3821964,126.7815536,20241218
경기도 시흥시,,경기도 시흥시 장곡동 807,생활방범,5,200,360도,30,201812,031-310-6763,37.3774853,126.7825541,20241218
경기도 시흥시,,경기도 시흥시 은행동 109-133,생활방범,3,200,360도,30,201812,031-310-6763,37.4371476,126.7935166,20241218
경기도 시흥시,경기도 시흥시 도일로102번길 5-17,경기도 시흥시 거모동 1658-24,생활방범,4,200,360도,30,201812,031-310-6763,37.3398918,126.7843464,20241218
경기도 시흥시,,경기도 시흥시 거모동 1669-23,생활방범,4,200,360도,30,201812,031-310-6763,37.3395959,126.7839027,20241218
경기도 시흥시,경기도 시흥시 도일로102번길 6-5,경기도 시흥시 거모동 1669-8,생활방범,4,200,360도,30,201812,031-310-6763,37.3394941,126.7844073,20241218
경기도 시흥시,경기도 시흥시 수인로 2269,경기도 시흥시 목감동 260-26,생활방범,3,200,360도,30,201812,031-310-6763,37.383427,126.8664865,20241218
경기도 시흥시,,경기도 시흥시 조남동 222-6,생활방범,4,200,360도,30,201812,031-310-6763,37.3798205,126.8565014,20241218
경기도 시흥시,경기도 시흥시 수인로2431번길 32,경기도 시흥시 논곡동 259,생활방범,2,200,360도,30,201812,031-310-6763,37.3945853,126.853209,20241218
경기도 시흥시,경기도 시흥시 함송로14번길 13-9,경기도 시흥시 정왕동 1884-4,생활방범,4,200,360도,30,201812,031-310-6763,37.3628438,126.7294661,20241218
경기도 시흥시,경기도 시흥시 군자로281번길 28,경기도 시흥시 거모동 267-5,생활방범,2,200,360도,30,201812,031-310-6763,37.3635993,126.7738693,20241218
경기도 시흥시,경기도 시흥시 마유로 403,경기도 시흥시 정왕동 876-315,생활방범,2,200,360도,30,201812,031-310-6763,37.3510624,126.7400839,20241218
경기도 시흥시,경기도 시흥시 수인로 3514-1,경기도 시흥시 신천동 595-147,생활방범,3,200,360도,30,201812,031-310-6763,37.4431525,126.7695642,20241218
경기도 시흥시,,경기도 시흥시 포동 99-1,생활방범,4,200,360도,30,201812,031-310-6763,37.4075017,126.7736839,20241218
경기도 시흥시,,경기도 시흥시 도창동 306,생활방범,2,200,360도,30,201812,031-310-6763,37.4071845,126.8190761,20241218
경기도 시흥시,,경기도 시흥시 죽율동 84-10,생활방범,3,200,360도,30,201812,031-310-6763,37.3514808,126.7626058,20241218
경기도 시흥시,,경기도 시흥시 월곶동 167-16,생활방범,3,200,360도,30,201812,031-310-6763,37.3821157,126.7651041,20241218
경기도 시흥시,경기도 시흥시 매화2로32번길 17,경기도 시흥시 매화동 368-8,생활방범,3,200,360도,30,201812,031-310-6763,37.4175626,126.8098693,20241218
경기도 시흥시,,경기도 시흥시 거모동 1660-8,생활방범,3,200,360도,30,201812,031-310-6763,37.3401929,126.7854763,20241218
경기도 시흥시,,경기도 시흥시 정왕동 1078-12,생활방범,4,200,360도,30,201812,031-310-6763,37.3460114,126.6926672,20241218
경기도 시흥시,,경기도 시흥시 대야동 289-39,생활방범,4,200,360도,30,201812,031-310-6763,37.4501384,126.7931725,20241218
경기도 시흥시,경기도 시흥시 신천로100번안길 1,경기도 시흥시 신천동 769,생활방범,3,200,360도,30,201812,031-310-6763,37.4389514,126.7869966,20241218
경기도 시흥시,경기도 시흥시 군자로 316,경기도 시흥시 거모동 642-2,생활방범,3,200,360도,30,201812,031-310-6763,37.3582322,126.7718133,20241218
경기도 시흥시,경기도 시흥시 정왕천로369번길 35-10,경기도 시흥시 정왕동 1586-4,생활방범,4,200,360도,30,201812,031-310-6763,37.3427332,126.7452288,20241218
경기도 시흥시,경기도 시흥시 서울대학로264번길 44-4,경기도 시흥시 정왕동 2536,교통단속,4,200,360도,30,201901,031-310-5132,37.3671138,126.7287844,20241218
경기도 시흥시,경기도 시흥시 배곧5로 65-9,경기도 시흥시 정왕동2386,교통단속,4,200,360도,30,201901,031-310-5132,37.3837197,126.7339243,20241218
경기도 시흥시,경기도 시흥시 해송십리로 472-30,경기도 시흥시 정왕동2384,교통단속,4,200,360도,30,201901,031-310-5132,37.3829909,126.7309762,20241218
경기도 시흥시,경기도 시흥시 서울대학로 59-72,경기도 시흥시 정왕동2586,교통단속,3,200,360도,30,201902,031-310-5132,37.3578983,126.7063825,20241218
경기도 시흥시,경기도 시흥시 서울대학로278번길 61,경기도 시흥시 정왕동2537-2,교통단속,3,200,360도,30,201906,031-310-5132,37.368779,126.7303941,20241218
경기도 시흥시,경기도 시흥시 서울대학로278번길 62,경기도 시흥시 정왕동2541-1,교통단속,3,200,360도,30,201906,031-310-5132,37.3673163,126.730893,20241218
경기도 시흥시,,경기도 시흥시 목감동 424-2,교통단속,5,200,360도,30,201906,031-310-5132,37.3819384,126.8615261,20241218
경기도 시흥시,경기도 시흥시 삼미시장2길 24,경기도 시흥시 신천동 742-2,교통단속,5,200,360도,30,201906,031-310-5132,37.440711,126.7828922,20241218
경기도 시흥시,경기도 시흥시 신천3길 10-1,경기도 시흥시 신천동 736-4,교통단속,5,200,360도,30,201906,031-310-5132,37.4395579,126.7844812,20241218
경기도 시흥시,경기도 시흥시 봉우재로 207,경기도 시흥시 정왕동 2261-2,생활방범,5,200,360도,30,201012,031-310-6763,37.3582549,126.7566316,20241218
경기도 시흥시,경기도 시흥시 정왕천로375번길 52-1,경기도 시흥시 정왕동 1571-3,생활방범,4,200,360도,30,201012,031-310-6763,37.3444368,126.7463765,20241218
경기도 시흥시,,경기도 시흥시 정왕동 1868,생활방범,3,200,360도,30,201012,031-310-6763,37.3536632,126.7265021,20241218
경기도 시흥시,,경기도 시흥시 정왕동 2138,생활방범,4,200,360도,30,201012,031-310-6763,37.3527364,126.7112131,20241218
경기도 시흥시,,경기도 시흥시 정왕동 1875-6,생활방범,3,200,360도,30,201012,031-310-6763,37.3584835,126.7290629,20241218
경기도 시흥시,경기도 시흥시 함송로13번길 6-7,경기도 시흥시 정왕동 1880-11,생활방범,3,200,360도,30,201012,031-310-6763,37.3639195,126.730992,20241218
경기도 시흥시,,경기도 시흥시 정왕동 1877-6,생활방범,4,200,360도,30,201012,031-310-6763,37.3632966,126.7342423,20241218
경기도 시흥시,,경기도 시흥시 하상동 368,생활방범,4,200,360도,30,201012,031-310-6763,37.3947091,126.8117896,20241218
경기도 시흥시,경기도 시흥시 승지로 110,경기도 시흥시 능곡동 550,생활방범,3,200,360도,30,201112,031-310-6763,37.3730808,126.8116665,20241218
경기도 시흥시,경기도 시흥시 승지로 110,경기도 시흥시 능곡동 550,생활방범,3,200,360도,30,201112,031-310-6763,37.372135,126.8133279,20241218
경기도 시흥시,경기도 시흥시 능곡중앙로 22,경기도 시흥시 능곡동 797,생활방범,5,200,360도,30,201112,031-310-6763,37.3660287,126.8119502,20241218
경기도 시흥시,경기도 시흥시 능곡중앙로 22,경기도 시흥시 능곡동 797,생활방범,4,200,360도,30,201112,031-310-6763,37.3655776,126.8135552,20241218
경기도 시흥시,경기도 시흥시 시청로72번길 13,경기도 시흥시 장현동 535-4,생활방범,4,200,360도,30,201112,031-310-6763,37.3815865,126.8008892,20241218
경기도 시흥시,경기도 시흥시 시청로 78,경기도 시흥시 장현동 538-1,생활방범,3,200,360도,30,201112,031-310-6763,37.3807783,126.7992469,20241218
경기도 시흥시,경기도 시흥시 장곡로70번길 12,경기도 시흥시 장곡동 797,생활방범,4,200,360도,30,201112,031-310-6763,37.38068,126.781145,20241218
경기도 시흥시,경기도 시흥시 장곡로70번길 7-3,경기도 시흥시 장곡동 801-2,생활방범,3,200,360도,30,201112,031-310-6763,37.3802964,126.7803077,20241218
경기도 시흥시,경기도 시흥시 장곡로54번길 27,경기도 시흥시 장곡동 795-6,생활방범,3,200,360도,30,201112,031-310-6763,37.3818529,126.7827102,20241218
경기도 시흥시,경기도 시흥시 황고개로 567,경기도 시흥시 장곡동 827,생활방범,3,200,360도,30,201112,031-310-6763,37.37936,126.7873912,20241218
경기도 시흥시,경기도 시흥시 황고개로 567,경기도 시흥시 장곡동 827,생활방범,3,200,360도,30,201112,031-310-6763,37.381283,126.7874499,20241218
경기도 시흥시,경기도 시흥시 나분들길 44,경기도 시흥시 광석동 96-1,생활방범,4,200,360도,30,201112,031-310-6763,37.3879186,126.819105,20241218
경기도 시흥시,경기도 시흥시 나분들길 44,경기도 시흥시 광석동 96-1,생활방범,3,200,360도,30,201112,031-310-6763,37.3887347,126.8182249,20241218
경기도 시흥시,경기도 시흥시 하중로231번길 11,경기도 시흥시 하중동 871-6,생활방범,4,200,360도,30,201112,031-310-6763,37.3913546,126.8070626,20241218
경기도 시흥시,경기도 시흥시 하중로209번길 10,경기도 시흥시 하중동 863,생활방범,3,200,360도,30,201112,031-310-6763,37.3926323,126.8075662,20241218
경기도 시흥시,경기도 시흥시 하중로209번길 10,경기도 시흥시 하중동 863,생활방범,4,200,360도,30,201112,031-310-6763,37.3923786,126.8066233,20241218
경기도 시흥시,경기도 시흥시 하중로173번길 11,경기도 시흥시 하중동 849,생활방범,3,200,360도,30,201112,031-310-6763,37.3957474,126.803955,20241218
경기도 시흥시,경기도 시흥시 상직길 47,경기도 시흥시 하상동 378-4,생활방범,4,200,360도,30,201112,031-310-6763,37.3902938,126.8153796,20241218
경기도 시흥시,,경기도 시흥시 포동 20-109,생활방범,3,200,360도,30,201112,031-310-6763,37.4055402,126.7848862,20241218
경기도 시흥시,,경기도 시흥시 포동 13-3,생활방범,4,200,360도,30,201112,031-310-6763,37.4063734,126.7847425,20241218
경기도 시흥시,경기도 시흥시 신현로202번길 31,경기도 시흥시 포동 20-17,생활방범,4,200,360도,30,201112,031-310-6763,37.4044811,126.7707786,20241218
경기도 시흥시,경기도 시흥시 신현로202번길 31,경기도 시흥시 포동 20-17,생활방범,4,200,360도,30,201112,031-310-6763,37.4051825,126.7717184,20241218
경기도 시흥시,경기도 시흥시 새우개1길 2,경기도 시흥시 포동 32-4,생활방범,4,200,360도,30,201112,031-310-6763,37.4034144,126.776565,20241218
경기도 시흥시,경기도 시흥시 월곶중앙로 18,경기도 시흥시 월곶동 994-2,생활방범,4,200,360도,30,201112,031-310-6763,37.3870655,126.7434756,20241218
경기도 시흥시,경기도 시흥시 월곶중앙로 18,경기도 시흥시 월곶동 994-2,생활방범,4,200,360도,30,201112,031-310-6763,37.3875212,126.7422597,20241218
경기도 시흥시,경기도 시흥시 월곶해안로 69,경기도 시흥시 월곶동 1010-5,생활방범,3,200,360도,30,201112,031-310-6763,37.3915688,126.7363336,20241218
경기도 시흥시,경기도 시흥시 수인로3409번길 18,경기도 시흥시 신천동 748-1,생활방범,4,200,360도,30,201312,031-310-6763,37.4405968,126.7794913,20241218
경기도 시흥시,경기도 시흥시 거북섬남로 45,경기도 시흥시 정왕동 2712,생활방범,4,200,360도,30,201712,031-310-6763,37.323603,126.685374,20241218
경기도 시흥시,경기도 시흥시 거북섬남로 47,경기도 시흥시 정왕동 2713-5,생활방범,4,200,360도,30,201712,031-310-6763,37.3222174,126.6873739,20241218
경기도 시흥시,,경기도 시흥시 정왕동 2732-1,생활방범,3,200,360도,30,201712,031-310-6763,37.321945,126.6912684,20241218
경기도 시흥시,,경기도 시흥시 정왕동 2737-1,생활방범,2,200,360도,30,201712,031-310-6763,37.3210536,126.6931572,20241218
경기도 시흥시,경기도 시흥시 엠티브이북로 43-26,경기도 시흥시 정왕동 2634,생활방범,4,200,360도,30,201712,031-310-6763,37.3316895,126.6894786,20241218
경기도 시흥시,경기도 시흥시 엠티브이북로 43-26,경기도 시흥시 정왕동 2634,생활방범,3,200,360도,30,201712,031-310-6763,37.3302775,126.68832,20241218
경기도 시흥시,경기도 시흥시 엠티브이28로 26,경기도 시흥시 정왕동 2644,생활방범,4,200,360도,30,201712,031-310-6763,37.3288418,126.694049,20241218
경기도 시흥시,경기도 시흥시 엠티브이28로 16,경기도 시흥시 정왕동 2645-1,생활방범,4,200,360도,30,201712,031-310-6763,37.3274535,126.69267,20241218
경기도 시흥시,경기도 시흥시 시화벤처로 158,경기도 시흥시 정왕동 205-1045,생활방범,2,200,360도,30,201712,031-310-6763,37.3261198,126.6983994,20241218
경기도 시흥시,경기도 시흥시 시화벤처로 155,경기도 시흥시 정왕동 2598-2,생활방범,2,200,360도,30,201712,031-310-6763,37.3261633,126.6986171,20241218
경기도 시흥시,경기도 시흥시 엠티브이27로58번길 22,경기도 시흥시 정왕동 2605-3,생활방범,3,200,360도,30,201712,031-310-6763,37.3251353,126.7033686,20241218
경기도 시흥시,경기도 시흥시 엠티브이26로 41,경기도 시흥시 정왕동 2606-3,생활방범,4,200,360도,30,201712,031-310-6763,37.3226199,126.7043274,20241218
경기도 시흥시,경기도 시흥시 엠티브이27로20번길 23,경기도 시흥시 정왕동 2650-4,생활방범,3,200,360도,30,201712,031-310-6763,37.3224704,126.7007782,20241218
경기도 시흥시,,경기도 시흥시 정왕동 2609-6,생활방범,2,200,360도,30,201712,031-310-6763,37.3219957,126.7102321,20241218
경기도 시흥시,경기도 시흥시 엠티브이26로58번길 56,경기도 시흥시 정왕동 2611-2,생활방범,2,200,360도,30,201712,031-310-6763,37.3214022,126.7092761,20241218
경기도 시흥시,경기도 시흥시 엠티브이26로20번길 29,경기도 시흥시 정왕동 2657-5,생활방범,3,200,360도,30,201712,031-310-6763,37.3192489,126.7057875,20241218
경기도 시흥시,,경기도 시흥시 정왕동 2657-4,생활방범,2,200,360도,30,201712,031-310-6763,37.3186196,126.7067989,20241218
경기도 시흥시,경기도 시흥시 시화호수전원2길 2-5,경기도 시흥시 정왕동 2746-4,생활방범,3,200,360도,30,201712,031-310-6763,37.3201535,126.6983443,20241218
경기도 시흥시,경기도 시흥시 시화호수전원2길 2-5,경기도 시흥시 정왕동 2746-4,생활방범,3,200,360도,30,201712,031-310-6763,37.3201726,126.6953262,20241218
경기도 시흥시,,경기도 시흥시 정왕동 1770-12,생활방범,3,200,360도,30,201712,031-310-6763,37.3188971,126.6971103,20241218
경기도 시흥시,경기도 시흥시 시화호수전원2길 26-3,경기도 시흥시 정왕동 2761,생활방범,4,200,360도,30,201712,031-310-6763,37.3192263,126.6981627,20241218
경기도 시흥시,,경기도 시흥시 정왕동 2801-5,생활방범,3,200,360도,30,201712,031-310-6763,37.3190003,126.6938888,20241218
경기도 시흥시,,경기도 시흥시 정왕동 2810,생활방범,3,200,360도,30,201712,031-310-6763,37.3181674,126.6965053,20241218
경기도 시흥시,경기도 시흥시 시화호수전원1길 47-23,경기도 시흥시 정왕동 2804-5,생활방범,3,200,360도,30,201712,031-310-6763,37.3178167,126.6973276,20241218
경기도 시흥시,경기도 시흥시 거북섬남로 77,경기도 시흥시 정왕동 2732,생활방범,2,200,360도,30,201712,031-310-6763,37.3218541,126.6879737,20241218
경기도 시흥시,,경기도 시흥시 정왕동 2810,생활방범,3,200,360도,30,201712,031-310-6763,37.3176729,126.6960295,20241218
경기도 시흥시,,경기도 시흥시 정왕동 2814-1,생활방범,3,200,360도,30,201712,031-310-6763,37.3169804,126.6983844,20241218
경기도 시흥시,경기도 시흥시 거북섬남로 77,경기도 시흥시 정왕동 2732,생활방범,2,200,360도,30,201712,031-310-6763,37.3214237,126.6886545,20241218
경기도 시흥시,경기도 시흥시 시화호수전원2길 45-5,경기도 시흥시 정왕동 2766-1,생활방범,3,200,360도,30,201712,031-310-6763,37.318834,126.70021,20241218
경기도 시흥시,경기도 시흥시 거북섬로 219,경기도 시흥시 정왕동 2713,생활방범,4,200,360도,30,201712,031-310-6763,37.323545,126.6886889,20241218
경기도 시흥시,,경기도 시흥시 정왕동 2795,생활방범,4,200,360도,30,201712,031-310-6763,37.3171531,126.6993373,20241218
경기도 시흥시,경기도 시흥시 시화호수전원2길 63-17,경기도 시흥시 정왕동 2775-6,생활방범,3,200,360도,30,201712,031-310-6763,37.3173208,126.7028726,20241218
경기도 시흥시,경기도 시흥시 시화호수전원2길 51-10,경기도 시흥시 정왕동 2778,생활방범,3,200,360도,30,201712,031-310-6763,37.3183663,126.7009368,20241218
경기도 시흥시,경기도 시흥시 시화호수전원2길 60-24,경기도 시흥시 정왕동 2796-7,생활방범,3,200,360도,30,201712,031-310-6763,37.3160717,126.7016776,20241218
경기도 시흥시,경기도 시흥시 시화호수전원2길 74-1,경기도 시흥시 정왕동 2787,생활방범,4,200,360도,30,201712,031-310-6763,37.3166574,126.702326,20241218
경기도 시흥시,경기도 시흥시 대은로 16-29,경기도 시흥시 은행동551-2,생활방범,4,200,360도,30,202212,031-310-6763,37.4421318,126.7959407,20241218
경기도 시흥시,경기도 시흥시 동서로1025번길 15,경기도 시흥시 조남동208-1,생활방범,3,200,360도,30,202212,031-310-6763,37.3818243,126.8551527,20241218
경기도 시흥시,,경기도 시흥시 거모동479-1,생활방범,4,200,360도,30,202212,031-310-6763,37.3545507,126.7717933,20241218
경기도 시흥시,,경기도 시흥시 정왕동2239-4,생활방범,5,200,360도,30,202212,031-310-6763,37.3574031,126.7507396,20241218
경기도 시흥시,경기도 시흥시 시청로72번길 31-1,경기도 시흥시 장현동528-6,생활방범,5,200,360도,30,202212,031-310-6763,37.3825073,126.8021979,20241218
경기도 시흥시,경기도 시흥시 동서로 645,경기도 시흥시 광석동154,생활방범,4,200,360도,30,202212,031-310-6763,37.3836442,126.8182932,20241218
경기도 시흥시,경기도 시흥시 포도원로79번길 12,경기도 시흥시 신천동 846-30,생활방범,3,200,360도,30,201812,031-310-6763,37.4366697,126.7832961,20241218
경기도 시흥시,경기도 시흥시 큰솔로 53-6,경기도 시흥시 정왕동 1519-6,생활방범,4,200,360도,30,201812,031-310-6763,37.3423423,126.7530973,20241218
경기도 시흥시,경기도 시흥시 뱀내장터로19번길 18,경기도 시흥시 대야동 491-44,생활방범,3,200,360도,30,201812,031-310-6763,37.4435072,126.7878691,20241218
경기도 시흥시,경기도 시흥시 복지로63번길 4-8,경기도 시흥시 대야동 468-12,생활방범,4,200,360도,30,201912,031-310-6763,37.4454628,126.7898102,20241218
경기도 시흥시,,경기도 시흥시 배곧동 252,차량방범,4,280,전방 10m ~ 20m,30,201712,031-310-6763,37.3652929,126.7273961,20241218
경기도 시흥시,,경기도 시흥시 배곧동 257,차량방범,2,280,전방 10m ~ 20m,30,201712,031-310-6763,37.3616736,126.7207618,20241218
경기도 시흥시,,경기도 시흥시 배곧동 257,차량방범,2,280,전방 10m ~ 20m,30,201712,031-310-6763,37.3615376,126.7205987,20241218
경기도 시흥시,경기도 시흥시 서울대학로 150-23,경기도 시흥시 배곧동 264,차량방범,4,280,전방 10m ~ 20m,30,201712,031-310-6763,37.3592854,126.7164421,20241218
경기도 시흥시,경기도 시흥시 서울대학로 150-23,경기도 시흥시 배곧동 264,차량방범,4,280,전방 10m ~ 20m,30,201712,031-310-6763,37.3589166,126.7165725,20241218
경기도 시흥시,,경기도 시흥시 배곧동 278,차량방범,2,280,전방 10m ~ 20m,30,201712,031-310-6763,37.3542144,126.7068835,20241218
경기도 시흥시,,경기도 시흥시 배곧동 278,차량방범,2,280,전방 10m ~ 20m,30,201712,031-310-6763,37.3540988,126.7071486,20241218
경기도 시흥시,,경기도 시흥시 배곧동 307,차량방범,3,280,전방 10m ~ 20m,30,201712,031-310-6763,37.3547432,126.7028582,20241218
경기도 시흥시,,경기도 시흥시 배곧동 307,차량방범,3,280,전방 10m ~ 20m,30,201712,031-310-6763,37.3547214,126.7026201,20241218
경기도 시흥시,,경기도 시흥시 정왕동 1893,차량방범,3,700,전방 10m ~ 20m,30,202012,031-310-6763,37.362982,126.725666,20241218
경기도 시흥시,,경기도 시흥시 정왕동 1893,차량방범,3,700,전방 10m ~ 20m,30,202012,031-310-6763,37.3632424,126.725319,20241218
경기도 시흥시,,경기도 시흥시 방산동 산95-12,차량방범,4,900,전방 10m ~ 20m,30,202112,031-310-6763,37.4242408,126.7709436,20241218
경기도 시흥시,,경기도 시흥시 방산동 산95-12,차량방범,4,900,전방 10m ~ 20m,30,202112,031-310-6763,37.4241358,126.7711832,20241218
경기도 시흥시,,경기도 시흥시 방산동 779-7,차량방범,4,900,전방 10m ~ 20m,30,202112,031-310-6763,37.4037999,126.7506622,20241218
경기도 시흥시,,경기도 시흥시 방산동 779-7,차량방범,4,900,전방 10m ~ 20m,30,202112,031-310-6763,37.4037632,126.7509187,20241218
경기도 시흥시,,경기도 시흥시 방산동 197-14,차량방범,3,900,전방 10m ~ 20m,30,202112,031-310-6763,37.4288107,126.7718837,20241218
경기도 시흥시,,경기도 시흥시 과림동 434-6,차량방범,2,900,전방 10m ~ 20m,30,202212,031-310-6763,37.4388754,126.8337267,20241218
경기도 시흥시,경기도 시흥시 정왕천로369번길 17-5,경기도 시흥시 정왕동 1432-8,쓰레기단속,2,200,전방 10~20m,7,201607,031-310-3105,37.341915,126.747286,20241218
경기도 시흥시,경기도 시흥시 정왕천로369번길 45-13,경기도 시흥시 정왕동 1588-8,쓰레기단속,2,200,전방 10~20m,7,201607,031-310-3105,37.343489,126.744772,20241218
경기도 시흥시,경기도 시흥시 군서로24번길 16,경기도 시흥시 정왕동 1191-11,쓰레기단속,2,200,전방 10~20m,7,201607,031-310-3105,37.345718,126.750262,20241218
경기도 시흥시,경기도 시흥시 군서마을로 54-1,경기도 시흥시 정왕동 1210-7,쓰레기단속,2,200,전방 10~20m,7,201607,031-310-3105,37.346357,126.746102,20241218
경기도 시흥시,경기도 시흥시 봉우재로51번길 9,경기도 시흥시 정왕동 1838-1,쓰레기단속,2,200,전방 10~20m,7,201607,031-310-3105,37.347479,126.744607,20241218
경기도 시흥시,경기도 시흥시 큰솔공원로7번길 15,경기도 시흥시 정왕동 1528-2,쓰레기단속,2,200,전방 10~20m,7,201607,031-310-3105,37.344095,126.756233,20241218
경기도 시흥시,경기도 시흥시 봉우재로23번길 3-4,경기도 시흥시 정왕동 1617-1,쓰레기단속,2,200,전방 10~20m,7,201607,031-310-3105,37.345056,126.742918,20241218
경기도 시흥시,경기도 시흥시 정왕천로369번길 35-5,경기도 시흥시 정왕동 1585-7,쓰레기단속,2,200,전방 10~20m,7,201607,031-310-3105,37.342908,126.745671,20241218
경기도 시흥시,경기도 시흥시 역전로290번길 19,경기도 시흥시 정왕동 2300-4,쓰레기단속,2,200,전방 10~20m,7,201607,031-310-3105,37.353319,126.740937,20241218
경기도 시흥시,경기도 시흥시 큰솔로12번안길 10-13,경기도 시흥시 정왕동 1420-18,쓰레기단속,2,200,전방 10~20m,7,201607,031-310-3105,37.338619,126.753869,20241218
경기도 시흥시,경기도 시흥시 큰솔로 67-8,경기도 시흥시 정왕동 1512,쓰레기단속,2,200,전방 10~20m,30,201401,031-310-3105,37.343851,126.754045,20241218
경기도 시흥시,경기도 시흥시 큰솔로46번길 4-1,경기도 시흥시 정왕동 1395-2,쓰레기단속,2,200,전방 10~20m,30,201401,031-310-3105,37.34112,126.753083,20241218
경기도 시흥시,경기도 시흥시 봉우재로23번길 3-10,경기도 시흥시 정왕동 1617-5,쓰레기단속,2,500,전방 10~20m,10,202205,031-310-3105,37.344743,126.74261,20241218
경기도 시흥시,경기도 시흥시 정왕천로439번길 1,경기도 시흥시 정왕동 1172-6,쓰레기단속,2,500,전방 10~20m,10,202205,031-310-3105,37.346361,126.753806,20241218
경기도 시흥시,경기도 시흥시 능곡동 814,경기도 시흥시 능곡동 814,쓰레기단속,2,500,전방 10~20m,10,202205,031-310-3105,37.363451,126.812467,20241218
경기도 시흥시,경기도 시흥시 동서로 1091-4,경기도 시흥시 조남동 171-53,생활방범,3,200,360도,30,201512,031-310-6763,37.3863597,126.8601663,20241218
경기도 시흥시,경기도 시흥시 수인로2421번길 31,경기도 시흥시 논곡동 193,생활방범,3,200,360도,30,201512,031-310-6763,37.3920127,126.8553793,20241218
경기도 시흥시,경기도 시흥시 월곶중앙로 64,경기도 시흥시 월곶동 1009-1,생활방범,3,200,360도,30,201112,031-310-6763,37.3897497,126.73661,20241218
경기도 시흥시,경기도 시흥시 정왕대로233번길 8,경기도 시흥시 정왕동 1621,생활방범,4,200,360도,30,201612,031-310-6763,37.345912,126.7398497,20241218
경기도 시흥시,경기도 시흥시 정왕천로355번길 2,경기도 시흥시 정왕동 1439-8,생활방범,4,200,360도,30,201612,031-310-6763,37.3404847,126.7480657,20241218
경기도 시흥시,경기도 시흥시 정왕대로337번길 38,경기도 시흥시 정왕동 1498,생활방범,4,200,360도,30,201612,031-310-6763,37.3423826,126.7512548,20241218
경기도 시흥시,경기도 시흥시 평안상가1길 1,경기도 시흥시 정왕동 1622,생활방범,3,200,360도,30,201612,031-310-6763,37.3392126,126.7479175,20241218
경기도 시흥시,경기도 시흥시 정왕신길로139번길 24,경기도 시흥시 정왕동 1394-1,생활방범,3,200,360도,30,201612,031-310-6763,37.3549351,126.7367981,20241218
경기도 시흥시,,경기도 시흥시 정왕동 1959,생활방범,3,200,360도,30,201612,031-310-6763,37.3431906,126.7322321,20241218
경기도 시흥시,경기도 시흥시 옥구상가1길 23,경기도 시흥시 정왕동 1853-1,생활방범,5,200,360도,30,201612,031-310-6763,37.3530566,126.7219426,20241218
경기도 시흥시,경기도 시흥시 오이도중앙로5번길 14-14,경기도 시흥시 정왕동 1983-7,생활방범,3,200,360도,30,201612,031-310-6763,37.3462194,126.6917543,20241218
경기도 시흥시,경기도 시흥시 오이도5길 21,경기도 시흥시 정왕동 2026-10,생활방범,3,200,360도,30,201612,031-310-6763,37.3424217,126.6884785,20241218
경기도 시흥시,경기도 시흥시 오이도로 137,경기도 시흥시 정왕동 1973-24,생활방범,3,200,360도,30,201612,031-310-6763,37.3484748,126.6887468,20241218
경기도 시흥시,경기도 시흥시 오이도로 223,경기도 시흥시 정왕동 2031-13,생활방범,3,200,360도,30,201612,031-310-6763,37.341246,126.6860962,20241218
경기도 시흥시,경기도 시흥시 오이도중앙로 24-2,경기도 시흥시 정왕동 1997-3,생활방범,3,200,360도,30,201612,031-310-6763,37.3462552,126.6898139,20241218
경기도 시흥시,경기도 시흥시 정왕대로53번길 14,경기도 시흥시 정왕동 1867-2,생활방범,3,200,360도,30,201612,031-310-6763,37.3565719,126.724738,20241218
경기도 시흥시,,경기도 시흥시 정왕동 1951,생활방범,3,200,360도,30,201612,031-310-6763,37.3493815,126.7222297,20241218
경기도 시흥시,경기도 시흥시 월곶해안로 147,경기도 시흥시 월곶동 1013-17,생활방범,3,200,360도,30,201612,031-310-6763,37.3881861,126.736162,20241218
경기도 시흥시,경기도 시흥시 범안로266번길 26,경기도 시흥시 계수동 337-3,생활방범,3,200,360도,30,201612,031-310-6763,37.4585763,126.8109814,20241218
경기도 시흥시,,경기도 시흥시 은행동 543-1,생활방범,4,200,360도,30,201612,031-310-6763,37.4442198,126.8015694,20241218
경기도 시흥시,,경기도 시흥시 금이동 554-79,생활방범,4,200,360도,30,201612,031-310-6763,37.388739,126.8282455,20241218
경기도 시흥시,,경기도 시흥시 산현동 345-13,생활방범,4,200,360도,30,201612,031-310-6763,37.3697408,126.8320318,20241218
경기도 시흥시,,경기도 시흥시 거모동 1163-19,생활방범,4,200,360도,30,201612,031-310-6763,37.3507838,126.7782679,20241218
경기도 시흥시,,경기도 시흥시 무지내동 263-2,생활방범,3,200,360도,30,201612,031-310-6763,37.4145758,126.845327,20241218
경기도 시흥시,경기도 시흥시 금오로292번길 51,경기도 시흥시 과림동 702,생활방범,5,200,360도,30,201612,031-310-6763,37.4289652,126.8406791,20241218
경기도 시흥시,경기도 시흥시 정왕신길로 13,경기도 시흥시 정왕동 1886-6,생활방범,3,200,360도,30,201612,031-310-6763,37.3598472,126.7237926,20241218
경기도 시흥시,경기도 시흥시 함송로 16,경기도 시흥시 정왕동 1882-1,생활방범,5,200,360도,30,201612,031-310-6763,37.364165,126.7286736,20241218
경기도 시흥시,,경기도 시흥시 정왕동 1886-39,생활방범,3,200,360도,30,201612,031-310-6763,37.3624728,126.7263203,20241218
경기도 시흥시,,경기도 시흥시 능곡동 479,생활방범,4,200,360도,30,201612,031-310-6763,37.3751074,126.8114181,20241218
경기도 시흥시,,경기도 시흥시 정왕동 2160,생활방범,4,200,360도,30,201612,031-310-6763,37.3369719,126.7545436,20241218
경기도 시흥시,경기도 시흥시 능곡중앙로 140,경기도 시흥시 능곡동 489,생활방범,3,200,360도,30,201612,031-310-6763,37.3759489,126.8126694,20241218
경기도 시흥시,경기도 시흥시 옥구천동로 434,경기도 시흥시 정왕동 1873-1,생활방범,5,200,360도,30,201612,031-310-6763,37.35819,126.7330371,20241218
경기도 시흥시,경기도 시흥시 옥구공원로 361,경기도 시흥시 정왕동 1784-6,생활방범,4,200,360도,30,201612,031-310-6763,37.3346496,126.7477084,20241218
경기도 시흥시,경기도 시흥시 대골안길 26-1,경기도 시흥시 대야동 458-3,생활방범,5,200,360도,30,201612,031-310-6763,37.4472458,126.7892245,20241218
경기도 시흥시,,경기도 시흥시 죽율동 592-4,생활방범,3,200,360도,30,201612,031-310-6763,37.3496243,126.7577561,20241218
경기도 시흥시,경기도 시흥시 역전로 369,경기도 시흥시 정왕동 1872-3,생활방범,3,200,360도,30,201612,031-310-6763,37.3580459,126.7344772,20241218
경기도 시흥시,,경기도 시흥시 월곶동 산26-6,생활방범,3,200,360도,30,201612,031-310-6763,37.3745872,126.773671,20241218
경기도 시흥시,경기도 시흥시 경기과기대로 140,경기도 시흥시 정왕동 1285,생활방범,5,200,360도,30,201612,031-310-6763,37.3286824,126.7279171,20241218
경기도 시흥시,경기도 시흥시 하중로136번길 16-1,경기도 시흥시 하중동 830-1,생활방범,4,200,360도,30,202012,031-310-6763,37.3993611,126.7992267,20241218
경기도 시흥시,경기도 시흥시 봉우재로51번길 15,경기도 시흥시 정왕동 1831-5,생활방범,4,200,360도,30,202012,031-310-6763,37.3478113,126.7442283,20241218
경기도 시흥시,경기도 시흥시 정왕천로432번길 5,경기도 시흥시 정왕동 1501-8,생활방범,4,200,360도,30,202012,031-310-6763,37.3455576,126.7539038,20241218
경기도 시흥시,경기도 시흥시 다솜마을2길 1,경기도 시흥시 정왕동 1802-1,생활방범,4,200,360도,30,202012,031-310-6763,37.3500427,126.7398814,20241218
경기도 시흥시,경기도 시흥시 봉우재로 23-24,경기도 시흥시 정왕동 1608-5,생활방범,4,200,360도,30,202012,031-310-6763,37.3466957,126.7416676,20241218
경기도 시흥시,경기도 시흥시 봉우재로37번길 28,경기도 시흥시 정왕동 1599-11,생활방범,4,200,360도,30,202012,031-310-6763,37.3476198,126.7421625,20241218
경기도 시흥시,경기도 시흥시 진말로 17,경기도 시흥시 장곡동821-6,생활방범,4,200,360도,30,202212,031-310-6763,37.3786969,126.7856677,20241218
경기도 시흥시,,경기도 시흥시 대야동420-46,생활방범,5,200,360도,30,202212,031-310-6763,37.4507651,126.7916927,20241218
경기도 시흥시,,경기도 시흥시 대야동209-1,생활방범,4,200,360도,30,202212,031-310-6763,37.452444,126.7911928,20241218
경기도 시흥시,경기도 시흥시 서해안로 1465,경기도 시흥시 신천동580-7,생활방범,3,200,360도,30,202212,031-310-6763,37.4404003,126.7746127,20241218
경기도 시흥시,경기도 시흥시 시흥대로 1146,경기도 시흥시 신천동83-38,생활방범,4,200,360도,30,202212,031-310-6763,37.4377437,126.7906708,20241218
경기도 시흥시,경기도 시흥시 수인로3325번길 47-1,경기도 시흥시 신천동866-5,생활방범,3,200,360도,30,202212,031-310-6763,37.4352237,126.789831,20241218
경기도 시흥시,,경기도 시흥시 신천동861-22,생활방범,4,200,360도,30,202212,031-310-6763,37.4349197,126.7885392,20241218
경기도 시흥시,경기도 시흥시 시흥대로1073번길 4-10,경기도 시흥시 신천동883-1,생활방범,4,200,360도,30,202212,031-310-6763,37.4327898,126.7925651,20241218
경기도 시흥시,,경기도 시흥시 신천동26-5,생활방범,4,200,360도,30,202212,031-310-6763,37.437311,126.7871423,20241218
경기도 시흥시,,경기도 시흥시 신천동184-9,생활방범,5,200,360도,30,202212,031-310-6763,37.4336521,126.7867327,20241218
경기도 시흥시,,경기도 시흥시 산현동196-4,생활방범,3,200,360도,30,202212,031-310-6763,37.3802113,126.8382236,20241218
경기도 시흥시,경기도 시흥시 동서로 1106,경기도 시흥시 목감동202-23,생활방범,3,200,360도,30,202212,031-310-6763,37.3874738,126.8609557,20241218
경기도 시흥시,경기도 시흥시 목감둘레로 99,경기도 시흥시 조남동674,생활방범,4,200,360도,30,202212,031-310-6763,37.371727,126.851936,20241218
경기도 시흥시,경기도 시흥시 옥구공원로 222,경기도 시흥시 정왕동1961,생활방범,4,200,360도,30,202212,031-310-6763,37.3426338,126.7329727,20241218
경기도 시흥시,경기도 시흥시 옥구공원로 90,경기도 시흥시 정왕동1953,생활방범,4,200,360도,30,202212,031-310-6763,37.3487443,126.7228545,20241218
경기도 시흥시,경기도 시흥시 시화호수전원2길 9-5,경기도 시흥시 정왕동2747-1,생활방범,4,200,360도,30,202212,031-310-6763,37.3208303,126.6969909,20241218
경기도 시흥시,경기도 시흥시 시화호수전원2길 31-7,경기도 시흥시 정왕동2752-1,생활방범,5,200,360도,30,202212,031-310-6763,37.3196234,126.6992174,20241218
경기도 시흥시,,경기도 시흥시 정왕동1868,생활방범,5,200,360도,30,202212,031-310-6763,37.3532993,126.730061,20241218
경기도 시흥시,경기도 시흥시 범안로539번길 40,경기도 시흥시 과림동324-1,생활방범,4,200,360도,30,202212,031-310-6763,37.445278,126.8333915,20241218
경기도 시흥시,경기도 시흥시 월곶중앙로14번길 50,경기도 시흥시 월곶동992-2,생활방범,5,200,360도,30,202212,031-310-6763,37.3909798,126.7425505,20241218
경기도 시흥시,,경기도 시흥시 월곶동952,생활방범,5,200,360도,30,202212,031-310-6763,37.3786723,126.7635675,20241218
경기도 시흥시,,경기도 시흥시 장현동253-3,생활방범,5,200,360도,30,202212,031-310-6763,37.3792759,126.8020625,20241218
경기도 시흥시,,경기도 시흥시 신천동산18-2,생활방범,4,200,360도,30,202212,031-310-6763,37.4448006,126.7806181,20241218
경기도 시흥시,,경기도 시흥시 은행동207-6,생활방범,5,200,360도,30,202212,031-310-6763,37.4300799,126.8043617,20241218
경기도 시흥시,,경기도 시흥시 은행동524-194,생활방범,5,200,360도,30,202212,031-310-6763,37.4278919,126.8045472,20241218
경기도 시흥시,,경기도 시흥시 은행동524-202,생활방범,5,200,360도,30,202212,031-310-6763,37.4236484,126.8054285,20241218
경기도 시흥시,,경기도 시흥시 미산동45-3,생활방범,4,200,360도,30,202212,031-310-6763,37.4184879,126.8004962,20241218
경기도 시흥시,,경기도 시흥시 매화동190-4,생활방범,4,200,360도,30,202212,031-310-6763,37.4147124,126.8159538,20241218
경기도 시흥시,,경기도 시흥시 정왕동1806-6,생활방범,4,200,360도,30,202212,031-310-6763,37.3504829,126.7420304,20241218
경기도 시흥시,경기도 시흥시 삼미시장1길 37,경기도 시흥시 신천동 743-2,생활방범,5,200,360도,30,201312,031-310-6763,37.4410695,126.7830851,20241218
경기도 시흥시,경기도 시흥시 수인로3381번길 14-1,경기도 시흥시 신천동 741-14,생활방범,5,200,360도,30,201312,031-310-6763,37.4399228,126.7824492,20241218
경기도 시흥시,경기도 시흥시 수인로3325번길 35-2,경기도 시흥시 신천동 859-1,생활방범,5,200,360도,30,201312,031-310-6763,37.4357239,126.7885851,20241218
경기도 시흥시,경기도 시흥시 신천로104번길 24,경기도 시흥시 신천동 779,생활방범,5,200,360도,30,201312,031-310-6763,37.4387999,126.7889198,20241218
경기도 시흥시,,경기도 시흥시 대야동 7-352,생활방범,4,200,360도,30,201312,031-310-6763,37.4661536,126.7843418,20241218
경기도 시흥시,,경기도 시흥시 대야동 420-80,생활방범,3,200,360도,30,201312,031-310-6763,37.4530538,126.7876392,20241218
경기도 시흥시,,경기도 시흥시 대야동 59-6,생활방범,4,200,360도,30,201312,031-310-6763,37.4578439,126.7862435,20241218
경기도 시흥시,경기도 시흥시 소래산길 37,경기도 시흥시 대야동 332-80,생활방범,4,200,360도,30,201312,031-310-6763,37.4507294,126.7858509,20241218
경기도 시흥시,,경기도 시흥시 대야동 318-2,생활방범,4,200,360도,30,201312,031-310-6763,37.4515943,126.7868752,20241218
경기도 시흥시,,경기도 시흥시 대야동 332-108,생활방범,3,200,360도,30,201312,031-310-6763,37.448815,126.7858427,20241218
경기도 시흥시,경기도 시흥시 대골안길 58,경기도 시흥시 대야동 487-11,생활방범,5,200,360도,30,201312,031-310-6763,37.4447971,126.7876818,20241218
경기도 시흥시,,경기도 시흥시 매화동 238-13,생활방범,4,200,360도,30,201312,031-310-6763,37.4149583,126.8120546,20241218
경기도 시흥시,경기도 시흥시 대야로 20,경기도 시흥시 대야동 469,생활방범,5,200,360도,30,201312,031-310-6763,37.4450858,126.789474,20241218
경기도 시흥시,,경기도 시흥시 정왕동 819-34,생활방범,4,200,360도,30,201512,031-310-6763,37.354349,126.7393024,20241218
경기도 시흥시,,경기도 시흥시 정왕동 806-22,생활방범,4,200,360도,30,201512,031-310-6763,37.3531474,126.7449323,20241218
경기도 시흥시,,경기도 시흥시 정왕동 2345,생활방범,4,200,360도,30,201512,031-310-6763,37.3523352,126.7405777,20241218
경기도 시흥시,경기도 시흥시 경기과기대로 283,경기도 시흥시 정왕동 2132,생활방범,3,200,360도,30,201512,031-310-6763,37.3402927,126.7354566,20241218
경기도 시흥시,경기도 시흥시 정왕대로233번길 27,경기도 시흥시 정왕동 1800-8,생활방범,3,200,360도,30,201512,031-310-6763,37.3472866,126.7411698,20241218
경기도 시흥시,경기도 시흥시 오이도로135번길 7,경기도 시흥시 정왕동 1974-12,생활방범,3,200,360도,30,201512,031-310-6763,37.3467898,126.6887423,20241218
경기도 시흥시,경기도 시흥시 장현능곡로 219,경기도 시흥시 능곡동 620,생활방범,3,200,360도,30,201512,031-310-6763,37.3688025,126.8149338,20241218
경기도 시흥시,경기도 시흥시 월곶중앙로 89,경기도 시흥시 월곶동 1011-5,생활방범,3,200,360도,30,201512,031-310-6763,37.3901098,126.7348988,20241218
경기도 시흥시,경기도 시흥시 월곶해안로161번길 7,경기도 시흥시 월곶동 1012,생활방범,3,200,360도,30,201512,031-310-6763,37.3893973,126.7356787,20241218
경기도 시흥시,,경기도 시흥시 신천동 764,생활방범,3,200,360도,30,201512,031-310-6763,37.4379003,126.7846742,20241218
경기도 시흥시,경기도 시흥시 시흥대로1073번길 40,경기도 시흥시 신천동 870-1,생활방범,3,200,360도,30,201512,031-310-6763,37.4330404,126.7896226,20241218
경기도 시흥시,경기도 시흥시 대은로 52,경기도 시흥시 은행동 551,생활방범,3,200,360도,30,201512,031-310-6763,37.4416405,126.7935638,20241218
경기도 시흥시,경기도 시흥시 대은로 52,경기도 시흥시 은행동 551,생활방범,3,200,360도,30,201512,031-310-6763,37.4418614,126.7940123,20241218
경기도 시흥시,,경기도 시흥시 정왕동 1504-2,생활방범,3,200,360도,30,201512,031-310-6763,37.3454528,126.7550421,20241218
경기도 시흥시,경기도 시흥시 역전로 50,경기도 시흥시 정왕동 2158,생활방범,3,200,360도,30,201512,031-310-6763,37.3402614,126.7568042,20241218
경기도 시흥시,경기도 시흥시 역전로 60-15,경기도 시흥시 정왕동 2156,생활방범,3,200,360도,30,201512,031-310-6763,37.3403253,126.7586571,20241218
경기도 시흥시,,경기도 시흥시 정왕동 1512,생활방범,5,200,360도,30,201512,031-310-6763,37.3432004,126.7543858,20241218
경기도 시흥시,경기도 시흥시 정왕대로233번길 21-1,경기도 시흥시 정왕동 1800-5,생활방범,3,200,360도,30,201512,031-310-6763,37.3489084,126.7407348,20241218
경기도 시흥시,,경기도 시흥시 정왕동 1581,생활방범,4,200,360도,30,201512,031-310-6763,37.3443547,126.7449169,20241218
경기도 시흥시,,경기도 시흥시 정왕동 1358,생활방범,3,200,360도,30,201512,031-310-6763,37.3371834,126.7162375,20241218
경기도 시흥시,경기도 시흥시 하중로173번길 23,경기도 시흥시 하중동 848,생활방범,3,200,360도,30,201512,031-310-6763,37.3952931,126.8044705,20241218
경기도 시흥시,,경기도 시흥시 하중동 612-2,생활방범,3,200,360도,30,201512,031-310-6763,37.3908227,126.8078006,20241218
경기도 시흥시,,경기도 시흥시 능곡동 781,생활방범,3,200,360도,30,201512,031-310-6763,37.3659173,126.8087971,20241218
경기도 시흥시,경기도 시흥시 능곡중앙로 50,경기도 시흥시 능곡동 766,생활방범,5,200,360도,30,201512,031-310-6763,37.3685754,126.8141854,20241218
경기도 시흥시,,경기도 시흥시 정왕동 1089-3,생활방범,4,200,360도,30,201512,031-310-6763,37.3480054,126.6927504,20241218
경기도 시흥시,경기도 시흥시 오이도로 241,경기도 시흥시 정왕동 2042-22,생활방범,5,200,360도,30,201512,031-310-6763,37.3407022,126.6882499,20241218
경기도 시흥시,,경기도 시흥시 정왕동 2201,생활방범,4,200,360도,30,201512,031-310-6763,37.3404865,126.6899239,20241218
경기도 시흥시,,경기도 시흥시 정왕동 1033-5,생활방범,3,200,360도,30,201512,031-310-6763,37.3386106,126.6922134,20241218
경기도 시흥시,,경기도 시흥시 정왕동 2376-1,생활방범,3,200,360도,30,201512,031-310-6763,37.3339744,126.6868858,20241218
경기도 시흥시,,경기도 시흥시 정왕동 2377,생활방범,4,200,360도,30,201512,031-310-6763,37.3256984,126.6555118,20241218
경기도 시흥시,,경기도 시흥시 정왕동 2377,생활방범,4,200,360도,30,201512,031-310-6763,37.3249157,126.6552959,20241218
경기도 시흥시,경기도 시흥시 복지로43번길 27,경기도 시흥시 대야동 494-9,생활방범,3,200,360도,30,201512,031-310-6763,37.4444746,126.7861049,20241218
경기도 시흥시,,경기도 시흥시 도창동 110-4,생활방범,3,200,360도,30,201512,031-310-6763,37.4087345,126.8186026,20241218
경기도 시흥시,경기도 시흥시 대야로3번길 4,경기도 시흥시 대야동 488-33,생활방범,4,200,360도,30,201912,031-310-6763,37.4440245,126.7886828,20241218
경기도 시흥시,,경기도 시흥시 배곧동 209,생활방범,4,200,360도,30,201712,031-310-6763,37.3671464,126.7302801,20241218
경기도 시흥시,,경기도 시흥시 배곧동 211,생활방범,4,200,360도,30,201712,031-310-6763,37.3669942,126.7300333,20241218
경기도 시흥시,,경기도 시흥시 배곧동 11,생활방범,4,200,360도,30,201712,031-310-6763,37.3830151,126.7327479,20241218
경기도 시흥시,경기도 시흥시 배곧4로 81-80,경기도 시흥시 배곧동 62,생활방범,3,200,360도,30,201712,031-310-6763,37.375554,126.7340801,20241218
경기도 시흥시,경기도 시흥시 배곧4로 81-80,경기도 시흥시 배곧동 62,생활방범,3,200,360도,30,201712,031-310-6763,37.3751635,126.7349995,20241218
경기도 시흥시,,경기도 시흥시 배곧동 196-3,생활방범,3,200,360도,30,201712,031-310-6763,37.3690899,126.7282833,20241218
경기도 시흥시,,경기도 시흥시 배곧동 228-1,생활방범,4,200,360도,30,201712,031-310-6763,37.3674685,126.7279274,20241218
경기도 시흥시,,경기도 시흥시 배곧동 290,생활방범,4,200,360도,30,201712,031-310-6763,37.3598483,126.7092305,20241218
경기도 시흥시,경기도 시흥시 오동마을로45번길 27,경기도 시흥시 정왕동 2314-34,생활방범,3,200,360도,30,201612,031-310-6763,37.3537252,126.7475977,20241218
경기도 시흥시,경기도 시흥시 큰솔공원로17번길 2,경기도 시흥시 정왕동 1534-8,생활방범,4,200,360도,30,201612,031-310-6763,37.3424443,126.7561701,20241218
경기도 시흥시,,경기도 시흥시 죽율동 725-3,생활방범,4,200,360도,30,201612,031-310-6763,37.3433509,126.7592813,20241218
경기도 시흥시,경기도 시흥시 큰솔로42번길 31,경기도 시흥시 정왕동 1397-8,생활방범,4,200,360도,30,201612,031-310-6763,37.3393644,126.7554761,20241218
경기도 시흥시,경기도 시흥시 군서마을로 46-2,경기도 시흥시 정왕동 1212-16,생활방범,5,200,360도,30,201612,031-310-6763,37.3457504,126.7468326,20241218
경기도 시흥시,,경기도 시흥시 대야동 690,생활방범,5,200,360도,30,202012,031-310-6763,37.4484381,126.7980847,20241218
경기도 시흥시,,경기도 시흥시 은행동 622,생활방범,3,200,360도,30,202012,031-310-6763,37.442209,126.8056641,20241218
경기도 시흥시,,경기도 시흥시 은행동 601-145,생활방범,4,200,360도,30,202012,031-310-6763,37.4424665,126.8085266,20241218
경기도 시흥시,,경기도 시흥시 은행동 622,생활방범,4,200,360도,30,202012,031-310-6763,37.4428412,126.8061165,20241218
경기도 시흥시,경기도 시흥시 은계중앙로 165,경기도 시흥시 은행동 626,생활방범,4,200,360도,30,202012,031-310-6763,37.4402843,126.8078557,20241218
경기도 시흥시,경기도 시흥시 은계로142번길 7-15,경기도 시흥시 은행동 639-1,생활방범,4,200,360도,30,202012,031-310-6763,37.4362722,126.8052926,20241218
경기도 시흥시,경기도 시흥시 은계로142번길 3-9,경기도 시흥시 은행동 638-3,생활방범,5,200,360도,30,202012,031-310-6763,37.4355484,126.8048553,20241218
경기도 시흥시,경기도 시흥시 은계로142번길 14,경기도 시흥시 은행동 641-8,생활방범,3,200,360도,30,202012,031-310-6763,37.4347901,126.8059005,20241218
경기도 시흥시,경기도 시흥시 은계번영길 28,경기도 시흥시 은행동 645-5,생활방범,4,200,360도,30,202012,031-310-6763,37.436431,126.8037156,20241218
경기도 시흥시,경기도 시흥시 은계중앙로 218,경기도 시흥시 은행동 608-14,생활방범,4,200,360도,30,202012,031-310-6763,37.4439098,126.805553,20241218
경기도 시흥시,경기도 시흥시 은계중앙로 246,경기도 시흥시 은행동 608-4,생활방범,4,200,360도,30,202012,031-310-6763,37.4456866,126.8038882,20241218
경기도 시흥시,경기도 시흥시 은계로142번길 3-1,경기도 시흥시 은행동 638-8,생활방범,5,200,360도,30,202012,031-310-6763,37.4347429,126.8044728,20241218
경기도 시흥시,,경기도 시흥시 은행동 622,생활방범,3,200,360도,30,202012,031-310-6763,37.4416451,126.8067163,20241218
경기도 시흥시,,경기도 시흥시 은행동 622,생활방범,3,200,360도,30,202012,031-310-6763,37.4420346,126.8066573,20241218
경기도 시흥시,경기도 시흥시 정왕천로369번길 21-2,경기도 시흥시 정왕동 1434-1,생활방범,5,200,360도,30,202012,031-310-6763,37.3425614,126.7473242,20241218
경기도 시흥시,경기도 시흥시 정왕천로375번길 62-1,경기도 시흥시 정왕동 1574-3,생활방범,4,200,360도,30,202012,031-310-6763,37.3449885,126.7455448,20241218
경기도 시흥시,경기도 시흥시 정왕천로369번길 17-10,경기도 시흥시 정왕동 1433-5,생활방범,4,200,360도,30,202012,031-310-6763,37.3417169,126.7468537,20241218
경기도 시흥시,경기도 시흥시 큰솔로41번길 12-1,경기도 시흥시 정왕동 1498-20,생활방범,4,200,360도,30,202012,031-310-6763,37.3417466,126.751454,20241218
경기도 시흥시,경기도 시흥시 봉우재로 10,경기도 시흥시 정왕동 1593-6,생활방범,4,200,360도,30,202012,031-310-6763,37.343978,126.7432237,20241218
경기도 시흥시,경기도 시흥시 거북섬둘레길 1,경기도 시흥시 정왕동 2706-12,생활방범,3,200,360도,30,201712,031-310-6763,37.3249213,126.6755765,20241218
경기도 시흥시,,경기도 시흥시 정왕동 SCT-011,생활방범,3,200,360도,30,201712,031-310-6763,37.3299334,126.6831777,20241218
경기도 시흥시,,경기도 시흥시 정왕동 2684-1,생활방범,4,200,360도,30,201712,031-310-6763,37.3287628,126.680152,20241218
경기도 시흥시,경기도 시흥시 시화호수로 50,경기도 시흥시 정왕동 2692,생활방범,3,200,360도,30,201712,031-310-6763,37.3287649,126.6850776,20241218
경기도 시흥시,경기도 시흥시 거북섬1길 17,경기도 시흥시 정왕동 2706-5,생활방범,2,200,360도,30,201712,031-310-6763,37.3264124,126.6761733,20241218
경기도 시흥시,,경기도 시흥시 정왕동 2690(SCT-015),생활방범,4,200,360도,30,201712,031-310-6763,37.3269589,126.6831616,20241218
경기도 시흥시,경기도 시흥시 거북섬공원로 5,경기도 시흥시 정왕동 2698-1,생활방범,3,200,360도,30,201712,031-310-6763,37.3247295,126.6810745,20241218
경기도 시흥시,경기도 시흥시 거북섬중앙로 1,경기도 시흥시 정왕동 2709-4,생활방범,4,200,360도,30,201712,031-310-6763,37.3262249,126.6843474,20241218
경기도 시흥시,,경기도 시흥시 정왕동 2690,생활방범,4,200,360도,30,201712,031-310-6763,37.3226024,126.6837032,20241218
경기도 시흥시,경기도 시흥시 거북섬로 104,경기도 시흥시 정왕동 2729,생활방범,3,200,360도,30,201712,031-310-6763,37.3214709,126.678185,20241218
경기도 시흥시,,경기도 시흥시 정왕동 2724-1,생활방범,2,200,360도,30,201712,031-310-6763,37.3212157,126.6792713,20241218
경기도 시흥시,경기도 시흥시 거북섬로 120,경기도 시흥시 정왕동 2727,생활방범,2,200,360도,30,201712,031-310-6763,37.3208707,126.6795414,20241218
경기도 시흥시,경기도 시흥시 거북섬로 130,경기도 시흥시 정왕동 2731-4,생활방범,3,200,360도,30,201712,031-310-6763,37.3205818,126.6802441,20241218
경기도 시흥시,,경기도 시흥시 정왕동 2692-2,생활방범,4,200,360도,30,201712,031-310-6763,37.3280963,126.6861521,20241218
경기도 시흥시,경기도 시흥시 거북섬로 219,경기도 시흥시 정왕동 2713,생활방범,4,200,360도,30,201712,031-310-6763,37.3254135,126.6905106,20241218
경기도 시흥시,,경기도 시흥시 매화동 131-1 (주신전자 옆 공원),생활방범,4,200,360도,30,202312,031-310-6763,37.4166881,126.8186939,20241218
경기도 시흥시,,경기도 시흥시 매화동 118-1 (주신전자 옆 공원),생활방범,5,200,360도,30,202312,031-310-6763,37.4190985,126.8170975,20241218
경기도 시흥시,,경기도 시흥시 매화동 165 (대신자동화 삼거리),생활방범,4,200,360도,30,202312,031-310-6763,37.4184223,126.8166403,20241218
경기도 시흥시,,경기도 시흥시 도창동 산 25-10 (지식산업센터 삼거리),생활방범,5,200,360도,30,202312,031-310-6763,37.4136901,126.8214229,20241218
경기도 시흥시,,경기도 시흥시 도창동 21-2 (대건특장 옆 삼거리),생활방범,5,200,360도,30,202312,031-310-6763,37.4120727,126.8227912,20241218
경기도 시흥시,,경기도 시흥시 도창동 19-12 (서암테크 앞 사거리),생활방범,4,200,360도,30,202312,031-310-6763,37.4082736,126.8252447,20241218
경기도 시흥시,,경기도 시흥시 도창동 12-2 (신진이엔지 옆 공원),생활방범,4,200,360도,30,202312,031-310-6763,37.4106919,126.824768,20241218
경기도 시흥시,,경기도 시흥시 도창동 26-1 (한국금기부품 주변공원),생활방범,5,200,360도,30,202312,031-310-6763,37.4100229,126.8238006,20241218
경기도 시흥시,,경기도 시흥시 도창동 31-4 (경동택배 앞 공원),생활방범,5,200,360도,30,202312,031-310-6763,37.4124968,126.8214676,20241218
경기도 시흥시,,경기도 시흥시 매화동 155,생활방범,5,200,360도,30,202312,031-310-6763,37.4163168,126.8229983,20241218
경기도 시흥시,,경기도 시흥시 매화동 155,생활방범,5,200,360도,30,202312,031-310-6763,37.4160318,126.8225972,20241218
경기도 시흥시,,경기도 시흥시 매화동 155,생활방범,4,200,360도,30,202312,031-310-6763,37.4160914,126.8232139,20241218
경기도 시흥시,,경기도 시흥시 매화동 155,생활방범,4,200,360도,30,202312,031-310-6763,37.4159796,126.8239101,20241218
경기도 시흥시,,경기도 시흥시 매화동 155,생활방범,6,200,360도,30,202312,031-310-6763,37.4164426,126.8226415,20241218
경기도 시흥시,,경기도 시흥시 매화동 155,생활방범,3,200,360도,30,202312,031-310-6763,37.4165431,126.8234278,20241218
경기도 시흥시,,경기도 시흥시 매화동 155,생활방범,4,200,360도,30,202312,031-310-6763,37.4161612,126.8245944,20241218
경기도 시흥시,,경기도 시흥시 죽율동 610,생활방범,5,200,360도,30,202112,031-310-6763,37.3491755,126.7603098,20241218
경기도 시흥시,,경기도 시흥시 죽율동 610,생활방범,4,200,360도,30,202112,031-310-6763,37.3495327,126.7600715,20241218
경기도 시흥시,,경기도 시흥시 죽율동 610,생활방범,5,200,360도,30,202112,031-310-6763,37.3498614,126.7596796,20241218
경기도 시흥시,,경기도 시흥시 죽율동 610,생활방범,4,200,360도,30,202112,031-310-6763,37.3489606,126.7597703,20241218
경기도 시흥시,경기도 시흥시 동서로 810,경기도 시흥시 물왕동218-1,생활방범,5,200,360도,30,202112,031-310-6763,37.3843672,126.8350922,20241218
경기도 시흥시,,경기도 시흥시 물왕동94-5,생활방범,3,200,360도,30,202112,031-310-6763,37.3831313,126.8390702,20241218
경기도 시흥시,,경기도 시흥시 물왕동70-1,생활방범,3,200,360도,30,202112,031-310-6763,37.3812841,126.8415905,20241218
경기도 시흥시,경기도 시흥시 수인로3287번길 14,경기도 시흥시 은행동109-21,생활방범,5,200,360도,30,202212,031-310-6763,37.4386164,126.794628,20241218
경기도 시흥시,경기도 시흥시 수인로 3249-8,경기도 시흥시 은행동520-8,생활방범,4,200,360도,30,202212,031-310-6763,37.4380449,126.7964599,20241218
경기도 시흥시,경기도 시흥시 검바위1로 6,경기도 시흥시 은행동322-7,생활방범,4,200,360도,30,202212,031-310-6763,37.4296691,126.7939947,20241218
경기도 시흥시,,경기도 시흥시  정왕동 2202-5,차량방범,2,700,전방 10m ~ 20m,30,201212,031-310-6763,37.3352662,126.6914994,20241218
경기도 시흥시,,경기도 시흥시  정왕동 2376-1,차량방범,2,700,전방 10m ~ 20m,30,201512,031-310-6763,37.3292793,126.6699211,20241218
경기도 시흥시,,경기도 시흥시 목감동 산 58-4,차량방범,4,280,전방 10m ~ 20m,30,201612,031-310-6763,37.3825509,126.8639825,20241218
경기도 시흥시,,경기도 시흥시 목감동 산 58-4,차량방범,4,280,전방 10m ~ 20m,30,201612,031-310-6763,37.3822497,126.8640869,20241218
경기도 시흥시,,경기도 시흥시 조남동 114-1,차량방범,2,280,전방 10m ~ 20m,30,201612,031-310-6763,37.3795221,126.8667632,20241218
경기도 시흥시,,경기도 시흥시 조남동 177-20,차량방범,2,280,전방 10m ~ 20m,30,201612,031-310-6763,37.3820111,126.8581331,20241218
경기도 시흥시,,경기도 시흥시 물왕동 57-4,차량방범,2,280,전방 10m ~ 20m,30,201612,031-310-6763,37.3794428,126.8445448,20241218
경기도 시흥시,,경기도 시흥시 물왕동 57-4,차량방범,2,280,전방 10m ~ 20m,30,201612,031-310-6763,37.3792216,126.8443565,20241218
경기도 시흥시,경기도 시흥시 마산로 128,경기도 시흥시 조남동 461-3,차량방범,2,280,전방 10m ~ 20m,30,201612,031-310-6763,37.3699683,126.8594876,20241218
경기도 시흥시,,경기도 시흥시 배곧동 20-3,차량방범,2,280,전방 10m ~ 20m,30,201712,031-310-6763,37.3822922,126.7418579,20241218
경기도 시흥시,,경기도 시흥시 배곧동 20-3,차량방범,2,280,전방 10m ~ 20m,30,201712,031-310-6763,37.3826717,126.7414859,20241218
경기도 시흥시,,경기도 시흥시 배곧동 24,차량방범,2,280,전방 10m ~ 20m,30,201712,031-310-6763,37.3752026,126.7382589,20241218
경기도 시흥시,경기도 시흥시 배곧4로 94-58,경기도 시흥시 배곧동 171,차량방범,2,280,전방 10m ~ 20m,30,201712,031-310-6763,37.3720239,126.7373262,20241218
경기도 시흥시,경기도 시흥시 배곧4로 94-58,경기도 시흥시 배곧동 171,차량방범,2,280,전방 10m ~ 20m,30,201712,031-310-6763,37.3718652,126.7372209,20241218
경기도 시흥시,,경기도 시흥시 배곧동 203,차량방범,3,280,전방 10m ~ 20m,30,201712,031-310-6763,37.3688343,126.7330089,20241218
경기도 시흥시,,경기도 시흥시 배곧동 203,차량방범,4,280,전방 10m ~ 20m,30,201712,031-310-6763,37.3686756,126.7329036,20241218
경기도 시흥시,,경기도 시흥시 배곧동 252,차량방범,3,280,전방 10m ~ 20m,30,201712,031-310-6763,37.3654412,126.7275412,20241218
경기도 시흥시,경기도 시흥시 찬우물1길 26,경기도 시흥시 은행동 350-4,생활방범,3,200,360도,30,201412,031-310-6763,37.4257524,126.7950726,20241218
경기도 시흥시,,경기도 시흥시 매화동 66-1,생활방범,3,200,360도,30,201412,031-310-6763,37.418371,126.81182,20241218
경기도 시흥시,경기도 시흥시 은행로 179,경기도 시흥시 대야동 571-1,생활방범,4,200,360도,30,201412,031-310-6763,37.4460395,126.7963976,20241218
경기도 시흥시,,경기도 시흥시 무지내동 1-1,생활방범,1,200,360도,30,201412,031-310-6763,37.4265206,126.8413156,20241218
경기도 시흥시,,경기도 시흥시 신천동 458-4,생활방범,3,200,360도,30,201412,031-310-6763,37.4377139,126.7796939,20241218
경기도 시흥시,,경기도 시흥시 신천동 683-8,생활방범,3,200,360도,30,201412,031-310-6763,37.4358076,126.7800751,20241218
경기도 시흥시,경기도 시흥시 복지로91번길 4-2,경기도 시흥시 대야동 443-4,생활방범,4,200,360도,30,201412,031-310-6763,37.4475688,126.790858,20241218
경기도 시흥시,경기도 시흥시 정왕천로369번길 30,경기도 시흥시 정왕동 1569,생활방범,5,200,360도,30,201412,031-310-6763,37.3431456,126.7463857,20241218
경기도 시흥시,,경기도 시흥시 거모동 1642-2,생활방범,3,200,360도,30,201412,031-310-6763,37.3405266,126.7884891,20241218
경기도 시흥시,,경기도 시흥시 거모동 1678-80,생활방범,3,200,360도,30,201412,031-310-6763,37.3393629,126.7874696,20241218
경기도 시흥시,,경기도 시흥시 신천동 83-100,생활방범,3,200,360도,30,201412,031-310-6763,37.4378773,126.7929913,20241218
경기도 시흥시,경기도 시흥시 수인로3287번길 18,경기도 시흥시 은행동 109-30,생활방범,3,200,360도,30,201412,031-310-6763,37.4381745,126.7951373,20241218
경기도 시흥시,경기도 시흥시 복지로43번길 3-1,경기도 시흥시 대야동 491-50,생활방범,3,200,360도,30,201512,031-310-6763,37.4435439,126.7884818,20241218
경기도 시흥시,,경기도 시흥시 신천동 35-29,생활방범,3,200,360도,30,201512,031-310-6763,37.4359025,126.7900218,20241218
경기도 시흥시,경기도 시흥시 미산로 85,경기도 시흥시 미산동 78-1,생활방범,3,200,360도,30,201512,031-310-6763,37.4211009,126.7975195,20241218
경기도 시흥시,,경기도 시흥시 안현동 116-8,생활방범,3,200,360도,30,201512,031-310-6763,37.432237,126.8106493,20241218
경기도 시흥시,경기도 시흥시 매화로39번길 34,경기도 시흥시 매화동 190-1,생활방범,3,200,360도,30,201512,031-310-6763,37.4143363,126.8165152,20241218
경기도 시흥시,,경기도 시흥시 조남동 44-10,생활방범,3,200,360도,30,201512,031-310-6763,37.3805487,126.8695032,20241218
경기도 시흥시,경기도 시흥시 피울길 218-2,경기도 시흥시 산현동 429,생활방범,3,200,360도,30,201512,031-310-6763,37.3691478,126.8241298,20241218
경기도 시흥시,경기도 시흥시 군서마을로 18-1,경기도 시흥시 정왕동 1213-10,생활방범,5,200,360도,30,201512,031-310-6763,37.3441629,126.7493347,20241218
경기도 시흥시,,경기도 시흥시 하중동 284-5,생활방범,3,200,360도,30,201512,031-310-6763,37.400384,126.801792,20241218
경기도 시흥시,,경기도 시흥시 하중동 산 2-10,생활방범,3,200,360도,30,201512,031-310-6763,37.4001757,126.8084272,20241218
경기도 시흥시,,경기도 시흥시 군자동 159-17,생활방범,3,200,360도,30,201512,031-310-6763,37.3637528,126.8058165,20241218
경기도 시흥시,경기도 시흥시 신현로 287,경기도 시흥시 방산동 695-11,생활방범,3,200,360도,30,201512,031-310-6763,37.4081872,126.7642505,20241218
경기도 시흥시,경기도 시흥시 큰솔로56번길 3-11,경기도 시흥시 정왕동 1546,생활방범,4,200,360도,30,202012,031-310-6763,37.3426256,126.7545987,20241218
경기도 시흥시,경기도 시흥시 포도원로79번길 11-7,경기도 시흥시 신천동 843-24,생활방범,4,200,360도,30,202012,031-310-6763,37.4371621,126.7823675,20241218
경기도 시흥시,경기도 시흥시 신천로83번길 20,경기도 시흥시 신천동 762,생활방범,4,200,360도,30,202012,031-310-6763,37.4378678,126.7833525,20241218
경기도 시흥시,경기도 시흥시 정왕대로337번길 10,경기도 시흥시 정왕동 1413-7,생활방범,4,200,360도,30,202012,031-310-6763,37.3400921,126.7492269,20241218
경기도 시흥시,경기도 시흥시 큰솔로12번안길 10-18,경기도 시흥시 정왕동 1425,생활방범,4,200,360도,30,202012,031-310-6763,37.3383057,126.7540188,20241218
경기도 시흥시,경기도 시흥시 큰솔로12번안길 23,경기도 시흥시 정왕동 1407-6,생활방범,4,200,360도,30,202012,031-310-6763,37.3402757,126.7525366,20241218
경기도 시흥시,경기도 시흥시 호현로 203,경기도 시흥시 대야동 81-1,생활방범,4,200,360도,30,202012,031-310-6763,37.4575931,126.7881713,20241218
경기도 시흥시,,경기도 시흥시 대야동 산171-1,생활방범,5,200,360도,30,202012,031-310-6763,37.4500493,126.7834837,20241218
경기도 시흥시,경기도 시흥시 오이도4길 12,경기도 시흥시 정왕동 2025-1,생활방범,5,200,360도,30,202012,031-310-6763,37.343185,126.6894706,20241218
경기도 시흥시,경기도 시흥시 오이도중앙로6번길 11,경기도 시흥시 정왕동 1974-1,생활방범,4,200,360도,30,202012,031-310-6763,37.3479566,126.6896543,20241218
경기도 시흥시,경기도 시흥시 오이도9길 1,경기도 시흥시 정왕동 2032-7,생활방범,4,200,360도,30,202012,031-310-6763,37.3415571,126.6869715,20241218
경기도 시흥시,경기도 시흥시 옥터로 26-10,경기도 시흥시 정왕동 1989-18,생활방범,4,200,360도,30,202012,031-310-6763,37.3459162,126.6908639,20241218
경기도 시흥시,경기도 시흥시 오이도1길 26-1,경기도 시흥시 정왕동 2022-6,생활방범,5,200,360도,30,202012,031-310-6763,37.3420262,126.6902436,20241218
경기도 시흥시,,경기도 시흥시 하상동 386,생활방범,4,200,360도,30,202012,031-310-6763,37.3950493,126.8140158,20241218
경기도 시흥시,,경기도 시흥시 하상동 342-2,생활방범,4,200,360도,30,202012,031-310-6763,37.38964,126.8123993,20241218
경기도 시흥시,경기도 시흥시 하중로173번길 6,경기도 시흥시 하중동 850-8,생활방범,4,200,360도,30,202012,031-310-6763,37.3958973,126.8030873,20241218
경기도 시흥시,경기도 시흥시 뱀내장터로 21,경기도 시흥시 대야동 500-3,교통단속,3,200,360도,30,200801,031-310-5132,37.4418858,126.7867492,20241218
경기도 시흥시,,경기도 시흥시 월곶동 520-158,교통단속,3,200,360도,30,200801,031-310-5132,37.3957957,126.740505,20241218
경기도 시흥시,경기도 시흥시 봉우재로 23-32,경기도 시흥시 정왕동 1608,교통단속,4,200,360도,30,200801,031-310-5132,37.3467998,126.7409851,20241218
경기도 시흥시,경기도 시흥시 장현능곡로 178,경기도 시흥시 능곡동 719,교통단속,4,200,360도,30,200701,031-310-5132,37.369635,126.810225,20241218
경기도 시흥시,경기도 시흥시 승지로 49,경기도 시흥시 능곡동 724,교통단속,4,200,360도,30,201201,031-310-5132,37.3683146,126.8097554,20241218
경기도 시흥시,경기도 시흥시 서해안로 1605,경기도 시흥시 대야동 332-92,교통단속,3,200,360도,30,201402,031-310-5132,37.4481386,126.7861468,20241218
경기도 시흥시,경기도 시흥시 협력로 281,경기도 시흥시 정왕동 2164-2,교통단속,3,200,360도,30,201402,031-310-5132,37.3511671,126.7154461,20241218
경기도 시흥시,경기도 시흥시 역전로 435,경기도 시흥시 정왕동 1877-4,교통단속,4,200,360도,30,201406,031-310-5132,37.3637773,126.7379843,20241218
경기도 시흥시,경기도 시흥시 장곡로53번길 11,경기도 시흥시 장곡동 810-1,교통단속,4,200,360도,30,201406,031-310-5132,37.3782688,126.7825908,20241218
경기도 시흥시,경기도 시흥시 진말로9번길 2,경기도 시흥시 장곡동 820-5,교통단속,4,200,360도,30,201601,031-310-5132,37.3782126,126.785641,20241218
경기도 시흥시,경기도 시흥시 정왕대로233번길 38,경기도 시흥시 정왕동 1599,교통단속,4,200,360도,30,201601,031-310-5132,37.3481575,126.7422239,20241218
경기도 시흥시,경기도 시흥시 정왕천로 395,경기도 시흥시 정왕동 1215-7,교통단속,4,200,360도,30,201601,031-310-5132,37.3432379,126.7507765,20241218
경기도 시흥시,경기도 시흥시 정왕시장길 38,경기도 시흥시 정왕동 1557,교통단속,4,200,360도,30,201601,031-310-5132,37.3446231,126.7478597,20241218
경기도 시흥시,경기도 시흥시 서울대학로278번길 25-24,경기도 시흥시 정왕동 2518,교통단속,3,200,360도,30,201701,031-310-5132,37.3695689,126.7300502,20241218
경기도 시흥시,경기도 시흥시 배곧3로 122,경기도 시흥시 정왕동 2540,교통단속,3,200,360도,30,201701,031-310-5132,37.3690194,126.7322913,20241218
경기도 시흥시,경기도 시흥시 서울대학로278번길 67,경기도 시흥시 정왕동 2537,교통단속,4,200,360도,30,201701,031-310-5132,37.3696379,126.7312151,20241218
경기도 시흥시,경기도 시흥시 배곧3로 80,경기도 시흥시 정왕동 2513,교통단속,5,200,360도,30,201801,031-310-5132,37.3708805,126.7290028,20241218
경기도 시흥시,경기도 시흥시 서울대학로278번길 43-7,경기도 시흥시 정왕동 2519-1,교통단속,4,200,360도,30,201801,031-310-5132,37.368409,126.728925,20241218
경기도 시흥시,경기도 시흥시 서울대학로264번길 44-4,경기도 시흥시 정왕동 2536,교통단속,4,200,360도,30,201701,031-310-5132,37.367604,126.7282207,20241218
성남시,경기도 성남시 대왕판교로915번길 17 (시흥동),경기도 성남시 시흥동 211-38번지,생활방범,2,0,,30,201004,031-729-2483,37.421786,127.1000015,20221125
성남시,경기도 성남시,경기도 성남시 시흥동 83-6번지,생활방범,4,0,,30,201310,031-729-2483,37.4208823,127.1040262,20221125
성남시,경기도 성남시,경기도 성남시 시흥동 129-5번지,생활방범,3,0,,30,201310,031-729-2483,37.4276348,127.112278,20221125
성남시,경기도 성남시 대왕판교로915번길 13 (시흥동),경기도 성남시 시흥동 211-50번지,생활방범,4,0,,30,201403,031-729-2483,37.4217964,127.1006476,20221125
성남시,경기도 성남시 금토로 142 (시흥동),경기도 성남시 금토동 497-15번지,생활방범,4,0,,30,201909,031-729-2483,37.40721,127.07533,20221125
성남시,경기도 성남시,경기도 성남시 시흥동 27-12,생활방범,4,0,,30,202007,031-729-2483,37.422014,127.110504,20221125
성남시,경기도 성남시 대왕판교로915번길 21-3,경기도 성남시 시흥동 211-36,생활방범,4,0,,30,202007,031-729-2483,37.422128,127.099344,20221125
성남시,경기도 성남시,경기도 성남시 시흥동 82-13,생활방범,5,0,,30,202207,031-729-2483,37.42099,127.10521,20221125
성남시,경기도 성남시,경기도 성남시 시흥동 280-41,생활방범,5,0,,30,202007,031-729-2483,37.413197,127.100515,20221125
성남시,경기도 성남시,경기도 성남시 시흥동 227-2,생활방범,4,0,,30,202106,031-729-2483,37.418962,127.100852,20221125
성남시,경기도 성남시,경기도 성남시 시흥동 53-9,생활방범,4,0,,30,202106,031-729-2483,37.420702,127.106413,20221125
성남시,"경기도 성남시 설개로14번길 24 (시흥동, 상록로즈빌)",경기도 성남시 시흥동 83-2번지,생활방범,4,0,,30,201602,031-729-2483,37.42056,127.10401,20221125
성남시,경기도 성남시 대왕판교로915번길 32 (시흥동),경기도 성남시 시흥동 211-1번지,생활방범,3,0,,30,201606,031-729-2483,37.42303,127.09986,20221125
성남시,경기도 성남시 대왕판교로972번길 15 (시흥동),경기도 성남시 시흥동 156-12번지,생활방범,5,0,,30,201712,031-729-2483,37.42732,127.10415,20221125
성남시,경기도 성남시 설개로 2 (시흥동),경기도 성남시 시흥동 84-8번지,생활방범,3,0,,30,201411,031-729-2483,37.42219,127.1052,20221125
성남시,경기도 성남시,경기도 성남시 시흥동 111-6번지,생활방범,4,0,,30,201812,031-729-2483,37.42437,127.1066,20221125
성남시,경기도 성남시 여수대로56번길 6 (시흥동),경기도 성남시 시흥동 17-8번지,생활방범,4,0,,30,201909,031-729-2483,37.42173,127.10794,20221125
성남시,경기도 성남시 설개로 13 (시흥동),경기도 성남시 시흥동 39-13번지,생활방범,5,0,,30,201909,031-729-2483,37.42143,127.10612,20221125
성남시,경기도 성남시 설개로 101 (시흥동),경기도 성남시 사송동 544번지,생활방범,4,0,,30,201909,031-729-2483,37.41524,127.11119,20221125
