sigun_nm,refine_road_nm_addr,refine_lotno_addr,refine_zipno,locplc_faclt_telno_dtls,refine_wgs84_lat,refine_wgs84_logt,bizcond_div_nm_info,sanittn_bizcond_nm,ratg_div_nm,rk_cnt_faclt_div_nm,factry_prdc_dut_emply_cnt,multi_utlz_bizest_yn,traditn_bizest_apnt_id,traditn_bizest_food_desc
,"경기도 시흥시 복지로 29-1, 1층 일부호 (대야동)",경기도 시흥시 대야동 501-1,14909,,37.4423284734,126.7880738466,즉석판매제조가공업,즉석판매제조가공업,,,,N,,
,"경기도 시흥시 은계번영길 19, 은계 디스퀘어큐브 105호일부호 (은행동)",경기도 시흥시 은행동 646-8 은계 디스퀘어큐브,14922,,37.4372709361,126.8030427925,즉석판매제조가공업,즉석판매제조가공업,,,,N,,
,"경기도 시흥시 하상로8번길 20, 1층 일부호 (하상동)",경기도 시흥시 하상동 374-8,14977,,37.391370566,126.8148665777,즉석판매제조가공업,즉석판매제조가공업,,,,N,,
,경기도 시흥시 삼미시장4길 4 (신천동),경기도 시흥시 신천동 734-6,14948,031-313-2627,37.4390236878,126.7841261233,즉석판매제조가공업,즉석판매제조가공업,,,,N,,
,,경기도 시흥시 대야동 476-13,14905,031-315-3341,37.4455903266,126.7864037052,즉석판매제조가공업,즉석판매제조가공업,,,0,N,,
,"경기도 시흥시 하중로 118, 창완빌딩 2층 일부호 (하중동)",경기도 시흥시 하중동 831-2 창완빌딩,14975,,37.3994907975,126.7993029051,즉석판매제조가공업,즉석판매제조가공업,,,,N,,
,"경기도 시흥시 서울대학로278번길 67, 시흥배곧 롯데마트 1층 일부호 (배곧동)",경기도 시흥시 배곧동 202 시흥배곧 롯데마트,15011,,37.3688907319,126.7313182505,즉석판매제조가공업,즉석판매제조가공업,,,,N,,
,"경기도 시흥시 정왕대로 210, E MART시화점 (정왕동)",경기도 시흥시 정왕동 1734-2 E MART시화점,15066,,37.3459328804,126.7368812651,즉석판매제조가공업,즉석판매제조가공업,,,0,N,,
,"경기도 시흥시 배곧1로 27-15, 상가1동 지하층 101일부호 (정왕동, 한라비발디캠퍼스)",경기도 시흥시 정왕동 2566 한라비발디캠퍼스 상가1동 B101호,15011,02-427-3727,37.3636798562,126.7119931155,즉석판매제조가공업,즉석판매제조가공업,자율,상수도전용,0,N,,
,경기도 시흥시 오이도로 173,경기도 시흥시 정왕동 2003-12 오이도직판장 B동 151호,15015,031-432-4949,37.3454457514,126.6880796381,즉석판매제조가공업,즉석판매제조가공업,,,0,N,,
,"경기도 시흥시 배곧1로 27-15, 지하층 (정왕동, 한라비발디캠퍼스)",경기도 시흥시 정왕동 2566 한라비발디캠퍼스 지하층호,15011,,37.3636798562,126.7119931155,즉석판매제조가공업,즉석판매제조가공업,,,,N,,
,"경기도 시흥시 서울대학로278번길 67 (정왕동, 롯데마트 시흥배곧점)",경기도 시흥시 정왕동 1771-1,15011,,37.3688907319,126.7313182505,즉석판매제조가공업,즉석판매제조가공업,,,,N,,
,"경기도 시흥시 함송로13번길 27, 1층 일부호 (정왕동)",경기도 시흥시 정왕동 1878-2,15020,,37.3651101625,126.7321134465,즉석판매제조가공업,즉석판매제조가공업,,,,N,,
,"경기도 시흥시 월곶중앙로 90, 1층 109호 (월곶동, 풍림1차 제상가동)",경기도 시흥시 월곶동 1010-4 풍림1차 제상가동 109호,14964,031-318-1733,37.3902457487,126.735754493,즉석판매제조가공업,즉석판매제조가공업,,,0,N,,
,경기도 시흥시 옥구천서로373번길 8 (정왕동),경기도 시흥시 정왕동 1866-6,15030,031-433-5313,37.3557018589,126.7268797058,즉석판매제조가공업,즉석판매제조가공업,,,0,N,,
,"경기도 시흥시 역전로 203-1, 3층 일부호 (정왕동)",경기도 시흥시 정왕동 1161-9,15052,,37.3477173748,126.748108378,즉석판매제조가공업,즉석판매제조가공업,,,,N,,
,"경기도 시흥시 서울대학로278번길 67, 시흥배곧 롯데마트 지하1층 일부호 (배곧동)",경기도 시흥시 배곧동 202 시흥배곧 롯데마트,15011,,37.3688907319,126.7313182505,즉석판매제조가공업,즉석판매제조가공업,,,,N,,
,"경기도 시흥시 옥구천동로 404 (정왕동, GS슈퍼내)",경기도 시흥시 정왕동 1873-3 GS슈퍼내,15027,,37.3552565325,126.7318525139,즉석판매제조가공업,즉석판매제조가공업,,,,N,,
,"경기도 시흥시 희망공원로 269 (정왕동, 홈플러스 2층)",경기도 시흥시 정왕동 2166-4,15081,,37.3452082082,126.725237369,즉석판매제조가공업,즉석판매제조가공업,,,0,N,,
,"경기도 시흥시 은행로 92, 1층 102호 일부호 (은행동)",경기도 시흥시 은행동 547-7 평안교회,14916,,37.4397256236,126.7974583677,즉석판매제조가공업,즉석판매제조가공업,,,0,N,,
,"경기도 시흥시 옥구천동로 402, GS슈퍼정왕점 내 (정왕동)",경기도 시흥시 정왕동 1873-3 월드아파트,15027,02-2689-2100,37.3567512193,126.7302225709,즉석판매제조가공업,즉석판매제조가공업,,,,N,,
,"경기도 시흥시 배곧4로 32-13, 이마트에브리데이 시흥배곧점 1층 일부호 (배곧동)",경기도 시흥시 배곧동 126 이마트에브리데이 시흥배곧점 1층 일부호,15010,,37.376956103,126.7268874805,즉석판매제조가공업,즉석판매제조가공업,,,,N,,
,"경기도 시흥시 오이도로 167, A동 3호 (정왕동)",경기도 시흥시 정왕동 2003-8,15015,031-498-9887,37.3458883179,126.6882103529,즉석판매제조가공업,즉석판매제조가공업,,,,N,,
,"경기도 시흥시 희망공원로 269, 홈플러스시화점 일부호 (정왕동)",경기도 시흥시 정왕동 2166-4 홈플러스시화점,15081,,37.3452082082,126.725237369,즉석판매제조가공업,즉석판매제조가공업,,,,N,,
,경기도 시흥시 정왕대로 210,경기도 시흥시 정왕동 1734-1 이마트시화점,15066,,37.3459328804,126.7368812651,즉석판매제조가공업,즉석판매제조가공업,,,,N,,
,"경기도 시흥시 마유로238번길 26, 1층 일부호 (정왕동)",경기도 시흥시 정왕동 1366-4,15079,,37.3376271419,126.7306774357,즉석판매제조가공업,즉석판매제조가공업,,,,N,,
,"경기도 시흥시 정왕대로 210, E MART시화점 2층 (정왕동)",경기도 시흥시 정왕동 1734-2 E MART시화점,15066,031-858-1226,37.3459328804,126.7368812651,즉석판매제조가공업,즉석판매제조가공업,,,,N,,
,"경기도 시흥시 비둘기공원로 28, 롯데마트 시흥점 2층 일부호 (대야동)",경기도 시흥시 대야동 542 롯데마트 시흥점,14912,,37.4430368253,126.7919559438,즉석판매제조가공업,즉석판매제조가공업,,,,N,,
,경기도 시흥시 삼미시장2길 44,경기도 시흥시 신천동 736-1,14948,031-317-7111,37.4398375319,126.7845592338,즉석판매제조가공업,즉석판매제조가공업,,,0,N,,
,경기도 시흥시 복지로99번길 12,경기도 시흥시 대야동 344-10,14906,031-694-5628,37.4485320814,126.7914519329,즉석판매제조가공업,즉석판매제조가공업,,,0,N,,
,"경기도 시흥시 장곡로 23 (장곡동, 중앙시장마트)",경기도 시흥시 장곡동 823-2 중앙시장마트,15002,031-317-3555,37.3790954387,126.7861645217,즉석판매제조가공업,즉석판매제조가공업,,,0,N,,
,"경기도 시흥시 동서로 706-58, 안산농협 연꽃지점 일부호 (물왕동)",경기도 시흥시 물왕동 349-2 안산농협 영농자원센터,14993,,37.3838533611,126.827462028,즉석판매제조가공업,즉석판매제조가공업,,,,N,,
,경기도 시흥시 마유로238번길 26,경기도 시흥시 정왕동 1366-4 LG마트,15079,031-496-7700,37.3376271419,126.7306774357,즉석판매제조가공업,즉석판매제조가공업,,,0,N,,
,"경기도 시흥시 배곧1로 27-16, 상가2동 1층 104B호 (배곧동, 한라비발디캠퍼스2차)",경기도 시흥시 배곧동 245 한라비발디캠퍼스2차,15011,,37.3617928357,126.7128710723,즉석판매제조가공업,즉석판매제조가공업,,,,N,,
,경기도 시흥시 장곡로 50 (주)진보유통 그린마트 장곡점 1층 일부호 (장곡동),경기도 시흥시 장곡동 877-1 (주)진보유통,15002,,37.3797082545,126.783165496,즉석판매제조가공업,즉석판매제조가공업,,,,N,,
,"경기도 시흥시 거북섬둘레길 42, 거북섬 별빛공원 (정왕동)",경기도 시흥시 정왕동 2721 웨이브파크,15119,,37.3241773184,126.680791543,즉석판매제조가공업,즉석판매제조가공업,,,,N,,
,"경기도 시흥시 은계호수로 49, 시흥 센트럴돔 그랑트리 캐슬 1층 1036호 일부호 (은행동)",경기도 시흥시 은행동 605 시흥 센트럴돔 그랑트리 캐슬,14923,,37.4458457243,126.8020023203,즉석판매제조가공업,즉석판매제조가공업,,,,N,,
,"경기도 시흥시 큰솔로8번안길 18, 102호 (정왕동)",경기도 시흥시 정왕동 1420-7 102호,15060,,37.3389472106,126.7538290438,즉석판매제조가공업,즉석판매제조가공업,,,,N,,
,"경기도 시흥시 오이도로 173 (정왕동,수산물직판장 B-44호)",경기도 시흥시 정왕동 2003-12 수산물직판장 B-44호,15015,031-499-5388,37.3454457514,126.6880796381,즉석판매제조가공업,즉석판매제조가공업,,,,N,,
,"경기도 시흥시 마유로238번길 26, 1층 (정왕동)",경기도 시흥시 정왕동 1366-4 롯데마트 1층,15079,031-496-7745,37.3376271419,126.7306774357,즉석판매제조가공업,즉석판매제조가공업,,,0,N,,
,경기도 시흥시 마유로238번길 26,경기도 시흥시 정왕동 1366-4 GS마트 시화점,15079,031-496-7762,37.3376271419,126.7306774357,즉석판매제조가공업,즉석판매제조가공업,,,,N,,
,경기도 시흥시 오이도어시장로 8,"경기도 시흥시 정왕동 2005-3 B동 21,22호",15015,,37.3446490932,126.6888897946,즉석판매제조가공업,즉석판매제조가공업,,,0,N,,
,경기도 시흥시 정왕대로117번길 26,경기도 시흥시 정왕동 1870-1 신우상가104호,15032,,37.3536003162,126.730819309,즉석판매제조가공업,즉석판매제조가공업,,,0,N,,
,경기도 시흥시 오이도어시장로 7,"경기도 시흥시 정왕동 2004-3 A동 94,95호",15015,031-434-7741,37.3451101492,126.6890880534,즉석판매제조가공업,즉석판매제조가공업,,,0,N,,
,경기도 시흥시 오이도어시장로 8,경기도 시흥시 정왕동 2005-3 오이도종합어시장 B동 22호,15015,,37.3446490932,126.6888897946,즉석판매제조가공업,즉석판매제조가공업,,,0,N,,
,경기도 시흥시 마유로238번길 26,경기도 시흥시 정왕동 1366-4 GS마트시화점,15079,031-623-5223,37.3376271419,126.7306774357,즉석판매제조가공업,즉석판매제조가공업,,,,N,,
,경기도 시흥시 오이도로 167,경기도 시흥시 정왕동 2003-8 오이도직판장 A동 138호,15015,,37.3458883179,126.6882103529,즉석판매제조가공업,즉석판매제조가공업,,,0,N,,
,경기도 시흥시 정왕대로 210,경기도 시흥시 정왕동 1734-1 이마트매장,15066,,37.3459328804,126.7368812651,즉석판매제조가공업,즉석판매제조가공업,,,0,N,,
,경기도 시흥시 비둘기공원로 28,경기도 시흥시 대야동 542,14912,031-979-1624,37.4430368253,126.7919559438,즉석판매제조가공업,즉석판매제조가공업,,,,N,,
,"경기도 시흥시 새우개2길 62-1, 1,2층 (포동)",경기도 시흥시 포동 88-8,14961,031-316-1335,37.4052277513,126.7731375152,즉석판매제조가공업,즉석판매제조가공업,,,,N,,
,"경기도 시흥시 정왕대로 210, E MART시화점 2층 (정왕동)",경기도 시흥시 정왕동 1734-2 E MART시화점,15066,02-3397-6093,37.3459328804,126.7368812651,즉석판매제조가공업,즉석판매제조가공업,,,,N,,
,"경기도 시흥시 희망공원로 269 (정왕동, 홈플러스시화점)",경기도 시흥시 정왕동 2166-4 홈플러스시화점,15081,02-3289-0550,37.3452082082,126.725237369,즉석판매제조가공업,즉석판매제조가공업,,,,N,,
,"경기도 시흥시 배곧4로 32-13, 107~110호, B103호 (정왕동)",경기도 시흥시 정왕동 2477-3,15010,031-767-0338,37.376956103,126.7268874805,즉석판매제조가공업,즉석판매제조가공업,,,,N,,
,"경기도 시흥시 정왕대로 210, E MART시화점 2층 일부호 (정왕동)",경기도 시흥시 정왕동 1734-2 E MART시화점,15066,031-858-1226,37.3459328804,126.7368812651,즉석판매제조가공업,즉석판매제조가공업,,,,N,,
,"경기도 시흥시 월곶중앙로14번길 27, 104호 (월곶동)",경기도 시흥시 월곶동 994 104호,14967,,37.3890720433,126.7438660226,즉석판매제조가공업,즉석판매제조가공업,,,0,N,,
,"경기도 시흥시 신천1길 12, 1층 2호 (신천동)",경기도 시흥시 신천동 755-9,14948,,37.4396448836,126.7810341695,즉석판매제조가공업,즉석판매제조가공업,,,,N,,
,경기도 시흥시 정왕대로 210,경기도 시흥시 정왕동 1734-1 이마트 2층,15066,,37.3459328804,126.7368812651,즉석판매제조가공업,즉석판매제조가공업,,,,N,,
,"경기도 시흥시 은계중앙로 214, 은계호수 수변공원 (은행동)",경기도 시흥시 은행동 0 은계호수 수변공원 2 관리소 및 화장실,14923,,37.4439308794,126.8059202725,즉석판매제조가공업,즉석판매제조가공업,,,,N,,
,,경기도 시흥시 정왕동 0-0 시화공단지원시설2구역3나802-1호,15119,031-496-7760,,,즉석판매제조가공업,즉석판매제조가공업,,,0,N,,
,경기도 시흥시 마유로238번길 26,경기도 시흥시 정왕동 1366-4,15079,,37.3376271419,126.7306774357,즉석판매제조가공업,즉석판매제조가공업,,,0,N,,
,경기도 시흥시 마유로238번길 26,경기도 시흥시 정왕동 1366-4 GS마트내,15079,,37.3376271419,126.7306774357,즉석판매제조가공업,즉석판매제조가공업,,,,N,,
,"경기도 시흥시 희망공원로 269 (정왕동, 홈플러스내)",경기도 시흥시 정왕동 2166-4 홈플러스내,15081,031-310-8000,37.3452082082,126.725237369,즉석판매제조가공업,즉석판매제조가공업,,,0,N,,
,경기도 시흥시 마유로238번길 26,경기도 시흥시 정왕동 1366-4,15079,031-498-7561,37.3376271419,126.7306774357,즉석판매제조가공업,즉석판매제조가공업,,,0,N,,
,"경기도 시흥시 하중로 207, 3층 302일부호 (하중동)",경기도 시흥시 하중동 857-6 훼미리타운,14976,031-435-4487,37.3932808722,126.8054950992,즉석판매제조가공업,즉석판매제조가공업,,,0,N,,
,"경기도 시흥시 새재로17번길 3, 이마트에브리데이  1층 일부 호 (장현동)",경기도 시흥시 장현동 543-1,14998,070-7567-6565,37.3810543546,126.8017561503,즉석판매제조가공업,즉석판매제조가공업,,,,N,,
,"경기도 시흥시 배곧4로 30, 배곧타운I 1층 109호 (배곧동)",경기도 시흥시 배곧동 124 배곧타운I,15010,,37.377338562,126.7274821771,즉석판매제조가공업,즉석판매제조가공업,,,,N,,
,"경기도 시흥시 서울대학로264번길 26-29, 다인 로얄팰리스 배곧5차 1층 106호 일부호 (배곧동)",경기도 시흥시 배곧동 228-3 다인 로얄팰리스 배곧5차,15011,,37.3668168759,126.7270592906,즉석판매제조가공업,즉석판매제조가공업,,,0,N,,
,"경기도 시흥시 서울대학로264번길 22, 다인로얄팰리스 배곧플러스 9차 지하1층 일부호 (배곧동)",경기도 시흥시 배곧동 223-1 다인로얄팰리스 배곧플러스 9차,15011,,37.3678768718,126.7265063355,즉석판매제조가공업,즉석판매제조가공업,,,,N,,
,경기도 시흥시 희망공원로 269,경기도 시흥시 정왕동 2166-4 홈플러스내,15081,,37.3452082082,126.725237369,즉석판매제조가공업,즉석판매제조가공업,,,0,N,,
,"경기도 시흥시 복지로91번길 4-2, 1층 101호일부호 (대야동, 태원탑스빌)",경기도 시흥시 대야동 443-4 태원탑스빌,14906,031-381-9922,37.4476815319,126.7909059916,즉석판매제조가공업,즉석판매제조가공업,,,,N,,
,"경기도 시흥시 서울대학로278번길 67, 롯데마트(시흥배곧점) (정왕동)",경기도 시흥시 정왕동 1771-1 롯데마트(시흥배곧점),15011,070-4300-9589,37.3688907319,126.7313182505,즉석판매제조가공업,즉석판매제조가공업,,,,N,,
,"경기도 시흥시 정왕대로 210, E MART시화점 2층 (정왕동)",경기도 시흥시 정왕동 1734-2 E MART시화점,15066,,37.3459328804,126.7368812651,즉석판매제조가공업,즉석판매제조가공업,,,,N,,
,경기도 시흥시 오이도중앙로36번길 12 (정왕동),경기도 시흥시 정왕동 2002-11 성신수산 11-9호,15015,031-497-7844,37.3458642221,126.688639633,즉석판매제조가공업,즉석판매제조가공업,,,0,N,,
,"경기도 시흥시 시흥대로 1133, 상가동 101호 (신천동, 휴먼시아)",경기도 시흥시 신천동 946 휴먼시아 상가동 101호,14950,031-312-3588,37.4371797542,126.7907451038,즉석판매제조가공업,즉석판매제조가공업,,,0,N,,
,"경기도 시흥시 오이도로 173 (정왕동, 105,106호)","경기도 시흥시 정왕동 2003-12 105,106호",15015,,37.3454457514,126.6880796381,즉석판매제조가공업,즉석판매제조가공업,,,,N,,
,"경기도 시흥시 배곧1로 27-15, 상가1동 106호 일부호 (배곧동, 한라비발디캠퍼스)",경기도 시흥시 배곧동 243 한라비발디캠퍼스 상가1동 106호 일부호,15011,031-433-4803,37.3636798562,126.7119931155,즉석판매제조가공업,즉석판매제조가공업,,,,N,,
,"경기도 시흥시 서울대학로278번길 67, 롯데마트(시흥배곧점) (정왕동)",경기도 시흥시 정왕동 1771-1 롯데마트(시흥배곧점),15011,,37.3688907319,126.7313182505,즉석판매제조가공업,즉석판매제조가공업,,,,N,,
,"경기도 시흥시 배곧1로 28-11, 롯데마트 시흥배곧점 (정왕동)",경기도 시흥시 정왕동 1771-12,15012,070-4300-9589,37.36051463,126.7117777843,즉석판매제조가공업,즉석판매제조가공업,,,,N,,
,"경기도 시흥시 서울대학로278번길 67, 시흥배곧 롯데마트 1층 (정왕동)",경기도 시흥시 정왕동 2537 시흥배곧 롯데마트,15011,031-734-0951,37.3688907319,126.7313182505,즉석판매제조가공업,즉석판매제조가공업,,,,N,,
,"경기도 시흥시 은계호수로 49, 시흥 센트럴돔 그랑트리 캐슬 2층 2070호 (은행동)",경기도 시흥시 은행동 601-302 시흥 센트럴돔 그랑트리 캐슬,14923,,37.4458457243,126.8020023203,즉석판매제조가공업,즉석판매제조가공업,,,0,N,,
,"경기도 시흥시 월곶중앙로70번길 12, 1층 107호 일부호 (월곶동, 부성파인 하버뷰)",경기도 시흥시 월곶동 1008-2 부성파인 하버뷰,14966,,37.3898625245,126.7392264551,즉석판매제조가공업,즉석판매제조가공업,,,,N,,
,"경기도 시흥시 희망공원로 269, 2(일부)층 (정왕동, 홈플러스 시화점)",경기도 시흥시 정왕동 2166-4 홈플러스 시화점 2층 일부,15081,,37.3452082082,126.725237369,즉석판매제조가공업,즉석판매제조가공업,,,,N,,
,경기도 시흥시 오이도로 167,경기도 시흥시 정왕동 2003-8 A동 19호,15015,031-433-6691,37.3458883179,126.6882103529,즉석판매제조가공업,즉석판매제조가공업,,,0,N,,
,"경기도 시흥시 서울대학로264번길 26-16, 해든메디컬센터 6층 607호 (배곧동)",경기도 시흥시 배곧동 224-1 해든메디컬센터,15011,,37.3669339731,126.7256690253,즉석판매제조가공업,즉석판매제조가공업,,,0,N,,
,경기도 시흥시 호현로21번길 31,경기도 시흥시 신천동 718-2,14904,,37.4438508037,126.7819548324,즉석판매제조가공업,즉석판매제조가공업,,,0,N,,
,"경기도 시흥시 정왕천로355번길 22, 1층 일부호 (정왕동)",경기도 시흥시 정왕동 1437-7 1층 3호,15058,031-431-6560,37.3416935519,126.7462718158,즉석판매제조가공업,즉석판매제조가공업,,,,N,,
,경기도 시흥시 문화마을로16번길 69,경기도 시흥시 대야동 463-9,14905,031-692-8095,37.4467524637,126.7863022249,즉석판매제조가공업,즉석판매제조가공업,,,0,N,,
,"경기도 시흥시 목감남서로 38, 418동 106호 (조남동, 호반베르디움 더 레이크)",경기도 시흥시 조남동 660 호반베르디움 더 레이크,14989,031-411-2252,37.376257737,126.8489219703,즉석판매제조가공업,즉석판매제조가공업,,,0,N,,
,"경기도 시흥시 정왕천로411번길 34, 1층 (정왕동)",경기도 시흥시 정왕동 1188-10,15052,,37.3462090505,126.7490492084,즉석판매제조가공업,즉석판매제조가공업,,,,N,,
,"경기도 시흥시 비둘기공원로 28, 2층 (대야동, 롯데마트시흥점 )",경기도 시흥시 대야동 542,14912,02-589-3764,37.4430368253,126.7919559438,즉석판매제조가공업,즉석판매제조가공업,,,,N,,
,경기도 시흥시 마유로238번길 26,경기도 시흥시 정왕동 1366-4 GS마트시화점,15079,,37.3376271419,126.7306774357,즉석판매제조가공업,즉석판매제조가공업,,,,N,,
,"경기도 시흥시 오이도어시장로 8 (정왕동, 147-149호)",경기도 시흥시 정왕동 2005-3 147-149호,15015,,37.3446490932,126.6888897946,즉석판매제조가공업,즉석판매제조가공업,,,0,N,,
,,경기도 시흥시 대야동 542 GS마트 시흥점,,,,,즉석판매제조가공업,즉석판매제조가공업,,,,N,,
,경기도 시흥시 희망공원로 269,경기도 시흥시 정왕동 2166-4,15081,,37.3452082082,126.725237369,즉석판매제조가공업,즉석판매제조가공업,,,,N,,
,"경기도 시흥시 서해안로 699, 시흥 프리미엄 아울렛 야외주차장 옆 임시매장 (배곧동)",경기도 시흥시 배곧동 36 시흥 프리미엄 아울렛 야외주차장 옆 임시매장,15010,,37.3796992102,126.7370588161,즉석판매제조가공업,즉석판매제조가공업,,,,N,,
,"경기도 시흥시 장곡로53번길 5, 1층 일부호 (장곡동)",경기도 시흥시 장곡동 809-14 101호,15002,,37.3789498495,126.7829581088,즉석판매제조가공업,즉석판매제조가공업,,,0,N,,
,"경기도 시흥시 배곧4로 32-13, 1층 일부호 (배곧동)",경기도 시흥시 배곧동 126,15010,,37.376956103,126.7268874805,즉석판매제조가공업,즉석판매제조가공업,,,,N,,
,"경기도 시흥시 은계남길 44, 2층 202호 일부호 (은행동)",경기도 시흥시 은행동 671-1,14922,,37.4306900973,126.7998372952,즉석판매제조가공업,즉석판매제조가공업,,,0,N,,
,"경기도 시흥시 신천로44번안길 21, 1(일부)층 (신천동)",경기도 시흥시 신천동 773-2 1층일부,14950,031-315-6333,37.4376741924,126.7875301386,즉석판매제조가공업,즉석판매제조가공업,,,0,N,,
,경기도 시흥시 군자로533번길 4 (거모동),경기도 시흥시 거모동 1762-1,15068,031-492-2644,37.3434479805,126.7864456561,즉석판매제조가공업,즉석판매제조가공업,,,0,N,,
,경기도 시흥시 정왕천로396번길 21 (정왕동),경기도 시흥시 정왕동 1523-8,15051,031-499-3024,37.3420970378,126.7530414823,즉석판매제조가공업,즉석판매제조가공업,,,0,N,,
,"경기도 시흥시 마유로238번길 26, 롯데마트 1층 일부호 (정왕동)",경기도 시흥시 정왕동 1366-4,15079,,37.3376271419,126.7306774357,즉석판매제조가공업,즉석판매제조가공업,,,0,N,,
,,경기도 시흥시 포동 13-3 태산상가13/107,14957,031-695-9980,37.4068185186,126.7841953867,즉석판매제조가공업,즉석판매제조가공업,,,0,N,,
,경기도 시흥시 마유로238번길 26,경기도 시흥시 정왕동 1366-4 GS마트(내),15079,,37.3376271419,126.7306774357,즉석판매제조가공업,즉석판매제조가공업,,,0,N,,
,,경기도 시흥시 포동 1-5,14957,031-314-1464,37.40741609,126.7873948462,즉석판매제조가공업,즉석판매제조가공업,,,0,N,,
,경기도 시흥시 정왕대로 210,경기도 시흥시 정왕동 1734-1 2층,15066,031-496-4123,37.3459328804,126.7368812651,즉석판매제조가공업,즉석판매제조가공업,,,0,N,,
,"경기도 시흥시 정왕대로 210, 2층 (정왕동, 이마트시화점)",경기도 시흥시 정왕동 1734-2 이마트시화점 2층,15066,,37.3459328804,126.7368812651,즉석판매제조가공업,즉석판매제조가공업,,,,N,,
,"경기도 시흥시 마유로238번길 26, 1층 (정왕동, 롯데마트 시화점)",경기도 시흥시 정왕동 1366-4 롯데마트 시화점 1층,15079,02-3278-5600,37.3376271419,126.7306774357,즉석판매제조가공업,즉석판매제조가공업,,,0,N,,
,"경기도 시흥시 희망공원로 269, 홈플러스시화점 2층 (정왕동)",경기도 시흥시 정왕동 2166-4 홈플러스시화점,15081,,37.3452082082,126.725237369,즉석판매제조가공업,즉석판매제조가공업,,,,N,,
,"경기도 시흥시 뱀내장터로19번길 22-1, 1층 일부호 (대야동)",경기도 시흥시 대야동 491,14909,,37.4436440391,126.7880048576,즉석판매제조가공업,즉석판매제조가공업,,,,N,,
,"경기도 시흥시 오이도어시장로 7 (정왕동,오이도종합어시장 A동 69,70호)","경기도 시흥시 정왕동 2004-3 오이도종합어시장 A동 69,70호",15015,031-431-5856,37.3451101492,126.6890880534,즉석판매제조가공업,즉석판매제조가공업,,,0,N,,
,경기도 시흥시 마유로238번길 26,경기도 시흥시 정왕동 1366-4 LG마트내,15079,,37.3376271419,126.7306774357,즉석판매제조가공업,즉석판매제조가공업,,,0,N,,
,"경기도 시흥시 정왕대로 210, 2층 (정왕동)",경기도 시흥시 정왕동 1734-1,15066,031-858-1227,37.3459328804,126.7368812651,즉석판매제조가공업,즉석판매제조가공업,,상수도전용,,N,,
,경기도 시흥시 인선길 100,경기도 시흥시 장곡동 803-5 연성프라자 107동,15002,031-507-4277,37.3798432287,126.7801596941,즉석판매제조가공업,즉석판매제조가공업,,,0,N,,
,"경기도 시흥시 승지로 49 (능곡동, 베스트(프)내)",경기도 시흥시 능곡동 724 베스트(프)내,14995,,37.3685893934,126.8095964474,즉석판매제조가공업,즉석판매제조가공업,,,,N,,
,"경기도 시흥시 군자로 520, 동운디오빌아파트 103호 일부호 (거모동, 동운디오빌아파트)",경기도 시흥시 거모동 1756-1 동운디오빌아파트,15070,,37.3438261411,126.7848840878,즉석판매제조가공업,즉석판매제조가공업,,,,N,,
,경기도 시흥시 정왕천로 440-1 (정왕동),경기도 시흥시 정왕동 1500-14,15051,,37.3463503452,126.7542864248,즉석판매제조가공업,즉석판매제조가공업,,,0,N,,
,경기도 시흥시 비둘기공원로 28,경기도 시흥시 대야동 542 롯데마트내,14912,02-833-1322,37.4430368253,126.7919559438,즉석판매제조가공업,즉석판매제조가공업,,,,N,,
,"경기도 시흥시 정왕시장길 51 (정왕동, 정왕시장101호)",경기도 시흥시 정왕동 1203 정왕시장101호,15052,031-319-5530,37.3458093904,126.7485677164,즉석판매제조가공업,즉석판매제조가공업,,,,N,,
,경기도 시흥시 대야로13번길 15-1 (대야동),경기도 시흥시 대야동 475-6,14905,031-311-8144,37.4452902941,126.7874692262,즉석판매제조가공업,즉석판매제조가공업,,,0,N,,
,"경기도 시흥시 정왕대로 210, E MART시화점 2층 일부호 (정왕동)",경기도 시흥시 정왕동 1734-2 E MART시화점,15066,,37.3459328804,126.7368812651,즉석판매제조가공업,즉석판매제조가공업,,,,N,,
,"경기도 시흥시 대골안길 92, 1층 (신천동)",경기도 시흥시 신천동 707-50 1층,14910,070-8811-7949,37.442018564,126.7860080554,즉석판매제조가공업,즉석판매제조가공업,,,,N,,
,"경기도 시흥시 대야로23번길 8-1, 1층 일부호 (대야동)",경기도 시흥시 대야동 467-19,14905,,37.4459569617,126.7889099583,즉석판매제조가공업,즉석판매제조가공업,,,0,N,,
,경기도 시흥시 옥구상가3길 25,경기도 시흥시 정왕동 1857-1,15040,031-434-7942,37.3541595445,126.7226048352,즉석판매제조가공업,즉석판매제조가공업,,,0,N,,
,경기도 시흥시 정왕대로 74 (정왕동),경기도 시흥시 정왕동 1861-7,15040,031-496-8541,37.3534522826,126.7247122889,즉석판매제조가공업,즉석판매제조가공업,,,,N,,
,"경기도 시흥시 마유로238번길 26, 롯데마트 시화점 1층 일부호 (정왕동)",경기도 시흥시 정왕동 1366-4,15079,,37.3376271419,126.7306774357,즉석판매제조가공업,즉석판매제조가공업,,,,N,,
,"경기도 시흥시 희망공원로 269, 홈플러스시화점 2층 일부호 (정왕동)",경기도 시흥시 정왕동 2166-4 홈플러스시화점,15081,,37.3452082082,126.725237369,즉석판매제조가공업,즉석판매제조가공업,,,,N,,
,"경기도 시흥시 마유로238번길 26, 1층 (정왕동)",경기도 시흥시 정왕동 1366-4,15079,,37.3376271419,126.7306774357,즉석판매제조가공업,즉석판매제조가공업,,,,N,,
,"경기도 시흥시 삼미시장2길 36, 1층 105호 (신천동)",경기도 시흥시 신천동 739-14,14948,,37.4401574151,126.7837988042,즉석판매제조가공업,즉석판매제조가공업,,,,N,,
,"경기도 시흥시 서울대학로264번길 12, 208동 1층 B-109호 일부호 (배곧동, 시흥배곧 C2블럭 호반 써밋플레이스 아파트)",경기도 시흥시 배곧동 221 시흥배곧 C2블럭 호반 써밋플레이스 아파트,,,,,즉석판매제조가공업,즉석판매제조가공업,,,0,N,,
,"경기도 시흥시 큰솔로96번길 27, 102호 (정왕동)",경기도 시흥시 정왕동 1536-1 102호,15051,031-431-8030,37.3427858311,126.7579343487,즉석판매제조가공업,즉석판매제조가공업,,,0,N,,
,"경기도 시흥시 은계번영길 9, 골드웨이Ⅰ 1층 108호 일부호 (은행동)",경기도 시흥시 은행동 646-4 골드웨이Ⅰ,14922,,37.4375240428,126.8016387672,즉석판매제조가공업,즉석판매제조가공업,,,0,N,,
,경기도 시흥시 정왕대로117번길 26 (정왕동),경기도 시흥시 정왕동 1870-1 신우아파트상가 111호,15032,031-484-7770,37.3536003162,126.730819309,즉석판매제조가공업,즉석판매제조가공업,,,0,N,,
,경기도 시흥시 오이도어시장로 7,경기도 시흥시 정왕동 2004-3 오이도종합어시장 A동 69호,15015,,37.3451101492,126.6890880534,즉석판매제조가공업,즉석판매제조가공업,,,0,N,,
,"경기도 시흥시 정왕대로 210, E MART시화점 2층 (정왕동)",경기도 시흥시 정왕동 1734-2 E MART시화점,15066,031-792-3826,37.3459328804,126.7368812651,즉석판매제조가공업,즉석판매제조가공업,,,,N,,
,"경기도 시흥시 정왕대로 210, E MART시화점 2층 일부호 (정왕동)",경기도 시흥시 정왕동 1734-2 E MART시화점,15066,02-3397-6093,37.3459328804,126.7368812651,즉석판매제조가공업,즉석판매제조가공업,,,,N,,
,"경기도 시흥시 정왕대로 174, 103호 (정왕동)",경기도 시흥시 정왕동 1726-1 103호,15036,031-431-0054,37.3481553901,126.7334942325,즉석판매제조가공업,즉석판매제조가공업,,,,N,,
,경기도 시흥시 비둘기공원로 28,경기도 시흥시 대야동 542 롯데마트시흥점,14912,,37.4430368253,126.7919559438,즉석판매제조가공업,즉석판매제조가공업,,,,N,,
,"경기도 시흥시 서촌상가2길 16, 2층 203호 (정왕동)",경기도 시흥시 정왕동 1728-5 2층 203호,15036,031-434-3310,37.3467648864,126.7331245022,즉석판매제조가공업,즉석판매제조가공업,,,0,N,,
,경기도 시흥시 오이도로 173,경기도 시흥시 정왕동 2003-12 오이도직판장 B동 143호,15015,031-431-2673,37.3454457514,126.6880796381,즉석판매제조가공업,즉석판매제조가공업,,,0,N,,
,"경기도 시흥시 정왕대로 210, 2층 (정왕동)",경기도 시흥시 정왕동 1734-2 2층,15066,,37.3459328804,126.7368812651,즉석판매제조가공업,즉석판매제조가공업,,,,N,,
,"경기도 시흥시 서울대학로 172-20, 상가2동 1층 107호 일부호 (배곧동, 한라비발디캠퍼스3차)",경기도 시흥시 배곧동 262 한라비발디캠퍼스3차,15011,,37.3605279317,126.7192192285,즉석판매제조가공업,즉석판매제조가공업,,,,N,,
,경기도 시흥시 정왕대로 210,경기도 시흥시 정왕동 1734-1 이마트 시화점 일층,15066,02-2281-6341,37.3459328804,126.7368812651,즉석판매제조가공업,즉석판매제조가공업,,,0,N,,
,경기도 시흥시 비둘기공원로 28,경기도 시흥시 대야동 542 GS마트내,14912,031-435-7771,37.4430368253,126.7919559438,즉석판매제조가공업,즉석판매제조가공업,,,0,N,,
,"경기도 시흥시 희망공원로 269, 홈플러스시화점 1층 일부호 (정왕동)",경기도 시흥시 정왕동 2166-4 홈플러스시화점,15081,,37.3452082082,126.725237369,즉석판매제조가공업,즉석판매제조가공업,,,,N,,
,"경기도 시흥시 소래산길 11, 시흥ABC행복학습타운 내 푸드존 (대야동)",경기도 시흥시 대야동 332-1 시흥ABC행복학습타운,14902,,37.4485093838,126.7846914585,즉석판매제조가공업,즉석판매제조가공업,,,,N,,
,"경기도 시흥시 서울대학로278번길 25-24, 다인로얄팰리스 배곧1차 1층 107호 일부호 (정왕동)",경기도 시흥시 정왕동 2518 다인로얄팰리스 배곧1차,15011,,37.3695195634,126.7296065017,즉석판매제조가공업,즉석판매제조가공업,,,,N,,
,경기도 시흥시 신흥마을1길 12 (신천동),경기도 시흥시 신천동 818-6,14947,031-313-9160,37.4385379791,126.7783657131,즉석판매제조가공업,즉석판매제조가공업,,,0,N,,
,"경기도 시흥시 마유로238번길 26, 롯데마트 시화점 1층 (정왕동)",경기도 시흥시 정왕동 1366-4,15079,,37.3376271419,126.7306774357,즉석판매제조가공업,즉석판매제조가공업,,,,N,,
,경기도 시흥시 오이도어시장로 7,"경기도 시흥시 정왕동 2004-3 A동 94,95호",15015,,37.3451101492,126.6890880534,즉석판매제조가공업,즉석판매제조가공업,,,0,N,,
,경기도 시흥시 마유로238번길 26,경기도 시흥시 정왕동 1366-4 LG마트 1층,15079,031-763-0070,37.3376271419,126.7306774357,즉석판매제조가공업,즉석판매제조가공업,,,0,N,,
,경기도 시흥시 오이도어시장로 8,경기도 시흥시 정왕동 2005-3 오이도종합어시장 B동 73.77.78호,15015,,37.3446490932,126.6888897946,즉석판매제조가공업,즉석판매제조가공업,,,0,N,,
,경기도 시흥시 정왕천로411번길 26,경기도 시흥시 정왕동 1190-11,15052,031-433-2199,37.3457986731,126.7497194086,즉석판매제조가공업,즉석판매제조가공업,,,0,N,,
,"경기도 시흥시 한우물로 52, 일부1층 (거모동)",경기도 시흥시 거모동 1728-7 1층 일부,15071,,37.3470060849,126.7830813588,즉석판매제조가공업,즉석판매제조가공업,,,0,N,,
,"경기도 시흥시 함송로 24 (정왕동, 세종(프)109호)",경기도 시흥시 정왕동 1882-4 세종(프)109호,15020,031-319-1119,37.3632151301,126.7303936899,즉석판매제조가공업,즉석판매제조가공업,,,0,N,,
,경기도 시흥시 마유로238번길 26,경기도 시흥시 정왕동 1366-4 GS마트 시화점,15079,,37.3376271419,126.7306774357,즉석판매제조가공업,즉석판매제조가공업,,,,N,,
,"경기도 시흥시 배곧1로 27-15, 1층 일부호 (배곧동, 한라비발디캠퍼스)",경기도 시흥시 배곧동 243 한라비발디캠퍼스,15011,,37.3636798562,126.7119931155,즉석판매제조가공업,즉석판매제조가공업,,,,N,,
,"경기도 시흥시 서울대학로278번길 67, 롯데마트(시흥배곧점) 1층 일부호 (정왕동)",경기도 시흥시 정왕동 2537-1 롯데마트(시흥배곧점),15011,031-734-0951,37.3688907319,126.7313182505,즉석판매제조가공업,즉석판매제조가공업,,,,N,,
,"경기도 시흥시 대골안길 42, 1층 일부호 (대야동)",경기도 시흥시 대야동 473-3 대야DC백화점,14905,031-313-1129,37.4459534234,126.7883221258,즉석판매제조가공업,즉석판매제조가공업,,,0,N,,
,경기도 시흥시 비둘기공원7길 47,경기도 시흥시 대야동 547 청구아파트상가 105호,14912,,37.4419222514,126.7924751495,즉석판매제조가공업,즉석판매제조가공업,,,0,N,,
,경기도 시흥시 관곡지로 37,경기도 시흥시 하중동 816-1,14973,031-435-9991,37.400216575,126.7985730597,즉석판매제조가공업,즉석판매제조가공업,,,0,N,,
,경기도 시흥시 진말로9번길 8,경기도 시흥시 장곡동 820-7,15002,031-404-4904,37.3783844293,126.7848497504,즉석판매제조가공업,즉석판매제조가공업,,,0,N,,
,"경기도 시흥시 대골길 33, 1층 일부호 (대야동)",경기도 시흥시 대야동 452,14905,,37.4481833895,126.7889228006,즉석판매제조가공업,즉석판매제조가공업,,,0,N,,
,"경기도 시흥시 희망공원로 269, 홈플러스시화점 (정왕동)",경기도 시흥시 정왕동 2166-4 홈플러스시화점,15081,031-311-4992,37.3452082082,126.725237369,즉석판매제조가공업,즉석판매제조가공업,,,,N,,
,경기도 시흥시 비둘기공원로 21,"경기도 시흥시 대야동 562-5 대야하이빌 103,104호",14908,031-313-3722,37.4439484989,126.7921734489,즉석판매제조가공업,즉석판매제조가공업,,,,N,,
,"경기도 시흥시 시흥대로1074번길 5 (은행동, 롯데슈퍼 내)",경기도 시흥시 은행동 288-1 롯데슈퍼 내,14921,,37.4320543214,126.7936643149,즉석판매제조가공업,즉석판매제조가공업,,,,N,,
,"경기도 시흥시 서울대학로264번길 26-11, 다인 로얄팰리스 배곧7차 306호 (배곧동)",경기도 시흥시 배곧동 226-3 다인 로얄팰리스 배곧7차,15011,,37.3670934014,126.7266160179,즉석판매제조가공업,즉석판매제조가공업,,,,N,,
,경기도 시흥시 마유로238번길 26,경기도 시흥시 정왕동 1366-4 GS마트내 1층,15079,,37.3376271419,126.7306774357,즉석판매제조가공업,즉석판매제조가공업,,,0,N,,
,"경기도 시흥시 서울대학로278번길 67, 시흥배곧 롯데마트 1층 일부호 (배곧동)",경기도 시흥시 배곧동 202 출입문 통로쪽,15011,,37.3688907319,126.7313182505,즉석판매제조가공업,즉석판매제조가공업,,,,N,,
,경기도 시흥시 희망공원로 269,경기도 시흥시 정왕동 2166-4 홈플러스시화점,15081,,37.3452082082,126.725237369,즉석판매제조가공업,즉석판매제조가공업,,,,N,,
,"경기도 시흥시 신천천서로 22, 1층 (신천동)",경기도 시흥시 신천동 734-4 1층,14948,,37.4388895187,126.7842969621,즉석판매제조가공업,즉석판매제조가공업,,상수도전용,,N,,
,,경기도 시흥시 대야동 542 GS마트(내),,063-653-4555,,,즉석판매제조가공업,즉석판매제조가공업,,,0,N,,
,경기도 시흥시 함송로13번길 27,경기도 시흥시 정왕동 1878-2 한국유통,15020,,37.3651101625,126.7321134465,즉석판매제조가공업,즉석판매제조가공업,,,0,N,,
,"경기도 시흥시 정왕대로 64, 지하1층 (정왕동, 메가쇼핑몰)",경기도 시흥시 정왕동 1861-3 메가쇼핑몰 지하1층,15040,032-887-1908,37.3542557561,126.7235297297,즉석판매제조가공업,즉석판매제조가공업,,,,N,,
,경기도 시흥시 희망공원로 269,경기도 시흥시 정왕동 2166-4 홈플러스 시화점,15081,,37.3452082082,126.725237369,즉석판매제조가공업,즉석판매제조가공업,,,,N,,
,"경기도 시흥시 배곧1로 27-16, 상가2동 1층 108B호 (배곧동, 한라비발디캠퍼스2차)",경기도 시흥시 배곧동 245 한라비발디캠퍼스2차,15011,,37.3617928357,126.7128710723,즉석판매제조가공업,즉석판매제조가공업,,,,N,,
,"경기도 시흥시 평안상가1길 1, 시흥식자재마트 일부호 (정왕동)",경기도 시흥시 정왕동 1622,15062,,37.3388673438,126.7483320831,즉석판매제조가공업,즉석판매제조가공업,,,,N,,
,경기도 시흥시 희망공원로 269,경기도 시흥시 정왕동 2166-4 (1층),15081,031-985-7513,37.3452082082,126.725237369,즉석판매제조가공업,즉석판매제조가공업,,,,N,,
,"경기도 시흥시 거북섬1길 18, 마린프라자Ⅱ 112호 일부호 (정왕동)",경기도 시흥시 정왕동 2703-13 마리프라자Ⅱ,15119,,37.3266983048,126.6764863461,즉석판매제조가공업,즉석판매제조가공업,,,,N,,
,경기도 시흥시 진말로9번길 2 (장곡동),경기도 시흥시 장곡동 820-3,15002,,37.378468074,126.7852668701,즉석판매제조가공업,즉석판매제조가공업,,,0,N,,
,경기도 시흥시 정왕대로 210 (정왕동),경기도 시흥시 정왕동 1734-2 E MART시화점,15066,,37.3459328804,126.7368812651,즉석판매제조가공업,즉석판매제조가공업,,,,N,,
,"경기도 시흥시 정왕대로 210, 2층 (정왕동, 시화이마트)",경기도 시흥시 정왕동 1734-1,15066,,37.3459328804,126.7368812651,즉석판매제조가공업,즉석판매제조가공업,,,,N,,
,"경기도 시흥시 은행로173번길 17, HOMEPLUS EXPRESS 1층 (대야동)",경기도 시흥시 대야동 572-3 HOMEPLUS EXPRESS 1층호,14914,031-791-5618,37.44484142,126.7968000667,즉석판매제조가공업,즉석판매제조가공업,,,,N,,
,"경기도 시흥시 서울대학로 59-47, 120호 (배곧동)",경기도 시흥시 배곧동 291-1,15012,,37.3601724694,126.7077839319,즉석판매제조가공업,즉석판매제조가공업,,,,N,,
,"경기도 시흥시 시흥대로1074번길 5, 상가1층 롯데슈퍼 시흥은행점 매장내 (은행동)",경기도 시흥시 은행동 288-1 스페이스타워,14921,,37.4320543214,126.7936643149,즉석판매제조가공업,즉석판매제조가공업,,,,N,,
,"경기도 시흥시 새우개2길 48, 1층 일부호 (포동)",경기도 시흥시 포동 20-68,14961,,37.4041640683,126.7731251931,즉석판매제조가공업,즉석판매제조가공업,,,,N,,
,"경기도 시흥시 동서로 770, 안산농협 연꽃지점 로컬푸드직매장 일부호 (물왕동)",경기도 시흥시 물왕동 248-4 안산농협 연꽃지점 로컬푸드직매장,14990,,37.3843410162,126.8308012535,즉석판매제조가공업,즉석판매제조가공업,,,,N,,
,"경기도 시흥시 희망공원로 269, 홈플러스시화점 2층 일부호 (정왕동)",경기도 시흥시 정왕동 2166-4 홈플러스시화점,15081,031-311-4992,37.3452082082,126.725237369,즉석판매제조가공업,즉석판매제조가공업,,,0,N,,
,"경기도 시흥시 서울대학로278번길 67, 롯데마트(시흥배곧점) 1층 (배곧동)",경기도 시흥시 배곧동 203 롯데마트(시흥배곧점),15011,031-734-0951,37.3688907319,126.7313182505,즉석판매제조가공업,즉석판매제조가공업,,,,N,,
,"경기도 시흥시 거북섬둘레길 5-7, 거북섬타워 1층 62, 64, 66호 (정왕동)",경기도 시흥시 정왕동 2706-11 거북섬타워,15119,,37.3254650696,126.6754275446,즉석판매제조가공업,즉석판매제조가공업,,,0,N,,
,"경기도 시흥시 오동마을로 123, 1층 일부호 (죽율동)",경기도 시흥시 죽율동 635-1,15050,,37.3496980596,126.7548630078,즉석판매제조가공업,즉석판매제조가공업,,,,N,,
,"경기도 시흥시 평안상가1길 1, 시흥 식자재마트 일부호 (정왕동)",경기도 시흥시 정왕동 1622,15062,,37.3388673438,126.7483320831,즉석판매제조가공업,즉석판매제조가공업,,,,N,,
,"경기도 시흥시 정왕대로 210, E MART시화점 일부호 (정왕동)",경기도 시흥시 정왕동 1734-2 E MART시화점,15066,,37.3459328804,126.7368812651,즉석판매제조가공업,즉석판매제조가공업,,,,N,,
,"경기도 시흥시 정왕대로 210 (정왕동, 이마트 내)",경기도 시흥시 정왕동 1734-1 이마트 내,15066,031-764-6651,37.3459328804,126.7368812651,즉석판매제조가공업,즉석판매제조가공업,,,0,N,,
,"경기도 시흥시 은계남로 12, 판매시설동 150호일부호 (은행동, 시흥은계 호반 써밋플레이스)",경기도 시흥시 은행동 644 시흥은계 호반 써밋플레이스,14922,031-315-9996,37.4351025771,126.8037071995,즉석판매제조가공업,즉석판매제조가공업,,,0,N,,
,"경기도 시흥시 정왕대로 210, 1층 (정왕동)",경기도 시흥시 정왕동 1734-1,15066,,37.3459328804,126.7368812651,즉석판매제조가공업,즉석판매제조가공업,,,,N,,
,"경기도 시흥시 배곧1로 27-15, 지하1층 (배곧동, 한라비발디캠퍼스)",경기도 시흥시 배곧동 243 한라비발디캠퍼스,15011,,37.3636798562,126.7119931155,즉석판매제조가공업,즉석판매제조가공업,,,,N,,
,,경기도 시흥시 정왕동 0-0 시화공단3나802-1,15119,02-354-3735,,,즉석판매제조가공업,즉석판매제조가공업,,,0,N,,
,"경기도 시흥시 마유로238번길 26, 롯데마트시화점 1층 일부호 (정왕동)",경기도 시흥시 정왕동 1366-4,15079,,37.3376271419,126.7306774357,즉석판매제조가공업,즉석판매제조가공업,,,,N,,
,"경기도 시흥시 삼미시장3길 16, 시흥창대교회 2층 일부호 (신천동)",경기도 시흥시 신천동 739-5 시흥창대교회,14948,,37.4399676615,126.7837214832,즉석판매제조가공업,즉석판매제조가공업,,,,N,,
,"경기도 시흥시 군서로 12 (정왕동,102호)",경기도 시흥시 정왕동 1198-9 102호,15052,031-439-1227,37.3442874736,126.7502086178,즉석판매제조가공업,즉석판매제조가공업,,,0,N,,
,"경기도 시흥시 비둘기공원로 28, 롯데마트 시흥점 2층 (대야동)",경기도 시흥시 대야동 542 롯데마트 시흥점,14912,,37.4430368253,126.7919559438,즉석판매제조가공업,즉석판매제조가공업,,,,N,,
,"경기도 시흥시 시흥대로1074번길 5, 롯데슈퍼시흥점 (은행동)",경기도 시흥시 은행동 288-1 스페이스타워,14921,02-573-8136,37.4320543214,126.7936643149,즉석판매제조가공업,즉석판매제조가공업,,,,N,,
,경기도 시흥시 매화로 46,경기도 시흥시 매화동 199-2,14940,031-315-7410,37.4155072402,126.8145450656,즉석판매제조가공업,즉석판매제조가공업,,,0,N,,
,"경기도 시흥시 서울대학로278번길 67, 시흥배곧 롯데마트 지하1층 일부호 (정왕동)",경기도 시흥시 정왕동 2537 시흥배곧 롯데마트 지하1층 일부,15011,,37.3688907319,126.7313182505,즉석판매제조가공업,즉석판매제조가공업,,,,N,,
,"경기도 시흥시 정왕대로 210, E MART시화점 일부호 (정왕동)",경기도 시흥시 정왕동 1734-2 E MART시화점,15066,031-796-6893,37.3459328804,126.7368812651,즉석판매제조가공업,즉석판매제조가공업,,,,N,,
,"경기도 시흥시 서울대학로278번길 67, 롯데마트(시흥배곧점) 1층 (정왕동)",경기도 시흥시 정왕동 2537-1 롯데마트(시흥배곧점),15011,,37.3688907319,126.7313182505,즉석판매제조가공업,즉석판매제조가공업,,,,N,,
,"경기도 시흥시 서울대학로264번길 7, 시흥배곧 아브뉴프랑 센트럴 퍼플 304호 일부호 (배곧동)",경기도 시흥시 배곧동 220 시흥배곧 아브뉴프랑 센트럴 퍼플,15011,031-485-0349,37.3691267298,126.7260417622,즉석판매제조가공업,즉석판매제조가공업,,,0,N,,
,경기도 시흥시 복지로91번길 7,경기도 시흥시 대야동 453-2,14905,031-404-6667,37.4474904939,126.7906138557,즉석판매제조가공업,즉석판매제조가공업,,,,N,,
,"경기도 시흥시 은행로 267, 신명아파트 상가동 1층 104호 (은행동)",경기도 시흥시 은행동 538-1 신명아파트,14917,,37.4437293778,126.7977487718,즉석판매제조가공업,즉석판매제조가공업,,,,N,,
,"경기도 시흥시 은행로173번길 17, HOMEPLUS EXPRESS 1층 (대야동)",경기도 시흥시 대야동 572-3 HOMEPLUS EXPRESS,14914,,37.44484142,126.7968000667,즉석판매제조가공업,즉석판매제조가공업,,,,N,,
,"경기도 시흥시 배곧1로 27-15, 지하1층 일부호 (배곧동, 한라비발디캠퍼스)",경기도 시흥시 배곧동 243 한라비발디캠퍼스,15011,,37.3636798562,126.7119931155,즉석판매제조가공업,즉석판매제조가공업,,,,N,,
,"경기도 시흥시 정왕대로 210 (정왕동, 이마트시화점)",경기도 시흥시 정왕동 1734-1,15066,,37.3459328804,126.7368812651,즉석판매제조가공업,즉석판매제조가공업,,,,N,,
,"경기도 시흥시 정왕대로27번길 11, 신동아아파트 상가동 2층 203호 (정왕동)",경기도 시흥시 정왕동 1940-2 신동아아파트,15029,,37.3577492929,126.7215854217,즉석판매제조가공업,즉석판매제조가공업,,,,N,,
,경기도 시흥시 마유로238번길 26,경기도 시흥시 정왕동 1366-4,15079,031-496-7700,37.3376271419,126.7306774357,즉석판매제조가공업,즉석판매제조가공업,,,,N,,
,"경기도 시흥시 승지로 7, 상가동 105호 (능곡동)",경기도 시흥시 능곡동 782 상가동 105호,14995,031-404-1663,37.3650786365,126.8088381077,즉석판매제조가공업,즉석판매제조가공업,,,,N,,
,,경기도 시흥시 대야동 542 gs마트(내),,031-435-7500,,,즉석판매제조가공업,즉석판매제조가공업,,,0,N,,
,경기도 시흥시 오이도어시장로 7,경기도 시흥시 정왕동 2004-3 오이도종합어시장 A동 7호,15015,,37.3451101492,126.6890880534,즉석판매제조가공업,즉석판매제조가공업,,,0,N,,
,경기도 시흥시 군자로 517-1 (거모동),경기도 시흥시 거모동 1761-1,15068,031-492-8880,37.3439736949,126.7854358889,즉석판매제조가공업,즉석판매제조가공업,,,0,N,,
,,경기도 시흥시 대야동 542 코오롱마트(내),,,,,즉석판매제조가공업,즉석판매제조가공업,,,0,N,,
,"경기도 시흥시 호현로 30-1, 북시흥농협 하나로마트 1층 일부호 (대야동)",경기도 시흥시 대야동 496-11 북시흥농협,14909,,37.4434226193,126.7856668762,즉석판매제조가공업,즉석판매제조가공업,,,,N,,
,"경기도 시흥시 은계남로 12, 판매동 1층 124호 (은행동, 시흥은계 호반 써밋플레이스)",경기도 시흥시 은행동 150 시흥은계 호반 써밋플레이스,14922,,37.4351025771,126.8037071995,즉석판매제조가공업,즉석판매제조가공업,,,,N,,
,"경기도 시흥시 인선길 109, 106호 (장곡동, 매꼴마을 동양덱스빌상가)",경기도 시흥시 장곡동 804 매꼴마을 동양덱스빌상가,15002,,37.3806880566,126.7797562831,즉석판매제조가공업,즉석판매제조가공업,,,0,N,,
,"경기도 시흥시 월곶해안로 133 (월곶동, 153,154,155,156)",경기도 시흥시 월곶동 1013-12,14963,,37.3876563066,126.7353628154,즉석판매제조가공업,즉석판매제조가공업,,,0,N,,
,"경기도 시흥시 배곧4로 32-13, 이마트에브리데이 1층 일부호 (배곧동)",경기도 시흥시 배곧동 126,15010,,37.376956103,126.7268874805,즉석판매제조가공업,즉석판매제조가공업,,,,N,,
,"경기도 시흥시 비둘기공원로 28, 롯데마트 시흥점 2층 일부호 (대야동)",경기도 시흥시 대야동 542 롯데마트 시흥점,14912,051-831-5711,37.4430368253,126.7919559438,즉석판매제조가공업,즉석판매제조가공업,,,0,N,,
,경기도 시흥시 미산로 73 (주)월드파크 2층 (미산동),경기도 시흥시 미산동 84-1 (주)월드파크 2층호,14944,031-311-7668,37.4218098199,126.7964843375,즉석판매제조가공업,즉석판매제조가공업,,,0,N,,
,경기도 시흥시 정왕천로411번길 18,경기도 시흥시 정왕동 1192-6,15052,031-434-3770,37.3452900772,126.7505373476,즉석판매제조가공업,즉석판매제조가공업,,,0,N,,
,"경기도 시흥시 배곧1로 27-15, 상가3동 1층 107호 (배곧동, 한라비발디캠퍼스)",경기도 시흥시 배곧동 243 한라비발디캠퍼스,15011,,37.3636798562,126.7119931155,즉석판매제조가공업,즉석판매제조가공업,,,,N,,
,"경기도 시흥시 정왕대로 210, 2층 세계로식자재마트 식품매장 내 (정왕동)",경기도 시흥시 정왕동 1734-2 성담스퀘어,15066,,37.3459328804,126.7368812651,즉석판매제조가공업,즉석판매제조가공업,,,,N,,
,"경기도 시흥시 서울대학로278번길 67, 시흥배곧 롯데마트 지하1층 (정왕동)",경기도 시흥시 정왕동 2537 시흥배곧 롯데마트,15011,,37.3688907319,126.7313182505,즉석판매제조가공업,즉석판매제조가공업,,,,N,,
,"경기도 시흥시 은계중앙로 218, SJ타워 2층 204호일부,205호일부호 (은행동)",경기도 시흥시 은행동 608-14 SJ타워,14923,,37.4440371109,126.8055914508,즉석판매제조가공업,즉석판매제조가공업,,,,N,,
,경기도 시흥시 대골안길 64 (대야동),경기도 시흥시 대야동 486-3,14909,031-311-4824,37.4443513007,126.7872068143,즉석판매제조가공업,즉석판매제조가공업,,,0,N,,
,"경기도 시흥시 월곶해안로 121, 101호 일부호,104호,105호,106호 (월곶동)",경기도 시흥시 월곶동 1013-9,14963,031-433-5579,37.3881641296,126.7344426499,즉석판매제조가공업,즉석판매제조가공업,,상수도전용,0,N,,
,"경기도 시흥시 서해안로 699, 시흥 프리미엄 아울렛 1층 일부호 (배곧동)",경기도 시흥시 배곧동 36 시흥 프리미엄 아울렛,15010,070-4866-6002,37.3794646667,126.7384278982,즉석판매제조가공업,즉석판매제조가공업,,,,N,,
,경기도 시흥시 오이도어시장로 7,"경기도 시흥시 정왕동 2004-3 오이도종합어시장 A동 7,8호",15015,,37.3451101492,126.6890880534,즉석판매제조가공업,즉석판매제조가공업,,,0,N,,
,"경기도 시흥시 인선길 104, 노마진프라자 1층 109호 일부호 (장곡동)",경기도 시흥시 장곡동 803-3 노마진프라자,15002,,37.3802219867,126.7801899595,즉석판매제조가공업,즉석판매제조가공업,,,,N,,
,"경기도 시흥시 시흥대로1074번길 10 (은행동, 삼성홈타운 상가 101호)",경기도 시흥시 은행동 289-11 삼성홈타운상가 101호,14921,,37.4314932205,126.7939296775,즉석판매제조가공업,즉석판매제조가공업,,,0,N,,
,"경기도 시흥시 관곡지로 139, 연꽃테마파크 잔디광장 내 (하중동)",경기도 시흥시 하중동 271 시흥시농업기술센터,14973,,37.4006890149,126.808386896,즉석판매제조가공업,즉석판매제조가공업,,,,N,,
,"경기도 시흥시 오이도로 173, B동 150호 (정왕동,오이도직판장)",경기도 시흥시 정왕동 2003-12 오이도직판장 B동 150호,15015,,37.3454457514,126.6880796381,즉석판매제조가공업,즉석판매제조가공업,,,0,N,,
,"경기도 시흥시 배곧전원로 18-6, 청연 1층 일부호 (배곧동)",경기도 시흥시 배곧동 101-29,15010,,37.3788055461,126.7271395751,즉석판매제조가공업,즉석판매제조가공업,,,0,N,,
,"경기도 시흥시 능곡로 182, 홈플러스익스프레스 능곡점 1층 (능곡동)",경기도 시흥시 능곡동 753 홈플러스익스프레스능곡점 1층,14995,031-791-5618,37.3682632809,126.8108643032,즉석판매제조가공업,즉석판매제조가공업,,,,N,,
,"경기도 시흥시 배곧4로 32-28, 1층 112호 일부호 (배곧동)",경기도 시흥시 배곧동 119,15010,,37.378166878,126.7259601659,즉석판매제조가공업,즉석판매제조가공업,,,,N,,
,"경기도 시흥시 배곧4로 32-32, 1층 일부호 (배곧동)",경기도 시흥시 배곧동 118,15010,031-432-3132,37.3783990725,126.7256302267,즉석판매제조가공업,즉석판매제조가공업,,,,N,,
,"경기도 시흥시 관곡지로 139, 시흥시농업기술센터 연꽃테마파크 잔디광장 판매부스 내 (하중동)",경기도 시흥시 하중동 271 시흥시농업기술센터,14973,,37.4006890149,126.808386896,즉석판매제조가공업,즉석판매제조가공업,,,0,N,,
,"경기도 시흥시 새재로17번길 3, 이마트에브리데이 장현점 1층 일부호호 (장현동)",경기도 시흥시 장현동 543-1,14998,,37.3810543546,126.8017561503,즉석판매제조가공업,즉석판매제조가공업,,,0,N,,
,"경기도 시흥시 삼미시장2길 36, 1층 104호 일부호 (신천동)",경기도 시흥시 신천동 739-14,14948,,37.4401574151,126.7837988042,즉석판매제조가공업,즉석판매제조가공업,,,,N,,
,경기도 시흥시 장곡로 74,"경기도 시흥시 장곡동 802-1,2,3 금강프라자 104호",15002,031-318-5264,37.3797651344,126.7806574278,즉석판매제조가공업,즉석판매제조가공업,,,0,N,,
,"경기도 시흥시 비둘기공원로 28, 롯데마트 시흥점 1층 일부호 (대야동)",경기도 시흥시 대야동 542 롯데마트 시흥점,14912,053-325-6005,37.4430368253,126.7919559438,즉석판매제조가공업,즉석판매제조가공업,,,,N,,
,"경기도 시흥시 수인로 3309, 하나로마트 북시흥농협 본점 1층 일부호 (신천동)",경기도 시흥시 신천동 83-4,14950,,37.4384638811,126.7914451358,즉석판매제조가공업,즉석판매제조가공업,,,,N,,
,"경기도 시흥시 복지로43번길 32-2, 1층 (대야동)",경기도 시흥시 대야동 485-14 1층,14909,031-434-5514,37.4446326222,126.7860284343,즉석판매제조가공업,즉석판매제조가공업,,,0,N,,
,경기도 시흥시 서촌상가4길 14,경기도 시흥시 정왕동 1731-10 시화프라자 103호,15036,031-319-9592,37.3456128266,126.7319959279,즉석판매제조가공업,즉석판매제조가공업,,,0,N,,
,"경기도 시흥시 함송로 15, 화신프라자 2층 201호 일부호 (정왕동)",경기도 시흥시 정왕동 1881-11 화신프라자,15020,,37.3640347307,126.7302949768,즉석판매제조가공업,즉석판매제조가공업,,,,N,,
,"경기도 시흥시 소망공원로 323, 1층 127(일부)호 (정왕동, 보성스퀘어원지식산업센터)",경기도 시흥시 정왕동 1287-5 127호 일부,15106,,37.3282922765,126.7325786155,즉석판매제조가공업,즉석판매제조가공업,,상수도전용,,N,,
,경기도 시흥시 옥구공원로 183 (정왕동),경기도 시흥시 정왕동 1733-4,15036,,37.3450091694,126.732035946,즉석판매제조가공업,즉석판매제조가공업,,,0,N,,
,경기도 시흥시 오이도어시장로 7,경기도 시흥시 정왕동 2004-3 A동 15호,15015,031-499-4705,37.3451101492,126.6890880534,즉석판매제조가공업,즉석판매제조가공업,,,0,N,,
,"경기도 시흥시 월곶해안로 193, 1층 일부호 (월곶동)",경기도 시흥시 월곶동 1015-27,14963,031-317-4969,37.3873321703,126.741014243,즉석판매제조가공업,즉석판매제조가공업,,,,N,,
,"경기도 시흥시 정왕천로 395, 신양빌딩 지1층 1호 (정왕동)",경기도 시흥시 정왕동 1215-7 신양빌딩,15052,,37.3433905945,126.7509174965,즉석판매제조가공업,즉석판매제조가공업,,,,N,,
,경기도 시흥시 오이도어시장로 7,"경기도 시흥시 정왕동 2004-3 A동-120,169호",15015,031-497-5677,37.3451101492,126.6890880534,즉석판매제조가공업,즉석판매제조가공업,,,0,N,,
,"경기도 시흥시 배곧4로 30, 배곧타운I 109호 일부호 (배곧동)",경기도 시흥시 배곧동 124 배곧타운I,15010,,37.377338562,126.7274821771,즉석판매제조가공업,즉석판매제조가공업,,,,N,,
,"경기도 시흥시 배곧4로 106-25, 1144동 2층 202호 (배곧동, 호반베르디움 센트로하임아파트)",경기도 시흥시 배곧동 174 호반베르디움 센트로하임아파트,15010,,37.37156307,126.7333690608,즉석판매제조가공업,즉석판매제조가공업,,,,N,,
,"경기도 시흥시 정왕대로53번길 31, 한일아파트 주상가동 2층 206호 (정왕동)",경기도 시흥시 정왕동 1865 한일아파트 주상가동 206호,15029,,37.3576113723,126.7252905579,즉석판매제조가공업,즉석판매제조가공업,,,,N,,
,경기도 시흥시 은행로 267 (은행동),경기도 시흥시 은행동 538-1 신명상가 1층,14917,,37.4437293778,126.7977487718,즉석판매제조가공업,즉석판매제조가공업,,,0,N,,
,"경기도 시흥시 서울대학로278번길 67, 시흥배곧 롯데마트 일부호 (배곧동)",경기도 시흥시 배곧동 202 시흥배곧 롯데마트,15011,,37.3688907319,126.7313182505,즉석판매제조가공업,즉석판매제조가공업,,,,N,,
,"경기도 시흥시 희망공원로 269, 2층 (정왕동)",경기도 시흥시 정왕동 2166-4 2층,15081,031-310-8152,37.3452082082,126.725237369,즉석판매제조가공업,즉석판매제조가공업,,,,N,,
,"경기도 시흥시 서해안로 699, 1층 9001호 (정왕동, 신세계프리미엄아울렛)",경기도 시흥시 정왕동 1772-7 신세계프리미엄아울렛 9001호,15010,,37.3794646667,126.7384278982,즉석판매제조가공업,즉석판매제조가공업,,,,N,,
,경기도 시흥시 마유로238번길 26,경기도 시흥시 정왕동 1366-4 LG마트,15079,02-2664-8722,37.3376271419,126.7306774357,즉석판매제조가공업,즉석판매제조가공업,,,0,N,,
,"경기도 시흥시 오이도로 173, B동 1층 42,43호 (정왕동)",경기도 시흥시 정왕동 2003-12,15015,,37.3454457514,126.6880796381,즉석판매제조가공업,즉석판매제조가공업,,,,N,,
,경기도 시흥시 월곶해안로 133,"경기도 시흥시 월곶동 1013-12 147,148,149호",14963,031-317-3082,37.3876563066,126.7353628154,즉석판매제조가공업,즉석판매제조가공업,,,0,N,,
,,경기도 시흥시 정왕동 32-1 정왕역사(내),15007,02-430-7171,37.3724894506,126.7471635516,즉석판매제조가공업,즉석판매제조가공업,,,0,N,,
,경기도 시흥시 마유로238번길 26,경기도 시흥시 정왕동 1366-4 1층,15079,,37.3376271419,126.7306774357,즉석판매제조가공업,즉석판매제조가공업,,,,N,,
,경기도 시흥시 마유로238번길 26,경기도 시흥시 정왕동 1366-4 LG마트내,15079,031-497-7741,37.3376271419,126.7306774357,즉석판매제조가공업,즉석판매제조가공업,,,0,N,,
,"경기도 시흥시 배곧4로 22, 1층 123호 (배곧동)",경기도 시흥시 배곧동 122 배곧타운2,15010,031-499-0234,37.377578519,126.7269601551,즉석판매제조가공업,즉석판매제조가공업,,,,N,,
,경기도 시흥시 신천4길 21,경기도 시흥시 신천동 388-15 스마일할인마트(내),14948,,37.4380795715,126.7800543997,즉석판매제조가공업,즉석판매제조가공업,,,0,N,,
,경기도 시흥시 호현로9번길 5,경기도 시흥시 신천동 713-3,14904,031-315-7600,37.4420538224,126.7828989759,즉석판매제조가공업,즉석판매제조가공업,,,,N,,
,"경기도 시흥시 정왕대로 210, E MART시화점 (정왕동)",경기도 시흥시 정왕동 1734-2 E MART시화점,15066,,37.3459328804,126.7368812651,즉석판매제조가공업,즉석판매제조가공업,,,,N,,
,"경기도 시흥시 장현능곡로 155, 시흥 플랑드르 (풸빙푸드) 지1층 일부호 (능곡동)",경기도 시흥시 능곡동 871 시흥 플랑드르,15121,,37.3710186339,126.8072928232,즉석판매제조가공업,즉석판매제조가공업,,,,N,,
,"경기도 시흥시 매화1로 2, B동 105호 (매화동)",경기도 시흥시 매화동 200-5,14940,,37.4160292165,126.8144047009,즉석판매제조가공업,즉석판매제조가공업,,,,N,,
,"경기도 시흥시 배곧1로 27-15, 지하1층 (배곧동, 한라비발디캠퍼스)",경기도 시흥시 배곧동 243 한라비발디캠퍼스,15011,041-9497-7203,37.3636798562,126.7119931155,즉석판매제조가공업,즉석판매제조가공업,,,,N,,
,"경기도 시흥시 서울대학로278번길 67, 롯데마트(시흥배곧점) (배곧동)",경기도 시흥시 배곧동 203 롯데마트(시흥배곧점),15011,,37.3688907319,126.7313182505,즉석판매제조가공업,즉석판매제조가공업,,,,N,,
,"경기도 시흥시 마유로238번길 26 (정왕동, 롯데마트내1층)",경기도 시흥시 정왕동 1366-4 롯데마트내1층,15079,,37.3376271419,126.7306774357,즉석판매제조가공업,즉석판매제조가공업,,,0,N,,
,경기도 시흥시 신천3길 27-1,경기도 시흥시 신천동 761,14948,031-692-0195,37.4386217701,126.7832482393,즉석판매제조가공업,즉석판매제조가공업,,,0,N,,
,"경기도 시흥시 수인로 3372, 신천프라자 지하1층 (신천동)",경기도 시흥시 신천동 712-9 신천프라자,14910,,37.4411251667,126.7843434953,즉석판매제조가공업,즉석판매제조가공업,,,,N,,
,,경기도 시흥시 정왕동 58-7 22통월드(아)상가 지하LG슈퍼내,15119,02-407-1848,,,즉석판매제조가공업,즉석판매제조가공업,,,0,N,,
,경기도 시흥시 도일로 133 (거모동),경기도 시흥시 거모동 1753-1,15070,031-493-8100,37.342226503,126.7841880159,즉석판매제조가공업,즉석판매제조가공업,,,,N,,
,"경기도 시흥시 희망공원로 269 (정왕동, 홈플러스시화점 2층)",경기도 시흥시 정왕동 2166-4 홈플러스 시화점 2층,15081,,37.3452082082,126.725237369,즉석판매제조가공업,즉석판매제조가공업,,,,N,,
,"경기도 시흥시 장곡로53번길 3, 103호 (장곡동)",경기도 시흥시 장곡동 809-16 103호,15002,031-492-6861,37.3791932728,126.7829670863,즉석판매제조가공업,즉석판매제조가공업,,,,N,,
,,"경기도 시흥시 정왕동 0-0 시화공단3나802-1,엘지마트내",15119,,,,즉석판매제조가공업,즉석판매제조가공업,,,0,N,,
,"경기도 시흥시 마유로238번길 26 (정왕동, 롯데마트 시화점)",경기도 시흥시 정왕동 1366-3,15079,,37.3376271419,126.7306774357,즉석판매제조가공업,즉석판매제조가공업,,,,N,,
,"경기도 시흥시 능곡군자1길 82, 1층 일부호 (군자동)",경기도 시흥시 군자동 807-9 101호,14999,,37.3663026804,126.8054502238,즉석판매제조가공업,즉석판매제조가공업,,,0,N,,
,"경기도 시흥시 마유로238번길 26 (정왕동, 롯데마트시화점)",경기도 시흥시 정왕동 1366-4 롯데마트시화점,15079,,37.3376271419,126.7306774357,즉석판매제조가공업,즉석판매제조가공업,,,0,N,,
,"경기도 시흥시 삼미시장4길 23, 1층 (신천동)",경기도 시흥시 신천동 756-3 1층,14948,,37.439823208,126.7821967947,즉석판매제조가공업,즉석판매제조가공업,,상수도전용,0,N,,
,경기도 시흥시 논곡길 11 (논곡동),경기도 시흥시 논곡동 250-1,14982,031-405-9692,37.3939037624,126.8549941981,즉석판매제조가공업,즉석판매제조가공업,,,0,N,,
,경기도 시흥시 진말로9번길 2,경기도 시흥시 장곡동 820-3,15002,031-404-5784,37.378468074,126.7852668701,즉석판매제조가공업,즉석판매제조가공업,,,,N,,
,"경기도 시흥시 옥터로 50, 1층 일부호 (정왕동)",경기도 시흥시 정왕동 2017-1 102호,15015,,37.3434745271,126.6911152026,즉석판매제조가공업,즉석판매제조가공업,,,,N,,
,"경기도 시흥시 장현능곡로 198 (능곡동, 1층 일부)",경기도 시흥시 능곡동 737 1층 일부,14995,,37.3690811107,126.8119974743,즉석판매제조가공업,즉석판매제조가공업,,,0,N,,
,"경기도 시흥시 서울대학로278번길 67, 시흥배곧 롯데마트 1층 일부호 (정왕동)",경기도 시흥시 정왕동 2537 시흥배곧 롯데마트,15011,,37.3688907319,126.7313182505,즉석판매제조가공업,즉석판매제조가공업,,,,N,,
,"경기도 시흥시 시흥대로1074번길 5, 롯데슈퍼시흥은행점 내 (은행동)",경기도 시흥시 은행동 288-1 스페이스타워,14921,,37.4320543214,126.7936643149,즉석판매제조가공업,즉석판매제조가공업,,,,N,,
,"경기도 시흥시 수인로 2966, 가동 1층 일부호 (매화동)",경기도 시흥시 매화동 39-1,14931,,37.4209383352,126.8169479595,즉석판매제조가공업,즉석판매제조가공업,,,,N,,
,"경기도 시흥시 정왕대로27번길 11, 신동아아파트 2단지 상가동 2층 203호 (정왕동)",경기도 시흥시 정왕동 1940-2 신동아아파트,15029,031-497-6353,37.3577492929,126.7215854217,즉석판매제조가공업,즉석판매제조가공업,,,,N,,
,경기도 시흥시 호현로49번길 4-1,경기도 시흥시 대야동 484-10,14904,031-311-8669,37.4446787716,126.7847166249,즉석판매제조가공업,즉석판매제조가공업,,상수도전용,0,N,,
,"경기도 시흥시 배곧4로 81-46, 솔로몬프라자 102호의 일부호 (정왕동)",경기도 시흥시 정왕동 2468 솔로몬프라자,15010,031-432-9455,37.3746335805,126.7342752428,즉석판매제조가공업,즉석판매제조가공업,,,,N,,
,경기도 시흥시 마유로238번길 26,경기도 시흥시 정왕동 1366-4 GS마트,15079,,37.3376271419,126.7306774357,즉석판매제조가공업,즉석판매제조가공업,,,,N,,
,경기도 시흥시 마유로238번길 26,경기도 시흥시 정왕동 1366-4 GS마트 시화점,15079,031-496-7700,37.3376271419,126.7306774357,즉석판매제조가공업,즉석판매제조가공업,,,0,N,,
,"경기도 시흥시 은행로 292, 대우3차아파트 상가1동동 1층 1105호 (은행동)",경기도 시흥시 은행동 549-1 대우3차아파트,14918,,37.4408898558,126.7977074833,즉석판매제조가공업,즉석판매제조가공업,,,,N,,
,경기도 시흥시 수인로3413번길 33,경기도 시흥시 신천동 817-1 1층,14947,031-311-1537,37.4394483655,126.7783682749,즉석판매제조가공업,즉석판매제조가공업,,,0,N,,
,"경기도 시흥시 서울대학로278번길 67, 시흥배곧 롯데마트 1층 일부호 (배곧동)",경기도 시흥시 배곧동 202 시흥배곧 롯데마트,15011,070-4300-9589,37.3688907319,126.7313182505,즉석판매제조가공업,즉석판매제조가공업,,,,N,,
,경기도 시흥시 희망공원로 269,경기도 시흥시 정왕동 2166-4,15081,031-310-8000,37.3452082082,126.725237369,즉석판매제조가공업,즉석판매제조가공업,,,,N,,
,경기도 시흥시 마유로238번길 26,경기도 시흥시 정왕동 1366-4 LG마트,15079,031-766-9161,37.3376271419,126.7306774357,즉석판매제조가공업,즉석판매제조가공업,,,0,N,,
,"경기도 시흥시 진말로9번길 8, 1층 (장곡동)",경기도 시흥시 장곡동 820-7 1층,15002,,37.3783844293,126.7848497504,즉석판매제조가공업,즉석판매제조가공업,,,0,N,,
,"경기도 시흥시 비둘기공원7길 33, 디아망타운 1층 111호 (대야동)",경기도 시흥시 대야동 543-1 디아망타운,14912,,37.4430055784,126.7927588701,즉석판매제조가공업,즉석판매제조가공업,,,,N,,
,경기도 시흥시 정왕대로 210,경기도 시흥시 정왕동 1734-1,15066,031-496-4123,37.3459328804,126.7368812651,즉석판매제조가공업,즉석판매제조가공업,,,0,N,,
,경기도 시흥시 희망공원로 269,경기도 시흥시 정왕동 2166-4 홈플러스 시화점,15081,031-492-3678,37.3452082082,126.725237369,즉석판매제조가공업,즉석판매제조가공업,,,,N,,
,"경기도 시흥시 배곧4로 32-13, 107~110호, B103호 일부호 (배곧동)",경기도 시흥시 배곧동 126,15010,,37.376956103,126.7268874805,즉석판매제조가공업,즉석판매제조가공업,,,,N,,
,"경기도 시흥시 정왕신길로49번길 37, 상가동 B02호 (정왕동, 서해A )",경기도 시흥시 정왕동 1886-3 서해A 상가동 B02호,15021,,37.3610582525,126.7286089452,즉석판매제조가공업,즉석판매제조가공업,,,0,N,,
,경기도 시흥시 연성로 83-1,경기도 시흥시 하상동 376-1 102호,14977,031-435-1388,37.3910419926,126.8126101925,즉석판매제조가공업,즉석판매제조가공업,,,,N,,
,"경기도 시흥시 진말로9번길 2, 104호 일부호 (장곡동)",경기도 시흥시 장곡동 820-3 부석프라자,15002,,37.378468074,126.7852668701,즉석판매제조가공업,즉석판매제조가공업,,,,N,,
,"경기도 시흥시 봉우재로 16, 2층 일부호 (정왕동)",경기도 시흥시 정왕동 1593-2 사랑의교회,15057,,37.3445782669,126.7434995445,즉석판매제조가공업,즉석판매제조가공업,,,,N,,
,"경기도 시흥시 비둘기공원로 28, 롯데마트 시흥점 (대야동)",경기도 시흥시 대야동 542 롯데마트 시흥점,14912,,37.4430368253,126.7919559438,즉석판매제조가공업,즉석판매제조가공업,,,,N,,
,"경기도 시흥시 은행로173번길 17, HOMEPLUS EXPRESS (대야동)",경기도 시흥시 대야동 572-3 HOMEPLUS EXPRESS,14914,031-791-5618,37.44484142,126.7968000667,즉석판매제조가공업,즉석판매제조가공업,,,,N,,
,"경기도 시흥시 함송로14번길 30, 홈플러스익스프레스시흥정왕2점 1층 (정왕동)",경기도 시흥시 정왕동 1886-2,15021,031-791-5618,37.3621873145,126.72897004,즉석판매제조가공업,즉석판매제조가공업,,,,N,,
,"경기도 시흥시 배곧1로 27-15, 지하1층 101호 일부호 (배곧동, 한라비발디캠퍼스)",경기도 시흥시 배곧동 243 한라비발디캠퍼스,15011,,37.362284643,126.7122787254,즉석판매제조가공업,즉석판매제조가공업,,,,N,,
,경기도 시흥시 비둘기공원로 28,경기도 시흥시 대야동 542 GS마트 내,14912,031-425-7500,37.4430368253,126.7919559438,즉석판매제조가공업,즉석판매제조가공업,,,0,N,,
,"경기도 시흥시 비둘기공원로 28, 롯데마트 시흥점 2층 (대야동)",경기도 시흥시 대야동 542 롯데마트 시흥점,14912,070-4300-9589,37.4430368253,126.7919559438,즉석판매제조가공업,즉석판매제조가공업,,,,N,,
,"경기도 시흥시 은행로 70, 1층 (은행동)",경기도 시흥시 은행동 산 37-22 1층,14920,031-404-6750,37.4382320105,126.7963871509,즉석판매제조가공업,즉석판매제조가공업,,,,N,,
,"경기도 시흥시 수인로2421번길 8, 1층 101, 102호 (논곡동)",경기도 시흥시 논곡동 242-1,14982,031-401-4505,37.3941002432,126.8563143058,즉석판매제조가공업,즉석판매제조가공업,,,,N,,
,경기도 시흥시 오이도어시장로 7,경기도 시흥시 정왕동 2004-3 종합어시장 A동 190호,15015,031-497-7664,37.3451101492,126.6890880534,즉석판매제조가공업,즉석판매제조가공업,,,,N,,
,"경기도 시흥시 희망공원로 269, 홈플러스시화점 일부호 (정왕동)",경기도 시흥시 정왕동 2166-4 홈플러스시화점,15081,031-311-4992,37.3452082082,126.725237369,즉석판매제조가공업,즉석판매제조가공업,,,,N,,
,경기도 시흥시 대야로43번길 10,경기도 시흥시 대야동 453-10,14905,031-691-3126,37.4475310105,126.7898560145,즉석판매제조가공업,즉석판매제조가공업,,,0,N,,
,"경기도 시흥시 희망공원로 269 (정왕동, 홈플러스시화점)",경기도 시흥시 정왕동 2166-4,15081,031-311-4992,37.3452082082,126.725237369,즉석판매제조가공업,즉석판매제조가공업,,,,N,,
,"경기도 시흥시 진말로 36-1, 진말대우 우성아파트 상가동 1층 107일부호 (장곡동)",경기도 시흥시 장곡동 828 진말대우 우성아파트,15002,,37.3811868982,126.7862124692,즉석판매제조가공업,즉석판매제조가공업,,,0,N,,
,"경기도 시흥시 월곶중앙로30번안길 33, 빅마트월곶점 일부호 (월곶동)",경기도 시흥시 월곶동 1008-1,14966,,37.3902167213,126.7396408538,즉석판매제조가공업,즉석판매제조가공업,,,,N,,
,"경기도 시흥시 서울대학로278번길 67, 시흥배곧 롯데마트 1층 일부호 (배곧동)",경기도 시흥시 배곧동 202 시흥배곧 롯데마트,15011,051-831-5711,37.3688907319,126.7313182505,즉석판매제조가공업,즉석판매제조가공업,,,0,N,,
,"경기도 시흥시 마유로238번길 26, 롯데마트시화점 1층 일부호 (정왕동)",경기도 시흥시 정왕동 1366-4,15079,,37.3376271419,126.7306774357,즉석판매제조가공업,즉석판매제조가공업,,,0,N,,
,"경기도 시흥시 서울대학로278번길 67, 시흥배곧 롯데마트 1층 (배곧동)",경기도 시흥시 배곧동 202 시흥배곧 롯데마트,15011,031-543-6513,37.3688907319,126.7313182505,즉석판매제조가공업,즉석판매제조가공업,,,,N,,
,"경기도 시흥시 시청로72번길 11-7, 1층 일부호 (장현동)",경기도 시흥시 장현동 536-1 (한끼분식(일반음식점)과 주방 공동사용) 105호,14998,,37.3816746596,126.7999544199,즉석판매제조가공업,즉석판매제조가공업,,,0,N,,
,"경기도 시흥시 서울대학로278번길 19-13, 108동 1층 B-113호 (배곧동, 시흥배곧 C1블럭 호반 써밋플레이스 아파트)",경기도 시흥시 배곧동 191 시흥배곧 C1블럭 호반 써밋플레이스 아파트,,031-433-5543,,,즉석판매제조가공업,즉석판매제조가공업,,,,N,,
,"경기도 시흥시 서울대학로278번길 67, 시흥배곧 롯데마트 1층 (정왕동)",경기도 시흥시 정왕동 2537 시흥배곧 롯데마트,15011,,37.3688907319,126.7313182505,즉석판매제조가공업,즉석판매제조가공업,,,,N,,
,"경기도 시흥시 배곧4로 22, 배곧타운2 112호 (배곧동)",경기도 시흥시 배곧동 122 배곧타운2,15010,,37.377578519,126.7269601551,즉석판매제조가공업,즉석판매제조가공업,,,,N,,
,"경기도 시흥시 정왕대로 210, E MART시화점 (정왕동)",경기도 시흥시 정왕동 1734-2 E MART시화점,15066,02-3397-6093,37.3459328804,126.7368812651,즉석판매제조가공업,즉석판매제조가공업,,,,N,,
,경기도 시흥시 희망공원로 269,경기도 시흥시 정왕동 2166-4 홈플러스 2층,15081,,37.3452082082,126.725237369,즉석판매제조가공업,즉석판매제조가공업,,,,N,,
,경기도 시흥시 마유로238번길 26,경기도 시흥시 정왕동 1366-4 LG마트(내),15079,031-496-7780,37.3376271419,126.7306774357,즉석판매제조가공업,즉석판매제조가공업,,,0,N,,
,"경기도 시흥시 대야로43번길 17, 1층 일부호 (대야동)",경기도 시흥시 대야동 457,14905,,37.4477315125,126.7887235809,즉석판매제조가공업,즉석판매제조가공업,,,,N,,
,"경기도 시흥시 평안상가1길 1, 한샘식자재마트 일부호 (정왕동)",경기도 시흥시 정왕동 1622,15062,,37.3388673438,126.7483320831,즉석판매제조가공업,즉석판매제조가공업,,,,N,,
,경기도 시흥시 월곶중앙로 71,경기도 시흥시 월곶동 1011-15 센타프라자 1층 103호,14963,031-521-7606,37.3889758169,126.7373037111,즉석판매제조가공업,즉석판매제조가공업,,,0,N,,
,"경기도 시흥시 시흥대로1074번길 17-1 (은행동, 상가동 101,102호)","경기도 시흥시 은행동 293-1 상가동 101,102호",14921,031-312-2984,37.4315564709,126.7954662849,즉석판매제조가공업,즉석판매제조가공업,,,0,N,,
,"경기도 시흥시 월곶중앙로 48, 111호 (월곶동)",경기도 시흥시 월곶동 1006-3 111호,14966,031-506-3304,37.3885788895,126.7400527718,즉석판매제조가공업,즉석판매제조가공업,,,0,N,,
,"경기도 시흥시 배곧4로 32-13, 이마트에브리데이 일부호 (배곧동)",경기도 시흥시 배곧동 126,15010,,37.376956103,126.7268874805,즉석판매제조가공업,즉석판매제조가공업,,,,N,,
,"경기도 시흥시 오이도어시장로 7, 185호 (정왕동)",경기도 시흥시 정왕동 2004-3 185호,15015,,37.3451101492,126.6890880534,즉석판매제조가공업,즉석판매제조가공업,,,,N,,
,"경기도 시흥시 장곡로 23 (장곡동, 중앙시장마트)",경기도 시흥시 장곡동 823-2 중앙시장마트,15002,031-317-4422,37.3790954387,126.7861645217,즉석판매제조가공업,즉석판매제조가공업,,,0,N,,
,경기도 시흥시 장곡로49번길 6,경기도 시흥시 장곡동 809-4,15002,,37.3790591028,126.7831377896,즉석판매제조가공업,즉석판매제조가공업,,,0,N,,
,"경기도 시흥시 오이도로 167, A동 73,74,75호 (정왕동, 오이도수산물직판장)","경기도 시흥시 정왕동 2003-8 오이도수산물직판장 73,74,75호 A동",15015,031-433-5884,37.3458883179,126.6882103529,즉석판매제조가공업,즉석판매제조가공업,,,0,N,,
,경기도 시흥시 호현로21번길 19 (신천동),경기도 시흥시 신천동 716-7,14904,031-317-9233,37.4428531707,126.7824278567,즉석판매제조가공업,즉석판매제조가공업,,,,N,,
,경기도 시흥시 비둘기공원로 28,경기도 시흥시 대야동 542,14912,031-435-7500,37.4430368253,126.7919559438,즉석판매제조가공업,즉석판매제조가공업,,,,N,,
,"경기도 시흥시 정왕대로 210, E MART시화점 3층 (정왕동)",경기도 시흥시 정왕동 1734-2 E MART시화점,15066,031-858-1226,37.3459328804,126.7368812651,즉석판매제조가공업,즉석판매제조가공업,,,,N,,
,"경기도 시흥시 은계번영길 25, 미림프라자 7층 704호 일부호 (은행동)",경기도 시흥시 은행동 646-11 미림프라자,14922,,37.436780611,126.8039629429,즉석판매제조가공업,즉석판매제조가공업,,,0,N,,
,"경기도 시흥시 마유로238번길 26 (정왕동, 롯데마트 1층)",경기도 시흥시 정왕동 1366-4번지 롯데마트 1층,15079,,37.3376271419,126.7306774357,즉석판매제조가공업,즉석판매제조가공업,,,0,N,,
,경기도 시흥시 동서로 1079,경기도 시흥시 조남동 171-8 103호,14984,031-414-7654,37.3852412442,126.8599031139,즉석판매제조가공업,즉석판매제조가공업,,,0,N,,
,"경기도 시흥시 서울대학로278번길 67, 시흥배곧 롯데마트 1층 일부호 (배곧동)",경기도 시흥시 배곧동 202 시흥배곧 롯데마트,15011,,37.3688907319,126.7313182505,즉석판매제조가공업,즉석판매제조가공업,,,0,N,,
,"경기도 시흥시 복지로 15, 2층 206호 일부호 (신천동, 시흥5차푸르지오)",경기도 시흥시 신천동 709-32 시흥5차푸르지오,14910,,37.4416793445,126.7865538933,즉석판매제조가공업,즉석판매제조가공업,,,0,N,,
,"경기도 시흥시 신흥마을1길 18, 1층 (신천동)",경기도 시흥시 신천동 819-8,14947,,37.4380423307,126.7783817765,즉석판매제조가공업,즉석판매제조가공업,,,0,N,,
,"경기도 시흥시 정왕대로 210, 2층 (정왕동, 이마트시화점)",경기도 시흥시 정왕동 1734-1,15066,062-224-2300,37.3459328804,126.7368812651,즉석판매제조가공업,즉석판매제조가공업,,,,N,,
,"경기도 시흥시 시흥대로1074번길 5, 롯데슈퍼시흥은행점매장내 상가1층 (은행동)",경기도 시흥시 은행동 288-1 롯데슈퍼시흥은행점 매장내 상가1층,14921,,37.4320543214,126.7936643149,즉석판매제조가공업,즉석판매제조가공업,,,,N,,
,"경기도 시흥시 서울대학로278번길 67, 시흥배곧 롯데마트 1층 일부호 (배곧동)",경기도 시흥시 배곧동 202 시흥배곧 롯데마트,15011,070-4300-9589,37.3688907319,126.7313182505,즉석판매제조가공업,즉석판매제조가공업,,,0,N,,
,경기도 시흥시 매화2로 40,경기도 시흥시 매화동 356-3,14940,031-313-1888,37.4168444359,126.8104420063,즉석판매제조가공업,즉석판매제조가공업,,,0,N,,
,경기도 시흥시 정왕신길로49번길 37 (정왕동),경기도 시흥시 정왕동 1886-3 서해아파트상가 지하3호,15021,031-499-7380,37.3610582525,126.7286089452,즉석판매제조가공업,즉석판매제조가공업,,,0,N,,
,"경기도 시흥시 수인로 2966, 가동 1층 일부호 (매화동)",경기도 시흥시 매화동 39-1,14931,041-566-5360,37.4209383352,126.8169479595,즉석판매제조가공업,즉석판매제조가공업,,,,N,,
,"경기도 시흥시 정왕대로 210, E MART시화점 2층 일부호 (정왕동)",경기도 시흥시 정왕동 1734-2 E MART시화점,15066,070-4027-7288,37.3459328804,126.7368812651,즉석판매제조가공업,즉석판매제조가공업,,,,N,,
,"경기도 시흥시 서울대학로278번길 25-24, 다인로얄팰리스 배곧1차 3층 302호 (배곧동)",경기도 시흥시 배곧동 198-1 다인로얄팰리스 배곧1차,15011,,37.3695195634,126.7296065017,즉석판매제조가공업,즉석판매제조가공업,,,0,N,,
,경기도 시흥시 신천로 46 (신천동),경기도 시흥시 신천동 860-16,14950,031-311-7373,37.4351837686,126.7885823653,즉석판매제조가공업,즉석판매제조가공업,,상수도전용,0,N,,
,경기도 시흥시 하상로 14-6,경기도 시흥시 하상동 371-3,14977,031-435-1232,37.391739749,126.813247749,즉석판매제조가공업,즉석판매제조가공업,,,,N,,
,"경기도 시흥시 구수미1길 127-19, 1층 일부호 (방산동)",경기도 시흥시 방산동 157-2,14956,,37.4233811659,126.7775505587,즉석판매제조가공업,즉석판매제조가공업,,지하수전용,0,N,,
,경기도 시흥시 오이도로 173,경기도 시흥시 정왕동 2003-12 오이도수산물직판장 B동 138호,15015,,37.3454457514,126.6880796381,즉석판매제조가공업,즉석판매제조가공업,,,,N,,
,"경기도 시흥시 배곧1로 27-15, 상가1동 지하1층 101호 일부호 (배곧동, 한라비발디캠퍼스)",경기도 시흥시 배곧동 243 한라비발디캠퍼스,15011,,37.3636798562,126.7119931155,즉석판매제조가공업,즉석판매제조가공업,,,,N,,
,"경기도 시흥시 시흥대로1074번길 5, 스페이스타워 1층 일부호 (은행동)",경기도 시흥시 은행동 288-1 스페이스타워,14921,032-573-4358,37.4320543214,126.7936643149,즉석판매제조가공업,즉석판매제조가공업,,,,N,,
,경기도 시흥시 대야로 46,경기도 시흥시 대야동 454 행복하우스 A동 102호,14905,031-314-8688,37.4473934533,126.7909652374,즉석판매제조가공업,즉석판매제조가공업,,,0,N,,
,"경기도 시흥시 옥구천동로 402, 월드아파트 (정왕동)",경기도 시흥시 정왕동 1873-3 월드아파트,15027,,37.3567512193,126.7302225709,즉석판매제조가공업,즉석판매제조가공업,,,,N,,
,경기도 시흥시 시흥대로1074번길 21 (은행동),경기도 시흥시 은행동 289-43,14921,031-693-2176,37.4314021704,126.7952868842,즉석판매제조가공업,즉석판매제조가공업,,,0,N,,
,"경기도 시흥시 조남길 19, 1층 일부호 (목감동)",경기도 시흥시 목감동 244-1,14984,,37.3828090644,126.8601835893,즉석판매제조가공업,즉석판매제조가공업,,,,N,,
,"경기도 시흥시 정왕대로 210, E MART시화점 일부호 (정왕동)",경기도 시흥시 정왕동 1734-2 E MART시화점,15066,053-850-9815,37.3459328804,126.7368812651,즉석판매제조가공업,즉석판매제조가공업,,,,N,,
,"경기도 시흥시 서울대학로278번길 67, 롯데마트(시흥배곧점) (정왕동)",경기도 시흥시 정왕동 2537-1 롯데마트(시흥배곧점),15011,,37.3688907319,126.7313182505,즉석판매제조가공업,즉석판매제조가공업,,,,N,,
,"경기도 시흥시 신천로19번길 21 (신천동, 지층)",경기도 시흥시 신천동 886-7 지층,14951,031-404-4124,37.4317804478,126.7907169318,즉석판매제조가공업,즉석판매제조가공업,,,0,N,,
,"경기도 시흥시 비둘기공원로 28 (대야동, 롯데마트시흥점)",경기도 시흥시 대야동 542 롯데마트시흥점,14912,,37.4430368253,126.7919559438,즉석판매제조가공업,즉석판매제조가공업,,,,N,,
,"경기도 시흥시 서울대학로278번길 67, 시흥배곧 롯데마트 1층 일부호 (배곧동)",경기도 시흥시 배곧동 202 시흥배곧 롯데마트 식품매장내,15011,031-792-0929,37.3688907319,126.7313182505,즉석판매제조가공업,즉석판매제조가공업,,,,N,,
,"경기도 시흥시 배곧1로 27-16, 상가2동 1층 107호 (정왕동, 한라비발디캠퍼스2차)",경기도 시흥시 정왕동 2564 한라비발디캠퍼스2차,15011,031-432-5989,37.3617928357,126.7128710723,즉석판매제조가공업,즉석판매제조가공업,,,,N,,
,경기도 시흥시 정왕대로 210,경기도 시흥시 정왕동 1734-1 이마트매장,15066,031-496-4123,37.3459328804,126.7368812651,즉석판매제조가공업,즉석판매제조가공업,,,0,N,,
,"경기도 시흥시 월곶중앙로 90, 시흥월곶점 내 (월곶동)",경기도 시흥시 월곶동 1010-4 월곶동풍림1차아파트,14964,,37.3902457487,126.735754493,즉석판매제조가공업,즉석판매제조가공업,,,,N,,
,"경기도 시흥시 정왕대로 210 (정왕동, 이마트시화점)",경기도 시흥시 정왕동 1734-1 이마트시화점,15066,,37.3459328804,126.7368812651,즉석판매제조가공업,즉석판매제조가공업,,,,N,,
,"경기도 시흥시 미산로 141, 1층 일부(102)호 (미산동)",경기도 시흥시 미산동 316-7,14944,,37.4180822362,126.7926316901,즉석판매제조가공업,즉석판매제조가공업,,,,N,,
,"경기도 시흥시 서울대학로 172-20, 상가2동 107호 일부호 (배곧동, 한라비발디캠퍼스3차)",경기도 시흥시 배곧동 262 한라비발디캠퍼스3차,15011,,37.3605279317,126.7192192285,즉석판매제조가공업,즉석판매제조가공업,,,,N,,
,경기도 시흥시 한우물로 1,"경기도 시흥시 거모동 1754-3 상가 7,8호",15070,031-508-1554,37.3427530923,126.7848152362,즉석판매제조가공업,즉석판매제조가공업,,,0,N,,
,경기도 시흥시 정왕대로27번길 11,경기도 시흥시 정왕동 1940-2 신동아상가 102호,15029,031-432-3779,37.3577492929,126.7215854217,즉석판매제조가공업,즉석판매제조가공업,,,,N,,
,"경기도 시흥시 중심상가로 52, 201호 (정왕동)",경기도 시흥시 정왕동 1855-16 201호,15040,,37.351859171,126.7236899065,즉석판매제조가공업,즉석판매제조가공업,,,0,N,,
,"경기도 시흥시 정왕대로 210, 세계로식자재마트 2층 식품매장 내 일부호 (정왕동)",경기도 시흥시 정왕동 1734-2 성담스퀘어,15066,,37.3459328804,126.7368812651,즉석판매제조가공업,즉석판매제조가공업,,,,N,,
,"경기도 시흥시 역전로 161, 1층 일부호 (정왕동)","경기도 시흥시 정왕동 1164-1 레이노썬팅 , 세븐일레븐",15052,,37.347792983,126.7529286045,즉석판매제조가공업,즉석판매제조가공업,,,,N,,
,"경기도 시흥시 옥구천동로 404, 지하층 (정왕동, 월드아파트)",경기도 시흥시 정왕동 1873-3 월드아파트,15027,,37.3552565325,126.7318525139,즉석판매제조가공업,즉석판매제조가공업,,,,N,,
,"경기도 시흥시 정왕신길로229번길 24, 1층 일부호 (정왕동)",경기도 시흥시 정왕동 1812-1 102호,15053,,37.3499359532,126.744055483,즉석판매제조가공업,즉석판매제조가공업,,,,N,,
,,경기도 시흥시 정왕동 0-0 오이도이주단지69-44-04,15119,031-432-9630,,,즉석판매제조가공업,즉석판매제조가공업,,,0,N,,
,"경기도 시흥시 오이도로 173, B동 146호 (정왕동)",경기도 시흥시 정왕동 2003-12,15015,,37.3454457514,126.6880796381,즉석판매제조가공업,즉석판매제조가공업,,,,N,,
,"경기도 시흥시 은행로 120, 대우그린아파트 상가동 2층 205호 (은행동)",경기도 시흥시 은행동 546 대우그린아파트,14916,,37.4418978236,126.7989641677,즉석판매제조가공업,즉석판매제조가공업,,,,N,,
,"경기도 시흥시 서울대학로278번길 67, 시흥배곧 롯데마트 1층 일부호 (배곧동)",경기도 시흥시 배곧동 202 1층 신선식품 수산코너,15011,02-563-9229,37.3688907319,126.7313182505,즉석판매제조가공업,즉석판매제조가공업,,,,N,,
,경기도 시흥시 진말로9번길 2,경기도 시흥시 장곡동 820-3 부석프라자 지하1층,15002,030-435-0000,37.378468074,126.7852668701,즉석판매제조가공업,즉석판매제조가공업,,,0,N,,
,"경기도 시흥시 장곡로53번길 17, 1층 102호 (장곡동)",경기도 시흥시 장곡동 810-7 1층 102호,15002,031-318-3050,37.3779669373,126.7828884026,즉석판매제조가공업,즉석판매제조가공업,,,,N,,
,"경기도 시흥시 서울대학로278번길 67, 시흥배곧 롯데마트 (배곧동)",경기도 시흥시 배곧동 202 시흥배곧 롯데마트,15011,,37.3688907319,126.7313182505,즉석판매제조가공업,즉석판매제조가공업,,,,N,,
,"경기도 시흥시 배곧전원로 12-7, 1층 일부호 (배곧동)",경기도 시흥시 배곧동 180,15010,,37.3788212096,126.7267779748,즉석판매제조가공업,즉석판매제조가공업,,,,N,,
,경기도 시흥시 희망공원로 269,경기도 시흥시 정왕동 2166-4 홈플러스 시화점,15081,,37.3452082082,126.725237369,즉석판매제조가공업,즉석판매제조가공업,,,0,N,,
,경기도 시흥시 하중로 213-1,경기도 시흥시 하중동 861-4,14976,031-496-4123,37.3926517416,126.8058059258,즉석판매제조가공업,즉석판매제조가공업,,,,N,,
,"경기도 시흥시 배곧1로 27-15, 일부호 (배곧동, 한라비발디캠퍼스)",경기도 시흥시 배곧동 243 한라비발디캠퍼스,15011,,37.3636798562,126.7119931155,즉석판매제조가공업,즉석판매제조가공업,,,,N,,
,"경기도 시흥시 장현능곡로 155, 시흥 플랑드르 지1층 B1039호일부~B1042호 일부호 (능곡동)",경기도 시흥시 능곡동 871 시흥 플랑드르,15121,031-311-0975,37.3710186339,126.8072928232,즉석판매제조가공업,즉석판매제조가공업,,,0,N,,
,"경기도 시흥시 비둘기공원로 28, 2층 (대야동, 롯데마트 시흥점 2층 신선식품)",경기도 시흥시 대야동 542 롯데마트 시흥점 2층 신선식품,14912,02-6246-3200,37.4430368253,126.7919559438,즉석판매제조가공업,즉석판매제조가공업,,,,N,,
,,경기도 시흥시 하중동 855,14976,031-317-5135,37.3934899661,126.8057981954,즉석판매제조가공업,즉석판매제조가공업,,,0,N,,
,"경기도 시흥시 월곶해안로161번길 5, 1층 (월곶동, 월곶 농수산마트 내)",경기도 시흥시 월곶동 1013-20 1층 월곶 농수산마트 내,14963,,37.3886937892,126.7368998952,즉석판매제조가공업,즉석판매제조가공업,,,0,N,,
,"경기도 시흥시 정왕대로 210 (정왕동, 이마트시화점)",경기도 시흥시 정왕동 1734-2 이마트시화점,15066,070-4027-7288,37.3459328804,126.7368812651,즉석판매제조가공업,즉석판매제조가공업,,,,N,,
,"경기도 시흥시 수인로3335번길 11, 107호 (신천동)",경기도 시흥시 신천동 775-2,14950,,37.4380334202,126.7873119584,즉석판매제조가공업,즉석판매제조가공업,,,,N,,
,경기도 시흥시 오이도어시장로 7,"경기도 시흥시 정왕동 2004-3 A동 105,106호",15015,031-319-9342,37.3451101492,126.6890880534,즉석판매제조가공업,즉석판매제조가공업,,,0,N,,
,경기도 시흥시 진말로9번길 2,경기도 시흥시 장곡동 820-3 부석프라자 지하(하나로마트내) 1층,15002,031-435-0000,37.378468074,126.7852668701,즉석판매제조가공업,즉석판매제조가공업,,,0,N,,
,경기도 시흥시 신천로79번길 10-1 (신천동),경기도 시흥시 신천동 763-7,14949,031-313-1777,37.4375315577,126.7848072639,즉석판매제조가공업,즉석판매제조가공업,,,0,N,,
,"경기도 시흥시 서울대학로278번길 67, 시흥배곧 롯데마트 1층 (배곧동)",경기도 시흥시 배곧동 202 시흥배곧 롯데마트,15011,02-3482-4792,37.3688907319,126.7313182505,즉석판매제조가공업,즉석판매제조가공업,,,,N,,
,"경기도 시흥시 정왕대로 210, E MART시화점 2층 일부호 (정왕동)",경기도 시흥시 정왕동 1734-2 E MART시화점,15066,053-850-9853,37.3459328804,126.7368812651,즉석판매제조가공업,즉석판매제조가공업,,,,N,,
,"경기도 시흥시 정왕대로 210, E MART시화점 1층 (정왕동)",경기도 시흥시 정왕동 1734-2 E MART시화점,15066,,37.3459328804,126.7368812651,즉석판매제조가공업,즉석판매제조가공업,,,,N,,
,"경기도 시흥시 정왕대로 64, 지하1층 (정왕동)",경기도 시흥시 정왕동 1861-3,15040,,37.3542557561,126.7235297297,즉석판매제조가공업,즉석판매제조가공업,,,,N,,
,경기도 시흥시 오이도중앙로 49,경기도 시흥시 정왕동 2011-6 101호,15015,031-319-7419,37.3437162287,126.6895546315,즉석판매제조가공업,즉석판매제조가공업,,,0,N,,
,"경기도 시흥시 월곶중앙로 90, 월곶동풍림1차아파트 상가동 1층 105호 일부호 (월곶동)",경기도 시흥시 월곶동 1010-4 월곶동풍림1차아파트,14964,031-312-7894,37.3902457487,126.735754493,즉석판매제조가공업,즉석판매제조가공업,,,,N,,
,"경기도 시흥시 도일로112번길 5-5, 101호 (거모동)",경기도 시흥시 거모동 1656-5 101호,15069,031-495-9187,37.3410813481,126.7841198597,즉석판매제조가공업,즉석판매제조가공업,,,0,N,,
,"경기도 시흥시 배곧4로 32-13, 이마트에브리데이 시흥배곧점 1층 (배곧동)",경기도 시흥시 배곧동 126,15010,,37.376956103,126.7268874805,즉석판매제조가공업,즉석판매제조가공업,,,,N,,
,경기도 시흥시 정왕천로408번길 26,경기도 시흥시 정왕동 1519,15051,031-432-1532,37.3428781516,126.7539820732,즉석판매제조가공업,즉석판매제조가공업,,,0,N,,
,경기도 시흥시 복지로43번길 36 (대야동),경기도 시흥시 대야동 485-29,14909,031-311-7061,37.4446741349,126.7854401839,즉석판매제조가공업,즉석판매제조가공업,,,0,N,,
,"경기도 시흥시 서울대학로278번길 67, 시흥배곧 롯데마트 1층 (배곧동)",경기도 시흥시 배곧동 202 시흥배곧 롯데마트,15011,,37.3688907319,126.7313182505,즉석판매제조가공업,즉석판매제조가공업,,,,N,,
,"경기도 시흥시 배곧2로 25, 배곧생명공원 일대 (배곧동)",경기도 시흥시 배곧동 187 배곧생명공원 관리사무소,15010,,37.3713951834,126.721467027,즉석판매제조가공업,즉석판매제조가공업,,,0,N,,
,,경기도 시흥시 정왕동 4615 서해(아)상가13-6,15119,031-433-4991,,,즉석판매제조가공업,즉석판매제조가공업,,,0,N,,
,"경기도 시흥시 월곶중앙로 90, 월곶동풍림1차아파트 상가동 1층 105호 (월곶동)",경기도 시흥시 월곶동 1010-4 월곶동풍림1차아파트,14964,031-315-7894,37.3902457487,126.735754493,즉석판매제조가공업,즉석판매제조가공업,,,0,N,,
,"경기도 시흥시 봉우재로7번길 12, 1층 (정왕동)",경기도 시흥시 정왕동 1620-7 1층,15056,031-319-5963,37.3446287808,126.7415345999,즉석판매제조가공업,즉석판매제조가공업,,,0,N,,
,"경기도 시흥시 비둘기공원로 28, 롯데마트 시흥점 2층 일부호 (대야동)",경기도 시흥시 대야동 542 롯데마트 시흥점,14912,02-563-9229,37.4430368253,126.7919559438,즉석판매제조가공업,즉석판매제조가공업,,,,N,,
,,경기도 시흥시 장곡동 0-0 연성2지구20블럭,,031-000-0000,,,즉석판매제조가공업,즉석판매제조가공업,,,0,N,,
,경기도 시흥시 신천로44번안길 21,경기도 시흥시 신천동 773-2,14950,,37.4376741924,126.7875301386,즉석판매제조가공업,즉석판매제조가공업,,,0,N,,
,경기도 시흥시 희망공원로 269,경기도 시흥시 정왕동 2166-4,15081,,37.3452082082,126.725237369,즉석판매제조가공업,즉석판매제조가공업,,,0,N,,
,경기도 시흥시 신천3길 62,경기도 시흥시 신천동 751-29,14947,031-692-9564,37.4387787318,126.7794146759,즉석판매제조가공업,즉석판매제조가공업,,,0,N,,
,경기도 시흥시 마유로238번길 26,경기도 시흥시 정왕동 1366-4 LG마트(내),15079,,37.3376271419,126.7306774357,즉석판매제조가공업,즉석판매제조가공업,,,0,N,,
,경기도 시흥시 오이도어시장로 7,"경기도 시흥시 정왕동 2004-3 오이도종합어시장A동 93,94호",15015,,37.3451101492,126.6890880534,즉석판매제조가공업,즉석판매제조가공업,,,0,N,,
,"경기도 시흥시 정왕대로 210, E MART시화점 1층 (정왕동)",경기도 시흥시 정왕동 1734-2 E MART시화점,15066,031-527-8671,37.3459328804,126.7368812651,즉석판매제조가공업,즉석판매제조가공업,,,,N,,
,"경기도 시흥시 희망공원로 269 (정왕동, 홈플러스시화점 1층 수산코너)",경기도 시흥시 정왕동 2166-4 홈플러스시화점 1층 수산코너,15081,051-647-9644,37.3452082082,126.725237369,즉석판매제조가공업,즉석판매제조가공업,,,,N,,
,"경기도 시흥시 서울대학로278번길 19-13, 107(A)동 1층 108호 (배곧동, 시흥배곧 C1블럭 호반 써밋플레이스 아파트)",경기도 시흥시 배곧동 191 시흥배곧 C1블럭 호반 써밋플레이스 아파트,,,,,즉석판매제조가공업,즉석판매제조가공업,,,,N,,
,"경기도 시흥시 군서마을로 44, 1층 일부호 (정왕동)",경기도 시흥시 정왕동 1212-15 102호,15052,,37.3457015611,126.7472026965,즉석판매제조가공업,즉석판매제조가공업,,,,N,,
,경기도 시흥시 마유로238번길 26,경기도 시흥시 정왕동 1366-4 GS마트,15079,031-496-7700,37.3376271419,126.7306774357,즉석판매제조가공업,즉석판매제조가공업,,,0,N,,
,"경기도 시흥시 도일로 110-2, 시흥빌딩 지하1층 1호 (거모동)",경기도 시흥시 거모동 1658-25 시흥빌딩,15069,,37.340323829,126.7840593148,즉석판매제조가공업,즉석판매제조가공업,,,,N,,
,경기도 시흥시 비둘기공원로 28,경기도 시흥시 대야동 542 GS마트 1층,14912,,37.4430368253,126.7919559438,즉석판매제조가공업,즉석판매제조가공업,,,0,N,,
,"경기도 시흥시 은계번영길 28, 은계 디스퀘어 1층 113호 (은행동)",경기도 시흥시 은행동 645-5 은계 디스퀘어,14922,031-311-4005,37.4365417418,126.803196503,즉석판매제조가공업,즉석판매제조가공업,,,0,N,,
,"경기도 시흥시 마유로418번길 10 (정왕동, 월드맥스몰 301호(5호매장))",경기도 시흥시 정왕동 2327-2 월드맥스몰 301호(5호매장),15049,,37.3514000851,126.7418503694,즉석판매제조가공업,즉석판매제조가공업,,,,N,,
,"경기도 시흥시 대은로 90, 에머랄드빌딩 1층 105호 (은행동)",경기도 시흥시 은행동 532-1 에머랄드빌딩,14917,,37.4446885904,126.7983841873,즉석판매제조가공업,즉석판매제조가공업,,,,N,,
,"경기도 시흥시 서울대학로278번길 67, 시흥배곧 롯데마트 1층 일부호 (배곧동)",경기도 시흥시 배곧동 202 시흥배곧 롯데마트 축산코너,15011,,37.3688907319,126.7313182505,즉석판매제조가공업,즉석판매제조가공업,,,0,N,,
,"경기도 시흥시 호현로 9 (신천동, 1층)",경기도 시흥시 신천동 706-11 1층,14904,,37.4420479631,126.7834190399,즉석판매제조가공업,즉석판매제조가공업,,,0,N,,
,"경기도 시흥시 마유로238번길 26, 롯데마트 1층 (정왕동)",경기도 시흥시 정왕동 1366-4,15079,,37.3376271419,126.7306774357,즉석판매제조가공업,즉석판매제조가공업,,,,N,,
,경기도 시흥시 비둘기공원로 28,경기도 시흥시 대야동 542 롯데마트시흥점 2층,14912,031-635-8023,37.4430368253,126.7919559438,즉석판매제조가공업,즉석판매제조가공업,,,,N,,
,경기도 시흥시 미산로100번길 5-9,경기도 시흥시 미산동 358-2 1층,14944,031-312-7898,37.4199459181,126.7952925458,즉석판매제조가공업,즉석판매제조가공업,,,,N,,
,"경기도 시흥시 삼미시장2길 35 (신천동, B동18호)",경기도 시흥시 신천동 738-4 B동18호,14948,031-311-6169,37.4404099175,126.7838190062,즉석판매제조가공업,즉석판매제조가공업,,,0,N,,
,경기도 시흥시 마유로238번길 26,경기도 시흥시 정왕동 1366-4 롯데마트,15079,,37.3376271419,126.7306774357,즉석판매제조가공업,즉석판매제조가공업,,,0,N,,
,"경기도 시흥시 배곧1로 27-15, 지하1층 일부호 (배곧동, 한라비발디캠퍼스)",경기도 시흥시 배곧동 243 한라비발디캠퍼스,15011,063-582-7034,37.3636798562,126.7119931155,즉석판매제조가공업,즉석판매제조가공업,,,,N,,
,"경기도 시흥시 정왕대로 210, E MART시화점 2층 (정왕동)",경기도 시흥시 정왕동 1734-2 E MART시화점,15066,070-4438-5764,37.3459328804,126.7368812651,즉석판매제조가공업,즉석판매제조가공업,,,,N,,
,"경기도 시흥시 군자로534번안길 9, 나동 지1층 B101호 일부호 (거모동)",경기도 시흥시 거모동 1763-16,15069,,37.3428136228,126.7873774083,즉석판매제조가공업,즉석판매제조가공업,,,0,N,,
,"경기도 시흥시 서울대학로264번길 25, 시흥배곧 아브뉴프랑 센트럴 블루 3층 317호 (배곧동)",경기도 시흥시 배곧동 219 시흥배곧 아브뉴프랑 센트럴 블루,15011,,37.3683599517,126.7273257955,즉석판매제조가공업,즉석판매제조가공업,,,0,N,,
,"경기도 시흥시 삼미시장2길 29, 1층 16호 (신천동, 삼미상가)",경기도 시흥시 신천동 738-3 삼미상가 1층 16호,14948,031-314-8467,37.4406230103,126.7832856727,즉석판매제조가공업,즉석판매제조가공업,,,,N,,
,경기도 시흥시 희망공원로 269,경기도 시흥시 정왕동 2166-4 홈플러스(내),15081,031-310-8000,37.3452082082,126.725237369,즉석판매제조가공업,즉석판매제조가공업,,,0,N,,
,"경기도 시흥시 수인로3312번길 16, 일부호 (대야동, 시흥 센트럴 푸르지오)",경기도 시흥시 대야동 693 시흥 센트럴 푸르지오,14911,,37.4413231865,126.7902764284,즉석판매제조가공업,즉석판매제조가공업,,,,N,,
,"경기도 시흥시 비둘기공원로 28 (대야동, 롯데마트시흥점)",경기도 시흥시 대야동 542 롯데마트시흥점,14912,070-4300-9589,37.4430368253,126.7919559438,즉석판매제조가공업,즉석판매제조가공업,,,,N,,
,"경기도 시흥시 은행로 164, 세화빌딩 2층 202호일부호 (대야동)",경기도 시흥시 대야동 580-3 세화빌딩,14915,,37.4456659599,126.7990420597,즉석판매제조가공업,즉석판매제조가공업,,,0,N,,
,경기도 시흥시 수인로 2323,경기도 시흥시 목감동 234-0 외235-2,14984,031-482-0977,37.3866531893,126.8626473949,즉석판매제조가공업,즉석판매제조가공업,,,0,N,,
,"경기도 시흥시 시청로72번길 8, 1층 일부호 (장현동)",경기도 시흥시 장현동 539-1 시흥시 선거관리위원회,14998,031-503-7202,37.3809285715,126.8003002161,즉석판매제조가공업,즉석판매제조가공업,,,,N,,
,"경기도 시흥시 정왕대로 210, 2층 (정왕동, 이마트시화점)",경기도 시흥시 정왕동 1734-1,15066,,37.3459328804,126.7368812651,즉석판매제조가공업,즉석판매제조가공업,,,,N,,
,"경기도 시흥시 대골안길 26, 1층 일부호 (대야동)",경기도 시흥시 대야동 457-7,14905,,37.4473284418,126.789145694,즉석판매제조가공업,즉석판매제조가공업,,,,N,,
,"경기도 시흥시 월곶중앙로14번길 87 (월곶동,풍림2차 단지내상가)",경기도 시흥시 월곶동 1010-1 풍림2차 단지내상가,14965,031-435-0541,37.3916530654,126.738733889,즉석판매제조가공업,즉석판매제조가공업,,,0,N,,
,"경기도 시흥시 거북섬남로 77, 호반써밋더프라임 제121동 지1층 B107호 (정왕동, 호반써밋더프라임)",경기도 시흥시 정왕동 2732 호반써밋더프라임,15119,,37.3221949958,126.6900566845,즉석판매제조가공업,즉석판매제조가공업,,,,N,,
,"경기도 시흥시 시흥대로1074번길 5, 롯데슈퍼시흥은행점 일부호 (은행동)",경기도 시흥시 은행동 288-1 스페이스타워,14921,031-792-9029,37.4320543214,126.7936643149,즉석판매제조가공업,즉석판매제조가공업,,,,N,,
,,경기도 시흥시 거모동 1474-1 201호,15071,031-493-3238,37.3459875256,126.7830797532,즉석판매제조가공업,즉석판매제조가공업,,,0,N,,
,경기도 시흥시 마유로238번길 26,경기도 시흥시 정왕동 1366-4,15079,031-735-4560,37.3376271419,126.7306774357,즉석판매제조가공업,즉석판매제조가공업,,,,N,,
,"경기도 시흥시 비둘기공원7길 38 (대야동, 롯데마트시흥점)",경기도 시흥시 대야동 542 롯데마트시흥점,14912,031-435-7500,37.4430368253,126.7919559438,즉석판매제조가공업,즉석판매제조가공업,,,,N,,
,"경기도 시흥시 옥구천동로 402 (정왕동, GS슈퍼마켓시흥정왕점)",경기도 시흥시 정왕동 1873-3,15027,,37.3567512193,126.7302225709,즉석판매제조가공업,즉석판매제조가공업,,상수도전용,,N,,
,"경기도 시흥시 서울대학로264번길 26-32, 배곧중앙프라자 714호,715호 (배곧동)",경기도 시흥시 배곧동 230 배곧중앙프라자,15011,,37.3666139281,126.7277276688,즉석판매제조가공업,즉석판매제조가공업,,,,N,,
,"경기도 시흥시 정왕대로 210, E MART시화점 2층 일부호 (정왕동)",경기도 시흥시 정왕동 1734-2 E MART시화점,15066,031-527-8671,37.3459328804,126.7368812651,즉석판매제조가공업,즉석판매제조가공업,,,,N,,
,경기도 시흥시 정왕대로 210 (정왕동),경기도 시흥시 정왕동 1734-1,15066,,37.3459328804,126.7368812651,즉석판매제조가공업,즉석판매제조가공업,,,,N,,
,"경기도 시흥시 서울대학로278번길 67, 시흥배곧 롯데마트 1층 일부호 (배곧동)",경기도 시흥시 배곧동 202 시흥배곧 롯데마트,15011,070-4707-0618,37.3688907319,126.7313182505,즉석판매제조가공업,즉석판매제조가공업,,,0,N,,
,,경기도 시흥시 대야동 542 GS마트 시흥점,,,,,즉석판매제조가공업,즉석판매제조가공업,,,0,N,,
,"경기도 시흥시 동서로 287, 시흥갯골생태공원 (장곡동)",경기도 시흥시 장곡동 724-32 갯골생태공원,14971,,37.3897919258,126.7812507272,즉석판매제조가공업,즉석판매제조가공업,,,,N,,
,"경기도 시흥시 서울대학로278번길 67, 시흥배곧 롯데마트, 신선식품 수산코너 1층 (배곧동)",경기도 시흥시 배곧동 202 시흥배곧 롯데마트,15011,,37.3688907319,126.7313182505,즉석판매제조가공업,즉석판매제조가공업,,,,N,,
,"경기도 시흥시 서울대학로278번길 67, 시흥배곧 롯데마트 1층 일부호 (배곧동)",경기도 시흥시 배곧동 202 시흥배곧 롯데마트,15011,02-563-9229,37.3688907319,126.7313182505,즉석판매제조가공업,즉석판매제조가공업,,,,N,,
,"경기도 시흥시 정왕대로 210, E MART시화점 2층 일부호 (정왕동)",경기도 시흥시 정왕동 1734-2 E MART시화점,15066,031-315-9398,37.3459328804,126.7368812651,즉석판매제조가공업,즉석판매제조가공업,,,,N,,
,"경기도 시흥시 서해안로 699, 시흥 프리미엄 아울렛 1층 일부호 (정왕동)",경기도 시흥시 정왕동 1772-46 시흥 프리미엄 아울렛,15010,,37.3794646667,126.7384278982,즉석판매제조가공업,즉석판매제조가공업,,,,N,,
,"경기도 시흥시 비둘기공원로 28 (대야동, 롯데마트 시흥점)",경기도 시흥시 대야동 542,14912,,37.4430368253,126.7919559438,즉석판매제조가공업,즉석판매제조가공업,,상수도전용,,N,,
,"경기도 시흥시 은계남로 12, 1층 135호 (은행동, 시흥은계 호반 써밋플레이스)",경기도 시흥시 은행동 644 시흥은계 호반 써밋플레이스 gs더프레시 은계호반점,14922,,37.4351025771,126.8037071995,즉석판매제조가공업,즉석판매제조가공업,,,0,N,,
,"경기도 시흥시 은계번영길 21, 은계 유테라스 205호 일부호 (은행동)",경기도 시흥시 은행동 646-9 은계 유테라스,14922,031-311-2619,37.4372099101,126.8033937765,즉석판매제조가공업,즉석판매제조가공업,,,,N,,
,"경기도 시흥시 평안상가1길 1, 일부호 (정왕동)",경기도 시흥시 정왕동 1622,15062,,37.3388673438,126.7483320831,즉석판매제조가공업,즉석판매제조가공업,,,,N,,
,"경기도 시흥시 월곶중앙로14번길 88, 대원빌딩 1층 일부호 (월곶동)",경기도 시흥시 월곶동 991-15 대원빌딩,14968,,37.3936370187,126.7402841379,즉석판매제조가공업,즉석판매제조가공업,,,0,N,,
,"경기도 시흥시 오이도로 173, 1층 76호 (정왕동)",경기도 시흥시 정왕동 2003-12 76호,15015,,37.3454457514,126.6880796381,즉석판매제조가공업,즉석판매제조가공업,,,,N,,
,"경기도 시흥시 정왕대로 210, E MART시화점 (정왕동)",경기도 시흥시 정왕동 1734-2 E MART시화점,15066,031-792-3826,37.3459328804,126.7368812651,즉석판매제조가공업,즉석판매제조가공업,,,,N,,
,경기도 시흥시 도일로 113,경기도 시흥시 거모동 1544-2,15070,031-492-4700,37.3406813502,126.7835591912,즉석판매제조가공업,즉석판매제조가공업,,,0,N,,
,"경기도 시흥시 오이도로 173 (정왕동, B동 98호)",경기도 시흥시 정왕동 2003-12 B동 98호,15015,031-497-2071,37.3454457514,126.6880796381,즉석판매제조가공업,즉석판매제조가공업,,,,N,,
,"경기도 시흥시 목감둘레로 253-5, 목감로얄팰리스2 104호 일부호 (조남동)",경기도 시흥시 조남동 709 목감로얄팰리스2,14986,,37.3806066101,126.8612753591,즉석판매제조가공업,즉석판매제조가공업,,,,N,,
,"경기도 시흥시 중심상가로 287, 102호 (정왕동)",경기도 시흥시 정왕동 1785-1 달월신협 정왕지점,15063,,37.3391799847,126.7450551398,즉석판매제조가공업,즉석판매제조가공업,,상수도전용,,N,,
,"경기도 시흥시 시흥대로1074번길 5, 스페이스타워 1층 롯데은행점 매장내 일부호 (은행동)",경기도 시흥시 은행동 288-1 스페이스타워,14921,,37.4320543214,126.7936643149,즉석판매제조가공업,즉석판매제조가공업,,,0,N,,
,경기도 시흥시 오이도어시장로 7,"경기도 시흥시 정왕동 2004-3 A동 163,164호",15015,031-498-7845,37.3451101492,126.6890880534,즉석판매제조가공업,즉석판매제조가공업,,,0,N,,
,경기도 시흥시 정왕신길로111번길 10,경기도 시흥시 정왕동 1872-6 한신아파트상가 102호,15026,031-431-3445,37.3554329841,126.732652411,즉석판매제조가공업,즉석판매제조가공업,,,,N,,
,"경기도 시흥시 월곶중앙로70번길 30, 홈플러스 익스프레스 월곶점 1층 (월곶동)",경기도 시흥시 월곶동 1002-17,14966,031-791-5618,37.3911768951,126.7403767476,즉석판매제조가공업,즉석판매제조가공업,,,,N,,
,경기도 시흥시 연성로29번길 32 (하중동),경기도 시흥시 하중동 855-0 참이슬상가 203호,14976,031-317-4577,37.3934899661,126.8057981954,즉석판매제조가공업,즉석판매제조가공업,,,0,N,,
,,경기도 시흥시 정왕동 0-0 엘지마트1366-4,15119,02-654-0708,,,즉석판매제조가공업,즉석판매제조가공업,,,0,N,,
,"경기도 시흥시 은계남로 12, 판매시설동 1층 116호 (은행동, 시흥은계 호반 써밋플레이스)",경기도 시흥시 은행동 644 시흥은계 호반 써밋플레이스,14922,,37.4351025771,126.8037071995,즉석판매제조가공업,즉석판매제조가공업,,,0,N,,
,"경기도 시흥시 서울대학로 172-20, 103호 (정왕동, 한라비발디캠퍼스3차)",경기도 시흥시 정왕동 2558 한라비발디캠퍼스3차,15011,,37.3605279317,126.7192192285,즉석판매제조가공업,즉석판매제조가공업,,,0,N,,
,"경기도 시흥시 서울대학로278번길 25-24, 다인로얄팰리스 배곧1차 2층 213호 (배곧동)",경기도 시흥시 배곧동 198-1 다인로얄팰리스 배곧1차,15011,,37.3695195634,126.7296065017,즉석판매제조가공업,즉석판매제조가공업,,,,N,,
,"경기도 시흥시 서울대학로 59-69, 배곧테크노밸리 136호 (배곧동)",경기도 시흥시 배곧동 292-3 배곧테크노밸리,15012,,37.3586667851,126.7104194921,즉석판매제조가공업,즉석판매제조가공업,,,,N,,
,경기도 시흥시 비둘기공원로 28,경기도 시흥시 대야동 542 GS마트시흥점,14912,031-435-7500,37.4430368253,126.7919559438,즉석판매제조가공업,즉석판매제조가공업,,,,N,,
,"경기도 시흥시 서해안로 277, 옥구공원(늠내건강음식축제) (정왕동)",경기도 시흥시 정왕동 2138 론볼 경기장 운영센터,15013,,37.3524477195,126.7104733452,즉석판매제조가공업,즉석판매제조가공업,,,0,N,,
,경기도 시흥시 비둘기공원로 28,경기도 시흥시 대야동 542,14912,031-735-4560,37.4430368253,126.7919559438,즉석판매제조가공업,즉석판매제조가공업,,,,N,,
,경기도 시흥시 매화1로 36,경기도 시흥시 매화동 238-5,14940,031-315-7972,37.4153156937,126.8110549498,즉석판매제조가공업,즉석판매제조가공업,,,0,N,,
,"경기도 시흥시 서울대학로278번길 8, 시흥배곧 아브뉴프랑 센트럴 레드 3층 B-318호 일부호 (배곧동)",경기도 시흥시 배곧동 214 시흥배곧 아브뉴프랑 센트럴 레드,15011,,37.3696799975,126.7265668783,즉석판매제조가공업,즉석판매제조가공업,,,,N,,
,"경기도 시흥시 배곧1로 27-15, gs슈퍼마켓 배곧신도시점 일부호 (배곧동, 한라비발디캠퍼스)",경기도 시흥시 배곧동 243 한라비발디캠퍼스,15011,,37.3636798562,126.7119931155,즉석판매제조가공업,즉석판매제조가공업,,,,N,,
,"경기도 시흥시 월곶해안로 133 (월곶동, 74-75동)",경기도 시흥시 월곶동 1013-12 74-75동,14963,031-318-2374,37.3876563066,126.7353628154,즉석판매제조가공업,즉석판매제조가공업,,,0,N,,
,"경기도 시흥시 정왕시장길 51, 20호 (정왕동, 1층상가)",경기도 시흥시 정왕동 1203 1층상가 20호,15052,,37.3458093904,126.7485677164,즉석판매제조가공업,즉석판매제조가공업,,,,N,,
,"경기도 시흥시 수인로3312번길 16, T동 지3층 T128호 (대야동, 시흥 센트럴 푸르지오)",경기도 시흥시 대야동 693 시흥 센트럴 푸르지오,14911,,37.4413231865,126.7902764284,즉석판매제조가공업,즉석판매제조가공업,,,,N,,
,"경기도 시흥시 옥구천동로 402, GS슈퍼시흥정왕점 지하층 (정왕동)",경기도 시흥시 정왕동 1873-3 월드아파트,15027,,37.3567512193,126.7302225709,즉석판매제조가공업,즉석판매제조가공업,,,,N,,
,경기도 시흥시 중심상가로 151,경기도 시흥시 정왕동 1728-6,15036,031-319-3930,37.3466554117,126.7329223926,즉석판매제조가공업,즉석판매제조가공업,,,0,N,,
,경기도 시흥시 마유로238번길 26,경기도 시흥시 정왕동 1366-4 GS마트시화점,15079,031-496-7700,37.3376271419,126.7306774357,즉석판매제조가공업,즉석판매제조가공업,,,,N,,
,경기도 시흥시 월곶해안로 133,"경기도 시흥시 월곶동 1013-12 화신시장 76,77,78,79호",14963,031-404-1066,37.3876563066,126.7353628154,즉석판매제조가공업,즉석판매제조가공업,,,0,N,,
,경기도 시흥시 오이도어시장로 7,경기도 시흥시 정왕동 2004-3 오이도종합어시장 A동 11호,15015,031-433-6691,37.3451101492,126.6890880534,즉석판매제조가공업,즉석판매제조가공업,,,0,N,,
,"경기도 시흥시 산현마을길 27, 1층 일부호 (산현동)",경기도 시흥시 산현동 509-4,14989,,37.3755516511,126.8451105076,즉석판매제조가공업,즉석판매제조가공업,,,0,N,,
,경기도 시흥시 수인로 3310 (대야동),경기도 시흥시 대야동 418-26,14911,,37.4393796212,126.7908373828,즉석판매제조가공업,즉석판매제조가공업,,,,N,,
,"경기도 시흥시 동서로 287, 갯골생태공원 내 행사장 (장곡동)",경기도 시흥시 장곡동 724-32 갯골생태공원,14971,,37.3897919258,126.7812507272,즉석판매제조가공업,즉석판매제조가공업,,,0,N,,
,"경기도 시흥시 희망공원로 269, 홈플러스시화점 2동 일부호 (정왕동)",경기도 시흥시 정왕동 2166-4 홈플러스시화점,15081,,37.3452082082,126.725237369,즉석판매제조가공업,즉석판매제조가공업,,,,N,,
,,경기도 시흥시 정왕동 0-0 영남(아)상가1층,15119,031-497-3939,,,즉석판매제조가공업,즉석판매제조가공업,,,0,N,,
,경기도 시흥시 동서로 1080 (목감동),경기도 시흥시 목감동 242-1,14984,031-403-1446,37.3852520301,126.8602306072,즉석판매제조가공업,즉석판매제조가공업,,,0,N,,
,경기도 시흥시 마유로238번길 26 (정왕동),경기도 시흥시 정왕동 1366-4 롯데마트시화점,15079,,37.3376271419,126.7306774357,즉석판매제조가공업,즉석판매제조가공업,,,0,N,,
,"경기도 시흥시 연성로13번길 11, 101호 (하중동, 유호빌상가)",경기도 시흥시 하중동 878-1 유호빌상가 101호,14976,,37.3913094282,126.8043948934,즉석판매제조가공업,즉석판매제조가공업,,,0,N,,
,"경기도 시흥시 정왕대로143번길 6 (정왕동, 주공아파트(가상가동)103호)",경기도 시흥시 정왕동 1844-1 주공아파트(가상가동)103호,15033,031-505-7861,37.3505973569,126.7319903154,즉석판매제조가공업,즉석판매제조가공업,,,,N,,
,,경기도 시흥시 정왕동 0-0 월드분산상가101호,15119,,,,즉석판매제조가공업,즉석판매제조가공업,,,0,N,,
,,경기도 시흥시 장곡동 0-0 연성2지구13-6룻트102호,,031-697-6665,,,즉석판매제조가공업,즉석판매제조가공업,,,0,N,,
,"경기도 시흥시 희망공원로 269, 홈플러스시화점 2층 식품매장 일부호 (정왕동)",경기도 시흥시 정왕동 2166-4 홈플러스시화점,15081,,37.3452082082,126.725237369,즉석판매제조가공업,즉석판매제조가공업,,,,N,,
,경기도 시흥시 정왕대로 210,경기도 시흥시 정왕동 1734-1,15066,02-565-8201,37.3459328804,126.7368812651,즉석판매제조가공업,즉석판매제조가공업,,,0,N,,
,경기도 시흥시 매화1로 22-3 (매화동),경기도 시흥시 매화동 239-1,14940,031-313-9744,37.415251483,126.8124115994,즉석판매제조가공업,즉석판매제조가공업,,,0,N,,
,"경기도 시흥시 비둘기공원로 28, 롯데마트 시흥점 1층 (대야동)",경기도 시흥시 대야동 542 롯데마트 시흥점,14912,,37.4430368253,126.7919559438,즉석판매제조가공업,즉석판매제조가공업,,,,N,,
,"경기도 시흥시 배곧2로 95, 배곧 유호 N-CITY 2차 1층 110호 (배곧동)",경기도 시흥시 배곧동 229-1 배곧 유호 N-CITY 2차,15011,,37.3661941638,126.7269414547,즉석판매제조가공업,즉석판매제조가공업,,,,N,,
,경기도 시흥시 오이도로 173,경기도 시흥시 정왕동 2003-12 오이도 어시장 b동 12호,15015,031-498-7422,37.3454457514,126.6880796381,즉석판매제조가공업,즉석판매제조가공업,,,0,N,,
,"경기도 시흥시 비둘기공원로 28, 롯데마트 시흥점 2층 (대야동)",경기도 시흥시 대야동 542 롯데마트 시흥점,14912,,37.4430368253,126.7919559438,즉석판매제조가공업,즉석판매제조가공업,,,0,N,,
,"경기도 시흥시 새우개2길 62-1, 1층 일부호 (포동)",경기도 시흥시 포동 88-8,14961,031-316-1335,37.4052277513,126.7731375152,즉석판매제조가공업,즉석판매제조가공업,,,,N,,
,"경기도 시흥시 정왕대로 210, E MART시화점 (정왕동)",경기도 시흥시 정왕동 1734-2 E MART시화점,15066,031-858-1226,37.3459328804,126.7368812651,즉석판매제조가공업,즉석판매제조가공업,,,,N,,
,"경기도 시흥시 수인로3325번길 10, 1층 일부호 (신천동, 우명프라자)",경기도 시흥시 신천동 774 진로마트 내 수산코너,14950,,37.4382099813,126.788191992,즉석판매제조가공업,즉석판매제조가공업,,,,N,,
,"경기도 시흥시 배곧1로 27-15, GS수퍼마켓 지하1층 (정왕동, 한라비발디캠퍼스)",경기도 시흥시 정왕동 2566 한라비발디캠퍼스,15011,,37.3636798562,126.7119931155,즉석판매제조가공업,즉석판매제조가공업,,,,N,,
,"경기도 시흥시 배곧1로 27-16 (정왕동, 롯데마트시흥배곧점)",경기도 시흥시 정왕동 1771-1,15011,,37.3617928357,126.7128710723,즉석판매제조가공업,즉석판매제조가공업,,,,N,,
,"경기도 시흥시 서울대학로278번길 67, 롯데마트(시흥배곧점) 1층 (배곧동)",경기도 시흥시 배곧동 203 롯데마트(시흥배곧점),15011,,37.3688907319,126.7313182505,즉석판매제조가공업,즉석판매제조가공업,,,,N,,
,"경기도 시흥시 마유로238번길 26, 1층 일부호 (정왕동)",경기도 시흥시 정왕동 1366-4,15079,070-4300-9589,37.3376271419,126.7306774357,즉석판매제조가공업,즉석판매제조가공업,,,,N,,
,"경기도 시흥시 서울대학로278번길 67, 시흥배곧 롯데마트 1층 (정왕동)",경기도 시흥시 정왕동 2537 시흥배곧 롯데마트,15011,02-473-7910,37.3688907319,126.7313182505,즉석판매제조가공업,즉석판매제조가공업,,,,N,,
,"경기도 시흥시 배곧1로 27-15, 지하1층 일부호 (배곧동, 한라비발디캠퍼스)",경기도 시흥시 배곧동 243 한라비발디캠퍼스,15011,,37.3636798562,126.7119931155,즉석판매제조가공업,즉석판매제조가공업,,,0,N,,
,"경기도 시흥시 서울대학로264번길 25, 시흥배곧 아브뉴프랑 센트럴 블루 3층 307호 일부호 (배곧동)",경기도 시흥시 배곧동 219 시흥배곧 아브뉴프랑 센트럴 블루,15011,,37.3683599517,126.7273257955,즉석판매제조가공업,즉석판매제조가공업,,,,N,,
,"경기도 시흥시 거북섬둘레길 42, 웨이브파크 광장 내 (정왕동)",경기도 시흥시 정왕동 2721 웨이브파크,15119,,37.3241773184,126.680791543,즉석판매제조가공업,즉석판매제조가공업,,,,N,,
,경기도 시흥시 정왕시장길 62,경기도 시흥시 정왕동 1189-11,15052,031-000-0000,37.3460667034,126.7493441685,즉석판매제조가공업,즉석판매제조가공업,,,0,N,,
,"경기도 시흥시 배곧1로 27-15, 상가3동 1층 105호 일부호 (배곧동, 한라비발디캠퍼스)",경기도 시흥시 배곧동 243 한라비발디캠퍼스,15011,,37.3636798562,126.7119931155,즉석판매제조가공업,즉석판매제조가공업,,,,N,,
,"경기도 시흥시 월곶해안로 133 (월곶동, 54-56호)",경기도 시흥시 월곶동 1013-12 54-56호,14963,031-317-3363,37.3876563066,126.7353628154,즉석판매제조가공업,즉석판매제조가공업,,,0,N,,
,"경기도 시흥시 장현천로 155, 근린생활시설동 1층 104호 일부호 (군자동, e편한세상 시흥장현 퍼스트베뉴)",경기도 시흥시 군자동 821 e편한세상 시흥장현 퍼스트베뉴,14999,,37.3656097114,126.8041014446,즉석판매제조가공업,즉석판매제조가공업,,,0,N,,
,"경기도 시흥시 시흥대로1074번길 5, 스페이스타워 105호 일부호 (은행동)",경기도 시흥시 은행동 288-1 스페이스타워,14921,,37.4320543214,126.7936643149,즉석판매제조가공업,즉석판매제조가공업,,,,N,,
,경기도 시흥시 복지로120번길 12 (대야동),경기도 시흥시 대야동 280-6,14907,031-315-1472,37.4487087958,126.79386965,즉석판매제조가공업,즉석판매제조가공업,,,0,N,,
,"경기도 시흥시 정왕대로 210, 2층 (정왕동, 이마트 시화점)",경기도 시흥시 정왕동 1734-1,15066,,37.3459328804,126.7368812651,즉석판매제조가공업,즉석판매제조가공업,,,,N,,
,경기도 시흥시 오이도중앙로36번길 12,"경기도 시흥시 정왕동 2002-11 성신수산내 11-9,12호",15015,031-432-2387,37.3458642221,126.688639633,즉석판매제조가공업,즉석판매제조가공업,,,0,N,,
,"경기도 시흥시 오이도로 173, B동 100,101호 (정왕동,오이도수산물직판장)","경기도 시흥시 정왕동 2003-12 오이도수산물직판장 B동 100,101호",15015,031-498-1808,37.3454457514,126.6880796381,즉석판매제조가공업,즉석판매제조가공업,,,,N,,
,"경기도 시흥시 군서로46번길 9, 1층 일부호 (정왕동)",경기도 시흥시 정왕동 1206-1 103호,15052,,37.3467685567,126.7477339731,즉석판매제조가공업,즉석판매제조가공업,,,,N,,
,"경기도 시흥시 서울대학로278번길 19-13, 107동 1층 A-133호 일부호 (배곧동, 시흥배곧 C1 호반 써밋플레이스)",경기도 시흥시 배곧동 191 시흥배곧 C1 호반 써밋플레이스,15011,,37.3703857466,126.7269775004,즉석판매제조가공업,즉석판매제조가공업,,,0,N,,
,경기도 시흥시 마유로238번길 26,경기도 시흥시 정왕동 1366-4 GS마트 1층,15079,031-496-7700,37.3376271419,126.7306774357,즉석판매제조가공업,즉석판매제조가공업,,,0,N,,
,"경기도 시흥시 능곡로 182, 홈플러스익스프레스 능곡점 1층 일부호 (능곡동)",경기도 시흥시 능곡동 753 신성프라자,14995,,37.3682632809,126.8108643032,즉석판매제조가공업,즉석판매제조가공업,,,,N,,
,"경기도 시흥시 서울대학로278번길 67 (정왕동, 롯데마트시흥배곧점)",경기도 시흥시 정왕동 1771-1 롯데마트시흥배곧점,15011,042-936-3041,37.3688907319,126.7313182505,즉석판매제조가공업,즉석판매제조가공업,,,,N,,
,"경기도 시흥시 시청로72번길 15-5, 1층 일부호 (장현동)",경기도 시흥시 장현동 535-2,14998,,37.3818121967,126.8003484833,즉석판매제조가공업,즉석판매제조가공업,,,,N,,
,경기도 시흥시 호현로 64 (대야동),경기도 시흥시 대야동 476-16,14905,031-318-5544,37.4456512333,126.7860413645,즉석판매제조가공업,즉석판매제조가공업,,,0,N,,
,"경기도 시흥시 군서로46번길 8-1, 정왕빌딩 1층 일부호 (정왕동)",경기도 시흥시 정왕동 1205 정왕빌딩,15052,,37.3465804297,126.7479164928,즉석판매제조가공업,즉석판매제조가공업,,,,N,,
,경기도 시흥시 함송로14번길 30 (정왕동),경기도 시흥시 정왕동 1886-2,15021,031-495-7786,37.3621873145,126.72897004,즉석판매제조가공업,즉석판매제조가공업,,,0,N,,
,"경기도 시흥시 시흥대로1074번길 5, 롯데슈퍼 시흥점 (은행동)",경기도 시흥시 은행동 288-1 스페이스타워,14921,02-573-8136,37.4320543214,126.7936643149,즉석판매제조가공업,즉석판매제조가공업,,,,N,,
,"경기도 시흥시 관곡지로 139, 연꽃테마파크 잔디광장 판매부스 내 (하중동)",경기도 시흥시 하중동 271 시흥시농업기술센터,14973,,37.4006890149,126.808386896,즉석판매제조가공업,즉석판매제조가공업,,,,N,,
,"경기도 시흥시 배곧4로 81-13, 상가동 1층 104호 (배곧동, 시흥배곧신도시골드클래스)",경기도 시흥시 배곧동 58 시흥배곧신도시골드클래스,15010,,37.3757254885,126.733078217,즉석판매제조가공업,즉석판매제조가공업,,,,N,,
,경기도 시흥시 마유로238번길 26,경기도 시흥시 정왕동 1366-4,15079,,37.3376271419,126.7306774357,즉석판매제조가공업,즉석판매제조가공업,,,,N,,
,경기도 시흥시 장곡로53번길 12 (장곡동),경기도 시흥시 장곡동 807 숲속마을A 주상가동 지하1층 롯데슈퍼내,15002,,37.3783249969,126.7824783751,즉석판매제조가공업,즉석판매제조가공업,,,,N,,
,"경기도 시흥시 월곶중앙로 90, 월곶동풍림1차아파트 1층 (월곶동)",경기도 시흥시 월곶동 1010-4 월곶동풍림1차아파트,14964,,37.3907631741,126.7391156822,즉석판매제조가공업,즉석판매제조가공업,,,,N,,
,"경기도 시흥시 도일로 110-2, B101호 (거모동)",경기도 시흥시 거모동 1658-25,15069,,37.340323829,126.7840593148,즉석판매제조가공업,즉석판매제조가공업,,,,N,,
,"경기도 시흥시 정왕대로 210, E MART시화점 2층 일부호 (정왕동)",경기도 시흥시 정왕동 1734-2 E MART시화점,15066,031-571-8671,37.3459328804,126.7368812651,즉석판매제조가공업,즉석판매제조가공업,,,,N,,
,"경기도 시흥시 호현로 67, 1층 일부호 (대야동)",경기도 시흥시 대야동 477-3,14905,070-8633-0188,37.4461569199,126.7861948309,즉석판매제조가공업,즉석판매제조가공업,,,,N,,
,"경기도 시흥시 동서로 861, 지층 (물왕동)",경기도 시흥시 물왕동 77-1,14983,031-411-7767,37.3820756464,126.841518268,즉석판매제조가공업,즉석판매제조가공업,,,0,N,,
,"경기도 시흥시 정왕대로 210 (정왕동, 이마트 시화점)",경기도 시흥시 정왕동 1734-1,15066,,37.3459328804,126.7368812651,즉석판매제조가공업,즉석판매제조가공업,,,,N,,
,경기도 시흥시 정왕대로 210,경기도 시흥시 정왕동 1734-1,15066,032-665-4785,37.3459328804,126.7368812651,즉석판매제조가공업,즉석판매제조가공업,,,0,N,,
,"경기도 시흥시 희망공원로 269 (정왕동, 홈플러스시화점)",경기도 시흥시 정왕동 2166-4 홈플러스시화점,15081,031-499-8347,37.3452082082,126.725237369,즉석판매제조가공업,즉석판매제조가공업,,,,N,,
,"경기도 시흥시 동서로 1109, 3층 일부호 (논곡동)",경기도 시흥시 논곡동 160-7 안산농협 목감지점,14984,,37.3879784372,126.8610207842,즉석판매제조가공업,즉석판매제조가공업,,,,N,,
,경기도 시흥시 비둘기공원로 28,경기도 시흥시 대야동 542 롯데마트시흥점,14912,031-636-5775,37.4430368253,126.7919559438,즉석판매제조가공업,즉석판매제조가공업,,,0,N,,
,경기도 시흥시 대은로104번길 14 (은행동),경기도 시흥시 은행동 529-4,14916,031-311-0814,37.4445534309,126.7999116125,즉석판매제조가공업,즉석판매제조가공업,,,0,N,,
,경기도 시흥시 오이도어시장로 7,"경기도 시흥시 정왕동 2004-3 종합어시장 A동 168,178,179호",15015,031-497-7664,37.3451101492,126.6890880534,즉석판매제조가공업,즉석판매제조가공업,,,,N,,
,"경기도 시흥시 승지로 49, 1층 일부호 (능곡동)",경기도 시흥시 능곡동 724,14995,,37.3685893934,126.8095964474,즉석판매제조가공업,즉석판매제조가공업,,,0,N,,
,"경기도 시흥시 배곧4로 30, 배곧타운I 111호 (배곧동)",경기도 시흥시 배곧동 124 배곧타운I,15010,031-319-3232,37.377338562,126.7274821771,즉석판매제조가공업,즉석판매제조가공업,,,,N,,
,경기도 시흥시 비둘기공원로 28,경기도 시흥시 대야동 542 롯데마트 내,14912,,37.4430368253,126.7919559438,즉석판매제조가공업,즉석판매제조가공업,,,,N,,
,"경기도 시흥시 대야로3번길 19, 1층 (대야동)",경기도 시흥시 대야동 486-2 1층호,14909,,37.4445742402,126.7868090276,즉석판매제조가공업,즉석판매제조가공업,,,0,N,,
,"경기도 시흥시 옥구공원로 183, 1층 일부호 (정왕동)",경기도 시흥시 정왕동 1733-4,15036,,37.3450091694,126.732035946,즉석판매제조가공업,즉석판매제조가공업,,,,N,,
,경기도 시흥시 수인로3247번길 70 (은행동),경기도 시흥시 은행동 261-1,14921,,37.4325444108,126.7978984952,즉석판매제조가공업,즉석판매제조가공업,,,,N,,
,"경기도 시흥시 동서로1051번길 26-1, 1층 일부호 (조남동)",경기도 시흥시 조남동 189-2,14984,,37.3826625302,126.8564346793,즉석판매제조가공업,즉석판매제조가공업,,,,N,,
,"경기도 시흥시 대야로 4 (대야동,490-2,490-5)","경기도 시흥시 대야동 490 490-2,490-5",14909,031-314-6967,37.4441637718,126.7889947589,즉석판매제조가공업,즉석판매제조가공업,,,1,N,,
,"경기도 시흥시 수인로3312번길 16, T동 지하2층 T204호 일부호 (대야동, 시흥 센트럴 푸르지오)",경기도 시흥시 대야동 693 시흥 센트럴 푸르지오,14911,,37.4413231865,126.7902764284,즉석판매제조가공업,즉석판매제조가공업,,,,N,,
,"경기도 시흥시 함송로13번길 27, 마트 내 수산코너 (정왕동)",경기도 시흥시 정왕동 1878-2,15020,031-433-9888,37.3651101625,126.7321134465,즉석판매제조가공업,즉석판매제조가공업,,,0,N,,
,경기도 시흥시 마유로238번길 26 (정왕동),경기도 시흥시 정왕동 1366-4,15079,,37.3376271419,126.7306774357,즉석판매제조가공업,즉석판매제조가공업,,,0,N,,
,경기도 시흥시 대골안길 24,경기도 시흥시 대야동 457-5,14905,031-694-2750,37.4475274768,126.7892681695,즉석판매제조가공업,즉석판매제조가공업,,,0,N,,
,"경기도 시흥시 진말로9번길 2 (장곡동, 부석(프)110호)",경기도 시흥시 장곡동 820-3 부석(프)110호,15002,031-318-6837,37.378468074,126.7852668701,즉석판매제조가공업,즉석판매제조가공업,,,0,N,,
,"경기도 시흥시 정왕대로 210, 2층 (정왕동, 이마트시화점)",경기도 시흥시 정왕동 1734-1 이마트시화점 2층,15066,070-5106-5833,37.3459328804,126.7368812651,즉석판매제조가공업,즉석판매제조가공업,,,,N,,
,"경기도 시흥시 정왕대로 210, 2층 (정왕동)",경기도 시흥시 정왕동 1734-2 E MART시화점,15066,,37.3459328804,126.7368812651,즉석판매제조가공업,즉석판매제조가공업,,,,N,,
,"경기도 시흥시 서울대학로278번길 67, 시흥배곧 롯데마트 1층 일부호 (배곧동)",경기도 시흥시 배곧동 202 시흥배곧 롯데마트 1층 일부호,15011,,37.3688907319,126.7313182505,즉석판매제조가공업,즉석판매제조가공업,,,,N,,
,"경기도 시흥시 죽율로209번길 3, 1층 일부호 (거모동)",경기도 시흥시 거모동 529-1,15044,,37.3570155806,126.771976704,즉석판매제조가공업,즉석판매제조가공업,,,,N,,
,경기도 시흥시 삼미시장2길 36,경기도 시흥시 신천동 739-13 외1필지,14948,031-691-4516,37.4401574151,126.7837988042,즉석판매제조가공업,즉석판매제조가공업,,,0,N,,
,"경기도 시흥시 정왕대로 210, 2층 (정왕동, 이마트시화점)",경기도 시흥시 정왕동 1734-1,15066,070-5106-5833,37.3459328804,126.7368812651,즉석판매제조가공업,즉석판매제조가공업,,,,N,,
,"경기도 시흥시 봉우재로51번길 29-1, 1층 일부호 (정왕동)",경기도 시흥시 정왕동 1830-1,15053,,37.3486208206,126.7427815556,즉석판매제조가공업,즉석판매제조가공업,,,0,N,,
,"경기도 시흥시 은계번영길 27, 시티파크 1층 113호 (은행동)",경기도 시흥시 은행동 646-12 시티파크,14922,,37.4365371908,126.8039538936,즉석판매제조가공업,즉석판매제조가공업,,,,N,,
,,경기도 시흥시 신천동 759-26,14948,031-314-0905,,,즉석판매제조가공업,즉석판매제조가공업,,상수도전용,0,N,,
,경기도 시흥시 호현로 96,경기도 시흥시 대야동 451-4,14905,031-314-7770,37.447962789,126.7882126474,즉석판매제조가공업,즉석판매제조가공업,,,0,N,,
,"경기도 시흥시 마유로238번길 26, 롯데마트시화점 지하1층 신선식품 수산코너 일부호 (정왕동)",경기도 시흥시 정왕동 1366-4,15079,,37.3376271419,126.7306774357,즉석판매제조가공업,즉석판매제조가공업,,,,N,,
,"경기도 시흥시 대골길 60, 1층 일부호 (대야동)",경기도 시흥시 대야동 465-23,14905,,37.4463173047,126.7873803498,즉석판매제조가공업,즉석판매제조가공업,,,0,N,,
,"경기도 시흥시 옥구천동로 402, GS슈퍼마켓시흥정왕점 (정왕동)",경기도 시흥시 정왕동 1873-3 월드아파트,15027,,37.3567512193,126.7302225709,즉석판매제조가공업,즉석판매제조가공업,,,,N,,
,"경기도 시흥시 비둘기공원로 28, 롯데마트 시흥점 2층 일부호 (대야동)",경기도 시흥시 대야동 542 롯데마트 시흥점,14912,031-767-9224,37.4430368253,126.7919559438,즉석판매제조가공업,즉석판매제조가공업,,,,N,,
,경기도 시흥시 희망공원로 269,경기도 시흥시 정왕동 2166-4 홈플러스시화점 2층,15081,,37.3452082082,126.725237369,즉석판매제조가공업,즉석판매제조가공업,,,,N,,
,"경기도 시흥시 정왕대로 210 (정왕동, 이마트시화점)",경기도 시흥시 정왕동 1734-2 이마트시화점,15066,031-434-4306,37.3459328804,126.7368812651,즉석판매제조가공업,즉석판매제조가공업,,,,N,,
,"경기도 시흥시 월곶해안로 133 (월곶동,화신시장 112,113,114,115호)","경기도 시흥시 월곶동 1013-12 화신시장 112,113,114,115호",14963,031-404-1344,37.3876563066,126.7353628154,즉석판매제조가공업,즉석판매제조가공업,,,0,N,,
,"경기도 시흥시 정왕대로27번길 11, 상가동 B04호 (정왕동, 신동아APT)",경기도 시흥시 정왕동 1940-2 신동아APT 상가동 B04호,15029,031-520-5518,37.3577492929,126.7215854217,즉석판매제조가공업,즉석판매제조가공업,,,,N,,
,"경기도 시흥시 시흥대로1074번길 5, 스페이스타워 1층 일부호 (은행동)",경기도 시흥시 은행동 288-1 스페이스타워,14921,,37.4320543214,126.7936643149,즉석판매제조가공업,즉석판매제조가공업,,,,N,,
,"경기도 시흥시 도일로 111 (거모동, 1층)",경기도 시흥시 거모동 1658-22 1층,15070,,37.3404474854,126.7836404377,즉석판매제조가공업,즉석판매제조가공업,,,0,N,,
,"경기도 시흥시 도일로 110-2, 105호 (거모동)",경기도 시흥시 거모동 1658-19 105호,15069,,37.340323829,126.7840593148,즉석판매제조가공업,즉석판매제조가공업,,,0,N,,
,"경기도 시흥시 비둘기공원2길 3-1, 남일빌딩 1층 일부호 (대야동)",경기도 시흥시 대야동 555-9 남일빌딩,14911,,37.4397037509,126.7922812585,즉석판매제조가공업,즉석판매제조가공업,,,0,N,,
,"경기도 시흥시 서울대학로278번길 67, 시흥배곧 롯데마트 1층 일부호 (배곧동)",경기도 시흥시 배곧동 202 시흥배곧 롯데마트 1층 일부호,15011,070-4300-9589,37.3688907319,126.7313182505,즉석판매제조가공업,즉석판매제조가공업,,,,N,,
,"경기도 시흥시 정왕대로 174, 광개토빌딩1 1층 118호 일부호 (정왕동)",경기도 시흥시 정왕동 1726-1 광개토빌딩1,15036,031-498-0398,37.3481553901,126.7334942325,즉석판매제조가공업,즉석판매제조가공업,,,0,N,,
,경기도 시흥시 정왕시장길 52,경기도 시흥시 정왕동 1202,15052,031-319-8908,37.3455685452,126.7489652672,즉석판매제조가공업,즉석판매제조가공업,,,1,N,,
,"경기도 시흥시 은행로167번길 3, 103호 (대야동)",경기도 시흥시 대야동 578-3 103호,14914,031-404-1253,37.4454446818,126.7982075509,즉석판매제조가공업,즉석판매제조가공업,,,,N,,
,"경기도 시흥시 월곶중앙로 38, 150호 (월곶동, 마린월드상가)",경기도 시흥시 월곶동 995-1,14966,031-318-1245,37.3880373624,126.7413460252,즉석판매제조가공업,즉석판매제조가공업,,상수도전용,,N,,
,"경기도 시흥시 하우로122번길 62, 1층 일부호 (대야동)",경기도 시흥시 대야동 1-32,14900,,37.471342492,126.7835013518,즉석판매제조가공업,즉석판매제조가공업,,,,N,,
,"경기도 시흥시 정왕대로 210, 2층 (정왕동, 이마트시화점)",경기도 시흥시 정왕동 1734-1 이마트시화점 2층,15066,031-434-4306,37.3459328804,126.7368812651,즉석판매제조가공업,즉석판매제조가공업,,,,N,,
,"경기도 시흥시 도일로 111, 1층 (거모동)",경기도 시흥시 거모동 1658-22 1층,15070,031-508-4488,37.3404474854,126.7836404377,즉석판매제조가공업,즉석판매제조가공업,,,0,N,,
,"경기도 시흥시 희망공원로 269 (정왕동, 홈플러스)",경기도 시흥시 정왕동 2166-4 홈플러스,15081,061-392-5500,37.3452082082,126.725237369,즉석판매제조가공업,즉석판매제조가공업,,,0,N,,
,경기도 시흥시 마유로238번길 26,경기도 시흥시 정왕동 1366-4 GS마트(내),15079,031-916-6673,37.3376271419,126.7306774357,즉석판매제조가공업,즉석판매제조가공업,,,0,N,,
,"경기도 시흥시 장곡로 23, 101호 (장곡동)",경기도 시흥시 장곡동 823-3,15002,,37.3790954387,126.7861645217,즉석판매제조가공업,즉석판매제조가공업,,,0,N,,
,,"경기도 시흥시 하상동 368 대우삼호(아) 상가동 104호,105호",,031-404-4049,,,즉석판매제조가공업,즉석판매제조가공업,,,,N,,
,경기도 시흥시 도일로 100-4,경기도 시흥시 거모동 1669-24,15069,031-495-7108,37.3393863872,126.7840569246,즉석판매제조가공업,즉석판매제조가공업,,,0,N,,
,"경기도 시흥시 월곶해안로 133 (월곶동, 화신시장173-174호)",경기도 시흥시 월곶동 1013-12 화신시장173-174호,14963,031-404-8377,37.3876563066,126.7353628154,즉석판매제조가공업,즉석판매제조가공업,,,0,N,,
,,경기도 시흥시 신천동 763-8,14949,031-311-1562,,,즉석판매제조가공업,즉석판매제조가공업,,,0,N,,
,"경기도 시흥시 새재로17번길 3, 이마트에브리데이 장현점 내 (장현동)",경기도 시흥시 장현동 543-1,14998,,37.3810543546,126.8017561503,즉석판매제조가공업,즉석판매제조가공업,,,,N,,
,"경기도 시흥시 인선길 39, 근린생활시설B동 2층 207호 일부호 (장곡동, 엘에이치17단지)",경기도 시흥시 장곡동 355-12 엘에이치17단지,15002,,37.3769372001,126.7840163865,즉석판매제조가공업,즉석판매제조가공업,,,0,N,,
,"경기도 시흥시 서울대학로264번길 35, 시흥배곧 아브뉴프랑 센트럴 그린 5층 528호 (배곧동)",경기도 시흥시 배곧동 218 시흥배곧 아브뉴프랑 센트럴 그린,15011,,37.3677274711,126.7284729076,즉석판매제조가공업,즉석판매제조가공업,,,,N,,
,"경기도 시흥시 서해안로 1332, 203호 (방산동)",경기도 시흥시 방산동 190-1 203호,14954,,37.4282185726,126.7741359475,즉석판매제조가공업,즉석판매제조가공업,,,,N,,
,"경기도 시흥시 배곧4로 32-5, 두드림공원 (배곧동)",경기도 시흥시 배곧동 134,15010,,37.3766220913,126.7281897946,즉석판매제조가공업,즉석판매제조가공업,,,,N,,
,"경기도 시흥시 신천로19번길 24-4, 1층 일부호 (신천동)",경기도 시흥시 신천동 875-12,14951,031-318-1135,37.4315174405,126.7904481428,즉석판매제조가공업,즉석판매제조가공업,,,0,N,,
,경기도 시흥시 오이도로 173,"경기도 시흥시 정왕동 2003-12 B동 148,149호",15015,,37.3454457514,126.6880796381,즉석판매제조가공업,즉석판매제조가공업,,,,N,,
,"경기도 시흥시 정왕대로 210, E MART시화점 2층 (정왕동)",경기도 시흥시 정왕동 1734-2 E MART시화점,15066,031-529-1741,37.3459328804,126.7368812651,즉석판매제조가공업,즉석판매제조가공업,,,,N,,
,,경기도 시흥시 거모동 1750-1,15070,,37.3429196852,126.7825557273,즉석판매제조가공업,즉석판매제조가공업,,상수도전용,,N,,
,경기도 시흥시 삼미시장1길 19,경기도 시흥시 신천동 738-2 삼미상가 A동 111호,14948,031-312-0021,37.4405908634,126.7839303247,즉석판매제조가공업,즉석판매제조가공업,,,0,N,,
,"경기도 시흥시 비둘기공원로 28 (대야동, 롯데마트시흥점 내 수산코너)",경기도 시흥시 대야동 542,14912,051-717-2950,37.4430368253,126.7919559438,즉석판매제조가공업,즉석판매제조가공업,,,,N,,
,경기도 시흥시 함송로 24,경기도 시흥시 정왕동 1882-4 세종프라자 111호,15020,031-497-2607,37.3632151301,126.7303936899,즉석판매제조가공업,즉석판매제조가공업,,,0,N,,
,"경기도 시흥시 대은로104번길 27, 두산아파트 1층 101-102호 (은행동)",경기도 시흥시 은행동 542 두산아파트,14916,,37.4435775622,126.8010285723,즉석판매제조가공업,즉석판매제조가공업,,,,N,,
,"경기도 시흥시 옥구천동로 404, 1층 gs슈퍼 시흥정왕점호 (정왕동, 월드아파트)",경기도 시흥시 정왕동 1873-3 월드아파트,15027,,37.3552565325,126.7318525139,즉석판매제조가공업,즉석판매제조가공업,,,,N,,
,,"경기도 시흥시 장곡동 0-0 26블럭5,6룻트연성푸라자107호",,031-697-6070,,,즉석판매제조가공업,즉석판매제조가공업,,,0,N,,
,"경기도 시흥시 서울대학로278번길 67, 시흥배곧 롯데마트 지하1층 (배곧동)",경기도 시흥시 배곧동 202 시흥배곧 롯데마트,15011,,37.3688907319,126.7313182505,즉석판매제조가공업,즉석판매제조가공업,,,,N,,
,"경기도 시흥시 서해안로 699, 시흥 프리미엄 아울렛 (정왕동)",경기도 시흥시 정왕동 1772-46 시흥 프리미엄 아울렛,15010,,37.3796992102,126.7370588161,즉석판매제조가공업,즉석판매제조가공업,,,,N,,
,"경기도 시흥시 배곧1로 27-15, 상가3동 117호 (배곧동, 한라비발디캠퍼스)",경기도 시흥시 배곧동 243 한라비발디캠퍼스,15011,032-427-7177,37.3636798562,126.7119931155,즉석판매제조가공업,즉석판매제조가공업,,상수도전용,0,N,,
,경기도 시흥시 마유로238번길 26,경기도 시흥시 정왕동 1366-4 GS마트 시화점,15079,031-496-7700,37.3376271419,126.7306774357,즉석판매제조가공업,즉석판매제조가공업,,,,N,,
,"경기도 시흥시 서울대학로278번길 67, 시흥배곧 롯데마트 4층 일부호 (배곧동)",경기도 시흥시 배곧동 202 시흥배곧 롯데마트,15011,,37.3688907319,126.7313182505,즉석판매제조가공업,즉석판매제조가공업,,,,N,,
,"경기도 시흥시 장현능곡로 155, 시흥 플랑드르 1110호 일부호 (능곡동)",경기도 시흥시 능곡동 871 시흥 플랑드르,15121,,37.3710186339,126.8072928232,즉석판매제조가공업,즉석판매제조가공업,,,,N,,
,"경기도 시흥시 군서마을로 72-1, 1층 (정왕동)",경기도 시흥시 정왕동 1838-14,15053,,37.3472985731,126.7446238594,즉석판매제조가공업,즉석판매제조가공업,,,0,N,,
,경기도 시흥시 상직길 3,경기도 시흥시 하상동 380-1 성림프라자 101호,14977,031-318-2373,37.3906451498,126.8125686288,즉석판매제조가공업,즉석판매제조가공업,,,0,N,,
,,경기도 시흥시 정왕동 1873-3 월드상가1층109호,15027,031-433-5536,37.3567512193,126.7302225709,즉석판매제조가공업,즉석판매제조가공업,,,0,N,,
,경기도 시흥시 월곶해안로 133,경기도 시흥시 월곶동 1013-12 155.156,14963,031-404-2117,37.3876563066,126.7353628154,즉석판매제조가공업,즉석판매제조가공업,,,0,N,,
,"경기도 시흥시 오이도어시장로 7, 189호 (정왕동, 오이도종합어시장)",경기도 시흥시 정왕동 2004-3 189호,15015,031-319-7422,37.3451101492,126.6890880534,즉석판매제조가공업,즉석판매제조가공업,,,,N,,
,"경기도 시흥시 군서로18번길 3, 1층 (정왕동)",경기도 시흥시 정왕동 1200-7 1층,15052,031-432-0069,37.3447795451,126.74962794,즉석판매제조가공업,즉석판매제조가공업,,,0,N,,
,경기도 시흥시 비둘기공원로 28,경기도 시흥시 대야동 542 코오롱마트내,14912,02-302-7206,37.4430368253,126.7919559438,즉석판매제조가공업,즉석판매제조가공업,,,,N,,
,경기도 시흥시 삼미시장4길 10,경기도 시흥시 신천동 735-4,14948,031-311-1334,37.4394899697,126.7837260365,즉석판매제조가공업,즉석판매제조가공업,,,0,N,,
,"경기도 시흥시 월곶중앙로 71, 센타프라자 2층 202호 (월곶동)",경기도 시흥시 월곶동 1011-15 센타프라자,14963,070-5142-1999,37.3889758169,126.7373037111,즉석판매제조가공업,즉석판매제조가공업,,,,N,,
,"경기도 시흥시 월곶중앙로 90 (월곶동, 풍림아파트 상가동 111-1호)",경기도 시흥시 월곶동 1010-4 풍림아파트 상가동 111-1호,14964,031-312-5988,37.3902457487,126.735754493,즉석판매제조가공업,즉석판매제조가공업,,,0,N,,
,"경기도 시흥시 희망공원로 269, 홈플러스시화점 2층 (정왕동)",경기도 시흥시 정왕동 2166-4 홈플러스시화점,15081,031-841-7615,37.3452082082,126.725237369,즉석판매제조가공업,즉석판매제조가공업,,,,N,,
,경기도 시흥시 오이도어시장로 7,경기도 시흥시 정왕동 2004-3 A동 168호,15015,,37.3451101492,126.6890880534,즉석판매제조가공업,즉석판매제조가공업,,,0,N,,
,"경기도 시흥시 정왕대로 210, 2층 (정왕동, 이마트시화점)",경기도 시흥시 정왕동 1734-1 이마트시화점 2층호,15066,031-858-1226,37.3459328804,126.7368812651,즉석판매제조가공업,즉석판매제조가공업,,,,N,,
,,경기도 시흥시 신천동 545-108,,,,,즉석판매제조가공업,즉석판매제조가공업,,,0,N,,
,"경기도 시흥시 진말로 35, 근린생활시설동 1층 3호 일부호 (장곡동, 시흥장현엘에이치18단지)",경기도 시흥시 장곡동 404-2 시흥장현엘에이치18단지,15002,,37.3808741747,126.7851762626,즉석판매제조가공업,즉석판매제조가공업,,,0,N,,
,"경기도 시흥시 장현능곡로 155, 시흥 플랑드르 지1층 B1100호 (능곡동)",경기도 시흥시 능곡동 871 시흥 플랑드르,15121,,37.3710186339,126.8072928232,즉석판매제조가공업,즉석판매제조가공업,,,,N,,
,경기도 시흥시 중심상가1길 3-6 (정왕동),경기도 시흥시 정왕동 1741-6 옥신프라자 303호,15066,,37.3442607601,126.7347757025,즉석판매제조가공업,즉석판매제조가공업,,,,N,,
,경기도 시흥시 오이도중앙로 32-1 (정왕동),경기도 시흥시 정왕동 1999-8,15015,031-434-7567,37.3453033675,126.6896617622,즉석판매제조가공업,즉석판매제조가공업,,,,N,,
,"경기도 시흥시 서울대학로264번길 26-32, 배곧중앙프라자 137호 (정왕동)",경기도 시흥시 정왕동 1771-38 배곧중앙프라자,15011,,37.3666139281,126.7277276688,즉석판매제조가공업,즉석판매제조가공업,,,,N,,
,"경기도 시흥시 배곧4로 32-13, 1층 (정왕동)",경기도 시흥시 정왕동 2477-3,15010,,37.376956103,126.7268874805,즉석판매제조가공업,즉석판매제조가공업,,,,N,,
,경기도 시흥시 배곧4로 32-13 (정왕동),경기도 시흥시 정왕동 2477-3,15010,,37.376956103,126.7268874805,즉석판매제조가공업,즉석판매제조가공업,,,,N,,
,"경기도 시흥시 시흥대로1074번길 5, 롯데슈퍼 (은행동)",경기도 시흥시 은행동 288-1 스페이스타워,14921,02-573-8136,37.4320543214,126.7936643149,즉석판매제조가공업,즉석판매제조가공업,,,,N,,
,"경기도 시흥시 비둘기공원로 28, 롯데마트 시흥점 2층 일부호 (대야동)",경기도 시흥시 대야동 542 롯데마트 시흥점,14912,070-4300-9589,37.4430368253,126.7919559438,즉석판매제조가공업,즉석판매제조가공업,,,,N,,
,"경기도 시흥시 서울대학로264번길 12, 208동 1층 B-105호 (배곧동, 시흥배곧 C2블럭 호반 써밋플레이스 아파트)",경기도 시흥시 배곧동 221 시흥배곧 C2블럭 호반 써밋플레이스 아파트,,,,,즉석판매제조가공업,즉석판매제조가공업,,,,N,,
,"경기도 시흥시 은계호수로 49, 시흥 센트럴돔 그랑트리 캐슬 1층 1071호 일부호 (은행동)",경기도 시흥시 은행동 605 시흥 센트럴돔 그랑트리 캐슬,14923,,37.4458457243,126.8020023203,즉석판매제조가공업,즉석판매제조가공업,,,,N,,
,경기도 시흥시 은행로173번길 5,경기도 시흥시 대야동 579-4 영성할인마트내,14914,,37.4457938415,126.797808611,즉석판매제조가공업,즉석판매제조가공업,,,0,N,,
,"경기도 시흥시 정왕대로 210, E MART시화점 2층 일부호 (정왕동)",경기도 시흥시 정왕동 1734-2 E MART시화점,15066,031-8017-1155,37.3459328804,126.7368812651,즉석판매제조가공업,즉석판매제조가공업,,,,N,,
,,경기도 시흥시 대야동 542 GS마트(내),,031-476-4522,,,즉석판매제조가공업,즉석판매제조가공업,,,0,N,,
,경기도 시흥시 희망공원로 269,경기도 시흥시 정왕동 2166-4 2층,15081,,37.3452082082,126.725237369,즉석판매제조가공업,즉석판매제조가공업,,,0,N,,
,"경기도 시흥시 함송로29번길 7, 현대프라자 1층 103호 (정왕동)",경기도 시흥시 정왕동 1881-5 JK학원,15020,,37.3638977181,126.731403066,즉석판매제조가공업,즉석판매제조가공업,,,,N,,
,"경기도 시흥시 희망공원로 269, 홈플러스시화점 1층 (정왕동)",경기도 시흥시 정왕동 2166-4 홈플러스시화점,15081,031-841-1624,37.3452082082,126.725237369,즉석판매제조가공업,즉석판매제조가공업,,,,N,,
,"경기도 시흥시 은계번영길 1, 태산W타워 207호 (은행동)",경기도 시흥시 은행동 646 태산W타워,14922,031-312-3130,37.4365775346,126.8016249551,즉석판매제조가공업,즉석판매제조가공업,,,,N,,
,"경기도 시흥시 거북섬로 116, MTV 4호 광장 (정왕동)",경기도 시흥시 정왕동 2731-2 마리나썬셋101,15119,,37.3201610675,126.6787471987,즉석판매제조가공업,즉석판매제조가공업,,,,N,,
,"경기도 시흥시 배곧4로 32-13, 이마트에브리데이 1층 (배곧동)",경기도 시흥시 배곧동 126,15010,,37.376956103,126.7268874805,즉석판매제조가공업,즉석판매제조가공업,,,,N,,
,"경기도 시흥시 승지로 77, 102호 (능곡동)",경기도 시흥시 능곡동 541 102호,14994,031-313-8850,37.3709385595,126.8105574848,즉석판매제조가공업,즉석판매제조가공업,,,,N,,
,"경기도 시흥시 소래산길 11, 시흥ABC행복학습타운 내 푸드존호 (대야동)",경기도 시흥시 대야동 332-1 시흥ABC행복학습타운,14902,,37.4485093838,126.7846914585,즉석판매제조가공업,즉석판매제조가공업,,,,N,,
,"경기도 시흥시 서울대학로278번길 67, 1층 (정왕동, 롯데마트 시흥배곧점)",경기도 시흥시 정왕동 1771-1 롯데마트 시흥배곧점 1층일부호,15011,,37.3688907319,126.7313182505,즉석판매제조가공업,즉석판매제조가공업,,,,N,,
,경기도 시흥시 봉우재로41번길 7,경기도 시흥시 정왕동 1597-1,15056,031-499-9259,37.3466912329,126.7440880151,즉석판매제조가공업,즉석판매제조가공업,,,0,N,,
,"경기도 시흥시 정왕대로 210, 2층 (정왕동, 이마트시화점)",경기도 시흥시 정왕동 1734-2,15066,031-858-1226,37.3459328804,126.7368812651,즉석판매제조가공업,즉석판매제조가공업,,,,N,,
,"경기도 시흥시 군자로 507, 군자프라자 1층 105호 일부호 (거모동)",경기도 시흥시 거모동 1757-1 군자프라자,15068,,37.3447661065,126.7853041907,즉석판매제조가공업,즉석판매제조가공업,,,,N,,
,"경기도 시흥시 은계호수로 49, 시흥 센트롤돔 그랑트리 B077-2호 (은행동)",경기도 시흥시 은행동 601-302 시흥 센트롤돔 그랑트리,14923,031-314-0101,37.4458457243,126.8020023203,즉석판매제조가공업,즉석판매제조가공업,,,0,N,,
,"경기도 시흥시 마유로238번길 26, 롯데마트시화점 (정왕동)",경기도 시흥시 정왕동 1366-4,15079,070-4300-9589,37.3376271419,126.7306774357,즉석판매제조가공업,즉석판매제조가공업,,,,N,,
,"경기도 시흥시 배곧4로 32-13, 이마트에브리데이 일부호 (정왕동)",경기도 시흥시 정왕동 2477-3,15010,,37.376956103,126.7268874805,즉석판매제조가공업,즉석판매제조가공업,,,,N,,
,"경기도 시흥시 동서로 770, 안산농협 연꽃지점 로컬푸드직매장 1층 일부호 (물왕동)",경기도 시흥시 물왕동 248-4 안산농협 연꽃지점 로컬푸드직매장,14990,,37.3843410162,126.8308012535,즉석판매제조가공업,즉석판매제조가공업,,,,N,,
,"경기도 시흥시 거북섬중앙로 1, 시화MTV 보니타가 상가 통로 (정왕동)",경기도 시흥시 정왕동 2709 시화MTV 보니타가 상가 통로,15119,,37.3255247468,126.6827295604,즉석판매제조가공업,즉석판매제조가공업,,,,N,,
,"경기도 시흥시 옥구천동로 404, GS슈퍼 시흥정왕점호 (정왕동, 월드아파트)",경기도 시흥시 정왕동 1873-3 월드아파트,15027,,37.3567512193,126.7302225709,즉석판매제조가공업,즉석판매제조가공업,,,0,N,,
,"경기도 시흥시 배곧1로 27-15, 지하층 (정왕동, 한라비발디캠퍼스)",경기도 시흥시 정왕동 2566 한라비발디캠퍼스,15011,,37.3636798562,126.7119931155,즉석판매제조가공업,즉석판매제조가공업,,,,N,,
,"경기도 시흥시 정왕대로 210, 2층 (정왕동, 이마트시화점)",경기도 시흥시 정왕동 1734-2 이마트시화점 2층,15066,070-5106-5833,37.3459328804,126.7368812651,즉석판매제조가공업,즉석판매제조가공업,,,,N,,
,"경기도 시흥시 비둘기공원7길 38 (대야동, 롯데마트시흥점 반찬코너)",경기도 시흥시 대야동 542 롯데마트시흥점 반찬코너,14912,031-435-7500,37.4430368253,126.7919559438,즉석판매제조가공업,즉석판매제조가공업,,,,N,,
,"경기도 시흥시 삼미시장2길 24, 2층 일부호 (신천동)",경기도 시흥시 신천동 742-2,14948,,37.4406010068,126.7826302328,즉석판매제조가공업,즉석판매제조가공업,,,,N,,
,경기도 시흥시 비둘기공원로 28,경기도 시흥시 대야동 542,14912,,37.4430368253,126.7919559438,즉석판매제조가공업,즉석판매제조가공업,,,,N,,
,"경기도 시흥시 정왕천로411번길 18, 1층 일부호 (정왕동)",경기도 시흥시 정왕동 1192-6,15052,,37.3452900772,126.7505373476,즉석판매제조가공업,즉석판매제조가공업,,,,N,,
,"경기도 시흥시 신천2길 13, 2층 일부호 (신천동)",경기도 시흥시 신천동 752-13,14948,,37.4390500225,126.7810398607,즉석판매제조가공업,즉석판매제조가공업,,,,N,,
,"경기도 시흥시 삼미시장3길 20-1, 1층 (신천동, 크리스탈빌딩 롯데마트내)",경기도 시흥시 신천동 739-12 크리스탈빌딩 롯데마트내,14948,,37.4402249964,126.7830520796,즉석판매제조가공업,즉석판매제조가공업,,,,N,,
,경기도 시흥시 동서로 1106,경기도 시흥시 목감동 202-23 하모니마트,14984,031-391-6890,37.3873759513,126.8612857137,즉석판매제조가공업,즉석판매제조가공업,,,0,N,,
,"경기도 시흥시 정왕대로 210 (정왕동, 이마트시화점)",경기도 시흥시 정왕동 1734-1,15066,,37.3459328804,126.7368812651,즉석판매제조가공업,즉석판매제조가공업,,상수도전용,,N,,
,"경기도 시흥시 서울대학로278번길 61, 서영베니스스퀘어 1층 C-2호 일부호 (배곧동)",경기도 시흥시 배곧동 204 서영베니스스퀘어,15011,,37.3681926149,126.7306929431,즉석판매제조가공업,즉석판매제조가공업,,,,N,,
,경기도 시흥시 오이도어시장로 8,경기도 시흥시 정왕동 2005-3 오이도종합어시장 B동 106호,15015,,37.3446490932,126.6888897946,즉석판매제조가공업,즉석판매제조가공업,,,0,N,,
,경기도 시흥시 동서로 1087 (조남동),경기도 시흥시 조남동 171-9,14984,031-405-7026,37.3860530506,126.860009174,즉석판매제조가공업,즉석판매제조가공업,,,0,N,,
,"경기도 시흥시 배곧4로 32-13, 이마트에브리데이 (배곧동)",경기도 시흥시 배곧동 126,15010,,37.376956103,126.7268874805,즉석판매제조가공업,즉석판매제조가공업,,,,N,,
,"경기도 시흥시 군자로481번길 20, 태성빌딩 5층 (거모동)",경기도 시흥시 거모동 1717-1 태성빌딩,15068,,37.3482017036,126.7855313053,즉석판매제조가공업,즉석판매제조가공업,,,0,N,,
,경기도 시흥시 오이도어시장로 8,"경기도 시흥시 정왕동 2005-3 (B동 166,167호)",15015,,37.3446490932,126.6888897946,즉석판매제조가공업,즉석판매제조가공업,,,0,N,,
,경기도 시흥시 진말로9번길 2,경기도 시흥시 장곡동 820-3,15002,031-318-5962,37.378468074,126.7852668701,즉석판매제조가공업,즉석판매제조가공업,,,0,N,,
,경기도 시흥시 희망공원로 269,경기도 시흥시 정왕동 2166-4 홈플러스 지상 2층,15081,,37.3452082082,126.725237369,즉석판매제조가공업,즉석판매제조가공업,,,,N,,
,경기도 시흥시 함송로13번길 27,경기도 시흥시 정왕동 1878-2 한국유통,15020,1577-1788,37.3651101625,126.7321134465,즉석판매제조가공업,즉석판매제조가공업,,,0,N,,
,경기도 시흥시 수인로3395번길 35-1,경기도 시흥시 신천동 380-5,14948,031-313-9553,37.4384032139,126.781396472,즉석판매제조가공업,즉석판매제조가공업,,,0,N,,
,경기도 시흥시 마유로238번길 26,경기도 시흥시 정왕동 1366-4 롯데마트 내,15079,,37.3376271419,126.7306774357,즉석판매제조가공업,즉석판매제조가공업,,,,N,,
,경기도 시흥시 도일로102번길 8,경기도 시흥시 거모동 1659-24,15069,031-495-5381,37.3396972745,126.784787769,즉석판매제조가공업,즉석판매제조가공업,,,0,N,,
,"경기도 시흥시 정왕대로 210, E MART시화점 2층 (정왕동)",경기도 시흥시 정왕동 1734-2 E MART시화점,15066,031-858-1227,37.3459328804,126.7368812651,즉석판매제조가공업,즉석판매제조가공업,,,,N,,
,"경기도 시흥시 수인로3312번길 16, T동 지3층 T132호 (대야동, 시흥 센트럴 푸르지오)",경기도 시흥시 대야동 693 시흥 센트럴 푸르지오,14911,,37.4413231865,126.7902764284,즉석판매제조가공업,즉석판매제조가공업,,,0,N,,
,"경기도 시흥시 옥구천동로 449, 상가동 1층 106호일부호 (정왕동)",경기도 시흥시 정왕동 1876-3 부성파스텔아파트 상가동,15022,,37.360429449,126.7330983975,즉석판매제조가공업,즉석판매제조가공업,,,,N,,
,"경기도 시흥시 승지로 69, 1층 (능곡동)",경기도 시흥시 능곡동 545 1층,14994,031-504-1240,37.3703161213,126.810472831,즉석판매제조가공업,즉석판매제조가공업,,,0,N,,
,"경기도 시흥시 마유로238번길 26, 롯데마트 시화점 1층 일부호 (정왕동)",경기도 시흥시 정왕동 1366-4,15079,,37.3376271419,126.7306774357,즉석판매제조가공업,즉석판매제조가공업,,,0,N,,
,"경기도 시흥시 매화1로 22-11, 1층 (매화동)",경기도 시흥시 매화동 240-1 1층,14940,070-8142-3106,37.4155280634,126.8119231471,즉석판매제조가공업,즉석판매제조가공업,,,0,N,,
,"경기도 시흥시 남왕길 24, 다인로얄팰리스3차 111호 일부호 (목감동)",경기도 시흥시 목감동 402-3 다인로얄팰리스3차,14985,,37.382432828,126.8606160193,즉석판매제조가공업,즉석판매제조가공업,,,0,N,,
,"경기도 시흥시 정왕대로 210 (정왕동, 이마트매장)",경기도 시흥시 정왕동 1734-1 이마트매장,15066,031-914-1677,37.3459328804,126.7368812651,즉석판매제조가공업,즉석판매제조가공업,,,,N,,
,경기도 시흥시 복지로 90,경기도 시흥시 대야동 568-1-613,14908,031-404-3535,37.4470010817,126.7916698675,즉석판매제조가공업,즉석판매제조가공업,,,0,N,,
,경기도 시흥시 희망공원로 269,경기도 시흥시 정왕동 2166-4 홈플러스 내 2층,15081,,37.3452082082,126.725237369,즉석판매제조가공업,즉석판매제조가공업,,,0,N,,
,"경기도 시흥시 월곶중앙로 38 (월곶동, 마린월드상가1층)",경기도 시흥시 월곶동 995-1 마린월드상가1층,14966,031-396-5464,37.3880373624,126.7413460252,즉석판매제조가공업,즉석판매제조가공업,,,,N,,
,경기도 시흥시 정왕대로233번안길 1,경기도 시흥시 정왕동 1600-6,15056,031-433-6556,37.3470070112,126.7413187431,즉석판매제조가공업,즉석판매제조가공업,,,0,N,,
,"경기도 시흥시 비둘기공원로 28, 롯데마트 시흥점 2층 (대야동)",경기도 시흥시 대야동 542 롯데마트 시흥점,14912,02-3482-4792,37.4430368253,126.7919559438,즉석판매제조가공업,즉석판매제조가공업,,,,N,,
,"경기도 시흥시 정왕대로 64, 메가쇼핑몰 1층 114호 (정왕동)",경기도 시흥시 정왕동 1861-3 메가쇼핑몰,15040,031-432-2088,37.3542557561,126.7235297297,즉석판매제조가공업,즉석판매제조가공업,,,0,N,,
,"경기도 시흥시 하중로 197, 1층 104호 (하중동)",경기도 시흥시 하중동 856-5,14976,031-312-8288,37.3940797914,126.8049341587,즉석판매제조가공업,즉석판매제조가공업,,,,N,,
,경기도 시흥시 마유로238번길 26,경기도 시흥시 정왕동 1366-4 엘지마트매장,15079,,37.3376271419,126.7306774357,즉석판매제조가공업,즉석판매제조가공업,,,0,N,,
,"경기도 시흥시 은행로149번길 1, 시흥성원아파트 상가동 103호 (은행동)",경기도 시흥시 은행동 538-2 시흥성원아파트,14917,,37.4441537742,126.7993953133,즉석판매제조가공업,즉석판매제조가공업,,,0,N,,
,"경기도 시흥시 수인로 3309, 하나로마트 북시흥농협본점 1층 일부호 (신천동)",경기도 시흥시 신천동 83-4,14950,,37.4384638811,126.7914451358,즉석판매제조가공업,즉석판매제조가공업,,,,N,,
,"경기도 시흥시 비둘기공원로 28 (대야동, 롯데마트시흥점)",경기도 시흥시 대야동 542 롯데마트시흥점,14912,02-589-3764,37.4430368253,126.7919559438,즉석판매제조가공업,즉석판매제조가공업,,,,N,,
,,경기도 시흥시 대야동 572 복지마트,14914,031-318-3600,,,즉석판매제조가공업,즉석판매제조가공업,,,0,N,,
,경기도 시흥시 정왕대로 210,경기도 시흥시 정왕동 1734-1 이마트내,15066,031-919-2460,37.3459328804,126.7368812651,즉석판매제조가공업,즉석판매제조가공업,,,0,N,,
,경기도 시흥시 비둘기공원로 28,경기도 시흥시 대야동 542 GS마트,14912,,37.4430368253,126.7919559438,즉석판매제조가공업,즉석판매제조가공업,,,0,N,,
,"경기도 시흥시 정왕대로 210, E MART시화점 (정왕동)",경기도 시흥시 정왕동 1734-2 E MART시화점,15066,031-527-8671,37.3459328804,126.7368812651,즉석판매제조가공업,즉석판매제조가공업,,,,N,,
,,"경기도 시흥시 정왕동 1628 유천@상가동 101,102호",15119,031-433-0588,,,즉석판매제조가공업,즉석판매제조가공업,,상수도전용,0,N,,
,경기도 시흥시 희망공원로 269,경기도 시흥시 정왕동 2166-4 홈플러스 2층,15081,031-496-7700,37.3452082082,126.725237369,즉석판매제조가공업,즉석판매제조가공업,,,,N,,
,"경기도 시흥시 서울대학로278번길 61, 서영베니스스퀘어 1층 T-1호 (정왕동)",경기도 시흥시 정왕동 2537-2 서영베니스스퀘어,15011,,37.3681926149,126.7306929431,즉석판매제조가공업,즉석판매제조가공업,,,,N,,
,경기도 시흥시 동서로 1047,경기도 시흥시 조남동 168-8,14984,,37.3828195049,126.8587828372,즉석판매제조가공업,즉석판매제조가공업,,,0,N,,
,"경기도 시흥시 연성로 95, 삼성프라자 1층 104호 일부호 (하상동)",경기도 시흥시 하상동 377-2 삼성프라자,14977,,37.3909698602,126.8141585219,즉석판매제조가공업,즉석판매제조가공업,,,,N,,
,"경기도 시흥시 평안상가4길 21, 1층 일부호 (정왕동)",경기도 시흥시 정왕동 1622-6,15062,,37.3377771272,126.7498217877,즉석판매제조가공업,즉석판매제조가공업,,,,N,,
,경기도 시흥시 신천4길 21,경기도 시흥시 신천동 388-15 지층,14948,031-314-0550,37.4380795715,126.7800543997,즉석판매제조가공업,즉석판매제조가공업,,,0,N,,
,"경기도 시흥시 정왕대로 210, 2층 (정왕동, 이마트시화점)",경기도 시흥시 정왕동 1734-1 이마트시화점 2층,15066,062-224-2300,37.3459328804,126.7368812651,즉석판매제조가공업,즉석판매제조가공업,,,,N,,
,경기도 시흥시 은행로 140-1,경기도 시흥시 은행동 540-12,14916,031-698-7850,37.4436073256,126.7999656471,즉석판매제조가공업,즉석판매제조가공업,,,0,N,,
,경기도 시흥시 월곶해안로 133,"경기도 시흥시 월곶동 1013-12 121,122",14963,,37.3876563066,126.7353628154,즉석판매제조가공업,즉석판매제조가공업,,,,N,,
,"경기도 시흥시 비둘기공원로 28, 롯데마트 시흥점 2층 일부호 (대야동)",경기도 시흥시 대야동 542 롯데마트 시흥점,14912,070-4300-9589,37.4430368253,126.7919559438,즉석판매제조가공업,즉석판매제조가공업,,,0,N,,
,경기도 시흥시 마유로238번길 26 (정왕동),경기도 시흥시 정왕동 1366-4,15079,070-4300-9589,37.3376271419,126.7306774357,즉석판매제조가공업,즉석판매제조가공업,,,,N,,
,"경기도 시흥시 시흥대로1074번길 5 (은행동, 롯데슈퍼시흥은행점)",경기도 시흥시 은행동 288-1,14921,,37.4320543214,126.7936643149,즉석판매제조가공업,즉석판매제조가공업,,상수도전용,,N,,
,경기도 시흥시 마유로238번길 26 (정왕동),경기도 시흥시 정왕동 1366-4,15079,032-561-5209,37.3376271419,126.7306774357,즉석판매제조가공업,즉석판매제조가공업,,,0,N,,
,경기도 시흥시 오이도중앙로36번길 12,경기도 시흥시 정왕동 2002-11 오이도 성신수산 10-12,15015,031-433-2833,37.3458642221,126.688639633,즉석판매제조가공업,즉석판매제조가공업,,,,N,,
,"경기도 시흥시 매화1로 22-3, 반석교회 2층 일부호 (매화동)",경기도 시흥시 매화동 239-1 반석교회,14940,,37.415251483,126.8124115994,즉석판매제조가공업,즉석판매제조가공업,,,,N,,
,경기도 시흥시 매화로 97,경기도 시흥시 도창동 385-4 제일빌딩 402호,14942,031-313-2081,37.4107549717,126.8157409542,즉석판매제조가공업,즉석판매제조가공업,,,,N,,
,,경기도 시흥시 신천동 105-8,,031-315-9980,,,즉석판매제조가공업,즉석판매제조가공업,,,0,N,,
,경기도 시흥시 마유로238번길 26,경기도 시흥시 정왕동 1366-4 GS마트내,15079,02-421-5714,37.3376271419,126.7306774357,즉석판매제조가공업,즉석판매제조가공업,,,,N,,
,"경기도 시흥시 시흥대로1074번길 5, 지하1층 (은행동, 롯데슈퍼시흥은행점)",경기도 시흥시 은행동 288-1,14921,,37.4320543214,126.7936643149,즉석판매제조가공업,즉석판매제조가공업,,,,N,,
,"경기도 시흥시 함송로13번길 27, 일부호 (정왕동)",경기도 시흥시 정왕동 1878-2,15020,,37.3651101625,126.7321134465,즉석판매제조가공업,즉석판매제조가공업,,,,N,,
,,경기도 시흥시 정왕동 1366 4통롯데마트 1층,15119,,,,즉석판매제조가공업,즉석판매제조가공업,,,0,N,,
,경기도 시흥시 삼미시장4길 12,경기도 시흥시 신천동 740-5,14948,031-314-5987,37.4396324656,126.7834420743,즉석판매제조가공업,즉석판매제조가공업,,,0,N,,
,"경기도 시흥시 마유로238번길 26, 롯데마트 시화점 1층 신선식품 수산코너 일부호 (정왕동)",경기도 시흥시 정왕동 1366-4,15079,,37.3376271419,126.7306774357,즉석판매제조가공업,즉석판매제조가공업,,,,N,,
,"경기도 시흥시 옥구천서로373번길 9, 상가동 1층 102호 (정왕동)",경기도 시흥시 정왕동 1867-3 신호새피앙아파트(상가동),15030,,37.355625103,126.726169128,즉석판매제조가공업,즉석판매제조가공업,,,,N,,
,,"경기도 시흥시 거모동 1567 -3,4 성림빌딩 107호",,031-493-0238,,,즉석판매제조가공업,즉석판매제조가공업,,,0,N,,
,경기도 시흥시 비둘기공원7길 38 (대야동),경기도 시흥시 대야동 542,14912,031-222-8806,37.4430368253,126.7919559438,즉석판매제조가공업,즉석판매제조가공업,,,0,N,,
,경기도 시흥시 마유로238번길 26,경기도 시흥시 정왕동 1366-4 LG마트,15079,032-505-3270,37.3376271419,126.7306774357,즉석판매제조가공업,즉석판매제조가공업,,,0,N,,
,경기도 시흥시 진말로9번길 2,경기도 시흥시 장곡동 820-3 부석프라자111호,15002,031-317-7765,37.378468074,126.7852668701,즉석판매제조가공업,즉석판매제조가공업,,,0,N,,
,경기도 시흥시 삼미시장2길 41 (신천동),경기도 시흥시 신천동 737-13,14948,,37.4401695778,126.7843186834,즉석판매제조가공업,즉석판매제조가공업,,,0,N,,
,경기도 시흥시 마유로238번길 26,경기도 시흥시 정왕동 1366-4 LG마트(내),15079,031-496-7761,37.3376271419,126.7306774357,즉석판매제조가공업,즉석판매제조가공업,,,0,N,,
,경기도 시흥시 마유로238번길 26,경기도 시흥시 정왕동 1366-4 GS마트내,15079,02-406-3354,37.3376271419,126.7306774357,즉석판매제조가공업,즉석판매제조가공업,,,0,N,,
,"경기도 시흥시 진말로9번길 2 (장곡동, 지하1층)",경기도 시흥시 장곡동 820-3 지하1층,15002,031-435-9974,37.378468074,126.7852668701,즉석판매제조가공업,즉석판매제조가공업,,,0,N,,
,"경기도 시흥시 월곶중앙로46번길 24, 2층 201호 일부호 (월곶동)",경기도 시흥시 월곶동 998-8,14966,,37.3899598941,126.7417559246,즉석판매제조가공업,즉석판매제조가공업,,,0,N,,
,경기도 시흥시 오이도로 173,경기도 시흥시 정왕동 2003-12 오이도직판장 B동 109,15015,,37.3454457514,126.6880796381,즉석판매제조가공업,즉석판매제조가공업,,,0,N,,
,"경기도 시흥시 장현능곡로 155, 웰빙푸드마켓 지1층층 일부호 (능곡동)",경기도 시흥시 능곡동 871 시흥 플랑드르,15121,,37.3710186339,126.8072928232,즉석판매제조가공업,즉석판매제조가공업,,,,N,,
,"경기도 시흥시 정왕대로 210 (정왕동, 시화이마트)",경기도 시흥시 정왕동 1734-1,15066,,37.3459328804,126.7368812651,즉석판매제조가공업,즉석판매제조가공업,,,,N,,
,경기도 시흥시 군서마을로 26-1,경기도 시흥시 정왕동 1213-15,15052,031-498-2383,37.3447200927,126.7487817897,즉석판매제조가공업,즉석판매제조가공업,,,0,N,,
,"경기도 시흥시 신천5길 21, 1층 (신천동)",경기도 시흥시 신천동 833-1 1층,14948,070-4064-8417,37.4377187054,126.7800013374,즉석판매제조가공업,즉석판매제조가공업,,,0,N,,
,"경기도 시흥시 시흥대로1074번길 5, 롯데슈퍼 시흥은행점 (은행동)",경기도 시흥시 은행동 288-1 스페이스타워,14921,02-573-8136,37.4320543214,126.7936643149,즉석판매제조가공업,즉석판매제조가공업,,,,N,,
,경기도 시흥시 비둘기공원7길 22,경기도 시흥시 대야동 562-2 외1필지  서강프라지 106호,14908,031-317-3547,37.4441238072,126.7928500879,즉석판매제조가공업,즉석판매제조가공업,,,,N,,
,경기도 시흥시 장곡로 23,경기도 시흥시 장곡동 823-2 중앙시장마트,15002,031-496-7745,37.3790954387,126.7861645217,즉석판매제조가공업,즉석판매제조가공업,,,0,N,,
,"경기도 시흥시 새재로17번길 3, 1층 일부호 (장현동)",경기도 시흥시 장현동 543-1,14998,,37.3810543546,126.8017561503,즉석판매제조가공업,즉석판매제조가공업,,,,N,,
,"경기도 시흥시 오이도어시장로 8 (정왕동, B동11호)",경기도 시흥시 정왕동 2005-3 B동11호,15015,,37.3446490932,126.6888897946,즉석판매제조가공업,즉석판매제조가공업,,,0,N,,
,"경기도 시흥시 서울대학로278번길 19-8, 새롬프라자 2층 201호 일부호 (배곧동)",경기도 시흥시 배곧동 193-2 새롬프라자,15011,,37.3698358612,126.7283496731,즉석판매제조가공업,즉석판매제조가공업,,,,N,,
,"경기도 시흥시 목감둘레로 253-7, 이지움 더테라스 2차 110호 (조남동)",경기도 시흥시 조남동 709-1 이지움 더테라스 2차,14986,,37.3802897416,126.8610182548,즉석판매제조가공업,즉석판매제조가공업,,,,N,,
,경기도 시흥시 삼미시장3길 13 (신천동),경기도 시흥시 신천동 735,14948,031-314-3259,37.4396620396,126.7838600464,즉석판매제조가공업,즉석판매제조가공업,,,0,N,,
,경기도 시흥시 비둘기공원로 28,경기도 시흥시 대야동 542,14912,,37.4430368253,126.7919559438,즉석판매제조가공업,즉석판매제조가공업,,,0,N,,
,"경기도 시흥시 희망공원로 269, 홈플러스시화점 (정왕동)",경기도 시흥시 정왕동 2166-4 홈플러스시화점,15081,,37.3452082082,126.725237369,즉석판매제조가공업,즉석판매제조가공업,,,,N,,
,"경기도 시흥시 연성로 23, 원웅빌딩 2층 201호 (하중동)",경기도 시흥시 하중동 874-6 원웅빌딩,14976,,37.3906885283,126.8061064504,즉석판매제조가공업,즉석판매제조가공업,,,0,N,,
,,경기도 시흥시 은행동 288-1 외 3필지  스페이스타워 105호,14921,,37.4320543214,126.7936643149,즉석판매제조가공업,즉석판매제조가공업,,,,N,,
,"경기도 시흥시 서울대학로278번길 67, 롯데마트(시흥배곧점) (정왕동)",경기도 시흥시 정왕동 1771-1 롯데마트(시흥배곧점),15011,031-734-0951,37.3688907319,126.7313182505,즉석판매제조가공업,즉석판매제조가공업,,,,N,,
,"경기도 시흥시 장현능곡로 155, 시흥 플랑드르 지하1층 B1046호 (능곡동)",경기도 시흥시 능곡동 235-1 시흥 플랑드르,15121,,37.3710186339,126.8072928232,즉석판매제조가공업,즉석판매제조가공업,,,,N,,
,경기도 시흥시 희망공원로 269,경기도 시흥시 정왕동 2166-4 홈플러스내,15081,,37.3452082082,126.725237369,즉석판매제조가공업,즉석판매제조가공업,,,,N,,
,"경기도 시흥시 장현능곡로 198, 1층 일부호 (능곡동)",경기도 시흥시 능곡동 737,14995,031-527-9217,37.3690811107,126.8119974743,즉석판매제조가공업,즉석판매제조가공업,,,,N,,
,경기도 시흥시 비둘기공원로 28,경기도 시흥시 대야동 542 GS마트,14912,032-883-8386,37.4430368253,126.7919559438,즉석판매제조가공업,즉석판매제조가공업,,,0,N,,
,"경기도 시흥시 희망공원로 269, 홈플러스시화점 2층 식품매장 일부호 (정왕동)",경기도 시흥시 정왕동 2166-4 홈플러스시화점,15081,031-374-8670,37.3452082082,126.725237369,즉석판매제조가공업,즉석판매제조가공업,,,,N,,
,경기도 시흥시 정왕천로355번길 24,경기도 시흥시 정왕동 1437-8,15058,031-433-5558,37.34178282,126.7461354502,즉석판매제조가공업,즉석판매제조가공업,,,0,N,,
,경기도 시흥시 은행로65번길 16-4,경기도 시흥시 은행동 109-37,14950,031-692-9339,37.4382280842,126.794216828,즉석판매제조가공업,즉석판매제조가공업,,,0,N,,
,경기도 시흥시 정왕대로 210 (정왕동),경기도 시흥시 정왕동 1734-1,15066,031-496-4123,37.3459328804,126.7368812651,즉석판매제조가공업,즉석판매제조가공업,,,0,N,,
,경기도 시흥시 오이도로 173,경기도 시흥시 정왕동 2003-12 오이도직판장 B동 152호,15015,031-433-8845,37.3454457514,126.6880796381,즉석판매제조가공업,즉석판매제조가공업,,,0,N,,
,"경기도 시흥시 오이도로 173, B동 1층 38호 (정왕동)",경기도 시흥시 정왕동 2003-12,15015,031-433-3324,37.3454457514,126.6880796381,즉석판매제조가공업,즉석판매제조가공업,,,,N,,
,경기도 시흥시 군자로 520,경기도 시흥시 거모동 1756-1 106호,15070,,37.3438261411,126.7848840878,즉석판매제조가공업,즉석판매제조가공업,,,0,N,,
,경기도 시흥시 비둘기공원로 28,경기도 시흥시 대야동 542 GS마트,14912,02-2611-8728,37.4430368253,126.7919559438,즉석판매제조가공업,즉석판매제조가공업,,,,N,,
,"경기도 시흥시 희망공원로 269 (정왕동, 시화홈플러스 (시화점)1층 )",경기도 시흥시 정왕동 2166-4 시화홈플러스(시화점) 1층,15081,,37.3452082082,126.725237369,즉석판매제조가공업,즉석판매제조가공업,,,,N,,
,"경기도 시흥시 서울대학로278번길 67, 1층 (정왕동, 롯데마트배곧점)",경기도 시흥시 정왕동 1771-1 롯데마트배곧점 1층,15011,02-540-3207,37.3688907319,126.7313182505,즉석판매제조가공업,즉석판매제조가공업,,,,N,,
,경기도 시흥시 중심상가로 132,경기도 시흥시 정왕동 1847 청솔@상가 101호,15037,031-433-6769,37.3474805077,126.7308930359,즉석판매제조가공업,즉석판매제조가공업,,,0,N,,
,경기도 시흥시 삼미시장1길 27 (신천동),경기도 시흥시 신천동 738,14948,031-311-3063,37.4408126271,126.7833403858,즉석판매제조가공업,즉석판매제조가공업,,,0,N,,
,"경기도 시흥시 승지로69번길 11, 1층 일부호 (능곡동)",경기도 시흥시 능곡동 508,14994,,37.3706250601,126.8093519159,즉석판매제조가공업,즉석판매제조가공업,,,0,N,,
,"경기도 시흥시 오이도로 165, 1층 (정왕동)",경기도 시흥시 정왕동 2003-24,15015,031-431-2261,37.3461678757,126.6882299232,즉석판매제조가공업,즉석판매제조가공업,,,,N,,
,"경기도 시흥시 수인로3325번길 10, 지하104호 (신천동, 우명프라자)",경기도 시흥시 신천동 774 우명프라자,14950,,37.4382099813,126.788191992,즉석판매제조가공업,즉석판매제조가공업,,,,N,,
,,경기도 시흥시 대야동 542 코오롱마트내1층,,,,,즉석판매제조가공업,즉석판매제조가공업,,,0,N,,
,경기도 시흥시 오이도어시장로 7,경기도 시흥시 정왕동 2004-3 (A동 48호),15015,,37.3451101492,126.6890880534,즉석판매제조가공업,즉석판매제조가공업,,,0,N,,
,"경기도 시흥시 배곧1로 27-16, 상가 2동 1층 107호일부호 (정왕동, 한라비발디캠퍼스2차)",경기도 시흥시 정왕동 2564 한라비발디캠퍼스2차,15011,,37.3617928357,126.7128710723,즉석판매제조가공업,즉석판매제조가공업,,,0,N,,
,"경기도 시흥시 배곧4로 83, 아이프라자 1층 102호 (정왕동)",경기도 시흥시 정왕동 2470 아이프라자,15010,,37.3748597232,126.7330079714,즉석판매제조가공업,즉석판매제조가공업,,,,N,,
,경기도 시흥시 대야로 4 (대야동),경기도 시흥시 대야동 490-5,14909,031-418-2151,37.4441637718,126.7889947589,즉석판매제조가공업,즉석판매제조가공업,,,0,N,,
,경기도 시흥시 마유로238번길 26,경기도 시흥시 정왕동 1366-4 LG마트,15079,,37.3376271419,126.7306774357,즉석판매제조가공업,즉석판매제조가공업,,,,N,,
,경기도 시흥시 오이도중앙로 32,경기도 시흥시 정왕동 1999-7,15015,031-499-7642,37.3454572071,126.6897504286,즉석판매제조가공업,즉석판매제조가공업,,,,N,,
,"경기도 시흥시 대골안길 3, 1층 일부호 (대야동)",경기도 시흥시 대야동 440,14906,,37.44917125,126.7898178977,즉석판매제조가공업,즉석판매제조가공업,,,,N,,
,"경기도 시흥시 시흥대로1074번길 5, 1층 (은행동)",경기도 시흥시 은행동 288-1 스페이스타워,14921,,37.4320543214,126.7936643149,즉석판매제조가공업,즉석판매제조가공업,,,,N,,
,"경기도 시흥시 평안상가1길 1, 지하1층 일부호 (정왕동)",경기도 시흥시 정왕동 1622,15062,032-324-7694,37.3388673438,126.7483320831,즉석판매제조가공업,즉석판매제조가공업,,,,N,,
,경기도 시흥시 비둘기공원로 28,경기도 시흥시 대야동 542 GS마트,14912,031-435-7500,37.4430368253,126.7919559438,즉석판매제조가공업,즉석판매제조가공업,,,0,N,,
,"경기도 시흥시 수인로 2966, 부천시흥원예농협 가동 1층 일부호 (매화동)",경기도 시흥시 매화동 39-1,14931,,37.4209383352,126.8169479595,즉석판매제조가공업,즉석판매제조가공업,,,,N,,
,"경기도 시흥시 복지로63번길 15, 1층 102호 일부호 (대야동, 두산주택)",경기도 시흥시 대야동 471 두산주택,14905,031-504-5225,37.44549403,126.7883716976,즉석판매제조가공업,즉석판매제조가공업,,,0,N,,
,"경기도 시흥시 장곡남로 35, 근린생활시설-4동 1층 401호 일부호 (장곡동, 시흥장현서희스타힐스)",경기도 시흥시 장곡동 946 시흥장현서희스타힐스,14996,031-312-5832,37.3752964967,126.7914637632,즉석판매제조가공업,즉석판매제조가공업,,,,N,,
,경기도 시흥시 오이도어시장로 8,경기도 시흥시 정왕동 2005-3 B동 65호,15015,,37.3446490932,126.6888897946,즉석판매제조가공업,즉석판매제조가공업,,,0,N,,
,경기도 시흥시 중심상가로 228,경기도 시흥시 정왕동 1790-0 영남6차상가109호,15065,031-497-7218,37.3422258091,126.7393008664,즉석판매제조가공업,즉석판매제조가공업,,,0,N,,
,"경기도 시흥시 희망공원로 269, 2층 (정왕동, 홈플러스 시화점 )",경기도 시흥시 정왕동 2166-4 홈플러스 시화점 2층,15081,031-310-8000,37.3452082082,126.725237369,즉석판매제조가공업,즉석판매제조가공업,,,,N,,
,"경기도 시흥시 서울대학로278번길 67, 롯데마트(시흥배곧점) 1층 일부호 (정왕동)",경기도 시흥시 정왕동 1771-1 롯데마트(시흥배곧점) 1층일부호,15011,,37.3688907319,126.7313182505,즉석판매제조가공업,즉석판매제조가공업,,,,N,,
,"경기도 시흥시 도일로 110-2, 지층 (거모동)",경기도 시흥시 거모동 1658-25,15069,,37.340323829,126.7840593148,즉석판매제조가공업,즉석판매제조가공업,,,,N,,
,경기도 시흥시 오이도로 167,"경기도 시흥시 정왕동 2003-8 오이도직판장 A동 25,26호",15015,,37.3458883179,126.6882103529,즉석판매제조가공업,즉석판매제조가공업,,,0,N,,
,"경기도 시흥시 대은로 13, 1층 (대야동)",경기도 시흥시 대야동 556-4,14911,,37.4400669802,126.7927300069,즉석판매제조가공업,즉석판매제조가공업,,,,N,,
,"경기도 시흥시 비둘기공원로 28, 2층 (대야동, 롯데마트시흥점)",경기도 시흥시 대야동 542 롯데마트시흥점2층,14912,02-555-4053,37.4430368253,126.7919559438,즉석판매제조가공업,즉석판매제조가공업,,,0,N,,
,"경기도 시흥시 신천로19번길 12, 1층 일부호 (신천동)",경기도 시흥시 신천동 877-7,14951,,37.4328074639,126.7906281186,즉석판매제조가공업,즉석판매제조가공업,,,0,N,,
,"경기도 시흥시 배곧1로 27-15, 1층 (배곧동, 한라비발디캠퍼스)",경기도 시흥시 배곧동 243 한라비발디캠퍼스,15011,,37.3636798562,126.7119931155,즉석판매제조가공업,즉석판매제조가공업,,,,N,,
,경기도 시흥시 오이도어시장로 7,경기도 시흥시 정왕동 2004-3 A동 30호,15015,,37.3451101492,126.6890880534,즉석판매제조가공업,즉석판매제조가공업,,,0,N,,
,"경기도 시흥시 수인로3335번길 6, 1층 (신천동)",경기도 시흥시 신천동 768-2 1층,14950,,37.4390884254,126.7873810816,즉석판매제조가공업,즉석판매제조가공업,,,0,N,,
,경기도 시흥시 마유로238번길 26,경기도 시흥시 정왕동 1366-4 엘지마트내,15079,031-644-7568,37.3376271419,126.7306774357,즉석판매제조가공업,즉석판매제조가공업,,,0,N,,
,경기도 시흥시 희망공원로 269,경기도 시흥시 정왕동 2166-4 (2층),15081,,37.3452082082,126.725237369,즉석판매제조가공업,즉석판매제조가공업,,,,N,,
,경기도 시흥시 봉우재로 52,경기도 시흥시 정왕동 1209-10 1층,15052,031-319-0242,37.3470814564,126.7459131221,즉석판매제조가공업,즉석판매제조가공업,,,,N,,
,,경기도 시흥시 월곶동 1010-4 리치마트(내),14964,031-318-0982,37.3902457487,126.735754493,즉석판매제조가공업,즉석판매제조가공업,,,0,N,,
,"경기도 시흥시 장현순환로 81, 근린생활시설2동 19호일부호 (장현동, 시흥능곡역 모아미래도 에듀포레)",경기도 시흥시 장현동 608 시흥능곡역 모아미래도 에듀포레,14996,,37.3744096409,126.7969159919,즉석판매제조가공업,즉석판매제조가공업,,,0,N,,
,경기도 시흥시 오이도로 167,"경기도 시흥시 정왕동 2003-8 오이도직판장 A동 76,77호",15015,031-498-3735,37.3458883179,126.6882103529,즉석판매제조가공업,즉석판매제조가공업,,,0,N,,
,,경기도 시흥시 은행동 601-150 은계호수공원,14923,,,,즉석판매제조가공업,즉석판매제조가공업,,,,N,,
,"경기도 시흥시 정왕대로 210, 2층 (정왕동, 이마트시화점)",경기도 시흥시 정왕동 1734-1 이마트시화점 2층,15066,053-852-4351,37.3459328804,126.7368812651,즉석판매제조가공업,즉석판매제조가공업,,,,N,,
,"경기도 시흥시 서울대학로264번길 7, 시흥배곧 아브뉴프랑 센트럴 퍼플 3층 A-309호 일부호 (배곧동)",경기도 시흥시 배곧동 220 시흥배곧 아브뉴프랑 센트럴 퍼플,15011,031-499-0613,37.3691267298,126.7260417622,즉석판매제조가공업,즉석판매제조가공업,,,,N,,
,"경기도 시흥시 옥구상가2길 4, 117호 (정왕동, 로얄타운)",경기도 시흥시 정왕동 1861-4 로얄타운,15040,,37.3539162976,126.7239961677,즉석판매제조가공업,즉석판매제조가공업,,,,N,,
,,경기도 시흥시 은행동 288-1 외3필지 스페이스타워 105호,14921,,37.4320543214,126.7936643149,즉석판매제조가공업,즉석판매제조가공업,,,,N,,
,"경기도 시흥시 비둘기공원7길 38 (대야동, 롯데마트시흥점)",경기도 시흥시 대야동 542 롯데마트시흥점,14912,,37.4430368253,126.7919559438,즉석판매제조가공업,즉석판매제조가공업,,,,N,,
,"경기도 시흥시 서울대학로278번길 67, 1층 (정왕동, 롯데마트시흥배곧점)",경기도 시흥시 정왕동 1771-1 롯데마트시흥배곧점 1층호,15011,,37.3688907319,126.7313182505,즉석판매제조가공업,즉석판매제조가공업,,,,N,,
,"경기도 시흥시 시청로 100, 상가동 1층 104호 (장현동, 네이처뷰)",경기도 시흥시 장현동 170-2 네이처뷰,14996,031-8044-2500,37.3832906064,126.7988550094,즉석판매제조가공업,즉석판매제조가공업,,,,N,,
,"경기도 시흥시 시흥대로1074번길 5 (은행동, 롯데슈퍼시흥은행점)",경기도 시흥시 은행동 288-1,14921,,37.4320543214,126.7936643149,즉석판매제조가공업,즉석판매제조가공업,,,,N,,
,"경기도 시흥시 삼미시장3길 17, 1층 일부호 (신천동)",경기도 시흥시 신천동 740-3,14948,031-314-1229,37.4398306843,126.7834288799,즉석판매제조가공업,즉석판매제조가공업,,,,N,,
,"경기도 시흥시 대골안길 48-1, 1층층 (대야동)",경기도 시흥시 대야동 473-21 1층,14905,,37.4454017208,126.7880108109,즉석판매제조가공업,즉석판매제조가공업,,,0,N,,
,경기도 시흥시 함송로 15,경기도 시흥시 정왕동 1881-11,15020,031-488-8837,37.3640347307,126.7302949768,즉석판매제조가공업,즉석판매제조가공업,,,0,N,,
,경기도 시흥시 오이도어시장로 8,경기도 시흥시 정왕동 2005-3 오이도종합어시장 B동 79호,15015,,37.3446490932,126.6888897946,즉석판매제조가공업,즉석판매제조가공업,,,0,N,,
,"경기도 시흥시 마유로423번길 20-11, 강남빌딩II 1층 일부호 (정왕동)",경기도 시흥시 정왕동 2294-2 강남빌딩II,15024,,37.3541433808,126.7395306456,즉석판매제조가공업,즉석판매제조가공업,,,0,N,,
,경기도 시흥시 오이도로 173,"경기도 시흥시 정왕동 2003-12 오이도직판장 B동 156,157호",15015,031-431-5205,37.3454457514,126.6880796381,즉석판매제조가공업,즉석판매제조가공업,,,,N,,
,,경기도 시흥시 정왕동 1202 하모니마트(내),15119,031-506-0702,,,즉석판매제조가공업,즉석판매제조가공업,,,0,N,,
,"경기도 시흥시 목감둘레로 258, 메트로타워1 1층 104호 일부호 (조남동)",경기도 시흥시 조남동 711-2 메트로타워1,14986,031-439-3685,37.3809982663,126.862028829,즉석판매제조가공업,즉석판매제조가공업,,,,N,,
,"경기도 시흥시 진말로 35, 근린생활시설동 1층 7호 일부호 (장곡동, 시흥장현엘에이치18단지)",경기도 시흥시 장곡동 880 시흥장현엘에이치18단지,15002,,37.3808741747,126.7851762626,즉석판매제조가공업,즉석판매제조가공업,,,,N,,
,"경기도 시흥시 배곧4로 81-13, 상가동 106호 (배곧동, 시흥배곧신도시골드클래스)",경기도 시흥시 배곧동 58 시흥배곧신도시골드클래스,15010,,37.3757254885,126.733078217,즉석판매제조가공업,즉석판매제조가공업,,,,N,,
,경기도 시흥시 장곡로49번길 6-1,경기도 시흥시 장곡동 809-5,15002,031-404-3779,37.3789329188,126.7831389907,즉석판매제조가공업,즉석판매제조가공업,,,0,N,,
,"경기도 시흥시 도일로 110-2, 지하1층 일부호 (거모동)",경기도 시흥시 거모동 1658-25,15069,,37.340323829,126.7840593148,즉석판매제조가공업,즉석판매제조가공업,,,,N,,
,경기도 시흥시 삼미시장4길 15,경기도 시흥시 신천동 759-1,14948,032-652-4267,37.4395211556,126.7829231451,즉석판매제조가공업,즉석판매제조가공업,,,0,N,,
,"경기도 시흥시 삼미시장2길 24, 2층 (신천동)",경기도 시흥시 신천동 742-2,14948,,37.4406010068,126.7826302328,즉석판매제조가공업,즉석판매제조가공업,,,0,N,,
,경기도 시흥시 비둘기공원로 28,경기도 시흥시 대야동 542 GS마트내,14912,,37.4430368253,126.7919559438,즉석판매제조가공업,즉석판매제조가공업,,,0,N,,
,"경기도 시흥시 배곧1로 27-15, 상가동 지하1층 일부호 (배곧동, 한라비발디캠퍼스)",경기도 시흥시 배곧동 243 한라비발디캠퍼스,15011,,37.3636798562,126.7119931155,즉석판매제조가공업,즉석판매제조가공업,,,,N,,
,경기도 시흥시 월곶해안로 133,"경기도 시흥시 월곶동 1013-12 화신수산시장  134,135호",14963,031-318-8249,37.3876563066,126.7353628154,즉석판매제조가공업,즉석판매제조가공업,,,0,N,,
,"경기도 시흥시 월곶해안로 133 (월곶동,화신수산시장 94,95,96호)","경기도 시흥시 월곶동 1013-12 화신수산시장 94,95,96호",14963,,37.3876563066,126.7353628154,즉석판매제조가공업,즉석판매제조가공업,,,0,N,,
,,경기도 시흥시 거모동 .. 36블럭 1롯트,,031-766-7991,,,즉석판매제조가공업,즉석판매제조가공업,,,0,N,,
,"경기도 시흥시 노루우물길 4, 3층 일부호 (장곡동)",경기도 시흥시 장곡동 906-2,15002,,37.3766151173,126.7859056624,즉석판매제조가공업,즉석판매제조가공업,,,0,N,,
,"경기도 시흥시 마유로238번길 26, 1층 일부호 (정왕동)",경기도 시흥시 정왕동 1366-4,15079,031-528-9227,37.3376271419,126.7306774357,즉석판매제조가공업,즉석판매제조가공업,,,,N,,
,경기도 시흥시 죽율로 213,경기도 시흥시 거모동 589-9 105호,15044,031-433-0982,37.357172972,126.77265269,즉석판매제조가공업,즉석판매제조가공업,,,0,N,,
,경기도 시흥시 희망공원로 269,경기도 시흥시 정왕동 2166-4 홈플러스 시화점,15081,042-542-4822,37.3452082082,126.725237369,즉석판매제조가공업,즉석판매제조가공업,,,,N,,
,"경기도 시흥시 매화로 96, 1층 (도창동)",경기도 시흥시 도창동 385 1층,14942,,37.4108696569,126.8153105165,즉석판매제조가공업,즉석판매제조가공업,,,0,N,,
,경기도 시흥시 신천로80번길 5,경기도 시흥시 신천동 772-5,14950,031-314-5330,37.4374530386,126.7867296629,즉석판매제조가공업,즉석판매제조가공업,,,0,N,,
,경기도 시흥시 마유로238번길 26,경기도 시흥시 정왕동 1366-4 GS마트(내),15079,031-346-8903,37.3376271419,126.7306774357,즉석판매제조가공업,즉석판매제조가공업,,,0,N,,
,경기도 시흥시 마유로238번길 26,경기도 시흥시 정왕동 1366-4 LG마트,15079,,37.3376271419,126.7306774357,즉석판매제조가공업,즉석판매제조가공업,,,0,N,,
,경기도 시흥시 정왕신길로49번길 10,경기도 시흥시 정왕동 1875-1 영남@상가102,15028,031-433-3778,37.3588036068,126.7270398525,즉석판매제조가공업,즉석판매제조가공업,,,0,N,,
,"경기도 시흥시 마유로238번길 26 (정왕동, 롯데마트내)",경기도 시흥시 정왕동 1366-4 롯데마트내,15079,,37.3376271419,126.7306774357,즉석판매제조가공업,즉석판매제조가공업,,,0,N,,
,"경기도 시흥시 시흥대로1074번길 5 (은행동, 롯데슈퍼시흥은행점매장내)",경기도 시흥시 은행동 288-1 롯데슈퍼시흥은행점,14921,,37.4320543214,126.7936643149,즉석판매제조가공업,즉석판매제조가공업,,,,N,,
,경기도 시흥시 마유로238번길 26,경기도 시흥시 정왕동 1366-4 GS마트(내),15079,031-496-7700,37.3376271419,126.7306774357,즉석판매제조가공업,즉석판매제조가공업,,,0,N,,
,경기도 시흥시 희망공원로 269,경기도 시흥시 정왕동 2166-4,15081,031-310-8161,37.3452082082,126.725237369,즉석판매제조가공업,즉석판매제조가공업,,,0,N,,
,"경기도 시흥시 은계남로 12, 1층 135호 일부호 (은행동, 시흥은계 호반 써밋플레이스)",경기도 시흥시 은행동 644 시흥은계 호반 써밋플레이스,14922,,37.4351025771,126.8037071995,즉석판매제조가공업,즉석판매제조가공업,,,,N,,
,경기도 시흥시 시흥대로1074번길 21-1 (은행동),경기도 시흥시 은행동 293-9,14921,031-314-0026,37.4313848854,126.7954113785,즉석판매제조가공업,즉석판매제조가공업,,,0,N,,
,,경기도 시흥시 정왕동 1940-2,15029,,37.3587913872,126.7210552276,즉석판매제조가공업,즉석판매제조가공업,,,0,N,,
,,경기도 시흥시 산현동 529-1 물왕호수 공영주차장,,,37.3768832292,126.8452623239,즉석판매제조가공업,즉석판매제조가공업,,,,N,,
,,경기도 시흥시 대야동 543 코오롱마트내,14912,031-318-6411,,,즉석판매제조가공업,즉석판매제조가공업,,,0,N,,
,"경기도 시흥시 수인로3381번길 13, 2층 일부호 (신천동)",경기도 시흥시 신천동 740 경도빌딩,14948,,37.4400704716,126.7828387736,즉석판매제조가공업,즉석판매제조가공업,,,0,N,,
,"경기도 시흥시 정왕대로 210 (정왕동, 이마트시화점 내)",경기도 시흥시 정왕동 1734-1,15066,070-5106-5833,37.3459328804,126.7368812651,즉석판매제조가공업,즉석판매제조가공업,,,,N,,
,경기도 시흥시 삼미시장2길 44,경기도 시흥시 신천동 736-1,14948,,37.4398375319,126.7845592338,즉석판매제조가공업,즉석판매제조가공업,,,0,N,,
,"경기도 시흥시 희망공원로 269 (정왕동, 홈플러스시화점2층)",경기도 시흥시 정왕동 2166-4 홈플러스시화점 2층,15081,02-2071-3624,37.3452082082,126.725237369,즉석판매제조가공업,즉석판매제조가공업,,,0,N,,
,"경기도 시흥시 하중로231번길 11-1, 유아교육사 1층 (하중동)",경기도 시흥시 하중동 871-5 유아교육사,14976,,37.391670427,126.8075434115,즉석판매제조가공업,즉석판매제조가공업,,,,N,,
,경기도 시흥시 호현로34번안길 5,경기도 시흥시 대야동 496-7 1층,14909,031-313-0790,37.443379535,126.7859951228,즉석판매제조가공업,즉석판매제조가공업,,,,N,,
,"경기도 시흥시 정왕대로 210, E MART시화점 2층 (정왕동)",경기도 시흥시 정왕동 1734-2 E MART시화점,15066,031-527-8671,37.3459328804,126.7368812651,즉석판매제조가공업,즉석판매제조가공업,,,,N,,
,"경기도 시흥시 삼미시장3길 2, 1층 일부호 (신천동)",경기도 시흥시 신천동 733-5,14948,031-315-7708,37.4393992436,126.7851173087,즉석판매제조가공업,즉석판매제조가공업,,,0,N,,
,"경기도 시흥시 서울대학로264번길 25, 시흥배곧 아브뉴프랑 센트럴 블루 3층 304호 (배곧동)",경기도 시흥시 배곧동 219 시흥배곧 아브뉴프랑 센트럴 블루,15011,,37.3683599517,126.7273257955,즉석판매제조가공업,즉석판매제조가공업,,,,N,,
,"경기도 시흥시 오동마을로 29, 성모빌딩 1층 일부호 (정왕동)",경기도 시흥시 정왕동 2313-9 성모빌딩,15049,031-520-0111,37.3523844184,126.7449567957,즉석판매제조가공업,즉석판매제조가공업,,,,N,,
,"경기도 시흥시 배곧1로 27-16, 제상가2동 110비호 일부호 (배곧동, 한라비발디캠퍼스2차)",경기도 시흥시 배곧동 245 한라비발디캠퍼스2차,15011,,37.3617928357,126.7128710723,즉석판매제조가공업,즉석판매제조가공업,,,,N,,
,"경기도 시흥시 서울외곽순환고속도로 105, 3층 일부호 (조남동)",경기도 시흥시 조남동 산 15-1,14983,031-355-2998,37.3838382249,126.8554983736,즉석판매제조가공업,즉석판매제조가공업,,,,N,,
,"경기도 시흥시 서울대학로278번길 67, 시흥배곧 롯데마트 4층 일부호 (배곧동)",경기도 시흥시 배곧동 202 시흥배곧 롯데마트,15011,032-833-0828,37.3688907319,126.7313182505,즉석판매제조가공업,즉석판매제조가공업,,,,N,,
,"경기도 시흥시 옥구공원로 183, 식자재왕도매마트 1층 일부호 (정왕동)",경기도 시흥시 정왕동 1733-4,15036,,37.3450091694,126.732035946,즉석판매제조가공업,즉석판매제조가공업,,,,N,,
,"경기도 시흥시 배곧4로 30, 배곧타운I 109호일부호 (배곧동)",경기도 시흥시 배곧동 124 배곧타운I,15010,,37.377338562,126.7274821771,즉석판매제조가공업,즉석판매제조가공업,,,,N,,
,"경기도 시흥시 희망공원로 269 (정왕동, 홈플러스2층)",경기도 시흥시 정왕동 2166-4 홈플러스2층,15081,031-310-8000,37.3452082082,126.725237369,즉석판매제조가공업,즉석판매제조가공업,,,0,N,,
,경기도 시흥시 봉화로143번길 24,경기도 시흥시 정왕동 136 1층 롯데마트,15009,,37.3666325814,126.7474001732,즉석판매제조가공업,즉석판매제조가공업,,,,N,,
,경기도 시흥시 수인로 3376 (신천동),경기도 시흥시 신천동 712-7,14910,,37.4412316803,126.7840711752,즉석판매제조가공업,즉석판매제조가공업,,상수도전용,0,N,,
,경기도 시흥시 마유로238번길 26,경기도 시흥시 정왕동 1366-4 지에스마트내,15079,,37.3376271419,126.7306774357,즉석판매제조가공업,즉석판매제조가공업,,,0,N,,
,"경기도 시흥시 옥구천동로 402, 주상가동 B02호 (정왕동, 월드아파트)",경기도 시흥시 정왕동 1873-3 월드아파트 주상가동 B02호,15027,031-431-0900,37.3567512193,126.7302225709,즉석판매제조가공업,즉석판매제조가공업,,,,N,,
,"경기도 시흥시 서울외곽순환고속도로 105, 시흥하늘휴게소 브릿지스퀘어 (조남동)",경기도 시흥시 조남동 산 15-1,14983,,37.3838382249,126.8554983736,즉석판매제조가공업,즉석판매제조가공업,,,,N,,
,"경기도 시흥시 마유로238번길 26, 롯데마트 1층 일부호 (정왕동)",경기도 시흥시 정왕동 1366-4,15079,,37.3376271419,126.7306774357,즉석판매제조가공업,즉석판매제조가공업,,,,N,,
,"경기도 시흥시 서촌상가2길 15, 정임프라자 3층 301호 일부호 (정왕동)",경기도 시흥시 정왕동 1728-16 정임프라자,15036,,37.346586527,126.7334198604,즉석판매제조가공업,즉석판매제조가공업,,,,N,,
,,경기도 시흥시 정왕동 0-0 시화공단지원시설2구3라802-1LG마트,15119,031-496-7700,,,즉석판매제조가공업,즉석판매제조가공업,,,0,N,,
,경기도 시흥시 군자로 332 (거모동),경기도 시흥시 거모동 522-3,15044,,37.3569856393,126.7729706667,즉석판매제조가공업,즉석판매제조가공업,,,,N,,
,"경기도 시흥시 정왕대로233번길 30, 창일빌딩 지하1층 일부호 (정왕동)",경기도 시흥시 정왕동 1600-2 창일빌딩,15056,,37.3473606941,126.7416538927,즉석판매제조가공업,즉석판매제조가공업,,,,N,,
,"경기도 시흥시 은행로 104, 벽산아파트 상가동 2층 205호 일부호 (은행동)",경기도 시흥시 은행동 547-1 벽산아파트 상가동,14916,,37.4408926759,126.79818224,즉석판매제조가공업,즉석판매제조가공업,,,0,N,,
,"경기도 시흥시 오동마을로 35-1, 1층 (정왕동)",경기도 시흥시 정왕동 2313-12,15049,,37.352181151,126.7455911279,즉석판매제조가공업,즉석판매제조가공업,,,,N,,
,"경기도 시흥시 정왕대로 210, E MART시화점 1층 일부호 (정왕동)",경기도 시흥시 정왕동 1734-2 E MART시화점,15066,031-571-8671,37.3459328804,126.7368812651,즉석판매제조가공업,즉석판매제조가공업,,,,N,,
,"경기도 시흥시 정왕대로 210 (정왕동, 이마트시화점 내)",경기도 시흥시 정왕동 1734-1,15066,031-434-4306,37.3459328804,126.7368812651,즉석판매제조가공업,즉석판매제조가공업,,,,N,,
,"경기도 시흥시 월곶중앙로 90, 105호 (월곶동, 풍림1차아이원 상가동 )",경기도 시흥시 월곶동 1010-4 풍림1차아이원 상가동 105호,14964,,37.3902457487,126.735754493,즉석판매제조가공업,즉석판매제조가공업,,,,N,,
,"경기도 시흥시 마유로238번길 26 (정왕동, 롯데마트시화점 1층 신선식품)",경기도 시흥시 정왕동 1366-4,15079,,37.3376271419,126.7306774357,즉석판매제조가공업,즉석판매제조가공업,,,,N,,
,"경기도 시흥시 마유로238번길 26 (정왕동, 롯데마트 시화점)",경기도 시흥시 정왕동 1366-4 롯데마트 시화점,15079,,37.3376271419,126.7306774357,즉석판매제조가공업,즉석판매제조가공업,,,,N,,
,"경기도 시흥시 옥구상가2길 4, 301호 (정왕동, 로얄타운)",경기도 시흥시 정왕동 1861-4 로얄타운,15040,,37.3539162976,126.7239961677,즉석판매제조가공업,즉석판매제조가공업,,,,N,,
,"경기도 시흥시 정왕대로 210, 2층 (정왕동, 이마트시화점)",경기도 시흥시 정왕동 1734-2 이마트시화점 2층,15066,062-224-2300,37.3459328804,126.7368812651,즉석판매제조가공업,즉석판매제조가공업,,,,N,,
,"경기도 시흥시 월곶중앙로 35 (월곶동, 15-17호)",경기도 시흥시 월곶동 1015-24 15-17호,14963,031-404-8214,37.3875765375,126.7411699279,즉석판매제조가공업,즉석판매제조가공업,,,0,N,,
,"경기도 시흥시 정왕대로 210, E MART시화점 2층 식품매장일부호 (정왕동)",경기도 시흥시 정왕동 1734-2 E MART시화점,15066,,37.3459328804,126.7368812651,즉석판매제조가공업,즉석판매제조가공업,,,,N,,
,"경기도 시흥시 정왕대로 210, E MART시화점 2층 (정왕동)",경기도 시흥시 정왕동 1734-2 E MART시화점,15066,02-3397-6283,37.3459328804,126.7368812651,즉석판매제조가공업,즉석판매제조가공업,,,,N,,
,"경기도 시흥시 군자로 475, 재정빌딩 1층 일부호 (거모동)",경기도 시흥시 거모동 1724-9 재정빌딩,15068,031-494-7511,37.347477165,126.7834720411,즉석판매제조가공업,즉석판매제조가공업,,,0,N,,
,"경기도 시흥시 서울대학로264번길 25, 시흥배곧 아브뉴프랑 센트럴 블루 317(일부)호 (배곧동)",경기도 시흥시 배곧동 219 시흥배곧 아브뉴프랑 센트럴 블루,15011,,37.3683599517,126.7273257955,즉석판매제조가공업,즉석판매제조가공업,,,,N,,
,경기도 시흥시 은행로 267 (은행동),경기도 시흥시 은행동 538-1 신명아파트 상가동 109-2호,14917,031-314-3304,37.4437293778,126.7977487718,즉석판매제조가공업,즉석판매제조가공업,,,0,N,,
,"경기도 시흥시 정왕시장길 51, 정왕시장 1층 101호 일부호 (정왕동)",경기도 시흥시 정왕동 1203 정왕시장,15052,,37.3458093904,126.7485677164,즉석판매제조가공업,즉석판매제조가공업,,,,N,,
,"경기도 시흥시 미산로 136, 1층 (미산동)",경기도 시흥시 미산동 316-26 1층,14944,031-317-0762,37.4185172311,126.7930231333,즉석판매제조가공업,즉석판매제조가공업,,,0,N,,
,"경기도 시흥시 은행로167번길 7, 크리스탈빌딩 2층 201호 일부호 (대야동)",경기도 시흥시 대야동 577-1 크리스탈빌딩,14914,031-8089-8333,37.4452354341,126.7978816601,즉석판매제조가공업,즉석판매제조가공업,,,,N,,
,"경기도 시흥시 마유로238번길 26, 롯데마트 시화점 1층 일부호 (정왕동)",경기도 시흥시 정왕동 1366-4,15079,031-767-9224,37.3376271419,126.7306774357,즉석판매제조가공업,즉석판매제조가공업,,,,N,,
,"경기도 시흥시 비둘기공원로 28, 롯데마트 시흥점 2층 일부호 (대야동)",경기도 시흥시 대야동 542 롯데마트 시흥점,14912,051-831-5711,37.4430368253,126.7919559438,즉석판매제조가공업,즉석판매제조가공업,,,,N,,
,"경기도 시흥시 은행로149번길 1, 시흥성원아파트 상가동 2층 203호 일부호 (은행동)",경기도 시흥시 은행동 538-2 시흥성원아파트,14917,,37.4441537742,126.7993953133,즉석판매제조가공업,즉석판매제조가공업,,,,N,,
,"경기도 시흥시 복지로 39-18, 1층 (대야동)",경기도 시흥시 대야동 491-48,14909,,37.4435469379,126.7883449204,즉석판매제조가공업,즉석판매제조가공업,,,,N,,
,"경기도 시흥시 서울대학로264번길 7, 시흥배곧 아브뉴프랑 센트럴 퍼플 1층 A-101호 일부호 (배곧동)",경기도 시흥시 배곧동 220 시흥배곧 아브뉴프랑 센트럴 퍼플,15011,031-432-4329,37.3691267298,126.7260417622,즉석판매제조가공업,즉석판매제조가공업,,,,N,,
,"경기도 시흥시 신천로19번길 12, 1층 일부호 (신천동)",경기도 시흥시 신천동 877-7 1층 일부호,14951,,37.4328074639,126.7906281186,즉석판매제조가공업,즉석판매제조가공업,,,,N,,
,"경기도 시흥시 대야로 4, 신천연합농수산물센터 1층 일부호 (대야동)",경기도 시흥시 대야동 490-5 신천연합농수산물센터,14909,,37.4441637718,126.7889947589,즉석판매제조가공업,즉석판매제조가공업,,,,N,,
,"경기도 시흥시 비둘기공원7길 33, 디아망타운 401호 일부호 (대야동)",경기도 시흥시 대야동 543-1 디아망타운,14912,031-313-2744,37.4430055784,126.7927588701,즉석판매제조가공업,즉석판매제조가공업,,,,N,,
,경기도 시흥시 함송로 24 (정왕동),경기도 시흥시 정왕동 1882-4,15020,031-433-4466,37.3632151301,126.7303936899,즉석판매제조가공업,즉석판매제조가공업,,,0,N,,
,경기도 시흥시 호현로34번길 11 (대야동),경기도 시흥시 대야동 497-19,14909,070-8262-0117,37.4426961134,126.7862616234,즉석판매제조가공업,즉석판매제조가공업,,,,N,,
,"경기도 시흥시 정왕시장길 51 (정왕동, 101-23)",경기도 시흥시 정왕동 1203 101-23,15052,,37.3458093904,126.7485677164,즉석판매제조가공업,즉석판매제조가공업,,,,N,,
,"경기도 시흥시 은행로149번길 8, 106호 (은행동)",경기도 시흥시 은행동 533 106호,14917,,37.4443110478,126.798557286,즉석판매제조가공업,즉석판매제조가공업,,,0,N,,
,"경기도 시흥시 오이도로 173 (정왕동, 오이도직판장 B동 158호)",경기도 시흥시 정왕동 2003-12,15015,031-432-5466,37.3454457514,126.6880796381,즉석판매제조가공업,즉석판매제조가공업,,,0,N,,
,"경기도 시흥시 은행로 171, 시흥대성학원 1층 일부호 (대야동)",경기도 시흥시 대야동 579-1 시흥대성학원,14914,031-311-5200,37.4459661644,126.7979878824,즉석판매제조가공업,즉석판매제조가공업,,,0,N,,
,"경기도 시흥시 하중로 201-1, 연성빌딩 1층 102호 (하중동)",경기도 시흥시 하중동 857-2 연성빌딩,14976,,37.3937119778,126.8052312842,즉석판매제조가공업,즉석판매제조가공업,,,,N,,
,"경기도 시흥시 중심상가로 192, 상록프라자 1층 108호 일부호 (정왕동)",경기도 시흥시 정왕동 1742-12 상록프라자,15066,,37.3441353392,126.7362898077,즉석판매제조가공업,즉석판매제조가공업,,,0,N,,
,"경기도 시흥시 대야로3번길 1, 1층 일부호 (대야동)",경기도 시흥시 대야동 489-3,14909,,37.4438636199,126.7885454073,즉석판매제조가공업,즉석판매제조가공업,,,,N,,
,"경기도 시흥시 동서로 770, 안산농협 연꽃지점 로컬푸드직매장 1층 일부호 (물왕동)",경기도 시흥시 물왕동 248-4 안산농협 연꽃지점 로컬푸드직매장,14990,,37.3843410162,126.8308012535,즉석판매제조가공업,즉석판매제조가공업,,,0,N,,
,경기도 시흥시 호현로9번길 8-3 (신천동),경기도 시흥시 신천동 706-19,14904,031-313-9218,37.4423702392,126.7830542202,즉석판매제조가공업,즉석판매제조가공업,,,0,N,,
,"경기도 시흥시 호현로 64, 1층 (대야동)",경기도 시흥시 대야동 476-16,14905,031-313-6818,37.4456512333,126.7860413645,즉석판매제조가공업,즉석판매제조가공업,,,0,N,,
,"경기도 시흥시 오이도로135번길 76, 1층 일부호 (정왕동)",경기도 시흥시 정왕동 2031-8,15015,,37.3417957388,126.6868432339,즉석판매제조가공업,즉석판매제조가공업,,,0,N,,
,"경기도 시흥시 서울대학로264번길 26-9, 다인 로얄팰리스 배곧8차 1층 116호 (정왕동)",경기도 시흥시 정왕동 1771-31 다인 로얄팰리스 배곧8차,15011,,37.3674108514,126.7269176778,즉석판매제조가공업,즉석판매제조가공업,,,,N,,
,경기도 시흥시 인선길 36 (장곡동),경기도 시흥시 장곡동 818-1 연성빌딩 제상가동 1층 102호,15002,031-404-1243,37.3774820898,126.7846888961,즉석판매제조가공업,즉석판매제조가공업,,,0,N,,
,"경기도 시흥시 동서로 869, 1층 일부호 (물왕동)",경기도 시흥시 물왕동 26-1,14983,,37.3813671198,126.8421570083,즉석판매제조가공업,즉석판매제조가공업,,,,N,,
,"경기도 시흥시 봉우재로23번안길 16, 1층 일부호 (정왕동)",경기도 시흥시 정왕동 1609-4,15056,,37.3464118564,126.7412795711,즉석판매제조가공업,즉석판매제조가공업,,,0,N,,
,"경기도 시흥시 금화로202번길 167, 주건축물제1동 1층 일부호 (산현동)",경기도 시흥시 산현동 262-2,14990,031-411-3490,37.3775987224,126.8323859724,즉석판매제조가공업,즉석판매제조가공업,,,,N,,
,"경기도 시흥시 도일로 136, A동 1층 일부호 (거모동)",경기도 시흥시 거모동 1771-1 104호,15069,,37.3422120954,126.7847864982,즉석판매제조가공업,즉석판매제조가공업,,,0,N,,
,"경기도 시흥시 비둘기공원로 28, 롯데마트 시흥점 2층 일부호 (대야동)",경기도 시흥시 대야동 542 롯데마트 시흥점,14912,,37.4430368253,126.7919559438,즉석판매제조가공업,즉석판매제조가공업,,,0,N,,
,경기도 시흥시 호현로 76 (대야동),경기도 시흥시 대야동 465-7,14905,031-312-2211,37.4465052835,126.787163768,즉석판매제조가공업,즉석판매제조가공업,,,0,N,,
,"경기도 시흥시 새재로7번길 20-1, 1층 일부호 (장현동)",경기도 시흥시 장현동 536-9,14998,,37.3815391945,126.7999104974,즉석판매제조가공업,즉석판매제조가공업,,,,N,,
,"경기도 시흥시 은계번영길 1, 태산W타워 1층 112호 (은행동)",경기도 시흥시 은행동 646 태산W타워,14922,,37.4365775346,126.8016249551,즉석판매제조가공업,즉석판매제조가공업,,,0,N,,
,"경기도 시흥시 새재로17번길 18, 1층 일부호 (장현동)",경기도 시흥시 장현동 532-6,14998,,37.3820682393,126.8009673581,즉석판매제조가공업,즉석판매제조가공업,,,0,N,,
,"경기도 시흥시 인선길 46, 122호 (장곡동, 연성쉐르빌APT)",경기도 시흥시 장곡동 811-3 연성쉐르빌APT,15002,031-435-4656,37.3775561661,126.7835248245,즉석판매제조가공업,즉석판매제조가공업,,,0,N,,
,"경기도 시흥시 큰솔로 89, 1층 일부호 (정왕동)",경기도 시흥시 정왕동 1507-1,15051,,37.3448100378,126.755882245,즉석판매제조가공업,즉석판매제조가공업,,,0,N,,
,"경기도 시흥시 봉우순환로3번길 19, 3층 일부호 (정왕동)",경기도 시흥시 정왕동 2255-2,15047,,37.3583327761,126.7548002319,즉석판매제조가공업,즉석판매제조가공업,,,0,N,,
,"경기도 시흥시 장현장곡로 79, 근린생활시설동 1층 1호 (장현동, 시흥장현 루벤시아 2차)",경기도 시흥시 장현동 96 시흥장현 루벤시아 2차,14996,031-312-8887,37.3826923459,126.7952572789,즉석판매제조가공업,즉석판매제조가공업,,,0,N,,
,"경기도 시흥시 해송십리로 472-12, 상가동1동 지1층 102호 (배곧동, 시흥배곧신도시 이지더원1차 더 퍼스트)",경기도 시흥시 배곧동 14 시흥배곧신도시 이지더원1차 더 퍼스트,15010,031-463-4437,37.3828129125,126.729334973,즉석판매제조가공업,즉석판매제조가공업,,,,N,,
,"경기도 시흥시 군서로18번길 13-1, 1층 101호 (정왕동)",경기도 시흥시 정왕동 1191-6,15052,,37.3456139776,126.750443808,즉석판매제조가공업,즉석판매제조가공업,,,,N,,
,"경기도 시흥시 연성로 95, 삼성프라자 1층 113호 (하상동)",경기도 시흥시 하상동 377-2 삼성프라자,14977,031-312-8288,37.3909698602,126.8141585219,즉석판매제조가공업,즉석판매제조가공업,,,,N,,
,"경기도 시흥시 목감우회로 51, 107호 (목감동, 동한메디컬프라자)",경기도 시흥시 목감동 408,14985,,37.3822598219,126.8619616634,즉석판매제조가공업,즉석판매제조가공업,,상수도전용,,N,,
,"경기도 시흥시 오이도중앙로 47 (정왕동, 외1필지)",경기도 시흥시 정왕동 2011-4 외1필지,15015,031-319-7419,37.3438608234,126.689609526,즉석판매제조가공업,즉석판매제조가공업,,,0,N,,
,"경기도 시흥시 은계중앙로 221, 1층 일부호 (은행동)",경기도 시흥시 은행동 610-6,14923,031-318-0159,37.4437630637,126.8049722198,즉석판매제조가공업,즉석판매제조가공업,,,0,N,,
,"경기도 시흥시 은계호수로 49, 시흥 센트럴돔 그랑트리 캐슬 1층 1145(일부)호 (은행동)",경기도 시흥시 은행동 605 시흥 센트럴돔 그랑트리 캐슬,14923,,37.4458457243,126.8020023203,즉석판매제조가공업,즉석판매제조가공업,,,0,N,,
,"경기도 시흥시 은계호수로 49, 시흥 센트럴돔 그랑트리 캐슬 2070호 (은행동)",경기도 시흥시 은행동 605 시흥 센트럴돔 그랑트리 캐슬,14923,,37.4458457243,126.8020023203,즉석판매제조가공업,즉석판매제조가공업,,,0,N,,
,"경기도 시흥시 비둘기공원7길 10, 상가동 103호 (대야동, e편한세상 시흥 센텀하임)",경기도 시흥시 대야동 692 e편한세상 시흥 센텀하임,14908,,37.4446439262,126.7924043006,즉석판매제조가공업,즉석판매제조가공업,,,,N,,
,"경기도 시흥시 대야로23번길 6, 1층 일부호 (대야동)",경기도 시흥시 대야동 467-25,14905,,37.445841696,126.789227592,즉석판매제조가공업,즉석판매제조가공업,,,,N,,
,"경기도 시흥시 호현로 80-1, 1층 일부호 (대야동)",경기도 시흥시 대야동 465-17,14905,,37.4467322458,126.78743294,즉석판매제조가공업,즉석판매제조가공업,,,0,N,,
,"경기도 시흥시 대은로 90, 104호 (은행동)",경기도 시흥시 은행동 532-1 104호,14917,031-313-5080,37.4446885904,126.7983841873,즉석판매제조가공업,즉석판매제조가공업,,,0,N,,
,"경기도 시흥시 매화2로48번길 8, 1층 일부호 (매화동)",경기도 시흥시 매화동 352-3 1층 일부,14940,031-318-5253,37.4162881699,126.809339641,즉석판매제조가공업,즉석판매제조가공업,,,0,N,,
,"경기도 시흥시 은계호수로 49, 시흥 센트럴돔 그랑트리 캐슬 2층 2061호 (은행동)",경기도 시흥시 은행동 605 시흥 센트럴돔 그랑트리 캐슬,14923,,37.4458457243,126.8020023203,즉석판매제조가공업,즉석판매제조가공업,,,,N,,
,"경기도 시흥시 동서로 770, 안산농협 연꽃지점 로컬푸드직매장 1층 일부호 (물왕동)",경기도 시흥시 물왕동 248-4 안산농협 연꽃지점 로컬푸드직매장,14990,041-566-5360,37.3843410162,126.8308012535,즉석판매제조가공업,즉석판매제조가공업,,,,N,,
,"경기도 시흥시 은행로 172, 봉명빌딩 1층 일부호 (대야동)",경기도 시흥시 대야동 581-6 봉명빌딩,14915,031-312-6191,37.4461666672,126.7983590789,즉석판매제조가공업,즉석판매제조가공업,,,,N,,
,"경기도 시흥시 시흥대로1074번길 24, 우리농수산 1층 일부호 (은행동)",경기도 시흥시 은행동 289-76 우리농수산,14921,031-313-2929,37.4311685713,126.7954134061,즉석판매제조가공업,즉석판매제조가공업,,,0,N,,
,"경기도 시흥시 호현로 39-2, 사랑의교회 1층 (신천동)",경기도 시흥시 신천동 704-16 사랑의교회,14904,031-435-7711,37.4440494999,126.7849939315,즉석판매제조가공업,즉석판매제조가공업,,,,N,,
,"경기도 시흥시 신천천서로 64, 1층 일부호 (신천동)",경기도 시흥시 신천동 836-8,14948,,37.4363171427,126.7807495027,즉석판매제조가공업,즉석판매제조가공업,,,0,N,,
,경기도 시흥시 오이도중앙로36번길 12 (정왕동),경기도 시흥시 정왕동 2002-11 성신수산 11-6호,15015,031-432-3228,37.3458642221,126.688639633,즉석판매제조가공업,즉석판매제조가공업,,,0,N,,
,"경기도 시흥시 매화로 143, 에이스아파트 상가동 3층 302호 (도창동)",경기도 시흥시 도창동 65 에이스아파트,14942,,37.4088930306,126.8179726037,즉석판매제조가공업,즉석판매제조가공업,,,,N,,
,"경기도 시흥시 서울대학로278번길 67, 시흥배곧 롯데마트 1층 일부호 (배곧동)",경기도 시흥시 배곧동 202 시흥배곧 롯데마트,15011,031-402-0209,37.3688907319,126.7313182505,즉석판매제조가공업,즉석판매제조가공업,,,,N,,
,"경기도 시흥시 봉우재로209번길 46, 1층 일부호 (정왕동)",경기도 시흥시 정왕동 2237-4,15047,031-498-5868,37.3579145238,126.7513716387,즉석판매제조가공업,즉석판매제조가공업,,,,N,,
,"경기도 시흥시 시청로72번길 3-6, 1층 101호 일부호 (장현동)",경기도 시흥시 장현동 537-8,14998,031-435-3038,37.3812225966,126.799721419,즉석판매제조가공업,즉석판매제조가공업,,,,N,,
,경기도 시흥시 오이도중앙로36번길 12 (정왕동),"경기도 시흥시 정왕동 2002-11 10-5, 10-6호",15015,031-434-0403,37.3458642221,126.688639633,즉석판매제조가공업,즉석판매제조가공업,,,0,N,,
,"경기도 시흥시 희망공원로 269, 2층 (정왕동, 홈플러스)",경기도 시흥시 정왕동 2166-4 홈플러스2층,15081,031-792-6892,37.3452082082,126.725237369,즉석판매제조가공업,즉석판매제조가공업,,,,N,,
,"경기도 시흥시 진말로9번길 8, 1층 (장곡동)",경기도 시흥시 장곡동 820-7 1층,15002,031-407-4729,37.3783844293,126.7848497504,즉석판매제조가공업,즉석판매제조가공업,,,0,N,,
,경기도 시흥시 포도원로 27 (신천동),경기도 시흥시 신천동 825-24,14947,031-313-7388,37.4358619673,126.7770575847,즉석판매제조가공업,즉석판매제조가공업,,,0,N,,
,"경기도 시흥시 목감우회로 39, 119호 (목감동, 시티프라자)",경기도 시흥시 목감동 403 시티프라자 119호,14985,031-317-9933,37.3819082861,126.8602929025,즉석판매제조가공업,즉석판매제조가공업,,,0,N,,
,"경기도 시흥시 옥구천동로 402, 월드아파트 2층 203호 (정왕동)",경기도 시흥시 정왕동 1873-3 월드아파트 203호,15027,031-432-0559,37.3567512193,126.7302225709,즉석판매제조가공업,즉석판매제조가공업,,,,N,,
,"경기도 시흥시 목감남서로 9-27, 1층 113호 (조남동)",경기도 시흥시 조남동 657 113호,14988,,37.3779410886,126.8534479825,즉석판매제조가공업,즉석판매제조가공업,,,,N,,
,"경기도 시흥시 도일로102번길 1-1, 1층 (거모동)",경기도 시흥시 거모동 1659-8 1층,15069,031-494-5017,37.3397379706,126.7840648763,즉석판매제조가공업,즉석판매제조가공업,,,,N,,
,경기도 시흥시 마유로238번길 26,경기도 시흥시 정왕동 1366-4 지에스마트내,15079,031-432-0163,37.3376271419,126.7306774357,즉석판매제조가공업,즉석판매제조가공업,,,,N,,
,"경기도 시흥시 삼미시장1길 19 (신천동, 삼미상가A동13호)",경기도 시흥시 신천동 738-2 삼미상가A동13호,14948,031-314-6247,37.4405908634,126.7839303247,즉석판매제조가공업,즉석판매제조가공업,,,0,N,,
,"경기도 시흥시 목감중앙로 53, 중앙프라자 1층 108호 (조남동)",경기도 시흥시 조남동 677-2 중앙프라자,14988,031-8042-5348,37.3729740201,126.8550040392,즉석판매제조가공업,즉석판매제조가공업,,,,N,,
,"경기도 시흥시 봉우재로 23-26, 1층 (정왕동)",경기도 시흥시 정왕동 1608-4,15056,,37.3466022901,126.7414582975,즉석판매제조가공업,즉석판매제조가공업,,,,N,,
,"경기도 시흥시 서울대학로278번길 8, 시흥배곧 아브뉴프랑 센트럴 레드 2층 B-223호 일부호 (배곧동)",경기도 시흥시 배곧동 214 시흥배곧 아브뉴프랑 센트럴 레드,15011,,37.3696799975,126.7265668783,즉석판매제조가공업,즉석판매제조가공업,,,,N,,
,"경기도 시흥시 은행로 104, 벽산아파트 상가동 2층 205호 (은행동)",경기도 시흥시 은행동 547-1 벽산아파트 상가동,14916,070-4150-0650,37.4408926759,126.79818224,즉석판매제조가공업,즉석판매제조가공업,,,,N,,
,"경기도 시흥시 서울대학로 59-21, 배곧로얄팰리스 테크노1차 1층 142(일부)호 (배곧동)",경기도 시흥시 배곧동 299-3 배곧로얄팰리스 테크노1차,15012,031-319-9555,37.3575735442,126.7059932726,즉석판매제조가공업,즉석판매제조가공업,,,,N,,
,"경기도 시흥시 인선길 46, 116호 (장곡동, 연성쉐르빌)",경기도 시흥시 장곡동 811-3 연성쉐르빌 116호,15002,031-315-1287,37.3775561661,126.7835248245,즉석판매제조가공업,즉석판매제조가공업,,,0,N,,
,"경기도 시흥시 장현능곡로 155, 시흥 플랑드르 1010호 일부호 (능곡동)",경기도 시흥시 능곡동 871 시흥 플랑드르,15121,,37.3710186339,126.8072928232,즉석판매제조가공업,즉석판매제조가공업,,,0,N,,
,"경기도 시흥시 승지로 58, 태영프라자 1층 107호 (능곡동)",경기도 시흥시 능곡동 741 태영프라자,14995,,37.3690282853,126.810665315,즉석판매제조가공업,즉석판매제조가공업,,,0,N,,
,"경기도 시흥시 배곧1로 27-15, 상가2동 1층 112호 (배곧동, 한라비발디캠퍼스)",경기도 시흥시 배곧동 243 한라비발디캠퍼스,15011,,37.3636798562,126.7119931155,즉석판매제조가공업,즉석판매제조가공업,,,,N,,
,"경기도 시흥시 서울대학로264번길 35, 시흥배곧 아브뉴프랑 센트럴 그린 2층 209호 (배곧동)",경기도 시흥시 배곧동 218 시흥배곧 아브뉴프랑 센트럴 그린,15011,,37.3677274711,126.7284729076,즉석판매제조가공업,즉석판매제조가공업,,,,N,,
,"경기도 시흥시 시흥대로 404, 201동 1층 107호 (광석동, 시흥시청역 동원로얄듀크)",경기도 시흥시 광석동 542 시흥시청역 동원로얄듀크,14994,,37.3767999075,126.8109782143,즉석판매제조가공업,즉석판매제조가공업,,,,N,,
,"경기도 시흥시 군서로10번길 1, 1층 일부호 (정왕동)",경기도 시흥시 정왕동 1198-8,15052,,37.3441892592,126.7503563619,즉석판매제조가공업,즉석판매제조가공업,,,,N,,
,"경기도 시흥시 하우로122번길 16, 1층 일부호 (대야동)",경기도 시흥시 대야동 5-4,14900,,37.4675648383,126.7848265624,즉석판매제조가공업,즉석판매제조가공업,,,,N,,
,"경기도 시흥시 도일로 119, 월드프라자 107, 108, 109호 (거모동)",경기도 시흥시 거모동 1545-1 월드프라자,15070,,37.3411140523,126.7835663699,즉석판매제조가공업,즉석판매제조가공업,,,,N,,
,"경기도 시흥시 오이도로135번길 46, 1층 (정왕동)",경기도 시흥시 정왕동 2006-6,15015,031-488-8345,37.3443711125,126.6877863848,즉석판매제조가공업,즉석판매제조가공업,,,0,N,,
,"경기도 시흥시 월곶고잔1길 92-1, 1층 일부호 (월곶동)",경기도 시흥시 월곶동 596-1,15005,,37.3842531255,126.7529058867,즉석판매제조가공업,즉석판매제조가공업,,,0,N,,
,"경기도 시흥시 미산로 70, 1층 일부호 (미산동)",경기도 시흥시 미산동 91-7,14944,,37.422049675,126.7958944141,즉석판매제조가공업,즉석판매제조가공업,,,0,N,,
,"경기도 시흥시 배곧3로 86, 센터프라자2 1층 104호 (정왕동)",경기도 시흥시 정왕동 2513-1 센터프라자2,15011,,37.3702222869,126.7295541408,즉석판매제조가공업,즉석판매제조가공업,,,,N,,
,"경기도 시흥시 수인로 3309, 하나로마트 북시흥농협본점 1층 일부호 (신천동)",경기도 시흥시 신천동 83-4,14950,041-566-5360,37.4384638811,126.7914451358,즉석판매제조가공업,즉석판매제조가공업,,,,N,,
,"경기도 시흥시 옥구상가4길 8-1, 1층 일부호 (정왕동)",경기도 시흥시 정왕동 1855-21,15040,,37.351642526,126.7222694829,즉석판매제조가공업,즉석판매제조가공업,,,,N,,
,"경기도 시흥시 함송로13번길 28, 1층 102호 (정왕동)",경기도 시흥시 정왕동 1879-5 1층102호,15020,031-499-5260,37.3645690855,126.7320737891,즉석판매제조가공업,즉석판매제조가공업,,,0,N,,
,"경기도 시흥시 삼미시장2길 45, 1층 7호 (신천동)",경기도 시흥시 신천동 737-7,14948,,37.4400101482,126.7847836747,즉석판매제조가공업,즉석판매제조가공업,,,0,N,,
,"경기도 시흥시 은계호수로 49, 시흥 센트럴돔 그랑트리 캐슬 2층 2046호 (은행동)",경기도 시흥시 은행동 601-302 시흥 센트럴돔 그랑트리 캐슬,14923,031-404-8897,37.4458457243,126.8020023203,즉석판매제조가공업,즉석판매제조가공업,,,,N,,
,"경기도 시흥시 배곧3로 96, M-플러스 1층 138호 (배곧동)",경기도 시흥시 배곧동 199-1 M-플러스,15011,,37.3697764139,126.7302927867,즉석판매제조가공업,즉석판매제조가공업,,,,N,,
,"경기도 시흥시 정왕시장길 51, 정왕시장 1층 101호 일부호 (정왕동)",경기도 시흥시 정왕동 1203 정왕시장,15052,031-434-4090,37.3458093904,126.7485677164,즉석판매제조가공업,즉석판매제조가공업,,,0,N,,
,"경기도 시흥시 함송로29번길 36, 세종2차아파트 상가동 1층 104호 (정왕동)",경기도 시흥시 정왕동 1877-2 세종2차아파트,15019,031-497-1460,37.3649608138,126.7341025211,즉석판매제조가공업,즉석판매제조가공업,,,,N,,
,"경기도 시흥시 함송로 18, 1층 103호 (정왕동, 대림하이츠)",경기도 시흥시 정왕동 1882-2,15020,031-488-8876,37.3635276473,126.7299387902,즉석판매제조가공업,즉석판매제조가공업,,,0,N,,
,경기도 시흥시 오이도로135번길 33 (정왕동),경기도 시흥시 정왕동 2004-1,15015,031-434-5276,37.3453310614,126.6884421511,즉석판매제조가공업,즉석판매제조가공업,,,0,N,,
,"경기도 시흥시 연성로13번길 5-2, 1층 103호 (하중동, 데코빌아파트)",경기도 시흥시 하중동 878-4 데코빌아파트,14976,,37.3908957528,126.8045568718,즉석판매제조가공업,즉석판매제조가공업,,,,N,,
,"경기도 시흥시 장현서3길 12, 1층 일부호 (장현동)",경기도 시흥시 장현동 407-3,14996,031-404-9638,37.3731281579,126.7966568926,즉석판매제조가공업,즉석판매제조가공업,,,,N,,
,경기도 시흥시 도일로 100-4 (거모동),경기도 시흥시 거모동 1669-24,15069,031-495-7108,37.3393863872,126.7840569246,즉석판매제조가공업,즉석판매제조가공업,,,,N,,
,"경기도 시흥시 신흥마을2길 10-1, 1층 일부호 (신천동)",경기도 시흥시 신천동 816-9,14947,,37.4377922104,126.777276398,즉석판매제조가공업,즉석판매제조가공업,,,0,N,,
,"경기도 시흥시 서촌상가2길 14, 흥보프라자 4층 401호 일부호 (정왕동)",경기도 시흥시 정왕동 1728-4 흥보프라자,15036,,37.3469008877,126.7332473112,즉석판매제조가공업,즉석판매제조가공업,,,0,N,,
,"경기도 시흥시 중심상가4길 16-1, 1층 (정왕동)",경기도 시흥시 정왕동 1739-6 1층,15066,031-497-2234,37.3439192587,126.737725796,즉석판매제조가공업,즉석판매제조가공업,,,0,N,,
,"경기도 시흥시 관곡지로 56, 1층 (하중동)",경기도 시흥시 하중동 822-1,14975,031-315-3600,37.400685551,126.8001391544,즉석판매제조가공업,즉석판매제조가공업,,,0,N,,
,"경기도 시흥시 장현순환로 81, 근린생활시설1동 지하1층 18호 (장현동, 시흥능곡역 모아미래도 에듀포레)",경기도 시흥시 장현동 산 34 시흥능곡역 모아미래도 에듀포레,14996,031-435-4487,37.3744096409,126.7969159919,즉석판매제조가공업,즉석판매제조가공업,,,,N,,
,"경기도 시흥시 수인로 2966, 가동 1층 일부호 (매화동)",경기도 시흥시 매화동 39-1,14931,031-311-8600,37.4209383352,126.8169479595,즉석판매제조가공업,즉석판매제조가공업,,,,N,,
,"경기도 시흥시 오이도로 205, 1층 일부호 (정왕동)",경기도 시흥시 정왕동 2031-24,15015,,37.3425987491,126.6869587599,즉석판매제조가공업,즉석판매제조가공업,,,,N,,
,"경기도 시흥시 서울대학로278번길 61, 서영베니스스퀘어 4층 410호 (정왕동)",경기도 시흥시 정왕동 2537-2 서영베니스스퀘어 410호,15011,,37.3681926149,126.7306929431,즉석판매제조가공업,즉석판매제조가공업,,,,N,,
,"경기도 시흥시 금화로 457 (물왕동, 1층)",경기도 시흥시 물왕동 258 1층,14981,070-7626-8603,37.387742001,126.8297091642,즉석판매제조가공업,즉석판매제조가공업,,,0,N,,
,"경기도 시흥시 오이도로 173, 1층 33호 (정왕동)",경기도 시흥시 정왕동 2003-12,15015,,37.3454457514,126.6880796381,즉석판매제조가공업,즉석판매제조가공업,,,0,N,,
,"경기도 시흥시 군자로 12, 1층 일부호 (월곶동)",경기도 시흥시 월곶동 476-5,15006,,37.3818378824,126.7615821716,즉석판매제조가공업,즉석판매제조가공업,,,0,N,,
,"경기도 시흥시 서울대학로264번길 12, 208동 2층 B-250호 (배곧동, 시흥배곧 C2블럭 호반 써밋플레이스 아파트)",경기도 시흥시 배곧동 221 시흥배곧 C2블럭 호반 써밋플레이스 아파트,,,,,즉석판매제조가공업,즉석판매제조가공업,,,0,N,,
,"경기도 시흥시 복지로53번길 19, 샛별교회 1층 일부호 (대야동)",경기도 시흥시 대야동 487-10 샛별교회,14909,,37.4448397778,126.7874961087,즉석판매제조가공업,즉석판매제조가공업,,,,N,,
,"경기도 시흥시 거북섬남로 47, 110호 일부호 (정왕동)",경기도 시흥시 정왕동 2713-5,15119,,37.3225733848,126.6874002881,즉석판매제조가공업,즉석판매제조가공업,,,,N,,
,"경기도 시흥시 은계남로 12, 1층 117호 일부호 (은행동, 시흥은계 호반 써밋플레이스)",경기도 시흥시 은행동 644 시흥은계 호반 써밋플레이스,14922,032-504-8119,37.4351025771,126.8037071995,즉석판매제조가공업,즉석판매제조가공업,,,0,N,,
,"경기도 시흥시 정왕시장길 51, 정왕시장 1층 101호 일부호 (정왕동)",경기도 시흥시 정왕동 1203 정왕시장,15052,,37.3458093904,126.7485677164,즉석판매제조가공업,즉석판매제조가공업,,,0,N,,
,경기도 시흥시 오이도중앙로36번길 12 (정왕동),경기도 시흥시 정왕동 2002-11 성신수산시장 9-6호,15015,031-432-8588,37.3458642221,126.688639633,즉석판매제조가공업,즉석판매제조가공업,,,0,N,,
,"경기도 시흥시 진말로19번길 4, 1층 일부호 (장곡동)",경기도 시흥시 장곡동 822-3 103호,15002,,37.3791882384,126.7851131995,즉석판매제조가공업,즉석판매제조가공업,,,,N,,
,"경기도 시흥시 비둘기공원7길 53, 동호프라자 7층 702호 (대야동)",경기도 시흥시 대야동 546-3 동호프라자,14912,,37.4413770668,126.7917454951,즉석판매제조가공업,즉석판매제조가공업,,,,N,,
,경기도 시흥시 도일로 117 (거모동),경기도 시흥시 거모동 1656-9,15070,031-494-3033,37.340888312,126.7835007784,즉석판매제조가공업,즉석판매제조가공업,,,0,N,,
,"경기도 시흥시 서울대학로264번길 25, 시흥배곧 아브뉴프랑 센트럴 블루 318호 (배곧동)",경기도 시흥시 배곧동 219 시흥배곧 아브뉴프랑 센트럴 블루,15011,,37.3683599517,126.7273257955,즉석판매제조가공업,즉석판매제조가공업,,,,N,,
,"경기도 시흥시 비둘기공원7길 46, 105호 (대야동, 월드타운)",경기도 시흥시 대야동 541-3,14912,,37.442161068,126.7917154962,즉석판매제조가공업,즉석판매제조가공업,,,,N,,
,"경기도 시흥시 배곧4로 32-28, 2층 208호 (배곧동)",경기도 시흥시 배곧동 119,15010,,37.378166878,126.7259601659,즉석판매제조가공업,즉석판매제조가공업,,,0,N,,
,"경기도 시흥시 하중로 229, 101호 (하중동)",경기도 시흥시 하중동 866-4 101호,14976,,37.3913390672,126.80637158,즉석판매제조가공업,즉석판매제조가공업,,,,N,,
,"경기도 시흥시 군서로60번길 16, 1층 일부호 (정왕동)",경기도 시흥시 정왕동 1183-6,15052,,37.3476930297,126.7471150713,즉석판매제조가공업,즉석판매제조가공업,,,,N,,
,"경기도 시흥시 신천3길 15-1, 1층 일부호 (신천동)",경기도 시흥시 신천동 734-9 부광교회,14948,031-311-9171,37.4391056267,126.7842609917,즉석판매제조가공업,즉석판매제조가공업,,,,N,,
,"경기도 시흥시 군서마을로 80, 1층 일부호 (정왕동)",경기도 시흥시 정왕동 1831-10 102호,15053,031-499-9939,37.3476374655,126.7440559479,즉석판매제조가공업,즉석판매제조가공업,,,,N,,
,"경기도 시흥시 장현능곡로 155, 장현지구 상업6BL 지1층 B1100호 일부호 (능곡동)",경기도 시흥시 능곡동 235-1 장현지구 상업6BL,15121,,37.3710186339,126.8072928232,즉석판매제조가공업,즉석판매제조가공업,,,0,N,,
,"경기도 시흥시 서울대학로278번길 25-8, 다인로얄팰리스 배곧4차 2층 205호 (배곧동)",경기도 시흥시 배곧동 196-2 다인로얄팰리스 배곧4차,15011,,37.3694876669,126.728861451,즉석판매제조가공업,즉석판매제조가공업,,,0,N,,
,"경기도 시흥시 서울대학로264번길 25, 시흥배곧 아브뉴프랑 센트럴 블루 3층 304호 일부호 (배곧동)",경기도 시흥시 배곧동 219 시흥배곧 아브뉴프랑 센트럴 블루,15011,,37.3683599517,126.7273257955,즉석판매제조가공업,즉석판매제조가공업,,,0,N,,
,"경기도 시흥시 오이도로 167 (정왕동, 32-33호)",경기도 시흥시 정왕동 2003-8 32-33호,15015,,37.3458883179,126.6882103529,즉석판매제조가공업,즉석판매제조가공업,,,0,N,,
,경기도 시흥시 진말로3번길 4 (장곡동),경기도 시흥시 장곡동 819-5,15002,031-435-9947,37.3778091583,126.785114995,즉석판매제조가공업,즉석판매제조가공업,,,0,N,,
,"경기도 시흥시 시청로68번길 4, 1층 131호 (장현동, 장현1 엔플러스빌)",경기도 시흥시 장현동 541-4 장현1 엔플러스빌,14998,,37.3804882622,126.8005302128,즉석판매제조가공업,즉석판매제조가공업,,,,N,,
,"경기도 시흥시 산현마을길 58, 103호 (산현동)",경기도 시흥시 산현동 506,14989,,37.3764447149,126.8452382791,즉석판매제조가공업,즉석판매제조가공업,,,0,N,,
,"경기도 시흥시 은계번영길 1, 태산W타워 3층 304호 일부호 (은행동)",경기도 시흥시 은행동 646 태산W타워,14922,,37.4365775346,126.8016249551,즉석판매제조가공업,즉석판매제조가공업,,,0,N,,
,"경기도 시흥시 월곶해안로 107, 302호 (월곶동)",경기도 시흥시 월곶동 1013-3 한일프라자,14963,,37.3892448887,126.7343073976,즉석판매제조가공업,즉석판매제조가공업,,,,N,,
,"경기도 시흥시 장곡로53번길 5-1, 1층 일부호 (장곡동)",경기도 시흥시 장곡동 809-13,15002,,37.3788145154,126.7829368073,즉석판매제조가공업,즉석판매제조가공업,,,,N,,
,"경기도 시흥시 장곡로54번길 31, 1층 일부호 (장곡동)",경기도 시흥시 장곡동 794-4,15002,031-317-7114,37.3822534926,126.7822376246,즉석판매제조가공업,즉석판매제조가공업,,,,N,,
,"경기도 시흥시 옥구공원로 183, 1층 일부호 (정왕동)",경기도 시흥시 정왕동 1733-4,15036,031-333-5098,37.3450091694,126.732035946,즉석판매제조가공업,즉석판매제조가공업,,,0,N,,
,"경기도 시흥시 대은로 64, 대우3차아파트 상가2동 2102일부호 (은행동)",경기도 시흥시 은행동 550 대우3차아파트,14918,,37.4435219455,126.7962132639,즉석판매제조가공업,즉석판매제조가공업,,,0,N,,
,"경기도 시흥시 정왕대로 174, 광개토빌딩1 1층 111호 (정왕동)",경기도 시흥시 정왕동 1726-1 광개토빌딩1,15036,031-319-8953,37.3481553901,126.7334942325,즉석판매제조가공업,즉석판매제조가공업,,,0,N,,
,"경기도 시흥시 오이도로 167, A동 20,21,25,26호호 (정왕동, 오이도수산물직판장)","경기도 시흥시 정왕동 2003-8 오이도수산물직판장 A동 20,21호",15015,,37.3458883179,126.6882103529,즉석판매제조가공업,즉석판매제조가공업,,,,N,,
,경기도 시흥시 마유로238번길 26 (정왕동),경기도 시흥시 정왕동 1366-4 롯데마트시화점,15079,031-496-7700,37.3376271419,126.7306774357,즉석판매제조가공업,즉석판매제조가공업,,,0,N,,
,"경기도 시흥시 정왕신길로111번길 8, 103호 (정왕동, 한신A상가)",경기도 시흥시 정왕동 1872-6 한신A상가 103호,15026,031-319-1816,37.3560783299,126.7334814181,즉석판매제조가공업,즉석판매제조가공업,,,,N,,
,"경기도 시흥시 공단1대로 204, 시화유통상가 지원상가동 지1층 B112호 일부호 (정왕동)",경기도 시흥시 정왕동 1364 시화유통상가,15090,031-430-0715,37.3379338971,126.7238219689,즉석판매제조가공업,즉석판매제조가공업,,,,N,,
,"경기도 시흥시 오이도어시장로 7 (정왕동,종합어시장 A동 64호)",경기도 시흥시 정왕동 2004-3 종합어시장 A동 64호,15015,031-434-7305,37.3451101492,126.6890880534,즉석판매제조가공업,즉석판매제조가공업,,,0,N,,
,경기도 시흥시 정왕신길로49번길 8 (정왕동),경기도 시흥시 정왕동 1875-1 영남1차 상가 지하 103호,15028,031-319-1833,37.3588036068,126.7270398525,즉석판매제조가공업,즉석판매제조가공업,,,0,N,,
,"경기도 시흥시 서울대학로264번길 25, 시흥배곧 아브뉴프랑 센트럴 블루 3층 306호 일부호 (배곧동)",경기도 시흥시 배곧동 219 시흥배곧 아브뉴프랑 센트럴 블루,15011,,37.3683599517,126.7273257955,즉석판매제조가공업,즉석판매제조가공업,,,,N,,
,"경기도 시흥시 신천6길 43, 2층 일부호 (신천동)",경기도 시흥시 신천동 821-1,14947,031-311-7869,37.4372428294,126.7773495041,즉석판매제조가공업,즉석판매제조가공업,,,0,N,,
,"경기도 시흥시 군자로533번길 3-9, 가동 1층 101호 일부호 (거모동, 이림하이텍빌)",경기도 시흥시 거모동 1757-4 이림하이텍빌,15068,,37.3443440544,126.7855678576,즉석판매제조가공업,즉석판매제조가공업,,,0,N,,
,"경기도 시흥시 신천로104번길 18-1, 2층 일부호 (신천동)",경기도 시흥시 신천동 776-13 (주)메디팍스,14950,,37.4387344405,126.7884696251,즉석판매제조가공업,즉석판매제조가공업,,,,N,,
,"경기도 시흥시 서울대학로278번길 61, 서영베니스스퀘어 2층 205호 일부호 (배곧동)",경기도 시흥시 배곧동 204 서영베니스스퀘어,15011,,37.3681926149,126.7306929431,즉석판매제조가공업,즉석판매제조가공업,,,,N,,
,"경기도 시흥시 배곧1로 27-15, 지하1층 101호 일부호 (배곧동, 한라비발디캠퍼스)",경기도 시흥시 배곧동 243 한라비발디캠퍼스,15011,02-2219-4801,37.362284643,126.7122787254,즉석판매제조가공업,즉석판매제조가공업,,,,N,,
,"경기도 시흥시 장곡로 71, 분산상가동 1층 104호 (장곡동)",경기도 시흥시 장곡동 807 주님의 교회,15002,,37.3794232534,126.7807623494,즉석판매제조가공업,즉석판매제조가공업,,,0,N,,
,경기도 시흥시 옥구천동로 402 (정왕동),경기도 시흥시 정왕동 1873-3 월드아파트,15027,,37.3567512193,126.7302225709,즉석판매제조가공업,즉석판매제조가공업,,,,N,,
,"경기도 시흥시 비둘기공원2길 23, 101호 (대야동)",경기도 시흥시 대야동 552-1 101호,14911,031-313-7818,37.4406836702,126.7918537695,즉석판매제조가공업,즉석판매제조가공업,,,0,N,,
,"경기도 시흥시 측백나무길 14, 1층 일부호 (장곡동)",경기도 시흥시 장곡동 886-9,15002,,37.3825007151,126.7888431814,즉석판매제조가공업,즉석판매제조가공업,,,,N,,
,"경기도 시흥시 비둘기공원7길 71, 1층 (대야동)",경기도 시흥시 대야동 555-15,14911,,37.4400432683,126.7917806749,즉석판매제조가공업,즉석판매제조가공업,,,0,N,,
,"경기도 시흥시 수도권제1순환고속도로 105, 시흥하늘휴게소 1층 일부호 (조남동)",경기도 시흥시 조남동 산 15-1 시흥하늘휴게소(일산방향),14983,,37.3838382249,126.8554983736,즉석판매제조가공업,즉석판매제조가공업,,,0,N,,
,"경기도 시흥시 신천로 13, 1층 101호 (신천동, 하나아트빌)",경기도 시흥시 신천동 879-5 하나아트빌,14951,,37.433606512,126.791603961,즉석판매제조가공업,즉석판매제조가공업,,,0,N,,
,"경기도 시흥시 월곶중앙로 71, 센타프라자 1층 129호 (월곶동)",경기도 시흥시 월곶동 1011-15 센타프라자,14963,,37.3889758169,126.7373037111,즉석판매제조가공업,즉석판매제조가공업,,,0,N,,
,경기도 시흥시 오이도어시장로 7,경기도 시흥시 정왕동 2004-3 A동 142호,15015,031-497-3668,37.3451101492,126.6890880534,즉석판매제조가공업,즉석판매제조가공업,,,0,N,,
,"경기도 시흥시 평안상가1길 1, 시흥식자재마트 내 (정왕동)",경기도 시흥시 정왕동 1622,15062,032-521-2348,37.3388673438,126.7483320831,즉석판매제조가공업,즉석판매제조가공업,,,,N,,
,"경기도 시흥시 정왕대로 210, E MART시화점 2층 (정왕동)",경기도 시흥시 정왕동 1734-2 E MART시화점,15066,055-224-2346,37.3459328804,126.7368812651,즉석판매제조가공업,즉석판매제조가공업,,,,N,,
,"경기도 시흥시 하중로231번길 11-1, 1층 일부호 (하중동)",경기도 시흥시 하중동 871-5 유아교육사,14976,,37.391670427,126.8075434115,즉석판매제조가공업,즉석판매제조가공업,,,,N,,
,"경기도 시흥시 대은로104번길 27, 두산아파트 상가동 1층 101(일부)호 (은행동)",경기도 시흥시 은행동 542 두산아파트,14916,,37.4435775622,126.8010285723,즉석판매제조가공업,즉석판매제조가공업,,,0,N,,
,"경기도 시흥시 삼미시장1길 55, 2층 일부호 (신천동)",경기도 시흥시 신천동 744,14948,031-315-3377,37.4414884303,126.7803382642,즉석판매제조가공업,즉석판매제조가공업,,,,N,,
,"경기도 시흥시 장현능곡로 198, 롯데슈펴 1층 일부호 (능곡동)",경기도 시흥시 능곡동 737,14995,,37.3690811107,126.8119974743,즉석판매제조가공업,즉석판매제조가공업,,,,N,,
,"경기도 시흥시 정왕대로 64, 메가쇼핑몰 1층 112호 (정왕동)",경기도 시흥시 정왕동 1861-3 메가쇼핑몰,15040,031-433-0706,37.3542557561,126.7235297297,즉석판매제조가공업,즉석판매제조가공업,,,,N,,
,"경기도 시흥시 삼미시장3길 8, 함천빌딩 5층 일부호 (신천동)",경기도 시흥시 신천동 736-5 함천빌딩,14948,,37.4396835573,126.7844363539,즉석판매제조가공업,즉석판매제조가공업,,,,N,,
,"경기도 시흥시 서울대학로278번길 25-18, 다인로얄팰리스 배곧3차 3층 317호 (배곧동)",경기도 시흥시 배곧동 196-1 다인로얄팰리스 배곧3차,15011,,37.3697689118,126.729140913,즉석판매제조가공업,즉석판매제조가공업,,,,N,,
,"경기도 시흥시 장현능곡로 155, 시흥 플랑드르 2층 2035호 (능곡동)",경기도 시흥시 능곡동 871 시흥 플랑드르,15121,,37.3710186339,126.8072928232,즉석판매제조가공업,즉석판매제조가공업,,,,N,,
,"경기도 시흥시 대은로 16-6, 정화전기 1층 일부호 (은행동)",경기도 시흥시 은행동 554-2 정화전기,14919,,37.4402334747,126.793440608,즉석판매제조가공업,즉석판매제조가공업,,,,N,,
,"경기도 시흥시 하중로 195, 하중랜드빌딩 1층 일부호 (하중동)",경기도 시흥시 하중동 856-3 하중랜드빌딩,14976,,37.3942322182,126.804797183,즉석판매제조가공업,즉석판매제조가공업,,,,N,,
,"경기도 시흥시 서울대학로278번길 61, 서영베니스스퀘어 334-1호 (배곧동)",경기도 시흥시 배곧동 204 서영베니스스퀘어,15011,,37.3681926149,126.7306929431,즉석판매제조가공업,즉석판매제조가공업,,,,N,,
,"경기도 시흥시 은계번영길 2, 서미프라자 108,109호 (은행동)",경기도 시흥시 은행동 645-1 서미프라자,14922,,37.4365360072,126.8022244374,즉석판매제조가공업,즉석판매제조가공업,,,,N,,
,"경기도 시흥시 배곧전원로 18-24, 1층 일부호 (배곧동)",경기도 시흥시 배곧동 101-9 102-1호,15010,,37.3782923028,126.7286018851,즉석판매제조가공업,즉석판매제조가공업,,,,N,,
,"경기도 시흥시 금화로332번길 13-4, 1층 일부호 (산현동)",경기도 시흥시 산현동 278-3,14990,,37.3754048051,126.831750335,즉석판매제조가공업,즉석판매제조가공업,,,,N,,
,"경기도 시흥시 오이도로 173, 20호 (정왕동)",경기도 시흥시 정왕동 2003-12 B동 112호,15015,,37.3454457514,126.6880796381,즉석판매제조가공업,즉석판매제조가공업,,,0,N,,
,"경기도 시흥시 은계호수로 49, 시흥 센트럴돔 그랑트리 캐슬 1층 1183호 (은행동)",경기도 시흥시 은행동 605 시흥 센트럴돔 그랑트리 캐슬,14923,,37.4458457243,126.8020023203,즉석판매제조가공업,즉석판매제조가공업,,,,N,,
,"경기도 시흥시 연성로 83, 103호 (하상동)",경기도 시흥시 하상동 376-2 현대프라자,14977,,37.3910252793,126.8128362826,즉석판매제조가공업,즉석판매제조가공업,,,,N,,
,"경기도 시흥시 거북섬1길 18, 마리프라자Ⅱ 205호 (정왕동)",경기도 시흥시 정왕동 2703-13 마리프라자Ⅱ,15119,,37.3266983048,126.6764863461,즉석판매제조가공업,즉석판매제조가공업,,,,N,,
,"경기도 시흥시 오이도중앙로 24-11, 1층 일부호 (정왕동)",경기도 시흥시 정왕동 2002-12,15015,,37.3463159558,126.6887928333,즉석판매제조가공업,즉석판매제조가공업,,,0,N,,
,"경기도 시흥시 서울대학로278번길 61, 서영베니스스퀘어 S동 4층 407호 일부호 (배곧동)",경기도 시흥시 배곧동 204 서영베니스스퀘어,15011,,37.3681926149,126.7306929431,즉석판매제조가공업,즉석판매제조가공업,,,,N,,
,"경기도 시흥시 하중로221번길 5-1, 1층 일부호 (하중동)",경기도 시흥시 하중동 864-4,14976,,37.3923488736,126.8064187606,즉석판매제조가공업,즉석판매제조가공업,,,,N,,
,"경기도 시흥시 시청로68번길 10, 1층 일부호 (장현동)",경기도 시흥시 장현동 545-5 봉빈빌딩,14998,,37.3809407911,126.8008422795,즉석판매제조가공업,즉석판매제조가공업,,,,N,,
,"경기도 시흥시 진말로 7, 한샘학원 1층 108호일부호 (장곡동)",경기도 시흥시 장곡동 819-2 한샘학원,15002,031-404-3626,37.3780534691,126.7852708047,즉석판매제조가공업,즉석판매제조가공업,,,,N,,
,"경기도 시흥시 장곡로 74, 금강프라자 1층 109호 (장곡동)",경기도 시흥시 장곡동 802-2 금강프라자,15002,,37.3797651344,126.7806574278,즉석판매제조가공업,즉석판매제조가공업,,,,N,,
,"경기도 시흥시 마산로 104, 1층 일부호 (조남동)",경기도 시흥시 조남동 684-2,14988,,37.3707381449,126.8582306383,즉석판매제조가공업,즉석판매제조가공업,,,0,N,,
,"경기도 시흥시 서울대학로278번길 67, 롯데마트(시흥배곧점) 1층 일부호 (정왕동)",경기도 시흥시 정왕동 2537-1 롯데마트(시흥배곧점),15011,031-299-2500,37.3688907319,126.7313182505,즉석판매제조가공업,즉석판매제조가공업,,,,N,,
,"경기도 시흥시 동서로10번길 6, 1층 (월곶동)",경기도 시흥시 월곶동 643-38,15005,031-401-7828,37.3897804372,126.7517891526,즉석판매제조가공업,즉석판매제조가공업,,,0,N,,
,"경기도 시흥시 오동마을로6번길 35, 101호 (정왕동, 석윤빌)",경기도 시흥시 정왕동 2323-4 석윤빌,15049,,37.3516707251,126.7447042525,즉석판매제조가공업,즉석판매제조가공업,,,0,N,,
,"경기도 시흥시 삼미시장2길 36, 2층 202호 일부호 (신천동)",경기도 시흥시 신천동 739-14,14948,,37.4401574151,126.7837988042,즉석판매제조가공업,즉석판매제조가공업,,,,N,,
,"경기도 시흥시 서울대학로264번길 7, 시흥배곧 아브뉴프랑 센트럴 퍼플 3층 B-324호 일부호 (배곧동)",경기도 시흥시 배곧동 220 시흥배곧 아브뉴프랑 센트럴 퍼플,15011,,37.3691267298,126.7260417622,즉석판매제조가공업,즉석판매제조가공업,,,0,N,,
,"경기도 시흥시 서울대학로264번길 44-4, 에스프라자 1층 120호 (배곧동)",경기도 시흥시 배곧동 231 에스프라자,15011,031-319-7890,37.3671759068,126.7282075179,즉석판매제조가공업,즉석판매제조가공업,,,,N,,
,"경기도 시흥시 비둘기공원로 28, 롯데마트 시흥점 2층 일부호 (대야동)",경기도 시흥시 대야동 542 롯데마트 시흥점,14912,032-561-5209,37.4430368253,126.7919559438,즉석판매제조가공업,즉석판매제조가공업,,,,N,,
,"경기도 시흥시 삼미시장2길 36, 202호 일부호 (신천동)",경기도 시흥시 신천동 739-14,14948,,37.4401574151,126.7837988042,즉석판매제조가공업,즉석판매제조가공업,,,,N,,
,경기도 시흥시 삼미시장4길 18 (신천동),경기도 시흥시 신천동 740-6,14948,031-311-1224,37.4397385659,126.7831019373,즉석판매제조가공업,즉석판매제조가공업,,,0,N,,
,경기도 시흥시 대골안길 48 (대야동),경기도 시흥시 대야동 473-15,14905,031-313-0599,37.4455103541,126.7880889168,즉석판매제조가공업,즉석판매제조가공업,,,0,N,,
,"경기도 시흥시 옥구공원로 183, 식자재왕도매마트 시화점 1층 일부호 (정왕동)",경기도 시흥시 정왕동 1733-4,15036,,37.3450091694,126.732035946,즉석판매제조가공업,즉석판매제조가공업,,,,N,,
,"경기도 시흥시 은계중앙로 247, 럭스나인 은계 127~134, 201~207, 232~241호 일부호 (은행동)",경기도 시흥시 은행동 607 럭스나인 은계,14923,,37.4458800343,126.8032342589,즉석판매제조가공업,즉석판매제조가공업,,,,N,,
,"경기도 시흥시 함송로29번길 5, 다나의원 1층 일부호 (정왕동)",경기도 시흥시 정왕동 1881-6 다나의원,15020,,37.3637706546,126.7312688493,즉석판매제조가공업,즉석판매제조가공업,,,,N,,
,"경기도 시흥시 오이도로 173, 오이도직판장B동 1층 121호 (정왕동)",경기도 시흥시 정왕동 2003-12,15015,,37.3454457514,126.6880796381,즉석판매제조가공업,즉석판매제조가공업,,,,N,,
,"경기도 시흥시 은계호수로 49, 시흥 센트럴돔 그랑트리 캐슬 내(선셋마켓 산타마을 in 그랑트리) (은행동)",경기도 시흥시 은행동 605 시흥 센트럴돔 그랑트리 캐슬,14923,,37.4458457243,126.8020023203,즉석판매제조가공업,즉석판매제조가공업,,,,N,,
,"경기도 시흥시 동서로1051번길 11-1, 1층 103호 (조남동)",경기도 시흥시 조남동 175-8 주님의 순복음교회,14984,031-402-8245,37.3827158851,126.8579591367,즉석판매제조가공업,즉석판매제조가공업,,상수도전용,0,N,,
,"경기도 시흥시 서울대학로278번길 61, 서영베니스스퀘어 2층 제266호 (정왕동)",경기도 시흥시 정왕동 2537-2 서영베니스스퀘어,15011,,37.3681926149,126.7306929431,즉석판매제조가공업,즉석판매제조가공업,,,0,N,,
,"경기도 시흥시 황고개로 472, 수현메디타워 1층 105호 (장곡동)",경기도 시흥시 장곡동 949-9 수현메디타워,14996,,37.373200974,126.7907380578,즉석판매제조가공업,즉석판매제조가공업,,,,N,,
,경기도 시흥시 옥구천동로 402 (정왕동),경기도 시흥시 정왕동 1873-3 월드아파트 상가 1층 110호,15027,031-497-0119,37.3567512193,126.7302225709,즉석판매제조가공업,즉석판매제조가공업,,,0,N,,
,"경기도 시흥시 시청로68번길 3, 102호 (장현동)",경기도 시흥시 장현동 539-3 102호,14998,031-435-3600,37.3807378912,126.8000647859,즉석판매제조가공업,즉석판매제조가공업,,,0,N,,
,"경기도 시흥시 복지로53번길 31-2, 1층 일부호 (대야동)",경기도 시흥시 대야동 485-1,14909,,37.4453724433,126.786145759,즉석판매제조가공업,즉석판매제조가공업,,,,N,,
,"경기도 시흥시 논곡길 6, 1층 (논곡동, 일부)",경기도 시흥시 논곡동 242-2,14982,,37.3940423488,126.8556143649,즉석판매제조가공업,즉석판매제조가공업,,상수도전용,,N,,
,"경기도 시흥시 봉우재로209번길 13, 1층 일부호 (정왕동)",경기도 시흥시 정왕동 2262-4,15047,,37.3579466345,126.7550298873,즉석판매제조가공업,즉석판매제조가공업,,,0,N,,
,"경기도 시흥시 목감남서로 9-7, 더 드림 109호 (조남동)",경기도 시흥시 조남동 659 더 드림,14988,,37.3775973944,126.851587277,즉석판매제조가공업,즉석판매제조가공업,,,0,N,,
,"경기도 시흥시 목감중앙로 53, 1층 109호 (조남동)",경기도 시흥시 조남동 677-2,14988,031-401-1330,37.3729740201,126.8550040392,즉석판매제조가공업,즉석판매제조가공업,,,0,N,,
,"경기도 시흥시 매화로 45, 1층 일부호 (매화동)",경기도 시흥시 매화동 193-6,14941,,37.4153106541,126.8148406708,즉석판매제조가공업,즉석판매제조가공업,,,,N,,
,"경기도 시흥시 복지로53번길 11, 1층 일부호 (대야동)",경기도 시흥시 대야동 488-1,14909,,37.4445829628,126.788255973,즉석판매제조가공업,즉석판매제조가공업,,,,N,,
,"경기도 시흥시 호현로 155-10, 2층 일부호 (대야동)",경기도 시흥시 대야동 134-7,14900,,37.4533319752,126.7877321318,즉석판매제조가공업,즉석판매제조가공업,,,0,N,,
,"경기도 시흥시 능곡번영길 24, 1층 104호 (능곡동)",경기도 시흥시 능곡동 898-7,14999,,37.3700640279,126.8074371254,즉석판매제조가공업,즉석판매제조가공업,,,,N,,
,"경기도 시흥시 도일로 136, A동 1층 일부호 (거모동)",경기도 시흥시 거모동 1771-1 101호,15069,,37.3422120954,126.7847864982,즉석판매제조가공업,즉석판매제조가공업,,,0,N,,
,"경기도 시흥시 군자로 520, 1층 112호 (거모동, 동운디오빌아파트)",경기도 시흥시 거모동 1756-1 동운디오빌아파트,15070,031-509-0442,37.3438261411,126.7848840878,즉석판매제조가공업,즉석판매제조가공업,,,0,N,,
,경기도 시흥시 매화1로 2 (매화동),경기도 시흥시 매화동 200-5,14940,031-315-5735,37.4160292165,126.8144047009,즉석판매제조가공업,즉석판매제조가공업,,,0,N,,
,"경기도 시흥시 서울대학로278번길 67, 시흥배곧 롯데마트 1층 일부호 (배곧동)",경기도 시흥시 배곧동 202 시흥배곧 롯데마트,15011,031-767-9224,37.3688907319,126.7313182505,즉석판매제조가공업,즉석판매제조가공업,,,,N,,
,"경기도 시흥시 비둘기공원7길 22, 서강프라자 1층 104호 (대야동)",경기도 시흥시 대야동 562-3 서강프라자,14908,,37.4441238072,126.7928500879,즉석판매제조가공업,즉석판매제조가공업,,,0,N,,
,"경기도 시흥시 인선길 109, 동양아파트 1층 105호 일부호 (장곡동)",경기도 시흥시 장곡동 804 동양아파트,15002,,37.3806880566,126.7797562831,즉석판매제조가공업,즉석판매제조가공업,,,0,N,,
,"경기도 시흥시 삼미시장4길 12, 1층 (신천동)",경기도 시흥시 신천동 740-5 1층,14948,031-314-5987,37.4396324656,126.7834420743,즉석판매제조가공업,즉석판매제조가공업,,,,N,,
,"경기도 시흥시 배곧1로 27-16, 상가 1동 1층 106호 (배곧동, 한라비발디캠퍼스2차)",경기도 시흥시 배곧동 245 한라비발디캠퍼스2차,15011,,37.3617928357,126.7128710723,즉석판매제조가공업,즉석판매제조가공업,,,0,N,,
,"경기도 시흥시 월곶중앙로 35, 1층 일부(18,38,39)호 (월곶동)",경기도 시흥시 월곶동 1015-24,14963,031-318-8953,37.3875765375,126.7411699279,즉석판매제조가공업,즉석판매제조가공업,,,0,N,,
,"경기도 시흥시 호현로 61, 현대빌딩 4층 일부호 (대야동)",경기도 시흥시 대야동 477-7 현대빌딩,14905,,37.4458029524,126.7857912107,즉석판매제조가공업,즉석판매제조가공업,,,0,N,,
,"경기도 시흥시 배곧4로 32-13, 2층 206호 일부호 (배곧동)",경기도 시흥시 배곧동 126,15010,031-432-3566,37.376956103,126.7268874805,즉석판매제조가공업,즉석판매제조가공업,,,,N,,
,"경기도 시흥시 협력로 281, 메가폴리스 1층 C-111호 (정왕동)",경기도 시흥시 정왕동 2164-2 메가폴리스,15080,,37.3520978048,126.7147788697,즉석판매제조가공업,즉석판매제조가공업,,,,N,,
,"경기도 시흥시 승지로69번길 14, 1층 (능곡동)",경기도 시흥시 능곡동 525,14994,,37.3706628272,126.8096452089,즉석판매제조가공업,즉석판매제조가공업,,,,N,,
,"경기도 시흥시 서울대학로264번길 7, 시흥배곧 아브뉴프랑 센트럴 퍼플 3층 A-309(일부)호 (배곧동)",경기도 시흥시 배곧동 220 시흥배곧 아브뉴프랑 센트럴 퍼플,15011,,37.3691267298,126.7260417622,즉석판매제조가공업,즉석판매제조가공업,,,0,N,,
,"경기도 시흥시 수인로 2966, 부천시흥원예농협 가동 1층 일부호 (매화동)",경기도 시흥시 매화동 39-1,14931,070-7811-8500,37.4209383352,126.8169479595,즉석판매제조가공업,즉석판매제조가공업,,,,N,,
,"경기도 시흥시 하중로 131-1, 하중순복음교회 1층 106호 (하중동)",경기도 시흥시 하중동 825-5 하중순복음교회,14975,,37.3988959452,126.8008336802,즉석판매제조가공업,즉석판매제조가공업,,,,N,,
,"경기도 시흥시 봉우재로209번길 50, 1층 일부호 (정왕동)",경기도 시흥시 정왕동 2237-7,15047,031-509-0070,37.3579117359,126.7509312835,즉석판매제조가공업,즉석판매제조가공업,,,0,N,,
,"경기도 시흥시 은계번영길 9, 골드웨이Ⅰ 지하1층 일부호 (은행동)",경기도 시흥시 은행동 646-4 골드웨이Ⅰ,14922,,37.4375240428,126.8016387672,즉석판매제조가공업,즉석판매제조가공업,,,0,N,,
,"경기도 시흥시 배곧2로 95, 배곧 유호 N-CITY 2차 1층 138호 (배곧동)",경기도 시흥시 배곧동 229-1 배곧 유호 N-CITY 2차,15011,,37.3661941638,126.7269414547,즉석판매제조가공업,즉석판매제조가공업,,,,N,,
,"경기도 시흥시 월곶중앙로 48, 106호 (월곶동)",경기도 시흥시 월곶동 1006-3 106호,14966,031-435-4663,37.3885788895,126.7400527718,즉석판매제조가공업,즉석판매제조가공업,,,0,N,,
,경기도 시흥시 중심상가로 286 (정왕동),경기도 시흥시 정왕동 1786 두산a상가 지하3호,15119,031-497-7029,,,즉석판매제조가공업,즉석판매제조가공업,,,0,N,,
,"경기도 시흥시 큰솔공원로 2, 1층 일부호 (정왕동)",경기도 시흥시 정왕동 1544 102호,15051,,37.3431438732,126.7546681136,즉석판매제조가공업,즉석판매제조가공업,,,0,N,,
,"경기도 시흥시 금오로327번길 15, 1층 (과림동)",경기도 시흥시 과림동 630-13,14932,,37.4314084815,126.835276639,즉석판매제조가공업,즉석판매제조가공업,,,0,N,,
,경기도 시흥시 삼미시장2길 39 (신천동),경기도 시흥시 신천동 737-14,14948,,37.4402590238,126.784204789,즉석판매제조가공업,즉석판매제조가공업,,,0,N,,
,"경기도 시흥시 하중로173번길 8, 1층 (하중동)",경기도 시흥시 하중동 850-1,14976,031-351-7789,37.3959905532,126.8033800379,즉석판매제조가공업,즉석판매제조가공업,,상수도전용,0,N,,
,"경기도 시흥시 은행로218번길 4 (대야동, 서강(아)상가106호)",경기도 시흥시 대야동 568-4 서강(아)상가106호,14908,,37.4468525997,126.7924626352,즉석판매제조가공업,즉석판매제조가공업,,,0,N,,
,"경기도 시흥시 수인로3312번길 16, T동 지3층 T146호 일부호 (대야동)",경기도 시흥시 대야동 418-21,14911,031-998-1791,37.4413231865,126.7902764284,즉석판매제조가공업,즉석판매제조가공업,,,,N,,
,"경기도 시흥시 목감전원로 34, 물왕레이크뷰 301호 (산현동)",경기도 시흥시 산현동 492 물왕레이크뷰,14989,,37.3770992942,126.8429962174,즉석판매제조가공업,즉석판매제조가공업,,,,N,,
,"경기도 시흥시 해송십리로 472-12, 상가2동 지1층 105호 일부호 (배곧동, 시흥배곧신도시 이지더원1차 더 퍼스트)",경기도 시흥시 배곧동 14 시흥배곧신도시 이지더원1차 더 퍼스트,15010,,37.3818856009,126.7295025996,즉석판매제조가공업,즉석판매제조가공업,,,,N,,
,"경기도 시흥시 신천로80번길 11-2, 1층 일부호 (신천동)",경기도 시흥시 신천동 773-10,14950,031-312-2517,37.437448934,126.7875435779,즉석판매제조가공업,즉석판매제조가공업,,,0,N,,
,"경기도 시흥시 오이도로 167, A동 44호 (정왕동)",경기도 시흥시 정왕동 2003-8 A동 44호,15015,,37.3458883179,126.6882103529,즉석판매제조가공업,즉석판매제조가공업,,,,N,,
,"경기도 시흥시 거북섬중앙로 1, 4동 119호 (정왕동)",경기도 시흥시 정왕동 2709,15119,,37.3255247468,126.6827295604,즉석판매제조가공업,즉석판매제조가공업,,,,N,,
,"경기도 시흥시 은계번영길 23, 은계타운 214호 (은행동)",경기도 시흥시 은행동 646-10 은계타운,14922,031-313-0533,37.4371409352,126.8039256944,즉석판매제조가공업,즉석판매제조가공업,,,,N,,
,"경기도 시흥시 오이도로135번길 5, 1층 일부호 (정왕동)",경기도 시흥시 정왕동 1974-14,15015,,37.3478521893,126.6893634013,즉석판매제조가공업,즉석판매제조가공업,,,,N,,
,"경기도 시흥시 은행로218번길 11, 황금종장로교회 1층 일부호 (대야동)",경기도 시흥시 대야동 360-15 황금종장로교회,14908,,37.4460780857,126.7925716755,즉석판매제조가공업,즉석판매제조가공업,,,,N,,
,"경기도 시흥시 배곧4로 30, 배곧타운I 1층 108호 (배곧동)",경기도 시흥시 배곧동 124 배곧타운I,15010,,37.377338562,126.7274821771,즉석판매제조가공업,즉석판매제조가공업,,,,N,,
,"경기도 시흥시 정왕시장길 51 (정왕동,정왕시장조합 101호)",경기도 시흥시 정왕동 1203 정왕시장조합 101호,15052,031-496-8858,37.3458093904,126.7485677164,즉석판매제조가공업,즉석판매제조가공업,,,0,N,,
,"경기도 시흥시 물왕수변로 72, 나동 1층 일부호 (산현동)",경기도 시흥시 산현동 287,14990,031-481-9058,37.3781551552,126.8335557155,즉석판매제조가공업,즉석판매제조가공업,,,,N,,
,"경기도 시흥시 서울대학로278번길 19-13, 108동 2층 B-239호 (배곧동, 시흥배곧 C1 호반 써밋플레이스)",경기도 시흥시 배곧동 191 시흥배곧 C1 호반 써밋플레이스,15011,031-497-5696,37.3711662538,126.7277939416,즉석판매제조가공업,즉석판매제조가공업,,,0,N,,
,"경기도 시흥시 수인로 3309, 북시흥농협 하나로마트 1층 일부호 (신천동)",경기도 시흥시 신천동 83-4,14950,,37.4384638811,126.7914451358,즉석판매제조가공업,즉석판매제조가공업,,,,N,,
,"경기도 시흥시 서울대학로278번길 19-13, 107동 1층 A-133 일부호 (배곧동, 시흥배곧 C1 호반 써밋플레이스)",경기도 시흥시 배곧동 191 시흥배곧 C1 호반 써밋플레이스,15011,,37.3703857466,126.7269775004,즉석판매제조가공업,즉석판매제조가공업,,,,N,,
,"경기도 시흥시 장곡로53번길 17, 1층일부호 (장곡동)",경기도 시흥시 장곡동 810-7 102호,15002,,37.3779669373,126.7828884026,즉석판매제조가공업,즉석판매제조가공업,,,0,N,,
,"경기도 시흥시 월곶중앙로 71, 센타프라자 2층 205호 일부호 (월곶동)",경기도 시흥시 월곶동 1011-15 센타프라자,14963,031-318-8851,37.3889758169,126.7373037111,즉석판매제조가공업,즉석판매제조가공업,,,0,N,,
,"경기도 시흥시 복지로53번길 9, 1층 (대야동)",경기도 시흥시 대야동 488-6 1층,14909,031-695-8686,37.4444850444,126.7884603886,즉석판매제조가공업,즉석판매제조가공업,,,0,N,,
,"경기도 시흥시 월곶중앙로 64, 풍산프라자 2층 202호 일부호, 202-1호 (월곶동)","경기도 시흥시 월곶동 1009-1 풍산프라자, 202호 일부호, 202-1호",14966,031-435-0514,37.3891728802,126.7385104453,즉석판매제조가공업,즉석판매제조가공업,,,,N,,
,"경기도 시흥시 동서로811번길 33, 2층 일부호 (물왕동)",경기도 시흥시 물왕동 148,14983,031-483-0201,37.3877643862,126.8384862667,즉석판매제조가공업,즉석판매제조가공업,,,0,N,,
,"경기도 시흥시 대야로43번길 17, 102호 (대야동)",경기도 시흥시 대야동 457,14905,,37.4477315125,126.7887235809,즉석판매제조가공업,즉석판매제조가공업,,,,N,,
,"경기도 시흥시 장곡로53번길 3, 1층 일부호 (장곡동)",경기도 시흥시 장곡동 809-16 103호,15002,,37.3791932728,126.7829670863,즉석판매제조가공업,즉석판매제조가공업,,,,N,,
,"경기도 시흥시 새재로 3, 장현2엔플러스빌 1층 110호일부호 (장현동, 장현2엔플러스빌)",경기도 시흥시 장현동 542 장현2엔플러스빌,14998,,37.3801754056,126.800973633,즉석판매제조가공업,즉석판매제조가공업,,,,N,,
,"경기도 시흥시 하중로173번길 26, 1층 일부호 (하중동)",경기도 시흥시 하중동 854-4,14976,031-313-4856,37.3948807674,126.8047234081,즉석판매제조가공업,즉석판매제조가공업,,,0,N,,
,"경기도 시흥시 삼미시장2길 35, 1층 17호 (신천동)",경기도 시흥시 신천동 738-4 소망교회,14948,,37.4404099175,126.7838190062,즉석판매제조가공업,즉석판매제조가공업,,,,N,,
,"경기도 시흥시 배곧4로 83, 아이프라자 1층 105호 (배곧동)",경기도 시흥시 배곧동 72 아이프라자,15010,,37.3748597232,126.7330079714,즉석판매제조가공업,즉석판매제조가공업,,,,N,,
,"경기도 시흥시 배곧4로 81-42, 신세계프라자 1층 107호 (배곧동)",경기도 시흥시 배곧동 65 신세계프라자 107호,15010,,37.3745090793,126.7345362784,즉석판매제조가공업,즉석판매제조가공업,,,,N,,
,"경기도 시흥시 정왕천로 407, 1층 (정왕동)",경기도 시흥시 정왕동 1196-2,15052,031-433-5558,37.3442066349,126.7516770976,즉석판매제조가공업,즉석판매제조가공업,,,0,N,,
,"경기도 시흥시 옥구공원로 183, 1층 (정왕동, 식자재왕도매마트)",경기도 시흥시 정왕동 1733-4 식자재왕도매마트 내,15036,02-1833-6222,37.3450091694,126.732035946,즉석판매제조가공업,즉석판매제조가공업,,,,N,,
,"경기도 시흥시 서울대학로278번길 67, 시흥배곧 롯데마트 1층 일부호 (배곧동)",경기도 시흥시 배곧동 202 시흥배곧 롯데마트,15011,051-202-8295,37.3688907319,126.7313182505,즉석판매제조가공업,즉석판매제조가공업,,,,N,,
,"경기도 시흥시 정왕신길로49번길 61, 신도빌딩 103호일부호 (정왕동)",경기도 시흥시 정왕동 1882-8 신도빌딩,15020,,37.3627455692,126.7302629746,즉석판매제조가공업,즉석판매제조가공업,,,,N,,
,"경기도 시흥시 함송로13번길 6-15, 경인빌딩 2층 201호 일부호 (정왕동)",경기도 시흥시 정왕동 1880-8 경인빌딩,15020,031-499-7271,37.3644559408,126.7313070294,즉석판매제조가공업,즉석판매제조가공업,,,,N,,
,"경기도 시흥시 군자봉길 229, 1층 일부호 (군자동)",경기도 시흥시 군자동 656 1층일부호,15000,031-431-6863,37.356839654,126.7874932364,즉석판매제조가공업,즉석판매제조가공업,,,,N,,
,"경기도 시흥시 수인로 3309, 1층 일부호 (신천동)",경기도 시흥시 신천동 83-4,14950,,37.4384638811,126.7914451358,즉석판매제조가공업,즉석판매제조가공업,,,0,N,,
,"경기도 시흥시 연성로 83, 1층 102호 (하상동)",경기도 시흥시 하상동 376-2 박재성내과,14977,,37.3910252793,126.8128362826,즉석판매제조가공업,즉석판매제조가공업,,,0,N,,
,"경기도 시흥시 동서로 706-27, 1층 일부호 (물왕동)",경기도 시흥시 물왕동 331-4,14993,031-410-5553,37.3839934385,126.8283192599,즉석판매제조가공업,즉석판매제조가공업,,,0,N,,
,"경기도 시흥시 은행로 164, 세화빌딩 2층 202호 일부호 (대야동)",경기도 시흥시 대야동 580-3 세화빌딩,14915,,37.4456659599,126.7990420597,즉석판매제조가공업,즉석판매제조가공업,,,0,N,,
,"경기도 시흥시 계수로86번길 77, 지1층 (계수동)",경기도 시흥시 계수동 589-6,14929,031-312-8862,37.4435432741,126.8136337031,즉석판매제조가공업,즉석판매제조가공업,,,,N,,
,"경기도 시흥시 봉화로143번길 28, 1층 일부호 (정왕동)",경기도 시흥시 정왕동 130,15009,031-500-8850,37.3668825041,126.7470137076,즉석판매제조가공업,즉석판매제조가공업,,,,N,,
,"경기도 시흥시 신천로80번길 11-2, 1층 일부호 (신천동)",경기도 시흥시 신천동 773-10,14950,,37.437448934,126.7875435779,즉석판매제조가공업,즉석판매제조가공업,,,,N,,
,"경기도 시흥시 서울대학로278번길 26, 시흥배곧 아브뉴프랑 센트럴 오렌지 3층 302호 (배곧동)",경기도 시흥시 배곧동 215 시흥배곧 아브뉴프랑 센트럴 오렌지,15011,,37.368904127,126.7278397154,즉석판매제조가공업,즉석판매제조가공업,,,0,N,,
,경기도 시흥시 큰솔로12번안길 18 (정왕동),경기도 시흥시 정왕동 1404,15060,031-499-8289,37.3397971897,126.7528271886,즉석판매제조가공업,즉석판매제조가공업,,,0,N,,
,"경기도 시흥시 문화마을로 13, 1층 일부호 (신천동)",경기도 시흥시 신천동 415-1 대영주류,14904,,37.4435193851,126.7793352993,즉석판매제조가공업,즉석판매제조가공업,,,0,N,,
,"경기도 시흥시 희망공원로 269, 홈플러스시화점 2층 일부호 (정왕동)",경기도 시흥시 정왕동 2166-4 홈플러스시화점,15081,032-565-5750,37.3452082082,126.725237369,즉석판매제조가공업,즉석판매제조가공업,,,,N,,
,"경기도 시흥시 서울대학로264번길 25, 시흥배곧 아브뉴프랑 센트럴 블루 3층 313호 (배곧동)",경기도 시흥시 배곧동 219 시흥배곧 아브뉴프랑 센트럴 블루,15011,,37.3683599517,126.7273257955,즉석판매제조가공업,즉석판매제조가공업,,,,N,,
,"경기도 시흥시 배곧4로 81-39, 상가동 2층 208호 일부호 (배곧동, 시흥배곧신도시 대방노블랜드 엘리트시티)",경기도 시흥시 배곧동 55 시흥배곧신도시 대방노블랜드 엘리트시티,15010,,37.3753283168,126.7371708586,즉석판매제조가공업,즉석판매제조가공업,,,,N,,
,"경기도 시흥시 함송로 18, 대림하이츠프라자 1층 106호 (정왕동)",경기도 시흥시 정왕동 1882-2 대림하이츠프라자,15020,031-497-1015,37.3635276473,126.7299387902,즉석판매제조가공업,즉석판매제조가공업,,,0,N,,
,"경기도 시흥시 나분들길 88, 1층 일부호 (광석동)",경기도 시흥시 광석동 130,14979,031-317-7706,37.384570156,126.8188368444,즉석판매제조가공업,즉석판매제조가공업,,,0,N,,
,"경기도 시흥시 배곧4로 30, 배곧타운I 1층 111호 일부호 (배곧동)",경기도 시흥시 배곧동 124 배곧타운I,15010,,37.377338562,126.7274821771,즉석판매제조가공업,즉석판매제조가공업,,,,N,,
,"경기도 시흥시 거북섬4길 6, 디오 프라자 111호 일부호 (정왕동)",경기도 시흥시 정왕동 2720-1 디오 프라자,15119,,37.323285698,126.6822007649,즉석판매제조가공업,즉석판매제조가공업,,,0,N,,
,"경기도 시흥시 장현능곡로 192, 101호 (능곡동, 정우빌딩)",경기도 시흥시 능곡동 735 정우빌딩 101호,14995,031-492-9237,37.3692303918,126.8113184948,즉석판매제조가공업,즉석판매제조가공업,,,,N,,
,"경기도 시흥시 호현로 78, 1층 일부호 (대야동)",경기도 시흥시 대야동 465-8,14905,,37.4465600436,126.7872763004,즉석판매제조가공업,즉석판매제조가공업,,,0,N,,
,"경기도 시흥시 하중로221번길 8-6, 1층 (하중동)",경기도 시흥시 하중동 867-5,14976,,37.3917375017,126.8066842241,즉석판매제조가공업,즉석판매제조가공업,,,,N,,
,"경기도 시흥시 도일로 108-2, 1층 일부호 (거모동)",경기도 시흥시 거모동 1658-18,15069,,37.3401789345,126.7839477979,즉석판매제조가공업,즉석판매제조가공업,,,,N,,
,"경기도 시흥시 거북섬5길 4, 센터프라자 1동 1층 112호 일부호 (정왕동)",경기도 시흥시 정왕동 2720-8 센터프라자,15119,070-8740-9974,37.3221490732,126.6833755881,즉석판매제조가공업,즉석판매제조가공업,,,,N,,
,"경기도 시흥시 삼미시장4길 8-1, 1층 (신천동)",경기도 시흥시 신천동 735-6 1층,14948,031-316-9990,37.4393734165,126.7838288845,즉석판매제조가공업,즉석판매제조가공업,,,0,N,,
,"경기도 시흥시 마유로238번길 26, 롯데마트 시화점 1층 일부호 (정왕동)",경기도 시흥시 정왕동 1366-4,15079,051-831-5711,37.3376271419,126.7306774357,즉석판매제조가공업,즉석판매제조가공업,,,,N,,
,"경기도 시흥시 능곡군자1길 151, 1층 일부호 (군자동)",경기도 시흥시 군자동 788-1,14999,031-311-5392,37.3688691897,126.806578506,즉석판매제조가공업,즉석판매제조가공업,,,,N,,
,"경기도 시흥시 수인로3312번길 16, T동 지3층 T130호일부호 (대야동, 시흥 센트럴 푸르지오)",경기도 시흥시 대야동 693 시흥 센트럴 푸르지오,14911,,37.4413231865,126.7902764284,즉석판매제조가공업,즉석판매제조가공업,,,0,N,,
,"경기도 시흥시 동서로 770, 안산농협 연꽃지점 로컬푸드직매장 1층 일부호 (물왕동)",경기도 시흥시 물왕동 234-7 안산농협 연꽃지점 로컬푸드직매장,14990,,37.3843410162,126.8308012535,즉석판매제조가공업,즉석판매제조가공업,,,,N,,
,경기도 시흥시 동서로 1071 (조남동),경기도 시흥시 조남동 171-15,14984,031-403-7176,37.3845648203,126.8598297926,즉석판매제조가공업,즉석판매제조가공업,,,0,N,,
,"경기도 시흥시 월곶중앙로70번길 3, 3층 304호 (월곶동, 풍림1차주상가동)",경기도 시흥시 월곶동 1010-4,14964,,37.3896123363,126.7381671017,즉석판매제조가공업,즉석판매제조가공업,,,,N,,
,"경기도 시흥시 월곶중앙로 31 (월곶동, 월곶어시장나-40)",경기도 시흥시 월곶동 1015-30 월곶어시장나-40,14963,031-318-6399,37.387496942,126.7414079524,즉석판매제조가공업,즉석판매제조가공업,,,0,N,,
,"경기도 시흥시 장현능곡로 155, 시흥 플랑드르 2층 2061호 (능곡동)",경기도 시흥시 능곡동 871 시흥 플랑드르,15121,,37.3710186339,126.8072928232,즉석판매제조가공업,즉석판매제조가공업,,,0,N,,
,"경기도 시흥시 복지로 15, 1층 115호 일부호 (신천동, 시흥5차푸르지오)",경기도 시흥시 신천동 709-32 시흥5차푸르지오,14910,,37.4416793445,126.7865538933,즉석판매제조가공업,즉석판매제조가공업,,,,N,,
,"경기도 시흥시 수인로3312번길 16, T동 T-237호일부호 (대야동, 시흥 센트럴 푸르지오)",경기도 시흥시 대야동 693 시흥 센트럴 푸르지오,14911,,37.4413231865,126.7902764284,즉석판매제조가공업,즉석판매제조가공업,,,0,N,,
,"경기도 시흥시 수인로 2966, 부천시흥원예농협 로컬푸드직매장 1층 일부호 (매화동)",경기도 시흥시 매화동 39-1,14931,,37.4209383352,126.8169479595,즉석판매제조가공업,즉석판매제조가공업,,,,N,,
,"경기도 시흥시 수인로 3309, 북시흥농협 하나로마트 1층 일부호 (신천동)",경기도 시흥시 신천동 83-4,14950,041-566-5360,37.4384638811,126.7914451358,즉석판매제조가공업,즉석판매제조가공업,,,,N,,
,"경기도 시흥시 해송십리로 472-12, 시흥배곧신도시 이지더원1차 더 퍼스트 상가-2동 지1층 113호 (배곧동, 시흥배곧신도시 이지더원1차 더 퍼스트)",경기도 시흥시 배곧동 14 시흥배곧신도시 이지더원1차 더 퍼스트,15010,,37.3829300411,126.730711838,즉석판매제조가공업,즉석판매제조가공업,,,,N,,
,"경기도 시흥시 연성로 95, 삼성프라자 1층 104호 (하상동)",경기도 시흥시 하상동 377-2 삼성프라자,14977,,37.3909698602,126.8141585219,즉석판매제조가공업,즉석판매제조가공업,,,0,N,,
,"경기도 시흥시 대은로104번길 1, 우남아파트상가 2동 1층 101호 일부호 (은행동)",경기도 시흥시 은행동 599 우남아파트상가 2동,14916,,37.4455253696,126.7996538445,즉석판매제조가공업,즉석판매제조가공업,,,,N,,
,"경기도 시흥시 정왕천로389번길 57-1, 1층 일부호 (정왕동)",경기도 시흥시 정왕동 1575-3,15057,,37.3459507849,126.7452921859,즉석판매제조가공업,즉석판매제조가공업,,,,N,,
,"경기도 시흥시 새재로7번길 6-1, 장현빌딩 4층 일부호 (장현동)",경기도 시흥시 장현동 544-5 장현빌딩,14998,,37.3808977948,126.8011928345,즉석판매제조가공업,즉석판매제조가공업,,,0,N,,
,"경기도 시흥시 수인로3409번길 21, 1층 (신천동)",경기도 시흥시 신천동 754-9 1층,14948,031-312-2138,37.4399267641,126.7799575733,즉석판매제조가공업,즉석판매제조가공업,,,,N,,
,"경기도 시흥시 오이도로 173, 1층 56호 (정왕동)",경기도 시흥시 정왕동 2003-12,15015,,37.3454457514,126.6880796381,즉석판매제조가공업,즉석판매제조가공업,,,,N,,
,"경기도 시흥시 은계호수로 49, 시흥 센트럴돔 그랑트리 캐슬 3층 3021호 (은행동)",경기도 시흥시 은행동 605 시흥 센트럴돔 그랑트리 캐슬,14923,,37.4458457243,126.8020023203,즉석판매제조가공업,즉석판매제조가공업,,,,N,,
,"경기도 시흥시 오이도로 173, B동 109,110호 (정왕동, 오이도수산물직판장)","경기도 시흥시 정왕동 2003-12 오이도수산물직판장 109,110호 B동",15015,031-432-8996,37.3454457514,126.6880796381,즉석판매제조가공업,즉석판매제조가공업,,,,N,,
,"경기도 시흥시 비둘기공원2길 8, 1층 일부호 (대야동)",경기도 시흥시 대야동 558-3,14911,,37.439452806,126.7925210088,즉석판매제조가공업,즉석판매제조가공업,,,0,N,,
,"경기도 시흥시 금오로118번길 160, 1층 일부호 (금이동)",경기도 시흥시 금이동 56-1,14931,031-311-0630,37.4050154991,126.8464021085,즉석판매제조가공업,즉석판매제조가공업,,지하수전용,0,N,,
,"경기도 시흥시 미산로127번길 13-4, 1층 일부호 (미산동)",경기도 시흥시 미산동 374,14944,,37.4184150369,126.7955329108,즉석판매제조가공업,즉석판매제조가공업,,,0,N,,
,"경기도 시흥시 장현능곡로 155, 시흥 플랑드르 1층 1075호 (능곡동)",경기도 시흥시 능곡동 871 시흥 플랑드르,15121,,37.3710186339,126.8072928232,즉석판매제조가공업,즉석판매제조가공업,,,,N,,
,"경기도 시흥시 군자로10번길 15-2, 1층 (월곶동)",경기도 시흥시 월곶동 467-17,15006,,37.3817441532,126.7610070228,즉석판매제조가공업,즉석판매제조가공업,,,,N,,
,"경기도 시흥시 삼미시장4길 32-1, 1층 (신천동)",경기도 시흥시 신천동 741-18 1층,14948,031-313-3555,37.4403318001,126.7813441167,즉석판매제조가공업,즉석판매제조가공업,,,0,N,,
,"경기도 시흥시 함송로 21, 굿모닝프라자 1층 104호 (정왕동)",경기도 시흥시 정왕동 1881-9 굿모닝프라자,15020,,37.3637669836,126.7307042501,즉석판매제조가공업,즉석판매제조가공업,,,,N,,
,"경기도 시흥시 정왕시장길 63, 1층 일부호 (정왕동)",경기도 시흥시 정왕동 1188-8,15052,,37.3463632769,126.7492057344,즉석판매제조가공업,즉석판매제조가공업,,,0,N,,
,"경기도 시흥시 월곶해안로 29-8, 1층 일부호 (월곶동)",경기도 시흥시 월곶동 991-4,14968,,37.3942916303,126.7397578542,즉석판매제조가공업,즉석판매제조가공업,,,,N,,
,"경기도 시흥시 장현능곡로 155, 시흥 플랑드르 2056호 (능곡동)",경기도 시흥시 능곡동 871 시흥 플랑드르,15121,,37.3710186339,126.8072928232,즉석판매제조가공업,즉석판매제조가공업,,,0,N,,
,"경기도 시흥시 서울대학로278번길 19-13, 108동 B-104호 (배곧동, 시흥배곧 C1 호반 써밋플레이스)",경기도 시흥시 배곧동 191 시흥배곧 C1 호반 써밋플레이스,15011,,37.3709989287,126.7270163836,즉석판매제조가공업,즉석판매제조가공업,,,,N,,
,"경기도 시흥시 삼미시장2길 41-1, 에덴동상 1층 일부호 (신천동)",경기도 시흥시 신천동 737-8 에덴동상,14948,,37.4401074445,126.7844775344,즉석판매제조가공업,즉석판매제조가공업,,,0,N,,
,"경기도 시흥시 동서로707번길 27, 1층 일부호 (물왕동)",경기도 시흥시 물왕동 306-2,14980,,37.3870321997,126.8269365973,즉석판매제조가공업,즉석판매제조가공업,,,0,N,,
,"경기도 시흥시 산현마을길 29-7, 1층 일부호 (산현동)",경기도 시흥시 산현동 509-1,14989,,37.3760915714,126.844947688,즉석판매제조가공업,즉석판매제조가공업,,,0,N,,
,"경기도 시흥시 서촌상가2길 25-1, 신세대영타운빌딩 303호 (정왕동)",경기도 시흥시 정왕동 1731-18 신세대영타운빌딩,15036,,37.3458698085,126.7327045837,즉석판매제조가공업,즉석판매제조가공업,,,0,N,,
,"경기도 시흥시 봉우순환로3번길 54, 1층 (정왕동)",경기도 시흥시 정왕동 2234-19,15047,,37.3582808444,126.7508598635,즉석판매제조가공업,즉석판매제조가공업,,,0,N,,
,"경기도 시흥시 서울대학로264번길 26-16, 해든메디컬센터 1007호 일부호 (배곧동)",경기도 시흥시 배곧동 224-1 해든메디컬센터 1007호 57호,15011,,37.3669339731,126.7256690253,즉석판매제조가공업,즉석판매제조가공업,,,0,N,,
,"경기도 시흥시 서울대학로 172-20, 상가4동 101호 (배곧동, 한라비발디캠퍼스3차)",경기도 시흥시 배곧동 262 한라비발디캠퍼스3차,15011,,37.3605279317,126.7192192285,즉석판매제조가공업,즉석판매제조가공업,,,,N,,
,"경기도 시흥시 한우물로 30-1, 참사랑교회 2층 (거모동)",경기도 시흥시 거모동 1733-10 참사랑교회,15071,,37.3453727247,126.7842597599,즉석판매제조가공업,즉석판매제조가공업,,,0,N,,
,"경기도 시흥시 서울대학로278번길 70, 배곧두손지젤타워 1층 B119호 (배곧동)",경기도 시흥시 배곧동 206-3 배곧두손지젤타워,15011,,37.3680122208,126.7320612827,즉석판매제조가공업,즉석판매제조가공업,,상수도전용,,N,,
,"경기도 시흥시 서해안로 699, 시흥 프리미엄 아울렛 1층 일부호 (배곧동)",경기도 시흥시 배곧동 36 시흥 프리미엄 아울렛,15010,,37.3794646667,126.7384278982,즉석판매제조가공업,즉석판매제조가공업,,,,N,,
,"경기도 시흥시 연성로13번길 11, 1층 106호,107호 (하중동, N PLUS빌 아파트)",경기도 시흥시 하중동 878-1 N PLUS빌 아파트,14976,,37.3913094282,126.8043948934,즉석판매제조가공업,즉석판매제조가공업,,,,N,,
,"경기도 시흥시 서해안로 699, 시흥 신세계 프리미엄 아웃렛 부출입구 앞 도로 행사장 (배곧동)",경기도 시흥시 배곧동 36 시흥 프리미엄 아울렛,15010,031-312-2583,37.3794646667,126.7384278982,즉석판매제조가공업,즉석판매제조가공업,,,,N,,
,"경기도 시흥시 수인로 3372, 신천프라자 지1층 B01호 일부호 (신천동)",경기도 시흥시 신천동 712-9 신천프라자,14910,,37.4411251667,126.7843434953,즉석판매제조가공업,즉석판매제조가공업,,,,N,,
,"경기도 시흥시 수인로 3309, 북시흥농협본점 1층 일부호 (신천동)",경기도 시흥시 신천동 83-4,14950,041-566-5360,37.4384638811,126.7914451358,즉석판매제조가공업,즉석판매제조가공업,,,,N,,
,"경기도 시흥시 은계남로 12, 판매시설동 1층 135호 일부호 (은행동, 시흥은계 호반 써밋플레이스)",경기도 시흥시 은행동 644 시흥은계 호반 써밋플레이스,14922,,37.4351025771,126.8037071995,즉석판매제조가공업,즉석판매제조가공업,,,,N,,
,"경기도 시흥시 삼미시장3길 16, 신천빌딩 2층 일부호 (신천동)",경기도 시흥시 신천동 739-5 신천빌딩,14948,,37.4399676615,126.7837214832,즉석판매제조가공업,즉석판매제조가공업,,,,N,,
,"경기도 시흥시 마유로238번길 26, 롯데마트 시화점 1층 일부호 (정왕동)",경기도 시흥시 정왕동 1366-4,15079,070-4707-0618,37.3376271419,126.7306774357,즉석판매제조가공업,즉석판매제조가공업,,,,N,,
,"경기도 시흥시 황고개로 531, 영광프라자 1층 117호 (장곡동)",경기도 시흥시 장곡동 895-5 영광프라자,15002,,37.3781636221,126.7885904684,즉석판매제조가공업,즉석판매제조가공업,,,0,N,,
,"경기도 시흥시 서해안로 699, 시흥 프리미엄 아울렛 2층 일부호 (배곧동)",경기도 시흥시 배곧동 36 시흥 프리미엄 아울렛,15010,,37.3794646667,126.7384278982,즉석판매제조가공업,즉석판매제조가공업,,,,N,,
,"경기도 시흥시 비둘기공원로 28, 롯데마트 시흥점 지1층 일부호 (대야동)",경기도 시흥시 대야동 542 롯데마트 시흥점,14912,,37.4430368253,126.7919559438,즉석판매제조가공업,즉석판매제조가공업,,,,N,,
,"경기도 시흥시 삼미시장2길 35, 소망교회 1층 14호 (신천동)",경기도 시흥시 신천동 738-4 소망교회,14948,,37.4404099175,126.7838190062,즉석판매제조가공업,즉석판매제조가공업,,,,N,,
,경기도 시흥시 장곡로 50 (주)진보유통 1층 103호 일부호 (장곡동),경기도 시흥시 장곡동 877-1 (주)진보유통,15002,,37.3797082545,126.783165496,즉석판매제조가공업,즉석판매제조가공업,,,,N,,
,"경기도 시흥시 수인로 2966, 부천시흥원예농협 로컬푸드직매장 가동 1층 일부호 (매화동)",경기도 시흥시 매화동 39-1,14931,,37.4209383352,126.8169479595,즉석판매제조가공업,즉석판매제조가공업,,,,N,,
,"경기도 시흥시 새재로17번길 3, 이마트에브리데이 장현점 1층 일부호 (장현동)",경기도 시흥시 장현동 543-1,14998,031-527-9217,37.3810543546,126.8017561503,즉석판매제조가공업,즉석판매제조가공업,,,,N,,
,"경기도 시흥시 대은로104번길 40, 세종빌딩 1층 일부호 (은행동)",경기도 시흥시 은행동 539-5 세종빌딩,14916,,37.4423549092,126.8000451429,즉석판매제조가공업,즉석판매제조가공업,,상수도전용,,N,,
,경기도 시흥시 호현로 30-1 (구)북시흥농협주차장 (대야동),경기도 시흥시 대야동 496-11 북시흥농협,14909,,37.4434226193,126.7856668762,즉석판매제조가공업,즉석판매제조가공업,,,,N,,
,"경기도 시흥시 서해안로 1597, 1층 일부호 (대야동)",경기도 시흥시 대야동 376-50,14902,031-313-0456,37.4477410989,126.7858293121,즉석판매제조가공업,즉석판매제조가공업,,,0,N,,
,경기도 시흥시 호현로 30-1 (구)북시흥농협주차장 (대야동),경기도 시흥시 대야동 496-11 북시흥농협,14909,031-312-2583,37.4434226193,126.7856668762,즉석판매제조가공업,즉석판매제조가공업,,,,N,,
,"경기도 시흥시 월동로57번길 23, 1층 일부호 (월곶동)",경기도 시흥시 월곶동 1067-4,15006,031-497-1180,37.3799432269,126.7641873455,즉석판매제조가공업,즉석판매제조가공업,,,,N,,
,,경기도 시흥시 장현동 665-1 종합일자리센터 뒤편 공터,,,37.3821820281,126.804153502,즉석판매제조가공업,즉석판매제조가공업,,,,N,,
,"경기도 시흥시 능곡로 182, 신성프라자 홈플러스익스프레스 능곡점 1층 일부호 (능곡동)",경기도 시흥시 능곡동 753 신성프라자,14995,,37.3682632809,126.8108643032,즉석판매제조가공업,즉석판매제조가공업,,,,N,,
,"경기도 시흥시 서해안로 699, 시흥 프리미엄 아울렛 부출입구 앞 도로 행사장 (배곧동)",경기도 시흥시 배곧동 36 시흥 프리미엄 아울렛,15010,,37.3796992102,126.7370588161,즉석판매제조가공업,즉석판매제조가공업,,,,N,,
,"경기도 시흥시 월곶중앙로70번길 3, 진주마을 풍림1차 아이원 단지내 상가동 홈플러스익스프레스 시흥월곶점 1층 일부호 (월곶동)",경기도 시흥시 월곶동 1010-4 진주마을 풍림1차 아이원 단지내 상가동,14964,,37.3896123363,126.7381671017,즉석판매제조가공업,즉석판매제조가공업,,,,N,,
,"경기도 시흥시 거북섬로 110, 거북섬 마리나베이 101 3블럭 1층 150호 일부호 (정왕동)",경기도 시흥시 정왕동 2731 거북섬 마리나베이 101 3블럭,15119,,37.3206406377,126.6777149327,즉석판매제조가공업,즉석판매제조가공업,,,,N,,
,"경기도 시흥시 서울대학로278번길 25-32, 다인로얄팰리스 배곧2차 3층 308호 (배곧동)",경기도 시흥시 배곧동 198-2 다인로얄팰리스 배곧2차,15011,,37.3692022673,126.7293274077,즉석판매제조가공업,즉석판매제조가공업,,,,N,,
,"경기도 시흥시 함송로14번길 30, 홈플러스익스프레스 시흥정왕2점 1층 일부호 (정왕동)",경기도 시흥시 정왕동 1886-2 대승프라자,15021,,37.3621873145,126.72897004,즉석판매제조가공업,즉석판매제조가공업,,,,N,,
,"경기도 시흥시 서울대학로 59-21, 배곧로얄팰리스 테크노1차 주건축물제1동 1층 170호 일부호 (배곧동)",경기도 시흥시 배곧동 299-3 배곧로얄팰리스 테크노1차,15012,,37.3575735442,126.7059932726,즉석판매제조가공업,즉석판매제조가공업,,,0,N,,
,"경기도 시흥시 배곧1로 27-15 (정왕동, 한라비발디캠퍼스)",경기도 시흥시 정왕동 2566 한라비발디캠퍼스,15011,,37.362284643,126.7122787254,즉석판매제조가공업,즉석판매제조가공업,,,,N,,
,경기도 시흥시 비둘기공원로 28,경기도 시흥시 대야동 542-0,14912,031-698-6411,37.4430368253,126.7919559438,즉석판매제조가공업,즉석판매제조가공업,,,0,N,,
,"경기도 시흥시 마유로238번길 26 (정왕동, 롯데마트시화점)",경기도 시흥시 정왕동 1366-4 롯데마트시화점,15079,,37.3376271419,126.7306774357,즉석판매제조가공업,즉석판매제조가공업,,,,N,,
,"경기도 시흥시 정왕대로 210, E MART시화점 (정왕동)",경기도 시흥시 정왕동 1734-2 E MART시화점,15066,031-792-6892,37.3459328804,126.7368812651,즉석판매제조가공업,즉석판매제조가공업,,,,N,,
,"경기도 시흥시 오이도로135번길 13, 101호 (정왕동)",경기도 시흥시 정왕동 1974-9 101호,15015,,37.3470659695,126.6890670189,즉석판매제조가공업,즉석판매제조가공업,,,,N,,
,경기도 시흥시 진말로9번길 11,경기도 시흥시 장곡동 817-2,15002,031-435-3838,37.3780920454,126.7841974216,즉석판매제조가공업,즉석판매제조가공업,,,0,N,,
,"경기도 시흥시 능곡로 178 (능곡동, 호평(프)107호)",경기도 시흥시 능곡동 755 호평(프)107호,14995,031-404-5788,37.3681311741,126.8113963032,즉석판매제조가공업,즉석판매제조가공업,,,,N,,
,경기도 시흥시 장곡로 50 (주)진보유통 1층 일부호 (장곡동),경기도 시흥시 장곡동 877-1 (주)진보유통,15002,,37.3797082545,126.783165496,즉석판매제조가공업,즉석판매제조가공업,,,,N,,
,"경기도 시흥시 희망공원로 269 (정왕동, 홈플러스시화점)",경기도 시흥시 정왕동 2166-4,15081,031-499-8347,37.3452082082,126.725237369,즉석판매제조가공업,즉석판매제조가공업,,,,N,,
,"경기도 시흥시 은행로 267, 신명아파트 상가동 107호 (은행동)",경기도 시흥시 은행동 538-1 신명아파트,14917,,37.4437293778,126.7977487718,즉석판매제조가공업,즉석판매제조가공업,,,,N,,
,경기도 시흥시 수인로 2776,경기도 시흥시 도창동 144-25,14931,031-315-6160,37.4058864011,126.8265193897,즉석판매제조가공업,즉석판매제조가공업,,,0,N,,
,경기도 시흥시 은행로149번길 1,경기도 시흥시 은행동 538-2 성원@상가동 101호,14917,031-315-5149,37.4441537742,126.7993953133,즉석판매제조가공업,즉석판매제조가공업,,,0,N,,
,"경기도 시흥시 정왕대로 210, 2층 (정왕동, 이마트)",경기도 시흥시 정왕동 1734-1 이마트 2층,15066,031-496-4123,37.3459328804,126.7368812651,즉석판매제조가공업,즉석판매제조가공업,,,,N,,
,"경기도 시흥시 서울대학로278번길 67, 시흥배곧 롯데마트 1층 일부호 (배곧동)",경기도 시흥시 배곧동 202 시흥배곧 롯데마트,15011,031-734-0951,37.3688907319,126.7313182505,즉석판매제조가공업,즉석판매제조가공업,,,,N,,
,"경기도 시흥시 서울대학로278번길 25-8, 다인로얄팰리스 배곧4차 2층 203호 (배곧동)",경기도 시흥시 배곧동 196-2 다인로얄팰리스 배곧4차,15011,,37.3694876669,126.728861451,즉석판매제조가공업,즉석판매제조가공업,,,0,N,,
,경기도 시흥시 오이도7길 4-1,경기도 시흥시 정왕동 2007-3 1층,15015,,37.3441753838,126.6881610553,즉석판매제조가공업,즉석판매제조가공업,,,,N,,
,경기도 시흥시 오이도어시장로 7,"경기도 시흥시 정왕동 2004-3 오이도종합어시장 A동 133,134호",15015,031-499-5977,37.3451101492,126.6890880534,즉석판매제조가공업,즉석판매제조가공업,,,,N,,
,"경기도 시흥시 수인로2421번길 83-10, 1층 (논곡동)",경기도 시흥시 논곡동 160-80,14984,,37.3883016586,126.8591202298,즉석판매제조가공업,즉석판매제조가공업,,,0,N,,
,"경기도 시흥시 서울대학로278번길 67, 시흥배곧 롯데마트 1층 (배곧동)",경기도 시흥시 배곧동 202 시흥배곧 롯데마트,15011,02-6246-3200,37.3688907319,126.7313182505,즉석판매제조가공업,즉석판매제조가공업,,,,N,,
,"경기도 시흥시 희망공원로 269, 2층 (정왕동, 홈플러스시화점)",경기도 시흥시 정왕동 2166-4 홈플러스시화점 2층호,15081,051-246-2775,37.3452082082,126.725237369,즉석판매제조가공업,즉석판매제조가공업,,,,N,,
,경기도 시흥시 오이도어시장로 8,경기도 시흥시 정왕동 2005-3 오이도어시장 B동 90호,15015,031-484-7380,37.3446490932,126.6888897946,즉석판매제조가공업,즉석판매제조가공업,,,0,N,,
,경기도 시흥시 비둘기공원로 28,경기도 시흥시 대야동 542,14912,,37.4430368253,126.7919559438,즉석판매제조가공업,즉석판매제조가공업,,상수도전용,0,N,,
,"경기도 시흥시 서울대학로278번길 67 (정왕동, 롯데마트시흥배곧점)",경기도 시흥시 정왕동 1771-1,15011,,37.3688907319,126.7313182505,즉석판매제조가공업,즉석판매제조가공업,,,,N,,
,"경기도 시흥시 시흥대로1074번길 10, 삼성홈타운상가동 상가동 1층 105호 (은행동)",경기도 시흥시 은행동 289-11 삼성홈타운상가동,14921,,37.4314932205,126.7939296775,즉석판매제조가공업,즉석판매제조가공업,,,,N,,
,"경기도 시흥시 희망공원로 269, 홈플러스시화점 2층 일부호 (정왕동)",경기도 시흥시 정왕동 2166-4 홈플러스시화점 2층 일부호,15081,031-311-4992,37.3452082082,126.725237369,즉석판매제조가공업,즉석판매제조가공업,,,,N,,
,"경기도 시흥시 정왕대로233번길 38, 1층 일부(102)호 (정왕동)",경기도 시흥시 정왕동 1599,15056,031-496-0075,37.3478776247,126.7421454692,즉석판매제조가공업,즉석판매제조가공업,,,,N,,
,경기도 시흥시 월곶해안로 133,경기도 시흥시 월곶동 1013-12 107호,14963,031-435-9096,37.3876563066,126.7353628154,즉석판매제조가공업,즉석판매제조가공업,,,0,N,,
,"경기도 시흥시 정왕대로 210 (정왕동, 시화이마트 2층)",경기도 시흥시 정왕동 1734-1 이마트시화점 2층 내,15066,,37.3459328804,126.7368812651,즉석판매제조가공업,즉석판매제조가공업,,,0,N,,
,"경기도 시흥시 정왕대로 210, E MART시화점 2층 (정왕동)",경기도 시흥시 정왕동 1734-2 E MART시화점 2층호,15066,,37.3459328804,126.7368812651,즉석판매제조가공업,즉석판매제조가공업,,,,N,,
,"경기도 시흥시 옥구천동로 402, gs슈퍼마켓 지하1층 일부호 (정왕동)",경기도 시흥시 정왕동 1873-3 월드아파트,15027,,37.3567512193,126.7302225709,즉석판매제조가공업,즉석판매제조가공업,,,,N,,
,"경기도 시흥시 서울대학로 77, 골드테크노밸리 1층 144-1호 (배곧동)",경기도 시흥시 배곧동 294-1 골드테크노밸리,15012,,37.3580196951,126.7093535449,즉석판매제조가공업,즉석판매제조가공업,,,0,N,,
,"경기도 시흥시 하중로 207, 106호 (하중동)",경기도 시흥시 하중동 857-6 106호,14976,031-317-1686,37.3932808722,126.8054950992,즉석판매제조가공업,즉석판매제조가공업,,,0,N,,
,경기도 시흥시 비둘기공원로 28,경기도 시흥시 대야동 542 GS마트시흥점,14912,,37.4430368253,126.7919559438,즉석판매제조가공업,즉석판매제조가공업,,,,N,,
,"경기도 시흥시 배곧1로 27-15, 지하층 (배곧동, 한라비발디캠퍼스)",경기도 시흥시 배곧동 243 한라비발디캠퍼스,15011,,37.3636798562,126.7119931155,즉석판매제조가공업,즉석판매제조가공업,,,,N,,
,"경기도 시흥시 대은로 92, 대양빌딩 4층 402호 (은행동)",경기도 시흥시 은행동 531-5 대양빌딩,14917,,37.4449334866,126.7986419146,즉석판매제조가공업,즉석판매제조가공업,,,,N,,
,"경기도 시흥시 희망공원로 269, 2층 (정왕동, 홈플러스시화점)",경기도 시흥시 정왕동 2166-4 홈플러스시화점 2층,15081,070-5003-6564,37.3452082082,126.725237369,즉석판매제조가공업,즉석판매제조가공업,,,0,N,,
,"경기도 시흥시 수인로3413번길 19, 1층 (신천동)",경기도 시흥시 신천동 748-11 1층,14947,,37.4402206811,126.7793782404,즉석판매제조가공업,즉석판매제조가공업,,,0,N,,
,"경기도 시흥시 희망공원로 269 (정왕동, 홈플러스시화점2층)",경기도 시흥시 정왕동 2166-4 홈플러스시화점2층,15081,031-310-8000,37.3452082082,126.725237369,즉석판매제조가공업,즉석판매제조가공업,,,,N,,
,"경기도 시흥시 서울대학로278번길 67, 시흥배곧 롯데마트 1층 (정왕동)",경기도 시흥시 정왕동 2537 시흥배곧 롯데마트,15011,070-4300-9589,37.3688907319,126.7313182505,즉석판매제조가공업,즉석판매제조가공업,,,,N,,
,"경기도 시흥시 월곶해안로 133 (월곶동,화신시장 57호,58호,59호)","경기도 시흥시 월곶동 1013-12 화신시장 57호,58호,59호",14963,031-404-2445,37.3876563066,126.7353628154,즉석판매제조가공업,즉석판매제조가공업,,,0,N,,
,"경기도 시흥시 마유로238번길 26, 1층 일부호 (정왕동)",경기도 시흥시 정왕동 1366-4,15079,032-561-5209,37.3376271419,126.7306774357,즉석판매제조가공업,즉석판매제조가공업,,,,N,,
,"경기도 시흥시 동서로 706-58, 안산연꽃지점 하나로마트 일부호 (물왕동)",경기도 시흥시 물왕동 349-2 안산농협 영농자원센터,14993,,37.3838533611,126.827462028,즉석판매제조가공업,즉석판매제조가공업,,,,N,,
,"경기도 시흥시 정왕대로 56, 세종월드 빌딩 208호 (정왕동)",경기도 시흥시 정왕동 1861-1 세종월드 빌딩,15040,,37.3545138727,126.7230302519,즉석판매제조가공업,즉석판매제조가공업,,,,N,,
,"경기도 시흥시 배곧1로 27-15 (배곧동, 한라비발디캠퍼스)",경기도 시흥시 배곧동 243 한라비발디캠퍼스,15011,,37.362284643,126.7122787254,즉석판매제조가공업,즉석판매제조가공업,,,,N,,
,"경기도 시흥시 오이도로 167, A동 43호 (정왕동, 오이도수산물직판장)",경기도 시흥시 정왕동 2003-8 오이도수산물직판장 A동 43호,15015,031-499-6977,37.3458883179,126.6882103529,즉석판매제조가공업,즉석판매제조가공업,,,,N,,
,"경기도 시흥시 수인로3312번길 16, T동 지3층 T118호 일부호 (대야동, 시흥 센트럴 푸르지오)",경기도 시흥시 대야동 693 시흥 센트럴 푸르지오,14911,031-520-1155,37.4413231865,126.7902764284,즉석판매제조가공업,즉석판매제조가공업,,,,N,,
,"경기도 시흥시 은계호수로 49, 시흥 센트럴돔 그랑트리 캐슬 B020호 (은행동)",경기도 시흥시 은행동 605 시흥 센트럴돔 그랑트리 캐슬,14923,,37.4458457243,126.8020023203,즉석판매제조가공업,즉석판매제조가공업,,,,N,,
,"경기도 시흥시 서울대학로278번길 25-24, 다인로얄팰리스배곧1차 2층 213호 (정왕동)",경기도 시흥시 정왕동 1771-1 다인로얄팰리스배곧1차 213호,15011,,37.3695195634,126.7296065017,즉석판매제조가공업,즉석판매제조가공업,,,,N,,
,"경기도 시흥시 협력로 281, 메가폴리스 C동 1층 113호 (정왕동)",경기도 시흥시 정왕동 2164-2 메가폴리스,15080,,37.3520978048,126.7147788697,즉석판매제조가공업,즉석판매제조가공업,,,,N,,
,"경기도 시흥시 오이도로 167, A동 73호 (정왕동, 오이도수산물직판장)",경기도 시흥시 정왕동 2003-8,15015,031-433-5884,37.3458883179,126.6882103529,즉석판매제조가공업,즉석판매제조가공업,,,,N,,
,"경기도 시흥시 서울대학로278번길 25-32, 다인로얄팰리스 배곧2차 1층 105호 일부호 (배곧동)",경기도 시흥시 배곧동 198-2 다인로얄팰리스 배곧2차,15011,,37.3692022673,126.7293274077,즉석판매제조가공업,즉석판매제조가공업,,,0,N,,
,"경기도 시흥시 은계번영길 27, 시티파크 2층 212호 일부호 (은행동)",경기도 시흥시 은행동 646-12 시티파크,14922,,37.4365371908,126.8039538936,즉석판매제조가공업,즉석판매제조가공업,,,,N,,
,경기도 시흥시 정왕대로 210,경기도 시흥시 정왕동 1734-1,15066,031-409-3600,37.3459328804,126.7368812651,즉석판매제조가공업,즉석판매제조가공업,,,0,N,,
,,경기도 시흥시 정왕동 1203 정왕재래시장(내) 정육코너,15119,031-319-5530,,,즉석판매제조가공업,즉석판매제조가공업,,,0,N,,
,"경기도 시흥시 시청로72번길 11-4, 1층 (장현동)",경기도 시흥시 장현동 535-6 1층,14998,031-506-4677,37.3816230537,126.8003728315,즉석판매제조가공업,즉석판매제조가공업,,,0,N,,
,"경기도 시흥시 은행로 149 (은행동, 만경(빌)1층)",경기도 시흥시 은행동 530-3 만경(빌)1층,14917,031-318-2040,37.4444053361,126.7992573088,즉석판매제조가공업,즉석판매제조가공업,,,0,N,,
,경기도 시흥시 삼미시장2길 39,경기도 시흥시 신천동 737-14,14948,,37.4402590238,126.784204789,즉석판매제조가공업,즉석판매제조가공업,,,,N,,
,"경기도 시흥시 신천천동로 25, 1층 104호 (신천동)",경기도 시흥시 신천동 762-3,14949,,37.4382771101,126.7843819222,즉석판매제조가공업,즉석판매제조가공업,,,,N,,
,"경기도 시흥시 배곧4로 32-28, 2층 217호 일부호 (배곧동)",경기도 시흥시 배곧동 119,15010,,37.378166878,126.7259601659,즉석판매제조가공업,즉석판매제조가공업,,,,N,,
,"경기도 시흥시 배곧4로 81-39, 상가동 1층 107호 (배곧동, 시흥배곧신도시 대방노블랜드 엘리트시티)",경기도 시흥시 배곧동 47 시흥배곧신도시 대방노블랜드 엘리트시티,15010,,37.3753283168,126.7371708586,즉석판매제조가공업,즉석판매제조가공업,,,,N,,
,"경기도 시흥시 하중로 227-1, 연성프라자 1층 103호 일부호 (하중동)",경기도 시흥시 하중동 866-3 연성프라자,14976,,37.3914919598,126.8063136865,즉석판매제조가공업,즉석판매제조가공업,,,,N,,
,"경기도 시흥시 매화1로 3, 1층 (매화동)",경기도 시흥시 매화동 199-1 1층,14940,,37.4156165772,126.8147474794,즉석판매제조가공업,즉석판매제조가공업,,,0,N,,
,"경기도 시흥시 수인로 2323, 2층 (목감동)",경기도 시흥시 목감동 235-2 2층호,14984,,37.3866531893,126.8626473949,즉석판매제조가공업,즉석판매제조가공업,,,,N,,
,"경기도 시흥시 비둘기공원로 28, 롯데마트 시흥점 2층 일부호 (대야동)",경기도 시흥시 대야동 542 롯데마트 시흥점,14912,031-435-7500,37.4430368253,126.7919559438,즉석판매제조가공업,즉석판매제조가공업,,,0,N,,
,경기도 시흥시 오이도로 173,경기도 시흥시 정왕동 2003-12 오이도직판장 B-165호,15015,031-499-3244,37.3454457514,126.6880796381,즉석판매제조가공업,즉석판매제조가공업,,,0,N,,
,경기도 시흥시 군서로18번길 13 (정왕동),경기도 시흥시 정왕동 1191-7,15052,,37.3455142609,126.7503544792,즉석판매제조가공업,즉석판매제조가공업,,,,N,,
,"경기도 시흥시 희망공원로 269, 2층 (정왕동, 홈플러스시화점)",경기도 시흥시 정왕동 2166-4 홈플러스시화점 2층,15081,,37.3452082082,126.725237369,즉석판매제조가공업,즉석판매제조가공업,,,0,N,,
,"경기도 시흥시 인선길 46, 115호 (장곡동)",경기도 시흥시 장곡동 811-3,15002,031-435-5580,37.3775561661,126.7835248245,즉석판매제조가공업,즉석판매제조가공업,,상수도전용,,N,,
,"경기도 시흥시 서울대학로278번길 67 (정왕동, 롯데마트 배곧점)",경기도 시흥시 정왕동 1771-1 롯데마트배곧점,15011,,37.3688907319,126.7313182505,즉석판매제조가공업,즉석판매제조가공업,,,,N,,
,"경기도 시흥시 오이도어시장로 7, A동 133,134호 (정왕동)","경기도 시흥시 정왕동 2004-3 A동 133,134호",15015,031-499-5977,37.3451101492,126.6890880534,즉석판매제조가공업,즉석판매제조가공업,,,0,N,,
,"경기도 시흥시 옥구천동로 402, gs슈퍼마켓 (정왕동)",경기도 시흥시 정왕동 1873-3 월드아파트,15027,,37.3567512193,126.7302225709,즉석판매제조가공업,즉석판매제조가공업,,,,N,,
,경기도 시흥시 도일로102번길 5-11 (거모동),경기도 시흥시 거모동 1659-18,15069,031-494-7169,37.339935373,126.7839162428,즉석판매제조가공업,즉석판매제조가공업,,,0,N,,
,"경기도 시흥시 서울대학로278번길 67, 시흥배곧 롯데마트 1층 일부호 (배곧동)",경기도 시흥시 배곧동 202 시흥배곧 롯데마트,15011,031-528-9227,37.3688907319,126.7313182505,즉석판매제조가공업,즉석판매제조가공업,,,,N,,
,"경기도 시흥시 사미길 37, 1층 일부호 (거모동)",경기도 시흥시 거모동 269,15004,,37.363811991,126.7749262149,즉석판매제조가공업,즉석판매제조가공업,,,,N,,
,"경기도 시흥시 하중로221번길 12-3, 1층 일부호 (하중동)",경기도 시흥시 하중동 869-6,14976,02-898-0112,37.3919758824,126.8073711465,즉석판매제조가공업,즉석판매제조가공업,,,,N,,
,경기도 시흥시 큰솔로12번안길 18,경기도 시흥시 정왕동 1404,15060,031-431-3461,37.3397971897,126.7528271886,즉석판매제조가공업,즉석판매제조가공업,,,0,N,,
,경기도 시흥시 마유로238번길 26,경기도 시흥시 정왕동 1366-4 GS마트내,15079,,37.3376271419,126.7306774357,즉석판매제조가공업,즉석판매제조가공업,,,0,N,,
,"경기도 시흥시 희망공원로 269, 2층 (정왕동, 홈플러스 시화점)",경기도 시흥시 정왕동 2166-4 홈플러스 시화점 2층,15081,,37.3452082082,126.725237369,즉석판매제조가공업,즉석판매제조가공업,,,,N,,
,"경기도 시흥시 희망공원로 269, 2층 (정왕동, 홈플러스시화점)",경기도 시흥시 정왕동 2166-4 홈플러스시화점 2층,15081,,37.3452082082,126.725237369,즉석판매제조가공업,즉석판매제조가공업,,,,N,,
,"경기도 시흥시 목실길 45 (능곡동, 1층 일부)",경기도 시흥시 능곡동 561 1층 일부,14994,,37.3715793211,126.8137929864,즉석판매제조가공업,즉석판매제조가공업,,,,N,,
,"경기도 시흥시 은계중앙로 115, 지에스더프레시 시흥은계점 수산코너 일부호 (은행동, 시흥은계우미린더퍼스트)",경기도 시흥시 은행동 621 시흥은계우미린더퍼스트,14923,,37.441483793,126.8021106675,즉석판매제조가공업,즉석판매제조가공업,,,,N,,
,"경기도 시흥시 정왕대로 210, 1층 (정왕동)",경기도 시흥시 정왕동 1734-2 E MART시화점,15066,,37.3459328804,126.7368812651,즉석판매제조가공업,즉석판매제조가공업,,,,N,,
,"경기도 시흥시 능곡로 182, 신성프라자 1층 일부호 (능곡동)",경기도 시흥시 능곡동 753 신성프라자,14995,031-791-5618,37.3682632809,126.8108643032,즉석판매제조가공업,즉석판매제조가공업,,,,N,,
,"경기도 시흥시 정왕대로 210, E MART시화점 (정왕동)",경기도 시흥시 정왕동 1734-2 E MART시화점,15066,053-850-9853,37.3459328804,126.7368812651,즉석판매제조가공업,즉석판매제조가공업,,,,N,,
,"경기도 시흥시 배곧1로 27-15, 지하 1층 일부호 (배곧동, 한라비발디캠퍼스)",경기도 시흥시 배곧동 243 한라비발디캠퍼스,15011,,37.3636798562,126.7119931155,즉석판매제조가공업,즉석판매제조가공업,,,,N,,
,"경기도 시흥시 군서로36번길 16-1, 1층 일부호 (정왕동)",경기도 시흥시 정왕동 1188-15 1층일부호,15052,,37.3466336706,126.7492030419,즉석판매제조가공업,즉석판매제조가공업,,,,N,,
,"경기도 시흥시 월곶중앙로 58, 중앙프라자 3층 306호 (월곶동)",경기도 시흥시 월곶동 1009-2 중앙프라자,14966,,37.3889417408,126.7390098298,즉석판매제조가공업,즉석판매제조가공업,,,,N,,
,"경기도 시흥시 중심상가2길 12-6, 한강프라자 2층 204호 일부호 (정왕동)",경기도 시흥시 정왕동 1736-3 한강프라자,15066,,37.3453159826,126.73626656,즉석판매제조가공업,즉석판매제조가공업,,,,N,,
,"경기도 시흥시 삼미시장2길 39, 산천리교회 1층 일부호 (신천동)",경기도 시흥시 신천동 737-14 산천리교회,14948,,37.4402590238,126.784204789,즉석판매제조가공업,즉석판매제조가공업,,,0,N,,
,경기도 시흥시 마유로238번길 26,경기도 시흥시 정왕동 1366-4 롯데마트 1층,15079,,37.3376271419,126.7306774357,즉석판매제조가공업,즉석판매제조가공업,,,,N,,
,경기도 시흥시 정왕시장길 51 (정왕동),경기도 시흥시 정왕동 1203,15052,,37.3458093904,126.7485677164,즉석판매제조가공업,즉석판매제조가공업,,,0,N,,
,"경기도 시흥시 함송로13번길 27, 서우마트 1층 일부호 (정왕동)",경기도 시흥시 정왕동 1878-2,15020,,37.3651101625,126.7321134465,즉석판매제조가공업,즉석판매제조가공업,,,,N,,
,"경기도 시흥시 함송로14번길 5-8, 포란빌딩 4층 401호 일부호 (정왕동)",경기도 시흥시 정왕동 1884-1 포란빌딩,15020,,37.3632554908,126.7296705477,즉석판매제조가공업,즉석판매제조가공업,,,,N,,
,"경기도 시흥시 서해안로 699, 시흥 프리미엄 아울렛 부출입구 앞 도로 행사장 (배곧동)",경기도 시흥시 배곧동 36 시흥 프리미엄 아울렛,15010,,37.3796992102,126.7370588161,즉석판매제조가공업,즉석판매제조가공업,,,0,N,,
,경기도 시흥시 논곡길 6 (논곡동),경기도 시흥시 논곡동 242-2,14982,031-405-0836,37.3940423488,126.8556143649,즉석판매제조가공업,즉석판매제조가공업,,,0,N,,
,"경기도 시흥시 목감둘레로 253-24, 이지움 더테라스 1층 119호 (조남동)",경기도 시흥시 조남동 707-1 이지움 더테라스,14986,,37.380972798,126.8606510065,즉석판매제조가공업,즉석판매제조가공업,,,,N,,
,"경기도 시흥시 정왕대로233번길 34, 삼호빌딩 2층 201호 일부호 (정왕동)",경기도 시흥시 정왕동 1600 삼호빌딩,15056,,37.3475783836,126.7418662192,즉석판매제조가공업,즉석판매제조가공업,,,,N,,
,경기도 시흥시 대은로104번길 40,경기도 시흥시 은행동 539-5 1층,14916,031-314-3339,37.4423549092,126.8000451429,즉석판매제조가공업,즉석판매제조가공업,,,0,N,,
,"경기도 시흥시 능곡번영길 24, 1층 106호 (능곡동)",경기도 시흥시 능곡동 산 27-1,14999,,37.3700640279,126.8074371254,즉석판매제조가공업,즉석판매제조가공업,,,,N,,
,"경기도 시흥시 월곶중앙로70번길 3, 풍림프라자 123호 (월곶동)",경기도 시흥시 월곶동 1010-4 풍림프라자,14964,,37.3896123363,126.7381671017,즉석판매제조가공업,즉석판매제조가공업,,,,N,,
,경기도 시흥시 마유로238번길 26,경기도 시흥시 정왕동 1366-4,15079,031-496-7700,37.3376271419,126.7306774357,즉석판매제조가공업,즉석판매제조가공업,,,0,N,,
,"경기도 시흥시 정왕대로 210 (정왕동, 이마트시화점)",경기도 시흥시 정왕동 1734-2 이마트시화점,15066,031-858-1226,37.3459328804,126.7368812651,즉석판매제조가공업,즉석판매제조가공업,,,,N,,
,"경기도 시흥시 배곧4로 32-13, 이마트에브리데이 일부호 (정왕동)",경기도 시흥시 정왕동 2477-3,15010,070-7567-6565,37.376956103,126.7268874805,즉석판매제조가공업,즉석판매제조가공업,,,,N,,
,경기도 시흥시 진말로 36,경기도 시흥시 장곡동 0-0 4블럭1롯트진말우성@113동402호,15002,,37.3809010673,126.7866444013,즉석판매제조가공업,즉석판매제조가공업,,,0,N,,
,"경기도 시흥시 마유로238번길 26, 1층 (정왕동, 롯데마트시화점)",경기도 시흥시 정왕동 1366-3,15079,,37.3376271419,126.7306774357,즉석판매제조가공업,즉석판매제조가공업,,,,N,,
,경기도 시흥시 은행로149번길 8,경기도 시흥시 은행동 533,14917,031-312-7477,37.4443110478,126.798557286,즉석판매제조가공업,즉석판매제조가공업,,,0,N,,
,"경기도 시흥시 오이도어시장로 8 (정왕동, 159-160호)",경기도 시흥시 정왕동 2005-3 159-160호,15015,031-319-2322,37.3446490932,126.6888897946,즉석판매제조가공업,즉석판매제조가공업,,,0,N,,
,"경기도 시흥시 시청로68번길 4, 1층 119호 (장현동, 장현1 엔플러스빌)",경기도 시흥시 장현동 541-4 장현1 엔플러스빌,14998,031-506-3959,37.3804882622,126.8005302128,즉석판매제조가공업,즉석판매제조가공업,,,0,N,,
,"경기도 시흥시 삼미시장2길 36 (신천동,,14)","경기도 시흥시 신천동 739-13 ,14",14948,031-314-0013,37.4401574151,126.7837988042,즉석판매제조가공업,즉석판매제조가공업,,,0,N,,
,경기도 시흥시 마유로238번길 26,경기도 시흥시 정왕동 1366-4 LG마트내,15079,031-896-3893,37.3376271419,126.7306774357,즉석판매제조가공업,즉석판매제조가공업,,,0,N,,
,"경기도 시흥시 정왕대로 210 (정왕동, 이마트매장)",경기도 시흥시 정왕동 1734-1 이마트매장,15066,031-557-0611,37.3459328804,126.7368812651,즉석판매제조가공업,즉석판매제조가공업,,,0,N,,
,경기도 시흥시 마유로238번길 26,경기도 시흥시 정왕동 1366-4 롯데마트시화점,15079,,37.3376271419,126.7306774357,즉석판매제조가공업,즉석판매제조가공업,,,,N,,
,"경기도 시흥시 대은로 52, 비둘기공원 일원 (은행동)",경기도 시흥시 은행동 551 비둘기공원 (공중화장실),14919,,37.4419325921,126.7942046426,즉석판매제조가공업,즉석판매제조가공업,,,,N,,
,"경기도 시흥시 정왕대로233번길 19-1, 청년스테이션 앞 공터 (정왕동)",경기도 시흥시 정왕동 1799-4 카페더 피치,15055,,37.3467018376,126.7387137819,즉석판매제조가공업,즉석판매제조가공업,,,0,N,,
,경기도 시흥시 호현로22번길 13,경기도 시흥시 신천동 709-19,14910,031-693-0766,37.4413332305,126.7859580454,즉석판매제조가공업,즉석판매제조가공업,,,0,N,,
,경기도 시흥시 삼미시장2길 35 (신천동),경기도 시흥시 신천동 738-4,14948,031-313-1899,37.4404099175,126.7838190062,즉석판매제조가공업,즉석판매제조가공업,,,0,N,,
,"경기도 시흥시 마유로238번길 26, 롯데마트시화점 1층 (정왕동)",경기도 시흥시 정왕동 1366-4,15079,,37.3376271419,126.7306774357,즉석판매제조가공업,즉석판매제조가공업,,,,N,,
,"경기도 시흥시 배곧2로 25, 배곧생명공원 일대 (배곧동)",경기도 시흥시 배곧동 187 배곧생명공원 관리사무소,15010,,37.3713951834,126.721467027,즉석판매제조가공업,즉석판매제조가공업,,,,N,,
,"경기도 시흥시 대골안길 37, 1층 일부호 (대야동)",경기도 시흥시 대야동 467,14905,031-311-1374,37.4462716703,126.7887826228,즉석판매제조가공업,즉석판매제조가공업,,,,N,,
,"경기도 시흥시 신천2길 7, 1층 (신천동)",경기도 시흥시 신천동 758-3,14948,031-314-9787,37.4390272442,126.7817409309,즉석판매제조가공업,즉석판매제조가공업,,,0,N,,
,경기도 시흥시 함송로 24,"경기도 시흥시 정왕동 1882-4 지하 101,102호",15020,,37.3632151301,126.7303936899,즉석판매제조가공업,즉석판매제조가공업,,,0,N,,
,,경기도 시흥시 대야동 542 GS마트 시흥점,,031-318-6413,,,즉석판매제조가공업,즉석판매제조가공업,,,0,N,,
,경기도 시흥시 정왕천로411번길 34,경기도 시흥시 정왕동 1188-10 101호,15052,,37.3462090505,126.7490492084,즉석판매제조가공업,즉석판매제조가공업,,,0,N,,
,"경기도 시흥시 호현로49번길 15, 1층 (신천동, 일부)",경기도 시흥시 신천동 704-42번지 1층 일부,14904,070-8888-3867,37.4443288808,126.7834990302,즉석판매제조가공업,즉석판매제조가공업,,,0,N,,
,경기도 시흥시 희망공원로 269,경기도 시흥시 정왕동 2166-4 홈플러스 2층,15081,031-310-8000,37.3452082082,126.725237369,즉석판매제조가공업,즉석판매제조가공업,,,0,N,,
,"경기도 시흥시 월곶해안로 133 (월곶동, 화신수산76-78호)",경기도 시흥시 월곶동 1013-12 화신수산76-78호,14963,031-318-3211,37.3876563066,126.7353628154,즉석판매제조가공업,즉석판매제조가공업,,,0,N,,
,경기도 시흥시 비둘기공원로 28,경기도 시흥시 대야동 542 롯데마트 시흥점,14912,,37.4430368253,126.7919559438,즉석판매제조가공업,즉석판매제조가공업,,,,N,,
,"경기도 시흥시 목감둘레로 253-24, 이지움 더테라스 2층 204호 일부호 (조남동)",경기도 시흥시 조남동 707-1 이지움 더테라스,14986,,37.380972798,126.8606510065,즉석판매제조가공업,즉석판매제조가공업,,,,N,,
,경기도 시흥시 군자로 18-3 (월곶동),경기도 시흥시 월곶동 478-4,15006,,37.3815031282,126.7613821366,즉석판매제조가공업,즉석판매제조가공업,,,,N,,
,"경기도 시흥시 월곶중앙로30번안길 33, 빅마트 월곶점 (월곶동)",경기도 시흥시 월곶동 1008-1,14966,,37.3902167213,126.7396408538,즉석판매제조가공업,즉석판매제조가공업,,,0,N,,
,,경기도 시흥시 매화동 200-5,14940,031-315-6885,37.4160292165,126.8144047009,즉석판매제조가공업,즉석판매제조가공업,,,0,N,,
,"경기도 시흥시 오이도어시장로 7, 1층 179,188,189,190호 (정왕동)","경기도 시흥시 정왕동 2004-3 179,188,189,190호",15015,031-433-7930,37.3451101492,126.6890880534,즉석판매제조가공업,즉석판매제조가공업,,,,N,,
,경기도 시흥시 마유로238번길 26,경기도 시흥시 정왕동 1366-4,15079,02-267-8728,37.3376271419,126.7306774357,즉석판매제조가공업,즉석판매제조가공업,,,,N,,
,경기도 시흥시 정왕대로 210,경기도 시흥시 정왕동 1734-1 E마트 2층,15066,,37.3459328804,126.7368812651,즉석판매제조가공업,즉석판매제조가공업,,,,N,,
,"경기도 시흥시 대은로 86, 104호 (은행동)",경기도 시흥시 은행동 535 104호,14917,031-311-3454,37.4444786717,126.7979452566,즉석판매제조가공업,즉석판매제조가공업,,,0,N,,
,"경기도 시흥시 신현로38번길 26, 1층 일부호 (포동)",경기도 시흥시 포동 13-22,14957,,37.4075838799,126.7840638121,즉석판매제조가공업,즉석판매제조가공업,,,,N,,
,"경기도 시흥시 중심상가4길 24-1, 5층 (정왕동)",경기도 시흥시 정왕동 1744-2 나라빌딩,15066,,37.3433296956,126.7371559822,즉석판매제조가공업,즉석판매제조가공업,,,,N,,
,경기도 시흥시 군자로504번길 1,경기도 시흥시 거모동 1742-1 영성할인마트,15070,031-494-9044,37.3449417984,126.7845460989,즉석판매제조가공업,즉석판매제조가공업,,,0,N,,
,,경기도 시흥시 거모동 1576-5,15068,031-495-6566,,,즉석판매제조가공업,즉석판매제조가공업,,,0,N,,
,"경기도 시흥시 거북섬둘레길 5-7, 1층 90,101,102호 (정왕동)",경기도 시흥시 정왕동 2706-11,15119,,37.3254650696,126.6754275446,즉석판매제조가공업,즉석판매제조가공업,,,,N,,
,경기도 시흥시 마유로238번길 26 (정왕동),경기도 시흥시 정왕동 1366-4 롯데마트 1층,15079,,37.3376271419,126.7306774357,즉석판매제조가공업,즉석판매제조가공업,,,,N,,
,경기도 시흥시 오이도중앙로 32-1 (정왕동),경기도 시흥시 정왕동 1999-8,15015,031-434-7567,37.3453033675,126.6896617622,즉석판매제조가공업,즉석판매제조가공업,,,0,N,,
,"경기도 시흥시 군자로 498, 1층 (거모동)",경기도 시흥시 거모동 1733-4 1층,15071,031-494-9044,37.3455989425,126.7844043832,즉석판매제조가공업,즉석판매제조가공업,,,0,N,,
,"경기도 시흥시 서울대학로278번길 61, 서영베니스스퀘어 2층 255호 일부호 (배곧동)",경기도 시흥시 배곧동 204 서영베니스스퀘어,15011,,37.3681926149,126.7306929431,즉석판매제조가공업,즉석판매제조가공업,,,,N,,
,"경기도 시흥시 서울대학로264번길 12, 208동 2층 B-246(일부)호 (배곧동, 시흥배곧 C2블럭 호반 써밋플레이스 아파트)",경기도 시흥시 배곧동 221 시흥배곧 C2블럭 호반 써밋플레이스 아파트,,031-503-3750,,,즉석판매제조가공업,즉석판매제조가공업,,,,N,,
,"경기도 시흥시 서울대학로278번길 67, 시흥배곧 롯데마트 1층 일부호 (배곧동)",경기도 시흥시 배곧동 202 시흥배곧 롯데마트,15011,051-831-5711,37.3688907319,126.7313182505,즉석판매제조가공업,즉석판매제조가공업,,,,N,,
,"경기도 시흥시 배곧1로 27-15, 상가1동 지하층 101 일부호 (정왕동, 한라비발디캠퍼스)",경기도 시흥시 정왕동 2566 한라비발디캠퍼스,15011,,37.3636798562,126.7119931155,즉석판매제조가공업,즉석판매제조가공업,,,,N,,
,경기도 시흥시 문화마을로16번길 69,경기도 시흥시 대야동 463-9,14905,,37.4467524637,126.7863022249,즉석판매제조가공업,즉석판매제조가공업,,,0,N,,
,"경기도 시흥시 중심상가2길 12-6, 한강프라자 2층 204호 일부호 (정왕동)",경기도 시흥시 정왕동 1736-3 한강프라자,15066,031-433-8771,37.3453159826,126.73626656,즉석판매제조가공업,즉석판매제조가공업,,,0,N,,
,"경기도 시흥시 옥구상가1길 23, 1층 일부호 (정왕동)",경기도 시흥시 정왕동 1853-1,15040,,37.3531615743,126.7216215072,즉석판매제조가공업,즉석판매제조가공업,,,0,N,,
,경기도 시흥시 오이도어시장로 7,"경기도 시흥시 정왕동 2004-3 213,214,215,216호",15015,,37.3451101492,126.6890880534,즉석판매제조가공업,즉석판매제조가공업,,,0,N,,
,"경기도 시흥시 배곧3로 80, 센터프라자 1층 102호 일부호 (배곧동)",경기도 시흥시 배곧동 194-1 센터프라자,15011,,37.3705347264,126.7290879019,즉석판매제조가공업,즉석판매제조가공업,,,0,N,,
,"경기도 시흥시 오이도어시장로 7 (정왕동, 가-169)",경기도 시흥시 정왕동 2004-3 가-169,15015,,37.3451101492,126.6890880534,즉석판매제조가공업,즉석판매제조가공업,,,0,N,,
,경기도 시흥시 정왕대로 210 (정왕동),경기도 시흥시 정왕동 1734-1 이마트 2층,15066,,37.3459328804,126.7368812651,즉석판매제조가공업,즉석판매제조가공업,,,,N,,
,경기도 시흥시 은행로173번길 7,경기도 시흥시 대야동 576 117호,14914,031-442-2011,37.4454681618,126.797608164,즉석판매제조가공업,즉석판매제조가공업,,,,N,,
,경기도 시흥시 함송로13번길 16-8 (정왕동),경기도 시흥시 정왕동 1881-1,15020,031-432-6780,37.3643510855,126.731816276,즉석판매제조가공업,즉석판매제조가공업,,,0,N,,
,"경기도 시흥시 정왕신길로49번길 19, 111호 (정왕동, 서해아파트 상가동)",경기도 시흥시 정왕동 1886-4 서해아파트 상가동 111호,15021,,37.3596616918,126.7273133546,즉석판매제조가공업,즉석판매제조가공업,,,,N,,
,"경기도 시흥시 승지로60번길 32, 성광프라자 6층 (능곡동)",경기도 시흥시 능곡동 751 성광프라자,14995,,37.3684565045,126.8115401451,즉석판매제조가공업,즉석판매제조가공업,,,,N,,
,경기도 시흥시 월곶해안로 133,경기도 시흥시 월곶동 1013-12 108호,14963,031-318-9096,37.3876563066,126.7353628154,즉석판매제조가공업,즉석판매제조가공업,,,0,N,,
,"경기도 시흥시 희망공원로 269, 홈플러스시화점 2층 식품매장내 일부호 (정왕동)",경기도 시흥시 정왕동 2166-4 홈플러스시화점,15081,,37.3452082082,126.725237369,즉석판매제조가공업,즉석판매제조가공업,,,,N,,
,"경기도 시흥시 신천천동로 7, 두성빌딩 6층 일부호 (신천동)",경기도 시흥시 신천동 766-1 두성빌딩,14949,,37.4391898299,126.7862610145,즉석판매제조가공업,즉석판매제조가공업,,,,N,,
,"경기도 시흥시 시흥대로1074번길 5, 105호 (은행동, 스페이스타워, 롯데슈퍼시흥은행점내)",경기도 시흥시 은행동 288-1 105호,14921,070-8243-9974,37.4320543214,126.7936643149,즉석판매제조가공업,즉석판매제조가공업,,,,N,,
,"경기도 시흥시 오이도중앙로 73-1, 1층 (정왕동)",경기도 시흥시 정왕동 2037-7 1층,15015,031-431-8767,37.34160177,126.6887870989,즉석판매제조가공업,즉석판매제조가공업,,,0,N,,
,경기도 시흥시 수인로3077번길 55-1 (안현동),경기도 시흥시 안현동 307-1,14937,,37.4248535494,126.809758254,즉석판매제조가공업,즉석판매제조가공업,,,,N,,
,"경기도 시흥시 장현능곡로 155, 시흥 플랑드르 2층 2059호 (능곡동)",경기도 시흥시 능곡동 871 시흥 플랑드르,15121,,37.3710186339,126.8072928232,즉석판매제조가공업,즉석판매제조가공업,,,0,N,,
,"경기도 시흥시 진말로 5, 1층 일부호 (장곡동)",경기도 시흥시 장곡동 819-4,15002,,37.377792429,126.7853297563,즉석판매제조가공업,즉석판매제조가공업,,,,N,,
,"경기도 시흥시 정왕시장길 51, 1층 21호 (정왕동)",경기도 시흥시 정왕동 1203 1층 21호,15052,,37.3458093904,126.7485677164,즉석판매제조가공업,즉석판매제조가공업,,,,N,,
,경기도 시흥시 오이도로 167,경기도 시흥시 정왕동 2003-8 오이도직판장 55호,15015,,37.3458883179,126.6882103529,즉석판매제조가공업,즉석판매제조가공업,,,0,N,,
,"경기도 시흥시 배곧1로 27-15, 상가1동 지하1층 B101호 일부호 (배곧동, 한라비발디캠퍼스)",경기도 시흥시 배곧동 243 한라비발디캠퍼스,15011,,37.3636798562,126.7119931155,즉석판매제조가공업,즉석판매제조가공업,,,,N,,
,경기도 시흥시 월곶해안로 133,경기도 시흥시 월곶동 1013-12 97호,14963,,37.3876563066,126.7353628154,즉석판매제조가공업,즉석판매제조가공업,,,0,N,,
,"경기도 시흥시 장현능곡로 155, 지1층 B1033호 일부호 (능곡동)",경기도 시흥시 능곡동 235-1 장현지구 상업6BL,15121,,37.3710186339,126.8072928232,즉석판매제조가공업,즉석판매제조가공업,,,0,N,,
,경기도 시흥시 오이도로 167,경기도 시흥시 정왕동 2003-8 A동 20호,15015,031-497-8746,37.3458883179,126.6882103529,즉석판매제조가공업,즉석판매제조가공업,,,0,N,,
,"경기도 시흥시 마유로238번길 26, 롯데마트 시화점 지하1층 일부호 (정왕동)",경기도 시흥시 정왕동 1366-4,15079,,37.3376271419,126.7306774357,즉석판매제조가공업,즉석판매제조가공업,,,,N,,
,"경기도 시흥시 다솜마을2길 4, 화신프라자 1층 103호 (정왕동)",경기도 시흥시 정왕동 1801 화신프라자,15054,,37.3500382689,126.7403285317,즉석판매제조가공업,즉석판매제조가공업,,,,N,,
,"경기도 시흥시 비둘기공원로 28, 롯데마트 시흥점 2층 (대야동)",경기도 시흥시 대야동 542 롯데마트 시흥점,14912,02-3482-4792,37.4430368253,126.7919559438,즉석판매제조가공업,즉석판매제조가공업,,,0,N,,
,경기도 시흥시 대골안길 65,경기도 시흥시 대야동 489-10,14909,031-692-5373,37.4440826132,126.7874919841,즉석판매제조가공업,즉석판매제조가공업,,,0,N,,
,경기도 시흥시 오이도어시장로 7,경기도 시흥시 정왕동 2004-3 A동 54호,15015,02-985-4242,37.3451101492,126.6890880534,즉석판매제조가공업,즉석판매제조가공업,,,0,N,,
,,경기도 시흥시 정왕동 800-4,15048,,,,즉석판매제조가공업,즉석판매제조가공업,,,0,N,,
,,경기도 시흥시 정왕동 0 서해1차아파트 상가 지하1층 3호,15119,031-499-7380,,,즉석판매제조가공업,즉석판매제조가공업,,,0,N,,
,"경기도 시흥시 비둘기공원로 28, 롯데마트 시흥점 2층 일부호 (대야동)",경기도 시흥시 대야동 542 롯데마트 시흥점,14912,070-4707-0618,37.4430368253,126.7919559438,즉석판매제조가공업,즉석판매제조가공업,,,0,N,,
,"경기도 시흥시 매화1로 14-1, 2층 (매화동)",경기도 시흥시 매화동 246-4 2층,14940,031-318-0060,37.4155539086,126.8132676771,즉석판매제조가공업,즉석판매제조가공업,,,,N,,
,"경기도 시흥시 은행로167번길 7, 크리스탈빌딩 2층 201호,202호 (대야동)",경기도 시흥시 대야동 577-1 크리스탈빌딩,14914,,37.4452354341,126.7978816601,즉석판매제조가공업,즉석판매제조가공업,,,,N,,
,경기도 시흥시 도일로135번길 6 (거모동),경기도 시흥시 거모동 1754-6,15070,031-495-6879,37.3427323351,126.7843638484,즉석판매제조가공업,즉석판매제조가공업,,,2,N,,
,"경기도 시흥시 오이도로 173, B동 1층 1호 (정왕동)",경기도 시흥시 정왕동 2003-12 B동 1호,15015,,37.3454457514,126.6880796381,즉석판매제조가공업,즉석판매제조가공업,,,,N,,
,경기도 시흥시 오이도중앙로36번길 12,경기도 시흥시 정왕동 2002-11 성신수산 11-9호,15015,031-432-9288,37.3458642221,126.688639633,즉석판매제조가공업,즉석판매제조가공업,,,0,N,,
,경기도 시흥시 마유로238번길 26,경기도 시흥시 정왕동 1366-4 LG마트 (내),15079,031-484-7621,37.3376271419,126.7306774357,즉석판매제조가공업,즉석판매제조가공업,,,0,N,,
,경기도 시흥시 월곶해안로 133,경기도 시흥시 월곶동 1013-12 화신시장(98~102호),14963,031-318-8146,37.3876563066,126.7353628154,즉석판매제조가공업,즉석판매제조가공업,,,0,N,,
,"경기도 시흥시 오이도어시장로 8 (정왕동,오이도어시장 B동 106호)",경기도 시흥시 정왕동 2005-3 오이도어시장 B동 106호,15015,031-434-4060,37.3446490932,126.6888897946,즉석판매제조가공업,즉석판매제조가공업,,,0,N,,
,경기도 시흥시 군서로18번길 9-1,경기도 시흥시 정왕동 1200-1,15052,031-431-2819,37.3452875017,126.7501309341,즉석판매제조가공업,즉석판매제조가공업,,,0,N,,
,"경기도 시흥시 월곶중앙로 48, 111호 (월곶동,  유호아파트 상가)",경기도 시흥시 월곶동 1006-3 유호아파트 상가 111호,14966,,37.3885788895,126.7400527718,즉석판매제조가공업,즉석판매제조가공업,,,,N,,
,"경기도 시흥시 장곡로53번길 12, 롯데슈퍼 시흥장곡점 (장곡동)",경기도 시흥시 장곡동 807 숲속마을아파트,15002,,37.3783249969,126.7824783751,즉석판매제조가공업,즉석판매제조가공업,,,,N,,
,"경기도 시흥시 거북섬남로 47, 지1층 B101호 일부호 (정왕동)",경기도 시흥시 정왕동 2713-5,15119,031-432-5602,37.3225733848,126.6874002881,즉석판매제조가공업,즉석판매제조가공업,,,0,N,,
,,경기도 시흥시 대야동 542 GS마트 시흥점,,031-735-0880,,,즉석판매제조가공업,즉석판매제조가공업,,,,N,,
,"경기도 시흥시 비둘기공원로 28 (대야동,롯데마트시흥점 2층)",경기도 시흥시 대야동 542 롯데마트시흥점 2층,14912,031-338-7431,37.4430368253,126.7919559438,즉석판매제조가공업,즉석판매제조가공업,,,0,N,,
,경기도 시흥시 군서로36번길 19-1,경기도 시흥시 정왕동 1187-3,15052,,37.3470215932,126.7492556303,즉석판매제조가공업,즉석판매제조가공업,,,0,N,,
,"경기도 시흥시 장곡로53번길 3-1, 1층 일부호 (장곡동)",경기도 시흥시 장곡동 809-15,15002,031-311-5388,37.3790760335,126.7829569075,즉석판매제조가공업,즉석판매제조가공업,,,,N,,
,경기도 시흥시 희망공원로 269,경기도 시흥시 정왕동 2166-4 삼성홈플러스 식품매장,15081,,37.3452082082,126.725237369,즉석판매제조가공업,즉석판매제조가공업,,,,N,,
,"경기도 시흥시 정왕대로 210, E MART시화점 1층 일부호 (정왕동)",경기도 시흥시 정왕동 1734-2 E MART시화점,15066,,37.3459328804,126.7368812651,즉석판매제조가공업,즉석판매제조가공업,,,,N,,
,"경기도 시흥시 동서로 706-58, 안산농협 영농자원센터 일부호 (물왕동)",경기도 시흥시 물왕동 349-2 안산농협 영농자원센터,14993,,37.3838533611,126.827462028,즉석판매제조가공업,즉석판매제조가공업,,,,N,,
,"경기도 시흥시 서울대학로278번길 67, 시흥배곧 롯데마트 (배곧동)",경기도 시흥시 배곧동 202 시흥배곧 롯데마트,15011,055-544-0792,37.3688907319,126.7313182505,즉석판매제조가공업,즉석판매제조가공업,,,,N,,
,"경기도 시흥시 정왕대로 210, 2층 (정왕동)",경기도 시흥시 정왕동 1734-1,15066,,37.3459328804,126.7368812651,즉석판매제조가공업,즉석판매제조가공업,,,,N,,
,"경기도 시흥시 옥구천동로 402, GS슈퍼시흥정왕점 (정왕동)",경기도 시흥시 정왕동 1873-3 월드아파트,15027,,37.3567512193,126.7302225709,즉석판매제조가공업,즉석판매제조가공업,,,,N,,
,"경기도 시흥시 능곡군자1길 82, 1층 일부호 (군자동)",경기도 시흥시 군자동 807-9,14999,,37.3663026804,126.8054502238,즉석판매제조가공업,즉석판매제조가공업,,,,N,,
,"경기도 시흥시 대은로 16-4, 2층 일부호 (은행동)",경기도 시흥시 은행동 554-1,14919,,37.440241812,126.793327487,즉석판매제조가공업,즉석판매제조가공업,,,,N,,
,"경기도 시흥시 서울대학로278번길 67, 시흥배곧 롯데마트 1층 (배곧동)",경기도 시흥시 배곧동 202 시흥배곧 롯데마트,15011,02-563-9229,37.3688907319,126.7313182505,즉석판매제조가공업,즉석판매제조가공업,,,,N,,
,경기도 시흥시 매화2로 18 (매화동),경기도 시흥시 매화동 212,14940,031-313-2023,37.4168048974,126.8129398336,즉석판매제조가공업,즉석판매제조가공업,,,0,N,,
,경기도 시흥시 월곶해안로 133,"경기도 시흥시 월곶동 1013-12 117,118호",14963,031-318-8318,37.3876563066,126.7353628154,즉석판매제조가공업,즉석판매제조가공업,,,0,N,,
,"경기도 시흥시 서울대학로278번길 67, 1층 (정왕동, 롯데마트시흥배곧점수산코너)",경기도 시흥시 정왕동 1771-1 롯데마트시흥배곧점수산코너,15011,,37.3688907319,126.7313182505,즉석판매제조가공업,즉석판매제조가공업,,,,N,,
,경기도 시흥시 군서로10번길 16,경기도 시흥시 정왕동 1194-13 1층,15052,031-496-0805,37.3449536537,126.7515003353,즉석판매제조가공업,즉석판매제조가공업,,,,N,,
,경기도 시흥시 삼미시장1길 11,경기도 시흥시 신천동 737-4,14948,031-691-1495,37.4401467118,126.7850084597,즉석판매제조가공업,즉석판매제조가공업,,,0,N,,
,"경기도 시흥시 서울대학로278번길 34, 시흥배곧 아브뉴프랑 센트럴 옐로우 3층 315호 일부호 (배곧동)",경기도 시흥시 배곧동 216 시흥배곧 아브뉴프랑 센트럴 옐로우,15011,031-499-4585,37.3682081085,126.7289197215,즉석판매제조가공업,즉석판매제조가공업,,,,N,,
,"경기도 시흥시 수인로3312번길 16, T동 146호 일부호 (대야동, 시흥 센트럴 푸르지오)",경기도 시흥시 대야동 693 시흥 센트럴 푸르지오,14911,,37.4413231865,126.7902764284,즉석판매제조가공업,즉석판매제조가공업,,,,N,,
,"경기도 시흥시 거북섬북로 54, 아쿠아펫랜드 D동 1층 일부호 (정왕동)",경기도 시흥시 정왕동 2684 아쿠아펫랜드,15119,,37.3294408545,126.6794250378,즉석판매제조가공업,즉석판매제조가공업,,,,N,,
,"경기도 시흥시 서울대학로278번길 67 (정왕동, 롯데마트시흥매곧점)",경기도 시흥시 정왕동 1771-1 롯데마트시흥배곧점,15011,070-4300-9589,37.3688907319,126.7313182505,즉석판매제조가공업,즉석판매제조가공업,,,,N,,
,"경기도 시흥시 오이도어시장로 8, 나동 156호 (정왕동)",경기도 시흥시 정왕동 2005-3 나동동 156호,15015,,37.3446490932,126.6888897946,즉석판매제조가공업,즉석판매제조가공업,,,,N,,
,"경기도 시흥시 희망공원로 269, 홈플러스시화점 2층 일부호 (정왕동)",경기도 시흥시 정왕동 2166-4 홈플러스시화점,15081,031-311-4992,37.3452082082,126.725237369,즉석판매제조가공업,즉석판매제조가공업,,,,N,,
,"경기도 시흥시 평안상가1길 1, 시흥식자재마트 내  일부호 (정왕동)",경기도 시흥시 정왕동 1622,15062,,37.3388673438,126.7483320831,즉석판매제조가공업,즉석판매제조가공업,,,,N,,
,"경기도 시흥시 오이도어시장로 7 (정왕동, 145,146호)","경기도 시흥시 정왕동 2004-3 145,146호",15015,,37.3451101492,126.6890880534,즉석판매제조가공업,즉석판매제조가공업,,,,N,,
,"경기도 시흥시 정왕시장길 51, 101-14호 (정왕동)",경기도 시흥시 정왕동 1203 101-14,15052,,37.3458093904,126.7485677164,즉석판매제조가공업,즉석판매제조가공업,,,0,N,,
,경기도 시흥시 큰솔로 33,경기도 시흥시 정왕동 1408-4 (102호),15059,,37.3408556756,126.7520151606,즉석판매제조가공업,즉석판매제조가공업,,,0,N,,
,"경기도 시흥시 정왕시장길 51, 101호 (정왕동)",경기도 시흥시 정왕동 1203 101호,15052,031-319-3060,37.3458093904,126.7485677164,즉석판매제조가공업,즉석판매제조가공업,,,,N,,
,"경기도 시흥시 매화2로 9, 1층 일부호 (매화동)",경기도 시흥시 매화동 247-8 중앙의원,14940,,37.4161593645,126.8135333645,즉석판매제조가공업,즉석판매제조가공업,,,,N,,
,,경기도 시흥시 정왕동 1785-1,15063,031-432-1127,37.3397339618,126.7457043648,즉석판매제조가공업,즉석판매제조가공업,,,0,N,,
,"경기도 시흥시 서울대학로 59-69, 배곧테크노밸리 138,139호일부호 (배곧동)",경기도 시흥시 배곧동 292-3 배곧테크노밸리,15012,,37.3586667851,126.7104194921,즉석판매제조가공업,즉석판매제조가공업,,,0,N,,
,"경기도 시흥시 수인로3312번길 16, T동 지3층 T133호 일부호 (대야동, 시흥 센트럴 푸르지오)",경기도 시흥시 대야동 693 시흥 센트럴 푸르지오,14911,,37.4413231865,126.7902764284,즉석판매제조가공업,즉석판매제조가공업,,,0,N,,
,"경기도 시흥시 삼미시장3길 16, 시흥창대교회 2층 일부호 (신천동)",경기도 시흥시 신천동 739-5 시흥창대교회,14948,,37.4399676615,126.7837214832,즉석판매제조가공업,즉석판매제조가공업,,,0,N,,
,"경기도 시흥시 옥구천동로 402, 월드아파트 주상가 지1층 일부호 (정왕동)",경기도 시흥시 정왕동 1873-3 월드아파트,15027,,37.3567512193,126.7302225709,즉석판매제조가공업,즉석판매제조가공업,,,,N,,
,"경기도 시흥시 서울대학로278번길 25-24, 다인로얄팰리스 배곧1차 3층 317호 (배곧동)",경기도 시흥시 배곧동 198-1 다인로얄팰리스 배곧1차,15011,,37.3695195634,126.7296065017,즉석판매제조가공업,즉석판매제조가공업,,,0,N,,
,"경기도 시흥시 서울외곽순환고속도로 105, 시흥하늘휴게소 (조남동)",경기도 시흥시 조남동 산 15-1,14983,,37.3838382249,126.8554983736,즉석판매제조가공업,즉석판매제조가공업,,,,N,,
,"경기도 시흥시 희망공원로 269, 2층 (정왕동, 홈플러스시화점)",경기도 시흥시 정왕동 2166-4 홈플러스시화점 2층,15081,032-888-0610,37.3452082082,126.725237369,즉석판매제조가공업,즉석판매제조가공업,,,,N,,
,,경기도 시흥시 정왕동 2324-2 정왕역사내,15049,02-573-6820,37.3511813769,126.7450951268,즉석판매제조가공업,즉석판매제조가공업,,,0,N,,
,경기도 시흥시 비둘기공원로 28 (대야동),경기도 시흥시 대야동 542 롯데마트 시흥점,14912,070-4110-6817,37.4430368253,126.7919559438,즉석판매제조가공업,즉석판매제조가공업,,,0,N,,
,경기도 시흥시 오이도어시장로 7,"경기도 시흥시 정왕동 2004-3 A동 43,44,45호",15015,031-431-4351,37.3451101492,126.6890880534,즉석판매제조가공업,즉석판매제조가공업,,,0,N,,
,"경기도 시흥시 정왕대로 210, 2층 (정왕동, 이마트 시화점)",경기도 시흥시 정왕동 1734-2 이마트 시화점 2층,15066,062-224-2300,37.3459328804,126.7368812651,즉석판매제조가공업,즉석판매제조가공업,,,0,N,,
,경기도 시흥시 희망공원로 269,경기도 시흥시 정왕동 2166-4 홈플러스시화점,15081,031-310-8164,37.3452082082,126.725237369,즉석판매제조가공업,즉석판매제조가공업,,,0,N,,
,"경기도 시흥시 서해안로 529, 배곧두손지젤타워 1층 A108호 (배곧동)",경기도 시흥시 배곧동 206-3 배곧두손지젤타워,15011,,37.3680122208,126.7320612827,즉석판매제조가공업,즉석판매제조가공업,,,,N,,
,"경기도 시흥시 정왕대로 210, E MART시화점 2층 일부호 (정왕동)",경기도 시흥시 정왕동 1734-2 E MART시화점,15066,062-224-2300,37.3459328804,126.7368812651,즉석판매제조가공업,즉석판매제조가공업,,,,N,,
,"경기도 시흥시 목감둘레로 258, 메트로타워1 1층 105호 (조남동)",경기도 시흥시 조남동 711-2 메트로타워1,14986,,37.3809982663,126.862028829,즉석판매제조가공업,즉석판매제조가공업,,,,N,,
,"경기도 시흥시 수인로3325번길 10, 지하1층 (신천동, 우명프라자)",경기도 시흥시 신천동 774 우명프라자,14950,,37.4382099813,126.788191992,즉석판매제조가공업,즉석판매제조가공업,,,,N,,
,경기도 시흥시 은행로 267,경기도 시흥시 은행동 538-1 신명아파트상가 105호,14917,031-313-3334,37.4437293778,126.7977487718,즉석판매제조가공업,즉석판매제조가공업,,,0,N,,
,"경기도 시흥시 호현로 67, 1층 (대야동)",경기도 시흥시 대야동 477-3 1층,14905,031-404-0468,37.4461569199,126.7861948309,즉석판매제조가공업,즉석판매제조가공업,,,,N,,
,"경기도 시흥시 정왕대로 210, 1층 (정왕동, 이마트시화점)",경기도 시흥시 정왕동 1734-1,15066,031-858-1226,37.3459328804,126.7368812651,즉석판매제조가공업,즉석판매제조가공업,,,,N,,
,"경기도 시흥시 새재로17번길 3, 이마트에브리데이  (장현동)",경기도 시흥시 장현동 543-1,14998,,37.3810543546,126.8017561503,즉석판매제조가공업,즉석판매제조가공업,,,,N,,
,"경기도 시흥시 비둘기공원로 28, 롯데마트 시흥점 2층 일부호 (대야동)",경기도 시흥시 대야동 542 롯데마트 시흥점,14912,031-355-1542,37.4430368253,126.7919559438,즉석판매제조가공업,즉석판매제조가공업,,,,N,,
,경기도 시흥시 삼미시장3길 16,경기도 시흥시 신천동 739-5,14948,,37.4399676615,126.7837214832,즉석판매제조가공업,즉석판매제조가공업,,,0,N,,
,"경기도 시흥시 배곧4로 22, 배곧타운2 1층 107호 일부호 (배곧동)",경기도 시흥시 배곧동 122 배곧타운2,15010,,37.377578519,126.7269601551,즉석판매제조가공업,즉석판매제조가공업,,,,N,,
,"경기도 시흥시 배곧1로 27-15, 상가1동 지하1층 일부호 (배곧동, 한라비발디캠퍼스)",경기도 시흥시 배곧동 243 한라비발디캠퍼스,15011,,37.3624589729,126.7127398966,즉석판매제조가공업,즉석판매제조가공업,,,,N,,
,"경기도 시흥시 월곶중앙로14번길 65-1, 1층 (월곶동)",경기도 시흥시 월곶동 1001-3 1층,14966,,37.3917332898,126.741399154,즉석판매제조가공업,즉석판매제조가공업,,,0,N,,
,"경기도 시흥시 월곶중앙로 57, 105호 (월곶동)",경기도 시흥시 월곶동 1014-4 105호,14963,031-318-7601,37.3884362836,126.7389019746,즉석판매제조가공업,즉석판매제조가공업,,,,N,,
,"경기도 시흥시 월곶해안로 29-12, 1층 (월곶동)",경기도 시흥시 월곶동 991-8,14968,,37.3939244196,126.7401230755,즉석판매제조가공업,즉석판매제조가공업,,,,N,,
,"경기도 시흥시 희망공원로 269, 2층 (정왕동)",경기도 시흥시 정왕동 2166-4 2층,15081,031-310-8023,37.3452082082,126.725237369,즉석판매제조가공업,즉석판매제조가공업,,,0,N,,
,"경기도 시흥시 시청로68번길 4, 1층 129호 (장현동, 장현1 엔플러스빌)",경기도 시흥시 장현동 541-4 장현1 엔플러스빌,14998,,37.3804882622,126.8005302128,즉석판매제조가공업,즉석판매제조가공업,,,,N,,
,경기도 시흥시 정왕대로 210,경기도 시흥시 정왕동 1734-1 이마트시화점 2층,15066,,37.3459328804,126.7368812651,즉석판매제조가공업,즉석판매제조가공업,,,,N,,
,"경기도 시흥시 은계번영길 19, 은계 디스퀘어큐브 1층 101호 (은행동)",경기도 시흥시 은행동 646-8 은계 디스퀘어큐브,14922,031-311-8155,37.4372709361,126.8030427925,즉석판매제조가공업,즉석판매제조가공업,,,0,N,,
,"경기도 시흥시 동서로 1083, 1층 102호 (조남동)",경기도 시흥시 조남동 171-11 102호,14984,,37.3856288152,126.859899819,즉석판매제조가공업,즉석판매제조가공업,,,,N,,
,경기도 시흥시 함송로14번길 13-17,경기도 시흥시 정왕동 1882-11 홍익프라자105호,15020,031-497-7079,37.3624553137,126.729983626,즉석판매제조가공업,즉석판매제조가공업,,,0,N,,
,,경기도 시흥시 거모동 1554-4,,031-493-2347,,,즉석판매제조가공업,즉석판매제조가공업,,,0,N,,
,경기도 시흥시 비둘기공원로 28,경기도 시흥시 대야동 542 코오롱마트내,14912,031-318-6411,37.4430368253,126.7919559438,즉석판매제조가공업,즉석판매제조가공업,,,0,N,,
,"경기도 시흥시 배곧1로 27-15, 상가3동 108호 (정왕동, 한라비발디캠퍼스)",경기도 시흥시 정왕동 2566 한라비발디캠퍼스,15011,031-431-8933,37.3636798562,126.7119931155,즉석판매제조가공업,즉석판매제조가공업,,,,N,,
,"경기도 시흥시 역전로 351, 상가동 1층 113호 일부호 (정왕동)",경기도 시흥시 정왕동 1872-4 지구촌성령교회,15026,031-499-2199,37.356013283,126.7359662256,즉석판매제조가공업,즉석판매제조가공업,,,,N,,
,"경기도 시흥시 서울대학로264번길 26-32, 배곧중앙프라자 714호 (배곧동)",경기도 시흥시 배곧동 230 배곧중앙프라자,15011,,37.3666139281,126.7277276688,즉석판매제조가공업,즉석판매제조가공업,,,,N,,
,,경기도 시흥시 정왕동 1851 대림2차상가105호,15039,031-433-4245,37.3491614776,126.7260435363,즉석판매제조가공업,즉석판매제조가공업,,,0,N,,
,"경기도 시흥시 마유로 336, 2층 일부호 (정왕동)",경기도 시흥시 정왕동 1735-2 정일빌딩,15066,,37.3457442363,126.7355848202,즉석판매제조가공업,즉석판매제조가공업,,,,N,,
,경기도 시흥시 정왕천로411번길 36,경기도 시흥시 정왕동 1188-11,15052,031-498-6153,37.3462981783,126.748890259,즉석판매제조가공업,즉석판매제조가공업,,,,N,,
,"경기도 시흥시 오이도어시장로 7, 오이도종합어시장 가동 1층 147호 (정왕동)",경기도 시흥시 정왕동 2004-3 오이도종합어시장,15015,031-432-7670,37.3451101492,126.6890880534,즉석판매제조가공업,즉석판매제조가공업,,,,N,,
,경기도 시흥시 오이도어시장로 8,"경기도 시흥시 정왕동 2005-3 B동 62,63호",15015,,37.3446490932,126.6888897946,즉석판매제조가공업,즉석판매제조가공업,,,0,N,,
,경기도 시흥시 오이도어시장로 7,경기도 시흥시 정왕동 2004-3 오이도어시장 A25호,15015,,37.3451101492,126.6890880534,즉석판매제조가공업,즉석판매제조가공업,,,0,N,,
,경기도 시흥시 정왕시장길 51,경기도 시흥시 정왕동 1203,15052,031-434-4073,37.3458093904,126.7485677164,즉석판매제조가공업,즉석판매제조가공업,,,0,N,,
,"경기도 시흥시 마유로238번길 26 (정왕동, 롯데마트시화점)",경기도 시흥시 정왕동 1366-4 롯데마트시화점,15079,02-6246-3200,37.3376271419,126.7306774357,즉석판매제조가공업,즉석판매제조가공업,,,,N,,
,"경기도 시흥시 은계번영길 19, 은계 디스퀘어큐브 6층 606호 일부호 (은행동)",경기도 시흥시 은행동 646-8 은계 디스퀘어큐브 606호 일부호,14922,,37.4372709361,126.8030427925,즉석판매제조가공업,즉석판매제조가공업,,,,N,,
,"경기도 시흥시 동서로 287, 갯골생태공원 내 (장곡동)",경기도 시흥시 장곡동 724-32 갯골생태공원,14971,,37.3897919258,126.7812507272,즉석판매제조가공업,즉석판매제조가공업,,,0,N,,
,"경기도 시흥시 옥구상가1길 11 (정왕동, 삼아(빌)101호)",경기도 시흥시 정왕동 1857-3 삼아(빌)101호,15040,031-499-8633,37.3538872974,126.7223253618,즉석판매제조가공업,즉석판매제조가공업,,,0,N,,
,경기도 시흥시 오이도로 167,경기도 시흥시 정왕동 2003-8 92호,15015,031-431-7305,37.3458883179,126.6882103529,즉석판매제조가공업,즉석판매제조가공업,,,0,N,,
,"경기도 시흥시 오이도로 173, 102호 (정왕동)",경기도 시흥시 정왕동 2003-12 102호,15015,031-432-8996,37.3454457514,126.6880796381,즉석판매제조가공업,즉석판매제조가공업,,,0,N,,
,"경기도 시흥시 진말로 35, 근린생활시설동 1층 1호 일부호 (장곡동, 시흥장현엘에이치18단지)",경기도 시흥시 장곡동 880 시흥장현엘에이치18단지,15002,,37.3808741747,126.7851762626,즉석판매제조가공업,즉석판매제조가공업,,지하수전용,0,N,,
,경기도 시흥시 월곶해안로 133,"경기도 시흥시 월곶동 1013-12 177,178호",14963,031-318-9642,37.3876563066,126.7353628154,즉석판매제조가공업,즉석판매제조가공업,,,0,N,,
,경기도 시흥시 희망공원로 269,경기도 시흥시 정왕동 2166-4 홈플러스2층매장 내,15081,031-310-8114,37.3452082082,126.725237369,즉석판매제조가공업,즉석판매제조가공업,,,0,N,,
,경기도 시흥시 오이도어시장로 7,경기도 시흥시 정왕동 2004-3 A동 147호,15015,,37.3451101492,126.6890880534,즉석판매제조가공업,즉석판매제조가공업,,,0,N,,
,,경기도 시흥시 은행동 599,14916,031-404-3120,37.4455253696,126.7996538445,즉석판매제조가공업,즉석판매제조가공업,,,0,N,,
,경기도 시흥시 오이도어시장로 7,경기도 시흥시 정왕동 2004-3 오이도어시장 A동 21호,15015,,37.3451101492,126.6890880534,즉석판매제조가공업,즉석판매제조가공업,,,0,N,,
,"경기도 시흥시 옥구천서로373번길 8-1, 상가동 1층 105호 일부호 (정왕동, 영남5차아파트)",경기도 시흥시 정왕동 1866-6 영남5차아파트,15030,031-488-8785,37.3560762732,126.7262435371,즉석판매제조가공업,즉석판매제조가공업,,,,N,,
,"경기도 시흥시 함송로13번길 16-8, 1층 101호 (정왕동)",경기도 시흥시 정왕동 1881-1 고려빌딩,15020,,37.3643510855,126.731816276,즉석판매제조가공업,즉석판매제조가공업,,,,N,,
,"경기도 시흥시 수풀안길 19-30, 401동 지3층 106호 일부호 (조남동, 목감역 호반써밋)",경기도 시흥시 조남동 721 목감역 호반써밋,14986,,37.3789267815,126.8640117225,즉석판매제조가공업,즉석판매제조가공업,,,,N,,
,경기도 시흥시 하중로 142 (하중동),경기도 시흥시 하중동 400-3,14974,031-435-8483,37.3979679248,126.8008987911,즉석판매제조가공업,즉석판매제조가공업,,,0,N,,
,경기도 시흥시 오이도어시장로 8,"경기도 시흥시 정왕동 2005-3 오이도어시장 B동 65,66호",15015,,37.3446490932,126.6888897946,즉석판매제조가공업,즉석판매제조가공업,,,0,N,,
,"경기도 시흥시 희망공원로 269, 홈플러스시화점 2층 일부호 (정왕동)",경기도 시흥시 정왕동 2166-4 홈플러스시화점,15081,,37.3452082082,126.725237369,즉석판매제조가공업,즉석판매제조가공업,,,0,N,,
,"경기도 시흥시 은계남로 12, 135호 (은행동, 시흥은계 호반 써밋플레이스)",경기도 시흥시 은행동 644 시흥은계 호반 써밋플레이스,14922,,37.4351025771,126.8037071995,즉석판매제조가공업,즉석판매제조가공업,,,,N,,
,경기도 시흥시 신현로 32 (포동),경기도 시흥시 포동 5,14957,031-695-6659,37.4068021375,126.7859582218,즉석판매제조가공업,즉석판매제조가공업,,,0,N,,
,"경기도 시흥시 복지로53번길 24, 1층 (대야동)",경기도 시흥시 대야동 475-16,14905,,37.445206927,126.7870969518,즉석판매제조가공업,즉석판매제조가공업,,,0,N,,
,경기도 시흥시 월곶중앙로 64,경기도 시흥시 월곶동 1009-1 풍산프라자 105,14966,031-318-6097,37.3891728802,126.7385104453,즉석판매제조가공업,즉석판매제조가공업,,,0,N,,
,"경기도 시흥시 능곡로 182, 홈플러스익스프레스 능곡점 1층 (능곡동)",경기도 시흥시 능곡동 753 신성프라자,14995,031-791-5618,37.3682632809,126.8108643032,즉석판매제조가공업,즉석판매제조가공업,,,,N,,
,"경기도 시흥시 평안상가1길 1, 식자재마트  1층 (정왕동)",경기도 시흥시 정왕동 1622,15062,,37.3388673438,126.7483320831,즉석판매제조가공업,즉석판매제조가공업,,,,N,,
,"경기도 시흥시 함송로13번길 27, 1층 일부호 (정왕동)",경기도 시흥시 정왕동 1878-2,15020,032-345-8508,37.3651101625,126.7321134465,즉석판매제조가공업,즉석판매제조가공업,,,,N,,
,"경기도 시흥시 월곶중앙로70번길 11, 1층 (월곶동, 진주마을 풍림1차 아이원)",경기도 시흥시 월곶동 1010-4 진주마을 풍림1차 아이원,14964,,37.3899168141,126.7378590107,즉석판매제조가공업,즉석판매제조가공업,,,,N,,
,"경기도 시흥시 중심상가로 151 (정왕동, 광장(프)104호)",경기도 시흥시 정왕동 1728-6 광장(프)104호,15036,,37.3466554117,126.7329223926,즉석판매제조가공업,즉석판매제조가공업,,,,N,,
,"경기도 시흥시 비둘기공원4길 9, 온세사우나 4층 (대야동)",경기도 시흥시 대야동 531-1 국민은행시흥,14912,,37.4433587805,126.7900311065,즉석판매제조가공업,즉석판매제조가공업,,,,N,,
,"경기도 시흥시 배곧1로 27-15, 지하1층 gs슈퍼마켓 일부호 (배곧동, 한라비발디캠퍼스)",경기도 시흥시 배곧동 243 한라비발디캠퍼스,15011,,37.3636798562,126.7119931155,즉석판매제조가공업,즉석판매제조가공업,,,,N,,
,"경기도 시흥시 도일로 143, 미래치과 1층 일부호 (거모동)",경기도 시흥시 거모동 1756-7 미래치과,15070,031-414-0027,37.3430163857,126.7851288496,즉석판매제조가공업,즉석판매제조가공업,,,,N,,
,"경기도 시흥시 대은로 12-1, 1층 일부호 (은행동)",경기도 시흥시 은행동 555-2 천하장사원룸,14919,,37.4400873055,126.7931141596,즉석판매제조가공업,즉석판매제조가공업,,,0,N,,
,"경기도 시흥시 정왕대로 210, E MART시화점 2층 (정왕동)",경기도 시흥시 정왕동 1734-2 E MART시화점,15066,062-224-2300,37.3459328804,126.7368812651,즉석판매제조가공업,즉석판매제조가공업,,,,N,,
,"경기도 시흥시 대골길 60, 1층 일부호 (대야동)",경기도 시흥시 대야동 465-23,14905,,37.4463173047,126.7873803498,즉석판매제조가공업,즉석판매제조가공업,,,,N,,
,경기도 시흥시 오이도로 167,경기도 시흥시 정왕동 2003-8 오이도직판장 A동 94호,15015,031-497-7885,37.3458883179,126.6882103529,즉석판매제조가공업,즉석판매제조가공업,,,0,N,,
,"경기도 시흥시 매화2로48번길 8-1, 1층 일부호 (매화동)",경기도 시흥시 매화동 352-1,14940,031-439-3332,37.416449548,126.8091912501,즉석판매제조가공업,즉석판매제조가공업,,,0,N,,
,"경기도 시흥시 공단1대로 244, 공구상가 지원상가동 108호일부호 (정왕동)",경기도 시흥시 정왕동 1367-1 공구상가,15103,,37.3347248053,126.7265416247,즉석판매제조가공업,즉석판매제조가공업,,,0,N,,
,"경기도 시흥시 장현능곡로 155, 시흥 플랑드르 2층 2078호 (능곡동)",경기도 시흥시 능곡동 871 시흥 플랑드르,15121,,37.3710186339,126.8072928232,즉석판매제조가공업,즉석판매제조가공업,,,0,N,,
,경기도 시흥시 오이도어시장로 7,"경기도 시흥시 정왕동 2004-3 A동 169,170호",15015,,37.3451101492,126.6890880534,즉석판매제조가공업,즉석판매제조가공업,,,0,N,,
,"경기도 시흥시 평안상가1길 17, 석화프라자 1층 101호 일부호 (정왕동)",경기도 시흥시 정왕동 1624-11 석화프라자,15062,031-487-2222,37.3378418257,126.7472359951,즉석판매제조가공업,즉석판매제조가공업,,,0,N,,
,"경기도 시흥시 함송로13번길 27, 대진식자재 일부호 (정왕동)",경기도 시흥시 정왕동 1878-2,15020,,37.3651101625,126.7321134465,즉석판매제조가공업,즉석판매제조가공업,,,,N,,
,경기도 시흥시 월곶해안로 133,경기도 시흥시 월곶동 1013-12 121호,14963,031-404-8234,37.3876563066,126.7353628154,즉석판매제조가공업,즉석판매제조가공업,,,0,N,,
,"경기도 시흥시 은계번영길 28, 은계 디스퀘어 1층 105호 (은행동)",경기도 시흥시 은행동 645-5 은계 디스퀘어,14922,,37.4365417418,126.803196503,즉석판매제조가공업,즉석판매제조가공업,,,,N,,
,"경기도 시흥시 서울대학로278번길 67, 시흥배곧 롯데마트 1층 (정왕동)",경기도 시흥시 정왕동 2537 시흥배곧 롯데마트 1층,15011,,37.3688907319,126.7313182505,즉석판매제조가공업,즉석판매제조가공업,,,,N,,
,"경기도 시흥시 서울대학로278번길 67, 시흥배곧 롯데마트 1층 (배곧동)",경기도 시흥시 배곧동 202 시흥배곧 롯데마트,15011,031-734-0951,37.3688907319,126.7313182505,즉석판매제조가공업,즉석판매제조가공업,,,,N,,
,"경기도 시흥시 배곧전원로 40-23, 1층 일부호 (배곧동)","경기도 시흥시 배곧동 102-1 102,103호",15010,,37.3781585805,126.7288291526,즉석판매제조가공업,즉석판매제조가공업,,,0,N,,
,"경기도 시흥시 월곶중앙로 35-1, 나동 60호 (월곶동, 월곶어시장)",경기도 시흥시 월곶동 1015-25 월곶어시장 나동 60호,14963,031-317-4969,37.3874588604,126.7410920399,즉석판매제조가공업,즉석판매제조가공업,,,,N,,
,경기도 시흥시 군서마을로 46-2,경기도 시흥시 정왕동 1212-16,15052,031-499-3848,37.3457549213,126.7470892633,즉석판매제조가공업,즉석판매제조가공업,,,0,N,,
,"경기도 시흥시 인선길 104 (장곡동, 노마진(프)111호)",경기도 시흥시 장곡동 803-2 노마진(프)111호,15002,031-317-2858,37.3802219867,126.7801899595,즉석판매제조가공업,즉석판매제조가공업,,,0,N,,
,경기도 시흥시 새재로17번길 3 (장현동),경기도 시흥시 장현동 543-1,14998,031-404-2044,37.3810543546,126.8017561503,즉석판매제조가공업,즉석판매제조가공업,,,0,N,,
,경기도 시흥시 군서로18번길 10-1,경기도 시흥시 정왕동 1199,15052,,37.3451358526,126.7503808212,즉석판매제조가공업,즉석판매제조가공업,,,0,N,,
,,경기도 시흥시 월곶동 1010-4,14964,031-318-2405,37.3902457487,126.735754493,즉석판매제조가공업,즉석판매제조가공업,,,0,N,,
,경기도 시흥시 하우로 41 (대야동),경기도 시흥시 대야동 54-13,14900,031-655-1235,37.45898506,126.7850100457,즉석판매제조가공업,즉석판매제조가공업,,,0,N,,
,"경기도 시흥시 정왕신길로49번길 37, 서해아파트 지1층 B04호 (정왕동)",경기도 시흥시 정왕동 1886-3 서해아파트,15021,,37.3625932955,126.7276446573,즉석판매제조가공업,즉석판매제조가공업,,,,N,,
,경기도 시흥시 함송로 24,경기도 시흥시 정왕동 0000-0 세종프라자,15020,031-433-4066,37.3632151301,126.7303936899,즉석판매제조가공업,즉석판매제조가공업,,,0,N,,
,"경기도 시흥시 시흥대로1074번길 5, 롯데슈퍼시흥은행점 내 1층 (은행동)",경기도 시흥시 은행동 288-1 스페이스타워,14921,,37.4320543214,126.7936643149,즉석판매제조가공업,즉석판매제조가공업,,,,N,,
,"경기도 시흥시 배곧4로 32-13, 107~110호 일부호 (배곧동)",경기도 시흥시 배곧동 126,15010,,37.376956103,126.7268874805,즉석판매제조가공업,즉석판매제조가공업,,,,N,,
,,경기도 시흥시 은행동 601-331 은계호수공원 인근 인도,14923,031-313-9050,,,즉석판매제조가공업,즉석판매제조가공업,,,,N,,
,"경기도 시흥시 서울대학로278번길 19-13, 107동 1층 A-135호 (배곧동, 시흥배곧 C1 호반 써밋플레이스)",경기도 시흥시 배곧동 191 시흥배곧 C1 호반 써밋플레이스,15011,,37.3703857466,126.7269775004,즉석판매제조가공업,즉석판매제조가공업,,,,N,,
,경기도 시흥시 오이도로 173,"경기도 시흥시 정왕동 2003-12 오이도직판장 B동 105,106호",15015,,37.3454457514,126.6880796381,즉석판매제조가공업,즉석판매제조가공업,,,0,N,,
,경기도 시흥시 옥구상가1길 37,경기도 시흥시 정왕동 1852-1,15040,031-319-2704,37.3518777067,126.7210250527,즉석판매제조가공업,즉석판매제조가공업,,,0,N,,
,,경기도 시흥시 정왕동 1203-103,15052,031-439-7076,,,즉석판매제조가공업,즉석판매제조가공업,,,0,N,,
,"경기도 시흥시 배곧2로 25, 배곧생명공원 잔디광장 일원 (배곧동)",경기도 시흥시 배곧동 187 배곧생명공원 관리사무소,15010,,37.3713951834,126.721467027,즉석판매제조가공업,즉석판매제조가공업,,,,N,,
,"경기도 시흥시 비둘기공원로 28, 롯데마트 시흥점 2층 신선식품 수산코너 일부호 (대야동)",경기도 시흥시 대야동 542 롯데마트 시흥점,14912,02-563-9229,37.4430368253,126.7919559438,즉석판매제조가공업,즉석판매제조가공업,,,,N,,
,경기도 시흥시 신현로38번길 22 (포동),경기도 시흥시 포동 13-9,14957,,37.4075046773,126.784380947,즉석판매제조가공업,즉석판매제조가공업,,,0,N,,
,경기도 시흥시 정왕대로 210 (정왕동),경기도 시흥시 정왕동 1734-1,15066,070-4027-7290,37.3459328804,126.7368812651,즉석판매제조가공업,즉석판매제조가공업,,,,N,,
,"경기도 시흥시 서해안로 699, 시흥 프리미엄 아울렛 (정왕동)",경기도 시흥시 정왕동 1772-7 시흥 프리미엄 아울렛,15010,,37.3796992102,126.7370588161,즉석판매제조가공업,즉석판매제조가공업,,,,N,,
,"경기도 시흥시 삼미시장3길 8, 함천빌딩 5층 일부호 (신천동)",경기도 시흥시 신천동 736-5 함천빌딩,14948,,37.4396835573,126.7844363539,즉석판매제조가공업,즉석판매제조가공업,,,0,N,,
,"경기도 시흥시 은계호수로 49, 시흥 센트럴돔 그랑트리 캐슬 1층 1126(일부)호 (은행동)",경기도 시흥시 은행동 605 시흥 센트럴돔 그랑트리 캐슬,14923,,37.4458457243,126.8020023203,즉석판매제조가공업,즉석판매제조가공업,,,,N,,
,"경기도 시흥시 배곧전원로 40-45, 1층 102호 (정왕동)",경기도 시흥시 정왕동 2450-1,15010,,37.3770981663,126.7307036408,즉석판매제조가공업,즉석판매제조가공업,,,0,N,,
,경기도 시흥시 도일로124번길 2,경기도 시흥시 거모동 1656-8,15069,031-495-9187,37.3413519491,126.7841511593,즉석판매제조가공업,즉석판매제조가공업,,,,N,,
,경기도 시흥시 도일로 133 (거모동),경기도 시흥시 거모동 1753-1,15070,031-493-8100,37.342226503,126.7841880159,즉석판매제조가공업,즉석판매제조가공업,,,0,N,,
,,경기도 시흥시 대야동 542 GS마트 시흥점,,031-435-7500,,,즉석판매제조가공업,즉석판매제조가공업,,,0,N,,
,"경기도 시흥시 오이도로 167 (정왕동, A동 38호)",경기도 시흥시 정왕동 2003-8 A동 38호,15015,031-497-0610,37.3458883179,126.6882103529,즉석판매제조가공업,즉석판매제조가공업,,,,N,,
,"경기도 시흥시 배곧4로 32-13, 이마트에브리데이 시흥배곧점 (정왕동)",경기도 시흥시 정왕동 2477-3,15010,,37.376956103,126.7268874805,즉석판매제조가공업,즉석판매제조가공업,,,,N,,
,"경기도 시흥시 서울대학로264번길 35, 시흥배곧 아브뉴프랑 센트럴 그린 1층 107일부호 (정왕동)",경기도 시흥시 정왕동 1771-31 시흥배곧 아브뉴프랑 센트럴 그린,15011,,37.3677274711,126.7284729076,즉석판매제조가공업,즉석판매제조가공업,,,,N,,
,"경기도 시흥시 금오로309번길 35, 1층 일부호 (과림동)",경기도 시흥시 과림동 661,14932,,37.430694649,126.8317677658,즉석판매제조가공업,즉석판매제조가공업,,,0,N,,
,"경기도 시흥시 배곧4로 87, 베스트프라자 1층 110호 (배곧동)",경기도 시흥시 배곧동 73 베스트프라자,15010,,37.3746009077,126.7334059093,즉석판매제조가공업,즉석판매제조가공업,,,,N,,
,"경기도 시흥시 정왕대로 210 (정왕동, 이마트시화점)",경기도 시흥시 정왕동 1734-1 이마트시화점,15066,031-858-1226,37.3459328804,126.7368812651,즉석판매제조가공업,즉석판매제조가공업,,,,N,,
,"경기도 시흥시 승지로 49 (능곡동, 베스트마트 내)",경기도 시흥시 능곡동 724 베스트마트 내,14995,,37.3685893934,126.8095964474,즉석판매제조가공업,즉석판매제조가공업,,상수도전용,,N,,
,경기도 시흥시 월곶해안로161번길 3,경기도 시흥시 월곶동 1013-20,14963,031-435-5740,37.3886937892,126.7368998952,즉석판매제조가공업,즉석판매제조가공업,,,,N,,
,"경기도 시흥시 비둘기공원로 28, 롯데마트 시흥점 2층 (대야동)",경기도 시흥시 대야동 542 롯데마트 시흥점,14912,031-425-6422,37.4430368253,126.7919559438,즉석판매제조가공업,즉석판매제조가공업,,,,N,,
,"경기도 시흥시 서울대학로264번길 26-32, 배곧중앙프라자 142 일부호 (정왕동)",경기도 시흥시 정왕동 1771-1 배곧중앙프라자,15011,,37.3666139281,126.7277276688,즉석판매제조가공업,즉석판매제조가공업,,,0,N,,
,"경기도 시흥시 동서로 770, 안산농협 연꽃지점 로컬푸드직매장 1층 일부호 (물왕동)",경기도 시흥시 물왕동 248-4 안산농협 연꽃지점 로컬푸드직매장,14990,031-487-9977,37.3843410162,126.8308012535,즉석판매제조가공업,즉석판매제조가공업,,,,N,,
,경기도 시흥시 수인로3325번길 10,경기도 시흥시 신천동 774 우림프라자 지하1층,14950,,37.4382099813,126.788191992,즉석판매제조가공업,즉석판매제조가공업,,,0,N,,
,경기도 시흥시 오이도어시장로 7,"경기도 시흥시 정왕동 2004-3 오이도종합어시장 A동 9,10",15015,031-499-2560,37.3451101492,126.6890880534,즉석판매제조가공업,즉석판매제조가공업,,,0,N,,
,"경기도 시흥시 오이도로 173, B동 147호 (정왕동)",경기도 시흥시 정왕동 2003-12,15015,,37.3454457514,126.6880796381,즉석판매제조가공업,즉석판매제조가공업,,,0,N,,
,"경기도 시흥시 신흥마을1길 18, 1층 일부호 (신천동)",경기도 시흥시 신천동 819-8,14947,,37.4380423307,126.7783817765,즉석판매제조가공업,즉석판매제조가공업,,,,N,,
,"경기도 시흥시 수인로 2314-5, 1층 일부호 (목감동)",경기도 시흥시 목감동 204-8,14935,,37.3866058608,126.8639016784,즉석판매제조가공업,즉석판매제조가공업,,,,N,,
,"경기도 시흥시 복지로 15, 1층 111호일부호 (신천동, 시흥5차푸르지오)",경기도 시흥시 신천동 709-32 시흥5차푸르지오,14910,,37.4416793445,126.7865538933,즉석판매제조가공업,즉석판매제조가공업,,,0,N,,
,경기도 시흥시 마유로238번길 26,경기도 시흥시 정왕동 1366-4 LG마트(내) 두일,15079,031-496-7745,37.3376271419,126.7306774357,즉석판매제조가공업,즉석판매제조가공업,,,0,N,,
,"경기도 시흥시 희망공원로 269 (정왕동, 홈플러스시화점 2층)",경기도 시흥시 정왕동 2166-4 홈플러스시화점 2층,15081,031-792-6892,37.3452082082,126.725237369,즉석판매제조가공업,즉석판매제조가공업,,,,N,,
,"경기도 시흥시 삼미시장4길 10, 1층 (신천동)",경기도 시흥시 신천동 735-4 1층,14948,031-311-1334,37.4394899697,126.7837260365,즉석판매제조가공업,즉석판매제조가공업,,,0,N,,
,"경기도 시흥시 배곧4로 32-13, 이마트에브리데이 시흥배곧점 1층 일부호 (배곧동)",경기도 시흥시 배곧동 126,15010,,37.376956103,126.7268874805,즉석판매제조가공업,즉석판매제조가공업,,,,N,,
,경기도 시흥시 서울외곽순환고속도로 105 (조남동),경기도 시흥시 조남동 산 15-1,14983,031-792-4950,37.3838382249,126.8554983736,즉석판매제조가공업,즉석판매제조가공업,,,,N,,
,"경기도 시흥시 서울대학로278번길 67, 롯데마트(시흥배곧점) 1층 일부호 (배곧동)",경기도 시흥시 배곧동 203 롯데마트(시흥배곧점),15011,031-543-6513,37.3688907319,126.7313182505,즉석판매제조가공업,즉석판매제조가공업,,,,N,,
,경기도 시흥시 군자로492번길 12,경기도 시흥시 거모동 1474-1 일우상가 104,15071,031-692-2959,37.3459875256,126.7830797532,즉석판매제조가공업,즉석판매제조가공업,,,,N,,
,경기도 시흥시 매화2로 27,경기도 시흥시 매화동 221-1,14940,031-692-8870,37.4170951662,126.8117053958,즉석판매제조가공업,즉석판매제조가공업,,,0,N,,
,경기도 시흥시 오이도중앙로 32-1,경기도 시흥시 정왕동 1999-9 1층상가,15015,031-434-7567,37.3453033675,126.6896617622,즉석판매제조가공업,즉석판매제조가공업,,,0,N,,
,경기도 시흥시 오이도어시장로 7,경기도 시흥시 정왕동 2004-3 오이도종합어시장 A동 126호,15015,031-319-5250,37.3451101492,126.6890880534,즉석판매제조가공업,즉석판매제조가공업,,,0,N,,
,"경기도 시흥시 서울대학로278번길 67, 1(일부)층 (정왕동, 롯데마트 )",경기도 시흥시 정왕동 1771-1 롯데마트 1층 일부,15011,031-543-6513,37.3688907319,126.7313182505,즉석판매제조가공업,즉석판매제조가공업,,,,N,,
,"경기도 시흥시 진말로9번길 2, 부석프라자 107-1호 (장곡동)",경기도 시흥시 장곡동 820-3 부석프라자,15002,070-8888-9882,37.378468074,126.7852668701,즉석판매제조가공업,즉석판매제조가공업,,,0,N,,
,"경기도 시흥시 서울대학로278번길 19-13, 107동 2층 A-229(일부)호 (배곧동, 시흥배곧 C1 호반 써밋플레이스)",경기도 시흥시 배곧동 191 시흥배곧 C1 호반 써밋플레이스,15011,,37.3703857466,126.7269775004,즉석판매제조가공업,즉석판매제조가공업,,,0,N,,
,"경기도 시흥시 시흥대로1073번길 9, 1층 (신천동)",경기도 시흥시 신천동 886-29,14951,,37.4318314773,126.7917111135,즉석판매제조가공업,즉석판매제조가공업,,,,N,,
,"경기도 시흥시 배곧4로 32-13, 1층 일부호호 (배곧동)",경기도 시흥시 배곧동 126,15010,02-845-4358,37.376956103,126.7268874805,즉석판매제조가공업,즉석판매제조가공업,,,,N,,
,"경기도 시흥시 서촌상가2길 15, 정임프라자 3층 일부호 (정왕동)",경기도 시흥시 정왕동 1728-16 정임프라자,15036,,37.346586527,126.7334198604,즉석판매제조가공업,즉석판매제조가공업,,,0,N,,
,"경기도 시흥시 장곡로49번길 5, 1층 일부호 (장곡동)",경기도 시흥시 장곡동 813-1 1층호,15002,,37.3790337062,126.7834091127,즉석판매제조가공업,즉석판매제조가공업,,,,N,,
,"경기도 시흥시 큰솔로7번안길 13-2, 1층 일부호 (정왕동)",경기도 시흥시 정왕동 1412-10,15059,,37.3404075323,126.7509922838,즉석판매제조가공업,즉석판매제조가공업,,,0,N,,
,"경기도 시흥시 은계호수로 49, 시흥 센트럴돔 그랑트리 캐슬 1층 1065호 일부호 (은행동)",경기도 시흥시 은행동 605 시흥 센트럴돔 그랑트리 캐슬,14923,,37.4458457243,126.8020023203,즉석판매제조가공업,즉석판매제조가공업,,,0,N,,
,"경기도 시흥시 서울대학로278번길 67, 롯데마트(시흥배곧점) 1층 (정왕동)",경기도 시흥시 정왕동 2537-1 롯데마트(시흥배곧점),15011,031-734-0951,37.3688907319,126.7313182505,즉석판매제조가공업,즉석판매제조가공업,,,,N,,
,경기도 시흥시 오이도로 167,경기도 시흥시 정왕동 2003-8 오이도수산물직판장 A동 18호 49호,15015,031-433-3095,37.3458883179,126.6882103529,즉석판매제조가공업,즉석판매제조가공업,,,0,N,,
,"경기도 시흥시 장곡로37번길 16-1 (장곡동, 101,102호)","경기도 시흥시 장곡동 817-4 101호,102호",15002,031-318-2212,37.3778318261,126.7843919077,즉석판매제조가공업,즉석판매제조가공업,,,0,N,,
,"경기도 시흥시 월곶해안로 133 (월곶동, 화신시장28-29호)",경기도 시흥시 월곶동 1013-12 화신시장28-29호,14963,031-404-8377,37.3876563066,126.7353628154,즉석판매제조가공업,즉석판매제조가공업,,,0,N,,
,경기도 시흥시 마유로238번길 26,경기도 시흥시 정왕동 1366-4 지에스마트 시화점,15079,,37.3376271419,126.7306774357,즉석판매제조가공업,즉석판매제조가공업,,,,N,,
,,경기도 시흥시 거모동 1456-3,,031-492-0987,,,즉석판매제조가공업,즉석판매제조가공업,,,0,N,,
,경기도 시흥시 오이도중앙로36번길 12 (정왕동),"경기도 시흥시 정왕동 2002-11 성신수산시장 10-13, 10-14, 10-7, 11-8",15015,031-432-5404,37.3458642221,126.688639633,즉석판매제조가공업,즉석판매제조가공업,,,0,N,,
,"경기도 시흥시 평안상가1길 1, 시흥식자재마트내  일부호 (정왕동)",경기도 시흥시 정왕동 1622,15062,,37.3388673438,126.7483320831,즉석판매제조가공업,즉석판매제조가공업,,,,N,,
,경기도 시흥시 신천1길 20-5,경기도 시흥시 신천동 754-22,14948,031-313-5512,37.4397938403,126.780331885,즉석판매제조가공업,즉석판매제조가공업,,,0,N,,
,경기도 시흥시 함송로 21,경기도 시흥시 정왕동 1881-9,15020,031-432-1031,37.3637669836,126.7307042501,즉석판매제조가공업,즉석판매제조가공업,,,0,N,,
,"경기도 시흥시 장곡로 23, 106호 (장곡동)",경기도 시흥시 장곡동 823-2 106-2호,15002,,37.3790954387,126.7861645217,즉석판매제조가공업,즉석판매제조가공업,,,,N,,
,"경기도 시흥시 월곶중앙로70번길 3, 풍림프라자 1층 일부호 (월곶동)",경기도 시흥시 월곶동 1010-4 풍림프라자,14964,031-791-5618,37.3896123363,126.7381671017,즉석판매제조가공업,즉석판매제조가공업,,,,N,,
,"경기도 시흥시 은계번영길 28, 은계 디스퀘어 1층 102호 (은행동)",경기도 시흥시 은행동 645-5 은계 디스퀘어,14922,,37.4365417418,126.803196503,즉석판매제조가공업,즉석판매제조가공업,,,0,N,,
,"경기도 시흥시 서울대학로278번길 67, 시흥배곧 롯데마트 1층 일부(행사매대)호 (배곧동)",경기도 시흥시 배곧동 202 시흥배곧 롯데마트,15011,,37.3688907319,126.7313182505,즉석판매제조가공업,즉석판매제조가공업,,,,N,,
,"경기도 시흥시 장현능곡로 178, 106호 (능곡동)",경기도 시흥시 능곡동 719 106호,14995,,37.3696097976,126.8099146126,즉석판매제조가공업,즉석판매제조가공업,,,0,N,,
,"경기도 시흥시 오이도로 173, 54호 (정왕동)",경기도 시흥시 정왕동 2003-12,15015,,37.3454457514,126.6880796381,즉석판매제조가공업,즉석판매제조가공업,,,0,N,,
,경기도 시흥시 희망공원로 269,경기도 시흥시 정왕동 2166-4 삼성홈플러스 시화점내,15081,,37.3452082082,126.725237369,즉석판매제조가공업,즉석판매제조가공업,,,0,N,,
,"경기도 시흥시 마유로238번길 26 (정왕동, 롯데마트 시화점)",경기도 시흥시 정왕동 1366-4 롯대마트 시화점,15079,032-561-5209,37.3376271419,126.7306774357,즉석판매제조가공업,즉석판매제조가공업,,,0,N,,
,"경기도 시흥시 평안상가1길 1, 시흥식자재마트 시화점 일부호 (정왕동)",경기도 시흥시 정왕동 1622,15062,,37.3388673438,126.7483320831,즉석판매제조가공업,즉석판매제조가공업,,,,N,,
,"경기도 시흥시 삼미시장3길 16, 2층 일부호 (신천동)",경기도 시흥시 신천동 739-5 시흥창대교회,14948,,37.4399676615,126.7837214832,즉석판매제조가공업,즉석판매제조가공업,,,,N,,
,경기도 시흥시 신천6길 18-1 (신천동),경기도 시흥시 신천동 833-5,14948,031-314-6525,37.4374762481,126.7801506101,즉석판매제조가공업,즉석판매제조가공업,,,0,N,,
,경기도 시흥시 오이도어시장로 7,"경기도 시흥시 정왕동 2004-3 오이도어시장 A동 19,20호",15015,031-498-3155,37.3451101492,126.6890880534,즉석판매제조가공업,즉석판매제조가공업,,,0,N,,
,"경기도 시흥시 배곧4로 22, 배곧타운2 1층 123호 (정왕동)",경기도 시흥시 정왕동 2475-1 배곧타운2,15010,,37.377578519,126.7269601551,즉석판매제조가공업,즉석판매제조가공업,,,,N,,
,"경기도 시흥시 마유로238번길 26 (정왕동, 롯데마트 시화점)",경기도 시흥시 정왕동 1366-4 롯데마트 시화점,15079,,37.3376271419,126.7306774357,즉석판매제조가공업,즉석판매제조가공업,,,0,N,,
,경기도 시흥시 월곶해안로 133,"경기도 시흥시 월곶동 1013-12 화신수산시장 32,33호",14963,031-404-4458,37.3876563066,126.7353628154,즉석판매제조가공업,즉석판매제조가공업,,,0,N,,
,"경기도 시흥시 비둘기공원로 28 (대야동, 롯데마트시흥점)",경기도 시흥시 대야동 542,14912,,37.4430368253,126.7919559438,즉석판매제조가공업,즉석판매제조가공업,,,,N,,
,"경기도 시흥시 정왕대로 210, 2층 (정왕동)",경기도 시흥시 정왕동 1734-2 2층,15066,02-2274-1186,37.3459328804,126.7368812651,즉석판매제조가공업,즉석판매제조가공업,,,,N,,
,경기도 시흥시 마유로238번길 26,경기도 시흥시 정왕동 1366-4 GS마트 시화점,15079,02-421-5714,37.3376271419,126.7306774357,즉석판매제조가공업,즉석판매제조가공업,,,,N,,
,경기도 시흥시 월곶해안로 133,경기도 시흥시 월곶동 1013-12 화신수산시장 107호,14963,,37.3876563066,126.7353628154,즉석판매제조가공업,즉석판매제조가공업,,,0,N,,
,경기도 시흥시 오이도로 173,"경기도 시흥시 정왕동 2003-12 B동 146,147호",15015,031-431-3654,37.3454457514,126.6880796381,즉석판매제조가공업,즉석판매제조가공업,,,0,N,,
,"경기도 시흥시 정왕대로 210, 2층 (정왕동, 이마트 시화점)",경기도 시흥시 정왕동 1734-1 이마트 시화점 2층,15066,,37.3459328804,126.7368812651,즉석판매제조가공업,즉석판매제조가공업,,,0,N,,
,"경기도 시흥시 죽율로 38, 상가동 203호 (죽율동, 푸르지오6차 2단지)",경기도 시흥시 죽율동 752 푸르지오6차 2단지 상가동 203호,15050,031-497-4999,37.348034725,126.7612810999,즉석판매제조가공업,즉석판매제조가공업,,,0,N,,
,"경기도 시흥시 승지로 73 (능곡동, 1층 일부)",경기도 시흥시 능곡동 543 1층 일부,14994,,37.3706230971,126.8105603718,즉석판매제조가공업,즉석판매제조가공업,,,0,N,,
,"경기도 시흥시 서울외곽순환고속도로 105, 하늘휴게소 (조남동)",경기도 시흥시 조남동 산 15-1,14983,031-792-4950,37.3838382249,126.8554983736,즉석판매제조가공업,즉석판매제조가공업,,,,N,,
,경기도 시흥시 오이도로 173,"경기도 시흥시 정왕동 2003-12 오이도직판장 B동 153,154호",15015,031-432-8839,37.3454457514,126.6880796381,즉석판매제조가공업,즉석판매제조가공업,,,0,N,,
,"경기도 시흥시 오이도로 173, B동 39호 (정왕동)",경기도 시흥시 정왕동 2003-12,15015,031-499-1789,37.3454457514,126.6880796381,즉석판매제조가공업,즉석판매제조가공업,,,0,N,,
,"경기도 시흥시 서촌상가4길 22, B동 105호 (정왕동, 화신오피스텔 )",경기도 시흥시 정왕동 1730-5,15036,031-497-9553,37.3460592283,126.7313365565,즉석판매제조가공업,즉석판매제조가공업,,,0,N,,
,,경기도 시흥시 대야동 542 롯데마트시흥점 식품매장내,,,,,즉석판매제조가공업,즉석판매제조가공업,,,,N,,
,"경기도 시흥시 정왕대로 210, E MART시화점 1층 (정왕동)",경기도 시흥시 정왕동 1734-2 E MART시화점,15066,031-858-1226,37.3459328804,126.7368812651,즉석판매제조가공업,즉석판매제조가공업,,,,N,,
,"경기도 시흥시 서울대학로278번길 61, 서영베니스스퀘어 2층 210호 일부호 (배곧동)",경기도 시흥시 배곧동 204 서영베니스스퀘어,15011,,37.3681926149,126.7306929431,즉석판매제조가공업,즉석판매제조가공업,,,,N,,
,경기도 시흥시 비둘기공원로 28,경기도 시흥시 대야동 542 롯데마트시흥점,14912,031-312-4063,37.4430368253,126.7919559438,즉석판매제조가공업,즉석판매제조가공업,,,,N,,
,"경기도 시흥시 서울대학로278번길 67, 시흥배곧 롯데마트 1층 (정왕동)",경기도 시흥시 정왕동 2537-1 시흥배곧 롯데마트,15011,,37.3688907319,126.7313182505,즉석판매제조가공업,즉석판매제조가공업,,,,N,,
,"경기도 시흥시 옥구공원로 183, 1층 (정왕동)",경기도 시흥시 정왕동 1733-4,15036,070-7811-8500,37.3450091694,126.732035946,즉석판매제조가공업,즉석판매제조가공업,,,,N,,
,"경기도 시흥시 삼미시장2길 30 (신천동, 고려상가)",경기도 시흥시 신천동 739 고려상가,14948,031-691-0218,37.4404684859,126.7830723651,즉석판매제조가공업,즉석판매제조가공업,,,0,N,,
,"경기도 시흥시 월곶중앙로70번길 3, 진주마을 풍림1차 아이원 단지내 상가동 401호일부호 (월곶동)",경기도 시흥시 월곶동 1010-4 진주마을 풍림1차 아이원 단지내 상가동,14964,031-313-3004,37.3896123363,126.7381671017,즉석판매제조가공업,즉석판매제조가공업,,,0,N,,
,"경기도 시흥시 미산로127번길 13-4, 1층 일부호 (미산동)",경기도 시흥시 미산동 374,14944,031-313-2894,37.4184150369,126.7955329108,즉석판매제조가공업,즉석판매제조가공업,,,,N,,
,"경기도 시흥시 비둘기공원5길 7, 동진빌딩 3층 일부호 (대야동)",경기도 시흥시 대야동 536,14912,,37.4431020845,126.7908135554,즉석판매제조가공업,즉석판매제조가공업,,,0,N,,
,경기도 시흥시 공단1대로 204,경기도 시흥시 정왕동 1364-0,15090,,37.3377143433,126.7247047566,즉석판매제조가공업,즉석판매제조가공업,,,0,N,,
,"경기도 시흥시 오이도로 173, B동 152호 (정왕동,오이도수산물직판장)",경기도 시흥시 정왕동 2003-12 오이도수산물직판장 B동 152호,15015,,37.3454457514,126.6880796381,즉석판매제조가공업,즉석판매제조가공업,,,0,N,,
,경기도 시흥시 비둘기공원7길 33,경기도 시흥시 대야동 543-1 성원디아망타운 112호,14912,031-313-3457,37.4430055784,126.7927588701,즉석판매제조가공업,즉석판매제조가공업,,,,N,,
,경기도 시흥시 정왕시장길 51,경기도 시흥시 정왕동 1203 정왕시장 101호,15052,,37.3458093904,126.7485677164,즉석판매제조가공업,즉석판매제조가공업,,,,N,,
,경기도 시흥시 목감초등길 14-22,경기도 시흥시 조남동 171-18 104호,14984,031-483-9908,37.3852378798,126.8592818605,즉석판매제조가공업,즉석판매제조가공업,,,0,N,,
,경기도 시흥시 군자로477번길 2 (거모동),경기도 시흥시 거모동 1725-5,15068,031-495-0717,37.3472716392,126.7837675419,즉석판매제조가공업,즉석판매제조가공업,,,0,N,,
,"경기도 시흥시 동서로 287, 갯골생태공원 (장곡동)",경기도 시흥시 장곡동 724-32 갯골생태공원,14971,,37.3897919258,126.7812507272,즉석판매제조가공업,즉석판매제조가공업,,,,N,,
,경기도 시흥시 도일로 138 (거모동),경기도 시흥시 거모동 1771-1,15069,031-508-6680,37.3423485217,126.7849884164,즉석판매제조가공업,즉석판매제조가공업,,,,N,,
,"경기도 시흥시 목감우회로 39, 목감 시티프라자 1층 108호 일부호 (목감동)",경기도 시흥시 목감동 403-1 목감 시티프라자,14985,031-410-2304,37.3819082861,126.8602929025,즉석판매제조가공업,즉석판매제조가공업,,,,N,,
,"경기도 시흥시 신천로19번길 8, 1층 일부호 (신천동)",경기도 시흥시 신천동 878-7,14951,,37.4330961536,126.7906706068,즉석판매제조가공업,즉석판매제조가공업,,,0,N,,
,경기도 시흥시 삼미시장2길 39 (신천동),경기도 시흥시 신천동 737-14,14948,031-312-7894,37.4402590238,126.784204789,즉석판매제조가공업,즉석판매제조가공업,,,0,N,,
,경기도 시흥시 시흥대로1074번길 23-1,경기도 시흥시 은행동 293-11,14921,031-313-3939,37.4313413019,126.7956604513,즉석판매제조가공업,즉석판매제조가공업,,,0,N,,
,"경기도 시흥시 시흥대로1074번길 5, 롯데슈퍼  1층 일부호 (은행동)",경기도 시흥시 은행동 288-1 스페이스타워,14921,,37.4320543214,126.7936643149,즉석판매제조가공업,즉석판매제조가공업,,,,N,,
,"경기도 시흥시 장현능곡로 155, 시흥 플랑드르 지하1층 일부호 (능곡동)",경기도 시흥시 능곡동 871 시흥 플랑드르,15121,,37.3710186339,126.8072928232,즉석판매제조가공업,즉석판매제조가공업,,,,N,,
,"경기도 시흥시 마유로238번길 26, 롯데마트시화점 일부호 (정왕동)",경기도 시흥시 정왕동 1366-4,15079,,37.3376271419,126.7306774357,즉석판매제조가공업,즉석판매제조가공업,,,,N,,
,"경기도 시흥시 수인로 2323, 2층 (목감동)",경기도 시흥시 목감동 235-2,14984,,37.3866531893,126.8626473949,즉석판매제조가공업,즉석판매제조가공업,,,,N,,
,"경기도 시흥시 비둘기공원로 21, 2층 201호 일부호 (대야동, 대야하이빌)",경기도 시흥시 대야동 562-5 대야하이빌,14908,031-318-3822,37.4439484989,126.7921734489,즉석판매제조가공업,즉석판매제조가공업,,,0,N,,
,,경기도 시흥시 거모동 8-4 8브럭4롯트,15043,031-376-1751,,,즉석판매제조가공업,즉석판매제조가공업,,,0,N,,
,"경기도 시흥시 목감우회로 45, 한울플러스 501호, 502호 (목감동)",경기도 시흥시 목감동 403-2 한울플러스,14985,031-8089-8333,37.3820288176,126.8609131341,즉석판매제조가공업,즉석판매제조가공업,,,,N,,
,경기도 시흥시 삼미시장2길 35,경기도 시흥시 신천동 738-4,14948,031-316-5289,37.4404099175,126.7838190062,즉석판매제조가공업,즉석판매제조가공업,,,0,N,,
,"경기도 시흥시 은계중앙로 362, 1층 101호 (대야동)",경기도 시흥시 대야동 653-3,15120,,37.4515418898,126.7958554784,즉석판매제조가공업,즉석판매제조가공업,,,,N,,
,"경기도 시흥시 시흥대로 249, A동 1층 일부호 (군자동)",경기도 시흥시 군자동 124,14997,,37.3633668931,126.8059064075,즉석판매제조가공업,즉석판매제조가공업,,지하수전용,,N,,
,"경기도 시흥시 장현능곡로 7, 하나로마트 수산코너 1층 일부호 (장곡동)",경기도 시흥시 장곡동 949-12,14996,,37.3730147441,126.7912480485,즉석판매제조가공업,즉석판매제조가공업,,,,N,,
,경기도 시흥시 오이도어시장로 7,"경기도 시흥시 정왕동 2004-3 A동 158,160호",15015,,37.3451101492,126.6890880534,즉석판매제조가공업,즉석판매제조가공업,,,0,N,,
,"경기도 시흥시 새재로17번길 3, 이마트에브리데이 장현점 1층 일부호 (장현동)",경기도 시흥시 장현동 543-1,14998,,37.3810543546,126.8017561503,즉석판매제조가공업,즉석판매제조가공업,,,0,N,,
,경기도 시흥시 희망공원로 269 (정왕동),경기도 시흥시 정왕동 2166-4 2층,15081,,37.3452082082,126.725237369,즉석판매제조가공업,즉석판매제조가공업,,,0,N,,
,"경기도 시흥시 시흥대로1074번길 5 (은행동, 롯데슈퍼)",경기도 시흥시 은행동 288-1 롯데슈퍼,14921,,37.4320543214,126.7936643149,즉석판매제조가공업,즉석판매제조가공업,,,,N,,
,"경기도 시흥시 비둘기공원로 28, 1층 (대야동, 롯데마트 시흥점)",경기도 시흥시 대야동 542 1층,14912,02-589-3764,37.4430368253,126.7919559438,즉석판매제조가공업,즉석판매제조가공업,,,,N,,
,"경기도 시흥시 오이도어시장로 7, 1층 189호 (정왕동)",경기도 시흥시 정왕동 2004-3 오이도종합어시장,15015,,37.3451101492,126.6890880534,즉석판매제조가공업,즉석판매제조가공업,,,,N,,
,"경기도 시흥시 은계중앙로 247, 2층 202호일부호 203호일부호 (은행동)",경기도 시흥시 은행동 607,14923,070-8666-6215,37.4458800343,126.8032342589,즉석판매제조가공업,즉석판매제조가공업,,,,N,,
,"경기도 시흥시 정왕대로 210, E MART시화점 1층 일부호 (정왕동)",경기도 시흥시 정왕동 1734-2 E MART시화점,15066,031-8017-1155,37.3459328804,126.7368812651,즉석판매제조가공업,즉석판매제조가공업,,,,N,,
,"경기도 시흥시 목감우회로 39, 목감 시티프라자 7층 (목감동)",경기도 시흥시 목감동 403-1 목감 시티프라자,14985,,37.3819082861,126.8602929025,즉석판매제조가공업,즉석판매제조가공업,,,,N,,
,"경기도 시흥시 정왕대로 64, 시흥식자재마트 (정왕동)",경기도 시흥시 정왕동 1861-3,15040,032-521-2348,37.3542557561,126.7235297297,즉석판매제조가공업,즉석판매제조가공업,,,,N,,
,"경기도 시흥시 평안상가1길 1, 한샘식자재마트  일부호 (정왕동)",경기도 시흥시 정왕동 1622,15062,032-324-7694,37.3388673438,126.7483320831,즉석판매제조가공업,즉석판매제조가공업,,,,N,,
,"경기도 시흥시 함송로13번길 27 (정왕동, 한국유통내)",경기도 시흥시 정왕동 1878-2 한국유통내,15020,031-431-4600,37.3651101625,126.7321134465,즉석판매제조가공업,즉석판매제조가공업,,,0,N,,
,"경기도 시흥시 수인로3325번길 10 (신천동, 한국할인마트내)",경기도 시흥시 신천동 774 한국할인마트내,14950,031-315-8133,37.4382099813,126.788191992,즉석판매제조가공업,즉석판매제조가공업,,,,N,,
,"경기도 시흥시 은행로173번길 17, HOMEPLUS EXPRESS 1층 일부호 (대야동)",경기도 시흥시 대야동 572-3 HOMEPLUS EXPRESS,14914,,37.44484142,126.7968000667,즉석판매제조가공업,즉석판매제조가공업,,,,N,,
,"경기도 시흥시 은계남로 12, 1층 135호 일부호 (은행동, 시흥은계 호반 써밋플레이스)",경기도 시흥시 은행동 644 시흥은계 호반 써밋플레이스,14922,,37.4351025771,126.8037071995,즉석판매제조가공업,즉석판매제조가공업,,,0,N,,
,"경기도 시흥시 대은로103번길 3, 102호 (대야동)",경기도 시흥시 대야동 580-2 102호,14915,070-8826-9926,37.4458370742,126.799017853,즉석판매제조가공업,즉석판매제조가공업,,,,N,,
,"경기도 시흥시 진말로 46-1, 진말삼환 한진아파트(상가) 상가동 1층 106호 (장곡동)",경기도 시흥시 장곡동 829 진말삼환 한진아파트(상가),15002,,37.3814563165,126.7875427754,즉석판매제조가공업,즉석판매제조가공업,,,,N,,
,"경기도 시흥시 중심상가로 320, 서울프라자 1층 101호 (정왕동)",경기도 시흥시 정왕동 1782-5 서울프라자,15062,,37.3371321576,126.7476156066,즉석판매제조가공업,즉석판매제조가공업,,,,N,,
,"경기도 시흥시 매화로 96, 1층 일부호 (도창동)",경기도 시흥시 도창동 385,14942,,37.4108696569,126.8153105165,즉석판매제조가공업,즉석판매제조가공업,,,,N,,
,경기도 시흥시 정왕천로355번길 8,경기도 시흥시 정왕동 1439-12,15058,031-497-4486,37.3408456404,126.7475898501,즉석판매제조가공업,즉석판매제조가공업,,,0,N,,
,경기도 시흥시 마유로238번길 26,경기도 시흥시 정왕동 1366-4 엘지마트시화점,15079,031-421-9796,37.3376271419,126.7306774357,즉석판매제조가공업,즉석판매제조가공업,,,0,N,,
,경기도 시흥시 마유로238번길 26,경기도 시흥시 정왕동 1366-4 GS마트,15079,,37.3376271419,126.7306774357,즉석판매제조가공업,즉석판매제조가공업,,,0,N,,
,경기도 시흥시 군서로 35 (정왕동),경기도 시흥시 정왕동 1212-7,15052,031-434-3361,37.3454178803,126.7479506683,즉석판매제조가공업,즉석판매제조가공업,,,,N,,
,경기도 시흥시 하우로 171 (주)태평 1층 일부호 (대야동),경기도 시흥시 대야동 3-31 (주)태평,14900,,37.4699546479,126.7820557737,즉석판매제조가공업,즉석판매제조가공업,,,,N,,
,경기도 시흥시 비둘기공원로 28,경기도 시흥시 대야동 542 롯데마트 내 1층,14912,,37.4430368253,126.7919559438,즉석판매제조가공업,즉석판매제조가공업,,,0,N,,
,"경기도 시흥시 정왕대로 64, B01호 (정왕동, 메가쇼핑몰)",경기도 시흥시 정왕동 1861-2 메가쇼핑몰 B01호,15040,031-432-0988,37.3542557561,126.7235297297,즉석판매제조가공업,즉석판매제조가공업,,,0,N,,
,"경기도 시흥시 은계남로 12, 1층 135호 (은행동, 시흥은계 호반 써밋플레이스)",경기도 시흥시 은행동 644 시흥은계 호반 써밋플레이스,14922,,37.4351025771,126.8037071995,즉석판매제조가공업,즉석판매제조가공업,,,,N,,
,"경기도 시흥시 군자로 472 (거모동, 삼익빌라101동103호)",경기도 시흥시 거모동 1728-3 삼익빌라101동103호,15071,031-493-1749,37.3474817311,126.7827381264,즉석판매제조가공업,즉석판매제조가공업,,,0,N,,
,"경기도 시흥시 배곧3로 86, 센터프라자2 1층 105호 (배곧동)",경기도 시흥시 배곧동 194-2 센터프라자2,15011,,37.3702222869,126.7295541408,즉석판매제조가공업,즉석판매제조가공업,,,,N,,
,"경기도 시흥시 옥구천동로 402, GS수퍼마켓 정왕점 (정왕동)",경기도 시흥시 정왕동 1873-3 월드아파트,15027,,37.3567512193,126.7302225709,즉석판매제조가공업,즉석판매제조가공업,,,,N,,
,"경기도 시흥시 희망공원로 269, 홈플러스시화점 2층 (정왕동)",경기도 시흥시 정왕동 2166-4 홈플러스시화점,15081,070-5075-7070,37.3452082082,126.725237369,즉석판매제조가공업,즉석판매제조가공업,,,,N,,
,,경기도 시흥시 목감동 200-6,,031-405-6462,,,즉석판매제조가공업,즉석판매제조가공업,,,0,N,,
,"경기도 시흥시 수풀안길 19-30, 401동 1층 103호 (조남동, 시흥목감C1BL 호반베르디움 더클래스)",경기도 시흥시 조남동 721 시흥목감C1BL 호반베르디움 더클래스 401동 103호,14986,,37.3789267815,126.8640117225,즉석판매제조가공업,즉석판매제조가공업,,,,N,,
,"경기도 시흥시 오이도로 167, A동 7호 (정왕동,오이도수산물직판장)",경기도 시흥시 정왕동 2003-8 오이도수산물직판장 A동 7호,15015,,37.3458883179,126.6882103529,즉석판매제조가공업,즉석판매제조가공업,,,,N,,
,"경기도 시흥시 월곶중앙로 33 (월곶동, 나-82,83)","경기도 시흥시 월곶동 1015-31 나-82,83",14963,031-318-8579,37.3873702521,126.7413301549,즉석판매제조가공업,즉석판매제조가공업,,,,N,,
,경기도 시흥시 비둘기공원로 28,경기도 시흥시 대야동 542 GS마트시흥점,14912,,37.4430368253,126.7919559438,즉석판매제조가공업,즉석판매제조가공업,,,0,N,,
,경기도 시흥시 수인로3395번길 19-1 (신천동),경기도 시흥시 신천동 756,14948,,37.4400612712,126.7813240954,즉석판매제조가공업,즉석판매제조가공업,,,,N,,
,경기도 시흥시 수인로3247번길 38,경기도 시흥시 은행동 240-2 365세일마트,14920,031-316-4114,37.4350203239,126.797423228,즉석판매제조가공업,즉석판매제조가공업,,,0,N,,
,"경기도 시흥시 솔고개길 4-7, 1층 102호 (목감동)",경기도 시흥시 목감동 407-3,14985,031-401-1588,37.3826024486,126.8619813516,즉석판매제조가공업,즉석판매제조가공업,,,,N,,
,"경기도 시흥시 은계중앙로 115, 1층 108호 일부호 (은행동, 시흥은계우미린더퍼스트)",경기도 시흥시 은행동 621 시흥은계우미린더퍼스트,14923,,37.441483793,126.8021106675,즉석판매제조가공업,즉석판매제조가공업,,,,N,,
,"경기도 시흥시 비둘기공원로 28, 롯데마트 시흥점 2층 일부호 (대야동)",경기도 시흥시 대야동 542 롯데마트 시흥점,14912,032-561-5209,37.4430368253,126.7919559438,즉석판매제조가공업,즉석판매제조가공업,,,0,N,,
,"경기도 시흥시 호현로85번길 6, 1층 (대야동)",경기도 시흥시 대야동 461-4 1층,14905,031-312-2312,37.4473708089,126.7872007767,즉석판매제조가공업,즉석판매제조가공업,,,0,N,,
,경기도 시흥시 마유로238번길 26,경기도 시흥시 정왕동 1366-4 롯데마트 시화점,15079,,37.3376271419,126.7306774357,즉석판매제조가공업,즉석판매제조가공업,,,,N,,
,"경기도 시흥시 중심상가로 186, 창신시화빌딩 5층 (정왕동)",경기도 시흥시 정왕동 1742-4 창신시화빌딩,15066,,37.3445002827,126.7355748511,즉석판매제조가공업,즉석판매제조가공업,,,0,N,,
,"경기도 시흥시 은계중앙로 234, 은계호수타운3차 1동 5층 520호 (은행동)",경기도 시흥시 은행동 608-8,14923,,37.4448867069,126.8044531021,즉석판매제조가공업,즉석판매제조가공업,,,,N,,
,"경기도 시흥시 인선길 46 (장곡동, 연성쉐르빌 상가동 105호)",경기도 시흥시 장곡동 811-3 연성쉐르빌 상가동 105호,15002,031-404-4887,37.3775561661,126.7835248245,즉석판매제조가공업,즉석판매제조가공업,,,0,N,,
,경기도 시흥시 오이도로 167,경기도 시흥시 정왕동 2003-8 A동 20호,15015,031-433-1921,37.3458883179,126.6882103529,즉석판매제조가공업,즉석판매제조가공업,,,,N,,
,"경기도 시흥시 서울대학로278번길 61, 서영베니스스퀘어 3층 336-2호 (배곧동)",경기도 시흥시 배곧동 204 서영베니스스퀘어,15011,,37.3681926149,126.7306929431,즉석판매제조가공업,즉석판매제조가공업,,,,N,,
,"경기도 시흥시 은계남로 12, 판매시설동 1층 164호 일부호 (은행동, 시흥은계 호반 써밋플레이스)",경기도 시흥시 은행동 644 시흥은계 호반 써밋플레이스,14922,,37.4351025771,126.8037071995,즉석판매제조가공업,즉석판매제조가공업,,,0,N,,
,"경기도 시흥시 서울대학로278번길 67 (정왕동, 롯데마트배곧점)",경기도 시흥시 정왕동 1771-1,15011,,37.3688907319,126.7313182505,즉석판매제조가공업,즉석판매제조가공업,,,,N,,
,"경기도 시흥시 배곧4로 32-13, 이마트에브리데이 내 행사매대 1층 (배곧동)",경기도 시흥시 배곧동 126,15010,,37.376956103,126.7268874805,즉석판매제조가공업,즉석판매제조가공업,,,,N,,
,"경기도 시흥시 동서로 770, 안산농협 연꽃지점 로컬푸드직매장 일부호 (물왕동)",경기도 시흥시 물왕동 248-4 안산농협 창고시설,14990,,37.3843410162,126.8308012535,즉석판매제조가공업,즉석판매제조가공업,,,0,N,,
,"경기도 시흥시 새재로17번길 3, 이마트에브리데이 (장현동)",경기도 시흥시 장현동 543-1,14998,,37.3810543546,126.8017561503,즉석판매제조가공업,즉석판매제조가공업,,,,N,,
,"경기도 시흥시 도일로 123, 1층 102호 (거모동)",경기도 시흥시 거모동 1553-1 102호,15070,031-493-6840,37.3415478481,126.7837541694,즉석판매제조가공업,즉석판매제조가공업,,,0,N,,
,"경기도 시흥시 옥구공원로 183, 식자재왕도매마트 시화점 (정왕동)",경기도 시흥시 정왕동 1733-4,15036,,37.3450091694,126.732035946,즉석판매제조가공업,즉석판매제조가공업,,,,N,,
,"경기도 시흥시 목실길 3-1, 1층 일부호 (능곡동)",경기도 시흥시 능곡동 563-1,14994,031-313-5233,37.370822211,126.8137998828,즉석판매제조가공업,즉석판매제조가공업,,,0,N,,
,"경기도 시흥시 배곧4로 32-27, 108호 (정왕동, 광장프라자)",경기도 시흥시 정왕동 1772-28 광장프라자 108호,15010,,37.3776954647,126.7255471026,즉석판매제조가공업,즉석판매제조가공업,,,,N,,
,"경기도 시흥시 중심상가로 104, 101호 (정왕동, 진로아파트상가)",경기도 시흥시 정왕동 1848-4 진로아파트상가 101호,15038,,37.3490411068,126.728314167,즉석판매제조가공업,즉석판매제조가공업,,,,N,,
,"경기도 시흥시 비둘기공원로 28, 롯데마트 시흥점 (대야동)",경기도 시흥시 대야동 542 롯데마트 시흥점,14912,070-4300-9589,37.4430368253,126.7919559438,즉석판매제조가공업,즉석판매제조가공업,,,,N,,
,"경기도 시흥시 옥구천동로 420, 상가동 110호 (정왕동, 영남@)",경기도 시흥시 정왕동 1873-2 영남@ 상가동 110호,15027,031-499-6452,37.3570869164,126.7333356603,즉석판매제조가공업,즉석판매제조가공업,,,0,N,,
,"경기도 시흥시 호현로 78, 1층 일부호 (대야동)",경기도 시흥시 대야동 465-8 1층 일부호,14905,,37.4465600436,126.7872763004,즉석판매제조가공업,즉석판매제조가공업,,,,N,,
,경기도 시흥시 마유로238번길 26,경기도 시흥시 정왕동 1366-4,15079,031-496-7761,37.3376271419,126.7306774357,즉석판매제조가공업,즉석판매제조가공업,,,0,N,,
,경기도 시흥시 검바위1로 28 (은행동),경기도 시흥시 은행동 289-45,14921,031-404-5880,37.4315793314,126.7947652873,즉석판매제조가공업,즉석판매제조가공업,,,0,N,,
,경기도 시흥시 군자로504번길 1,경기도 시흥시 거모동 1742-1 보성빌딩 107호,15070,031-495-0450,37.3449417984,126.7845460989,즉석판매제조가공업,즉석판매제조가공업,,,0,N,,
,"경기도 시흥시 삼미시장2길 36, 2층 좌측호 (신천동)",경기도 시흥시 신천동 739-13,14948,,37.4401574151,126.7837988042,즉석판매제조가공업,즉석판매제조가공업,,상수도전용,,N,,
,"경기도 시흥시 희망공원로 269, 2층 (정왕동, 홈플러스 수산회코너)",경기도 시흥시 정왕동 2166-4,15081,051-246-2775,37.3452082082,126.725237369,즉석판매제조가공업,즉석판매제조가공업,,,,N,,
,"경기도 시흥시 월곶중앙로14번길 87 (월곶동, 단지상가101호)",경기도 시흥시 월곶동 1010-1 단지상가101호,14965,031-435-5989,37.3916530654,126.738733889,즉석판매제조가공업,즉석판매제조가공업,,,0,N,,
,,경기도 시흥시 은행동 288-1 스페이스타워 진로마트내,14921,,37.4320543214,126.7936643149,즉석판매제조가공업,즉석판매제조가공업,,,,N,,
,,"경기도 시흥시 신천동 739-13 ,14",14948,031-314-6820,37.4401574151,126.7837988042,즉석판매제조가공업,즉석판매제조가공업,,,0,N,,
,"경기도 시흥시 거북섬5길 6, 3층 307호 일부호 (정왕동)",경기도 시흥시 정왕동 2720-9,15119,,37.3217706821,126.6834022555,즉석판매제조가공업,즉석판매제조가공업,,,,N,,
,경기도 시흥시 수인로 2323,경기도 시흥시 목감동 235-2 프라자마트내,14984,031-575-1621,37.3866531893,126.8626473949,즉석판매제조가공업,즉석판매제조가공업,,,0,N,,
,"경기도 시흥시 마유로238번길 26 (정왕동, 롯데마트시화점 식품관)",경기도 시흥시 정왕동 1366-4,15079,,37.3376271419,126.7306774357,즉석판매제조가공업,즉석판매제조가공업,,,,N,,
,경기도 시흥시 수인로3335번길 6,경기도 시흥시 신천동 768-2 프라임슈퍼센터내,14950,,37.4390884254,126.7873810816,즉석판매제조가공업,즉석판매제조가공업,,,,N,,
,"경기도 시흥시 월곶고잔1길 92-1, 1층 일부호 (월곶동)",경기도 시흥시 월곶동 596-1,15005,070-7734-3611,37.3842531255,126.7529058867,즉석판매제조가공업,즉석판매제조가공업,,,0,N,,
,"경기도 시흥시 군서로10번길 23, 1층 우측호 (정왕동)",경기도 시흥시 정왕동 1179-7,15052,,37.3458130432,126.7519885669,즉석판매제조가공업,즉석판매제조가공업,,,,N,,
,"경기도 시흥시 평안상가1길 1, 1층 일부호 (정왕동)",경기도 시흥시 정왕동 1622,15062,,37.3388673438,126.7483320831,즉석판매제조가공업,즉석판매제조가공업,,,,N,,
,"경기도 시흥시 서울대학로264번길 25, 시흥배곧 아브뉴프랑 센트럴 블루 2층 207호 (배곧동)",경기도 시흥시 배곧동 219 시흥배곧 아브뉴프랑 센트럴 블루,15011,,37.3683599517,126.7273257955,즉석판매제조가공업,즉석판매제조가공업,,,,N,,
,"경기도 시흥시 은행로149번길 1, 시흥성원아파트 상가동 2층 203호 (은행동)",경기도 시흥시 은행동 538-2 시흥성원아파트,14917,,37.4441537742,126.7993953133,즉석판매제조가공업,즉석판매제조가공업,,,,N,,
,"경기도 시흥시 시흥대로1074번길 5, 롯데슈퍼 시흥점 (은행동)",경기도 시흥시 은행동 288-1 스페이스타워,14921,,37.4320543214,126.7936643149,즉석판매제조가공업,즉석판매제조가공업,,,,N,,
,경기도 시흥시 마유로238번길 26 (정왕동),경기도 시흥시 정왕동 1366-4,15079,,37.3376271419,126.7306774357,즉석판매제조가공업,즉석판매제조가공업,,,,N,,
,"경기도 시흥시 은계번영길 7, 단디프라자 107호 (은행동)",경기도 시흥시 은행동 646-2 단디프라자,14922,,37.4371002939,126.8016200973,즉석판매제조가공업,즉석판매제조가공업,,,,N,,
,경기도 시흥시 복지로93번길 3,경기도 시흥시 대야동 443-2,14906,031-692-5724,37.4478006682,126.7912327235,즉석판매제조가공업,즉석판매제조가공업,,,0,N,,
,"경기도 시흥시 월곶해안로 133 (월곶동, 화신시장37호)",경기도 시흥시 월곶동 1013-12 화신시장37호,14963,031-317-3363,37.3876563066,126.7353628154,즉석판매제조가공업,즉석판매제조가공업,,,0,N,,
,경기도 시흥시 매화로 46 (매화동),경기도 시흥시 매화동 199-2,14940,,37.4155072402,126.8145450656,즉석판매제조가공업,즉석판매제조가공업,,,0,N,,
,,경기도 시흥시 정왕동 1786,15063,031-499-5137,37.3388031522,126.7425075975,즉석판매제조가공업,즉석판매제조가공업,,,0,N,,
,"경기도 시흥시 새재로17번길 3, 이마트에브리데이 일부 (장현동)",경기도 시흥시 장현동 543-1,14998,070-7567-6565,37.3810543546,126.8017561503,즉석판매제조가공업,즉석판매제조가공업,,,,N,,
,경기도 시흥시 정왕대로233번안길 1 (정왕동),경기도 시흥시 정왕동 1600-6,15056,031-499-5888,37.3470070112,126.7413187431,즉석판매제조가공업,즉석판매제조가공업,,,0,N,,
,경기도 시흥시 오이도로 167,경기도 시흥시 정왕동 2003-8 오이도수산물직판장 A-49,15015,031-432-5613,37.3458883179,126.6882103529,즉석판매제조가공업,즉석판매제조가공업,,,0,N,,
,"경기도 시흥시 마유로 336, 정일빌딩 2층 일부호 (정왕동)",경기도 시흥시 정왕동 1735-2 정일빌딩,15066,,37.3457442363,126.7355848202,즉석판매제조가공업,즉석판매제조가공업,,,0,N,,
,"경기도 시흥시 오이도로 173, 1층 18호 (정왕동)",경기도 시흥시 정왕동 2003-12,15015,,37.3454457514,126.6880796381,즉석판매제조가공업,즉석판매제조가공업,,,0,N,,
,경기도 시흥시 비둘기공원로 28,경기도 시흥시 대야동 542-0 코오롱마트내,14912,02-386-9041,37.4430368253,126.7919559438,즉석판매제조가공업,즉석판매제조가공업,,,0,N,,
,"경기도 시흥시 정왕대로 210, 2층 (정왕동, 시화이마트)",경기도 시흥시 정왕동 1734-2 시화이마트 2층,15066,031-858-1226,37.3459328804,126.7368812651,즉석판매제조가공업,즉석판매제조가공업,,,,N,,
,"경기도 시흥시 정왕대로 64, B1층 일부호 (정왕동)",경기도 시흥시 정왕동 1861-3,15040,02-2219-4801,37.3542557561,126.7235297297,즉석판매제조가공업,즉석판매제조가공업,,,,N,,
,"경기도 시흥시 비둘기공원로 28 (대야동, 롯데마트 시흥점 내 수산코너)",경기도 시흥시 대야동 542,14912,,37.4430368253,126.7919559438,즉석판매제조가공업,즉석판매제조가공업,,,,N,,
,"경기도 시흥시 장곡로 74, 1층 114호 일부호 (장곡동)",경기도 시흥시 장곡동 802-2 금강프라자,15002,031-317-7550,37.3797651344,126.7806574278,즉석판매제조가공업,즉석판매제조가공업,,,0,N,,
,"경기도 시흥시 능곡로 188, 효창프라자 107호 (능곡동)",경기도 시흥시 능곡동 752 효창프라자,14995,,37.3683865697,126.8103662625,즉석판매제조가공업,즉석판매제조가공업,,,0,N,,
,"경기도 시흥시 뱀내장터로25번길 4, 1층 일부호 (대야동)",경기도 시흥시 대야동 501-22,14909,031-494-1331,37.4419291063,126.7876141456,즉석판매제조가공업,즉석판매제조가공업,,,0,N,,
,"경기도 시흥시 오이도어시장로 7 (정왕동, 169호)",경기도 시흥시 정왕동 2004-3 169호,15015,,37.3451101492,126.6890880534,즉석판매제조가공업,즉석판매제조가공업,,,0,N,,
,경기도 시흥시 도일로 133,경기도 시흥시 거모동 1753-1 진로마트,15070,,37.342226503,126.7841880159,즉석판매제조가공업,즉석판매제조가공업,,,0,N,,
,"경기도 시흥시 함송로14번길 13-11, 3층 (정왕동)",경기도 시흥시 정왕동 1884-2,15020,,37.3631016069,126.7295704872,즉석판매제조가공업,즉석판매제조가공업,,,,N,,
,"경기도 시흥시 비둘기공원로 28, 롯데마트 시흥점 2층 (대야동)",경기도 시흥시 대야동 542 롯데마트 시흥점,14912,031-543-6513,37.4430368253,126.7919559438,즉석판매제조가공업,즉석판매제조가공업,,,,N,,
,"경기도 시흥시 황고개로 536, 장현리메인시티 1층 104호 (장곡동)",경기도 시흥시 장곡동 932-3 장현리메인시티,14996,,37.3785371682,126.7892533441,즉석판매제조가공업,즉석판매제조가공업,,,0,N,,
,경기도 시흥시 대골안길 51,경기도 시흥시 대야동 470,14905,031-311-4585,37.4450684421,126.7880478842,즉석판매제조가공업,즉석판매제조가공업,,,0,N,,
,"경기도 시흥시 월곶중앙로14번길 24, 1층 (월곶동)",경기도 시흥시 월곶동 993-2 1층,14968,031-318-8103,37.3890853161,126.7445323851,즉석판매제조가공업,즉석판매제조가공업,,,0,N,,
,"경기도 시흥시 하중로 193, 1층 110호 일부호 (하중동)",경기도 시흥시 하중동 856-1,14976,031-315-8285,37.3944204983,126.8046259833,즉석판매제조가공업,즉석판매제조가공업,,,,N,,
,"경기도 시흥시 오이도로 173, B동 13~15호 (정왕동)",경기도 시흥시 정왕동 2003-12 B동 13~15호,15015,,37.3454457514,126.6880796381,즉석판매제조가공업,즉석판매제조가공업,,,,N,,
,"경기도 시흥시 오이도로 173, .동 111, 112호 (정왕동,수산물직판장 충남젓갈상회)","경기도 시흥시 정왕동 2003-12 수산물직판장 충남젓갈상회 .동 111, 112호",15015,031-413-6744,37.3454457514,126.6880796381,즉석판매제조가공업,즉석판매제조가공업,,,0,N,,
,경기도 시흥시 오이도어시장로 8,"경기도 시흥시 정왕동 2005-3 B동 157,168호",15015,,37.3446490932,126.6888897946,즉석판매제조가공업,즉석판매제조가공업,,,0,N,,
,"경기도 시흥시 평안상가1길 1, 지하1층 일부호 (정왕동)",경기도 시흥시 정왕동 1622,15062,,37.3388673438,126.7483320831,즉석판매제조가공업,즉석판매제조가공업,,,,N,,
,"경기도 시흥시 배곧1로 27-15, 자하1층 일부호 (배곧동, 한라비발디캠퍼스)",경기도 시흥시 배곧동 243 한라비발디캠퍼스,15011,,37.3636798562,126.7119931155,즉석판매제조가공업,즉석판매제조가공업,,,,N,,
,"경기도 시흥시 배곧4로 83, 아이프라자 103호 (배곧동)",경기도 시흥시 배곧동 72 아이프라자,15010,031-362-4434,37.3748597232,126.7330079714,즉석판매제조가공업,즉석판매제조가공업,,,,N,,
,"경기도 시흥시 연성로13번길 3, 107호 (하중동)",경기도 시흥시 하중동 875-1 107호,14976,031-316-9339,37.39044629,126.804764366,즉석판매제조가공업,즉석판매제조가공업,,,,N,,
,"경기도 시흥시 대은로 52, 비둘기공원 (공중화장실) (은행동)",경기도 시흥시 은행동 551 비둘기공원 (공중화장실),14919,,37.4419325921,126.7942046426,즉석판매제조가공업,즉석판매제조가공업,,,0,N,,
,"경기도 시흥시 배곧4로 81-48, 제일프라자 101~106호 (배곧동)",경기도 시흥시 배곧동 68 제일프라자,15010,,37.374829966,126.7339795921,즉석판매제조가공업,즉석판매제조가공업,,,,N,,
,경기도 시흥시 정왕시장길 52 (정왕동),경기도 시흥시 정왕동 1202,15052,031-319-1555,37.3455685452,126.7489652672,즉석판매제조가공업,즉석판매제조가공업,,,,N,,
,"경기도 시흥시 시청로68번길 26 (장현동, 드림팰리스108호)",경기도 시흥시 장현동 546-1 드림팰리스108호,14998,031-404-1163,37.3817860222,126.8020204577,즉석판매제조가공업,즉석판매제조가공업,,,0,N,,
,"경기도 시흥시 신천3길 28-6, 1층 (신천동)",경기도 시흥시 신천동 760-5 1층,14948,031-318-0069,37.4389639233,126.7831884557,즉석판매제조가공업,즉석판매제조가공업,,,0,N,,
,"경기도 시흥시 오동마을로6번안길 31, 백송빌딩 1층 일부호 (정왕동)",경기도 시흥시 정왕동 2317-10 백송빌딩,15049,,37.3517380683,126.7453697432,즉석판매제조가공업,즉석판매제조가공업,,,,N,,
,경기도 시흥시 시흥대로1074번길 5 (은행동),경기도 시흥시 은행동 288-1 스페이스타워,14921,,37.4320543214,126.7936643149,즉석판매제조가공업,즉석판매제조가공업,,,,N,,
,경기도 시흥시 매화2로 9 (매화동),경기도 시흥시 매화동 247-8,14940,,37.4161593645,126.8135333645,즉석판매제조가공업,즉석판매제조가공업,,,0,N,,
,"경기도 시흥시 마유로238번길 26, 1층 (정왕동, 롯데마트 시화점)",경기도 시흥시 정왕동 1366-4 롯데마트 시화점 1층,15079,031-841-1624,37.3376271419,126.7306774357,즉석판매제조가공업,즉석판매제조가공업,,,,N,,
,"경기도 시흥시 인선길 67, 숲속마을아파트 상가동 202호 (장곡동)",경기도 시흥시 장곡동 806 숲속마을아파트,15002,,37.3772978004,126.781053722,즉석판매제조가공업,즉석판매제조가공업,,,,N,,
,"경기도 시흥시 은계번영길 13, 아리테타워 2층 206호 일부호 (은행동)",경기도 시흥시 은행동 646-6 아리테타워,14922,,37.4373401072,126.8025447826,즉석판매제조가공업,즉석판매제조가공업,,,0,N,,
,"경기도 시흥시 동서로 770, 안산농협연꽃지점 일부호 (물왕동)",경기도 시흥시 물왕동 234-1 안산농협 창고시설,14990,,37.3843410162,126.8308012535,즉석판매제조가공업,즉석판매제조가공업,,,,N,,
,경기도 시흥시 정왕대로 230,경기도 시흥시 정왕동 1734-7 113호,15066,031-497-6500,37.3449788088,126.7384940896,즉석판매제조가공업,즉석판매제조가공업,,,0,N,,
,"경기도 시흥시 배곧1로 27-15 (배곧동, 한라비발디캠퍼스)",경기도 시흥시 배곧동 243 GS슈퍼마켓,15011,,37.362284643,126.7122787254,즉석판매제조가공업,즉석판매제조가공업,,,,N,,
,"경기도 시흥시 비둘기공원로 28, 롯데마트 시흥점 2층 일부호 (대야동)",경기도 시흥시 대야동 542 롯데마트 시흥점,14912,031-425-6422,37.4430368253,126.7919559438,즉석판매제조가공업,즉석판매제조가공업,,,,N,,
,"경기도 시흥시 정왕대로 210 (정왕동, 시화이마트내)",경기도 시흥시 정왕동 1734-1 시화이마트내,15066,,37.3459328804,126.7368812651,즉석판매제조가공업,즉석판매제조가공업,,,,N,,
,,경기도 시흥시 대야동 542 GS마트 시흥점,,031-766-9161,,,즉석판매제조가공업,즉석판매제조가공업,,,0,N,,
,"경기도 시흥시 옥구상가2길 3 (정왕동, 뉴스타(프)109호)",경기도 시흥시 정왕동 1861-6 뉴스타(프)109호,15040,031-433-1224,37.3536757588,126.7244277101,즉석판매제조가공업,즉석판매제조가공업,,,0,N,,
,경기도 시흥시 도일로 113 (거모동),경기도 시흥시 거모동 1544-2,15070,031-495-5667,37.3406813502,126.7835591912,즉석판매제조가공업,즉석판매제조가공업,,,0,N,,
,경기도 시흥시 정왕대로 210,경기도 시흥시 정왕동 1734-1 이마트시화점,15066,031-416-4191,37.3459328804,126.7368812651,즉석판매제조가공업,즉석판매제조가공업,,,,N,,
,"경기도 시흥시 오이도로 173, B동 71호 (정왕동, 오이도수산물직판장)",경기도 시흥시 정왕동 2003-12,15015,,37.3454457514,126.6880796381,즉석판매제조가공업,즉석판매제조가공업,,,,N,,
,"경기도 시흥시 월곶중앙로 90, 105호 (월곶동, 풍림1차상가)",경기도 시흥시 월곶동 1010-4 풍림1차상가 105호,14964,,37.3902457487,126.735754493,즉석판매제조가공업,즉석판매제조가공업,,,,N,,
,"경기도 시흥시 서울대학로278번길 67, 시흥배곧 롯데마트 1층 신선식품 수산코너 일부호 (배곧동)",경기도 시흥시 배곧동 202 시흥배곧 롯데마트,15011,,37.3688907319,126.7313182505,즉석판매제조가공업,즉석판매제조가공업,,,,N,,
,"경기도 시흥시 정왕시장길 63, 1층 일부호 (정왕동)",경기도 시흥시 정왕동 1188-8,15052,,37.3463632769,126.7492057344,즉석판매제조가공업,즉석판매제조가공업,,,,N,,
,경기도 시흥시 비둘기공원7길 38 (대야동),경기도 시흥시 대야동 542,14912,032-561-5209,37.4430368253,126.7919559438,즉석판매제조가공업,즉석판매제조가공업,,,0,N,,
,경기도 시흥시 오이도로 167,경기도 시흥시 정왕동 2003-8 오이도직판장 A동 43호,15015,031-433-2373,37.3458883179,126.6882103529,즉석판매제조가공업,즉석판매제조가공업,,,,N,,
,"경기도 시흥시 정왕대로 210, E MART시화점 2층 (정왕동)",경기도 시흥시 정왕동 1734-2 E MART시화점 2층,15066,070-4438-5764,37.3459328804,126.7368812651,즉석판매제조가공업,즉석판매제조가공업,,,,N,,
,"경기도 시흥시 비둘기공원로 28 (대야동, 롯데마트시흥점)",경기도 시흥시 대야동 542 롯데마트시흥점,14912,02-6246-3200,37.4430368253,126.7919559438,즉석판매제조가공업,즉석판매제조가공업,,,,N,,
,"경기도 시흥시 큰솔공원로 28, 1층 (정왕동)",경기도 시흥시 정왕동 1540-1 1층,15051,031-319-2030,37.3415520344,126.7566707845,즉석판매제조가공업,즉석판매제조가공업,,,0,N,,
,경기도 시흥시 삼미시장4길 4,경기도 시흥시 신천동 734-6,14948,031-311-1112,37.4390236878,126.7841261233,즉석판매제조가공업,즉석판매제조가공업,,,0,N,,
,"경기도 시흥시 목감중앙로 53, 중앙프라자 1층 110호 일부호 (조남동)",경기도 시흥시 조남동 677-2 중앙프라자,14988,,37.3729740201,126.8550040392,즉석판매제조가공업,즉석판매제조가공업,,,,N,,
,"경기도 시흥시 오이도로 167, A동 78~79호 (정왕동)",경기도 시흥시 정왕동 2003-8 A동 78~79호,15015,,37.3458883179,126.6882103529,즉석판매제조가공업,즉석판매제조가공업,,,,N,,
,"경기도 시흥시 군자로 494, A동 1층 일부호 (거모동)",경기도 시흥시 거모동 1733-1,15071,031-508-0407,37.3458763707,126.7840743378,즉석판매제조가공업,즉석판매제조가공업,,,,N,,
,경기도 시흥시 마유로238번길 26,경기도 시흥시 정왕동 1366-4,15079,031-496-7745,37.3376271419,126.7306774357,즉석판매제조가공업,즉석판매제조가공업,,,0,N,,
,경기도 시흥시 비둘기공원로 28,경기도 시흥시 대야동 542 GS마트내,14912,,37.4430368253,126.7919559438,즉석판매제조가공업,즉석판매제조가공업,,,,N,,
,경기도 시흥시 희망공원로 269,경기도 시흥시 정왕동 2166-4 시화홈플러스 2층,15081,031-310-8000,37.3452082082,126.725237369,즉석판매제조가공업,즉석판매제조가공업,,,,N,,
,"경기도 시흥시 월곶중앙로 48, 109호 (월곶동)",경기도 시흥시 월곶동 1006-3 109호,14966,,37.3885788895,126.7400527718,즉석판매제조가공업,즉석판매제조가공업,,,,N,,
,"경기도 시흥시 해송십리로 472-11, 상가2동 지하1층 212호 (배곧동, 배곧중흥에스클래스)",경기도 시흥시 배곧동 5 배곧중흥에스클래스,15010,,37.3838509979,126.7337296887,즉석판매제조가공업,즉석판매제조가공업,,,,N,,
,경기도 시흥시 희망공원로 269,경기도 시흥시 정왕동 2166-4 홈플러스 시화점,15081,031-746-5300,37.3452082082,126.725237369,즉석판매제조가공업,즉석판매제조가공업,,,0,N,,
,경기도 시흥시 동서로 1086,경기도 시흥시 목감동 240-5,14984,031-483-1472,37.3857658481,126.8602375375,즉석판매제조가공업,즉석판매제조가공업,,,0,N,,
,"경기도 시흥시 함송로14번길 30, 1층 (정왕동)",경기도 시흥시 정왕동 1886-2,15021,,37.3621873145,126.72897004,즉석판매제조가공업,즉석판매제조가공업,,,,N,,
,경기도 시흥시 정왕시장길 73-1,경기도 시흥시 정왕동 1181-3 (1층),15052,031-497-2815,37.3471613734,126.749976815,즉석판매제조가공업,즉석판매제조가공업,,,,N,,
,"경기도 시흥시 서울대학로278번길 67, 1층 (정왕동, 롯데마트)",경기도 시흥시 정왕동 1771-1 1층,15011,,37.3688907319,126.7313182505,즉석판매제조가공업,즉석판매제조가공업,,,,N,,
,"경기도 시흥시 배곧1로 27-15, 지하1 층 일부호 (배곧동, 한라비발디캠퍼스)",경기도 시흥시 배곧동 243 한라비발디캠퍼스,15011,,37.3636798562,126.7119931155,즉석판매제조가공업,즉석판매제조가공업,,,,N,,
,"경기도 시흥시 옥구상가2길 3 (정왕동,뉴스타프라자 113호)",경기도 시흥시 정왕동 1861-6 뉴스타프라자 113호,15040,,37.3536757588,126.7244277101,즉석판매제조가공업,즉석판매제조가공업,,,,N,,
,"경기도 시흥시 남왕길 30, 프라미스 콤플렉스 1층 101호 (목감동)",경기도 시흥시 목감동 402-1 프라미스 콤플렉스,14985,,37.3826236944,126.8609080854,즉석판매제조가공업,즉석판매제조가공업,,,0,N,,
,경기도 시흥시 군자로504번안길 12,경기도 시흥시 거모동 1734-1,15071,031-508-2008,37.3458274769,126.7834425575,즉석판매제조가공업,즉석판매제조가공업,,,0,N,,
,경기도 시흥시 봉우재로 23-22 (정왕동),경기도 시흥시 정왕동 1608-6,15056,031-313-1986,37.3464685411,126.741685446,즉석판매제조가공업,즉석판매제조가공업,,,,N,,
,경기도 시흥시 매화로 143,경기도 시흥시 도창동 65 에이스상가 204호,14942,031-313-5143,37.4088930306,126.8179726037,즉석판매제조가공업,즉석판매제조가공업,,,,N,,
,경기도 시흥시 정왕대로 210,경기도 시흥시 정왕동 1734-1 이마트 시화점 2층,15066,,37.3459328804,126.7368812651,즉석판매제조가공업,즉석판매제조가공업,,,,N,,
,"경기도 시흥시 진말1로 18, 410호 일부호 (장곡동)",경기도 시흥시 장곡동 934-4,14996,,37.3778277752,126.789700539,즉석판매제조가공업,즉석판매제조가공업,,,,N,,
,"경기도 시흥시 호현로 24, 1층 일부호 (신천동)",경기도 시흥시 신천동 707-69 1층일부호,14910,031-311-2114,37.4424625876,126.7849072912,즉석판매제조가공업,즉석판매제조가공업,,,,N,,
,"경기도 시흥시 서울대학로278번길 19-13, 107동 A-115호 (배곧동, 시흥배곧 C1 호반 써밋플레이스)",경기도 시흥시 배곧동 191 시흥배곧 C1 호반 써밋플레이스 107동 A-115호,15011,,37.3703857466,126.7269775004,즉석판매제조가공업,즉석판매제조가공업,,,,N,,
,"경기도 시흥시 옥구상가1길 29-1, 3층 일부호 (정왕동)",경기도 시흥시 정왕동 1853-6,15040,031-497-7336,37.3525992717,126.7210966339,즉석판매제조가공업,즉석판매제조가공업,,,0,N,,
,"경기도 시흥시 마유로238번길 26, 1층 일부호 (정왕동)",경기도 시흥시 정왕동 1366-4,15079,,37.3376271419,126.7306774357,즉석판매제조가공업,즉석판매제조가공업,,,0,N,,
,"경기도 시흥시 장현능곡로 155, 시흥 플랑드르 지1층 일부호 (능곡동)",경기도 시흥시 능곡동 871 시흥 플랑드르,15121,,37.3710186339,126.8072928232,즉석판매제조가공업,즉석판매제조가공업,,,,N,,
,"경기도 시흥시 월곶중앙로14번길 68, 1층 108호 (월곶동, 나보나시티)",경기도 시흥시 월곶동 991-28 나보나시티,14968,,37.3921319647,126.7417227491,즉석판매제조가공업,즉석판매제조가공업,,,0,N,,
,경기도 시흥시 하중로 128,경기도 시흥시 하중동 829-1,14975,,37.3990719304,126.8001089684,즉석판매제조가공업,즉석판매제조가공업,,,,N,,
,"경기도 시흥시 삼미시장2길 45, 1층 일부호 (신천동)",경기도 시흥시 신천동 737-7,14948,031-312-7020,37.4400101482,126.7847836747,즉석판매제조가공업,즉석판매제조가공업,,,,N,,
,"경기도 시흥시 신천로44번길 7, 1층 일부호 (신천동)",경기도 시흥시 신천동 859-7,14950,,37.4354129713,126.7892244969,즉석판매제조가공업,즉석판매제조가공업,,,,N,,
,"경기도 시흥시 연성로 100-1, 우경오피스타운 1층 101, 102호일부호 (하상동)",경기도 시흥시 하상동 378-2 우경오피스타운,14977,,37.3905129385,126.8146371503,즉석판매제조가공업,즉석판매제조가공업,,,,N,,
,경기도 시흥시 수인로3394번길 3,경기도 시흥시 신천동 715-9,14904,031-697-5277,37.4420397312,126.7820625758,즉석판매제조가공업,즉석판매제조가공업,,,0,N,,
,"경기도 시흥시 군서로10번길 9, 지하1층 (정왕동)",경기도 시흥시 정왕동 1198-2 지하1층,15052,,37.3446972842,126.7508706463,즉석판매제조가공업,즉석판매제조가공업,,,,N,,
,"경기도 시흥시 대골길 69, 벧엘교회 1층 일부호 (대야동)",경기도 시흥시 대야동 475 벧엘교회,14905,,37.4455742112,126.7867203998,즉석판매제조가공업,즉석판매제조가공업,,,,N,,
,경기도 시흥시 동서로 1046-3 (조남동),경기도 시흥시 조남동 168-25,14984,031-403-5656,37.3825147678,126.8591017096,즉석판매제조가공업,즉석판매제조가공업,,,0,N,,
,"경기도 시흥시 시흥대로1074번길 5, 롯데슈퍼 시흥은행점 매장내 상가1층 (은행동)",경기도 시흥시 은행동 288-1 스페이스타워,14921,,37.4320543214,126.7936643149,즉석판매제조가공업,즉석판매제조가공업,,,,N,,
,"경기도 시흥시 동서로 770, 1층 일부호 (물왕동)",경기도 시흥시 물왕동 234-1,14990,031-487-8989,37.3843410162,126.8308012535,즉석판매제조가공업,즉석판매제조가공업,,,0,N,,
,경기도 시흥시 정왕천로 407-1 (정왕동),경기도 시흥시 정왕동 1196-1,15052,031-433-9731,37.344288253,126.7517553164,즉석판매제조가공업,즉석판매제조가공업,,,0,N,,
,"경기도 시흥시 신천천서로 26-1, 1층 일부호 (신천동)",경기도 시흥시 신천동 761-7,14948,,37.4386073754,126.783847489,즉석판매제조가공업,즉석판매제조가공업,,,,N,,
,"경기도 시흥시 희망공원로 269, 홈플러스시화점 (정왕동)",경기도 시흥시 정왕동 2166-4 홈플러스시화점,15081,031-374-8670,37.3452082082,126.725237369,즉석판매제조가공업,즉석판매제조가공업,,,,N,,
,"경기도 시흥시 배곧1로 28-11, 롯데마트 시흥배곧점 (정왕동)",경기도 시흥시 정왕동 1771-12,15012,,37.36051463,126.7117777843,즉석판매제조가공업,즉석판매제조가공업,,,,N,,
,"경기도 시흥시 인선길 79, 매꼴마을삼성아파트 상가동 1층 104호 (장곡동)",경기도 시흥시 장곡동 805 매꼴마을삼성아파트,15002,,37.3780472762,126.779792833,즉석판매제조가공업,즉석판매제조가공업,,,,N,,
,"경기도 시흥시 수인로3312번길 16, T동 T122호 (대야동, 시흥 센트럴 푸르지오)",경기도 시흥시 대야동 693 시흥 센트럴 푸르지오,14911,,37.4413231865,126.7902764284,즉석판매제조가공업,즉석판매제조가공업,,,,N,,
,"경기도 시흥시 배곧4로 32-13, 에브리데이 시흥배곧점 일부호 (정왕동)",경기도 시흥시 정왕동 2477-3,15010,,37.376956103,126.7268874805,즉석판매제조가공업,즉석판매제조가공업,,,,N,,
,"경기도 시흥시 인선길 39, 근린생활시설 B동 1층 108호 (장곡동, 엘에이치17단지)",경기도 시흥시 장곡동 355-12 엘에이치17단지,15002,,37.3769372001,126.7840163865,즉석판매제조가공업,즉석판매제조가공업,,,0,N,,
,경기도 시흥시 비둘기공원7길 53,경기도 시흥시 대야동 546-3,14912,031-315-1601,37.4413770668,126.7917454951,즉석판매제조가공업,즉석판매제조가공업,,,,N,,
,"경기도 시흥시 복지로63번길 15 (대야동, 두산빌라102호)",경기도 시흥시 대야동 471 두산빌라102호,14905,031-313-8794,37.44549403,126.7883716976,즉석판매제조가공업,즉석판매제조가공업,,,0,N,,
,"경기도 시흥시 수인로3325번길 10, 지1층 지104호 (신천동, 우명프라자)",경기도 시흥시 신천동 774 우명프라자,14950,,37.4382099813,126.788191992,즉석판매제조가공업,즉석판매제조가공업,,,,N,,
,"경기도 시흥시 서울대학로278번길 67 (정왕동, 롯데마트 시흥배곧점)",경기도 시흥시 정왕동 1771-1 롯데마트 시흥배곧점,15011,,37.3688907319,126.7313182505,즉석판매제조가공업,즉석판매제조가공업,,,,N,,
,"경기도 시흥시 은행로149번길 18, 청암빌딩 1층 일부호 (은행동)",경기도 시흥시 은행동 537-2 청암빌딩,14917,031-311-8855,37.4439908912,126.7977689372,즉석판매제조가공업,즉석판매제조가공업,,,,N,,
,"경기도 시흥시 새재로17번길 3, 이마트에브리데이 장현점 매장 내 1층 일부호 (장현동)",경기도 시흥시 장현동 543-1,14998,,37.3810543546,126.8017561503,즉석판매제조가공업,즉석판매제조가공업,,,,N,,
,경기도 시흥시 대골안길 37,경기도 시흥시 대야동 467,14905,031-311-0180,37.4462716703,126.7887826228,즉석판매제조가공업,즉석판매제조가공업,,,0,N,,
,"경기도 시흥시 삼미시장2길 24, 2층 (신천동)",경기도 시흥시 신천동 742-2,14948,,37.4406010068,126.7826302328,즉석판매제조가공업,즉석판매제조가공업,,,,N,,
,"경기도 시흥시 박달로 153, 1층 일부호 (목감동)",경기도 시흥시 목감동 27-5,,,37.4012880041,126.8721222151,즉석판매제조가공업,즉석판매제조가공업,,,0,N,,
,"경기도 시흥시 수인로 2323, 2층 (목감동)",경기도 시흥시 목감동 235-2,14984,031-528-6755,37.3866531893,126.8626473949,즉석판매제조가공업,즉석판매제조가공업,,,,N,,
,"경기도 시흥시 정왕대로 210 (정왕동, 이마트시화점)",경기도 시흥시 정왕동 1734-1 이마트시화점,15066,031-434-4306,37.3459328804,126.7368812651,즉석판매제조가공업,즉석판매제조가공업,,,,N,,
,"경기도 시흥시 미산로 167, 1층 일부호 (미산동)",경기도 시흥시 미산동 283,14945,,37.419183601,126.7899090689,즉석판매제조가공업,즉석판매제조가공업,,,,N,,
,,경기도 시흥시 대야동 528-2 미관광장,,,37.4433286691,126.7894166999,즉석판매제조가공업,즉석판매제조가공업,,,,N,,
,"경기도 시흥시 호현로21번길 30, 샬롬교회 1층 일부호 (신천동)",경기도 시흥시 신천동 703-27 샬롬교회,14904,,37.4436995732,126.7822841161,즉석판매제조가공업,즉석판매제조가공업,,,0,N,,
,"경기도 시흥시 함송로14번길 30, 홈플러스익스프레스 정왕2점내 (정왕동)",경기도 시흥시 정왕동 1886-2,15021,031-791-5618,37.3621873145,126.72897004,즉석판매제조가공업,즉석판매제조가공업,,,,N,,
,경기도 시흥시 오이도어시장로 23 (정왕동),경기도 시흥시 정왕동 1994-15,15015,031-319-9919,37.3447666072,126.6902546031,즉석판매제조가공업,즉석판매제조가공업,,,0,N,,
,"경기도 시흥시 시흥대로1074번길 5, 롯데슈퍼시흥점 (은행동)",경기도 시흥시 은행동 288-1 스페이스타워,14921,,37.4320543214,126.7936643149,즉석판매제조가공업,즉석판매제조가공업,,,,N,,
,"경기도 시흥시 수인로3287번길 12, 1층 우측 일부호 (은행동)",경기도 시흥시 은행동 109-22,14950,,37.4384369371,126.7944748583,즉석판매제조가공업,즉석판매제조가공업,,,,N,,
,"경기도 시흥시 시청로72번길 3-6, 1층 일부호 (장현동)",경기도 시흥시 장현동 537-8,14998,,37.3812225966,126.799721419,즉석판매제조가공업,즉석판매제조가공업,,,0,N,,
,"경기도 시흥시 희망공원로 269 (정왕동, 홈플러스 시화점)",경기도 시흥시 정왕동 2166-4,15081,,37.3452082082,126.725237369,즉석판매제조가공업,즉석판매제조가공업,,,,N,,
,경기도 시흥시 삼미시장1길 19,경기도 시흥시 신천동 738-2,14948,031-318-1722,37.4405908634,126.7839303247,즉석판매제조가공업,즉석판매제조가공업,,,0,N,,
,경기도 시흥시 연성로 83,경기도 시흥시 하상동 376-2,14977,031-404-2351,37.3910252793,126.8128362826,즉석판매제조가공업,즉석판매제조가공업,,,0,N,,
,경기도 시흥시 마유로238번길 26,경기도 시흥시 정왕동 1366-4 GS마트,15079,031-435-7500,37.3376271419,126.7306774357,즉석판매제조가공업,즉석판매제조가공업,,,0,N,,
,경기도 시흥시 새재로17번길 3,경기도 시흥시 장현동 543-1,14998,031-410-2910,37.3810543546,126.8017561503,즉석판매제조가공업,즉석판매제조가공업,,,0,N,,
,"경기도 시흥시 서울대학로264번길 7, 시흥배곧 아브뉴프랑 센트럴 퍼플 1층 B-119호 일부호 (배곧동)",경기도 시흥시 배곧동 220 시흥배곧 아브뉴프랑 센트럴 퍼플,15011,,37.3691267298,126.7260417622,즉석판매제조가공업,즉석판매제조가공업,,,,N,,
,"경기도 시흥시 월곶중앙로 90, 월곶동풍림1차아파트 상가동 1층 105호 (월곶동)",경기도 시흥시 월곶동 1010-4 월곶동풍림1차아파트,14964,,37.3902457487,126.735754493,즉석판매제조가공업,즉석판매제조가공업,,,0,N,,
,경기도 시흥시 오이도어시장로 8,"경기도 시흥시 정왕동 2005-3 오이도종합어시장 B-43,44,54,55",15015,,37.3446490932,126.6888897946,즉석판매제조가공업,즉석판매제조가공업,,,0,N,,
,"경기도 시흥시 배곧4로 32-13, 에브리데이시흥배곧점 1층 일부호 (배곧동)",경기도 시흥시 배곧동 126,15010,,37.376956103,126.7268874805,즉석판매제조가공업,즉석판매제조가공업,,,,N,,
,"경기도 시흥시 정왕대로 210, 2층 (정왕동)",경기도 시흥시 정왕동 1734-2 E MART시화점 2층호,15066,070-5106-5833,37.3459328804,126.7368812651,즉석판매제조가공업,즉석판매제조가공업,,,,N,,
,"경기도 시흥시 비둘기공원7길 45, 트윈프라자 1층 107,108호 (대야동)",경기도 시흥시 대야동 545-1 트윈프라자,14912,031-313-8289,37.4420193646,126.7921350993,즉석판매제조가공업,즉석판매제조가공업,,,,N,,
,경기도 시흥시 희망공원로 269,경기도 시흥시 정왕동 2166-4,15081,031-637-5171,37.3452082082,126.725237369,즉석판매제조가공업,즉석판매제조가공업,,,0,N,,
,경기도 시흥시 옥구천동로 449,경기도 시흥시 정왕동 1876-3 부성아파트상가102호,15022,031-498-1076,37.360429449,126.7330983975,즉석판매제조가공업,즉석판매제조가공업,,,0,N,,
,경기도 시흥시 오이도어시장로 7,"경기도 시흥시 정왕동 2004-3 A동 3,4,14호",15015,031-434-5251,37.3451101492,126.6890880534,즉석판매제조가공업,즉석판매제조가공업,,,,N,,
,경기도 시흥시 정왕대로 210,경기도 시흥시 정왕동 1734-1 이마트(내),15066,031-496-4123,37.3459328804,126.7368812651,즉석판매제조가공업,즉석판매제조가공업,,,0,N,,
,"경기도 시흥시 마유로238번길 26 (정왕동, 롯데마트 시화점)",경기도 시흥시 정왕동 1734-1 롯데마트시화점,15079,,37.3376271419,126.7306774357,즉석판매제조가공업,즉석판매제조가공업,,,,N,,
,경기도 시흥시 오이도어시장로 8,"경기도 시흥시 정왕동 2005-3 (B동 132,133호)",15015,02-716-8118,37.3446490932,126.6888897946,즉석판매제조가공업,즉석판매제조가공업,,,0,N,,
,"경기도 시흥시 삼미시장4길 7, 1층 (신천동)",경기도 시흥시 신천동 760-21 1층,14948,031-312-8721,37.4391829778,126.7836385299,즉석판매제조가공업,즉석판매제조가공업,,,,N,,
,경기도 시흥시 마유로238번길 26,경기도 시흥시 정왕동 1366-4 LG마트(내),15079,031-716-2153,37.3376271419,126.7306774357,즉석판매제조가공업,즉석판매제조가공업,,,0,N,,
,경기도 시흥시 동서로 1060,경기도 시흥시 조남동 169-12 세원@상가동 103호,14984,031-311-1794,37.3835098385,126.8597596912,즉석판매제조가공업,즉석판매제조가공업,,,0,N,,
,경기도 시흥시 비둘기공원7길 22,경기도 시흥시 대야동 562-2 서강프라자109호(),14908,031-312-1767,37.4441238072,126.7928500879,즉석판매제조가공업,즉석판매제조가공업,,,0,N,,
,경기도 시흥시 오이도로135번길 57,경기도 시흥시 정왕동 2029-11 수정하이빌 (102호),15015,031-497-4148,37.3433430107,126.6877071414,즉석판매제조가공업,즉석판매제조가공업,,,0,N,,
,경기도 시흥시 월곶고잔3길 64-5,경기도 시흥시 월곶동 621,15005,031-318-0008,37.3856649008,126.7509489614,즉석판매제조가공업,즉석판매제조가공업,,,0,N,,
,"경기도 시흥시 정왕시장길 51 (정왕동, 101-35호)",경기도 시흥시 정왕동 1203 101-35호,15052,,37.3458093904,126.7485677164,즉석판매제조가공업,즉석판매제조가공업,,,0,N,,
,경기도 시흥시 오이도어시장로 7,경기도 시흥시 정왕동 2004-3 오이도종합어시장 A동 21호,15015,031-433-6691,37.3451101492,126.6890880534,즉석판매제조가공업,즉석판매제조가공업,,,0,N,,
,"경기도 시흥시 은계호수로 49, 시흥 센트럴돔 그랑트리 캐슬 1층 1080호 일부호 (은행동)",경기도 시흥시 은행동 605 시흥 센트럴돔 그랑트리 캐슬,14923,,37.4458457243,126.8020023203,즉석판매제조가공업,즉석판매제조가공업,,,,N,,
,"경기도 시흥시 해송십리로 472-11, 상가2동 지1층 212호 (배곧동, 배곧중흥에스클래스)",경기도 시흥시 배곧동 5 배곧중흥에스클래스,15010,031-433-2350,37.3838509979,126.7337296887,즉석판매제조가공업,즉석판매제조가공업,,,,N,,
,경기도 시흥시 하중로 130-1,경기도 시흥시 하중동 829-3 1층,14975,031-404-5055,37.398847939,126.8003370123,즉석판매제조가공업,즉석판매제조가공업,,,0,N,,
,"경기도 시흥시 옥구천동로 402 (정왕동, 월드아파트 상가동 GS슈퍼 내)",경기도 시흥시 정왕동 1873-3 월드아파트 상가동 GS슈퍼 내,15027,032-431-0900,37.3567512193,126.7302225709,즉석판매제조가공업,즉석판매제조가공업,,,0,N,,
,"경기도 시흥시 장현순환로 81, 근린생활시설2동 지하1층 22호 (장현동, 시흥능곡역 모아미래도 에듀포레)",경기도 시흥시 장현동 산 34 시흥능곡역 모아미래도 에듀포레,14996,,37.3744096409,126.7969159919,즉석판매제조가공업,즉석판매제조가공업,,,,N,,
,"경기도 시흥시 은계중앙로 247, 렉스나인 301호 (은행동)",경기도 시흥시 은행동 607,14923,,37.4458800343,126.8032342589,즉석판매제조가공업,즉석판매제조가공업,,,,N,,
,,경기도 시흥시 대야동 0 은행지구 신명상가119,,031-695-7466,,,즉석판매제조가공업,즉석판매제조가공업,,,0,N,,
,경기도 시흥시 정왕대로117번길 26 (정왕동),경기도 시흥시 정왕동 1870-1 신우상가 104호,15032,031-431-5959,37.3536003162,126.730819309,즉석판매제조가공업,즉석판매제조가공업,,상수도전용,0,N,,
,"경기도 시흥시 서해안로 699, 시흥 프리미엄 아울렛 1층 (배곧동)",경기도 시흥시 배곧동 26 시흥 프리미엄 아울렛,15010,,37.3794646667,126.7384278982,즉석판매제조가공업,즉석판매제조가공업,,,,N,,
,"경기도 시흥시 서울대학로278번길 67, 롯데마트(시흥배곧점) (정왕동)",경기도 시흥시 정왕동 2537-1 롯데마트(시흥배곧점),15011,055-544-0792,37.3688907319,126.7313182505,즉석판매제조가공업,즉석판매제조가공업,,,,N,,
,"경기도 시흥시 새재로17번길 3, 이마트 에브리데이  일부호 (장현동)",경기도 시흥시 장현동 543-1,14998,,37.3810543546,126.8017561503,즉석판매제조가공업,즉석판매제조가공업,,,,N,,
,"경기도 시흥시 희망공원로 269 (정왕동, 홈플러스시화점)",경기도 시흥시 정왕동 2166-4 홈플러스시화점,15081,031-374-8670,37.3452082082,126.725237369,즉석판매제조가공업,즉석판매제조가공업,,,,N,,
,"경기도 시흥시 월곶중앙로 90, 홈플러스익스프레스시흥월곶점내 1층 (월곶동)",경기도 시흥시 월곶동 1010-4 월곶동풍림1차아파트,14964,031-791-5618,37.3902457487,126.735754493,즉석판매제조가공업,즉석판매제조가공업,,,,N,,
,"경기도 시흥시 서울대학로278번길 67, 시흥배곧 롯데마트 축산코너 1층 일부호 (배곧동)",경기도 시흥시 배곧동 202 시흥배곧 롯데마트,15011,,37.3688907319,126.7313182505,즉석판매제조가공업,즉석판매제조가공업,,,,N,,
,"경기도 시흥시 마유로238번길 26, 1층 (정왕동, 롯데마트)",경기도 시흥시 정왕동 1366-4 롯데마트,15079,031-734-0951,37.3376271419,126.7306774357,즉석판매제조가공업,즉석판매제조가공업,,,,N,,
,"경기도 시흥시 서울대학로278번길 70, 배곧두손지젤타워 2층 B217호 일부호 (배곧동)",경기도 시흥시 배곧동 206-3 배곧두손지젤타워,15011,070-8838-0757,37.3680122208,126.7320612827,즉석판매제조가공업,즉석판매제조가공업,,,,N,,
,"경기도 시흥시 은계중앙로 254, 1층 106호 (은행동)",경기도 시흥시 은행동 608-1,14923,,37.4466235699,126.8039848131,즉석판매제조가공업,즉석판매제조가공업,,,0,N,,
,"경기도 시흥시 삼미시장4길 18-1, 대성빌딩 1층 일부호 (신천동)",경기도 시흥시 신천동 740-9 대성빌딩,14948,,37.439889799,126.7827726727,즉석판매제조가공업,즉석판매제조가공업,,,,N,,
,"경기도 시흥시 배곧3로 96, M-플러스 1층 111호 일부호 (배곧동)",경기도 시흥시 배곧동 199-1 M-플러스,15011,,37.3697764139,126.7302927867,즉석판매제조가공업,즉석판매제조가공업,,,,N,,
,경기도 시흥시 군자로492번길 12,경기도 시흥시 거모동 1474-1 일우아파트 상가 112호,15071,031-292-6688,37.3459875256,126.7830797532,즉석판매제조가공업,즉석판매제조가공업,,,0,N,,
,경기도 시흥시 월곶해안로 133,"경기도 시흥시 월곶동 1013-12 화신수산시장 145,146호",14963,031-318-2199,37.3876563066,126.7353628154,즉석판매제조가공업,즉석판매제조가공업,,,0,N,,
,"경기도 시흥시 비둘기공원로 28 (대야동,롯데마트 시흥점 2층)",경기도 시흥시 대야동 542 롯데마트 시흥점 2층,14912,,37.4430368253,126.7919559438,즉석판매제조가공업,즉석판매제조가공업,,,0,N,,
,"경기도 시흥시 신천로 103, 지하1층 (신천동)",경기도 시흥시 신천동 766 지하1층,14949,,37.4393980175,126.7864059908,즉석판매제조가공업,즉석판매제조가공업,,,,N,,
,"경기도 시흥시 배곧4로 32-33, 옆 공터 (배곧동)",경기도 시흥시 배곧동 133 옆 공터,15010,,37.3780695721,126.7248655633,즉석판매제조가공업,즉석판매제조가공업,,,,N,,
,"경기도 시흥시 서울대학로278번길 61, 서영베니스스퀘어 3층 335-2호 (배곧동)",경기도 시흥시 배곧동 204 서영베니스스퀘어,15011,,37.3681926149,126.7306929431,즉석판매제조가공업,즉석판매제조가공업,,,,N,,
,경기도 시흥시 마유로238번길 26,경기도 시흥시 정왕동 1366-4 LG마트내,15079,031-496-7700,37.3376271419,126.7306774357,즉석판매제조가공업,즉석판매제조가공업,,,0,N,,
,"경기도 시흥시 서촌상가4길 20 (정왕동, 101,102호)","경기도 시흥시 정왕동 1730-4 101,102호",15036,031-431-3305,37.3458898865,126.7316318242,즉석판매제조가공업,즉석판매제조가공업,,,,N,,
,"경기도 시흥시 능곡로 182, 103호 (능곡동, 신성프라자)",경기도 시흥시 능곡동 753 신성프라자 103호,14995,,37.3682632809,126.8108643032,즉석판매제조가공업,즉석판매제조가공업,,,,N,,
,"경기도 시흥시 황고개로 325, 1층 일부호 (군자동)",경기도 시흥시 군자동 525-9,15000,,37.3604680881,126.7868152735,즉석판매제조가공업,즉석판매제조가공업,,,,N,,
,"경기도 시흥시 오이도로 173 (정왕동, 46호(오이도수산물직판장 B동 138호))",경기도 시흥시 정왕동 2003-12 46호(오이도수산물직판장 B동 138호),15015,031-431-3654,37.3454457514,126.6880796381,즉석판매제조가공업,즉석판매제조가공업,,,0,N,,
,경기도 시흥시 오이도로 173,경기도 시흥시 정왕동 2003-12 B동 149호,15015,031-433-5994,37.3454457514,126.6880796381,즉석판매제조가공업,즉석판매제조가공업,,,,N,,
,"경기도 시흥시 오이도로 167, A동 16~19호 (정왕동)",경기도 시흥시 정왕동 2003-8 A동 16~19호,15015,031-434-1050,37.3458883179,126.6882103529,즉석판매제조가공업,즉석판매제조가공업,,,0,N,,
,"경기도 시흥시 장현순환로 81, 근린생활시설3동 6호 일부호 (장현동, 시흥능곡역 모아미래도 에듀포레)",경기도 시흥시 장현동 608 시흥능곡역 모아미래도 에듀포레,14996,,37.3744096409,126.7969159919,즉석판매제조가공업,즉석판매제조가공업,,,,N,,
,경기도 시흥시 수인로 2323 (목감동),경기도 시흥시 목감동 235-2,14984,031-528-6755,37.3866531893,126.8626473949,즉석판매제조가공업,즉석판매제조가공업,,,,N,,
,경기도 시흥시 군자로 498,경기도 시흥시 거모동 1733-4,15071,031-492-3678,37.3455989425,126.7844043832,즉석판매제조가공업,즉석판매제조가공업,,,0,N,,
,경기도 시흥시 월곶해안로 133,"경기도 시흥시 월곶동 1013-12 152,153호",14963,031-318-9920,37.3876563066,126.7353628154,즉석판매제조가공업,즉석판매제조가공업,,,0,N,,
,경기도 시흥시 마유로 400-30,경기도 시흥시 정왕동 1811-3,15054,031-497-6666,37.3504085948,126.743260392,즉석판매제조가공업,즉석판매제조가공업,,,0,N,,
,경기도 시흥시 하중로 195,경기도 시흥시 하중동 856-3 도덕할인마트 (내),14976,031-404-7689,37.3942322182,126.804797183,즉석판매제조가공업,즉석판매제조가공업,,,0,N,,
,"경기도 시흥시 신천로100번길 33, 1층 일부호 (신천동)",경기도 시흥시 신천동 779-11,14950,031-315-7958,37.4383204102,126.7900674045,즉석판매제조가공업,즉석판매제조가공업,,,,N,,
,"경기도 시흥시 정왕대로 210, 2층 (정왕동, 이마트시화점)",경기도 시흥시 정왕동 1734-1 이마트시화점 2층,15066,031-496-4123,37.3459328804,126.7368812651,즉석판매제조가공업,즉석판매제조가공업,,,0,N,,
,경기도 시흥시 은행로 70 (은행동),경기도 시흥시 은행동 37-22,14920,,37.4382320105,126.7963871509,즉석판매제조가공업,즉석판매제조가공업,,,0,N,,
,"경기도 시흥시 희망공원로 269, 2층 (정왕동)",경기도 시흥시 정왕동 2166-4 2층,15081,,37.3452082082,126.725237369,즉석판매제조가공업,즉석판매제조가공업,,,,N,,
,"경기도 시흥시 뱀내장터로19번길 6, 1층 일부호 (대야동)",경기도 시흥시 대야동 500-7,14909,,37.4421967717,126.787159426,즉석판매제조가공업,즉석판매제조가공업,,,0,N,,
,경기도 시흥시 마유로238번길 26,경기도 시흥시 정왕동 1366-4 GS마트,15079,031-496-7762,37.3376271419,126.7306774357,즉석판매제조가공업,즉석판매제조가공업,,,,N,,
,경기도 시흥시 정왕대로 210,경기도 시흥시 정왕동 1734-1 이마트시화점,15066,,37.3459328804,126.7368812651,즉석판매제조가공업,즉석판매제조가공업,,,0,N,,
,"경기도 시흥시 서울대학로278번길 67 (정왕동, 롯데마트시흥배곧점 1층)",경기도 시흥시 정왕동 1771-1 롯데마트시흥배곧점 1층,15011,,37.3688907319,126.7313182505,즉석판매제조가공업,즉석판매제조가공업,,,,N,,
,"경기도 시흥시 장곡로53번길 12, 숲속마을아파트 (주상가동) 주상가동 1층 108호 일부호 (장곡동)",경기도 시흥시 장곡동 807 숲속마을아파트 (주상가동),15002,,37.3783249969,126.7824783751,즉석판매제조가공업,즉석판매제조가공업,,,,N,,
,경기도 시흥시 정왕시장길 52,경기도 시흥시 정왕동 1202,15052,031-319-8709,37.3455685452,126.7489652672,즉석판매제조가공업,즉석판매제조가공업,,,0,N,,
,"경기도 시흥시 오이도어시장로 8 (정왕동, B동 180,181호)","경기도 시흥시 정왕동 2005-3 B동 180,181호",15015,,37.3446490932,126.6888897946,즉석판매제조가공업,즉석판매제조가공업,,,0,N,,
,경기도 시흥시 비둘기공원로 28,경기도 시흥시 대야동 542,14912,031-435-7500,37.4430368253,126.7919559438,즉석판매제조가공업,즉석판매제조가공업,,,0,N,,
,경기도 시흥시 마유로238번길 26,경기도 시흥시 정왕동 1366-4 LG마트 1층,15079,031-496-7744,37.3376271419,126.7306774357,즉석판매제조가공업,즉석판매제조가공업,,,0,N,,
,"경기도 시흥시 서울대학로278번길 67, 롯데마트(시흥배곧점) 1층 (배곧동)",경기도 시흥시 배곧동 203 롯데마트(시흥배곧점),15011,02-3482-4792,37.3688907319,126.7313182505,즉석판매제조가공업,즉석판매제조가공업,,,,N,,
,"경기도 시흥시 군자로492번길 11, 시흥주왕교회 1층 일부호 (거모동)",경기도 시흥시 거모동 1735-1 시흥주왕교회,15071,,37.3457449219,126.7832062506,즉석판매제조가공업,즉석판매제조가공업,,,,N,,
,"경기도 시흥시 인선길 128, 3층 303(일부)호 (장곡동)",경기도 시흥시 장곡동 857,15002,031-365-5444,37.3823704804,126.780722905,즉석판매제조가공업,즉석판매제조가공업,,,0,N,,
,경기도 시흥시 중심상가로 13,경기도 시흥시 정왕동 1863 대림1차아파트 상가 102호,15041,031-432-9594,37.3542723533,126.7205712374,즉석판매제조가공업,즉석판매제조가공업,,,0,N,,
,경기도 시흥시 중심상가로 35,경기도 시흥시 정왕동 1859-9,15040,031-471-3321,37.3531039778,126.7224576454,즉석판매제조가공업,즉석판매제조가공업,,,0,N,,
,경기도 시흥시 삼미시장2길 7-1,경기도 시흥시 신천동 744-8 1층,14948,031-312-0658,37.4412580814,126.7809961257,즉석판매제조가공업,즉석판매제조가공업,,,,N,,
,경기도 시흥시 마유로238번길 26,경기도 시흥시 정왕동 1366-4,15079,02-476-3182,37.3376271419,126.7306774357,즉석판매제조가공업,즉석판매제조가공업,,,,N,,
,"경기도 시흥시 서울대학로278번길 67, 시흥배곧 롯데마트 1층 일부호 (배곧동)",경기도 시흥시 배곧동 202 시흥배곧 롯데마트,15011,070-4707-0618,37.3688907319,126.7313182505,즉석판매제조가공업,즉석판매제조가공업,,,,N,,
,"경기도 시흥시 수인로 3372, 신천프라자 지하1층 일부호 (신천동)",경기도 시흥시 신천동 712-9 신천프라자,14910,,37.4411251667,126.7843434953,즉석판매제조가공업,즉석판매제조가공업,,,0,N,,
,경기도 시흥시 신천로80번길 1,경기도 시흥시 신천동 771-10,14950,031-313-6205,37.4374692909,126.7864356089,즉석판매제조가공업,즉석판매제조가공업,,,0,N,,
,"경기도 시흥시 은계남로 12, 111호 (은행동, 시흥은계 호반 써밋플레이스)",경기도 시흥시 은행동 644 시흥은계 호반 써밋플레이스,14922,,37.4351025771,126.8037071995,즉석판매제조가공업,즉석판매제조가공업,,,0,N,,
,경기도 시흥시 대은로104번길 40,경기도 시흥시 은행동 539-5 102호,14916,031-312-3719,37.4423549092,126.8000451429,즉석판매제조가공업,즉석판매제조가공업,,,0,N,,
,"경기도 시흥시 오이도로 173, B동 142호 (정왕동,오이도직판장)",경기도 시흥시 정왕동 2003-12 오이도직판장 B동 142호,15015,031-432-3161,37.3454457514,126.6880796381,즉석판매제조가공업,즉석판매제조가공업,,,0,N,,
,"경기도 시흥시 월곶중앙로 29, 102-3호 (월곶동)",경기도 시흥시 월곶동 1015-33 102-3호,14963,031-318-1750,37.3872635447,126.7415571555,즉석판매제조가공업,즉석판매제조가공업,,,,N,,
,"경기도 시흥시 오이도로 149-1, 1층 일부호 (정왕동)",경기도 시흥시 정왕동 1973-17,15015,,37.3474600642,126.688701492,즉석판매제조가공업,즉석판매제조가공업,,,0,N,,
,"경기도 시흥시 함송로13번길 27, 서우마트 일부호 (정왕동)",경기도 시흥시 정왕동 1878-2,15020,,37.3651101625,126.7321134465,즉석판매제조가공업,즉석판매제조가공업,,,,N,,
,경기도 시흥시 마유로238번길 26,경기도 시흥시 정왕동 1366-4 GS마트내,15079,031-216-0921,37.3376271419,126.7306774357,즉석판매제조가공업,즉석판매제조가공업,,,0,N,,
,경기도 시흥시 마유로238번길 26,경기도 시흥시 정왕동 1366-4,15079,031-496-7743,37.3376271419,126.7306774357,즉석판매제조가공업,즉석판매제조가공업,,,0,N,,
,경기도 시흥시 삼미시장2길 45,경기도 시흥시 신천동 737-7,14948,031-698-9283,37.4400101482,126.7847836747,즉석판매제조가공업,즉석판매제조가공업,,,0,N,,
,경기도 시흥시 마유로238번길 26,경기도 시흥시 정왕동 1366-4,15079,031-916-6673,37.3376271419,126.7306774357,즉석판매제조가공업,즉석판매제조가공업,,,0,N,,
,경기도 시흥시 마유로238번길 26,경기도 시흥시 정왕동 1366-4,15079,031-433-3199,37.3376271419,126.7306774357,즉석판매제조가공업,즉석판매제조가공업,,,0,N,,
,경기도 시흥시 진말로9번길 8,경기도 시흥시 장곡동 820-7 OK마트,15002,031-404-4904,37.3783844293,126.7848497504,즉석판매제조가공업,즉석판매제조가공업,,,0,N,,
,경기도 시흥시 마유로238번길 26,경기도 시흥시 정왕동 1366-4 GS마트 시화점,15079,,37.3376271419,126.7306774357,즉석판매제조가공업,즉석판매제조가공업,,,0,N,,
,,경기도 시흥시 정왕동 1873-3 월드아파트 주상가 지층2호 한국유통 내,15027,,37.3567512193,126.7302225709,즉석판매제조가공업,즉석판매제조가공업,,,,N,,
,"경기도 시흥시 삼미시장3길 15, 시흥아이사랑어린이집 1층 일부호 (신천동)",경기도 시흥시 신천동 740-4 시흥아이사랑어린이집,14948,,37.4397774968,126.7835763415,즉석판매제조가공업,즉석판매제조가공업,,,,N,,
,"경기도 시흥시 정왕대로 210, E MART시화점 (정왕동)",경기도 시흥시 정왕동 1734-2 E MART시화점,15066,053-850-9815,37.3459328804,126.7368812651,즉석판매제조가공업,즉석판매제조가공업,,,,N,,
,"경기도 시흥시 신천로19번길 8, 1층 일부호 (신천동)",경기도 시흥시 신천동 878-7,14951,,37.4330961536,126.7906706068,즉석판매제조가공업,즉석판매제조가공업,,,,N,,
,경기도 시흥시 오이도중앙로36번길 12,경기도 시흥시 정왕동 2002-11 성신수산직판장 10-11호,15015,031-433-2833,37.3458642221,126.688639633,즉석판매제조가공업,즉석판매제조가공업,,,,N,,
,"경기도 시흥시 장현능곡로 198, 롯데슈퍼능곡점 (능곡동)",경기도 시흥시 능곡동 737,14995,031-792-9029,37.3690811107,126.8119974743,즉석판매제조가공업,즉석판매제조가공업,,,,N,,
,경기도 시흥시 중심상가로 104,경기도 시흥시 정왕동 1848-4 진로상가 102호,15038,031-499-8253,37.3490411068,126.728314167,즉석판매제조가공업,즉석판매제조가공업,,,,N,,
,"경기도 시흥시 서울대학로278번길 67, 시흥배곧 롯데마트 일부호 (배곧동)",경기도 시흥시 배곧동 202 시흥배곧 롯데마트,15011,055-343-2528,37.3688907319,126.7313182505,즉석판매제조가공업,즉석판매제조가공업,,,,N,,
,"경기도 시흥시 옥구천동로 404 (정왕동, 월드아파트)",경기도 시흥시 정왕동 1873-3 gs슈퍼 시흥정왕점,15027,,37.3567512193,126.7302225709,즉석판매제조가공업,즉석판매제조가공업,,,,N,,
,"경기도 시흥시 배곧1로 27-15, 지하층 GS슈퍼배곧신도시점호 (정왕동, 한라비발디캠퍼스)",경기도 시흥시 정왕동 2566 한라비발디캠퍼스 지하층호,15011,,37.3636798562,126.7119931155,즉석판매제조가공업,즉석판매제조가공업,,,,N,,
,"경기도 시흥시 마유로238번길 26, 롯데마트 시화점 1층 일부호 (정왕동)",경기도 시흥시 정왕동 1366-4,15079,070-4707-0618,37.3376271419,126.7306774357,즉석판매제조가공업,즉석판매제조가공업,,,0,N,,
,"경기도 시흥시 호현로 38, 1층 일부호 (대야동)",경기도 시흥시 대야동 495-3,14909,,37.4438538791,126.7854366801,즉석판매제조가공업,즉석판매제조가공업,,,0,N,,
,"경기도 시흥시 서울대학로278번길 8, 시흥배곧 아브뉴프랑 센트럴 레드 3층 A-314호 일부호 (배곧동)",경기도 시흥시 배곧동 214 시흥배곧 아브뉴프랑 센트럴 레드,15011,,37.3696799975,126.7265668783,즉석판매제조가공업,즉석판매제조가공업,,,,N,,
,경기도 시흥시 평안상가1길 1 (정왕동),경기도 시흥시 정왕동 1622,15062,,37.3388673438,126.7483320831,즉석판매제조가공업,즉석판매제조가공업,,,,N,,
,,경기도 시흥시 대야동 542 GS마트 시흥점,,031-338-7461,,,즉석판매제조가공업,즉석판매제조가공업,,,,N,,
,"경기도 시흥시 공단1대로 204, 시화유통상가  지원상가동 지하1층 비107호 (정왕동)",경기도 시흥시 정왕동 1364 시화유통상가,15090,031-319-4445,37.3379338971,126.7238219689,즉석판매제조가공업,즉석판매제조가공업,,,,N,,
,"경기도 시흥시 배곧1로 27-15, 지1층 101호 일부호 (배곧동, 한라비발디캠퍼스)",경기도 시흥시 배곧동 243 한라비발디캠퍼스,15011,,37.362284643,126.7122787254,즉석판매제조가공업,즉석판매제조가공업,,,,N,,
,경기도 시흥시 삼미시장2길 44 (신천동),경기도 시흥시 신천동 736-1,14948,,37.4398375319,126.7845592338,즉석판매제조가공업,즉석판매제조가공업,,,,N,,
,"경기도 시흥시 정왕대로 210, 2층 (정왕동, 이마트)",경기도 시흥시 정왕동 1734-1 이마트 2층,15066,031-434-4306,37.3459328804,126.7368812651,즉석판매제조가공업,즉석판매제조가공업,,,,N,,
,"경기도 시흥시 군서로6번길 15-1, 1층 (정왕동)",경기도 시흥시 정왕동 1194-7 1층,15052,070-8721-8892,37.34493727,126.7517601662,즉석판매제조가공업,즉석판매제조가공업,,,,N,,
,경기도 시흥시 월곶중앙로 38,경기도 시흥시 월곶동 995-1 아울렛마트 내,14966,031-318-2091,37.3880373624,126.7413460252,즉석판매제조가공업,즉석판매제조가공업,,,,N,,
,"경기도 시흥시 오이도어시장로 7 (정왕동, 가동202호)",경기도 시흥시 정왕동 2004-3 가동202호,15015,,37.3451101492,126.6890880534,즉석판매제조가공업,즉석판매제조가공업,,,,N,,
,"경기도 시흥시 서울대학로278번길 61, 서영베니스스퀘어 2층 269호 일부호 (배곧동)",경기도 시흥시 배곧동 204 서영베니스스퀘어,15011,,37.3681926149,126.7306929431,즉석판매제조가공업,즉석판매제조가공업,,,,N,,
,경기도 시흥시 신천로83번길 4,경기도 시흥시 신천동 764-12,14949,031-311-8274,37.4378966601,126.7855611507,즉석판매제조가공업,즉석판매제조가공업,,,0,N,,
,"경기도 시흥시 정왕대로 210, 1층 (정왕동, 이마트시화점 )",경기도 시흥시 정왕동 1734-1,15066,031-858-1226,37.3459328804,126.7368812651,즉석판매제조가공업,즉석판매제조가공업,,,,N,,
,,경기도 시흥시 대야동 542 GS마트 시흥점,,031-435-7500,,,즉석판매제조가공업,즉석판매제조가공업,,,,N,,
,경기도 시흥시 마유로238번길 26,경기도 시흥시 정왕동 1366-4 롯데마트시화점,15079,031-338-7461,37.3376271419,126.7306774357,즉석판매제조가공업,즉석판매제조가공업,,,,N,,
,"경기도 시흥시 진말1로 18, 1층 101호 (장곡동)",경기도 시흥시 장곡동 260-21,14996,,37.3778277752,126.789700539,즉석판매제조가공업,즉석판매제조가공업,,,,N,,
,"경기도 시흥시 서해안로 1597, 1층 일부호 (대야동)",경기도 시흥시 대야동 376-50,14902,,37.4477410989,126.7858293121,즉석판매제조가공업,즉석판매제조가공업,,,,N,,
,경기도 시흥시 오이도어시장로 7,경기도 시흥시 정왕동 2004-3 A동 115호,15015,,37.3451101492,126.6890880534,즉석판매제조가공업,즉석판매제조가공업,,,0,N,,
,,경기도 시흥시 하상동 0-0 7블럭2롯트1통2반,,,,,즉석판매제조가공업,즉석판매제조가공업,,,0,N,,
,경기도 시흥시 신천3길 28-16 (신천동),경기도 시흥시 신천동 760,14948,031-313-0335,37.4394776673,126.7831835552,즉석판매제조가공업,즉석판매제조가공업,,상수도전용,0,N,,
,"경기도 시흥시 오이도로 173 (정왕동, B동 144호)",경기도 시흥시 정왕동 2003-12 B동 144호,15015,031-437-9760,37.3454457514,126.6880796381,즉석판매제조가공업,즉석판매제조가공업,,,,N,,
,"경기도 시흥시 배곧4로 32-13, 이마트에브리데이  일부호 (배곧동)",경기도 시흥시 배곧동 126,15010,,37.376956103,126.7268874805,즉석판매제조가공업,즉석판매제조가공업,,,,N,,
,"경기도 시흥시 거북섬1로 4, S PLAZA 앞 수변일대 (정왕동)",경기도 시흥시 정왕동 2706 S PLAZA,15119,,37.3267829753,126.6744085859,즉석판매제조가공업,즉석판매제조가공업,,,0,N,,
,"경기도 시흥시 서울대학로264번길 44-4, 에스프라자 5층 509호 (배곧동)",경기도 시흥시 배곧동 231 에스프라자,15011,031-434-1218,37.3671759068,126.7282075179,즉석판매제조가공업,즉석판매제조가공업,,,0,N,,
,경기도 시흥시 정왕대로 210,경기도 시흥시 정왕동 1734-1,15066,031-469-4123,37.3459328804,126.7368812651,즉석판매제조가공업,즉석판매제조가공업,,,0,N,,
,경기도 시흥시 연성로 103,경기도 시흥시 하상동 377-6 1통2반 남도타운 .동 703호,14977,031-404-9966,37.3908754297,126.8149727557,즉석판매제조가공업,즉석판매제조가공업,,,0,N,,
,"경기도 시흥시 수인로 2966, 1층 일부호 (매화동)",경기도 시흥시 매화동 39-1,14931,,37.4209383352,126.8169479595,즉석판매제조가공업,즉석판매제조가공업,,,,N,,
,경기도 시흥시 호현로 35,경기도 시흥시 신천동 704-27,14904,031-313-5571,37.4435356193,126.7849762122,즉석판매제조가공업,즉석판매제조가공업,,,0,N,,
,"경기도 시흥시 월곶중앙로30번안길 33, 1층 일부호 (월곶동)",경기도 시흥시 월곶동 1008-1,14966,,37.3902167213,126.7396408538,즉석판매제조가공업,즉석판매제조가공업,,,0,N,,
,"경기도 시흥시 정왕대로 210, E MART시화점 2층 (정왕동)",경기도 시흥시 정왕동 1734-2 E MART시화점 2층호,15066,02-3397-6903,37.3459328804,126.7368812651,즉석판매제조가공업,즉석판매제조가공업,,,,N,,
,"경기도 시흥시 서울대학로278번길 67, 롯데마트(시흥배곧점) 1층 (정왕동)",경기도 시흥시 정왕동 2537-1 롯데마트(시흥배곧점),15011,070-4300-9589,37.3688907319,126.7313182505,즉석판매제조가공업,즉석판매제조가공업,,,,N,,
,"경기도 시흥시 수인로 2966, 부천시흥원예농업협동조합 로컬푸드 직매장 (매화동)",경기도 시흥시 매화동 39-1,14931,,37.4209383352,126.8169479595,즉석판매제조가공업,즉석판매제조가공업,,,,N,,
,"경기도 시흥시 은계중앙로 214, 은계호수 수변공원 2 관리소 및 화장실 호수타운3옆 음식부스 (은행동)",경기도 시흥시 은행동 0 은계호수 수변공원 2 관리소 및 화장실,14923,,37.4439308794,126.8059202725,즉석판매제조가공업,즉석판매제조가공업,,,0,N,,
,"경기도 시흥시 새재로17번길 3, 이마트에브리데이 장현점 1층 일부호 (장현동)",경기도 시흥시 장현동 543-1,14998,,37.3810543546,126.8017561503,즉석판매제조가공업,즉석판매제조가공업,,,,N,,
,경기도 시흥시 장곡로 50 (주)진보유통 1층 일부호 (장곡동),경기도 시흥시 장곡동 385-8 (주)진보유통,15002,031-404-2240,37.3797082545,126.783165496,즉석판매제조가공업,즉석판매제조가공업,,,,N,,
,"경기도 시흥시 배곧3로 86, 센터프라자2 210호 일부호 (배곧동)",경기도 시흥시 배곧동 194-2 센터프라자2,15011,,37.3702222869,126.7295541408,즉석판매제조가공업,즉석판매제조가공업,,,,N,,
,"경기도 시흥시 정왕신길로229번길 24, 1층 일부호 (정왕동)",경기도 시흥시 정왕동 1812-1,15053,,37.3499359532,126.744055483,즉석판매제조가공업,즉석판매제조가공업,,,0,N,,
,"경기도 시흥시 장현장곡로 10, 1616동 B104호 (장곡동, 유승한내들퍼스트파크)",경기도 시흥시 장곡동 936 유승한내들퍼스트파크,14996,,37.3780571632,126.7918782942,즉석판매제조가공업,즉석판매제조가공업,,,0,N,,
,경기도 시흥시 비둘기공원로 28,경기도 시흥시 대야동 542 GS마트내,14912,031-435-7500,37.4430368253,126.7919559438,즉석판매제조가공업,즉석판매제조가공업,,,,N,,
,경기도 시흥시 신천천서로 22 (신천동),경기도 시흥시 신천동 734-4,14948,031-858-1226,37.4388895187,126.7842969621,즉석판매제조가공업,즉석판매제조가공업,,,,N,,
,"경기도 시흥시 삼미시장3길 20, 지하층 일부호 (신천동)",경기도 시흥시 신천동 739-10 지하호,14948,,37.4401365112,126.7833242255,즉석판매제조가공업,즉석판매제조가공업,,,0,N,,
,경기도 시흥시 월곶해안로 205 (월곶동),경기도 시흥시 월곶동 1018-1,14963,02-839-3630,37.3862302581,126.7406638757,즉석판매제조가공업,즉석판매제조가공업,,,,N,,
,"경기도 시흥시 함송로 38, 모아아파트 상가동 1층 104호 (정왕동)",경기도 시흥시 정왕동 1876-2 모아아파트,15022,031-499-6688,37.3624584155,126.7318468628,즉석판매제조가공업,즉석판매제조가공업,,,,N,,
,"경기도 시흥시 삼미시장2길 36, 2층 202호 일부호 (신천동)",경기도 시흥시 신천동 739-14,14948,,37.4401574151,126.7837988042,즉석판매제조가공업,즉석판매제조가공업,,,0,N,,
,"경기도 시흥시 옥구천동로 402 (정왕동, GS슈퍼마켓 시흥정왕점)",경기도 시흥시 정왕동 1873-3,15027,031-984-5728,37.3567512193,126.7302225709,즉석판매제조가공업,즉석판매제조가공업,,,,N,,
,"경기도 시흥시 월곶해안로 133 (월곶동,화신시장 67,68,70,71,80,81,82,83,84호)","경기도 시흥시 월곶동 1013-12 화신시장 67,68,70,71,80,81,82,83,84호",14963,031-318-9724,37.3876563066,126.7353628154,즉석판매제조가공업,즉석판매제조가공업,,,0,N,,
,"경기도 시흥시 배곧4로 32-13, 에브리데이 시흥배곧점 일부호 (배곧동)",경기도 시흥시 배곧동 126,15010,,37.376956103,126.7268874805,즉석판매제조가공업,즉석판매제조가공업,,,,N,,
,"경기도 시흥시 서울대학로264번길 26-9, 다인 로얄팰리스 배곧8차 2층 201호 (배곧동)",경기도 시흥시 배곧동 226-2 다인 로얄팰리스 배곧8차,15011,,37.3674108514,126.7269176778,즉석판매제조가공업,즉석판매제조가공업,,,0,N,,
,경기도 시흥시 하상로 33 (하상동),경기도 시흥시 하상동 205-2,14977,031-317-5159,37.3937452243,126.812461237,즉석판매제조가공업,즉석판매제조가공업,,,,N,,
,경기도 시흥시 대야로23번길 15-1,경기도 시흥시 대야동 473-1,14905,031-698-7890,37.4461050793,126.788060671,즉석판매제조가공업,즉석판매제조가공업,,,0,N,,
,경기도 시흥시 대골안길 40 (대야동),경기도 시흥시 대야동 466-19,14905,031-316-3027,37.4461795665,126.7884556454,즉석판매제조가공업,즉석판매제조가공업,,,,N,,
,"경기도 시흥시 비둘기공원7길 38 (대야동, 롯데마트내)",경기도 시흥시 대야동 542 롯데마트내,14912,,37.4430368253,126.7919559438,즉석판매제조가공업,즉석판매제조가공업,,,0,N,,
,"경기도 시흥시 공단1대로 244, 지원상가동 지1층 비107호 일부호 (정왕동)",경기도 시흥시 정왕동 1367-1 공구상가,15103,,37.3347248053,126.7265416247,즉석판매제조가공업,즉석판매제조가공업,,,,N,,
,"경기도 시흥시 복지로43번길 10-1, 101호 (대야동, 금성아이원파크)",경기도 시흥시 대야동 489-20 금성아이원파크,14909,,37.4438787871,126.7880704619,즉석판매제조가공업,즉석판매제조가공업,,,0,N,,
,"경기도 시흥시 하중로 193, 1층 111호 일부호 (하중동)",경기도 시흥시 하중동 856-1,14976,031-314-0330,37.3944204983,126.8046259833,즉석판매제조가공업,즉석판매제조가공업,,,,N,,
,경기도 시흥시 오이도로 173,경기도 시흥시 정왕동 2003-12 오이도직판장 B동 148호,15015,,37.3454457514,126.6880796381,즉석판매제조가공업,즉석판매제조가공업,,,0,N,,
,경기도 시흥시 정왕시장길 51,경기도 시흥시 정왕동 1203 정왕시장 329호,15052,,37.3458093904,126.7485677164,즉석판매제조가공업,즉석판매제조가공업,,,,N,,
,"경기도 시흥시 수인로3409번길 40, 1층 (신천동)",경기도 시흥시 신천동 388-17 1층,14947,031-314-2002,37.4383837425,126.7796784547,즉석판매제조가공업,즉석판매제조가공업,,,0,N,,
,"경기도 시흥시 장현능곡로 7, 1층 일부호 (장곡동)",경기도 시흥시 장곡동 949-12,14996,,37.3730147441,126.7912480485,즉석판매제조가공업,즉석판매제조가공업,,,,N,,
,"경기도 시흥시 옥구상가3길 23-11, 501호 일부호 (정왕동)",경기도 시흥시 정왕동 1859-10,15040,,37.353264951,126.7222640354,즉석판매제조가공업,즉석판매제조가공업,,,,N,,
,경기도 시흥시 마유로238번길 26 (정왕동),경기도 시흥시 정왕동 1366-4,15079,031-499-9982,37.3376271419,126.7306774357,즉석판매제조가공업,즉석판매제조가공업,,,0,N,,
,"경기도 시흥시 배곧4로 32-13, 이마트에브리데이 지하1층 (정왕동)",경기도 시흥시 정왕동 2477-3,15010,,37.376956103,126.7268874805,즉석판매제조가공업,즉석판매제조가공업,,,,N,,
,"경기도 시흥시 수인로3335번길 11, 흥산프라자 1층 107호 (신천동)",경기도 시흥시 신천동 775-2,14950,,37.4380334202,126.7873119584,즉석판매제조가공업,즉석판매제조가공업,,,,N,,
,경기도 시흥시 희망공원로 269 (정왕동),경기도 시흥시 정왕동 2166-4,15081,,37.3452082082,126.725237369,즉석판매제조가공업,즉석판매제조가공업,,,,N,,
,"경기도 시흥시 마유로238번길 26, 롯데마트 시화점 1층 일부호 (정왕동)",경기도 시흥시 정왕동 1366-4,15079,070-4300-9589,37.3376271419,126.7306774357,즉석판매제조가공업,즉석판매제조가공업,,,,N,,
,"경기도 시흥시 연성로29번길 22, 1층 일부호 (하중동)",경기도 시흥시 하중동 864-1,14976,,37.3925546521,126.8061570313,즉석판매제조가공업,즉석판매제조가공업,,,,N,,
,"경기도 시흥시 미산로 141, 2층 일부호 (미산동)",경기도 시흥시 미산동 316-7,14944,031-404-9595,37.4180822362,126.7926316901,즉석판매제조가공업,즉석판매제조가공업,,,0,N,,
,"경기도 시흥시 옥구천동로 404, B1층 (정왕동, 월드아파트)",경기도 시흥시 정왕동 1873-3 월드아파트,15027,,37.3552565325,126.7318525139,즉석판매제조가공업,즉석판매제조가공업,,,,N,,
,"경기도 시흥시 검바위1로 72-5, 1층 일부호 (은행동)",경기도 시흥시 은행동 245-6 은빛어린이집,14920,,37.4355562016,126.796593059,즉석판매제조가공업,즉석판매제조가공업,,,,N,,
,"경기도 시흥시 배곧3로 86, 센터프라자2 102호 (정왕동)",경기도 시흥시 정왕동 2513-1 센터프라자2,15011,031-431-3151,37.3702222869,126.7295541408,즉석판매제조가공업,즉석판매제조가공업,,,,N,,
,"경기도 시흥시 은계호수로 49, 시흥 센트럴돔 그랑트리 캐슬 B20호 일부호 (은행동)",경기도 시흥시 은행동 605 시흥 센트럴돔 그랑트리 캐슬,14923,,37.4458457243,126.8020023203,즉석판매제조가공업,즉석판매제조가공업,,,0,N,,
,"경기도 시흥시 봉우재로61번길 9 (정왕동, 103,104호)","경기도 시흥시 정왕동 1824-1 103,104호",15053,,37.3481590705,126.7452813721,즉석판매제조가공업,즉석판매제조가공업,,,0,N,,
,"경기도 시흥시 장곡로 15, 1층 104호 (장곡동)",경기도 시흥시 장곡동 823-8 1층104호,15002,031-318-0279,37.3790472188,126.787136354,즉석판매제조가공업,즉석판매제조가공업,,,0,N,,
,"경기도 시흥시 서울대학로264번길 26-29, 다인 로얄팰리스 배곧5차 320호 일부호 (배곧동)",경기도 시흥시 배곧동 228-3 다인 로얄팰리스 배곧5차,15011,,37.3668168759,126.7270592906,즉석판매제조가공업,즉석판매제조가공업,,,0,N,,
,경기도 시흥시 삼미시장2길 35,경기도 시흥시 신천동 738-4,14948,031-693-3489,37.4404099175,126.7838190062,즉석판매제조가공업,즉석판매제조가공업,,,0,N,,
,"경기도 시흥시 서울대학로278번길 67, 시흥배곧 롯데마트 1층 (정왕동)",경기도 시흥시 정왕동 2537 시흥배곧 롯데마트,15011,,37.3688907319,126.7313182505,즉석판매제조가공업,즉석판매제조가공업,,,0,N,,
,"경기도 시흥시 서울대학로278번길 61, 서영베니스스퀘어 2층 279호 (배곧동)",경기도 시흥시 배곧동 204 서영베니스스퀘어,15011,,37.3681926149,126.7306929431,즉석판매제조가공업,즉석판매제조가공업,,,,N,,
,경기도 시흥시 월곶중앙로14번길 87,"경기도 시흥시 월곶동 1010-1 단지상가 110,111호",14965,,37.3932090494,126.7396106281,즉석판매제조가공업,즉석판매제조가공업,,,0,N,,
,"경기도 시흥시 군자천로 381, 시화병원 병원동 지하1층 일부호 (정왕동)",경기도 시흥시 정왕동 1842-3 시화병원,15034,031-319-6636,37.3499087489,126.7370103825,즉석판매제조가공업,즉석판매제조가공업,,,,N,,
,"경기도 시흥시 정왕대로 174, 5층일부호 (정왕동, 광개토빌딩1차)",경기도 시흥시 정왕동 1726-1 광개토빌딩1차 5층일부호,15036,031-501-3332,37.3481553901,126.7334942325,즉석판매제조가공업,즉석판매제조가공업,,,0,N,,
,경기도 시흥시 시흥대로789번길 13 (포동),경기도 시흥시 포동 1-26,14957,031-315-6233,37.4074816451,126.7880308493,즉석판매제조가공업,즉석판매제조가공업,,,0,N,,
,"경기도 시흥시 정왕대로 210 (정왕동, 이마트시화점)",경기도 시흥시 정왕동 1734-1 이마트시화점,15066,051-711-7712,37.3459328804,126.7368812651,즉석판매제조가공업,즉석판매제조가공업,,,,N,,
,경기도 시흥시 오이도어시장로 7,"경기도 시흥시 정왕동 2004-3 오이도종합어시장 A동 79,93호",15015,031-433-6691,37.3451101492,126.6890880534,즉석판매제조가공업,즉석판매제조가공업,,,0,N,,
,"경기도 시흥시 비둘기공원2길 3-1, 남일빌딩 1층 일부호 (대야동)",경기도 시흥시 대야동 555-9 남일빌딩,14911,,37.4397037509,126.7922812585,즉석판매제조가공업,즉석판매제조가공업,,,,N,,
,"경기도 시흥시 서해안로 699, 시흥 프리미엄 아울렛 일부호 (정왕동)",경기도 시흥시 정왕동 1772-46 시흥 프리미엄 아울렛,15010,,37.3796992102,126.7370588161,즉석판매제조가공업,즉석판매제조가공업,,,,N,,
,"경기도 시흥시 은계남로 12, 142호 (은행동, 시흥은계 호반 써밋플레이스)",경기도 시흥시 은행동 644 시흥은계 호반 써밋플레이스,14922,,37.4351025771,126.8037071995,즉석판매제조가공업,즉석판매제조가공업,,,,N,,
,"경기도 시흥시 은계번영길 9, 골드웨이Ⅰ 지하1층 B104호 일부호 (은행동)",경기도 시흥시 은행동 646-4 골드웨이Ⅰ,14922,031-404-9198,37.4375240428,126.8016387672,즉석판매제조가공업,즉석판매제조가공업,,,0,N,,
,"경기도 시흥시 대야로3번길 16-1, 1층 (대야동)",경기도 시흥시 대야동 487-22,14909,,37.4446393093,126.7871362525,즉석판매제조가공업,즉석판매제조가공업,,,,N,,
,경기도 시흥시 삼미시장1길 19,경기도 시흥시 신천동 738-2 자유마트 내,14948,031-312-4653,37.4405908634,126.7839303247,즉석판매제조가공업,즉석판매제조가공업,,,0,N,,
,경기도 시흥시 오이도로 167,경기도 시흥시 정왕동 2003-8 오이도직판장 A-28호,15015,031-434-5251,37.3458883179,126.6882103529,즉석판매제조가공업,즉석판매제조가공업,,,0,N,,
,"경기도 시흥시 정왕대로 64 (정왕동, 메가쇼핑몰1층112호)",경기도 시흥시 정왕동 1861-2 메가쇼핑몰1층 112호,15040,,37.3542557561,126.7235297297,즉석판매제조가공업,즉석판매제조가공업,,,0,N,,
,경기도 시흥시 희망공원로 269,경기도 시흥시 정왕동 2166-4,15081,031-472-1252,37.3452082082,126.725237369,즉석판매제조가공업,즉석판매제조가공업,,,0,N,,
,경기도 시흥시 정왕천로355번길 50 (정왕동),경기도 시흥시 정왕동 1595-12,15057,031-432-1789,37.3432190183,126.7437841325,즉석판매제조가공업,즉석판매제조가공업,,,,N,,
,"경기도 시흥시 비둘기공원로 28, 롯데마트 시흥점 2층 신선식품 수산코너호 (대야동)",경기도 시흥시 대야동 542 롯데마트 시흥점,14912,,37.4430368253,126.7919559438,즉석판매제조가공업,즉석판매제조가공업,,,,N,,
,"경기도 시흥시 정왕대로 210, 2층 (정왕동)",경기도 시흥시 정왕동 1734-1,15066,070-5106-5833,37.3459328804,126.7368812651,즉석판매제조가공업,즉석판매제조가공업,,상수도전용,,N,,
,"경기도 시흥시 인선길 39, 근린생활시설B동 1층 111호 (장곡동)",경기도 시흥시 장곡동 355-1,15002,,37.3769372001,126.7840163865,즉석판매제조가공업,즉석판매제조가공업,,,0,N,,
,"경기도 시흥시 서울대학로264번길 25, 시흥배곧 아브뉴프랑 센트럴 블루 3층 313호 일부호 (배곧동)",경기도 시흥시 배곧동 219 시흥배곧 아브뉴프랑 센트럴 블루,15011,,37.3683599517,126.7273257955,즉석판매제조가공업,즉석판매제조가공업,,,,N,,
,"경기도 시흥시 호현로 42-6, 1층 (대야동)",경기도 시흥시 대야동 495-2 1층,14909,031-311-3100,37.4440606324,126.7853442752,즉석판매제조가공업,즉석판매제조가공업,,상수도전용,0,N,,
,경기도 시흥시 오이도로 167,"경기도 시흥시 정왕동 2003-8 A동 36,37호",15015,031-431-4280,37.3458883179,126.6882103529,즉석판매제조가공업,즉석판매제조가공업,,,,N,,
,경기도 시흥시 매화1로 22-3,경기도 시흥시 매화동 239-1,14940,031-693-9120,37.415251483,126.8124115994,즉석판매제조가공업,즉석판매제조가공업,,,0,N,,
,경기도 시흥시 월곶중앙로14번길 86-1,경기도 시흥시 월곶동 991-11,14968,,37.3935116345,126.7404096726,즉석판매제조가공업,즉석판매제조가공업,,,0,N,,
,경기도 시흥시 오이도로 167,"경기도 시흥시 정왕동 2003-8 A동 32,33호",15015,031-433-1336,37.3458883179,126.6882103529,즉석판매제조가공업,즉석판매제조가공업,,,,N,,
,"경기도 시흥시 정왕대로 210, E MART시화점 2층에스컬레이터앞 2층 (정왕동)",경기도 시흥시 정왕동 1734-2 E MART시화점,15066,031-581-6651,37.3459328804,126.7368812651,즉석판매제조가공업,즉석판매제조가공업,,,,N,,
,"경기도 시흥시 정왕대로 64 (정왕동,메가쇼핑몰 127호 일부)",경기도 시흥시 정왕동 1861-2 메가쇼핑몰 127호 일부,15040,031-431-5323,37.3542557561,126.7235297297,즉석판매제조가공업,즉석판매제조가공업,,,0,N,,
,"경기도 시흥시 하중로 213, 1층 (하중동)",경기도 시흥시 하중동 861-3 1층,14976,031-318-8244,37.3927866075,126.8057481964,즉석판매제조가공업,즉석판매제조가공업,,,0,N,,
,,경기도 시흥시 거모동 1569-3,,,,,즉석판매제조가공업,즉석판매제조가공업,,,0,N,,
,"경기도 시흥시 장현순환로 81, 1층 GS더프레시 매장 일부호 (장현동, 시흥능곡역 모아미래도 에듀포레)",경기도 시흥시 장현동 608 시흥능곡역 모아미래도 에듀포레,14996,,37.3744096409,126.7969159919,즉석판매제조가공업,즉석판매제조가공업,,,,N,,
,경기도 시흥시 매화로135번길 13 (주)대경FA 1층 (도창동),경기도 시흥시 도창동 374 (주)대경FA,14942,031-8044-0086,37.4094424494,126.8163404741,즉석판매제조가공업,즉석판매제조가공업,,,,N,,
,경기도 시흥시 비둘기공원7길 38 (대야동),경기도 시흥시 대야동 542,14912,,37.4430368253,126.7919559438,즉석판매제조가공업,즉석판매제조가공업,,,0,N,,
,"경기도 시흥시 은행로155번길 17, 101,102(일부)호 (은행동)",경기도 시흥시 은행동 537-1,14917,031-311-3886,37.4440621226,126.7976213085,즉석판매제조가공업,즉석판매제조가공업,,상수도전용,,N,,
,"경기도 시흥시 마유로238번길 26, 1층 식품매장 내 일부호 (정왕동)",경기도 시흥시 정왕동 1366-4,15079,,37.3376271419,126.7306774357,즉석판매제조가공업,즉석판매제조가공업,,,,N,,
,"경기도 시흥시 동서로 1087, 102호 (조남동)",경기도 시흥시 조남동 171-9,14984,,37.3860530506,126.860009174,즉석판매제조가공업,즉석판매제조가공업,,,0,N,,
,경기도 시흥시 마유로238번길 26,경기도 시흥시 정왕동 1366-4,15079,032-432-4215,37.3376271419,126.7306774357,즉석판매제조가공업,즉석판매제조가공업,,,0,N,,
,"경기도 시흥시 배곧4로 81-46, 솔로몬프라자 1층 105호 (정왕동)",경기도 시흥시 정왕동 2468 솔로몬프라자,15010,031-360-5576,37.3746335805,126.7342752428,즉석판매제조가공업,즉석판매제조가공업,,,,N,,
,"경기도 시흥시 장곡로37번길 16, 1층 101호 (장곡동)",경기도 시흥시 장곡동 817-3 1층 101호,15002,031-415-4592,37.3780842626,126.784400804,즉석판매제조가공업,즉석판매제조가공업,,,,N,,
,"경기도 시흥시 군서로18번길 17-1, 1층 상가 일부호 (정왕동)",경기도 시흥시 정왕동 1191-3,15052,,37.3458589056,126.7506897547,즉석판매제조가공업,즉석판매제조가공업,,,,N,,
,"경기도 시흥시 오이도로 332, 시흥오이도박물관 (정왕동)",경기도 시흥시 정왕동 2202-6,15016,031-402-4077,37.335182865,126.6912492808,즉석판매제조가공업,즉석판매제조가공업,,,,N,,
,"경기도 시흥시 정왕대로 210, E MART시화점 2층 (정왕동)",경기도 시흥시 정왕동 1734-2 E MART시화점,15066,053-850-9853,37.3459328804,126.7368812651,즉석판매제조가공업,즉석판매제조가공업,,,,N,,
,,경기도 시흥시 신천동 774-0 우명프라자,14950,,37.4382099813,126.788191992,즉석판매제조가공업,즉석판매제조가공업,,,0,N,,
,"경기도 시흥시 서울대학로278번길 19-13, 107동 2층 A-219호 (배곧동, 시흥배곧 C1 호반 써밋플레이스)",경기도 시흥시 배곧동 191 시흥배곧 C1 호반 써밋플레이스,15011,,37.3703857466,126.7269775004,즉석판매제조가공업,즉석판매제조가공업,,,,N,,
,"경기도 시흥시 서울대학로264번길 44-4, 에스프라자 7층 701호 일부호 (배곧동)",경기도 시흥시 배곧동 231 에스프라자,15011,,37.3671759068,126.7282075179,즉석판매제조가공업,즉석판매제조가공업,,,,N,,
,"경기도 시흥시 신천6길 43, 1층 일부호 (신천동)",경기도 시흥시 신천동 821-1 105호,14947,,37.4372428294,126.7773495041,즉석판매제조가공업,즉석판매제조가공업,,,0,N,,
,,경기도 시흥시 거모동 .. 36블럭 1롯트 201호,,,,,즉석판매제조가공업,즉석판매제조가공업,,,0,N,,
,경기도 시흥시 군자로492번길 12,경기도 시흥시 거모동 1474-1 일우상가104호,15071,031-495-5876,37.3459875256,126.7830797532,즉석판매제조가공업,즉석판매제조가공업,,,0,N,,
,경기도 시흥시 호현로22번길 7-1,경기도 시흥시 신천동 707-32,14910,031-693-9122,37.4417444833,126.7854002179,즉석판매제조가공업,즉석판매제조가공업,,,0,N,,
,"경기도 시흥시 함송로14번길 5-10, 신도프라자 104호 일부호 (정왕동)",경기도 시흥시 정왕동 1884-6 신도프라자,15020,,37.3630772884,126.729988563,즉석판매제조가공업,즉석판매제조가공업,,,,N,,
,경기도 시흥시 비둘기공원7길 38 (대야동),경기도 시흥시 대야동 542,14912,031-318-3414,37.4430368253,126.7919559438,즉석판매제조가공업,즉석판매제조가공업,,,0,N,,
,,경기도 시흥시 은행동 288-1 스페이스 타워,14921,,37.4320543214,126.7936643149,즉석판매제조가공업,즉석판매제조가공업,,,0,N,,
,경기도 시흥시 문화마을로2번길 9-1,경기도 시흥시 신천동 725-5,14904,031-317-0606,37.4423390277,126.7808840412,즉석판매제조가공업,즉석판매제조가공업,,,,N,,
,경기도 시흥시 오이도어시장로 7,경기도 시흥시 정왕동 2004-3 오이도종합어시장 A동 179.190호,15015,,37.3451101492,126.6890880534,즉석판매제조가공업,즉석판매제조가공업,,,0,N,,
,"경기도 시흥시 시흥대로1074번길 5, 스페이스타워 (은행동)",경기도 시흥시 은행동 288-1 스페이스타워,14921,,37.4320543214,126.7936643149,즉석판매제조가공업,즉석판매제조가공업,,,,N,,
,"경기도 시흥시 정왕대로 210, 2층 (정왕동)",경기도 시흥시 정왕동 1734-2 E MART시화점,15066,070-4219-5306,37.3459328804,126.7368812651,즉석판매제조가공업,즉석판매제조가공업,,상수도전용,,N,,
,"경기도 시흥시 정왕대로 210, E MART시화점 2층 (정왕동)",경기도 시흥시 정왕동 1734-2 E MART시화점 2층호,15066,070-5106-5806,37.3459328804,126.7368812651,즉석판매제조가공업,즉석판매제조가공업,,,,N,,
,"경기도 시흥시 서울대학로278번길 67, 시흥배곧 롯데마트 1층 (배곧동)",경기도 시흥시 배곧동 202 시흥배곧 롯데마트,15011,,37.3688907319,126.7313182505,즉석판매제조가공업,즉석판매제조가공업,,,0,N,,
,,경기도 시흥시 월곶동 1010-4 지하1층,14964,031-906-1175,37.3902457487,126.735754493,즉석판매제조가공업,즉석판매제조가공업,,,0,N,,
,,경기도 시흥시 정왕동 0000-0 건영상가 108호,15119,031-499-7335,,,즉석판매제조가공업,즉석판매제조가공업,,,0,N,,
,경기도 시흥시 삼미시장2길 45,경기도 시흥시 신천동 737-7,14948,031-313-1899,37.4400101482,126.7847836747,즉석판매제조가공업,즉석판매제조가공업,,,0,N,,
,경기도 시흥시 장곡로 23,경기도 시흥시 장곡동 823-2 중앙시장마트,15002,031-318-7303,37.3790954387,126.7861645217,즉석판매제조가공업,즉석판매제조가공업,,,0,N,,
,,경기도 시흥시 장현동 25-1 대동(아)상가103,,031-317-6963,37.3905499805,126.7902937354,즉석판매제조가공업,즉석판매제조가공업,,,0,N,,
,경기도 시흥시 마유로238번길 26,경기도 시흥시 정왕동 1366-4,15079,031-911-2419,37.3376271419,126.7306774357,즉석판매제조가공업,즉석판매제조가공업,,,0,N,,
,경기도 시흥시 정왕시장길 52 (정왕동),경기도 시흥시 정왕동 1202,15052,031-433-4399,37.3455685452,126.7489652672,즉석판매제조가공업,즉석판매제조가공업,,,0,N,,
,경기도 시흥시 진말로9번길 2,경기도 시흥시 장곡동 820-3,15002,,37.378468074,126.7852668701,즉석판매제조가공업,즉석판매제조가공업,,,,N,,
,"경기도 시흥시 옥구천동로 456, 상가동 104호 (정왕동)",경기도 시흥시 정왕동 1874-1 신한아파트 상가동 104호,15023,,37.36065147,126.733976935,즉석판매제조가공업,즉석판매제조가공업,,,0,N,,
,경기도 시흥시 오이도어시장로 7,경기도 시흥시 정왕동 2004-3 A동 212호,15015,,37.3451101492,126.6890880534,즉석판매제조가공업,즉석판매제조가공업,,,,N,,
,"경기도 시흥시 연성로13번길 11, 101호 일부호 (하중동, N PLUS빌 아파트)",경기도 시흥시 하중동 878-1 N PLUS빌 아파트,14976,,37.3913094282,126.8043948934,즉석판매제조가공업,즉석판매제조가공업,,,0,N,,
,경기도 시흥시 오이도로 167,경기도 시흥시 정왕동 2003-8 44호,15015,031-499-6977,37.3458883179,126.6882103529,즉석판매제조가공업,즉석판매제조가공업,,,0,N,,
,"경기도 시흥시 군자로 98-62, 2층 (월곶동)",경기도 시흥시 월곶동 362-1 2층,15006,031-315-3292,37.3729546224,126.7637022038,즉석판매제조가공업,즉석판매제조가공업,,,,N,,
,"경기도 시흥시 정왕대로 210, E MART시화점 1층 일부호 (정왕동)",경기도 시흥시 정왕동 1734-2 E MART시화점,15066,031-527-8671,37.3459328804,126.7368812651,즉석판매제조가공업,즉석판매제조가공업,,,,N,,
,"경기도 시흥시 신현로38번길 12, 1층 (포동)",경기도 시흥시 포동 13-31,14957,,37.4066590181,126.7846488724,즉석판매제조가공업,즉석판매제조가공업,,,,N,,
,"경기도 시흥시 정왕천로411번길 8, 1층 102호 (정왕동)",경기도 시흥시 정왕동 1194-11,15052,,37.3447904886,126.7513551862,즉석판매제조가공업,즉석판매제조가공업,,,,N,,
,"경기도 시흥시 오이도어시장로 7, 오이도종합어시장 가동 133,134호 (정왕동)",경기도 시흥시 정왕동 2004-3 오이도종합어시장,15015,031-433-3198,37.3451101492,126.6890880534,즉석판매제조가공업,즉석판매제조가공업,,,0,N,,
,"경기도 시흥시 거북섬로 110, 거북섬 마리나베이 101 3블럭 3층 365호 (정왕동)",경기도 시흥시 정왕동 2731 거북섬 마리나베이 101 3블럭,15119,,37.3206406377,126.6777149327,즉석판매제조가공업,즉석판매제조가공업,,,0,N,,
,"경기도 시흥시 승지로60번길 17, 현대프라자 1층 108호 (능곡동)",경기도 시흥시 능곡동 758 현대프라자,14995,,37.3687417605,126.8125426628,즉석판매제조가공업,즉석판매제조가공업,,,0,N,,
,"경기도 시흥시 협력로 281, 메가폴리스 B동 1층 108호 일부호 (정왕동)",경기도 시흥시 정왕동 2164-2 메가폴리스,15080,,37.3518659383,126.7151538858,즉석판매제조가공업,즉석판매제조가공업,,,0,N,,
,"경기도 시흥시 인선길 30, 1층 (장곡동)",경기도 시흥시 장곡동 818-4 1층,15002,,37.3774677508,126.7852989527,즉석판매제조가공업,즉석판매제조가공업,,,0,N,,
,경기도 시흥시 봉우재로 20,경기도 시흥시 정왕동 1593,15057,031-505-7284,37.3448414517,126.7437791518,즉석판매제조가공업,즉석판매제조가공업,,,0,N,,
,경기도 시흥시 연성로 103,경기도 시흥시 하상동 377-6,14977,031-404-7863,37.3908754297,126.8149727557,즉석판매제조가공업,즉석판매제조가공업,,,0,N,,
,경기도 시흥시 시청로68번길 1,경기도 시흥시 장현동 539-4,14998,031-318-2905,37.3806380109,126.7999414659,즉석판매제조가공업,즉석판매제조가공업,,,,N,,
,"경기도 시흥시 삼미시장2길 41-1, 에덴동상 1층 일부호 (신천동)",경기도 시흥시 신천동 737-8 에덴동상,14948,031-311-5285,37.4401074445,126.7844775344,즉석판매제조가공업,즉석판매제조가공업,,,,N,,
,"경기도 시흥시 정왕시장길 52, 정왕시장 1층 108호 (정왕동)",경기도 시흥시 정왕동 1202 정왕시장,15052,,37.3455685452,126.7489652672,즉석판매제조가공업,즉석판매제조가공업,,,0,N,,
,경기도 시흥시 동서로 1092,경기도 시흥시 목감동 239-20 목감슈퍼 내,14984,031-480-3484,37.386235394,126.8603916944,즉석판매제조가공업,즉석판매제조가공업,,,0,N,,
,"경기도 시흥시 신천로83번길 4, 1층 (신천동)",경기도 시흥시 신천동 764-12 1층,14949,031-312-1668,37.4378966601,126.7855611507,즉석판매제조가공업,즉석판매제조가공업,,,0,N,,
,"경기도 시흥시 군서마을로 80, 1층 일부호 (정왕동)",경기도 시흥시 정왕동 1831-10,15053,031-499-5098,37.3476374655,126.7440559479,즉석판매제조가공업,즉석판매제조가공업,,,,N,,
,"경기도 시흥시 호현로22번길 13, 1층 일부호 (신천동)",경기도 시흥시 신천동 709-19,14910,,37.4413332305,126.7859580454,즉석판매제조가공업,즉석판매제조가공업,,,0,N,,
,"경기도 시흥시 서울대학로278번길 67 (정왕동, 롯데마트시흥배곧점)",경기도 시흥시 정왕동 1771-1,15011,042-936-3041,37.3688907319,126.7313182505,즉석판매제조가공업,즉석판매제조가공업,,,,N,,
,"경기도 시흥시 배곧3로 86, 센터프라자2 2층 211호 (정왕동)",경기도 시흥시 정왕동 2513-1 센터프라자2 211호,15011,,37.3702222869,126.7295541408,즉석판매제조가공업,즉석판매제조가공업,,,,N,,
,경기도 시흥시 정왕대로 210,경기도 시흥시 정왕동 1734-1 이마트내,15066,02-2281-6341,37.3459328804,126.7368812651,즉석판매제조가공업,즉석판매제조가공업,,,0,N,,
,"경기도 시흥시 군자로492번길 13, 401동 1층 106호 (거모동)",경기도 시흥시 거모동 1735-2,15071,,37.3456889954,126.7829019507,즉석판매제조가공업,즉석판매제조가공업,,,0,N,,
,"경기도 시흥시 서울대학로278번길 67, 시흥배곧 롯데마트 1층 일부호 (배곧동)",경기도 시흥시 배곧동 202 시흥배곧 롯데마트,15011,055-544-0792,37.3688907319,126.7313182505,즉석판매제조가공업,즉석판매제조가공업,,,,N,,
,경기도 시흥시 희망공원로 269,경기도 시흥시 정왕동 2166-4 시화점 홈플러스 2층,15081,031-310-8000,37.3452082082,126.725237369,즉석판매제조가공업,즉석판매제조가공업,,,,N,,
,경기도 시흥시 마유로238번길 26 (정왕동),경기도 시흥시 정왕동 1366-4,15079,031-496-7700,37.3376271419,126.7306774357,즉석판매제조가공업,즉석판매제조가공업,,,0,N,,
,"경기도 시흥시 배곧5로 74, 지음프라자 ll 1층 103호 (배곧동)",경기도 시흥시 배곧동 18-5 지음프라자 ll,15010,,37.3823023431,126.7353832975,즉석판매제조가공업,즉석판매제조가공업,,,,N,,
,"경기도 시흥시 은계호수로 49, 시흥 센트럴돔 그랑트리 캐슬 지하1층 B007호 일부호 (은행동)",경기도 시흥시 은행동 601-302 시흥 센트럴돔 그랑트리 캐슬,14923,,37.4458457243,126.8020023203,즉석판매제조가공업,즉석판매제조가공업,,,0,N,,
,경기도 시흥시 마유로238번길 26,경기도 시흥시 정왕동 1366-4,15079,031-423-5256,37.3376271419,126.7306774357,즉석판매제조가공업,즉석판매제조가공업,,,0,N,,
,경기도 시흥시 도일로 109 (거모동),경기도 시흥시 거모동 1658-7,15070,031-494-0787,37.3402672213,126.78364215,즉석판매제조가공업,즉석판매제조가공업,,,0,N,,
,경기도 시흥시 오이도중앙로5번길 4-13 (정왕동),경기도 시흥시 정왕동 1981-8,15015,031-431-4922,37.3464834804,126.6908797018,즉석판매제조가공업,즉석판매제조가공업,,,0,N,,
,경기도 시흥시 도일로 133 (거모동),경기도 시흥시 거모동 1753-1,15070,,37.342226503,126.7841880159,즉석판매제조가공업,즉석판매제조가공업,,,0,N,,
,"경기도 시흥시 정왕신길로49번길 21, 103호 (정왕동, 서해2차아파트 상가동)",경기도 시흥시 정왕동 1886-4 서해2차아파트 상가동 103호,15021,,37.3602199113,126.7272172937,즉석판매제조가공업,즉석판매제조가공업,,,,N,,
,경기도 시흥시 오이도어시장로 8,경기도 시흥시 정왕동 2005-3 오이도종합어시장 B동 77.78호,15015,031-432-4890,37.3446490932,126.6888897946,즉석판매제조가공업,즉석판매제조가공업,,상수도전용,0,N,,
,경기도 시흥시 오이도어시장로 7,"경기도 시흥시 정왕동 2004-3 오이도종합어시장A동 155,156호",15015,031-434-4979,37.3451101492,126.6890880534,즉석판매제조가공업,즉석판매제조가공업,,,0,N,,
,경기도 시흥시 함송로14번길 30,경기도 시흥시 정왕동 1886-2,15021,031-434-0209,37.3621873145,126.72897004,즉석판매제조가공업,즉석판매제조가공업,,,0,N,,
,경기도 시흥시 큰솔로 59,경기도 시흥시 정왕동 1519-2 103호,15051,031-431-5409,37.3426424571,126.7537699028,즉석판매제조가공업,즉석판매제조가공업,,상수도전용,0,N,,
,"경기도 시흥시 은계번영길 7, 단디프라자 1층 102호 (은행동)",경기도 시흥시 은행동 646-2 단디프라자,14922,,37.4371002939,126.8016200973,즉석판매제조가공업,즉석판매제조가공업,,,,N,,
,경기도 시흥시 서울대학로278번길 67 (정왕동),경기도 시흥시 정왕동 1771-1,15011,,37.3688907319,126.7313182505,즉석판매제조가공업,즉석판매제조가공업,,,,N,,
,경기도 시흥시 대야로 4 (대야동),경기도 시흥시 대야동 490-5,14909,031-404-2790,37.4441637718,126.7889947589,즉석판매제조가공업,즉석판매제조가공업,,,0,N,,
,"경기도 시흥시 비둘기공원로 28 (대야동, 롯데마트 2층)",경기도 시흥시 대야동 542 롯데마트 2층,14912,02-817-0601,37.4430368253,126.7919559438,즉석판매제조가공업,즉석판매제조가공업,,,0,N,,
,"경기도 시흥시 수인로3247번길 25, 은행동주민센터 (은행동)",경기도 시흥시 은행동 113-9 은행동주민센터,14922,,37.4364387364,126.7979751529,즉석판매제조가공업,즉석판매제조가공업,,,,N,,
,"경기도 시흥시 대골안길 40, 가동 1층 (대야동)",경기도 시흥시 대야동 466-19 1층 가동,14905,031-312-5363,37.4461795665,126.7884556454,즉석판매제조가공업,즉석판매제조가공업,,,0,N,,
,,"경기도 시흥시 거모동 1465-8 ,9",,031-492-4801,,,즉석판매제조가공업,즉석판매제조가공업,,,0,N,,
,"경기도 시흥시 은계중앙로 8, 상가동 1층 1호 (은행동, 엘에이치아란트리)",경기도 시흥시 은행동 662 엘에이치아란트리,14922,,37.4322059749,126.8031575766,즉석판매제조가공업,즉석판매제조가공업,,,0,N,,
,경기도 시흥시 대골안길 54-1,경기도 시흥시 대야동 475-22 B동,14905,,37.4450125929,126.7877544842,즉석판매제조가공업,즉석판매제조가공업,,,0,N,,
,"경기도 시흥시 오이도로 173 (정왕동, B동 167호)",경기도 시흥시 정왕동 2003-12 B동 167호,15015,,37.3454457514,126.6880796381,즉석판매제조가공업,즉석판매제조가공업,,,0,N,,
,"경기도 시흥시 정왕대로 210 (정왕동, 2층)",경기도 시흥시 정왕동 1734-1 2층,15066,031-434-4306,37.3459328804,126.7368812651,즉석판매제조가공업,즉석판매제조가공업,,,0,N,,
,"경기도 시흥시 오이도어시장로 7, 가동 43,44,45호 (정왕동)",경기도 시흥시 정왕동 2004-3 가동,15015,031-499-2560,37.3451101492,126.6890880534,즉석판매제조가공업,즉석판매제조가공업,,,0,N,,
,"경기도 시흥시 월곶중앙로 47, 가동 5(일부)호 (월곶동)",경기도 시흥시 월곶동 1015-5,14963,031-318-3374,37.3880821557,126.7398996365,즉석판매제조가공업,즉석판매제조가공업,,,,N,,
,"경기도 시흥시 장곡로53번길 12, 롯데슈퍼시흥장곡점 (장곡동)",경기도 시흥시 장곡동 807 숲속마을아파트,15002,031-792-9029,37.3783249969,126.7824783751,즉석판매제조가공업,즉석판매제조가공업,,,,N,,
,"경기도 시흥시 정왕대로 56, 세종월드 빌딩 2층 208호 (정왕동)",경기도 시흥시 정왕동 1861-1 세종월드 빌딩,15040,,37.3545138727,126.7230302519,즉석판매제조가공업,즉석판매제조가공업,,,,N,,
,"경기도 시흥시 비둘기공원7길 19, 상가 103호 (대야동, 서해아파트)",경기도 시흥시 대야동 563 서해아파트,14913,,37.4442675842,126.7942844524,즉석판매제조가공업,즉석판매제조가공업,,,0,N,,
,"경기도 시흥시 마유로238번길 26, 롯데마트시화점 1층 (정왕동)",경기도 시흥시 정왕동 1366-4,15079,070-4300-9589,37.3376271419,126.7306774357,즉석판매제조가공업,즉석판매제조가공업,,,,N,,
,"경기도 시흥시 비둘기공원로 28, 2층 (대야동, 롯데마트 )",경기도 시흥시 대야동 542 롯데마트 2층,14912,,37.4430368253,126.7919559438,즉석판매제조가공업,즉석판매제조가공업,,,0,N,,
,"경기도 시흥시 신현로38번길 12, 1층 일부호 (포동)",경기도 시흥시 포동 13-31,14957,,37.4066590181,126.7846488724,즉석판매제조가공업,즉석판매제조가공업,,,0,N,,
,"경기도 시흥시 정왕대로 210 (정왕동, 이마트시화점 내)",경기도 시흥시 정왕동 1734-1,15066,053-850-9853,37.3459328804,126.7368812651,즉석판매제조가공업,즉석판매제조가공업,,,,N,,
,,경기도 시흥시 포동 13-3 태산아파트상가 12동 지하1호,,,,,즉석판매제조가공업,즉석판매제조가공업,,,0,N,,
,경기도 시흥시 중심상가로 47 (정왕동),경기도 시흥시 정왕동 1859-18,15040,031-498-7215,37.3524624534,126.7235933656,즉석판매제조가공업,즉석판매제조가공업,,,0,N,,
,,경기도 시흥시 거모동 146-4,15003,031-494-5828,,,즉석판매제조가공업,즉석판매제조가공업,,,0,N,,
,"경기도 시흥시 희망공원로 269 (정왕동, 홈플러스시화점)",경기도 시흥시 정왕동 2166-4 홈플러스시화점,15081,,37.3452082082,126.725237369,즉석판매제조가공업,즉석판매제조가공업,,,0,N,,
,경기도 시흥시 수인로3409번길 16,경기도 시흥시 신천동 747-8,14947,,37.4406192532,126.779702243,즉석판매제조가공업,즉석판매제조가공업,,,0,N,,
,"경기도 시흥시 은행로 50-17, 1층 일부호 (은행동)",경기도 시흥시 은행동 243-10 산호슈퍼마켓,14920,,37.4363077168,126.7971625125,즉석판매제조가공업,즉석판매제조가공업,,,,N,,
,"경기도 시흥시 은계호수로 49, 시흥 센트럴돔 그랑트리 캐슬 3층 3046호 일부호 (은행동)",경기도 시흥시 은행동 601-302 시흥 센트럴돔 그랑트리 캐슬,14923,,37.4458457243,126.8020023203,즉석판매제조가공업,즉석판매제조가공업,,,0,N,,
,경기도 시흥시 진말로19번길 14,경기도 시흥시 장곡동 814-5,15002,,37.3792539209,126.7840508375,즉석판매제조가공업,즉석판매제조가공업,,,0,N,,
,"경기도 시흥시 옥구상가3길 25, 1층 (정왕동)",경기도 시흥시 정왕동 1857-1 1층,15040,,37.3541595445,126.7226048352,즉석판매제조가공업,즉석판매제조가공업,,,,N,,
,경기도 시흥시 오이도어시장로 7,경기도 시흥시 정왕동 2004-3 135호,15015,031-434-3326,37.3451101492,126.6890880534,즉석판매제조가공업,즉석판매제조가공업,,,,N,,
,"경기도 시흥시 서울대학로 59-49, 건영테크노밸리 1층 117호 일부호 (배곧동)",경기도 시흥시 배곧동 291-5 건영테크노밸리,15012,,37.3597177946,126.7085339906,즉석판매제조가공업,즉석판매제조가공업,,,,N,,
,"경기도 시흥시 소래산길 67-1, 1층 101호 일부호 (대야동)",경기도 시흥시 대야동 303-74,14902,031-314-5043,37.4523814279,126.7885438775,즉석판매제조가공업,즉석판매제조가공업,,,,N,,
,"경기도 시흥시 군서로18번길 25-1, 1층 일부호 (정왕동)",경기도 시흥시 정왕동 1180-10 예일학원,15052,,37.3464577035,126.7513047624,즉석판매제조가공업,즉석판매제조가공업,,,,N,,
,"경기도 시흥시 능곡로 182, 홈플러스익스프레스 1층 (능곡동)",경기도 시흥시 능곡동 753 신성프라자,14995,031-791-5618,37.3682632809,126.8108643032,즉석판매제조가공업,즉석판매제조가공업,,,,N,,
,"경기도 시흥시 희망공원로 269, 2층 (정왕동, 홈플러스시화점)",경기도 시흥시 정왕동 2166-4,15081,051-246-2775,37.3452082082,126.725237369,즉석판매제조가공업,즉석판매제조가공업,,,,N,,
,"경기도 시흥시 정왕대로 210, E MART시화점 1층 (정왕동)",경기도 시흥시 정왕동 1734-2 E MART시화점,15066,02-3397-6093,37.3459328804,126.7368812651,즉석판매제조가공업,즉석판매제조가공업,,,,N,,
,"경기도 시흥시 옥구천서로 317, 2층 (정왕동)",경기도 시흥시 정왕동 1856-3 2층호,15040,031-499-9662,37.3514860035,126.7231404959,즉석판매제조가공업,즉석판매제조가공업,,,,N,,
,"경기도 시흥시 삼미시장4길 32, 1층 일부호 (신천동)",경기도 시흥시 신천동 741-23 1층일부호,14948,031-314-7134,37.4402513012,126.7814466248,즉석판매제조가공업,즉석판매제조가공업,,,,N,,
,,경기도 시흥시 정왕동 1394 아주상가지하126,15119,031-432-0757,,,즉석판매제조가공업,즉석판매제조가공업,,,0,N,,
,"경기도 시흥시 장현능곡로 155, 웰빙푸드마켓 일부호 (능곡동)",경기도 시흥시 능곡동 235-1 시흥 플랑드르,15121,,37.3710186339,126.8072928232,즉석판매제조가공업,즉석판매제조가공업,,,,N,,
,경기도 시흥시 호현로40번길 17-1,경기도 시흥시 대야동 492-22,14909,031-695-7600,37.4432422179,126.787138203,즉석판매제조가공업,즉석판매제조가공업,,,0,N,,
,"경기도 시흥시 배곧4로 32-9, 골든프라자 1층 112호 (배곧동)",경기도 시흥시 배곧동 125 골든프라자,15010,,37.3767326227,126.7271721413,즉석판매제조가공업,즉석판매제조가공업,,,,N,,
,"경기도 시흥시 동서로 770, 안산농협  일부호 (물왕동)",경기도 시흥시 물왕동 248-4 안산농협 창고시설,14990,,37.3843410162,126.8308012535,즉석판매제조가공업,즉석판매제조가공업,,,,N,,
,"경기도 시흥시 시청로72번길 33, KT II빌딩 1층 일부호 (장현동)",경기도 시흥시 장현동 528-5 KT II빌딩,14998,,37.3827259917,126.8024522744,즉석판매제조가공업,즉석판매제조가공업,,,,N,,
,"경기도 시흥시 월곶해안로 157, 1층(일부)층 (월곶동, C1,D1)","경기도 시흥시 월곶동 1013-21 1층일부(C1,D1)",14963,031-318-9211,37.3885329394,126.7371161582,즉석판매제조가공업,즉석판매제조가공업,,,,N,,
,경기도 시흥시 함송로 24,경기도 시흥시 정왕동 1882-4 세종프라자  121~5호,15020,031-433-5277,37.3632151301,126.7303936899,즉석판매제조가공업,즉석판매제조가공업,,,0,N,,
,경기도 시흥시 삼미시장2길 29,경기도 시흥시 신천동 738-3,14948,031-313-2350,37.4406230103,126.7832856727,즉석판매제조가공업,즉석판매제조가공업,,,0,N,,
,"경기도 시흥시 공단1대로 204, 시화유통상가  지원상가동 지하1층 B108호 일부호 (정왕동)",경기도 시흥시 정왕동 1364 시화유통상가,15090,070-7542-3391,37.3379338971,126.7238219689,즉석판매제조가공업,즉석판매제조가공업,,,,N,,
,"경기도 시흥시 마유로238번길 26 (정왕동, 롯데마트시화점)",경기도 시흥시 정왕동 1366-4 롯데마트시화점,15079,031-496-7700,37.3376271419,126.7306774357,즉석판매제조가공업,즉석판매제조가공업,,,,N,,
,"경기도 시흥시 오이도로 173, 오이도수산물직판장 58호 (정왕동)",경기도 시흥시 정왕동 2003-12 152호,15015,031-498-8991,37.3454457514,126.6880796381,즉석판매제조가공업,즉석판매제조가공업,,,0,N,,
,"경기도 시흥시 월곶중앙로14번길 86, 2층 일부호 (월곶동)",경기도 시흥시 월곶동 991-13,14968,,37.3933768744,126.7404788156,즉석판매제조가공업,즉석판매제조가공업,,,,N,,
,"경기도 시흥시 목감중앙로 53, 111호 (조남동, 중앙프라자)",경기도 시흥시 조남동 677-2 중앙프라자 111호,14988,031-439-5655,37.3729740201,126.8550040392,즉석판매제조가공업,즉석판매제조가공업,,,,N,,
,"경기도 시흥시 서울대학로278번길 43-13, 115호 (정왕동, 스타타워빌딩)",경기도 시흥시 정왕동 1772-28 스타타워빌딩 115호,15011,,37.3692258093,126.7301741831,즉석판매제조가공업,즉석판매제조가공업,,,,N,,
,"경기도 시흥시 서울대학로278번길 19-8, 새롬프라자 1층 112호 일부호 (배곧동)",경기도 시흥시 배곧동 193-2 새롬프라자,15011,,37.3698358612,126.7283496731,즉석판매제조가공업,즉석판매제조가공업,,,,N,,
,"경기도 시흥시 도일로123번길 4, 성심교회 103호 (거모동)",경기도 시흥시 거모동 1753-6 성심교회,15070,,37.3418007645,126.7838420831,즉석판매제조가공업,즉석판매제조가공업,,,0,N,,
,"경기도 시흥시 은행로149번길 1, 시흥성원아파트 상가동 203호 (은행동)",경기도 시흥시 은행동 538-2 시흥성원아파트,14917,,37.4441537742,126.7993953133,즉석판매제조가공업,즉석판매제조가공업,,,0,N,,
,,경기도 시흥시 정왕동 1394 아주아파트상가 107호,15025,031-503-4442,37.3532555334,126.7346392386,즉석판매제조가공업,즉석판매제조가공업,,,0,N,,
,"경기도 시흥시 신현로38번길 12, 1층 (포동)",경기도 시흥시 포동 13-31 1층,14957,,37.4066590181,126.7846488724,즉석판매제조가공업,즉석판매제조가공업,,,0,N,,
,경기도 시흥시 비둘기공원로 28,경기도 시흥시 대야동 542 코오롱마트내,14912,031-318-6414,37.4430368253,126.7919559438,즉석판매제조가공업,즉석판매제조가공업,,,0,N,,
,경기도 시흥시 호현로9번길 32,경기도 시흥시 신천동 724-2,14904,031-313-4575,37.4425789396,126.780316515,즉석판매제조가공업,즉석판매제조가공업,,,0,N,,
,경기도 시흥시 월곶해안로 133,"경기도 시흥시 월곶동 1013-12 174,175,176,177,178호",14963,031-404-3730,37.3876563066,126.7353628154,즉석판매제조가공업,즉석판매제조가공업,,,0,N,,
,경기도 시흥시 비둘기공원7길 22,경기도 시흥시 대야동 562-2,14908,031-313-7443,37.4441238072,126.7928500879,즉석판매제조가공업,즉석판매제조가공업,,,0,N,,
,경기도 시흥시 오이도어시장로 7,"경기도 시흥시 정왕동 2004-3 A동 71,72,73,74,75호",15015,,37.3451101492,126.6890880534,즉석판매제조가공업,즉석판매제조가공업,,,0,N,,
,"경기도 시흥시 호현로 30-1, 북시흥농협 1층 일부호 (대야동)",경기도 시흥시 대야동 496-11 북시흥농협,14909,,37.4434226193,126.7856668762,즉석판매제조가공업,즉석판매제조가공업,,,,N,,
,"경기도 시흥시 오동마을로 35-1, 1층 (정왕동)",경기도 시흥시 정왕동 2313-12 1층호,15049,,37.352181151,126.7455911279,즉석판매제조가공업,즉석판매제조가공업,,,,N,,
,"경기도 시흥시 오이도로 167 (정왕동, 오이도직판장A동 88호)",경기도 시흥시 정왕동 2003-8 오이도직판장A동 88호,15015,031-433-7060,37.3458883179,126.6882103529,즉석판매제조가공업,즉석판매제조가공업,,,0,N,,
,"경기도 시흥시 배곧2로 95, 배곧 유호 N-CITY 2차 209호 일부호 (배곧동)",경기도 시흥시 배곧동 229-1 배곧 유호 N-CITY 2차,15011,,37.3661941638,126.7269414547,즉석판매제조가공업,즉석판매제조가공업,,,,N,,
,경기도 시흥시 신천3길 23-1,경기도 시흥시 신천동 761-1,14948,031-691-6804,37.4387769793,126.7835745759,즉석판매제조가공업,즉석판매제조가공업,,,0,N,,
,경기도 시흥시 서촌상가2길 9,경기도 시흥시 정왕동 1728-12 두원프라자110호,15036,031-498-2726,37.347139836,126.7339561665,즉석판매제조가공업,즉석판매제조가공업,,,0,N,,
,경기도 시흥시 오이도로 167,경기도 시흥시 정왕동 2003-8 A동20,15015,031-432-3184,37.3458883179,126.6882103529,즉석판매제조가공업,즉석판매제조가공업,,,0,N,,
,경기도 시흥시 오이도어시장로 7,경기도 시흥시 정왕동 2004-3 A동 40호,15015,,37.3451101492,126.6890880534,즉석판매제조가공업,즉석판매제조가공업,,,0,N,,
,경기도 시흥시 시청로 61,경기도 시흥시 장현동 540 대동아파트상가 103호,14998,,37.379900869,126.8002758789,즉석판매제조가공업,즉석판매제조가공업,,,0,N,,
,"경기도 시흥시 희망공원로 269 (정왕동, 홈플러스 시화점)",경기도 시흥시 정왕동 2166-4 홈플러스 시화점,15081,,37.3452082082,126.725237369,즉석판매제조가공업,즉석판매제조가공업,,,0,N,,
,,경기도 시흥시 대야동 570-2 105호,14914,031-317-8048,37.4459634578,126.7945059303,즉석판매제조가공업,즉석판매제조가공업,,,0,N,,
,,경기도 시흥시 정왕동 0-0 시화공단3나802-1,15119,031-358-1501,,,즉석판매제조가공업,즉석판매제조가공업,,,0,N,,
,경기도 시흥시 오이도로 167,경기도 시흥시 정왕동 2003-8 43호,15015,031-499-6977,37.3458883179,126.6882103529,즉석판매제조가공업,즉석판매제조가공업,,,0,N,,
,"경기도 시흥시 장현능곡로 198, 1층 103호 (능곡동)",경기도 시흥시 능곡동 737 103호,14995,031-311-4138,37.3690811107,126.8119974743,즉석판매제조가공업,즉석판매제조가공업,,,,N,,
,"경기도 시흥시 호현로22번길 5, 1층 일부호 (신천동)",경기도 시흥시 신천동 707-38,14910,031-313-2949,37.4419319117,126.7850932137,즉석판매제조가공업,즉석판매제조가공업,,,,N,,
,경기도 시흥시 삼미시장3길 18 (신천동),경기도 시흥시 신천동 739-6,14948,031-313-2381,37.4400298622,126.7835739355,즉석판매제조가공업,즉석판매제조가공업,,,0,N,,
,"경기도 시흥시 정왕대로53번길 31, 한일아파트 1층 103호 일부호 (정왕동)",경기도 시흥시 정왕동 1865 한일아파트,15029,,37.3576113723,126.7252905579,즉석판매제조가공업,즉석판매제조가공업,,,,N,,
,"경기도 시흥시 장곡로53번길 12, 주상가동 지하1층 (장곡동, 숲속마을아파트)",경기도 시흥시 장곡동 807 숲속상가 지하 1층,15002,031-311-5601,37.3783249969,126.7824783751,즉석판매제조가공업,즉석판매제조가공업,,,0,N,,
,"경기도 시흥시 정왕대로 210 (정왕동, 이마트시화점)",경기도 시흥시 정왕동 1734-2 이마트시화점,15066,,37.3459328804,126.7368812651,즉석판매제조가공업,즉석판매제조가공업,,,,N,,
,"경기도 시흥시 배곧4로 32-29, 파크뷰 111호 (배곧동)",경기도 시흥시 배곧동 132 파크뷰,15010,,37.3778825929,126.7252176279,즉석판매제조가공업,즉석판매제조가공업,,,,N,,
,경기도 시흥시 연성로29번길 32 (하중동),경기도 시흥시 하중동 855 참이슬아파트 상가동 102호,14976,031-317-0019,37.3934899661,126.8057981954,즉석판매제조가공업,즉석판매제조가공업,,상수도전용,0,N,,
,"경기도 시흥시 비둘기공원로 28 (대야동,롯데마트시흥점 2층)",경기도 시흥시 대야동 542 롯데마트시흥점 2층,14912,031-435-7500,37.4430368253,126.7919559438,즉석판매제조가공업,즉석판매제조가공업,,,0,N,,
,"경기도 시흥시 옥구천서로 317, 2층 일부호 (정왕동)",경기도 시흥시 정왕동 1856-3,15040,,37.3514860035,126.7231404959,즉석판매제조가공업,즉석판매제조가공업,,,0,N,,
,"경기도 시흥시 동서로 287, 시흥갯골생태공원 (장곡동)",경기도 시흥시 장곡동 724-32 갯골생태공원,14971,,37.3897919258,126.7812507272,즉석판매제조가공업,즉석판매제조가공업,,,0,N,,
,"경기도 시흥시 정왕대로 210, E MART시화점 2층 일부호 (정왕동)",경기도 시흥시 정왕동 1734-2 E MART시화점,15066,031-765-5162,37.3459328804,126.7368812651,즉석판매제조가공업,즉석판매제조가공업,,,,N,,
,경기도 시흥시 군자로481번길 8 (거모동),경기도 시흥시 거모동 1726-1 나동 101호,15068,031-492-6548,37.3475117885,126.784724939,즉석판매제조가공업,즉석판매제조가공업,,,0,N,,
,"경기도 시흥시 서울대학로278번길 70, 배곧두손지젤타워 1층 A126호 일부호 (배곧동)",경기도 시흥시 배곧동 206-3 배곧두손지젤타워,15011,,37.3680122208,126.7320612827,즉석판매제조가공업,즉석판매제조가공업,,,,N,,
,"경기도 시흥시 동서로857번길 40, 1층 일부호 (물왕동)",경기도 시흥시 물왕동 171-8,14983,,37.3852776802,126.8386775549,즉석판매제조가공업,즉석판매제조가공업,,지하수전용,0,N,,
,경기도 시흥시 오이도로 167,"경기도 시흥시 정왕동 2003-8 오이도직판장 A동 39,40호",15015,031-498-0992,37.3458883179,126.6882103529,즉석판매제조가공업,즉석판매제조가공업,,,0,N,,
,경기도 시흥시 대골안길 64,경기도 시흥시 대야동 486-3 지하1층,14909,031-312-6722,37.4443513007,126.7872068143,즉석판매제조가공업,즉석판매제조가공업,,,0,N,,
,경기도 시흥시 삼미시장4길 12,경기도 시흥시 신천동 740-5,14948,031-313-6380,37.4396324656,126.7834420743,즉석판매제조가공업,즉석판매제조가공업,,상수도전용,0,N,,
,"경기도 시흥시 복지로 39-17, 1층 (대야동)",경기도 시흥시 대야동 491-2 1층,14909,031-314-1309,37.4435911183,126.78819754,즉석판매제조가공업,즉석판매제조가공업,,,0,N,,
,경기도 시흥시 장곡로 47 (장곡동),경기도 시흥시 장곡동 814-2,15002,031-317-3555,37.3792781559,126.7835875083,즉석판매제조가공업,즉석판매제조가공업,,,0,N,,
,"경기도 시흥시 서울대학로278번길 61, 서영베니스스퀘어 2층 252호 일부호 (배곧동)",경기도 시흥시 배곧동 204 서영베니스스퀘어,15011,,37.3681926149,126.7306929431,즉석판매제조가공업,즉석판매제조가공업,,,,N,,
,"경기도 시흥시 오이도로 173, B동 151,152호 (정왕동, 오이도수산물직판장)","경기도 시흥시 정왕동 2003-12 오이도수산물직판장 B동 151, 152호",15015,,37.3454457514,126.6880796381,즉석판매제조가공업,즉석판매제조가공업,,,0,N,,
,"경기도 시흥시 정왕대로 210, 2층 (정왕동, 이마트시화점)",경기도 시흥시 정왕동 1734-2 이마트시화점 2층,15066,031-858-1227,37.3459328804,126.7368812651,즉석판매제조가공업,즉석판매제조가공업,,,,N,,
,경기도 시흥시 신천로79번길 10-1,경기도 시흥시 신천동 763-7,14949,031-698-4151,37.4375315577,126.7848072639,즉석판매제조가공업,즉석판매제조가공업,,,0,N,,
,경기도 시흥시 마유로238번길 26,경기도 시흥시 정왕동 1366-4 GS마트내,15079,031-496-7700,37.3376271419,126.7306774357,즉석판매제조가공업,즉석판매제조가공업,,,0,N,,
,"경기도 시흥시 황고개로 363-7, 일부호 (군자동)",경기도 시흥시 군자동 482-1,15000,,37.3639375484,126.7866808027,즉석판매제조가공업,즉석판매제조가공업,,,,N,,
,경기도 시흥시 오이도로 173,"경기도 시흥시 정왕동 2003-12 오이도수산물직판장 B동 96,97호",15015,031-431-2155,37.3454457514,126.6880796381,즉석판매제조가공업,즉석판매제조가공업,,,,N,,
,"경기도 시흥시 오이도로135번길 74-1, 1층층 (정왕동)",경기도 시흥시 정왕동 2031-7,15015,,37.3419041276,126.6868759335,즉석판매제조가공업,즉석판매제조가공업,,,,N,,
,경기도 시흥시 삼미시장2길 41,경기도 시흥시 신천동 737-13,14948,031-311-8716,37.4401695778,126.7843186834,즉석판매제조가공업,즉석판매제조가공업,,,0,N,,
,"경기도 시흥시 장현능곡로 155, 장현지구 상업6BL 일부호 (능곡동)",경기도 시흥시 능곡동 235-1 장현지구 상업6BL,15121,,37.3710186339,126.8072928232,즉석판매제조가공업,즉석판매제조가공업,,,,N,,
,"경기도 시흥시 옥구천동로 402, GS슈퍼 (정왕동)",경기도 시흥시 정왕동 1873-3 월드아파트,15027,,37.3567512193,126.7302225709,즉석판매제조가공업,즉석판매제조가공업,,,,N,,
,"경기도 시흥시 장곡로 23 (장곡동, 중앙시장마트)",경기도 시흥시 장곡동 823-2 중앙시장마트,15002,031-317-8461,37.3790954387,126.7861645217,즉석판매제조가공업,즉석판매제조가공업,,,0,N,,
,"경기도 시흥시 배곧1로 27-15, 상가3동 1층 107호 (배곧동, 한라비발디캠퍼스)",경기도 시흥시 배곧동 243 한라비발디캠퍼스,15011,031-319-0677,37.3636798562,126.7119931155,즉석판매제조가공업,즉석판매제조가공업,,,,N,,
,"경기도 시흥시 함송로13번길 27, 대진식자재 내 일부호 (정왕동)",경기도 시흥시 정왕동 1878-2,15020,,37.3651101625,126.7321134465,즉석판매제조가공업,즉석판매제조가공업,,,,N,,
,"경기도 시흥시 은계중앙로 115, 1층 일부호 (은행동, 시흥은계우미린더퍼스트)",경기도 시흥시 은행동 621 시흥은계우미린더퍼스트,14923,,37.441483793,126.8021106675,즉석판매제조가공업,즉석판매제조가공업,,,0,N,,
,"경기도 시흥시 거북섬로 26, 잔디광장 일대 (정왕동)",경기도 시흥시 정왕동 2726-5 85호 공원 내 공중화장실,15119,,37.3274408727,126.6731033534,즉석판매제조가공업,즉석판매제조가공업,,,,N,,
,"경기도 시흥시 매화로 71, 시흥매화중학교 내 행사장 (매화동)",경기도 시흥시 매화동 269 시흥매화중학교,14941,,37.4131443738,126.8158774215,즉석판매제조가공업,즉석판매제조가공업,,,,N,,
,경기도 시흥시 삼미시장3길 21 (신천동),경기도 시흥시 신천동 740-11,14948,031-311-7972,37.4399993959,126.7830090152,즉석판매제조가공업,즉석판매제조가공업,,,,N,,
,"경기도 시흥시 관곡지로 139, 연꽃테마파크 잔디광장 (하중동)",경기도 시흥시 하중동 271 시흥시농업기술센터,14973,,37.4006890149,126.808386896,즉석판매제조가공업,즉석판매제조가공업,,,,N,,
,"경기도 시흥시 은계호수로 49, 시흥 센트럴돔 그랑트리 캐슬 1011호 (은행동)",경기도 시흥시 은행동 605 시흥 센트럴돔 그랑트리 캐슬,14923,,37.4458457243,126.8020023203,즉석판매제조가공업,즉석판매제조가공업,,,,N,,
,"경기도 시흥시 서울대학로278번길 67, 시흥배곧 롯데마트 지하1층 일부호 (정왕동)",경기도 시흥시 정왕동 2537 시흥배곧 롯데마트,15011,,37.3688907319,126.7313182505,즉석판매제조가공업,즉석판매제조가공업,,,,N,,
,경기도 시흥시 배곧1로 28-11 (정왕동),경기도 시흥시 정왕동 1771-12,15012,,37.36051463,126.7117777843,즉석판매제조가공업,즉석판매제조가공업,,,,N,,
,"경기도 시흥시 은계번영길 28, 은계 디스퀘어 1층 110호 (은행동)",경기도 시흥시 은행동 645-5 은계 디스퀘어,14922,031-313-8185,37.4365417418,126.803196503,즉석판매제조가공업,즉석판매제조가공업,,,0,N,,
,"경기도 시흥시 목감남서로 92-15, 1동 지1층 105호 (산현동, 목감중흥에스클래스레이크힐스)",경기도 시흥시 산현동 496 목감중흥에스클래스레이크힐스,14989,,37.3749031222,126.8403272889,즉석판매제조가공업,즉석판매제조가공업,,,0,N,,
,경기도 시흥시 미산로 99,경기도 시흥시 미산동 363-8 9,14944,031-693-3236,37.4199712807,126.7965241402,즉석판매제조가공업,즉석판매제조가공업,,,0,N,,
,"경기도 시흥시 희망공원로 269, 홈플러스시화점 식품매장 내 일부 2층 (정왕동)",경기도 시흥시 정왕동 2166-4 홈플러스시화점,15081,,37.3452082082,126.725237369,즉석판매제조가공업,즉석판매제조가공업,,,,N,,
,"경기도 시흥시 장곡로53번길 12, 숲속마을아파트 지하1층 101-111호 (장곡동)",경기도 시흥시 장곡동 807 숲속마을아파트,15002,,37.3779190628,126.782425768,즉석판매제조가공업,즉석판매제조가공업,,,,N,,
,"경기도 시흥시 옥구천동로 402, GS슈퍼마켓 시흥정왕점 (정왕동)",경기도 시흥시 정왕동 1873-3 월드아파트,15027,,37.3567512193,126.7302225709,즉석판매제조가공업,즉석판매제조가공업,,,,N,,
,"경기도 시흥시 수인로3335번길 14, 2층 (신천동)",경기도 시흥시 신천동 769-12 2층,14950,031-314-1188,37.438356527,126.7870828148,즉석판매제조가공업,즉석판매제조가공업,,,0,N,,
,"경기도 시흥시 진말로9번길 8 (장곡동, ok마트내)",경기도 시흥시 장곡동 820-7 ok마트내,15002,031-404-4904,37.3783844293,126.7848497504,즉석판매제조가공업,즉석판매제조가공업,,,,N,,
,경기도 시흥시 매화1로 22-3,경기도 시흥시 매화동 239-1,14940,031-313-9120,37.415251483,126.8124115994,즉석판매제조가공업,즉석판매제조가공업,,,,N,,
,경기도 시흥시 오이도어시장로 7,경기도 시흥시 정왕동 2004-3 A동 84호,15015,,37.3451101492,126.6890880534,즉석판매제조가공업,즉석판매제조가공업,,,0,N,,
,경기도 시흥시 진말로 7,경기도 시흥시 장곡동 819-2 중앙프라자 103호,15002,031-317-7465,37.3780534691,126.7852708047,즉석판매제조가공업,즉석판매제조가공업,,,0,N,,
,경기도 시흥시 한우물로21번길 20,경기도 시흥시 거모동 1740-1 아주(아)상가 501동 1층 101호,15071,,37.3441703967,126.7821938431,즉석판매제조가공업,즉석판매제조가공업,,,0,N,,
,경기도 시흥시 복지로43번길 22,경기도 시흥시 대야동 486-7,14909,031-694-5787,37.4442686149,126.786947587,즉석판매제조가공업,즉석판매제조가공업,,,0,N,,
,경기도 시흥시 금오로 313,경기도 시흥시 과림동 604-3,14932,02-2685-7576,37.4317433031,126.8355110413,즉석판매제조가공업,즉석판매제조가공업,,,,N,,
,"경기도 시흥시 호현로21번길 11, 1층 일부호 (신천동)",경기도 시흥시 신천동 706-2,14904,031-311-4200,37.4425071488,126.7833355286,즉석판매제조가공업,즉석판매제조가공업,,,0,N,,
,경기도 시흥시 매화2로 19 (매화동),경기도 시흥시 매화동 221-59,14940,031-316-0072,37.4167214799,126.81254507,즉석판매제조가공업,즉석판매제조가공업,,,0,N,,
,"경기도 시흥시 군자로492번길 11, 시흥주왕교회 3층 (거모동)",경기도 시흥시 거모동 1735-1 시흥주왕교회,15071,,37.3457449219,126.7832062506,즉석판매제조가공업,즉석판매제조가공업,,,,N,,
,"경기도 시흥시 대야로 4, 1층 (대야동, 신천연합농산물)",경기도 시흥시 대야동 490-5 1층 신천연합농상물,14909,031-315-6377,37.4441637718,126.7889947589,즉석판매제조가공업,즉석판매제조가공업,,,,N,,
,"경기도 시흥시 함송로29번길 9, 103,104호 (정왕동,월드프라자)","경기도 시흥시 정왕동 1881-4 월드프라자 103,104호",15020,031-319-3589,37.364033501,126.7314920232,즉석판매제조가공업,즉석판매제조가공업,,,,N,,
,,경기도 시흥시 대야동 542 코오롱마트(내),,031-318-6411,,,즉석판매제조가공업,즉석판매제조가공업,,,0,N,,
,경기도 시흥시 마유로238번길 26,경기도 시흥시 정왕동 1366-4 엘지마트,15079,031-496-7744,37.3376271419,126.7306774357,즉석판매제조가공업,즉석판매제조가공업,,,0,N,,
,"경기도 시흥시 서울대학로278번길 67, 시흥배곧 롯데마트 (정왕동)",경기도 시흥시 정왕동 2537-1 시흥배곧 롯데마트,15011,,37.3688907319,126.7313182505,즉석판매제조가공업,즉석판매제조가공업,,,,N,,
,"경기도 시흥시 대은로 80, 102일부호 (은행동)",경기도 시흥시 은행동 536-3 102일부호,14917,031-313-2600,37.4442501877,126.7974160629,즉석판매제조가공업,즉석판매제조가공업,,,,N,,
,"경기도 시흥시 서울대학로278번길 67, 시흥배곧 롯데마트 지1층 일부호 (배곧동)",경기도 시흥시 배곧동 202 시흥배곧 롯데마트,15011,,37.3688907319,126.7313182505,즉석판매제조가공업,즉석판매제조가공업,,,,N,,
,,경기도 시흥시 신천동 35-5,14950,,,,즉석판매제조가공업,즉석판매제조가공업,,,0,N,,
,경기도 시흥시 함송로14번길 30 (정왕동),경기도 시흥시 정왕동 1886-2,15021,031-434-4907,37.3621873145,126.72897004,즉석판매제조가공업,즉석판매제조가공업,,,,N,,
,경기도 시흥시 마유로238번길 26,경기도 시흥시 정왕동 1366-4 GS마트내 지상1층,15079,,37.3376271419,126.7306774357,즉석판매제조가공업,즉석판매제조가공업,,,0,N,,
,"경기도 시흥시 오이도어시장로 8, 나동 157호 (정왕동)",경기도 시흥시 정왕동 2005-3 나동 157호,15015,,37.3446490932,126.6888897946,즉석판매제조가공업,즉석판매제조가공업,,,0,N,,
,경기도 시흥시 정왕대로 210 (정왕동),경기도 시흥시 정왕동 1734-2,15066,070-4027-7290,37.3459328804,126.7368812651,즉석판매제조가공업,즉석판매제조가공업,,,,N,,
,"경기도 시흥시 옥구천동로 449, 111호 (정왕동, 부성파스텔아파트 상가동)",경기도 시흥시 정왕동 1876-3 부성파스텔아파트 상가동 111호,15022,,37.360429449,126.7330983975,즉석판매제조가공업,즉석판매제조가공업,,,,N,,
,경기도 시흥시 은행로149번길 6,경기도 시흥시 은행동 530-4 1층,14917,,37.4443228107,126.7990206761,즉석판매제조가공업,즉석판매제조가공업,,,,N,,
,"경기도 시흥시 서해안로 699, 시흥 프리미엄 아울렛(부출입구 방면 특설 텐트 행사장) (배곧동)",경기도 시흥시 배곧동 36 시흥 프리미엄 아울렛,15010,,37.3796992102,126.7370588161,즉석판매제조가공업,즉석판매제조가공업,,,,N,,
,"경기도 시흥시 봉우재로 20, 3층 일부호 (정왕동)",경기도 시흥시 정왕동 1593,15057,,37.3448414517,126.7437791518,즉석판매제조가공업,즉석판매제조가공업,,,,N,,
,경기도 시흥시 오이도중앙로36번길 12 (정왕동),경기도 시흥시 정왕동 2002-11 성신수산 8-1호,15015,031-432-3228,37.3458642221,126.688639633,즉석판매제조가공업,즉석판매제조가공업,,,0,N,,
,,경기도 시흥시 거모동 35-1,15043,031-494-6474,,,즉석판매제조가공업,즉석판매제조가공업,,,0,N,,
,"경기도 시흥시 하중로173번길 22, 1층 일부호 (하중동)",경기도 시흥시 하중동 854-1,14976,,37.3951315414,126.804449952,즉석판매제조가공업,즉석판매제조가공업,,,,N,,
,"경기도 시흥시 월곶해안로 121, 1층 101호 (월곶동)",경기도 시흥시 월곶동 1013-9,14963,031-404-1435,37.3881641296,126.7344426499,즉석판매제조가공업,즉석판매제조가공업,,,0,N,,
,"경기도 시흥시 은행로167번길 7, 크리스탈빌딩 2층 201호 일부호 (대야동)",경기도 시흥시 대야동 577-1 크리스탈빌딩,14914,,37.4452354341,126.7978816601,즉석판매제조가공업,즉석판매제조가공업,,,,N,,
,"경기도 시흥시 정왕신길로49번길 10, 영남아파트 상가동 지하층 104호 (정왕동)",경기도 시흥시 정왕동 1875-1 영남아파트 상가동,15028,,37.3588036068,126.7270398525,즉석판매제조가공업,즉석판매제조가공업,,,0,N,,
,"경기도 시흥시 옥구천동로 402, 상가동 지층 1호 (정왕동, 월드A)",경기도 시흥시 정왕동 1873-3 월드A상가 지층1호,15027,02-1577-1788,37.3567512193,126.7302225709,즉석판매제조가공업,즉석판매제조가공업,,,0,N,,
,경기도 시흥시 장곡로 23,경기도 시흥시 장곡동 823-2 중앙시장마트,15002,031-317-8144,37.3790954387,126.7861645217,즉석판매제조가공업,즉석판매제조가공업,,,0,N,,
,"경기도 시흥시 신천로63번길 1, 202일부호 (신천동, 금강프라임빌)",경기도 시흥시 신천동 851-1 금강프라임빌 202일부호,14949,,37.436049251,126.7871160053,즉석판매제조가공업,즉석판매제조가공업,,,,N,,
,"경기도 시흥시 미산로143번길 1, 2층 일부호 (미산동)",경기도 시흥시 미산동 316,14944,,37.4181014118,126.7928236255,즉석판매제조가공업,즉석판매제조가공업,,,,N,,
,"경기도 시흥시 비둘기공원로 28, 2층 (대야동, 롯데마트)",경기도 시흥시 대야동 542 롯데마트2층,14912,031-599-2800,37.4430368253,126.7919559438,즉석판매제조가공업,즉석판매제조가공업,,,0,N,,
,"경기도 시흥시 배곧2로 25, 배곧생명공원 행사장 (배곧동)",경기도 시흥시 배곧동 187,15010,,37.3713951834,126.721467027,즉석판매제조가공업,즉석판매제조가공업,,,,N,,
,"경기도 시흥시 동서로 706-58, 안산농협 영농자원센터 1층 일부호 (물왕동)",경기도 시흥시 물왕동 349-2 안산농협 영농자원센터,14993,041-566-5360,37.3838533611,126.827462028,즉석판매제조가공업,즉석판매제조가공업,,,,N,,
,"경기도 시흥시 비둘기공원2길 16-1, 1층 일부호 (대야동)",경기도 시흥시 대야동 556-1,14911,,37.4404359072,126.7926247959,즉석판매제조가공업,즉석판매제조가공업,,,0,N,,
,경기도 시흥시 문화마을로16번길 60,경기도 시흥시 대야동 477-8,14905,,37.4459645041,126.7856766238,즉석판매제조가공업,즉석판매제조가공업,,,0,N,,
,,경기도 시흥시 능곡동 737 진로마트 내 1층,,,,,즉석판매제조가공업,즉석판매제조가공업,,,,N,,
,경기도 시흥시 대은로104번길 14,경기도 시흥시 은행동 529-4,14916,031-311-0800,37.4445534309,126.7999116125,즉석판매제조가공업,즉석판매제조가공업,,,0,N,,
,경기도 시흥시 오이도로 167,"경기도 시흥시 정왕동 2003-8  오이도직판장 A동 21,22,23호",15015,031-433-5884,37.3458883179,126.6882103529,즉석판매제조가공업,즉석판매제조가공업,,,,N,,
,"경기도 시흥시 능곡로 188 (능곡동, 효창(프)102호)",경기도 시흥시 능곡동 752 효창(프)102호,14995,031-404-5509,37.3683865697,126.8103662625,즉석판매제조가공업,즉석판매제조가공업,,,0,N,,
,"경기도 시흥시 신천로19번길 21 (신천동, 지하1층일부)",경기도 시흥시 신천동 886-7 지하1층일부,14951,,37.4317804478,126.7907169318,즉석판매제조가공업,즉석판매제조가공업,,,0,N,,
,"경기도 시흥시 함송로13번길 27, 대진식자재마트 내 1층 (정왕동)",경기도 시흥시 정왕동 1878-2,15020,,37.3651101625,126.7321134465,즉석판매제조가공업,즉석판매제조가공업,,,,N,,
,경기도 시흥시 봉화로193번길 63 (정왕동),경기도 시흥시 정왕동 281-3,15042,,37.3659740155,126.7601679302,즉석판매제조가공업,즉석판매제조가공업,,,0,N,,
,경기도 시흥시 오이도로 167,경기도 시흥시 정왕동 2003-8 오이도수산물직판장 A동 44호,15015,031-499-6977,37.3458883179,126.6882103529,즉석판매제조가공업,즉석판매제조가공업,,,,N,,
,"경기도 시흥시 은계중앙로 238, 호수의 아침 1층 105호 (은행동)",경기도 시흥시 은행동 608-6 호수의 아침 105호,14923,,37.445371883,126.8041885946,즉석판매제조가공업,즉석판매제조가공업,,,,N,,
,"경기도 시흥시 복지로43번길 19, 1층 일부호 (대야동)",경기도 시흥시 대야동 493,14909,,37.4441595034,126.7867903547,즉석판매제조가공업,즉석판매제조가공업,,,0,N,,
,경기도 시흥시 비둘기공원로 28,경기도 시흥시 대야동 542 GS마트 내,14912,02-2057-5607,37.4430368253,126.7919559438,즉석판매제조가공업,즉석판매제조가공업,,,,N,,
,"경기도 시흥시 군서마을로 52, 1층 일부호 (정왕동)",경기도 시흥시 정왕동 1211-12,15052,,37.3461830942,126.7463850012,즉석판매제조가공업,즉석판매제조가공업,,,0,N,,
,,경기도 시흥시 대야동 524 GS마트 시흥점,,,,,즉석판매제조가공업,즉석판매제조가공업,,,,N,,
,"경기도 시흥시 월곶해안로 181, 1층 일부(가31)호 (월곶동)",경기도 시흥시 월곶동 1015-7 가동 31호,14963,,37.3878287739,126.7397440458,즉석판매제조가공업,즉석판매제조가공업,,,,N,,
,"경기도 시흥시 서울대학로278번길 25-24, 다인로얄팰리스 배곧1차 213호 (배곧동)",경기도 시흥시 배곧동 198-1 다인로얄팰리스 배곧1차,15011,,37.3695195634,126.7296065017,즉석판매제조가공업,즉석판매제조가공업,,,,N,,
,경기도 시흥시 삼미시장2길 39 (신천동),경기도 시흥시 신천동 737-14,14948,031-312-2583,37.4402590238,126.784204789,즉석판매제조가공업,즉석판매제조가공업,,,0,N,,
,"경기도 시흥시 복지로43번길 2, 1층 (대야동, 일부)",경기도 시흥시 대야동 490-3 1층 일부,14909,031-315-2985,37.443559625,126.7889552569,즉석판매제조가공업,즉석판매제조가공업,,,,N,,
,"경기도 시흥시 시흥대로360번길 9, 216동 1층 104호 (능곡동, 장현마을2단지)",경기도 시흥시 능곡동 43-1 장현마을2단지,14994,,37.3747738376,126.8097769491,즉석판매제조가공업,즉석판매제조가공업,,,,N,,
,경기도 시흥시 매화2로 22,경기도 시흥시 매화동 220-13 서능상가,14940,031-313-5578,37.4169649004,126.8125541457,즉석판매제조가공업,즉석판매제조가공업,,,0,N,,
,경기도 시흥시 삼미시장1길 27,경기도 시흥시 신천동 738,14948,031-312-1515,37.4408126271,126.7833403858,즉석판매제조가공업,즉석판매제조가공업,,,0,N,,
,경기도 시흥시 중심상가3길 9,경기도 시흥시 정왕동 1737-12 청진프라자404호,15066,031-481-5957,37.3451507793,126.7372052989,즉석판매제조가공업,즉석판매제조가공업,,,0,N,,
,"경기도 시흥시 희망공원로 269 (정왕동, 홈플러스내2층)",경기도 시흥시 정왕동 2166-4 홈플러스내2층,15081,,37.3452082082,126.725237369,즉석판매제조가공업,즉석판매제조가공업,,,0,N,,
,"경기도 시흥시 배곧전원로 18-6, 1층 일부호 (배곧동)",경기도 시흥시 배곧동 101-29,15010,,37.3788055461,126.7271395751,즉석판매제조가공업,즉석판매제조가공업,,,,N,,
,경기도 시흥시 마유로238번길 26,경기도 시흥시 정왕동 1366-4 LGMART시화,15079,031-496-7760,37.3376271419,126.7306774357,즉석판매제조가공업,즉석판매제조가공업,,,0,N,,
,"경기도 시흥시 장현능곡로 192, 능곡동 정우빌딩 1층 103호 (능곡동)",경기도 시흥시 능곡동 735 능곡동 정우빌딩,14995,,37.3692303918,126.8113184948,즉석판매제조가공업,즉석판매제조가공업,,,,N,,
,"경기도 시흥시 정왕대로 210, E MART시화점 지하2층 (정왕동)",경기도 시흥시 정왕동 1734-2 E MART시화점,15066,031-858-1226,37.3459328804,126.7368812651,즉석판매제조가공업,즉석판매제조가공업,,,,N,,
,"경기도 시흥시 마유로238번길 26 (정왕동, 롯데마트시화점 내)",경기도 시흥시 정왕동 1366-4,15079,,37.3376271419,126.7306774357,즉석판매제조가공업,즉석판매제조가공업,,,,N,,
,"경기도 시흥시 큰솔로 42-1, 1층 101호 (정왕동)",경기도 시흥시 정왕동 1395,15060,,37.3412665457,126.7528464994,즉석판매제조가공업,즉석판매제조가공업,,,,N,,
,"경기도 시흥시 평안상가1길 1, 1층 일부호 (정왕동)",경기도 시흥시 정왕동 1622,15062,032-324-7694,37.3388673438,126.7483320831,즉석판매제조가공업,즉석판매제조가공업,,,,N,,
,경기도 시흥시 오이도로 173,경기도 시흥시 정왕동 2003-12 오이도직판장 B-149호,15015,,37.3454457514,126.6880796381,즉석판매제조가공업,즉석판매제조가공업,,,0,N,,
,"경기도 시흥시 장현능곡로 155, 시흥 플랑드르 2층 2078호 일부호 (능곡동)",경기도 시흥시 능곡동 871 시흥 플랑드르,15121,,37.3710186339,126.8072928232,즉석판매제조가공업,즉석판매제조가공업,,,0,N,,
,"경기도 시흥시 함송로14번길 13-11, 3층 일부호 (정왕동)",경기도 시흥시 정왕동 1884-2,15020,,37.3631016069,126.7295704872,즉석판매제조가공업,즉석판매제조가공업,,,,N,,
,"경기도 시흥시 목감남서로 9-19, 1층 103호 일부호 (조남동)",경기도 시흥시 조남동 657-1,14988,,37.3777841561,126.852771635,즉석판매제조가공업,즉석판매제조가공업,,,,N,,
,"경기도 시흥시 호현로21번길 31, 1층 좌측호 (신천동)",경기도 시흥시 신천동 718-2 1층호,14904,031-311-7705,37.4438508037,126.7819548324,즉석판매제조가공업,즉석판매제조가공업,,,,N,,
,"경기도 시흥시 배곧1로 27-15, 지하1층 (정왕동, 한라비발디캠퍼스)",경기도 시흥시 정왕동 2566 한라비발디캠퍼스,15011,,37.3636798562,126.7119931155,즉석판매제조가공업,즉석판매제조가공업,,,,N,,
,"경기도 시흥시 능곡로 182, 신성프라자 1층 (능곡동)",경기도 시흥시 능곡동 753 신성프라자,14995,,37.3682632809,126.8108643032,즉석판매제조가공업,즉석판매제조가공업,,,,N,,
,"경기도 시흥시 서울대학로278번길 25-8, 다인로얄팰리스 배곧4차 3층 317(일부)호 (정왕동)",경기도 시흥시 정왕동 2517-1 다인로얄팰리스 배곧4차,15011,,37.3694876669,126.728861451,즉석판매제조가공업,즉석판매제조가공업,,,,N,,
,"경기도 시흥시 대은로104번길 27, 상가동 2층 202호 (은행동)",경기도 시흥시 은행동 542,14916,,37.4432238453,126.8006588073,즉석판매제조가공업,즉석판매제조가공업,,상수도전용,,N,,
,"경기도 시흥시 정왕대로 64, 메가쇼핑몰 1층 103호 (정왕동)",경기도 시흥시 정왕동 1861-3 메가쇼핑몰,15040,,37.3542557561,126.7235297297,즉석판매제조가공업,즉석판매제조가공업,,,0,N,,
,경기도 시흥시 장곡로 17,경기도 시흥시 장곡동 823-6 0동 113호,15002,,37.3790542572,126.7868087306,즉석판매제조가공업,즉석판매제조가공업,,,0,N,,
,경기도 시흥시 정왕대로 210,경기도 시흥시 정왕동 1734-1 이마트,15066,031-496-4052,37.3459328804,126.7368812651,즉석판매제조가공업,즉석판매제조가공업,,,0,N,,
,경기도 시흥시 월곶해안로 133,경기도 시흥시 월곶동 1013-12 화신시장 37호,14963,031-404-4438,37.3876563066,126.7353628154,즉석판매제조가공업,즉석판매제조가공업,,,0,N,,
,경기도 시흥시 오이도어시장로 8,"경기도 시흥시 정왕동 2005-3 B동 91,92,78호",15015,,37.3446490932,126.6888897946,즉석판매제조가공업,즉석판매제조가공업,,,0,N,,
,"경기도 시흥시 서울대학로278번길 67, 시흥배곧 롯데마트 1층 (배곧동)",경기도 시흥시 배곧동 203 시흥배곧 롯데마트,15011,031-543-6513,37.3688907319,126.7313182505,즉석판매제조가공업,즉석판매제조가공업,,,,N,,
,"경기도 시흥시 호현로 5-12, 102호 (신천동)",경기도 시흥시 신천동 713-13 102호,14904,,37.4420232841,126.7823227369,즉석판매제조가공업,즉석판매제조가공업,,,,N,,
,"경기도 시흥시 배곧1로 27-15, 상가2동 1층 108호 (배곧동, 한라비발디캠퍼스)",경기도 시흥시 배곧동 243 한라비발디캠퍼스,15011,,37.3636798562,126.7119931155,즉석판매제조가공업,즉석판매제조가공업,,,,N,,
,,경기도 시흥시 정왕동 1203-103,15052,031-431-0619,,,즉석판매제조가공업,즉석판매제조가공업,,,0,N,,
,경기도 시흥시 수인로3335번길 11,경기도 시흥시 신천동 775-2,14950,031-692-3734,37.4380334202,126.7873119584,즉석판매제조가공업,즉석판매제조가공업,,,0,N,,
,"경기도 시흥시 정왕대로 210, 2층 (정왕동)",경기도 시흥시 정왕동 1734-1 2층,15066,,37.3459328804,126.7368812651,즉석판매제조가공업,즉석판매제조가공업,,,0,N,,
,"경기도 시흥시 능곡로 182, 홈플러스 익스프레스 능곡점 1층 일부호 (능곡동)",경기도 시흥시 능곡동 753 신성프라자,14995,,37.3682632809,126.8108643032,즉석판매제조가공업,즉석판매제조가공업,,,,N,,
,"경기도 시흥시 중심상가로 323, 비전프라자 1층 102호 (정왕동)",경기도 시흥시 정왕동 1625-6 비전프라자,15062,031-431-7778,37.3371634306,126.7482813314,즉석판매제조가공업,즉석판매제조가공업,,,,N,,
,"경기도 시흥시 서울대학로278번길 67, 시흥배곧 롯데마트 1층 (정왕동)",경기도 시흥시 정왕동 2537-1 시흥배곧 롯데마트,15011,031-734-0951,37.3688907319,126.7313182505,즉석판매제조가공업,즉석판매제조가공업,,,,N,,
,경기도 시흥시 오이도로 167,경기도 시흥시 정왕동 2003-8 오이도직판장 A동31호,15015,031-431-7997,37.3458883179,126.6882103529,즉석판매제조가공업,즉석판매제조가공업,,,0,N,,
,"경기도 시흥시 희망공원로 269, 홈플러스시화점 2층 일부호 (정왕동)",경기도 시흥시 정왕동 2166-4 홈플러스시화점,15081,070-5003-6507,37.3452082082,126.725237369,즉석판매제조가공업,즉석판매제조가공업,,,,N,,
,경기도 시흥시 은행로 104,"경기도 시흥시 은행동 547-1 벽산상가 104,105호",14916,031-313-3958,37.4408926759,126.79818224,즉석판매제조가공업,즉석판매제조가공업,,,0,N,,
,"경기도 시흥시 오이도로 173, 1층 42, 43호 (정왕동)",경기도 시흥시 정왕동 2003-12,15015,,37.3454457514,126.6880796381,즉석판매제조가공업,즉석판매제조가공업,,,0,N,,
,"경기도 시흥시 정왕대로 210, 2층 (정왕동, 이마트시화점)",경기도 시흥시 정왕동 1734-2 이마트시화점,15066,02-6959-3855,37.3459328804,126.7368812651,즉석판매제조가공업,즉석판매제조가공업,,,,N,,
,"경기도 시흥시 정왕대로 210, E MART시화점 2층 (정왕동)",경기도 시흥시 정왕동 1734-2 E MART시화점,15066,031-660-7398,37.3459328804,126.7368812651,즉석판매제조가공업,즉석판매제조가공업,,,,N,,
,"경기도 시흥시 목감중앙로 47, 롯데슈퍼조남점 (조남동)",경기도 시흥시 조남동 677,14988,031-792-9029,37.3735227218,126.854796044,즉석판매제조가공업,즉석판매제조가공업,,,,N,,
,경기도 시흥시 호현로21번길 8,경기도 시흥시 신천동 705-38,14904,031-692-7843,37.4425730495,126.7837983888,즉석판매제조가공업,즉석판매제조가공업,,,0,N,,
,"경기도 시흥시 오이도로 167 (정왕동, A동 34,35호)","경기도 시흥시 정왕동 2003-8 A동 34,35호",15015,,37.3458883179,126.6882103529,즉석판매제조가공업,즉석판매제조가공업,,,0,N,,
,"경기도 시흥시 월곶중앙로 35-1, 1층 일부호 (월곶동)",경기도 시흥시 월곶동 1015-25,14963,,37.3874588604,126.7410920399,즉석판매제조가공업,즉석판매제조가공업,,,,N,,
,"경기도 시흥시 월곶해안로 133, 187호 (월곶동)",경기도 시흥시 월곶동 1013-12,14963,,37.3876563066,126.7353628154,즉석판매제조가공업,즉석판매제조가공업,,,0,N,,
,경기도 시흥시 장곡로 50 (주)진보유통 1층 일부호 (장곡동),경기도 시흥시 장곡동 385-8 (주)진보유통,15002,,37.3797082545,126.783165496,즉석판매제조가공업,즉석판매제조가공업,,,,N,,
,"경기도 시흥시 서해안로 699, 시흥신세계프리미엄아울렛 부출입구 앞 도로 행사장 (배곧동)",경기도 시흥시 배곧동 36 시흥 프리미엄 아울렛,15010,,37.3794646667,126.7384278982,즉석판매제조가공업,즉석판매제조가공업,,,,N,,
,,경기도 시흥시 은행동 288-1,14921,,37.4320543214,126.7936643149,즉석판매제조가공업,즉석판매제조가공업,,,0,N,,
,"경기도 시흥시 평안상가1길 1, 시흥식자재마트 (정왕동)",경기도 시흥시 정왕동 1622,15062,,37.3388673438,126.7483320831,즉석판매제조가공업,즉석판매제조가공업,,,,N,,
,,경기도 시흥시 하상동 0-0 3블럭1룻트금호단지내105호,,031-697-8133,,,즉석판매제조가공업,즉석판매제조가공업,,,0,N,,
,"경기도 시흥시 서촌상가2길 15, 정임프라자 3층 302호 일부호 (정왕동)",경기도 시흥시 정왕동 1728-16 정임프라자,15036,,37.346586527,126.7334198604,즉석판매제조가공업,즉석판매제조가공업,,,0,N,,
,"경기도 시흥시 월곶중앙로 35-1 (월곶동, 나동55)",경기도 시흥시 월곶동 1015-25 나동55,14963,031-318-7992,37.3874588604,126.7410920399,즉석판매제조가공업,즉석판매제조가공업,,,0,N,,
,경기도 시흥시 수인로 2323,경기도 시흥시 목감동 235-2 마트프라자내,14984,031-261-8652,37.3866531893,126.8626473949,즉석판매제조가공업,즉석판매제조가공업,,,0,N,,
,"경기도 시흥시 호현로40번길 17-1 (대야동, 1층)",경기도 시흥시 대야동 492-22 1층,14909,,37.4432422179,126.787138203,즉석판매제조가공업,즉석판매제조가공업,,,0,N,,
,"경기도 시흥시 삼미시장2길 36, 1층 일부호 (신천동)",경기도 시흥시 신천동 739-13,14948,,37.4401574151,126.7837988042,즉석판매제조가공업,즉석판매제조가공업,,,,N,,
,"경기도 시흥시 정왕대로 210, 2층 (정왕동, 이마트시화점)",경기도 시흥시 정왕동 1734-1 이마트시화점 2층,15066,070-4027-7290,37.3459328804,126.7368812651,즉석판매제조가공업,즉석판매제조가공업,,,,N,,
,경기도 시흥시 마유로238번길 26,경기도 시흥시 정왕동 1366-4 LG마트 1층,15079,031-496-7761,37.3376271419,126.7306774357,즉석판매제조가공업,즉석판매제조가공업,,,0,N,,
,"경기도 시흥시 정왕대로 210 (정왕동, 이마트시화점2층)",경기도 시흥시 정왕동 1734-1 이마트시화점2층,15066,031-527-9608,37.3459328804,126.7368812651,즉석판매제조가공업,즉석판매제조가공업,,,0,N,,
,"경기도 시흥시 비둘기공원7길 38, 2층 (대야동, 롯데마트 )",경기도 시흥시 대야동 542 롯데마트 2층,14912,02-383-7257,37.4430368253,126.7919559438,즉석판매제조가공업,즉석판매제조가공업,,,0,N,,
,"경기도 시흥시 옥구천동로 402, GS슈퍼 시흥정왕점 일부호 (정왕동)",경기도 시흥시 정왕동 1873-3 월드아파트,15027,,37.3567512193,126.7302225709,즉석판매제조가공업,즉석판매제조가공업,,,,N,,
,"경기도 시흥시 호현로22번길 14, 4층 일부호 (신천동)",경기도 시흥시 신천동 708-4 한성빌딩,14910,,37.4412318327,126.7855859636,즉석판매제조가공업,즉석판매제조가공업,,,,N,,
,"경기도 시흥시 인선길 128, 3층 302(일부)호 (장곡동)",경기도 시흥시 장곡동 857,15002,,37.3823704804,126.780722905,즉석판매제조가공업,즉석판매제조가공업,,,,N,,
,경기도 시흥시 오이도어시장로 7,"경기도 시흥시 정왕동 2004-3 A동 66, 67호",15015,,37.3451101492,126.6890880534,즉석판매제조가공업,즉석판매제조가공업,,,0,N,,
,"경기도 시흥시 배미골길 10-18, 1층 (목감동)",경기도 시흥시 목감동 419-3,14985,031-480-7910,37.3830457951,126.8639656398,즉석판매제조가공업,즉석판매제조가공업,,,0,N,,
,"경기도 시흥시 정왕대로 210, E MART시화점 2층 (정왕동)",경기도 시흥시 정왕동 1734-2 E MART시화점 2층호,15066,070-4438-5764,37.3459328804,126.7368812651,즉석판매제조가공업,즉석판매제조가공업,,,,N,,
,"경기도 시흥시 동서로 1087, 1층 104호 (조남동)",경기도 시흥시 조남동 171-9,14984,031-401-8599,37.3860530506,126.860009174,즉석판매제조가공업,즉석판매제조가공업,,,0,N,,
,경기도 시흥시 월곶해안로 133,경기도 시흥시 월곶동 1013-12 56호,14963,031-418-7084,37.3876563066,126.7353628154,즉석판매제조가공업,즉석판매제조가공업,,,0,N,,
,"경기도 시흥시 월곶중앙로30번안길 33, 1층 (월곶동, 마트 내)",경기도 시흥시 월곶동 1008-1 1층(마트 내),14966,031-487-2487,37.3902167213,126.7396408538,즉석판매제조가공업,즉석판매제조가공업,,,,N,,
,"경기도 시흥시 목감둘레로 253-5, 목감로얄팰리스2 701호 (조남동)",경기도 시흥시 조남동 709 목감로얄팰리스2,14986,,37.3806066101,126.8612753591,즉석판매제조가공업,즉석판매제조가공업,,,0,N,,
,"경기도 시흥시 장현장곡로 10, 1616동 B116호 (장곡동, 유승한내들퍼스트파크)",경기도 시흥시 장곡동 936 유승한내들퍼스트파크,14996,,37.3780571632,126.7918782942,즉석판매제조가공업,즉석판매제조가공업,,,0,N,,
,"경기도 시흥시 월곶중앙로 11, 상가동 1층 101호 (월곶동, 월곶동풍림3차아파트)",경기도 시흥시 월곶동 1016 월곶동풍림3차아파트,14967,,37.3863590191,126.7424699575,즉석판매제조가공업,즉석판매제조가공업,,,0,N,,
,"경기도 시흥시 시청로72번길 15-3, 1층 일부호 (장현동)",경기도 시흥시 장현동 535-3 금호빌딩,14998,031-500-0890,37.3817138536,126.8004849426,즉석판매제조가공업,즉석판매제조가공업,,,0,N,,
,"경기도 시흥시 정왕시장길 51, 29-1호 (정왕동)",경기도 시흥시 정왕동 1203 29-1호,15052,,37.3458093904,126.7485677164,즉석판매제조가공업,즉석판매제조가공업,,,,N,,
,"경기도 시흥시 목감우회로114번길 49, 1층 (목감동)",경기도 시흥시 목감동 336-3 1층,14935,070-8828-8100,37.3866407958,126.8721250534,즉석판매제조가공업,즉석판매제조가공업,,,,N,,
,"경기도 시흥시 은계호수로 49, 시흥 센트럴돔 그랑트리 캐슬 2층 2031호 (은행동)",경기도 시흥시 은행동 601-302 시흥 센트럴돔 그랑트리 캐슬,14923,,37.4458457243,126.8020023203,즉석판매제조가공업,즉석판매제조가공업,,,0,N,,
,"경기도 시흥시 오이도로 167, A동 47,48호 (정왕동,오이도수산물직판장)","경기도 시흥시 정왕동 2003-8 오이도수산물직판장 A동 47,48호",15015,031-433-7535,37.3458883179,126.6882103529,즉석판매제조가공업,즉석판매제조가공업,,,0,N,,
,"경기도 시흥시 역전로 351, 1층 113호 일부호 (정왕동)",경기도 시흥시 정왕동 1872-4,15026,,37.356013283,126.7359662256,즉석판매제조가공업,즉석판매제조가공업,,,,N,,
,"경기도 시흥시 중심상가로 149, 1층 103호 (정왕동)",경기도 시흥시 정왕동 1728-7 103호,15036,031-497-3733,37.3468250497,126.7326722825,즉석판매제조가공업,즉석판매제조가공업,,,,N,,
,"경기도 시흥시 군자로 481, 106호 (거모동)",경기도 시흥시 거모동 1725-4 106호,15068,,37.3471195767,126.7839609211,즉석판매제조가공업,즉석판매제조가공업,,,,N,,
,"경기도 시흥시 오이도중앙로5번길 14-14, 1층 101호일부호 (정왕동)",경기도 시흥시 정왕동 1983-7,15015,,37.3462731109,126.6917512956,즉석판매제조가공업,즉석판매제조가공업,,,0,N,,
,경기도 시흥시 마유로238번길 26 (정왕동),경기도 시흥시 정왕동 1366-4 롯데마트 시화점 1층,15079,,37.3376271419,126.7306774357,즉석판매제조가공업,즉석판매제조가공업,,,0,N,,
,"경기도 시흥시 관곡지로 139, 농업기술센터 잔디광장 및 연꽃테마파크 일원 (하중동)",경기도 시흥시 하중동 271 농업기술센터 잔디광장 및 연꽃테마파크 일원,14973,,37.4006890149,126.808386896,즉석판매제조가공업,즉석판매제조가공업,,,,N,,
,"경기도 시흥시 정왕천로369번길 3-6, 1층 일부호 (정왕동)",경기도 시흥시 정왕동 1429-3,15058,,37.341346601,126.7484089771,즉석판매제조가공업,즉석판매제조가공업,,,,N,,
,경기도 시흥시 동서로 1087 (조남동),경기도 시흥시 조남동 171-9,14984,031-405-5604,37.3860530506,126.860009174,즉석판매제조가공업,즉석판매제조가공업,,,0,N,,
,"경기도 시흥시 배곧4로 32-13, 이마트에브리데이 1층 일부호 (정왕동)",경기도 시흥시 정왕동 2477-3,15010,070-7567-6565,37.376956103,126.7268874805,즉석판매제조가공업,즉석판매제조가공업,,,,N,,
,"경기도 시흥시 서해안로 699, 시흥 프리미엄 아울렛 1층 일부호 (배곧동)",경기도 시흥시 배곧동 36 시흥 프리미엄 아울렛 1135호,15010,,37.3794646667,126.7384278982,즉석판매제조가공업,즉석판매제조가공업,,,0,N,,
,경기도 시흥시 마유로238번길 26,경기도 시흥시 정왕동 1366-4 GS마트내,15079,031-496-7761,37.3376271419,126.7306774357,즉석판매제조가공업,즉석판매제조가공업,,,0,N,,
,"경기도 시흥시 서해안로 1645, 상가동 214호 (대야동, 대야역 두산위브 더파크)",경기도 시흥시 대야동 694 대야역 두산위브 더파크,14902,,37.4520045132,126.7888187922,즉석판매제조가공업,즉석판매제조가공업,,,0,N,,
,"경기도 시흥시 정왕대로 64 (정왕동, 메가쇼핑몰104호)",경기도 시흥시 정왕동 1861-2 메가쇼핑몰104호,15040,031-499-6509,37.3542557561,126.7235297297,즉석판매제조가공업,즉석판매제조가공업,,,0,N,,
,"경기도 시흥시 동서로 706-58, 안산농협 영농자원센터 1층 일부호 (물왕동)",경기도 시흥시 물왕동 349-2 안산농협 영농자원센터,14993,,37.3838533611,126.827462028,즉석판매제조가공업,즉석판매제조가공업,,,,N,,
,경기도 시흥시 검바위2로 23,경기도 시흥시 은행동 293-12,14921,031-313-0227,37.4313150707,126.7957963321,즉석판매제조가공업,즉석판매제조가공업,,,0,N,,
,경기도 시흥시 오이도어시장로 8,경기도 시흥시 정왕동 2005-3 오이도어시장 B동 12호,15015,031-319-7015,37.3446490932,126.6888897946,즉석판매제조가공업,즉석판매제조가공업,,,0,N,,
,경기도 시흥시 희망공원로 269,경기도 시흥시 정왕동 2166-4 홈플러스 시화점 1층,15081,,37.3452082082,126.725237369,즉석판매제조가공업,즉석판매제조가공업,,,,N,,
,경기도 시흥시 월곶중앙로 33,경기도 시흥시 월곶동 1015-31 나동82호,14963,031-318-8579,37.3873702521,126.7413301549,즉석판매제조가공업,즉석판매제조가공업,,,0,N,,
,경기도 시흥시 마유로238번길 26,경기도 시흥시 정왕동 1366-4 LG마트내,15079,031-496-7761,37.3376271419,126.7306774357,즉석판매제조가공업,즉석판매제조가공업,,,,N,,
,경기도 시흥시 마유로238번길 26,경기도 시흥시 정왕동 1366-4 LG마트(내),15079,031-433-3069,37.3376271419,126.7306774357,즉석판매제조가공업,즉석판매제조가공업,,,0,N,,
,"경기도 시흥시 서울대학로264번길 22, 다인로얄팰리스 배곧플러스 9차 지하1층 (배곧동)",경기도 시흥시 배곧동 223-1 다인로얄팰리스 배곧플러스 9차,15011,,37.3678768718,126.7265063355,즉석판매제조가공업,즉석판매제조가공업,,,,N,,
,"경기도 시흥시 정왕시장길 51, 1층 211호 (정왕동)",경기도 시흥시 정왕동 1203 1층211호,15052,,37.3458093904,126.7485677164,즉석판매제조가공업,즉석판매제조가공업,,,0,N,,
,"경기도 시흥시 은계중앙로 220, 4층 401호 일부호 (은행동)",경기도 시흥시 은행동 608-13,14923,,37.4441258467,126.8053532289,즉석판매제조가공업,즉석판매제조가공업,,,0,N,,
,"경기도 시흥시 배곧1로 27-15, 지하1층 일부호 (배곧동, 한라비발디캠퍼스)",경기도 시흥시 배곧동 243 한라비발디캠퍼스,15011,02-2689-2100,37.3636798562,126.7119931155,즉석판매제조가공업,즉석판매제조가공업,,,,N,,
,"경기도 시흥시 마유로238번길 26 (정왕동, 롯데마트시화점)",경기도 시흥시 정왕동 1366-3,15079,,37.3376271419,126.7306774357,즉석판매제조가공업,즉석판매제조가공업,,,,N,,
,"경기도 시흥시 정왕대로 178, 101호 (정왕동)",경기도 시흥시 정왕동 1726-2 101호,15036,031-433-0611,37.3478159641,126.7339718777,즉석판매제조가공업,즉석판매제조가공업,,,0,N,,
,"경기도 시흥시 서울대학로264번길 25, 시흥배곧 아브뉴프랑 센트럴 블루 3층 327호 일부호 (배곧동)",경기도 시흥시 배곧동 219 시흥배곧 아브뉴프랑 센트럴 블루,15011,,37.3683599517,126.7273257955,즉석판매제조가공업,즉석판매제조가공업,,,,N,,
,경기도 시흥시 옥구천동로 422,경기도 시흥시 정왕동 1873-2 영남2차아파트상가 지하107호,15027,031-434-2472,37.3581663617,126.7316083122,즉석판매제조가공업,즉석판매제조가공업,,,0,N,,
,"경기도 시흥시 중심상가로 312, 102호 (정왕동)",경기도 시흥시 정왕동 1782-1 102호,15062,031-432-8636,37.3375063282,126.7469232568,즉석판매제조가공업,즉석판매제조가공업,,,0,N,,
,경기도 시흥시 도일로 133 (거모동),경기도 시흥시 거모동 1753-1,15070,031-495-3322,37.342226503,126.7841880159,즉석판매제조가공업,즉석판매제조가공업,,,0,N,,
,"경기도 시흥시 장현순환로 81, 근린생활시설1동 지1층 13호 (장현동, 시흥능곡역 모아미래도 에듀포레)",경기도 시흥시 장현동 608 시흥능곡역 모아미래도 에듀포레,14996,,37.3744096409,126.7969159919,즉석판매제조가공업,즉석판매제조가공업,,,,N,,
,"경기도 시흥시 정왕대로 210 (정왕동, 이마트 시화점 내)",경기도 시흥시 정왕동 1734-1,15066,,37.3459328804,126.7368812651,즉석판매제조가공업,즉석판매제조가공업,,,,N,,
,"경기도 시흥시 군서로6번길 18, 1층 일부호 (정왕동)",경기도 시흥시 정왕동 1195-15,15052,,37.3448760343,126.7520543116,즉석판매제조가공업,즉석판매제조가공업,,,0,N,,
,"경기도 시흥시 비둘기공원로 28 (대야동, 롯데마트시흥점 2층)",경기도 시흥시 대야동 542 롯데마트시흥점 2층,14912,,37.4430368253,126.7919559438,즉석판매제조가공업,즉석판매제조가공업,,,0,N,,
,경기도 시흥시 마유로238번길 26 (정왕동),경기도 시흥시 정왕동 1366-4,15079,031-496-7700,37.3376271419,126.7306774357,즉석판매제조가공업,즉석판매제조가공업,,,,N,,
,"경기도 시흥시 서울대학로278번길 26, 시흥배곧 아브뉴프랑 센트럴 오렌지 3층 306호 일부호 (배곧동)",경기도 시흥시 배곧동 215 시흥배곧 아브뉴프랑 센트럴 오렌지,15011,,37.368904127,126.7278397154,즉석판매제조가공업,즉석판매제조가공업,,,,N,,
,"경기도 시흥시 은행로173번길 5 (대야동, 청송빌딩1층)",경기도 시흥시 대야동 579-4 청송빌딩1층,14914,031-316-3445,37.4457938415,126.797808611,즉석판매제조가공업,즉석판매제조가공업,,,,N,,
,경기도 시흥시 복지로43번길 3-1,경기도 시흥시 대야동 491-50,14909,031-691-8137,37.4434670455,126.7885491624,즉석판매제조가공업,즉석판매제조가공업,,,0,N,,
,"경기도 시흥시 비둘기공원로 28, B1층 (대야동)",경기도 시흥시 대야동 542 B1층,14912,02-589-3764,37.4430368253,126.7919559438,즉석판매제조가공업,즉석판매제조가공업,,,,N,,
,"경기도 시흥시 함송로14번길 13-17 (정왕동, 102,103호)","경기도 시흥시 정왕동 1882-11 102,103호",15020,031-498-2664,37.3624553137,126.729983626,즉석판매제조가공업,즉석판매제조가공업,,,,N,,
,경기도 시흥시 비둘기공원로 28,경기도 시흥시 대야동 542 GS마트,14912,031-732-2003,37.4430368253,126.7919559438,즉석판매제조가공업,즉석판매제조가공업,,,,N,,
,,경기도 시흥시 거모동 1658-18,15069,031-495-9819,37.340097884,126.7839598567,즉석판매제조가공업,즉석판매제조가공업,,,0,N,,
,경기도 시흥시 월곶해안로 133,"경기도 시흥시 월곶동 1013-12 화신수산시장  150,151호",14963,,37.3876563066,126.7353628154,즉석판매제조가공업,즉석판매제조가공업,,,0,N,,
,"경기도 시흥시 대은로 94, 우진빌딩 7층 일부호 (은행동)",경기도 시흥시 은행동 531-1 우진빌딩,14917,,37.4450518639,126.7988442993,즉석판매제조가공업,즉석판매제조가공업,,,,N,,
,"경기도 시흥시 목감둘레로 253-5, 목감로얄팰리스2 1층 104호 일부호 (조남동)",경기도 시흥시 조남동 709 목감로얄팰리스2,14986,,37.3806066101,126.8612753591,즉석판매제조가공업,즉석판매제조가공업,,,,N,,
,"경기도 시흥시 정왕시장길 51, 101-35호 (정왕동)",경기도 시흥시 정왕동 1203 101-35호,15052,,37.3458093904,126.7485677164,즉석판매제조가공업,즉석판매제조가공업,,,0,N,,
,"경기도 시흥시 배곧3로 96, M-플러스 1층 107호 일부호 (배곧동)",경기도 시흥시 배곧동 199-1 M-플러스,15011,,37.3697764139,126.7302927867,즉석판매제조가공업,즉석판매제조가공업,,,,N,,
,경기도 시흥시 중심상가로 201-9,경기도 시흥시 정왕동 1738-3,15066,031-498-1440,37.3444684033,126.7376186362,즉석판매제조가공업,즉석판매제조가공업,,,0,N,,
,"경기도 시흥시 큰솔로 16-1, 1층 일부호 (정왕동)",경기도 시흥시 정왕동 1419-16,15060,031-432-8887,37.3391363776,126.7523821729,즉석판매제조가공업,즉석판매제조가공업,,,0,N,,
,"경기도 시흥시 동서로 770, 안산농협 연꽃지점 로컬푸드직매장 내 1층 일부호 (물왕동)",경기도 시흥시 물왕동 248-4 안산농협 연꽃지점 로컬푸드직매장,14990,,37.3843410162,126.8308012535,즉석판매제조가공업,즉석판매제조가공업,,,,N,,
,"경기도 시흥시 옥구천동로 401, 상가동 1층 109호일부호 (정왕동)",경기도 시흥시 정왕동 1875-5 건영2차아파트,15028,031-499-2704,37.3570910699,126.7298125976,즉석판매제조가공업,즉석판매제조가공업,,,0,N,,
,경기도 시흥시 동서로 1106,경기도 시흥시 목감동 202-23 밀레니엄빌딩 하모니마트 내,14984,,37.3873759513,126.8612857137,즉석판매제조가공업,즉석판매제조가공업,,,0,N,,
,"경기도 시흥시 오이도3길 28, 1층 103(중 일부)호 (정왕동)",경기도 시흥시 정왕동 2038-2,15015,,37.3418579259,126.689337525,즉석판매제조가공업,즉석판매제조가공업,,,,N,,
,경기도 시흥시 수인로3325번길 10,경기도 시흥시 신천동 774 지하1층,14950,,37.4382099813,126.788191992,즉석판매제조가공업,즉석판매제조가공업,,,0,N,,
,"경기도 시흥시 용부리길 5, 1층 (신천동)",경기도 시흥시 신천동 599-2,14958,031-315-1567,37.4426284835,126.7692940502,즉석판매제조가공업,즉석판매제조가공업,,,,N,,
,"경기도 시흥시 서울대학로278번길 67, 1층 (정왕동)",경기도 시흥시 정왕동 1771-1 롯데마트(시흥배곧점),15011,,37.3688907319,126.7313182505,즉석판매제조가공업,즉석판매제조가공업,,,,N,,
,"경기도 시흥시 복지로63번길 15, 1층 102호 (대야동, 두산주택)",경기도 시흥시 대야동 471 두산주택,14905,,37.44549403,126.7883716976,즉석판매제조가공업,즉석판매제조가공업,,,0,N,,
,"경기도 시흥시 해송십리로 472-12, 상가1동 지1층 104호 (배곧동, 시흥배곧신도시 이지더원1차 더 퍼스트)",경기도 시흥시 배곧동 14 시흥배곧신도시 이지더원1차 더 퍼스트,15010,,37.3817881798,126.7283853485,즉석판매제조가공업,즉석판매제조가공업,,,,N,,
,경기도 시흥시 매화2로 17-1,경기도 시흥시 매화동 221-66 101호,14940,031-315-8086,37.4165695704,126.8127724727,즉석판매제조가공업,즉석판매제조가공업,,,0,N,,
,경기도 시흥시 새재로17번길 3 (장현동),경기도 시흥시 장현동 543-1,14998,,37.3810543546,126.8017561503,즉석판매제조가공업,즉석판매제조가공업,,,,N,,
,"경기도 시흥시 정왕대로 210 (정왕동, 이마트시화점)",경기도 시흥시 정왕동 1734-1 이마트시화점,15066,053-850-9853,37.3459328804,126.7368812651,즉석판매제조가공업,즉석판매제조가공업,,,,N,,
,"경기도 시흥시 군서로10번길 1, 1층 101호 (정왕동)",경기도 시흥시 정왕동 1198-8,15052,,37.3441892592,126.7503563619,즉석판매제조가공업,즉석판매제조가공업,,,,N,,
,"경기도 시흥시 함송로13번길 27, 1층 일반호 (정왕동)",경기도 시흥시 정왕동 1878-2,15020,032-345-8508,37.3651101625,126.7321134465,즉석판매제조가공업,즉석판매제조가공업,,,,N,,
,"경기도 시흥시 공단1대로 237, 센트럴 병원 B동 1층 일부호 (정왕동)",경기도 시흥시 정왕동 1366-11 센트럴 병원,15079,,37.3366662115,126.7284520798,즉석판매제조가공업,즉석판매제조가공업,,,,N,,
,"경기도 시흥시 신천7길 12, 도원보습학원 1층 일부호 (신천동)",경기도 시흥시 신천동 834-26 도원보습학원,14948,032-311-1237,37.4369794288,126.7799745087,즉석판매제조가공업,즉석판매제조가공업,,,0,N,,
,경기도 시흥시 중심상가로 132,경기도 시흥시 정왕동 1847-0 청솔A상가104호,15037,031-431-3950,37.3474805077,126.7308930359,즉석판매제조가공업,즉석판매제조가공업,,,0,N,,
,,경기도 시흥시 정왕동 1870 신우아파트상가 102호,,031-499-1516,,,즉석판매제조가공업,즉석판매제조가공업,,,,N,,
,,경기도 시흥시 정왕동 0-0 시화공단지원시설1366-42구역,15119,031-496-7761,,,즉석판매제조가공업,즉석판매제조가공업,,,0,N,,
,"경기도 시흥시 시흥대로1074번길 5, 1층 105호 (은행동, 롯데슈퍼 내)",경기도 시흥시 은행동 288-1,14921,,37.4320543214,126.7936643149,즉석판매제조가공업,즉석판매제조가공업,,,,N,,
,"경기도 시흥시 삼미시장4길 12, 1층 (신천동)",경기도 시흥시 신천동 740-5 1층,14948,031-313-6389,37.4396324656,126.7834420743,즉석판매제조가공업,즉석판매제조가공업,,,0,N,,
,경기도 시흥시 비둘기공원로 28,경기도 시흥시 대야동 542 GS마트,14912,,37.4430368253,126.7919559438,즉석판매제조가공업,즉석판매제조가공업,,,,N,,
,"경기도 시흥시 서해안로 699, 시흥 프리미엄 아울렛 (배곧동)",경기도 시흥시 배곧동 26 시흥 프리미엄 아울렛,15010,,37.3796992102,126.7370588161,즉석판매제조가공업,즉석판매제조가공업,,,,N,,
,경기도 시흥시 군자로 520,경기도 시흥시 거모동 1756-2 105호,15070,,37.3438261411,126.7848840878,즉석판매제조가공업,즉석판매제조가공업,,,0,N,,
,,경기도 시흥시 대야동 542 GS마트(내),,,,,즉석판매제조가공업,즉석판매제조가공업,,,0,N,,
,경기도 시흥시 삼미시장3길 20-1,경기도 시흥시 신천동 739-12,14948,031-000-0000,37.4402249964,126.7830520796,즉석판매제조가공업,즉석판매제조가공업,,,0,N,,
,"경기도 시흥시 희망공원로 269 (정왕동, 홈플러스)",경기도 시흥시 정왕동 2166-4 홈플러스,15081,031-310-8114,37.3452082082,126.725237369,즉석판매제조가공업,즉석판매제조가공업,,,0,N,,
,"경기도 시흥시 시흥대로 1121 (신천동, 휴먼프라자204호일부)",경기도 시흥시 신천동 948 휴먼프라자204호일부,14950,,37.43555991,126.7911786218,즉석판매제조가공업,즉석판매제조가공업,,,,N,,
,"경기도 시흥시 배곧1로 27-15, 1층층 일부호 (배곧동, 한라비발디캠퍼스)",경기도 시흥시 배곧동 243 한라비발디캠퍼스,15011,032-521-2348,37.3636798562,126.7119931155,즉석판매제조가공업,즉석판매제조가공업,,,,N,,
,"경기도 시흥시 수풀안길 22, 월컴시티 4층 405호 (조남동)",경기도 시흥시 조남동 712-2 월컴시티,14986,,37.3811916255,126.8627839847,즉석판매제조가공업,즉석판매제조가공업,,,,N,,
,"경기도 시흥시 은계호수로 49, 시흥 센트럴돔 그랑트리 캐슬 1층 1176호 일부호 (은행동)",경기도 시흥시 은행동 605 시흥 센트럴돔 그랑트리 캐슬,14923,,37.4458457243,126.8020023203,즉석판매제조가공업,즉석판매제조가공업,,,,N,,
,"경기도 시흥시 오이도로 167, A동 40.41호 (정왕동)",경기도 시흥시 정왕동 2003-8 A동 40.41호,15015,,37.3458883179,126.6882103529,즉석판매제조가공업,즉석판매제조가공업,,,0,N,,
,경기도 시흥시 오이도어시장로 7,경기도 시흥시 정왕동 2004-3 A동 38호,15015,,37.3451101492,126.6890880534,즉석판매제조가공업,즉석판매제조가공업,,,0,N,,
,,경기도 시흥시 신천동 111-11,,031-692-6759,,,즉석판매제조가공업,즉석판매제조가공업,,,0,N,,
,"경기도 시흥시 수인로2421번길 83-10, 1층 일부호 (논곡동)",경기도 시흥시 논곡동 160-80 1층일부호,14984,031-482-2454,37.3883016586,126.8591202298,즉석판매제조가공업,즉석판매제조가공업,,,0,N,,
,"경기도 시흥시 배곧4로 81-42, 신세계프라자 101호일부호 (배곧동)",경기도 시흥시 배곧동 65 신세계프라자,15010,,37.3745090793,126.7345362784,즉석판매제조가공업,즉석판매제조가공업,,,,N,,
,"경기도 시흥시 비둘기공원7길 38 (대야동, 롯데마트 1층)",경기도 시흥시 대야동 542 롯데마트 1층,14912,031-795-7910,37.4430368253,126.7919559438,즉석판매제조가공업,즉석판매제조가공업,,,,N,,
,"경기도 시흥시 은행로 92, 103호 (은행동)",경기도 시흥시 은행동 547-7 103호,14916,031-313-6655,37.4397256236,126.7974583677,즉석판매제조가공업,즉석판매제조가공업,,,0,N,,
,경기도 시흥시 복지로43번길 13-2,경기도 시흥시 대야동 492-1,14909,031-692-3712,37.4438572187,126.7874828168,즉석판매제조가공업,즉석판매제조가공업,,,0,N,,
,경기도 시흥시 월곶해안로 133,"경기도 시흥시 월곶동 1013-12 화신시장 98,899,100,101,102호",14963,031-318-1903,37.3876563066,126.7353628154,즉석판매제조가공업,즉석판매제조가공업,,,0,N,,
,"경기도 시흥시 동서로 706-58, 안산농협 영농자원센터 (물왕동)",경기도 시흥시 물왕동 349-2 안산농협 영농자원센터,14993,,37.3838533611,126.827462028,즉석판매제조가공업,즉석판매제조가공업,,,,N,,
,"경기도 시흥시 장현순환로 81, 1동 26호 (장현동, 시흥능곡역 모아미래도 에듀포레)",경기도 시흥시 장현동 산 34 시흥능곡역 모아미래도 에듀포레,14996,,37.3744096409,126.7969159919,즉석판매제조가공업,즉석판매제조가공업,,,,N,,
,경기도 시흥시 오이도어시장로 7,"경기도 시흥시 정왕동 2004-3 A동 22, 65호",15015,031-434-5455,37.3451101492,126.6890880534,즉석판매제조가공업,즉석판매제조가공업,,,0,N,,
,경기도 시흥시 오이도어시장로 8,경기도 시흥시 정왕동 2005-3 B동 107호,15015,,37.3446490932,126.6888897946,즉석판매제조가공업,즉석판매제조가공업,,,0,N,,
,"경기도 시흥시 정왕대로53번길 31, 주상가동 209호 (정왕동, 한일아파트)",경기도 시흥시 정왕동 1865 한일아파트 주상가동 209호,15029,,37.3576113723,126.7252905579,즉석판매제조가공업,즉석판매제조가공업,,,0,N,,
,경기도 시흥시 오이도중앙로36번길 6 (정왕동),경기도 시흥시 정왕동 2000-4,15015,031-497-1881,37.3455267588,126.6893771122,즉석판매제조가공업,즉석판매제조가공업,,,,N,,
,"경기도 시흥시 옥구천동로 402 (정왕동, GS슈퍼정왕점)",경기도 시흥시 정왕동 1873-3 월드아파트,15027,02-2689-2100,37.3567512193,126.7302225709,즉석판매제조가공업,즉석판매제조가공업,,,,N,,
,"경기도 시흥시 삼미시장4길 7-1, 미소하나치과 (신천동)",경기도 시흥시 신천동 760-22 미소하나치과,14948,,37.4392726973,126.78356985,즉석판매제조가공업,즉석판매제조가공업,,,,N,,
,"경기도 시흥시 정왕대로 210, 2층 (정왕동, 이마트시화점)",경기도 시흥시 정왕동 1734-1 이미트시화점,15066,051-711-7712,37.3459328804,126.7368812651,즉석판매제조가공업,즉석판매제조가공업,,,,N,,
,"경기도 시흥시 신천로 지하 92, 신천역 지하상가 03호 (신천동)",경기도 시흥시 신천동 768-4 신천역,14950,,37.4394172036,126.7865979788,즉석판매제조가공업,즉석판매제조가공업,,,,N,,
,경기도 시흥시 마유로238번길 26,경기도 시흥시 정왕동 1366 GS마트 내,15079,031-496-7700,37.3376271419,126.7306774357,즉석판매제조가공업,즉석판매제조가공업,,,0,N,,
,경기도 시흥시 군자로492번길 13 (거모동),경기도 시흥시 거모동 1735-2 아주4차 상가 401동 105호,15071,,37.3456889954,126.7829019507,즉석판매제조가공업,즉석판매제조가공업,,,0,N,,
,"경기도 시흥시 은계중앙로 220, 지하1층 L02, L03, L04호 (은행동)",경기도 시흥시 은행동 608-13,14923,031-312-3700,37.4441258467,126.8053532289,즉석판매제조가공업,즉석판매제조가공업,,,0,N,,
,"경기도 시흥시 옥구천동로 420 (정왕동, 영남아파트)",경기도 시흥시 정왕동 1873-2 영남아파트,15027,,37.3572800726,126.7311543857,즉석판매제조가공업,즉석판매제조가공업,,,,N,,
,"경기도 시흥시 연성로13번길 5-8, 2층 201호 일부호 (하중동)",경기도 시흥시 하중동 877-3,14976,,37.3908661214,126.8041165685,즉석판매제조가공업,즉석판매제조가공업,,,,N,,
,"경기도 시흥시 다솜마을2길 4, 화신프라자 2층 201호 일부호 (정왕동)",경기도 시흥시 정왕동 1801 화신프라자,15054,031-319-2248,37.3500382689,126.7403285317,즉석판매제조가공업,즉석판매제조가공업,,,,N,,
,"경기도 시흥시 삼미시장4길 7, 1층 일부호 (신천동)",경기도 시흥시 신천동 760-21,14948,02-7392-5699,37.4391829778,126.7836385299,즉석판매제조가공업,즉석판매제조가공업,,,,N,,
,"경기도 시흥시 서해안로 699, 시흥 프리미엄 아울렛 1층 일부호호 (정왕동)",경기도 시흥시 정왕동 1772-46 시흥 프리미엄 아울렛,15010,,37.3794646667,126.7384278982,즉석판매제조가공업,즉석판매제조가공업,,,,N,,
,,경기도 시흥시 장현동 1366-4 GS마트,,,,,즉석판매제조가공업,즉석판매제조가공업,,,0,N,,
,경기도 시흥시 마유로238번길 26,경기도 시흥시 정왕동 1366-4 LG마트(내),15079,02-401-2213,37.3376271419,126.7306774357,즉석판매제조가공업,즉석판매제조가공업,,,0,N,,
,"경기도 시흥시 평안상가1길 1, 1층 (정왕동)",경기도 시흥시 정왕동 1622,15062,,37.3388673438,126.7483320831,즉석판매제조가공업,즉석판매제조가공업,,,,N,,
,"경기도 시흥시 비둘기공원로 28 (대야동, 롯데마트 내)",경기도 시흥시 대야동 542,14912,,37.4430368253,126.7919559438,즉석판매제조가공업,즉석판매제조가공업,,,,N,,
,경기도 시흥시 오이도어시장로 8,경기도 시흥시 정왕동 2005-3 오이도종합어시장 B동 179호,15015,031-432-1479,37.3446490932,126.6888897946,즉석판매제조가공업,즉석판매제조가공업,,,0,N,,
,경기도 시흥시 수인로 2323,경기도 시흥시 목감동 235-2,14984,031-486-9189,37.3866531893,126.8626473949,즉석판매제조가공업,즉석판매제조가공업,,,0,N,,
,경기도 시흥시 오이도어시장로 7,"경기도 시흥시 정왕동 2004-3 A동119,120,133,134,143~146,171,172,180~184,202",15015,,37.3451101492,126.6890880534,즉석판매제조가공업,즉석판매제조가공업,,,0,N,,
,"경기도 시흥시 봉우재로23번안길 16, 1층 (정왕동)",경기도 시흥시 정왕동 1609-4 1층,15056,,37.3464118564,126.7412795711,즉석판매제조가공업,즉석판매제조가공업,,,0,N,,
,경기도 시흥시 마유로238번길 26,경기도 시흥시 정왕동 1366-4 롯데마트 1층,15079,02-557-7788,37.3376271419,126.7306774357,즉석판매제조가공업,즉석판매제조가공업,,,,N,,
,"경기도 시흥시 서해안로 699, 시흥 프리미엄 아울렛 부출입구앞 도로 행사장 1층 (배곧동)",경기도 시흥시 배곧동 36 시흥 프리미엄 아울렛,15010,,37.3796992102,126.7370588161,즉석판매제조가공업,즉석판매제조가공업,,,0,N,,
,"경기도 시흥시 희망공원로 269, 1층 (정왕동, 홈플러스시화점)",경기도 시흥시 정왕동 2166-4,15081,031-404-2240,37.3452082082,126.725237369,즉석판매제조가공업,즉석판매제조가공업,,,,N,,
,경기도 시흥시 장곡로49번길 6-1,경기도 시흥시 장곡동 809-5,15002,031-404-3778,37.3789329188,126.7831389907,즉석판매제조가공업,즉석판매제조가공업,,,0,N,,
,"경기도 시흥시 대은로 80, 하이런빌딩 3층 301호 (은행동)",경기도 시흥시 은행동 536-3 하이런빌딩,14917,,37.4442501877,126.7974160629,즉석판매제조가공업,즉석판매제조가공업,,,,N,,
,"경기도 시흥시 마유로238번길 26, 1층 일부호 (정왕동)",경기도 시흥시 정왕동 1366-4 1층 일부호,15079,,37.3376271419,126.7306774357,즉석판매제조가공업,즉석판매제조가공업,,,,N,,
,"경기도 시흥시 마유로238번길 26, 롯데마트시화점 (정왕동)",경기도 시흥시 정왕동 1366-4,15079,,37.3376271419,126.7306774357,즉석판매제조가공업,즉석판매제조가공업,,,,N,,
,경기도 시흥시 정왕천로411번길 26 (정왕동),경기도 시흥시 정왕동 1190-11,15052,031-433-6665,37.3457986731,126.7497194086,즉석판매제조가공업,즉석판매제조가공업,,,0,N,,
,"경기도 시흥시 정왕대로 210, 2층 (정왕동, 이마트시화점)",경기도 시흥시 정왕동 1734-2 이마트시화점 2층,15066,031-496-4123,37.3459328804,126.7368812651,즉석판매제조가공업,즉석판매제조가공업,,,,N,,
,경기도 시흥시 정왕대로 210 (정왕동),경기도 시흥시 정왕동 1734-2,15066,031-858-1226,37.3459328804,126.7368812651,즉석판매제조가공업,즉석판매제조가공업,,,,N,,
,"경기도 시흥시 서울대학로278번길 26, 시흥배곧 아브뉴프랑 센트럴 오렌지 435호 (배곧동)",경기도 시흥시 배곧동 215 시흥배곧 아브뉴프랑 센트럴 오렌지,15011,,37.368904127,126.7278397154,즉석판매제조가공업,즉석판매제조가공업,,,,N,,
,"경기도 시흥시 은행로 157, 호정빌딩 1층 103호 일부호 (은행동)",경기도 시흥시 은행동 531-3 호정빌딩,14917,,37.4448904333,126.7989814654,즉석판매제조가공업,즉석판매제조가공업,,,,N,,
,"경기도 시흥시 수인로3335번길 11, 1층 102호 (신천동)",경기도 시흥시 신천동 775-2,14950,,37.4380334202,126.7873119584,즉석판매제조가공업,즉석판매제조가공업,,,,N,,
,"경기도 시흥시 복지로43번길 22-2, 1층 (대야동)",경기도 시흥시 대야동 486-9 1층호,14909,,37.4443487092,126.7867772537,즉석판매제조가공업,즉석판매제조가공업,,,,N,,
,"경기도 시흥시 희망공원로 269, 2층 (정왕동, 수산회코너)",경기도 시흥시 정왕동 2166-4,15081,051-246-2775,37.3452082082,126.725237369,즉석판매제조가공업,즉석판매제조가공업,,,,N,,
,경기도 시흥시 호현로40번길 4-1,경기도 시흥시 대야동 496-3,14909,,37.4436114151,126.7855859479,즉석판매제조가공업,즉석판매제조가공업,,,0,N,,
,경기도 시흥시 장곡로 23,경기도 시흥시 장곡동 823-2,15002,,37.3790954387,126.7861645217,즉석판매제조가공업,즉석판매제조가공업,,,0,N,,
,"경기도 시흥시 마유로238번길 26, 1층 일부호 (정왕동)",경기도 시흥시 정왕동 1366-4,15079,02-563-9229,37.3376271419,126.7306774357,즉석판매제조가공업,즉석판매제조가공업,,,,N,,
,"경기도 시흥시 오이도어시장로 7 (정왕동,오이도종합어시장A동76,77,78,91,92,147,148호)","경기도 시흥시 정왕동 2004-3 오이도종합어시장A동76,77,78,91,92,147,148호",15015,031-488-9559,37.3451101492,126.6890880534,즉석판매제조가공업,즉석판매제조가공업,,,0,N,,
,"경기도 시흥시 장현능곡로 155, 시흥 플랑드르 웰빙푸드마켓 지1층 일부호 (능곡동)",경기도 시흥시 능곡동 871 시흥 플랑드르,15121,,37.3710186339,126.8072928232,즉석판매제조가공업,즉석판매제조가공업,,,,N,,
,경기도 시흥시 희망공원로 269,경기도 시흥시 정왕동 2166-4 홈플러스시화점,15081,031-310-8114,37.3452082082,126.725237369,즉석판매제조가공업,즉석판매제조가공업,,,0,N,,
,,경기도 시흥시 하중동 828-5,,031-404-3779,,,즉석판매제조가공업,즉석판매제조가공업,,,,N,,
,"경기도 시흥시 장곡로 17, 105호 (장곡동, 에이스프라자)",경기도 시흥시 장곡동 823-6 에이스프라자 105호,15002,,37.3790542572,126.7868087306,즉석판매제조가공업,즉석판매제조가공업,,,,N,,
,"경기도 시흥시 정왕대로 64, 메가쇼핑몰 지하1층 B01호 일부호 (정왕동)",경기도 시흥시 정왕동 1861-3 메가쇼핑몰,15040,032-324-7694,37.3542557561,126.7235297297,즉석판매제조가공업,즉석판매제조가공업,,,,N,,
,"경기도 시흥시 시흥대로1074번길 6 (은행동, 신성(프)19차101호)",경기도 시흥시 은행동 289-52 신성(프)19차101호,14921,031-313-4047,37.4315632318,126.7935786283,즉석판매제조가공업,즉석판매제조가공업,,,,N,,
,"경기도 시흥시 거북섬4길 6, 디오 프라자 2층 207호 일부호 (정왕동)",경기도 시흥시 정왕동 2720-1 디오 프라자,15119,031-433-3647,37.323285698,126.6822007649,즉석판매제조가공업,즉석판매제조가공업,,,,N,,
,"경기도 시흥시 서울대학로278번길 8, 시흥배곧 아브뉴프랑 센트럴 레드 1층 B-133호 일부호 (배곧동)",경기도 시흥시 배곧동 214 시흥배곧 아브뉴프랑 센트럴 레드,15011,,37.3696799975,126.7265668783,즉석판매제조가공업,즉석판매제조가공업,,,,N,,
,"경기도 시흥시 배곧4로 32-28, 2층 210호 (배곧동)",경기도 시흥시 배곧동 119,15010,,37.378166878,126.7259601659,즉석판매제조가공업,즉석판매제조가공업,,,0,N,,
,"경기도 시흥시 목감중앙로 47, 골든프라자 1층 일부호 (조남동)",경기도 시흥시 조남동 677 골든프라자,14988,,37.3735227218,126.854796044,즉석판매제조가공업,즉석판매제조가공업,,,0,N,,
,"경기도 시흥시 오이도중앙로 53-1, 1층 (정왕동)",경기도 시흥시 정왕동 2011-9 1층,15015,031-497-0308,37.3434451426,126.689455938,즉석판매제조가공업,즉석판매제조가공업,,,,N,,
,"경기도 시흥시 정왕대로 210 (정왕동, 이마트시화점 내)",경기도 시흥시 정왕동 1734-1,15066,02-2281-6340,37.3459328804,126.7368812651,즉석판매제조가공업,즉석판매제조가공업,,,,N,,
,"경기도 시흥시 오이도로 167, A동 30.31호 (정왕동,오이도수산물직판장)",경기도 시흥시 정왕동 2003-8 오이도수산물직판장 A동 30.31호,15015,031-319-8522,37.3458883179,126.6882103529,즉석판매제조가공업,즉석판매제조가공업,,,0,N,,
,"경기도 시흥시 배곧4로 32-27, 광장프라자 2층 204(일부)호 (정왕동)",경기도 시흥시 정왕동 2476-2 광장프라자,15010,,37.3776954647,126.7255471026,즉석판매제조가공업,즉석판매제조가공업,,,,N,,
,"경기도 시흥시 비둘기공원로 28, 롯데마트 시흥점 (대야동)",경기도 시흥시 대야동 542 롯데마트 시흥점,14912,053-325-6005,37.4430368253,126.7919559438,즉석판매제조가공업,즉석판매제조가공업,,,,N,,
,"경기도 시흥시 배곧1로 27-15, 지하1층 101호 (정왕동)",경기도 시흥시 정왕동 1771-1,15011,,37.3636798562,126.7119931155,즉석판매제조가공업,즉석판매제조가공업,,,,N,,
,경기도 시흥시 신천3길 65,경기도 시흥시 신천동 452-3 1층,14947,031-315-7936,37.4385866316,126.7789530539,즉석판매제조가공업,즉석판매제조가공업,,,0,N,,
,경기도 시흥시 복지로53번길 9,경기도 시흥시 대야동 488-6,14909,031-314-7472,37.4444850444,126.7884603886,즉석판매제조가공업,즉석판매제조가공업,,,0,N,,
,경기도 시흥시 서울외곽순환고속도로 105 (조남동),경기도 시흥시 조남동 산 15-1,14983,070-8158-8727,37.3838382249,126.8554983736,즉석판매제조가공업,즉석판매제조가공업,,,,N,,
,"경기도 시흥시 목감중앙로 53, 중앙프라자 1층 108호 (조남동)",경기도 시흥시 조남동 677-2 중앙프라자,14988,,37.3729740201,126.8550040392,즉석판매제조가공업,즉석판매제조가공업,,,,N,,
,"경기도 시흥시 군자로504번길 1 (거모동, 보성빌딩)",경기도 시흥시 거모동 1742-1 보성빌딩,15070,031-495-9696,37.3449417984,126.7845460989,즉석판매제조가공업,즉석판매제조가공업,,,0,N,,
,"경기도 시흥시 비둘기공원로 28 (대야동,롯데마트시흥점 2층)",경기도 시흥시 대야동 542 롯데마트시흥점 2층,14912,,37.4430368253,126.7919559438,즉석판매제조가공업,즉석판매제조가공업,,,0,N,,
,"경기도 시흥시 옥구천동로 402 (정왕동, GS마트시흥정왕점)",경기도 시흥시 정왕동 1873-3,15027,,37.3567512193,126.7302225709,즉석판매제조가공업,즉석판매제조가공업,,,,N,,
,경기도 시흥시 동서로 1085 (조남동),경기도 시흥시 조남동 171-10,14984,031-405-0830,37.3858273518,126.8599433157,즉석판매제조가공업,즉석판매제조가공업,,,0,N,,
,"경기도 시흥시 승지로59번길 9, 1층 (능곡동)",경기도 시흥시 능곡동 731 1층,14995,,37.3689587373,126.8095591821,즉석판매제조가공업,즉석판매제조가공업,,,,N,,
,"경기도 시흥시 하중로136번길 4-13, 1층 (하중동)",경기도 시흥시 하중동 832-2,14975,,37.3993005171,126.7991352052,즉석판매제조가공업,즉석판매제조가공업,,,,N,,
,"경기도 시흥시 정왕대로 64, 102호 (정왕동)",경기도 시흥시 정왕동 1861-2 102호,15040,032-488-9289,37.3542557561,126.7235297297,즉석판매제조가공업,즉석판매제조가공업,,,0,N,,
,,경기도 시흥시 대야동 542 GS마트 시흥점,,031-453-7500,,,즉석판매제조가공업,즉석판매제조가공업,,,,N,,
,"경기도 시흥시 정왕대로 210, E MART시화점 2층 (정왕동)",경기도 시흥시 정왕동 1734-2 E MART시화점,15066,031-765-3883,37.3459328804,126.7368812651,즉석판매제조가공업,즉석판매제조가공업,,,,N,,
,"경기도 시흥시 서울대학로278번길 25-32, 다인로얄팰리스 배곧2차 2층 213호 일부호 (배곧동)",경기도 시흥시 배곧동 198-2 다인로얄팰리스 배곧2차,15011,070-3923-3834,37.3692022673,126.7293274077,즉석판매제조가공업,즉석판매제조가공업,,,0,N,,
,"경기도 시흥시 서촌상가2길 25-1, 303호 (정왕동)",경기도 시흥시 정왕동 1731-18 303호,15036,,37.3458698085,126.7327045837,즉석판매제조가공업,즉석판매제조가공업,,,,N,,
,"경기도 시흥시 배곧전원로 12-5, 1층 일부호 (정왕동)",경기도 시흥시 정왕동 2428-1,15010,,37.3789391912,126.7269010085,즉석판매제조가공업,즉석판매제조가공업,,,,N,,
,,경기도 시흥시 거모동 1754-6,15070,031-494-0054,37.3427323351,126.7843638484,즉석판매제조가공업,즉석판매제조가공업,,,0,N,,
,"경기도 시흥시 수인로3312번길 16, T동 1층 T307호 (대야동, 시흥 센트럴 푸르지오)",경기도 시흥시 대야동 693 시흥 센트럴 푸르지오,14911,,37.4413231865,126.7902764284,즉석판매제조가공업,즉석판매제조가공업,,,0,N,,
,경기도 시흥시 하중로 199,경기도 시흥시 하중동 856-6,14976,031-318-0389,37.393990191,126.8050253646,즉석판매제조가공업,즉석판매제조가공업,,,0,N,,
,경기도 시흥시 삼미시장2길 35,경기도 시흥시 신천동 738-4,14948,,37.4404099175,126.7838190062,즉석판매제조가공업,즉석판매제조가공업,,,0,N,,
,"경기도 시흥시 서울대학로278번길 67, 1층 (정왕동, 롯데마트시흥배곧점)",경기도 시흥시 정왕동 1771-1,15011,062-224-2300,37.3688907319,126.7313182505,즉석판매제조가공업,즉석판매제조가공업,,,,N,,
,"경기도 시흥시 비둘기공원로 28, 2층 (대야동, 롯데마트시흥점 내)",경기도 시흥시 대야동 542,14912,02-2144-7062,37.4430368253,126.7919559438,즉석판매제조가공업,즉석판매제조가공업,,,,N,,
,,경기도 시흥시 신천동 459,,031-404-1396,,,즉석판매제조가공업,즉석판매제조가공업,,,0,N,,
,"경기도 시흥시 오이도어시장로 7 (정왕동, A동 107,108호)","경기도 시흥시 정왕동 2004-3 A동 107,108호",15015,031-434-3088,37.3451101492,126.6890880534,즉석판매제조가공업,즉석판매제조가공업,,,0,N,,
,경기도 시흥시 복지로93번길 3,경기도 시흥시 대야동 443-2,14906,031-691-4254,37.4478006682,126.7912327235,즉석판매제조가공업,즉석판매제조가공업,,,0,N,,
,경기도 시흥시 비둘기공원7길 38 (대야동),경기도 시흥시 대야동 542,14912,031-435-7500,37.4430368253,126.7919559438,즉석판매제조가공업,즉석판매제조가공업,,,,N,,
,"경기도 시흥시 서촌상가3길 21, 코아프라자 4층 402(일부)호 (정왕동)",경기도 시흥시 정왕동 1727-1 코아프라자,15036,031-498-1261,37.3477373486,126.7329678369,즉석판매제조가공업,즉석판매제조가공업,,,0,N,,
,경기도 시흥시 삼미시장2길 39 (신천동),경기도 시흥시 신천동 737-14,14948,031-312-2583,37.4402590238,126.784204789,즉석판매제조가공업,즉석판매제조가공업,,,,N,,
,,경기도 시흥시 매화동 200-5,14940,031-000-0000,37.4160292165,126.8144047009,즉석판매제조가공업,즉석판매제조가공업,,,0,N,,
,경기도 시흥시 장곡로53번길 17,경기도 시흥시 장곡동 810-7,15002,,37.3779669373,126.7828884026,즉석판매제조가공업,즉석판매제조가공업,,,0,N,,
,"경기도 시흥시 비둘기공원로 28, 롯데마트 시흥점 2층 수산코너 일부호 (대야동)",경기도 시흥시 대야동 542 롯데마트 시흥점,14912,031-425-6422,37.4430368253,126.7919559438,즉석판매제조가공업,즉석판매제조가공업,,,,N,,
,경기도 시흥시 은행로12번길 18,경기도 시흥시 은행동 282-5,14921,031-312-5061,37.4330699284,126.7953277642,즉석판매제조가공업,즉석판매제조가공업,,,0,N,,
,"경기도 시흥시 은계남로 12, 1층 135호일부호 (은행동, 시흥은계 호반 써밋플레이스)",경기도 시흥시 은행동 644 시흥은계 호반 써밋플레이스,14922,,37.4351025771,126.8037071995,즉석판매제조가공업,즉석판매제조가공업,,,,N,,
,경기도 시흥시 비둘기공원로 28,경기도 시흥시 대야동 542 GS마트 1층,14912,,37.4430368253,126.7919559438,즉석판매제조가공업,즉석판매제조가공업,,,,N,,
,"경기도 시흥시 옥구천동로 402, 월드아파트 상가동 지하1층 일부호 (정왕동)",경기도 시흥시 정왕동 1873-3 월드아파트,15027,,37.3567512193,126.7302225709,즉석판매제조가공업,즉석판매제조가공업,,,,N,,
,"경기도 시흥시 정왕대로 210, E MART시화점 2층 일부호 (정왕동)",경기도 시흥시 정왕동 1734-2 E MART시화점,15066,053-850-9815,37.3459328804,126.7368812651,즉석판매제조가공업,즉석판매제조가공업,,,,N,,
,"경기도 시흥시 연성로 95, 삼성프라자 1층 110호 일부호 (하상동)",경기도 시흥시 하상동 377-2 삼성프라자,14977,,37.3909698602,126.8141585219,즉석판매제조가공업,즉석판매제조가공업,,,,N,,
,경기도 시흥시 수인로3395번길 32,경기도 시흥시 신천동 752-14,14948,031-404-5469,37.4388156832,126.7810421027,즉석판매제조가공업,즉석판매제조가공업,,,0,N,,
,"경기도 시흥시 장현능곡로 119, 1동 1층 일부호 (능곡동)",경기도 시흥시 능곡동 156,15121,031-404-3355,37.371313406,126.8037664117,즉석판매제조가공업,즉석판매제조가공업,,,,N,,
,"경기도 시흥시 매화1로 9, 1층 (매화동)",경기도 시흥시 매화동 250-2 1층,14940,,37.4154670578,126.8138334974,즉석판매제조가공업,즉석판매제조가공업,,,0,N,,
,"경기도 시흥시 마유로238번길 26 (정왕동, 롯데마트시화점)",경기도 시흥시 정왕동 1366-4 롯데마트 시화점 내,15079,02-473-7910,37.3376271419,126.7306774357,즉석판매제조가공업,즉석판매제조가공업,,,0,N,,
,"경기도 시흥시 정왕대로 64, B01호 (정왕동, 메가쇼핑몰)",경기도 시흥시 정왕동 1861-2 메가쇼핑몰 B01호,15040,031-432-0988,37.3542557561,126.7235297297,즉석판매제조가공업,즉석판매제조가공업,,,,N,,
,경기도 시흥시 삼미시장1길 23,경기도 시흥시 신천동 738-1,14948,031-315-1751,37.4407241412,126.7836125335,즉석판매제조가공업,즉석판매제조가공업,,,0,N,,
,"경기도 시흥시 서울대학로278번길 67, 시흥배곧 롯데마트 1층 신선식품수산코너호 (정왕동)",경기도 시흥시 정왕동 2537 시흥배곧 롯데마트,15011,,37.3688907319,126.7313182505,즉석판매제조가공업,즉석판매제조가공업,,,0,N,,
,"경기도 시흥시 시흥대로1074번길 5, 롯데슈퍼시흥은행점  (은행동)",경기도 시흥시 은행동 288-1 롯데슈퍼시흥은행점,14921,,37.4320543214,126.7936643149,즉석판매제조가공업,즉석판매제조가공업,,,,N,,
,경기도 시흥시 정왕대로 210,경기도 시흥시 정왕동 1734-1 이마트시화점,15066,031-496-4123,37.3459328804,126.7368812651,즉석판매제조가공업,즉석판매제조가공업,,,,N,,
,경기도 시흥시 희망공원로 269,경기도 시흥시 정왕동 2166-4 홈플러스 2층,15081,031-310-8163,37.3452082082,126.725237369,즉석판매제조가공업,즉석판매제조가공업,,,,N,,
,"경기도 시흥시 서울대학로264번길 26-32, 배곧중앙프라자 714호, 715호 일부호 (배곧동)",경기도 시흥시 배곧동 230 배곧중앙프라자,15011,,37.3666139281,126.7277276688,즉석판매제조가공업,즉석판매제조가공업,,,,N,,
,"경기도 시흥시 서울대학로278번길 25-8, 다인로얄팰리스 배곧4차 3층 304호 일부호 (배곧동)",경기도 시흥시 배곧동 196-2 다인로얄팰리스 배곧4차,15011,,37.3694876669,126.728861451,즉석판매제조가공업,즉석판매제조가공업,,,,N,,
,"경기도 시흥시 수인로 3309, 하나로마트 북시흥농협 1층 일부호 (신천동)",경기도 시흥시 신천동 83-4,14950,,37.4384638811,126.7914451358,즉석판매제조가공업,즉석판매제조가공업,,,0,N,,
,경기도 시흥시 장곡로 23,경기도 시흥시 장곡동 823-2 중앙시장마트,15002,031-317-4422,37.3790954387,126.7861645217,즉석판매제조가공업,즉석판매제조가공업,,,0,N,,
,"경기도 시흥시 정왕시장길 51 (정왕동,(103호))",경기도 시흥시 정왕동 1203 (103호),15052,031-434-3766,37.3458093904,126.7485677164,즉석판매제조가공업,즉석판매제조가공업,,,0,N,,
,"경기도 시흥시 오이도어시장로 8 (정왕동, 90,91,92,77)","경기도 시흥시 정왕동 2005-3 90,91,92,77",15015,031-432-6068,37.3446490932,126.6888897946,즉석판매제조가공업,즉석판매제조가공업,,,0,N,,
,"경기도 시흥시 배곧3로 27-7 (정왕동, SK뷰상가 201호)",경기도 시흥시 정왕동 2483 SK뷰상가 201호,15010,031-434-7283,37.3763506741,126.725278565,즉석판매제조가공업,즉석판매제조가공업,,,,N,,
,경기도 시흥시 마유로238번길 26,경기도 시흥시 정왕동 1366-4,15079,02-549-1776,37.3376271419,126.7306774357,즉석판매제조가공업,즉석판매제조가공업,,,0,N,,
,"경기도 시흥시 마유로238번길 26 (정왕동, 롯데마트시화점 1층)",경기도 시흥시 정왕동 1366-4 롯데마트시화점 1층,15079,031-496-7700,37.3376271419,126.7306774357,즉석판매제조가공업,즉석판매제조가공업,,,0,N,,
,경기도 시흥시 월곶해안로 133,경기도 시흥시 월곶동 1013-12 76호,14963,031-404-0341,37.3876563066,126.7353628154,즉석판매제조가공업,즉석판매제조가공업,,,0,N,,
,"경기도 시흥시 희망공원로 269 (정왕동, 홈플러스2층)",경기도 시흥시 정왕동 2166-4 홈플러스2층,15081,,37.3452082082,126.725237369,즉석판매제조가공업,즉석판매제조가공업,,,,N,,
,"경기도 시흥시 정왕대로 64, 메가쇼핑몰 지1층 일부호 (정왕동)",경기도 시흥시 정왕동 1861-3 메가쇼핑몰,15040,,37.3542557561,126.7235297297,즉석판매제조가공업,즉석판매제조가공업,,,,N,,
,"경기도 시흥시 배곧4로 32-13, 이마트에브리데이 일부 (정왕동)",경기도 시흥시 정왕동 2477-3,15010,070-7567-6565,37.376956103,126.7268874805,즉석판매제조가공업,즉석판매제조가공업,,,,N,,
,경기도 시흥시 수인로3335번길 6 (신천동),경기도 시흥시 신천동 768-2,14950,031-314-7714,37.4390884254,126.7873810816,즉석판매제조가공업,즉석판매제조가공업,,,,N,,
,"경기도 시흥시 새재로17번길 3, 이마트에브리데이 일부호 (장현동)",경기도 시흥시 장현동 543-1,14998,070-7567-6565,37.3810543546,126.8017561503,즉석판매제조가공업,즉석판매제조가공업,,,,N,,
,경기도 시흥시 서울대학로278번길 67 (정왕동),경기도 시흥시 정왕동 1771-1 롯데마트(시흥배곧점),15011,070-4300-9589,37.3688907319,126.7313182505,즉석판매제조가공업,즉석판매제조가공업,,,,N,,
,"경기도 시흥시 옥구천동로 404, 지하1층 gs슈퍼마겟 일부호 (정왕동, 월드아파트)",경기도 시흥시 정왕동 1873-3 월드아파트,15027,,37.3567512193,126.7302225709,즉석판매제조가공업,즉석판매제조가공업,,,,N,,
,경기도 시흥시 은행로167번길 3,경기도 시흥시 대야동 578-3,14914,031-312-5001,37.4454446818,126.7982075509,즉석판매제조가공업,즉석판매제조가공업,,,,N,,
,경기도 시흥시 수인로3325번길 10 (신천동),경기도 시흥시 신천동 774,14950,,37.4382099813,126.788191992,즉석판매제조가공업,즉석판매제조가공업,,,,N,,
,"경기도 시흥시 은계남로 12, 판매시설동 154호 (은행동, 시흥은계 호반 써밋플레이스)",경기도 시흥시 은행동 644 시흥은계 호반 써밋플레이스 154호,14922,031-313-7958,37.4351025771,126.8037071995,즉석판매제조가공업,즉석판매제조가공업,,,,N,,
,경기도 시흥시 미산로127번길 13-4 (미산동),경기도 시흥시 미산동 374,14944,031-313-2894,37.4184150369,126.7955329108,즉석판매제조가공업,즉석판매제조가공업,,,0,N,,
,경기도 시흥시 비둘기공원로 28,경기도 시흥시 대야동 542 GS마트내,14912,02-495-8295,37.4430368253,126.7919559438,즉석판매제조가공업,즉석판매제조가공업,,,0,N,,
,경기도 시흥시 오이도어시장로 7,"경기도 시흥시 정왕동 2004-3 A동 80,81호",15015,031-497-7779,37.3451101492,126.6890880534,즉석판매제조가공업,즉석판매제조가공업,,,0,N,,
,"경기도 시흥시 능곡로 188, 효창프라자 1층 101호 (능곡동)",경기도 시흥시 능곡동 752 효창프라자,14995,031-312-9777,37.3683865697,126.8103662625,즉석판매제조가공업,즉석판매제조가공업,,,0,N,,
,"경기도 시흥시 서울대학로278번길 67, 시흥배곧 롯데마트 1층 일부호 (배곧동)",경기도 시흥시 배곧동 202 시흥배곧 롯데마트,15011,055-544-0792,37.3688907319,126.7313182505,즉석판매제조가공업,즉석판매제조가공업,,,0,N,,
,"경기도 시흥시 승지로60번길 32, 성광프라자 4층 401호 (능곡동)",경기도 시흥시 능곡동 751 성광프라자,14995,,37.3684565045,126.8115401451,즉석판매제조가공업,즉석판매제조가공업,,,,N,,
,"경기도 시흥시 장곡로 31-1, 1층 (장곡동)",경기도 시흥시 장곡동 822-4 1층,15002,031-314-6465,37.3791802492,126.7852827015,즉석판매제조가공업,즉석판매제조가공업,,,0,N,,
,"경기도 시흥시 은계번영길 19, 은계 디스퀘어큐브 1층 110호 (은행동)",경기도 시흥시 은행동 646-8 은계 디스퀘어큐브,14922,031-313-6997,37.4372709361,126.8030427925,즉석판매제조가공업,즉석판매제조가공업,,,0,N,,
,경기도 시흥시 장곡로 23,경기도 시흥시 장곡동 823-2 연성중앙시장마트,15002,,37.3790954387,126.7861645217,즉석판매제조가공업,즉석판매제조가공업,,,0,N,,
,"경기도 시흥시 수인로 2794-6, 1층 (도창동)",경기도 시흥시 도창동 127-20,14931,,37.4074675046,126.8255899889,즉석판매제조가공업,즉석판매제조가공업,,,,N,,
,"경기도 시흥시 서울대학로 100, 상가 502동 지1층 122호 (정왕동, 시흥배곧신도시 이지더원2차 에듀그린)",경기도 시흥시 정왕동 2575 시흥배곧신도시 이지더원2차 에듀그린,15012,02-498-9957,37.358775768,126.7159627083,즉석판매제조가공업,즉석판매제조가공업,,,,N,,
,경기도 시흥시 서울대학로278번길 67 (정왕동),경기도 시흥시 정왕동 1771-1 롯데마트(시흥배곧점),15011,,37.3688907319,126.7313182505,즉석판매제조가공업,즉석판매제조가공업,,,,N,,
,경기도 시흥시 정왕천로396번길 23,경기도 시흥시 정왕동 1523-7 정왕동 102호,15051,031-497-3838,37.3420346586,126.7531549951,즉석판매제조가공업,즉석판매제조가공업,,상수도전용,0,N,,
,"경기도 시흥시 삼미시장2길 35, 1층 7, 16호 (신천동)",경기도 시흥시 신천동 738-4 소망교회,14948,,37.4404099175,126.7838190062,즉석판매제조가공업,즉석판매제조가공업,,,,N,,
,경기도 시흥시 오이도어시장로 7,"경기도 시흥시 정왕동 2004-3 A동 80.81,82호",15015,031-431-5856,37.3451101492,126.6890880534,즉석판매제조가공업,즉석판매제조가공업,,,0,N,,
,"경기도 시흥시 월곶중앙로70번길 3, 진주마을 풍림1차 아이원 단지내 상가동 401(일부)호 (월곶동)",경기도 시흥시 월곶동 1010-4 진주마을 풍림1차 아이원 단지내 상가동,14964,,37.3896123363,126.7381671017,즉석판매제조가공업,즉석판매제조가공업,,,,N,,
,"경기도 시흥시 군서마을로 54-1, 1층 (정왕동)",경기도 시흥시 정왕동 1210-7 1층,15052,031-319-6532,37.3463615583,126.7461009641,즉석판매제조가공업,즉석판매제조가공업,,,0,N,,
,"경기도 시흥시 은계남로 12, 137호 (은행동, 시흥은계 호반 써밋플레이스)",경기도 시흥시 은행동 644 시흥은계 호반 써밋플레이스,14922,031-318-8985,37.4351025771,126.8037071995,즉석판매제조가공업,즉석판매제조가공업,,,,N,,
,"경기도 시흥시 배곧4로 81-13, 2층 202호 (정왕동)",경기도 시흥시 정왕동 2456 202호,15010,,37.3769469396,126.7323993918,즉석판매제조가공업,즉석판매제조가공업,,,,N,,
,"경기도 시흥시 시흥대로1074번길 5, 스페이스타워 일부호 (은행동)",경기도 시흥시 은행동 288-1 스페이스타워,14921,,37.4320543214,126.7936643149,즉석판매제조가공업,즉석판매제조가공업,,,,N,,
,"경기도 시흥시 군자로 474, 삼성프라자 1층 102호 (거모동)",경기도 시흥시 거모동 1728-6 삼성프라자 102호,15071,,37.3472228121,126.7831470399,즉석판매제조가공업,즉석판매제조가공업,,,,N,,
,"경기도 시흥시 정왕대로 210, 2층 (정왕동, 이마트시화점)",경기도 시흥시 정왕동 1734-1 이마트시화점 2층,15066,,37.3459328804,126.7368812651,즉석판매제조가공업,즉석판매제조가공업,,,,N,,
,경기도 시흥시 하중로 128 (하중동),경기도 시흥시 하중동 829-1,14975,031-312-3990,37.3990719304,126.8001089684,즉석판매제조가공업,즉석판매제조가공업,,,0,N,,
,"경기도 시흥시 비둘기공원로 28, 롯데마트 시흥점 2층 일부호 (대야동)",경기도 시흥시 대야동 542 롯데마트 시흥점 2층일부호,14912,,37.4430368253,126.7919559438,즉석판매제조가공업,즉석판매제조가공업,,,,N,,
,"경기도 시흥시 정왕대로 210, 세계로 식자재마트 시화점 식품매장 2층 일부호 (정왕동)",경기도 시흥시 정왕동 1734-2 성담스퀘어,15066,,37.3459328804,126.7368812651,즉석판매제조가공업,즉석판매제조가공업,,,,N,,
,"경기도 시흥시 오이도로 173, B동 136호 (정왕동,오이도직판장)",경기도 시흥시 정왕동 2003-12 오이도직판장 B동 136호,15015,031-433-8005,37.3454457514,126.6880796381,즉석판매제조가공업,즉석판매제조가공업,,,0,N,,
,"경기도 시흥시 계수로 298, 1층 일부호 (과림동)",경기도 시흥시 과림동 74-7,14927,,37.4539958902,126.8298528524,즉석판매제조가공업,즉석판매제조가공업,,,,N,,
,"경기도 시흥시 정왕대로 64, 메가쇼핑몰 지하1층 일부호 (정왕동)",경기도 시흥시 정왕동 1861-3 메가쇼핑몰,15040,032-324-7694,37.3542557561,126.7235297297,즉석판매제조가공업,즉석판매제조가공업,,,,N,,
,"경기도 시흥시 은계번영길 5, 은계푸리마타워 1층 101호 (은행동)",경기도 시흥시 은행동 646-1 은계푸리마타워,14922,,37.4368568068,126.8015997524,즉석판매제조가공업,즉석판매제조가공업,,,0,N,,
,경기도 시흥시 대골안길 57 (대야동),경기도 시흥시 대야동 488-26,14909,031-311-4412,37.4446072099,126.7877922419,즉석판매제조가공업,즉석판매제조가공업,,,0,N,,
,"경기도 시흥시 평안상가1길 1, 시흥식자재마트 내 지하1층 일부호 (정왕동)",경기도 시흥시 정왕동 1622,15062,,37.3388673438,126.7483320831,즉석판매제조가공업,즉석판매제조가공업,,,,N,,
,"경기도 시흥시 옥구천동로 402 (정왕동, GS수퍼마켓 시흥정왕점)",경기도 시흥시 정왕동 1873-3,15027,,37.3567512193,126.7302225709,즉석판매제조가공업,즉석판매제조가공업,,,,N,,
,"경기도 시흥시 배곧4로 32-13, 1층 106호 (정왕동)",경기도 시흥시 정왕동 2477-3,15010,,37.376956103,126.7268874805,즉석판매제조가공업,즉석판매제조가공업,,,,N,,
,"경기도 시흥시 마유로238번길 26, 1층 (정왕동, 롯데마트시화점)",경기도 시흥시 정왕동 1366-4 롯데마트시화점 1층,15079,031-496-7700,37.3376271419,126.7306774357,즉석판매제조가공업,즉석판매제조가공업,,,0,N,,
,"경기도 시흥시 서울대학로264번길 25, 시흥배곧 아브뉴프랑 센트럴 블루 3층 301호 (배곧동)",경기도 시흥시 배곧동 219 시흥배곧 아브뉴프랑 센트럴 블루,15011,,37.3683599517,126.7273257955,즉석판매제조가공업,즉석판매제조가공업,,,,N,,
,"경기도 시흥시 옥구상가2길 3, 뉴스타프라자 1층 113호 (정왕동)",경기도 시흥시 정왕동 1861-6 뉴스타프라자,15040,,37.3536757588,126.7244277101,즉석판매제조가공업,즉석판매제조가공업,,,,N,,
,경기도 시흥시 마유로238번길 26,경기도 시흥시 정왕동 1366-4 GS마트내,15079,031-435-7500,37.3376271419,126.7306774357,즉석판매제조가공업,즉석판매제조가공업,,,0,N,,
,경기도 시흥시 오이도중앙로 32-1,경기도 시흥시 정왕동 1999-8,15015,031-434-7567,37.3453033675,126.6896617622,즉석판매제조가공업,즉석판매제조가공업,,,0,N,,
,경기도 시흥시 시청로68번길 1,경기도 시흥시 장현동 539-4,14998,031-317-3399,37.3806380109,126.7999414659,즉석판매제조가공업,즉석판매제조가공업,,,0,N,,
,경기도 시흥시 옥구천동로 402 (정왕동),경기도 시흥시 정왕동 1873-3 월드프라자 103호,15027,031-432-3632,37.3567512193,126.7302225709,즉석판매제조가공업,즉석판매제조가공업,,,0,N,,
,"경기도 시흥시 월곶해안로 133, 1층 150,151호 (월곶동)",경기도 시흥시 월곶동 1013-12,14963,,37.3876563066,126.7353628154,즉석판매제조가공업,즉석판매제조가공업,,,0,N,,
,"경기도 시흥시 수인로3247번길 70, 1층 일부호 (은행동)",경기도 시흥시 은행동 261-1 동아M학원 103-2호,14921,,37.4325444108,126.7978984952,즉석판매제조가공업,즉석판매제조가공업,,,0,N,,
,경기도 시흥시 오이도어시장로 7,경기도 시흥시 정왕동 2004-3 오이도종합어시장 A동 130호,15015,,37.3451101492,126.6890880534,즉석판매제조가공업,즉석판매제조가공업,,,0,N,,
,"경기도 시흥시 배곧4로 32-28, 2층 205호 (배곧동)",경기도 시흥시 배곧동 119,15010,,37.378166878,126.7259601659,즉석판매제조가공업,즉석판매제조가공업,,,,N,,
,"경기도 시흥시 목감우회로 39, 목감 시티프라자 1층 104호 (목감동)",경기도 시흥시 목감동 403-1 목감 시티프라자,14985,,37.3819082861,126.8602929025,즉석판매제조가공업,즉석판매제조가공업,,,,N,,
,"경기도 시흥시 능곡로 182 (능곡동, 신성프라자 101호)",경기도 시흥시 능곡동 753 신성프라자 101호,14995,031-313-1015,37.3682632809,126.8108643032,즉석판매제조가공업,즉석판매제조가공업,,,,N,,
,"경기도 시흥시 은계중앙로 115, 상가동 1층 108호 일부호 (은행동, 시흥은계우미린더퍼스트)",경기도 시흥시 은행동 621 시흥은계우미린더퍼스트,14923,,37.4399621001,126.803910867,즉석판매제조가공업,즉석판매제조가공업,,,,N,,
,경기도 시흥시 하상로 33 (하상동),경기도 시흥시 하상동 205-2,14977,031-317-3159,37.3937452243,126.812461237,즉석판매제조가공업,즉석판매제조가공업,,,0,N,,
,경기도 시흥시 희망공원로 269,경기도 시흥시 정왕동 2166-4 2층,15081,031-781-0510,37.3452082082,126.725237369,즉석판매제조가공업,즉석판매제조가공업,,,0,N,,
,"경기도 시흥시 거북섬중앙로 1, 시화MTV 보니타가 2동 170호 (정왕동)",경기도 시흥시 정왕동 2709 시화MTV 보니타가,15119,,37.3255247468,126.6827295604,즉석판매제조가공업,즉석판매제조가공업,,,,N,,
,"경기도 시흥시 새재로 3, 1층 110호 일부호 (장현동, 장현2엔플러스빌)",경기도 시흥시 장현동 542 장현2엔플러스빌,14998,,37.3801754056,126.800973633,즉석판매제조가공업,즉석판매제조가공업,,,,N,,
,경기도 시흥시 함송로13번길 27 (정왕동),경기도 시흥시 정왕동 1878-2 2층,15020,,37.3651101625,126.7321134465,즉석판매제조가공업,즉석판매제조가공업,,,0,N,,
,경기도 시흥시 함송로 24,경기도 시흥시 정왕동 1882-4 세종할인마트,15020,031-433-2747,37.3632151301,126.7303936899,즉석판매제조가공업,즉석판매제조가공업,,,,N,,
,경기도 시흥시 대골안길 65,경기도 시흥시 대야동 489-10,14909,031-318-5559,37.4440826132,126.7874919841,즉석판매제조가공업,즉석판매제조가공업,,,0,N,,
,"경기도 시흥시 비둘기공원5길 23, 더베스트프라자 4층 401호 일부호 (대야동)",경기도 시흥시 대야동 540-1 더베스트프라자,14912,,37.4421973177,126.7902455628,즉석판매제조가공업,즉석판매제조가공업,,,,N,,
,"경기도 시흥시 관곡지로 44, 1층 일부호 (하중동)",경기도 시흥시 하중동 818-1,14975,,37.4005180281,126.7992481474,즉석판매제조가공업,즉석판매제조가공업,,,0,N,,
,"경기도 시흥시 동서로 706-58, 1층 일부호 (물왕동)",경기도 시흥시 물왕동 349-2 안산농협 영농자원센터,14993,070-7811-8500,37.3838533611,126.827462028,즉석판매제조가공업,즉석판매제조가공업,,,,N,,
,"경기도 시흥시 승지로 75, 102호 (능곡동)",경기도 시흥시 능곡동 542 102호,14994,,37.3707763217,126.8105589696,즉석판매제조가공업,즉석판매제조가공업,,,0,N,,
,경기도 시흥시 비둘기공원7길 38 (대야동),경기도 시흥시 대야동 542,14912,031-435-7500,37.4430368253,126.7919559438,즉석판매제조가공업,즉석판매제조가공업,,,0,N,,
,경기도 시흥시 진말로9번길 2,경기도 시흥시 장곡동 820-3 부석프라자 지하1층,15002,031-435-0000,37.378468074,126.7852668701,즉석판매제조가공업,즉석판매제조가공업,,,,N,,
,"경기도 시흥시 오이도어시장로 7 (정왕동,오이도종합어시장 A동 43,44,45)","경기도 시흥시 정왕동 2004-3 오이도종합어시장 A동 43,44,45",15015,,37.3451101492,126.6890880534,즉석판매제조가공업,즉석판매제조가공업,,,0,N,,
,"경기도 시흥시 장곡로 35-1, 104호 (장곡동)",경기도 시흥시 장곡동 822-1 104호,15002,031-318-4273,37.3791952711,126.7847855754,즉석판매제조가공업,즉석판매제조가공업,,,,N,,
,경기도 시흥시 은행로173번길 7 (대야동),경기도 시흥시 대야동 576,14914,031-318-0065,37.4454681618,126.797608164,즉석판매제조가공업,즉석판매제조가공업,,,0,N,,
,"경기도 시흥시 남왕길 48-9, 1층 일부호 (목감동)",경기도 시흥시 목감동 411-3,14985,,37.3829523193,126.8633451662,즉석판매제조가공업,즉석판매제조가공업,,,,N,,
,경기도 시흥시 하중로 201-1 (하중동),경기도 시흥시 하중동 857-2,14976,031-318-0858,37.3937119778,126.8052312842,즉석판매제조가공업,즉석판매제조가공업,,,0,N,,
,"경기도 시흥시 봉우재로61번길 25, 1층 일부호 (정왕동)",경기도 시흥시 정왕동 1826-5,15053,,37.3489884221,126.7438843352,즉석판매제조가공업,즉석판매제조가공업,,,,N,,
,"경기도 시흥시 은계남로 12, 122호 일부호 (은행동, 시흥은계 호반 써밋플레이스)",경기도 시흥시 은행동 644 시흥은계 호반 써밋플레이스,14922,031-318-4959,37.4351025771,126.8037071995,즉석판매제조가공업,즉석판매제조가공업,,,0,N,,
,경기도 시흥시 시흥대로1073번길 23-1 (신천동),경기도 시흥시 신천동 875-1,14951,,37.431993505,126.7901723766,즉석판매제조가공업,즉석판매제조가공업,,,,N,,
,경기도 시흥시 마유로238번길 26,경기도 시흥시 정왕동 1366-4 gs마트(내),15079,,37.3376271419,126.7306774357,즉석판매제조가공업,즉석판매제조가공업,,,0,N,,
,"경기도 시흥시 오이도어시장로 7 (정왕동,오이도종합어시장 A동 1,2호)","경기도 시흥시 정왕동 2004-3 오이도종합어시장 A동 1,2호",15015,,37.3451101492,126.6890880534,즉석판매제조가공업,즉석판매제조가공업,,,0,N,,
,경기도 시흥시 오이도어시장로 7,"경기도 시흥시 정왕동 2004-3 A동 54,55호",15015,,37.3451101492,126.6890880534,즉석판매제조가공업,즉석판매제조가공업,,,0,N,,
,경기도 시흥시 대골안길 51,경기도 시흥시 대야동 470,14905,031-311-5045,37.4450684421,126.7880478842,즉석판매제조가공업,즉석판매제조가공업,,,0,N,,
,"경기도 시흥시 정왕천로375번길 52-7, 1층 일부호 (정왕동)",경기도 시흥시 정왕동 1571,15057,,37.3449692706,126.7468600196,즉석판매제조가공업,즉석판매제조가공업,,,,N,,
,"경기도 시흥시 서울대학로264번길 25, 시흥배곧 아브뉴프랑 센트럴 블루 3층 316호 (배곧동)",경기도 시흥시 배곧동 219 시흥배곧 아브뉴프랑 센트럴 블루,15011,,37.3683599517,126.7273257955,즉석판매제조가공업,즉석판매제조가공업,,,,N,,
,"경기도 시흥시 희망공원로 269, 홈플러스시화점 2층 매대 5호 (정왕동)",경기도 시흥시 정왕동 2166-4 홈플러스시화점,15081,,37.3452082082,126.725237369,즉석판매제조가공업,즉석판매제조가공업,,,,N,,
,"경기도 시흥시 한우물로 20, 장영빌딩 2층 일부호 (거모동)",경기도 시흥시 거모동 1742-6 장영빌딩,15070,,37.3444281826,126.7845735519,즉석판매제조가공업,즉석판매제조가공업,,,,N,,
,"경기도 시흥시 배곧전원로 18-6, 청연 1층 일부호 (배곧동)",경기도 시흥시 배곧동 101-29,15010,,37.3788055461,126.7271395751,즉석판매제조가공업,즉석판매제조가공업,,,,N,,
,경기도 시흥시 도일로 113,경기도 시흥시 거모동 1544-2,15070,031-492-1515,37.3406813502,126.7835591912,즉석판매제조가공업,즉석판매제조가공업,,,0,N,,
,경기도 시흥시 마유로238번길 26,경기도 시흥시 정왕동 1366-4 GS마트,15079,031-496-7440,37.3376271419,126.7306774357,즉석판매제조가공업,즉석판매제조가공업,,,0,N,,
,경기도 시흥시 비둘기공원로 28,경기도 시흥시 대야동 542,14912,02-413-5051,37.4430368253,126.7919559438,즉석판매제조가공업,즉석판매제조가공업,,,0,N,,
,"경기도 시흥시 은계중앙로 250, 1층 113호 일부호 (은행동)",경기도 시흥시 은행동 608-3,14923,1577-9588,37.446182062,126.8040115137,즉석판매제조가공업,즉석판매제조가공업,,,0,N,,
,"경기도 시흥시 하우로 66, 1층 일부호 (대야동)",경기도 시흥시 대야동 13-2,14900,031-311-9895,37.461710872,126.7841360293,즉석판매제조가공업,즉석판매제조가공업,,,0,N,,
,"경기도 시흥시 서해안로 1597, 1층 일부호 (대야동)",경기도 시흥시 대야동 376-50,14902,,37.4477410989,126.7858293121,즉석판매제조가공업,즉석판매제조가공업,,,0,N,,
,"경기도 시흥시 정왕대로 210, E MART시화점 1층 일부호 (정왕동)",경기도 시흥시 정왕동 1734-2 E MART시화점,15066,031-858-1226,37.3459328804,126.7368812651,즉석판매제조가공업,즉석판매제조가공업,,,,N,,
,경기도 시흥시 희망공원로 269,경기도 시흥시 정왕동 2166-4 홈플러스시화점,15081,032-523-2767,37.3452082082,126.725237369,즉석판매제조가공업,즉석판매제조가공업,,,0,N,,
,"경기도 시흥시 은계중앙로 238, 호수의 아침 1층 105호 (은행동)",경기도 시흥시 은행동 608-6 호수의 아침,14923,,37.445371883,126.8041885946,즉석판매제조가공업,즉석판매제조가공업,,,,N,,
,"경기도 시흥시 연성로 92, 씨티프라자 1층 103호 (하상동)",경기도 시흥시 하상동 380-6 씨티프라자,14977,,37.3905875045,126.8135067904,즉석판매제조가공업,즉석판매제조가공업,,,,N,,
,경기도 시흥시 군자로 318-4,경기도 시흥시 거모동 583,15044,031-432-6093,37.3580068191,126.7719332536,즉석판매제조가공업,즉석판매제조가공업,,,0,N,,
,"경기도 시흥시 삼미시장3길 40-1, 1층 (신천동)",경기도 시흥시 신천동 745-10 1층,14948,031-316-6666,37.4408073603,126.7809891341,즉석판매제조가공업,즉석판매제조가공업,,,,N,,
,경기도 시흥시 군자로492번길 12,경기도 시흥시 거모동 1474-1 일우상가 112호,15071,031-493-1352,37.3459875256,126.7830797532,즉석판매제조가공업,즉석판매제조가공업,,,0,N,,
,"경기도 시흥시 군자로492번길 11 (거모동, 지층)",경기도 시흥시 거모동 1735-1 지층,15071,031-494-7549,37.3457449219,126.7832062506,즉석판매제조가공업,즉석판매제조가공업,,,0,N,,
,"경기도 시흥시 삼미시장2길 41, 1(우측끝)층 (신천동)",경기도 시흥시 신천동 737-13 1층우측끝,14948,,37.4401695778,126.7843186834,즉석판매제조가공업,즉석판매제조가공업,,,,N,,
,경기도 시흥시 복지로 79 (대야동),경기도 시흥시 대야동 455-1,14905,031-315-1302,37.4464813032,126.7906686058,즉석판매제조가공업,즉석판매제조가공업,,,0,N,,
,"경기도 시흥시 서울대학로264번길 25, 시흥배곧 아브뉴프랑 센트럴 블루 3층 328호 일부호 (배곧동)",경기도 시흥시 배곧동 219 시흥배곧 아브뉴프랑 센트럴 블루,15011,,37.3683599517,126.7273257955,즉석판매제조가공업,즉석판매제조가공업,,,,N,,
,"경기도 시흥시 장현능곡로 119, 1동 1층 일부호 (능곡동)",경기도 시흥시 능곡동 156,15121,,37.371313406,126.8037664117,즉석판매제조가공업,즉석판매제조가공업,,,,N,,
,"경기도 시흥시 은계중앙로 214, 은계호수공원 (은행동)",경기도 시흥시 은행동 0 은계호수 수변공원 2 관리소 및 화장실,14923,,37.4439308794,126.8059202725,즉석판매제조가공업,즉석판매제조가공업,,,,N,,
,"경기도 시흥시 시흥대로1074번길 5, 스페이스타워 1층 (은행동)",경기도 시흥시 은행동 288-1 스페이스타워,14921,,37.4320543214,126.7936643149,즉석판매제조가공업,즉석판매제조가공업,,,,N,,
,"경기도 시흥시 정왕대로 210, E MART시화점 2층 (정왕동)",경기도 시흥시 정왕동 1734-2 E MART시화점,15066,051-256-7710,37.3459328804,126.7368812651,즉석판매제조가공업,즉석판매제조가공업,,,,N,,
,"경기도 시흥시 옥구천서로373번길 7, 102호 (정왕동, 신호A상가)",경기도 시흥시 정왕동 1867-3 신호A상가 102호,15030,,37.3545572017,126.7255139016,즉석판매제조가공업,즉석판매제조가공업,,,,N,,
,"경기도 시흥시 신천로 9, 2층 일부호 (신천동)",경기도 시흥시 신천동 879-8 진희종합설비,14951,,37.4335726945,126.7919772871,즉석판매제조가공업,즉석판매제조가공업,,,,N,,
,"경기도 시흥시 월곶해안로 111, 1층 일부호 (월곶동)",경기도 시흥시 월곶동 1013-4,14963,070-7756-0070,37.3890107693,126.7343436684,즉석판매제조가공업,즉석판매제조가공업,,,0,N,,
,경기도 시흥시 월곶해안로 133,경기도 시흥시 월곶동 1013-12 화신수산시장 108호,14963,031-435-9096,37.3876563066,126.7353628154,즉석판매제조가공업,즉석판매제조가공업,,,0,N,,
,"경기도 시흥시 시흥대로1074번길 5 (은행동, 롯데슈퍼 시흥은행점)",경기도 시흥시 은행동 288-1,14921,,37.4320543214,126.7936643149,즉석판매제조가공업,즉석판매제조가공업,,,,N,,
,"경기도 시흥시 희망공원로 269, 홈플러스시화점 2층 식품매장 내 일부호 (정왕동)",경기도 시흥시 정왕동 2166-4 홈플러스시화점,15081,,37.3452082082,126.725237369,즉석판매제조가공업,즉석판매제조가공업,,,,N,,
,"경기도 시흥시 대은로 52, 비둘기공원 무대 일대 (은행동)",경기도 시흥시 은행동 551 비둘기공원,14919,,37.4419325921,126.7942046426,즉석판매제조가공업,즉석판매제조가공업,,,,N,,
,경기도 시흥시 희망공원로 269,경기도 시흥시 정왕동 2166-4 홈플러스 2층,15081,,37.3452082082,126.725237369,즉석판매제조가공업,즉석판매제조가공업,,,0,N,,
,"경기도 시흥시 호현로22번길 19, 1층 (신천동)",경기도 시흥시 신천동 709-16,14910,,37.4410917897,126.7862768623,즉석판매제조가공업,즉석판매제조가공업,,,,N,,
,"경기도 시흥시 배곧4로 32-13, 이마트에브리데이 시흥배곧점 상가1층 (정왕동)",경기도 시흥시 정왕동 2477-3,15010,,37.376956103,126.7268874805,즉석판매제조가공업,즉석판매제조가공업,,,,N,,
,"경기도 시흥시 능곡로 182, 신성프라자 1층 102호 일부호 (능곡동)",경기도 시흥시 능곡동 753 신성프라자,14995,,37.3682632809,126.8108643032,즉석판매제조가공업,즉석판매제조가공업,,,,N,,
,"경기도 시흥시 서울대학로 59-69, 배곧테크노밸리 123호일부호 (배곧동)",경기도 시흥시 배곧동 292-3 배곧테크노밸리,15012,,37.3586667851,126.7104194921,즉석판매제조가공업,즉석판매제조가공업,,,,N,,
,"경기도 시흥시 서울대학로264번길 12, 208동 2층 B-216호 일부호 (배곧동, 시흥배곧 C2블럭 호반 써밋플레이스 아파트)",경기도 시흥시 배곧동 221 시흥배곧 C2블럭 호반 써밋플레이스 아파트,,,,,즉석판매제조가공업,즉석판매제조가공업,,,0,N,,
,"경기도 시흥시 월곶해안로 133 (월곶동,화신시장 117,118,119,120호)","경기도 시흥시 월곶동 1013-12 화신시장 117,118,119,120호",14963,031-404-1349,37.3876563066,126.7353628154,즉석판매제조가공업,즉석판매제조가공업,,,0,N,,
,"경기도 시흥시 옥구상가1길 37, 1층 일부호 (정왕동)",경기도 시흥시 정왕동 1852-1,15040,,37.3518777067,126.7210250527,즉석판매제조가공업,즉석판매제조가공업,,,0,N,,
,"경기도 시흥시 거북섬둘레길 42, 거북섬 웨이브파크 광장 (정왕동)",경기도 시흥시 정왕동 2721 웨이브파크,15119,,37.3241773184,126.680791543,즉석판매제조가공업,즉석판매제조가공업,,,,N,,
,경기도 시흥시 마유로238번길 26,경기도 시흥시 정왕동 1366-4 엘지마트,15079,02-2648-3031,37.3376271419,126.7306774357,즉석판매제조가공업,즉석판매제조가공업,,,0,N,,
,경기도 시흥시 봉우재로 30,경기도 시흥시 정왕동 1576-2,15057,1577-5519,37.3455669734,126.7444718564,즉석판매제조가공업,즉석판매제조가공업,,,0,N,,
,"경기도 시흥시 삼미시장2길 39, 1층 (신천동)",경기도 시흥시 신천동 737-14,14948,,37.4402590238,126.784204789,즉석판매제조가공업,즉석판매제조가공업,,,0,N,,
,"경기도 시흥시 서울대학로264번길 50, 배곧헤리움 어반크로스2차 B동 2층 213호 일부호 (배곧동)",경기도 시흥시 배곧동 233 배곧헤리움 어반크로스2차,15011,,37.3667198507,126.728765555,즉석판매제조가공업,즉석판매제조가공업,,,,N,,
,"경기도 시흥시 월곶중앙로 48, 111호 (월곶동,유호엔플러스빌상가)",경기도 시흥시 월곶동 1006-3 유호엔플러스빌상가 111호,14966,031-311-9394,37.3885788895,126.7400527718,즉석판매제조가공업,즉석판매제조가공업,,,,N,,
,"경기도 시흥시 정왕대로 210 (정왕동, 이마트시화점)",경기도 시흥시 정왕동 1734-1 이마트시화점,15066,061-331-8383,37.3459328804,126.7368812651,즉석판매제조가공업,즉석판매제조가공업,,,,N,,
,"경기도 시흥시 수인로3325번길 10, 1층 (신천동, 우명프라자 하모니마트 내)",경기도 시흥시 신천동 774 우명프라자 1층 하모니마트 내,14950,,37.4382099813,126.788191992,즉석판매제조가공업,즉석판매제조가공업,,,0,N,,
,경기도 시흥시 중심상가로 228,경기도 시흥시 정왕동 1790 영남6차아파트 상가 209호,15065,031-433-1174,37.3422258091,126.7393008664,즉석판매제조가공업,즉석판매제조가공업,,,0,N,,
,경기도 시흥시 희망공원로 269,경기도 시흥시 정왕동 2166-4 홈플러스,15081,031-310-8000,37.3452082082,126.725237369,즉석판매제조가공업,즉석판매제조가공업,,,,N,,
,"경기도 시흥시 옥구상가2길 3, 108호 (정왕동, 뉴스타프라자)",경기도 시흥시 정왕동 1861-6 뉴스타프라자 108호,15040,,37.3536757588,126.7244277101,즉석판매제조가공업,즉석판매제조가공업,,,0,N,,
,"경기도 시흥시 희망공원로 269, 2층 (정왕동, 시화홈플러스)",경기도 시흥시 정왕동 2166-4 시화홈플러스 2층,15081,,37.3452082082,126.725237369,즉석판매제조가공업,즉석판매제조가공업,,,0,N,,
,"경기도 시흥시 희망공원로 269, 2층 (정왕동, 홈플러스)",경기도 시흥시 정왕동 2166-4 홈플러스 2층,15081,,37.3452082082,126.725237369,즉석판매제조가공업,즉석판매제조가공업,,상수도전용,0,N,,
,경기도 시흥시 정왕대로 174,"경기도 시흥시 정왕동 1726-1 광개토빌딩 107,108호",15036,031-319-5009,37.3481553901,126.7334942325,즉석판매제조가공업,즉석판매제조가공업,,,,N,,
,"경기도 시흥시 수풀안길 14-4, 101호 (조남동)",경기도 시흥시 조남동 716-1,14986,,37.3815667043,126.8638087002,즉석판매제조가공업,즉석판매제조가공업,,,,N,,
,경기도 시흥시 수인로3325번길 10,경기도 시흥시 신천동 774,14950,031-315-8003,37.4382099813,126.788191992,즉석판매제조가공업,즉석판매제조가공업,,,,N,,
,"경기도 시흥시 서울대학로264번길 26-9, 다인 로얄팰리스 배곧8차 3층 318호 일부호 (배곧동)",경기도 시흥시 배곧동 226-2 다인 로얄팰리스 배곧8차,15011,,37.3674108514,126.7269176778,즉석판매제조가공업,즉석판매제조가공업,,,,N,,
,"경기도 시흥시 삼미시장4길 21, 1층 일부호 (신천동)",경기도 시흥시 신천동 756-6,14948,,37.4397071366,126.7823787701,즉석판매제조가공업,즉석판매제조가공업,,,0,N,,
,"경기도 시흥시 마유로238번길 26, 1층 (정왕동)",경기도 시흥시 정왕동 1366-4,15079,,37.3376271419,126.7306774357,즉석판매제조가공업,즉석판매제조가공업,,,0,N,,
,경기도 시흥시 삼미시장1길 19 (신천동),경기도 시흥시 신천동 738-2,14948,031-311-8169,37.4405908634,126.7839303247,즉석판매제조가공업,즉석판매제조가공업,,,0,N,,
,"경기도 시흥시 협력로 281, 메가폴리스 A동 1층 115호 (정왕동)",경기도 시흥시 정왕동 2164-2 메가폴리스,15080,,37.3516251323,126.7155402835,즉석판매제조가공업,즉석판매제조가공업,,,,N,,
,경기도 시흥시 호현로49번길 10,경기도 시흥시 대야동 483-16,14904,031-313-3081,37.4446386811,126.7840500166,즉석판매제조가공업,즉석판매제조가공업,,,0,N,,
,경기도 시흥시 승지로 36,경기도 시흥시 능곡동 772 주공단지상가 103호,14995,031-318-1455,37.3672560971,126.8097215981,즉석판매제조가공업,즉석판매제조가공업,,,,N,,
,"경기도 시흥시 동서로811번길 45, 2층 일부호 (물왕동)",경기도 시흥시 물왕동 135-1,14983,,37.3871214943,126.8395763606,즉석판매제조가공업,즉석판매제조가공업,,,,N,,
,경기도 시흥시 월곶해안로 133,"경기도 시흥시 월곶동 1013-12 화신시장 119,120호",14963,031-317-3180,37.3876563066,126.7353628154,즉석판매제조가공업,즉석판매제조가공업,,,0,N,,
,경기도 시흥시 삼미시장2길 39,경기도 시흥시 신천동 737-14,14948,031-311-5445,37.4402590238,126.784204789,즉석판매제조가공업,즉석판매제조가공업,,,0,N,,
,"경기도 시흥시 오이도로 167 (정왕동, 26,27호)","경기도 시흥시 정왕동 2003-8 26,27호",15015,031-431-5256,37.3458883179,126.6882103529,즉석판매제조가공업,즉석판매제조가공업,,,,N,,
,,경기도 시흥시 하상동 368,14977,031-317-3770,37.3954306885,126.8124458412,즉석판매제조가공업,즉석판매제조가공업,,,0,N,,
,"경기도 시흥시 군서마을로 94, 우성빌딩 1층 101호 (정왕동)",경기도 시흥시 정왕동 1830-14 우성빌딩,15053,,37.3485120128,126.7426810343,즉석판매제조가공업,즉석판매제조가공업,,,,N,,
,"경기도 시흥시 정왕대로 210, E MART시화점 2층 일부호 (정왕동)",경기도 시흥시 정왕동 1734-2 E MART시화점,15066,031-496-4123,37.3459328804,126.7368812651,즉석판매제조가공업,즉석판매제조가공업,,,,N,,
,"경기도 시흥시 죽율로 12, 1층 일부호 (죽율동)",경기도 시흥시 죽율동 646-3,15050,,37.3483944996,126.7568404288,즉석판매제조가공업,즉석판매제조가공업,,,0,N,,
,"경기도 시흥시 목감우회로 39, 7층 (목감동, 브이케이컨벤션홀)",경기도 시흥시 목감동 403-1,14985,031-511-1029,37.3819082861,126.8602929025,즉석판매제조가공업,즉석판매제조가공업,,,,N,,
,"경기도 시흥시 장현능곡로 192, 능곡동 정우빌딩 1층 103호 (능곡동)",경기도 시흥시 능곡동 735 능곡동 정우빌딩,14995,031-318-8787,37.3692303918,126.8113184948,즉석판매제조가공업,즉석판매제조가공업,,,,N,,
,"경기도 시흥시 비둘기공원5길 23, 더베스트프라자 4층 일부호 (대야동)",경기도 시흥시 대야동 540-1 더베스트프라자,14912,,37.4421973177,126.7902455628,즉석판매제조가공업,즉석판매제조가공업,,,0,N,,
,"경기도 시흥시 도일로123번길 4, 1층 103호 (거모동)",경기도 시흥시 거모동 1753-6 성심교회,15070,,37.3418007645,126.7838420831,즉석판매제조가공업,즉석판매제조가공업,,,,N,,
,"경기도 시흥시 정왕대로 210 (정왕동, 이마트내)",경기도 시흥시 정왕동 1734-1 이마트내,15066,031-496-4051,37.3459328804,126.7368812651,즉석판매제조가공업,즉석판매제조가공업,,,0,N,,
,"경기도 시흥시 삼미시장3길 15, 1층 일부호 (신천동)",경기도 시흥시 신천동 740-4 시흥아이사랑어린이집,14948,,37.4397774968,126.7835763415,즉석판매제조가공업,즉석판매제조가공업,,,,N,,
,"경기도 시흥시 은계호수로 49, 시흥 센트럴돔 그랑트리 캐슬 1층 1132호 일부호 (은행동)",경기도 시흥시 은행동 605 시흥 센트럴돔 그랑트리 캐슬,14923,,37.4458457243,126.8020023203,즉석판매제조가공업,즉석판매제조가공업,,,,N,,
,,경기도 시흥시 장현동 665-1 (일자리센터 뒤 공터),,,37.3821820281,126.804153502,즉석판매제조가공업,즉석판매제조가공업,,,0,N,,
,"경기도 시흥시 오이도로 167, 54호 (정왕동)",경기도 시흥시 정왕동 2003-8 54호,15015,031-433-2500,37.3458883179,126.6882103529,즉석판매제조가공업,즉석판매제조가공업,,,0,N,,
,경기도 시흥시 정왕천로369번길 3-5,경기도 시흥시 정왕동 1428-3 1층,15058,,37.3410860807,126.7485470457,즉석판매제조가공업,즉석판매제조가공업,,,0,N,,
,"경기도 시흥시 배곧1로 27-15, 상가1동 1층 104호 (배곧동, 한라비발디캠퍼스)",경기도 시흥시 배곧동 243 한라비발디캠퍼스,15011,,37.3636798562,126.7119931155,즉석판매제조가공업,즉석판매제조가공업,,,,N,,
,,경기도 시흥시 정왕동 542 GS마트,15047,031-735-4560,37.3568966592,126.7532547945,즉석판매제조가공업,즉석판매제조가공업,,,0,N,,
,"경기도 시흥시 은계번영길 1, 태산W타워 4층 415호 (은행동)",경기도 시흥시 은행동 646 태산W타워,14922,,37.4365775346,126.8016249551,즉석판매제조가공업,즉석판매제조가공업,,,0,N,,
,"경기도 시흥시 월곶중앙로 64, 103호 (월곶동, 풍산프라자)",경기도 시흥시 월곶동 1009-1 풍산프라자 103호,14966,,37.3891728802,126.7385104453,즉석판매제조가공업,즉석판매제조가공업,,,0,N,,
,"경기도 시흥시 서울대학로278번길 34, 시흥배곧 아브뉴프랑 센트럴 옐로우 1층 113호 (배곧동)",경기도 시흥시 배곧동 216 시흥배곧 아브뉴프랑 센트럴 옐로우,15011,031-433-2415,37.3682081085,126.7289197215,즉석판매제조가공업,즉석판매제조가공업,,,,N,,
,경기도 시흥시 삼미시장2길 39,경기도 시흥시 신천동 737-14,14948,031-312-2583,37.4402590238,126.784204789,즉석판매제조가공업,즉석판매제조가공업,,,0,N,,
,"경기도 시흥시 서해안로 699, 시흥 프리미엄 아울렛 1층 (정왕동)",경기도 시흥시 정왕동 1772-46 시흥 프리미엄 아울렛,15010,,37.3794646667,126.7384278982,즉석판매제조가공업,즉석판매제조가공업,,,,N,,
,"경기도 시흥시 시흥대로 1121, 신천휴먼시아 상가조합 1층 102호 (신천동)",경기도 시흥시 신천동 948 신천휴먼시아 상가조합,14950,,37.43555991,126.7911786218,즉석판매제조가공업,즉석판매제조가공업,,,,N,,
,"경기도 시흥시 장현능곡로 155, 시흥 플랑드르 3003호 일부호 (능곡동)",경기도 시흥시 능곡동 871 시흥 플랑드르,15121,,37.3710186339,126.8072928232,즉석판매제조가공업,즉석판매제조가공업,,,,N,,
,"경기도 시흥시 비둘기공원2길 17-1, 영신화공 1층 일부호 (대야동)",경기도 시흥시 대야동 553-3 영신화공,14911,070-8810-6788,37.4404516325,126.792240302,즉석판매제조가공업,즉석판매제조가공업,,,0,N,,
,"경기도 시흥시 신천3길 36, 1층 일부호 (신천동)",경기도 시흥시 신천동 758-8,14948,,37.4387777628,126.7822180847,즉석판매제조가공업,즉석판매제조가공업,,,,N,,
,"경기도 시흥시 월곶중앙로 75, 2층 (월곶동)",경기도 시흥시 월곶동 1011-14,14963,,37.3891990294,126.7369738498,즉석판매제조가공업,즉석판매제조가공업,,,,N,,
,경기도 시흥시 오이도로 167,경기도 시흥시 정왕동 2003-8,15015,031-431-4280,37.3458883179,126.6882103529,즉석판매제조가공업,즉석판매제조가공업,,,0,N,,
,"경기도 시흥시 비둘기공원로 28, 롯데마트 시흥점 2층 (대야동)",경기도 시흥시 대야동 542 롯데마트 시흥점,14912,053-325-6005,37.4430368253,126.7919559438,즉석판매제조가공업,즉석판매제조가공업,,,,N,,
,"경기도 시흥시 옥구공원로 189, 로얄퍼스트빌 1층 107호 일부호, 108호 일부호 (정왕동)",경기도 시흥시 정왕동 1733-5 로얄퍼스트빌,15036,031-431-3378,37.3447330603,126.7325468027,즉석판매제조가공업,즉석판매제조가공업,,,0,N,,
,"경기도 시흥시 서울대학로278번길 67 (정왕동, 롯데마트시흥배곧점)",경기도 시흥시 정왕동 1771-1 롯데마트시흥배곧점,15011,042-936-3041,37.3688907319,126.7313182505,즉석판매제조가공업,즉석판매제조가공업,,,0,N,,
,"경기도 시흥시 시청로72번길 3-6, 1층 102호 (장현동)",경기도 시흥시 장현동 537-8 102호,14998,,37.3812225966,126.799721419,즉석판매제조가공업,즉석판매제조가공업,,,,N,,
,경기도 시흥시 마유로238번길 26,경기도 시흥시 정왕동 1366-4 GS마트 GS마트 시화점,15079,,37.3376271419,126.7306774357,즉석판매제조가공업,즉석판매제조가공업,,,,N,,
,경기도 시흥시 오이도어시장로 24,경기도 시흥시 정왕동 2014-3 1층,15015,031-434-4409,37.3444323534,126.6901452944,즉석판매제조가공업,즉석판매제조가공업,,,0,N,,
,경기도 시흥시 오이도어시장로 8,경기도 시흥시 정왕동 2005-3 B동 106호,15015,031-499-7489,37.3446490932,126.6888897946,즉석판매제조가공업,즉석판매제조가공업,,,0,N,,
,"경기도 시흥시 서울대학로264번길 7, 시흥배곧 아브뉴프랑 센트럴 퍼플 1층 A-107호 일부호 (배곧동)",경기도 시흥시 배곧동 220 시흥배곧 아브뉴프랑 센트럴 퍼플,15011,,37.3691267298,126.7260417622,즉석판매제조가공업,즉석판매제조가공업,,,,N,,
,경기도 시흥시 희망공원로 269,경기도 시흥시 정왕동 2166-4 홈플러스시화점(내),15081,031-942-1910,37.3452082082,126.725237369,즉석판매제조가공업,즉석판매제조가공업,,,0,N,,
,경기도 시흥시 오이도로 167,"경기도 시흥시 정왕동 2003-8 A동 48,49호",15015,031-319-2177,37.3458883179,126.6882103529,즉석판매제조가공업,즉석판매제조가공업,,,,N,,
,경기도 시흥시 오이도어시장로 7,경기도 시흥시 정왕동 2004-3 A동 31호,15015,031-434-5920,37.3451101492,126.6890880534,즉석판매제조가공업,즉석판매제조가공업,,,0,N,,
,,경기도 시흥시 거모동 .. 25블럭 3롯트,,031-494-9044,,,즉석판매제조가공업,즉석판매제조가공업,,,0,N,,
,경기도 시흥시 오이도어시장로 7,"경기도 시흥시 정왕동 2004-3  오이도어시장 A동 41,42호",15015,,37.3451101492,126.6890880534,즉석판매제조가공업,즉석판매제조가공업,,,0,N,,
,경기도 시흥시 월곶해안로 133,"경기도 시흥시 월곶동 1013-12 화신시장 116,125,126호",14963,031-404-1344,37.3876563066,126.7353628154,즉석판매제조가공업,즉석판매제조가공업,,,0,N,,
,"경기도 시흥시 정왕대로 210, E MART시화점 2층 일부호호 (정왕동)",경기도 시흥시 정왕동 1734-2 E MART시화점,15066,031-858-1227,37.3459328804,126.7368812651,즉석판매제조가공업,즉석판매제조가공업,,,,N,,
,"경기도 시흥시 옥터로 26-14, 1층 일부호 (정왕동)",경기도 시흥시 정왕동 1989-20,15015,,37.3461126345,126.6906917503,즉석판매제조가공업,즉석판매제조가공업,,상수도전용,,N,,
,"경기도 시흥시 목감남서로 92-15, 상가1동 지1층 104호 일부호 (산현동, 목감중흥에스클래스레이크힐스)",경기도 시흥시 산현동 496 목감중흥에스클래스레이크힐스,14989,,37.3743272813,126.8405130422,즉석판매제조가공업,즉석판매제조가공업,,,0,N,,
,"경기도 시흥시 서울대학로264번길 26-29, 다인 로얄팰리스 배곧5차 3층 319호 (배곧동)",경기도 시흥시 배곧동 228-3 다인 로얄팰리스 배곧5차,15011,,37.3668168759,126.7270592906,즉석판매제조가공업,즉석판매제조가공업,,,0,N,,
,"경기도 시흥시 도일로 133, 1층 (거모동, 진로마트 내)",경기도 시흥시 거모동 1753-1,15070,,37.342226503,126.7841880159,즉석판매제조가공업,즉석판매제조가공업,,,,N,,
,"경기도 시흥시 배곧4로 81-42, 신세계프라자 1층 101호 일부호 (배곧동)",경기도 시흥시 배곧동 65 신세계프라자,15010,,37.3745090793,126.7345362784,즉석판매제조가공업,즉석판매제조가공업,,,,N,,
,"경기도 시흥시 장현순환로 111, 근린생활시설2동 1층 108호 (장현동, 제일풍경채 에듀)",경기도 시흥시 장현동 632 제일풍경채 에듀,14996,,37.3716882646,126.7970430373,즉석판매제조가공업,즉석판매제조가공업,,,,N,,
,"경기도 시흥시 공단1대로 204, 시화유통상가 B107 일부호 (정왕동)",경기도 시흥시 정왕동 1364 시화유통상가,15090,,37.3379338971,126.7238219689,즉석판매제조가공업,즉석판매제조가공업,,,0,N,,
,"경기도 시흥시 서해안로1685번길 13, 2동 1층 일부호 (대야동)",경기도 시흥시 대야동 219-1,14901,,37.4533816774,126.7945154011,즉석판매제조가공업,즉석판매제조가공업,,,0,N,,
,"경기도 시흥시 중심상가로 51, 1층 106호 (정왕동)",경기도 시흥시 정왕동 1859-21,15040,031-499-2766,37.3521767766,126.7240140745,즉석판매제조가공업,즉석판매제조가공업,,,0,N,,
,경기도 시흥시 오이도중앙로36번길 12 (정왕동),경기도 시흥시 정왕동 2002-11 성신수산 12-4호,15015,031-432-7378,37.3458642221,126.688639633,즉석판매제조가공업,즉석판매제조가공업,,,0,N,,
,"경기도 시흥시 은행로 140, 삼현빌딩 3층 일부호 (은행동)",경기도 시흥시 은행동 540-11 삼현빌딩,14916,,37.4434902894,126.799989347,즉석판매제조가공업,즉석판매제조가공업,,,,N,,
,"경기도 시흥시 서울대학로278번길 67, 1층 (정왕동)",경기도 시흥시 정왕동 1771-1 1층,15011,031-299-2500,37.3688907319,126.7313182505,즉석판매제조가공업,즉석판매제조가공업,,,,N,,
,"경기도 시흥시 월곶해안로 157, 1층 (월곶동, 일부)",경기도 시흥시 월곶동 1013-21 1층 일부,14963,,37.3885329394,126.7371161582,즉석판매제조가공업,즉석판매제조가공업,,,,N,,
,경기도 시흥시 마유로238번길 26,경기도 시흥시 정왕동 1366-4 GS마트내,15079,032-505-3270,37.3376271419,126.7306774357,즉석판매제조가공업,즉석판매제조가공업,,,0,N,,
,"경기도 시흥시 신천로44번길 7, 1층 101일부호 (신천동)",경기도 시흥시 신천동 859-7 아이다운어린이집,14950,,37.4354129713,126.7892244969,즉석판매제조가공업,즉석판매제조가공업,,,,N,,
,경기도 시흥시 정왕대로 56,경기도 시흥시 정왕동 1861-1 세종프라자 113호,15040,031-434-6901,37.3545138727,126.7230302519,즉석판매제조가공업,즉석판매제조가공업,,,0,N,,
,"경기도 시흥시 정왕대로 210, 2층 (정왕동, 시화이마트)",경기도 시흥시 정왕동 1734-1,15066,031-858-1277,37.3459328804,126.7368812651,즉석판매제조가공업,즉석판매제조가공업,,,,N,,
,"경기도 시흥시 마유로238번길 26, 1층 (정왕동, 롯데마트시화점 )",경기도 시흥시 정왕동 1366-4,15079,,37.3376271419,126.7306774357,즉석판매제조가공업,즉석판매제조가공업,,,,N,,
,경기도 시흥시 희망공원로 269,경기도 시흥시 정왕동 2166-4 홈플러스시화점(내),15081,,37.3452082082,126.725237369,즉석판매제조가공업,즉석판매제조가공업,,,0,N,,
,"경기도 시흥시 서울대학로278번길 67, 롯데마트(시흥배곧점) (정왕동)",경기도 시흥시 정왕동 1771-1 롯데마트(시흥배곧점),15011,,37.3688907319,126.7313182505,즉석판매제조가공업,즉석판매제조가공업,,,0,N,,
,"경기도 시흥시 정왕대로 210, 1층 (정왕동, 이마트 시화점)",경기도 시흥시 정왕동 1734-1 이마트 시화점,15066,,37.3459328804,126.7368812651,즉석판매제조가공업,즉석판매제조가공업,,,,N,,
,"경기도 시흥시 비둘기공원로 28, 롯데마트 시흥점 수산코너 2층 일부호 (대야동)",경기도 시흥시 대야동 542 롯데마트 시흥점,14912,,37.4430368253,126.7919559438,즉석판매제조가공업,즉석판매제조가공업,,,,N,,
,"경기도 시흥시 포도원로116번길 11-1, Weljoy 4층 (신천동)",경기도 시흥시 신천동 861-12 Weljoy,14952,,37.4349000073,126.7878616303,즉석판매제조가공업,즉석판매제조가공업,,,,N,,
,"경기도 시흥시 정왕천로375번길 23, 1층 (정왕동)",경기도 시흥시 정왕동 1569-8 1층 일부,15058,,37.3427004778,126.7472778146,즉석판매제조가공업,즉석판매제조가공업,,,0,N,,
,"경기도 시흥시 능곡로 182, 신성프라자 1층 일부호 (능곡동)",경기도 시흥시 능곡동 753 신성프라자,14995,,37.3682632809,126.8108643032,즉석판매제조가공업,즉석판매제조가공업,,,0,N,,
,"경기도 시흥시 비둘기공원로 28, 롯데마트 시흥점 1층 일부호 (대야동)",경기도 시흥시 대야동 542 롯데마트 시흥점,14912,,37.4430368253,126.7919559438,즉석판매제조가공업,즉석판매제조가공업,,,0,N,,
,경기도 시흥시 오이도로157번길 10,경기도 시흥시 정왕동 1998-3,15015,031-505-9835,37.3466254161,126.689229819,즉석판매제조가공업,즉석판매제조가공업,,,0,N,,
,경기도 시흥시 오이도어시장로 7,"경기도 시흥시 정왕동 2004-3 A-87,88,89",15015,,37.3451101492,126.6890880534,즉석판매제조가공업,즉석판매제조가공업,,,0,N,,
,경기도 시흥시 마유로238번길 26,경기도 시흥시 정왕동 1366-4 GS마트,15079,031-896-3893,37.3376271419,126.7306774357,즉석판매제조가공업,즉석판매제조가공업,,,0,N,,
,"경기도 시흥시 마유로238번길 26, 1층 (정왕동)",경기도 시흥시 정왕동 1366-4,15079,070-4300-9589,37.3376271419,126.7306774357,즉석판매제조가공업,즉석판매제조가공업,,,,N,,
,"경기도 시흥시 호현로 83-1, 1층 일부호 (대야동)",경기도 시흥시 대야동 461-26,14905,,37.4471925247,126.787530322,즉석판매제조가공업,즉석판매제조가공업,,,0,N,,
,,경기도 시흥시 하상동 369,14977,031-404-1413,37.3931112614,126.8134950717,즉석판매제조가공업,즉석판매제조가공업,,,0,N,,
,"경기도 시흥시 검바위1로 72-2, 1층 일부호 (은행동)",경기도 시흥시 은행동 248-63,14920,070-8836-5549,37.4353669941,126.7966061334,즉석판매제조가공업,즉석판매제조가공업,,,,N,,
,"경기도 시흥시 옥구공원로 183, 1층 (정왕동, 식자재왕도매마트시화점 내)",경기도 시흥시 정왕동 1733-4,15036,,37.3450091694,126.732035946,즉석판매제조가공업,즉석판매제조가공업,,상수도전용,,N,,
,"경기도 시흥시 하중로 193, 4층 404일부호 (하중동)",경기도 시흥시 하중동 856-1,14976,031-314-3600,37.3944204983,126.8046259833,즉석판매제조가공업,즉석판매제조가공업,,,,N,,
,"경기도 시흥시 옥구상가2길 4, 111호 (정왕동, 로얄타운)",경기도 시흥시 정왕동 1861-4 로얄타운,15040,,37.3539162976,126.7239961677,즉석판매제조가공업,즉석판매제조가공업,,,,N,,
,"경기도 시흥시 배곧4로 32-13, 에브리데이 배곧점 (배곧동)",경기도 시흥시 배곧동 126,15010,,37.376956103,126.7268874805,즉석판매제조가공업,즉석판매제조가공업,,,,N,,
,"경기도 시흥시 장현능곡로 155, 시흥 플랑드르 지1층 B1100호 일부호 (능곡동)",경기도 시흥시 능곡동 871 시흥 플랑드르,15121,,37.3710186339,126.8072928232,즉석판매제조가공업,즉석판매제조가공업,,,,N,,
,경기도 시흥시 신천3길 28-5,경기도 시흥시 신천동 759-22,14948,031-312-6632,37.4390437381,126.782972917,즉석판매제조가공업,즉석판매제조가공업,,,0,N,,
,"경기도 시흥시 대야로43번길 3-1, 1층 (대야동)",경기도 시흥시 대야동 456-20 1층,14905,,37.4472442906,126.7901413575,즉석판매제조가공업,즉석판매제조가공업,,상수도전용,0,N,,
,경기도 시흥시 호현로34번안길 5,경기도 시흥시 대야동 496-7,14909,031-313-0790,37.443379535,126.7859951228,즉석판매제조가공업,즉석판매제조가공업,,,,N,,
,,경기도 시흥시 은행동 18-0 청구상가105호,14923,031-698-0080,,,즉석판매제조가공업,즉석판매제조가공업,,,0,N,,
,경기도 시흥시 장곡로37번길 7-1 (장곡동),경기도 시흥시 장곡동 820-2,15002,,37.3785834698,126.7849721053,즉석판매제조가공업,즉석판매제조가공업,,,0,N,,
,"경기도 시흥시 시흥대로1074번길 5, 롯데슈퍼 1층 (은행동)",경기도 시흥시 은행동 288-1 스페이스타워,14921,,37.4320543214,126.7936643149,즉석판매제조가공업,즉석판매제조가공업,,,,N,,
,"경기도 시흥시 호현로 5-2, 2층 일부호 (신천동)",경기도 시흥시 신천동 713-5,14904,,37.4418747273,126.7830928616,즉석판매제조가공업,즉석판매제조가공업,,,0,N,,
,"경기도 시흥시 군서로 44, 1층 101호 (정왕동)",경기도 시흥시 정왕동 1205-9,15052,031-433-7779,37.3460362678,126.7473912864,즉석판매제조가공업,즉석판매제조가공업,,,,N,,
,"경기도 시흥시 비둘기공원로 28, 2층 (대야동, 롯데마트 시흥점)",경기도 시흥시 대야동 542 롯데마트 시흥점 2층,14912,02-390-2500,37.4430368253,126.7919559438,즉석판매제조가공업,즉석판매제조가공업,,,,N,,
,"경기도 시흥시 정왕대로 210, E MART시화점 2층 (정왕동)",경기도 시흥시 정왕동 1734-2 E MART시화점,15066,031-529-7141,37.3459328804,126.7368812651,즉석판매제조가공업,즉석판매제조가공업,,,,N,,
,"경기도 시흥시 정왕대로 210 (정왕동, 이마트시화점)",경기도 시흥시 정왕동 1734-2 이마트시화점,15066,053-850-9815,37.3459328804,126.7368812651,즉석판매제조가공업,즉석판매제조가공업,,,,N,,
,"경기도 시흥시 서울대학로264번길 22, 다인로얄팰리스 배곧플러스 9차 지하1(일부)층 (정왕동)",경기도 시흥시 정왕동 2530 다인로얄팰리스 배곧플러스 9차 지하1층(일부),15011,031-434-9552,37.3678768718,126.7265063355,즉석판매제조가공업,즉석판매제조가공업,,,,N,,
,"경기도 시흥시 마유로446번길 14-1, 101호 (정왕동)",경기도 시흥시 정왕동 2308-4 101호,15049,,37.353430007,126.743546215,즉석판매제조가공업,즉석판매제조가공업,,,,N,,
,"경기도 시흥시 동서로 1071, 1층 일부호 (조남동)",경기도 시흥시 조남동 171-15,14984,031-483-8822,37.3845648203,126.8598297926,즉석판매제조가공업,즉석판매제조가공업,,,,N,,
,"경기도 시흥시 은계남로 12, 지에스 더프레시 은계호반점동 1층 일부호 (은행동, 시흥은계 호반 써밋플레이스)",경기도 시흥시 은행동 644 시흥은계 호반 써밋플레이스,14922,,37.4351025771,126.8037071995,즉석판매제조가공업,즉석판매제조가공업,,,0,N,,
,"경기도 시흥시 서울대학로 77, 골드테크노밸리 1층 116-1(일부)호 (배곧동)",경기도 시흥시 배곧동 294-1 골드테크노밸리,15012,,37.3580196951,126.7093535449,즉석판매제조가공업,즉석판매제조가공업,,,0,N,,
,"경기도 시흥시 호현로85번길 5, 1층 일부호 (대야동)",경기도 시흥시 대야동 463-37,14905,,37.4472702333,126.7869643194,즉석판매제조가공업,즉석판매제조가공업,,,,N,,
,"경기도 시흥시 은계번영길 28, 은계 디스퀘어 1층 109호 일부호 (은행동)",경기도 시흥시 은행동 645-5 은계 디스퀘어,14922,,37.4365417418,126.803196503,즉석판매제조가공업,즉석판매제조가공업,,,0,N,,
,"경기도 시흥시 군자로10번길 15-2, 2층 일부호 (월곶동)",경기도 시흥시 월곶동 467-17 2층 일부호,15006,,37.3817441532,126.7610070228,즉석판매제조가공업,즉석판매제조가공업,,,,N,,
,경기도 시흥시 중심상가로 224 (정왕동),경기도 시흥시 정왕동 1790 영남6차상가 109호,15065,031-497-7218,37.3422258091,126.7393008664,즉석판매제조가공업,즉석판매제조가공업,,,0,N,,
,"경기도 시흥시 은계남로 12, 1층 111호 (은행동, 시흥은계 호반 써밋플레이스)",경기도 시흥시 은행동 644 시흥은계 호반 써밋플레이스,14922,031-311-6710,37.4351025771,126.8037071995,즉석판매제조가공업,즉석판매제조가공업,,,0,N,,
,"경기도 시흥시 서해안로 699, 시흥 프리미엄 아울렛 부출입구 앞 도로행사장 (배곧동)",경기도 시흥시 배곧동 36 시흥 프리미엄 아울렛,15010,,37.3796992102,126.7370588161,즉석판매제조가공업,즉석판매제조가공업,,,0,N,,
,"경기도 시흥시 신천로19번안길 5-7, 1층 일부호 (신천동)",경기도 시흥시 신천동 886-10,14951,031-520-1469,37.4318911812,126.7911454009,즉석판매제조가공업,즉석판매제조가공업,,,0,N,,
,"경기도 시흥시 월곶해안로161번길 5 (월곶동, 마트 내)",경기도 시흥시 월곶동 1013-20,14963,031-404-7455,37.3886937892,126.7368998952,즉석판매제조가공업,즉석판매제조가공업,,,0,N,,
,경기도 시흥시 수인로3409번길 53,경기도 시흥시 신천동 834-29,14948,,37.4371234999,126.7799505209,즉석판매제조가공업,즉석판매제조가공업,,,,N,,
,"경기도 시흥시 배곧4로 32-13, 이마트에브리데이 시흥배곧점 1층 일부호 (배곧동)",경기도 시흥시 배곧동 126,15010,,37.376956103,126.7268874805,즉석판매제조가공업,즉석판매제조가공업,,,0,N,,
,경기도 시흥시 삼미시장3길 18-1,경기도 시흥시 신천동 739-7,14948,031-313-6804,37.4400291085,126.7834495963,즉석판매제조가공업,즉석판매제조가공업,,,0,N,,
,"경기도 시흥시 군서로6번길 21, 1층 일부호 (정왕동)",경기도 시흥시 정왕동 1194-2,15052,,37.3453453596,126.7521512662,즉석판매제조가공업,즉석판매제조가공업,,,0,N,,
,경기도 시흥시 오이도어시장로 7,"경기도 시흥시 정왕동 2004-3 A동 83,84호",15015,,37.3451101492,126.6890880534,즉석판매제조가공업,즉석판매제조가공업,,,0,N,,
,"경기도 시흥시 산현마을길 12-1, 1층 일부호 (산현동)",경기도 시흥시 산현동 503-1,14989,,37.3763399996,126.8442339619,즉석판매제조가공업,즉석판매제조가공업,,,,N,,
,"경기도 시흥시 서울대학로278번길 19-13, 107동 1층 A-120호 (배곧동, 시흥배곧 C1 호반 써밋플레이스)",경기도 시흥시 배곧동 191 시흥배곧 C1 호반 써밋플레이스,15011,,37.3703857466,126.7269775004,즉석판매제조가공업,즉석판매제조가공업,,,0,N,,
,"경기도 시흥시 오이도어시장로 7, A동 121,122호 (정왕동,오이도종합어시장)","경기도 시흥시 정왕동 2004-3 오이도종합어시장 A동 121,122호",15015,,37.3451101492,126.6890880534,즉석판매제조가공업,즉석판매제조가공업,,,0,N,,
,경기도 시흥시 오이도어시장로 7,경기도 시흥시 정왕동 2004-3 오이도어시장 A동 132호,15015,031-499-7667,37.3451101492,126.6890880534,즉석판매제조가공업,즉석판매제조가공업,,,0,N,,
,"경기도 시흥시 시흥대로 1079, 대성장 1층 (신천동)",경기도 시흥시 신천동 883-5 대성장,14951,,37.4321896195,126.7928154374,즉석판매제조가공업,즉석판매제조가공업,,,,N,,
,"경기도 시흥시 배곧4로 81-46, 솔로몬프라자 1층 107, 108호 (배곧동)",경기도 시흥시 배곧동 66 솔로몬프라자,15010,031-432-1199,37.3746335805,126.7342752428,즉석판매제조가공업,즉석판매제조가공업,,,,N,,
,"경기도 시흥시 뱀내장터로 3-2, 1층 일부호 (대야동)",경기도 시흥시 대야동 498-24,14909,,37.4425917786,126.7854034644,즉석판매제조가공업,즉석판매제조가공업,,,,N,,
,"경기도 시흥시 월곶중앙로30번안길 33, 1층 일부호 (월곶동)",경기도 시흥시 월곶동 1008-1,14966,,37.3902167213,126.7396408538,즉석판매제조가공업,즉석판매제조가공업,,,,N,,
,"경기도 시흥시 능곡번영길 30, 113호 (능곡동)",경기도 시흥시 능곡동 212,14999,,37.3702036074,126.8066452799,즉석판매제조가공업,즉석판매제조가공업,,,0,N,,
,"경기도 시흥시 정왕천로411번길 38, 101호 (정왕동)",경기도 시흥시 정왕동 1187-10 101호,15052,031-432-2131,37.3464500393,126.7486742334,즉석판매제조가공업,즉석판매제조가공업,,,0,N,,
,"경기도 시흥시 오동마을로6번안길 30, 2층 일부호 (정왕동)",경기도 시흥시 정왕동 2323-7,15049,,37.3515743916,126.7451455633,즉석판매제조가공업,즉석판매제조가공업,,,,N,,
,경기도 시흥시 대야로23번길 11,경기도 시흥시 대야동 472 중앙빌딩 1층,14905,031-314-0270,37.445864518,126.7885264598,즉석판매제조가공업,즉석판매제조가공업,,,,N,,
,"경기도 시흥시 정왕대로 210 (정왕동, 이마트시화점 내)",경기도 시흥시 정왕동 1734-1,15066,,37.3459328804,126.7368812651,즉석판매제조가공업,즉석판매제조가공업,,,,N,,
,"경기도 시흥시 오동마을로5번길 13, 정산빌딩 1층 (정왕동)",경기도 시흥시 정왕동 2308-5 정산빌딩 1층호,15049,031-431-2524,37.3532855808,126.7435137908,즉석판매제조가공업,즉석판매제조가공업,,,,N,,
,"경기도 시흥시 도일로124번길 6, 1층 102호 (거모동, 뉴월드타운)",경기도 시흥시 거모동 1772-1 뉴월드타운,15069,,37.3413814471,126.7845572982,즉석판매제조가공업,즉석판매제조가공업,,,0,N,,
,"경기도 시흥시 배곧4로 106-25, 1145(근린생활시설2)동 1층 103호 일부호 (배곧동, 호반베르디움 센트로하임아파트)",경기도 시흥시 배곧동 174 호반베르디움 센트로하임아파트,15010,,37.3710543743,126.7341535116,즉석판매제조가공업,즉석판매제조가공업,,,0,N,,
,"경기도 시흥시 정왕대로 210 (정왕동, 이마트매장)",경기도 시흥시 정왕동 1734-1 이마트매장,15066,,37.3459328804,126.7368812651,즉석판매제조가공업,즉석판매제조가공업,,,0,N,,
,"경기도 시흥시 희망공원로 269 (정왕동, 홈플러스 시화점 내)",경기도 시흥시 정왕동 2166-4,15081,031-499-8347,37.3452082082,126.725237369,즉석판매제조가공업,즉석판매제조가공업,,,,N,,
,경기도 시흥시 마유로238번길 26,경기도 시흥시 정왕동 2366-4 GS마트 1층,15079,,37.3376271419,126.7306774357,즉석판매제조가공업,즉석판매제조가공업,,,0,N,,
,"경기도 시흥시 연성로29번길 32, 참이슬아파트 상가동 2층 212호 (하중동)",경기도 시흥시 하중동 855 참이슬아파트 상가동,14976,,37.3934899661,126.8057981954,즉석판매제조가공업,즉석판매제조가공업,,,,N,,
,,경기도 시흥시 도창동 118-5,14939,031-693-2383,37.4060868522,126.823738006,즉석판매제조가공업,즉석판매제조가공업,,,0,N,,
,"경기도 시흥시 배곧4로 32-13, 1층 일부호 (배곧동)",경기도 시흥시 배곧동 126,15010,02-845-4358,37.376956103,126.7268874805,즉석판매제조가공업,즉석판매제조가공업,,,,N,,
,경기도 시흥시 오이도어시장로 7,"경기도 시흥시 정왕동 2004-3 A동 45,46,47호",15015,,37.3451101492,126.6890880534,즉석판매제조가공업,즉석판매제조가공업,,,0,N,,
,경기도 시흥시 월곶해안로 133,"경기도 시흥시 월곶동 1013-12 화신시장 85,86,88,89,98,99,100,101,102호",14963,031-318-9724,37.3876563066,126.7353628154,즉석판매제조가공업,즉석판매제조가공업,,,0,N,,
,경기도 시흥시 월곶해안로 133,경기도 시흥시 월곶동 1013-12 108호,14963,031-435-9096,37.3876563066,126.7353628154,즉석판매제조가공업,즉석판매제조가공업,,,,N,,
,"경기도 시흥시 신천2길 13, 2층 (신천동)",경기도 시흥시 신천동 752-13,14948,,37.4390500225,126.7810398607,즉석판매제조가공업,즉석판매제조가공업,,,,N,,
,"경기도 시흥시 서울대학로278번길 67, 시흥배곧 롯데마트 (정왕동)",경기도 시흥시 정왕동 2537 시흥배곧 롯데마트,15011,,37.3688907319,126.7313182505,즉석판매제조가공업,즉석판매제조가공업,,,,N,,
,"경기도 시흥시 정왕대로 210 (정왕동, 이마트시화점내)",경기도 시흥시 정왕동 1734-1 이마트시화점내,15066,031-496-4051,37.3459328804,126.7368812651,즉석판매제조가공업,즉석판매제조가공업,,,0,N,,
,,경기도 시흥시 하중동 0 연성지구 27블럭 6롯트,,031-317-4577,,,즉석판매제조가공업,즉석판매제조가공업,,,,N,,
,"경기도 시흥시 군서로 38, 1층 (정왕동)",경기도 시흥시 정왕동 1204-8 1층,15052,,37.3456972154,126.7479365923,즉석판매제조가공업,즉석판매제조가공업,,,,N,,
,"경기도 시흥시 배곧1로 27-15, GS슈퍼 지하1층 (정왕동, 한라비발디캠퍼스)",경기도 시흥시 정왕동 2566 한라비발디캠퍼스,15011,,37.3636798562,126.7119931155,즉석판매제조가공업,즉석판매제조가공업,,,,N,,
,"경기도 시흥시 마유로238번길 26, 1층 일부호 (정왕동)",경기도 시흥시 정왕동 1366-4,15079,053-325-6005,37.3376271419,126.7306774357,즉석판매제조가공업,즉석판매제조가공업,,,,N,,
,"경기도 시흥시 서울대학로278번길 67 (정왕동, 롯데마트 배곧점)",경기도 시흥시 정왕동 1771-1,15011,,37.3688907319,126.7313182505,즉석판매제조가공업,즉석판매제조가공업,,,,N,,
,"경기도 시흥시 배곧4로 32-13, 상가 1층 (배곧동)",경기도 시흥시 배곧동 126,15010,,37.376956103,126.7268874805,즉석판매제조가공업,즉석판매제조가공업,,,,N,,
,경기도 시흥시 정왕천로411번길 25,경기도 시흥시 정왕동 1201,15052,031-319-8908,37.3456354342,126.7495629725,즉석판매제조가공업,즉석판매제조가공업,,,,N,,
,"경기도 시흥시 정왕대로 210, 세계로식자재마트 식품매장내 2층 (정왕동)",경기도 시흥시 정왕동 1734-2 성담스퀘어,15066,,37.3459328804,126.7368812651,즉석판매제조가공업,즉석판매제조가공업,,,,N,,
,"경기도 시흥시 능곡번영길 30, 센텀시티 406-1호 (능곡동)",경기도 시흥시 능곡동 898-5 센텀시티,14999,,37.3702036074,126.8066452799,즉석판매제조가공업,즉석판매제조가공업,,,0,N,,
,"경기도 시흥시 노루우물길 4, 3층 일부호 (장곡동)",경기도 시흥시 장곡동 906-2,15002,,37.3766151173,126.7859056624,즉석판매제조가공업,즉석판매제조가공업,,,,N,,
,경기도 시흥시 희망공원로 269,경기도 시흥시 정왕동 2166-4 홈플러스시화점(내),15081,031-310-8000,37.3452082082,126.725237369,즉석판매제조가공업,즉석판매제조가공업,,,0,N,,
,"경기도 시흥시 하상로8번길 2-1, 1층 (하상동)",경기도 시흥시 하상동 375-2 1층일부,14977,031-318-2314,37.3914671222,126.8128661402,즉석판매제조가공업,즉석판매제조가공업,,,,N,,
,경기도 시흥시 장곡로 17 (장곡동),경기도 시흥시 장곡동 823-6 108호,15002,031-404-1766,37.3790542572,126.7868087306,즉석판매제조가공업,즉석판매제조가공업,,,0,N,,
,"경기도 시흥시 월곶중앙로 33 (월곶동, 나-84)",경기도 시흥시 월곶동 1015-31 나-84,14963,031-318-2972,37.3873702521,126.7413301549,즉석판매제조가공업,즉석판매제조가공업,,,0,N,,
,경기도 시흥시 옥구천동로 422,경기도 시흥시 정왕동 1873-2 영남A2단지상가지하114,15027,031-498-5530,37.3581663617,126.7316083122,즉석판매제조가공업,즉석판매제조가공업,,,0,N,,
,"경기도 시흥시 정왕대로 210 (정왕동, 이마트시화점)",경기도 시흥시 정왕동 1734-1 이마트시화점,15066,031-496-4113,37.3459328804,126.7368812651,즉석판매제조가공업,즉석판매제조가공업,,,,N,,
,"경기도 시흥시 동서장곡길 55, 상가동 S001동 1층 104호 일부호 (장곡동, 시흥장현 19단지)",경기도 시흥시 장곡동 0 시흥장현 19단지,15002,,37.3819429139,126.78453357,즉석판매제조가공업,즉석판매제조가공업,,,0,N,,
,경기도 시흥시 마유로238번길 26,경기도 시흥시 정왕동 1366-4 엘지마트시화점,15079,031-496-7761,37.3376271419,126.7306774357,즉석판매제조가공업,즉석판매제조가공업,,,0,N,,
,"경기도 시흥시 서해안로 699, 시흥 프리미엄 아울렛 1층 4000호 (배곧동)",경기도 시흥시 배곧동 36 시흥 프리미엄 아울렛 테이스티빌리지,15010,,37.3796992102,126.7370588161,즉석판매제조가공업,즉석판매제조가공업,,,,N,,
,"경기도 시흥시 중심상가로 152, 107호 (정왕동)",경기도 시흥시 정왕동 1731-5 107호,15036,031-488-9990,37.3463743219,126.7326655793,즉석판매제조가공업,즉석판매제조가공업,,,,N,,
,경기도 시흥시 수인로 3310 (대야동),경기도 시흥시 대야동 418-26,14911,,37.4393796212,126.7908373828,즉석판매제조가공업,즉석판매제조가공업,,,0,N,,
,"경기도 시흥시 오이도로 173, 1층 122호 (정왕동)",경기도 시흥시 정왕동 2003-12,15015,,37.3454457514,126.6880796381,즉석판매제조가공업,즉석판매제조가공업,,,,N,,
,"경기도 시흥시 은행로 70, 1층 일부호 (은행동)",경기도 시흥시 은행동 105-14,14920,,37.4382320105,126.7963871509,즉석판매제조가공업,즉석판매제조가공업,,,,N,,
,"경기도 시흥시 월곶중앙로 90 (월곶동, 상가동 지하104호)",경기도 시흥시 월곶동 1010-4 상가동 지하 104호,14964,031-317-4273,37.3902457487,126.735754493,즉석판매제조가공업,즉석판매제조가공업,,상수도전용,0,N,,
,"경기도 시흥시 정왕대로 210, E MART시화점 1층 (정왕동)",경기도 시흥시 정왕동 1734-2 E MART시화점,15066,070-4438-5764,37.3459328804,126.7368812651,즉석판매제조가공업,즉석판매제조가공업,,,,N,,
,"경기도 시흥시 장곡로 35-1, 1층 103호 (장곡동)",경기도 시흥시 장곡동 822-1 예손교회 103호,15002,,37.3791952711,126.7847855754,즉석판매제조가공업,즉석판매제조가공업,,,,N,,
,"경기도 시흥시 매화1로 18, 1층 일부호 (매화동)",경기도 시흥시 매화동 244-22,14940,,37.4154537793,126.8130990832,즉석판매제조가공업,즉석판매제조가공업,,,,N,,
,"경기도 시흥시 서울대학로278번길 67, 롯데마트(시흥배곧점) 1층 (정왕동)",경기도 시흥시 정왕동 1771-1 롯데마트(시흥배곧점),15011,,37.3688907319,126.7313182505,즉석판매제조가공업,즉석판매제조가공업,,,,N,,
,"경기도 시흥시 검바위1로 66-30, 1층 103호 일부호 (은행동)",경기도 시흥시 은행동 248-91,14920,,37.4346871756,126.7974828593,즉석판매제조가공업,즉석판매제조가공업,,,,N,,
,경기도 시흥시 오이도어시장로 8,"경기도 시흥시 정왕동 2005-3 B동  177,178,189,190호",15015,,37.3446490932,126.6888897946,즉석판매제조가공업,즉석판매제조가공업,,,0,N,,
,"경기도 시흥시 정왕대로 210 (정왕동, 이마트내2층)",경기도 시흥시 정왕동 1734-1 이마트내2층,15066,031-433-9615,37.3459328804,126.7368812651,즉석판매제조가공업,즉석판매제조가공업,,,0,N,,
,경기도 시흥시 은행로167번길 12,경기도 시흥시 대야동 575-2 105호,14914,031-318-0305,37.445169185,126.7973509441,즉석판매제조가공업,즉석판매제조가공업,,,,N,,
,경기도 시흥시 마유로238번길 26 (정왕동),경기도 시흥시 정왕동 1366-4 롯데마트(시화점),15079,,37.3376271419,126.7306774357,즉석판매제조가공업,즉석판매제조가공업,,,,N,,
,경기도 시흥시 봉우순환로 25-7 (정왕동),경기도 시흥시 정왕동 2257-7,15047,031-499-8809,37.3591344594,126.7561473517,즉석판매제조가공업,즉석판매제조가공업,,,,N,,
,"경기도 시흥시 옥구천동로 402, 지하1층 일부호 (정왕동)",경기도 시흥시 정왕동 1873-3 월드아파트,15027,,37.3567512193,126.7302225709,즉석판매제조가공업,즉석판매제조가공업,,,,N,,
,"경기도 시흥시 동서로 287, 갯골생태공원 내 행사장 (장곡동)",경기도 시흥시 장곡동 724-32 갯골생태공원,14971,,37.3897919258,126.7812507272,즉석판매제조가공업,즉석판매제조가공업,,,,N,,
,"경기도 시흥시 검바위2로 52-9, 1층 일부호 (은행동)",경기도 시흥시 은행동 252-60,14920,070-8286-3915,37.4337584916,126.797435023,즉석판매제조가공업,즉석판매제조가공업,,,,N,,
,"경기도 시흥시 월곶중앙로 64, 풍산프라자 4층 일부호 (월곶동)",경기도 시흥시 월곶동 1009-1 풍산프라자,14966,,37.3891728802,126.7385104453,즉석판매제조가공업,즉석판매제조가공업,,,,N,,
,"경기도 시흥시 평안상가4길 21, 지1층 일부호 (정왕동)",경기도 시흥시 정왕동 1622-6,15062,031-433-7500,37.3377771272,126.7498217877,즉석판매제조가공업,즉석판매제조가공업,,,0,N,,
,"경기도 시흥시 신천로83번길 20, 1층 일부호 (신천동)",경기도 시흥시 신천동 762,14949,,37.4379580244,126.7837858536,즉석판매제조가공업,즉석판매제조가공업,,,,N,,
,"경기도 시흥시 은계번영길 28, 은계 디스퀘어 1층 115호 (은행동)",경기도 시흥시 은행동 645-5 은계 디스퀘어,14922,,37.4365417418,126.803196503,즉석판매제조가공업,즉석판매제조가공업,,,,N,,
,"경기도 시흥시 역전로 308 (정왕동, 마동)",경기도 시흥시 정왕동 2304-10 마동,15024,,37.3529295253,126.7385944378,즉석판매제조가공업,즉석판매제조가공업,,,,N,,
,"경기도 시흥시 옥구공원로 183, 1층 (정왕동)",경기도 시흥시 정왕동 1733-4 1층호,15036,031-338-3909,37.3450091694,126.732035946,즉석판매제조가공업,즉석판매제조가공업,,,,N,,
,"경기도 시흥시 은계호수로 49, 시흥 센트럴돔 그랑트리 캐슬 1층 1029호 (은행동)",경기도 시흥시 은행동 605 시흥 센트럴돔 그랑트리 캐슬,14923,,37.4458457243,126.8020023203,즉석판매제조가공업,즉석판매제조가공업,,,,N,,
,"경기도 시흥시 한우물로 52, 1층 일부호 (거모동)",경기도 시흥시 거모동 1728-7 주신프라자,15071,,37.3470060849,126.7830813588,즉석판매제조가공업,즉석판매제조가공업,,,,N,,
,"경기도 시흥시 배곧4로 32-13, 일부호 (배곧동)",경기도 시흥시 배곧동 126,15010,032-573-4358,37.376956103,126.7268874805,즉석판매제조가공업,즉석판매제조가공업,,,,N,,
,"경기도 시흥시 서울대학로278번길 67, 시흥배곧 롯데마트 1층 일부호 (배곧동)",경기도 시흥시 배곧동 202 시흥배곧 롯데마트 1층(계산대 부근) 일부호,15011,,37.3688907319,126.7313182505,즉석판매제조가공업,즉석판매제조가공업,,,,N,,
,경기도 시흥시 봉우재로23번길 1,경기도 시흥시 정왕동 1618-0,15056,031-431-5949,37.3451001612,126.7433588293,즉석판매제조가공업,즉석판매제조가공업,,,0,N,,
,"경기도 시흥시 정왕대로 64 (정왕동, 메가쇼핑몰110호)",경기도 시흥시 정왕동 1861-2 메가쇼핑몰110호,15040,031-434-2788,37.3542557561,126.7235297297,즉석판매제조가공업,즉석판매제조가공업,,,0,N,,
,"경기도 시흥시 방산가마터길 9-10, 가동 1층 (방산동)",경기도 시흥시 방산동 305-3,14955,,37.4200192177,126.7716949305,즉석판매제조가공업,즉석판매제조가공업,,,,N,,
,경기도 시흥시 희망공원로 269,경기도 시흥시 정왕동 2166-4 홈플러스 시화점,15081,031-310-8000,37.3452082082,126.725237369,즉석판매제조가공업,즉석판매제조가공업,,,,N,,
,경기도 시흥시 새재로17번길 3,경기도 시흥시 장현동 543-1 (1층),14998,031-318-2501,37.3810543546,126.8017561503,즉석판매제조가공업,즉석판매제조가공업,,,,N,,
,"경기도 시흥시 서울대학로278번길 70, 배곧두손지젤타워 B동 101호 (배곧동)",경기도 시흥시 배곧동 206-3 배곧두손지젤타워,15011,,37.3680122208,126.7320612827,즉석판매제조가공업,즉석판매제조가공업,,,,N,,
,경기도 시흥시 월곶해안로 133,"경기도 시흥시 월곶동 1013-12 169,170호",14963,031-317-2474,37.3876563066,126.7353628154,즉석판매제조가공업,즉석판매제조가공업,,,0,N,,
,,"경기도 시흥시 정왕동 58-2 3,4 세종프라자 1층 115호",15119,031-433-4466,,,즉석판매제조가공업,즉석판매제조가공업,,,0,N,,
,"경기도 시흥시 인선길 79, 매꼴마을삼성아파트 상가동 2층 206호 (장곡동)",경기도 시흥시 장곡동 805 매꼴마을삼성아파트,15002,,37.3780472762,126.779792833,즉석판매제조가공업,즉석판매제조가공업,,,0,N,,
,,경기도 시흥시 거모동 48-14 48브럭14로트,15043,031-494-7916,,,즉석판매제조가공업,즉석판매제조가공업,,,0,N,,
,"경기도 시흥시 배곧전원로 12-5, 1층 101호 (정왕동)",경기도 시흥시 정왕동 2428-1,15010,,37.3789391912,126.7269010085,즉석판매제조가공업,즉석판매제조가공업,,,,N,,
,"경기도 시흥시 은계중앙로 115, 상가동 1층 108호 일부호 (은행동, 시흥은계우미린더퍼스트)",경기도 시흥시 은행동 621 시흥은계우미린더퍼스트,14923,031-527-9217,37.4399621001,126.803910867,즉석판매제조가공업,즉석판매제조가공업,,,,N,,
,"경기도 시흥시 정왕대로27번길 11, 신동아아파트 상가동 2층 205호 (정왕동)",경기도 시흥시 정왕동 1940-2 신동아아파트,15029,,37.3577492929,126.7215854217,즉석판매제조가공업,즉석판매제조가공업,,,,N,,
,경기도 시흥시 월곶해안로 133,경기도 시흥시 월곶동 1013-12 화신수산시장 62~66호,14963,,37.3876563066,126.7353628154,즉석판매제조가공업,즉석판매제조가공업,,,0,N,,
,"경기도 시흥시 신흥마을1길 10, 1층 (신천동)",경기도 시흥시 신천동 817-5 1층,14947,,37.4388354786,126.7783741604,즉석판매제조가공업,즉석판매제조가공업,,,,N,,
,경기도 시흥시 서촌상가1길 11 (정왕동),경기도 시흥시 정왕동 1727-7,15036,031-497-2722,37.347583394,126.7328565,즉석판매제조가공업,즉석판매제조가공업,,,,N,,
,경기도 시흥시 정왕대로 210 (정왕동),경기도 시흥시 정왕동 1734-2,15066,070-4027-7288,37.3459328804,126.7368812651,즉석판매제조가공업,즉석판매제조가공업,,,,N,,
,경기도 시흥시 승지로 75,경기도 시흥시 능곡동 542 지에스마트,14994,,37.3707763217,126.8105589696,즉석판매제조가공업,즉석판매제조가공업,,,0,N,,
,"경기도 시흥시 은계중앙로 214, 은계호수공원 일원 (은행동)",경기도 시흥시 은행동 0 은계호수 수변공원 2 관리소 및 화장실,14923,,37.4439308794,126.8059202725,즉석판매제조가공업,즉석판매제조가공업,,,,N,,
,"경기도 시흥시 희망공원로 269, 2층 (정왕동, 홈플러스시화점)",경기도 시흥시 정왕동 2166-4 홈플러스 2층,15081,031-795-0397,37.3452082082,126.725237369,즉석판매제조가공업,즉석판매제조가공업,,,0,N,,
,경기도 시흥시 수인로3409번길 18,경기도 시흥시 신천동 748-1,14947,031-313-4384,37.4403126031,126.7796712697,즉석판매제조가공업,즉석판매제조가공업,,,0,N,,
,"경기도 시흥시 평안상가1길 1, 한샘마트 일부호 (정왕동)",경기도 시흥시 정왕동 1622,15062,032-324-7694,37.3388673438,126.7483320831,즉석판매제조가공업,즉석판매제조가공업,,,,N,,
,"경기도 시흥시 정왕대로 210 (정왕동, 이마트 시화점 2층)",경기도 시흥시 정왕동 1734-1 이마트 시화점 2층,15066,031-858-1226,37.3459328804,126.7368812651,즉석판매제조가공업,즉석판매제조가공업,,,,N,,
,경기도 시흥시 금오로 361 (과림동),경기도 시흥시 과림동 483-3,14932,02-2615-3310,37.4348395391,126.833121243,즉석판매제조가공업,즉석판매제조가공업,,,0,N,,
,"경기도 시흥시 은행로 122, 상가동 지하층 2호 (은행동, 대우아파트)",경기도 시흥시 은행동 546 대우아파트,14916,,37.4419399728,126.7999924856,즉석판매제조가공업,즉석판매제조가공업,,,0,N,,
,"경기도 시흥시 은계중앙로 115 (은행동, 시흥은계우미린더퍼스트)",경기도 시흥시 은행동 47-1 시흥은계우미린더퍼스트,14923,,,,즉석판매제조가공업,즉석판매제조가공업,,,,N,,
,"경기도 시흥시 능곡로 182, 홈플러스익스프레스능곡점 1 층 일부호 (능곡동)",경기도 시흥시 능곡동 753 신성프라자,14995,,37.3682632809,126.8108643032,즉석판매제조가공업,즉석판매제조가공업,,,,N,,
,"경기도 시흥시 마유로238번길 26 (정왕동, 롯데마트 내)",경기도 시흥시 정왕동 1366-3,15079,,37.3376271419,126.7306774357,즉석판매제조가공업,즉석판매제조가공업,,,,N,,
,"경기도 시흥시 마유로238번길 26, 1층 (정왕동, 롯데마트시화점 내)",경기도 시흥시 정왕동 1366-4,15079,031-355-1542,37.3376271419,126.7306774357,즉석판매제조가공업,즉석판매제조가공업,,,,N,,
,"경기도 시흥시 오이도로 173, B동 153,154호 (정왕동,오이도수산물직판장)","경기도 시흥시 정왕동 2003-12 오이도수산물직판장 B동 153,154호",15015,031-498-6892,37.3454457514,126.6880796381,즉석판매제조가공업,즉석판매제조가공업,,,,N,,
,"경기도 시흥시 은행로149번길 18, 청암빌딩 1층 일부호 (은행동)",경기도 시흥시 은행동 537-2 청암빌딩,14917,,37.4439908912,126.7977689372,즉석판매제조가공업,즉석판매제조가공업,,,0,N,,
,"경기도 시흥시 배곧4로 32-32, 1층 일부호 (배곧동)",경기도 시흥시 배곧동 118,15010,,37.3783990725,126.7256302267,즉석판매제조가공업,즉석판매제조가공업,,,,N,,
,,경기도 시흥시 대야동 542 코오롱마트 (내),,031-315-7553,,,즉석판매제조가공업,즉석판매제조가공업,,,0,N,,
,,경기도 시흥시 신천동 32-8,14950,031-314-0466,,,즉석판매제조가공업,즉석판매제조가공업,,,0,N,,
,경기도 시흥시 월곶해안로 133,경기도 시흥시 월곶동 1013-12 화신시장 173호,14963,031-318-4904,37.3876563066,126.7353628154,즉석판매제조가공업,즉석판매제조가공업,,,0,N,,
,경기도 시흥시 대야로3번길 19 (대야동),경기도 시흥시 대야동 486-2,14909,031-319-5579,37.4445742402,126.7868090276,즉석판매제조가공업,즉석판매제조가공업,,,0,N,,
,"경기도 시흥시 서울대학로278번길 26, 시흥배곧 아브뉴프랑 센트럴 오렌지 3층 315호 (정왕동)",경기도 시흥시 정왕동 1771-31 시흥배곧 아브뉴프랑 센트럴 오렌지 315호,15011,,37.368904127,126.7278397154,즉석판매제조가공업,즉석판매제조가공업,,,,N,,
,"경기도 시흥시 군자로492번길 11, 3층 일부호 (거모동)",경기도 시흥시 거모동 1735-1 시흥주왕교회,15071,,37.3457449219,126.7832062506,즉석판매제조가공업,즉석판매제조가공업,,,,N,,
,경기도 시흥시 마유로238번길 26,경기도 시흥시 정왕동 1366-4 1층,15079,,37.3376271419,126.7306774357,즉석판매제조가공업,즉석판매제조가공업,,,0,N,,
,"경기도 시흥시 함송로14번길 30, 1층 일부호 (정왕동)",경기도 시흥시 정왕동 1886-2,15021,,37.3621873145,126.72897004,즉석판매제조가공업,즉석판매제조가공업,,,,N,,
,"경기도 시흥시 금오로477번길 5-1, 1층 일부호 (과림동)",경기도 시흥시 과림동 286-1,14926,,37.4452508696,126.8300443122,즉석판매제조가공업,즉석판매제조가공업,,,,N,,
,경기도 시흥시 신천1길 5-1,경기도 시흥시 신천동 757-6,14948,031-318-0970,37.4394780341,126.7817592305,즉석판매제조가공업,즉석판매제조가공업,,,0,N,,
,"경기도 시흥시 거북섬남로 11, 104동 1008호 일부호 (정왕동, 파라곤 센트럴 오션시티)",경기도 시흥시 정왕동 2711 파라곤 센트럴 오션시티,15119,,37.3247620893,126.6858529931,즉석판매제조가공업,즉석판매제조가공업,,,,N,,
,"경기도 시흥시 군서로18번길 13-1, 1층 (정왕동)",경기도 시흥시 정왕동 1191-6,15052,,37.3456139776,126.750443808,즉석판매제조가공업,즉석판매제조가공업,,,,N,,
,"경기도 시흥시 월곶중앙로58번길 5-6, 1층 112호 (월곶동)",경기도 시흥시 월곶동 1008,14966,,37.3892864167,126.7393452427,즉석판매제조가공업,즉석판매제조가공업,,,,N,,
,"경기도 시흥시 목감둘레로 80, 근린생활시설 120동 1층 107호 (산현동, 호반베르디움 더숲)",경기도 시흥시 산현동 520 호반베르디움 더숲,14989,,37.3700874299,126.8480266237,즉석판매제조가공업,즉석판매제조가공업,,,0,N,,
,"경기도 시흥시 옥구천동로 402 (정왕동, GS리테일시흥정왕점)",경기도 시흥시 정왕동 1873-3,15027,,37.3567512193,126.7302225709,즉석판매제조가공업,즉석판매제조가공업,,,,N,,
,"경기도 시흥시 하중로209번길 8-10, 1층 (하중동)",경기도 시흥시 하중동 864-3 한국검도,14976,,37.3924837398,126.8063610325,즉석판매제조가공업,즉석판매제조가공업,,,,N,,
,"경기도 시흥시 군자로504번길 1 (거모동, 보성(빌)지하1층)",경기도 시흥시 거모동 1742-1 보성(빌)지하1층,15070,031-493-7611,37.3449417984,126.7845460989,즉석판매제조가공업,즉석판매제조가공업,,,0,N,,
,경기도 시흥시 수인로3247번길 70 (은행동),경기도 시흥시 은행동 261-1,14921,031-318-5059,37.4325444108,126.7978984952,즉석판매제조가공업,즉석판매제조가공업,,,0,N,,
,"경기도 시흥시 정왕대로337번길 34, 1층 일부호 (정왕동)",경기도 시흥시 정왕동 1411,15059,,37.3418775313,126.7511131576,즉석판매제조가공업,즉석판매제조가공업,,,,N,,
,"경기도 시흥시 삼미시장1길 37, 210호 (신천동)",경기도 시흥시 신천동 743-2,14948,,37.4409700615,126.782547579,즉석판매제조가공업,즉석판매제조가공업,,,,N,,
,경기도 시흥시 수인로 2797,경기도 시흥시 도창동 121-10 (1층),14939,070-7784-7733,37.407390885,126.8247997219,즉석판매제조가공업,즉석판매제조가공업,,,,N,,
,"경기도 시흥시 군자로465번안길 13, 102호 (거모동)",경기도 시흥시 거모동 1719-6 102호,15068,031-494-1247,37.3485115704,126.7846025493,즉석판매제조가공업,즉석판매제조가공업,,,,N,,
,경기도 시흥시 비둘기공원로 28,경기도 시흥시 대야동 542,14912,031-435-7550,37.4430368253,126.7919559438,즉석판매제조가공업,즉석판매제조가공업,,,,N,,
,경기도 시흥시 월곶해안로 133,경기도 시흥시 월곶동 1013-12 127호,14963,031-318-8851,37.3876563066,126.7353628154,즉석판매제조가공업,즉석판매제조가공업,,,0,N,,
,"경기도 시흥시 정왕대로 210, E MART시화점 2층 (정왕동)",경기도 시흥시 정왕동 1734-2 E MART시화점,15066,031-768-1373,37.3459328804,126.7368812651,즉석판매제조가공업,즉석판매제조가공업,,,,N,,
,"경기도 시흥시 삼미시장1길 37, 2층 210호 일부호 (신천동)",경기도 시흥시 신천동 743-2,14948,,37.4409700615,126.782547579,즉석판매제조가공업,즉석판매제조가공업,,,0,N,,
,"경기도 시흥시 옥구공원로 183, 1층 일부호 (정왕동)",경기도 시흥시 정왕동 1733-4,15036,070-8894-5094,37.3450091694,126.732035946,즉석판매제조가공업,즉석판매제조가공업,,,,N,,
,경기도 시흥시 복지로71번길 27-1,경기도 시흥시 대야동 465-0,14905,031-692-1355,37.4467959505,126.787534083,즉석판매제조가공업,즉석판매제조가공업,,,0,N,,
,,경기도 시흥시 신천동 37-13,,031-693-9114,,,즉석판매제조가공업,즉석판매제조가공업,,,0,N,,
,경기도 시흥시 신천3길 28-11,경기도 시흥시 신천동 759-20,14948,031-692-3468,37.4391789339,126.782971627,즉석판매제조가공업,즉석판매제조가공업,,,0,N,,
,"경기도 시흥시 관곡지로 139, 연꽃테마파크 (하중동)",경기도 시흥시 하중동 271 시흥시농업기술센터,14973,,37.4006890149,126.808386896,즉석판매제조가공업,즉석판매제조가공업,,,,N,,
,,경기도 시흥시 거모동 1659,,031-494-5020,,,즉석판매제조가공업,즉석판매제조가공업,,상수도전용,0,N,,
,"경기도 시흥시 정왕대로 210, 1층 (정왕동, 시화이마트)",경기도 시흥시 정왕동 1734-1,15066,,37.3459328804,126.7368812651,즉석판매제조가공업,즉석판매제조가공업,,,,N,,
,"경기도 시흥시 정왕대로 210, 2층 (정왕동, 시화이마트)",경기도 시흥시 정왕동 1734-1,15066,031-858-1226,37.3459328804,126.7368812651,즉석판매제조가공업,즉석판매제조가공업,,,,N,,
,"경기도 시흥시 비둘기공원로 28 (대야동, 롯데마트 수산코너)",경기도 시흥시 대야동 542 롯데마트,14912,051-717-2950,37.4430368253,126.7919559438,즉석판매제조가공업,즉석판매제조가공업,,,,N,,
,경기도 시흥시 대은로104번길 8-1,경기도 시흥시 은행동 529-1,14916,031-404-0293,37.4448949232,126.799738856,즉석판매제조가공업,즉석판매제조가공업,,,0,N,,
,"경기도 시흥시 마유로238번길 26, 1층 일부호 (정왕동)",경기도 시흥시 정왕동 1366-4,15079,031-496-7700,37.3376271419,126.7306774357,즉석판매제조가공업,즉석판매제조가공업,,,,N,,
,"경기도 시흥시 희망공원로 269, 홈플러스시화점 2층 일부호 (정왕동)",경기도 시흥시 정왕동 2166-4 홈플러스시화점,15081,031-792-9029,37.3452082082,126.725237369,즉석판매제조가공업,즉석판매제조가공업,,,,N,,
,"경기도 시흥시 희망공원로 269 (정왕동, 홈플러스시화점 2층)",경기도 시흥시 정왕동 2166-4 홈플러스시화점 2층,15081,,37.3452082082,126.725237369,즉석판매제조가공업,즉석판매제조가공업,,,,N,,
,경기도 시흥시 은행로149번길 8,경기도 시흥시 은행동 533 행림빌딩 1층 118호,14917,031-313-3755,37.4443110478,126.798557286,즉석판매제조가공업,즉석판매제조가공업,,,0,N,,
,"경기도 시흥시 정왕천로439번길 1, 화춘마트 1층 (정왕동)",경기도 시흥시 정왕동 1172-6,15052,,37.3463653815,126.7538120902,즉석판매제조가공업,즉석판매제조가공업,,,,N,,
,"경기도 시흥시 정왕대로 210, 1층 (정왕동, 이마트시화점)",경기도 시흥시 정왕동 1734-1 이마트시화점,15066,031-858-1226,37.3459328804,126.7368812651,즉석판매제조가공업,즉석판매제조가공업,,,,N,,
,"경기도 시흥시 미산로 131, 유일고무 지하1층 일부호 (미산동)",경기도 시흥시 미산동 347-9 유일고무,14944,,37.4185480532,126.7936556993,즉석판매제조가공업,즉석판매제조가공업,,,,N,,
,"경기도 시흥시 월곶해안로 133, 76,91,92,93호 (월곶동, 화신수산시장)","경기도 시흥시 월곶동 1013-12 화신수산시장 76,91,92,93호",14963,031-404-2242,37.3876563066,126.7353628154,즉석판매제조가공업,즉석판매제조가공업,,,0,N,,
,,경기도 시흥시 정왕동 0-0 시화지구세종프라자지하(유나마트),15119,031-431-6243,,,즉석판매제조가공업,즉석판매제조가공업,,,0,N,,
,"경기도 시흥시 옥구천동로 402, GS슈퍼마켓 (정왕동)",경기도 시흥시 정왕동 1873-3 월드아파트,15027,,37.3567512193,126.7302225709,즉석판매제조가공업,즉석판매제조가공업,,,,N,,
,"경기도 시흥시 마유로238번길 26, 롯데마트 시화점 1층 신선식품 수산코너 (정왕동)",경기도 시흥시 정왕동 1366-4,15079,,37.3376271419,126.7306774357,즉석판매제조가공업,즉석판매제조가공업,,,,N,,
,"경기도 시흥시 월곶해안로 133, 152호 (월곶동, 화신수산시장)",경기도 시흥시 월곶동 1013-12 화신수산시장 152호,14963,031-317-3363,37.3876563066,126.7353628154,즉석판매제조가공업,즉석판매제조가공업,,,0,N,,
,경기도 시흥시 대야로3번길 1,경기도 시흥시 대야동 489-3,14909,031-312-6341,37.4438636199,126.7885454073,즉석판매제조가공업,즉석판매제조가공업,,,0,N,,
,경기도 시흥시 희망공원로 269,경기도 시흥시 정왕동 2166-4 홈플러스 2층,15081,031-310-8000,37.3452082082,126.725237369,즉석판매제조가공업,즉석판매제조가공업,,,,N,,
,"경기도 시흥시 서울대학로278번길 67, 1층 (정왕동, 롯데마트)",경기도 시흥시 정왕동 1771-1 롯데마트 1층,15011,,37.3688907319,126.7313182505,즉석판매제조가공업,즉석판매제조가공업,,,,N,,
,"경기도 시흥시 하상로 14-6, 1층 (하상동)",경기도 시흥시 하상동 371-3 1층,14977,,37.391739749,126.813247749,즉석판매제조가공업,즉석판매제조가공업,,,0,N,,
,"경기도 시흥시 신천6길 13, 1층 101호 일부호 (신천동, 삼성그린빌)",경기도 시흥시 신천동 834-9 삼성그린빌,14948,,37.4372901395,126.7806723678,즉석판매제조가공업,즉석판매제조가공업,,,,N,,
,"경기도 시흥시 옥구상가1길 15-1, 6층 1호 (정왕동)",경기도 시흥시 정왕동 1857-6 청한빌딩,15040,,37.3536150496,126.7220458904,즉석판매제조가공업,즉석판매제조가공업,,,,N,,
,"경기도 시흥시 복지로 15, 상가동 101호 (신천동, 대우푸르지오 5차)",경기도 시흥시 신천동 709-32 대우푸르지오 5차 상가동 101호,14910,,37.4416793445,126.7865538933,즉석판매제조가공업,즉석판매제조가공업,,,0,N,,
,경기도 시흥시 비둘기공원로 28,경기도 시흥시 대야동 542-0 코오롱마트,14912,031-318-6413,37.4430368253,126.7919559438,즉석판매제조가공업,즉석판매제조가공업,,,0,N,,
,"경기도 시흥시 옥구천동로 456, 신한아파트 상가동 1층 111호 일부호 (정왕동)",경기도 시흥시 정왕동 1874-1 신한아파트,15023,,37.36065147,126.733976935,즉석판매제조가공업,즉석판매제조가공업,,,0,N,,
,"경기도 시흥시 도일로135번길 42, 상가동 1층 105호 (거모동, 아주아파트)",경기도 시흥시 거모동 1735-2 아주아파트,15071,031-495-9153,37.3452147847,126.7834822499,즉석판매제조가공업,즉석판매제조가공업,,,,N,,
,"경기도 시흥시 옥구공원로 183, 원플러스마트서부시화점 일부호 (정왕동)",경기도 시흥시 정왕동 1733-4,15036,,37.3450091694,126.732035946,즉석판매제조가공업,즉석판매제조가공업,,,,N,,
,"경기도 시흥시 수인로2421번길 8, 1층 (논곡동)",경기도 시흥시 논곡동 242-1 1층,14982,031-405-8942,37.3941002432,126.8563143058,즉석판매제조가공업,즉석판매제조가공업,,,0,N,,
,경기도 시흥시 은행로 130,경기도 시흥시 은행동 539-4 103호,14916,,37.4427062854,126.8000192604,즉석판매제조가공업,즉석판매제조가공업,,,0,N,,
,경기도 시흥시 오이도로 173,경기도 시흥시 정왕동 2003-12 오이도수산물직판장 B동 137호,15015,031-433-1151,37.3454457514,126.6880796381,즉석판매제조가공업,즉석판매제조가공업,,,0,N,,
,,경기도 시흥시 정왕동 1873-3 월드아파트주상가 지02호,15027,,37.3567512193,126.7302225709,즉석판매제조가공업,즉석판매제조가공업,,,,N,,
,"경기도 시흥시 정왕대로 210, 2층 (정왕동)",경기도 시흥시 정왕동 1734-1,15066,,37.3459328804,126.7368812651,즉석판매제조가공업,즉석판매제조가공업,,상수도전용,,N,,
,경기도 시흥시 정왕시장길 52,경기도 시흥시 정왕동 1202,15052,031-319-8908,37.3455685452,126.7489652672,즉석판매제조가공업,즉석판매제조가공업,,,,N,,
,"경기도 시흥시 능곡로 182, 신성프라자 1층 홈플러스익스프레스 능곡점 일부호 (능곡동)",경기도 시흥시 능곡동 753 신성프라자,14995,,37.3682632809,126.8108643032,즉석판매제조가공업,즉석판매제조가공업,,,,N,,
,"경기도 시흥시 배곧1로 27-15, 상가동 지하1층 (정왕동, 한라비발디캠퍼스)",경기도 시흥시 정왕동 2566 한라비발디캠퍼스,15011,051-783-1488,37.3636798562,126.7119931155,즉석판매제조가공업,즉석판매제조가공업,,,,N,,
,경기도 시흥시 정왕천로375번길 56-7,경기도 시흥시 정왕동 1572,15057,031-431-3666,37.3451566771,126.746564609,즉석판매제조가공업,즉석판매제조가공업,,,0,N,,
,"경기도 시흥시 중심상가1길 18, 가동 1층 일부호 (정왕동)",경기도 시흥시 정왕동 1745-5 주차타워,15066,031-499-1818,37.3429668883,126.7354097614,즉석판매제조가공업,즉석판매제조가공업,,,0,N,,
,"경기도 시흥시 은계번영길 9, 골드웨이Ⅰ 220호 (은행동)",경기도 시흥시 은행동 646-4 골드웨이Ⅰ,14922,,37.4375240428,126.8016387672,즉석판매제조가공업,즉석판매제조가공업,,,0,N,,
,"경기도 시흥시 하중로136번길 24, 1층 일부호 (하중동)",경기도 시흥시 하중동 833-5,14975,031-8044-0427,37.3991699779,126.7984020451,즉석판매제조가공업,즉석판매제조가공업,,,0,N,,
,"경기도 시흥시 장곡로53번길 15, 1층 일부호 (장곡동)",경기도 시흥시 장곡동 810-8,15002,,37.378102203,126.7828984096,즉석판매제조가공업,즉석판매제조가공업,,,0,N,,
,"경기도 시흥시 중심상가2길 22 (정왕동, 로즈(프)101호)",경기도 시흥시 정왕동 1738-1 로즈(프)101호,15066,031-433-3003,37.3449097544,126.7375690142,즉석판매제조가공업,즉석판매제조가공업,,,,N,,
,"경기도 시흥시 오이도로 167, A동 10호 (정왕동,오이도수산물직판매장)",경기도 시흥시 정왕동 2003-8 오이도수산물직판매장 A동 10호,15015,,37.3458883179,126.6882103529,즉석판매제조가공업,즉석판매제조가공업,,,,N,,
,"경기도 시흥시 서해안로 1597, 1층일부호 (대야동)",경기도 시흥시 대야동 376-33 1층일부호,14902,,37.4477410989,126.7858293121,즉석판매제조가공업,즉석판매제조가공업,,,0,N,,
,경기도 시흥시 마유로 400-30,경기도 시흥시 정왕동 1811-3 진영상가103호,15054,031-497-6666,37.3504085948,126.743260392,즉석판매제조가공업,즉석판매제조가공업,,,0,N,,
,경기도 시흥시 마유로238번길 26,경기도 시흥시 정왕동 1366-4,15079,031-496-7760,37.3376271419,126.7306774357,즉석판매제조가공업,즉석판매제조가공업,,,0,N,,
,경기도 시흥시 오이도어시장로 8,경기도 시흥시 정왕동 2005-3 B동 163호,15015,031-433-8931,37.3446490932,126.6888897946,즉석판매제조가공업,즉석판매제조가공업,,,0,N,,
,,경기도 시흥시 신천동 82-5,14950,031-693-7301,,,즉석판매제조가공업,즉석판매제조가공업,,,0,N,,
,"경기도 시흥시 오이도9길 18, 1층 일부호 (정왕동)",경기도 시흥시 정왕동 2042-2,15015,031-434-2251,37.3410602157,126.6886800312,즉석판매제조가공업,즉석판매제조가공업,,,,N,,
,"경기도 시흥시 은계호수로 49, 시흥 센트럴돔 그랑트리 캐슬 3층 3026호 일부호 (은행동)",경기도 시흥시 은행동 605 시흥 센트럴돔 그랑트리 캐슬,14923,,37.4458457243,126.8020023203,즉석판매제조가공업,즉석판매제조가공업,,,0,N,,
,경기도 시흥시 복지로53번길 9 (대야동),경기도 시흥시 대야동 488-6,14909,031-313-0355,37.4444850444,126.7884603886,즉석판매제조가공업,즉석판매제조가공업,,,0,N,,
,"경기도 시흥시 삼미시장3길 8, 함천빌딩 5층 501호 (신천동)",경기도 시흥시 신천동 736-5 함천빌딩,14948,,37.4396835573,126.7844363539,즉석판매제조가공업,즉석판매제조가공업,,,0,N,,
,"경기도 시흥시 서울대학로278번길 61, 서영베니스스퀘어 3층 334-1호 일부호 (배곧동)",경기도 시흥시 배곧동 204 서영베니스스퀘어,15011,,37.3681926149,126.7306929431,즉석판매제조가공업,즉석판매제조가공업,,,0,N,,
,"경기도 시흥시 서울대학로278번길 67, 롯데마트(시흥배곧점) 1층 (배곧동)",경기도 시흥시 배곧동 203 롯데마트(시흥배곧점),15011,051-717-2950,37.3688907319,126.7313182505,즉석판매제조가공업,즉석판매제조가공업,,,,N,,
,경기도 시흥시 마유로238번길 26,경기도 시흥시 정왕동 1366-4 GS마트(내),15079,031-496-7740,37.3376271419,126.7306774357,즉석판매제조가공업,즉석판매제조가공업,,,0,N,,
,"경기도 시흥시 신천로79번길 8, B동 102호 (신천동, 프라임빌)",경기도 시흥시 신천동 763-13 프라임빌,14949,,37.4375161298,126.7852369568,즉석판매제조가공업,즉석판매제조가공업,,,,N,,
,경기도 시흥시 군서마을로 24 (정왕동),경기도 시흥시 정왕동 1213-13,15052,,37.3445771012,126.7489751421,즉석판매제조가공업,즉석판매제조가공업,,,0,N,,
,경기도 시흥시 비둘기공원로 28,경기도 시흥시 대야동 542 롯데마트  1층,14912,,37.4430368253,126.7919559438,즉석판매제조가공업,즉석판매제조가공업,,,0,N,,
,경기도 시흥시 마유로238번길 26,경기도 시흥시 정왕동 1366-4 롯데마트내,15079,,37.3376271419,126.7306774357,즉석판매제조가공업,즉석판매제조가공업,,,,N,,
,경기도 시흥시 월곶해안로 133,"경기도 시흥시 월곶동 1013-12 163,164,165,166",14963,031-317-8188,37.3876563066,126.7353628154,즉석판매제조가공업,즉석판매제조가공업,,,,N,,
,"경기도 시흥시 비둘기공원7길 45, 208호 (대야동, 트윈프라자)",경기도 시흥시 대야동 545-1 트윈프라자 208호,14912,031-318-1120,37.4420193646,126.7921350993,즉석판매제조가공업,즉석판매제조가공업,,,,N,,
,경기도 시흥시 오이도어시장로 8,경기도 시흥시 정왕동 2005-3 B동 10호 11호,15015,,37.3446490932,126.6888897946,즉석판매제조가공업,즉석판매제조가공업,,,0,N,,
,경기도 시흥시 오이도어시장로 8,경기도 시흥시 정왕동 2005-3 오이도종합어시장 B-92,15015,031-432-4890,37.3446490932,126.6888897946,즉석판매제조가공업,즉석판매제조가공업,,상수도전용,0,N,,
,"경기도 시흥시 군서마을로 72-1, 1층 일부호 (정왕동)",경기도 시흥시 정왕동 1838-14,15053,,37.3472985731,126.7446238594,즉석판매제조가공업,즉석판매제조가공업,,,,N,,
,경기도 시흥시 마유로238번길 26,경기도 시흥시 정왕동 1366-4 엘지마트내,15079,031-496-7745,37.3376271419,126.7306774357,즉석판매제조가공업,즉석판매제조가공업,,,0,N,,
,"경기도 시흥시 정왕대로 210, 2층 (정왕동)",경기도 시흥시 정왕동 1734-1,15066,02-3397-6283,37.3459328804,126.7368812651,즉석판매제조가공업,즉석판매제조가공업,,,,N,,
,"경기도 시흥시 은행로149번길 1, 상가동 202호 (은행동, 성원아파트)",경기도 시흥시 은행동 538-2 성원아파트 상가동 202호,14917,,37.4441537742,126.7993953133,즉석판매제조가공업,즉석판매제조가공업,,,,N,,
,"경기도 시흥시 하상로 14-6, 1층 일부호 (하상동)",경기도 시흥시 하상동 371-3,14977,,37.391739749,126.813247749,즉석판매제조가공업,즉석판매제조가공업,,,0,N,,
,"경기도 시흥시 목감둘레로 253-24, 이지움 더테라스 2층 226호 일부호 (조남동)",경기도 시흥시 조남동 707-1 이지움 더테라스,14986,,37.380972798,126.8606510065,즉석판매제조가공업,즉석판매제조가공업,,,,N,,
,경기도 시흥시 인선길 77 (장곡동),경기도 시흥시 장곡동 805,15002,031-317-0359,37.378359915,126.7793267502,즉석판매제조가공업,즉석판매제조가공업,,,0,N,,
,경기도 시흥시 정왕대로 174,경기도 시흥시 정왕동 1726-1 광개토빌딩 119호,15036,031-499-0789,37.3481553901,126.7334942325,즉석판매제조가공업,즉석판매제조가공업,,,,N,,
,"경기도 시흥시 정왕대로 210 (정왕동, 이마트시화점2층)",경기도 시흥시 정왕동 1734-1 이마트시화점2층,15066,031-496-4055,37.3459328804,126.7368812651,즉석판매제조가공업,즉석판매제조가공업,,,,N,,
,"경기도 시흥시 봉화로 18, 상가동 2층 201호 (정왕동, 동원아파트)",경기도 시흥시 정왕동 1878-5 동원아파트 201호,15017,,37.3671098369,126.7360795788,즉석판매제조가공업,즉석판매제조가공업,,,,N,,
,"경기도 시흥시 비둘기공원6길 16, 신생프라자 1층 105-1호 (대야동)",경기도 시흥시 대야동 538 신생프라자,14912,,37.4424717128,126.7909099418,즉석판매제조가공업,즉석판매제조가공업,,,,N,,
,"경기도 시흥시 옥구천동로 402, 주상가동 B1호 (정왕동, GS슈퍼 내)",경기도 시흥시 정왕동 1873-3 GS슈퍼 내 주상가동 B1호,15027,,37.3567512193,126.7302225709,즉석판매제조가공업,즉석판매제조가공업,,,,N,,
,경기도 시흥시 마유로238번길 26,경기도 시흥시 정왕동 1366-4 엘지마트시화점,15079,031-496-7760,37.3376271419,126.7306774357,즉석판매제조가공업,즉석판매제조가공업,,,0,N,,
,"경기도 시흥시 군서로18번길 3, 101호 (정왕동)",경기도 시흥시 정왕동 1200-7 101호,15052,,37.3447795451,126.74962794,즉석판매제조가공업,즉석판매제조가공업,,,0,N,,
,"경기도 시흥시 월곶중앙로70번길 3, 204일부호 (월곶동)",경기도 시흥시 월곶동 1010-4 204일부호,14964,,37.3896123363,126.7381671017,즉석판매제조가공업,즉석판매제조가공업,,,0,N,,
,"경기도 시흥시 능곡로 182, 홈플러스익스프레스능곡점내 1층 (능곡동)",경기도 시흥시 능곡동 753 신성프라자,14995,031-791-5618,37.3682632809,126.8108643032,즉석판매제조가공업,즉석판매제조가공업,,,,N,,
,"경기도 시흥시 서해안로 699, 1층 (정왕동, 신세계프리미엄아울렛)",경기도 시흥시 정왕동 1772-7,15010,,37.3794646667,126.7384278982,즉석판매제조가공업,즉석판매제조가공업,,상수도전용,,N,,
,경기도 시흥시 장곡로37번길 7,경기도 시흥시 장곡동 820-1,15002,031-318-5962,37.3785911853,126.7847574272,즉석판매제조가공업,즉석판매제조가공업,,,0,N,,
,"경기도 시흥시 새재로17번길 3, 이마트에브리데이 장현점 1층 식품관 일부호 (장현동)",경기도 시흥시 장현동 543-1,14998,,37.3810543546,126.8017561503,즉석판매제조가공업,즉석판매제조가공업,,,,N,,
,"경기도 시흥시 은계중앙로 250, 502호 일부호 (은행동)",경기도 시흥시 은행동 608-3,14923,,37.446182062,126.8040115137,즉석판매제조가공업,즉석판매제조가공업,,,0,N,,
,"경기도 시흥시 목감둘레로 253-12, 목감로얄팰리스1 110호 (조남동)",경기도 시흥시 조남동 707-3 목감로얄팰리스1,14986,,37.380548685,126.8605642444,즉석판매제조가공업,즉석판매제조가공업,,,0,N,,
,경기도 시흥시 복지로120번길 12,경기도 시흥시 대야동 280-6 영남하이퍼내,14907,,37.4487087958,126.79386965,즉석판매제조가공업,즉석판매제조가공업,,,0,N,,
,"경기도 시흥시 정왕시장길 52, 1층 108호 (정왕동)",경기도 시흥시 정왕동 1202 1층108호,15052,031-319-3460,37.3455685452,126.7489652672,즉석판매제조가공업,즉석판매제조가공업,,,,N,,
,"경기도 시흥시 황골길 42, 2층 일부호 (방산동)",경기도 시흥시 방산동 212-6,14954,,37.4244960252,126.7726800389,즉석판매제조가공업,즉석판매제조가공업,,지하수전용,0,N,,
,"경기도 시흥시 능곡로 188, 효창프라자 1층 104호 (능곡동)",경기도 시흥시 능곡동 752 효창프라자,14995,,37.3683865697,126.8103662625,즉석판매제조가공업,즉석판매제조가공업,,,,N,,
,경기도 시흥시 오이도중앙로36번길 12 (정왕동),경기도 시흥시 정왕동 2002-11 성신수산물직판장 12-6호,15015,,37.3458642221,126.688639633,즉석판매제조가공업,즉석판매제조가공업,,,0,N,,
,"경기도 시흥시 시흥대로1074번길 5, 롯데슈퍼 1층 일부호 (은행동)",경기도 시흥시 은행동 288-1 스페이스타워,14921,,37.4320543214,126.7936643149,즉석판매제조가공업,즉석판매제조가공업,,,,N,,
,"경기도 시흥시 군서로60번길 9-1, 1층 일부호 (정왕동)",경기도 시흥시 정왕동 1209-1,15052,,37.3474911471,126.746552572,즉석판매제조가공업,즉석판매제조가공업,,,,N,,
,경기도 시흥시 대야로 4 (대야동),경기도 시흥시 대야동 490,14909,031-313-7115,37.4441637718,126.7889947589,즉석판매제조가공업,즉석판매제조가공업,,,0,N,,
,경기도 시흥시 오이도어시장로 7,경기도 시흥시 정왕동 2004-3 A동 99호,15015,,37.3451101492,126.6890880534,즉석판매제조가공업,즉석판매제조가공업,,,0,N,,
,경기도 시흥시 삼미시장3길 13,경기도 시흥시 신천동 735,14948,,37.4396620396,126.7838600464,즉석판매제조가공업,즉석판매제조가공업,,,0,N,,
,"경기도 시흥시 서울대학로278번길 26, 시흥배곧 아브뉴프랑 센트럴 오렌지 1층 108호 일부호 (배곧동)",경기도 시흥시 배곧동 215 시흥배곧 아브뉴프랑 센트럴 오렌지,15011,,37.368904127,126.7278397154,즉석판매제조가공업,즉석판매제조가공업,,,0,N,,
,"경기도 시흥시 옥구상가2길 3 (정왕동, 뉴스타(프)201호)",경기도 시흥시 정왕동 1861-6 뉴스타(프)201호,15040,070-7818-8405,37.3536757588,126.7244277101,즉석판매제조가공업,즉석판매제조가공업,,,0,N,,
,경기도 시흥시 비둘기공원로 28,경기도 시흥시 대야동 542 GS마트 내,14912,031-435-7500,37.4430368253,126.7919559438,즉석판매제조가공업,즉석판매제조가공업,,,,N,,
,경기도 시흥시 군서로54번길 11,"경기도 시흥시 정왕동 1183-3 102,103호",15052,031-497-9173,37.3474405905,126.7471063017,즉석판매제조가공업,즉석판매제조가공업,,,0,N,,
,"경기도 시흥시 승지로60번길 32, 성광프라자 4층 403호 일부호호 (능곡동)",경기도 시흥시 능곡동 751 성광프라자,14995,,37.3684565045,126.8115401451,즉석판매제조가공업,즉석판매제조가공업,,,,N,,
,경기도 시흥시 마유로238번길 26,경기도 시흥시 정왕동 1366-4 LG마트내,15079,031-496-7740,37.3376271419,126.7306774357,즉석판매제조가공업,즉석판매제조가공업,,,0,N,,
,"경기도 시흥시 시흥대로1074번길 5, 스페이스타워 일부호 (은행동)",경기도 시흥시 은행동 288-1 스페이스타워,14921,02-845-4358,37.4320543214,126.7936643149,즉석판매제조가공업,즉석판매제조가공업,,,,N,,
,"경기도 시흥시 수인로 3350, 1층 일부호 (신천동)",경기도 시흥시 신천동 710-3 종산타워,14910,,37.4401743005,126.7865907913,즉석판매제조가공업,즉석판매제조가공업,,,,N,,
,"경기도 시흥시 장곡로54번길 25-10, 1층 (장곡동)",경기도 시흥시 장곡동 795-10 1층,15002,,37.381935907,126.7818904914,즉석판매제조가공업,즉석판매제조가공업,,,,N,,
,경기도 시흥시 호현로10번길 15-4 (신천동),경기도 시흥시 신천동 708-12,14910,,37.4413916755,126.785188789,즉석판매제조가공업,즉석판매제조가공업,,,,N,,
,"경기도 시흥시 월곶중앙로 90, 홈플러스익스프레스시흥월곶점 1층 일부호 (월곶동)",경기도 시흥시 월곶동 1010-4 월곶동풍림1차아파트 1층호,14964,031-791-5618,37.3902457487,126.735754493,즉석판매제조가공업,즉석판매제조가공업,,,,N,,
,"경기도 시흥시 장현능곡로 155, 지하1층 웰빙마트시흥점 일부호 (능곡동)",경기도 시흥시 능곡동 235-1 시흥 플랑드르,15121,,37.3710186339,126.8072928232,즉석판매제조가공업,즉석판매제조가공업,,,,N,,
,"경기도 시흥시 월곶중앙로 64, 1층 107호 (월곶동)",경기도 시흥시 월곶동 1009-1 풍산프라자,14966,031-311-8669,37.3891728802,126.7385104453,즉석판매제조가공업,즉석판매제조가공업,,,0,N,,
,경기도 시흥시 오이도어시장로 7,"경기도 시흥시 정왕동 2004-3 A동 15,16,17,18호",15015,,37.3451101492,126.6890880534,즉석판매제조가공업,즉석판매제조가공업,,,0,N,,
,경기도 시흥시 진말로9번길 8 (장곡동),경기도 시흥시 장곡동 820-7,15002,031-318-5038,37.3783844293,126.7848497504,즉석판매제조가공업,즉석판매제조가공업,,,0,N,,
,"경기도 시흥시 목감남서로 9-33, 지1층 L103호 (조남동)",경기도 시흥시 조남동 654 더클래스투,14988,,37.3783369935,126.8533203389,즉석판매제조가공업,즉석판매제조가공업,,,,N,,
,"경기도 시흥시 서울대학로 100, 상가502동 112호 (배곧동, 시흥배곧신도시 이지더원2차 에듀그린)",경기도 시흥시 배곧동 279 시흥배곧신도시 이지더원2차 에듀그린,15012,031-432-8910,37.358775768,126.7159627083,즉석판매제조가공업,즉석판매제조가공업,,,,N,,
,"경기도 시흥시 군서로18번길 26, 1층 (정왕동)",경기도 시흥시 정왕동 1179 1층,15052,,37.3463417474,126.7514978461,즉석판매제조가공업,즉석판매제조가공업,,,0,N,,
,경기도 시흥시 비둘기공원로 28,경기도 시흥시 대야동 542 롯데마트,14912,,37.4430368253,126.7919559438,즉석판매제조가공업,즉석판매제조가공업,,,,N,,
,경기도 시흥시 시흥대로 1074,경기도 시흥시 신천동 104-2 106호,14921,031-311-8330,37.431595973,126.7930244757,즉석판매제조가공업,즉석판매제조가공업,,,,N,,
,"경기도 시흥시 정왕대로 210, E MART시화점 (정왕동)",경기도 시흥시 정왕동 1734-2 E MART시화점,15066,031-557-0611,37.3459328804,126.7368812651,즉석판매제조가공업,즉석판매제조가공업,,,,N,,
,"경기도 시흥시 정왕시장길 51, 101-17호 (정왕동, 정왕시장)",경기도 시흥시 정왕동 1203 정왕시장(101-17),15052,,37.3458093904,126.7485677164,즉석판매제조가공업,즉석판매제조가공업,,,0,N,,
,"경기도 시흥시 서울대학로278번길 67, 시흥배곧 롯데마트 1층 (배곧동)",경기도 시흥시 배곧동 202 시흥배곧 롯데마트,15011,055-544-0792,37.3688907319,126.7313182505,즉석판매제조가공업,즉석판매제조가공업,,,,N,,
,"경기도 시흥시 수인로 2966, 하나로마트 1층 일부호 (매화동)",경기도 시흥시 매화동 39-1,14931,,37.4209383352,126.8169479595,즉석판매제조가공업,즉석판매제조가공업,,,,N,,
,"경기도 시흥시 배곧4로 32-13, 107~110호, B103호 (배곧동)",경기도 시흥시 배곧동 126,15010,,37.376956103,126.7268874805,즉석판매제조가공업,즉석판매제조가공업,,,,N,,
,"경기도 시흥시 장현능곡로 155, 웰빙푸드마켓 시흥점  지하1층 일부호 (능곡동)",경기도 시흥시 능곡동 871 시흥 플랑드르,15121,,37.3710186339,126.8072928232,즉석판매제조가공업,즉석판매제조가공업,,,,N,,
,"경기도 시흥시 오이도로 167, 1층 2,3,4호 (정왕동)","경기도 시흥시 정왕동 2003-8 오이도수산물직판장 A동 2,3,4호",15015,,37.3458883179,126.6882103529,즉석판매제조가공업,즉석판매제조가공업,,,,N,,
,"경기도 시흥시 오이도로 173 (정왕동,수산물직판장 B-45호)",경기도 시흥시 정왕동 2003-12 수산물직판장 B-45호,15015,031-433-5960,37.3454457514,126.6880796381,즉석판매제조가공업,즉석판매제조가공업,,,0,N,,
,"경기도 시흥시 배곧3로 86, 센터프라자2 1층 106호 (정왕동)",경기도 시흥시 정왕동 2513-1 센터프라자2,15011,031-498-5289,37.3702222869,126.7295541408,즉석판매제조가공업,즉석판매제조가공업,,,,N,,
,"경기도 시흥시 목감둘레로 253-24, 이지움 더테라스 203호 (조남동)",경기도 시흥시 조남동 707-1 이지움 더테라스,14986,,37.380972798,126.8606510065,즉석판매제조가공업,즉석판매제조가공업,,,,N,,
,경기도 시흥시 비둘기공원로 28,경기도 시흥시 대야동 542-0 코오롱마트내,14912,031-692-7746,37.4430368253,126.7919559438,즉석판매제조가공업,즉석판매제조가공업,,,0,N,,
,경기도 시흥시 비둘기공원로 28,경기도 시흥시 대야동 542,14912,02-413-7989,37.4430368253,126.7919559438,즉석판매제조가공업,즉석판매제조가공업,,,0,N,,
,"경기도 시흥시 승지로60번길 25, 107호 (능곡동)",경기도 시흥시 능곡동 762 107호,14995,031-318-8278,37.3679920221,126.8122671683,즉석판매제조가공업,즉석판매제조가공업,,,,N,,
,"경기도 시흥시 공단1대로 244 (정왕동,제지원상가 103호)",경기도 시흥시 정왕동 1367-1 제지원상가 103호,15103,031-430-5037,37.3347248053,126.7265416247,즉석판매제조가공업,즉석판매제조가공업,,,0,N,,
,경기도 시흥시 장곡로 23,경기도 시흥시 장곡동 823-2 연성중앙시장마트,15002,031-317-9931,37.3790954387,126.7861645217,즉석판매제조가공업,즉석판매제조가공업,,,0,N,,
,경기도 시흥시 오이도어시장로 7,"경기도 시흥시 정왕동 2004-3 오이도종합어시장 A동 12,13호",15015,031-433-6691,37.3451101492,126.6890880534,즉석판매제조가공업,즉석판매제조가공업,,,0,N,,
,"경기도 시흥시 은계중앙로 8, 상가동 1층 3(일부)호 (은행동, 엘에이치아란트리)",경기도 시흥시 은행동 662 엘에이치아란트리,14922,,37.4322059749,126.8031575766,즉석판매제조가공업,즉석판매제조가공업,,,0,N,,
,"경기도 시흥시 금오로 446, 1층 일부호 (과림동)",경기도 시흥시 과림동 388-48,14926,,37.4425691187,126.8323969782,즉석판매제조가공업,즉석판매제조가공업,,,,N,,
,"경기도 시흥시 목감중앙로 49, 1층 일부호 (조남동)",경기도 시흥시 조남동 677-1,14988,,37.373270781,126.8548772616,즉석판매제조가공업,즉석판매제조가공업,,,,N,,
,"경기도 시흥시 오이도어시장로 7, A동 80,81,82호 (정왕동, 오이도 종합어시장)","경기도 시흥시 정왕동 2004-3 오이도 종합어시장 A동 80,81,82호",15015,031-491-7122,37.3451101492,126.6890880534,즉석판매제조가공업,즉석판매제조가공업,,,,N,,
,경기도 시흥시 정왕시장길 51,경기도 시흥시 정왕동 1203,15052,031-431-2277,37.3458093904,126.7485677164,즉석판매제조가공업,즉석판매제조가공업,,,0,N,,
,경기도 시흥시 신천3길 28-12,경기도 시흥시 신천동 760-2,14948,031-317-3225,37.4392613541,126.7831856186,즉석판매제조가공업,즉석판매제조가공업,,,0,N,,
,경기도 시흥시 진말로19번길 16-1,경기도 시흥시 장곡동 814-3,15002,031-404-1191,37.3792701006,126.7837457162,즉석판매제조가공업,즉석판매제조가공업,,,0,N,,
,경기도 시흥시 매화2로 24 (매화동),경기도 시흥시 매화동 220-16,14940,031-314-2441,37.4170983887,126.812259105,즉석판매제조가공업,즉석판매제조가공업,,,,N,,
,경기도 시흥시 옥구천동로 456,경기도 시흥시 정왕동 1874-1 신한토탈아파트상가 111호,15023,031-432-0804,37.36065147,126.733976935,즉석판매제조가공업,즉석판매제조가공업,,,0,N,,
,"경기도 시흥시 정왕대로28번길 31, 동남아파트 108호 (정왕동)",경기도 시흥시 정왕동 1862 동남아파트,15041,,37.3539081067,126.7186442005,즉석판매제조가공업,즉석판매제조가공업,,,,N,,
,경기도 시흥시 비둘기공원로 28,경기도 시흥시 대야동 542-0,14912,031-448-5232,37.4430368253,126.7919559438,즉석판매제조가공업,즉석판매제조가공업,,,0,N,,
,경기도 시흥시 오이도로 173,"경기도 시흥시 정왕동 2003-12 오이도직판장 B동 133,134호",15015,031-497-1488,37.3454457514,126.6880796381,즉석판매제조가공업,즉석판매제조가공업,,,,N,,
,"경기도 시흥시 서촌상가3길 15-6 (정왕동, 해남프라자 1층)",경기도 시흥시 정왕동 1727-3 해남프라자 1층,15036,031-681-9318,37.3473228929,126.7329946337,즉석판매제조가공업,즉석판매제조가공업,,,0,N,,
,"경기도 시흥시 함송로14번길 30, 홈플러스익스프레스 시흥정왕2점 1층 (정왕동)",경기도 시흥시 정왕동 1886-2,15021,031-791-5618,37.3621873145,126.72897004,즉석판매제조가공업,즉석판매제조가공업,,,,N,,
,"경기도 시흥시 호현로49번길 24, 1층 일부호 (신천동)",경기도 시흥시 신천동 702-11,14904,,37.4442690421,126.7825499928,즉석판매제조가공업,즉석판매제조가공업,,,,N,,
,경기도 시흥시 목감우회로114번길 31-4 (목감동),경기도 시흥시 목감동 320-18,14935,,37.3862871767,126.8700382055,즉석판매제조가공업,즉석판매제조가공업,,,,N,,
,"경기도 시흥시 정왕대로 210, 2층 (정왕동, 이마트시화점 내)",경기도 시흥시 정왕동 1734-1,15066,02-6959-3855,37.3459328804,126.7368812651,즉석판매제조가공업,즉석판매제조가공업,,,,N,,
,"경기도 시흥시 검바위1로 28-1, 1층 일부호 (은행동)",경기도 시흥시 은행동 289-70,14921,,37.4318052654,126.7948648945,즉석판매제조가공업,즉석판매제조가공업,,,0,N,,
,"경기도 시흥시 월곶해안로 29-12, 1층 (월곶동)",경기도 시흥시 월곶동 991-8,14968,,37.3939244196,126.7401230755,즉석판매제조가공업,즉석판매제조가공업,,,0,N,,
,"경기도 시흥시 옥구천동로 402, GS수퍼 지하1층 (정왕동)",경기도 시흥시 정왕동 1873-3 월드아파트,15027,,37.3567512193,126.7302225709,즉석판매제조가공업,즉석판매제조가공업,,,,N,,
,"경기도 시흥시 서울대학로278번길 19-13, 108동 1층 B-105호 일부호 (배곧동, 시흥배곧 C1 호반 써밋플레이스)",경기도 시흥시 배곧동 191 시흥배곧 C1 호반 써밋플레이스,15011,,37.3709989287,126.7270163836,즉석판매제조가공업,즉석판매제조가공업,,,,N,,
,경기도 시흥시 마유로238번길 26,경기도 시흥시 정왕동 1366-4 LG마트(내),15079,031-496-7760,37.3376271419,126.7306774357,즉석판매제조가공업,즉석판매제조가공업,,,0,N,,
,"경기도 시흥시 목감중앙로 47, 롯데슈퍼조남점 일부호 (조남동)",경기도 시흥시 조남동 677,14988,031-792-9029,37.3735227218,126.854796044,즉석판매제조가공업,즉석판매제조가공업,,,,N,,
,"경기도 시흥시 신천5길 21, 1층 (신천동)",경기도 시흥시 신천동 833-1 1층,14948,031-311-3203,37.4377187054,126.7800013374,즉석판매제조가공업,즉석판매제조가공업,,,0,N,,
,경기도 시흥시 호현로21번길 5,경기도 시흥시 신천동 706-5,14904,031-311-4415,37.4422676332,126.7839708683,즉석판매제조가공업,즉석판매제조가공업,,,,N,,
,"경기도 시흥시 신천로44번안길 5-1, 1층 101호 (신천동, 금강프라임빌)",경기도 시흥시 신천동 781-4 금강프라임빌,14950,,37.437621445,126.7892488255,즉석판매제조가공업,즉석판매제조가공업,,,,N,,
,경기도 시흥시 군서로 27-1,경기도 시흥시 정왕동 1213-2,15052,031-431-3303,37.3449718867,126.7486889618,즉석판매제조가공업,즉석판매제조가공업,,,0,N,,
,"경기도 시흥시 정왕시장길 52 (정왕동, 중앙시장107호)",경기도 시흥시 정왕동 1202 중앙시장107호,15052,031-319-7556,37.3455685452,126.7489652672,즉석판매제조가공업,즉석판매제조가공업,,,,N,,
,경기도 시흥시 동서로 1047,경기도 시흥시 조남동 168-8 외 1필지,14984,031-482-8720,37.3828195049,126.8587828372,즉석판매제조가공업,즉석판매제조가공업,,,,N,,
,"경기도 시흥시 희망공원로 269, 홈플러스시화점 2층 (정왕동)",경기도 시흥시 정왕동 2166-4 홈플러스시화점,15081,031-841-1624,37.3452082082,126.725237369,즉석판매제조가공업,즉석판매제조가공업,,,,N,,
,경기도 시흥시 월곶해안로 133,경기도 시흥시 월곶동 1013-12 114호,14963,031-404-2448,37.3876563066,126.7353628154,즉석판매제조가공업,즉석판매제조가공업,,,0,N,,
,,경기도 시흥시 정왕동 0-0 지원2구역3나802-1,15119,02-529-9977,,,즉석판매제조가공업,즉석판매제조가공업,,,0,N,,
,"경기도 시흥시 정왕대로 210 (정왕동, 이마트시화점)",경기도 시흥시 정왕동 1734-1 이마트시화점,15066,02-477-9151,37.3459328804,126.7368812651,즉석판매제조가공업,즉석판매제조가공업,,,0,N,,
,"경기도 시흥시 호현로49번길 4-1, 1층 (대야동)",경기도 시흥시 대야동 484-10 1층,14904,031-314-4760,37.4446787716,126.7847166249,즉석판매제조가공업,즉석판매제조가공업,,,,N,,
,"경기도 시흥시 오동마을로5번길 29-1, 1층 (정왕동)",경기도 시흥시 정왕동 2312-3 1층,15049,,37.3526839405,126.745281237,즉석판매제조가공업,즉석판매제조가공업,,,0,N,,
,"경기도 시흥시 배곧1로 27-16, 상가1동 1층 109비호 (배곧동, 한라비발디캠퍼스2차)",경기도 시흥시 배곧동 245 한라비발디캠퍼스2차,15011,031-431-9991,37.3617928357,126.7128710723,즉석판매제조가공업,즉석판매제조가공업,,,0,N,,
,경기도 시흥시 은행로173번길 7 (대야동),경기도 시흥시 대야동 576,14914,031-435-0658,37.4454681618,126.797608164,즉석판매제조가공업,즉석판매제조가공업,,,0,N,,
,"경기도 시흥시 월곶중앙로 48, 111호 (월곶동, 유호상가)",경기도 시흥시 월곶동 1006-3 유호상가 111호,14966,,37.3885788895,126.7400527718,즉석판매제조가공업,즉석판매제조가공업,,,,N,,
,"경기도 시흥시 정왕천로369번길 3-6, 1층 101호 (정왕동)",경기도 시흥시 정왕동 1429-3,15058,031-497-9688,37.341346601,126.7484089771,즉석판매제조가공업,즉석판매제조가공업,,,,N,,
,"경기도 시흥시 승지로60번길 17, 현대프라자 1층 105호 (능곡동)",경기도 시흥시 능곡동 758 현대프라자,14995,031-313-2555,37.3687417605,126.8125426628,즉석판매제조가공업,즉석판매제조가공업,,,0,N,,
,경기도 시흥시 희망공원로 269,경기도 시흥시 정왕동 2166-4,15081,031-310-8164,37.3452082082,126.725237369,즉석판매제조가공업,즉석판매제조가공업,,,0,N,,
,"경기도 시흥시 역전로 228, 정왕본동주민센터 (정왕동)",경기도 시흥시 정왕동 2149-3 정왕본동주민센터,15048,,37.3493991945,126.7461044616,즉석판매제조가공업,즉석판매제조가공업,,,,N,,
,"경기도 시흥시 능곡군자1길 103, 1층 일부호 (군자동)",경기도 시흥시 군자동 795-6,14999,,37.3671678156,126.8054196622,즉석판매제조가공업,즉석판매제조가공업,,,,N,,
,경기도 시흥시 뱀내장터로19번길 15,경기도 시흥시 대야동 492-19,14909,,37.4431904571,126.7875230538,즉석판매제조가공업,즉석판매제조가공업,,,0,N,,
,경기도 시흥시 오이도로 173,경기도 시흥시 정왕동 2003-12 오이도직판장 B동 96호,15015,031-433-8605,37.3454457514,126.6880796381,즉석판매제조가공업,즉석판매제조가공업,,,0,N,,
,"경기도 시흥시 장곡로49번길 6-1, 1층 일부호 (장곡동)",경기도 시흥시 장곡동 809-5,15002,031-318-0993,37.3789329188,126.7831389907,즉석판매제조가공업,즉석판매제조가공업,,,0,N,,
,"경기도 시흥시 정왕대로 210 (정왕동, 이마트시화점)",경기도 시흥시 정왕동 1734-1 이마트시화점,15066,070-4342-0815,37.3459328804,126.7368812651,즉석판매제조가공업,즉석판매제조가공업,,,,N,,
,"경기도 시흥시 중심상가로 286, 상가동 B16호 (정왕동, 두산아파트)",경기도 시흥시 정왕동 1786 두산아파트 상가동 B16호,15063,,37.3395015698,126.7431892182,즉석판매제조가공업,즉석판매제조가공업,,,0,N,,
,경기도 시흥시 호현로 28 (대야동),경기도 시흥시 대야동 498-28,14909,031-311-3346,37.4427247867,126.7850404514,즉석판매제조가공업,즉석판매제조가공업,,,0,N,,
,경기도 시흥시 삼미시장4길 8,경기도 시흥시 신천동 735-3,14948,031-313-9081,37.439238974,126.7839545109,즉석판매제조가공업,즉석판매제조가공업,,,0,N,,
,경기도 시흥시 검바위1로 26,경기도 시흥시 은행동 289-46,14921,031-437-1033,37.4315793314,126.7947652873,즉석판매제조가공업,즉석판매제조가공업,,,0,N,,
,"경기도 시흥시 은계남로 12, 판매시설동 1층 154호 (은행동, 시흥은계 호반 써밋플레이스)",경기도 시흥시 은행동 644 시흥은계 호반 써밋플레이스,14922,,37.4351025771,126.8037071995,즉석판매제조가공업,즉석판매제조가공업,,,0,N,,
,"경기도 시흥시 인선길 67, 숲속마을아파트 상가동 201호 (장곡동)",경기도 시흥시 장곡동 806 숲속마을아파트,15002,,37.3772978004,126.781053722,즉석판매제조가공업,즉석판매제조가공업,,,0,N,,
,경기도 시흥시 비둘기공원7길 22,경기도 시흥시 대야동 562-2,14908,031-311-8932,37.4441238072,126.7928500879,즉석판매제조가공업,즉석판매제조가공업,,,0,N,,
,경기도 시흥시 은행로65번길 3 (은행동),경기도 시흥시 은행동 105-6,14950,031-313-5924,37.4379303376,126.7956778289,즉석판매제조가공업,즉석판매제조가공업,,,0,N,,
,"경기도 시흥시 배곧4로 32-13, 이마트에브리데이 시흥배곧점 (배곧동)",경기도 시흥시 배곧동 126,15010,,37.376956103,126.7268874805,즉석판매제조가공업,즉석판매제조가공업,,,,N,,
,"경기도 시흥시 복지로 29-1, 1층 일부호 (대야동)",경기도 시흥시 대야동 501-1,14909,,37.4423284734,126.7880738466,즉석판매제조가공업,즉석판매제조가공업,,,0,N,,
,"경기도 시흥시 옥구천동로 402 (정왕동, GS슈퍼 시흥정왕점)",경기도 시흥시 정왕동 1873-3,15027,,37.3567512193,126.7302225709,즉석판매제조가공업,즉석판매제조가공업,,,,N,,
,"경기도 시흥시 연성로 92, 씨티프라자 103호 (하상동)",경기도 시흥시 하상동 380-6 씨티프라자,14977,,37.3905875045,126.8135067904,즉석판매제조가공업,즉석판매제조가공업,,,,N,,
,"경기도 시흥시 정왕대로 174, 광개토빌딩1 1층 111호 (정왕동)",경기도 시흥시 정왕동 1726-1 광개토빌딩1,15036,031-319-5039,37.3481553901,126.7334942325,즉석판매제조가공업,즉석판매제조가공업,,,,N,,
,"경기도 시흥시 오이도로 173, B동 1층 124호 (정왕동, 오이도수산물직판장)",경기도 시흥시 정왕동 2003-12,15015,031-488-8319,37.3454457514,126.6880796381,즉석판매제조가공업,즉석판매제조가공업,,상수도전용,,N,,
,"경기도 시흥시 도일로 133, 진로마트 거모점 일부호 (거모동)",경기도 시흥시 거모동 1753-1,15070,,37.342226503,126.7841880159,즉석판매제조가공업,즉석판매제조가공업,,,,N,,
,"경기도 시흥시 도일로135번길 4, 1층 101호 (거모동)",경기도 시흥시 거모동 1754-5 빅타운,15070,,37.342598571,126.7846021993,즉석판매제조가공업,즉석판매제조가공업,,,,N,,
,"경기도 시흥시 새재로 11, 1층 104호 일부호 (장현동, J-PARK (주상복합아파트))",경기도 시흥시 장현동 543-4 J-PARK (주상복합아파트),14998,,37.3807292133,126.8016462117,즉석판매제조가공업,즉석판매제조가공업,,,,N,,
,,경기도 시흥시 정왕동 1873-3 월드A지하,15027,031-431-0900,37.3567512193,126.7302225709,즉석판매제조가공업,즉석판매제조가공업,,,0,N,,
,경기도 시흥시 진말로9번길 18-1,경기도 시흥시 장곡동 813-6,15002,031-317-3642,37.3784304413,126.7835165074,즉석판매제조가공업,즉석판매제조가공업,,,0,N,,
,"경기도 시흥시 서해안로 1645, 상가동 1층 214호 일부호 (대야동, 두산위브 더파크)",경기도 시흥시 대야동 303-6 두산위브 더파크,14902,031-312-6016,37.4520045132,126.7888187922,즉석판매제조가공업,즉석판매제조가공업,,,,N,,
,"경기도 시흥시 희망공원로 269 (정왕동, 홈플러스2층)",경기도 시흥시 정왕동 2166-4 홈플러스2층,15081,,37.3452082082,126.725237369,즉석판매제조가공업,즉석판매제조가공업,,,0,N,,
,"경기도 시흥시 마유로238번길 26, 롯데마트 시화점 신선식품 수산코너 1층 (정왕동)",경기도 시흥시 정왕동 1366-4,15079,,37.3376271419,126.7306774357,즉석판매제조가공업,즉석판매제조가공업,,,,N,,
,"경기도 시흥시 하중로 197, 1층 103호 (하중동)",경기도 시흥시 하중동 856-5,14976,,37.3940797914,126.8049341587,즉석판매제조가공업,즉석판매제조가공업,,,,N,,
,"경기도 시흥시 큰솔로66번길 2, 1층 일부호 (정왕동)",경기도 시흥시 정왕동 1546-11 102호,15051,,37.3427175521,126.7542433227,즉석판매제조가공업,즉석판매제조가공업,,,,N,,
,"경기도 시흥시 월곶해안로 133 (월곶동, 화신시장150-151호)",경기도 시흥시 월곶동 1013-12 화신시장150-151호,14963,,37.3876563066,126.7353628154,즉석판매제조가공업,즉석판매제조가공업,,,0,N,,
,"경기도 시흥시 신천2길 23, 103호 (신천동)",경기도 시흥시 신천동 752 103호,14948,031-8150-0113,37.4390523609,126.7799433435,즉석판매제조가공업,즉석판매제조가공업,,,,N,,
,"경기도 시흥시 배곧1로 27-15, GS수퍼 1층 (배곧동, 한라비발디캠퍼스)",경기도 시흥시 배곧동 243 한라비발디캠퍼스,15011,,37.3636798562,126.7119931155,즉석판매제조가공업,즉석판매제조가공업,,,,N,,
,경기도 시흥시 신천4길 21 (신천동),경기도 시흥시 신천동 388-15,14948,,37.4380795715,126.7800543997,즉석판매제조가공업,즉석판매제조가공업,,,0,N,,
,"경기도 시흥시 마유로238번길 26 (정왕동, 롯데마트시화점)",경기도 시흥시 정왕동 1366-4,15079,,37.3376271419,126.7306774357,즉석판매제조가공업,즉석판매제조가공업,,,,N,,
,"경기도 시흥시 정왕대로 174, 108호 (정왕동)",경기도 시흥시 정왕동 1726-1 108호,15036,,37.3481553901,126.7334942325,즉석판매제조가공업,즉석판매제조가공업,,,,N,,
,경기도 시흥시 월곶해안로 133,"경기도 시흥시 월곶동 1013-12 103,104호",14963,031-318-1903,37.3876563066,126.7353628154,즉석판매제조가공업,즉석판매제조가공업,,,0,N,,
,"경기도 시흥시 정왕대로 210 (정왕동, 이마트시화점 내)",경기도 시흥시 정왕동 1734-1,15066,02-2275-1425,37.3459328804,126.7368812651,즉석판매제조가공업,즉석판매제조가공업,,,,N,,
,"경기도 시흥시 서울대학로278번길 67 (정왕동, 롯데마트시흥배곧점)",경기도 시흥시 정왕동 1771-1,15011,,37.3688907319,126.7313182505,즉석판매제조가공업,즉석판매제조가공업,,상수도전용,,N,,
,"경기도 시흥시 월곶중앙로70번길 3, 홈플러스익스프레스 시흥월곶점 1층 일부호 (월곶동)",경기도 시흥시 월곶동 1010-4 풍림프라자,14964,,37.3896123363,126.7381671017,즉석판매제조가공업,즉석판매제조가공업,,,,N,,
,"경기도 시흥시 희망공원로 269 (정왕동, 홈플러스시화점식품관)",경기도 시흥시 정왕동 2166-4 홈플러스 시화점 식품관,15081,031-984-5728,37.3452082082,126.725237369,즉석판매제조가공업,즉석판매제조가공업,,,,N,,
,"경기도 시흥시 시청로68번길 4, B104호 (장현동, 장현1 엔플러스빌)",경기도 시흥시 장현동 541-4 장현1 엔플러스빌,14998,,37.3804882622,126.8005302128,즉석판매제조가공업,즉석판매제조가공업,,,,N,,
,"경기도 시흥시 목감초등길 14-18, 1층 101호 일부호 (조남동)",경기도 시흥시 조남동 171-36,14984,,37.3850467032,126.8589333111,즉석판매제조가공업,즉석판매제조가공업,,,,N,,
,"경기도 시흥시 비둘기공원로 28 (대야동, 롯데마트)",경기도 시흥시 대야동 542,14912,,37.4430368253,126.7919559438,즉석판매제조가공업,즉석판매제조가공업,,,,N,,
,"경기도 시흥시 정왕대로 210, E MART시화점 (정왕동)",경기도 시흥시 정왕동 1734-2 E MART시화점,15066,070-4027-7288,37.3459328804,126.7368812651,즉석판매제조가공업,즉석판매제조가공업,,,,N,,
,"경기도 시흥시 장곡로53번길 12, 롯데슈퍼시흥장곡점 B101~B111호 (장곡동)",경기도 시흥시 장곡동 807 숲속마을아파트,15002,031-792-9029,37.3783249969,126.7824783751,즉석판매제조가공업,즉석판매제조가공업,,,,N,,
,"경기도 시흥시 서울대학로264번길 25, 시흥배곧 아브뉴프랑 센트럴 블루 3층 320호 일부호 (배곧동)",경기도 시흥시 배곧동 219 시흥배곧 아브뉴프랑 센트럴 블루,15011,,37.3683599517,126.7273257955,즉석판매제조가공업,즉석판매제조가공업,,,0,N,,
,"경기도 시흥시 동서로 770, 안산농협연꽃지점 일부호 (물왕동)",경기도 시흥시 물왕동 248-4 안산농협 창고시설,14990,,37.3843410162,126.8308012535,즉석판매제조가공업,즉석판매제조가공업,,,,N,,
,,경기도 시흥시 정왕동 0-0 시화지구58-4-13부성@상가지하8호,15119,,,,즉석판매제조가공업,즉석판매제조가공업,,,0,N,,
,"경기도 시흥시 배곧4로 32-13, 이마트데일리 일부호 (정왕동)",경기도 시흥시 정왕동 2477-3,15010,070-7567-6565,37.376956103,126.7268874805,즉석판매제조가공업,즉석판매제조가공업,,,,N,,
,"경기도 시흥시 옥구천동로 402, gs슈퍼시흥정왕점 (정왕동)",경기도 시흥시 정왕동 1873-3 월드아파트,15027,,37.3567512193,126.7302225709,즉석판매제조가공업,즉석판매제조가공업,,,,N,,
,"경기도 시흥시 배곧4로 22, 124호 (정왕동)",경기도 시흥시 정왕동 1772-28,15010,,37.377578519,126.7269601551,즉석판매제조가공업,즉석판매제조가공업,,,,N,,
,경기도 시흥시 비둘기공원로 28,경기도 시흥시 대야동 542-0,14912,,37.4430368253,126.7919559438,즉석판매제조가공업,즉석판매제조가공업,,,0,N,,
,경기도 시흥시 비둘기공원7길 47,경기도 시흥시 대야동 547 청구2차상가105호,14912,,37.4419222514,126.7924751495,즉석판매제조가공업,즉석판매제조가공업,,,0,N,,
,"경기도 시흥시 희망공원로 269 (정왕동, 홈플러스시화점2층)",경기도 시흥시 정왕동 2166-4 홈플러스시화점2층,15081,02-555-4054,37.3452082082,126.725237369,즉석판매제조가공업,즉석판매제조가공업,,,,N,,
,"경기도 시흥시 서울대학로278번길 67, 시흥배곧 롯데마트 1층 일부 (배곧동)",경기도 시흥시 배곧동 202 시흥배곧 롯데마트,15011,,37.3688907319,126.7313182505,즉석판매제조가공업,즉석판매제조가공업,,,,N,,
,,경기도 시흥시 대야동 292,14907,,37.4498869277,126.7926176811,즉석판매제조가공업,즉석판매제조가공업,,,0,N,,
,"경기도 시흥시 호현로21번길 23-1, 1층 일부호 (신천동)",경기도 시흥시 신천동 716-2 미래산업,14904,,37.4430600589,126.7823580529,즉석판매제조가공업,즉석판매제조가공업,,,,N,,
,경기도 시흥시 검바위1로3번길 21,경기도 시흥시 은행동 324-1,14921,031-313-7897,37.4315430435,126.7932171236,즉석판매제조가공업,즉석판매제조가공업,,,,N,,
,"경기도 시흥시 대은로104번길 27, 두산아파트 상가동 202호 (은행동)",경기도 시흥시 은행동 542 두산아파트,14916,,37.4432238453,126.8006588073,즉석판매제조가공업,즉석판매제조가공업,,,,N,,
,"경기도 시흥시 한우물로 25, 104호 (거모동, 삼익청자맨션)",경기도 시흥시 거모동 1741-2 삼익청자맨션,15071,,37.3448492761,126.7841518291,즉석판매제조가공업,즉석판매제조가공업,,,,N,,
,"경기도 시흥시 희망공원로 269, 홈플러스시화점 식품매장 2층 일부호 (정왕동)",경기도 시흥시 정왕동 2166-4 홈플러스시화점,15081,,37.3452082082,126.725237369,즉석판매제조가공업,즉석판매제조가공업,,,,N,,
,경기도 시흥시 함송로 16 (정왕동),경기도 시흥시 정왕동 1882-1,15020,031-432-0052,37.3637596337,126.7295750521,즉석판매제조가공업,즉석판매제조가공업,,,,N,,
,"경기도 시흥시 금오로575번길 16, 1층 (과림동)",경기도 시흥시 과림동 98,14927,,37.4522567678,126.8320508436,즉석판매제조가공업,즉석판매제조가공업,,,,N,,
,"경기도 시흥시 승지로 58, 태영프라자 1층 102호 (능곡동)",경기도 시흥시 능곡동 741 태영프라자,14995,,37.3690282853,126.810665315,즉석판매제조가공업,즉석판매제조가공업,,,,N,,
,경기도 시흥시 오이도어시장로 7,경기도 시흥시 정왕동 2004-3 A동 43호,15015,,37.3451101492,126.6890880534,즉석판매제조가공업,즉석판매제조가공업,,,0,N,,
,경기도 시흥시 중심상가로 288,경기도 시흥시 정왕동 1786 두산아파트상가 B3호,15063,031-497-7029,37.3387737456,126.7449576052,즉석판매제조가공업,즉석판매제조가공업,,,0,N,,
,"경기도 시흥시 오이도어시장로 7, 1층 76,78,91,147,158호 (정왕동)",경기도 시흥시 정왕동 2004-3 오이도종합어시장 76~호,15015,031-433-0830,37.3451101492,126.6890880534,즉석판매제조가공업,즉석판매제조가공업,,,,N,,
,"경기도 시흥시 수도권제1순환고속도로 105, 1층 일부호 (조남동)",경기도 시흥시 조남동 산 15-1,14983,,37.3838382249,126.8554983736,즉석판매제조가공업,즉석판매제조가공업,,,,N,,
,"경기도 시흥시 정왕대로 210, E MART시화점 2층 (정왕동)",경기도 시흥시 정왕동 1734-2 E MART시화점 2층호,15066,062-224-2300,37.3459328804,126.7368812651,즉석판매제조가공업,즉석판매제조가공업,,,,N,,
,"경기도 시흥시 복지로 96, A&C빌딩 1층 104호 (대야동)",경기도 시흥시 대야동 568-2 A&C빌딩,14908,,37.447263341,126.7918143639,즉석판매제조가공업,즉석판매제조가공업,,,0,N,,
,경기도 시흥시 마유로238번길 26 (정왕동),경기도 시흥시 정왕동 1366-4 롯데마트 1층 시화점,15079,,37.3376271419,126.7306774357,즉석판매제조가공업,즉석판매제조가공업,,,,N,,
,경기도 시흥시 하중로 207 (하중동),경기도 시흥시 하중동 857-6,14976,031-317-1686,37.3932808722,126.8054950992,즉석판매제조가공업,즉석판매제조가공업,,,,N,,
,경기도 시흥시 마유로238번길 26,경기도 시흥시 정왕동 1366-4 GS마트내 1층,15079,,37.3376271419,126.7306774357,즉석판매제조가공업,즉석판매제조가공업,,,,N,,
,경기도 시흥시 비둘기공원2길 12,경기도 시흥시 대야동 557-1,14911,031-404-6664,37.4398777733,126.7927430919,즉석판매제조가공업,즉석판매제조가공업,,,1,N,,
,경기도 시흥시 오이도중앙로36번길 12 (정왕동),경기도 시흥시 정왕동 2002-11 성신수산 9-3호,15015,031-433-6811,37.3458642221,126.688639633,즉석판매제조가공업,즉석판매제조가공업,,,0,N,,
,경기도 시흥시 오이도어시장로 7,경기도 시흥시 정왕동 2004-3 A동 3호,15015,031-433-6691,37.3451101492,126.6890880534,즉석판매제조가공업,즉석판매제조가공업,,,0,N,,
,,경기도 시흥시 거모동 1517-5,,031-495-6597,,,즉석판매제조가공업,즉석판매제조가공업,,,0,N,,
,"경기도 시흥시 복지로43번길 32-2, 1층 일부호 (대야동)",경기도 시흥시 대야동 485-14,14909,,37.4446326222,126.7860284343,즉석판매제조가공업,즉석판매제조가공업,,,0,N,,
,경기도 시흥시 관곡지로 48,경기도 시흥시 하중동 819-2,14975,031-480-4423,37.4007271378,126.7995512549,즉석판매제조가공업,즉석판매제조가공업,,,0,N,,
,"경기도 시흥시 정왕신길로139번길 5, 상가동 107호 (정왕동, 삼성A)",경기도 시흥시 정왕동 1872-5 삼성A 상가동 107호,15026,,37.3539390665,126.7344064732,즉석판매제조가공업,즉석판매제조가공업,,,0,N,,
,"경기도 시흥시 비둘기공원7길 38 (대야동, 롯데마트내)",경기도 시흥시 대야동 542 롯데마트내,14912,031-375-3762,37.4430368253,126.7919559438,즉석판매제조가공업,즉석판매제조가공업,,,0,N,,
,"경기도 시흥시 정왕대로 210 (정왕동, 이마트시화점 내)",경기도 시흥시 정왕동 1734-1,15066,070-4342-0815,37.3459328804,126.7368812651,즉석판매제조가공업,즉석판매제조가공업,,,,N,,
,"경기도 시흥시 배곧전원로 50-3, 102호일부호 (배곧동)",경기도 시흥시 배곧동 114-1,15010,031-319-2219,37.3771424967,126.7305902406,즉석판매제조가공업,즉석판매제조가공업,,,,N,,
,경기도 시흥시 오이도중앙로36번길 12 (정왕동),경기도 시흥시 정왕동 2002-11 성신수산 12-5호,15015,031-431-3222,37.3458642221,126.688639633,즉석판매제조가공업,즉석판매제조가공업,,,0,N,,
,"경기도 시흥시 새재로17번길 3, 이마트에브리데이 1층 일부호 (장현동)",경기도 시흥시 장현동 543-1,14998,,37.3810543546,126.8017561503,즉석판매제조가공업,즉석판매제조가공업,,,,N,,
,경기도 시흥시 큰솔로 58-1 (정왕동),경기도 시흥시 정왕동 1546-8,15051,031-431-7476,37.3423820016,126.7539192442,즉석판매제조가공업,즉석판매제조가공업,,,,N,,
,"경기도 시흥시 평안상가4길 24-6, 206일부호 (정왕동)",경기도 시흥시 정왕동 1626-1 206일부호,15062,,37.3372331883,126.7493304918,즉석판매제조가공업,즉석판매제조가공업,,,,N,,
,"경기도 시흥시 정왕대로 210, 2층 (정왕동, 이마트시화점)",경기도 시흥시 정왕동 1734-1 이마트시화점,15066,031-858-1226,37.3459328804,126.7368812651,즉석판매제조가공업,즉석판매제조가공업,,,,N,,
,"경기도 시흥시 매화로 46, 그린빌딩 1층 일부호 (매화동)",경기도 시흥시 매화동 199-2 그린빌딩,14940,031-791-5618,37.4155072402,126.8145450656,즉석판매제조가공업,즉석판매제조가공업,,,,N,,
,경기도 시흥시 정왕대로27번길 9 (정왕동),경기도 시흥시 정왕동 1940-2 신동아 아파트 제 상가동 1층 104호,15029,031-497-2036,37.3577492929,126.7215854217,즉석판매제조가공업,즉석판매제조가공업,,,0,N,,
,"경기도 시흥시 수인로2857번길 44, 상가동 2층 201호 일부호 (매화동, 금강아파트)",경기도 시흥시 매화동 289-1 금강아파트,14942,,37.4114312201,126.8157800027,즉석판매제조가공업,즉석판매제조가공업,,,,N,,
,"경기도 시흥시 서울대학로278번길 25-8, 다인로얄팰리스 배곧4차 203호 일부호 (배곧동)",경기도 시흥시 배곧동 196-2 다인로얄팰리스 배곧4차,15011,,37.3694876669,126.728861451,즉석판매제조가공업,즉석판매제조가공업,,,,N,,
,"경기도 시흥시 시청로68번길 26, 1층 106호 (장현동, 드림 펠리스)",경기도 시흥시 장현동 546-1 드림 펠리스,14998,,37.3817860222,126.8020204577,즉석판매제조가공업,즉석판매제조가공업,,,0,N,,
,"경기도 시흥시 군서로50번길 13, 1층 101호 일부호 (정왕동)",경기도 시흥시 정왕동 1184-4,15052,031-497-2887,37.3472543319,126.747582353,즉석판매제조가공업,즉석판매제조가공업,,,0,N,,
,"경기도 시흥시 비둘기공원로 28, 롯데마트 시흥점 2층 일부호 (대야동)",경기도 시흥시 대야동 542 롯데마트 시흥점 축산코너,14912,,37.4430368253,126.7919559438,즉석판매제조가공업,즉석판매제조가공업,,,0,N,,
,,경기도 시흥시 정왕동 1873-3 월드@주상가 지층 2호,15027,02-1577-1788,37.3567512193,126.7302225709,즉석판매제조가공업,즉석판매제조가공업,,,0,N,,
,경기도 시흥시 수인로3325번길 10 (신천동),경기도 시흥시 신천동 774,14950,031-315-8003,37.4382099813,126.788191992,즉석판매제조가공업,즉석판매제조가공업,,,0,N,,
,"경기도 시흥시 신천천동로25번길 20, 1층 일부호 (신천동)",경기도 시흥시 신천동 846-15,14949,031-509-7638,37.4367289851,126.7847470792,즉석판매제조가공업,즉석판매제조가공업,,,,N,,
,"경기도 시흥시 수인로2421번길 109, 1층 일부호 (논곡동)",경기도 시흥시 논곡동 160-31,14984,,37.387344638,126.8604952347,즉석판매제조가공업,즉석판매제조가공업,,,,N,,
,"경기도 시흥시 중심상가로 228, 영남 6차아파트 상가동 1층 105호 (정왕동)",경기도 시흥시 정왕동 1790 영남 6차아파트 상가동,15065,,37.3422258091,126.7393008664,즉석판매제조가공업,즉석판매제조가공업,,,,N,,
,"경기도 시흥시 정왕대로 210, E MART시화점 2층 (정왕동)",경기도 시흥시 정왕동 1734-2 E MART시화점,15066,02-6011-4900,37.3459328804,126.7368812651,즉석판매제조가공업,즉석판매제조가공업,,,,N,,
,,경기도 시흥시 은행동 0-0 141블럭대우3차A1상가1106,14923,031-693-6360,,,즉석판매제조가공업,즉석판매제조가공업,,,0,N,,
,"경기도 시흥시 함송로29번길 31, 함현공원 행사장 (정왕동)",경기도 시흥시 정왕동 1878-3 도서관,15020,,37.3653332895,126.7331614186,즉석판매제조가공업,즉석판매제조가공업,,,,N,,
,"경기도 시흥시 서울대학로278번길 19-13, 107동 2층 A-201호 일부호 (배곧동, 시흥배곧 C1 호반 써밋플레이스)",경기도 시흥시 배곧동 191 시흥배곧 C1 호반 써밋플레이스,15011,,37.3703857466,126.7269775004,즉석판매제조가공업,즉석판매제조가공업,,,0,N,,
,"경기도 시흥시 배곧1로 27-15, 상가2동 1층 102호 (배곧동, 한라비발디캠퍼스)",경기도 시흥시 배곧동 243 한라비발디캠퍼스,15011,,37.3636798562,126.7119931155,즉석판매제조가공업,즉석판매제조가공업,,,,N,,
,경기도 시흥시 군서로36번길 7-1,경기도 시흥시 정왕동 1204-2,15052,031-431-3666,37.3462051072,126.7484282915,즉석판매제조가공업,즉석판매제조가공업,,,0,N,,
,경기도 시흥시 마유로238번길 26,경기도 시흥시 정왕동 1366-4,15079,031-496-7742,37.3376271419,126.7306774357,즉석판매제조가공업,즉석판매제조가공업,,,0,N,,
,"경기도 시흥시 하중로 195, 하중랜드빌딩 1층 일부호 (하중동)",경기도 시흥시 하중동 856-3 하중랜드빌딩,14976,031-313-9105,37.3942322182,126.804797183,즉석판매제조가공업,즉석판매제조가공업,,,,N,,
,"경기도 시흥시 마유로238번길 26, 롯데마트 시화점 1층 식품매장내 일부호 (정왕동)",경기도 시흥시 정왕동 1366-4,15079,,37.3376271419,126.7306774357,즉석판매제조가공업,즉석판매제조가공업,,,,N,,
,경기도 시흥시 오이도어시장로 7,"경기도 시흥시 정왕동 2004-3 A동-32,43호",15015,,37.3451101492,126.6890880534,즉석판매제조가공업,즉석판매제조가공업,,,0,N,,
,"경기도 시흥시 옥구천동로 402, 월드아파트 주상가동 지1층 일부호 (정왕동)",경기도 시흥시 정왕동 1873-3 월드아파트,15027,,37.3567512193,126.7302225709,즉석판매제조가공업,즉석판매제조가공업,,,,N,,
,"경기도 시흥시 정왕대로 210, 1층 (정왕동, 이마트시화점)",경기도 시흥시 정왕동 1734-2 이마트시화점 1층,15066,070-4006-4440,37.3459328804,126.7368812651,즉석판매제조가공업,즉석판매제조가공업,,,,N,,
,"경기도 시흥시 중심상가로 149, 1층 (정왕동)",경기도 시흥시 정왕동 1728-7 1층,15036,031-493-3733,37.3468250497,126.7326722825,즉석판매제조가공업,즉석판매제조가공업,,,,N,,
,"경기도 시흥시 수인로3108번길 39, 1층 (안현동)",경기도 시흥시 안현동 103-7 (주)다인푸드,14930,070-4793-0707,37.4343231233,126.8137631232,즉석판매제조가공업,즉석판매제조가공업,,,,N,,
,"경기도 시흥시 미산로 143, 장군숯불갈비 1층 일부호 (미산동)",경기도 시흥시 미산동 288-10 장군숯불갈비,14945,031-316-0729,37.4179804542,126.7921919119,즉석판매제조가공업,즉석판매제조가공업,,,0,N,,
,"경기도 시흥시 관곡지로 139, 연꽃테마파크 잔디광장 판매부스 내 (하중동)",경기도 시흥시 하중동 271 시흥시농업기술센터,14973,,37.4006890149,126.808386896,즉석판매제조가공업,즉석판매제조가공업,,,0,N,,
,경기도 시흥시 희망공원로 269,경기도 시흥시 정왕동 2166-4 2층,15081,,37.3452082082,126.725237369,즉석판매제조가공업,즉석판매제조가공업,,,,N,,
,경기도 시흥시 신천로80번길 1,경기도 시흥시 신천동 771-10,14950,031-317-0035,37.4374692909,126.7864356089,즉석판매제조가공업,즉석판매제조가공업,,,0,N,,
,"경기도 시흥시 옥구천동로 422, 2층 203호 (정왕동, 영남아파트 상가동)",경기도 시흥시 정왕동 1873-2,15027,,37.3581663617,126.7316083122,즉석판매제조가공업,즉석판매제조가공업,,,,N,,
,경기도 시흥시 비둘기공원로 28,경기도 시흥시 대야동 542 코오롱마트내,14912,031-311-2383,37.4430368253,126.7919559438,즉석판매제조가공업,즉석판매제조가공업,,,0,N,,
,"경기도 시흥시 삼미시장3길 15, 1층 (신천동)",경기도 시흥시 신천동 740-4 1층,14948,031-311-2256,37.4397774968,126.7835763415,즉석판매제조가공업,즉석판매제조가공업,,,,N,,
,경기도 시흥시 정왕대로 210,경기도 시흥시 정왕동 1734-1 2층,15066,,37.3459328804,126.7368812651,즉석판매제조가공업,즉석판매제조가공업,,,,N,,
,"경기도 시흥시 복지로93번길 10, 1층 일부호 (대야동)",경기도 시흥시 대야동 442-9,14906,,37.4483402988,126.7910354391,즉석판매제조가공업,즉석판매제조가공업,,,0,N,,
,경기도 시흥시 희망공원로 269,경기도 시흥시 정왕동 2166-4 홈플러스시화점내,15081,02-2225-0784,37.3452082082,126.725237369,즉석판매제조가공업,즉석판매제조가공업,,,0,N,,
,"경기도 시흥시 서울대학로264번길 44-4, 에스프라자 7층 일부호 (배곧동)",경기도 시흥시 배곧동 231 에스프라자,15011,,37.3671759068,126.7282075179,즉석판매제조가공업,즉석판매제조가공업,,,0,N,,
,경기도 시흥시 군서마을로 74 (정왕동),경기도 시흥시 정왕동 1838-15,15053,031-498-5366,37.347369957,126.7445102414,즉석판매제조가공업,즉석판매제조가공업,,,,N,,
,경기도 시흥시 삼미시장4길 8,경기도 시흥시 신천동 735-3 1층,14948,031-311-6381,37.439238974,126.7839545109,즉석판매제조가공업,즉석판매제조가공업,,,0,N,,
,,경기도 시흥시 장곡동 807,15002,031-404-4986,37.3775676872,126.7824517054,즉석판매제조가공업,즉석판매제조가공업,,,0,N,,
,경기도 시흥시 월곶해안로 133,"경기도 시흥시 월곶동 1013-12 화신시장 130,131,132,133호",14963,031-404-8234,37.3876563066,126.7353628154,즉석판매제조가공업,즉석판매제조가공업,,,0,N,,
,"경기도 시흥시 정왕시장길 51 (정왕동, 정왕시장)",경기도 시흥시 정왕동 1203 정왕시장,15052,,37.3458093904,126.7485677164,즉석판매제조가공업,즉석판매제조가공업,,,,N,,
,"경기도 시흥시 월곶중앙로70번길 3, 풍림프라자 1층 일부호 (월곶동)",경기도 시흥시 월곶동 1010-4 풍림프라자,14964,,37.3896123363,126.7381671017,즉석판매제조가공업,즉석판매제조가공업,,,,N,,
,경기도 시흥시 희망공원로 269,경기도 시흥시 정왕동 2166-4 홈플러스시화점 2층,15081,031-310-8000,37.3452082082,126.725237369,즉석판매제조가공업,즉석판매제조가공업,,,,N,,
,"경기도 시흥시 정왕대로 64, 메가쇼핑몰 1층 101호 일부호 (정왕동)",경기도 시흥시 정왕동 1861-3 메가쇼핑몰,15040,031-431-9365,37.3542557561,126.7235297297,즉석판매제조가공업,즉석판매제조가공업,,,0,N,,
,경기도 시흥시 오이도로 173,경기도 시흥시 정왕동 2003-12 162호,15015,,37.3454457514,126.6880796381,즉석판매제조가공업,즉석판매제조가공업,,,0,N,,
,"경기도 시흥시 인선길 39, 근린생활시설B동 2층 208호 일부호 (장곡동, 엘에이치17단지)",경기도 시흥시 장곡동 355-12 엘에이치17단지,15002,,37.3769372001,126.7840163865,즉석판매제조가공업,즉석판매제조가공업,,,0,N,,
,"경기도 시흥시 비둘기공원로 28, 롯데마트 시흥점 2층 일부호 (대야동)",경기도 시흥시 대야동 542 롯데마트 시흥점,14912,02-6246-3200,37.4430368253,126.7919559438,즉석판매제조가공업,즉석판매제조가공업,,,,N,,
,"경기도 시흥시 역전로 308, 가동 1층 (정왕동, (주)한마음식자재클럽 수산코너)",경기도 시흥시 정왕동 2304-10,15024,,37.3529295253,126.7385944378,즉석판매제조가공업,즉석판매제조가공업,,상수도전용,,N,,
,,경기도 시흥시 거모동 39-9,15043,031-493-7176,,,즉석판매제조가공업,즉석판매제조가공업,,,0,N,,
,"경기도 시흥시 은계남로 12, 판매시설동 1층 105호 (은행동, 시흥은계 호반 써밋플레이스)",경기도 시흥시 은행동 644 시흥은계 호반 써밋플레이스,14922,,37.4351025771,126.8037071995,즉석판매제조가공업,즉석판매제조가공업,,,0,N,,
,경기도 시흥시 비둘기공원로 28,경기도 시흥시 대야동 542 GS마트,14912,031-435-7500,37.4430368253,126.7919559438,즉석판매제조가공업,즉석판매제조가공업,,,,N,,
,"경기도 시흥시 은계번영길 9, 골드웨이 1층 124호 일부호 (은행동)",경기도 시흥시 은행동 646-4 골드웨이,14922,031-314-2304,37.4375240428,126.8016387672,즉석판매제조가공업,즉석판매제조가공업,,,0,N,,
,"경기도 시흥시 능곡로 182, 홈플러스익스프레스능곡점 1층 일부호 (능곡동)",경기도 시흥시 능곡동 753 신성프라자,14995,,37.3682632809,126.8108643032,즉석판매제조가공업,즉석판매제조가공업,,,,N,,
,"경기도 시흥시 함송로 16, 1층 (정왕동)",경기도 시흥시 정왕동 1882-1 1층,15020,,37.3637596337,126.7295750521,즉석판매제조가공업,즉석판매제조가공업,,,0,N,,
,경기도 시흥시 정왕대로 210,경기도 시흥시 정왕동 1734-1 이마트 내,15066,,37.3459328804,126.7368812651,즉석판매제조가공업,즉석판매제조가공업,,,,N,,
,경기도 시흥시 마유로238번길 26,경기도 시흥시 정왕동 1366-4 GS마트 1층,15079,,37.3376271419,126.7306774357,즉석판매제조가공업,즉석판매제조가공업,,,,N,,
,경기도 시흥시 큰솔공원로 32,경기도 시흥시 정왕동 1540-3,15051,031-499-9250,37.3414271269,126.756875225,즉석판매제조가공업,즉석판매제조가공업,,,0,N,,
,경기도 시흥시 옥구천동로 422,경기도 시흥시 정왕동 1873-2 영남A2다니상가지하20,15027,031-432-5676,37.3581663617,126.7316083122,즉석판매제조가공업,즉석판매제조가공업,,,0,N,,
,경기도 시흥시 비둘기공원로 28,경기도 시흥시 대야동 542 코오롱마트내,14912,,37.4430368253,126.7919559438,즉석판매제조가공업,즉석판매제조가공업,,,0,N,,
,"경기도 시흥시 수인로3325번길 10, 지하1층 일부호 (신천동, 우명프라자)",경기도 시흥시 신천동 774 우명프라자,14950,,37.4382099813,126.788191992,즉석판매제조가공업,즉석판매제조가공업,,,,N,,
,"경기도 시흥시 오이도중앙로 82, 슐츠커피 오이도점 3층 일부호 (정왕동)",경기도 시흥시 정왕동 2036-10,15015,,37.3411921583,126.6882044604,즉석판매제조가공업,즉석판매제조가공업,,,,N,,
,경기도 시흥시 하중로 233 (하중동),경기도 시흥시 하중동 873-1,14976,,37.3910782153,126.8064643586,즉석판매제조가공업,즉석판매제조가공업,,,0,N,,
,"경기도 시흥시 수인로3325번길 10, 지하층 104,105,106,107,109,110호 일부호 (신천동, 우명프라자)",경기도 시흥시 신천동 774 우명프라자,14950,,37.4382099813,126.788191992,즉석판매제조가공업,즉석판매제조가공업,,,,N,,
,경기도 시흥시 월곶해안로 133,경기도 시흥시 월곶동 1013-12 157호,14963,031-404-8235,37.3876563066,126.7353628154,즉석판매제조가공업,즉석판매제조가공업,,,0,N,,
,"경기도 시흥시 배곧4로 81-46, 솔로몬프라자 106호 (배곧동)",경기도 시흥시 배곧동 66 솔로몬프라자,15010,031-431-6269,37.3746335805,126.7342752428,즉석판매제조가공업,즉석판매제조가공업,,,,N,,
,"경기도 시흥시 은행로 189, 상가동 지1층 004호 (대야동)",경기도 시흥시 대야동 570-1 청구아파트,14914,,37.446795103,126.7964200125,즉석판매제조가공업,즉석판매제조가공업,,,,N,,
,"경기도 시흥시 옥구상가2길 15-1, 1층 101호 일부호 (정왕동)",경기도 시흥시 정왕동 1859-16,15040,031-499-4236,37.3527767248,126.7234094715,즉석판매제조가공업,즉석판매제조가공업,,,0,N,,
,"경기도 시흥시 목감남서로 35, 근린생활시설동 지1층 104호 (조남동, 시흥목감 한신더휴센트럴파크)",경기도 시흥시 조남동 669 시흥목감 한신더휴센트럴파크,14988,,37.3754359071,126.8502731267,즉석판매제조가공업,즉석판매제조가공업,,,0,N,,
,"경기도 시흥시 서울대학로278번길 25-32, 1층 105호 (정왕동)",경기도 시흥시 정왕동 1771-1,15011,031-499-3830,37.3692022673,126.7293274077,즉석판매제조가공업,즉석판매제조가공업,,,,N,,
,"경기도 시흥시 서울대학로278번길 25-24, 다인로얄팰리스 배곧1차 3층 302호 (배곧동)",경기도 시흥시 배곧동 198-1 다인로얄팰리스 배곧1차,15011,,37.3695195634,126.7296065017,즉석판매제조가공업,즉석판매제조가공업,,,,N,,
,"경기도 시흥시 호현로22번길 27, 1층 (신천동)",경기도 시흥시 신천동 709-10 1층,14910,031-313-9016,37.4406190777,126.7871065669,즉석판매제조가공업,즉석판매제조가공업,,,,N,,
,"경기도 시흥시 서울대학로264번길 44-4, 에스프라자 7층 701호일부호 (배곧동)",경기도 시흥시 배곧동 231 에스프라자,15011,,37.3671759068,126.7282075179,즉석판매제조가공업,즉석판매제조가공업,,,,N,,
,"경기도 시흥시 옥구천동로 402, 월드아파트 주상가동 1층 105호 일부호 (정왕동)",경기도 시흥시 정왕동 1873-3 월드아파트,15027,031-498-3335,37.3567512193,126.7302225709,즉석판매제조가공업,즉석판매제조가공업,,,0,N,,
,"경기도 시흥시 연성로13번길 3, 106호 (하중동)",경기도 시흥시 하중동 875-1 106호,14976,070-4196-0615,37.39044629,126.804764366,즉석판매제조가공업,즉석판매제조가공업,,,0,N,,
,경기도 시흥시 대야로23번길 12 (대야동),경기도 시흥시 대야동 467-22,14905,031-311-6048,37.4460545406,126.7886490167,즉석판매제조가공업,즉석판매제조가공업,,,0,N,,
,"경기도 시흥시 동서로 1095-1, 105호 (논곡동, 황제상가)",경기도 시흥시 논곡동 160-29 황제상가 105호,14984,031-482-9508,37.3868476858,126.8602735302,즉석판매제조가공업,즉석판매제조가공업,,,0,N,,
,"경기도 시흥시 월곶중앙로 58, 307, 308호 (월곶동, 중앙프라자)","경기도 시흥시 월곶동 1009-2 중앙프라자 307,308호",14966,031-435-0514,37.3889417408,126.7390098298,즉석판매제조가공업,즉석판매제조가공업,,,,N,,
,경기도 시흥시 정왕시장길 35-2,경기도 시흥시 정왕동 1570-4 1층,15057,031-499-0205,37.344485795,126.747372892,즉석판매제조가공업,즉석판매제조가공업,,,0,N,,
,경기도 시흥시 오이도어시장로 7,"경기도 시흥시 정왕동 2004-3 A-63,64호",15015,,37.3451101492,126.6890880534,즉석판매제조가공업,즉석판매제조가공업,,,0,N,,
,"경기도 시흥시 복지로120번길 4, 3층 일부호 (대야동)",경기도 시흥시 대야동 284-2,14907,,37.4490636405,126.7929166452,즉석판매제조가공업,즉석판매제조가공업,,,0,N,,
,"경기도 시흥시 삼미시장2길 36, 1층 107호 (신천동)",경기도 시흥시 신천동 739-14,14948,,37.4401574151,126.7837988042,즉석판매제조가공업,즉석판매제조가공업,,,0,N,,
,"경기도 시흥시 새재로17번길 18, 1층 일부호 (장현동)",경기도 시흥시 장현동 532-6,14998,,37.3820682393,126.8009673581,즉석판매제조가공업,즉석판매제조가공업,,,,N,,
,"경기도 시흥시 월곶중앙로 37, 나동 12호 (월곶동)",경기도 시흥시 월곶동 1015-23,14963,,37.3876918946,126.740886357,즉석판매제조가공업,즉석판매제조가공업,,,,N,,
,"경기도 시흥시 정왕대로233번길 10, 4층 (정왕동, 일부)",경기도 시흥시 정왕동 1610-6 4층일부,15056,,37.3458914432,126.7402461221,즉석판매제조가공업,즉석판매제조가공업,,,,N,,
,"경기도 시흥시 호현로34번길 6, 1층 일부호 (대야동)",경기도 시흥시 대야동 498-5,14909,,37.4427015069,126.7856624272,즉석판매제조가공업,즉석판매제조가공업,,,,N,,
,"경기도 시흥시 배곧4로 30, 배곧타운I 109호 (정왕동)",경기도 시흥시 정왕동 2475-3 배곧타운I,15010,,37.377338562,126.7274821771,즉석판매제조가공업,즉석판매제조가공업,,,0,N,,
,경기도 시흥시 삼미시장4길 12 (신천동),경기도 시흥시 신천동 740-5,14948,031-314-5987,37.4396324656,126.7834420743,즉석판매제조가공업,즉석판매제조가공업,,,0,N,,
,"경기도 시흥시 인선길 39, 근린생활시설A동 2층 203호 일부호 (장곡동, 엘에이치17단지)",경기도 시흥시 장곡동 355-12 엘에이치17단지,15002,,37.3769372001,126.7840163865,즉석판매제조가공업,즉석판매제조가공업,,,,N,,
,"경기도 시흥시 조남길 19, 1층 일부호 (목감동)",경기도 시흥시 목감동 244-1 1층 일부호,14984,,37.3828090644,126.8601835893,즉석판매제조가공업,즉석판매제조가공업,,,,N,,
,"경기도 시흥시 신천천동로 7, 2층 (신천동, 두성빌딩)",경기도 시흥시 신천동 766-1 두성빌딩 2층,14949,031-311-2520,37.4391898299,126.7862610145,즉석판매제조가공업,즉석판매제조가공업,,,,N,,
,경기도 시흥시 정왕대로 210,경기도 시흥시 정왕동 1734-1 이마트 시화점,15066,02-2281-6340,37.3459328804,126.7368812651,즉석판매제조가공업,즉석판매제조가공업,,,,N,,
,경기도 시흥시 오이도어시장로 7,경기도 시흥시 정왕동 2004-3 오이도어시장 A동 135호,15015,031-431-0277,37.3451101492,126.6890880534,즉석판매제조가공업,즉석판매제조가공업,,,0,N,,
,경기도 시흥시 진말로9번길 2,"경기도 시흥시 장곡동 820-3 ,4,5,6 부석프라자 지하 해태마트",15002,,37.378468074,126.7852668701,즉석판매제조가공업,즉석판매제조가공업,,,0,N,,
,"경기도 시흥시 서울대학로 328, 1동 202호 (정왕동, 호반2차상가)",경기도 시흥시 정왕동 2501 호반2차상가 1동 202호,15010,031-431-3738,37.3719477129,126.7287572112,즉석판매제조가공업,즉석판매제조가공업,,,,N,,
,"경기도 시흥시 옥구천동로 402, GS수퍼마켓 시흥정왕점 (정왕동)",경기도 시흥시 정왕동 1873-3 월드아파트,15027,,37.3567512193,126.7302225709,즉석판매제조가공업,즉석판매제조가공업,,,,N,,
,"경기도 시흥시 비둘기공원로 28, 롯데마트 시흥점 2층 축산코너 일부호 (대야동)",경기도 시흥시 대야동 542 롯데마트 시흥점,14912,,37.4430368253,126.7919559438,즉석판매제조가공업,즉석판매제조가공업,,,,N,,
,경기도 시흥시 비둘기공원로 28,경기도 시흥시 대야동 542-0 코오롱마트내,14912,,37.4430368253,126.7919559438,즉석판매제조가공업,즉석판매제조가공업,,,0,N,,
,경기도 시흥시 장곡로49번길 10-1,경기도 시흥시 장곡동 809-9,15002,031-318-5194,37.3784188272,126.7830874092,즉석판매제조가공업,즉석판매제조가공업,,,0,N,,
,경기도 시흥시 신천3길 14,경기도 시흥시 신천동 735-1,14948,031-317-7771,37.4394306443,126.7843483291,즉석판매제조가공업,즉석판매제조가공업,,,0,N,,
,경기도 시흥시 월곶해안로 133,경기도 시흥시 월곶동 1013-12 111호,14963,031-404-8232,37.3876563066,126.7353628154,즉석판매제조가공업,즉석판매제조가공업,,,0,N,,
,경기도 시흥시 월곶해안로 133,"경기도 시흥시 월곶동 1013-12 52,53,54,55,56호",14963,031-317-3363,37.3876563066,126.7353628154,즉석판매제조가공업,즉석판매제조가공업,,,0,N,,
,,경기도 시흥시 월곶동 1010-4 풍림1차 아이원상가 지하 101,14964,031-404-6030,37.3902457487,126.735754493,즉석판매제조가공업,즉석판매제조가공업,,,0,N,,
,"경기도 시흥시 장현순환로 58, 1231동 지1층 2-108호 (장현동, 장현호반써밋)",경기도 시흥시 장현동 369 장현호반써밋,14996,,37.3747138744,126.7950269845,즉석판매제조가공업,즉석판매제조가공업,,,,N,,
,"경기도 시흥시 희망공원로 269, 홈플러스시화점 2층 식품매장 2층 일부호 (정왕동)",경기도 시흥시 정왕동 2166-4 홈플러스시화점,15081,031-792-9029,37.3452082082,126.725237369,즉석판매제조가공업,즉석판매제조가공업,,,0,N,,
,경기도 시흥시 함송로14번길 30,경기도 시흥시 정왕동 1886-2 대현프라자 후레쉬마트(내),15021,031-434-4927,37.3621873145,126.72897004,즉석판매제조가공업,즉석판매제조가공업,,,0,N,,
,"경기도 시흥시 군자로504번길 7, 보우아파트 상가동 1층 102호일부호 (거모동)",경기도 시흥시 거모동 1741-1 보우아파트,15071,,37.3448477729,126.7839034648,즉석판매제조가공업,즉석판매제조가공업,,,0,N,,
,"경기도 시흥시 군서로60번길 8 (정왕동, 지하1층)",경기도 시흥시 정왕동 1208-14 지하1층,15052,031-497-1152,37.3471940737,126.7466119919,즉석판매제조가공업,즉석판매제조가공업,,,0,N,,
,경기도 시흥시 오이도어시장로 8,경기도 시흥시 정왕동 2005-3 오이도 종합어시장 B동 19호,15015,031-285-5915,37.3446490932,126.6888897946,즉석판매제조가공업,즉석판매제조가공업,,,0,N,,
,"경기도 시흥시 월곶중앙로14번길 87, 2층 206호 (월곶동, 월곶2차풍림아이원아파트)",경기도 시흥시 월곶동 1010-1 월곶2차풍림아이원아파트,14965,,37.3916530654,126.738733889,즉석판매제조가공업,즉석판매제조가공업,,,,N,,
,경기도 시흥시 오이도어시장로 7,경기도 시흥시 정왕동 2004-3 오이도종합어시장 A동 215.216호,15015,,37.3451101492,126.6890880534,즉석판매제조가공업,즉석판매제조가공업,,,0,N,,
,"경기도 시흥시 수인로3312번길 16, T동 지3층 T131호 (대야동, 시흥 센트럴 푸르지오)",경기도 시흥시 대야동 693 시흥 센트럴 푸르지오,14911,031-404-1255,37.4413231865,126.7902764284,즉석판매제조가공업,즉석판매제조가공업,,,0,N,,
,경기도 시흥시 은행로173번길 5,경기도 시흥시 대야동 579-4,14914,031-314-7494,37.4457938415,126.797808611,즉석판매제조가공업,즉석판매제조가공업,,,0,N,,
,경기도 시흥시 희망공원로 269,경기도 시흥시 정왕동 2166-4 홈플러스 1층,15081,,37.3452082082,126.725237369,즉석판매제조가공업,즉석판매제조가공업,,,0,N,,
,"경기도 시흥시 비둘기공원로 28 (대야동, 롯데마트 시흥점 내)",경기도 시흥시 대야동 542,14912,,37.4430368253,126.7919559438,즉석판매제조가공업,즉석판매제조가공업,,,,N,,
,경기도 시흥시 서울외곽순환고속도로 105 (조남동),경기도 시흥시 조남동 산 15-1,14983,,37.3838382249,126.8554983736,즉석판매제조가공업,즉석판매제조가공업,,,,N,,
,경기도 시흥시 진말로9번길 2,경기도 시흥시 장곡동 820-3 부석프라자 지하1층,15002,,37.378468074,126.7852668701,즉석판매제조가공업,즉석판매제조가공업,,,0,N,,
,경기도 시흥시 호현로 39 (신천동),경기도 시흥시 신천동 704-26,14904,031-311-5000,37.4438153658,126.7850300739,즉석판매제조가공업,즉석판매제조가공업,,,0,N,,
,"경기도 시흥시 호현로9번길 6, 아도니스의 꿈 1층 108호 (신천동)",경기도 시흥시 신천동 706-12 아도니스의 꿈,14904,,37.4420479631,126.7834190399,즉석판매제조가공업,즉석판매제조가공업,,,,N,,
,경기도 시흥시 월곶중앙로 64 (월곶동),경기도 시흥시 월곶동 1009-1,14966,031-318-0005,37.3891728802,126.7385104453,즉석판매제조가공업,즉석판매제조가공업,,,0,N,,
,"경기도 시흥시 서울대학로278번길 25-32, 다인로얄팰리스 배곧2차 1층 111호 일부호 (배곧동)",경기도 시흥시 배곧동 198-2 다인로얄팰리스 배곧2차,15011,031-499-0799,37.3692022673,126.7293274077,즉석판매제조가공업,즉석판매제조가공업,,,0,N,,
,경기도 시흥시 삼미시장1길 19,경기도 시흥시 신천동 738-2,14948,,37.4405908634,126.7839303247,즉석판매제조가공업,즉석판매제조가공업,,,0,N,,
,경기도 시흥시 장곡로 23,경기도 시흥시 장곡동 823-2 중앙시장마트,15002,031-317-0777,37.3790954387,126.7861645217,즉석판매제조가공업,즉석판매제조가공업,,,0,N,,
,"경기도 시흥시 함송로13번길 27, 대진식자재마트 시흥점 1층 일부호 (정왕동)",경기도 시흥시 정왕동 1878-2,15020,,37.3651101625,126.7321134465,즉석판매제조가공업,즉석판매제조가공업,,,,N,,
,"경기도 시흥시 마유로238번길 26 (정왕동, 롯데마트시화점1층)",경기도 시흥시 정왕동 1366-4 롯데마트시화점1층,15079,031-496-7700,37.3376271419,126.7306774357,즉석판매제조가공업,즉석판매제조가공업,,,,N,,
,"경기도 시흥시 배곧전원로 18-22, 1층 103호 (배곧동)",경기도 시흥시 배곧동 101-10,15010,,37.3781562969,126.7284790344,즉석판매제조가공업,즉석판매제조가공업,,,,N,,
,"경기도 시흥시 서울대학로264번길 25, 시흥배곧 아브뉴프랑 센트럴 블루 1층 107호 (배곧동)",경기도 시흥시 배곧동 219 시흥배곧 아브뉴프랑 센트럴 블루,15011,031-432-3433,37.3683599517,126.7273257955,즉석판매제조가공업,즉석판매제조가공업,,,,N,,
,"경기도 시흥시 삼미시장2길 24, 2층 201호 (신천동)",경기도 시흥시 신천동 742-2,14948,,37.4406010068,126.7826302328,즉석판매제조가공업,즉석판매제조가공업,,,,N,,
,"경기도 시흥시 목감중앙로 47, 1층 (조남동)",경기도 시흥시 조남동 677,14988,031-792-9029,37.3735227218,126.854796044,즉석판매제조가공업,즉석판매제조가공업,,,,N,,
,"경기도 시흥시 서울외곽순환고속도로 105, 시흥하늘휴게소 (조남동)",경기도 시흥시 조남동 산 15-1,14983,031-792-4950,37.3838382249,126.8554983736,즉석판매제조가공업,즉석판매제조가공업,,,,N,,
,"경기도 시흥시 시청로72번길 16, 다성빌딩 2층 일부호 (장현동)",경기도 시흥시 장현동 534-1 다성빌딩,14998,,37.381636408,126.8011069122,즉석판매제조가공업,즉석판매제조가공업,,,,N,,
,"경기도 시흥시 역전로 73, 1층 일부호 (정왕동)",경기도 시흥시 정왕동 1539,15051,031-434-8956,37.3421194245,126.7580312223,즉석판매제조가공업,즉석판매제조가공업,,,,N,,
,"경기도 시흥시 서울대학로278번길 67 (정왕동, 롯데마트 시흥배곧점 내 수산코너)",경기도 시흥시 정왕동 1771-1,15011,,37.3688907319,126.7313182505,즉석판매제조가공업,즉석판매제조가공업,,,,N,,
,,경기도 시흥시 대야동 542 지에스마트 시흥점내,,,,,즉석판매제조가공업,즉석판매제조가공업,,,,N,,
,"경기도 시흥시 월곶해안로 133 (월곶동, 월곶화신수산,170,171,172호)","경기도 시흥시 월곶동 1013-12 월곶화신수산,170,171,172호",14963,031-318-9920,37.3876563066,126.7353628154,즉석판매제조가공업,즉석판매제조가공업,,,0,N,,
,"경기도 시흥시 죽율로 38, 시흥6차푸르지오2단지 상가동 상가동 1층 101호 일부호 (죽율동)",경기도 시흥시 죽율동 752 시흥6차푸르지오2단지 상가동,15050,,37.348034725,126.7612810999,즉석판매제조가공업,즉석판매제조가공업,,,,N,,
,경기도 시흥시 호현로 22 (신천동),경기도 시흥시 신천동 707-66,14910,031-435-3211,37.4422542614,126.7847397055,즉석판매제조가공업,즉석판매제조가공업,,,,N,,
,"경기도 시흥시 배곧4로 32-13, 에브리데이시흥배곧점 (배곧동)",경기도 시흥시 배곧동 126,15010,,37.376956103,126.7268874805,즉석판매제조가공업,즉석판매제조가공업,,,,N,,
,"경기도 시흥시 승지로59번길 12, 시티타워 1층 106호 (능곡동)",경기도 시흥시 능곡동 722 시티타워,14995,,37.3688925451,126.8090289918,즉석판매제조가공업,즉석판매제조가공업,,,0,N,,
,"경기도 시흥시 희망공원로 269, 홈플러스시화점 (정왕동)",경기도 시흥시 정왕동 2166-4 홈플러스시화점,15081,051-831-5711,37.3452082082,126.725237369,즉석판매제조가공업,즉석판매제조가공업,,,,N,,
,"경기도 시흥시 마유로238번길 26, 롯데마트시화점 1층 (정왕동)",경기도 시흥시 정왕동 1366-4 1층호,15079,,37.3376271419,126.7306774357,즉석판매제조가공업,즉석판매제조가공업,,,,N,,
,경기도 시흥시 매화2로 22 (매화동),경기도 시흥시 매화동 220-13,14940,031-316-1893,37.4169649004,126.8125541457,즉석판매제조가공업,즉석판매제조가공업,,,0,N,,
,,경기도 시흥시 정왕동 0-0 시화공단3나802-1호,15119,02-697-7272,,,즉석판매제조가공업,즉석판매제조가공업,,,0,N,,
,"경기도 시흥시 서울대학로264번길 35, 시흥배곧 아브뉴프랑 센트럴 그린 1층 106호 일부호 (배곧동)",경기도 시흥시 배곧동 218 시흥배곧 아브뉴프랑 센트럴 그린,15011,,37.3677274711,126.7284729076,즉석판매제조가공업,즉석판매제조가공업,,,,N,,
,"경기도 시흥시 복지로53번길 34, 1층 일부호 (대야동)",경기도 시흥시 대야동 476-15,14905,,37.4455887565,126.7861437037,즉석판매제조가공업,즉석판매제조가공업,,,0,N,,
,"경기도 시흥시 정왕대로 174 (정왕동, 광개토(빌)111호)",경기도 시흥시 정왕동 1726-1 광개토(빌)111호,15036,031-319-8953,37.3481553901,126.7334942325,즉석판매제조가공업,즉석판매제조가공업,,,0,N,,
,경기도 시흥시 은행로173번길 17,경기도 시흥시 대야동 572-3 1층 복지농산물공판장(내),14914,,37.44484142,126.7968000667,즉석판매제조가공업,즉석판매제조가공업,,,0,N,,
,"경기도 시흥시 신천로100번길 33, 1층 (신천동)",경기도 시흥시 신천동 779-11,14950,,37.4383204102,126.7900674045,즉석판매제조가공업,즉석판매제조가공업,,,,N,,
,경기도 시흥시 월곶해안로 133,"경기도 시흥시 월곶동 1013-12 94,95호",14963,031-404-8399,37.3876563066,126.7353628154,즉석판매제조가공업,즉석판매제조가공업,,,0,N,,
,경기도 시흥시 수인로3381번길 23,경기도 시흥시 신천동 759-8,14948,031-695-9988,37.4391498371,126.782632782,즉석판매제조가공업,즉석판매제조가공업,,,0,N,,
,"경기도 시흥시 호현로 30-1, 북시흥농협 하나로마트 (대야동)",경기도 시흥시 대야동 496-11 북시흥농협,14909,,37.4434226193,126.7856668762,즉석판매제조가공업,즉석판매제조가공업,,,,N,,
,경기도 시흥시 군자로534번안길 18-9,경기도 시흥시 거모동 1765-5 녹원아파트상가 108호,15069,,37.3422071799,126.7884556454,즉석판매제조가공업,즉석판매제조가공업,,,,N,,
,"경기도 시흥시 시흥대로1074번길 5, 롯데슈퍼 1층  호 (은행동)",경기도 시흥시 은행동 288-1 스페이스타워,14921,,37.4320543214,126.7936643149,즉석판매제조가공업,즉석판매제조가공업,,,,N,,
,"경기도 시흥시 정왕대로 210, E MART시화점 2층 (정왕동)",경기도 시흥시 정왕동 1734-2 E MART시화점,15066,061-644-8666,37.3459328804,126.7368812651,즉석판매제조가공업,즉석판매제조가공업,,,,N,,
,"경기도 시흥시 정왕대로 210, E MART시화점 2층 (정왕동)",경기도 시흥시 정왕동 1734-2 E MART시화점,15066,070-5106-5833,37.3459328804,126.7368812651,즉석판매제조가공업,즉석판매제조가공업,,,,N,,
,"경기도 시흥시 수인로3325번길 10, 113호 (신천동)",경기도 시흥시 신천동 774 113호,14950,,37.4382099813,126.788191992,즉석판매제조가공업,즉석판매제조가공업,,,0,N,,
,경기도 시흥시 진말로9번길 8,경기도 시흥시 장곡동 820-8 1층,15002,,37.3783844293,126.7848497504,즉석판매제조가공업,즉석판매제조가공업,,,0,N,,
,경기도 시흥시 오이도어시장로 7,경기도 시흥시 정왕동 2004-3 오이도종합어시장 A동 65호,15015,,37.3451101492,126.6890880534,즉석판매제조가공업,즉석판매제조가공업,,,0,N,,
,경기도 시흥시 마유로238번길 26,경기도 시흥시 정왕동 1366-4 LG마트 내,15079,031-496-7761,37.3376271419,126.7306774357,즉석판매제조가공업,즉석판매제조가공업,,,0,N,,
,경기도 시흥시 삼미시장2길 24,경기도 시흥시 신천동 742-2 박할인마트,14948,031-311-4900,37.4406010068,126.7826302328,즉석판매제조가공업,즉석판매제조가공업,,,0,N,,
,경기도 시흥시 신천2길 12,경기도 시흥시 신천동 757-26,14948,031-692-1884,37.439258835,126.7812865532,즉석판매제조가공업,즉석판매제조가공업,,,0,N,,
,경기도 시흥시 오이도어시장로 8,"경기도 시흥시 정왕동 2005-3 오이도어시장 B동 158,159호",15015,,37.3446490932,126.6888897946,즉석판매제조가공업,즉석판매제조가공업,,,0,N,,
,경기도 시흥시 오이도어시장로 7,"경기도 시흥시 정왕동 2004-3 오이도종합어시장 A동 52,53호",15015,,37.3451101492,126.6890880534,즉석판매제조가공업,즉석판매제조가공업,,,0,N,,
,"경기도 시흥시 신천천동로51번길 14, 1층 일부호 (신천동)",경기도 시흥시 신천동 845-4,14949,,37.4362432829,126.7834291744,즉석판매제조가공업,즉석판매제조가공업,,,0,N,,
,"경기도 시흥시 옥구천동로 449, 상가동 106호 (정왕동, 부성파스텔A )",경기도 시흥시 정왕동 1876-3 부성파스텔A 상가동 106호,15022,031-496-0707,37.360429449,126.7330983975,즉석판매제조가공업,즉석판매제조가공업,,,0,N,,
,"경기도 시흥시 정왕신길로229번길 10-1, 1층 (정왕동)",경기도 시흥시 정왕동 1827-6 1층,15053,031-313-3620,37.3490199261,126.7431727158,즉석판매제조가공업,즉석판매제조가공업,,,0,N,,
,경기도 시흥시 마유로238번길 26,경기도 시흥시 정왕동 1366-4 GS마트 지상1층,15079,,37.3376271419,126.7306774357,즉석판매제조가공업,즉석판매제조가공업,,,,N,,
,"경기도 시흥시 옥구천동로 402, 월드아파트 GS슈퍼마켓시흥정왕점 호 (정왕동)",경기도 시흥시 정왕동 1873-3 월드아파트,15027,,37.3567512193,126.7302225709,즉석판매제조가공업,즉석판매제조가공업,,,,N,,
,"경기도 시흥시 호현로 40, 1층 일부호 (대야동)",경기도 시흥시 대야동 495 시흥동물병원,14909,031-311-6315,37.4439972677,126.7852996586,즉석판매제조가공업,즉석판매제조가공업,,,0,N,,
,"경기도 시흥시 비둘기공원로 28, 롯데마트 시흥점 (대야동)",경기도 시흥시 대야동 542 롯데마트 시흥점,14912,031-425-6422,37.4430368253,126.7919559438,즉석판매제조가공업,즉석판매제조가공업,,,,N,,
,"경기도 시흥시 목감우회로 39, 목감 시티프라자 1층 108호 일부호 (목감동)",경기도 시흥시 목감동 403-1 목감 시티프라자,14985,031-410-2304,37.3819082861,126.8602929025,즉석판매제조가공업,즉석판매제조가공업,,,0,N,,
,경기도 시흥시 오이도중앙로36번길 12 (정왕동),경기도 시흥시 정왕동 2002-11 성신수산 12-2호,15015,031-432-3233,37.3458642221,126.688639633,즉석판매제조가공업,즉석판매제조가공업,,,0,N,,
,"경기도 시흥시 역전로302번길 20-10, 로얄빌딩 1층 (정왕동)",경기도 시흥시 정왕동 2300-2 로얄빌딩,15024,,37.3534498589,126.7410167884,즉석판매제조가공업,즉석판매제조가공업,,,0,N,,
,경기도 시흥시 월곶해안로 133,경기도 시흥시 월곶동 1013-12 138호,14963,031-404-8231,37.3876563066,126.7353628154,즉석판매제조가공업,즉석판매제조가공업,,,0,N,,
,"경기도 시흥시 복지로 15, 1층 109호 (신천동, 시흥5차푸르지오)",경기도 시흥시 신천동 709-32 시흥5차푸르지오,14910,,37.4416793445,126.7865538933,즉석판매제조가공업,즉석판매제조가공업,,,0,N,,
,경기도 시흥시 매화로45번길 1,경기도 시흥시 매화동 193-1,14941,031-315-6137,37.4153024267,126.8149763521,즉석판매제조가공업,즉석판매제조가공업,,,0,N,,
,"경기도 시흥시 봉우재로 20, 3층 (정왕동)",경기도 시흥시 정왕동 1593,15057,,37.3448414517,126.7437791518,즉석판매제조가공업,즉석판매제조가공업,,,,N,,
,"경기도 시흥시 비둘기공원로 28, 롯데마트 시흥점 식품매장 내 2층 (대야동)",경기도 시흥시 대야동 542 롯데마트 시흥점,14912,,37.4430368253,126.7919559438,즉석판매제조가공업,즉석판매제조가공업,,,,N,,
,"경기도 시흥시 월곶중앙로30번안길 33, 1층 일부호 (월곶동)",경기도 시흥시 월곶동 1008-1,14966,032-324-7694,37.3902167213,126.7396408538,즉석판매제조가공업,즉석판매제조가공업,,,,N,,
,"경기도 시흥시 배곧4로 32-13, 일부호 (배곧동)",경기도 시흥시 배곧동 126,15010,,37.376956103,126.7268874805,즉석판매제조가공업,즉석판매제조가공업,,,,N,,
,경기도 시흥시 군서로6번길 10 (정왕동),경기도 시흥시 정왕동 1196-15,15052,031-498-6780,37.3443047081,126.7515067769,즉석판매제조가공업,즉석판매제조가공업,,,0,N,,
,경기도 시흥시 마유로238번길 26,경기도 시흥시 정왕동 1366-4 LG마트(내),15079,031-496-7745,37.3376271419,126.7306774357,즉석판매제조가공업,즉석판매제조가공업,,,0,N,,
,"경기도 시흥시 평안상가1길 17, 2층 (정왕동)",경기도 시흥시 정왕동 1624-11 2층,15062,,37.3378418257,126.7472359951,즉석판매제조가공업,즉석판매제조가공업,,,,N,,
,"경기도 시흥시 복지로43번길 8, 1층 일부호 (대야동)",경기도 시흥시 대야동 489-6 초대교회,14909,,37.4437632513,126.7883428715,즉석판매제조가공업,즉석판매제조가공업,,,,N,,
,"경기도 시흥시 서울대학로278번길 26, 시흥배곧 아브뉴프랑 센트럴 오렌지 1층 105호 일부호 (배곧동)",경기도 시흥시 배곧동 215 시흥배곧 아브뉴프랑 센트럴 오렌지,15011,,37.368904127,126.7278397154,즉석판매제조가공업,즉석판매제조가공업,,,,N,,
,"경기도 시흥시 정왕대로 210, E MART시화점 2층 일부호 (정왕동)",경기도 시흥시 정왕동 1734-2 E MART시화점,15066,031-858-1227,37.3459328804,126.7368812651,즉석판매제조가공업,즉석판매제조가공업,,,,N,,
,"경기도 시흥시 비둘기공원7길 18, 하나 골드타워 1층 107호 (대야동)",경기도 시흥시 대야동 562-1 하나 골드타워,14908,,37.444422726,126.793095982,즉석판매제조가공업,즉석판매제조가공업,,,0,N,,
,,경기도 시흥시 정왕동 1203 정왕시장조합(내) 306호,15119,02-498-3525,,,즉석판매제조가공업,즉석판매제조가공업,,,0,N,,
,경기도 시흥시 삼미시장2길 24,경기도 시흥시 신천동 742-2,14948,,37.4406010068,126.7826302328,즉석판매제조가공업,즉석판매제조가공업,,,0,N,,
,경기도 시흥시 신현로14번길 2 (포동),경기도 시흥시 포동 2 태헌신관2차아파트 상가동 b02호,14957,031-311-3383,37.4080823924,126.7875053908,즉석판매제조가공업,즉석판매제조가공업,,,0,N,,
,"경기도 시흥시 오이도로 173, B동 30~31호 (정왕동)",경기도 시흥시 정왕동 2003-12 B동 30~31호,15015,,37.3454457514,126.6880796381,즉석판매제조가공업,즉석판매제조가공업,,,,N,,
,경기도 시흥시 정왕신길로49번길 8 (정왕동),경기도 시흥시 정왕동 1875-1 영남 1차상가 1층 105호,15028,031-434-9010,37.3588036068,126.7270398525,즉석판매제조가공업,즉석판매제조가공업,,,0,N,,
,"경기도 시흥시 서울대학로264번길 12, 208동 1층 156호 일부호 (배곧동, 시흥배곧 C2블럭 호반 써밋플레이스 아파트)",경기도 시흥시 배곧동 221 시흥배곧 C2블럭 호반 써밋플레이스 아파트,,,,,즉석판매제조가공업,즉석판매제조가공업,,,,N,,
,"경기도 시흥시 연성로29번길 14-1, 1층 일부호 (하중동)",경기도 시흥시 하중동 867-12,14976,,37.3919522278,126.8064111182,즉석판매제조가공업,즉석판매제조가공업,,,0,N,,
,"경기도 시흥시 호현로 277, 1층 일부호 (대야동)",경기도 시흥시 대야동 38-8,14900,,37.4631865433,126.791189278,즉석판매제조가공업,즉석판매제조가공업,,,,N,,
,"경기도 시흥시 비둘기공원로 28 (대야동,롯데마트 내 2층)",경기도 시흥시 대야동 542 롯데마트 내 2층,14912,031-817-0601,37.4430368253,126.7919559438,즉석판매제조가공업,즉석판매제조가공업,,,0,N,,
,"경기도 시흥시 중심상가로 103, 상가동 1층 104호 (정왕동, 세종아파트)",경기도 시흥시 정왕동 1849-6 세종아파트,15038,031-432-2006,37.3492778767,126.728684332,즉석판매제조가공업,즉석판매제조가공업,,,0,N,,
,"경기도 시흥시 해송십리로 472-11, GS더프레시 1층 일부호 (배곧동, 배곧중흥에스클래스)",경기도 시흥시 배곧동 5 배곧중흥에스클래스,15010,031-527-9217,37.3848290984,126.7330532772,즉석판매제조가공업,즉석판매제조가공업,,,,N,,
,"경기도 시흥시 정왕대로 210, 2층 (정왕동, 시화이마트)",경기도 시흥시 정왕동 1734-2,15066,,37.3459328804,126.7368812651,즉석판매제조가공업,즉석판매제조가공업,,,,N,,
,경기도 시흥시 매화2로 10,경기도 시흥시 매화동 210-6 101호,14940,031-319-1294,37.4163225197,126.8136900848,즉석판매제조가공업,즉석판매제조가공업,,,0,N,,
,"경기도 시흥시 월곶중앙로 35-1, 나동 (월곶동, 1층일부)",경기도 시흥시 월곶동 1015-25 1층일부 나동,14963,,37.3874588604,126.7410920399,즉석판매제조가공업,즉석판매제조가공업,,,,N,,
,경기도 시흥시 동서로 1086 (목감동),경기도 시흥시 목감동 240-5,14984,031-482-9508,37.3857658481,126.8602375375,즉석판매제조가공업,즉석판매제조가공업,,,0,N,,
,"경기도 시흥시 비둘기공원로 28, 롯데마트 시흥점 2층 일부호 (대야동)",경기도 시흥시 대야동 542 롯데마트 시흥점,14912,031-528-9227,37.4430368253,126.7919559438,즉석판매제조가공업,즉석판매제조가공업,,,,N,,
,경기도 시흥시 수인로3325번길 10,경기도 시흥시 신천동 774 우명프라자 113호,14950,,37.4382099813,126.788191992,즉석판매제조가공업,즉석판매제조가공업,,,,N,,
,"경기도 시흥시 도일로123번길 4 (거모동, 대동(빌)107호)",경기도 시흥시 거모동 1753-6 대동(빌)107호,15070,031-493-6363,37.3418007645,126.7838420831,즉석판매제조가공업,즉석판매제조가공업,,,,N,,
,경기도 시흥시 오이도로 167,"경기도 시흥시 정왕동 2003-8 오이도수산물직판장 A동 24,25호",15015,031-433-5884,37.3458883179,126.6882103529,즉석판매제조가공업,즉석판매제조가공업,,,,N,,
,"경기도 시흥시 호현로 155-3, A동 1층 101호 (대야동)",경기도 시흥시 대야동 303-79,14902,,37.4531466516,126.7883896486,즉석판매제조가공업,즉석판매제조가공업,,,,N,,
,"경기도 시흥시 서울대학로278번길 67 (정왕동, 롯데마트시흥배곧점)",경기도 시흥시 정왕동 1771-1,15011,,37.3688907319,126.7313182505,즉석판매제조가공업,즉석판매제조가공업,,,0,N,,
,"경기도 시흥시 은계중앙로 247, 럭스나인 은계 3층 311호 일부호 (은행동)",경기도 시흥시 은행동 607 럭스나인 은계,14923,,37.4458800343,126.8032342589,즉석판매제조가공업,즉석판매제조가공업,,,,N,,
,경기도 시흥시 신천3길 15-1,경기도 시흥시 신천동 734-9,14948,,37.4391056267,126.7842609917,즉석판매제조가공업,즉석판매제조가공업,,,0,N,,
,"경기도 시흥시 호현로 21, 1층 (신천동)",경기도 시흥시 신천동 705-16 1층,14904,,37.4423432288,126.7845466809,즉석판매제조가공업,즉석판매제조가공업,,,,N,,
,경기도 시흥시 정왕시장길 26,경기도 시흥시 정왕동 1558-10,15058,031-498-9889,37.3434726607,126.746807229,즉석판매제조가공업,즉석판매제조가공업,,,0,N,,
,"경기도 시흥시 시흥대로1074번길 5, 스페이스타워 1층 105호 (은행동)",경기도 시흥시 은행동 288-1 스페이스타워,14921,,37.4320543214,126.7936643149,즉석판매제조가공업,즉석판매제조가공업,,,,N,,
,경기도 시흥시 장곡로49번길 5,경기도 시흥시 장곡동 813-1 1층 103호,15002,031-404-1373,37.3790337062,126.7834091127,즉석판매제조가공업,즉석판매제조가공업,,,0,N,,
,"경기도 시흥시 능곡로 182, 신성프라자 1층 일부호 (능곡동)",경기도 시흥시 능곡동 753 신성프라자,14995,,37.3682632809,126.8108643032,즉석판매제조가공업,즉석판매제조가공업,,,,N,,
,"경기도 시흥시 삼미시장3길 20-1 (신천동, 크리스탈(빌)1층)",경기도 시흥시 신천동 739-12 크리스탈(빌)1층,14948,,37.4402249964,126.7830520796,즉석판매제조가공업,즉석판매제조가공업,,,0,N,,
,경기도 시흥시 삼미시장1길 27,경기도 시흥시 신천동 738 C동 101호,14948,031-313-4831,37.4408126271,126.7833403858,즉석판매제조가공업,즉석판매제조가공업,,,0,N,,
,"경기도 시흥시 은행로 188-15, 상가동 1층 1호 (대야동, 삼보아파트)",경기도 시흥시 대야동 275 삼보아파트,14907,,37.4473658863,126.7969121015,즉석판매제조가공업,즉석판매제조가공업,,,0,N,,
,경기도 시흥시 장곡로49번길 4 (장곡동),경기도 시흥시 장곡동 809-3,15002,031-313-3818,37.3791854237,126.7831591774,즉석판매제조가공업,즉석판매제조가공업,,,0,N,,
,"경기도 시흥시 비둘기공원6길 25, 견우프라자 2층 201호 일부호 (대야동)",경기도 시흥시 대야동 541-17 견우프라자,14912,,37.4416332266,126.7908726367,즉석판매제조가공업,즉석판매제조가공업,,,0,N,,
,"경기도 시흥시 정왕대로27번길 11, 신동아아파트 상가동 1층 101호 (정왕동)",경기도 시흥시 정왕동 1940-2 신동아아파트,15029,,37.3577492929,126.7215854217,즉석판매제조가공업,즉석판매제조가공업,,,,N,,
,경기도 시흥시 오이도로 173,경기도 시흥시 정왕동 2003-12 B동 139호,15015,031-433-5960,37.3454457514,126.6880796381,즉석판매제조가공업,즉석판매제조가공업,,,0,N,,
,"경기도 시흥시 정왕대로 210, E MART시화점 2층 일부호 (정왕동)",경기도 시흥시 정왕동 1734-2 E MART시화점,15066,02-6011-4900,37.3459328804,126.7368812651,즉석판매제조가공업,즉석판매제조가공업,,,,N,,
,경기도 시흥시 정왕천로355번길 8,경기도 시흥시 정왕동 1439-12,15058,031-433-7754,37.3408456404,126.7475898501,즉석판매제조가공업,즉석판매제조가공업,,,0,N,,
,"경기도 시흥시 진말1로 18, 5층 507호 (장곡동)",경기도 시흥시 장곡동 260-21,14996,,37.3778277752,126.789700539,즉석판매제조가공업,즉석판매제조가공업,,,0,N,,
,"경기도 시흥시 배곧4로 99, 로얄페스타 1층 106호 (배곧동)",경기도 시흥시 배곧동 76 로얄페스타,15010,031-433-9997,37.374065612,126.734258428,즉석판매제조가공업,즉석판매제조가공업,,,0,N,,
,"경기도 시흥시 서울대학로278번길 19-13, 108동 B103,B104호 (배곧동, 시흥배곧 C1 호반 써밋플레이스)",경기도 시흥시 배곧동 191 시흥배곧 C1 호반 써밋플레이스,15011,032-220-0776,37.3709989287,126.7270163836,즉석판매제조가공업,즉석판매제조가공업,,,,N,,
,"경기도 시흥시 오이도중앙로36번길 6-7, 101호 (정왕동)",경기도 시흥시 정왕동 2001-3 101호,15015,031-432-4777,37.3458949765,126.6891812232,즉석판매제조가공업,즉석판매제조가공업,,,,N,,
,경기도 시흥시 평안상가1길 1 (정왕동),경기도 시흥시 정왕동 1622,15062,031-433-7500,37.3388673438,126.7483320831,즉석판매제조가공업,즉석판매제조가공업,,,0,N,,
,"경기도 시흥시 중심상가로 158 (정왕동, 하나(프)1층108호)",경기도 시흥시 정왕동 1731-12 하나(프)1층108호,15036,,37.3461334576,126.7330518936,즉석판매제조가공업,즉석판매제조가공업,,,0,N,,
,"경기도 시흥시 서울대학로278번길 34, 시흥배곧 아브뉴프랑 센트럴 옐로우 3층 328호 일부, 329호 일부호 (배곧동)",경기도 시흥시 배곧동 216 시흥배곧 아브뉴프랑 센트럴 옐로우,15011,031-496-9099,37.3682081085,126.7289197215,즉석판매제조가공업,즉석판매제조가공업,,,,N,,
,"경기도 시흥시 목감둘레로 41, 2층 201호 일부호 (조남동)",경기도 시흥시 조남동 664-1 J664.1,14988,031-403-5002,37.3748100754,126.8479292764,즉석판매제조가공업,즉석판매제조가공업,,,,N,,
,경기도 시흥시 진말로9번길 2,"경기도 시흥시 장곡동 820-3 4,5,6 부석프라자 지하",15002,,37.378468074,126.7852668701,즉석판매제조가공업,즉석판매제조가공업,,,0,N,,
,경기도 시흥시 신천3길 28-12 (신천동),경기도 시흥시 신천동 760-2,14948,031-317-4216,37.4392613541,126.7831856186,즉석판매제조가공업,즉석판매제조가공업,,,0,N,,
,"경기도 시흥시 오이도어시장로 7 (정왕동,오이도종합어시장 A동 155호,156호,157호)","경기도 시흥시 정왕동 2004-3 오이도종합어시장 A동 155호,156호,157호",15015,031-434-4555,37.3451101492,126.6890880534,즉석판매제조가공업,즉석판매제조가공업,,,0,N,,
,경기도 시흥시 마유로238번길 26,경기도 시흥시 정왕동 1366-4 GS마트내,15079,031-469-7700,37.3376271419,126.7306774357,즉석판매제조가공업,즉석판매제조가공업,,,0,N,,
,"경기도 시흥시 수인로 3372, 신천프라자 지1층 1B25호 일부호 (신천동)",경기도 시흥시 신천동 712-9 신천프라자,14910,,37.4411251667,126.7843434953,즉석판매제조가공업,즉석판매제조가공업,,,,N,,
,경기도 시흥시 도일로 119,경기도 시흥시 거모동 1545-1 1층,15070,031-315-3029,37.3411140523,126.7835663699,즉석판매제조가공업,즉석판매제조가공업,,,0,N,,
,경기도 시흥시 비둘기공원로 28,경기도 시흥시 대야동 542-0 코오롱마트내,14912,031-698-6411,37.4430368253,126.7919559438,즉석판매제조가공업,즉석판매제조가공업,,,0,N,,
,"경기도 시흥시 오이도어시장로 8, 22호 (정왕동,오이도 종합어시장)",경기도 시흥시 정왕동 2005-3 오이도 종합어시장 22호,15015,031-431-3770,37.3446490932,126.6888897946,즉석판매제조가공업,즉석판매제조가공업,,,,N,,
,경기도 시흥시 희망공원로 269,경기도 시흥시 정왕동 2166-4 홈플러스,15081,031-765-3730,37.3452082082,126.725237369,즉석판매제조가공업,즉석판매제조가공업,,,0,N,,
,"경기도 시흥시 장현순환로 81, 근린생활시설3동 1층 2호 (장현동, 시흥능곡역 모아미래도 에듀포레)",경기도 시흥시 장현동 산 34 시흥능곡역 모아미래도 에듀포레,14996,070-4415-2400,37.3744096409,126.7969159919,즉석판매제조가공업,즉석판매제조가공업,,,,N,,
,"경기도 시흥시 은계남로 12, 판매시설동 1층 124호 (은행동, 시흥은계 호반 써밋플레이스)",경기도 시흥시 은행동 644 시흥은계 호반 써밋플레이스,14922,,37.4351025771,126.8037071995,즉석판매제조가공업,즉석판매제조가공업,,,,N,,
,,경기도 시흥시 정왕동 0 시화지구 58가구 8-4필지,15119,031-497-5683,,,즉석판매제조가공업,즉석판매제조가공업,,,0,N,,
,경기도 시흥시 장곡로 23,경기도 시흥시 장곡동 823-2,15002,031-404-0280,37.3790954387,126.7861645217,즉석판매제조가공업,즉석판매제조가공업,,,0,N,,
,"경기도 시흥시 하상로4번길 19, 1층 일부호 (하상동)",경기도 시흥시 하상동 374-10,14977,,37.3912163599,126.8146985276,즉석판매제조가공업,즉석판매제조가공업,,,,N,,
,"경기도 시흥시 서해안로 699, 시흥 프리미엄 아울렛 1층 4000호 (배곧동)",경기도 시흥시 배곧동 36 시흥 프리미엄 아울렛,15010,,37.3796992102,126.7370588161,즉석판매제조가공업,즉석판매제조가공업,,,,N,,
,경기도 시흥시 오이도로 173,경기도 시흥시 정왕동 2003-12 오이도직판장 B동 135호,15015,031-319-8383,37.3454457514,126.6880796381,즉석판매제조가공업,즉석판매제조가공업,,,0,N,,
,경기도 시흥시 삼미시장2길 39,경기도 시흥시 신천동 737-14,14948,031-313-1301,37.4402590238,126.784204789,즉석판매제조가공업,즉석판매제조가공업,,,0,N,,
,경기도 시흥시 호현로 31,경기도 시흥시 신천동 704-33,14904,031-313-0975,37.4431113221,126.7848672031,즉석판매제조가공업,즉석판매제조가공업,,,0,N,,
,"경기도 시흥시 서해안로 699, 시흥 프리미엄 아울렛 1층 일부호 (배곧동)",경기도 시흥시 배곧동 36 시흥 프리미엄 아울렛,15010,,37.3794646667,126.7384278982,즉석판매제조가공업,즉석판매제조가공업,,,0,N,,
,"경기도 시흥시 거북섬둘레길 42, 웨이브파크 (정왕동)",경기도 시흥시 정왕동 2721 웨이브파크,15119,,37.3241773184,126.680791543,즉석판매제조가공업,즉석판매제조가공업,,,,N,,
,"경기도 시흥시 동서로 1111-1, 목감제자교회 지하1층 (논곡동)",경기도 시흥시 논곡동 148-2 목감제자교회,14984,,37.388277401,126.8613006591,즉석판매제조가공업,즉석판매제조가공업,,,,N,,
,"경기도 시흥시 오이도로 173, B동 73호 (정왕동, 오이도수산물직판장)",경기도 시흥시 정왕동 2003-12 오이도수산물직판장 B동 73호,15015,,37.3454457514,126.6880796381,즉석판매제조가공업,즉석판매제조가공업,,,,N,,
,"경기도 시흥시 옥구천동로 402 (정왕동, GS슈퍼 내 일부)",경기도 시흥시 정왕동 1873-3,15027,,37.3567512193,126.7302225709,즉석판매제조가공업,즉석판매제조가공업,,,,N,,
,"경기도 시흥시 한우물로21번길 20, 1층 103,104호 (거모동)",경기도 시흥시 거모동 1740-1 더하는교회,15071,,37.3441703967,126.7821938431,즉석판매제조가공업,즉석판매제조가공업,,,,N,,
,경기도 시흥시 정왕대로 64 (정왕동),경기도 시흥시 정왕동 1861-3,15040,,37.3542557561,126.7235297297,즉석판매제조가공업,즉석판매제조가공업,,,,N,,
,경기도 시흥시 오이도중앙로36번길 12 (정왕동),경기도 시흥시 정왕동 2002-11 성신수산시장 12-9호,15015,031-431-5401,37.3458642221,126.688639633,즉석판매제조가공업,즉석판매제조가공업,,,0,N,,
,"경기도 시흥시 희망공원로 269 (정왕동, 홈플러스시화점 2층)",경기도 시흥시 정왕동 2166-4 홈플러스시화점 2층,15081,,37.3452082082,126.725237369,즉석판매제조가공업,즉석판매제조가공업,,,0,N,,
,"경기도 시흥시 시흥대로1073번길 11, 1층 (신천동)",경기도 시흥시 신천동 886-18 1층,14951,,37.4318835235,126.7913715331,즉석판매제조가공업,즉석판매제조가공업,,,,N,,
,"경기도 시흥시 옥구상가2길 3, 뉴스타프라자 1층 108호 (정왕동)",경기도 시흥시 정왕동 1861-6 뉴스타프라자,15040,,37.3536757588,126.7244277101,즉석판매제조가공업,즉석판매제조가공업,,,0,N,,
,"경기도 시흥시 은계번영길 5, 은계푸리마타워 3층 304호 일부호 (은행동)",경기도 시흥시 은행동 646-1 은계푸리마타워,14922,,37.4368568068,126.8015997524,즉석판매제조가공업,즉석판매제조가공업,,,,N,,
,"경기도 시흥시 시화호수전원2길 51-7, 로얄프라자 1층 105호 (정왕동)",경기도 시흥시 정왕동 2772-1 로얄프라자,15118,,37.3186452597,126.7009067194,즉석판매제조가공업,즉석판매제조가공업,,,,N,,
,경기도 시흥시 오이도어시장로 8,경기도 시흥시 정왕동 2005-3 오이도종합어시장 B-158,15015,031-432-4890,37.3446490932,126.6888897946,즉석판매제조가공업,즉석판매제조가공업,,상수도전용,0,N,,
,경기도 시흥시 비둘기공원로 28,경기도 시흥시 대야동 542 GS마트시흥점,14912,031-731-3415,37.4430368253,126.7919559438,즉석판매제조가공업,즉석판매제조가공업,,,,N,,
,"경기도 시흥시 장현장곡로 15, 102호 일부(102-1호)호 (장곡동, 시흥장현 예다음 아르테)",경기도 시흥시 장곡동 924 시흥장현 예다음 아르테,14996,,37.3795320742,126.7913222598,즉석판매제조가공업,즉석판매제조가공업,,,,N,,
,"경기도 시흥시 배곧4로 32-13, 이마트에브리데이 (정왕동)",경기도 시흥시 정왕동 2477-3,15010,,37.376956103,126.7268874805,즉석판매제조가공업,즉석판매제조가공업,,,,N,,
,"경기도 시흥시 정왕대로 210, 2층 (정왕동, 이마트 시화점)",경기도 시흥시 정왕동 1734-1 이마트 시화점,15066,,37.3459328804,126.7368812651,즉석판매제조가공업,즉석판매제조가공업,,,,N,,
,"경기도 시흥시 진말로9번길 24, 1층 일부호 (장곡동)",경기도 시흥시 장곡동 809-10,15002,,37.3784357578,126.7829065286,즉석판매제조가공업,즉석판매제조가공업,,,0,N,,
,경기도 시흥시 매화2로 17-1,경기도 시흥시 매화동 221-66,14940,031-315-5245,37.4165695704,126.8127724727,즉석판매제조가공업,즉석판매제조가공업,,,0,N,,
,경기도 시흥시 복지로43번길 22-1,경기도 시흥시 대야동 486-8,14909,031-311-6945,37.4443132027,126.7868680297,즉석판매제조가공업,즉석판매제조가공업,,,0,N,,
,"경기도 시흥시 마유로238번길 26 (정왕동, 롯데마트내)",경기도 시흥시 정왕동 1366-4 롯데마트내,15079,,37.3376271419,126.7306774357,즉석판매제조가공업,즉석판매제조가공업,,,,N,,
,경기도 시흥시 신천3길 13,경기도 시흥시 신천동 734,14948,031-315-5111,37.4393242667,126.7846432492,즉석판매제조가공업,즉석판매제조가공업,,,,N,,
,경기도 시흥시 죽율로 213,경기도 시흥시 거모동 589-9 105호,15044,,37.357172972,126.77265269,즉석판매제조가공업,즉석판매제조가공업,,,0,N,,
,경기도 시흥시 호현로 35,경기도 시흥시 신천동 704-27 1층,14904,031-316-2533,37.4435356193,126.7849762122,즉석판매제조가공업,즉석판매제조가공업,,,,N,,
,경기도 시흥시 오이도어시장로 8,"경기도 시흥시 정왕동 2005-3 2,3호",15015,031-319-7015,37.3446490932,126.6888897946,즉석판매제조가공업,즉석판매제조가공업,,,0,N,,
,경기도 시흥시 옥구상가3길 7-6,경기도 시흥시 정왕동 1859-14,15040,031-488-8846,37.3530401045,126.7237116184,즉석판매제조가공업,즉석판매제조가공업,,,0,N,,
,"경기도 시흥시 대야로 7, 1층 2호 (대야동)",경기도 시흥시 대야동 488-8 1층 2호,14909,,37.4443068245,126.7888012224,즉석판매제조가공업,즉석판매제조가공업,,,,N,,
,경기도 시흥시 비둘기공원로 28,경기도 시흥시 대야동 542-0,14912,031-698-6412,37.4430368253,126.7919559438,즉석판매제조가공업,즉석판매제조가공업,,,0,N,,
,"경기도 시흥시 함송로13번길 27, 대진식자제마트 내 1층 (정왕동)",경기도 시흥시 정왕동 1878-2,15020,,37.3651101625,126.7321134465,즉석판매제조가공업,즉석판매제조가공업,,,,N,,
,"경기도 시흥시 서울대학로278번길 67, 롯데마트(시흥배곧점) 1층 (정왕동)",경기도 시흥시 정왕동 2537-1 롯데마트(시흥배곧점) 1층호,15011,070-4300-9589,37.3688907319,126.7313182505,즉석판매제조가공업,즉석판매제조가공업,,,,N,,
,"경기도 시흥시 금오로 607-1, 1층 일부호 (과림동)",경기도 시흥시 과림동 68-6,14927,031-472-7597,37.4550812609,126.8326249699,즉석판매제조가공업,즉석판매제조가공업,,,,N,,
,경기도 시흥시 마유로238번길 26,경기도 시흥시 정왕동 1366-4 LG마트내,15079,063-214-0238,37.3376271419,126.7306774357,즉석판매제조가공업,즉석판매제조가공업,,,0,N,,
,"경기도 시흥시 시흥대로1074번길 5, 스페이스타워 일부호 (은행동)",경기도 시흥시 은행동 288-1 스페이스타워,14921,02-4358-4358,37.4320543214,126.7936643149,즉석판매제조가공업,즉석판매제조가공업,,,,N,,
,"경기도 시흥시 시흥대로1074번길 5, 스페이스타워 1층 105호일부호 (은행동)",경기도 시흥시 은행동 288-1 스페이스타워,14921,,37.4320543214,126.7936643149,즉석판매제조가공업,즉석판매제조가공업,,,,N,,
,경기도 시흥시 오이도어시장로 7,"경기도 시흥시 정왕동 2004-3 오이도종합어시장 A동 133,134호",15015,031-499-5977,37.3451101492,126.6890880534,즉석판매제조가공업,즉석판매제조가공업,,,0,N,,
,"경기도 시흥시 정왕대로 210, E MART시화점 2층 (정왕동)",경기도 시흥시 정왕동 1734-2 E MART시화점,15066,02-3397-6903,37.3459328804,126.7368812651,즉석판매제조가공업,즉석판매제조가공업,,,,N,,
,"경기도 시흥시 장현순환로 81, 근린생활시설1동 지1층 9호 (장현동, 시흥능곡역 모아미래도 에듀포레)",경기도 시흥시 장현동 산 34 시흥능곡역 모아미래도 에듀포레,14996,,37.3744096409,126.7969159919,즉석판매제조가공업,즉석판매제조가공업,,,,N,,
,,경기도 시흥시 신천동 104-4,,031-692-2214,,,즉석판매제조가공업,즉석판매제조가공업,,,0,N,,
,"경기도 시흥시 목감중앙로 47, 1층 (조남동, 일부)",경기도 시흥시 조남동 677,14988,02-2290-5600,37.3735227218,126.854796044,즉석판매제조가공업,즉석판매제조가공업,,,,N,,
,"경기도 시흥시 남왕길 48-27, 1층 일부호 (목감동)",경기도 시흥시 목감동 410-1,14985,,37.3829831998,126.8623847707,즉석판매제조가공업,즉석판매제조가공업,,,,N,,
,"경기도 시흥시 죽율로 216 (거모동, 1층)",경기도 시흥시 거모동 523-8 1층,15044,031-432-6093,37.3569846676,126.7728125916,즉석판매제조가공업,즉석판매제조가공업,,상수도전용,0,N,,
,경기도 시흥시 오이도로 173,경기도 시흥시 정왕동 2003-12 B동 148호,15015,031-433-2526,37.3454457514,126.6880796381,즉석판매제조가공업,즉석판매제조가공업,,,0,N,,
,"경기도 시흥시 도일로123번길 34 (거모동, 나동101호)",경기도 시흥시 거모동 1745-1 나동101호,15070,031-404-8228,37.343999146,126.7821954732,즉석판매제조가공업,즉석판매제조가공업,,,0,N,,
,"경기도 시흥시 희망공원로 269 (정왕동, 홈플러스 시화점 내 행사장)",경기도 시흥시 정왕동 2166-4,15081,032-519-8261,37.3452082082,126.725237369,즉석판매제조가공업,즉석판매제조가공업,,,,N,,
,"경기도 시흥시 군자로 507, 111호 (거모동, 군자프라자)",경기도 시흥시 거모동 1757-1,15068,,37.3447661065,126.7853041907,즉석판매제조가공업,즉석판매제조가공업,,,0,N,,
,"경기도 시흥시 서울대학로278번길 67, 시흥배곧 롯데마트 지하층 일부호 (배곧동)",경기도 시흥시 배곧동 202 시흥배곧 롯데마트,15011,,37.3688907319,126.7313182505,즉석판매제조가공업,즉석판매제조가공업,,,,N,,
,"경기도 시흥시 서울대학로278번길 67, 시흥배곧 롯데마트 식품행사장 1층 일부호 (배곧동)",경기도 시흥시 배곧동 202 시흥배곧 롯데마트,15011,,37.3688907319,126.7313182505,즉석판매제조가공업,즉석판매제조가공업,,,,N,,
,경기도 시흥시 오이도어시장로 7,경기도 시흥시 정왕동 2004-3 (A동 79호),15015,,37.3451101492,126.6890880534,즉석판매제조가공업,즉석판매제조가공업,,,0,N,,
,"경기도 시흥시 능곡로 182, 홈플러스익스프레스 능곡점 내 1층 (능곡동)",경기도 시흥시 능곡동 753 신성프라자,14995,031-791-5618,37.3682632809,126.8108643032,즉석판매제조가공업,즉석판매제조가공업,,,,N,,
,"경기도 시흥시 오이도9길 6, 1층 일부호 (정왕동)",경기도 시흥시 정왕동 2036-4 101호,15015,,37.3413760062,126.6874122271,즉석판매제조가공업,즉석판매제조가공업,,,,N,,
,"경기도 시흥시 능곡로 182, 신성프라자 홈플러스익스프레스 능곡점 1층 102호 일부호 (능곡동)",경기도 시흥시 능곡동 753 신성프라자,14995,,37.3682632809,126.8108643032,즉석판매제조가공업,즉석판매제조가공업,,,,N,,
,경기도 시흥시 봉우순환로3번길 16 (정왕동),경기도 시흥시 정왕동 2254-10,15047,,37.3586515064,126.7553165116,즉석판매제조가공업,즉석판매제조가공업,,,,N,,
,"경기도 시흥시 비둘기공원5길 23, 더베스트프라자 4층 401호 (대야동)",경기도 시흥시 대야동 540-1 더베스트프라자,14912,,37.4421973177,126.7902455628,즉석판매제조가공업,즉석판매제조가공업,,,,N,,
,"경기도 시흥시 정왕대로 210 (정왕동, 시화이마트내 2층)",경기도 시흥시 정왕동 1734-1 시화이마트내 2층,15066,031-496-4123,37.3459328804,126.7368812651,즉석판매제조가공업,즉석판매제조가공업,,,,N,,
,경기도 시흥시 매화2로 19,경기도 시흥시 매화동 221-59,14940,031-695-6071,37.4167214799,126.81254507,즉석판매제조가공업,즉석판매제조가공업,,,,N,,
,,경기도 시흥시 은행동 141-0 대우3차A상가1-1103,,031-698-5160,,,즉석판매제조가공업,즉석판매제조가공업,,,0,N,,
,경기도 시흥시 동서로 1106,경기도 시흥시 목감동 202-23,14984,,37.3873759513,126.8612857137,즉석판매제조가공업,즉석판매제조가공업,,,0,N,,
,"경기도 시흥시 마유로238번길 26 (정왕동, 롯데마트시화점)",경기도 시흥시 정왕동 1366-4 롯데마트시화점,15079,070-4300-9589,37.3376271419,126.7306774357,즉석판매제조가공업,즉석판매제조가공업,,,,N,,
,,경기도 시흥시 정왕동 산 1734-1 2층,,031-496-4123,,,즉석판매제조가공업,즉석판매제조가공업,,,0,N,,
,"경기도 시흥시 봉우순환로3번길 58, 1층 (정왕동)",경기도 시흥시 정왕동 2234-9,15047,,37.3583330634,126.7505657543,즉석판매제조가공업,즉석판매제조가공업,,상수도전용,,N,,
,"경기도 시흥시 배곧4로 81-46, 솔로몬프라자 1층 108호 일부호 (정왕동)",경기도 시흥시 정왕동 2468 솔로몬프라자,15010,,37.3746335805,126.7342752428,즉석판매제조가공업,즉석판매제조가공업,,,,N,,
,"경기도 시흥시 도일로 116, 2층 일부호 (거모동)",경기도 시흥시 거모동 1657-5,15069,,37.3408190087,126.7839642993,즉석판매제조가공업,즉석판매제조가공업,,,0,N,,
,"경기도 시흥시 인선길 39, 근린생활시설A동 2층 202호 일부호 (장곡동, 엘에이치17단지)",경기도 시흥시 장곡동 355-1 엘에이치17단지,15002,,37.3769372001,126.7840163865,즉석판매제조가공업,즉석판매제조가공업,,,0,N,,
,"경기도 시흥시 배곧1로 27-15, 1층 GS슈퍼 매장 일부호 (배곧동, 한라비발디캠퍼스)",경기도 시흥시 배곧동 243 한라비발디캠퍼스,15011,,37.3636798562,126.7119931155,즉석판매제조가공업,즉석판매제조가공업,,,,N,,
,"경기도 시흥시 배곧1로 27-15, 상가1동 1층 101호 (배곧동, 한라비발디캠퍼스)",경기도 시흥시 배곧동 243 한라비발디캠퍼스,15011,,37.3636798562,126.7119931155,즉석판매제조가공업,즉석판매제조가공업,,,,N,,
,경기도 시흥시 오이도어시장로 7,경기도 시흥시 정왕동 2004-3 오이도종합어시장 A동 167호,15015,031-434-4455,37.3451101492,126.6890880534,즉석판매제조가공업,즉석판매제조가공업,,,0,N,,
,"경기도 시흥시 도일로 100-3, 1층 일부호 (거모동)",경기도 시흥시 거모동 1669-18,15069,,37.33953135,126.784179729,즉석판매제조가공업,즉석판매제조가공업,,,0,N,,
,"경기도 시흥시 비둘기공원로 28, 2층 (대야동, 롯데마트시흥점)",경기도 시흥시 대야동 542 롯데마트시흥점 2층,14912,,37.4430368253,126.7919559438,즉석판매제조가공업,즉석판매제조가공업,,,,N,,
,경기도 시흥시 마유로238번길 26,경기도 시흥시 정왕동 1366-4 LG마트(내),15079,031-673-5420,37.3376271419,126.7306774357,즉석판매제조가공업,즉석판매제조가공업,,,0,N,,
,경기도 시흥시 마유로238번길 26,경기도 시흥시 정왕동 1366-4 LG마트내,15079,031-496-7710,37.3376271419,126.7306774357,즉석판매제조가공업,즉석판매제조가공업,,,0,N,,
,,경기도 시흥시 대야동 542 코오롱마트(내) 1층 즉석코너,,031-842-3466,,,즉석판매제조가공업,즉석판매제조가공업,,,0,N,,
,"경기도 시흥시 장현능곡로 188, 1층 110호 (능곡동)",경기도 시흥시 능곡동 734,14995,031-435-3310,37.3693096033,126.8109902558,즉석판매제조가공업,즉석판매제조가공업,,,,N,,
,경기도 시흥시 오이도어시장로 7,"경기도 시흥시 정왕동 2004-3 A-206,207호",15015,031-432-9669,37.3451101492,126.6890880534,즉석판매제조가공업,즉석판매제조가공업,,,0,N,,
,"경기도 시흥시 승지로59번길 9 (능곡동, 진로할인마트내)",경기도 시흥시 능곡동 731 진로할인마트내,14995,031-232-4935,37.3689587373,126.8095591821,즉석판매제조가공업,즉석판매제조가공업,,,0,N,,
,"경기도 시흥시 호현로73번길 8, 1층 일부호 (대야동)",경기도 시흥시 대야동 463-10,14905,,37.4468421163,126.7862222364,즉석판매제조가공업,즉석판매제조가공업,,,,N,,
,경기도 시흥시 신천천서로 22,경기도 시흥시 신천동 734-4,14948,,37.4388895187,126.7842969621,즉석판매제조가공업,즉석판매제조가공업,,,0,N,,
,"경기도 시흥시 복지로 15, 1층 126호 일부호 (신천동, 시흥5차푸르지오)",경기도 시흥시 신천동 709-32 시흥5차푸르지오,14910,,37.4416793445,126.7865538933,즉석판매제조가공업,즉석판매제조가공업,,,0,N,,
,경기도 시흥시 희망공원로 269,경기도 시흥시 정왕동 2166-4 홈플러스2층,15081,,37.3452082082,126.725237369,즉석판매제조가공업,즉석판매제조가공업,,,0,N,,
,경기도 시흥시 오이도어시장로 7,"경기도 시흥시 정왕동 2004-3 A동 1,2,12,13호",15015,031-433-6691,37.3451101492,126.6890880534,즉석판매제조가공업,즉석판매제조가공업,,,0,N,,
,"경기도 시흥시 정왕대로233번길 34, 삼호빌딩 2층 일부호 (정왕동)",경기도 시흥시 정왕동 1600 삼호빌딩,15056,,37.3475783836,126.7418662192,즉석판매제조가공업,즉석판매제조가공업,,,,N,,
,경기도 시흥시 삼미시장3길 20,경기도 시흥시 신천동 739-10,14948,031-698-2309,37.4401365112,126.7833242255,즉석판매제조가공업,즉석판매제조가공업,,,0,N,,
,경기도 시흥시 마유로238번길 26,경기도 시흥시 정왕동 1366-4,15079,031-433-1534,37.3376271419,126.7306774357,즉석판매제조가공업,즉석판매제조가공업,,,0,N,,
,경기도 시흥시 오이도로 173,경기도 시흥시 정왕동 2003-12 B-148호,15015,031-463-9196,37.3454457514,126.6880796381,즉석판매제조가공업,즉석판매제조가공업,,,0,N,,
,경기도 시흥시 중심상가4길 18,"경기도 시흥시 정왕동 1739-7 104,105호",15066,031-433-7205,37.3437920567,126.7375690254,즉석판매제조가공업,즉석판매제조가공업,,,0,N,,
,경기도 시흥시 월곶해안로 133,"경기도 시흥시 월곶동 1013-12 120호,121호",14963,,37.3876563066,126.7353628154,즉석판매제조가공업,즉석판매제조가공업,,,0,N,,
,"경기도 시흥시 협력로 281, 메가폴리스 B동 1층 124호 (정왕동)",경기도 시흥시 정왕동 2164-2 메가폴리스,15080,,37.3518659383,126.7151538858,즉석판매제조가공업,즉석판매제조가공업,,,,N,,
,"경기도 시흥시 관곡지로 139, 연꽃테마파크 행사장 일원 (하중동)",경기도 시흥시 하중동 271 시흥시농업기술센터,14973,,37.4006890149,126.808386896,즉석판매제조가공업,즉석판매제조가공업,,,,N,,
,경기도 시흥시 삼미시장2길 36 (신천동),경기도 시흥시 신천동 739-13,14948,031-311-2512,37.4401574151,126.7837988042,즉석판매제조가공업,즉석판매제조가공업,,,0,N,,
,"경기도 시흥시 수인로 2966, 시흥로컬푸드하나로마트 일부호 (매화동)",경기도 시흥시 매화동 39-1,14931,,37.4209383352,126.8169479595,즉석판매제조가공업,즉석판매제조가공업,,,,N,,
,"경기도 시흥시 호현로 23, 오성빌딩 2층 일부호 (신천동)",경기도 시흥시 신천동 705-15 오성빌딩,14904,,37.4425239688,126.7846240921,즉석판매제조가공업,즉석판매제조가공업,,,,N,,
,경기도 시흥시 정왕대로 210,경기도 시흥시 정왕동 1734-1 이마트 지상2층,15066,031-496-4123,37.3459328804,126.7368812651,즉석판매제조가공업,즉석판매제조가공업,,,0,N,,
,"경기도 시흥시 희망공원로 269 (정왕동, 시화홈플러스 2층)",경기도 시흥시 정왕동 2166-4 시화홈플러스 2층,15081,,37.3452082082,126.725237369,즉석판매제조가공업,즉석판매제조가공업,,,,N,,
,"경기도 시흥시 새재로 3, 2동 지하1층 B103호 (장현동, 장현2엔플러스빌)",경기도 시흥시 장현동 542 장현2엔플러스빌,14998,,37.3801754056,126.800973633,즉석판매제조가공업,즉석판매제조가공업,,,0,N,,
,"경기도 시흥시 장곡로53번길 12, 숲속마을아파트 (주상가동) 1층 108호 (장곡동)",경기도 시흥시 장곡동 807 숲속마을아파트 (주상가동),15002,031-317-0377,37.3783249969,126.7824783751,즉석판매제조가공업,즉석판매제조가공업,,,0,N,,
,경기도 시흥시 신천로7번길 22-1 (신천동),경기도 시흥시 신천동 886-31,14951,031-315-4593,37.431669919,126.7918256655,즉석판매제조가공업,즉석판매제조가공업,,,0,N,,
,경기도 시흥시 수인로 2323 (목감동),경기도 시흥시 목감동 235-2,14984,,37.3866531893,126.8626473949,즉석판매제조가공업,즉석판매제조가공업,,,,N,,
,"경기도 시흥시 은계중앙로 115, 1층 105호 (은행동, 시흥은계우미린더퍼스트)",경기도 시흥시 은행동 621 시흥은계우미린더퍼스트,14923,,37.441483793,126.8021106675,즉석판매제조가공업,즉석판매제조가공업,,,,N,,
,경기도 시흥시 비둘기공원로 28,경기도 시흥시 대야동 542 GS마트,14912,031-735-0880,37.4430368253,126.7919559438,즉석판매제조가공업,즉석판매제조가공업,,,,N,,
,경기도 시흥시 오이도로 173,경기도 시흥시 정왕동 2003-12 오이도수산물직판장 A동 91호,15015,031-497-7017,37.3454457514,126.6880796381,즉석판매제조가공업,즉석판매제조가공업,,,,N,,
,"경기도 시흥시 목감우회로 39, 목감 시티프라자 108호 (목감동)",경기도 시흥시 목감동 403-1 목감 시티프라자,14985,,37.3819082861,126.8602929025,즉석판매제조가공업,즉석판매제조가공업,,,,N,,
,경기도 시흥시 삼미시장2길 39,경기도 시흥시 신천동 737-14,14948,,37.4402590238,126.784204789,즉석판매제조가공업,즉석판매제조가공업,,,0,N,,
,"경기도 시흥시 중심상가로 285, 상가동 지하층 106,107호 (정왕동, 건영아파트)",경기도 시흥시 정왕동 1785-1 건영아파트,15063,031-432-5616,37.3395458477,126.7444757328,즉석판매제조가공업,즉석판매제조가공업,,,,N,,
,경기도 시흥시 하상로4번길 3-1,경기도 시흥시 하상동 375-12,14977,031-435-2716,37.3913237646,126.8130143087,즉석판매제조가공업,즉석판매제조가공업,,,0,N,,
,경기도 시흥시 월곶해안로 133,"경기도 시흥시 월곶동 1013-12 화신수산시장 169,170호",14963,031-318-4528,37.3876563066,126.7353628154,즉석판매제조가공업,즉석판매제조가공업,,,0,N,,
,"경기도 시흥시 희망공원로 269, 2층 (정왕동, 홈플러스시화점)",경기도 시흥시 정왕동 2166-4 홈플러스시화점,15081,,37.3452082082,126.725237369,즉석판매제조가공업,즉석판매제조가공업,,,,N,,
,"경기도 시흥시 검바위2로 23, 1층 (은행동)",경기도 시흥시 은행동 293-12,14921,031-313-1489,37.4313150707,126.7957963321,즉석판매제조가공업,즉석판매제조가공업,,,,N,,
,"경기도 시흥시 마유로 415, 역전프라자 1층 103호 일부호 (정왕동)",경기도 시흥시 정왕동 2302 역전프라자,15024,031-365-5057,37.3519417729,126.7405803334,즉석판매제조가공업,즉석판매제조가공업,,,,N,,
,"경기도 시흥시 시흥대로1073번길 11, 쥴리아드피아노 1층 일부호 (신천동)",경기도 시흥시 신천동 886-18 쥴리아드피아노,14951,,37.4318835235,126.7913715331,즉석판매제조가공업,즉석판매제조가공업,,,,N,,
,"경기도 시흥시 서해안로 699, 1층 (정왕동, 시흥프리미엄아웃렛, 야외행사장)",경기도 시흥시 정왕동 1772-7,15010,,37.3794646667,126.7384278982,즉석판매제조가공업,즉석판매제조가공업,,,,N,,
,경기도 시흥시 오이도어시장로 7,"경기도 시흥시 정왕동 2004-3 A동 84,85,86,87,88,89,90,91,92호",15015,031-433-2992,37.3451101492,126.6890880534,즉석판매제조가공업,즉석판매제조가공업,,,0,N,,
,,경기도 시흥시 정왕동 1203 정왕시장조합 (내),15119,,,,즉석판매제조가공업,즉석판매제조가공업,,,0,N,,
,"경기도 시흥시 군자로481번길 20, 태성빌딩 1층 일부호 (거모동)",경기도 시흥시 거모동 1717-1 태성빌딩,15068,,37.3482017036,126.7855313053,즉석판매제조가공업,즉석판매제조가공업,,,0,N,,
,"경기도 시흥시 동서로 770, 일부호 (물왕동)",경기도 시흥시 물왕동 234-1 안산농협 창고시설,14990,,37.3843410162,126.8308012535,즉석판매제조가공업,즉석판매제조가공업,,,,N,,
,경기도 시흥시 오이도어시장로 7,"경기도 시흥시 정왕동 2004-3 오이도어시장 A동 63,64호",15015,,37.3451101492,126.6890880534,즉석판매제조가공업,즉석판매제조가공업,,,0,N,,
,"경기도 시흥시 역전로301번길 32, 미래빌딩 1층 일부호 (정왕동)",경기도 시흥시 정왕동 2305-3 미래빌딩,15025,031-488-9799,37.3528763135,126.7373303715,즉석판매제조가공업,즉석판매제조가공업,,,,N,,
,"경기도 시흥시 정왕대로 178, 광개토빌딩2 105호 (정왕동)",경기도 시흥시 정왕동 1726-2 광개토빌딩2,15036,032-317-9704,37.3478159641,126.7339718777,즉석판매제조가공업,즉석판매제조가공업,,상수도전용,,N,,
,"경기도 시흥시 평안상가1길 1, 시흥식자재마트 지하1층 (정왕동)",경기도 시흥시 정왕동 1622,15062,02-2219-4801,37.3388673438,126.7483320831,즉석판매제조가공업,즉석판매제조가공업,,,,N,,
,경기도 시흥시 배곧4로 32-13 (배곧동),경기도 시흥시 배곧동 126,15010,,37.376956103,126.7268874805,즉석판매제조가공업,즉석판매제조가공업,,,,N,,
,경기도 시흥시 오이도중앙로36번길 12,경기도 시흥시 정왕동 2002-11 성신수산시장 10-5호,15015,,37.3458642221,126.688639633,즉석판매제조가공업,즉석판매제조가공업,,,0,N,,
,경기도 시흥시 함송로 24,경기도 시흥시 정왕동 1882-4 세종프라자 109호,15020,031-319-1119,37.3632151301,126.7303936899,즉석판매제조가공업,즉석판매제조가공업,,,,N,,
,"경기도 시흥시 신천로44번길 9, 1층 일부호 (신천동)",경기도 시흥시 신천동 859-5,14950,,37.4355767017,126.7894716267,즉석판매제조가공업,즉석판매제조가공업,,,0,N,,
,경기도 시흥시 삼미시장1길 17 (신천동),경기도 시흥시 신천동 737,14948,031-313-4957,37.4404130671,126.7843389729,즉석판매제조가공업,즉석판매제조가공업,,,0,N,,
,"경기도 시흥시 물왕수변로 64, 1(일부)층 (산현동)",경기도 시흥시 산현동 251-2 1층일부,14990,,37.3785688095,126.8333826298,즉석판매제조가공업,즉석판매제조가공업,,,,N,,
,경기도 시흥시 오이도로 167,경기도 시흥시 정왕동 2003-8 A동 45호,15015,031-433-2442,37.3458883179,126.6882103529,즉석판매제조가공업,즉석판매제조가공업,,,,N,,
,"경기도 시흥시 비둘기공원7길 53 (대야동, 103,104호일부)","경기도 시흥시 대야동 546-3 103,104호일부",14912,031-315-1601,37.4413770668,126.7917454951,즉석판매제조가공업,즉석판매제조가공업,,,,N,,
,경기도 시흥시 삼미시장3길 33,경기도 시흥시 신천동 741-29,14948,031-311-5930,37.4404246789,126.7817953995,즉석판매제조가공업,즉석판매제조가공업,,,0,N,,
,경기도 시흥시 은행로149번길 6,경기도 시흥시 은행동 530-4 101호,14917,031-691-4138,37.4443228107,126.7990206761,즉석판매제조가공업,즉석판매제조가공업,,,0,N,,
,"경기도 시흥시 비둘기공원7길 45, 206호 (대야동)",경기도 시흥시 대야동 545-1 트윈프라자 B동,14912,,37.4420193646,126.7921350993,즉석판매제조가공업,즉석판매제조가공업,,,,N,,
,"경기도 시흥시 정왕대로 64, 시흥식자재마트 내 일부호 (정왕동)",경기도 시흥시 정왕동 1861-3 메가쇼핑몰,15040,,37.3542557561,126.7235297297,즉석판매제조가공업,즉석판매제조가공업,,,,N,,
,"경기도 시흥시 복지로53번길 31-2, 1층 일부호 (대야동)",경기도 시흥시 대야동 485-1,14909,,37.4453724433,126.786145759,즉석판매제조가공업,즉석판매제조가공업,,,0,N,,
,"경기도 시흥시 거북섬남로 45, 근린생활시설동 1층 105호 (정왕동, 호반써밋 더퍼스트오션)",경기도 시흥시 정왕동 2712 호반써밋 더퍼스트오션,15119,,37.3237980842,126.6859198273,즉석판매제조가공업,즉석판매제조가공업,,,0,N,,
,"경기도 시흥시 능곡로 182, 홈플러스익스프레스 능곡점내 (능곡동)",경기도 시흥시 능곡동 753 신성프라자,14995,,37.3682632809,126.8108643032,즉석판매제조가공업,즉석판매제조가공업,,,,N,,
,경기도 시흥시 신천3길 13,경기도 시흥시 신천동 734,14948,,37.4393242667,126.7846432492,즉석판매제조가공업,즉석판매제조가공업,,,,N,,
,"경기도 시흥시 배곧전원로 18-8, 1층 일부호 (배곧동)",경기도 시흥시 배곧동 101-28,15010,,37.3786967254,126.7270390371,즉석판매제조가공업,즉석판매제조가공업,,,,N,,
,"경기도 시흥시 서울대학로278번길 67, 시흥배곧 롯데마트 1층 신선식품 수산코너호 (배곧동)",경기도 시흥시 배곧동 202 시흥배곧 롯데마트,15011,,37.3688907319,126.7313182505,즉석판매제조가공업,즉석판매제조가공업,,,,N,,
,경기도 시흥시 월곶해안로161번길 3,경기도 시흥시 월곶동 1013-20,14963,,37.3886937892,126.7368998952,즉석판매제조가공업,즉석판매제조가공업,,,0,N,,
,"경기도 시흥시 마유로418번길 10, 롯데시네마 시화점 113호 (정왕동)",경기도 시흥시 정왕동 2327-2 롯데시네마 시화점,15049,,37.3514000851,126.7418503694,즉석판매제조가공업,즉석판매제조가공업,,,,N,,
,경기도 시흥시 오이도로135번길 13,경기도 시흥시 정왕동 1974-9 101호,15015,070-7571-6352,37.3470659695,126.6890670189,즉석판매제조가공업,즉석판매제조가공업,,,,N,,
,경기도 시흥시 대골안길 51 (대야동),경기도 시흥시 대야동 470,14905,031-311-4585,37.4450684421,126.7880478842,즉석판매제조가공업,즉석판매제조가공업,,,,N,,
,"경기도 시흥시 큰솔로7번길 24, 1층 (정왕동)",경기도 시흥시 정왕동 1416-13 1층,15059,031-432-2255,37.3397396285,126.7494297257,즉석판매제조가공업,즉석판매제조가공업,,,0,N,,
,"경기도 시흥시 은계남로 12, 1층 135호 (은행동, 시흥은계 호반 써밋플레이스)",경기도 시흥시 은행동 644 시흥은계 호반 써밋플레이스,14922,,37.4351025771,126.8037071995,즉석판매제조가공업,즉석판매제조가공업,,,0,N,,
,"경기도 시흥시 은계중앙로 115, 상가동 1층 108호 (은행동, 시흥은계우미린더퍼스트)",경기도 시흥시 은행동 47-1 시흥은계우미린더퍼스트,14923,,37.4399621001,126.803910867,즉석판매제조가공업,즉석판매제조가공업,,,,N,,
,경기도 시흥시 복지로 39-17 (대야동),경기도 시흥시 대야동 491-2,14909,031-314-1303,37.4435911183,126.78819754,즉석판매제조가공업,즉석판매제조가공업,,,0,N,,
,경기도 시흥시 비둘기공원로 28,경기도 시흥시 대야동 542 지에스마트,14912,031-435-7553,37.4430368253,126.7919559438,즉석판매제조가공업,즉석판매제조가공업,,,0,N,,
,경기도 시흥시 희망공원로 269,경기도 시흥시 정왕동 2166-4,15081,031-942-1910,37.3452082082,126.725237369,즉석판매제조가공업,즉석판매제조가공업,,,0,N,,
,"경기도 시흥시 평안상가1길 1, 시흥식자재마트 지하1층 일부호 (정왕동)",경기도 시흥시 정왕동 1622,15062,,37.3388673438,126.7483320831,즉석판매제조가공업,즉석판매제조가공업,,,,N,,
,"경기도 시흥시 새재로17번길 3, 1층 일부호 (장현동)",경기도 시흥시 장현동 543-1,14998,02-845-4358,37.3810543546,126.8017561503,즉석판매제조가공업,즉석판매제조가공업,,,,N,,
,"경기도 시흥시 옥구천동로 402, 월드아파트 지하1층 일부호 (정왕동)",경기도 시흥시 정왕동 1873-3 월드아파트,15027,,37.3567512193,126.7302225709,즉석판매제조가공업,즉석판매제조가공업,,,,N,,
,"경기도 시흥시 마유로238번길 26, 롯데마트 시화점 지하층 지하1층 일부호 (정왕동)",경기도 시흥시 정왕동 1366-4,15079,070-4707-0618,37.3376271419,126.7306774357,즉석판매제조가공업,즉석판매제조가공업,,,0,N,,
,"경기도 시흥시 신현로14번길 2 (포동, 태현2차 아파트 상가동, B01)",경기도 시흥시 포동 2 태현2차아파트 상가동 B01호,14957,031-312-1661,37.4080823924,126.7875053908,즉석판매제조가공업,즉석판매제조가공업,,,,N,,
,"경기도 시흥시 마유로 415, 역전프라자 1층 106호 일부호 (정왕동)",경기도 시흥시 정왕동 2302 역전프라자,15024,031-318-3500,37.3519417729,126.7405803334,즉석판매제조가공업,즉석판매제조가공업,,,0,N,,
,경기도 시흥시 비둘기공원7길 38 (대야동),경기도 시흥시 대야동 542,14912,,37.4430368253,126.7919559438,즉석판매제조가공업,즉석판매제조가공업,,,,N,,
,"경기도 시흥시 배곧4로 32-28, 1층 109호 일부호 (배곧동)",경기도 시흥시 배곧동 119,15010,,37.378166878,126.7259601659,즉석판매제조가공업,즉석판매제조가공업,,,,N,,
,"경기도 시흥시 포도원로116번길 25, 프라임지식산업센타 1동 111호 일부호, 112호 일부호, 113~118호 (신천동)",경기도 시흥시 신천동 864-4 프라임지식산업센타,14952,031-439-3310,37.4337538185,126.7891158509,즉석판매제조가공업,즉석판매제조가공업,,,0,N,,
,경기도 시흥시 동서로 1106,경기도 시흥시 목감동 202-23 하모니마트(내),14984,,37.3873759513,126.8612857137,즉석판매제조가공업,즉석판매제조가공업,,,0,N,,
,경기도 시흥시 정왕천로431번길 1,경기도 시흥시 정왕동 1177-5,15052,031-499-1672,37.3458384164,126.7531511915,즉석판매제조가공업,즉석판매제조가공업,,,0,N,,
,경기도 시흥시 복지로120번길 8 (대야동),경기도 시흥시 대야동 280-2 1호,14907,031-311-2577,37.4489131907,126.7933815895,즉석판매제조가공업,즉석판매제조가공업,,,0,N,,
,"경기도 시흥시 정왕대로 210, 2층 (정왕동)",경기도 시흥시 정왕동 1734-2 E MART시화점,15066,031-858-1226,37.3459328804,126.7368812651,즉석판매제조가공업,즉석판매제조가공업,,,,N,,
,경기도 시흥시 오이도어시장로 7,경기도 시흥시 정왕동 2004-3 오이도어시장 A동 139호,15015,031-433-6573,37.3451101492,126.6890880534,즉석판매제조가공업,즉석판매제조가공업,,,0,N,,
,"경기도 시흥시 비둘기공원로 28, 롯데마트 시흥점 1층 일부호 (대야동)",경기도 시흥시 대야동 542 롯데마트 시흥점,14912,,37.4430368253,126.7919559438,즉석판매제조가공업,즉석판매제조가공업,,,,N,,
,,"경기도 시흥시 장곡동 0-0 연성지구26-2,3,4블럭노마진프라자지하1층",,031-697-7798,,,즉석판매제조가공업,즉석판매제조가공업,,,0,N,,
,경기도 시흥시 장곡로53번길 11 (장곡동),경기도 시흥시 장곡동 810-1,15002,031-317-2232,37.3782193739,126.7828972939,즉석판매제조가공업,즉석판매제조가공업,,,0,N,,
,"경기도 시흥시 정왕대로 210, 2층 (정왕동, 시화이마트)",경기도 시흥시 정왕동 1734-2 시화이마트 2층,15066,,37.3459328804,126.7368812651,즉석판매제조가공업,즉석판매제조가공업,,,,N,,
,"경기도 시흥시 희망공원로 269, 홈플러스시화점 2층 일부호 (정왕동)",경기도 시흥시 정왕동 2166-4 홈플러스시화점,15081,031-677-0113,37.3452082082,126.725237369,즉석판매제조가공업,즉석판매제조가공업,,,0,N,,
,"경기도 시흥시 배곧4로 32-13, 이마트에브리데이 일부 (정왕동)",경기도 시흥시 정왕동 2477-3,15010,,37.376956103,126.7268874805,즉석판매제조가공업,즉석판매제조가공업,,,,N,,
,"경기도 시흥시 함송로13번길 16-8, 고려빌딩 1층 104(일부)호 (정왕동)",경기도 시흥시 정왕동 1881-1 고려빌딩,15020,,37.3643510855,126.731816276,즉석판매제조가공업,즉석판매제조가공업,,,0,N,,
,"경기도 시흥시 옥구천서로373번길 8, 105호 일부호 (정왕동, 양무리교회)",경기도 시흥시 정왕동 1866-6 양무리교회,15030,,37.3557018589,126.7268797058,즉석판매제조가공업,즉석판매제조가공업,,,0,N,,
,"경기도 시흥시 월곶중앙로 38, 1층 140일부호 (월곶동)",경기도 시흥시 월곶동 995-1 마린월드 상가 140일부호,14966,031-317-7783,37.3880373624,126.7413460252,즉석판매제조가공업,즉석판매제조가공업,,,,N,,
,"경기도 시흥시 수풀안길 14-22, 로얄팰리스 4차 1층 110호 (조남동)",경기도 시흥시 조남동 711-1 로얄팰리스 4차,14986,,37.3812505775,126.8620153961,즉석판매제조가공업,즉석판매제조가공업,,,,N,,
,"경기도 시흥시 진말로9번길 2, 부석프라자 104호 (장곡동)",경기도 시흥시 장곡동 820-3 부석프라자,15002,,37.378468074,126.7852668701,즉석판매제조가공업,즉석판매제조가공업,,,,N,,
,"경기도 시흥시 서울대학로278번길 67, 1층 (정왕동, 롯데마트시흥배곧점내 수산코너)",경기도 시흥시 정왕동 1771-1 롯데마트시흥배곧점내 수산코너,15011,051-717-2950,37.3688907319,126.7313182505,즉석판매제조가공업,즉석판매제조가공업,,,0,N,,
,경기도 시흥시 오이도어시장로 8,"경기도 시흥시 정왕동 2005-3 오이도종합어시장 B동 133,134호",15015,031-434-4478,37.3446490932,126.6888897946,즉석판매제조가공업,즉석판매제조가공업,,,0,N,,
,경기도 시흥시 오이도중앙로 35-1,경기도 시흥시 정왕동 1995-7,15015,031-481-6643,37.34489987,126.6899709251,즉석판매제조가공업,즉석판매제조가공업,,,0,N,,
,"경기도 시흥시 옥구공원로 183 (정왕동, 식자재왕도매마트)",경기도 시흥시 정왕동 1733-4,15036,,37.3450091694,126.732035946,즉석판매제조가공업,즉석판매제조가공업,,,,N,,
,"경기도 시흥시 월곶중앙로30번안길 10-7, 보람빌딩 1층 (월곶동)",경기도 시흥시 월곶동 998-2 보람빌딩,14966,031-319-5579,37.3902419054,126.7421597657,즉석판매제조가공업,즉석판매제조가공업,,,0,N,,
,"경기도 시흥시 복지로 105-3, 1층 일부호 (대야동)",경기도 시흥시 대야동 345-15,14906,,37.4483281008,126.792007825,즉석판매제조가공업,즉석판매제조가공업,,,,N,,
,"경기도 시흥시 은행로173번길 17, 홈플러스익스프레스 시흥대야점 1층 일부호 (대야동)",경기도 시흥시 대야동 572-3 HOMEPLUS EXPRESS,14914,,37.44484142,126.7968000667,즉석판매제조가공업,즉석판매제조가공업,,,,N,,
,"경기도 시흥시 범안로336번길 6, 2층 일부호 (계수동)",경기도 시흥시 계수동 101-2,14925,,37.453770581,126.816208542,즉석판매제조가공업,즉석판매제조가공업,,,,N,,
,경기도 시흥시 은행로218번길 4,경기도 시흥시 대야동 568-4 상가 105호,14908,,37.4468525997,126.7924626352,즉석판매제조가공업,즉석판매제조가공업,,,0,N,,
,경기도 시흥시 대은로104번길 22,경기도 시흥시 은행동 540-2,14916,031-311-6880,37.4436987283,126.8001795864,즉석판매제조가공업,즉석판매제조가공업,,,0,N,,
,"경기도 시흥시 배곧4로 103, 대경프라자 1층 110호 (배곧동)",경기도 시흥시 배곧동 77 대경프라자,15010,031-362-4977,37.3738692988,126.7345653684,즉석판매제조가공업,즉석판매제조가공업,,,,N,,
,"경기도 시흥시 산현마을길 33-6, 1층 일부호 (산현동)",경기도 시흥시 산현동 511-7,14989,,37.3760055651,126.8456938823,즉석판매제조가공업,즉석판매제조가공업,,,0,N,,
,"경기도 시흥시 목감둘레로 253-33, 2층 210호 (조남동)",경기도 시흥시 조남동 710,14986,,37.3812108663,126.8613380066,즉석판매제조가공업,즉석판매제조가공업,,,0,N,,
,,경기도 시흥시 월곶동 1010-4 리치마트정육점,14964,031-318-5570,37.3902457487,126.735754493,즉석판매제조가공업,즉석판매제조가공업,,,0,N,,
,경기도 시흥시 장곡로 17,경기도 시흥시 장곡동 823-6 113호,15002,031-318-2346,37.3790542572,126.7868087306,즉석판매제조가공업,즉석판매제조가공업,,,0,N,,
,"경기도 시흥시 정왕대로 210 (정왕동, 이마트시화점)",경기도 시흥시 정왕동 1734-1,15066,031-434-4306,37.3459328804,126.7368812651,즉석판매제조가공업,즉석판매제조가공업,,,,N,,
,"경기도 시흥시 서울대학로278번길 25-32, 다인로얄팰리스 배곧2차 1층 104호 (배곧동)",경기도 시흥시 배곧동 198-2 다인로얄팰리스 배곧2차,15011,,37.3692022673,126.7293274077,즉석판매제조가공업,즉석판매제조가공업,,,0,N,,
,"경기도 시흥시 오이도로 173, B동 34~35호 (정왕동)",경기도 시흥시 정왕동 2003-12 34~35호,15015,031-410-1991,37.3454457514,126.6880796381,즉석판매제조가공업,즉석판매제조가공업,,,,N,,
,"경기도 시흥시 장현서3길 23, 1층 일부호 (장현동)",경기도 시흥시 장현동 407-2,14996,031-314-6456,37.372723102,126.7967510276,즉석판매제조가공업,즉석판매제조가공업,,,,N,,
,"경기도 시흥시 희망공원로 269, 2층 (정왕동, 홈플러스 시화점)",경기도 시흥시 정왕동 2166-4 홈플러스 시화점,15081,,37.3452082082,126.725237369,즉석판매제조가공업,즉석판매제조가공업,,,0,N,,
,경기도 시흥시 희망공원로 269,경기도 시흥시 정왕동 2166-4 홈플러스시화점 2층,15081,055-313-0646,37.3452082082,126.725237369,즉석판매제조가공업,즉석판매제조가공업,,,,N,,
,"경기도 시흥시 서울대학로278번길 19-13, 108동 1층 B-137호 일부호 (배곧동, 시흥배곧 C1 호반 써밋플레이스)",경기도 시흥시 배곧동 191 시흥배곧 C1 호반 써밋플레이스,15011,,37.3711662538,126.7277939416,즉석판매제조가공업,즉석판매제조가공업,,,,N,,
,경기도 시흥시 은행로 267 (은행동),경기도 시흥시 은행동 538-1 신명상가109-1,14917,031-311-2246,37.4437293778,126.7977487718,즉석판매제조가공업,즉석판매제조가공업,,,0,N,,
,"경기도 시흥시 정왕대로 210 (정왕동, 이마트시화점)",경기도 시흥시 정왕동 1734-1 이마트시화점,15066,070-4027-7288,37.3459328804,126.7368812651,즉석판매제조가공업,즉석판매제조가공업,,,0,N,,
,경기도 시흥시 비둘기공원로 28,경기도 시흥시 대야동 542 롯데마트 내,14912,031-435-7500,37.4430368253,126.7919559438,즉석판매제조가공업,즉석판매제조가공업,,,0,N,,
,"경기도 시흥시 복지로43번길 22-2, 1층 (대야동)",경기도 시흥시 대야동 486-9 1층,14909,031-313-3682,37.4443487092,126.7867772537,즉석판매제조가공업,즉석판매제조가공업,,,,N,,
,"경기도 시흥시 오이도로 173, 155호 (정왕동, 오이도직판장 B동)",경기도 시흥시 정왕동 2003-12 오이도직판장 B동 155호,15015,031-433-6892,37.3454457514,126.6880796381,즉석판매제조가공업,즉석판매제조가공업,,,0,N,,
,경기도 시흥시 군서로18번길 8,경기도 시흥시 정왕동 1199-13,15052,031-497-2044,37.3448818393,126.7501236783,즉석판매제조가공업,즉석판매제조가공업,,,0,N,,
,경기도 시흥시 장곡로 50 (주)진보유통 1층 일부호 (장곡동),경기도 시흥시 장곡동 385-8 (주)진보유통,15002,,37.3797082545,126.783165496,즉석판매제조가공업,즉석판매제조가공업,,,0,N,,
,"경기도 시흥시 서울대학로278번길 67, 시흥배곧 롯데마트 1층 (배곧동)",경기도 시흥시 배곧동 202 시흥배곧 롯데마트,15011,062-224-1133,37.3688907319,126.7313182505,즉석판매제조가공업,즉석판매제조가공업,,,,N,,
,경기도 시흥시 정왕대로 210,경기도 시흥시 정왕동 1734-1 2층,15066,055-833-3741,37.3459328804,126.7368812651,즉석판매제조가공업,즉석판매제조가공업,,,0,N,,
,"경기도 시흥시 희망공원로 269, 홈플러스시화점 2층 일부호 (정왕동)",경기도 시흥시 정왕동 2166-4 홈플러스시화점,15081,031-792-9029,37.3452082082,126.725237369,즉석판매제조가공업,즉석판매제조가공업,,,0,N,,
,"경기도 시흥시 오이도로 167 (정왕동,오이도수산물직판장 66,67,68,69호)","경기도 시흥시 정왕동 2003-8 오이도수산물직판장 66,67,68,69호",15015,031-499-3551,37.3458883179,126.6882103529,즉석판매제조가공업,즉석판매제조가공업,,,,N,,
,"경기도 시흥시 서울대학로278번길 61, 서영베니스스퀘어 2층 265호 (정왕동)",경기도 시흥시 정왕동 2537-2 서영베니스스퀘어,15011,,37.3681926149,126.7306929431,즉석판매제조가공업,즉석판매제조가공업,,,,N,,
,"경기도 시흥시 정왕대로 210, E MART시화점 (정왕동)",경기도 시흥시 정왕동 1734-2 E MART시화점,15066,02-6011-4900,37.3459328804,126.7368812651,즉석판매제조가공업,즉석판매제조가공업,,,,N,,
,,경기도 시흥시 정왕동 1873-3 월드(아)상가지하2호,15027,031-431-0900,37.3567512193,126.7302225709,즉석판매제조가공업,즉석판매제조가공업,,,0,N,,
,경기도 시흥시 마유로238번길 26,경기도 시흥시 정왕동 1366-4 LG마트(내),15079,031-287-3163,37.3376271419,126.7306774357,즉석판매제조가공업,즉석판매제조가공업,,,0,N,,
,"경기도 시흥시 오이도로 173, 71,72,73호 (정왕동)","경기도 시흥시 정왕동 2003-12 (직판장 호수:164,165,166,173)",15015,,37.3454457514,126.6880796381,즉석판매제조가공업,즉석판매제조가공업,,,0,N,,
,"경기도 시흥시 거북섬둘레길 42, 웨이브파크 행사장 (정왕동)",경기도 시흥시 정왕동 2721 웨이브파크,15119,,37.3241773184,126.680791543,즉석판매제조가공업,즉석판매제조가공업,,,,N,,
,경기도 시흥시 정왕천로369번길 59-1,경기도 시흥시 정왕동 1592 동신흥산빌딩 빅할인마트정육,15057,031-432-6696,37.3446267243,126.7440296824,즉석판매제조가공업,즉석판매제조가공업,,,0,N,,
,"경기도 시흥시 승지로69번길 9, 2층 일부호 (능곡동)",경기도 시흥시 능곡동 511,14994,,37.3702745341,126.8095245358,즉석판매제조가공업,즉석판매제조가공업,,,,N,,
,"경기도 시흥시 미산로 74, 1층 일부호 (미산동)",경기도 시흥시 미산동 85-1,14944,,37.4217362352,126.7962363934,즉석판매제조가공업,즉석판매제조가공업,,,,N,,
,"경기도 시흥시 하중로221번길 12-1, 1층 일부호 (하중동)",경기도 시흥시 하중동 868-4 1층일부호,14976,070-4634-1259,37.3920190951,126.8070544323,즉석판매제조가공업,즉석판매제조가공업,,,,N,,
,"경기도 시흥시 오이도로 167, A동 18호 (정왕동)",경기도 시흥시 정왕동 2003-8 A동 18호,15015,031-431-9512,37.3458883179,126.6882103529,즉석판매제조가공업,즉석판매제조가공업,,,,N,,
,"경기도 시흥시 대골안길 44, 1층일부호 (대야동)",경기도 시흥시 대야동 473-7,14905,,37.4458086699,126.7882330562,즉석판매제조가공업,즉석판매제조가공업,,,,N,,
,"경기도 시흥시 배곧전원로 18-6, 1층 일부호 (배곧동)",경기도 시흥시 배곧동 101-29,15010,,37.3788055461,126.7271395751,즉석판매제조가공업,즉석판매제조가공업,,,0,N,,
,"경기도 시흥시 비둘기공원로 28, 롯데마트 시흥점 신선식품 수산코너 2층 (대야동)",경기도 시흥시 대야동 542 롯데마트 시흥점,14912,,37.4430368253,126.7919559438,즉석판매제조가공업,즉석판매제조가공업,,,,N,,
,"경기도 시흥시 호현로 30-1, 북시흥농협 하나로마트 일부호 (대야동)",경기도 시흥시 대야동 496-11 북시흥농협,14909,,37.4434226193,126.7856668762,즉석판매제조가공업,즉석판매제조가공업,,,,N,,
,"경기도 시흥시 월곶해안로 133 (월곶동, 109-111호)",경기도 시흥시 월곶동 1013-12 109-111호,14963,031-318-6152,37.3876563066,126.7353628154,즉석판매제조가공업,즉석판매제조가공업,,,0,N,,
,경기도 시흥시 시청로 74,경기도 시흥시 장현동 538-3 새재타운 105호,14998,031-435-7828,37.3809067342,126.7996565841,즉석판매제조가공업,즉석판매제조가공업,,,0,N,,
,"경기도 시흥시 정왕시장길 51, 1층 (정왕동)",경기도 시흥시 정왕동 1203 1층,15052,031-432-0805,37.3458093904,126.7485677164,즉석판매제조가공업,즉석판매제조가공업,,,0,N,,
,경기도 시흥시 삼미시장3길 19,경기도 시흥시 신천동 740-1 101호,14948,031-311-5948,37.4399371273,126.7831452598,즉석판매제조가공업,즉석판매제조가공업,,,0,N,,
,"경기도 시흥시 정왕대로233번길 34, 삼호빌딩 201호 (정왕동)",경기도 시흥시 정왕동 1600 삼호빌딩,15056,,37.3475783836,126.7418662192,즉석판매제조가공업,즉석판매제조가공업,,,,N,,
,"경기도 시흥시 정왕대로 210 (정왕동, 이마트시화점내)",경기도 시흥시 정왕동 1734-1,15066,032-351-5942,37.3459328804,126.7368812651,즉석판매제조가공업,즉석판매제조가공업,,,,N,,
,"경기도 시흥시 대은로104번길 22, 1층 (은행동)",경기도 시흥시 은행동 540-2 1층,14916,,37.4436987283,126.8001795864,즉석판매제조가공업,즉석판매제조가공업,,,0,N,,
,"경기도 시흥시 시흥대로1074번길 23-1, 1층 일부호 (은행동)",경기도 시흥시 은행동 293-11,14921,,37.4313413019,126.7956604513,즉석판매제조가공업,즉석판매제조가공업,,,,N,,
,경기도 시흥시 군자로 525,경기도 시흥시 거모동 1761-13 1층,15068,031-495-2231,37.343398009,126.7856332692,즉석판매제조가공업,즉석판매제조가공업,,,,N,,
,경기도 시흥시 중심상가로 104,경기도 시흥시 정왕동 1848-4 진로아파트 상가 1층 109호,15038,031-499-9952,37.3490411068,126.728314167,즉석판매제조가공업,즉석판매제조가공업,,,0,N,,
,경기도 시흥시 은행로 292,경기도 시흥시 은행동 549-1 대우3차상가1104,14918,031-317-0705,37.4414596943,126.7980412908,즉석판매제조가공업,즉석판매제조가공업,,,0,N,,
,경기도 시흥시 뱀내장터로19번길 10-5 (대야동),경기도 시흥시 대야동 491-66,14909,031-314-6465,37.4426152567,126.7877998187,즉석판매제조가공업,즉석판매제조가공업,,,0,N,,
,"경기도 시흥시 오이도로 167 (정왕동,오이도수산물직판장 A동 45-46호)",경기도 시흥시 정왕동 2003-8 오이도수산물직판장 A동 45-46호,15015,031-498-2556,37.3458883179,126.6882103529,즉석판매제조가공업,즉석판매제조가공업,,,,N,,
,,경기도 시흥시 정왕동 1873-3 월드@주상가지하2호,15027,031-431-0900,37.3567512193,126.7302225709,즉석판매제조가공업,즉석판매제조가공업,,,0,N,,
,"경기도 시흥시 인선길 67, 숲속마을아파트 상가동 2층 202호 일부호 (장곡동)",경기도 시흥시 장곡동 806 숲속마을아파트,15002,,37.3772978004,126.781053722,즉석판매제조가공업,즉석판매제조가공업,,,0,N,,
,"경기도 시흥시 하중로 193, 402호 일부호 (하중동)",경기도 시흥시 하중동 856-1,14976,,37.3944204983,126.8046259833,즉석판매제조가공업,즉석판매제조가공업,,,0,N,,
,경기도 시흥시 진말로9번길 2,경기도 시흥시 장곡동 0 10브럭3478롯트부석프라자 지하1층,15002,,37.378468074,126.7852668701,즉석판매제조가공업,즉석판매제조가공업,,,0,N,,
,"경기도 시흥시 배곧1로 27-15, 상가동 1층 일부호 (배곧동, 한라비발디캠퍼스)",경기도 시흥시 배곧동 243 한라비발디캠퍼스,15011,,37.3636798562,126.7119931155,즉석판매제조가공업,즉석판매제조가공업,,,,N,,
,"경기도 시흥시 동서로 706-58, 안산연꽂지점 하나로마트 일부호 (물왕동)",경기도 시흥시 물왕동 349-2 안산농협 영농자원센터,14993,041-566-5360,37.3838533611,126.827462028,즉석판매제조가공업,즉석판매제조가공업,,,,N,,
,"경기도 시흥시 시청로68번길 4, 지1층 B104호 (장현동, 장현1 엔플러스빌)",경기도 시흥시 장현동 541-4 장현1 엔플러스빌,14998,,37.3804882622,126.8005302128,즉석판매제조가공업,즉석판매제조가공업,,,,N,,
,,"경기도 시흥시 정왕동 0-0 58-2-3,4세종프라자지하유나마트내",15119,031-485-8394,,,즉석판매제조가공업,즉석판매제조가공업,,,0,N,,
,"경기도 시흥시 신천로100번길 36, 1층 106호 (신천동, 수정타워아파트)",경기도 시흥시 신천동 782 수정타워아파트,14950,031-503-3781,37.4380422948,126.7902848064,즉석판매제조가공업,즉석판매제조가공업,,,,N,,
,"경기도 시흥시 서울대학로278번길 61, 서영베니스스퀘어 2층 289호 일부호 (배곧동)",경기도 시흥시 배곧동 204 서영베니스스퀘어,15011,,37.3681926149,126.7306929431,즉석판매제조가공업,즉석판매제조가공업,,,0,N,,
,"경기도 시흥시 목감중앙로 45, 1층 105호 (조남동, 리벤티움)",경기도 시흥시 조남동 678 리벤티움 105호,14988,031-414-6853,37.3737422431,126.8553814677,즉석판매제조가공업,즉석판매제조가공업,,,,N,,
,"경기도 시흥시 공단1대로 13, 삼양스마트테크노파크 316호 일부호 (정왕동)",경기도 시흥시 정왕동 1234-12,15086,,37.349346768,126.7077396341,즉석판매제조가공업,즉석판매제조가공업,,,,N,,
,"경기도 시흥시 포도원로109번길 26, 2층 일부호 (신천동)",경기도 시흥시 신천동 848-3 203호,14949,,37.4371594335,126.7858733614,즉석판매제조가공업,즉석판매제조가공업,,,,N,,
,경기도 시흥시 희망공원로 269,경기도 시흥시 정왕동 2166-4 홈플러스 내,15081,,37.3452082082,126.725237369,즉석판매제조가공업,즉석판매제조가공업,,,,N,,
,"경기도 시흥시 배곧4로 103, 대경프라자 110(일부)호 (배곧동)",경기도 시흥시 배곧동 77 대경프라자,15010,,37.3738692988,126.7345653684,즉석판매제조가공업,즉석판매제조가공업,,,,N,,
,경기도 시흥시 진말로9번길 18-1,경기도 시흥시 장곡동 813-6,15002,031-317-6033,37.3784304413,126.7835165074,즉석판매제조가공업,즉석판매제조가공업,,,0,N,,
,경기도 시흥시 연성로 87,경기도 시흥시 하상동 376-3,14977,031-404-1554,37.3910086969,126.8130849652,즉석판매제조가공업,즉석판매제조가공업,,,,N,,
,"경기도 시흥시 서울대학로278번길 26, 시흥배곧 아브뉴프랑 센트럴 오렌지 435호 (배곧동)",경기도 시흥시 배곧동 215 시흥배곧 아브뉴프랑 센트럴 오렌지,15011,,37.368904127,126.7278397154,즉석판매제조가공업,즉석판매제조가공업,,,0,N,,
,"경기도 시흥시 서울대학로278번길 61, 서영베니스스퀘어 1층 티-20호일부호 (배곧동)",경기도 시흥시 배곧동 204 서영베니스스퀘어,15011,,37.3681926149,126.7306929431,즉석판매제조가공업,즉석판매제조가공업,,,,N,,
,경기도 시흥시 오이도어시장로 7,경기도 시흥시 정왕동 2004-3 A동 179호,15015,,37.3451101492,126.6890880534,즉석판매제조가공업,즉석판매제조가공업,,,0,N,,
,경기도 시흥시 상직길 9,경기도 시흥시 하상동 383 태평아파트상가 104호,14977,031-507-0330,37.3903028459,126.8126056449,즉석판매제조가공업,즉석판매제조가공업,,,0,N,,
,,경기도 시흥시 거모동 1632-1,15069,031-491-7336,,,즉석판매제조가공업,즉석판매제조가공업,,,0,N,,
,"경기도 시흥시 오이도로 173 (정왕동,오이도수산물직판장 B동 137호)",경기도 시흥시 정왕동 2003-12 오이도수산물직판장 B동 137호,15015,031-432-1554,37.3454457514,126.6880796381,즉석판매제조가공업,즉석판매제조가공업,,,,N,,
,"경기도 시흥시 목감중앙로 19, 상가동 1층 102호 (조남동, 가온수플)",경기도 시흥시 조남동 663 가온수플,14988,,37.3771299452,126.8551152836,즉석판매제조가공업,즉석판매제조가공업,,,0,N,,
,경기도 시흥시 오이도어시장로 8,"경기도 시흥시 정왕동 2005-3 B동 84,85",15015,031-319-2322,37.3446490932,126.6888897946,즉석판매제조가공업,즉석판매제조가공업,,,0,N,,
,"경기도 시흥시 옥구공원로 183, 원플러스마트 시화점  (정왕동)",경기도 시흥시 정왕동 1733-4,15036,070-8158-8727,37.3450091694,126.732035946,즉석판매제조가공업,즉석판매제조가공업,,,,N,,
,"경기도 시흥시 배곧1로 27-15, 지1층 일부호 (배곧동, 한라비발디캠퍼스)",경기도 시흥시 배곧동 243 한라비발디캠퍼스,15011,,37.3636798562,126.7119931155,즉석판매제조가공업,즉석판매제조가공업,,,,N,,
,"경기도 시흥시 은계남로 12, 판매시설동 1층 174호 (은행동, 시흥은계 호반 써밋플레이스)",경기도 시흥시 은행동 644 시흥은계 호반 써밋플레이스,14922,031-435-6262,37.4351025771,126.8037071995,즉석판매제조가공업,즉석판매제조가공업,,,0,N,,
,"경기도 시흥시 배곧4로 32-28, 104호 일부호 (배곧동)",경기도 시흥시 배곧동 119,15010,031-312-2548,37.378166878,126.7259601659,즉석판매제조가공업,즉석판매제조가공업,,,,N,,
,"경기도 시흥시 관곡지로 139, 시흥연꽃테마파크 일원 (하중동)",경기도 시흥시 하중동 271 시흥시농업기술센터,14973,,37.4006890149,126.808386896,즉석판매제조가공업,즉석판매제조가공업,,,,N,,
,"경기도 시흥시 조남길 19, 1층 일부호 (목감동)",경기도 시흥시 목감동 244-1,14984,,37.3828090644,126.8601835893,즉석판매제조가공업,즉석판매제조가공업,,,0,N,,
,경기도 시흥시 마유로238번길 26,경기도 시흥시 정왕동 1366-4 GS마트 내,15079,,37.3376271419,126.7306774357,즉석판매제조가공업,즉석판매제조가공업,,,0,N,,
,경기도 시흥시 호현로85번길 6,경기도 시흥시 대야동 461-4,14905,031-691-4458,37.4473708089,126.7872007767,즉석판매제조가공업,즉석판매제조가공업,,,0,N,,
,"경기도 시흥시 은계중앙로 65, 1층 101호 일부호 (은행동, 엘에이치은계파크자이)",경기도 시흥시 은행동 647 엘에이치은계파크자이,14922,031-8042-7477,37.4371373067,126.7987372854,즉석판매제조가공업,즉석판매제조가공업,,,0,N,,
,"경기도 시흥시 군서마을로 30, 서해한의원 1층 일부호 (정왕동)",경기도 시흥시 정왕동 1213-18 서해한의원,15052,,37.3449163021,126.7484524273,즉석판매제조가공업,즉석판매제조가공업,,,0,N,,
,"경기도 시흥시 신천천서로 22, 3호 (신천동)",경기도 시흥시 신천동 734-4 3호,14948,031-314-8284,37.4388895187,126.7842969621,즉석판매제조가공업,즉석판매제조가공업,,,0,N,,
,,경기도 시흥시 매화동 200-5 매화종합상가 A-107호,14940,031-315-6885,37.4160292165,126.8144047009,즉석판매제조가공업,즉석판매제조가공업,,,0,N,,
,경기도 시흥시 복지로120번길 4,경기도 시흥시 대야동 284-2,14907,031-313-7883,37.4490636405,126.7929166452,즉석판매제조가공업,즉석판매제조가공업,,,0,N,,
,경기도 시흥시 비둘기공원로 28,경기도 시흥시 대야동 542 GS마트내,14912,031-435-7014,37.4430368253,126.7919559438,즉석판매제조가공업,즉석판매제조가공업,,,,N,,
,경기도 시흥시 월곶해안로 133,"경기도 시흥시 월곶동 1013-12 화신수산시장 98,99,100,101,102",14963,031-318-1903,37.3876563066,126.7353628154,즉석판매제조가공업,즉석판매제조가공업,,,0,N,,
,"경기도 시흥시 은계호수로 49, 시흥 센트롤돔 그랑트리 2층 2038호 (은행동)",경기도 시흥시 은행동 601-302 시흥 센트롤돔 그랑트리,14923,,37.4458457243,126.8020023203,즉석판매제조가공업,즉석판매제조가공업,,,0,N,,
,경기도 시흥시 대골안길 64,경기도 시흥시 대야동 486-3 아울렛마트,14909,031-311-1794,37.4443513007,126.7872068143,즉석판매제조가공업,즉석판매제조가공업,,,0,N,,
,"경기도 시흥시 오이도로 173, 2, 3, 4(오이도직판장 104, 105, 106) 호 (정왕동)",경기도 시흥시 정왕동 2003-12,15015,031-433-5261,37.3454457514,126.6880796381,즉석판매제조가공업,즉석판매제조가공업,,,0,N,,
,경기도 시흥시 비둘기공원로 28,경기도 시흥시 대야동 542 GS마트,14912,031-909-7711,37.4430368253,126.7919559438,즉석판매제조가공업,즉석판매제조가공업,,,0,N,,
,경기도 시흥시 오이도어시장로 7,"경기도 시흥시 정왕동 2004-3 A동 69,70호",15015,,37.3451101492,126.6890880534,즉석판매제조가공업,즉석판매제조가공업,,,0,N,,
,경기도 시흥시 희망공원로 269,경기도 시흥시 정왕동 2166-4,15081,061-392-5500,37.3452082082,126.725237369,즉석판매제조가공업,즉석판매제조가공업,,,0,N,,
,경기도 시흥시 삼미시장2길 41,경기도 시흥시 신천동 737-13,14948,031-691-2475,37.4401695778,126.7843186834,즉석판매제조가공업,즉석판매제조가공업,,,0,N,,
,"경기도 시흥시 은계번영길 1, 태산W타워 103호일부호 (은행동)",경기도 시흥시 은행동 646 태산W타워,14922,,37.4365775346,126.8016249551,즉석판매제조가공업,즉석판매제조가공업,,,,N,,
,"경기도 시흥시 배곧전원로 18-6, 청연 카페 1층 일부호 (배곧동)",경기도 시흥시 배곧동 101-29,15010,,37.3788055461,126.7271395751,즉석판매제조가공업,즉석판매제조가공업,,,,N,,
,"경기도 시흥시 장현능곡로 155, 시흥 플랑드르 2068호 (능곡동)",경기도 시흥시 능곡동 871 시흥 플랑드르,15121,070-4063-3100,37.3710186339,126.8072928232,즉석판매제조가공업,즉석판매제조가공업,,,,N,,
,경기도 시흥시 마유로238번길 26,경기도 시흥시 정왕동 1366-4,15079,031-977-0651,37.3376271419,126.7306774357,즉석판매제조가공업,즉석판매제조가공업,,,,N,,
,"경기도 시흥시 매화2로23번길 2, 1층 일부호 (매화동)",경기도 시흥시 매화동 221-18,14940,,37.4169888503,126.8120227905,즉석판매제조가공업,즉석판매제조가공업,,,,N,,
,"경기도 시흥시 노루우물길 4, 다힘프라자 3층 일부호 (장곡동)",경기도 시흥시 장곡동 906-2,15002,,37.3766151173,126.7859056624,즉석판매제조가공업,즉석판매제조가공업,,,0,N,,
,"경기도 시흥시 수풀안길 14-22, 로얄팰리스 4차 108호 (조남동)",경기도 시흥시 조남동 711-1 로얄팰리스 4차,14986,,37.3812505775,126.8620153961,즉석판매제조가공업,즉석판매제조가공업,,,,N,,
,"경기도 시흥시 서울대학로278번길 19-13, 107동 2층 A-234호 일부호 (배곧동, 시흥배곧 C1 호반 써밋플레이스)",경기도 시흥시 배곧동 191 시흥배곧 C1 호반 써밋플레이스,15011,,37.3703857466,126.7269775004,즉석판매제조가공업,즉석판매제조가공업,,,0,N,,
,"경기도 시흥시 오이도로 167, A동 28,29호 (정왕동)","경기도 시흥시 정왕동 2003-8 A동 28,29호",15015,,37.3458883179,126.6882103529,즉석판매제조가공업,즉석판매제조가공업,,,,N,,
,"경기도 시흥시 서울대학로264번길 50, 배곧헤리움 어반크로스2차 B동 1층 102호 일부호 (배곧동)",경기도 시흥시 배곧동 233 배곧헤리움 어반크로스2차,15011,,37.3667198507,126.728765555,즉석판매제조가공업,즉석판매제조가공업,,,,N,,
,"경기도 시흥시 새재로7번길 15, 1층 (장현동)",경기도 시흥시 장현동 537-5 1층,14998,031-317-7984,37.3811076319,126.8000952355,즉석판매제조가공업,즉석판매제조가공업,,,0,N,,
,경기도 시흥시 비둘기공원7길 38 (대야동),경기도 시흥시 대야동 542 롯데마트 시흥점,14912,,37.4430368253,126.7919559438,즉석판매제조가공업,즉석판매제조가공업,,,,N,,
,"경기도 시흥시 배곧3로 27-7, 1동 201호 (정왕동, SK뷰상가)",경기도 시흥시 정왕동 2483 1동 201호,15010,031-434-7283,37.3763506741,126.725278565,즉석판매제조가공업,즉석판매제조가공업,,,,N,,
,"경기도 시흥시 남왕길 30, 프라미스 콤플렉스 1층 102호 (목감동)",경기도 시흥시 목감동 402-1 프라미스 콤플렉스 102호,14985,,37.3826236944,126.8609080854,즉석판매제조가공업,즉석판매제조가공업,,,0,N,,
,"경기도 시흥시 비둘기공원5길 16, 대야 프라자 4층 401호 (대야동)",경기도 시흥시 대야동 530-2 대야 프라자,14912,,37.4428182006,126.7900701283,즉석판매제조가공업,즉석판매제조가공업,,,,N,,
,"경기도 시흥시 옥구공원로 189, 로얄퍼스트빌 1층 107호 일부호 (정왕동)",경기도 시흥시 정왕동 1733-5 로얄퍼스트빌,15036,031-431-3378,37.3447330603,126.7325468027,즉석판매제조가공업,즉석판매제조가공업,,,,N,,
,경기도 시흥시 정왕대로 210,경기도 시흥시 정왕동 1734-1 이마트매장내,15066,031-496-4149,37.3459328804,126.7368812651,즉석판매제조가공업,즉석판매제조가공업,,,0,N,,
,"경기도 시흥시 장현능곡로 155, 장현지구 상업6BL 2층 2024호 (능곡동)",경기도 시흥시 능곡동 235-1 장현지구 상업6BL,15121,,37.3710186339,126.8072928232,즉석판매제조가공업,즉석판매제조가공업,,,0,N,,
,경기도 시흥시 삼미시장2길 41-1,경기도 시흥시 신천동 737-8,14948,,37.4401074445,126.7844775344,즉석판매제조가공업,즉석판매제조가공업,,,0,N,,
,"경기도 시흥시 은계중앙로 115, 상가동동 1층 108호 일부호 (은행동, 시흥은계우미린더퍼스트)",경기도 시흥시 은행동 621 시흥은계우미린더퍼스트,14923,,37.4399621001,126.803910867,즉석판매제조가공업,즉석판매제조가공업,,,0,N,,
,"경기도 시흥시 군자로466번길 57, 1층 일부호 (거모동)",경기도 시흥시 거모동 1748-21,15070,031-495-2994,37.3432056036,126.7806563398,즉석판매제조가공업,즉석판매제조가공업,,,,N,,
,경기도 시흥시 오이도어시장로 7,경기도 시흥시 정왕동 2004-3 오이도종합어시장 A동 159호,15015,031-434-7680,37.3451101492,126.6890880534,즉석판매제조가공업,즉석판매제조가공업,,상수도전용,0,N,,
,경기도 시흥시 복지로 39-17 (대야동),경기도 시흥시 대야동 491-2,14909,031-314-1303,37.4435911183,126.78819754,즉석판매제조가공업,즉석판매제조가공업,,,,N,,
,"경기도 시흥시 비둘기공원2길 3, 1층 일부호 (대야동)",경기도 시흥시 대야동 555-11,14911,,37.4397027355,126.7921117054,즉석판매제조가공업,즉석판매제조가공업,,,0,N,,
,"경기도 시흥시 군서로42번길 9, 1층 일부호 (정왕동)",경기도 시흥시 정왕동 1205-1 103호,15052,,37.3465277145,126.7481315316,즉석판매제조가공업,즉석판매제조가공업,,,0,N,,
,"경기도 시흥시 비둘기공원로 28, 롯데마트 시흥점 일부호 (대야동)",경기도 시흥시 대야동 542 롯데마트 시흥점,14912,070-4300-9589,37.4430368253,126.7919559438,즉석판매제조가공업,즉석판매제조가공업,,,,N,,
,"경기도 시흥시 정왕대로 64, 메가쇼핑몰 지하1층 일부호 (정왕동)",경기도 시흥시 정왕동 1861-3 메가쇼핑몰,15040,,37.3542557561,126.7235297297,즉석판매제조가공업,즉석판매제조가공업,,,,N,,
,"경기도 시흥시 월곶중앙로14번길 32, 110호 (월곶동)",경기도 시흥시 월곶동 993-1,14968,,37.3895152715,126.7441100961,즉석판매제조가공업,즉석판매제조가공업,,,0,N,,
,"경기도 시흥시 배곧4로 32-13, 107~110, B103호 (정왕동)",경기도 시흥시 정왕동 2477-3,15010,,37.376956103,126.7268874805,즉석판매제조가공업,즉석판매제조가공업,,,,N,,
,경기도 시흥시 신천로80번길 1 (신천동),경기도 시흥시 신천동 771-10,14950,031-316-8300,37.4374692909,126.7864356089,즉석판매제조가공업,즉석판매제조가공업,,,0,N,,
,"경기도 시흥시 군서로36번길 16-1, 1층 일부호 (정왕동)",경기도 시흥시 정왕동 1188-15,15052,,37.3466336706,126.7492030419,즉석판매제조가공업,즉석판매제조가공업,,,0,N,,
,"경기도 시흥시 은계번영길 2, 서미프라자 1층 107호 일부호 (은행동)",경기도 시흥시 은행동 645-1 서미프라자,14922,,37.4365360072,126.8022244374,즉석판매제조가공업,즉석판매제조가공업,,,,N,,
,경기도 시흥시 신현로38번길 12,경기도 시흥시 포동 13-31,14957,031-311-9085,37.4066590181,126.7846488724,즉석판매제조가공업,즉석판매제조가공업,,,,N,,
,"경기도 시흥시 비둘기공원7길 33, 디아망타운 1층 107호 (대야동)",경기도 시흥시 대야동 543-1 디아망타운 107호,14912,,37.4430055784,126.7927588701,즉석판매제조가공업,즉석판매제조가공업,,,,N,,
,"경기도 시흥시 협력로 281, 메가폴리스 A동 101호 (정왕동)",경기도 시흥시 정왕동 2164-2 메가폴리스,15080,,37.3516251323,126.7155402835,즉석판매제조가공업,즉석판매제조가공업,,,,N,,
,경기도 시흥시 월곶중앙로 90 (월곶동),경기도 시흥시 월곶동 1010-4 진주마을 풍림 1차아이원단지내 주상가동 1층 11호,14964,031-318-4401,37.3902457487,126.735754493,즉석판매제조가공업,즉석판매제조가공업,,,0,N,,
,"경기도 시흥시 도일로 110-2, 시흥빌딩 지층 (거모동)",경기도 시흥시 거모동 1658-25 시흥빌딩,15069,,37.340323829,126.7840593148,즉석판매제조가공업,즉석판매제조가공업,,,,N,,
,"경기도 시흥시 비둘기공원로 28 (대야동, 롯데마트시흥점)",경기도 시흥시 대야동 542,14912,,37.4430368253,126.7919559438,즉석판매제조가공업,즉석판매제조가공업,,상수도전용,,N,,
,"경기도 시흥시 은계번영길 40, 샤르망프라자 4층 403호 (은행동)",경기도 시흥시 은행동 147-2 샤르망프라자,14922,,37.4365649144,126.8025406729,즉석판매제조가공업,즉석판매제조가공업,,,,N,,
,"경기도 시흥시 시흥대로1073번길 5, 덕진빌딩 1층 일부호 (신천동)",경기도 시흥시 신천동 888-1 덕진빌딩,14951,,37.4317435808,126.7920849401,즉석판매제조가공업,즉석판매제조가공업,,,0,N,,
,"경기도 시흥시 서울대학로278번길 19-13, 107동 1층 A-145호 (배곧동, 시흥배곧 C1 호반 써밋플레이스)",경기도 시흥시 배곧동 191 시흥배곧 C1 호반 써밋플레이스,15011,,37.3703857466,126.7269775004,즉석판매제조가공업,즉석판매제조가공업,,,0,N,,
,경기도 시흥시 오이도어시장로 7,"경기도 시흥시 정왕동 2004-3 오이도종합어시장 A-167,168",15015,031-497-7664,37.3451101492,126.6890880534,즉석판매제조가공업,즉석판매제조가공업,,,0,N,,
,경기도 시흥시 하중로 182,경기도 시흥시 하중동 451-1,14976,031-317-9933,37.3950431732,126.8032193441,즉석판매제조가공업,즉석판매제조가공업,,,0,N,,
,경기도 시흥시 비둘기공원로 28,경기도 시흥시 대야동 542 GS마트시흥점 1층,14912,,37.4430368253,126.7919559438,즉석판매제조가공업,즉석판매제조가공업,,,,N,,
,경기도 시흥시 오이도어시장로 8,경기도 시흥시 정왕동 2005-3 B동 178호,15015,031-434-5199,37.3446490932,126.6888897946,즉석판매제조가공업,즉석판매제조가공업,,,0,N,,
,"경기도 시흥시 하중로 195, 107호 (하중동)",경기도 시흥시 하중동 856-3번지 하중랜드빌딩 107호,14976,,37.3942322182,126.804797183,즉석판매제조가공업,즉석판매제조가공업,,,0,N,,
,경기도 시흥시 동서로 1091-1 (조남동),경기도 시흥시 조남동 171-7,14984,031-403-9877,37.3862336218,126.8600641201,즉석판매제조가공업,즉석판매제조가공업,,,,N,,
,경기도 시흥시 봉화로143번길 75,경기도 시흥시 정왕동 49-3 금강아파트상가지하1호,15009,,37.3660313721,126.7421774818,즉석판매제조가공업,즉석판매제조가공업,,,0,N,,
,경기도 시흥시 비둘기공원7길 39,경기도 시흥시 대야동 544-1,14912,031-315-5982,37.4424717101,126.7924134527,즉석판매제조가공업,즉석판매제조가공업,,,0,N,,
,"경기도 시흥시 오이도로 219, 1층 일부호 (정왕동)",경기도 시흥시 정왕동 2031-14,15015,,37.3414961368,126.6865303623,즉석판매제조가공업,즉석판매제조가공업,,,,N,,
,"경기도 시흥시 배곧1로 27-15, GS수퍼마켓 지하1층 (배곧동, 한라비발디캠퍼스)",경기도 시흥시 배곧동 243 한라비발디캠퍼스,15011,,37.3636798562,126.7119931155,즉석판매제조가공업,즉석판매제조가공업,,,,N,,
,"경기도 시흥시 서울대학로278번길 61, 서영베니스스퀘어 1층 씨-33호 일부호 (배곧동)",경기도 시흥시 배곧동 204 서영베니스스퀘어,15011,,37.3681926149,126.7306929431,즉석판매제조가공업,즉석판매제조가공업,,,,N,,
,"경기도 시흥시 배곧4로 32-28, 2층 217호 (정왕동, 그랜드프라자)",경기도 시흥시 정왕동 1772-21 그랜드프라자 2층 217호,15010,,37.378166878,126.7259601659,즉석판매제조가공업,즉석판매제조가공업,,,,N,,
,"경기도 시흥시 은계호수로 49, 시흥 센트럴돔 그랑트리 캐슬 2층 2028호 (은행동)",경기도 시흥시 은행동 605 시흥 센트럴돔 그랑트리 캐슬,14923,,37.4458457243,126.8020023203,즉석판매제조가공업,즉석판매제조가공업,,,,N,,
,"경기도 시흥시 월곶중앙로 90, 121호 (월곶동, 풍림1차 아이원 주상가동)",경기도 시흥시 월곶동 1010-4 풍림1차 아이원 주상가동 121호,14964,,37.3902457487,126.735754493,즉석판매제조가공업,즉석판매제조가공업,,,0,N,,
,경기도 시흥시 마유로238번길 26,경기도 시흥시 정왕동 1366-4 지에스마트내,15079,031-496-7700,37.3376271419,126.7306774357,즉석판매제조가공업,즉석판매제조가공업,,,0,N,,
,"경기도 시흥시 시흥대로1074번길 5 (은행동, 스페이스타워 105호)",경기도 시흥시 은행동 288-1 스페이스타워 105호,14921,031-312-5601,37.4320543214,126.7936643149,즉석판매제조가공업,즉석판매제조가공업,,,0,N,,
,"경기도 시흥시 서울대학로278번길 67, 시흥배곧 롯데마트 1층 일부호 (배곧동)",경기도 시흥시 배곧동 202 신선식품 수산코너,15011,02-6246-3200,37.3688907319,126.7313182505,즉석판매제조가공업,즉석판매제조가공업,,,,N,,
,"경기도 시흥시 대은로103번길 6, 동신아파트 상가동 1층 102호 (대야동)",경기도 시흥시 대야동 639 동신아파트,14915,,37.446152934,126.7990827368,즉석판매제조가공업,즉석판매제조가공업,,,0,N,,
,"경기도 시흥시 서울대학로278번길 19-13, 107동 1층 A-108호 (배곧동, 시흥배곧 C1 호반 써밋플레이스)",경기도 시흥시 배곧동 191 시흥배곧 C1 호반 써밋플레이스,15011,,37.3709989287,126.7270163836,즉석판매제조가공업,즉석판매제조가공업,,,0,N,,
,"경기도 시흥시 비둘기공원7길 46, 월드타운 1층 110호 (대야동)",경기도 시흥시 대야동 541-3 월드타운,14912,,37.442161068,126.7917154962,즉석판매제조가공업,즉석판매제조가공업,,,0,N,,
,"경기도 시흥시 서울대학로264번길 26-16, 해든메디컬센터 주건축물제1동 6층 607호 (배곧동)",경기도 시흥시 배곧동 224-1 해든메디컬센터,15011,031-362-4645,37.3669339731,126.7256690253,즉석판매제조가공업,즉석판매제조가공업,,,,N,,
,"경기도 시흥시 수인로 2966, 로컬푸드매장 1층 일부호 (매화동)",경기도 시흥시 매화동 39-1,14931,,37.4209383352,126.8169479595,즉석판매제조가공업,즉석판매제조가공업,,,,N,,
,경기도 시흥시 시청로 76,경기도 시흥시 장현동 538-2,14998,031-318-0584,37.3810584863,126.7994066747,즉석판매제조가공업,즉석판매제조가공업,,,0,N,,
,"경기도 시흥시 은계번영길 1, 태산W타워 2층 212호 일부호 (은행동)",경기도 시흥시 은행동 646 태산W타워,14922,,37.4365775346,126.8016249551,즉석판매제조가공업,즉석판매제조가공업,,,,N,,
,경기도 시흥시 오이도로135번길 44-1,경기도 시흥시 정왕동 2006-5,15015,031-319-7419,37.3444885915,126.6878302787,즉석판매제조가공업,즉석판매제조가공업,,,0,N,,
,경기도 시흥시 비둘기공원로 28,경기도 시흥시 대야동 542 GS마트 내,14912,,37.4430368253,126.7919559438,즉석판매제조가공업,즉석판매제조가공업,,,,N,,
,경기도 시흥시 호현로 42-8,경기도 시흥시 대야동 495-4,14909,031-692-3150,37.4439453079,126.785650602,즉석판매제조가공업,즉석판매제조가공업,,,0,N,,
,경기도 시흥시 복지로93번길 12,경기도 시흥시 대야동 441-3,14906,031-404-2667,37.448519746,126.7908980796,즉석판매제조가공업,즉석판매제조가공업,,,0,N,,
,"경기도 시흥시 서울대학로278번길 61, 서영베니스스퀘어 205호 (정왕동)",경기도 시흥시 정왕동 2537-2 서영베니스스퀘어,15011,,37.3681926149,126.7306929431,즉석판매제조가공업,즉석판매제조가공업,,,,N,,
,경기도 시흥시 오이도로 167,"경기도 시흥시 정왕동 2003-8 오이도수산물직판장 A-24,25호",15015,,37.3458883179,126.6882103529,즉석판매제조가공업,즉석판매제조가공업,,,,N,,
,경기도 시흥시 동서로 1046-2,경기도 시흥시 조남동 178-3 103동 101호,14984,031-486-7331,37.3823955745,126.858729969,즉석판매제조가공업,즉석판매제조가공업,,,0,N,,
,경기도 시흥시 비둘기공원로 28,경기도 시흥시 대야동 542 GS마트시흥점,14912,031-419-9028,37.4430368253,126.7919559438,즉석판매제조가공업,즉석판매제조가공업,,,0,N,,
,"경기도 시흥시 정왕대로 210, E MART시화점 2층 (정왕동)",경기도 시흥시 정왕동 1734-2 E MART시화점,15066,031-557-0611,37.3459328804,126.7368812651,즉석판매제조가공업,즉석판매제조가공업,,,,N,,
,"경기도 시흥시 해송십리로 472-11, 상가2동 2층 209호 (배곧동, 배곧중흥에스클래스)",경기도 시흥시 배곧동 5 배곧중흥에스클래스,15010,031-319-1014,37.3848290984,126.7330532772,즉석판매제조가공업,즉석판매제조가공업,,,,N,,
,"경기도 시흥시 비둘기공원로 28 (대야동, 롯데마트시흥점 내 수산코너)",경기도 시흥시 대야동 542 롯데마트시흥점내 수산코너,14912,051-717-2950,37.4430368253,126.7919559438,즉석판매제조가공업,즉석판매제조가공업,,,,N,,
,"경기도 시흥시 비둘기공원7길 27, 서해아파트 1층 103호 (대야동)",경기도 시흥시 대야동 563 서해아파트 103호,14913,,37.4435571338,126.7930476021,즉석판매제조가공업,즉석판매제조가공업,,,,N,,
,"경기도 시흥시 비둘기공원7길 38 (대야동, 롯데마트내1층)",경기도 시흥시 대야동 542 롯데마트내1층,14912,,37.4430368253,126.7919559438,즉석판매제조가공업,즉석판매제조가공업,,,,N,,
,경기도 시흥시 희망공원로 269,경기도 시흥시 정왕동 2166-4 홈플러스 시화점(내),15081,,37.3452082082,126.725237369,즉석판매제조가공업,즉석판매제조가공업,,,0,N,,
,,경기도 시흥시 정왕동 0000-0 월드상가지하,15119,031-431-0900,,,즉석판매제조가공업,즉석판매제조가공업,,,0,N,,
,"경기도 시흥시 오이도로157번길 15, 1층 104호 (정왕동)",경기도 시흥시 정왕동 1977-11 104호,15015,031-319-4949,37.3466407702,126.6901554451,즉석판매제조가공업,즉석판매제조가공업,,,0,N,,
,경기도 시흥시 비둘기공원7길 45,경기도 시흥시 대야동 545-1 트윈프라자 B동 106호,14912,,37.4420193646,126.7921350993,즉석판매제조가공업,즉석판매제조가공업,,,0,N,,
,경기도 시흥시 마유로238번길 26,경기도 시흥시 정왕동 1366-4 GS마트내,15079,031-496-7740,37.3376271419,126.7306774357,즉석판매제조가공업,즉석판매제조가공업,,,0,N,,
,경기도 시흥시 비둘기공원로 28,경기도 시흥시 대야동 542 GS마트내,14912,031-732-2003,37.4430368253,126.7919559438,즉석판매제조가공업,즉석판매제조가공업,,,,N,,
,"경기도 시흥시 정왕신길로49번길 19, 서해아파트 상가동 1층 102일부호 (정왕동)",경기도 시흥시 정왕동 1886-4 서해아파트 102일부호,15021,031-499-9818,37.3596616918,126.7273133546,즉석판매제조가공업,즉석판매제조가공업,,,,N,,
,"경기도 시흥시 월곶해안로161번길 5 (월곶동, 마트 내)",경기도 시흥시 월곶동 1013-20 마트 내,14963,031-314-8988,37.3886937892,126.7368998952,즉석판매제조가공업,즉석판매제조가공업,,,0,N,,
,경기도 시흥시 월곶해안로 133,"경기도 시흥시 월곶동 1013-12 62,63,64,65,66호",14963,031-318-8146,37.3876563066,126.7353628154,즉석판매제조가공업,즉석판매제조가공업,,,0,N,,
,경기도 시흥시 매화로 46,경기도 시흥시 매화동 199-2,14940,031-315-7140,37.4155072402,126.8145450656,즉석판매제조가공업,즉석판매제조가공업,,,0,N,,
,경기도 시흥시 은행로173번길 5,경기도 시흥시 대야동 579-4,14914,,37.4457938415,126.797808611,즉석판매제조가공업,즉석판매제조가공업,,,0,N,,
,경기도 시흥시 월곶해안로 133,"경기도 시흥시 월곶동 1013-12 화신시장 47,50,51,62,63,64,65,66호",14963,,37.3876563066,126.7353628154,즉석판매제조가공업,즉석판매제조가공업,,,0,N,,
,경기도 시흥시 월곶해안로 133,경기도 시흥시 월곶동 1013-12 97호,14963,031-318-4940,37.3876563066,126.7353628154,즉석판매제조가공업,즉석판매제조가공업,,,0,N,,
,경기도 시흥시 봉우재로7번길 2-1,경기도 시흥시 정왕동 1619-8 101호,15056,031-503-6857,37.3441737421,126.7422617243,즉석판매제조가공업,즉석판매제조가공업,,,0,N,,
,"경기도 시흥시 신천로104번길 24-1, 1층 일부호 (신천동)",경기도 시흥시 신천동 779-1,14950,,37.4385947881,126.7892283159,즉석판매제조가공업,즉석판매제조가공업,,,,N,,
,"경기도 시흥시 오이도4길 2, 1층 (정왕동)",경기도 시흥시 정왕동 2011-1 1층,15015,031-431-0010,37.3441861421,126.6897302173,즉석판매제조가공업,즉석판매제조가공업,,,0,N,,
,경기도 시흥시 시흥대로1073번길 23 (신천동),경기도 시흥시 신천동 875-2,14951,031-404-5758,37.4319763611,126.7903194777,즉석판매제조가공업,즉석판매제조가공업,,,,N,,
,"경기도 시흥시 배곧1로 27-15, 상가2동동 지하층 B101 일부호 (배곧동, 한라비발디캠퍼스)",경기도 시흥시 배곧동 243 한라비발디캠퍼스,15011,,37.3636798562,126.7119931155,즉석판매제조가공업,즉석판매제조가공업,,,0,N,,
,경기도 시흥시 오이도어시장로 7,경기도 시흥시 정왕동 2004-3 A동 55호,15015,,37.3451101492,126.6890880534,즉석판매제조가공업,즉석판매제조가공업,,,,N,,
,경기도 시흥시 은행로149번길 6,경기도 시흥시 은행동 530-4,14917,031-314-3386,37.4443228107,126.7990206761,즉석판매제조가공업,즉석판매제조가공업,,,0,N,,
,경기도 시흥시 마유로238번길 26,경기도 시흥시 정왕동 1366-4 LG마트(내),15079,031-531-8114,37.3376271419,126.7306774357,즉석판매제조가공업,즉석판매제조가공업,,,0,N,,
,"경기도 시흥시 배곧4로 32-9, 골든프라자 1층 102호 (배곧동)",경기도 시흥시 배곧동 125 골든프라자,15010,,37.3767326227,126.7271721413,즉석판매제조가공업,즉석판매제조가공업,,,0,N,,
,"경기도 시흥시 마유로238번길 26, 2층 일부호 (정왕동)",경기도 시흥시 정왕동 1366-4,15079,,37.3376271419,126.7306774357,즉석판매제조가공업,즉석판매제조가공업,,,,N,,
,경기도 시흥시 마유로238번길 26,경기도 시흥시 정왕동 1366-4 GS마트내,15079,032-883-8386,37.3376271419,126.7306774357,즉석판매제조가공업,즉석판매제조가공업,,,0,N,,
,"경기도 시흥시 시흥대로1074번길 5, 롯데슈퍼시흥은행점 매장내 상가1층 (은행동)",경기도 시흥시 은행동 288-1 스페이스타워,14921,,37.4320543214,126.7936643149,즉석판매제조가공업,즉석판매제조가공업,,,,N,,
,"경기도 시흥시 서울대학로278번길 61, 서영베니스스퀘어 2층 279호 일부호 (배곧동)",경기도 시흥시 배곧동 204 서영베니스스퀘어,15011,,37.3681926149,126.7306929431,즉석판매제조가공업,즉석판매제조가공업,,,0,N,,
,"경기도 시흥시 수풀안길 14-22, 로얄팰리스 4차 1층 101호 (조남동)",경기도 시흥시 조남동 711 로얄팰리스 4차,14986,,37.3812505775,126.8620153961,즉석판매제조가공업,즉석판매제조가공업,,,0,N,,
,,경기도 시흥시 정왕동 0000-0 월드상가지하,15119,,,,즉석판매제조가공업,즉석판매제조가공업,,,0,N,,
,"경기도 시흥시 오이도로 173, 1층 39호 (정왕동)",경기도 시흥시 정왕동 2003-12,15015,031-499-1789,37.3454457514,126.6880796381,즉석판매제조가공업,즉석판매제조가공업,,,0,N,,
,경기도 시흥시 오이도어시장로 8,경기도 시흥시 정왕동 2005-3 B동  1호,15015,,37.3446490932,126.6888897946,즉석판매제조가공업,즉석판매제조가공업,,,0,N,,
,"경기도 시흥시 정왕대로 210, E MART시화점 2층 (정왕동)",경기도 시흥시 정왕동 1734-2 E MART시화점,15066,032-888-1620,37.3459328804,126.7368812651,즉석판매제조가공업,즉석판매제조가공업,,,,N,,
,경기도 시흥시 옥구상가1길 25,경기도 시흥시 정왕동 1853-2 1층,15040,,37.3530345742,126.7214986162,즉석판매제조가공업,즉석판매제조가공업,,,0,N,,
,경기도 시흥시 마유로238번길 26,경기도 시흥시 정왕동 1366-4,15079,031-496-7744,37.3376271419,126.7306774357,즉석판매제조가공업,즉석판매제조가공업,,,0,N,,
,경기도 시흥시 신현로38번길 12,경기도 시흥시 포동 13-31,14957,031-406-9888,37.4066590181,126.7846488724,즉석판매제조가공업,즉석판매제조가공업,,,0,N,,
,경기도 시흥시 시흥대로 1156 (신천동),경기도 시흥시 신천동 2-3,14950,,37.4384938983,126.7904387973,즉석판매제조가공업,즉석판매제조가공업,,,,N,,
,"경기도 시흥시 정왕천로355번길 22, 103호 (정왕동)",경기도 시흥시 정왕동 1437-7 103호,15058,031-431-6560,37.3416935519,126.7462718158,즉석판매제조가공업,즉석판매제조가공업,,,0,N,,
,경기도 시흥시 오이도7길 21,경기도 시흥시 정왕동 2028-8,15015,031-434-6481,37.3427945354,126.6879049719,즉석판매제조가공업,즉석판매제조가공업,,,0,N,,
,"경기도 시흥시 서울대학로264번길 25, 시흥배곧 아브뉴프랑 센트럴 블루 5층 524호 (배곧동)",경기도 시흥시 배곧동 219 시흥배곧 아브뉴프랑 센트럴 블루,15011,,37.3683599517,126.7273257955,즉석판매제조가공업,즉석판매제조가공업,,,,N,,
