인허가일자,사업장명,통합영업상태명,영업상태명,폐업일자,소재지시설전화번호,소재지면적,소재지도로명주소,소재지지번주소,소재지우편번호,위도,경도,업태구분명정보,X좌표값,Y좌표값,위생업태명,건물지상층수,건물지하층수,사용시작지상층수,사용끝지상층수,사용시작지하층수,사용끝지하층수,조건부허가신고사유,조건부허가시작일자,조건부허가종료일자,건물소유구분명,세탁기수,여성종사자수,남성종사자수,회수건조수,침대수,다중이용업소여부
20150423,(주) 더빨래,폐업,폐업,20170710,031-311-3161,102.80,경기도 시흥시 신현로287번길 14-8 (방산동),경기도 시흥시 방산동 683,14960,37.4093063009,126.7636516519,빨래방업,179005.8671421800,434157.4270960520,빨래방업,0,0,,,,,,,,,1,0,0,2,,N
19920330,(주)모던,폐업,폐업,20000929,031-694-2783,1.00,경기도 시흥시 호현로 132-1,경기도 시흥시 대야동 140-5 1층,14902,37.4522998645,126.7899692149,일반세탁업,181347.1905095910,438887.2287932240,일반세탁업,0,0,0,,0,,,,,,,,,,,N
20220819,(주)크린토피아시흥지사,영업/정상,영업,,,291.20,"경기도 시흥시 능곡로76번길 9, 1층 (화정동)",경기도 시흥시 화정동 655-8,14992,37.3609228972,126.8165211508,일반세탁업,183680.7901738650,428776.1636282550,일반세탁업,0,0,,,,,,,,,2,0,0,3,,N
20120720,(주)크린화이트,영업/정상,영업,,031-499-3782,118.95,"경기도 시흥시 오이도중앙로36번길 6-7, 101,102호 (정왕동)",경기도 시흥시 정왕동 2001-3,15015,37.3458949765,126.6891812232,일반세탁업,172389.3905959690,427140.9202045890,일반세탁업,0,0,0,0,0,0,,,,,1,,,1,,N
20040721,1급 세탁소,폐업,폐업,20060510,031-434-3677,34.32,경기도 시흥시 큰솔로12번안길 18,경기도 시흥시 정왕동 1404,15060,37.3397971897,126.7528271886,일반세탁업,178025.3617368400,426447.6845908030,일반세탁업,,,,,,,,,,,,,,,,N
19960501,2002세탁소,폐업,폐업,19970519,031-695-4366,1.00,경기도 시흥시 매화1로 19,경기도 시흥시 매화동 253-12 1층,14939,37.4151818088,126.8128303550,일반세탁업,183362.2704981530,434802.6165134200,일반세탁업,0,0,0,,0,,,,,,,,,,,N
20081014,21C 세탁소,영업/정상,영업,,031-431-6810,25.55,"경기도 시흥시 군서로 18 (정왕동,101호)",경기도 시흥시 정왕동 1199-9 101호,15052,37.3445371931,126.7497884097,일반세탁업,177759.2378427720,426974.9408205820,일반세탁업,0,0,0,0,0,0,,,,,0,,,0,,N
20010915,21세기세탁소,영업/정상,영업,,031-314-0969,30.00,경기도 시흥시 대야로 36-1 (대야동),경기도 시흥시 대야동 455-14,14905,37.4464161758,126.7903300651,일반세탁업,181376.1177931510,438272.9988484630,일반세탁업,,,,,,,,,,,,,,,,N
20040319,21세기세탁소,폐업,폐업,20040511,031-431-6810,27.74,경기도 시흥시 군서로 18,경기도 시흥시 정왕동 1199-9,15052,37.3445371931,126.7497884097,일반세탁업,177759.2378427720,426974.9408205820,일반세탁업,,,,,,,,,,,,,,,,N
20030916,25시세탁소,폐업,폐업,20051222,031-497-7747,23.22,경기도 시흥시 정왕천로411번길 60,경기도 시흥시 정왕동 1182-5,15052,37.3476544617,126.7467202949,일반세탁업,177486.7013850340,427321.7921827570,일반세탁업,,,,,,,,,,,,,,,,N
20260331,DMA디엠에이,영업/정상,영업,,,246.17,"경기도 시흥시 도두머리길 11, 가동 (도창동)",경기도 시흥시 도창동 394-4,14942,37.4099990242,126.8143918632,일반세탁업,183499.3270080770,434216.7768907930,일반세탁업,0,0,,,,,,,,,2,0,0,4,,N
20130213,Dry Day,폐업,폐업,20210729,031-313-9738,41.76,"경기도 시흥시 신천3길 67 (신천동, 1층)",경기도 시흥시 신천동 452-5 1층,14947,37.4385939893,126.7786816873,일반세탁업,180343.1318291710,437406.7332716560,일반세탁업,0,0,,,,,,,,,2,,,1,,N
19980420,IMF세탁박사,폐업,폐업,20000823,,1.00,경기도 시흥시 대골안길 69,경기도 시흥시 대야동 492-30,14909,37.4436574320,126.7872360065,일반세탁업,181103.4610330850,437966.3070070380,일반세탁업,0,0,0,,0,,,,,,,,,,,N
20061023,NS 빨래터,폐업,폐업,20191031,031-431-0172,61.48,경기도 시흥시 오이도중앙로6번길 5-14 (정왕동),경기도 시흥시 정왕동 1975-7,15015,37.3468167004,126.6895213064,일반세탁업,172419.5421643050,427243.2399965350,일반세탁업,,,1,1,,,,,,,,,,,,N
19980525,OK셀프크리닝,폐업,폐업,20010915,,1.00,경기도 시흥시 신천4길 21,경기도 시흥시 신천동 388-15,14948,37.4380795715,126.7800543997,일반세탁업,180465.0289010990,437348.9862834890,일반세탁업,0,0,0,,0,,,,,,,,,,,N
20020306,가나안 빨래방,폐업,폐업,20180202,031-433-0292,27.95,경기도 시흥시 군서로10번길 36 (정왕동),경기도 시흥시 정왕동 1173,15052,37.3464587543,126.7528966636,일반세탁업,178035.2377057850,427187.0537473660,일반세탁업,,,,,,,,,,,,,,,,N
20141224,가나안세탁소,폐업,폐업,20171018,,27.50,"경기도 시흥시 정왕천로375번길 4-8, 103호 (정왕동)",경기도 시흥시 정왕동 1566-2 103호,15058,37.3423651000,126.7498213082,일반세탁업,177759.0030621240,426734.7281640720,일반세탁업,,,,,,,,,,,,,,,,N
20010516,거모세탁소,폐업,폐업,20020422,031-493-7318,1.00,,경기도 시흥시 군자동 1474-1 아주5차(아)상가102호,,,,일반세탁업,,,일반세탁업,,,,,,,,,,,,,,,,N
20030428,거모세탁소,폐업,폐업,20141016,031-493-7318,21.83,경기도 시흥시 군자로504번길 25 (거모동),경기도 시흥시 거모동 1740-2 아주@5차상가 102호,15071,37.3459008132,126.7836450822,일반세탁업,180644.8000000000,426955.2200000000,일반세탁업,,,,,,,,,,,,,,,,N
20010516,건영2차세탁소,폐업,폐업,20010716,031-498-8833,1.00,,경기도 시흥시 정왕동 0 58-5-7건영2차(아)상가지하2호,15119,,,일반세탁업,,,일반세탁업,0,0,0,,0,,,,,,,,,,,N
20010716,건영2차세탁소,폐업,폐업,20150701,031-498-8833,29.61,경기도 시흥시 옥구천동로 399 (정왕동),경기도 시흥시 정왕동 1875-5 104호,15028,37.3582717082,126.7297892409,일반세탁업,175979.2534507550,428457.4685490090,일반세탁업,,,,,,,,,,,,,,,,N
19971017,건영세탁소,영업/정상,영업,,031-498-7588,23.76,경기도 시흥시 중심상가로 285 (정왕동),경기도 시흥시 정왕동 1785-1 건영(아)상가 109호,15063,37.3397339618,126.7457043648,일반세탁업,177378.5113395440,426459.1219966430,일반세탁업,,,,,,,,,,,,,,,,N
20231023,경기도노동자작업복시흥시블루밍세탁소,영업/정상,영업,,031-313-2733,109.76,"경기도 시흥시 봉우재로209번길 20, 1층 2층 (정왕동)",경기도 시흥시 정왕동 2255-8 (주)재원정밀,15047,37.3581781301,126.7545759227,일반세탁업,178187.1717139810,428486.4245711780,일반세탁업,0,0,,,,,,,,,6,0,0,0,,N
20090616,경남고급세탁,폐업,폐업,20210114,031-313-6646,39.93,경기도 시흥시 신천로44번길 12 (신천동),경기도 시흥시 신천동 866-1,14950,37.4356418990,126.7898214208,일반세탁업,181328.0147037960,437075.7841051520,일반세탁업,0,0,0,0,0,0,,,,,0,,,1,,N
19961127,경인가죽크리닝,폐업,폐업,20000302,031-692-5714,1.00,경기도 시흥시 시흥대로 1146,경기도 시흥시 신천동 83-38,14950,37.4378652222,126.7908177619,일반세탁업,181418.9796982910,437321.7421319840,일반세탁업,0,0,0,,0,,,,,,,,,,,N
20000302,경인가죽크리닝,폐업,폐업,20040206,031-319-5714,1.00,경기도 시흥시 군서로50번길 4,경기도 시흥시 정왕동 1206-10,15052,37.3463677418,126.7470718540,일반세탁업,177518.0116106820,427177.8396829400,일반세탁업,,,,,,,,,,,,,,,,N
19921028,경인세탁소,영업/정상,영업,,031-692-1588,17.00,경기도 시흥시 복지로 105-20 (대야동),경기도 시흥시 대야동 343-10,14906,37.4490474518,126.7917184058,일반세탁업,181500.0450795550,438563.8620014250,일반세탁업,,,,,,,,,,,,,,,,N
19951226,경일사,폐업,폐업,20000308,031-693-4481,1.00,,경기도 시흥시 신천동 545-51,,,,일반세탁업,,,일반세탁업,0,0,0,,0,,,,,,,,,,,N
20010516,계룡2차세탁소,영업/정상,영업,,031-432-2870,22.68,경기도 시흥시 정왕대로28번길 4 (정왕동),경기도 시흥시 정왕동 1942-1 계룡2차(아)상가 105호,15041,37.3561347058,126.7200438583,일반세탁업,175013.5652110020,428301.2106684440,일반세탁업,,,,,,,,,,,,,,,,N
20150311,계룡세탁,폐업,폐업,20190215,031-499-7377,26.00,"경기도 시흥시 중심상가로 127, 상가동 106호 (정왕동, 계룡1차아파트)",경기도 시흥시 정왕동 1846 계룡1차아파트 상가동 106호,15037,37.3479762274,126.7308879792,일반세탁업,176137.5403555280,427419.8007419280,일반세탁업,0,0,,,,,,,,,2,0,0,1,,N
19980214,계룡세탁소,폐업,폐업,20140626,031-499-7377,22.68,경기도 시흥시 중심상가로 125 (정왕동),경기도 시흥시 정왕동 1846 계룡1차(아)상가1층 1호,15119,,,일반세탁업,176137.5403555280,427419.8007419280,일반세탁업,,,,,,,,,,,,,,,,N
19980718,계룡세탁소,폐업,폐업,20010516,031-432-2870,1.00,,경기도 시흥시 정왕동 1846 계룡1차상가 지1호,15119,,,일반세탁업,176137.5403555280,427419.8007419280,일반세탁업,,,,,,,,,,,,,,,,N
20190604,계룡세탁소,영업/정상,영업,,031-499-7377,20.80,"경기도 시흥시 중심상가로 127, 상가동 1층 106호 (정왕동)",경기도 시흥시 정왕동 1846 계룡리슈빌아파트,15037,37.3479762274,126.7308879792,일반세탁업,176137.5403555280,427419.8007419280,일반세탁업,0,0,,,,,,,,,1,0,0,1,,N
19970813,고려세탁소,폐업,폐업,20010915,031-405-8506,1.00,경기도 시흥시 논곡길 11,경기도 시흥시 논곡동 250-1,14982,37.3939037624,126.8549941981,일반세탁업,187086.2694538580,432431.5968935140,일반세탁업,0,0,0,,0,,,,,,,,,,,N
20100113,고은세탁소,폐업,폐업,20121203,031-432-0084,58.40,"경기도 시흥시 오이도1길 6, 1층 (정왕동)",경기도 시흥시 정왕동 2015-3,15015,37.3439236333,126.6908845905,일반세탁업,172539.6536489430,426923.3551088650,일반세탁업,,,,,,,,,,,,,,,,N
20100914,공단크린,폐업,폐업,20130926,031-495-9556,170.10,"경기도 시흥시 금화로 630-23 (금이동,1층)",경기도 시흥시 금이동 328-20 1층,14980,37.3984633667,126.8368331116,일반세탁업,185480.2533200820,432942.6580783190,일반세탁업,,,,,,,,,,,,,,,,N
19971125,광림그린컴퓨터세탁,폐업,폐업,20010915,031-493-7077,1.00,,경기도 시흥시 거모동 1960-6 광림상가5호,,,,일반세탁업,,,일반세탁업,0,0,0,,0,,,,,,,,,,,N
20071030,구두빨래방,폐업,폐업,20100920,031-488-9982,32.00,경기도 시흥시 서촌상가2길 10,경기도 시흥시 정왕동 1728-1 205호,15036,37.3472726193,126.7335822388,운동화전문세탁업,176327.6030365570,427289.3139104930,운동화전문세탁업,,,,,,,,,,,,,,,,N
19921019,군자세탁소,폐업,폐업,20041215,031-499-0170,1.00,경기도 시흥시 정왕천로385번길 29,경기도 시흥시 정왕동 1558-16,15058,37.3441438708,126.7474666231,일반세탁업,177552.0365467280,426930.9011031770,일반세탁업,,,,,,,,,,,,,,,,N
20071008,굿모닝세탁소,영업/정상,영업,,031-433-1799,45.30,경기도 시흥시 큰솔로7번안길 13-12 (정왕동),경기도 시흥시 정왕동 1412-13,15059,37.3406036767,126.7506516575,일반세탁업,177834.0316734600,426538.1347352440,일반세탁업,,,,,,,,,,,,,,,,N
20030807,귀족세탁소,폐업,폐업,20140922,031-315-8525,24.48,경기도 시흥시 매화2로 34 (매화동),경기도 시흥시 매화동 368-6,14940,37.4172360855,126.8111390656,일반세탁업,183201.4379923990,435025.7365360040,일반세탁업,,,,,,,,,,,,,,,,N
20071019,그린벨리유통,폐업,폐업,20110905,031-498-2474,244.59,,경기도 시흥시 거모동 823-1,15067,,,일반세탁업,,,일반세탁업,,,,,,,,,,,,,,,,N
20020722,그린세탁,영업/정상,영업,,031-317-4854,25.20,경기도 시흥시 진말로 46 (장곡동),경기도 시흥시 장곡동 829 진말삼환(아)상가 202호,15002,37.3814563165,126.7875427754,일반세탁업,181074.6684147520,431127.9140574400,일반세탁업,,,,,,,,,,,,,,,,N
20071231,그린세탁,영업/정상,영업,,,221.80,경기도 시흥시 두문로 9 (신천동),경기도 시흥시 신천동 141-7,14953,37.4298082783,126.7910181074,빨래방업,181433.9444635150,436429.7693786260,빨래방업,0,0,0,0,0,0,,,,,2,,,0,,N
20201113,그린세탁마을,영업/정상,영업,,031-498-7080,48.96,"경기도 시흥시 정왕천로375번길 5, 1층 일부호 (정왕동)",경기도 시흥시 정왕동 1567-5,15058,37.3419899030,126.7489331715,일반세탁업,177680.6718135580,426691.8937191470,일반세탁업,0,0,,,,,,,,,1,0,0,2,,N
20150112,그린세탁마을,폐업,폐업,20180309,031-498-7080,34.00,"경기도 시흥시 정왕천로375번길 5, 101호 (정왕동)",경기도 시흥시 정왕동 1567-5 101호,15058,37.3419899030,126.7489331715,일반세탁업,177680.6718135580,426691.8937191470,일반세탁업,0,0,0,0,0,0,,,,,2,,,1,,N
20080211,그린세탁소,폐업,폐업,20111223,031-497-2101,36.90,경기도 시흥시 중심상가로 104,경기도 시흥시 정왕동 1848-4 진로(아)상가 102호,15038,37.3490411068,126.7283141670,일반세탁업,175843.7264000790,427386.2997720680,일반세탁업,,,,,,,,,,,,,,,,N
20010516,그린세탁소,영업/정상,영업,,031-493-7077,36.00,"경기도 시흥시 군자로534번안길 12-1, 1층 101호 (거모동, 한우리빌)",경기도 시흥시 거모동 1766-6 한우리빌,15069,37.3424829213,126.7878434062,일반세탁업,181129.6492120010,426738.0213273490,일반세탁업,,,,,,,,,,,,,,,,N
20040324,그린세탁전문점,영업/정상,영업,,031-488-8512,55.68,경기도 시흥시 오이도5길 11-1 (정왕동),경기도 시흥시 정왕동 2026-1,15015,37.3432612460,126.6889273021,일반세탁업,172364.4728933430,426849.4501213030,일반세탁업,,,,,,,,,,,,,,,,N
19991218,그린컴퓨터세탁소,폐업,폐업,20250116,031-311-2973,20.10,경기도 시흥시 신천로 80 (신천동),경기도 시흥시 신천동 771-4,14950,37.4374860203,126.7862206771,일반세탁업,181011.1168201590,437282.1571954050,일반세탁업,0,0,0,0,0,0,,,,,0,,,0,,N
20060302,극동세탁,폐업,폐업,20090417,031-311-5070,17.85,경기도 시흥시 소래산길 6,경기도 시흥시 대야동 332-13 극동@상가 103호,14902,37.4482930118,126.7861745346,일반세탁업,181060.0762094580,438557.9378552000,일반세탁업,,,,,,,,,,,,,,,,N
20090417,극동세탁소,영업/정상,영업,,031-311-5070,23.10,경기도 시흥시 소래산길 6 (대야동),경기도 시흥시 대야동 332-13 극동(아)상가 103호,14902,37.4482930118,126.7861745346,일반세탁업,181060.0762094580,438557.9378552000,일반세탁업,0,0,,,,,,,,,1,,,1,,N
19900515,극동세탁소,폐업,폐업,20171207,031-692-7510,23.10,"경기도 시흥시 대골길 66-1, 1층 (대야동)",경기도 시흥시 대야동 476-3 1층,14905,37.4458356579,126.7867292227,일반세탁업,181058.6707652680,438208.5193747270,일반세탁업,0,0,0,0,0,0,,,,,0,,,0,,N
19970327,금강세탁소,영업/정상,영업,,031-691-3520,37.70,경기도 시흥시 시흥대로1073번길 31 (신천동),경기도 시흥시 신천동 874-2,14951,37.4320695971,126.7893352340,일반세탁업,181284.5036330930,436678.7960816880,일반세탁업,,,,,,,,,,,,,,,,N
20091216,금강세탁소,폐업,폐업,20130719,031-315-8758,37.70,경기도 시흥시 매화2로40번길 2-1 (매화동),경기도 시흥시 매화동 358-5,14940,37.4170521336,126.8105079067,일반세탁업,183159.3964389050,435004.5273139860,일반세탁업,,,,,,,,,,,,,,,,N
20091023,금강세탁소,폐업,폐업,20151112,031-413-3004,25.40,경기도 시흥시 정왕대로266번길 4 (정왕동),경기도 시흥시 정왕동 1789 금강a 105호,15065,37.3431587747,126.7414139095,일반세탁업,176869.1662682370,426850.4860574300,일반세탁업,0,0,,,,,,,,,2,,,1,,N
20070507,금강세탁소,폐업,폐업,20090928,031-315-8758,19.20,,경기도 시흥시 매화동 358-5,14940,37.4169808852,126.8106554699,일반세탁업,183159.3964389050,435004.5273139860,일반세탁업,,,,,,,,,,,,,,,,N
19961004,금강세탁소,폐업,폐업,20080722,031-431-1643,1.00,경기도 시흥시 정왕대로266번길 4,경기도 시흥시 정왕동 1789 금강(아)상가 201,15065,37.3431587747,126.7414139095,일반세탁업,176869.1662682370,426850.4860574300,일반세탁업,,,,,,,,,,,,,,,,N
19940905,금강세탁소,폐업,폐업,20070105,031-315-8758,1.00,,경기도 시흥시 매화동 358-5,14940,37.4169808852,126.8106554699,일반세탁업,183159.3964389050,435004.5273139860,일반세탁업,,,,,,,,,,,,,,,,N
20010616,금호세탁소,영업/정상,영업,,031-317-0188,29.70,경기도 시흥시 하상로 36 (하상동),경기도 시흥시 하상동 369 금호상가 102호,14977,37.3931112614,126.8134950717,일반세탁업,183401.5546694900,432441.6784830380,일반세탁업,,,,,,,,,,,,,,,,N
20171103,김군세탁소,영업/정상,영업,,031-403-2262,20.10,"경기도 시흥시 논곡길 10, 1층 (논곡동)",경기도 시흥시 논곡동 246-2,14982,37.3941037174,126.8552975134,일반세탁업,187116.7148083150,432456.6307238440,일반세탁업,0,0,0,0,0,0,,,,,2,0,0,1,,N
20010516,까치세탁소,폐업,폐업,20150819,031-433-4311,16.80,"경기도 시흥시 정왕대로143번길 34 (정왕동,주공4단지(아)상가101)",경기도 시흥시 정왕동 1843-1 주공4단지(아)상가101,15033,37.3525473966,126.7338560545,일반세탁업,176350.3188611580,427866.1612375750,일반세탁업,,,,,,,,,,,,,,,,N
20080822,깔끄미,폐업,폐업,20250818,031-434-5744,44.62,"경기도 시흥시 중심상가로 250, 주공6단지아파트(상가동) 102호 (정왕동)",경기도 시흥시 정왕동 1787-5 주공6단지아파트(상가동),15064,37.3409856002,126.7412777190,일반세탁업,177003.7413254810,426581.8496409540,일반세탁업,0,0,0,0,0,0,,,,,0,,,0,,N
20080929,깔끄미 세탁소,폐업,폐업,20110719,031-319-3389,44.28,경기도 시흥시 군서로24번길 7,경기도 시흥시 정왕동 1201-4,15052,37.3452834209,126.7494874460,일반세탁업,177731.7545960930,427057.0408583390,일반세탁업,,,,,,,,,,,,,,,,N
20041007,깔끄미세탁,폐업,폐업,20051219,031-434-5744,41.85,경기도 시흥시 중심상가로 250,경기도 시흥시 정왕동 1787-5,15064,37.3409856002,126.7412777190,일반세탁업,177003.7413254810,426581.8496409540,일반세탁업,,,,,,,,,,,,,,,,N
19911031,깔끄미세탁소,폐업,폐업,19980720,,1.00,경기도 시흥시 신천로100번길 17-1,경기도 시흥시 신천동 776-8,14950,37.4385807420,126.7883919523,일반세탁업,181203.1431481690,437403.5563364100,일반세탁업,0,0,0,,0,,,,,,,,,,,N
20030528,깔끄미세탁소,폐업,폐업,20041007,031-434-5744,.00,경기도 시흥시 중심상가로 250,경기도 시흥시 정왕동 1787-5 주공6단지상가 102호,15064,37.3409856002,126.7412777190,일반세탁업,177003.7413254810,426581.8496409540,일반세탁업,,,,,,,,,,,,,,,,N
20041118,나래세탁소,폐업,폐업,20091111,031-433-4337,34.30,경기도 시흥시 정왕천로369번길 52,경기도 시흥시 정왕동 1580-9,15057,37.3445058042,126.7448550542,일반세탁업,177321.0137168760,426971.7658433650,일반세탁업,,,,,,,,,,,,,,,,N
20020628,나래세탁소,폐업,폐업,20041004,031-433-4337,.00,경기도 시흥시 정왕천로369번길 52,경기도 시흥시 정왕동 1580-9,15057,37.3445058042,126.7448550542,일반세탁업,177321.0137168760,426971.7658433650,일반세탁업,,,,,,,,,,,,,,,,N
20180821,나오미세탁,영업/정상,영업,,031-433-3822,25.90,"경기도 시흥시 서촌상가3길 15-6, 1층 일부호 (정왕동)",경기도 시흥시 정왕동 1727-3 해남프라자,15036,37.3473228929,126.7329946337,일반세탁업,176274.0969640840,427289.1822163370,일반세탁업,0,0,0,0,0,0,,,,,2,0,0,2,,N
20020927,나의 아름다운 세탁소,폐업,폐업,20110920,031-499-6866,21.00,경기도 시흥시 정왕천로408번길 26,경기도 시흥시 정왕동 1519,15051,37.3428781516,126.7539820732,일반세탁업,178131.1270937960,426789.3397698850,일반세탁업,,,,,,,,,,,,,,,,N
19890309,남도세탁소,폐업,폐업,19911217,,1.00,,경기도 시흥시 신천동 산 19-42,14903,,,일반세탁업,,,일반세탁업,0,0,0,,0,,,,,,,,,,,N
20040524,남매세탁소,폐업,폐업,20140513,031-318-9490,27.00,경기도 시흥시 인선길 63 (장곡동),경기도 시흥시 장곡동 806 숲속마을(아)상가 206호,15002,37.3772978004,126.7810537220,일반세탁업,180527.9710010040,430533.6076143360,일반세탁업,,,,,,,,,,,,,,,,N
20230922,네이처세탁,영업/정상,영업,,,42.27,"경기도 시흥시 은계중앙로 140, 네이처포레 205호 (은행동)",경기도 시흥시 은행동 632 네이처포레,14923,37.4385235567,126.8075979946,일반세탁업,182811.2209792710,437403.5576088620,일반세탁업,0,0,0,0,0,0,,,,,1,0,0,0,,N
20170113,네이처세탁소,폐업,폐업,20230922,031-312-1114,39.95,"경기도 시흥시 은계중앙로 140, 상가동 2층 205호 (은행동, 네이처포레)",경기도 시흥시 은행동 3-1 네이처포레,14923,37.4385235567,126.8075979946,일반세탁업,182811.2209792710,437403.5576088620,일반세탁업,0,0,2,2,,,,,,임대,2,0,0,0,,N
20090918,논곡세탁,폐업,폐업,20171101,031-414-2651,20.67,"경기도 시흥시 논곡길 10 (논곡동,1층)",경기도 시흥시 논곡동 246-2 1층,14982,37.3941037174,126.8552975134,일반세탁업,187116.7148083150,432456.6307238440,일반세탁업,,,,,,,,,,,,,,,,N
20120618,늘새신처럼,폐업,폐업,20161221,,21.07,"경기도 시흥시 역전로 313, 1층 (정왕동)",경기도 시흥시 정왕동 2305-13,15025,37.3529870178,126.7377244407,운동화전문세탁업,176693.4712789510,427913.3883355340,운동화전문세탁업,0,0,0,0,0,0,,,,,1,,,0,,N
19950925,늘푸른벽산세탁소,영업/정상,영업,,031-312-1836,16.90,경기도 시흥시 은행로 233 (대야동),경기도 시흥시 대야동 570-2 늘푸른벽산(아)상가 203호,14914,37.4456778729,126.7949834253,일반세탁업,181790.3527900900,438227.6314820630,일반세탁업,,,,,,,,,,,,,,,,N
19970709,다모아크린메가세탁,영업/정상,영업,,031-319-4177,39.65,"경기도 시흥시 협력로 281, B동 129호 (정왕동, 메가폴리스)",경기도 시흥시 정왕동 2164-2 메가폴리스 B동 129호,15080,37.3518659383,126.7151538858,일반세탁업,174676.9329014930,427814.3396908030,일반세탁업,,,,,,,,,,,,,,,,N
20031007,다비다세탁소,폐업,폐업,20130227,031-497-3184,24.48,경기도 시흥시 정왕천로369번길 59-3,경기도 시흥시 정왕동 1592-13 1층,15057,37.3445082551,126.7438276527,일반세탁업,177230.5368337610,426972.0765805260,일반세탁업,,,,,,,,,,,,,,,,N
20060914,다운세탁소,폐업,폐업,20170202,031-433-5686,27.88,경기도 시흥시 군서로 48-1 (정왕동),경기도 시흥시 정왕동 1206-9 1층,15052,37.3462861207,126.7469936381,빨래방업,177510.8939390200,427168.3360859080,빨래방업,,,,,,,,,,,,,,,,N
19991103,대동세탁소,폐업,폐업,20201210,031-317-3754,46.20,경기도 시흥시 시청로 59 (장현동),경기도 시흥시 장현동 540 대동(아)상가 204호,14998,37.3799008690,126.8002758789,일반세탁업,182156.6562839550,430870.8207363210,일반세탁업,,,,,,,,,,,,,,,,N
20021002,대동세탁소,영업/정상,영업,,031-491-1117,22.96,경기도 시흥시 도일로123번길 3 (거모동),경기도 시흥시 거모동 1553-1,15070,37.3414387327,126.7835971538,일반세탁업,180757.2838244880,426627.2406847890,일반세탁업,,,,,,,,,,,,,,,,N
19920828,대동세탁소,폐업,폐업,20020422,,1.00,,경기도 시흥시 거모동 1554-8 1층104호,,,,일반세탁업,,,일반세탁업,0,0,0,,0,,,,,,,,,,,N
20020527,대림1차세탁소,폐업,폐업,20050727,031-432-3580,.00,,경기도 시흥시 정왕동 1863 대림1차(아)상가 108호,15119,,,일반세탁업,175222.9717146430,428132.0362461430,일반세탁업,,,,,,,,,,,,,,,,N
20020923,대림2차세탁소,폐업,폐업,20211007,031-433-2044,16.20,경기도 시흥시 중심상가로 72 (정왕동),경기도 시흥시 정왕동 1851 대림2차@상가 106호,15039,37.3491614776,126.7260435363,일반세탁업,175589.4870432930,427583.2240917980,일반세탁업,,,,,,,,,,,,,,,,N
20010516,대림2차세탁소,폐업,폐업,20010910,031-433-2044,1.00,,경기도 시흥시 정왕동 0 대림2차(아)상가202,15119,,,일반세탁업,,,일반세탁업,0,0,0,,0,,,,,,,,,,,N
20010910,대림4차세탁소,영업/정상,영업,,031-431-4445,16.20,경기도 시흥시 함송로29번길 51 (정왕동),경기도 시흥시 정왕동 1878-8 106호,15017,37.3650105942,126.7362250843,일반세탁업,176609.5940575670,429321.1400185380,일반세탁업,,,,,,,,,,,,,,,,N
20041014,대림세탁,영업/정상,영업,,031-432-3580,26.60,경기도 시흥시 중심상가로 13 (정왕동),경기도 시흥시 정왕동 1863 대림1차@상가 108호,15041,37.3542723533,126.7205712374,일반세탁업,175222.9717146430,428132.0362461430,일반세탁업,,,,,,,,,,,,,,,,N
19921120,대명세탁소,영업/정상,영업,,031-313-7383,18.50,경기도 시흥시 매화2로 24 (매화동),경기도 시흥시 매화동 220-16,14940,37.4170983887,126.8122591050,일반세탁업,183310.1102460600,435014.4050633060,일반세탁업,,,,,,,,,,,,,,,,N
19900425,대명세탁소,폐업,폐업,19920811,,1.00,경기도 시흥시 매화2로 29,경기도 시흥시 매화동 222-1,14940,37.4171033239,126.8115584109,일반세탁업,183248.2441464050,435014.5069757130,일반세탁업,0,0,0,,0,,,,,,,,,,,N
20190621,대성산업,폐업,폐업,20210603,031-319-7986,143.00,"경기도 시흥시 봉우순환로 77, 1층 (정왕동)",경기도 시흥시 정왕동 2234-7 우리종합철강,15047,37.3584131797,126.7504068704,빨래방업,177818.5277328310,428516.6017784140,빨래방업,0,0,0,0,0,0,,,,,2,0,0,2,,N
20021108,대성세탁,영업/정상,영업,,031-432-9281,16.20,경기도 시흥시 중심상가로 13 (정왕동),경기도 시흥시 정왕동 1863 대림(아)상가 108호,15041,37.3542723533,126.7205712374,일반세탁업,175222.9717146430,428132.0362461430,일반세탁업,0,0,0,0,0,0,,,,,0,,,0,,N
19890508,대성세탁소,폐업,폐업,20170111,031-692-4532,27.60,경기도 시흥시 호현로 123 (대야동),경기도 시흥시 대야동 313-3,14902,,,일반세탁업,,,일반세탁업,,,,,,,,,,,,,,,,N
20060915,대성세탁소,폐업,폐업,20110914,031-505-8345,50.05,경기도 시흥시 군서로46번길 18,경기도 시흥시 정왕동 1186-14 1층,15052,37.3471064913,126.7484305969,일반세탁업,177639.8466004970,427260.6651805210,일반세탁업,,,,,,,,,,,2,,,,,N
20030715,대야세탁전문점,폐업,폐업,20050906,031-313-5725,32.20,경기도 시흥시 복지로43번길 10-1,경기도 시흥시 대야동 489-20 101호,14909,37.4438787871,126.7880704619,일반세탁업,181175.1834090260,437991.4360320880,일반세탁업,,,,,,,,,,,,,,,,N
20010716,대야제일세탁소,폐업,폐업,20021004,031-313-6560,1.00,경기도 시흥시 대골길 54,경기도 시흥시 대야동 465-10,14905,37.4465898088,126.7877282265,일반세탁업,181146.7775552110,438292.8373398930,일반세탁업,0,0,0,,0,,,,,,,,,,,N
19990920,대영세탁소,영업/정상,영업,,031-433-9260,18.00,"경기도 시흥시 정왕대로143번길 6 (정왕동,주공5단지상가 101호)",경기도 시흥시 정왕동 1844-1 주공5단지상가 101호,15033,37.3505973569,126.7319903154,일반세탁업,176184.6448217820,427651.7674166490,일반세탁업,,,,,,,,,,,,,,,,N
19970212,대우1차세탁소,영업/정상,영업,,031-313-3374,17.82,경기도 시흥시 은행로 120 (은행동),경기도 시흥시 은행동 546 대우@상가 207호,14916,37.4418978236,126.7989641677,일반세탁업,182167.0619018990,437743.2310329690,일반세탁업,0,0,0,0,0,0,,,,,0,,,0,,N
20010616,대우삼호(아)세탁소,폐업,폐업,20030303,031-317-6878,1.00,,경기도 시흥시 하상동 0 대우삼호(아)상가201호,,,,일반세탁업,,,일반세탁업,,,,,,,,,,,,,,,,N
20090914,대우세탁,영업/정상,영업,,031-318-3335,21.00,경기도 시흥시 승지로 7 (능곡동),경기도 시흥시 능곡동 782 신안인스빌 상가 104호,14995,37.3655032474,126.8090036085,일반세탁업,183071.7241038700,429217.9679294190,일반세탁업,0,0,0,0,0,0,,,,,2,,,1,,N
20230206,대우세탁박사,영업/정상,영업,,,22.68,"경기도 시흥시 은행로 280, 대우3차아파트 상가1동 1층 1109호 (은행동)",경기도 시흥시 은행동 549-1 대우3차아파트(유치원),14918,37.4425825003,126.7973864385,일반세탁업,181988.1558732280,437766.6949495910,일반세탁업,,,,,,,,,,,,,,,,N
19991231,대우세탁박사,폐업,폐업,20230206,031-318-5579,22.68,경기도 시흥시 은행로 107 (은행동),경기도 시흥시 은행동 549-1 은행단지대우3차상가 1동 1106호,14918,37.4414596943,126.7980412908,일반세탁업,181988.1558732280,437766.6949495910,일반세탁업,,,,,,,,,,,,,,,,N
20030305,대우세탁소,영업/정상,영업,,031-317-6878,30.60,경기도 시흥시 관곡지로 222 (하상동),경기도 시흥시 하상동 368 대우삼호아파트상가 202호,14977,37.3948892410,126.8123378127,일반세탁업,183318.9583432630,432638.1786130990,일반세탁업,,,,,,,,,,,,,,,,N
20000314,대우세탁전문점,폐업,폐업,20220622,,23.76,경기도 시흥시 대은로 62 (은행동),경기도 시흥시 은행동 550 대우(아)상가 2동 202호,14923,,,일반세탁업,181896.6901241480,437910.0104541500,일반세탁업,,,,,,,,,,,,,,,,N
20151130,대우팔팔세탁소,영업/정상,영업,,,62.00,"경기도 시흥시 대은로 16-20, 1층 일부호 (은행동)",경기도 시흥시 은행동 558-3 1층일부호,14919,37.4397042705,126.7938751426,일반세탁업,181687.5637389100,437527.3477667470,일반세탁업,0,0,,,,,,,,,2,0,0,1,,N
20060420,대우팔팔세탁소,폐업,폐업,20151126,031-435-7799,33.80,"경기도 시흥시 대은로 16-20 (은행동,103호)",경기도 시흥시 은행동 558-3 103호,14919,37.4397042705,126.7938751426,일반세탁업,181687.5637389100,437527.3477667470,일반세탁업,,,,,,,,,,,,,,,,N
20041117,대우푸르지오세탁소,폐업,폐업,20050916,031-317-5213,31.39,경기도 시흥시 은행로 93,경기도 시흥시 은행동 599-1 시흥은행4차푸르지오상가 205호,14919,37.4402097086,126.7970129760,일반세탁업,181862.0138687690,437582.1276875230,일반세탁업,,,,,,,,,,,,,,,,N
19891006,대웅세탁소,영업/정상,영업,,031-311-8054,19.20,경기도 시흥시 신천3길 28-8 (신천동),경기도 시흥시 신천동 760-4,14948,37.4390630669,126.7831875100,일반세탁업,180742.6884780890,437457.7956826180,일반세탁업,0,0,0,0,0,0,,,,,0,,,0,,N
19930212,대호세탁소,폐업,폐업,20020424,,1.00,경기도 시흥시 호현로34번길 11-1,경기도 시흥시 대야동 497-20,14909,37.4426697568,126.7863749200,일반세탁업,181025.1356335810,437857.9958634830,일반세탁업,0,0,0,,0,,,,,,,,,,,N
19990830,대흥세탁소,폐업,폐업,20000817,031-499-2102,1.00,경기도 시흥시 서촌상가4길 16-8,경기도 시흥시 정왕동 1731-7 대영상가201,15036,37.3460573257,126.7324317136,일반세탁업,176218.1521647130,427148.8526129330,일반세탁업,0,0,0,,0,,,,,,,,,,,N
20001106,대흥세탁소,폐업,폐업,20020124,031-499-2102,1.00,경기도 시흥시 군서로18번길 8-1,경기도 시흥시 정왕동 1199-14,15052,37.3449724715,126.7502018065,일반세탁업,177795.8384008260,427022.3338166090,일반세탁업,0,0,0,,0,,,,,,,,,,,N
19960415,동광세탁소,폐업,폐업,20010915,031-694-6756,1.00,,경기도 시흥시 신천동 274-25,,,,일반세탁업,,,일반세탁업,0,0,0,,0,,,,,,,,,,,N
20231227,동남세탁소,영업/정상,영업,,,36.32,"경기도 시흥시 정왕대로28번길 31, 동남아파트 상가동 109호 (정왕동)",경기도 시흥시 정왕동 1862 동남아파트,15041,37.3539081067,126.7186442005,일반세탁업,175095.4586504870,427968.2358280810,일반세탁업,0,0,,,,,,,,,2,0,0,0,,N
20220218,동남세탁소,폐업,폐업,20231227,,.00,"경기도 시흥시 정왕대로28번길 31, 동남아파트 상가동 1층 109호 (정왕동)",경기도 시흥시 정왕동 1862 동남아파트,15041,37.3539081067,126.7186442005,일반세탁업,175095.4586504870,427968.2358280810,일반세탁업,0,0,,,,,,,,,1,0,0,1,,N
20140620,동보2층세탁소,폐업,폐업,20210602,031-431-3458,24.40,"경기도 시흥시 군자로335번길 11, 202호 (거모동)",경기도 시흥시 거모동 612-1 202호,15044,37.3580317890,126.7745301497,일반세탁업,179891.7399374030,428450.1429143490,일반세탁업,0,0,0,0,0,0,,,,,2,,,0,,N
20010516,동보세탁편의점,폐업,폐업,20160203,031-431-3458,25.20,경기도 시흥시 군자로 319,경기도 시흥시 군자동 612-1 동보(아)상가202호,15044,37.3581456290,126.7725190924,일반세탁업,,,일반세탁업,,,,,,,,,,,,,,,,N
20010516,동보지하세탁소,영업/정상,영업,,031-431-9797,25.20,"경기도 시흥시 군자로 319, 상가동 B09호 (거모동, 동보아파트)",경기도 시흥시 거모동 612-1 동보(아) 상가동 B09호,15044,37.3581456290,126.7725190924,일반세탁업,179891.7399374030,428450.1429143490,일반세탁업,,,,,,,,,,,,,,,,N
20021023,동산세탁,폐업,폐업,20050120,031-433-0235,.00,경기도 시흥시 봉우재로57번길 1,경기도 시흥시 정왕동 1837-1,15053,37.3475492028,126.7457616699,일반세탁업,177401.3905499850,427309.5255638180,일반세탁업,,,,,,,,,,,,,,,,N
20041217,동산세탁,폐업,폐업,20060523,031-433-0235,28.88,경기도 시흥시 봉우재로57번길 6,경기도 시흥시 정왕동 1824-4 102호,15053,37.3479448441,126.7456109373,일반세탁업,177388.9599440130,427353.6725577320,일반세탁업,,,,,,,,,,,,,,,,N
20041224,동산세탁나라,폐업,폐업,20130315,031-434-8252,44.60,경기도 시흥시 봉우재로57번길 1,경기도 시흥시 정왕동 1837-1 105호(일부),15053,37.3475492028,126.7457616699,일반세탁업,177401.3905499850,427309.5255638180,일반세탁업,,,,,,,,,,,,,,,,N
20010915,동신세탁,영업/정상,영업,,031-317-4112,24.00,경기도 시흥시 대은로103번길 4 (대야동),경기도 시흥시 대야동 639,14915,37.4459479792,126.7994803282,일반세탁업,182151.4344074090,438273.8207793100,일반세탁업,,,,,,,,,,,,,,,,N
20010616,동아세탁소,폐업,폐업,20140623,031-317-6880,26.50,경기도 시흥시 하중로133번길 3 (하중동),경기도 시흥시 하중동 826-1 동아아파트 상가내 103호,14975,37.3990507049,126.8010920980,일반세탁업,182340.1458024220,433091.8750225290,일반세탁업,,,,,,,,,,,,,,,,N
20110824,동양세탁소,폐업,폐업,20130903,031-317-4244,24.00,경기도 시흥시 인선길 109 (장곡동),경기도 시흥시 장곡동 804 동양아파트 상가 104호,15002,37.3806880566,126.7797562831,일반세탁업,180364.2540394390,430933.8991533330,일반세탁업,,,,,,,,,,,,,,,,N
20011212,동양세탁소,폐업,폐업,20110609,031-317-4244,.00,경기도 시흥시 인선길 109,경기도 시흥시 장곡동 804 동양덱스빌(아)상가 104호,15002,37.3806880566,126.7797562831,일반세탁업,180364.2540394390,430933.8991533330,일반세탁업,,,,,,,,,,,,,,,,N
20070423,동우세탁소,폐업,폐업,20151119,,37.60,경기도 시흥시 큰솔로 34 (정왕동),경기도 시흥시 정왕동 1407-13,15060,37.3405772674,126.7521759717,일반세탁업,177969.2288695500,426533.9383988950,일반세탁업,,,,,,,,,,,,,,,,N
19930210,동원세탁소,영업/정상,영업,,031-495-8430,43.68,경기도 시흥시 도일로112번안길 22 (거모동),경기도 시흥시 거모동 1769-1 101호,15069,37.3418644006,126.7854220071,일반세탁업,180945.2664299930,426688.8670097680,일반세탁업,,,,,,,,,,,,,,,,N
19980612,동원세탁소,폐업,폐업,20000427,031-431-3230,1.00,,경기도 시흥시 거모동 1632-1 105호,15069,,,일반세탁업,,,일반세탁업,,,,,,,,,,,,,,,,N
20000427,동원세탁소,폐업,폐업,20090827,031-431-3230,1.00,경기도 시흥시 봉화로 18,경기도 시흥시 정왕동 1878-5 동원(아)상가105,15017,37.3671098369,126.7360795788,일반세탁업,176485.6730997890,429436.8160963840,일반세탁업,,,,,,,,,,,,,,,,N
20230613,동원운동화세탁,영업/정상,영업,,,27.00,"경기도 시흥시 시흥대로 404, 201동 1층 102호 (광석동, 시흥시청역 동원로얄듀크)",경기도 시흥시 광석동 542 시흥시청역 동원로얄듀크,14994,37.3767999075,126.8109782143,운동화전문세탁업,183098.6674094330,430510.7155014610,운동화전문세탁업,0,0,,,,,,,,,1,0,0,0,,N
20040807,동진세탁소,폐업,폐업,20071105,031-494-6620,36.60,경기도 시흥시 도일로112번길 9-1,경기도 시흥시 거모동 1772-10,15069,37.3405902644,126.7848921934,일반세탁업,180868.3617121770,426528.3948220250,일반세탁업,,,,,,,,,,,,,,,,N
20021005,동진컴퓨터크리닝,폐업,폐업,20041215,031-494-6620,.00,경기도 시흥시 도일로112번길 9-1,경기도 시흥시 거모동 0 58블럭 8-2롯트 건영타운 B동 101호,15069,37.3405902644,126.7848921934,일반세탁업,,,일반세탁업,,,,,,,,,,,,,,,,N
19940407,동호세탁소,폐업,폐업,19970407,,1.00,,경기도 시흥시 대야동 370-9,,,,일반세탁업,,,일반세탁업,0,0,0,,0,,,,,,,,,,,N
19990322,두산세탁소,폐업,폐업,20210705,031-313-8978,22.23,경기도 시흥시 대은로104번길 25 (은행동),경기도 시흥시 은행동 542-0 두산A상가동 201호,14916,37.4432238453,126.8006588073,일반세탁업,182346.0733316100,437944.3302227760,일반세탁업,0,0,0,0,0,0,,,,,0,,,0,,N
19960628,두산컴퓨터세탁,폐업,폐업,19990211,031-549-0846,1.00,,경기도 시흥시 정왕동 0-0 50-4-1두산A상가202호,15119,,,일반세탁업,,,일반세탁업,0,0,0,,0,,,,,,,,,,,N
20010516,두산형제세탁소,폐업,폐업,20110418,031-431-1113,1.00,경기도 시흥시 중심상가로 288,경기도 시흥시 정왕동 1786 두산(아)상가 113호,15063,37.3387737456,126.7449576052,일반세탁업,177240.5873290940,426298.3640229700,일반세탁업,,,,,,,,,,,,,,,,N
20110513,두산형제세탁소,폐업,폐업,20230808,031-431-1113,18.90,경기도 시흥시 중심상가로 286 (정왕동),경기도 시흥시 정왕동 1786 두산(아)상가 113호,15063,37.3387737456,126.7449576052,일반세탁업,177240.5873290940,426298.3640229700,일반세탁업,,,,,,,,,,,,,,,,N
20030404,드림세탁,영업/정상,영업,,031-317-1471,22.50,"경기도 시흥시 월곶중앙로14번길 27, 월곶4차상가 103호 (월곶동)",경기도 시흥시 월곶동 994 월곶4차상가,14967,37.3890720433,126.7438660226,일반세탁업,177211.6829049850,431843.8784234820,일반세탁업,5,1,1,1,0,0,,,,임대,1,,,1,,N
20160921,디앤비세탁마트,영업/정상,영업,,031-509-8890,89.30,"경기도 시흥시 도일로 90, 102호 (거모동)",경기도 시흥시 거모동 1778-13,15069,37.3383863311,126.7841341514,일반세탁업,180799.7124018410,426284.9057474080,일반세탁업,0,0,,,,,,,,,4,0,0,1,,N
20060721,딩동뎅 세탁소,폐업,폐업,20120309,031-432-6647,34.40,경기도 시흥시 봉우재로69번길 29-1,경기도 시흥시 정왕동 1813-6 1층,15053,37.3497454512,126.7438654522,일반세탁업,177235.1379366570,427553.9142750360,일반세탁업,,,,,,,,,,,2,,,,,N
20010516,또바기세탁명가,영업/정상,영업,,031-313-2800,44.25,"경기도 시흥시 승지로 75 (능곡동, 101호)",경기도 시흥시 능곡동 542,14994,37.3707763217,126.8105589696,일반세탁업,183149.2723584320,429874.7111652030,일반세탁업,,,,,,,,,,,,,,,,N
20040226,로뎀세탁소,폐업,폐업,20060727,031-492-6855,39.59,,경기도 시흥시 거모동 1632-1 동원(아)상가 105호,15069,,,일반세탁업,,,일반세탁업,,,,,,,,,,,,,,,,N
20040518,로얄세탁소,폐업,폐업,20060623,031-499-4888,30.10,경기도 시흥시 정왕천로 436,경기도 시흥시 정왕동 1500-11,15051,37.3459966262,126.7539399304,일반세탁업,178126.4300000000,427135.5900000000,일반세탁업,,,,,,,,,,,,,,,,N
20240108,로얄손세탁,영업/정상,영업,,,64.31,"경기도 시흥시 역전로 351, 118~121, 124, 125, 127호 (정왕동)",경기도 시흥시 정왕동 1872-4,15026,37.3560132830,126.7359662256,일반세탁업,176472.7841412650,428247.9523409510,일반세탁업,0,0,,,,,,,,,2,0,0,0,,N
20080314,마스터크리너,폐업,폐업,20110902,031-505-8720,49.98,경기도 시흥시 하상로8번길 3,경기도 시흥시 하상동 371-11 1층,14977,37.3917024495,126.8130334468,일반세탁업,183373.1501273940,432194.3594750550,일반세탁업,,,,,,,,,,,,,,,,N
20060322,맑은 세탁소,폐업,폐업,20090803,031-435-8875,27.75,경기도 시흥시 하중로117번길 10-7,경기도 시흥시 하중동 822-9 103호,14975,37.4004980133,126.8004346541,일반세탁업,182260.4914105090,433174.4591058800,일반세탁업,,,,,,,,,,,,,,,,N
20230109,매트케어,폐업,폐업,20230707,,.00,"경기도 시흥시 비둘기공원7길 27, 서해아파트 상가동 2층 203호 (대야동)",경기도 시흥시 대야동 563 서해아파트,14913,37.4435571338,126.7930476021,세탁업 기타,181683.0754425880,437985.9699356170,세탁업 기타,0,0,,,,,,,,,0,0,0,0,,N
19880706,매화기계세탁소,폐업,폐업,19900720,,1.00,경기도 시흥시 매화1로 8,경기도 시흥시 매화동 247-5,14940,37.4156841603,126.8139671237,일반세탁업,183464.5017185940,434857.8559079790,일반세탁업,0,0,0,,0,,,,,,,,,,,N
19900906,매화컴퓨터세탁소,폐업,폐업,20030905,031-693-8046,1.00,경기도 시흥시 매화로 46,경기도 시흥시 매화동 199-2,14940,37.4155072402,126.8145450656,일반세탁업,183507.8780133560,434845.1388984580,일반세탁업,,,,,,,,,,,,,,,,N
20211228,맵시세탁소,영업/정상,영업,,031-432-1711,65.62,"경기도 시흥시 서울대학로264번길 12, 208동 제B-101호 (배곧동, 시흥배곧 C2블럭 호반 써밋플레이스 아파트)",경기도 시흥시 배곧동 221 시흥배곧 C2블럭 호반 써밋플레이스 아파트,,,,일반세탁업,175567.5034974100,429607.5639406260,일반세탁업,0,0,,,,,,,,,0,0,0,0,,N
20050329,메가 세탁소,영업/정상,영업,,031-433-4177,40.00,"경기도 시흥시 협력로 281, C동 127호 (정왕동)",경기도 시흥시 정왕동 2164-2 C동 127호,15080,37.3520978048,126.7147788697,일반세탁업,174676.9329014930,427814.3396908030,일반세탁업,0,0,0,0,0,0,,,,,0,,,0,,N
19890304,명동세탁,폐업,폐업,19900103,,1.00,,경기도 시흥시 신천동 303-1,,,,일반세탁업,,,일반세탁업,0,0,0,,0,,,,,,,,,,,N
19910906,명동세탁소,폐업,폐업,20160120,031-312-9254,30.37,경기도 시흥시 신천7길 12 (신천동),경기도 시흥시 신천동 834-26,14948,37.4369794288,126.7799745087,일반세탁업,180457.8755610070,437228.0191265270,일반세탁업,,,,,,,,,,,,,,,,N
20140324,명성실업,폐업,폐업,20191010,,91.60,"경기도 시흥시 수인로 3350, 101호 (신천동)",경기도 시흥시 신천동 710-3 101호,14910,37.4401743005,126.7865907913,일반세탁업,181045.2569412880,437577.7001524120,일반세탁업,0,0,,,,,,,,,1,,,0,,N
20190103,명성크린,영업/정상,영업,,,194.40,"경기도 시흥시 새미길 49, 1층 일부호 (조남동)",경기도 시흥시 조남동 290-15,14987,37.3750866914,126.8639650858,일반세탁업,187878.9322892150,430342.9790463170,일반세탁업,0,0,,,,,,,,,1,0,0,1,,N
20090814,명품세탁,영업/정상,영업,,031-432-3698,23.74,경기도 시흥시 중심상가로 224 (정왕동),경기도 시흥시 정왕동 1790 영남아파트 제상가동 108호,15065,37.3422258091,126.7393008664,일반세탁업,176741.6493270200,426686.7531979790,일반세탁업,0,0,0,0,0,0,,,,,0,,,1,,N
20090209,명품세탁소,폐업,폐업,20210914,031-498-3698,36.11,"경기도 시흥시 오동마을로5번길 16 (정왕동,102호)",경기도 시흥시 정왕동 2311-1 102호,15049,37.3530158375,126.7436181180,일반세탁업,177217.4298658150,427916.1433368890,일반세탁업,0,0,,,,,,,,,2,,,1,,N
20130927,명품세탁소,영업/정상,영업,,070-8770-0013,36.08,"경기도 시흥시 오동마을로5번길 16, 만당빌딩 1층 102호 (정왕동)",경기도 시흥시 정왕동 2311-1 만당빌딩,15049,37.3530158375,126.7436181180,일반세탁업,177217.4298658150,427916.1433368890,일반세탁업,0,0,,,,,,,,,3,,,0,,N
20041101,모닝세탁,폐업,폐업,20170501,031-473-1137,49.58,경기도 시흥시 정왕천로375번길 23 (정왕동),경기도 시흥시 정왕동 1569-8,15058,37.3427004778,126.7472778146,일반세탁업,177535.1539572070,426770.9207706060,일반세탁업,,,,,,,,,,,,,,,,N
20070702,모닝세탁소,폐업,폐업,20081029,031-433-0815,41.80,경기도 시흥시 봉우재로69번길 6-1,경기도 시흥시 정왕동 1820-3,15053,37.3487418127,126.7462013590,일반세탁업,177441.8504467870,427441.7576837060,일반세탁업,,,,,,,,,,,,,,,,N
20160401,모닝세탁소,영업/정상,영업,,031-497-1137,53.80,경기도 시흥시 정왕천로375번길 23 (정왕동),경기도 시흥시 정왕동 1569-8,15058,37.3427004778,126.7472778146,일반세탁업,177535.1539572070,426770.9207706060,일반세탁업,0,0,,,,,,,,,3,0,0,1,,N
20081029,모닝세탁소,폐업,폐업,20150722,031-433-0815,25.55,경기도 시흥시 큰솔로22번길 14 (정왕동),경기도 시흥시 정왕동 1420-4,15060,37.3392150412,126.7534199875,일반세탁업,178077.8772747400,426382.5361842160,일반세탁업,,,,,,,,,,,,,,,,N
20111212,모아세탁소,폐업,폐업,20210106,032-442-3222,.00,"경기도 시흥시 장현순환로 81, 근린생활시설1동 지하1층 16호 (장현동, 시흥능곡역 모아미래도 에듀포레)",경기도 시흥시 장현동 산 34 시흥능곡역 모아미래도 에듀포레,14996,37.3744096409,126.7969159919,일반세탁업,182107.0849075840,430291.2164367540,일반세탁업,0,0,1,1,,,,,,,1,,,1,,N
20231106,모아세탁소,영업/정상,영업,,031-312-2114,51.30,"경기도 시흥시 장현순환로 81, 상가1동 지1층 5호 (장현동, 시흥능곡역 모아미래도 에듀포레)",경기도 시흥시 장현동 608 시흥능곡역 모아미래도 에듀포레,14996,37.3744096409,126.7969159919,일반세탁업,182008.0382416500,430256.6649341130,일반세탁업,0,0,,,,,,,,,1,0,0,0,,N
19980206,모아세탁소,폐업,폐업,20211209,,31.59,경기도 시흥시 함송로 36 (정왕동),경기도 시흥시 정왕동 1876-2 모아(아)상가 106호,15022,37.3624584155,126.7318468628,일반세탁업,176122.2093417910,428925.7711733270,일반세탁업,,,,,,,,,,,,,,,,N
20010507,무지개세탁소,폐업,폐업,20130409,031-499-1732,50.35,"경기도 시흥시 중심상가로 104, 102호 (정왕동, 진로아파트상가)",경기도 시흥시 정왕동 1848-4 진로아파트 상가 102호,15038,37.3490411068,126.7283141670,일반세탁업,175843.7264000790,427386.2997720680,일반세탁업,,,,,,,,,,,,,,,,N
19900417,무지개세탁소,폐업,폐업,20010915,031-693-4852,1.00,경기도 시흥시 수인로3395번길 11,경기도 시흥시 신천동 741,14948,37.4404945847,126.7814329941,일반세탁업,180587.8139834240,437616.6507012220,일반세탁업,0,0,0,,0,,,,,,,,,,,N
19960902,무진세탁소,영업/정상,영업,,,33.60,경기도 시흥시 중심상가로 350 (정왕동),경기도 시흥시 정왕동 1629 무진A상가동 202호,15062,37.3355166891,126.7501377704,일반세탁업,177730.0374639960,425923.7022717110,일반세탁업,,,,,,,,,,,,,,,,N
20031210,문영세탁소,폐업,폐업,20071109,031-432-7005,24.46,경기도 시흥시 봉우재로30번길 4-1,경기도 시흥시 정왕동 1579-3,15057,37.3450887013,126.7443863290,일반세탁업,177280.8500000000,427037.3910000000,일반세탁업,,,,,,,,,,,,,,,,N
19900906,미광세탁소,폐업,폐업,19950727,031-693-1363,1.00,경기도 시흥시 복지로 105-3,경기도 시흥시 대야동 345-15,14906,37.4483281008,126.7920078250,일반세탁업,181525.4901336750,438484.4172348240,일반세탁업,0,0,0,,0,,,,,,,,,,,N
19900906,미래세탁소,폐업,폐업,19940808,,1.00,경기도 시흥시 신천2길 31,경기도 시흥시 신천동 751-19,14947,37.4390560683,126.7790728945,일반세탁업,180378.9577532150,437457.5955546610,일반세탁업,0,0,0,,0,,,,,,,,,,,N
20090430,미미세탁,영업/정상,영업,,031-505-3313,42.21,"경기도 시흥시 역전로302번길 12, 1층 (정왕동)",경기도 시흥시 정왕동 2298-10 1층,15024,37.3531716358,126.7398001454,일반세탁업,176876.9249503150,427936.2213939920,일반세탁업,0,0,,,,,,,,,0,,,0,,N
19891006,미미세탁소,폐업,폐업,20021004,031-692-5286,1.00,경기도 시흥시 문화마을로16번길 69-1,경기도 시흥시 대야동 463-8,14905,37.4468343320,126.7864258048,일반세탁업,181030.1939849710,438319.4513834400,일반세탁업,0,0,0,,0,,,,,,,,,,,N
19890309,미미세탁소,폐업,폐업,19911209,,1.00,,경기도 시흥시 대야동 375-10,,,,일반세탁업,,,일반세탁업,0,0,0,,0,,,,,,,,,,,N
19900216,미산세탁소,폐업,폐업,20130222,031-311-0983,36.05,경기도 시흥시 미산로143번길 15,경기도 시흥시 미산동 320-18,14944,37.4172589091,126.7936226038,일반세탁업,181660.4667909700,435036.1629336290,일반세탁업,,,,,,,,,,,,,,,,N
19970626,미선세탁소,영업/정상,영업,,031-313-7434,18.36,경기도 시흥시 시흥대로1074번길 17 (은행동),경기도 시흥시 은행동 289-47,14921,37.4314900096,126.7949017607,일반세탁업,181775.8578129580,436616.0719054580,일반세탁업,0,0,0,0,0,0,,,,,0,,,0,,N
20140324,미소진산업,영업/정상,영업,,,91.60,"경기도 시흥시 신천로104번길 20, 국제천막기업 1층 일부호 (신천동)",경기도 시흥시 신천동 776-4 국제천막기업,14950,37.4386904638,126.7886509058,일반세탁업,181223.9689692300,437415.4271738390,일반세탁업,0,0,,,,,,,,,1,,,0,,N
20121026,미소천사,폐업,폐업,20121108,,.00,경기도 시흥시 월곶중앙로30번안길 10-4 (월곶동),경기도 시흥시 월곶동 997-7 101호,14966,37.3897739510,126.7422774429,일반세탁업,177106.5650000000,431996.5750000000,일반세탁업,0,0,,,,,,,,,2,,,1,,N
20260224,미앤미기업,영업/정상,영업,,,102.83,"경기도 시흥시 신천6길 50, 1층 (신천동)",경기도 시흥시 신천동 815-23 슈퍼드,14947,37.4374822406,126.7767028835,세탁업 기타,180166.4660096510,437282.7839073980,세탁업 기타,0,0,,,,,,,,,1,0,0,2,,N
19970423,미주세탁소,폐업,폐업,20220908,031-432-2711,27.06,경기도 시흥시 정왕신길로49번길 26 (정왕동),경기도 시흥시 정왕동 1875-2 미주(아)상가 201호,15028,37.3601278449,126.7283022875,일반세탁업,175907.0314307260,428658.1003693020,일반세탁업,,,,,,,,,,,,,,,,N
20000719,믿음세탁,폐업,폐업,20100720,031-491-9921,1.00,경기도 시흥시 군자로481번길 12,경기도 시흥시 거모동 1717-11 102호,15068,37.3476933492,126.7849377334,일반세탁업,180873.5874174750,427316.1274789360,일반세탁업,,,,,,,,,,,,,,,,N
19890501,믿음세탁소,폐업,폐업,20120706,031-312-0042,19.50,경기도 시흥시 수인로3409번길 33-1,경기도 시흥시 신천동 752-21,14948,37.4388721689,126.7799563741,일반세탁업,180456.5577853130,437437.6606501520,일반세탁업,,,,,,,,,,,,,,,,N
20080328,바다 세탁소,폐업,폐업,20090810,031-403-9275,24.96,경기도 시흥시 월곶중앙로14번길 27,경기도 시흥시 월곶동 994 상가 103호,14967,37.3890720433,126.7438660226,일반세탁업,177211.6829049850,431843.8784234820,일반세탁업,,,,,,,,,,,,,,,,N
20090827,바다세탁소,폐업,폐업,20201229,,24.95,경기도 시흥시 월곶중앙로14번길 9 (월곶동),경기도 시흥시 월곶동 994 풍림4차 상가내 103호,14967,37.3890720433,126.7438660226,일반세탁업,177211.6829049850,431843.8784234820,일반세탁업,0,0,0,0,0,0,,,,,2,,,1,,N
20041007,바다세탁소,폐업,폐업,20160830,031-319-9788,27.60,경기도 시흥시 오이도로157번길 22-9 (정왕동),경기도 시흥시 정왕동 1993-10,15015,37.3455797861,126.6905394098,일반세탁업,172509.1051547210,427105.4293616100,일반세탁업,,,,,,,,,,,,,,,,N
20200420,바다세탁소,영업/정상,영업,,031-319-9788,27.60,"경기도 시흥시 오이도로157번길 22-9, 1층 일부호 (정왕동)",경기도 시흥시 정왕동 1993-10,15015,37.3455797861,126.6905394098,일반세탁업,172509.1051547210,427105.4293616100,일반세탁업,0,0,0,0,0,0,,,,,3,0,0,2,,N
20061219,바다세탁소,폐업,폐업,20080828,031-317-8272,.00,,경기도 시흥시 월곶동 994 풍림4차아파트 단지내상가동 204호,,,,일반세탁업,177211.6829049850,431843.8784234820,일반세탁업,2,,,,,,,,,,,,,,,N
19880530,바울세탁소,폐업,폐업,20220927,031-312-1628,37.44,경기도 시흥시 삼미시장3길 48 (신천동),경기도 시흥시 신천동 745-20,14948,37.4410184441,126.7801279824,일반세탁업,180471.8406533420,437670.9673337100,일반세탁업,,,,,,,,,,,,,,,,N
19890705,백광사,폐업,폐업,20000208,031-691-2060,1.00,경기도 시흥시 신천2길 13,경기도 시흥시 신천동 752-13,14948,37.4390500225,126.7810398607,일반세탁업,180552.5762760560,437457.0449904320,일반세탁업,0,0,0,,0,,,,,,,,,,,N
19910917,백광세탁소,폐업,폐업,20110914,031-312-8609,25.40,경기도 시흥시 신천로44번길 4,경기도 시흥시 신천동 865-1,14950,37.4350876171,126.7890806285,일반세탁업,181264.5131727170,437012.2889008030,일반세탁업,,,,,,,,,,,,,,,,N
20010108,백로세탁소,폐업,폐업,20160520,031-319-9740,69.96,경기도 시흥시 군서로46번길 3 (정왕동),경기도 시흥시 정왕동 1206-6,15052,37.3463422111,126.7473092017,일반세탁업,177540.0737388580,427175.8976121580,일반세탁업,,,,,,,,,,,,,,,,N
19930609,백마사,폐업,폐업,20010616,,1.00,경기도 시흥시 신현로38번길 29,경기도 시흥시 포동 13-2,14957,37.4080781634,126.7838218206,일반세탁업,180812.2422980580,434069.3738561310,일반세탁업,0,0,0,,0,,,,,,,,,,,N
19961226,백마세탁소,영업/정상,영업,,,23.10,"경기도 시흥시 신현로38번길 29 (포동,동진(아)상가 101호)",경기도 시흥시 포동 13-2 동진(아)상가 101호,14957,37.4081600341,126.7839453349,일반세탁업,180812.2422980580,434069.3738561310,일반세탁업,,,,,,,,,,,,,,,,N
20050110,백설세탁소,영업/정상,영업,,031-493-2628,72.58,"경기도 시흥시 군자로477번길 4, 1층 일부호 (거모동)",경기도 시흥시 거모동 1725-6 일부호,15068,37.3473987807,126.7839243986,일반세탁업,180784.5333402470,427284.4778973420,일반세탁업,,,,,,,,,,,,,,,,N
20220315,백설세탁소2,영업/정상,영업,,,30.52,"경기도 시흥시 군자로492번길 13, 상가동 1층 110호 (거모동)",경기도 시흥시 거모동 1735-2,15071,37.3456889954,126.7829019507,일반세탁업,180709.3394510660,427064.9523175350,일반세탁업,0,0,,,,,,,,,1,0,0,0,,N
19960905,백설컴퓨터세탁,폐업,폐업,20050120,031-493-2628,1.00,,경기도 시흥시 거모동 1474-8 4단지이동상가107호,,,,일반세탁업,,,일반세탁업,,,,,,,,,,,,,,,,N
20000929,백양기업,폐업,폐업,20170515,031-315-5872,784.00,경기도 시흥시 호현로 132-1 (대야동),경기도 시흥시 대야동 140-5,14902,37.4522998645,126.7899692149,일반세탁업,181347.1905095910,438887.2287932240,일반세탁업,,,,,,,,,,,,,,,,N
19880627,백양사,폐업,폐업,20250203,,20.40,경기도 시흥시 호현로22번길 11 (신천동),경기도 시흥시 신천동 707-28,14910,37.4414942360,126.7857530354,일반세탁업,180971.5173656100,437730.2798619900,일반세탁업,,,,,,,,,,,,,,,,N
20191031,백양세탁,영업/정상,영업,,,66.00,"경기도 시흥시 오이도중앙로6번길 5-14, 1층 일부호 (정왕동)",경기도 시흥시 정왕동 1975-7,15015,37.3468167004,126.6895213064,세탁업 기타,172419.5421643050,427243.2399965350,세탁업 기타,0,0,0,0,0,0,,,,,1,0,0,2,,N
20010516,백양세탁소,폐업,폐업,20140918,031-498-6773,20.40,경기도 시흥시 중심상가로 345 (정왕동),경기도 시흥시 정왕동 1628 유천상가 108호,15062,37.3359141975,126.7502805701,일반세탁업,177873.2963000030,426069.6686709260,일반세탁업,,,,,,,,,,,,,,,,N
19890309,백양세탁소,폐업,폐업,20010915,031-693-9890,1.00,,경기도 시흥시 매화동 210-4 나동102호,14940,37.4164119294,126.8135649613,일반세탁업,183421.9542456920,434940.9080512210,일반세탁업,0,0,0,,0,,,,,,,,,,,N
19880627,백양세탁소,폐업,폐업,19941006,,1.00,경기도 시흥시 동서로 1086,경기도 시흥시 목감동 240-5,14984,37.3857658481,126.8602375375,일반세탁업,187551.9903404570,431530.3431096660,일반세탁업,0,0,0,,0,,,,,,,,,,,N
19880627,백조사세탁소,영업/정상,영업,,,29.10,경기도 시흥시 호현로 27 (신천동),경기도 시흥시 신천동 704-36,14904,37.4428043311,126.7847796878,일반세탁업,180884.2633147020,437872.2127201630,일반세탁업,,,,,,,,,,,,,,,,N
19900906,백조세탁소,폐업,폐업,19920403,,1.00,,경기도 시흥시 대야동 354-5,,,,일반세탁업,,,일반세탁업,0,0,0,,0,,,,,,,,,,,N
19910826,백조세탁소,폐업,폐업,20010915,031-693-7048,1.00,,경기도 시흥시 포동 1-36,14957,37.4078565881,126.7874284336,일반세탁업,181059.6732627580,433949.6412337530,일반세탁업,0,0,0,,0,,,,,,,,,,,N
19920403,백조세탁소,폐업,폐업,20171106,031-313-0535,16.50,경기도 시흥시 대골안길 26-4 (대야동),경기도 시흥시 대야동 457-8,14905,37.4473637460,126.7890210013,일반세탁업,181260.9081657790,438378.8753648900,일반세탁업,,,,,,,,,,,,,,,,N
19880730,백조크리닝,폐업,폐업,20150821,031-313-1489,21.00,경기도 시흥시 검바위2로 23 (은행동),경기도 시흥시 은행동 293-12,14921,37.4313150707,126.7957963321,일반세탁업,181855.7448090210,436595.1756343160,일반세탁업,,,,,,,,,,,,,,,,N
19900621,백호세탁소,폐업,폐업,19911121,,1.00,,경기도 시흥시 신천동 377-12,14948,,,일반세탁업,,,일반세탁업,0,0,0,,0,,,,,,,,,,,N
20040817,번개세탁소,폐업,폐업,20161031,031-404-1151,32.25,경기도 시흥시 월곶중앙로 90 (월곶동),경기도 시흥시 월곶동 1010-04 풍림아이원1차상가 111호,14964,37.3902457487,126.7357544930,일반세탁업,176679.4631529380,432080.0279504860,일반세탁업,,,,,,,,,,,,,,,,N
19950809,번영세탁소,영업/정상,영업,,,23.40,"경기도 시흥시 미산로 67 (미산동,방주주택 가동101호)",경기도 시흥시 미산동 93-9 방주주택 가동101호,14944,37.4222495112,126.7961524786,일반세탁업,181889.4898770440,435597.9198774770,일반세탁업,,,,,,,,,,,,,,,,N
19920828,번영세탁소,폐업,폐업,19950829,031-694-1739,1.00,경기도 시흥시 신천3길 25,경기도 시흥시 신천동 761-23,14948,37.4387401049,126.7834392791,일반세탁업,180764.7783565230,437421.7983699900,일반세탁업,0,0,0,,0,,,,,,,,,,,N
19960607,베스트크리닝,폐업,폐업,19980404,031-499-6352,1.00,경기도 시흥시 정왕천로423번길 14-1,경기도 시흥시 정왕동 1179-10,15052,37.3460094043,126.7516817866,일반세탁업,177926.4301602140,427138.0209369720,일반세탁업,0,0,0,,0,,,,,,,,,,,N
19980409,베스트크리닝,폐업,폐업,20021004,,1.00,경기도 시흥시 정왕천로423번길 14-1,경기도 시흥시 정왕동 1179-10,15052,37.3460094043,126.7516817866,일반세탁업,177926.4301602140,427138.0209369720,일반세탁업,0,0,0,,0,,,,,,,,,,,N
19990521,벽산세탁소,폐업,폐업,20110905,031-314-8709,31.30,경기도 시흥시 은행로 104,경기도 시흥시 은행동 547-1 벽산3차A상가 202호,14916,37.4408926759,126.7981822400,일반세탁업,182078.6683181470,437579.9441573100,일반세탁업,,,,,,,,,,,,,,,,N
19990408,보성세탁소,폐업,폐업,20020619,031-431-5459,1.00,,경기도 시흥시 정왕동 1877-5 보성상가106호,15019,37.3616295253,126.7360786747,일반세탁업,176423.7848234580,428920.0215517560,일반세탁업,0,0,0,,0,,,,,,,,,,,N
20031021,보성세탁소,영업/정상,영업,,031-431-5459,19.35,경기도 시흥시 역전로 413 (정왕동),경기도 시흥시 정왕동 1877-5 보성@상가 106호,15019,37.3616295253,126.7360786747,일반세탁업,176423.7848234580,428920.0215517560,일반세탁업,,,,,,,,,,,,,,,,N
19951130,복음세탁소,폐업,폐업,20120223,031-692-7789,18.72,경기도 시흥시 삼미시장4길 35-2,경기도 시흥시 신천동 755-1,14948,37.4401846349,126.7808594417,일반세탁업,180536.4647657770,437582.6981367440,일반세탁업,,,,,,,,,,,,,,,,N
19910917,복지사,폐업,폐업,20020601,031-692-8869,1.00,경기도 시흥시 문화마을로16번길 31,경기도 시흥시 신천동 701-30,14904,37.4448032128,126.7829405648,일반세탁업,180722.1062641090,438095.7156720360,일반세탁업,0,0,0,,0,,,,,,,,,,,N
20050601,부부세탁,영업/정상,영업,,,41.30,"경기도 시흥시 정왕천로369번길 6 (정왕동,1층)",경기도 시흥시 정왕동 1568-5 1층,15058,37.3417993370,126.7487318592,일반세탁업,177664.0661838260,426670.6112087350,일반세탁업,,,,,,,,,,,,,,,,N
20010516,부성세탁소,영업/정상,영업,,,18.00,경기도 시흥시 옥구천동로 449 (정왕동),경기도 시흥시 정왕동 1876-3 부성(아)상가 113호,15022,37.3604294490,126.7330983975,일반세탁업,176229.2436505470,428772.6799271540,일반세탁업,,,,,,,,,,,,,,,,N
19980206,부성세탁소,폐업,폐업,20010328,031-433-1223,1.00,경기도 시흥시 옥구천동로 449,경기도 시흥시 정왕동 1876-3 부성@상가 113호,15022,37.3604294490,126.7330983975,일반세탁업,176229.2436505470,428772.6799271540,일반세탁업,,,,,,,,,,,,,,,,N
19971222,빅쓰리세탁소,폐업,폐업,19980820,031-698-2920,1.00,,경기도 시흥시 대야동 323-5,14902,,,일반세탁업,,,일반세탁업,0,0,0,,0,,,,,,,,,,,N
20070226,빛나세탁소,폐업,폐업,20070227,,.00,경기도 시흥시 하중로173번길 26,경기도 시흥시 하중동 854-4,14976,37.3948807674,126.8047234081,일반세탁업,182639.4159849120,432550.6349015360,일반세탁업,,,,,,,,,,,,,,,,N
20241029,빛나워시,영업/정상,영업,,,119.70,"경기도 시흥시 산기대학로 29, 117-118호 (정왕동)",경기도 시흥시 정왕동 2164-8,15080,37.3510356143,126.7149931680,일반세탁업,174671.8361996360,427701.3484772760,일반세탁업,0,0,,,,,,,,,3,0,0,8,,N
19990727,빨리셀프크리닝,폐업,폐업,20071023,031-697-5521,1.00,경기도 시흥시 수인로3413번길 23-8,경기도 시흥시 신천동 749-7,14947,37.4399160980,126.7796863747,일반세탁업,180431.1265374140,437553.3762081250,일반세탁업,,,,,,,,,,,,,,,,N
20250120,뽀송세탁전문점,영업/정상,영업,,,168.42,"경기도 시흥시 은계로142번길 28, 1층 (은행동)",경기도 시흥시 은행동 641 1층,14922,37.4362065240,126.8059690073,일반세탁업,182756.9095000000,437134.5850000000,일반세탁업,0,0,,,,,,,,,1,0,0,1,,N
20020311,뽀얀고무신,폐업,폐업,20041215,031-315-6216,.00,경기도 시흥시 비둘기공원6길 13,경기도 시흥시 대야동 541-1 트윈프라자 1층 102호,14912,37.4423207959,126.7912957214,일반세탁업,181459.1841480330,437817.8310482180,일반세탁업,,,,,,,,,,,,,,,,N
20021105,사계절,폐업,폐업,20030905,031-433-3698,.00,경기도 시흥시 큰솔로 42-1,경기도 시흥시 정왕동 1395,15060,37.3412665457,126.7528464994,일반세탁업,178028.8367454990,426611.1044450240,일반세탁업,,,,,,,,,,,,,,,,N
20040625,사계절세탁소,폐업,폐업,20051212,031-433-3698,32.85,경기도 시흥시 큰솔로 42-1,경기도 시흥시 정왕동 1395,15060,37.3412665457,126.7528464994,일반세탁업,178028.8367454990,426611.1044450240,일반세탁업,,,,,,,,,,,,,,,,N
20020926,사계절세탁소,폐업,폐업,20170929,031-419-3421,14.70,"경기도 시흥시 군서로46번길 18 (정왕동,1층)",경기도 시흥시 정왕동 1186-14 1층,15052,37.3471064913,126.7484305969,일반세탁업,177639.8466004970,427260.6651805210,일반세탁업,,,,,,,,,,,,,,,,N
19901121,산호세탁소,폐업,폐업,20060227,031-691-0698,1.00,경기도 시흥시 검바위1로 72-2,경기도 시흥시 은행동 248-63,14920,37.4353669941,126.7966061334,일반세탁업,181927.0335255750,437044.8812083240,일반세탁업,,,,,,,,,,,,,,,,N
20070702,삼성세탁,폐업,폐업,20131016,031-432-6369,22.70,경기도 시흥시 정왕신길로139번길 5 (정왕동),경기도 시흥시 정왕동 1872-5 삼성@상가 102호,15026,37.3539390665,126.7344064732,일반세탁업,176370.6206478200,428065.9518699820,일반세탁업,,,,,,,,,,,,,,,,N
19900320,삼호세탁소,폐업,폐업,19920107,,1.00,,경기도 시흥시 대야동 170-23,14901,,,일반세탁업,,,일반세탁업,0,0,0,,0,,,,,,,,,,,N
19920118,삼호세탁소,폐업,폐업,20020305,031-691-0942,1.00,경기도 시흥시 호현로49번안길 15,경기도 시흥시 대야동 482,14904,37.4456996173,126.7836103138,일반세탁업,180757.6851300070,438158.9213359870,일반세탁업,0,0,0,,0,,,,,,,,,,,N
19920118,상래한세탁소,폐업,폐업,19990511,031-693-3768,1.00,경기도 시흥시 매화1로 42,경기도 시흥시 매화동 332-7,14940,37.4152847671,126.8103885026,일반세탁업,183143.6514253810,434812.6760115500,일반세탁업,0,0,0,,0,,,,,,,,,,,N
19990511,상쾌한세탁소,폐업,폐업,20010915,031-313-0381,.00,,경기도 시흥시 매화동 200-5,14940,37.4160292165,126.8144047009,일반세탁업,183488.1709056600,434914.6330164280,일반세탁업,0,0,0,,0,,,,,,,,,,,N
20010616,새로나세탁소,폐업,폐업,20050409,031-405-4290,1.00,경기도 시흥시 목감초등길 14-22,경기도 시흥시 조남동 171-18,14984,37.3852378798,126.8592818605,일반세탁업,187468.4613782830,431470.6703422240,일반세탁업,,,,,,,,,,,,,,,,N
19921211,새백양세탁소,영업/정상,영업,,,34.45,경기도 시흥시 신현로12번길 8 (포동),경기도 시흥시 포동 1-75,14957,37.4083949222,126.7870165539,일반세탁업,181073.9462611280,434053.2313924190,일반세탁업,,,,,,,,,,,,,,,,N
19920828,새터세탁소,폐업,폐업,20000106,031-693-4902,1.00,경기도 시흥시 매화2로 29,경기도 시흥시 매화동 222-1,14940,37.4171033239,126.8115584109,일반세탁업,183248.2441464050,435014.5069757130,일반세탁업,0,0,0,,0,,,,,,,,,,,N
20221213,샬롬세탁,영업/정상,영업,,031-435-9597,32.40,"경기도 시흥시 동서장곡길 55, 근린생활시설동 1층 104호 (장곡동, 시흥장현 19단지)",경기도 시흥시 장곡동 426-2 시흥장현 19단지,15002,37.3819429139,126.7845335700,일반세탁업,,,일반세탁업,0,0,,,,,,,,,2,0,0,1,,N
19910907,서강세탁소,폐업,폐업,20180413,031-313-5076,30.24,경기도 시흥시 은행로 230 (대야동),경기도 시흥시 대야동 564 서강(아)2차상가 205호,14913,37.4456011804,126.7942154005,일반세탁업,181751.1192455630,438104.2679028920,일반세탁업,,,,,,,,,,,,,,,,N
19900725,서광사세탁소,영업/정상,영업,,,15.90,경기도 시흥시 검바위2로 55 (은행동),경기도 시흥시 은행동 252-35,14920,37.4341242643,126.7967986170,일반세탁업,181945.7635032280,436906.9014627370,일반세탁업,,,,,,,,,,,,,,,,N
20050323,서울 세탁소,폐업,폐업,20061221,,20.30,경기도 시흥시 복지로93번길 4-1,경기도 시흥시 대야동 442-5,14906,37.4479457584,126.7913783250,일반세탁업,181469.6416804760,438442.6450385010,일반세탁업,,,,,,,,,,,,,,,,N
19900915,서울사세탁소,폐업,폐업,20110106,031-693-1775,1.00,,경기도 시흥시 신천동 277-4 연희@상가 106호,14949,37.4371374440,126.7851262454,일반세탁업,180920.7316478200,437248.5442495480,일반세탁업,,,,,,,,,,,,,,,,N
20040713,서울세탁,폐업,폐업,20180424,031-319-4572,64.60,경기도 시흥시 오이도2길 27 (정왕동),경기도 시흥시 정왕동 2022-7,15015,37.3421063029,126.6900686697,일반세탁업,172466.7775528790,426722.4957172590,일반세탁업,,,,,,,,,,,,,,,,N
19940502,서울세탁소,폐업,폐업,19960910,,1.00,경기도 시흥시 호현로49번길 13,경기도 시흥시 신천동 704-44,14904,37.4444110946,126.7836791243,일반세탁업,180787.6939039520,438051.6154048820,일반세탁업,0,0,0,,0,,,,,,,,,,,N
20060329,서울세탁소,폐업,폐업,20070806,,36.90,경기도 시흥시 정왕천로427번길 21-1,경기도 시흥시 정왕동 1180-8,15052,37.3465826010,126.7511002991,일반세탁업,177876.0551976610,427201.3229077390,일반세탁업,,,,,,,,,,임대,,,,,,N
20070102,서해2차세탁소,폐업,폐업,20100702,031-433-0869,17.60,경기도 시흥시 정왕신길로49번길 19,경기도 시흥시 정왕동 1886-4 서해@상가 215호,15021,37.3596616918,126.7273133546,일반세탁업,175681.9937240860,428768.3753004570,일반세탁업,,,,,,,,,,,,,,,,N
20010516,서해2차세탁소,폐업,폐업,20050120,031-433-0869,1.00,경기도 시흥시 정왕신길로49번길 19,경기도 시흥시 정왕동 1886-4 서해2차(아)상가214-2,15021,37.3596616918,126.7273133546,일반세탁업,175681.9937240860,428768.3753004570,일반세탁업,,,,,,,,,,,,,,,,N
20041227,서해2차세탁소,폐업,폐업,20061207,031-433-0869,17.08,경기도 시흥시 정왕신길로49번길 19,경기도 시흥시 정왕동 1886-4 서해2차@상가 215호,15021,37.3596616918,126.7273133546,일반세탁업,175681.9937240860,428768.3753004570,일반세탁업,,,,,,,,,,,,,,,,N
19980214,서해세탁소,폐업,폐업,19990507,031-497-1236,1.00,,경기도 시흥시 정왕동 0-0 58-3-21서해A상가207호,15119,,,일반세탁업,,,일반세탁업,0,0,0,,0,,,,,,,,,,,N
19971204,서해세탁소,영업/정상,영업,,031-698-3334,27.26,"경기도 시흥시 비둘기공원7길 27, 서해아파트 상가동 2층 203호 (대야동)",경기도 시흥시 대야동 563 서해아파트,14913,37.4435571338,126.7930476021,일반세탁업,181683.0754425880,437985.9699356170,일반세탁업,0,0,0,0,0,0,,,,,0,,,0,,N
19990625,서해세탁소,영업/정상,영업,,031-497-1236,29.58,경기도 시흥시 정왕신길로49번길 37 (정왕동),경기도 시흥시 정왕동 1886-3 서해1차상가 105호,15021,37.3610582525,126.7286089452,일반세탁업,175810.0965617700,428890.8826117500,일반세탁업,,,,,,,,,,,,,,,,N
19880627,선일사세탁소,폐업,폐업,19990713,031-695-0881,1.00,,경기도 시흥시 신천동 789-13,,,,일반세탁업,,,일반세탁업,0,0,0,,0,,,,,,,,,,,N
19901215,선일세탁소,폐업,폐업,20010425,031-693-5754,1.00,,경기도 시흥시 신천동 94-22,,,,일반세탁업,,,일반세탁업,0,0,0,,0,,,,,,,,,,,N
20010716,성광세탁소,폐업,폐업,20021004,031-317-3026,1.00,경기도 시흥시 비둘기공원7길 18,경기도 시흥시 대야동 562-1 하나골드타운 202호,14908,37.4444227260,126.7930959820,일반세탁업,181619.7700129540,438050.2875908260,일반세탁업,0,0,0,,0,,,,,,,,,,,N
19880627,성모세탁소,폐업,폐업,19900719,,1.00,,경기도 시흥시 신천동 277-4,14949,37.4371374440,126.7851262454,일반세탁업,180920.7316478200,437248.5442495480,일반세탁업,0,0,0,,0,,,,,,,,,,,N
19940826,성실세탁소,폐업,폐업,19980506,031-694-6139,1.00,,경기도 시흥시 신천동 267-2,,,,일반세탁업,,,일반세탁업,0,0,0,,0,,,,,,,,,,,N
20200824,성우기업,영업/정상,영업,,,162.00,"경기도 시흥시 봉우순환로 23-10, 1층 (정왕동)",경기도 시흥시 정왕동 2257-5 동진정밀,15047,37.3590723616,126.7563060532,일반세탁업,178342.5713379520,428586.3364799850,일반세탁업,0,0,,,,,,,,,2,0,0,0,,N
20050810,성우세탁,폐업,폐업,20130207,031-313-9738,36.00,경기도 시흥시 신천3길 67,경기도 시흥시 신천동 452-5,14947,37.4385939893,126.7786816873,일반세탁업,180343.1318291710,437406.7332716560,일반세탁업,,,,,,,,,,,,,,,,N
20000107,성원세탁소,폐업,폐업,20010915,031-695-7040,1.00,,경기도 시흥시 하중동 0 성원(아)상가203,,,,일반세탁업,,,일반세탁업,0,0,0,,0,,,,,,,,,,,N
19950929,성원세탁소,폐업,폐업,20170626,031-691-6828,30.60,경기도 시흥시 은행로149번길 1 (은행동),경기도 시흥시 은행동 538-2 성원(아)상가 203호,14917,37.4441537742,126.7993953133,일반세탁업,182155.4382995500,437918.8765774300,일반세탁업,,,,,,,,,,,,,,,,N
20010616,성원세탁소,폐업,폐업,20230417,031-503-7040,20.65,경기도 시흥시 하중로133번길 8 (하중동),경기도 시흥시 하중동 827 성원(아)상가동 102호,14974,37.3986354990,126.8009942719,일반세탁업,182375.2721763250,432934.8931912350,일반세탁업,,,,,,,,,,,,,,,,N
20090422,세모양세탁소,폐업,폐업,20100901,031-433-6003,55.18,경기도 시흥시 정왕천로375번길 31,경기도 시흥시 정왕동 1569-1 101호,15058,37.3431019725,126.7466302971,일반세탁업,177477.1589568890,426816.0707708540,일반세탁업,0,0,,,,,,,,,0,,,1,,N
19980824,세봉기업세탁소,폐업,폐업,19981007,031-698-2921,1.00,,경기도 시흥시 대야동 323-5,14902,,,일반세탁업,,,일반세탁업,0,0,0,,0,,,,,,,,,,,N
20071025,세심세탁소,폐업,폐업,20081031,031-496-0908,47.88,경기도 시흥시 군서로 48-1,경기도 시흥시 정왕동 1206-9 1층,15052,37.3462861207,126.7469936381,일반세탁업,177510.8939390200,427168.3360859080,일반세탁업,,,,,,,,,,,,,,,,N
20041001,세종세탁,영업/정상,영업,,031-433-5096,20.90,경기도 시흥시 중심상가로 103 (정왕동),경기도 시흥시 정왕동 1849-6 세종@제상가동 106호,15038,37.3492778767,126.7286843320,일반세탁업,175964.5396258420,427554.3938408320,일반세탁업,,,,,,,,,,,,,,,,N
19970113,세종세탁소,폐업,폐업,20031125,031-432-4443,1.00,경기도 시흥시 역전로 427,경기도 시흥시 정왕동 1877-3 세종(아)상가 103호,15019,37.3627608250,126.7367899317,일반세탁업,176511.3764059290,429061.9908678840,일반세탁업,,,,,,,,,,,,,,,,N
20031127,세종세탁소,폐업,폐업,20191031,031-432-4443,42.70,"경기도 시흥시 역전로 427, 202호 (정왕동, 세종아파트 상가)",경기도 시흥시 정왕동 1877-3 세종아파트 상가 202호,15019,37.3627608250,126.7367899317,일반세탁업,176511.3764059290,429061.9908678840,일반세탁업,,,,,,,,,,,,,,,,N
20030709,세탁나라,폐업,폐업,20041215,031-433-8929,,경기도 시흥시 군서로24번길 13,경기도 시흥시 정왕동 1190-9,15052,37.3457822218,126.7499679534,일반세탁업,177774.3865857010,427111.8042105300,일반세탁업,,,,,,,,,,,,,,,,N
20020109,세탁마을,영업/정상,영업,,031-431-7948,99.84,"경기도 시흥시 큰솔공원로 16 (정왕동,1층)",경기도 시흥시 정왕동 1543-4 1층,15051,37.3423140360,126.7560084805,일반세탁업,178308.7862410270,426726.1007535170,일반세탁업,,,,,,,,,,,,,,,,N
20010219,세탁마을,폐업,폐업,20130506,031-495-3854,32.56,경기도 시흥시 한우물로11번길 17,경기도 시흥시 거모동 1750-3 한진탑스 2-101,15070,37.3431556712,126.7828244345,일반세탁업,180686.7334094220,426814.7056253860,일반세탁업,,,,,,,,,,,,,,,,N
20030418,세탁마을오이도점,폐업,폐업,20041215,031-433-4629,83.83,경기도 시흥시 오이도중앙로5번길 10-1,경기도 시흥시 정왕동 1983-14,15015,37.3472389674,126.6919554562,일반세탁업,172634.9314612260,427290.2786502780,일반세탁업,,,,,,,,,,,,,,,,N
20230417,세탁명가,폐업,폐업,20241231,,.00,"경기도 시흥시 오이도1길 14-1, 1층 (정왕동)",경기도 시흥시 정왕동 2018-4,15015,37.3431103778,126.6905884971,일반세탁업,172512.3248951640,426831.5824212350,일반세탁업,0,0,,,,,,,,,1,0,0,0,,N
20000823,세탁박사,폐업,폐업,20020507,031-318-8200,1.00,경기도 시흥시 대골안길 69,경기도 시흥시 대야동 492-30,14909,37.4436574320,126.7872360065,일반세탁업,181103.4610330850,437966.3070070380,일반세탁업,,,,,,,,,,,,,,,,N
20100728,세탁을함께하는사람들,폐업,폐업,20250423,,36.50,경기도 시흥시 은행로 233 (대야동),경기도 시흥시 대야동 570-2 늘푸른벽산@상가 104호,14914,37.4456778729,126.7949834253,일반세탁업,181790.3527900900,438227.6314820630,일반세탁업,,,,,,,,,,,,,,,,N
20210528,세탁이야기,영업/정상,영업,,031-312-8582,62.79,"경기도 시흥시 수인로3312번길 16, T동 지2층 T201호 (대야동, 시흥 센트럴 푸르지오)",경기도 시흥시 대야동 693 시흥 센트럴 푸르지오,14911,37.4413231865,126.7902764284,일반세탁업,181327.0558299270,437611.7160073680,일반세탁업,0,0,0,0,0,0,,,,,1,,,1,,N
20080312,세탁하는 날,폐업,폐업,20101027,,48.67,경기도 시흥시 협력로 281,경기도 시흥시 정왕동 2164-2 메가폴리스 B동 126호,15080,37.3518659383,126.7151538858,일반세탁업,174676.9329014930,427814.3396908030,일반세탁업,,,,,,,,,,,,,,,,N
20121031,세탁하는사람들,폐업,폐업,20140530,070-8690-4106,.00,경기도 시흥시 신천3길 65 (신천동),경기도 시흥시 신천동 452-3,14947,37.4385866316,126.7789530539,일반세탁업,180367.1053953620,437405.3136486390,일반세탁업,0,0,,,,,,,,,0,,,0,,N
19930730,셀프드라이크리닝,폐업,폐업,20120507,031-313-1005,29.52,경기도 시흥시 삼미시장3길 29-1,경기도 시흥시 신천동 741-2,14948,37.4403451410,126.7820561578,일반세탁업,180643.0269479520,437601.1544481160,일반세탁업,,,,,,,,,,,,,,,,N
19880627,소망사세탁소,폐업,폐업,20170616,031-312-8767,16.00,경기도 시흥시 호현로133번길 8-1 (대야동),경기도 시흥시 대야동 303-32,14902,,,일반세탁업,,,일반세탁업,,,,,,,,,,,,,,,,N
20071018,소망세탁,폐업,폐업,20210514,031-403-7554,26.80,"경기도 시흥시 동서로 1069-12 (조남동,세우(아)상가1층)",경기도 시흥시 조남동 171 세우(아)상가1층,14984,37.3849582234,126.8592390562,일반세탁업,187442.4877354990,431427.6779331180,일반세탁업,,,,,,,,,,,,,,,,N
19990818,소망세탁소,폐업,폐업,20071022,031-403-7554,1.00,경기도 시흥시 동서로 1069-12,경기도 시흥시 조남동 171 세우(아)상가 1층,14984,37.3844445278,126.8592547236,일반세탁업,187442.4877354990,431427.6779331180,일반세탁업,,,,,,,,,,,,,,,,N
19880706,소망세탁소,폐업,폐업,19990819,,1.00,경기도 시흥시 동서로 1077,경기도 시흥시 조남동 171-13,14984,37.3850428298,126.8598822086,일반세탁업,187517.7853088180,431448.6852453060,일반세탁업,0,0,0,,0,,,,,,,,,,,N
19930302,솔로몬세탁소,폐업,폐업,19990330,031-693-4221,1.00,경기도 시흥시 뱀내장터로19번길 10-1,경기도 시흥시 대야동 491-37,14909,37.4426685176,126.7876636584,일반세탁업,181139.6650000000,437857.2299999990,일반세탁업,0,0,0,,0,,,,,,,,,,,N
20030320,솔세탁소,폐업,폐업,20090128,031-312-2693,.00,경기도 시흥시 신천로100번안길 5-1,경기도 시흥시 신천동 769-14,14950,37.4383729848,126.7868226673,일반세탁업,181063.6945499030,437379.2635658940,일반세탁업,,,,,,,,,,,,,,,,N
20180611,송이그린,폐업,폐업,20180731,,.00,"경기도 시흥시 미산로127번길 19, 1층 (미산동)",경기도 시흥시 미산동 375-4 1층호,14944,37.4181177390,126.7955582976,일반세탁업,181813.4911792350,435128.7073198050,일반세탁업,0,0,,,,,,,,,2,0,0,0,,N
20150605,숲속마을세탁소,폐업,폐업,20190429,031-480-8545,30.00,"경기도 시흥시 인선길 67, 상가동 206호 (장곡동, 숲속마을아파트 )",경기도 시흥시 장곡동 806 숲속마을아파트 상가동 206호,15002,37.3772978004,126.7810537220,일반세탁업,180527.9710010040,430533.6076143360,일반세탁업,0,0,,,,,,,,,2,0,0,1,,N
20021206,쉬리,폐업,폐업,20110527,031-488-8126,.00,경기도 시흥시 정왕천로355번길 30-1,경기도 시흥시 정왕동 1437-13,15058,37.3421396748,126.7455561183,일반세탁업,177381.2296343510,426709.1909627540,일반세탁업,,,,,,,,,,,,,,,,N
20191010,쉬리,영업/정상,영업,,,32.20,"경기도 시흥시 정왕천로355번길 30-1, 1층 일부호 (정왕동)",경기도 시흥시 정왕동 1437-13,15058,37.3421396748,126.7455561183,일반세탁업,177381.2296343510,426709.1909627540,일반세탁업,0,0,0,0,0,0,,,,,1,0,0,0,,N
20201022,쉬리세탁2,영업/정상,영업,,031-434-5633,33.95,"경기도 시흥시 큰솔로 12, 1층 일부호 (정왕동)",경기도 시흥시 정왕동 1419-12,15060,37.3387464578,126.7520135010,일반세탁업,177953.1073466890,426332.1032227380,일반세탁업,0,0,,,,,,,,,2,0,0,0,,N
20140404,쉬리세탁소,폐업,폐업,20190828,031-488-8126,34.70,"경기도 시흥시 정왕천로355번길 30-1, 103호 (정왕동)",경기도 시흥시 정왕동 1437-13 103호,15058,37.3421396748,126.7455561183,일반세탁업,177381.2296343510,426709.1909627540,일반세탁업,0,0,,,,,,,,,1,,,0,,N
20100212,슈즈크린,폐업,폐업,20180716,031-404-0335,22.40,"경기도 시흥시 하상로8번길 2, 1층 (하상동)",경기도 시흥시 하상동 375-1,14977,37.3914752163,126.8127079091,운동화전문세탁업,183346.2754420680,432169.8179885990,운동화전문세탁업,,,,,,,,,,,,,,,,N
20131007,슈즈크린 운동화 빨래방,폐업,폐업,20151110,031-404-2685,21.90,경기도 시흥시 장곡로 31-1 (장곡동),경기도 시흥시 장곡동 822-4 1층,15002,37.3791802492,126.7852827015,일반세탁업,180912.6775074780,430810.8429370210,일반세탁업,0,0,,,,,,,,,2,,,0,,N
20090824,슈즈크린빨래방,폐업,폐업,20100624,031-520-7737,19.50,경기도 시흥시 역전로 313,경기도 시흥시 정왕동 2305-13 101호,15025,37.3529870178,126.7377244407,운동화전문세탁업,176693.4712789510,427913.3883355340,운동화전문세탁업,,,,,,,,,,,,,,,,N
20100409,스마일세탁,폐업,폐업,20220812,031-486-4301,55.56,"경기도 시흥시 한우물로 25 (거모동,104호)",경기도 시흥시 거모동 1741-2 104호,15071,37.3448492761,126.7841518291,일반세탁업,180803.8815322040,427001.1991495970,일반세탁업,,,,,,,,,,,,,,,,N
20150825,스마일세탁소,폐업,폐업,20201229,031-317-0088,29.60,"경기도 시흥시 월곶중앙로 11, 상가동 101호 (월곶동, 풍림3차아파트)",경기도 시흥시 월곶동 1016 풍림3차아파트 상가동 101호,14967,37.3863590191,126.7424699575,일반세탁업,177094.8940250260,431604.0495239230,일반세탁업,,,,,,,,,,,,,,,,N
19980221,스피드빨래방,폐업,폐업,20171222,031-431-2147,33.60,경기도 시흥시 정왕천로 418-1 (정왕동),경기도 시흥시 정왕동 1515-9,15051,37.3447813844,126.7527665143,일반세탁업,178021.9200000000,427001.4450000000,일반세탁업,,,,,,,,,,,,,,,,N
20160226,스피드세탁소,영업/정상,영업,,031-319-0508,35.30,"경기도 시흥시 큰솔공원로 6-1, 1층 (정왕동)",경기도 시흥시 정왕동 1544-4 1층호,15051,37.3428401994,126.7551114100,일반세탁업,178231.2050789270,426786.4819617070,일반세탁업,0,0,,,,,,,,,2,0,0,1,,N
20100126,스피드세탁소,폐업,폐업,20191231,02-502-8706,40.34,"경기도 시흥시 배곧4로 106-25, 1144동 2층 206호 (배곧동, 호반베르디움 센트로하임아파트)",경기도 시흥시 배곧동 174 호반베르디움 센트로하임아파트,15010,37.3715630700,126.7333690608,일반세탁업,176361.1152019920,429850.0814054000,일반세탁업,0,0,0,0,0,0,,,,,2,,,1,,N
20091123,스피드투세탁소,영업/정상,영업,,,39.24,"경기도 시흥시 정왕천로369번길 52 (정왕동,1층)",경기도 시흥시 정왕동 1580-9 1층,15057,37.3445058042,126.7448550542,일반세탁업,177321.0137168760,426971.7658433650,일반세탁업,0,0,0,0,0,0,,,,,2,,,1,,N
19880627,승원세탁소,폐업,폐업,19920511,,1.00,,경기도 시흥시 대야동 396-26,14908,,,일반세탁업,,,일반세탁업,0,0,0,,0,,,,,,,,,,,N
19920526,승원세탁소,폐업,폐업,20250313,031-313-0309,37.80,경기도 시흥시 복지로63번길 15 (대야동),경기도 시흥시 대야동 471 101호,14905,37.4454940300,126.7883716976,일반세탁업,181202.0052077120,438171.5065578060,일반세탁업,,,,,,,,,,,,,,,,N
19970911,시민세탁,폐업,폐업,20091109,031-499-7996,27.60,경기도 시흥시 중심상가로 228,경기도 시흥시 정왕동 1790 영남6차상가 201호,15065,37.3422258091,126.7393008664,일반세탁업,176741.6493270200,426686.7531979790,일반세탁업,,,,,,,,,,,,,,,,N
20060915,신동아 1차 세탁소,폐업,폐업,20071231,031-319-7461,37.05,경기도 시흥시 정왕대로27번길 29,경기도 시흥시 정왕동 1940-1 신동아1차@상가 101호,15029,37.3589830867,126.7227922157,일반세탁업,175329.4080110370,428616.2385382410,일반세탁업,,,,,,,,,,,,,,,,N
19961226,신동아세탁소,영업/정상,영업,,031-431-3579,30.24,"경기도 시흥시 정왕대로27번길 9, 102호 (정왕동, 신동아(아)상가)",경기도 시흥시 정왕동 1940-2 신동아(아)상가 102호,15029,37.3584091771,126.7218721963,일반세탁업,175193.5530286440,428480.1378372840,일반세탁업,,,,,,,,,,,,,,,,N
19960315,신명세탁소,영업/정상,영업,,,21.60,"경기도 시흥시 은행로 267, 신명아파트 상가동 112호 (은행동)",경기도 시흥시 은행동 538-1 신명아파트,14917,37.4437293778,126.7977487718,일반세탁업,182061.3336931530,437912.9247973110,일반세탁업,0,0,0,0,0,0,,,,,0,,,0,,N
19920608,신백양세탁소,폐업,폐업,20050120,031-693-7051,1.00,경기도 시흥시 미산로 138,경기도 시흥시 미산동 316-24 힐탑상가3동101호,14944,37.4183804123,126.7927531962,일반세탁업,181584.7180700590,435160.7328435460,일반세탁업,,,,,,,,,,,,,,,,N
19920720,신산호세탁소,폐업,폐업,19990807,031-454-3476,1.00,경기도 시흥시 동서로 1107,경기도 시흥시 논곡동 160-7 산호상가206,14984,37.3878848235,126.8603776820,일반세탁업,187564.3635334600,431760.8027194520,일반세탁업,0,0,0,,0,,,,,,,,,,,N
20130103,신안세탁소,폐업,폐업,20241014,031-413-1977,18.62,"경기도 시흥시 목감중앙로 36, 상가동 2층 207호 (조남동, 신안인스빌)",경기도 시흥시 조남동 676 신안인스빌 상가동 207호,14988,37.3742662622,126.8539538907,일반세탁업,186956.4413178790,430189.4228600650,일반세탁업,0,0,2,2,,,,,,,3,,,0,,N
19890705,신영세탁소,폐업,폐업,20010915,,1.00,,경기도 시흥시 신천동 462-7,,,,일반세탁업,,,일반세탁업,0,0,0,,0,,,,,,,,,,,N
19890309,신용세탁소,영업/정상,영업,,031-313-7159,23.56,경기도 시흥시 호현로21번길 23-2 (신천동),경기도 시흥시 신천동 717-6,14904,37.4432216073,126.7822434629,일반세탁업,180660.4315519290,437920.0388605310,일반세탁업,0,0,0,0,0,0,,,,,0,,,0,,N
20030904,신정왕세탁소,폐업,폐업,20050105,031-496-9411,42.00,경기도 시흥시 큰솔로 53-2,경기도 시흥시 정왕동 1519-5,15051,37.3423069054,126.7534458268,일반세탁업,178081.6232385150,426725.7787946920,일반세탁업,,,,,,,,,,,,,,,,N
19920828,신천빨래방,폐업,폐업,20010915,031-694-5249,1.00,경기도 시흥시 신천1길 22-1,경기도 시흥시 신천동 754-6 신천동754-6,14948,37.4396565793,126.7799940747,일반세탁업,180460.1478304960,437525.8377459990,일반세탁업,0,0,0,,0,,,,,,,,,,,N
19921028,신천사,폐업,폐업,19930116,031-694-0183,1.00,,경기도 시흥시 신천동 777-4,14950,,,일반세탁업,,,일반세탁업,0,0,0,,0,,,,,,,,,,,N
19950920,신천세탁,폐업,폐업,20230828,,16.00,경기도 시흥시 신천로19번길 24-4 (신천동),경기도 시흥시 신천동 875-12,14951,37.4315174405,126.7904481428,일반세탁업,181382.3979872470,436619.6839750340,일반세탁업,,,,,,,,,,,,,,,,N
20010516,신호세탁소,영업/정상,영업,,,19.50,경기도 시흥시 옥구천서로373번길 7 (정왕동),경기도 시흥시 정왕동 1867-3 신호(아)상가 105호,15030,37.3554070164,126.7259003715,일반세탁업,175639.9946601100,428131.7138895920,일반세탁업,,,,,,,,,,,,,,,,N
19970725,신호크리닝,폐업,폐업,20010516,031-432-9278,1.00,,경기도 시흥시 정왕동 1867-3 신호@상가 105호,15030,37.3554070164,126.7259003715,일반세탁업,175639.9946601100,428131.7138895920,일반세탁업,,,,,,,,,,,,,,,,N
20191111,써밋세탁소,영업/정상,영업,,031-431-1689,28.35,"경기도 시흥시 서울대학로278번길 19-13, A(107)동 1층 116호 (정왕동, 시흥배곧 C1블럭 호반 써밋플레이스 아파트)",경기도 시흥시 정왕동 2511 시흥배곧 C1블럭 호반 써밋플레이스 아파트,15119,,,일반세탁업,175778.5000484560,429887.8478261160,일반세탁업,0,0,0,0,0,0,,,,,4,,,2,,N
20090513,아람사,영업/정상,영업,,02-809-9210,142.67,경기도 시흥시 금오로 262 (과림동),경기도 시흥시 과림동 744-1,14932,37.4268468680,126.8367523611,빨래방업,185480.1927527910,436090.8108799200,빨래방업,,,,,,,,,,,,,,,,N
20090319,아로마세탁,폐업,폐업,20241231,031-318-8818,28.80,"경기도 시흥시 시흥대로268번길 75, 우남퍼스트빌 상가동 1층 105호 (능곡동, 우남퍼스트빌)",경기도 시흥시 능곡동 802 우남퍼스트빌,14995,37.3634961646,126.8141602128,일반세탁업,183561.6780229150,429087.2446907140,일반세탁업,,,,,,,,,,,,,,,,N
20221116,아로마크린,영업/정상,영업,,031-318-5800,34.07,"경기도 시흥시 은계남로 11, 상가동 106호 (은행동, 시흥은계한양수자인더클래스)",경기도 시흥시 은행동 661 시흥은계한양수자인더클래스,14922,37.4343743320,126.8024931807,일반세탁업,182464.0708960220,436858.2025858230,일반세탁업,0,0,,,,,,,,,2,0,0,0,,N
20190619,아로마크린,폐업,폐업,20221116,,32.57,"경기도 시흥시 은계남로 11, 상가1동 1층 106호 (은행동, 시흥은계한양수자인더클래스)",경기도 시흥시 은행동 217-14 시흥은계한양수자인더클래스,14922,37.4343743320,126.8024931807,일반세탁업,182464.0708960220,436858.2025858230,일반세탁업,0,0,,,,,,,,,3,0,0,2,,N
20040402,아이원세탁,폐업,폐업,20040624,031-318-6337,102.70,,경기도 시흥시 월곶동 1010-4 풍림1차주상가동 206호,14964,37.3902457487,126.7357544930,일반세탁업,176679.4631529380,432080.0279504860,일반세탁업,,,,,,,,,,,,,,,,N
20070115,아이원세탁소,폐업,폐업,20130731,031-318-6337,55.90,경기도 시흥시 월곶중앙로 90 (월곶동),경기도 시흥시 월곶동 1010-4 풍림1차@단지내 주상가동 206호,14964,37.3902457487,126.7357544930,일반세탁업,176679.4631529380,432080.0279504860,일반세탁업,0,0,,,,,,,,,0,,,,,N
19970408,아주세탁소,영업/정상,영업,,031-499-6191,24.00,경기도 시흥시 정왕신길로 141 (정왕동),경기도 시흥시 정왕동 1394 아주@상가 117호,15025,37.3532555334,126.7346392386,일반세탁업,176474.9009255750,427958.0093958180,일반세탁업,0,0,0,0,0,0,,,,,0,,,0,,N
19960905,아주세탁소,폐업,폐업,19990331,,1.00,,경기도 시흥시 거모동 1471-4,15071,,,일반세탁업,,,일반세탁업,0,0,0,,0,,,,,,,,,,,N
20071105,아진세탁소,폐업,폐업,20260401,031-493-4963,71.68,"경기도 시흥시 도일로112번길 9-1 (거모동,건영타운 B동 1층 101호)",경기도 시흥시 거모동 1772-10 건영타운 B동 1층 101호,15069,37.3405902644,126.7848921934,일반세탁업,180868.3617121770,426528.3948220250,일반세탁업,,,,,,,,,,,,,,,,N
20070702,알뜰사,폐업,폐업,20180628,031-319-4628,45.20,경기도 시흥시 역전로301번길 10-7 (정왕동),경기도 시흥시 정왕동 2305-24,15025,37.3519859824,126.7376442352,일반세탁업,176687.5713617220,427802.8590238650,일반세탁업,,,,,,,,,,,,,,,,N
19900725,알프스세탁소,영업/정상,영업,,,42.40,경기도 시흥시 문화마을로6번길 12-1 (신천동),경기도 시흥시 신천동 314-84,14904,37.4430970173,126.7810237476,일반세탁업,180551.4427019640,437905.0256611380,일반세탁업,,,,,,,,,,,,,,,,N
20200609,엄마손세탁,폐업,폐업,20211220,,.00,"경기도 시흥시 매화로 97, 제일빌딩 201호 (도창동)",경기도 시흥시 도창동 385-4 제일빌딩,14942,37.4107549717,126.8157409542,일반세탁업,183614.5822510590,434309.4051287310,일반세탁업,0,0,,,,,,,,,3,0,0,0,,N
20110804,엄마손세탁,폐업,폐업,20170613,031-317-4535,15.00,"경기도 시흥시 신흥마을1길 23 (신천동,1층)",경기도 시흥시 신천동 830-1 1층,14947,37.4376469987,126.7785890421,일반세탁업,180335.9698635800,437301.0130993660,일반세탁업,,,,,,,,,,,,,,,,N
20020625,엄마손세탁소,폐업,폐업,20110804,031-317-4535,.00,,경기도 시흥시 신천동 456-1,14947,,,일반세탁업,,,일반세탁업,,,,,,,,,,,,,,,,N
20090708,엄마손운동화손세탁,영업/정상,영업,,031-435-0909,10.20,"경기도 시흥시 복지로43번길 7, 1층 (대야동)",경기도 시흥시 대야동 491-1 1층,14909,37.4436266258,126.7881067655,운동화전문세탁업,181179.1200145070,437963.1819974440,운동화전문세탁업,0,0,0,0,0,0,,,,,0,,,0,,N
19930925,에덴세탁소,폐업,폐업,19940119,031-694-7917,1.00,경기도 시흥시 호현로85번길 8,경기도 시흥시 대야동 461-2,14905,37.4474869556,126.7870300945,일반세탁업,181084.6307255450,438393.1244927720,일반세탁업,0,0,0,,0,,,,,,,,,,,N
20200122,에이(A)산업,영업/정상,영업,,02053484692,242.14,"경기도 시흥시 범안로327번길 14, 1층 (계수동)",경기도 시흥시 계수동 165-2,14925,37.4536502713,126.8187874718,일반세탁업,183898.4478998250,439071.6493789590,일반세탁업,,,,,,,,,,,,,,,,N
19970912,에이스세탁소,폐업,폐업,20220616,031-695-4366,31.20,경기도 시흥시 매화로 143 (도창동),경기도 시흥시 도창동 65 에이스@상가 105호,14942,37.4088930306,126.8179726037,일반세탁업,183758.0886650690,434203.8485741940,일반세탁업,0,0,0,0,0,0,,,,,0,,,0,,N
20120302,엘드세탁,폐업,폐업,20200601,031-404-7400,24.00,"경기도 시흥시 능곡로 137 (능곡동, 엘드수목토아파트 1010동 102호)",경기도 시흥시 능곡동 789,14995,37.3664760914,126.8150930105,일반세탁업,183502.8945088890,429358.9376248610,일반세탁업,,,,,,,,,,,,,,,,N
20010915,엘림세탁소,폐업,폐업,20131014,031-318-0515,29.97,경기도 시흥시 대골안길 9-1 (대야동),경기도 시흥시 대야동 444-12,14906,37.4485151311,126.7901293490,일반세탁업,181361.1221234240,438507.5284481810,일반세탁업,,,,,,,,,,,,,,,,N
20020930,엘지(LG)세탁소,영업/정상,영업,,031-433-6327,140.00,경기도 시흥시 큰솔로8번안길 16 (정왕동),경기도 시흥시 정왕동 1420-20,15060,37.3387567953,126.7536503036,일반세탁업,178098.4521737840,426332.2932823140,일반세탁업,0,0,0,0,0,0,,,,,0,,,0,,N
20160624,엠케이(MK)세탁전문점,영업/정상,영업,,031-503-8484,138.60,"경기도 시흥시 인선길 106, 101~103호 (장곡동)",경기도 시흥시 장곡동 803-1 101외호,15002,37.3805467346,126.7802320366,일반세탁업,180464.3506560710,430962.2169006920,일반세탁업,0,0,,,,,,,,,5,0,0,2,,N
19990722,연성대우세탁소,폐업,폐업,20201223,,58.52,경기도 시흥시 진말로 36 (장곡동),경기도 시흥시 장곡동 828-0 진말대우우성(아)상가 201호,15002,37.3803467662,126.7859041651,일반세탁업,181025.6716339360,430941.8394770320,일반세탁업,,,,,,,,,,,,,,,,N
20020703,연성쉐르빌세탁소,폐업,폐업,20180716,031-317-4057,62.56,"경기도 시흥시 인선길 46 (장곡동,201호)",경기도 시흥시 장곡동 811-3 201호,15002,37.3775561661,126.7835248245,일반세탁업,180731.3156990040,430632.8646667750,일반세탁업,,,,,,,,,,,,,,,,N
20030513,연희세탁소,폐업,폐업,20121015,031-312-6061,19.20,경기도 시흥시 신천로79번길 26,경기도 시흥시 신천동 842-12,14949,37.4374856454,126.7831799482,일반세탁업,180741.8943931480,437285.2964479900,일반세탁업,,,,,,,,,,,,,,,,N
19880627,연희세탁소,폐업,폐업,19961118,031-693-2756,1.00,경기도 시흥시 시흥대로1074번길 17-1,경기도 시흥시 은행동 293-1,14921,37.4317249566,126.7950012836,일반세탁업,181843.0383292820,436631.8088150660,일반세탁업,0,0,0,,0,,,,,,,,,,,N
20010616,연희세탁소,폐업,폐업,20060605,031-313-2756,1.00,경기도 시흥시 시흥대로1074번길 24,경기도 시흥시 은행동 289-76,14921,37.4311685713,126.7954134061,일반세탁업,181822.5046483520,436577.8179505360,일반세탁업,,,,,,,,,,,,,,,,N
19961127,연희세탁소,폐업,폐업,19990727,,1.00,경기도 시흥시 시흥대로1074번길 24,경기도 시흥시 은행동 289-76,14921,37.4311685713,126.7954134061,일반세탁업,181822.5046483520,436577.8179505360,일반세탁업,0,0,0,,0,,,,,,,,,,,N
19910625,영광세탁소,폐업,폐업,19930513,031-692-3002,1.00,경기도 시흥시 신천1길 15,경기도 시흥시 신천동 753-21,14948,37.4394816860,126.7808774730,일반세탁업,180538.1592154020,437504.6702128970,일반세탁업,0,0,0,,0,,,,,,,,,,,N
20000208,영광세탁소,폐업,폐업,20070604,031-311-2060,1.00,경기도 시흥시 신천2길 13,경기도 시흥시 신천동 752-13,14948,37.4390500225,126.7810398607,일반세탁업,180552.5762760560,437457.0449904320,일반세탁업,,,,,,,,,,,,,,,,N
20010516,영남세탁,영업/정상,영업,,,19.60,"경기도 시흥시 옥구천서로373번길 8-1, 1층 107호 (정왕동, 영남5차아파트)",경기도 시흥시 정왕동 1866-6 영남5차아파트,15030,37.3555235897,126.7271864046,일반세탁업,175761.6953454990,428294.7638974900,일반세탁업,,,,,,,,,,,,,,,,N
19890809,영남세탁소,폐업,폐업,19920107,,1.00,경기도 시흥시 복지로120번길 8,경기도 시흥시 대야동 280-2,14907,37.4489131907,126.7933815895,일반세탁업,181646.1930342080,438547.1557226480,일반세탁업,0,0,0,,0,,,,,,,,,,,N
20030404,영남세탁소,영업/정상,영업,,031-434-3254,21.80,경기도 시흥시 정왕신길로49번길 8 (정왕동),경기도 시흥시 정왕동 1875-1 영남@상가 202호,15028,37.3588036068,126.7270398525,일반세탁업,175800.7196889770,428519.9653552110,일반세탁업,,,,,,,,,,,,,,,,N
20120210,영남세탁소,폐업,폐업,20140619,031-497-7710,35.91,"경기도 시흥시 역전로 351, 118-121호 (정왕동, 영남3차아파트 상가 )",경기도 시흥시 정왕동 1872-4 118-121호,15026,37.3560132830,126.7359662256,일반세탁업,176472.7841412650,428247.9523409510,일반세탁업,,,,,,,,,,,,,,,,N
20050120,영남세탁소,폐업,폐업,20110720,031-497-5594,22.62,경기도 시흥시 정왕신길로139번길 14,경기도 시흥시 정왕동 1394-2 영남@상가 107호,15025,37.3541707472,126.7353864630,일반세탁업,176547.9427021560,427972.4561570310,일반세탁업,,,,,,,,,,,,,,,,N
20070802,영남세탁소,폐업,폐업,20160303,031-431-5977,24.32,경기도 시흥시 옥구천서로373번길 8 (정왕동),경기도 시흥시 정왕동 1866-6 영남@5차@상가 201호,15030,37.3557018589,126.7268797058,일반세탁업,175761.6953454990,428294.7638974900,일반세탁업,,,,,,,,,,,,,,,,N
20110816,영남세탁소,폐업,폐업,20130719,031-497-5594,24.00,경기도 시흥시 정왕신길로139번길 14 (정왕동),경기도 시흥시 정왕동 1394-2 영남아파트 상가 107호,15025,37.3541707472,126.7353864630,일반세탁업,176547.9427021560,427972.4561570310,일반세탁업,,,,,,,,,,,,,,,,N
20141216,영남세탁소,폐업,폐업,20171212,,35.90,"경기도 시흥시 역전로 351, 상가동동 118-121호 (정왕동, 영남3차아파트)",경기도 시흥시 정왕동 1872-4 영남3차아파트(118-121호) 상가동동 118-호,15026,37.3560132830,126.7359662256,일반세탁업,176472.7841412650,428247.9523409510,일반세탁업,0,0,,,,,,,,,3,0,0,0,,N
19960710,영남세탁소,폐업,폐업,20050120,031-497-5594,1.00,경기도 시흥시 정왕신길로139번길 14,경기도 시흥시 정왕동 1394-2 영남(아)4단지상가 107호,15025,37.3541707472,126.7353864630,일반세탁업,176547.9427021560,427972.4561570310,일반세탁업,,,,,,,,,,,,,,,,N
19920118,영남세탁소,영업/정상,영업,,031-692-3392,27.14,"경기도 시흥시 복지로120번길 8, 열린예능어린이집 1층 8호 (대야동)",경기도 시흥시 대야동 280-2 열린예능어린이집,14907,37.4489131907,126.7933815895,일반세탁업,181646.1930342080,438547.1557226480,일반세탁업,0,0,0,0,0,0,,,,,0,,,0,,N
19960514,영남크리닝상사,폐업,폐업,20010516,031-497-7710,1.00,,경기도 시흥시 정왕동 1872-4 영남3차상가 208호,15026,37.3560132830,126.7359662256,일반세탁업,176472.7841412650,428247.9523409510,일반세탁업,,,,,,,,,,,,,,,,N
19900906,영성세탁소,폐업,폐업,20041215,031-692-2798,1.00,경기도 시흥시 대골안길 23,경기도 시흥시 대야동 456,14905,37.4474566639,126.7894836410,일반세탁업,181301.5333673460,438388.8544349220,일반세탁업,,,,,,,,,,,,,,,,N
19931129,영진세탁소,영업/정상,영업,,,.00,"경기도 시흥시 동서로 1069-12, 1층 일부호 (조남동, 세우아파트)",경기도 시흥시 조남동 171 세우아파트,14984,37.3849582234,126.8592390562,일반세탁업,187442.4877354990,431427.6779331180,일반세탁업,,,,,,,,,,,,,,,,N
20040727,예당세탁,폐업,폐업,20230808,031-491-1282,15.81,"경기도 시흥시 군자로481번길 20, 태성빌딩 1층 104호 (거모동)",경기도 시흥시 거모동 1717-1 태성빌딩,15068,37.3482017036,126.7855313053,일반세탁업,180924.9961185460,427373.3730224880,일반세탁업,,,,,,,,,,,,,,,,N
20151118,예스크린,폐업,폐업,20221102,,33.30,"경기도 시흥시 봉우순환로 107, 1층 일부호 (정왕동)",경기도 시흥시 정왕동 2243-4 1층호,15047,37.3568492611,126.7511112185,일반세탁업,177879.6799173060,428341.3376811770,일반세탁업,0,0,,,,,,,,,1,0,0,1,,N
19930202,오르난세탁소,폐업,폐업,20010616,,1.00,경기도 시흥시 목감초등길 14-22,경기도 시흥시 조남동 171-18,14984,37.3852378798,126.8592818605,일반세탁업,187468.4613782830,431470.6703422240,일반세탁업,0,0,0,,0,,,,,,,,,,,N
20010516,오이도세탁,폐업,폐업,20071227,031-499-4697,1.00,경기도 시흥시 오이도중앙로 15-1,경기도 시흥시 정왕동 1980-9 1층,15015,37.3467343770,126.6906624965,일반세탁업,172520.8945746990,427233.2405545510,일반세탁업,,,,,,,,,,,,,,,,N
20080509,오케이세탁소,영업/정상,영업,,031-431-3362,32.00,"경기도 시흥시 해송십리로 472-12, 212동 118호 (정왕동, 이지더원1차)",경기도 시흥시 정왕동 2383 이지더원1차 212동 118호,15010,37.3821460543,126.7307424382,일반세탁업,175981.1085471300,431189.0043943800,일반세탁업,1,0,0,0,0,0,,,,,3,,,1,,N
19960624,오케이세탁소,폐업,폐업,20150126,031-691-3932,32.50,경기도 시흥시 신천6길 18 (신천동),경기도 시흥시 신천동 833-6,14948,37.4374950313,126.7802747724,일반세탁업,180483.9617643920,437283.2204338160,일반세탁업,,,,,,,,,,,,,,,,N
20021010,오케이크리닝,폐업,폐업,20090121,031-493-2535,.00,,경기도 시흥시 거모동 1459-9,,,,일반세탁업,,,일반세탁업,,,,,,,,,,,,,,,,N
20260123,오클린,영업/정상,영업,,,99.00,"경기도 시흥시 수인로3087번길 23, 1층 (안현동)",경기도 시흥시 안현동 364-9,14937,37.4293251799,126.8099093431,일반세탁업,183103.1478645870,436371.9492343180,일반세탁업,0,0,,,,,,,,,2,0,0,3,,N
20160530,옥색신,폐업,폐업,20260423,031-431-1282,56.90,"경기도 시흥시 봉우재로69번길 6-1, 1층 일부호 (정왕동)",경기도 시흥시 정왕동 1820-3 1층일부호,15053,37.3487418127,126.7462013590,운동화전문세탁업,177441.8504467870,427441.7576837060,운동화전문세탁업,,,,,,,,,,,,,,,,N
20210924,온누리세탁소,영업/정상,영업,,,21.78,"경기도 시흥시 신천로19번안길 5-1, 1층 일부호 (신천동)",경기도 시흥시 신천동 886-13 대현전기,14951,37.4316205177,126.7911027415,일반세탁업,181441.2684268370,436630.0978048070,일반세탁업,0,0,0,0,0,0,,,,,0,,,0,,N
20180817,와슈즈앤와이(WASHOES&Y),영업/정상,영업,,,180.80,"경기도 시흥시 능곡로76번길 9, 2층 (화정동)",경기도 시흥시 화정동 655-8,14992,37.3609228972,126.8165211508,운동화전문세탁업,183680.7901738650,428776.1636282550,운동화전문세탁업,0,0,,,,,,,,,2,0,0,0,,N
20110316,와와리폼세탁,폐업,폐업,20220927,031-319-3280,20.40,"경기도 시흥시 군서로14번길 9 (정왕동,102호)",경기도 시흥시 정왕동 1199-2 102호,15052,37.3449381360,126.7504731061,빨래방업,177818.4350000000,427019.9445000000,빨래방업,,,,,,,,,,,,,,,,N
20011105,와와세탁,폐업,폐업,20021003,031-433-3970,.00,경기도 시흥시 봉우재로 23-24,경기도 시흥시 정왕동 1608-5,15056,37.3465399222,126.7415718265,일반세탁업,177030.4285747250,427198.1148471780,일반세탁업,0,0,0,,0,,,,,,,,,,,N
20151119,와와세탁소,폐업,폐업,20201215,031-433-3970,29.26,"경기도 시흥시 봉우재로 23-22, 1층 (정왕동)",경기도 시흥시 정왕동 1608-6 1층호,15056,37.3464685411,126.7416854460,일반세탁업,177039.9549834310,427190.6951607700,일반세탁업,0,0,,,,,,,,,2,0,0,1,,N
20021004,와와세탁소,폐업,폐업,20070205,031-433-3970,.00,경기도 시흥시 봉우재로 23-22,경기도 시흥시 정왕동 1608-6,15056,37.3464685411,126.7416854460,일반세탁업,177039.9549834310,427190.6951607700,일반세탁업,,,,,,,,,,,,,,,,N
20000429,요진세탁소,폐업,폐업,20070502,031-497-1585,1.00,,경기도 시흥시 정왕동 1850 요진(아)상가 지하101호,15119,,,일반세탁업,175716.4038265180,427747.5801939830,일반세탁업,,,,,,,,,,,,,,,,N
20090216,요진세탁소,영업/정상,영업,,031-497-1585,56.94,경기도 시흥시 중심상가로 73 (정왕동),경기도 시흥시 정왕동 1850 요진(아)단지내상가 b101호,15039,37.3509368310,126.7259914379,일반세탁업,175716.4038265180,427747.5801939830,일반세탁업,0,0,,,,,,,,,0,,,1,,N
20030205,용실업,폐업,폐업,20230822,031-424-4271,296.00,"경기도 시흥시 계수로126번길 29-7, 1층 (계수동)",경기도 시흥시 계수동 556-3,14929,37.4486709403,126.8134511896,일반세탁업,183424.0707680620,438516.9028345870,일반세탁업,0,0,1,1,0,0,,,,,2,,,2,,N
20030417,우남세탁소,폐업,폐업,20120802,031-312-8818,26.80,경기도 시흥시 대은로104번길 8,경기도 시흥시 은행동 528-4,14916,37.4450565557,126.7996356046,일반세탁업,182199.5306112130,438120.5661355460,일반세탁업,,,,,,,,,,,,,,,,N
20021023,우리동네세탁,폐업,폐업,20041215,031-319-0337,.00,경기도 시흥시 군서로10번길 6-1,경기도 시흥시 정왕동 1197-10,15052,37.3443732404,126.7509416046,일반세탁업,177860.3900000000,426956.8405000000,일반세탁업,,,,,,,,,,,,,,,,N
20260402,우리세탁,영업/정상,영업,,,62.84,"경기도 시흥시 도일로112번길 9-1, 101호 (거모동, 건영타운)",경기도 시흥시 거모동 1772-10 건영타운,15069,37.3405902644,126.7848921934,일반세탁업,180868.3617121770,426528.3948220250,일반세탁업,0,0,,,,,,,,,1,0,0,1,,N
20040807,우리세탁,폐업,폐업,20070523,031-433-8859,33.28,경기도 시흥시 역전로 127-1,경기도 시흥시 정왕동 1499-6,15051,37.3462581698,126.7553937687,일반세탁업,178255.1869527390,427163.9610254550,일반세탁업,,,,,,,,,,,,,,,,N
20110428,우리세탁,폐업,폐업,20210329,031-433-5780,26.60,"경기도 시흥시 큰솔로 86 (정왕동,1층)",경기도 시흥시 정왕동 1525-8 1층,15051,37.3443409993,126.7558304244,일반세탁업,178293.2154176860,426951.7693969860,일반세탁업,,,,,,,,,,,,,,,,N
20090401,우리세탁소,폐업,폐업,20130227,,27.14,경기도 시흥시 수인로3402번길 10,경기도 시흥시 신천동 314-127 1층,14904,37.4427750226,126.7814337954,일반세탁업,180592.1407441480,437863.5519344330,일반세탁업,,,,,,,,,,,,,,,,N
20251226,우리아이시흥점,영업/정상,영업,,,149.40,"경기도 시흥시 측백나무길 12, 1층 (장곡동)",경기도 시흥시 장곡동 886-10,15002,37.3823203162,126.7888222940,세탁업 기타,181226.8337264340,431159.5179526730,세탁업 기타,0,0,,,,,,,,,5,0,0,0,,N
19951130,우성세탁소,영업/정상,영업,,,19.44,경기도 시흥시 은행로 208 (대야동),경기도 시흥시 대야동 569-1 우성(아)상가 104호,14907,37.4474494658,126.7942997848,일반세탁업,181725.0887597050,438416.5111628100,일반세탁업,,,,,,,,,,,,,,,,N
20010616,우진세탁소,폐업,폐업,20071010,031-405-8730,1.00,경기도 시흥시 논곡길 10,경기도 시흥시 논곡동 246-2,14982,37.3941037174,126.8552975134,일반세탁업,187116.7148083150,432456.6307238440,일반세탁업,,,,,,,,,,,,,,,,N
19920211,우진세탁소,폐업,폐업,19990326,,1.00,경기도 시흥시 논곡길 10,경기도 시흥시 논곡동 246-2,14982,37.3941037174,126.8552975134,일반세탁업,187116.7148083150,432456.6307238440,일반세탁업,0,0,0,,0,,,,,,,,,,,N
20061122,운동화손빨래방,폐업,폐업,20250623,031-317-3545,28.90,경기도 시흥시 하중로221번길 14 (하중동),경기도 시흥시 하중동 869-1,14976,37.3923446945,126.8072434852,운동화전문세탁업,182860.4421302850,432268.6966942580,운동화전문세탁업,,,,,,,,,,,,,,,,N
20090421,운동화손세탁,폐업,폐업,20130304,031-503-9978,31.02,경기도 시흥시 대은로104번길 40,경기도 시흥시 은행동 539-5 1층,14916,37.4423549092,126.8000451429,운동화전문세탁업,182235.9411061920,437819.4429320480,운동화전문세탁업,,,,,,,,,,,,,,,,N
20021111,원더풀빨래방,폐업,폐업,20050120,031-431-0566,.00,경기도 시흥시 서촌상가2길 26,경기도 시흥시 정왕동 1731-6 103호,15036,37.3461843146,126.7325546119,일반세탁업,176229.0593951050,427162.8706133940,일반세탁업,,,,,,,,,,,,,,,,N
20050906,월곶세탁소,폐업,폐업,20141215,031-435-8555,45.24,"경기도 시흥시 월곶중앙로 11, 201호 (월곶동, 풍림3차단지내상가)",경기도 시흥시 월곶동 1016 풍림3차단지내상가 201호,14967,37.3860733152,126.7414900726,일반세탁업,177094.8940250260,431604.0495239230,일반세탁업,,,,,,,,,,,,,,,,N
20020506,월드세탁소,폐업,폐업,20060821,031-431-7828,.00,경기도 시흥시 옥구천동로 402,경기도 시흥시 정왕동 1873-3 월드(아)상가 111호,15027,37.3567512193,126.7302225709,일반세탁업,176116.4599068260,428267.4200327590,일반세탁업,,,,,,,,,,,,,,,,N
19971024,월드세탁소,영업/정상,영업,,,19.50,경기도 시흥시 신천로79번길 11 (신천동),경기도 시흥시 신천동 277-4 연희@상가 106호,14949,37.4372703842,126.7848436608,일반세탁업,180920.7316478200,437248.5442495480,일반세탁업,,,,,,,,,,,,,,,,N
20010915,월드세탁소,폐업,폐업,20090615,031-431-5977,.00,,경기도 시흥시 정왕동 1873-3 111호,15027,37.3567512193,126.7302225709,일반세탁업,176116.4599068260,428267.4200327590,일반세탁업,,,,,,,,,,,,,,,,N
19921010,월드세탁소,폐업,폐업,20010915,031-694-7677,1.00,,경기도 시흥시 신천동 81 20/2,,,,일반세탁업,,,일반세탁업,0,0,0,,0,,,,,,,,,,,N
20090615,월드세탁소,폐업,폐업,20210624,031-431-7828,26.47,경기도 시흥시 옥구천동로 402 (정왕동),경기도 시흥시 정왕동 1873-3 월드@상가 114호,15027,37.3567512193,126.7302225709,일반세탁업,176116.4599068260,428267.4200327590,일반세탁업,0,0,0,0,0,0,,,,,0,,,0,,N
19961213,월드크리닝,폐업,폐업,19990305,031-998-2626,1.00,경기도 시흥시 신천로100번길 31-1,경기도 시흥시 신천동 779-13,14950,37.4383371461,126.7898524710,일반세탁업,181332.2691041400,437377.9566591850,일반세탁업,0,0,0,,0,,,,,,,,,,,N
20210708,윌이스코리아2,폐업,폐업,20221102,,.00,"경기도 시흥시 봉우재로209번길 28, 1층 일부호 (정왕동)",경기도 시흥시 정왕동 2249-11,15047,37.3580900334,126.7534701881,일반세탁업,178089.0035576110,428477.5434292570,일반세탁업,0,0,,,,,,,,,2,0,0,0,,N
20080303,유경사,폐업,폐업,20090515,,32.80,경기도 시흥시 호현로9번길 16,경기도 시흥시 신천동 314-113,14904,37.4424806150,126.7819340128,일반세탁업,180635.8490605060,437836.3699748110,일반세탁업,,,,,,,,,,,,,,,,N
20090909,유경세탁소,영업/정상,영업,,031-319-7003,16.94,"경기도 시흥시 옥구천동로374번길 7, 시화주공아파트(분산상가동) 102호 (정왕동)",경기도 시흥시 정왕동 1869 시화주공아파트(분산상가동) 102호,15119,,,일반세탁업,175994.8493580140,428113.2418833300,일반세탁업,0,0,0,0,0,0,,,,,2,,,1,,N
20050523,유경세탁소,폐업,폐업,20090907,031-401-7915,27.74,경기도 시흥시 옥구천동로374번길 7,경기도 시흥시 정왕동 1869 주공3단지 분산상가 102호,15031,37.3543812642,126.7289369802,일반세탁업,175994.8493580140,428113.2418833300,일반세탁업,,,,,,,,,,,,,,,,N
20021004,유경세탁소,폐업,폐업,20040721,031-433-0609,.00,경기도 시흥시 정왕천로439번길 6,경기도 시흥시 정왕동 1168-11,15052,37.3467875032,126.7535708184,일반세탁업,178093.6594891860,427223.6556631740,일반세탁업,,,,,,,,,,,,,,,,N
20040723,유경세탁소,폐업,폐업,20050524,031-433-0609,59.16,경기도 시흥시 정왕천로439번길 6,경기도 시흥시 정왕동 1168-11,15052,37.3467875032,126.7535708184,일반세탁업,178093.6594891860,427223.6556631740,일반세탁업,,,,,,,,,,,,,,,,N
19900906,유미세탁소,영업/정상,영업,,031-313-1791,38.11,경기도 시흥시 수인로3395번길 42 (신천동),경기도 시흥시 신천동 387-7,14948,37.4378962146,126.7810282914,일반세탁업,180550.5567424050,437329.3439569580,일반세탁업,0,0,0,0,0,0,,,,,0,,,0,,N
20020927,유미세탁소,영업/정상,영업,,031-432-8786,14.10,"경기도 시흥시 봉우재로23번안길 14 (정왕동,101호)",경기도 시흥시 정왕동 1609-5 101호,15056,37.3463404032,126.7413819012,일반세탁업,177013.8166267180,427176.8304097630,일반세탁업,,,,,,,,,,,,,,,,N
20130821,유원산업,영업/정상,영업,,031-498-4931,265.76,"경기도 시흥시 봉우순환로 107, 1, 2층 (정왕동)",경기도 시흥시 정왕동 2243-4,15047,37.3568492611,126.7511112185,일반세탁업,177879.6799173060,428341.3376811770,일반세탁업,0,0,0,0,0,0,,,,,2,,,0,,N
20100601,유진세탁,폐업,폐업,20240111,031-411-1635,177.56,경기도 시흥시 수인로2423번길 15,경기도 시흥시 논곡동 246-1 1층,14982,37.3944551728,126.8552832057,일반세탁업,187115.3858348630,432489.2726912490,일반세탁업,,,,,,,,,,,,,,,,N
20050404,유호세탁소,폐업,폐업,20070716,031-494-4947,38.00,경기도 시흥시 황고개로206번길 43,경기도 시흥시 거모동 1715-2 유호@상가 204호,15068,37.3485615495,126.7854149904,일반세탁업,180984.1375543980,427423.9585868240,일반세탁업,,,,,,,,,,,,,,,,N
20021011,유호세탁소,폐업,폐업,20110414,031-432-7064,45.00,경기도 시흥시 시청로68번길 4,경기도 시흥시 장현동 541-1 유호N플러스빌 1동 B109호,14998,37.3804882622,126.8005302128,일반세탁업,182270.9986479950,430978.5023900550,일반세탁업,,,,,,,,,,,,,,,,N
20110414,유호세탁소,영업/정상,영업,,,45.00,"경기도 시흥시 시청로68번길 4 (장현동,외 3필지 장현1엔플러스빌1동 B109호)",경기도 시흥시 장현동 541-4 외 3필지 장현1엔플러스빌1동 B109호,14998,37.3804882622,126.8005302128,일반세탁업,182252.6667129520,430941.4148092260,일반세탁업,,,,,,,,,,,,,,,,N
20070828,유호세탁소,폐업,폐업,20150105,031-494-4947,37.80,"경기도 시흥시 황고개로206번길 43 (거모동,유호@상가 204호)",경기도 시흥시 거모동 1715-2 유호@상가 204호,15068,37.3485615495,126.7854149904,일반세탁업,180984.1375543980,427423.9585868240,일반세탁업,,,,,,,,,,,,,,,,N
20220831,은계7단지세탁소,영업/정상,영업,,,47.29,"경기도 시흥시 은계중앙로 37, 상가동 101호 (은행동, 시흥은계엘에이치7단지)",경기도 시흥시 은행동 660 시흥은계엘에이치7단지,14922,37.4335897905,126.8009067012,일반세탁업,182225.0652329950,436886.5658022490,일반세탁업,0,0,,,,,,,,,2,0,0,1,,N
20000308,은하사,폐업,폐업,20050607,031-392-7096,1.00,,경기도 시흥시 신천동 545-51,,,,일반세탁업,,,일반세탁업,,,,,,,,,,,,,,,,N
20050607,은하세탁소,폐업,폐업,20200915,,27.88,경기도 시흥시 신흥마을2길 10-1 (신천동),경기도 시흥시 신천동 816-9,14947,37.4377922104,126.7772763980,일반세탁업,180219.4052554990,437318.7195090910,일반세탁업,,,,,,,,,,,,,,,,N
20021005,은혜세탁,폐업,폐업,20100830,031-319-5891,.00,경기도 시흥시 큰솔로22번길 14,경기도 시흥시 정왕동 1420-4,15060,37.3392150412,126.7534199875,일반세탁업,178077.8772747400,426382.5361842160,일반세탁업,,,,,,,,,,,,,,,,N
19890705,은혜세탁소,폐업,폐업,19900804,,1.00,,경기도 시흥시 대야동 376-55,14902,,,일반세탁업,,,일반세탁업,0,0,0,,0,,,,,,,,,,,N
19900810,은혜세탁소,폐업,폐업,19920128,,1.00,,경기도 시흥시 대야동 376-55,14902,,,일반세탁업,,,일반세탁업,0,0,0,,0,,,,,,,,,,,N
20090512,은혜세탁소,영업/정상,영업,,031-404-9355,22.12,"경기도 시흥시 승지로 36, 상가동 1층 103호 (능곡동)",경기도 시흥시 능곡동 772 시흥능곡휴먼시아아파트,14995,37.3672560971,126.8097215981,일반세탁업,183110.0208754400,429455.9271573660,일반세탁업,,,,,,,,,,,,,,,,N
20251118,이조,영업/정상,영업,,,102.30,"경기도 시흥시 매화로 99-1, 광성사 1층 일부호 (도창동)",경기도 시흥시 도창동 380-2 광성사,14942,37.4103223400,126.8157448895,일반세탁업,183618.6735924280,434261.9208840140,일반세탁업,0,0,,,,,,,,,2,0,0,0,,N
20171214,이지(EG)세탁소,영업/정상,영업,,031-431-3004,22.68,"경기도 시흥시 서울대학로 100, 501동 지층 106호 (정왕동, 시흥배곧신도시 이지더원2차 에듀그린)",경기도 시흥시 정왕동 2575 시흥배곧신도시 이지더원2차 에듀그린,15012,37.3587757680,126.7159627083,일반세탁업,174616.0509748300,428550.2164579320,일반세탁업,0,0,,,,,,,,,1,0,0,1,,N
19951009,일류사,영업/정상,영업,,031-691-5680,29.20,경기도 시흥시 신천로80번길 31 (신천동),경기도 시흥시 신천동 781-10,14950,37.4374078493,126.7897029988,일반세탁업,181319.3452289220,437273.9065337530,일반세탁업,,,,,,,,,,,,,,,,N
19890627,일우사,폐업,폐업,20010516,,1.00,경기도 시흥시 군자로492번길 12,경기도 시흥시 거모동 1474-1 일우상가107,15071,37.3459875256,126.7830797532,일반세탁업,180615.0114481390,427142.8932144760,일반세탁업,0,0,0,,0,,,,,,,,,,,N
20010516,일우세탁소,영업/정상,영업,,,24.40,"경기도 시흥시 군자로492번길 14, 1층 107호 (거모동, 일우아파트)",경기도 시흥시 거모동 1474-1 일우아파트,15071,37.3458523689,126.7816020374,일반세탁업,180615.0114481390,427142.8932144760,일반세탁업,,,,,,,,,,,,,,,,N
20100806,자연세탁소,폐업,폐업,20151204,031-318-3396,24.60,"경기도 시흥시 승지로 75 (능곡동,101호)",경기도 시흥시 능곡동 542 101호,14994,37.3707763217,126.8105589696,일반세탁업,183149.2723584320,429874.7111652030,일반세탁업,,,,,,,,,,,,,,,,N
20100414,작은우리,폐업,폐업,20100722,031-493-5857,.00,경기도 시흥시 도일로124번길 6,경기도 시흥시 거모동 1772-1 뉴월드아트타운 101-1호,15069,37.3413814471,126.7845572982,일반세탁업,180839.1247280100,426616.2275636130,일반세탁업,0,0,,,,,,,,,3,,,1,,N
20161202,장미세탁,영업/정상,영업,,,20.30,"경기도 시흥시 군서로24번길 13-1, 102호 (정왕동)",경기도 시흥시 정왕동 1190-8 102호,15052,37.3458547563,126.7500349723,일반세탁업,177781.5135490980,427120.9591058910,일반세탁업,0,0,,,,,,,,,2,0,0,1,,N
19950601,장미세탁소,폐업,폐업,20021004,031-693-3067,1.00,경기도 시흥시 검바위1로3번길 17,경기도 시흥시 은행동 323-25,14921,37.4310123527,126.7934029594,일반세탁업,181645.4481400690,436563.2202529080,일반세탁업,0,0,0,,0,,,,,,,,,,,N
20021002,장흥세탁소,영업/정상,영업,,031-497-3242,23.40,경기도 시흥시 정왕천로414번길 4-1 (정왕동),경기도 시흥시 정왕동 1516-3,15051,37.3441306556,126.7524907175,일반세탁업,177997.7154590420,426929.0446462530,일반세탁업,,,,,,,,,,,,,,,,N
19931005,재봉세탁소,폐업,폐업,20101216,031-694-3826,1.00,경기도 시흥시 복지로43번길 7,경기도 시흥시 대야동 491-1,14909,37.4436266258,126.7881067655,일반세탁업,181179.1200145070,437963.1819974440,일반세탁업,,,,,,,,,,,,,,,,N
20090713,정다운세탁소,영업/정상,영업,,031-505-5575,31.29,"경기도 시흥시 봉우재로57번길 6 (정왕동,102호)",경기도 시흥시 정왕동 1824-4 102호,15053,37.3479448441,126.7456109373,일반세탁업,177388.9599440130,427353.6725577320,일반세탁업,0,0,0,0,0,0,,,,,0,,,1,,N
19910304,정산세탁소,폐업,폐업,19990728,,1.00,,경기도 시흥시 신천동 111-32,,,,일반세탁업,,,일반세탁업,0,0,0,,0,,,,,,,,,,,N
20010516,정성빨래방,폐업,폐업,20030904,031-319-6002,1.00,경기도 시흥시 정왕천로369번길 30,경기도 시흥시 정왕동 1569,15058,37.3431643454,126.7465167774,일반세탁업,177467.8796928270,426823.0215224340,일반세탁업,,,,,,,,,,,,,,,,N
20110701,정성세탁소,영업/정상,영업,,031-319-6002,66.76,"경기도 시흥시 봉우재로23번길 10, 1층 일부호 (정왕동)",경기도 시흥시 정왕동 1606 1층 일부호,15056,37.3457191046,126.7428897269,일반세탁업,177147.4096772340,427107.0357754880,일반세탁업,,,,,,,,,,,,,,,,N
20031114,정성세탁소,폐업,폐업,20110701,031-319-6002,36.66,,경기도 시흥시 정왕동 1871-5 103호,15032,37.3516995845,126.7309967760,일반세탁업,176094.0046655560,427724.7029908080,일반세탁업,,,,,,,,,,,,,,,,N
20100910,정왕동이주민단지세탁소,폐업,폐업,20130722,,29.01,"경기도 시흥시 정왕천로375번길 31, 1층 (정왕동)",경기도 시흥시 정왕동 1569-1,15058,37.3431019725,126.7466302971,일반세탁업,177477.1589568890,426816.0707708540,일반세탁업,0,0,0,0,0,0,,,,,0,,,0,,N
20021008,정왕세탁소,영업/정상,영업,,,39.75,경기도 시흥시 정왕시장길 73 (정왕동),경기도 시흥시 정왕동 1181-4,15052,37.3470887673,126.7498985055,일반세탁업,177769.2814869920,427256.5720075640,일반세탁업,,,,,,,,,,,,,,,,N
19980409,정우세탁소,폐업,폐업,20021004,,1.00,,경기도 시흥시 거모동 195,,,,일반세탁업,179666.3260204430,429084.0299337980,일반세탁업,0,0,0,,0,,,,,,,,,,,N
20040610,정일세탁소,폐업,폐업,20110923,031-431-5429,30.78,경기도 시흥시 역전로313번길 4,경기도 시흥시 정왕동 2305-11 102호,15025,37.3527600168,126.7374670411,일반세탁업,176670.7574949690,427891.4544636220,일반세탁업,,,,,,,,,,,,,,,,N
19931120,정일세탁소,폐업,폐업,19980112,031-695-0805,1.00,경기도 시흥시 미산로143번안길 13,경기도 시흥시 미산동 324-4,14944,37.4175232591,126.7941173580,일반세탁업,181703.7037204160,435065.5691556770,일반세탁업,0,0,0,,0,,,,,,,,,,,N
20010511,제일세탁소,폐업,폐업,20061009,031-432-3112,1.00,경기도 시흥시 군서로54번길 9,경기도 시흥시 정왕동 1208-1,15052,37.3472681914,126.7469273789,일반세탁업,177506.9260189550,427277.4986654710,일반세탁업,,,,,,,,,,,,,,,,N
19890310,제일세탁소,폐업,폐업,20230508,031-311-7107,24.80,경기도 시흥시 호현로40번길 19 (대야동),경기도 시흥시 대야동 492-21,14909,37.4431709997,126.7872858397,일반세탁업,181106.5907041980,437913.5775774130,일반세탁업,,,,,,,,,,,,,,,,N
20021001,제일세탁소,폐업,폐업,20090125,031-315-2372,24.00,경기도 시흥시 매화로 46,경기도 시흥시 매화동 199-2,14940,37.4155072402,126.8145450656,일반세탁업,183507.8780133560,434845.1388984580,일반세탁업,,,,,,,,,,,,,,,,N
20070320,제일세탁소,영업/정상,영업,,031-432-3112,39.20,"경기도 시흥시 군서로 60, 101호 (정왕동)",경기도 시흥시 정왕동 1209-8 101호,15052,37.3469105670,126.7459712823,일반세탁업,177421.4310493080,427237.9796070830,일반세탁업,,,,,,,,,,,,,,,,N
19880627,조양사세탁빨래방,폐업,폐업,19981019,031-692-6410,1.00,,경기도 시흥시 신천동 37-2,14950,,,일반세탁업,,,일반세탁업,0,0,0,,0,,,,,,,,,,,N
19990917,조양세탁소,폐업,폐업,20010326,031-693-8622,1.00,,경기도 시흥시 신천동 37-2,14950,,,일반세탁업,,,일반세탁업,0,0,0,,0,,,,,,,,,,,N
20030514,조은세탁소,폐업,폐업,20130715,031-403-6391,30.50,경기도 시흥시 동서로 1056 (조남동),경기도 시흥시 조남동 169-31,14984,37.3831028953,126.8595146455,일반세탁업,187493.8018900210,431235.3781970590,일반세탁업,,,,,,,,,,,,,,,,N
19880627,조일사세탁소,폐업,폐업,19900702,,1.00,,경기도 시흥시 신천동 387-8,,,,일반세탁업,,,일반세탁업,0,0,0,,0,,,,,,,,,,,N
20010516,주공2차VIP세탁소,폐업,폐업,20211220,,22.00,"경기도 시흥시 정왕대로117번길 7 (정왕동,201호)",경기도 시흥시 정왕동 1868-1 201호,15031,37.3524724060,126.7292500723,일반세탁업,175938.5771525800,427855.9968001230,일반세탁업,,,,,,,,,,,,,,,,N
20010516,주공3차세탁소,영업/정상,영업,,,22.80,경기도 시흥시 옥구천동로374번길 7 (정왕동),경기도 시흥시 정왕동 1869 주공3단지(아)상가 204호,15031,37.3543812642,126.7289369802,일반세탁업,175994.8493580140,428113.2418833300,일반세탁업,,,,,,,,,,,,,,,,N
19900315,주공크리닝,영업/정상,영업,,031-312-3907,16.96,"경기도 시흥시 능곡중앙로 77 (능곡동,주공아파트 상가 101호)",경기도 시흥시 능곡동 557 주공아파트 상가 101호,14994,37.3700291402,126.8122711598,일반세탁업,183337.0826361070,429824.6627625440,일반세탁업,0,0,0,0,0,0,,,,,0,,,0,,N
20130605,주문세탁소,폐업,폐업,20160401,031-495-8870,42.00,"경기도 시흥시 한우물로11번길 17, 2동 101호 (거모동, 한진탑스빌라)",경기도 시흥시 거모동 1750-3 한진탑스빌라 2동 101호,15070,37.3431556712,126.7828244345,일반세탁업,180686.7334094220,426814.7056253860,일반세탁업,0,0,,,,,,,,,1,,,0,,N
20210708,주식회사윌리스코리아,영업/정상,영업,,031-498-4931,235.44,"경기도 시흥시 봉우재로209번길 28, 1층 일부호 (정왕동)",경기도 시흥시 정왕동 2249-11,15047,37.3580900334,126.7534701881,일반세탁업,178089.0035576110,428477.5434292570,일반세탁업,0,0,,,,,,,,,4,0,0,3,,N
20221024,주식회사지케이아이앤씨,영업/정상,영업,,,124.50,"경기도 시흥시 미산로 109, 일신기공 1층 일부호 (미산동)",경기도 시흥시 미산동 365-13 일신기공,14944,37.4191923859,126.7958985651,일반세탁업,181864.5443929890,435248.6645207750,일반세탁업,0,0,,,,,,,,,2,0,0,2,,N
20170720,주식회사크린토피아시흥지사,폐업,폐업,20191101,031-435-5860,115.56,"경기도 시흥시 하중로136번길 4-13, 1층 (하중동)",경기도 시흥시 하중동 832-2 1층호,14975,37.3993005171,126.7991352052,일반세탁업,182144.7530550260,433042.3917268780,일반세탁업,0,0,,,,,,,,,2,0,0,3,,N
20080319,주식회사크린토피아시흥지사,폐업,폐업,20191101,031-435-5860,313.60,"경기도 시흥시 능곡로76번길 9, 1층 (화정동)",경기도 시흥시 화정동 655-8,14992,37.3609228972,126.8165211508,일반세탁업,183680.7901738650,428776.1636282550,일반세탁업,0,0,0,0,0,0,,,,,2,,,3,,N
20030528,주신세탁소,영업/정상,영업,,031-433-6068,32.68,경기도 시흥시 봉우재로61번길 21 (정왕동),경기도 시흥시 정왕동 1826-7,15053,37.3488367866,126.7441342470,일반세탁업,177258.2803033680,427454.0108480430,일반세탁업,,,,,,,,,,,,,,,,N
19991023,주신세탁소,폐업,폐업,20010516,031-697-9148,1.00,,경기도 시흥시 장곡동 0 숲속마을(아)상가107,,,,일반세탁업,,,일반세탁업,0,0,0,,0,,,,,,,,,,,N
20010516,주신세탁소,폐업,폐업,20131004,031-317-5088,26.00,경기도 시흥시 장곡로 71 (장곡동),경기도 시흥시 장곡동 807 숲속마을(아)상가 103호,15002,37.3794232534,126.7807623494,일반세탁업,180568.7127747960,430740.6704052580,일반세탁업,,,,,,,,,,,,,,,,N
20050920,중앙세탁,폐업,폐업,20060626,031-435-0489,27.50,경기도 시흥시 하중로 131-1,경기도 시흥시 하중동 825-5 104호,14975,37.3988959452,126.8008336802,일반세탁업,182293.0716211460,432997.1610954210,일반세탁업,,,,,,,,,,,,,,,,N
20060713,중앙세탁,영업/정상,영업,,031-435-0489,26.40,경기도 시흥시 하중로 131-1 (하중동),경기도 시흥시 하중동 825-5,14975,37.3988959452,126.8008336802,일반세탁업,182293.0716211460,432997.1610954210,일반세탁업,1,,,,,,,,,,,,,,,N
19950214,중앙세탁소,폐업,폐업,19990708,031-691-0609,1.00,경기도 시흥시 대야로13번길 17,경기도 시흥시 대야동 475-2,14905,37.4453974964,126.7873099391,일반세탁업,181108.9391853160,438159.8567444370,일반세탁업,0,0,0,,0,,,,,,,,,,,N
20000216,중앙세탁소,폐업,폐업,20090323,031-312-2669,1.00,경기도 시흥시 문화마을로16번길 69,경기도 시흥시 대야동 463-9,14905,37.4467524637,126.7863022249,일반세탁업,181019.9737105780,438311.2861827590,일반세탁업,,,,,,,,,,,,,,,,N
20091123,중앙세탁소,폐업,폐업,20130212,031-312-2669,26.40,경기도 시흥시 문화마을로16번길 69,경기도 시흥시 대야동 463-9 1층,14905,37.4467524637,126.7863022249,일반세탁업,181019.9737105780,438311.2861827590,일반세탁업,,,,,,,,,,,,,,,,N
19900417,중앙세탁소,폐업,폐업,19940727,031-692-3188,1.00,경기도 시흥시 대골길 68,경기도 시흥시 대야동 476-7,14905,37.4457358321,126.7866171197,일반세탁업,181048.0113835590,438198.1815456780,일반세탁업,0,0,0,,0,,,,,,,,,,,N
20201105,중앙세탁소,영업/정상,영업,,031-492-8105,79.80,"경기도 시흥시 군자로 517, 일대일보습학원 1층 일부호 (거모동)",경기도 시흥시 거모동 1761-1 일대일보습학원,15068,37.3440634860,126.7853785889,일반세탁업,180913.5304662650,426909.1094989180,일반세탁업,0,0,,,,,,,,,2,0,0,1,,N
19970626,중앙세탁소,폐업,폐업,20170501,031-315-2563,30.65,경기도 시흥시 검바위2로 30 (은행동),경기도 시흥시 은행동 276-26,14921,37.4319488814,126.7962764238,일반세탁업,181907.1993769130,436664.6116948950,일반세탁업,,,,,,,,,,,,,,,,N
19880627,중앙세탁소,폐업,폐업,19901119,,1.00,경기도 시흥시 수인로 3249-15,경기도 시흥시 은행동 106-1,14920,37.4377262013,126.7962110245,일반세탁업,181895.7867209350,437304.9124109550,일반세탁업,0,0,0,,0,,,,,,,,,,,N
19890304,중앙세탁소,폐업,폐업,20010716,,1.00,경기도 시흥시 수인로 3249-15,경기도 시흥시 은행동 106-1,14920,37.4377262013,126.7962110245,일반세탁업,181895.7867209350,437304.9124109550,일반세탁업,0,0,0,,0,,,,,,,,,,,N
20010516,지상필세탁소,폐업,폐업,20220217,031-433-6585,31.15,경기도 시흥시 정왕대로28번길 29 (정왕동),경기도 시흥시 정왕동 1862 동남(아)상가 109호,15041,37.3539081067,126.7186442005,일반세탁업,175095.4586504870,427968.2358280810,일반세탁업,,,,,,,,,,,,,,,,N
20190219,지케이클린(GK클린),영업/정상,영업,,,139.16,"경기도 시흥시 신천로104번길 30, 1층 일부호 (신천동)",경기도 시흥시 신천동 779-16 선경철강,14950,37.4385079869,126.7897830326,일반세탁업,181326.0505588570,437396.7104047030,일반세탁업,0,0,,,,,,,,,1,0,0,2,,N
20240725,지케이클린시흥신천점,영업/정상,영업,,,189.00,"경기도 시흥시 수인로3465번길 45, 1층 (신천동)",경기도 시흥시 신천동 570-1,14946,37.4399993845,126.7756160601,일반세탁업,180072.6894955020,437563.3256878310,일반세탁업,0,0,,,,,,,,,4,0,0,0,,N
19950321,지혜세탁소,폐업,폐업,19971212,,1.00,,경기도 시흥시 거모동 1656-4,15069,37.3411943227,126.7837118788,일반세탁업,180761.8408197620,426585.9469267600,일반세탁업,0,0,0,,0,,,,,,,,,,,N
20010516,진로세탁소,폐업,폐업,20040924,031-433-5096,1.00,,경기도 시흥시 정왕동 1848-8 진로(아)상가202,15038,,,일반세탁업,,,일반세탁업,,,,,,,,,,,,,,,,N
20031021,진성세탁,폐업,폐업,20110425,031-499-3396,48.10,경기도 시흥시 큰솔로 86,경기도 시흥시 정왕동 1525-8,15051,37.3443409993,126.7558304244,일반세탁업,178293.2154176860,426951.7693969860,일반세탁업,,,,,,,,,,,,,,,,N
19880627,진양세탁소,폐업,폐업,20041215,031-313-6883,1.00,경기도 시흥시 수인로3287번길 18,경기도 시흥시 은행동 109-30,14950,37.4381958774,126.7948614557,일반세탁업,181774.1088218770,437359.6937667110,일반세탁업,,,,,,,,,,,,,,,,N
20021023,진주세탁소,영업/정상,영업,,,48.00,"경기도 시흥시 월곶중앙로70번길 3, 풍림프라자 1층 105호 (월곶동)",경기도 시흥시 월곶동 1010-4 풍림프라자,14964,37.3896123363,126.7381671017,일반세탁업,176679.4631529380,432080.0279504860,일반세탁업,0,0,0,0,0,0,,,,,0,,,0,,N
19910926,짱구세탁소,폐업,폐업,19920831,,1.00,,경기도 시흥시 신천동 47-13,,,,일반세탁업,,,일반세탁업,0,0,0,,0,,,,,,,,,,,N
20140926,착한세탁소,폐업,폐업,20150508,031-496-9620,35.00,"경기도 시흥시 죽율로 47, 상가동 208호 (죽율동, 푸르지오6단지 )",경기도 시흥시 죽율동 759 푸르지오6차1단지 상가동 208호,15050,37.3485483334,126.7612534867,일반세탁업,178766.2782993540,427596.1530379490,일반세탁업,0,0,0,0,0,0,,,,,2,,,0,,N
20001027,참이슬세탁소,폐업,폐업,20071102,031-318-3273,1.00,경기도 시흥시 연성로29번길 31,경기도 시흥시 하중동 857-5,14976,37.3933977116,126.8054375350,일반세탁업,182699.8657918670,432385.6161783380,일반세탁업,,,,,,,,,,,,,,,,N
20140106,참하얀세상,폐업,폐업,20160118,031-318-0508,187.50,"경기도 시흥시 비둘기공원2길 8, 1층 (대야동)",경기도 시흥시 대야동 558-3 1층,14911,37.4394528060,126.7925210088,일반세탁업,181572.5391348610,437499.9125277380,일반세탁업,0,0,0,0,0,0,,,,,4,,,0,,N
20010716,청구2차세탁소,영업/정상,영업,,031-312-8025,18.60,경기도 시흥시 비둘기공원7길 47 (대야동),경기도 시흥시 대야동 547 청구2차아파트 상가 204호,14912,37.4419222514,126.7924751495,일반세탁업,181575.6058671820,437723.4963739700,일반세탁업,,,,,,,,,,,,,,,,N
19980226,청구2차세탁소,폐업,폐업,20010716,031-692-8025,1.00,경기도 시흥시 비둘기공원7길 47,경기도 시흥시 대야동 547 청구2차상가 204호,14912,37.4419222514,126.7924751495,일반세탁업,181575.6058671820,437723.4963739700,일반세탁업,,,,,,,,,,,,,,,,N
19951130,청구세탁소,영업/정상,영업,,031-311-2654,22.75,경기도 시흥시 은행로 189 (대야동),경기도 시흥시 대야동 570-1 청구1차(아)상가 106호,14914,37.4467951030,126.7964200125,일반세탁업,181831.7477860410,438313.3718491220,일반세탁업,0,0,0,0,0,0,,,,,0,,,0,,N
20050726,청정 세탁소,폐업,폐업,20061117,031-432-0429,28.80,경기도 시흥시 서촌상가4길 20,경기도 시흥시 정왕동 1730-4 106호,15036,37.3458898865,126.7316318242,일반세탁업,176150.6368802690,427130.6601191860,일반세탁업,,,,,,,,,,,,,,,,N
20061128,청정세탁,폐업,폐업,20180830,031-432-0429,30.30,"경기도 시흥시 서촌상가4길 20 (정왕동,105호)",경기도 시흥시 정왕동 1730-4 105호,15036,37.3458898865,126.7316318242,일반세탁업,176150.6368802690,427130.6601191860,일반세탁업,,,,,,,,,,,,,,,,N
19950731,청하사,폐업,폐업,20010915,031-492-8496,1.00,경기도 시흥시 문화마을로16번길 71-2,경기도 시흥시 대야동 463-3,14905,37.4469252815,126.7865606041,일반세탁업,181042.9613687510,438330.1755746590,일반세탁업,0,0,0,,0,,,,,,,,,,,N
19950708,청하세탁소,폐업,폐업,19990218,,1.00,경기도 시흥시 대야로 41,경기도 시흥시 대야동 456-30,14905,37.4469485570,126.7904267835,일반세탁업,181384.5071686130,438331.2603766370,일반세탁업,0,0,0,,0,,,,,,,,,,,N
19920129,청하세탁소,폐업,폐업,19950722,,1.00,경기도 시흥시 문화마을로16번길 71-2,경기도 시흥시 대야동 463-3,14905,37.4469252815,126.7865606041,일반세탁업,181042.9613687510,438330.1755746590,일반세탁업,0,0,0,,0,,,,,,,,,,,N
19880627,취미세탁소,영업/정상,영업,,,22.78,경기도 시흥시 수인로3325번길 42 (신천동),경기도 시흥시 신천동 860-13,14950,37.4353652544,126.7887841108,일반세탁업,181234.9580829120,437047.7707676160,일반세탁업,,,,,,,,,,,,,,,,N
19921211,크로바세탁소,폐업,폐업,19990721,031-694-3816,1.00,,경기도 시흥시 신천동 45-1,,,,일반세탁업,,,일반세탁업,0,0,0,,0,,,,,,,,,,,N
19990722,크린닥터,폐업,폐업,20190312,031-697-2334,23.76,경기도 시흥시 인선길 77 (장곡동),경기도 시흥시 장곡동 805 매꼴마을삼성(아)상가 105호,15002,37.3780472762,126.7797928330,일반세탁업,180376.8556697190,430687.9565277420,일반세탁업,,,,,,,,,,,,,,,,N
20070118,크린데이,폐업,폐업,20111230,031-404-2151,160.00,경기도 시흥시 범안로266번길 44-8,경기도 시흥시 계수동 324-2,14925,37.4589635692,126.8086646589,일반세탁업,183001.3092721150,439654.4813071420,일반세탁업,,,,,,,,,,,,,,,,N
19970922,크린라이프,폐업,폐업,20010616,031-693-4144,1.00,경기도 시흥시 미산로 90,경기도 시흥시 미산동 85-25,14944,37.4209481918,126.7971026719,일반세탁업,181966.5632346330,435444.6288932590,일반세탁업,0,0,0,,0,,,,,,,,,,,N
20041104,크린라이프 대우세탁,영업/정상,영업,,031-318-5443,24.36,경기도 시흥시 진말로 10 (장곡동),경기도 시흥시 장곡동 824 대우3차@ 상가 103호,15002,37.3780028018,126.7858360308,일반세탁업,181009.9902256340,430689.9515237320,일반세탁업,,,,,,,,,,,,,,,,N
20040528,크린마스터,폐업,폐업,20110908,031-434-0536,202.51,,경기도 시흥시 월곶동 133,15006,,,일반세탁업,,,일반세탁업,,,,,,,,,,,,,,,,N
20080111,크린매니아 큰솔점,폐업,폐업,20090715,031-520-0066,33.15,경기도 시흥시 큰솔로 42,경기도 시흥시 정왕동 1395-15 102호,15060,37.3411666882,126.7527345951,일반세탁업,178019.2359397190,426598.7912739220,일반세탁업,,,,,,,,,,,,,,,,N
20050411,크린몰 세탁소,폐업,폐업,20180904,031-435-0160,35.00,"경기도 시흥시 신천로100번길 8-1 (신천동,6호)",경기도 시흥시 신천동 769-2 6호,14950,37.4386281459,126.7872837102,일반세탁업,181102.7642136430,437410.3523912590,일반세탁업,1,,1,1,,,,,,,,,,,,N
20130808,크린슈즈케어,폐업,폐업,20171228,,32.20,경기도 시흥시 월곶중앙로 90 (월곶동),경기도 시흥시 월곶동 1010-4 풍림제상가동 105-1,14964,37.3902457487,126.7357544930,운동화전문세탁업,176679.4631529380,432080.0279504860,운동화전문세탁업,1,0,,,,,,,,,2,,,1,,N
20190408,크린앤드라이,폐업,폐업,20210330,031-411-8939,48.75,"경기도 시흥시 수풀안길 14-23, 메트로타워-2 1층 108호 (조남동)",경기도 시흥시 조남동 712-3 메트로타워-2,14986,37.3811178146,126.8624683375,일반세탁업,187749.6746488290,431014.3891894690,일반세탁업,0,0,,,,,,,,,2,0,0,3,,N
20210330,크린앤드라이,폐업,폐업,20230512,,.00,"경기도 시흥시 수풀안길 14-23, 메트로타워-2 1층 108호 (조남동)",경기도 시흥시 조남동 712-3 메트로타워-2,14986,37.3811178146,126.8624683375,일반세탁업,187749.6746488290,431014.3891894690,일반세탁업,0,0,,,,,,,,,2,0,0,0,,N
20170501,크린업,영업/정상,영업,,,37.83,"경기도 시흥시 관곡지로 39-12, 1층 (하중동)",경기도 시흥시 하중동 815-1,14973,37.4007862791,126.7988841028,일반세탁업,182123.6404810150,433207.1155989400,일반세탁업,0,0,,,,,,,,,1,0,0,0,,N
20110607,크린위드,폐업,폐업,20131213,031-435-0159,255.00,경기도 시흥시 연성로13번길 5-6 (하중동),경기도 시흥시 하중동 877-2,14976,37.3910461853,126.8040810134,일반세탁업,182580.5287243900,432127.7693096060,일반세탁업,1,0,,,,,,,,,3,,,1,,N
20090910,크린코리아,폐업,폐업,20190419,031-432-1604,28.67,경기도 시흥시 봉우재로69번길 28 (정왕동),경기도 시흥시 정왕동 1812-3 103호,15053,37.3498200813,126.7442598765,일반세탁업,177270.6207620180,427561.9485080290,일반세탁업,,,,,,,,,,,,,,,,N
20010516,크린큐세탁소,폐업,폐업,20040519,031-317-2413,1.00,경기도 시흥시 인선길 67,경기도 시흥시 장곡동 806 벽산삼익(아)상가206,15002,37.3772978004,126.7810537220,일반세탁업,180527.9710010040,430533.6076143360,일반세탁업,,,,,,,,,,,,,,,,N
20140411,크린토피아,폐업,폐업,20220713,031-315-3838,37.00,"경기도 시흥시 비둘기공원7길 22, 107호 (대야동)",경기도 시흥시 대야동 562-2 107호,14908,37.4441238072,126.7928500879,일반세탁업,181603.2775687410,438030.2621256450,일반세탁업,0,0,,,,,,,,,3,,,0,,N
20120731,크린토피아 시흥정왕지사,영업/정상,영업,,,236.80,"경기도 시흥시 서촌상가3길 15-6, 1층 일부호 (정왕동)",경기도 시흥시 정왕동 1727-3 해남프라자,15036,37.3473228929,126.7329946337,일반세탁업,176274.0969640840,427289.1822163370,일반세탁업,0,0,0,0,0,0,,,,,2,,,2,,N
19950712,크린투데이,영업/정상,영업,,031-314-6140,20.40,경기도 시흥시 신천로7번길 26 (신천동),경기도 시흥시 신천동 887-9,14951,37.4313632711,126.7917946457,일반세탁업,181502.5147579850,436601.8556879660,일반세탁업,,,,,,,,,,,,,,,,N
19971230,크린하우스,폐업,폐업,20021004,031-432-4810,1.00,경기도 시흥시 큰솔로22번길 22,경기도 시흥시 정왕동 1420-10,15060,37.3387421149,126.7541810319,일반세탁업,178145.8204743800,426329.6358187840,일반세탁업,0,0,0,,0,,,,,,,,,,,N
20161114,크린화이트정왕점,폐업,폐업,20250114,031-496-9990,20.40,"경기도 시흥시 옥구천동로 401, 103호 (정왕동, 건영2차(아)상가)",경기도 시흥시 정왕동 1875-5,15028,37.3570910699,126.7298125976,일반세탁업,175979.2534507550,428457.4685490090,일반세탁업,0,0,,,,,,,,,1,0,0,0,,N
20120601,탑세탁,폐업,폐업,20201221,,29.64,"경기도 시흥시 삼미시장4길 35-2, 1층 (신천동)",경기도 시흥시 신천동 755-1,14948,37.4401846349,126.7808594417,일반세탁업,180536.4647657770,437582.6981367440,일반세탁업,,,,,,,,,,,,,,,,N
19940109,태산세탁소,영업/정상,영업,,,18.90,경기도 시흥시 신현로38번길 15 (포동),경기도 시흥시 포동 13-3 태산(아)상가 12동 115호,14957,37.4068185186,126.7841953867,일반세탁업,180727.9467586810,433946.4869706000,일반세탁업,,,,,,,,,,,,,,,,N
20101116,태성세탁소,폐업,폐업,20110310,,41.48,경기도 시흥시 대야로3번길 16,경기도 시흥시 대야동 487-21,14909,37.4445859128,126.7872498082,일반세탁업,181103.2616755940,438070.7841601790,일반세탁업,,,,,,,,,,,,,,,,N
20030519,태평세탁소,영업/정상,영업,,031-404-9998,34.40,"경기도 시흥시 상직길 9, 202호 (하상동, 태평아파트 상가동)",경기도 시흥시 하상동 383,14977,37.3897550767,126.8129608437,일반세탁업,183370.5928572510,432002.4949018470,일반세탁업,,,,,,,,,,,,,,,,N
19940121,토탈빨래방,폐업,폐업,19990727,031-692-2337,1.00,경기도 시흥시 호현로 18,경기도 시흥시 신천동 707-8,14910,37.4418926447,126.7845622757,일반세탁업,180868.6280344280,437769.2642694430,일반세탁업,0,0,0,,0,,,,,,,,,,,N
20190520,토탈세탁,폐업,폐업,20230711,031-432-8283,52.20,"경기도 시흥시 큰솔로22번길 14, 1층 (정왕동)",경기도 시흥시 정왕동 1420-4,15060,37.3392150412,126.7534199875,일반세탁업,178077.8772747400,426382.5361842160,일반세탁업,0,0,,,,,,,,,2,0,0,2,,N
20100107,투원세탁,폐업,폐업,20110715,031-318-3696,.00,경기도 시흥시 시청로68번길 30,경기도 시흥시 장현동 548-3 105호,14998,37.3820403906,126.8023569656,일반세탁업,182415.4918701490,431131.4428190990,일반세탁업,,,,,,,,,,,,,,,,N
20041011,투원세탁소,폐업,폐업,20090209,031-431-6810,25.20,경기도 시흥시 시청로68번길 30,경기도 시흥시 장현동 548-3 105호,14998,37.3820403906,126.8023569656,일반세탁업,182415.4918701490,431131.4428190990,일반세탁업,,,,,,,,,,,,,,,,N
19890809,특수세탁소,폐업,폐업,19921223,,1.00,,경기도 시흥시 정왕동 133-4,15009,,,일반세탁업,,,일반세탁업,0,0,0,,0,,,,,,,,,,,N
20040615,파워크리닝,폐업,폐업,20241126,031-432-6647,57.20,"경기도 시흥시 오동마을로5번길 30, 1층 (정왕동)",경기도 시흥시 정왕동 2313-2,15049,37.3525289885,126.7450118030,일반세탁업,177335.9755408890,427864.9367031580,일반세탁업,,,,,,,,,,,,,,,,N
20070629,파인세탁소,폐업,폐업,20110308,031-433-4595,25.00,경기도 시흥시 군서로18번길 24,경기도 시흥시 정왕동 1179-13,15052,37.3462056931,126.7513637153,일반세탁업,177898.5478454210,427160.0531339850,일반세탁업,,,,,,,,,,,,,,,,N
19980420,퍼펙트셀프크리닝,폐업,폐업,20010915,031-698-8005,1.00,,경기도 시흥시 신천동 274-12,,,,일반세탁업,,,일반세탁업,0,0,0,,0,,,,,,,,,,,N
20040708,평안세탁,폐업,폐업,20061116,031-504-8484,21.42,경기도 시흥시 중심상가로 249,경기도 시흥시 정왕동 1788-1 건영5차상가 107호,15064,37.3411964482,126.7418287762,일반세탁업,177070.8254097720,426693.5142358720,일반세탁업,,,,,,,,,,,,,,,,N
20070810,평안세탁소,폐업,폐업,20110728,,21.42,경기도 시흥시 중심상가로 249,경기도 시흥시 정왕동 1788-1 건영@상가 107호,15064,37.3411964482,126.7418287762,일반세탁업,177070.8254097720,426693.5142358720,일반세탁업,,,,,,,,,,,,,,,,N
19971204,평안세탁소,폐업,폐업,20071119,,1.00,경기도 시흥시 정왕천로411번길 38,경기도 시흥시 정왕동 1187-10,15052,37.3464500393,126.7486742334,일반세탁업,177659.9638091780,427186.4027567140,일반세탁업,,,,,,,,,,,,,,,,N
20070601,포니세탁소,폐업,폐업,20081212,031-434-0993,50.40,경기도 시흥시 정왕천로450번길 15,경기도 시흥시 정왕동 1503-3,15051,37.3458095021,126.7557143210,일반세탁업,178283.5888728080,427114.6265989170,일반세탁업,,,,,,,,,,,,,,,,N
20060410,푸르지오 세탁,영업/정상,영업,,,33.30,"경기도 시흥시 은행로 93, 시흥은행4차 푸르지오아파트 상가동 2층 204호 (은행동)",경기도 시흥시 은행동 599-1 시흥은행4차 푸르지오아파트,14919,37.4402097086,126.7970129760,일반세탁업,181862.0138687690,437582.1276875230,일반세탁업,,,,,,,,,,,,,,,,N
20090108,푸르지오세탁,영업/정상,영업,,031-314-7878,33.60,"경기도 시흥시 복지로 15, 1층 113호 (신천동, 시흥5차푸르지오)",경기도 시흥시 신천동 709-32 시흥5차푸르지오,14910,37.4416793445,126.7865538933,일반세탁업,181072.0380408940,437733.8016135050,일반세탁업,0,0,2,2,0,0,,,,,4,,,1,,N
20020601,푸른세탁소,폐업,폐업,20120514,031-431-5934,35.00,경기도 시흥시 큰솔로7번안길 19-7,경기도 시흥시 정왕동 1412-2 102호,15059,37.3409370198,126.7506257667,일반세탁업,177831.7039137230,426574.1219594950,일반세탁업,,,,,,,,,,,,,,,,N
20050507,풍림마스타세탁,영업/정상,영업,,031-435-8880,55.80,"경기도 시흥시 월곶중앙로14번길 87 (월곶동,풍림@단지내 상가 207,208)","경기도 시흥시 월곶동 1010-1 풍림@단지내 상가 207,208",14965,37.3916530654,126.7387338890,일반세탁업,176846.4005614380,432302.9808926340,일반세탁업,,,,,,,,,,,,,,,,N
20071217,풍림세탁소,영업/정상,영업,,031-317-1520,50.00,경기도 시흥시 월곶중앙로 90 (월곶동),경기도 시흥시 월곶동 1010-4 풍림1차상가 211호,14964,37.3902457487,126.7357544930,일반세탁업,176679.4631529380,432080.0279504860,일반세탁업,,,,,,,,,,,,,,,,N
20060523,하모니세탁소,폐업,폐업,20110629,031-433-3682,33.80,경기도 시흥시 큰솔로12번안길 18,경기도 시흥시 정왕동 1404,15060,37.3397971897,126.7528271886,일반세탁업,178025.3617368400,426447.6845908030,일반세탁업,,,,,,,,,,,1,,,,,N
20160411,하모니세탁소,폐업,폐업,20181219,,32.30,경기도 시흥시 큰솔로12번안길 18 (정왕동),경기도 시흥시 정왕동 1404 1층,15060,37.3397971897,126.7528271886,일반세탁업,178025.3617368400,426447.6845908030,일반세탁업,0,0,,,,,,,,,2,0,0,1,,N
20070427,하얀나라,폐업,폐업,20190509,031-8041-1750,51.60,"경기도 시흥시 산기대학로 237 (정왕동,한국산업기술대학 기술혁신파크 1층)",경기도 시흥시 정왕동 2121-1 한국산업기술대학 기술혁신파크 1층,15073,37.3397369385,126.7335459329,빨래방업,176322.5194914510,426494.0470499110,빨래방업,,,,,,,,,,,,,,,,N
20190808,하얀나라,폐업,폐업,20230329,031-319-5531,25.84,"경기도 시흥시 큰솔로 12, 1층 일부호 (정왕동)",경기도 시흥시 정왕동 1419-12,15060,37.3387464578,126.7520135010,운동화전문세탁업,177953.1073466890,426332.1032227380,운동화전문세탁업,0,0,,,,,,,,,1,0,0,2,,N
20020115,하얀나라,폐업,폐업,20070413,031-431-5740,.00,경기도 시흥시 정왕천로424번길 23,경기도 시흥시 정왕동 1511-10,15051,37.3439846552,126.7550662356,일반세탁업,178225.3643715700,426911.0423332630,일반세탁업,,,,,,,,,,,,,,,,N
20010616,하얀나라세탁소,영업/정상,영업,,031-317-8711,35.00,경기도 시흥시 연성로29번길 32 (하중동),경기도 시흥시 하중동 855 참이슬(아)상가 201호,14976,37.3934899661,126.8057981954,일반세탁업,182770.2735566310,432501.2332786070,일반세탁업,,,,,,,,,,,,,,,,N
20180607,하얀마음,영업/정상,영업,,02-2683-4505,163.12,"경기도 시흥시 능곡로75번길 20-2, 1층 (화정동)",경기도 시흥시 화정동 687-1 1층호,14992,37.3609067478,126.8137320845,일반세탁업,183425.7366621970,428776.1990716960,일반세탁업,0,0,,,,,,,,,2,0,0,0,,N
19930817,하얀빨래방,폐업,폐업,20021004,,1.00,경기도 시흥시 정왕천로411번길 3,경기도 시흥시 정왕동 1196,15052,37.3443863263,126.7515849956,일반세탁업,177917.7881351120,426957.5964803180,일반세탁업,0,0,0,,0,,,,,,,,,,,N
20010108,하얀세탁소,폐업,폐업,20100514,031-433-3277,1.00,경기도 시흥시 정왕천로423번길 7,경기도 시흥시 정왕동 1194,15052,37.3455341357,126.7520703638,일반세탁업,177960.1914752170,427084.5314273810,일반세탁업,,,,,,,,,,,,,,,,N
19411106,하얀세탁소,폐업,폐업,19960706,,1.00,경기도 시흥시 정왕천로423번길 24-1,경기도 시흥시 정왕동 1180-15,15052,37.3465805994,126.7507841942,일반세탁업,177846.0717701320,427200.6234113590,일반세탁업,0,0,0,,0,,,,,,,,,,,N
20140605,하얀운동화 빨래방,폐업,폐업,20161221,031-314-8249,32.60,"경기도 시흥시 신천로79번길 11, 108호 (신천동)",경기도 시흥시 신천동 277-4 108호,14949,37.4372703842,126.7848436608,운동화전문세탁업,180920.7316478200,437248.5442495480,운동화전문세탁업,0,0,,,,,,,,,2,,,0,,N
20070313,하이트세탁소,폐업,폐업,20131010,031-318-9320,41.30,경기도 시흥시 하중로173번길 26 (하중동),경기도 시흥시 하중동 854-4,14976,37.3948807674,126.8047234081,일반세탁업,182639.4159849120,432550.6349015360,일반세탁업,,,,,,,,,,,,,,,,N
20050926,하중세탁소,폐업,폐업,20121005,031-404-4513,38.10,경기도 시흥시 연성로13번길 5-2,경기도 시흥시 하중동 878-4 데코빌@상가 103호,14976,37.3908957528,126.8045568718,일반세탁업,182621.2782890360,432117.1121769270,일반세탁업,,,,,,,,,,,,,,,,N
19990907,학사세탁소,폐업,폐업,20111206,031-314-7178,19.20,경기도 시흥시 호현로49번길 13,경기도 시흥시 신천동 704-44,14904,37.4444110946,126.7836791243,일반세탁업,180787.6939039520,438051.6154048820,일반세탁업,,,,,,,,,,,,,,,,N
19961014,학사세탁소,폐업,폐업,19990907,031-694-7178,1.00,경기도 시흥시 호현로49번길 13,경기도 시흥시 신천동 704-44,14904,37.4444110946,126.7836791243,일반세탁업,180787.6939039520,438051.6154048820,일반세탁업,0,0,0,,0,,,,,,,,,,,N
20020927,한가족세탁소,폐업,폐업,20051125,031-433-4250,.00,경기도 시흥시 군서로 48-1,경기도 시흥시 정왕동 1206-9,15052,37.3462861207,126.7469936381,일반세탁업,177510.8939390200,427168.3360859080,일반세탁업,,,,,,,,,,,,,,,,N
20110405,한라세탁소,영업/정상,영업,,031-417-0999,56.96,"경기도 시흥시 배곧1로 27-15, 상가3동 1층 112.113호 (정왕동, 한라비발디캠퍼스)",경기도 시흥시 정왕동 2566 한라비발디캠퍼스,15011,37.3636798562,126.7119931155,일반세탁업,174465.9297188680,429126.7790768570,일반세탁업,0,0,,,,,,,,,2,,,1,,N
20010604,한마음세탁,폐업,폐업,20060711,031-314-0935,1.00,,"경기도 시흥시 신천동 0 63블럭8,9롯트103호",,,,일반세탁업,,,일반세탁업,,,,,,,,,,,,,,,,N
20060315,한마음세탁,폐업,폐업,20110225,031-314-0935,60.00,경기도 시흥시 시흥대로1065번길 24-3,경기도 시흥시 신천동 873-9 103호,14951,37.4315139110,126.7898604231,일반세탁업,181331.5332218370,436624.1676076760,일반세탁업,,,,,,,,,,,,,,,,N
19980512,한미세탁소,영업/정상,영업,,,23.40,경기도 시흥시 신천천동로51번길 13 (신천동),경기도 시흥시 신천동 846-29,14949,37.4364505832,126.7834271979,일반세탁업,180763.7904539510,437168.3595300540,일반세탁업,,,,,,,,,,,,,,,,N
20170220,한바다산업,폐업,폐업,20170331,,.00,"경기도 시흥시 관곡지로 39-12, 1(일부)층 (하중동)",경기도 시흥시 하중동 815-1 1층일부,14973,37.4007862791,126.7988841028,일반세탁업,182123.6404810150,433207.1155989400,일반세탁업,0,0,,,,,,,,,1,0,0,1,,N
19930609,한별세탁소,영업/정상,영업,,,16.80,"경기도 시흥시 문화마을로16번길 45, 1층 (대야동)",경기도 시흥시 대야동 481-17,14904,37.4453260002,126.7844278376,일반세탁업,180853.7323284520,438155.5640843970,일반세탁업,,,,,,,,,,,,,,,,N
20070213,한별세탁소,영업/정상,영업,,031-496-9620,35.00,"경기도 시흥시 죽율로 47, 208호 (죽율동, 푸르지오6차1단지 상가)",경기도 시흥시 죽율동 304 푸르지오6차1단지 상가 208호,15050,37.3485483334,126.7612534867,일반세탁업,178766.2782993540,427596.1530379490,일반세탁업,0,0,0,0,0,0,,,,,2,,,0,,N
20021023,한빛세탁소,폐업,폐업,20181119,031-431-4113,41.25,경기도 시흥시 군서로18번길 15 (정왕동),경기도 시흥시 정왕동 1191-5,15052,37.3456955965,126.7505220270,일반세탁업,177823.8206739240,427102.7155852900,일반세탁업,,,,,,,,,,,,,,,,N
20150428,한성크리닝,폐업,폐업,20220620,,110.00,"경기도 시흥시 도일로123번길 3, 1층 일부호 (거모동)",경기도 시흥시 거모동 1553-1 일부호,15070,37.3414387327,126.7835971538,세탁업 기타,180757.2838244880,426627.2406847890,세탁업 기타,0,0,0,0,0,0,,,,,2,0,0,0,,N
20010516,한신세탁소,영업/정상,영업,,031-431-2097,26.60,"경기도 시흥시 정왕신길로111번길 10, 102호 (정왕동)",경기도 시흥시 정왕동 1872-6 102호,15026,37.3554329841,126.7326524110,일반세탁업,176311.0342561980,428209.9336555460,일반세탁업,,,,,,,,,,,,,,,,N
19981226,한신세탁소,폐업,폐업,20010110,031-431-2097,1.00,경기도 시흥시 정왕신길로111번길 10,경기도 시흥시 정왕동 1872-6 한신A상가동205호,15026,37.3554329841,126.7326524110,일반세탁업,176311.0342561980,428209.9336555460,일반세탁업,0,0,0,,0,,,,,,,,,,,N
19910530,한아름세탁소,폐업,폐업,19961014,031-693-5490,1.00,,경기도 시흥시 은행동 83-92,14923,,,일반세탁업,,,일반세탁업,0,0,0,,0,,,,,,,,,,,N
19911217,한올세탁소,폐업,폐업,20010915,031-691-2241,1.00,경기도 시흥시 대야로23번길 15-1,경기도 시흥시 대야동 473-1,14905,37.4461050793,126.7880606710,일반세탁업,181176.0272012460,438237.6665574480,일반세탁업,0,0,0,,0,,,,,,,,,,,N
19970820,한일사,폐업,폐업,20010516,031-431-1089,1.00,경기도 시흥시 정왕대로53번길 31,경기도 시흥시 정왕동 1865 한일@상가 203호,15029,37.3576113723,126.7252905579,일반세탁업,175505.3413879530,428494.5595947230,일반세탁업,,,,,,,,,,,,,,,,N
20010516,한일세탁소,폐업,폐업,20220428,,18.36,경기도 시흥시 옥구천서로373번길 40 (정왕동),경기도 시흥시 정왕동 1865 한일(아)상가 203호,15029,37.3575837974,126.7238341991,일반세탁업,175505.3413879530,428494.5595947230,일반세탁업,,,,,,,,,,,,,,,,N
19961004,한일세탁소,폐업,폐업,19970816,031-431-1089,1.00,경기도 시흥시 정왕대로53번길 31,경기도 시흥시 정왕동 1865 한일@상가 203호,15029,37.3576113723,126.7252905579,일반세탁업,175505.3413879530,428494.5595947230,일반세탁업,,,,,,,,,,,,,,,,N
20110523,해가든,폐업,폐업,20240923,031-316-6543,31.20,"경기도 시흥시 미산로100번길 11 (미산동,해가든아파트 상가 103호)",경기도 시흥시 미산동 350-15 해가든아파트 상가 103호,14944,37.4201008721,126.7940705608,일반세탁업,181697.9618883510,435352.0104350130,일반세탁업,,,,,,,,,,,,,,,,N
20190114,해피트리세탁,폐업,폐업,20240828,031-315-8758,18.48,"경기도 시흥시 매화2로40번길 2, 1층 일부호 (매화동)",경기도 시흥시 매화동 358-5,14940,37.4169808852,126.8106554699,일반세탁업,183159.3964389050,435004.5273139860,일반세탁업,0,0,,,,,,,,,1,0,0,1,,N
20050608,행복사,폐업,폐업,20201204,031-0314-4878,29.70,경기도 시흥시 매화1로 18 (매화동),경기도 시흥시 매화동 244-22,14940,37.4154537793,126.8130990832,일반세탁업,183383.8268486210,434834.3782091890,일반세탁업,0,0,0,0,0,0,,,,,0,,,0,,N
20030527,행복세탁소,폐업,폐업,20110318,031-497-0757,.00,경기도 시흥시 정왕천로359번길 9,경기도 시흥시 정왕동 1439-0,15058,37.3410974337,126.7474970232,일반세탁업,177554.6936002530,426593.9354388000,일반세탁업,,,,,,,,,,,,,,,,N
20010426,행복세탁소,폐업,폐업,20060830,031-313-5754,1.00,,경기도 시흥시 신천동 94-22,,,,일반세탁업,,,일반세탁업,,,,,,,,,,,,,,,,N
20071024,행복한 세탁소,폐업,폐업,20150907,031-432-3059,20.13,경기도 시흥시 정왕신길로49번길 19 (정왕동),경기도 시흥시 정왕동 1886-4 서해2차@상가 104호,15021,37.3596616918,126.7273133546,일반세탁업,175681.9937240860,428768.3753004570,일반세탁업,,,,,,,,,,,,,,,,N
20150907,행복한세탁소,폐업,폐업,20190909,031-432-7549,18.70,"경기도 시흥시 정왕신길로49번길 19, 상가동 104호 (정왕동, 서해2차아파트)",경기도 시흥시 정왕동 1886-4 서해2차아파트 상가동 104호,15021,37.3596616918,126.7273133546,일반세탁업,175681.9937240860,428768.3753004570,일반세탁업,0,0,,,,,,,,,2,0,0,1,,N
20020923,행운세탁소,영업/정상,영업,,031-499-2102,25.50,"경기도 시흥시 큰솔로66번길 7 (정왕동,1층)",경기도 시흥시 정왕동 1545-5 1층,15051,37.3425693075,126.7550350588,일반세탁업,178222.0153462960,426754.3600783250,일반세탁업,,,,,,,,,,,,,,,,N
20101129,향기세탁소,폐업,폐업,20160414,031-492-2077,35.88,경기도 시흥시 봉우재로69번길 6-1 (정왕동),경기도 시흥시 정왕동 1820-3,15053,37.3487418127,126.7462013590,일반세탁업,177441.8504467870,427441.7576837060,일반세탁업,0,0,,,,,,,,,2,,,1,,N
19990903,현대사세탁소,폐업,폐업,20211012,,24.30,경기도 시흥시 매화로45번길 12 (매화동),경기도 시흥시 매화동 263-4,14941,37.4147026684,126.8156937417,일반세탁업,183612.6693843020,434746.1333925790,일반세탁업,,,,,,,,,,,,,,,,N
20140730,현대세탁소,영업/정상,영업,,031-314-6931,23.90,"경기도 시흥시 매화로 143, 상가동 203호 (도창동, 에이스아파트)",경기도 시흥시 도창동 65 에이스아파트 상가동 203호,14942,37.4088930306,126.8179726037,일반세탁업,183758.0886650690,434203.8485741940,일반세탁업,0,0,0,0,0,0,,,,,2,,,0,,N
19920118,현대세탁소,폐업,폐업,19921015,,1.00,,경기도 시흥시 대야동 343-16,14906,37.4493717185,126.7916814316,일반세탁업,181492.8137453960,438604.6905436700,일반세탁업,0,0,0,,0,,,,,,,,,,,N
19890809,현대세탁소,폐업,폐업,19920107,,1.00,,경기도 시흥시 대야동 343-16,14906,37.4493717185,126.7916814316,일반세탁업,181492.8137453960,438604.6905436700,일반세탁업,0,0,0,,0,,,,,,,,,,,N
19890828,현대세탁소,폐업,폐업,20070403,031-492-5195,1.00,,경기도 시흥시 거모동 1517-4,,,,일반세탁업,,,일반세탁업,,,,,,,,,,,,,,,,N
19890918,현대세탁소,폐업,폐업,20010915,031-691-2315,1.00,경기도 시흥시 포도원로 54-54,경기도 시흥시 신천동 485-2,14953,37.4318429771,126.7772318759,일반세탁업,180216.6604938290,436686.8451635640,일반세탁업,0,0,0,,0,,,,,,,,,,,N
19970922,현대컴퓨터크리닝,폐업,폐업,19990723,02-686-8600,1.00,경기도 시흥시 매화로 143,경기도 시흥시 도창동 65-0 에이스상가203호,14942,37.4088930306,126.8179726037,일반세탁업,183758.0886650690,434203.8485741940,일반세탁업,0,0,0,,0,,,,,,,,,,,N
19880627,현진세탁,폐업,폐업,19920103,,1.00,,경기도 시흥시 대야동 349-1,14906,,,일반세탁업,,,일반세탁업,0,0,0,,0,,,,,,,,,,,N
19920129,현진세탁소,폐업,폐업,19921217,031-692-6756,1.00,경기도 시흥시 복지로99번길 13-1,경기도 시흥시 대야동 441-2,14906,37.4487004818,126.7909755123,일반세탁업,181434.4610377100,438526.0853375980,일반세탁업,0,0,0,,0,,,,,,,,,,,N
19930202,현진세탁소,폐업,폐업,20010915,,1.00,경기도 시흥시 복지로93번길 16-1,경기도 시흥시 대야동 441-7,14906,37.4488248329,126.7906690888,일반세탁업,181407.5633306230,438541.0749953240,일반세탁업,0,0,0,,0,,,,,,,,,,,N
19880627,협신사,폐업,폐업,19901119,,1.00,,경기도 시흥시 대야동 109-37,14900,,,일반세탁업,,,일반세탁업,0,0,0,,0,,,,,,,,,,,N
19890809,형제세탁소,폐업,폐업,19981114,,1.00,경기도 시흥시 대야로23번길 1,경기도 시흥시 대야동 472-5,14905,37.4455371553,126.7895470146,일반세탁업,181307.4145827180,438174.2950463840,일반세탁업,0,0,0,,0,,,,,,,,,,,N
19991022,형제세탁소,폐업,폐업,20030930,031-697-7737,1.00,,경기도 시흥시 장곡동 820 연성2지구숲속마을(아)상가204호,,,,일반세탁업,,,일반세탁업,,,,,,,,,,,,,,,,N
20040924,형제세탁소,폐업,폐업,20190920,031-317-7737,21.42,경기도 시흥시 장곡로 71 (장곡동),경기도 시흥시 장곡동 807 숲속마을 아파트 주상가동,15002,37.3794232534,126.7807623494,일반세탁업,180568.7127747960,430740.6704052580,일반세탁업,,,2,2,,,,,,,,,,,,N
19970813,형통컴퓨터세탁,영업/정상,영업,,,23.43,"경기도 시흥시 복지로71번길 25-1 (대야동, 1층)",경기도 시흥시 대야동 465-1 1층,14905,37.4467070465,126.7877384202,일반세탁업,181147.3923584060,438305.7257633610,일반세탁업,,,,,,,,,,,,,,,,N
20040721,혜성세탁,폐업,폐업,20120222,031-311-9677,28.40,경기도 시흥시 수인로3394번길 9,경기도 시흥시 신천동 716-11,14904,37.4425915864,126.7823964411,일반세탁업,180672.7909735380,437851.0759721540,일반세탁업,,,,,,,,,,,,,,,,N
20010716,혜성세탁소,폐업,폐업,20240111,,33.00,경기도 시흥시 신천6길 48 (신천동),경기도 시흥시 신천동 815-22,14947,37.4374744725,126.7769064272,일반세탁업,180186.3876800580,437282.6117951740,일반세탁업,,,,,,,,,,,,,,,,N
20020906,혜성세탁소,폐업,폐업,20040715,031-311-9677,.00,경기도 시흥시 수인로3394번길 9,경기도 시흥시 신천동 716-11,14904,37.4425915864,126.7823964411,일반세탁업,180672.7909735380,437851.0759721540,일반세탁업,,,,,,,,,,,,,,,,N
20010516,호반세탁소,영업/정상,영업,,031-497-3663,21.30,"경기도 시흥시 배곧4로 106-25, 1145동 1층 101호 (정왕동, 호반베르디움 센트로하임아파트)",경기도 시흥시 정왕동 2503 호반베르디움 센트로하임아파트,15010,37.3704292592,126.7322738132,일반세탁업,176361.1152019920,429850.0814054000,일반세탁업,,,,,,,,,,,,,,,,N
20040319,호반세탁소,영업/정상,영업,,031-498-1275,32.00,"경기도 시흥시 서울대학로 328, 상가1동 201호 (정왕동, 호반더프라임)",경기도 시흥시 정왕동 2501 호반더프라임 상가동 201호,15010,37.3719477129,126.7287572112,일반세탁업,175969.6982039730,430137.3911352720,일반세탁업,,,,,,,,,,,,,,,,N
20200422,호수명품세탁,영업/정상,영업,,,34.32,"경기도 시흥시 목감남서로 92-12, 103호 (산현동, 호수품애)",경기도 시흥시 산현동 514 호수품애,14989,37.3739415941,126.8440967215,일반세탁업,186062.4085326620,430256.5262747700,일반세탁업,0,0,0,0,0,0,,,,,1,0,0,2,,N
19890309,화경세탁소,폐업,폐업,20221005,031-692-0542,13.20,경기도 시흥시 복지로43번길 22-2 (대야동),경기도 시흥시 대야동 486-9,14909,37.4443487092,126.7867772537,일반세탁업,181061.5013618770,438043.5466180290,일반세탁업,,,,,,,,,,,,,,,,N
19990625,화성세탁소,폐업,폐업,20010516,031-498-7440,1.00,경기도 시흥시 역전로 375-10,경기도 시흥시 정왕동 1874-2 화성A상가204호,15023,37.3582739193,126.7342946902,일반세탁업,176363.7617201110,428582.2772386480,일반세탁업,0,0,0,,0,,,,,,,,,,,N
20041228,화성세탁소,폐업,폐업,20171229,031-498-7440,23.01,경기도 시흥시 역전로 375-8 (정왕동),경기도 시흥시 정왕동 1874-2 화성상가 204호,15023,37.3582739193,126.7342946902,일반세탁업,176363.7617201110,428582.2772386480,일반세탁업,,,,,,,,,,,,,,,,N
19990424,화성세탁소,폐업,폐업,19990517,031-426-2691,1.00,,경기도 시흥시 정왕동 1874-1,15023,37.3603889207,126.7337989281,일반세탁업,176394.9205736680,428711.6765068540,일반세탁업,0,0,0,,0,,,,,,,,,,,N
20010516,화성세탁소,폐업,폐업,20041227,031-498-7440,1.00,경기도 시흥시 역전로 375-10,경기도 시흥시 정왕동 1874-2 화성(아)상가204,15023,37.3582739193,126.7342946902,일반세탁업,176363.7617201110,428582.2772386480,일반세탁업,,,,,,,,,,,,,,,,N
19980206,화성세탁소,폐업,폐업,19981128,,1.00,,경기도 시흥시 정왕동 0-0 시화지구58-6-12화성A상가204,15119,,,일반세탁업,,,일반세탁업,0,0,0,,0,,,,,,,,,,,N
19930727,화이트드라이크리닝,폐업,폐업,20010515,031-694-7859,1.00,경기도 시흥시 수인로3395번길 35,경기도 시흥시 신천동 378-2,14948,37.4385377911,126.7812934492,일반세탁업,180575.2544278150,437404.9452135290,일반세탁업,0,0,0,,0,,,,,,,,,,,N
20080312,화이트서비스,폐업,폐업,20151202,031-475-1903,167.28,경기도 시흥시 수인로2431번길 8 (논곡동),경기도 시흥시 논곡동 286-3,14982,37.3956304053,126.8559171019,일반세탁업,187170.9870277640,432622.0002249380,일반세탁업,,,,,,,,,,,,,,,,N
20010515,화이트세탁소,폐업,폐업,20201228,,48.17,"경기도 시흥시 신천2길 18-1 (신천동,1층)",경기도 시흥시 신천동 753-10 1층,14948,37.4392355131,126.7804163607,일반세탁업,180497.4270816430,437477.3120806030,일반세탁업,,,,,,,,,,,,,,,,N
20120326,화이트슈즈케어,폐업,폐업,20180716,031-434-0887,52.80,"경기도 시흥시 정왕천로355번길 46-1, 1층 (정왕동)",경기도 시흥시 정왕동 1595-9 1층호,15057,37.3430228220,126.7441134993,운동화전문세탁업,177254.5000000000,426807.6000000000,운동화전문세탁업,,,,,,,,,,,,,,,,N
19880706,황제세탁소,영업/정상,영업,,031-403-4143,38.10,경기도 시흥시 동서로 1095-1 (논곡동),경기도 시흥시 논곡동 160-29,14984,37.3868476858,126.8602735302,일반세탁업,187528.0735823030,431661.7853979460,일반세탁업,,,,,,,,,,,,,,,,N
20050617,회복세탁,폐업,폐업,,031-313-6278,24.40,경기도 시흥시 검바위2로 45-1,경기도 시흥시 은행동 260-2 1층,14920,37.4331751324,126.7963440656,일반세탁업,181904.3797255030,436802.3336905770,일반세탁업,,,,,,,,,,,,,,,,N
20051213,희망세탁,폐업,폐업,20090702,031-431-7137,27.45,경기도 시흥시 큰솔로 42-1,경기도 시흥시 정왕동 1395,15060,37.3412665457,126.7528464994,일반세탁업,178028.8367454990,426611.1044450240,일반세탁업,,,,,,,,,,,,,,,,N
20090709,희망세탁,영업/정상,영업,,031-431-7137,27.45,"경기도 시흥시 큰솔로 42-1 (정왕동,103호)",경기도 시흥시 정왕동 1395-0 103호,15060,37.3412665457,126.7528464994,일반세탁업,178028.8367454990,426611.1044450240,일반세탁업,0,0,0,0,0,0,,,,,0,,,0,,N
20050805,희망세탁소,폐업,폐업,20120601,031-480-8110,46.80,경기도 시흥시 수인로2421번길 8,경기도 시흥시 논곡동 242-1 1층,14982,37.3941002432,126.8563143058,일반세탁업,187204.0959579860,432455.1132711690,일반세탁업,,,,,,,,,,,,,,,,N
20031107,희망세탁소,폐업,폐업,20051010,031-498-3283,27.57,경기도 시흥시 다솜마을2길 35,경기도 시흥시 정왕동 1811-7 102호,15054,37.3501320766,126.7437147955,일반세탁업,177222.2469313230,427595.8870714650,일반세탁업,,,,,,,,,,,,,,,,N
19970109,희주세탁소,영업/정상,영업,,,18.60,경기도 시흥시 신천8길 19 (신천동),경기도 시흥시 신천동 827-2 상아(아)상가 106호,14947,37.4363410727,126.7787598290,일반세탁업,180367.9575724850,437130.2038074950,일반세탁업,0,0,0,0,0,0,,,,,0,,,0,,N
20151208,힐링세탁소,영업/정상,영업,,031-313-2800,29.50,"경기도 시흥시 시흥대로 1133 (신천동, 휴먼시아상가 103호)",경기도 시흥시 신천동 946,14950,37.4371797542,126.7907451038,일반세탁업,181388.9084095360,437165.2524809370,일반세탁업,0,0,,,,,,,,,3,0,0,0,,N
