secrtlgt_loc_nm_info,instl_tnf,refine_road_nm_addr,refine_lotno_addr,refine_wgs84_lat,refine_wgs84_logt,instl_yr,instl_div_nm,mnginst_telno,mnginst_nm,dat_crtr_ymd
정왕본동239,1,,,,,2011,,031-310-3144,경기도 시흥시청,20260224
정왕본동240,1,,,,,2011,,031-310-3144,경기도 시흥시청,20260224
정왕본동241,1,,,,,2011,,031-310-3144,경기도 시흥시청,20260224
정왕본동242,1,,,,,2011,,031-310-3144,경기도 시흥시청,20260224
정왕본동245,1,,,,,2011,,031-310-3144,경기도 시흥시청,20260224
정왕본동247,1,,,,,2011,,031-310-3144,경기도 시흥시청,20260224
정왕본동249,1,,,,,2011,,031-310-3144,경기도 시흥시청,20260224
정왕본동307,1,,,,,2011,,031-310-3144,경기도 시흥시청,20260224
정왕본동306,1,,,,,2011,,031-310-3144,경기도 시흥시청,20260224
정왕본동309,1,,,,,2011,,031-310-3144,경기도 시흥시청,20260224
정왕본동310,1,,,,,2011,,031-310-3144,경기도 시흥시청,20260224
정왕본동311,1,,,,,2011,,031-310-3144,경기도 시흥시청,20260224
정왕본동312,1,,,,,2011,,031-310-3144,경기도 시흥시청,20260224
정왕1동21U079,1,,,,,2011,,031-310-3144,경기도 시흥시청,20260224
정왕1동21U087,1,,,,,2011,,031-310-3144,경기도 시흥시청,20260224
정왕1동21U111,1,,,,,2011,,031-310-3144,경기도 시흥시청,20260224
정왕1동21U133,1,,,,,2011,,031-310-3144,경기도 시흥시청,20260224
정왕1동21U134,1,,,,,2011,,031-310-3144,경기도 시흥시청,20260224
정왕1동21U135,1,,,,,2011,,031-310-3144,경기도 시흥시청,20260224
정왕1동21U166,1,,,,,2011,,031-310-3144,경기도 시흥시청,20260224
정왕1동21U185,1,,,,,2011,,031-310-3144,경기도 시흥시청,20260224
정왕1동21U236,1,,,,,2011,,031-310-3144,경기도 시흥시청,20260224
정왕1동001,1,,,,,2011,,031-310-3144,경기도 시흥시청,20260224
정왕1동002,1,,,,,2011,,031-310-3144,경기도 시흥시청,20260224
정왕1동003,1,,,,,2011,,031-310-3144,경기도 시흥시청,20260224
정왕1동004,1,,,,,2011,,031-310-3144,경기도 시흥시청,20260224
정왕1동005,1,,,,,2011,,031-310-3144,경기도 시흥시청,20260224
정왕1동006,1,,,,,2011,,031-310-3144,경기도 시흥시청,20260224
정왕1동007,1,,,,,2011,,031-310-3144,경기도 시흥시청,20260224
정왕1동008,1,,,,,2011,,031-310-3144,경기도 시흥시청,20260224
정왕본동007,1,,,,,2011,,031-310-3144,경기도 시흥시청,20260224
정왕1동013,1,,,,,2011,,031-310-3144,경기도 시흥시청,20260224
정왕1동015,1,,,,,2011,,031-310-3144,경기도 시흥시청,20260224
정왕1동016,1,,,,,2011,,031-310-3144,경기도 시흥시청,20260224
정왕1동017,1,,,,,2011,,031-310-3144,경기도 시흥시청,20260224
정왕1동018,1,,,,,2011,,031-310-3144,경기도 시흥시청,20260224
정왕1동019,1,,,,,2011,,031-310-3144,경기도 시흥시청,20260224
정왕본동20U215,1,,,,,2011,,031-310-3144,경기도 시흥시청,20260224
신현353,1,,,,,2011,,031-310-3144,경기도 시흥시청,20260224
신현354,1,,,,,2011,,031-310-3144,경기도 시흥시청,20260224
신현055,1,,,,,2011,,031-310-3144,경기도 시흥시청,20260224
신현217,1,,,,,2011,,031-310-3144,경기도 시흥시청,20260224
신현218,1,,,,,2011,,031-310-3144,경기도 시흥시청,20260224
신현220,1,,,,,2011,,031-310-3144,경기도 시흥시청,20260224
신현368,1,,,,,2011,,031-310-3144,경기도 시흥시청,20260224
신현232,1,,,,,2011,,031-310-3144,경기도 시흥시청,20260224
은행391,1,,,,,2011,,031-310-3144,경기도 시흥시청,20260224
매화461,1,,,,,2011,,031-310-3144,경기도 시흥시청,20260224
매화483,1,,,,,2011,,031-310-3144,경기도 시흥시청,20260224
매화동24155,1,,,,,2011,,031-310-3144,경기도 시흥시청,20260224
정왕본동22019,1,,,,,2022,,031-310-3144,경기도 시흥시청,20260224
정왕본동814,1,,,,,2022,,031-310-3144,경기도 시흥시청,20260224
신천동N22013,1,,,,,2022,,031-310-3144,경기도 시흥시청,20260224
신천동N22014,1,,,,,2022,,031-310-3144,경기도 시흥시청,20260224
신현동N263,1,,,,,2022,,031-310-3144,경기도 시흥시청,20260224
신현동N264,1,,,,,2022,,031-310-3144,경기도 시흥시청,20260224
신현동N269,1,,,,,2022,,031-310-3144,경기도 시흥시청,20260224
신천동N22006,1,,,,,2022,,031-310-3144,경기도 시흥시청,20260224
신천동N22007,1,,,,,2022,,031-310-3144,경기도 시흥시청,20260224
신천동N22008,1,,,,,2022,,031-310-3144,경기도 시흥시청,20260224
신천동N22009,1,,,,,2022,,031-310-3144,경기도 시흥시청,20260224
신천동N22010,1,,,,,2022,,031-310-3144,경기도 시흥시청,20260224
신천동N22011,1,,,,,2022,,031-310-3144,경기도 시흥시청,20260224
신천동N22012,1,,,,,2022,,031-310-3144,경기도 시흥시청,20260224
정왕본동22017,1,,,,,2022,,031-310-3144,경기도 시흥시청,20260224
연성동N085,1,,,,,2022,,031-310-3144,경기도 시흥시청,20260224
연성동N086,1,,,,,2022,,031-310-3144,경기도 시흥시청,20260224
연성동N084,1,,,,,2022,,031-310-3144,경기도 시흥시청,20260224
연성동N098,1,,,,,2022,,031-310-3144,경기도 시흥시청,20260224
연성동N099,1,,,,,2022,,031-310-3144,경기도 시흥시청,20260224
신현동N270,1,,,,,2022,,031-310-3144,경기도 시흥시청,20260224
신현동N271,1,,,,,2022,,031-310-3144,경기도 시흥시청,20260224
신현동N272,1,,,,,2022,,031-310-3144,경기도 시흥시청,20260224
신현동N273,1,,,,,2022,,031-310-3144,경기도 시흥시청,20260224
능곡동22002,1,,,,,2022,,031-310-3144,경기도 시흥시청,20260224
목감동22020,1,,,,,2022,,031-310-3144,경기도 시흥시청,20260224
신현동19S421,1,,,,,2022,,031-310-3144,경기도 시흥시청,20260224
신현동N262,1,,,,,2022,,031-310-3144,경기도 시흥시청,20260224
정왕본동S006,1,,,,,2022,,031-310-3144,경기도 시흥시청,20260224
정왕본동S007,1,,,,,2022,,031-310-3144,경기도 시흥시청,20260224
정왕본동S001,1,,,,,2022,,031-310-3144,경기도 시흥시청,20260224
정왕본동S008,1,,,,,2022,,031-310-3144,경기도 시흥시청,20260224
연성동N080,1,,,,,2022,,031-310-3144,경기도 시흥시청,20260224
정왕본동22015,1,,,,,2022,,031-310-3144,경기도 시흥시청,20260224
목감동22014,1,,,,,2022,,031-310-3144,경기도 시흥시청,20260224
과림동 22017,1,,,,,2022,,031-310-3144,경기도 시흥시청,20260224
과림동 22018,1,,,,,2022,,031-310-3144,경기도 시흥시청,20260224
과림동 22019,1,,,,,2022,,031-310-3144,경기도 시흥시청,20260224
과림동 22020,1,,,,,2022,,031-310-3144,경기도 시흥시청,20260224
과림동 22011,1,,,,,2022,,031-310-3144,경기도 시흥시청,20260224
과림동 22012,1,,,,,2022,,031-310-3144,경기도 시흥시청,20260224
과림동 22013,1,,,,,2022,,031-310-3144,경기도 시흥시청,20260224
대야동22005,1,,,,,2022,,031-310-3144,경기도 시흥시청,20260224
신천동22008,1,,,,,2022,,031-310-3144,경기도 시흥시청,20260224
과림동N290,1,,,,,2022,,031-310-3144,경기도 시흥시청,20260224
과림동22003,1,,,,,2022,,031-310-3144,경기도 시흥시청,20260224
은행동22014,1,,,,,2022,,031-310-3144,경기도 시흥시청,20260224
월곶동19005,1,,,,,2022,,031-310-3144,경기도 시흥시청,20260224
신천동,1,,,,,2022,,031-310-3144,경기도 시흥시청,20260224
월곶동N002,1,,,,,2022,,031-310-3144,경기도 시흥시청,20260224
월곶동N098,1,,,,,2022,,031-310-3144,경기도 시흥시청,20260224
월곶동N025,1,,,,,2022,,031-310-3144,경기도 시흥시청,20260224
월곶동18008,1,,,,,2022,,031-310-3144,경기도 시흥시청,20260224
월곶동N128,1,,,,,2022,,031-310-3144,경기도 시흥시청,20260224
월곶동N127,1,,,,,2022,,031-310-3144,경기도 시흥시청,20260224
군자동N239,1,,,,,2022,,031-310-3144,경기도 시흥시청,20260224
월곶동N123,1,,,,,2022,,031-310-3144,경기도 시흥시청,20260224
월곶동N102,1,,,,,2022,,031-310-3144,경기도 시흥시청,20260224
월곶동19003,1,,,,,2022,,031-310-3144,경기도 시흥시청,20260224
월곶동N124,1,,,,,2022,,031-310-3144,경기도 시흥시청,20260224
월곶동19002,1,,,,,2022,,031-310-3144,경기도 시흥시청,20260224
월곶동19001,1,,,,,2022,,031-310-3144,경기도 시흥시청,20260224
정왕본동S009,1,,,,,2022,,031-310-3144,경기도 시흥시청,20260224
정왕본동S002,1,,,,,2022,,031-310-3144,경기도 시흥시청,20260224
정왕본동S003,1,,,,,2022,,031-310-3144,경기도 시흥시청,20260224
정왕본동S010,1,,,,,2022,,031-310-3144,경기도 시흥시청,20260224
정왕본동S011,1,,,,,2022,,031-310-3144,경기도 시흥시청,20260224
정왕본동S012,1,,,,,2022,,031-310-3144,경기도 시흥시청,20260224
정왕본동S013,1,,,,,2022,,031-310-3144,경기도 시흥시청,20260224
정왕본동S014,1,,,,,2022,,031-310-3144,경기도 시흥시청,20260224
정왕본동S015,1,,,,,2022,,031-310-3144,경기도 시흥시청,20260224
정왕본동S016,1,,,,,2022,,031-310-3144,경기도 시흥시청,20260224
정왕본동S017,1,,,,,2022,,031-310-3144,경기도 시흥시청,20260224
정왕본동S004,1,,,,,2022,,031-310-3144,경기도 시흥시청,20260224
대야동22002,1,,,,,2022,,031-310-3144,경기도 시흥시청,20260224
정왕동22009,1,,,,,2022,,031-310-3144,경기도 시흥시청,20260224
정왕동22004,1,,,,,2022,,031-310-3144,경기도 시흥시청,20260224
정왕동22005,1,,,,,2022,,031-310-3144,경기도 시흥시청,20260224
정왕동22006,1,,,,,2022,,031-310-3144,경기도 시흥시청,20260224
정왕동22007,1,,,,,2022,,031-310-3144,경기도 시흥시청,20260224
정왕동22008,1,,,,,2022,,031-310-3144,경기도 시흥시청,20260224
은행동N174,1,,,,,2022,,031-310-3144,경기도 시흥시청,20260224
매화동19S279,1,,,,,2022,,031-310-3144,경기도 시흥시청,20260224
김표찰무29,1,,,,,2021,,031-310-3144,경기도 시흥시청,20260224
정왕본동789,1,,,,,2021,,031-310-3144,경기도 시흥시청,20260224
정왕본동21U050,1,,,,,2021,,031-310-3144,경기도 시흥시청,20260224
정왕본동21U051,1,,,,,2021,,031-310-3144,경기도 시흥시청,20260224
매화동20014,1,,,,,2020,,031-310-3144,경기도 시흥시청,20260224
매화동20017,1,,,,,2020,,031-310-3144,경기도 시흥시청,20260224
매화동20013,1,,,,,2020,,031-310-3144,경기도 시흥시청,20260224
대야동N210,1,,,,,2020,,031-310-3144,경기도 시흥시청,20260224
매화동20S021,1,,,,,2020,,031-310-3144,경기도 시흥시청,20260224
매화동20S023 x2,1,,,,,2020,,031-310-3144,경기도 시흥시청,20260224
매화동20S022,1,,,,,2020,,031-310-3144,경기도 시흥시청,20260224
매화동20S027,1,,,,,2020,,031-310-3144,경기도 시흥시청,20260224
매화동20S026,1,,,,,2020,,031-310-3144,경기도 시흥시청,20260224
매화동20S025,1,,,,,2020,,031-310-3144,경기도 시흥시청,20260224
매화동20S024,1,,,,,2020,,031-310-3144,경기도 시흥시청,20260224
매화동20S030,1,,,,,2020,,031-310-3144,경기도 시흥시청,20260224
군자동20008,1,,,,,2020,,031-310-3144,경기도 시흥시청,20260224
매화동24080,1,,,,,2020,,031-310-3144,경기도 시흥시청,20260224
매화동24081,1,,,,,2020,,031-310-3144,경기도 시흥시청,20260224
정왕본동N262,1,,,,,2020,,031-310-3144,경기도 시흥시청,20260224
정왕본동N263,1,,,,,2020,,031-310-3144,경기도 시흥시청,20260224
정왕본동N264,1,,,,,2020,,031-310-3144,경기도 시흥시청,20260224
매화동22022,1,,,,,2020,,031-310-3144,경기도 시흥시청,20260224
정왕1동440,1,,,,,2020,,031-310-3144,경기도 시흥시청,20260224
정왕1동441,1,,,,,2020,,031-310-3144,경기도 시흥시청,20260224
정왕1동442,1,,,,,2020,,031-310-3144,경기도 시흥시청,20260224
정왕본동N274,1,,,,,2020,,031-310-3144,경기도 시흥시청,20260224
정왕본동21U087,1,,,,,2020,,031-310-3144,경기도 시흥시청,20260224
정왕본동21U111,1,,,,,2020,,031-310-3144,경기도 시흥시청,20260224
정왕본동N272,1,,,,,2020,,031-310-3144,경기도 시흥시청,20260224
군자동20006,1,,,,,2020,,031-310-3144,경기도 시흥시청,20260224
정왕본동N270,1,,,,,2020,,031-310-3144,경기도 시흥시청,20260224
정왕본동N271,1,,,,,2020,,031-310-3144,경기도 시흥시청,20260224
매화동19S081,1,,,,,2020,,031-310-3144,경기도 시흥시청,20260224
정왕본동N267,1,,,,,2020,,031-310-3144,경기도 시흥시청,20260224
목감동N162,1,,,,,2020,,031-310-3144,경기도 시흥시청,20260224
목감동N163,1,,,,,2020,,031-310-3144,경기도 시흥시청,20260224
목감동N164,1,,,,,2020,,031-310-3144,경기도 시흥시청,20260224
목감동N166,1,,,,,2020,,031-310-3144,경기도 시흥시청,20260224
목감동N165,1,,,,,2020,,031-310-3144,경기도 시흥시청,20260224
목감등N160,1,,,,,2020,,031-310-3144,경기도 시흥시청,20260224
목감동N161,1,,,,,2020,,031-310-3144,경기도 시흥시청,20260224
정왕본동N269,1,,,,,2020,,031-310-3144,경기도 시흥시청,20260224
정왕본동21U148,1,,,,,2020,,031-310-3144,경기도 시흥시청,20260224
매화동24064,1,,,,,2020,,031-310-3144,경기도 시흥시청,20260224
매화동N111,1,,,,,2020,,031-310-3144,경기도 시흥시청,20260224
목감동N157,1,,,,,2020,,031-310-3144,경기도 시흥시청,20260224
목감동20S002,1,,,,,2020,,031-310-3144,경기도 시흥시청,20260224
신현동19S191,1,,,,,2020,,031-310-3144,경기도 시흥시청,20260224
군자동19U005,1,,,,,2020,,031-310-3144,경기도 시흥시청,20260224
군자동19U006,1,,,,,2020,,031-310-3144,경기도 시흥시청,20260224
군자동19U007,1,,,,,2020,,031-310-3144,경기도 시흥시청,20260224
군자동19U008,1,,,,,2020,,031-310-3144,경기도 시흥시청,20260224
군자동19U009,1,,,,,2020,,031-310-3144,경기도 시흥시청,20260224
군자동19U010,1,,,,,2020,,031-310-3144,경기도 시흥시청,20260224
군자동19U011,1,,,,,2020,,031-310-3144,경기도 시흥시청,20260224
목감동N158,1,,,,,2020,,031-310-3144,경기도 시흥시청,20260224
표찰무-03,1,,,,,2021,,031-310-3144,경기도 시흥시청,20260224
은행동N112,1,,,,,2020,,031-310-3144,경기도 시흥시청,20260224
은행동N108,1,,,,,2020,,031-310-3144,경기도 시흥시청,20260224
은행동N107,1,,,,,2020,,031-310-3144,경기도 시흥시청,20260224
은행동N106,1,,,,,2020,,031-310-3144,경기도 시흥시청,20260224
은행동N109,1,,,,,2020,,031-310-3144,경기도 시흥시청,20260224
신현동19S412,1,,,,,2020,,031-310-3144,경기도 시흥시청,20260224
신현동19S413,1,,,,,2020,,031-310-3144,경기도 시흥시청,20260224
목감동20003,1,,,,,2020,,031-310-3144,경기도 시흥시청,20260224
매화동N105,1,,,,,2020,,031-310-3144,경기도 시흥시청,20260224
은행동N20002,1,,,,,2020,,031-310-3144,경기도 시흥시청,20260224
목감동19S199,1,,,,,2020,,031-310-3144,경기도 시흥시청,20260224
매화동19S132,1,,,,,2020,,031-310-3144,경기도 시흥시청,20260224
매화동19S189,1,,,,,2020,,031-310-3144,경기도 시흥시청,20260224
대야056B,1,,,,,2020,,031-310-3144,경기도 시흥시청,20260224
대야057B,1,,,,,2020,,031-310-3144,경기도 시흥시청,20260224
대야093B,1,,,,,2020,,031-310-3144,경기도 시흥시청,20260224
대야B1,1,,,,,2020,,031-310-3144,경기도 시흥시청,20260224
대야067B,1,,,,,2020,,031-310-3144,경기도 시흥시청,20260224
대야058B,1,,,,,2020,,031-310-3144,경기도 시흥시청,20260224
대야091B,1,,,,,2020,,031-310-3144,경기도 시흥시청,20260224
대야060B,1,,,,,2020,,031-310-3144,경기도 시흥시청,20260224
대야061B,1,,,,,2020,,031-310-3144,경기도 시흥시청,20260224
대야084B,1,,,,,2020,,031-310-3144,경기도 시흥시청,20260224
대야085B,1,,,,,2020,,031-310-3144,경기도 시흥시청,20260224
대야N158,1,,,,,2020,,031-310-3144,경기도 시흥시청,20260224
대야064B,1,,,,,2020,,031-310-3144,경기도 시흥시청,20260224
대야088B,1,,,,,2020,,031-310-3144,경기도 시흥시청,20260224
대야109B,1,,,,,2020,,031-310-3144,경기도 시흥시청,20260224
대야110B,1,,,,,2020,,031-310-3144,경기도 시흥시청,20260224
대야111B,1,,,,,2020,,031-310-3144,경기도 시흥시청,20260224
대야112B,1,,,,,2020,,031-310-3144,경기도 시흥시청,20260224
대야052B,1,,,,,2020,,031-310-3144,경기도 시흥시청,20260224
대야051B,1,,,,,2020,,031-310-3144,경기도 시흥시청,20260224
대야049B,1,,,,,2020,,031-310-3144,경기도 시흥시청,20260224
정왕1동443,1,,,,,2020,,031-310-3144,경기도 시흥시청,20260224
매화동N110,1,,,,,2020,,031-310-3144,경기도 시흥시청,20260224
매화동N109,1,,,,,2020,,031-310-3144,경기도 시흥시청,20260224
매화동N108,1,,,,,2020,,031-310-3144,경기도 시흥시청,20260224
목감동N152,1,,,,,2020,,031-310-3144,경기도 시흥시청,20260224
목감동N149,1,,,,,2020,,031-310-3144,경기도 시흥시청,20260224
은행동N113,1,,,,,2020,,031-310-3144,경기도 시흥시청,20260224
정왕1동N085,1,,,,,2020,,031-310-3144,경기도 시흥시청,20260224
정왕1동N086,1,,,,,2020,,031-310-3144,경기도 시흥시청,20260224
신현동N052,1,,,,,2018,,031-310-3144,경기도 시흥시청,20260224
정왕3동N009,1,,,,,2018,,031-310-3144,경기도 시흥시청,20260224
은행151,1,,,,,2014,,031-310-3144,경기도 시흥시청,20260224
은행152,1,,,,,2014,,031-310-3144,경기도 시흥시청,20260224
은행153,1,,,,,2014,,031-310-3144,경기도 시흥시청,20260224
은행154,1,,,,,2014,,031-310-3144,경기도 시흥시청,20260224
은행155,1,,,,,2014,,031-310-3144,경기도 시흥시청,20260224
은행158,1,,,,,2014,,031-310-3144,경기도 시흥시청,20260224
은행159,1,,,,,2014,,031-310-3144,경기도 시흥시청,20260224
은행401,1,,,,,2014,,031-310-3144,경기도 시흥시청,20260224
은행146,1,,,,,2014,,031-310-3144,경기도 시흥시청,20260224
과림623,1,,,,,2014,,031-310-3144,경기도 시흥시청,20260224
과림625,1,,,,,2014,,031-310-3144,경기도 시흥시청,20260224
과림626,1,,,,,2014,,031-310-3144,경기도 시흥시청,20260224
과림동629,1,,,,,2014,,031-310-3144,경기도 시흥시청,20260224
과림630,1,,,,,2014,,031-310-3144,경기도 시흥시청,20260224
과림631,1,,,,,2014,,031-310-3144,경기도 시흥시청,20260224
과림632,1,,,,,2014,,031-310-3144,경기도 시흥시청,20260224
군자582,1,,,,,2015,,031-310-3144,경기도 시흥시청,20260224
목감614,1,,,,,2014,,031-310-3144,경기도 시흥시청,20260224
목감615,1,,,,,2014,,031-310-3144,경기도 시흥시청,20260224
목감616,1,,,,,2014,,031-310-3144,경기도 시흥시청,20260224
은행394,1,,,,,2014,,031-310-3144,경기도 시흥시청,20260224
군자동24085,1,,,,,2014,,031-310-3144,경기도 시흥시청,20260224
군자동24086,1,,,,,2014,,031-310-3144,경기도 시흥시청,20260224
목감600,1,,,,,2014,,031-310-3144,경기도 시흥시청,20260224
목감596,1,,,,,2014,,031-310-3144,경기도 시흥시청,20260224
목감597,1,,,,,2014,,031-310-3144,경기도 시흥시청,20260224
표찰무 - 05,1,,,,,2013,,031-310-3144,경기도 시흥시청,20260224
군자584,1,,,,,2015,,031-310-3144,경기도 시흥시청,20260224
정왕1동21U094,1,,,,,2013,,031-310-3144,경기도 시흥시청,20260224
정왕1동21U137,1,,,,,2013,,031-310-3144,경기도 시흥시청,20260224
정왕1동21U138,1,,,,,2013,,031-310-3144,경기도 시흥시청,20260224
정왕1동21U139,1,,,,,2013,,031-310-3144,경기도 시흥시청,20260224
정왕1동21U140,1,,,,,2013,,031-310-3144,경기도 시흥시청,20260224
정왕1동21U067,1,,,,,2013,,031-310-3144,경기도 시흥시청,20260224
정왕1동21U068,1,,,,,2013,,031-310-3144,경기도 시흥시청,20260224
정왕1동21U095,1,,,,,2013,,031-310-3144,경기도 시흥시청,20260224
정왕1동21U096,1,,,,,2013,,031-310-3144,경기도 시흥시청,20260224
정왕1동21U098,1,,,,,2013,,031-310-3144,경기도 시흥시청,20260224
정왕1동21U100,1,,,,,2013,,031-310-3144,경기도 시흥시청,20260224
정왕1동21U103,1,,,,,2013,,031-310-3144,경기도 시흥시청,20260224
정왕1동21U104,1,,,,,2013,,031-310-3144,경기도 시흥시청,20260224
정왕1동21U105,1,,,,,2013,,031-310-3144,경기도 시흥시청,20260224
정왕1동21U106,1,,,,,2013,,031-310-3144,경기도 시흥시청,20260224
정왕1동21U107,1,,,,,2013,,031-310-3144,경기도 시흥시청,20260224
정왕1동21U109,1,,,,,2013,,031-310-3144,경기도 시흥시청,20260224
정왕1동21U120,1,,,,,2013,,031-310-3144,경기도 시흥시청,20260224
정왕1동303,1,,,,,2013,,031-310-3144,경기도 시흥시청,20260224
정왕1동306,1,,,,,2013,,031-310-3144,경기도 시흥시청,20260224
정왕1동21U115,1,,,,,2013,,031-310-3144,경기도 시흥시청,20260224
대야871,1,,,,,2013,,031-310-3144,경기도 시흥시청,20260224
신현783,1,,,,,2013,,031-310-3144,경기도 시흥시청,20260224
신천동19S308,1,,,,,2013,,031-310-3144,경기도 시흥시청,20260224
대야866,1,,,,,2013,,031-310-3144,경기도 시흥시청,20260224
대야867,1,,,,,2013,,031-310-3144,경기도 시흥시청,20260224
신천동 19S441,1,,,,,2013,,031-310-3144,경기도 시흥시청,20260224
신현780,1,,,,,2013,,031-310-3144,경기도 시흥시청,20260224
신현781,1,,,,,2013,,031-310-3144,경기도 시흥시청,20260224
신현779,1,,,,,2013,,031-310-3144,경기도 시흥시청,20260224
정왕1동334,1,,,,,2013,,031-310-3144,경기도 시흥시청,20260224
정왕1동21U113,1,,,,,2013,,031-310-3144,경기도 시흥시청,20260224
정왕1동21U088,1,,,,,2013,,031-310-3144,경기도 시흥시청,20260224
정왕1동21U112,1,,,,,2013,,031-310-3144,경기도 시흥시청,20260224
정왕1동21U121,1,,,,,2013,,031-310-3144,경기도 시흥시청,20260224
정왕1동21U127,1,,,,,2013,,031-310-3144,경기도 시흥시청,20260224
정왕1동21U128,1,,,,,2013,,031-310-3144,경기도 시흥시청,20260224
정왕1동21U129,1,,,,,2013,,031-310-3144,경기도 시흥시청,20260224
정왕1동21U130,1,,,,,2013,,031-310-3144,경기도 시흥시청,20260224
정왕1동21U132,1,,,,,2013,,031-310-3144,경기도 시흥시청,20260224
정왕1동21U141,1,,,,,2013,,031-310-3144,경기도 시흥시청,20260224
정왕1동21U142,1,,,,,2013,,031-310-3144,경기도 시흥시청,20260224
정왕1동21U144,1,,,,,2013,,031-310-3144,경기도 시흥시청,20260224
정왕1동21U165,1,,,,,2013,,031-310-3144,경기도 시흥시청,20260224
정왕1동21U299,1,,,,,2013,,031-310-3144,경기도 시흥시청,20260224
정왕1동21U225,1,,,,,2013,,031-310-3144,경기도 시흥시청,20260224
정왕1동21U226,1,,,,,2013,,031-310-3144,경기도 시흥시청,20260224
정왕1동21U231,1,,,,,2013,,031-310-3144,경기도 시흥시청,20260224
정왕1동21U232,1,,,,,2013,,031-310-3144,경기도 시흥시청,20260224
신현280,1,,,,,2013,,031-310-3144,경기도 시흥시청,20260224
신현774,1,,,,,2013,,031-310-3144,경기도 시흥시청,20260224
정왕1동21U146,1,,,,,2013,,031-310-3144,경기도 시흥시청,20260224
정왕1동21U148,1,,,,,2013,,031-310-3144,경기도 시흥시청,20260224
정왕1동21U169,1,,,,,2013,,031-310-3144,경기도 시흥시청,20260224
정왕1동21U170,1,,,,,2013,,031-310-3144,경기도 시흥시청,20260224
정왕1동21U171,1,,,,,2013,,031-310-3144,경기도 시흥시청,20260224
정왕1동21U172,1,,,,,2013,,031-310-3144,경기도 시흥시청,20260224
정왕1동21U173,1,,,,,2013,,031-310-3144,경기도 시흥시청,20260224
정왕1동21U177,1,,,,,2013,,031-310-3144,경기도 시흥시청,20260224
정왕1동21U178,1,,,,,2013,,031-310-3144,경기도 시흥시청,20260224
정왕1동21U179,1,,,,,2013,,031-310-3144,경기도 시흥시청,20260224
정왕1동21U180,1,,,,,2013,,031-310-3144,경기도 시흥시청,20260224
정왕1동21U181,1,,,,,2013,,031-310-3144,경기도 시흥시청,20260224
정왕1동21U182,1,,,,,2013,,031-310-3144,경기도 시흥시청,20260224
정왕1동21U176,1,,,,,2013,,031-310-3144,경기도 시흥시청,20260224
신천813,1,,,,,2013,,031-310-3144,경기도 시흥시청,20260224
정왕1동21U153,1,,,,,2013,,031-310-3144,경기도 시흥시청,20260224
정왕1동21U155,1,,,,,2013,,031-310-3144,경기도 시흥시청,20260224
정왕1동21U161,1,,,,,2013,,031-310-3144,경기도 시흥시청,20260224
정왕1동21U162,1,,,,,2013,,031-310-3144,경기도 시흥시청,20260224
정왕1동21U187,1,,,,,2013,,031-310-3144,경기도 시흥시청,20260224
정왕1동21U188,1,,,,,2013,,031-310-3144,경기도 시흥시청,20260224
정왕1동21U206,1,,,,,2013,,031-310-3144,경기도 시흥시청,20260224
정왕1동21U214,1,,,,,2013,,031-310-3144,경기도 시흥시청,20260224
정왕1동21U215,1,,,,,2013,,031-310-3144,경기도 시흥시청,20260224
정왕1동21U216,1,,,,,2013,,031-310-3144,경기도 시흥시청,20260224
정왕1동21U218,1,,,,,2013,,031-310-3144,경기도 시흥시청,20260224
정왕1동21U220,1,,,,,2013,,031-310-3144,경기도 시흥시청,20260224
정왕1동21U221,1,,,,,2013,,031-310-3144,경기도 시흥시청,20260224
정왕1동21U159,1,,,,,2013,,031-310-3144,경기도 시흥시청,20260224
정왕1동21U160,1,,,,,2013,,031-310-3144,경기도 시흥시청,20260224
정왕1동21U167,1,,,,,2013,,031-310-3144,경기도 시흥시청,20260224
정왕1동21U183,1,,,,,2013,,031-310-3144,경기도 시흥시청,20260224
정왕1동21U069,1,,,,,2013,,031-310-3144,경기도 시흥시청,20260224
정왕1동21U071,1,,,,,2013,,031-310-3144,경기도 시흥시청,20260224
정왕1동21U072,1,,,,,2013,,031-310-3144,경기도 시흥시청,20260224
정왕1동21U073,1,,,,,2013,,031-310-3144,경기도 시흥시청,20260224
정왕1동21U074,1,,,,,2013,,031-310-3144,경기도 시흥시청,20260224
정왕1동21U075,1,,,,,2013,,031-310-3144,경기도 시흥시청,20260224
정왕1동21U080,1,,,,,2013,,031-310-3144,경기도 시흥시청,20260224
정왕1동21U081,1,,,,,2013,,031-310-3144,경기도 시흥시청,20260224
정왕1동21U084,1,,,,,2013,,031-310-3144,경기도 시흥시청,20260224
정왕1동21U085,1,,,,,2013,,031-310-3144,경기도 시흥시청,20260224
정왕1동21U086,1,,,,,2013,,031-310-3144,경기도 시흥시청,20260224
정왕1동21U089,1,,,,,2013,,031-310-3144,경기도 시흥시청,20260224
정왕1동21U090,1,,,,,2013,,031-310-3144,경기도 시흥시청,20260224
정왕1동21U091,1,,,,,2013,,031-310-3144,경기도 시흥시청,20260224
정왕1동21U092,1,,,,,2013,,031-310-3144,경기도 시흥시청,20260224
정왕1동21U093,1,,,,,2013,,031-310-3144,경기도 시흥시청,20260224
정왕1동21U229,1,,,,,2013,,031-310-3144,경기도 시흥시청,20260224
정왕1동21U230,1,,,,,2013,,031-310-3144,경기도 시흥시청,20260224
정왕1동21U192,1,,,,,2013,,031-310-3144,경기도 시흥시청,20260224
정왕1동21U193,1,,,,,2013,,031-310-3144,경기도 시흥시청,20260224
정왕1동21U194,1,,,,,2013,,031-310-3144,경기도 시흥시청,20260224
정왕1동21U195,1,,,,,2013,,031-310-3144,경기도 시흥시청,20260224
정왕1동21U200,1,,,,,2013,,031-310-3144,경기도 시흥시청,20260224
정왕1동21U201,1,,,,,2013,,031-310-3144,경기도 시흥시청,20260224
정왕1동21U202,1,,,,,2013,,031-310-3144,경기도 시흥시청,20260224
정왕1동21U203,1,,,,,2013,,031-310-3144,경기도 시흥시청,20260224
정왕1동21U204,1,,,,,2013,,031-310-3144,경기도 시흥시청,20260224
정왕1동21U205,1,,,,,2013,,031-310-3144,경기도 시흥시청,20260224
정왕1동21U207,1,,,,,2013,,031-310-3144,경기도 시흥시청,20260224
정왕1동21U208,1,,,,,2013,,031-310-3144,경기도 시흥시청,20260224
정왕1동21U209,1,,,,,2013,,031-310-3144,경기도 시흥시청,20260224
정왕1동21U198,1,,,,,2013,,031-310-3144,경기도 시흥시청,20260224
정왕1동21U199,1,,,,,2013,,031-310-3144,경기도 시흥시청,20260224
정왕1동21U210,1,,,,,2013,,031-310-3144,경기도 시흥시청,20260224
정왕1동21U212,1,,,,,2013,,031-310-3144,경기도 시흥시청,20260224
정왕1동21U213,1,,,,,2013,,031-310-3144,경기도 시흥시청,20260224
정왕1동21U223,1,,,,,2013,,031-310-3144,경기도 시흥시청,20260224
정왕1동21U224,1,,,,,2013,,031-310-3144,경기도 시흥시청,20260224
정왕1동21U234,1,,,,,2013,,031-310-3144,경기도 시흥시청,20260224
정왕1동21U235,1,,,,,2013,,031-310-3144,경기도 시흥시청,20260224
정왕1동21U237,1,,,,,2013,,031-310-3144,경기도 시흥시청,20260224
정왕1동21U238,1,,,,,2013,,031-310-3144,경기도 시흥시청,20260224
정왕1동304,1,,,,,2013,,031-310-3144,경기도 시흥시청,20260224
정왕1동313,1,,,,,2013,,031-310-3144,경기도 시흥시청,20260224
정왕1동316,1,,,,,2013,,031-310-3144,경기도 시흥시청,20260224
정왕1동317,1,,,,,2013,,031-310-3144,경기도 시흥시청,20260224
정왕1동330,1,,,,,2013,,031-310-3144,경기도 시흥시청,20260224
정왕1동21U239,1,,,,,2013,,031-310-3144,경기도 시흥시청,20260224
정왕1동21U240,1,,,,,2013,,031-310-3144,경기도 시흥시청,20260224
정왕1동21U241,1,,,,,2013,,031-310-3144,경기도 시흥시청,20260224
정왕1동21U242,1,,,,,2013,,031-310-3144,경기도 시흥시청,20260224
정왕1동21U243,1,,,,,2013,,031-310-3144,경기도 시흥시청,20260224
정왕1동21U244,1,,,,,2013,,031-310-3144,경기도 시흥시청,20260224
정왕1동21U245,1,,,,,2013,,031-310-3144,경기도 시흥시청,20260224
정왕1동21U247,1,,,,,2013,,031-310-3144,경기도 시흥시청,20260224
정왕1동21U116,1,,,,,2013,,031-310-3144,경기도 시흥시청,20260224
정왕1동21U118,1,,,,,2013,,031-310-3144,경기도 시흥시청,20260224
정왕1동21U119,1,,,,,2013,,031-310-3144,경기도 시흥시청,20260224
정왕1동21U122,1,,,,,2013,,031-310-3144,경기도 시흥시청,20260224
정왕1동21U123,1,,,,,2013,,031-310-3144,경기도 시흥시청,20260224
정왕1동21U124,1,,,,,2013,,031-310-3144,경기도 시흥시청,20260224
정왕1동21U125,1,,,,,2013,,031-310-3144,경기도 시흥시청,20260224
정왕1동21U126,1,,,,,2013,,031-310-3144,경기도 시흥시청,20260224
정왕1동21U249,1,,,,,2013,,031-310-3144,경기도 시흥시청,20260224
정왕1동21U250,1,,,,,2013,,031-310-3144,경기도 시흥시청,20260224
정왕1동21U254,1,,,,,2013,,031-310-3144,경기도 시흥시청,20260224
정왕1동097,1,,,,,2013,,031-310-3144,경기도 시흥시청,20260224
정왕1동098,1,,,,,2013,,031-310-3144,경기도 시흥시청,20260224
정왕1동21U186,1,,,,,2013,,031-310-3144,경기도 시흥시청,20260224
신현773,1,,,,,2013,,031-310-3144,경기도 시흥시청,20260224
연성동23002,1,,,,,2013,,031-310-3144,경기도 시흥시청,20260224
신현동19S005,1,,,,,2013,,031-310-3144,경기도 시흥시청,20260224
정왕1동21U248,1,,,,,2013,,031-310-3144,경기도 시흥시청,20260224
정왕1동21U253,1,,,,,2013,,031-310-3144,경기도 시흥시청,20260224
정왕1동21U255,1,,,,,2013,,031-310-3144,경기도 시흥시청,20260224
정왕1동21U257,1,,,,,2013,,031-310-3144,경기도 시흥시청,20260224
정왕1동21U263,1,,,,,2013,,031-310-3144,경기도 시흥시청,20260224
정왕1동21U268,1,,,,,2013,,031-310-3144,경기도 시흥시청,20260224
정왕1동21U269,1,,,,,2013,,031-310-3144,경기도 시흥시청,20260224
정왕1동375,1,,,,,2013,,031-310-3144,경기도 시흥시청,20260224
정왕1동21U258,1,,,,,2013,,031-310-3144,경기도 시흥시청,20260224
정왕1동21U260,1,,,,,2013,,031-310-3144,경기도 시흥시청,20260224
정왕1동21U261,1,,,,,2013,,031-310-3144,경기도 시흥시청,20260224
정왕1동21U264,1,,,,,2013,,031-310-3144,경기도 시흥시청,20260224
정왕1동21U265,1,,,,,2013,,031-310-3144,경기도 시흥시청,20260224
정왕1동21U266,1,,,,,2013,,031-310-3144,경기도 시흥시청,20260224
정왕1동21U267,1,,,,,2013,,031-310-3144,경기도 시흥시청,20260224
정왕1동21U272,1,,,,,2013,,031-310-3144,경기도 시흥시청,20260224
정왕1동21U275,1,,,,,2013,,031-310-3144,경기도 시흥시청,20260224
정왕1동21U276,1,,,,,2013,,031-310-3144,경기도 시흥시청,20260224
정왕1동21U277,1,,,,,2013,,031-310-3144,경기도 시흥시청,20260224
정왕1동21U278,1,,,,,2013,,031-310-3144,경기도 시흥시청,20260224
정왕1동21U279,1,,,,,2013,,031-310-3144,경기도 시흥시청,20260224
정왕1동21U280,1,,,,,2013,,031-310-3144,경기도 시흥시청,20260224
정왕1동21U281,1,,,,,2013,,031-310-3144,경기도 시흥시청,20260224
정왕1동21U282,1,,,,,2013,,031-310-3144,경기도 시흥시청,20260224
정왕1동21U283,1,,,,,2013,,031-310-3144,경기도 시흥시청,20260224
정왕1동21U262,1,,,,,2013,,031-310-3144,경기도 시흥시청,20260224
정왕1동21U288,1,,,,,2013,,031-310-3144,경기도 시흥시청,20260224
정왕1동332,1,,,,,2013,,031-310-3144,경기도 시흥시청,20260224
정왕1동333,1,,,,,2013,,031-310-3144,경기도 시흥시청,20260224
정왕1동335,1,,,,,2013,,031-310-3144,경기도 시흥시청,20260224
정왕1동336,1,,,,,2013,,031-310-3144,경기도 시흥시청,20260224
정왕1동337,1,,,,,2013,,031-310-3144,경기도 시흥시청,20260224
정왕1동21U271,1,,,,,2013,,031-310-3144,경기도 시흥시청,20260224
정왕1동21U284,1,,,,,2013,,031-310-3144,경기도 시흥시청,20260224
정왕1동21U285,1,,,,,2013,,031-310-3144,경기도 시흥시청,20260224
정왕1동21U293,1,,,,,2013,,031-310-3144,경기도 시흥시청,20260224
정왕1동21U294,1,,,,,2013,,031-310-3144,경기도 시흥시청,20260224
정왕1동21U300,1,,,,,2013,,031-310-3144,경기도 시흥시청,20260224
정왕1동21U301,1,,,,,2013,,031-310-3144,경기도 시흥시청,20260224
정왕1동21U304,1,,,,,2013,,031-310-3144,경기도 시흥시청,20260224
정왕1동288,1,,,,,2013,,031-310-3144,경기도 시흥시청,20260224
정왕1동21U222,1,,,,,2013,,031-310-3144,경기도 시흥시청,20260224
정왕1동21U228,1,,,,,2013,,031-310-3144,경기도 시흥시청,20260224
정왕1동407,1,,,,,2012,,031-310-3144,경기도 시흥시청,20260224
정왕1동408,1,,,,,2012,,031-310-3144,경기도 시흥시청,20260224
정왕1동409,1,,,,,2012,,031-310-3144,경기도 시흥시청,20260224
정왕1동411,1,,,,,2012,,031-310-3144,경기도 시흥시청,20260224
정왕1동416,1,,,,,2012,,031-310-3144,경기도 시흥시청,20260224
정왕1동417,1,,,,,2012,,031-310-3144,경기도 시흥시청,20260224
정왕1동418,1,,,,,2012,,031-310-3144,경기도 시흥시청,20260224
정왕1동419,1,,,,,2012,,031-310-3144,경기도 시흥시청,20260224
정왕1동421,1,,,,,2012,,031-310-3144,경기도 시흥시청,20260224
정왕1동422,1,,,,,2012,,031-310-3144,경기도 시흥시청,20260224
정왕1동426,1,,,,,2012,,031-310-3144,경기도 시흥시청,20260224
정왕1동427,1,,,,,2012,,031-310-3144,경기도 시흥시청,20260224
정왕1동428,1,,,,,2012,,031-310-3144,경기도 시흥시청,20260224
정왕1동429,1,,,,,2012,,031-310-3144,경기도 시흥시청,20260224
정왕1동430,1,,,,,2012,,031-310-3144,경기도 시흥시청,20260224
정왕1동431,1,,,,,2012,,031-310-3144,경기도 시흥시청,20260224
정왕1동289,1,,,,,2013,,031-310-3144,경기도 시흥시청,20260224
정왕1동290,1,,,,,2013,,031-310-3144,경기도 시흥시청,20260224
정왕1동291,1,,,,,2013,,031-310-3144,경기도 시흥시청,20260224
정왕1동292,1,,,,,2013,,031-310-3144,경기도 시흥시청,20260224
정왕1동342,1,,,,,2013,,031-310-3144,경기도 시흥시청,20260224
정왕1동353,1,,,,,2013,,031-310-3144,경기도 시흥시청,20260224
정왕1동21U273,1,,,,,2013,,031-310-3144,경기도 시흥시청,20260224
정왕1동21U274,1,,,,,2013,,031-310-3144,경기도 시흥시청,20260224
정왕1동21U302,1,,,,,2013,,031-310-3144,경기도 시흥시청,20260224
정왕1동21U303,1,,,,,2013,,031-310-3144,경기도 시흥시청,20260224
정왕1동340,1,,,,,2013,,031-310-3144,경기도 시흥시청,20260224
정왕1동343,1,,,,,2013,,031-310-3144,경기도 시흥시청,20260224
정왕1동341,1,,,,,2013,,031-310-3144,경기도 시흥시청,20260224
정왕1동262,1,,,,,2013,,031-310-3144,경기도 시흥시청,20260224
정왕1동263,1,,,,,2013,,031-310-3144,경기도 시흥시청,20260224
정왕1동264,1,,,,,2013,,031-310-3144,경기도 시흥시청,20260224
정왕1동265,1,,,,,2013,,031-310-3144,경기도 시흥시청,20260224
정왕1동267,1,,,,,2013,,031-310-3144,경기도 시흥시청,20260224
정왕1동268,1,,,,,2013,,031-310-3144,경기도 시흥시청,20260224
정왕1동270,1,,,,,2013,,031-310-3144,경기도 시흥시청,20260224
정왕1동271,1,,,,,2013,,031-310-3144,경기도 시흥시청,20260224
정왕1동272,1,,,,,2013,,031-310-3144,경기도 시흥시청,20260224
정왕1동273,1,,,,,2013,,031-310-3144,경기도 시흥시청,20260224
정왕1동274,1,,,,,2013,,031-310-3144,경기도 시흥시청,20260224
정왕1동275,1,,,,,2013,,031-310-3144,경기도 시흥시청,20260224
정왕1동276,1,,,,,2013,,031-310-3144,경기도 시흥시청,20260224
정왕1동277,1,,,,,2013,,031-310-3144,경기도 시흥시청,20260224
정왕1동269,1,,,,,2013,,031-310-3144,경기도 시흥시청,20260224
정왕1동087,1,,,,,2013,,031-310-3144,경기도 시흥시청,20260224
정왕1동088,1,,,,,2013,,031-310-3144,경기도 시흥시청,20260224
정왕1동089,1,,,,,2013,,031-310-3144,경기도 시흥시청,20260224
정왕1동090,1,,,,,2013,,031-310-3144,경기도 시흥시청,20260224
정왕1동091,1,,,,,2013,,031-310-3144,경기도 시흥시청,20260224
정왕1동092,1,,,,,2013,,031-310-3144,경기도 시흥시청,20260224
정왕1동093,1,,,,,2013,,031-310-3144,경기도 시흥시청,20260224
정왕1동406,1,,,,,2012,,031-310-3144,경기도 시흥시청,20260224
대야115,1,,,,,2012,,031-310-3144,경기도 시흥시청,20260224
대야159,1,,,,,2012,,031-310-3144,경기도 시흥시청,20260224
신천동19S748,1,,,,,2012,,031-310-3144,경기도 시흥시청,20260224
신천동19S751,1,,,,,2012,,031-310-3144,경기도 시흥시청,20260224
신천동19S746,1,,,,,2012,,031-310-3144,경기도 시흥시청,20260224
신천동19S745,1,,,,,2012,,031-310-3144,경기도 시흥시청,20260224
신천동19S744,1,,,,,2012,,031-310-3144,경기도 시흥시청,20260224
대야172,1,,,,,2012,,031-310-3144,경기도 시흥시청,20260224
대야174,1,,,,,2012,,031-310-3144,경기도 시흥시청,20260224
신천663,1,,,,,2012,,031-310-3144,경기도 시흥시청,20260224
신천592,1,,,,,2012,,031-310-3144,경기도 시흥시청,20260224
신천594,1,,,,,2012,,031-310-3144,경기도 시흥시청,20260224
신천701,1,,,,,2012,,031-310-3144,경기도 시흥시청,20260224
신천664,1,,,,,2012,,031-310-3144,경기도 시흥시청,20260224
신천668,1,,,,,2012,,031-310-3144,경기도 시흥시청,20260224
신천659[표찰X],1,,,,,2012,,031-310-3144,경기도 시흥시청,20260224
군자565,1,,,,,2012,,031-310-3144,경기도 시흥시청,20260224
군자563,1,,,,,2012,,031-310-3144,경기도 시흥시청,20260224
정왕본동874,1,,,,,2012,,031-310-3144,경기도 시흥시청,20260224
정왕본동875,1,,,,,2012,,031-310-3144,경기도 시흥시청,20260224
신천동19S488,1,,,,,2012,,031-310-3144,경기도 시흥시청,20260224
표찰무 - 10,1,,,,,2012,,031-310-3144,경기도 시흥시청,20260224
신천동19S465,1,,,,,2012,,031-310-3144,경기도 시흥시청,20260224
신천동19S234,1,,,,,2012,,031-310-3144,경기도 시흥시청,20260224
신천동19S293,1,,,,,2012,,031-310-3144,경기도 시흥시청,20260224
신천동19S288,1,,,,,2012,,031-310-3144,경기도 시흥시청,20260224
신천동19S290,1,,,,,2012,,031-310-3144,경기도 시흥시청,20260224
신천동19S398,1,,,,,2012,,031-310-3144,경기도 시흥시청,20260224
신천동19S399,1,,,,,2012,,031-310-3144,경기도 시흥시청,20260224
신천335,1,,,,,2012,,031-310-3144,경기도 시흥시청,20260224
정왕3동097,1,,,,,2011,,031-310-3144,경기도 시흥시청,20260224
정왕3동216,1,,,,,2011,,031-310-3144,경기도 시흥시청,20260224
정왕본동698,1,,,,,2011,,031-310-3144,경기도 시흥시청,20260224
정왕본동702,1,,,,,2011,,031-310-3144,경기도 시흥시청,20260224
신천593,1,,,,,2011,,031-310-3144,경기도 시흥시청,20260224
정왕3동227,1,,,,,2011,,031-310-3144,경기도 시흥시청,20260224
정왕본동693,1,,,,,2011,,031-310-3144,경기도 시흥시청,20260224
정왕본동694,1,,,,,2011,,031-310-3144,경기도 시흥시청,20260224
정왕본동695,1,,,,,2011,,031-310-3144,경기도 시흥시청,20260224
정왕본동696,1,,,,,2011,,031-310-3144,경기도 시흥시청,20260224
정왕본동697,1,,,,,2011,,031-310-3144,경기도 시흥시청,20260224
정왕본동699,1,,,,,2011,,031-310-3144,경기도 시흥시청,20260224
정왕본동700,1,,,,,2011,,031-310-3144,경기도 시흥시청,20260224
정왕본동701,1,,,,,2011,,031-310-3144,경기도 시흥시청,20260224
정왕본동703,1,,,,,2011,,031-310-3144,경기도 시흥시청,20260224
정왕본동704,1,,,,,2011,,031-310-3144,경기도 시흥시청,20260224
정왕본동705,1,,,,,2011,,031-310-3144,경기도 시흥시청,20260224
정왕본동706,1,,,,,2011,,031-310-3144,경기도 시흥시청,20260224
정왕본동707,1,,,,,2011,,031-310-3144,경기도 시흥시청,20260224
정왕본동708,1,,,,,2011,,031-310-3144,경기도 시흥시청,20260224
정왕본동709,1,,,,,2011,,031-310-3144,경기도 시흥시청,20260224
정왕본동710,1,,,,,2011,,031-310-3144,경기도 시흥시청,20260224
정왕본동491,1,,,,,2011,,031-310-3144,경기도 시흥시청,20260224
정왕본동492,1,,,,,2011,,031-310-3144,경기도 시흥시청,20260224
정왕본동493,1,,,,,2011,,031-310-3144,경기도 시흥시청,20260224
정왕본동494,1,,,,,2011,,031-310-3144,경기도 시흥시청,20260224
정왕본동687,1,,,,,2011,,031-310-3144,경기도 시흥시청,20260224
정왕본동688,1,,,,,2011,,031-310-3144,경기도 시흥시청,20260224
신현060,1,,,,,2024,,031-310-3144,경기도 시흥시청,20260224
정왕본동689,1,,,,,2011,,031-310-3144,경기도 시흥시청,20260224
매화동19S078,1,,,,,2024,,031-310-3144,경기도 시흥시청,20260224
정왕본동691,1,,,,,2011,,031-310-3144,경기도 시흥시청,20260224
정왕본동692,1,,,,,2011,,031-310-3144,경기도 시흥시청,20260224
정왕본동345,1,,,,,2011,,031-310-3144,경기도 시흥시청,20260224
정왕1동21U311,1,,,,,2011,,031-310-3144,경기도 시흥시청,20260224
정왕1동21U312,1,,,,,2011,,031-310-3144,경기도 시흥시청,20260224
정왕본동183,1,,,,,2011,,031-310-3144,경기도 시흥시청,20260224
목감동N040,1,,,,,2024,,031-310-3144,경기도 시흥시청,20260224
신천동20021,1,,,,,2025,,031-310-3144,경기도 시흥시청,20260224
김표찰무5,1,,,,,2025,,031-310-3144,경기도 시흥시청,20260224
신천동19015,1,,,,,2025,,031-310-3144,경기도 시흥시청,20260224
신천동20019,1,,,,,2025,,031-310-3144,경기도 시흥시청,20260224
신천동20023,1,,,,,2025,,031-310-3144,경기도 시흥시청,20260224
정왕본동234,1,,,,,2011,,031-310-3144,경기도 시흥시청,20260224
정왕본동235,1,,,,,2011,,031-310-3144,경기도 시흥시청,20260224
대야동20012,1,,,,,2025,,031-310-3144,경기도 시흥시청,20260224
정왕본동236,1,,,,,2011,,031-310-3144,경기도 시흥시청,20260224
신천447,1,,,,,2011,,031-310-3144,경기도 시흥시청,20260224
정왕본동238,1,,,,,2011,,031-310-3144,경기도 시흥시청,20260224
신천동 19S819,1,,,,,2011,,031-310-3144,경기도 시흥시청,20260224
신천동19S316,1,,,,,2011,,031-310-3144,경기도 시흥시청,20260224
신천동19S296,1,,,,,2011,,031-310-3144,경기도 시흥시청,20260224
목감동23006,1,,,,,2023,,031-310-3144,경기도 시흥시청,20260224
신천동19S297,1,,,,,2011,,031-310-3144,경기도 시흥시청,20260224
신현동24011,1,,,,,2025,,031-310-3144,경기도 시흥시청,20260224
목감동19S053,1,,,,,2024,,031-310-3144,경기도 시흥시청,20260224
신천동 N004,1,,,,,2011,,031-310-3144,경기도 시흥시청,20260224
대야동20004,1,,,,,2025,,031-310-3144,경기도 시흥시청,20260224
연성346,1,,,,,2024,,031-310-3144,경기도 시흥시청,20260224
목감동19S552,1,,,,,2025,,031-310-3144,경기도 시흥시청,20260224
신천동19S298,1,,,,,2011,,031-310-3144,경기도 시흥시청,20260224
신현동24010,1,,,,,2025,,031-310-3144,경기도 시흥시청,20260224
신천728,1,,,,,2011,,031-310-3144,경기도 시흥시청,20260224
신천동19S483,1,,,,,2011,,031-310-3144,경기도 시흥시청,20260224
계수동25001,1,,,,,2025,,031-310-3144,경기도 시흥시청,20260224
계수동25002,1,,,,,2025,,031-310-3144,경기도 시흥시청,20260224
신천동20011,1,,,,,2025,,031-310-3144,경기도 시흥시청,20260224
표찰확인필요,1,,,,,2025,,031-310-3144,경기도 시흥시청,20260224
신천동20014,1,,,,,2025,,031-310-3144,경기도 시흥시청,20260224
신천동20015,1,,,,,2025,,031-310-3144,경기도 시흥시청,20260224
은행동21006,1,,,,,2025,,031-310-3144,경기도 시흥시청,20260224
은행동21007,1,,,,,2025,,031-310-3144,경기도 시흥시청,20260224
은행동21008,1,,,,,2025,,031-310-3144,경기도 시흥시청,20260224
은행동21009,1,,,,,2025,,031-310-3144,경기도 시흥시청,20260224
목감동19S512,1,,,,,2024,,031-310-3144,경기도 시흥시청,20260224
목감동24021,1,,,,,2024,,031-310-3144,경기도 시흥시청,20260224
신현517,1,,,,,2024,,031-310-3144,경기도 시흥시청,20260224
신현동N224,1,,,,,2024,,031-310-3144,경기도 시흥시청,20260224
신현058,1,,,,,2024,,031-310-3144,경기도 시흥시청,20260224
신현동N072,1,,,,,2024,,031-310-3144,경기도 시흥시청,20260224
연성404,1,,,,,2024,,031-310-3144,경기도 시흥시청,20260224
연성405,1,,,,,2024,,031-310-3144,경기도 시흥시청,20260224
연성406,1,,,,,2024,,031-310-3144,경기도 시흥시청,20260224
연성403,1,,,,,2024,,031-310-3144,경기도 시흥시청,20260224
목감동19S167,1,,,,,2024,,031-310-3144,경기도 시흥시청,20260224
목감동19S166,1,,,,,2024,,031-310-3144,경기도 시흥시청,20260224
신현동N001,1,,,,,2024,,031-310-3144,경기도 시흥시청,20260224
신현062,1,,,,,2024,,031-310-3144,경기도 시흥시청,20260224
정왕본동N103,1,,,,,2024,,031-310-3144,경기도 시흥시청,20260224
목감동19S295,1,,,,,2024,,031-310-3144,경기도 시흥시청,20260224
목감동19S300,1,,,,,2024,,031-310-3144,경기도 시흥시청,20260224
목감동19S299,1,,,,,2024,,031-310-3144,경기도 시흥시청,20260224
매화동19S223,1,,,,,2024,,031-310-3144,경기도 시흥시청,20260224
신현동N169,1,,,,,2024,,031-310-3144,경기도 시흥시청,20260224
연성343,1,,,,,2024,,031-310-3144,경기도 시흥시청,20260224
연성동N034,1,,,,,2024,,031-310-3144,경기도 시흥시청,20260224
연성354,1,,,,,2024,,031-310-3144,경기도 시흥시청,20260224
정왕본동796,1,,,,,2024,,031-310-3144,경기도 시흥시청,20260224
정왕본동799,1,,,,,2024,,031-310-3144,경기도 시흥시청,20260224
정왕본동800,1,,,,,2024,,031-310-3144,경기도 시흥시청,20260224
정왕본동801,1,,,,,2024,,031-310-3144,경기도 시흥시청,20260224
정왕본동802,1,,,,,2024,,031-310-3144,경기도 시흥시청,20260224
정왕본동803,1,,,,,2024,,031-310-3144,경기도 시흥시청,20260224
정왕본동804,1,,,,,2024,,031-310-3144,경기도 시흥시청,20260224
월곶동NO28,1,,,,,2024,,031-310-3144,경기도 시흥시청,20260224
정왕본동848,1,,,,,2024,,031-310-3144,경기도 시흥시청,20260224
정왕본동849,1,,,,,2024,,031-310-3144,경기도 시흥시청,20260224
정왕본동850,1,,,,,2024,,031-310-3144,경기도 시흥시청,20260224
정왕본동861,1,,,,,2024,,031-310-3144,경기도 시흥시청,20260224
정왕본동862,1,,,,,2024,,031-310-3144,경기도 시흥시청,20260224
정왕본동724,1,,,,,2024,,031-310-3144,경기도 시흥시청,20260224
월곶동N070,1,,,,,2024,,031-310-3144,경기도 시흥시청,20260224
월곶동N071,1,,,,,2024,,031-310-3144,경기도 시흥시청,20260224
월곶동N072,1,,,,,2024,,031-310-3144,경기도 시흥시청,20260224
월곶동N073,1,,,,,2024,,031-310-3144,경기도 시흥시청,20260224
월곶동N074,1,,,,,2024,,031-310-3144,경기도 시흥시청,20260224
월곶동N075,1,,,,,2024,,031-310-3144,경기도 시흥시청,20260224
월곶동N079,1,,,,,2024,,031-310-3144,경기도 시흥시청,20260224
월곶동N083,1,,,,,2024,,031-310-3144,경기도 시흥시청,20260224
신천014,1,,,,,2011,,031-310-3144,경기도 시흥시청,20260224
월곶동N084,1,,,,,2024,,031-310-3144,경기도 시흥시청,20260224
신천동 19S827,1,,,,,2011,,031-310-3144,경기도 시흥시청,20260224
신천동19S413,1,,,,,2011,,031-310-3144,경기도 시흥시청,20260224
신천동19S036,1,,,,,2011,,031-310-3144,경기도 시흥시청,20260224
신천735,1,,,,,2011,,031-310-3144,경기도 시흥시청,20260224
신천동19S539,1,,,,,2011,,031-310-3144,경기도 시흥시청,20260224
신천742,1,,,,,2011,,031-310-3144,경기도 시흥시청,20260224
신천787,1,,,,,2011,,031-310-3144,경기도 시흥시청,20260224
신천동19S737,1,,,,,2011,,031-310-3144,경기도 시흥시청,20260224
신천786,1,,,,,2011,,031-310-3144,경기도 시흥시청,20260224
신천동19S014,1,,,,,2011,,031-310-3144,경기도 시흥시청,20260224
월곶동N086,1,,,,,2024,,031-310-3144,경기도 시흥시청,20260224
월곶동N78,1,,,,,2024,,031-310-3144,경기도 시흥시청,20260224
월곶동NO21,1,,,,,2024,,031-310-3144,경기도 시흥시청,20260224
월곶동NO22,1,,,,,2024,,031-310-3144,경기도 시흥시청,20260224
월곶동NO26,1,,,,,2024,,031-310-3144,경기도 시흥시청,20260224
신천591,1,,,,,2011,,031-310-3144,경기도 시흥시청,20260224
김표찰무8,1,,,,,2011,,031-310-3144,경기도 시흥시청,20260224
정왕본동N003,1,,,,,2024,,031-310-3144,경기도 시흥시청,20260224
정왕본동N004,1,,,,,2024,,031-310-3144,경기도 시흥시청,20260224
정왕본동N007,1,,,,,2024,,031-310-3144,경기도 시흥시청,20260224
정왕본동N008,1,,,,,2024,,031-310-3144,경기도 시흥시청,20260224
신천598,1,,,,,2011,,031-310-3144,경기도 시흥시청,20260224
정왕본동N010,1,,,,,2024,,031-310-3144,경기도 시흥시청,20260224
김표찰무7,1,,,,,2011,,031-310-3144,경기도 시흥시청,20260224
김표찰무6,1,,,,,2011,,031-310-3144,경기도 시흥시청,20260224
정왕본동N011,1,,,,,2024,,031-310-3144,경기도 시흥시청,20260224
신천702,1,,,,,2011,,031-310-3144,경기도 시흥시청,20260224
정왕본동N016,1,,,,,2024,,031-310-3144,경기도 시흥시청,20260224
정왕본동N020,1,,,,,2024,,031-310-3144,경기도 시흥시청,20260224
신천751,1,,,,,2011,,031-310-3144,경기도 시흥시청,20260224
정왕본동N026,1,,,,,2024,,031-310-3144,경기도 시흥시청,20260224
신천동19S042,1,,,,,2011,,031-310-3144,경기도 시흥시청,20260224
정왕본동N030,1,,,,,2024,,031-310-3144,경기도 시흥시청,20260224
신천704,1,,,,,2011,,031-310-3144,경기도 시흥시청,20260224
정왕본동N036,1,,,,,2024,,031-310-3144,경기도 시흥시청,20260224
신천752,1,,,,,2011,,031-310-3144,경기도 시흥시청,20260224
정왕본동N038,1,,,,,2024,,031-310-3144,경기도 시흥시청,20260224
신천753,1,,,,,2011,,031-310-3144,경기도 시흥시청,20260224
신천동19S039,1,,,,,2011,,031-310-3144,경기도 시흥시청,20260224
정왕본동N039,1,,,,,2024,,031-310-3144,경기도 시흥시청,20260224
정왕본동N054,1,,,,,2024,,031-310-3144,경기도 시흥시청,20260224
신천754,1,,,,,2011,,031-310-3144,경기도 시흥시청,20260224
정왕본동N058,1,,,,,2024,,031-310-3144,경기도 시흥시청,20260224
정왕본동N071,1,,,,,2024,,031-310-3144,경기도 시흥시청,20260224
신천755,1,,,,,2011,,031-310-3144,경기도 시흥시청,20260224
정왕본동N073,1,,,,,2024,,031-310-3144,경기도 시흥시청,20260224
정왕본동N074,1,,,,,2024,,031-310-3144,경기도 시흥시청,20260224
신천동19S038,1,,,,,2011,,031-310-3144,경기도 시흥시청,20260224
정왕본동N082,1,,,,,2024,,031-310-3144,경기도 시흥시청,20260224
정왕본동N097,1,,,,,2024,,031-310-3144,경기도 시흥시청,20260224
신천756,1,,,,,2011,,031-310-3144,경기도 시흥시청,20260224
정왕본동N099,1,,,,,2024,,031-310-3144,경기도 시흥시청,20260224
정왕본동864,1,,,,,2024,,031-310-3144,경기도 시흥시청,20260224
신천동19S037,1,,,,,2011,,031-310-3144,경기도 시흥시청,20260224
정왕본동865,1,,,,,2024,,031-310-3144,경기도 시흥시청,20260224
신천동19S033,1,,,,,2011,,031-310-3144,경기도 시흥시청,20260224
신천동19S031,1,,,,,2011,,031-310-3144,경기도 시흥시청,20260224
정왕본동866,1,,,,,2024,,031-310-3144,경기도 시흥시청,20260224
신천529,1,,,,,2011,,031-310-3144,경기도 시흥시청,20260224
김표찰무1,1,,,,,2011,,031-310-3144,경기도 시흥시청,20260224
신천19003,1,,,,,2011,,031-310-3144,경기도 시흥시청,20260224
정왕본동867,1,,,,,2024,,031-310-3144,경기도 시흥시청,20260224
신천동19S349,1,,,,,2011,,031-310-3144,경기도 시흥시청,20260224
김표찰무3,1,,,,,2011,,031-310-3144,경기도 시흥시청,20260224
대야동20015,1,,,,,2025,,031-310-3144,경기도 시흥시청,20260224
대야동20018,1,,,,,2025,,031-310-3144,경기도 시흥시청,20260224
정왕본동870,1,,,,,2024,,031-310-3144,경기도 시흥시청,20260224
정왕본동871,1,,,,,2024,,031-310-3144,경기도 시흥시청,20260224
정왕본동872,1,,,,,2024,,031-310-3144,경기도 시흥시청,20260224
정왕본동873,1,,,,,2024,,031-310-3144,경기도 시흥시청,20260224
대야동20013,1,,,,,2025,,031-310-3144,경기도 시흥시청,20260224
대야동20008,1,,,,,2025,,031-310-3144,경기도 시흥시청,20260224
월곶001,1,,,,,2024,,031-310-3144,경기도 시흥시청,20260224
대야동20006,1,,,,,2025,,031-310-3144,경기도 시흥시청,20260224
군자동004,1,,,,,2024,,031-310-3144,경기도 시흥시청,20260224
대야동20005,1,,,,,2025,,031-310-3144,경기도 시흥시청,20260224
대야동20020,1,,,,,2025,,031-310-3144,경기도 시흥시청,20260224
월곶동17001,1,,,,,2024,,031-310-3144,경기도 시흥시청,20260224
대야동20014,1,,,,,2025,,031-310-3144,경기도 시흥시청,20260224
은행동25001,1,,,,,2025,,031-310-3144,경기도 시흥시청,20260224
연성281,1,,,,,2024,,031-310-3144,경기도 시흥시청,20260224
은행동25002,1,,,,,2025,,031-310-3144,경기도 시흥시청,20260224
목감동24004,1,,,,,2024,,031-310-3144,경기도 시흥시청,20260224
대야동25001,1,,,,,2025,,031-310-3144,경기도 시흥시청,20260224
대야동24001,1,,,,,2024,,031-310-3144,경기도 시흥시청,20260224
정왕3동031,1,,,,,2024,,031-310-3144,경기도 시흥시청,20260224
대야동25002,1,,,,,2025,,031-310-3144,경기도 시흥시청,20260224
대야동25003,1,,,,,2025,,031-310-3144,경기도 시흥시청,20260224
대야동24002,1,,,,,2024,,031-310-3144,경기도 시흥시청,20260224
매화227,1,,,,,2024,,031-310-3144,경기도 시흥시청,20260224
매화N060,1,,,,,2024,,031-310-3144,경기도 시흥시청,20260224
정왕본동25006,1,,,,,2025,,031-310-3144,경기도 시흥시청,20260224
연성동25002,1,,,,,2025,,031-310-3144,경기도 시흥시청,20260224
연성동25001,1,,,,,2025,,031-310-3144,경기도 시흥시청,20260224
대야동19S222,1,,,,,2024,,031-310-3144,경기도 시흥시청,20260224
군자동25007,1,,,,,2025,,031-310-3144,경기도 시흥시청,20260224
표찰 모름1,1,,,,,2025,,031-310-3144,경기도 시흥시청,20260224
신현동25005,1,,,,,2025,,031-310-3144,경기도 시흥시청,20260224
목감동19S121,1,,,,,2024,,031-310-3144,경기도 시흥시청,20260224
목감동N088,1,,,,,2024,,031-310-3144,경기도 시흥시청,20260224
목감동N197,1,,,,,2024,,031-310-3144,경기도 시흥시청,20260224
계수동20U390,1,,,,,2025,,031-310-3144,경기도 시흥시청,20260224
은행동21001,1,,,,,2025,,031-310-3144,경기도 시흥시청,20260224
목감046,1,,,,,2024,,031-310-3144,경기도 시흥시청,20260224
신현동25004,1,,,,,2025,,031-310-3144,경기도 시흥시청,20260224
은행동24001,1,,,,,2024,,031-310-3144,경기도 시흥시청,20260224
연성동24001,1,,,,,2024,,031-310-3144,경기도 시흥시청,20260224
은행386,1,,,,,2024,,031-310-3144,경기도 시흥시청,20260224
목감동19S335,1,,,,,2024,,031-310-3144,경기도 시흥시청,20260224
신현동25006,1,,,,,2025,,031-310-3144,경기도 시흥시청,20260224
은행동170,1,,,,,2025,,031-310-3144,경기도 시흥시청,20260224
군자동25005,1,,,,,2025,,031-310-3144,경기도 시흥시청,20260224
목감동_표찰없음,1,,,,,2025,,031-310-3144,경기도 시흥시청,20260224
목감동19S546,1,,,,,2024,,031-310-3144,경기도 시흥시청,20260224
과림동279,1,,,,,2025,,031-310-3144,경기도 시흥시청,20260224
목감동19S549,1,,,,,2024,,031-310-3144,경기도 시흥시청,20260224
신천동19S400,1,,,,,2024,,031-310-3144,경기도 시흥시청,20260224
대야21U022,1,,,,,2024,,031-310-3144,경기도 시흥시청,20260224
과림257,1,,,,,2025,,031-310-3144,경기도 시흥시청,20260224
매화동25002,1,,,,,2025,,031-310-3144,경기도 시흥시청,20260224
은행동25003,1,,,,,2025,,031-310-3144,경기도 시흥시청,20260224
신천동19S176,1,,,,,2024,,031-310-3144,경기도 시흥시청,20260224
대야동19S122,1,,,,,2024,,031-310-3144,경기도 시흥시청,20260224
대야동25004,1,,,,,2025,,031-310-3144,경기도 시흥시청,20260224
대야동25005,1,,,,,2025,,031-310-3144,경기도 시흥시청,20260224
대야동 23002,1,,,,,2024,,031-310-3144,경기도 시흥시청,20260224
대야동19S312,1,,,,,2024,,031-310-3144,경기도 시흥시청,20260224
목감동24005,1,,,,,2024,,031-310-3144,경기도 시흥시청,20260224
보보안등,1,,,,,2025,,031-310-3144,경기도 시흥시청,20260224
목감동24006,1,,,,,2024,,031-310-3144,경기도 시흥시청,20260224
계수동433,1,,,,,2025,,031-310-3144,경기도 시흥시청,20260224
목감동24007,1,,,,,2024,,031-310-3144,경기도 시흥시청,20260224
목감동24008,1,,,,,2024,,031-310-3144,경기도 시흥시청,20260224
과림동20014,1,,,,,2023,,031-310-3144,경기도 시흥시청,20260224
신현동19S004,1,,,,,2025,,031-310-3144,경기도 시흥시청,20260224
목감동19S103,1,,,,,2023,,031-310-3144,경기도 시흥시청,20260224
목감동19S217,1,,,,,2023,,031-310-3144,경기도 시흥시청,20260224
대야동19S114,1,,,,,2023,,031-310-3144,경기도 시흥시청,20260224
과림010,1,,,,,2023,,031-310-3144,경기도 시흥시청,20260224
계수동20U208,1,,,,,2023,,031-310-3144,경기도 시흥시청,20260224
대야동19S084,1,,,,,2023,,031-310-3144,경기도 시흥시청,20260224
대야동19S274,1,,,,,2023,,031-310-3144,경기도 시흥시청,20260224
대야동19S025,1,,,,,2023,,031-310-3144,경기도 시흥시청,20260224
은행동23004,1,,,,,2023,,031-310-3144,경기도 시흥시청,20260224
은행동19S113,1,,,,,2023,,031-310-3144,경기도 시흥시청,20260224
과림동N116,1,,,,,2023,,031-310-3144,경기도 시흥시청,20260224
과림동N282,1,,,,,2023,,031-310-3144,경기도 시흥시청,20260224
과림동N032,1,,,,,2023,,031-310-3144,경기도 시흥시청,20260224
과림동N283,1,,,,,2023,,031-310-3144,경기도 시흥시청,20260224
과림동N284,1,,,,,2023,,031-310-3144,경기도 시흥시청,20260224
목감302,1,,,,,2023,,031-310-3144,경기도 시흥시청,20260224
목감303,1,,,,,2023,,031-310-3144,경기도 시흥시청,20260224
신천동23007,1,,,,,2023,,031-310-3144,경기도 시흥시청,20260224
은행동23016,1,,,,,2023,,031-310-3144,경기도 시흥시청,20260224
신천동19S493,1,,,,,2024,,031-310-3144,경기도 시흥시청,20260224
신천동19S231,1,,,,,2024,,031-310-3144,경기도 시흥시청,20260224
대야동 23001,1,,,,,2024,,031-310-3144,경기도 시흥시청,20260224
미산동255,1,,,,,2025,,031-310-3144,경기도 시흥시청,20260224
목감동N139,1,,,,,2025,,031-310-3144,경기도 시흥시청,20260224
매화723,1,,,,,2025,,031-310-3144,경기도 시흥시청,20260224
대야동19S215,1,,,,,2024,,031-310-3144,경기도 시흥시청,20260224
가로등1,1,,,,,2025,,031-310-3144,경기도 시흥시청,20260224
매화동N097,1,,,,,2025,,031-310-3144,경기도 시흥시청,20260224
은행동 N022,1,,,,,2025,,031-310-3144,경기도 시흥시청,20260224
신천동19S217,1,,,,,2024,,031-310-3144,경기도 시흥시청,20260224
대야동19S206,1,,,,,2024,,031-310-3144,경기도 시흥시청,20260224
ccrv설치보안등,1,,,,,2025,,031-310-3144,경기도 시흥시청,20260224
은행동N114,1,,,,,2024,,031-310-3144,경기도 시흥시청,20260224
목감동19S341-2,1,,,,,2025,,031-310-3144,경기도 시흥시청,20260224
은행동23002,1,,,,,2024,,031-310-3144,경기도 시흥시청,20260224
신천동20016,1,,,,,2025,,031-310-3144,경기도 시흥시청,20260224
월곶동23010,1,,,,,2023,,031-310-3144,경기도 시흥시청,20260224
과림동527,1,,,,,2023,,031-310-3144,경기도 시흥시청,20260224
대야동19S371,1,,,,,2023,,031-310-3144,경기도 시흥시청,20260224
신천동20018,1,,,,,2025,,031-310-3144,경기도 시흥시청,20260224
대야동19S370,1,,,,,2023,,031-310-3144,경기도 시흥시청,20260224
신천동20020,1,,,,,2025,,031-310-3144,경기도 시흥시청,20260224
대야동19S369,1,,,,,2023,,031-310-3144,경기도 시흥시청,20260224
군자동N045,1,,,,,2023,,031-310-3144,경기도 시흥시청,20260224
대야동19S368,1,,,,,2023,,031-310-3144,경기도 시흥시청,20260224
신천동20022,1,,,,,2025,,031-310-3144,경기도 시흥시청,20260224
신천동20024,1,,,,,2025,,031-310-3144,경기도 시흥시청,20260224
군자동23019,1,,,,,2023,,031-310-3144,경기도 시흥시청,20260224
대야동19S372,1,,,,,2023,,031-310-3144,경기도 시흥시청,20260224
신천동20025,1,,,,,2025,,031-310-3144,경기도 시흥시청,20260224
신천동20027,1,,,,,2025,,031-310-3144,경기도 시흥시청,20260224
신천동20029,1,,,,,2025,,031-310-3144,경기도 시흥시청,20260224
대야동19S347,1,,,,,2023,,031-310-3144,경기도 시흥시청,20260224
군자동N129,1,,,,,2023,,031-310-3144,경기도 시흥시청,20260224
정왕3동N23006,1,,,,,2025,,031-310-3144,경기도 시흥시청,20260224
정왕본동25007,1,,,,,2025,,031-310-3144,경기도 시흥시청,20260224
(산단)투광등1,1,,,,,2025,,031-310-3144,경기도 시흥시청,20260224
(산단)투광등2,1,,,,,2025,,031-310-3144,경기도 시흥시청,20260224
(산단)투광등3,1,,,,,2025,,031-310-3144,경기도 시흥시청,20260224
은행동19S066,1,,,,,2023,,031-310-3144,경기도 시흥시청,20260224
신현동25003,1,,,,,2025,,031-310-3144,경기도 시흥시청,20260224
월곶동23007,1,,,,,2023,,031-310-3144,경기도 시흥시청,20260224
월곶동23008,1,,,,,2023,,031-310-3144,경기도 시흥시청,20260224
표찰없음,1,,,,,2025,,031-310-3144,경기도 시흥시청,20260224
군자592,1,,,,,2023,,031-310-3144,경기도 시흥시청,20260224
군자동N048,1,,,,,2023,,031-310-3144,경기도 시흥시청,20260224
군자동23018,1,,,,,2023,,031-310-3144,경기도 시흥시청,20260224
군자동N064,1,,,,,2023,,031-310-3144,경기도 시흥시청,20260224
군자동N063,1,,,,,2023,,031-310-3144,경기도 시흥시청,20260224
과림동509,1,,,,,2023,,031-310-3144,경기도 시흥시청,20260224
과림동511,1,,,,,2023,,031-310-3144,경기도 시흥시청,20260224
과림동510,1,,,,,2023,,031-310-3144,경기도 시흥시청,20260224
대야동23006,1,,,,,2023,,031-310-3144,경기도 시흥시청,20260224
목감동N159,1,,,,,2023,,031-310-3144,경기도 시흥시청,20260224
대야동21016,1,,,,,2023,,031-310-3144,경기도 시흥시청,20260224
대야동23010,1,,,,,2023,,031-310-3144,경기도 시흥시청,20260224
대야동21014,1,,,,,2023,,031-310-3144,경기도 시흥시청,20260224
목감160,1,,,,,2025,,031-310-3144,경기도 시흥시청,20260224
목감동25007,1,,,,,2025,,031-310-3144,경기도 시흥시청,20260224
월곶동25001,1,,,,,2025,,031-310-3144,경기도 시흥시청,20260224
은행동23015,1,,,,,2023,,031-310-3144,경기도 시흥시청,20260224
대야동23011,1,,,,,2023,,031-310-3144,경기도 시흥시청,20260224
정왕본동25005,1,,,,,2025,,031-310-3144,경기도 시흥시청,20260224
대야동23012,1,,,,,2023,,031-310-3144,경기도 시흥시청,20260224
대야동23013,1,,,,,2023,,031-310-3144,경기도 시흥시청,20260224
신현동N354,1,,,,,2025,,031-310-3144,경기도 시흥시청,20260224
은행동N151,1,,,,,2025,,031-310-3144,경기도 시흥시청,20260224
정왕본동25004,1,,,,,2025,,031-310-3144,경기도 시흥시청,20260224
대야동23014,1,,,,,2023,,031-310-3144,경기도 시흥시청,20260224
대야동23015,1,,,,,2023,,031-310-3144,경기도 시흥시청,20260224
대야동23016,1,,,,,2023,,031-310-3144,경기도 시흥시청,20260224
대야동19S379,1,,,,,2023,,031-310-3144,경기도 시흥시청,20260224
목감동25005,1,,,,,2025,,031-310-3144,경기도 시흥시청,20260224
목감동25001,1,,,,,2025,,031-310-3144,경기도 시흥시청,20260224
목감동25004,1,,,,,2025,,031-310-3144,경기도 시흥시청,20260224
목감동25003,1,,,,,2025,,031-310-3144,경기도 시흥시청,20260224
월곶동23009,1,,,,,2023,,031-310-3144,경기도 시흥시청,20260224
목감동25002,1,,,,,2025,,031-310-3144,경기도 시흥시청,20260224
과림동25001,1,,,,,2025,,031-310-3144,경기도 시흥시청,20260224
신현712,1,,,,,2025,,031-310-3144,경기도 시흥시청,20260224
과림동24007,1,,,,,2025,,031-310-3144,경기도 시흥시청,20260224
목감동25006,1,,,,,2025,,031-310-3144,경기도 시흥시청,20260224
월곶동N104,1,,,,,2025,,031-310-3144,경기도 시흥시청,20260224
군자동24052,1,,,,,2024,,031-310-3144,경기도 시흥시청,20260224
군자동24053,1,,,,,2024,,031-310-3144,경기도 시흥시청,20260224
군자동24041,1,,,,,2024,,031-310-3144,경기도 시흥시청,20260224
군자동24060,1,,,,,2024,,031-310-3144,경기도 시흥시청,20260224
신현동19S147,1,,,,,2025,,031-310-3144,경기도 시흥시청,20260224
북부권1,1,,,,,2024,,031-310-3144,경기도 시흥시청,20260224
북부권2,1,,,,,2024,,031-310-3144,경기도 시흥시청,20260224
북부권3,1,,,,,2024,,031-310-3144,경기도 시흥시청,20260224
신현동25002,1,,,,,2025,,031-310-3144,경기도 시흥시청,20260224
북부권4,1,,,,,2024,,031-310-3144,경기도 시흥시청,20260224
군자동25002,1,,,,,2025,,031-310-3144,경기도 시흥시청,20260224
목감동24016,1,,,,,2024,,031-310-3144,경기도 시흥시청,20260224
군자동25003,1,,,,,2025,,031-310-3144,경기도 시흥시청,20260224
목감동N229,1,,,,,2024,,031-310-3144,경기도 시흥시청,20260224
매화106,1,,,,,2024,,031-310-3144,경기도 시흥시청,20260224
매화390,1,,,,,2024,,031-310-3144,경기도 시흥시청,20260224
매화동24016,1,,,,,2024,,031-310-3144,경기도 시흥시청,20260224
군자동25004,1,,,,,2025,,031-310-3144,경기도 시흥시청,20260224
신현동24001,1,,,,,2024,,031-310-3144,경기도 시흥시청,20260224
군자동24095,1,,,,,2024,,031-310-3144,경기도 시흥시청,20260224
군자동24098,1,,,,,2024,,031-310-3144,경기도 시흥시청,20260224
군자동24097,1,,,,,2024,,031-310-3144,경기도 시흥시청,20260224
군자동24096,1,,,,,2024,,031-310-3144,경기도 시흥시청,20260224
군자387,1,,,,,2024,,031-310-3144,경기도 시흥시청,20260224
군자390,1,,,,,2024,,031-310-3144,경기도 시흥시청,20260224
군자393,1,,,,,2024,,031-310-3144,경기도 시흥시청,20260224
군자394,1,,,,,2024,,031-310-3144,경기도 시흥시청,20260224
군자동25001,1,,,,,2025,,031-310-3144,경기도 시흥시청,20260224
신현동24009,1,,,,,2025,,031-310-3144,경기도 시흥시청,20260224
군자395,1,,,,,2024,,031-310-3144,경기도 시흥시청,20260224
신천동24010,1,,,,,2025,,031-310-3144,경기도 시흥시청,20260224
군자396,1,,,,,2024,,031-310-3144,경기도 시흥시청,20260224
군자522,1,,,,,2024,,031-310-3144,경기도 시흥시청,20260224
군자397,1,,,,,2024,,031-310-3144,경기도 시흥시청,20260224
군자523,1,,,,,2024,,031-310-3144,경기도 시흥시청,20260224
군자동19U126,1,,,,,2025,,031-310-3144,경기도 시흥시청,20260224
군자동24057,1,,,,,2024,,031-310-3144,경기도 시흥시청,20260224
하중동N091,1,,,,,2025,,031-310-3144,경기도 시흥시청,20260224
정왕3동013,1,,,,,2025,,031-310-3144,경기도 시흥시청,20260224
군자동24059,1,,,,,2024,,031-310-3144,경기도 시흥시청,20260224
군자동24045,1,,,,,2024,,031-310-3144,경기도 시흥시청,20260224
군자동N241,1,,,,,2025,,031-310-3144,경기도 시흥시청,20260224
정왕본동612,1,,,,,2025,,031-310-3144,경기도 시흥시청,20260224
군자동24040,1,,,,,2024,,031-310-3144,경기도 시흥시청,20260224
군자동24055,1,,,,,2024,,031-310-3144,경기도 시흥시청,20260224
정왕본동613,1,,,,,2025,,031-310-3144,경기도 시흥시청,20260224
군자동24074,1,,,,,2024,,031-310-3144,경기도 시흥시청,20260224
신현동N192,1,,,,,2025,,031-310-3144,경기도 시흥시청,20260224
신현548,1,,,,,2025,,031-310-3144,경기도 시흥시청,20260224
군자동24075,1,,,,,2024,,031-310-3144,경기도 시흥시청,20260224
군자동24077,1,,,,,2024,,031-310-3144,경기도 시흥시청,20260224
군자동24064,1,,,,,2024,,031-310-3144,경기도 시흥시청,20260224
군자동24047,1,,,,,2024,,031-310-3144,경기도 시흥시청,20260224
군자동24042,1,,,,,2024,,031-310-3144,경기도 시흥시청,20260224
군자동24008,1,,,,,2024,,031-310-3144,경기도 시흥시청,20260224
군자동24005,1,,,,,2024,,031-310-3144,경기도 시흥시청,20260224
군자동24014,1,,,,,2024,,031-310-3144,경기도 시흥시청,20260224
신현동25001,1,,,,,2025,,031-310-3144,경기도 시흥시청,20260224
군자동24021,1,,,,,2024,,031-310-3144,경기도 시흥시청,20260224
군자동24015,1,,,,,2024,,031-310-3144,경기도 시흥시청,20260224
대야동21017,1,,,,,2025,,031-310-3144,경기도 시흥시청,20260224
표찰모름,1,,,,,2025,,031-310-3144,경기도 시흥시청,20260224
정왕1동N060,1,,,,,2025,,031-310-3144,경기도 시흥시청,20260224
군자동24018,1,,,,,2024,,031-310-3144,경기도 시흥시청,20260224
(산단)투광등5,1,,,,,2025,,031-310-3144,경기도 시흥시청,20260224
군자동24022,1,,,,,2024,,031-310-3144,경기도 시흥시청,20260224
(산단)투광등6,1,,,,,2025,,031-310-3144,경기도 시흥시청,20260224
(산단)투광등7,1,,,,,2025,,031-310-3144,경기도 시흥시청,20260224
(산단)투광등8,1,,,,,2025,,031-310-3144,경기도 시흥시청,20260224
(산단)투광등4,1,,,,,2025,,031-310-3144,경기도 시흥시청,20260224
군자동24019,1,,,,,2024,,031-310-3144,경기도 시흥시청,20260224
군자동24003,1,,,,,2024,,031-310-3144,경기도 시흥시청,20260224
금오로368번길,1,,,,,2024,,031-310-3144,경기도 시흥시청,20260224
과림동N245,1,,,,,2024,,031-310-3144,경기도 시흥시청,20260224
신현059,1,,,,,2024,,031-310-3144,경기도 시흥시청,20260224
군자동24004,1,,,,,2024,,031-310-3144,경기도 시흥시청,20260224
과림동21010,1,,,,,2024,,031-310-3144,경기도 시흥시청,20260224
정왕본동25003,1,,,,,2025,,031-310-3144,경기도 시흥시청,20260224
과림동20009,1,,,,,2024,,031-310-3144,경기도 시흥시청,20260224
정왕본동25002,1,,,,,2025,,031-310-3144,경기도 시흥시청,20260224
과림동2291부대앞,1,,,,,2024,,031-310-3144,경기도 시흥시청,20260224
군자동24013,1,,,,,2024,,031-310-3144,경기도 시흥시청,20260224
군자동24012,1,,,,,2024,,031-310-3144,경기도 시흥시청,20260224
군자동24006,1,,,,,2024,,031-310-3144,경기도 시흥시청,20260224
신현동19S060,1,,,,,2025,,031-310-3144,경기도 시흥시청,20260224
군자동24007,1,,,,,2024,,031-310-3144,경기도 시흥시청,20260224
은행동N147(은행346),1,,,,,2025,,031-310-3144,경기도 시흥시청,20260224
과림동20011,1,,,,,2024,,031-310-3144,경기도 시흥시청,20260224
은행동21010(은행동N148),1,,,,,2025,,031-310-3144,경기도 시흥시청,20260224
과림동20010,1,,,,,2024,,031-310-3144,경기도 시흥시청,20260224
군자동24009,1,,,,,2024,,031-310-3144,경기도 시흥시청,20260224
군자동24030,1,,,,,2024,,031-310-3144,경기도 시흥시청,20260224
목감동21011,1,,,,,2025,,031-310-3144,경기도 시흥시청,20260224
군자동24026,1,,,,,2024,,031-310-3144,경기도 시흥시청,20260224
목감동21010,1,,,,,2025,,031-310-3144,경기도 시흥시청,20260224
군자동24011,1,,,,,2024,,031-310-3144,경기도 시흥시청,20260224
군자동24029,1,,,,,2024,,031-310-3144,경기도 시흥시청,20260224
신현동N071,1,,,,,2024,,031-310-3144,경기도 시흥시청,20260224
신현동N228,1,,,,,2024,,031-310-3144,경기도 시흥시청,20260224
은행동21012,1,,,,,2025,,031-310-3144,경기도 시흥시청,20260224
목감동24019,1,,,,,2024,,031-310-3144,경기도 시흥시청,20260224
군자동24032,1,,,,,2024,,031-310-3144,경기도 시흥시청,20260224
매화동21002,1,,,,,2025,,031-310-3144,경기도 시흥시청,20260224
군자동24031,1,,,,,2024,,031-310-3144,경기도 시흥시청,20260224
군자동24016,1,,,,,2024,,031-310-3144,경기도 시흥시청,20260224
연성동17002,1,,,,,2017,,031-310-3144,경기도 시흥시청,20260224
목감동17011,1,,,,,2017,,031-310-3144,경기도 시흥시청,20260224
매화동21004,1,,,,,2025,,031-310-3144,경기도 시흥시청,20260224
군자동24017,1,,,,,2024,,031-310-3144,경기도 시흥시청,20260224
대야708,1,,,,,2017,,031-310-3144,경기도 시흥시청,20260224
신천동19018,1,,,,,2025,,031-310-3144,경기도 시흥시청,20260224
대야710,1,,,,,2017,,031-310-3144,경기도 시흥시청,20260224
군자동24025,1,,,,,2024,,031-310-3144,경기도 시흥시청,20260224
군자동,1,,,,,2017,,031-310-3144,경기도 시흥시청,20260224
군자동24027,1,,,,,2024,,031-310-3144,경기도 시흥시청,20260224
은행동21005,1,,,,,2025,,031-310-3144,경기도 시흥시청,20260224
군자동24028,1,,,,,2024,,031-310-3144,경기도 시흥시청,20260224
군자512,1,,,,,2024,,031-310-3144,경기도 시흥시청,20260224
군자513,1,,,,,2024,,031-310-3144,경기도 시흥시청,20260224
표찰없음1,1,,,,,2025,,031-310-3144,경기도 시흥시청,20260224
표찰없음2,1,,,,,2025,,031-310-3144,경기도 시흥시청,20260224
목감178,1,,,,,2017,,031-310-3144,경기도 시흥시청,20260224
표찰확인 필요,1,,,,,2025,,031-310-3144,경기도 시흥시청,20260224
월곶002,1,,,,,2017,,031-310-3144,경기도 시흥시청,20260224
군자515,1,,,,,2024,,031-310-3144,경기도 시흥시청,20260224
군자516,1,,,,,2024,,031-310-3144,경기도 시흥시청,20260224
목감동25010,1,,,,,2025,,031-310-3144,경기도 시흥시청,20260224
대야동20017,1,,,,,2025,,031-310-3144,경기도 시흥시청,20260224
신천동19S623,1,,,,,2017,,031-310-3144,경기도 시흥시청,20260224
매화동24177,1,,,,,2024,,031-310-3144,경기도 시흥시청,20260224
은행동N098,1,,,,,2017,,031-310-3144,경기도 시흥시청,20260224
과림동25002,1,,,,,2025,,031-310-3144,경기도 시흥시청,20260224
군자518,1,,,,,2024,,031-310-3144,경기도 시흥시청,20260224
매화동25003,1,,,,,2025,,031-310-3144,경기도 시흥시청,20260224
정왕본동603,1,,,,,2024,,031-310-3144,경기도 시흥시청,20260224
연설동24005,1,,,,,2024,,031-310-3144,경기도 시흥시청,20260224
정왕본동605,1,,,,,2024,,031-310-3144,경기도 시흥시청,20260224
정왕본동607,1,,,,,2024,,031-310-3144,경기도 시흥시청,20260224
목감동24022,1,,,,,2024,,031-310-3144,경기도 시흥시청,20260224
목감동25008,1,,,,,2025,,031-310-3144,경기도 시흥시청,20260224
목감동25009,1,,,,,2025,,031-310-3144,경기도 시흥시청,20260224
정왕본동608,1,,,,,2024,,031-310-3144,경기도 시흥시청,20260224
정왕본동609,1,,,,,2024,,031-310-3144,경기도 시흥시청,20260224
정왕본동614,1,,,,,2024,,031-310-3144,경기도 시흥시청,20260224
정왕본동615,1,,,,,2024,,031-310-3144,경기도 시흥시청,20260224
정왕본동616,1,,,,,2024,,031-310-3144,경기도 시흥시청,20260224
정왕본동617,1,,,,,2024,,031-310-3144,경기도 시흥시청,20260224
목감동24014,1,,,,,2024,,031-310-3144,경기도 시흥시청,20260224
과림동24005,1,,,,,2024,,031-310-3144,경기도 시흥시청,20260224
정왕3동020,1,,,,,2024,,031-310-3144,경기도 시흥시청,20260224
과림동24003,1,,,,,2024,,031-310-3144,경기도 시흥시청,20260224
정왕본동620,1,,,,,2024,,031-310-3144,경기도 시흥시청,20260224
정왕본동621,1,,,,,2024,,031-310-3144,경기도 시흥시청,20260224
신현동24006,1,,,,,2024,,031-310-3144,경기도 시흥시청,20260224
신현동24007,1,,,,,2024,,031-310-3144,경기도 시흥시청,20260224
군자동24010,1,,,,,2024,,031-310-3144,경기도 시흥시청,20260224
은행동N124,1,,,,,2024,,031-310-3144,경기도 시흥시청,20260224
신현동N171,1,,,,,2024,,031-310-3144,경기도 시흥시청,20260224
신현동24008,1,,,,,2024,,031-310-3144,경기도 시흥시청,20260224
목감동19S290,1,,,,,2024,,031-310-3144,경기도 시흥시청,20260224
정왕본동643,1,,,,,2024,,031-310-3144,경기도 시흥시청,20260224
목감동19S105,1,,,,,2024,,031-310-3144,경기도 시흥시청,20260224
정왕본동644,1,,,,,2024,,031-310-3144,경기도 시흥시청,20260224
계수동24001,1,,,,,2024,,031-310-3144,경기도 시흥시청,20260224
정왕본동717,1,,,,,2024,,031-310-3144,경기도 시흥시청,20260224
신현동19S108,1,,,,,2024,,031-310-3144,경기도 시흥시청,20260224
신현동19S103,1,,,,,2024,,031-310-3144,경기도 시흥시청,20260224
정왕본동718,1,,,,,2024,,031-310-3144,경기도 시흥시청,20260224
신현동19S079,1,,,,,2024,,031-310-3144,경기도 시흥시청,20260224
정왕본동719,1,,,,,2024,,031-310-3144,경기도 시흥시청,20260224
신현동19S080,1,,,,,2024,,031-310-3144,경기도 시흥시청,20260224
신현동19S076,1,,,,,2024,,031-310-3144,경기도 시흥시청,20260224
정왕본동720,1,,,,,2024,,031-310-3144,경기도 시흥시청,20260224
신현동19S158,1,,,,,2024,,031-310-3144,경기도 시흥시청,20260224
연성동24004,1,,,,,2024,,031-310-3144,경기도 시흥시청,20260224
매화동542,1,,,,,2024,,031-310-3144,경기도 시흥시청,20260224
목감동19S067,1,,,,,2024,,031-310-3144,경기도 시흥시청,20260224
정왕본동721,1,,,,,2024,,031-310-3144,경기도 시흥시청,20260224
목감동624,1,,,,,2024,,031-310-3144,경기도 시흥시청,20260224
정왕본동722,1,,,,,2024,,031-310-3144,경기도 시흥시청,20260224
목감동N078,1,,,,,2024,,031-310-3144,경기도 시흥시청,20260224
목감130,1,,,,,2024,,031-310-3144,경기도 시흥시청,20260224
군자동21006(정전),1,,,,,2024,,031-310-3144,경기도 시흥시청,20260224
신천동19S511,1,,,,,2023,,031-310-3144,경기도 시흥시청,20260224
정왕본동363,1,,,,,2024,,031-310-3144,경기도 시흥시청,20260224
과림동N077,1,,,,,2023,,031-310-3144,경기도 시흥시청,20260224
과림동429,1,,,,,2023,,031-310-3144,경기도 시흥시청,20260224
목감동19S079,1,,,,,2024,,031-310-3144,경기도 시흥시청,20260224
정왕본동 23021,1,,,,,2023,,031-310-3144,경기도 시흥시청,20260224
정왕본동581,1,,,,,2024,,031-310-3144,경기도 시흥시청,20260224
대야동21U034,1,,,,,2023,,031-310-3144,경기도 시흥시청,20260224
대야동19S192,1,,,,,2023,,031-310-3144,경기도 시흥시청,20260224
은행동24002,1,,,,,2024,,031-310-3144,경기도 시흥시청,20260224
군자동567,1,,,,,2024,,031-310-3144,경기도 시흥시청,20260224
16s195,1,,,,,2025,,031-310-3144,경기도 시흥시청,20260224
대야동23008,1,,,,,2023,,031-310-3144,경기도 시흥시청,20260224
목감598,1,,,,,2025,,031-310-3144,경기도 시흥시청,20260224
신현동 N23076,1,,,,,2023,,031-310-3144,경기도 시흥시청,20260224
군자동568,1,,,,,2024,,031-310-3144,경기도 시흥시청,20260224
신현동 N23077,1,,,,,2023,,031-310-3144,경기도 시흥시청,20260224
군자동604,1,,,,,2024,,031-310-3144,경기도 시흥시청,20260224
군자동23003,1,,,,,2023,,031-310-3144,경기도 시흥시청,20260224
연성동23005,1,,,,,2023,,031-310-3144,경기도 시흥시청,20260224
과림동24004,1,,,,,2024,,031-310-3144,경기도 시흥시청,20260224
신현동23006,1,,,,,2025,,031-310-3144,경기도 시흥시청,20260224
정왕3동N23011,1,,,,,2023,,031-310-3144,경기도 시흥시청,20260224
매화동25001,1,,,,,2025,,031-310-3144,경기도 시흥시청,20260224
정왕3동N23024,1,,,,,2023,,031-310-3144,경기도 시흥시청,20260224
신천동25001,1,,,,,2025,,031-310-3144,경기도 시흥시청,20260224
신현550,1,,,,,2025,,031-310-3144,경기도 시흥시청,20260224
신현동N043,1,,,,,2024,,031-310-3144,경기도 시흥시청,20260224
신현동 N23088,1,,,,,2023,,031-310-3144,경기도 시흥시청,20260224
신현동N080,1,,,,,2024,,031-310-3144,경기도 시흥시청,20260224
신현동N092,1,,,,,2024,,031-310-3144,경기도 시흥시청,20260224
대야동24007,1,,,,,2024,,031-310-3144,경기도 시흥시청,20260224
신현동 N23094,1,,,,,2023,,031-310-3144,경기도 시흥시청,20260224
신현동N093,1,,,,,2024,,031-310-3144,경기도 시흥시청,20260224
매화동24178,1,,,,,2024,,031-310-3144,경기도 시흥시청,20260224
은행동N22016,1,,,,,2022,,031-310-3144,경기도 시흥시청,20260224
목감동24013,1,,,,,2024,,031-310-3144,경기도 시흥시청,20260224
은행동N22015,1,,,,,2022,,031-310-3144,경기도 시흥시청,20260224
은행동N22014,1,,,,,2022,,031-310-3144,경기도 시흥시청,20260224
목감동24015,1,,,,,2024,,031-310-3144,경기도 시흥시청,20260224
신천동23001,1,,,,,2024,,031-310-3144,경기도 시흥시청,20260224
신현동N151,1,,,,,2024,,031-310-3144,경기도 시흥시청,20260224
은행동N22013,1,,,,,2022,,031-310-3144,경기도 시흥시청,20260224
신현동N157,1,,,,,2024,,031-310-3144,경기도 시흥시청,20260224
신현동N158,1,,,,,2024,,031-310-3144,경기도 시흥시청,20260224
목감동N054,1,,,,,2024,,031-310-3144,경기도 시흥시청,20260224
매화동24160,1,,,,,2024,,031-310-3144,경기도 시흥시청,20260224
매화동24165,1,,,,,2024,,031-310-3144,경기도 시흥시청,20260224
은행동N22012,1,,,,,2022,,031-310-3144,경기도 시흥시청,20260224
신현동N173,1,,,,,2024,,031-310-3144,경기도 시흥시청,20260224
신현동N174,1,,,,,2024,,031-310-3144,경기도 시흥시청,20260224
매화동24175,1,,,,,2024,,031-310-3144,경기도 시흥시청,20260224
월곶동N011,1,,,,,2024,,031-310-3144,경기도 시흥시청,20260224
매화동24151,1,,,,,2024,,031-310-3144,경기도 시흥시청,20260224
정왕1동338-1,1,,,,,2024,,031-310-3144,경기도 시흥시청,20260224
월곶동N012,1,,,,,2024,,031-310-3144,경기도 시흥시청,20260224
군자동22015,1,,,,,2023,,031-310-3144,경기도 시흥시청,20260224
정왕본동851,1,,,,,2024,,031-310-3144,경기도 시흥시청,20260224
월곶동N013,1,,,,,2024,,031-310-3144,경기도 시흥시청,20260224
군자동22014,1,,,,,2023,,031-310-3144,경기도 시흥시청,20260224
월곶동N014,1,,,,,2024,,031-310-3144,경기도 시흥시청,20260224
정왕본동815,1,,,,,2024,,031-310-3144,경기도 시흥시청,20260224
정왕본동816,1,,,,,2024,,031-310-3144,경기도 시흥시청,20260224
월곶동N018,1,,,,,2024,,031-310-3144,경기도 시흥시청,20260224
군자동22013,1,,,,,2023,,031-310-3144,경기도 시흥시청,20260224
군자동22012,1,,,,,2023,,031-310-3144,경기도 시흥시청,20260224
월곶동N029,1,,,,,2024,,031-310-3144,경기도 시흥시청,20260224
정왕본동818,1,,,,,2024,,031-310-3144,경기도 시흥시청,20260224
군자동22010,1,,,,,2023,,031-310-3144,경기도 시흥시청,20260224
정왕본동820,1,,,,,2024,,031-310-3144,경기도 시흥시청,20260224
정왕본동852,1,,,,,2024,,031-310-3144,경기도 시흥시청,20260224
정왕본동855,1,,,,,2024,,031-310-3144,경기도 시흥시청,20260224
정왕본동857,1,,,,,2024,,031-310-3144,경기도 시흥시청,20260224
군자동22008,1,,,,,2023,,031-310-3144,경기도 시흥시청,20260224
월곶동N032,1,,,,,2024,,031-310-3144,경기도 시흥시청,20260224
월곶동N033,1,,,,,2024,,031-310-3144,경기도 시흥시청,20260224
군자동22007,1,,,,,2023,,031-310-3144,경기도 시흥시청,20260224
정왕본동859,1,,,,,2024,,031-310-3144,경기도 시흥시청,20260224
정왕본동860,1,,,,,2024,,031-310-3144,경기도 시흥시청,20260224
월곶동N035,1,,,,,2024,,031-310-3144,경기도 시흥시청,20260224
월곶동N039,1,,,,,2024,,031-310-3144,경기도 시흥시청,20260224
대야182,1,,,,,2011,,031-310-3144,경기도 시흥시청,20260224
월곶동N040,1,,,,,2024,,031-310-3144,경기도 시흥시청,20260224
월곶동N061,1,,,,,2024,,031-310-3144,경기도 시흥시청,20260224
계수동20U221,1,,,,,2023,,031-310-3144,경기도 시흥시청,20260224
신천동24004,1,,,,,2024,,031-310-3144,경기도 시흥시청,20260224
정왕본동790,1,,,,,2023,,031-310-3144,경기도 시흥시청,20260224
정왕본동23014,1,,,,,2023,,031-310-3144,경기도 시흥시청,20260224
월곶동23002,1,,,,,2023,,031-310-3144,경기도 시흥시청,20260224
과림동22046,1,,,,,2022,,031-310-3144,경기도 시흥시청,20260224
연성동N100,1,,,,,2022,,031-310-3144,경기도 시흥시청,20260224
신천동24005,1,,,,,2024,,031-310-3144,경기도 시흥시청,20260224
매화동17004,1,,,,,2024,,031-310-3144,경기도 시흥시청,20260224
연성동N012,1,,,,,2022,,031-310-3144,경기도 시흥시청,20260224
은행265,1,,,,,2022,,031-310-3144,경기도 시흥시청,20260224
신현동N248,1,,,,,2022,,031-310-3144,경기도 시흥시청,20260224
목감동24001,1,,,,,2024,,031-310-3144,경기도 시흥시청,20260224
목감동22032,1,,,,,2022,,031-310-3144,경기도 시흥시청,20260224
목감동22033,1,,,,,2022,,031-310-3144,경기도 시흥시청,20260224
목감동22034,1,,,,,2022,,031-310-3144,경기도 시흥시청,20260224
신현155,1,,,,,2024,,031-310-3144,경기도 시흥시청,20260224
목감동19S070,1,,,,,2022,,031-310-3144,경기도 시흥시청,20260224
신현005,1,,,,,2024,,031-310-3144,경기도 시흥시청,20260224
신현006,1,,,,,2024,,031-310-3144,경기도 시흥시청,20260224
은행동21004(은행동19s046),1,,,,,2024,,031-310-3144,경기도 시흥시청,20260224
대야동23019,1,,,,,2024,,031-310-3144,경기도 시흥시청,20260224
신현007,1,,,,,2024,,031-310-3144,경기도 시흥시청,20260224
능곡동22008,1,,,,,2022,,031-310-3144,경기도 시흥시청,20260224
시화초교정문-1,1,,,,,2024,,031-310-3144,경기도 시흥시청,20260224
신현009,1,,,,,2024,,031-310-3144,경기도 시흥시청,20260224
능곡동22009,1,,,,,2022,,031-310-3144,경기도 시흥시청,20260224
신현241,1,,,,,2024,,031-310-3144,경기도 시흥시청,20260224
시화초교정문-2,1,,,,,2024,,031-310-3144,경기도 시흥시청,20260224
신현동N114,1,,,,,2024,,031-310-3144,경기도 시흥시청,20260224
신현동N283,1,,,,,2022,,031-310-3144,경기도 시흥시청,20260224
신현동N279,1,,,,,2022,,031-310-3144,경기도 시흥시청,20260224
신현011,1,,,,,2024,,031-310-3144,경기도 시흥시청,20260224
정왕본동726,1,,,,,2024,,031-310-3144,경기도 시흥시청,20260224
신현동N280,1,,,,,2022,,031-310-3144,경기도 시흥시청,20260224
시화초교정문-3,1,,,,,2024,,031-310-3144,경기도 시흥시청,20260224
정왕본동727,1,,,,,2024,,031-310-3144,경기도 시흥시청,20260224
시화초교정문-4,1,,,,,2024,,031-310-3144,경기도 시흥시청,20260224
신현동N281,1,,,,,2022,,031-310-3144,경기도 시흥시청,20260224
정왕본동729,1,,,,,2024,,031-310-3144,경기도 시흥시청,20260224
정왕본동730,1,,,,,2024,,031-310-3144,경기도 시흥시청,20260224
정왕본동731,1,,,,,2024,,031-310-3144,경기도 시흥시청,20260224
신현동N282,1,,,,,2022,,031-310-3144,경기도 시흥시청,20260224
과림동N093,1,,,,,2024,,031-310-3144,경기도 시흥시청,20260224
정왕본동732,1,,,,,2024,,031-310-3144,경기도 시흥시청,20260224
정왕본동N102,1,,,,,2024,,031-310-3144,경기도 시흥시청,20260224
정왕본동N156,1,,,,,2024,,031-310-3144,경기도 시흥시청,20260224
정왕본동733,1,,,,,2024,,031-310-3144,경기도 시흥시청,20260224
정왕본동N157,1,,,,,2024,,031-310-3144,경기도 시흥시청,20260224
정왕본동N158,1,,,,,2024,,031-310-3144,경기도 시흥시청,20260224
정왕본동734,1,,,,,2024,,031-310-3144,경기도 시흥시청,20260224
신현동N239,1,,,,,2022,,031-310-3144,경기도 시흥시청,20260224
과림동22043,1,,,,,2022,,031-310-3144,경기도 시흥시청,20260224
대야030,1,,,,,2011,,031-310-3144,경기도 시흥시청,20260224
정왕본동735,1,,,,,2024,,031-310-3144,경기도 시흥시청,20260224
대야038,1,,,,,2011,,031-310-3144,경기도 시흥시청,20260224
과림동22044,1,,,,,2022,,031-310-3144,경기도 시흥시청,20260224
연성동22003,1,,,,,2022,,031-310-3144,경기도 시흥시청,20260224
연성동22004,1,,,,,2022,,031-310-3144,경기도 시흥시청,20260224
신천동19S012,1,,,,,2011,,031-310-3144,경기도 시흥시청,20260224
신천동19S019,1,,,,,2011,,031-310-3144,경기도 시흥시청,20260224
정왕본동781,1,,,,,2024,,031-310-3144,경기도 시흥시청,20260224
정왕본동782,1,,,,,2024,,031-310-3144,경기도 시흥시청,20260224
신천동N22016,1,,,,,2022,,031-310-3144,경기도 시흥시청,20260224
매화동22019,1,,,,,2022,,031-310-3144,경기도 시흥시청,20260224
매화동22020,1,,,,,2022,,031-310-3144,경기도 시흥시청,20260224
신천동19S131,1,,,,,2011,,031-310-3144,경기도 시흥시청,20260224
신천동19S130,1,,,,,2011,,031-310-3144,경기도 시흥시청,20260224
정왕본동783,1,,,,,2024,,031-310-3144,경기도 시흥시청,20260224
매화동22021,1,,,,,2022,,031-310-3144,경기도 시흥시청,20260224
목감동22019,1,,,,,2022,,031-310-3144,경기도 시흥시청,20260224
군자517,1,,,,,2022,,031-310-3144,경기도 시흥시청,20260224
군자동N240,1,,,,,2022,,031-310-3144,경기도 시흥시청,20260224
신천765,1,,,,,2011,,031-310-3144,경기도 시흥시청,20260224
정왕본동784,1,,,,,2024,,031-310-3144,경기도 시흥시청,20260224
매화동22017,1,,,,,2022,,031-310-3144,경기도 시흥시청,20260224
정왕본동788,1,,,,,2024,,031-310-3144,경기도 시흥시청,20260224
정왕본동791,1,,,,,2024,,031-310-3144,경기도 시흥시청,20260224
신천동19S009,1,,,,,2011,,031-310-3144,경기도 시흥시청,20260224
정왕본동792,1,,,,,2024,,031-310-3144,경기도 시흥시청,20260224
연성동N088,1,,,,,2022,,031-310-3144,경기도 시흥시청,20260224
과림동22038,1,,,,,2022,,031-310-3144,경기도 시흥시청,20260224
대야동N22002,1,,,,,2022,,031-310-3144,경기도 시흥시청,20260224
신천동19S007,1,,,,,2011,,031-310-3144,경기도 시흥시청,20260224
정왕본동793,1,,,,,2024,,031-310-3144,경기도 시흥시청,20260224
신천동19S123,1,,,,,2011,,031-310-3144,경기도 시흥시청,20260224
정왕본동795,1,,,,,2024,,031-310-3144,경기도 시흥시청,20260224
월곶동N062,1,,,,,2024,,031-310-3144,경기도 시흥시청,20260224
대야동N22003,1,,,,,2022,,031-310-3144,경기도 시흥시청,20260224
신천동19S021,1,,,,,2011,,031-310-3144,경기도 시흥시청,20260224
능곡동22001,1,,,,,2022,,031-310-3144,경기도 시흥시청,20260224
월곶동N063,1,,,,,2024,,031-310-3144,경기도 시흥시청,20260224
은행동22016,1,,,,,2022,,031-310-3144,경기도 시흥시청,20260224
월곶동N069,1,,,,,2024,,031-310-3144,경기도 시흥시청,20260224
은행동22017,1,,,,,2022,,031-310-3144,경기도 시흥시청,20260224
목감동23004,1,,,,,2023,,031-310-3144,경기도 시흥시청,20260224
신천동19S015,1,,,,,2011,,031-310-3144,경기도 시흥시청,20260224
신현동23035,1,,,,,2023,,031-310-3144,경기도 시흥시청,20260224
신현동23034,1,,,,,2023,,031-310-3144,경기도 시흥시청,20260224
신천동19S122,1,,,,,2011,,031-310-3144,경기도 시흥시청,20260224
신현동23033,1,,,,,2023,,031-310-3144,경기도 시흥시청,20260224
정왕본동25001,1,,,,,2025,,031-310-3144,경기도 시흥시청,20260224
신현동23005 (고소),1,,,,,2025,,031-310-3144,경기도 시흥시청,20260224
신현동19S041,1,,,,,2025,,031-310-3144,경기도 시흥시청,20260224
신천동19S010,1,,,,,2011,,031-310-3144,경기도 시흥시청,20260224
신천동19S011,1,,,,,2011,,031-310-3144,경기도 시흥시청,20260224
신천620,1,,,,,2011,,031-310-3144,경기도 시흥시청,20260224
신천661,1,,,,,2011,,031-310-3144,경기도 시흥시청,20260224
신천662,1,,,,,2011,,031-310-3144,경기도 시흥시청,20260224
신천665,1,,,,,2011,,031-310-3144,경기도 시흥시청,20260224
신천666,1,,,,,2011,,031-310-3144,경기도 시흥시청,20260224
신천667,1,,,,,2011,,031-310-3144,경기도 시흥시청,20260224
대야184,1,,,,,2011,,031-310-3144,경기도 시흥시청,20260224
대야044,1,,,,,2011,,031-310-3144,경기도 시흥시청,20260224
대야045,1,,,,,2011,,031-310-3144,경기도 시흥시청,20260224
대야046,1,,,,,2011,,031-310-3144,경기도 시흥시청,20260224
대야055,1,,,,,2011,,031-310-3144,경기도 시흥시청,20260224
대야210,1,,,,,2011,,031-310-3144,경기도 시흥시청,20260224
대야212,1,,,,,2011,,031-310-3144,경기도 시흥시청,20260224
대야216,1,,,,,2011,,031-310-3144,경기도 시흥시청,20260224
대야217,1,,,,,2011,,031-310-3144,경기도 시흥시청,20260224
대야068,1,,,,,2011,,031-310-3144,경기도 시흥시청,20260224
대야220,1,,,,,2011,,031-310-3144,경기도 시흥시청,20260224
대야070,1,,,,,2011,,031-310-3144,경기도 시흥시청,20260224
대야222,1,,,,,2011,,031-310-3144,경기도 시흥시청,20260224
대야223[표찰무],1,,,,,2011,,031-310-3144,경기도 시흥시청,20260224
대야071,1,,,,,2011,,031-310-3144,경기도 시흥시청,20260224
대야073,1,,,,,2011,,031-310-3144,경기도 시흥시청,20260224
대야075,1,,,,,2011,,031-310-3144,경기도 시흥시청,20260224
대야076,1,,,,,2011,,031-310-3144,경기도 시흥시청,20260224
대야077,1,,,,,2011,,031-310-3144,경기도 시흥시청,20260224
대야078,1,,,,,2011,,031-310-3144,경기도 시흥시청,20260224
대야079,1,,,,,2011,,031-310-3144,경기도 시흥시청,20260224
대야081,1,,,,,2011,,031-310-3144,경기도 시흥시청,20260224
대야082,1,,,,,2011,,031-310-3144,경기도 시흥시청,20260224
대야동21U101,1,,,,,2011,,031-310-3144,경기도 시흥시청,20260224
대야008,1,,,,,2011,,031-310-3144,경기도 시흥시청,20260224
대야028,1,,,,,2011,,031-310-3144,경기도 시흥시청,20260224
계수동20U273(농작물소등 ~24.09.30),1,,,,,2024,,031-310-3144,경기도 시흥시청,20260224
매화동24025,1,,,,,2024,,031-310-3144,경기도 시흥시청,20260224
매화동24042,1,,,,,2024,,031-310-3144,경기도 시흥시청,20260224
매화동24059,1,,,,,2024,,031-310-3144,경기도 시흥시청,20260224
목감동19S050,1,,,,,2024,,031-310-3144,경기도 시흥시청,20260224
매화동19S065,1,,,,,2024,,031-310-3144,경기도 시흥시청,20260224
목감동24018,1,,,,,2024,,031-310-3144,경기도 시흥시청,20260224
대야동N191,1,,,,,2024,,031-310-3144,경기도 시흥시청,20260224
북부권5,1,,,,,2024,,031-310-3144,경기도 시흥시청,20260224
매화동17003,1,,,,,2024,,031-310-3144,경기도 시흥시청,20260224
목감동24020,1,,,,,2024,,031-310-3144,경기도 시흥시청,20260224
신현229,1,,,,,2024,,031-310-3144,경기도 시흥시청,20260224
신현동N232,1,,,,,2024,,031-310-3144,경기도 시흥시청,20260224
신현228,1,,,,,2024,,031-310-3144,경기도 시흥시청,20260224
신현226,1,,,,,2024,,031-310-3144,경기도 시흥시청,20260224
신현225,1,,,,,2024,,031-310-3144,경기도 시흥시청,20260224
신현동19S221,1,,,,,2024,,031-310-3144,경기도 시흥시청,20260224
대야동N23028(고소)농작물강제소등,1,,,,,2024,,031-310-3144,경기도 시흥시청,20260224
신현동19S140,1,,,,,2024,,031-310-3144,경기도 시흥시청,20260224
능곡094,1,,,,,2024,,031-310-3144,경기도 시흥시청,20260224
신현636,1,,,,,2024,,031-310-3144,경기도 시흥시청,20260224
신현637,1,,,,,2024,,031-310-3144,경기도 시흥시청,20260224
신현638,1,,,,,2024,,031-310-3144,경기도 시흥시청,20260224
신현639,1,,,,,2024,,031-310-3144,경기도 시흥시청,20260224
신현640,1,,,,,2024,,031-310-3144,경기도 시흥시청,20260224
신현641,1,,,,,2024,,031-310-3144,경기도 시흥시청,20260224
신현642,1,,,,,2024,,031-310-3144,경기도 시흥시청,20260224
대야동23N039(터널등),1,,,,,2024,,031-310-3144,경기도 시흥시청,20260224
장곡동24060,1,,,,,2024,,031-310-3144,경기도 시흥시청,20260224
연성동18005(정전),1,,,,,2024,,031-310-3144,경기도 시흥시청,20260224
목감322,1,,,,,2024,,031-310-3144,경기도 시흥시청,20260224
연성동N051,1,,,,,2024,,031-310-3144,경기도 시흥시청,20260224
목감180,1,,,,,2024,,031-310-3144,경기도 시흥시청,20260224
연성동N052(전력이상),1,,,,,2024,,031-310-3144,경기도 시흥시청,20260224
연성동24002,1,,,,,2024,,031-310-3144,경기도 시흥시청,20260224
연성동24003,1,,,,,2024,,031-310-3144,경기도 시흥시청,20260224
목감동24012,1,,,,,2024,,031-310-3144,경기도 시흥시청,20260224
군자동N009,1,,,,,2024,,031-310-3144,경기도 시흥시청,20260224
군자동N013,1,,,,,2024,,031-310-3144,경기도 시흥시청,20260224
군자동N014,1,,,,,2024,,031-310-3144,경기도 시흥시청,20260224
군자동N015,1,,,,,2024,,031-310-3144,경기도 시흥시청,20260224
군자동N016,1,,,,,2024,,031-310-3144,경기도 시흥시청,20260224
군자동N017,1,,,,,2024,,031-310-3144,경기도 시흥시청,20260224
군자동N030,1,,,,,2024,,031-310-3144,경기도 시흥시청,20260224
신현동N020,1,,,,,2024,,031-310-3144,경기도 시흥시청,20260224
정왕본동N219,1,,,,,2024,,031-310-3144,경기도 시흥시청,20260224
정왕본동N220,1,,,,,2024,,031-310-3144,경기도 시흥시청,20260224
정왕본동N225,1,,,,,2024,,031-310-3144,경기도 시흥시청,20260224
군자392,1,,,,,2024,,031-310-3144,경기도 시흥시청,20260224
군자525,1,,,,,2024,,031-310-3144,경기도 시흥시청,20260224
군자549,1,,,,,2024,,031-310-3144,경기도 시흥시청,20260224
신현714,1,,,,,2024,,031-310-3144,경기도 시흥시청,20260224
정왕본동568,1,,,,,2024,,031-310-3144,경기도 시흥시청,20260224
정왕본동619,1,,,,,2024,,031-310-3144,경기도 시흥시청,20260224
봉화로774,1,,,,,2024,,031-310-3144,경기도 시흥시청,20260224
정왕본동 21002,1,,,,,2024,,031-310-3144,경기도 시흥시청,20260224
월곶동21001,1,,,,,2024,,031-310-3144,경기도 시흥시청,20260224
군자357,1,,,,,2024,,031-310-3144,경기도 시흥시청,20260224
군자동23022,1,,,,,2024,,031-310-3144,경기도 시흥시청,20260224
월곶NO002,1,,,,,2024,,031-310-3144,경기도 시흥시청,20260224
dong2,1,,,,,2024,,031-310-3144,경기도 시흥시청,20260224
신현동 N23029,1,,,,,2024,,031-310-3144,경기도 시흥시청,20260224
신현동N023,1,,,,,2024,,031-310-3144,경기도 시흥시청,20260224
9219R487,1,,,,,2024,,031-310-3144,경기도 시흥시청,20260224
domg 1,1,,,,,2024,,031-310-3144,경기도 시흥시청,20260224
과림동24006,1,,,,,2024,,031-310-3144,경기도 시흥시청,20260224
군자동24092,1,,,,,2024,,031-310-3144,경기도 시흥시청,20260224
과림501,1,,,,,2024,,031-310-3144,경기도 시흥시청,20260224
과림동N133,1,,,,,2024,,031-310-3144,경기도 시흥시청,20260224
목감동19S277,1,,,,,2024,,031-310-3144,경기도 시흥시청,20260224
목감동19S275,1,,,,,2024,,031-310-3144,경기도 시흥시청,20260224
목감동24011,1,,,,,2024,,031-310-3144,경기도 시흥시청,20260224
목감동24009,1,,,,,2024,,031-310-3144,경기도 시흥시청,20260224
목감동24010,1,,,,,2024,,031-310-3144,경기도 시흥시청,20260224
신천동24008,1,,,,,2024,,031-310-3144,경기도 시흥시청,20260224
신천동24009,1,,,,,2024,,031-310-3144,경기도 시흥시청,20260224
신현동24003,1,,,,,2024,,031-310-3144,경기도 시흥시청,20260224
신현동24004,1,,,,,2024,,031-310-3144,경기도 시흥시청,20260224
목감동24002,1,,,,,2024,,031-310-3144,경기도 시흥시청,20260224
목감동24003,1,,,,,2024,,031-310-3144,경기도 시흥시청,20260224
연희아파트인도,1,,,,,2024,,031-310-3144,경기도 시흥시청,20260224
신천동24007,1,,,,,2024,,031-310-3144,경기도 시흥시청,20260224
목감264,1,,,,,2024,,031-310-3144,경기도 시흥시청,20260224
목감265,1,,,,,2024,,031-310-3144,경기도 시흥시청,20260224
과림동24001,1,,,,,2024,,031-310-3144,경기도 시흥시청,20260224
과림동24002,1,,,,,2024,,031-310-3144,경기도 시흥시청,20260224
목감동19S097,1,,,,,2024,,031-310-3144,경기도 시흥시청,20260224
과림138,1,,,,,2024,,031-310-3144,경기도 시흥시청,20260224
매화동19S270,1,,,,,2024,,031-310-3144,경기도 시흥시청,20260224
신현동24002,1,,,,,2024,,031-310-3144,경기도 시흥시청,20260224
목감동19S131,1,,,,,2024,,031-310-3144,경기도 시흥시청,20260224
법련사,1,,,,,2024,,031-310-3144,경기도 시흥시청,20260224
매화동18004,1,,,,,2024,,031-310-3144,경기도 시흥시청,20260224
매화동23003,1,,,,,2024,,031-310-3144,경기도 시흥시청,20260224
목감498,1,,,,,2024,,031-310-3144,경기도 시흥시청,20260224
목감499(단선),1,,,,,2024,,031-310-3144,경기도 시흥시청,20260224
목감604,1,,,,,2024,,031-310-3144,경기도 시흥시청,20260224
목감603,1,,,,,2024,,031-310-3144,경기도 시흥시청,20260224
매화동19S117,1,,,,,2024,,031-310-3144,경기도 시흥시청,20260224
매화동19006(농사-점등),1,,,,,2024,,031-310-3144,경기도 시흥시청,20260224
매화동N063(농사-점등),1,,,,,2024,,031-310-3144,경기도 시흥시청,20260224
대야동24006,1,,,,,2024,,031-310-3144,경기도 시흥시청,20260224
대야동24005,1,,,,,2024,,031-310-3144,경기도 시흥시청,20260224
신천동24006,1,,,,,2024,,031-310-3144,경기도 시흥시청,20260224
목감동N027,1,,,,,2024,,031-310-3144,경기도 시흥시청,20260224
은행동19S023,1,,,,,2024,,031-310-3144,경기도 시흥시청,20260224
대야동23004,1,,,,,2024,,031-310-3144,경기도 시흥시청,20260224
정왕본동23024,1,,,,,2024,,031-310-3144,경기도 시흥시청,20260224
신천동24001,1,,,,,2024,,031-310-3144,경기도 시흥시청,20260224
신현동S23039,1,,,,,2024,,031-310-3144,경기도 시흥시청,20260224
월곶동24001,1,,,,,2024,,031-310-3144,경기도 시흥시청,20260224
대야동23003,1,,,,,2024,,031-310-3144,경기도 시흥시청,20260224
계수동20U249,1,,,,,2024,,031-310-3144,경기도 시흥시청,20260224
목감동23019,1,,,,,2024,,031-310-3144,경기도 시흥시청,20260224
목감동23018,1,,,,,2024,,031-310-3144,경기도 시흥시청,20260224
목감동23017,1,,,,,2024,,031-310-3144,경기도 시흥시청,20260224
목감동23021,1,,,,,2023,,031-310-3144,경기도 시흥시청,20260224
매화동23008,1,,,,,2023,,031-310-3144,경기도 시흥시청,20260224
과림동23001,1,,,,,2023,,031-310-3144,경기도 시흥시청,20260224
과림동23002,1,,,,,2023,,031-310-3144,경기도 시흥시청,20260224
은행동21011,1,,,,,2023,,031-310-3144,경기도 시흥시청,20260224
목감동19S236,1,,,,,2023,,031-310-3144,경기도 시흥시청,20260224
대야동N202,1,,,,,2023,,031-310-3144,경기도 시흥시청,20260224
목감동N148,1,,,,,2023,,031-310-3144,경기도 시흥시청,20260224
목감동N140,1,,,,,2023,,031-310-3144,경기도 시흥시청,20260224
대야동23020,1,,,,,2023,,031-310-3144,경기도 시흥시청,20260224
목감동23020,1,,,,,2023,,031-310-3144,경기도 시흥시청,20260224
대야동23005,1,,,,,2023,,031-310-3144,경기도 시흥시청,20260224
정왕본동23025,1,,,,,2023,,031-310-3144,경기도 시흥시청,20260224
군자N218(미등록),1,,,,,2023,,031-310-3144,경기도 시흥시청,20260224
군자N220(미등록),1,,,,,2023,,031-310-3144,경기도 시흥시청,20260224
산뒤 미등록17,1,,,,,2023,,031-310-3144,경기도 시흥시청,20260224
과림동17001,1,,,,,2024,,031-310-3144,경기도 시흥시청,20260224
과림동24N003,1,,,,,2024,,031-310-3144,경기도 시흥시청,20260224
과림동24N004,1,,,,,2024,,031-310-3144,경기도 시흥시청,20260224
과림437,1,,,,,2024,,031-310-3144,경기도 시흥시청,20260224
과림438,1,,,,,2024,,031-310-3144,경기도 시흥시청,20260224
과림435,1,,,,,2024,,031-310-3144,경기도 시흥시청,20260224
과림457,1,,,,,2024,,031-310-3144,경기도 시흥시청,20260224
과림458,1,,,,,2024,,031-310-3144,경기도 시흥시청,20260224
과림459,1,,,,,2024,,031-310-3144,경기도 시흥시청,20260224
산뒤 미등록29(광원용량 확인필요),1,,,,,2024,,031-310-3144,경기도 시흥시청,20260224
목감동19S246,1,,,,,2024,,031-310-3144,경기도 시흥시청,20260224
목감613,1,,,,,2024,,031-310-3144,경기도 시흥시청,20260224
목감동24N001,1,,,,,2024,,031-310-3144,경기도 시흥시청,20260224
매화동19S338,1,,,,,2024,,031-310-3144,경기도 시흥시청,20260224
매화동N074,1,,,,,2024,,031-310-3144,경기도 시흥시청,20260224
신천동24003,1,,,,,2024,,031-310-3144,경기도 시흥시청,20260224
대야동24003,1,,,,,2024,,031-310-3144,경기도 시흥시청,20260224
과림098,1,,,,,2024,,031-310-3144,경기도 시흥시청,20260224
과림동526,1,,,,,2023,,031-310-3144,경기도 시흥시청,20260224
대야동21013,1,,,,,2023,,031-310-3144,경기도 시흥시청,20260224
산뒤 미등록18(군자동 N236),1,,,,,2023,,031-310-3144,경기도 시흥시청,20260224
산뒤 미등록19,1,,,,,2023,,031-310-3144,경기도 시흥시청,20260224
군자동 N223(미등록),1,,,,,2023,,031-310-3144,경기도 시흥시청,20260224
산뒤 미등록20,1,,,,,2023,,031-310-3144,경기도 시흥시청,20260224
군자동N235(미등록),1,,,,,2023,,031-310-3144,경기도 시흥시청,20260224
산뒤 미등록24,1,,,,,2023,,031-310-3144,경기도 시흥시청,20260224
산뒤 미등록25,1,,,,,2023,,031-310-3144,경기도 시흥시청,20260224
산뒤 미등록26,1,,,,,2023,,031-310-3144,경기도 시흥시청,20260224
산뒤 미등록27,1,,,,,2023,,031-310-3144,경기도 시흥시청,20260224
군자동 n231(미등록),1,,,,,2023,,031-310-3144,경기도 시흥시청,20260224
군자동N232,1,,,,,2023,,031-310-3144,경기도 시흥시청,20260224
군자동n232(미등록),1,,,,,2023,,031-310-3144,경기도 시흥시청,20260224
군자동n234(미등록),1,,,,,2023,,031-310-3144,경기도 시흥시청,20260224
산뒤 미등록1,1,,,,,2023,,031-310-3144,경기도 시흥시청,20260224
산뒤 미등록11,1,,,,,2023,,031-310-3144,경기도 시흥시청,20260224
산뒤 미등록12,1,,,,,2023,,031-310-3144,경기도 시흥시청,20260224
산뒤 미등록13,1,,,,,2023,,031-310-3144,경기도 시흥시청,20260224
산뒤 미등록14,1,,,,,2023,,031-310-3144,경기도 시흥시청,20260224
산뒤 미등록15,1,,,,,2023,,031-310-3144,경기도 시흥시청,20260224
산뒤 미등록16,1,,,,,2023,,031-310-3144,경기도 시흥시청,20260224
산뒤 미등록8,1,,,,,2023,,031-310-3144,경기도 시흥시청,20260224
산뒤 미등록9,1,,,,,2023,,031-310-3144,경기도 시흥시청,20260224
대야동23017,1,,,,,2023,,031-310-3144,경기도 시흥시청,20260224
대야동23018,1,,,,,2023,,031-310-3144,경기도 시흥시청,20260224
대야동N021,1,,,,,2023,,031-310-3144,경기도 시흥시청,20260224
대야동23008(신규),1,,,,,2023,,031-310-3144,경기도 시흥시청,20260224
대야동23009,1,,,,,2023,,031-310-3144,경기도 시흥시청,20260224
목감628,1,,,,,2023,,031-310-3144,경기도 시흥시청,20260224
과림006,1,,,,,2023,,031-310-3144,경기도 시흥시청,20260224
신천동19S624,1,,,,,2023,,031-310-3144,경기도 시흥시청,20260224
신천동23011,1,,,,,2023,,031-310-3144,경기도 시흥시청,20260224
은행동23006,1,,,,,2023,,031-310-3144,경기도 시흥시청,20260224
신천동21006,1,,,,,2023,,031-310-3144,경기도 시흥시청,20260224
신천동19S127,1,,,,,2023,,031-310-3144,경기도 시흥시청,20260224
신천동23009,1,,,,,2023,,031-310-3144,경기도 시흥시청,20260224
신천동21007,1,,,,,2023,,031-310-3144,경기도 시흥시청,20260224
정왕3동N044,1,,,,,2023,,031-310-3144,경기도 시흥시청,20260224
매화동17002,1,,,,,2023,,031-310-3144,경기도 시흥시청,20260224
대야동19025,1,,,,,2023,,031-310-3144,경기도 시흥시청,20260224
은행동23008,1,,,,,2023,,031-310-3144,경기도 시흥시청,20260224
대야동N106,1,,,,,2023,,031-310-3144,경기도 시흥시청,20260224
은행동23005,1,,,,,2023,,031-310-3144,경기도 시흥시청,20260224
은행동23007,1,,,,,2023,,031-310-3144,경기도 시흥시청,20260224
신천동19S344(고소),1,,,,,2023,,031-310-3144,경기도 시흥시청,20260224
신천동19S649,1,,,,,2023,,031-310-3144,경기도 시흥시청,20260224
목감동23007,1,,,,,2023,,031-310-3144,경기도 시흥시청,20260224
대야동147,1,,,,,2023,,031-310-3144,경기도 시흥시청,20260224
은행동19S156,1,,,,,2023,,031-310-3144,경기도 시흥시청,20260224
은행동19S116,1,,,,,2023,,031-310-3144,경기도 시흥시청,20260224
은행동19S154,1,,,,,2023,,031-310-3144,경기도 시흥시청,20260224
은행동19S122,1,,,,,2023,,031-310-3144,경기도 시흥시청,20260224
은행동19S124,1,,,,,2023,,031-310-3144,경기도 시흥시청,20260224
은행동23018,1,,,,,2023,,031-310-3144,경기도 시흥시청,20260224
대야동19023,1,,,,,2023,,031-310-3144,경기도 시흥시청,20260224
계수동20U031,1,,,,,2023,,031-310-3144,경기도 시흥시청,20260224
은행동23020,1,,,,,2023,,031-310-3144,경기도 시흥시청,20260224
은행동23019,1,,,,,2023,,031-310-3144,경기도 시흥시청,20260224
은행동23017,1,,,,,2023,,031-310-3144,경기도 시흥시청,20260224
대야동19S348,1,,,,,2023,,031-310-3144,경기도 시흥시청,20260224
과림동N014,1,,,,,2023,,031-310-3144,경기도 시흥시청,20260224
과림093,1,,,,,2023,,031-310-3144,경기도 시흥시청,20260224
과림095,1,,,,,2023,,031-310-3144,경기도 시흥시청,20260224
매화동19S344,1,,,,,2023,,031-310-3144,경기도 시흥시청,20260224
신천동23002,1,,,,,2023,,031-310-3144,경기도 시흥시청,20260224
신천동23004,1,,,,,2023,,031-310-3144,경기도 시흥시청,20260224
신천동23003,1,,,,,2023,,031-310-3144,경기도 시흥시청,20260224
신천동19S419,1,,,,,2023,,031-310-3144,경기도 시흥시청,20260224
신천동19S304,1,,,,,2023,,031-310-3144,경기도 시흥시청,20260224
신천동19S172,1,,,,,2023,,031-310-3144,경기도 시흥시청,20260224
신천동19S170,1,,,,,2023,,031-310-3144,경기도 시흥시청,20260224
신천동19S780,1,,,,,2023,,031-310-3144,경기도 시흥시청,20260224
신천동23012,1,,,,,2023,,031-310-3144,경기도 시흥시청,20260224
신천동19S173,1,,,,,2023,,031-310-3144,경기도 시흥시청,20260224
신천동23013,1,,,,,2023,,031-310-3144,경기도 시흥시청,20260224
경기자동차과학고(정문)-2,1,,,,,2023,,031-310-3144,경기도 시흥시청,20260224
은행동19S128,1,,,,,2023,,031-310-3144,경기도 시흥시청,20260224
은행동23011,1,,,,,2023,,031-310-3144,경기도 시흥시청,20260224
은행동23012,1,,,,,2023,,031-310-3144,경기도 시흥시청,20260224
은행동23013,1,,,,,2023,,031-310-3144,경기도 시흥시청,20260224
은행동23014,1,,,,,2023,,031-310-3144,경기도 시흥시청,20260224
은행동23009,1,,,,,2023,,031-310-3144,경기도 시흥시청,20260224
은행동23010,1,,,,,2023,,031-310-3144,경기도 시흥시청,20260224
경기자동차과학고(정문),1,,,,,2023,,031-310-3144,경기도 시흥시청,20260224
과림627,1,,,,,2023,,031-310-3144,경기도 시흥시청,20260224
과림동N050,1,,,,,2023,,031-310-3144,경기도 시흥시청,20260224
신천동23010,1,,,,,2023,,031-310-3144,경기도 시흥시청,20260224
과림231(양),1,,,,,2023,,031-310-3144,경기도 시흥시청,20260224
대야동23007(임시),1,,,,,2023,,031-310-3144,경기도 시흥시청,20260224
목감동N130,1,,,,,2023,,031-310-3144,경기도 시흥시청,20260224
매화동N073,1,,,,,2024,,031-310-3144,경기도 시흥시청,20260224
군자동24093,1,,,,,2024,,031-310-3144,경기도 시흥시청,20260224
군자동 24092,1,,,,,2024,,031-310-3144,경기도 시흥시청,20260224
군자동24091,1,,,,,2024,,031-310-3144,경기도 시흥시청,20260224
군자동24090,1,,,,,2024,,031-310-3144,경기도 시흥시청,20260224
대야동N211,1,,,,,2024,,031-310-3144,경기도 시흥시청,20260224
군자동24087,1,,,,,2024,,031-310-3144,경기도 시흥시청,20260224
군자동24084,1,,,,,2024,,031-310-3144,경기도 시흥시청,20260224
군자동24078,1,,,,,2024,,031-310-3144,경기도 시흥시청,20260224
군자동24079,1,,,,,2024,,031-310-3144,경기도 시흥시청,20260224
군자동24080,1,,,,,2024,,031-310-3144,경기도 시흥시청,20260224
군자동24082,1,,,,,2024,,031-310-3144,경기도 시흥시청,20260224
군자동24083,1,,,,,2024,,031-310-3144,경기도 시흥시청,20260224
군자동24081,1,,,,,2024,,031-310-3144,경기도 시흥시청,20260224
과림505,1,,,,,2024,,031-310-3144,경기도 시흥시청,20260224
산뒤 미등록10,1,,,,,2023,,031-310-3144,경기도 시흥시청,20260224
목감252,1,,,,,2023,,031-310-3144,경기도 시흥시청,20260224
신천동23008,1,,,,,2023,,031-310-3144,경기도 시흥시청,20260224
목감동19S114,1,,,,,2024,,031-310-3144,경기도 시흥시청,20260224
목감동19S141,1,,,,,2024,,031-310-3144,경기도 시흥시청,20260224
군자6통마을회관,1,,,,,2024,,031-310-3144,경기도 시흥시청,20260224
월곶동N005,1,,,,,2024,,031-310-3144,경기도 시흥시청,20260224
월곶동N003,1,,,,,2024,,031-310-3144,경기도 시흥시청,20260224
월곶동N001,1,,,,,2024,,031-310-3144,경기도 시흥시청,20260224
대야동21015,1,,,,,2023,,031-310-3144,경기도 시흥시청,20260224
신천동19S410,1,,,,,2023,,031-310-3144,경기도 시흥시청,20260224
신천동19S412,1,,,,,2023,,031-310-3144,경기도 시흥시청,20260224
신천동23006(고소),1,,,,,2023,,031-310-3144,경기도 시흥시청,20260224
신천동23005,1,,,,,2023,,031-310-3144,경기도 시흥시청,20260224
정왕3동23002,1,,,,,2023,,031-310-3144,경기도 시흥시청,20260224
연성동S23001,1,,,,,2023,,031-310-3144,경기도 시흥시청,20260224
연성동S23002,1,,,,,2023,,031-310-3144,경기도 시흥시청,20260224
신천동19S772,1,,,,,2023,,031-310-3144,경기도 시흥시청,20260224
매화동22004(매화희망),1,,,,,2023,,031-310-3144,경기도 시흥시청,20260224
매화동22005(매화희망),1,,,,,2023,,031-310-3144,경기도 시흥시청,20260224
군자동N23021,1,,,,,2023,,031-310-3144,경기도 시흥시청,20260224
신천동19S186,1,,,,,2023,,031-310-3144,경기도 시흥시청,20260224
신천동19S187,1,,,,,2023,,031-310-3144,경기도 시흥시청,20260224
매화171,1,,,,,2023,,031-310-3144,경기도 시흥시청,20260224
목감594,1,,,,,2023,,031-310-3144,경기도 시흥시청,20260224
목감동17001,1,,,,,2023,,031-310-3144,경기도 시흥시청,20260224
은행동N022,1,,,,,2023,,031-310-3144,경기도 시흥시청,20260224
군자동N191,1,,,,,2023,,031-310-3144,경기도 시흥시청,20260224
군자동N192,1,,,,,2023,,031-310-3144,경기도 시흥시청,20260224
군자동23020,1,,,,,2023,,031-310-3144,경기도 시흥시청,20260224
군자동N047,1,,,,,2023,,031-310-3144,경기도 시흥시청,20260224
과림206,1,,,,,2023,,031-310-3144,경기도 시흥시청,20260224
과림동N205,1,,,,,2023,,031-310-3144,경기도 시흥시청,20260224
대야동19S119,1,,,,,2023,,031-310-3144,경기도 시흥시청,20260224
대야동19S118,1,,,,,2023,,031-310-3144,경기도 시흥시청,20260224
목감동19S214,1,,,,,2024,,031-310-3144,경기도 시흥시청,20260224
과림동N120(과림278),1,,,,,2024,,031-310-3144,경기도 시흥시청,20260224
신현동N355,1,,,,,2024,,031-310-3144,경기도 시흥시청,20260224
군자동24073,1,,,,,2024,,031-310-3144,경기도 시흥시청,20260224
군자동24071,1,,,,,2024,,031-310-3144,경기도 시흥시청,20260224
군자동24076,1,,,,,2024,,031-310-3144,경기도 시흥시청,20260224
군자동24056,1,,,,,2024,,031-310-3144,경기도 시흥시청,20260224
군자동24054,1,,,,,2024,,031-310-3144,경기도 시흥시청,20260224
군자동24066,1,,,,,2024,,031-310-3144,경기도 시흥시청,20260224
군자동24051,1,,,,,2024,,031-310-3144,경기도 시흥시청,20260224
군자동24067,1,,,,,2024,,031-310-3144,경기도 시흥시청,20260224
군자동24065,1,,,,,2024,,031-310-3144,경기도 시흥시청,20260224
군자동24050,1,,,,,2024,,031-310-3144,경기도 시흥시청,20260224
군자동24048,1,,,,,2024,,031-310-3144,경기도 시흥시청,20260224
군자동24062,1,,,,,2024,,031-310-3144,경기도 시흥시청,20260224
군자동24063,1,,,,,2024,,031-310-3144,경기도 시흥시청,20260224
군자동24046,1,,,,,2024,,031-310-3144,경기도 시흥시청,20260224
군자동24058,1,,,,,2024,,031-310-3144,경기도 시흥시청,20260224
군자동24038,1,,,,,2024,,031-310-3144,경기도 시흥시청,20260224
군자동24072,1,,,,,2024,,031-310-3144,경기도 시흥시청,20260224
군자동24037,1,,,,,2024,,031-310-3144,경기도 시흥시청,20260224
군자동24036,1,,,,,2024,,031-310-3144,경기도 시흥시청,20260224
군자동24044,1,,,,,2024,,031-310-3144,경기도 시흥시청,20260224
군자동24034,1,,,,,2024,,031-310-3144,경기도 시흥시청,20260224
군자동24070,1,,,,,2024,,031-310-3144,경기도 시흥시청,20260224
군자동24068,1,,,,,2024,,031-310-3144,경기도 시흥시청,20260224
군자동24033,1,,,,,2024,,031-310-3144,경기도 시흥시청,20260224
군자동24049,1,,,,,2024,,031-310-3144,경기도 시흥시청,20260224
군자동24035,1,,,,,2024,,031-310-3144,경기도 시흥시청,20260224
군자동24069,1,,,,,2024,,031-310-3144,경기도 시흥시청,20260224
군자동24039,1,,,,,2024,,031-310-3144,경기도 시흥시청,20260224
군자동24043,1,,,,,2024,,031-310-3144,경기도 시흥시청,20260224
군자동24061,1,,,,,2024,,031-310-3144,경기도 시흥시청,20260224
군자동24002,1,,,,,2024,,031-310-3144,경기도 시흥시청,20260224
신현동20014,1,,,,,2024,,031-310-3144,경기도 시흥시청,20260224
목감동24017,1,,,,,2024,,031-310-3144,경기도 시흥시청,20260224
과림동N261(단방향),1,,,,,2024,,031-310-3144,경기도 시흥시청,20260224
매화동N112,1,,,,,2024,,031-310-3144,경기도 시흥시청,20260224
신현692,1,,,,,2024,,031-310-3144,경기도 시흥시청,20260224
신현697,1,,,,,2024,,031-310-3144,경기도 시흥시청,20260224
신현700,1,,,,,2024,,031-310-3144,경기도 시흥시청,20260224
신현704,1,,,,,2024,,031-310-3144,경기도 시흥시청,20260224
신현706,1,,,,,2024,,031-310-3144,경기도 시흥시청,20260224
신현711,1,,,,,2024,,031-310-3144,경기도 시흥시청,20260224
신현716,1,,,,,2024,,031-310-3144,경기도 시흥시청,20260224
신현719,1,,,,,2024,,031-310-3144,경기도 시흥시청,20260224
신현732,1,,,,,2024,,031-310-3144,경기도 시흥시청,20260224
신현734,1,,,,,2024,,031-310-3144,경기도 시흥시청,20260224
신현733,1,,,,,2024,,031-310-3144,경기도 시흥시청,20260224
신현735,1,,,,,2024,,031-310-3144,경기도 시흥시청,20260224
신현736,1,,,,,2024,,031-310-3144,경기도 시흥시청,20260224
정왕본동573,1,,,,,2024,,031-310-3144,경기도 시흥시청,20260224
정왕본동574,1,,,,,2024,,031-310-3144,경기도 시흥시청,20260224
정왕본동575,1,,,,,2024,,031-310-3144,경기도 시흥시청,20260224
정왕본동576,1,,,,,2024,,031-310-3144,경기도 시흥시청,20260224
정왕본동583,1,,,,,2024,,031-310-3144,경기도 시흥시청,20260224
정왕본동585,1,,,,,2024,,031-310-3144,경기도 시흥시청,20260224
신현동24005,1,,,,,2024,,031-310-3144,경기도 시흥시청,20260224
군자동24023,1,,,,,2024,,031-310-3144,경기도 시흥시청,20260224
군자동24024,1,,,,,2024,,031-310-3144,경기도 시흥시청,20260224
과림088,1,,,,,2024,,031-310-3144,경기도 시흥시청,20260224
목감동19S203,1,,,,,2024,,031-310-3144,경기도 시흥시청,20260224
목감동19S243,1,,,,,2024,,031-310-3144,경기도 시흥시청,20260224
정왕본동NO819,1,,,,,2024,,031-310-3144,경기도 시흥시청,20260224
월곶NO001,1,,,,,2024,,031-310-3144,경기도 시흥시청,20260224
신현동NO79,1,,,,,2024,,031-310-3144,경기도 시흥시청,20260224
신현,1,,,,,2024,,031-310-3144,경기도 시흥시청,20260224
군자동380,1,,,,,2024,,031-310-3144,경기도 시흥시청,20260224
군자350,1,,,,,2024,,031-310-3144,경기도 시흥시청,20260224
군자352,1,,,,,2024,,031-310-3144,경기도 시흥시청,20260224
군자353,1,,,,,2024,,031-310-3144,경기도 시흥시청,20260224
군자354,1,,,,,2024,,031-310-3144,경기도 시흥시청,20260224
군자355,1,,,,,2024,,031-310-3144,경기도 시흥시청,20260224
군자356,1,,,,,2024,,031-310-3144,경기도 시흥시청,20260224
군자378,1,,,,,2024,,031-310-3144,경기도 시흥시청,20260224
군자381,1,,,,,2024,,031-310-3144,경기도 시흥시청,20260224
군자504,1,,,,,2024,,031-310-3144,경기도 시흥시청,20260224
군자382,1,,,,,2024,,031-310-3144,경기도 시흥시청,20260224
군자383,1,,,,,2024,,031-310-3144,경기도 시흥시청,20260224
군자506,1,,,,,2024,,031-310-3144,경기도 시흥시청,20260224
군자507,1,,,,,2024,,031-310-3144,경기도 시흥시청,20260224
월곶동N095,1,,,,,2024,,031-310-3144,경기도 시흥시청,20260224
군자510,1,,,,,2024,,031-310-3144,경기도 시흥시청,20260224
군자511,1,,,,,2024,,031-310-3144,경기도 시흥시청,20260224
정왕본동723,1,,,,,2024,,031-310-3144,경기도 시흥시청,20260224
정왕본동586,1,,,,,2024,,031-310-3144,경기도 시흥시청,20260224
정왕본동587,1,,,,,2024,,031-310-3144,경기도 시흥시청,20260224
정왕본동589,1,,,,,2024,,031-310-3144,경기도 시흥시청,20260224
정왕본동590,1,,,,,2024,,031-310-3144,경기도 시흥시청,20260224
정왕본동591,1,,,,,2024,,031-310-3144,경기도 시흥시청,20260224
정왕본동592,1,,,,,2024,,031-310-3144,경기도 시흥시청,20260224
정왕본동593,1,,,,,2024,,031-310-3144,경기도 시흥시청,20260224
정왕본동597,1,,,,,2024,,031-310-3144,경기도 시흥시청,20260224
정왕본동598,1,,,,,2024,,031-310-3144,경기도 시흥시청,20260224
정왕본동601,1,,,,,2024,,031-310-3144,경기도 시흥시청,20260224
정왕본동602,1,,,,,2024,,031-310-3144,경기도 시흥시청,20260224
정왕본동600,1,,,,,2024,,031-310-3144,경기도 시흥시청,20260224
군자398,1,,,,,2024,,031-310-3144,경기도 시흥시청,20260224
군자524,1,,,,,2024,,031-310-3144,경기도 시흥시청,20260224
군자399,1,,,,,2024,,031-310-3144,경기도 시흥시청,20260224
군자400,1,,,,,2024,,031-310-3144,경기도 시흥시청,20260224
군자551,1,,,,,2024,,031-310-3144,경기도 시흥시청,20260224
군자552,1,,,,,2024,,031-310-3144,경기도 시흥시청,20260224
군자553,1,,,,,2024,,031-310-3144,경기도 시흥시청,20260224
군자554,1,,,,,2024,,031-310-3144,경기도 시흥시청,20260224
군자555,1,,,,,2024,,031-310-3144,경기도 시흥시청,20260224
군자556,1,,,,,2024,,031-310-3144,경기도 시흥시청,20260224
군자558,1,,,,,2024,,031-310-3144,경기도 시흥시청,20260224
군자547,1,,,,,2024,,031-310-3144,경기도 시흥시청,20260224
군자527,1,,,,,2024,,031-310-3144,경기도 시흥시청,20260224
군자550,1,,,,,2024,,031-310-3144,경기도 시흥시청,20260224
군자528,1,,,,,2024,,031-310-3144,경기도 시흥시청,20260224
군자529,1,,,,,2024,,031-310-3144,경기도 시흥시청,20260224
신현683,1,,,,,2024,,031-310-3144,경기도 시흥시청,20260224
은행동N23017,1,,,,,2023,,031-310-3144,경기도 시흥시청,20260224
은행동N23018(고소)정전,1,,,,,2023,,031-310-3144,경기도 시흥시청,20260224
은행동N23019,1,,,,,2023,,031-310-3144,경기도 시흥시청,20260224
은행동N23011,1,,,,,2023,,031-310-3144,경기도 시흥시청,20260224
은행동N23010(고소)정전,1,,,,,2023,,031-310-3144,경기도 시흥시청,20260224
대야동N23027,1,,,,,2023,,031-310-3144,경기도 시흥시청,20260224
대야동N23001,1,,,,,2023,,031-310-3144,경기도 시흥시청,20260224
대야동N23006(고소),1,,,,,2023,,031-310-3144,경기도 시흥시청,20260224
정왕본동23022,1,,,,,2023,,031-310-3144,경기도 시흥시청,20260224
매화동23009,1,,,,,2023,,031-310-3144,경기도 시흥시청,20260224
매화동N068,1,,,,,2023,,031-310-3144,경기도 시흥시청,20260224
매화동N038,1,,,,,2023,,031-310-3144,경기도 시흥시청,20260224
정왕동822,1,,,,,2023,,031-310-3144,경기도 시흥시청,20260224
정왕3동23001,1,,,,,2023,,031-310-3144,경기도 시흥시청,20260224
매화동19S351,1,,,,,2023,,031-310-3144,경기도 시흥시청,20260224
목감동23010,1,,,,,2023,,031-310-3144,경기도 시흥시청,20260224
목감동19S341,1,,,,,2023,,031-310-3144,경기도 시흥시청,20260224
과림동324,1,,,,,2023,,031-310-3144,경기도 시흥시청,20260224
과림동18008,1,,,,,2023,,031-310-3144,경기도 시흥시청,20260224
은행동23003,1,,,,,2023,,031-310-3144,경기도 시흥시청,20260224
신현동 N23078(고소),1,,,,,2023,,031-310-3144,경기도 시흥시청,20260224
신현동 N23079(고소),1,,,,,2023,,031-310-3144,경기도 시흥시청,20260224
신현동 N23054,1,,,,,2023,,031-310-3144,경기도 시흥시청,20260224
신현동 N23055(고소),1,,,,,2023,,031-310-3144,경기도 시흥시청,20260224
신현동 N23056(고소),1,,,,,2023,,031-310-3144,경기도 시흥시청,20260224
신현동 N23057,1,,,,,2023,,031-310-3144,경기도 시흥시청,20260224
신현동 N23058,1,,,,,2023,,031-310-3144,경기도 시흥시청,20260224
신현동 N23059,1,,,,,2023,,031-310-3144,경기도 시흥시청,20260224
신현동 N23060(고소),1,,,,,2023,,031-310-3144,경기도 시흥시청,20260224
신현동 N23061(고소),1,,,,,2023,,031-310-3144,경기도 시흥시청,20260224
신현동 N23062(인입선단선),1,,,,,2023,,031-310-3144,경기도 시흥시청,20260224
신현동N238,1,,,,,2023,,031-310-3144,경기도 시흥시청,20260224
신천동19S390,1,,,,,2023,,031-310-3144,경기도 시흥시청,20260224
월곶동23005,1,,,,,2023,,031-310-3144,경기도 시흥시청,20260224
정왕본동23021,1,,,,,2023,,031-310-3144,경기도 시흥시청,20260224
군자동23016,1,,,,,2023,,031-310-3144,경기도 시흥시청,20260224
신현동23037 2,1,,,,,2023,,031-310-3144,경기도 시흥시청,20260224
산뒤 미등록28(광원용량 확인필요),1,,,,,2024,,031-310-3144,경기도 시흥시청,20260224
장곡동N038,1,,,,,2024,,031-310-3144,경기도 시흥시청,20260224
대야동24004,1,,,,,2024,,031-310-3144,경기도 시흥시청,20260224
정왕본동599,1,,,,,2024,,031-310-3144,경기도 시흥시청,20260224
대야동N23020,1,,,,,2023,,031-310-3144,경기도 시흥시청,20260224
대야동N23019,1,,,,,2023,,031-310-3144,경기도 시흥시청,20260224
대야동N23023,1,,,,,2023,,031-310-3144,경기도 시흥시청,20260224
대야동N23017,1,,,,,2023,,031-310-3144,경기도 시흥시청,20260224
신천동N23016,1,,,,,2023,,031-310-3144,경기도 시흥시청,20260224
정왕3동N23037,1,,,,,2023,,031-310-3144,경기도 시흥시청,20260224
정왕3동N23036,1,,,,,2023,,031-310-3144,경기도 시흥시청,20260224
정왕3동N23035,1,,,,,2023,,031-310-3144,경기도 시흥시청,20260224
정왕3동N23034,1,,,,,2023,,031-310-3144,경기도 시흥시청,20260224
정왕3동N23033,1,,,,,2023,,031-310-3144,경기도 시흥시청,20260224
정왕3동N23032,1,,,,,2023,,031-310-3144,경기도 시흥시청,20260224
정왕3동N23031,1,,,,,2023,,031-310-3144,경기도 시흥시청,20260224
대야동N23024,1,,,,,2023,,031-310-3144,경기도 시흥시청,20260224
대야동N23011,1,,,,,2023,,031-310-3144,경기도 시흥시청,20260224
대야동N23010,1,,,,,2023,,031-310-3144,경기도 시흥시청,20260224
대야동N23012,1,,,,,2023,,031-310-3144,경기도 시흥시청,20260224
은행동N23067 인입선단선(고소),1,,,,,2023,,031-310-3144,경기도 시흥시청,20260224
은행동N23087(고소),1,,,,,2023,,031-310-3144,경기도 시흥시청,20260224
은행동N23086(고소)농작물강제소등,1,,,,,2023,,031-310-3144,경기도 시흥시청,20260224
은행동N23063,1,,,,,2023,,031-310-3144,경기도 시흥시청,20260224
은행동N23062,1,,,,,2023,,031-310-3144,경기도 시흥시청,20260224
은행동N23061,1,,,,,2023,,031-310-3144,경기도 시흥시청,20260224
정왕3동N23004,1,,,,,2023,,031-310-3144,경기도 시흥시청,20260224
은행동N23060(고소),1,,,,,2023,,031-310-3144,경기도 시흥시청,20260224
신현동23036 고소,1,,,,,2023,,031-310-3144,경기도 시흥시청,20260224
월곶동23006,1,,,,,2023,,031-310-3144,경기도 시흥시청,20260224
군자동21005,1,,,,,2023,,031-310-3144,경기도 시흥시청,20260224
은행동N23001(고소),1,,,,,2023,,031-310-3144,경기도 시흥시청,20260224
목감동N111,1,,,,,2023,,031-310-3144,경기도 시흥시청,20260224
목감동N144,1,,,,,2023,,031-310-3144,경기도 시흥시청,20260224
정왕본동23020,1,,,,,2023,,031-310-3144,경기도 시흥시청,20260224
정왕3동N23030,1,,,,,2023,,031-310-3144,경기도 시흥시청,20260224
정왕3동N23029,1,,,,,2023,,031-310-3144,경기도 시흥시청,20260224
은행동N23085(고소),1,,,,,2023,,031-310-3144,경기도 시흥시청,20260224
정왕3동N23028,1,,,,,2023,,031-310-3144,경기도 시흥시청,20260224
은행동N23084,1,,,,,2023,,031-310-3144,경기도 시흥시청,20260224
정왕3동N23027,1,,,,,2023,,031-310-3144,경기도 시흥시청,20260224
은행동N23083(고소),1,,,,,2023,,031-310-3144,경기도 시흥시청,20260224
정왕3동N23026,1,,,,,2023,,031-310-3144,경기도 시흥시청,20260224
정왕3동N23025,1,,,,,2023,,031-310-3144,경기도 시흥시청,20260224
군자동 20312,1,,,,,2023,,031-310-3144,경기도 시흥시청,20260224
군자동20311,1,,,,,2023,,031-310-3144,경기도 시흥시청,20260224
은행동N23082(고소),1,,,,,2023,,031-310-3144,경기도 시흥시청,20260224
신천동N23014,1,,,,,2023,,031-310-3144,경기도 시흥시청,20260224
은행동N23014(고소),1,,,,,2023,,031-310-3144,경기도 시흥시청,20260224
은행동N23015(고소),1,,,,,2023,,031-310-3144,경기도 시흥시청,20260224
은행동N23016(고소),1,,,,,2023,,031-310-3144,경기도 시흥시청,20260224
은행동N23012,1,,,,,2023,,031-310-3144,경기도 시흥시청,20260224
은행동N23043,1,,,,,2023,,031-310-3144,경기도 시흥시청,20260224
은행동N23022,1,,,,,2023,,031-310-3144,경기도 시흥시청,20260224
은행동N23021(농사소등)(고소),1,,,,,2023,,031-310-3144,경기도 시흥시청,20260224
은행동N23020(고소),1,,,,,2023,,031-310-3144,경기도 시흥시청,20260224
은행동N23008,1,,,,,2023,,031-310-3144,경기도 시흥시청,20260224
신천동N23024,1,,,,,2023,,031-310-3144,경기도 시흥시청,20260224
신천동N23018(고소)단선,1,,,,,2023,,031-310-3144,경기도 시흥시청,20260224
대야동N23038(고소),1,,,,,2023,,031-310-3144,경기도 시흥시청,20260224
대야동N23037(고소)단방향,1,,,,,2023,,031-310-3144,경기도 시흥시청,20260224
은행동N23088,1,,,,,2023,,031-310-3144,경기도 시흥시청,20260224
정왕3동N23002,1,,,,,2023,,031-310-3144,경기도 시흥시청,20260224
은행동N23038,1,,,,,2023,,031-310-3144,경기도 시흥시청,20260224
은행동N23037,1,,,,,2023,,031-310-3144,경기도 시흥시청,20260224
정왕3동N23001,1,,,,,2023,,031-310-3144,경기도 시흥시청,20260224
은행동N23036,1,,,,,2023,,031-310-3144,경기도 시흥시청,20260224
은행동N23035(고소)공사중접근불가,1,,,,,2023,,031-310-3144,경기도 시흥시청,20260224
은행동N23032(고소),1,,,,,2023,,031-310-3144,경기도 시흥시청,20260224
은행동N23031(고소),1,,,,,2023,,031-310-3144,경기도 시흥시청,20260224
은행동N23030,1,,,,,2023,,031-310-3144,경기도 시흥시청,20260224
은행동N23029(고소),1,,,,,2023,,031-310-3144,경기도 시흥시청,20260224
은행동N23028(고소),1,,,,,2023,,031-310-3144,경기도 시흥시청,20260224
은행동N23027(고소),1,,,,,2023,,031-310-3144,경기도 시흥시청,20260224
은행동N23026,1,,,,,2023,,031-310-3144,경기도 시흥시청,20260224
은행동N23025(고소),1,,,,,2023,,031-310-3144,경기도 시흥시청,20260224
은행동N23024(고소),1,,,,,2023,,031-310-3144,경기도 시흥시청,20260224
신천동N23022(고소),1,,,,,2023,,031-310-3144,경기도 시흥시청,20260224
신천동N23019(고소),1,,,,,2023,,031-310-3144,경기도 시흥시청,20260224
은행동N23081(고소),1,,,,,2023,,031-310-3144,경기도 시흥시청,20260224
정왕3동N23023,1,,,,,2023,,031-310-3144,경기도 시흥시청,20260224
은행동N23080(고소),1,,,,,2023,,031-310-3144,경기도 시흥시청,20260224
은행동N23079,1,,,,,2023,,031-310-3144,경기도 시흥시청,20260224
은행동N23078(고소)인입선단선,1,,,,,2023,,031-310-3144,경기도 시흥시청,20260224
정왕3동N23022,1,,,,,2023,,031-310-3144,경기도 시흥시청,20260224
은행동N23064,1,,,,,2023,,031-310-3144,경기도 시흥시청,20260224
은행동N23065,1,,,,,2023,,031-310-3144,경기도 시흥시청,20260224
은행동N23066(고소),1,,,,,2023,,031-310-3144,경기도 시흥시청,20260224
은행동N23077,1,,,,,2023,,031-310-3144,경기도 시흥시청,20260224
은행동N23076(고소),1,,,,,2023,,031-310-3144,경기도 시흥시청,20260224
정왕3동N23021,1,,,,,2023,,031-310-3144,경기도 시흥시청,20260224
정왕3동N23008,1,,,,,2023,,031-310-3144,경기도 시흥시청,20260224
정왕3동N23007,1,,,,,2023,,031-310-3144,경기도 시흥시청,20260224
정왕3동N23005,1,,,,,2023,,031-310-3144,경기도 시흥시청,20260224
대야동N23013,1,,,,,2023,,031-310-3144,경기도 시흥시청,20260224
대야동N23015,1,,,,,2023,,031-310-3144,경기도 시흥시청,20260224
대야동N23014,1,,,,,2023,,031-310-3144,경기도 시흥시청,20260224
대야동N23018,1,,,,,2023,,031-310-3144,경기도 시흥시청,20260224
대야동N23022,1,,,,,2023,,031-310-3144,경기도 시흥시청,20260224
대야동N23021,1,,,,,2023,,031-310-3144,경기도 시흥시청,20260224
은행동N23034(고소),1,,,,,2023,,031-310-3144,경기도 시흥시청,20260224
은행동N23033(고소),1,,,,,2023,,031-310-3144,경기도 시흥시청,20260224
대야동N23005(고소),1,,,,,2023,,031-310-3144,경기도 시흥시청,20260224
대야동N23004(고소),1,,,,,2023,,031-310-3144,경기도 시흥시청,20260224
대야동N23003,1,,,,,2023,,031-310-3144,경기도 시흥시청,20260224
대야동N23002,1,,,,,2023,,031-310-3144,경기도 시흥시청,20260224
신천동N23006,1,,,,,2023,,031-310-3144,경기도 시흥시청,20260224
신천동N23002(고소),1,,,,,2023,,031-310-3144,경기도 시흥시청,20260224
신천동N23001,1,,,,,2023,,031-310-3144,경기도 시흥시청,20260224
신천동N23008,1,,,,,2023,,031-310-3144,경기도 시흥시청,20260224
신천동N23007,1,,,,,2023,,031-310-3144,경기도 시흥시청,20260224
대야동N23016,1,,,,,2023,,031-310-3144,경기도 시흥시청,20260224
신천동N23015(고소),1,,,,,2023,,031-310-3144,경기도 시흥시청,20260224
대야동N23009(고소),1,,,,,2023,,031-310-3144,경기도 시흥시청,20260224
은행동N23057,1,,,,,2023,,031-310-3144,경기도 시흥시청,20260224
은행동N23055,1,,,,,2023,,031-310-3144,경기도 시흥시청,20260224
은행동N23002,1,,,,,2023,,031-310-3144,경기도 시흥시청,20260224
정왕3동N23038,1,,,,,2023,,031-310-3144,경기도 시흥시청,20260224
정왕3동N23017,1,,,,,2023,,031-310-3144,경기도 시흥시청,20260224
정왕3동N23016,1,,,,,2023,,031-310-3144,경기도 시흥시청,20260224
은행동N23071(고소),1,,,,,2023,,031-310-3144,경기도 시흥시청,20260224
은행동N23070,1,,,,,2023,,031-310-3144,경기도 시흥시청,20260224
정왕3동N23015,1,,,,,2023,,031-310-3144,경기도 시흥시청,20260224
은행동N23069,1,,,,,2023,,031-310-3144,경기도 시흥시청,20260224
정왕3동N23014,1,,,,,2023,,031-310-3144,경기도 시흥시청,20260224
정왕3동N23013,1,,,,,2023,,031-310-3144,경기도 시흥시청,20260224
정왕3동N23012,1,,,,,2023,,031-310-3144,경기도 시흥시청,20260224
은행동N23075(고소),1,,,,,2023,,031-310-3144,경기도 시흥시청,20260224
정왕3동N23020,1,,,,,2023,,031-310-3144,경기도 시흥시청,20260224
은행동N23074,1,,,,,2023,,031-310-3144,경기도 시흥시청,20260224
은행동N23073(고소),1,,,,,2023,,031-310-3144,경기도 시흥시청,20260224
정왕3동N23019,1,,,,,2023,,031-310-3144,경기도 시흥시청,20260224
은행동N23009(고소),1,,,,,2023,,031-310-3144,경기도 시흥시청,20260224
은행동N111,1,,,,,2023,,031-310-3144,경기도 시흥시청,20260224
신천동N23011,1,,,,,2023,,031-310-3144,경기도 시흥시청,20260224
은행동N23023,1,,,,,2023,,031-310-3144,경기도 시흥시청,20260224
은행동N23059,1,,,,,2023,,031-310-3144,경기도 시흥시청,20260224
대야동N23036(고소),1,,,,,2023,,031-310-3144,경기도 시흥시청,20260224
대야동N23035,1,,,,,2023,,031-310-3144,경기도 시흥시청,20260224
신천동N23025,1,,,,,2023,,031-310-3144,경기도 시흥시청,20260224
신천동N23021(고소),1,,,,,2023,,031-310-3144,경기도 시흥시청,20260224
신천동N23020(고소),1,,,,,2023,,031-310-3144,경기도 시흥시청,20260224
대야동N23008,1,,,,,2023,,031-310-3144,경기도 시흥시청,20260224
대야동N23026,1,,,,,2023,,031-310-3144,경기도 시흥시청,20260224
은행동N23058(고소),1,,,,,2023,,031-310-3144,경기도 시흥시청,20260224
은행동N23040,1,,,,,2023,,031-310-3144,경기도 시흥시청,20260224
은행동N23041,1,,,,,2023,,031-310-3144,경기도 시흥시청,20260224
목감동23009,1,,,,,2023,,031-310-3144,경기도 시흥시청,20260224
신현동23022 고소,1,,,,,2023,,031-310-3144,경기도 시흥시청,20260224
신현동23021 고소,1,,,,,2023,,031-310-3144,경기도 시흥시청,20260224
신현동23020 고소,1,,,,,2023,,031-310-3144,경기도 시흥시청,20260224
신현동23019 고소,1,,,,,2023,,031-310-3144,경기도 시흥시청,20260224
신현동23018 고소,1,,,,,2023,,031-310-3144,경기도 시흥시청,20260224
신현동23017 고소,1,,,,,2023,,031-310-3144,경기도 시흥시청,20260224
신현동23016,1,,,,,2023,,031-310-3144,경기도 시흥시청,20260224
신현동23015 고소,1,,,,,2023,,031-310-3144,경기도 시흥시청,20260224
신현동23014 고소,1,,,,,2023,,031-310-3144,경기도 시흥시청,20260224
신현동23013 고소,1,,,,,2023,,031-310-3144,경기도 시흥시청,20260224
신현동23012 고소,1,,,,,2023,,031-310-3144,경기도 시흥시청,20260224
신현동 N23097,1,,,,,2023,,031-310-3144,경기도 시흥시청,20260224
신현동 N23096,1,,,,,2023,,031-310-3144,경기도 시흥시청,20260224
신현동 N23095,1,,,,,2023,,031-310-3144,경기도 시흥시청,20260224
신현동 N23075(고소),1,,,,,2023,,031-310-3144,경기도 시흥시청,20260224
신현동 N23074(고소),1,,,,,2023,,031-310-3144,경기도 시흥시청,20260224
신현동 N23073,1,,,,,2023,,031-310-3144,경기도 시흥시청,20260224
신현동 N23072,1,,,,,2023,,031-310-3144,경기도 시흥시청,20260224
신현동 N23084,1,,,,,2023,,031-310-3144,경기도 시흥시청,20260224
신현동 N23083,1,,,,,2023,,031-310-3144,경기도 시흥시청,20260224
신현동 N23082(고소),1,,,,,2023,,031-310-3144,경기도 시흥시청,20260224
신현동 N23081,1,,,,,2023,,031-310-3144,경기도 시흥시청,20260224
신현동 N23080,1,,,,,2023,,031-310-3144,경기도 시흥시청,20260224
신현동 N23085,1,,,,,2023,,031-310-3144,경기도 시흥시청,20260224
신현동23008 고소,1,,,,,2023,,031-310-3144,경기도 시흥시청,20260224
신현동23027 고소,1,,,,,2023,,031-310-3144,경기도 시흥시청,20260224
신현동23026 고소,1,,,,,2023,,031-310-3144,경기도 시흥시청,20260224
신현동 N23087,1,,,,,2023,,031-310-3144,경기도 시흥시청,20260224
신현동23025 고소,1,,,,,2023,,031-310-3144,경기도 시흥시청,20260224
"신현동 N23068,N23108",1,,,,,2023,,031-310-3144,경기도 시흥시청,20260224
신현동 N23001 고소,1,,,,,2023,,031-310-3144,경기도 시흥시청,20260224
신현동 N23100 (정전),1,,,,,2023,,031-310-3144,경기도 시흥시청,20260224
신현동 N23098(고소),1,,,,,2023,,031-310-3144,경기도 시흥시청,20260224
신현동 N23093,1,,,,,2023,,031-310-3144,경기도 시흥시청,20260224
신현동 N23092,1,,,,,2023,,031-310-3144,경기도 시흥시청,20260224
"신현동 N23091,N23107(고소)",1,,,,,2023,,031-310-3144,경기도 시흥시청,20260224
신현동 N23002 고소,1,,,,,2023,,031-310-3144,경기도 시흥시청,20260224
신현동 N23090,1,,,,,2023,,031-310-3144,경기도 시흥시청,20260224
신현동 N23086,1,,,,,2023,,031-310-3144,경기도 시흥시청,20260224
정왕본동23019,1,,,,,2023,,031-310-3144,경기도 시흥시청,20260224
은행동23001,1,,,,,2023,,031-310-3144,경기도 시흥시청,20260224
계수동20U251,1,,,,,2023,,031-310-3144,경기도 시흥시청,20260224
과림동N183,1,,,,,2023,,031-310-3144,경기도 시흥시청,20260224
목감동19S280,1,,,,,2023,,031-310-3144,경기도 시흥시청,20260224
매화159,1,,,,,2023,,031-310-3144,경기도 시흥시청,20260224
신현동23024 고소,1,,,,,2023,,031-310-3144,경기도 시흥시청,20260224
신현동23023 고소,1,,,,,2023,,031-310-3144,경기도 시흥시청,20260224
신현동 N23048 고소,1,,,,,2023,,031-310-3144,경기도 시흥시청,20260224
신현동 N23049 고소,1,,,,,2023,,031-310-3144,경기도 시흥시청,20260224
신현동 N23050 고소,1,,,,,2023,,031-310-3144,경기도 시흥시청,20260224
신현동 N23051 고소,1,,,,,2023,,031-310-3144,경기도 시흥시청,20260224
신현동 N23052 고소,1,,,,,2023,,031-310-3144,경기도 시흥시청,20260224
신현동 N23016 (고소)접근불가,1,,,,,2023,,031-310-3144,경기도 시흥시청,20260224
신현동 N23018 고소,1,,,,,2023,,031-310-3144,경기도 시흥시청,20260224
신현동 N23019 고소,1,,,,,2023,,031-310-3144,경기도 시흥시청,20260224
신현동 N23020 고소,1,,,,,2023,,031-310-3144,경기도 시흥시청,20260224
신현동 N23021 고소,1,,,,,2023,,031-310-3144,경기도 시흥시청,20260224
신현동 N23022 고소,1,,,,,2023,,031-310-3144,경기도 시흥시청,20260224
신현동 N23023 고소,1,,,,,2023,,031-310-3144,경기도 시흥시청,20260224
신현동 N23024 고소,1,,,,,2023,,031-310-3144,경기도 시흥시청,20260224
신현동 N23063(고소),1,,,,,2023,,031-310-3144,경기도 시흥시청,20260224
신현동 N23064,1,,,,,2023,,031-310-3144,경기도 시흥시청,20260224
신현동 N23065,1,,,,,2023,,031-310-3144,경기도 시흥시청,20260224
신현동 N23066,1,,,,,2023,,031-310-3144,경기도 시흥시청,20260224
신현동 N23067,1,,,,,2023,,031-310-3144,경기도 시흥시청,20260224
신현동 N23003 고소,1,,,,,2023,,031-310-3144,경기도 시흥시청,20260224
신현동 N23004 (고소)완전고소,1,,,,,2023,,031-310-3144,경기도 시흥시청,20260224
신현동 N23005 고소,1,,,,,2023,,031-310-3144,경기도 시흥시청,20260224
신현동 N23006 AS 고소,1,,,,,2023,,031-310-3144,경기도 시흥시청,20260224
신현동 N23007 고소,1,,,,,2023,,031-310-3144,경기도 시흥시청,20260224
신현동 N23008 고소,1,,,,,2023,,031-310-3144,경기도 시흥시청,20260224
신현동 N23009 고소,1,,,,,2023,,031-310-3144,경기도 시흥시청,20260224
신현동 N23010 고소,1,,,,,2023,,031-310-3144,경기도 시흥시청,20260224
신현동 N23011 고소,1,,,,,2023,,031-310-3144,경기도 시흥시청,20260224
신현동23032,1,,,,,2023,,031-310-3144,경기도 시흥시청,20260224
신현동 N23012 고소,1,,,,,2023,,031-310-3144,경기도 시흥시청,20260224
신현동 N23013 고소,1,,,,,2023,,031-310-3144,경기도 시흥시청,20260224
신현동 N23014 고소,1,,,,,2023,,031-310-3144,경기도 시흥시청,20260224
신현동 N23015 고소,1,,,,,2023,,031-310-3144,경기도 시흥시청,20260224
연성동23003,1,,,,,2023,,031-310-3144,경기도 시흥시청,20260224
매화동N099,1,,,,,2023,,031-310-3144,경기도 시흥시청,20260224
매화동23006(농사점등),1,,,,,2023,,031-310-3144,경기도 시흥시청,20260224
연성동 N23050,1,,,,,2023,,031-310-3144,경기도 시흥시청,20260224
신현동23007 (고소),1,,,,,2023,,031-310-3144,경기도 시흥시청,20260224
신현동23028,1,,,,,2023,,031-310-3144,경기도 시흥시청,20260224
정왕본동23023,1,,,,,2023,,031-310-3144,경기도 시흥시청,20260224
신현동23038,1,,,,,2023,,031-310-3144,경기도 시흥시청,20260224
목감동23005,1,,,,,2023,,031-310-3144,경기도 시흥시청,20260224
매화동N044,1,,,,,2023,,031-310-3144,경기도 시흥시청,20260224
매화동N107,1,,,,,2023,,031-310-3144,경기도 시흥시청,20260224
매화동N006,1,,,,,2023,,031-310-3144,경기도 시흥시청,20260224
매화195,1,,,,,2023,,031-310-3144,경기도 시흥시청,20260224
매화동N039,1,,,,,2023,,031-310-3144,경기도 시흥시청,20260224
매화동N037,1,,,,,2023,,031-310-3144,경기도 시흥시청,20260224
신현동23011,1,,,,,2023,,031-310-3144,경기도 시흥시청,20260224
신현동23010 고소,1,,,,,2023,,031-310-3144,경기도 시흥시청,20260224
신현동23009 고소,1,,,,,2023,,031-310-3144,경기도 시흥시청,20260224
목감동23003,1,,,,,2023,,031-310-3144,경기도 시흥시청,20260224
연성동 N23001 (고소),1,,,,,2023,,031-310-3144,경기도 시흥시청,20260224
연성동 N23002(고소),1,,,,,2023,,031-310-3144,경기도 시흥시청,20260224
연성동 N23003(고소),1,,,,,2023,,031-310-3144,경기도 시흥시청,20260224
연성동 N23004,1,,,,,2023,,031-310-3144,경기도 시흥시청,20260224
연성동 N23005(고소),1,,,,,2023,,031-310-3144,경기도 시흥시청,20260224
연성동 N23006 (고소),1,,,,,2023,,031-310-3144,경기도 시흥시청,20260224
연성동 N23007(고소),1,,,,,2023,,031-310-3144,경기도 시흥시청,20260224
연성동 N23008(고소),1,,,,,2023,,031-310-3144,경기도 시흥시청,20260224
연성동 N23009(고소),1,,,,,2023,,031-310-3144,경기도 시흥시청,20260224
연성동 N23010(고소),1,,,,,2023,,031-310-3144,경기도 시흥시청,20260224
연성동 N23011(고소),1,,,,,2023,,031-310-3144,경기도 시흥시청,20260224
연성동 N23012(고소),1,,,,,2023,,031-310-3144,경기도 시흥시청,20260224
연성동 N23013(고소)장애물접근불가,1,,,,,2023,,031-310-3144,경기도 시흥시청,20260224
연성동 N23014(고소),1,,,,,2023,,031-310-3144,경기도 시흥시청,20260224
연성동 N23015(고소)전주단선,1,,,,,2023,,031-310-3144,경기도 시흥시청,20260224
연성동 N23016(고소),1,,,,,2023,,031-310-3144,경기도 시흥시청,20260224
연성동 N23017(고소),1,,,,,2023,,031-310-3144,경기도 시흥시청,20260224
연성동 N23018(고소),1,,,,,2023,,031-310-3144,경기도 시흥시청,20260224
연성동 N23019(고소),1,,,,,2023,,031-310-3144,경기도 시흥시청,20260224
연성동 N23020(고소),1,,,,,2023,,031-310-3144,경기도 시흥시청,20260224
연성동 N23021(고소),1,,,,,2023,,031-310-3144,경기도 시흥시청,20260224
연성동 N23022(고소),1,,,,,2023,,031-310-3144,경기도 시흥시청,20260224
연성동 N23023(고소),1,,,,,2023,,031-310-3144,경기도 시흥시청,20260224
연성동 N23024(고소),1,,,,,2023,,031-310-3144,경기도 시흥시청,20260224
연성동 N23025(고소),1,,,,,2023,,031-310-3144,경기도 시흥시청,20260224
연성동 N23026(고소),1,,,,,2023,,031-310-3144,경기도 시흥시청,20260224
"연성동 N23027,N23093(고소)",1,,,,,2023,,031-310-3144,경기도 시흥시청,20260224
신현동 N23025 고소,1,,,,,2023,,031-310-3144,경기도 시흥시청,20260224
신현동 N23026 고소,1,,,,,2023,,031-310-3144,경기도 시흥시청,20260224
신현동 N23027 고소,1,,,,,2023,,031-310-3144,경기도 시흥시청,20260224
신현동 N23028 고소,1,,,,,2023,,031-310-3144,경기도 시흥시청,20260224
신현동 N23030 고소,1,,,,,2023,,031-310-3144,경기도 시흥시청,20260224
신현동 N23031 고소,1,,,,,2023,,031-310-3144,경기도 시흥시청,20260224
신현동 N23032 고소,1,,,,,2023,,031-310-3144,경기도 시흥시청,20260224
신현동 N23033 고소,1,,,,,2023,,031-310-3144,경기도 시흥시청,20260224
신현동 N23034 고소,1,,,,,2023,,031-310-3144,경기도 시흥시청,20260224
신현동 N23035 고소,1,,,,,2023,,031-310-3144,경기도 시흥시청,20260224
신현동 N23036 고소,1,,,,,2023,,031-310-3144,경기도 시흥시청,20260224
신현동 N23037 고소,1,,,,,2023,,031-310-3144,경기도 시흥시청,20260224
신현동 N23038 고소,1,,,,,2023,,031-310-3144,경기도 시흥시청,20260224
신현동 N23039 고소,1,,,,,2023,,031-310-3144,경기도 시흥시청,20260224
신현동 N23040 고소,1,,,,,2023,,031-310-3144,경기도 시흥시청,20260224
신현동 N23041 고소,1,,,,,2023,,031-310-3144,경기도 시흥시청,20260224
신현동 N23042 고소,1,,,,,2023,,031-310-3144,경기도 시흥시청,20260224
신현동 N23043 고소,1,,,,,2023,,031-310-3144,경기도 시흥시청,20260224
신현동 N23044 고소,1,,,,,2023,,031-310-3144,경기도 시흥시청,20260224
신현동 N23045 고소(심야소등),1,,,,,2023,,031-310-3144,경기도 시흥시청,20260224
신현동 N23046 고소,1,,,,,2023,,031-310-3144,경기도 시흥시청,20260224
신현동 N23047 고소,1,,,,,2023,,031-310-3144,경기도 시흥시청,20260224
연성동 N23028(고소),1,,,,,2023,,031-310-3144,경기도 시흥시청,20260224
연성동 N23029(고소),1,,,,,2023,,031-310-3144,경기도 시흥시청,20260224
연성동 N23030(고소)장애물접근불가,1,,,,,2023,,031-310-3144,경기도 시흥시청,20260224
연성동 N23031(고소),1,,,,,2023,,031-310-3144,경기도 시흥시청,20260224
연성동 N23032(고소),1,,,,,2023,,031-310-3144,경기도 시흥시청,20260224
연성동 N23033(고소)전주단선,1,,,,,2023,,031-310-3144,경기도 시흥시청,20260224
연성동 N23034(고소),1,,,,,2023,,031-310-3144,경기도 시흥시청,20260224
연성동 N23035(고소),1,,,,,2023,,031-310-3144,경기도 시흥시청,20260224
연성동 N23036(고소),1,,,,,2023,,031-310-3144,경기도 시흥시청,20260224
연성동 N23037(고소),1,,,,,2023,,031-310-3144,경기도 시흥시청,20260224
연성동 N23041(고소)단선,1,,,,,2023,,031-310-3144,경기도 시흥시청,20260224
연성동 N23042(고소)단선,1,,,,,2023,,031-310-3144,경기도 시흥시청,20260224
연성동 N23043(고소),1,,,,,2023,,031-310-3144,경기도 시흥시청,20260224
연성동 N23044(고소),1,,,,,2023,,031-310-3144,경기도 시흥시청,20260224
연성동 N23045(고소),1,,,,,2023,,031-310-3144,경기도 시흥시청,20260224
연성동 N23046(전원안들어옴),1,,,,,2023,,031-310-3144,경기도 시흥시청,20260224
연성동 N23047(고소),1,,,,,2023,,031-310-3144,경기도 시흥시청,20260224
연성동 N23048(고소),1,,,,,2023,,031-310-3144,경기도 시흥시청,20260224
연성동 N23049(고소),1,,,,,2023,,031-310-3144,경기도 시흥시청,20260224
연성동 N23051(고소),1,,,,,2023,,031-310-3144,경기도 시흥시청,20260224
연성동 N23052(고소),1,,,,,2023,,031-310-3144,경기도 시흥시청,20260224
연성동 N23053(고소),1,,,,,2023,,031-310-3144,경기도 시흥시청,20260224
연성동 N23054(고소),1,,,,,2023,,031-310-3144,경기도 시흥시청,20260224
연성동 N23055(고소),1,,,,,2023,,031-310-3144,경기도 시흥시청,20260224
연성동 N23056(고소),1,,,,,2023,,031-310-3144,경기도 시흥시청,20260224
연성동 N23057(고소),1,,,,,2023,,031-310-3144,경기도 시흥시청,20260224
연성동 N23058(고소),1,,,,,2023,,031-310-3144,경기도 시흥시청,20260224
연성동 N23059(고소),1,,,,,2023,,031-310-3144,경기도 시흥시청,20260224
연성동 N23060(고소),1,,,,,2023,,031-310-3144,경기도 시흥시청,20260224
연성동 N23061(고소),1,,,,,2023,,031-310-3144,경기도 시흥시청,20260224
연성동 N23062(고소),1,,,,,2023,,031-310-3144,경기도 시흥시청,20260224
연성동 N23063(고소),1,,,,,2023,,031-310-3144,경기도 시흥시청,20260224
연성동 N23064(고소)완전고소,1,,,,,2023,,031-310-3144,경기도 시흥시청,20260224
연성동 N23065(고소),1,,,,,2023,,031-310-3144,경기도 시흥시청,20260224
연성동 N23066(고소),1,,,,,2023,,031-310-3144,경기도 시흥시청,20260224
연성동 N23067(고소),1,,,,,2023,,031-310-3144,경기도 시흥시청,20260224
연성동 N23068(고소),1,,,,,2023,,031-310-3144,경기도 시흥시청,20260224
연성동 N23069(고소),1,,,,,2023,,031-310-3144,경기도 시흥시청,20260224
신현동 N23053 고소,1,,,,,2023,,031-310-3144,경기도 시흥시청,20260224
신현동 N23101 고소,1,,,,,2023,,031-310-3144,경기도 시흥시청,20260224
신현동 N23102 고소,1,,,,,2023,,031-310-3144,경기도 시흥시청,20260224
"신현동 N23103,N23114 고소",1,,,,,2023,,031-310-3144,경기도 시흥시청,20260224
신현동 N23104 고소,1,,,,,2023,,031-310-3144,경기도 시흥시청,20260224
신현동 N23105 고소,1,,,,,2023,,031-310-3144,경기도 시흥시청,20260224
신현동 N23109 고소,1,,,,,2023,,031-310-3144,경기도 시흥시청,20260224
신현동 N23110 고소,1,,,,,2023,,031-310-3144,경기도 시흥시청,20260224
신현동 N23111 고소,1,,,,,2023,,031-310-3144,경기도 시흥시청,20260224
신현동 N23112 2,1,,,,,2023,,031-310-3144,경기도 시흥시청,20260224
신현동 N23113 고소,1,,,,,2023,,031-310-3144,경기도 시흥시청,20260224
매화동23001,1,,,,,2023,,031-310-3144,경기도 시흥시청,20260224
매화동23002,1,,,,,2023,,031-310-3144,경기도 시흥시청,20260224
대야동21U086,1,,,,,2023,,031-310-3144,경기도 시흥시청,20260224
정왕본동23002,1,,,,,2023,,031-310-3144,경기도 시흥시청,20260224
목감동19003,1,,,,,2023,,031-310-3144,경기도 시흥시청,20260224
정왕본동23001,1,,,,,2023,,031-310-3144,경기도 시흥시청,20260224
목감동N097,1,,,,,2023,,031-310-3144,경기도 시흥시청,20260224
월곶동23001,1,,,,,2023,,031-310-3144,경기도 시흥시청,20260224
목감동19S018,1,,,,,2022,,031-310-3144,경기도 시흥시청,20260224
목감동N133,1,,,,,2022,,031-310-3144,경기도 시흥시청,20260224
과림동N175,1,,,,,2022,,031-310-3144,경기도 시흥시청,20260224
과림동N176,1,,,,,2022,,031-310-3144,경기도 시흥시청,20260224
연성동 N23070,1,,,,,2023,,031-310-3144,경기도 시흥시청,20260224
연성동 N23071(농작물강제소등),1,,,,,2023,,031-310-3144,경기도 시흥시청,20260224
연성동 N23072 as(고소),1,,,,,2023,,031-310-3144,경기도 시흥시청,20260224
연성동 N23073(고소),1,,,,,2023,,031-310-3144,경기도 시흥시청,20260224
연성동 N23074(고소),1,,,,,2023,,031-310-3144,경기도 시흥시청,20260224
연성동 N23075(고소),1,,,,,2023,,031-310-3144,경기도 시흥시청,20260224
연성동 N23076(고소)농작물강제소등,1,,,,,2023,,031-310-3144,경기도 시흥시청,20260224
연성동 N23077(고소),1,,,,,2023,,031-310-3144,경기도 시흥시청,20260224
연성동 N23078(고소),1,,,,,2023,,031-310-3144,경기도 시흥시청,20260224
연성동 N23079(고소),1,,,,,2023,,031-310-3144,경기도 시흥시청,20260224
연성동 N23080(고소),1,,,,,2023,,031-310-3144,경기도 시흥시청,20260224
연성동 N23081(고소),1,,,,,2023,,031-310-3144,경기도 시흥시청,20260224
연성동 N23082(고소),1,,,,,2023,,031-310-3144,경기도 시흥시청,20260224
연성동 N23083,1,,,,,2023,,031-310-3144,경기도 시흥시청,20260224
연성동 N23084(고소),1,,,,,2023,,031-310-3144,경기도 시흥시청,20260224
연성동 N23085(고소),1,,,,,2023,,031-310-3144,경기도 시흥시청,20260224
연성동 N23086(고소),1,,,,,2023,,031-310-3144,경기도 시흥시청,20260224
연성동 N23087,1,,,,,2023,,031-310-3144,경기도 시흥시청,20260224
연성동 N23088(고소),1,,,,,2023,,031-310-3144,경기도 시흥시청,20260224
연성동 N23089(고소),1,,,,,2023,,031-310-3144,경기도 시흥시청,20260224
연성동 N23090(고소)완전고소,1,,,,,2023,,031-310-3144,경기도 시흥시청,20260224
연성동 N23092(고소),1,,,,,2023,,031-310-3144,경기도 시흥시청,20260224
과림동N037,1,,,,,2023,,031-310-3144,경기도 시흥시청,20260224
과림078,1,,,,,2023,,031-310-3144,경기도 시흥시청,20260224
정왕본동23018,1,,,,,2023,,031-310-3144,경기도 시흥시청,20260224
월곶동23003,1,,,,,2023,,031-310-3144,경기도 시흥시청,20260224
군자동23009,1,,,,,2023,,031-310-3144,경기도 시흥시청,20260224
군자동23008,1,,,,,2023,,031-310-3144,경기도 시흥시청,20260224
군자동23001,1,,,,,2023,,031-310-3144,경기도 시흥시청,20260224
목감동19S024,1,,,,,2023,,031-310-3144,경기도 시흥시청,20260224
DD,1,,,,,2023,,031-310-3144,경기도 시흥시청,20260224
정왕본동23017,1,,,,,2023,,031-310-3144,경기도 시흥시청,20260224
목감동N034,1,,,,,2023,,031-310-3144,경기도 시흥시청,20260224
신현동23004,1,,,,,2023,,031-310-3144,경기도 시흥시청,20260224
정왕본동23015,1,,,,,2023,,031-310-3144,경기도 시흥시청,20260224
정왕본동23016,1,,,,,2023,,031-310-3144,경기도 시흥시청,20260224
과림동22045,1,,,,,2023,,031-310-3144,경기도 시흥시청,20260224
군자동22016,1,,,,,2023,,031-310-3144,경기도 시흥시청,20260224
목감동22028,1,,,,,2022,,031-310-3144,경기도 시흥시청,20260224
목감동22029,1,,,,,2022,,031-310-3144,경기도 시흥시청,20260224
목감동22030,1,,,,,2022,,031-310-3144,경기도 시흥시청,20260224
목감동22031,1,,,,,2022,,031-310-3144,경기도 시흥시청,20260224
신현동N278,1,,,,,2022,,031-310-3144,경기도 시흥시청,20260224
연성동N120,1,,,,,2022,,031-310-3144,경기도 시흥시청,20260224
대야동N22004,1,,,,,2022,,031-310-3144,경기도 시흥시청,20260224
연성동N054,1,,,,,2022,,031-310-3144,경기도 시흥시청,20260224
연성동N117,1,,,,,2022,,031-310-3144,경기도 시흥시청,20260224
연성동N118,1,,,,,2022,,031-310-3144,경기도 시흥시청,20260224
목감동22027,1,,,,,2022,,031-310-3144,경기도 시흥시청,20260224
신현동19S258,1,,,,,2022,,031-310-3144,경기도 시흥시청,20260224
연성동N116,1,,,,,2022,,031-310-3144,경기도 시흥시청,20260224
목감동22024,1,,,,,2022,,031-310-3144,경기도 시흥시청,20260224
목감동22025,1,,,,,2022,,031-310-3144,경기도 시흥시청,20260224
은행동N22019,1,,,,,2022,,031-310-3144,경기도 시흥시청,20260224
은행동N22006,1,,,,,2022,,031-310-3144,경기도 시흥시청,20260224
은행동N22018,1,,,,,2022,,031-310-3144,경기도 시흥시청,20260224
은행동N22017,1,,,,,2022,,031-310-3144,경기도 시흥시청,20260224
대야동21U082,1,,,,,2023,,031-310-3144,경기도 시흥시청,20260224
정왕본동23013,1,,,,,2023,,031-310-3144,경기도 시흥시청,20260224
정왕본동23009,1,,,,,2023,,031-310-3144,경기도 시흥시청,20260224
정왕본동23010,1,,,,,2023,,031-310-3144,경기도 시흥시청,20260224
정왕본동23011,1,,,,,2023,,031-310-3144,경기도 시흥시청,20260224
정왕본동23012,1,,,,,2023,,031-310-3144,경기도 시흥시청,20260224
신천동19S507,1,,,,,2023,,031-310-3144,경기도 시흥시청,20260224
정왕본동23003,1,,,,,2023,,031-310-3144,경기도 시흥시청,20260224
정왕본동23004,1,,,,,2023,,031-310-3144,경기도 시흥시청,20260224
정왕본동23005,1,,,,,2023,,031-310-3144,경기도 시흥시청,20260224
정왕본동23006,1,,,,,2023,,031-310-3144,경기도 시흥시청,20260224
정왕본동23007,1,,,,,2023,,031-310-3144,경기도 시흥시청,20260224
정왕본동23008,1,,,,,2023,,031-310-3144,경기도 시흥시청,20260224
매화동23005,1,,,,,2023,,031-310-3144,경기도 시흥시청,20260224
매화동23004,1,,,,,2023,,031-310-3144,경기도 시흥시청,20260224
은행동N22010,1,,,,,2022,,031-310-3144,경기도 시흥시청,20260224
은행동N22009,1,,,,,2022,,031-310-3144,경기도 시흥시청,20260224
은행동N22008,1,,,,,2022,,031-310-3144,경기도 시흥시청,20260224
은행동N22007,1,,,,,2022,,031-310-3144,경기도 시흥시청,20260224
신천동n220005,1,,,,,2022,,031-310-3144,경기도 시흥시청,20260224
능곡125,1,,,,,2022,,031-310-3144,경기도 시흥시청,20260224
능곡동22004,1,,,,,2022,,031-310-3144,경기도 시흥시청,20260224
능곡동22005,1,,,,,2022,,031-310-3144,경기도 시흥시청,20260224
능곡동22006,1,,,,,2022,,031-310-3144,경기도 시흥시청,20260224
은행동N22005,1,,,,,2022,,031-310-3144,경기도 시흥시청,20260224
군자동N242,1,,,,,2022,,031-310-3144,경기도 시흥시청,20260224
신천동N22018,1,,,,,2022,,031-310-3144,경기도 시흥시청,20260224
신천동N22019,1,,,,,2022,,031-310-3144,경기도 시흥시청,20260224
신천동N22020,1,,,,,2022,,031-310-3144,경기도 시흥시청,20260224
신천동N22021,1,,,,,2022,,031-310-3144,경기도 시흥시청,20260224
신천동N22022,1,,,,,2022,,031-310-3144,경기도 시흥시청,20260224
신천동N22023,1,,,,,2022,,031-310-3144,경기도 시흥시청,20260224
은행동N22003,1,,,,,2022,,031-310-3144,경기도 시흥시청,20260224
은행동N22004,1,,,,,2022,,031-310-3144,경기도 시흥시청,20260224
연성동N115,1,,,,,2022,,031-310-3144,경기도 시흥시청,20260224
신현동N277,1,,,,,2022,,031-310-3144,경기도 시흥시청,20260224
과림동22048,1,,,,,2022,,031-310-3144,경기도 시흥시청,20260224
신현동N275,1,,,,,2022,,031-310-3144,경기도 시흥시청,20260224
과림099,1,,,,,2022,,031-310-3144,경기도 시흥시청,20260224
신천동N22017,1,,,,,2022,,031-310-3144,경기도 시흥시청,20260224
목감동22021,1,,,,,2022,,031-310-3144,경기도 시흥시청,20260224
목감동22022,1,,,,,2022,,031-310-3144,경기도 시흥시청,20260224
목감동22023,1,,,,,2022,,031-310-3144,경기도 시흥시청,20260224
신현동N266,1,,,,,2022,,031-310-3144,경기도 시흥시청,20260224
연성동N108,1,,,,,2022,,031-310-3144,경기도 시흥시청,20260224
연성동N109,1,,,,,2022,,031-310-3144,경기도 시흥시청,20260224
연성동N110,1,,,,,2022,,031-310-3144,경기도 시흥시청,20260224
연성동N111,1,,,,,2022,,031-310-3144,경기도 시흥시청,20260224
연성동N112,1,,,,,2022,,031-310-3144,경기도 시흥시청,20260224
신천동N22015,1,,,,,2022,,031-310-3144,경기도 시흥시청,20260224
은행동N22001,1,,,,,2022,,031-310-3144,경기도 시흥시청,20260224
은행동N22002,1,,,,,2022,,031-310-3144,경기도 시흥시청,20260224
신현동N267,1,,,,,2022,,031-310-3144,경기도 시흥시청,20260224
신현동N265,1,,,,,2022,,031-310-3144,경기도 시흥시청,20260224
신현동N268,1,,,,,2022,,031-310-3144,경기도 시흥시청,20260224
연성동N087,1,,,,,2022,,031-310-3144,경기도 시흥시청,20260224
매화동22016,1,,,,,2022,,031-310-3144,경기도 시흥시청,20260224
목감동22018,1,,,,,2022,,031-310-3144,경기도 시흥시청,20260224
월곶동22002,1,,,,,2022,,031-310-3144,경기도 시흥시청,20260224
정왕본동22018,1,,,,,2022,,031-310-3144,경기도 시흥시청,20260224
연성동N106,1,,,,,2022,,031-310-3144,경기도 시흥시청,20260224
연성동N107,1,,,,,2022,,031-310-3144,경기도 시흥시청,20260224
연성동N096,1,,,,,2022,,031-310-3144,경기도 시흥시청,20260224
연성동N119,1,,,,,2022,,031-310-3144,경기도 시흥시청,20260224
연성동N089,1,,,,,2022,,031-310-3144,경기도 시흥시청,20260224
연성동N090,1,,,,,2022,,031-310-3144,경기도 시흥시청,20260224
연성동N091,1,,,,,2022,,031-310-3144,경기도 시흥시청,20260224
연성동N092,1,,,,,2022,,031-310-3144,경기도 시흥시청,20260224
연성동N093,1,,,,,2022,,031-310-3144,경기도 시흥시청,20260224
연성동N094,1,,,,,2022,,031-310-3144,경기도 시흥시청,20260224
연성동N095,1,,,,,2022,,031-310-3144,경기도 시흥시청,20260224
연성동N097,1,,,,,2022,,031-310-3144,경기도 시흥시청,20260224
연성동N066,1,,,,,2022,,031-310-3144,경기도 시흥시청,20260224
연성동N101,1,,,,,2022,,031-310-3144,경기도 시흥시청,20260224
연성동102,1,,,,,2022,,031-310-3144,경기도 시흥시청,20260224
연성동N103,1,,,,,2022,,031-310-3144,경기도 시흥시청,20260224
연성동104,1,,,,,2022,,031-310-3144,경기도 시흥시청,20260224
연성동N072,1,,,,,2022,,031-310-3144,경기도 시흥시청,20260224
연성동N044,1,,,,,2022,,031-310-3144,경기도 시흥시청,20260224
연성동N105,1,,,,,2022,,031-310-3144,경기도 시흥시청,20260224
은행동N22011,1,,,,,2022,,031-310-3144,경기도 시흥시청,20260224
대야동N23007,1,,,,,2023,,031-310-3144,경기도 시흥시청,20260224
신천동N23012,1,,,,,2023,,031-310-3144,경기도 시흥시청,20260224
은행동N23003,1,,,,,2023,,031-310-3144,경기도 시흥시청,20260224
신천동N23017,1,,,,,2023,,031-310-3144,경기도 시흥시청,20260224
대야동N23033,1,,,,,2023,,031-310-3144,경기도 시흥시청,20260224
대야동N23032,1,,,,,2023,,031-310-3144,경기도 시흥시청,20260224
은행동N23004,1,,,,,2023,,031-310-3144,경기도 시흥시청,20260224
은행동N23068,1,,,,,2023,,031-310-3144,경기도 시흥시청,20260224
정왕3동N23010,1,,,,,2023,,031-310-3144,경기도 시흥시청,20260224
대야동N23031,1,,,,,2023,,031-310-3144,경기도 시흥시청,20260224
목감동23008,1,,,,,2023,,031-310-3144,경기도 시흥시청,20260224
대야동N23030,1,,,,,2023,,031-310-3144,경기도 시흥시청,20260224
대야동N23029,1,,,,,2023,,031-310-3144,경기도 시흥시청,20260224
은행동N23039(고소),1,,,,,2023,,031-310-3144,경기도 시흥시청,20260224
은행동N23056,1,,,,,2023,,031-310-3144,경기도 시흥시청,20260224
은행동N23053,1,,,,,2023,,031-310-3144,경기도 시흥시청,20260224
목감동23002,1,,,,,2023,,031-310-3144,경기도 시흥시청,20260224
시흥스마트허브22001,1,,,,,2022,,031-310-3144,경기도 시흥시청,20260224
군자027,1,,,,,2022,,031-310-3144,경기도 시흥시청,20260224
군자026,1,,,,,2022,,031-310-3144,경기도 시흥시청,20260224
정왕본동22016,1,,,,,2022,,031-310-3144,경기도 시흥시청,20260224
은행동N078,1,,,,,2022,,031-310-3144,경기도 시흥시청,20260224
신현동N260,1,,,,,2022,,031-310-3144,경기도 시흥시청,20260224
목감동22015,1,,,,,2022,,031-310-3144,경기도 시흥시청,20260224
목감동22016,1,,,,,2022,,031-310-3144,경기도 시흥시청,20260224
신현동19S404,1,,,,,2022,,031-310-3144,경기도 시흥시청,20260224
신현동19S405,1,,,,,2022,,031-310-3144,경기도 시흥시청,20260224
신현동N039,1,,,,,2022,,031-310-3144,경기도 시흥시청,20260224
대야202[표찰무],1,,,,,2022,,031-310-3144,경기도 시흥시청,20260224
신현동19S259,1,,,,,2022,,031-310-3144,경기도 시흥시청,20260224
은행동N23048(고소),1,,,,,2023,,031-310-3144,경기도 시흥시청,20260224
은행동N23054,1,,,,,2023,,031-310-3144,경기도 시흥시청,20260224
은행동N23052,1,,,,,2023,,031-310-3144,경기도 시흥시청,20260224
연성동23004,1,,,,,2023,,031-310-3144,경기도 시흥시청,20260224
군자동23006,1,,,,,2023,,031-310-3144,경기도 시흥시청,20260224
군자동23005,1,,,,,2023,,031-310-3144,경기도 시흥시청,20260224
군자동23004,1,,,,,2023,,031-310-3144,경기도 시흥시청,20260224
신현동23030,1,,,,,2023,,031-310-3144,경기도 시흥시청,20260224
군자동23010,1,,,,,2023,,031-310-3144,경기도 시흥시청,20260224
군자동23007,1,,,,,2023,,031-310-3144,경기도 시흥시청,20260224
군자동23002,1,,,,,2023,,031-310-3144,경기도 시흥시청,20260224
신현동23029 고소,1,,,,,2023,,031-310-3144,경기도 시흥시청,20260224
정왕본동623,1,,,,,2023,,031-310-3144,경기도 시흥시청,20260224
목감144,1,,,,,2023,,031-310-3144,경기도 시흥시청,20260224
은행동N23051,1,,,,,2023,,031-310-3144,경기도 시흥시청,20260224
은행동N23050,1,,,,,2023,,031-310-3144,경기도 시흥시청,20260224
은행동N23049,1,,,,,2023,,031-310-3144,경기도 시흥시청,20260224
정왕3동N23009,1,,,,,2023,,031-310-3144,경기도 시흥시청,20260224
은행동N23072,1,,,,,2023,,031-310-3144,경기도 시흥시청,20260224
정왕3동N23018,1,,,,,2023,,031-310-3144,경기도 시흥시청,20260224
대야동N23025,1,,,,,2023,,031-310-3144,경기도 시흥시청,20260224
은행동N23042(고소),1,,,,,2023,,031-310-3144,경기도 시흥시청,20260224
은행동N23044(고소),1,,,,,2023,,031-310-3144,경기도 시흥시청,20260224
은행동N23045,1,,,,,2023,,031-310-3144,경기도 시흥시청,20260224
은행동N23046(고소),1,,,,,2023,,031-310-3144,경기도 시흥시청,20260224
은행동N23047,1,,,,,2023,,031-310-3144,경기도 시흥시청,20260224
신천동N23009,1,,,,,2023,,031-310-3144,경기도 시흥시청,20260224
신천동N23010,1,,,,,2023,,031-310-3144,경기도 시흥시청,20260224
은행동N23006,1,,,,,2023,,031-310-3144,경기도 시흥시청,20260224
신천동N23005,1,,,,,2023,,031-310-3144,경기도 시흥시청,20260224
신천동N23004,1,,,,,2023,,031-310-3144,경기도 시흥시청,20260224
신천동N23003,1,,,,,2023,,031-310-3144,경기도 시흥시청,20260224
은행동N23005,1,,,,,2023,,031-310-3144,경기도 시흥시청,20260224
은행동N23007,1,,,,,2023,,031-310-3144,경기도 시흥시청,20260224
신천동N23013,1,,,,,2023,,031-310-3144,경기도 시흥시청,20260224
은행동N23013(고소),1,,,,,2023,,031-310-3144,경기도 시흥시청,20260224
신천동N22003,1,,,,,2022,,031-310-3144,경기도 시흥시청,20260224
월곶동22001,1,,,,,2022,,031-310-3144,경기도 시흥시청,20260224
신천동N22004,1,,,,,2022,,031-310-3144,경기도 시흥시청,20260224
정왕본동22011,1,,,,,2022,,031-310-3144,경기도 시흥시청,20260224
정왕본동22012,1,,,,,2022,,031-310-3144,경기도 시흥시청,20260224
정왕본동22013,1,,,,,2022,,031-310-3144,경기도 시흥시청,20260224
정왕본동22014,1,,,,,2022,,031-310-3144,경기도 시흥시청,20260224
정왕본동22010,1,,,,,2022,,031-310-3144,경기도 시흥시청,20260224
목감동22013,1,,,,,2022,,031-310-3144,경기도 시흥시청,20260224
목감동N160,1,,,,,2022,,031-310-3144,경기도 시흥시청,20260224
신천동19S261,1,,,,,2022,,031-310-3144,경기도 시흥시청,20260224
신천동N22002,1,,,,,2022,,031-310-3144,경기도 시흥시청,20260224
대야동N22001,1,,,,,2022,,031-310-3144,경기도 시흥시청,20260224
과림동22032,1,,,,,2022,,031-310-3144,경기도 시흥시청,20260224
과림동22033,1,,,,,2022,,031-310-3144,경기도 시흥시청,20260224
과림동22034,1,,,,,2022,,031-310-3144,경기도 시흥시청,20260224
신현동N261,1,,,,,2022,,031-310-3144,경기도 시흥시청,20260224
신현동19S099,1,,,,,2022,,031-310-3144,경기도 시흥시청,20260224
매화동22012,1,,,,,2022,,031-310-3144,경기도 시흥시청,20260224
매화동22013,1,,,,,2022,,031-310-3144,경기도 시흥시청,20260224
신천동21U035,1,,,,,2022,,031-310-3144,경기도 시흥시청,20260224
목감동19S135,1,,,,,2022,,031-310-3144,경기도 시흥시청,20260224
목감동22012,1,,,,,2022,,031-310-3144,경기도 시흥시청,20260224
은행388,1,,,,,2022,,031-310-3144,경기도 시흥시청,20260224
신천동22009,1,,,,,2022,,031-310-3144,경기도 시흥시청,20260224
과림동N051,1,,,,,2022,,031-310-3144,경기도 시흥시청,20260224
과림005,1,,,,,2022,,031-310-3144,경기도 시흥시청,20260224
과림004,1,,,,,2022,,031-310-3144,경기도 시흥시청,20260224
과림동22030,1,,,,,2022,,031-310-3144,경기도 시흥시청,20260224
신현동N259,1,,,,,2022,,031-310-3144,경기도 시흥시청,20260224
장곡동N026,1,,,,,2022,,031-310-3144,경기도 시흥시청,20260224
장곡동N027,1,,,,,2022,,031-310-3144,경기도 시흥시청,20260224
장곡동N028,1,,,,,2022,,031-310-3144,경기도 시흥시청,20260224
장곡동N029,1,,,,,2022,,031-310-3144,경기도 시흥시청,20260224
장곡동N030,1,,,,,2022,,031-310-3144,경기도 시흥시청,20260224
장곡동N031,1,,,,,2022,,031-310-3144,경기도 시흥시청,20260224
연성동N083,1,,,,,2022,,031-310-3144,경기도 시흥시청,20260224
과림동22035,1,,,,,2022,,031-310-3144,경기도 시흥시청,20260224
신천동N22005,1,,,,,2022,,031-310-3144,경기도 시흥시청,20260224
연성동N081,1,,,,,2022,,031-310-3144,경기도 시흥시청,20260224
연성동N082,1,,,,,2022,,031-310-3144,경기도 시흥시청,20260224
목감동22017,1,,,,,2022,,031-310-3144,경기도 시흥시청,20260224
신현동19S209,1,,,,,2022,,031-310-3144,경기도 시흥시청,20260224
은행동N175,1,,,,,2022,,031-310-3144,경기도 시흥시청,20260224
대야동22004,1,,,,,2022,,031-310-3144,경기도 시흥시청,20260224
대야동22003,1,,,,,2022,,031-310-3144,경기도 시흥시청,20260224
과림동 22014,1,,,,,2022,,031-310-3144,경기도 시흥시청,20260224
과림동 22015,1,,,,,2022,,031-310-3144,경기도 시흥시청,20260224
과림동 22016,1,,,,,2022,,031-310-3144,경기도 시흥시청,20260224
과림동22004,1,,,,,2022,,031-310-3144,경기도 시흥시청,20260224
연성동N049,1,,,,,2022,,031-310-3144,경기도 시흥시청,20260224
연성동N077,1,,,,,2022,,031-310-3144,경기도 시흥시청,20260224
연성동N078,1,,,,,2022,,031-310-3144,경기도 시흥시청,20260224
신현동19S129,1,,,,,2022,,031-310-3144,경기도 시흥시청,20260224
과림동22026,1,,,,,2022,,031-310-3144,경기도 시흥시청,20260224
과림동22027,1,,,,,2022,,031-310-3144,경기도 시흥시청,20260224
과림동22028,1,,,,,2022,,031-310-3144,경기도 시흥시청,20260224
목감동22009,1,,,,,2022,,031-310-3144,경기도 시흥시청,20260224
과림동22023,1,,,,,2022,,031-310-3144,경기도 시흥시청,20260224
과림동22025,1,,,,,2022,,031-310-3144,경기도 시흥시청,20260224
과림동22022,1,,,,,2022,,031-310-3144,경기도 시흥시청,20260224
신현동19S025,1,,,,,2022,,031-310-3144,경기도 시흥시청,20260224
연성동22001,1,,,,,2022,,031-310-3144,경기도 시흥시청,20260224
연성동22002,1,,,,,2022,,031-310-3144,경기도 시흥시청,20260224
연성동N075,1,,,,,2022,,031-310-3144,경기도 시흥시청,20260224
목감동22006,1,,,,,2022,,031-310-3144,경기도 시흥시청,20260224
신현동N258,1,,,,,2022,,031-310-3144,경기도 시흥시청,20260224
목감동22007,1,,,,,2022,,031-310-3144,경기도 시흥시청,20260224
목감동N254,1,,,,,2022,,031-310-3144,경기도 시흥시청,20260224
장곡동N100,1,,,,,2022,,031-310-3144,경기도 시흥시청,20260224
매화동22009,1,,,,,2022,,031-310-3144,경기도 시흥시청,20260224
매화동22010,1,,,,,2022,,031-310-3144,경기도 시흥시청,20260224
매화동22007,1,,,,,2022,,031-310-3144,경기도 시흥시청,20260224
매화동22006,1,,,,,2022,,031-310-3144,경기도 시흥시청,20260224
은행동22011,1,,,,,2022,,031-310-3144,경기도 시흥시청,20260224
연성동17003,1,,,,,2022,,031-310-3144,경기도 시흥시청,20260224
연성동N23091,1,,,,,2022,,031-310-3144,경기도 시흥시청,20260224
계수동22001,1,,,,,2022,,031-310-3144,경기도 시흥시청,20260224
신현동19S410,1,,,,,2022,,031-310-3144,경기도 시흥시청,20260224
정왕동22010,1,,,,,2022,,031-310-3144,경기도 시흥시청,20260224
과림동N291,1,,,,,2022,,031-310-3144,경기도 시흥시청,20260224
과림동N292,1,,,,,2022,,031-310-3144,경기도 시흥시청,20260224
정왕본동S005,1,,,,,2022,,031-310-3144,경기도 시흥시청,20260224
신현동19S418,1,,,,,2022,,031-310-3144,경기도 시흥시청,20260224
신현동19S420,1,,,,,2022,,031-310-3144,경기도 시흥시청,20260224
신현동19S135,1,,,,,2022,,031-310-3144,경기도 시흥시청,20260224
매화동22005,1,,,,,2022,,031-310-3144,경기도 시흥시청,20260224
은행동22015,1,,,,,2022,,031-310-3144,경기도 시흥시청,20260224
은행동22003,1,,,,,2022,,031-310-3144,경기도 시흥시청,20260224
은행동22004,1,,,,,2022,,031-310-3144,경기도 시흥시청,20260224
은행동22005,1,,,,,2022,,031-310-3144,경기도 시흥시청,20260224
은행동22006,1,,,,,2022,,031-310-3144,경기도 시흥시청,20260224
은행동22007(농사-소등),1,,,,,2022,,031-310-3144,경기도 시흥시청,20260224
은행동22008(농사-소등),1,,,,,2022,,031-310-3144,경기도 시흥시청,20260224
은행동22009,1,,,,,2022,,031-310-3144,경기도 시흥시청,20260224
은행동22010,1,,,,,2022,,031-310-3144,경기도 시흥시청,20260224
은행동22012,1,,,,,2022,,031-310-3144,경기도 시흥시청,20260224
은행동22013,1,,,,,2022,,031-310-3144,경기도 시흥시청,20260224
대야069-1[표찰무],1,,,,,2021,,031-310-3144,경기도 시흥시청,20260224
월곶동N125,1,,,,,2022,,031-310-3144,경기도 시흥시청,20260224
월곶동N126,1,,,,,2022,,031-310-3144,경기도 시흥시청,20260224
신천동22002,1,,,,,2022,,031-310-3144,경기도 시흥시청,20260224
신천동22003,1,,,,,2022,,031-310-3144,경기도 시흥시청,20260224
신천동22004,1,,,,,2022,,031-310-3144,경기도 시흥시청,20260224
신천동22005,1,,,,,2022,,031-310-3144,경기도 시흥시청,20260224
신천동22006,1,,,,,2022,,031-310-3144,경기도 시흥시청,20260224
정왕동 22003,1,,,,,2022,,031-310-3144,경기도 시흥시청,20260224
정왕동22002,1,,,,,2022,,031-310-3144,경기도 시흥시청,20260224
신현동 N298,1,,,,,2022,,031-310-3144,경기도 시흥시청,20260224
군자동22001,1,,,,,2022,,031-310-3144,경기도 시흥시청,20260224
월곶동N099,1,,,,,2022,,031-310-3144,경기도 시흥시청,20260224
월곶동N121,1,,,,,2022,,031-310-3144,경기도 시흥시청,20260224
월곶동N066,1,,,,,2022,,031-310-3144,경기도 시흥시청,20260224
월곶동N122,1,,,,,2022,,031-310-3144,경기도 시흥시청,20260224
월곶동N100,1,,,,,2022,,031-310-3144,경기도 시흥시청,20260224
대야동22001,1,,,,,2022,,031-310-3144,경기도 시흥시청,20260224
월곶동N119,1,,,,,2022,,031-310-3144,경기도 시흥시청,20260224
월곶동N067,1,,,,,2022,,031-310-3144,경기도 시흥시청,20260224
월곶동N120,1,,,,,2022,,031-310-3144,경기도 시흥시청,20260224
능곡동 N037,1,,,,,2022,,031-310-3144,경기도 시흥시청,20260224
월곶동N106,1,,,,,2022,,031-310-3144,경기도 시흥시청,20260224
월곶동N006,1,,,,,2022,,031-310-3144,경기도 시흥시청,20260224
월곶동N093,1,,,,,2022,,031-310-3144,경기도 시흥시청,20260224
월곶동N024,1,,,,,2022,,031-310-3144,경기도 시흥시청,20260224
월곶동N117,1,,,,,2022,,031-310-3144,경기도 시흥시청,20260224
월곶동N118,1,,,,,2022,,031-310-3144,경기도 시흥시청,20260224
신현동N23017,1,,,,,2022,,031-310-3144,경기도 시흥시청,20260224
군자동N200,1,,,,,2022,,031-310-3144,경기도 시흥시청,20260224
신현동 N23106,1,,,,,2022,,031-310-3144,경기도 시흥시청,20260224
신현동N291,1,,,,,2022,,031-310-3144,경기도 시흥시청,20260224
신현동N292,1,,,,,2022,,031-310-3144,경기도 시흥시청,20260224
신현동N293,1,,,,,2022,,031-310-3144,경기도 시흥시청,20260224
신현동N294,1,,,,,2022,,031-310-3144,경기도 시흥시청,20260224
신현동 N295,1,,,,,2022,,031-310-3144,경기도 시흥시청,20260224
매화동22002,1,,,,,2022,,031-310-3144,경기도 시흥시청,20260224
매화동22003,1,,,,,2022,,031-310-3144,경기도 시흥시청,20260224
매화동22004,1,,,,,2022,,031-310-3144,경기도 시흥시청,20260224
연성동21003,1,,,,,2022,,031-310-3144,경기도 시흥시청,20260224
거모동21001,1,,,,,2022,,031-310-3144,경기도 시흥시청,20260224
신천동21001,1,,,,,2022,,031-310-3144,경기도 시흥시청,20260224
과림동 22005,1,,,,,2022,,031-310-3144,경기도 시흥시청,20260224
과림동 22006,1,,,,,2022,,031-310-3144,경기도 시흥시청,20260224
과림동 22007,1,,,,,2022,,031-310-3144,경기도 시흥시청,20260224
과림동 22008,1,,,,,2022,,031-310-3144,경기도 시흥시청,20260224
과림동 22009,1,,,,,2022,,031-310-3144,경기도 시흥시청,20260224
과림동 22010,1,,,,,2022,,031-310-3144,경기도 시흥시청,20260224
과림동N288,1,,,,,2022,,031-310-3144,경기도 시흥시청,20260224
과림동N289,1,,,,,2022,,031-310-3144,경기도 시흥시청,20260224
대야동21U005(고소),1,,,,,2021,,031-310-3144,경기도 시흥시청,20260224
표찰무 -07,1,,,,,2021,,031-310-3144,경기도 시흥시청,20260224
수인로 3409번길 1-4,1,,,,,2021,,031-310-3144,경기도 시흥시청,20260224
수인로 3409번길 1-3,1,,,,,2021,,031-310-3144,경기도 시흥시청,20260224
김표찰무31,1,,,,,2021,,031-310-3144,경기도 시흥시청,20260224
대야동N094[현재위치],1,,,,,2021,,031-310-3144,경기도 시흥시청,20260224
김표찰무32,1,,,,,2021,,031-310-3144,경기도 시흥시청,20260224
신천동 19S413 - 1,1,,,,,2021,,031-310-3144,경기도 시흥시청,20260224
신천동 19S413 -1-,1,,,,,2021,,031-310-3144,경기도 시흥시청,20260224
신천동 19S413 - 2--,1,,,,,2021,,031-310-3144,경기도 시흥시청,20260224
신천동21003,1,,,,,2022,,031-310-3144,경기도 시흥시청,20260224
신천동21002,1,,,,,2022,,031-310-3144,경기도 시흥시청,20260224
연성동21002,1,,,,,2022,,031-310-3144,경기도 시흥시청,20260224
연성동21004,1,,,,,2022,,031-310-3144,경기도 시흥시청,20260224
과림동21001,1,,,,,2022,,031-310-3144,경기도 시흥시청,20260224
과림동21002,1,,,,,2022,,031-310-3144,경기도 시흥시청,20260224
과림동21003,1,,,,,2022,,031-310-3144,경기도 시흥시청,20260224
과림동21004,1,,,,,2022,,031-310-3144,경기도 시흥시청,20260224
월곶동21002,1,,,,,2022,,031-310-3144,경기도 시흥시청,20260224
과림동N265,1,,,,,2021,,031-310-3144,경기도 시흥시청,20260224
과림동N266,1,,,,,2021,,031-310-3144,경기도 시흥시청,20260224
과림동N267,1,,,,,2021,,031-310-3144,경기도 시흥시청,20260224
과림동N269,1,,,,,2021,,031-310-3144,경기도 시흥시청,20260224
군자동21S341,1,,,,,2021,,031-310-3144,경기도 시흥시청,20260224
[신설]은행로218번길-2,1,,,,,2021,,031-310-3144,경기도 시흥시청,20260224
목감622,1,,,,,2021,,031-310-3144,경기도 시흥시청,20260224
목감623,1,,,,,2021,,031-310-3144,경기도 시흥시청,20260224
목감624,1,,,,,2021,,031-310-3144,경기도 시흥시청,20260224
목감625,1,,,,,2021,,031-310-3144,경기도 시흥시청,20260224
목감626,1,,,,,2021,,031-310-3144,경기도 시흥시청,20260224
목감627,1,,,,,2021,,031-310-3144,경기도 시흥시청,20260224
목감629,1,,,,,2021,,031-310-3144,경기도 시흥시청,20260224
목감630,1,,,,,2021,,031-310-3144,경기도 시흥시청,20260224
목감631,1,,,,,2021,,031-310-3144,경기도 시흥시청,20260224
목감632,1,,,,,2021,,031-310-3144,경기도 시흥시청,20260224
신현동 N23069,1,,,,,2021,,031-310-3144,경기도 시흥시청,20260224
신현동 N23070,1,,,,,2021,,031-310-3144,경기도 시흥시청,20260224
신현동 N23071,1,,,,,2021,,031-310-3144,경기도 시흥시청,20260224
목감동N213,1,,,,,2021,,031-310-3144,경기도 시흥시청,20260224
목감동N214,1,,,,,2021,,031-310-3144,경기도 시흥시청,20260224
정왕본동808,1,,,,,2021,,031-310-3144,경기도 시흥시청,20260224
정왕본동810,1,,,,,2021,,031-310-3144,경기도 시흥시청,20260224
정왕본동809,1,,,,,2021,,031-310-3144,경기도 시흥시청,20260224
장곡동24012,1,,,,,2021,,031-310-3144,경기도 시흥시청,20260224
장곡동24013,1,,,,,2021,,031-310-3144,경기도 시흥시청,20260224
장곡동24016,1,,,,,2021,,031-310-3144,경기도 시흥시청,20260224
정왕본동21001,1,,,,,2021,,031-310-3144,경기도 시흥시청,20260224
정왕본동785,1,,,,,2021,,031-310-3144,경기도 시흥시청,20260224
군자동19U268,1,,,,,2021,,031-310-3144,경기도 시흥시청,20260224
정왕본동21U173,1,,,,,2021,,031-310-3144,경기도 시흥시청,20260224
정왕본동21U046,1,,,,,2021,,031-310-3144,경기도 시흥시청,20260224
정왕본동21U117,1,,,,,2021,,031-310-3144,경기도 시흥시청,20260224
정왕본동21U122,1,,,,,2021,,031-310-3144,경기도 시흥시청,20260224
정왕본동21U154,1,,,,,2021,,031-310-3144,경기도 시흥시청,20260224
정왕본동21U158,1,,,,,2021,,031-310-3144,경기도 시흥시청,20260224
정왕본동21U083,1,,,,,2021,,031-310-3144,경기도 시흥시청,20260224
정왕본동21U030,1,,,,,2021,,031-310-3144,경기도 시흥시청,20260224
정왕본동21U106,1,,,,,2021,,031-310-3144,경기도 시흥시청,20260224
정왕본동21U052,1,,,,,2021,,031-310-3144,경기도 시흥시청,20260224
정왕1동21U246,1,,,,,2020,,031-310-3144,경기도 시흥시청,20260224
정왕1동21U251,1,,,,,2020,,031-310-3144,경기도 시흥시청,20260224
정왕1동21U259,1,,,,,2020,,031-310-3144,경기도 시흥시청,20260224
정왕1동21U286,1,,,,,2020,,031-310-3144,경기도 시흥시청,20260224
정왕1동21U308,1,,,,,2020,,031-310-3144,경기도 시흥시청,20260224
정왕1동21U062,1,,,,,2020,,031-310-3144,경기도 시흥시청,20260224
정왕1동21U063,1,,,,,2020,,031-310-3144,경기도 시흥시청,20260224
정왕1동21U064,1,,,,,2020,,031-310-3144,경기도 시흥시청,20260224
김표찰무37,1,,,,,2021,,031-310-3144,경기도 시흥시청,20260224
김표찰무38,1,,,,,2021,,031-310-3144,경기도 시흥시청,20260224
신천동 19006,1,,,,,2021,,031-310-3144,경기도 시흥시청,20260224
김표찰무39,1,,,,,2021,,031-310-3144,경기도 시흥시청,20260224
김표찰무40,1,,,,,2021,,031-310-3144,경기도 시흥시청,20260224
김표찰무41,1,,,,,2021,,031-310-3144,경기도 시흥시청,20260224
김표찰무42,1,,,,,2021,,031-310-3144,경기도 시흥시청,20260224
김표찰무43,1,,,,,2021,,031-310-3144,경기도 시흥시청,20260224
김표찰무44,1,,,,,2021,,031-310-3144,경기도 시흥시청,20260224
신천동 19S270,1,,,,,2021,,031-310-3144,경기도 시흥시청,20260224
김표찰무46,1,,,,,2021,,031-310-3144,경기도 시흥시청,20260224
김표찰무50,1,,,,,2021,,031-310-3144,경기도 시흥시청,20260224
신천동 19S211,1,,,,,2021,,031-310-3144,경기도 시흥시청,20260224
신천동 19S822,1,,,,,2021,,031-310-3144,경기도 시흥시청,20260224
표찰무 - 11,1,,,,,2021,,031-310-3144,경기도 시흥시청,20260224
신천동19S288 -1,1,,,,,2021,,031-310-3144,경기도 시흥시청,20260224
표찰무 - 12,1,,,,,2021,,031-310-3144,경기도 시흥시청,20260224
신천동 19S263,1,,,,,2021,,031-310-3144,경기도 시흥시청,20260224
표찰무 - 15,1,,,,,2021,,031-310-3144,경기도 시흥시청,20260224
신천동820,1,,,,,2021,,031-310-3144,경기도 시흥시청,20260224
표찰무 - 16,1,,,,,2021,,031-310-3144,경기도 시흥시청,20260224
김표찰무22,1,,,,,2021,,031-310-3144,경기도 시흥시청,20260224
대야동19S209,1,,,,,2021,,031-310-3144,경기도 시흥시청,20260224
대야동19S387[현재위치],1,,,,,2021,,031-310-3144,경기도 시흥시청,20260224
대야동19S382,1,,,,,2021,,031-310-3144,경기도 시흥시청,20260224
대야동19S248,1,,,,,2021,,031-310-3144,경기도 시흥시청,20260224
김표찰무23,1,,,,,2021,,031-310-3144,경기도 시흥시청,20260224
수인로 3409번길 1-6,1,,,,,2021,,031-310-3144,경기도 시흥시청,20260224
김표찰무28,1,,,,,2021,,031-310-3144,경기도 시흥시청,20260224
매화동20016,1,,,,,2020,,031-310-3144,경기도 시흥시청,20260224
매화동20015,1,,,,,2020,,031-310-3144,경기도 시흥시청,20260224
과림동N203,1,,,,,2020,,031-310-3144,경기도 시흥시청,20260224
매화496,1,,,,,2020,,031-310-3144,경기도 시흥시청,20260224
매화373,1,,,,,2020,,031-310-3144,경기도 시흥시청,20260224
매화094,1,,,,,2020,,031-310-3144,경기도 시흥시청,20260224
매화534,1,,,,,2020,,031-310-3144,경기도 시흥시청,20260224
매화544,1,,,,,2020,,031-310-3144,경기도 시흥시청,20260224
매화104,1,,,,,2020,,031-310-3144,경기도 시흥시청,20260224
매화478,1,,,,,2020,,031-310-3144,경기도 시흥시청,20260224
매화동19S296,1,,,,,2020,,031-310-3144,경기도 시흥시청,20260224
매화011,1,,,,,2020,,031-310-3144,경기도 시흥시청,20260224
신현동19002,1,,,,,2020,,031-310-3144,경기도 시흥시청,20260224
대야동N109,1,,,,,2020,,031-310-3144,경기도 시흥시청,20260224
매화동20S015,1,,,,,2020,,031-310-3144,경기도 시흥시청,20260224
매화동20S017,1,,,,,2020,,031-310-3144,경기도 시흥시청,20260224
매화동20S028,1,,,,,2020,,031-310-3144,경기도 시흥시청,20260224
매화동20S029,1,,,,,2020,,031-310-3144,경기도 시흥시청,20260224
매화동20S031,1,,,,,2020,,031-310-3144,경기도 시흥시청,20260224
매화동20S032,1,,,,,2020,,031-310-3144,경기도 시흥시청,20260224
매화동20S033,1,,,,,2020,,031-310-3144,경기도 시흥시청,20260224
매화동20S034,1,,,,,2020,,031-310-3144,경기도 시흥시청,20260224
매화동20S035,1,,,,,2020,,031-310-3144,경기도 시흥시청,20260224
매화동20S036,1,,,,,2020,,031-310-3144,경기도 시흥시청,20260224
매화동20S037,1,,,,,2020,,031-310-3144,경기도 시흥시청,20260224
매화동20S038,1,,,,,2020,,031-310-3144,경기도 시흥시청,20260224
매화동20S009,1,,,,,2020,,031-310-3144,경기도 시흥시청,20260224
매화동20S007,1,,,,,2020,,031-310-3144,경기도 시흥시청,20260224
매화동20S008,1,,,,,2020,,031-310-3144,경기도 시흥시청,20260224
매화동20S011,1,,,,,2020,,031-310-3144,경기도 시흥시청,20260224
매화동20S010,1,,,,,2020,,031-310-3144,경기도 시흥시청,20260224
매화269,1,,,,,2020,,031-310-3144,경기도 시흥시청,20260224
매화동20S014,1,,,,,2020,,031-310-3144,경기도 시흥시청,20260224
매화동20S013,1,,,,,2020,,031-310-3144,경기도 시흥시청,20260224
매화동20S016,1,,,,,2020,,031-310-3144,경기도 시흥시청,20260224
매화동20S018,1,,,,,2020,,031-310-3144,경기도 시흥시청,20260224
매화동20S019,1,,,,,2020,,031-310-3144,경기도 시흥시청,20260224
매화동20S020,1,,,,,2020,,031-310-3144,경기도 시흥시청,20260224
신천동20005,1,,,,,2021,,031-310-3144,경기도 시흥시청,20260224
과림동N204,1,,,,,2020,,031-310-3144,경기도 시흥시청,20260224
목감동N169,1,,,,,2020,,031-310-3144,경기도 시흥시청,20260224
과림동N004,1,,,,,2020,,031-310-3144,경기도 시흥시청,20260224
목감동N168,1,,,,,2020,,031-310-3144,경기도 시흥시청,20260224
과림동N200,1,,,,,2020,,031-310-3144,경기도 시흥시청,20260224
과림동N199,1,,,,,2020,,031-310-3144,경기도 시흥시청,20260224
과림동N198,1,,,,,2020,,031-310-3144,경기도 시흥시청,20260224
목감동N167,1,,,,,2020,,031-310-3144,경기도 시흥시청,20260224
은행동N116,1,,,,,2020,,031-310-3144,경기도 시흥시청,20260224
대야동20010,1,,,,,2020,,031-310-3144,경기도 시흥시청,20260224
군자동N204,1,,,,,2020,,031-310-3144,경기도 시흥시청,20260224
군자동N203,1,,,,,2020,,031-310-3144,경기도 시흥시청,20260224
군자동20009,1,,,,,2020,,031-310-3144,경기도 시흥시청,20260224
매화동24082,1,,,,,2020,,031-310-3144,경기도 시흥시청,20260224
매화동24083,1,,,,,2020,,031-310-3144,경기도 시흥시청,20260224
대야동20002,1,,,,,2020,,031-310-3144,경기도 시흥시청,20260224
신천동20009,1,,,,,2020,,031-310-3144,경기도 시흥시청,20260224
정왕본동21U160,1,,,,,2020,,031-310-3144,경기도 시흥시청,20260224
목감동N171,1,,,,,2020,,031-310-3144,경기도 시흥시청,20260224
매화동20S005,1,,,,,2020,,031-310-3144,경기도 시흥시청,20260224
매화동20S006,1,,,,,2020,,031-310-3144,경기도 시흥시청,20260224
매화동20S002,1,,,,,2020,,031-310-3144,경기도 시흥시청,20260224
매화동20S001,1,,,,,2020,,031-310-3144,경기도 시흥시청,20260224
매화동20S003,1,,,,,2020,,031-310-3144,경기도 시흥시청,20260224
매화동20S004,1,,,,,2020,,031-310-3144,경기도 시흥시청,20260224
군자동20007,1,,,,,2020,,031-310-3144,경기도 시흥시청,20260224
목감동N170,1,,,,,2020,,031-310-3144,경기도 시흥시청,20260224
목감동20S006,1,,,,,2020,,031-310-3144,경기도 시흥시청,20260224
목감동20S005,1,,,,,2020,,031-310-3144,경기도 시흥시청,20260224
목감동20S003,1,,,,,2020,,031-310-3144,경기도 시흥시청,20260224
목감동20S001,1,,,,,2020,,031-310-3144,경기도 시흥시청,20260224
과림동N206,1,,,,,2020,,031-310-3144,경기도 시흥시청,20260224
과림동20005,1,,,,,2020,,031-310-3144,경기도 시흥시청,20260224
은행동N117,1,,,,,2020,,031-310-3144,경기도 시흥시청,20260224
매화동20018,1,,,,,2020,,031-310-3144,경기도 시흥시청,20260224
목감동N177,1,,,,,2020,,031-310-3144,경기도 시흥시청,20260224
목감동N173,1,,,,,2020,,031-310-3144,경기도 시흥시청,20260224
목감동N174,1,,,,,2020,,031-310-3144,경기도 시흥시청,20260224
목감동N175,1,,,,,2020,,031-310-3144,경기도 시흥시청,20260224
목감동N179,1,,,,,2020,,031-310-3144,경기도 시흥시청,20260224
목감동N178,1,,,,,2020,,031-310-3144,경기도 시흥시청,20260224
목감동N176,1,,,,,2020,,031-310-3144,경기도 시흥시청,20260224
과림동20004,1,,,,,2020,,031-310-3144,경기도 시흥시청,20260224
매화동24072,1,,,,,2020,,031-310-3144,경기도 시흥시청,20260224
매화동N115,1,,,,,2020,,031-310-3144,경기도 시흥시청,20260224
매화동N114,1,,,,,2020,,031-310-3144,경기도 시흥시청,20260224
정왕본동20U229,1,,,,,2020,,031-310-3144,경기도 시흥시청,20260224
정왕본동20U236,1,,,,,2020,,031-310-3144,경기도 시흥시청,20260224
은행동N115,1,,,,,2020,,031-310-3144,경기도 시흥시청,20260224
목감동19S237,1,,,,,2020,,031-310-3144,경기도 시흥시청,20260224
목감동19S239,1,,,,,2020,,031-310-3144,경기도 시흥시청,20260224
목감동N156,1,,,,,2020,,031-310-3144,경기도 시흥시청,20260224
목감동N155,1,,,,,2020,,031-310-3144,경기도 시흥시청,20260224
목감동N154,1,,,,,2020,,031-310-3144,경기도 시흥시청,20260224
목감동N153,1,,,,,2020,,031-310-3144,경기도 시흥시청,20260224
신현동N251,1,,,,,2020,,031-310-3144,경기도 시흥시청,20260224
매화동20007,1,,,,,2020,,031-310-3144,경기도 시흥시청,20260224
매화동20008,1,,,,,2020,,031-310-3144,경기도 시흥시청,20260224
매화동20004,1,,,,,2020,,031-310-3144,경기도 시흥시청,20260224
매화동20005,1,,,,,2020,,031-310-3144,경기도 시흥시청,20260224
매화동20006,1,,,,,2020,,031-310-3144,경기도 시흥시청,20260224
정왕본동N266,1,,,,,2020,,031-310-3144,경기도 시흥시청,20260224
신천동19S032,1,,,,,2020,,031-310-3144,경기도 시흥시청,20260224
정왕본동N[미등록],1,,,,,2020,,031-310-3144,경기도 시흥시청,20260224
정왕본동 미등록,1,,,,,2020,,031-310-3144,경기도 시흥시청,20260224
정왕본동21U004,1,,,,,2020,,031-310-3144,경기도 시흥시청,20260224
신현동19S385,1,,,,,2020,,031-310-3144,경기도 시흥시청,20260224
대야동N204,1,,,,,2020,,031-310-3144,경기도 시흥시청,20260224
과림동N201,1,,,,,2020,,031-310-3144,경기도 시흥시청,20260224
군자동19U049,1,,,,,2020,,031-310-3144,경기도 시흥시청,20260224
군자동19U050,1,,,,,2020,,031-310-3144,경기도 시흥시청,20260224
군자동19U051,1,,,,,2020,,031-310-3144,경기도 시흥시청,20260224
군자동19U052,1,,,,,2020,,031-310-3144,경기도 시흥시청,20260224
군자동19U053,1,,,,,2020,,031-310-3144,경기도 시흥시청,20260224
군자동19U012,1,,,,,2020,,031-310-3144,경기도 시흥시청,20260224
군자동19U013,1,,,,,2020,,031-310-3144,경기도 시흥시청,20260224
군자동19U014,1,,,,,2020,,031-310-3144,경기도 시흥시청,20260224
군자동19U015,1,,,,,2020,,031-310-3144,경기도 시흥시청,20260224
군자동19U016,1,,,,,2020,,031-310-3144,경기도 시흥시청,20260224
군자동19U017,1,,,,,2020,,031-310-3144,경기도 시흥시청,20260224
군자동19U018,1,,,,,2020,,031-310-3144,경기도 시흥시청,20260224
군자동19U019,1,,,,,2020,,031-310-3144,경기도 시흥시청,20260224
군자동19U020,1,,,,,2020,,031-310-3144,경기도 시흥시청,20260224
군자동19U022,1,,,,,2020,,031-310-3144,경기도 시흥시청,20260224
군자동19U023,1,,,,,2020,,031-310-3144,경기도 시흥시청,20260224
군자동19U024,1,,,,,2020,,031-310-3144,경기도 시흥시청,20260224
군자동19U025,1,,,,,2020,,031-310-3144,경기도 시흥시청,20260224
군자동19U026,1,,,,,2020,,031-310-3144,경기도 시흥시청,20260224
군자동19U027,1,,,,,2020,,031-310-3144,경기도 시흥시청,20260224
군자동19U028,1,,,,,2020,,031-310-3144,경기도 시흥시청,20260224
군자동19U029,1,,,,,2020,,031-310-3144,경기도 시흥시청,20260224
군자동19U030,1,,,,,2020,,031-310-3144,경기도 시흥시청,20260224
군자동19U031,1,,,,,2020,,031-310-3144,경기도 시흥시청,20260224
군자동19U032,1,,,,,2020,,031-310-3144,경기도 시흥시청,20260224
군자동19U033,1,,,,,2020,,031-310-3144,경기도 시흥시청,20260224
대야047B,1,,,,,2020,,031-310-3144,경기도 시흥시청,20260224
대야121B,1,,,,,2020,,031-310-3144,경기도 시흥시청,20260224
대야122B,1,,,,,2020,,031-310-3144,경기도 시흥시청,20260224
대야035B,1,,,,,2020,,031-310-3144,경기도 시흥시청,20260224
대야089B-1,1,,,,,2020,,031-310-3144,경기도 시흥시청,20260224
대야039B,1,,,,,2020,,031-310-3144,경기도 시흥시청,20260224
대야034B,1,,,,,2020,,031-310-3144,경기도 시흥시청,20260224
대야033B,1,,,,,2020,,031-310-3144,경기도 시흥시청,20260224
대야B2,1,,,,,2020,,031-310-3144,경기도 시흥시청,20260224
대야동B126,1,,,,,2020,,031-310-3144,경기도 시흥시청,20260224
대야동B128,1,,,,,2020,,031-310-3144,경기도 시흥시청,20260224
대야029B,1,,,,,2020,,031-310-3144,경기도 시흥시청,20260224
군자동19U001,1,,,,,2020,,031-310-3144,경기도 시흥시청,20260224
군자동19U002,1,,,,,2020,,031-310-3144,경기도 시흥시청,20260224
군자동19U003,1,,,,,2020,,031-310-3144,경기도 시흥시청,20260224
군자동19U004,1,,,,,2020,,031-310-3144,경기도 시흥시청,20260224
수인로 3409번길 2-13,1,,,,,2021,,031-310-3144,경기도 시흥시청,20260224
수인로 3409번길 2-12,1,,,,,2021,,031-310-3144,경기도 시흥시청,20260224
수인로 3409번길 2-11,1,,,,,2021,,031-310-3144,경기도 시흥시청,20260224
수인로 3409번길 2-10,1,,,,,2021,,031-310-3144,경기도 시흥시청,20260224
수인로 3409번길 2-4,1,,,,,2021,,031-310-3144,경기도 시흥시청,20260224
수인로 3409번길 2-5,1,,,,,2021,,031-310-3144,경기도 시흥시청,20260224
표찰무-04,1,,,,,2021,,031-310-3144,경기도 시흥시청,20260224
수인로 3409번길 2-2,1,,,,,2021,,031-310-3144,경기도 시흥시청,20260224
수인로 3409번길 2-9,1,,,,,2021,,031-310-3144,경기도 시흥시청,20260224
수인로 3409번길 2-7,1,,,,,2021,,031-310-3144,경기도 시흥시청,20260224
표찰무-05,1,,,,,2021,,031-310-3144,경기도 시흥시청,20260224
수인로 3409번길 2-6,1,,,,,2021,,031-310-3144,경기도 시흥시청,20260224
신천동19S166-1,1,,,,,2021,,031-310-3144,경기도 시흥시청,20260224
김표찰무4,1,,,,,2021,,031-310-3144,경기도 시흥시청,20260224
신천동19S799,1,,,,,2021,,031-310-3144,경기도 시흥시청,20260224
신천동19S797,1,,,,,2021,,031-310-3144,경기도 시흥시청,20260224
김표찰무9,1,,,,,2021,,031-310-3144,경기도 시흥시청,20260224
김표찰무11,1,,,,,2021,,031-310-3144,경기도 시흥시청,20260224
신천동20006,1,,,,,2021,,031-310-3144,경기도 시흥시청,20260224
군자동19U054,1,,,,,2020,,031-310-3144,경기도 시흥시청,20260224
군자동19U055,1,,,,,2020,,031-310-3144,경기도 시흥시청,20260224
군자동19U056,1,,,,,2020,,031-310-3144,경기도 시흥시청,20260224
군자동19U057,1,,,,,2020,,031-310-3144,경기도 시흥시청,20260224
군자동19U058,1,,,,,2020,,031-310-3144,경기도 시흥시청,20260224
군자동19U059,1,,,,,2020,,031-310-3144,경기도 시흥시청,20260224
군자동19U060,1,,,,,2020,,031-310-3144,경기도 시흥시청,20260224
군자동19U061,1,,,,,2020,,031-310-3144,경기도 시흥시청,20260224
군자동19U062,1,,,,,2020,,031-310-3144,경기도 시흥시청,20260224
군자동19U063,1,,,,,2020,,031-310-3144,경기도 시흥시청,20260224
군자동19U064,1,,,,,2020,,031-310-3144,경기도 시흥시청,20260224
군자동19U065,1,,,,,2020,,031-310-3144,경기도 시흥시청,20260224
군자동19U066,1,,,,,2020,,031-310-3144,경기도 시흥시청,20260224
군자동19U067,1,,,,,2020,,031-310-3144,경기도 시흥시청,20260224
군자동19U068,1,,,,,2020,,031-310-3144,경기도 시흥시청,20260224
군자동19U069,1,,,,,2020,,031-310-3144,경기도 시흥시청,20260224
군자동19U035,1,,,,,2020,,031-310-3144,경기도 시흥시청,20260224
군자동19U036,1,,,,,2020,,031-310-3144,경기도 시흥시청,20260224
군자동19U037,1,,,,,2020,,031-310-3144,경기도 시흥시청,20260224
군자동19U038,1,,,,,2020,,031-310-3144,경기도 시흥시청,20260224
군자동19U039,1,,,,,2020,,031-310-3144,경기도 시흥시청,20260224
군자동19U040,1,,,,,2020,,031-310-3144,경기도 시흥시청,20260224
군자동19U041,1,,,,,2020,,031-310-3144,경기도 시흥시청,20260224
군자동19U042,1,,,,,2020,,031-310-3144,경기도 시흥시청,20260224
군자동19U043,1,,,,,2020,,031-310-3144,경기도 시흥시청,20260224
군자동19U044,1,,,,,2020,,031-310-3144,경기도 시흥시청,20260224
군자동19U045,1,,,,,2020,,031-310-3144,경기도 시흥시청,20260224
군자동19U046,1,,,,,2020,,031-310-3144,경기도 시흥시청,20260224
군자동19U047,1,,,,,2020,,031-310-3144,경기도 시흥시청,20260224
군자동19U048,1,,,,,2020,,031-310-3144,경기도 시흥시청,20260224
계수동20U240[1326],1,,,,,2020,,031-310-3144,경기도 시흥시청,20260224
능곡동N21,1,,,,,2020,,031-310-3144,경기도 시흥시청,20260224
능곡동N022,1,,,,,2020,,031-310-3144,경기도 시흥시청,20260224
신천동19S046,1,,,,,2020,,031-310-3144,경기도 시흥시청,20260224
신천동19S045,1,,,,,2020,,031-310-3144,경기도 시흥시청,20260224
신천동19S044,1,,,,,2020,,031-310-3144,경기도 시흥시청,20260224
신천동19S047,1,,,,,2020,,031-310-3144,경기도 시흥시청,20260224
군자동19U238,1,,,,,2020,,031-310-3144,경기도 시흥시청,20260224
신천동 19S084,1,,,,,2020,,031-310-3144,경기도 시흥시청,20260224
정왕1동21U150,1,,,,,2020,,031-310-3144,경기도 시흥시청,20260224
정왕1동21U211,1,,,,,2020,,031-310-3144,경기도 시흥시청,20260224
정왕1동21U010,1,,,,,2020,,031-310-3144,경기도 시흥시청,20260224
정왕1동21U023,1,,,,,2020,,031-310-3144,경기도 시흥시청,20260224
정왕1동21U038,1,,,,,2020,,031-310-3144,경기도 시흥시청,20260224
정왕1동21U041,1,,,,,2020,,031-310-3144,경기도 시흥시청,20260224
정왕1동21U054,1,,,,,2020,,031-310-3144,경기도 시흥시청,20260224
매화동20S012,1,,,,,2020,,031-310-3144,경기도 시흥시청,20260224
신천동 19S413 - 2,1,,,,,2021,,031-310-3144,경기도 시흥시청,20260224
김표찰무33,1,,,,,2021,,031-310-3144,경기도 시흥시청,20260224
김표찰무34,1,,,,,2021,,031-310-3144,경기도 시흥시청,20260224
김표찰무35,1,,,,,2021,,031-310-3144,경기도 시흥시청,20260224
대야동053,1,,,,,2021,,031-310-3144,경기도 시흥시청,20260224
대야동N133,1,,,,,2021,,031-310-3144,경기도 시흥시청,20260224
신천천서로 1-3,1,,,,,2021,,031-310-3144,경기도 시흥시청,20260224
신천천서로 1-3 -1,1,,,,,2021,,031-310-3144,경기도 시흥시청,20260224
신천동19S450-1,1,,,,,2021,,031-310-3144,경기도 시흥시청,20260224
김표찰무26,1,,,,,2021,,031-310-3144,경기도 시흥시청,20260224
김표찰무27,1,,,,,2021,,031-310-3144,경기도 시흥시청,20260224
김표찰무13,1,,,,,2021,,031-310-3144,경기도 시흥시청,20260224
대야동664,1,,,,,2021,,031-310-3144,경기도 시흥시청,20260224
수인로3409번길 1-1,1,,,,,2021,,031-310-3144,경기도 시흥시청,20260224
수인로3409번길 2-1,1,,,,,2021,,031-310-3144,경기도 시흥시청,20260224
김표찰무18,1,,,,,2021,,031-310-3144,경기도 시흥시청,20260224
대야동181,1,,,,,2021,,031-310-3144,경기도 시흥시청,20260224
신천동 18012,1,,,,,2021,,031-310-3144,경기도 시흥시청,20260224
수인로 3409번길 1-2,1,,,,,2021,,031-310-3144,경기도 시흥시청,20260224
김표찰무20,1,,,,,2021,,031-310-3144,경기도 시흥시청,20260224
신천동 18092,1,,,,,2020,,031-310-3144,경기도 시흥시청,20260224
신천동 18093,1,,,,,2020,,031-310-3144,경기도 시흥시청,20260224
신천동 18094[램프 안정기이상],1,,,,,2020,,031-310-3144,경기도 시흥시청,20260224
신천동 18095,1,,,,,2020,,031-310-3144,경기도 시흥시청,20260224
신천동 N104,1,,,,,2020,,031-310-3144,경기도 시흥시청,20260224
신천동 18097,1,,,,,2020,,031-310-3144,경기도 시흥시청,20260224
신천동 18098,1,,,,,2020,,031-310-3144,경기도 시흥시청,20260224
신천동 18099,1,,,,,2020,,031-310-3144,경기도 시흥시청,20260224
신천동 180100,1,,,,,2020,,031-310-3144,경기도 시흥시청,20260224
대야106B,1,,,,,2020,,031-310-3144,경기도 시흥시청,20260224
대야107B,1,,,,,2020,,031-310-3144,경기도 시흥시청,20260224
대야105B,1,,,,,2020,,031-310-3144,경기도 시흥시청,20260224
매화동24099,1,,,,,2020,,031-310-3144,경기도 시흥시청,20260224
매화동24150(고소),1,,,,,2020,,031-310-3144,경기도 시흥시청,20260224
신현동N246,1,,,,,2020,,031-310-3144,경기도 시흥시청,20260224
신현동N247,1,,,,,2020,,031-310-3144,경기도 시흥시청,20260224
신현동N249,1,,,,,2020,,031-310-3144,경기도 시흥시청,20260224
목감동19S181,1,,,,,2020,,031-310-3144,경기도 시흥시청,20260224
정왕본동21U080,1,,,,,2020,,031-310-3144,경기도 시흥시청,20260224
신현동N244,1,,,,,2020,,031-310-3144,경기도 시흥시청,20260224
신현동N245,1,,,,,2020,,031-310-3144,경기도 시흥시청,20260224
신천동 18052,1,,,,,2020,,031-310-3144,경기도 시흥시청,20260224
신천동 18055,1,,,,,2020,,031-310-3144,경기도 시흥시청,20260224
신천동 18062,1,,,,,2020,,031-310-3144,경기도 시흥시청,20260224
신천동 18063,1,,,,,2020,,031-310-3144,경기도 시흥시청,20260224
신천동 18065,1,,,,,2020,,031-310-3144,경기도 시흥시청,20260224
신천동 18077,1,,,,,2020,,031-310-3144,경기도 시흥시청,20260224
신천동18003,1,,,,,2018,,031-310-3144,경기도 시흥시청,20260224
신천동19S004,1,,,,,2018,,031-310-3144,경기도 시흥시청,20260224
정왕1동N012,1,,,,,2018,,031-310-3144,경기도 시흥시청,20260224
정왕1동21U151,1,,,,,2018,,031-310-3144,경기도 시흥시청,20260224
군자동N022,1,,,,,2018,,031-310-3144,경기도 시흥시청,20260224
월곶동18010,1,,,,,2018,,031-310-3144,경기도 시흥시청,20260224
군자동N021,1,,,,,2018,,031-310-3144,경기도 시흥시청,20260224
신현동N055,1,,,,,2018,,031-310-3144,경기도 시흥시청,20260224
은행동N010,1,,,,,2018,,031-310-3144,경기도 시흥시청,20260224
정왕1동21U114,1,,,,,2018,,031-310-3144,경기도 시흥시청,20260224
정왕1동21U131,1,,,,,2018,,031-310-3144,경기도 시흥시청,20260224
과림동N026,1,,,,,2018,,031-310-3144,경기도 시흥시청,20260224
과림동N027,1,,,,,2018,,031-310-3144,경기도 시흥시청,20260224
목감동18003,1,,,,,2018,,031-310-3144,경기도 시흥시청,20260224
장곡동18001,1,,,,,2018,,031-310-3144,경기도 시흥시청,20260224
정왕본동18004,1,,,,,2018,,031-310-3144,경기도 시흥시청,20260224
정왕본동18005,1,,,,,2018,,031-310-3144,경기도 시흥시청,20260224
목감동N021,1,,,,,2018,,031-310-3144,경기도 시흥시청,20260224
대야동18005,1,,,,,2018,,031-310-3144,경기도 시흥시청,20260224
대야동18006[표찰무],1,,,,,2018,,031-310-3144,경기도 시흥시청,20260224
대야동N064,1,,,,,2018,,031-310-3144,경기도 시흥시청,20260224
대야동N066,1,,,,,2018,,031-310-3144,경기도 시흥시청,20260224
정왕3동N011,1,,,,,2018,,031-310-3144,경기도 시흥시청,20260224
정왕3동N012,1,,,,,2018,,031-310-3144,경기도 시흥시청,20260224
정왕본동N028,1,,,,,2018,,031-310-3144,경기도 시흥시청,20260224
정왕본동N027,1,,,,,2018,,031-310-3144,경기도 시흥시청,20260224
과림동N023,1,,,,,2018,,031-310-3144,경기도 시흥시청,20260224
신현동N054,1,,,,,2018,,031-310-3144,경기도 시흥시청,20260224
은행동18005,1,,,,,2018,,031-310-3144,경기도 시흥시청,20260224
군자동N008,1,,,,,2018,,031-310-3144,경기도 시흥시청,20260224
신천동19S552,1,,,,,2018,,031-310-3144,경기도 시흥시청,20260224
정왕1동N007,1,,,,,2018,,031-310-3144,경기도 시흥시청,20260224
정왕3동N010,1,,,,,2018,,031-310-3144,경기도 시흥시청,20260224
대야동[표찰무],1,,,,,2018,,031-310-3144,경기도 시흥시청,20260224
과림동N021(과림282),1,,,,,2018,,031-310-3144,경기도 시흥시청,20260224
과림동N022,1,,,,,2018,,031-310-3144,경기도 시흥시청,20260224
군자동18003,1,,,,,2018,,031-310-3144,경기도 시흥시청,20260224
신현동N050,1,,,,,2018,,031-310-3144,경기도 시흥시청,20260224
신현동N051,1,,,,,2018,,031-310-3144,경기도 시흥시청,20260224
월곶동18009,1,,,,,2018,,031-310-3144,경기도 시흥시청,20260224
과림동N020,1,,,,,2018,,031-310-3144,경기도 시흥시청,20260224
신천동19S206,1,,,,,2018,,031-310-3144,경기도 시흥시청,20260224
신천동19S210,1,,,,,2018,,031-310-3144,경기도 시흥시청,20260224
신천동19S238,1,,,,,2018,,031-310-3144,경기도 시흥시청,20260224
신천동19S331,1,,,,,2018,,031-310-3144,경기도 시흥시청,20260224
신천동19S749,1,,,,,2018,,031-310-3144,경기도 시흥시청,20260224
월곶동N008,1,,,,,2018,,031-310-3144,경기도 시흥시청,20260224
과림동N029,1,,,,,2018,,031-310-3144,경기도 시흥시청,20260224
정왕본동N040,1,,,,,2018,,031-310-3144,경기도 시흥시청,20260224
정왕본동N041,1,,,,,2018,,031-310-3144,경기도 시흥시청,20260224
정왕본동N042,1,,,,,2018,,031-310-3144,경기도 시흥시청,20260224
정왕본동N043,1,,,,,2018,,031-310-3144,경기도 시흥시청,20260224
정왕본동N045,1,,,,,2018,,031-310-3144,경기도 시흥시청,20260224
정왕본동N046,1,,,,,2018,,031-310-3144,경기도 시흥시청,20260224
정왕본동N047,1,,,,,2018,,031-310-3144,경기도 시흥시청,20260224
정왕본동20U200,1,,,,,2018,,031-310-3144,경기도 시흥시청,20260224
정왕본동21U059,1,,,,,2018,,031-310-3144,경기도 시흥시청,20260224
정왕본동21U081,1,,,,,2018,,031-310-3144,경기도 시흥시청,20260224
정왕본동21U167,1,,,,,2018,,031-310-3144,경기도 시흥시청,20260224
과림동N028,1,,,,,2018,,031-310-3144,경기도 시흥시청,20260224
군자585,1,,,,,2015,,031-310-3144,경기도 시흥시청,20260224
군자588,1,,,,,2015,,031-310-3144,경기도 시흥시청,20260224
군자600,1,,,,,2015,,031-310-3144,경기도 시흥시청,20260224
신천521,1,,,,,2014,,031-310-3144,경기도 시흥시청,20260224
신천522,1,,,,,2014,,031-310-3144,경기도 시흥시청,20260224
신천523,1,,,,,2014,,031-310-3144,경기도 시흥시청,20260224
신천524,1,,,,,2014,,031-310-3144,경기도 시흥시청,20260224
신천528,1,,,,,2014,,031-310-3144,경기도 시흥시청,20260224
은행132,1,,,,,2014,,031-310-3144,경기도 시흥시청,20260224
은행133,1,,,,,2014,,031-310-3144,경기도 시흥시청,20260224
은행134,1,,,,,2014,,031-310-3144,경기도 시흥시청,20260224
은행136,1,,,,,2014,,031-310-3144,경기도 시흥시청,20260224
은행137,1,,,,,2014,,031-310-3144,경기도 시흥시청,20260224
은행138,1,,,,,2014,,031-310-3144,경기도 시흥시청,20260224
은행139,1,,,,,2014,,031-310-3144,경기도 시흥시청,20260224
은행140,1,,,,,2014,,031-310-3144,경기도 시흥시청,20260224
은행141,1,,,,,2014,,031-310-3144,경기도 시흥시청,20260224
은행143,1,,,,,2014,,031-310-3144,경기도 시흥시청,20260224
은행144,1,,,,,2014,,031-310-3144,경기도 시흥시청,20260224
은행145,1,,,,,2014,,031-310-3144,경기도 시흥시청,20260224
은행147,1,,,,,2014,,031-310-3144,경기도 시흥시청,20260224
은행148,1,,,,,2014,,031-310-3144,경기도 시흥시청,20260224
은행149,1,,,,,2014,,031-310-3144,경기도 시흥시청,20260224
은행150,1,,,,,2014,,031-310-3144,경기도 시흥시청,20260224
정왕본동21U064,1,,,,,2018,,031-310-3144,경기도 시흥시청,20260224
계수동20S051,1,,,,,2018,,031-310-3144,경기도 시흥시청,20260224
은행동N009,1,,,,,2018,,031-310-3144,경기도 시흥시청,20260224
군자동N012,1,,,,,2018,,031-310-3144,경기도 시흥시청,20260224
군자동N011,1,,,,,2018,,031-310-3144,경기도 시흥시청,20260224
군자동N010,1,,,,,2018,,031-310-3144,경기도 시흥시청,20260224
목감동18004,1,,,,,2018,,031-310-3144,경기도 시흥시청,20260224
은행동18006,1,,,,,2018,,031-310-3144,경기도 시흥시청,20260224
정왕본동18006,1,,,,,2018,,031-310-3144,경기도 시흥시청,20260224
목감동18002,1,,,,,2018,,031-310-3144,경기도 시흥시청,20260224
정왕1동21U233,1,,,,,2013,,031-310-3144,경기도 시흥시청,20260224
정왕1동21U252,1,,,,,2013,,031-310-3144,경기도 시흥시청,20260224
정왕1동21U256,1,,,,,2013,,031-310-3144,경기도 시흥시청,20260224
정왕1동21U287,1,,,,,2013,,031-310-3144,경기도 시흥시청,20260224
정왕1동21U174,1,,,,,2013,,031-310-3144,경기도 시흥시청,20260224
정왕1동21U108,1,,,,,2013,,031-310-3144,경기도 시흥시청,20260224
정왕1동21U145,1,,,,,2013,,031-310-3144,경기도 시흥시청,20260224
정왕1동21U154,1,,,,,2013,,031-310-3144,경기도 시흥시청,20260224
정왕1동21U158,1,,,,,2013,,031-310-3144,경기도 시흥시청,20260224
과림633,1,,,,,2014,,031-310-3144,경기도 시흥시청,20260224
과림636,1,,,,,2014,,031-310-3144,경기도 시흥시청,20260224
과림637,1,,,,,2014,,031-310-3144,경기도 시흥시청,20260224
과림16001,1,,,,,2014,,031-310-3144,경기도 시흥시청,20260224
과림640,1,,,,,2014,,031-310-3144,경기도 시흥시청,20260224
과림641,1,,,,,2014,,031-310-3144,경기도 시흥시청,20260224
과림642,1,,,,,2014,,031-310-3144,경기도 시흥시청,20260224
과림643,1,,,,,2014,,031-310-3144,경기도 시흥시청,20260224
과림622,1,,,,,2014,,031-310-3144,경기도 시흥시청,20260224
매화529,1,,,,,2014,,031-310-3144,경기도 시흥시청,20260224
매화537,1,,,,,2014,,031-310-3144,경기도 시흥시청,20260224
과림619,1,,,,,2014,,031-310-3144,경기도 시흥시청,20260224
과림620,1,,,,,2014,,031-310-3144,경기도 시흥시청,20260224
매화525,1,,,,,2014,,031-310-3144,경기도 시흥시청,20260224
매화526,1,,,,,2014,,031-310-3144,경기도 시흥시청,20260224
매화527,1,,,,,2014,,031-310-3144,경기도 시흥시청,20260224
매화528,1,,,,,2014,,031-310-3144,경기도 시흥시청,20260224
매화514,1,,,,,2014,,031-310-3144,경기도 시흥시청,20260224
매화515,1,,,,,2014,,031-310-3144,경기도 시흥시청,20260224
매화517,1,,,,,2014,,031-310-3144,경기도 시흥시청,20260224
매화532,1,,,,,2014,,031-310-3144,경기도 시흥시청,20260224
목감620,1,,,,,2014,,031-310-3144,경기도 시흥시청,20260224
은행동19S110,1,,,,,2014,,031-310-3144,경기도 시흥시청,20260224
은행396,1,,,,,2014,,031-310-3144,경기도 시흥시청,20260224
은행397,1,,,,,2014,,031-310-3144,경기도 시흥시청,20260224
목감601,1,,,,,2014,,031-310-3144,경기도 시흥시청,20260224
목감605,1,,,,,2014,,031-310-3144,경기도 시흥시청,20260224
목감606,1,,,,,2014,,031-310-3144,경기도 시흥시청,20260224
목감609,1,,,,,2014,,031-310-3144,경기도 시흥시청,20260224
목감610,1,,,,,2014,,031-310-3144,경기도 시흥시청,20260224
목감동N145,1,,,,,2014,,031-310-3144,경기도 시흥시청,20260224
매화동22007(매화희망),1,,,,,2012,,031-310-3144,경기도 시흥시청,20260224
매화동22006(매화희망),1,,,,,2012,,031-310-3144,경기도 시흥시청,20260224
신천동19S478,1,,,,,2012,,031-310-3144,경기도 시흥시청,20260224
신천동19S477 - 표찰무,1,,,,,2012,,031-310-3144,경기도 시흥시청,20260224
매화동22003(매화희망),1,,,,,2012,,031-310-3144,경기도 시흥시청,20260224
매화동22002(매화희망),1,,,,,2012,,031-310-3144,경기도 시흥시청,20260224
신천동19S466,1,,,,,2012,,031-310-3144,경기도 시흥시청,20260224
신천동19S289,1,,,,,2012,,031-310-3144,경기도 시흥시청,20260224
신천동19S374,1,,,,,2012,,031-310-3144,경기도 시흥시청,20260224
신천동19S565,1,,,,,2012,,031-310-3144,경기도 시흥시청,20260224
신천623,1,,,,,2012,,031-310-3144,경기도 시흥시청,20260224
신천동19S314,1,,,,,2012,,031-310-3144,경기도 시흥시청,20260224
신천동19S156,1,,,,,2012,,031-310-3144,경기도 시흥시청,20260224
신천동19S295,1,,,,,2012,,031-310-3144,경기도 시흥시청,20260224
신천동19S553,1,,,,,2012,,031-310-3144,경기도 시흥시청,20260224
신천동19S563,1,,,,,2012,,031-310-3144,경기도 시흥시청,20260224
신천337,1,,,,,2012,,031-310-3144,경기도 시흥시청,20260224
신천341,1,,,,,2012,,031-310-3144,경기도 시흥시청,20260224
신천356,1,,,,,2012,,031-310-3144,경기도 시흥시청,20260224
신천520,1,,,,,2012,,031-310-3144,경기도 시흥시청,20260224
신천508,1,,,,,2012,,031-310-3144,경기도 시흥시청,20260224
신천804,1,,,,,2012,,031-310-3144,경기도 시흥시청,20260224
신천동19S590,1,,,,,2012,,031-310-3144,경기도 시흥시청,20260224
신천동19S592,1,,,,,2012,,031-310-3144,경기도 시흥시청,20260224
신천동19S682,1,,,,,2012,,031-310-3144,경기도 시흥시청,20260224
신현771,1,,,,,2013,,031-310-3144,경기도 시흥시청,20260224
신현769,1,,,,,2013,,031-310-3144,경기도 시흥시청,20260224
신현770,1,,,,,2013,,031-310-3144,경기도 시흥시청,20260224
정왕1동21U292,1,,,,,2012,,031-310-3144,경기도 시흥시청,20260224
정왕1동354,1,,,,,2012,,031-310-3144,경기도 시흥시청,20260224
정왕1동355,1,,,,,2012,,031-310-3144,경기도 시흥시청,20260224
정왕1동370,1,,,,,2012,,031-310-3144,경기도 시흥시청,20260224
정왕1동383,1,,,,,2012,,031-310-3144,경기도 시흥시청,20260224
정왕1동385,1,,,,,2012,,031-310-3144,경기도 시흥시청,20260224
정왕1동386,1,,,,,2012,,031-310-3144,경기도 시흥시청,20260224
정왕1동387,1,,,,,2012,,031-310-3144,경기도 시흥시청,20260224
정왕1동388,1,,,,,2012,,031-310-3144,경기도 시흥시청,20260224
정왕1동389,1,,,,,2012,,031-310-3144,경기도 시흥시청,20260224
정왕1동391,1,,,,,2012,,031-310-3144,경기도 시흥시청,20260224
정왕1동392,1,,,,,2012,,031-310-3144,경기도 시흥시청,20260224
정왕1동393,1,,,,,2012,,031-310-3144,경기도 시흥시청,20260224
정왕1동394,1,,,,,2012,,031-310-3144,경기도 시흥시청,20260224
정왕1동395,1,,,,,2012,,031-310-3144,경기도 시흥시청,20260224
정왕1동396,1,,,,,2012,,031-310-3144,경기도 시흥시청,20260224
정왕1동398,1,,,,,2012,,031-310-3144,경기도 시흥시청,20260224
정왕1동401,1,,,,,2012,,031-310-3144,경기도 시흥시청,20260224
정왕1동402,1,,,,,2012,,031-310-3144,경기도 시흥시청,20260224
정왕1동403,1,,,,,2012,,031-310-3144,경기도 시흥시청,20260224
정왕1동404,1,,,,,2012,,031-310-3144,경기도 시흥시청,20260224
신천동19S291 - 표찰무,1,,,,,2012,,031-310-3144,경기도 시흥시청,20260224
신천080 - 표찰무,1,,,,,2012,,031-310-3144,경기도 시흥시청,20260224
신천동19S294,1,,,,,2012,,031-310-3144,경기도 시흥시청,20260224
신천동19S310,1,,,,,2012,,031-310-3144,경기도 시흥시청,20260224
신천동19S467,1,,,,,2012,,031-310-3144,경기도 시흥시청,20260224
신천동19S424,1,,,,,2012,,031-310-3144,경기도 시흥시청,20260224
정왕1동432,1,,,,,2012,,031-310-3144,경기도 시흥시청,20260224
정왕1동433,1,,,,,2012,,031-310-3144,경기도 시흥시청,20260224
정왕1동434,1,,,,,2012,,031-310-3144,경기도 시흥시청,20260224
정왕1동436,1,,,,,2012,,031-310-3144,경기도 시흥시청,20260224
정왕1동438,1,,,,,2012,,031-310-3144,경기도 시흥시청,20260224
정왕1동224,1,,,,,2012,,031-310-3144,경기도 시흥시청,20260224
정왕1동338,1,,,,,2012,,031-310-3144,경기도 시흥시청,20260224
정왕1동21U289,1,,,,,2012,,031-310-3144,경기도 시흥시청,20260224
정왕1동21U290,1,,,,,2012,,031-310-3144,경기도 시흥시청,20260224
정왕1동21U291,1,,,,,2012,,031-310-3144,경기도 시흥시청,20260224
정왕1동21U295,1,,,,,2012,,031-310-3144,경기도 시흥시청,20260224
정왕1동21U296,1,,,,,2012,,031-310-3144,경기도 시흥시청,20260224
정왕1동21U298,1,,,,,2012,,031-310-3144,경기도 시흥시청,20260224
정왕1동412,1,,,,,2012,,031-310-3144,경기도 시흥시청,20260224
정왕1동415,1,,,,,2012,,031-310-3144,경기도 시흥시청,20260224
매화동22008(매화희망),1,,,,,2012,,031-310-3144,경기도 시흥시청,20260224
정왕본동711,1,,,,,2011,,031-310-3144,경기도 시흥시청,20260224
신천동19S299,1,,,,,2012,,031-310-3144,경기도 시흥시청,20260224
신천동19S301,1,,,,,2012,,031-310-3144,경기도 시흥시청,20260224
신천동19S300,1,,,,,2012,,031-310-3144,경기도 시흥시청,20260224
신천동19S402,1,,,,,2012,,031-310-3144,경기도 시흥시청,20260224
신천동19S403,1,,,,,2012,,031-310-3144,경기도 시흥시청,20260224
신천동19S220,1,,,,,2012,,031-310-3144,경기도 시흥시청,20260224
신천동19S404,1,,,,,2012,,031-310-3144,경기도 시흥시청,20260224
신천동19S406,1,,,,,2012,,031-310-3144,경기도 시흥시청,20260224
신천동19S408,1,,,,,2012,,031-310-3144,경기도 시흥시청,20260224
신천동19S228,1,,,,,2012,,031-310-3144,경기도 시흥시청,20260224
신천동19S409,1,,,,,2012,,031-310-3144,경기도 시흥시청,20260224
신천동19S474,1,,,,,2012,,031-310-3144,경기도 시흥시청,20260224
신천동19S476,1,,,,,2012,,031-310-3144,경기도 시흥시청,20260224
신천동19S480,1,,,,,2012,,031-310-3144,경기도 시흥시청,20260224
신천동19S326,1,,,,,2012,,031-310-3144,경기도 시흥시청,20260224
신천동19S327,1,,,,,2012,,031-310-3144,경기도 시흥시청,20260224
표찰무 - 07,1,,,,,2012,,031-310-3144,경기도 시흥시청,20260224
표찰무 - 08,1,,,,,2012,,031-310-3144,경기도 시흥시청,20260224
신천동19S485,1,,,,,2012,,031-310-3144,경기도 시흥시청,20260224
신천동19S486,1,,,,,2012,,031-310-3144,경기도 시흥시청,20260224
신천동19S487,1,,,,,2012,,031-310-3144,경기도 시흥시청,20260224
신천동19S463,1,,,,,2012,,031-310-3144,경기도 시흥시청,20260224
신천동19S405,1,,,,,2012,,031-310-3144,경기도 시흥시청,20260224
신천동19S396,1,,,,,2012,,031-310-3144,경기도 시흥시청,20260224
신천동19S395,1,,,,,2012,,031-310-3144,경기도 시흥시청,20260224
신천동19S397,1,,,,,2012,,031-310-3144,경기도 시흥시청,20260224
신천동19S313,1,,,,,2012,,031-310-3144,경기도 시흥시청,20260224
신천동19S312,1,,,,,2012,,031-310-3144,경기도 시흥시청,20260224
신천동19S311,1,,,,,2012,,031-310-3144,경기도 시흥시청,20260224
신천동19S307,1,,,,,2012,,031-310-3144,경기도 시흥시청,20260224
대야435,1,,,,,2011,,031-310-3144,경기도 시흥시청,20260224
정왕1동21U011,1,,,,,2011,,031-310-3144,경기도 시흥시청,20260224
연성330,1,,,,,2011,,031-310-3144,경기도 시흥시청,20260224
신천동19S016,1,,,,,2011,,031-310-3144,경기도 시흥시청,20260224
정왕3동104,1,,,,,2011,,031-310-3144,경기도 시흥시청,20260224
정왕3동121,1,,,,,2011,,031-310-3144,경기도 시흥시청,20260224
정왕3동038,1,,,,,2011,,031-310-3144,경기도 시흥시청,20260224
정왕3동145,1,,,,,2011,,031-310-3144,경기도 시흥시청,20260224
신천동19S750,1,,,,,2012,,031-310-3144,경기도 시흥시청,20260224
신천동19S756,1,,,,,2012,,031-310-3144,경기도 시흥시청,20260224
신천동19S757,1,,,,,2012,,031-310-3144,경기도 시흥시청,20260224
신천동19S758,1,,,,,2012,,031-310-3144,경기도 시흥시청,20260224
신천동19S752,1,,,,,2012,,031-310-3144,경기도 시흥시청,20260224
신천동19S753,1,,,,,2012,,031-310-3144,경기도 시흥시청,20260224
신천동19S747,1,,,,,2012,,031-310-3144,경기도 시흥시청,20260224
신천동19S765,1,,,,,2012,,031-310-3144,경기도 시흥시청,20260224
정왕본동19U139[점상],1,,,,,2011,,031-310-3144,경기도 시흥시청,20260224
정왕본동456,1,,,,,2011,,031-310-3144,경기도 시흥시청,20260224
정왕본동N255,1,,,,,2011,,031-310-3144,경기도 시흥시청,20260224
정왕본동463,1,,,,,2011,,031-310-3144,경기도 시흥시청,20260224
정왕본동464,1,,,,,2011,,031-310-3144,경기도 시흥시청,20260224
정왕본동465,1,,,,,2011,,031-310-3144,경기도 시흥시청,20260224
정왕본동466,1,,,,,2011,,031-310-3144,경기도 시흥시청,20260224
정왕본동467,1,,,,,2011,,031-310-3144,경기도 시흥시청,20260224
정왕본동468,1,,,,,2011,,031-310-3144,경기도 시흥시청,20260224
정왕본동469,1,,,,,2011,,031-310-3144,경기도 시흥시청,20260224
정왕본동470,1,,,,,2011,,031-310-3144,경기도 시흥시청,20260224
정왕본동471,1,,,,,2011,,031-310-3144,경기도 시흥시청,20260224
정왕본동472,1,,,,,2011,,031-310-3144,경기도 시흥시청,20260224
정왕본동473,1,,,,,2011,,031-310-3144,경기도 시흥시청,20260224
정왕본동474,1,,,,,2011,,031-310-3144,경기도 시흥시청,20260224
정왕본동475,1,,,,,2011,,031-310-3144,경기도 시흥시청,20260224
정왕본동476,1,,,,,2011,,031-310-3144,경기도 시흥시청,20260224
정왕본동477,1,,,,,2011,,031-310-3144,경기도 시흥시청,20260224
정왕본동478,1,,,,,2011,,031-310-3144,경기도 시흥시청,20260224
정왕본동479,1,,,,,2011,,031-310-3144,경기도 시흥시청,20260224
정왕본동480,1,,,,,2011,,031-310-3144,경기도 시흥시청,20260224
정왕본동481,1,,,,,2011,,031-310-3144,경기도 시흥시청,20260224
정왕본동482,1,,,,,2011,,031-310-3144,경기도 시흥시청,20260224
정왕본동483,1,,,,,2011,,031-310-3144,경기도 시흥시청,20260224
정왕본동484,1,,,,,2011,,031-310-3144,경기도 시흥시청,20260224
정왕3동067,1,,,,,2011,,031-310-3144,경기도 시흥시청,20260224
정왕3동197,1,,,,,2011,,031-310-3144,경기도 시흥시청,20260224
정왕3동094,1,,,,,2011,,031-310-3144,경기도 시흥시청,20260224
정왕3동096,1,,,,,2011,,031-310-3144,경기도 시흥시청,20260224
정왕본동610(사유지 미교체),1,,,,,2011,,031-310-3144,경기도 시흥시청,20260224
정왕본동495,1,,,,,2011,,031-310-3144,경기도 시흥시청,20260224
정왕본동496,1,,,,,2011,,031-310-3144,경기도 시흥시청,20260224
정왕본동497,1,,,,,2011,,031-310-3144,경기도 시흥시청,20260224
정왕본동498,1,,,,,2011,,031-310-3144,경기도 시흥시청,20260224
정왕본동499,1,,,,,2011,,031-310-3144,경기도 시흥시청,20260224
정왕본동500,1,,,,,2011,,031-310-3144,경기도 시흥시청,20260224
정왕본동661,1,,,,,2011,,031-310-3144,경기도 시흥시청,20260224
정왕본동662,1,,,,,2011,,031-310-3144,경기도 시흥시청,20260224
정왕본동663,1,,,,,2011,,031-310-3144,경기도 시흥시청,20260224
정왕본동664,1,,,,,2011,,031-310-3144,경기도 시흥시청,20260224
정왕본동665,1,,,,,2011,,031-310-3144,경기도 시흥시청,20260224
정왕본동666,1,,,,,2011,,031-310-3144,경기도 시흥시청,20260224
정왕본동667,1,,,,,2011,,031-310-3144,경기도 시흥시청,20260224
정왕본동668,1,,,,,2011,,031-310-3144,경기도 시흥시청,20260224
정왕본동669,1,,,,,2011,,031-310-3144,경기도 시흥시청,20260224
정왕본동670,1,,,,,2011,,031-310-3144,경기도 시흥시청,20260224
정왕본동622,1,,,,,2011,,031-310-3144,경기도 시흥시청,20260224
정왕본동671,1,,,,,2011,,031-310-3144,경기도 시흥시청,20260224
정왕본동673,1,,,,,2011,,031-310-3144,경기도 시흥시청,20260224
정왕본동674,1,,,,,2011,,031-310-3144,경기도 시흥시청,20260224
정왕본동677,1,,,,,2011,,031-310-3144,경기도 시흥시청,20260224
정왕본동678,1,,,,,2011,,031-310-3144,경기도 시흥시청,20260224
정왕본동679,1,,,,,2011,,031-310-3144,경기도 시흥시청,20260224
정왕본동680,1,,,,,2011,,031-310-3144,경기도 시흥시청,20260224
정왕본동682,1,,,,,2011,,031-310-3144,경기도 시흥시청,20260224
정왕본동684,1,,,,,2011,,031-310-3144,경기도 시흥시청,20260224
정왕본동685,1,,,,,2011,,031-310-3144,경기도 시흥시청,20260224
정왕본동631,1,,,,,2011,,031-310-3144,경기도 시흥시청,20260224
정왕본동686,1,,,,,2011,,031-310-3144,경기도 시흥시청,20260224
정왕본동712,1,,,,,2011,,031-310-3144,경기도 시흥시청,20260224
정왕본동713,1,,,,,2011,,031-310-3144,경기도 시흥시청,20260224
정왕본동714,1,,,,,2011,,031-310-3144,경기도 시흥시청,20260224
정왕본동715,1,,,,,2011,,031-310-3144,경기도 시흥시청,20260224
정왕본동716,1,,,,,2011,,031-310-3144,경기도 시흥시청,20260224
정왕본동725(사유지미교체),1,,,,,2011,,031-310-3144,경기도 시흥시청,20260224
정왕본동755,1,,,,,2011,,031-310-3144,경기도 시흥시청,20260224
정왕본동821,1,,,,,2011,,031-310-3144,경기도 시흥시청,20260224
정왕본동827,1,,,,,2011,,031-310-3144,경기도 시흥시청,20260224
정왕본동805,1,,,,,2011,,031-310-3144,경기도 시흥시청,20260224
정왕본동806,1,,,,,2011,,031-310-3144,경기도 시흥시청,20260224
정왕본동807,1,,,,,2011,,031-310-3144,경기도 시흥시청,20260224
정왕본동812,1,,,,,2011,,031-310-3144,경기도 시흥시청,20260224
정왕본동813,1,,,,,2011,,031-310-3144,경기도 시흥시청,20260224
정왕본동853(사유지미교체),1,,,,,2011,,031-310-3144,경기도 시흥시청,20260224
정왕본동437,1,,,,,2011,,031-310-3144,경기도 시흥시청,20260224
정왕본동438,1,,,,,2011,,031-310-3144,경기도 시흥시청,20260224
정왕본동445,1,,,,,2011,,031-310-3144,경기도 시흥시청,20260224
정왕1동21U309,1,,,,,2011,,031-310-3144,경기도 시흥시청,20260224
정왕본동21U002,1,,,,,2011,,031-310-3144,경기도 시흥시청,20260224
정왕본동21U003,1,,,,,2011,,031-310-3144,경기도 시흥시청,20260224
정왕본동21U005,1,,,,,2011,,031-310-3144,경기도 시흥시청,20260224
정왕본동681,1,,,,,2011,,031-310-3144,경기도 시흥시청,20260224
정왕본동690,1,,,,,2011,,031-310-3144,경기도 시흥시청,20260224
정왕1동21U307,1,,,,,2011,,031-310-3144,경기도 시흥시청,20260224
정왕본동21U016,1,,,,,2011,,031-310-3144,경기도 시흥시청,20260224
정왕본동365,1,,,,,2011,,031-310-3144,경기도 시흥시청,20260224
정왕본동366,1,,,,,2011,,031-310-3144,경기도 시흥시청,20260224
정왕본동367,1,,,,,2011,,031-310-3144,경기도 시흥시청,20260224
정왕본동369,1,,,,,2011,,031-310-3144,경기도 시흥시청,20260224
정왕본동370,1,,,,,2011,,031-310-3144,경기도 시흥시청,20260224
정왕본동371,1,,,,,2011,,031-310-3144,경기도 시흥시청,20260224
정왕본동372,1,,,,,2011,,031-310-3144,경기도 시흥시청,20260224
정왕본동373,1,,,,,2011,,031-310-3144,경기도 시흥시청,20260224
정왕본동374,1,,,,,2011,,031-310-3144,경기도 시흥시청,20260224
정왕본동375,1,,,,,2011,,031-310-3144,경기도 시흥시청,20260224
정왕본동376,1,,,,,2011,,031-310-3144,경기도 시흥시청,20260224
정왕본동377,1,,,,,2011,,031-310-3144,경기도 시흥시청,20260224
정왕본동378,1,,,,,2011,,031-310-3144,경기도 시흥시청,20260224
정왕본동379,1,,,,,2011,,031-310-3144,경기도 시흥시청,20260224
정왕본동380,1,,,,,2011,,031-310-3144,경기도 시흥시청,20260224
정왕본동381,1,,,,,2011,,031-310-3144,경기도 시흥시청,20260224
정왕본동383,1,,,,,2011,,031-310-3144,경기도 시흥시청,20260224
정왕본동386,1,,,,,2011,,031-310-3144,경기도 시흥시청,20260224
정왕본동387,1,,,,,2011,,031-310-3144,경기도 시흥시청,20260224
정왕본동388,1,,,,,2011,,031-310-3144,경기도 시흥시청,20260224
정왕본동389,1,,,,,2011,,031-310-3144,경기도 시흥시청,20260224
정왕본동390,1,,,,,2011,,031-310-3144,경기도 시흥시청,20260224
정왕본동391,1,,,,,2011,,031-310-3144,경기도 시흥시청,20260224
정왕본동393,1,,,,,2011,,031-310-3144,경기도 시흥시청,20260224
정왕본동394,1,,,,,2011,,031-310-3144,경기도 시흥시청,20260224
정왕본동395,1,,,,,2011,,031-310-3144,경기도 시흥시청,20260224
정왕본동396,1,,,,,2011,,031-310-3144,경기도 시흥시청,20260224
정왕본동397,1,,,,,2011,,031-310-3144,경기도 시흥시청,20260224
정왕본동485,1,,,,,2011,,031-310-3144,경기도 시흥시청,20260224
정왕본동486,1,,,,,2011,,031-310-3144,경기도 시흥시청,20260224
정왕본동487,1,,,,,2011,,031-310-3144,경기도 시흥시청,20260224
정왕본동488,1,,,,,2011,,031-310-3144,경기도 시흥시청,20260224
정왕본동489,1,,,,,2011,,031-310-3144,경기도 시흥시청,20260224
정왕본동490,1,,,,,2011,,031-310-3144,경기도 시흥시청,20260224
정왕본동333,1,,,,,2011,,031-310-3144,경기도 시흥시청,20260224
정왕본동334,1,,,,,2011,,031-310-3144,경기도 시흥시청,20260224
정왕본동337,1,,,,,2011,,031-310-3144,경기도 시흥시청,20260224
정왕본동338,1,,,,,2011,,031-310-3144,경기도 시흥시청,20260224
정왕본동339,1,,,,,2011,,031-310-3144,경기도 시흥시청,20260224
정왕본동340,1,,,,,2011,,031-310-3144,경기도 시흥시청,20260224
정왕본동343,1,,,,,2011,,031-310-3144,경기도 시흥시청,20260224
정왕본동344,1,,,,,2011,,031-310-3144,경기도 시흥시청,20260224
정왕본동21U006,1,,,,,2011,,031-310-3144,경기도 시흥시청,20260224
정왕본동21U007,1,,,,,2011,,031-310-3144,경기도 시흥시청,20260224
정왕본동398,1,,,,,2011,,031-310-3144,경기도 시흥시청,20260224
정왕본동399,1,,,,,2011,,031-310-3144,경기도 시흥시청,20260224
정왕본동400,1,,,,,2011,,031-310-3144,경기도 시흥시청,20260224
정왕본동401,1,,,,,2011,,031-310-3144,경기도 시흥시청,20260224
정왕본동402,1,,,,,2011,,031-310-3144,경기도 시흥시청,20260224
정왕본동404,1,,,,,2011,,031-310-3144,경기도 시흥시청,20260224
정왕본동405,1,,,,,2011,,031-310-3144,경기도 시흥시청,20260224
정왕본동406,1,,,,,2011,,031-310-3144,경기도 시흥시청,20260224
정왕본동407,1,,,,,2011,,031-310-3144,경기도 시흥시청,20260224
정왕본동408,1,,,,,2011,,031-310-3144,경기도 시흥시청,20260224
정왕본동409,1,,,,,2011,,031-310-3144,경기도 시흥시청,20260224
정왕본동411,1,,,,,2011,,031-310-3144,경기도 시흥시청,20260224
정왕본동412,1,,,,,2011,,031-310-3144,경기도 시흥시청,20260224
정왕본동413,1,,,,,2011,,031-310-3144,경기도 시흥시청,20260224
정왕본동414,1,,,,,2011,,031-310-3144,경기도 시흥시청,20260224
정왕본동512,1,,,,,2011,,031-310-3144,경기도 시흥시청,20260224
정왕본동415,1,,,,,2011,,031-310-3144,경기도 시흥시청,20260224
정왕본동417,1,,,,,2011,,031-310-3144,경기도 시흥시청,20260224
정왕본동418,1,,,,,2011,,031-310-3144,경기도 시흥시청,20260224
정왕본동419,1,,,,,2011,,031-310-3144,경기도 시흥시청,20260224
정왕본동420,1,,,,,2011,,031-310-3144,경기도 시흥시청,20260224
정왕본동421,1,,,,,2011,,031-310-3144,경기도 시흥시청,20260224
정왕본동422,1,,,,,2011,,031-310-3144,경기도 시흥시청,20260224
정왕본동423,1,,,,,2011,,031-310-3144,경기도 시흥시청,20260224
정왕본동426,1,,,,,2011,,031-310-3144,경기도 시흥시청,20260224
정왕본동424,1,,,,,2011,,031-310-3144,경기도 시흥시청,20260224
정왕본동425,1,,,,,2011,,031-310-3144,경기도 시흥시청,20260224
정왕본동427,1,,,,,2011,,031-310-3144,경기도 시흥시청,20260224
정왕본동428,1,,,,,2011,,031-310-3144,경기도 시흥시청,20260224
정왕본동429,1,,,,,2011,,031-310-3144,경기도 시흥시청,20260224
정왕본동430,1,,,,,2011,,031-310-3144,경기도 시흥시청,20260224
정왕본동431,1,,,,,2011,,031-310-3144,경기도 시흥시청,20260224
정왕본동432,1,,,,,2011,,031-310-3144,경기도 시흥시청,20260224
정왕본동434,1,,,,,2011,,031-310-3144,경기도 시흥시청,20260224
정왕본동435,1,,,,,2011,,031-310-3144,경기도 시흥시청,20260224
정왕본동436,1,,,,,2011,,031-310-3144,경기도 시흥시청,20260224
정왕1동21U306,1,,,,,2011,,031-310-3144,경기도 시흥시청,20260224
정왕1동21U310,1,,,,,2011,,031-310-3144,경기도 시흥시청,20260224
정왕본동21U141,1,,,,,2011,,031-310-3144,경기도 시흥시청,20260224
정왕본동21U142,1,,,,,2011,,031-310-3144,경기도 시흥시청,20260224
정왕본동21U165,1,,,,,2011,,031-310-3144,경기도 시흥시청,20260224
정왕본동335,1,,,,,2011,,031-310-3144,경기도 시흥시청,20260224
정왕본동151,1,,,,,2011,,031-310-3144,경기도 시흥시청,20260224
정왕본동156,1,,,,,2011,,031-310-3144,경기도 시흥시청,20260224
정왕본동164[등주확인],1,,,,,2011,,031-310-3144,경기도 시흥시청,20260224
정왕1동175,1,,,,,2011,,031-310-3144,경기도 시흥시청,20260224
정왕본동177,1,,,,,2011,,031-310-3144,경기도 시흥시청,20260224
정왕본동21U008,1,,,,,2011,,031-310-3144,경기도 시흥시청,20260224
정왕본동21U012,1,,,,,2011,,031-310-3144,경기도 시흥시청,20260224
정왕본동21U013,1,,,,,2011,,031-310-3144,경기도 시흥시청,20260224
정왕본동21U014,1,,,,,2011,,031-310-3144,경기도 시흥시청,20260224
정왕본동21U017,1,,,,,2011,,031-310-3144,경기도 시흥시청,20260224
정왕본동21U021,1,,,,,2011,,031-310-3144,경기도 시흥시청,20260224
정왕본동21U023,1,,,,,2011,,031-310-3144,경기도 시흥시청,20260224
정왕본동21U025,1,,,,,2011,,031-310-3144,경기도 시흥시청,20260224
정왕본동21U026,1,,,,,2011,,031-310-3144,경기도 시흥시청,20260224
정왕본동21U027,1,,,,,2011,,031-310-3144,경기도 시흥시청,20260224
정왕본동21U028,1,,,,,2011,,031-310-3144,경기도 시흥시청,20260224
정왕본동21U029,1,,,,,2011,,031-310-3144,경기도 시흥시청,20260224
정왕본동21U031,1,,,,,2011,,031-310-3144,경기도 시흥시청,20260224
정왕본동21U033,1,,,,,2011,,031-310-3144,경기도 시흥시청,20260224
정왕본동21U034,1,,,,,2011,,031-310-3144,경기도 시흥시청,20260224
정왕본동21U035,1,,,,,2011,,031-310-3144,경기도 시흥시청,20260224
정왕본동21U037,1,,,,,2011,,031-310-3144,경기도 시흥시청,20260224
정왕본동21U038,1,,,,,2011,,031-310-3144,경기도 시흥시청,20260224
정왕본동313,1,,,,,2011,,031-310-3144,경기도 시흥시청,20260224
정왕본동314,1,,,,,2011,,031-310-3144,경기도 시흥시청,20260224
정왕본동315,1,,,,,2011,,031-310-3144,경기도 시흥시청,20260224
정왕본동323,1,,,,,2011,,031-310-3144,경기도 시흥시청,20260224
정왕본동324,1,,,,,2011,,031-310-3144,경기도 시흥시청,20260224
정왕본동325,1,,,,,2011,,031-310-3144,경기도 시흥시청,20260224
정왕본동326,1,,,,,2011,,031-310-3144,경기도 시흥시청,20260224
정왕본동327,1,,,,,2011,,031-310-3144,경기도 시흥시청,20260224
정왕본동328,1,,,,,2011,,031-310-3144,경기도 시흥시청,20260224
정왕본동277,1,,,,,2011,,031-310-3144,경기도 시흥시청,20260224
정왕본동278,1,,,,,2011,,031-310-3144,경기도 시흥시청,20260224
정왕본동279,1,,,,,2011,,031-310-3144,경기도 시흥시청,20260224
정왕본동280,1,,,,,2011,,031-310-3144,경기도 시흥시청,20260224
정왕본동283,1,,,,,2011,,031-310-3144,경기도 시흥시청,20260224
정왕본동284,1,,,,,2011,,031-310-3144,경기도 시흥시청,20260224
정왕본동286,1,,,,,2011,,031-310-3144,경기도 시흥시청,20260224
정왕본동287,1,,,,,2011,,031-310-3144,경기도 시흥시청,20260224
정왕본동289,1,,,,,2011,,031-310-3144,경기도 시흥시청,20260224
정왕본동290,1,,,,,2011,,031-310-3144,경기도 시흥시청,20260224
정왕본동291,1,,,,,2011,,031-310-3144,경기도 시흥시청,20260224
정왕본동292,1,,,,,2011,,031-310-3144,경기도 시흥시청,20260224
정왕본동293,1,,,,,2011,,031-310-3144,경기도 시흥시청,20260224
정왕본동294,1,,,,,2011,,031-310-3144,경기도 시흥시청,20260224
정왕본동295,1,,,,,2011,,031-310-3144,경기도 시흥시청,20260224
정왕본동297,1,,,,,2011,,031-310-3144,경기도 시흥시청,20260224
정왕본동301,1,,,,,2011,,031-310-3144,경기도 시흥시청,20260224
정왕본동302,1,,,,,2011,,031-310-3144,경기도 시흥시청,20260224
정왕본동303,1,,,,,2011,,031-310-3144,경기도 시흥시청,20260224
정왕본동304,1,,,,,2011,,031-310-3144,경기도 시흥시청,20260224
정왕본동305,1,,,,,2011,,031-310-3144,경기도 시흥시청,20260224
정왕본동308,1,,,,,2011,,031-310-3144,경기도 시흥시청,20260224
정왕본동20U211,1,,,,,2011,,031-310-3144,경기도 시흥시청,20260224
정왕본동20U212,1,,,,,2011,,031-310-3144,경기도 시흥시청,20260224
정왕본동20U213,1,,,,,2011,,031-310-3144,경기도 시흥시청,20260224
정왕본동20U214,1,,,,,2011,,031-310-3144,경기도 시흥시청,20260224
정왕본동346,1,,,,,2011,,031-310-3144,경기도 시흥시청,20260224
정왕본동347,1,,,,,2011,,031-310-3144,경기도 시흥시청,20260224
정왕본동348,1,,,,,2011,,031-310-3144,경기도 시흥시청,20260224
정왕본동349,1,,,,,2011,,031-310-3144,경기도 시흥시청,20260224
정왕본동350,1,,,,,2011,,031-310-3144,경기도 시흥시청,20260224
정왕본동351,1,,,,,2011,,031-310-3144,경기도 시흥시청,20260224
정왕본동352,1,,,,,2011,,031-310-3144,경기도 시흥시청,20260224
정왕본동353,1,,,,,2011,,031-310-3144,경기도 시흥시청,20260224
정왕본동354,1,,,,,2011,,031-310-3144,경기도 시흥시청,20260224
정왕본동355,1,,,,,2011,,031-310-3144,경기도 시흥시청,20260224
정왕본동356,1,,,,,2011,,031-310-3144,경기도 시흥시청,20260224
정왕본동359,1,,,,,2011,,031-310-3144,경기도 시흥시청,20260224
정왕본동360,1,,,,,2011,,031-310-3144,경기도 시흥시청,20260224
정왕본동361,1,,,,,2011,,031-310-3144,경기도 시흥시청,20260224
정왕본동362,1,,,,,2011,,031-310-3144,경기도 시흥시청,20260224
정왕본동364,1,,,,,2011,,031-310-3144,경기도 시흥시청,20260224
정왕1동21U297,1,,,,,2011,,031-310-3144,경기도 시흥시청,20260224
정왕1동21U305,1,,,,,2011,,031-310-3144,경기도 시흥시청,20260224
정왕본동20U216,1,,,,,2011,,031-310-3144,경기도 시흥시청,20260224
정왕본동20U217,1,,,,,2011,,031-310-3144,경기도 시흥시청,20260224
정왕본동20U218,1,,,,,2011,,031-310-3144,경기도 시흥시청,20260224
정왕본동20U219,1,,,,,2011,,031-310-3144,경기도 시흥시청,20260224
정왕본동20U220,1,,,,,2011,,031-310-3144,경기도 시흥시청,20260224
정왕본동20U221,1,,,,,2011,,031-310-3144,경기도 시흥시청,20260224
정왕본동20U222,1,,,,,2011,,031-310-3144,경기도 시흥시청,20260224
정왕본동20U223,1,,,,,2011,,031-310-3144,경기도 시흥시청,20260224
정왕본동20U224,1,,,,,2011,,031-310-3144,경기도 시흥시청,20260224
정왕본동20U225,1,,,,,2011,,031-310-3144,경기도 시흥시청,20260224
정왕본동20U226,1,,,,,2011,,031-310-3144,경기도 시흥시청,20260224
정왕본동20U227,1,,,,,2011,,031-310-3144,경기도 시흥시청,20260224
정왕본동20U228,1,,,,,2011,,031-310-3144,경기도 시흥시청,20260224
정왕본동20U230,1,,,,,2011,,031-310-3144,경기도 시흥시청,20260224
정왕본동20U231,1,,,,,2011,,031-310-3144,경기도 시흥시청,20260224
정왕본동20U232,1,,,,,2011,,031-310-3144,경기도 시흥시청,20260224
정왕본동20U233,1,,,,,2011,,031-310-3144,경기도 시흥시청,20260224
정왕본동20U234,1,,,,,2011,,031-310-3144,경기도 시흥시청,20260224
정왕본동20U235,1,,,,,2011,,031-310-3144,경기도 시흥시청,20260224
정왕본동20U237,1,,,,,2011,,031-310-3144,경기도 시흥시청,20260224
정왕본동20U238,1,,,,,2011,,031-310-3144,경기도 시흥시청,20260224
정왕본동20U239,1,,,,,2011,,031-310-3144,경기도 시흥시청,20260224
정왕본동20U240,1,,,,,2011,,031-310-3144,경기도 시흥시청,20260224
정왕본동20U241,1,,,,,2011,,031-310-3144,경기도 시흥시청,20260224
정왕본동20U242,1,,,,,2011,,031-310-3144,경기도 시흥시청,20260224
정왕1동21U078,1,,,,,2011,,031-310-3144,경기도 시흥시청,20260224
정왕본동21U054,1,,,,,2011,,031-310-3144,경기도 시흥시청,20260224
정왕본동21U055,1,,,,,2011,,031-310-3144,경기도 시흥시청,20260224
정왕본동21U088,1,,,,,2011,,031-310-3144,경기도 시흥시청,20260224
정왕본동21U089,1,,,,,2011,,031-310-3144,경기도 시흥시청,20260224
정왕본동21U090,1,,,,,2011,,031-310-3144,경기도 시흥시청,20260224
정왕본동251,1,,,,,2011,,031-310-3144,경기도 시흥시청,20260224
정왕본동257,1,,,,,2011,,031-310-3144,경기도 시흥시청,20260224
정왕본동259,1,,,,,2011,,031-310-3144,경기도 시흥시청,20260224
정왕본동260,1,,,,,2011,,031-310-3144,경기도 시흥시청,20260224
정왕본동263,1,,,,,2011,,031-310-3144,경기도 시흥시청,20260224
정왕본동264,1,,,,,2011,,031-310-3144,경기도 시흥시청,20260224
정왕본동272,1,,,,,2011,,031-310-3144,경기도 시흥시청,20260224
정왕본동274,1,,,,,2011,,031-310-3144,경기도 시흥시청,20260224
정왕본동275,1,,,,,2011,,031-310-3144,경기도 시흥시청,20260224
신현002,1,,,,,2011,,031-310-3144,경기도 시흥시청,20260224
신현003,1,,,,,2011,,031-310-3144,경기도 시흥시청,20260224
신현004,1,,,,,2011,,031-310-3144,경기도 시흥시청,20260224
신현159,1,,,,,2011,,031-310-3144,경기도 시흥시청,20260224
신현014,1,,,,,2011,,031-310-3144,경기도 시흥시청,20260224
신현324,1,,,,,2011,,031-310-3144,경기도 시흥시청,20260224
신현175,1,,,,,2011,,031-310-3144,경기도 시흥시청,20260224
신현326,1,,,,,2011,,031-310-3144,경기도 시흥시청,20260224
신현동21001,1,,,,,2011,,031-310-3144,경기도 시흥시청,20260224
정왕본동21U091,1,,,,,2011,,031-310-3144,경기도 시흥시청,20260224
정왕본동21U118,1,,,,,2011,,031-310-3144,경기도 시흥시청,20260224
정왕본동21U120,1,,,,,2011,,031-310-3144,경기도 시흥시청,20260224
정왕본동21U124,1,,,,,2011,,031-310-3144,경기도 시흥시청,20260224
정왕본동21U125,1,,,,,2011,,031-310-3144,경기도 시흥시청,20260224
정왕본동21U126,1,,,,,2011,,031-310-3144,경기도 시흥시청,20260224
정왕본동21U127,1,,,,,2011,,031-310-3144,경기도 시흥시청,20260224
정왕본동21U128,1,,,,,2011,,031-310-3144,경기도 시흥시청,20260224
정왕본동21U129,1,,,,,2011,,031-310-3144,경기도 시흥시청,20260224
정왕본동21U130,1,,,,,2011,,031-310-3144,경기도 시흥시청,20260224
정왕본동21U131,1,,,,,2011,,031-310-3144,경기도 시흥시청,20260224
정왕본동21U132,1,,,,,2011,,031-310-3144,경기도 시흥시청,20260224
정왕본동21U133,1,,,,,2011,,031-310-3144,경기도 시흥시청,20260224
정왕본동21U135,1,,,,,2011,,031-310-3144,경기도 시흥시청,20260224
정왕본동21U136,1,,,,,2011,,031-310-3144,경기도 시흥시청,20260224
정왕본동21U137,1,,,,,2011,,031-310-3144,경기도 시흥시청,20260224
정왕본동21U138,1,,,,,2011,,031-310-3144,경기도 시흥시청,20260224
정왕본동21U139,1,,,,,2011,,031-310-3144,경기도 시흥시청,20260224
정왕본동21U140,1,,,,,2011,,031-310-3144,경기도 시흥시청,20260224
정왕본동21U143,1,,,,,2011,,031-310-3144,경기도 시흥시청,20260224
정왕본동21U146,1,,,,,2011,,031-310-3144,경기도 시흥시청,20260224
정왕본동21U149,1,,,,,2011,,031-310-3144,경기도 시흥시청,20260224
정왕본동21U150,1,,,,,2011,,031-310-3144,경기도 시흥시청,20260224
정왕본동21U151,1,,,,,2011,,031-310-3144,경기도 시흥시청,20260224
정왕본동21U161,1,,,,,2011,,031-310-3144,경기도 시흥시청,20260224
정왕본동285,1,,,,,2011,,031-310-3144,경기도 시흥시청,20260224
매화099,1,,,,,2011,,031-310-3144,경기도 시흥시청,20260224
매화250,1,,,,,2011,,031-310-3144,경기도 시흥시청,20260224
매화251,1,,,,,2011,,031-310-3144,경기도 시흥시청,20260224
매화252,1,,,,,2011,,031-310-3144,경기도 시흥시청,20260224
매화253,1,,,,,2011,,031-310-3144,경기도 시흥시청,20260224
매화254,1,,,,,2011,,031-310-3144,경기도 시흥시청,20260224
매화255,1,,,,,2011,,031-310-3144,경기도 시흥시청,20260224
매화256,1,,,,,2011,,031-310-3144,경기도 시흥시청,20260224
매화257,1,,,,,2011,,031-310-3144,경기도 시흥시청,20260224
매화258,1,,,,,2011,,031-310-3144,경기도 시흥시청,20260224
매화264,1,,,,,2011,,031-310-3144,경기도 시흥시청,20260224
매화265,1,,,,,2011,,031-310-3144,경기도 시흥시청,20260224
매화266,1,,,,,2011,,031-310-3144,경기도 시흥시청,20260224
매화345,1,,,,,2011,,031-310-3144,경기도 시흥시청,20260224
매화267,1,,,,,2011,,031-310-3144,경기도 시흥시청,20260224
매화272,1,,,,,2011,,031-310-3144,경기도 시흥시청,20260224
매화297,1,,,,,2011,,031-310-3144,경기도 시흥시청,20260224
매화273,1,,,,,2011,,031-310-3144,경기도 시흥시청,20260224
신현140,1,,,,,2011,,031-310-3144,경기도 시흥시청,20260224
신현462,1,,,,,2011,,031-310-3144,경기도 시흥시청,20260224
신현515,1,,,,,2011,,031-310-3144,경기도 시흥시청,20260224
신현463,1,,,,,2011,,031-310-3144,경기도 시흥시청,20260224
신현516,1,,,,,2011,,031-310-3144,경기도 시흥시청,20260224
신현467,1,,,,,2011,,031-310-3144,경기도 시흥시청,20260224
신현469,1,,,,,2011,,031-310-3144,경기도 시흥시청,20260224
신현510,1,,,,,2011,,031-310-3144,경기도 시흥시청,20260224
매화494,1,,,,,2011,,031-310-3144,경기도 시흥시청,20260224
매화493,1,,,,,2011,,031-310-3144,경기도 시흥시청,20260224
매화502,1,,,,,2011,,031-310-3144,경기도 시흥시청,20260224
매화505,1,,,,,2011,,031-310-3144,경기도 시흥시청,20260224
매화503,1,,,,,2011,,031-310-3144,경기도 시흥시청,20260224
매화511,1,,,,,2011,,031-310-3144,경기도 시흥시청,20260224
매화507,1,,,,,2011,,031-310-3144,경기도 시흥시청,20260224
매화508,1,,,,,2011,,031-310-3144,경기도 시흥시청,20260224
매화509,1,,,,,2011,,031-310-3144,경기도 시흥시청,20260224
매화510,1,,,,,2011,,031-310-3144,경기도 시흥시청,20260224
신현152,1,,,,,2011,,031-310-3144,경기도 시흥시청,20260224
신현154,1,,,,,2011,,031-310-3144,경기도 시흥시청,20260224
정왕본동025,1,,,,,2011,,031-310-3144,경기도 시흥시청,20260224
정왕본동026,1,,,,,2011,,031-310-3144,경기도 시흥시청,20260224
정왕본동031,1,,,,,2011,,031-310-3144,경기도 시흥시청,20260224
정왕본동033,1,,,,,2011,,031-310-3144,경기도 시흥시청,20260224
정왕본동094,1,,,,,2011,,031-310-3144,경기도 시흥시청,20260224
정왕1동103,1,,,,,2011,,031-310-3144,경기도 시흥시청,20260224
정왕본동106,1,,,,,2011,,031-310-3144,경기도 시흥시청,20260224
정왕본동129,1,,,,,2011,,031-310-3144,경기도 시흥시청,20260224
정왕본동142,1,,,,,2011,,031-310-3144,경기도 시흥시청,20260224
정왕본동20U162,1,,,,,2011,,031-310-3144,경기도 시흥시청,20260224
정왕본동20U163,1,,,,,2011,,031-310-3144,경기도 시흥시청,20260224
정왕본동20U164,1,,,,,2011,,031-310-3144,경기도 시흥시청,20260224
정왕본동20U165,1,,,,,2011,,031-310-3144,경기도 시흥시청,20260224
정왕본동20U166,1,,,,,2011,,031-310-3144,경기도 시흥시청,20260224
정왕본동20U167,1,,,,,2011,,031-310-3144,경기도 시흥시청,20260224
정왕본동20U169,1,,,,,2011,,031-310-3144,경기도 시흥시청,20260224
정왕본동20U170,1,,,,,2011,,031-310-3144,경기도 시흥시청,20260224
정왕본동20U171,1,,,,,2011,,031-310-3144,경기도 시흥시청,20260224
정왕본동20U172,1,,,,,2011,,031-310-3144,경기도 시흥시청,20260224
정왕본동20U173,1,,,,,2011,,031-310-3144,경기도 시흥시청,20260224
정왕본동20U174,1,,,,,2011,,031-310-3144,경기도 시흥시청,20260224
매화274,1,,,,,2011,,031-310-3144,경기도 시흥시청,20260224
매화275,1,,,,,2011,,031-310-3144,경기도 시흥시청,20260224
매화276,1,,,,,2011,,031-310-3144,경기도 시흥시청,20260224
매화동N120,1,,,,,2011,,031-310-3144,경기도 시흥시청,20260224
매화278,1,,,,,2011,,031-310-3144,경기도 시흥시청,20260224
매화279,1,,,,,2011,,031-310-3144,경기도 시흥시청,20260224
매화280,1,,,,,2011,,031-310-3144,경기도 시흥시청,20260224
매화431,1,,,,,2011,,031-310-3144,경기도 시흥시청,20260224
매화432,1,,,,,2011,,031-310-3144,경기도 시흥시청,20260224
매화433,1,,,,,2011,,031-310-3144,경기도 시흥시청,20260224
매화411,1,,,,,2011,,031-310-3144,경기도 시흥시청,20260224
매화434,1,,,,,2011,,031-310-3144,경기도 시흥시청,20260224
매화동N091,1,,,,,2011,,031-310-3144,경기도 시흥시청,20260224
매화436,1,,,,,2011,,031-310-3144,경기도 시흥시청,20260224
매화437,1,,,,,2011,,031-310-3144,경기도 시흥시청,20260224
매화438,1,,,,,2011,,031-310-3144,경기도 시흥시청,20260224
매화439,1,,,,,2011,,031-310-3144,경기도 시흥시청,20260224
매화441,1,,,,,2011,,031-310-3144,경기도 시흥시청,20260224
매화442,1,,,,,2011,,031-310-3144,경기도 시흥시청,20260224
신현181,1,,,,,2011,,031-310-3144,경기도 시흥시청,20260224
신현182,1,,,,,2011,,031-310-3144,경기도 시흥시청,20260224
신현동19S297,1,,,,,2011,,031-310-3144,경기도 시흥시청,20260224
신현190,1,,,,,2011,,031-310-3144,경기도 시흥시청,20260224
신현348,1,,,,,2011,,031-310-3144,경기도 시흥시청,20260224
신현204,1,,,,,2011,,031-310-3144,경기도 시흥시청,20260224
신현352,1,,,,,2011,,031-310-3144,경기도 시흥시청,20260224
신현206,1,,,,,2011,,031-310-3144,경기도 시흥시청,20260224
신현207,1,,,,,2011,,031-310-3144,경기도 시흥시청,20260224
신현208,1,,,,,2011,,031-310-3144,경기도 시흥시청,20260224
신현209,1,,,,,2011,,031-310-3144,경기도 시흥시청,20260224
정왕본동20U194,1,,,,,2011,,031-310-3144,경기도 시흥시청,20260224
정왕본동20U195,1,,,,,2011,,031-310-3144,경기도 시흥시청,20260224
정왕본동20U197,1,,,,,2011,,031-310-3144,경기도 시흥시청,20260224
정왕본동20U198,1,,,,,2011,,031-310-3144,경기도 시흥시청,20260224
정왕1동21U001,1,,,,,2011,,031-310-3144,경기도 시흥시청,20260224
정왕1동21U002,1,,,,,2011,,031-310-3144,경기도 시흥시청,20260224
정왕1동21U003,1,,,,,2011,,031-310-3144,경기도 시흥시청,20260224
정왕1동21U004,1,,,,,2011,,031-310-3144,경기도 시흥시청,20260224
정왕1동21U005,1,,,,,2011,,031-310-3144,경기도 시흥시청,20260224
정왕1동21U006,1,,,,,2011,,031-310-3144,경기도 시흥시청,20260224
정왕1동21U007,1,,,,,2011,,031-310-3144,경기도 시흥시청,20260224
정왕1동21U009,1,,,,,2011,,031-310-3144,경기도 시흥시청,20260224
정왕1동21U012,1,,,,,2011,,031-310-3144,경기도 시흥시청,20260224
정왕1동21U013,1,,,,,2011,,031-310-3144,경기도 시흥시청,20260224
정왕1동21U014,1,,,,,2011,,031-310-3144,경기도 시흥시청,20260224
정왕1동21U016,1,,,,,2011,,031-310-3144,경기도 시흥시청,20260224
정왕1동21U017,1,,,,,2011,,031-310-3144,경기도 시흥시청,20260224
정왕1동21U018,1,,,,,2011,,031-310-3144,경기도 시흥시청,20260224
정왕1동21U019,1,,,,,2011,,031-310-3144,경기도 시흥시청,20260224
정왕1동21U020,1,,,,,2011,,031-310-3144,경기도 시흥시청,20260224
정왕1동21U021,1,,,,,2011,,031-310-3144,경기도 시흥시청,20260224
정왕1동020,1,,,,,2011,,031-310-3144,경기도 시흥시청,20260224
정왕1동021,1,,,,,2011,,031-310-3144,경기도 시흥시청,20260224
정왕1동022,1,,,,,2011,,031-310-3144,경기도 시흥시청,20260224
정왕본동017,1,,,,,2011,,031-310-3144,경기도 시흥시청,20260224
정왕본동018,1,,,,,2011,,031-310-3144,경기도 시흥시청,20260224
정왕본동019,1,,,,,2011,,031-310-3144,경기도 시흥시청,20260224
정왕본동020,1,,,,,2011,,031-310-3144,경기도 시흥시청,20260224
정왕본동021,1,,,,,2011,,031-310-3144,경기도 시흥시청,20260224
정왕본동022,1,,,,,2011,,031-310-3144,경기도 시흥시청,20260224
정왕본동023,1,,,,,2011,,031-310-3144,경기도 시흥시청,20260224
정왕본동024,1,,,,,2011,,031-310-3144,경기도 시흥시청,20260224
정왕1동21U032,1,,,,,2011,,031-310-3144,경기도 시흥시청,20260224
정왕1동21U033,1,,,,,2011,,031-310-3144,경기도 시흥시청,20260224
정왕1동21U034,1,,,,,2011,,031-310-3144,경기도 시흥시청,20260224
정왕1동21U035,1,,,,,2011,,031-310-3144,경기도 시흥시청,20260224
정왕1동21U036,1,,,,,2011,,031-310-3144,경기도 시흥시청,20260224
정왕1동21U037,1,,,,,2011,,031-310-3144,경기도 시흥시청,20260224
정왕1동21U039,1,,,,,2011,,031-310-3144,경기도 시흥시청,20260224
정왕1동21U042,1,,,,,2011,,031-310-3144,경기도 시흥시청,20260224
정왕1동21U043,1,,,,,2011,,031-310-3144,경기도 시흥시청,20260224
정왕1동21U044,1,,,,,2011,,031-310-3144,경기도 시흥시청,20260224
정왕1동21U046,1,,,,,2011,,031-310-3144,경기도 시흥시청,20260224
정왕1동21U047,1,,,,,2011,,031-310-3144,경기도 시흥시청,20260224
정왕1동21U048,1,,,,,2011,,031-310-3144,경기도 시흥시청,20260224
정왕1동21U049,1,,,,,2011,,031-310-3144,경기도 시흥시청,20260224
정왕1동21U050,1,,,,,2011,,031-310-3144,경기도 시흥시청,20260224
정왕1동21U051,1,,,,,2011,,031-310-3144,경기도 시흥시청,20260224
정왕1동21U052,1,,,,,2011,,031-310-3144,경기도 시흥시청,20260224
정왕1동21U053,1,,,,,2011,,031-310-3144,경기도 시흥시청,20260224
정왕1동21U055,1,,,,,2011,,031-310-3144,경기도 시흥시청,20260224
정왕1동21U056,1,,,,,2011,,031-310-3144,경기도 시흥시청,20260224
정왕1동21U057,1,,,,,2011,,031-310-3144,경기도 시흥시청,20260224
정왕1동21U058,1,,,,,2011,,031-310-3144,경기도 시흥시청,20260224
정왕1동21U059,1,,,,,2011,,031-310-3144,경기도 시흥시청,20260224
정왕1동21U060,1,,,,,2011,,031-310-3144,경기도 시흥시청,20260224
정왕1동21U061,1,,,,,2011,,031-310-3144,경기도 시흥시청,20260224
정왕1동21U065,1,,,,,2011,,031-310-3144,경기도 시흥시청,20260224
정왕1동21U066,1,,,,,2011,,031-310-3144,경기도 시흥시청,20260224
정왕1동21U147,1,,,,,2011,,031-310-3144,경기도 시흥시청,20260224
정왕1동21U164,1,,,,,2011,,031-310-3144,경기도 시흥시청,20260224
정왕본동21U009,1,,,,,2011,,031-310-3144,경기도 시흥시청,20260224
정왕본동21U010,1,,,,,2011,,031-310-3144,경기도 시흥시청,20260224
정왕본동20U175,1,,,,,2011,,031-310-3144,경기도 시흥시청,20260224
정왕본동20U176,1,,,,,2011,,031-310-3144,경기도 시흥시청,20260224
정왕본동20U177,1,,,,,2011,,031-310-3144,경기도 시흥시청,20260224
정왕본동20U178,1,,,,,2011,,031-310-3144,경기도 시흥시청,20260224
정왕본동20U179,1,,,,,2011,,031-310-3144,경기도 시흥시청,20260224
정왕본동20U180,1,,,,,2011,,031-310-3144,경기도 시흥시청,20260224
정왕본동20U181,1,,,,,2011,,031-310-3144,경기도 시흥시청,20260224
정왕본동20U182,1,,,,,2011,,031-310-3144,경기도 시흥시청,20260224
정왕본동20U183,1,,,,,2011,,031-310-3144,경기도 시흥시청,20260224
정왕본동20U184,1,,,,,2011,,031-310-3144,경기도 시흥시청,20260224
정왕본동20U185,1,,,,,2011,,031-310-3144,경기도 시흥시청,20260224
정왕본동20U186,1,,,,,2011,,031-310-3144,경기도 시흥시청,20260224
정왕본동20U187,1,,,,,2011,,031-310-3144,경기도 시흥시청,20260224
정왕본동20U188,1,,,,,2011,,031-310-3144,경기도 시흥시청,20260224
정왕본동20U189,1,,,,,2011,,031-310-3144,경기도 시흥시청,20260224
정왕본동20U190,1,,,,,2011,,031-310-3144,경기도 시흥시청,20260224
정왕본동20U191,1,,,,,2011,,031-310-3144,경기도 시흥시청,20260224
정왕본동20U192,1,,,,,2011,,031-310-3144,경기도 시흥시청,20260224
정왕본동20U193,1,,,,,2011,,031-310-3144,경기도 시흥시청,20260224
장곡동24024,1,,,,,2011,,031-310-3144,경기도 시흥시청,20260224
정왕본동21U011,1,,,,,2011,,031-310-3144,경기도 시흥시청,20260224
정왕본동21U040,1,,,,,2011,,031-310-3144,경기도 시흥시청,20260224
정왕본동21U042,1,,,,,2011,,031-310-3144,경기도 시흥시청,20260224
정왕본동21U043,1,,,,,2011,,031-310-3144,경기도 시흥시청,20260224
정왕본동21U044,1,,,,,2011,,031-310-3144,경기도 시흥시청,20260224
정왕본동21U045,1,,,,,2011,,031-310-3144,경기도 시흥시청,20260224
정왕본동21U047,1,,,,,2011,,031-310-3144,경기도 시흥시청,20260224
정왕본동21U056,1,,,,,2011,,031-310-3144,경기도 시흥시청,20260224
정왕본동21U057,1,,,,,2011,,031-310-3144,경기도 시흥시청,20260224
정왕본동21U058,1,,,,,2011,,031-310-3144,경기도 시흥시청,20260224
정왕본동21U061,1,,,,,2011,,031-310-3144,경기도 시흥시청,20260224
정왕본동21U062,1,,,,,2011,,031-310-3144,경기도 시흥시청,20260224
정왕본동21U063,1,,,,,2011,,031-310-3144,경기도 시흥시청,20260224
정왕본동21U065,1,,,,,2011,,031-310-3144,경기도 시흥시청,20260224
정왕본동21U066,1,,,,,2011,,031-310-3144,경기도 시흥시청,20260224
정왕본동21U067,1,,,,,2011,,031-310-3144,경기도 시흥시청,20260224
정왕본동21U068,1,,,,,2011,,031-310-3144,경기도 시흥시청,20260224
정왕본동21U070,1,,,,,2011,,031-310-3144,경기도 시흥시청,20260224
정왕본동21U071,1,,,,,2011,,031-310-3144,경기도 시흥시청,20260224
정왕본동21U072,1,,,,,2011,,031-310-3144,경기도 시흥시청,20260224
정왕본동21U073,1,,,,,2011,,031-310-3144,경기도 시흥시청,20260224
정왕본동21U074,1,,,,,2011,,031-310-3144,경기도 시흥시청,20260224
정왕본동21U075,1,,,,,2011,,031-310-3144,경기도 시흥시청,20260224
정왕본동21U076,1,,,,,2011,,031-310-3144,경기도 시흥시청,20260224
정왕본동21U077,1,,,,,2011,,031-310-3144,경기도 시흥시청,20260224
정왕본동21U078,1,,,,,2011,,031-310-3144,경기도 시흥시청,20260224
정왕본동21U079,1,,,,,2011,,031-310-3144,경기도 시흥시청,20260224
정왕본동21U084,1,,,,,2011,,031-310-3144,경기도 시흥시청,20260224
정왕본동21U085,1,,,,,2011,,031-310-3144,경기도 시흥시청,20260224
정왕본동21U086,1,,,,,2011,,031-310-3144,경기도 시흥시청,20260224
정왕본동21U092,1,,,,,2011,,031-310-3144,경기도 시흥시청,20260224
정왕본동21U093,1,,,,,2011,,031-310-3144,경기도 시흥시청,20260224
정왕본동21U094,1,,,,,2011,,031-310-3144,경기도 시흥시청,20260224
정왕본동21U096,1,,,,,2011,,031-310-3144,경기도 시흥시청,20260224
정왕본동21U098,1,,,,,2011,,031-310-3144,경기도 시흥시청,20260224
정왕본동21U099,1,,,,,2011,,031-310-3144,경기도 시흥시청,20260224
정왕본동21U100,1,,,,,2011,,031-310-3144,경기도 시흥시청,20260224
정왕본동21U101,1,,,,,2011,,031-310-3144,경기도 시흥시청,20260224
정왕본동21U102,1,,,,,2011,,031-310-3144,경기도 시흥시청,20260224
정왕본동21U105,1,,,,,2011,,031-310-3144,경기도 시흥시청,20260224
정왕1동21U022,1,,,,,2011,,031-310-3144,경기도 시흥시청,20260224
정왕1동21U024,1,,,,,2011,,031-310-3144,경기도 시흥시청,20260224
정왕1동21U025,1,,,,,2011,,031-310-3144,경기도 시흥시청,20260224
정왕1동21U026,1,,,,,2011,,031-310-3144,경기도 시흥시청,20260224
정왕1동21U027,1,,,,,2011,,031-310-3144,경기도 시흥시청,20260224
정왕1동21U028,1,,,,,2011,,031-310-3144,경기도 시흥시청,20260224
정왕1동21U029,1,,,,,2011,,031-310-3144,경기도 시흥시청,20260224
정왕1동21U030,1,,,,,2011,,031-310-3144,경기도 시흥시청,20260224
정왕1동21U031,1,,,,,2011,,031-310-3144,경기도 시흥시청,20260224
연성동23001,1,,,,,2011,,031-310-3144,경기도 시흥시청,20260224
연성339,1,,,,,2011,,031-310-3144,경기도 시흥시청,20260224
연성340,1,,,,,2011,,031-310-3144,경기도 시흥시청,20260224
능곡098,1,,,,,2011,,031-310-3144,경기도 시흥시청,20260224
능곡100,1,,,,,2011,,031-310-3144,경기도 시흥시청,20260224
능곡103,1,,,,,2011,,031-310-3144,경기도 시흥시청,20260224
능곡106,1,,,,,2011,,031-310-3144,경기도 시흥시청,20260224
능곡110,1,,,,,2011,,031-310-3144,경기도 시흥시청,20260224
능곡111,1,,,,,2011,,031-310-3144,경기도 시흥시청,20260224
능곡114,1,,,,,2011,,031-310-3144,경기도 시흥시청,20260224
능곡127,1,,,,,2011,,031-310-3144,경기도 시흥시청,20260224
정왕본동21U108,1,,,,,2011,,031-310-3144,경기도 시흥시청,20260224
정왕본동21U109,1,,,,,2011,,031-310-3144,경기도 시흥시청,20260224
정왕본동21U110,1,,,,,2011,,031-310-3144,경기도 시흥시청,20260224
정왕본동21U112,1,,,,,2011,,031-310-3144,경기도 시흥시청,20260224
정왕본동21U113,1,,,,,2011,,031-310-3144,경기도 시흥시청,20260224
정왕본동21U114,1,,,,,2011,,031-310-3144,경기도 시흥시청,20260224
정왕본동21U115,1,,,,,2011,,031-310-3144,경기도 시흥시청,20260224
정왕본동21U116,1,,,,,2011,,031-310-3144,경기도 시흥시청,20260224
정왕본동21U166,1,,,,,2011,,031-310-3144,경기도 시흥시청,20260224
정왕본동21U168,1,,,,,2011,,031-310-3144,경기도 시흥시청,20260224
정왕본동21U169,1,,,,,2011,,031-310-3144,경기도 시흥시청,20260224
정왕본동21U170,1,,,,,2011,,031-310-3144,경기도 시흥시청,20260224
정왕본동21U171,1,,,,,2011,,031-310-3144,경기도 시흥시청,20260224
정왕본동21U172,1,,,,,2011,,031-310-3144,경기도 시흥시청,20260224
정왕본동21U174,1,,,,,2011,,031-310-3144,경기도 시흥시청,20260224
정왕본동21U176,1,,,,,2011,,031-310-3144,경기도 시흥시청,20260224
정왕본동21U177,1,,,,,2011,,031-310-3144,경기도 시흥시청,20260224
정왕본동21U178,1,,,,,2011,,031-310-3144,경기도 시흥시청,20260224
정왕1동21U045,1,,,,,2011,,031-310-3144,경기도 시흥시청,20260224
능곡130(농작물피해 심야소등),1,,,,,2011,,031-310-3144,경기도 시흥시청,20260224
능곡131,1,,,,,2011,,031-310-3144,경기도 시흥시청,20260224
연성344,1,,,,,2011,,031-310-3144,경기도 시흥시청,20260224
연성350,1,,,,,2011,,031-310-3144,경기도 시흥시청,20260224
연성351,1,,,,,2011,,031-310-3144,경기도 시흥시청,20260224
연성353,1,,,,,2011,,031-310-3144,경기도 시흥시청,20260224
연성355,1,,,,,2011,,031-310-3144,경기도 시흥시청,20260224
연성356,1,,,,,2011,,031-310-3144,경기도 시흥시청,20260224
연성357,1,,,,,2011,,031-310-3144,경기도 시흥시청,20260224
연성358,1,,,,,2011,,031-310-3144,경기도 시흥시청,20260224
연성374,1,,,,,2011,,031-310-3144,경기도 시흥시청,20260224
연성375,1,,,,,2011,,031-310-3144,경기도 시흥시청,20260224
연성377,1,,,,,2011,,031-310-3144,경기도 시흥시청,20260224
연성414,1,,,,,2011,,031-310-3144,경기도 시흥시청,20260224
연성407,1,,,,,2011,,031-310-3144,경기도 시흥시청,20260224
연성동382,1,,,,,2011,,031-310-3144,경기도 시흥시청,20260224
장곡동24017,1,,,,,2011,,031-310-3144,경기도 시흥시청,20260224
장곡동24018,1,,,,,2011,,031-310-3144,경기도 시흥시청,20260224
장곡동24021,1,,,,,2011,,031-310-3144,경기도 시흥시청,20260224
장곡동24023,1,,,,,2011,,031-310-3144,경기도 시흥시청,20260224
연성269,1,,,,,2011,,031-310-3144,경기도 시흥시청,20260224
연성274,1,,,,,2011,,031-310-3144,경기도 시흥시청,20260224
연성280,1,,,,,2011,,031-310-3144,경기도 시흥시청,20260224
연성282,1,,,,,2011,,031-310-3144,경기도 시흥시청,20260224
연성284,1,,,,,2011,,031-310-3144,경기도 시흥시청,20260224
연성292,1,,,,,2011,,031-310-3144,경기도 시흥시청,20260224
연성294,1,,,,,2011,,031-310-3144,경기도 시흥시청,20260224
연성296,1,,,,,2011,,031-310-3144,경기도 시흥시청,20260224
연성298,1,,,,,2011,,031-310-3144,경기도 시흥시청,20260224
연성054,1,,,,,2011,,031-310-3144,경기도 시흥시청,20260224
연성300,1,,,,,2011,,031-310-3144,경기도 시흥시청,20260224
연성055,1,,,,,2011,,031-310-3144,경기도 시흥시청,20260224
연성056,1,,,,,2011,,031-310-3144,경기도 시흥시청,20260224
연성302,1,,,,,2011,,031-310-3144,경기도 시흥시청,20260224
연성057,1,,,,,2011,,031-310-3144,경기도 시흥시청,20260224
연성058,1,,,,,2011,,031-310-3144,경기도 시흥시청,20260224
연성304,1,,,,,2011,,031-310-3144,경기도 시흥시청,20260224
연성305,1,,,,,2011,,031-310-3144,경기도 시흥시청,20260224
연성059,1,,,,,2011,,031-310-3144,경기도 시흥시청,20260224
연성307,1,,,,,2011,,031-310-3144,경기도 시흥시청,20260224
연성067,1,,,,,2011,,031-310-3144,경기도 시흥시청,20260224
연성071,1,,,,,2011,,031-310-3144,경기도 시흥시청,20260224
장곡동24027,1,,,,,2011,,031-310-3144,경기도 시흥시청,20260224
장곡동24028,1,,,,,2011,,031-310-3144,경기도 시흥시청,20260224
장곡동24029,1,,,,,2011,,031-310-3144,경기도 시흥시청,20260224
장곡동24030,1,,,,,2011,,031-310-3144,경기도 시흥시청,20260224
장곡동24031,1,,,,,2011,,031-310-3144,경기도 시흥시청,20260224
장곡동24032,1,,,,,2011,,031-310-3144,경기도 시흥시청,20260224
연성233,1,,,,,2011,,031-310-3144,경기도 시흥시청,20260224
장곡동24037,1,,,,,2011,,031-310-3144,경기도 시흥시청,20260224
장곡동24039,1,,,,,2011,,031-310-3144,경기도 시흥시청,20260224
장곡동24046,1,,,,,2011,,031-310-3144,경기도 시흥시청,20260224
장곡동24047,1,,,,,2011,,031-310-3144,경기도 시흥시청,20260224
장곡동24049,1,,,,,2011,,031-310-3144,경기도 시흥시청,20260224
장곡동24050,1,,,,,2011,,031-310-3144,경기도 시흥시청,20260224
장곡동24051,1,,,,,2011,,031-310-3144,경기도 시흥시청,20260224
장곡동24052,1,,,,,2011,,031-310-3144,경기도 시흥시청,20260224
장곡동24056,1,,,,,2011,,031-310-3144,경기도 시흥시청,20260224
장곡동24057,1,,,,,2011,,031-310-3144,경기도 시흥시청,20260224
장곡동24058,1,,,,,2011,,031-310-3144,경기도 시흥시청,20260224
장곡동24059,1,,,,,2011,,031-310-3144,경기도 시흥시청,20260224
장곡동24061,1,,,,,2011,,031-310-3144,경기도 시흥시청,20260224
장곡동24062,1,,,,,2011,,031-310-3144,경기도 시흥시청,20260224
장곡동24065,1,,,,,2011,,031-310-3144,경기도 시흥시청,20260224
장곡동24066,1,,,,,2011,,031-310-3144,경기도 시흥시청,20260224
장곡동24067,1,,,,,2011,,031-310-3144,경기도 시흥시청,20260224
장곡동24068,1,,,,,2011,,031-310-3144,경기도 시흥시청,20260224
장곡동24069,1,,,,,2011,,031-310-3144,경기도 시흥시청,20260224
장곡동24070,1,,,,,2011,,031-310-3144,경기도 시흥시청,20260224
장곡동24071,1,,,,,2011,,031-310-3144,경기도 시흥시청,20260224
장곡동24072,1,,,,,2011,,031-310-3144,경기도 시흥시청,20260224
연성318,1,,,,,2011,,031-310-3144,경기도 시흥시청,20260224
연성319,1,,,,,2011,,031-310-3144,경기도 시흥시청,20260224
연성320,1,,,,,2011,,031-310-3144,경기도 시흥시청,20260224
연성321,1,,,,,2011,,031-310-3144,경기도 시흥시청,20260224
연성322,1,,,,,2011,,031-310-3144,경기도 시흥시청,20260224
연성323,1,,,,,2011,,031-310-3144,경기도 시흥시청,20260224
연성324,1,,,,,2011,,031-310-3144,경기도 시흥시청,20260224
연성328,1,,,,,2011,,031-310-3144,경기도 시흥시청,20260224
연성099,1,,,,,2011,,031-310-3144,경기도 시흥시청,20260224
연성100,1,,,,,2011,,031-310-3144,경기도 시흥시청,20260224
연성101,1,,,,,2011,,031-310-3144,경기도 시흥시청,20260224
연성331,1,,,,,2011,,031-310-3144,경기도 시흥시청,20260224
연성334,1,,,,,2011,,031-310-3144,경기도 시흥시청,20260224
연성335,1,,,,,2011,,031-310-3144,경기도 시흥시청,20260224
연성336,1,,,,,2011,,031-310-3144,경기도 시흥시청,20260224
연성026,1,,,,,2011,,031-310-3144,경기도 시흥시청,20260224
연성333,1,,,,,2011,,031-310-3144,경기도 시흥시청,20260224
신현684,1,,,,,2011,,031-310-3144,경기도 시흥시청,20260224
신현686,1,,,,,2011,,031-310-3144,경기도 시흥시청,20260224
신현691,1,,,,,2011,,031-310-3144,경기도 시흥시청,20260224
신현656,1,,,,,2011,,031-310-3144,경기도 시흥시청,20260224
신현694,1,,,,,2011,,031-310-3144,경기도 시흥시청,20260224
신현695,1,,,,,2011,,031-310-3144,경기도 시흥시청,20260224
신현696,1,,,,,2011,,031-310-3144,경기도 시흥시청,20260224
신현660,1,,,,,2011,,031-310-3144,경기도 시흥시청,20260224
신현동 N23089,1,,,,,2011,,031-310-3144,경기도 시흥시청,20260224
신현729,1,,,,,2011,,031-310-3144,경기도 시흥시청,20260224
신현737,1,,,,,2011,,031-310-3144,경기도 시흥시청,20260224
신현738,1,,,,,2011,,031-310-3144,경기도 시흥시청,20260224
신현743,1,,,,,2011,,031-310-3144,경기도 시흥시청,20260224
신현750,1,,,,,2011,,031-310-3144,경기도 시흥시청,20260224
신현755,1,,,,,2011,,031-310-3144,경기도 시흥시청,20260224
신현752,1,,,,,2011,,031-310-3144,경기도 시흥시청,20260224
능곡128,1,,,,,2011,,031-310-3144,경기도 시흥시청,20260224
연성337,1,,,,,2011,,031-310-3144,경기도 시흥시청,20260224
능곡117,1,,,,,2011,,031-310-3144,경기도 시흥시청,20260224
능곡동22003,1,,,,,2011,,031-310-3144,경기도 시흥시청,20260224
능곡동22007,1,,,,,2011,,031-310-3144,경기도 시흥시청,20260224
연성126,1,,,,,2011,,031-310-3144,경기도 시흥시청,20260224
연성129,1,,,,,2011,,031-310-3144,경기도 시흥시청,20260224
능곡044,1,,,,,2011,,031-310-3144,경기도 시흥시청,20260224
연성002,1,,,,,2011,,031-310-3144,경기도 시흥시청,20260224
연성003,1,,,,,2011,,031-310-3144,경기도 시흥시청,20260224
연성006,1,,,,,2011,,031-310-3144,경기도 시흥시청,20260224
연성252,1,,,,,2011,,031-310-3144,경기도 시흥시청,20260224
연성255,1,,,,,2011,,031-310-3144,경기도 시흥시청,20260224
연성011,1,,,,,2011,,031-310-3144,경기도 시흥시청,20260224
연성260,1,,,,,2011,,031-310-3144,경기도 시흥시청,20260224
연성263,1,,,,,2011,,031-310-3144,경기도 시흥시청,20260224
연성265,1,,,,,2011,,031-310-3144,경기도 시흥시청,20260224
연성266,1,,,,,2011,,031-310-3144,경기도 시흥시청,20260224
연성021,1,,,,,2011,,031-310-3144,경기도 시흥시청,20260224
신현137,1,,,,,2011,,031-310-3144,경기도 시흥시청,20260224
신현138,1,,,,,2011,,031-310-3144,경기도 시흥시청,20260224
신현511,1,,,,,2011,,031-310-3144,경기도 시흥시청,20260224
신현139,1,,,,,2011,,031-310-3144,경기도 시흥시청,20260224
신현동N254,1,,,,,2011,,031-310-3144,경기도 시흥시청,20260224
신현754,1,,,,,2011,,031-310-3144,경기도 시흥시청,20260224
신현699,1,,,,,2011,,031-310-3144,경기도 시흥시청,20260224
신현519,1,,,,,2011,,031-310-3144,경기도 시흥시청,20260224
신현520,1,,,,,2011,,031-310-3144,경기도 시흥시청,20260224
신현522,1,,,,,2011,,031-310-3144,경기도 시흥시청,20260224
신현524,1,,,,,2011,,031-310-3144,경기도 시흥시청,20260224
신현479,1,,,,,2011,,031-310-3144,경기도 시흥시청,20260224
신현481,1,,,,,2011,,031-310-3144,경기도 시흥시청,20260224
신현526,1,,,,,2011,,031-310-3144,경기도 시흥시청,20260224
신현536,1,,,,,2011,,031-310-3144,경기도 시흥시청,20260224
신현539,1,,,,,2011,,031-310-3144,경기도 시흥시청,20260224
신현540,1,,,,,2011,,031-310-3144,경기도 시흥시청,20260224
신현541,1,,,,,2011,,031-310-3144,경기도 시흥시청,20260224
신현543,1,,,,,2011,,031-310-3144,경기도 시흥시청,20260224
신현492,1,,,,,2011,,031-310-3144,경기도 시흥시청,20260224
신현493,1,,,,,2011,,031-310-3144,경기도 시흥시청,20260224
신현546,1,,,,,2011,,031-310-3144,경기도 시흥시청,20260224
신현495,1,,,,,2011,,031-310-3144,경기도 시흥시청,20260224
신현496,1,,,,,2011,,031-310-3144,경기도 시흥시청,20260224
신현497,1,,,,,2011,,031-310-3144,경기도 시흥시청,20260224
신현498,1,,,,,2011,,031-310-3144,경기도 시흥시청,20260224
신현148(최신화 필요),1,,,,,2011,,031-310-3144,경기도 시흥시청,20260224
신현292,1,,,,,2011,,031-310-3144,경기도 시흥시청,20260224
신현553,1,,,,,2011,,031-310-3144,경기도 시흥시청,20260224
신현556,1,,,,,2011,,031-310-3144,경기도 시흥시청,20260224
신현559,1,,,,,2011,,031-310-3144,경기도 시흥시청,20260224
신현560,1,,,,,2011,,031-310-3144,경기도 시흥시청,20260224
신현동 N23099,1,,,,,2011,,031-310-3144,경기도 시흥시청,20260224
신현563,1,,,,,2011,,031-310-3144,경기도 시흥시청,20260224
신현611,1,,,,,2011,,031-310-3144,경기도 시흥시청,20260224
신현615,1,,,,,2011,,031-310-3144,경기도 시흥시청,20260224
신현617,1,,,,,2011,,031-310-3144,경기도 시흥시청,20260224
신현569,1,,,,,2011,,031-310-3144,경기도 시흥시청,20260224
신현571,1,,,,,2011,,031-310-3144,경기도 시흥시청,20260224
신현624,1,,,,,2011,,031-310-3144,경기도 시흥시청,20260224
신현597,1,,,,,2011,,031-310-3144,경기도 시흥시청,20260224
신현598,1,,,,,2011,,031-310-3144,경기도 시흥시청,20260224
신현600,1,,,,,2011,,031-310-3144,경기도 시흥시청,20260224
신현644,1,,,,,2011,,031-310-3144,경기도 시흥시청,20260224
신현376,1,,,,,2011,,031-310-3144,경기도 시흥시청,20260224
연성072,1,,,,,2011,,031-310-3144,경기도 시흥시청,20260224
연성073,1,,,,,2011,,031-310-3144,경기도 시흥시청,20260224
연성074,1,,,,,2011,,031-310-3144,경기도 시흥시청,20260224
연성313,1,,,,,2011,,031-310-3144,경기도 시흥시청,20260224
연성314,1,,,,,2011,,031-310-3144,경기도 시흥시청,20260224
연성315,1,,,,,2011,,031-310-3144,경기도 시흥시청,20260224
연성080,1,,,,,2011,,031-310-3144,경기도 시흥시청,20260224
신현393,1,,,,,2011,,031-310-3144,경기도 시흥시청,20260224
신현394,1,,,,,2011,,031-310-3144,경기도 시흥시청,20260224
신현080,1,,,,,2011,,031-310-3144,경기도 시흥시청,20260224
신현398,1,,,,,2011,,031-310-3144,경기도 시흥시청,20260224
신현088,1,,,,,2011,,031-310-3144,경기도 시흥시청,20260224
신현402,1,,,,,2011,,031-310-3144,경기도 시흥시청,20260224
신현410,1,,,,,2011,,031-310-3144,경기도 시흥시청,20260224
신현414,1,,,,,2011,,031-310-3144,경기도 시흥시청,20260224
신현418,1,,,,,2011,,031-310-3144,경기도 시흥시청,20260224
신현110,1,,,,,2011,,031-310-3144,경기도 시흥시청,20260224
신현279,1,,,,,2011,,031-310-3144,경기도 시흥시청,20260224
신현281,1,,,,,2011,,031-310-3144,경기도 시흥시청,20260224
신현441,1,,,,,2011,,031-310-3144,경기도 시흥시청,20260224
신현443,1,,,,,2011,,031-310-3144,경기도 시흥시청,20260224
신현291,1,,,,,2011,,031-310-3144,경기도 시흥시청,20260224
신현444,1,,,,,2011,,031-310-3144,경기도 시흥시청,20260224
신현126,1,,,,,2011,,031-310-3144,경기도 시흥시청,20260224
신현128,1,,,,,2011,,031-310-3144,경기도 시흥시청,20260224
신현299,1,,,,,2011,,031-310-3144,경기도 시흥시청,20260224
신현501,1,,,,,2011,,031-310-3144,경기도 시흥시청,20260224
신현132,1,,,,,2011,,031-310-3144,경기도 시흥시청,20260224
신현505,1,,,,,2011,,031-310-3144,경기도 시흥시청,20260224
신현507,1,,,,,2011,,031-310-3144,경기도 시흥시청,20260224
신현508,1,,,,,2011,,031-310-3144,경기도 시흥시청,20260224
신현509,1,,,,,2011,,031-310-3144,경기도 시흥시청,20260224
신현391,1,,,,,2011,,031-310-3144,경기도 시흥시청,20260224
신현247,1,,,,,2011,,031-310-3144,경기도 시흥시청,20260224
신현072,1,,,,,2011,,031-310-3144,경기도 시흥시청,20260224
신현244,1,,,,,2011,,031-310-3144,경기도 시흥시청,20260224
신현380,1,,,,,2011,,031-310-3144,경기도 시흥시청,20260224
신현383,1,,,,,2011,,031-310-3144,경기도 시흥시청,20260224
은행303,1,,,,,2011,,031-310-3144,경기도 시흥시청,20260224
신현378,1,,,,,2011,,031-310-3144,경기도 시흥시청,20260224
대야143,1,,,,,2011,,031-310-3144,경기도 시흥시청,20260224
매화077,1,,,,,2011,,031-310-3144,경기도 시흥시청,20260224
매화218,1,,,,,2011,,031-310-3144,경기도 시흥시청,20260224
매화110,1,,,,,2011,,031-310-3144,경기도 시흥시청,20260224
매화121,1,,,,,2011,,031-310-3144,경기도 시흥시청,20260224
매화226,1,,,,,2011,,031-310-3144,경기도 시흥시청,20260224
매화122,1,,,,,2011,,031-310-3144,경기도 시흥시청,20260224
매화동24012,1,,,,,2011,,031-310-3144,경기도 시흥시청,20260224
매화동24017,1,,,,,2011,,031-310-3144,경기도 시흥시청,20260224
매화동24028,1,,,,,2011,,031-310-3144,경기도 시흥시청,20260224
매화동24040,1,,,,,2011,,031-310-3144,경기도 시흥시청,20260224
매화동24107,1,,,,,2011,,031-310-3144,경기도 시흥시청,20260224
매화동24157,1,,,,,2011,,031-310-3144,경기도 시흥시청,20260224
매화동24158,1,,,,,2011,,031-310-3144,경기도 시흥시청,20260224
매화동24161,1,,,,,2011,,031-310-3144,경기도 시흥시청,20260224
매화동24162,1,,,,,2011,,031-310-3144,경기도 시흥시청,20260224
목감538,1,,,,,2011,,031-310-3144,경기도 시흥시청,20260224
목감539,1,,,,,2011,,031-310-3144,경기도 시흥시청,20260224
목감543,1,,,,,2011,,031-310-3144,경기도 시흥시청,20260224
목감544,1,,,,,2011,,031-310-3144,경기도 시흥시청,20260224
목감545,1,,,,,2011,,031-310-3144,경기도 시흥시청,20260224
목감546,1,,,,,2011,,031-310-3144,경기도 시흥시청,20260224
목감547,1,,,,,2011,,031-310-3144,경기도 시흥시청,20260224
목감548,1,,,,,2011,,031-310-3144,경기도 시흥시청,20260224
목감549,1,,,,,2011,,031-310-3144,경기도 시흥시청,20260224
목감551,1,,,,,2011,,031-310-3144,경기도 시흥시청,20260224
목감552,1,,,,,2011,,031-310-3144,경기도 시흥시청,20260224
목감558,1,,,,,2011,,031-310-3144,경기도 시흥시청,20260224
목감570,1,,,,,2011,,031-310-3144,경기도 시흥시청,20260224
목감571,1,,,,,2011,,031-310-3144,경기도 시흥시청,20260224
목감583,1,,,,,2011,,031-310-3144,경기도 시흥시청,20260224
목감573,1,,,,,2011,,031-310-3144,경기도 시흥시청,20260224
목감591,1,,,,,2011,,031-310-3144,경기도 시흥시청,20260224
매화001,1,,,,,2011,,031-310-3144,경기도 시흥시청,20260224
매화002,1,,,,,2011,,031-310-3144,경기도 시흥시청,20260224
매화009,1,,,,,2011,,031-310-3144,경기도 시흥시청,20260224
매화443,1,,,,,2011,,031-310-3144,경기도 시흥시청,20260224
매화380,1,,,,,2011,,031-310-3144,경기도 시흥시청,20260224
매화382,1,,,,,2011,,031-310-3144,경기도 시흥시청,20260224
매화444,1,,,,,2011,,031-310-3144,경기도 시흥시청,20260224
매화421,1,,,,,2011,,031-310-3144,경기도 시흥시청,20260224
매화446,1,,,,,2011,,031-310-3144,경기도 시흥시청,20260224
매화동24065(고소),1,,,,,2011,,031-310-3144,경기도 시흥시청,20260224
매화동24094,1,,,,,2011,,031-310-3144,경기도 시흥시청,20260224
매화동24098,1,,,,,2011,,031-310-3144,경기도 시흥시청,20260224
매화동24105,1,,,,,2011,,031-310-3144,경기도 시흥시청,20260224
매화동24106,1,,,,,2011,,031-310-3144,경기도 시흥시청,20260224
매화동24118,1,,,,,2011,,031-310-3144,경기도 시흥시청,20260224
매화동24120,1,,,,,2011,,031-310-3144,경기도 시흥시청,20260224
매화동24128,1,,,,,2011,,031-310-3144,경기도 시흥시청,20260224
매화동22018,1,,,,,2011,,031-310-3144,경기도 시흥시청,20260224
매화동22023,1,,,,,2011,,031-310-3144,경기도 시흥시청,20260224
매화056,1,,,,,2011,,031-310-3144,경기도 시흥시청,20260224
매화057,1,,,,,2011,,031-310-3144,경기도 시흥시청,20260224
매화105,1,,,,,2011,,031-310-3144,경기도 시흥시청,20260224
목감348,1,,,,,2011,,031-310-3144,경기도 시흥시청,20260224
목감349,1,,,,,2011,,031-310-3144,경기도 시흥시청,20260224
목감350,1,,,,,2011,,031-310-3144,경기도 시흥시청,20260224
목감354,1,,,,,2011,,031-310-3144,경기도 시흥시청,20260224
목감266,1,,,,,2011,,031-310-3144,경기도 시흥시청,20260224
목감267,1,,,,,2011,,031-310-3144,경기도 시흥시청,20260224
매화183,1,,,,,2011,,031-310-3144,경기도 시흥시청,20260224
목감268,1,,,,,2011,,031-310-3144,경기도 시흥시청,20260224
매화185,1,,,,,2011,,031-310-3144,경기도 시흥시청,20260224
목감270,1,,,,,2011,,031-310-3144,경기도 시흥시청,20260224
매화186,1,,,,,2011,,031-310-3144,경기도 시흥시청,20260224
매화187,1,,,,,2011,,031-310-3144,경기도 시흥시청,20260224
매화188,1,,,,,2011,,031-310-3144,경기도 시흥시청,20260224
매화189,1,,,,,2011,,031-310-3144,경기도 시흥시청,20260224
목감272,1,,,,,2011,,031-310-3144,경기도 시흥시청,20260224
매화191,1,,,,,2011,,031-310-3144,경기도 시흥시청,20260224
목감273,1,,,,,2011,,031-310-3144,경기도 시흥시청,20260224
매화192,1,,,,,2011,,031-310-3144,경기도 시흥시청,20260224
목감491,1,,,,,2011,,031-310-3144,경기도 시흥시청,20260224
목감508,1,,,,,2011,,031-310-3144,경기도 시흥시청,20260224
목감496,1,,,,,2011,,031-310-3144,경기도 시흥시청,20260224
목감497,1,,,,,2011,,031-310-3144,경기도 시흥시청,20260224
목감509,1,,,,,2011,,031-310-3144,경기도 시흥시청,20260224
목감500,1,,,,,2011,,031-310-3144,경기도 시흥시청,20260224
목감523,1,,,,,2011,,031-310-3144,경기도 시흥시청,20260224
목감동22011,1,,,,,2011,,031-310-3144,경기도 시흥시청,20260224
목감356,1,,,,,2011,,031-310-3144,경기도 시흥시청,20260224
목감357,1,,,,,2011,,031-310-3144,경기도 시흥시청,20260224
목감358,1,,,,,2011,,031-310-3144,경기도 시흥시청,20260224
목감361,1,,,,,2011,,031-310-3144,경기도 시흥시청,20260224
목감363,1,,,,,2011,,031-310-3144,경기도 시흥시청,20260224
목감364,1,,,,,2011,,031-310-3144,경기도 시흥시청,20260224
목감365,1,,,,,2011,,031-310-3144,경기도 시흥시청,20260224
목감366,1,,,,,2011,,031-310-3144,경기도 시흥시청,20260224
목감380,1,,,,,2011,,031-310-3144,경기도 시흥시청,20260224
목감382,1,,,,,2011,,031-310-3144,경기도 시흥시청,20260224
목감383,1,,,,,2011,,031-310-3144,경기도 시흥시청,20260224
목감384,1,,,,,2011,,031-310-3144,경기도 시흥시청,20260224
목감385,1,,,,,2011,,031-310-3144,경기도 시흥시청,20260224
목감133,1,,,,,2011,,031-310-3144,경기도 시흥시청,20260224
목감137,1,,,,,2011,,031-310-3144,경기도 시흥시청,20260224
목감138,1,,,,,2011,,031-310-3144,경기도 시흥시청,20260224
목감141,1,,,,,2011,,031-310-3144,경기도 시흥시청,20260224
목감143,1,,,,,2011,,031-310-3144,경기도 시흥시청,20260224
목감145,1,,,,,2011,,031-310-3144,경기도 시흥시청,20260224
목감181,1,,,,,2011,,031-310-3144,경기도 시흥시청,20260224
목감186,1,,,,,2011,,031-310-3144,경기도 시흥시청,20260224
목감187,1,,,,,2011,,031-310-3144,경기도 시흥시청,20260224
매화219,1,,,,,2011,,031-310-3144,경기도 시흥시청,20260224
매화220,1,,,,,2011,,031-310-3144,경기도 시흥시청,20260224
매화221,1,,,,,2011,,031-310-3144,경기도 시흥시청,20260224
매화222,1,,,,,2011,,031-310-3144,경기도 시흥시청,20260224
매화223,1,,,,,2011,,031-310-3144,경기도 시흥시청,20260224
목감323,1,,,,,2011,,031-310-3144,경기도 시흥시청,20260224
목감324,1,,,,,2011,,031-310-3144,경기도 시흥시청,20260224
목감346,1,,,,,2011,,031-310-3144,경기도 시흥시청,20260224
목감347,1,,,,,2011,,031-310-3144,경기도 시흥시청,20260224
목감344,1,,,,,2011,,031-310-3144,경기도 시흥시청,20260224
목감285,1,,,,,2011,,031-310-3144,경기도 시흥시청,20260224
매화304,1,,,,,2011,,031-310-3144,경기도 시흥시청,20260224
매화305,1,,,,,2011,,031-310-3144,경기도 시흥시청,20260224
매화306,1,,,,,2011,,031-310-3144,경기도 시흥시청,20260224
목감287,1,,,,,2011,,031-310-3144,경기도 시흥시청,20260224
목감288,1,,,,,2011,,031-310-3144,경기도 시흥시청,20260224
목감291,1,,,,,2011,,031-310-3144,경기도 시흥시청,20260224
목감292,1,,,,,2011,,031-310-3144,경기도 시흥시청,20260224
목감동n250,1,,,,,2011,,031-310-3144,경기도 시흥시청,20260224
목감295,1,,,,,2011,,031-310-3144,경기도 시흥시청,20260224
목감299,1,,,,,2011,,031-310-3144,경기도 시흥시청,20260224
목감300,1,,,,,2011,,031-310-3144,경기도 시흥시청,20260224
매화310,1,,,,,2011,,031-310-3144,경기도 시흥시청,20260224
목감352,1,,,,,2011,,031-310-3144,경기도 시흥시청,20260224
목감351,1,,,,,2011,,031-310-3144,경기도 시흥시청,20260224
매화312,1,,,,,2011,,031-310-3144,경기도 시흥시청,20260224
목감동22026,1,,,,,2011,,031-310-3144,경기도 시흥시청,20260224
군자494,1,,,,,2011,,031-310-3144,경기도 시흥시청,20260224
군자493(사유지미교체),1,,,,,2011,,031-310-3144,경기도 시흥시청,20260224
군자526,1,,,,,2011,,031-310-3144,경기도 시흥시청,20260224
목감038,1,,,,,2011,,031-310-3144,경기도 시흥시청,20260224
목감039,1,,,,,2011,,031-310-3144,경기도 시흥시청,20260224
매화160,1,,,,,2011,,031-310-3144,경기도 시흥시청,20260224
매화161,1,,,,,2011,,031-310-3144,경기도 시흥시청,20260224
목감040,1,,,,,2011,,031-310-3144,경기도 시흥시청,20260224
목감041,1,,,,,2011,,031-310-3144,경기도 시흥시청,20260224
매화162,1,,,,,2011,,031-310-3144,경기도 시흥시청,20260224
목감042,1,,,,,2011,,031-310-3144,경기도 시흥시청,20260224
목감043,1,,,,,2011,,031-310-3144,경기도 시흥시청,20260224
목감044,1,,,,,2011,,031-310-3144,경기도 시흥시청,20260224
목감045,1,,,,,2011,,031-310-3144,경기도 시흥시청,20260224
목감113,1,,,,,2011,,031-310-3144,경기도 시흥시청,20260224
목감동N128,1,,,,,2011,,031-310-3144,경기도 시흥시청,20260224
매화167,1,,,,,2011,,031-310-3144,경기도 시흥시청,20260224
목감163,1,,,,,2011,,031-310-3144,경기도 시흥시청,20260224
목감192,1,,,,,2011,,031-310-3144,경기도 시흥시청,20260224
목감193,1,,,,,2011,,031-310-3144,경기도 시흥시청,20260224
목감166,1,,,,,2011,,031-310-3144,경기도 시흥시청,20260224
목감194,1,,,,,2011,,031-310-3144,경기도 시흥시청,20260224
목감196,1,,,,,2011,,031-310-3144,경기도 시흥시청,20260224
목감169,1,,,,,2011,,031-310-3144,경기도 시흥시청,20260224
목감170,1,,,,,2011,,031-310-3144,경기도 시흥시청,20260224
목감173,1,,,,,2011,,031-310-3144,경기도 시흥시청,20260224
목감307,1,,,,,2011,,031-310-3144,경기도 시흥시청,20260224
목감310,1,,,,,2011,,031-310-3144,경기도 시흥시청,20260224
목감311,1,,,,,2011,,031-310-3144,경기도 시흥시청,20260224
목감179,1,,,,,2011,,031-310-3144,경기도 시흥시청,20260224
목감313,1,,,,,2011,,031-310-3144,경기도 시흥시청,20260224
목감314,1,,,,,2011,,031-310-3144,경기도 시흥시청,20260224
목감319,1,,,,,2011,,031-310-3144,경기도 시흥시청,20260224
목감336,1,,,,,2011,,031-310-3144,경기도 시흥시청,20260224
목감337,1,,,,,2011,,031-310-3144,경기도 시흥시청,20260224
군자149,1,,,,,2011,,031-310-3144,경기도 시흥시청,20260224
군자086,1,,,,,2011,,031-310-3144,경기도 시흥시청,20260224
군자409,1,,,,,2011,,031-310-3144,경기도 시흥시청,20260224
군자411,1,,,,,2011,,031-310-3144,경기도 시흥시청,20260224
목감N211,1,,,,,2011,,031-310-3144,경기도 시흥시청,20260224
매화168,1,,,,,2011,,031-310-3144,경기도 시흥시청,20260224
목감동N212,1,,,,,2011,,031-310-3144,경기도 시흥시청,20260224
목감206,1,,,,,2011,,031-310-3144,경기도 시흥시청,20260224
목감208,1,,,,,2011,,031-310-3144,경기도 시흥시청,20260224
목감209,1,,,,,2011,,031-310-3144,경기도 시흥시청,20260224
목감122,1,,,,,2011,,031-310-3144,경기도 시흥시청,20260224
목감125,1,,,,,2011,,031-310-3144,경기도 시흥시청,20260224
목감210,1,,,,,2011,,031-310-3144,경기도 시흥시청,20260224
목감126,1,,,,,2011,,031-310-3144,경기도 시흥시청,20260224
목감211,1,,,,,2011,,031-310-3144,경기도 시흥시청,20260224
목감127,1,,,,,2011,,031-310-3144,경기도 시흥시청,20260224
목감212,1,,,,,2011,,031-310-3144,경기도 시흥시청,20260224
목감213,1,,,,,2011,,031-310-3144,경기도 시흥시청,20260224
매화170,1,,,,,2011,,031-310-3144,경기도 시흥시청,20260224
목감128,1,,,,,2011,,031-310-3144,경기도 시흥시청,20260224
목감214,1,,,,,2011,,031-310-3144,경기도 시흥시청,20260224
매화172,1,,,,,2011,,031-310-3144,경기도 시흥시청,20260224
목감216,1,,,,,2011,,031-310-3144,경기도 시흥시청,20260224
목감217,1,,,,,2011,,031-310-3144,경기도 시흥시청,20260224
매화176,1,,,,,2011,,031-310-3144,경기도 시흥시청,20260224
매화177,1,,,,,2011,,031-310-3144,경기도 시흥시청,20260224
목감219,1,,,,,2011,,031-310-3144,경기도 시흥시청,20260224
목감220,1,,,,,2011,,031-310-3144,경기도 시흥시청,20260224
매화178,1,,,,,2011,,031-310-3144,경기도 시흥시청,20260224
목감131,1,,,,,2011,,031-310-3144,경기도 시흥시청,20260224
목감221,1,,,,,2011,,031-310-3144,경기도 시흥시청,20260224
목감222,1,,,,,2011,,031-310-3144,경기도 시흥시청,20260224
매화179,1,,,,,2011,,031-310-3144,경기도 시흥시청,20260224
목감223,1,,,,,2011,,031-310-3144,경기도 시흥시청,20260224
목감224,1,,,,,2011,,031-310-3144,경기도 시흥시청,20260224
목감225,1,,,,,2011,,031-310-3144,경기도 시흥시청,20260224
목감226,1,,,,,2011,,031-310-3144,경기도 시흥시청,20260224
목감227,1,,,,,2011,,031-310-3144,경기도 시흥시청,20260224
목감233,1,,,,,2011,,031-310-3144,경기도 시흥시청,20260224
목감234,1,,,,,2011,,031-310-3144,경기도 시흥시청,20260224
목감240,1,,,,,2011,,031-310-3144,경기도 시흥시청,20260224
목감235,1,,,,,2011,,031-310-3144,경기도 시흥시청,20260224
목감236,1,,,,,2011,,031-310-3144,경기도 시흥시청,20260224
목감237,1,,,,,2011,,031-310-3144,경기도 시흥시청,20260224
목감242,1,,,,,2011,,031-310-3144,경기도 시흥시청,20260224
매화194,1,,,,,2011,,031-310-3144,경기도 시흥시청,20260224
매화199,1,,,,,2011,,031-310-3144,경기도 시흥시청,20260224
목감283,1,,,,,2011,,031-310-3144,경기도 시흥시청,20260224
매화301,1,,,,,2011,,031-310-3144,경기도 시흥시청,20260224
매화302,1,,,,,2011,,031-310-3144,경기도 시흥시청,20260224
목감284,1,,,,,2011,,031-310-3144,경기도 시흥시청,20260224
매화303,1,,,,,2011,,031-310-3144,경기도 시흥시청,20260224
과림052,1,,,,,2011,,031-310-3144,경기도 시흥시청,20260224
과림동N215(과림053),1,,,,,2011,,031-310-3144,경기도 시흥시청,20260224
과림163,1,,,,,2011,,031-310-3144,경기도 시흥시청,20260224
과림057,1,,,,,2011,,031-310-3144,경기도 시흥시청,20260224
과림164,1,,,,,2011,,031-310-3144,경기도 시흥시청,20260224
과림058,1,,,,,2011,,031-310-3144,경기도 시흥시청,20260224
과림328,1,,,,,2011,,031-310-3144,경기도 시흥시청,20260224
과림165,1,,,,,2011,,031-310-3144,경기도 시흥시청,20260224
과림166,1,,,,,2011,,031-310-3144,경기도 시흥시청,20260224
과림059,1,,,,,2011,,031-310-3144,경기도 시흥시청,20260224
과림329,1,,,,,2011,,031-310-3144,경기도 시흥시청,20260224
과림167,1,,,,,2011,,031-310-3144,경기도 시흥시청,20260224
과림060,1,,,,,2011,,031-310-3144,경기도 시흥시청,20260224
과림168,1,,,,,2011,,031-310-3144,경기도 시흥시청,20260224
목감243,1,,,,,2011,,031-310-3144,경기도 시흥시청,20260224
목감238,1,,,,,2011,,031-310-3144,경기도 시흥시청,20260224
목감244,1,,,,,2011,,031-310-3144,경기도 시흥시청,20260224
목감239,1,,,,,2011,,031-310-3144,경기도 시흥시청,20260224
목감동N225,1,,,,,2011,,031-310-3144,경기도 시흥시청,20260224
목감248,1,,,,,2011,,031-310-3144,경기도 시흥시청,20260224
목감250,1,,,,,2011,,031-310-3144,경기도 시흥시청,20260224
목감251,1,,,,,2011,,031-310-3144,경기도 시흥시청,20260224
목감255,1,,,,,2011,,031-310-3144,경기도 시흥시청,20260224
목감256,1,,,,,2011,,031-310-3144,경기도 시흥시청,20260224
목감257,1,,,,,2011,,031-310-3144,경기도 시흥시청,20260224
목감258,1,,,,,2011,,031-310-3144,경기도 시흥시청,20260224
목감259,1,,,,,2011,,031-310-3144,경기도 시흥시청,20260224
목감260,1,,,,,2011,,031-310-3144,경기도 시흥시청,20260224
군자548,1,,,,,2011,,031-310-3144,경기도 시흥시청,20260224
매화동22024,1,,,,,2011,,031-310-3144,경기도 시흥시청,20260224
군자422,1,,,,,2011,,031-310-3144,경기도 시흥시청,20260224
군자319,1,,,,,2011,,031-310-3144,경기도 시흥시청,20260224
군자297,1,,,,,2011,,031-310-3144,경기도 시흥시청,20260224
군자320,1,,,,,2011,,031-310-3144,경기도 시흥시청,20260224
군자298,1,,,,,2011,,031-310-3144,경기도 시흥시청,20260224
군자299,1,,,,,2011,,031-310-3144,경기도 시흥시청,20260224
군자369,1,,,,,2011,,031-310-3144,경기도 시흥시청,20260224
군자373,1,,,,,2011,,031-310-3144,경기도 시흥시청,20260224
군자446,1,,,,,2011,,031-310-3144,경기도 시흥시청,20260224
군자384,1,,,,,2011,,031-310-3144,경기도 시흥시청,20260224
군자동19U034[점상]0,1,,,,,2011,,031-310-3144,경기도 시흥시청,20260224
군자동N109,1,,,,,2011,,031-310-3144,경기도 시흥시청,20260224
군자293,1,,,,,2011,,031-310-3144,경기도 시흥시청,20260224
군자370,1,,,,,2011,,031-310-3144,경기도 시흥시청,20260224
군자366,1,,,,,2011,,031-310-3144,경기도 시흥시청,20260224
군자367,1,,,,,2011,,031-310-3144,경기도 시흥시청,20260224
군자368,1,,,,,2011,,031-310-3144,경기도 시흥시청,20260224
군자462,1,,,,,2011,,031-310-3144,경기도 시흥시청,20260224
월곶동N034,1,,,,,2011,,031-310-3144,경기도 시흥시청,20260224
월곶동N091,1,,,,,2011,,031-310-3144,경기도 시흥시청,20260224
군자053,1,,,,,2011,,031-310-3144,경기도 시흥시청,20260224
과림071,1,,,,,2011,,031-310-3144,경기도 시흥시청,20260224
과림171,1,,,,,2011,,031-310-3144,경기도 시흥시청,20260224
과림073,1,,,,,2011,,031-310-3144,경기도 시흥시청,20260224
과림174,1,,,,,2011,,031-310-3144,경기도 시흥시청,20260224
과림339,1,,,,,2011,,031-310-3144,경기도 시흥시청,20260224
과림340,1,,,,,2011,,031-310-3144,경기도 시흥시청,20260224
과림341,1,,,,,2011,,031-310-3144,경기도 시흥시청,20260224
과림077,1,,,,,2011,,031-310-3144,경기도 시흥시청,20260224
과림175,1,,,,,2011,,031-310-3144,경기도 시흥시청,20260224
과림176,1,,,,,2011,,031-310-3144,경기도 시흥시청,20260224
과림343,1,,,,,2011,,031-310-3144,경기도 시흥시청,20260224
과림178,1,,,,,2011,,031-310-3144,경기도 시흥시청,20260224
과림079,1,,,,,2011,,031-310-3144,경기도 시흥시청,20260224
과림344,1,,,,,2011,,031-310-3144,경기도 시흥시청,20260224
과림080,1,,,,,2011,,031-310-3144,경기도 시흥시청,20260224
과림347,1,,,,,2011,,031-310-3144,경기도 시흥시청,20260224
과림181,1,,,,,2011,,031-310-3144,경기도 시흥시청,20260224
과림082,1,,,,,2011,,031-310-3144,경기도 시흥시청,20260224
과림349,1,,,,,2011,,031-310-3144,경기도 시흥시청,20260224
과림185,1,,,,,2011,,031-310-3144,경기도 시흥시청,20260224
과림351,1,,,,,2011,,031-310-3144,경기도 시흥시청,20260224
과림085,1,,,,,2011,,031-310-3144,경기도 시흥시청,20260224
과림352,1,,,,,2011,,031-310-3144,경기도 시흥시청,20260224
과림086,1,,,,,2011,,031-310-3144,경기도 시흥시청,20260224
과림087,1,,,,,2011,,031-310-3144,경기도 시흥시청,20260224
과림569,1,,,,,2011,,031-310-3144,경기도 시흥시청,20260224
과림567,1,,,,,2011,,031-310-3144,경기도 시흥시청,20260224
과림564,1,,,,,2011,,031-310-3144,경기도 시흥시청,20260224
과림565,1,,,,,2011,,031-310-3144,경기도 시흥시청,20260224
과림600,1,,,,,2011,,031-310-3144,경기도 시흥시청,20260224
과림613,1,,,,,2011,,031-310-3144,경기도 시흥시청,20260224
과림614,1,,,,,2011,,031-310-3144,경기도 시흥시청,20260224
과림616,1,,,,,2011,,031-310-3144,경기도 시흥시청,20260224
과림470,1,,,,,2011,,031-310-3144,경기도 시흥시청,20260224
과림471,1,,,,,2011,,031-310-3144,경기도 시흥시청,20260224
과림472,1,,,,,2011,,031-310-3144,경기도 시흥시청,20260224
과림474,1,,,,,2011,,031-310-3144,경기도 시흥시청,20260224
과림477,1,,,,,2011,,031-310-3144,경기도 시흥시청,20260224
과림동22042,1,,,,,2011,,031-310-3144,경기도 시흥시청,20260224
과림443,1,,,,,2011,,031-310-3144,경기도 시흥시청,20260224
과림444,1,,,,,2011,,031-310-3144,경기도 시흥시청,20260224
과림445,1,,,,,2011,,031-310-3144,경기도 시흥시청,20260224
과림452,1,,,,,2011,,031-310-3144,경기도 시흥시청,20260224
과림460,1,,,,,2011,,031-310-3144,경기도 시흥시청,20260224
과림462,1,,,,,2011,,031-310-3144,경기도 시흥시청,20260224
과림451,1,,,,,2011,,031-310-3144,경기도 시흥시청,20260224
과림453,1,,,,,2011,,031-310-3144,경기도 시흥시청,20260224
과림454,1,,,,,2011,,031-310-3144,경기도 시흥시청,20260224
과림448,1,,,,,2011,,031-310-3144,경기도 시흥시청,20260224
과림049,1,,,,,2011,,031-310-3144,경기도 시흥시청,20260224
과림050,1,,,,,2011,,031-310-3144,경기도 시흥시청,20260224
과림051,1,,,,,2011,,031-310-3144,경기도 시흥시청,20260224
과림192,1,,,,,2011,,031-310-3144,경기도 시흥시청,20260224
과림092,1,,,,,2011,,031-310-3144,경기도 시흥시청,20260224
과림194,1,,,,,2011,,031-310-3144,경기도 시흥시청,20260224
과림197,1,,,,,2011,,031-310-3144,경기도 시흥시청,20260224
과림355,1,,,,,2011,,031-310-3144,경기도 시흥시청,20260224
과림096,1,,,,,2011,,031-310-3144,경기도 시흥시청,20260224
과림357,1,,,,,2011,,031-310-3144,경기도 시흥시청,20260224
과림358,1,,,,,2011,,031-310-3144,경기도 시흥시청,20260224
과림359,1,,,,,2011,,031-310-3144,경기도 시흥시청,20260224
과림204,1,,,,,2011,,031-310-3144,경기도 시흥시청,20260224
과림205,1,,,,,2011,,031-310-3144,경기도 시흥시청,20260224
과림365,1,,,,,2011,,031-310-3144,경기도 시흥시청,20260224
과림366,1,,,,,2011,,031-310-3144,경기도 시흥시청,20260224
과림207,1,,,,,2011,,031-310-3144,경기도 시흥시청,20260224
과림367,1,,,,,2011,,031-310-3144,경기도 시흥시청,20260224
과림208,1,,,,,2011,,031-310-3144,경기도 시흥시청,20260224
과림368,1,,,,,2011,,031-310-3144,경기도 시흥시청,20260224
과림209,1,,,,,2011,,031-310-3144,경기도 시흥시청,20260224
과림369,1,,,,,2011,,031-310-3144,경기도 시흥시청,20260224
과림210,1,,,,,2011,,031-310-3144,경기도 시흥시청,20260224
과림211,1,,,,,2011,,031-310-3144,경기도 시흥시청,20260224
과림406,1,,,,,2011,,031-310-3144,경기도 시흥시청,20260224
과림407,1,,,,,2011,,031-310-3144,경기도 시흥시청,20260224
과림372,1,,,,,2011,,031-310-3144,경기도 시흥시청,20260224
과림동n281,1,,,,,2011,,031-310-3144,경기도 시흥시청,20260224
과림214,1,,,,,2011,,031-310-3144,경기도 시흥시청,20260224
과림373,1,,,,,2011,,031-310-3144,경기도 시흥시청,20260224
과림409,1,,,,,2011,,031-310-3144,경기도 시흥시청,20260224
과림374,1,,,,,2011,,031-310-3144,경기도 시흥시청,20260224
과림215,1,,,,,2011,,031-310-3144,경기도 시흥시청,20260224
과림375,1,,,,,2011,,031-310-3144,경기도 시흥시청,20260224
과림376,1,,,,,2011,,031-310-3144,경기도 시흥시청,20260224
과림377,1,,,,,2011,,031-310-3144,경기도 시흥시청,20260224
과림동N222,1,,,,,2011,,031-310-3144,경기도 시흥시청,20260224
과림378,1,,,,,2011,,031-310-3144,경기도 시흥시청,20260224
과림414,1,,,,,2011,,031-310-3144,경기도 시흥시청,20260224
과림330,1,,,,,2011,,031-310-3144,경기도 시흥시청,20260224
과림061,1,,,,,2011,,031-310-3144,경기도 시흥시청,20260224
과림331,1,,,,,2011,,031-310-3144,경기도 시흥시청,20260224
과림332,1,,,,,2011,,031-310-3144,경기도 시흥시청,20260224
과림333,1,,,,,2011,,031-310-3144,경기도 시흥시청,20260224
과림334,1,,,,,2011,,031-310-3144,경기도 시흥시청,20260224
과림동N196,1,,,,,2011,,031-310-3144,경기도 시흥시청,20260224
과림336,1,,,,,2011,,031-310-3144,경기도 시흥시청,20260224
과림064,1,,,,,2011,,031-310-3144,경기도 시흥시청,20260224
과림337,1,,,,,2011,,031-310-3144,경기도 시흥시청,20260224
과림338,1,,,,,2011,,031-310-3144,경기도 시흥시청,20260224
과림169,1,,,,,2011,,031-310-3144,경기도 시흥시청,20260224
과림067,1,,,,,2011,,031-310-3144,경기도 시흥시청,20260224
과림068,1,,,,,2011,,031-310-3144,경기도 시흥시청,20260224
과림069,1,,,,,2011,,031-310-3144,경기도 시흥시청,20260224
과림070,1,,,,,2011,,031-310-3144,경기도 시흥시청,20260224
과림483,1,,,,,2011,,031-310-3144,경기도 시흥시청,20260224
과림273,1,,,,,2011,,031-310-3144,경기도 시흥시청,20260224
과림274,1,,,,,2011,,031-310-3144,경기도 시흥시청,20260224
과림275,1,,,,,2011,,031-310-3144,경기도 시흥시청,20260224
과림276,1,,,,,2011,,031-310-3144,경기도 시흥시청,20260224
과림484,1,,,,,2011,,031-310-3144,경기도 시흥시청,20260224
과림277,1,,,,,2011,,031-310-3144,경기도 시흥시청,20260224
과림485,1,,,,,2011,,031-310-3144,경기도 시흥시청,20260224
과림486,1,,,,,2011,,031-310-3144,경기도 시흥시청,20260224
과림487,1,,,,,2011,,031-310-3144,경기도 시흥시청,20260224
은행326,1,,,,,2011,,031-310-3144,경기도 시흥시청,20260224
은행321,1,,,,,2011,,031-310-3144,경기도 시흥시청,20260224
은행318,1,,,,,2011,,031-310-3144,경기도 시흥시청,20260224
은행317,1,,,,,2011,,031-310-3144,경기도 시흥시청,20260224
은행316,1,,,,,2011,,031-310-3144,경기도 시흥시청,20260224
은행186,1,,,,,2011,,031-310-3144,경기도 시흥시청,20260224
대야157,1,,,,,2011,,031-310-3144,경기도 시흥시청,20260224
대야162,1,,,,,2011,,031-310-3144,경기도 시흥시청,20260224
대야161,1,,,,,2011,,031-310-3144,경기도 시흥시청,20260224
대야160,1,,,,,2011,,031-310-3144,경기도 시흥시청,20260224
과림379,1,,,,,2011,,031-310-3144,경기도 시흥시청,20260224
과림380,1,,,,,2011,,031-310-3144,경기도 시흥시청,20260224
과림219,1,,,,,2011,,031-310-3144,경기도 시흥시청,20260224
과림381,1,,,,,2011,,031-310-3144,경기도 시흥시청,20260224
과림221,1,,,,,2011,,031-310-3144,경기도 시흥시청,20260224
과림382,1,,,,,2011,,031-310-3144,경기도 시흥시청,20260224
과림222,1,,,,,2011,,031-310-3144,경기도 시흥시청,20260224
과림386,1,,,,,2011,,031-310-3144,경기도 시흥시청,20260224
과림223,1,,,,,2011,,031-310-3144,경기도 시흥시청,20260224
과림224,1,,,,,2011,,031-310-3144,경기도 시흥시청,20260224
과림387,1,,,,,2011,,031-310-3144,경기도 시흥시청,20260224
과림418,1,,,,,2011,,031-310-3144,경기도 시흥시청,20260224
과림420,1,,,,,2011,,031-310-3144,경기도 시흥시청,20260224
과림228,1,,,,,2011,,031-310-3144,경기도 시흥시청,20260224
과림422,1,,,,,2011,,031-310-3144,경기도 시흥시청,20260224
과림390,1,,,,,2011,,031-310-3144,경기도 시흥시청,20260224
과림425,1,,,,,2011,,031-310-3144,경기도 시흥시청,20260224
과림391,1,,,,,2011,,031-310-3144,경기도 시흥시청,20260224
과림426,1,,,,,2011,,031-310-3144,경기도 시흥시청,20260224
과림392,1,,,,,2011,,031-310-3144,경기도 시흥시청,20260224
과림427,1,,,,,2011,,031-310-3144,경기도 시흥시청,20260224
과림233,1,,,,,2011,,031-310-3144,경기도 시흥시청,20260224
과림393,1,,,,,2011,,031-310-3144,경기도 시흥시청,20260224
과림431,1,,,,,2011,,031-310-3144,경기도 시흥시청,20260224
과림397,1,,,,,2011,,031-310-3144,경기도 시흥시청,20260224
과림432,1,,,,,2011,,031-310-3144,경기도 시흥시청,20260224
과림354,1,,,,,2011,,031-310-3144,경기도 시흥시청,20260224
과림186,1,,,,,2011,,031-310-3144,경기도 시흥시청,20260224
과림089,1,,,,,2011,,031-310-3144,경기도 시흥시청,20260224
과림090,1,,,,,2011,,031-310-3144,경기도 시흥시청,20260224
과림091,1,,,,,2011,,031-310-3144,경기도 시흥시청,20260224
목감083,1,,,,,2011,,031-310-3144,경기도 시흥시청,20260224
목감084,1,,,,,2011,,031-310-3144,경기도 시흥시청,20260224
목감085,1,,,,,2011,,031-310-3144,경기도 시흥시청,20260224
목감086,1,,,,,2011,,031-310-3144,경기도 시흥시청,20260224
목감087,1,,,,,2011,,031-310-3144,경기도 시흥시청,20260224
목감091,1,,,,,2011,,031-310-3144,경기도 시흥시청,20260224
과림245,1,,,,,2011,,031-310-3144,경기도 시흥시청,20260224
과림246,1,,,,,2011,,031-310-3144,경기도 시흥시청,20260224
과림247,1,,,,,2011,,031-310-3144,경기도 시흥시청,20260224
과림463,1,,,,,2011,,031-310-3144,경기도 시흥시청,20260224
대야동21U063,1,,,,,2011,,031-310-3144,경기도 시흥시청,20260224
대야180,1,,,,,2011,,031-310-3144,경기도 시흥시청,20260224
대야179,1,,,,,2011,,031-310-3144,경기도 시흥시청,20260224
대야175,1,,,,,2011,,031-310-3144,경기도 시흥시청,20260224
대야173,1,,,,,2011,,031-310-3144,경기도 시흥시청,20260224
과림283,1,,,,,2011,,031-310-3144,경기도 시흥시청,20260224
과림528,1,,,,,2011,,031-310-3144,경기도 시흥시청,20260224
과림490,1,,,,,2011,,031-310-3144,경기도 시흥시청,20260224
과림280,1,,,,,2011,,031-310-3144,경기도 시흥시청,20260224
과림525,1,,,,,2011,,031-310-3144,경기도 시흥시청,20260224
과림489,1,,,,,2011,,031-310-3144,경기도 시흥시청,20260224
과림279,1,,,,,2011,,031-310-3144,경기도 시흥시청,20260224
과림488,1,,,,,2011,,031-310-3144,경기도 시흥시청,20260224
과림479,1,,,,,2011,,031-310-3144,경기도 시흥시청,20260224
과림043,1,,,,,2011,,031-310-3144,경기도 시흥시청,20260224
과림148,1,,,,,2011,,031-310-3144,경기도 시흥시청,20260224
과림149,1,,,,,2011,,031-310-3144,경기도 시흥시청,20260224
과림045,1,,,,,2011,,031-310-3144,경기도 시흥시청,20260224
과림046,1,,,,,2011,,031-310-3144,경기도 시흥시청,20260224
과림048,1,,,,,2011,,031-310-3144,경기도 시흥시청,20260224
과림157,1,,,,,2011,,031-310-3144,경기도 시흥시청,20260224
과림158,1,,,,,2011,,031-310-3144,경기도 시흥시청,20260224
과림159,1,,,,,2011,,031-310-3144,경기도 시흥시청,20260224
은행255,1,,,,,2011,,031-310-3144,경기도 시흥시청,20260224
과림028,1,,,,,2011,,031-310-3144,경기도 시흥시청,20260224
과림152,1,,,,,2011,,031-310-3144,경기도 시흥시청,20260224
과림151,1,,,,,2011,,031-310-3144,경기도 시흥시청,20260224
과림150,1,,,,,2011,,031-310-3144,경기도 시흥시청,20260224
과림동N227,1,,,,,2011,,031-310-3144,경기도 시흥시청,20260224
과림동22049,1,,,,,2011,,031-310-3144,경기도 시흥시청,20260224
은행131,1,,,,,2011,,031-310-3144,경기도 시흥시청,20260224
은행078,1,,,,,2011,,031-310-3144,경기도 시흥시청,20260224
은행083(보안등번호 898),1,,,,,2011,,031-310-3144,경기도 시흥시청,20260224
은행098,1,,,,,2011,,031-310-3144,경기도 시흥시청,20260224
은행171,1,,,,,2011,,031-310-3144,경기도 시흥시청,20260224
은행198,1,,,,,2011,,031-310-3144,경기도 시흥시청,20260224
은행313,1,,,,,2011,,031-310-3144,경기도 시흥시청,20260224
과림480,1,,,,,2011,,031-310-3144,경기도 시흥시청,20260224
과림481,1,,,,,2011,,031-310-3144,경기도 시흥시청,20260224
과림492,1,,,,,2011,,031-310-3144,경기도 시흥시청,20260224
과림271,1,,,,,2011,,031-310-3144,경기도 시흥시청,20260224
과림272,1,,,,,2011,,031-310-3144,경기도 시흥시청,20260224
과림258,1,,,,,2011,,031-310-3144,경기도 시흥시청,20260224
과림468,1,,,,,2011,,031-310-3144,경기도 시흥시청,20260224
과림259,1,,,,,2011,,031-310-3144,경기도 시흥시청,20260224
과림506,1,,,,,2011,,031-310-3144,경기도 시흥시청,20260224
과림469,1,,,,,2011,,031-310-3144,경기도 시흥시청,20260224
과림263,1,,,,,2011,,031-310-3144,경기도 시흥시청,20260224
과림264,1,,,,,2011,,031-310-3144,경기도 시흥시청,20260224
과림512,1,,,,,2011,,031-310-3144,경기도 시흥시청,20260224
과림265,1,,,,,2011,,031-310-3144,경기도 시흥시청,20260224
과림476,1,,,,,2011,,031-310-3144,경기도 시흥시청,20260224
과림514,1,,,,,2011,,031-310-3144,경기도 시흥시청,20260224
과림267,1,,,,,2011,,031-310-3144,경기도 시흥시청,20260224
과림515,1,,,,,2011,,031-310-3144,경기도 시흥시청,20260224
과림516,1,,,,,2011,,031-310-3144,경기도 시흥시청,20260224
과림269,1,,,,,2011,,031-310-3144,경기도 시흥시청,20260224
과림517,1,,,,,2011,,031-310-3144,경기도 시흥시청,20260224
과림478,1,,,,,2011,,031-310-3144,경기도 시흥시청,20260224
과림270,1,,,,,2011,,031-310-3144,경기도 시흥시청,20260224
과림284,1,,,,,2011,,031-310-3144,경기도 시흥시청,20260224
과림491,1,,,,,2011,,031-310-3144,경기도 시흥시청,20260224
과림530,1,,,,,2011,,031-310-3144,경기도 시흥시청,20260224
과림531,1,,,,,2011,,031-310-3144,경기도 시흥시청,20260224
과림동n251,1,,,,,2011,,031-310-3144,경기도 시흥시청,20260224
과림532,1,,,,,2011,,031-310-3144,경기도 시흥시청,20260224
과림287,1,,,,,2011,,031-310-3144,경기도 시흥시청,20260224
과림533,1,,,,,2011,,031-310-3144,경기도 시흥시청,20260224
군자동19U157[점상],1,,,,,2011,,031-310-3144,경기도 시흥시청,20260224
군자동19U229[점상],1,,,,,2011,,031-310-3144,경기도 시흥시청,20260224
목감092,1,,,,,2011,,031-310-3144,경기도 시흥시청,20260224
목감094,1,,,,,2011,,031-310-3144,경기도 시흥시청,20260224
목감105,1,,,,,2011,,031-310-3144,경기도 시흥시청,20260224
목감151[LED 변경 검토],1,,,,,2011,,031-310-3144,경기도 시흥시청,20260224
목감152[LEd 변경검토],1,,,,,2011,,031-310-3144,경기도 시흥시청,20260224
목감026,1,,,,,2011,,031-310-3144,경기도 시흥시청,20260224
목감157,1,,,,,2011,,031-310-3144,경기도 시흥시청,20260224
군자001,1,,,,,2011,,031-310-3144,경기도 시흥시청,20260224
군자218,1,,,,,2011,,031-310-3144,경기도 시흥시청,20260224
군자028,1,,,,,2011,,031-310-3144,경기도 시흥시청,20260224
군자029,1,,,,,2011,,031-310-3144,경기도 시흥시청,20260224
군자129,1,,,,,2011,,031-310-3144,경기도 시흥시청,20260224
군자230,1,,,,,2011,,031-310-3144,경기도 시흥시청,20260224
목감003,1,,,,,2011,,031-310-3144,경기도 시흥시청,20260224
목감006,1,,,,,2011,,031-310-3144,경기도 시흥시청,20260224
목감007,1,,,,,2011,,031-310-3144,경기도 시흥시청,20260224
목감008,1,,,,,2011,,031-310-3144,경기도 시흥시청,20260224
목감061,1,,,,,2011,,031-310-3144,경기도 시흥시청,20260224
목감062,1,,,,,2011,,031-310-3144,경기도 시흥시청,20260224
목감010,1,,,,,2011,,031-310-3144,경기도 시흥시청,20260224
목감017,1,,,,,2011,,031-310-3144,경기도 시흥시청,20260224
목감076,1,,,,,2011,,031-310-3144,경기도 시흥시청,20260224
목감078,1,,,,,2011,,031-310-3144,경기도 시흥시청,20260224
목감079,1,,,,,2011,,031-310-3144,경기도 시흥시청,20260224
과림249,1,,,,,2011,,031-310-3144,경기도 시흥시청,20260224
과림503,1,,,,,2011,,031-310-3144,경기도 시흥시청,20260224
과림250,1,,,,,2011,,031-310-3144,경기도 시흥시청,20260224
과림504,1,,,,,2011,,031-310-3144,경기도 시흥시청,20260224
과림464,1,,,,,2011,,031-310-3144,경기도 시흥시청,20260224
과림251,1,,,,,2011,,031-310-3144,경기도 시흥시청,20260224
과림252,1,,,,,2011,,031-310-3144,경기도 시흥시청,20260224
과림253,1,,,,,2011,,031-310-3144,경기도 시흥시청,20260224
과림465,1,,,,,2011,,031-310-3144,경기도 시흥시청,20260224
과림254,1,,,,,2011,,031-310-3144,경기도 시흥시청,20260224
과림255,1,,,,,2011,,031-310-3144,경기도 시흥시청,20260224
과림467,1,,,,,2011,,031-310-3144,경기도 시흥시청,20260224
과림256,1,,,,,2011,,031-310-3144,경기도 시흥시청,20260224
과림507,1,,,,,2011,,031-310-3144,경기도 시흥시청,20260224
신천동19S561,1,,,,,2019,,031-310-3144,경기도 시흥시청,20260224
신천동19S582,1,,,,,2019,,031-310-3144,경기도 시흥시청,20260224
신천동19S576,1,,,,,2019,,031-310-3144,경기도 시흥시청,20260224
신천동19S577,1,,,,,2019,,031-310-3144,경기도 시흥시청,20260224
신천동19S578,1,,,,,2019,,031-310-3144,경기도 시흥시청,20260224
신천동19S579,1,,,,,2019,,031-310-3144,경기도 시흥시청,20260224
신천동19S580,1,,,,,2019,,031-310-3144,경기도 시흥시청,20260224
신천동19S551,1,,,,,2019,,031-310-3144,경기도 시흥시청,20260224
신천동19S621,1,,,,,2019,,031-310-3144,경기도 시흥시청,20260224
신천동19S585,1,,,,,2019,,031-310-3144,경기도 시흥시청,20260224
신천동19S583,1,,,,,2019,,031-310-3144,경기도 시흥시청,20260224
신천동19S596,1,,,,,2019,,031-310-3144,경기도 시흥시청,20260224
신천동19S594,1,,,,,2019,,031-310-3144,경기도 시흥시청,20260224
신천동19S710,1,,,,,2019,,031-310-3144,경기도 시흥시청,20260224
신천동19S713,1,,,,,2019,,031-310-3144,경기도 시흥시청,20260224
신천동19S714,1,,,,,2019,,031-310-3144,경기도 시흥시청,20260224
신천동19S715,1,,,,,2019,,031-310-3144,경기도 시흥시청,20260224
신천동19S716,1,,,,,2019,,031-310-3144,경기도 시흥시청,20260224
신천동19S717,1,,,,,2019,,031-310-3144,경기도 시흥시청,20260224
신천동19S697,1,,,,,2019,,031-310-3144,경기도 시흥시청,20260224
신천동19S693,1,,,,,2019,,031-310-3144,경기도 시흥시청,20260224
신천동19S692,1,,,,,2019,,031-310-3144,경기도 시흥시청,20260224
신천동19S689,1,,,,,2019,,031-310-3144,경기도 시흥시청,20260224
신천동19S688,1,,,,,2019,,031-310-3144,경기도 시흥시청,20260224
신천동19S698,1,,,,,2019,,031-310-3144,경기도 시흥시청,20260224
신천동19S699,1,,,,,2019,,031-310-3144,경기도 시흥시청,20260224
신천동19S700,1,,,,,2019,,031-310-3144,경기도 시흥시청,20260224
신천동19S702,1,,,,,2019,,031-310-3144,경기도 시흥시청,20260224
신천동19S703,1,,,,,2019,,031-310-3144,경기도 시흥시청,20260224
신천동19S707,1,,,,,2019,,031-310-3144,경기도 시흥시청,20260224
신천동19S706,1,,,,,2019,,031-310-3144,경기도 시흥시청,20260224
신천동19S705,1,,,,,2019,,031-310-3144,경기도 시흥시청,20260224
신천동19S709,1,,,,,2019,,031-310-3144,경기도 시흥시청,20260224
신천동19S721,1,,,,,2019,,031-310-3144,경기도 시흥시청,20260224
신천동19S732,1,,,,,2019,,031-310-3144,경기도 시흥시청,20260224
신천동19S731,1,,,,,2019,,031-310-3144,경기도 시흥시청,20260224
신천동19S730,1,,,,,2019,,031-310-3144,경기도 시흥시청,20260224
신천동19S725,1,,,,,2019,,031-310-3144,경기도 시흥시청,20260224
신천동19S727,1,,,,,2019,,031-310-3144,경기도 시흥시청,20260224
신천동19S719,1,,,,,2019,,031-310-3144,경기도 시흥시청,20260224
신천동19S643,1,,,,,2019,,031-310-3144,경기도 시흥시청,20260224
신천동19S642,1,,,,,2019,,031-310-3144,경기도 시흥시청,20260224
신천동19S679,1,,,,,2019,,031-310-3144,경기도 시흥시청,20260224
신천동19S695,1,,,,,2019,,031-310-3144,경기도 시흥시청,20260224
신천동19S696,1,,,,,2019,,031-310-3144,경기도 시흥시청,20260224
신천동19S676,1,,,,,2019,,031-310-3144,경기도 시흥시청,20260224
신천동19S675,1,,,,,2019,,031-310-3144,경기도 시흥시청,20260224
신천동19S673,1,,,,,2019,,031-310-3144,경기도 시흥시청,20260224
신천동19S670,1,,,,,2019,,031-310-3144,경기도 시흥시청,20260224
신천동19S671,1,,,,,2019,,031-310-3144,경기도 시흥시청,20260224
신천동19S617,1,,,,,2019,,031-310-3144,경기도 시흥시청,20260224
신천동19S618,1,,,,,2019,,031-310-3144,경기도 시흥시청,20260224
신천동19S612,1,,,,,2019,,031-310-3144,경기도 시흥시청,20260224
신천동19S570,1,,,,,2019,,031-310-3144,경기도 시흥시청,20260224
신천동19S589,1,,,,,2019,,031-310-3144,경기도 시흥시청,20260224
신천동19S556,1,,,,,2019,,031-310-3144,경기도 시흥시청,20260224
신천동19S613,1,,,,,2019,,031-310-3144,경기도 시흥시청,20260224
신천동19S564,1,,,,,2019,,031-310-3144,경기도 시흥시청,20260224
신현동N161,1,,,,,2019,,031-310-3144,경기도 시흥시청,20260224
신현동N162,1,,,,,2019,,031-310-3144,경기도 시흥시청,20260224
신현동N163,1,,,,,2019,,031-310-3144,경기도 시흥시청,20260224
신현동N164,1,,,,,2019,,031-310-3144,경기도 시흥시청,20260224
신천동19S597,1,,,,,2019,,031-310-3144,경기도 시흥시청,20260224
신천동19S610,1,,,,,2019,,031-310-3144,경기도 시흥시청,20260224
신천동19S619,1,,,,,2019,,031-310-3144,경기도 시흥시청,20260224
신천동19S506,1,,,,,2019,,031-310-3144,경기도 시흥시청,20260224
신천동19S509,1,,,,,2019,,031-310-3144,경기도 시흥시청,20260224
신천동19S510,1,,,,,2019,,031-310-3144,경기도 시흥시청,20260224
신천동19S501,1,,,,,2019,,031-310-3144,경기도 시흥시청,20260224
신천동19S512,1,,,,,2019,,031-310-3144,경기도 시흥시청,20260224
신천동19S548,1,,,,,2019,,031-310-3144,경기도 시흥시청,20260224
신천동19S523,1,,,,,2019,,031-310-3144,경기도 시흥시청,20260224
신천동19S525,1,,,,,2019,,031-310-3144,경기도 시흥시청,20260224
신천동19S526,1,,,,,2019,,031-310-3144,경기도 시흥시청,20260224
신천동19S684,1,,,,,2019,,031-310-3144,경기도 시흥시청,20260224
신천동19S645,1,,,,,2019,,031-310-3144,경기도 시흥시청,20260224
신천동19S646,1,,,,,2019,,031-310-3144,경기도 시흥시청,20260224
신천동19S647,1,,,,,2019,,031-310-3144,경기도 시흥시청,20260224
신천동19S651,1,,,,,2019,,031-310-3144,경기도 시흥시청,20260224
신천동19S652,1,,,,,2019,,031-310-3144,경기도 시흥시청,20260224
신천동19S653,1,,,,,2019,,031-310-3144,경기도 시흥시청,20260224
신천동19S654,1,,,,,2019,,031-310-3144,경기도 시흥시청,20260224
신천동19S655,1,,,,,2019,,031-310-3144,경기도 시흥시청,20260224
신천동19S650,1,,,,,2019,,031-310-3144,경기도 시흥시청,20260224
신천동19S739,1,,,,,2019,,031-310-3144,경기도 시흥시청,20260224
신천동19S641,1,,,,,2019,,031-310-3144,경기도 시흥시청,20260224
신천동19S738,1,,,,,2019,,031-310-3144,경기도 시흥시청,20260224
신천동19S668,1,,,,,2019,,031-310-3144,경기도 시흥시청,20260224
신천동19S674,1,,,,,2019,,031-310-3144,경기도 시흥시청,20260224
신천동19S734,1,,,,,2019,,031-310-3144,경기도 시흥시청,20260224
신천동19S701,1,,,,,2019,,031-310-3144,경기도 시흥시청,20260224
신천동19S729,1,,,,,2019,,031-310-3144,경기도 시흥시청,20260224
신천동19S736,1,,,,,2019,,031-310-3144,경기도 시흥시청,20260224
신천동19S629,1,,,,,2019,,031-310-3144,경기도 시흥시청,20260224
신천동19S013,1,,,,,2019,,031-310-3144,경기도 시흥시청,20260224
신천동19S708,1,,,,,2019,,031-310-3144,경기도 시흥시청,20260224
정왕3동N070,1,,,,,2019,,031-310-3144,경기도 시흥시청,20260224
신천동19S557,1,,,,,2019,,031-310-3144,경기도 시흥시청,20260224
신천동19S575,1,,,,,2019,,031-310-3144,경기도 시흥시청,20260224
신천동19S573,1,,,,,2019,,031-310-3144,경기도 시흥시청,20260224
신천동19S568,1,,,,,2019,,031-310-3144,경기도 시흥시청,20260224
신천동19S521,1,,,,,2019,,031-310-3144,경기도 시흥시청,20260224
신천동19S522,1,,,,,2019,,031-310-3144,경기도 시흥시청,20260224
신천동19S519,1,,,,,2019,,031-310-3144,경기도 시흥시청,20260224
신천동19S508,1,,,,,2019,,031-310-3144,경기도 시흥시청,20260224
신천동19S514,1,,,,,2019,,031-310-3144,경기도 시흥시청,20260224
신천동19S518,1,,,,,2019,,031-310-3144,경기도 시흥시청,20260224
신천동19S543,1,,,,,2019,,031-310-3144,경기도 시흥시청,20260224
신천동19S549,1,,,,,2019,,031-310-3144,경기도 시흥시청,20260224
신천동19S544,1,,,,,2019,,031-310-3144,경기도 시흥시청,20260224
신천동19S545,1,,,,,2019,,031-310-3144,경기도 시흥시청,20260224
신천동19S546,1,,,,,2019,,031-310-3144,경기도 시흥시청,20260224
신천동19S547,1,,,,,2019,,031-310-3144,경기도 시흥시청,20260224
신천동19S505,1,,,,,2019,,031-310-3144,경기도 시흥시청,20260224
신천동19S537,1,,,,,2019,,031-310-3144,경기도 시흥시청,20260224
신천동19S538,1,,,,,2019,,031-310-3144,경기도 시흥시청,20260224
신천동19S541,1,,,,,2019,,031-310-3144,경기도 시흥시청,20260224
신천동19S532,1,,,,,2019,,031-310-3144,경기도 시흥시청,20260224
신천동19S515,1,,,,,2019,,031-310-3144,경기도 시흥시청,20260224
군자동19003,1,,,,,2019,,031-310-3144,경기도 시흥시청,20260224
군자동19004,1,,,,,2019,,031-310-3144,경기도 시흥시청,20260224
연성동N060,1,,,,,2019,,031-310-3144,경기도 시흥시청,20260224
신천동19S529,1,,,,,2019,,031-310-3144,경기도 시흥시청,20260224
신천동19S464,1,,,,,2019,,031-310-3144,경기도 시흥시청,20260224
신천동19S430,1,,,,,2019,,031-310-3144,경기도 시흥시청,20260224
신천동19S149-1,1,,,,,2019,,031-310-3144,경기도 시흥시청,20260224
신천동19S438,1,,,,,2019,,031-310-3144,경기도 시흥시청,20260224
신천동19S437,1,,,,,2019,,031-310-3144,경기도 시흥시청,20260224
신천동19S444,1,,,,,2019,,031-310-3144,경기도 시흥시청,20260224
신천동19S457,1,,,,,2019,,031-310-3144,경기도 시흥시청,20260224
신천동19S469,1,,,,,2019,,031-310-3144,경기도 시흥시청,20260224
신천동19S422,1,,,,,2019,,031-310-3144,경기도 시흥시청,20260224
신천동19S472,1,,,,,2019,,031-310-3144,경기도 시흥시청,20260224
신천동19S423,1,,,,,2019,,031-310-3144,경기도 시흥시청,20260224
신천동19S425,1,,,,,2019,,031-310-3144,경기도 시흥시청,20260224
신천동19S593,1,,,,,2019,,031-310-3144,경기도 시흥시청,20260224
신천동19S603,1,,,,,2019,,031-310-3144,경기도 시흥시청,20260224
신천동19S604,1,,,,,2019,,031-310-3144,경기도 시흥시청,20260224
신천동19S607,1,,,,,2019,,031-310-3144,경기도 시흥시청,20260224
신천동19S602,1,,,,,2019,,031-310-3144,경기도 시흥시청,20260224
신천동19S601,1,,,,,2019,,031-310-3144,경기도 시흥시청,20260224
신천동19S605,1,,,,,2019,,031-310-3144,경기도 시흥시청,20260224
신천동19S606,1,,,,,2019,,031-310-3144,경기도 시흥시청,20260224
신천동19S608,1,,,,,2019,,031-310-3144,경기도 시흥시청,20260224
신천동19S616,1,,,,,2019,,031-310-3144,경기도 시흥시청,20260224
신천동19S558,1,,,,,2019,,031-310-3144,경기도 시흥시청,20260224
신천동19S572,1,,,,,2019,,031-310-3144,경기도 시흥시청,20260224
신천동19S588,1,,,,,2019,,031-310-3144,경기도 시흥시청,20260224
신천동19S598,1,,,,,2019,,031-310-3144,경기도 시흥시청,20260224
신천동19S599,1,,,,,2019,,031-310-3144,경기도 시흥시청,20260224
신천동19S615,1,,,,,2019,,031-310-3144,경기도 시흥시청,20260224
군자289,1,,,,,2019,,031-310-3144,경기도 시흥시청,20260224
신천동19S376,1,,,,,2019,,031-310-3144,경기도 시흥시청,20260224
신천동19S383,1,,,,,2019,,031-310-3144,경기도 시흥시청,20260224
신천동19S384,1,,,,,2019,,031-310-3144,경기도 시흥시청,20260224
신천동19S389,1,,,,,2019,,031-310-3144,경기도 시흥시청,20260224
신천동19S426,1,,,,,2019,,031-310-3144,경기도 시흥시청,20260224
신천동19S427,1,,,,,2019,,031-310-3144,경기도 시흥시청,20260224
신천동19S428 - 표찰무,1,,,,,2019,,031-310-3144,경기도 시흥시청,20260224
신천동19S429,1,,,,,2019,,031-310-3144,경기도 시흥시청,20260224
신천동19S433,1,,,,,2019,,031-310-3144,경기도 시흥시청,20260224
신천동19S432,1,,,,,2019,,031-310-3144,경기도 시흥시청,20260224
신천동19S435 - 표찰무,1,,,,,2019,,031-310-3144,경기도 시흥시청,20260224
신천동19S475,1,,,,,2019,,031-310-3144,경기도 시흥시청,20260224
신천동19S436,1,,,,,2019,,031-310-3144,경기도 시흥시청,20260224
신천동19S449,1,,,,,2019,,031-310-3144,경기도 시흥시청,20260224
신천동19S448,1,,,,,2019,,031-310-3144,경기도 시흥시청,20260224
신천동19S447,1,,,,,2019,,031-310-3144,경기도 시흥시청,20260224
신천동19S446,1,,,,,2019,,031-310-3144,경기도 시흥시청,20260224
신천동19S445,1,,,,,2019,,031-310-3144,경기도 시흥시청,20260224
신천동19S442,1,,,,,2019,,031-310-3144,경기도 시흥시청,20260224
신천동19S440,1,,,,,2019,,031-310-3144,경기도 시흥시청,20260224
신천동19S462,1,,,,,2019,,031-310-3144,경기도 시흥시청,20260224
신천동19S461,1,,,,,2019,,031-310-3144,경기도 시흥시청,20260224
신천동19S439,1,,,,,2019,,031-310-3144,경기도 시흥시청,20260224
신천동19S459,1,,,,,2019,,031-310-3144,경기도 시흥시청,20260224
신천동19S456,1,,,,,2019,,031-310-3144,경기도 시흥시청,20260224
신천동19S455,1,,,,,2019,,031-310-3144,경기도 시흥시청,20260224
신천동19S453,1,,,,,2019,,031-310-3144,경기도 시흥시청,20260224
신천동19S451,1,,,,,2019,,031-310-3144,경기도 시흥시청,20260224
신천동19S495,1,,,,,2019,,031-310-3144,경기도 시흥시청,20260224
신천동19S497,1,,,,,2019,,031-310-3144,경기도 시흥시청,20260224
신천동19S498,1,,,,,2019,,031-310-3144,경기도 시흥시청,20260224
신천동19S499,1,,,,,2019,,031-310-3144,경기도 시흥시청,20260224
신천동19S500,1,,,,,2019,,031-310-3144,경기도 시흥시청,20260224
신천동19S494,1,,,,,2019,,031-310-3144,경기도 시흥시청,20260224
신천동19S496,1,,,,,2019,,031-310-3144,경기도 시흥시청,20260224
신천동19S490,1,,,,,2019,,031-310-3144,경기도 시흥시청,20260224
신천동19S492,1,,,,,2019,,031-310-3144,경기도 시흥시청,20260224
신천동19S468,1,,,,,2019,,031-310-3144,경기도 시흥시청,20260224
신천동19S491,1,,,,,2019,,031-310-3144,경기도 시흥시청,20260224
과림동N126,1,,,,,2019,,031-310-3144,경기도 시흥시청,20260224
연성동N059,1,,,,,2019,,031-310-3144,경기도 시흥시청,20260224
월곶동N036,1,,,,,2019,,031-310-3144,경기도 시흥시청,20260224
정왕3동N069,1,,,,,2019,,031-310-3144,경기도 시흥시청,20260224
군자동N102,1,,,,,2019,,031-310-3144,경기도 시흥시청,20260224
신천동19S527,1,,,,,2019,,031-310-3144,경기도 시흥시청,20260224
신천동19S528,1,,,,,2019,,031-310-3144,경기도 시흥시청,20260224
신천동19S535,1,,,,,2019,,031-310-3144,경기도 시흥시청,20260224
신천동19S536,1,,,,,2019,,031-310-3144,경기도 시흥시청,20260224
신천동19S530,1,,,,,2019,,031-310-3144,경기도 시흥시청,20260224
신천동19S533,1,,,,,2019,,031-310-3144,경기도 시흥시청,20260224
대야720,1,,,,,2019,,031-310-3144,경기도 시흥시청,20260224
대야동19S261-1,1,,,,,2019,,031-310-3144,경기도 시흥시청,20260224
대야동16-002,1,,,,,2019,,031-310-3144,경기도 시흥시청,20260224
대야동17007,1,,,,,2019,,031-310-3144,경기도 시흥시청,20260224
매화004,1,,,,,2019,,031-310-3144,경기도 시흥시청,20260224
매화182,1,,,,,2019,,031-310-3144,경기도 시흥시청,20260224
매화190,1,,,,,2019,,031-310-3144,경기도 시흥시청,20260224
매화193,1,,,,,2019,,031-310-3144,경기도 시흥시청,20260224
매화208,1,,,,,2019,,031-310-3144,경기도 시흥시청,20260224
매화268,1,,,,,2019,,031-310-3144,경기도 시흥시청,20260224
매화307,1,,,,,2019,,031-310-3144,경기도 시흥시청,20260224
매화308,1,,,,,2019,,031-310-3144,경기도 시흥시청,20260224
신현동19S169,1,,,,,2019,,031-310-3144,경기도 시흥시청,20260224
신현동19S255,1,,,,,2019,,031-310-3144,경기도 시흥시청,20260224
신현동19S266,1,,,,,2019,,031-310-3144,경기도 시흥시청,20260224
신현동19S267,1,,,,,2019,,031-310-3144,경기도 시흥시청,20260224
신현동19S277,1,,,,,2019,,031-310-3144,경기도 시흥시청,20260224
신현동19S295_,1,,,,,2019,,031-310-3144,경기도 시흥시청,20260224
신현동19S313,1,,,,,2019,,031-310-3144,경기도 시흥시청,20260224
신현동19S314,1,,,,,2019,,031-310-3144,경기도 시흥시청,20260224
신현동19S338,1,,,,,2019,,031-310-3144,경기도 시흥시청,20260224
신현동19S345,1,,,,,2019,,031-310-3144,경기도 시흥시청,20260224
신현동19S390,1,,,,,2019,,031-310-3144,경기도 시흥시청,20260224
신현동19S423,1,,,,,2019,,031-310-3144,경기도 시흥시청,20260224
신현동19S450,1,,,,,2019,,031-310-3144,경기도 시흥시청,20260224
신현동19S458,1,,,,,2019,,031-310-3144,경기도 시흥시청,20260224
정왕1동N076,1,,,,,2019,,031-310-3144,경기도 시흥시청,20260224
과림196,1,,,,,2019,,031-310-3144,경기도 시흥시청,20260224
과림473,1,,,,,2019,,031-310-3144,경기도 시흥시청,20260224
과림475,1,,,,,2019,,031-310-3144,경기도 시흥시청,20260224
군자031,1,,,,,2019,,031-310-3144,경기도 시흥시청,20260224
군자044,1,,,,,2019,,031-310-3144,경기도 시흥시청,20260224
군자063,1,,,,,2019,,031-310-3144,경기도 시흥시청,20260224
군자068,1,,,,,2019,,031-310-3144,경기도 시흥시청,20260224
군자077,1,,,,,2019,,031-310-3144,경기도 시흥시청,20260224
군자137,1,,,,,2019,,031-310-3144,경기도 시흥시청,20260224
군자163,1,,,,,2019,,031-310-3144,경기도 시흥시청,20260224
군자169,1,,,,,2019,,031-310-3144,경기도 시흥시청,20260224
군자182,1,,,,,2019,,031-310-3144,경기도 시흥시청,20260224
군자187,1,,,,,2019,,031-310-3144,경기도 시흥시청,20260224
군자202,1,,,,,2019,,031-310-3144,경기도 시흥시청,20260224
군자204,1,,,,,2019,,031-310-3144,경기도 시흥시청,20260224
군자205,1,,,,,2019,,031-310-3144,경기도 시흥시청,20260224
군자209,1,,,,,2019,,031-310-3144,경기도 시흥시청,20260224
군자220,1,,,,,2019,,031-310-3144,경기도 시흥시청,20260224
군자234,1,,,,,2019,,031-310-3144,경기도 시흥시청,20260224
군자242,1,,,,,2019,,031-310-3144,경기도 시흥시청,20260224
군자267,1,,,,,2019,,031-310-3144,경기도 시흥시청,20260224
군자268,1,,,,,2019,,031-310-3144,경기도 시흥시청,20260224
군자270,1,,,,,2019,,031-310-3144,경기도 시흥시청,20260224
군자271,1,,,,,2019,,031-310-3144,경기도 시흥시청,20260224
군자278,1,,,,,2019,,031-310-3144,경기도 시흥시청,20260224
매화동19S019,1,,,,,2019,,031-310-3144,경기도 시흥시청,20260224
매화동19S020,1,,,,,2019,,031-310-3144,경기도 시흥시청,20260224
매화동19S021,1,,,,,2019,,031-310-3144,경기도 시흥시청,20260224
매화동19S022,1,,,,,2019,,031-310-3144,경기도 시흥시청,20260224
매화동19S023,1,,,,,2019,,031-310-3144,경기도 시흥시청,20260224
매화동19S024,1,,,,,2019,,031-310-3144,경기도 시흥시청,20260224
매화동19S026,1,,,,,2019,,031-310-3144,경기도 시흥시청,20260224
매화동19S027(양),1,,,,,2019,,031-310-3144,경기도 시흥시청,20260224
매화동19S028,1,,,,,2019,,031-310-3144,경기도 시흥시청,20260224
매화동19S029,1,,,,,2019,,031-310-3144,경기도 시흥시청,20260224
매화동19S030,1,,,,,2019,,031-310-3144,경기도 시흥시청,20260224
매화동19S031(양),1,,,,,2019,,031-310-3144,경기도 시흥시청,20260224
매화동19S033,1,,,,,2019,,031-310-3144,경기도 시흥시청,20260224
매화동19S035,1,,,,,2019,,031-310-3144,경기도 시흥시청,20260224
매화동19S059,1,,,,,2019,,031-310-3144,경기도 시흥시청,20260224
매화동19S104,1,,,,,2019,,031-310-3144,경기도 시흥시청,20260224
매화동19S127,1,,,,,2019,,031-310-3144,경기도 시흥시청,20260224
매화동19S134,1,,,,,2019,,031-310-3144,경기도 시흥시청,20260224
매화동19S146,1,,,,,2019,,031-310-3144,경기도 시흥시청,20260224
매화동19S147,1,,,,,2019,,031-310-3144,경기도 시흥시청,20260224
매화동19S148,1,,,,,2019,,031-310-3144,경기도 시흥시청,20260224
군자308,1,,,,,2019,,031-310-3144,경기도 시흥시청,20260224
군자339,1,,,,,2019,,031-310-3144,경기도 시흥시청,20260224
군자413,1,,,,,2019,,031-310-3144,경기도 시흥시청,20260224
군자416,1,,,,,2019,,031-310-3144,경기도 시흥시청,20260224
군자419,1,,,,,2019,,031-310-3144,경기도 시흥시청,20260224
군자421,1,,,,,2019,,031-310-3144,경기도 시흥시청,20260224
군자427,1,,,,,2019,,031-310-3144,경기도 시흥시청,20260224
군자432,1,,,,,2019,,031-310-3144,경기도 시흥시청,20260224
군자434,1,,,,,2019,,031-310-3144,경기도 시흥시청,20260224
군자435,1,,,,,2019,,031-310-3144,경기도 시흥시청,20260224
군자544,1,,,,,2019,,031-310-3144,경기도 시흥시청,20260224
군자576,1,,,,,2019,,031-310-3144,경기도 시흥시청,20260224
군자577,1,,,,,2019,,031-310-3144,경기도 시흥시청,20260224
능곡104,1,,,,,2019,,031-310-3144,경기도 시흥시청,20260224
능곡105,1,,,,,2019,,031-310-3144,경기도 시흥시청,20260224
능곡109,1,,,,,2019,,031-310-3144,경기도 시흥시청,20260224
대야동19S323,1,,,,,2019,,031-310-3144,경기도 시흥시청,20260224
대야066[표찰무],1,,,,,2019,,031-310-3144,경기도 시흥시청,20260224
대야170,1,,,,,2019,,031-310-3144,경기도 시흥시청,20260224
대야178,1,,,,,2019,,031-310-3144,경기도 시흥시청,20260224
대야230[표찰무],1,,,,,2019,,031-310-3144,경기도 시흥시청,20260224
대야235[표찰무],1,,,,,2019,,031-310-3144,경기도 시흥시청,20260224
대야동19S255-1,1,,,,,2019,,031-310-3144,경기도 시흥시청,20260224
대야667,1,,,,,2019,,031-310-3144,경기도 시흥시청,20260224
대야695,1,,,,,2019,,031-310-3144,경기도 시흥시청,20260224
대야699,1,,,,,2019,,031-310-3144,경기도 시흥시청,20260224
대야700,1,,,,,2019,,031-310-3144,경기도 시흥시청,20260224
대야705,1,,,,,2019,,031-310-3144,경기도 시흥시청,20260224
대야719,1,,,,,2019,,031-310-3144,경기도 시흥시청,20260224
매화동19S195,1,,,,,2019,,031-310-3144,경기도 시흥시청,20260224
매화동19S196,1,,,,,2019,,031-310-3144,경기도 시흥시청,20260224
매화동19S197,1,,,,,2019,,031-310-3144,경기도 시흥시청,20260224
매화동19S204,1,,,,,2019,,031-310-3144,경기도 시흥시청,20260224
매화동19S206,1,,,,,2019,,031-310-3144,경기도 시흥시청,20260224
매화동19S207,1,,,,,2019,,031-310-3144,경기도 시흥시청,20260224
매화동19S208,1,,,,,2019,,031-310-3144,경기도 시흥시청,20260224
매화동19S209,1,,,,,2019,,031-310-3144,경기도 시흥시청,20260224
매화동19S210,1,,,,,2019,,031-310-3144,경기도 시흥시청,20260224
매화동19S211,1,,,,,2019,,031-310-3144,경기도 시흥시청,20260224
매화동19S212,1,,,,,2019,,031-310-3144,경기도 시흥시청,20260224
매화동19S214,1,,,,,2019,,031-310-3144,경기도 시흥시청,20260224
매화동19S215,1,,,,,2019,,031-310-3144,경기도 시흥시청,20260224
매화동19S218,1,,,,,2019,,031-310-3144,경기도 시흥시청,20260224
매화동19S220,1,,,,,2019,,031-310-3144,경기도 시흥시청,20260224
매화동19S222,1,,,,,2019,,031-310-3144,경기도 시흥시청,20260224
매화동19S224,1,,,,,2019,,031-310-3144,경기도 시흥시청,20260224
매화동19S225,1,,,,,2019,,031-310-3144,경기도 시흥시청,20260224
매화동19S226,1,,,,,2019,,031-310-3144,경기도 시흥시청,20260224
매화동19S227,1,,,,,2019,,031-310-3144,경기도 시흥시청,20260224
매화동19S228,1,,,,,2019,,031-310-3144,경기도 시흥시청,20260224
매화동19S229,1,,,,,2019,,031-310-3144,경기도 시흥시청,20260224
매화동19S230,1,,,,,2019,,031-310-3144,경기도 시흥시청,20260224
매화동19S231,1,,,,,2019,,031-310-3144,경기도 시흥시청,20260224
매화동19S232,1,,,,,2019,,031-310-3144,경기도 시흥시청,20260224
매화동19S233,1,,,,,2019,,031-310-3144,경기도 시흥시청,20260224
매화동19S234,1,,,,,2019,,031-310-3144,경기도 시흥시청,20260224
매화동19S235,1,,,,,2019,,031-310-3144,경기도 시흥시청,20260224
매화동19S236,1,,,,,2019,,031-310-3144,경기도 시흥시청,20260224
매화동19S237,1,,,,,2019,,031-310-3144,경기도 시흥시청,20260224
매화동19S238,1,,,,,2019,,031-310-3144,경기도 시흥시청,20260224
매화동19S239,1,,,,,2019,,031-310-3144,경기도 시흥시청,20260224
매화309,1,,,,,2019,,031-310-3144,경기도 시흥시청,20260224
매화427,1,,,,,2019,,031-310-3144,경기도 시흥시청,20260224
매화445,1,,,,,2019,,031-310-3144,경기도 시흥시청,20260224
매화동19S001,1,,,,,2019,,031-310-3144,경기도 시흥시청,20260224
매화동19S002,1,,,,,2019,,031-310-3144,경기도 시흥시청,20260224
매화동19S003,1,,,,,2019,,031-310-3144,경기도 시흥시청,20260224
매화동19S004,1,,,,,2019,,031-310-3144,경기도 시흥시청,20260224
매화동19S005,1,,,,,2019,,031-310-3144,경기도 시흥시청,20260224
매화동19S007,1,,,,,2019,,031-310-3144,경기도 시흥시청,20260224
매화동19S008,1,,,,,2019,,031-310-3144,경기도 시흥시청,20260224
매화동19S010,1,,,,,2019,,031-310-3144,경기도 시흥시청,20260224
매화동19S011,1,,,,,2019,,031-310-3144,경기도 시흥시청,20260224
매화동19S012,1,,,,,2019,,031-310-3144,경기도 시흥시청,20260224
매화동19S013,1,,,,,2019,,031-310-3144,경기도 시흥시청,20260224
매화동19S014,1,,,,,2019,,031-310-3144,경기도 시흥시청,20260224
매화동19S015,1,,,,,2019,,031-310-3144,경기도 시흥시청,20260224
매화동19S016,1,,,,,2019,,031-310-3144,경기도 시흥시청,20260224
매화동19S017,1,,,,,2019,,031-310-3144,경기도 시흥시청,20260224
매화동19S018,1,,,,,2019,,031-310-3144,경기도 시흥시청,20260224
매화동19S337,1,,,,,2019,,031-310-3144,경기도 시흥시청,20260224
매화동19S339,1,,,,,2019,,031-310-3144,경기도 시흥시청,20260224
매화동19S340,1,,,,,2019,,031-310-3144,경기도 시흥시청,20260224
매화동19S240,1,,,,,2019,,031-310-3144,경기도 시흥시청,20260224
매화동19S242,1,,,,,2019,,031-310-3144,경기도 시흥시청,20260224
매화동19S243,1,,,,,2019,,031-310-3144,경기도 시흥시청,20260224
매화동19S244,1,,,,,2019,,031-310-3144,경기도 시흥시청,20260224
매화동19S245,1,,,,,2019,,031-310-3144,경기도 시흥시청,20260224
매화동19S246,1,,,,,2019,,031-310-3144,경기도 시흥시청,20260224
매화동19S247,1,,,,,2019,,031-310-3144,경기도 시흥시청,20260224
매화동19S248,1,,,,,2019,,031-310-3144,경기도 시흥시청,20260224
매화동19S250,1,,,,,2019,,031-310-3144,경기도 시흥시청,20260224
매화동19S251,1,,,,,2019,,031-310-3144,경기도 시흥시청,20260224
매화동19S252,1,,,,,2019,,031-310-3144,경기도 시흥시청,20260224
매화동19S253,1,,,,,2019,,031-310-3144,경기도 시흥시청,20260224
매화동19S255,1,,,,,2019,,031-310-3144,경기도 시흥시청,20260224
매화동19S256,1,,,,,2019,,031-310-3144,경기도 시흥시청,20260224
매화동19S257,1,,,,,2019,,031-310-3144,경기도 시흥시청,20260224
매화동19S258,1,,,,,2019,,031-310-3144,경기도 시흥시청,20260224
매화동19S260,1,,,,,2019,,031-310-3144,경기도 시흥시청,20260224
매화동19S261,1,,,,,2019,,031-310-3144,경기도 시흥시청,20260224
매화동19S262,1,,,,,2019,,031-310-3144,경기도 시흥시청,20260224
매화동19S263,1,,,,,2019,,031-310-3144,경기도 시흥시청,20260224
매화동19S264,1,,,,,2019,,031-310-3144,경기도 시흥시청,20260224
매화동19S265,1,,,,,2019,,031-310-3144,경기도 시흥시청,20260224
매화동19S266,1,,,,,2019,,031-310-3144,경기도 시흥시청,20260224
매화동19S267,1,,,,,2019,,031-310-3144,경기도 시흥시청,20260224
매화동19S268,1,,,,,2019,,031-310-3144,경기도 시흥시청,20260224
매화동19S269,1,,,,,2019,,031-310-3144,경기도 시흥시청,20260224
매화동19S271,1,,,,,2019,,031-310-3144,경기도 시흥시청,20260224
매화동19S272,1,,,,,2019,,031-310-3144,경기도 시흥시청,20260224
매화동19S274,1,,,,,2019,,031-310-3144,경기도 시흥시청,20260224
매화동19S275,1,,,,,2019,,031-310-3144,경기도 시흥시청,20260224
매화동19S276,1,,,,,2019,,031-310-3144,경기도 시흥시청,20260224
매화동19S277,1,,,,,2019,,031-310-3144,경기도 시흥시청,20260224
매화동19S278,1,,,,,2019,,031-310-3144,경기도 시흥시청,20260224
매화동19S280,1,,,,,2019,,031-310-3144,경기도 시흥시청,20260224
매화동19S281,1,,,,,2019,,031-310-3144,경기도 시흥시청,20260224
매화동19S282,1,,,,,2019,,031-310-3144,경기도 시흥시청,20260224
매화동19S283,1,,,,,2019,,031-310-3144,경기도 시흥시청,20260224
매화동19S284,1,,,,,2019,,031-310-3144,경기도 시흥시청,20260224
매화동19S286,1,,,,,2019,,031-310-3144,경기도 시흥시청,20260224
매화동19S287,1,,,,,2019,,031-310-3144,경기도 시흥시청,20260224
매화동19S149,1,,,,,2019,,031-310-3144,경기도 시흥시청,20260224
매화동19S150,1,,,,,2019,,031-310-3144,경기도 시흥시청,20260224
매화동19S151,1,,,,,2019,,031-310-3144,경기도 시흥시청,20260224
매화동19S158,1,,,,,2019,,031-310-3144,경기도 시흥시청,20260224
매화동19S165,1,,,,,2019,,031-310-3144,경기도 시흥시청,20260224
매화동19S177,1,,,,,2019,,031-310-3144,경기도 시흥시청,20260224
매화동19S188,1,,,,,2019,,031-310-3144,경기도 시흥시청,20260224
매화동19S194,1,,,,,2019,,031-310-3144,경기도 시흥시청,20260224
은행동N030,1,,,,,2019,,031-310-3144,경기도 시흥시청,20260224
은행동N031,1,,,,,2019,,031-310-3144,경기도 시흥시청,20260224
대야동19001,1,,,,,2019,,031-310-3144,경기도 시흥시청,20260224
매화동19S341,1,,,,,2019,,031-310-3144,경기도 시흥시청,20260224
매화동19S343,1,,,,,2019,,031-310-3144,경기도 시흥시청,20260224
매화동19S345(양),1,,,,,2019,,031-310-3144,경기도 시흥시청,20260224
매화동19S346,1,,,,,2019,,031-310-3144,경기도 시흥시청,20260224
매화동19S347,1,,,,,2019,,031-310-3144,경기도 시흥시청,20260224
매화동19S348,1,,,,,2019,,031-310-3144,경기도 시흥시청,20260224
매화동19S349,1,,,,,2019,,031-310-3144,경기도 시흥시청,20260224
매화동19S350,1,,,,,2019,,031-310-3144,경기도 시흥시청,20260224
매화동19S352,1,,,,,2019,,031-310-3144,경기도 시흥시청,20260224
매화동19S353,1,,,,,2019,,031-310-3144,경기도 시흥시청,20260224
매화동19S288,1,,,,,2019,,031-310-3144,경기도 시흥시청,20260224
매화동19S289,1,,,,,2019,,031-310-3144,경기도 시흥시청,20260224
매화동19S290,1,,,,,2019,,031-310-3144,경기도 시흥시청,20260224
매화동19S291,1,,,,,2019,,031-310-3144,경기도 시흥시청,20260224
매화동19S292,1,,,,,2019,,031-310-3144,경기도 시흥시청,20260224
매화동19S294,1,,,,,2019,,031-310-3144,경기도 시흥시청,20260224
매화동19S295,1,,,,,2019,,031-310-3144,경기도 시흥시청,20260224
매화동19S297,1,,,,,2019,,031-310-3144,경기도 시흥시청,20260224
매화동19S298,1,,,,,2019,,031-310-3144,경기도 시흥시청,20260224
매화동19S300,1,,,,,2019,,031-310-3144,경기도 시흥시청,20260224
매화동19S302,1,,,,,2019,,031-310-3144,경기도 시흥시청,20260224
매화동19S303,1,,,,,2019,,031-310-3144,경기도 시흥시청,20260224
매화동19S304,1,,,,,2019,,031-310-3144,경기도 시흥시청,20260224
매화동19S306,1,,,,,2019,,031-310-3144,경기도 시흥시청,20260224
매화동19S307,1,,,,,2019,,031-310-3144,경기도 시흥시청,20260224
매화동19S308,1,,,,,2019,,031-310-3144,경기도 시흥시청,20260224
매화동19S309,1,,,,,2019,,031-310-3144,경기도 시흥시청,20260224
매화동19S310,1,,,,,2019,,031-310-3144,경기도 시흥시청,20260224
매화동19S312,1,,,,,2019,,031-310-3144,경기도 시흥시청,20260224
매화동19S314,1,,,,,2019,,031-310-3144,경기도 시흥시청,20260224
매화동19S315,1,,,,,2019,,031-310-3144,경기도 시흥시청,20260224
매화동19S316,1,,,,,2019,,031-310-3144,경기도 시흥시청,20260224
매화동19S317,1,,,,,2019,,031-310-3144,경기도 시흥시청,20260224
매화동19S318,1,,,,,2019,,031-310-3144,경기도 시흥시청,20260224
매화동19S319,1,,,,,2019,,031-310-3144,경기도 시흥시청,20260224
매화동19S321,1,,,,,2019,,031-310-3144,경기도 시흥시청,20260224
매화동19S322,1,,,,,2019,,031-310-3144,경기도 시흥시청,20260224
매화동19S323,1,,,,,2019,,031-310-3144,경기도 시흥시청,20260224
매화동19S324,1,,,,,2019,,031-310-3144,경기도 시흥시청,20260224
매화동19S327,1,,,,,2019,,031-310-3144,경기도 시흥시청,20260224
매화동19S328,1,,,,,2019,,031-310-3144,경기도 시흥시청,20260224
매화동19S329,1,,,,,2019,,031-310-3144,경기도 시흥시청,20260224
매화동19S330,1,,,,,2019,,031-310-3144,경기도 시흥시청,20260224
매화동19S331,1,,,,,2019,,031-310-3144,경기도 시흥시청,20260224
매화동19S332,1,,,,,2019,,031-310-3144,경기도 시흥시청,20260224
매화동19S334,1,,,,,2019,,031-310-3144,경기도 시흥시청,20260224
매화동19S335,1,,,,,2019,,031-310-3144,경기도 시흥시청,20260224
신천동19S385,1,,,,,2019,,031-310-3144,경기도 시흥시청,20260224
신천동19S386,1,,,,,2019,,031-310-3144,경기도 시흥시청,20260224
신천동19S387,1,,,,,2019,,031-310-3144,경기도 시흥시청,20260224
신천동19S388 - 표찰무,1,,,,,2019,,031-310-3144,경기도 시흥시청,20260224
신천동19S375,1,,,,,2019,,031-310-3144,경기도 시흥시청,20260224
신천동19S373,1,,,,,2019,,031-310-3144,경기도 시흥시청,20260224
신천동19S359,1,,,,,2019,,031-310-3144,경기도 시흥시청,20260224
신천동19S368,1,,,,,2019,,031-310-3144,경기도 시흥시청,20260224
신천동19S367,1,,,,,2019,,031-310-3144,경기도 시흥시청,20260224
신천동19S366,1,,,,,2019,,031-310-3144,경기도 시흥시청,20260224
신천동19S365,1,,,,,2019,,031-310-3144,경기도 시흥시청,20260224
신천동19S364,1,,,,,2019,,031-310-3144,경기도 시흥시청,20260224
신천동19S363,1,,,,,2019,,031-310-3144,경기도 시흥시청,20260224
신천동19S361,1,,,,,2019,,031-310-3144,경기도 시흥시청,20260224
신천동19S370,1,,,,,2019,,031-310-3144,경기도 시흥시청,20260224
신천동19S371,1,,,,,2019,,031-310-3144,경기도 시흥시청,20260224
신천동19S382,1,,,,,2019,,031-310-3144,경기도 시흥시청,20260224
신천동19S378,1,,,,,2019,,031-310-3144,경기도 시흥시청,20260224
신천동19S380,1,,,,,2019,,031-310-3144,경기도 시흥시청,20260224
신천동19S377,1,,,,,2019,,031-310-3144,경기도 시흥시청,20260224
능곡동N013,1,,,,,2019,,031-310-3144,경기도 시흥시청,20260224
수자원공사교차02,1,,,,,2019,,031-310-3144,경기도 시흥시청,20260224
정왕본동N135,1,,,,,2019,,031-310-3144,경기도 시흥시청,20260224
신현동19S112,1,,,,,2019,,031-310-3144,경기도 시흥시청,20260224
신현동19S134_,1,,,,,2019,,031-310-3144,경기도 시흥시청,20260224
신현동19S086,1,,,,,2019,,031-310-3144,경기도 시흥시청,20260224
신현동19S110,1,,,,,2019,,031-310-3144,경기도 시흥시청,20260224
신현동19S084,1,,,,,2019,,031-310-3144,경기도 시흥시청,20260224
신현동19S085,1,,,,,2019,,031-310-3144,경기도 시흥시청,20260224
신현동19S059,1,,,,,2019,,031-310-3144,경기도 시흥시청,20260224
신현동19S063,1,,,,,2019,,031-310-3144,경기도 시흥시청,20260224
신천동19S653_,1,,,,,2019,,031-310-3144,경기도 시흥시청,20260224
신현동19S035,1,,,,,2019,,031-310-3144,경기도 시흥시청,20260224
신천동 19008,1,,,,,2019,,031-310-3144,경기도 시흥시청,20260224
신천동19007,1,,,,,2019,,031-310-3144,경기도 시흥시청,20260224
목감동19S319,1,,,,,2019,,031-310-3144,경기도 시흥시청,20260224
목감동19S513,1,,,,,2019,,031-310-3144,경기도 시흥시청,20260224
매화동19S355,1,,,,,2019,,031-310-3144,경기도 시흥시청,20260224
목감동19S268,1,,,,,2019,,031-310-3144,경기도 시흥시청,20260224
동경4차경비실2,1,,,,,2019,,031-310-3144,경기도 시흥시청,20260224
매화동19S249,1,,,,,2019,,031-310-3144,경기도 시흥시청,20260224
과림동N171,1,,,,,2019,,031-310-3144,경기도 시흥시청,20260224
동경4차경비실1,1,,,,,2019,,031-310-3144,경기도 시흥시청,20260224
과림동19011,1,,,,,2019,,031-310-3144,경기도 시흥시청,20260224
과림동N095,1,,,,,2019,,031-310-3144,경기도 시흥시청,20260224
표찰없음_2,1,,,,,2019,,031-310-3144,경기도 시흥시청,20260224
19S682,1,,,,,2019,,031-310-3144,경기도 시흥시청,20260224
목감동19S341-1,1,,,,,2019,,031-310-3144,경기도 시흥시청,20260224
군자17005,1,,,,,2019,,031-310-3144,경기도 시흥시청,20260224
신현동19S184,1,,,,,2019,,031-310-3144,경기도 시흥시청,20260224
신현동19S279,1,,,,,2019,,031-310-3144,경기도 시흥시청,20260224
9015a311,1,,,,,2019,,031-310-3144,경기도 시흥시청,20260224
신천동19S274,1,,,,,2019,,031-310-3144,경기도 시흥시청,20260224
신천동19S272,1,,,,,2019,,031-310-3144,경기도 시흥시청,20260224
신천동19S271,1,,,,,2019,,031-310-3144,경기도 시흥시청,20260224
신천동19S268,1,,,,,2019,,031-310-3144,경기도 시흥시청,20260224
신천동19S269,1,,,,,2019,,031-310-3144,경기도 시흥시청,20260224
신천동19S260,1,,,,,2019,,031-310-3144,경기도 시흥시청,20260224
신천동19S259,1,,,,,2019,,031-310-3144,경기도 시흥시청,20260224
신천동19S276-표찰무,1,,,,,2019,,031-310-3144,경기도 시흥시청,20260224
신천동19S277,1,,,,,2019,,031-310-3144,경기도 시흥시청,20260224
신천동19S279,1,,,,,2019,,031-310-3144,경기도 시흥시청,20260224
신천동19S280,1,,,,,2019,,031-310-3144,경기도 시흥시청,20260224
신천동19S281,1,,,,,2019,,031-310-3144,경기도 시흥시청,20260224
신천동19S282,1,,,,,2019,,031-310-3144,경기도 시흥시청,20260224
신천동19S283,1,,,,,2019,,031-310-3144,경기도 시흥시청,20260224
신천동19S284,1,,,,,2019,,031-310-3144,경기도 시흥시청,20260224
신천동19S267,1,,,,,2019,,031-310-3144,경기도 시흥시청,20260224
신천동19S251,1,,,,,2019,,031-310-3144,경기도 시흥시청,20260224
신천동19S236,1,,,,,2019,,031-310-3144,경기도 시흥시청,20260224
신천동19S285,1,,,,,2019,,031-310-3144,경기도 시흥시청,20260224
신천동19S320,1,,,,,2019,,031-310-3144,경기도 시흥시청,20260224
신천동19S324,1,,,,,2019,,031-310-3144,경기도 시흥시청,20260224
신천동19S325,1,,,,,2019,,031-310-3144,경기도 시흥시청,20260224
신천동19S332,1,,,,,2019,,031-310-3144,경기도 시흥시청,20260224
신천동19S323,1,,,,,2019,,031-310-3144,경기도 시흥시청,20260224
신천동19S321,1,,,,,2019,,031-310-3144,경기도 시흥시청,20260224
신천동19S317,1,,,,,2019,,031-310-3144,경기도 시흥시청,20260224
신천동19S329,1,,,,,2019,,031-310-3144,경기도 시흥시청,20260224
신천동19S328,1,,,,,2019,,031-310-3144,경기도 시흥시청,20260224
신천동19S336,1,,,,,2019,,031-310-3144,경기도 시흥시청,20260224
신천동19S352,1,,,,,2019,,031-310-3144,경기도 시흥시청,20260224
신천동19S358,1,,,,,2019,,031-310-3144,경기도 시흥시청,20260224
신천동19S357,1,,,,,2019,,031-310-3144,경기도 시흥시청,20260224
신천동19S350,1,,,,,2019,,031-310-3144,경기도 시흥시청,20260224
신천동19S348,1,,,,,2019,,031-310-3144,경기도 시흥시청,20260224
신천동19S337,1,,,,,2019,,031-310-3144,경기도 시흥시청,20260224
신천동19S341,1,,,,,2019,,031-310-3144,경기도 시흥시청,20260224
신천동19S342,1,,,,,2019,,031-310-3144,경기도 시흥시청,20260224
신천동19S338,1,,,,,2019,,031-310-3144,경기도 시흥시청,20260224
신천동19S339,1,,,,,2019,,031-310-3144,경기도 시흥시청,20260224
신천동19S340,1,,,,,2019,,031-310-3144,경기도 시흥시청,20260224
정왕본동N137,1,,,,,2019,,031-310-3144,경기도 시흥시청,20260224
정왕본동N138,1,,,,,2019,,031-310-3144,경기도 시흥시청,20260224
정왕본동N140,1,,,,,2019,,031-310-3144,경기도 시흥시청,20260224
정왕본동N141,1,,,,,2019,,031-310-3144,경기도 시흥시청,20260224
정왕본동21U049,1,,,,,2019,,031-310-3144,경기도 시흥시청,20260224
신천동19S319 - 표찰무,1,,,,,2019,,031-310-3144,경기도 시흥시청,20260224
신천동19S392,1,,,,,2019,,031-310-3144,경기도 시흥시청,20260224
신천동19S393,1,,,,,2019,,031-310-3144,경기도 시흥시청,20260224
신천동19S394,1,,,,,2019,,031-310-3144,경기도 시흥시청,20260224
신천동19S253,1,,,,,2019,,031-310-3144,경기도 시흥시청,20260224
신천동19S252,1,,,,,2019,,031-310-3144,경기도 시흥시청,20260224
신천동19S250,1,,,,,2019,,031-310-3144,경기도 시흥시청,20260224
신천동19S265,1,,,,,2019,,031-310-3144,경기도 시흥시청,20260224
신천동19S249 - 표찰무,1,,,,,2019,,031-310-3144,경기도 시흥시청,20260224
신천동19S248,1,,,,,2019,,031-310-3144,경기도 시흥시청,20260224
신천동19S257,1,,,,,2019,,031-310-3144,경기도 시흥시청,20260224
신천동19S229,1,,,,,2019,,031-310-3144,경기도 시흥시청,20260224
과림동N125(과림062),1,,,,,2019,,031-310-3144,경기도 시흥시청,20260224
신현동19S448,1,,,,,2019,,031-310-3144,경기도 시흥시청,20260224
신천동 19S782,1,,,,,2019,,031-310-3144,경기도 시흥시청,20260224
신천동 19S287,1,,,,,2019,,031-310-3144,경기도 시흥시청,20260224
신천동19S286,1,,,,,2019,,031-310-3144,경기도 시흥시청,20260224
신천동19S235,1,,,,,2019,,031-310-3144,경기도 시흥시청,20260224
신천동19S209,1,,,,,2019,,031-310-3144,경기도 시흥시청,20260224
신천동19S241 - 표찰무,1,,,,,2019,,031-310-3144,경기도 시흥시청,20260224
신천동19S242,1,,,,,2019,,031-310-3144,경기도 시흥시청,20260224
신천동19S243,1,,,,,2019,,031-310-3144,경기도 시흥시청,20260224
신천동19S302,1,,,,,2019,,031-310-3144,경기도 시흥시청,20260224
신천동19S303,1,,,,,2019,,031-310-3144,경기도 시흥시청,20260224
신천동19S205,1,,,,,2019,,031-310-3144,경기도 시흥시청,20260224
신천동19S256,1,,,,,2019,,031-310-3144,경기도 시흥시청,20260224
신천동19S208,1,,,,,2019,,031-310-3144,경기도 시흥시청,20260224
신천동19S226,1,,,,,2019,,031-310-3144,경기도 시흥시청,20260224
신천동19S212,1,,,,,2019,,031-310-3144,경기도 시흥시청,20260224
신천동19S225,1,,,,,2019,,031-310-3144,경기도 시흥시청,20260224
신천동19S213,1,,,,,2019,,031-310-3144,경기도 시흥시청,20260224
신천동19S224,1,,,,,2019,,031-310-3144,경기도 시흥시청,20260224
신천동19S214,1,,,,,2019,,031-310-3144,경기도 시흥시청,20260224
신천동19S215,1,,,,,2019,,031-310-3144,경기도 시흥시청,20260224
신천동19S223,1,,,,,2019,,031-310-3144,경기도 시흥시청,20260224
신천동19S345,1,,,,,2019,,031-310-3144,경기도 시흥시청,20260224
신천동19S346,1,,,,,2019,,031-310-3144,경기도 시흥시청,20260224
신천동19S335,1,,,,,2019,,031-310-3144,경기도 시흥시청,20260224
신천동19S334,1,,,,,2019,,031-310-3144,경기도 시흥시청,20260224
신천동20013,1,,,,,2019,,031-310-3144,경기도 시흥시청,20260224
목감동19005,1,,,,,2019,,031-310-3144,경기도 시흥시청,20260224
목감동19006,1,,,,,2019,,031-310-3144,경기도 시흥시청,20260224
연성동N057,1,,,,,2019,,031-310-3144,경기도 시흥시청,20260224
연성동N058,1,,,,,2019,,031-310-3144,경기도 시흥시청,20260224
정왕본동19011,1,,,,,2019,,031-310-3144,경기도 시흥시청,20260224
정왕본동19012,1,,,,,2019,,031-310-3144,경기도 시흥시청,20260224
신천동24002,1,,,,,2019,,031-310-3144,경기도 시흥시청,20260224
신천동19S318,1,,,,,2019,,031-310-3144,경기도 시흥시청,20260224
정왕3동N068,1,,,,,2019,,031-310-3144,경기도 시흥시청,20260224
군자동N099,1,,,,,2019,,031-310-3144,경기도 시흥시청,20260224
신천동N164,1,,,,,2019,,031-310-3144,경기도 시흥시청,20260224
능곡동N010,1,,,,,2019,,031-310-3144,경기도 시흥시청,20260224
신현동N154,1,,,,,2019,,031-310-3144,경기도 시흥시청,20260224
연성동N055,1,,,,,2019,,031-310-3144,경기도 시흥시청,20260224
정왕본동21U121,1,,,,,2019,,031-310-3144,경기도 시흥시청,20260224
신천동19S146,1,,,,,2019,,031-310-3144,경기도 시흥시청,20260224
신천동19S142 - 표찰무,1,,,,,2019,,031-310-3144,경기도 시흥시청,20260224
신천동19S196,1,,,,,2019,,031-310-3144,경기도 시흥시청,20260224
신천동19S193,1,,,,,2019,,031-310-3144,경기도 시흥시청,20260224
신천동19S191,1,,,,,2019,,031-310-3144,경기도 시흥시청,20260224
신천동19S125,1,,,,,2019,,031-310-3144,경기도 시흥시청,20260224
신천동19S120,1,,,,,2019,,031-310-3144,경기도 시흥시청,20260224
신천동19S121,1,,,,,2019,,031-310-3144,경기도 시흥시청,20260224
신천동19S124,1,,,,,2019,,031-310-3144,경기도 시흥시청,20260224
신천동19S129,1,,,,,2019,,031-310-3144,경기도 시흥시청,20260224
신천동19S128,1,,,,,2019,,031-310-3144,경기도 시흥시청,20260224
신천동19S194,1,,,,,2019,,031-310-3144,경기도 시흥시청,20260224
목감동N095,1,,,,,2019,,031-310-3144,경기도 시흥시청,20260224
신천동19S154,1,,,,,2019,,031-310-3144,경기도 시흥시청,20260224
신천동19S155,1,,,,,2019,,031-310-3144,경기도 시흥시청,20260224
신천동19S157,1,,,,,2019,,031-310-3144,경기도 시흥시청,20260224
신천동19S158,1,,,,,2019,,031-310-3144,경기도 시흥시청,20260224
신천동19S159,1,,,,,2019,,031-310-3144,경기도 시흥시청,20260224
신천동19S160,1,,,,,2019,,031-310-3144,경기도 시흥시청,20260224
신천동19S161,1,,,,,2019,,031-310-3144,경기도 시흥시청,20260224
신천동19S163,1,,,,,2019,,031-310-3144,경기도 시흥시청,20260224
신천동19S164,1,,,,,2019,,031-310-3144,경기도 시흥시청,20260224
신천동19S262,1,,,,,2019,,031-310-3144,경기도 시흥시청,20260224
신천동19S230,1,,,,,2019,,031-310-3144,경기도 시흥시청,20260224
신천동19S275,1,,,,,2019,,031-310-3144,경기도 시흥시청,20260224
신천동19S113,1,,,,,2019,,031-310-3144,경기도 시흥시청,20260224
신천동19S112,1,,,,,2019,,031-310-3144,경기도 시흥시청,20260224
신천동19S110,1,,,,,2019,,031-310-3144,경기도 시흥시청,20260224
신천동19S109,1,,,,,2019,,031-310-3144,경기도 시흥시청,20260224
신천동19S118,1,,,,,2019,,031-310-3144,경기도 시흥시청,20260224
신천동19S119,1,,,,,2019,,031-310-3144,경기도 시흥시청,20260224
신천동19S116,1,,,,,2019,,031-310-3144,경기도 시흥시청,20260224
신천동19S132,1,,,,,2019,,031-310-3144,경기도 시흥시청,20260224
신천동19S140-표찰무,1,,,,,2019,,031-310-3144,경기도 시흥시청,20260224
신천동19S137,1,,,,,2019,,031-310-3144,경기도 시흥시청,20260224
신천동19S136,1,,,,,2019,,031-310-3144,경기도 시흥시청,20260224
신천동19S134,1,,,,,2019,,031-310-3144,경기도 시흥시청,20260224
신천동19S133,1,,,,,2019,,031-310-3144,경기도 시흥시청,20260224
신천동19S148,1,,,,,2019,,031-310-3144,경기도 시흥시청,20260224
신천동19S147,1,,,,,2019,,031-310-3144,경기도 시흥시청,20260224
신천동19S145,1,,,,,2019,,031-310-3144,경기도 시흥시청,20260224
신천동19S144 - 표찰무,1,,,,,2019,,031-310-3144,경기도 시흥시청,20260224
신천동19S222,1,,,,,2019,,031-310-3144,경기도 시흥시청,20260224
신천동19S219,1,,,,,2019,,031-310-3144,경기도 시흥시청,20260224
신천동19S218,1,,,,,2019,,031-310-3144,경기도 시흥시청,20260224
신천동19S239,1,,,,,2019,,031-310-3144,경기도 시흥시청,20260224
신천동19S240 - 표찰무,1,,,,,2019,,031-310-3144,경기도 시흥시청,20260224
신천동19S244,1,,,,,2019,,031-310-3144,경기도 시흥시청,20260224
신천동19S245,1,,,,,2019,,031-310-3144,경기도 시흥시청,20260224
신천동19S255,1,,,,,2019,,031-310-3144,경기도 시흥시청,20260224
신천동19S254,1,,,,,2019,,031-310-3144,경기도 시흥시청,20260224
정왕3동N066,1,,,,,2019,,031-310-3144,경기도 시흥시청,20260224
군자동19U269[정전],1,,,,,2019,,031-310-3144,경기도 시흥시청,20260224
군자동NO83,1,,,,,2019,,031-310-3144,경기도 시흥시청,20260224
연성동N050,1,,,,,2019,,031-310-3144,경기도 시흥시청,20260224
매화동N056,1,,,,,2019,,031-310-3144,경기도 시흥시청,20260224
목감동N087,1,,,,,2019,,031-310-3144,경기도 시흥시청,20260224
신천동19004,1,,,,,2019,,031-310-3144,경기도 시흥시청,20260224
신천동19S002,1,,,,,2019,,031-310-3144,경기도 시흥시청,20260224
신천동19S003,1,,,,,2019,,031-310-3144,경기도 시흥시청,20260224
월곶동N030,1,,,,,2019,,031-310-3144,경기도 시흥시청,20260224
정왕1동N059,1,,,,,2019,,031-310-3144,경기도 시흥시청,20260224
정왕본동21U041,1,,,,,2019,,031-310-3144,경기도 시흥시청,20260224
신현동N147,1,,,,,2019,,031-310-3144,경기도 시흥시청,20260224
신현동N148,1,,,,,2019,,031-310-3144,경기도 시흥시청,20260224
목감동N093,1,,,,,2019,,031-310-3144,경기도 시흥시청,20260224
목감동N094,1,,,,,2019,,031-310-3144,경기도 시흥시청,20260224
신천동19S034,1,,,,,2019,,031-310-3144,경기도 시흥시청,20260224
월곶동19006,1,,,,,2019,,031-310-3144,경기도 시흥시청,20260224
대야동19006,1,,,,,2019,,031-310-3144,경기도 시흥시청,20260224
대야동N155,1,,,,,2019,,031-310-3144,경기도 시흥시청,20260224
신현동N145,1,,,,,2019,,031-310-3144,경기도 시흥시청,20260224
소래초등3길8,1,,,,,2019,,031-310-3144,경기도 시흥시청,20260224
과림동19007,1,,,,,2019,,031-310-3144,경기도 시흥시청,20260224
과림동19008,1,,,,,2019,,031-310-3144,경기도 시흥시청,20260224
대야동N154,1,,,,,2019,,031-310-3144,경기도 시흥시청,20260224
정왕본동N130,1,,,,,2019,,031-310-3144,경기도 시흥시청,20260224
과림동19002,1,,,,,2019,,031-310-3144,경기도 시흥시청,20260224
과림동19003,1,,,,,2019,,031-310-3144,경기도 시흥시청,20260224
신천동19S165,1,,,,,2019,,031-310-3144,경기도 시흥시청,20260224
신천동19S166,1,,,,,2019,,031-310-3144,경기도 시흥시청,20260224
신천동19S167,1,,,,,2019,,031-310-3144,경기도 시흥시청,20260224
신천동19S168,1,,,,,2019,,031-310-3144,경기도 시흥시청,20260224
신천동19S169,1,,,,,2019,,031-310-3144,경기도 시흥시청,20260224
신천동19S152,1,,,,,2019,,031-310-3144,경기도 시흥시청,20260224
신천동19S151,1,,,,,2019,,031-310-3144,경기도 시흥시청,20260224
신천동19S150,1,,,,,2019,,031-310-3144,경기도 시흥시청,20260224
신천동19S182[정전],1,,,,,2019,,031-310-3144,경기도 시흥시청,20260224
신천동19S153,1,,,,,2019,,031-310-3144,경기도 시흥시청,20260224
신천동19S043,1,,,,,2019,,031-310-3144,경기도 시흥시청,20260224
신천동19S056[정전],1,,,,,2019,,031-310-3144,경기도 시흥시청,20260224
신천동19S001,1,,,,,2019,,031-310-3144,경기도 시흥시청,20260224
신천동19S040,1,,,,,2019,,031-310-3144,경기도 시흥시청,20260224
신천동19S026,1,,,,,2019,,031-310-3144,경기도 시흥시청,20260224
신천동19S030,1,,,,,2019,,031-310-3144,경기도 시흥시청,20260224
신천동19S029,1,,,,,2019,,031-310-3144,경기도 시흥시청,20260224
신천동19S027,1,,,,,2019,,031-310-3144,경기도 시흥시청,20260224
신천동19S028,1,,,,,2019,,031-310-3144,경기도 시흥시청,20260224
신천동19S023,1,,,,,2019,,031-310-3144,경기도 시흥시청,20260224
신천동19S024,1,,,,,2019,,031-310-3144,경기도 시흥시청,20260224
신천동19S022,1,,,,,2019,,031-310-3144,경기도 시흥시청,20260224
목감동N086,1,,,,,2019,,031-310-3144,경기도 시흥시청,20260224
목감동N085,1,,,,,2019,,031-310-3144,경기도 시흥시청,20260224
장곡동24020,1,,,,,2019,,031-310-3144,경기도 시흥시청,20260224
군자동24020,1,,,,,2019,,031-310-3144,경기도 시흥시청,20260224
군자동NO75,1,,,,,2019,,031-310-3144,경기도 시흥시청,20260224
정왕3동N057,1,,,,,2019,,031-310-3144,경기도 시흥시청,20260224
정왕3동N058,1,,,,,2019,,031-310-3144,경기도 시흥시청,20260224
정왕3동N059,1,,,,,2019,,031-310-3144,경기도 시흥시청,20260224
정왕3동N061,1,,,,,2019,,031-310-3144,경기도 시흥시청,20260224
정왕3동N062,1,,,,,2019,,031-310-3144,경기도 시흥시청,20260224
과림동N118(과림212),1,,,,,2019,,031-310-3144,경기도 시흥시청,20260224
과림동N119,1,,,,,2019,,031-310-3144,경기도 시흥시청,20260224
과림동N121,1,,,,,2019,,031-310-3144,경기도 시흥시청,20260224
신천동19S355,1,,,,,2019,,031-310-3144,경기도 시흥시청,20260224
은행동19002,1,,,,,2019,,031-310-3144,경기도 시흥시청,20260224
정왕3동N051,1,,,,,2019,,031-310-3144,경기도 시흥시청,20260224
정왕3동N052,1,,,,,2019,,031-310-3144,경기도 시흥시청,20260224
정왕3동N053,1,,,,,2019,,031-310-3144,경기도 시흥시청,20260224
정왕3동N054,1,,,,,2019,,031-310-3144,경기도 시흥시청,20260224
정왕3동N055,1,,,,,2019,,031-310-3144,경기도 시흥시청,20260224
정왕3동N056,1,,,,,2019,,031-310-3144,경기도 시흥시청,20260224
군자동N069,1,,,,,2019,,031-310-3144,경기도 시흥시청,20260224
정왕본동N121,1,,,,,2019,,031-310-3144,경기도 시흥시청,20260224
신천동19002,1,,,,,2019,,031-310-3144,경기도 시흥시청,20260224
정왕본동N124,1,,,,,2019,,031-310-3144,경기도 시흥시청,20260224
정왕1동21U070,1,,,,,2019,,031-310-3144,경기도 시흥시청,20260224
과림동N115,1,,,,,2019,,031-310-3144,경기도 시흥시청,20260224
과림동N117,1,,,,,2019,,031-310-3144,경기도 시흥시청,20260224
신현동N138,1,,,,,2019,,031-310-3144,경기도 시흥시청,20260224
신현동N140,1,,,,,2019,,031-310-3144,경기도 시흥시청,20260224
목감동19004,1,,,,,2019,,031-310-3144,경기도 시흥시청,20260224
신현동N137,1,,,,,2019,,031-310-3144,경기도 시흥시청,20260224
연성동N047,1,,,,,2019,,031-310-3144,경기도 시흥시청,20260224
연성동N048,1,,,,,2019,,031-310-3144,경기도 시흥시청,20260224
매화동N053,1,,,,,2019,,031-310-3144,경기도 시흥시청,20260224
매화동N055,1,,,,,2019,,031-310-3144,경기도 시흥시청,20260224
과림동19004,1,,,,,2019,,031-310-3144,경기도 시흥시청,20260224
과림동19005,1,,,,,2019,,031-310-3144,경기도 시흥시청,20260224
과림동19006,1,,,,,2019,,031-310-3144,경기도 시흥시청,20260224
매화동N057,1,,,,,2019,,031-310-3144,경기도 시흥시청,20260224
매화동N058,1,,,,,2019,,031-310-3144,경기도 시흥시청,20260224
목감동19S080,1,,,,,2019,,031-310-3144,경기도 시흥시청,20260224
신현동N144,1,,,,,2019,,031-310-3144,경기도 시흥시청,20260224
과림동N122,1,,,,,2019,,031-310-3144,경기도 시흥시청,20260224
목감동19S274,1,,,,,2019,,031-310-3144,경기도 시흥시청,20260224
목감동N091,1,,,,,2019,,031-310-3144,경기도 시흥시청,20260224
정왕본동21U134,1,,,,,2019,,031-310-3144,경기도 시흥시청,20260224
군자동NO85,1,,,,,2019,,031-310-3144,경기도 시흥시청,20260224
목감동N089,1,,,,,2019,,031-310-3144,경기도 시흥시청,20260224
정왕3동N063,1,,,,,2019,,031-310-3144,경기도 시흥시청,20260224
정왕3동N064,1,,,,,2019,,031-310-3144,경기도 시흥시청,20260224
은행동N037,1,,,,,2019,,031-310-3144,경기도 시흥시청,20260224
장곡동24064,1,,,,,2019,,031-310-3144,경기도 시흥시청,20260224
목감동N079,1,,,,,2019,,031-310-3144,경기도 시흥시청,20260224
신현동19001,1,,,,,2019,,031-310-3144,경기도 시흥시청,20260224
신현동N129,1,,,,,2019,,031-310-3144,경기도 시흥시청,20260224
신현동N130,1,,,,,2019,,031-310-3144,경기도 시흥시청,20260224
대야동19004,1,,,,,2019,,031-310-3144,경기도 시흥시청,20260224
목감동N075,1,,,,,2019,,031-310-3144,경기도 시흥시청,20260224
목감동N076,1,,,,,2019,,031-310-3144,경기도 시흥시청,20260224
목감동N080,1,,,,,2019,,031-310-3144,경기도 시흥시청,20260224
목감동N081,1,,,,,2019,,031-310-3144,경기도 시흥시청,20260224
목감동N082,1,,,,,2019,,031-310-3144,경기도 시흥시청,20260224
목감동N084,1,,,,,2019,,031-310-3144,경기도 시흥시청,20260224
신천동19S741,1,,,,,2019,,031-310-3144,경기도 시흥시청,20260224
연성동N046,1,,,,,2019,,031-310-3144,경기도 시흥시청,20260224
매화동22011,1,,,,,2019,,031-310-3144,경기도 시흥시청,20260224
장곡동24026,1,,,,,2019,,031-310-3144,경기도 시흥시청,20260224
신천동19001,1,,,,,2019,,031-310-3144,경기도 시흥시청,20260224
신천동N158,1,,,,,2019,,031-310-3144,경기도 시흥시청,20260224
과림동N113,1,,,,,2019,,031-310-3144,경기도 시흥시청,20260224
과림동N114,1,,,,,2019,,031-310-3144,경기도 시흥시청,20260224
은행동19001(은행342,1,,,,,2019,,031-310-3144,경기도 시흥시청,20260224
신현동N136,1,,,,,2019,,031-310-3144,경기도 시흥시청,20260224
연성동N045,1,,,,,2019,,031-310-3144,경기도 시흥시청,20260224
장곡동24043,1,,,,,2019,,031-310-3144,경기도 시흥시청,20260224
과림동19001,1,,,,,2019,,031-310-3144,경기도 시흥시청,20260224
과림동N111,1,,,,,2019,,031-310-3144,경기도 시흥시청,20260224
과림동N112,1,,,,,2019,,031-310-3144,경기도 시흥시청,20260224
정왕3동N050,1,,,,,2019,,031-310-3144,경기도 시흥시청,20260224
정왕본동332,1,,,,,2019,,031-310-3144,경기도 시흥시청,20260224
과림동N109(과림056),1,,,,,2019,,031-310-3144,경기도 시흥시청,20260224
정왕본동N120,1,,,,,2019,,031-310-3144,경기도 시흥시청,20260224
정왕본동21U147,1,,,,,2019,,031-310-3144,경기도 시흥시청,20260224
신천동N157,1,,,,,2019,,031-310-3144,경기도 시흥시청,20260224
목감동19002,1,,,,,2019,,031-310-3144,경기도 시흥시청,20260224
정왕본동N119,1,,,,,2019,,031-310-3144,경기도 시흥시청,20260224
정왕3동N045,1,,,,,2019,,031-310-3144,경기도 시흥시청,20260224
정왕3동N046,1,,,,,2019,,031-310-3144,경기도 시흥시청,20260224
정왕3동N23003,1,,,,,2019,,031-310-3144,경기도 시흥시청,20260224
과림동N105,1,,,,,2019,,031-310-3144,경기도 시흥시청,20260224
과림동N106,1,,,,,2019,,031-310-3144,경기도 시흥시청,20260224
과림동N107(과림402),1,,,,,2019,,031-310-3144,경기도 시흥시청,20260224
과림동N108,1,,,,,2019,,031-310-3144,경기도 시흥시청,20260224
정왕본동19006,1,,,,,2019,,031-310-3144,경기도 시흥시청,20260224
정왕본동19007,1,,,,,2019,,031-310-3144,경기도 시흥시청,20260224
정왕본동19008,1,,,,,2019,,031-310-3144,경기도 시흥시청,20260224
정왕본동19009,1,,,,,2019,,031-310-3144,경기도 시흥시청,20260224
정왕본동19010,1,,,,,2019,,031-310-3144,경기도 시흥시청,20260224
신현동19S077,1,,,,,2019,,031-310-3144,경기도 시흥시청,20260224
신현동N141,1,,,,,2019,,031-310-3144,경기도 시흥시청,20260224
정왕본동N127,1,,,,,2019,,031-310-3144,경기도 시흥시청,20260224
정왕3동N029,1,,,,,2019,,031-310-3144,경기도 시흥시청,20260224
정왕3동N031,1,,,,,2019,,031-310-3144,경기도 시흥시청,20260224
정왕3동N032,1,,,,,2019,,031-310-3144,경기도 시흥시청,20260224
목감동19S183,1,,,,,2019,,031-310-3144,경기도 시흥시청,20260224
목감동19S205,1,,,,,2019,,031-310-3144,경기도 시흥시청,20260224
목감동19S304,1,,,,,2019,,031-310-3144,경기도 시흥시청,20260224
목감동N071,1,,,,,2019,,031-310-3144,경기도 시흥시청,20260224
신현동19S162,1,,,,,2019,,031-310-3144,경기도 시흥시청,20260224
대야동19S112,1,,,,,2019,,031-310-3144,경기도 시흥시청,20260224
목감동19S218,1,,,,,2019,,031-310-3144,경기도 시흥시청,20260224
목감동19S293,1,,,,,2019,,031-310-3144,경기도 시흥시청,20260224
목감동N067,1,,,,,2019,,031-310-3144,경기도 시흥시청,20260224
군자동NO89,1,,,,,2019,,031-310-3144,경기도 시흥시청,20260224
매화동19S320,1,,,,,2019,,031-310-3144,경기도 시흥시청,20260224
매화동19S325,1,,,,,2019,,031-310-3144,경기도 시흥시청,20260224
매화동19S326,1,,,,,2019,,031-310-3144,경기도 시흥시청,20260224
매화동N049,1,,,,,2019,,031-310-3144,경기도 시흥시청,20260224
목감동N062,1,,,,,2019,,031-310-3144,경기도 시흥시청,20260224
목감동N063,1,,,,,2019,,031-310-3144,경기도 시흥시청,20260224
목감동N064,1,,,,,2019,,031-310-3144,경기도 시흥시청,20260224
목감동N065,1,,,,,2019,,031-310-3144,경기도 시흥시청,20260224
과림동N104,1,,,,,2019,,031-310-3144,경기도 시흥시청,20260224
신현동19005,1,,,,,2019,,031-310-3144,경기도 시흥시청,20260224
신현동N135,1,,,,,2019,,031-310-3144,경기도 시흥시청,20260224
신현동19003,1,,,,,2019,,031-310-3144,경기도 시흥시청,20260224
신현동19004,1,,,,,2019,,031-310-3144,경기도 시흥시청,20260224
신현동19S210,1,,,,,2019,,031-310-3144,경기도 시흥시청,20260224
연성동N042,1,,,,,2019,,031-310-3144,경기도 시흥시청,20260224
대야동N153,1,,,,,2019,,031-310-3144,경기도 시흥시청,20260224
정왕3동N042,1,,,,,2019,,031-310-3144,경기도 시흥시청,20260224
신현동N133,1,,,,,2019,,031-310-3144,경기도 시흥시청,20260224
목감동19001,1,,,,,2019,,031-310-3144,경기도 시흥시청,20260224
대야동19S194,1,,,,,2019,,031-310-3144,경기도 시흥시청,20260224
과림동N103,1,,,,,2019,,031-310-3144,경기도 시흥시청,20260224
과림동N100,1,,,,,2019,,031-310-3144,경기도 시흥시청,20260224
과림동N101,1,,,,,2019,,031-310-3144,경기도 시흥시청,20260224
은행동N038,1,,,,,2019,,031-310-3144,경기도 시흥시청,20260224
정왕3동N035,1,,,,,2019,,031-310-3144,경기도 시흥시청,20260224
정왕3동N036,1,,,,,2019,,031-310-3144,경기도 시흥시청,20260224
정왕3동N037,1,,,,,2019,,031-310-3144,경기도 시흥시청,20260224
정왕3동N039,1,,,,,2019,,031-310-3144,경기도 시흥시청,20260224
정왕본동19001,1,,,,,2019,,031-310-3144,경기도 시흥시청,20260224
정왕본동19002,1,,,,,2019,,031-310-3144,경기도 시흥시청,20260224
정왕본동19003,1,,,,,2019,,031-310-3144,경기도 시흥시청,20260224
정왕본동19004,1,,,,,2019,,031-310-3144,경기도 시흥시청,20260224
정왕본동19005,1,,,,,2019,,031-310-3144,경기도 시흥시청,20260224
능곡동19001,1,,,,,2019,,031-310-3144,경기도 시흥시청,20260224
신현동N131,1,,,,,2019,,031-310-3144,경기도 시흥시청,20260224
월곶동19004,1,,,,,2019,,031-310-3144,경기도 시흥시청,20260224
은행동N035,1,,,,,2019,,031-310-3144,경기도 시흥시청,20260224
은행동N036,1,,,,,2019,,031-310-3144,경기도 시흥시청,20260224
신현동19S409,1,,,,,2019,,031-310-3144,경기도 시흥시청,20260224
신현동19S411,1,,,,,2019,,031-310-3144,경기도 시흥시청,20260224
신현동19S416,1,,,,,2019,,031-310-3144,경기도 시흥시청,20260224
신현동19S422,1,,,,,2019,,031-310-3144,경기도 시흥시청,20260224
신현동19S424,1,,,,,2019,,031-310-3144,경기도 시흥시청,20260224
신현동19S425,1,,,,,2019,,031-310-3144,경기도 시흥시청,20260224
신현동19S426,1,,,,,2019,,031-310-3144,경기도 시흥시청,20260224
신현동19S427,1,,,,,2019,,031-310-3144,경기도 시흥시청,20260224
신현동19S428,1,,,,,2019,,031-310-3144,경기도 시흥시청,20260224
신현동19S429,1,,,,,2019,,031-310-3144,경기도 시흥시청,20260224
신현동19S342,1,,,,,2019,,031-310-3144,경기도 시흥시청,20260224
신현동19S343,1,,,,,2019,,031-310-3144,경기도 시흥시청,20260224
신현동19S344,1,,,,,2019,,031-310-3144,경기도 시흥시청,20260224
신현동19S346,1,,,,,2019,,031-310-3144,경기도 시흥시청,20260224
신현동19S347,1,,,,,2019,,031-310-3144,경기도 시흥시청,20260224
신현동19S348,1,,,,,2019,,031-310-3144,경기도 시흥시청,20260224
신현동19S349,1,,,,,2019,,031-310-3144,경기도 시흥시청,20260224
신현동19S350,1,,,,,2019,,031-310-3144,경기도 시흥시청,20260224
신현동19S351,1,,,,,2019,,031-310-3144,경기도 시흥시청,20260224
신현동19S352,1,,,,,2019,,031-310-3144,경기도 시흥시청,20260224
신현동19S353,1,,,,,2019,,031-310-3144,경기도 시흥시청,20260224
신현동19S354,1,,,,,2019,,031-310-3144,경기도 시흥시청,20260224
신현동19S355,1,,,,,2019,,031-310-3144,경기도 시흥시청,20260224
신현동19S356,1,,,,,2019,,031-310-3144,경기도 시흥시청,20260224
신현동19S357,1,,,,,2019,,031-310-3144,경기도 시흥시청,20260224
신현동19S358,1,,,,,2019,,031-310-3144,경기도 시흥시청,20260224
신현동19S359,1,,,,,2019,,031-310-3144,경기도 시흥시청,20260224
신현동19S360,1,,,,,2019,,031-310-3144,경기도 시흥시청,20260224
신현동19S361,1,,,,,2019,,031-310-3144,경기도 시흥시청,20260224
신현동19S362,1,,,,,2019,,031-310-3144,경기도 시흥시청,20260224
신현동19S364,1,,,,,2019,,031-310-3144,경기도 시흥시청,20260224
신현동19S366,1,,,,,2019,,031-310-3144,경기도 시흥시청,20260224
목감동N077,1,,,,,2019,,031-310-3144,경기도 시흥시청,20260224
정왕본동N116,1,,,,,2019,,031-310-3144,경기도 시흥시청,20260224
정왕본동21U159,1,,,,,2019,,031-310-3144,경기도 시흥시청,20260224
대야동19005,1,,,,,2019,,031-310-3144,경기도 시흥시청,20260224
정왕3동N033,1,,,,,2019,,031-310-3144,경기도 시흥시청,20260224
정왕3동N034,1,,,,,2019,,031-310-3144,경기도 시흥시청,20260224
과림동N099,1,,,,,2019,,031-310-3144,경기도 시흥시청,20260224
신천동19S401,1,,,,,2019,,031-310-3144,경기도 시흥시청,20260224
매화동N050,1,,,,,2019,,031-310-3144,경기도 시흥시청,20260224
은행동19s151_,1,,,,,2019,,031-310-3144,경기도 시흥시청,20260224
은행동N032,1,,,,,2019,,031-310-3144,경기도 시흥시청,20260224
은행동N034,1,,,,,2019,,031-310-3144,경기도 시흥시청,20260224
정왕1동N061,1,,,,,2019,,031-310-3144,경기도 시흥시청,20260224
과림동N096,1,,,,,2019,,031-310-3144,경기도 시흥시청,20260224
과림동N097,1,,,,,2019,,031-310-3144,경기도 시흥시청,20260224
과림동N098(과림118),1,,,,,2019,,031-310-3144,경기도 시흥시청,20260224
군자동NO61,1,,,,,2019,,031-310-3144,경기도 시흥시청,20260224
신천동19S555,1,,,,,2019,,031-310-3144,경기도 시흥시청,20260224
신현동19S454,1,,,,,2019,,031-310-3144,경기도 시흥시청,20260224
신현동19S455,1,,,,,2019,,031-310-3144,경기도 시흥시청,20260224
신현동19S456,1,,,,,2019,,031-310-3144,경기도 시흥시청,20260224
신현동19S457,1,,,,,2019,,031-310-3144,경기도 시흥시청,20260224
신현동19S460,1,,,,,2019,,031-310-3144,경기도 시흥시청,20260224
신현동19S461,1,,,,,2019,,031-310-3144,경기도 시흥시청,20260224
신현동19S462,1,,,,,2019,,031-310-3144,경기도 시흥시청,20260224
신현동19S463,1,,,,,2019,,031-310-3144,경기도 시흥시청,20260224
신현동19S464,1,,,,,2019,,031-310-3144,경기도 시흥시청,20260224
연성070,1,,,,,2019,,031-310-3144,경기도 시흥시청,20260224
연성125,1,,,,,2019,,031-310-3144,경기도 시흥시청,20260224
연성127,1,,,,,2019,,031-310-3144,경기도 시흥시청,20260224
연성253,1,,,,,2019,,031-310-3144,경기도 시흥시청,20260224
연성275,1,,,,,2019,,031-310-3144,경기도 시흥시청,20260224
연성279,1,,,,,2019,,031-310-3144,경기도 시흥시청,20260224
연성297,1,,,,,2019,,031-310-3144,경기도 시흥시청,20260224
연성309,1,,,,,2019,,031-310-3144,경기도 시흥시청,20260224
연성325,1,,,,,2019,,031-310-3144,경기도 시흥시청,20260224
연성338,1,,,,,2019,,031-310-3144,경기도 시흥시청,20260224
연성385,1,,,,,2019,,031-310-3144,경기도 시흥시청,20260224
연성394,1,,,,,2019,,031-310-3144,경기도 시흥시청,20260224
신현동19S367,1,,,,,2019,,031-310-3144,경기도 시흥시청,20260224
신현동19S369,1,,,,,2019,,031-310-3144,경기도 시흥시청,20260224
신현동19S370,1,,,,,2019,,031-310-3144,경기도 시흥시청,20260224
신현동19S371,1,,,,,2019,,031-310-3144,경기도 시흥시청,20260224
신현동19S372,1,,,,,2019,,031-310-3144,경기도 시흥시청,20260224
신현동19S374,1,,,,,2019,,031-310-3144,경기도 시흥시청,20260224
신현동19S375,1,,,,,2019,,031-310-3144,경기도 시흥시청,20260224
신현동19S376,1,,,,,2019,,031-310-3144,경기도 시흥시청,20260224
신현동19S377,1,,,,,2019,,031-310-3144,경기도 시흥시청,20260224
신현동19S379,1,,,,,2019,,031-310-3144,경기도 시흥시청,20260224
신현동19S381,1,,,,,2019,,031-310-3144,경기도 시흥시청,20260224
신현동19S382,1,,,,,2019,,031-310-3144,경기도 시흥시청,20260224
신현동19S383,1,,,,,2019,,031-310-3144,경기도 시흥시청,20260224
신현동19S384,1,,,,,2019,,031-310-3144,경기도 시흥시청,20260224
신현동19S387,1,,,,,2019,,031-310-3144,경기도 시흥시청,20260224
신현동19S388,1,,,,,2019,,031-310-3144,경기도 시흥시청,20260224
신현동19S389,1,,,,,2019,,031-310-3144,경기도 시흥시청,20260224
신현동19S391,1,,,,,2019,,031-310-3144,경기도 시흥시청,20260224
신현동19S392,1,,,,,2019,,031-310-3144,경기도 시흥시청,20260224
신현동19S393,1,,,,,2019,,031-310-3144,경기도 시흥시청,20260224
신현동19S394,1,,,,,2019,,031-310-3144,경기도 시흥시청,20260224
신현동19S396,1,,,,,2019,,031-310-3144,경기도 시흥시청,20260224
신현동19S397,1,,,,,2019,,031-310-3144,경기도 시흥시청,20260224
신현동19S398,1,,,,,2019,,031-310-3144,경기도 시흥시청,20260224
신현동19S399,1,,,,,2019,,031-310-3144,경기도 시흥시청,20260224
신현동19S400,1,,,,,2019,,031-310-3144,경기도 시흥시청,20260224
신현동19S401,1,,,,,2019,,031-310-3144,경기도 시흥시청,20260224
신현동19S402,1,,,,,2019,,031-310-3144,경기도 시흥시청,20260224
신현동19S403,1,,,,,2019,,031-310-3144,경기도 시흥시청,20260224
신현동19S407,1,,,,,2019,,031-310-3144,경기도 시흥시청,20260224
신현동19S408,1,,,,,2019,,031-310-3144,경기도 시흥시청,20260224
목감동19S015,1,,,,,2019,,031-310-3144,경기도 시흥시청,20260224
목감동19S016,1,,,,,2019,,031-310-3144,경기도 시흥시청,20260224
목감동19S017,1,,,,,2019,,031-310-3144,경기도 시흥시청,20260224
목감동19S019,1,,,,,2019,,031-310-3144,경기도 시흥시청,20260224
목감동19S020,1,,,,,2019,,031-310-3144,경기도 시흥시청,20260224
목감동19S023,1,,,,,2019,,031-310-3144,경기도 시흥시청,20260224
목감동19S025,1,,,,,2019,,031-310-3144,경기도 시흥시청,20260224
목감동19S026,1,,,,,2019,,031-310-3144,경기도 시흥시청,20260224
목감동19S028,1,,,,,2019,,031-310-3144,경기도 시흥시청,20260224
목감동19S031,1,,,,,2019,,031-310-3144,경기도 시흥시청,20260224
매화동19S354,1,,,,,2019,,031-310-3144,경기도 시흥시청,20260224
매화동19S356,1,,,,,2019,,031-310-3144,경기도 시흥시청,20260224
매화동19S357,1,,,,,2019,,031-310-3144,경기도 시흥시청,20260224
매화동19S358,1,,,,,2019,,031-310-3144,경기도 시흥시청,20260224
매화동19S359,1,,,,,2019,,031-310-3144,경기도 시흥시청,20260224
매화동19S360,1,,,,,2019,,031-310-3144,경기도 시흥시청,20260224
매화동19S365,1,,,,,2019,,031-310-3144,경기도 시흥시청,20260224
목감024,1,,,,,2019,,031-310-3144,경기도 시흥시청,20260224
목감109,1,,,,,2019,,031-310-3144,경기도 시흥시청,20260224
목감118,1,,,,,2019,,031-310-3144,경기도 시흥시청,20260224
목감123,1,,,,,2019,,031-310-3144,경기도 시흥시청,20260224
은행016,1,,,,,2019,,031-310-3144,경기도 시흥시청,20260224
은행017,1,,,,,2019,,031-310-3144,경기도 시흥시청,20260224
은행018,1,,,,,2019,,031-310-3144,경기도 시흥시청,20260224
은행020,1,,,,,2019,,031-310-3144,경기도 시흥시청,20260224
은행021,1,,,,,2019,,031-310-3144,경기도 시흥시청,20260224
은행042,1,,,,,2019,,031-310-3144,경기도 시흥시청,20260224
은행060,1,,,,,2019,,031-310-3144,경기도 시흥시청,20260224
은행095,1,,,,,2019,,031-310-3144,경기도 시흥시청,20260224
은행096,1,,,,,2019,,031-310-3144,경기도 시흥시청,20260224
신현동19S430,1,,,,,2019,,031-310-3144,경기도 시흥시청,20260224
신현동19S431,1,,,,,2019,,031-310-3144,경기도 시흥시청,20260224
신현동19S432,1,,,,,2019,,031-310-3144,경기도 시흥시청,20260224
신현동19S433,1,,,,,2019,,031-310-3144,경기도 시흥시청,20260224
신현동19S434,1,,,,,2019,,031-310-3144,경기도 시흥시청,20260224
신현동19S435,1,,,,,2019,,031-310-3144,경기도 시흥시청,20260224
신현동19S436,1,,,,,2019,,031-310-3144,경기도 시흥시청,20260224
신현동19S437,1,,,,,2019,,031-310-3144,경기도 시흥시청,20260224
신현동19S438,1,,,,,2019,,031-310-3144,경기도 시흥시청,20260224
신현동19S440,1,,,,,2019,,031-310-3144,경기도 시흥시청,20260224
신현동19S441,1,,,,,2019,,031-310-3144,경기도 시흥시청,20260224
신현동19S442,1,,,,,2019,,031-310-3144,경기도 시흥시청,20260224
신현동19S443,1,,,,,2019,,031-310-3144,경기도 시흥시청,20260224
신현동19S444,1,,,,,2019,,031-310-3144,경기도 시흥시청,20260224
신현동19S445,1,,,,,2019,,031-310-3144,경기도 시흥시청,20260224
신현동19S446,1,,,,,2019,,031-310-3144,경기도 시흥시청,20260224
신현동19S447,1,,,,,2019,,031-310-3144,경기도 시흥시청,20260224
신현동19S449,1,,,,,2019,,031-310-3144,경기도 시흥시청,20260224
신현동19S451,1,,,,,2019,,031-310-3144,경기도 시흥시청,20260224
신현동19S453,1,,,,,2019,,031-310-3144,경기도 시흥시청,20260224
목감동19S055,1,,,,,2019,,031-310-3144,경기도 시흥시청,20260224
목감동19S056,1,,,,,2019,,031-310-3144,경기도 시흥시청,20260224
목감동19S057,1,,,,,2019,,031-310-3144,경기도 시흥시청,20260224
목감동19S058,1,,,,,2019,,031-310-3144,경기도 시흥시청,20260224
목감동19S059,1,,,,,2019,,031-310-3144,경기도 시흥시청,20260224
목감동19S060,1,,,,,2019,,031-310-3144,경기도 시흥시청,20260224
목감동19S062,1,,,,,2019,,031-310-3144,경기도 시흥시청,20260224
목감동19S063,1,,,,,2019,,031-310-3144,경기도 시흥시청,20260224
목감동19S064,1,,,,,2019,,031-310-3144,경기도 시흥시청,20260224
목감동19S065,1,,,,,2019,,031-310-3144,경기도 시흥시청,20260224
목감동19S066,1,,,,,2019,,031-310-3144,경기도 시흥시청,20260224
목감동19S069,1,,,,,2019,,031-310-3144,경기도 시흥시청,20260224
목감동19S071,1,,,,,2019,,031-310-3144,경기도 시흥시청,20260224
목감동19S072,1,,,,,2019,,031-310-3144,경기도 시흥시청,20260224
목감동19S073,1,,,,,2019,,031-310-3144,경기도 시흥시청,20260224
목감동19S074,1,,,,,2019,,031-310-3144,경기도 시흥시청,20260224
목감동19S075,1,,,,,2019,,031-310-3144,경기도 시흥시청,20260224
목감동19S076,1,,,,,2019,,031-310-3144,경기도 시흥시청,20260224
목감동19S078,1,,,,,2019,,031-310-3144,경기도 시흥시청,20260224
목감동19S081,1,,,,,2019,,031-310-3144,경기도 시흥시청,20260224
목감동19S082,1,,,,,2019,,031-310-3144,경기도 시흥시청,20260224
목감동19S083,1,,,,,2019,,031-310-3144,경기도 시흥시청,20260224
목감동19S084,1,,,,,2019,,031-310-3144,경기도 시흥시청,20260224
목감207,1,,,,,2019,,031-310-3144,경기도 시흥시청,20260224
목감218,1,,,,,2019,,031-310-3144,경기도 시흥시청,20260224
목감230,1,,,,,2019,,031-310-3144,경기도 시흥시청,20260224
목감231,1,,,,,2019,,031-310-3144,경기도 시흥시청,20260224
목감241,1,,,,,2019,,031-310-3144,경기도 시흥시청,20260224
목감245,1,,,,,2019,,031-310-3144,경기도 시흥시청,20260224
목감247,1,,,,,2019,,031-310-3144,경기도 시흥시청,20260224
목감271,1,,,,,2019,,031-310-3144,경기도 시흥시청,20260224
목감280,1,,,,,2019,,031-310-3144,경기도 시흥시청,20260224
목감373,1,,,,,2019,,031-310-3144,경기도 시흥시청,20260224
목감374,1,,,,,2019,,031-310-3144,경기도 시흥시청,20260224
목감386,1,,,,,2019,,031-310-3144,경기도 시흥시청,20260224
목감416,1,,,,,2019,,031-310-3144,경기도 시흥시청,20260224
목감482,1,,,,,2019,,031-310-3144,경기도 시흥시청,20260224
목감515,1,,,,,2019,,031-310-3144,경기도 시흥시청,20260224
목감520,1,,,,,2019,,031-310-3144,경기도 시흥시청,20260224
목감540,1,,,,,2019,,031-310-3144,경기도 시흥시청,20260224
목감542,1,,,,,2019,,031-310-3144,경기도 시흥시청,20260224
목감550,1,,,,,2019,,031-310-3144,경기도 시흥시청,20260224
목감563,1,,,,,2019,,031-310-3144,경기도 시흥시청,20260224
목감595,1,,,,,2019,,031-310-3144,경기도 시흥시청,20260224
목감599,1,,,,,2019,,031-310-3144,경기도 시흥시청,20260224
목감621,1,,,,,2019,,031-310-3144,경기도 시흥시청,20260224
목감동19S008,1,,,,,2019,,031-310-3144,경기도 시흥시청,20260224
목감동19S010,1,,,,,2019,,031-310-3144,경기도 시흥시청,20260224
목감동19S011,1,,,,,2019,,031-310-3144,경기도 시흥시청,20260224
목감동19S012,1,,,,,2019,,031-310-3144,경기도 시흥시청,20260224
목감동19S013,1,,,,,2019,,031-310-3144,경기도 시흥시청,20260224
목감동19S014,1,,,,,2019,,031-310-3144,경기도 시흥시청,20260224
목감동19S092,1,,,,,2019,,031-310-3144,경기도 시흥시청,20260224
목감동19S093,1,,,,,2019,,031-310-3144,경기도 시흥시청,20260224
목감동19S095,1,,,,,2019,,031-310-3144,경기도 시흥시청,20260224
목감동19S096,1,,,,,2019,,031-310-3144,경기도 시흥시청,20260224
목감동19S098,1,,,,,2019,,031-310-3144,경기도 시흥시청,20260224
목감동19S099,1,,,,,2019,,031-310-3144,경기도 시흥시청,20260224
목감동19S100,1,,,,,2019,,031-310-3144,경기도 시흥시청,20260224
목감동19S101,1,,,,,2019,,031-310-3144,경기도 시흥시청,20260224
목감동19S104,1,,,,,2019,,031-310-3144,경기도 시흥시청,20260224
목감동19S106,1,,,,,2019,,031-310-3144,경기도 시흥시청,20260224
목감동19S108,1,,,,,2019,,031-310-3144,경기도 시흥시청,20260224
목감동19S109,1,,,,,2019,,031-310-3144,경기도 시흥시청,20260224
목감동19S110,1,,,,,2019,,031-310-3144,경기도 시흥시청,20260224
목감동19S112,1,,,,,2019,,031-310-3144,경기도 시흥시청,20260224
목감동19S113,1,,,,,2019,,031-310-3144,경기도 시흥시청,20260224
목감동19S115,1,,,,,2019,,031-310-3144,경기도 시흥시청,20260224
목감동19S119,1,,,,,2019,,031-310-3144,경기도 시흥시청,20260224
목감동19S120,1,,,,,2019,,031-310-3144,경기도 시흥시청,20260224
목감동19S123,1,,,,,2019,,031-310-3144,경기도 시흥시청,20260224
목감동19S124,1,,,,,2019,,031-310-3144,경기도 시흥시청,20260224
목감동19S125,1,,,,,2019,,031-310-3144,경기도 시흥시청,20260224
목감동19S126,1,,,,,2019,,031-310-3144,경기도 시흥시청,20260224
목감동19S128,1,,,,,2019,,031-310-3144,경기도 시흥시청,20260224
목감동19S129,1,,,,,2019,,031-310-3144,경기도 시흥시청,20260224
목감동19S130,1,,,,,2019,,031-310-3144,경기도 시흥시청,20260224
목감동19S132,1,,,,,2019,,031-310-3144,경기도 시흥시청,20260224
목감동19S133,1,,,,,2019,,031-310-3144,경기도 시흥시청,20260224
목감동19S137,1,,,,,2019,,031-310-3144,경기도 시흥시청,20260224
목감동19S139,1,,,,,2019,,031-310-3144,경기도 시흥시청,20260224
목감동19S140,1,,,,,2019,,031-310-3144,경기도 시흥시청,20260224
목감동19S142,1,,,,,2019,,031-310-3144,경기도 시흥시청,20260224
목감동19S143,1,,,,,2019,,031-310-3144,경기도 시흥시청,20260224
목감동19S144,1,,,,,2019,,031-310-3144,경기도 시흥시청,20260224
목감동19S145,1,,,,,2019,,031-310-3144,경기도 시흥시청,20260224
목감동19S032,1,,,,,2019,,031-310-3144,경기도 시흥시청,20260224
목감동19S033,1,,,,,2019,,031-310-3144,경기도 시흥시청,20260224
목감동19S034,1,,,,,2019,,031-310-3144,경기도 시흥시청,20260224
목감동19S035,1,,,,,2019,,031-310-3144,경기도 시흥시청,20260224
목감동19S036,1,,,,,2019,,031-310-3144,경기도 시흥시청,20260224
목감동19S037,1,,,,,2019,,031-310-3144,경기도 시흥시청,20260224
목감동19S039,1,,,,,2019,,031-310-3144,경기도 시흥시청,20260224
목감동19S042,1,,,,,2019,,031-310-3144,경기도 시흥시청,20260224
목감동19S043,1,,,,,2019,,031-310-3144,경기도 시흥시청,20260224
목감동19S045,1,,,,,2019,,031-310-3144,경기도 시흥시청,20260224
목감동19S046,1,,,,,2019,,031-310-3144,경기도 시흥시청,20260224
목감동19S047,1,,,,,2019,,031-310-3144,경기도 시흥시청,20260224
목감동19S048,1,,,,,2019,,031-310-3144,경기도 시흥시청,20260224
목감동19S049,1,,,,,2019,,031-310-3144,경기도 시흥시청,20260224
목감동19S051,1,,,,,2019,,031-310-3144,경기도 시흥시청,20260224
목감동19S052,1,,,,,2019,,031-310-3144,경기도 시흥시청,20260224
목감동19S054,1,,,,,2019,,031-310-3144,경기도 시흥시청,20260224
목감동19S250,1,,,,,2019,,031-310-3144,경기도 시흥시청,20260224
목감동19S252,1,,,,,2019,,031-310-3144,경기도 시흥시청,20260224
목감동19S253,1,,,,,2019,,031-310-3144,경기도 시흥시청,20260224
목감동19S254,1,,,,,2019,,031-310-3144,경기도 시흥시청,20260224
목감동19S255,1,,,,,2019,,031-310-3144,경기도 시흥시청,20260224
목감동19S256,1,,,,,2019,,031-310-3144,경기도 시흥시청,20260224
목감동19S257,1,,,,,2019,,031-310-3144,경기도 시흥시청,20260224
목감동19S146,1,,,,,2019,,031-310-3144,경기도 시흥시청,20260224
목감동19S148,1,,,,,2019,,031-310-3144,경기도 시흥시청,20260224
목감동19S149,1,,,,,2019,,031-310-3144,경기도 시흥시청,20260224
목감동19S150,1,,,,,2019,,031-310-3144,경기도 시흥시청,20260224
목감동19S153,1,,,,,2019,,031-310-3144,경기도 시흥시청,20260224
목감동19S154,1,,,,,2019,,031-310-3144,경기도 시흥시청,20260224
목감동19S155,1,,,,,2019,,031-310-3144,경기도 시흥시청,20260224
목감동19S156,1,,,,,2019,,031-310-3144,경기도 시흥시청,20260224
목감동19S157,1,,,,,2019,,031-310-3144,경기도 시흥시청,20260224
목감동19S158,1,,,,,2019,,031-310-3144,경기도 시흥시청,20260224
목감동19S159,1,,,,,2019,,031-310-3144,경기도 시흥시청,20260224
목감동19S160,1,,,,,2019,,031-310-3144,경기도 시흥시청,20260224
목감동19S161,1,,,,,2019,,031-310-3144,경기도 시흥시청,20260224
목감동19S162,1,,,,,2019,,031-310-3144,경기도 시흥시청,20260224
목감동19S163,1,,,,,2019,,031-310-3144,경기도 시흥시청,20260224
목감동19S164,1,,,,,2019,,031-310-3144,경기도 시흥시청,20260224
목감동19S168,1,,,,,2019,,031-310-3144,경기도 시흥시청,20260224
목감동19S169,1,,,,,2019,,031-310-3144,경기도 시흥시청,20260224
목감동19S170,1,,,,,2019,,031-310-3144,경기도 시흥시청,20260224
목감동19S171,1,,,,,2019,,031-310-3144,경기도 시흥시청,20260224
목감동19S172,1,,,,,2019,,031-310-3144,경기도 시흥시청,20260224
목감동19S173,1,,,,,2019,,031-310-3144,경기도 시흥시청,20260224
목감동19S176,1,,,,,2019,,031-310-3144,경기도 시흥시청,20260224
목감동19S177,1,,,,,2019,,031-310-3144,경기도 시흥시청,20260224
목감동19S179,1,,,,,2019,,031-310-3144,경기도 시흥시청,20260224
목감동19S180,1,,,,,2019,,031-310-3144,경기도 시흥시청,20260224
목감동19S182,1,,,,,2019,,031-310-3144,경기도 시흥시청,20260224
목감동19S184,1,,,,,2019,,031-310-3144,경기도 시흥시청,20260224
목감동19S185,1,,,,,2019,,031-310-3144,경기도 시흥시청,20260224
목감동19S186,1,,,,,2019,,031-310-3144,경기도 시흥시청,20260224
목감동19S187,1,,,,,2019,,031-310-3144,경기도 시흥시청,20260224
목감동19S188,1,,,,,2019,,031-310-3144,경기도 시흥시청,20260224
목감동19S191,1,,,,,2019,,031-310-3144,경기도 시흥시청,20260224
목감동19S192,1,,,,,2019,,031-310-3144,경기도 시흥시청,20260224
목감동19S193,1,,,,,2019,,031-310-3144,경기도 시흥시청,20260224
목감동19S195,1,,,,,2019,,031-310-3144,경기도 시흥시청,20260224
목감동19S197,1,,,,,2019,,031-310-3144,경기도 시흥시청,20260224
목감동19S198,1,,,,,2019,,031-310-3144,경기도 시흥시청,20260224
목감동19S200,1,,,,,2019,,031-310-3144,경기도 시흥시청,20260224
목감동19S086,1,,,,,2019,,031-310-3144,경기도 시흥시청,20260224
목감동19S087,1,,,,,2019,,031-310-3144,경기도 시흥시청,20260224
목감동19S088,1,,,,,2019,,031-310-3144,경기도 시흥시청,20260224
목감동19S090,1,,,,,2019,,031-310-3144,경기도 시흥시청,20260224
목감동19S091,1,,,,,2019,,031-310-3144,경기도 시흥시청,20260224
목감동19S289,1,,,,,2019,,031-310-3144,경기도 시흥시청,20260224
목감동19S292,1,,,,,2019,,031-310-3144,경기도 시흥시청,20260224
목감동19S294,1,,,,,2019,,031-310-3144,경기도 시흥시청,20260224
목감동19S297,1,,,,,2019,,031-310-3144,경기도 시흥시청,20260224
목감동19S298,1,,,,,2019,,031-310-3144,경기도 시흥시청,20260224
목감동19S301,1,,,,,2019,,031-310-3144,경기도 시흥시청,20260224
목감동19S302,1,,,,,2019,,031-310-3144,경기도 시흥시청,20260224
목감동19S305,1,,,,,2019,,031-310-3144,경기도 시흥시청,20260224
목감동19S306,1,,,,,2019,,031-310-3144,경기도 시흥시청,20260224
목감동19S307,1,,,,,2019,,031-310-3144,경기도 시흥시청,20260224
목감동19S308,1,,,,,2019,,031-310-3144,경기도 시흥시청,20260224
목감동19S309,1,,,,,2019,,031-310-3144,경기도 시흥시청,20260224
목감동19S310,1,,,,,2019,,031-310-3144,경기도 시흥시청,20260224
목감동19S311,1,,,,,2019,,031-310-3144,경기도 시흥시청,20260224
목감동19S313,1,,,,,2019,,031-310-3144,경기도 시흥시청,20260224
목감동19S315,1,,,,,2019,,031-310-3144,경기도 시흥시청,20260224
목감동19S318,1,,,,,2019,,031-310-3144,경기도 시흥시청,20260224
목감동19S320(양),1,,,,,2019,,031-310-3144,경기도 시흥시청,20260224
목감동19S201,1,,,,,2019,,031-310-3144,경기도 시흥시청,20260224
목감동19S202,1,,,,,2019,,031-310-3144,경기도 시흥시청,20260224
목감동19S204,1,,,,,2019,,031-310-3144,경기도 시흥시청,20260224
목감동19S206,1,,,,,2019,,031-310-3144,경기도 시흥시청,20260224
목감동19S207,1,,,,,2019,,031-310-3144,경기도 시흥시청,20260224
목감동19S208,1,,,,,2019,,031-310-3144,경기도 시흥시청,20260224
목감동19S209,1,,,,,2019,,031-310-3144,경기도 시흥시청,20260224
목감동19S210,1,,,,,2019,,031-310-3144,경기도 시흥시청,20260224
목감동19S211,1,,,,,2019,,031-310-3144,경기도 시흥시청,20260224
목감동19S212,1,,,,,2019,,031-310-3144,경기도 시흥시청,20260224
목감동19S213,1,,,,,2019,,031-310-3144,경기도 시흥시청,20260224
목감동19S216(양),1,,,,,2019,,031-310-3144,경기도 시흥시청,20260224
목감동19S219,1,,,,,2019,,031-310-3144,경기도 시흥시청,20260224
목감동19S221,1,,,,,2019,,031-310-3144,경기도 시흥시청,20260224
목감동19S222,1,,,,,2019,,031-310-3144,경기도 시흥시청,20260224
목감동19S223,1,,,,,2019,,031-310-3144,경기도 시흥시청,20260224
목감동19S224,1,,,,,2019,,031-310-3144,경기도 시흥시청,20260224
목감동19S225,1,,,,,2019,,031-310-3144,경기도 시흥시청,20260224
목감동19S226,1,,,,,2019,,031-310-3144,경기도 시흥시청,20260224
목감동19S227,1,,,,,2019,,031-310-3144,경기도 시흥시청,20260224
목감동19S228,1,,,,,2019,,031-310-3144,경기도 시흥시청,20260224
목감동19S229,1,,,,,2019,,031-310-3144,경기도 시흥시청,20260224
목감동19S232,1,,,,,2019,,031-310-3144,경기도 시흥시청,20260224
목감동19S233,1,,,,,2019,,031-310-3144,경기도 시흥시청,20260224
목감동19S234,1,,,,,2019,,031-310-3144,경기도 시흥시청,20260224
목감동19S235,1,,,,,2019,,031-310-3144,경기도 시흥시청,20260224
목감동19S240,1,,,,,2019,,031-310-3144,경기도 시흥시청,20260224
목감동19S241,1,,,,,2019,,031-310-3144,경기도 시흥시청,20260224
목감동19S244,1,,,,,2019,,031-310-3144,경기도 시흥시청,20260224
목감동19S245,1,,,,,2019,,031-310-3144,경기도 시흥시청,20260224
목감동19S247,1,,,,,2019,,031-310-3144,경기도 시흥시청,20260224
목감동19S249,1,,,,,2019,,031-310-3144,경기도 시흥시청,20260224
목감동19S333,1,,,,,2019,,031-310-3144,경기도 시흥시청,20260224
목감동19S334,1,,,,,2019,,031-310-3144,경기도 시흥시청,20260224
목감동19S337,1,,,,,2019,,031-310-3144,경기도 시흥시청,20260224
목감동19S338,1,,,,,2019,,031-310-3144,경기도 시흥시청,20260224
목감동19S339,1,,,,,2019,,031-310-3144,경기도 시흥시청,20260224
목감동19S340,1,,,,,2019,,031-310-3144,경기도 시흥시청,20260224
목감동19S342,1,,,,,2019,,031-310-3144,경기도 시흥시청,20260224
목감동19S343,1,,,,,2019,,031-310-3144,경기도 시흥시청,20260224
목감동19S344,1,,,,,2019,,031-310-3144,경기도 시흥시청,20260224
목감동19S345,1,,,,,2019,,031-310-3144,경기도 시흥시청,20260224
목감동19S346,1,,,,,2019,,031-310-3144,경기도 시흥시청,20260224
목감동19S347,1,,,,,2019,,031-310-3144,경기도 시흥시청,20260224
목감동19S348,1,,,,,2019,,031-310-3144,경기도 시흥시청,20260224
목감동19S349,1,,,,,2019,,031-310-3144,경기도 시흥시청,20260224
목감동19S350,1,,,,,2019,,031-310-3144,경기도 시흥시청,20260224
목감동19S351,1,,,,,2019,,031-310-3144,경기도 시흥시청,20260224
목감동19S353,1,,,,,2019,,031-310-3144,경기도 시흥시청,20260224
신천동 19S162,1,,,,,2019,,031-310-3144,경기도 시흥시청,20260224
신천동 17012,1,,,,,2019,,031-310-3144,경기도 시흥시청,20260224
신천동 19S789,1,,,,,2019,,031-310-3144,경기도 시흥시청,20260224
신천동 20008,1,,,,,2019,,031-310-3144,경기도 시흥시청,20260224
표찰무 - 14,1,,,,,2019,,031-310-3144,경기도 시흥시청,20260224
신천동19S212 - 1,1,,,,,2019,,031-310-3144,경기도 시흥시청,20260224
신천동19S149,1,,,,,2019,,031-310-3144,경기도 시흥시청,20260224
신천동19S479 - 1,1,,,,,2019,,031-310-3144,경기도 시흥시청,20260224
표찰무 - 06,1,,,,,2019,,031-310-3144,경기도 시흥시청,20260224
신천동19S469 - 1,1,,,,,2019,,031-310-3144,경기도 시흥시청,20260224
신천동 19S783,1,,,,,2019,,031-310-3144,경기도 시흥시청,20260224
신천동19S442-1,1,,,,,2019,,031-310-3144,경기도 시흥시청,20260224
신천동 19S825,1,,,,,2019,,031-310-3144,경기도 시흥시청,20260224
목감동19S258,1,,,,,2019,,031-310-3144,경기도 시흥시청,20260224
목감동19S259(양),1,,,,,2019,,031-310-3144,경기도 시흥시청,20260224
목감동19S260,1,,,,,2019,,031-310-3144,경기도 시흥시청,20260224
목감동19S261,1,,,,,2019,,031-310-3144,경기도 시흥시청,20260224
목감동19S262,1,,,,,2019,,031-310-3144,경기도 시흥시청,20260224
목감동19S263,1,,,,,2019,,031-310-3144,경기도 시흥시청,20260224
목감동19S264,1,,,,,2019,,031-310-3144,경기도 시흥시청,20260224
목감동19S267,1,,,,,2019,,031-310-3144,경기도 시흥시청,20260224
목감동19S269,1,,,,,2019,,031-310-3144,경기도 시흥시청,20260224
목감동19S270,1,,,,,2019,,031-310-3144,경기도 시흥시청,20260224
목감동19S271,1,,,,,2019,,031-310-3144,경기도 시흥시청,20260224
목감동19S272,1,,,,,2019,,031-310-3144,경기도 시흥시청,20260224
목감동19S273,1,,,,,2019,,031-310-3144,경기도 시흥시청,20260224
목감동19S276,1,,,,,2019,,031-310-3144,경기도 시흥시청,20260224
목감동19S278,1,,,,,2019,,031-310-3144,경기도 시흥시청,20260224
목감동19S279,1,,,,,2019,,031-310-3144,경기도 시흥시청,20260224
목감동19S281,1,,,,,2019,,031-310-3144,경기도 시흥시청,20260224
목감동19S282,1,,,,,2019,,031-310-3144,경기도 시흥시청,20260224
목감동19S283,1,,,,,2019,,031-310-3144,경기도 시흥시청,20260224
목감동19S285,1,,,,,2019,,031-310-3144,경기도 시흥시청,20260224
목감동19S287,1,,,,,2019,,031-310-3144,경기도 시흥시청,20260224
신현동19S048,1,,,,,2019,,031-310-3144,경기도 시흥시청,20260224
신현동19S049,1,,,,,2019,,031-310-3144,경기도 시흥시청,20260224
표찰무 - 09,1,,,,,2019,,031-310-3144,경기도 시흥시청,20260224
수인로 3409번길 1-5,1,,,,,2019,,031-310-3144,경기도 시흥시청,20260224
신천342,1,,,,,2019,,031-310-3144,경기도 시흥시청,20260224
신천345,1,,,,,2019,,031-310-3144,경기도 시흥시청,20260224
신천351,1,,,,,2019,,031-310-3144,경기도 시흥시청,20260224
신천382,1,,,,,2019,,031-310-3144,경기도 시흥시청,20260224
신천383,1,,,,,2019,,031-310-3144,경기도 시흥시청,20260224
신천437,1,,,,,2019,,031-310-3144,경기도 시흥시청,20260224
신천442,1,,,,,2019,,031-310-3144,경기도 시흥시청,20260224
신천443,1,,,,,2019,,031-310-3144,경기도 시흥시청,20260224
신천동19S350-1,1,,,,,2019,,031-310-3144,경기도 시흥시청,20260224
김표찰무2,1,,,,,2019,,031-310-3144,경기도 시흥시청,20260224
신천동 IV002,1,,,,,2019,,031-310-3144,경기도 시흥시청,20260224
신천758,1,,,,,2019,,031-310-3144,경기도 시흥시청,20260224
신천동 N001,1,,,,,2019,,031-310-3144,경기도 시흥시청,20260224
신천동16-003,1,,,,,2019,,031-310-3144,경기도 시흥시청,20260224
신천동 19S824,1,,,,,2019,,031-310-3144,경기도 시흥시청,20260224
신현012,1,,,,,2019,,031-310-3144,경기도 시흥시청,20260224
신현156,1,,,,,2019,,031-310-3144,경기도 시흥시청,20260224
신현211-1,1,,,,,2019,,031-310-3144,경기도 시흥시청,20260224
신현294,1,,,,,2019,,031-310-3144,경기도 시흥시청,20260224
신현382,1,,,,,2019,,031-310-3144,경기도 시흥시청,20260224
신현430,1,,,,,2019,,031-310-3144,경기도 시흥시청,20260224
신현523,1,,,,,2019,,031-310-3144,경기도 시흥시청,20260224
신현529,1,,,,,2019,,031-310-3144,경기도 시흥시청,20260224
신현537,1,,,,,2019,,031-310-3144,경기도 시흥시청,20260224
신현547,1,,,,,2019,,031-310-3144,경기도 시흥시청,20260224
신현551,1,,,,,2019,,031-310-3144,경기도 시흥시청,20260224
신현552,1,,,,,2019,,031-310-3144,경기도 시흥시청,20260224
신현554,1,,,,,2019,,031-310-3144,경기도 시흥시청,20260224
신현558,1,,,,,2019,,031-310-3144,경기도 시흥시청,20260224
신현616,1,,,,,2019,,031-310-3144,경기도 시흥시청,20260224
신현646,1,,,,,2019,,031-310-3144,경기도 시흥시청,20260224
신현685,1,,,,,2019,,031-310-3144,경기도 시흥시청,20260224
신현687,1,,,,,2019,,031-310-3144,경기도 시흥시청,20260224
신현688,1,,,,,2019,,031-310-3144,경기도 시흥시청,20260224
신현745,1,,,,,2019,,031-310-3144,경기도 시흥시청,20260224
신현746,1,,,,,2019,,031-310-3144,경기도 시흥시청,20260224
신현749,1,,,,,2019,,031-310-3144,경기도 시흥시청,20260224
신현753,1,,,,,2019,,031-310-3144,경기도 시흥시청,20260224
목감동19S321,1,,,,,2019,,031-310-3144,경기도 시흥시청,20260224
목감동19S322,1,,,,,2019,,031-310-3144,경기도 시흥시청,20260224
목감동19S324,1,,,,,2019,,031-310-3144,경기도 시흥시청,20260224
목감동19S325,1,,,,,2019,,031-310-3144,경기도 시흥시청,20260224
목감동19S326,1,,,,,2019,,031-310-3144,경기도 시흥시청,20260224
목감동19S327,1,,,,,2019,,031-310-3144,경기도 시흥시청,20260224
목감동19S329,1,,,,,2019,,031-310-3144,경기도 시흥시청,20260224
목감동19S330,1,,,,,2019,,031-310-3144,경기도 시흥시청,20260224
목감동19S332,1,,,,,2019,,031-310-3144,경기도 시흥시청,20260224
신현동19S089,1,,,,,2019,,031-310-3144,경기도 시흥시청,20260224
신현동19S091,1,,,,,2019,,031-310-3144,경기도 시흥시청,20260224
신현동19S092,1,,,,,2019,,031-310-3144,경기도 시흥시청,20260224
신현동19S093,1,,,,,2019,,031-310-3144,경기도 시흥시청,20260224
신현동19S094,1,,,,,2019,,031-310-3144,경기도 시흥시청,20260224
신현동19S095,1,,,,,2019,,031-310-3144,경기도 시흥시청,20260224
신현동19S096,1,,,,,2019,,031-310-3144,경기도 시흥시청,20260224
신현동19S097,1,,,,,2019,,031-310-3144,경기도 시흥시청,20260224
신현동19S098,1,,,,,2019,,031-310-3144,경기도 시흥시청,20260224
신현동19S101,1,,,,,2019,,031-310-3144,경기도 시흥시청,20260224
신현동19S104,1,,,,,2019,,031-310-3144,경기도 시흥시청,20260224
신현동19S105,1,,,,,2019,,031-310-3144,경기도 시흥시청,20260224
신현동19S106,1,,,,,2019,,031-310-3144,경기도 시흥시청,20260224
신현동19S107,1,,,,,2019,,031-310-3144,경기도 시흥시청,20260224
신현782,1,,,,,2019,,031-310-3144,경기도 시흥시청,20260224
신현동16-019,1,,,,,2019,,031-310-3144,경기도 시흥시청,20260224
신현동16-020,1,,,,,2019,,031-310-3144,경기도 시흥시청,20260224
신현동19D198,1,,,,,2019,,031-310-3144,경기도 시흥시청,20260224
신현동19S001,1,,,,,2019,,031-310-3144,경기도 시흥시청,20260224
신현동19S002,1,,,,,2019,,031-310-3144,경기도 시흥시청,20260224
신현동19S006,1,,,,,2019,,031-310-3144,경기도 시흥시청,20260224
신현동19S008,1,,,,,2019,,031-310-3144,경기도 시흥시청,20260224
신현동19S009,1,,,,,2019,,031-310-3144,경기도 시흥시청,20260224
신현동19S010,1,,,,,2019,,031-310-3144,경기도 시흥시청,20260224
신현동19S011,1,,,,,2019,,031-310-3144,경기도 시흥시청,20260224
신현동19S013,1,,,,,2019,,031-310-3144,경기도 시흥시청,20260224
신현동19S014,1,,,,,2019,,031-310-3144,경기도 시흥시청,20260224
신현동19S015,1,,,,,2019,,031-310-3144,경기도 시흥시청,20260224
신현동19S016,1,,,,,2019,,031-310-3144,경기도 시흥시청,20260224
신현동19S017,1,,,,,2019,,031-310-3144,경기도 시흥시청,20260224
신현동19S020,1,,,,,2019,,031-310-3144,경기도 시흥시청,20260224
신현동19S022,1,,,,,2019,,031-310-3144,경기도 시흥시청,20260224
신현동19S023,1,,,,,2019,,031-310-3144,경기도 시흥시청,20260224
신현동19S024,1,,,,,2019,,031-310-3144,경기도 시흥시청,20260224
신현동19S026,1,,,,,2019,,031-310-3144,경기도 시흥시청,20260224
신현동19S027,1,,,,,2019,,031-310-3144,경기도 시흥시청,20260224
신현동19S028,1,,,,,2019,,031-310-3144,경기도 시흥시청,20260224
신현동19S029,1,,,,,2019,,031-310-3144,경기도 시흥시청,20260224
신현동19S030,1,,,,,2019,,031-310-3144,경기도 시흥시청,20260224
신현동19S031,1,,,,,2019,,031-310-3144,경기도 시흥시청,20260224
신현동19S032,1,,,,,2019,,031-310-3144,경기도 시흥시청,20260224
신현동19S034,1,,,,,2019,,031-310-3144,경기도 시흥시청,20260224
신현동19S036,1,,,,,2019,,031-310-3144,경기도 시흥시청,20260224
신현동19S037,1,,,,,2019,,031-310-3144,경기도 시흥시청,20260224
신현동19S038,1,,,,,2019,,031-310-3144,경기도 시흥시청,20260224
신현동19S039,1,,,,,2019,,031-310-3144,경기도 시흥시청,20260224
신현동19S040,1,,,,,2019,,031-310-3144,경기도 시흥시청,20260224
신현동19S043,1,,,,,2019,,031-310-3144,경기도 시흥시청,20260224
신현동19S044,1,,,,,2019,,031-310-3144,경기도 시흥시청,20260224
신현동19S045,1,,,,,2019,,031-310-3144,경기도 시흥시청,20260224
신현동19S047,1,,,,,2019,,031-310-3144,경기도 시흥시청,20260224
신현동19S133,1,,,,,2019,,031-310-3144,경기도 시흥시청,20260224
신현동19S137,1,,,,,2019,,031-310-3144,경기도 시흥시청,20260224
신현동19S138,1,,,,,2019,,031-310-3144,경기도 시흥시청,20260224
신현동19S139,1,,,,,2019,,031-310-3144,경기도 시흥시청,20260224
신현동19S142,1,,,,,2019,,031-310-3144,경기도 시흥시청,20260224
신현동19S144,1,,,,,2019,,031-310-3144,경기도 시흥시청,20260224
신현동19S145,1,,,,,2019,,031-310-3144,경기도 시흥시청,20260224
신현동19S145-1,1,,,,,2019,,031-310-3144,경기도 시흥시청,20260224
신현동19S146,1,,,,,2019,,031-310-3144,경기도 시흥시청,20260224
신현동19S148,1,,,,,2019,,031-310-3144,경기도 시흥시청,20260224
신현동19S149,1,,,,,2019,,031-310-3144,경기도 시흥시청,20260224
신현동19S150,1,,,,,2019,,031-310-3144,경기도 시흥시청,20260224
신현동19S151,1,,,,,2019,,031-310-3144,경기도 시흥시청,20260224
신현동19S153,1,,,,,2019,,031-310-3144,경기도 시흥시청,20260224
신현동19S154,1,,,,,2019,,031-310-3144,경기도 시흥시청,20260224
신현동19S155,1,,,,,2019,,031-310-3144,경기도 시흥시청,20260224
신현동19S156,1,,,,,2019,,031-310-3144,경기도 시흥시청,20260224
신현동19S157,1,,,,,2019,,031-310-3144,경기도 시흥시청,20260224
신현동19S159,1,,,,,2019,,031-310-3144,경기도 시흥시청,20260224
신현동19S160,1,,,,,2019,,031-310-3144,경기도 시흥시청,20260224
신현동19S161,1,,,,,2019,,031-310-3144,경기도 시흥시청,20260224
신현동19S163,1,,,,,2019,,031-310-3144,경기도 시흥시청,20260224
신현동19S164,1,,,,,2019,,031-310-3144,경기도 시흥시청,20260224
신현동19S165,1,,,,,2019,,031-310-3144,경기도 시흥시청,20260224
신현동19S168,1,,,,,2019,,031-310-3144,경기도 시흥시청,20260224
신현동19S050,1,,,,,2019,,031-310-3144,경기도 시흥시청,20260224
신현동19S051,1,,,,,2019,,031-310-3144,경기도 시흥시청,20260224
신현동19S052,1,,,,,2019,,031-310-3144,경기도 시흥시청,20260224
신현동19S053,1,,,,,2019,,031-310-3144,경기도 시흥시청,20260224
신현동19S054,1,,,,,2019,,031-310-3144,경기도 시흥시청,20260224
신현동19S055,1,,,,,2019,,031-310-3144,경기도 시흥시청,20260224
신현동19S056,1,,,,,2019,,031-310-3144,경기도 시흥시청,20260224
신현동19S058,1,,,,,2019,,031-310-3144,경기도 시흥시청,20260224
신현동19S061,1,,,,,2019,,031-310-3144,경기도 시흥시청,20260224
신현동19S062,1,,,,,2019,,031-310-3144,경기도 시흥시청,20260224
신현동19S064,1,,,,,2019,,031-310-3144,경기도 시흥시청,20260224
신현동19S065,1,,,,,2019,,031-310-3144,경기도 시흥시청,20260224
신현동19S066,1,,,,,2019,,031-310-3144,경기도 시흥시청,20260224
신현동19S068,1,,,,,2019,,031-310-3144,경기도 시흥시청,20260224
신현동19S069,1,,,,,2019,,031-310-3144,경기도 시흥시청,20260224
신현동19S070,1,,,,,2019,,031-310-3144,경기도 시흥시청,20260224
신현동19S071,1,,,,,2019,,031-310-3144,경기도 시흥시청,20260224
신현동19S072,1,,,,,2019,,031-310-3144,경기도 시흥시청,20260224
신현동19S074,1,,,,,2019,,031-310-3144,경기도 시흥시청,20260224
신현동19S075,1,,,,,2019,,031-310-3144,경기도 시흥시청,20260224
신현동19S081,1,,,,,2019,,031-310-3144,경기도 시흥시청,20260224
신현동19S082,1,,,,,2019,,031-310-3144,경기도 시흥시청,20260224
신현동19S083,1,,,,,2019,,031-310-3144,경기도 시흥시청,20260224
신현동19S087,1,,,,,2019,,031-310-3144,경기도 시흥시청,20260224
신현동19S088,1,,,,,2019,,031-310-3144,경기도 시흥시청,20260224
신현동19S175,1,,,,,2019,,031-310-3144,경기도 시흥시청,20260224
신현동19S177,1,,,,,2019,,031-310-3144,경기도 시흥시청,20260224
신현동19S178,1,,,,,2019,,031-310-3144,경기도 시흥시청,20260224
신현동19S179,1,,,,,2019,,031-310-3144,경기도 시흥시청,20260224
신현동19S180,1,,,,,2019,,031-310-3144,경기도 시흥시청,20260224
신현동19S181,1,,,,,2019,,031-310-3144,경기도 시흥시청,20260224
신현동19S182,1,,,,,2019,,031-310-3144,경기도 시흥시청,20260224
신현동19S183,1,,,,,2019,,031-310-3144,경기도 시흥시청,20260224
신현동19S185,1,,,,,2019,,031-310-3144,경기도 시흥시청,20260224
신현동19S186,1,,,,,2019,,031-310-3144,경기도 시흥시청,20260224
신현동19S188,1,,,,,2019,,031-310-3144,경기도 시흥시청,20260224
신현동19S189,1,,,,,2019,,031-310-3144,경기도 시흥시청,20260224
신현동19S190,1,,,,,2019,,031-310-3144,경기도 시흥시청,20260224
신현동19S192,1,,,,,2019,,031-310-3144,경기도 시흥시청,20260224
신현동19S194,1,,,,,2019,,031-310-3144,경기도 시흥시청,20260224
신현동19S195,1,,,,,2019,,031-310-3144,경기도 시흥시청,20260224
신현동19S196,1,,,,,2019,,031-310-3144,경기도 시흥시청,20260224
신현동19S198,1,,,,,2019,,031-310-3144,경기도 시흥시청,20260224
신현동19S199,1,,,,,2019,,031-310-3144,경기도 시흥시청,20260224
신현동19S201,1,,,,,2019,,031-310-3144,경기도 시흥시청,20260224
신현동19S202,1,,,,,2019,,031-310-3144,경기도 시흥시청,20260224
신현동19S203,1,,,,,2019,,031-310-3144,경기도 시흥시청,20260224
신현동19S204,1,,,,,2019,,031-310-3144,경기도 시흥시청,20260224
신현동19S206,1,,,,,2019,,031-310-3144,경기도 시흥시청,20260224
신현동19S207,1,,,,,2019,,031-310-3144,경기도 시흥시청,20260224
신현동19S208,1,,,,,2019,,031-310-3144,경기도 시흥시청,20260224
신현동19S213,1,,,,,2019,,031-310-3144,경기도 시흥시청,20260224
신현동19S215,1,,,,,2019,,031-310-3144,경기도 시흥시청,20260224
신현동19S216,1,,,,,2019,,031-310-3144,경기도 시흥시청,20260224
신현동19S217,1,,,,,2019,,031-310-3144,경기도 시흥시청,20260224
신현동19S219,1,,,,,2019,,031-310-3144,경기도 시흥시청,20260224
신현동19S220,1,,,,,2019,,031-310-3144,경기도 시흥시청,20260224
신현동19S222,1,,,,,2019,,031-310-3144,경기도 시흥시청,20260224
신현동19S223,1,,,,,2019,,031-310-3144,경기도 시흥시청,20260224
신현동19S226,1,,,,,2019,,031-310-3144,경기도 시흥시청,20260224
신현동19S228,1,,,,,2019,,031-310-3144,경기도 시흥시청,20260224
신현동19S109,1,,,,,2019,,031-310-3144,경기도 시흥시청,20260224
신현동19S111,1,,,,,2019,,031-310-3144,경기도 시흥시청,20260224
신현동19S113,1,,,,,2019,,031-310-3144,경기도 시흥시청,20260224
신현동19S114,1,,,,,2019,,031-310-3144,경기도 시흥시청,20260224
신현동19S115,1,,,,,2019,,031-310-3144,경기도 시흥시청,20260224
신현동19S116,1,,,,,2019,,031-310-3144,경기도 시흥시청,20260224
신현동19S117,1,,,,,2019,,031-310-3144,경기도 시흥시청,20260224
신현동19S118,1,,,,,2019,,031-310-3144,경기도 시흥시청,20260224
신현동19S119,1,,,,,2019,,031-310-3144,경기도 시흥시청,20260224
신현동19S120,1,,,,,2019,,031-310-3144,경기도 시흥시청,20260224
신현동19S122,1,,,,,2019,,031-310-3144,경기도 시흥시청,20260224
신현동19S123,1,,,,,2019,,031-310-3144,경기도 시흥시청,20260224
신현동19S124,1,,,,,2019,,031-310-3144,경기도 시흥시청,20260224
신현동19S127,1,,,,,2019,,031-310-3144,경기도 시흥시청,20260224
신현동19S132,1,,,,,2019,,031-310-3144,경기도 시흥시청,20260224
신현동19S247,1,,,,,2019,,031-310-3144,경기도 시흥시청,20260224
신현동19S248,1,,,,,2019,,031-310-3144,경기도 시흥시청,20260224
신현동19S249,1,,,,,2019,,031-310-3144,경기도 시흥시청,20260224
신현동19S251,1,,,,,2019,,031-310-3144,경기도 시흥시청,20260224
신현동19S252,1,,,,,2019,,031-310-3144,경기도 시흥시청,20260224
신현동19S253,1,,,,,2019,,031-310-3144,경기도 시흥시청,20260224
신현동19S254,1,,,,,2019,,031-310-3144,경기도 시흥시청,20260224
신현동19S256,1,,,,,2019,,031-310-3144,경기도 시흥시청,20260224
신현동19S260,1,,,,,2019,,031-310-3144,경기도 시흥시청,20260224
신현동19S261,1,,,,,2019,,031-310-3144,경기도 시흥시청,20260224
신현동19S262,1,,,,,2019,,031-310-3144,경기도 시흥시청,20260224
신현동19S263,1,,,,,2019,,031-310-3144,경기도 시흥시청,20260224
신현동19S264,1,,,,,2019,,031-310-3144,경기도 시흥시청,20260224
신현동19S265,1,,,,,2019,,031-310-3144,경기도 시흥시청,20260224
신현동19S268,1,,,,,2019,,031-310-3144,경기도 시흥시청,20260224
신현동19S269,1,,,,,2019,,031-310-3144,경기도 시흥시청,20260224
신현동19S271,1,,,,,2019,,031-310-3144,경기도 시흥시청,20260224
신현동19S272,1,,,,,2019,,031-310-3144,경기도 시흥시청,20260224
신현동19S273(소등복구25.1.),1,,,,,2019,,031-310-3144,경기도 시흥시청,20260224
신현동19S274,1,,,,,2019,,031-310-3144,경기도 시흥시청,20260224
신현동19S275,1,,,,,2019,,031-310-3144,경기도 시흥시청,20260224
신현동19S276,1,,,,,2019,,031-310-3144,경기도 시흥시청,20260224
신현동19S278,1,,,,,2019,,031-310-3144,경기도 시흥시청,20260224
신현동19S280,1,,,,,2019,,031-310-3144,경기도 시흥시청,20260224
신현동19S281,1,,,,,2019,,031-310-3144,경기도 시흥시청,20260224
신현동19S282,1,,,,,2019,,031-310-3144,경기도 시흥시청,20260224
신현동19S283,1,,,,,2019,,031-310-3144,경기도 시흥시청,20260224
신현동19S284,1,,,,,2019,,031-310-3144,경기도 시흥시청,20260224
신현동19S286,1,,,,,2019,,031-310-3144,경기도 시흥시청,20260224
신현동19S287,1,,,,,2019,,031-310-3144,경기도 시흥시청,20260224
신현동19S288,1,,,,,2019,,031-310-3144,경기도 시흥시청,20260224
신현동19S290,1,,,,,2019,,031-310-3144,경기도 시흥시청,20260224
신현동19S291,1,,,,,2019,,031-310-3144,경기도 시흥시청,20260224
신현동19S292,1,,,,,2019,,031-310-3144,경기도 시흥시청,20260224
신현동19S293,1,,,,,2019,,031-310-3144,경기도 시흥시청,20260224
신현동19S294,1,,,,,2019,,031-310-3144,경기도 시흥시청,20260224
신현동19S296,1,,,,,2019,,031-310-3144,경기도 시흥시청,20260224
신현동19S229,1,,,,,2019,,031-310-3144,경기도 시흥시청,20260224
신현동19S232,1,,,,,2019,,031-310-3144,경기도 시흥시청,20260224
신현동19S233,1,,,,,2019,,031-310-3144,경기도 시흥시청,20260224
신현동19S234,1,,,,,2019,,031-310-3144,경기도 시흥시청,20260224
신현동19S235,1,,,,,2019,,031-310-3144,경기도 시흥시청,20260224
신현동19S236,1,,,,,2019,,031-310-3144,경기도 시흥시청,20260224
신현동19S237,1,,,,,2019,,031-310-3144,경기도 시흥시청,20260224
신현동19S238,1,,,,,2019,,031-310-3144,경기도 시흥시청,20260224
신현동19S239,1,,,,,2019,,031-310-3144,경기도 시흥시청,20260224
신현동19S240,1,,,,,2019,,031-310-3144,경기도 시흥시청,20260224
신현동19S171,1,,,,,2019,,031-310-3144,경기도 시흥시청,20260224
신현동19S172,1,,,,,2019,,031-310-3144,경기도 시흥시청,20260224
신현동19S173,1,,,,,2019,,031-310-3144,경기도 시흥시청,20260224
매화동24109,1,,,,,2019,,031-310-3144,경기도 시흥시청,20260224
매화동24110,1,,,,,2019,,031-310-3144,경기도 시흥시청,20260224
매화동24112,1,,,,,2019,,031-310-3144,경기도 시흥시청,20260224
매화동24114,1,,,,,2019,,031-310-3144,경기도 시흥시청,20260224
매화동24115,1,,,,,2019,,031-310-3144,경기도 시흥시청,20260224
매화동24116(고소)트립,1,,,,,2019,,031-310-3144,경기도 시흥시청,20260224
매화동24117,1,,,,,2019,,031-310-3144,경기도 시흥시청,20260224
매화동24121,1,,,,,2019,,031-310-3144,경기도 시흥시청,20260224
매화동24122,1,,,,,2019,,031-310-3144,경기도 시흥시청,20260224
매화동24123,1,,,,,2019,,031-310-3144,경기도 시흥시청,20260224
매화동24124,1,,,,,2019,,031-310-3144,경기도 시흥시청,20260224
매화동19S141,1,,,,,2019,,031-310-3144,경기도 시흥시청,20260224
매화동24126,1,,,,,2019,,031-310-3144,경기도 시흥시청,20260224
매화동24127,1,,,,,2019,,031-310-3144,경기도 시흥시청,20260224
신현335_,1,,,,,2019,,031-310-3144,경기도 시흥시청,20260224
신현동19S298,1,,,,,2019,,031-310-3144,경기도 시흥시청,20260224
신현동19S300,1,,,,,2019,,031-310-3144,경기도 시흥시청,20260224
신현동19S301,1,,,,,2019,,031-310-3144,경기도 시흥시청,20260224
신현동19S302,1,,,,,2019,,031-310-3144,경기도 시흥시청,20260224
신현동19S303,1,,,,,2019,,031-310-3144,경기도 시흥시청,20260224
신현동19S304,1,,,,,2019,,031-310-3144,경기도 시흥시청,20260224
신현동19S305,1,,,,,2019,,031-310-3144,경기도 시흥시청,20260224
신현동19S306,1,,,,,2019,,031-310-3144,경기도 시흥시청,20260224
신현동19S307,1,,,,,2019,,031-310-3144,경기도 시흥시청,20260224
신현동19S308,1,,,,,2019,,031-310-3144,경기도 시흥시청,20260224
신현동19S310,1,,,,,2019,,031-310-3144,경기도 시흥시청,20260224
신현동19S312,1,,,,,2019,,031-310-3144,경기도 시흥시청,20260224
신현동19S315,1,,,,,2019,,031-310-3144,경기도 시흥시청,20260224
신현동19S316,1,,,,,2019,,031-310-3144,경기도 시흥시청,20260224
신현동19S317,1,,,,,2019,,031-310-3144,경기도 시흥시청,20260224
신현동19S318,1,,,,,2019,,031-310-3144,경기도 시흥시청,20260224
신현동19S319,1,,,,,2019,,031-310-3144,경기도 시흥시청,20260224
신현동19S320,1,,,,,2019,,031-310-3144,경기도 시흥시청,20260224
신현동19S321,1,,,,,2019,,031-310-3144,경기도 시흥시청,20260224
신현동19S322,1,,,,,2019,,031-310-3144,경기도 시흥시청,20260224
신현동19S323,1,,,,,2019,,031-310-3144,경기도 시흥시청,20260224
신현동19S325,1,,,,,2019,,031-310-3144,경기도 시흥시청,20260224
신현동19S326,1,,,,,2019,,031-310-3144,경기도 시흥시청,20260224
신현동19S328,1,,,,,2019,,031-310-3144,경기도 시흥시청,20260224
신현동19S329,1,,,,,2019,,031-310-3144,경기도 시흥시청,20260224
신현동19S331,1,,,,,2019,,031-310-3144,경기도 시흥시청,20260224
신현동19S333,1,,,,,2019,,031-310-3144,경기도 시흥시청,20260224
신현동19S334,1,,,,,2019,,031-310-3144,경기도 시흥시청,20260224
신현동19S335,1,,,,,2019,,031-310-3144,경기도 시흥시청,20260224
신현동19S336,1,,,,,2019,,031-310-3144,경기도 시흥시청,20260224
신현동19S337,1,,,,,2019,,031-310-3144,경기도 시흥시청,20260224
신현동19S339,1,,,,,2019,,031-310-3144,경기도 시흥시청,20260224
신현동19S341,1,,,,,2019,,031-310-3144,경기도 시흥시청,20260224
신현동19S243,1,,,,,2019,,031-310-3144,경기도 시흥시청,20260224
신현동19S245,1,,,,,2019,,031-310-3144,경기도 시흥시청,20260224
신현동19S246,1,,,,,2019,,031-310-3144,경기도 시흥시청,20260224
매화동24146,1,,,,,2019,,031-310-3144,경기도 시흥시청,20260224
매화동24147,1,,,,,2019,,031-310-3144,경기도 시흥시청,20260224
매화동24148,1,,,,,2019,,031-310-3144,경기도 시흥시청,20260224
매화동24149,1,,,,,2019,,031-310-3144,경기도 시흥시청,20260224
매화동24153(고소),1,,,,,2019,,031-310-3144,경기도 시흥시청,20260224
매화동24154,1,,,,,2019,,031-310-3144,경기도 시흥시청,20260224
매화동24156,1,,,,,2019,,031-310-3144,경기도 시흥시청,20260224
매화동24159,1,,,,,2019,,031-310-3144,경기도 시흥시청,20260224
매화동24163,1,,,,,2019,,031-310-3144,경기도 시흥시청,20260224
매화동24168,1,,,,,2019,,031-310-3144,경기도 시흥시청,20260224
매화동24169,1,,,,,2019,,031-310-3144,경기도 시흥시청,20260224
매화동24171,1,,,,,2019,,031-310-3144,경기도 시흥시청,20260224
매화동24172,1,,,,,2019,,031-310-3144,경기도 시흥시청,20260224
매화동24176,1,,,,,2019,,031-310-3144,경기도 시흥시청,20260224
매화동19S336,1,,,,,2019,,031-310-3144,경기도 시흥시청,20260224
대야523,1,,,,,2019,,031-310-3144,경기도 시흥시청,20260224
매화동19S213,1,,,,,2019,,031-310-3144,경기도 시흥시청,20260224
매화동19S305,1,,,,,2019,,031-310-3144,경기도 시흥시청,20260224
매화동19S077,1,,,,,2019,,031-310-3144,경기도 시흥시청,20260224
목감동19S189,1,,,,,2019,,031-310-3144,경기도 시흥시청,20260224
목감동19S134,1,,,,,2019,,031-310-3144,경기도 시흥시청,20260224
신현동23001,1,,,,,2019,,031-310-3144,경기도 시흥시청,20260224
과림동18011,1,,,,,2018,,031-310-3144,경기도 시흥시청,20260224
대야동18030,1,,,,,2018,,031-310-3144,경기도 시흥시청,20260224
매화동24058,1,,,,,2019,,031-310-3144,경기도 시흥시청,20260224
매화동24060,1,,,,,2019,,031-310-3144,경기도 시흥시청,20260224
매화동24063,1,,,,,2019,,031-310-3144,경기도 시흥시청,20260224
매화동24066,1,,,,,2019,,031-310-3144,경기도 시흥시청,20260224
매화동24067,1,,,,,2019,,031-310-3144,경기도 시흥시청,20260224
매화동24068,1,,,,,2019,,031-310-3144,경기도 시흥시청,20260224
매화동24069,1,,,,,2019,,031-310-3144,경기도 시흥시청,20260224
매화동24070,1,,,,,2019,,031-310-3144,경기도 시흥시청,20260224
매화동24071(고소),1,,,,,2019,,031-310-3144,경기도 시흥시청,20260224
매화동24073,1,,,,,2019,,031-310-3144,경기도 시흥시청,20260224
매화동24075,1,,,,,2019,,031-310-3144,경기도 시흥시청,20260224
매화동24076,1,,,,,2019,,031-310-3144,경기도 시흥시청,20260224
매화동24077,1,,,,,2019,,031-310-3144,경기도 시흥시청,20260224
매화동24079,1,,,,,2019,,031-310-3144,경기도 시흥시청,20260224
매화동24084,1,,,,,2019,,031-310-3144,경기도 시흥시청,20260224
매화동24085,1,,,,,2019,,031-310-3144,경기도 시흥시청,20260224
매화동24087,1,,,,,2019,,031-310-3144,경기도 시흥시청,20260224
매화동24088,1,,,,,2019,,031-310-3144,경기도 시흥시청,20260224
매화동24089,1,,,,,2019,,031-310-3144,경기도 시흥시청,20260224
매화동24090,1,,,,,2019,,031-310-3144,경기도 시흥시청,20260224
매화동24091,1,,,,,2019,,031-310-3144,경기도 시흥시청,20260224
매화동24092,1,,,,,2019,,031-310-3144,경기도 시흥시청,20260224
매화동24093,1,,,,,2019,,031-310-3144,경기도 시흥시청,20260224
매화동24096,1,,,,,2019,,031-310-3144,경기도 시흥시청,20260224
매화동24097,1,,,,,2019,,031-310-3144,경기도 시흥시청,20260224
매화동24102,1,,,,,2019,,031-310-3144,경기도 시흥시청,20260224
매화동24108,1,,,,,2019,,031-310-3144,경기도 시흥시청,20260224
정왕본동N108,1,,,,,2018,,031-310-3144,경기도 시흥시청,20260224
정왕본동N109,1,,,,,2018,,031-310-3144,경기도 시흥시청,20260224
정왕본동N110,1,,,,,2018,,031-310-3144,경기도 시흥시청,20260224
과림동18012(과림618),1,,,,,2018,,031-310-3144,경기도 시흥시청,20260224
과림동18009,1,,,,,2018,,031-310-3144,경기도 시흥시청,20260224
과림동18010,1,,,,,2018,,031-310-3144,경기도 시흥시청,20260224
대야동19S386[현재위치],1,,,,,2018,,031-310-3144,경기도 시흥시청,20260224
월곶동N019,1,,,,,2018,,031-310-3144,경기도 시흥시청,20260224
정왕본동N106,1,,,,,2018,,031-310-3144,경기도 시흥시청,20260224
정왕본동N107,1,,,,,2018,,031-310-3144,경기도 시흥시청,20260224
정왕본동20U206,1,,,,,2018,,031-310-3144,경기도 시흥시청,20260224
정왕본동21U153,1,,,,,2018,,031-310-3144,경기도 시흥시청,20260224
과림동N078(과림202),1,,,,,2018,,031-310-3144,경기도 시흥시청,20260224
과림동N079(과림199),1,,,,,2018,,031-310-3144,경기도 시흥시청,20260224
과림동N080,1,,,,,2018,,031-310-3144,경기도 시흥시청,20260224
과림동N081,1,,,,,2018,,031-310-3144,경기도 시흥시청,20260224
과림동N083,1,,,,,2018,,031-310-3144,경기도 시흥시청,20260224
과림동N084(과림188),1,,,,,2018,,031-310-3144,경기도 시흥시청,20260224
과림동N085(과림184),1,,,,,2018,,031-310-3144,경기도 시흥시청,20260224
과림동N086(과림183),1,,,,,2018,,031-310-3144,경기도 시흥시청,20260224
대야동18029,1,,,,,2018,,031-310-3144,경기도 시흥시청,20260224
과림동N082(과림193),1,,,,,2018,,031-310-3144,경기도 시흥시청,20260224
대야동19S291,1,,,,,2018,,031-310-3144,경기도 시흥시청,20260224
신현동19S042,1,,,,,2018,,031-310-3144,경기도 시흥시청,20260224
신현동19S134,1,,,,,2018,,031-310-3144,경기도 시흥시청,20260224
정왕본동N100,1,,,,,2018,,031-310-3144,경기도 시흥시청,20260224
정왕본동21U053,1,,,,,2018,,031-310-3144,경기도 시흥시청,20260224
장곡동24074,1,,,,,2018,,031-310-3144,경기도 시흥시청,20260224
장곡동24076,1,,,,,2018,,031-310-3144,경기도 시흥시청,20260224
과림동18007,1,,,,,2018,,031-310-3144,경기도 시흥시청,20260224
신천동19S221,1,,,,,2018,,031-310-3144,경기도 시흥시청,20260224
신천동19S227,1,,,,,2018,,031-310-3144,경기도 시흥시청,20260224
신현동18026,1,,,,,2018,,031-310-3144,경기도 시흥시청,20260224
신현동18027,1,,,,,2018,,031-310-3144,경기도 시흥시청,20260224
매화동24129,1,,,,,2019,,031-310-3144,경기도 시흥시청,20260224
매화동24130,1,,,,,2019,,031-310-3144,경기도 시흥시청,20260224
매화동24131(고소)인입전원단선,1,,,,,2019,,031-310-3144,경기도 시흥시청,20260224
매화동24132,1,,,,,2019,,031-310-3144,경기도 시흥시청,20260224
매화동24133,1,,,,,2019,,031-310-3144,경기도 시흥시청,20260224
매화동24134,1,,,,,2019,,031-310-3144,경기도 시흥시청,20260224
매화동24135,1,,,,,2019,,031-310-3144,경기도 시흥시청,20260224
매화동24136,1,,,,,2019,,031-310-3144,경기도 시흥시청,20260224
매화동24137,1,,,,,2019,,031-310-3144,경기도 시흥시청,20260224
매화동24138,1,,,,,2019,,031-310-3144,경기도 시흥시청,20260224
매화동19S182,1,,,,,2019,,031-310-3144,경기도 시흥시청,20260224
매화동24140,1,,,,,2019,,031-310-3144,경기도 시흥시청,20260224
매화동24141,1,,,,,2019,,031-310-3144,경기도 시흥시청,20260224
매화동24142,1,,,,,2019,,031-310-3144,경기도 시흥시청,20260224
매화동19S167,1,,,,,2019,,031-310-3144,경기도 시흥시청,20260224
매화동24144,1,,,,,2019,,031-310-3144,경기도 시흥시청,20260224
매화동24145,1,,,,,2019,,031-310-3144,경기도 시흥시청,20260224
과림동N067,1,,,,,2018,,031-310-3144,경기도 시흥시청,20260224
과림동N065,1,,,,,2018,,031-310-3144,경기도 시흥시청,20260224
신천동18014,1,,,,,2018,,031-310-3144,경기도 시흥시청,20260224
대야동19051,1,,,,,2018,,031-310-3144,경기도 시흥시청,20260224
대야동19053,1,,,,,2018,,031-310-3144,경기도 시흥시청,20260224
대야동19054,1,,,,,2018,,031-310-3144,경기도 시흥시청,20260224
대야동19055,1,,,,,2018,,031-310-3144,경기도 시흥시청,20260224
대야069[표찰무],1,,,,,2018,,031-310-3144,경기도 시흥시청,20260224
대야037B-1,1,,,,,2018,,031-310-3144,경기도 시흥시청,20260224
대야123,1,,,,,2018,,031-310-3144,경기도 시흥시청,20260224
대야090,1,,,,,2018,,031-310-3144,경기도 시흥시청,20260224
대야059,1,,,,,2018,,031-310-3144,경기도 시흥시청,20260224
대야동N131,1,,,,,2018,,031-310-3144,경기도 시흥시청,20260224
목감동19S021,1,,,,,2018,,031-310-3144,경기도 시흥시청,20260224
목감동19S022,1,,,,,2018,,031-310-3144,경기도 시흥시청,20260224
목감동19S029,1,,,,,2018,,031-310-3144,경기도 시흥시청,20260224
대야동19052,1,,,,,2018,,031-310-3144,경기도 시흥시청,20260224
신천동19S356,1,,,,,2018,,031-310-3144,경기도 시흥시청,20260224
목감동N056,1,,,,,2018,,031-310-3144,경기도 시흥시청,20260224
신현동19S131,1,,,,,2018,,031-310-3144,경기도 시흥시청,20260224
신현동N121,1,,,,,2018,,031-310-3144,경기도 시흥시청,20260224
은행동N029,1,,,,,2018,,031-310-3144,경기도 시흥시청,20260224
정왕본동N098,1,,,,,2018,,031-310-3144,경기도 시흥시청,20260224
신현동18025,1,,,,,2018,,031-310-3144,경기도 시흥시청,20260224
신현동19S141,1,,,,,2018,,031-310-3144,경기도 시흥시청,20260224
신현동N119,1,,,,,2018,,031-310-3144,경기도 시흥시청,20260224
능곡동N007,1,,,,,2018,,031-310-3144,경기도 시흥시청,20260224
능곡동N008,1,,,,,2018,,031-310-3144,경기도 시흥시청,20260224
능곡동N009,1,,,,,2018,,031-310-3144,경기도 시흥시청,20260224
목감동19S352,1,,,,,2018,,031-310-3144,경기도 시흥시청,20260224
목감동19S354,1,,,,,2018,,031-310-3144,경기도 시흥시청,20260224
신천동18016,1,,,,,2018,,031-310-3144,경기도 시흥시청,20260224
연성동N040,1,,,,,2018,,031-310-3144,경기도 시흥시청,20260224
매화동19S311,1,,,,,2018,,031-310-3144,경기도 시흥시청,20260224
과림동N075,1,,,,,2018,,031-310-3144,경기도 시흥시청,20260224
과림동N076,1,,,,,2018,,031-310-3144,경기도 시흥시청,20260224
은행동N028,1,,,,,2018,,031-310-3144,경기도 시흥시청,20260224
매화동N043,1,,,,,2018,,031-310-3144,경기도 시흥시청,20260224
신현동19S363,1,,,,,2018,,031-310-3144,경기도 시흥시청,20260224
신현동19S365,1,,,,,2018,,031-310-3144,경기도 시흥시청,20260224
신현동N112,1,,,,,2018,,031-310-3144,경기도 시흥시청,20260224
신현동N113,1,,,,,2018,,031-310-3144,경기도 시흥시청,20260224
장곡동24048,1,,,,,2018,,031-310-3144,경기도 시흥시청,20260224
신현동19S019,1,,,,,2018,,031-310-3144,경기도 시흥시청,20260224
과림동N087(과림182),1,,,,,2018,,031-310-3144,경기도 시흥시청,20260224
과림동N088,1,,,,,2018,,031-310-3144,경기도 시흥시청,20260224
과림동N089,1,,,,,2018,,031-310-3144,경기도 시흥시청,20260224
과림동N090,1,,,,,2018,,031-310-3144,경기도 시흥시청,20260224
목감동N060,1,,,,,2018,,031-310-3144,경기도 시흥시청,20260224
목감동N061,1,,,,,2018,,031-310-3144,경기도 시흥시청,20260224
과림동N061,1,,,,,2018,,031-310-3144,경기도 시흥시청,20260224
과림동N062,1,,,,,2018,,031-310-3144,경기도 시흥시청,20260224
목감동18014,1,,,,,2018,,031-310-3144,경기도 시흥시청,20260224
목감동18015,1,,,,,2018,,031-310-3144,경기도 시흥시청,20260224
신현동18023,1,,,,,2018,,031-310-3144,경기도 시흥시청,20260224
연성동18008,1,,,,,2018,,031-310-3144,경기도 시흥시청,20260224
은행동18009,1,,,,,2018,,031-310-3144,경기도 시흥시청,20260224
과림동N060,1,,,,,2018,,031-310-3144,경기도 시흥시청,20260224
목감동19S230,1,,,,,2018,,031-310-3144,경기도 시흥시청,20260224
정왕본동N089,1,,,,,2018,,031-310-3144,경기도 시흥시청,20260224
정왕본동21U104,1,,,,,2018,,031-310-3144,경기도 시흥시청,20260224
정왕본동21U155,1,,,,,2018,,031-310-3144,경기도 시흥시청,20260224
정왕본동20U245,1,,,,,2018,,031-310-3144,경기도 시흥시청,20260224
신현동19S033,1,,,,,2018,,031-310-3144,경기도 시흥시청,20260224
신현동19S078,1,,,,,2018,,031-310-3144,경기도 시흥시청,20260224
신현동N108,1,,,,,2018,,031-310-3144,경기도 시흥시청,20260224
대야동19S195,1,,,,,2018,,031-310-3144,경기도 시흥시청,20260224
신현동19S174,1,,,,,2018,,031-310-3144,경기도 시흥시청,20260224
신현동19S250,1,,,,,2018,,031-310-3144,경기도 시흥시청,20260224
신현동N105,1,,,,,2018,,031-310-3144,경기도 시흥시청,20260224
목감동N053,1,,,,,2018,,031-310-3144,경기도 시흥시청,20260224
매화동24052,1,,,,,2018,,031-310-3144,경기도 시흥시청,20260224
매화동24086,1,,,,,2018,,031-310-3144,경기도 시흥시청,20260224
과림동18006,1,,,,,2018,,031-310-3144,경기도 시흥시청,20260224
목감동N051,1,,,,,2018,,031-310-3144,경기도 시흥시청,20260224
목감동N052,1,,,,,2018,,031-310-3144,경기도 시흥시청,20260224
신현동19S046,1,,,,,2018,,031-310-3144,경기도 시흥시청,20260224
신현동19S241,1,,,,,2018,,031-310-3144,경기도 시흥시청,20260224
연성동N038,1,,,,,2018,,031-310-3144,경기도 시흥시청,20260224
과림동N074,1,,,,,2018,,031-310-3144,경기도 시흥시청,20260224
목감동19S231,1,,,,,2018,,031-310-3144,경기도 시흥시청,20260224
연성동N036,1,,,,,2018,,031-310-3144,경기도 시흥시청,20260224
과림동N073,1,,,,,2018,,031-310-3144,경기도 시흥시청,20260224
신현동N098,1,,,,,2018,,031-310-3144,경기도 시흥시청,20260224
목감동19S175,1,,,,,2018,,031-310-3144,경기도 시흥시청,20260224
목감동19S317,1,,,,,2018,,031-310-3144,경기도 시흥시청,20260224
신천동19S369,1,,,,,2018,,031-310-3144,경기도 시흥시청,20260224
정왕본동18037,1,,,,,2018,,031-310-3144,경기도 시흥시청,20260224
정왕본동18038,1,,,,,2018,,031-310-3144,경기도 시흥시청,20260224
매화동22014,1,,,,,2018,,031-310-3144,경기도 시흥시청,20260224
신현동19S285,1,,,,,2018,,031-310-3144,경기도 시흥시청,20260224
목감동19S174,1,,,,,2018,,031-310-3144,경기도 시흥시청,20260224
목감동19S303,1,,,,,2018,,031-310-3144,경기도 시흥시청,20260224
정왕3동N028,1,,,,,2018,,031-310-3144,경기도 시흥시청,20260224
과림동N069,1,,,,,2018,,031-310-3144,경기도 시흥시청,20260224
과림동N070(과림076),1,,,,,2018,,031-310-3144,경기도 시흥시청,20260224
과림동N071,1,,,,,2018,,031-310-3144,경기도 시흥시청,20260224
과림동N066,1,,,,,2018,,031-310-3144,경기도 시흥시청,20260224
과림동N068,1,,,,,2018,,031-310-3144,경기도 시흥시청,20260224
신천동19S360,1,,,,,2018,,031-310-3144,경기도 시흥시청,20260224
신천동19S704,1,,,,,2018,,031-310-3144,경기도 시흥시청,20260224
군자동N046,1,,,,,2018,,031-310-3144,경기도 시흥시청,20260224
월곶동N015,1,,,,,2018,,031-310-3144,경기도 시흥시청,20260224
장곡동24045,1,,,,,2018,,031-310-3144,경기도 시흥시청,20260224
대야동18022,1,,,,,2018,,031-310-3144,경기도 시흥시청,20260224
대야동18023,1,,,,,2018,,031-310-3144,경기도 시흥시청,20260224
대야동18024,1,,,,,2018,,031-310-3144,경기도 시흥시청,20260224
대야동18025,1,,,,,2018,,031-310-3144,경기도 시흥시청,20260224
대야동18026,1,,,,,2018,,031-310-3144,경기도 시흥시청,20260224
대야동18027,1,,,,,2018,,031-310-3144,경기도 시흥시청,20260224
신천동19S493_,1,,,,,2018,,031-310-3144,경기도 시흥시청,20260224
신천동19S644,1,,,,,2018,,031-310-3144,경기도 시흥시청,20260224
연성동21001,1,,,,,2018,,031-310-3144,경기도 시흥시청,20260224
정왕1동N052,1,,,,,2018,,031-310-3144,경기도 시흥시청,20260224
정왕1동21U149,1,,,,,2018,,031-310-3144,경기도 시흥시청,20260224
정왕1동21U184,1,,,,,2018,,031-310-3144,경기도 시흥시청,20260224
정왕본동N080,1,,,,,2018,,031-310-3144,경기도 시흥시청,20260224
대야동N115,1,,,,,2018,,031-310-3144,경기도 시흥시청,20260224
대야동N116,1,,,,,2018,,031-310-3144,경기도 시흥시청,20260224
수자원공사교차01,1,,,,,2018,,031-310-3144,경기도 시흥시청,20260224
수자원공사교차04,1,,,,,2018,,031-310-3144,경기도 시흥시청,20260224
정왕1동N040,1,,,,,2018,,031-310-3144,경기도 시흥시청,20260224
정왕1동N041,1,,,,,2018,,031-310-3144,경기도 시흥시청,20260224
정왕1동N042,1,,,,,2018,,031-310-3144,경기도 시흥시청,20260224
연성동N033,1,,,,,2018,,031-310-3144,경기도 시흥시청,20260224
과림동N064,1,,,,,2018,,031-310-3144,경기도 시흥시청,20260224
군자동N052,1,,,,,2018,,031-310-3144,경기도 시흥시청,20260224
신현동19S386,1,,,,,2018,,031-310-3144,경기도 시흥시청,20260224
정왕1동21U227,1,,,,,2018,,031-310-3144,경기도 시흥시청,20260224
목감동19S111,1,,,,,2018,,031-310-3144,경기도 시흥시청,20260224
신현동18024,1,,,,,2018,,031-310-3144,경기도 시흥시청,20260224
매화동N036,1,,,,,2018,,031-310-3144,경기도 시흥시청,20260224
신천동18013,1,,,,,2018,,031-310-3144,경기도 시흥시청,20260224
신천동19S550,1,,,,,2018,,031-310-3144,경기도 시흥시청,20260224
신현동N089,1,,,,,2018,,031-310-3144,경기도 시흥시청,20260224
연성동N031,1,,,,,2018,,031-310-3144,경기도 시흥시청,20260224
은행동N026,1,,,,,2018,,031-310-3144,경기도 시흥시청,20260224
정왕3동N027,1,,,,,2018,,031-310-3144,경기도 시흥시청,20260224
정왕본동20U203,1,,,,,2018,,031-310-3144,경기도 시흥시청,20260224
매화동24038,1,,,,,2018,,031-310-3144,경기도 시흥시청,20260224
정왕본동20U204,1,,,,,2018,,031-310-3144,경기도 시흥시청,20260224
정왕본동20U205,1,,,,,2018,,031-310-3144,경기도 시흥시청,20260224
월곶동N017,1,,,,,2018,,031-310-3144,경기도 시흥시청,20260224
정왕본동20U202,1,,,,,2018,,031-310-3144,경기도 시흥시청,20260224
군자동N051,1,,,,,2018,,031-310-3144,경기도 시흥시청,20260224
월곶동N016,1,,,,,2018,,031-310-3144,경기도 시흥시청,20260224
목감동N046,1,,,,,2018,,031-310-3144,경기도 시흥시청,20260224
신현동19S102,1,,,,,2018,,031-310-3144,경기도 시흥시청,20260224
과림동18005,1,,,,,2018,,031-310-3144,경기도 시흥시청,20260224
과림동N063,1,,,,,2018,,031-310-3144,경기도 시흥시청,20260224
신현동19S242,1,,,,,2018,,031-310-3144,경기도 시흥시청,20260224
신현동19S090,1,,,,,2018,,031-310-3144,경기도 시흥시청,20260224
정왕본동21U107,1,,,,,2018,,031-310-3144,경기도 시흥시청,20260224
목감동19S328,1,,,,,2018,,031-310-3144,경기도 시흥시청,20260224
신천동18012 - 표찰무,1,,,,,2018,,031-310-3144,경기도 시흥시청,20260224
신현동18022,1,,,,,2018,,031-310-3144,경기도 시흥시청,20260224
신현동18019,1,,,,,2018,,031-310-3144,경기도 시흥시청,20260224
신현동18020,1,,,,,2018,,031-310-3144,경기도 시흥시청,20260224
신현동18021,1,,,,,2018,,031-310-3144,경기도 시흥시청,20260224
신현동N078,1,,,,,2018,,031-310-3144,경기도 시흥시청,20260224
매화동N033,1,,,,,2018,,031-310-3144,경기도 시흥시청,20260224
연성동N022,1,,,,,2018,,031-310-3144,경기도 시흥시청,20260224
과림동N057,1,,,,,2018,,031-310-3144,경기도 시흥시청,20260224
과림동N058,1,,,,,2018,,031-310-3144,경기도 시흥시청,20260224
과림동N059,1,,,,,2018,,031-310-3144,경기도 시흥시청,20260224
정왕본동N075,1,,,,,2018,,031-310-3144,경기도 시흥시청,20260224
신천동18011,1,,,,,2018,,031-310-3144,경기도 시흥시청,20260224
신천동19S306,1,,,,,2018,,031-310-3144,경기도 시흥시청,20260224
신천동19S443,1,,,,,2018,,031-310-3144,경기도 시흥시청,20260224
신현동19S200,1,,,,,2018,,031-310-3144,경기도 시흥시청,20260224
은행동18008,1,,,,,2018,,031-310-3144,경기도 시흥시청,20260224
신현동N075,1,,,,,2018,,031-310-3144,경기도 시흥시청,20260224
매화동19S301,1,,,,,2018,,031-310-3144,경기도 시흥시청,20260224
신천동18010,1,,,,,2018,,031-310-3144,경기도 시흥시청,20260224
신천동 N174,1,,,,,2018,,031-310-3144,경기도 시흥시청,20260224
신천동 18064[표찰X],1,,,,,2018,,031-310-3144,경기도 시흥시청,20260224
신현동18017,1,,,,,2018,,031-310-3144,경기도 시흥시청,20260224
신현동18018,1,,,,,2018,,031-310-3144,경기도 시흥시청,20260224
대야동18018,1,,,,,2018,,031-310-3144,경기도 시흥시청,20260224
대야동18019,1,,,,,2018,,031-310-3144,경기도 시흥시청,20260224
신천동19S020,1,,,,,2018,,031-310-3144,경기도 시흥시청,20260224
신천동19S025,1,,,,,2018,,031-310-3144,경기도 시흥시청,20260224
대야동N114,1,,,,,2018,,031-310-3144,경기도 시흥시청,20260224
목감동N038,1,,,,,2018,,031-310-3144,경기도 시흥시청,20260224
신천동19S188[표찰X],1,,,,,2018,,031-310-3144,경기도 시흥시청,20260224
월곶동19009,1,,,,,2018,,031-310-3144,경기도 시흥시청,20260224
정왕1동N056,1,,,,,2018,,031-310-3144,경기도 시흥시청,20260224
정왕본동N084,1,,,,,2018,,031-310-3144,경기도 시흥시청,20260224
대야동19S373,1,,,,,2018,,031-310-3144,경기도 시흥시청,20260224
신현동19S012,1,,,,,2018,,031-310-3144,경기도 시흥시청,20260224
신현동19S176,1,,,,,2018,,031-310-3144,경기도 시흥시청,20260224
신현동19S380,1,,,,,2018,,031-310-3144,경기도 시흥시청,20260224
대야동N119,1,,,,,2018,,031-310-3144,경기도 시흥시청,20260224
매화동19S254,1,,,,,2018,,031-310-3144,경기도 시흥시청,20260224
목감동19S118,1,,,,,2018,,031-310-3144,경기도 시흥시청,20260224
목감동N044[LED 변경검토],1,,,,,2018,,031-310-3144,경기도 시흥시청,20260224
연성동N024,1,,,,,2018,,031-310-3144,경기도 시흥시청,20260224
은행동N025,1,,,,,2018,,031-310-3144,경기도 시흥시청,20260224
정왕1동21U015,1,,,,,2018,,031-310-3144,경기도 시흥시청,20260224
정왕본동21U123,1,,,,,2018,,031-310-3144,경기도 시흥시청,20260224
목감동N042,1,,,,,2018,,031-310-3144,경기도 시흥시청,20260224
연성동N023,1,,,,,2018,,031-310-3144,경기도 시흥시청,20260224
정왕본동N067,1,,,,,2018,,031-310-3144,경기도 시흥시청,20260224
목감동N039,1,,,,,2018,,031-310-3144,경기도 시흥시청,20260224
신현동18016,1,,,,,2018,,031-310-3144,경기도 시흥시청,20260224
대야동N207,1,,,,,2018,,031-310-3144,경기도 시흥시청,20260224
매화동N031,1,,,,,2018,,031-310-3144,경기도 시흥시청,20260224
목감동N037,1,,,,,2018,,031-310-3144,경기도 시흥시청,20260224
신천동19S728,1,,,,,2018,,031-310-3144,경기도 시흥시청,20260224
신천동19S479,1,,,,,2018,,031-310-3144,경기도 시흥시청,20260224
신천동19S481,1,,,,,2018,,031-310-3144,경기도 시흥시청,20260224
연성동N021,1,,,,,2018,,031-310-3144,경기도 시흥시청,20260224
신천동18009,1,,,,,2018,,031-310-3144,경기도 시흥시청,20260224
과림동N056,1,,,,,2018,,031-310-3144,경기도 시흥시청,20260224
신현동18012,1,,,,,2018,,031-310-3144,경기도 시흥시청,20260224
신현동18013,1,,,,,2018,,031-310-3144,경기도 시흥시청,20260224
신현동18014,1,,,,,2018,,031-310-3144,경기도 시흥시청,20260224
신현동18015,1,,,,,2018,,031-310-3144,경기도 시흥시청,20260224
신현동N074,1,,,,,2018,,031-310-3144,경기도 시흥시청,20260224
대야동N112,1,,,,,2018,,031-310-3144,경기도 시흥시청,20260224
신천동19S517,1,,,,,2018,,031-310-3144,경기도 시흥시청,20260224
신천동18007,1,,,,,2018,,031-310-3144,경기도 시흥시청,20260224
계수동20U064[램프 안정기이상],1,,,,,2018,,031-310-3144,경기도 시흥시청,20260224
신천동19S722,1,,,,,2018,,031-310-3144,경기도 시흥시청,20260224
신현동19S007,1,,,,,2018,,031-310-3144,경기도 시흥시청,20260224
과림동18004,1,,,,,2018,,031-310-3144,경기도 시흥시청,20260224
목감동19S296,1,,,,,2018,,031-310-3144,경기도 시흥시청,20260224
목감동N036,1,,,,,2018,,031-310-3144,경기도 시흥시청,20260224
과림동N053,1,,,,,2018,,031-310-3144,경기도 시흥시청,20260224
과림동N054,1,,,,,2018,,031-310-3144,경기도 시흥시청,20260224
과림동N055,1,,,,,2018,,031-310-3144,경기도 시흥시청,20260224
신현동19S100,1,,,,,2018,,031-310-3144,경기도 시흥시청,20260224
신현동19S197,1,,,,,2018,,031-310-3144,경기도 시흥시청,20260224
매화동24164(고소),1,,,,,2018,,031-310-3144,경기도 시흥시청,20260224
신현동19S003,1,,,,,2018,,031-310-3144,경기도 시흥시청,20260224
대야동 19S279,1,,,,,2018,,031-310-3144,경기도 시흥시청,20260224
매화동N030,1,,,,,2018,,031-310-3144,경기도 시흥시청,20260224
신현동N065,1,,,,,2018,,031-310-3144,경기도 시흥시청,20260224
매화동19S217,1,,,,,2018,,031-310-3144,경기도 시흥시청,20260224
과림동N049,1,,,,,2018,,031-310-3144,경기도 시흥시청,20260224
군자동18005,1,,,,,2018,,031-310-3144,경기도 시흥시청,20260224
신현동19S227,1,,,,,2018,,031-310-3144,경기도 시흥시청,20260224
목감동19S336,1,,,,,2018,,031-310-3144,경기도 시흥시청,20260224
신천동N102,1,,,,,2018,,031-310-3144,경기도 시흥시청,20260224
정왕1동N043,1,,,,,2018,,031-310-3144,경기도 시흥시청,20260224
정왕1동N044,1,,,,,2018,,031-310-3144,경기도 시흥시청,20260224
정왕1동N045,1,,,,,2018,,031-310-3144,경기도 시흥시청,20260224
정왕본동N081,1,,,,,2018,,031-310-3144,경기도 시흥시청,20260224
정왕1동21U191,1,,,,,2018,,031-310-3144,경기도 시흥시청,20260224
정왕1동21U196,1,,,,,2018,,031-310-3144,경기도 시흥시청,20260224
정왕1동21U217,1,,,,,2018,,031-310-3144,경기도 시흥시청,20260224
정왕1동21U219,1,,,,,2018,,031-310-3144,경기도 시흥시청,20260224
정왕본동N076,1,,,,,2018,,031-310-3144,경기도 시흥시청,20260224
정왕3동N022,1,,,,,2018,,031-310-3144,경기도 시흥시청,20260224
정왕3동N023,1,,,,,2018,,031-310-3144,경기도 시흥시청,20260224
정왕3동N024,1,,,,,2018,,031-310-3144,경기도 시흥시청,20260224
정왕3동N025,1,,,,,2018,,031-310-3144,경기도 시흥시청,20260224
과림동N045(과림034),1,,,,,2018,,031-310-3144,경기도 시흥시청,20260224
신천동19S458,1,,,,,2018,,031-310-3144,경기도 시흥시청,20260224
대야동N094,1,,,,,2018,,031-310-3144,경기도 시흥시청,20260224
과림동N043,1,,,,,2018,,031-310-3144,경기도 시흥시청,20260224
과림동N044,1,,,,,2018,,031-310-3144,경기도 시흥시청,20260224
매화동N023,1,,,,,2018,,031-310-3144,경기도 시흥시청,20260224
목감동18012,1,,,,,2018,,031-310-3144,경기도 시흥시청,20260224
정왕본동18009,1,,,,,2018,,031-310-3144,경기도 시흥시청,20260224
정왕본동18010,1,,,,,2018,,031-310-3144,경기도 시흥시청,20260224
정왕본동18011,1,,,,,2018,,031-310-3144,경기도 시흥시청,20260224
정왕본동N072,1,,,,,2018,,031-310-3144,경기도 시흥시청,20260224
정왕본동18007,1,,,,,2018,,031-310-3144,경기도 시흥시청,20260224
매화동24152,1,,,,,2018,,031-310-3144,경기도 시흥시청,20260224
신천동19S502,1,,,,,2018,,031-310-3144,경기도 시흥시청,20260224
신천동19S542,1,,,,,2018,,031-310-3144,경기도 시흥시청,20260224
신현동N063,1,,,,,2018,,031-310-3144,경기도 시흥시청,20260224
목감동19S248,1,,,,,2018,,031-310-3144,경기도 시흥시청,20260224
과림동N048,1,,,,,2018,,031-310-3144,경기도 시흥시청,20260224
신천동19S584,1,,,,,2018,,031-310-3144,경기도 시흥시청,20260224
정왕1동21U083,1,,,,,2018,,031-310-3144,경기도 시흥시청,20260224
신천동19S309,1,,,,,2018,,031-310-3144,경기도 시흥시청,20260224
신천동19S591,1,,,,,2018,,031-310-3144,경기도 시흥시청,20260224
연성동N020,1,,,,,2018,,031-310-3144,경기도 시흥시청,20260224
은행동N017,1,,,,,2018,,031-310-3144,경기도 시흥시청,20260224
은행동N018,1,,,,,2018,,031-310-3144,경기도 시흥시청,20260224
은행동N019,1,,,,,2018,,031-310-3144,경기도 시흥시청,20260224
은행동N020,1,,,,,2018,,031-310-3144,경기도 시흥시청,20260224
은행동N021,1,,,,,2018,,031-310-3144,경기도 시흥시청,20260224
은행동N016,1,,,,,2018,,031-310-3144,경기도 시흥시청,20260224
정왕1동21U099,1,,,,,2018,,031-310-3144,경기도 시흥시청,20260224
정왕1동21U101,1,,,,,2018,,031-310-3144,경기도 시흥시청,20260224
정왕1동21U102,1,,,,,2018,,031-310-3144,경기도 시흥시청,20260224
정왕1동21U152,1,,,,,2018,,031-310-3144,경기도 시흥시청,20260224
정왕1동21U156,1,,,,,2018,,031-310-3144,경기도 시흥시청,20260224
정왕1동21U168,1,,,,,2018,,031-310-3144,경기도 시흥시청,20260224
신천동19S246,1,,,,,2018,,031-310-3144,경기도 시흥시청,20260224
신천동19S678,1,,,,,2018,,031-310-3144,경기도 시흥시청,20260224
정왕3동N026,1,,,,,2018,,031-310-3144,경기도 시흥시청,20260224
장곡동N006,1,,,,,2018,,031-310-3144,경기도 시흥시청,20260224
매화동N027,1,,,,,2018,,031-310-3144,경기도 시흥시청,20260224
목감동19S147,1,,,,,2018,,031-310-3144,경기도 시흥시청,20260224
신현동N062,1,,,,,2018,,031-310-3144,경기도 시흥시청,20260224
정왕1동21U076,1,,,,,2018,,031-310-3144,경기도 시흥시청,20260224
매화동24021,1,,,,,2018,,031-310-3144,경기도 시흥시청,20260224
정왕본동N068,1,,,,,2018,,031-310-3144,경기도 시흥시청,20260224
매화동24100,1,,,,,2018,,031-310-3144,경기도 시흥시청,20260224
매화동N024,1,,,,,2018,,031-310-3144,경기도 시흥시청,20260224
신천동19S414,1,,,,,2018,,031-310-3144,경기도 시흥시청,20260224
신천동19S460,1,,,,,2018,,031-310-3144,경기도 시흥시청,20260224
신천동19S562,1,,,,,2018,,031-310-3144,경기도 시흥시청,20260224
신천동19S595,1,,,,,2018,,031-310-3144,경기도 시흥시청,20260224
매화동N021,1,,,,,2018,,031-310-3144,경기도 시흥시청,20260224
은행동N013,1,,,,,2018,,031-310-3144,경기도 시흥시청,20260224
매화동N019,1,,,,,2018,,031-310-3144,경기도 시흥시청,20260224
연성동N018,1,,,,,2018,,031-310-3144,경기도 시흥시청,20260224
매화동19S333,1,,,,,2018,,031-310-3144,경기도 시흥시청,20260224
정왕본동N059,1,,,,,2018,,031-310-3144,경기도 시흥시청,20260224
정왕본동N061,1,,,,,2018,,031-310-3144,경기도 시흥시청,20260224
정왕본동N062,1,,,,,2018,,031-310-3144,경기도 시흥시청,20260224
정왕본동N063,1,,,,,2018,,031-310-3144,경기도 시흥시청,20260224
정왕본동20U201,1,,,,,2018,,031-310-3144,경기도 시흥시청,20260224
군자동N040,1,,,,,2018,,031-310-3144,경기도 시흥시청,20260224
대야동18009,1,,,,,2018,,031-310-3144,경기도 시흥시청,20260224
대야동18010,1,,,,,2018,,031-310-3144,경기도 시흥시청,20260224
대야동18011,1,,,,,2018,,031-310-3144,경기도 시흥시청,20260224
대야동18012,1,,,,,2018,,031-310-3144,경기도 시흥시청,20260224
대야동18013,1,,,,,2018,,031-310-3144,경기도 시흥시청,20260224
장곡동24040,1,,,,,2018,,031-310-3144,경기도 시흥시청,20260224
신천동19S381,1,,,,,2018,,031-310-3144,경기도 시흥시청,20260224
능곡동18001,1,,,,,2018,,031-310-3144,경기도 시흥시청,20260224
능곡동18002,1,,,,,2018,,031-310-3144,경기도 시흥시청,20260224
목감동19S094,1,,,,,2018,,031-310-3144,경기도 시흥시청,20260224
신천동N092,1,,,,,2018,,031-310-3144,경기도 시흥시청,20260224
목감동N029,1,,,,,2018,,031-310-3144,경기도 시흥시청,20260224
신천동N091,1,,,,,2018,,031-310-3144,경기도 시흥시청,20260224
신천동19S648,1,,,,,2018,,031-310-3144,경기도 시흥시청,20260224
목감동19S314,1,,,,,2018,,031-310-3144,경기도 시흥시청,20260224
연성동N019,1,,,,,2018,,031-310-3144,경기도 시흥시청,20260224
정왕본동N066[등주확인],1,,,,,2018,,031-310-3144,경기도 시흥시청,20260224
과림동N047,1,,,,,2018,,031-310-3144,경기도 시흥시청,20260224
과림동N046,1,,,,,2018,,031-310-3144,경기도 시흥시청,20260224
목감동19S242,1,,,,,2018,,031-310-3144,경기도 시흥시청,20260224
대야동N095,1,,,,,2018,,031-310-3144,경기도 시흥시청,20260224
신천동19S587,1,,,,,2018,,031-310-3144,경기도 시흥시청,20260224
신천동19S247,1,,,,,2018,,031-310-3144,경기도 시흥시청,20260224
신천동19S574,1,,,,,2018,,031-310-3144,경기도 시흥시청,20260224
정왕본동N065,1,,,,,2018,,031-310-3144,경기도 시흥시청,20260224
신천동19S513,1,,,,,2018,,031-310-3144,경기도 시흥시청,20260224
신천동19S516,1,,,,,2018,,031-310-3144,경기도 시흥시청,20260224
신천동19S680,1,,,,,2018,,031-310-3144,경기도 시흥시청,20260224
정왕본동N064,1,,,,,2018,,031-310-3144,경기도 시흥시청,20260224
장곡동24054,1,,,,,2018,,031-310-3144,경기도 시흥시청,20260224
신천동19S711,1,,,,,2018,,031-310-3144,경기도 시흥시청,20260224
신천동19S482,1,,,,,2018,,031-310-3144,경기도 시흥시청,20260224
신천동19S531,1,,,,,2018,,031-310-3144,경기도 시흥시청,20260224
은행동N015,1,,,,,2018,,031-310-3144,경기도 시흥시청,20260224
정왕3동N021,1,,,,,2018,,031-310-3144,경기도 시흥시청,20260224
목감동19S194,1,,,,,2018,,031-310-3144,경기도 시흥시청,20260224
신현동18010,1,,,,,2018,,031-310-3144,경기도 시흥시청,20260224
신현동19S225,1,,,,,2018,,031-310-3144,경기도 시흥시청,20260224
신천동19S115,1,,,,,2018,,031-310-3144,경기도 시흥시청,20260224
신천동19S232,1,,,,,2018,,031-310-3144,경기도 시흥시청,20260224
신천동19S278,1,,,,,2018,,031-310-3144,경기도 시흥시청,20260224
매화동N017,1,,,,,2018,,031-310-3144,경기도 시흥시청,20260224
신천동19S712,1,,,,,2018,,031-310-3144,경기도 시흥시청,20260224
은행동N012,1,,,,,2018,,031-310-3144,경기도 시흥시청,20260224
정왕본동N055,1,,,,,2018,,031-310-3144,경기도 시흥시청,20260224
정왕본동N056,1,,,,,2018,,031-310-3144,경기도 시흥시청,20260224
정왕본동N057,1,,,,,2018,,031-310-3144,경기도 시흥시청,20260224
매화동24078,1,,,,,2018,,031-310-3144,경기도 시흥시청,20260224
신천동19S237,1,,,,,2018,,031-310-3144,경기도 시흥시청,20260224
과림동N039,1,,,,,2018,,031-310-3144,경기도 시흥시청,20260224
목감동18010,1,,,,,2018,,031-310-3144,경기도 시흥시청,20260224
목감동18011,1,,,,,2018,,031-310-3144,경기도 시흥시청,20260224
신천동19S017,1,,,,,2018,,031-310-3144,경기도 시흥시청,20260224
군자동N035,1,,,,,2018,,031-310-3144,경기도 시흥시청,20260224
대야동19S399,1,,,,,2018,,031-310-3144,경기도 시흥시청,20260224
목감동18007,1,,,,,2018,,031-310-3144,경기도 시흥시청,20260224
목감동18008,1,,,,,2018,,031-310-3144,경기도 시흥시청,20260224
매화동24119,1,,,,,2018,,031-310-3144,경기도 시흥시청,20260224
매화동N014,1,,,,,2018,,031-310-3144,경기도 시흥시청,20260224
월곶동N009,1,,,,,2018,,031-310-3144,경기도 시흥시청,20260224
군자동N031,1,,,,,2018,,031-310-3144,경기도 시흥시청,20260224
군자동N033,1,,,,,2018,,031-310-3144,경기도 시흥시청,20260224
군자동N034,1,,,,,2018,,031-310-3144,경기도 시흥시청,20260224
신천동19S504,1,,,,,2018,,031-310-3144,경기도 시흥시청,20260224
정왕1동21U040,1,,,,,2018,,031-310-3144,경기도 시흥시청,20260224
매화동N022,1,,,,,2018,,031-310-3144,경기도 시흥시청,20260224
신천동19S559,1,,,,,2018,,031-310-3144,경기도 시흥시청,20260224
신천동19S570_,1,,,,,2018,,031-310-3144,경기도 시흥시청,20260224
정왕1동21U189,1,,,,,2018,,031-310-3144,경기도 시흥시청,20260224
정왕1동21U190,1,,,,,2018,,031-310-3144,경기도 시흥시청,20260224
신천동19S484,1,,,,,2018,,031-310-3144,경기도 시흥시청,20260224
신천동19S534,1,,,,,2018,,031-310-3144,경기도 시흥시청,20260224
신천동N071,1,,,,,2018,,031-310-3144,경기도 시흥시청,20260224
신천동N072,1,,,,,2018,,031-310-3144,경기도 시흥시청,20260224
계수동20S057,1,,,,,2018,,031-310-3144,경기도 시흥시청,20260224
신천동19S520,1,,,,,2018,,031-310-3144,경기도 시흥시청,20260224
신천동 20007,1,,,,,2018,,031-310-3144,경기도 시흥시청,20260224
신천동19S611,1,,,,,2018,,031-310-3144,경기도 시흥시청,20260224
신천동19S632,1,,,,,2018,,031-310-3144,경기도 시흥시청,20260224
은행동N014,1,,,,,2018,,031-310-3144,경기도 시흥시청,20260224
군자동N042,1,,,,,2018,,031-310-3144,경기도 시흥시청,20260224
신천동19S391,1,,,,,2018,,031-310-3144,경기도 시흥시청,20260224
매화동24095,1,,,,,2018,,031-310-3144,경기도 시흥시청,20260224
신천동19S452,1,,,,,2018,,031-310-3144,경기도 시흥시청,20260224
신천동19S473,1,,,,,2018,,031-310-3144,경기도 시흥시청,20260224
정왕1동18001,1,,,,,2018,,031-310-3144,경기도 시흥시청,20260224
목감동19S102,1,,,,,2019,,031-310-3144,경기도 시흥시청,20260224
목감동19S127,1,,,,,2019,,031-310-3144,경기도 시흥시청,20260224
매화동19S048,1,,,,,2019,,031-310-3144,경기도 시흥시청,20260224
매화동19S160,1,,,,,2019,,031-310-3144,경기도 시흥시청,20260224
매화동19S293,1,,,,,2019,,031-310-3144,경기도 시흥시청,20260224
목감동19S138,1,,,,,2019,,031-310-3144,경기도 시흥시청,20260224
매화동19S273,1,,,,,2019,,031-310-3144,경기도 시흥시청,20260224
정왕본동20U168,1,,,,,2019,,031-310-3144,경기도 시흥시청,20260224
정왕본동20U196,1,,,,,2019,,031-310-3144,경기도 시흥시청,20260224
은행120,1,,,,,2019,,031-310-3144,경기도 시흥시청,20260224
은행125,1,,,,,2019,,031-310-3144,경기도 시흥시청,20260224
은행126,1,,,,,2019,,031-310-3144,경기도 시흥시청,20260224
은행156,1,,,,,2019,,031-310-3144,경기도 시흥시청,20260224
은행157,1,,,,,2019,,031-310-3144,경기도 시흥시청,20260224
은행160,1,,,,,2019,,031-310-3144,경기도 시흥시청,20260224
은행161,1,,,,,2019,,031-310-3144,경기도 시흥시청,20260224
은행221,1,,,,,2019,,031-310-3144,경기도 시흥시청,20260224
은행268,1,,,,,2019,,031-310-3144,경기도 시흥시청,20260224
은행270,1,,,,,2019,,031-310-3144,경기도 시흥시청,20260224
은행271,1,,,,,2019,,031-310-3144,경기도 시흥시청,20260224
은행347,1,,,,,2019,,031-310-3144,경기도 시흥시청,20260224
은행376,1,,,,,2019,,031-310-3144,경기도 시흥시청,20260224
은행377,1,,,,,2019,,031-310-3144,경기도 시흥시청,20260224
은행동402,1,,,,,2019,,031-310-3144,경기도 시흥시청,20260224
정왕1동339,1,,,,,2019,,031-310-3144,경기도 시흥시청,20260224
정왕3동009,1,,,,,2019,,031-310-3144,경기도 시흥시청,20260224
정왕3동021,1,,,,,2019,,031-310-3144,경기도 시흥시청,20260224
정왕3동024,1,,,,,2019,,031-310-3144,경기도 시흥시청,20260224
정왕3동028,1,,,,,2019,,031-310-3144,경기도 시흥시청,20260224
정왕3동035,1,,,,,2019,,031-310-3144,경기도 시흥시청,20260224
정왕3동039,1,,,,,2019,,031-310-3144,경기도 시흥시청,20260224
정왕3동041,1,,,,,2019,,031-310-3144,경기도 시흥시청,20260224
정왕3동048,1,,,,,2019,,031-310-3144,경기도 시흥시청,20260224
정왕3동058,1,,,,,2019,,031-310-3144,경기도 시흥시청,20260224
정왕3동065,1,,,,,2019,,031-310-3144,경기도 시흥시청,20260224
정왕3동066,1,,,,,2019,,031-310-3144,경기도 시흥시청,20260224
정왕3동069,1,,,,,2019,,031-310-3144,경기도 시흥시청,20260224
정왕3동079,1,,,,,2019,,031-310-3144,경기도 시흥시청,20260224
정왕3동082,1,,,,,2019,,031-310-3144,경기도 시흥시청,20260224
정왕3동091,1,,,,,2019,,031-310-3144,경기도 시흥시청,20260224
정왕3동095,1,,,,,2019,,031-310-3144,경기도 시흥시청,20260224
신현동18011,1,,,,,2018,,031-310-3144,경기도 시흥시청,20260224
신천동18005,1,,,,,2018,,031-310-3144,경기도 시흥시청,20260224
신천동18006,1,,,,,2018,,031-310-3144,경기도 시흥시청,20260224
신현동N061,1,,,,,2018,,031-310-3144,경기도 시흥시청,20260224
장곡동24019,1,,,,,2018,,031-310-3144,경기도 시흥시청,20260224
군자동N039,1,,,,,2018,,031-310-3144,경기도 시흥시청,20260224
대야동N080,1,,,,,2018,,031-310-3144,경기도 시흥시청,20260224
연성동N015,1,,,,,2018,,031-310-3144,경기도 시흥시청,20260224
신현동19S395,1,,,,,2018,,031-310-3144,경기도 시흥시청,20260224
목감동19S027,1,,,,,2018,,031-310-3144,경기도 시흥시청,20260224
목감동19S041,1,,,,,2018,,031-310-3144,경기도 시흥시청,20260224
매화동24010,1,,,,,2019,,031-310-3144,경기도 시흥시청,20260224
매화동24011,1,,,,,2019,,031-310-3144,경기도 시흥시청,20260224
매화동24014,1,,,,,2019,,031-310-3144,경기도 시흥시청,20260224
매화동24015,1,,,,,2019,,031-310-3144,경기도 시흥시청,20260224
매화동24022,1,,,,,2019,,031-310-3144,경기도 시흥시청,20260224
매화동24023,1,,,,,2019,,031-310-3144,경기도 시흥시청,20260224
매화동24024,1,,,,,2019,,031-310-3144,경기도 시흥시청,20260224
매화동24027,1,,,,,2019,,031-310-3144,경기도 시흥시청,20260224
매화동24029,1,,,,,2019,,031-310-3144,경기도 시흥시청,20260224
매화동24030(고소),1,,,,,2019,,031-310-3144,경기도 시흥시청,20260224
매화동24031,1,,,,,2019,,031-310-3144,경기도 시흥시청,20260224
매화동24032,1,,,,,2019,,031-310-3144,경기도 시흥시청,20260224
매화동24033,1,,,,,2019,,031-310-3144,경기도 시흥시청,20260224
매화동24034,1,,,,,2019,,031-310-3144,경기도 시흥시청,20260224
매화동24035,1,,,,,2019,,031-310-3144,경기도 시흥시청,20260224
매화동24036,1,,,,,2019,,031-310-3144,경기도 시흥시청,20260224
매화동24039,1,,,,,2019,,031-310-3144,경기도 시흥시청,20260224
매화동24041,1,,,,,2019,,031-310-3144,경기도 시흥시청,20260224
정왕3동099,1,,,,,2019,,031-310-3144,경기도 시흥시청,20260224
정왕3동128,1,,,,,2019,,031-310-3144,경기도 시흥시청,20260224
정왕3동134,1,,,,,2019,,031-310-3144,경기도 시흥시청,20260224
정왕3동150,1,,,,,2019,,031-310-3144,경기도 시흥시청,20260224
정왕3동166,1,,,,,2019,,031-310-3144,경기도 시흥시청,20260224
정왕3동167,1,,,,,2019,,031-310-3144,경기도 시흥시청,20260224
정왕3동208,1,,,,,2019,,031-310-3144,경기도 시흥시청,20260224
정왕3동220,1,,,,,2019,,031-310-3144,경기도 시흥시청,20260224
정왕3동230,1,,,,,2019,,031-310-3144,경기도 시흥시청,20260224
정왕3동232,1,,,,,2019,,031-310-3144,경기도 시흥시청,20260224
정왕3동235,1,,,,,2019,,031-310-3144,경기도 시흥시청,20260224
정왕3동239,1,,,,,2019,,031-310-3144,경기도 시흥시청,20260224
정왕본동17002,1,,,,,2019,,031-310-3144,경기도 시흥시청,20260224
정왕본동17003,1,,,,,2019,,031-310-3144,경기도 시흥시청,20260224
정왕본동17004,1,,,,,2019,,031-310-3144,경기도 시흥시청,20260224
정왕본동250,1,,,,,2019,,031-310-3144,경기도 시흥시청,20260224
정왕본동252,1,,,,,2019,,031-310-3144,경기도 시흥시청,20260224
정왕본동329,1,,,,,2019,,031-310-3144,경기도 시흥시청,20260224
정왕본동357,1,,,,,2019,,031-310-3144,경기도 시흥시청,20260224
정왕본동392,1,,,,,2019,,031-310-3144,경기도 시흥시청,20260224
정왕본동403,1,,,,,2019,,031-310-3144,경기도 시흥시청,20260224
정왕본동441,1,,,,,2019,,031-310-3144,경기도 시흥시청,20260224
정왕본동520,1,,,,,2019,,031-310-3144,경기도 시흥시청,20260224
정왕본동540,1,,,,,2019,,031-310-3144,경기도 시흥시청,20260224
정왕본동545,1,,,,,2019,,031-310-3144,경기도 시흥시청,20260224
신천동19005,1,,,,,2019,,031-310-3144,경기도 시흥시청,20260224
은행079,1,,,,,2019,,031-310-3144,경기도 시흥시청,20260224
목감동19S286,1,,,,,2019,,031-310-3144,경기도 시흥시청,20260224
매화동23007,1,,,,,2019,,031-310-3144,경기도 시흥시청,20260224
매화동19S216,1,,,,,2019,,031-310-3144,경기도 시흥시청,20260224
매화동19S191,1,,,,,2019,,031-310-3144,경기도 시흥시청,20260224
매화동19S111,1,,,,,2019,,031-310-3144,경기도 시흥시청,20260224
과림동N038,1,,,,,2018,,031-310-3144,경기도 시흥시청,20260224
신현동N057,1,,,,,2018,,031-310-3144,경기도 시흥시청,20260224
정왕1동21U110,1,,,,,2018,,031-310-3144,경기도 시흥시청,20260224
정왕1동21U097,1,,,,,2018,,031-310-3144,경기도 시흥시청,20260224
매화동24056,1,,,,,2019,,031-310-3144,경기도 시흥시청,20260224
매화동24057,1,,,,,2019,,031-310-3144,경기도 시흥시청,20260224
매화동24054,1,,,,,2019,,031-310-3144,경기도 시흥시청,20260224
매화동24055,1,,,,,2019,,031-310-3144,경기도 시흥시청,20260224
매화동24051,1,,,,,2019,,031-310-3144,경기도 시흥시청,20260224
매화동24053(고소)완전고소,1,,,,,2019,,031-310-3144,경기도 시흥시청,20260224
매화동24049,1,,,,,2019,,031-310-3144,경기도 시흥시청,20260224
매화동24050,1,,,,,2019,,031-310-3144,경기도 시흥시청,20260224
매화동24047,1,,,,,2019,,031-310-3144,경기도 시흥시청,20260224
매화동24048,1,,,,,2019,,031-310-3144,경기도 시흥시청,20260224
매화동24045,1,,,,,2019,,031-310-3144,경기도 시흥시청,20260224
매화동24046,1,,,,,2019,,031-310-3144,경기도 시흥시청,20260224
정왕1동N017,1,,,,,2018,,031-310-3144,경기도 시흥시청,20260224
정왕1동N018,1,,,,,2018,,031-310-3144,경기도 시흥시청,20260224
정왕1동21U136,1,,,,,2018,,031-310-3144,경기도 시흥시청,20260224
정왕1동21U143,1,,,,,2018,,031-310-3144,경기도 시흥시청,20260224
정왕1동21U117,1,,,,,2018,,031-310-3144,경기도 시흥시청,20260224
정왕1동N020,1,,,,,2018,,031-310-3144,경기도 시흥시청,20260224
매화동24043,1,,,,,2019,,031-310-3144,경기도 시흥시청,20260224
매화동24044,1,,,,,2019,,031-310-3144,경기도 시흥시청,20260224
과림동N030,1,,,,,2018,,031-310-3144,경기도 시흥시청,20260224
목감동18005,1,,,,,2018,,031-310-3144,경기도 시흥시청,20260224
과림동N033,1,,,,,2018,,031-310-3144,경기도 시흥시청,20260224
신현동18009,1,,,,,2018,,031-310-3144,경기도 시흥시청,20260224
정왕본동21U015,1,,,,,2019,,031-310-3144,경기도 시흥시청,20260224
정왕본동21U018,1,,,,,2019,,031-310-3144,경기도 시흥시청,20260224
정왕본동21U019,1,,,,,2019,,031-310-3144,경기도 시흥시청,20260224
정왕본동21U024,1,,,,,2019,,031-310-3144,경기도 시흥시청,20260224
정왕본동21U032,1,,,,,2019,,031-310-3144,경기도 시흥시청,20260224
정왕본동21U036,1,,,,,2019,,031-310-3144,경기도 시흥시청,20260224
정왕본동21U039,1,,,,,2019,,031-310-3144,경기도 시흥시청,20260224
정왕본동21U164,1,,,,,2019,,031-310-3144,경기도 시흥시청,20260224
목감동19S061,1,,,,,2019,,031-310-3144,경기도 시흥시청,20260224
목감동19S331,1,,,,,2019,,031-310-3144,경기도 시흥시청,20260224
신천19S681,1,,,,,2019,,031-310-3144,경기도 시흥시청,20260224
군자575,1,,,,,2019,,031-310-3144,경기도 시흥시청,20260224
군자375,1,,,,,2019,,031-310-3144,경기도 시흥시청,20260224
신현동19S332,1,,,,,2019,,031-310-3144,경기도 시흥시청,20260224
신현동19S373,1,,,,,2019,,031-310-3144,경기도 시흥시청,20260224
장곡동24014,1,,,,,2019,,031-310-3144,경기도 시흥시청,20260224
장곡동24044,1,,,,,2019,,031-310-3144,경기도 시흥시청,20260224
장곡동24053,1,,,,,2019,,031-310-3144,경기도 시흥시청,20260224
장곡동24073,1,,,,,2019,,031-310-3144,경기도 시흥시청,20260224
매화동24006,1,,,,,2019,,031-310-3144,경기도 시흥시청,20260224
매화동24007,1,,,,,2019,,031-310-3144,경기도 시흥시청,20260224
매화동24008,1,,,,,2019,,031-310-3144,경기도 시흥시청,20260224
매화동24009,1,,,,,2019,,031-310-3144,경기도 시흥시청,20260224
정왕3동226,1,,,,,2015,,031-310-3144,경기도 시흥시청,20260224
정왕3동161,1,,,,,2015,,031-310-3144,경기도 시흥시청,20260224
정왕3동179,1,,,,,2015,,031-310-3144,경기도 시흥시청,20260224
정왕3동180,1,,,,,2015,,031-310-3144,경기도 시흥시청,20260224
정왕3동181,1,,,,,2015,,031-310-3144,경기도 시흥시청,20260224
정왕3동182,1,,,,,2015,,031-310-3144,경기도 시흥시청,20260224
정왕3동188,1,,,,,2015,,031-310-3144,경기도 시흥시청,20260224
정왕3동189,1,,,,,2015,,031-310-3144,경기도 시흥시청,20260224
정왕3동190,1,,,,,2015,,031-310-3144,경기도 시흥시청,20260224
정왕3동191,1,,,,,2015,,031-310-3144,경기도 시흥시청,20260224
정왕3동193,1,,,,,2015,,031-310-3144,경기도 시흥시청,20260224
정왕3동194,1,,,,,2015,,031-310-3144,경기도 시흥시청,20260224
정왕3동196,1,,,,,2015,,031-310-3144,경기도 시흥시청,20260224
정왕3동198,1,,,,,2015,,031-310-3144,경기도 시흥시청,20260224
정왕3동199,1,,,,,2015,,031-310-3144,경기도 시흥시청,20260224
정왕3동200,1,,,,,2015,,031-310-3144,경기도 시흥시청,20260224
정왕3동201,1,,,,,2015,,031-310-3144,경기도 시흥시청,20260224
정왕3동202,1,,,,,2015,,031-310-3144,경기도 시흥시청,20260224
정왕3동203,1,,,,,2015,,031-310-3144,경기도 시흥시청,20260224
정왕3동204,1,,,,,2015,,031-310-3144,경기도 시흥시청,20260224
정왕3동242,1,,,,,2015,,031-310-3144,경기도 시흥시청,20260224
정왕3동157,1,,,,,2015,,031-310-3144,경기도 시흥시청,20260224
정왕3동158,1,,,,,2015,,031-310-3144,경기도 시흥시청,20260224
정왕3동159,1,,,,,2015,,031-310-3144,경기도 시흥시청,20260224
정왕본동299,1,,,,,2016,,031-310-3144,경기도 시흥시청,20260224
정왕본동316,1,,,,,2016,,031-310-3144,경기도 시흥시청,20260224
정왕본동317,1,,,,,2016,,031-310-3144,경기도 시흥시청,20260224
정왕본동318,1,,,,,2016,,031-310-3144,경기도 시흥시청,20260224
정왕본동382,1,,,,,2016,,031-310-3144,경기도 시흥시청,20260224
정왕3동243,1,,,,,2015,,031-310-3144,경기도 시흥시청,20260224
정왕3동129,1,,,,,2015,,031-310-3144,경기도 시흥시청,20260224
정왕3동130,1,,,,,2015,,031-310-3144,경기도 시흥시청,20260224
정왕3동131,1,,,,,2015,,031-310-3144,경기도 시흥시청,20260224
정왕3동132,1,,,,,2015,,031-310-3144,경기도 시흥시청,20260224
정왕3동045,1,,,,,2015,,031-310-3144,경기도 시흥시청,20260224
정왕3동185,1,,,,,2015,,031-310-3144,경기도 시흥시청,20260224
정왕3동083,1,,,,,2015,,031-310-3144,경기도 시흥시청,20260224
정왕3동207,1,,,,,2015,,031-310-3144,경기도 시흥시청,20260224
정왕3동215,1,,,,,2015,,031-310-3144,경기도 시흥시청,20260224
정왕3동218,1,,,,,2015,,031-310-3144,경기도 시흥시청,20260224
정왕3동138,1,,,,,2015,,031-310-3144,경기도 시흥시청,20260224
정왕3동046,1,,,,,2015,,031-310-3144,경기도 시흥시청,20260224
정왕3동051,1,,,,,2015,,031-310-3144,경기도 시흥시청,20260224
정왕3동052,1,,,,,2015,,031-310-3144,경기도 시흥시청,20260224
정왕3동057,1,,,,,2015,,031-310-3144,경기도 시흥시청,20260224
정왕3동060,1,,,,,2015,,031-310-3144,경기도 시흥시청,20260224
정왕3동061,1,,,,,2015,,031-310-3144,경기도 시흥시청,20260224
과림동N036,1,,,,,2018,,031-310-3144,경기도 시흥시청,20260224
과림동N035,1,,,,,2018,,031-310-3144,경기도 시흥시청,20260224
과림동N034,1,,,,,2018,,031-310-3144,경기도 시흥시청,20260224
정왕1동N015,1,,,,,2018,,031-310-3144,경기도 시흥시청,20260224
정왕1동N014,1,,,,,2018,,031-310-3144,경기도 시흥시청,20260224
정왕3동172,1,,,,,2015,,031-310-3144,경기도 시흥시청,20260224
정왕3동173,1,,,,,2015,,031-310-3144,경기도 시흥시청,20260224
정왕3동174,1,,,,,2015,,031-310-3144,경기도 시흥시청,20260224
정왕3동175,1,,,,,2015,,031-310-3144,경기도 시흥시청,20260224
정왕3동176,1,,,,,2015,,031-310-3144,경기도 시흥시청,20260224
정왕3동178,1,,,,,2015,,031-310-3144,경기도 시흥시청,20260224
정왕3동183,1,,,,,2015,,031-310-3144,경기도 시흥시청,20260224
정왕3동184,1,,,,,2015,,031-310-3144,경기도 시흥시청,20260224
정왕3동209,1,,,,,2015,,031-310-3144,경기도 시흥시청,20260224
정왕3동169,1,,,,,2015,,031-310-3144,경기도 시흥시청,20260224
정왕3동144,1,,,,,2015,,031-310-3144,경기도 시흥시청,20260224
정왕3동146,1,,,,,2015,,031-310-3144,경기도 시흥시청,20260224
정왕3동148,1,,,,,2015,,031-310-3144,경기도 시흥시청,20260224
정왕3동149,1,,,,,2015,,031-310-3144,경기도 시흥시청,20260224
정왕3동151,1,,,,,2015,,031-310-3144,경기도 시흥시청,20260224
정왕3동152,1,,,,,2015,,031-310-3144,경기도 시흥시청,20260224
정왕3동153,1,,,,,2015,,031-310-3144,경기도 시흥시청,20260224
정왕3동154,1,,,,,2015,,031-310-3144,경기도 시흥시청,20260224
정왕3동155,1,,,,,2015,,031-310-3144,경기도 시흥시청,20260224
정왕3동156,1,,,,,2015,,031-310-3144,경기도 시흥시청,20260224
정왕3동089,1,,,,,2015,,031-310-3144,경기도 시흥시청,20260224
정왕3동090,1,,,,,2015,,031-310-3144,경기도 시흥시청,20260224
정왕3동133,1,,,,,2015,,031-310-3144,경기도 시흥시청,20260224
정왕3동135,1,,,,,2015,,031-310-3144,경기도 시흥시청,20260224
정왕3동136,1,,,,,2015,,031-310-3144,경기도 시흥시청,20260224
정왕3동137,1,,,,,2015,,031-310-3144,경기도 시흥시청,20260224
정왕3동139,1,,,,,2015,,031-310-3144,경기도 시흥시청,20260224
정왕3동140,1,,,,,2015,,031-310-3144,경기도 시흥시청,20260224
정왕3동141,1,,,,,2015,,031-310-3144,경기도 시흥시청,20260224
정왕3동142,1,,,,,2015,,031-310-3144,경기도 시흥시청,20260224
정왕3동063,1,,,,,2015,,031-310-3144,경기도 시흥시청,20260224
정왕3동064,1,,,,,2015,,031-310-3144,경기도 시흥시청,20260224
정왕3동068,1,,,,,2015,,031-310-3144,경기도 시흥시청,20260224
정왕3동070,1,,,,,2015,,031-310-3144,경기도 시흥시청,20260224
정왕3동073,1,,,,,2015,,031-310-3144,경기도 시흥시청,20260224
정왕3동195,1,,,,,2015,,031-310-3144,경기도 시흥시청,20260224
정왕3동084,1,,,,,2015,,031-310-3144,경기도 시흥시청,20260224
정왕3동087,1,,,,,2015,,031-310-3144,경기도 시흥시청,20260224
정왕3동088,1,,,,,2015,,031-310-3144,경기도 시흥시청,20260224
정왕3동093,1,,,,,2015,,031-310-3144,경기도 시흥시청,20260224
정왕3동213,1,,,,,2015,,031-310-3144,경기도 시흥시청,20260224
정왕3동231,1,,,,,2015,,031-310-3144,경기도 시흥시청,20260224
정왕3동221,1,,,,,2015,,031-310-3144,경기도 시흥시청,20260224
정왕3동233,1,,,,,2015,,031-310-3144,경기도 시흥시청,20260224
정왕3동076,1,,,,,2015,,031-310-3144,경기도 시흥시청,20260224
정왕3동077,1,,,,,2015,,031-310-3144,경기도 시흥시청,20260224
정왕3동086,1,,,,,2015,,031-310-3144,경기도 시흥시청,20260224
정왕3동205,1,,,,,2015,,031-310-3144,경기도 시흥시청,20260224
정왕3동092,1,,,,,2015,,031-310-3144,경기도 시흥시청,20260224
정왕3동214,1,,,,,2015,,031-310-3144,경기도 시흥시청,20260224
정왕3동223,1,,,,,2015,,031-310-3144,경기도 시흥시청,20260224
정왕3동234,1,,,,,2015,,031-310-3144,경기도 시흥시청,20260224
군자603,1,,,,,2015,,031-310-3144,경기도 시흥시청,20260224
군자573,1,,,,,2015,,031-310-3144,경기도 시흥시청,20260224
군자574,1,,,,,2015,,031-310-3144,경기도 시흥시청,20260224
군자580,1,,,,,2015,,031-310-3144,경기도 시흥시청,20260224
정왕3동074,1,,,,,2015,,031-310-3144,경기도 시흥시청,20260224
정왕3동075,1,,,,,2015,,031-310-3144,경기도 시흥시청,20260224
정왕3동008,1,,,,,2015,,031-310-3144,경기도 시흥시청,20260224
정왕3동010,1,,,,,2015,,031-310-3144,경기도 시흥시청,20260224
정왕3동011,1,,,,,2015,,031-310-3144,경기도 시흥시청,20260224
정왕3동014,1,,,,,2015,,031-310-3144,경기도 시흥시청,20260224
정왕3동015,1,,,,,2015,,031-310-3144,경기도 시흥시청,20260224
정왕3동016,1,,,,,2015,,031-310-3144,경기도 시흥시청,20260224
정왕3동017,1,,,,,2015,,031-310-3144,경기도 시흥시청,20260224
정왕3동018,1,,,,,2015,,031-310-3144,경기도 시흥시청,20260224
정왕3동019,1,,,,,2015,,031-310-3144,경기도 시흥시청,20260224
정왕3동022,1,,,,,2015,,031-310-3144,경기도 시흥시청,20260224
정왕3동023,1,,,,,2015,,031-310-3144,경기도 시흥시청,20260224
정왕3동025,1,,,,,2015,,031-310-3144,경기도 시흥시청,20260224
정왕3동026,1,,,,,2015,,031-310-3144,경기도 시흥시청,20260224
정왕3동027,1,,,,,2015,,031-310-3144,경기도 시흥시청,20260224
정왕3동241,1,,,,,2015,,031-310-3144,경기도 시흥시청,20260224
정왕3동003,1,,,,,2015,,031-310-3144,경기도 시흥시청,20260224
정왕3동004,1,,,,,2015,,031-310-3144,경기도 시흥시청,20260224
정왕3동102,1,,,,,2015,,031-310-3144,경기도 시흥시청,20260224
정왕3동103,1,,,,,2015,,031-310-3144,경기도 시흥시청,20260224
정왕3동005,1,,,,,2015,,031-310-3144,경기도 시흥시청,20260224
정왕3동105,1,,,,,2015,,031-310-3144,경기도 시흥시청,20260224
정왕3동106,1,,,,,2015,,031-310-3144,경기도 시흥시청,20260224
정왕3동109,1,,,,,2015,,031-310-3144,경기도 시흥시청,20260224
정왕3동110,1,,,,,2015,,031-310-3144,경기도 시흥시청,20260224
정왕3동112,1,,,,,2015,,031-310-3144,경기도 시흥시청,20260224
정왕3동113,1,,,,,2015,,031-310-3144,경기도 시흥시청,20260224
정왕3동115,1,,,,,2015,,031-310-3144,경기도 시흥시청,20260224
정왕3동116,1,,,,,2015,,031-310-3144,경기도 시흥시청,20260224
정왕3동117,1,,,,,2015,,031-310-3144,경기도 시흥시청,20260224
정왕3동118,1,,,,,2015,,031-310-3144,경기도 시흥시청,20260224
정왕3동120,1,,,,,2015,,031-310-3144,경기도 시흥시청,20260224
정왕3동108,1,,,,,2015,,031-310-3144,경기도 시흥시청,20260224
정왕3동111,1,,,,,2015,,031-310-3144,경기도 시흥시청,20260224
정왕3동122,1,,,,,2015,,031-310-3144,경기도 시흥시청,20260224
정왕3동119,1,,,,,2015,,031-310-3144,경기도 시흥시청,20260224
정왕3동123,1,,,,,2015,,031-310-3144,경기도 시흥시청,20260224
정왕3동126,1,,,,,2015,,031-310-3144,경기도 시흥시청,20260224
정왕3동127,1,,,,,2015,,031-310-3144,경기도 시흥시청,20260224
정왕3동033,1,,,,,2015,,031-310-3144,경기도 시흥시청,20260224
정왕3동162,1,,,,,2015,,031-310-3144,경기도 시흥시청,20260224
정왕3동163,1,,,,,2015,,031-310-3144,경기도 시흥시청,20260224
정왕3동164,1,,,,,2015,,031-310-3144,경기도 시흥시청,20260224
정왕3동165,1,,,,,2015,,031-310-3144,경기도 시흥시청,20260224
정왕3동168,1,,,,,2015,,031-310-3144,경기도 시흥시청,20260224
정왕3동171,1,,,,,2015,,031-310-3144,경기도 시흥시청,20260224
정왕본동20U244,1,,,,,2018,,031-310-3144,경기도 시흥시청,20260224
정왕본동N018,1,,,,,2018,,031-310-3144,경기도 시흥시청,20260224
정왕본동N019,1,,,,,2018,,031-310-3144,경기도 시흥시청,20260224
과림동N018,1,,,,,2018,,031-310-3144,경기도 시흥시청,20260224
과림동18001,1,,,,,2018,,031-310-3144,경기도 시흥시청,20260224
과림동18002,1,,,,,2018,,031-310-3144,경기도 시흥시청,20260224
정왕3동N018,1,,,,,2018,,031-310-3144,경기도 시흥시청,20260224
정왕3동N019,1,,,,,2018,,031-310-3144,경기도 시흥시청,20260224
정왕3동N016,1,,,,,2018,,031-310-3144,경기도 시흥시청,20260224
정왕3동N017,1,,,,,2018,,031-310-3144,경기도 시흥시청,20260224
정왕3동N014,1,,,,,2018,,031-310-3144,경기도 시흥시청,20260224
정왕3동N015,1,,,,,2018,,031-310-3144,경기도 시흥시청,20260224
대야동N076,1,,,,,2018,,031-310-3144,경기도 시흥시청,20260224
정왕3동N013,1,,,,,2018,,031-310-3144,경기도 시흥시청,20260224
목감동18006,1,,,,,2018,,031-310-3144,경기도 시흥시청,20260224
대야동N077,1,,,,,2018,,031-310-3144,경기도 시흥시청,20260224
정왕3동034,1,,,,,2015,,031-310-3144,경기도 시흥시청,20260224
정왕3동036,1,,,,,2015,,031-310-3144,경기도 시흥시청,20260224
정왕3동037,1,,,,,2015,,031-310-3144,경기도 시흥시청,20260224
정왕3동047,1,,,,,2015,,031-310-3144,경기도 시흥시청,20260224
정왕3동053,1,,,,,2015,,031-310-3144,경기도 시흥시청,20260224
정왕3동055,1,,,,,2015,,031-310-3144,경기도 시흥시청,20260224
정왕3동056,1,,,,,2015,,031-310-3144,경기도 시흥시청,20260224
정왕3동059,1,,,,,2015,,031-310-3144,경기도 시흥시청,20260224
정왕3동078,1,,,,,2015,,031-310-3144,경기도 시흥시청,20260224
정왕3동080,1,,,,,2015,,031-310-3144,경기도 시흥시청,20260224
정왕3동081,1,,,,,2015,,031-310-3144,경기도 시흥시청,20260224
정왕3동085,1,,,,,2015,,031-310-3144,경기도 시흥시청,20260224
정왕3동114,1,,,,,2015,,031-310-3144,경기도 시흥시청,20260224
정왕3동040,1,,,,,2015,,031-310-3144,경기도 시흥시청,20260224
정왕3동044,1,,,,,2015,,031-310-3144,경기도 시흥시청,20260224
정왕3동049,1,,,,,2015,,031-310-3144,경기도 시흥시청,20260224
정왕3동050,1,,,,,2015,,031-310-3144,경기도 시흥시청,20260224
연성동 N23038,1,,,,,2015,,031-310-3144,경기도 시흥시청,20260224
연성동 N23039,1,,,,,2015,,031-310-3144,경기도 시흥시청,20260224
연성동 N23040,1,,,,,2015,,031-310-3144,경기도 시흥시청,20260224
연성동425,1,,,,,2015,,031-310-3144,경기도 시흥시청,20260224
연성동426,1,,,,,2015,,031-310-3144,경기도 시흥시청,20260224
군자동612(삭제검토),1,,,,,2015,,031-310-3144,경기도 시흥시청,20260224
군자동614,1,,,,,2015,,031-310-3144,경기도 시흥시청,20260224
군자동N209,1,,,,,2015,,031-310-3144,경기도 시흥시청,20260224
군자동616,1,,,,,2015,,031-310-3144,경기도 시흥시청,20260224
군자동618,1,,,,,2015,,031-310-3144,경기도 시흥시청,20260224
장곡동24033,1,,,,,2015,,031-310-3144,경기도 시흥시청,20260224
장곡동24034,1,,,,,2015,,031-310-3144,경기도 시흥시청,20260224
장곡동24035,1,,,,,2015,,031-310-3144,경기도 시흥시청,20260224
군자579,1,,,,,2015,,031-310-3144,경기도 시흥시청,20260224
군자586,1,,,,,2015,,031-310-3144,경기도 시흥시청,20260224
군자596,1,,,,,2015,,031-310-3144,경기도 시흥시청,20260224
군자598,1,,,,,2015,,031-310-3144,경기도 시흥시청,20260224
군자599,1,,,,,2015,,031-310-3144,경기도 시흥시청,20260224
군자602,1,,,,,2015,,031-310-3144,경기도 시흥시청,20260224
과림동N015,1,,,,,2018,,031-310-3144,경기도 시흥시청,20260224
신현동18004,1,,,,,2018,,031-310-3144,경기도 시흥시청,20260224
신현동18005,1,,,,,2018,,031-310-3144,경기도 시흥시청,20260224
신현동18006,1,,,,,2018,,031-310-3144,경기도 시흥시청,20260224
월곶동18001,1,,,,,2018,,031-310-3144,경기도 시흥시청,20260224
월곶동18002,1,,,,,2018,,031-310-3144,경기도 시흥시청,20260224
신천동19S735,1,,,,,2018,,031-310-3144,경기도 시흥시청,20260224
신현동19S136,1,,,,,2018,,031-310-3144,경기도 시흥시청,20260224
은행동18001,1,,,,,2018,,031-310-3144,경기도 시흥시청,20260224
은행동18002,1,,,,,2018,,031-310-3144,경기도 시흥시청,20260224
은행동18003,1,,,,,2018,,031-310-3144,경기도 시흥시청,20260224
정왕본동18003,1,,,,,2018,,031-310-3144,경기도 시흥시청,20260224
신현동18001,1,,,,,2018,,031-310-3144,경기도 시흥시청,20260224
신현동18002,1,,,,,2018,,031-310-3144,경기도 시흥시청,20260224
신현동18003,1,,,,,2018,,031-310-3144,경기도 시흥시청,20260224
정왕본동18002,1,,,,,2018,,031-310-3144,경기도 시흥시청,20260224
신현동19S368,1,,,,,2018,,031-310-3144,경기도 시흥시청,20260224
연성동N009,1,,,,,2018,,031-310-3144,경기도 시흥시청,20260224
신현동19S230,1,,,,,2018,,031-310-3144,경기도 시흥시청,20260224
정왕1동21U270,1,,,,,2018,,031-310-3144,경기도 시흥시청,20260224
매화동19S049,1,,,,,2018,,031-310-3144,경기도 시흥시청,20260224
신천동19S569,1,,,,,2018,,031-310-3144,경기도 시흥시청,20260224
정왕1동N005,1,,,,,2018,,031-310-3144,경기도 시흥시청,20260224
정왕본동N025,1,,,,,2018,,031-310-3144,경기도 시흥시청,20260224
매화동24026,1,,,,,2018,,031-310-3144,경기도 시흥시청,20260224
정왕3동N008,1,,,,,2018,,031-310-3144,경기도 시흥시청,20260224
정왕본동20U199,1,,,,,2018,,031-310-3144,경기도 시흥시청,20260224
정왕3동N005,1,,,,,2018,,031-310-3144,경기도 시흥시청,20260224
정왕3동N006,1,,,,,2018,,031-310-3144,경기도 시흥시청,20260224
정왕3동N007,1,,,,,2018,,031-310-3144,경기도 시흥시청,20260224
신천동19S694,1,,,,,2018,,031-310-3144,경기도 시흥시청,20260224
신천동19S743,1,,,,,2018,,031-310-3144,경기도 시흥시청,20260224
정왕3동N003,1,,,,,2018,,031-310-3144,경기도 시흥시청,20260224
장곡동24055,1,,,,,2018,,031-310-3144,경기도 시흥시청,20260224
장곡동N002,1,,,,,2018,,031-310-3144,경기도 시흥시청,20260224
정왕3동N001,1,,,,,2018,,031-310-3144,경기도 시흥시청,20260224
군자동N007,1,,,,,2018,,031-310-3144,경기도 시흥시청,20260224
연성동18002,1,,,,,2018,,031-310-3144,경기도 시흥시청,20260224
연성동18003,1,,,,,2018,,031-310-3144,경기도 시흥시청,20260224
대야동N058,1,,,,,2018,,031-310-3144,경기도 시흥시청,20260224
대야동N059,1,,,,,2018,,031-310-3144,경기도 시흥시청,20260224
매화동N011,1,,,,,2018,,031-310-3144,경기도 시흥시청,20260224
목감동18001,1,,,,,2018,,031-310-3144,경기도 시흥시청,20260224
신현동19S128,1,,,,,2018,,031-310-3144,경기도 시흥시청,20260224
정왕1동21U082,1,,,,,2018,,031-310-3144,경기도 시흥시청,20260224
신현동19S167,1,,,,,2018,,031-310-3144,경기도 시흥시청,20260224
신현동N046,1,,,,,2018,,031-310-3144,경기도 시흥시청,20260224
정왕1동21U197,1,,,,,2018,,031-310-3144,경기도 시흥시청,20260224
연성동18004,1,,,,,2018,,031-310-3144,경기도 시흥시청,20260224
대야동N057,1,,,,,2018,,031-310-3144,경기도 시흥시청,20260224
정왕본동N022,1,,,,,2018,,031-310-3144,경기도 시흥시청,20260224
신천동19S018,1,,,,,2018,,031-310-3144,경기도 시흥시청,20260224
신천동19S628,1,,,,,2018,,031-310-3144,경기도 시흥시청,20260224
신천동19S662,1,,,,,2018,,031-310-3144,경기도 시흥시청,20260224
정왕본동18001,1,,,,,2018,,031-310-3144,경기도 시흥시청,20260224
신현동17012,1,,,,,2017,,031-310-3144,경기도 시흥시청,20260224
신현동17013,1,,,,,2017,,031-310-3144,경기도 시흥시청,20260224
신현동N034,1,,,,,2017,,031-310-3144,경기도 시흥시청,20260224
신현동17009,1,,,,,2017,,031-310-3144,경기도 시흥시청,20260224
신현동17010,1,,,,,2017,,031-310-3144,경기도 시흥시청,20260224
신현동17011,1,,,,,2017,,031-310-3144,경기도 시흥시청,20260224
신현동17014,1,,,,,2017,,031-310-3144,경기도 시흥시청,20260224
신현동17015,1,,,,,2017,,031-310-3144,경기도 시흥시청,20260224
신현동17016,1,,,,,2017,,031-310-3144,경기도 시흥시청,20260224
신현동17017,1,,,,,2017,,031-310-3144,경기도 시흥시청,20260224
신현동17018,1,,,,,2017,,031-310-3144,경기도 시흥시청,20260224
신현동17019,1,,,,,2017,,031-310-3144,경기도 시흥시청,20260224
신현동17020,1,,,,,2017,,031-310-3144,경기도 시흥시청,20260224
신현동N027,1,,,,,2017,,031-310-3144,경기도 시흥시청,20260224
신현동N028,1,,,,,2017,,031-310-3144,경기도 시흥시청,20260224
신천동17015,1,,,,,2017,,031-310-3144,경기도 시흥시청,20260224
정왕본동17013,1,,,,,2017,,031-310-3144,경기도 시흥시청,20260224
정왕본동17014,1,,,,,2017,,031-310-3144,경기도 시흥시청,20260224
대야동N041,1,,,,,2017,,031-310-3144,경기도 시흥시청,20260224
대야동N042,1,,,,,2017,,031-310-3144,경기도 시흥시청,20260224
대야동N043,1,,,,,2017,,031-310-3144,경기도 시흥시청,20260224
대야동N044,1,,,,,2017,,031-310-3144,경기도 시흥시청,20260224
신현동19S465,1,,,,,2018,,031-310-3144,경기도 시흥시청,20260224
정왕본동N017,1,,,,,2018,,031-310-3144,경기도 시흥시청,20260224
신현동18007,1,,,,,2018,,031-310-3144,경기도 시흥시청,20260224
연성동18001,1,,,,,2018,,031-310-3144,경기도 시흥시청,20260224
목감동19S151,1,,,,,2018,,031-310-3144,경기도 시흥시청,20260224
신천동19S111,1,,,,,2018,,031-310-3144,경기도 시흥시청,20260224
신천동19S379,1,,,,,2018,,031-310-3144,경기도 시흥시청,20260224
월곶동18003,1,,,,,2018,,031-310-3144,경기도 시흥시청,20260224
월곶동18004,1,,,,,2018,,031-310-3144,경기도 시흥시청,20260224
월곶동18005,1,,,,,2018,,031-310-3144,경기도 시흥시청,20260224
정왕본동N015,1,,,,,2018,,031-310-3144,경기도 시흥시청,20260224
은행동N074,1,,,,,2018,,031-310-3144,경기도 시흥시청,20260224
정왕본동21U020,1,,,,,2018,,031-310-3144,경기도 시흥시청,20260224
대야동N052,1,,,,,2018,,031-310-3144,경기도 시흥시청,20260224
정왕본동N012,1,,,,,2018,,031-310-3144,경기도 시흥시청,20260224
대야동N049,1,,,,,2018,,031-310-3144,경기도 시흥시청,20260224
월곶동18006,1,,,,,2018,,031-310-3144,경기도 시흥시청,20260224
월곶동18007,1,,,,,2018,,031-310-3144,경기도 시흥시청,20260224
신현동N042,1,,,,,2018,,031-310-3144,경기도 시흥시청,20260224
신천동19S114,1,,,,,2018,,031-310-3144,경기도 시흥시청,20260224
신현동N041,1,,,,,2018,,031-310-3144,경기도 시흥시청,20260224
과림동N016,1,,,,,2018,,031-310-3144,경기도 시흥시청,20260224
신현동19S406,1,,,,,2018,,031-310-3144,경기도 시흥시청,20260224
은행동18004,1,,,,,2018,,031-310-3144,경기도 시흥시청,20260224
능곡동N006,1,,,,,2017,,031-310-3144,경기도 시흥시청,20260224
대야동19S157,1,,,,,2017,,031-310-3144,경기도 시흥시청,20260224
대야동N039,1,,,,,2017,,031-310-3144,경기도 시흥시청,20260224
목감동19S312,1,,,,,2017,,031-310-3144,경기도 시흥시청,20260224
대야동17018,1,,,,,2017,,031-310-3144,경기도 시흥시청,20260224
매화동N009,1,,,,,2017,,031-310-3144,경기도 시흥시청,20260224
매화동N010,1,,,,,2017,,031-310-3144,경기도 시흥시청,20260224
목감동N015,1,,,,,2017,,031-310-3144,경기도 시흥시청,20260224
신천동17013,1,,,,,2017,,031-310-3144,경기도 시흥시청,20260224
신천동17014,1,,,,,2017,,031-310-3144,경기도 시흥시청,20260224
신현동N030,1,,,,,2017,,031-310-3144,경기도 시흥시청,20260224
신현동N031,1,,,,,2017,,031-310-3144,경기도 시흥시청,20260224
연성동N006,1,,,,,2017,,031-310-3144,경기도 시흥시청,20260224
대야동N037,1,,,,,2017,,031-310-3144,경기도 시흥시청,20260224
목감동19S196,1,,,,,2017,,031-310-3144,경기도 시흥시청,20260224
목감동N013,1,,,,,2017,,031-310-3144,경기도 시흥시청,20260224
목감동N014,1,,,,,2017,,031-310-3144,경기도 시흥시청,20260224
신현동19S166,1,,,,,2017,,031-310-3144,경기도 시흥시청,20260224
목감동19S190,1,,,,,2017,,031-310-3144,경기도 시흥시청,20260224
과림동N013,1,,,,,2017,,031-310-3144,경기도 시흥시청,20260224
연성동17010,1,,,,,2017,,031-310-3144,경기도 시흥시청,20260224
연성동17011,1,,,,,2017,,031-310-3144,경기도 시흥시청,20260224
대야동N036,1,,,,,2017,,031-310-3144,경기도 시흥시청,20260224
매화동N008,1,,,,,2017,,031-310-3144,경기도 시흥시청,20260224
신천동19S420,1,,,,,2017,,031-310-3144,경기도 시흥시청,20260224
신천동19S353,1,,,,,2017,,031-310-3144,경기도 시흥시청,20260224
신천동19S354,1,,,,,2017,,031-310-3144,경기도 시흥시청,20260224
신천동N020,1,,,,,2017,,031-310-3144,경기도 시흥시청,20260224
정왕본동17012,1,,,,,2017,,031-310-3144,경기도 시흥시청,20260224
정왕본동17011,1,,,,,2017,,031-310-3144,경기도 시흥시청,20260224
능곡동N005,1,,,,,2017,,031-310-3144,경기도 시흥시청,20260224
군자동17006,1,,,,,2017,,031-310-3144,경기도 시흥시청,20260224
군자동17007,1,,,,,2017,,031-310-3144,경기도 시흥시청,20260224
은행동17019,1,,,,,2017,,031-310-3144,경기도 시흥시청,20260224
장곡동17001,1,,,,,2017,,031-310-3144,경기도 시흥시청,20260224
매화동24037,1,,,,,2017,,031-310-3144,경기도 시흥시청,20260224
신천동19S503,1,,,,,2017,,031-310-3144,경기도 시흥시청,20260224
목감동19S316,1,,,,,2018,,031-310-3144,경기도 시흥시청,20260224
신천동19S037_,1,,,,,2018,,031-310-3144,경기도 시흥시청,20260224
정왕본동20U243,1,,,,,2018,,031-310-3144,경기도 시흥시청,20260224
신천동19S554,1,,,,,2018,,031-310-3144,경기도 시흥시청,20260224
신천동19S567,1,,,,,2018,,031-310-3144,경기도 시흥시청,20260224
매화동18003,1,,,,,2018,,031-310-3144,경기도 시흥시청,20260224
목감동19S068,1,,,,,2018,,031-310-3144,경기도 시흥시청,20260224
신천동19S720,1,,,,,2018,,031-310-3144,경기도 시흥시청,20260224
정왕본동21U082,1,,,,,2018,,031-310-3144,경기도 시흥시청,20260224
군자동18001,1,,,,,2018,,031-310-3144,경기도 시흥시청,20260224
군자동18002,1,,,,,2018,,031-310-3144,경기도 시흥시청,20260224
매화동18001,1,,,,,2018,,031-310-3144,경기도 시흥시청,20260224
매화동18002,1,,,,,2018,,031-310-3144,경기도 시흥시청,20260224
신천동18001,1,,,,,2018,,031-310-3144,경기도 시흥시청,20260224
대야동17012,1,,,,,2017,,031-310-3144,경기도 시흥시청,20260224
대야동17013,1,,,,,2017,,031-310-3144,경기도 시흥시청,20260224
대야동17014,1,,,,,2017,,031-310-3144,경기도 시흥시청,20260224
대야동N170,1,,,,,2017,,031-310-3144,경기도 시흥시청,20260224
매화동17010,1,,,,,2017,,031-310-3144,경기도 시흥시청,20260224
정왕1동N002,1,,,,,2017,,031-310-3144,경기도 시흥시청,20260224
능곡동N002,1,,,,,2017,,031-310-3144,경기도 시흥시청,20260224
목감동17013,1,,,,,2017,,031-310-3144,경기도 시흥시청,20260224
정왕본동N129,1,,,,,2017,,031-310-3144,경기도 시흥시청,20260224
매화동24113,1,,,,,2017,,031-310-3144,경기도 시흥시청,20260224
목감동19S288,1,,,,,2017,,031-310-3144,경기도 시흥시청,20260224
과림동17008,1,,,,,2017,,031-310-3144,경기도 시흥시청,20260224
매화동N005,1,,,,,2017,,031-310-3144,경기도 시흥시청,20260224
신현동19S257,1,,,,,2017,,031-310-3144,경기도 시흥시청,20260224
정왕1동N001,1,,,,,2017,,031-310-3144,경기도 시흥시청,20260224
매화동24074,1,,,,,2017,,031-310-3144,경기도 시흥시청,20260224
대야동17016,1,,,,,2017,,031-310-3144,경기도 시흥시청,20260224
신천동19S718,1,,,,,2017,,031-310-3144,경기도 시흥시청,20260224
은행동N002,1,,,,,2017,,031-310-3144,경기도 시흥시청,20260224
대야동N024,1,,,,,2017,,031-310-3144,경기도 시흥시청,20260224
은행동N003(보안등번호 912),1,,,,,2017,,031-310-3144,경기도 시흥시청,20260224
은행동N004,1,,,,,2017,,031-310-3144,경기도 시흥시청,20260224
은행동N005,1,,,,,2017,,031-310-3144,경기도 시흥시청,20260224
매화동24170,1,,,,,2017,,031-310-3144,경기도 시흥시청,20260224
군자동17005,1,,,,,2017,,031-310-3144,경기도 시흥시청,20260224
신천동19S726,1,,,,,2017,,031-310-3144,경기도 시흥시청,20260224
과림동N009,1,,,,,2017,,031-310-3144,경기도 시흥시청,20260224
과림동N010,1,,,,,2017,,031-310-3144,경기도 시흥시청,20260224
과림동N011,1,,,,,2017,,031-310-3144,경기도 시흥시청,20260224
과림동N012,1,,,,,2017,,031-310-3144,경기도 시흥시청,20260224
과림동N008,1,,,,,2017,,031-310-3144,경기도 시흥시청,20260224
신현동19S340,1,,,,,2017,,031-310-3144,경기도 시흥시청,20260224
과림동N007,1,,,,,2017,,031-310-3144,경기도 시흥시청,20260224
목감동17016,1,,,,,2017,,031-310-3144,경기도 시흥시청,20260224
신천동19S418,1,,,,,2017,,031-310-3144,경기도 시흥시청,20260224
신현동N021,1,,,,,2017,,031-310-3144,경기도 시흥시청,20260224
과림동17007,1,,,,,2017,,031-310-3144,경기도 시흥시청,20260224
과림동N006,1,,,,,2017,,031-310-3144,경기도 시흥시청,20260224
과림동N005,1,,,,,2017,,031-310-3144,경기도 시흥시청,20260224
목감동N009,1,,,,,2017,,031-310-3144,경기도 시흥시청,20260224
신천동17011,1,,,,,2017,,031-310-3144,경기도 시흥시청,20260224
신천동19S189,1,,,,,2017,,031-310-3144,경기도 시흥시청,20260224
군자동N003,1,,,,,2017,,031-310-3144,경기도 시흥시청,20260224
목감동19S152,1,,,,,2017,,031-310-3144,경기도 시흥시청,20260224
목감동19S238,1,,,,,2017,,031-310-3144,경기도 시흥시청,20260224
목감동19S291,1,,,,,2017,,031-310-3144,경기도 시흥시청,20260224
목감동N005,1,,,,,2017,,031-310-3144,경기도 시흥시청,20260224
과림동17006,1,,,,,2017,,031-310-3144,경기도 시흥시청,20260224
대야동N028,1,,,,,2017,,031-310-3144,경기도 시흥시청,20260224
대야동N040,1,,,,,2017,,031-310-3144,경기도 시흥시청,20260224
신현동N032,1,,,,,2017,,031-310-3144,경기도 시흥시청,20260224
은행동N007,1,,,,,2017,,031-310-3144,경기도 시흥시청,20260224
신현동N006,1,,,,,2017,,031-310-3144,경기도 시흥시청,20260224
대야동N005,1,,,,,2017,,031-310-3144,경기도 시흥시청,20260224
대야동N006,1,,,,,2017,,031-310-3144,경기도 시흥시청,20260224
신천동17004,1,,,,,2017,,031-310-3144,경기도 시흥시청,20260224
신천동17005,1,,,,,2017,,031-310-3144,경기도 시흥시청,20260224
신천동17006,1,,,,,2017,,031-310-3144,경기도 시흥시청,20260224
대야동N003,1,,,,,2017,,031-310-3144,경기도 시흥시청,20260224
대야동N004,1,,,,,2017,,031-310-3144,경기도 시흥시청,20260224
신현동N004,1,,,,,2017,,031-310-3144,경기도 시흥시청,20260224
대야동N002,1,,,,,2017,,031-310-3144,경기도 시흥시청,20260224
신천동N005,1,,,,,2017,,031-310-3144,경기도 시흥시청,20260224
신천동19S117,1,,,,,2017,,031-310-3144,경기도 시흥시청,20260224
신천동19S620,1,,,,,2017,,031-310-3144,경기도 시흥시청,20260224
신천동19s633,1,,,,,2017,,031-310-3144,경기도 시흥시청,20260224
월곶동17005,1,,,,,2017,,031-310-3144,경기도 시흥시청,20260224
신천동19S450,1,,,,,2017,,031-310-3144,경기도 시흥시청,20260224
정왕본동17005,1,,,,,2017,,031-310-3144,경기도 시흥시청,20260224
신천동19S292_,1,,,,,2017,,031-310-3144,경기도 시흥시청,20260224
신현동19S187,1,,,,,2017,,031-310-3144,경기도 시흥시청,20260224
과림동N003,1,,,,,2017,,031-310-3144,경기도 시흥시청,20260224
대야동N027,1,,,,,2017,,031-310-3144,경기도 시흥시청,20260224
목감동N004,1,,,,,2017,,031-310-3144,경기도 시흥시청,20260224
과림동17005,1,,,,,2017,,031-310-3144,경기도 시흥시청,20260224
대야동N022,1,,,,,2017,,031-310-3144,경기도 시흥시청,20260224
신현동19S073,1,,,,,2017,,031-310-3144,경기도 시흥시청,20260224
신현동19S143,1,,,,,2017,,031-310-3144,경기도 시흥시청,20260224
정왕본동17008,1,,,,,2017,,031-310-3144,경기도 시흥시청,20260224
정왕본동17009,1,,,,,2017,,031-310-3144,경기도 시흥시청,20260224
정왕본동17010,1,,,,,2017,,031-310-3144,경기도 시흥시청,20260224
매화동19S032,1,,,,,2017,,031-310-3144,경기도 시흥시청,20260224
매화동19S034,1,,,,,2017,,031-310-3144,경기도 시흥시청,20260224
신천동17009,1,,,,,2017,,031-310-3144,경기도 시흥시청,20260224
신천동17010,1,,,,,2017,,031-310-3144,경기도 시흥시청,20260224
목감동17015,1,,,,,2017,,031-310-3144,경기도 시흥시청,20260224
목감동N003,1,,,,,2017,,031-310-3144,경기도 시흥시청,20260224
신현동17007,1,,,,,2017,,031-310-3144,경기도 시흥시청,20260224
신현동17008,1,,,,,2017,,031-310-3144,경기도 시흥시청,20260224
대야동 N178,1,,,,,2017,,031-310-3144,경기도 시흥시청,20260224
신현동N014,1,,,,,2017,,031-310-3144,경기도 시흥시청,20260224
신천동19S407,1,,,,,2017,,031-310-3144,경기도 시흥시청,20260224
신천동19S454,1,,,,,2017,,031-310-3144,경기도 시흥시청,20260224
목감동19S220,1,,,,,2017,,031-310-3144,경기도 시흥시청,20260224
매화동17012,1,,,,,2017,,031-310-3144,경기도 시흥시청,20260224
신현동N013,1,,,,,2017,,031-310-3144,경기도 시흥시청,20260224
매화동19S241,1,,,,,2017,,031-310-3144,경기도 시흥시청,20260224
신현동17006,1,,,,,2017,,031-310-3144,경기도 시흥시청,20260224
신현동N012,1,,,,,2017,,031-310-3144,경기도 시흥시청,20260224
능곡동N003,1,,,,,2017,,031-310-3144,경기도 시흥시청,20260224
능곡동N004,1,,,,,2017,,031-310-3144,경기도 시흥시청,20260224
대야동17005,1,,,,,2017,,031-310-3144,경기도 시흥시청,20260224
은행동21001(은행동17012),1,,,,,2017,,031-310-3144,경기도 시흥시청,20260224
은행동17013,1,,,,,2017,,031-310-3144,경기도 시흥시청,20260224
매화동17008,1,,,,,2017,,031-310-3144,경기도 시흥시청,20260224
매화동17009,1,,,,,2017,,031-310-3144,경기도 시흥시청,20260224
매화동17006,1,,,,,2017,,031-310-3144,경기도 시흥시청,20260224
매화동17007,1,,,,,2017,,031-310-3144,경기도 시흥시청,20260224
목감동17009,1,,,,,2017,,031-310-3144,경기도 시흥시청,20260224
목감동17010,1,,,,,2017,,031-310-3144,경기도 시흥시청,20260224
월곶동17002,1,,,,,2017,,031-310-3144,경기도 시흥시청,20260224
월곶동17003,1,,,,,2017,,031-310-3144,경기도 시흥시청,20260224
정왕본동21U001,1,,,,,2017,,031-310-3144,경기도 시흥시청,20260224
은행동17008,1,,,,,2017,,031-310-3144,경기도 시흥시청,20260224
목감동17007,1,,,,,2017,,031-310-3144,경기도 시흥시청,20260224
은행동17003,1,,,,,2017,,031-310-3144,경기도 시흥시청,20260224
은행동17005,1,,,,,2017,,031-310-3144,경기도 시흥시청,20260224
은행동17002,1,,,,,2017,,031-310-3144,경기도 시흥시청,20260224
목감동17003,1,,,,,2017,,031-310-3144,경기도 시흥시청,20260224
목감동17002,1,,,,,2017,,031-310-3144,경기도 시흥시청,20260224
신현동16-006,1,,,,,2016,,031-310-3144,경기도 시흥시청,20260224
신현동16-007,1,,,,,2016,,031-310-3144,경기도 시흥시청,20260224
신현동16-008,1,,,,,2016,,031-310-3144,경기도 시흥시청,20260224
신현동16-011,1,,,,,2016,,031-310-3144,경기도 시흥시청,20260224
신현동16-015,1,,,,,2016,,031-310-3144,경기도 시흥시청,20260224
신현동16-016,1,,,,,2016,,031-310-3144,경기도 시흥시청,20260224
신현동16-017,1,,,,,2016,,031-310-3144,경기도 시흥시청,20260224
신현동16-021,1,,,,,2016,,031-310-3144,경기도 시흥시청,20260224
신현동16-022,1,,,,,2016,,031-310-3144,경기도 시흥시청,20260224
연성동16-002,1,,,,,2016,,031-310-3144,경기도 시흥시청,20260224
목감동17014,1,,,,,2017,,031-310-3144,경기도 시흥시청,20260224
신천동19S005,1,,,,,2017,,031-310-3144,경기도 시흥시청,20260224
신천동19S006,1,,,,,2017,,031-310-3144,경기도 시흥시청,20260224
월곶동17006,1,,,,,2017,,031-310-3144,경기도 시흥시청,20260224
연성동N003,1,,,,,2017,,031-310-3144,경기도 시흥시청,20260224
월곶동17007,1,,,,,2017,,031-310-3144,경기도 시흥시청,20260224
정왕본동17006,1,,,,,2017,,031-310-3144,경기도 시흥시청,20260224
정왕본동17007,1,,,,,2017,,031-310-3144,경기도 시흥시청,20260224
대야동N011,1,,,,,2017,,031-310-3144,경기도 시흥시청,20260224
대야동N012,1,,,,,2017,,031-310-3144,경기도 시흥시청,20260224
대야동N009,1,,,,,2017,,031-310-3144,경기도 시흥시청,20260224
신천동19S434,1,,,,,2017,,031-310-3144,경기도 시흥시청,20260224
신현동N007,1,,,,,2017,,031-310-3144,경기도 시흥시청,20260224
신천동19S639,1,,,,,2017,,031-310-3144,경기도 시흥시청,20260224
신천동19S657,1,,,,,2017,,031-310-3144,경기도 시흥시청,20260224
신천동17007,1,,,,,2017,,031-310-3144,경기도 시흥시청,20260224
정왕본동N001,1,,,,,2017,,031-310-3144,경기도 시흥시청,20260224
목감동N001,1,,,,,2017,,031-310-3144,경기도 시흥시청,20260224
신현동19S170,1,,,,,2017,,031-310-3144,경기도 시흥시청,20260224
신현동N002,1,,,,,2017,,031-310-3144,경기도 시흥시청,20260224
신현동19S459,1,,,,,2017,,031-310-3144,경기도 시흥시청,20260224
연성동N002,1,,,,,2017,,031-310-3144,경기도 시흥시청,20260224
연성동16-003,1,,,,,2016,,031-310-3144,경기도 시흥시청,20260224
신현동16-001,1,,,,,2016,,031-310-3144,경기도 시흥시청,20260224
신현동16-002,1,,,,,2016,,031-310-3144,경기도 시흥시청,20260224
신현동16-003,1,,,,,2016,,031-310-3144,경기도 시흥시청,20260224
신현동16-004,1,,,,,2016,,031-310-3144,경기도 시흥시청,20260224
신천동19S560,1,,,,,2016,,031-310-3144,경기도 시흥시청,20260224
신천동19S084,1,,,,,2016,,031-310-3144,경기도 시흥시청,20260224
대야동16-004,1,,,,,2016,,031-310-3144,경기도 시흥시청,20260224
목감16-009,1,,,,,2016,,031-310-3144,경기도 시흥시청,20260224
과림16-004,1,,,,,2016,,031-310-3144,경기도 시흥시청,20260224
과림16-005,1,,,,,2016,,031-310-3144,경기도 시흥시청,20260224
매화16-001,1,,,,,2016,,031-310-3144,경기도 시흥시청,20260224
은행16-001,1,,,,,2016,,031-310-3144,경기도 시흥시청,20260224
목감16-001,1,,,,,2016,,031-310-3144,경기도 시흥시청,20260224
목감16-002,1,,,,,2016,,031-310-3144,경기도 시흥시청,20260224
목감16-003,1,,,,,2016,,031-310-3144,경기도 시흥시청,20260224
목감16-004,1,,,,,2016,,031-310-3144,경기도 시흥시청,20260224
목감16-005,1,,,,,2016,,031-310-3144,경기도 시흥시청,20260224
목감16-006,1,,,,,2016,,031-310-3144,경기도 시흥시청,20260224
과림동660,1,,,,,2016,,031-310-3144,경기도 시흥시청,20260224
목감동621,1,,,,,2016,,031-310-3144,경기도 시흥시청,20260224
목감동631,1,,,,,2016,,031-310-3144,경기도 시흥시청,20260224
목감동633,1,,,,,2016,,031-310-3144,경기도 시흥시청,20260224
목감동632,1,,,,,2016,,031-310-3144,경기도 시흥시청,20260224
목감동630,1,,,,,2016,,031-310-3144,경기도 시흥시청,20260224
과림동664,1,,,,,2016,,031-310-3144,경기도 시흥시청,20260224
과림동658,1,,,,,2016,,031-310-3144,경기도 시흥시청,20260224
과림동657,1,,,,,2016,,031-310-3144,경기도 시흥시청,20260224
과림동659,1,,,,,2016,,031-310-3144,경기도 시흥시청,20260224
목감동626,1,,,,,2016,,031-310-3144,경기도 시흥시청,20260224
과림동662,1,,,,,2016,,031-310-3144,경기도 시흥시청,20260224
목감동628,1,,,,,2016,,031-310-3144,경기도 시흥시청,20260224
매화동554,1,,,,,2016,,031-310-3144,경기도 시흥시청,20260224
매화동555,1,,,,,2016,,031-310-3144,경기도 시흥시청,20260224
과림동663,1,,,,,2016,,031-310-3144,경기도 시흥시청,20260224
은행동416,1,,,,,2016,,031-310-3144,경기도 시흥시청,20260224
매화동544,1,,,,,2016,,031-310-3144,경기도 시흥시청,20260224
매화동551,1,,,,,2016,,031-310-3144,경기도 시흥시청,20260224
매화동553,1,,,,,2016,,031-310-3144,경기도 시흥시청,20260224
매화동552,1,,,,,2016,,031-310-3144,경기도 시흥시청,20260224
정왕본동19U092,1,,,,,2017,,031-310-3144,경기도 시흥시청,20260224
과림동17004,1,,,,,2017,,031-310-3144,경기도 시흥시청,20260224
연성동17007,1,,,,,2017,,031-310-3144,경기도 시흥시청,20260224
연성동17008,1,,,,,2017,,031-310-3144,경기도 시흥시청,20260224
과림동17002,1,,,,,2017,,031-310-3144,경기도 시흥시청,20260224
은행동17017,1,,,,,2017,,031-310-3144,경기도 시흥시청,20260224
은행동17018,1,,,,,2017,,031-310-3144,경기도 시흥시청,20260224
월곶동17004(사유지미교체),1,,,,,2017,,031-310-3144,경기도 시흥시청,20260224
은행동17014,1,,,,,2017,,031-310-3144,경기도 시흥시청,20260224
은행동17015,1,,,,,2017,,031-310-3144,경기도 시흥시청,20260224
은행동17016,1,,,,,2017,,031-310-3144,경기도 시흥시청,20260224
군자동N018,1,,,,,2018,,031-310-3144,경기도 시흥시청,20260224
군자동N019,1,,,,,2018,,031-310-3144,경기도 시흥시청,20260224
군자동N020,1,,,,,2018,,031-310-3144,경기도 시흥시청,20260224
신천동18002,1,,,,,2018,,031-310-3144,경기도 시흥시청,20260224
신천동19S008,1,,,,,2018,,031-310-3144,경기도 시흥시청,20260224
신천동19S044_,1,,,,,2018,,031-310-3144,경기도 시흥시청,20260224
정왕본동N033,1,,,,,2018,,031-310-3144,경기도 시흥시청,20260224
정왕본동21U175,1,,,,,2018,,031-310-3144,경기도 시흥시청,20260224
신현동18008,1,,,,,2018,,031-310-3144,경기도 시흥시청,20260224
정왕본동N052,1,,,,,2018,,031-310-3144,경기도 시흥시청,20260224
매화동24013,1,,,,,2016,,031-310-3144,경기도 시흥시청,20260224
매화동24101,1,,,,,2016,,031-310-3144,경기도 시흥시청,20260224
매화동24103,1,,,,,2016,,031-310-3144,경기도 시흥시청,20260224
매화동24104,1,,,,,2016,,031-310-3144,경기도 시흥시청,20260224
과림동 644,1,,,,,2016,,031-310-3144,경기도 시흥시청,20260224
과림동 647,1,,,,,2016,,031-310-3144,경기도 시흥시청,20260224
과림동 650,1,,,,,2016,,031-310-3144,경기도 시흥시청,20260224
과림동 651,1,,,,,2016,,031-310-3144,경기도 시흥시청,20260224
과림동 652,1,,,,,2016,,031-310-3144,경기도 시흥시청,20260224
과림동 653,1,,,,,2016,,031-310-3144,경기도 시흥시청,20260224
과림동 654,1,,,,,2016,,031-310-3144,경기도 시흥시청,20260224
과림동 655,1,,,,,2016,,031-310-3144,경기도 시흥시청,20260224
군자동005(사유지미교체),1,,,,,2016,,031-310-3144,경기도 시흥시청,20260224
정왕동009,1,,,,,2016,,031-310-3144,경기도 시흥시청,20260224
정왕동004,1,,,,,2016,,031-310-3144,경기도 시흥시청,20260224
정왕동005,1,,,,,2016,,031-310-3144,경기도 시흥시청,20260224
정왕동006,1,,,,,2016,,031-310-3144,경기도 시흥시청,20260224
정왕본동21U048,1,,,,,2016,,031-310-3144,경기도 시흥시청,20260224
능곡동001,1,,,,,2016,,031-310-3144,경기도 시흥시청,20260224
군자동003,1,,,,,2016,,031-310-3144,경기도 시흥시청,20260224
정왕본동233,1,,,,,2016,,031-310-3144,경기도 시흥시청,20260224
정왕본동244,1,,,,,2016,,031-310-3144,경기도 시흥시청,20260224
정왕본동248,1,,,,,2016,,031-310-3144,경기도 시흥시청,20260224
정왕본동253,1,,,,,2016,,031-310-3144,경기도 시흥시청,20260224
정왕본동254,1,,,,,2016,,031-310-3144,경기도 시흥시청,20260224
정왕본동255,1,,,,,2016,,031-310-3144,경기도 시흥시청,20260224
정왕본동256,1,,,,,2016,,031-310-3144,경기도 시흥시청,20260224
정왕본동262,1,,,,,2016,,031-310-3144,경기도 시흥시청,20260224
정왕본동265,1,,,,,2016,,031-310-3144,경기도 시흥시청,20260224
정왕본동266,1,,,,,2016,,031-310-3144,경기도 시흥시청,20260224
정왕본동267,1,,,,,2016,,031-310-3144,경기도 시흥시청,20260224
정왕본동268,1,,,,,2016,,031-310-3144,경기도 시흥시청,20260224
정왕본동269,1,,,,,2016,,031-310-3144,경기도 시흥시청,20260224
정왕본동270,1,,,,,2016,,031-310-3144,경기도 시흥시청,20260224
정왕본동271,1,,,,,2016,,031-310-3144,경기도 시흥시청,20260224
정왕본동273,1,,,,,2016,,031-310-3144,경기도 시흥시청,20260224
정왕본동281,1,,,,,2016,,031-310-3144,경기도 시흥시청,20260224
정왕본동282,1,,,,,2016,,031-310-3144,경기도 시흥시청,20260224
정왕본동296,1,,,,,2016,,031-310-3144,경기도 시흥시청,20260224
정왕본동298,1,,,,,2016,,031-310-3144,경기도 시흥시청,20260224
은행332,1,,,,,2011,,031-310-3144,경기도 시흥시청,20260224
은행333,1,,,,,2011,,031-310-3144,경기도 시흥시청,20260224
은행334,1,,,,,2011,,031-310-3144,경기도 시흥시청,20260224
은행205,1,,,,,2011,,031-310-3144,경기도 시흥시청,20260224
은행335,1,,,,,2011,,031-310-3144,경기도 시흥시청,20260224
은행206,1,,,,,2011,,031-310-3144,경기도 시흥시청,20260224
은행338,1,,,,,2011,,031-310-3144,경기도 시흥시청,20260224
은행339,1,,,,,2011,,031-310-3144,경기도 시흥시청,20260224
은행209,1,,,,,2011,,031-310-3144,경기도 시흥시청,20260224
은행343,1,,,,,2011,,031-310-3144,경기도 시흥시청,20260224
과림288,1,,,,,2011,,031-310-3144,경기도 시흥시청,20260224
과림535,1,,,,,2011,,031-310-3144,경기도 시흥시청,20260224
과림289,1,,,,,2011,,031-310-3144,경기도 시흥시청,20260224
과림482,1,,,,,2011,,031-310-3144,경기도 시흥시청,20260224
과림동n275,1,,,,,2011,,031-310-3144,경기도 시흥시청,20260224
과림537,1,,,,,2011,,031-310-3144,경기도 시흥시청,20260224
과림291,1,,,,,2011,,031-310-3144,경기도 시흥시청,20260224
과림292,1,,,,,2011,,031-310-3144,경기도 시흥시청,20260224
과림293,1,,,,,2011,,031-310-3144,경기도 시흥시청,20260224
과림493,1,,,,,2011,,031-310-3144,경기도 시흥시청,20260224
과림294,1,,,,,2011,,031-310-3144,경기도 시흥시청,20260224
과림295,1,,,,,2011,,031-310-3144,경기도 시흥시청,20260224
과림296,1,,,,,2011,,031-310-3144,경기도 시흥시청,20260224
과림297,1,,,,,2011,,031-310-3144,경기도 시흥시청,20260224
과림298,1,,,,,2011,,031-310-3144,경기도 시흥시청,20260224
과림299,1,,,,,2011,,031-310-3144,경기도 시흥시청,20260224
과림300,1,,,,,2011,,031-310-3144,경기도 시흥시청,20260224
과림601,1,,,,,2011,,031-310-3144,경기도 시흥시청,20260224
과림602,1,,,,,2011,,031-310-3144,경기도 시흥시청,20260224
과림603,1,,,,,2011,,031-310-3144,경기도 시흥시청,20260224
과림345,1,,,,,2011,,031-310-3144,경기도 시흥시청,20260224
과림604,1,,,,,2011,,031-310-3144,경기도 시흥시청,20260224
과림538,1,,,,,2011,,031-310-3144,경기도 시흥시청,20260224
과림540,1,,,,,2011,,031-310-3144,경기도 시흥시청,20260224
과림605,1,,,,,2011,,031-310-3144,경기도 시흥시청,20260224
과림608,1,,,,,2011,,031-310-3144,경기도 시흥시청,20260224
과림543,1,,,,,2011,,031-310-3144,경기도 시흥시청,20260224
과림609,1,,,,,2011,,031-310-3144,경기도 시흥시청,20260224
과림545,1,,,,,2011,,031-310-3144,경기도 시흥시청,20260224
과림546,1,,,,,2011,,031-310-3144,경기도 시흥시청,20260224
과림547,1,,,,,2011,,031-310-3144,경기도 시흥시청,20260224
과림610,1,,,,,2011,,031-310-3144,경기도 시흥시청,20260224
과림549,1,,,,,2011,,031-310-3144,경기도 시흥시청,20260224
과림550,1,,,,,2011,,031-310-3144,경기도 시흥시청,20260224
과림551,1,,,,,2011,,031-310-3144,경기도 시흥시청,20260224
과림552,1,,,,,2011,,031-310-3144,경기도 시흥시청,20260224
과림555,1,,,,,2011,,031-310-3144,경기도 시흥시청,20260224
과림556,1,,,,,2011,,031-310-3144,경기도 시흥시청,20260224
과림557,1,,,,,2011,,031-310-3144,경기도 시흥시청,20260224
과림570,1,,,,,2011,,031-310-3144,경기도 시흥시청,20260224
과림248,1,,,,,2011,,031-310-3144,경기도 시흥시청,20260224
대야827,1,,,,,2011,,031-310-3144,경기도 시흥시청,20260224
대야819,1,,,,,2011,,031-310-3144,경기도 시흥시청,20260224
대야820,1,,,,,2011,,031-310-3144,경기도 시흥시청,20260224
대야834,1,,,,,2011,,031-310-3144,경기도 시흥시청,20260224
대야835,1,,,,,2011,,031-310-3144,경기도 시흥시청,20260224
대야836,1,,,,,2011,,031-310-3144,경기도 시흥시청,20260224
대야843,1,,,,,2011,,031-310-3144,경기도 시흥시청,20260224
은행023,1,,,,,2011,,031-310-3144,경기도 시흥시청,20260224
은행동19S072,1,,,,,2011,,031-310-3144,경기도 시흥시청,20260224
은행047,1,,,,,2011,,031-310-3144,경기도 시흥시청,20260224
은행124,1,,,,,2011,,031-310-3144,경기도 시흥시청,20260224
은행055,1,,,,,2011,,031-310-3144,경기도 시흥시청,20260224
은행056,1,,,,,2011,,031-310-3144,경기도 시흥시청,20260224
은행057,1,,,,,2011,,031-310-3144,경기도 시흥시청,20260224
은행058,1,,,,,2011,,031-310-3144,경기도 시흥시청,20260224
은행059,1,,,,,2011,,031-310-3144,경기도 시흥시청,20260224
대야714,1,,,,,2011,,031-310-3144,경기도 시흥시청,20260224
대야732,1,,,,,2011,,031-310-3144,경기도 시흥시청,20260224
대야677,1,,,,,2011,,031-310-3144,경기도 시흥시청,20260224
계수동20U121[정전],1,,,,,2011,,031-310-3144,경기도 시흥시청,20260224
대야547,1,,,,,2011,,031-310-3144,경기도 시흥시청,20260224
대야549,1,,,,,2011,,031-310-3144,경기도 시흥시청,20260224
대야550,1,,,,,2011,,031-310-3144,경기도 시흥시청,20260224
대야551,1,,,,,2011,,031-310-3144,경기도 시흥시청,20260224
대야552,1,,,,,2011,,031-310-3144,경기도 시흥시청,20260224
대야동19S059,1,,,,,2011,,031-310-3144,경기도 시흥시청,20260224
대야570,1,,,,,2011,,031-310-3144,경기도 시흥시청,20260224
대야동19S055,1,,,,,2011,,031-310-3144,경기도 시흥시청,20260224
대야586,1,,,,,2011,,031-310-3144,경기도 시흥시청,20260224
대야414,1,,,,,2011,,031-310-3144,경기도 시흥시청,20260224
대야453,1,,,,,2011,,031-310-3144,경기도 시흥시청,20260224
대야454,1,,,,,2011,,031-310-3144,경기도 시흥시청,20260224
대야447,1,,,,,2011,,031-310-3144,경기도 시흥시청,20260224
대야448,1,,,,,2011,,031-310-3144,경기도 시흥시청,20260224
대야449,1,,,,,2011,,031-310-3144,경기도 시흥시청,20260224
대야511,1,,,,,2011,,031-310-3144,경기도 시흥시청,20260224
대야512,1,,,,,2011,,031-310-3144,경기도 시흥시청,20260224
대야513,1,,,,,2011,,031-310-3144,경기도 시흥시청,20260224
은행344,1,,,,,2011,,031-310-3144,경기도 시흥시청,20260224
은행211,1,,,,,2011,,031-310-3144,경기도 시흥시청,20260224
은행212,1,,,,,2011,,031-310-3144,경기도 시흥시청,20260224
은행172,1,,,,,2011,,031-310-3144,경기도 시흥시청,20260224
은행173,1,,,,,2011,,031-310-3144,경기도 시흥시청,20260224
은행174,1,,,,,2011,,031-310-3144,경기도 시흥시청,20260224
은행176,1,,,,,2011,,031-310-3144,경기도 시흥시청,20260224
은행177,1,,,,,2011,,031-310-3144,경기도 시흥시청,20260224
은행180,1,,,,,2011,,031-310-3144,경기도 시흥시청,20260224
은행309,1,,,,,2011,,031-310-3144,경기도 시흥시청,20260224
은행310,1,,,,,2011,,031-310-3144,경기도 시흥시청,20260224
은행311,1,,,,,2011,,031-310-3144,경기도 시흥시청,20260224
은행199,1,,,,,2011,,031-310-3144,경기도 시흥시청,20260224
은행200,1,,,,,2011,,031-310-3144,경기도 시흥시청,20260224
과림126,1,,,,,2011,,031-310-3144,경기도 시흥시청,20260224
과림025,1,,,,,2011,,031-310-3144,경기도 시흥시청,20260224
과림027,1,,,,,2011,,031-310-3144,경기도 시흥시청,20260224
과림030,1,,,,,2011,,031-310-3144,경기도 시흥시청,20260224
과림032,1,,,,,2011,,031-310-3144,경기도 시흥시청,20260224
과림033,1,,,,,2011,,031-310-3144,경기도 시흥시청,20260224
과림136,1,,,,,2011,,031-310-3144,경기도 시흥시청,20260224
과림137,1,,,,,2011,,031-310-3144,경기도 시흥시청,20260224
과림035,1,,,,,2011,,031-310-3144,경기도 시흥시청,20260224
과림139,1,,,,,2011,,031-310-3144,경기도 시흥시청,20260224
과림037,1,,,,,2011,,031-310-3144,경기도 시흥시청,20260224
과림140,1,,,,,2011,,031-310-3144,경기도 시흥시청,20260224
과림141,1,,,,,2011,,031-310-3144,경기도 시흥시청,20260224
과림039,1,,,,,2011,,031-310-3144,경기도 시흥시청,20260224
과림040,1,,,,,2011,,031-310-3144,경기도 시흥시청,20260224
과림145,1,,,,,2011,,031-310-3144,경기도 시흥시청,20260224
과림146,1,,,,,2011,,031-310-3144,경기도 시흥시청,20260224
과림147,1,,,,,2011,,031-310-3144,경기도 시흥시청,20260224
계수동20S058,1,,,,,2011,,031-310-3144,경기도 시흥시청,20260224
대야094,1,,,,,2011,,031-310-3144,경기도 시흥시청,20260224
대야095,1,,,,,2011,,031-310-3144,경기도 시흥시청,20260224
대야096,1,,,,,2011,,031-310-3144,경기도 시흥시청,20260224
대야097,1,,,,,2011,,031-310-3144,경기도 시흥시청,20260224
대야099,1,,,,,2011,,031-310-3144,경기도 시흥시청,20260224
대야100,1,,,,,2011,,031-310-3144,경기도 시흥시청,20260224
대야101,1,,,,,2011,,031-310-3144,경기도 시흥시청,20260224
대야102,1,,,,,2011,,031-310-3144,경기도 시흥시청,20260224
대야103,1,,,,,2011,,031-310-3144,경기도 시흥시청,20260224
대야113,1,,,,,2011,,031-310-3144,경기도 시흥시청,20260224
대야116,1,,,,,2011,,031-310-3144,경기도 시흥시청,20260224
대야118,1,,,,,2011,,031-310-3144,경기도 시흥시청,20260224
대야117,1,,,,,2011,,031-310-3144,경기도 시흥시청,20260224
대야119,1,,,,,2011,,031-310-3144,경기도 시흥시청,20260224
대야120,1,,,,,2011,,031-310-3144,경기도 시흥시청,20260224
대야125,1,,,,,2011,,031-310-3144,경기도 시흥시청,20260224
대야126,1,,,,,2011,,031-310-3144,경기도 시흥시청,20260224
대야127,1,,,,,2011,,031-310-3144,경기도 시흥시청,20260224
대야128,1,,,,,2011,,031-310-3144,경기도 시흥시청,20260224
대야130,1,,,,,2011,,031-310-3144,경기도 시흥시청,20260224
대야131,1,,,,,2011,,031-310-3144,경기도 시흥시청,20260224
대야133,1,,,,,2011,,031-310-3144,경기도 시흥시청,20260224
대야134,1,,,,,2011,,031-310-3144,경기도 시흥시청,20260224
대야135,1,,,,,2011,,031-310-3144,경기도 시흥시청,20260224
대야136,1,,,,,2011,,031-310-3144,경기도 시흥시청,20260224
대야137,1,,,,,2011,,031-310-3144,경기도 시흥시청,20260224
대야138,1,,,,,2011,,031-310-3144,경기도 시흥시청,20260224
대야139,1,,,,,2011,,031-310-3144,경기도 시흥시청,20260224
대야140,1,,,,,2011,,031-310-3144,경기도 시흥시청,20260224
대야141,1,,,,,2011,,031-310-3144,경기도 시흥시청,20260224
대야142,1,,,,,2011,,031-310-3144,경기도 시흥시청,20260224
은행219,1,,,,,2011,,031-310-3144,경기도 시흥시청,20260224
대야817,1,,,,,2011,,031-310-3144,경기도 시흥시청,20260224
과림398,1,,,,,2011,,031-310-3144,경기도 시흥시청,20260224
과림238,1,,,,,2011,,031-310-3144,경기도 시흥시청,20260224
과림433,1,,,,,2011,,031-310-3144,경기도 시흥시청,20260224
과림239,1,,,,,2011,,031-310-3144,경기도 시흥시청,20260224
과림399,1,,,,,2011,,031-310-3144,경기도 시흥시청,20260224
과림240,1,,,,,2011,,031-310-3144,경기도 시흥시청,20260224
과림400,1,,,,,2011,,031-310-3144,경기도 시흥시청,20260224
과림242,1,,,,,2011,,031-310-3144,경기도 시흥시청,20260224
과림243,1,,,,,2011,,031-310-3144,경기도 시흥시청,20260224
과림244,1,,,,,2011,,031-310-3144,경기도 시흥시청,20260224
과림200[삭제검토],1,,,,,2011,,031-310-3144,경기도 시흥시청,20260224
과림232,1,,,,,2011,,031-310-3144,경기도 시흥시청,20260224
과림172,1,,,,,2011,,031-310-3144,경기도 시흥시청,20260224
과림동22024,1,,,,,2011,,031-310-3144,경기도 시흥시청,20260224
과림동22029,1,,,,,2011,,031-310-3144,경기도 시흥시청,20260224
과림동22036,1,,,,,2011,,031-310-3144,경기도 시흥시청,20260224
과림동22037,1,,,,,2011,,031-310-3144,경기도 시흥시청,20260224
과림동22039,1,,,,,2011,,031-310-3144,경기도 시흥시청,20260224
과림동22040,1,,,,,2011,,031-310-3144,경기도 시흥시청,20260224
과림동22041,1,,,,,2011,,031-310-3144,경기도 시흥시청,20260224
과림동22047,1,,,,,2011,,031-310-3144,경기도 시흥시청,20260224
과림동22050,1,,,,,2011,,031-310-3144,경기도 시흥시청,20260224
은행262,1,,,,,2011,,031-310-3144,경기도 시흥시청,20260224
은행224,1,,,,,2011,,031-310-3144,경기도 시흥시청,20260224
은행225,1,,,,,2011,,031-310-3144,경기도 시흥시청,20260224
은행226,1,,,,,2011,,031-310-3144,경기도 시흥시청,20260224
은행227,1,,,,,2011,,031-310-3144,경기도 시흥시청,20260224
은행272,1,,,,,2011,,031-310-3144,경기도 시흥시청,20260224
과림003,1,,,,,2011,,031-310-3144,경기도 시흥시청,20260224
과림007,1,,,,,2011,,031-310-3144,경기도 시흥시청,20260224
과림101,1,,,,,2011,,031-310-3144,경기도 시흥시청,20260224
과림008(과림N225),1,,,,,2011,,031-310-3144,경기도 시흥시청,20260224
과림011,1,,,,,2011,,031-310-3144,경기도 시흥시청,20260224
과림014,1,,,,,2011,,031-310-3144,경기도 시흥시청,20260224
과림114,1,,,,,2011,,031-310-3144,경기도 시흥시청,20260224
과림015,1,,,,,2011,,031-310-3144,경기도 시흥시청,20260224
과림016,1,,,,,2011,,031-310-3144,경기도 시흥시청,20260224
과림115,1,,,,,2011,,031-310-3144,경기도 시흥시청,20260224
과림018,1,,,,,2011,,031-310-3144,경기도 시흥시청,20260224
과림302,1,,,,,2011,,031-310-3144,경기도 시흥시청,20260224
과림117,1,,,,,2011,,031-310-3144,경기도 시흥시청,20260224
과림019,1,,,,,2011,,031-310-3144,경기도 시흥시청,20260224
과림303,1,,,,,2011,,031-310-3144,경기도 시흥시청,20260224
과림304,1,,,,,2011,,031-310-3144,경기도 시흥시청,20260224
과림119,1,,,,,2011,,031-310-3144,경기도 시흥시청,20260224
과림305,1,,,,,2011,,031-310-3144,경기도 시흥시청,20260224
과림120,1,,,,,2011,,031-310-3144,경기도 시흥시청,20260224
과림306,1,,,,,2011,,031-310-3144,경기도 시흥시청,20260224
과림123,1,,,,,2011,,031-310-3144,경기도 시흥시청,20260224
과림023,1,,,,,2011,,031-310-3144,경기도 시흥시청,20260224
과림024,1,,,,,2011,,031-310-3144,경기도 시흥시청,20260224
목감456,1,,,,,2011,,031-310-3144,경기도 시흥시청,20260224
매화015,1,,,,,2011,,031-310-3144,경기도 시흥시청,20260224
매화016,1,,,,,2011,,031-310-3144,경기도 시흥시청,20260224
매화017,1,,,,,2011,,031-310-3144,경기도 시흥시청,20260224
목감424,1,,,,,2011,,031-310-3144,경기도 시흥시청,20260224
목감401,1,,,,,2011,,031-310-3144,경기도 시흥시청,20260224
목감408,1,,,,,2011,,031-310-3144,경기도 시흥시청,20260224
목감434,1,,,,,2011,,031-310-3144,경기도 시흥시청,20260224
목감436,1,,,,,2011,,031-310-3144,경기도 시흥시청,20260224
목감469,1,,,,,2011,,031-310-3144,경기도 시흥시청,20260224
목감475,1,,,,,2011,,031-310-3144,경기도 시흥시청,20260224
목감476,1,,,,,2011,,031-310-3144,경기도 시흥시청,20260224
목감477,1,,,,,2011,,031-310-3144,경기도 시흥시청,20260224
목감479,1,,,,,2011,,031-310-3144,경기도 시흥시청,20260224
목감451,1,,,,,2011,,031-310-3144,경기도 시흥시청,20260224
목감481,1,,,,,2011,,031-310-3144,경기도 시흥시청,20260224
과림동20U035,1,,,,,2019,,031-310-3144,경기도 시흥시청,20260224
과림동20U036,1,,,,,2019,,031-310-3144,경기도 시흥시청,20260224
과림동20U037,1,,,,,2019,,031-310-3144,경기도 시흥시청,20260224
과림동20U038,1,,,,,2019,,031-310-3144,경기도 시흥시청,20260224
과림동20U040,1,,,,,2019,,031-310-3144,경기도 시흥시청,20260224
과림동20U041,1,,,,,2019,,031-310-3144,경기도 시흥시청,20260224
과림동20U042,1,,,,,2019,,031-310-3144,경기도 시흥시청,20260224
과림동20U043,1,,,,,2019,,031-310-3144,경기도 시흥시청,20260224
과림동N192(과림036),1,,,,,2019,,031-310-3144,경기도 시흥시청,20260224
대야동N186,1,,,,,2019,,031-310-3144,경기도 시흥시청,20260224
신천동19S637_,1,,,,,2019,,031-310-3144,경기도 시흥시청,20260224
매화동N085,1,,,,,2019,,031-310-3144,경기도 시흥시청,20260224
매화동N086,1,,,,,2019,,031-310-3144,경기도 시흥시청,20260224
매화동N087,1,,,,,2019,,031-310-3144,경기도 시흥시청,20260224
매화동N088,1,,,,,2019,,031-310-3144,경기도 시흥시청,20260224
은행동N067,1,,,,,2019,,031-310-3144,경기도 시흥시청,20260224
은행동N068,1,,,,,2019,,031-310-3144,경기도 시흥시청,20260224
은행동N069,1,,,,,2019,,031-310-3144,경기도 시흥시청,20260224
은행동N070,1,,,,,2019,,031-310-3144,경기도 시흥시청,20260224
은행동N071,1,,,,,2019,,031-310-3144,경기도 시흥시청,20260224
정왕1동N079,1,,,,,2019,,031-310-3144,경기도 시흥시청,20260224
신천동19014,1,,,,,2019,,031-310-3144,경기도 시흥시청,20260224
매화동19007,1,,,,,2019,,031-310-3144,경기도 시흥시청,20260224
목감동19009,1,,,,,2019,,031-310-3144,경기도 시흥시청,20260224
목감동19010,1,,,,,2019,,031-310-3144,경기도 시흥시청,20260224
목감동N124,1,,,,,2019,,031-310-3144,경기도 시흥시청,20260224
과림동N185,1,,,,,2019,,031-310-3144,경기도 시흥시청,20260224
과림동N186,1,,,,,2019,,031-310-3144,경기도 시흥시청,20260224
과림동N187,1,,,,,2019,,031-310-3144,경기도 시흥시청,20260224
신천동19S583_,1,,,,,2019,,031-310-3144,경기도 시흥시청,20260224
신현동 19017,1,,,,,2019,,031-310-3144,경기도 시흥시청,20260224
정왕본동N222,1,,,,,2019,,031-310-3144,경기도 시흥시청,20260224
군자동N170,1,,,,,2019,,031-310-3144,경기도 시흥시청,20260224
계수동20U026,1,,,,,2019,,031-310-3144,경기도 시흥시청,20260224
계수동20U027,1,,,,,2019,,031-310-3144,경기도 시흥시청,20260224
계수동20U028,1,,,,,2019,,031-310-3144,경기도 시흥시청,20260224
계수동20U243,1,,,,,2019,,031-310-3144,경기도 시흥시청,20260224
과림동N182,1,,,,,2019,,031-310-3144,경기도 시흥시청,20260224
과림동N184(과림160),1,,,,,2019,,031-310-3144,경기도 시흥시청,20260224
신현동 19013,1,,,,,2019,,031-310-3144,경기도 시흥시청,20260224
신현동 19016,1,,,,,2019,,031-310-3144,경기도 시흥시청,20260224
과림동20U001,1,,,,,2019,,031-310-3144,경기도 시흥시청,20260224
과림동20U002,1,,,,,2019,,031-310-3144,경기도 시흥시청,20260224
과림동20U003,1,,,,,2019,,031-310-3144,경기도 시흥시청,20260224
과림동20U004,1,,,,,2019,,031-310-3144,경기도 시흥시청,20260224
과림동20U005,1,,,,,2019,,031-310-3144,경기도 시흥시청,20260224
과림동20U006,1,,,,,2019,,031-310-3144,경기도 시흥시청,20260224
과림동20U007,1,,,,,2019,,031-310-3144,경기도 시흥시청,20260224
신천동 18034,1,,,,,2020,,031-310-3144,경기도 시흥시청,20260224
신천동 18051,1,,,,,2020,,031-310-3144,경기도 시흥시청,20260224
계수동20U100,1,,,,,2019,,031-310-3144,경기도 시흥시청,20260224
계수동20U101,1,,,,,2019,,031-310-3144,경기도 시흥시청,20260224
계수동20U102,1,,,,,2019,,031-310-3144,경기도 시흥시청,20260224
계수동20U105,1,,,,,2019,,031-310-3144,경기도 시흥시청,20260224
계수동20U106,1,,,,,2019,,031-310-3144,경기도 시흥시청,20260224
계수동20U107,1,,,,,2019,,031-310-3144,경기도 시흥시청,20260224
계수동20U108,1,,,,,2019,,031-310-3144,경기도 시흥시청,20260224
계수동20U109,1,,,,,2019,,031-310-3144,경기도 시흥시청,20260224
계수동20U110,1,,,,,2019,,031-310-3144,경기도 시흥시청,20260224
계수동20U111,1,,,,,2019,,031-310-3144,경기도 시흥시청,20260224
계수동20U112,1,,,,,2019,,031-310-3144,경기도 시흥시청,20260224
계수동20U053,1,,,,,2019,,031-310-3144,경기도 시흥시청,20260224
계수동20U054,1,,,,,2019,,031-310-3144,경기도 시흥시청,20260224
계수동20U055,1,,,,,2019,,031-310-3144,경기도 시흥시청,20260224
계수동20U056,1,,,,,2019,,031-310-3144,경기도 시흥시청,20260224
계수동20U057(농사-점등),1,,,,,2019,,031-310-3144,경기도 시흥시청,20260224
계수동20U059,1,,,,,2019,,031-310-3144,경기도 시흥시청,20260224
계수동20U060,1,,,,,2019,,031-310-3144,경기도 시흥시청,20260224
계수동20U061,1,,,,,2019,,031-310-3144,경기도 시흥시청,20260224
계수동20U062,1,,,,,2019,,031-310-3144,경기도 시흥시청,20260224
계수동20U063,1,,,,,2019,,031-310-3144,경기도 시흥시청,20260224
계수동20U065,1,,,,,2019,,031-310-3144,경기도 시흥시청,20260224
계수동20U066,1,,,,,2019,,031-310-3144,경기도 시흥시청,20260224
계수동20U067(농사-점등),1,,,,,2019,,031-310-3144,경기도 시흥시청,20260224
계수동20U068,1,,,,,2019,,031-310-3144,경기도 시흥시청,20260224
계수동20U069,1,,,,,2019,,031-310-3144,경기도 시흥시청,20260224
계수동20U070,1,,,,,2019,,031-310-3144,경기도 시흥시청,20260224
계수동20U071,1,,,,,2019,,031-310-3144,경기도 시흥시청,20260224
과림동20U044,1,,,,,2019,,031-310-3144,경기도 시흥시청,20260224
과림동20U045,1,,,,,2019,,031-310-3144,경기도 시흥시청,20260224
과림동20U046,1,,,,,2019,,031-310-3144,경기도 시흥시청,20260224
과림동20U047,1,,,,,2019,,031-310-3144,경기도 시흥시청,20260224
과림동20U048,1,,,,,2019,,031-310-3144,경기도 시흥시청,20260224
과림동20U049,1,,,,,2019,,031-310-3144,경기도 시흥시청,20260224
과림동20U050,1,,,,,2019,,031-310-3144,경기도 시흥시청,20260224
과림동20U051,1,,,,,2019,,031-310-3144,경기도 시흥시청,20260224
과림동20U052,1,,,,,2019,,031-310-3144,경기도 시흥시청,20260224
과림동20U053,1,,,,,2019,,031-310-3144,경기도 시흥시청,20260224
과림동20U054,1,,,,,2019,,031-310-3144,경기도 시흥시청,20260224
과림동20U055,1,,,,,2019,,031-310-3144,경기도 시흥시청,20260224
과림동20U056,1,,,,,2019,,031-310-3144,경기도 시흥시청,20260224
과림동20U057,1,,,,,2019,,031-310-3144,경기도 시흥시청,20260224
과림동20U058,1,,,,,2019,,031-310-3144,경기도 시흥시청,20260224
과림동20U059,1,,,,,2019,,031-310-3144,경기도 시흥시청,20260224
과림동20U028,1,,,,,2019,,031-310-3144,경기도 시흥시청,20260224
과림동20U029,1,,,,,2019,,031-310-3144,경기도 시흥시청,20260224
과림동20U030,1,,,,,2019,,031-310-3144,경기도 시흥시청,20260224
과림동20U031,1,,,,,2019,,031-310-3144,경기도 시흥시청,20260224
과림동20U032,1,,,,,2019,,031-310-3144,경기도 시흥시청,20260224
과림동20U033,1,,,,,2019,,031-310-3144,경기도 시흥시청,20260224
과림동20U034,1,,,,,2019,,031-310-3144,경기도 시흥시청,20260224
계수동20U140,1,,,,,2019,,031-310-3144,경기도 시흥시청,20260224
계수동20U141,1,,,,,2019,,031-310-3144,경기도 시흥시청,20260224
계수동20U142,1,,,,,2019,,031-310-3144,경기도 시흥시청,20260224
계수동20U143,1,,,,,2019,,031-310-3144,경기도 시흥시청,20260224
계수동20U144,1,,,,,2019,,031-310-3144,경기도 시흥시청,20260224
계수동20U145,1,,,,,2019,,031-310-3144,경기도 시흥시청,20260224
계수동20U146,1,,,,,2019,,031-310-3144,경기도 시흥시청,20260224
계수동20U147,1,,,,,2019,,031-310-3144,경기도 시흥시청,20260224
계수동20U148,1,,,,,2019,,031-310-3144,경기도 시흥시청,20260224
계수동20U149,1,,,,,2019,,031-310-3144,경기도 시흥시청,20260224
계수동20U150,1,,,,,2019,,031-310-3144,경기도 시흥시청,20260224
계수동20U151,1,,,,,2019,,031-310-3144,경기도 시흥시청,20260224
계수동20U152,1,,,,,2019,,031-310-3144,경기도 시흥시청,20260224
계수동20U153,1,,,,,2019,,031-310-3144,경기도 시흥시청,20260224
계수동20U154,1,,,,,2019,,031-310-3144,경기도 시흥시청,20260224
계수동20U155,1,,,,,2019,,031-310-3144,경기도 시흥시청,20260224
계수동20U156,1,,,,,2019,,031-310-3144,경기도 시흥시청,20260224
계수동20U157,1,,,,,2019,,031-310-3144,경기도 시흥시청,20260224
계수동20U158,1,,,,,2019,,031-310-3144,경기도 시흥시청,20260224
계수동20U159,1,,,,,2019,,031-310-3144,경기도 시흥시청,20260224
계수동20U160(농사-점등),1,,,,,2019,,031-310-3144,경기도 시흥시청,20260224
계수동20U161,1,,,,,2019,,031-310-3144,경기도 시흥시청,20260224
계수동20U162,1,,,,,2019,,031-310-3144,경기도 시흥시청,20260224
계수동20U072,1,,,,,2019,,031-310-3144,경기도 시흥시청,20260224
계수동20U073,1,,,,,2019,,031-310-3144,경기도 시흥시청,20260224
계수동20U074,1,,,,,2019,,031-310-3144,경기도 시흥시청,20260224
계수동20U075,1,,,,,2019,,031-310-3144,경기도 시흥시청,20260224
계수동20U076,1,,,,,2019,,031-310-3144,경기도 시흥시청,20260224
계수동20U077,1,,,,,2019,,031-310-3144,경기도 시흥시청,20260224
계수동20U078,1,,,,,2019,,031-310-3144,경기도 시흥시청,20260224
계수동20U079,1,,,,,2019,,031-310-3144,경기도 시흥시청,20260224
계수동20U080,1,,,,,2019,,031-310-3144,경기도 시흥시청,20260224
계수동20U081,1,,,,,2019,,031-310-3144,경기도 시흥시청,20260224
계수동20U082,1,,,,,2019,,031-310-3144,경기도 시흥시청,20260224
계수동20U083,1,,,,,2019,,031-310-3144,경기도 시흥시청,20260224
계수동20U084(농사-점등),1,,,,,2019,,031-310-3144,경기도 시흥시청,20260224
계수동20U085,1,,,,,2019,,031-310-3144,경기도 시흥시청,20260224
계수동20U086,1,,,,,2019,,031-310-3144,경기도 시흥시청,20260224
계수동20U087,1,,,,,2019,,031-310-3144,경기도 시흥시청,20260224
계수동20U088,1,,,,,2019,,031-310-3144,경기도 시흥시청,20260224
계수동20U089,1,,,,,2019,,031-310-3144,경기도 시흥시청,20260224
계수동20U090,1,,,,,2019,,031-310-3144,경기도 시흥시청,20260224
계수동20U091,1,,,,,2019,,031-310-3144,경기도 시흥시청,20260224
계수동20U092,1,,,,,2019,,031-310-3144,경기도 시흥시청,20260224
계수동20U093(농사-점등),1,,,,,2019,,031-310-3144,경기도 시흥시청,20260224
계수동20U094,1,,,,,2019,,031-310-3144,경기도 시흥시청,20260224
계수동20U095,1,,,,,2019,,031-310-3144,경기도 시흥시청,20260224
계수동20U096(농사-점등),1,,,,,2019,,031-310-3144,경기도 시흥시청,20260224
계수동20U097,1,,,,,2019,,031-310-3144,경기도 시흥시청,20260224
계수동20U098,1,,,,,2019,,031-310-3144,경기도 시흥시청,20260224
계수동20U099,1,,,,,2019,,031-310-3144,경기도 시흥시청,20260224
계수동20U190,1,,,,,2019,,031-310-3144,경기도 시흥시청,20260224
계수동20U191,1,,,,,2019,,031-310-3144,경기도 시흥시청,20260224
계수동20U192,1,,,,,2019,,031-310-3144,경기도 시흥시청,20260224
계수동20U195,1,,,,,2019,,031-310-3144,경기도 시흥시청,20260224
계수동20U196,1,,,,,2019,,031-310-3144,경기도 시흥시청,20260224
계수동20U197,1,,,,,2019,,031-310-3144,경기도 시흥시청,20260224
계수동20U198,1,,,,,2019,,031-310-3144,경기도 시흥시청,20260224
계수동20U199,1,,,,,2019,,031-310-3144,경기도 시흥시청,20260224
계수동20U200,1,,,,,2019,,031-310-3144,경기도 시흥시청,20260224
계수동20U201,1,,,,,2019,,031-310-3144,경기도 시흥시청,20260224
계수동20U202,1,,,,,2019,,031-310-3144,경기도 시흥시청,20260224
계수동20U203,1,,,,,2019,,031-310-3144,경기도 시흥시청,20260224
계수동20U204,1,,,,,2019,,031-310-3144,경기도 시흥시청,20260224
계수동20U205,1,,,,,2019,,031-310-3144,경기도 시흥시청,20260224
계수동20U206,1,,,,,2019,,031-310-3144,경기도 시흥시청,20260224
계수동20U207,1,,,,,2019,,031-310-3144,경기도 시흥시청,20260224
계수동20U209,1,,,,,2019,,031-310-3144,경기도 시흥시청,20260224
계수동20U210,1,,,,,2019,,031-310-3144,경기도 시흥시청,20260224
계수동20U211,1,,,,,2019,,031-310-3144,경기도 시흥시청,20260224
계수동20U212,1,,,,,2019,,031-310-3144,경기도 시흥시청,20260224
계수동20U213,1,,,,,2019,,031-310-3144,경기도 시흥시청,20260224
계수동20U214,1,,,,,2019,,031-310-3144,경기도 시흥시청,20260224
계수동20U215,1,,,,,2019,,031-310-3144,경기도 시흥시청,20260224
계수동20U216,1,,,,,2019,,031-310-3144,경기도 시흥시청,20260224
계수동20U275,1,,,,,2019,,031-310-3144,경기도 시흥시청,20260224
계수동20U185,1,,,,,2019,,031-310-3144,경기도 시흥시청,20260224
계수동20U189,1,,,,,2019,,031-310-3144,경기도 시흥시청,20260224
계수동20U217,1,,,,,2019,,031-310-3144,경기도 시흥시청,20260224
계수동20U218,1,,,,,2019,,031-310-3144,경기도 시흥시청,20260224
계수동20U219,1,,,,,2019,,031-310-3144,경기도 시흥시청,20260224
계수동20U220,1,,,,,2019,,031-310-3144,경기도 시흥시청,20260224
계수동20U239,1,,,,,2019,,031-310-3144,경기도 시흥시청,20260224
계수동20U223,1,,,,,2019,,031-310-3144,경기도 시흥시청,20260224
계수동20U122,1,,,,,2019,,031-310-3144,경기도 시흥시청,20260224
계수동20U123,1,,,,,2019,,031-310-3144,경기도 시흥시청,20260224
계수동20U124,1,,,,,2019,,031-310-3144,경기도 시흥시청,20260224
계수동20U126,1,,,,,2019,,031-310-3144,경기도 시흥시청,20260224
계수동20U127,1,,,,,2019,,031-310-3144,경기도 시흥시청,20260224
계수동20U128,1,,,,,2019,,031-310-3144,경기도 시흥시청,20260224
계수동20U129,1,,,,,2019,,031-310-3144,경기도 시흥시청,20260224
계수동20U130,1,,,,,2019,,031-310-3144,경기도 시흥시청,20260224
계수동20U131,1,,,,,2019,,031-310-3144,경기도 시흥시청,20260224
계수동20U132,1,,,,,2019,,031-310-3144,경기도 시흥시청,20260224
계수동20U133,1,,,,,2019,,031-310-3144,경기도 시흥시청,20260224
계수동20U134,1,,,,,2019,,031-310-3144,경기도 시흥시청,20260224
계수동20U135,1,,,,,2019,,031-310-3144,경기도 시흥시청,20260224
계수동20U136,1,,,,,2019,,031-310-3144,경기도 시흥시청,20260224
계수동20U137,1,,,,,2019,,031-310-3144,경기도 시흥시청,20260224
계수동20U138,1,,,,,2019,,031-310-3144,경기도 시흥시청,20260224
계수동20U139,1,,,,,2019,,031-310-3144,경기도 시흥시청,20260224
계수동20U241,1,,,,,2019,,031-310-3144,경기도 시흥시청,20260224
계수동20U242,1,,,,,2019,,031-310-3144,경기도 시흥시청,20260224
계수동20U244,1,,,,,2019,,031-310-3144,경기도 시흥시청,20260224
계수동20U245,1,,,,,2019,,031-310-3144,경기도 시흥시청,20260224
계수동20U246,1,,,,,2019,,031-310-3144,경기도 시흥시청,20260224
계수동20U247,1,,,,,2019,,031-310-3144,경기도 시흥시청,20260224
계수동20U248,1,,,,,2019,,031-310-3144,경기도 시흥시청,20260224
계수동20U250,1,,,,,2019,,031-310-3144,경기도 시흥시청,20260224
계수동20U252,1,,,,,2019,,031-310-3144,경기도 시흥시청,20260224
계수동20U253,1,,,,,2019,,031-310-3144,경기도 시흥시청,20260224
계수동20U254,1,,,,,2019,,031-310-3144,경기도 시흥시청,20260224
계수동20U255,1,,,,,2019,,031-310-3144,경기도 시흥시청,20260224
계수동20U256,1,,,,,2019,,031-310-3144,경기도 시흥시청,20260224
계수동20U257,1,,,,,2019,,031-310-3144,경기도 시흥시청,20260224
계수동20U258,1,,,,,2019,,031-310-3144,경기도 시흥시청,20260224
계수동20U259,1,,,,,2019,,031-310-3144,경기도 시흥시청,20260224
계수동20U163,1,,,,,2019,,031-310-3144,경기도 시흥시청,20260224
계수동20U164,1,,,,,2019,,031-310-3144,경기도 시흥시청,20260224
계수동20U165,1,,,,,2019,,031-310-3144,경기도 시흥시청,20260224
계수동20U166(농사-소등),1,,,,,2019,,031-310-3144,경기도 시흥시청,20260224
계수동20U167,1,,,,,2019,,031-310-3144,경기도 시흥시청,20260224
계수동20U168,1,,,,,2019,,031-310-3144,경기도 시흥시청,20260224
계수동20U169,1,,,,,2019,,031-310-3144,경기도 시흥시청,20260224
계수동20U170,1,,,,,2019,,031-310-3144,경기도 시흥시청,20260224
계수동20U171,1,,,,,2019,,031-310-3144,경기도 시흥시청,20260224
계수동20U172,1,,,,,2019,,031-310-3144,경기도 시흥시청,20260224
계수동20U173,1,,,,,2019,,031-310-3144,경기도 시흥시청,20260224
계수동20U174,1,,,,,2019,,031-310-3144,경기도 시흥시청,20260224
계수동20U175확인필요,1,,,,,2019,,031-310-3144,경기도 시흥시청,20260224
계수동20U176,1,,,,,2019,,031-310-3144,경기도 시흥시청,20260224
계수동20U177,1,,,,,2019,,031-310-3144,경기도 시흥시청,20260224
계수동20U178,1,,,,,2019,,031-310-3144,경기도 시흥시청,20260224
계수동20U179,1,,,,,2019,,031-310-3144,경기도 시흥시청,20260224
계수동20U180,1,,,,,2019,,031-310-3144,경기도 시흥시청,20260224
계수동20U181,1,,,,,2019,,031-310-3144,경기도 시흥시청,20260224
계수동20U182,1,,,,,2019,,031-310-3144,경기도 시흥시청,20260224
계수동20U183,1,,,,,2019,,031-310-3144,경기도 시흥시청,20260224
계수동20U113,1,,,,,2019,,031-310-3144,경기도 시흥시청,20260224
계수동20U114,1,,,,,2019,,031-310-3144,경기도 시흥시청,20260224
계수동20U115,1,,,,,2019,,031-310-3144,경기도 시흥시청,20260224
계수동20U116,1,,,,,2019,,031-310-3144,경기도 시흥시청,20260224
계수동20U117,1,,,,,2019,,031-310-3144,경기도 시흥시청,20260224
계수동20U118,1,,,,,2019,,031-310-3144,경기도 시흥시청,20260224
계수동20U119,1,,,,,2019,,031-310-3144,경기도 시흥시청,20260224
계수동20U120,1,,,,,2019,,031-310-3144,경기도 시흥시청,20260224
계수동20U184,1,,,,,2019,,031-310-3144,경기도 시흥시청,20260224
계수동20U193,1,,,,,2019,,031-310-3144,경기도 시흥시청,20260224
계수동20U186,1,,,,,2019,,031-310-3144,경기도 시흥시청,20260224
계수동20U187,1,,,,,2019,,031-310-3144,경기도 시흥시청,20260224
계수동20U188,1,,,,,2019,,031-310-3144,경기도 시흥시청,20260224
계수동20U194,1,,,,,2019,,031-310-3144,경기도 시흥시청,20260224
군자동19U091,1,,,,,2020,,031-310-3144,경기도 시흥시청,20260224
군자동19U092,1,,,,,2020,,031-310-3144,경기도 시흥시청,20260224
군자동19U093,1,,,,,2020,,031-310-3144,경기도 시흥시청,20260224
군자동19U094,1,,,,,2020,,031-310-3144,경기도 시흥시청,20260224
군자동19U095,1,,,,,2020,,031-310-3144,경기도 시흥시청,20260224
군자동19U096,1,,,,,2020,,031-310-3144,경기도 시흥시청,20260224
군자동19U097,1,,,,,2020,,031-310-3144,경기도 시흥시청,20260224
군자동19U098,1,,,,,2020,,031-310-3144,경기도 시흥시청,20260224
군자동19U099,1,,,,,2020,,031-310-3144,경기도 시흥시청,20260224
군자동19U100,1,,,,,2020,,031-310-3144,경기도 시흥시청,20260224
군자동19U070,1,,,,,2020,,031-310-3144,경기도 시흥시청,20260224
군자동19U071,1,,,,,2020,,031-310-3144,경기도 시흥시청,20260224
군자동19U072,1,,,,,2020,,031-310-3144,경기도 시흥시청,20260224
군자동19U073,1,,,,,2020,,031-310-3144,경기도 시흥시청,20260224
군자동19U074,1,,,,,2020,,031-310-3144,경기도 시흥시청,20260224
군자동19U075,1,,,,,2020,,031-310-3144,경기도 시흥시청,20260224
계수동20U260,1,,,,,2019,,031-310-3144,경기도 시흥시청,20260224
계수동20U261,1,,,,,2019,,031-310-3144,경기도 시흥시청,20260224
계수동20U262,1,,,,,2019,,031-310-3144,경기도 시흥시청,20260224
계수동20U263,1,,,,,2019,,031-310-3144,경기도 시흥시청,20260224
계수동20U264,1,,,,,2019,,031-310-3144,경기도 시흥시청,20260224
계수동20U265,1,,,,,2019,,031-310-3144,경기도 시흥시청,20260224
계수동20U266,1,,,,,2019,,031-310-3144,경기도 시흥시청,20260224
계수동20U267,1,,,,,2019,,031-310-3144,경기도 시흥시청,20260224
계수동20U268,1,,,,,2019,,031-310-3144,경기도 시흥시청,20260224
계수동20U269,1,,,,,2019,,031-310-3144,경기도 시흥시청,20260224
계수동20U270,1,,,,,2019,,031-310-3144,경기도 시흥시청,20260224
계수동20U271,1,,,,,2019,,031-310-3144,경기도 시흥시청,20260224
계수동20U272,1,,,,,2019,,031-310-3144,경기도 시흥시청,20260224
계수동20U274,1,,,,,2019,,031-310-3144,경기도 시흥시청,20260224
계수동20U009,1,,,,,2019,,031-310-3144,경기도 시흥시청,20260224
계수동20U234,1,,,,,2019,,031-310-3144,경기도 시흥시청,20260224
계수동20U125,1,,,,,2019,,031-310-3144,경기도 시흥시청,20260224
과림동20U039,1,,,,,2019,,031-310-3144,경기도 시흥시청,20260224
계수동20U021,1,,,,,2019,,031-310-3144,경기도 시흥시청,20260224
계수동20U020,1,,,,,2019,,031-310-3144,경기도 시흥시청,20260224
계수동20U224,1,,,,,2019,,031-310-3144,경기도 시흥시청,20260224
계수동20U225,1,,,,,2019,,031-310-3144,경기도 시흥시청,20260224
계수동20U226,1,,,,,2019,,031-310-3144,경기도 시흥시청,20260224
계수동20U227,1,,,,,2019,,031-310-3144,경기도 시흥시청,20260224
계수동20U228,1,,,,,2019,,031-310-3144,경기도 시흥시청,20260224
계수동20U229,1,,,,,2019,,031-310-3144,경기도 시흥시청,20260224
계수동20U230,1,,,,,2019,,031-310-3144,경기도 시흥시청,20260224
계수동20U231,1,,,,,2019,,031-310-3144,경기도 시흥시청,20260224
계수동20U232,1,,,,,2019,,031-310-3144,경기도 시흥시청,20260224
계수동20U233,1,,,,,2019,,031-310-3144,경기도 시흥시청,20260224
계수동20U235,1,,,,,2019,,031-310-3144,경기도 시흥시청,20260224
계수동20U236,1,,,,,2019,,031-310-3144,경기도 시흥시청,20260224
계수동20U237,1,,,,,2019,,031-310-3144,경기도 시흥시청,20260224
계수동20U238,1,,,,,2019,,031-310-3144,경기도 시흥시청,20260224
계수동20U222,1,,,,,2019,,031-310-3144,경기도 시흥시청,20260224
군자동19U125,1,,,,,2020,,031-310-3144,경기도 시흥시청,20260224
군자동19U127,1,,,,,2020,,031-310-3144,경기도 시흥시청,20260224
군자동19U128,1,,,,,2020,,031-310-3144,경기도 시흥시청,20260224
군자동19U129,1,,,,,2020,,031-310-3144,경기도 시흥시청,20260224
군자동19U130,1,,,,,2020,,031-310-3144,경기도 시흥시청,20260224
군자동19U131,1,,,,,2020,,031-310-3144,경기도 시흥시청,20260224
군자동19U132,1,,,,,2020,,031-310-3144,경기도 시흥시청,20260224
군자동19U133,1,,,,,2020,,031-310-3144,경기도 시흥시청,20260224
군자동19U134,1,,,,,2020,,031-310-3144,경기도 시흥시청,20260224
군자동19U135,1,,,,,2020,,031-310-3144,경기도 시흥시청,20260224
군자동19U136,1,,,,,2020,,031-310-3144,경기도 시흥시청,20260224
군자동19U137,1,,,,,2020,,031-310-3144,경기도 시흥시청,20260224
군자동19U138,1,,,,,2020,,031-310-3144,경기도 시흥시청,20260224
군자동19U139,1,,,,,2020,,031-310-3144,경기도 시흥시청,20260224
군자동19U140,1,,,,,2020,,031-310-3144,경기도 시흥시청,20260224
군자동19U141,1,,,,,2020,,031-310-3144,경기도 시흥시청,20260224
군자동19U142,1,,,,,2020,,031-310-3144,경기도 시흥시청,20260224
군자동19U143,1,,,,,2020,,031-310-3144,경기도 시흥시청,20260224
군자동19U101,1,,,,,2020,,031-310-3144,경기도 시흥시청,20260224
군자동19U102,1,,,,,2020,,031-310-3144,경기도 시흥시청,20260224
군자동19U103,1,,,,,2020,,031-310-3144,경기도 시흥시청,20260224
군자동19U104,1,,,,,2020,,031-310-3144,경기도 시흥시청,20260224
군자동19U105,1,,,,,2020,,031-310-3144,경기도 시흥시청,20260224
군자동19U106,1,,,,,2020,,031-310-3144,경기도 시흥시청,20260224
군자동19U107,1,,,,,2020,,031-310-3144,경기도 시흥시청,20260224
군자동19U108,1,,,,,2020,,031-310-3144,경기도 시흥시청,20260224
군자동19U109,1,,,,,2020,,031-310-3144,경기도 시흥시청,20260224
군자동19U110,1,,,,,2020,,031-310-3144,경기도 시흥시청,20260224
군자동19U111,1,,,,,2020,,031-310-3144,경기도 시흥시청,20260224
군자동19U112[램프 SMPS이상],1,,,,,2020,,031-310-3144,경기도 시흥시청,20260224
군자동19U113,1,,,,,2020,,031-310-3144,경기도 시흥시청,20260224
군자동19U114,1,,,,,2020,,031-310-3144,경기도 시흥시청,20260224
군자동19U115,1,,,,,2020,,031-310-3144,경기도 시흥시청,20260224
군자동19U116,1,,,,,2020,,031-310-3144,경기도 시흥시청,20260224
군자동19U117,1,,,,,2020,,031-310-3144,경기도 시흥시청,20260224
군자동19U118,1,,,,,2020,,031-310-3144,경기도 시흥시청,20260224
군자동19U119,1,,,,,2020,,031-310-3144,경기도 시흥시청,20260224
군자동19U120,1,,,,,2020,,031-310-3144,경기도 시흥시청,20260224
군자동19U121,1,,,,,2020,,031-310-3144,경기도 시흥시청,20260224
군자동19U079,1,,,,,2020,,031-310-3144,경기도 시흥시청,20260224
군자동19U080,1,,,,,2020,,031-310-3144,경기도 시흥시청,20260224
군자동19U081,1,,,,,2020,,031-310-3144,경기도 시흥시청,20260224
군자동19U082,1,,,,,2020,,031-310-3144,경기도 시흥시청,20260224
군자동19U083,1,,,,,2020,,031-310-3144,경기도 시흥시청,20260224
군자동19U084,1,,,,,2020,,031-310-3144,경기도 시흥시청,20260224
군자동19U085,1,,,,,2020,,031-310-3144,경기도 시흥시청,20260224
군자동19U086,1,,,,,2020,,031-310-3144,경기도 시흥시청,20260224
군자동19U087,1,,,,,2020,,031-310-3144,경기도 시흥시청,20260224
군자동19U088,1,,,,,2020,,031-310-3144,경기도 시흥시청,20260224
군자동19U089,1,,,,,2020,,031-310-3144,경기도 시흥시청,20260224
군자동19U090,1,,,,,2020,,031-310-3144,경기도 시흥시청,20260224
군자동19U256,1,,,,,2020,,031-310-3144,경기도 시흥시청,20260224
군자동19U257,1,,,,,2020,,031-310-3144,경기도 시흥시청,20260224
군자동19U258,1,,,,,2020,,031-310-3144,경기도 시흥시청,20260224
군자동19U259,1,,,,,2020,,031-310-3144,경기도 시흥시청,20260224
군자동19U211,1,,,,,2020,,031-310-3144,경기도 시흥시청,20260224
군자동19U212,1,,,,,2020,,031-310-3144,경기도 시흥시청,20260224
군자동19U213,1,,,,,2020,,031-310-3144,경기도 시흥시청,20260224
군자동19U214,1,,,,,2020,,031-310-3144,경기도 시흥시청,20260224
군자동19U215,1,,,,,2020,,031-310-3144,경기도 시흥시청,20260224
군자동19U216,1,,,,,2020,,031-310-3144,경기도 시흥시청,20260224
군자동19U217,1,,,,,2020,,031-310-3144,경기도 시흥시청,20260224
군자동19U218,1,,,,,2020,,031-310-3144,경기도 시흥시청,20260224
군자동19U219,1,,,,,2020,,031-310-3144,경기도 시흥시청,20260224
군자동19U220,1,,,,,2020,,031-310-3144,경기도 시흥시청,20260224
군자동19U221,1,,,,,2020,,031-310-3144,경기도 시흥시청,20260224
군자동19U222,1,,,,,2020,,031-310-3144,경기도 시흥시청,20260224
군자동19U223,1,,,,,2020,,031-310-3144,경기도 시흥시청,20260224
군자동19U224,1,,,,,2020,,031-310-3144,경기도 시흥시청,20260224
군자동19U225,1,,,,,2020,,031-310-3144,경기도 시흥시청,20260224
군자동19U226,1,,,,,2020,,031-310-3144,경기도 시흥시청,20260224
군자동19U227,1,,,,,2020,,031-310-3144,경기도 시흥시청,20260224
군자동19U228,1,,,,,2020,,031-310-3144,경기도 시흥시청,20260224
군자동19U230,1,,,,,2020,,031-310-3144,경기도 시흥시청,20260224
군자동19U231,1,,,,,2020,,031-310-3144,경기도 시흥시청,20260224
군자동19U232,1,,,,,2020,,031-310-3144,경기도 시흥시청,20260224
군자동19U144,1,,,,,2020,,031-310-3144,경기도 시흥시청,20260224
군자동19U145,1,,,,,2020,,031-310-3144,경기도 시흥시청,20260224
군자동19U146,1,,,,,2020,,031-310-3144,경기도 시흥시청,20260224
군자동19U147,1,,,,,2020,,031-310-3144,경기도 시흥시청,20260224
군자동19U148,1,,,,,2020,,031-310-3144,경기도 시흥시청,20260224
군자동19U149,1,,,,,2020,,031-310-3144,경기도 시흥시청,20260224
군자동19U150,1,,,,,2020,,031-310-3144,경기도 시흥시청,20260224
군자동19U151,1,,,,,2020,,031-310-3144,경기도 시흥시청,20260224
군자동19U152,1,,,,,2020,,031-310-3144,경기도 시흥시청,20260224
군자동19U153,1,,,,,2020,,031-310-3144,경기도 시흥시청,20260224
군자동19U154,1,,,,,2020,,031-310-3144,경기도 시흥시청,20260224
군자동19U155,1,,,,,2020,,031-310-3144,경기도 시흥시청,20260224
군자동19U156,1,,,,,2020,,031-310-3144,경기도 시흥시청,20260224
군자동19U158,1,,,,,2020,,031-310-3144,경기도 시흥시청,20260224
군자동19U159,1,,,,,2020,,031-310-3144,경기도 시흥시청,20260224
군자동19U160,1,,,,,2020,,031-310-3144,경기도 시흥시청,20260224
군자동19U161,1,,,,,2020,,031-310-3144,경기도 시흥시청,20260224
군자동19U162,1,,,,,2020,,031-310-3144,경기도 시흥시청,20260224
군자동19U163,1,,,,,2020,,031-310-3144,경기도 시흥시청,20260224
군자동19U164,1,,,,,2020,,031-310-3144,경기도 시흥시청,20260224
군자동19U165,1,,,,,2020,,031-310-3144,경기도 시흥시청,20260224
군자동19U167,1,,,,,2020,,031-310-3144,경기도 시흥시청,20260224
군자동19U122,1,,,,,2020,,031-310-3144,경기도 시흥시청,20260224
군자동19U123,1,,,,,2020,,031-310-3144,경기도 시흥시청,20260224
군자동19U124,1,,,,,2020,,031-310-3144,경기도 시흥시청,20260224
군자동19U340,1,,,,,2020,,031-310-3144,경기도 시흥시청,20260224
과림동20U081,1,,,,,2020,,031-310-3144,경기도 시흥시청,20260224
과림동20U080,1,,,,,2020,,031-310-3144,경기도 시흥시청,20260224
과림동20U078,1,,,,,2020,,031-310-3144,경기도 시흥시청,20260224
대야048B,1,,,,,2020,,031-310-3144,경기도 시흥시청,20260224
군자동19U021,1,,,,,2020,,031-310-3144,경기도 시흥시청,20260224
군자동19U166,1,,,,,2020,,031-310-3144,경기도 시흥시청,20260224
대야동20007,1,,,,,2020,,031-310-3144,경기도 시흥시청,20260224
대야동N195,1,,,,,2019,,031-310-3144,경기도 시흥시청,20260224
군자동19U305,1,,,,,2020,,031-310-3144,경기도 시흥시청,20260224
군자동19U306,1,,,,,2020,,031-310-3144,경기도 시흥시청,20260224
군자동19U307,1,,,,,2020,,031-310-3144,경기도 시흥시청,20260224
군자동19U308,1,,,,,2020,,031-310-3144,경기도 시흥시청,20260224
군자동19U309,1,,,,,2020,,031-310-3144,경기도 시흥시청,20260224
군자동19U310,1,,,,,2020,,031-310-3144,경기도 시흥시청,20260224
군자동19U311,1,,,,,2020,,031-310-3144,경기도 시흥시청,20260224
군자동19U312,1,,,,,2020,,031-310-3144,경기도 시흥시청,20260224
군자동19U313,1,,,,,2020,,031-310-3144,경기도 시흥시청,20260224
군자동19U314,1,,,,,2020,,031-310-3144,경기도 시흥시청,20260224
군자동19U315,1,,,,,2020,,031-310-3144,경기도 시흥시청,20260224
군자동19U316,1,,,,,2020,,031-310-3144,경기도 시흥시청,20260224
군자동19U317,1,,,,,2020,,031-310-3144,경기도 시흥시청,20260224
군자동19U318,1,,,,,2020,,031-310-3144,경기도 시흥시청,20260224
군자동19U319,1,,,,,2020,,031-310-3144,경기도 시흥시청,20260224
군자동19U320,1,,,,,2020,,031-310-3144,경기도 시흥시청,20260224
군자동19U321,1,,,,,2020,,031-310-3144,경기도 시흥시청,20260224
군자동19U322,1,,,,,2020,,031-310-3144,경기도 시흥시청,20260224
군자동19U323,1,,,,,2020,,031-310-3144,경기도 시흥시청,20260224
군자동19U324,1,,,,,2020,,031-310-3144,경기도 시흥시청,20260224
군자동19U325,1,,,,,2020,,031-310-3144,경기도 시흥시청,20260224
군자동19U326,1,,,,,2020,,031-310-3144,경기도 시흥시청,20260224
군자동19U233,1,,,,,2020,,031-310-3144,경기도 시흥시청,20260224
군자동19U235,1,,,,,2020,,031-310-3144,경기도 시흥시청,20260224
군자동19U236,1,,,,,2020,,031-310-3144,경기도 시흥시청,20260224
군자동19U237,1,,,,,2020,,031-310-3144,경기도 시흥시청,20260224
군자동19U239,1,,,,,2020,,031-310-3144,경기도 시흥시청,20260224
군자동19U240,1,,,,,2020,,031-310-3144,경기도 시흥시청,20260224
군자동19U241,1,,,,,2020,,031-310-3144,경기도 시흥시청,20260224
군자동19U242,1,,,,,2020,,031-310-3144,경기도 시흥시청,20260224
군자동19U243,1,,,,,2020,,031-310-3144,경기도 시흥시청,20260224
군자동19U244,1,,,,,2020,,031-310-3144,경기도 시흥시청,20260224
군자동19U245,1,,,,,2020,,031-310-3144,경기도 시흥시청,20260224
군자동19U246,1,,,,,2020,,031-310-3144,경기도 시흥시청,20260224
군자동19U247,1,,,,,2020,,031-310-3144,경기도 시흥시청,20260224
군자동19U249,1,,,,,2020,,031-310-3144,경기도 시흥시청,20260224
군자동19U250,1,,,,,2020,,031-310-3144,경기도 시흥시청,20260224
군자동19U251,1,,,,,2020,,031-310-3144,경기도 시흥시청,20260224
군자동19U252,1,,,,,2020,,031-310-3144,경기도 시흥시청,20260224
군자동19U253,1,,,,,2020,,031-310-3144,경기도 시흥시청,20260224
군자동19U254,1,,,,,2020,,031-310-3144,경기도 시흥시청,20260224
군자동19U255,1,,,,,2020,,031-310-3144,경기도 시흥시청,20260224
정왕1동N080,1,,,,,2019,,031-310-3144,경기도 시흥시청,20260224
은행동19S112_,1,,,,,2019,,031-310-3144,경기도 시흥시청,20260224
은행동N074_,1,,,,,2019,,031-310-3144,경기도 시흥시청,20260224
장곡동24022,1,,,,,2019,,031-310-3144,경기도 시흥시청,20260224
신천동N172,1,,,,,2019,,031-310-3144,경기도 시흥시청,20260224
신현동 19S319,1,,,,,2019,,031-310-3144,경기도 시흥시청,20260224
신천동 19S135,1,,,,,2019,,031-310-3144,경기도 시흥시청,20260224
장곡동N024,1,,,,,2019,,031-310-3144,경기도 시흥시청,20260224
장곡동24075,1,,,,,2019,,031-310-3144,경기도 시흥시청,20260224
신현동 19005,1,,,,,2019,,031-310-3144,경기도 시흥시청,20260224
군자동N177,1,,,,,2019,,031-310-3144,경기도 시흥시청,20260224
대야동19S035_,1,,,,,2019,,031-310-3144,경기도 시흥시청,20260224
대야동N187,1,,,,,2019,,031-310-3144,경기도 시흥시청,20260224
과림동 N191,1,,,,,2019,,031-310-3144,경기도 시흥시청,20260224
대야동N193,1,,,,,2019,,031-310-3144,경기도 시흥시청,20260224
은행동19008,1,,,,,2019,,031-310-3144,경기도 시흥시청,20260224
군자동N179,1,,,,,2019,,031-310-3144,경기도 시흥시청,20260224
군자동N180,1,,,,,2019,,031-310-3144,경기도 시흥시청,20260224
대야동N190,1,,,,,2019,,031-310-3144,경기도 시흥시청,20260224
매화동19013,1,,,,,2019,,031-310-3144,경기도 시흥시청,20260224
매화동19014,1,,,,,2019,,031-310-3144,경기도 시흥시청,20260224
매화동19015,1,,,,,2019,,031-310-3144,경기도 시흥시청,20260224
목감동N126,1,,,,,2019,,031-310-3144,경기도 시흥시청,20260224
매화동19012,1,,,,,2019,,031-310-3144,경기도 시흥시청,20260224
매화동19008,1,,,,,2019,,031-310-3144,경기도 시흥시청,20260224
매화동19009,1,,,,,2019,,031-310-3144,경기도 시흥시청,20260224
매화동19010,1,,,,,2019,,031-310-3144,경기도 시흥시청,20260224
매화동19011,1,,,,,2019,,031-310-3144,경기도 시흥시청,20260224
목감동19013,1,,,,,2019,,031-310-3144,경기도 시흥시청,20260224
목감동19011,1,,,,,2019,,031-310-3144,경기도 시흥시청,20260224
목감동19012,1,,,,,2019,,031-310-3144,경기도 시흥시청,20260224
신천동19016,1,,,,,2019,,031-310-3144,경기도 시흥시청,20260224
신천동19017,1,,,,,2019,,031-310-3144,경기도 시흥시청,20260224
신현동19018,1,,,,,2019,,031-310-3144,경기도 시흥시청,20260224
은행동N079,1,,,,,2019,,031-310-3144,경기도 시흥시청,20260224
은행동N080,1,,,,,2019,,031-310-3144,경기도 시흥시청,20260224
은행동N075,1,,,,,2019,,031-310-3144,경기도 시흥시청,20260224
은행동N076,1,,,,,2019,,031-310-3144,경기도 시흥시청,20260224
군자동19U327,1,,,,,2020,,031-310-3144,경기도 시흥시청,20260224
군자동19U328,1,,,,,2020,,031-310-3144,경기도 시흥시청,20260224
군자동19U329,1,,,,,2020,,031-310-3144,경기도 시흥시청,20260224
군자동19U330,1,,,,,2020,,031-310-3144,경기도 시흥시청,20260224
군자동19U331,1,,,,,2020,,031-310-3144,경기도 시흥시청,20260224
군자동19U332,1,,,,,2020,,031-310-3144,경기도 시흥시청,20260224
군자동19U333,1,,,,,2020,,031-310-3144,경기도 시흥시청,20260224
군자동19U334,1,,,,,2020,,031-310-3144,경기도 시흥시청,20260224
군자동19U335,1,,,,,2020,,031-310-3144,경기도 시흥시청,20260224
군자동19U336,1,,,,,2020,,031-310-3144,경기도 시흥시청,20260224
군자동19U337,1,,,,,2020,,031-310-3144,경기도 시흥시청,20260224
군자동19U338,1,,,,,2020,,031-310-3144,경기도 시흥시청,20260224
군자동19U339,1,,,,,2020,,031-310-3144,경기도 시흥시청,20260224
계수동20U025,1,,,,,2019,,031-310-3144,경기도 시흥시청,20260224
계수동20U029,1,,,,,2019,,031-310-3144,경기도 시흥시청,20260224
계수동20U030,1,,,,,2019,,031-310-3144,경기도 시흥시청,20260224
과림동20U060,1,,,,,2019,,031-310-3144,경기도 시흥시청,20260224
과림동20U061,1,,,,,2019,,031-310-3144,경기도 시흥시청,20260224
과림동20U062,1,,,,,2019,,031-310-3144,경기도 시흥시청,20260224
과림동20U063,1,,,,,2019,,031-310-3144,경기도 시흥시청,20260224
과림동20U064,1,,,,,2019,,031-310-3144,경기도 시흥시청,20260224
과림동20U065,1,,,,,2019,,031-310-3144,경기도 시흥시청,20260224
과림동20U066,1,,,,,2019,,031-310-3144,경기도 시흥시청,20260224
과림동20U067,1,,,,,2019,,031-310-3144,경기도 시흥시청,20260224
과림동20U068,1,,,,,2019,,031-310-3144,경기도 시흥시청,20260224
과림동20U069,1,,,,,2019,,031-310-3144,경기도 시흥시청,20260224
과림동20U070,1,,,,,2019,,031-310-3144,경기도 시흥시청,20260224
과림동20U071,1,,,,,2019,,031-310-3144,경기도 시흥시청,20260224
과림동20U072,1,,,,,2019,,031-310-3144,경기도 시흥시청,20260224
과림동20U073,1,,,,,2019,,031-310-3144,경기도 시흥시청,20260224
과림동20U074,1,,,,,2019,,031-310-3144,경기도 시흥시청,20260224
과림동20U075,1,,,,,2019,,031-310-3144,경기도 시흥시청,20260224
과림동20U076,1,,,,,2019,,031-310-3144,경기도 시흥시청,20260224
과림동20U077,1,,,,,2019,,031-310-3144,경기도 시흥시청,20260224
계수동20U001,1,,,,,2019,,031-310-3144,경기도 시흥시청,20260224
계수동20U002,1,,,,,2019,,031-310-3144,경기도 시흥시청,20260224
과림동20U008,1,,,,,2019,,031-310-3144,경기도 시흥시청,20260224
과림동20U009,1,,,,,2019,,031-310-3144,경기도 시흥시청,20260224
과림동20U010,1,,,,,2019,,031-310-3144,경기도 시흥시청,20260224
과림동20U011,1,,,,,2019,,031-310-3144,경기도 시흥시청,20260224
과림동20U012,1,,,,,2019,,031-310-3144,경기도 시흥시청,20260224
과림동20U013,1,,,,,2019,,031-310-3144,경기도 시흥시청,20260224
과림동20U014,1,,,,,2019,,031-310-3144,경기도 시흥시청,20260224
과림동20U015,1,,,,,2019,,031-310-3144,경기도 시흥시청,20260224
과림동20U016,1,,,,,2019,,031-310-3144,경기도 시흥시청,20260224
과림동20U017,1,,,,,2019,,031-310-3144,경기도 시흥시청,20260224
과림동20U018,1,,,,,2019,,031-310-3144,경기도 시흥시청,20260224
과림동20U019,1,,,,,2019,,031-310-3144,경기도 시흥시청,20260224
과림동20U020,1,,,,,2019,,031-310-3144,경기도 시흥시청,20260224
과림동20U021,1,,,,,2019,,031-310-3144,경기도 시흥시청,20260224
과림동20U022,1,,,,,2019,,031-310-3144,경기도 시흥시청,20260224
과림동20U023,1,,,,,2019,,031-310-3144,경기도 시흥시청,20260224
과림동20U024,1,,,,,2019,,031-310-3144,경기도 시흥시청,20260224
과림동20U025,1,,,,,2019,,031-310-3144,경기도 시흥시청,20260224
과림동20U026,1,,,,,2019,,031-310-3144,경기도 시흥시청,20260224
과림동20U027,1,,,,,2019,,031-310-3144,경기도 시흥시청,20260224
은행동N077,1,,,,,2019,,031-310-3144,경기도 시흥시청,20260224
대야동19021,1,,,,,2019,,031-310-3144,경기도 시흥시청,20260224
대야동19009,1,,,,,2019,,031-310-3144,경기도 시흥시청,20260224
대야동19019,1,,,,,2019,,031-310-3144,경기도 시흥시청,20260224
대야동19020,1,,,,,2019,,031-310-3144,경기도 시흥시청,20260224
대야동19022,1,,,,,2019,,031-310-3144,경기도 시흥시청,20260224
목감동N125,1,,,,,2019,,031-310-3144,경기도 시흥시청,20260224
군자동19U197,1,,,,,2020,,031-310-3144,경기도 시흥시청,20260224
군자동19U198,1,,,,,2020,,031-310-3144,경기도 시흥시청,20260224
군자동19U199,1,,,,,2020,,031-310-3144,경기도 시흥시청,20260224
군자동19U200,1,,,,,2020,,031-310-3144,경기도 시흥시청,20260224
군자동19U201,1,,,,,2020,,031-310-3144,경기도 시흥시청,20260224
군자동19U202,1,,,,,2020,,031-310-3144,경기도 시흥시청,20260224
군자동19U203,1,,,,,2020,,031-310-3144,경기도 시흥시청,20260224
군자동19U204,1,,,,,2020,,031-310-3144,경기도 시흥시청,20260224
군자동19U076,1,,,,,2020,,031-310-3144,경기도 시흥시청,20260224
군자동19U077,1,,,,,2020,,031-310-3144,경기도 시흥시청,20260224
군자동19U078,1,,,,,2020,,031-310-3144,경기도 시흥시청,20260224
계수동20U032,1,,,,,2019,,031-310-3144,경기도 시흥시청,20260224
계수동20U033,1,,,,,2019,,031-310-3144,경기도 시흥시청,20260224
계수동20U034,1,,,,,2019,,031-310-3144,경기도 시흥시청,20260224
계수동20U035,1,,,,,2019,,031-310-3144,경기도 시흥시청,20260224
계수동20U036,1,,,,,2019,,031-310-3144,경기도 시흥시청,20260224
계수동20U037,1,,,,,2019,,031-310-3144,경기도 시흥시청,20260224
계수동20U038,1,,,,,2019,,031-310-3144,경기도 시흥시청,20260224
계수동20U039,1,,,,,2019,,031-310-3144,경기도 시흥시청,20260224
계수동20U040,1,,,,,2019,,031-310-3144,경기도 시흥시청,20260224
계수동20U041,1,,,,,2019,,031-310-3144,경기도 시흥시청,20260224
계수동20U042,1,,,,,2019,,031-310-3144,경기도 시흥시청,20260224
계수동20U043,1,,,,,2019,,031-310-3144,경기도 시흥시청,20260224
계수동20U044,1,,,,,2019,,031-310-3144,경기도 시흥시청,20260224
계수동20U045,1,,,,,2019,,031-310-3144,경기도 시흥시청,20260224
계수동20U046,1,,,,,2019,,031-310-3144,경기도 시흥시청,20260224
계수동20U047,1,,,,,2019,,031-310-3144,경기도 시흥시청,20260224
계수동20U048,1,,,,,2019,,031-310-3144,경기도 시흥시청,20260224
계수동20U049,1,,,,,2019,,031-310-3144,경기도 시흥시청,20260224
계수동20U050,1,,,,,2019,,031-310-3144,경기도 시흥시청,20260224
계수동20U051,1,,,,,2019,,031-310-3144,경기도 시흥시청,20260224
계수동20U052,1,,,,,2019,,031-310-3144,경기도 시흥시청,20260224
계수동20U003,1,,,,,2019,,031-310-3144,경기도 시흥시청,20260224
계수동20U004,1,,,,,2019,,031-310-3144,경기도 시흥시청,20260224
계수동20U005,1,,,,,2019,,031-310-3144,경기도 시흥시청,20260224
계수동20U006,1,,,,,2019,,031-310-3144,경기도 시흥시청,20260224
계수동20U007,1,,,,,2019,,031-310-3144,경기도 시흥시청,20260224
계수동20U008,1,,,,,2019,,031-310-3144,경기도 시흥시청,20260224
계수동20U010,1,,,,,2019,,031-310-3144,경기도 시흥시청,20260224
계수동20U011,1,,,,,2019,,031-310-3144,경기도 시흥시청,20260224
계수동20U012,1,,,,,2019,,031-310-3144,경기도 시흥시청,20260224
계수동20U013,1,,,,,2019,,031-310-3144,경기도 시흥시청,20260224
계수동20U014,1,,,,,2019,,031-310-3144,경기도 시흥시청,20260224
계수동20U015,1,,,,,2019,,031-310-3144,경기도 시흥시청,20260224
계수동20U016,1,,,,,2019,,031-310-3144,경기도 시흥시청,20260224
계수동20U017,1,,,,,2019,,031-310-3144,경기도 시흥시청,20260224
계수동20U018,1,,,,,2019,,031-310-3144,경기도 시흥시청,20260224
계수동20U019,1,,,,,2019,,031-310-3144,경기도 시흥시청,20260224
계수동20U022,1,,,,,2019,,031-310-3144,경기도 시흥시청,20260224
계수동20U023,1,,,,,2019,,031-310-3144,경기도 시흥시청,20260224
계수동20U024,1,,,,,2019,,031-310-3144,경기도 시흥시청,20260224
군자동19U289,1,,,,,2020,,031-310-3144,경기도 시흥시청,20260224
군자동19U290,1,,,,,2020,,031-310-3144,경기도 시흥시청,20260224
군자동19U291,1,,,,,2020,,031-310-3144,경기도 시흥시청,20260224
군자동19U292,1,,,,,2020,,031-310-3144,경기도 시흥시청,20260224
군자동19U293,1,,,,,2020,,031-310-3144,경기도 시흥시청,20260224
군자동19U294,1,,,,,2020,,031-310-3144,경기도 시흥시청,20260224
군자동19U295,1,,,,,2020,,031-310-3144,경기도 시흥시청,20260224
군자동19U296,1,,,,,2020,,031-310-3144,경기도 시흥시청,20260224
군자동19U297,1,,,,,2020,,031-310-3144,경기도 시흥시청,20260224
군자동19U298,1,,,,,2020,,031-310-3144,경기도 시흥시청,20260224
군자동19U299,1,,,,,2020,,031-310-3144,경기도 시흥시청,20260224
군자동19U300,1,,,,,2020,,031-310-3144,경기도 시흥시청,20260224
군자동19U301,1,,,,,2020,,031-310-3144,경기도 시흥시청,20260224
군자동19U302,1,,,,,2020,,031-310-3144,경기도 시흥시청,20260224
군자동19U303,1,,,,,2020,,031-310-3144,경기도 시흥시청,20260224
군자동19U304,1,,,,,2020,,031-310-3144,경기도 시흥시청,20260224
군자동19U205,1,,,,,2020,,031-310-3144,경기도 시흥시청,20260224
군자동19U206,1,,,,,2020,,031-310-3144,경기도 시흥시청,20260224
군자동19U207,1,,,,,2020,,031-310-3144,경기도 시흥시청,20260224
군자동19U208,1,,,,,2020,,031-310-3144,경기도 시흥시청,20260224
군자동19U209,1,,,,,2020,,031-310-3144,경기도 시흥시청,20260224
군자동19U210,1,,,,,2020,,031-310-3144,경기도 시흥시청,20260224
군자동19U168,1,,,,,2020,,031-310-3144,경기도 시흥시청,20260224
군자동19U169,1,,,,,2020,,031-310-3144,경기도 시흥시청,20260224
군자동19U170,1,,,,,2020,,031-310-3144,경기도 시흥시청,20260224
군자동19U171,1,,,,,2020,,031-310-3144,경기도 시흥시청,20260224
군자동19U172,1,,,,,2020,,031-310-3144,경기도 시흥시청,20260224
군자동19U173,1,,,,,2020,,031-310-3144,경기도 시흥시청,20260224
군자동19U174,1,,,,,2020,,031-310-3144,경기도 시흥시청,20260224
군자동19U175,1,,,,,2020,,031-310-3144,경기도 시흥시청,20260224
군자동19U176,1,,,,,2020,,031-310-3144,경기도 시흥시청,20260224
군자동19U177,1,,,,,2020,,031-310-3144,경기도 시흥시청,20260224
군자동19U178,1,,,,,2020,,031-310-3144,경기도 시흥시청,20260224
군자동19U179확인필요,1,,,,,2020,,031-310-3144,경기도 시흥시청,20260224
군자동19U180,1,,,,,2020,,031-310-3144,경기도 시흥시청,20260224
군자동19U181,1,,,,,2020,,031-310-3144,경기도 시흥시청,20260224
군자동19U182,1,,,,,2020,,031-310-3144,경기도 시흥시청,20260224
군자동19U183,1,,,,,2020,,031-310-3144,경기도 시흥시청,20260224
군자동19U184,1,,,,,2020,,031-310-3144,경기도 시흥시청,20260224
군자동19U185,1,,,,,2020,,031-310-3144,경기도 시흥시청,20260224
군자동19U186,1,,,,,2020,,031-310-3144,경기도 시흥시청,20260224
군자동19U187,1,,,,,2020,,031-310-3144,경기도 시흥시청,20260224
군자동19U188,1,,,,,2020,,031-310-3144,경기도 시흥시청,20260224
군자동19U189,1,,,,,2020,,031-310-3144,경기도 시흥시청,20260224
군자동19U190,1,,,,,2020,,031-310-3144,경기도 시흥시청,20260224
군자동19U191,1,,,,,2020,,031-310-3144,경기도 시흥시청,20260224
군자동19U192,1,,,,,2020,,031-310-3144,경기도 시흥시청,20260224
군자동19U193,1,,,,,2020,,031-310-3144,경기도 시흥시청,20260224
군자동19U194,1,,,,,2020,,031-310-3144,경기도 시흥시청,20260224
군자동19U195,1,,,,,2020,,031-310-3144,경기도 시흥시청,20260224
군자동19U196,1,,,,,2020,,031-310-3144,경기도 시흥시청,20260224
신천동N168,1,,,,,2019,,031-310-3144,경기도 시흥시청,20260224
군자동19006,1,,,,,2019,,031-310-3144,경기도 시흥시청,20260224
군자동N168,1,,,,,2019,,031-310-3144,경기도 시흥시청,20260224
군자동N164,1,,,,,2019,,031-310-3144,경기도 시흥시청,20260224
군자동N165,1,,,,,2019,,031-310-3144,경기도 시흥시청,20260224
군자동N166,1,,,,,2019,,031-310-3144,경기도 시흥시청,20260224
군자동N167,1,,,,,2019,,031-310-3144,경기도 시흥시청,20260224
매화동24111,1,,,,,2019,,031-310-3144,경기도 시흥시청,20260224
대야동 19013,1,,,,,2019,,031-310-3144,경기도 시흥시청,20260224
신천동19S121_,1,,,,,2019,,031-310-3144,경기도 시흥시청,20260224
은행동N064,1,,,,,2019,,031-310-3144,경기도 시흥시청,20260224
신천동19012,1,,,,,2019,,031-310-3144,경기도 시흥시청,20260224
은행동19004,1,,,,,2019,,031-310-3144,경기도 시흥시청,20260224
은행동19005,1,,,,,2019,,031-310-3144,경기도 시흥시청,20260224
은행동19006,1,,,,,2019,,031-310-3144,경기도 시흥시청,20260224
은행동19007,1,,,,,2019,,031-310-3144,경기도 시흥시청,20260224
은행동N062,1,,,,,2019,,031-310-3144,경기도 시흥시청,20260224
정왕본동N210,1,,,,,2019,,031-310-3144,경기도 시흥시청,20260224
과림동 N177,1,,,,,2019,,031-310-3144,경기도 시흥시청,20260224
군자동N162,1,,,,,2019,,031-310-3144,경기도 시흥시청,20260224
목감동N122,1,,,,,2019,,031-310-3144,경기도 시흥시청,20260224
신천동N166,1,,,,,2019,,031-310-3144,경기도 시흥시청,20260224
신현동19S327,1,,,,,2019,,031-310-3144,경기도 시흥시청,20260224
목감동19008,1,,,,,2019,,031-310-3144,경기도 시흥시청,20260224
대야동19S268,1,,,,,2019,,031-310-3144,경기도 시흥시청,20260224
대야동19S266,1,,,,,2019,,031-310-3144,경기도 시흥시청,20260224
대야동19S232,1,,,,,2019,,031-310-3144,경기도 시흥시청,20260224
대야동19S278,1,,,,,2019,,031-310-3144,경기도 시흥시청,20260224
군자동19U260,1,,,,,2020,,031-310-3144,경기도 시흥시청,20260224
군자동19U261,1,,,,,2020,,031-310-3144,경기도 시흥시청,20260224
군자동19U262,1,,,,,2020,,031-310-3144,경기도 시흥시청,20260224
군자동19U263,1,,,,,2020,,031-310-3144,경기도 시흥시청,20260224
군자동19U265,1,,,,,2020,,031-310-3144,경기도 시흥시청,20260224
군자동19U266,1,,,,,2020,,031-310-3144,경기도 시흥시청,20260224
군자동19U267,1,,,,,2020,,031-310-3144,경기도 시흥시청,20260224
군자동19U270,1,,,,,2020,,031-310-3144,경기도 시흥시청,20260224
군자동19U271,1,,,,,2020,,031-310-3144,경기도 시흥시청,20260224
군자동19U272,1,,,,,2020,,031-310-3144,경기도 시흥시청,20260224
군자동19U273,1,,,,,2020,,031-310-3144,경기도 시흥시청,20260224
군자동19U274,1,,,,,2020,,031-310-3144,경기도 시흥시청,20260224
군자동19U275,1,,,,,2020,,031-310-3144,경기도 시흥시청,20260224
군자동19U276,1,,,,,2020,,031-310-3144,경기도 시흥시청,20260224
군자동19U277,1,,,,,2020,,031-310-3144,경기도 시흥시청,20260224
군자동19U278,1,,,,,2020,,031-310-3144,경기도 시흥시청,20260224
군자동19U279,1,,,,,2020,,031-310-3144,경기도 시흥시청,20260224
군자동19U280,1,,,,,2020,,031-310-3144,경기도 시흥시청,20260224
군자동19U281,1,,,,,2020,,031-310-3144,경기도 시흥시청,20260224
군자동19U282,1,,,,,2020,,031-310-3144,경기도 시흥시청,20260224
군자동19U283,1,,,,,2020,,031-310-3144,경기도 시흥시청,20260224
군자동19U288,1,,,,,2020,,031-310-3144,경기도 시흥시청,20260224
신천동19S054[표찰X],1,,,,,2019,,031-310-3144,경기도 시흥시청,20260224
신천동19S050,1,,,,,2019,,031-310-3144,경기도 시흥시청,20260224
신천동19S052,1,,,,,2019,,031-310-3144,경기도 시흥시청,20260224
신천동19S098,1,,,,,2019,,031-310-3144,경기도 시흥시청,20260224
신천동19S099,1,,,,,2019,,031-310-3144,경기도 시흥시청,20260224
신천동19S097,1,,,,,2019,,031-310-3144,경기도 시흥시청,20260224
신천동19S096,1,,,,,2019,,031-310-3144,경기도 시흥시청,20260224
신천동19S095,1,,,,,2019,,031-310-3144,경기도 시흥시청,20260224
신천동19S083,1,,,,,2019,,031-310-3144,경기도 시흥시청,20260224
신천동19S108,1,,,,,2019,,031-310-3144,경기도 시흥시청,20260224
신천동19S107,1,,,,,2019,,031-310-3144,경기도 시흥시청,20260224
신천동19S106,1,,,,,2019,,031-310-3144,경기도 시흥시청,20260224
신천동19S105,1,,,,,2019,,031-310-3144,경기도 시흥시청,20260224
신천동19S094,1,,,,,2019,,031-310-3144,경기도 시흥시청,20260224
신천동19S093,1,,,,,2019,,031-310-3144,경기도 시흥시청,20260224
신천동19S092,1,,,,,2019,,031-310-3144,경기도 시흥시청,20260224
신천동19S091,1,,,,,2019,,031-310-3144,경기도 시흥시청,20260224
신천동19S090,1,,,,,2019,,031-310-3144,경기도 시흥시청,20260224
신천동19S100[표찰X],1,,,,,2019,,031-310-3144,경기도 시흥시청,20260224
신천동19S086,1,,,,,2019,,031-310-3144,경기도 시흥시청,20260224
신천동19S101,1,,,,,2019,,031-310-3144,경기도 시흥시청,20260224
신천동19S102,1,,,,,2019,,031-310-3144,경기도 시흥시청,20260224
신천동19S088,1,,,,,2019,,031-310-3144,경기도 시흥시청,20260224
신천동19S081,1,,,,,2019,,031-310-3144,경기도 시흥시청,20260224
신천동19S087,1,,,,,2019,,031-310-3144,경기도 시흥시청,20260224
신천동19S089,1,,,,,2019,,031-310-3144,경기도 시흥시청,20260224
신천동19S180,1,,,,,2019,,031-310-3144,경기도 시흥시청,20260224
신천동19S085,1,,,,,2019,,031-310-3144,경기도 시흥시청,20260224
신천동19S183,1,,,,,2019,,031-310-3144,경기도 시흥시청,20260224
신천동19S184[표찰X],1,,,,,2019,,031-310-3144,경기도 시흥시청,20260224
신천동19S185,1,,,,,2019,,031-310-3144,경기도 시흥시청,20260224
신천동19S203[표찰X],1,,,,,2019,,031-310-3144,경기도 시흥시청,20260224
신천동19S104[표찰X],1,,,,,2019,,031-310-3144,경기도 시흥시청,20260224
신천동19S103,1,,,,,2019,,031-310-3144,경기도 시흥시청,20260224
정왕2동19U001,1,,,,,2019,,031-310-3144,경기도 시흥시청,20260224
정왕2동19U002,1,,,,,2019,,031-310-3144,경기도 시흥시청,20260224
정왕본동N216,1,,,,,2019,,031-310-3144,경기도 시흥시청,20260224
대야동19015,1,,,,,2019,,031-310-3144,경기도 시흥시청,20260224
신현동19S021,1,,,,,2019,,031-310-3144,경기도 시흥시청,20260224
은행동N065,1,,,,,2019,,031-310-3144,경기도 시흥시청,20260224
정왕본동N212,1,,,,,2019,,031-310-3144,경기도 시흥시청,20260224
과림동N179,1,,,,,2019,,031-310-3144,경기도 시흥시청,20260224
과림동N178(과림074),1,,,,,2019,,031-310-3144,경기도 시흥시청,20260224
신천동19013,1,,,,,2019,,031-310-3144,경기도 시흥시청,20260224
정왕3동N099,1,,,,,2019,,031-310-3144,경기도 시흥시청,20260224
군자동19005(삭제검토),1,,,,,2019,,031-310-3144,경기도 시흥시청,20260224
군자동19007,1,,,,,2019,,031-310-3144,경기도 시흥시청,20260224
군자동N163,1,,,,,2019,,031-310-3144,경기도 시흥시청,20260224
목감동19S085,1,,,,,2019,,031-310-3144,경기도 시흥시청,20260224
목감동N123,1,,,,,2019,,031-310-3144,경기도 시흥시청,20260224
신천동N167,1,,,,,2019,,031-310-3144,경기도 시흥시청,20260224
정왕본동19U148,1,,,,,2019,,031-310-3144,경기도 시흥시청,20260224
정왕본동19U149,1,,,,,2019,,031-310-3144,경기도 시흥시청,20260224
정왕본동19U150,1,,,,,2019,,031-310-3144,경기도 시흥시청,20260224
정왕본동19U153,1,,,,,2019,,031-310-3144,경기도 시흥시청,20260224
정왕본동19U154,1,,,,,2019,,031-310-3144,경기도 시흥시청,20260224
정왕본동19U155,1,,,,,2019,,031-310-3144,경기도 시흥시청,20260224
정왕본동19U156,1,,,,,2019,,031-310-3144,경기도 시흥시청,20260224
정왕2동19U003,1,,,,,2019,,031-310-3144,경기도 시흥시청,20260224
정왕2동19U004,1,,,,,2019,,031-310-3144,경기도 시흥시청,20260224
정왕2동19U005,1,,,,,2019,,031-310-3144,경기도 시흥시청,20260224
정왕2동19U006,1,,,,,2019,,031-310-3144,경기도 시흥시청,20260224
정왕2동19U007,1,,,,,2019,,031-310-3144,경기도 시흥시청,20260224
정왕2동19U019,1,,,,,2019,,031-310-3144,경기도 시흥시청,20260224
정왕2동19U008,1,,,,,2019,,031-310-3144,경기도 시흥시청,20260224
정왕2동19U009,1,,,,,2019,,031-310-3144,경기도 시흥시청,20260224
정왕2동19U010,1,,,,,2019,,031-310-3144,경기도 시흥시청,20260224
정왕2동19U011,1,,,,,2019,,031-310-3144,경기도 시흥시청,20260224
정왕2동19U012,1,,,,,2019,,031-310-3144,경기도 시흥시청,20260224
정왕2동19U013,1,,,,,2019,,031-310-3144,경기도 시흥시청,20260224
정왕2동19U014,1,,,,,2019,,031-310-3144,경기도 시흥시청,20260224
정왕2동19U015,1,,,,,2019,,031-310-3144,경기도 시흥시청,20260224
정왕2동19U016,1,,,,,2019,,031-310-3144,경기도 시흥시청,20260224
정왕2동19U017,1,,,,,2019,,031-310-3144,경기도 시흥시청,20260224
정왕2동19U018,1,,,,,2019,,031-310-3144,경기도 시흥시청,20260224
정왕본동19U001,1,,,,,2019,,031-310-3144,경기도 시흥시청,20260224
정왕본동19U002,1,,,,,2019,,031-310-3144,경기도 시흥시청,20260224
정왕본동19U003,1,,,,,2019,,031-310-3144,경기도 시흥시청,20260224
정왕본동19U004,1,,,,,2019,,031-310-3144,경기도 시흥시청,20260224
정왕본동19U005,1,,,,,2019,,031-310-3144,경기도 시흥시청,20260224
정왕본동19U006,1,,,,,2019,,031-310-3144,경기도 시흥시청,20260224
정왕본동19U007,1,,,,,2019,,031-310-3144,경기도 시흥시청,20260224
정왕본동19U009,1,,,,,2019,,031-310-3144,경기도 시흥시청,20260224
정왕본동19U010,1,,,,,2019,,031-310-3144,경기도 시흥시청,20260224
정왕본동19U011,1,,,,,2019,,031-310-3144,경기도 시흥시청,20260224
정왕본동19U012,1,,,,,2019,,031-310-3144,경기도 시흥시청,20260224
정왕본동19U013,1,,,,,2019,,031-310-3144,경기도 시흥시청,20260224
정왕본동19U014,1,,,,,2019,,031-310-3144,경기도 시흥시청,20260224
정왕본동19U015,1,,,,,2019,,031-310-3144,경기도 시흥시청,20260224
정왕본동19U016,1,,,,,2019,,031-310-3144,경기도 시흥시청,20260224
정왕본동19U017,1,,,,,2019,,031-310-3144,경기도 시흥시청,20260224
정왕본동19U018,1,,,,,2019,,031-310-3144,경기도 시흥시청,20260224
정왕본동19U019,1,,,,,2019,,031-310-3144,경기도 시흥시청,20260224
정왕본동19U020,1,,,,,2019,,031-310-3144,경기도 시흥시청,20260224
정왕본동19U021,1,,,,,2019,,031-310-3144,경기도 시흥시청,20260224
정왕본동19U022,1,,,,,2019,,031-310-3144,경기도 시흥시청,20260224
정왕본동19U023,1,,,,,2019,,031-310-3144,경기도 시흥시청,20260224
정왕본동19U024,1,,,,,2019,,031-310-3144,경기도 시흥시청,20260224
신천동19S071,1,,,,,2019,,031-310-3144,경기도 시흥시청,20260224
신천동19S072[표찰X],1,,,,,2019,,031-310-3144,경기도 시흥시청,20260224
신천동19S070[표찰X],1,,,,,2019,,031-310-3144,경기도 시흥시청,20260224
신천동19S061[표찰X],1,,,,,2019,,031-310-3144,경기도 시흥시청,20260224
과림동19014,1,,,,,2019,,031-310-3144,경기도 시흥시청,20260224
신현동 N086,1,,,,,2019,,031-310-3144,경기도 시흥시청,20260224
신현동N085,1,,,,,2019,,031-310-3144,경기도 시흥시청,20260224
정왕본동21U152,1,,,,,2019,,031-310-3144,경기도 시흥시청,20260224
신현동19010,1,,,,,2019,,031-310-3144,경기도 시흥시청,20260224
신현동19014,1,,,,,2019,,031-310-3144,경기도 시흥시청,20260224
신현동19015,1,,,,,2019,,031-310-3144,경기도 시흥시청,20260224
목감동19S030,1,,,,,2019,,031-310-3144,경기도 시흥시청,20260224
신천동19S367_,1,,,,,2019,,031-310-3144,경기도 시흥시청,20260224
과림동 N180,1,,,,,2019,,031-310-3144,경기도 시흥시청,20260224
대야동 N204,1,,,,,2019,,031-310-3144,경기도 시흥시청,20260224
신현동N206,1,,,,,2019,,031-310-3144,경기도 시흥시청,20260224
정왕본동N218[등주확인],1,,,,,2019,,031-310-3144,경기도 시흥시청,20260224
신현동 19S062,1,,,,,2019,,031-310-3144,경기도 시흥시청,20260224
신천동N171,1,,,,,2019,,031-310-3144,경기도 시흥시청,20260224
정왕본동N217,1,,,,,2019,,031-310-3144,경기도 시흥시청,20260224
대야동19016,1,,,,,2019,,031-310-3144,경기도 시흥시청,20260224
정왕본동19U111,1,,,,,2019,,031-310-3144,경기도 시흥시청,20260224
정왕본동19U112,1,,,,,2019,,031-310-3144,경기도 시흥시청,20260224
정왕본동19U114,1,,,,,2019,,031-310-3144,경기도 시흥시청,20260224
정왕본동19U115,1,,,,,2019,,031-310-3144,경기도 시흥시청,20260224
정왕본동19U116,1,,,,,2019,,031-310-3144,경기도 시흥시청,20260224
정왕본동19U118,1,,,,,2019,,031-310-3144,경기도 시흥시청,20260224
정왕본동19U119,1,,,,,2019,,031-310-3144,경기도 시흥시청,20260224
정왕본동19U120,1,,,,,2019,,031-310-3144,경기도 시흥시청,20260224
정왕본동19U121,1,,,,,2019,,031-310-3144,경기도 시흥시청,20260224
정왕본동19U122,1,,,,,2019,,031-310-3144,경기도 시흥시청,20260224
정왕본동19U123,1,,,,,2019,,031-310-3144,경기도 시흥시청,20260224
정왕본동19U124,1,,,,,2019,,031-310-3144,경기도 시흥시청,20260224
정왕본동19U125,1,,,,,2019,,031-310-3144,경기도 시흥시청,20260224
정왕본동19U126,1,,,,,2019,,031-310-3144,경기도 시흥시청,20260224
정왕본동19U127,1,,,,,2019,,031-310-3144,경기도 시흥시청,20260224
정왕본동19U129,1,,,,,2019,,031-310-3144,경기도 시흥시청,20260224
정왕본동19U130,1,,,,,2019,,031-310-3144,경기도 시흥시청,20260224
정왕본동19U131,1,,,,,2019,,031-310-3144,경기도 시흥시청,20260224
정왕본동19U132,1,,,,,2019,,031-310-3144,경기도 시흥시청,20260224
정왕본동19U133,1,,,,,2019,,031-310-3144,경기도 시흥시청,20260224
정왕본동19U134,1,,,,,2019,,031-310-3144,경기도 시흥시청,20260224
정왕본동19U135,1,,,,,2019,,031-310-3144,경기도 시흥시청,20260224
정왕본동19U136,1,,,,,2019,,031-310-3144,경기도 시흥시청,20260224
정왕본동19U137,1,,,,,2019,,031-310-3144,경기도 시흥시청,20260224
정왕본동19U138,1,,,,,2019,,031-310-3144,경기도 시흥시청,20260224
정왕본동19U140,1,,,,,2019,,031-310-3144,경기도 시흥시청,20260224
정왕본동19U141,1,,,,,2019,,031-310-3144,경기도 시흥시청,20260224
정왕본동19U142,1,,,,,2019,,031-310-3144,경기도 시흥시청,20260224
정왕본동19U143,1,,,,,2019,,031-310-3144,경기도 시흥시청,20260224
정왕본동19U144,1,,,,,2019,,031-310-3144,경기도 시흥시청,20260224
정왕본동19U145,1,,,,,2019,,031-310-3144,경기도 시흥시청,20260224
정왕본동19U146,1,,,,,2019,,031-310-3144,경기도 시흥시청,20260224
정왕본동19U147,1,,,,,2019,,031-310-3144,경기도 시흥시청,20260224
정왕본동19U055,1,,,,,2019,,031-310-3144,경기도 시흥시청,20260224
정왕본동19U056,1,,,,,2019,,031-310-3144,경기도 시흥시청,20260224
정왕본동19U057,1,,,,,2019,,031-310-3144,경기도 시흥시청,20260224
정왕본동19U058,1,,,,,2019,,031-310-3144,경기도 시흥시청,20260224
정왕본동19U059,1,,,,,2019,,031-310-3144,경기도 시흥시청,20260224
정왕본동19U063,1,,,,,2019,,031-310-3144,경기도 시흥시청,20260224
정왕본동19U064,1,,,,,2019,,031-310-3144,경기도 시흥시청,20260224
정왕본동19U065,1,,,,,2019,,031-310-3144,경기도 시흥시청,20260224
정왕본동19U066,1,,,,,2019,,031-310-3144,경기도 시흥시청,20260224
정왕본동19U067,1,,,,,2019,,031-310-3144,경기도 시흥시청,20260224
정왕본동19U102,1,,,,,2019,,031-310-3144,경기도 시흥시청,20260224
정왕본동19U117,1,,,,,2019,,031-310-3144,경기도 시흥시청,20260224
신천동19S049,1,,,,,2019,,031-310-3144,경기도 시흥시청,20260224
신천동19S048,1,,,,,2019,,031-310-3144,경기도 시흥시청,20260224
정왕본동19U061,1,,,,,2019,,031-310-3144,경기도 시흥시청,20260224
정왕본동19U060,1,,,,,2019,,031-310-3144,경기도 시흥시청,20260224
과림동 N176,1,,,,,2019,,031-310-3144,경기도 시흥시청,20260224
대야동 19004,1,,,,,2019,,031-310-3144,경기도 시흥시청,20260224
신천동19011,1,,,,,2019,,031-310-3144,경기도 시흥시청,20260224
신천동19S073,1,,,,,2019,,031-310-3144,경기도 시흥시청,20260224
신천동19S074,1,,,,,2019,,031-310-3144,경기도 시흥시청,20260224
신천동19S075,1,,,,,2019,,031-310-3144,경기도 시흥시청,20260224
신천동19S076,1,,,,,2019,,031-310-3144,경기도 시흥시청,20260224
대야동886,1,,,,,2019,,031-310-3144,경기도 시흥시청,20260224
신천동19S080,1,,,,,2019,,031-310-3144,경기도 시흥시청,20260224
신천동19S179,1,,,,,2019,,031-310-3144,경기도 시흥시청,20260224
신천동19S201[표찰X],1,,,,,2019,,031-310-3144,경기도 시흥시청,20260224
신천동19S202,1,,,,,2019,,031-310-3144,경기도 시흥시청,20260224
신천동19S200,1,,,,,2019,,031-310-3144,경기도 시흥시청,20260224
신천동19S199[표찰X],1,,,,,2019,,031-310-3144,경기도 시흥시청,20260224
신천동19S198,1,,,,,2019,,031-310-3144,경기도 시흥시청,20260224
신천동19S059,1,,,,,2019,,031-310-3144,경기도 시흥시청,20260224
신천동19S060,1,,,,,2019,,031-310-3144,경기도 시흥시청,20260224
신천동19S174,1,,,,,2019,,031-310-3144,경기도 시흥시청,20260224
신천동19S175,1,,,,,2019,,031-310-3144,경기도 시흥시청,20260224
신천동19S178-1,1,,,,,2019,,031-310-3144,경기도 시흥시청,20260224
신천동19S178,1,,,,,2019,,031-310-3144,경기도 시흥시청,20260224
신천동19S079,1,,,,,2019,,031-310-3144,경기도 시흥시청,20260224
신천동19S078,1,,,,,2019,,031-310-3144,경기도 시흥시청,20260224
신천동19S068,1,,,,,2019,,031-310-3144,경기도 시흥시청,20260224
신천동19S065,1,,,,,2019,,031-310-3144,경기도 시흥시청,20260224
신천동19S069,1,,,,,2019,,031-310-3144,경기도 시흥시청,20260224
신천동19S058,1,,,,,2019,,031-310-3144,경기도 시흥시청,20260224
신천동19S064,1,,,,,2019,,031-310-3144,경기도 시흥시청,20260224
신천동19S067,1,,,,,2019,,031-310-3144,경기도 시흥시청,20260224
신천동19S057,1,,,,,2019,,031-310-3144,경기도 시흥시청,20260224
신천동19S055,1,,,,,2019,,031-310-3144,경기도 시흥시청,20260224
신천동19S063,1,,,,,2019,,031-310-3144,경기도 시흥시청,20260224
신천동19S066,1,,,,,2019,,031-310-3144,경기도 시흥시청,20260224
과림동N181,1,,,,,2019,,031-310-3144,경기도 시흥시청,20260224
군자동19008,1,,,,,2019,,031-310-3144,경기도 시흥시청,20260224
정왕본동19U086,1,,,,,2019,,031-310-3144,경기도 시흥시청,20260224
정왕본동19U087,1,,,,,2019,,031-310-3144,경기도 시흥시청,20260224
정왕본동19U090,1,,,,,2019,,031-310-3144,경기도 시흥시청,20260224
정왕본동19U091,1,,,,,2019,,031-310-3144,경기도 시흥시청,20260224
정왕본동19U093,1,,,,,2019,,031-310-3144,경기도 시흥시청,20260224
정왕본동19U094,1,,,,,2019,,031-310-3144,경기도 시흥시청,20260224
정왕본동19U095,1,,,,,2019,,031-310-3144,경기도 시흥시청,20260224
정왕본동19U096,1,,,,,2019,,031-310-3144,경기도 시흥시청,20260224
정왕본동19U097,1,,,,,2019,,031-310-3144,경기도 시흥시청,20260224
정왕본동19U098,1,,,,,2019,,031-310-3144,경기도 시흥시청,20260224
정왕본동19U099,1,,,,,2019,,031-310-3144,경기도 시흥시청,20260224
정왕본동19U100,1,,,,,2019,,031-310-3144,경기도 시흥시청,20260224
정왕본동19U101,1,,,,,2019,,031-310-3144,경기도 시흥시청,20260224
정왕본동19U103[램프 안정기이상],1,,,,,2019,,031-310-3144,경기도 시흥시청,20260224
정왕본동19U104,1,,,,,2019,,031-310-3144,경기도 시흥시청,20260224
정왕본동19U105,1,,,,,2019,,031-310-3144,경기도 시흥시청,20260224
정왕본동19U106,1,,,,,2019,,031-310-3144,경기도 시흥시청,20260224
정왕본동19U107,1,,,,,2019,,031-310-3144,경기도 시흥시청,20260224
정왕본동19U108,1,,,,,2019,,031-310-3144,경기도 시흥시청,20260224
정왕본동19U109,1,,,,,2019,,031-310-3144,경기도 시흥시청,20260224
정왕본동19U110,1,,,,,2019,,031-310-3144,경기도 시흥시청,20260224
정왕본동19U025,1,,,,,2019,,031-310-3144,경기도 시흥시청,20260224
정왕본동19U026,1,,,,,2019,,031-310-3144,경기도 시흥시청,20260224
정왕본동19U028,1,,,,,2019,,031-310-3144,경기도 시흥시청,20260224
정왕본동19U029,1,,,,,2019,,031-310-3144,경기도 시흥시청,20260224
정왕본동19U030,1,,,,,2019,,031-310-3144,경기도 시흥시청,20260224
정왕본동19U031,1,,,,,2019,,031-310-3144,경기도 시흥시청,20260224
정왕본동19U032,1,,,,,2019,,031-310-3144,경기도 시흥시청,20260224
정왕본동19U033,1,,,,,2019,,031-310-3144,경기도 시흥시청,20260224
정왕본동19U034,1,,,,,2019,,031-310-3144,경기도 시흥시청,20260224
정왕본동19U035,1,,,,,2019,,031-310-3144,경기도 시흥시청,20260224
정왕본동19U036,1,,,,,2019,,031-310-3144,경기도 시흥시청,20260224
정왕본동19U037,1,,,,,2019,,031-310-3144,경기도 시흥시청,20260224
정왕본동19U038,1,,,,,2019,,031-310-3144,경기도 시흥시청,20260224
정왕본동19U039,1,,,,,2019,,031-310-3144,경기도 시흥시청,20260224
정왕본동19U040,1,,,,,2019,,031-310-3144,경기도 시흥시청,20260224
정왕본동19U041,1,,,,,2019,,031-310-3144,경기도 시흥시청,20260224
정왕본동19U042,1,,,,,2019,,031-310-3144,경기도 시흥시청,20260224
정왕본동19U043,1,,,,,2019,,031-310-3144,경기도 시흥시청,20260224
정왕본동19U044,1,,,,,2019,,031-310-3144,경기도 시흥시청,20260224
정왕본동19U062,1,,,,,2019,,031-310-3144,경기도 시흥시청,20260224
정왕본동19U045,1,,,,,2019,,031-310-3144,경기도 시흥시청,20260224
정왕본동19U046,1,,,,,2019,,031-310-3144,경기도 시흥시청,20260224
정왕본동19U047,1,,,,,2019,,031-310-3144,경기도 시흥시청,20260224
정왕본동19U048,1,,,,,2019,,031-310-3144,경기도 시흥시청,20260224
정왕본동19U049,1,,,,,2019,,031-310-3144,경기도 시흥시청,20260224
정왕본동19U050,1,,,,,2019,,031-310-3144,경기도 시흥시청,20260224
정왕본동19U051,1,,,,,2019,,031-310-3144,경기도 시흥시청,20260224
정왕본동19U052,1,,,,,2019,,031-310-3144,경기도 시흥시청,20260224
정왕본동19U053,1,,,,,2019,,031-310-3144,경기도 시흥시청,20260224
정왕본동19U054,1,,,,,2019,,031-310-3144,경기도 시흥시청,20260224
정왕본동19U008,1,,,,,2019,,031-310-3144,경기도 시흥시청,20260224
정왕본동19U027,1,,,,,2019,,031-310-3144,경기도 시흥시청,20260224
정왕본동19U128,1,,,,,2019,,031-310-3144,경기도 시흥시청,20260224
과림동 N175,1,,,,,2019,,031-310-3144,경기도 시흥시청,20260224
과림동19012,1,,,,,2019,,031-310-3144,경기도 시흥시청,20260224
과림동19013,1,,,,,2019,,031-310-3144,경기도 시흥시청,20260224
대야동 19011,1,,,,,2019,,031-310-3144,경기도 시흥시청,20260224
대야동 N185,1,,,,,2019,,031-310-3144,경기도 시흥시청,20260224
신현동 N082,1,,,,,2019,,031-310-3144,경기도 시흥시청,20260224
군자동N160,1,,,,,2019,,031-310-3144,경기도 시흥시청,20260224
월곶동N082,1,,,,,2019,,031-310-3144,경기도 시흥시청,20260224
과림동N174,1,,,,,2019,,031-310-3144,경기도 시흥시청,20260224
군자동N159,1,,,,,2019,,031-310-3144,경기도 시흥시청,20260224
목감동N121,1,,,,,2019,,031-310-3144,경기도 시흥시청,20260224
목감동N120,1,,,,,2019,,031-310-3144,경기도 시흥시청,20260224
목감동N119,1,,,,,2019,,031-310-3144,경기도 시흥시청,20260224
군자동N155,1,,,,,2019,,031-310-3144,경기도 시흥시청,20260224
군자동N156,1,,,,,2019,,031-310-3144,경기도 시흥시청,20260224
군자동N157,1,,,,,2019,,031-310-3144,경기도 시흥시청,20260224
군자동N158,1,,,,,2019,,031-310-3144,경기도 시흥시청,20260224
대야동 19S071,1,,,,,2019,,031-310-3144,경기도 시흥시청,20260224
대야동19S363_,1,,,,,2019,,031-310-3144,경기도 시흥시청,20260224
대야동19S167,1,,,,,2019,,031-310-3144,경기도 시흥시청,20260224
N081,1,,,,,2019,,031-310-3144,경기도 시흥시청,20260224
목감동N118,1,,,,,2019,,031-310-3144,경기도 시흥시청,20260224
목감동N117,1,,,,,2019,,031-310-3144,경기도 시흥시청,20260224
신현동 19S017,1,,,,,2019,,031-310-3144,경기도 시흥시청,20260224
월곶동19008,1,,,,,2019,,031-310-3144,경기도 시흥시청,20260224
정왕본동N214,1,,,,,2019,,031-310-3144,경기도 시흥시청,20260224
정왕본동N203,1,,,,,2019,,031-310-3144,경기도 시흥시청,20260224
정왕본동20U247,1,,,,,2019,,031-310-3144,경기도 시흥시청,20260224
목감동19007,1,,,,,2019,,031-310-3144,경기도 시흥시청,20260224
목감동N116,1,,,,,2019,,031-310-3144,경기도 시흥시청,20260224
정왕본동19U068,1,,,,,2019,,031-310-3144,경기도 시흥시청,20260224
정왕본동19U069,1,,,,,2019,,031-310-3144,경기도 시흥시청,20260224
정왕본동19U070,1,,,,,2019,,031-310-3144,경기도 시흥시청,20260224
정왕본동19U071,1,,,,,2019,,031-310-3144,경기도 시흥시청,20260224
정왕본동19U072,1,,,,,2019,,031-310-3144,경기도 시흥시청,20260224
정왕본동19U073,1,,,,,2019,,031-310-3144,경기도 시흥시청,20260224
정왕본동19U074,1,,,,,2019,,031-310-3144,경기도 시흥시청,20260224
정왕본동19U075,1,,,,,2019,,031-310-3144,경기도 시흥시청,20260224
정왕본동19U076,1,,,,,2019,,031-310-3144,경기도 시흥시청,20260224
정왕본동19U077,1,,,,,2019,,031-310-3144,경기도 시흥시청,20260224
정왕본동19U078,1,,,,,2019,,031-310-3144,경기도 시흥시청,20260224
정왕본동19U079,1,,,,,2019,,031-310-3144,경기도 시흥시청,20260224
정왕본동19U080,1,,,,,2019,,031-310-3144,경기도 시흥시청,20260224
정왕본동19U081,1,,,,,2019,,031-310-3144,경기도 시흥시청,20260224
정왕본동19U082,1,,,,,2019,,031-310-3144,경기도 시흥시청,20260224
정왕본동19U083,1,,,,,2019,,031-310-3144,경기도 시흥시청,20260224
정왕본동19U084,1,,,,,2019,,031-310-3144,경기도 시흥시청,20260224
정왕본동19U085,1,,,,,2019,,031-310-3144,경기도 시흥시청,20260224
신천동19S767,1,,,,,2019,,031-310-3144,경기도 시흥시청,20260224
신천동19S768,1,,,,,2019,,031-310-3144,경기도 시흥시청,20260224
신천동19S770,1,,,,,2019,,031-310-3144,경기도 시흥시청,20260224
신천동19S769,1,,,,,2019,,031-310-3144,경기도 시흥시청,20260224
신천동19S773,1,,,,,2019,,031-310-3144,경기도 시흥시청,20260224
신천동19S771,1,,,,,2019,,031-310-3144,경기도 시흥시청,20260224
신천동19S773_,1,,,,,2019,,031-310-3144,경기도 시흥시청,20260224
신천동19S766,1,,,,,2019,,031-310-3144,경기도 시흥시청,20260224
신천동19S685_,1,,,,,2019,,031-310-3144,경기도 시흥시청,20260224
정왕본동N201,1,,,,,2019,,031-310-3144,경기도 시흥시청,20260224
대야동 N179,1,,,,,2019,,031-310-3144,경기도 시흥시청,20260224
대야동 N180,1,,,,,2019,,031-310-3144,경기도 시흥시청,20260224
대야동 N181,1,,,,,2019,,031-310-3144,경기도 시흥시청,20260224
대야동 N182,1,,,,,2019,,031-310-3144,경기도 시흥시청,20260224
신천동19010,1,,,,,2019,,031-310-3144,경기도 시흥시청,20260224
신현동 N191,1,,,,,2019,,031-310-3144,경기도 시흥시청,20260224
정왕본동21U069,1,,,,,2019,,031-310-3144,경기도 시흥시청,20260224
과림동N172(과림116),1,,,,,2019,,031-310-3144,경기도 시흥시청,20260224
매화동N076,1,,,,,2019,,031-310-3144,경기도 시흥시청,20260224
대야동19S346,1,,,,,2019,,031-310-3144,경기도 시흥시청,20260224
월곶동N081,1,,,,,2019,,031-310-3144,경기도 시흥시청,20260224
정왕본동21U060,1,,,,,2019,,031-310-3144,경기도 시흥시청,20260224
대야동 N183,1,,,,,2019,,031-310-3144,경기도 시흥시청,20260224
매화동19S166,1,,,,,2019,,031-310-3144,경기도 시흥시청,20260224
신현동19012,1,,,,,2019,,031-310-3144,경기도 시흥시청,20260224
신현동19013,1,,,,,2019,,031-310-3144,경기도 시흥시청,20260224
신현동19S452,1,,,,,2019,,031-310-3144,경기도 시흥시청,20260224
목감동19S089,1,,,,,2019,,031-310-3144,경기도 시흥시청,20260224
군자동N154,1,,,,,2019,,031-310-3144,경기도 시흥시청,20260224
정왕1동N075,1,,,,,2019,,031-310-3144,경기도 시흥시청,20260224
신천동19S489,1,,,,,2019,,031-310-3144,경기도 시흥시청,20260224
신천동19S524,1,,,,,2019,,031-310-3144,경기도 시흥시청,20260224
신천동19S540,1,,,,,2019,,031-310-3144,경기도 시흥시청,20260224
신천동19S581,1,,,,,2019,,031-310-3144,경기도 시흥시청,20260224
신천동19S600,1,,,,,2019,,031-310-3144,경기도 시흥시청,20260224
신천동19S609,1,,,,,2019,,031-310-3144,경기도 시흥시청,20260224
신천동19S614,1,,,,,2019,,031-310-3144,경기도 시흥시청,20260224
신천동19S636,1,,,,,2019,,031-310-3144,경기도 시흥시청,20260224
신천동19S677,1,,,,,2019,,031-310-3144,경기도 시흥시청,20260224
신천동19S685,1,,,,,2019,,031-310-3144,경기도 시흥시청,20260224
신천동19S686,1,,,,,2019,,031-310-3144,경기도 시흥시청,20260224
신천동19S691,1,,,,,2019,,031-310-3144,경기도 시흥시청,20260224
신천동19S742,1,,,,,2019,,031-310-3144,경기도 시흥시청,20260224
정왕본동19U157,1,,,,,2019,,031-310-3144,경기도 시흥시청,20260224
정왕본동19U158,1,,,,,2019,,031-310-3144,경기도 시흥시청,20260224
정왕본동19U159,1,,,,,2019,,031-310-3144,경기도 시흥시청,20260224
정왕본동19U160,1,,,,,2019,,031-310-3144,경기도 시흥시청,20260224
정왕본동19U161,1,,,,,2019,,031-310-3144,경기도 시흥시청,20260224
정왕본동19U113,1,,,,,2019,,031-310-3144,경기도 시흥시청,20260224
정왕본동19U089,1,,,,,2019,,031-310-3144,경기도 시흥시청,20260224
목감동19S510,1,,,,,2019,,031-310-3144,경기도 시흥시청,20260224
목감동19S514,1,,,,,2019,,031-310-3144,경기도 시흥시청,20260224
목감동19S515,1,,,,,2019,,031-310-3144,경기도 시흥시청,20260224
목감동19S516,1,,,,,2019,,031-310-3144,경기도 시흥시청,20260224
목감동19S518,1,,,,,2019,,031-310-3144,경기도 시흥시청,20260224
신현동19S211,1,,,,,2019,,031-310-3144,경기도 시흥시청,20260224
정왕본동N193,1,,,,,2019,,031-310-3144,경기도 시흥시청,20260224
목감동19S323,1,,,,,2019,,031-310-3144,경기도 시흥시청,20260224
정왕3동N098,1,,,,,2019,,031-310-3144,경기도 시흥시청,20260224
정왕3동N097,1,,,,,2019,,031-310-3144,경기도 시흥시청,20260224
매화동19S259,1,,,,,2019,,031-310-3144,경기도 시흥시청,20260224
신현동19011,1,,,,,2019,,031-310-3144,경기도 시흥시청,20260224
매화동22015,1,,,,,2019,,031-310-3144,경기도 시흥시청,20260224
매화동N075,1,,,,,2019,,031-310-3144,경기도 시흥시청,20260224
신천동19S322,1,,,,,2019,,031-310-3144,경기도 시흥시청,20260224
신천동19S372,1,,,,,2019,,031-310-3144,경기도 시흥시청,20260224
대야동19S360,1,,,,,2019,,031-310-3144,경기도 시흥시청,20260224
신천동19S053,1,,,,,2019,,031-310-3144,경기도 시흥시청,20260224
신천동19S062,1,,,,,2019,,031-310-3144,경기도 시흥시청,20260224
신천동19S181,1,,,,,2019,,031-310-3144,경기도 시흥시청,20260224
신천동19S204,1,,,,,2019,,031-310-3144,경기도 시흥시청,20260224
신천동19S207,1,,,,,2019,,031-310-3144,경기도 시흥시청,20260224
신천동19S216,1,,,,,2019,,031-310-3144,경기도 시흥시청,20260224
신천동19S258,1,,,,,2019,,031-310-3144,경기도 시흥시청,20260224
신천동19S264,1,,,,,2019,,031-310-3144,경기도 시흥시청,20260224
신천동19S266,1,,,,,2019,,031-310-3144,경기도 시흥시청,20260224
신천동19S273,1,,,,,2019,,031-310-3144,경기도 시흥시청,20260224
표찰무-02,1,,,,,2019,,031-310-3144,경기도 시흥시청,20260224
신천동19S315,1,,,,,2019,,031-310-3144,경기도 시흥시청,20260224
정왕본동20U210,1,,,,,2019,,031-310-3144,경기도 시흥시청,20260224
정왕본동20U249,1,,,,,2019,,031-310-3144,경기도 시흥시청,20260224
정왕본동20U250,1,,,,,2019,,031-310-3144,경기도 시흥시청,20260224
정왕본동20U251,1,,,,,2019,,031-310-3144,경기도 시흥시청,20260224
대야동19S032,1,,,,,2019,,031-310-3144,경기도 시흥시청,20260224
능곡동N017,1,,,,,2019,,031-310-3144,경기도 시흥시청,20260224
능곡동N018,1,,,,,2019,,031-310-3144,경기도 시흥시청,20260224
은행동N054,1,,,,,2019,,031-310-3144,경기도 시흥시청,20260224
은행동N055,1,,,,,2019,,031-310-3144,경기도 시흥시청,20260224
은행동N056,1,,,,,2019,,031-310-3144,경기도 시흥시청,20260224
은행동N057,1,,,,,2019,,031-310-3144,경기도 시흥시청,20260224
대야동19S351,1,,,,,2019,,031-310-3144,경기도 시흥시청,20260224
은행동19S152,1,,,,,2019,,031-310-3144,경기도 시흥시청,20260224
은행동19S157,1,,,,,2019,,031-310-3144,경기도 시흥시청,20260224
은행동19S155,1,,,,,2019,,031-310-3144,경기도 시흥시청,20260224
은행동N053,1,,,,,2019,,031-310-3144,경기도 시흥시청,20260224
신천동19S759,1,,,,,2019,,031-310-3144,경기도 시흥시청,20260224
신천동19S760,1,,,,,2019,,031-310-3144,경기도 시흥시청,20260224
신천동19S761,1,,,,,2019,,031-310-3144,경기도 시흥시청,20260224
신천동19S762,1,,,,,2019,,031-310-3144,경기도 시흥시청,20260224
신천동19S764,1,,,,,2019,,031-310-3144,경기도 시흥시청,20260224
신천동19S763,1,,,,,2019,,031-310-3144,경기도 시흥시청,20260224
목감동19S517,1,,,,,2019,,031-310-3144,경기도 시흥시청,20260224
정왕1동N072,1,,,,,2019,,031-310-3144,경기도 시흥시청,20260224
과림동N169(과림155),1,,,,,2019,,031-310-3144,경기도 시흥시청,20260224
정왕3동N090,1,,,,,2019,,031-310-3144,경기도 시흥시청,20260224
정왕3동N091,1,,,,,2019,,031-310-3144,경기도 시흥시청,20260224
정왕3동N092,1,,,,,2019,,031-310-3144,경기도 시흥시청,20260224
정왕3동N093,1,,,,,2019,,031-310-3144,경기도 시흥시청,20260224
정왕3동N094,1,,,,,2019,,031-310-3144,경기도 시흥시청,20260224
정왕3동N095,1,,,,,2019,,031-310-3144,경기도 시흥시청,20260224
정왕3동N096,1,,,,,2019,,031-310-3144,경기도 시흥시청,20260224
대야동N173,1,,,,,2019,,031-310-3144,경기도 시흥시청,20260224
매화동19S009,1,,,,,2019,,031-310-3144,경기도 시흥시청,20260224
신현동N200,1,,,,,2019,,031-310-3144,경기도 시흥시청,20260224
장곡동24041,1,,,,,2019,,031-310-3144,경기도 시흥시청,20260224
신현동19006,1,,,,,2019,,031-310-3144,경기도 시흥시청,20260224
정왕3동N087,1,,,,,2019,,031-310-3144,경기도 시흥시청,20260224
정왕본동N204,1,,,,,2019,,031-310-3144,경기도 시흥시청,20260224
정왕본동20U248,1,,,,,2019,,031-310-3144,경기도 시흥시청,20260224
능곡동N016,1,,,,,2019,,031-310-3144,경기도 시흥시청,20260224
군자동N149,1,,,,,2019,,031-310-3144,경기도 시흥시청,20260224
군자동N150,1,,,,,2019,,031-310-3144,경기도 시흥시청,20260224
과림동N170,1,,,,,2019,,031-310-3144,경기도 시흥시청,20260224
군자동N144,1,,,,,2019,,031-310-3144,경기도 시흥시청,20260224
군자동N145,1,,,,,2019,,031-310-3144,경기도 시흥시청,20260224
군자동N146,1,,,,,2019,,031-310-3144,경기도 시흥시청,20260224
매화동19S115,1,,,,,2019,,031-310-3144,경기도 시흥시청,20260224
목감동19S526,1,,,,,2019,,031-310-3144,경기도 시흥시청,20260224
목감동19S527,1,,,,,2019,,031-310-3144,경기도 시흥시청,20260224
목감동19S528,1,,,,,2019,,031-310-3144,경기도 시흥시청,20260224
목감동19S529,1,,,,,2019,,031-310-3144,경기도 시흥시청,20260224
목감동19S547,1,,,,,2019,,031-310-3144,경기도 시흥시청,20260224
목감동19S548,1,,,,,2019,,031-310-3144,경기도 시흥시청,20260224
목감동19S550,1,,,,,2019,,031-310-3144,경기도 시흥시청,20260224
목감동19S551,1,,,,,2019,,031-310-3144,경기도 시흥시청,20260224
은행동N052,1,,,,,2019,,031-310-3144,경기도 시흥시청,20260224
은행동N059,1,,,,,2019,,031-310-3144,경기도 시흥시청,20260224
대야동 176,1,,,,,2019,,031-310-3144,경기도 시흥시청,20260224
신현동 19008,1,,,,,2019,,031-310-3144,경기도 시흥시청,20260224
신현동19007,1,,,,,2019,,031-310-3144,경기도 시흥시청,20260224
신현동19009,1,,,,,2019,,031-310-3144,경기도 시흥시청,20260224
연성동 N070,1,,,,,2019,,031-310-3144,경기도 시흥시청,20260224
목감동19S500,1,,,,,2019,,031-310-3144,경기도 시흥시청,20260224
목감동19S501,1,,,,,2019,,031-310-3144,경기도 시흥시청,20260224
목감동19S502,1,,,,,2019,,031-310-3144,경기도 시흥시청,20260224
목감동19S503,1,,,,,2019,,031-310-3144,경기도 시흥시청,20260224
목감동19S504,1,,,,,2019,,031-310-3144,경기도 시흥시청,20260224
목감동19S505,1,,,,,2019,,031-310-3144,경기도 시흥시청,20260224
목감동19S506,1,,,,,2019,,031-310-3144,경기도 시흥시청,20260224
목감동19S507,1,,,,,2019,,031-310-3144,경기도 시흥시청,20260224
목감동19S508,1,,,,,2019,,031-310-3144,경기도 시흥시청,20260224
목감동19S509,1,,,,,2019,,031-310-3144,경기도 시흥시청,20260224
정왕본동20U246,1,,,,,2019,,031-310-3144,경기도 시흥시청,20260224
정왕1동21U077,1,,,,,2019,,031-310-3144,경기도 시흥시청,20260224
정왕1동21U163,1,,,,,2019,,031-310-3144,경기도 시흥시청,20260224
정왕본동21U095,1,,,,,2019,,031-310-3144,경기도 시흥시청,20260224
군자동N143,1,,,,,2019,,031-310-3144,경기도 시흥시청,20260224
대야동19007,1,,,,,2019,,031-310-3144,경기도 시흥시청,20260224
신현동19S224,1,,,,,2019,,031-310-3144,경기도 시흥시청,20260224
신현동N196,1,,,,,2019,,031-310-3144,경기도 시흥시청,20260224
신현동N197,1,,,,,2019,,031-310-3144,경기도 시흥시청,20260224
은행동19003,1,,,,,2019,,031-310-3144,경기도 시흥시청,20260224
은행동N048,1,,,,,2019,,031-310-3144,경기도 시흥시청,20260224
정왕3동N080,1,,,,,2019,,031-310-3144,경기도 시흥시청,20260224
정왕본동N195[등주확인],1,,,,,2019,,031-310-3144,경기도 시흥시청,20260224
은행동N50,1,,,,,2019,,031-310-3144,경기도 시흥시청,20260224
정왕1동21U175,1,,,,,2019,,031-310-3144,경기도 시흥시청,20260224
대야동19S342,1,,,,,2019,,031-310-3144,경기도 시흥시청,20260224
대야동19S334,1,,,,,2019,,031-310-3144,경기도 시흥시청,20260224
대야동19S337,1,,,,,2019,,031-310-3144,경기도 시흥시청,20260224
대야동19S338,1,,,,,2019,,031-310-3144,경기도 시흥시청,20260224
대야동19S341,1,,,,,2019,,031-310-3144,경기도 시흥시청,20260224
대야동19S344,1,,,,,2019,,031-310-3144,경기도 시흥시청,20260224
대야동19S343,1,,,,,2019,,031-310-3144,경기도 시흥시청,20260224
대야동19S340,1,,,,,2019,,031-310-3144,경기도 시흥시청,20260224
대야동19S339,1,,,,,2019,,031-310-3144,경기도 시흥시청,20260224
대야동19S336,1,,,,,2019,,031-310-3144,경기도 시흥시청,20260224
목감동19S519,1,,,,,2019,,031-310-3144,경기도 시흥시청,20260224
목감동19S520,1,,,,,2019,,031-310-3144,경기도 시흥시청,20260224
목감동19S521,1,,,,,2019,,031-310-3144,경기도 시흥시청,20260224
목감동19S522,1,,,,,2019,,031-310-3144,경기도 시흥시청,20260224
목감동19S523,1,,,,,2019,,031-310-3144,경기도 시흥시청,20260224
목감동19S525,1,,,,,2019,,031-310-3144,경기도 시흥시청,20260224
목감동19S530,1,,,,,2019,,031-310-3144,경기도 시흥시청,20260224
목감동19S531,1,,,,,2019,,031-310-3144,경기도 시흥시청,20260224
목감동19S532,1,,,,,2019,,031-310-3144,경기도 시흥시청,20260224
목감동19S533,1,,,,,2019,,031-310-3144,경기도 시흥시청,20260224
목감동19S534,1,,,,,2019,,031-310-3144,경기도 시흥시청,20260224
목감동19S535,1,,,,,2019,,031-310-3144,경기도 시흥시청,20260224
목감동19S536,1,,,,,2019,,031-310-3144,경기도 시흥시청,20260224
목감동19S537,1,,,,,2019,,031-310-3144,경기도 시흥시청,20260224
목감동19S538,1,,,,,2019,,031-310-3144,경기도 시흥시청,20260224
목감동19S539,1,,,,,2019,,031-310-3144,경기도 시흥시청,20260224
목감동19S540,1,,,,,2019,,031-310-3144,경기도 시흥시청,20260224
목감동19S541,1,,,,,2019,,031-310-3144,경기도 시흥시청,20260224
목감동19S542,1,,,,,2019,,031-310-3144,경기도 시흥시청,20260224
목감동19S543,1,,,,,2019,,031-310-3144,경기도 시흥시청,20260224
목감동19S544,1,,,,,2019,,031-310-3144,경기도 시흥시청,20260224
목감동19S545,1,,,,,2019,,031-310-3144,경기도 시흥시청,20260224
신현동19S057,1,,,,,2019,,031-310-3144,경기도 시흥시청,20260224
정왕1동N073,1,,,,,2019,,031-310-3144,경기도 시흥시청,20260224
정왕1동N074,1,,,,,2019,,031-310-3144,경기도 시흥시청,20260224
대야동19S259,1,,,,,2019,,031-310-3144,경기도 시흥시청,20260224
대야동19S246,1,,,,,2019,,031-310-3144,경기도 시흥시청,20260224
대야동19S247,1,,,,,2019,,031-310-3144,경기도 시흥시청,20260224
대야동19S249,1,,,,,2019,,031-310-3144,경기도 시흥시청,20260224
대야동19S252,1,,,,,2019,,031-310-3144,경기도 시흥시청,20260224
대야동19S251,1,,,,,2019,,031-310-3144,경기도 시흥시청,20260224
대야동19S282,1,,,,,2019,,031-310-3144,경기도 시흥시청,20260224
대야동19S284,1,,,,,2019,,031-310-3144,경기도 시흥시청,20260224
대야동19S281,1,,,,,2019,,031-310-3144,경기도 시흥시청,20260224
대야동19S296[표찰무],1,,,,,2019,,031-310-3144,경기도 시흥시청,20260224
대야동19S257[표찰무],1,,,,,2019,,031-310-3144,경기도 시흥시청,20260224
대야동19S256,1,,,,,2019,,031-310-3144,경기도 시흥시청,20260224
대야동19S255,1,,,,,2019,,031-310-3144,경기도 시흥시청,20260224
대야동19S297,1,,,,,2019,,031-310-3144,경기도 시흥시청,20260224
대야동19S214,1,,,,,2019,,031-310-3144,경기도 시흥시청,20260224
대야동19S213,1,,,,,2019,,031-310-3144,경기도 시흥시청,20260224
대야동19S212,1,,,,,2019,,031-310-3144,경기도 시흥시청,20260224
대야동19S383,1,,,,,2019,,031-310-3144,경기도 시흥시청,20260224
대야동19S335,1,,,,,2019,,031-310-3144,경기도 시흥시청,20260224
대야동19S328,1,,,,,2019,,031-310-3144,경기도 시흥시청,20260224
대야동19S327,1,,,,,2019,,031-310-3144,경기도 시흥시청,20260224
대야동19S326,1,,,,,2019,,031-310-3144,경기도 시흥시청,20260224
대야동19S324,1,,,,,2019,,031-310-3144,경기도 시흥시청,20260224
대야동19S322,1,,,,,2019,,031-310-3144,경기도 시흥시청,20260224
대야동19S320,1,,,,,2019,,031-310-3144,경기도 시흥시청,20260224
대야동19S321,1,,,,,2019,,031-310-3144,경기도 시흥시청,20260224
대야동19S286,1,,,,,2019,,031-310-3144,경기도 시흥시청,20260224
대야동19S319,1,,,,,2019,,031-310-3144,경기도 시흥시청,20260224
대야동19S315,1,,,,,2019,,031-310-3144,경기도 시흥시청,20260224
대야동19S288,1,,,,,2019,,031-310-3144,경기도 시흥시청,20260224
대야동19S314,1,,,,,2019,,031-310-3144,경기도 시흥시청,20260224
대야동19S287,1,,,,,2019,,031-310-3144,경기도 시흥시청,20260224
대야동19S253,1,,,,,2019,,031-310-3144,경기도 시흥시청,20260224
대야동19S298,1,,,,,2019,,031-310-3144,경기도 시흥시청,20260224
대야동19S254,1,,,,,2019,,031-310-3144,경기도 시흥시청,20260224
정왕3동N088,1,,,,,2019,,031-310-3144,경기도 시흥시청,20260224
정왕3동N089,1,,,,,2019,,031-310-3144,경기도 시흥시청,20260224
과림동N163(과림401),1,,,,,2019,,031-310-3144,경기도 시흥시청,20260224
과림동N165,1,,,,,2019,,031-310-3144,경기도 시흥시청,20260224
과림동N166,1,,,,,2019,,031-310-3144,경기도 시흥시청,20260224
과림동N167,1,,,,,2019,,031-310-3144,경기도 시흥시청,20260224
월곶동N076,1,,,,,2019,,031-310-3144,경기도 시흥시청,20260224
월곶동N077,1,,,,,2019,,031-310-3144,경기도 시흥시청,20260224
정왕3동N081,1,,,,,2019,,031-310-3144,경기도 시흥시청,20260224
정왕3동N082,1,,,,,2019,,031-310-3144,경기도 시흥시청,20260224
정왕3동N083,1,,,,,2019,,031-310-3144,경기도 시흥시청,20260224
정왕3동N084,1,,,,,2019,,031-310-3144,경기도 시흥시청,20260224
정왕3동N085,1,,,,,2019,,031-310-3144,경기도 시흥시청,20260224
정왕3동N086,1,,,,,2019,,031-310-3144,경기도 시흥시청,20260224
정왕본동N196,1,,,,,2019,,031-310-3144,경기도 시흥시청,20260224
정왕본동N197,1,,,,,2019,,031-310-3144,경기도 시흥시청,20260224
대야동19S269,1,,,,,2019,,031-310-3144,경기도 시흥시청,20260224
대야동19S197,1,,,,,2019,,031-310-3144,경기도 시흥시청,20260224
대야동19S384[표찰무],1,,,,,2019,,031-310-3144,경기도 시흥시청,20260224
대야동19S211,1,,,,,2019,,031-310-3144,경기도 시흥시청,20260224
대야동19S273,1,,,,,2019,,031-310-3144,경기도 시흥시청,20260224
대야동19S275,1,,,,,2019,,031-310-3144,경기도 시흥시청,20260224
대야동19S276,1,,,,,2019,,031-310-3144,경기도 시흥시청,20260224
대야동19S277,1,,,,,2019,,031-310-3144,경기도 시흥시청,20260224
대야동19S186,1,,,,,2019,,031-310-3144,경기도 시흥시청,20260224
대야동19S185,1,,,,,2019,,031-310-3144,경기도 시흥시청,20260224
대야동19S184,1,,,,,2019,,031-310-3144,경기도 시흥시청,20260224
대야동19S172,1,,,,,2019,,031-310-3144,경기도 시흥시청,20260224
대야동19S171,1,,,,,2019,,031-310-3144,경기도 시흥시청,20260224
대야동19S174,1,,,,,2019,,031-310-3144,경기도 시흥시청,20260224
대야동19S241,1,,,,,2019,,031-310-3144,경기도 시흥시청,20260224
대야동19S175,1,,,,,2019,,031-310-3144,경기도 시흥시청,20260224
대야동19S240,1,,,,,2019,,031-310-3144,경기도 시흥시청,20260224
대야동19S190,1,,,,,2019,,031-310-3144,경기도 시흥시청,20260224
대야동19S189,1,,,,,2019,,031-310-3144,경기도 시흥시청,20260224
대야동19S188,1,,,,,2019,,031-310-3144,경기도 시흥시청,20260224
대야동19S210,1,,,,,2019,,031-310-3144,경기도 시흥시청,20260224
대야동19S198,1,,,,,2019,,031-310-3144,경기도 시흥시청,20260224
대야동19S201,1,,,,,2019,,031-310-3144,경기도 시흥시청,20260224
대야동19S199,1,,,,,2019,,031-310-3144,경기도 시흥시청,20260224
대야동19S292,1,,,,,2019,,031-310-3144,경기도 시흥시청,20260224
대야동19S217,1,,,,,2019,,031-310-3144,경기도 시흥시청,20260224
대야동19S219,1,,,,,2019,,031-310-3144,경기도 시흥시청,20260224
대야동19S223,1,,,,,2019,,031-310-3144,경기도 시흥시청,20260224
대야동19S381,1,,,,,2019,,031-310-3144,경기도 시흥시청,20260224
대야동19S380,1,,,,,2019,,031-310-3144,경기도 시흥시청,20260224
대야동19S177,1,,,,,2019,,031-310-3144,경기도 시흥시청,20260224
대야동19S178,1,,,,,2019,,031-310-3144,경기도 시흥시청,20260224
대야동19S179,1,,,,,2019,,031-310-3144,경기도 시흥시청,20260224
대야동19S180,1,,,,,2019,,031-310-3144,경기도 시흥시청,20260224
대야동19S182,1,,,,,2019,,031-310-3144,경기도 시흥시청,20260224
대야동19S183,1,,,,,2019,,031-310-3144,경기도 시흥시청,20260224
대야동19S193,1,,,,,2019,,031-310-3144,경기도 시흥시청,20260224
대야동19S204,1,,,,,2019,,031-310-3144,경기도 시흥시청,20260224
대야동19S205,1,,,,,2019,,031-310-3144,경기도 시흥시청,20260224
대야동19S202,1,,,,,2019,,031-310-3144,경기도 시흥시청,20260224
대야동19S203,1,,,,,2019,,031-310-3144,경기도 시흥시청,20260224
대야동19S207,1,,,,,2019,,031-310-3144,경기도 시흥시청,20260224
대야동19S245,1,,,,,2019,,031-310-3144,경기도 시흥시청,20260224
대야동19S224,1,,,,,2019,,031-310-3144,경기도 시흥시청,20260224
대야동19S221,1,,,,,2019,,031-310-3144,경기도 시흥시청,20260224
대야동19S220,1,,,,,2019,,031-310-3144,경기도 시흥시청,20260224
대야동19S218,1,,,,,2019,,031-310-3144,경기도 시흥시청,20260224
대야동19S299,1,,,,,2019,,031-310-3144,경기도 시흥시청,20260224
대야동19S290,1,,,,,2019,,031-310-3144,경기도 시흥시청,20260224
대야동19S260,1,,,,,2019,,031-310-3144,경기도 시흥시청,20260224
대야동19S038,1,,,,,2019,,031-310-3144,경기도 시흥시청,20260224
대야동19S039,1,,,,,2019,,031-310-3144,경기도 시흥시청,20260224
대야동19S040,1,,,,,2019,,031-310-3144,경기도 시흥시청,20260224
대야동19S041,1,,,,,2019,,031-310-3144,경기도 시흥시청,20260224
대야동19S067,1,,,,,2019,,031-310-3144,경기도 시흥시청,20260224
대야동19S066,1,,,,,2019,,031-310-3144,경기도 시흥시청,20260224
대야동19S043,1,,,,,2019,,031-310-3144,경기도 시흥시청,20260224
대야동19S044,1,,,,,2019,,031-310-3144,경기도 시흥시청,20260224
대야동19S009,1,,,,,2019,,031-310-3144,경기도 시흥시청,20260224
대야동19S010,1,,,,,2019,,031-310-3144,경기도 시흥시청,20260224
대야동19S011,1,,,,,2019,,031-310-3144,경기도 시흥시청,20260224
대야동19S012,1,,,,,2019,,031-310-3144,경기도 시흥시청,20260224
대야동19S013,1,,,,,2019,,031-310-3144,경기도 시흥시청,20260224
대야동19S014,1,,,,,2019,,031-310-3144,경기도 시흥시청,20260224
대야동19S015,1,,,,,2019,,031-310-3144,경기도 시흥시청,20260224
대야동19S026,1,,,,,2019,,031-310-3144,경기도 시흥시청,20260224
대야동19S264,1,,,,,2019,,031-310-3144,경기도 시흥시청,20260224
대야동19S228,1,,,,,2019,,031-310-3144,경기도 시흥시청,20260224
대야동19S270,1,,,,,2019,,031-310-3144,경기도 시흥시청,20260224
대야동19S237,1,,,,,2019,,031-310-3144,경기도 시흥시청,20260224
대야동19S271,1,,,,,2019,,031-310-3144,경기도 시흥시청,20260224
대야동19S238,1,,,,,2019,,031-310-3144,경기도 시흥시청,20260224
대야동19S239,1,,,,,2019,,031-310-3144,경기도 시흥시청,20260224
대야동19S231,1,,,,,2019,,031-310-3144,경기도 시흥시청,20260224
대야동19S233,1,,,,,2019,,031-310-3144,경기도 시흥시청,20260224
대야동19S176,1,,,,,2019,,031-310-3144,경기도 시흥시청,20260224
대야동19S235,1,,,,,2019,,031-310-3144,경기도 시흥시청,20260224
대야동19S234,1,,,,,2019,,031-310-3144,경기도 시흥시청,20260224
대야동19S001,1,,,,,2019,,031-310-3144,경기도 시흥시청,20260224
대야동19S003,1,,,,,2019,,031-310-3144,경기도 시흥시청,20260224
대야동19S310,1,,,,,2019,,031-310-3144,경기도 시흥시청,20260224
대야동19S029,1,,,,,2019,,031-310-3144,경기도 시흥시청,20260224
대야동19S311,1,,,,,2019,,031-310-3144,경기도 시흥시청,20260224
대야동19S028,1,,,,,2019,,031-310-3144,경기도 시흥시청,20260224
대야동19S027,1,,,,,2019,,031-310-3144,경기도 시흥시청,20260224
대야동19S019,1,,,,,2019,,031-310-3144,경기도 시흥시청,20260224
대야동19S020,1,,,,,2019,,031-310-3144,경기도 시흥시청,20260224
대야동19S304,1,,,,,2019,,031-310-3144,경기도 시흥시청,20260224
대야동19S023,1,,,,,2019,,031-310-3144,경기도 시흥시청,20260224
대야동19S306,1,,,,,2019,,031-310-3144,경기도 시흥시청,20260224
대야동19S021,1,,,,,2019,,031-310-3144,경기도 시흥시청,20260224
대야동19S307,1,,,,,2019,,031-310-3144,경기도 시흥시청,20260224
대야동19S308,1,,,,,2019,,031-310-3144,경기도 시흥시청,20260224
대야동19S017,1,,,,,2019,,031-310-3144,경기도 시흥시청,20260224
대야동19S018,1,,,,,2019,,031-310-3144,경기도 시흥시청,20260224
대야동19S016,1,,,,,2019,,031-310-3144,경기도 시흥시청,20260224
대야동19S008,1,,,,,2019,,031-310-3144,경기도 시흥시청,20260224
대야동19S302,1,,,,,2019,,031-310-3144,경기도 시흥시청,20260224
대야동19S385,1,,,,,2019,,031-310-3144,경기도 시흥시청,20260224
대야동19S265,1,,,,,2019,,031-310-3144,경기도 시흥시청,20260224
대야동19S196,1,,,,,2019,,031-310-3144,경기도 시흥시청,20260224
대야동19S165,1,,,,,2019,,031-310-3144,경기도 시흥시청,20260224
대야동19S077,1,,,,,2019,,031-310-3144,경기도 시흥시청,20260224
대야동19S164,1,,,,,2019,,031-310-3144,경기도 시흥시청,20260224
대야동19S163,1,,,,,2019,,031-310-3144,경기도 시흥시청,20260224
대야동19S088,1,,,,,2019,,031-310-3144,경기도 시흥시청,20260224
대야동19S087,1,,,,,2019,,031-310-3144,경기도 시흥시청,20260224
대야동19S086,1,,,,,2019,,031-310-3144,경기도 시흥시청,20260224
대야동19S085,1,,,,,2019,,031-310-3144,경기도 시흥시청,20260224
대야동19S083,1,,,,,2019,,031-310-3144,경기도 시흥시청,20260224
대야동19S082,1,,,,,2019,,031-310-3144,경기도 시흥시청,20260224
대야동19S081,1,,,,,2019,,031-310-3144,경기도 시흥시청,20260224
대야동19S080,1,,,,,2019,,031-310-3144,경기도 시흥시청,20260224
대야동19S095,1,,,,,2019,,031-310-3144,경기도 시흥시청,20260224
대야동19S094,1,,,,,2019,,031-310-3144,경기도 시흥시청,20260224
대야동19S093,1,,,,,2019,,031-310-3144,경기도 시흥시청,20260224
대야동19S091,1,,,,,2019,,031-310-3144,경기도 시흥시청,20260224
대야동19S089,1,,,,,2019,,031-310-3144,경기도 시흥시청,20260224
대야동19S113,1,,,,,2019,,031-310-3144,경기도 시흥시청,20260224
대야동19S115,1,,,,,2019,,031-310-3144,경기도 시흥시청,20260224
대야동19S116,1,,,,,2019,,031-310-3144,경기도 시흥시청,20260224
대야동19S117,1,,,,,2019,,031-310-3144,경기도 시흥시청,20260224
대야동19S045,1,,,,,2019,,031-310-3144,경기도 시흥시청,20260224
대야동19S046,1,,,,,2019,,031-310-3144,경기도 시흥시청,20260224
대야동19S048,1,,,,,2019,,031-310-3144,경기도 시흥시청,20260224
대야동19S050,1,,,,,2019,,031-310-3144,경기도 시흥시청,20260224
대야동19S051,1,,,,,2019,,031-310-3144,경기도 시흥시청,20260224
대야동19S062,1,,,,,2019,,031-310-3144,경기도 시흥시청,20260224
대야동19S063,1,,,,,2019,,031-310-3144,경기도 시흥시청,20260224
대야동19S053,1,,,,,2019,,031-310-3144,경기도 시흥시청,20260224
대야동19S054,1,,,,,2019,,031-310-3144,경기도 시흥시청,20260224
대야동19S056,1,,,,,2019,,031-310-3144,경기도 시흥시청,20260224
대야동19S057,1,,,,,2019,,031-310-3144,경기도 시흥시청,20260224
대야동19S058,1,,,,,2019,,031-310-3144,경기도 시흥시청,20260224
대야동19S060,1,,,,,2019,,031-310-3144,경기도 시흥시청,20260224
대야동19S061,1,,,,,2019,,031-310-3144,경기도 시흥시청,20260224
대야동19S110,1,,,,,2019,,031-310-3144,경기도 시흥시청,20260224
대야동19S102,1,,,,,2019,,031-310-3144,경기도 시흥시청,20260224
대야동19S104,1,,,,,2019,,031-310-3144,경기도 시흥시청,20260224
대야동19S097,1,,,,,2019,,031-310-3144,경기도 시흥시청,20260224
대야동19S096,1,,,,,2019,,031-310-3144,경기도 시흥시청,20260224
대야동19S049,1,,,,,2019,,031-310-3144,경기도 시흥시청,20260224
대야동19S262,1,,,,,2019,,031-310-3144,경기도 시흥시청,20260224
대야동19S170,1,,,,,2019,,031-310-3144,경기도 시흥시청,20260224
대야동19S078,1,,,,,2019,,031-310-3144,경기도 시흥시청,20260224
대야동19S007,1,,,,,2019,,031-310-3144,경기도 시흥시청,20260224
대야동19S349,1,,,,,2019,,031-310-3144,경기도 시흥시청,20260224
대야동19S263,1,,,,,2019,,031-310-3144,경기도 시흥시청,20260224
대야동19S033,1,,,,,2019,,031-310-3144,경기도 시흥시청,20260224
대야동19S037,1,,,,,2019,,031-310-3144,경기도 시흥시청,20260224
대야동19S035,1,,,,,2019,,031-310-3144,경기도 시흥시청,20260224
대야동19S034,1,,,,,2019,,031-310-3144,경기도 시흥시청,20260224
은행동19S085,1,,,,,2019,,031-310-3144,경기도 시흥시청,20260224
은행동19S045,1,,,,,2019,,031-310-3144,경기도 시흥시청,20260224
은행동19S054,1,,,,,2019,,031-310-3144,경기도 시흥시청,20260224
은행동19S055,1,,,,,2019,,031-310-3144,경기도 시흥시청,20260224
은행동19S056,1,,,,,2019,,031-310-3144,경기도 시흥시청,20260224
대야동19S400,1,,,,,2019,,031-310-3144,경기도 시흥시청,20260224
대야동19S168,1,,,,,2019,,031-310-3144,경기도 시흥시청,20260224
대야동19S169,1,,,,,2019,,031-310-3144,경기도 시흥시청,20260224
은행동19S014,1,,,,,2019,,031-310-3144,경기도 시흥시청,20260224
은행동19S012,1,,,,,2019,,031-310-3144,경기도 시흥시청,20260224
은행동19S011,1,,,,,2019,,031-310-3144,경기도 시흥시청,20260224
은행동19S010,1,,,,,2019,,031-310-3144,경기도 시흥시청,20260224
은행동19S007,1,,,,,2019,,031-310-3144,경기도 시흥시청,20260224
은행동19S008,1,,,,,2019,,031-310-3144,경기도 시흥시청,20260224
은행동19S006,1,,,,,2019,,031-310-3144,경기도 시흥시청,20260224
은행동19S005,1,,,,,2019,,031-310-3144,경기도 시흥시청,20260224
은행동19S009,1,,,,,2019,,031-310-3144,경기도 시흥시청,20260224
은행동19S022,1,,,,,2019,,031-310-3144,경기도 시흥시청,20260224
은행동19S021,1,,,,,2019,,031-310-3144,경기도 시흥시청,20260224
은행동19S024,1,,,,,2019,,031-310-3144,경기도 시흥시청,20260224
은행동19S025,1,,,,,2019,,031-310-3144,경기도 시흥시청,20260224
은행동19S026,1,,,,,2019,,031-310-3144,경기도 시흥시청,20260224
은행동19S020,1,,,,,2019,,031-310-3144,경기도 시흥시청,20260224
대야동19S109,1,,,,,2019,,031-310-3144,경기도 시흥시청,20260224
대야동19S107,1,,,,,2019,,031-310-3144,경기도 시흥시청,20260224
대야동19S106,1,,,,,2019,,031-310-3144,경기도 시흥시청,20260224
은행동19S077,1,,,,,2019,,031-310-3144,경기도 시흥시청,20260224
대야동19S121,1,,,,,2019,,031-310-3144,경기도 시흥시청,20260224
대야동19S105,1,,,,,2019,,031-310-3144,경기도 시흥시청,20260224
대야동19S127,1,,,,,2019,,031-310-3144,경기도 시흥시청,20260224
대야동19S139,1,,,,,2019,,031-310-3144,경기도 시흥시청,20260224
대야동19S129,1,,,,,2019,,031-310-3144,경기도 시흥시청,20260224
대야동19S141,1,,,,,2019,,031-310-3144,경기도 시흥시청,20260224
대야동19S142,1,,,,,2019,,031-310-3144,경기도 시흥시청,20260224
대야동19S130,1,,,,,2019,,031-310-3144,경기도 시흥시청,20260224
대야동19S143,1,,,,,2019,,031-310-3144,경기도 시흥시청,20260224
대야동19S154,1,,,,,2019,,031-310-3144,경기도 시흥시청,20260224
대야동19S155,1,,,,,2019,,031-310-3144,경기도 시흥시청,20260224
대야동19S131,1,,,,,2019,,031-310-3144,경기도 시흥시청,20260224
대야동19S134,1,,,,,2019,,031-310-3144,경기도 시흥시청,20260224
대야동19S156,1,,,,,2019,,031-310-3144,경기도 시흥시청,20260224
대야동19S136,1,,,,,2019,,031-310-3144,경기도 시흥시청,20260224
대야동19S153,1,,,,,2019,,031-310-3144,경기도 시흥시청,20260224
대야동19S158,1,,,,,2019,,031-310-3144,경기도 시흥시청,20260224
대야동19S152,1,,,,,2019,,031-310-3144,경기도 시흥시청,20260224
대야동19S144,1,,,,,2019,,031-310-3144,경기도 시흥시청,20260224
대야동19S151,1,,,,,2019,,031-310-3144,경기도 시흥시청,20260224
대야동19S148,1,,,,,2019,,031-310-3144,경기도 시흥시청,20260224
대야동19S145,1,,,,,2019,,031-310-3144,경기도 시흥시청,20260224
대야동19S140,1,,,,,2019,,031-310-3144,경기도 시흥시청,20260224
대야동19S166,1,,,,,2019,,031-310-3144,경기도 시흥시청,20260224
은행동19S017,1,,,,,2019,,031-310-3144,경기도 시흥시청,20260224
은행동19S018,1,,,,,2019,,031-310-3144,경기도 시흥시청,20260224
은행동19S037,1,,,,,2019,,031-310-3144,경기도 시흥시청,20260224
은행동19S036,1,,,,,2019,,031-310-3144,경기도 시흥시청,20260224
은행동19S135,1,,,,,2019,,031-310-3144,경기도 시흥시청,20260224
은행동19S139,1,,,,,2019,,031-310-3144,경기도 시흥시청,20260224
은행동19S140,1,,,,,2019,,031-310-3144,경기도 시흥시청,20260224
은행동19S141,1,,,,,2019,,031-310-3144,경기도 시흥시청,20260224
은행동19S138,1,,,,,2019,,031-310-3144,경기도 시흥시청,20260224
은행동19S084,1,,,,,2019,,031-310-3144,경기도 시흥시청,20260224
은행동19S058,1,,,,,2019,,031-310-3144,경기도 시흥시청,20260224
은행동19S051,1,,,,,2019,,031-310-3144,경기도 시흥시청,20260224
은행동19S103,1,,,,,2019,,031-310-3144,경기도 시흥시청,20260224
은행동19S053,1,,,,,2019,,031-310-3144,경기도 시흥시청,20260224
은행동19S102,1,,,,,2019,,031-310-3144,경기도 시흥시청,20260224
은행동19S098,1,,,,,2019,,031-310-3144,경기도 시흥시청,20260224
은행동19S101,1,,,,,2019,,031-310-3144,경기도 시흥시청,20260224
은행동19S089,1,,,,,2019,,031-310-3144,경기도 시흥시청,20260224
은행동19S099,1,,,,,2019,,031-310-3144,경기도 시흥시청,20260224
은행동19S100,1,,,,,2019,,031-310-3144,경기도 시흥시청,20260224
은행동19S097,1,,,,,2019,,031-310-3144,경기도 시흥시청,20260224
은행동19S104,1,,,,,2019,,031-310-3144,경기도 시흥시청,20260224
은행동19S158,1,,,,,2019,,031-310-3144,경기도 시흥시청,20260224
은행동19S106,1,,,,,2019,,031-310-3144,경기도 시흥시청,20260224
은행동19S105,1,,,,,2019,,031-310-3144,경기도 시흥시청,20260224
은행동19S107,1,,,,,2019,,031-310-3144,경기도 시흥시청,20260224
은행동19S126,1,,,,,2019,,031-310-3144,경기도 시흥시청,20260224
은행동19S127,1,,,,,2019,,031-310-3144,경기도 시흥시청,20260224
은행동19S129,1,,,,,2019,,031-310-3144,경기도 시흥시청,20260224
은행동19S133,1,,,,,2019,,031-310-3144,경기도 시흥시청,20260224
은행동19S132,1,,,,,2019,,031-310-3144,경기도 시흥시청,20260224
은행동19S130,1,,,,,2019,,031-310-3144,경기도 시흥시청,20260224
은행동19S086,1,,,,,2019,,031-310-3144,경기도 시흥시청,20260224
은행동19S078,1,,,,,2019,,031-310-3144,경기도 시흥시청,20260224
은행동19S081,1,,,,,2019,,031-310-3144,경기도 시흥시청,20260224
은행동19S080,1,,,,,2019,,031-310-3144,경기도 시흥시청,20260224
은행동19S069,1,,,,,2019,,031-310-3144,경기도 시흥시청,20260224
은행동19S070,1,,,,,2019,,031-310-3144,경기도 시흥시청,20260224
은행동19S076,1,,,,,2019,,031-310-3144,경기도 시흥시청,20260224
은행동19S088,1,,,,,2019,,031-310-3144,경기도 시흥시청,20260224
은행동19S087,1,,,,,2019,,031-310-3144,경기도 시흥시청,20260224
은행동19S075,1,,,,,2019,,031-310-3144,경기도 시흥시청,20260224
은행동19S071,1,,,,,2019,,031-310-3144,경기도 시흥시청,20260224
은행동19S074,1,,,,,2019,,031-310-3144,경기도 시흥시청,20260224
은행동19S063,1,,,,,2019,,031-310-3144,경기도 시흥시청,20260224
은행동19S065,1,,,,,2019,,031-310-3144,경기도 시흥시청,20260224
은행동19S043,1,,,,,2019,,031-310-3144,경기도 시흥시청,20260224
은행동19S118,1,,,,,2019,,031-310-3144,경기도 시흥시청,20260224
은행동19S044,1,,,,,2019,,031-310-3144,경기도 시흥시청,20260224
대야동19S090,1,,,,,2019,,031-310-3144,경기도 시흥시청,20260224
대야동19S103,1,,,,,2019,,031-310-3144,경기도 시흥시청,20260224
대야동19S111,1,,,,,2019,,031-310-3144,경기도 시흥시청,20260224
대야동19S125,1,,,,,2019,,031-310-3144,경기도 시흥시청,20260224
대야동19S375,1,,,,,2019,,031-310-3144,경기도 시흥시청,20260224
대야동19S377,1,,,,,2019,,031-310-3144,경기도 시흥시청,20260224
대야동19S191,1,,,,,2019,,031-310-3144,경기도 시흥시청,20260224
대야동19S283,1,,,,,2019,,031-310-3144,경기도 시흥시청,20260224
대야동19S389,1,,,,,2019,,031-310-3144,경기도 시흥시청,20260224
대야동19s393,1,,,,,2019,,031-310-3144,경기도 시흥시청,20260224
대야동19S397,1,,,,,2019,,031-310-3144,경기도 시흥시청,20260224
은행동19S061,1,,,,,2019,,031-310-3144,경기도 시흥시청,20260224
은행동19S059,1,,,,,2019,,031-310-3144,경기도 시흥시청,20260224
은행동19S060,1,,,,,2019,,031-310-3144,경기도 시흥시청,20260224
은행동19S147,1,,,,,2019,,031-310-3144,경기도 시흥시청,20260224
은행동19S146,1,,,,,2019,,031-310-3144,경기도 시흥시청,20260224
은행동19S148,1,,,,,2019,,031-310-3144,경기도 시흥시청,20260224
은행동19S145,1,,,,,2019,,031-310-3144,경기도 시흥시청,20260224
은행동19S150,1,,,,,2019,,031-310-3144,경기도 시흥시청,20260224
은행동19S143,1,,,,,2019,,031-310-3144,경기도 시흥시청,20260224
은행동19S142,1,,,,,2019,,031-310-3144,경기도 시흥시청,20260224
대야동19S317,1,,,,,2019,,031-310-3144,경기도 시흥시청,20260224
대야동19S261,1,,,,,2019,,031-310-3144,경기도 시흥시청,20260224
대야동19S024,1,,,,,2019,,031-310-3144,경기도 시흥시청,20260224
대야동19S313,1,,,,,2019,,031-310-3144,경기도 시흥시청,20260224
대야동19S367,1,,,,,2019,,031-310-3144,경기도 시흥시청,20260224
대야동19S079,1,,,,,2019,,031-310-3144,경기도 시흥시청,20260224
대야동19S123,1,,,,,2019,,031-310-3144,경기도 시흥시청,20260224
대야동19S120,1,,,,,2019,,031-310-3144,경기도 시흥시청,20260224
은행동19S123,1,,,,,2019,,031-310-3144,경기도 시흥시청,20260224
은행동19S082,1,,,,,2019,,031-310-3144,경기도 시흥시청,20260224
은행동19S050,1,,,,,2019,,031-310-3144,경기도 시흥시청,20260224
은행동19S027,1,,,,,2019,,031-310-3144,경기도 시흥시청,20260224
대야동19S285,1,,,,,2019,,031-310-3144,경기도 시흥시청,20260224
대야동19S004,1,,,,,2019,,031-310-3144,경기도 시흥시청,20260224
대야동19S005,1,,,,,2019,,031-310-3144,경기도 시흥시청,20260224
대야동19S006,1,,,,,2019,,031-310-3144,경기도 시흥시청,20260224
대야동19S065,1,,,,,2019,,031-310-3144,경기도 시흥시청,20260224
은행동19S131,1,,,,,2019,,031-310-3144,경기도 시흥시청,20260224
은행동19S134,1,,,,,2019,,031-310-3144,경기도 시흥시청,20260224
은행동19S115,1,,,,,2019,,031-310-3144,경기도 시흥시청,20260224
은행동19S121,1,,,,,2019,,031-310-3144,경기도 시흥시청,20260224
은행동19S112,1,,,,,2019,,031-310-3144,경기도 시흥시청,20260224
은행동19S109,1,,,,,2019,,031-310-3144,경기도 시흥시청,20260224
은행동19S094,1,,,,,2019,,031-310-3144,경기도 시흥시청,20260224
은행동19S093(보안등번호 251),1,,,,,2019,,031-310-3144,경기도 시흥시청,20260224
은행동19S049,1,,,,,2019,,031-310-3144,경기도 시흥시청,20260224
은행동19S048,1,,,,,2019,,031-310-3144,경기도 시흥시청,20260224
은행동19S047,1,,,,,2019,,031-310-3144,경기도 시흥시청,20260224
은행동19S016,1,,,,,2019,,031-310-3144,경기도 시흥시청,20260224
대야동19S162,1,,,,,2019,,031-310-3144,경기도 시흥시청,20260224
대야동19S161,1,,,,,2019,,031-310-3144,경기도 시흥시청,20260224
대야동19S159,1,,,,,2019,,031-310-3144,경기도 시흥시청,20260224
대야동19S160,1,,,,,2019,,031-310-3144,경기도 시흥시청,20260224
대야동19S376,1,,,,,2019,,031-310-3144,경기도 시흥시청,20260224
대야동19S173,1,,,,,2019,,031-310-3144,경기도 시흥시청,20260224
과림동N161,1,,,,,2019,,031-310-3144,경기도 시흥시청,20260224
과림동N162,1,,,,,2019,,031-310-3144,경기도 시흥시청,20260224
군자동N139,1,,,,,2019,,031-310-3144,경기도 시흥시청,20260224
매화동N064,1,,,,,2019,,031-310-3144,경기도 시흥시청,20260224
매화동N065,1,,,,,2019,,031-310-3144,경기도 시흥시청,20260224
매화동N066,1,,,,,2019,,031-310-3144,경기도 시흥시청,20260224
매화동N067,1,,,,,2019,,031-310-3144,경기도 시흥시청,20260224
수자원공사교차03,1,,,,,2019,,031-310-3144,경기도 시흥시청,20260224
장왕본동N193,1,,,,,2019,,031-310-3144,경기도 시흥시청,20260224
대야동19S150,1,,,,,2019,,031-310-3144,경기도 시흥시청,20260224
대야동19S149,1,,,,,2019,,031-310-3144,경기도 시흥시청,20260224
대야동19S101,1,,,,,2019,,031-310-3144,경기도 시흥시청,20260224
대야동19S100,1,,,,,2019,,031-310-3144,경기도 시흥시청,20260224
대야동19S099,1,,,,,2019,,031-310-3144,경기도 시흥시청,20260224
대야동19S098,1,,,,,2019,,031-310-3144,경기도 시흥시청,20260224
대야동19S216,1,,,,,2019,,031-310-3144,경기도 시흥시청,20260224
은행동19S068,1,,,,,2019,,031-310-3144,경기도 시흥시청,20260224
대야동19S305,1,,,,,2019,,031-310-3144,경기도 시흥시청,20260224
은행동19S013,1,,,,,2019,,031-310-3144,경기도 시흥시청,20260224
은행동19S153,1,,,,,2019,,031-310-3144,경기도 시흥시청,20260224
은행동19S159,1,,,,,2019,,031-310-3144,경기도 시흥시청,20260224
대야동19S350,1,,,,,2019,,031-310-3144,경기도 시흥시청,20260224
대야동19S352,1,,,,,2019,,031-310-3144,경기도 시흥시청,20260224
대야동19S353,1,,,,,2019,,031-310-3144,경기도 시흥시청,20260224
대야동19S355,1,,,,,2019,,031-310-3144,경기도 시흥시청,20260224
대야동19S356,1,,,,,2019,,031-310-3144,경기도 시흥시청,20260224
대야동19S357,1,,,,,2019,,031-310-3144,경기도 시흥시청,20260224
대야동19S358,1,,,,,2019,,031-310-3144,경기도 시흥시청,20260224
대야동19S069,1,,,,,2019,,031-310-3144,경기도 시흥시청,20260224
대야동19S070,1,,,,,2019,,031-310-3144,경기도 시흥시청,20260224
대야동19S071,1,,,,,2019,,031-310-3144,경기도 시흥시청,20260224
대야동19S074,1,,,,,2019,,031-310-3144,경기도 시흥시청,20260224
대야동19S362,1,,,,,2019,,031-310-3144,경기도 시흥시청,20260224
대야동19S363,1,,,,,2019,,031-310-3144,경기도 시흥시청,20260224
대야동19S076,1,,,,,2019,,031-310-3144,경기도 시흥시청,20260224
대야동19S361,1,,,,,2019,,031-310-3144,경기도 시흥시청,20260224
대야동19S073,1,,,,,2019,,031-310-3144,경기도 시흥시청,20260224
대야동19S364,1,,,,,2019,,031-310-3144,경기도 시흥시청,20260224
정왕본동N184,1,,,,,2019,,031-310-3144,경기도 시흥시청,20260224
정왕본동N185,1,,,,,2019,,031-310-3144,경기도 시흥시청,20260224
과림동N155,1,,,,,2019,,031-310-3144,경기도 시흥시청,20260224
과림동N156,1,,,,,2019,,031-310-3144,경기도 시흥시청,20260224
과림동N157(과림동639),1,,,,,2019,,031-310-3144,경기도 시흥시청,20260224
과림동N158(과림125),1,,,,,2019,,031-310-3144,경기도 시흥시청,20260224
과림동N159(과림122),1,,,,,2019,,031-310-3144,경기도 시흥시청,20260224
대야동19S374,1,,,,,2019,,031-310-3144,경기도 시흥시청,20260224
신천동19S803,1,,,,,2019,,031-310-3144,경기도 시흥시청,20260224
신천동19S804,1,,,,,2019,,031-310-3144,경기도 시흥시청,20260224
신천동19S805,1,,,,,2019,,031-310-3144,경기도 시흥시청,20260224
신천동19S807,1,,,,,2019,,031-310-3144,경기도 시흥시청,20260224
신현동N189,1,,,,,2019,,031-310-3144,경기도 시흥시청,20260224
신현동19S244,1,,,,,2019,,031-310-3144,경기도 시흥시청,20260224
군자동N135,1,,,,,2019,,031-310-3144,경기도 시흥시청,20260224
목감동19S265,1,,,,,2019,,031-310-3144,경기도 시흥시청,20260224
목감동19S266,1,,,,,2019,,031-310-3144,경기도 시흥시청,20260224
목감동N112,1,,,,,2019,,031-310-3144,경기도 시흥시청,20260224
목감동N113,1,,,,,2019,,031-310-3144,경기도 시흥시청,20260224
신천동19S793,1,,,,,2019,,031-310-3144,경기도 시흥시청,20260224
신천동19S794,1,,,,,2019,,031-310-3144,경기도 시흥시청,20260224
신천동19S795,1,,,,,2019,,031-310-3144,경기도 시흥시청,20260224
신천동19S796,1,,,,,2019,,031-310-3144,경기도 시흥시청,20260224
신천동19S798,1,,,,,2019,,031-310-3144,경기도 시흥시청,20260224
신천동19S800,1,,,,,2019,,031-310-3144,경기도 시흥시청,20260224
정왕3동N071,1,,,,,2019,,031-310-3144,경기도 시흥시청,20260224
정왕3동N073,1,,,,,2019,,031-310-3144,경기도 시흥시청,20260224
대야동19S398,1,,,,,2019,,031-310-3144,경기도 시흥시청,20260224
군자동N140(사유지 미교체),1,,,,,2019,,031-310-3144,경기도 시흥시청,20260224
능곡동N015,1,,,,,2019,,031-310-3144,경기도 시흥시청,20260224
매화동N069,1,,,,,2019,,031-310-3144,경기도 시흥시청,20260224
매화동N070,1,,,,,2019,,031-310-3144,경기도 시흥시청,20260224
매화동N071,1,,,,,2019,,031-310-3144,경기도 시흥시청,20260224
매화동N072,1,,,,,2019,,031-310-3144,경기도 시흥시청,20260224
시흥시청,1,,,,,2019,,031-310-3144,경기도 시흥시청,20260224
신현동19S193,1,,,,,2019,,031-310-3144,경기도 시흥시청,20260224
대야동19S200,1,,,,,2019,,031-310-3144,경기도 시흥시청,20260224
대야동19S250,1,,,,,2019,,031-310-3144,경기도 시흥시청,20260224
대야동19S031,1,,,,,2019,,031-310-3144,경기도 시흥시청,20260224
은행동19S062,1,,,,,2019,,031-310-3144,경기도 시흥시청,20260224
대야동19S289,1,,,,,2019,,031-310-3144,경기도 시흥시청,20260224
대야동19S133,1,,,,,2019,,031-310-3144,경기도 시흥시청,20260224
대야동19S135,1,,,,,2019,,031-310-3144,경기도 시흥시청,20260224
대야동19S137,1,,,,,2019,,031-310-3144,경기도 시흥시청,20260224
은행동19S125,1,,,,,2019,,031-310-3144,경기도 시흥시청,20260224
은행동19S120,1,,,,,2019,,031-310-3144,경기도 시흥시청,20260224
은행동19S108,1,,,,,2019,,031-310-3144,경기도 시흥시청,20260224
대야동19S354,1,,,,,2019,,031-310-3144,경기도 시흥시청,20260224
대야동19S365,1,,,,,2019,,031-310-3144,경기도 시흥시청,20260224
대야동19S366,1,,,,,2019,,031-310-3144,경기도 시흥시청,20260224
대야동19S092,1,,,,,2019,,031-310-3144,경기도 시흥시청,20260224
정왕본동N178,1,,,,,2019,,031-310-3144,경기도 시흥시청,20260224
장곡동24038,1,,,,,2019,,031-310-3144,경기도 시흥시청,20260224
목감동N106,1,,,,,2019,,031-310-3144,경기도 시흥시청,20260224
목감동N107,1,,,,,2019,,031-310-3144,경기도 시흥시청,20260224
목감동N108,1,,,,,2019,,031-310-3144,경기도 시흥시청,20260224
목감동N109,1,,,,,2019,,031-310-3144,경기도 시흥시청,20260224
목감동N110,1,,,,,2019,,031-310-3144,경기도 시흥시청,20260224
신천동19S788,1,,,,,2019,,031-310-3144,경기도 시흥시청,20260224
신천동19S790,1,,,,,2019,,031-310-3144,경기도 시흥시청,20260224
신천동19S791,1,,,,,2019,,031-310-3144,경기도 시흥시청,20260224
신천동19S792,1,,,,,2019,,031-310-3144,경기도 시흥시청,20260224
정왕본동N173,1,,,,,2019,,031-310-3144,경기도 시흥시청,20260224
정왕본동N176,1,,,,,2019,,031-310-3144,경기도 시흥시청,20260224
정왕본동N177,1,,,,,2019,,031-310-3144,경기도 시흥시청,20260224
정왕1동21U008,1,,,,,2019,,031-310-3144,경기도 시흥시청,20260224
정왕본동21U022,1,,,,,2019,,031-310-3144,경기도 시흥시청,20260224
과림동19010,1,,,,,2019,,031-310-3144,경기도 시흥시청,20260224
과림동N154,1,,,,,2019,,031-310-3144,경기도 시흥시청,20260224
신천동19S779,1,,,,,2019,,031-310-3144,경기도 시흥시청,20260224
신천동19S781,1,,,,,2019,,031-310-3144,경기도 시흥시청,20260224
신천동19S783,1,,,,,2019,,031-310-3144,경기도 시흥시청,20260224
신천동19S784,1,,,,,2019,,031-310-3144,경기도 시흥시청,20260224
신천동19S785 - 표찰무,1,,,,,2019,,031-310-3144,경기도 시흥시청,20260224
신천동19S786 - 표찰무,1,,,,,2019,,031-310-3144,경기도 시흥시청,20260224
신천동19S787,1,,,,,2019,,031-310-3144,경기도 시흥시청,20260224
정왕본동N168,1,,,,,2019,,031-310-3144,경기도 시흥시청,20260224
정왕본동N169,1,,,,,2019,,031-310-3144,경기도 시흥시청,20260224
정왕본동N170,1,,,,,2019,,031-310-3144,경기도 시흥시청,20260224
정왕본동N171,1,,,,,2019,,031-310-3144,경기도 시흥시청,20260224
과림동N151,1,,,,,2019,,031-310-3144,경기도 시흥시청,20260224
과림동N152,1,,,,,2019,,031-310-3144,경기도 시흥시청,20260224
과림동N153,1,,,,,2019,,031-310-3144,경기도 시흥시청,20260224
신천동19S697_,1,,,,,2019,,031-310-3144,경기도 시흥시청,20260224
신천동19S777,1,,,,,2019,,031-310-3144,경기도 시흥시청,20260224
신천동19S778,1,,,,,2019,,031-310-3144,경기도 시흥시청,20260224
과림동N148,1,,,,,2019,,031-310-3144,경기도 시흥시청,20260224
과림동N149,1,,,,,2019,,031-310-3144,경기도 시흥시청,20260224
과림동N150,1,,,,,2019,,031-310-3144,경기도 시흥시청,20260224
정왕1동N065,1,,,,,2019,,031-310-3144,경기도 시흥시청,20260224
정왕본동N187,1,,,,,2019,,031-310-3144,경기도 시흥시청,20260224
정왕본동N189,1,,,,,2019,,031-310-3144,경기도 시흥시청,20260224
정왕1동21U157,1,,,,,2019,,031-310-3144,경기도 시흥시청,20260224
목감동N114,1,,,,,2019,,031-310-3144,경기도 시흥시청,20260224
목감동N115,1,,,,,2019,,031-310-3144,경기도 시흥시청,20260224
연성동N067,1,,,,,2019,,031-310-3144,경기도 시흥시청,20260224
연성동N068,1,,,,,2019,,031-310-3144,경기도 시흥시청,20260224
정왕본동N180,1,,,,,2019,,031-310-3144,경기도 시흥시청,20260224
정왕본동N181,1,,,,,2019,,031-310-3144,경기도 시흥시청,20260224
정왕본동N182,1,,,,,2019,,031-310-3144,경기도 시흥시청,20260224
정왕본동N183,1,,,,,2019,,031-310-3144,경기도 시흥시청,20260224
장곡동24042,1,,,,,2019,,031-310-3144,경기도 시흥시청,20260224
대야동N165,1,,,,,2019,,031-310-3144,경기도 시흥시청,20260224
목감동N098,1,,,,,2019,,031-310-3144,경기도 시흥시청,20260224
신천동19S190,1,,,,,2019,,031-310-3144,경기도 시흥시청,20260224
연성동N062,1,,,,,2019,,031-310-3144,경기도 시흥시청,20260224
연성동N063,1,,,,,2019,,031-310-3144,경기도 시흥시청,20260224
월곶동N038,1,,,,,2019,,031-310-3144,경기도 시흥시청,20260224
정왕본동N149,1,,,,,2019,,031-310-3144,경기도 시흥시청,20260224
과림동N127,1,,,,,2019,,031-310-3144,경기도 시흥시청,20260224
대야동19S388,1,,,,,2019,,031-310-3144,경기도 시흥시청,20260224
매화동N061,1,,,,,2019,,031-310-3144,경기도 시흥시청,20260224
매화동N062,1,,,,,2019,,031-310-3144,경기도 시흥시청,20260224
목감동N103,1,,,,,2019,,031-310-3144,경기도 시흥시청,20260224
목감동N104,1,,,,,2019,,031-310-3144,경기도 시흥시청,20260224
목감동N105,1,,,,,2019,,031-310-3144,경기도 시흥시청,20260224
신천동19S558_,1,,,,,2019,,031-310-3144,경기도 시흥시청,20260224
신천동19S703_,1,,,,,2019,,031-310-3144,경기도 시흥시청,20260224
정왕본동20U209,1,,,,,2019,,031-310-3144,경기도 시흥시청,20260224
매화동N060,1,,,,,2019,,031-310-3144,경기도 시흥시청,20260224
매화동24061(고소),1,,,,,2019,,031-310-3144,경기도 시흥시청,20260224
매화동24062,1,,,,,2019,,031-310-3144,경기도 시흥시청,20260224
과림동N146,1,,,,,2019,,031-310-3144,경기도 시흥시청,20260224
과림동N147,1,,,,,2019,,031-310-3144,경기도 시흥시청,20260224
군자동N123,1,,,,,2019,,031-310-3144,경기도 시흥시청,20260224
군자동N124,1,,,,,2019,,031-310-3144,경기도 시흥시청,20260224
능곡동N012,1,,,,,2019,,031-310-3144,경기도 시흥시청,20260224
정왕본동N165,1,,,,,2019,,031-310-3144,경기도 시흥시청,20260224
정왕본동N166,1,,,,,2019,,031-310-3144,경기도 시흥시청,20260224
장곡동24015,1,,,,,2019,,031-310-3144,경기도 시흥시청,20260224
과림동N141,1,,,,,2019,,031-310-3144,경기도 시흥시청,20260224
과림동N142,1,,,,,2019,,031-310-3144,경기도 시흥시청,20260224
과림동N143,1,,,,,2019,,031-310-3144,경기도 시흥시청,20260224
과림동N144,1,,,,,2019,,031-310-3144,경기도 시흥시청,20260224
과림동N145,1,,,,,2019,,031-310-3144,경기도 시흥시청,20260224
군자동N122,1,,,,,2019,,031-310-3144,경기도 시흥시청,20260224
신현동N185,1,,,,,2019,,031-310-3144,경기도 시흥시청,20260224
신현동N186,1,,,,,2019,,031-310-3144,경기도 시흥시청,20260224
신현동N187,1,,,,,2019,,031-310-3144,경기도 시흥시청,20260224
신현동N188,1,,,,,2019,,031-310-3144,경기도 시흥시청,20260224
군자동N120,1,,,,,2019,,031-310-3144,경기도 시흥시청,20260224
군자동N121,1,,,,,2019,,031-310-3144,경기도 시흥시청,20260224
매화동19001,1,,,,,2019,,031-310-3144,경기도 시흥시청,20260224
매화동19003,1,,,,,2019,,031-310-3144,경기도 시흥시청,20260224
매화동19004,1,,,,,2019,,031-310-3144,경기도 시흥시청,20260224
매화동19005,1,,,,,2019,,031-310-3144,경기도 시흥시청,20260224
정왕본동N164,1,,,,,2019,,031-310-3144,경기도 시흥시청,20260224
정왕본동N155,1,,,,,2019,,031-310-3144,경기도 시흥시청,20260224
정왕본동N161,1,,,,,2019,,031-310-3144,경기도 시흥시청,20260224
정왕본동20U208,1,,,,,2019,,031-310-3144,경기도 시흥시청,20260224
정왕본동21U157,1,,,,,2019,,031-310-3144,경기도 시흥시청,20260224
정왕3동N076,1,,,,,2019,,031-310-3144,경기도 시흥시청,20260224
신천동19S663,1,,,,,2019,,031-310-3144,경기도 시흥시청,20260224
신천동19S638,1,,,,,2019,,031-310-3144,경기도 시흥시청,20260224
신천동19S637,1,,,,,2019,,031-310-3144,경기도 시흥시청,20260224
신천동19S634,1,,,,,2019,,031-310-3144,경기도 시흥시청,20260224
신천동19S631,1,,,,,2019,,031-310-3144,경기도 시흥시청,20260224
신천동19S630,1,,,,,2019,,031-310-3144,경기도 시흥시청,20260224
신천동19S626,1,,,,,2019,,031-310-3144,경기도 시흥시청,20260224
신천동19S627,1,,,,,2019,,031-310-3144,경기도 시흥시청,20260224
신천동19S625,1,,,,,2019,,031-310-3144,경기도 시흥시청,20260224
신천동19S635,1,,,,,2019,,031-310-3144,경기도 시흥시청,20260224
신천동19S656,1,,,,,2019,,031-310-3144,경기도 시흥시청,20260224
신천동19S658,1,,,,,2019,,031-310-3144,경기도 시흥시청,20260224
신천동19S659,1,,,,,2019,,031-310-3144,경기도 시흥시청,20260224
신천동19S660,1,,,,,2019,,031-310-3144,경기도 시흥시청,20260224
신천동19S661,1,,,,,2019,,031-310-3144,경기도 시흥시청,20260224
신천동19S665,1,,,,,2019,,031-310-3144,경기도 시흥시청,20260224
신천동19S666,1,,,,,2019,,031-310-3144,경기도 시흥시청,20260224
신천동19S667,1,,,,,2019,,031-310-3144,경기도 시흥시청,20260224
신천동19S669,1,,,,,2019,,031-310-3144,경기도 시흥시청,20260224
신천동19S690,1,,,,,2019,,031-310-3144,경기도 시흥시청,20260224
신천동19S723,1,,,,,2019,,031-310-3144,경기도 시흥시청,20260224
장곡동24025,1,,,,,2019,,031-310-3144,경기도 시흥시청,20260224
과림동N140,1,,,,,2019,,031-310-3144,경기도 시흥시청,20260224
정왕본동N154,1,,,,,2019,,031-310-3144,경기도 시흥시청,20260224
군자동N116,1,,,,,2019,,031-310-3144,경기도 시흥시청,20260224
능곡동N011,1,,,,,2019,,031-310-3144,경기도 시흥시청,20260224
대야동19S015-1,1,,,,,2019,,031-310-3144,경기도 시흥시청,20260224
은행동N044,1,,,,,2019,,031-310-3144,경기도 시흥시청,20260224
은행동N045,1,,,,,2019,,031-310-3144,경기도 시흥시청,20260224
정왕본동N150,1,,,,,2019,,031-310-3144,경기도 시흥시청,20260224
과림동N137,1,,,,,2019,,031-310-3144,경기도 시흥시청,20260224
과림동N138,1,,,,,2019,,031-310-3144,경기도 시흥시청,20260224
과림동N139(과림281)[삭제검토],1,,,,,2019,,031-310-3144,경기도 시흥시청,20260224
대야동N168,1,,,,,2019,,031-310-3144,경기도 시흥시청,20260224
매화동N059,1,,,,,2019,,031-310-3144,경기도 시흥시청,20260224
신현동N175,1,,,,,2019,,031-310-3144,경기도 시흥시청,20260224
신현동N176,1,,,,,2019,,031-310-3144,경기도 시흥시청,20260224
연성동N065,1,,,,,2019,,031-310-3144,경기도 시흥시청,20260224
과림동N129,1,,,,,2019,,031-310-3144,경기도 시흥시청,20260224
과림동N130,1,,,,,2019,,031-310-3144,경기도 시흥시청,20260224
과림동N131,1,,,,,2019,,031-310-3144,경기도 시흥시청,20260224
과림동N132(과림031),1,,,,,2019,,031-310-3144,경기도 시흥시청,20260224
과림동N134(과림542),1,,,,,2019,,031-310-3144,경기도 시흥시청,20260224
과림동N135,1,,,,,2019,,031-310-3144,경기도 시흥시청,20260224
과림동N136,1,,,,,2019,,031-310-3144,경기도 시흥시청,20260224
목감동N099,1,,,,,2019,,031-310-3144,경기도 시흥시청,20260224
목감동N100,1,,,,,2019,,031-310-3144,경기도 시흥시청,20260224
목감동N101,1,,,,,2019,,031-310-3144,경기도 시흥시청,20260224
목감동N102,1,,,,,2019,,031-310-3144,경기도 시흥시청,20260224
연성동N064,1,,,,,2019,,031-310-3144,경기도 시흥시청,20260224
장곡동24036,1,,,,,2019,,031-310-3144,경기도 시흥시청,20260224
신천동19S672,1,,,,,2019,,031-310-3144,경기도 시흥시청,20260224
신천동19S681,1,,,,,2019,,031-310-3144,경기도 시흥시청,20260224
신천동19S683,1,,,,,2019,,031-310-3144,경기도 시흥시청,20260224
대야동N163,1,,,,,2019,,031-310-3144,경기도 시흥시청,20260224
신천동19S138,1,,,,,2019,,031-310-3144,경기도 시흥시청,20260224
목감동N096,1,,,,,2019,,031-310-3144,경기도 시흥시청,20260224
군자동N112,1,,,,,2019,,031-310-3144,경기도 시흥시청,20260224
신천동19S508_,1,,,,,2019,,031-310-3144,경기도 시흥시청,20260224
정왕본동N145,1,,,,,2019,,031-310-3144,경기도 시흥시청,20260224
정왕본동20U207,1,,,,,2019,,031-310-3144,경기도 시흥시청,20260224
정왕본동21U097,1,,,,,2019,,031-310-3144,경기도 시흥시청,20260224
정왕본동21U103,1,,,,,2019,,031-310-3144,경기도 시흥시청,20260224
정왕본동21U119,1,,,,,2019,,031-310-3144,경기도 시흥시청,20260224
정왕본동21U162,1,,,,,2019,,031-310-3144,경기도 시흥시청,20260224
신현동N168,1,,,,,2019,,031-310-3144,경기도 시흥시청,20260224
장곡동N015,1,,,,,2019,,031-310-3144,경기도 시흥시청,20260224
신천동19S740,1,,,,,2019,,031-310-3144,경기도 시흥시청,20260224
신현동N166,1,,,,,2019,,031-310-3144,경기도 시흥시청,20260224
장곡동24011(고소),1,,,,,2019,,031-310-3144,경기도 시흥시청,20260224
신천동19S755,1,,,,,2019,,031-310-3144,경기도 시흥시청,20260224
신천동19S754,1,,,,,2019,,031-310-3144,경기도 시흥시청,20260224
신천동19S664,1,,,,,2019,,031-310-3144,경기도 시흥시청,20260224
