{"type":"FeatureCollection","features":[{"type":"Feature","properties":{"id":"geobukseom","name":"거북섬동","data_area_id":"geobukseom","adm_cd":"31150760","source":"경기도 시흥시 행정동경계_20250610 (공공데이터포털 15104305)","source_standard_date":"20230801"},"geometry":{"type":"Polygon","coordinates":[[[126.7016779,37.3285095],[126.711969,37.322244],[126.7122326,37.3220827],[126.7122339,37.3220819],[126.7168242,37.3192726],[126.7179571,37.3185792],[126.7179871,37.3185605],[126.7190781,37.3178806],[126.7202313,37.3171618],[126.723652,37.3150296],[126.7240866,37.3147586],[126.7239245,37.3145938],[126.7239204,37.3145897],[126.7239266,37.3145857],[126.723823,37.3144695],[126.7237477,37.3143915],[126.7229076,37.3135203],[126.7229047,37.3135185],[126.7228052,37.3134306],[126.7227357,37.3133686],[126.722642,37.3132462],[126.7226366,37.3132378],[126.7225911,37.3131662],[126.7225397,37.3130853],[126.7224876,37.312988],[126.722467,37.3129282],[126.7223992,37.3128026],[126.7223217,37.3127116],[126.722237,37.3126489],[126.7220867,37.3125551],[126.7219214,37.3124604],[126.7218365,37.312402],[126.721801,37.3123775],[126.7216699,37.3122561],[126.7214725,37.3120448],[126.7214367,37.3120057],[126.7213584,37.3119202],[126.7212734,37.3118137],[126.721268,37.311807],[126.7211816,37.3116793],[126.7210823,37.3115173],[126.7210325,37.3114101],[126.7209739,37.3112797],[126.7209219,37.3111939],[126.7208155,37.3110702],[126.7206944,37.3109666],[126.7205061,37.3108416],[126.7203309,37.3107101],[126.7201752,37.3105958],[126.7200603,37.3104934],[126.7200165,37.3104279],[126.7199783,37.3103638],[126.7199267,37.3102376],[126.71985,37.3100791],[126.71978,37.3099655],[126.7197092,37.3098952],[126.7196403,37.3098338],[126.7195109,37.3097637],[126.7192734,37.3096366],[126.719068,37.3095059],[126.7190287,37.3094688],[126.7188496,37.3092997],[126.718814,37.3092445],[126.7188088,37.3092364],[126.7187838,37.3091811],[126.718742,37.3091407],[126.7187328,37.3091316],[126.7186787,37.3090973],[126.7186638,37.3090875],[126.7186253,37.3090625],[126.7186118,37.3090502],[126.7186076,37.3090446],[126.7186051,37.3090365],[126.7186048,37.309026],[126.7186036,37.3089841],[126.7186022,37.3089614],[126.7185543,37.3089124],[126.7185012,37.3088547],[126.7184044,37.3087494],[126.7183946,37.3087388],[126.7182513,37.3085828],[126.7182449,37.308581],[126.7182377,37.3085832],[126.7181964,37.3085992],[126.7181171,37.3086301],[126.7180933,37.308637],[126.7180787,37.3086372],[126.7180716,37.3086365],[126.7180624,37.3086351],[126.7180273,37.3086344],[126.7180033,37.3086331],[126.7179923,37.3086279],[126.7179659,37.3086184],[126.717942,37.3086141],[126.7179044,37.3086087],[126.717704,37.3083943],[126.7176241,37.3083247],[126.7175638,37.3082892],[126.7175392,37.3082841],[126.7174908,37.308274],[126.7174757,37.3082733],[126.7174571,37.3082738],[126.7174131,37.3082778],[126.7173265,37.3082953],[126.7172603,37.308306],[126.7168539,37.3083428],[126.7161977,37.3084126],[126.7155819,37.3084838],[126.7151206,37.3085328],[126.7151056,37.3085329],[126.7150892,37.3085327],[126.7150648,37.3085277],[126.7150365,37.3085247],[126.7150181,37.3085242],[126.7149788,37.3085281],[126.714916,37.3085411],[126.7148071,37.3085515],[126.7147825,37.3085565],[126.7147709,37.3085626],[126.7147519,37.3085717],[126.7147223,37.3085798],[126.7145853,37.3086009],[126.7145407,37.3086135],[126.7142308,37.3086393],[126.7140933,37.3086523],[126.7136967,37.3087015],[126.7136358,37.308708],[126.7133081,37.3087433],[126.7128755,37.3087933],[126.7126756,37.3088161],[126.7126753,37.3088161],[126.7126749,37.3088161],[126.7124691,37.3088394],[126.712167,37.3088904],[126.7119625,37.3089278],[126.7118614,37.3089463],[126.7115403,37.3090071],[126.7111318,37.3091051],[126.7110248,37.3091344],[126.7106803,37.3092288],[126.7105473,37.3092676],[126.7105082,37.3092745],[126.7104817,37.309276],[126.7104504,37.3092742],[126.7104148,37.3092766],[126.7103509,37.3092865],[126.7103503,37.3092867],[126.7101483,37.3093584],[126.7100949,37.3093781],[126.7098829,37.3094252],[126.7097725,37.3094593],[126.7097196,37.3094825],[126.7096772,37.3095123],[126.7094111,37.3095849],[126.7091655,37.3096518],[126.7084702,37.3098499],[126.7080039,37.3099826],[126.7074591,37.3101397],[126.7070006,37.3102728],[126.7066092,37.3103894],[126.7064832,37.3104197],[126.7064763,37.3104244],[126.7064504,37.3104427],[126.7063982,37.3104594],[126.7062146,37.3105115],[126.7061593,37.3105237],[126.7059496,37.3106157],[126.705846,37.3106548],[126.705819,37.3106639],[126.7058073,37.3106716],[126.7057823,37.3106933],[126.7057696,37.3107087],[126.7057455,37.3107208],[126.7057407,37.3107237],[126.7056986,37.3107268],[126.7056792,37.3107239],[126.7055705,37.3107615],[126.7054597,37.3108396],[126.705207,37.3110213],[126.7048595,37.3112438],[126.704385,37.3115307],[126.704244,37.3116193],[126.7038613,37.3118574],[126.7038573,37.3118556],[126.7038043,37.3118485],[126.7037548,37.311849],[126.7036997,37.3118551],[126.7036223,37.3118636],[126.7035614,37.3118779],[126.7034929,37.311904],[126.7034147,37.3119274],[126.7032961,37.3119412],[126.703256,37.3119457],[126.7032023,37.3119487],[126.7031316,37.3119789],[126.7030531,37.3120274],[126.7029777,37.3121079],[126.7029333,37.3121616],[126.70225,37.3126897],[126.7018302,37.313014],[126.7016942,37.3131191],[126.701668,37.3131463],[126.701653,37.3131696],[126.7015659,37.3132742],[126.7007197,37.3137965],[126.7006495,37.3138288],[126.7006427,37.3138358],[126.700642,37.3138499],[126.7006384,37.3138541],[126.7002106,37.3141347],[126.7,37.3142566],[126.6998029,37.3143707],[126.6986901,37.3150489],[126.6982405,37.3153236],[126.6978396,37.3155354],[126.6978208,37.3155455],[126.6978041,37.3155491],[126.6977931,37.315551],[126.697676,37.3156244],[126.6976505,37.3156404],[126.6975272,37.3157177],[126.6967839,37.3161742],[126.6963144,37.3164644],[126.6960601,37.3166216],[126.6953571,37.3170604],[126.6953374,37.3170724],[126.6946492,37.3174923],[126.6939664,37.3179132],[126.6939128,37.3179462],[126.6932832,37.3183347],[126.6930771,37.3184585],[126.6930653,37.3184651],[126.6930174,37.3184953],[126.693015,37.3184969],[126.6929453,37.3185408],[126.6926494,37.3187273],[126.6924956,37.3187978],[126.6923907,37.3188389],[126.6921809,37.318906],[126.6920275,37.3189407],[126.6918659,37.3189661],[126.6918277,37.318969],[126.6908687,37.3191307],[126.689598,37.3193475],[126.6894074,37.31938],[126.6887431,37.3194907],[126.6878745,37.3196424],[126.686922,37.3198024],[126.6862727,37.3199181],[126.6857528,37.3200038],[126.6854612,37.320052],[126.6851885,37.3200773],[126.6849375,37.3200944],[126.6846746,37.320104],[126.6844245,37.3200918],[126.6844172,37.3200915],[126.684137,37.3200778],[126.683542,37.3200439],[126.6829552,37.3200025],[126.6826157,37.3199812],[126.6825635,37.3199717],[126.6825168,37.319956],[126.6824655,37.319952],[126.6823146,37.3199547],[126.6821911,37.3199271],[126.6821408,37.3199052],[126.6819753,37.3197765],[126.6818981,37.3197206],[126.681876,37.3197135],[126.6818479,37.3197118],[126.6818112,37.3197148],[126.6815076,37.3197468],[126.6812978,37.3197624],[126.6812764,37.3197782],[126.6812699,37.3197925],[126.6812568,37.3198901],[126.6812552,37.3199339],[126.6812457,37.319961],[126.6812416,37.3199615],[126.6812352,37.3199611],[126.6812204,37.3199563],[126.6810463,37.3198439],[126.6810335,37.3198327],[126.68102,37.3198129],[126.6810129,37.3198059],[126.6809568,37.3197793],[126.6809279,37.3197721],[126.680791,37.3196993],[126.6807482,37.3196908],[126.6807163,37.3196827],[126.6806848,37.319657],[126.6806748,37.319636],[126.6806682,37.3196103],[126.6806673,37.3196007],[126.6806653,37.3195797],[126.6806659,37.3195752],[126.6806667,37.3195666],[126.6806642,37.3195476],[126.6806389,37.3195137],[126.6805912,37.3194467],[126.6805893,37.3194405],[126.6805878,37.3193289],[126.6805779,37.3192916],[126.6805373,37.3192628],[126.680518,37.3192597],[126.6804994,37.31926],[126.6804827,37.3192635],[126.6804497,37.3192876],[126.6803753,37.3193844],[126.6803376,37.31944],[126.6803182,37.3194594],[126.6802929,37.3194708],[126.6802679,37.3194848],[126.6802106,37.3195376],[126.6801401,37.3196299],[126.6801052,37.3196734],[126.6800795,37.3197055],[126.6800767,37.3197073],[126.6800631,37.3197096],[126.679732,37.3197362],[126.6797047,37.3197335],[126.6796922,37.3197269],[126.6796893,37.3197253],[126.6796749,37.3197143],[126.6795672,37.3197091],[126.6795376,37.3197165],[126.6795019,37.3197503],[126.6794995,37.3197518],[126.6794974,37.3197531],[126.6794863,37.3197566],[126.6794739,37.3197588],[126.6793823,37.3197669],[126.6789254,37.3198074],[126.6785484,37.3198399],[126.6785221,37.3198397],[126.6784927,37.3198394],[126.6784565,37.3198327],[126.6784269,37.319818],[126.6784234,37.3198162],[126.678402,37.319816],[126.678396,37.3198163],[126.6783479,37.3198258],[126.678315,37.3198489],[126.6782854,37.3198619],[126.6782249,37.3198698],[126.6778922,37.3199027],[126.6778166,37.3199174],[126.6777114,37.319955],[126.6776664,37.3199889],[126.6776333,37.3200138],[126.6775567,37.3200764],[126.6774639,37.3201696],[126.6773894,37.3202471],[126.6773837,37.320254],[126.6773779,37.3202695],[126.6773792,37.320279],[126.6773852,37.3202874],[126.6773849,37.3202993],[126.6772473,37.3204523],[126.6772304,37.3204727],[126.6772287,37.3204744],[126.6772185,37.320474],[126.67718,37.3204641],[126.6769591,37.3203643],[126.6769503,37.3203603],[126.676739,37.3202682],[126.6766897,37.3202476],[126.6766381,37.320211],[126.6766119,37.320202],[126.6765762,37.3201995],[126.6764805,37.3201991],[126.6764676,37.320201],[126.676455,37.3202037],[126.6764489,37.3202054],[126.6764378,37.3202136],[126.6764121,37.3202471],[126.6763876,37.3202816],[126.6763792,37.3202942],[126.6763463,37.3203189],[126.676334,37.3203309],[126.6763305,37.3203393],[126.6763322,37.3203505],[126.6764533,37.3205037],[126.6766646,37.3208246],[126.6767888,37.3210131],[126.6768079,37.3210294],[126.6768191,37.3210283],[126.67687,37.3210152],[126.6768743,37.3210148],[126.6769028,37.3210222],[126.6769555,37.3210449],[126.6769839,37.3210397],[126.6769906,37.321038],[126.6769995,37.3210375],[126.6770032,37.3210388],[126.6770585,37.3210479],[126.6772272,37.3210866],[126.6772498,37.3210961],[126.6772581,37.3211033],[126.6773227,37.3215674],[126.6773258,37.3215816],[126.6773267,37.3215935],[126.677325,37.3216089],[126.6773138,37.3216198],[126.6772876,37.3216355],[126.6772153,37.321663],[126.677108,37.3216948],[126.6769845,37.3217211],[126.6769128,37.3217265],[126.6768576,37.3217308],[126.6767917,37.3217305],[126.6766913,37.3217236],[126.6765208,37.3217337],[126.676461,37.3217389],[126.6763977,37.3217541],[126.6762709,37.3218079],[126.6761597,37.3218792],[126.6760717,37.3219697],[126.6760126,37.3220563],[126.6759748,37.3221416],[126.6759597,37.3222429],[126.6759537,37.3224059],[126.6759525,37.3224064],[126.6759388,37.3224094],[126.6757384,37.3224611],[126.6757364,37.3224627],[126.6757165,37.3224733],[126.6757098,37.322478],[126.6757037,37.3224825],[126.6756977,37.3224879],[126.6756853,37.322501],[126.6756568,37.3225551],[126.6754841,37.3229364],[126.6755775,37.3230259],[126.6756213,37.3230678],[126.6756518,37.3230937],[126.6756536,37.3230984],[126.675655,37.3231133],[126.6756584,37.323165],[126.6756567,37.3231887],[126.6756466,37.3232483],[126.6755911,37.323371],[126.6755915,37.3233816],[126.6756028,37.3234024],[126.6756094,37.3234111],[126.6756113,37.3234142],[126.6756135,37.3234211],[126.6756133,37.3234302],[126.6754378,37.3237594],[126.6753938,37.3238168],[126.6752538,37.3239992],[126.6751924,37.3240758],[126.6750662,37.3241978],[126.6750001,37.3242641],[126.6748306,37.3244339],[126.6747869,37.3244777],[126.6746633,37.3246015],[126.6743399,37.3249263],[126.6742763,37.3250001],[126.6739625,37.3253639],[126.6735881,37.3258265],[126.6732747,37.3262682],[126.6730053,37.3266723],[126.6728341,37.3269291],[126.6724155,37.3275076],[126.6720492,37.3280518],[126.6717883,37.3284312],[126.6716396,37.3286423],[126.6716031,37.3286886],[126.6715633,37.3287225],[126.6714729,37.328846],[126.6714647,37.3288688],[126.6714649,37.3288815],[126.6714618,37.3288968],[126.6714555,37.3289085],[126.6714404,37.3289173],[126.6714216,37.328929],[126.6714133,37.3289351],[126.6713205,37.3290062],[126.6713,37.3290235],[126.6712784,37.3290331],[126.6712433,37.3290377],[126.6711964,37.3290337],[126.6711492,37.3290248],[126.6711003,37.3290162],[126.6710522,37.3290041],[126.6709872,37.3289842],[126.6708434,37.3289326],[126.6706717,37.3288461],[126.6704125,37.3287613],[126.6701268,37.3286755],[126.6696966,37.328569],[126.669227,37.3284207],[126.6688458,37.3283038],[126.6683149,37.3281283],[126.6679281,37.3280219],[126.667333,37.3278891],[126.6667277,37.3277289],[126.6664546,37.3276592],[126.6662029,37.3275858],[126.6659319,37.327521],[126.6657691,37.3274545],[126.665557,37.3273995],[126.665319,37.3273383],[126.6650798,37.3272745],[126.6648284,37.3272064],[126.6645375,37.3271254],[126.66426,37.3270508],[126.6640831,37.3270083],[126.6638578,37.3269367],[126.663614,37.3268659],[126.6634107,37.3268006],[126.6631536,37.3267339],[126.6628788,37.326674],[126.6626085,37.3265821],[126.6623864,37.3265097],[126.6621052,37.326391],[126.6620533,37.3263701],[126.6620441,37.3263582],[126.6620396,37.3263501],[126.6620181,37.326338],[126.6619691,37.3263293],[126.6619141,37.3263243],[126.6618948,37.3263295],[126.6618815,37.3263393],[126.6618633,37.3263428],[126.6618375,37.3263402],[126.6617787,37.3263317],[126.661521,37.3262817],[126.6613286,37.3262407],[126.6610401,37.3261612],[126.6608143,37.3260883],[126.6605062,37.3260148],[126.6601314,37.3259067],[126.6597589,37.3257991],[126.6594164,37.3256938],[126.6591842,37.3256163],[126.6589959,37.3255765],[126.6587719,37.3255288],[126.6585329,37.3254782],[126.6584356,37.3254474],[126.6582756,37.3253935],[126.6580097,37.3253173],[126.6578844,37.3252795],[126.6575964,37.3252181],[126.65724,37.3251066],[126.657091,37.3250451],[126.6570521,37.325028],[126.6569946,37.3250124],[126.6569077,37.3250005],[126.6567921,37.3249768],[126.6566594,37.3249269],[126.6564639,37.3248717],[126.6562202,37.3248067],[126.6560731,37.3247686],[126.6559511,37.3247383],[126.6559251,37.3247263],[126.6557457,37.3246715],[126.6555145,37.3245922],[126.655448,37.3245864],[126.6554048,37.3245816],[126.6553497,37.3245705],[126.6551734,37.3245178],[126.6549352,37.3244536],[126.6548508,37.3244238],[126.6544713,37.3243326],[126.6543437,37.3242928],[126.6540054,37.3242205],[126.6535992,37.3241067],[126.6530265,37.3239409],[126.6525068,37.3237991],[126.6520589,37.323661],[126.651787,37.3235789],[126.6516438,37.3235436],[126.6513589,37.3234685],[126.6507916,37.3233276],[126.6501796,37.3231515],[126.65,37.323089],[126.6499455,37.32307],[126.649575,37.3229508],[126.6492526,37.3228803],[126.6488128,37.3227645],[126.6483718,37.3226468],[126.6480511,37.3225668],[126.6477269,37.3224812],[126.6473757,37.3223688],[126.6471052,37.3222887],[126.646774,37.3221932],[126.6464761,37.3221092],[126.646466,37.3221064],[126.6460939,37.3220094],[126.6456601,37.3218849],[126.6452423,37.3217841],[126.6446802,37.3216211],[126.6441759,37.3214769],[126.643671,37.3213257],[126.6432431,37.3212058],[126.6428367,37.3210893],[126.6424329,37.3209847],[126.6420426,37.3208847],[126.6416723,37.3207668],[126.6411277,37.320629],[126.6406931,37.3205053],[126.6402595,37.3203868],[126.6398737,37.3202794],[126.639484,37.3201777],[126.6392497,37.3201069],[126.6389448,37.3200315],[126.6386411,37.319942],[126.6382232,37.3198197],[126.6378568,37.3197236],[126.6374328,37.3196008],[126.6372122,37.3195498],[126.6369129,37.3194657],[126.6368858,37.3194519],[126.6368629,37.319431],[126.6368313,37.3194024],[126.6367962,37.3193891],[126.6366518,37.3193583],[126.6366305,37.3193471],[126.6366133,37.3193322],[126.636595,37.3193308],[126.6365583,37.3193465],[126.6365106,37.3193602],[126.6364909,37.3193634],[126.6364534,37.3193601],[126.6363919,37.3193407],[126.6359744,37.3192143],[126.6355321,37.3190822],[126.6351506,37.3189777],[126.6348082,37.3188841],[126.634466,37.3187963],[126.6340419,37.3186772],[126.6335922,37.3185498],[126.6331983,37.3184335],[126.6328335,37.3183197],[126.632534,37.3182435],[126.6322143,37.3181538],[126.6318697,37.3180567],[126.6315407,37.3179541],[126.6311795,37.3178529],[126.6307322,37.317734],[126.6302441,37.3175931],[126.6297477,37.3174668],[126.6292021,37.3173045],[126.628723,37.3171672],[126.6282915,37.317053],[126.6278168,37.3169235],[126.6277353,37.3169013],[126.6274256,37.3167679],[126.6271162,37.3165894],[126.6268498,37.3164644],[126.6262743,37.3162901],[126.625724,37.3161581],[126.625017,37.3159581],[126.625,37.3159537],[126.6247441,37.3158874],[126.6244939,37.3158027],[126.6241944,37.3157354],[126.6240582,37.3156982],[126.6238866,37.3156342],[126.6236816,37.3155773],[126.6235438,37.3155611],[126.623348,37.3155202],[126.6231487,37.3154867],[126.6229973,37.3154734],[126.6228676,37.3154521],[126.6227401,37.3154403],[126.6225963,37.3154106],[126.6224846,37.3153967],[126.6223226,37.3153915],[126.6222585,37.3153819],[126.6220432,37.3153204],[126.6218947,37.3152664],[126.6217433,37.3152259],[126.6216125,37.3151684],[126.6214008,37.3151275],[126.6212776,37.3150823],[126.6210011,37.3150077],[126.6208431,37.3149739],[126.6207165,37.3149371],[126.6206448,37.3149267],[126.6199519,37.3147412],[126.6194713,37.3146088],[126.619067,37.3144863],[126.6186254,37.3143453],[126.6182189,37.3142182],[126.6182034,37.3142094],[126.618194,37.3141927],[126.6181796,37.314176],[126.6181468,37.3141598],[126.617973,37.3141155],[126.6178181,37.3140744],[126.617788,37.3140721],[126.6177456,37.314072],[126.6177166,37.3140719],[126.6176876,37.31407],[126.6176475,37.3140644],[126.6176074,37.314055],[126.6175556,37.3140397],[126.6174224,37.3140047],[126.6172487,37.3139581],[126.6171863,37.3139376],[126.6171551,37.3139287],[126.6170988,37.3139189],[126.6170381,37.3139068],[126.6163235,37.3137965],[126.6161751,37.3137729],[126.6159673,37.3137398],[126.6159456,37.3137351],[126.6159177,37.3137341],[126.615892,37.3137359],[126.6158635,37.3137414],[126.6156853,37.3137789],[126.6153165,37.3138613],[126.6152997,37.3138636],[126.6152774,37.3138654],[126.6152551,37.3138653],[126.6152328,37.313863],[126.6152049,37.3138564],[126.6151782,37.3138462],[126.6151481,37.3138374],[126.6151219,37.313835],[126.6150923,37.3138358],[126.6150756,37.3138367],[126.6150583,37.3138362],[126.6150449,37.3138371],[126.6150226,37.3138422],[126.6149051,37.3138895],[126.6148406,37.3139264],[126.6147611,37.3139812],[126.614683,37.3140485],[126.614633,37.314102],[126.6144115,37.3144381],[126.6144038,37.3144524],[126.614385,37.3144875],[126.6142902,37.3146347],[126.6142224,37.3147737],[126.6142074,37.314837],[126.6142013,37.3149258],[126.614202,37.3149868],[126.6142198,37.3150761],[126.6142878,37.315171],[126.6143861,37.3152369],[126.6144406,37.3152587],[126.6144412,37.3152657],[126.6144377,37.3152777],[126.6144393,37.3152911],[126.6144482,37.3153036],[126.6144643,37.3153152],[126.6144871,37.3153286],[126.6145093,37.3153375],[126.6145495,37.3153431],[126.614598,37.3153478],[126.6146884,37.3153462],[126.6148508,37.3153405],[126.6149564,37.3153135],[126.6150168,37.3152975],[126.6152036,37.3152295],[126.6153747,37.3151721],[126.6155871,37.3151235],[126.6157346,37.3150957],[126.6158558,37.3150793],[126.6159267,37.315072],[126.6160014,37.3150773],[126.6161135,37.31509],[126.6162857,37.315114],[126.6164417,37.3151504],[126.6166089,37.3151887],[126.6167984,37.3152205],[126.6170169,37.3152501],[126.6172767,37.3152872],[126.6175098,37.3153081],[126.6178031,37.3153351],[126.6181327,37.3153673],[126.6184333,37.3153855],[126.6186826,37.3154115],[126.6190405,37.3154548],[126.6195489,37.3155239],[126.6198031,37.3155707],[126.6201531,37.3156329],[126.6204985,37.3157072],[126.6207718,37.31586],[126.6212567,37.3159908],[126.6215636,37.3160772],[126.6230311,37.3164742],[126.6247135,37.3169482],[126.625,37.3170226],[126.6252521,37.317088],[126.6275308,37.3177009],[126.628667,37.3180171],[126.6303616,37.3184888],[126.6335089,37.3193649],[126.6368557,37.3202942],[126.6395181,37.3210361],[126.6425078,37.3218771],[126.6442063,37.322358],[126.6453721,37.3226768],[126.6460808,37.3228679],[126.6465588,37.3229968],[126.648355,37.3235102],[126.6496747,37.3238679],[126.65,37.3239586],[126.6501517,37.3240009],[126.6503575,37.324055],[126.6508007,37.3241825],[126.6518685,37.3244843],[126.6527543,37.3247239],[126.6536552,37.3249753],[126.6537512,37.3250003],[126.6543226,37.3251494],[126.6545789,37.3252259],[126.654612,37.3252369],[126.6546321,37.3252591],[126.6546723,37.325338],[126.6547124,37.3254863],[126.6547169,37.3255105],[126.6547194,37.3255869],[126.6546848,37.3257169],[126.6545933,37.3260118],[126.6545791,37.3261098],[126.6545784,37.3261226],[126.6545778,37.3261416],[126.6544034,37.3265429],[126.6542992,37.3267913],[126.6544295,37.3268289],[126.6545431,37.326576],[126.6547115,37.3262333],[126.6549089,37.3258999],[126.6550705,37.3256557],[126.6552985,37.3254605],[126.6553191,37.3254514],[126.6553387,37.3254477],[126.6553479,37.3254474],[126.6553824,37.325454],[126.6559243,37.3256015],[126.6569232,37.3258817],[126.6581658,37.326223],[126.6598205,37.3266884],[126.6610365,37.3270307],[126.6624117,37.3274132],[126.6638545,37.3278162],[126.665013,37.328138],[126.6662526,37.3284895],[126.667633,37.3288742],[126.6685144,37.32912],[126.6687642,37.3291843],[126.6688318,37.3292094],[126.6689674,37.3292512],[126.6694503,37.3293731],[126.6700424,37.329541],[126.6706952,37.329734],[126.6712247,37.3298808],[126.6712324,37.3298829],[126.6715754,37.3299794],[126.6717791,37.3300368],[126.6724026,37.3302068],[126.6729773,37.3303645],[126.673555,37.3305159],[126.6742123,37.3307092],[126.6747041,37.3308329],[126.6749472,37.3309066],[126.675,37.3309217],[126.6762842,37.3312903],[126.6774695,37.3316075],[126.6786655,37.3319456],[126.6786938,37.3319532],[126.6795998,37.3321966],[126.6803336,37.3323988],[126.6806536,37.332487],[126.6809773,37.3325771],[126.6817579,37.3327945],[126.6828499,37.3331046],[126.6835105,37.3332843],[126.6841422,37.3334562],[126.6851837,37.3337475],[126.6859116,37.333948],[126.6862886,37.3340518],[126.6870598,37.3342815],[126.6880213,37.3345581],[126.6886341,37.3347319],[126.6890209,37.3348421],[126.6895013,37.3349733],[126.689906,37.3351065],[126.6899856,37.3351334],[126.6900595,37.3351641],[126.6901202,37.3351846],[126.6901595,37.3351941],[126.690228,37.3352065],[126.6902791,37.3352202],[126.6903017,37.3352281],[126.6903415,37.335245],[126.6903613,37.3352551],[126.6903793,37.3352673],[126.6903868,37.3352741],[126.6903957,37.3352865],[126.6904035,37.3353062],[126.6904045,37.3353153],[126.6904022,37.3353286],[126.6903974,37.3353384],[126.6903825,37.3353535],[126.6903579,37.3353684],[126.6902957,37.3353944],[126.6902707,37.3354094],[126.6902425,37.3354328],[126.6902362,37.3354407],[126.6902246,37.3354664],[126.6902198,37.3354959],[126.690219,37.3355403],[126.690228,37.3355977],[126.6902279,37.3356378],[126.6902279,37.3356399],[126.690228,37.3356426],[126.690228,37.3356463],[126.690228,37.3356513],[126.690228,37.3356579],[126.690228,37.3356657],[126.690228,37.3356752],[126.690228,37.335686],[126.6902287,37.3356979],[126.6902307,37.3357115],[126.6902335,37.3357265],[126.6902359,37.3357415],[126.6902373,37.3357548],[126.690239,37.3357666],[126.690242,37.3357772],[126.6902461,37.3357877],[126.6902511,37.3357983],[126.6902565,37.335809],[126.6902627,37.3358191],[126.6902699,37.3358284],[126.6902774,37.335837],[126.6902858,37.3358448],[126.6902958,37.3358523],[126.690307,37.3358601],[126.6903203,37.3358684],[126.6903357,37.3358773],[126.6903526,37.3358868],[126.6903709,37.3358972],[126.69039,37.3359082],[126.6904098,37.3359195],[126.6904295,37.3359309],[126.6904496,37.3359425],[126.6904689,37.3359538],[126.6904885,37.3359649],[126.6905086,37.3359754],[126.6905285,37.3359861],[126.6905477,37.3359972],[126.6905668,37.3360084],[126.6905863,37.3360201],[126.6906056,37.3360323],[126.6906242,37.3360439],[126.6906413,37.3360531],[126.6906559,37.3360602],[126.6906689,37.3360656],[126.6906815,37.3360703],[126.6906882,37.336073],[126.6907073,37.3360773],[126.6907543,37.3360818],[126.6907985,37.3360824],[126.6908218,37.3360811],[126.690846,37.3360773],[126.690868,37.3360718],[126.6909359,37.3360434],[126.6909459,37.3360384],[126.6909564,37.3360303],[126.6909628,37.3360229],[126.6909803,37.3359873],[126.6909929,37.3359718],[126.6910241,37.3359393],[126.6910489,37.3359163],[126.6911024,37.335875],[126.6911746,37.3358293],[126.6912278,37.3357937],[126.6912474,37.3357831],[126.6912733,37.3357725],[126.691289,37.3357696],[126.6912901,37.3357699],[126.691298,37.3357687],[126.6916255,37.3357176],[126.6917223,37.3357025],[126.6917128,37.3356393],[126.6917075,37.3355759],[126.6917063,37.3355123],[126.6917094,37.3354488],[126.6917165,37.3353853],[126.6917278,37.3353224],[126.6917433,37.33526],[126.6917627,37.3351983],[126.6917864,37.3351376],[126.6918098,37.3350866],[126.6918138,37.3350779],[126.6918451,37.3350194],[126.6918803,37.3349624],[126.6919191,37.3349068],[126.6919614,37.3348529],[126.692003,37.334806],[126.6920074,37.334801],[126.6920514,37.3347583],[126.6920646,37.3347461],[126.6920885,37.334724],[126.6921197,37.3346979],[126.6921274,37.3346915],[126.6921527,37.3346735],[126.6921798,37.3346571],[126.6922085,37.3346427],[126.6922383,37.3346299],[126.6922697,37.3346195],[126.6923018,37.3346109],[126.6923346,37.3346038],[126.6923641,37.3345982],[126.6924165,37.3345948],[126.692596,37.3344496],[126.6928392,37.3342528],[126.6928485,37.334227],[126.6928582,37.3342106],[126.692879,37.3341893],[126.6930114,37.334085],[126.6929443,37.3340157],[126.6928734,37.3339423],[126.6965568,37.3316711],[126.6966449,37.3316168],[126.7013797,37.3286935],[126.7015278,37.3286021],[126.7016779,37.3285095]]]}},{"type":"Feature","properties":{"id":"jeongwang2","name":"정왕2동","data_area_id":"jeongwang2","adm_cd":"31150611","source":"경기도 시흥시 행정동경계_20250610 (공공데이터포털 15104305)","source_standard_date":"20230801"},"geometry":{"type":"Polygon","coordinates":[[[126.711969,37.322244],[126.7016779,37.3285095],[126.7017514,37.3285795],[126.7017716,37.3285987],[126.7017778,37.3286046],[126.7023911,37.3291884],[126.7024048,37.3292014],[126.7024065,37.3292031],[126.7031751,37.3299355],[126.703202,37.3299611],[126.7032217,37.3299799],[126.7039246,37.3306494],[126.7040132,37.3307335],[126.7040154,37.3307356],[126.7040228,37.3307431],[126.7040266,37.3307469],[126.7041032,37.3308197],[126.7041879,37.3309001],[126.7047545,37.3315022],[126.7047702,37.3315189],[126.7050994,37.3318687],[126.7054781,37.332271],[126.7056147,37.3324161],[126.7056906,37.3324968],[126.7057072,37.3325144],[126.7057075,37.3325148],[126.7057096,37.3325168],[126.705711,37.3325182],[126.7057135,37.332521],[126.7057242,37.3325329],[126.7065034,37.3333601],[126.7070459,37.3339359],[126.7071427,37.3340387],[126.7074107,37.3343132],[126.7074273,37.3343302],[126.7074547,37.3343585],[126.7074551,37.334359],[126.7078701,37.3347848],[126.7080306,37.3349494],[126.7080857,37.3350061],[126.7082206,37.3351444],[126.7082355,37.3351597],[126.7090427,37.3359871],[126.7090436,37.3359879],[126.709046,37.3359898],[126.7090469,37.3359906],[126.7095697,37.336527],[126.7109133,37.3379043],[126.7109161,37.3379072],[126.7109246,37.3379159],[126.7116241,37.338633],[126.7116459,37.3386554],[126.7118656,37.3388813],[126.7122605,37.3392896],[126.7123647,37.3393973],[126.7126524,37.3396954],[126.7127754,37.3398229],[126.7127772,37.3398248],[126.7127945,37.3398427],[126.7130894,37.3401481],[126.7146152,37.3417277],[126.7146247,37.3417375],[126.7158131,37.3429682],[126.7162627,37.3434298],[126.716264,37.3434313],[126.7162676,37.3434354],[126.7162732,37.3434412],[126.716275,37.343443],[126.7182099,37.3454279],[126.7182154,37.3454335],[126.7182972,37.3455174],[126.7184663,37.3456909],[126.7187782,37.3460108],[126.7188817,37.3461183],[126.7193828,37.346639],[126.7196924,37.3469597],[126.7199733,37.3472507],[126.7199881,37.3472661],[126.7203192,37.3476102],[126.720556,37.3478564],[126.7205564,37.3478568],[126.7207512,37.3480587],[126.7215425,37.3488604],[126.7215453,37.3488632],[126.7218977,37.3492201],[126.7225341,37.3498641],[126.722877,37.3502123],[126.7228896,37.3502252],[126.7228932,37.3502289],[126.7229031,37.350239],[126.7229035,37.3502395],[126.7229625,37.3502992],[126.7229629,37.3502996],[126.7231368,37.3504754],[126.723239,37.3505796],[126.723347,37.3506897],[126.7233936,37.3507366],[126.7233966,37.3507396],[126.7234222,37.3507654],[126.7234239,37.3507671],[126.7234462,37.3507895],[126.7235111,37.3508553],[126.723545,37.3508896],[126.7236333,37.3509789],[126.7237476,37.3510954],[126.7238135,37.3511626],[126.7240735,37.351426],[126.7241089,37.351462],[126.724162,37.3515164],[126.7243059,37.3516616],[126.7243464,37.3517024],[126.7243474,37.3517037],[126.7243489,37.3517054],[126.7243492,37.3517058],[126.7243599,37.3517167],[126.7246545,37.3520156],[126.7248443,37.3522081],[126.7248613,37.3522252],[126.7248825,37.3522463],[126.7248988,37.3522626],[126.725012,37.3523777],[126.7252794,37.3526494],[126.7253146,37.3526852],[126.7253151,37.3526856],[126.7253215,37.3526917],[126.7253238,37.3526938],[126.7253283,37.3526981],[126.725491,37.3528634],[126.7256419,37.3530167],[126.7257735,37.3531499],[126.7259569,37.3533355],[126.7259689,37.3533476],[126.7263419,37.3537259],[126.7263454,37.3537295],[126.7267461,37.354136],[126.7267708,37.354161],[126.726776,37.3541663],[126.7268132,37.3542041],[126.7268186,37.3542097],[126.7268663,37.3542585],[126.7268713,37.3542636],[126.7268768,37.354269],[126.7268879,37.35428],[126.7269917,37.3543852],[126.726992,37.3543855],[126.7270019,37.3543956],[126.7270023,37.354396],[126.7270977,37.3544927],[126.7270997,37.3544948],[126.7275947,37.3549967],[126.7275982,37.3550001],[126.7276053,37.3550072],[126.7276065,37.3550084],[126.7276109,37.3550127],[126.7277247,37.3551283],[126.7278539,37.3552587],[126.7278604,37.3552653],[126.7278665,37.3552715],[126.7280201,37.3554277],[126.7280522,37.3554605],[126.7280764,37.355485],[126.7280863,37.355495],[126.7281228,37.355532],[126.7281375,37.355547],[126.7281446,37.3555543],[126.7281469,37.3555566],[126.7282429,37.3556545],[126.7282514,37.355663],[126.7282593,37.3556709],[126.7282901,37.3557018],[126.7282904,37.3557021],[126.7283004,37.3557123],[126.7283053,37.3557173],[126.7283302,37.3557429],[126.7285266,37.3559418],[126.7285285,37.3559437],[126.7286267,37.356043],[126.7286809,37.3560979],[126.728951,37.3563719],[126.7290308,37.3564528],[126.7290345,37.3564565],[126.7292088,37.3563483],[126.7293651,37.3562511],[126.7293721,37.3562468],[126.7293746,37.3562494],[126.7294764,37.3563545],[126.7298134,37.3567023],[126.7299051,37.3567969],[126.7299102,37.3568022],[126.7303107,37.3572155],[126.7303703,37.3572948],[126.7304044,37.3573401],[126.7304247,37.3573671],[126.730506,37.3574484],[126.7306254,37.3575677],[126.7306485,37.3575831],[126.7306588,37.35759],[126.7307369,37.3576422],[126.7308027,37.3576863],[126.7309299,37.3578192],[126.7309362,37.3578259],[126.7310563,37.3579522],[126.7311623,37.3580637],[126.7312294,37.3581343],[126.7315155,37.3584353],[126.7315604,37.3584825],[126.7316705,37.3585984],[126.7321289,37.3590806],[126.7322416,37.3591991],[126.7322436,37.3592013],[126.7322507,37.3592088],[126.7323619,37.3593242],[126.7326371,37.3596102],[126.7326973,37.3596728],[126.7329351,37.3599199],[126.7329492,37.3599343],[126.7330839,37.3600723],[126.7334958,37.3604943],[126.7335188,37.3605179],[126.7336461,37.3606507],[126.733919,37.3609355],[126.7341036,37.3611282],[126.7341054,37.36113],[126.7341133,37.3611382],[126.7341666,37.3611939],[126.7341689,37.3611963],[126.7341991,37.3612278],[126.7347408,37.3608906],[126.7349445,37.3607638],[126.7350007,37.3607288],[126.7352739,37.3605587],[126.7354082,37.3604751],[126.7354356,37.360458],[126.7355449,37.36039],[126.7355602,37.3604145],[126.7356402,37.3603695],[126.7356926,37.36034],[126.7356507,37.3602769],[126.7355687,37.3598525],[126.7355576,37.3597806],[126.7355469,37.3597109],[126.7355312,37.3595688],[126.7355241,37.3594636],[126.7355216,37.3594263],[126.735518,37.3592837],[126.7355196,37.3591953],[126.7355206,37.359141],[126.7355291,37.3589985],[126.7355438,37.3588563],[126.7355461,37.3588408],[126.7355645,37.3587146],[126.7355913,37.3585735],[126.7356241,37.3584333],[126.7356363,37.3583893],[126.7356628,37.358294],[126.7357075,37.3581559],[126.7359389,37.3574869],[126.7360267,37.3572331],[126.7361169,37.3569726],[126.7362117,37.3566983],[126.7363063,37.3564251],[126.7365488,37.355724],[126.7365675,37.35567],[126.736603,37.3555675],[126.7364916,37.3554526],[126.736861,37.3544305],[126.7369147,37.3542677],[126.7369284,37.3542264],[126.7370127,37.3539713],[126.7372217,37.3536774],[126.7372524,37.3536399],[126.737402,37.353457],[126.7375854,37.3533181],[126.7376227,37.3532898],[126.7376268,37.3532867],[126.7377496,37.3531937],[126.7379918,37.3529916],[126.7382033,37.3528151],[126.7384568,37.3526035],[126.7386459,37.3524741],[126.7388985,37.3523012],[126.7390081,37.3522421],[126.7390567,37.3522159],[126.7391241,37.3521796],[126.7395715,37.3519383],[126.7395981,37.351924],[126.7396751,37.3518824],[126.7399581,37.3517908],[126.7400128,37.351773],[126.7402079,37.3517098],[126.7406267,37.3515742],[126.7407007,37.3515472],[126.7407155,37.3515418],[126.7407353,37.3515346],[126.7407042,37.3515021],[126.7406054,37.3513991],[126.739775,37.3505333],[126.7397579,37.3505154],[126.7395432,37.3502915],[126.7393593,37.3500997],[126.7393513,37.3500916],[126.7392395,37.3501607],[126.738973,37.3503255],[126.7389638,37.3503311],[126.738961,37.3503328],[126.7389608,37.3503326],[126.738899,37.3502683],[126.7383284,37.3496748],[126.7375569,37.3488722],[126.7375341,37.3488486],[126.7363882,37.3476559],[126.7360812,37.3473355],[126.735939,37.347187],[126.7359189,37.347166],[126.7359143,37.3471617],[126.7359106,37.3471581],[126.7355073,37.346738],[126.735295,37.3465168],[126.7352947,37.3465165],[126.7352787,37.3464994],[126.7346412,37.3458363],[126.7346372,37.3458321],[126.7344781,37.3456661],[126.7344102,37.3457081],[126.734285,37.34558],[126.7343544,37.345537],[126.7343524,37.3455349],[126.7343521,37.3455346],[126.7343429,37.3455256],[126.7343381,37.345521],[126.733864,37.3450278],[126.7334903,37.344638],[126.7334132,37.3445577],[126.7334129,37.3445573],[126.733405,37.3445492],[126.7333941,37.344538],[126.7332586,37.3443967],[126.7329105,37.3440338],[126.7329102,37.3440335],[126.7329064,37.3440298],[126.7329033,37.3440267],[126.7326246,37.3437466],[126.7324314,37.3435511],[126.7316915,37.342802],[126.7316656,37.3427751],[126.73154,37.3426444],[126.7315139,37.3426173],[126.7309638,37.3420471],[126.7304068,37.3414698],[126.7302603,37.3413201],[126.7300304,37.3410854],[126.7300159,37.3410703],[126.7300032,37.341057],[126.7300006,37.3410545],[126.729999,37.3410529],[126.7299892,37.3410434],[126.7289167,37.339939],[126.7284103,37.3394343],[126.7282237,37.3392427],[126.7282206,37.3392395],[126.7282204,37.3392393],[126.7282184,37.3392372],[126.7282071,37.3392256],[126.7281937,37.3392119],[126.7275885,37.3385907],[126.7274081,37.3383982],[126.7271775,37.3381518],[126.7266898,37.3376302],[126.7265396,37.3374695],[126.7263036,37.3372483],[126.7262883,37.3372339],[126.7262782,37.3372244],[126.7262779,37.3372241],[126.7262766,37.3372229],[126.7261776,37.3371303],[126.7260753,37.3370223],[126.7258509,37.3367855],[126.7257232,37.3366507],[126.7256801,37.3366061],[126.725652,37.336577],[126.7255794,37.3364988],[126.7255791,37.3364985],[126.7255705,37.3364893],[126.7254395,37.3363491],[126.7252659,37.3361634],[126.725236,37.3361315],[126.7252358,37.3361312],[126.7250823,37.3359668],[126.7249546,37.3358301],[126.7248592,37.3357279],[126.7246861,37.3355554],[126.7246573,37.3355271],[126.7246555,37.3355254],[126.7246469,37.3355169],[126.7246445,37.3355139],[126.7246434,37.3355124],[126.7243382,37.3352084],[126.7238835,37.3347505],[126.7237098,37.3345756],[126.723585,37.3344439],[126.7230879,37.3339192],[126.7228214,37.3336404],[126.7228136,37.3336323],[126.722813,37.3336318],[126.7228094,37.3336289],[126.7228055,37.333624],[126.7228031,37.333621],[126.7225854,37.3333931],[126.7220334,37.3328002],[126.7218104,37.3325669],[126.721804,37.3325603],[126.7218003,37.3325564],[126.721297,37.3320303],[126.7211661,37.3318955],[126.7209864,37.3317105],[126.7209805,37.3317042],[126.7209788,37.3317024],[126.7209761,37.3316995],[126.7209643,37.3316869],[126.7209641,37.3316867],[126.7207078,37.3314232],[126.7206388,37.3313522],[126.72006,37.3307681],[126.7200597,37.3307678],[126.7200494,37.3307569],[126.7200475,37.3307548],[126.7200463,37.3307535],[126.7200334,37.3307398],[126.7193562,37.330046],[126.7193119,37.3300006],[126.7193116,37.3300004],[126.719264,37.329952],[126.7190943,37.3297797],[126.7190861,37.3297714],[126.7190858,37.3297711],[126.7190784,37.3297635],[126.7189842,37.3296681],[126.7188934,37.3295762],[126.7183121,37.3289628],[126.7182883,37.3289379],[126.7182833,37.3289326],[126.7182688,37.3289175],[126.7181167,37.3287565],[126.717552,37.3281781],[126.7175305,37.3281555],[126.7175266,37.3281514],[126.7175163,37.3281407],[126.7175065,37.3281307],[126.7174277,37.32805],[126.716963,37.3276289],[126.7167215,37.3273599],[126.716686,37.3273203],[126.7166771,37.3273104],[126.7165439,37.3271619],[126.7158611,37.3264322],[126.7158608,37.3264318],[126.7157266,37.3262981],[126.7156479,37.3262197],[126.7155841,37.3261566],[126.7155263,37.3260994],[126.7151263,37.3257013],[126.7147653,37.3253382],[126.7147641,37.325337],[126.7147542,37.325327],[126.7143611,37.3249312],[126.7142147,37.3247697],[126.7140229,37.324558],[126.7140201,37.3245549],[126.714016,37.3245504],[126.7139803,37.3245118],[126.7139502,37.3244789],[126.7138911,37.3244143],[126.713573,37.3240643],[126.7132836,37.3237459],[126.7132831,37.3237453],[126.7132822,37.3237443],[126.713273,37.3237342],[126.712837,37.3232062],[126.7125925,37.3229103],[126.7125915,37.3229091],[126.7125842,37.3229003],[126.7123465,37.3226468],[126.711985,37.3222611],[126.711969,37.322244]]]}},{"type":"Feature","properties":{"id":"daeya","name":"대야동","data_area_id":"daeya","adm_cd":"31150510","source":"경기도 시흥시 행정동경계_20250610 (공공데이터포털 15104305)","source_standard_date":"20230801"},"geometry":{"type":"Polygon","coordinates":[[[126.7842499,37.4715368],[126.7842955,37.4714107],[126.7843411,37.4712576],[126.7847646,37.4706116],[126.7847953,37.4705647],[126.7850269,37.4702095],[126.7851473,37.4700247],[126.7856789,37.4699176],[126.7858938,37.4697897],[126.7863131,37.4695403],[126.7871157,37.4695148],[126.7876147,37.4693262],[126.7877391,37.4692792],[126.7878513,37.4692368],[126.7878629,37.4691197],[126.7878789,37.4682389],[126.7878897,37.4676421],[126.7878742,37.4670439],[126.7878694,37.4668582],[126.7884135,37.4663095],[126.788572,37.4661465],[126.7887196,37.4659948],[126.7889592,37.4658223],[126.7892067,37.4656442],[126.7894402,37.4656099],[126.7914457,37.4653149],[126.7918001,37.4653069],[126.7918187,37.4653065],[126.7920674,37.4653069],[126.7924292,37.4652896],[126.7939202,37.4656886],[126.7942364,37.4657703],[126.7942746,37.465767],[126.7947452,37.4657261],[126.794863,37.465598],[126.7948924,37.465566],[126.7949922,37.4654574],[126.7951421,37.4652943],[126.7956966,37.4648245],[126.7958105,37.4647279],[126.7961347,37.4644367],[126.7962411,37.4643412],[126.7962515,37.4643267],[126.7963117,37.4642433],[126.796468,37.4640262],[126.7968661,37.4640269],[126.7973384,37.4640278],[126.7979559,37.4643599],[126.7980946,37.4644345],[126.7983301,37.4644811],[126.798829,37.4645799],[126.7989638,37.4645226],[126.7992929,37.4643825],[126.7996664,37.464221],[126.7999039,37.4641673],[126.7999507,37.464155],[126.8000736,37.4641225],[126.8002094,37.4640687],[126.8002192,37.4640653],[126.8003997,37.4640019],[126.8008373,37.4638482],[126.8010013,37.4637907],[126.8009211,37.4632592],[126.8008896,37.4630506],[126.8008681,37.4629075],[126.8012355,37.4629331],[126.8012238,37.4629868],[126.8012693,37.4629948],[126.8012733,37.4629763],[126.8012746,37.4629768],[126.8012763,37.4629772],[126.801278,37.4629773],[126.8013548,37.4629799],[126.8013567,37.4629798],[126.8013587,37.4629794],[126.8013605,37.4629788],[126.8013621,37.462978],[126.8013636,37.4629769],[126.8013648,37.4629757],[126.8013657,37.4629743],[126.8013663,37.4629728],[126.8013665,37.4629712],[126.8013668,37.4629663],[126.8013894,37.4629624],[126.8013912,37.462962],[126.8013929,37.4629613],[126.8013932,37.4629611],[126.8013942,37.4629611],[126.8014271,37.4629602],[126.801429,37.46296],[126.8014308,37.4629596],[126.8014326,37.4629589],[126.8014341,37.462958],[126.8014355,37.4629569],[126.8014365,37.4629556],[126.8014373,37.4629542],[126.8014376,37.4629534],[126.8014879,37.4629519],[126.8014899,37.4629517],[126.8014918,37.4629513],[126.8014935,37.4629506],[126.8014951,37.4629496],[126.8014964,37.4629485],[126.8014975,37.4629471],[126.8014983,37.4629457],[126.8014987,37.4629442],[126.8014988,37.4629426],[126.8014975,37.4629144],[126.8014973,37.4629129],[126.8014971,37.4629123],[126.8015552,37.4628932],[126.8016202,37.4628719],[126.8018132,37.4628085],[126.8018631,37.4627921],[126.8022249,37.4627386],[126.8022443,37.4627324],[126.8022511,37.4627302],[126.8022815,37.4627207],[126.8023719,37.4626939],[126.8023608,37.4626671],[126.8024288,37.4625952],[126.802463,37.4624872],[126.8024803,37.4624597],[126.8025425,37.4623612],[126.8026445,37.4622352],[126.8026446,37.4622262],[126.8026446,37.4621992],[126.8027819,37.462072],[126.8028486,37.4620103],[126.8029393,37.4618843],[126.8029801,37.4618475],[126.8030187,37.4618123],[126.8031093,37.4617314],[126.8031885,37.4616955],[126.8034034,37.4616418],[126.8037992,37.4615524],[126.8040593,37.4615077],[126.8042287,37.4615621],[126.8042989,37.4615927],[126.8043529,37.4616163],[126.8044255,37.4616267],[126.804545,37.4616437],[126.8046991,37.4616977],[126.8047257,37.4617071],[126.8048261,37.4617032],[126.8049518,37.4616984],[126.8050083,37.4616895],[126.8052683,37.4616719],[126.8054039,37.4616902],[126.8054604,37.4617263],[126.8055393,37.4617985],[126.8056295,37.4618888],[126.8056971,37.461979],[126.8057083,37.461997],[126.80581,37.4620152],[126.8060813,37.4619976],[126.8064314,37.4620973],[126.8065557,37.4621156],[126.8067819,37.4620979],[126.8069062,37.4620801],[126.8069515,37.4620531],[126.8069756,37.4620474],[126.8070646,37.4620263],[126.8071437,37.4620445],[126.8072229,37.4619995],[126.8074152,37.4619548],[126.807596,37.4619821],[126.8077428,37.4620364],[126.8078218,37.4620546],[126.8078558,37.4620456],[126.8079574,37.4620728],[126.8081496,37.4620641],[126.8083078,37.4620914],[126.8084321,37.4620916],[126.8085338,37.4621188],[126.8086559,37.4621362],[126.8087234,37.4621459],[126.8087259,37.4621462],[126.808805,37.4621192],[126.8088164,37.4621193],[126.8088955,37.4621284],[126.8088956,37.4620743],[126.8089074,37.4618942],[126.8089073,37.4618938],[126.8088887,37.4618038],[126.808885,37.461786],[126.8088901,37.4617761],[126.808903,37.4617506],[126.8089305,37.461696],[126.8090324,37.4616241],[126.8091682,37.4615432],[126.8092222,37.461505],[126.8092701,37.4614713],[126.8092769,37.4614659],[126.8093494,37.4614083],[126.8094175,37.4613274],[126.8094998,37.4612999],[126.8096324,37.4612556],[126.8097115,37.4612558],[126.8097512,37.4612448],[126.8097948,37.4612328],[126.8099377,37.4611931],[126.8099606,37.461103],[126.809989,37.4610129],[126.8099947,37.4609949],[126.8101194,37.460878],[126.8101533,37.4608691],[126.8103344,37.4607882],[126.8103909,37.4607974],[126.8103919,37.4607974],[126.8104113,37.4607974],[126.8104214,37.4607974],[126.8104361,37.4607974],[126.810504,37.4607705],[126.8105379,37.4607615],[126.810572,37.4606805],[126.8105729,37.4606758],[126.810581,37.4606313],[126.8105835,37.4606175],[126.8107647,37.4604556],[126.8107969,37.4604264],[126.810844,37.4603836],[126.8109745,37.460332],[126.8110024,37.4603208],[126.8110589,37.4603209],[126.8110766,37.4603162],[126.8110929,37.4603119],[126.8111028,37.4603001],[126.8111156,37.4602849],[126.8111382,37.460258],[126.8111385,37.4601678],[126.8111652,37.460122],[126.8112066,37.4600508],[126.8112177,37.460043],[126.8113085,37.4599789],[126.8113571,37.4599506],[126.8114783,37.4598801],[126.8115464,37.459754],[126.8115579,37.459673],[126.811558,37.4596369],[126.8115693,37.459637],[126.8115806,37.459628],[126.8116374,37.459538],[126.8116487,37.459529],[126.81166,37.459529],[126.8117283,37.4593489],[126.8117424,37.4592458],[126.8117513,37.4592456],[126.8117531,37.4592454],[126.8117548,37.4592451],[126.8117565,37.4592445],[126.811758,37.4592437],[126.8117593,37.4592427],[126.8117604,37.4592416],[126.8117613,37.4592403],[126.8117619,37.459239],[126.8117623,37.4592376],[126.8117623,37.4592362],[126.8117569,37.45914],[126.8117628,37.4590967],[126.8117629,37.459064],[126.8117629,37.4590555],[126.8117645,37.4590555],[126.8117663,37.4590554],[126.811768,37.459055],[126.8117697,37.4590545],[126.8117712,37.4590538],[126.8117725,37.4590528],[126.8117737,37.4590518],[126.8117746,37.4590505],[126.8117753,37.4590492],[126.8117757,37.4590478],[126.8117759,37.4590464],[126.8117755,37.4589467],[126.8117754,37.4589453],[126.811775,37.4589439],[126.8117743,37.4589426],[126.8117734,37.4589414],[126.8117722,37.4589404],[126.8117709,37.4589394],[126.8117694,37.4589387],[126.8117678,37.4589382],[126.8117661,37.4589378],[126.8117643,37.4589377],[126.8117415,37.4589376],[126.8117407,37.4589344],[126.8117671,37.458884],[126.8117974,37.4588264],[126.8118313,37.4588175],[126.811849,37.4588351],[126.8119215,37.4589077],[126.8120005,37.4589619],[126.8120681,37.4590611],[126.8120948,37.459104],[126.8121356,37.4591693],[126.8121807,37.4592145],[126.8121936,37.4592128],[126.8123164,37.4591967],[126.8124182,37.4591608],[126.8124521,37.4591698],[126.8124634,37.4591789],[126.8125989,37.4592151],[126.8127007,37.4591973],[126.8127617,37.4591675],[126.8128172,37.4591827],[126.8128189,37.4591831],[126.8128207,37.4591832],[126.8128225,37.4591831],[126.8128242,37.4591828],[126.8128259,37.4591823],[126.8128274,37.4591816],[126.8128288,37.4591806],[126.8128299,37.4591796],[126.8128309,37.4591784],[126.8128316,37.4591771],[126.8128555,37.4591206],[126.812961,37.4590535],[126.8129822,37.4590434],[126.813033,37.4590571],[126.8130348,37.4590575],[126.8130365,37.4590576],[126.8130383,37.4590575],[126.81304,37.4590572],[126.8130417,37.4590566],[126.8130432,37.4590559],[126.8130446,37.459055],[126.8130457,37.4590539],[126.8130467,37.4590527],[126.8130474,37.4590514],[126.81307,37.4589974],[126.8131308,37.4589637],[126.8132667,37.4588378],[126.8133347,37.4587658],[126.8134137,37.458739],[126.8133859,37.4588559],[126.8133796,37.4588826],[126.8133906,37.4589907],[126.8133907,37.4589911],[126.8134465,37.4592341],[126.8134466,37.4592345],[126.8134237,37.4593246],[126.8134192,37.4593494],[126.8134123,37.4593876],[126.8133935,37.4594025],[126.8133443,37.4594416],[126.8133101,37.4595857],[126.8132419,37.4597117],[126.813208,37.4599333],[126.8132075,37.4599369],[126.8132268,37.4600067],[126.8132298,37.4600177],[126.8132299,37.460018],[126.8132408,37.4601439],[126.8132408,37.4601442],[126.8133084,37.4602344],[126.8133197,37.4602344],[126.813444,37.4602797],[126.8135457,37.4602798],[126.8135682,37.4602979],[126.8136207,37.4602748],[126.8136701,37.460253],[126.8137944,37.4602622],[126.8139752,37.4602805],[126.8142124,37.460353],[126.8143027,37.4603982],[126.8143591,37.4604253],[126.8144496,37.4603984],[126.8144605,37.4604071],[126.8143929,37.4604339],[126.8143816,37.460461],[126.8144267,37.4605061],[126.8144718,37.4605332],[126.8144718,37.4605336],[126.8144718,37.4605512],[126.8145733,37.4606054],[126.8145622,37.4605608],[126.8145622,37.4605604],[126.8147152,37.4606238],[126.8150526,37.4607636],[126.8151991,37.4608242],[126.8154612,37.4609329],[126.8155445,37.4609674],[126.8158617,37.4606615],[126.8161787,37.4604638],[126.816383,37.4601217],[126.8164022,37.4600863],[126.8164511,37.4599957],[126.8165368,37.4599834],[126.8165755,37.4599779],[126.8167564,37.4599511],[126.8169608,37.459564],[126.8175055,37.4592825],[126.8176065,37.4592301],[126.8177078,37.4591777],[126.8178935,37.4592],[126.8180128,37.4592143],[126.8180694,37.4592053],[126.8181368,37.4592177],[126.8184648,37.459278],[126.8188717,37.4592696],[126.8189169,37.4592787],[126.819416,37.4594043],[126.8196737,37.4594691],[126.8197207,37.4594785],[126.8197641,37.4594873],[126.8201942,37.4592356],[126.8204664,37.4588666],[126.8206631,37.4587205],[126.8208174,37.4586059],[126.8210143,37.4585945],[126.8210341,37.4585934],[126.8220855,37.4585326],[126.8221105,37.4585312],[126.8221852,37.4585269],[126.8221944,37.4585269],[126.8221965,37.4585269],[126.8228182,37.4585008],[126.8230322,37.4584265],[126.8231802,37.4583752],[126.8231853,37.4583817],[126.8231868,37.4583835],[126.8231914,37.4583821],[126.8231942,37.4583813],[126.8231951,37.4583762],[126.8233353,37.4575828],[126.8236663,37.4568577],[126.8237263,37.4564742],[126.8236614,37.4563988],[126.8234656,37.4561555],[126.8233558,37.455752],[126.8234594,37.4553118],[126.8234441,37.4552295],[126.8233956,37.4549692],[126.8235192,37.4544894],[126.8235881,37.4544231],[126.8236458,37.4543712],[126.8241412,37.4539245],[126.8241796,37.453822],[126.8241945,37.4537905],[126.8239965,37.4534536],[126.8239474,37.45337],[126.8237496,37.4530446],[126.8237113,37.4529809],[126.823707,37.4529738],[126.8236439,37.4528681],[126.8235923,37.4527818],[126.8235865,37.4527654],[126.8235916,37.45267],[126.8235959,37.4526469],[126.8236309,37.4525497],[126.8236862,37.4524018],[126.8236635,37.4522127],[126.8236693,37.4521534],[126.8236834,37.4520663],[126.8237036,37.4519435],[126.8237264,37.4519146],[126.8238134,37.4518559],[126.8239151,37.451821],[126.8241262,37.4517531],[126.8242512,37.4516984],[126.8243709,37.4516278],[126.8243786,37.451619],[126.8243973,37.4515972],[126.8244548,37.4515215],[126.8244836,37.4515086],[126.8246427,37.4515566],[126.8247062,37.4515563],[126.8247568,37.4515563],[126.8248391,37.4514933],[126.8248627,37.4514711],[126.8250172,37.451314],[126.8252071,37.4511207],[126.8251299,37.4510576],[126.8242613,37.4503379],[126.8242604,37.4502933],[126.8242506,37.4497999],[126.8242496,37.449752],[126.8242663,37.4497108],[126.8243545,37.4494928],[126.8245242,37.4493731],[126.8246759,37.4492661],[126.8248542,37.4489365],[126.8248769,37.4489454],[126.8250062,37.4486458],[126.8251214,37.4484828],[126.8253269,37.448211],[126.8253668,37.4481104],[126.8254196,37.4479912],[126.8254104,37.4479863],[126.8254921,37.4478094],[126.8256606,37.447599],[126.8256865,37.4475648],[126.8256708,37.4474186],[126.8256731,37.4473043],[126.8256585,37.4471239],[126.8256501,37.4470568],[126.8252358,37.446975],[126.8248327,37.4468953],[126.8247547,37.4468799],[126.8248271,37.4466662],[126.8248749,37.4465775],[126.8249737,37.4463941],[126.8248452,37.4458862],[126.8248395,37.4458637],[126.8247583,37.4458072],[126.8245053,37.4456313],[126.8243012,37.4454921],[126.8242457,37.4454501],[126.8241951,37.445416],[126.8241853,37.4454083],[126.8237081,37.4450337],[126.8236445,37.4449838],[126.8234955,37.4448689],[126.8230351,37.4444601],[126.8228059,37.4439091],[126.8229891,37.4432815],[126.8234368,37.4428668],[126.8235782,37.4427352],[126.824011,37.4423326],[126.8236772,37.4422877],[126.8236531,37.4422845],[126.823312,37.4423047],[126.8231334,37.4422996],[126.8228607,37.4422918],[126.822536,37.4420849],[126.8222738,37.4420062],[126.8220034,37.4419219],[126.8219522,37.4418644],[126.8218591,37.4417839],[126.8215571,37.441523],[126.8215073,37.4414897],[126.8212212,37.4410681],[126.8210991,37.4409002],[126.8210994,37.4408998],[126.8209266,37.4406628],[126.8207799,37.4405274],[126.8207704,37.4405186],[126.8204078,37.440215],[126.8201571,37.4401382],[126.8201372,37.4401321],[126.8193802,37.4397492],[126.8191006,37.4397117],[126.8190435,37.4397067],[126.8183442,37.4396555],[126.818098,37.4394984],[126.8180503,37.4394776],[126.8180045,37.4394027],[126.817842,37.4391807],[126.8177818,37.4391074],[126.8176811,37.4390501],[126.8176409,37.4390344],[126.8175961,37.4390297],[126.8173935,37.4390434],[126.8171834,37.439107],[126.8170585,37.4391083],[126.816772,37.4390545],[126.8163277,37.4389929],[126.8160636,37.4389723],[126.8158939,37.4389041],[126.8156735,37.4388197],[126.8156474,37.4388097],[126.8156179,37.438802],[126.8153637,37.4387733],[126.8151648,37.4387509],[126.8150234,37.4387349],[126.8149738,37.4387293],[126.8145703,37.438669],[126.8143341,37.4387556],[126.8141736,37.4387321],[126.8140769,37.4386963],[126.8139654,37.4386707],[126.8138778,37.4386506],[126.813766,37.4386095],[126.81362,37.4385457],[126.8133205,37.4384604],[126.8130413,37.4383611],[126.8129971,37.4383454],[126.8127734,37.4383118],[126.8125425,37.4382874],[126.8122686,37.4382354],[126.8122589,37.4382388],[126.8119648,37.4383433],[126.8117772,37.4383843],[126.8116963,37.4384167],[126.8116366,37.4384407],[126.811456,37.4385133],[126.8112328,37.4386029],[126.8111868,37.4386214],[126.8110708,37.4386246],[126.8109748,37.4386089],[126.8109763,37.4385978],[126.8108939,37.4385916],[126.8107896,37.4385816],[126.8107,37.4385764],[126.8106019,37.4385374],[126.810474,37.4384753],[126.810246,37.4384332],[126.8100914,37.4383994],[126.8098981,37.4383499],[126.8098473,37.4383485],[126.8097273,37.4383715],[126.8096649,37.4383734],[126.809524,37.438366],[126.8094621,37.4383555],[126.8093775,37.4383336],[126.8090597,37.4382106],[126.8088439,37.4381654],[126.8087434,37.4381292],[126.8087189,37.4381259],[126.8086654,37.4381186],[126.8085111,37.4381207],[126.8083729,37.4381362],[126.8083782,37.4381788],[126.8084065,37.4383754],[126.8084432,37.438477],[126.8084126,37.4384783],[126.8084106,37.4384933],[126.8084047,37.4385368],[126.808402,37.4385569],[126.8083998,37.438574],[126.8085031,37.4385866],[126.8085251,37.4386191],[126.808586,37.4387089],[126.8087203,37.4390413],[126.808762,37.4391346],[126.8087742,37.4391621],[126.8087923,37.4392026],[126.8087764,37.4392041],[126.8089406,37.4395523],[126.8089101,37.4395523],[126.8090073,37.4398173],[126.8090371,37.4398984],[126.8090513,37.440016],[126.8090553,37.4400484],[126.8090583,37.4400732],[126.8091598,37.4404581],[126.8091864,37.4405589],[126.8091992,37.4406075],[126.8092282,37.4408002],[126.8093607,37.4412872],[126.8093619,37.4413092],[126.8093641,37.4413542],[126.8093861,37.4415497],[126.8093459,37.4415964],[126.8092842,37.441619],[126.8094235,37.4416628],[126.8094837,37.4416641],[126.8096144,37.4420357],[126.8096823,37.4421427],[126.8096981,37.442158],[126.8097169,37.4421762],[126.8097596,37.4422029],[126.8097938,37.4423972],[126.8099087,37.4425954],[126.8099036,37.4426057],[126.8099385,37.4426538],[126.8099775,37.4427068],[126.8100913,37.4430203],[126.8100972,37.4430367],[126.8099852,37.4431247],[126.80999,37.4431357],[126.8099996,37.443158],[126.8100147,37.443193],[126.8101319,37.4431293],[126.8101731,37.4432363],[126.8102086,37.4433282],[126.8102322,37.4433897],[126.8102726,37.4434946],[126.8102891,37.4435374],[126.8102316,37.4435964],[126.8101516,37.443547],[126.8098598,37.4435911],[126.8098168,37.4436408],[126.8097816,37.4436084],[126.8097373,37.4435677],[126.8096548,37.4436523],[126.8095818,37.4437162],[126.809509,37.4437464],[126.8094816,37.4437958],[126.8094779,37.4438023],[126.8092128,37.4440624],[126.8090167,37.4442549],[126.8089924,37.4442798],[126.809002,37.444416],[126.809004,37.444444],[126.8090076,37.4444843],[126.808783,37.444718],[126.8086594,37.444847],[126.8086422,37.4448664],[126.8086344,37.4449061],[126.8086234,37.4449622],[126.8086052,37.4449968],[126.8086016,37.4450162],[126.8086115,37.4450904],[126.8086144,37.4451124],[126.8086214,37.4451368],[126.8086413,37.4451822],[126.8086735,37.4452299],[126.8087066,37.4452733],[126.8086886,37.4452923],[126.8086453,37.4453379],[126.8086424,37.445341],[126.8086372,37.4453357],[126.8086211,37.4453246],[126.8086094,37.4453211],[126.8085822,37.4453136],[126.8085583,37.4453098],[126.8085505,37.4453084],[126.8085366,37.4453084],[126.8085341,37.4453089],[126.8085132,37.4453116],[126.8084921,37.4453215],[126.8084785,37.4453305],[126.808473,37.4453349],[126.8084668,37.4453408],[126.8084624,37.4453467],[126.8084575,37.4453552],[126.8084487,37.4453709],[126.8084341,37.4453859],[126.8084119,37.4453958],[126.8083989,37.4454001],[126.8083804,37.4454016],[126.8083495,37.445404],[126.8083308,37.4454156],[126.8082842,37.44545],[126.808228,37.4454841],[126.8081933,37.4454959],[126.8081208,37.4455824],[126.8080071,37.4456939],[126.8077874,37.4459093],[126.8075826,37.4461089],[126.8075133,37.4461768],[126.807441,37.446246],[126.8072616,37.446423],[126.8072607,37.4464239],[126.8071076,37.4465744],[126.807094,37.4465878],[126.8069105,37.4467683],[126.8067074,37.4470059],[126.8066932,37.4470215],[126.8066246,37.4471011],[126.8065785,37.4471558],[126.8065789,37.44726],[126.806666,37.4473697],[126.806544,37.4474965],[126.8063125,37.4477447],[126.806244,37.4478172],[126.8062123,37.4478518],[126.8062075,37.4478569],[126.8061238,37.4479457],[126.8060744,37.4479974],[126.8060574,37.4480152],[126.8057726,37.4479363],[126.8056932,37.4479143],[126.8054422,37.4478447],[126.8052989,37.4478049],[126.8052773,37.4477989],[126.8051636,37.4477674],[126.8048484,37.44768],[126.8046479,37.4476244],[126.8045497,37.4475972],[126.8042486,37.4475137],[126.8041552,37.4474878],[126.8041357,37.4474824],[126.8040591,37.4474612],[126.8039858,37.4474404],[126.8039075,37.4474188],[126.8036566,37.4473416],[126.8033977,37.447262],[126.8030348,37.4471613],[126.802868,37.4471305],[126.8027399,37.4470951],[126.8027131,37.4470877],[126.8026696,37.4470752],[126.8025629,37.4470448],[126.8024137,37.4469998],[126.8022654,37.4469528],[126.8021621,37.4469183],[126.8021183,37.4469037],[126.801918,37.4468336],[126.801853,37.4468109],[126.8018282,37.4468023],[126.8016884,37.4467488],[126.8015497,37.4466931],[126.8014125,37.4466358],[126.8012645,37.4465517],[126.801093,37.446473],[126.8009237,37.4463912],[126.8007566,37.4463064],[126.8006151,37.4462354],[126.8004453,37.4461508],[126.8004113,37.4461332],[126.8002,37.4460241],[126.8001534,37.4460001],[126.8001442,37.4459953],[126.800138,37.4459921],[126.8000523,37.4459479],[126.8000529,37.4459451],[126.7999963,37.445915],[126.7998407,37.4458325],[126.7994362,37.4456179],[126.7989366,37.4453528],[126.7983501,37.4450416],[126.7981327,37.4449262],[126.7979642,37.4448369],[126.7977552,37.444726],[126.7975957,37.4446414],[126.7969939,37.4443221],[126.796986,37.4443179],[126.7966601,37.4441556],[126.7965838,37.4441175],[126.7959301,37.4437918],[126.7949466,37.4433018],[126.7946229,37.4431405],[126.7945174,37.443088],[126.7943001,37.4429797],[126.7942938,37.4429765],[126.7942404,37.4429499],[126.7941279,37.4428939],[126.7938314,37.4424001],[126.7937346,37.4422389],[126.793476,37.4418082],[126.7928154,37.4407082],[126.7928135,37.4407049],[126.7928248,37.44063],[126.7928676,37.440348],[126.792923,37.4399829],[126.7929232,37.4399816],[126.7929833,37.4395854],[126.7930474,37.4391629],[126.79307,37.4390133],[126.7930837,37.439013],[126.7931843,37.4390107],[126.793427,37.4390053],[126.793427,37.438942],[126.7934283,37.4389149],[126.7934292,37.4388293],[126.79343,37.4387626],[126.793429,37.4387269],[126.7932655,37.4387391],[126.7929722,37.4387609],[126.7926416,37.4387521],[126.7924355,37.4387441],[126.7923291,37.4387399],[126.7921278,37.4387025],[126.792062,37.4386993],[126.7917984,37.4386862],[126.7916545,37.4386777],[126.7915823,37.4386644],[126.7914484,37.4386671],[126.7909545,37.4386751],[126.7907008,37.4387248],[126.7905579,37.4387532],[126.7905455,37.4387556],[126.7902019,37.4388223],[126.7900587,37.4388724],[126.7899732,37.4389012],[126.7899603,37.4389056],[126.7898748,37.4390009],[126.7898392,37.4390393],[126.7897575,37.4390581],[126.7895395,37.4390845],[126.7893223,37.4391104],[126.7892157,37.4391233],[126.7891967,37.4391254],[126.7891469,37.4391501],[126.7891215,37.4391621],[126.7889775,37.439193],[126.7889614,37.4391967],[126.788825,37.4392281],[126.7886141,37.4392847],[126.7886118,37.4392857],[126.7885217,37.4393085],[126.7884756,37.4393217],[126.788404,37.4393436],[126.7883923,37.4393481],[126.788268,37.4393954],[126.7881097,37.4394557],[126.7880084,37.4394984],[126.7879416,37.4395267],[126.7878564,37.4395628],[126.7877593,37.4396035],[126.7876099,37.4396679],[126.7875956,37.4396738],[126.7873713,37.439767],[126.7871898,37.4398426],[126.7871479,37.4398595],[126.7871437,37.4398612],[126.7871337,37.4398652],[126.7871015,37.4398782],[126.7870595,37.4398954],[126.7870483,37.4399],[126.7870715,37.439942],[126.7871107,37.4400134],[126.7871846,37.4401384],[126.787202,37.4401692],[126.7872096,37.4401832],[126.7872353,37.4402259],[126.7872489,37.4402492],[126.7872561,37.4402605],[126.787262,37.4402699],[126.7872689,37.4402815],[126.7873038,37.4403407],[126.7874045,37.4405075],[126.7874463,37.4405779],[126.7876069,37.4408494],[126.7876701,37.4409538],[126.7877785,37.4411332],[126.787904,37.4413408],[126.7879849,37.4414746],[126.7880044,37.4415047],[126.7879859,37.4415118],[126.7878515,37.4415631],[126.7876128,37.4416541],[126.7874677,37.4417096],[126.7874033,37.4417342],[126.7873344,37.4417605],[126.7871537,37.4418294],[126.7869464,37.4419086],[126.7868724,37.4419368],[126.7867928,37.4419672],[126.786533,37.4420663],[126.7862735,37.4421655],[126.7862021,37.4421927],[126.7861199,37.442224],[126.786055,37.4422488],[126.7859596,37.4422852],[126.7859291,37.4422968],[126.7858337,37.4423332],[126.7857389,37.4423694],[126.7857083,37.442381],[126.7855728,37.4424328],[126.7853682,37.4425109],[126.7853376,37.4425226],[126.7852879,37.4425416],[126.7852099,37.4425713],[126.7850995,37.4426135],[126.7850688,37.4426252],[126.7849842,37.4426576],[126.7849648,37.4426999],[126.7849065,37.4427216],[126.7849004,37.4427239],[126.7849905,37.4428772],[126.7849976,37.4428893],[126.7850005,37.4429007],[126.7850377,37.4430471],[126.7851541,37.4435048],[126.7851524,37.4436359],[126.785151,37.443741],[126.7851477,37.4439914],[126.7851457,37.4441447],[126.7851402,37.4445622],[126.7850723,37.4445617],[126.7845704,37.4445572],[126.7845596,37.4445571],[126.7840542,37.4445526],[126.7838384,37.4445506],[126.7832985,37.4443806],[126.7832695,37.4443714],[126.7830885,37.4447398],[126.7829143,37.4450944],[126.7828717,37.445181],[126.7827806,37.4453664],[126.7827728,37.4453824],[126.7826254,37.4452953],[126.7825555,37.4452541],[126.782441,37.4453372],[126.7824052,37.4453725],[126.7823502,37.4454266],[126.7822561,37.4455583],[126.7821963,37.4456337],[126.7821008,37.4457332],[126.7820699,37.4457355],[126.7820139,37.4457756],[126.7818905,37.4458294],[126.7818783,37.4458184],[126.7818204,37.4458603],[126.7817546,37.4458902],[126.7814523,37.4460274],[126.7813442,37.4460765],[126.781253,37.4461457],[126.7815594,37.4466318],[126.7813316,37.4467699],[126.7809564,37.4469992],[126.7808398,37.4470676],[126.7808185,37.4470801],[126.7807795,37.4471426],[126.780481,37.4476208],[126.7803202,37.4478724],[126.7801938,37.4480148],[126.7795628,37.4486888],[126.7793625,37.4491199],[126.7793392,37.4491636],[126.7793257,37.4491986],[126.7793302,37.4492753],[126.7794391,37.4497013],[126.7794484,37.4497376],[126.779578,37.4502448],[126.779056,37.4510319],[126.7790368,37.4510608],[126.7792397,37.4516419],[126.7794046,37.4521256],[126.7796236,37.4525819],[126.7797444,37.4528439],[126.7798807,37.4531396],[126.7799956,37.4533856],[126.7800736,37.4537208],[126.7801544,37.454042],[126.7800071,37.4544539],[126.7800534,37.4544962],[126.7802395,37.4546497],[126.7803022,37.4547566],[126.7804322,37.4549781],[126.779657,37.4556347],[126.7791914,37.4560269],[126.7780556,37.4570003],[126.7780255,37.4570149],[126.7777347,37.4570792],[126.7777285,37.4570805],[126.7773703,37.4571629],[126.7773801,37.4572978],[126.7774033,37.4576461],[126.7775829,37.4581142],[126.7775988,37.4581984],[126.7776678,37.4585636],[126.7776679,37.4585641],[126.7776851,37.4586552],[126.7777686,37.4590969],[126.7782637,37.459296],[126.7783191,37.4593184],[126.7788381,37.4597017],[126.7788396,37.4597314],[126.7788401,37.4597407],[126.7788442,37.4598175],[126.7788659,37.4602044],[126.7787661,37.4607265],[126.7786446,37.4613922],[126.7785505,37.461915],[126.7785288,37.4620356],[126.7784844,37.4620131],[126.778473,37.4620073],[126.7784694,37.4620288],[126.7784341,37.4620657],[126.778445,37.4620715],[126.778455,37.4620768],[126.7784139,37.4621176],[126.7778361,37.4626903],[126.7778287,37.4626982],[126.7777441,37.4627879],[126.7781545,37.463217],[126.7782628,37.4633303],[126.778415,37.4635585],[126.7786134,37.4638561],[126.7787769,37.464114],[126.779007,37.4644771],[126.779323,37.4648865],[126.7793944,37.4649922],[126.7793982,37.4649997],[126.7795906,37.4653786],[126.7798142,37.4658194],[126.7798199,37.4658307],[126.7797729,37.465861],[126.7795228,37.4660224],[126.7796698,37.4662722],[126.7797001,37.4663237],[126.7796828,37.4665484],[126.7796601,37.4668434],[126.7795946,37.4671345],[126.7793733,37.4674759],[126.779185,37.4677813],[126.779386,37.4679509],[126.7794339,37.4683007],[126.7793846,37.4683555],[126.7789781,37.4688072],[126.7786001,37.4693493],[126.7785242,37.4694189],[126.7781852,37.4697295],[126.7779857,37.4699135],[126.7779486,37.4699477],[126.7778674,37.4700226],[126.7778439,37.470254],[126.7778908,37.4707583],[126.7781136,37.4715156],[126.778186,37.4717572],[126.7781973,37.4717947],[126.7782003,37.4718034],[126.7782549,37.4717919],[126.7783685,37.4717678],[126.7784048,37.4717602],[126.7784274,37.4717602],[126.7787213,37.4717517],[126.778993,37.4716441],[126.7792306,37.4715545],[126.7792419,37.4715545],[126.7796944,37.4714562],[126.7802028,37.4715653],[126.7803952,37.4714936],[126.7806098,37.471539],[126.7806437,37.4715481],[126.7809375,37.4715937],[126.7812425,37.4716664],[126.7821123,37.4718752],[126.7823494,37.4719928],[126.7824284,37.47202],[126.7828467,37.4720388],[126.7829258,37.4720479],[126.7829484,37.472057],[126.7830048,37.4720931],[126.7830195,37.4721015],[126.7830838,37.4721383],[126.7831626,37.4722466],[126.7832417,37.4722557],[126.7836998,37.4723149],[126.7840333,37.472358],[126.7842486,37.4723857],[126.7843039,37.4723928],[126.7843269,37.4722848],[126.7843151,37.4721569],[126.784283,37.4718071],[126.7842499,37.4715368]]]}},{"type":"Feature","properties":{"id":"sincheon","name":"신천동","data_area_id":"sincheon","adm_cd":"31150520","source":"경기도 시흥시 행정동경계_20250610 (공공데이터포털 15104305)","source_standard_date":"20230801"},"geometry":{"type":"Polygon","coordinates":[[[126.779056,37.4510319],[126.779578,37.4502448],[126.7794484,37.4497376],[126.7794391,37.4497013],[126.7793302,37.4492753],[126.7793257,37.4491986],[126.7793392,37.4491636],[126.7793625,37.4491199],[126.7795628,37.4486888],[126.7801938,37.4480148],[126.7803202,37.4478724],[126.780481,37.4476208],[126.7807795,37.4471426],[126.7808185,37.4470801],[126.7808398,37.4470676],[126.7809564,37.4469992],[126.7813316,37.4467699],[126.7815594,37.4466318],[126.781253,37.4461457],[126.7813442,37.4460765],[126.7814523,37.4460274],[126.7817546,37.4458902],[126.7818204,37.4458603],[126.7818783,37.4458184],[126.7818905,37.4458294],[126.7820139,37.4457756],[126.7820699,37.4457355],[126.7821008,37.4457332],[126.7821963,37.4456337],[126.7822561,37.4455583],[126.7823502,37.4454266],[126.7824052,37.4453725],[126.782441,37.4453372],[126.7825555,37.4452541],[126.7826254,37.4452953],[126.7827728,37.4453824],[126.7827806,37.4453664],[126.7828717,37.445181],[126.7829143,37.4450944],[126.7830885,37.4447398],[126.7832695,37.4443714],[126.7832985,37.4443806],[126.7838384,37.4445506],[126.7840542,37.4445526],[126.7845596,37.4445571],[126.7845704,37.4445572],[126.7850723,37.4445617],[126.7851402,37.4445622],[126.7851457,37.4441447],[126.7851477,37.4439914],[126.785151,37.443741],[126.7851524,37.4436359],[126.7851541,37.4435048],[126.7850377,37.4430471],[126.7850005,37.4429007],[126.7849976,37.4428893],[126.7849905,37.4428772],[126.7849004,37.4427239],[126.7849065,37.4427216],[126.7849648,37.4426999],[126.7849842,37.4426576],[126.7850688,37.4426252],[126.7850995,37.4426135],[126.7852099,37.4425713],[126.7852879,37.4425416],[126.7853376,37.4425226],[126.7853682,37.4425109],[126.7855728,37.4424328],[126.7857083,37.442381],[126.7857389,37.4423694],[126.7858337,37.4423332],[126.7859291,37.4422968],[126.7859596,37.4422852],[126.786055,37.4422488],[126.7861199,37.442224],[126.7862021,37.4421927],[126.7862735,37.4421655],[126.786533,37.4420663],[126.7867928,37.4419672],[126.7868724,37.4419368],[126.7869464,37.4419086],[126.7871537,37.4418294],[126.7873344,37.4417605],[126.7874033,37.4417342],[126.7874677,37.4417096],[126.7876128,37.4416541],[126.7878515,37.4415631],[126.7879859,37.4415118],[126.7880044,37.4415047],[126.7879849,37.4414746],[126.787904,37.4413408],[126.7877785,37.4411332],[126.7876701,37.4409538],[126.7876069,37.4408494],[126.7874463,37.4405779],[126.7874045,37.4405075],[126.7873038,37.4403407],[126.7872689,37.4402815],[126.787262,37.4402699],[126.7872561,37.4402605],[126.7872489,37.4402492],[126.7872353,37.4402259],[126.7872096,37.4401832],[126.787202,37.4401692],[126.7871846,37.4401384],[126.7871107,37.4400134],[126.7870715,37.439942],[126.7870483,37.4399],[126.7870595,37.4398954],[126.7871015,37.4398782],[126.7871337,37.4398652],[126.7871437,37.4398612],[126.7871479,37.4398595],[126.7871898,37.4398426],[126.7873713,37.439767],[126.7875956,37.4396738],[126.7876099,37.4396679],[126.7877593,37.4396035],[126.7878564,37.4395628],[126.7879416,37.4395267],[126.7880084,37.4394984],[126.7881097,37.4394557],[126.788268,37.4393954],[126.7883923,37.4393481],[126.788404,37.4393436],[126.7884756,37.4393217],[126.7885217,37.4393085],[126.7886118,37.4392857],[126.7886141,37.4392847],[126.788825,37.4392281],[126.7889614,37.4391967],[126.7889775,37.439193],[126.7891215,37.4391621],[126.7891469,37.4391501],[126.7891967,37.4391254],[126.7892157,37.4391233],[126.7893223,37.4391104],[126.7895395,37.4390845],[126.7897575,37.4390581],[126.7898392,37.4390393],[126.7898748,37.4390009],[126.7899603,37.4389056],[126.7899732,37.4389012],[126.7900587,37.4388724],[126.7902019,37.4388223],[126.7905455,37.4387556],[126.7905579,37.4387532],[126.7907008,37.4387248],[126.7909545,37.4386751],[126.7914484,37.4386671],[126.7915823,37.4386644],[126.7916545,37.4386777],[126.7917984,37.4386862],[126.792062,37.4386993],[126.7921278,37.4387025],[126.7923291,37.4387399],[126.7924355,37.4387441],[126.7926416,37.4387521],[126.7929722,37.4387609],[126.7932655,37.4387391],[126.793429,37.4387269],[126.7934398,37.4386982],[126.7934274,37.4386791],[126.793422,37.438672],[126.7933862,37.4386029],[126.7933857,37.4386019],[126.7933473,37.4385337],[126.7933439,37.4385275],[126.7932964,37.4384429],[126.7931934,37.4382596],[126.7931885,37.4382511],[126.7931434,37.4381717],[126.7931273,37.4381434],[126.7931174,37.4381259],[126.7931184,37.4381024],[126.7931226,37.4379942],[126.7931263,37.4379431],[126.7931726,37.4373026],[126.7931799,37.4372026],[126.7931726,37.4372046],[126.7931528,37.4372101],[126.7931569,37.4371511],[126.7931578,37.4371367],[126.7931648,37.4370348],[126.7931705,37.4369528],[126.7931887,37.4366863],[126.7931888,37.4366851],[126.793195,37.4365894],[126.793171,37.4364396],[126.7931575,37.4363557],[126.7931521,37.4363215],[126.7931491,37.4363026],[126.793148,37.4362956],[126.7930989,37.435994],[126.7930978,37.4359868],[126.7930932,37.435959],[126.7930927,37.4359557],[126.7931012,37.4358105],[126.7930985,37.4358013],[126.7930911,37.4357765],[126.7930908,37.435757],[126.7930907,37.435746],[126.7930984,37.4355298],[126.7930986,37.4354306],[126.7927865,37.435067],[126.7936933,37.4348418],[126.7937099,37.4348237],[126.7936824,37.4347483],[126.793639,37.4346053],[126.7935944,37.4344073],[126.7935762,37.4342761],[126.793554,37.4341318],[126.7935539,37.4341313],[126.7935303,37.4340075],[126.7934993,37.4338445],[126.7934719,37.433698],[126.7934492,37.4336268],[126.7934305,37.4335695],[126.793419,37.4335343],[126.7934117,37.4335117],[126.7933956,37.4334712],[126.7933462,37.4333561],[126.7933388,37.4333519],[126.7932799,37.4333188],[126.7932363,37.4332804],[126.793196,37.4332449],[126.793101,37.4331613],[126.79307,37.4331263],[126.7930667,37.4331075],[126.7930426,37.4329672],[126.7930209,37.4326848],[126.7930174,37.4326402],[126.793,37.4325478],[126.7929819,37.4324519],[126.7929779,37.432221],[126.7929921,37.432191],[126.793044,37.4320814],[126.7930696,37.4320149],[126.7931154,37.4318867],[126.7931564,37.4317585],[126.7931644,37.4317337],[126.7931476,37.4317082],[126.7931301,37.4316718],[126.7931049,37.4316303],[126.7931041,37.4316277],[126.7931033,37.4316276],[126.7930645,37.4315639],[126.7930353,37.4315231],[126.793032,37.431515],[126.7930121,37.4314906],[126.7929707,37.4314434],[126.7929256,37.4313892],[126.7928757,37.4313335],[126.7927263,37.4311583],[126.7927047,37.4311393],[126.7926604,37.4311006],[126.7925996,37.4309935],[126.7925805,37.43096],[126.7925477,37.4309021],[126.7925284,37.4308302],[126.7925057,37.4305326],[126.7925057,37.4305321],[126.7925077,37.4304986],[126.792368,37.4300977],[126.7923659,37.4300917],[126.7923495,37.4300598],[126.7923463,37.4300535],[126.7922622,37.4298843],[126.7921815,37.429722],[126.792125,37.4295373],[126.7920795,37.429333],[126.7920731,37.4293052],[126.7920662,37.4292566],[126.7920633,37.4292355],[126.7920626,37.4292306],[126.7920384,37.4291359],[126.7920089,37.4290705],[126.791993,37.4290304],[126.7919289,37.4289071],[126.7919242,37.428898],[126.7918385,37.4287329],[126.7918271,37.4287109],[126.7917496,37.4285636],[126.7916882,37.4284503],[126.7916487,37.4283672],[126.7916134,37.4282754],[126.7916117,37.4282223],[126.7916102,37.4281758],[126.791605,37.4281364],[126.7916047,37.4281344],[126.7916041,37.4281342],[126.791568,37.4281224],[126.7915474,37.4281073],[126.7915127,37.4280823],[126.7913991,37.4279992],[126.791222,37.4278579],[126.7909929,37.4276762],[126.7909576,37.4276807],[126.7909482,37.4276815],[126.7906943,37.4277102],[126.7905514,37.4277301],[126.7904912,37.4277385],[126.7902841,37.4277893],[126.7900489,37.4279002],[126.7899928,37.4279257],[126.7898369,37.4280349],[126.7897867,37.4280701],[126.7897032,37.4281285],[126.7896652,37.42815],[126.7895257,37.4282287],[126.7894776,37.4282556],[126.7891879,37.4284172],[126.7891579,37.4284269],[126.78902,37.4284719],[126.7888147,37.4285379],[126.7887046,37.4285733],[126.7885977,37.4286209],[126.788586,37.428627],[126.7883901,37.428716],[126.7883451,37.4287361],[126.7883086,37.4287524],[126.7882643,37.4287722],[126.7881402,37.4288285],[126.7879504,37.4289146],[126.7879438,37.4289107],[126.7878677,37.428931],[126.7878034,37.4290179],[126.787679,37.4291901],[126.787652,37.4292228],[126.7876517,37.4292231],[126.7875664,37.4293116],[126.7874549,37.429392],[126.7874514,37.4293962],[126.78745,37.4293978],[126.787445,37.4294042],[126.7874438,37.4294057],[126.787439,37.4294122],[126.7874296,37.4294266],[126.787425,37.4294287],[126.7874158,37.4294187],[126.7872946,37.4294665],[126.7872513,37.4294859],[126.7872161,37.4295789],[126.7871778,37.4296839],[126.7871663,37.4297157],[126.7871359,37.4297758],[126.7871135,37.4298121],[126.7870639,37.4298869],[126.7870322,37.42993],[126.7869965,37.4299748],[126.7869892,37.4299827],[126.7869624,37.4300113],[126.7869529,37.4300222],[126.786936,37.4300174],[126.7868966,37.4299953],[126.7867023,37.4299122],[126.7866223,37.4298948],[126.786587,37.4298917],[126.7864246,37.429875],[126.7863598,37.4298666],[126.786216,37.4298817],[126.7861883,37.4298914],[126.7859837,37.4299499],[126.7858034,37.4300008],[126.7857449,37.4300096],[126.7856545,37.4300192],[126.7854762,37.4300033],[126.7852587,37.4300118],[126.7852462,37.4300068],[126.7852028,37.4299894],[126.7851678,37.4299368],[126.7851425,37.4298673],[126.7851266,37.4298463],[126.7850445,37.4298902],[126.7849499,37.4299404],[126.7848669,37.4299834],[126.784786,37.4300254],[126.7847351,37.4300391],[126.7845998,37.4300788],[126.784439,37.4301194],[126.7843929,37.4301117],[126.7843148,37.4301057],[126.7842642,37.4301029],[126.7840999,37.4300424],[126.7838883,37.4300714],[126.7837756,37.4300952],[126.7836373,37.4301254],[126.7835956,37.4301591],[126.7834877,37.4302432],[126.7834115,37.4302958],[126.7833446,37.4303421],[126.7831865,37.4305181],[126.7830586,37.4306653],[126.7830268,37.4306725],[126.7828785,37.4306733],[126.782798,37.4306891],[126.7827584,37.4307754],[126.7827544,37.4307885],[126.7827621,37.4307971],[126.7827714,37.4307987],[126.7827879,37.4308135],[126.782784,37.4308572],[126.7827619,37.4309087],[126.7827662,37.4309549],[126.7827893,37.4310061],[126.7828162,37.4310401],[126.7828244,37.4310982],[126.7828275,37.4311476],[126.7828112,37.4312039],[126.7827714,37.4313124],[126.7827605,37.4313294],[126.7826835,37.4313303],[126.782632,37.4313505],[126.782472,37.4314861],[126.782467,37.4314928],[126.7824509,37.4315142],[126.7824209,37.4315548],[126.7823637,37.4315401],[126.7823149,37.4315657],[126.7821569,37.4316392],[126.7821244,37.4316533],[126.7821117,37.4316594],[126.7820131,37.4317053],[126.7819481,37.4317526],[126.781923,37.4317603],[126.7818844,37.4317791],[126.7818464,37.4317354],[126.7817978,37.4317087],[126.7816615,37.4317293],[126.7815016,37.4317574],[126.7814145,37.4317856],[126.7813916,37.4317942],[126.7813716,37.4318],[126.7812586,37.431838],[126.7811739,37.4318742],[126.781058,37.4319132],[126.7809701,37.432006],[126.7808415,37.4319463],[126.7807573,37.432019],[126.7806985,37.4321114],[126.7806928,37.4321118],[126.7806645,37.4321151],[126.7804485,37.4321538],[126.7801644,37.4321566],[126.7801432,37.4321834],[126.7800571,37.4322824],[126.7800143,37.4323302],[126.7800086,37.4323378],[126.7799884,37.4323563],[126.7799029,37.4323579],[126.779901,37.4322986],[126.7798941,37.4322667],[126.7798595,37.4322391],[126.7796801,37.4321826],[126.7795384,37.4321621],[126.7795319,37.4321611],[126.7794682,37.4321597],[126.7794628,37.43216],[126.7793903,37.4321531],[126.779345,37.4321542],[126.7792658,37.4321565],[126.7792377,37.4321611],[126.7791747,37.4321716],[126.7790759,37.4322013],[126.7789559,37.4322531],[126.7786529,37.432354],[126.7786215,37.4323719],[126.7782674,37.4325677],[126.7782289,37.4325896],[126.7781304,37.4326125],[126.7781324,37.4326171],[126.7780817,37.4326238],[126.7780176,37.4326282],[126.7779532,37.4325439],[126.777937,37.4325228],[126.7778306,37.4323835],[126.77768,37.4320204],[126.7776483,37.43195],[126.7775651,37.4317653],[126.7774554,37.4316195],[126.7774402,37.4315419],[126.7773992,37.431333],[126.7773938,37.4313057],[126.777349,37.4312028],[126.7772811,37.4311579],[126.7772701,37.4311535],[126.7772203,37.4311334],[126.7770878,37.4310835],[126.7770774,37.4310796],[126.7769877,37.4310465],[126.776876,37.4310263],[126.776822,37.4310168],[126.776567,37.4309876],[126.7764302,37.4309719],[126.775866,37.4307927],[126.7756815,37.4307378],[126.7748745,37.4304458],[126.7747414,37.4304269],[126.774552,37.4304206],[126.7743434,37.4304144],[126.7742785,37.4304055],[126.7742457,37.4304014],[126.7742086,37.4303968],[126.7740323,37.4303747],[126.7739594,37.4303655],[126.7737967,37.4303382],[126.773792,37.4303375],[126.7736522,37.4303145],[126.7735441,37.4302788],[126.7734264,37.430237],[126.7732356,37.4301598],[126.7729888,37.430038],[126.7729841,37.4300354],[126.7728618,37.429966],[126.7728057,37.4299474],[126.7727464,37.4299832],[126.7727257,37.4299958],[126.7726532,37.4300413],[126.7725489,37.430109],[126.7724897,37.4301457],[126.7724755,37.4301545],[126.7724366,37.4301787],[126.7724138,37.4301702],[126.772381,37.4301925],[126.7723098,37.4302093],[126.7722546,37.43023],[126.7721958,37.43026],[126.7721568,37.430272],[126.7721084,37.4302721],[126.7719968,37.4302139],[126.7718698,37.4301731],[126.7718658,37.4301853],[126.7717747,37.4301776],[126.7717348,37.4301839],[126.7717124,37.430205],[126.7716763,37.4302297],[126.7716233,37.4302646],[126.7715179,37.430319],[126.7714207,37.4303707],[126.771358,37.4304566],[126.7712796,37.4305561],[126.7712283,37.4306274],[126.7712399,37.4306547],[126.7712852,37.4307454],[126.7712432,37.4307894],[126.7712251,37.4308095],[126.7711944,37.430843],[126.7710998,37.4309561],[126.7710963,37.4309554],[126.7710576,37.4309489],[126.7710181,37.4309276],[126.7709791,37.4308693],[126.7709681,37.4308482],[126.77089,37.4308657],[126.77088,37.4308679],[126.7708801,37.4308682],[126.7709045,37.4309442],[126.7709656,37.4310085],[126.7711208,37.4311721],[126.7710873,37.4311785],[126.7710063,37.4311938],[126.77106,37.4312379],[126.7710942,37.4312633],[126.7711608,37.4313161],[126.7711789,37.431335],[126.7711359,37.4314177],[126.7710949,37.4314967],[126.7709719,37.4314908],[126.7708234,37.4314841],[126.770717,37.4314906],[126.7706126,37.4314977],[126.7704744,37.431505],[126.7703896,37.4315085],[126.7702884,37.431514],[126.7702438,37.4315181],[126.7701269,37.4315244],[126.7698492,37.4315818],[126.7697398,37.4316067],[126.7696911,37.4316102],[126.7696213,37.431618],[126.7695915,37.4316207],[126.7695691,37.431623],[126.7695652,37.4316252],[126.7694696,37.4316703],[126.7693716,37.4317166],[126.76937,37.4317172],[126.7693652,37.4317203],[126.7692868,37.4317716],[126.7691794,37.431839],[126.7691567,37.4318533],[126.7690596,37.4319142],[126.7689994,37.4319524],[126.7689998,37.4319849],[126.769,37.431998],[126.7690816,37.4320922],[126.7691652,37.4321861],[126.7691942,37.4322076],[126.7692162,37.4322262],[126.7692322,37.4322409],[126.7692761,37.4322849],[126.7693338,37.4323503],[126.7693406,37.4323579],[126.7693896,37.4324045],[126.7694496,37.4324607],[126.7694767,37.4324911],[126.769489,37.4325097],[126.7695098,37.4325129],[126.7696123,37.4325553],[126.7697168,37.4325986],[126.7697285,37.4326042],[126.7697396,37.4326102],[126.7698403,37.4326785],[126.7699462,37.4327511],[126.7699776,37.4327728],[126.7700949,37.4328541],[126.7702075,37.4329315],[126.7702405,37.4329609],[126.7703019,37.4330561],[126.7703611,37.4331466],[126.7703632,37.4331497],[126.7704384,37.4332656],[126.7704946,37.4333533],[126.7706022,37.4335216],[126.7707136,37.4336952],[126.7707525,37.4338203],[126.7707532,37.4338229],[126.7707719,37.4338933],[126.7707756,37.4339558],[126.7707809,37.4340558],[126.7707853,37.434149],[126.7707885,37.4341934],[126.7707976,37.434316],[126.7708028,37.434318],[126.7708177,37.4343236],[126.7708307,37.4344208],[126.7708612,37.434471],[126.7711398,37.4347736],[126.771141,37.4347821],[126.7711982,37.4351829],[126.771235,37.435438],[126.7711959,37.435643],[126.7711726,37.4357651],[126.7711736,37.4357722],[126.7711764,37.4357907],[126.771189,37.4361304],[126.7711852,37.4361305],[126.7711845,37.4361305],[126.7711825,37.4361306],[126.7711806,37.4361311],[126.7711789,37.4361317],[126.7711773,37.4361326],[126.7711759,37.4361338],[126.7711748,37.4361351],[126.771174,37.4361365],[126.7711735,37.436138],[126.7711733,37.4361396],[126.7711733,37.4361402],[126.7711738,37.4361848],[126.771174,37.4361863],[126.7711745,37.4361878],[126.7711753,37.4361892],[126.7711764,37.4361905],[126.7711778,37.4361916],[126.7711794,37.4361925],[126.7711812,37.4361931],[126.771183,37.4361936],[126.771185,37.4361937],[126.7711914,37.4361938],[126.7712027,37.4364795],[126.7711404,37.4366398],[126.7710624,37.4367631],[126.7709573,37.4369292],[126.7707815,37.4372118],[126.7707221,37.4372937],[126.7706485,37.4373949],[126.7706088,37.4374667],[126.7705333,37.437603],[126.7705267,37.4376148],[126.7704742,37.4377471],[126.7704557,37.4377952],[126.7705156,37.4379679],[126.7705151,37.4379937],[126.7705147,37.4380169],[126.770514,37.4380188],[126.7704766,37.438121],[126.7704134,37.4382952],[126.7703513,37.4384696],[126.7703235,37.4385398],[126.7702827,37.4386429],[126.7702756,37.4386772],[126.7702389,37.4388926],[126.7702388,37.4390922],[126.770216,37.4392183],[126.7702112,37.4392346],[126.770199,37.4393091],[126.7701684,37.4394961],[126.7701662,37.4395116],[126.7701217,37.4396319],[126.7700961,37.4397015],[126.7700635,37.4397824],[126.7700313,37.4398627],[126.7699955,37.4399889],[126.7699768,37.4400549],[126.7698868,37.4403873],[126.7698282,37.4406166],[126.7698046,37.4407072],[126.769779,37.4408201],[126.7697481,37.4408777],[126.7696045,37.4409916],[126.7696033,37.4409927],[126.7696024,37.4409939],[126.7696017,37.4409952],[126.7696013,37.4409966],[126.7696011,37.440998],[126.7696013,37.4409994],[126.7696017,37.4410008],[126.7696024,37.4410021],[126.7696033,37.4410033],[126.7696044,37.4410044],[126.7696152,37.441013],[126.7695881,37.4410255],[126.7695826,37.4410322],[126.7695693,37.4410259],[126.7695676,37.4410252],[126.7695657,37.4410247],[126.7695637,37.4410246],[126.7695618,37.4410247],[126.7695599,37.4410251],[126.7695581,37.4410257],[126.7695565,37.4410266],[126.769555,37.4410276],[126.7695539,37.4410289],[126.7694551,37.4411575],[126.7694548,37.441158],[126.7694541,37.4411589],[126.7694534,37.4411603],[126.7694529,37.4411618],[126.7694528,37.4411633],[126.769453,37.4411649],[126.7694535,37.4411663],[126.7694543,37.4411677],[126.7694554,37.441169],[126.7694568,37.44117],[126.7694583,37.4411709],[126.7694651,37.4411741],[126.7693876,37.4412588],[126.7692716,37.4413907],[126.7692686,37.4413941],[126.7692689,37.4413989],[126.7692807,37.4415598],[126.7692809,37.4415639],[126.7692972,37.4416591],[126.7693133,37.4417624],[126.7693272,37.4417854],[126.7693627,37.4418442],[126.7693741,37.4418662],[126.7693583,37.4418996],[126.7694006,37.4419394],[126.7693654,37.4420083],[126.7693546,37.4420801],[126.7693567,37.4421519],[126.7694069,37.4421729],[126.7694033,37.4421801],[126.7693852,37.4421751],[126.7693674,37.4421702],[126.7693659,37.4421699],[126.7693644,37.4421697],[126.7693626,37.4421698],[126.7693608,37.4421701],[126.7693591,37.4421706],[126.7693575,37.4421713],[126.7693561,37.4421722],[126.7693549,37.4421732],[126.7693539,37.4421744],[126.7693531,37.4421758],[126.7693529,37.4421763],[126.7693423,37.4422004],[126.7693408,37.442201],[126.7693394,37.4422019],[126.7693382,37.442203],[126.7693372,37.4422041],[126.7693365,37.4422054],[126.7692924,37.4422986],[126.7692919,37.4423001],[126.7692917,37.4423017],[126.7692918,37.4423033],[126.7692923,37.4423048],[126.7692917,37.4423051],[126.7692901,37.4423058],[126.7692887,37.4423066],[126.7692875,37.4423076],[126.7692865,37.4423088],[126.7692857,37.4423101],[126.7692536,37.4423763],[126.7692316,37.4423958],[126.7692187,37.4424087],[126.7691649,37.4424973],[126.7691324,37.4425617],[126.7689708,37.4426861],[126.7689418,37.4427051],[126.7689292,37.4427134],[126.7689208,37.4427346],[126.7688931,37.4428051],[126.7688456,37.4428734],[126.7688138,37.4429192],[126.7687483,37.4430804],[126.7687202,37.4431398],[126.7687201,37.4431408],[126.768715,37.4431708],[126.7686382,37.4432444],[126.7685396,37.4433233],[126.7683714,37.4433967],[126.7683631,37.4434004],[126.7683423,37.4434099],[126.768242,37.443457],[126.7680581,37.4435003],[126.7679017,37.4434723],[126.7677388,37.4434431],[126.7677061,37.4434389],[126.7674907,37.4434113],[126.7676113,37.4434608],[126.7677042,37.4434851],[126.7677254,37.4434906],[126.7678253,37.4435029],[126.7678699,37.4435236],[126.7679501,37.4435609],[126.767979,37.443557],[126.7680536,37.4435589],[126.7682782,37.4435641],[126.7683164,37.4436126],[126.7685197,37.4438711],[126.7685182,37.443872],[126.7685169,37.443873],[126.7685158,37.4438741],[126.768515,37.4438754],[126.7685144,37.4438767],[126.7685141,37.4438781],[126.7685141,37.4438795],[126.7685144,37.4438809],[126.7685149,37.4438823],[126.7685157,37.4438836],[126.7685162,37.4438841],[126.7685976,37.4439905],[126.7685987,37.4439917],[126.7686,37.4439927],[126.7686015,37.4439935],[126.7686032,37.4439942],[126.768605,37.4439946],[126.7686068,37.4439948],[126.7686086,37.4439947],[126.7686104,37.4439944],[126.7686122,37.4439939],[126.7686137,37.4439932],[126.7686152,37.4439923],[126.7687453,37.4441577],[126.7697187,37.4450347],[126.769921,37.4451829],[126.7703042,37.4455055],[126.7705692,37.4458129],[126.7711108,37.4464137],[126.7710602,37.4466708],[126.7710446,37.44675],[126.7710229,37.4468598],[126.7703333,37.4475005],[126.7704802,37.4478634],[126.7706796,37.4484722],[126.7707054,37.4485019],[126.7707148,37.4485127],[126.7709661,37.4488022],[126.7712007,37.4489882],[126.7716262,37.4493171],[126.7716378,37.4493237],[126.7717266,37.449374],[126.7736296,37.4504528],[126.7737424,37.4505167],[126.7749212,37.4506674],[126.7761012,37.4508093],[126.7772008,37.4509344],[126.7782276,37.4510554],[126.7784001,37.4510479],[126.7788963,37.4510263],[126.7790229,37.4510209],[126.7790317,37.4510461],[126.7790368,37.4510608],[126.779056,37.4510319]]]}},{"type":"Feature","properties":{"id":"sinhyeon","name":"신현동","data_area_id":"sinhyeon","adm_cd":"31150530","source":"경기도 시흥시 행정동경계_20250610 (공공데이터포털 15104305)","source_standard_date":"20230801"},"geometry":{"type":"Polygon","coordinates":[[[126.779345,37.4321542],[126.7793903,37.4321531],[126.7794628,37.43216],[126.7794682,37.4321597],[126.7795319,37.4321611],[126.7795384,37.4321621],[126.7796801,37.4321826],[126.7798595,37.4322391],[126.7798941,37.4322667],[126.779901,37.4322986],[126.7799029,37.4323579],[126.7799884,37.4323563],[126.7800086,37.4323378],[126.7800143,37.4323302],[126.7800571,37.4322824],[126.7801432,37.4321834],[126.7801644,37.4321566],[126.7804485,37.4321538],[126.7806645,37.4321151],[126.7806928,37.4321118],[126.7806985,37.4321114],[126.7807573,37.432019],[126.7808415,37.4319463],[126.7809701,37.432006],[126.781058,37.4319132],[126.7811739,37.4318742],[126.7812586,37.431838],[126.7813716,37.4318],[126.7813916,37.4317942],[126.7814145,37.4317856],[126.7815016,37.4317574],[126.7816615,37.4317293],[126.7817978,37.4317087],[126.7818464,37.4317354],[126.7818844,37.4317791],[126.781923,37.4317603],[126.7819481,37.4317526],[126.7820131,37.4317053],[126.7821117,37.4316594],[126.7821244,37.4316533],[126.7821569,37.4316392],[126.7823149,37.4315657],[126.7823637,37.4315401],[126.7824209,37.4315548],[126.7824509,37.4315142],[126.782467,37.4314928],[126.782472,37.4314861],[126.782632,37.4313505],[126.7826835,37.4313303],[126.7827605,37.4313294],[126.7827714,37.4313124],[126.7828112,37.4312039],[126.7828275,37.4311476],[126.7828244,37.4310982],[126.7828162,37.4310401],[126.7827893,37.4310061],[126.7827662,37.4309549],[126.7827619,37.4309087],[126.782784,37.4308572],[126.7827879,37.4308135],[126.7827714,37.4307987],[126.7827621,37.4307971],[126.7827544,37.4307885],[126.7827584,37.4307754],[126.782798,37.4306891],[126.7828785,37.4306733],[126.7830268,37.4306725],[126.7830586,37.4306653],[126.7831865,37.4305181],[126.7833446,37.4303421],[126.7834115,37.4302958],[126.7834877,37.4302432],[126.7835956,37.4301591],[126.7836373,37.4301254],[126.7837756,37.4300952],[126.7838883,37.4300714],[126.7840999,37.4300424],[126.7842642,37.4301029],[126.7843148,37.4301057],[126.7843929,37.4301117],[126.784439,37.4301194],[126.7845998,37.4300788],[126.7847351,37.4300391],[126.784786,37.4300254],[126.7848669,37.4299834],[126.7849499,37.4299404],[126.7850445,37.4298902],[126.7851266,37.4298463],[126.7851425,37.4298673],[126.7851678,37.4299368],[126.7852028,37.4299894],[126.7852462,37.4300068],[126.7852587,37.4300118],[126.7854762,37.4300033],[126.7856545,37.4300192],[126.7857449,37.4300096],[126.7858034,37.4300008],[126.7859837,37.4299499],[126.7861883,37.4298914],[126.786216,37.4298817],[126.7863598,37.4298666],[126.7864246,37.429875],[126.786587,37.4298917],[126.7866223,37.4298948],[126.7867023,37.4299122],[126.7868966,37.4299953],[126.786936,37.4300174],[126.7869529,37.4300222],[126.7869624,37.4300113],[126.7869892,37.4299827],[126.7869965,37.4299748],[126.7870322,37.42993],[126.7870639,37.4298869],[126.7871135,37.4298121],[126.7871359,37.4297758],[126.7871663,37.4297157],[126.7871778,37.4296839],[126.7872161,37.4295789],[126.7872513,37.4294859],[126.7872946,37.4294665],[126.7874158,37.4294187],[126.787425,37.4294287],[126.7874296,37.4294266],[126.787439,37.4294122],[126.7874438,37.4294057],[126.787445,37.4294042],[126.78745,37.4293978],[126.7874514,37.4293962],[126.7874549,37.429392],[126.7875664,37.4293116],[126.7876517,37.4292231],[126.787652,37.4292228],[126.787679,37.4291901],[126.7878034,37.4290179],[126.7878677,37.428931],[126.7879438,37.4289107],[126.7879504,37.4289146],[126.7881402,37.4288285],[126.7882643,37.4287722],[126.7883086,37.4287524],[126.7883451,37.4287361],[126.7883901,37.428716],[126.788586,37.428627],[126.7885977,37.4286209],[126.7887046,37.4285733],[126.7888147,37.4285379],[126.78902,37.4284719],[126.7891579,37.4284269],[126.7891879,37.4284172],[126.7894776,37.4282556],[126.7895257,37.4282287],[126.7896652,37.42815],[126.7897032,37.4281285],[126.7897867,37.4280701],[126.7898369,37.4280349],[126.7899928,37.4279257],[126.7900489,37.4279002],[126.7902841,37.4277893],[126.7904912,37.4277385],[126.7905514,37.4277301],[126.7906943,37.4277102],[126.7909482,37.4276815],[126.7909576,37.4276807],[126.7909929,37.4276762],[126.791222,37.4278579],[126.7913991,37.4279992],[126.7915127,37.4280823],[126.7915474,37.4281073],[126.791568,37.4281224],[126.7916041,37.4281342],[126.7916047,37.4281344],[126.7916057,37.4281191],[126.7915911,37.4280394],[126.791567,37.427972],[126.7915099,37.4278824],[126.7914931,37.4278561],[126.7914454,37.4277332],[126.7913965,37.4275985],[126.7913463,37.4274652],[126.7913354,37.427431],[126.7913062,37.4273775],[126.7912846,37.4273323],[126.7912677,37.4272921],[126.7912141,37.4271796],[126.7911801,37.4270962],[126.7911656,37.4270547],[126.7911405,37.4268878],[126.7911958,37.4267342],[126.7912327,37.4266317],[126.791276,37.4265083],[126.7912793,37.4264863],[126.7912988,37.4263569],[126.7913196,37.4262734],[126.7913454,37.4262346],[126.7917031,37.4256973],[126.7918007,37.4255947],[126.7918941,37.425529],[126.792056,37.4254196],[126.7921736,37.4253366],[126.7922876,37.4252598],[126.7923664,37.4252064],[126.7924247,37.4251511],[126.7924695,37.4251113],[126.7925124,37.4250513],[126.792531,37.4250151],[126.7925397,37.4249954],[126.7925666,37.4249339],[126.7925733,37.4249228],[126.7925866,37.4248929],[126.7926508,37.4247852],[126.7927368,37.4246578],[126.7927517,37.4246339],[126.7928241,37.4245171],[126.7928252,37.4245167],[126.7928444,37.4245102],[126.7928625,37.4244987],[126.7932117,37.424138],[126.7937917,37.4237743],[126.7938145,37.4237569],[126.793815,37.4237568],[126.7938513,37.4237289],[126.7938937,37.4236965],[126.7939352,37.4236646],[126.7944762,37.4234939],[126.794591,37.4234929],[126.7946029,37.4234928],[126.7946339,37.4234925],[126.7946352,37.4234921],[126.7948932,37.4234906],[126.7951164,37.4235181],[126.7951982,37.4235245],[126.795316,37.423533],[126.7953257,37.4235326],[126.7953647,37.4235327],[126.7953721,37.4235327],[126.7953836,37.4235351],[126.7954948,37.423561],[126.7955848,37.4235792],[126.7956821,37.4235844],[126.7957509,37.423588],[126.7959377,37.4235944],[126.7962452,37.423661],[126.7965528,37.4237814],[126.7967413,37.4238566],[126.7967425,37.4238571],[126.7967555,37.4238605],[126.7968897,37.4238959],[126.796924,37.4238973],[126.7971097,37.4239046],[126.7971103,37.4239041],[126.7971059,37.4239002],[126.7971671,37.423857],[126.797201,37.423833],[126.7972934,37.4237677],[126.7973032,37.4237608],[126.7973093,37.4237418],[126.7973795,37.4235207],[126.797413,37.4233953],[126.7974631,37.4232841],[126.7974905,37.4232635],[126.797496,37.4232593],[126.7974973,37.4232583],[126.7975235,37.4232494],[126.797574,37.4232298],[126.7977549,37.4231613],[126.7979805,37.4230712],[126.7981041,37.4230484],[126.7982077,37.4230293],[126.7983869,37.4230429],[126.7985512,37.4230528],[126.7987134,37.4230811],[126.7987262,37.4230834],[126.7987903,37.4231041],[126.7988361,37.4231179],[126.7988636,37.4231262],[126.7990331,37.423116],[126.7991784,37.4230854],[126.7992626,37.4230583],[126.7993683,37.4230019],[126.7994671,37.4229478],[126.7996633,37.4229515],[126.7996904,37.422951],[126.7997207,37.4229334],[126.7998447,37.4228727],[126.7999498,37.4228835],[126.8000011,37.4228149],[126.8000713,37.422772],[126.8000769,37.4227686],[126.8001192,37.4227634],[126.800167,37.4227576],[126.8001656,37.4227762],[126.8000365,37.4230881],[126.7999887,37.423084],[126.7999861,37.4230838],[126.7998941,37.4232079],[126.7999224,37.423361],[126.800047,37.4234069],[126.80009,37.4234231],[126.8001423,37.4234428],[126.8002488,37.4234343],[126.8002867,37.4234086],[126.8003764,37.4234399],[126.8005242,37.423463],[126.8005938,37.4234919],[126.800671,37.4235237],[126.8007595,37.4235359],[126.8008074,37.4235275],[126.8008495,37.4234927],[126.8009422,37.4234477],[126.8009598,37.4234623],[126.8009837,37.4234635],[126.8010314,37.4234658],[126.8010929,37.4234859],[126.8011997,37.4235394],[126.8012477,37.4235691],[126.8012814,37.42359],[126.8014541,37.4235871],[126.8017573,37.423582],[126.8017786,37.423595],[126.8018896,37.423581],[126.8019108,37.423584],[126.8019167,37.4235966],[126.8019374,37.4236405],[126.801968,37.4236274],[126.8021086,37.4236127],[126.8023066,37.4235612],[126.8023538,37.4235169],[126.8024446,37.423501],[126.8025416,37.4234458],[126.8026478,37.4234186],[126.8026969,37.4233931],[126.8027305,37.4234032],[126.8028548,37.4233449],[126.802996,37.4233223],[126.8032256,37.423247],[126.8032564,37.4232448],[126.8032548,37.4231987],[126.803253,37.4231782],[126.8032126,37.4227232],[126.803212,37.4227172],[126.8031807,37.4223645],[126.8031036,37.4214671],[126.8030433,37.4208661],[126.8030317,37.4207384],[126.8030224,37.4206357],[126.8030092,37.4204907],[126.8030037,37.4204301],[126.8028759,37.4203102],[126.8027931,37.4202652],[126.8027096,37.4202199],[126.8026541,37.4201874],[126.8026079,37.4201605],[126.8025567,37.4201044],[126.8023852,37.4199161],[126.8022974,37.4198266],[126.8021143,37.4196155],[126.8021084,37.4196094],[126.8019715,37.4194861],[126.8019697,37.4194847],[126.8019103,37.4194515],[126.8018796,37.4194343],[126.8017763,37.4193809],[126.8017297,37.4193625],[126.8017073,37.4193537],[126.801625,37.4193088],[126.8015098,37.4192377],[126.8014842,37.4192184],[126.801416,37.4191293],[126.8013019,37.4189779],[126.8010187,37.4187736],[126.8008074,37.4186308],[126.8007247,37.4185637],[126.800563,37.4184076],[126.8003943,37.4181288],[126.8003827,37.4181096],[126.8002187,37.4179445],[126.800207,37.4179358],[126.7999358,37.4177355],[126.7998307,37.4176423],[126.7996208,37.4174642],[126.7995579,37.417413],[126.7994935,37.4173607],[126.7992534,37.4171227],[126.7991033,37.4170053],[126.7988907,37.4168303],[126.7987765,37.4167455],[126.7986649,37.4166072],[126.7986147,37.4165451],[126.7984675,37.4163839],[126.7983024,37.416213],[126.7981876,37.4160859],[126.7980881,37.4159685],[126.7979819,37.4158711],[126.7978827,37.4157802],[126.7978277,37.4157132],[126.797763,37.4155449],[126.7977306,37.4154662],[126.7976813,37.4153837],[126.797359,37.4150095],[126.7972132,37.4148314],[126.7971187,37.4146256],[126.7969846,37.4143613],[126.7969211,37.4142619],[126.7967576,37.4141081],[126.7965905,37.4140242],[126.7964186,37.4139791],[126.7961092,37.413856],[126.7958064,37.4137239],[126.7957143,37.413553],[126.7956498,37.413468],[126.7955954,37.4134104],[126.7954524,37.4132862],[126.7954335,37.4132733],[126.7952714,37.4131622],[126.7951607,37.4131023],[126.7950281,37.4130417],[126.7949158,37.4129736],[126.7946805,37.4128306],[126.7945213,37.4127313],[126.7944141,37.4126438],[126.7943318,37.4125757],[126.794119,37.4124475],[126.7940403,37.4124057],[126.7939658,37.4123358],[126.7938429,37.4122334],[126.7932914,37.4118116],[126.7931176,37.4116944],[126.7930344,37.4116518],[126.7928715,37.4115523],[126.7928279,37.4114984],[126.7928153,37.4114741],[126.7927612,37.4113699],[126.7927357,37.4112336],[126.7926422,37.4110877],[126.7924325,37.4108462],[126.7923849,37.4107757],[126.7922604,37.4105879],[126.792251,37.4105738],[126.792249,37.4105736],[126.7921583,37.4105651],[126.792094,37.4105565],[126.7920111,37.4105569],[126.7919123,37.4105172],[126.7918811,37.4104998],[126.7917838,37.4104283],[126.7917776,37.4104215],[126.7917454,37.410386],[126.7916763,37.4103187],[126.7916227,37.4102649],[126.7915361,37.410175],[126.7913401,37.4100274],[126.7913169,37.4100147],[126.7912571,37.4099843],[126.7911654,37.4099448],[126.7910949,37.4099109],[126.791014,37.4098635],[126.7909541,37.4098227],[126.7909019,37.4097807],[126.7908014,37.4096623],[126.7907314,37.4095772],[126.790693,37.4095362],[126.7906454,37.4094931],[126.7905493,37.4094129],[126.7905085,37.4093833],[126.7903032,37.4092416],[126.7901427,37.40905],[126.7898657,37.408834],[126.7898036,37.4087823],[126.7896603,37.4086735],[126.7895569,37.4086167],[126.7894641,37.4085631],[126.7892863,37.4084678],[126.7891984,37.4084229],[126.7890091,37.408304],[126.7889863,37.408289],[126.7889109,37.4082394],[126.7888347,37.4081931],[126.7887076,37.4081121],[126.7886951,37.4081055],[126.7885838,37.4080468],[126.7885962,37.4079864],[126.7886025,37.4079558],[126.7886031,37.4079527],[126.7886194,37.4078714],[126.7886834,37.4079137],[126.7887413,37.4079513],[126.7887849,37.4079795],[126.7888238,37.4077922],[126.7888907,37.4076141],[126.7889012,37.4075946],[126.7889742,37.4074075],[126.7889776,37.4073987],[126.7889852,37.4073788],[126.7890124,37.4073463],[126.7890675,37.4072802],[126.7891756,37.4071893],[126.7891935,37.4071167],[126.7893892,37.4070085],[126.7896256,37.4068688],[126.7896871,37.4068332],[126.7897108,37.4068182],[126.7899961,37.4065935],[126.7901801,37.406513],[126.7903087,37.4064566],[126.7904393,37.4063466],[126.7904434,37.4063432],[126.7904548,37.4063334],[126.7905833,37.4062455],[126.790592,37.4062396],[126.7906099,37.4062269],[126.790635,37.4062092],[126.7908743,37.406044],[126.7909055,37.4060225],[126.7911815,37.4058307],[126.7913342,37.4057262],[126.7915046,37.4056241],[126.7915354,37.4056056],[126.7915272,37.4056012],[126.7913927,37.4055383],[126.7903057,37.4050301],[126.7902438,37.4050011],[126.7901271,37.4049474],[126.7886006,37.4042457],[126.7886073,37.4041193],[126.7886678,37.4032171],[126.7886694,37.4031867],[126.7886622,37.4030802],[126.7886217,37.4029163],[126.7885492,37.4025555],[126.7885021,37.4022902],[126.7884525,37.4021276],[126.7884204,37.4021019],[126.7883676,37.4020699],[126.788285,37.4020652],[126.7881584,37.402079],[126.7879451,37.4021317],[126.7876587,37.4022037],[126.7873652,37.4023068],[126.787276,37.4023608],[126.7871262,37.4025085],[126.7869447,37.4026062],[126.7868639,37.4026922],[126.7867666,37.4027927],[126.7867403,37.4028485],[126.7866675,37.4029684],[126.7861781,37.4029087],[126.7860148,37.4028888],[126.7860363,37.4029559],[126.7862976,37.4037188],[126.7864558,37.4041887],[126.7864572,37.4041928],[126.7865408,37.4044413],[126.786709,37.4049409],[126.7867295,37.4050039],[126.786781,37.4051427],[126.786851,37.4053554],[126.7868701,37.4054135],[126.7869428,37.4056315],[126.7870202,37.4058648],[126.7870975,37.4060981],[126.7871739,37.4063264],[126.7872539,37.4065638],[126.7873594,37.4068796],[126.7874414,37.4070286],[126.7874429,37.4070313],[126.7875808,37.4072761],[126.7875998,37.4073097],[126.7877173,37.4075266],[126.7877493,37.4076088],[126.7877541,37.4076166],[126.7877702,37.4076476],[126.7877983,37.4077057],[126.7878469,37.4077641],[126.7879393,37.4078319],[126.7879719,37.407856],[126.7881298,37.407932],[126.7878747,37.4079362],[126.7876958,37.407939],[126.7875976,37.4076902],[126.7875917,37.4076752],[126.7876191,37.4076655],[126.7876103,37.4076521],[126.7876016,37.4076545],[126.7875604,37.4076313],[126.7874985,37.4075637],[126.787472,37.4075001],[126.7873967,37.4073243],[126.7873717,37.4072662],[126.787311,37.4071788],[126.7872468,37.4071093],[126.787229,37.4070918],[126.7871466,37.4069142],[126.7871011,37.4069545],[126.7870644,37.4068682],[126.7870625,37.4068506],[126.7870491,37.406803],[126.7870392,37.4067659],[126.7869416,37.4064397],[126.7868698,37.4061996],[126.786869,37.4061847],[126.7868455,37.406093],[126.7867138,37.4056207],[126.7866918,37.4055675],[126.7866634,37.4054613],[126.7866478,37.4054075],[126.7865961,37.4052297],[126.786589,37.4052055],[126.7865226,37.4049495],[126.7865434,37.4049505],[126.786559,37.4049512],[126.7864953,37.4047176],[126.7864241,37.404452],[126.7863196,37.4041082],[126.7862666,37.4039358],[126.7862195,37.4037839],[126.7861591,37.4035832],[126.7861552,37.4035655],[126.7859719,37.4035716],[126.7859692,37.4035528],[126.7859475,37.4033401],[126.7859164,37.4030427],[126.7859221,37.4029995],[126.7859551,37.402804],[126.7860042,37.4027125],[126.7860844,37.4025669],[126.7861918,37.4024761],[126.7862594,37.4024188],[126.7863302,37.4023603],[126.7865664,37.4022757],[126.787,37.4021171],[126.7872155,37.4020404],[126.7876191,37.4018993],[126.7876956,37.4018665],[126.7878382,37.4018067],[126.788053,37.40172],[126.7881768,37.4016637],[126.7882201,37.4017277],[126.7882776,37.4017429],[126.7886459,37.4016903],[126.7887107,37.4016674],[126.7887412,37.4016437],[126.7887848,37.4015373],[126.788785,37.4013789],[126.7887813,37.4013314],[126.7887224,37.4010802],[126.7886923,37.4010551],[126.7886366,37.4010334],[126.7886062,37.401025],[126.788532,37.3994923],[126.7885339,37.3992823],[126.7893699,37.3987683],[126.7895385,37.3986634],[126.7896884,37.3985411],[126.7897356,37.3984735],[126.7897455,37.3984453],[126.7897564,37.3984005],[126.7897609,37.3983291],[126.7897302,37.3982633],[126.7896125,37.3981234],[126.7895446,37.3980664],[126.7892617,37.3978955],[126.7890964,37.3978076],[126.7887422,37.3976876],[126.788547,37.3976548],[126.7885016,37.3966253],[126.7884596,37.396496],[126.7887882,37.3964486],[126.7889241,37.3964105],[126.7890438,37.3963521],[126.7891747,37.3962723],[126.789363,37.3960956],[126.7895115,37.395995],[126.7895387,37.3959661],[126.7895482,37.3959497],[126.7893599,37.3957628],[126.7892285,37.395694],[126.7888594,37.3955014],[126.7888042,37.3954699],[126.7882726,37.3951674],[126.7881438,37.3950863],[126.7879393,37.3949576],[126.7876914,37.3948062],[126.7871162,37.3943233],[126.7869698,37.3942183],[126.786718,37.3940368],[126.786399,37.3938189],[126.7862609,37.3937257],[126.7860136,37.3935569],[126.7858776,37.3934425],[126.7856894,37.3932694],[126.7855487,37.3931403],[126.7854155,37.392967],[126.7854022,37.3928686],[126.7852938,37.3927325],[126.7851821,37.3925945],[126.7851456,37.3925536],[126.7850297,37.392393],[126.7849257,37.3922882],[126.7847761,37.392205],[126.784625,37.3921641],[126.7844763,37.3921415],[126.7840981,37.3921267],[126.7837797,37.392199],[126.7835782,37.3922621],[126.7835237,37.39228],[126.7834108,37.3923354],[126.7832338,37.392464],[126.7830572,37.3926304],[126.7827521,37.3929622],[126.7826913,37.3931065],[126.7827817,37.3932817],[126.7829422,37.3935237],[126.7831759,37.3938534],[126.7828946,37.3940196],[126.7828855,37.3937635],[126.7828833,37.3936955],[126.7828687,37.3936557],[126.7828465,37.393619],[126.7828149,37.3935715],[126.7827723,37.3935256],[126.7827221,37.3934801],[126.7825018,37.3933144],[126.7824278,37.3933803],[126.7826615,37.3935444],[126.7827151,37.3935919],[126.7827806,37.3936653],[126.7827988,37.3937084],[126.7827903,37.3939856],[126.7822868,37.3933483],[126.7816789,37.3938792],[126.7813052,37.3942798],[126.7812128,37.3943529],[126.7808423,37.3947903],[126.7807467,37.3949033],[126.7806256,37.3950268],[126.7804201,37.3951466],[126.7803316,37.3951732],[126.7801381,37.3952341],[126.7800459,37.3952257],[126.7798577,37.3952111],[126.779582,37.3951437],[126.7793236,37.3950195],[126.7788455,37.3945552],[126.778576,37.3938036],[126.7785137,37.3936836],[126.7782735,37.3935558],[126.7781502,37.3935126],[126.7779243,37.3935334],[126.7773752,37.3937454],[126.7769733,37.3939019],[126.7766521,37.3940269],[126.7763442,37.3941463],[126.7758919,37.3941945],[126.7757852,37.3941937],[126.7750992,37.3941942],[126.774914,37.3942177],[126.7748163,37.3942298],[126.7746574,37.3942878],[126.7744771,37.3943705],[126.7742983,37.3945041],[126.7736989,37.3951564],[126.7735067,37.3953633],[126.7733706,37.3954367],[126.7729182,37.3955393],[126.7726528,37.3957615],[126.7725181,37.3958155],[126.7720038,37.3958707],[126.772007,37.395914],[126.7720088,37.3959395],[126.7715495,37.3959159],[126.7715459,37.395871],[126.7715333,37.3956081],[126.7716323,37.3952543],[126.7715963,37.3951862],[126.7712278,37.3950966],[126.7709484,37.3950606],[126.7697797,37.3950789],[126.7694983,37.3950858],[126.769285,37.3951038],[126.7682397,37.3952687],[126.7680153,37.3952383],[126.7678237,37.3951984],[126.7667672,37.3949071],[126.7665784,37.3949369],[126.76648,37.3949633],[126.7663826,37.3950139],[126.7662846,37.3951356],[126.7662557,37.3952335],[126.7662939,37.3953967],[126.7663631,37.3955328],[126.7669027,37.3964359],[126.7665614,37.3970991],[126.7663525,37.3973718],[126.7663631,37.3973772],[126.7664198,37.3974031],[126.7664046,37.3974228],[126.7663279,37.3975226],[126.766275,37.3974972],[126.7662626,37.3974912],[126.7661993,37.397582],[126.7661866,37.3975966],[126.7661206,37.3976731],[126.7659689,37.3977842],[126.7658273,37.3978899],[126.7657546,37.3979423],[126.7656934,37.397987],[126.7655767,37.3980731],[126.7654262,37.3981843],[126.7652158,37.3983397],[126.765102,37.3984255],[126.7648844,37.3985891],[126.7646237,37.3987869],[126.7640889,37.3991857],[126.7639203,37.399287],[126.7639045,37.3992965],[126.7638485,37.3993244],[126.7638297,37.3993317],[126.763772,37.3993415],[126.7632167,37.3993965],[126.7622729,37.3994847],[126.7618563,37.3995236],[126.7616001,37.3995467],[126.7601641,37.3996822],[126.7595065,37.3997487],[126.7580999,37.3998859],[126.7567573,37.4000218],[126.7558303,37.4001163],[126.7546194,37.4002419],[126.7543721,37.4002704],[126.7537294,37.4003389],[126.7509681,37.4006211],[126.7505173,37.4006686],[126.7504,37.4007162],[126.7502948,37.4007816],[126.7502933,37.4007825],[126.7502111,37.4008591],[126.7501836,37.4009034],[126.7501555,37.4009485],[126.7498257,37.4016873],[126.7492342,37.4030354],[126.7491343,37.4032627],[126.7490546,37.4034453],[126.7490252,37.4035098],[126.7490044,37.4035877],[126.7490029,37.4037624],[126.7490393,37.4039365],[126.7490704,37.4040039],[126.749124,37.4041278],[126.7491763,37.4042222],[126.7492073,37.4042784],[126.7492321,37.4043094],[126.7493028,37.4044059],[126.749703,37.4049636],[126.7511522,37.4069496],[126.7512527,37.4072032],[126.7512841,37.4072796],[126.7513265,37.4075098],[126.7513044,37.4076008],[126.7512677,37.4076491],[126.7512024,37.4076884],[126.7510475,37.4077686],[126.7510741,37.4078269],[126.7510812,37.4078422],[126.7513033,37.4077243],[126.7513362,37.4076862],[126.7513857,37.4076289],[126.7513995,37.4076047],[126.7514144,37.4075786],[126.7514338,37.407501],[126.7514282,37.4074356],[126.7513948,37.4073469],[126.7513764,37.4072982],[126.7514036,37.4072722],[126.7514799,37.4072856],[126.7515507,37.407298],[126.7516355,37.4072966],[126.7523251,37.4072096],[126.75249,37.4071879],[126.7527464,37.4071542],[126.7527635,37.4071519],[126.7528136,37.4071453],[126.7530533,37.4071248],[126.7533262,37.4071007],[126.7534039,37.4070938],[126.7534624,37.4072259],[126.7535927,37.4075204],[126.7535978,37.4075214],[126.7535393,37.4077187],[126.7534651,37.4079214],[126.7533418,37.4082436],[126.7533235,37.4083075],[126.7533173,37.4085844],[126.7533162,37.4089118],[126.7533287,37.4092629],[126.753171,37.4097657],[126.7531694,37.4098095],[126.7532213,37.4099556],[126.7532651,37.410088],[126.7533165,37.4102546],[126.753345,37.4103396],[126.7533478,37.4103491],[126.7533553,37.4104017],[126.7533485,37.4104803],[126.7533405,37.4105149],[126.7532722,37.4107074],[126.7532465,37.4111182],[126.7532565,37.4112179],[126.7532929,37.4113525],[126.753318,37.4114414],[126.7533423,37.41152],[126.7534847,37.4120101],[126.753606,37.4124494],[126.7536218,37.4124738],[126.7536485,37.4124989],[126.7537061,37.4125248],[126.7538423,37.4125867],[126.7541381,37.4127243],[126.7543528,37.412829],[126.7549279,37.4131615],[126.755402,37.4134395],[126.7553798,37.4136098],[126.7552059,37.4136769],[126.7551329,37.413831],[126.7550743,37.4139263],[126.7547638,37.4141877],[126.7546804,37.4143344],[126.7546252,37.4146672],[126.7546081,37.4147976],[126.7545919,37.414936],[126.754605,37.4149827],[126.7549515,37.4151586],[126.7552209,37.4152963],[126.7556753,37.415283],[126.7557029,37.4153022],[126.7552599,37.4160294],[126.7548779,37.4166565],[126.7545774,37.4171543],[126.7543726,37.4174948],[126.7543616,37.4175101],[126.7544653,37.4175729],[126.7545509,37.4176252],[126.7546252,37.4176707],[126.7547403,37.4177405],[126.7547964,37.4177747],[126.7548734,37.4178216],[126.7549879,37.4178936],[126.7550154,37.4179137],[126.7550351,37.4179331],[126.7550442,37.4179529],[126.755047,37.4179748],[126.7550502,37.4180013],[126.7550621,37.4181356],[126.7550464,37.4182105],[126.7549167,37.4185352],[126.7547561,37.4189377],[126.7547255,37.4190141],[126.7547006,37.4190764],[126.7546065,37.419306],[126.754567,37.4194027],[126.7544121,37.4197809],[126.7543426,37.4199507],[126.7543424,37.4199511],[126.7542007,37.4202971],[126.7541681,37.4203799],[126.7540507,37.420678],[126.7539199,37.4210077],[126.7538071,37.4212946],[126.7537234,37.4215075],[126.7532668,37.4226685],[126.7532536,37.4227022],[126.7533698,37.4227376],[126.7533753,37.422738],[126.7535501,37.4228264],[126.7536814,37.4229241],[126.7536839,37.4229261],[126.7536867,37.422925],[126.7538221,37.4228732],[126.7541512,37.42302],[126.7542901,37.4230803],[126.7543327,37.4230989],[126.7544082,37.4231129],[126.7544557,37.4230744],[126.7543975,37.423005],[126.754522,37.4228203],[126.7546027,37.4227678],[126.7546812,37.4227167],[126.7548108,37.422717],[126.7548611,37.4227126],[126.754984,37.4227019],[126.7551062,37.422857],[126.7551247,37.4230192],[126.7551361,37.4231139],[126.7551445,37.4231829],[126.7551649,37.4231939],[126.7552178,37.4232205],[126.7554875,37.4234226],[126.7556305,37.4235302],[126.7556442,37.4236017],[126.7556704,37.4237448],[126.7556857,37.4238276],[126.7558071,37.4239264],[126.7558802,37.4239866],[126.7560184,37.4240989],[126.7562487,37.4241735],[126.7565104,37.424259],[126.7568,37.4243883],[126.7569716,37.4245438],[126.7571807,37.424732],[126.7573099,37.4248076],[126.7573782,37.4248476],[126.757629,37.4248608],[126.7577981,37.4248606],[126.7578848,37.4248717],[126.757937,37.4248769],[126.7579822,37.4248815],[126.7580009,37.424886],[126.7582541,37.4249474],[126.7583761,37.4250071],[126.758434,37.4250545],[126.7584879,37.4250971],[126.7585641,37.4252313],[126.7586202,37.4254009],[126.7586313,37.4254738],[126.7586812,37.4258023],[126.7586671,37.4258563],[126.7586139,37.4260454],[126.7585703,37.4262018],[126.758541,37.4263091],[126.7584314,37.4264575],[126.7587287,37.4266845],[126.7588612,37.4267951],[126.7588822,37.4268134],[126.7589841,37.4269024],[126.759096,37.4268669],[126.7593967,37.4269117],[126.7594287,37.4269164],[126.7595047,37.4269277],[126.7595798,37.4267525],[126.7595941,37.4267193],[126.7596408,37.4266713],[126.7597463,37.4265582],[126.7600042,37.4264166],[126.7600646,37.4264042],[126.7601024,37.4263927],[126.7603225,37.4263259],[126.7604426,37.4263163],[126.760545,37.4263072],[126.7606701,37.4263216],[126.7607206,37.4263273],[126.760812,37.4263364],[126.7608654,37.4263417],[126.7611994,37.4263747],[126.7614186,37.4264333],[126.7614867,37.4264821],[126.7615683,37.426538],[126.7616733,37.4265843],[126.7618848,37.4266774],[126.761923,37.4266943],[126.7620375,37.4267454],[126.7620405,37.4267467],[126.7622035,37.4268195],[126.7622339,37.4268331],[126.7623049,37.4268732],[126.7623931,37.4269229],[126.7624555,37.4269587],[126.7624645,37.4268783],[126.7623848,37.4267536],[126.762299,37.4266199],[126.7622986,37.4266192],[126.7622605,37.4265419],[126.7622223,37.4264647],[126.7621666,37.4263487],[126.7622225,37.4263306],[126.7622665,37.4263164],[126.762287,37.4262967],[126.76232,37.4262932],[126.7623472,37.4262896],[126.7623641,37.4262873],[126.762688,37.4262516],[126.7629052,37.4262273],[126.7630163,37.4262154],[126.7633248,37.4261814],[126.7634064,37.4261728],[126.7634818,37.4261648],[126.7635628,37.4261563],[126.763986,37.4260985],[126.7642025,37.4260697],[126.7642917,37.4260604],[126.7643932,37.4260498],[126.7645256,37.4260343],[126.7645734,37.4260431],[126.764605,37.4260488],[126.7650578,37.4262012],[126.7651871,37.426244],[126.7657093,37.4264193],[126.7657608,37.426431],[126.7659829,37.4264691],[126.7663716,37.4265397],[126.7667403,37.4266052],[126.7671318,37.4266736],[126.7673211,37.4267069],[126.767362,37.4267264],[126.7675223,37.426841],[126.7678319,37.4270594],[126.767962,37.4271511],[126.7680136,37.4271816],[126.768072,37.4272011],[126.7684096,37.4272843],[126.7685636,37.427322],[126.7691065,37.4274571],[126.7691344,37.4274641],[126.769161,37.4274708],[126.7692061,37.427506],[126.7692371,37.4275751],[126.7692421,37.4275863],[126.7692645,37.4276368],[126.7692781,37.4276675],[126.7695188,37.428219],[126.7696699,37.4285684],[126.7696773,37.428622],[126.7696773,37.4286223],[126.769678,37.428627],[126.769683,37.4286639],[126.7698162,37.4288061],[126.7698877,37.4288789],[126.7699653,37.4289728],[126.7699918,37.4290179],[126.7699955,37.4290241],[126.7700477,37.4290906],[126.7701095,37.4291299],[126.7701348,37.4291688],[126.7701549,37.4291945],[126.7703685,37.4294686],[126.7703897,37.4294849],[126.7704169,37.4295695],[126.7705505,37.4296931],[126.7706041,37.4297849],[126.7705915,37.4297973],[126.7706834,37.4298028],[126.7707606,37.4298075],[126.7707535,37.4298762],[126.7707168,37.4302276],[126.7707079,37.4303125],[126.7707705,37.4305167],[126.7708379,37.4307368],[126.77088,37.4308679],[126.77089,37.4308657],[126.7709681,37.4308482],[126.7709791,37.4308693],[126.7710181,37.4309276],[126.7710576,37.4309489],[126.7710963,37.4309554],[126.7710998,37.4309561],[126.7711944,37.430843],[126.7712251,37.4308095],[126.7712432,37.4307894],[126.7712852,37.4307454],[126.7712399,37.4306547],[126.7712283,37.4306274],[126.7712796,37.4305561],[126.771358,37.4304566],[126.7714207,37.4303707],[126.7715179,37.430319],[126.7716233,37.4302646],[126.7716763,37.4302297],[126.7717124,37.430205],[126.7717348,37.4301839],[126.7717747,37.4301776],[126.7718658,37.4301853],[126.7718698,37.4301731],[126.7719968,37.4302139],[126.7721084,37.4302721],[126.7721568,37.430272],[126.7721958,37.43026],[126.7722546,37.43023],[126.7723098,37.4302093],[126.772381,37.4301925],[126.7724138,37.4301702],[126.7724366,37.4301787],[126.7724755,37.4301545],[126.7724897,37.4301457],[126.7725489,37.430109],[126.7726532,37.4300413],[126.7727257,37.4299958],[126.7727464,37.4299832],[126.7728057,37.4299474],[126.7728618,37.429966],[126.7729841,37.4300354],[126.7729888,37.430038],[126.7732356,37.4301598],[126.7734264,37.430237],[126.7735441,37.4302788],[126.7736522,37.4303145],[126.773792,37.4303375],[126.7737967,37.4303382],[126.7739594,37.4303655],[126.7740323,37.4303747],[126.7742086,37.4303968],[126.7742457,37.4304014],[126.7742785,37.4304055],[126.7743434,37.4304144],[126.774552,37.4304206],[126.7747414,37.4304269],[126.7748745,37.4304458],[126.7756815,37.4307378],[126.775866,37.4307927],[126.7764302,37.4309719],[126.776567,37.4309876],[126.776822,37.4310168],[126.776876,37.4310263],[126.7769877,37.4310465],[126.7770774,37.4310796],[126.7770878,37.4310835],[126.7772203,37.4311334],[126.7772701,37.4311535],[126.7772811,37.4311579],[126.777349,37.4312028],[126.7773938,37.4313057],[126.7773992,37.431333],[126.7774402,37.4315419],[126.7774554,37.4316195],[126.7775651,37.4317653],[126.7776483,37.43195],[126.77768,37.4320204],[126.7778306,37.4323835],[126.777937,37.4325228],[126.7779532,37.4325439],[126.7780176,37.4326282],[126.7780817,37.4326238],[126.7781324,37.4326171],[126.7781304,37.4326125],[126.7782289,37.4325896],[126.7782674,37.4325677],[126.7786215,37.4323719],[126.7786529,37.432354],[126.7789559,37.4322531],[126.7790759,37.4322013],[126.7791747,37.4321716],[126.7792377,37.4321611],[126.7792658,37.4321565],[126.779345,37.4321542]]]}},{"type":"Feature","properties":{"id":"eunhaeng","name":"은행동","data_area_id":"eunhaeng","adm_cd":"31150540","source":"경기도 시흥시 행정동경계_20250610 (공공데이터포털 15104305)","source_standard_date":"20230801"},"geometry":{"type":"Polygon","coordinates":[[[126.8085366,37.4453084],[126.8085505,37.4453084],[126.8085583,37.4453098],[126.8085822,37.4453136],[126.8086094,37.4453211],[126.8086211,37.4453246],[126.8086372,37.4453357],[126.8086424,37.445341],[126.8086453,37.4453379],[126.8086886,37.4452923],[126.8087066,37.4452733],[126.8086735,37.4452299],[126.8086413,37.4451822],[126.8086214,37.4451368],[126.8086144,37.4451124],[126.8086115,37.4450904],[126.8086016,37.4450162],[126.8086052,37.4449968],[126.8086234,37.4449622],[126.8086344,37.4449061],[126.8086422,37.4448664],[126.8086594,37.444847],[126.808783,37.444718],[126.8090076,37.4444843],[126.809004,37.444444],[126.809002,37.444416],[126.8089924,37.4442798],[126.8090167,37.4442549],[126.8092128,37.4440624],[126.8094779,37.4438023],[126.8094816,37.4437958],[126.809509,37.4437464],[126.8095818,37.4437162],[126.8096548,37.4436523],[126.8097373,37.4435677],[126.8097816,37.4436084],[126.8098168,37.4436408],[126.8098598,37.4435911],[126.8101516,37.443547],[126.8102316,37.4435964],[126.8102891,37.4435374],[126.8102726,37.4434946],[126.8102322,37.4433897],[126.8102086,37.4433282],[126.8101731,37.4432363],[126.8101319,37.4431293],[126.8100147,37.443193],[126.8099996,37.443158],[126.80999,37.4431357],[126.8099852,37.4431247],[126.8100972,37.4430367],[126.8100913,37.4430203],[126.8099775,37.4427068],[126.8099385,37.4426538],[126.8099036,37.4426057],[126.8099087,37.4425954],[126.8097938,37.4423972],[126.8097596,37.4422029],[126.8097169,37.4421762],[126.8096981,37.442158],[126.8096823,37.4421427],[126.8096144,37.4420357],[126.8094837,37.4416641],[126.8094235,37.4416628],[126.8092842,37.441619],[126.8093459,37.4415964],[126.8093861,37.4415497],[126.8093641,37.4413542],[126.8093619,37.4413092],[126.8093607,37.4412872],[126.8092282,37.4408002],[126.8091992,37.4406075],[126.8091864,37.4405589],[126.8091598,37.4404581],[126.8090583,37.4400732],[126.8090553,37.4400484],[126.8090513,37.440016],[126.8090371,37.4398984],[126.8090073,37.4398173],[126.8089101,37.4395523],[126.8089406,37.4395523],[126.8087764,37.4392041],[126.8087923,37.4392026],[126.8087742,37.4391621],[126.808762,37.4391346],[126.8087203,37.4390413],[126.808586,37.4387089],[126.8085251,37.4386191],[126.8085031,37.4385866],[126.8083998,37.438574],[126.808402,37.4385569],[126.8084047,37.4385368],[126.8084106,37.4384933],[126.8084126,37.4384783],[126.8084432,37.438477],[126.8084065,37.4383754],[126.8083782,37.4381788],[126.8083729,37.4381362],[126.8085111,37.4381207],[126.8086654,37.4381186],[126.8087189,37.4381259],[126.8087434,37.4381292],[126.8088439,37.4381654],[126.8090597,37.4382106],[126.8093775,37.4383336],[126.8094621,37.4383555],[126.809524,37.438366],[126.8096649,37.4383734],[126.8097273,37.4383715],[126.8098473,37.4383485],[126.8098981,37.4383499],[126.8100914,37.4383994],[126.810246,37.4384332],[126.810474,37.4384753],[126.8106019,37.4385374],[126.8107,37.4385764],[126.8107896,37.4385816],[126.8108939,37.4385916],[126.8109763,37.4385978],[126.8109748,37.4386089],[126.8110708,37.4386246],[126.8111868,37.4386214],[126.8112328,37.4386029],[126.811456,37.4385133],[126.8116366,37.4384407],[126.8116963,37.4384167],[126.8117772,37.4383843],[126.8119648,37.4383433],[126.8122589,37.4382388],[126.8122686,37.4382354],[126.8125425,37.4382874],[126.8127734,37.4383118],[126.8129971,37.4383454],[126.8130413,37.4383611],[126.8133205,37.4384604],[126.81362,37.4385457],[126.813766,37.4386095],[126.8138778,37.4386506],[126.8139654,37.4386707],[126.8140769,37.4386963],[126.8141736,37.4387321],[126.8143341,37.4387556],[126.8145703,37.438669],[126.8149738,37.4387293],[126.8150234,37.4387349],[126.8151648,37.4387509],[126.8153637,37.4387733],[126.8156179,37.438802],[126.8156474,37.4388097],[126.8156735,37.4388197],[126.8158939,37.4389041],[126.8160636,37.4389723],[126.8163277,37.4389929],[126.816772,37.4390545],[126.8170585,37.4391083],[126.8171834,37.439107],[126.8173935,37.4390434],[126.8175961,37.4390297],[126.8176409,37.4390344],[126.8176811,37.4390501],[126.8177818,37.4391074],[126.817842,37.4391807],[126.8180045,37.4394027],[126.8180503,37.4394776],[126.818098,37.4394984],[126.8183442,37.4396555],[126.8190435,37.4397067],[126.8191006,37.4397117],[126.8193802,37.4397492],[126.8201372,37.4401321],[126.8201571,37.4401382],[126.8204078,37.440215],[126.8205972,37.4400441],[126.8206319,37.4399821],[126.8206623,37.4399176],[126.8206886,37.4398111],[126.8207119,37.4397211],[126.8207238,37.4396676],[126.8208371,37.43921],[126.8209464,37.4387685],[126.8212991,37.438977],[126.8215222,37.4389625],[126.8219654,37.4389813],[126.8220722,37.4389718],[126.8229398,37.4389175],[126.8229271,37.4388377],[126.8230393,37.4388263],[126.8230615,37.4389068],[126.8231133,37.4389005],[126.823139,37.4388831],[126.823161,37.4388682],[126.8236121,37.4386674],[126.8237932,37.4385264],[126.8243825,37.4380681],[126.8249592,37.4373476],[126.8254717,37.4367303],[126.8255034,37.4362517],[126.8255082,37.4361796],[126.8257148,37.4361693],[126.8257598,37.436167],[126.8259216,37.4361361],[126.826092,37.4359423],[126.8261952,37.4358249],[126.8261134,37.4356151],[126.8261013,37.4352735],[126.8260701,37.4343869],[126.8258671,37.4337846],[126.8259148,37.433133],[126.8257952,37.4328413],[126.825783,37.4326641],[126.8259983,37.4323284],[126.826033,37.4322742],[126.826149,37.4320624],[126.8262544,37.4315786],[126.8262643,37.4315331],[126.8261738,37.4314224],[126.8258444,37.4309885],[126.825737,37.4308013],[126.8256765,37.4306029],[126.8260558,37.4300632],[126.8264535,37.4292066],[126.8269449,37.4284993],[126.8276268,37.4280739],[126.8276431,37.428051],[126.8277605,37.4278655],[126.8278301,37.4278031],[126.8277405,37.4277314],[126.8273683,37.4274334],[126.8270881,37.427082],[126.8270407,37.4270454],[126.8267805,37.4269502],[126.8267588,37.426945],[126.8263905,37.4268295],[126.8262984,37.4268005],[126.8262327,37.4267938],[126.8259257,37.4267346],[126.8254398,37.4266409],[126.8252549,37.4265838],[126.8245191,37.4261436],[126.8236729,37.4257435],[126.8234573,37.4255399],[126.823233,37.4253283],[126.8228656,37.4249607],[126.8227543,37.4245734],[126.822269,37.424384],[126.821919,37.424251],[126.8217262,37.4241778],[126.8215519,37.4243255],[126.8199858,37.4242408],[126.8199849,37.4242407],[126.8193894,37.4241701],[126.8187444,37.4240782],[126.8179734,37.4238619],[126.8179315,37.423848],[126.8177549,37.4237892],[126.8177168,37.4237765],[126.8171718,37.4235951],[126.8170513,37.4236423],[126.8168449,37.4236643],[126.8167089,37.4236595],[126.8166012,37.4235995],[126.8165557,37.4236019],[126.8165421,37.4236026],[126.8165202,37.4235884],[126.8164994,37.4235749],[126.8164934,37.4235759],[126.8164876,37.423576],[126.8163365,37.4235789],[126.81633,37.4235776],[126.8159942,37.4234913],[126.8158897,37.4234645],[126.8155553,37.4233786],[126.8154672,37.4233559],[126.8154242,37.4233449],[126.815335,37.423322],[126.8152368,37.4232929],[126.815151,37.4232747],[126.8152328,37.4231731],[126.8152874,37.4231057],[126.8153892,37.4229571],[126.8153771,37.4229503],[126.815447,37.4228432],[126.8154724,37.4227599],[126.8155284,37.4225703],[126.8156355,37.4224245],[126.8156494,37.4223923],[126.81568,37.4223178],[126.8157015,37.4222622],[126.8157556,37.4221102],[126.8158017,37.4219274],[126.8158665,37.4217181],[126.8159576,37.4216094],[126.8159743,37.4215671],[126.8160233,37.4213939],[126.8160632,37.4212254],[126.8161386,37.4210715],[126.816168,37.4210115],[126.8162254,37.420893],[126.8162928,37.4207513],[126.8163234,37.4206778],[126.8163537,37.4205715],[126.8163995,37.4203946],[126.8163882,37.4203557],[126.8163753,37.4203168],[126.8163679,37.4202945],[126.8162264,37.4202985],[126.8162122,37.4202989],[126.8161185,37.4202851],[126.8160082,37.4202643],[126.8159665,37.4202582],[126.8158556,37.4202377],[126.8157059,37.4201652],[126.8156076,37.4201179],[126.815498,37.4200668],[126.8153598,37.4200406],[126.8152211,37.4199996],[126.8151275,37.4199709],[126.8150193,37.4199293],[126.8149491,37.419897],[126.8148755,37.4198423],[126.814871,37.4197587],[126.8148715,37.4197562],[126.8148799,37.4197164],[126.8148917,37.4196576],[126.8148824,37.4195308],[126.8148746,37.4195199],[126.8148319,37.4194875],[126.8147795,37.4194657],[126.8147269,37.4194595],[126.8145877,37.4194688],[126.8144526,37.4194804],[126.8144438,37.419478],[126.814304,37.4194411],[126.8140756,37.4193157],[126.8139605,37.4192524],[126.8138294,37.4191726],[126.813805,37.4191578],[126.813746,37.4191205],[126.8136836,37.4190771],[126.8136327,37.4190377],[126.8135307,37.4191001],[126.8134528,37.4191476],[126.8133501,37.4192257],[126.8132883,37.4192839],[126.8132302,37.4193114],[126.813148,37.4193455],[126.8130819,37.4193686],[126.812964,37.4194052],[126.8127064,37.41938],[126.8127009,37.4193797],[126.8124203,37.4193255],[126.8122648,37.4193092],[126.8121952,37.4193049],[126.8120654,37.4193263],[126.8117438,37.419436],[126.8117228,37.419435],[126.8116287,37.4194091],[126.8113476,37.41915],[126.8111449,37.4189646],[126.8110319,37.4189476],[126.8108637,37.4189231],[126.810734,37.4190138],[126.8104519,37.419134],[126.8104088,37.4191497],[126.8097457,37.4193895],[126.8097228,37.4194015],[126.8096943,37.4194164],[126.8092596,37.4196445],[126.8089543,37.4198483],[126.8087606,37.4200035],[126.8086817,37.4200668],[126.8085596,37.4202042],[126.8084549,37.4203221],[126.8081392,37.4206695],[126.8075439,37.4212848],[126.8073438,37.4214518],[126.8072767,37.4214982],[126.8070075,37.421606],[126.8068947,37.421599],[126.8062809,37.4214414],[126.8061405,37.4213891],[126.8059883,37.4213544],[126.8056958,37.4212888],[126.8056291,37.4212744],[126.8053803,37.4212209],[126.8051693,37.421176],[126.805017,37.4211433],[126.8048863,37.4211404],[126.8046798,37.4212014],[126.8044668,37.4212647],[126.8044354,37.4212743],[126.8042038,37.4213024],[126.8038923,37.4212853],[126.8038954,37.4212804],[126.8038983,37.421271],[126.8038997,37.4212508],[126.803901,37.4212324],[126.8038582,37.4212445],[126.8037948,37.4212625],[126.8037256,37.4212822],[126.8037221,37.4212832],[126.8036802,37.4212951],[126.8036521,37.4212628],[126.8035922,37.4211938],[126.803533,37.4211219],[126.8034217,37.4209198],[126.8033969,37.420883],[126.8033377,37.4208359],[126.8032995,37.4208063],[126.8032191,37.4206702],[126.8030807,37.4205023],[126.8030037,37.4204301],[126.8030092,37.4204907],[126.8030224,37.4206357],[126.8030317,37.4207384],[126.8030433,37.4208661],[126.8031036,37.4214671],[126.8031807,37.4223645],[126.803212,37.4227172],[126.8032126,37.4227232],[126.803253,37.4231782],[126.8032548,37.4231987],[126.8032564,37.4232448],[126.8032256,37.423247],[126.802996,37.4233223],[126.8028548,37.4233449],[126.8027305,37.4234032],[126.8026969,37.4233931],[126.8026478,37.4234186],[126.8025416,37.4234458],[126.8024446,37.423501],[126.8023538,37.4235169],[126.8023066,37.4235612],[126.8021086,37.4236127],[126.801968,37.4236274],[126.8019374,37.4236405],[126.8019167,37.4235966],[126.8019108,37.423584],[126.8018896,37.423581],[126.8017786,37.423595],[126.8017573,37.423582],[126.8014541,37.4235871],[126.8012814,37.42359],[126.8012477,37.4235691],[126.8011997,37.4235394],[126.8010929,37.4234859],[126.8010314,37.4234658],[126.8009837,37.4234635],[126.8009598,37.4234623],[126.8009422,37.4234477],[126.8008495,37.4234927],[126.8008074,37.4235275],[126.8007595,37.4235359],[126.800671,37.4235237],[126.8005938,37.4234919],[126.8005242,37.423463],[126.8003764,37.4234399],[126.8002867,37.4234086],[126.8002488,37.4234343],[126.8001423,37.4234428],[126.80009,37.4234231],[126.800047,37.4234069],[126.7999224,37.423361],[126.7998941,37.4232079],[126.7999861,37.4230838],[126.7999887,37.423084],[126.8000365,37.4230881],[126.8001656,37.4227762],[126.800167,37.4227576],[126.8001192,37.4227634],[126.8000769,37.4227686],[126.8000713,37.422772],[126.8000011,37.4228149],[126.7999498,37.4228835],[126.7998447,37.4228727],[126.7997207,37.4229334],[126.7996904,37.422951],[126.7996633,37.4229515],[126.7994671,37.4229478],[126.7993683,37.4230019],[126.7992626,37.4230583],[126.7991784,37.4230854],[126.7990331,37.423116],[126.7988636,37.4231262],[126.7988361,37.4231179],[126.7987903,37.4231041],[126.7987262,37.4230834],[126.7987134,37.4230811],[126.7985512,37.4230528],[126.7983869,37.4230429],[126.7982077,37.4230293],[126.7981041,37.4230484],[126.7979805,37.4230712],[126.7977549,37.4231613],[126.797574,37.4232298],[126.7975235,37.4232494],[126.7974973,37.4232583],[126.797496,37.4232593],[126.7974905,37.4232635],[126.7974631,37.4232841],[126.797413,37.4233953],[126.7973795,37.4235207],[126.7973093,37.4237418],[126.7973032,37.4237608],[126.7972934,37.4237677],[126.797201,37.423833],[126.7971671,37.423857],[126.7971059,37.4239002],[126.7971103,37.4239041],[126.7971097,37.4239046],[126.796924,37.4238973],[126.7968897,37.4238959],[126.7967555,37.4238605],[126.7967425,37.4238571],[126.7967413,37.4238566],[126.7965528,37.4237814],[126.7962452,37.423661],[126.7959377,37.4235944],[126.7957509,37.423588],[126.7956821,37.4235844],[126.7955848,37.4235792],[126.7954948,37.423561],[126.7953836,37.4235351],[126.7953721,37.4235327],[126.7953647,37.4235327],[126.7953257,37.4235326],[126.795316,37.423533],[126.7951982,37.4235245],[126.7951164,37.4235181],[126.7948932,37.4234906],[126.7946352,37.4234921],[126.7946339,37.4234925],[126.7946029,37.4234928],[126.794591,37.4234929],[126.7944762,37.4234939],[126.7939352,37.4236646],[126.7938937,37.4236965],[126.7938513,37.4237289],[126.793815,37.4237568],[126.7938145,37.4237569],[126.7937917,37.4237743],[126.7932117,37.424138],[126.7928625,37.4244987],[126.7928444,37.4245102],[126.7928252,37.4245167],[126.7928241,37.4245171],[126.7927517,37.4246339],[126.7927368,37.4246578],[126.7926508,37.4247852],[126.7925866,37.4248929],[126.7925733,37.4249228],[126.7925666,37.4249339],[126.7925397,37.4249954],[126.792531,37.4250151],[126.7925124,37.4250513],[126.7924695,37.4251113],[126.7924247,37.4251511],[126.7923664,37.4252064],[126.7922876,37.4252598],[126.7921736,37.4253366],[126.792056,37.4254196],[126.7918941,37.425529],[126.7918007,37.4255947],[126.7917031,37.4256973],[126.7913454,37.4262346],[126.7913196,37.4262734],[126.7912988,37.4263569],[126.7912793,37.4264863],[126.791276,37.4265083],[126.7912327,37.4266317],[126.7911958,37.4267342],[126.7911405,37.4268878],[126.7911656,37.4270547],[126.7911801,37.4270962],[126.7912141,37.4271796],[126.7912677,37.4272921],[126.7912846,37.4273323],[126.7913062,37.4273775],[126.7913354,37.427431],[126.7913463,37.4274652],[126.7913965,37.4275985],[126.7914454,37.4277332],[126.7914931,37.4278561],[126.7915099,37.4278824],[126.791567,37.427972],[126.7915911,37.4280394],[126.7916057,37.4281191],[126.7916047,37.4281344],[126.791605,37.4281364],[126.7916102,37.4281758],[126.7916117,37.4282223],[126.7916134,37.4282754],[126.7916487,37.4283672],[126.7916882,37.4284503],[126.7917496,37.4285636],[126.7918271,37.4287109],[126.7918385,37.4287329],[126.7919242,37.428898],[126.7919289,37.4289071],[126.791993,37.4290304],[126.7920089,37.4290705],[126.7920384,37.4291359],[126.7920626,37.4292306],[126.7920633,37.4292355],[126.7920662,37.4292566],[126.7920731,37.4293052],[126.7920795,37.429333],[126.792125,37.4295373],[126.7921815,37.429722],[126.7922622,37.4298843],[126.7923463,37.4300535],[126.7923495,37.4300598],[126.7923659,37.4300917],[126.792368,37.4300977],[126.7925077,37.4304986],[126.7925057,37.4305321],[126.7925057,37.4305326],[126.7925284,37.4308302],[126.7925477,37.4309021],[126.7925805,37.43096],[126.7925996,37.4309935],[126.7926604,37.4311006],[126.7927047,37.4311393],[126.7927263,37.4311583],[126.7928757,37.4313335],[126.7929256,37.4313892],[126.7929707,37.4314434],[126.7930121,37.4314906],[126.793032,37.431515],[126.7930353,37.4315231],[126.7930645,37.4315639],[126.7931033,37.4316276],[126.7931041,37.4316277],[126.7931049,37.4316303],[126.7931301,37.4316718],[126.7931476,37.4317082],[126.7931644,37.4317337],[126.7931564,37.4317585],[126.7931154,37.4318867],[126.7930696,37.4320149],[126.793044,37.4320814],[126.7929921,37.432191],[126.7929779,37.432221],[126.7929819,37.4324519],[126.793,37.4325478],[126.7930174,37.4326402],[126.7930209,37.4326848],[126.7930426,37.4329672],[126.7930667,37.4331075],[126.79307,37.4331263],[126.793101,37.4331613],[126.793196,37.4332449],[126.7932363,37.4332804],[126.7932799,37.4333188],[126.7933388,37.4333519],[126.7933462,37.4333561],[126.7933956,37.4334712],[126.7934117,37.4335117],[126.793419,37.4335343],[126.7934305,37.4335695],[126.7934492,37.4336268],[126.7934719,37.433698],[126.7934993,37.4338445],[126.7935303,37.4340075],[126.7935539,37.4341313],[126.793554,37.4341318],[126.7935762,37.4342761],[126.7935944,37.4344073],[126.793639,37.4346053],[126.7936824,37.4347483],[126.7937099,37.4348237],[126.7936933,37.4348418],[126.7927865,37.435067],[126.7930986,37.4354306],[126.7930984,37.4355298],[126.7930907,37.435746],[126.7930908,37.435757],[126.7930911,37.4357765],[126.7930985,37.4358013],[126.7931012,37.4358105],[126.7930927,37.4359557],[126.7930932,37.435959],[126.7930978,37.4359868],[126.7930989,37.435994],[126.793148,37.4362956],[126.7931491,37.4363026],[126.7931521,37.4363215],[126.7931575,37.4363557],[126.793171,37.4364396],[126.793195,37.4365894],[126.7931888,37.4366851],[126.7931887,37.4366863],[126.7931705,37.4369528],[126.7931648,37.4370348],[126.7931578,37.4371367],[126.7931569,37.4371511],[126.7931528,37.4372101],[126.7931726,37.4372046],[126.7931799,37.4372026],[126.7931726,37.4373026],[126.7931263,37.4379431],[126.7931226,37.4379942],[126.7931184,37.4381024],[126.7931174,37.4381259],[126.7931273,37.4381434],[126.7931434,37.4381717],[126.7931885,37.4382511],[126.7931934,37.4382596],[126.7932964,37.4384429],[126.7933439,37.4385275],[126.7933473,37.4385337],[126.7933857,37.4386019],[126.7933862,37.4386029],[126.793422,37.438672],[126.7934274,37.4386791],[126.7934398,37.4386982],[126.793429,37.4387269],[126.79343,37.4387626],[126.7934292,37.4388293],[126.7934283,37.4389149],[126.793427,37.438942],[126.793427,37.4390053],[126.7931843,37.4390107],[126.7930837,37.439013],[126.79307,37.4390133],[126.7930474,37.4391629],[126.7929833,37.4395854],[126.7929232,37.4399816],[126.792923,37.4399829],[126.7928676,37.440348],[126.7928248,37.44063],[126.7928135,37.4407049],[126.7928154,37.4407082],[126.793476,37.4418082],[126.7937346,37.4422389],[126.7938314,37.4424001],[126.7941279,37.4428939],[126.7942404,37.4429499],[126.7942938,37.4429765],[126.7943001,37.4429797],[126.7945174,37.443088],[126.7946229,37.4431405],[126.7949466,37.4433018],[126.7959301,37.4437918],[126.7965838,37.4441175],[126.7966601,37.4441556],[126.796986,37.4443179],[126.7969939,37.4443221],[126.7975957,37.4446414],[126.7977552,37.444726],[126.7979642,37.4448369],[126.7981327,37.4449262],[126.7983501,37.4450416],[126.7989366,37.4453528],[126.7994362,37.4456179],[126.7998407,37.4458325],[126.7999963,37.445915],[126.8000529,37.4459451],[126.8000523,37.4459479],[126.800138,37.4459921],[126.8001442,37.4459953],[126.8001534,37.4460001],[126.8002,37.4460241],[126.8004113,37.4461332],[126.8004453,37.4461508],[126.8006151,37.4462354],[126.8007566,37.4463064],[126.8009237,37.4463912],[126.801093,37.446473],[126.8012645,37.4465517],[126.8014125,37.4466358],[126.8015497,37.4466931],[126.8016884,37.4467488],[126.8018282,37.4468023],[126.801853,37.4468109],[126.801918,37.4468336],[126.8021183,37.4469037],[126.8021621,37.4469183],[126.8022654,37.4469528],[126.8024137,37.4469998],[126.8025629,37.4470448],[126.8026696,37.4470752],[126.8027131,37.4470877],[126.8027399,37.4470951],[126.802868,37.4471305],[126.8030348,37.4471613],[126.8033977,37.447262],[126.8036566,37.4473416],[126.8039075,37.4474188],[126.8039858,37.4474404],[126.8040591,37.4474612],[126.8041357,37.4474824],[126.8041552,37.4474878],[126.8042486,37.4475137],[126.8045497,37.4475972],[126.8046479,37.4476244],[126.8048484,37.44768],[126.8051636,37.4477674],[126.8052773,37.4477989],[126.8052989,37.4478049],[126.8054422,37.4478447],[126.8056932,37.4479143],[126.8057726,37.4479363],[126.8060574,37.4480152],[126.8060744,37.4479974],[126.8061238,37.4479457],[126.8062075,37.4478569],[126.8062123,37.4478518],[126.806244,37.4478172],[126.8063125,37.4477447],[126.806544,37.4474965],[126.806666,37.4473697],[126.8065789,37.44726],[126.8065785,37.4471558],[126.8066246,37.4471011],[126.8066932,37.4470215],[126.8067074,37.4470059],[126.8069105,37.4467683],[126.807094,37.4465878],[126.8071076,37.4465744],[126.8072607,37.4464239],[126.8072616,37.446423],[126.807441,37.446246],[126.8075133,37.4461768],[126.8075826,37.4461089],[126.8077874,37.4459093],[126.8080071,37.4456939],[126.8081208,37.4455824],[126.8081933,37.4454959],[126.808228,37.4454841],[126.8082842,37.44545],[126.8083308,37.4454156],[126.8083495,37.445404],[126.8083804,37.4454016],[126.8083989,37.4454001],[126.8084119,37.4453958],[126.8084341,37.4453859],[126.8084487,37.4453709],[126.8084575,37.4453552],[126.8084624,37.4453467],[126.8084668,37.4453408],[126.808473,37.4453349],[126.8084785,37.4453305],[126.8084921,37.4453215],[126.8085132,37.4453116],[126.8085341,37.4453089],[126.8085366,37.4453084]]]}},{"type":"Feature","properties":{"id":"maehwa","name":"매화동","data_area_id":"maehwa","adm_cd":"31150550","source":"경기도 시흥시 행정동경계_20250610 (공공데이터포털 15104305)","source_standard_date":"20230801"},"geometry":{"type":"Polygon","coordinates":[[[126.8287989,37.4243509],[126.8287861,37.4240615],[126.8287811,37.4237504],[126.8287715,37.4236656],[126.8287695,37.4236472],[126.8287673,37.4236279],[126.8291121,37.4233104],[126.8291964,37.4232939],[126.8293688,37.4232602],[126.8293187,37.4231133],[126.8292184,37.4228188],[126.8293679,37.4227503],[126.8295261,37.4226778],[126.829492,37.4225854],[126.8294377,37.4224381],[126.8293474,37.4221839],[126.8296315,37.4216168],[126.8296114,37.4211616],[126.8296517,37.4203625],[126.8296537,37.420111],[126.8296348,37.4198735],[126.8296437,37.4197434],[126.8297971,37.4192043],[126.829921,37.4187691],[126.8298664,37.418729],[126.8298173,37.4186937],[126.8296257,37.4185557],[126.8295721,37.4185479],[126.8291889,37.4184953],[126.8288707,37.4184516],[126.828904,37.4181859],[126.8289136,37.4181204],[126.8289194,37.4180809],[126.8289562,37.4178307],[126.8289725,37.4176671],[126.8289934,37.4174575],[126.8289956,37.4174354],[126.8293709,37.4169808],[126.8293623,37.4169237],[126.8292641,37.4162281],[126.8292455,37.4160963],[126.8292568,37.4159441],[126.8292697,37.4157594],[126.8293631,37.4157254],[126.829663,37.4156139],[126.8299702,37.4154927],[126.8301103,37.4154293],[126.8304533,37.4152775],[126.8304575,37.4152756],[126.8309839,37.4150426],[126.8312027,37.4149308],[126.8313465,37.4148419],[126.8319988,37.4145253],[126.8321977,37.4143679],[126.832238,37.4141439],[126.832268,37.4139768],[126.8323667,37.4137406],[126.832453,37.4134873],[126.8323957,37.4133839],[126.8323628,37.4133046],[126.8323256,37.413215],[126.8323962,37.4131338],[126.832836,37.4126283],[126.8330161,37.4124141],[126.8330403,37.4123854],[126.8331433,37.412263],[126.8331745,37.4122286],[126.8333454,37.4122399],[126.833539,37.4120505],[126.8336884,37.4115611],[126.8339236,37.4110943],[126.8340448,37.4111429],[126.8345487,37.4113448],[126.83461,37.4113694],[126.8347751,37.4114356],[126.8348172,37.4114578],[126.835203,37.4116615],[126.835237,37.4116639],[126.8352986,37.4116683],[126.8359225,37.411713],[126.8359549,37.4117153],[126.8362224,37.4119197],[126.8362645,37.4119519],[126.8364603,37.4120854],[126.8364887,37.4121064],[126.8365957,37.4121031],[126.8370763,37.4120831],[126.8371811,37.4120787],[126.8372171,37.4120059],[126.8374237,37.4115878],[126.8376014,37.4112603],[126.8378049,37.4109124],[126.8380999,37.410399],[126.8385101,37.4099402],[126.8385821,37.4098521],[126.8388165,37.4095453],[126.8388515,37.4095033],[126.838884,37.4094603],[126.8389404,37.4094754],[126.8389818,37.4094751],[126.8390988,37.4094742],[126.8392782,37.4094676],[126.8393978,37.4094677],[126.8391638,37.4089825],[126.8390902,37.4088293],[126.839082,37.4088122],[126.8390924,37.4087982],[126.8391292,37.4087704],[126.8392453,37.408549],[126.839634,37.408143],[126.8395347,37.4075139],[126.8393246,37.4070848],[126.8392569,37.4067483],[126.8394113,37.4064962],[126.8404898,37.40666],[126.84091,37.4066527],[126.8412825,37.4062912],[126.8415069,37.4062771],[126.8415365,37.4062753],[126.8417603,37.4062637],[126.8419102,37.406256],[126.8419803,37.4062524],[126.8421123,37.406309],[126.8425577,37.4065099],[126.8428312,37.4066333],[126.8433373,37.4067507],[126.843548,37.4067995],[126.84375,37.4068288],[126.8440662,37.4068746],[126.8448724,37.4070033],[126.8451098,37.4070411],[126.8452281,37.4070196],[126.845962,37.4068863],[126.8462633,37.4068316],[126.846405,37.4065912],[126.8465343,37.406372],[126.8467231,37.4062204],[126.8468228,37.4061403],[126.8468354,37.4061631],[126.8468373,37.4061665],[126.8468507,37.4061554],[126.8471937,37.4058698],[126.8472131,37.4058218],[126.8479757,37.4052478],[126.8480545,37.4052113],[126.8481266,37.4052116],[126.848146,37.4052131],[126.8482172,37.4052281],[126.8483755,37.4052628],[126.8485326,37.4053019],[126.8486158,37.4052824],[126.84862,37.4052814],[126.8487001,37.4052268],[126.8487356,37.4051882],[126.8487664,37.4051396],[126.8488161,37.4050463],[126.8488319,37.4050166],[126.8488932,37.4049399],[126.8490103,37.4047856],[126.8491395,37.4046516],[126.8492409,37.4045598],[126.8493668,37.4044459],[126.8494234,37.4044007],[126.8496153,37.4042753],[126.8498951,37.4041092],[126.8500328,37.4040175],[126.8500747,37.4039693],[126.850076,37.4039573],[126.8500782,37.403937],[126.8500935,37.4038607],[126.85009,37.4038095],[126.8500932,37.4037604],[126.8501197,37.4037287],[126.8501923,37.4036819],[126.8502246,37.403661],[126.8502429,37.4036328],[126.8502283,37.4036307],[126.8502161,37.403629],[126.8502129,37.4036285],[126.8501843,37.4035942],[126.8501811,37.4035936],[126.8501721,37.4035919],[126.8501747,37.4035849],[126.8501753,37.4035833],[126.8501473,37.4035497],[126.8500898,37.4034822],[126.8500716,37.4034611],[126.8500558,37.4034427],[126.8500329,37.4034177],[126.8500404,37.4034195],[126.8500398,37.4034186],[126.8500203,37.4033949],[126.8499702,37.4033342],[126.8498919,37.4031847],[126.8498598,37.4031254],[126.8498418,37.4030921],[126.8498178,37.4030478],[126.8498132,37.4030358],[126.8497785,37.4029831],[126.8497484,37.4029363],[126.8497425,37.402927],[126.8497114,37.4028837],[126.8496751,37.4028535],[126.8496427,37.4028243],[126.8496203,37.4028041],[126.8495912,37.402769],[126.8494314,37.402589],[126.8493966,37.40255],[126.8493177,37.4024598],[126.8492099,37.4023383],[126.8490098,37.4020065],[126.8488664,37.4018204],[126.8485996,37.4016086],[126.8485266,37.4015507],[126.8487944,37.4012527],[126.8489603,37.401198],[126.849164,37.401131],[126.8491614,37.4010397],[126.8491603,37.4010007],[126.849159,37.4009504],[126.8492006,37.4009043],[126.8492449,37.400855],[126.8494311,37.4006484],[126.8495164,37.400569],[126.849832,37.4002755],[126.8499664,37.4001904],[126.8501499,37.4000741],[126.850157,37.4000118],[126.8501722,37.3998779],[126.8501719,37.3998341],[126.8501635,37.399776],[126.8501566,37.3997423],[126.8501035,37.399484],[126.8501396,37.3992307],[126.8501501,37.399168],[126.8502676,37.3984712],[126.8503699,37.3982199],[126.8498605,37.3980941],[126.8496899,37.398052],[126.8494172,37.398092],[126.8491049,37.3981203],[126.8489588,37.3981462],[126.8488563,37.3981326],[126.8486767,37.3981831],[126.848829,37.3978599],[126.8487635,37.3977135],[126.848585,37.3976105],[126.8485338,37.397581],[126.8485302,37.397577],[126.848193,37.3972128],[126.8481839,37.397203],[126.8481464,37.397188],[126.8481367,37.3971842],[126.8481343,37.3971513],[126.8481349,37.3971418],[126.8481541,37.3967891],[126.8482233,37.3967356],[126.8482356,37.3967261],[126.8484237,37.3965719],[126.8484254,37.3962034],[126.8484257,37.3961319],[126.8484546,37.3959301],[126.8484572,37.3959124],[126.8484964,37.3956383],[126.8484983,37.3956253],[126.8484332,37.3954183],[126.8484,37.395313],[126.8483985,37.3953082],[126.8483781,37.3952677],[126.8482934,37.3950994],[126.8481992,37.3948955],[126.8481585,37.394774],[126.8481172,37.394619],[126.8484348,37.3945784],[126.848441,37.3945776],[126.8486218,37.394557],[126.8487295,37.3943183],[126.8489124,37.3942828],[126.8489662,37.3940011],[126.8489941,37.3938495],[126.8490372,37.3938034],[126.849187,37.3936349],[126.8491839,37.3935802],[126.8491754,37.3934859],[126.8491689,37.3934122],[126.849018,37.3923902],[126.8491024,37.3919043],[126.8491481,37.3916745],[126.8490896,37.3912494],[126.8486931,37.3910689],[126.848451,37.3909588],[126.8485038,37.3905516],[126.8484928,37.390325],[126.8484722,37.3902331],[126.8480525,37.3894398],[126.8480334,37.3894038],[126.8479767,37.3894397],[126.8478736,37.389505],[126.8478027,37.3895344],[126.8477039,37.3895709],[126.847105,37.3895954],[126.8469758,37.3896007],[126.8468784,37.3896047],[126.8468358,37.3896064],[126.8465924,37.3894807],[126.8463375,37.3893149],[126.8460982,37.3890725],[126.8459883,37.3889612],[126.8456985,37.3888801],[126.8455524,37.3889687],[126.8454159,37.3890514],[126.8448683,37.3892755],[126.8447891,37.3893086],[126.8445731,37.389399],[126.8443989,37.3894179],[126.8443514,37.389423],[126.8437364,37.3894896],[126.8428092,37.389718],[126.8415993,37.3899271],[126.8410971,37.3900181],[126.8410794,37.3900087],[126.8409984,37.3899655],[126.8409775,37.3899585],[126.8409391,37.3899458],[126.8408555,37.3899264],[126.8406736,37.3898842],[126.8402178,37.389749],[126.8399068,37.3896513],[126.8398373,37.3896332],[126.8396671,37.3895891],[126.8395458,37.3895714],[126.8393504,37.3895847],[126.839005,37.3896081],[126.8388541,37.3895867],[126.838737,37.3895914],[126.8385851,37.3895974],[126.8381294,37.3895836],[126.8380883,37.3895552],[126.8380038,37.3894984],[126.8378602,37.3894412],[126.8378581,37.3894408],[126.8378515,37.3894397],[126.8378517,37.3894385],[126.8378518,37.3894379],[126.8375799,37.3893296],[126.8374962,37.3892935],[126.8374478,37.3892645],[126.8371462,37.3890946],[126.8367021,37.3891234],[126.8362213,37.3891718],[126.8360264,37.389174],[126.8360153,37.3891711],[126.8356544,37.3888998],[126.83558,37.3890273],[126.8354044,37.3893284],[126.8353293,37.3894571],[126.8352805,37.3894648],[126.8347304,37.3895519],[126.8345578,37.3895259],[126.833188,37.3892375],[126.8329087,37.3891559],[126.8325856,37.3889179],[126.8323341,37.388886],[126.8321922,37.3888789],[126.8319582,37.3888539],[126.8317469,37.3889977],[126.8316738,37.3891097],[126.8314971,37.3891649],[126.8312909,37.3892042],[126.8312484,37.3892129],[126.8308892,37.3891822],[126.8307592,37.3891715],[126.8306822,37.389137],[126.8305366,37.3890716],[126.8303703,37.3889974],[126.8300751,37.3889444],[126.8298078,37.3888952],[126.8296596,37.3888684],[126.8295346,37.3888659],[126.8294609,37.3888647],[126.8292586,37.3888616],[126.8291712,37.3888614],[126.8288521,37.3888648],[126.8287322,37.3888661],[126.8286769,37.3889031],[126.828647,37.3888619],[126.8286354,37.3888199],[126.8286347,37.3888174],[126.8286289,37.3887951],[126.8286216,37.3887942],[126.8285955,37.3887883],[126.8285603,37.3887863],[126.8285324,37.3887871],[126.8284648,37.3888144],[126.8284172,37.3888337],[126.8283973,37.3888414],[126.8283703,37.3888174],[126.8282738,37.3887478],[126.8282409,37.3887482],[126.8282257,37.3887484],[126.8282121,37.3887444],[126.828173,37.3887329],[126.8281495,37.3887142],[126.8281296,37.3886983],[126.8280968,37.3887223],[126.8280438,37.3887511],[126.8280211,37.3887635],[126.8280076,37.3887708],[126.8279484,37.3887986],[126.8279189,37.3888211],[126.8278878,37.3888448],[126.8277647,37.388885],[126.8276451,37.3889078],[126.827592,37.3889178],[126.82749,37.3889525],[126.8273005,37.3890146],[126.8271573,37.3890582],[126.8270076,37.3891263],[126.8269956,37.3891338],[126.8268982,37.3891944],[126.8268755,37.3892085],[126.8268623,37.3892131],[126.8268266,37.3892246],[126.8266098,37.3893256],[126.8265021,37.3893568],[126.8264773,37.3893559],[126.826392,37.3893526],[126.8263914,37.3893525],[126.8262225,37.3893413],[126.8260492,37.3893462],[126.8259025,37.3893418],[126.8258869,37.389371],[126.8258733,37.3893943],[126.8258427,37.3894465],[126.8258281,37.3895137],[126.8258236,37.3895123],[126.8257475,37.3894878],[126.825741,37.3894713],[126.825723,37.3894537],[126.8256526,37.389407],[126.8256509,37.3894059],[126.8255382,37.3893285],[126.8255308,37.3893254],[126.8255309,37.3893282],[126.8255149,37.3893219],[126.8254734,37.389302],[126.8254523,37.3892831],[126.825447,37.3892783],[126.8254204,37.3892542],[126.8253523,37.3892095],[126.8253114,37.3891827],[126.8252889,37.3893626],[126.8252971,37.3895272],[126.8253108,37.3897756],[126.8253126,37.3898064],[126.8253146,37.3898442],[126.82531,37.3898883],[126.8253079,37.3898876],[126.8242229,37.3895403],[126.8225732,37.3890105],[126.8223942,37.3889527],[126.8223457,37.3889932],[126.8222224,37.3890963],[126.8220944,37.3892042],[126.8217037,37.3896085],[126.8215952,37.3897208],[126.8214077,37.3900349],[126.8211199,37.3902833],[126.820902,37.3905716],[126.8207872,37.3907235],[126.8201373,37.3915671],[126.8199927,37.3917898],[126.8199161,37.3919079],[126.8197305,37.3922036],[126.8197172,37.3922247],[126.8195124,37.3927581],[126.8195198,37.3928345],[126.8195514,37.3931567],[126.8194864,37.3933426],[126.81923,37.3935609],[126.8190286,37.3940048],[126.8187661,37.3945833],[126.81856,37.3947614],[126.8185422,37.3947768],[126.8183733,37.3949918],[126.8182919,37.3951836],[126.8181263,37.3954716],[126.8180015,37.3957603],[126.8179983,37.3957675],[126.8178324,37.3961379],[126.8177935,37.3964294],[126.817999,37.3967561],[126.8181144,37.3969395],[126.8181446,37.3971571],[126.8181919,37.3974978],[126.8182999,37.3976694],[126.8184367,37.3978868],[126.8185768,37.3982089],[126.8185955,37.398251],[126.8186158,37.3982965],[126.8185768,37.3984602],[126.818567,37.3985207],[126.8182518,37.3989136],[126.8182474,37.398919],[126.818041,37.3991764],[126.8176517,37.3996612],[126.8175805,37.3998022],[126.8174704,37.40002],[126.8171856,37.4004875],[126.817009,37.4008088],[126.8169098,37.4010526],[126.8169179,37.4011965],[126.8169196,37.4012262],[126.8169608,37.40137],[126.8168893,37.401562],[126.8168706,37.4016119],[126.8167065,37.4017358],[126.8165174,37.4019082],[126.8163507,37.4019778],[126.8162927,37.4020184],[126.8161191,37.4021396],[126.8159788,37.4022262],[126.815808,37.4025474],[126.8157838,37.4025706],[126.8155902,37.4027559],[126.8140667,37.4030164],[126.8126841,37.4032529],[126.8126076,37.403266],[126.8125743,37.4032631],[126.8123443,37.4032431],[126.8120268,37.4033476],[126.8115008,37.4033975],[126.8112732,37.4034057],[126.8111174,37.4034152],[126.8108444,37.4034352],[126.8106929,37.4034941],[126.8106713,37.4035025],[126.8104092,37.4034872],[126.8103232,37.4034822],[126.8102747,37.4034895],[126.8100488,37.4035233],[126.8095361,37.4035739],[126.8094524,37.4035786],[126.8093405,37.4035849],[126.8090066,37.4035607],[126.8087308,37.4035666],[126.8082362,37.4035709],[126.8081137,37.4035774],[126.8082552,37.4036966],[126.8084816,37.4038874],[126.8098078,37.4050092],[126.8098664,37.4050624],[126.8098326,37.4050874],[126.8071786,37.4070788],[126.8071403,37.4071079],[126.8057066,37.4081887],[126.8055815,37.4082833],[126.804885,37.40881],[126.8048176,37.4088589],[126.8024514,37.4106454],[126.8024398,37.4106542],[126.8016686,37.4100005],[126.80167,37.4099909],[126.8016345,37.4099642],[126.8016239,37.409957],[126.8015968,37.409933],[126.8011408,37.4095338],[126.8008355,37.4092665],[126.800811,37.4092454],[126.8007824,37.4092211],[126.8003877,37.4088801],[126.8000054,37.4085585],[126.7989328,37.4076522],[126.7984841,37.4072742],[126.7982616,37.4070874],[126.7980035,37.4068692],[126.7979024,37.4067843],[126.7973667,37.4063352],[126.7966922,37.4057671],[126.7964351,37.4055486],[126.7958393,37.4050422],[126.7957379,37.4049545],[126.7956178,37.4049433],[126.7955209,37.4049257],[126.7955118,37.4049241],[126.7954569,37.4049142],[126.7953446,37.4049023],[126.7951997,37.4048791],[126.7950837,37.4048591],[126.7949785,37.4047991],[126.7948585,37.4047064],[126.7947803,37.4046091],[126.7946367,37.4044644],[126.7945998,37.4044263],[126.794459,37.4043044],[126.7943912,37.4042585],[126.7942502,37.4041947],[126.7942099,37.4041764],[126.7941772,37.4041616],[126.7940398,37.4040994],[126.7939413,37.4040548],[126.7939376,37.4040594],[126.7936518,37.404301],[126.7935353,37.4044071],[126.7932025,37.4046145],[126.7930065,37.4047359],[126.7926666,37.4049493],[126.7925671,37.4049993],[126.7925303,37.4050394],[126.7923784,37.4050982],[126.7923609,37.4051063],[126.7920737,37.4052387],[126.7919934,37.4052957],[126.7919896,37.4052962],[126.7916892,37.4055103],[126.7915272,37.4056012],[126.7915354,37.4056056],[126.7915046,37.4056241],[126.7913342,37.4057262],[126.7911815,37.4058307],[126.7909055,37.4060225],[126.7908743,37.406044],[126.790635,37.4062092],[126.7906099,37.4062269],[126.790592,37.4062396],[126.7905833,37.4062455],[126.7904548,37.4063334],[126.7904434,37.4063432],[126.7904393,37.4063466],[126.7903087,37.4064566],[126.7901801,37.406513],[126.7899961,37.4065935],[126.7897108,37.4068182],[126.7896871,37.4068332],[126.7896256,37.4068688],[126.7893892,37.4070085],[126.7891935,37.4071167],[126.7891756,37.4071893],[126.7890675,37.4072802],[126.7890124,37.4073463],[126.7889852,37.4073788],[126.7889776,37.4073987],[126.7889742,37.4074075],[126.7889012,37.4075946],[126.7888907,37.4076141],[126.7888238,37.4077922],[126.7887849,37.4079795],[126.7887413,37.4079513],[126.7886834,37.4079137],[126.7886194,37.4078714],[126.7886031,37.4079527],[126.7886025,37.4079558],[126.7885962,37.4079864],[126.7885838,37.4080468],[126.7886951,37.4081055],[126.7887076,37.4081121],[126.7888347,37.4081931],[126.7889109,37.4082394],[126.7889863,37.408289],[126.7890091,37.408304],[126.7891984,37.4084229],[126.7892863,37.4084678],[126.7894641,37.4085631],[126.7895569,37.4086167],[126.7896603,37.4086735],[126.7898036,37.4087823],[126.7898657,37.408834],[126.7901427,37.40905],[126.7903032,37.4092416],[126.7905085,37.4093833],[126.7905493,37.4094129],[126.7906454,37.4094931],[126.790693,37.4095362],[126.7907314,37.4095772],[126.7908014,37.4096623],[126.7909019,37.4097807],[126.7909541,37.4098227],[126.791014,37.4098635],[126.7910949,37.4099109],[126.7911654,37.4099448],[126.7912571,37.4099843],[126.7913169,37.4100147],[126.7913401,37.4100274],[126.7915361,37.410175],[126.7916227,37.4102649],[126.7916763,37.4103187],[126.7917454,37.410386],[126.7917776,37.4104215],[126.7917838,37.4104283],[126.7918811,37.4104998],[126.7919123,37.4105172],[126.7920111,37.4105569],[126.792094,37.4105565],[126.7921583,37.4105651],[126.792249,37.4105736],[126.792251,37.4105738],[126.7922604,37.4105879],[126.7923849,37.4107757],[126.7924325,37.4108462],[126.7926422,37.4110877],[126.7927357,37.4112336],[126.7927612,37.4113699],[126.7928153,37.4114741],[126.7928279,37.4114984],[126.7928715,37.4115523],[126.7930344,37.4116518],[126.7931176,37.4116944],[126.7932914,37.4118116],[126.7938429,37.4122334],[126.7939658,37.4123358],[126.7940403,37.4124057],[126.794119,37.4124475],[126.7943318,37.4125757],[126.7944141,37.4126438],[126.7945213,37.4127313],[126.7946805,37.4128306],[126.7949158,37.4129736],[126.7950281,37.4130417],[126.7951607,37.4131023],[126.7952714,37.4131622],[126.7954335,37.4132733],[126.7954524,37.4132862],[126.7955954,37.4134104],[126.7956498,37.413468],[126.7957143,37.413553],[126.7958064,37.4137239],[126.7961092,37.413856],[126.7964186,37.4139791],[126.7965905,37.4140242],[126.7967576,37.4141081],[126.7969211,37.4142619],[126.7969846,37.4143613],[126.7971187,37.4146256],[126.7972132,37.4148314],[126.797359,37.4150095],[126.7976813,37.4153837],[126.7977306,37.4154662],[126.797763,37.4155449],[126.7978277,37.4157132],[126.7978827,37.4157802],[126.7979819,37.4158711],[126.7980881,37.4159685],[126.7981876,37.4160859],[126.7983024,37.416213],[126.7984675,37.4163839],[126.7986147,37.4165451],[126.7986649,37.4166072],[126.7987765,37.4167455],[126.7988907,37.4168303],[126.7991033,37.4170053],[126.7992534,37.4171227],[126.7994935,37.4173607],[126.7995579,37.417413],[126.7996208,37.4174642],[126.7998307,37.4176423],[126.7999358,37.4177355],[126.800207,37.4179358],[126.8002187,37.4179445],[126.8003827,37.4181096],[126.8003943,37.4181288],[126.800563,37.4184076],[126.8007247,37.4185637],[126.8008074,37.4186308],[126.8010187,37.4187736],[126.8013019,37.4189779],[126.801416,37.4191293],[126.8014842,37.4192184],[126.8015098,37.4192377],[126.801625,37.4193088],[126.8017073,37.4193537],[126.8017297,37.4193625],[126.8017763,37.4193809],[126.8018796,37.4194343],[126.8019103,37.4194515],[126.8019697,37.4194847],[126.8019715,37.4194861],[126.8021084,37.4196094],[126.8021143,37.4196155],[126.8022974,37.4198266],[126.8023852,37.4199161],[126.8025567,37.4201044],[126.8026079,37.4201605],[126.8026541,37.4201874],[126.8027096,37.4202199],[126.8027931,37.4202652],[126.8028759,37.4203102],[126.8030037,37.4204301],[126.8030807,37.4205023],[126.8032191,37.4206702],[126.8032995,37.4208063],[126.8033377,37.4208359],[126.8033969,37.420883],[126.8034217,37.4209198],[126.803533,37.4211219],[126.8035922,37.4211938],[126.8036521,37.4212628],[126.8036802,37.4212951],[126.8037221,37.4212832],[126.8037256,37.4212822],[126.8037948,37.4212625],[126.8038582,37.4212445],[126.803901,37.4212324],[126.8038997,37.4212508],[126.8038983,37.421271],[126.8038954,37.4212804],[126.8038923,37.4212853],[126.8042038,37.4213024],[126.8044354,37.4212743],[126.8044668,37.4212647],[126.8046798,37.4212014],[126.8048863,37.4211404],[126.805017,37.4211433],[126.8051693,37.421176],[126.8053803,37.4212209],[126.8056291,37.4212744],[126.8056958,37.4212888],[126.8059883,37.4213544],[126.8061405,37.4213891],[126.8062809,37.4214414],[126.8068947,37.421599],[126.8070075,37.421606],[126.8072767,37.4214982],[126.8073438,37.4214518],[126.8075439,37.4212848],[126.8081392,37.4206695],[126.8084549,37.4203221],[126.8085596,37.4202042],[126.8086817,37.4200668],[126.8087606,37.4200035],[126.8089543,37.4198483],[126.8092596,37.4196445],[126.8096943,37.4194164],[126.8097228,37.4194015],[126.8097457,37.4193895],[126.8104088,37.4191497],[126.8104519,37.419134],[126.810734,37.4190138],[126.8108637,37.4189231],[126.8110319,37.4189476],[126.8111449,37.4189646],[126.8113476,37.41915],[126.8116287,37.4194091],[126.8117228,37.419435],[126.8117438,37.419436],[126.8120654,37.4193263],[126.8121952,37.4193049],[126.8122648,37.4193092],[126.8124203,37.4193255],[126.8127009,37.4193797],[126.8127064,37.41938],[126.812964,37.4194052],[126.8130819,37.4193686],[126.813148,37.4193455],[126.8132302,37.4193114],[126.8132883,37.4192839],[126.8133501,37.4192257],[126.8134528,37.4191476],[126.8135307,37.4191001],[126.8136327,37.4190377],[126.8136836,37.4190771],[126.813746,37.4191205],[126.813805,37.4191578],[126.8138294,37.4191726],[126.8139605,37.4192524],[126.8140756,37.4193157],[126.814304,37.4194411],[126.8144438,37.419478],[126.8144526,37.4194804],[126.8145877,37.4194688],[126.8147269,37.4194595],[126.8147795,37.4194657],[126.8148319,37.4194875],[126.8148746,37.4195199],[126.8148824,37.4195308],[126.8148917,37.4196576],[126.8148799,37.4197164],[126.8148715,37.4197562],[126.814871,37.4197587],[126.8148755,37.4198423],[126.8149491,37.419897],[126.8150193,37.4199293],[126.8151275,37.4199709],[126.8152211,37.4199996],[126.8153598,37.4200406],[126.815498,37.4200668],[126.8156076,37.4201179],[126.8157059,37.4201652],[126.8158556,37.4202377],[126.8159665,37.4202582],[126.8160082,37.4202643],[126.8161185,37.4202851],[126.8162122,37.4202989],[126.8162264,37.4202985],[126.8163679,37.4202945],[126.8163753,37.4203168],[126.8163882,37.4203557],[126.8163995,37.4203946],[126.8163537,37.4205715],[126.8163234,37.4206778],[126.8162928,37.4207513],[126.8162254,37.420893],[126.816168,37.4210115],[126.8161386,37.4210715],[126.8160632,37.4212254],[126.8160233,37.4213939],[126.8159743,37.4215671],[126.8159576,37.4216094],[126.8158665,37.4217181],[126.8158017,37.4219274],[126.8157556,37.4221102],[126.8157015,37.4222622],[126.81568,37.4223178],[126.8156494,37.4223923],[126.8156355,37.4224245],[126.8155284,37.4225703],[126.8154724,37.4227599],[126.815447,37.4228432],[126.8153771,37.4229503],[126.8153892,37.4229571],[126.8152874,37.4231057],[126.8152328,37.4231731],[126.815151,37.4232747],[126.8152368,37.4232929],[126.815335,37.423322],[126.8154242,37.4233449],[126.8154672,37.4233559],[126.8155553,37.4233786],[126.8158897,37.4234645],[126.8159942,37.4234913],[126.81633,37.4235776],[126.8163365,37.4235789],[126.8164876,37.423576],[126.8164934,37.4235759],[126.8164994,37.4235749],[126.8165202,37.4235884],[126.8165421,37.4236026],[126.8165557,37.4236019],[126.8166012,37.4235995],[126.8167089,37.4236595],[126.8168449,37.4236643],[126.8170513,37.4236423],[126.8171718,37.4235951],[126.8177168,37.4237765],[126.8177549,37.4237892],[126.8179315,37.423848],[126.8179734,37.4238619],[126.8187444,37.4240782],[126.8193894,37.4241701],[126.8199849,37.4242407],[126.8199858,37.4242408],[126.8215519,37.4243255],[126.8217262,37.4241778],[126.821919,37.424251],[126.822269,37.424384],[126.8227543,37.4245734],[126.8228656,37.4249607],[126.823233,37.4253283],[126.8234573,37.4255399],[126.8236729,37.4257435],[126.8245191,37.4261436],[126.8252549,37.4265838],[126.8254398,37.4266409],[126.8259257,37.4267346],[126.8262327,37.4267938],[126.8262984,37.4268005],[126.8263905,37.4268295],[126.8267588,37.426945],[126.8267805,37.4269502],[126.8270407,37.4270454],[126.8270881,37.427082],[126.8273683,37.4274334],[126.8277405,37.4277314],[126.8278301,37.4278031],[126.828062,37.4276162],[126.8288206,37.4271374],[126.8292004,37.4269151],[126.8293878,37.4268054],[126.8294096,37.4266968],[126.8294166,37.4266614],[126.8292334,37.4263319],[126.828997,37.4259065],[126.8289852,37.4258854],[126.8286661,37.4253114],[126.8285322,37.4251189],[126.8287989,37.4243509]]]}},{"type":"Feature","properties":{"id":"mokgam","name":"목감동","data_area_id":"mokgam","adm_cd":"31150560","source":"경기도 시흥시 행정동경계_20250610 (공공데이터포털 15104305)","source_standard_date":"20230801"},"geometry":{"type":"Polygon","coordinates":[[[126.8508681,37.4037595],[126.8509347,37.4037512],[126.8511966,37.4037699],[126.8513272,37.4037545],[126.851405,37.403746],[126.8514713,37.4037488],[126.8515807,37.4037551],[126.8518342,37.4037711],[126.8519214,37.4037758],[126.8521869,37.4037771],[126.8522256,37.4037761],[126.8523521,37.4037739],[126.8525066,37.4037785],[126.8526285,37.4037829],[126.8527788,37.4037793],[126.8528691,37.403779],[126.8529068,37.4037786],[126.8530336,37.4037799],[126.8530939,37.4037798],[126.8531653,37.4037784],[126.8532765,37.4037764],[126.8533857,37.403777],[126.8533908,37.4037771],[126.8534878,37.4037786],[126.8538092,37.4037481],[126.8538724,37.403755],[126.8540166,37.4037543],[126.8541372,37.4037537],[126.8543452,37.4037084],[126.8545476,37.4034233],[126.8545797,37.4033797],[126.8546089,37.4033405],[126.8547304,37.4033975],[126.8549179,37.4034844],[126.8549508,37.403476],[126.854965,37.4034728],[126.8551101,37.4034418],[126.8551106,37.4034417],[126.8551201,37.4034344],[126.8551564,37.4034065],[126.8552568,37.4033649],[126.855277,37.4033565],[126.8555723,37.4032217],[126.8556184,37.4032218],[126.8556346,37.4032216],[126.8558049,37.4032192],[126.8558672,37.4032421],[126.8558765,37.4032455],[126.8559224,37.4032529],[126.8560312,37.4032699],[126.8560902,37.4032657],[126.8561458,37.4032582],[126.856202,37.4032093],[126.8564315,37.4030797],[126.8564523,37.403068],[126.856637,37.4029316],[126.8566582,37.4029088],[126.8567012,37.4028624],[126.8567352,37.4028684],[126.8567614,37.4028431],[126.8568652,37.4027176],[126.8570447,37.4025399],[126.8572025,37.4024134],[126.8572356,37.4023915],[126.857384,37.4022847],[126.8574824,37.4022501],[126.8580045,37.4020934],[126.8581253,37.4020541],[126.8582622,37.4019974],[126.8586172,37.4019288],[126.8588446,37.4018663],[126.859055,37.4018165],[126.8591745,37.4017941],[126.8591876,37.4017924],[126.8593352,37.4017751],[126.859494,37.4017632],[126.8597556,37.401757],[126.8602645,37.4017517],[126.8605532,37.4017487],[126.8608197,37.4017488],[126.8609669,37.4017487],[126.861163,37.4017066],[126.86122,37.401687],[126.8615547,37.4015719],[126.8617547,37.4015364],[126.8618252,37.4015492],[126.8618344,37.4015487],[126.8618911,37.4015459],[126.8621453,37.401528],[126.8621786,37.4015257],[126.8621913,37.4015254],[126.8622726,37.4015244],[126.8623024,37.4015343],[126.8623483,37.4015498],[126.8624171,37.4015738],[126.8624666,37.4015928],[126.8625673,37.4016314],[126.8625819,37.4016371],[126.862628,37.4016377],[126.8626502,37.401638],[126.8627778,37.4016548],[126.8629628,37.4016972],[126.8634199,37.401796],[126.863621,37.4017977],[126.8638136,37.4017959],[126.8640141,37.4017911],[126.8640629,37.4017965],[126.8642131,37.4017922],[126.8643425,37.4017836],[126.8643693,37.4017816],[126.8644787,37.4017733],[126.8645308,37.401768],[126.864549,37.4017664],[126.8645764,37.401769],[126.8648117,37.401792],[126.8649502,37.4018026],[126.8650051,37.401799],[126.8653869,37.4017606],[126.8655394,37.4017422],[126.8655998,37.4017293],[126.8657302,37.4017134],[126.8657584,37.4017156],[126.8658045,37.4017191],[126.8658624,37.4017237],[126.8659523,37.4017331],[126.866012,37.4017427],[126.8661748,37.4017547],[126.8662438,37.4017582],[126.8663003,37.401758],[126.8663749,37.4017575],[126.8664895,37.401757],[126.8665849,37.4017555],[126.8668781,37.4017583],[126.8668849,37.4017589],[126.8670153,37.4017726],[126.8671138,37.4017921],[126.8671575,37.4018006],[126.8673122,37.4018478],[126.8674237,37.401884],[126.8675284,37.4019142],[126.8675702,37.4019264],[126.8675856,37.4019281],[126.8676503,37.4019352],[126.8677832,37.4019542],[126.8678098,37.4019565],[126.8679053,37.4019712],[126.8679077,37.4019715],[126.8679171,37.4019724],[126.8679323,37.4019741],[126.8680692,37.4019818],[126.8684891,37.4020324],[126.8686759,37.4020526],[126.8688548,37.4020725],[126.8688953,37.4020785],[126.8690161,37.4021],[126.8690921,37.4021032],[126.8691577,37.4021075],[126.8691929,37.4021098],[126.8695121,37.4021172],[126.8697089,37.4021247],[126.869903,37.4021337],[126.8700759,37.4021426],[126.8701705,37.4021509],[126.8703742,37.4021796],[126.8703986,37.4021813],[126.8704983,37.4021808],[126.8705094,37.4021836],[126.8707601,37.4021873],[126.8707628,37.4021873],[126.870859,37.4021756],[126.8708823,37.4021745],[126.8711774,37.4021391],[126.8713781,37.4021331],[126.8714289,37.4021278],[126.8716197,37.4020905],[126.8718046,37.4020544],[126.8719215,37.4020182],[126.8720452,37.4020192],[126.8722285,37.4020211],[126.8722868,37.4020192],[126.8724459,37.4020154],[126.8725347,37.4020273],[126.8725984,37.4020201],[126.8726921,37.4020027],[126.8728698,37.4019539],[126.8729094,37.4019372],[126.8729498,37.4019202],[126.8731795,37.4018588],[126.8732075,37.4018557],[126.8732389,37.4018521],[126.8732794,37.4018491],[126.8733444,37.4018621],[126.8734297,37.401874],[126.8735179,37.401873],[126.8737151,37.4018508],[126.8737629,37.4018454],[126.8738963,37.4018458],[126.8739719,37.4018326],[126.8741171,37.4017959],[126.8742826,37.4017401],[126.874406,37.4017005],[126.8744385,37.4016901],[126.8745828,37.4016447],[126.874731,37.4016155],[126.8747967,37.401616],[126.874818,37.4016162],[126.8748656,37.4016396],[126.8750339,37.4017107],[126.8750566,37.4017187],[126.8751125,37.4017311],[126.8751568,37.4017326],[126.875157,37.4017458],[126.8752133,37.4017464],[126.8752648,37.4017468],[126.875312,37.4017398],[126.8755146,37.401709],[126.8755449,37.4017073],[126.8758106,37.4016924],[126.875831,37.4016958],[126.8759213,37.4017114],[126.8759352,37.4016861],[126.8759426,37.4016836],[126.8759865,37.4016678],[126.8760433,37.4016693],[126.8760587,37.4016699],[126.8760954,37.4016739],[126.8760907,37.4016929],[126.8760905,37.4016944],[126.8760907,37.401696],[126.8760911,37.4016975],[126.8760919,37.401699],[126.876093,37.4017003],[126.8760943,37.4017014],[126.8760959,37.4017023],[126.8760977,37.401703],[126.8760995,37.4017035],[126.8761002,37.4017036],[126.8762337,37.4017257],[126.8762354,37.4017258],[126.8762372,37.4017258],[126.876239,37.4017255],[126.8762406,37.4017251],[126.8762422,37.4017244],[126.8762436,37.4017235],[126.8762448,37.4017225],[126.8762458,37.4017213],[126.8762466,37.40172],[126.876247,37.4017186],[126.8762539,37.4016914],[126.8763316,37.4017],[126.8763929,37.4017116],[126.8764269,37.4017226],[126.8764819,37.4017407],[126.8764849,37.4017418],[126.8766777,37.4018139],[126.8767276,37.4018322],[126.876814,37.4018802],[126.8768154,37.401881],[126.8768179,37.4018821],[126.8769023,37.4019172],[126.8769138,37.4019219],[126.8769179,37.4019288],[126.8769411,37.4019354],[126.8770022,37.4019526],[126.8770401,37.4019634],[126.8770434,37.4019643],[126.8770434,37.401964],[126.8770432,37.4019536],[126.8770418,37.401859],[126.8770337,37.4013235],[126.8769833,37.4010114],[126.8770368,37.4008517],[126.8770344,37.4008324],[126.8770749,37.4007117],[126.8771044,37.4006233],[126.8771769,37.4006273],[126.8771788,37.4006272],[126.8771806,37.400627],[126.8771823,37.4006265],[126.8771839,37.4006258],[126.8771854,37.4006249],[126.8771866,37.4006238],[126.8771876,37.4006225],[126.8771884,37.4006212],[126.8771888,37.4006198],[126.8772064,37.4005364],[126.8772065,37.400535],[126.8772064,37.4005335],[126.8772059,37.4005321],[126.8772052,37.4005307],[126.8772042,37.4005295],[126.8772029,37.4005284],[126.8772015,37.4005274],[126.8771999,37.4005267],[126.8771981,37.4005262],[126.8771963,37.400526],[126.8771533,37.4005227],[126.8771611,37.4004666],[126.8771612,37.4004651],[126.877161,37.4004637],[126.8771605,37.4004623],[126.8771597,37.400461],[126.8771587,37.4004598],[126.8771574,37.4004588],[126.877156,37.4004579],[126.8771544,37.4004573],[126.8771527,37.4004568],[126.8771509,37.4004566],[126.8771013,37.4004531],[126.8770968,37.4004387],[126.8771317,37.4003695],[126.8772651,37.4001181],[126.8776696,37.3997916],[126.8777174,37.3990187],[126.8776794,37.3984831],[126.8776689,37.3984369],[126.877601,37.3981877],[126.8775072,37.3978427],[126.8775494,37.3974654],[126.8775659,37.3973173],[126.877586,37.3971417],[126.8777841,37.3968296],[126.8779347,37.3965921],[126.8779537,37.3965622],[126.8769653,37.396239],[126.8769,37.3962305],[126.8768645,37.3962259],[126.8763538,37.39604],[126.8757084,37.3958051],[126.8756517,37.3957844],[126.8754196,37.3957],[126.875398,37.3955704],[126.8753891,37.3954173],[126.8755742,37.3952009],[126.8757411,37.3949849],[126.8758194,37.3948836],[126.8758802,37.3948049],[126.8758896,37.3945844],[126.8759058,37.3941862],[126.8759136,37.3939536],[126.8765257,37.3935566],[126.8765623,37.3934912],[126.8766324,37.3933657],[126.87673,37.3930409],[126.8768875,37.3925167],[126.8769467,37.392317],[126.8769637,37.3922598],[126.8769637,37.3922595],[126.8769584,37.3922282],[126.8769009,37.3918912],[126.877038,37.3909384],[126.8770412,37.3908825],[126.8770523,37.3906858],[126.8770999,37.3903961],[126.8770977,37.390354],[126.8770826,37.3900748],[126.8772794,37.3896281],[126.8772852,37.389615],[126.877324,37.3895957],[126.8781256,37.3891974],[126.8779973,37.3889585],[126.8779946,37.3889038],[126.8779742,37.3884903],[126.8779585,37.3881728],[126.8781125,37.3877298],[126.8780201,37.3875998],[126.8778999,37.3874306],[126.8778678,37.3871562],[126.8781678,37.3868198],[126.8782289,37.3867514],[126.8782276,37.3867042],[126.8782254,37.3866293],[126.8782751,37.3865748],[126.8782748,37.3865639],[126.8782705,37.3864117],[126.878573,37.3862656],[126.8786765,37.3861453],[126.8785729,37.3860385],[126.8785949,37.3856229],[126.8786355,37.3855631],[126.8786413,37.3855546],[126.8788391,37.3852045],[126.8789875,37.3847387],[126.8789947,37.3846878],[126.8790348,37.3845623],[126.8790932,37.3841526],[126.8791402,37.3841146],[126.8792316,37.3840409],[126.8792464,37.3839395],[126.8792559,37.3838746],[126.8792871,37.3838523],[126.8792879,37.3838518],[126.8793286,37.3835703],[126.8793491,37.3834287],[126.8793734,37.3832603],[126.8802086,37.3827006],[126.8802446,37.3826764],[126.8802593,37.3825413],[126.8802679,37.3824624],[126.8802152,37.3823553],[126.8798618,37.3816372],[126.8798802,37.3816163],[126.880503,37.3809087],[126.8805111,37.3808994],[126.8805445,37.3807724],[126.8805609,37.3807103],[126.8806088,37.3805281],[126.880631,37.3804451],[126.8806485,37.380378],[126.8806591,37.3803374],[126.880753,37.3799836],[126.8808019,37.3797993],[126.8808243,37.3794496],[126.8808257,37.3794266],[126.8810242,37.3791892],[126.8810299,37.3791823],[126.8811305,37.3790619],[126.8811502,37.3789119],[126.8811514,37.3789027],[126.8811781,37.3788707],[126.8811859,37.3788106],[126.8812808,37.3780795],[126.8813186,37.377788],[126.881285,37.3776593],[126.8812654,37.3775843],[126.8812445,37.3775044],[126.8813024,37.3774447],[126.8812468,37.3774661],[126.881286,37.3774],[126.8814392,37.377142],[126.8816017,37.3768607],[126.8816317,37.3768088],[126.8816318,37.3767985],[126.881643,37.3760115],[126.8816444,37.3759168],[126.8815548,37.3759198],[126.8815019,37.3759216],[126.881125,37.3759343],[126.8806621,37.3759518],[126.8806621,37.3759324],[126.8806626,37.3756545],[126.8807645,37.3754654],[126.8809344,37.3751232],[126.8808295,37.3749331],[126.8808152,37.3749072],[126.8807205,37.3747355],[126.8804723,37.3746181],[126.8802241,37.3744195],[126.8800664,37.3742933],[126.879841,37.3740498],[126.8796268,37.3738153],[126.8795254,37.3737251],[126.8794464,37.373698],[126.8792095,37.3735987],[126.8788597,37.3734541],[126.8787443,37.3734079],[126.8787267,37.3734009],[126.8781602,37.3731741],[126.8775397,37.3729212],[126.877111,37.3727405],[126.8768628,37.3726411],[126.876547,37.3724336],[126.8761411,37.3721178],[126.8761301,37.3719556],[126.875747,37.3715137],[126.8756794,37.3714055],[126.8755668,37.3712432],[126.875567,37.371117],[126.8755789,37.3707567],[126.8753652,37.3702699],[126.8752487,37.3701207],[126.8752219,37.3700863],[126.8752229,37.3700855],[126.875224,37.3700843],[126.8752249,37.3700829],[126.8752254,37.3700814],[126.8752256,37.3700799],[126.8752255,37.3700783],[126.8752251,37.3700768],[126.8752244,37.3700754],[126.8751842,37.3700145],[126.8751831,37.3700132],[126.8751818,37.370012],[126.8751803,37.3700111],[126.8751786,37.3700104],[126.8751767,37.3700099],[126.8751748,37.3700097],[126.8751731,37.3700097],[126.8751715,37.3700099],[126.87517,37.3700103],[126.8751685,37.3700109],[126.8751645,37.3700128],[126.8750836,37.3699092],[126.8748806,37.3697648],[126.8748468,37.3697377],[126.8747679,37.3696836],[126.8746889,37.3696204],[126.8746438,37.3695933],[126.8745875,37.3695482],[126.8745762,37.3695482],[126.8745283,37.3695166],[126.8743168,37.3693767],[126.8742604,37.3693406],[126.8740236,37.3691782],[126.8738658,37.3690699],[126.873753,37.3689977],[126.8736516,37.3688715],[126.8736065,37.3688354],[126.8735052,37.3686821],[126.8734826,37.368646],[126.873415,37.3685829],[126.8732964,37.3684985],[126.8732121,37.3684385],[126.873022,37.3682944],[126.8727836,37.3681137],[126.8727724,37.3681046],[126.8727386,37.3680415],[126.8726824,37.3679153],[126.8725811,37.367726],[126.8723111,37.3671671],[126.8722886,37.367149],[126.8718037,37.3668061],[126.871736,37.366779],[126.8712623,37.3665352],[126.8707097,37.3662373],[126.8704506,37.3659396],[126.8701013,37.3655518],[126.8700562,37.3655067],[126.8698532,37.3654254],[126.8694471,37.3652447],[126.8691764,37.3651273],[126.8691313,37.3651092],[126.8689284,37.3649018],[126.8687594,37.3647394],[126.8687143,37.3647033],[126.8684231,37.364414],[126.8683875,37.3643786],[126.8683487,37.3643413],[126.8683312,37.3643245],[126.8682754,37.3643351],[126.8681948,37.3643505],[126.8681751,37.3643543],[126.8680037,37.3643872],[126.8679654,37.3643102],[126.8679587,37.364297],[126.8679362,37.3642519],[126.8678311,37.3640439],[126.8677449,37.3638733],[126.8677112,37.3638372],[126.8674478,37.3636654],[126.8674067,37.3636386],[126.8673447,37.3636348],[126.86726,37.3636295],[126.8671827,37.3636278],[126.8663795,37.3636104],[126.8661425,37.3636102],[126.8661459,37.3635648],[126.866154,37.363457],[126.8660789,37.3634513],[126.865917,37.3634387],[126.865904,37.3633939],[126.8657375,37.3628168],[126.8656588,37.3626635],[126.8656368,37.3623482],[126.8650281,37.3618609],[126.8649934,37.3618566],[126.8648814,37.3618427],[126.8647911,37.3618246],[126.8638114,37.3615056],[126.8637081,37.3614719],[126.863076,37.3614442],[126.8620063,37.3614869],[126.861981,37.3614879],[126.8619742,37.3614867],[126.8608751,37.3612884],[126.8598824,37.3609448],[126.8593408,37.3608721],[126.8587762,37.3609345],[126.858562,37.3608171],[126.8579302,37.3606271],[126.857603,37.3605366],[126.8573434,37.3605543],[126.8570386,37.360572],[126.8569981,37.3605319],[126.8566555,37.3601931],[126.8558368,37.3594567],[126.8558329,37.3594532],[126.8549452,37.3596589],[126.8542858,37.3598117],[126.8542745,37.3598182],[126.8542127,37.3598541],[126.8537736,37.360109],[126.8534496,37.3602972],[126.8534171,37.3603053],[126.8524783,37.3605393],[126.8522864,37.3605841],[126.8522729,37.360592],[126.8521168,37.360683],[126.85171,37.3609348],[126.8514388,37.3610516],[126.8512016,37.3611504],[126.8511981,37.3611487],[126.850976,37.361042],[126.8509577,37.3610622],[126.8503878,37.3616899],[126.8504136,37.3619525],[126.850432,37.3621405],[126.8502288,37.362392],[126.8501954,37.3624333],[126.8501208,37.3625256],[126.8497191,37.3630226],[126.8496613,37.3636803],[126.8496152,37.3637627],[126.8493894,37.3641665],[126.8491806,37.3642455],[126.8486777,37.3644358],[126.8485185,37.364566],[126.8482706,37.3647687],[126.8482422,37.364767],[126.8482093,37.3647651],[126.8481126,37.3647595],[126.847673,37.3644255],[126.8474925,37.3643893],[126.8471769,37.3641456],[126.8469887,37.3640929],[126.8466051,37.3639857],[126.8464323,37.3639374],[126.8459808,37.3639097],[126.8457438,37.3638914],[126.844954,37.3636921],[126.8442548,37.3633759],[126.8440244,37.3631242],[126.8440071,37.3631052],[126.8439709,37.3631086],[126.8434425,37.3631585],[126.8434404,37.3631577],[126.8430816,37.3630049],[126.8430442,37.3630059],[126.8421785,37.3630307],[126.8418283,37.3631383],[126.8418206,37.3631307],[126.8414679,37.3627865],[126.841471,37.3627945],[126.8416363,37.3632192],[126.8407747,37.3636287],[126.8407092,37.3636598],[126.840606,37.3637088],[126.8405967,37.3637133],[126.84036,37.3635418],[126.8400754,37.3632438],[126.8400279,37.3632229],[126.839708,37.363078],[126.8395045,37.3630012],[126.8392876,37.3629487],[126.8390491,37.362891],[126.8388995,37.3628601],[126.8384617,37.3631182],[126.8384567,37.3631211],[126.838115,37.3632349],[126.8380684,37.3632506],[126.8376743,37.3635271],[126.8373995,37.3637207],[126.8373164,37.3637792],[126.8372739,37.3637775],[126.8372513,37.3637766],[126.8372413,37.3637573],[126.8372348,37.3637448],[126.8372101,37.3637447],[126.8371875,37.3637447],[126.8371426,37.3636635],[126.8368954,37.3631045],[126.8367376,37.3630142],[126.8366987,37.3629908],[126.8366474,37.36296],[126.8361734,37.3629053],[126.8360059,37.3628885],[126.8359928,37.362887],[126.8358935,37.3628435],[126.8358688,37.3628328],[126.8357796,37.3627983],[126.8355643,37.3627153],[126.83552,37.3626974],[126.835474,37.3626791],[126.83491,37.3624981],[126.8348424,37.362471],[126.8347303,37.3622721],[126.8347008,37.3622196],[126.8346849,37.3621914],[126.834335,37.3621909],[126.8342673,37.3621908],[126.8332964,37.3622525],[126.8332061,37.3622524],[126.8330682,37.3622573],[126.8330034,37.3622596],[126.8327259,37.3622694],[126.8327206,37.3622697],[126.8324499,37.3621702],[126.8322523,37.3619286],[126.832236,37.3619086],[126.8320399,37.3617042],[126.8320108,37.361674],[126.8319769,37.361683],[126.8317639,37.3617129],[126.8314688,37.3617544],[126.8313484,37.3617933],[126.8308588,37.3619517],[126.8308256,37.362057],[126.8307906,37.3621678],[126.8306254,37.3621579],[126.8304978,37.3621502],[126.8304859,37.3621494],[126.8303815,37.3621048],[126.8303167,37.3620771],[126.8300907,37.3621939],[126.8299777,37.3622478],[126.829921,37.3623558],[126.8299322,37.3623828],[126.8299547,37.3624099],[126.830045,37.3624506],[126.8301351,37.3624913],[126.8296376,37.362887],[126.8295245,37.3629679],[126.8293462,37.363131],[126.829328,37.3631476],[126.8293266,37.3631489],[126.8292983,37.3631748],[126.8292191,37.3632468],[126.8290266,37.3634898],[126.8289247,37.3636248],[126.8285407,37.3637233],[126.828113,37.3638969],[126.8280096,37.3639388],[126.8276368,37.3640824],[126.8274863,37.3641915],[126.827128,37.3644511],[126.8265636,37.3644412],[126.8260008,37.3645033],[126.825999,37.3645035],[126.8259425,37.3645214],[126.8258937,37.3648499],[126.8258742,37.3649808],[126.8258622,37.3650619],[126.8258459,37.3650791],[126.8253939,37.3655583],[126.825371,37.3655826],[126.8253221,37.3656345],[126.8252172,37.3657457],[126.8243264,37.3658985],[126.8242806,37.3659064],[126.8242805,37.3659066],[126.8242482,37.3659717],[126.8242435,37.3659811],[126.8240958,37.3662782],[126.8240443,37.3663819],[126.8239844,37.3665024],[126.8228514,37.3669335],[126.8225416,37.3670514],[126.8224006,37.3671083],[126.8222932,37.3670792],[126.8218928,37.3670366],[126.821487,37.3671422],[126.8210927,37.3672455],[126.8210678,37.367252],[126.8209632,37.3672759],[126.8208498,37.3672914],[126.8207407,37.3673202],[126.8206711,37.3673828],[126.8203056,37.367629],[126.8199968,37.3678165],[126.8196652,37.3680178],[126.8197169,37.3680896],[126.8199765,37.3684507],[126.8202882,37.368884],[126.8203537,37.369153],[126.8203611,37.3691719],[126.8203716,37.3692193],[126.8203774,37.3692413],[126.8205134,37.369755],[126.8204632,37.3703952],[126.8204534,37.3704885],[126.8206137,37.3705627],[126.8206768,37.3706095],[126.8209759,37.3708315],[126.821923,37.371098],[126.8225667,37.371077],[126.8228346,37.3710638],[126.8233218,37.371339],[126.8239917,37.3717208],[126.8241838,37.3720599],[126.8249369,37.3723041],[126.8255573,37.3725056],[126.825643,37.3725334],[126.8257996,37.3734397],[126.8259562,37.374346],[126.8261128,37.3752523],[126.8261315,37.3753649],[126.8261194,37.3753754],[126.8260005,37.3754788],[126.8258996,37.3755666],[126.8257109,37.3758326],[126.8256712,37.3760506],[126.8256945,37.3760956],[126.8258038,37.3763063],[126.8257321,37.3765129],[126.8256198,37.3767975],[126.82545,37.3768846],[126.8251716,37.3770276],[126.8242371,37.3775075],[126.8239832,37.377712],[126.8239113,37.3777699],[126.8236194,37.3779684],[126.8226838,37.3785775],[126.8222184,37.3788734],[126.8220844,37.3789001],[126.8220074,37.3789154],[126.8219391,37.378929],[126.8218005,37.3792071],[126.8217547,37.3793922],[126.8222108,37.380838],[126.8222499,37.3809411],[126.8222528,37.3809483],[126.8225865,37.3817864],[126.8225875,37.3822336],[126.8225875,37.3822778],[126.822584,37.3823559],[126.8225545,37.3823615],[126.8225132,37.3823693],[126.8224314,37.3824073],[126.8223966,37.3824395],[126.8224791,37.3825082],[126.8225032,37.3825864],[126.8225264,37.3826186],[126.8225554,37.3827071],[126.822616,37.3827573],[126.8227003,37.3829819],[126.8227126,37.3830926],[126.8226833,37.3831446],[126.8229085,37.3832052],[126.8229264,37.3832979],[126.8229116,37.3833889],[126.8229001,37.3834682],[126.8228802,37.3836456],[126.8228899,37.3837507],[126.8228597,37.3839076],[126.822883,37.3839367],[126.8229049,37.3840038],[126.8229093,37.3840659],[126.822865,37.3841163],[126.822865,37.3841217],[126.8228663,37.3842781],[126.8229154,37.3843672],[126.8229218,37.3844147],[126.8229237,37.3844233],[126.8229376,37.3844848],[126.8229347,37.3845317],[126.8229335,37.384537],[126.8229476,37.3845367],[126.8231271,37.384542],[126.8232541,37.3845362],[126.823256,37.384535],[126.8233573,37.3845258],[126.823494,37.3845123],[126.8235017,37.38451],[126.8236482,37.3844659],[126.8236821,37.3844603],[126.823687,37.3844595],[126.823723,37.3844536],[126.8237639,37.3844468],[126.823818,37.3844381],[126.8238706,37.3844511],[126.8239773,37.3844784],[126.8241003,37.3844877],[126.8243411,37.3845109],[126.8244706,37.3845325],[126.8246329,37.3845618],[126.8247547,37.3845624],[126.8248732,37.3845986],[126.8250091,37.3846582],[126.825088,37.3846778],[126.8251343,37.3846973],[126.8251835,37.3847525],[126.825254,37.3848314],[126.8252989,37.3848759],[126.8253429,37.3849196],[126.8253272,37.3849248],[126.8253152,37.3849303],[126.8253099,37.3849324],[126.8253249,37.3849474],[126.8257304,37.3853573],[126.8262552,37.385878],[126.8265525,37.3861774],[126.8266333,37.3862589],[126.8266014,37.3862796],[126.8262549,37.3865043],[126.8257833,37.3868263],[126.8245761,37.3876504],[126.8242701,37.3878054],[126.8239376,37.3879742],[126.8235915,37.3881598],[126.8234171,37.3882534],[126.8228117,37.3885873],[126.8227652,37.3886326],[126.8226624,37.3887213],[126.8223942,37.3889527],[126.8225732,37.3890105],[126.8242229,37.3895403],[126.8253079,37.3898876],[126.82531,37.3898883],[126.8253146,37.3898442],[126.8253126,37.3898064],[126.8253108,37.3897756],[126.8252971,37.3895272],[126.8252889,37.3893626],[126.8253114,37.3891827],[126.8253523,37.3892095],[126.8254204,37.3892542],[126.825447,37.3892783],[126.8254523,37.3892831],[126.8254734,37.389302],[126.8255149,37.3893219],[126.8255309,37.3893282],[126.8255308,37.3893254],[126.8255382,37.3893285],[126.8256509,37.3894059],[126.8256526,37.389407],[126.825723,37.3894537],[126.825741,37.3894713],[126.8257475,37.3894878],[126.8258236,37.3895123],[126.8258281,37.3895137],[126.8258427,37.3894465],[126.8258733,37.3893943],[126.8258869,37.389371],[126.8259025,37.3893418],[126.8260492,37.3893462],[126.8262225,37.3893413],[126.8263914,37.3893525],[126.826392,37.3893526],[126.8264773,37.3893559],[126.8265021,37.3893568],[126.8266098,37.3893256],[126.8268266,37.3892246],[126.8268623,37.3892131],[126.8268755,37.3892085],[126.8268982,37.3891944],[126.8269956,37.3891338],[126.8270076,37.3891263],[126.8271573,37.3890582],[126.8273005,37.3890146],[126.82749,37.3889525],[126.827592,37.3889178],[126.8276451,37.3889078],[126.8277647,37.388885],[126.8278878,37.3888448],[126.8279189,37.3888211],[126.8279484,37.3887986],[126.8280076,37.3887708],[126.8280211,37.3887635],[126.8280438,37.3887511],[126.8280968,37.3887223],[126.8281296,37.3886983],[126.8281495,37.3887142],[126.828173,37.3887329],[126.8282121,37.3887444],[126.8282257,37.3887484],[126.8282409,37.3887482],[126.8282738,37.3887478],[126.8283703,37.3888174],[126.8283973,37.3888414],[126.8284172,37.3888337],[126.8284648,37.3888144],[126.8285324,37.3887871],[126.8285603,37.3887863],[126.8285955,37.3887883],[126.8286216,37.3887942],[126.8286289,37.3887951],[126.8286347,37.3888174],[126.8286354,37.3888199],[126.828647,37.3888619],[126.8286769,37.3889031],[126.8287322,37.3888661],[126.8288521,37.3888648],[126.8291712,37.3888614],[126.8292586,37.3888616],[126.8294609,37.3888647],[126.8295346,37.3888659],[126.8296596,37.3888684],[126.8298078,37.3888952],[126.8300751,37.3889444],[126.8303703,37.3889974],[126.8305366,37.3890716],[126.8306822,37.389137],[126.8307592,37.3891715],[126.8308892,37.3891822],[126.8312484,37.3892129],[126.8312909,37.3892042],[126.8314971,37.3891649],[126.8316738,37.3891097],[126.8317469,37.3889977],[126.8319582,37.3888539],[126.8321922,37.3888789],[126.8323341,37.388886],[126.8325856,37.3889179],[126.8329087,37.3891559],[126.833188,37.3892375],[126.8345578,37.3895259],[126.8347304,37.3895519],[126.8352805,37.3894648],[126.8353293,37.3894571],[126.8354044,37.3893284],[126.83558,37.3890273],[126.8356544,37.3888998],[126.8360153,37.3891711],[126.8360264,37.389174],[126.8362213,37.3891718],[126.8367021,37.3891234],[126.8371462,37.3890946],[126.8374478,37.3892645],[126.8374962,37.3892935],[126.8375799,37.3893296],[126.8378518,37.3894379],[126.8378517,37.3894385],[126.8378515,37.3894397],[126.8378581,37.3894408],[126.8378602,37.3894412],[126.8380038,37.3894984],[126.8380883,37.3895552],[126.8381294,37.3895836],[126.8385851,37.3895974],[126.838737,37.3895914],[126.8388541,37.3895867],[126.839005,37.3896081],[126.8393504,37.3895847],[126.8395458,37.3895714],[126.8396671,37.3895891],[126.8398373,37.3896332],[126.8399068,37.3896513],[126.8402178,37.389749],[126.8406736,37.3898842],[126.8408555,37.3899264],[126.8409391,37.3899458],[126.8409775,37.3899585],[126.8409984,37.3899655],[126.8410794,37.3900087],[126.8410971,37.3900181],[126.8415993,37.3899271],[126.8428092,37.389718],[126.8437364,37.3894896],[126.8443514,37.389423],[126.8443989,37.3894179],[126.8445731,37.389399],[126.8447891,37.3893086],[126.8448683,37.3892755],[126.8454159,37.3890514],[126.8455524,37.3889687],[126.8456985,37.3888801],[126.8459883,37.3889612],[126.8460982,37.3890725],[126.8463375,37.3893149],[126.8465924,37.3894807],[126.8468358,37.3896064],[126.8468784,37.3896047],[126.8469758,37.3896007],[126.847105,37.3895954],[126.8477039,37.3895709],[126.8478027,37.3895344],[126.8478736,37.389505],[126.8479767,37.3894397],[126.8480334,37.3894038],[126.8480525,37.3894398],[126.8484722,37.3902331],[126.8484928,37.390325],[126.8485038,37.3905516],[126.848451,37.3909588],[126.8486931,37.3910689],[126.8490896,37.3912494],[126.8491481,37.3916745],[126.8491024,37.3919043],[126.849018,37.3923902],[126.8491689,37.3934122],[126.8491754,37.3934859],[126.8491839,37.3935802],[126.849187,37.3936349],[126.8490372,37.3938034],[126.8489941,37.3938495],[126.8489662,37.3940011],[126.8489124,37.3942828],[126.8487295,37.3943183],[126.8486218,37.394557],[126.848441,37.3945776],[126.8484348,37.3945784],[126.8481172,37.394619],[126.8481585,37.394774],[126.8481992,37.3948955],[126.8482934,37.3950994],[126.8483781,37.3952677],[126.8483985,37.3953082],[126.8484,37.395313],[126.8484332,37.3954183],[126.8484983,37.3956253],[126.8484964,37.3956383],[126.8484572,37.3959124],[126.8484546,37.3959301],[126.8484257,37.3961319],[126.8484254,37.3962034],[126.8484237,37.3965719],[126.8482356,37.3967261],[126.8482233,37.3967356],[126.8481541,37.3967891],[126.8481349,37.3971418],[126.8481343,37.3971513],[126.8481367,37.3971842],[126.8481464,37.397188],[126.8481839,37.397203],[126.848193,37.3972128],[126.8485302,37.397577],[126.8485338,37.397581],[126.848585,37.3976105],[126.8487635,37.3977135],[126.848829,37.3978599],[126.8486767,37.3981831],[126.8488563,37.3981326],[126.8489588,37.3981462],[126.8491049,37.3981203],[126.8494172,37.398092],[126.8496899,37.398052],[126.8498605,37.3980941],[126.8503699,37.3982199],[126.8502676,37.3984712],[126.8501501,37.399168],[126.8501396,37.3992307],[126.8501035,37.399484],[126.8501566,37.3997423],[126.8501635,37.399776],[126.8501719,37.3998341],[126.8501722,37.3998779],[126.850157,37.4000118],[126.8501499,37.4000741],[126.8499664,37.4001904],[126.849832,37.4002755],[126.8495164,37.400569],[126.8494311,37.4006484],[126.8492449,37.400855],[126.8492006,37.4009043],[126.849159,37.4009504],[126.8491603,37.4010007],[126.8491614,37.4010397],[126.849164,37.401131],[126.8489603,37.401198],[126.8487944,37.4012527],[126.8485266,37.4015507],[126.8485996,37.4016086],[126.8488664,37.4018204],[126.8490098,37.4020065],[126.8492099,37.4023383],[126.8493177,37.4024598],[126.8493966,37.40255],[126.8494314,37.402589],[126.8495912,37.402769],[126.8496203,37.4028041],[126.8496427,37.4028243],[126.8496751,37.4028535],[126.8497114,37.4028837],[126.8497425,37.402927],[126.8497484,37.4029363],[126.8497785,37.4029831],[126.8498132,37.4030358],[126.8498178,37.4030478],[126.8498418,37.4030921],[126.8498598,37.4031254],[126.8498919,37.4031847],[126.8499702,37.4033342],[126.8500203,37.4033949],[126.8500398,37.4034186],[126.8500404,37.4034195],[126.8500329,37.4034177],[126.8500558,37.4034427],[126.8500716,37.4034611],[126.8500898,37.4034822],[126.8501473,37.4035497],[126.8501753,37.4035833],[126.8501747,37.4035849],[126.8501721,37.4035919],[126.8501811,37.4035936],[126.8501843,37.4035942],[126.8502129,37.4036285],[126.8502161,37.403629],[126.8502283,37.4036307],[126.8502429,37.4036328],[126.8502246,37.403661],[126.8501923,37.4036819],[126.8502186,37.4036863],[126.8502675,37.4036947],[126.8503455,37.4037207],[126.8505491,37.4037858],[126.8505746,37.4037879],[126.8505792,37.4037884],[126.8506122,37.4037914],[126.8506482,37.4037902],[126.8507362,37.4037871],[126.8508681,37.4037595]]]}},{"type":"Feature","properties":{"id":"gwarim","name":"과림동","data_area_id":"gwarim","adm_cd":"31150590","source":"경기도 시흥시 행정동경계_20250610 (공공데이터포털 15104305)","source_standard_date":"20230801"},"geometry":{"type":"Polygon","coordinates":[[[126.8344496,37.4598968],[126.8346245,37.459736],[126.8346772,37.4596871],[126.83488,37.4594992],[126.8348962,37.4594572],[126.8349912,37.45921],[126.8350733,37.458991],[126.8350956,37.4589705],[126.8352594,37.4588203],[126.8352939,37.4587887],[126.835324,37.458761],[126.8353631,37.4587234],[126.8353761,37.4587152],[126.8354797,37.4586512],[126.8356475,37.4585464],[126.8357639,37.4584737],[126.8357733,37.4584871],[126.8357742,37.4584883],[126.8357755,37.4584893],[126.8357768,37.4584902],[126.8357784,37.4584909],[126.8357801,37.4584914],[126.8357818,37.4584917],[126.8357836,37.4584917],[126.8357854,37.4584916],[126.8357871,37.4584912],[126.8357887,37.4584906],[126.8358436,37.4584659],[126.8358452,37.458465],[126.8358466,37.4584639],[126.8358478,37.4584626],[126.8358486,37.4584612],[126.8358492,37.4584597],[126.8358494,37.4584582],[126.8358492,37.4584566],[126.8358488,37.4584551],[126.835848,37.4584537],[126.8358323,37.458431],[126.8358455,37.4584228],[126.8358651,37.4584455],[126.8358663,37.4584467],[126.8358677,37.4584476],[126.8358692,37.4584484],[126.8358709,37.458449],[126.8358727,37.4584493],[126.8358745,37.4584494],[126.8358763,37.4584493],[126.8358781,37.458449],[126.8358798,37.4584484],[126.8358813,37.4584476],[126.835949,37.4584064],[126.8359504,37.4584055],[126.8359515,37.4584044],[126.8359524,37.4584031],[126.835953,37.4584018],[126.8359534,37.4584004],[126.8359535,37.458399],[126.8359533,37.4583976],[126.8359528,37.4583962],[126.8359521,37.4583949],[126.8359511,37.4583937],[126.8359286,37.458371],[126.835984,37.4583377],[126.8360474,37.4582763],[126.8361302,37.4581961],[126.8361309,37.458197],[126.836147,37.4581816],[126.8362149,37.4581168],[126.8362184,37.4581135],[126.8362199,37.4581121],[126.8362255,37.4581067],[126.8362299,37.4581024],[126.8362437,37.4580889],[126.8362464,37.4580863],[126.8362475,37.4580852],[126.8362574,37.4580825],[126.8362631,37.4580795],[126.8362639,37.4580791],[126.8362928,37.4580856],[126.8363041,37.4580881],[126.8363111,37.4580909],[126.8363639,37.4581118],[126.8363667,37.4581129],[126.836429,37.4581333],[126.83648,37.4581376],[126.8365274,37.4581329],[126.8366675,37.4581184],[126.8367026,37.458094],[126.8367539,37.4580752],[126.836817,37.4580629],[126.8368217,37.4580632],[126.836838,37.458064],[126.8368698,37.4580658],[126.8369255,37.458087],[126.8370531,37.4581553],[126.837124,37.4581934],[126.8372287,37.4582496],[126.8372444,37.4582648],[126.8372617,37.4582814],[126.8372843,37.4583032],[126.8374093,37.4584816],[126.837465,37.4585205],[126.8375074,37.4585078],[126.8375436,37.4584969],[126.8375585,37.4584927],[126.8376368,37.4584326],[126.8377438,37.4583874],[126.8378861,37.4583792],[126.8380487,37.4583445],[126.8381137,37.4583308],[126.8381871,37.4583013],[126.8382218,37.4582273],[126.8383011,37.4581581],[126.8383317,37.4581216],[126.8383164,37.4581103],[126.8382912,37.458092],[126.8381975,37.4581389],[126.8381897,37.4581417],[126.8381079,37.4581697],[126.8380699,37.4581651],[126.8380463,37.4581623],[126.8380133,37.4581434],[126.8379833,37.4581262],[126.83796,37.458058],[126.8379822,37.4579606],[126.83802,37.4578314],[126.8380514,37.4577543],[126.838155,37.4576252],[126.8382811,37.457468],[126.8382573,37.4574122],[126.8382531,37.4574026],[126.8382375,37.4573702],[126.8382173,37.4573252],[126.838213,37.4573159],[126.8382074,37.4573029],[126.838173,37.4572834],[126.8381263,37.4572572],[126.8380349,37.4572385],[126.8380306,37.4572382],[126.8379828,37.4572342],[126.8379725,37.4572333],[126.8378794,37.4572391],[126.8378404,37.4572413],[126.8378228,37.4572844],[126.8378065,37.457324],[126.8377992,37.4573418],[126.8377506,37.4573428],[126.8377283,37.4573169],[126.8377071,37.4572926],[126.8376883,37.4572709],[126.8376539,37.4572315],[126.8376066,37.4571771],[126.8375157,37.4570725],[126.8375898,37.4567767],[126.8375727,37.456762],[126.837575,37.4566012],[126.8375655,37.4565674],[126.8375354,37.4565375],[126.837436,37.4564388],[126.8373829,37.4564202],[126.8371505,37.4563385],[126.8371136,37.4563246],[126.8370421,37.4562975],[126.8368584,37.456228],[126.8367392,37.4561707],[126.8367004,37.4561281],[126.8366899,37.4561132],[126.8366605,37.4560723],[126.8366638,37.456014],[126.8367169,37.4559437],[126.8367321,37.4559234],[126.8367983,37.4558698],[126.8368552,37.4558358],[126.8369245,37.4558083],[126.8370613,37.4557873],[126.8372051,37.4557659],[126.8375578,37.4557236],[126.8376467,37.4557065],[126.8376661,37.4557015],[126.8378211,37.4556614],[126.8379813,37.4556208],[126.8380969,37.4555911],[126.8382238,37.4555586],[126.8383121,37.455536],[126.8383956,37.4555148],[126.8384035,37.4555127],[126.8385282,37.4554794],[126.8385572,37.4554715],[126.8386155,37.4551334],[126.838484,37.4548494],[126.8383643,37.4545939],[126.8381915,37.4542293],[126.8381463,37.4541496],[126.8381021,37.4540949],[126.8381011,37.4540925],[126.8380768,37.4540335],[126.83804,37.4539132],[126.8380364,37.4537752],[126.8380591,37.4536595],[126.8381146,37.4535461],[126.8382355,37.4534123],[126.8382475,37.4533991],[126.8382695,37.4533518],[126.8383062,37.453275],[126.8383175,37.4532139],[126.8383177,37.453137],[126.8383008,37.4530776],[126.8382286,37.4529322],[126.838161,37.4528294],[126.8381061,37.4527462],[126.8380775,37.4526848],[126.8380586,37.4526442],[126.8380352,37.4525541],[126.8380353,37.452493],[126.8380512,37.4524677],[126.8380798,37.4524224],[126.8381426,37.4523678],[126.8381523,37.4523653],[126.8382619,37.4523363],[126.8383023,37.4523255],[126.838401,37.4523147],[126.8386122,37.4523187],[126.8386832,37.4523078],[126.8387774,37.4522766],[126.8388425,37.4522324],[126.8388494,37.4522277],[126.8388979,37.4521633],[126.8389184,37.4521045],[126.8389157,37.452015],[126.8389008,37.451962],[126.8388852,37.451907],[126.8388789,37.4518848],[126.8388554,37.4518406],[126.8388334,37.4517986],[126.8387348,37.4517275],[126.8386095,37.4516378],[126.8385571,37.4516169],[126.8385029,37.4515946],[126.8384607,37.4515858],[126.8384319,37.4515801],[126.8383204,37.451571],[126.8382076,37.4516102],[126.8379295,37.4517528],[126.8379064,37.4517647],[126.837841,37.4517714],[126.8377297,37.4517495],[126.8376922,37.451736],[126.8376908,37.4517348],[126.8376371,37.4516965],[126.8376011,37.4516341],[126.8375938,37.4516215],[126.8375863,37.4515564],[126.8375878,37.4515263],[126.8375887,37.4515036],[126.8375902,37.4514635],[126.8375908,37.4514354],[126.8376884,37.4509937],[126.8377186,37.4508952],[126.837766,37.4508944],[126.8377757,37.4508942],[126.8378049,37.450859],[126.8378219,37.4508388],[126.8378794,37.4507458],[126.8379001,37.4505724],[126.8379004,37.4505709],[126.8379011,37.4505695],[126.837902,37.4505681],[126.8379032,37.450567],[126.8379047,37.450566],[126.8379064,37.4505652],[126.8379081,37.4505646],[126.83791,37.4505643],[126.8379119,37.4505643],[126.8380068,37.4505686],[126.8380524,37.4505381],[126.8380737,37.4505241],[126.8381093,37.4505189],[126.8381176,37.4505177],[126.838206,37.4505485],[126.8383427,37.4506368],[126.8384156,37.4506976],[126.8384222,37.4507031],[126.8384762,37.4507386],[126.8384987,37.4507458],[126.838501,37.4507465],[126.8385466,37.4507617],[126.8385476,37.4507621],[126.8386305,37.4507557],[126.8386403,37.4507549],[126.8387079,37.4507277],[126.8388107,37.4506884],[126.8388688,37.4506775],[126.8390884,37.4507155],[126.8391573,37.4507249],[126.8393789,37.450625],[126.8394642,37.450555],[126.8394725,37.4505474],[126.8395041,37.450501],[126.8395261,37.4504177],[126.8395391,37.4502752],[126.8395256,37.4501589],[126.8395143,37.4500623],[126.8394767,37.45],[126.8394564,37.4499673],[126.8393979,37.4498727],[126.8393856,37.4498601],[126.8393251,37.4497979],[126.8392588,37.4497505],[126.8391778,37.4497209],[126.8391337,37.4497053],[126.8391216,37.4497026],[126.8388915,37.4496498],[126.8388036,37.4496421],[126.8386597,37.4496287],[126.8386322,37.4496261],[126.8383934,37.4496334],[126.8383597,37.4496344],[126.8382804,37.449627],[126.83823,37.4496098],[126.8381464,37.4495691],[126.8381321,37.4495536],[126.8381055,37.4495277],[126.8380868,37.4495034],[126.8380703,37.449482],[126.8380659,37.449473],[126.8380516,37.449447],[126.838049,37.4493744],[126.8380569,37.4493161],[126.8380812,37.4492261],[126.8381115,37.4491135],[126.8381334,37.4490513],[126.8381675,37.4489595],[126.8381939,37.4489111],[126.838233,37.4488524],[126.8382338,37.4488515],[126.8382693,37.4488119],[126.8383109,37.4487748],[126.8383263,37.4487708],[126.838328,37.4487705],[126.8383623,37.4487624],[126.8384179,37.4487864],[126.838457,37.4488008],[126.8384778,37.4488324],[126.8385537,37.4489474],[126.8386197,37.4490418],[126.8386688,37.4490634],[126.8386807,37.4490686],[126.8388034,37.4490156],[126.8388386,37.4490013],[126.8389539,37.4488793],[126.8389815,37.4488086],[126.8389491,37.4486844],[126.8389291,37.4485408],[126.838929,37.4485371],[126.8389274,37.4484251],[126.8389547,37.4483519],[126.8389945,37.4482782],[126.8390065,37.4482497],[126.8390271,37.4482261],[126.8390497,37.448198],[126.8390922,37.4481654],[126.8391705,37.4481038],[126.8393431,37.4480019],[126.8394186,37.4479338],[126.8394924,37.4478585],[126.8395156,37.4476141],[126.839516,37.4475386],[126.8395166,37.4474471],[126.8395043,37.4471791],[126.8394509,37.4470363],[126.8394145,37.4469962],[126.8393764,37.4469798],[126.83934,37.4469643],[126.8393388,37.4469646],[126.8392114,37.4469928],[126.8391838,37.4470162],[126.8391141,37.447136],[126.8390759,37.4472016],[126.8390385,37.4472716],[126.8390298,37.4472787],[126.8390119,37.4472763],[126.839011,37.4472762],[126.8390099,37.4472761],[126.839008,37.4472761],[126.8390062,37.4472764],[126.8390045,37.4472769],[126.8390029,37.4472777],[126.8390014,37.4472786],[126.8390002,37.4472797],[126.8389992,37.4472809],[126.8389985,37.4472823],[126.8389981,37.4472837],[126.838998,37.4472842],[126.8389934,37.4473082],[126.8389454,37.4473472],[126.8388752,37.4474066],[126.8388075,37.4474329],[126.8387004,37.4474745],[126.838674,37.4474847],[126.8386651,37.4474882],[126.8386424,37.4474367],[126.838554,37.4472358],[126.8385385,37.4472245],[126.8384973,37.4471991],[126.8383345,37.4470967],[126.8382975,37.4470442],[126.838306,37.4470254],[126.8383571,37.4469241],[126.8384279,37.4468366],[126.8384611,37.4467981],[126.8385133,37.4467376],[126.8385074,37.4465811],[126.8384848,37.4465403],[126.8383497,37.4462965],[126.8383086,37.4462393],[126.838247,37.4461567],[126.8381962,37.4460558],[126.8381664,37.4459645],[126.8381603,37.4459001],[126.8382082,37.4457484],[126.8382389,37.4456536],[126.8383045,37.4454517],[126.838306,37.4454438],[126.8383117,37.4454129],[126.8382705,37.4452534],[126.838252,37.4452367],[126.8381158,37.4451133],[126.8380646,37.4450285],[126.8380442,37.4449975],[126.8379989,37.4447888],[126.8378836,37.4445358],[126.8379348,37.4444821],[126.8380329,37.4443956],[126.8380991,37.4443373],[126.8381547,37.4441752],[126.8381643,37.4440136],[126.8381392,37.4439209],[126.8381137,37.4438758],[126.8380424,37.4437606],[126.8380078,37.4437047],[126.8379218,37.4435655],[126.8379065,37.4435388],[126.8378502,37.4434739],[126.8377863,37.4434004],[126.8377626,37.4433415],[126.8377776,37.4431081],[126.8377829,37.4430256],[126.837827,37.4429992],[126.8378848,37.4429646],[126.8379307,37.4429363],[126.8381509,37.4429422],[126.8382245,37.4429457],[126.8382368,37.4429454],[126.8382612,37.4429449],[126.8383428,37.4429433],[126.8383938,37.4429248],[126.8384262,37.442913],[126.8384252,37.4428907],[126.838422,37.4428224],[126.8383859,37.4427384],[126.8383572,37.4426716],[126.8383362,37.44265],[126.8383255,37.4426389],[126.8383025,37.442624],[126.8382641,37.4425912],[126.8382403,37.44258],[126.8381909,37.4425571],[126.8381445,37.442548],[126.8381025,37.4425398],[126.8379148,37.442504],[126.8378656,37.4424947],[126.8378363,37.4424969],[126.8376688,37.4425074],[126.83765,37.4425096],[126.8376016,37.4425154],[126.8375957,37.4425138],[126.8375485,37.442501],[126.8375337,37.4424908],[126.8374838,37.4424567],[126.8374703,37.4424175],[126.8374672,37.4423905],[126.8374819,37.4423531],[126.8375506,37.4422701],[126.8375848,37.4422279],[126.8376276,37.4421751],[126.8376515,37.4421467],[126.8377169,37.4420707],[126.8377381,37.4420161],[126.8377355,37.4419443],[126.8376916,37.4418894],[126.8376349,37.4418392],[126.8376019,37.4418163],[126.8376017,37.4418159],[126.8375724,37.4417712],[126.8375717,37.4417642],[126.8375662,37.4417],[126.8375828,37.441595],[126.8375859,37.4415827],[126.8376008,37.4415238],[126.8376217,37.4414956],[126.8376675,37.4414411],[126.837782,37.4413337],[126.8378091,37.4413083],[126.8378441,37.4412755],[126.8378764,37.4411964],[126.8379025,37.4410607],[126.8378464,37.4409064],[126.837816,37.4408227],[126.8377465,37.4407775],[126.8376844,37.4407366],[126.8376206,37.4407202],[126.8375929,37.4407132],[126.8375682,37.4407069],[126.8375369,37.4406998],[126.8373924,37.440667],[126.8373682,37.4406613],[126.837349,37.4406506],[126.8373282,37.4406387],[126.8373028,37.4406145],[126.8372959,37.4406074],[126.8372693,37.4405283],[126.8372849,37.4404689],[126.8373522,37.4404104],[126.8373737,37.4403966],[126.8374091,37.4403756],[126.8375142,37.4403259],[126.8375533,37.4403068],[126.8375646,37.4403021],[126.8375804,37.4402955],[126.8376915,37.440249],[126.8377191,37.4402346],[126.8379708,37.4401012],[126.8379876,37.4400928],[126.8380707,37.4400411],[126.8381006,37.4400125],[126.838148,37.439968],[126.8381627,37.4399543],[126.8381923,37.4398811],[126.8382184,37.4397519],[126.8382203,37.4396635],[126.8381859,37.4395626],[126.8380718,37.4394425],[126.838045,37.4394143],[126.8380142,37.4393664],[126.8379775,37.4392704],[126.8379714,37.4391808],[126.8379751,37.439111],[126.8379983,37.4389914],[126.838021,37.4389441],[126.8380021,37.4388269],[126.837998,37.4388016],[126.8379731,37.4387871],[126.8379659,37.438783],[126.8379106,37.4387688],[126.8378937,37.4387646],[126.8377827,37.4387334],[126.8377727,37.4387255],[126.8377159,37.438681],[126.8376744,37.4386218],[126.837645,37.4383481],[126.8376139,37.4382835],[126.8376204,37.4381338],[126.8375886,37.438136],[126.8375456,37.4381137],[126.8375357,37.4381086],[126.8375213,37.4380629],[126.8375465,37.4380126],[126.837593,37.4379642],[126.8376762,37.4378055],[126.8377215,37.4375187],[126.8377277,37.4374762],[126.8377314,37.4374574],[126.8377792,37.4372133],[126.8377733,37.4371612],[126.8377936,37.4370248],[126.8377944,37.4370198],[126.8377966,37.4370052],[126.8378017,37.4369838],[126.8378483,37.4369165],[126.8378502,37.4369138],[126.8378529,37.4369098],[126.8380255,37.4367949],[126.8381763,37.436698],[126.8382638,37.436659],[126.8383929,37.4366262],[126.838445,37.4366389],[126.8384931,37.4366506],[126.8384954,37.4366511],[126.8385084,37.4366592],[126.838664,37.4367561],[126.8386932,37.4367744],[126.8387646,37.4367861],[126.8387908,37.4367903],[126.8388879,37.4367953],[126.8390248,37.4367797],[126.8390773,37.436773],[126.8393571,37.4366838],[126.8394977,37.4366806],[126.8395642,37.4366791],[126.8396352,37.4366707],[126.8397185,37.4366227],[126.8397816,37.4365847],[126.8400282,37.4363536],[126.8401012,37.4362783],[126.840148,37.4362268],[126.8402367,37.4361334],[126.8402957,37.4360713],[126.8403525,37.4360179],[126.8404583,37.435922],[126.8404972,37.4358838],[126.8405009,37.4358801],[126.8405565,37.4358261],[126.8406665,37.4357252],[126.8407842,37.4356119],[126.8409222,37.4354631],[126.8410698,37.4352992],[126.841079,37.435289],[126.8411126,37.4352517],[126.8411434,37.4351993],[126.8412032,37.4350969],[126.8413534,37.4348451],[126.8414018,37.4347633],[126.8414298,37.4347157],[126.8414468,37.434687],[126.8414496,37.4346715],[126.8414691,37.4345795],[126.8414891,37.4345221],[126.8415021,37.4344698],[126.8415155,37.434416],[126.8415162,37.4343307],[126.841575,37.4340861],[126.841575,37.4339137],[126.8415555,37.4337062],[126.8414631,37.4335689],[126.8414051,37.4335405],[126.8413591,37.4335178],[126.8413379,37.4335178],[126.8412987,37.4335178],[126.8410708,37.4335177],[126.841016,37.4335112],[126.8409343,37.4335009],[126.8409094,37.4334978],[126.8408606,37.4334772],[126.840785,37.4334452],[126.8407458,37.4334286],[126.8406287,37.4333304],[126.8405294,37.4331456],[126.8405206,37.433129],[126.8403598,37.4327211],[126.8403653,37.43262],[126.8403721,37.4324758],[126.8403688,37.43247],[126.8402972,37.4323428],[126.8402882,37.4322341],[126.8401861,37.4320132],[126.840151,37.4318693],[126.8401656,37.4317898],[126.8401785,37.4317196],[126.8403243,37.4313688],[126.8403811,37.4312322],[126.8405005,37.4311144],[126.8405526,37.4310629],[126.8406516,37.4309124],[126.8406837,37.4308156],[126.8406858,37.4307731],[126.8407581,37.4307022],[126.8409961,37.4306161],[126.8413627,37.4304178],[126.8415852,37.4302179],[126.841632,37.4301746],[126.8416826,37.4301291],[126.8417139,37.4300996],[126.8417753,37.4300459],[126.8418628,37.4299294],[126.8418818,37.4298627],[126.8418768,37.4298013],[126.8418483,37.4297673],[126.8417629,37.4296652],[126.8417774,37.4295678],[126.8418553,37.4294603],[126.8419559,37.4293152],[126.8420238,37.4291015],[126.8420245,37.4290993],[126.8420445,37.4289639],[126.8420303,37.4288504],[126.8420381,37.4286846],[126.8420492,37.4284419],[126.841954,37.4282142],[126.8419112,37.428165],[126.8418529,37.4280981],[126.8417701,37.4280011],[126.8417496,37.4279563],[126.841695,37.4277882],[126.8416619,37.4276003],[126.8417327,37.4273121],[126.8417453,37.4270598],[126.8417395,37.4269446],[126.8417299,37.4267537],[126.8417248,37.4267057],[126.8417243,37.4267011],[126.8416734,37.4266481],[126.8417167,37.426475],[126.8417846,37.4262453],[126.8418194,37.4261671],[126.8419095,37.4261964],[126.8419113,37.4261969],[126.8419131,37.4261971],[126.8419149,37.4261971],[126.8419167,37.4261968],[126.8419184,37.4261963],[126.84192,37.4261956],[126.8419215,37.4261947],[126.8419227,37.4261937],[126.8419237,37.4261924],[126.8419245,37.4261911],[126.841997,37.4260274],[126.8420196,37.4259762],[126.8420239,37.4259731],[126.8421256,37.4259513],[126.8421347,37.425957],[126.8421363,37.4259579],[126.842138,37.4259585],[126.8421398,37.4259588],[126.8421417,37.425959],[126.8421436,37.4259588],[126.8421454,37.4259585],[126.8421471,37.4259578],[126.8421487,37.425957],[126.8421501,37.425956],[126.8421648,37.425943],[126.8422439,37.4259261],[126.8424663,37.4258822],[126.8425621,37.4258549],[126.8425896,37.4258471],[126.8427337,37.4257741],[126.8429543,37.4256519],[126.8433885,37.4252473],[126.8434667,37.4251686],[126.8435591,37.4250719],[126.8436101,37.4250086],[126.8436168,37.4249804],[126.8436558,37.4248175],[126.8436926,37.4246804],[126.8437305,37.4246331],[126.8438143,37.4245662],[126.8438407,37.4245499],[126.8438703,37.4245373],[126.8439998,37.4245135],[126.8441448,37.4244712],[126.8442324,37.424426],[126.8443408,37.4243423],[126.8443474,37.4243356],[126.8444661,37.4242157],[126.8446065,37.424027],[126.8447133,37.4238531],[126.8447479,37.4237681],[126.8448168,37.4236331],[126.8448483,37.423588],[126.8448915,37.423534],[126.8450834,37.4233378],[126.8451503,37.4232711],[126.8452529,37.4231533],[126.845337,37.4230582],[126.8454004,37.4228846],[126.8454088,37.4228111],[126.845421,37.4227044],[126.8454249,37.4226216],[126.845379,37.4225545],[126.845358,37.4225241],[126.8453098,37.4224539],[126.8452772,37.422411],[126.8451855,37.4222902],[126.8450637,37.4221318],[126.8450017,37.4220509],[126.8449848,37.4220289],[126.8449917,37.4220148],[126.845102,37.4217895],[126.8451105,37.4217762],[126.8450104,37.4216401],[126.8448395,37.4214042],[126.8448104,37.4212651],[126.8446582,37.4207367],[126.8446935,37.4206399],[126.8449098,37.4201128],[126.8448939,37.4198481],[126.8448889,37.4197203],[126.8448852,37.4196259],[126.8449884,37.4193771],[126.8451156,37.4190695],[126.845233,37.4189795],[126.8452831,37.4189411],[126.8453398,37.418897],[126.8454575,37.4186564],[126.8457261,37.4185261],[126.8457379,37.4185199],[126.8458194,37.4184162],[126.8458692,37.4183528],[126.8459046,37.4183078],[126.8459153,37.4182591],[126.8459294,37.4181966],[126.8459309,37.4181897],[126.8459429,37.418137],[126.8459988,37.4178872],[126.8460006,37.4178791],[126.8458895,37.4175679],[126.8458645,37.4174966],[126.845832,37.4174045],[126.8456477,37.4171638],[126.8456453,37.4171607],[126.8455885,37.4170879],[126.8454255,37.4166944],[126.8454237,37.4166901],[126.8453535,37.4165209],[126.8455175,37.4162902],[126.8455329,37.4162685],[126.8455286,37.4162414],[126.8454729,37.4158909],[126.8455031,37.4157913],[126.8455175,37.4157436],[126.8455462,37.4156491],[126.8456534,37.4155355],[126.8457781,37.4154033],[126.8458293,37.4152756],[126.8457887,37.4151948],[126.8457047,37.4150276],[126.8457079,37.4150228],[126.8457365,37.414846],[126.8457442,37.4147918],[126.8457483,37.414763],[126.8457587,37.4146963],[126.8457743,37.4145977],[126.8457936,37.4144711],[126.8458007,37.4144613],[126.8459143,37.414305],[126.8459724,37.4143376],[126.8459741,37.4143383],[126.8459759,37.4143389],[126.8459778,37.4143392],[126.8459797,37.4143392],[126.8459816,37.414339],[126.8459834,37.4143385],[126.8459851,37.4143378],[126.8459866,37.4143369],[126.8459879,37.4143357],[126.8459889,37.4143345],[126.8462426,37.4139569],[126.8462434,37.4139555],[126.8462438,37.4139541],[126.846244,37.4139526],[126.8462438,37.4139511],[126.8462433,37.4139496],[126.8462425,37.4139482],[126.8462414,37.413947],[126.8462401,37.4139459],[126.8462386,37.413945],[126.8461906,37.4139213],[126.8461927,37.413909],[126.8462031,37.4138485],[126.8462138,37.4137829],[126.8462364,37.413645],[126.8462853,37.4133798],[126.8463519,37.4129801],[126.846338,37.41289],[126.8463325,37.4128544],[126.8463302,37.4128393],[126.8463253,37.4128072],[126.8463028,37.4126493],[126.8463027,37.412648],[126.8463031,37.4126458],[126.8463289,37.4125292],[126.8463581,37.4124074],[126.8463732,37.4123446],[126.8465447,37.4120976],[126.8466658,37.4119246],[126.8466989,37.4118765],[126.8467088,37.411862],[126.8468479,37.411659],[126.8469011,37.4115814],[126.8471754,37.4113838],[126.8473516,37.4113541],[126.847445,37.4113383],[126.8475292,37.4113243],[126.8475783,37.4113055],[126.8476222,37.4112688],[126.8476264,37.4112653],[126.8476564,37.4112403],[126.8476862,37.4112153],[126.8477249,37.4111829],[126.8477599,37.4111537],[126.8479192,37.4110858],[126.8480948,37.4110229],[126.8481295,37.4110105],[126.8482221,37.4109775],[126.848397,37.4109149],[126.8484406,37.4108788],[126.8485311,37.4108039],[126.8485788,37.4107856],[126.8488072,37.4106989],[126.84899,37.4106296],[126.8492695,37.4105773],[126.8494679,37.4106021],[126.8495089,37.4106072],[126.8495255,37.4106063],[126.8493398,37.4108636],[126.8493389,37.4108651],[126.8493384,37.4108664],[126.8493382,37.4108679],[126.8493383,37.4108693],[126.8493387,37.4108708],[126.8493393,37.4108721],[126.8493402,37.4108734],[126.8493414,37.4108745],[126.8493427,37.4108755],[126.8493443,37.4108762],[126.849345,37.4108765],[126.8493856,37.4108934],[126.8493873,37.410894],[126.8493892,37.4108943],[126.8493911,37.4108944],[126.849393,37.4108942],[126.8493949,37.4108938],[126.8493966,37.4108931],[126.8493982,37.4108922],[126.8493995,37.4108911],[126.8494006,37.4108899],[126.8496073,37.4106017],[126.8497017,37.4105965],[126.8498945,37.4104461],[126.850027,37.410295],[126.8500536,37.4101551],[126.8500562,37.4101406],[126.8500604,37.4101168],[126.8501866,37.4099405],[126.8503903,37.4097729],[126.8504242,37.4097637],[126.8506442,37.4097014],[126.8506796,37.4096914],[126.8503368,37.4101598],[126.8503359,37.4101612],[126.8503354,37.4101627],[126.8503352,37.4101642],[126.8503354,37.4101658],[126.8503358,37.4101673],[126.8503366,37.4101687],[126.8503377,37.41017],[126.850339,37.4101711],[126.8503406,37.410172],[126.8503423,37.4101727],[126.8503429,37.4101729],[126.8503978,37.4101905],[126.8503995,37.410191],[126.8504013,37.4101912],[126.8504031,37.4101911],[126.8504048,37.4101909],[126.8504065,37.4101904],[126.8504081,37.4101898],[126.8504095,37.4101889],[126.8504108,37.4101879],[126.8504118,37.4101867],[126.850803,37.4096517],[126.850864,37.4096316],[126.8508729,37.4096271],[126.8509335,37.4095858],[126.8509547,37.4095644],[126.8509841,37.4095324],[126.8510268,37.4094796],[126.851118,37.4093667],[126.8512156,37.4092463],[126.8513264,37.4091096],[126.8514225,37.4091004],[126.8514987,37.4090927],[126.8515436,37.4090882],[126.85189,37.408927],[126.8519131,37.4089161],[126.8519982,37.4089055],[126.8520241,37.4089041],[126.852036,37.4088864],[126.8520528,37.4088613],[126.852088,37.4088091],[126.852155,37.4087094],[126.8522699,37.4085834],[126.8523664,37.4085151],[126.8523986,37.4084932],[126.8525021,37.4084463],[126.852623,37.4084211],[126.852678,37.4084099],[126.8527094,37.4084035],[126.8528065,37.4083628],[126.8528132,37.40836],[126.8529102,37.4083049],[126.8529584,37.4082377],[126.8529955,37.4081859],[126.8530506,37.4081088],[126.853105,37.4080055],[126.853106,37.4080036],[126.8531459,37.407848],[126.8531434,37.407817],[126.8531364,37.4077179],[126.8531336,37.4077097],[126.8530715,37.4075291],[126.8530348,37.4073446],[126.8530012,37.4071782],[126.8530113,37.4071675],[126.8530338,37.4071419],[126.8530598,37.4071127],[126.8532887,37.4068565],[126.8534232,37.4067054],[126.8535045,37.4066675],[126.8536456,37.4066021],[126.8537928,37.4065322],[126.8538394,37.4065086],[126.8539468,37.4063707],[126.8539983,37.4063035],[126.8540346,37.4062354],[126.8540019,37.4061799],[126.8539433,37.4060945],[126.8538849,37.4060091],[126.853954,37.4058282],[126.8540059,37.4056936],[126.8540307,37.4056272],[126.8540685,37.4054341],[126.8540786,37.405386],[126.8540865,37.4053516],[126.8540966,37.4053094],[126.8541326,37.4052137],[126.8542225,37.4050778],[126.8542465,37.4050275],[126.8543908,37.4047847],[126.8544333,37.4047132],[126.8545011,37.4045919],[126.8545402,37.4045219],[126.8545712,37.4044695],[126.8546249,37.4043781],[126.8547374,37.404249],[126.8548943,37.4041185],[126.854901,37.4041183],[126.8549901,37.4041156],[126.8550458,37.4041134],[126.8550611,37.4040455],[126.8550687,37.404012],[126.8550842,37.4039459],[126.855113,37.4038237],[126.8551271,37.4037666],[126.8551099,37.4036891],[126.8550965,37.4036269],[126.8550935,37.4036133],[126.8550832,37.4035658],[126.8550805,37.4035539],[126.8550634,37.4034776],[126.8551079,37.4034438],[126.8551085,37.4034433],[126.8551106,37.4034417],[126.8551101,37.4034418],[126.854965,37.4034728],[126.8549508,37.403476],[126.8549179,37.4034844],[126.8547304,37.4033975],[126.8546089,37.4033405],[126.8545797,37.4033797],[126.8545476,37.4034233],[126.8543452,37.4037084],[126.8541372,37.4037537],[126.8540166,37.4037543],[126.8538724,37.403755],[126.8538092,37.4037481],[126.8534878,37.4037786],[126.8533908,37.4037771],[126.8533857,37.403777],[126.8532765,37.4037764],[126.8531653,37.4037784],[126.8530939,37.4037798],[126.8530336,37.4037799],[126.8529068,37.4037786],[126.8528691,37.403779],[126.8527788,37.4037793],[126.8526285,37.4037829],[126.8525066,37.4037785],[126.8523521,37.4037739],[126.8522256,37.4037761],[126.8521869,37.4037771],[126.8519214,37.4037758],[126.8518342,37.4037711],[126.8515807,37.4037551],[126.8514713,37.4037488],[126.851405,37.403746],[126.8513272,37.4037545],[126.8511966,37.4037699],[126.8509347,37.4037512],[126.8508681,37.4037595],[126.8507362,37.4037871],[126.8506482,37.4037902],[126.8506122,37.4037914],[126.8505792,37.4037884],[126.8505746,37.4037879],[126.8505491,37.4037858],[126.8503455,37.4037207],[126.8502675,37.4036947],[126.8502186,37.4036863],[126.8501923,37.4036819],[126.8501197,37.4037287],[126.8500932,37.4037604],[126.85009,37.4038095],[126.8500935,37.4038607],[126.8500782,37.403937],[126.850076,37.4039573],[126.8500747,37.4039693],[126.8500328,37.4040175],[126.8498951,37.4041092],[126.8496153,37.4042753],[126.8494234,37.4044007],[126.8493668,37.4044459],[126.8492409,37.4045598],[126.8491395,37.4046516],[126.8490103,37.4047856],[126.8488932,37.4049399],[126.8488319,37.4050166],[126.8488161,37.4050463],[126.8487664,37.4051396],[126.8487356,37.4051882],[126.8487001,37.4052268],[126.84862,37.4052814],[126.8486158,37.4052824],[126.8485326,37.4053019],[126.8483755,37.4052628],[126.8482172,37.4052281],[126.848146,37.4052131],[126.8481266,37.4052116],[126.8480545,37.4052113],[126.8479757,37.4052478],[126.8472131,37.4058218],[126.8471937,37.4058698],[126.8468507,37.4061554],[126.8468373,37.4061665],[126.8468354,37.4061631],[126.8468228,37.4061403],[126.8467231,37.4062204],[126.8465343,37.406372],[126.846405,37.4065912],[126.8462633,37.4068316],[126.845962,37.4068863],[126.8452281,37.4070196],[126.8451098,37.4070411],[126.8448724,37.4070033],[126.8440662,37.4068746],[126.84375,37.4068288],[126.843548,37.4067995],[126.8433373,37.4067507],[126.8428312,37.4066333],[126.8425577,37.4065099],[126.8421123,37.406309],[126.8419803,37.4062524],[126.8419102,37.406256],[126.8417603,37.4062637],[126.8415365,37.4062753],[126.8415069,37.4062771],[126.8412825,37.4062912],[126.84091,37.4066527],[126.8404898,37.40666],[126.8394113,37.4064962],[126.8392569,37.4067483],[126.8393246,37.4070848],[126.8395347,37.4075139],[126.839634,37.408143],[126.8392453,37.408549],[126.8391292,37.4087704],[126.8390924,37.4087982],[126.839082,37.4088122],[126.8390902,37.4088293],[126.8391638,37.4089825],[126.8393978,37.4094677],[126.8392782,37.4094676],[126.8390988,37.4094742],[126.8389818,37.4094751],[126.8389404,37.4094754],[126.838884,37.4094603],[126.8388515,37.4095033],[126.8388165,37.4095453],[126.8385821,37.4098521],[126.8385101,37.4099402],[126.8380999,37.410399],[126.8378049,37.4109124],[126.8376014,37.4112603],[126.8374237,37.4115878],[126.8372171,37.4120059],[126.8371811,37.4120787],[126.8370763,37.4120831],[126.8365957,37.4121031],[126.8364887,37.4121064],[126.8364603,37.4120854],[126.8362645,37.4119519],[126.8362224,37.4119197],[126.8359549,37.4117153],[126.8359225,37.411713],[126.8352986,37.4116683],[126.835237,37.4116639],[126.835203,37.4116615],[126.8348172,37.4114578],[126.8347751,37.4114356],[126.83461,37.4113694],[126.8345487,37.4113448],[126.8340448,37.4111429],[126.8339236,37.4110943],[126.8336884,37.4115611],[126.833539,37.4120505],[126.8333454,37.4122399],[126.8331745,37.4122286],[126.8331433,37.412263],[126.8330403,37.4123854],[126.8330161,37.4124141],[126.832836,37.4126283],[126.8323962,37.4131338],[126.8323256,37.413215],[126.8323628,37.4133046],[126.8323957,37.4133839],[126.832453,37.4134873],[126.8323667,37.4137406],[126.832268,37.4139768],[126.832238,37.4141439],[126.8321977,37.4143679],[126.8319988,37.4145253],[126.8313465,37.4148419],[126.8312027,37.4149308],[126.8309839,37.4150426],[126.8304575,37.4152756],[126.8304533,37.4152775],[126.8301103,37.4154293],[126.8299702,37.4154927],[126.829663,37.4156139],[126.8293631,37.4157254],[126.8292697,37.4157594],[126.8292568,37.4159441],[126.8292455,37.4160963],[126.8292641,37.4162281],[126.8293623,37.4169237],[126.8293709,37.4169808],[126.8289956,37.4174354],[126.8289934,37.4174575],[126.8289725,37.4176671],[126.8289562,37.4178307],[126.8289194,37.4180809],[126.8289136,37.4181204],[126.828904,37.4181859],[126.8288707,37.4184516],[126.8291889,37.4184953],[126.8295721,37.4185479],[126.8296257,37.4185557],[126.8298173,37.4186937],[126.8298664,37.418729],[126.829921,37.4187691],[126.8297971,37.4192043],[126.8296437,37.4197434],[126.8296348,37.4198735],[126.8296537,37.420111],[126.8296517,37.4203625],[126.8296114,37.4211616],[126.8296315,37.4216168],[126.8293474,37.4221839],[126.8294377,37.4224381],[126.829492,37.4225854],[126.8295261,37.4226778],[126.8293679,37.4227503],[126.8292184,37.4228188],[126.8293187,37.4231133],[126.8293688,37.4232602],[126.8291964,37.4232939],[126.8291121,37.4233104],[126.8287673,37.4236279],[126.8287695,37.4236472],[126.8287715,37.4236656],[126.8287811,37.4237504],[126.8287861,37.4240615],[126.8287989,37.4243509],[126.8285322,37.4251189],[126.8286661,37.4253114],[126.8289852,37.4258854],[126.828997,37.4259065],[126.8292334,37.4263319],[126.8294166,37.4266614],[126.8294096,37.4266968],[126.8293878,37.4268054],[126.8292004,37.4269151],[126.8288206,37.4271374],[126.828062,37.4276162],[126.8278301,37.4278031],[126.8277605,37.4278655],[126.8276431,37.428051],[126.8276268,37.4280739],[126.8269449,37.4284993],[126.8264535,37.4292066],[126.8260558,37.4300632],[126.8256765,37.4306029],[126.825737,37.4308013],[126.8258444,37.4309885],[126.8261738,37.4314224],[126.8262643,37.4315331],[126.8262544,37.4315786],[126.826149,37.4320624],[126.826033,37.4322742],[126.8259983,37.4323284],[126.825783,37.4326641],[126.8257952,37.4328413],[126.8259148,37.433133],[126.8258671,37.4337846],[126.8260701,37.4343869],[126.8261013,37.4352735],[126.8261134,37.4356151],[126.8261952,37.4358249],[126.826092,37.4359423],[126.8259216,37.4361361],[126.8257598,37.436167],[126.8257148,37.4361693],[126.8255082,37.4361796],[126.8255034,37.4362517],[126.8254717,37.4367303],[126.8249592,37.4373476],[126.8243825,37.4380681],[126.8237932,37.4385264],[126.8236121,37.4386674],[126.823161,37.4388682],[126.823139,37.4388831],[126.8231133,37.4389005],[126.8230615,37.4389068],[126.8230393,37.4388263],[126.8229271,37.4388377],[126.8229398,37.4389175],[126.8220722,37.4389718],[126.8219654,37.4389813],[126.8215222,37.4389625],[126.8212991,37.438977],[126.8209464,37.4387685],[126.8208371,37.43921],[126.8207238,37.4396676],[126.8207119,37.4397211],[126.8206886,37.4398111],[126.8206623,37.4399176],[126.8206319,37.4399821],[126.8205972,37.4400441],[126.8204078,37.440215],[126.8207704,37.4405186],[126.8207799,37.4405274],[126.8209266,37.4406628],[126.8210994,37.4408998],[126.8210991,37.4409002],[126.8212212,37.4410681],[126.8215073,37.4414897],[126.8215571,37.441523],[126.8218591,37.4417839],[126.8219522,37.4418644],[126.8220034,37.4419219],[126.8222738,37.4420062],[126.822536,37.4420849],[126.8228607,37.4422918],[126.8231334,37.4422996],[126.823312,37.4423047],[126.8236531,37.4422845],[126.8236772,37.4422877],[126.824011,37.4423326],[126.8235782,37.4427352],[126.8234368,37.4428668],[126.8229891,37.4432815],[126.8228059,37.4439091],[126.8230351,37.4444601],[126.8234955,37.4448689],[126.8236445,37.4449838],[126.8237081,37.4450337],[126.8241853,37.4454083],[126.8241951,37.445416],[126.8242457,37.4454501],[126.8243012,37.4454921],[126.8245053,37.4456313],[126.8247583,37.4458072],[126.8248395,37.4458637],[126.8248452,37.4458862],[126.8249737,37.4463941],[126.8248749,37.4465775],[126.8248271,37.4466662],[126.8247547,37.4468799],[126.8248327,37.4468953],[126.8252358,37.446975],[126.8256501,37.4470568],[126.8256585,37.4471239],[126.8256731,37.4473043],[126.8256708,37.4474186],[126.8256865,37.4475648],[126.8256606,37.447599],[126.8254921,37.4478094],[126.8254104,37.4479863],[126.8254196,37.4479912],[126.8253668,37.4481104],[126.8253269,37.448211],[126.8251214,37.4484828],[126.8250062,37.4486458],[126.8248769,37.4489454],[126.8248542,37.4489365],[126.8246759,37.4492661],[126.8245242,37.4493731],[126.8243545,37.4494928],[126.8242663,37.4497108],[126.8242496,37.449752],[126.8242506,37.4497999],[126.8242604,37.4502933],[126.8242613,37.4503379],[126.8251299,37.4510576],[126.8252071,37.4511207],[126.8250172,37.451314],[126.8248627,37.4514711],[126.8248391,37.4514933],[126.8247568,37.4515563],[126.8247062,37.4515563],[126.8246427,37.4515566],[126.8244836,37.4515086],[126.8244548,37.4515215],[126.8243973,37.4515972],[126.8243786,37.451619],[126.8243709,37.4516278],[126.8242512,37.4516984],[126.8241262,37.4517531],[126.8239151,37.451821],[126.8238134,37.4518559],[126.8237264,37.4519146],[126.8237036,37.4519435],[126.8236834,37.4520663],[126.8236693,37.4521534],[126.8236635,37.4522127],[126.8236862,37.4524018],[126.8236309,37.4525497],[126.8235959,37.4526469],[126.8235916,37.45267],[126.8235865,37.4527654],[126.8235923,37.4527818],[126.8236439,37.4528681],[126.823707,37.4529738],[126.8237113,37.4529809],[126.8237496,37.4530446],[126.8239474,37.45337],[126.8239965,37.4534536],[126.8241945,37.4537905],[126.8241796,37.453822],[126.8241412,37.4539245],[126.8236458,37.4543712],[126.8235881,37.4544231],[126.8235192,37.4544894],[126.8233956,37.4549692],[126.8234441,37.4552295],[126.8234594,37.4553118],[126.8233558,37.455752],[126.8234656,37.4561555],[126.8236614,37.4563988],[126.8237263,37.4564742],[126.8236663,37.4568577],[126.8233353,37.4575828],[126.8231951,37.4583762],[126.8231942,37.4583813],[126.8231914,37.4583821],[126.8231868,37.4583835],[126.8235182,37.4587992],[126.8238448,37.4593133],[126.8244099,37.4593141],[126.8251335,37.4592341],[126.8253259,37.4591443],[126.8255069,37.4590635],[126.8256986,37.459262],[126.8259468,37.4594425],[126.8259865,37.4594474],[126.8259916,37.459448],[126.8260937,37.4594608],[126.8261011,37.4594788],[126.8261012,37.4594792],[126.8262715,37.4595003],[126.8265982,37.4595219],[126.8273348,37.4595514],[126.8276794,37.4595738],[126.8279759,37.4595931],[126.828102,37.4596013],[126.8281665,37.4595853],[126.8284134,37.4595761],[126.8284201,37.4595758],[126.8285731,37.4595623],[126.8285583,37.459532],[126.828555,37.4595251],[126.8286334,37.4594],[126.8286837,37.4593197],[126.8291495,37.458579],[126.82915,37.4580629],[126.8291475,37.4577414],[126.8291948,37.457751],[126.8293168,37.4577759],[126.8294423,37.4578015],[126.8298258,37.4579975],[126.8298448,37.4580071],[126.8301063,37.4581459],[126.8301931,37.458192],[126.8304435,37.4583165],[126.8306284,37.4584061],[126.830676,37.4584317],[126.8307161,37.4584509],[126.8309588,37.4585808],[126.8310214,37.4586144],[126.8311491,37.4586723],[126.831345,37.4587602],[126.8315912,37.4588762],[126.8315762,37.4589055],[126.8317902,37.458904],[126.8318072,37.4589039],[126.8318372,37.4589036],[126.8318711,37.4589031],[126.8318643,37.4589222],[126.8318631,37.4589258],[126.8318617,37.4589297],[126.8318647,37.4589263],[126.8318675,37.4589231],[126.8318707,37.4589183],[126.8319263,37.4589364],[126.831961,37.4589474],[126.8321508,37.4590077],[126.8321827,37.4590176],[126.832185,37.4590223],[126.8322766,37.4592145],[126.8323195,37.4593013],[126.8323275,37.4593182],[126.8323661,37.4593994],[126.8323809,37.4594157],[126.8323904,37.4594285],[126.8323958,37.4594357],[126.8324833,37.4595575],[126.8325511,37.4596514],[126.8325563,37.4596611],[126.8326067,37.4598007],[126.8326073,37.4598021],[126.8326082,37.4598033],[126.8326093,37.4598044],[126.8326106,37.4598054],[126.8326121,37.4598062],[126.8326137,37.4598067],[126.8326154,37.4598071],[126.8326172,37.4598073],[126.832619,37.4598072],[126.8326207,37.4598069],[126.8326332,37.459804],[126.8326702,37.4598728],[126.832693,37.4599145],[126.8326946,37.4599402],[126.8326999,37.4599903],[126.8327091,37.4600023],[126.8327332,37.4600337],[126.8328105,37.4601338],[126.8328527,37.4601623],[126.8329304,37.4602184],[126.8329356,37.460222],[126.832955,37.4602358],[126.8329916,37.4602616],[126.8330805,37.4602952],[126.8330916,37.4602909],[126.8331857,37.4602545],[126.8333973,37.4601723],[126.8334365,37.4601569],[126.8334533,37.4601502],[126.8337693,37.4599873],[126.8340733,37.4599683],[126.8342057,37.4599601],[126.8343786,37.4599152],[126.8344496,37.4598968]]]}},{"type":"Feature","properties":{"id":"jeongwang3","name":"정왕3동","data_area_id":"jeongwang3","adm_cd":"31150620","source":"경기도 시흥시 행정동경계_20250610 (공공데이터포털 15104305)","source_standard_date":"20230801"},"geometry":{"type":"MultiPolygon","coordinates":[[[[126.6895165,37.354494],[126.689498,37.354491],[126.6894917,37.3544917],[126.6894907,37.3544934],[126.6894897,37.3544988],[126.6894969,37.3545329],[126.6895094,37.3545715],[126.6895114,37.3545728],[126.6895171,37.3545776],[126.6895191,37.3545785],[126.6895267,37.3545783],[126.6895452,37.3545756],[126.6895954,37.354575],[126.6896055,37.3545739],[126.6896128,37.3545714],[126.6896142,37.3545661],[126.6896114,37.3545588],[126.6896044,37.3545485],[126.6895759,37.3545267],[126.6895165,37.354494]]],[[[126.6897313,37.3553956],[126.689728,37.3553952],[126.689726,37.3553962],[126.6897252,37.3554102],[126.6897254,37.3554302],[126.6897294,37.3554595],[126.689732,37.3554623],[126.6897601,37.3554603],[126.6897618,37.3554602],[126.6897624,37.3554548],[126.6897618,37.3554537],[126.6897555,37.3554427],[126.6897462,37.3554149],[126.6897313,37.3553956]]],[[[126.6893986,37.3553959],[126.6894215,37.3553906],[126.6894339,37.3553912],[126.6894458,37.3553948],[126.6894484,37.3554028],[126.6894519,37.3554607],[126.6894699,37.355481],[126.689499,37.3554812],[126.6895269,37.355481],[126.6895418,37.3554755],[126.6895469,37.3553944],[126.6895495,37.355348],[126.6895589,37.3553352],[126.6895681,37.3553327],[126.6896077,37.3553302],[126.6896535,37.3553302],[126.6896703,37.3553296],[126.6897065,37.355322],[126.6897426,37.3553098],[126.6897909,37.3553108],[126.6898119,37.3553164],[126.6898192,37.355328],[126.6898266,37.3553317],[126.6898484,37.3553308],[126.6898539,37.3553283],[126.6898596,37.3553235],[126.6898585,37.3553114],[126.6898616,37.3553083],[126.6898721,37.3553063],[126.6898839,37.3553058],[126.6899038,37.3553123],[126.689909,37.3553294],[126.6899369,37.3553405],[126.689981,37.355339],[126.6899858,37.3553353],[126.6899827,37.3553241],[126.6899792,37.3553175],[126.6899832,37.3553063],[126.6899872,37.3553042],[126.6899948,37.355304],[126.6900085,37.3553039],[126.6900185,37.3552981],[126.6900184,37.3552928],[126.6900196,37.3552781],[126.690017,37.3552735],[126.6899961,37.3552729],[126.6899858,37.3552689],[126.6899857,37.355265],[126.6899857,37.3552552],[126.6899859,37.3552302],[126.6899879,37.3552284],[126.6899919,37.3552272],[126.6900024,37.3552242],[126.6900062,37.3552216],[126.690025,37.3551908],[126.6900294,37.3551787],[126.6900289,37.3551686],[126.6900263,37.3551384],[126.6900292,37.3551151],[126.6900311,37.3551128],[126.6900385,37.3551129],[126.690051,37.355113],[126.6900834,37.3551118],[126.6901672,37.355092],[126.6902169,37.3550711],[126.6902317,37.3550621],[126.6902401,37.3550574],[126.6902469,37.3550575],[126.690257,37.3550585],[126.6902655,37.3550651],[126.6902909,37.3550935],[126.6903048,37.3550952],[126.6903515,37.3550536],[126.6904231,37.3550136],[126.6904723,37.3549834],[126.6904935,37.3549688],[126.6905289,37.3549237],[126.6905389,37.3548981],[126.6905447,37.3548713],[126.6905462,37.3548518],[126.6904949,37.3548249],[126.6904727,37.3548036],[126.6904463,37.3547604],[126.6903919,37.3547107],[126.6903549,37.354688],[126.6902968,37.3546546],[126.6902675,37.3546491],[126.6902537,37.3546483],[126.690231,37.3546299],[126.6901758,37.3546055],[126.6901598,37.3546029],[126.6901387,37.354601],[126.6901219,37.3546004],[126.6901064,37.3546004],[126.6900965,37.3546007],[126.6900769,37.3546102],[126.6900767,37.3546139],[126.6900771,37.354617],[126.6900811,37.3546209],[126.690102,37.3546364],[126.6901046,37.3546404],[126.6901003,37.3546679],[126.6900913,37.3546773],[126.6900759,37.3546817],[126.690041,37.3546985],[126.6900151,37.3547083],[126.6900057,37.3547115],[126.6899925,37.35471],[126.6899878,37.3547075],[126.6899724,37.3547045],[126.6899676,37.3547057],[126.6899639,37.3547075],[126.6899455,37.3547083],[126.68992,37.3546986],[126.6898593,37.3546475],[126.689816,37.3546317],[126.6897919,37.3546339],[126.6897316,37.3546649],[126.6897141,37.3546815],[126.6897075,37.3546935],[126.6897088,37.3547181],[126.689714,37.3547513],[126.6897187,37.3547554],[126.6897356,37.3547772],[126.6897394,37.3547832],[126.6897383,37.3547913],[126.689736,37.3548001],[126.6897275,37.3548056],[126.6897146,37.3548079],[126.6896992,37.3548084],[126.6896536,37.3547974],[126.6896338,37.3547629],[126.6896307,37.3547446],[126.6896277,37.3547347],[126.6896165,37.3547179],[126.6896134,37.354697],[126.689613,37.3546877],[126.6896092,37.354681],[126.6895364,37.3546597],[126.6894993,37.3546687],[126.6894611,37.3546902],[126.6894299,37.3547117],[126.6894166,37.3547501],[126.6894179,37.3547877],[126.6894427,37.3548318],[126.6894592,37.3548469],[126.6894821,37.3548591],[126.6895011,37.3548781],[126.6895024,37.3548883],[126.6895021,37.3549023],[126.6894759,37.3549409],[126.6894467,37.3549653],[126.6894283,37.3549715],[126.689413,37.3549674],[126.6894009,37.3549577],[126.6893539,37.3549064],[126.689329,37.3548873],[126.6892929,37.3548823],[126.6892766,37.3548882],[126.6892726,37.3548961],[126.6892432,37.354905],[126.6892352,37.3549154],[126.6892263,37.3549351],[126.6891957,37.3549482],[126.6891529,37.3549514],[126.6891331,37.3549474],[126.6890957,37.3549364],[126.6890876,37.3549355],[126.6890761,37.3549391],[126.689069,37.354954],[126.6890378,37.3550528],[126.6890269,37.3551009],[126.6890255,37.3551149],[126.689031,37.355118],[126.6890345,37.3551128],[126.6890371,37.3551066],[126.6890556,37.3550786],[126.6890671,37.3550724],[126.6890969,37.3550668],[126.6891081,37.3550678],[126.6891093,37.3550792],[126.6891061,37.3551008],[126.6891116,37.3551338],[126.6891185,37.3551416],[126.6891459,37.3551706],[126.6891779,37.3551945],[126.6892477,37.355216],[126.6892768,37.3552407],[126.6892732,37.35525],[126.6892663,37.3552545],[126.6892347,37.3552922],[126.6892335,37.3553053],[126.689207,37.3553422],[126.6891971,37.3553809],[126.6891885,37.3554139],[126.6891772,37.355457],[126.6891703,37.3554742],[126.689168,37.3554831],[126.6891669,37.3554896],[126.6891669,37.3554948],[126.6891745,37.3554943],[126.6893069,37.3554568],[126.6893505,37.355441],[126.6893785,37.355416],[126.6893863,37.3554051],[126.6893986,37.3553959]]],[[[126.7212418,37.3610806],[126.7212403,37.3609454],[126.7213686,37.3610224],[126.7214263,37.3609868],[126.7215811,37.3610762],[126.721725,37.3609917],[126.7217798,37.3609595],[126.7217812,37.3609602],[126.7217829,37.3609612],[126.7219388,37.3608643],[126.721952,37.3608561],[126.721954,37.3608549],[126.722884,37.3602772],[126.7228889,37.3602742],[126.7229016,37.3602663],[126.7234369,37.3599338],[126.7238585,37.3596719],[126.7240206,37.3595712],[126.7240352,37.3595621],[126.7242171,37.3594492],[126.7243881,37.3593429],[126.7247256,37.3591333],[126.7248859,37.3590337],[126.7254043,37.3587117],[126.7254695,37.3586712],[126.7257489,37.3584976],[126.7259227,37.3583896],[126.726195,37.3582205],[126.726199,37.3582181],[126.7263483,37.3581253],[126.7263929,37.3580976],[126.7265137,37.3580225],[126.727119,37.3576465],[126.7272197,37.357584],[126.727456,37.3574372],[126.7274743,37.3574258],[126.7277228,37.3572714],[126.7279597,37.3571242],[126.7280609,37.3570614],[126.7284281,37.3568333],[126.7285959,37.356729],[126.7286933,37.3566685],[126.728914,37.3565314],[126.7289887,37.356485],[126.7290345,37.3564565],[126.7290308,37.3564528],[126.728951,37.3563719],[126.7286809,37.3560979],[126.7286267,37.356043],[126.7285285,37.3559437],[126.7285266,37.3559418],[126.7283302,37.3557429],[126.7283053,37.3557173],[126.7283004,37.3557123],[126.7282904,37.3557021],[126.7282901,37.3557018],[126.7282593,37.3556709],[126.7282514,37.355663],[126.7282429,37.3556545],[126.7281469,37.3555566],[126.7281446,37.3555543],[126.7281375,37.355547],[126.7281228,37.355532],[126.7280863,37.355495],[126.7280764,37.355485],[126.7280522,37.3554605],[126.7280201,37.3554277],[126.7278665,37.3552715],[126.7278604,37.3552653],[126.7278539,37.3552587],[126.7277247,37.3551283],[126.7276109,37.3550127],[126.7276065,37.3550084],[126.7276053,37.3550072],[126.7275982,37.3550001],[126.7275947,37.3549967],[126.7270997,37.3544948],[126.7270977,37.3544927],[126.7270023,37.354396],[126.7270019,37.3543956],[126.726992,37.3543855],[126.7269917,37.3543852],[126.7268879,37.35428],[126.7268768,37.354269],[126.7268713,37.3542636],[126.7268663,37.3542585],[126.7268186,37.3542097],[126.7268132,37.3542041],[126.726776,37.3541663],[126.7267708,37.354161],[126.7267461,37.354136],[126.7263454,37.3537295],[126.7263419,37.3537259],[126.7259689,37.3533476],[126.7259569,37.3533355],[126.7257735,37.3531499],[126.7256419,37.3530167],[126.725491,37.3528634],[126.7253283,37.3526981],[126.7253238,37.3526938],[126.7253215,37.3526917],[126.7253151,37.3526856],[126.7253146,37.3526852],[126.7252794,37.3526494],[126.725012,37.3523777],[126.7248988,37.3522626],[126.7248825,37.3522463],[126.7248613,37.3522252],[126.7248443,37.3522081],[126.7246545,37.3520156],[126.7243599,37.3517167],[126.7243492,37.3517058],[126.7243489,37.3517054],[126.7243474,37.3517037],[126.7243464,37.3517024],[126.7243059,37.3516616],[126.724162,37.3515164],[126.7241089,37.351462],[126.7240735,37.351426],[126.7238135,37.3511626],[126.7237476,37.3510954],[126.7236333,37.3509789],[126.723545,37.3508896],[126.7235111,37.3508553],[126.7234462,37.3507895],[126.7234239,37.3507671],[126.7234222,37.3507654],[126.7233966,37.3507396],[126.7233936,37.3507366],[126.723347,37.3506897],[126.723239,37.3505796],[126.7231368,37.3504754],[126.7229629,37.3502996],[126.7229625,37.3502992],[126.7229035,37.3502395],[126.7229031,37.350239],[126.7228932,37.3502289],[126.7228896,37.3502252],[126.722877,37.3502123],[126.7225341,37.3498641],[126.7218977,37.3492201],[126.7215453,37.3488632],[126.7215425,37.3488604],[126.7207512,37.3480587],[126.7205564,37.3478568],[126.720556,37.3478564],[126.7203192,37.3476102],[126.7199881,37.3472661],[126.7199733,37.3472507],[126.7196924,37.3469597],[126.7193828,37.346639],[126.7188817,37.3461183],[126.7187782,37.3460108],[126.7184663,37.3456909],[126.7182972,37.3455174],[126.7182154,37.3454335],[126.7182099,37.3454279],[126.716275,37.343443],[126.7162732,37.3434412],[126.7162676,37.3434354],[126.716264,37.3434313],[126.7162627,37.3434298],[126.7158131,37.3429682],[126.7146247,37.3417375],[126.7146152,37.3417277],[126.7130894,37.3401481],[126.7127945,37.3398427],[126.7127772,37.3398248],[126.7127754,37.3398229],[126.7126524,37.3396954],[126.7123647,37.3393973],[126.7122605,37.3392896],[126.7118656,37.3388813],[126.7116459,37.3386554],[126.7116241,37.338633],[126.7109246,37.3379159],[126.7109161,37.3379072],[126.7109133,37.3379043],[126.7095697,37.336527],[126.7090469,37.3359906],[126.709046,37.3359898],[126.7090436,37.3359879],[126.7090427,37.3359871],[126.7082355,37.3351597],[126.7082206,37.3351444],[126.7080857,37.3350061],[126.7080306,37.3349494],[126.7078701,37.3347848],[126.7074551,37.334359],[126.7074547,37.3343585],[126.7074273,37.3343302],[126.7074107,37.3343132],[126.7071427,37.3340387],[126.7070459,37.3339359],[126.7065034,37.3333601],[126.7057242,37.3325329],[126.7057135,37.332521],[126.705711,37.3325182],[126.7057096,37.3325168],[126.7057075,37.3325148],[126.7057072,37.3325144],[126.7056906,37.3324968],[126.7056147,37.3324161],[126.7054781,37.332271],[126.7050994,37.3318687],[126.7047702,37.3315189],[126.7047545,37.3315022],[126.7041879,37.3309001],[126.7041032,37.3308197],[126.7040266,37.3307469],[126.7040228,37.3307431],[126.7040154,37.3307356],[126.7040132,37.3307335],[126.7039246,37.3306494],[126.7032217,37.3299799],[126.703202,37.3299611],[126.7031751,37.3299355],[126.7024065,37.3292031],[126.7024048,37.3292014],[126.7023911,37.3291884],[126.7017778,37.3286046],[126.7017716,37.3285987],[126.7017514,37.3285795],[126.7016779,37.3285095],[126.7015278,37.3286021],[126.7013797,37.3286935],[126.6966449,37.3316168],[126.6965568,37.3316711],[126.6928734,37.3339423],[126.6929443,37.3340157],[126.6930114,37.334085],[126.692879,37.3341893],[126.6928582,37.3342106],[126.6928485,37.334227],[126.6928392,37.3342528],[126.692596,37.3344496],[126.6924165,37.3345948],[126.6923641,37.3345982],[126.6923346,37.3346038],[126.6923018,37.3346109],[126.6922697,37.3346195],[126.6922383,37.3346299],[126.6922085,37.3346427],[126.6921798,37.3346571],[126.6921527,37.3346735],[126.6921274,37.3346915],[126.6921197,37.3346979],[126.6920885,37.334724],[126.6920646,37.3347461],[126.6920514,37.3347583],[126.6920074,37.334801],[126.692003,37.334806],[126.6919614,37.3348529],[126.6919191,37.3349068],[126.6918803,37.3349624],[126.6918451,37.3350194],[126.6918138,37.3350779],[126.6918098,37.3350866],[126.6917864,37.3351376],[126.6917627,37.3351983],[126.6917433,37.33526],[126.6917278,37.3353224],[126.6917165,37.3353853],[126.6917094,37.3354488],[126.6917063,37.3355123],[126.6917075,37.3355759],[126.6917128,37.3356393],[126.6917223,37.3357025],[126.6916255,37.3357176],[126.691298,37.3357687],[126.6912901,37.3357699],[126.6912997,37.3357729],[126.6913082,37.3357789],[126.6913161,37.33579],[126.6913248,37.3358303],[126.691376,37.3359877],[126.6913898,37.336066],[126.6914011,37.3361056],[126.6914152,37.3361456],[126.6914419,37.3362101],[126.691469,37.3362908],[126.6914799,37.3363292],[126.6914881,37.3363677],[126.6915013,37.3364117],[126.6915042,37.3364286],[126.6915073,37.3364704],[126.6915125,37.3365017],[126.6915137,37.3365334],[126.6915061,37.3366365],[126.691505,37.3367051],[126.691503,37.3367169],[126.6914881,37.3367593],[126.6914799,37.3368009],[126.6914791,37.3368199],[126.6914819,37.3368295],[126.6914922,37.3368436],[126.6915004,37.33685],[126.6915192,37.3368598],[126.6915625,37.3368761],[126.6915804,37.3368847],[126.6915892,37.3368908],[126.691597,37.3368995],[126.6916007,37.3369081],[126.6916027,37.3369198],[126.6916039,37.3369676],[126.6916089,37.3370069],[126.691609,37.3370849],[126.6916044,37.3371238],[126.6915802,37.3372197],[126.6915621,37.3373043],[126.6915393,37.3374406],[126.6915159,37.3375261],[126.6915051,37.3375535],[126.6914888,37.3375825],[126.6914233,37.3376733],[126.6914137,37.337696],[126.6914094,37.3377145],[126.6914099,37.3377303],[126.6914165,37.3377491],[126.6914291,37.3377692],[126.6914642,37.3378116],[126.6914729,37.3378286],[126.6914795,37.337853],[126.6914816,37.337872],[126.6914822,37.3379057],[126.6914812,37.3380391],[126.6914794,37.3380708],[126.6914625,37.3381988],[126.6914418,37.3382946],[126.6914219,37.3384299],[126.6914115,37.3385178],[126.6914067,37.3385869],[126.6913995,37.338648],[126.6913955,37.3386671],[126.691373,37.3387358],[126.6913636,37.3387916],[126.6913436,37.3388553],[126.6913332,37.3389076],[126.6913316,37.3389488],[126.6913381,37.3389991],[126.6913386,37.3390175],[126.6913379,37.3390697],[126.6913357,37.3390885],[126.6913263,37.3391234],[126.6913158,37.3391467],[126.6913024,37.3391703],[126.6912723,37.3392181],[126.6912421,37.33926],[126.6912224,37.3392844],[126.6912075,37.3392982],[126.6911875,37.3393098],[126.6911608,37.3393202],[126.6911389,37.339326],[126.6910188,37.3393451],[126.690913,37.3393506],[126.6908353,37.3393595],[126.6907086,37.3393787],[126.6906598,37.3393886],[126.6906378,37.3393944],[126.6906059,37.339406],[126.6905832,37.3394182],[126.6905662,37.3394308],[126.6905206,37.3394787],[126.6905035,37.339493],[126.690485,37.3395046],[126.6904682,37.3395116],[126.6904572,37.3395144],[126.6904459,37.3395162],[126.690434,37.3395161],[126.6904133,37.3395118],[126.6904029,37.3395075],[126.6903954,37.3395007],[126.6903932,37.3394948],[126.6903968,37.3394766],[126.6903956,37.3394655],[126.6903819,37.3394609],[126.6903656,37.3394613],[126.690354,37.3394645],[126.690304,37.3394922],[126.6902868,37.3395054],[126.6902761,37.3395187],[126.6902644,37.3395395],[126.6902427,37.3395626],[126.690222,37.3395756],[126.6901979,37.3395831],[126.6901565,37.3395885],[126.6901547,37.3395885],[126.690145,37.3395888],[126.6901314,37.3395867],[126.6901207,37.3395824],[126.6901091,37.3395748],[126.6900808,37.3395474],[126.6900723,37.3395414],[126.6900617,37.3395379],[126.6900386,37.3395373],[126.6900254,37.3395408],[126.6899615,37.3395491],[126.6899445,37.3395486],[126.6899106,37.3395398],[126.6898993,37.3395397],[126.6898836,37.339545],[126.6898599,37.3395591],[126.6898426,37.3395733],[126.6898343,37.3395838],[126.6898271,37.3396013],[126.6898245,37.339648],[126.6898261,37.3396694],[126.6898294,37.3396817],[126.6898434,37.3397131],[126.6898548,37.3397517],[126.6898557,37.339761],[126.6898539,37.3397714],[126.6898441,37.3397889],[126.6898364,37.3397955],[126.6898168,37.3398052],[126.6897832,37.3398156],[126.6897733,37.3398224],[126.6897666,37.3398299],[126.6897624,37.3398384],[126.6897631,37.3398477],[126.6897696,37.3398554],[126.6897987,37.3398727],[126.6898062,37.3398797],[126.6898093,37.339892],[126.6898049,37.3399008],[126.6897982,37.3399082],[126.6897828,37.3399216],[126.6897801,37.339924],[126.6897764,37.3399335],[126.689782,37.3399438],[126.6897934,37.3399522],[126.6898495,37.3399796],[126.6898572,37.3399864],[126.6898626,37.3399982],[126.6898608,37.34001],[126.6898544,37.3400185],[126.6898451,37.3400239],[126.6898232,37.3400317],[126.6897704,37.3400471],[126.6897301,37.3400552],[126.6896936,37.3400638],[126.6896517,37.3400738],[126.6895879,37.3400924],[126.6895232,37.3401022],[126.6893984,37.3401342],[126.6893217,37.3401476],[126.6892934,37.3401525],[126.6891544,37.3401829],[126.6890832,37.3401965],[126.6890019,37.3402193],[126.6889552,37.3402368],[126.6888736,37.3402619],[126.6887893,37.3402786],[126.6887284,37.3402965],[126.6886581,37.3403216],[126.688496,37.3403596],[126.6884322,37.340379],[126.6884177,37.3403811],[126.6883904,37.3403826],[126.6882802,37.3403834],[126.6882302,37.3403811],[126.6882026,37.3403846],[126.6881727,37.3403911],[126.6879779,37.3404439],[126.6879278,37.3404538],[126.6878904,37.3404637],[126.6878182,37.34049],[126.6877968,37.3405027],[126.687761,37.3405307],[126.6877481,37.3405379],[126.6877372,37.3405417],[126.6877134,37.3405466],[126.6875744,37.3405684],[126.6874815,37.3406001],[126.6874014,37.3406255],[126.6872558,37.340669],[126.6870906,37.3407137],[126.6869419,37.3407482],[126.6868504,37.3407602],[126.686772,37.3407859],[126.6867257,37.3407992],[126.6866554,37.340815],[126.6865306,37.3408431],[126.6864781,37.3408569],[126.6863556,37.3408803],[126.6862755,37.3409007],[126.6862018,37.3409227],[126.6861482,37.3409358],[126.6860136,37.3409555],[126.6859905,37.3409602],[126.6859688,37.3409672],[126.6858682,37.3410066],[126.6858312,37.3410233],[126.6857935,37.3410464],[126.6857767,37.3410603],[126.6857524,37.3410842],[126.68573,37.3411112],[126.6857251,37.3411199],[126.6857165,37.341143],[126.6857137,37.3411631],[126.6857112,37.3412197],[126.6857116,37.3412676],[126.6857178,37.341295],[126.6857432,37.3413685],[126.6857504,37.3413983],[126.6857489,37.341418],[126.6857375,37.3414678],[126.6857338,37.3415049],[126.6857351,37.3415163],[126.6857407,37.3415342],[126.6857753,37.3416159],[126.6857852,37.3416339],[126.6858099,37.341669],[126.6858193,37.3416868],[126.6858412,37.3417629],[126.6858542,37.3418002],[126.6858832,37.3418524],[126.6859262,37.3419515],[126.6859911,37.342127],[126.6861909,37.3427035],[126.6862016,37.3427324],[126.6862456,37.3428279],[126.6862511,37.3428415],[126.6862555,37.3428499],[126.6862856,37.3428555],[126.6862872,37.3428557],[126.6863516,37.3428452],[126.686406,37.3428413],[126.686408,37.3428459],[126.6864093,37.3428491],[126.6864121,37.3428662],[126.6863417,37.3428987],[126.6863171,37.3429126],[126.6863106,37.3429172],[126.6863081,37.3429195],[126.6863039,37.3429234],[126.6862983,37.3429492],[126.686299,37.3430089],[126.686301,37.3430201],[126.6863096,37.3430346],[126.6863408,37.3430594],[126.6863548,37.343072],[126.6863574,37.3431287],[126.6863529,37.3431367],[126.6863437,37.3431532],[126.6863344,37.343173],[126.6863294,37.3431878],[126.686331,37.3431973],[126.686335,37.3432044],[126.686406,37.3432435],[126.6864108,37.3432486],[126.6865416,37.3436011],[126.6866378,37.3438586],[126.6866462,37.343881],[126.6868238,37.3443563],[126.6870225,37.344886],[126.6870269,37.3449064],[126.6870413,37.3449154],[126.6870565,37.3449171],[126.6870829,37.3449204],[126.6870912,37.3449293],[126.6871152,37.3449927],[126.6871225,37.3450195],[126.6871114,37.3450582],[126.6870855,37.3450815],[126.6869868,37.3451192],[126.6869144,37.3451653],[126.686817,37.3452299],[126.6867549,37.3452564],[126.6866887,37.345274],[126.686194,37.3453937],[126.6861158,37.3454039],[126.6860416,37.3454066],[126.6859878,37.3454006],[126.6859546,37.3453894],[126.6858814,37.3452065],[126.6858396,37.3451157],[126.6857945,37.3450946],[126.6857786,37.3450833],[126.6857211,37.3449572],[126.6857194,37.3449541],[126.6853812,37.3450328],[126.6853792,37.3450334],[126.6853795,37.345036],[126.6855475,37.3454828],[126.6855524,37.3454938],[126.6855544,37.3455024],[126.6855405,37.3455696],[126.6855362,37.3455822],[126.6855439,37.3456165],[126.6855532,37.3456417],[126.6854872,37.3456564],[126.6849979,37.3457653],[126.6849963,37.3457542],[126.6847765,37.3458042],[126.6847809,37.3458175],[126.6838259,37.3460452],[126.6827519,37.3462983],[126.6827155,37.3462451],[126.6826808,37.3462254],[126.6825716,37.3461996],[126.6824693,37.3461889],[126.6822307,37.3462454],[126.6822009,37.3462559],[126.6821798,37.346286],[126.6820377,37.3469797],[126.6820375,37.3470678],[126.6820443,37.3470921],[126.682063,37.3471157],[126.6821108,37.3471468],[126.6821837,37.3471541],[126.682202,37.3471504],[126.6822322,37.3471412],[126.6822885,37.3471099],[126.6822984,37.3471],[126.6823126,37.3470674],[126.6823179,37.3470414],[126.6825737,37.3470764],[126.6825668,37.347116],[126.6830219,37.3471778],[126.6830308,37.3471331],[126.6830487,37.3471357],[126.683041,37.3471773],[126.6834986,37.347239],[126.6835242,37.347108],[126.6830678,37.3470472],[126.6830593,37.3470925],[126.6830423,37.3470904],[126.6830504,37.347047],[126.6825919,37.3469846],[126.6825837,37.3470338],[126.6823261,37.3470003],[126.6824344,37.3464585],[126.6826361,37.3464184],[126.6836353,37.3461798],[126.684175,37.3460523],[126.6841983,37.3460531],[126.6841737,37.3461221],[126.6843613,37.3465996],[126.6843714,37.3466032],[126.6843792,37.3466038],[126.6844567,37.346595],[126.6845151,37.3465816],[126.6845168,37.3465691],[126.6845054,37.3465365],[126.6844739,37.3465333],[126.6843439,37.3460934],[126.6848427,37.3459781],[126.6854348,37.34584],[126.6855528,37.3458019],[126.685599,37.3457869],[126.6856463,37.3457762],[126.6856494,37.3457783],[126.6858556,37.3463205],[126.6858608,37.3463342],[126.6861954,37.3462518],[126.6861985,37.3462509],[126.6862124,37.3462316],[126.686223,37.3462168],[126.6862205,37.346189],[126.6860679,37.3457688],[126.686068,37.3457555],[126.6860871,37.3457298],[126.6860871,37.3457265],[126.6860987,37.3457121],[126.6861163,37.3457041],[126.6868082,37.3455518],[126.6869083,37.3455428],[126.6870238,37.345537],[126.6871346,37.3455374],[126.6871884,37.3455361],[126.6872484,37.3455389],[126.6872993,37.345549],[126.6873082,37.3455582],[126.6874048,37.3457928],[126.6875893,37.3463182],[126.6877404,37.3467564],[126.6878209,37.3470003],[126.6878438,37.347031],[126.6878647,37.347048],[126.6878777,37.3470658],[126.6878781,37.3470665],[126.6878816,37.347073],[126.687883,37.3470756],[126.6878573,37.3471062],[126.6878493,37.3471221],[126.6879206,37.3473168],[126.6880977,37.3477773],[126.6882741,37.3482542],[126.6884352,37.348655],[126.6885059,37.3487564],[126.6885303,37.3487705],[126.6885513,37.3487787],[126.6886167,37.3487954],[126.6886565,37.3487977],[126.6887065,37.3487953],[126.688808,37.3487831],[126.6893479,37.3487073],[126.6895277,37.3486843],[126.6898497,37.3486432],[126.6902965,37.3485779],[126.6907229,37.3485156],[126.6910622,37.3484701],[126.6926414,37.3482581],[126.692642,37.3482605],[126.6926598,37.3482581],[126.6926416,37.3483279],[126.6926341,37.3483568],[126.6926071,37.3483506],[126.6925898,37.3483994],[126.6925985,37.3484032],[126.6923747,37.3489759],[126.6923003,37.3489556],[126.6922524,37.3490729],[126.6923185,37.3490913],[126.6921525,37.349524],[126.6920233,37.3494948],[126.69193,37.3497283],[126.6922236,37.3498059],[126.6923193,37.3495683],[126.6922066,37.3495398],[126.6923741,37.3491084],[126.6924504,37.3491264],[126.6924959,37.3490081],[126.6924279,37.3489904],[126.6925313,37.348746],[126.692562,37.3487543],[126.6925965,37.3486707],[126.6925602,37.3486607],[126.6926553,37.3484196],[126.6926684,37.3484206],[126.6926874,37.3483691],[126.6926648,37.3483639],[126.6926757,37.3483236],[126.6926945,37.3482532],[126.6927153,37.3482503],[126.6927149,37.3482482],[126.6927752,37.3482401],[126.6929069,37.3482385],[126.6929774,37.3482377],[126.6930015,37.3482418],[126.6930112,37.3482619],[126.6931976,37.3487281],[126.6932205,37.348831],[126.6932259,37.3488423],[126.6932285,37.3488478],[126.6933246,37.3489791],[126.693377,37.3490368],[126.693537,37.3491839],[126.6935788,37.3492288],[126.6936753,37.3493964],[126.6936794,37.3494035],[126.6937447,37.3493912],[126.6937732,37.3493823],[126.6937591,37.3493315],[126.6937414,37.3492964],[126.6937357,37.3492782],[126.6937303,37.3492605],[126.6937248,37.3492445],[126.6937187,37.3492299],[126.6937115,37.3492167],[126.6937034,37.3492036],[126.693696,37.3491894],[126.6936894,37.3491735],[126.6936835,37.3491565],[126.6936784,37.3491392],[126.6936737,37.3491227],[126.6936695,37.3491072],[126.6936655,37.3490929],[126.693662,37.3490794],[126.6936601,37.3490668],[126.6936609,37.349055],[126.6936653,37.3490438],[126.6936725,37.3490317],[126.6936816,37.3490181],[126.6936915,37.3490029],[126.6937013,37.3489865],[126.6937101,37.348969],[126.6937178,37.3489513],[126.6937244,37.3489334],[126.6937301,37.3489158],[126.6937341,37.3488987],[126.6937351,37.348882],[126.693733,37.3488646],[126.6937287,37.3488458],[126.693723,37.3488252],[126.6937159,37.348803],[126.6937078,37.3487796],[126.6936989,37.3487553],[126.6936889,37.3487309],[126.6936784,37.3487071],[126.6936728,37.3486955],[126.6936673,37.3486897],[126.6936556,37.3486666],[126.6936436,37.3486436],[126.6936325,37.3486206],[126.6936219,37.3485977],[126.6936116,37.3485748],[126.6936019,37.3485517],[126.693593,37.3485287],[126.6935839,37.3485063],[126.6935735,37.3484852],[126.6935623,37.3484661],[126.6935519,37.3484486],[126.6935425,37.3484318],[126.6935357,37.3484188],[126.6935339,37.3484155],[126.6935267,37.3483992],[126.6935233,37.3483835],[126.6935258,37.3483693],[126.6935334,37.3483586],[126.6935466,37.3483536],[126.6935675,37.3483541],[126.6935817,37.3483559],[126.6935933,37.3483574],[126.693622,37.3483625],[126.693653,37.3483693],[126.6936851,37.3483777],[126.6937183,37.3483869],[126.693753,37.3483968],[126.6937876,37.3484078],[126.6938219,37.3484202],[126.693856,37.348433],[126.6938913,37.3484449],[126.693928,37.3484556],[126.6939651,37.3484653],[126.6940024,37.3484744],[126.6940387,37.3484833],[126.6940738,37.3484936],[126.6941094,37.348505],[126.6941446,37.3485165],[126.6941794,37.3485274],[126.6942143,37.3485371],[126.6942486,37.3485463],[126.6942837,37.3485554],[126.6943203,37.3485645],[126.6943571,37.3485733],[126.6943926,37.3485826],[126.6944272,37.3485922],[126.6944623,37.3486015],[126.6944966,37.3486114],[126.6945308,37.3486224],[126.694565,37.3486339],[126.6945998,37.3486451],[126.6946345,37.3486557],[126.6946694,37.3486662],[126.694705,37.3486759],[126.6947403,37.3486845],[126.6947749,37.3486928],[126.6947924,37.3486971],[126.69481,37.3486993],[126.6948276,37.3487036],[126.6948365,37.3487081],[126.6948708,37.3487175],[126.6949032,37.3487269],[126.6949338,37.3487361],[126.6949628,37.3487454],[126.6949909,37.3487548],[126.6950214,37.3487643],[126.6950542,37.3487732],[126.6950884,37.3487812],[126.6951235,37.3487881],[126.6951587,37.3487948],[126.6951922,37.3488019],[126.6952254,37.3488094],[126.6952622,37.3488161],[126.6953003,37.348822],[126.6953371,37.3488281],[126.695372,37.3488351],[126.6954054,37.3488429],[126.6954403,37.3488508],[126.695475,37.3488591],[126.6955089,37.3488681],[126.6955422,37.3488776],[126.6955769,37.3488869],[126.6956134,37.3488962],[126.6956517,37.3489052],[126.6956905,37.3489144],[126.6957279,37.3489239],[126.6957624,37.3489337],[126.6957958,37.3489444],[126.6958309,37.3489554],[126.6958677,37.3489658],[126.6959054,37.3489758],[126.6959423,37.3489859],[126.6959796,37.3489963],[126.6960157,37.3490058],[126.696052,37.349014],[126.6960874,37.3490209],[126.6961214,37.349027],[126.696154,37.3490329],[126.6961867,37.3490392],[126.6962198,37.3490465],[126.6962542,37.3490546],[126.6962898,37.3490634],[126.6963248,37.3490726],[126.6963572,37.3490824],[126.6963858,37.3490931],[126.6964072,37.3491052],[126.6964215,37.349118],[126.696432,37.3491306],[126.6964399,37.3491423],[126.6964468,37.3491529],[126.6964578,37.3491618],[126.6964765,37.3491687],[126.6965009,37.3491749],[126.6965277,37.349182],[126.6965546,37.3491899],[126.6965806,37.3491976],[126.6966061,37.349205],[126.6966297,37.3492128],[126.6966513,37.3492214],[126.6966717,37.3492299],[126.696692,37.3492383],[126.6967153,37.3492438],[126.6967426,37.3492447],[126.6967715,37.349244],[126.6967985,37.3492457],[126.6968234,37.3492512],[126.6968487,37.3492592],[126.6968756,37.3492685],[126.6969048,37.3492785],[126.6969344,37.3492885],[126.6969636,37.3492979],[126.6969936,37.3493066],[126.6970244,37.3493148],[126.6970567,37.3493228],[126.697088,37.3493311],[126.6971174,37.3493399],[126.6971441,37.3493488],[126.6971699,37.3493578],[126.6971966,37.3493658],[126.6972223,37.3493724],[126.6972449,37.349378],[126.6972626,37.349385],[126.6972733,37.3493948],[126.6972785,37.3494079],[126.6972807,37.3494229],[126.6972809,37.3494247],[126.6972824,37.3494382],[126.6972851,37.3494526],[126.6972895,37.3494654],[126.697296,37.3494765],[126.6973044,37.3494857],[126.6973146,37.3494931],[126.6973266,37.3494986],[126.6973402,37.3495024],[126.6973545,37.3495042],[126.6973693,37.3495042],[126.6973853,37.3495039],[126.6974028,37.3495029],[126.6974213,37.3495008],[126.6974404,37.3494975],[126.6974599,37.3494935],[126.6974792,37.349489],[126.6974985,37.3494846],[126.6975161,37.3494825],[126.6975301,37.3494842],[126.6975371,37.3494888],[126.6975366,37.3494961],[126.6975336,37.3495057],[126.697532,37.3495166],[126.6975339,37.3495271],[126.6975387,37.3495373],[126.6975444,37.3495489],[126.6975515,37.3495596],[126.6975631,37.3495666],[126.6975821,37.3495682],[126.6976072,37.3495677],[126.6976349,37.3495664],[126.6976638,37.349564],[126.6976923,37.3495607],[126.6977206,37.3495571],[126.6977482,37.3495536],[126.6977745,37.3495501],[126.6977995,37.3495462],[126.6978235,37.3495434],[126.6978472,37.3495449],[126.6978715,37.3495507],[126.6978984,37.3495586],[126.6979282,37.349567],[126.6979608,37.3495758],[126.6979944,37.3495857],[126.6980276,37.3495969],[126.6980602,37.3496087],[126.6980931,37.3496203],[126.6981264,37.3496316],[126.69816,37.3496428],[126.6981953,37.3496537],[126.6982311,37.3496641],[126.6982668,37.3496735],[126.6983032,37.3496825],[126.6983407,37.349691],[126.6983783,37.3496986],[126.6984143,37.3497053],[126.6984485,37.3497108],[126.6984836,37.3497152],[126.6985204,37.3497192],[126.6985581,37.3497239],[126.6985973,37.3497299],[126.6986375,37.3497363],[126.6986778,37.3497428],[126.6987169,37.3497501],[126.6987539,37.3497579],[126.6987897,37.3497653],[126.6988247,37.3497718],[126.6988591,37.3497779],[126.6988931,37.349785],[126.6989262,37.3497932],[126.6989587,37.3498018],[126.6989914,37.3498106],[126.6990254,37.34982],[126.6990605,37.3498299],[126.6990974,37.3498397],[126.6991357,37.3498488],[126.6991739,37.3498575],[126.6992107,37.349866],[126.6992471,37.3498745],[126.6992832,37.3498835],[126.6993187,37.3498936],[126.6993538,37.3499043],[126.6993879,37.3499151],[126.6994226,37.349926],[126.6994569,37.3499373],[126.6994897,37.349949],[126.6995222,37.3499601],[126.6995552,37.3499698],[126.6995879,37.3499787],[126.6996208,37.3499871],[126.6996536,37.3499948],[126.6996775,37.3500001],[126.6996857,37.3500019],[126.6997169,37.3500089],[126.6997491,37.3500163],[126.6997831,37.3500235],[126.6998181,37.3500302],[126.6998497,37.3500373],[126.6998765,37.3500452],[126.699902,37.3500538],[126.6999293,37.3500623],[126.6999586,37.3500702],[126.6999879,37.3500781],[126.7,37.3500815],[126.7000176,37.3500863],[126.7000486,37.3500933],[126.7000796,37.3500994],[126.7001097,37.3501057],[126.7001402,37.3501121],[126.7001724,37.3501184],[126.7002071,37.3501249],[126.7002404,37.3501314],[126.7002708,37.3501382],[126.7003001,37.3501458],[126.7003294,37.3501537],[126.7003588,37.3501621],[126.7003887,37.3501706],[126.7004192,37.3501794],[126.7004502,37.3501882],[126.7004829,37.3501969],[126.7005174,37.3502052],[126.7005534,37.3502146],[126.7005896,37.3502246],[126.7006257,37.3502353],[126.7006613,37.3502463],[126.7006978,37.3502578],[126.7007332,37.3502698],[126.7007678,37.3502818],[126.7008022,37.3502934],[126.700837,37.3503049],[126.7008724,37.3503168],[126.700908,37.3503284],[126.7009441,37.3503392],[126.7009784,37.3503489],[126.701012,37.3503575],[126.701046,37.3503656],[126.7010804,37.3503731],[126.7011046,37.3503804],[126.7011345,37.3503878],[126.7011638,37.3503951],[126.7011933,37.3504018],[126.7012233,37.3504076],[126.7012539,37.3504126],[126.7012839,37.3504172],[126.7013127,37.3504214],[126.7013401,37.3504257],[126.7013643,37.35043],[126.7013838,37.3504344],[126.701399,37.3504386],[126.7014112,37.3504433],[126.7014217,37.3504484],[126.701431,37.3504541],[126.7014393,37.3504603],[126.7014468,37.3504684],[126.7014543,37.3504787],[126.7014619,37.3504916],[126.7014701,37.3505064],[126.7014782,37.3505222],[126.7014857,37.350539],[126.701493,37.3505568],[126.7015004,37.3505763],[126.7015075,37.3505976],[126.7015139,37.3506204],[126.7015191,37.3506442],[126.701523,37.3506686],[126.7015254,37.3506927],[126.7015262,37.3507161],[126.7015262,37.3507384],[126.7015262,37.3507591],[126.7015262,37.3507784],[126.7015262,37.3507957],[126.7015262,37.3508107],[126.7015262,37.3508129],[126.7015262,37.3508233],[126.7015258,37.3508352],[126.701523,37.3508478],[126.701517,37.3508623],[126.7015087,37.3508786],[126.7014998,37.3508964],[126.70149,37.3509146],[126.7014783,37.3509326],[126.7014642,37.3509502],[126.701449,37.3509674],[126.7014327,37.3509838],[126.7014158,37.3509997],[126.7013986,37.3510152],[126.7013821,37.3510305],[126.7013666,37.3510461],[126.7013526,37.3510615],[126.7013388,37.3510764],[126.7013247,37.3510906],[126.7013106,37.3511033],[126.7012968,37.3511143],[126.7012848,37.3511237],[126.701275,37.3511323],[126.7012662,37.3511406],[126.7012596,37.3511496],[126.7012581,37.3511596],[126.701262,37.3511702],[126.7012681,37.351182],[126.7012747,37.3511948],[126.7012812,37.3512082],[126.7012886,37.3512218],[126.7012961,37.3512355],[126.7013046,37.3512492],[126.7013141,37.3512623],[126.7013249,37.3512738],[126.7013364,37.3512832],[126.7013471,37.3512908],[126.7013554,37.3512983],[126.7013598,37.3513071],[126.7013571,37.3513171],[126.7013469,37.3513277],[126.7013302,37.3513385],[126.701311,37.35135],[126.7012909,37.3513633],[126.7012713,37.3513782],[126.7012526,37.3513937],[126.7012351,37.351409],[126.7012186,37.3514234],[126.7012021,37.3514376],[126.7011843,37.3514522],[126.7011648,37.3514671],[126.7011433,37.3514822],[126.7011208,37.3514982],[126.7010978,37.3515138],[126.7010743,37.351528],[126.7010566,37.3515406],[126.7010324,37.3515516],[126.7010066,37.3515604],[126.700978,37.3515688],[126.7009475,37.3515775],[126.7009165,37.351586],[126.7008867,37.3515937],[126.7008595,37.3516011],[126.7008489,37.3516047],[126.7008363,37.351609],[126.700816,37.3516172],[126.7007957,37.3516251],[126.7007733,37.3516315],[126.7007495,37.3516377],[126.7007245,37.3516445],[126.7006984,37.3516514],[126.7006718,37.3516572],[126.7006451,37.3516598],[126.7006242,37.3516597],[126.7006184,37.3516597],[126.7005918,37.3516598],[126.7005655,37.3516609],[126.7005405,37.3516633],[126.7005168,37.3516662],[126.7004944,37.3516702],[126.7004735,37.3516762],[126.7004534,37.3516841],[126.7004333,37.3516924],[126.7004138,37.3517006],[126.7003941,37.3517091],[126.7003735,37.3517184],[126.7003528,37.3517287],[126.7003329,37.3517398],[126.7003152,37.3517522],[126.7002994,37.3517653],[126.7002846,37.3517781],[126.7002703,37.35179],[126.7002561,37.3518007],[126.7002401,37.3518097],[126.7002213,37.3518173],[126.7002005,37.3518242],[126.7001794,37.3518311],[126.7001601,37.3518379],[126.7001434,37.3518458],[126.7001297,37.3518552],[126.7001193,37.3518663],[126.7001123,37.3518788],[126.7001081,37.3518923],[126.7001041,37.351906],[126.7000992,37.3519191],[126.7000947,37.3519315],[126.7000893,37.3519437],[126.7000807,37.3519556],[126.7000699,37.3519677],[126.7000591,37.3519803],[126.7000467,37.3519929],[126.700032,37.3520031],[126.7000158,37.3520126],[126.7,37.3520224],[126.6999837,37.3520336],[126.6999711,37.3520451],[126.6999616,37.3520573],[126.6999543,37.3520699],[126.6999492,37.3520831],[126.6999461,37.3520957],[126.6999454,37.3521074],[126.6999465,37.352118],[126.6999497,37.3521278],[126.6999557,37.3521369],[126.6999642,37.3521441],[126.6999727,37.3521516],[126.6999795,37.3521613],[126.6999827,37.3521726],[126.6999808,37.3521851],[126.6999748,37.3521986],[126.6999675,37.3522133],[126.6999602,37.3522297],[126.6999537,37.3522473],[126.6999485,37.3522665],[126.6999456,37.3522868],[126.6999451,37.352308],[126.6999462,37.3523292],[126.6999481,37.3523488],[126.699951,37.352366],[126.6999551,37.3523814],[126.6999603,37.3523953],[126.6999666,37.3524081],[126.6999739,37.3524203],[126.6999823,37.3524321],[126.6999926,37.3524434],[126.7,37.352449],[126.7000106,37.3524526],[126.7000346,37.352457],[126.7000827,37.3524685],[126.7001458,37.3524808],[126.7001828,37.3524866],[126.7002376,37.3524831],[126.7002981,37.3524702],[126.7003597,37.3524425],[126.7004182,37.3524166],[126.7004531,37.3523786],[126.7005368,37.3523185],[126.7006465,37.3522398],[126.7006508,37.3522369],[126.7008108,37.3521309],[126.7008611,37.3520977],[126.7009617,37.3520438],[126.7010532,37.3519438],[126.7011034,37.351907],[126.70114,37.3518921],[126.7012659,37.3517537],[126.7012765,37.351742],[126.7013337,37.3516947],[126.7015625,37.3515208],[126.7016039,37.3514944],[126.7016252,37.3514839],[126.7016736,37.3514706],[126.7017168,37.3514632],[126.7017721,37.3514494],[126.7018304,37.3514206],[126.7019675,37.351319],[126.7020996,37.3511834],[126.7021374,37.3511446],[126.7023876,37.350976],[126.7024393,37.3509476],[126.7024733,37.3509343],[126.7026673,37.3509119],[126.7026881,37.3509116],[126.7031995,37.3512502],[126.7032052,37.3512729],[126.7032992,37.3512821],[126.7033527,37.3516706],[126.7041857,37.3521584],[126.7042056,37.35217],[126.7042498,37.352196],[126.7053478,37.3528389],[126.7061709,37.3533208],[126.7067147,37.3536393],[126.7072931,37.3539779],[126.7076269,37.3541733],[126.7075206,37.3543212],[126.7076751,37.3543653],[126.7079426,37.3545742],[126.7081615,37.3549052],[126.7082177,37.3553009],[126.708448,37.3558831],[126.7085931,37.3560289],[126.708778,37.3561438],[126.7089957,37.3563835],[126.7091405,37.3565429],[126.7093182,37.3566316],[126.7096221,37.3569427],[126.7097505,37.3571135],[126.7100426,37.3574416],[126.7102662,37.3575938],[126.7105553,37.3575709],[126.7107925,37.3577144],[126.7108908,37.3577642],[126.7109785,37.3578086],[126.7110947,37.3578198],[126.7112176,37.3576992],[126.7114319,37.3577322],[126.7115617,37.3578791],[126.71172,37.3578694],[126.7119442,37.35778],[126.7123504,37.3577889],[126.7126006,37.3579673],[126.7126744,37.3579337],[126.7127695,37.3575433],[126.7128173,37.3573888],[126.712887,37.3572708],[126.712993,37.3571774],[126.713009,37.3569328],[126.7130224,37.3567277],[126.7130229,37.3567207],[126.7130239,37.3567067],[126.7130251,37.3566882],[126.7131116,37.3564234],[126.7131211,37.3563942],[126.714473,37.3571791],[126.7147516,37.3573409],[126.7152526,37.3576317],[126.7157478,37.3579192],[126.7160528,37.3580963],[126.7163153,37.3582487],[126.7166108,37.3584203],[126.7169053,37.3585912],[126.7170925,37.3586999],[126.7170931,37.3587002],[126.7173449,37.3588464],[126.7180003,37.3592269],[126.7183503,37.3594301],[126.7185172,37.359527],[126.7185961,37.3595726],[126.7193321,37.3599982],[126.719603,37.3601548],[126.7203158,37.360567],[126.7212233,37.3610916],[126.7212418,37.3610806]]]]}},{"type":"Feature","properties":{"id":"jeongwangbon","name":"정왕본동","data_area_id":"jeongwangbon","adm_cd":"31150640","source":"경기도 시흥시 행정동경계_20250610 (공공데이터포털 15104305)","source_standard_date":"20230801"},"geometry":{"type":"Polygon","coordinates":[[[126.748715,37.3751527],[126.7493743,37.375054],[126.7497316,37.3750581],[126.7501855,37.3750761],[126.7503307,37.3751121],[126.750772,37.375202],[126.7508181,37.3752102],[126.750924,37.3752291],[126.7515123,37.3754849],[126.7528161,37.3750665],[126.7528674,37.37505],[126.7528796,37.3750524],[126.7529317,37.3750607],[126.7529335,37.375061],[126.7536272,37.3751716],[126.7536661,37.3751702],[126.7545575,37.3751232],[126.755096,37.3750953],[126.7554419,37.3750752],[126.7560375,37.37504],[126.7567979,37.3750014],[126.7568243,37.3749954],[126.7568833,37.3749742],[126.7574758,37.3747614],[126.757827,37.3746327],[126.7578483,37.374544],[126.7579071,37.3742994],[126.7584382,37.3739883],[126.7586963,37.3738326],[126.7592084,37.3735708],[126.75952,37.3732488],[126.7599636,37.3734691],[126.760028,37.3734754],[126.760124,37.373484],[126.7602373,37.3734969],[126.7605129,37.3735282],[126.760647,37.3733491],[126.7607975,37.3731484],[126.7608191,37.3731195],[126.7609753,37.3729734],[126.7616698,37.3723862],[126.7618747,37.3722092],[126.7616637,37.3718901],[126.7612325,37.3716483],[126.7608142,37.3715779],[126.7602372,37.3716496],[126.7597791,37.3714115],[126.7593311,37.3706756],[126.759214,37.3704813],[126.7591996,37.3704575],[126.7591815,37.3704274],[126.7591566,37.3703861],[126.7591613,37.3703773],[126.7592062,37.3702942],[126.7593593,37.370135],[126.7594434,37.3700636],[126.7595212,37.3699616],[126.759563,37.3699069],[126.7596691,37.3698706],[126.7597561,37.3697914],[126.75961,37.3697093],[126.7595891,37.3694506],[126.7594232,37.3692182],[126.7592941,37.3688323],[126.7590475,37.3688704],[126.7585961,37.368605],[126.7588764,37.3685365],[126.7592786,37.3684383],[126.7596156,37.3684539],[126.7601066,37.3684862],[126.7601589,37.3684897],[126.760241,37.3685082],[126.7603096,37.3685199],[126.7603345,37.3685279],[126.7604794,37.3684489],[126.7605322,37.3684132],[126.7606552,37.3683416],[126.7610801,37.3680945],[126.7611987,37.3680255],[126.7613164,37.3679498],[126.7613788,37.3678397],[126.7613832,37.3677917],[126.761457,37.3677197],[126.761491,37.3677183],[126.7615855,37.367605],[126.7615416,37.3675583],[126.7615112,37.3675376],[126.7615305,37.3675117],[126.7616056,37.3673768],[126.7617016,37.3672531],[126.7617208,37.3672201],[126.7618113,37.3670767],[126.7618335,37.3670359],[126.7619451,37.3668305],[126.7619724,37.3667771],[126.7620225,37.3666788],[126.762058,37.3666094],[126.7620644,37.3665937],[126.7620941,37.3665204],[126.7620932,37.36652],[126.762085,37.366516],[126.7621679,37.3663809],[126.762192,37.3663416],[126.7622359,37.3662608],[126.7623455,37.3660674],[126.7624046,37.3659599],[126.7624207,37.3659301],[126.762489,37.3658031],[126.7623982,37.3657659],[126.7624001,37.3657617],[126.7624088,37.3657427],[126.7623065,37.3657131],[126.7622796,37.3656958],[126.7622088,37.3654425],[126.7621301,37.365161],[126.7625139,37.3647365],[126.762726,37.3645021],[126.7627497,37.3644759],[126.7627735,37.3644495],[126.7627779,37.3644447],[126.7628944,37.3643158],[126.7629057,37.3643032],[126.7628166,37.3640569],[126.762806,37.3640324],[126.7626515,37.3636732],[126.7624552,37.3635648],[126.7623762,37.3635212],[126.7623253,37.3634931],[126.7622017,37.3634248],[126.7619358,37.3631435],[126.7620957,37.3624896],[126.7624484,37.3618314],[126.7629494,37.3615955],[126.7630056,37.361569],[126.763127,37.3615146],[126.7632156,37.3614647],[126.7636002,37.3612304],[126.7636171,37.3611845],[126.7638251,37.3608592],[126.7638377,37.3608357],[126.7638552,37.3607986],[126.7639071,37.3607056],[126.7639302,37.3606642],[126.763939,37.3606485],[126.7639856,37.3605766],[126.7639994,37.3605554],[126.7639688,37.3601764],[126.763941,37.3598286],[126.7639352,37.359757],[126.7638583,37.3594007],[126.763795,37.3591079],[126.7637715,37.3590049],[126.7637642,37.3589735],[126.7637454,37.3588917],[126.7637935,37.3584597],[126.7638178,37.3582425],[126.7638209,37.3582144],[126.7638004,37.3581555],[126.7636602,37.3577532],[126.763655,37.3577383],[126.7636878,37.3577251],[126.7637333,37.357708],[126.7638034,37.3576872],[126.763982,37.3576343],[126.7640245,37.3576239],[126.7642163,37.3575971],[126.7643066,37.3575772],[126.7644007,37.3575564],[126.7645786,37.3575136],[126.7646707,37.3574912],[126.7647031,37.3574862],[126.7647319,37.3574826],[126.7647653,37.3574784],[126.7650383,37.3574518],[126.7651022,37.3574372],[126.7653066,37.3573689],[126.765453,37.3573241],[126.7655198,37.3573054],[126.7655434,37.3572904],[126.7655578,37.3572813],[126.7655058,37.3572155],[126.7654498,37.3571532],[126.7653544,37.3570492],[126.7653407,37.3570342],[126.765338,37.3570282],[126.7653177,37.3569833],[126.7653204,37.3569665],[126.7653775,37.3566264],[126.7653985,37.3566028],[126.7654285,37.3564956],[126.765445,37.3563632],[126.7654447,37.3562393],[126.7654535,37.3561686],[126.7654738,37.3561225],[126.765595,37.3559551],[126.7655842,37.3559519],[126.7656402,37.3558669],[126.7656454,37.355833],[126.7656349,37.3557988],[126.7656263,37.3557583],[126.7656184,37.3556956],[126.7656223,37.3556671],[126.7656246,37.3556188],[126.7656365,37.3555329],[126.7656467,37.3554879],[126.765661,37.3554316],[126.7656784,37.3553743],[126.7656904,37.355341],[126.7657246,37.3552831],[126.765757,37.3552352],[126.7658241,37.3551229],[126.765849,37.3550822],[126.7658639,37.3550578],[126.7658791,37.3550147],[126.7658955,37.3549679],[126.7659188,37.3549144],[126.7659439,37.3548409],[126.7659611,37.3548055],[126.7659614,37.354805],[126.7659966,37.3547615],[126.7660422,37.3547166],[126.7660726,37.3546944],[126.766105,37.3546811],[126.7661941,37.3546963],[126.766243,37.3546798],[126.7662597,37.3546704],[126.7663133,37.3546328],[126.7663846,37.3545824],[126.7664249,37.3545402],[126.7664708,37.354481],[126.7664722,37.3544776],[126.7664929,37.3544279],[126.7665262,37.3543467],[126.7665608,37.354285],[126.7665872,37.3542392],[126.7665894,37.3542222],[126.7665925,37.3541543],[126.766591,37.3541033],[126.7666522,37.3540959],[126.7666651,37.3540798],[126.7666965,37.3540269],[126.7667583,37.353964],[126.7668075,37.3539238],[126.7668495,37.3538905],[126.7668937,37.3538594],[126.7669958,37.3537929],[126.7670373,37.3537656],[126.7670801,37.3537335],[126.7671573,37.3536707],[126.7672032,37.3536427],[126.7672536,37.3536197],[126.7673121,37.3535952],[126.767358,37.3535699],[126.7674477,37.3535503],[126.7674763,37.3535484],[126.7675252,37.3535524],[126.7675822,37.3535614],[126.7676181,37.3535608],[126.7676614,37.3535542],[126.7677613,37.3535285],[126.7677892,37.3535213],[126.7678589,37.3535179],[126.7678925,37.3535156],[126.7679414,37.3534997],[126.7679835,37.3534785],[126.768045,37.353436],[126.7680879,37.3533922],[126.7681172,37.3533597],[126.7681493,37.3533243],[126.7681956,37.3532679],[126.7682082,37.3532527],[126.7682241,37.3532344],[126.768316,37.3532926],[126.7683456,37.3533132],[126.7683976,37.3533535],[126.7684298,37.3533766],[126.7684891,37.3534099],[126.7685977,37.3534518],[126.7686724,37.3534596],[126.7687167,37.3534379],[126.7687446,37.3534243],[126.7687901,37.3533955],[126.768839,37.3533572],[126.7688871,37.3533182],[126.7689638,37.3532557],[126.7689919,37.3532364],[126.7690511,37.3532099],[126.7691033,37.3531869],[126.7691423,37.3531707],[126.7692349,37.3531163],[126.7693045,37.3530834],[126.7693432,37.3530464],[126.7693659,37.3529486],[126.7693806,37.3528916],[126.769396,37.3528367],[126.7694133,37.3527765],[126.7694298,37.3527263],[126.7694442,37.3526858],[126.7694582,37.3525598],[126.7694616,37.3525154],[126.7694829,37.3524643],[126.7695119,37.3524222],[126.7695894,37.3523607],[126.7696552,37.3523384],[126.7697165,37.3523164],[126.7698039,37.3522584],[126.7699416,37.3521161],[126.7699809,37.35207],[126.769981,37.3520695],[126.7700013,37.351997],[126.77003,37.3518852],[126.7700401,37.3517526],[126.7700064,37.3516155],[126.7700046,37.3515727],[126.770004,37.3515466],[126.7699548,37.3514748],[126.7699053,37.3513972],[126.7698598,37.3513377],[126.7698522,37.3513277],[126.7698417,37.3513171],[126.7698033,37.3512771],[126.7697565,37.3511952],[126.7697406,37.3510988],[126.7697572,37.3510521],[126.7697748,37.3510254],[126.7698614,37.3509239],[126.7699086,37.3508923],[126.7699331,37.3508687],[126.769967,37.3508246],[126.76999,37.3506953],[126.7699789,37.3506314],[126.769965,37.3505818],[126.7698985,37.3505023],[126.7698683,37.3504259],[126.7698658,37.3503368],[126.7698776,37.3502548],[126.769921,37.3501187],[126.7699607,37.3500588],[126.7699843,37.3500095],[126.7699883,37.3499156],[126.7699792,37.3498721],[126.7699834,37.3497933],[126.7699798,37.3496152],[126.769991,37.3494716],[126.7699723,37.3493245],[126.7699725,37.3493031],[126.7699757,37.3492838],[126.7699829,37.3491709],[126.7699901,37.3491264],[126.7700323,37.3490212],[126.7700534,37.3489635],[126.7700694,37.3489073],[126.7700593,37.3488417],[126.77004,37.3488114],[126.770008,37.3487683],[126.7699797,37.3487374],[126.7699596,37.3487057],[126.7699056,37.3486603],[126.7698867,37.3485985],[126.769875,37.3485379],[126.7698679,37.3484803],[126.7698672,37.3484259],[126.7698708,37.3483694],[126.7698871,37.3483137],[126.7699011,37.3482606],[126.7698939,37.3482117],[126.7698843,37.348179],[126.7698458,37.3481229],[126.7698207,37.3480984],[126.7697751,37.3480599],[126.7697243,37.3480186],[126.769671,37.3479484],[126.7696542,37.3478998],[126.7696386,37.3478405],[126.7696218,37.3477312],[126.7696206,37.3476896],[126.7696194,37.347582],[126.7696106,37.3475246],[126.7695786,37.3474743],[126.7695362,37.3474204],[126.7694952,37.3473916],[126.7694668,37.3473696],[126.7694283,37.3473553],[126.7693744,37.3473353],[126.7693276,37.3473273],[126.7692978,37.3473223],[126.7691977,37.3473132],[126.7691373,37.3473092],[126.7690628,37.3473039],[126.7690381,37.3472993],[126.7690014,37.3472925],[126.7689365,37.3472806],[126.7688621,37.3472689],[126.7687942,37.3472489],[126.7687284,37.3472251],[126.7686903,37.3472091],[126.7686556,37.3472011],[126.7685772,37.3471919],[126.768452,37.3471798],[126.7682962,37.3471995],[126.7681814,37.3472012],[126.7681571,37.3471971],[126.7681553,37.3470698],[126.7681673,37.3470178],[126.7681811,37.3469432],[126.7682182,37.3468255],[126.7682371,37.3467636],[126.7682579,37.3467082],[126.7682943,37.346653],[126.7682911,37.346579],[126.7683098,37.3465371],[126.7683394,37.3464958],[126.7684156,37.3464139],[126.7684432,37.3463898],[126.7684923,37.3463485],[126.7685514,37.3462925],[126.7685773,37.3462703],[126.768674,37.3462],[126.7686978,37.3461793],[126.7688281,37.3460523],[126.7688675,37.3460065],[126.7688027,37.3459763],[126.7687832,37.3459614],[126.7687695,37.3459446],[126.7687174,37.3458851],[126.768616,37.3457939],[126.7685401,37.3457332],[126.7685069,37.3457024],[126.7684829,37.3456717],[126.7684589,37.3456155],[126.7684373,37.3456214],[126.7683531,37.3456631],[126.7682677,37.345715],[126.7682508,37.3457227],[126.7682217,37.3457245],[126.768197,37.3457129],[126.7679939,37.3455862],[126.7679159,37.3455454],[126.7678174,37.3454894],[126.7677565,37.3454815],[126.767694,37.3454544],[126.7676122,37.3454363],[126.7676104,37.3454359],[126.7675686,37.3454267],[126.7674002,37.3454056],[126.7673262,37.3453962],[126.7672813,37.3453673],[126.7672592,37.3453033],[126.767266,37.3452251],[126.7670972,37.3449272],[126.7670965,37.3447519],[126.7670736,37.3447152],[126.7670637,37.3445705],[126.7670604,37.3445332],[126.7669917,37.344389],[126.7669797,37.3443456],[126.7669044,37.3440507],[126.7669074,37.3439369],[126.7670112,37.3436924],[126.7669968,37.3436105],[126.7670575,37.3434909],[126.7670865,37.3434254],[126.7671061,37.3433746],[126.7671287,37.3433091],[126.7671572,37.3432065],[126.7671704,37.343168],[126.7672219,37.3430455],[126.7672592,37.3429781],[126.7672291,37.3427733],[126.7672057,37.3427286],[126.7672053,37.3427265],[126.767205,37.3427247],[126.7672041,37.3427195],[126.7671777,37.3427181],[126.7671391,37.3427161],[126.7670957,37.3427139],[126.7669717,37.3426686],[126.7666558,37.3426229],[126.7664979,37.3425956],[126.7662612,37.342514],[126.7660808,37.3424596],[126.7659005,37.3423962],[126.7655845,37.3423775],[126.7654717,37.3423683],[126.765404,37.3423681],[126.7653567,37.3423832],[126.7653555,37.3423836],[126.7653475,37.342386],[126.7653285,37.3423891],[126.765291,37.3423949],[126.765133,37.3424307],[126.7650512,37.3424595],[126.7650313,37.3424665],[126.7650283,37.3424659],[126.7649523,37.3424483],[126.7648847,37.3424302],[126.7648396,37.3424121],[126.7647833,37.3423759],[126.7647383,37.3423398],[126.7647158,37.3423127],[126.7645694,37.3421953],[126.7645583,37.3421592],[126.7645584,37.3421052],[126.7645585,37.3420781],[126.7645473,37.3420601],[126.7645248,37.342042],[126.764491,37.3420149],[126.7644347,37.3419878],[126.7642995,37.3419154],[126.7641645,37.34178],[126.7640745,37.3416897],[126.763978,37.3416063],[126.7639282,37.3415633],[126.7638944,37.3415272],[126.7637932,37.3414279],[126.7634667,37.3411659],[126.763388,37.3410846],[126.7633206,37.3409944],[126.763268,37.3409605],[126.7632643,37.3409583],[126.7632576,37.3409529],[126.7632192,37.3409221],[126.7631855,37.340895],[126.7631517,37.3408589],[126.7631347,37.3408383],[126.7631292,37.3408318],[126.7631261,37.3408304],[126.7631067,37.3408228],[126.7630746,37.3408292],[126.7630615,37.3408317],[126.7630407,37.3408339],[126.7629825,37.3408405],[126.7628724,37.3408668],[126.7627566,37.3408942],[126.7624632,37.3409206],[126.7624566,37.3409189],[126.7624293,37.3409115],[126.7623955,37.3409024],[126.7623883,37.340899],[126.7623392,37.3408753],[126.7622934,37.3408662],[126.7622489,37.3408571],[126.7622336,37.340861],[126.7622151,37.340866],[126.7621951,37.3408739],[126.7621698,37.340884],[126.7621603,37.3408896],[126.7621246,37.3409109],[126.7620568,37.3409378],[126.7619891,37.3409467],[126.7619214,37.3409555],[126.7617971,37.3409823],[126.7617869,37.3409823],[126.7617746,37.3409823],[126.7617182,37.3409822],[126.7616369,37.3409713],[126.7615828,37.3409639],[126.7615617,37.3409571],[126.7615264,37.3409457],[126.7614767,37.3409507],[126.7614361,37.3409546],[126.7613913,37.340955],[126.7613797,37.340955],[126.7613769,37.340955],[126.7613631,37.340955],[126.7613007,37.3409543],[126.7612556,37.3409542],[126.7612443,37.3409542],[126.7612236,37.3409555],[126.7612197,37.3409558],[126.7611201,37.3409629],[126.7610568,37.3409712],[126.7609382,37.3409868],[126.7609169,37.3409895],[126.7608835,37.3409984],[126.7608491,37.3410074],[126.7607926,37.3410343],[126.7607474,37.3410613],[126.7606456,37.3411332],[126.7606382,37.3411331],[126.7606351,37.3411331],[126.7606239,37.3411331],[126.7606117,37.3411331],[126.7606005,37.341124],[126.7604542,37.3410066],[126.7604522,37.3410035],[126.760398,37.3409164],[126.76033,37.3408003],[126.7603082,37.340763],[126.7601127,37.3405447],[126.7600621,37.3404883],[126.7600596,37.3404855],[126.760056,37.3404814],[126.7600496,37.3404742],[126.7597384,37.3401486],[126.7597103,37.340119],[126.7596504,37.3400564],[126.7594198,37.3398152],[126.7593455,37.3397391],[126.7593245,37.3397176],[126.7590116,37.3393971],[126.7589979,37.3393831],[126.7583492,37.3387186],[126.7581241,37.3384881],[126.7581232,37.3384886],[126.7581228,37.3384888],[126.7581224,37.338489],[126.758122,37.3384886],[126.7581188,37.3384853],[126.7579833,37.3385691],[126.7577948,37.3386856],[126.7573314,37.338972],[126.7565411,37.3394604],[126.7560725,37.3397501],[126.75602,37.3397825],[126.755987,37.3398029],[126.7550427,37.3403865],[126.755029,37.340395],[126.75485,37.3405056],[126.7548343,37.3405153],[126.7548267,37.34052],[126.7540605,37.3409935],[126.7540596,37.3409941],[126.7540592,37.3409943],[126.7539299,37.3410742],[126.7534652,37.3413614],[126.7529985,37.3416498],[126.7529808,37.3416607],[126.752977,37.3416631],[126.7529716,37.3416664],[126.7529713,37.3416666],[126.7520682,37.3422247],[126.7520301,37.3422482],[126.7515384,37.342552],[126.7512059,37.3427575],[126.7512048,37.3427582],[126.7507954,37.3430112],[126.7507949,37.3430115],[126.7507884,37.3430155],[126.7507864,37.3430167],[126.7499395,37.3435401],[126.7499204,37.3435519],[126.7499091,37.3435589],[126.7497789,37.3436396],[126.7497763,37.3436412],[126.7497237,37.3436738],[126.7494733,37.343829],[126.7491063,37.3440564],[126.7490999,37.3440604],[126.7488789,37.3441974],[126.748864,37.3442066],[126.7483852,37.3445033],[126.7479054,37.3448007],[126.7479014,37.3448031],[126.7478981,37.3448052],[126.7478885,37.3448111],[126.7478765,37.3448186],[126.7478759,37.3448189],[126.7472409,37.3452125],[126.7472359,37.3452156],[126.7469342,37.3454026],[126.7467159,37.345538],[126.7466926,37.3455522],[126.7466888,37.3455546],[126.7466863,37.3455562],[126.7466501,37.3455786],[126.7466421,37.3455835],[126.7464891,37.3456784],[126.7463632,37.3457564],[126.7460292,37.3459634],[126.7460229,37.3459673],[126.7460127,37.3459736],[126.7459196,37.3460313],[126.7453228,37.3464011],[126.7451688,37.3464961],[126.7450782,37.3465519],[126.7450737,37.3465547],[126.7450726,37.3465554],[126.7443809,37.3469819],[126.7441179,37.3471441],[126.7441011,37.3471545],[126.743223,37.3476959],[126.7432203,37.3476976],[126.7431957,37.3477128],[126.7422811,37.3482767],[126.7422788,37.3482781],[126.7422677,37.348285],[126.7422603,37.3482895],[126.7411848,37.3489527],[126.7409272,37.3491153],[126.7409148,37.3491232],[126.7407808,37.3492078],[126.7405886,37.3493292],[126.7405663,37.3493433],[126.7401749,37.3495904],[126.7397372,37.3498669],[126.7397234,37.3498756],[126.7394847,37.3500263],[126.7393765,37.3500896],[126.7393593,37.3500997],[126.7395432,37.3502915],[126.7397579,37.3505154],[126.739775,37.3505333],[126.7406054,37.3513991],[126.7407042,37.3515021],[126.7407353,37.3515346],[126.7407155,37.3515418],[126.7407007,37.3515472],[126.7406267,37.3515742],[126.7402079,37.3517098],[126.7400128,37.351773],[126.7399581,37.3517908],[126.7396751,37.3518824],[126.7395981,37.351924],[126.7395715,37.3519383],[126.7391241,37.3521796],[126.7390567,37.3522159],[126.7390081,37.3522421],[126.7388985,37.3523012],[126.7386459,37.3524741],[126.7384568,37.3526035],[126.7382033,37.3528151],[126.7379918,37.3529916],[126.7377496,37.3531937],[126.7376268,37.3532867],[126.7376227,37.3532898],[126.7375854,37.3533181],[126.737402,37.353457],[126.7372524,37.3536399],[126.7372217,37.3536774],[126.7370127,37.3539713],[126.7369284,37.3542264],[126.7369147,37.3542677],[126.736861,37.3544305],[126.7364916,37.3554526],[126.736603,37.3555675],[126.7365675,37.35567],[126.7365488,37.355724],[126.7363063,37.3564251],[126.7362117,37.3566983],[126.7361169,37.3569726],[126.7360267,37.3572331],[126.7359389,37.3574869],[126.7357075,37.3581559],[126.7356628,37.358294],[126.7356363,37.3583893],[126.7356241,37.3584333],[126.7355913,37.3585735],[126.7355645,37.3587146],[126.7355461,37.3588408],[126.7355438,37.3588563],[126.7355291,37.3589985],[126.7355206,37.359141],[126.7355196,37.3591953],[126.735518,37.3592837],[126.7355216,37.3594263],[126.7355241,37.3594636],[126.7355312,37.3595688],[126.7355469,37.3597109],[126.7355576,37.3597806],[126.7355687,37.3598525],[126.7356507,37.3602769],[126.7356926,37.36034],[126.7361592,37.3600775],[126.736163,37.360109],[126.7361738,37.3602001],[126.7362529,37.3604192],[126.7362745,37.3604792],[126.7363271,37.3606248],[126.736343,37.3606686],[126.736583,37.3610346],[126.7366177,37.3610873],[126.7369038,37.3615231],[126.7369272,37.3615587],[126.736935,37.3615706],[126.7369377,37.3615748],[126.7370112,37.3616866],[126.7371997,37.361974],[126.7373626,37.3621853],[126.7373734,37.3621993],[126.737645,37.3625517],[126.7384478,37.3635934],[126.7384531,37.3636003],[126.7384651,37.3636159],[126.7384685,37.3636203],[126.7384747,37.3636284],[126.7384778,37.3636324],[126.7387436,37.3639773],[126.7387601,37.3639987],[126.7394369,37.3648769],[126.7394437,37.3648856],[126.7398124,37.365364],[126.7398128,37.365365],[126.7398205,37.3653822],[126.7400113,37.3660168],[126.7400228,37.3660902],[126.7400408,37.3662057],[126.7400469,37.366245],[126.7398003,37.3663733],[126.7397946,37.3663916],[126.7395844,37.3663336],[126.7395017,37.3663615],[126.7393098,37.3664263],[126.7381708,37.3668109],[126.7372308,37.3671282],[126.7368105,37.3672701],[126.7361221,37.3675025],[126.7356758,37.3676532],[126.7345867,37.3680208],[126.7345714,37.3681282],[126.7346048,37.3681475],[126.7343641,37.3682272],[126.7342741,37.368257],[126.734187,37.368266],[126.7341084,37.3682677],[126.7340277,37.3682592],[126.734177,37.3683455],[126.7346119,37.3685966],[126.7344717,37.3687593],[126.7347232,37.3688988],[126.7348673,37.3687442],[126.7350678,37.36886],[126.7354409,37.3690755],[126.7355593,37.3691437],[126.7356759,37.3692138],[126.7357908,37.3692857],[126.7359076,37.3693647],[126.7359381,37.3693869],[126.7360208,37.3694469],[126.7361301,37.3695324],[126.7362355,37.369621],[126.7362944,37.3696741],[126.7363369,37.3697125],[126.7364343,37.3698068],[126.7365271,37.369904],[126.7366112,37.3699966],[126.7366904,37.370092],[126.7367647,37.3701899],[126.7368276,37.3702794],[126.736823,37.3702882],[126.7368289,37.3703666],[126.737535,37.3714931],[126.7376663,37.3717024],[126.737778,37.3718807],[126.7379715,37.3721894],[126.738047,37.3723109],[126.73814,37.3724607],[126.7382415,37.3726243],[126.7385328,37.3730929],[126.7389812,37.3738144],[126.7390135,37.3739084],[126.7390567,37.3738826],[126.7390678,37.373876],[126.7392544,37.3737644],[126.7395089,37.3736123],[126.7395095,37.3736119],[126.7395699,37.3735782],[126.7399243,37.3733743],[126.7399168,37.3732663],[126.7400621,37.37325],[126.7400732,37.3732885],[126.7407619,37.3728836],[126.7407827,37.3728709],[126.740819,37.3728834],[126.7408438,37.3728912],[126.7408768,37.3729018],[126.740916,37.372878],[126.74092,37.3728764],[126.7410857,37.3728073],[126.7411,37.3728013],[126.7412432,37.3727417],[126.7414324,37.3731371],[126.741582,37.3734869],[126.7415896,37.3735046],[126.7415967,37.3736026],[126.7416239,37.3736908],[126.7416301,37.3737622],[126.7416251,37.3737878],[126.7416638,37.3738212],[126.7421743,37.3741518],[126.7422044,37.3741732],[126.7422297,37.3741894],[126.7422548,37.3741997],[126.742442,37.3742763],[126.7424741,37.3742888],[126.7429599,37.3745989],[126.7436527,37.3750345],[126.7440372,37.3751745],[126.7445786,37.3752011],[126.7447033,37.3752045],[126.7452034,37.3753131],[126.7456905,37.3754188],[126.7458578,37.3754552],[126.7460173,37.375468],[126.7463079,37.3755232],[126.7465888,37.3757468],[126.7467553,37.3758793],[126.7472499,37.3758734],[126.7477724,37.3755967],[126.7477974,37.3755835],[126.7482166,37.3753477],[126.7484626,37.3751905],[126.748715,37.3751527]]]}},{"type":"Feature","properties":{"id":"jeongwang1","name":"정왕1동","data_area_id":"jeongwang1","adm_cd":"31150650","source":"경기도 시흥시 행정동경계_20250610 (공공데이터포털 15104305)","source_standard_date":"20230801"},"geometry":{"type":"Polygon","coordinates":[[[126.7392395,37.3501607],[126.7393513,37.3500916],[126.7393593,37.3500997],[126.7393765,37.3500896],[126.7394847,37.3500263],[126.7397234,37.3498756],[126.7397372,37.3498669],[126.7401749,37.3495904],[126.7405663,37.3493433],[126.7405886,37.3493292],[126.7407808,37.3492078],[126.7409148,37.3491232],[126.7409272,37.3491153],[126.7411848,37.3489527],[126.7422603,37.3482895],[126.7422677,37.348285],[126.7422788,37.3482781],[126.7422811,37.3482767],[126.7431957,37.3477128],[126.7432203,37.3476976],[126.743223,37.3476959],[126.7441011,37.3471545],[126.7441179,37.3471441],[126.7443809,37.3469819],[126.7450726,37.3465554],[126.7450737,37.3465547],[126.7450782,37.3465519],[126.7451688,37.3464961],[126.7453228,37.3464011],[126.7459196,37.3460313],[126.7460127,37.3459736],[126.7460229,37.3459673],[126.7460292,37.3459634],[126.7463632,37.3457564],[126.7464891,37.3456784],[126.7466421,37.3455835],[126.7466501,37.3455786],[126.7466863,37.3455562],[126.7466888,37.3455546],[126.7466926,37.3455522],[126.7467159,37.345538],[126.7469342,37.3454026],[126.7472359,37.3452156],[126.7472409,37.3452125],[126.7478759,37.3448189],[126.7478765,37.3448186],[126.7478885,37.3448111],[126.7478981,37.3448052],[126.7479014,37.3448031],[126.7479054,37.3448007],[126.7483852,37.3445033],[126.748864,37.3442066],[126.7488789,37.3441974],[126.7490999,37.3440604],[126.7491063,37.3440564],[126.7494733,37.343829],[126.7497237,37.3436738],[126.7497763,37.3436412],[126.7497789,37.3436396],[126.7499091,37.3435589],[126.7499204,37.3435519],[126.7499395,37.3435401],[126.7507864,37.3430167],[126.7507884,37.3430155],[126.7507949,37.3430115],[126.7507954,37.3430112],[126.7512048,37.3427582],[126.7512059,37.3427575],[126.7515384,37.342552],[126.7520301,37.3422482],[126.7520682,37.3422247],[126.7529713,37.3416666],[126.7529716,37.3416664],[126.752977,37.3416631],[126.7529808,37.3416607],[126.7529985,37.3416498],[126.7534652,37.3413614],[126.7539299,37.3410742],[126.7540592,37.3409943],[126.7540596,37.3409941],[126.7540605,37.3409935],[126.7548267,37.34052],[126.7548343,37.3405153],[126.75485,37.3405056],[126.755029,37.340395],[126.7550427,37.3403865],[126.755987,37.3398029],[126.75602,37.3397825],[126.7560725,37.3397501],[126.7565411,37.3394604],[126.7573314,37.338972],[126.7577948,37.3386856],[126.7579833,37.3385691],[126.7581188,37.3384853],[126.758122,37.3384886],[126.7581224,37.338489],[126.7581228,37.3384888],[126.7581232,37.3384886],[126.7581241,37.3384881],[126.758118,37.3384819],[126.7579147,37.3382736],[126.7579124,37.3382713],[126.7579065,37.3382659],[126.7578971,37.3382572],[126.7578338,37.3381991],[126.7577663,37.3381359],[126.7576875,37.3380726],[126.7576613,37.3380515],[126.7576088,37.3380094],[126.7576066,37.3380077],[126.757599,37.3380016],[126.7574536,37.3379099],[126.7569864,37.3376488],[126.7563763,37.337327],[126.7562432,37.3372567],[126.7561088,37.3371805],[126.7556286,37.336908],[126.7550846,37.336614],[126.7540088,37.3360327],[126.7537001,37.3358659],[126.7535387,37.3357812],[126.7533506,37.3356824],[126.7531499,37.3355694],[126.7529575,37.3354611],[126.7525301,37.3352204],[126.7524113,37.3351535],[126.7521075,37.3349902],[126.751721,37.3347824],[126.7512913,37.3345514],[126.7510743,37.334432],[126.7507255,37.3342401],[126.7506178,37.3341809],[126.7503708,37.3340423],[126.7502722,37.3339869],[126.7502394,37.3339685],[126.7502145,37.3339543],[126.7500344,37.3338507],[126.7498978,37.3337367],[126.749887,37.3337278],[126.7498522,37.3336987],[126.7498354,37.3336809],[126.7497735,37.3336149],[126.7497188,37.3335568],[126.7496737,37.3334988],[126.749591,37.3333926],[126.7495206,37.3332789],[126.7494721,37.3332006],[126.7494142,37.3330524],[126.7494114,37.333042],[126.7493337,37.332748],[126.7489391,37.3311493],[126.7485639,37.329683],[126.7485416,37.3295923],[126.7480508,37.3275958],[126.7479218,37.327071],[126.7475844,37.3256984],[126.7475622,37.3255812],[126.7475401,37.325464],[126.7475405,37.3253379],[126.7475522,37.3252208],[126.7475638,37.3251036],[126.7475981,37.3249866],[126.7476323,37.3248343],[126.7476325,37.3248335],[126.7472715,37.3247967],[126.7465869,37.3247268],[126.746552,37.3247233],[126.7465497,37.324723],[126.7458532,37.3251534],[126.7454309,37.3254144],[126.7445732,37.3259444],[126.7434026,37.3266677],[126.7403137,37.3285761],[126.7391187,37.3293145],[126.7388567,37.3294763],[126.7388489,37.3294811],[126.7387027,37.3295714],[126.7385579,37.3296617],[126.7385449,37.3296699],[126.7385444,37.3296702],[126.7385413,37.3296669],[126.7369828,37.3280586],[126.7368885,37.3279614],[126.7350639,37.3260784],[126.7349919,37.3260041],[126.7339241,37.3249044],[126.7332012,37.3241597],[126.7331995,37.324158],[126.7331595,37.3241168],[126.7322752,37.3232035],[126.7314291,37.3223297],[126.7313328,37.3222302],[126.7305178,37.3213883],[126.7297392,37.320584],[126.7296974,37.3205408],[126.7294025,37.3202377],[126.7289268,37.3197489],[126.7279632,37.3187587],[126.7279408,37.3187357],[126.7277641,37.3185541],[126.7277355,37.3185245],[126.727003,37.3177663],[126.7265623,37.3173101],[126.7265193,37.3172655],[126.7265179,37.3172641],[126.7262504,37.3169872],[126.726053,37.3167829],[126.7254893,37.3161993],[126.7247272,37.3154104],[126.7247184,37.3154013],[126.7246846,37.3153663],[126.7241039,37.3147761],[126.7240866,37.3147586],[126.723652,37.3150296],[126.7202313,37.3171618],[126.7190781,37.3178806],[126.7179871,37.3185605],[126.7179571,37.3185792],[126.7168242,37.3192726],[126.7122339,37.3220819],[126.7122326,37.3220827],[126.711969,37.322244],[126.711985,37.3222611],[126.7123465,37.3226468],[126.7125842,37.3229003],[126.7125915,37.3229091],[126.7125925,37.3229103],[126.712837,37.3232062],[126.713273,37.3237342],[126.7132822,37.3237443],[126.7132831,37.3237453],[126.7132836,37.3237459],[126.713573,37.3240643],[126.7138911,37.3244143],[126.7139502,37.3244789],[126.7139803,37.3245118],[126.714016,37.3245504],[126.7140201,37.3245549],[126.7140229,37.324558],[126.7142147,37.3247697],[126.7143611,37.3249312],[126.7147542,37.325327],[126.7147641,37.325337],[126.7147653,37.3253382],[126.7151263,37.3257013],[126.7155263,37.3260994],[126.7155841,37.3261566],[126.7156479,37.3262197],[126.7157266,37.3262981],[126.7158608,37.3264318],[126.7158611,37.3264322],[126.7165439,37.3271619],[126.7166771,37.3273104],[126.716686,37.3273203],[126.7167215,37.3273599],[126.716963,37.3276289],[126.7174277,37.32805],[126.7175065,37.3281307],[126.7175163,37.3281407],[126.7175266,37.3281514],[126.7175305,37.3281555],[126.717552,37.3281781],[126.7181167,37.3287565],[126.7182688,37.3289175],[126.7182833,37.3289326],[126.7182883,37.3289379],[126.7183121,37.3289628],[126.7188934,37.3295762],[126.7189842,37.3296681],[126.7190784,37.3297635],[126.7190858,37.3297711],[126.7190861,37.3297714],[126.7190943,37.3297797],[126.719264,37.329952],[126.7193116,37.3300004],[126.7193119,37.3300006],[126.7193562,37.330046],[126.7200334,37.3307398],[126.7200463,37.3307535],[126.7200475,37.3307548],[126.7200494,37.3307569],[126.7200597,37.3307678],[126.72006,37.3307681],[126.7206388,37.3313522],[126.7207078,37.3314232],[126.7209641,37.3316867],[126.7209643,37.3316869],[126.7209761,37.3316995],[126.7209788,37.3317024],[126.7209805,37.3317042],[126.7209864,37.3317105],[126.7211661,37.3318955],[126.721297,37.3320303],[126.7218003,37.3325564],[126.721804,37.3325603],[126.7218104,37.3325669],[126.7220334,37.3328002],[126.7225854,37.3333931],[126.7228031,37.333621],[126.7228055,37.333624],[126.7228094,37.3336289],[126.722813,37.3336318],[126.7228136,37.3336323],[126.7228214,37.3336404],[126.7230879,37.3339192],[126.723585,37.3344439],[126.7237098,37.3345756],[126.7238835,37.3347505],[126.7243382,37.3352084],[126.7246434,37.3355124],[126.7246445,37.3355139],[126.7246469,37.3355169],[126.7246555,37.3355254],[126.7246573,37.3355271],[126.7246861,37.3355554],[126.7248592,37.3357279],[126.7249546,37.3358301],[126.7250823,37.3359668],[126.7252358,37.3361312],[126.725236,37.3361315],[126.7252659,37.3361634],[126.7254395,37.3363491],[126.7255705,37.3364893],[126.7255791,37.3364985],[126.7255794,37.3364988],[126.725652,37.336577],[126.7256801,37.3366061],[126.7257232,37.3366507],[126.7258509,37.3367855],[126.7260753,37.3370223],[126.7261776,37.3371303],[126.7262766,37.3372229],[126.7262779,37.3372241],[126.7262782,37.3372244],[126.7262883,37.3372339],[126.7263036,37.3372483],[126.7265396,37.3374695],[126.7266898,37.3376302],[126.7271775,37.3381518],[126.7274081,37.3383982],[126.7275885,37.3385907],[126.7281937,37.3392119],[126.7282071,37.3392256],[126.7282184,37.3392372],[126.7282204,37.3392393],[126.7282206,37.3392395],[126.7282237,37.3392427],[126.7284103,37.3394343],[126.7289167,37.339939],[126.7299892,37.3410434],[126.729999,37.3410529],[126.7300006,37.3410545],[126.7300032,37.341057],[126.7300159,37.3410703],[126.7300304,37.3410854],[126.7302603,37.3413201],[126.7304068,37.3414698],[126.7309638,37.3420471],[126.7315139,37.3426173],[126.73154,37.3426444],[126.7316656,37.3427751],[126.7316915,37.342802],[126.7324314,37.3435511],[126.7326246,37.3437466],[126.7329033,37.3440267],[126.7329064,37.3440298],[126.7329102,37.3440335],[126.7329105,37.3440338],[126.7332586,37.3443967],[126.7333941,37.344538],[126.733405,37.3445492],[126.7334129,37.3445573],[126.7334132,37.3445577],[126.7334903,37.344638],[126.733864,37.3450278],[126.7343381,37.345521],[126.7343429,37.3455256],[126.7343521,37.3455346],[126.7343524,37.3455349],[126.7343544,37.345537],[126.734285,37.34558],[126.7344102,37.3457081],[126.7344781,37.3456661],[126.7346372,37.3458321],[126.7346412,37.3458363],[126.7352787,37.3464994],[126.7352947,37.3465165],[126.735295,37.3465168],[126.7355073,37.346738],[126.7359106,37.3471581],[126.7359143,37.3471617],[126.7359189,37.347166],[126.735939,37.347187],[126.7360812,37.3473355],[126.7363882,37.3476559],[126.7375341,37.3488486],[126.7375569,37.3488722],[126.7383284,37.3496748],[126.738899,37.3502683],[126.7389608,37.3503326],[126.738961,37.3503328],[126.7389638,37.3503311],[126.738973,37.3503255],[126.7392395,37.3501607]]]}},{"type":"Feature","properties":{"id":"neunggok","name":"능곡동","data_area_id":"neunggok","adm_cd":"31150670","source":"경기도 시흥시 행정동경계_20250610 (공공데이터포털 15104305)","source_standard_date":"20230801"},"geometry":{"type":"Polygon","coordinates":[[[126.8160276,37.3748623],[126.8160304,37.3747936],[126.8160295,37.3745304],[126.8161665,37.3742579],[126.8161147,37.3737664],[126.8162677,37.3732958],[126.8162786,37.3732622],[126.8166023,37.3732045],[126.8170375,37.3731279],[126.8175985,37.3730407],[126.8176737,37.373029],[126.8179897,37.3728032],[126.8179919,37.3727976],[126.8180202,37.3727227],[126.8181189,37.3724611],[126.8182056,37.3722315],[126.8190323,37.3718031],[126.8196849,37.3714768],[126.8199614,37.3713386],[126.8200041,37.3713173],[126.8202831,37.3711778],[126.8203246,37.3711571],[126.8209276,37.3708556],[126.8209759,37.3708315],[126.8206768,37.3706095],[126.8206137,37.3705627],[126.8204534,37.3704885],[126.8204632,37.3703952],[126.8205134,37.369755],[126.8203774,37.3692413],[126.8203716,37.3692193],[126.8203611,37.3691719],[126.8203537,37.369153],[126.8202882,37.368884],[126.8199765,37.3684507],[126.8197169,37.3680896],[126.8196652,37.3680178],[126.8199968,37.3678165],[126.8203056,37.367629],[126.8206711,37.3673828],[126.8207407,37.3673202],[126.8208498,37.3672914],[126.8209632,37.3672759],[126.8210678,37.367252],[126.8210927,37.3672455],[126.821487,37.3671422],[126.8218928,37.3670366],[126.8222932,37.3670792],[126.8224006,37.3671083],[126.8225416,37.3670514],[126.8228514,37.3669335],[126.8239844,37.3665024],[126.8240443,37.3663819],[126.8240958,37.3662782],[126.8242435,37.3659811],[126.8242482,37.3659717],[126.8242805,37.3659066],[126.8242806,37.3659064],[126.8242798,37.3659065],[126.8242684,37.3658949],[126.8240659,37.3656899],[126.8239987,37.3654466],[126.8237396,37.3652119],[126.8237405,37.3648245],[126.8229392,37.3647422],[126.8228359,37.3646918],[126.8221612,37.3643626],[126.821902,37.364173],[126.8214851,37.363866],[126.8212045,37.3632078],[126.8204628,37.3618281],[126.820257,37.3617786],[126.8202512,37.3617771],[126.8202371,37.3617737],[126.820192,37.3617646],[126.8193569,37.3616913],[126.8187149,37.3610686],[126.8187623,37.3601496],[126.8184829,37.3596777],[126.8183351,37.3594281],[126.8182904,37.3592479],[126.8181665,37.3591486],[126.8176933,37.3587784],[126.8176483,37.3587423],[126.8175806,37.3587062],[126.8175354,37.3586684],[126.8175323,37.3586657],[126.8173215,37.3584895],[126.8168261,37.3579842],[126.8166485,37.3578122],[126.8165559,37.3577224],[126.816579,37.3575062],[126.8166406,37.3568226],[126.8166466,37.3567566],[126.8166602,37.3566053],[126.8162334,37.3557487],[126.8162793,37.3554514],[126.8160692,37.3556185],[126.8157025,37.3559101],[126.8153157,37.3562176],[126.8152275,37.3562877],[126.815137,37.3563687],[126.8150444,37.3564782],[126.8146276,37.3569716],[126.8145258,37.3570255],[126.8135433,37.3572221],[126.8130472,37.3570141],[126.8121019,37.3564544],[126.8120931,37.3564492],[126.8120567,37.3564276],[126.8120554,37.3564269],[126.8119907,37.3562708],[126.811932,37.3561293],[126.8118983,37.3560842],[126.8118649,37.3560445],[126.8115599,37.3556812],[126.8115161,37.355629],[126.8115044,37.3556151],[126.8110867,37.3556324],[126.8109286,37.3556862],[126.8105337,37.3556045],[126.8103127,37.3554863],[126.8095193,37.3550622],[126.8092482,37.3551339],[126.8090664,37.3551759],[126.8089771,37.3551965],[126.80874,37.3552502],[126.8083443,37.3554928],[126.8082201,37.3555196],[126.8075424,37.3556897],[126.8065946,37.3546996],[126.806428,37.3545256],[126.8062618,37.3540852],[126.8062374,37.3540207],[126.8062262,37.3540027],[126.8060214,37.3537634],[126.8059819,37.3537172],[126.8058323,37.3535425],[126.805573,37.3534429],[126.8055613,37.3534384],[126.8052685,37.3533253],[126.8052463,37.3531901],[126.8051681,37.3529107],[126.8051787,37.353154],[126.8052009,37.3532982],[126.8047161,37.3530991],[126.8038804,37.3532689],[126.8038804,37.353287],[126.8038774,37.3532925],[126.8036876,37.353647],[126.8027159,37.3540058],[126.8026255,37.3540417],[126.8025013,37.3540865],[126.8024486,37.3541032],[126.8024448,37.3541045],[126.8023318,37.3541493],[126.8022866,37.3541673],[126.8021511,37.3542031],[126.8020495,37.3542119],[126.8017784,37.3542836],[126.8012588,37.3544268],[126.8005712,37.3540743],[126.8003108,37.3544072],[126.7999717,37.3545778],[126.7997013,37.3544062],[126.79969,37.3543971],[126.799135,37.3542616],[126.7990583,37.3542429],[126.7987763,37.3542064],[126.7982234,37.3541333],[126.7981557,37.3541242],[126.7979981,37.3539617],[126.797818,37.3538083],[126.7977505,37.353691],[126.7973107,37.3535731],[126.7968371,37.3534101],[126.796792,37.353392],[126.7962374,37.3539587],[126.7961795,37.3544992],[126.7959983,37.3547152],[126.7956255,37.3548497],[126.7954145,37.3550702],[126.7954227,37.3550805],[126.7954163,37.3550869],[126.7954091,37.355094],[126.795335,37.3552466],[126.7952784,37.355363],[126.7951759,37.355574],[126.7950854,37.3559253],[126.795,37.3562661],[126.795006,37.3562957],[126.7950761,37.3566369],[126.7950896,37.3567023],[126.7951176,37.3568388],[126.7951528,37.3569646],[126.7953432,37.3569708],[126.7955712,37.3569782],[126.796246,37.3574636],[126.7961956,37.3575788],[126.7961886,37.3575947],[126.7961756,37.3576243],[126.7962051,37.3576634],[126.7962433,37.357714],[126.7964593,37.3580008],[126.7967571,37.3575112],[126.797493,37.3563015],[126.7979046,37.3564227],[126.7989588,37.3565464],[126.7989385,37.3566379],[126.7988879,37.3566419],[126.7988132,37.3567556],[126.7988409,37.3568548],[126.7988874,37.3569666],[126.7987802,37.3570122],[126.7985318,37.3571041],[126.7984522,37.3573112],[126.7983595,37.3574529],[126.7983542,37.3574824],[126.7983781,37.3574976],[126.7983514,37.3575777],[126.7985435,37.3577196],[126.7989134,37.3578171],[126.7989494,37.3577295],[126.7989708,37.3577348],[126.7989858,37.3577002],[126.7992849,37.3577799],[126.7993269,37.3576685],[126.7993733,37.3577519],[126.7997807,37.3585285],[126.7997341,37.3588997],[126.7997156,37.3590474],[126.7994429,37.3591834],[126.7992578,37.3592757],[126.7979549,37.3599253],[126.7971271,37.360338],[126.7971027,37.3603502],[126.7970725,37.3603652],[126.7970835,37.3604221],[126.7970867,37.3604388],[126.7971623,37.3608297],[126.7972815,37.3614468],[126.797065,37.3618208],[126.7969659,37.361992],[126.7972957,37.3623053],[126.7973362,37.3623438],[126.7975973,37.3625918],[126.7974666,37.3630041],[126.7974608,37.3631811],[126.7974549,37.3633583],[126.7974545,37.3633709],[126.797453,37.3634146],[126.7974047,37.3635919],[126.7973775,37.3637874],[126.7973671,37.3638618],[126.7974145,37.3642162],[126.7974119,37.3646114],[126.7973953,37.364629],[126.797391,37.3646792],[126.7973333,37.365356],[126.7972714,37.3654884],[126.7971602,37.3657264],[126.7970453,37.3659721],[126.7970887,37.3664779],[126.7971004,37.3670317],[126.7971023,37.3671262],[126.797111,37.3671325],[126.7972517,37.367234],[126.7978991,37.3676759],[126.7981451,37.3679011],[126.7983145,37.3680428],[126.7984152,37.3681588],[126.7984188,37.368163],[126.7984602,37.3682106],[126.7985302,37.3682912],[126.7985418,37.3683735],[126.7985804,37.3686475],[126.7986879,37.3689899],[126.7987257,37.3691011],[126.7987638,37.3692356],[126.7987703,37.3692564],[126.7988726,37.3693983],[126.799138,37.3697792],[126.7991773,37.3698369],[126.7991893,37.3698544],[126.7992999,37.3700169],[126.7995399,37.3703693],[126.799703,37.3706103],[126.7997498,37.3707214],[126.7997486,37.3707219],[126.7997531,37.3707331],[126.7997734,37.3707828],[126.7997738,37.3707838],[126.7997743,37.370785],[126.7999677,37.3712589],[126.8000006,37.3713401],[126.8000174,37.3713697],[126.8000357,37.3713897],[126.8000623,37.3714293],[126.8001337,37.3714852],[126.8002894,37.371539],[126.8002897,37.3715391],[126.8005158,37.3717684],[126.8006048,37.3718568],[126.8006218,37.3718734],[126.800761,37.3721147],[126.8007879,37.3721492],[126.8007686,37.3724738],[126.800851,37.372764],[126.8009385,37.3728513],[126.801038,37.3729631],[126.8011621,37.3730258],[126.8011739,37.3730326],[126.8013447,37.3731308],[126.8015066,37.3732275],[126.8020974,37.3735987],[126.8025068,37.3738576],[126.8027193,37.3739988],[126.8028583,37.3741175],[126.8034786,37.3746702],[126.8036711,37.3748406],[126.8036865,37.374954],[126.8037215,37.3751388],[126.8037843,37.3755101],[126.8038706,37.375488],[126.8048368,37.3752408],[126.8051149,37.3751723],[126.8052459,37.3751394],[126.8058086,37.374936],[126.8061765,37.3747583],[126.8061767,37.3747585],[126.8064102,37.3750564],[126.8064414,37.3750962],[126.8064909,37.3754672],[126.8065222,37.375702],[126.8064389,37.3758245],[126.8064347,37.3758307],[126.8063072,37.3759937],[126.8062998,37.3760359],[126.8062725,37.3761196],[126.8062271,37.3762361],[126.8062146,37.3762823],[126.8062052,37.3763263],[126.8061938,37.3763655],[126.8061897,37.376394],[126.8063207,37.3764123],[126.8063034,37.3765192],[126.8066287,37.3765817],[126.8077413,37.3767957],[126.8081027,37.3768789],[126.8086241,37.3769988],[126.8093807,37.3771729],[126.8095729,37.3772171],[126.8101479,37.3773508],[126.8108864,37.3775225],[126.8112299,37.3776023],[126.8121434,37.3778219],[126.8129043,37.3782022],[126.8142244,37.3788944],[126.8142469,37.3788694],[126.8142741,37.3787622],[126.8141329,37.3781459],[126.8141494,37.3781133],[126.8141216,37.3780968],[126.8140672,37.3778593],[126.814096,37.3778067],[126.8140497,37.3777826],[126.8140036,37.3775817],[126.8139501,37.3774958],[126.8133028,37.3772145],[126.8142945,37.3762997],[126.8153751,37.3756457],[126.8156094,37.3755039],[126.8157511,37.3754241],[126.8160106,37.375278],[126.8160276,37.3748623]]]}},{"type":"Feature","properties":{"id":"gunja","name":"군자동","data_area_id":"gunja","adm_cd":"31150680","source":"경기도 시흥시 행정동경계_20250610 (공공데이터포털 15104305)","source_standard_date":"20230801"},"geometry":{"type":"Polygon","coordinates":[[[126.7625057,37.3715908],[126.7625484,37.3713385],[126.7625993,37.3712096],[126.7627206,37.370903],[126.7627439,37.3708452],[126.7628615,37.3707309],[126.7630479,37.3706001],[126.763081,37.3705688],[126.7630919,37.3705616],[126.7632977,37.3704766],[126.7633401,37.3704763],[126.763441,37.3704767],[126.7636547,37.3704777],[126.7636742,37.3704778],[126.7639204,37.3704789],[126.7643907,37.3705322],[126.7645608,37.3705505],[126.7647249,37.3705667],[126.7647573,37.3705978],[126.7649208,37.3707546],[126.7654464,37.3712588],[126.7655345,37.3713433],[126.7658374,37.3713368],[126.7659585,37.3712881],[126.7660897,37.3712353],[126.7662753,37.3711607],[126.7663369,37.371136],[126.7663857,37.3711344],[126.7664194,37.3711367],[126.7665698,37.3712048],[126.7665952,37.3712157],[126.7666093,37.3712214],[126.7667837,37.3712927],[126.7668976,37.3713419],[126.7670592,37.3714117],[126.7670707,37.3714166],[126.7675988,37.371515],[126.7676398,37.3715227],[126.7679001,37.3712218],[126.7680588,37.3706988],[126.7682477,37.3705813],[126.7684503,37.3704554],[126.7688117,37.3702465],[126.7689231,37.3702424],[126.7691635,37.370234],[126.7691633,37.3702343],[126.7692503,37.3702406],[126.7693264,37.3702641],[126.769776,37.3703907],[126.7697765,37.3703902],[126.7701525,37.3699627],[126.7704416,37.3696345],[126.7704654,37.3693232],[126.7704949,37.369062],[126.7713329,37.3686365],[126.7717304,37.3684601],[126.7718446,37.3684196],[126.771913,37.3683975],[126.7719304,37.3683919],[126.7719316,37.3683915],[126.7720142,37.3683649],[126.7721386,37.3683247],[126.7721875,37.3683201],[126.7722099,37.3682265],[126.7723026,37.3682111],[126.7723758,37.3680903],[126.7729545,37.3675383],[126.7734964,37.3675182],[126.7735032,37.3675179],[126.773825,37.3676807],[126.7740213,37.3677698],[126.7740469,37.3677868],[126.7740694,37.3678017],[126.7743295,37.3679745],[126.7743971,37.3680969],[126.7744313,37.3681566],[126.7744812,37.3682435],[126.7745992,37.3684033],[126.774854,37.3687311],[126.7750028,37.3689001],[126.7749475,37.3689376],[126.7750361,37.3690441],[126.7751614,37.3691867],[126.7751962,37.3692217],[126.7752588,37.3691872],[126.7758466,37.3697445],[126.7758585,37.3697558],[126.7764417,37.3696787],[126.7769317,37.3696917],[126.7774437,37.3695887],[126.7776769,37.3695615],[126.777771,37.36955],[126.7778468,37.3695338],[126.7779951,37.3695021],[126.7780841,37.3694924],[126.7784597,37.3694078],[126.7788643,37.3692249],[126.7791708,37.3691755],[126.7797075,37.3692415],[126.7798214,37.3692555],[126.7800062,37.369067],[126.7801148,37.3689563],[126.7801311,37.3689483],[126.7804415,37.3687969],[126.7805166,37.3687602],[126.7805873,37.3687257],[126.7805451,37.3685893],[126.7805016,37.368449],[126.7804603,37.3683696],[126.7810507,37.3681097],[126.7813851,37.3679948],[126.7815218,37.3679478],[126.7816924,37.3680994],[126.7819366,37.3683163],[126.7821282,37.3683888],[126.7826134,37.3685639],[126.7827395,37.3686088],[126.7829004,37.368666],[126.7829733,37.3686721],[126.7832318,37.3686943],[126.7832939,37.3686996],[126.7834334,37.3688298],[126.7835342,37.3689295],[126.7836866,37.3690582],[126.7838962,37.369452],[126.783931,37.3698148],[126.7839327,37.3698382],[126.7839509,37.3700925],[126.7840734,37.3703813],[126.784214,37.3704767],[126.7844488,37.3706584],[126.7845427,37.3707311],[126.784554,37.3707449],[126.7847421,37.3711891],[126.7847658,37.371211],[126.7847955,37.3712385],[126.7849452,37.3713771],[126.7851337,37.3715358],[126.7851599,37.3715676],[126.785205,37.3716224],[126.785366,37.371545],[126.785902,37.3712914],[126.7860379,37.3712254],[126.7866517,37.371123],[126.7867394,37.3711072],[126.7870446,37.371077],[126.7871118,37.3710667],[126.7871231,37.3710634],[126.7874912,37.3709576],[126.7879832,37.3710885],[126.7881232,37.3711257],[126.7883443,37.3710416],[126.7884652,37.3709957],[126.7886888,37.3709151],[126.7887928,37.370882],[126.7890823,37.37079],[126.7893278,37.3707171],[126.7893361,37.3707104],[126.7893871,37.3706691],[126.7895176,37.3705337],[126.7895178,37.3705334],[126.789562,37.3704876],[126.789629,37.3704599],[126.7897507,37.3704074],[126.7898056,37.3703818],[126.7898706,37.3703518],[126.7898913,37.3703412],[126.7900676,37.3703005],[126.790447,37.3702281],[126.7909343,37.3700616],[126.7912534,37.3699546],[126.7912442,37.3695923],[126.7913545,37.3692664],[126.7914309,37.3690408],[126.791346,37.3688146],[126.7912801,37.3686389],[126.7911641,37.3683499],[126.7911625,37.3683461],[126.7911693,37.3683319],[126.7913305,37.3679953],[126.7914026,37.3678448],[126.7914096,37.3678303],[126.791613,37.3678359],[126.7917273,37.3674386],[126.7920801,37.3671762],[126.7922914,37.3671283],[126.7931131,37.3672655],[126.7932261,37.367054],[126.793244,37.3670205],[126.7937422,37.366795],[126.793893,37.3667773],[126.7941938,37.3665662],[126.7943065,37.3664992],[126.7946038,37.3665899],[126.7946345,37.3665993],[126.7950968,37.3666044],[126.7954268,37.3665928],[126.7958321,37.3664486],[126.7964546,37.3662313],[126.7970453,37.3659721],[126.7971602,37.3657264],[126.7972714,37.3654884],[126.7973333,37.365356],[126.797391,37.3646792],[126.7973953,37.364629],[126.7974119,37.3646114],[126.7974145,37.3642162],[126.7973671,37.3638618],[126.7973775,37.3637874],[126.7974047,37.3635919],[126.797453,37.3634146],[126.7974545,37.3633709],[126.7974549,37.3633583],[126.7974608,37.3631811],[126.7974666,37.3630041],[126.7975973,37.3625918],[126.7973362,37.3623438],[126.7972957,37.3623053],[126.7969659,37.361992],[126.797065,37.3618208],[126.7972815,37.3614468],[126.7971623,37.3608297],[126.7970867,37.3604388],[126.7970835,37.3604221],[126.7970725,37.3603652],[126.7971027,37.3603502],[126.7971271,37.360338],[126.7979549,37.3599253],[126.7992578,37.3592757],[126.7994429,37.3591834],[126.7997156,37.3590474],[126.7997341,37.3588997],[126.7997807,37.3585285],[126.7993733,37.3577519],[126.7993269,37.3576685],[126.7992849,37.3577799],[126.7989858,37.3577002],[126.7989708,37.3577348],[126.7989494,37.3577295],[126.7989134,37.3578171],[126.7985435,37.3577196],[126.7983514,37.3575777],[126.7983781,37.3574976],[126.7983542,37.3574824],[126.7983595,37.3574529],[126.7984522,37.3573112],[126.7985318,37.3571041],[126.7987802,37.3570122],[126.7988874,37.3569666],[126.7988409,37.3568548],[126.7988132,37.3567556],[126.7988879,37.3566419],[126.7989385,37.3566379],[126.7989588,37.3565464],[126.7979046,37.3564227],[126.797493,37.3563015],[126.7967571,37.3575112],[126.7964593,37.3580008],[126.7962433,37.357714],[126.7962051,37.3576634],[126.7961756,37.3576243],[126.7961886,37.3575947],[126.7961956,37.3575788],[126.796246,37.3574636],[126.7955712,37.3569782],[126.7953432,37.3569708],[126.7951528,37.3569646],[126.7951176,37.3568388],[126.7950896,37.3567023],[126.7950761,37.3566369],[126.795006,37.3562957],[126.795,37.3562661],[126.7950854,37.3559253],[126.7951759,37.355574],[126.7952784,37.355363],[126.795335,37.3552466],[126.7954091,37.355094],[126.7954163,37.3550869],[126.7954227,37.3550805],[126.7954145,37.3550702],[126.7954104,37.3550745],[126.7948367,37.3543707],[126.7948142,37.3543437],[126.7943639,37.3539014],[126.7943076,37.3538472],[126.7941273,37.3537568],[126.7938467,37.3535898],[126.793778,37.353549],[126.7935526,37.3534044],[126.79344,37.3533321],[126.7930005,37.35307],[126.7926287,37.3528441],[126.792268,37.3526543],[126.7917041,37.3525181],[126.7915129,37.3522475],[126.7915065,37.3522247],[126.7914012,37.3518508],[126.791474,37.3518147],[126.7914916,37.3518059],[126.7914699,37.3518048],[126.791311,37.3517966],[126.7913111,37.3517606],[126.7912775,37.3516704],[126.7912212,37.3516433],[126.7911873,37.3516432],[126.7911762,37.3515892],[126.7911879,37.351418],[126.7910818,37.3512048],[126.7910757,37.3511925],[126.7910419,37.3511654],[126.7909969,37.3511293],[126.7908618,37.3510119],[126.7904564,37.3506508],[126.7902882,37.3502721],[126.7902967,37.3501608],[126.7903046,37.3500573],[126.7903085,37.350006],[126.7903117,37.3499658],[126.7903911,37.3498127],[126.7903992,37.349798],[126.7905045,37.3496057],[126.7905046,37.3495877],[126.7905501,37.3494616],[126.7906233,37.3492556],[126.7906302,37.349236],[126.7906525,37.3491735],[126.7906527,37.3491014],[126.7906079,37.3489752],[126.7905669,37.3489028],[126.7904956,37.3487767],[126.7904843,37.3487677],[126.790496,37.3486844],[126.7905257,37.3484731],[126.7905908,37.3480099],[126.7905994,37.347948],[126.7908559,37.3476255],[126.7908713,37.3476061],[126.7908826,37.3475881],[126.7909281,37.3471707],[126.7909405,37.3470566],[126.7910997,37.3466244],[126.7911225,37.3465433],[126.7912929,37.3461652],[126.7914469,37.3458141],[126.7914746,37.3457511],[126.7915541,37.345571],[126.7921237,37.3446182],[126.7921891,37.3445089],[126.792257,37.344437],[126.7930265,37.3436634],[126.7930407,37.3436485],[126.7930605,37.3436275],[126.7931847,37.3435736],[126.7929029,37.343483],[126.7927788,37.3434378],[126.7927351,37.343416],[126.7926389,37.3433682],[126.7925422,37.3433202],[126.7923957,37.3432388],[126.792283,37.3431756],[126.7921704,37.3431123],[126.7919901,37.3430129],[126.7918887,37.3429316],[126.7918437,37.3429045],[126.7916408,37.342796],[126.7915394,37.3427418],[126.791438,37.3426875],[126.7914285,37.3426824],[126.7913366,37.3426333],[126.7912802,37.3425971],[126.7911676,37.3425429],[126.7910324,37.3424435],[126.7909874,37.3423894],[126.7909649,37.3423533],[126.7908074,37.3422089],[126.7907598,37.3421516],[126.7907174,37.3421006],[126.7906273,37.3420103],[126.7905689,37.3419568],[126.7905485,37.3419381],[126.7904585,37.3418478],[126.7903572,37.3417485],[126.7902223,37.3415861],[126.7901799,37.3415182],[126.7901548,37.3414779],[126.7901402,37.3414597],[126.7901231,37.3414385],[126.7900312,37.3413245],[126.7899411,37.3412342],[126.7898736,37.341153],[126.7898174,37.3410898],[126.7896711,37.3409364],[126.7896261,37.3408913],[126.7894799,37.3407198],[126.7894349,37.3406657],[126.7894012,37.3406115],[126.78939,37.3406025],[126.7893675,37.3405574],[126.7893047,37.3404312],[126.7893002,37.3404222],[126.7892889,37.3404041],[126.789289,37.3403861],[126.7892737,37.3403574],[126.7892629,37.3403372],[126.7892553,37.340323],[126.7892553,37.3403139],[126.7892551,37.3403131],[126.7892372,37.3402409],[126.789233,37.3402238],[126.7891993,37.3401697],[126.7891656,37.3401246],[126.7890983,37.3399893],[126.7890812,37.3399239],[126.7890625,37.3398518],[126.7890536,37.339818],[126.7889522,37.3397458],[126.7888734,37.3397096],[126.7888442,37.339694],[126.7888057,37.3396734],[126.7887269,37.3396192],[126.7886615,37.3395668],[126.7886266,37.3395388],[126.7885805,37.3395018],[126.7885451,37.3394639],[126.788523,37.3394403],[126.7884793,37.3393935],[126.7884455,37.3393574],[126.7883329,37.3392671],[126.7882988,37.3392415],[126.788164,37.3391407],[126.7881414,37.3391406],[126.7881076,37.3391406],[126.7880737,37.3391405],[126.78807,37.3391405],[126.7880512,37.3391405],[126.7880496,37.3391442],[126.7880398,37.3391675],[126.7880285,37.3391764],[126.788014,37.3391939],[126.7880059,37.3392034],[126.7879382,37.3391853],[126.7878314,37.339151],[126.7878255,37.3391491],[126.7877466,37.3391129],[126.787724,37.3391038],[126.7873747,37.338941],[126.7872845,37.3388958],[126.7872395,37.3388597],[126.7871381,37.3387874],[126.7870255,37.3387061],[126.7868903,37.3386158],[126.786834,37.3385706],[126.7868115,37.3385525],[126.7867215,37.3384713],[126.7865976,37.338399],[126.7864285,37.3383176],[126.7863609,37.3382904],[126.7862595,37.3382452],[126.7861512,37.3382348],[126.7858759,37.3382085],[126.7855377,37.3380997],[126.7855346,37.3380723],[126.7855267,37.3380006],[126.7853808,37.337712],[126.7852366,37.3376014],[126.7851218,37.3375133],[126.7850881,37.3374682],[126.7849756,37.3373599],[126.7848068,37.3371883],[126.7846672,37.337039],[126.784638,37.3370078],[126.7845261,37.3368895],[126.7845135,37.3368762],[126.784408,37.3367646],[126.7843878,37.3367641],[126.7843675,37.3368992],[126.7843446,37.3370163],[126.7843445,37.3370614],[126.7843217,37.3371514],[126.7842877,37.3371784],[126.7842198,37.3372684],[126.7841519,37.3373403],[126.7840192,37.3374539],[126.7840048,37.3374662],[126.7839909,37.3374991],[126.7839707,37.3375472],[126.7839721,37.3375621],[126.7839817,37.3376644],[126.7839926,37.3377815],[126.7840037,37.3378536],[126.784001,37.3378818],[126.7839999,37.3378922],[126.7839921,37.3379707],[126.7839862,37.3380037],[126.7839806,37.3380338],[126.7839806,37.3380448],[126.7839802,37.3381599],[126.7839801,37.338214],[126.7839912,37.3382591],[126.7840135,37.3383582],[126.7840247,37.3383763],[126.7840247,37.3383943],[126.7840247,37.3384033],[126.7840246,37.3384171],[126.7840245,37.3384565],[126.7840245,37.3384664],[126.7840209,37.3384864],[126.784013,37.3385294],[126.784013,37.3385468],[126.7840389,37.3385465],[126.7840396,37.3385465],[126.7840415,37.3385467],[126.7840434,37.3385472],[126.7840451,37.3385479],[126.7840466,37.3385488],[126.7840479,37.33855],[126.784049,37.3385512],[126.7840498,37.3385526],[126.7840502,37.3385541],[126.7840503,37.3385557],[126.7840499,37.3385792],[126.7840481,37.3386683],[126.7840479,37.3386698],[126.7840474,37.3386713],[126.7840465,37.3386727],[126.7840454,37.3386739],[126.784045,37.3386743],[126.7840452,37.3386752],[126.7840453,37.3386766],[126.784041,37.3387724],[126.7840407,37.3387739],[126.7840402,37.3387754],[126.7840393,37.3387768],[126.7840382,37.338778],[126.7840367,37.3387791],[126.7840351,37.3387799],[126.7840333,37.3387806],[126.7840315,37.3387809],[126.7840295,37.3387811],[126.7840111,37.3387808],[126.7840909,37.338917],[126.784102,37.3389801],[126.7841019,37.3390012],[126.7841017,37.3390612],[126.7841017,37.3390792],[126.7840903,37.3391152],[126.7840676,37.3391602],[126.7840562,37.3391963],[126.7840376,37.3392405],[126.7840391,37.3392935],[126.7840389,37.339295],[126.7840385,37.3392964],[126.7840379,37.3392977],[126.7840369,37.339299],[126.7840358,37.3393001],[126.7840344,37.339301],[126.7840328,37.3393018],[126.7840311,37.3393023],[126.7840293,37.3393026],[126.7840275,37.3393027],[126.7840258,37.3393027],[126.7840261,37.339303],[126.7840269,37.3393044],[126.7840273,37.339306],[126.7840275,37.3393075],[126.7840272,37.3393091],[126.7840165,37.3393503],[126.7840083,37.3393499],[126.7839908,37.3394247],[126.7839893,37.3394249],[126.7839875,37.339425],[126.7839845,37.3394249],[126.7839821,37.3394398],[126.7839801,37.3394521],[126.7839764,37.3394754],[126.7839758,37.3394774],[126.7839301,37.3394736],[126.7839297,37.3394735],[126.7839291,37.3394735],[126.7839273,37.3394735],[126.7839255,37.3394738],[126.7839237,37.3394743],[126.7839221,37.3394751],[126.7839207,37.339476],[126.7839195,37.3394771],[126.7839185,37.3394784],[126.7839178,37.3394797],[126.7839174,37.3394812],[126.7839173,37.3394827],[126.7839173,37.3394832],[126.7839196,37.3395866],[126.7839198,37.339588],[126.7839203,37.3395895],[126.7839211,37.3395908],[126.7839221,37.339592],[126.7839234,37.3395931],[126.7839249,37.339594],[126.7839265,37.3395947],[126.7839283,37.3395952],[126.7839296,37.3395954],[126.7839161,37.3396258],[126.7838628,37.3397455],[126.7838128,37.33982],[126.7837864,37.3398592],[126.7837721,37.3398805],[126.7837385,37.339934],[126.7837381,37.3400685],[126.7837379,37.3400699],[126.7837375,37.3400713],[126.7837368,37.3400727],[126.7837359,37.3400739],[126.7837347,37.340075],[126.7837333,37.3400759],[126.7837317,37.3400766],[126.7837301,37.3400771],[126.7837283,37.3400774],[126.7837264,37.3400775],[126.7836819,37.3400766],[126.7836813,37.3400786],[126.7836745,37.3400894],[126.78367,37.3400966],[126.7836658,37.3401051],[126.7836435,37.3401017],[126.7836431,37.3401016],[126.7836425,37.3401015],[126.7836415,37.3401014],[126.7836397,37.3401015],[126.7836379,37.3401017],[126.7836362,37.3401022],[126.7836346,37.340103],[126.7836332,37.3401039],[126.783632,37.3401049],[126.783631,37.3401061],[126.7836308,37.3401065],[126.7836046,37.3401451],[126.7836039,37.3401464],[126.7836034,37.3401478],[126.7835853,37.3402294],[126.7835852,37.3402306],[126.7835836,37.3402312],[126.7835822,37.340232],[126.7835809,37.340233],[126.7835798,37.3402341],[126.7835789,37.3402354],[126.7835784,37.3402367],[126.7835781,37.3402382],[126.783578,37.3402389],[126.7835719,37.3402922],[126.7835719,37.3402937],[126.7835722,37.3402951],[126.7835727,37.3402965],[126.7835735,37.3402976],[126.7835451,37.3403576],[126.7834999,37.3403756],[126.7834321,37.3404115],[126.7831723,37.3405011],[126.7830932,37.340528],[126.782969,37.3405548],[126.7827883,37.3405995],[126.7827432,37.3405904],[126.7826642,37.3405903],[126.7825175,37.34059],[126.7823595,37.3405897],[126.7822241,37.3405804],[126.7819532,37.340598],[126.7819195,37.3405529],[126.7818746,37.3404537],[126.7818296,37.3403995],[126.7816493,37.3403091],[126.7816268,37.340291],[126.781607,37.3402471],[126.781582,37.3401918],[126.7815707,37.3401738],[126.7815369,37.3401737],[126.7813222,37.3402814],[126.7812206,37.3402903],[126.7810627,37.3402629],[126.7809611,37.3402808],[126.7808029,37.3403525],[126.7805091,37.3404871],[126.7801026,37.3405405],[126.7800462,37.3405403],[126.779935,37.3405697],[126.7799107,37.3405761],[126.779843,37.340576],[126.7797527,37.3405848],[126.7795721,37.3405845],[126.7794141,37.3406112],[126.779256,37.34062],[126.7791997,37.3406108],[126.7791206,37.3406107],[126.7789851,37.3406465],[126.7788723,37.3406373],[126.7787933,37.3406461],[126.7787594,37.3406551],[126.7787142,37.340673],[126.7785447,37.3407628],[126.7783865,37.3408166],[126.7781491,37.3409603],[126.7779683,37.341059],[126.7778099,37.3411759],[126.7776628,37.3413017],[126.7774379,37.3415847],[126.777391,37.3416436],[126.777357,37.3416796],[126.7773231,37.3416975],[126.7771536,37.3417783],[126.7770518,37.3418502],[126.7770292,37.3418592],[126.7769501,37.341886],[126.7768936,37.341922],[126.7768372,37.3419399],[126.7765774,37.3419935],[126.7765436,37.3420024],[126.7764645,37.3420293],[126.7764193,37.3420292],[126.7763742,37.3420291],[126.7762614,37.3420109],[126.7761393,37.341989],[126.7760584,37.3419744],[126.7760027,37.3419817],[126.7759229,37.3419922],[126.77581,37.341992],[126.7757424,37.3419829],[126.7756747,37.3419647],[126.775641,37.3419467],[126.7755846,37.3419105],[126.7755632,37.3418737],[126.775506,37.3417752],[126.7754498,37.341703],[126.7753822,37.3416578],[126.7752583,37.3415855],[126.7752372,37.3415787],[126.7752019,37.3415673],[126.7748184,37.3415035],[126.774525,37.341512],[126.7743445,37.3414846],[126.7741528,37.3414392],[126.7740175,37.3414119],[126.7739269,37.3415199],[126.7738929,37.3415648],[126.7738753,37.3415997],[126.7738702,37.3416099],[126.7738588,37.3416279],[126.7738473,37.3416909],[126.7738355,37.3418711],[126.7738239,37.3419792],[126.7738237,37.3420332],[126.7738236,37.3420683],[126.7738236,37.3420693],[126.7738349,37.3420873],[126.7738348,37.3421234],[126.7738176,37.3421461],[126.7738007,37.3421683],[126.7737917,37.34219],[126.7737894,37.3421954],[126.7737867,37.3421965],[126.7736651,37.3422492],[126.7735747,37.3423031],[126.7735407,37.342321],[126.7734955,37.342366],[126.7734277,37.3423749],[126.7733714,37.3423477],[126.7733488,37.3423387],[126.7733262,37.3423476],[126.7731792,37.3424555],[126.7731565,37.3424825],[126.7731498,37.3424946],[126.7731184,37.3425505],[126.7731112,37.3425635],[126.7731101,37.342566],[126.7730998,37.3425905],[126.7730959,37.3425924],[126.7729981,37.3426443],[126.7729752,37.3426741],[126.7728783,37.3428],[126.7728734,37.3428063],[126.7728375,37.342851],[126.7727941,37.3429053],[126.7727665,37.3429564],[126.7727601,37.3429683],[126.7727516,37.3429784],[126.7726695,37.3430762],[126.7723736,37.3431805],[126.7723645,37.3431837],[126.7723193,37.3431836],[126.7722855,37.3431836],[126.7722178,37.3431654],[126.7720825,37.3431291],[126.7719699,37.3430478],[126.7718461,37.3429485],[126.7717672,37.3429123],[126.7714966,37.3428306],[126.7713952,37.3427584],[126.7713276,37.3427312],[126.7711923,37.3426859],[126.7711247,37.3426497],[126.7711135,37.3426137],[126.7711024,37.3425596],[126.7710912,37.3425415],[126.7710576,37.3424694],[126.7710013,37.3424062],[126.7709337,37.342361],[126.7708549,37.3423158],[126.7708098,37.3422887],[126.7706972,37.3422254],[126.7706183,37.3421712],[126.7705057,37.3421079],[126.7704494,37.3420717],[126.7703029,37.3419904],[126.7702127,37.3419542],[126.7700887,37.3419269],[126.7699081,37.3419265],[126.7698404,37.3419174],[126.7696375,37.3418719],[126.7695585,37.3418628],[126.7692992,37.3417812],[126.7691527,37.3417088],[126.7691301,37.3416997],[126.7690624,37.3417176],[126.7690172,37.3417266],[126.7689946,37.3417445],[126.7689493,37.3417805],[126.7689041,37.3418254],[126.7688839,37.3418468],[126.7688701,37.3418614],[126.7688248,37.3419154],[126.7687795,37.3419694],[126.7687705,37.3419789],[126.7687694,37.34198],[126.7687455,37.3420053],[126.7687469,37.3420087],[126.7687679,37.3420594],[126.7688127,37.3421767],[126.7688034,37.3421795],[126.7687223,37.3422035],[126.7686771,37.3422214],[126.7686658,37.3422288],[126.7686627,37.3422307],[126.7686206,37.3422574],[126.7686141,37.3422616],[126.7684623,37.3423562],[126.7683946,37.3423741],[126.7683606,37.342392],[126.7683513,37.3423971],[126.7683474,37.342399],[126.768225,37.3424638],[126.7681649,37.3425183],[126.7681458,37.3425358],[126.768141,37.3425433],[126.7681004,37.3426078],[126.7680324,37.3427067],[126.7680255,37.3427067],[126.7680231,37.3427067],[126.7679534,37.3427066],[126.7677955,37.3426882],[126.7675698,37.3426788],[126.7674569,37.3426966],[126.7672762,37.3427233],[126.7672041,37.3427195],[126.767205,37.3427247],[126.7672053,37.3427265],[126.7672057,37.3427286],[126.7672291,37.3427733],[126.7672592,37.3429781],[126.7672219,37.3430455],[126.7671704,37.343168],[126.7671572,37.3432065],[126.7671287,37.3433091],[126.7671061,37.3433746],[126.7670865,37.3434254],[126.7670575,37.3434909],[126.7669968,37.3436105],[126.7670112,37.3436924],[126.7669074,37.3439369],[126.7669044,37.3440507],[126.7669797,37.3443456],[126.7669917,37.344389],[126.7670604,37.3445332],[126.7670637,37.3445705],[126.7670736,37.3447152],[126.7670965,37.3447519],[126.7670972,37.3449272],[126.767266,37.3452251],[126.7672592,37.3453033],[126.7672813,37.3453673],[126.7673262,37.3453962],[126.7674002,37.3454056],[126.7675686,37.3454267],[126.7676104,37.3454359],[126.7676122,37.3454363],[126.767694,37.3454544],[126.7677565,37.3454815],[126.7678174,37.3454894],[126.7679159,37.3455454],[126.7679939,37.3455862],[126.768197,37.3457129],[126.7682217,37.3457245],[126.7682508,37.3457227],[126.7682677,37.345715],[126.7683531,37.3456631],[126.7684373,37.3456214],[126.7684589,37.3456155],[126.7684829,37.3456717],[126.7685069,37.3457024],[126.7685401,37.3457332],[126.768616,37.3457939],[126.7687174,37.3458851],[126.7687695,37.3459446],[126.7687832,37.3459614],[126.7688027,37.3459763],[126.7688675,37.3460065],[126.7688281,37.3460523],[126.7686978,37.3461793],[126.768674,37.3462],[126.7685773,37.3462703],[126.7685514,37.3462925],[126.7684923,37.3463485],[126.7684432,37.3463898],[126.7684156,37.3464139],[126.7683394,37.3464958],[126.7683098,37.3465371],[126.7682911,37.346579],[126.7682943,37.346653],[126.7682579,37.3467082],[126.7682371,37.3467636],[126.7682182,37.3468255],[126.7681811,37.3469432],[126.7681673,37.3470178],[126.7681553,37.3470698],[126.7681571,37.3471971],[126.7681814,37.3472012],[126.7682962,37.3471995],[126.768452,37.3471798],[126.7685772,37.3471919],[126.7686556,37.3472011],[126.7686903,37.3472091],[126.7687284,37.3472251],[126.7687942,37.3472489],[126.7688621,37.3472689],[126.7689365,37.3472806],[126.7690014,37.3472925],[126.7690381,37.3472993],[126.7690628,37.3473039],[126.7691373,37.3473092],[126.7691977,37.3473132],[126.7692978,37.3473223],[126.7693276,37.3473273],[126.7693744,37.3473353],[126.7694283,37.3473553],[126.7694668,37.3473696],[126.7694952,37.3473916],[126.7695362,37.3474204],[126.7695786,37.3474743],[126.7696106,37.3475246],[126.7696194,37.347582],[126.7696206,37.3476896],[126.7696218,37.3477312],[126.7696386,37.3478405],[126.7696542,37.3478998],[126.769671,37.3479484],[126.7697243,37.3480186],[126.7697751,37.3480599],[126.7698207,37.3480984],[126.7698458,37.3481229],[126.7698843,37.348179],[126.7698939,37.3482117],[126.7699011,37.3482606],[126.7698871,37.3483137],[126.7698708,37.3483694],[126.7698672,37.3484259],[126.7698679,37.3484803],[126.769875,37.3485379],[126.7698867,37.3485985],[126.7699056,37.3486603],[126.7699596,37.3487057],[126.7699797,37.3487374],[126.770008,37.3487683],[126.77004,37.3488114],[126.7700593,37.3488417],[126.7700694,37.3489073],[126.7700534,37.3489635],[126.7700323,37.3490212],[126.7699901,37.3491264],[126.7699829,37.3491709],[126.7699757,37.3492838],[126.7699725,37.3493031],[126.7699723,37.3493245],[126.769991,37.3494716],[126.7699798,37.3496152],[126.7699834,37.3497933],[126.7699792,37.3498721],[126.7699883,37.3499156],[126.7699843,37.3500095],[126.7699607,37.3500588],[126.769921,37.3501187],[126.7698776,37.3502548],[126.7698658,37.3503368],[126.7698683,37.3504259],[126.7698985,37.3505023],[126.769965,37.3505818],[126.7699789,37.3506314],[126.76999,37.3506953],[126.769967,37.3508246],[126.7699331,37.3508687],[126.7699086,37.3508923],[126.7698614,37.3509239],[126.7697748,37.3510254],[126.7697572,37.3510521],[126.7697406,37.3510988],[126.7697565,37.3511952],[126.7698033,37.3512771],[126.7698417,37.3513171],[126.7698522,37.3513277],[126.7698598,37.3513377],[126.7699053,37.3513972],[126.7699548,37.3514748],[126.770004,37.3515466],[126.7700046,37.3515727],[126.7700064,37.3516155],[126.7700401,37.3517526],[126.77003,37.3518852],[126.7700013,37.351997],[126.769981,37.3520695],[126.7699809,37.35207],[126.7699416,37.3521161],[126.7698039,37.3522584],[126.7697165,37.3523164],[126.7696552,37.3523384],[126.7695894,37.3523607],[126.7695119,37.3524222],[126.7694829,37.3524643],[126.7694616,37.3525154],[126.7694582,37.3525598],[126.7694442,37.3526858],[126.7694298,37.3527263],[126.7694133,37.3527765],[126.769396,37.3528367],[126.7693806,37.3528916],[126.7693659,37.3529486],[126.7693432,37.3530464],[126.7693045,37.3530834],[126.7692349,37.3531163],[126.7691423,37.3531707],[126.7691033,37.3531869],[126.7690511,37.3532099],[126.7689919,37.3532364],[126.7689638,37.3532557],[126.7688871,37.3533182],[126.768839,37.3533572],[126.7687901,37.3533955],[126.7687446,37.3534243],[126.7687167,37.3534379],[126.7686724,37.3534596],[126.7685977,37.3534518],[126.7684891,37.3534099],[126.7684298,37.3533766],[126.7683976,37.3533535],[126.7683456,37.3533132],[126.768316,37.3532926],[126.7682241,37.3532344],[126.7682082,37.3532527],[126.7681956,37.3532679],[126.7681493,37.3533243],[126.7681172,37.3533597],[126.7680879,37.3533922],[126.768045,37.353436],[126.7679835,37.3534785],[126.7679414,37.3534997],[126.7678925,37.3535156],[126.7678589,37.3535179],[126.7677892,37.3535213],[126.7677613,37.3535285],[126.7676614,37.3535542],[126.7676181,37.3535608],[126.7675822,37.3535614],[126.7675252,37.3535524],[126.7674763,37.3535484],[126.7674477,37.3535503],[126.767358,37.3535699],[126.7673121,37.3535952],[126.7672536,37.3536197],[126.7672032,37.3536427],[126.7671573,37.3536707],[126.7670801,37.3537335],[126.7670373,37.3537656],[126.7669958,37.3537929],[126.7668937,37.3538594],[126.7668495,37.3538905],[126.7668075,37.3539238],[126.7667583,37.353964],[126.7666965,37.3540269],[126.7666651,37.3540798],[126.7666522,37.3540959],[126.766591,37.3541033],[126.7665925,37.3541543],[126.7665894,37.3542222],[126.7665872,37.3542392],[126.7665608,37.354285],[126.7665262,37.3543467],[126.7664929,37.3544279],[126.7664722,37.3544776],[126.7664708,37.354481],[126.7664249,37.3545402],[126.7663846,37.3545824],[126.7663133,37.3546328],[126.7662597,37.3546704],[126.766243,37.3546798],[126.7661941,37.3546963],[126.766105,37.3546811],[126.7660726,37.3546944],[126.7660422,37.3547166],[126.7659966,37.3547615],[126.7659614,37.354805],[126.7659611,37.3548055],[126.7659439,37.3548409],[126.7659188,37.3549144],[126.7658955,37.3549679],[126.7658791,37.3550147],[126.7658639,37.3550578],[126.765849,37.3550822],[126.7658241,37.3551229],[126.765757,37.3552352],[126.7657246,37.3552831],[126.7656904,37.355341],[126.7656784,37.3553743],[126.765661,37.3554316],[126.7656467,37.3554879],[126.7656365,37.3555329],[126.7656246,37.3556188],[126.7656223,37.3556671],[126.7656184,37.3556956],[126.7656263,37.3557583],[126.7656349,37.3557988],[126.7656454,37.355833],[126.7656402,37.3558669],[126.7655842,37.3559519],[126.765595,37.3559551],[126.7654738,37.3561225],[126.7654535,37.3561686],[126.7654447,37.3562393],[126.765445,37.3563632],[126.7654285,37.3564956],[126.7653985,37.3566028],[126.7653775,37.3566264],[126.7653204,37.3569665],[126.7653177,37.3569833],[126.765338,37.3570282],[126.7653407,37.3570342],[126.7653544,37.3570492],[126.7654498,37.3571532],[126.7655058,37.3572155],[126.7655578,37.3572813],[126.7655434,37.3572904],[126.7655198,37.3573054],[126.765453,37.3573241],[126.7653066,37.3573689],[126.7651022,37.3574372],[126.7650383,37.3574518],[126.7647653,37.3574784],[126.7647319,37.3574826],[126.7647031,37.3574862],[126.7646707,37.3574912],[126.7645786,37.3575136],[126.7644007,37.3575564],[126.7643066,37.3575772],[126.7642163,37.3575971],[126.7640245,37.3576239],[126.763982,37.3576343],[126.7638034,37.3576872],[126.7637333,37.357708],[126.7636878,37.3577251],[126.763655,37.3577383],[126.7636602,37.3577532],[126.7638004,37.3581555],[126.7638209,37.3582144],[126.7638178,37.3582425],[126.7637935,37.3584597],[126.7637454,37.3588917],[126.7637642,37.3589735],[126.7637715,37.3590049],[126.763795,37.3591079],[126.7638583,37.3594007],[126.7639352,37.359757],[126.763941,37.3598286],[126.7639688,37.3601764],[126.7639994,37.3605554],[126.7639856,37.3605766],[126.763939,37.3606485],[126.7639302,37.3606642],[126.7639071,37.3607056],[126.7638552,37.3607986],[126.7638377,37.3608357],[126.7638251,37.3608592],[126.7636171,37.3611845],[126.7636002,37.3612304],[126.7632156,37.3614647],[126.763127,37.3615146],[126.7630056,37.361569],[126.7629494,37.3615955],[126.7624484,37.3618314],[126.7620957,37.3624896],[126.7619358,37.3631435],[126.7622017,37.3634248],[126.7623253,37.3634931],[126.7623762,37.3635212],[126.7624552,37.3635648],[126.7626515,37.3636732],[126.762806,37.3640324],[126.7628166,37.3640569],[126.7629057,37.3643032],[126.7628944,37.3643158],[126.7627779,37.3644447],[126.7627735,37.3644495],[126.7627497,37.3644759],[126.762726,37.3645021],[126.7625139,37.3647365],[126.7621301,37.365161],[126.7622088,37.3654425],[126.7622796,37.3656958],[126.7623065,37.3657131],[126.7624088,37.3657427],[126.7624001,37.3657617],[126.7623982,37.3657659],[126.762489,37.3658031],[126.7624207,37.3659301],[126.7624046,37.3659599],[126.7623455,37.3660674],[126.7622359,37.3662608],[126.762192,37.3663416],[126.7621679,37.3663809],[126.762085,37.366516],[126.7620932,37.36652],[126.7620941,37.3665204],[126.7620644,37.3665937],[126.762058,37.3666094],[126.7620225,37.3666788],[126.7619724,37.3667771],[126.7619451,37.3668305],[126.7618335,37.3670359],[126.7618113,37.3670767],[126.7617208,37.3672201],[126.7617016,37.3672531],[126.7616056,37.3673768],[126.7615305,37.3675117],[126.7615112,37.3675376],[126.7615416,37.3675583],[126.7615855,37.367605],[126.761491,37.3677183],[126.761457,37.3677197],[126.7613832,37.3677917],[126.7613788,37.3678397],[126.7613164,37.3679498],[126.7611987,37.3680255],[126.7610801,37.3680945],[126.7606552,37.3683416],[126.7605322,37.3684132],[126.7604794,37.3684489],[126.7603345,37.3685279],[126.7603096,37.3685199],[126.760241,37.3685082],[126.7601589,37.3684897],[126.7601066,37.3684862],[126.7596156,37.3684539],[126.7592786,37.3684383],[126.7588764,37.3685365],[126.7585961,37.368605],[126.7590475,37.3688704],[126.7592941,37.3688323],[126.7594232,37.3692182],[126.7595891,37.3694506],[126.75961,37.3697093],[126.7597561,37.3697914],[126.7596691,37.3698706],[126.759563,37.3699069],[126.7595212,37.3699616],[126.7594434,37.3700636],[126.7593593,37.370135],[126.7592062,37.3702942],[126.7591613,37.3703773],[126.7591566,37.3703861],[126.7591815,37.3704274],[126.7591996,37.3704575],[126.759214,37.3704813],[126.7593311,37.3706756],[126.7597791,37.3714115],[126.7602372,37.3716496],[126.7608142,37.3715779],[126.7612325,37.3716483],[126.7616637,37.3718901],[126.7618747,37.3722092],[126.7623404,37.3717869],[126.7623407,37.3717866],[126.7624969,37.3716427],[126.7625057,37.3715908]]]}},{"type":"Feature","properties":{"id":"wolgot","name":"월곶동","data_area_id":"wolgot","adm_cd":"31150690","source":"경기도 시흥시 행정동경계_20250610 (공공데이터포털 15104305)","source_standard_date":"20230801"},"geometry":{"type":"Polygon","coordinates":[[[126.7500842,37.397672],[126.7501101,37.3976685],[126.7500933,37.3977559],[126.7543642,37.3971773],[126.7558445,37.3969844],[126.7568641,37.3968461],[126.7570909,37.3968604],[126.7594977,37.3971535],[126.7615835,37.3974029],[126.7618147,37.3974265],[126.7619344,37.3974227],[126.7620393,37.3974138],[126.7621302,37.3973982],[126.7622203,37.3973773],[126.762362,37.397311],[126.7624647,37.3972581],[126.7625503,37.397199],[126.7626738,37.397071],[126.7627332,37.3969701],[126.7627614,37.3969148],[126.7629583,37.396406],[126.7632904,37.3955588],[126.7633574,37.395386],[126.7634382,37.3951719],[126.7636489,37.3947435],[126.7636886,37.3946128],[126.7637195,37.3944726],[126.7636986,37.3943784],[126.7636841,37.3943285],[126.763245,37.3932701],[126.7631648,37.3930865],[126.762668,37.3918939],[126.7625522,37.3916201],[126.7623374,37.3910955],[126.7626047,37.3910204],[126.7626522,37.3910071],[126.7628852,37.3909421],[126.7630033,37.3909106],[126.7631927,37.3913501],[126.7634121,37.3918954],[126.7641803,37.3938186],[126.7642592,37.3940134],[126.7643188,37.3941076],[126.7646406,37.3941096],[126.7697736,37.3941421],[126.7711712,37.3941457],[126.7727259,37.3941452],[126.7727949,37.3941401],[126.7728363,37.3941299],[126.772892,37.3941126],[126.7733897,37.3938298],[126.7740315,37.3934652],[126.7740527,37.3934529],[126.7740547,37.3934096],[126.7740567,37.3933669],[126.7740775,37.3929107],[126.7740839,37.3927696],[126.7741273,37.3918806],[126.7741891,37.3908291],[126.7743162,37.3887079],[126.7743186,37.3886684],[126.7743224,37.3886043],[126.774326,37.3883894],[126.774367,37.38837],[126.7744726,37.3883201],[126.7745619,37.388101],[126.7746285,37.3879378],[126.7747418,37.38767],[126.7747039,37.3876603],[126.7746902,37.387657],[126.7747055,37.3875731],[126.7747203,37.3875122],[126.7745944,37.3874107],[126.774511,37.3873635],[126.7744524,37.3873254],[126.7744445,37.3871796],[126.7744823,37.3870381],[126.7745066,37.3869469],[126.774504,37.3869438],[126.774471,37.3869045],[126.7743683,37.386876],[126.7742624,37.386845],[126.7741949,37.3867768],[126.7742011,37.3866771],[126.7741859,37.3866403],[126.7741268,37.3865574],[126.7741279,37.386501],[126.7741302,37.3864621],[126.7740762,37.3863778],[126.7739921,37.3862566],[126.7738868,37.3861756],[126.7737287,37.3860578],[126.7735684,37.385829],[126.7734977,37.3857529],[126.7734483,37.3856777],[126.7734313,37.3856302],[126.7733193,37.3854813],[126.7731491,37.3852096],[126.7731256,37.3851788],[126.7731043,37.3851575],[126.7730485,37.3851018],[126.7729623,37.3850157],[126.7729426,37.3847514],[126.7729668,37.3846034],[126.7729923,37.3844481],[126.7729651,37.3843499],[126.7729264,37.3842101],[126.7728999,37.3841122],[126.7728478,37.3838725],[126.772799,37.3836562],[126.7727876,37.3836017],[126.772789,37.3835169],[126.7726854,37.3831975],[126.7726487,37.3829217],[126.7725792,37.3828088],[126.7725638,37.382688],[126.7725625,37.3826787],[126.7725334,37.3826511],[126.7724523,37.3825773],[126.7723996,37.3825124],[126.7723576,37.3824605],[126.7723254,37.3823871],[126.7723132,37.382362],[126.7722995,37.3823634],[126.7722259,37.3821959],[126.772234,37.3820498],[126.772232,37.3819367],[126.7722069,37.3818901],[126.7721588,37.3818005],[126.7721497,37.3817835],[126.7721269,37.3817381],[126.7721208,37.3817259],[126.7721276,37.3816887],[126.7721463,37.3816609],[126.7721951,37.3815886],[126.772245,37.3815038],[126.7722888,37.3814352],[126.7723021,37.3814141],[126.772382,37.3813094],[126.7724353,37.3812445],[126.7724742,37.3811971],[126.7724874,37.3811742],[126.7725188,37.3811194],[126.7725104,37.3810605],[126.7725049,37.3810218],[126.7724962,37.3808555],[126.7725577,37.3806218],[126.7725795,37.3805435],[126.7725522,37.3804071],[126.7725535,37.3803466],[126.772546,37.3802493],[126.7724706,37.3799381],[126.7724182,37.3797222],[126.7724264,37.3796266],[126.772464,37.3792972],[126.7724666,37.3790923],[126.7724716,37.3786965],[126.7724425,37.3785443],[126.7724042,37.378436],[126.7721358,37.3779685],[126.7720462,37.3778124],[126.7720776,37.3777432],[126.7720874,37.3776738],[126.7721147,37.3776351],[126.772137,37.377557],[126.7721348,37.3774901],[126.7721445,37.3774638],[126.7721363,37.3774195],[126.7720903,37.3773971],[126.7720856,37.3773089],[126.772128,37.3772977],[126.772116,37.3772652],[126.7721713,37.3771467],[126.7721891,37.3771086],[126.7732695,37.3777692],[126.7734799,37.3777929],[126.7744129,37.3778979],[126.7745882,37.3778433],[126.7746237,37.3778312],[126.7750673,37.3777035],[126.7752424,37.3776502],[126.7752849,37.3776373],[126.7753799,37.3775744],[126.7754932,37.3774994],[126.7755178,37.3774831],[126.7755557,37.3774756],[126.7755645,37.3774779],[126.7756452,37.3774988],[126.7759908,37.3772694],[126.7761179,37.3771881],[126.7763994,37.3770081],[126.7764555,37.3769765],[126.776716,37.3768022],[126.7769023,37.3766792],[126.7771116,37.3765782],[126.777628,37.3763254],[126.7778553,37.3762158],[126.7779841,37.3761557],[126.7781126,37.376067],[126.7783332,37.3759146],[126.7784062,37.3758649],[126.7784691,37.375822],[126.7786209,37.3757093],[126.7788481,37.3755881],[126.7789488,37.3755369],[126.7789806,37.3755208],[126.779137,37.3754555],[126.7792418,37.3754077],[126.7793964,37.375234],[126.7794715,37.3751541],[126.7794971,37.3751217],[126.7797403,37.3748924],[126.7799971,37.3746175],[126.7800343,37.3745776],[126.7802478,37.374473],[126.7803899,37.3744001],[126.7804261,37.3743897],[126.7805059,37.3743617],[126.7805502,37.3743454],[126.7807503,37.3742603],[126.7807828,37.3742464],[126.7808205,37.3742304],[126.7808275,37.3742274],[126.7810122,37.3741271],[126.7812448,37.3740134],[126.7815006,37.3738669],[126.7816076,37.3738033],[126.7820427,37.3734527],[126.7822312,37.3734675],[126.782568,37.3734726],[126.78341,37.3736127],[126.7839054,37.3733985],[126.7840531,37.3733322],[126.7844996,37.3734192],[126.7847164,37.3734615],[126.7847366,37.3734723],[126.7848087,37.3732715],[126.7850525,37.3726775],[126.7851224,37.3721953],[126.785205,37.3716224],[126.7851599,37.3715676],[126.7851337,37.3715358],[126.7849452,37.3713771],[126.7847955,37.3712385],[126.7847658,37.371211],[126.7847421,37.3711891],[126.784554,37.3707449],[126.7845427,37.3707311],[126.7844488,37.3706584],[126.784214,37.3704767],[126.7840734,37.3703813],[126.7839509,37.3700925],[126.7839327,37.3698382],[126.783931,37.3698148],[126.7838962,37.369452],[126.7836866,37.3690582],[126.7835342,37.3689295],[126.7834334,37.3688298],[126.7832939,37.3686996],[126.7832318,37.3686943],[126.7829733,37.3686721],[126.7829004,37.368666],[126.7827395,37.3686088],[126.7826134,37.3685639],[126.7821282,37.3683888],[126.7819366,37.3683163],[126.7816924,37.3680994],[126.7815218,37.3679478],[126.7813851,37.3679948],[126.7810507,37.3681097],[126.7804603,37.3683696],[126.7805016,37.368449],[126.7805451,37.3685893],[126.7805873,37.3687257],[126.7805166,37.3687602],[126.7804415,37.3687969],[126.7801311,37.3689483],[126.7801148,37.3689563],[126.7800062,37.369067],[126.7798214,37.3692555],[126.7797075,37.3692415],[126.7791708,37.3691755],[126.7788643,37.3692249],[126.7784597,37.3694078],[126.7780841,37.3694924],[126.7779951,37.3695021],[126.7778468,37.3695338],[126.777771,37.36955],[126.7776769,37.3695615],[126.7774437,37.3695887],[126.7769317,37.3696917],[126.7764417,37.3696787],[126.7758585,37.3697558],[126.7758466,37.3697445],[126.7752588,37.3691872],[126.7751962,37.3692217],[126.7751614,37.3691867],[126.7750361,37.3690441],[126.7749475,37.3689376],[126.7750028,37.3689001],[126.774854,37.3687311],[126.7745992,37.3684033],[126.7744812,37.3682435],[126.7744313,37.3681566],[126.7743971,37.3680969],[126.7743295,37.3679745],[126.7740694,37.3678017],[126.7740469,37.3677868],[126.7740213,37.3677698],[126.773825,37.3676807],[126.7735032,37.3675179],[126.7734964,37.3675182],[126.7729545,37.3675383],[126.7723758,37.3680903],[126.7723026,37.3682111],[126.7722099,37.3682265],[126.7721875,37.3683201],[126.7721386,37.3683247],[126.7720142,37.3683649],[126.7719316,37.3683915],[126.7719304,37.3683919],[126.771913,37.3683975],[126.7718446,37.3684196],[126.7717304,37.3684601],[126.7713329,37.3686365],[126.7704949,37.369062],[126.7704654,37.3693232],[126.7704416,37.3696345],[126.7701525,37.3699627],[126.7697765,37.3703902],[126.769776,37.3703907],[126.7693264,37.3702641],[126.7692503,37.3702406],[126.7691633,37.3702343],[126.7691635,37.370234],[126.7689231,37.3702424],[126.7688117,37.3702465],[126.7684503,37.3704554],[126.7682477,37.3705813],[126.7680588,37.3706988],[126.7679001,37.3712218],[126.7676398,37.3715227],[126.7675988,37.371515],[126.7670707,37.3714166],[126.7670592,37.3714117],[126.7668976,37.3713419],[126.7667837,37.3712927],[126.7666093,37.3712214],[126.7665952,37.3712157],[126.7665698,37.3712048],[126.7664194,37.3711367],[126.7663857,37.3711344],[126.7663369,37.371136],[126.7662753,37.3711607],[126.7660897,37.3712353],[126.7659585,37.3712881],[126.7658374,37.3713368],[126.7655345,37.3713433],[126.7654464,37.3712588],[126.7649208,37.3707546],[126.7647573,37.3705978],[126.7647249,37.3705667],[126.7645608,37.3705505],[126.7643907,37.3705322],[126.7639204,37.3704789],[126.7636742,37.3704778],[126.7636547,37.3704777],[126.763441,37.3704767],[126.7633401,37.3704763],[126.7632977,37.3704766],[126.7630919,37.3705616],[126.763081,37.3705688],[126.7630479,37.3706001],[126.7628615,37.3707309],[126.7627439,37.3708452],[126.7627206,37.370903],[126.7625993,37.3712096],[126.7625484,37.3713385],[126.7625057,37.3715908],[126.7624969,37.3716427],[126.7623407,37.3717866],[126.7623404,37.3717869],[126.7618747,37.3722092],[126.7616698,37.3723862],[126.7609753,37.3729734],[126.7608191,37.3731195],[126.7607975,37.3731484],[126.760647,37.3733491],[126.7605129,37.3735282],[126.7602373,37.3734969],[126.760124,37.373484],[126.760028,37.3734754],[126.7599636,37.3734691],[126.75952,37.3732488],[126.7592084,37.3735708],[126.7586963,37.3738326],[126.7584382,37.3739883],[126.7579071,37.3742994],[126.7578483,37.374544],[126.757827,37.3746327],[126.7574758,37.3747614],[126.7568833,37.3749742],[126.7568243,37.3749954],[126.7567979,37.3750014],[126.7560375,37.37504],[126.7554419,37.3750752],[126.755096,37.3750953],[126.7545575,37.3751232],[126.7536661,37.3751702],[126.7536272,37.3751716],[126.7529335,37.375061],[126.7529317,37.3750607],[126.7528796,37.3750524],[126.7528674,37.37505],[126.7528161,37.3750665],[126.7515123,37.3754849],[126.750924,37.3752291],[126.7508181,37.3752102],[126.750772,37.375202],[126.7503307,37.3751121],[126.7501855,37.3750761],[126.7497316,37.3750581],[126.7493743,37.375054],[126.748715,37.3751527],[126.7484626,37.3751905],[126.7482166,37.3753477],[126.7477974,37.3755835],[126.7477724,37.3755967],[126.7472499,37.3758734],[126.7467553,37.3758793],[126.7465888,37.3757468],[126.7463079,37.3755232],[126.7460173,37.375468],[126.7458578,37.3754552],[126.7456905,37.3754188],[126.7452034,37.3753131],[126.7447033,37.3752045],[126.7445786,37.3752011],[126.7440372,37.3751745],[126.7436527,37.3750345],[126.7429599,37.3745989],[126.7424741,37.3742888],[126.742442,37.3742763],[126.7422548,37.3741997],[126.7422297,37.3741894],[126.7422044,37.3741732],[126.7421743,37.3741518],[126.7416638,37.3738212],[126.7416251,37.3737878],[126.7416301,37.3737622],[126.7416239,37.3736908],[126.7415967,37.3736026],[126.7415896,37.3735046],[126.741582,37.3734869],[126.7414324,37.3731371],[126.7412432,37.3727417],[126.7411,37.3728013],[126.7410857,37.3728073],[126.74092,37.3728764],[126.740916,37.372878],[126.7408768,37.3729018],[126.7408438,37.3728912],[126.740819,37.3728834],[126.7407827,37.3728709],[126.7407619,37.3728836],[126.7400732,37.3732885],[126.7400621,37.37325],[126.7399168,37.3732663],[126.7399243,37.3733743],[126.7395699,37.3735782],[126.7395095,37.3736119],[126.7395089,37.3736123],[126.7392544,37.3737644],[126.7390678,37.373876],[126.7390567,37.3738826],[126.7390135,37.3739084],[126.7390168,37.3739301],[126.7390586,37.3740424],[126.739108,37.3745694],[126.7391917,37.3754623],[126.7392697,37.3762943],[126.7393554,37.3772088],[126.7394592,37.3783156],[126.7395247,37.378564],[126.7396068,37.3787479],[126.740352,37.3804587],[126.7404872,37.3806385],[126.7412099,37.3812192],[126.7414803,37.3814364],[126.7416085,37.3814456],[126.7416468,37.3818027],[126.7416643,37.3819663],[126.7419642,37.3823276],[126.7420169,37.3823912],[126.7420732,37.3824741],[126.7420116,37.3825667],[126.7420484,37.3825726],[126.7420741,37.3825902],[126.7421657,37.3828332],[126.7422564,37.3829184],[126.7422717,37.3829404],[126.7422996,37.3829768],[126.7423204,37.3830115],[126.7424948,37.3833019],[126.7426005,37.3834779],[126.7427881,37.3837881],[126.7429557,37.3840246],[126.7430957,37.3842286],[126.7433052,37.384524],[126.7434161,37.3847018],[126.743484,37.3848108],[126.7438002,37.3853997],[126.7438334,37.3854558],[126.7441216,37.385943],[126.7442736,37.3861993],[126.7443632,37.3863506],[126.744364,37.3863599],[126.7443583,37.386372],[126.7441328,37.3864528],[126.744115,37.3864609],[126.7441054,37.3864672],[126.7440948,37.3864809],[126.7440909,37.3864874],[126.7440875,37.3864993],[126.7440902,37.386514],[126.7441458,37.3866105],[126.7442062,37.3867153],[126.7442181,37.3867211],[126.7442849,37.3867286],[126.7443102,37.3867301],[126.7443366,37.3867228],[126.7445438,37.3866182],[126.7445525,37.3866201],[126.7445603,37.3866225],[126.744565,37.3866268],[126.7446878,37.3868027],[126.7447621,37.3868689],[126.7449352,37.3869436],[126.7451169,37.3869975],[126.7451336,37.3870014],[126.7451471,37.3870103],[126.7452658,37.3871534],[126.7454437,37.3873735],[126.7456726,37.3876752],[126.7456755,37.3876859],[126.7456721,37.3877027],[126.7456689,37.3877111],[126.7456581,37.3877265],[126.7454145,37.3880924],[126.7453734,37.3881663],[126.7453247,37.3882087],[126.7452469,37.3882908],[126.7451351,37.3884562],[126.7451108,37.3885138],[126.7450414,37.3886976],[126.7450476,37.3887146],[126.7450544,37.3887293],[126.7450603,37.3887423],[126.7450692,37.3887533],[126.7452266,37.3888478],[126.7453137,37.3888901],[126.7454029,37.3889469],[126.7454311,37.3889648],[126.7455524,37.3890421],[126.7456322,37.3891041],[126.7456501,37.389112],[126.7456859,37.3891181],[126.7457648,37.3891271],[126.7457771,37.3891337],[126.7457823,37.3891398],[126.7457831,37.3891492],[126.7457819,37.3891657],[126.7457788,37.3891729],[126.7457764,37.3891754],[126.7457745,37.3891773],[126.7457653,37.3891834],[126.7457192,37.3891879],[126.7457104,37.3891895],[126.7456953,37.3891925],[126.7456768,37.3892011],[126.7456628,37.3892038],[126.7456449,37.3892013],[126.7456392,37.389198],[126.7456322,37.3891901],[126.7456308,37.3891817],[126.7456353,37.3891661],[126.7456365,37.3891606],[126.7456369,37.3891552],[126.7456339,37.3891454],[126.7455265,37.3890744],[126.7455152,37.3890684],[126.7453824,37.3890169],[126.7453644,37.38901],[126.7453489,37.389004],[126.7452375,37.3889608],[126.7452266,37.3889548],[126.7452239,37.3889507],[126.7452234,37.3889465],[126.7452234,37.3889427],[126.7452225,37.3889389],[126.7450304,37.3888247],[126.745017,37.3888167],[126.7449909,37.3887875],[126.7449075,37.3886699],[126.7449054,37.3886669],[126.744855,37.3886111],[126.7448045,37.3885431],[126.7447079,37.3884104],[126.7446805,37.3883827],[126.7442764,37.3877377],[126.7441693,37.3875668],[126.7440214,37.3873309],[126.7438233,37.3870146],[126.7438233,37.3870035],[126.7438593,37.3869369],[126.7439593,37.3868314],[126.74396,37.3868217],[126.7439575,37.3868105],[126.7438989,37.3867093],[126.7438469,37.3866195],[126.7438341,37.3866074],[126.7438274,37.3866011],[126.7438134,37.3865952],[126.7436807,37.3865967],[126.7436654,37.3865933],[126.7435905,37.3864623],[126.7435269,37.3863513],[126.7431378,37.3857236],[126.74268,37.3849849],[126.7424785,37.3846599],[126.7424309,37.3846092],[126.74232,37.3845291],[126.7421769,37.3844712],[126.7420868,37.3844612],[126.7419764,37.3844624],[126.7418102,37.3844842],[126.7415727,37.3845774],[126.7415582,37.384593],[126.7415514,37.384615],[126.7415813,37.3846588],[126.7415822,37.384675],[126.7402939,37.3851908],[126.740049,37.3852846],[126.7400465,37.3852987],[126.7402069,37.3856146],[126.7402075,37.3856238],[126.7402002,37.3856291],[126.7400668,37.3856845],[126.7400637,37.3856933],[126.7400651,37.3857107],[126.7400797,37.385734],[126.7405692,37.3865132],[126.74062,37.3865018],[126.7406637,37.3865759],[126.7409028,37.3869815],[126.7409013,37.3869946],[126.7408994,37.386996],[126.7408633,37.3870102],[126.7401102,37.3873059],[126.7387567,37.3878373],[126.7374781,37.3883393],[126.7374767,37.3883392],[126.7374744,37.3883391],[126.7356483,37.3872464],[126.735552,37.3872019],[126.735449,37.3871853],[126.7353795,37.3871843],[126.735286,37.3871875],[126.7352183,37.3871997],[126.7351351,37.3872356],[126.7348343,37.3873805],[126.7345271,37.3876005],[126.7343373,37.3877699],[126.7342857,37.387831],[126.7342045,37.387927],[126.7341455,37.3880256],[126.7340678,37.3881621],[126.7340618,37.3881727],[126.7339648,37.3884175],[126.7339154,37.3886155],[126.7339011,37.3887765],[126.7339062,37.3889146],[126.733916,37.3890775],[126.7339587,37.3892739],[126.7340405,37.3894951],[126.7341436,37.3896723],[126.7342344,37.3897963],[126.7343035,37.3898746],[126.734517,37.3901166],[126.734583,37.3901952],[126.7346093,37.3902812],[126.7346581,37.3903533],[126.7346752,37.3903764],[126.734722,37.3904399],[126.7348771,37.3906011],[126.7349809,37.3907027],[126.7350498,37.3907837],[126.7351099,37.3908428],[126.7351742,37.3909185],[126.7352957,37.3910332],[126.7353661,37.3910997],[126.7354401,37.3911468],[126.7355528,37.3912619],[126.7357694,37.3914849],[126.7359869,37.3916989],[126.7360842,37.3917946],[126.7367926,37.3925112],[126.7369514,37.3926718],[126.7374976,37.3932351],[126.7379213,37.3936721],[126.738137,37.3938946],[126.7388368,37.3946466],[126.7388703,37.3946896],[126.7388734,37.3946936],[126.7389853,37.394798],[126.7390987,37.3949074],[126.7391016,37.3949111],[126.7391668,37.3949823],[126.7392098,37.3950348],[126.7393044,37.39515],[126.7394572,37.3952632],[126.7394585,37.3952642],[126.7394656,37.3952723],[126.7394939,37.3953045],[126.739492,37.3953157],[126.7392703,37.3956866],[126.7392002,37.3958275],[126.7391984,37.3958479],[126.7392459,37.3959009],[126.7393105,37.395916],[126.7394292,37.3959096],[126.739439,37.3959019],[126.7394481,37.3958907],[126.7394664,37.3958542],[126.7396796,37.3954013],[126.7397395,37.3952741],[126.7397758,37.395209],[126.7398052,37.3952776],[126.7398302,37.3953152],[126.7399077,37.3954239],[126.7399548,37.3954747],[126.7401629,37.3956264],[126.7406998,37.3960216],[126.741762,37.3967988],[126.7422459,37.3971534],[126.7423539,37.3972327],[126.7425071,37.3973455],[126.7426461,37.3974478],[126.7430316,37.397732],[126.7435624,37.3981212],[126.7437647,37.3982732],[126.7439288,37.398361],[126.7440525,37.3984076],[126.7441542,37.3984401],[126.7442313,37.3984614],[126.7443303,37.3984831],[126.7444135,37.3984888],[126.7444513,37.3984896],[126.7446544,37.3984785],[126.7457166,37.3983389],[126.747002,37.398166],[126.7492285,37.3978694],[126.749517,37.3978333],[126.7497633,37.3978002],[126.7499206,37.3977791],[126.7500681,37.3977592],[126.7500842,37.397672]]]}},{"type":"Feature","properties":{"id":"yeonseong","name":"연성동","data_area_id":"yeonseong","adm_cd":"31150700","source":"경기도 시흥시 행정동경계_20250610 (공공데이터포털 15104305)","source_standard_date":"20230801"},"geometry":{"type":"Polygon","coordinates":[[[126.8098078,37.4050092],[126.8084816,37.4038874],[126.8082552,37.4036966],[126.8081137,37.4035774],[126.8082362,37.4035709],[126.8087308,37.4035666],[126.8090066,37.4035607],[126.8093405,37.4035849],[126.8094524,37.4035786],[126.8095361,37.4035739],[126.8100488,37.4035233],[126.8102747,37.4034895],[126.8103232,37.4034822],[126.8104092,37.4034872],[126.8106713,37.4035025],[126.8106929,37.4034941],[126.8108444,37.4034352],[126.8111174,37.4034152],[126.8112732,37.4034057],[126.8115008,37.4033975],[126.8120268,37.4033476],[126.8123443,37.4032431],[126.8125743,37.4032631],[126.8126076,37.403266],[126.8126841,37.4032529],[126.8140667,37.4030164],[126.8155902,37.4027559],[126.8157838,37.4025706],[126.815808,37.4025474],[126.8159788,37.4022262],[126.8161191,37.4021396],[126.8162927,37.4020184],[126.8163507,37.4019778],[126.8165174,37.4019082],[126.8167065,37.4017358],[126.8168706,37.4016119],[126.8168893,37.401562],[126.8169608,37.40137],[126.8169196,37.4012262],[126.8169179,37.4011965],[126.8169098,37.4010526],[126.817009,37.4008088],[126.8171856,37.4004875],[126.8174704,37.40002],[126.8175805,37.3998022],[126.8176517,37.3996612],[126.818041,37.3991764],[126.8182474,37.398919],[126.8182518,37.3989136],[126.818567,37.3985207],[126.8185768,37.3984602],[126.8186158,37.3982965],[126.8185955,37.398251],[126.8185768,37.3982089],[126.8184367,37.3978868],[126.8182999,37.3976694],[126.8181919,37.3974978],[126.8181446,37.3971571],[126.8181144,37.3969395],[126.817999,37.3967561],[126.8177935,37.3964294],[126.8178324,37.3961379],[126.8179983,37.3957675],[126.8180015,37.3957603],[126.8181263,37.3954716],[126.8182919,37.3951836],[126.8183733,37.3949918],[126.8185422,37.3947768],[126.81856,37.3947614],[126.8187661,37.3945833],[126.8190286,37.3940048],[126.81923,37.3935609],[126.8194864,37.3933426],[126.8195514,37.3931567],[126.8195198,37.3928345],[126.8195124,37.3927581],[126.8197172,37.3922247],[126.8197305,37.3922036],[126.8199161,37.3919079],[126.8199927,37.3917898],[126.8201373,37.3915671],[126.8207872,37.3907235],[126.820902,37.3905716],[126.8211199,37.3902833],[126.8214077,37.3900349],[126.8215952,37.3897208],[126.8217037,37.3896085],[126.8220944,37.3892042],[126.8222224,37.3890963],[126.8223457,37.3889932],[126.8223942,37.3889527],[126.8226624,37.3887213],[126.8227652,37.3886326],[126.8228117,37.3885873],[126.8234171,37.3882534],[126.8235915,37.3881598],[126.8239376,37.3879742],[126.8242701,37.3878054],[126.8245761,37.3876504],[126.8257833,37.3868263],[126.8262549,37.3865043],[126.8266014,37.3862796],[126.8266333,37.3862589],[126.8265525,37.3861774],[126.8262552,37.385878],[126.8257304,37.3853573],[126.8253249,37.3849474],[126.8253099,37.3849324],[126.8253152,37.3849303],[126.8253272,37.3849248],[126.8253429,37.3849196],[126.8252989,37.3848759],[126.825254,37.3848314],[126.8251835,37.3847525],[126.8251343,37.3846973],[126.825088,37.3846778],[126.8250091,37.3846582],[126.8248732,37.3845986],[126.8247547,37.3845624],[126.8246329,37.3845618],[126.8244706,37.3845325],[126.8243411,37.3845109],[126.8241003,37.3844877],[126.8239773,37.3844784],[126.8238706,37.3844511],[126.823818,37.3844381],[126.8237639,37.3844468],[126.823723,37.3844536],[126.823687,37.3844595],[126.8236821,37.3844603],[126.8236482,37.3844659],[126.8235017,37.38451],[126.823494,37.3845123],[126.8233573,37.3845258],[126.823256,37.384535],[126.8232541,37.3845362],[126.8231271,37.384542],[126.8229476,37.3845367],[126.8229335,37.384537],[126.8229347,37.3845317],[126.8229376,37.3844848],[126.8229237,37.3844233],[126.8229218,37.3844147],[126.8229154,37.3843672],[126.8228663,37.3842781],[126.822865,37.3841217],[126.822865,37.3841163],[126.8229093,37.3840659],[126.8229049,37.3840038],[126.822883,37.3839367],[126.8228597,37.3839076],[126.8228899,37.3837507],[126.8228802,37.3836456],[126.8229001,37.3834682],[126.8229116,37.3833889],[126.8229264,37.3832979],[126.8229085,37.3832052],[126.8226833,37.3831446],[126.8227126,37.3830926],[126.8227003,37.3829819],[126.822616,37.3827573],[126.8225554,37.3827071],[126.8225264,37.3826186],[126.8225032,37.3825864],[126.8224791,37.3825082],[126.8223966,37.3824395],[126.8224314,37.3824073],[126.8225132,37.3823693],[126.8225545,37.3823615],[126.822584,37.3823559],[126.8225875,37.3822778],[126.8225875,37.3822336],[126.8225865,37.3817864],[126.8222528,37.3809483],[126.8222499,37.3809411],[126.8222108,37.380838],[126.8217547,37.3793922],[126.8218005,37.3792071],[126.8219391,37.378929],[126.8220074,37.3789154],[126.8220844,37.3789001],[126.8222184,37.3788734],[126.8226838,37.3785775],[126.8236194,37.3779684],[126.8239113,37.3777699],[126.8239832,37.377712],[126.8242371,37.3775075],[126.8251716,37.3770276],[126.82545,37.3768846],[126.8256198,37.3767975],[126.8257321,37.3765129],[126.8258038,37.3763063],[126.8256945,37.3760956],[126.8256712,37.3760506],[126.8257109,37.3758326],[126.8258996,37.3755666],[126.8260005,37.3754788],[126.8261194,37.3753754],[126.8261315,37.3753649],[126.8261128,37.3752523],[126.8259562,37.374346],[126.8257996,37.3734397],[126.825643,37.3725334],[126.8255573,37.3725056],[126.8249369,37.3723041],[126.8241838,37.3720599],[126.8239917,37.3717208],[126.8233218,37.371339],[126.8228346,37.3710638],[126.8225667,37.371077],[126.821923,37.371098],[126.8209759,37.3708315],[126.8209276,37.3708556],[126.8203246,37.3711571],[126.8202831,37.3711778],[126.8200041,37.3713173],[126.8199614,37.3713386],[126.8196849,37.3714768],[126.8190323,37.3718031],[126.8182056,37.3722315],[126.8181189,37.3724611],[126.8180202,37.3727227],[126.8179919,37.3727976],[126.8179897,37.3728032],[126.8176737,37.373029],[126.8175985,37.3730407],[126.8170375,37.3731279],[126.8166023,37.3732045],[126.8162786,37.3732622],[126.8162677,37.3732958],[126.8161147,37.3737664],[126.8161665,37.3742579],[126.8160295,37.3745304],[126.8160304,37.3747936],[126.8160276,37.3748623],[126.8160106,37.375278],[126.8157511,37.3754241],[126.8156094,37.3755039],[126.8153751,37.3756457],[126.8142945,37.3762997],[126.8133028,37.3772145],[126.8139501,37.3774958],[126.8140036,37.3775817],[126.8140497,37.3777826],[126.814096,37.3778067],[126.8140672,37.3778593],[126.8141216,37.3780968],[126.8141494,37.3781133],[126.8141329,37.3781459],[126.8142741,37.3787622],[126.8142469,37.3788694],[126.8142244,37.3788944],[126.8129043,37.3782022],[126.8121434,37.3778219],[126.8112299,37.3776023],[126.8108864,37.3775225],[126.8101479,37.3773508],[126.8095729,37.3772171],[126.8093807,37.3771729],[126.8086241,37.3769988],[126.8081027,37.3768789],[126.8077413,37.3767957],[126.8066287,37.3765817],[126.8063034,37.3765192],[126.8063207,37.3764123],[126.8061897,37.376394],[126.8061938,37.3763655],[126.8062052,37.3763263],[126.8062146,37.3762823],[126.8062271,37.3762361],[126.8062725,37.3761196],[126.8062998,37.3760359],[126.8063072,37.3759937],[126.8064347,37.3758307],[126.8064389,37.3758245],[126.8065222,37.375702],[126.8064909,37.3754672],[126.8064414,37.3750962],[126.8064102,37.3750564],[126.8061767,37.3747585],[126.8061765,37.3747583],[126.8058086,37.374936],[126.8052459,37.3751394],[126.8051149,37.3751723],[126.8048368,37.3752408],[126.8038706,37.375488],[126.8037843,37.3755101],[126.8037215,37.3751388],[126.8036865,37.374954],[126.8036711,37.3748406],[126.8034786,37.3746702],[126.8028583,37.3741175],[126.8027193,37.3739988],[126.8025068,37.3738576],[126.8020974,37.3735987],[126.8015066,37.3732275],[126.8013447,37.3731308],[126.8011739,37.3730326],[126.8011621,37.3730258],[126.801038,37.3729631],[126.8009385,37.3728513],[126.800851,37.372764],[126.8007686,37.3724738],[126.8007879,37.3721492],[126.800761,37.3721147],[126.8006218,37.3718734],[126.8006048,37.3718568],[126.8005158,37.3717684],[126.8002897,37.3715391],[126.8002894,37.371539],[126.8001337,37.3714852],[126.8000623,37.3714293],[126.8000357,37.3713897],[126.8000174,37.3713697],[126.8000006,37.3713401],[126.7999677,37.3712589],[126.7997743,37.370785],[126.7997738,37.3707838],[126.7997734,37.3707828],[126.7997531,37.3707331],[126.7997486,37.3707219],[126.7997498,37.3707214],[126.799703,37.3706103],[126.7995399,37.3703693],[126.7992999,37.3700169],[126.7991893,37.3698544],[126.7991773,37.3698369],[126.799138,37.3697792],[126.7988726,37.3693983],[126.7987703,37.3692564],[126.7987638,37.3692356],[126.7987257,37.3691011],[126.7986879,37.3689899],[126.7985804,37.3686475],[126.7985418,37.3683735],[126.7985302,37.3682912],[126.7984602,37.3682106],[126.7984188,37.368163],[126.7984152,37.3681588],[126.7983145,37.3680428],[126.7981451,37.3679011],[126.7978991,37.3676759],[126.7972517,37.367234],[126.797111,37.3671325],[126.7971023,37.3671262],[126.7971004,37.3670317],[126.7970887,37.3664779],[126.7970453,37.3659721],[126.7964546,37.3662313],[126.7958321,37.3664486],[126.7954268,37.3665928],[126.7950968,37.3666044],[126.7946345,37.3665993],[126.7946038,37.3665899],[126.7943065,37.3664992],[126.7941938,37.3665662],[126.793893,37.3667773],[126.7937422,37.366795],[126.793244,37.3670205],[126.7932261,37.367054],[126.7931131,37.3672655],[126.7922914,37.3671283],[126.7920801,37.3671762],[126.7917273,37.3674386],[126.791613,37.3678359],[126.7914096,37.3678303],[126.7914026,37.3678448],[126.7913305,37.3679953],[126.7911693,37.3683319],[126.7911625,37.3683461],[126.7911641,37.3683499],[126.7912801,37.3686389],[126.791346,37.3688146],[126.7914309,37.3690408],[126.7913545,37.3692664],[126.7912442,37.3695923],[126.7912534,37.3699546],[126.79137,37.3700894],[126.792157,37.3709986],[126.7923686,37.3710157],[126.7927492,37.3711253],[126.7927865,37.3711437],[126.7929004,37.3713231],[126.7929252,37.3713592],[126.7929801,37.3714427],[126.7930921,37.3715473],[126.7931936,37.3716359],[126.7932907,37.3717947],[126.7933115,37.3718322],[126.7933749,37.3719467],[126.7934152,37.3720195],[126.7934111,37.3721611],[126.7934237,37.3724328],[126.7934311,37.3724841],[126.793454,37.3724894],[126.7935765,37.3724902],[126.7937951,37.3724915],[126.7939453,37.3725042],[126.7940079,37.3725318],[126.7940558,37.3725138],[126.7941758,37.3724689],[126.7941571,37.3722392],[126.794151,37.3721294],[126.7941494,37.3721012],[126.7941591,37.3720776],[126.7941977,37.3719831],[126.7942269,37.371968],[126.7944113,37.3718726],[126.7944962,37.3718369],[126.7950646,37.3715974],[126.7950201,37.3713697],[126.7950045,37.3712902],[126.7950008,37.3712711],[126.794922,37.370901],[126.7947581,37.370824],[126.7947038,37.3707985],[126.7943398,37.3706273],[126.7942356,37.3705588],[126.7939588,37.3703768],[126.7937371,37.370231],[126.7938918,37.369642],[126.7939075,37.3695822],[126.7939772,37.3693196],[126.7939851,37.3692895],[126.7940688,37.3689742],[126.7940922,37.3688857],[126.7940959,37.3688719],[126.7941914,37.3686164],[126.7942946,37.3683401],[126.7942961,37.3683361],[126.794319,37.3682749],[126.7943455,37.3682041],[126.7943962,37.3680551],[126.7943993,37.3680458],[126.7944026,37.3680371],[126.7947852,37.3679599],[126.7947855,37.3679598],[126.7948256,37.3679527],[126.7949296,37.3679341],[126.7949897,37.3677698],[126.7949973,37.3677489],[126.7950768,37.3675422],[126.7951321,37.3674025],[126.7953208,37.3674356],[126.7957368,37.3674652],[126.7958122,37.3674723],[126.7958968,37.3675777],[126.796012,37.3677237],[126.7958746,37.3682891],[126.7958697,37.3683092],[126.7958607,37.368347],[126.7958498,37.3684015],[126.7958937,37.3684275],[126.795933,37.3684507],[126.795957,37.3684648],[126.7961021,37.3685503],[126.796242,37.3686328],[126.7964273,37.3689982],[126.7964594,37.3690616],[126.7965793,37.369298],[126.7966563,37.3694498],[126.7966844,37.3695052],[126.7970973,37.3699454],[126.7972886,37.3701493],[126.7973005,37.3701621],[126.7973691,37.370281],[126.7976159,37.3707182],[126.7977305,37.3709397],[126.7979893,37.370657],[126.798163,37.3704692],[126.7981646,37.3704674],[126.7982747,37.3703484],[126.7984309,37.3701795],[126.7987755,37.3702596],[126.7988366,37.3702891],[126.7988448,37.3703308],[126.7988699,37.3704221],[126.7988689,37.3705317],[126.7989263,37.370915],[126.7989359,37.3709988],[126.7990245,37.3712061],[126.7991078,37.3714032],[126.7991264,37.3714474],[126.7991423,37.3714844],[126.7991938,37.3716062],[126.7992368,37.3717077],[126.7992957,37.371847],[126.7993148,37.3718921],[126.7993383,37.3719459],[126.799357,37.3719899],[126.7993479,37.3720019],[126.7993485,37.3720617],[126.7993602,37.3721417],[126.7993976,37.3723968],[126.7994169,37.3725094],[126.799462,37.372624],[126.7994794,37.3726806],[126.7994974,37.3727391],[126.7995289,37.3728415],[126.7995328,37.3728541],[126.7996266,37.3731546],[126.7996724,37.3733012],[126.7996818,37.3733316],[126.7997131,37.3734331],[126.7997209,37.3734736],[126.7997656,37.373705],[126.7998597,37.3741925],[126.7998613,37.3742008],[126.7998525,37.3742084],[126.7996397,37.3743919],[126.7995945,37.3744309],[126.7994836,37.3745266],[126.7994976,37.3745432],[126.7996417,37.3747146],[126.7997382,37.3748306],[126.7997066,37.3748474],[126.7995088,37.3749529],[126.7993814,37.3750209],[126.7991328,37.3751535],[126.7989271,37.3748474],[126.7988677,37.3747589],[126.7987716,37.3747421],[126.7987393,37.3747365],[126.7983984,37.3746768],[126.7983398,37.3746665],[126.7983828,37.3750935],[126.7982856,37.375363],[126.7982022,37.3755945],[126.7981316,37.3757905],[126.7980655,37.3758958],[126.7980424,37.3759326],[126.7979811,37.3760302],[126.7977528,37.3760888],[126.7976616,37.3761122],[126.7975437,37.376145],[126.7975041,37.3761561],[126.7974205,37.3761793],[126.7972285,37.3762395],[126.7972241,37.3762407],[126.7970685,37.3764178],[126.7970544,37.3764339],[126.7969083,37.3766002],[126.7967369,37.3769024],[126.7966555,37.3770519],[126.7965975,37.3771587],[126.796507,37.3773252],[126.7965065,37.3773273],[126.79648,37.3774457],[126.7964719,37.377482],[126.7964589,37.3775397],[126.7963998,37.3778269],[126.7963901,37.3778703],[126.7963727,37.3778955],[126.7963473,37.3779323],[126.7963062,37.3779962],[126.7959072,37.3786154],[126.795853,37.3786995],[126.795844,37.3787219],[126.7956849,37.3788985],[126.7956085,37.3789855],[126.795611,37.3789738],[126.7956166,37.3789349],[126.7956172,37.3789302],[126.7953627,37.3792128],[126.7953952,37.3792202],[126.7952633,37.3793668],[126.7952739,37.3793469],[126.7952243,37.3793735],[126.7951963,37.3794294],[126.7951708,37.3794258],[126.7949549,37.3796657],[126.7947921,37.3798569],[126.7947623,37.3798955],[126.7946134,37.3800669],[126.7944289,37.3802718],[126.7943721,37.3804834],[126.7942535,37.3809249],[126.7942526,37.3809415],[126.7942389,37.3811863],[126.7942329,37.3812943],[126.7942959,37.3813692],[126.7943632,37.3814304],[126.7944233,37.381485],[126.7946344,37.381656],[126.7947855,37.3817784],[126.7952515,37.381953],[126.795895,37.3820891],[126.7961113,37.3820729],[126.7960057,37.3822477],[126.7962603,37.3822413],[126.7965054,37.3822351],[126.7970368,37.3822216],[126.7970933,37.3822208],[126.7977751,37.3822104],[126.7977831,37.3822103],[126.7977864,37.3822103],[126.7977862,37.3822109],[126.7977652,37.3822691],[126.7977553,37.3823017],[126.7977301,37.3823851],[126.7977059,37.3825201],[126.7976986,37.3828042],[126.797699,37.3828135],[126.7977022,37.3828857],[126.7977025,37.3828925],[126.7977109,37.3830848],[126.7977205,37.3832573],[126.7977312,37.3834484],[126.7977536,37.3838479],[126.7974747,37.3838185],[126.79687,37.3837737],[126.7966988,37.3837605],[126.7965582,37.3837496],[126.79628,37.3837391],[126.795839,37.3837352],[126.7958059,37.3837349],[126.7953929,37.3837241],[126.7948921,37.3837232],[126.7948653,37.3837232],[126.7948303,37.3837231],[126.7941243,37.3837185],[126.7938209,37.3837112],[126.7932204,37.3836799],[126.7927853,37.3836471],[126.7923081,37.383611],[126.7919542,37.3835902],[126.7914696,37.3835625],[126.7913943,37.3835593],[126.7913106,37.3837206],[126.7912883,37.3837633],[126.7912122,37.3839092],[126.7908113,37.3846846],[126.7905332,37.3852132],[126.7900906,37.3860796],[126.7895947,37.3870477],[126.7894327,37.3873867],[126.7893146,37.3876111],[126.7890757,37.3880739],[126.7890709,37.3881127],[126.7890661,37.3881502],[126.7890754,37.3882794],[126.7891521,37.3884808],[126.7891535,37.3884843],[126.7892625,37.3887707],[126.789203,37.3887825],[126.7891521,37.3887928],[126.7891402,37.3887952],[126.7891409,37.3887967],[126.7891935,37.3889383],[126.7893057,37.38924],[126.7894409,37.3896035],[126.7895283,37.3898407],[126.789596,37.3900245],[126.7896222,37.3900898],[126.7896598,37.3901843],[126.7897039,37.3903049],[126.7897817,37.3905162],[126.7897991,37.3905624],[126.7898219,37.3906232],[126.7899436,37.3909547],[126.7900123,37.3911428],[126.7900879,37.391349],[126.7901131,37.3914178],[126.790143,37.3915012],[126.7901819,37.3915618],[126.7902997,37.3917468],[126.7903528,37.3918353],[126.7904988,37.3920914],[126.7905261,37.3921397],[126.7905463,37.3921762],[126.7905466,37.392176],[126.7907535,37.3925455],[126.7911276,37.3926884],[126.7912288,37.3927939],[126.7913374,37.3928981],[126.7914454,37.3930002],[126.7915318,37.3930819],[126.7915668,37.3931143],[126.7917481,37.3929908],[126.7917889,37.3930265],[126.7918499,37.3930799],[126.7918703,37.3930951],[126.7918823,37.3931054],[126.7915101,37.393361],[126.7913797,37.3935136],[126.7912391,37.3937151],[126.7910945,37.3939207],[126.7910653,37.3940078],[126.7910713,37.3941534],[126.7910436,37.3942707],[126.7909184,37.3944649],[126.7907881,37.3946027],[126.790282,37.3950913],[126.7902173,37.3951533],[126.7902801,37.3952187],[126.7900968,37.3955416],[126.7903255,37.3958456],[126.7903383,37.3959798],[126.7902905,37.3961042],[126.7901626,37.3962768],[126.7900494,37.3963855],[126.7902379,37.3969753],[126.7921252,37.3968751],[126.7921358,37.3969507],[126.7921374,37.3969623],[126.7910133,37.3970287],[126.7902764,37.3970723],[126.7896937,37.397117],[126.7893981,37.3971397],[126.7893575,37.3975591],[126.7900828,37.3979082],[126.7901833,37.3980806],[126.7902418,37.3983283],[126.7902171,37.3984298],[126.7902049,37.3985006],[126.7901259,37.3986392],[126.7897941,37.398945],[126.7896229,37.3991025],[126.7893193,37.3993896],[126.7890746,37.3996208],[126.7890133,37.3997343],[126.7889561,37.3998973],[126.7889447,37.4000318],[126.7889787,37.4004223],[126.7889985,37.4006425],[126.7890051,37.4007075],[126.7890215,37.4008622],[126.7890697,37.4012764],[126.7890904,37.4015808],[126.7890425,37.4017041],[126.7889299,37.4019934],[126.7890001,37.4025121],[126.7890907,37.4025063],[126.7891306,37.4025014],[126.7901504,37.4023835],[126.7901892,37.4023804],[126.7906394,37.4023806],[126.7907452,37.4023804],[126.7908202,37.4024153],[126.7908563,37.402432],[126.7912238,37.4026038],[126.7914194,37.4026952],[126.7914517,37.4026934],[126.7915408,37.4027147],[126.7915993,37.4027679],[126.7917116,37.4028213],[126.7920719,37.4029189],[126.7920677,37.4029859],[126.7919384,37.4031351],[126.7917586,37.4033427],[126.7916955,37.4033544],[126.7915718,37.4033375],[126.7914907,37.4033486],[126.7914057,37.4032534],[126.7911517,37.4029384],[126.7910461,37.4028726],[126.7909371,37.4028046],[126.790904,37.4027911],[126.7908178,37.4027558],[126.7907974,37.4027481],[126.7907548,37.4027422],[126.7907258,37.4027462],[126.790593,37.4027646],[126.7903104,37.4027973],[126.7902,37.4028175],[126.7900347,37.4028125],[126.7899238,37.4028091],[126.7897798,37.4027779],[126.7896222,37.4028557],[126.7894971,37.4029028],[126.7893325,37.4029424],[126.7891994,37.4030047],[126.7891576,37.4030734],[126.7890976,37.4032348],[126.7890963,37.4033536],[126.7890784,37.4033778],[126.7889014,37.4036397],[126.7888716,37.4036924],[126.7888675,37.4038053],[126.7889708,37.4039978],[126.789192,37.4041754],[126.7892499,37.4042338],[126.789393,37.4042902],[126.7897479,37.4045007],[126.7898701,37.4045541],[126.7899587,37.4045928],[126.7900885,37.4046494],[126.7901914,37.4047065],[126.7903048,37.4047694],[126.7903062,37.4042793],[126.7903064,37.4042052],[126.7903212,37.4042242],[126.7904297,37.4043642],[126.7905028,37.4044765],[126.7904103,37.4048321],[126.7904568,37.4048566],[126.7907934,37.4049979],[126.7911725,37.4051574],[126.7913677,37.4052387],[126.7916329,37.4052631],[126.7916473,37.4052644],[126.791767,37.4053045],[126.7917828,37.4053098],[126.7918551,37.4053339],[126.7919826,37.4052981],[126.7919896,37.4052962],[126.7919934,37.4052957],[126.7920737,37.4052387],[126.7923609,37.4051063],[126.7923784,37.4050982],[126.7925303,37.4050394],[126.7925671,37.4049993],[126.7926666,37.4049493],[126.7930065,37.4047359],[126.7932025,37.4046145],[126.7935353,37.4044071],[126.7936518,37.404301],[126.7939376,37.4040594],[126.7939413,37.4040548],[126.7940398,37.4040994],[126.7941772,37.4041616],[126.7942099,37.4041764],[126.7942502,37.4041947],[126.7943912,37.4042585],[126.794459,37.4043044],[126.7945998,37.4044263],[126.7946367,37.4044644],[126.7947803,37.4046091],[126.7948585,37.4047064],[126.7949785,37.4047991],[126.7950837,37.4048591],[126.7951997,37.4048791],[126.7953446,37.4049023],[126.7954569,37.4049142],[126.7955118,37.4049241],[126.7955209,37.4049257],[126.7956178,37.4049433],[126.7957379,37.4049545],[126.7958393,37.4050422],[126.7964351,37.4055486],[126.7966922,37.4057671],[126.7973667,37.4063352],[126.7979024,37.4067843],[126.7980035,37.4068692],[126.7982616,37.4070874],[126.7984841,37.4072742],[126.7989328,37.4076522],[126.8000054,37.4085585],[126.8003877,37.4088801],[126.8007824,37.4092211],[126.800811,37.4092454],[126.8008355,37.4092665],[126.8011408,37.4095338],[126.8015968,37.409933],[126.8016239,37.409957],[126.8016345,37.4099642],[126.80167,37.4099909],[126.8016686,37.4100005],[126.8024398,37.4106542],[126.8024514,37.4106454],[126.8048176,37.4088589],[126.804885,37.40881],[126.8055815,37.4082833],[126.8057066,37.4081887],[126.8071403,37.4071079],[126.8071786,37.4070788],[126.8098326,37.4050874],[126.8098664,37.4050624],[126.8098078,37.4050092]]]}},{"type":"Feature","properties":{"id":"janggok","name":"장곡동","data_area_id":"janggok","adm_cd":"31150710","source":"경기도 시흥시 행정동경계_20250610 (공공데이터포털 15104305)","source_standard_date":"20230801"},"geometry":{"type":"Polygon","coordinates":[[[126.7907535,37.3925455],[126.7905466,37.392176],[126.7905463,37.3921762],[126.7905261,37.3921397],[126.7904988,37.3920914],[126.7903528,37.3918353],[126.7902997,37.3917468],[126.7901819,37.3915618],[126.790143,37.3915012],[126.7901131,37.3914178],[126.7900879,37.391349],[126.7900123,37.3911428],[126.7899436,37.3909547],[126.7898219,37.3906232],[126.7897991,37.3905624],[126.7897817,37.3905162],[126.7897039,37.3903049],[126.7896598,37.3901843],[126.7896222,37.3900898],[126.789596,37.3900245],[126.7895283,37.3898407],[126.7894409,37.3896035],[126.7893057,37.38924],[126.7891935,37.3889383],[126.7891409,37.3887967],[126.7891402,37.3887952],[126.7891521,37.3887928],[126.789203,37.3887825],[126.7892625,37.3887707],[126.7891535,37.3884843],[126.7891521,37.3884808],[126.7890754,37.3882794],[126.7890661,37.3881502],[126.7890709,37.3881127],[126.7890757,37.3880739],[126.7893146,37.3876111],[126.7894327,37.3873867],[126.7895947,37.3870477],[126.7900906,37.3860796],[126.7905332,37.3852132],[126.7908113,37.3846846],[126.7912122,37.3839092],[126.7912883,37.3837633],[126.7913106,37.3837206],[126.7913943,37.3835593],[126.7914696,37.3835625],[126.7919542,37.3835902],[126.7923081,37.383611],[126.7927853,37.3836471],[126.7932204,37.3836799],[126.7938209,37.3837112],[126.7941243,37.3837185],[126.7948303,37.3837231],[126.7948653,37.3837232],[126.7948921,37.3837232],[126.7953929,37.3837241],[126.7958059,37.3837349],[126.795839,37.3837352],[126.79628,37.3837391],[126.7965582,37.3837496],[126.7966988,37.3837605],[126.79687,37.3837737],[126.7974747,37.3838185],[126.7977536,37.3838479],[126.7977312,37.3834484],[126.7977205,37.3832573],[126.7977109,37.3830848],[126.7977025,37.3828925],[126.7977022,37.3828857],[126.797699,37.3828135],[126.7976986,37.3828042],[126.7977059,37.3825201],[126.7977301,37.3823851],[126.7977553,37.3823017],[126.7977652,37.3822691],[126.7977862,37.3822109],[126.7977864,37.3822103],[126.7977831,37.3822103],[126.7977751,37.3822104],[126.7970933,37.3822208],[126.7970368,37.3822216],[126.7965054,37.3822351],[126.7962603,37.3822413],[126.7960057,37.3822477],[126.7961113,37.3820729],[126.795895,37.3820891],[126.7952515,37.381953],[126.7947855,37.3817784],[126.7946344,37.381656],[126.7944233,37.381485],[126.7943632,37.3814304],[126.7942959,37.3813692],[126.7942329,37.3812943],[126.7942389,37.3811863],[126.7942526,37.3809415],[126.7942535,37.3809249],[126.7943721,37.3804834],[126.7944289,37.3802718],[126.7946134,37.3800669],[126.7947623,37.3798955],[126.7947921,37.3798569],[126.7949549,37.3796657],[126.7951708,37.3794258],[126.7951963,37.3794294],[126.7952243,37.3793735],[126.7952739,37.3793469],[126.7952633,37.3793668],[126.7953952,37.3792202],[126.7953627,37.3792128],[126.7956172,37.3789302],[126.7956166,37.3789349],[126.795611,37.3789738],[126.7956085,37.3789855],[126.7956849,37.3788985],[126.795844,37.3787219],[126.795853,37.3786995],[126.7959072,37.3786154],[126.7963062,37.3779962],[126.7963473,37.3779323],[126.7963727,37.3778955],[126.7963901,37.3778703],[126.7963998,37.3778269],[126.7964589,37.3775397],[126.7964719,37.377482],[126.79648,37.3774457],[126.7965065,37.3773273],[126.796507,37.3773252],[126.7965975,37.3771587],[126.7966555,37.3770519],[126.7967369,37.3769024],[126.7969083,37.3766002],[126.7970544,37.3764339],[126.7970685,37.3764178],[126.7972241,37.3762407],[126.7972285,37.3762395],[126.7974205,37.3761793],[126.7975041,37.3761561],[126.7975437,37.376145],[126.7976616,37.3761122],[126.7977528,37.3760888],[126.7979811,37.3760302],[126.7980424,37.3759326],[126.7980655,37.3758958],[126.7981316,37.3757905],[126.7982022,37.3755945],[126.7982856,37.375363],[126.7983828,37.3750935],[126.7983398,37.3746665],[126.7983984,37.3746768],[126.7987393,37.3747365],[126.7987716,37.3747421],[126.7988677,37.3747589],[126.7989271,37.3748474],[126.7991328,37.3751535],[126.7993814,37.3750209],[126.7995088,37.3749529],[126.7997066,37.3748474],[126.7997382,37.3748306],[126.7996417,37.3747146],[126.7994976,37.3745432],[126.7994836,37.3745266],[126.7995945,37.3744309],[126.7996397,37.3743919],[126.7998525,37.3742084],[126.7998613,37.3742008],[126.7998597,37.3741925],[126.7997656,37.373705],[126.7997209,37.3734736],[126.7997131,37.3734331],[126.7996818,37.3733316],[126.7996724,37.3733012],[126.7996266,37.3731546],[126.7995328,37.3728541],[126.7995289,37.3728415],[126.7994974,37.3727391],[126.7994794,37.3726806],[126.799462,37.372624],[126.7994169,37.3725094],[126.7993976,37.3723968],[126.7993602,37.3721417],[126.7993485,37.3720617],[126.7993479,37.3720019],[126.799357,37.3719899],[126.7993383,37.3719459],[126.7993148,37.3718921],[126.7992957,37.371847],[126.7992368,37.3717077],[126.7991938,37.3716062],[126.7991423,37.3714844],[126.7991264,37.3714474],[126.7991078,37.3714032],[126.7990245,37.3712061],[126.7989359,37.3709988],[126.7989263,37.370915],[126.7988689,37.3705317],[126.7988699,37.3704221],[126.7988448,37.3703308],[126.7988366,37.3702891],[126.7987755,37.3702596],[126.7984309,37.3701795],[126.7982747,37.3703484],[126.7981646,37.3704674],[126.798163,37.3704692],[126.7979893,37.370657],[126.7977305,37.3709397],[126.7976159,37.3707182],[126.7973691,37.370281],[126.7973005,37.3701621],[126.7972886,37.3701493],[126.7970973,37.3699454],[126.7966844,37.3695052],[126.7966563,37.3694498],[126.7965793,37.369298],[126.7964594,37.3690616],[126.7964273,37.3689982],[126.796242,37.3686328],[126.7961021,37.3685503],[126.795957,37.3684648],[126.795933,37.3684507],[126.7958937,37.3684275],[126.7958498,37.3684015],[126.7958607,37.368347],[126.7958697,37.3683092],[126.7958746,37.3682891],[126.796012,37.3677237],[126.7958968,37.3675777],[126.7958122,37.3674723],[126.7957368,37.3674652],[126.7953208,37.3674356],[126.7951321,37.3674025],[126.7950768,37.3675422],[126.7949973,37.3677489],[126.7949897,37.3677698],[126.7949296,37.3679341],[126.7948256,37.3679527],[126.7947855,37.3679598],[126.7947852,37.3679599],[126.7944026,37.3680371],[126.7943993,37.3680458],[126.7943962,37.3680551],[126.7943455,37.3682041],[126.794319,37.3682749],[126.7942961,37.3683361],[126.7942946,37.3683401],[126.7941914,37.3686164],[126.7940959,37.3688719],[126.7940922,37.3688857],[126.7940688,37.3689742],[126.7939851,37.3692895],[126.7939772,37.3693196],[126.7939075,37.3695822],[126.7938918,37.369642],[126.7937371,37.370231],[126.7939588,37.3703768],[126.7942356,37.3705588],[126.7943398,37.3706273],[126.7947038,37.3707985],[126.7947581,37.370824],[126.794922,37.370901],[126.7950008,37.3712711],[126.7950045,37.3712902],[126.7950201,37.3713697],[126.7950646,37.3715974],[126.7944962,37.3718369],[126.7944113,37.3718726],[126.7942269,37.371968],[126.7941977,37.3719831],[126.7941591,37.3720776],[126.7941494,37.3721012],[126.794151,37.3721294],[126.7941571,37.3722392],[126.7941758,37.3724689],[126.7940558,37.3725138],[126.7940079,37.3725318],[126.7939453,37.3725042],[126.7937951,37.3724915],[126.7935765,37.3724902],[126.793454,37.3724894],[126.7934311,37.3724841],[126.7934237,37.3724328],[126.7934111,37.3721611],[126.7934152,37.3720195],[126.7933749,37.3719467],[126.7933115,37.3718322],[126.7932907,37.3717947],[126.7931936,37.3716359],[126.7930921,37.3715473],[126.7929801,37.3714427],[126.7929252,37.3713592],[126.7929004,37.3713231],[126.7927865,37.3711437],[126.7927492,37.3711253],[126.7923686,37.3710157],[126.792157,37.3709986],[126.79137,37.3700894],[126.7912534,37.3699546],[126.7909343,37.3700616],[126.790447,37.3702281],[126.7900676,37.3703005],[126.7898913,37.3703412],[126.7898706,37.3703518],[126.7898056,37.3703818],[126.7897507,37.3704074],[126.789629,37.3704599],[126.789562,37.3704876],[126.7895178,37.3705334],[126.7895176,37.3705337],[126.7893871,37.3706691],[126.7893361,37.3707104],[126.7893278,37.3707171],[126.7890823,37.37079],[126.7887928,37.370882],[126.7886888,37.3709151],[126.7884652,37.3709957],[126.7883443,37.3710416],[126.7881232,37.3711257],[126.7879832,37.3710885],[126.7874912,37.3709576],[126.7871231,37.3710634],[126.7871118,37.3710667],[126.7870446,37.371077],[126.7867394,37.3711072],[126.7866517,37.371123],[126.7860379,37.3712254],[126.785902,37.3712914],[126.785366,37.371545],[126.785205,37.3716224],[126.7851224,37.3721953],[126.7850525,37.3726775],[126.7848087,37.3732715],[126.7847366,37.3734723],[126.7847164,37.3734615],[126.7844996,37.3734192],[126.7840531,37.3733322],[126.7839054,37.3733985],[126.78341,37.3736127],[126.782568,37.3734726],[126.7822312,37.3734675],[126.7820427,37.3734527],[126.7816076,37.3738033],[126.7815006,37.3738669],[126.7812448,37.3740134],[126.7810122,37.3741271],[126.7808275,37.3742274],[126.7808205,37.3742304],[126.7807828,37.3742464],[126.7807503,37.3742603],[126.7805502,37.3743454],[126.7805059,37.3743617],[126.7804261,37.3743897],[126.7803899,37.3744001],[126.7802478,37.374473],[126.7800343,37.3745776],[126.7799971,37.3746175],[126.7797403,37.3748924],[126.7794971,37.3751217],[126.7794715,37.3751541],[126.7793964,37.375234],[126.7792418,37.3754077],[126.779137,37.3754555],[126.7789806,37.3755208],[126.7789488,37.3755369],[126.7788481,37.3755881],[126.7786209,37.3757093],[126.7784691,37.375822],[126.7784062,37.3758649],[126.7783332,37.3759146],[126.7781126,37.376067],[126.7779841,37.3761557],[126.7778553,37.3762158],[126.777628,37.3763254],[126.7771116,37.3765782],[126.7769023,37.3766792],[126.776716,37.3768022],[126.7764555,37.3769765],[126.7763994,37.3770081],[126.7761179,37.3771881],[126.7759908,37.3772694],[126.7756452,37.3774988],[126.7755645,37.3774779],[126.7755557,37.3774756],[126.7755178,37.3774831],[126.7754932,37.3774994],[126.7753799,37.3775744],[126.7752849,37.3776373],[126.7752424,37.3776502],[126.7750673,37.3777035],[126.7746237,37.3778312],[126.7745882,37.3778433],[126.7744129,37.3778979],[126.7734799,37.3777929],[126.7732695,37.3777692],[126.7721891,37.3771086],[126.7721713,37.3771467],[126.772116,37.3772652],[126.772128,37.3772977],[126.7720856,37.3773089],[126.7720903,37.3773971],[126.7721363,37.3774195],[126.7721445,37.3774638],[126.7721348,37.3774901],[126.772137,37.377557],[126.7721147,37.3776351],[126.7720874,37.3776738],[126.7720776,37.3777432],[126.7720462,37.3778124],[126.7721358,37.3779685],[126.7724042,37.378436],[126.7724425,37.3785443],[126.7724716,37.3786965],[126.7724666,37.3790923],[126.772464,37.3792972],[126.7724264,37.3796266],[126.7724182,37.3797222],[126.7724706,37.3799381],[126.772546,37.3802493],[126.7725535,37.3803466],[126.7725522,37.3804071],[126.7725795,37.3805435],[126.7725577,37.3806218],[126.7724962,37.3808555],[126.7725049,37.3810218],[126.7725104,37.3810605],[126.7725188,37.3811194],[126.7724874,37.3811742],[126.7724742,37.3811971],[126.7724353,37.3812445],[126.772382,37.3813094],[126.7723021,37.3814141],[126.7722888,37.3814352],[126.772245,37.3815038],[126.7721951,37.3815886],[126.7721463,37.3816609],[126.7721276,37.3816887],[126.7721208,37.3817259],[126.7721269,37.3817381],[126.7721497,37.3817835],[126.7721588,37.3818005],[126.7722069,37.3818901],[126.772232,37.3819367],[126.772234,37.3820498],[126.7722259,37.3821959],[126.7722995,37.3823634],[126.7723132,37.382362],[126.7723254,37.3823871],[126.7723576,37.3824605],[126.7723996,37.3825124],[126.7724523,37.3825773],[126.7725334,37.3826511],[126.7725625,37.3826787],[126.7725638,37.382688],[126.7725792,37.3828088],[126.7726487,37.3829217],[126.7726854,37.3831975],[126.772789,37.3835169],[126.7727876,37.3836017],[126.772799,37.3836562],[126.7728478,37.3838725],[126.7728999,37.3841122],[126.7729264,37.3842101],[126.7729651,37.3843499],[126.7729923,37.3844481],[126.7729668,37.3846034],[126.7729426,37.3847514],[126.7729623,37.3850157],[126.7730485,37.3851018],[126.7731043,37.3851575],[126.7731256,37.3851788],[126.7731491,37.3852096],[126.7733193,37.3854813],[126.7734313,37.3856302],[126.7734483,37.3856777],[126.7734977,37.3857529],[126.7735684,37.385829],[126.7737287,37.3860578],[126.7738868,37.3861756],[126.7739921,37.3862566],[126.7740762,37.3863778],[126.7741302,37.3864621],[126.7741279,37.386501],[126.7741268,37.3865574],[126.7741859,37.3866403],[126.7742011,37.3866771],[126.7741949,37.3867768],[126.7742624,37.386845],[126.7743683,37.386876],[126.774471,37.3869045],[126.774504,37.3869438],[126.7745066,37.3869469],[126.7744823,37.3870381],[126.7744445,37.3871796],[126.7744524,37.3873254],[126.774511,37.3873635],[126.7745944,37.3874107],[126.7747203,37.3875122],[126.7747055,37.3875731],[126.7746902,37.387657],[126.7747039,37.3876603],[126.7747418,37.38767],[126.7746285,37.3879378],[126.7745619,37.388101],[126.7744726,37.3883201],[126.774367,37.38837],[126.774326,37.3883894],[126.7743224,37.3886043],[126.7743186,37.3886684],[126.7743162,37.3887079],[126.7741891,37.3908291],[126.7741273,37.3918806],[126.7740839,37.3927696],[126.7740775,37.3929107],[126.7740567,37.3933669],[126.7740547,37.3934096],[126.7740527,37.3934529],[126.7748899,37.3929666],[126.7751153,37.3928456],[126.7761924,37.3922671],[126.7764741,37.3921164],[126.7765066,37.392099],[126.7768426,37.3919173],[126.7768955,37.3918988],[126.7769402,37.3918867],[126.7770419,37.3918686],[126.7771938,37.3918602],[126.7772733,37.3918694],[126.7773614,37.3918806],[126.7773996,37.3918917],[126.7774445,37.3919048],[126.7771938,37.3921518],[126.7774267,37.3924207],[126.7781328,37.3928542],[126.7783403,37.3928069],[126.7788767,37.3931729],[126.7789902,37.3933919],[126.7791941,37.3940567],[126.7795311,37.3945902],[126.7798644,37.3948086],[126.7800164,37.3947786],[126.7800409,37.3947691],[126.7802368,37.3946712],[126.7805984,37.3942462],[126.7808887,37.3939051],[126.7810301,37.3937904],[126.7812892,37.3935841],[126.7823226,37.3926565],[126.7828008,37.3921817],[126.7831068,37.391894],[126.7831196,37.391886],[126.7832394,37.3918287],[126.7833355,37.391781],[126.783357,37.3917704],[126.7835768,37.3916612],[126.7836993,37.3916494],[126.7837033,37.3916541],[126.7837045,37.3916552],[126.7837059,37.3916562],[126.7837076,37.391657],[126.7837094,37.3916576],[126.7837112,37.3916579],[126.7837131,37.391658],[126.783715,37.3916578],[126.7837169,37.3916573],[126.7837186,37.3916566],[126.7837411,37.3916454],[126.7840234,37.3916184],[126.78427,37.3915945],[126.7842239,37.3914368],[126.784365,37.3913428],[126.7845503,37.3912199],[126.7846404,37.3910776],[126.7847012,37.3909803],[126.7846993,37.3909764],[126.7847068,37.390972],[126.7847082,37.3909711],[126.7847093,37.39097],[126.7847103,37.3909688],[126.784711,37.3909675],[126.7847114,37.3909661],[126.7847115,37.3909647],[126.7847114,37.3909633],[126.784711,37.3909619],[126.7847103,37.3909606],[126.7847093,37.3909594],[126.7846713,37.390918],[126.7846618,37.3908982],[126.7845951,37.3908268],[126.7844497,37.3906689],[126.7843222,37.3905319],[126.7842983,37.3905045],[126.7842055,37.3904054],[126.7840015,37.3901847],[126.7838654,37.3900381],[126.7837529,37.3899172],[126.7834879,37.3896343],[126.7832709,37.3894015],[126.7832059,37.3893513],[126.7831883,37.3893375],[126.7832999,37.389265],[126.7833006,37.3892645],[126.7833013,37.3892639],[126.7833025,37.3892626],[126.7833034,37.3892612],[126.7833039,37.3892597],[126.7833041,37.3892581],[126.783304,37.3892566],[126.7833035,37.3892551],[126.7833027,37.3892536],[126.7833016,37.3892523],[126.7832251,37.3891774],[126.7832247,37.389177],[126.7832234,37.3891759],[126.7832219,37.389175],[126.7832202,37.3891743],[126.7832184,37.3891739],[126.7832165,37.3891737],[126.783215,37.3891737],[126.7832132,37.3891739],[126.7832116,37.3891743],[126.7832102,37.3891749],[126.7832088,37.3891757],[126.7832082,37.3891761],[126.7830848,37.3892562],[126.783023,37.3892077],[126.7827883,37.389025],[126.7826721,37.3889346],[126.7825274,37.3890256],[126.7821165,37.3886073],[126.7820426,37.3886071],[126.7820764,37.3885818],[126.7821878,37.3884994],[126.782273,37.3884343],[126.7822826,37.388427],[126.7822929,37.3884345],[126.7823545,37.3884793],[126.7823722,37.3884919],[126.7824926,37.3885773],[126.7826745,37.3887316],[126.7829247,37.3889051],[126.7831324,37.389052],[126.7834218,37.3892823],[126.7835376,37.3893764],[126.7836773,37.3894908],[126.7837312,37.3895342],[126.7838797,37.3894257],[126.7841644,37.3892117],[126.7841821,37.3892321],[126.7842078,37.3892648],[126.7842382,37.389283],[126.7842709,37.3893018],[126.7842858,37.3893057],[126.7840516,37.3895153],[126.7838979,37.3896493],[126.7838947,37.3896631],[126.784071,37.3898443],[126.7842931,37.3900705],[126.7843955,37.3901773],[126.7845139,37.3902988],[126.7847282,37.3905178],[126.7849171,37.39071],[126.7850867,37.3909191],[126.7849745,37.3911986],[126.7848937,37.391392],[126.7848304,37.3915432],[126.7849656,37.391691],[126.7850745,37.3918085],[126.7851599,37.3918907],[126.7854361,37.3921689],[126.7856446,37.392384],[126.7858057,37.3925586],[126.7860799,37.392907],[126.7861002,37.3929328],[126.7872028,37.3937457],[126.7873194,37.3938208],[126.7876192,37.3940212],[126.7878857,37.3944088],[126.7890946,37.3951643],[126.7894989,37.3954626],[126.7895107,37.3954713],[126.7895357,37.3954455],[126.7899692,37.394998],[126.7899949,37.3949819],[126.7901446,37.3948878],[126.7902829,37.394748],[126.7907302,37.3942894],[126.7910337,37.3936579],[126.7910665,37.3935825],[126.7912383,37.393338],[126.7915668,37.3931143],[126.7915318,37.3930819],[126.7914454,37.3930002],[126.7913374,37.3928981],[126.7912288,37.3927939],[126.7911276,37.3926884],[126.7907535,37.3925455]]]}},{"type":"Feature","properties":{"id":"jeongwang4","name":"정왕4동","data_area_id":"jeongwang4","adm_cd":"31150720","source":"경기도 시흥시 행정동경계_20250610 (공공데이터포털 15104305)","source_standard_date":"20230801"},"geometry":{"type":"Polygon","coordinates":[[[126.7395017,37.3663615],[126.7395844,37.3663336],[126.7397946,37.3663916],[126.7398003,37.3663733],[126.7400469,37.366245],[126.7400408,37.3662057],[126.7400228,37.3660902],[126.7400113,37.3660168],[126.7398205,37.3653822],[126.7398128,37.365365],[126.7398124,37.365364],[126.7394437,37.3648856],[126.7394369,37.3648769],[126.7387601,37.3639987],[126.7387436,37.3639773],[126.7384778,37.3636324],[126.7384747,37.3636284],[126.7384685,37.3636203],[126.7384651,37.3636159],[126.7384531,37.3636003],[126.7384478,37.3635934],[126.737645,37.3625517],[126.7373734,37.3621993],[126.7373626,37.3621853],[126.7371997,37.361974],[126.7370112,37.3616866],[126.7369377,37.3615748],[126.736935,37.3615706],[126.7369272,37.3615587],[126.7369038,37.3615231],[126.7366177,37.3610873],[126.736583,37.3610346],[126.736343,37.3606686],[126.7363271,37.3606248],[126.7362745,37.3604792],[126.7362529,37.3604192],[126.7361738,37.3602001],[126.736163,37.360109],[126.7361592,37.3600775],[126.7356926,37.36034],[126.7356402,37.3603695],[126.7355602,37.3604145],[126.7355449,37.36039],[126.7354356,37.360458],[126.7354082,37.3604751],[126.7352739,37.3605587],[126.7350007,37.3607288],[126.7349445,37.3607638],[126.7347408,37.3608906],[126.7341991,37.3612278],[126.7341689,37.3611963],[126.7341666,37.3611939],[126.7341133,37.3611382],[126.7341054,37.36113],[126.7341036,37.3611282],[126.733919,37.3609355],[126.7336461,37.3606507],[126.7335188,37.3605179],[126.7334958,37.3604943],[126.7330839,37.3600723],[126.7329492,37.3599343],[126.7329351,37.3599199],[126.7326973,37.3596728],[126.7326371,37.3596102],[126.7323619,37.3593242],[126.7322507,37.3592088],[126.7322436,37.3592013],[126.7322416,37.3591991],[126.7321289,37.3590806],[126.7316705,37.3585984],[126.7315604,37.3584825],[126.7315155,37.3584353],[126.7312294,37.3581343],[126.7311623,37.3580637],[126.7310563,37.3579522],[126.7309362,37.3578259],[126.7309299,37.3578192],[126.7308027,37.3576863],[126.7307369,37.3576422],[126.7306588,37.35759],[126.7306485,37.3575831],[126.7306254,37.3575677],[126.730506,37.3574484],[126.7304247,37.3573671],[126.7304044,37.3573401],[126.7303703,37.3572948],[126.7303107,37.3572155],[126.7299102,37.3568022],[126.7299051,37.3567969],[126.7298134,37.3567023],[126.7294764,37.3563545],[126.7293746,37.3562494],[126.7293721,37.3562468],[126.7293651,37.3562511],[126.7292088,37.3563483],[126.7290345,37.3564565],[126.7289887,37.356485],[126.728914,37.3565314],[126.7286933,37.3566685],[126.7285959,37.356729],[126.7284281,37.3568333],[126.7280609,37.3570614],[126.7279597,37.3571242],[126.7277228,37.3572714],[126.7274743,37.3574258],[126.727456,37.3574372],[126.7272197,37.357584],[126.727119,37.3576465],[126.7265137,37.3580225],[126.7263929,37.3580976],[126.7263483,37.3581253],[126.726199,37.3582181],[126.726195,37.3582205],[126.7259227,37.3583896],[126.7257489,37.3584976],[126.7254695,37.3586712],[126.7254043,37.3587117],[126.7248859,37.3590337],[126.7247256,37.3591333],[126.7243881,37.3593429],[126.7242171,37.3594492],[126.7240352,37.3595621],[126.7240206,37.3595712],[126.7238585,37.3596719],[126.7234369,37.3599338],[126.7229016,37.3602663],[126.7228889,37.3602742],[126.722884,37.3602772],[126.721954,37.3608549],[126.721952,37.3608561],[126.7219388,37.3608643],[126.7217829,37.3609612],[126.7217812,37.3609602],[126.7217798,37.3609595],[126.721725,37.3609917],[126.7215811,37.3610762],[126.7228531,37.3618104],[126.7232361,37.3620315],[126.7236189,37.3622524],[126.7239352,37.3624349],[126.7244773,37.3627479],[126.7249547,37.3630234],[126.7250295,37.3630666],[126.7254139,37.3632884],[126.7258345,37.3635311],[126.7262398,37.3637651],[126.7282207,37.3649083],[126.7282712,37.3649374],[126.7291523,37.3654459],[126.7313775,37.36673],[126.7317562,37.3669485],[126.7324163,37.3673294],[126.7327236,37.3675068],[126.7328849,37.3675998],[126.7331888,37.3677752],[126.7334427,37.3679217],[126.7337104,37.3680762],[126.7337839,37.3681186],[126.7339122,37.3681926],[126.7340277,37.3682592],[126.7341084,37.3682677],[126.734187,37.368266],[126.7342741,37.368257],[126.7343641,37.3682272],[126.7346048,37.3681475],[126.7345714,37.3681282],[126.7345867,37.3680208],[126.7356758,37.3676532],[126.7361221,37.3675025],[126.7368105,37.3672701],[126.7372308,37.3671282],[126.7381708,37.3668109],[126.7393098,37.3664263],[126.7395017,37.3663615]]]}},{"type":"Feature","properties":{"id":"baegot1","name":"배곧1동","data_area_id":"baegot1","adm_cd":"31150740","source":"경기도 시흥시 행정동경계_20250610 (공공데이터포털 15104305)","source_standard_date":"20230801"},"geometry":{"type":"Polygon","coordinates":[[[126.7350831,37.3853063],[126.7350884,37.3853052],[126.7351044,37.3853171],[126.7351329,37.3853729],[126.7351367,37.3853723],[126.7352111,37.3853385],[126.7352141,37.3853334],[126.7351892,37.3852789],[126.7352155,37.3852618],[126.7355893,37.3851284],[126.7358679,37.3850309],[126.7359892,37.3849885],[126.736357,37.3848263],[126.7367527,37.3846779],[126.7368083,37.384657],[126.737157,37.3845117],[126.7374533,37.3843967],[126.7376287,37.3843231],[126.7377101,37.3842927],[126.7377633,37.3842728],[126.7381102,37.3841435],[126.738498,37.3839794],[126.738868,37.3838351],[126.7393037,37.3836786],[126.7393557,37.3836547],[126.7403266,37.3832355],[126.741176,37.382903],[126.7413166,37.3828492],[126.7417143,37.3826971],[126.7417502,37.382683],[126.7418677,37.3826038],[126.7419684,37.3825604],[126.7420116,37.3825667],[126.7420732,37.3824741],[126.7420169,37.3823912],[126.7419642,37.3823276],[126.7416643,37.3819663],[126.7416468,37.3818027],[126.7416085,37.3814456],[126.7414803,37.3814364],[126.7412099,37.3812192],[126.7404872,37.3806385],[126.740352,37.3804587],[126.7396068,37.3787479],[126.7395247,37.378564],[126.7394592,37.3783156],[126.7393554,37.3772088],[126.7392697,37.3762943],[126.7391917,37.3754623],[126.739108,37.3745694],[126.7390586,37.3740424],[126.7390168,37.3739301],[126.7390135,37.3739084],[126.7389812,37.3738144],[126.7385328,37.3730929],[126.7382415,37.3726243],[126.73814,37.3724607],[126.738047,37.3723109],[126.7379715,37.3721894],[126.737778,37.3718807],[126.7376663,37.3717024],[126.737535,37.3714931],[126.7368289,37.3703666],[126.736823,37.3702882],[126.7368276,37.3702794],[126.7367647,37.3701899],[126.7366904,37.370092],[126.7366112,37.3699966],[126.7365271,37.369904],[126.7364343,37.3698068],[126.7363369,37.3697125],[126.7362944,37.3696741],[126.7362355,37.369621],[126.7361301,37.3695324],[126.7360208,37.3694469],[126.7359381,37.3693869],[126.7359076,37.3693647],[126.7357908,37.3692857],[126.7356759,37.3692138],[126.7355593,37.3691437],[126.7354409,37.3690755],[126.7350678,37.36886],[126.7348673,37.3687442],[126.7347232,37.3688988],[126.7344717,37.3687593],[126.7346119,37.3685966],[126.734177,37.3683455],[126.7340277,37.3682592],[126.7339122,37.3681926],[126.7334536,37.3684689],[126.7332037,37.3686195],[126.732993,37.3687465],[126.7324496,37.369074],[126.7324136,37.3690957],[126.7320597,37.369309],[126.7312171,37.3698167],[126.7311955,37.3698297],[126.7304917,37.3702538],[126.7304495,37.3702793],[126.7301375,37.3704673],[126.7300803,37.3705017],[126.7295671,37.370811],[126.7295,37.3708514],[126.7290771,37.3711063],[126.729037,37.3711304],[126.7286421,37.3713684],[126.7285252,37.3714388],[126.7282277,37.3716181],[126.7280068,37.3717512],[126.727324,37.3721626],[126.7271979,37.3722386],[126.7265774,37.3715749],[126.7262612,37.3712368],[126.7261292,37.3710955],[126.7256487,37.3705816],[126.7247437,37.3696135],[126.7247251,37.3695937],[126.7241934,37.369025],[126.7238817,37.3686915],[126.7237494,37.3685507],[126.7231804,37.3679447],[126.7186576,37.370669],[126.7180974,37.3710064],[126.717985,37.3710765],[126.7169016,37.3717519],[126.7169031,37.3717534],[126.7169166,37.3717666],[126.7169319,37.3717819],[126.7169475,37.3717979],[126.7169626,37.3718149],[126.7169778,37.3718328],[126.7169933,37.3718521],[126.7170087,37.3718725],[126.7170238,37.3718934],[126.7170388,37.3719141],[126.7170536,37.3719346],[126.7170684,37.3719541],[126.7170828,37.3719725],[126.7170975,37.3719891],[126.7171127,37.3720042],[126.7171273,37.3720183],[126.7171421,37.3720321],[126.7171568,37.3720457],[126.7171709,37.3720594],[126.7171847,37.372073],[126.717198,37.3720858],[126.7172118,37.3720977],[126.717226,37.3721088],[126.7172399,37.3721194],[126.7172527,37.3721296],[126.7172641,37.3721399],[126.7172729,37.3721502],[126.7172797,37.3721604],[126.717286,37.37217],[126.7172922,37.3721787],[126.7172988,37.3721856],[126.7173036,37.3721902],[126.7173066,37.372194],[126.7173066,37.3721965],[126.7173066,37.3721984],[126.7173066,37.3722005],[126.7173056,37.372203],[126.7173035,37.372204],[126.7173022,37.3722056],[126.7172994,37.3722067],[126.7172962,37.3722069],[126.7172938,37.372207],[126.7172907,37.3722076],[126.7172867,37.3722082],[126.7172811,37.3722089],[126.7172736,37.3722095],[126.7172646,37.3722103],[126.7172544,37.3722114],[126.7172427,37.3722129],[126.717227,37.3722144],[126.7172051,37.3722158],[126.7171762,37.3722163],[126.7171402,37.3722164],[126.7170993,37.3722168],[126.717058,37.3722179],[126.7170196,37.3722182],[126.7169867,37.3722172],[126.7169622,37.3722191],[126.7169496,37.3722273],[126.7169478,37.3722408],[126.7169535,37.3722559],[126.7169635,37.3722706],[126.7169768,37.3722834],[126.7169937,37.3722937],[126.7170149,37.372302],[126.7170208,37.372302],[126.7170396,37.3723072],[126.7170673,37.3723129],[126.7170968,37.3723169],[126.7171257,37.372319],[126.717153,37.3723205],[126.7171779,37.3723213],[126.7172006,37.3723236],[126.7172211,37.372329],[126.7172389,37.3723385],[126.7172541,37.372352],[126.717267,37.3723694],[126.717279,37.3723897],[126.7172892,37.3724118],[126.7172972,37.3724346],[126.7173036,37.3724573],[126.7173087,37.3724806],[126.7173131,37.372504],[126.7173174,37.3725269],[126.7173225,37.3725483],[126.7173276,37.3725678],[126.7173326,37.3725858],[126.7173372,37.3726028],[126.7173419,37.3726191],[126.7173468,37.3726354],[126.7173522,37.3726517],[126.7173576,37.3726677],[126.7173623,37.3726843],[126.7173652,37.3727006],[126.717366,37.3727152],[126.7173651,37.3727278],[126.7173647,37.3727389],[126.7173692,37.3727481],[126.7173811,37.3727521],[126.7173982,37.3727492],[126.7174179,37.372742],[126.7174386,37.372733],[126.7174594,37.3727231],[126.7174797,37.3727126],[126.7174982,37.3727025],[126.7175143,37.3726948],[126.7175278,37.3726902],[126.7175383,37.3726893],[126.7175462,37.3726954],[126.7175532,37.3727064],[126.71756,37.3727198],[126.7175664,37.3727345],[126.7175724,37.3727504],[126.7175801,37.372767],[126.7175896,37.3727849],[126.7176,37.3728041],[126.7176097,37.3728243],[126.7176179,37.3728444],[126.7176225,37.3728642],[126.7176232,37.372883],[126.7176243,37.3729001],[126.7176307,37.3729154],[126.7176418,37.3729298],[126.7176545,37.372944],[126.7176681,37.3729577],[126.7176829,37.3729698],[126.7176986,37.3729798],[126.7177155,37.3729868],[126.7177333,37.3729903],[126.7177519,37.3729908],[126.7177708,37.3729884],[126.7177901,37.3729868],[126.7178102,37.3729896],[126.7178315,37.3729957],[126.7178535,37.3730042],[126.7178748,37.3730148],[126.7178943,37.3730284],[126.7179129,37.3730447],[126.7179304,37.3730618],[126.7179458,37.3730792],[126.7179589,37.3730985],[126.7179712,37.3731199],[126.7179841,37.3731428],[126.7179967,37.3731662],[126.718008,37.3731889],[126.7180182,37.3732099],[126.7180294,37.3732283],[126.7180439,37.3732441],[126.718061,37.3732575],[126.7180799,37.3732694],[126.7181005,37.3732813],[126.718122,37.3732943],[126.7181439,37.3733093],[126.7181658,37.373327],[126.718189,37.3733472],[126.7182138,37.3733693],[126.7182393,37.3733933],[126.7182644,37.3734185],[126.7182886,37.3734449],[126.7183116,37.3734728],[126.7183172,37.3734865],[126.7183284,37.3734999],[126.7183497,37.373526],[126.7183709,37.3735502],[126.7183929,37.3735737],[126.7184154,37.3735966],[126.7184374,37.3736188],[126.7184595,37.3736402],[126.7184813,37.373661],[126.7185025,37.3736815],[126.7185226,37.3737017],[126.7185351,37.3737147],[126.7185413,37.373721],[126.7185607,37.3737381],[126.7185823,37.3737533],[126.7186044,37.3737679],[126.7186249,37.3737832],[126.7186432,37.3737994],[126.7186605,37.3738155],[126.7186772,37.3738314],[126.7186941,37.373847],[126.7187103,37.3738628],[126.7187246,37.3738799],[126.7187384,37.3738981],[126.7187522,37.3739165],[126.7187666,37.3739342],[126.7187805,37.3739521],[126.7187951,37.3739702],[126.7188112,37.3739892],[126.7188273,37.37401],[126.7188432,37.3740324],[126.7188604,37.3740552],[126.7188795,37.3740779],[126.7188991,37.3741014],[126.7189181,37.3741269],[126.718937,37.374153],[126.7189563,37.3741786],[126.7189755,37.3742033],[126.7189933,37.3742276],[126.7190097,37.3742511],[126.7190252,37.3742731],[126.71904,37.374293],[126.7190535,37.3743111],[126.7190662,37.3743278],[126.7190782,37.3743432],[126.7190885,37.3743574],[126.7190947,37.3743708],[126.7190941,37.3743837],[126.719088,37.3743961],[126.7190809,37.3744086],[126.7190759,37.3744207],[126.7190767,37.3744324],[126.7190862,37.3744427],[126.7191013,37.3744484],[126.7191178,37.3744487],[126.7191347,37.374444],[126.7191526,37.3744378],[126.7191715,37.3744311],[126.7191909,37.3744247],[126.7192095,37.3744191],[126.7192262,37.3744161],[126.7192394,37.3744166],[126.7192481,37.3744231],[126.719251,37.3744342],[126.7192486,37.3744476],[126.7192447,37.3744622],[126.7192428,37.3744774],[126.7192443,37.3744921],[126.7192498,37.3745062],[126.7192579,37.37452],[126.7192683,37.3745342],[126.7192807,37.374548],[126.7192949,37.3745611],[126.7193105,37.3745743],[126.7193274,37.3745877],[126.7193455,37.3746018],[126.7193639,37.3746173],[126.719382,37.3746349],[126.7194002,37.3746543],[126.7194179,37.374675],[126.719435,37.3746964],[126.7194513,37.3747182],[126.7194661,37.3747399],[126.7194795,37.3747596],[126.7194923,37.3747768],[126.719504,37.3747933],[126.7195123,37.3748105],[126.7195194,37.3748271],[126.7195267,37.3748422],[126.719535,37.3748554],[126.7195466,37.374866],[126.7195612,37.3748748],[126.7195767,37.3748821],[126.7195932,37.3748876],[126.7196117,37.3748912],[126.7196317,37.3748935],[126.7196504,37.3748972],[126.7196664,37.374904],[126.7196816,37.3749135],[126.7196985,37.3749225],[126.7197168,37.3749307],[126.7197339,37.3749394],[126.7197493,37.3749493],[126.7197616,37.3749599],[126.7197701,37.3749708],[126.7197737,37.3749827],[126.7197744,37.3749958],[126.7197746,37.3750004],[126.7197749,37.3750096],[126.7197771,37.3750229],[126.7197808,37.3750352],[126.7197857,37.3750466],[126.7197914,37.3750574],[126.719798,37.3750684],[126.7198054,37.3750792],[126.7198134,37.3750897],[126.7198171,37.375094],[126.7198315,37.3751163],[126.7198334,37.3751192],[126.7198385,37.3751246],[126.7198422,37.3751274],[126.7198513,37.3751302],[126.7198609,37.375132],[126.7198699,37.375134],[126.7198768,37.3751371],[126.7198816,37.3751419],[126.7198847,37.375148],[126.7198862,37.3751554],[126.7198874,37.375164],[126.7198904,37.3751737],[126.7198957,37.3751842],[126.7199013,37.3751953],[126.7199058,37.3752064],[126.7199095,37.3752171],[126.719913,37.3752269],[126.7199172,37.3752359],[126.7199234,37.3752435],[126.7199324,37.3752498],[126.7199435,37.3752556],[126.7199561,37.3752619],[126.7199695,37.3752683],[126.7199829,37.3752747],[126.7199964,37.3752804],[126.7200101,37.3752857],[126.7200228,37.3752903],[126.7200327,37.3752955],[126.7200414,37.3753024],[126.7200488,37.3753106],[126.7200529,37.3753195],[126.720054,37.3753299],[126.720055,37.3753408],[126.7200596,37.375351],[126.7200687,37.3753606],[126.7200801,37.3753702],[126.7200925,37.375379],[126.7201051,37.3753869],[126.7201167,37.3753947],[126.7201272,37.3754036],[126.7201362,37.3754135],[126.7201437,37.3754242],[126.7201505,37.3754348],[126.7201579,37.3754453],[126.7201669,37.3754548],[126.720178,37.375463],[126.7201904,37.3754705],[126.7202041,37.375478],[126.7202188,37.3754851],[126.720235,37.3754905],[126.7202512,37.3754944],[126.7202663,37.375498],[126.7202807,37.3755025],[126.7202938,37.3755083],[126.7203044,37.3755148],[126.7203118,37.3755222],[126.7203158,37.3755306],[126.7203171,37.37554],[126.7203171,37.3755495],[126.7203175,37.3755585],[126.7203204,37.3755668],[126.7203269,37.3755754],[126.7203359,37.3755855],[126.7203458,37.3755978],[126.7203559,37.3756112],[126.7203668,37.3756243],[126.7203792,37.3756367],[126.7203924,37.3756481],[126.7204061,37.3756595],[126.7204201,37.3756709],[126.7204334,37.3756827],[126.7204448,37.3756947],[126.7204536,37.3757064],[126.7204606,37.3757175],[126.7204675,37.3757276],[126.7204754,37.3757359],[126.7204854,37.3757416],[126.7204979,37.3757458],[126.7205116,37.3757491],[126.7205255,37.3757523],[126.7205388,37.3757561],[126.7205503,37.3757614],[126.7205596,37.3757694],[126.7205672,37.3757802],[126.7205748,37.3757931],[126.7205829,37.3758076],[126.7205909,37.3758231],[126.7205988,37.3758395],[126.7206065,37.3758567],[126.720615,37.3758739],[126.720625,37.3758904],[126.7206366,37.3759064],[126.7206488,37.3759232],[126.7206597,37.3759408],[126.7206697,37.3759578],[126.7206793,37.3759733],[126.7206885,37.3759887],[126.720697,37.3760045],[126.7207049,37.3760209],[126.7207122,37.376038],[126.720719,37.3760546],[126.7207252,37.3760701],[126.72073,37.3760845],[126.7207328,37.376098],[126.7207333,37.3761112],[126.7207322,37.3761238],[126.7207319,37.3761342],[126.7207318,37.376136],[126.7207325,37.3761474],[126.720735,37.3761576],[126.7207402,37.3761668],[126.7207494,37.3761747],[126.7207619,37.3761807],[126.7207757,37.376185],[126.7207887,37.3761889],[126.7207997,37.3761936],[126.7208063,37.376199],[126.7208067,37.3762057],[126.7208049,37.3762138],[126.7208039,37.3762222],[126.7208057,37.3762292],[126.7208104,37.3762349],[126.7208185,37.3762408],[126.7208294,37.3762461],[126.7208423,37.3762485],[126.7208565,37.3762479],[126.7208719,37.3762483],[126.720888,37.3762517],[126.7209041,37.3762572],[126.7209197,37.3762641],[126.7209343,37.3762716],[126.7209485,37.3762796],[126.7209628,37.3762875],[126.7209772,37.3762957],[126.7209911,37.3763038],[126.7210024,37.3763117],[126.7210094,37.3763194],[126.7210122,37.3763274],[126.7210111,37.3763358],[126.7210077,37.3763442],[126.7210061,37.3763528],[126.7210096,37.3763612],[126.721016,37.3763689],[126.7210239,37.3763771],[126.7210335,37.3763858],[126.7210445,37.376395],[126.7210569,37.3764046],[126.7210695,37.3764147],[126.721083,37.3764247],[126.7210972,37.3764345],[126.7211115,37.3764439],[126.7211257,37.3764534],[126.72114,37.3764631],[126.7211533,37.376473],[126.721164,37.3764832],[126.7211707,37.3764939],[126.7211744,37.3765057],[126.7211772,37.3765183],[126.7211803,37.3765315],[126.7211852,37.3765454],[126.7211919,37.3765604],[126.7211996,37.3765767],[126.7212077,37.3765934],[126.7212155,37.3766097],[126.7212232,37.3766249],[126.7212303,37.376638],[126.7212375,37.3766474],[126.7212469,37.3766521],[126.7212584,37.3766534],[126.7212709,37.376655],[126.7212829,37.3766583],[126.7212934,37.3766645],[126.721303,37.3766729],[126.7213124,37.3766828],[126.7213213,37.376693],[126.7213309,37.3767033],[126.7213426,37.3767124],[126.7213558,37.3767203],[126.7213689,37.3767273],[126.721381,37.3767344],[126.7213915,37.3767427],[126.7214,37.3767531],[126.721408,37.3767658],[126.7214157,37.3767804],[126.7214222,37.3767956],[126.721429,37.3768106],[126.7214366,37.3768218],[126.7214382,37.3768243],[126.7214497,37.3768363],[126.7214599,37.376846],[126.7214616,37.3768477],[126.7214729,37.3768592],[126.7214829,37.376871],[126.7214935,37.3768826],[126.7215052,37.376894],[126.7215175,37.3769057],[126.7215312,37.3769175],[126.7215456,37.3769282],[126.7215599,37.3769381],[126.7215744,37.3769475],[126.7215887,37.3769555],[126.7216028,37.3769629],[126.7216171,37.3769699],[126.7216305,37.3769772],[126.7216417,37.3769855],[126.7216505,37.3769955],[126.7216571,37.3770069],[126.7216617,37.3770197],[126.721666,37.377034],[126.7216714,37.3770495],[126.7216783,37.3770657],[126.7216869,37.3770822],[126.721697,37.3770982],[126.7217077,37.3771134],[126.7217186,37.3771277],[126.7217294,37.3771407],[126.7217409,37.377152],[126.7217524,37.3771617],[126.7217627,37.3771703],[126.7217706,37.3771791],[126.7217765,37.3771883],[126.7217809,37.3771986],[126.7217841,37.3772093],[126.7217862,37.3772196],[126.7217879,37.3772291],[126.7217906,37.3772385],[126.7217949,37.3772475],[126.7218002,37.3772569],[126.721806,37.3772664],[126.7218117,37.3772758],[126.7218181,37.3772845],[126.7218268,37.3772925],[126.7218367,37.3772999],[126.7218461,37.3773073],[126.7218538,37.3773154],[126.7218598,37.3773247],[126.7218609,37.3773269],[126.7218649,37.3773353],[126.7218691,37.3773476],[126.721873,37.3773624],[126.7218776,37.37738],[126.7218837,37.3773991],[126.7218912,37.3774181],[126.7218993,37.377436],[126.7219073,37.3774526],[126.7219159,37.3774683],[126.7219253,37.3774834],[126.7219283,37.3774874],[126.721936,37.3774979],[126.7219471,37.3775119],[126.7219584,37.3775262],[126.7219694,37.3775409],[126.7219794,37.3775552],[126.7219863,37.3775658],[126.7219969,37.3775799],[126.7220048,37.3775934],[126.7220126,37.3776067],[126.7220203,37.3776198],[126.7220279,37.3776333],[126.7220357,37.3776472],[126.7220449,37.3776609],[126.7220563,37.3776741],[126.7220692,37.3776863],[126.7220814,37.3776975],[126.7220918,37.3777082],[126.7221009,37.3777191],[126.7221091,37.3777304],[126.7221168,37.3777418],[126.7221243,37.3777533],[126.7221314,37.377765],[126.7221364,37.3777769],[126.7221394,37.3777894],[126.72214,37.3778026],[126.7221391,37.3778163],[126.7221364,37.3778301],[126.7221336,37.3778434],[126.7221325,37.3778563],[126.7221329,37.3778687],[126.7221334,37.3778809],[126.7221349,37.3778927],[126.7221388,37.3779035],[126.7221457,37.3779126],[126.7221558,37.3779196],[126.7221665,37.377922],[126.7221761,37.3779199],[126.7221809,37.3779153],[126.7221799,37.3779089],[126.7221775,37.377901],[126.7221766,37.3778919],[126.7221767,37.3778822],[126.7221774,37.377872],[126.7221787,37.3778611],[126.7221806,37.3778488],[126.7221828,37.3778354],[126.7221864,37.3778214],[126.7221936,37.3778077],[126.7222023,37.3777949],[126.7222123,37.3777834],[126.7222238,37.3777737],[126.7222368,37.3777666],[126.7222508,37.377762],[126.7222658,37.3777615],[126.7222815,37.3777646],[126.7222968,37.3777696],[126.7223106,37.3777758],[126.722322,37.3777832],[126.7223305,37.3777918],[126.7223371,37.3778023],[126.7223427,37.3778145],[126.7223477,37.3778263],[126.7223484,37.377828],[126.7223543,37.3778421],[126.7223591,37.3778558],[126.7223615,37.3778688],[126.7223596,37.3778805],[126.7223546,37.3778907],[126.7223485,37.3778999],[126.7223436,37.3779094],[126.7223421,37.3779194],[126.7223451,37.377929],[126.7223528,37.3779373],[126.7223618,37.3779443],[126.7223691,37.3779508],[126.7223734,37.3779581],[126.7223729,37.3779661],[126.7223691,37.3779744],[126.7223668,37.3779829],[126.7223691,37.3779909],[126.722376,37.3779972],[126.7223858,37.377999],[126.7223969,37.3779958],[126.7224085,37.3779902],[126.72242,37.3779841],[126.722432,37.3779783],[126.7224448,37.3779745],[126.7224587,37.377974],[126.7224731,37.3779763],[126.7224869,37.377981],[126.7224991,37.3779879],[126.7225092,37.3779963],[126.7225175,37.3780066],[126.7225239,37.3780188],[126.7225297,37.3780326],[126.7225368,37.3780475],[126.7225445,37.3780629],[126.7225521,37.3780784],[126.7225602,37.3780936],[126.7225703,37.3781075],[126.7225713,37.3781084],[126.7225827,37.3781195],[126.7225957,37.3781303],[126.7226087,37.3781405],[126.7226219,37.3781499],[126.7226358,37.3781574],[126.7226509,37.3781632],[126.7226659,37.3781698],[126.7226802,37.378178],[126.7226941,37.3781873],[126.7227069,37.3781971],[126.7227169,37.3782076],[126.7227241,37.3782184],[126.7227309,37.3782288],[126.7227403,37.378239],[126.7227528,37.3782497],[126.7227675,37.378261],[126.722783,37.3782724],[126.7227979,37.3782837],[126.7228111,37.378296],[126.7228228,37.3783085],[126.7228332,37.3783196],[126.7228432,37.3783286],[126.7228545,37.3783356],[126.7228666,37.3783422],[126.7228791,37.3783496],[126.7228906,37.3783576],[126.7229,37.3783666],[126.722906,37.3783772],[126.7229078,37.3783891],[126.7229076,37.3784017],[126.7229082,37.3784142],[126.7229108,37.3784261],[126.7229168,37.3784369],[126.7229267,37.378447],[126.7229393,37.3784561],[126.7229542,37.3784644],[126.7229694,37.3784724],[126.7229851,37.3784808],[126.7230009,37.3784901],[126.7230165,37.3785002],[126.7230318,37.3785107],[126.7230461,37.378521],[126.7230599,37.3785307],[126.7230729,37.3785401],[126.7230852,37.3785499],[126.7230966,37.3785602],[126.7231074,37.378571],[126.7231135,37.3785781],[126.7231171,37.3785822],[126.723126,37.378594],[126.7231348,37.3786067],[126.7231441,37.3786201],[126.7231533,37.3786339],[126.7231604,37.3786462],[126.7231614,37.3786481],[126.7231688,37.3786623],[126.7231763,37.3786768],[126.7231844,37.3786912],[126.7231925,37.3787054],[126.7232002,37.3787196],[126.723209,37.3787341],[126.7232193,37.378748],[126.7232307,37.3787613],[126.7232426,37.3787737],[126.7232541,37.3787854],[126.7232644,37.3787963],[126.7232742,37.3788062],[126.7232841,37.3788149],[126.7232958,37.3788219],[126.7233091,37.3788272],[126.723323,37.3788325],[126.7233374,37.3788386],[126.7233515,37.3788463],[126.7233643,37.3788558],[126.7233768,37.3788672],[126.7233879,37.3788804],[126.7233967,37.3788953],[126.723403,37.3789112],[126.723408,37.3789275],[126.723414,37.3789438],[126.7234216,37.3789594],[126.7234303,37.3789742],[126.7234393,37.3789886],[126.7234482,37.3790032],[126.7234569,37.3790181],[126.7234663,37.3790331],[126.7234769,37.3790476],[126.7234888,37.3790601],[126.7235016,37.3790703],[126.7235153,37.3790779],[126.7235296,37.3790838],[126.7235434,37.3790888],[126.7235566,37.3790935],[126.7235683,37.379099],[126.7235786,37.379106],[126.723588,37.3791142],[126.7235969,37.3791238],[126.7236058,37.3791351],[126.7236159,37.3791473],[126.7236279,37.37916],[126.7236414,37.379172],[126.7236556,37.3791837],[126.7236701,37.3791936],[126.7236834,37.3792009],[126.723694,37.3792095],[126.7237024,37.3792211],[126.7237111,37.3792344],[126.72372,37.3792482],[126.7237286,37.3792616],[126.723736,37.379273],[126.7237423,37.379281],[126.7237501,37.3792903],[126.7237538,37.3792934],[126.7237604,37.3793001],[126.7237699,37.3793083],[126.7237752,37.3793123],[126.7237873,37.3793202],[126.7237998,37.3793282],[126.7238121,37.3793365],[126.7238237,37.3793453],[126.7238347,37.3793546],[126.7238445,37.3793644],[126.7238524,37.379375],[126.7238591,37.3793858],[126.7238662,37.3793969],[126.7238738,37.3794082],[126.723882,37.379419],[126.7238908,37.3794291],[126.7239002,37.3794382],[126.7239094,37.3794463],[126.7239176,37.3794548],[126.7239246,37.3794637],[126.7239295,37.3794731],[126.7239331,37.3794837],[126.7239371,37.3794952],[126.7239423,37.3795074],[126.7239486,37.3795203],[126.7239556,37.3795329],[126.7239637,37.3795451],[126.7239722,37.3795572],[126.7239798,37.3795686],[126.7239857,37.3795782],[126.7239905,37.3795854],[126.7239942,37.3795905],[126.7239964,37.3795934],[126.7239987,37.3795952],[126.7240011,37.3795983],[126.7240047,37.3796025],[126.7240105,37.3796069],[126.7240176,37.3796107],[126.7240258,37.3796135],[126.7240348,37.3796144],[126.7240442,37.3796135],[126.7240535,37.3796111],[126.7240626,37.3796078],[126.7240712,37.3796042],[126.7240787,37.3796002],[126.724085,37.3795968],[126.7240902,37.3795941],[126.7240945,37.3795916],[126.724098,37.3795896],[126.7241011,37.3795882],[126.7241038,37.3795869],[126.724106,37.3795855],[126.7241089,37.3795841],[126.7241131,37.3795825],[126.7241175,37.3795807],[126.7241219,37.3795792],[126.7241264,37.3795785],[126.724131,37.3795784],[126.7241356,37.3795785],[126.7241394,37.379579],[126.7241401,37.3795815],[126.7241384,37.3795864],[126.7241352,37.3795932],[126.7241308,37.3796019],[126.7241258,37.3796119],[126.7241205,37.3796226],[126.7241152,37.3796331],[126.7241102,37.3796422],[126.7241068,37.3796496],[126.7241065,37.379656],[126.7241094,37.3796613],[126.7241158,37.3796665],[126.7241261,37.3796713],[126.724137,37.3796743],[126.7241458,37.3796774],[126.7241521,37.3796841],[126.7241569,37.3796954],[126.7241633,37.37971],[126.7241736,37.3797253],[126.724175,37.3797273],[126.7241807,37.3797355],[126.7241847,37.3797411],[126.7241863,37.3797437],[126.7241944,37.3797566],[126.7242033,37.3797717],[126.7242124,37.3797859],[126.7242232,37.379799],[126.7242361,37.3798114],[126.7242497,37.3798242],[126.7242632,37.3798379],[126.7242778,37.3798515],[126.7242895,37.3798614],[126.7242895,37.3798646],[126.7243051,37.3798776],[126.7243207,37.3798913],[126.7243359,37.3799053],[126.7243514,37.3799193],[126.7243683,37.3799329],[126.7243856,37.3799465],[126.7244023,37.3799607],[126.7244183,37.379976],[126.7244346,37.3799919],[126.7244512,37.3800072],[126.7244673,37.3800215],[126.7244829,37.3800352],[126.7244984,37.3800482],[126.7245142,37.3800605],[126.7245307,37.380073],[126.7245479,37.3800854],[126.7245649,37.3800973],[126.7245814,37.3801086],[126.7245969,37.3801191],[126.7246096,37.3801298],[126.7246181,37.3801416],[126.7246225,37.3801544],[126.7246243,37.3801683],[126.7246252,37.3801828],[126.7246279,37.3801974],[126.7246352,37.3802111],[126.7246481,37.3802232],[126.724665,37.3802343],[126.724681,37.380246],[126.7246937,37.3802597],[126.7247046,37.3802753],[126.7247168,37.3802913],[126.7247297,37.380306],[126.7247405,37.3803197],[126.7247487,37.3803334],[126.7247538,37.3803482],[126.7247561,37.3803647],[126.7247567,37.3803826],[126.7247586,37.3804013],[126.7247633,37.38042],[126.7247701,37.380439],[126.7247783,37.3804586],[126.724787,37.3804772],[126.7247971,37.3804949],[126.7248102,37.3805117],[126.7248259,37.3805278],[126.7248394,37.3805403],[126.7248434,37.3805441],[126.7248613,37.3805605],[126.7248781,37.380578],[126.7248941,37.3805961],[126.7249088,37.3806141],[126.7249233,37.3806315],[126.7249403,37.3806472],[126.7249571,37.3806611],[126.7249729,37.3806746],[126.7249888,37.3806879],[126.725,37.3806962],[126.7250055,37.3807002],[126.7250222,37.380712],[126.7250379,37.3807236],[126.7250533,37.3807352],[126.7250686,37.380747],[126.7250844,37.3807589],[126.7251015,37.3807705],[126.7251185,37.3807818],[126.725135,37.3807934],[126.7251514,37.3808042],[126.7251659,37.380814],[126.725179,37.3808234],[126.7251913,37.3808325],[126.7252029,37.3808416],[126.7252143,37.3808513],[126.7252255,37.3808618],[126.7252351,37.3808736],[126.7252438,37.3808853],[126.7252547,37.3808936],[126.7252679,37.3808982],[126.7252818,37.3809029],[126.7252949,37.3809099],[126.7253073,37.38092],[126.7253199,37.3809316],[126.7253316,37.3809436],[126.7253405,37.3809557],[126.7253436,37.3809681],[126.7253429,37.3809813],[126.7253449,37.3809953],[126.7253528,37.3810091],[126.7253645,37.3810226],[126.7253763,37.381036],[126.7253871,37.3810494],[126.7253975,37.3810627],[126.7254083,37.381075],[126.7254201,37.3810851],[126.7254315,37.3810942],[126.7254417,37.381104],[126.7254522,37.3811143],[126.7254628,37.3811248],[126.7254713,37.381136],[126.7254785,37.3811493],[126.7254875,37.3811637],[126.7254989,37.3811787],[126.7255107,37.381195],[126.7255224,37.3812118],[126.7255349,37.3812283],[126.7255487,37.3812438],[126.7255623,37.3812585],[126.7255754,37.3812731],[126.7255885,37.3812881],[126.7256012,37.3813025],[126.7256128,37.3813168],[126.7256241,37.3813303],[126.7256359,37.381342],[126.7256495,37.3813505],[126.7256644,37.381355],[126.7256811,37.3813557],[126.7256984,37.3813556],[126.7257146,37.381357],[126.7257273,37.3813611],[126.7257346,37.3813692],[126.725738,37.381381],[126.7257415,37.381395],[126.7257493,37.3814108],[126.7257604,37.381428],[126.7257717,37.3814452],[126.7257813,37.3814611],[126.7257894,37.3814749],[126.7257965,37.3814864],[126.7258039,37.381495],[126.7258138,37.3814987],[126.7258272,37.3814979],[126.7258428,37.3814984],[126.7258574,37.3815041],[126.7258682,37.3815145],[126.7258747,37.3815278],[126.7258795,37.3815422],[126.7258865,37.3815556],[126.725895,37.3815678],[126.7259046,37.3815788],[126.725915,37.3815876],[126.7259261,37.381594],[126.7259376,37.3815993],[126.7259496,37.3816047],[126.7259622,37.3816112],[126.7259753,37.3816184],[126.7259885,37.3816266],[126.7260003,37.3816358],[126.7260102,37.3816462],[126.7260185,37.3816577],[126.7260259,37.3816698],[126.7260324,37.3816826],[126.7260387,37.3816949],[126.7260473,37.3817066],[126.7260585,37.3817183],[126.7260713,37.3817304],[126.7260853,37.3817432],[126.7260999,37.381756],[126.7261143,37.381768],[126.7261273,37.3817795],[126.7261388,37.3817912],[126.7261494,37.3818032],[126.7261594,37.3818143],[126.7261682,37.3818237],[126.7261772,37.3818311],[126.7261868,37.3818385],[126.7261952,37.3818484],[126.7261971,37.3818521],[126.7262017,37.3818611],[126.7262069,37.3818753],[126.7262129,37.3818894],[126.7262226,37.3819023],[126.7262356,37.3819144],[126.7262505,37.3819272],[126.7262667,37.3819404],[126.7262833,37.3819537],[126.7263003,37.3819681],[126.7263166,37.3819832],[126.7263323,37.3819989],[126.7263488,37.3820149],[126.7263662,37.38203],[126.7263845,37.3820446],[126.7264034,37.3820586],[126.7264207,37.3820721],[126.7264354,37.3820858],[126.7264461,37.3821007],[126.7264536,37.3821174],[126.7264568,37.3821263],[126.7264597,37.3821308],[126.7264662,37.3821479],[126.7264752,37.3821631],[126.726487,37.3821763],[126.7265002,37.382188],[126.7265137,37.3821996],[126.726527,37.3822117],[126.7265397,37.3822247],[126.7265512,37.3822381],[126.7265626,37.3822513],[126.7265741,37.3822643],[126.7265857,37.3822778],[126.7265983,37.3822923],[126.7266132,37.3823067],[126.7266306,37.3823206],[126.7266481,37.3823344],[126.7266653,37.3823479],[126.726682,37.3823612],[126.7266971,37.3823744],[126.7267109,37.3823879],[126.726723,37.382402],[126.7267339,37.3824173],[126.7267447,37.3824336],[126.7267563,37.3824504],[126.72677,37.3824682],[126.7267857,37.3824864],[126.7268021,37.3825041],[126.7268193,37.38252],[126.7268363,37.3825341],[126.7268524,37.3825477],[126.7268671,37.3825617],[126.7268811,37.3825763],[126.7268956,37.382591],[126.7269116,37.3826061],[126.7269278,37.3826222],[126.7269439,37.3826396],[126.7269594,37.3826576],[126.7269735,37.3826757],[126.7269857,37.3826935],[126.726997,37.3827113],[126.7270097,37.3827287],[126.7270123,37.3827318],[126.7270236,37.3827452],[126.7270379,37.3827614],[126.727052,37.3827778],[126.7270653,37.382795],[126.7270778,37.3828127],[126.7270899,37.3828303],[126.7271017,37.3828467],[126.727113,37.3828612],[126.7271242,37.3828739],[126.7271353,37.3828856],[126.7271459,37.3828969],[126.727156,37.3829089],[126.7271658,37.382922],[126.7271752,37.3829365],[126.7271838,37.3829525],[126.7271918,37.3829692],[126.7271989,37.3829851],[126.7272056,37.3830002],[126.7272129,37.3830144],[126.727221,37.3830279],[126.7272288,37.3830411],[126.7272346,37.3830536],[126.7272385,37.3830661],[126.7272431,37.3830794],[126.7272489,37.3830933],[126.7272559,37.3831075],[126.727265,37.3831206],[126.7272774,37.3831313],[126.7272924,37.38314],[126.72731,37.3831474],[126.7273296,37.3831546],[126.7273494,37.3831617],[126.7273677,37.3831694],[126.7273839,37.3831782],[126.7273981,37.3831882],[126.727411,37.3831989],[126.7274234,37.3832101],[126.7274358,37.383222],[126.7274487,37.3832342],[126.7274608,37.383245],[126.7274621,37.3832461],[126.7274756,37.3832587],[126.72749,37.3832721],[126.7275057,37.3832864],[126.7275224,37.3833012],[126.7275389,37.3833163],[126.7275548,37.3833318],[126.7275695,37.3833477],[126.7275828,37.3833639],[126.7275952,37.3833805],[126.7276083,37.3833979],[126.7276226,37.3834163],[126.7276386,37.3834353],[126.727657,37.3834538],[126.727676,37.3834716],[126.7276931,37.3834899],[126.7277083,37.3835084],[126.7277211,37.3835266],[126.7277322,37.3835443],[126.727743,37.3835614],[126.7277546,37.383578],[126.727767,37.3835945],[126.72778,37.3836111],[126.7277937,37.3836282],[126.7278082,37.3836447],[126.7278234,37.3836607],[126.7278385,37.383676],[126.7278528,37.3836906],[126.7278664,37.383706],[126.7278803,37.383723],[126.7278946,37.383741],[126.7279093,37.3837591],[126.727924,37.3837772],[126.7279383,37.3837951],[126.7279525,37.3838125],[126.7279663,37.383829],[126.7279789,37.3838449],[126.7279904,37.3838599],[126.7280016,37.383874],[126.7280134,37.3838873],[126.7280252,37.3839007],[126.7280364,37.3839156],[126.7280466,37.3839317],[126.7280558,37.3839489],[126.7280653,37.3839665],[126.728075,37.3839847],[126.7280848,37.3840028],[126.7280943,37.3840203],[126.7281035,37.3840371],[126.7281121,37.3840531],[126.7281201,37.3840684],[126.7281274,37.3840835],[126.728134,37.3840992],[126.72814,37.3841159],[126.7281455,37.3841329],[126.72815,37.3841496],[126.7281539,37.384165],[126.7281569,37.3841787],[126.7281595,37.3841905],[126.7281616,37.3842009],[126.728162,37.3842101],[126.7281608,37.3842186],[126.7281576,37.3842273],[126.7281536,37.3842359],[126.7281505,37.3842443],[126.72815,37.3842527],[126.7281529,37.3842603],[126.7281586,37.3842672],[126.7281666,37.3842732],[126.7281755,37.3842793],[126.7281843,37.3842861],[126.7281928,37.3842936],[126.7282014,37.3843021],[126.7282102,37.3843116],[126.7282194,37.3843219],[126.728229,37.3843327],[126.728239,37.3843432],[126.7282501,37.3843531],[126.7282621,37.3843627],[126.7282754,37.3843717],[126.7282893,37.3843799],[126.7283035,37.3843879],[126.7283168,37.3843962],[126.7283297,37.3844056],[126.7283436,37.3844153],[126.7283593,37.3844245],[126.7283764,37.3844327],[126.7283944,37.3844403],[126.7284126,37.3844467],[126.7284307,37.3844507],[126.728449,37.3844522],[126.7284679,37.384452],[126.7284872,37.3844518],[126.7285059,37.3844518],[126.7285235,37.3844523],[126.7285416,37.3844548],[126.7285599,37.38446],[126.728579,37.3844666],[126.7285799,37.3844669],[126.7285988,37.3844739],[126.7286179,37.3844815],[126.7286357,37.3844897],[126.7286523,37.3844984],[126.7286666,37.3845088],[126.7286777,37.3845216],[126.7286851,37.3845363],[126.7286898,37.3845519],[126.7286934,37.3845678],[126.728696,37.3845842],[126.7286969,37.3846009],[126.7286969,37.3846168],[126.7286973,37.3846306],[126.7287009,37.384643],[126.728711,37.3846543],[126.7287282,37.3846639],[126.7287484,37.3846722],[126.7287681,37.3846798],[126.7287845,37.384688],[126.7287989,37.3846964],[126.728812,37.3847042],[126.7288264,37.3847105],[126.7288423,37.3847154],[126.7288571,37.3847182],[126.7288699,37.384718],[126.7288829,37.3847168],[126.7288974,37.3847171],[126.7289137,37.3847196],[126.728931,37.3847243],[126.7289478,37.384731],[126.7289639,37.3847394],[126.728979,37.3847492],[126.7289929,37.3847599],[126.7290051,37.3847718],[126.7290164,37.3847844],[126.729028,37.3847975],[126.7290612,37.3848263],[126.7290722,37.3848375],[126.7290844,37.3848504],[126.7290877,37.3848539],[126.7291007,37.3848674],[126.729113,37.3848805],[126.7291241,37.3848934],[126.7291341,37.3849063],[126.7291434,37.3849196],[126.7291532,37.3849337],[126.7291534,37.384934],[126.7291638,37.384949],[126.7291741,37.3849639],[126.7291844,37.3849786],[126.7291941,37.3849926],[126.7292036,37.3850068],[126.7292128,37.3850216],[126.7292223,37.3850372],[126.7292316,37.3850535],[126.7292416,37.3850705],[126.7292527,37.3850875],[126.729265,37.3851043],[126.7292779,37.3851211],[126.72929,37.3851376],[126.7293011,37.3851544],[126.7293113,37.385172],[126.7293209,37.3851901],[126.7293303,37.3852078],[126.7293401,37.3852244],[126.7293501,37.3852397],[126.7293614,37.3852537],[126.7293733,37.3852669],[126.7293847,37.3852798],[126.7293956,37.3852928],[126.7294061,37.3853055],[126.7294174,37.3853177],[126.7294297,37.3853298],[126.7294432,37.3853424],[126.7294572,37.3853557],[126.7294724,37.3853688],[126.7294878,37.3853818],[126.7295026,37.3853945],[126.7295162,37.385407],[126.7295283,37.3854189],[126.7295393,37.3854299],[126.7295498,37.3854401],[126.72956,37.385449],[126.7295631,37.3854513],[126.7295698,37.3854562],[126.7295778,37.385463],[126.7295836,37.3854689],[126.7295871,37.3854739],[126.7295908,37.3854785],[126.7295947,37.3854817],[126.7295975,37.3854834],[126.7295988,37.3854841],[126.7298039,37.3856859],[126.7299071,37.3857785],[126.7299682,37.3857887],[126.730034,37.3858023],[126.7300984,37.3858283],[126.7302471,37.3859229],[126.7306827,37.386209],[126.7307633,37.3862811],[126.7308293,37.3863483],[126.7308767,37.3864048],[126.7309142,37.3864534],[126.7309474,37.3865354],[126.730972,37.3865687],[126.7310364,37.3865807],[126.7311124,37.3865971],[126.7312024,37.386599],[126.7313356,37.3865842],[126.7315179,37.3865343],[126.73165,37.3864918],[126.7316711,37.386485],[126.7318055,37.3864576],[126.7321694,37.3864143],[126.7323631,37.3863921],[126.7326333,37.3863381],[126.7329553,37.3862219],[126.7334301,37.3860321],[126.7334858,37.3860099],[126.7336103,37.3859601],[126.734176,37.3857366],[126.7341999,37.3857258],[126.734213,37.3857199],[126.7342772,37.3856908],[126.7344179,37.3855832],[126.7344566,37.3855605],[126.7348676,37.3853885],[126.7349948,37.3853399],[126.7350027,37.3853369],[126.7350831,37.3853063]]]}},{"type":"Feature","properties":{"id":"baegot2","name":"배곧2동","data_area_id":"baegot2","adm_cd":"31150750","source":"경기도 시흥시 행정동경계_20250610 (공공데이터포털 15104305)","source_standard_date":"20230801"},"geometry":{"type":"Polygon","coordinates":[[[126.7337104,37.3680762],[126.7334427,37.3679217],[126.7331888,37.3677752],[126.7328849,37.3675998],[126.7327236,37.3675068],[126.7324163,37.3673294],[126.7317562,37.3669485],[126.7313775,37.36673],[126.7291523,37.3654459],[126.7282712,37.3649374],[126.7282207,37.3649083],[126.7262398,37.3637651],[126.7258345,37.3635311],[126.7254139,37.3632884],[126.7250295,37.3630666],[126.7249547,37.3630234],[126.7244773,37.3627479],[126.7239352,37.3624349],[126.7236189,37.3622524],[126.7232361,37.3620315],[126.7228531,37.3618104],[126.7215811,37.3610762],[126.7214263,37.3609868],[126.7213686,37.3610224],[126.7212403,37.3609454],[126.7212418,37.3610806],[126.7212233,37.3610916],[126.7203158,37.360567],[126.719603,37.3601548],[126.7193321,37.3599982],[126.7185961,37.3595726],[126.7185172,37.359527],[126.7183503,37.3594301],[126.7180003,37.3592269],[126.7173449,37.3588464],[126.7170931,37.3587002],[126.7170925,37.3586999],[126.7169053,37.3585912],[126.7166108,37.3584203],[126.7163153,37.3582487],[126.7160528,37.3580963],[126.7157478,37.3579192],[126.7152526,37.3576317],[126.7147516,37.3573409],[126.714473,37.3571791],[126.7131211,37.3563942],[126.7131116,37.3564234],[126.7130251,37.3566882],[126.7130239,37.3567067],[126.7130229,37.3567207],[126.7130224,37.3567277],[126.713009,37.3569328],[126.712993,37.3571774],[126.712887,37.3572708],[126.7128173,37.3573888],[126.7127695,37.3575433],[126.7126744,37.3579337],[126.7126006,37.3579673],[126.7123504,37.3577889],[126.7119442,37.35778],[126.71172,37.3578694],[126.7115617,37.3578791],[126.7114319,37.3577322],[126.7112176,37.3576992],[126.7110947,37.3578198],[126.7109785,37.3578086],[126.7108908,37.3577642],[126.7107925,37.3577144],[126.7105553,37.3575709],[126.7102662,37.3575938],[126.7100426,37.3574416],[126.7097505,37.3571135],[126.7096221,37.3569427],[126.7093182,37.3566316],[126.7091405,37.3565429],[126.7089957,37.3563835],[126.708778,37.3561438],[126.7085931,37.3560289],[126.708448,37.3558831],[126.7082177,37.3553009],[126.7081615,37.3549052],[126.7079426,37.3545742],[126.7076751,37.3543653],[126.7075206,37.3543212],[126.7076269,37.3541733],[126.7072931,37.3539779],[126.7067147,37.3536393],[126.7061709,37.3533208],[126.7053478,37.3528389],[126.7042498,37.352196],[126.7042056,37.35217],[126.7041857,37.3521584],[126.7033527,37.3516706],[126.7032992,37.3512821],[126.7032052,37.3512729],[126.7031913,37.3512892],[126.7031385,37.3513258],[126.7020542,37.3521726],[126.7015275,37.352584],[126.7004968,37.3535618],[126.7004321,37.3536531],[126.7004164,37.3537213],[126.7003964,37.3537917],[126.7003843,37.3538587],[126.7003801,37.3539887],[126.7003875,37.3541135],[126.7004102,37.35424],[126.7004397,37.3543456],[126.7004706,37.3544361],[126.7007076,37.3547982],[126.7019946,37.3561556],[126.7021592,37.3563091],[126.7022606,37.3564036],[126.7024025,37.3565394],[126.7025322,37.3566773],[126.7026556,37.3568226],[126.7027764,37.356956],[126.7029206,37.3571195],[126.7030469,37.3572518],[126.7031696,37.3573735],[126.703321,37.3575411],[126.7034315,37.3576577],[126.7035532,37.3577811],[126.7038222,37.3580683],[126.7040936,37.3583642],[126.7045375,37.3588328],[126.7046681,37.3589673],[126.7048416,37.3591332],[126.7053862,37.3597079],[126.7054107,37.3597344],[126.7059661,37.3603335],[126.7065264,37.3609347],[126.707214,37.3616617],[126.7078157,37.3623019],[126.7083659,37.3628871],[126.7083757,37.3629334],[126.7083972,37.3630719],[126.7084045,37.3630886],[126.7084644,37.363156],[126.7084634,37.3631657],[126.7083798,37.3632155],[126.7083666,37.3632309],[126.7083644,37.3632591],[126.7082181,37.3633473],[126.7085558,37.3637215],[126.7087888,37.3635902],[126.7088161,37.3635742],[126.7088284,37.3635727],[126.7088427,37.3635748],[126.7088526,37.3635799],[126.7088842,37.3636121],[126.7092115,37.3639467],[126.7095139,37.3642591],[126.7098197,37.3645953],[126.7098744,37.3646525],[126.7101222,37.3649116],[126.7104759,37.3652877],[126.7108154,37.365662],[126.7108516,37.365699],[126.7109743,37.3658249],[126.7110965,37.3659501],[126.7114466,37.3663308],[126.7115767,37.3664681],[126.7116489,37.3665442],[126.7119667,37.3668793],[126.7121258,37.3670555],[126.7125615,37.367538],[126.7125995,37.3675576],[126.7126135,37.3675544],[126.7126233,37.3675529],[126.7126414,37.3675534],[126.712653,37.3675588],[126.7126552,37.3675982],[126.7126374,37.3676161],[126.7126386,37.3676272],[126.7126442,37.3676305],[126.7128596,37.3678478],[126.7134195,37.368444],[126.7139184,37.3689828],[126.7143621,37.3694498],[126.7144083,37.3694746],[126.7144659,37.3694787],[126.7146055,37.3694751],[126.7146466,37.3694786],[126.7146721,37.3694964],[126.7147196,37.3695475],[126.7147657,37.3695981],[126.7148104,37.3696454],[126.7148357,37.3696575],[126.7148853,37.3696719],[126.7149123,37.3696713],[126.7149377,37.3696685],[126.7149391,37.3696685],[126.7149496,37.3696729],[126.7153163,37.3700885],[126.7153128,37.3701232],[126.7153132,37.3701814],[126.71532,37.370236],[126.715319,37.3702785],[126.7153176,37.3702861],[126.7153137,37.370293],[126.7153041,37.3703016],[126.7152804,37.3703186],[126.7151315,37.3704528],[126.7150588,37.3705178],[126.7147372,37.3707019],[126.7147031,37.370739],[126.7147019,37.3707922],[126.7147277,37.3708272],[126.7147382,37.3708308],[126.7147973,37.3708513],[126.7148427,37.370857],[126.7148947,37.3708481],[126.7149229,37.370837],[126.7150722,37.3707283],[126.7152416,37.3706244],[126.7153019,37.3706028],[126.7153737,37.3705703],[126.7154306,37.3705146],[126.7154569,37.370497],[126.7154728,37.3704942],[126.7154757,37.3704941],[126.7154991,37.3704936],[126.7155136,37.3704929],[126.7155764,37.370496],[126.7156134,37.3705015],[126.7156295,37.3705105],[126.7156477,37.3705196],[126.7156746,37.3705343],[126.7157005,37.3705357],[126.7157235,37.3705355],[126.7157255,37.3705355],[126.7157284,37.3705355],[126.7157312,37.3705355],[126.7157348,37.3705355],[126.7157387,37.3705355],[126.7157421,37.3705352],[126.7157466,37.3705353],[126.7157496,37.3705375],[126.7157516,37.3705399],[126.7157544,37.3705437],[126.7157574,37.3705482],[126.7157612,37.3705525],[126.7157663,37.3705576],[126.7157722,37.3705638],[126.7157788,37.3705709],[126.7157863,37.3705786],[126.7157948,37.3705866],[126.7158037,37.3705948],[126.7158129,37.3706027],[126.7158212,37.3706099],[126.7158281,37.3706167],[126.7158338,37.3706226],[126.7158383,37.3706277],[126.7158412,37.3706335],[126.7158426,37.3706403],[126.7158427,37.3706481],[126.7158407,37.3706568],[126.7158368,37.3706664],[126.7158311,37.3706766],[126.715824,37.3706869],[126.7158154,37.3706971],[126.7158061,37.3707081],[126.715797,37.3707199],[126.7157893,37.3707327],[126.7157837,37.3707463],[126.7157804,37.3707609],[126.7157804,37.3707766],[126.7157847,37.3707929],[126.7157911,37.3708097],[126.7157955,37.3708271],[126.7157945,37.3708455],[126.7157873,37.3708653],[126.7157757,37.3708858],[126.7157702,37.3708951],[126.7157638,37.3709059],[126.7157549,37.3709247],[126.7157539,37.3709426],[126.7157604,37.3709599],[126.7157708,37.3709757],[126.7157835,37.3709894],[126.715799,37.3710015],[126.7158166,37.3710125],[126.7158332,37.3710247],[126.7158452,37.3710384],[126.7158521,37.371053],[126.7158572,37.3710674],[126.7158624,37.3710803],[126.7158702,37.3710915],[126.7158812,37.3711015],[126.7158941,37.3711105],[126.715908,37.3711182],[126.7159227,37.3711233],[126.7159381,37.3711236],[126.7159389,37.3711236],[126.7159573,37.3711175],[126.7159774,37.3711075],[126.7159982,37.3710958],[126.7160199,37.3710848],[126.7160411,37.371075],[126.7160622,37.3710666],[126.7160833,37.3710611],[126.7161052,37.371059],[126.7161277,37.3710581],[126.7161513,37.371061],[126.7161744,37.371068],[126.7161966,37.3710775],[126.716218,37.37109],[126.7162391,37.3711048],[126.71626,37.3711216],[126.7162791,37.3711391],[126.7162959,37.3711582],[126.716309,37.3711797],[126.7163182,37.3712033],[126.7163234,37.3712282],[126.7163262,37.3712533],[126.7163295,37.3712778],[126.7163327,37.3713018],[126.7163335,37.371325],[126.7163335,37.3713468],[126.7163343,37.3713662],[126.7163372,37.3713823],[126.7163399,37.3713961],[126.7163395,37.3714087],[126.7163322,37.3714206],[126.716318,37.3714317],[126.7162983,37.3714424],[126.7162748,37.3714529],[126.7162484,37.3714631],[126.7162204,37.3714724],[126.716198,37.3714775],[126.7161914,37.3714789],[126.7161633,37.3714821],[126.7161397,37.371486],[126.7161238,37.3714935],[126.7161155,37.371503],[126.7161132,37.3715132],[126.7161177,37.3715222],[126.7161307,37.3715291],[126.7161486,37.3715354],[126.7161687,37.3715429],[126.7161877,37.3715534],[126.7162026,37.3715665],[126.7162138,37.3715796],[126.7162268,37.3715899],[126.716243,37.3715951],[126.716261,37.3715939],[126.7162795,37.3715884],[126.7162808,37.371588],[126.7163049,37.3715816],[126.7163332,37.3715762],[126.7163644,37.3715725],[126.7163961,37.3715701],[126.7164266,37.3715688],[126.7164555,37.3715692],[126.7164836,37.3715726],[126.7165112,37.371579],[126.7165384,37.3715875],[126.7165636,37.3715979],[126.7165869,37.371609],[126.7166089,37.3716199],[126.7166313,37.3716294],[126.7166549,37.3716376],[126.7166797,37.3716441],[126.7167049,37.3716491],[126.7167296,37.3716536],[126.7167528,37.3716594],[126.7167732,37.3716659],[126.7167905,37.3716714],[126.7168048,37.3716756],[126.7168166,37.3716801],[126.7168275,37.3716876],[126.7168402,37.3716977],[126.716855,37.3717098],[126.7168705,37.3717232],[126.7168852,37.3717365],[126.7168863,37.3717375],[126.7169016,37.3717519],[126.717985,37.3710765],[126.7180974,37.3710064],[126.7186576,37.370669],[126.7231804,37.3679447],[126.7237494,37.3685507],[126.7238817,37.3686915],[126.7241934,37.369025],[126.7247251,37.3695937],[126.7247437,37.3696135],[126.7256487,37.3705816],[126.7261292,37.3710955],[126.7262612,37.3712368],[126.7265774,37.3715749],[126.7271979,37.3722386],[126.727324,37.3721626],[126.7280068,37.3717512],[126.7282277,37.3716181],[126.7285252,37.3714388],[126.7286421,37.3713684],[126.729037,37.3711304],[126.7290771,37.3711063],[126.7295,37.3708514],[126.7295671,37.370811],[126.7300803,37.3705017],[126.7301375,37.3704673],[126.7304495,37.3702793],[126.7304917,37.3702538],[126.7311955,37.3698297],[126.7312171,37.3698167],[126.7320597,37.369309],[126.7324136,37.3690957],[126.7324496,37.369074],[126.732993,37.3687465],[126.7332037,37.3686195],[126.7334536,37.3684689],[126.7339122,37.3681926],[126.7337839,37.3681186],[126.7337104,37.3680762]]]}}]}