bizplc_nm,licensg_ymd,bsn_state_div,bsn_state_nm,clsbiz_ymd,locplc_faclt_telno_dtls,locplc_ar_info,roadnm_zipno,refine_road_nm_addr,refine_lotno_addr,refine_zipno,refine_wgs84_lat,refine_wgs84_logt,bizcond_div_nm_info,xcrd_vl,ycrd_vl,stockrs_idntfy_id,right_wk_pehs_have_id
칠보 동물병원,20040702,0004,말소,,,30.8,,경기도 수원시 권선구 매실로69번길 18 (호매실동),경기도 수원시 권선구 호매실동 82-3,16395,37.269390113,126.9579950272,,196202.455173852,418609.316536235,,000
협성동물병원,19690101,0004,말소,,,33,12564,경기도 양평군 양평읍 대흥로 106-31,경기도 양평군 양평읍 대흥리 553-1,12564,37.4843514387,127.5403468216,,247666.563321251,442602.110459968,,000
보정동물병원,20140919,0004,말소,,031-898-3708,65.47,16903,경기도 용인시 기흥구 보정로 32 (보정동),경기도 용인시 기흥구 보정동 1277,16903,37.3140161364,127.1111118459,,209787.252955929,423563.214492078,,000
가평축산농협 동물병원,20110418,0004,말소,,,0,,경기도 가평군 가평읍 가화로 55-12,경기도 가평군 가평읍 대곡리 166-1,12420,37.8249298209,127.5150104334,,245272.399227679,480386.602337806,,L00
가평축산농협 동물병원,20110418,0004,말소,,,0,,경기도 가평군 가평읍 가화로 55-12,경기도 가평군 가평읍 대곡리 166-1,12420,37.8249298209,127.5150104334,,245272.399227679,480386.602337806,,000
가평동물병원,19990119,0004,말소,,,0,,,경기도 가평군 가평읍 대곡리 236-7,12420,,,,245147.288587871,480533.900451766,,000
경기동물병원,19900303,0004,말소,,,0,,경기도 가평군 청평면 청평중앙로 8,경기도 가평군 청평면 청평리 438-23,12453,37.7358500189,127.4159359201,,236594.523885646,470455.677127581,,000
해비치동물병원,20150317,0004,말소,,,0,16853,"경기도 용인시 수지구 성복1로 106, 107호 (성복동)",경기도 용인시 수지구 성복동 276-1,16853,37.3168060655,127.0682562124,,205973.446381175,423887.105552504,,000
용정동물병원,20031101,0004,말소,20091231,,0,,경기도 남양주시 진건읍 진건오남로 83,경기도 남양주시 진건읍 용정리 774-17,12133,37.658178087,127.1780509982,,215639.679752428,461776.274704874,,000
용정동물병원,20031014,0004,말소,20091231,,0,,경기도 남양주시 진건읍 진건오남로 83,경기도 남양주시 진건읍 용정리 774-17,12133,37.658178087,127.1780509982,,215639.679752428,461776.274704874,,000
태양동물병원,20011214,0004,말소,20131231,,0,,경기도 남양주시 퇴계원읍 퇴계원로 70,경기도 남양주시 퇴계원읍 퇴계원리 268-11,12119,37.6526421434,127.1429996029,,212548.023423564,461146.256444482,,000
청학동물병원,20010323,0004,말소,20131231,,0,,경기도 남양주시 별내면 청학로 89,경기도 남양주시 별내면 청학리 443-8,12089,37.7076502193,127.1170283154,,210250.681364408,467253.309451237,,000
신동물메디컬센터,20120315,0004,말소,,031-352-6633,0,18598,경기도 화성시 만세구 향남읍 행정서로2길 28-37,경기도 화성시 만세구 향남읍 행정리 417-14,18598,37.1311906066,126.9150865418,,192385.113193727,403270.810469246,,000
우 동물병원,20050216,0004,말소,,,117.78,18567,경기도 화성시 만세구 우정읍 조암남로 22,경기도 화성시 만세구 우정읍 조암리 350-11,18567,37.08306832,126.8179887374,,183748.330583072,397939.898943234,,000
늘푸른 동물병원,20110520,0004,말소,,031-613-3872,0,,경기도 화성시 동탄구 10용사로 349-3,경기도 화성시 능동 1152-4 엘리트타워 102호,18429,37.199336577,127.0562041491,,,,,000
어강동물병원,20190603,0004,말소,,031-758-8878,0,13100,"경기도 성남시 수정구 오야남로12번길 12-2, 1층 (오야동)",경기도 성남시 수정구 오야동 249-1,13100,37.4543421576,127.105479422,,209273.983016274,439137.340043622,,000
나루동물메디칼,20130930,0004,말소,,031-243-0080,0,,경기도 수원시 장안구 팔달로 249 (영화동),경기도 수원시 장안구 영화동 328-5,16270,37.288646445,127.0124939314,,201038.816399174,420738.551934661,,000
홍익메디칼동물병원,20150723,0000,정상,,031-358-0200,0,18566,"경기도 화성시 만세구 우정읍 조암북로57번길 1, 1층",경기도 화성시 만세구 우정읍 조암리 230-9,18566,37.0863440558,126.8201871838,,183942.937158453,398306.518727224,,000
장안동물병원,19960720,0000,정상,,031-245-8961,19.25,16295,경기도 수원시 장안구 송원로 83 (조원동),"경기도 수원시 장안구 조원동 898-2 메가플러스3차 111,112호",16295,37.3024434704,127.0095275379,,200773.84151628,422274.734290216,,000
고려동물병원,19980317,0000,정상,,031-256-3369,66.6,16311,경기도 수원시 장안구 정조로 987 (정자동),경기도 수원시 장안구 정자동 1-8,16311,37.2950059054,127.0092599178,,200751.84297468,421448.278322007,,000
이지훈동물병원,19990514,0000,정상,,031-295-5975,67.25,16410,경기도 수원시 권선구 금호로 261 (구운동),경기도 수원시 권선구 구운동 507-5,16410,37.2761799917,126.9785996164,,198029.464560409,419360.22359922,,000
영통동물병원,19990528,0000,정상,,031-204-0075,34,16705,"경기도 수원시 영통구 청명남로4번길 6, 1층 (영통동)",경기도 수원시 영통구 영통동 1000-9,16705,37.2501676224,127.0736545242,,206463.933806853,416475.495889727,,000
정동물병원,20000721,0000,정상,,031-239-7585,64.8,16491,경기도 수원시 팔달구 권광로 120 (인계동),경기도 수원시 팔달구 인계동 1135-7,16491,37.2583978295,127.0308677041,,202666.08666795,417385.021567062,,000
북문다솜동물병원,20001011,0000,정상,,031-251-0082,30.2,16270,경기도 수원시 장안구 정조로921번길 3 (영화동),경기도 수원시 장안구 영화동 326-1,16270,37.289821007,127.0131632631,,201096.784677436,420872.347689531,,000
순풍동물병원,20001011,0000,정상,,031-239-3303,42.6,16588,"경기도 수원시 권선구 정조로514번길 1, 1층 (세류동)",경기도 수원시 권선구 세류동 537-19,16588,37.2552548187,127.011513861,,200952.581267979,417035.767208139,,000
동수원동물종합병원(권선점),20011214,0000,정상,,031-237-1212,85,16553,"경기도 수원시 권선구 동수원로242번길 6, 114호,206호 (권선동)",경기도 수원시 권선구 권선동 1296-2 114호,16553,37.2509324825,127.0349846442,,203024.133527662,416561.316285249,,000
최재호 한방동물병원,20110225,0000,정상,,031-722-2235,40.51,13374,"경기도 성남시 중원구 둔촌대로63번길 11, 상가동 102호 (성남동, 성남여수엘에이치1단지)",경기도 성남시 중원구 성남동 4700 성남여수엘에이치1단지 상가동 102호,13374,37.4300602057,127.125160883,,211023.713761647,436560.123466032,,000
펫 앤 쉘터 동물병원,20110506,0000,정상,,,0,13601,"경기도 성남시 분당구 불정로 266, 2층 (수내동, 그린플라자)",경기도 성남시 분당구 수내동 87-1,13601,37.367097985,127.1276878492,,211239.634498391,429456.03659767,,000
판교 P&P 동물병원,20110720,0000,정상,,031-8017-5558,0,13479,"경기도 성남시 분당구 서판교로 36, 104호 (판교동)",경기도 성남시 분당구 판교동 577-3 104호,13479,37.3899675687,127.0978866238,,208600.25834555,431991.076676201,,000
남현우동물병원,20110816,0000,정상,,,0,13597,"경기도 성남시 분당구 내정로173번길 11, 603동 139호 (수내동, 양지마을한양아파트)",경기도 성남시 분당구 수내동 29 양지마을한양아파트 603동 139호,13597,37.3749106148,127.1184667209,,210421.232418185,430307.058659489,,000
나라 동물병원,20110816,0000,정상,,,0,13626,"경기도 성남시 분당구 미금로 48, 오성프라자 113호 (구미동)",경기도 성남시 분당구 구미동 205-1 오성프라자 113호,13626,37.3377133229,127.1165439059,,210257.696972908,426206.804268634,,000
시드니동물병원,20111004,0000,정상,,,81.5,13306,경기도 성남시 수정구 태평로 10 (태평동),경기도 성남시 수정구 태평동 5104,13306,37.4478712878,127.1280114824,,211258.105969116,438416.451503553,,000
수아동물병원,20111221,0000,정상,,031-708-3100,,13523,"경기도 성남시 분당구 판교로 446, 108호 (이매동, 그린프라자)",경기도 성남시 분당구 이매동 131-8 108호,13523,37.4051134371,127.1233530424,,210850.776963202,433673.988710196,,000
수 동물병원,20120319,0000,정상,,80170130,88.4,13461,"경기도 성남시 분당구 운중로 141, 101-1호 (운중동)",경기도 성남시 분당구 운중동 967,13461,37.3918485663,127.0789312783,,206920.1,432200.515000001,,000
현대 동물병원,20120323,0000,정상,,,,13637,"경기도 성남시 분당구 성남대로 30, 111호 (구미동, 동아그린프라자)",경기도 성남시 분당구 구미동 185-5 동아그린프라자 111호,13637,37.338384151,127.1094396311,,209626.917756254,426267.516779548,,000
모란동물병원,20120810,0000,정상,,,30,13365,"경기도 성남시 중원구 성남대로 1126, 106호 (성남동, 매가프라자)",경기도 성남시 중원구 성남동 4123 매가프라자 106호,13365,37.4302733563,127.129873139,,211427.1317276,436475.883497673,,000
초이종합동물병원,20120817,0000,정상,,,,13340,경기도 성남시 수정구 시민로 159 (신흥동),경기도 성남시 수정구 신흥동 5168,13340,37.4423112128,127.143074308,,212589.298719482,437807.161407703,,000
분당파크뷰 동물병원,20121102,0000,정상,,031-713-2111,0,13554,"경기도 성남시 분당구 정자일로 248, 112호 (정자동, 파크뷰상가)",경기도 성남시 분당구 정자동 6 파크뷰상가 112호,13554,37.3757258783,127.1059480343,,209395.139689791,430300.596328501,,000
AtoZ동물병원,20130114,0000,정상,,031-8016-8206,0,13530,"경기도 성남시 분당구 판교역로 145, 라스트리트2동 2층 213호 (백현동, 알파리움2단지)",경기도 성남시 분당구 백현동 530 알파리움2단지,13530,37.3938768494,127.1078187916,,209526.962902505,432419.161779872,,000
서현 동물병원,20130201,0000,정상,,031-755-5095,138.84,13385,"경기도 성남시 중원구 성남대로 1110, 1층 (하대원동)",경기도 성남시 중원구 하대원동 100-7,13385,37.4288222398,127.1299028888,,211426.841799283,436306.898558992,,000
젠(Gen)동물병원,20130930,0000,정상,,031-752-0075,178.08,13501,"경기도 성남시 분당구 양현로 479, 2층 (야탑동)",경기도 성남시 분당구 야탑동 202-3,13501,37.4166527113,127.135387201,,211917.280284681,434955.021670213,,000
웰리스 클리닉,20131007,0000,정상,,031-711-1911,,13605,경기도 성남시 분당구 불정로 134 (정자동),경기도 성남시 분당구 정자동 211,13605,37.3587980632,127.1197565645,,210542.529800466,428535.664844133,,000
형제동물병원,19970409,0000,정상,,031-446-7575,92.3,14032,"경기도 안양시 만안구 안양로 212 (안양동, 태신주상복합)",경기도 안양시 만안구 안양동 414-2,14032,37.3925264639,126.9271043874,,,,,000
세인트존스동물병원,20140722,0000,정상,,031-713-8391,0,13557,"경기도 성남시 분당구 정자일로 197, 101호 (정자동, 푸르지오씨티 2차)",경기도 성남시 분당구 정자동 16-2,13557,37.3680356924,127.105525221,,209277.906854115,429558.406454768,,000
어니스트 동물병원,20140806,0000,정상,,,0,13461,"경기도 성남시 분당구 운중로113번길 12-5, 1층 (운중동, MM하우스)",경기도 성남시 분당구 운중동 979,13461,37.3927945636,127.0762824246,,206685.138867041,432301.672020428,,000
중앙동물병원,20150309,0000,정상,,,64.89,13305,경기도 성남시 수정구 수정로 139 (태평동),경기도 성남시 수정구 태평동 3502,13305,37.442261336,127.1355908138,,211928.624166475,437799.863191169,,000
Dr. 오즈 동물병원,20150528,0000,정상,,,0,13587,"경기도 성남시 분당구 분당로263번길 39, 109호 (서현동, 레이디파크)",경기도 성남시 분당구 서현동 312-1 109호,13587,37.3720131506,127.1401888018,,212344.828511016,430004.490397398,,000
백현 동물병원,20150923,0000,정상,,,0,13535,"경기도 성남시 분당구 동판교로52번길 6, 외 1필지(분당구 동판교로52번길 8) 1층 (백현동)",경기도 성남시 분당구 백현동 597-1,13535,37.3875161607,127.1142231489,,210044.734972428,431718.678476771,,000
이진수고양이병원,20151030,0000,정상,,,0,13477,경기도 성남시 분당구 판교공원로5길 15 (판교동),경기도 성남시 분당구 판교동 619-9,13477,37.3901291125,127.0898084913,,207883.895711534,432008.664523369,,000
이매 동물병원,20160428,0000,정상,,,,13567,"경기도 성남시 분당구 성남대로779번길 17, 1층 (이매동, 포티스빌딩)",경기도 성남시 분당구 이매동 106-3,13567,37.3989307203,127.1264232058,,211123.539577586,432985.392508345,,000
24시 폴 동물병원,20160428,0000,정상,,,141.5,13555,"경기도 성남시 분당구 성남대로 385, 102호 (정자동, 분당클리닉빌딩)",경기도 성남시 분당구 정자동 15-2,13555,37.3705571519,127.1075110479,,209451.080253303,429838.706603014,,000
굿데이동물병원,20160531,0000,정상,,031-718-8276,53,13604,"경기도 성남시 분당구 불곡로 4 (정자동, 리더스프라자)",경기도 성남시 분당구 정자동 219-3 43통2반,13604,37.359403268,127.1229718119,,210821.835896495,428601.909355725,,000
아이유동물메디컬센터,20160627,0000,정상,,,,13646,"경기도 성남시 수정구 위례광장로 5, 남위례역아이파크 301, 302호 (창곡동)",경기도 성남시 수정구 창곡동 560 남위례역아이파크,13646,37.4650302953,127.1416093524,,212459.827986635,440329.26456245,,000
위례나무동물병원,20160719,0000,정상,,031-778-8738,98.85,13642,"경기도 성남시 수정구 위례동로 147, 106호 (창곡동, 위례건아타워)",경기도 성남시 수정구 창곡동 513-2,13642,37.4730869491,127.1501094634,,213207.623604445,441176.244929279,,000
딜리동물병원,20161017,0000,정상,,,0,13517,"경기도 성남시 분당구 성남대로 884-9, 101호 (야탑동, 라비앙오피스텔)",경기도 성남시 분당구 야탑동 513-3 101호,13517,37.4090621585,127.1292769348,,211374.121157082,434114.191583932,,000
분당24시동물의료센터,20161126,0000,정상,,,0,13522,"경기도 성남시 분당구 야탑로 24, 101호 (야탑동, 덕인빌딩)",경기도 성남시 분당구 야탑동 537-2 101호,13522,37.4085691806,127.1216181943,,210697.326360868,434054.745321155,,000
LA동물의료센터,20161219,0000,정상,,,246.52,13640,"경기도 성남시 수정구 위례광장로 320, 214호 (창곡동, 아이에스센트럴타워)",경기도 성남시 수정구 창곡동 509-3 214호,13640,37.4722444139,127.1426605976,,212518.559102908,441140.201730998,,000
서울동물병원,20170118,0000,정상,,,152.78,13180,경기도 성남시 중원구 희망로 442 (금광동),경기도 성남시 중원구 금광동 7,13180,37.4444008619,127.1577948685,,213893.624911779,438041.173983934,,000
동물병원 돌봄,20170330,0000,정상,,80165559,,13473,"경기도 성남시 분당구 서판교로 160, 101호 (판교동, 스타식스밸리)",경기도 성남시 분당구 판교동 497 101호,13473,37.4002687559,127.0947923181,,208324.048573148,433133.481483169,,000
365동물병원 분당점,20170404,0000,정상,,,51.9,13627,"경기도 성남시 분당구 미금일로90번길 32, 125호 (구미동)",경기도 성남시 분당구 구미동 30 125호,13627,37.3489427626,127.110468852,,209717.597753564,427437.271199733,,000
힐링힐스 동물 치과병원,20170518,0000,정상,,031-708-0078,0,13535,경기도 성남시 분당구 동판교로52번길 9-11 (백현동),경기도 성남시 분당구 백현동 603-3,13535,37.3873850401,127.1154777296,,210156.255173194,431705.619218368,,000
분당필동물병원,20170530,0000,정상,,031-718-7575,0,13632,경기도 성남시 분당구 금곡로15번길 1 (구미동),경기도 성남시 분당구 구미동 125-3,13632,37.3438238398,127.1107549638,,209743.913477779,426872.615569616,,000
스칸디동물병원,20170608,0000,정상,,031-759-7579,102.3,13640,"경기도 성남시 수정구 위례광장로 70, 상가동 2층 201호 (창곡동, 위례 아트리버 푸르지오 1단지)",경기도 성남시 수정구 창곡동 530 위례 아트리버 푸르지오 1단지 상가동 201호,13640,37.4707257194,127.1412089643,,212427.289239575,440923.145827575,,000
그레이트 동물병원,20170609,0000,정상,,031-716-7975,103.35,13612,"경기도 성남시 분당구 정자로 80, 1층 (정자동, 정자프라자)",경기도 성남시 분당구 정자동 126-2,13612,37.3631865441,127.1138056766,,210010.149418128,429016.742490449,,000
미래동물의료센터,20170713,0000,정상,,031-705-2475,318.5,13572,"경기도 성남시 분당구 서현로255번길 1, 1층 (서현동)",경기도 성남시 분당구 서현동 80-1,13572,37.384555004,127.1296913224,,211414.975241532,431396.057503657,,000
야탑서울동물병원,20170721,0000,정상,,031-708-8181,33.33,13504,"경기도 성남시 분당구 벌말로 33, 206호 (야탑동, 일심조합상가)",경기도 성남시 분당구 야탑동 274-3,13504,37.4110179317,127.1379344205,,212139.179238817,434331.375255336,,000
에버펫동물병원,20171108,0000,정상,,031-714-1175,0,13615,"경기도 성남시 분당구 성남대로 165, 천사의도시1 오피스텔 121호 (금곡동)",경기도 성남시 분당구 금곡동 161 천사의도시1 오피스텔 121호,13615,37.3507565186,127.108336776,,209524.675442983,427639.852581088,,000
한국동물선진의료연구소(KASMINE) 동물심혈관신장센터,20180105,0000,정상,,031-716-9001,481,13625,"경기도 성남시 분당구 미금로 43, 정운빌딩 1층 (구미동)",경기도 성남시 분당구 구미동 204-1,13625,37.3370894727,127.1159600525,,210206.543725362,426124.700940443,,000
분당우리동물의료센터,20180126,0000,정상,,031-705-0175,201.6,13568,"경기도 성남시 분당구 양현로94번길 19, 새남서울조합상가 202호 (이매동)",경기도 성남시 분당구 이매동 120-6 새남서울조합상가 202호,13568,37.3911331406,127.1262133689,,211107.244323947,432126.81649251,,000
메르시 동물병원,20180201,0000,정상,,031-707-0701,0,13477,"경기도 성남시 분당구 운중로 255, 티에스로드2 201호 (판교동)",경기도 성남시 분당구 판교동 590 티에스로드2 201호,13477,37.3894948952,127.0914725741,,208031.730776591,431939.457332015,,000
분당밝은아이동물병원,20180416,0000,정상,,031-754-0201,134.06,13439,"경기도 성남시 중원구 성남대로997번길 51-16, 1층 (여수동)",경기도 성남시 중원구 여수동 312,13439,37.4170648991,127.1259489192,,211079.349181111,435001.099320059,,000
25시 동물병원,20180501,0000,정상,,031-731-0025,73.08,13157,경기도 성남시 중원구 산성대로504번길 1 (은행동),경기도 성남시 중원구 은행동 1589,13157,37.4560344137,127.1629769215,,214348.273699787,439331.909547066,,000
서공동물병원,20180530,0000,정상,,031-711-2244,126.66,13599,"경기도 성남시 분당구 내정로 170, 동신파크빌딩 204호 (수내동)",경기도 성남시 분당구 수내동 58-1 동신파크빌딩 204호,13599,37.3734813717,127.1196937543,,210528.014352901,430160.207334756,,000
분당다원동물병원,20180820,0000,정상,,031-711-6775,53,13562,"경기도 성남시 분당구 정자일로 100, 116호 (정자동, 미켈란쉐르빌)",경기도 성남시 분당구 정자동 180 미켈란쉐르빌 116호,13562,37.3593499829,127.106609575,,209409.021126968,428565.151174027,,000
동물병원루니,20181121,0000,정상,,031-719-9545,,13618,"경기도 성남시 분당구 미금로 251, 112,201,202,203호 (금곡동, 청솔마을성원아파트)",경기도 성남시 분당구 금곡동 143 청솔마을성원아파트,13618,37.3530080836,127.1104930121,,209687.824618329,427827.341314094,,000
분당데이지동물병원,20190110,0000,정상,,031-715-3575,57.2,13607,"경기도 성남시 분당구 내정로 58, 스포라이프 스포츠센타 107호 (정자동)",경기도 성남시 분당구 정자동 117-1 스포라이프 스포츠센타 107호,13607,37.3653635126,127.1152287526,,210134.637941368,429264.635322598,,000
365동판교동물병원,20190127,0000,정상,,031-781-7582,0,13536,"경기도 성남시 분당구 판교역로14번길 20, (주)코레드디엔씨 2층 201호 (백현동)",경기도 성남시 분당구 백현동 564-5 (주)코레드디엔씨 201호,13536,37.3854789582,127.1114434277,,209799.185851789,431493.961131531,,000
24시분당리더스동물의료원,20190517,0000,정상,,031-711-8275,555,13636,"경기도 성남시 분당구 성남대로 45, 계영빌딩 202, 203호 (구미동)","경기도 성남시 분당구 구미동 157 계영빌딩 202, 203호",13636,37.34004829,127.1084036802,,209533.890682103,426450.173468859,,000
더클래스동물메디컬센터,20190609,0000,정상,,031-713-7975,275.27,13559,"경기도 성남시 분당구 성남대로 275, A동 101-1호 (정자동, 삼성아데나팰리스아파트)",경기도 성남시 분당구 정자동 169-1 삼성아데나팰리스아파트 A동 101-1호,13559,37.3608405388,127.1075955341,,209456.999378587,428761.682082442,,000
이레외과동물병원,20190712,0000,정상,,031-605-0190,132,13595,"경기도 성남시 분당구 백현로101번길 11, 동현프라자 205호 (수내동)",경기도 성남시 분당구 수내동 20-6 동현프라자 205호,13595,37.3770889276,127.1119949858,,209845.832819708,430563.671709839,,000
장재영외과동물병원,20190715,0000,정상,,031-8017-7511,250.44,13466,"경기도 성남시 분당구 운중로 142, 판교메디칼타워 2층 (운중동)",경기도 성남시 분당구 운중동 940 판교메디칼타워,13466,37.3912262666,127.0788330857,,206910.998551811,432129.010258424,,000
365동물병원위례점,20200130,0000,정상,,,0,13642,"경기도 성남시 수정구 위례동로 153, 에이플타워 205호 (창곡동)",경기도 성남시 수정구 창곡동 513 에이플타워,13642,37.4734922234,127.1499944798,,213196.788038769,441267.846008774,,000
휴동물의료센터,20200311,0000,정상,,031-735-7582,689,13354,"경기도 성남시 수정구 산성대로 309, 2층,3층 (신흥동)",경기도 성남시 수정구 신흥동 2475,13354,37.4425512372,127.1510091205,,213290.327794405,437832.98655024,,000
해오름동물병원,20200402,0000,정상,,031-747-0406,0,13192,"경기도 성남시 중원구 희망로 402, 지하1층 (금광동)",경기도 성남시 중원구 금광동 113,13192,37.4412799941,127.1601830448,,214105.050454279,437692.818596598,,000
래온동물병원,20200519,0000,정상,,031-759-0242,,13356,"경기도 성남시 중원구 광명로 89, 성남 센트럴 푸르지오 시티 1층 134,135호 (성남동)",경기도 성남시 중원구 성남동 1404 성남 센트럴 푸르지오 시티,13356,37.4353205797,127.1384616928,,212188.899992533,437031.101000937,,000
고양이병원 소설,20201112,0000,정상,,031-8039-5382,130.2,13449,"경기도 성남시 수정구 창업로 17, F동 309,310,311호 (시흥동)","경기도 성남시 수정구 시흥동 288-2 309,310,311호 F동",13449,37.412114357,127.0978812694,,208613.865984257,434443.112052722,,000
동물병원 Dr.정,20210118,0000,정상,,031-733-9325,0,13157,"경기도 성남시 중원구 산성대로 498, 1층 102호 (은행동)",경기도 성남시 중원구 은행동 1633,13157,37.4555645784,127.162583294,,214315.821244898,439277.377871735,,000
지음동물의료센터,20210209,0000,정상,,031-735-0922,,13178,"경기도 성남시 중원구 광명로 321, 정성빌딩 1층 (금광동)",경기도 성남시 중원구 금광동 3704 정성빌딩,13178,37.4453759941,127.1614985344,,214217.888476238,438149.91612349,,000
상대원 동물병원,20210329,0000,정상,,031-733-1777,0,13397,"경기도 성남시 중원구 희망로 350, 1층 (상대원동)",경기도 성남시 중원구 상대원동 2999-26,13397,37.4369391083,127.1583488274,,213942.901232111,437211.344962206,,000
뉴욕동물병원,20210423,0000,정상,,,0,13625,"경기도 성남시 분당구 미금로 45, 진도훼미리프라자 211호 (구미동)",경기도 성남시 분당구 구미동 203-2 진도훼미리프라자,13625,37.3373682747,127.1157667203,,210194.695426062,426176.33755936,,000
태평역 동물병원,20210803,0000,정상,,031-755-7504,,13320,"경기도 성남시 수정구 성남대로 1222, 예농빌딩 1층 (수진동)",경기도 성남시 수정구 수진동 3011 예농빌딩,13320,37.4388317865,127.1284066617,,211283.670320813,437423.509342085,,000
하온동물의료센터,20210916,0000,정상,,031-697-8978,,13555,"경기도 성남시 분당구 느티로 27, 하나플라자빌딩 2층 203호 (정자동)",경기도 성남시 분당구 정자동 15-7 하나플라자빌딩,13555,37.3688264929,127.1075087701,,209452.093248743,429642.688907038,,000
빌리브동물병원,20220614,0000,정상,,031-8088-7500,,13596,"경기도 성남시 분당구 성남대로 449, 111,112,113호 (정자동, 로얄팰리스)","경기도 성남시 분당구 정자동 28-1 로얄팰리스 111,112,113호",13596,37.375662546,127.1113246504,,209740.647579877,430352.980132984,,000
우주동물병원,20220704,0000,정상,,031-778-6420,,13439,"경기도 성남시 중원구 양현로405번길 5, 신야탑푸르지오시티 1 101,102호 (여수동)","경기도 성남시 중원구 여수동 205 신야탑푸르지오시티 1 101,102호",13439,37.4172661267,127.1268745977,,211162.515413291,435024.300090444,,000
판교포레동물병원,20220707,0000,정상,,031-715-7975,0,13544,"경기도 성남시 분당구 판교대장로6길 10, 207,208호 (대장동)",경기도 성남시 분당구 대장동 627-4,13544,37.3667341672,127.0683768501,,205999.04784078,429415.205749322,,000
정자현대동물병원,20220906,0000,정상,,031-714-9978,0,13529,"경기도 성남시 분당구 판교역로 136, 비1048호 (백현동)",경기도 성남시 분당구 백현동 540,13529,37.3924523101,127.1104358745,,209711.48509119,432271.963293607,,000
정동물병원,20230430,0000,정상,,,,13232,"경기도 성남시 중원구 금상로 72, 1층 (상대원동)",경기도 성남시 중원구 상대원동 2316,13232,37.4411728728,127.1636992514,,214414.730766097,437683.265009098,,000
스타동물의료센터,20230616,0000,정상,,031-8023-9073,,13259,"경기도 성남시 수정구 수정로 287, 2층 (신흥동)",경기도 성남시 수정구 신흥동 30-2 2층,13259,37.4503615836,127.146450458,,212888.115677533,438697.984598845,,000
동물병원 더 하임,20230629,0000,정상,,031-746-7582,0,13259,"경기도 성남시 수정구 수정로 273, 수정빌딩 1층 (신흥동)",경기도 성남시 수정구 신흥동 34 수정빌딩,13259,37.4492686053,127.1456755027,,212818.475436898,438579.588327304,,000
해마루 동물병원,20230721,0000,정상,,031-781-2992,408,13590,경기도 성남시 분당구 황새울로319번길 8-6 (서현동),경기도 성남시 분당구 서현동 272-5 수의과학회관,13590,37.3856726877,127.121145881,,210654.986591999,431519.970467175,,L00
서울동물병원,20230803,0000,정상,,031-741-8119,0,13179,"경기도 성남시 중원구 산성대로 388-1, 1층 (금광동)",경기도 성남시 중원구 금광동 4403,13179,37.4465921455,127.1581240495,,213920.192888635,438281.71088848,,000
성남 시립동물병원,20230919,0000,정상,,,0,13327,"경기도 성남시 수정구 탄리로 59, 공영주차장(수정커뮤니티센터) 지하1층 B103-B106호 (수진동)",경기도 성남시 수정구 수진동 587 공영주차장(수정커뮤니티센터) B103-호,13327,37.4410280089,127.1360941947,,211974.456940369,437662.283076186,,000
소랑동물병원,20231010,0000,정상,,,,13544,"경기도 성남시 분당구 판교대장로7길 16, 1층 102호 (대장동, 힐스테이트 판교 엘포레 A6BL)",경기도 성남시 분당구 대장동 595 힐스테이트 판교 엘포레 A6BL 102호,13544,37.3726007899,127.0680044116,,,,,000
고등동물병원,20231011,0000,정상,,,,13105,"경기도 성남시 수정구 고등로1길 6-4, 101호 (고등동)",경기도 성남시 수정구 고등동 575-1 101호,13105,37.429337367,127.0945904785,,208301.937856202,436361.475141614,,000
위례 바른 동물의료센터,20240112,0000,정상,,031-8039-7753,0,13640,"경기도 성남시 수정구 위례광장로 310, 우성트램타워 A동 201호 (창곡동)",경기도 성남시 수정구 창곡동 509-1 우성트램타워,13640,37.4727049587,127.1429411379,,212552.60409159,441182.813544656,,000
더편한동물병원,20240118,0000,정상,,031-747-1175,,13256,"경기도 성남시 중원구 광명로 176, 상가동 2층 216호 (중앙동, 신흥역 하늘채 랜더스원 1단지)",경기도 성남시 중원구 중앙동 3001 신흥역 하늘채 랜더스원 1단지,13256,37.4375905565,127.1469174903,,213051.899880908,437448.672543604,,000
한별피그크리닉,20240119,0000,정상,,031-556-9008,0,13556,"경기도 성남시 분당구 정자일로213번길 19, 201동 208호 (정자동, 아이파크분당2)",경기도 성남시 분당구 정자동 10-1 아이파크분당2,13556,37.3707916833,127.1048557397,,209217.597324441,429862.701329193,,000
윤성진 안과/외과 동물병원,20240205,0000,정상,,031-758-0824,0,13445,경기도 성남시 수정구 설개로21번길 7 (시흥동),경기도 성남시 수정구 시흥동 42-2,13445,37.421186132,127.1071000336,,209411.782172121,435455.412352012,,000
분당 피엘 동물피부클리닉,20240315,0000,정상,,031-8039-7554,,13594,"경기도 성남시 분당구 수내로 39, 223호 (수내동, 분당지웰푸르지오)",경기도 성남시 분당구 수내동 1-1 분당지웰푸르지오,13594,37.3817932857,127.1172684028,,210336.219223619,431064.038078129,,000
리더스 외과 동물병원,20250326,0000,정상,,031-715-7407,296.29,13636,"경기도 성남시 분당구 성남대로 45, 2층 201호 (구미동)",경기도 성남시 분당구 구미동 157,13636,37.34004829,127.1084036802,,209533.890682103,426450.173468859,,000
에이원동물병원,20250704,0000,정상,,031-733-2010,,13260,"경기도 성남시 수정구 수정로 291, 산성역포레스티아아파트 서문상가동 1층 101호 (신흥동)",경기도 성남시 수정구 신흥동 6953 산성역포레스티아아파트,13260,37.4510848316,127.1471706419,,212949.442256228,438781.878208469,,000
홍금동물병원,20250930,0000,정상,,,0,13509,경기도 성남시 분당구 판교로 790 (야탑동),경기도 성남시 분당구 야탑동 34-2,13509,37.4047747458,127.1603253794,,214124.759134871,433644.177857828,,000
가능동물병원,19990322,0000,정상,,,0,11681,경기도 의정부시 가능로 37 (가능동),경기도 의정부시 가능동 668-13 3통5반,11681,37.7467525825,127.0351120198,,203021.620033869,471587.18842367,,000
장암종합동물병원,20010309,0000,정상,,,0,11738,경기도 의정부시 동일로 468(신곡동),경기도 의정부시 신곡동 336-1,11738,37.7301805307,127.0594329683,,205169.341833849,469748.582949619,,000
사랑동물병원,20010907,0000,정상,,,0,11741,경기도 의정부시 금신로 317 (신곡동),경기도 의정부시 신곡동 519-26,11741,37.7446491103,127.0624799656,,205437.370339346,471351.75295462,,000
신촌동물병원,20030408,0000,정상,,,26.9,,경기도 의정부시 신흥로 357-1 (가능동),경기도 의정부시 가능동 648-23,11683,37.7482957236,127.0425032755,,203675.065530482,471757.179544994,,000
로얄펫동물병원,20030408,0000,정상,,,0,,경기도 의정부시 신흥로 171 (의정부동),경기도 의정부시 의정부동 594-2,11654,37.731390086,127.0433222644,,203749.27887599,469879.270738033,,000
민락동물병원,20030621,0000,정상,,031-852-7542,0,11809,경기도 의정부시 용현로 130 (민락동),경기도 의정부시 민락동 738-6,11809,37.7410090255,127.0904223655,,207899.07496007,470951.325883865,,000
의정부종합동물병원,20040312,0000,정상,,031-846-9600,0,,경기도 의정부시 시민로 154 (의정부동),경기도 의정부시 의정부동 94-2,11698,37.7372376662,127.052195627,,204528.661094864,470532.289039151,,000
호원종합동물병원,20040326,0000,정상,,031-826-8875,0,,경기도 의정부시  평화로  374 (호원동),경기도 의정부시 호원동 425,11704,37.725362924,127.0487039896,,204212.113189262,469206.210683802,,000
녹양동물병원,20040903,0000,정상,,,0,,경기도 의정부시 녹양로 66 (녹양동),경기도 의정부시 녹양동 354-1,11613,37.756840439,127.0333573937,,202869.433614522,472704.773518492,,000
중앙동물병원,19780315,0000,정상,,,0,12622,"경기도 여주시 여흥로 97, 중앙동물병원 (창동)",경기도 여주시 창동 111-3,12622,37.2957939136,127.6342318672,,256160.519781597,421725.008882029,,000
세종가축병원,19960326,0000,정상,,,69,12639,"경기도 여주시 오학동 강변북로 42, 1동",경기도 여주시 오학동 358-2 1동,12639,37.3019642571,127.645436309,,257193.182728149,422395.634758715,,000
그린축산동물병원,19970109,0000,정상,,,4.5,12623,경기도 여주시 여흥로33번길 5 (하동),경기도 여주시 하동 132-22,12623,37.2989016254,127.6279977304,,255609.891915542,422065.594586081,,000
푸른동물병원,19970405,0000,정상,,,7,12628,"경기도 여주시 세종로 27-1, 푸른동물병원 (홍문동)",경기도 여주시 홍문동 72,12628,37.2952861999,127.6367921491,,256396.882477281,421672.402153018,,000
백산동물병원,20030820,0000,정상,,031-883-3030,66,12619,경기도 여주시 청심로 99 (하동),경기도 여주시 하동 394-8,12619,37.2995557717,127.6315305393,,255921.844704637,422138.428360166,,000
여주동물병원,20090519,0000,정상,,,56.32,12653,경기도 여주시 웅곡길 25 (점봉동),경기도 여주시 점봉동 511,12653,37.2646448058,127.6313231829,,255930.463088189,418262.573146428,,000
나무동물병원,20100427,0000,정상,,031-885-7475,97.5,12619,경기도 여주시 청심로 17-7 (하동),경기도 여주시 하동 430-5,12618,37.301188122,127.6223597892,,255103.705,422310.74,,000
강산동물병원,20120727,0000,정상,,,339.15,12627,경기도 여주시 홍문동 세종로 68-17,경기도 여주시 홍문동 231,12627,37.2919538528,127.6343265848,,256175.312755935,421294.248616688,,000
사랑동물병원,20180201,0000,정상,,,157.5,12651,경기도 여주시 세종로237번길 1 (교동),경기도 여주시 교동 16-1,12651,37.2774912803,127.6379217909,,256506.948412243,419692.46866935,,000
위더스 동물메디컬센터 부설 동물보호센터,20181217,0000,정상,,,194.4,12613,경기도 여주시 여양2로 42(천송동),경기도 여주시 천송동 20-3,12613,37.3079383351,127.6737835358,,259651.491478653,423096.241924531,,000
허그미동물병원,20230201,0000,정상,,031-881-2279,145.69,12644,경기도 여주시 향교로 50(교동),경기도 여주시 교동 213-4,12644,37.2872550387,127.6284856702,,255663.473301719,420769.896353177,,000
반려마루 동물병원,20230210,0000,정상,,031-8030-4462,795.96,12658,경기도 여주시 명품1로 1-2(상거동),경기도 여주시 상거동 380-4,12658,37.237847258,127.6126630039,,254294.98677137,415177.512538324,,000
블루축산동물병원,20230405,0000,정상,,,296.4,12618,"경기도 여주시 청심로 50, 2층 201호 (하동)",경기도 여주시 하동 436-2,12618,37.300805676,127.6260376151,,255437.021272673,422274.723931218,,000
태성진동물병원,19921121,0000,정상,,,28.46,12619,"경기도 여주시 청심로 121-7, 태성진동물병원 (하동)",경기도 여주시 하동 200-2,12619,37.2990124564,127.6337411212,,256120.618189712,422081.55498006,,000
다란동물병원,20230725,0000,정상,,,133.45,12658,경기도 여주시 북벌로 66 (하거동),경기도 여주시 하거동 646-1,12658,37.2374657652,127.6328543984,,256092.89356877,415249.366177067,,000
가남동물병원,20240819,0000,정상,,,,12662,"경기도 여주시 가남읍 대명산길 3, 103호",경기도 여주시 가남읍 태평리 165,12662,37.2040087957,127.5437468927,,248198.927687558,411479.495024114,,000
클로젠동물병원,20250413,0000,정상,,,198,12616,경기도 여주시 강천면 강천로 63,경기도 여주시 강천면 적금리 5,12616,37.2593285782,127.7159732287,,263447.827551283,417723.435364391,,000
24시 지제동물의료센터,20260327,0000,정상,,,0,18032,"경기도 평택시 상서재로2길 56-12, 라움프라자 3층 301~305호 (동삭동)",경기도 평택시 동삭동 849-3,18032,37.0154981371,127.1037465184,,209153.565650525,390426.098138102,,000
호수동물병원(남양주),20260327,0000,정상,,031-522-4074,31.05,12126,"경기도 남양주시 퇴계원읍 경춘북로 561, 101호",경기도 남양주시 퇴계원읍 퇴계원리 228-17,12126,37.6484686679,127.145898903,,212803.009232926,460688.132895858,,000
새롬동물병원「산업동물 출장진료 전문」,20260414,0000,정상,,,37.5,17307,경기도 이천시 신둔면 서이천로 887,경기도 이천시 신둔면 수남리 216,17307,37.2973420746,127.399930543,,235405.492706185,421792.80593113,,000
건국제일 동물병원,20260414,0000,정상,,,20,18525,"경기도 화성시 만세구 팔탄면 푸른들판로 951, 211호",경기도 화성시 만세구 팔탄면 창곡리 265-11,18525,37.1909586033,126.882289412,,189488.857942031,409911.277496165,,000
원동물병원,20190102,0000,정상,,031-797-5528,,12740,경기도 광주시 경안천로 131 (송정동),경기도 광주시 송정동 8-6,12740,37.4171066005,127.2737314297,,224161.627119563,435030.613112865,,000
하하동물병원,20190108,0000,정상,,031-766-3463,,12787,"경기도 광주시 태전동로 25, 퍼스트타워 1층 104호 (태전동)",경기도 광주시 태전동 162-5,12787,37.3867745954,127.2344432757,,220693.154079068,431656.711792193,,000
광주TNR동물병원(송정),20191030,0000,정상,,031-798-7581,,12740,경기도 광주시 경안천로 142(송정동),경기도 광주시 송정동 6-16,12740,37.4173524512,127.2750303074,,224274.690311061,435059.125920527,,000
광주TNR동물병원(초월),20191113,0000,정상,,031-798-7581,,12728,경기도 광주시 초월읍 현산로385번길 74-12,경기도 광주시 초월읍 지월리 713-2,12728,37.4158943728,127.2761647488,,224382.153637013,434901.140582774,,000
모란동물병원,20200131,0000,정상,,031-767-7588,0,12755,경기도 광주시 파발로 161-1 (경안동),경기도 광주시 경안동 96-6,12755,37.4143153909,127.252754683,,222305.73789471,434716.993163433,,000
새롬동물병원,20200414,0000,정상,,,71.37,12711,경기도 광주시 퇴촌면 천진암로 447-1,경기도 광주시 퇴촌면 도수리 331-11,12711,37.4674637611,127.319345502,,228174.018956279,440633.874775651,,000
강남동물메디컬센터,20210817,0000,정상,,031-764-7555,124.06,12713,"경기도 광주시 퇴촌면 천진암로 553, 1층",경기도 광주시 퇴촌면 관음리 525-14,12713,37.4617623094,127.3282244643,,228967.990178962,440004.538701246,,000
진영동물병원,20210907,0000,정상,,,,12801,"경기도 광주시 곤지암읍 광여로 91, 103호",경기도 광주시 곤지암읍 곤지암리 93-1,12801,37.3498116755,127.3557925416,,231450.730715749,427581.7355913,,000
시민동물병원,20220114,0000,정상,,,,12777,"경기도 광주시 순암로 54, 1층 2호 (장지동)",경기도 광주시 장지동 83-13,12777,37.3948794053,127.2432381399,,221469.0145978,432556.494372953,,000
태전동물병원,20230110,0000,정상,,,0,12790,"경기도 광주시 고산길62번길 49-7, 1층 (고산동)",경기도 광주시 고산동 370-1,12790,37.3759032933,127.2262590014,,,,,000
우리동물메디컬센터,20240425,0000,정상,,,0,12760,"경기도 광주시 경안로41번길 6, D209, 210-2호 (경안동, 경기광주역 금호리첸시아)",경기도 광주시 경안동 447 경기광주역 금호리첸시아,12760,37.4083113281,127.2566727975,,222618.188936667,434045.266636268,,000
민트동물병원,20241023,0000,정상,,,,12736,"경기도 광주시 초월읍 경충대로 1031, 102호",경기도 광주시 초월읍 쌍동리 178-8,12736,37.3708352624,127.3019587557,,226669.407465791,429914.771755455,,000
라엘동물병원,20250429,0000,정상,,,0,12788,"경기도 광주시 벼루개로 20, 1층 103호 (태전동)",경기도 광주시 태전동 84-33,12788,37.3824748774,127.2304032556,,220331.929968109,431183.057615555,,000
엠(M)동물메디컬센터,20250821,0000,정상,,,0,12796,경기도 광주시 양벌로 162 (양벌동),경기도 광주시 양벌동 274,12796,37.3820498772,127.2546227869,,,,,000
레이어 동물메디컬 센터,20251021,0000,정상,,,,12757,경기도 광주시 광주대로 56 (경안동),경기도 광주시 경안동 15-1,12757,37.4116367724,127.2607752991,,223013.950921831,434423.208728747,,000
광적동물병원,20030331,0000,정상,,031-836-3507,20,11419,경기도 양주시 광적면 가래비길 39,경기도 양주시 광적면 가납리 728-12 1통4반,11419,37.8226574472,126.9864254052,,198735.130042664,480010.414050609,,000
백석동물병원,20030331,0000,정상,,031-879-7433,33,11509,경기도 양주시 백석읍 꿈나무로 163,경기도 양주시 백석읍 오산리 541-3,11509,37.7949092826,126.9892299408,,198979.588359666,476930.598612029,,000
김동물병원,20030331,0000,정상,,031-879-4650,33,11414,경기도 양주시 광적면 광적로 119,경기도 양주시 광적면 석우리 417-5,11414,37.8289638211,126.9796318316,,198136.467785929,480710.794541047,,000
로얄동물병원,20031002,0000,정상,,031-857-7570,140,11457,경기도 양주시 고암길 58 (고암동),경기도 양주시 고암동 129-1,11457,37.8316603173,127.0693190643,,206032.185,481011.534999999,,000
의양동물병원,20030331,0000,정상,,,30,11427,"경기도 양주시 은현면 은현로 40, 1층",경기도 양주시 은현면 선암리 318-1,11427,37.8724935029,127.0235668678,,202002.173186388,485542.79246452,,000
안민 동물병원,20060602,0000,정상,,031-859-0087,72,11427,경기도 양주시 은현면 은현로 73-8,경기도 양주시 은현면 선암리 342-2,11427,37.8754325437,127.0237639797,,202020.003340418,485869.795460793,,000
달빛동물병원,20111004,0000,정상,,031-875-1559,42.9,11711,"경기도 의정부시 평화로 239, 1층 105호 (호원동)",경기도 의정부시 호원동 454,11711,37.7131617411,127.0470761427,,204078.757685159,467864.625948019,,000
에이스동물메디컬센터,20120621,0000,정상,,031-875-8090,0,11693,경기도 의정부시 태평로 102-1 (의정부동),경기도 의정부시 의정부동 26-6,11693,37.7416077319,127.051840149,,204498.574038722,471014.13418123,,000
오즈동물병원,20121228,0000,정상,,031-840-0075,0,11740,경기도 의정부시 추동로 13 (신곡동),경기도 의정부시 신곡동 673-6,11740,37.7431431898,127.0574606433,,204995.213569942,471184.951956613,,000
하트만 동물병원,20130722,0000,정상,,031-874-7533,0,11637,"경기도 의정부시 외미로 91, 1층 (호원동)",경기도 의정부시 호원동 316-171,11637,37.7244582962,127.0454981497,,203939.012749148,469119.082408091,,000
제일동물병원,20140326,0000,정상,,,54,11693,경기도 의정부시 태평로 116 (의정부동),경기도 의정부시 의정부동 25-2번지,11693,37.7428784381,127.0517984366,,204497.442067574,471155.377372623,,000
바른동물병원,20141216,0000,정상,,,0,11691,"경기도 의정부시 평화로 559-1 (의정부동, 명빌딩)",경기도 의정부시 의정부동 210-1,11691,37.7419755,127.046662274,,204042.317409235,471055.354634591,,000
의정부 24시 IU 동물병원,20150304,0000,정상,,031-871-7588,0,11698,경기도 의정부시 태평로 52 (의정부동),경기도 의정부시 의정부동 94-6,11698,37.7370372657,127.0516407148,,204484.80585177,470504.222825581,,000
내곁에동물병원,20150506,0000,정상,,,0,11813,"경기도 의정부시 민락로 195, 중흥s클래스 1층 113, 114호 (민락동)",경기도 의정부시 민락동 803-2,11813,37.7434230674,127.1004881873,,208775.83610835,471155.074833059,,000
현대동물의료센터,20151102,0000,정상,,031-852-3119,0,11789,"경기도 의정부시 충의로 49 (용현동, 용운빌딩)",경기도 의정부시 용현동 14-3,11789,37.7361314799,127.0874416866,,207635.889238126,470408.423773618,,000
나은동물병원,20160225,0000,정상,,031-876-7511,0,11718,경기도 의정부시 회룡로 178 (장암동),경기도 의정부시 장암동 20-14,11718,37.7263814344,127.0534411674,,204643.312850085,469326.420564459,,000
펫인쥬동물메디컬센터,20160629,0000,정상,,031-851-0901,260.8,11693,"경기도 의정부시 호국로 1336, 탑빌딩 2층 (의정부동)",경기도 의정부시 의정부동 16-1 탑빌딩,11693,37.7440613432,127.0523701762,,204544.135021253,471287.903852171,,000
나라동물병원,20161007,0000,정상,,031-852-7550,0,11813,"경기도 의정부시 오목로 215, 1층 104호 (민락동, 송림프라자)",경기도 의정부시 민락동 843-3 30통2반 송림프라자 201동 403호,11813,37.7455002694,127.0990581861,,208661.528864685,471452.548793201,,000
녹양돌봄동물병원,20170425,0000,정상,,,0,11613,"경기도 의정부시 비우로 100, 1층 (녹양동)",경기도 의정부시 녹양동 326-5,11613,37.758237361,127.0379010136,,203269.332625966,472857.46914463,,000
위즈펫동물병원,20170927,0000,정상,,031-852-7502,0,11814,"경기도 의정부시 민락로 210, 4층 (민락동, 이마트)",경기도 의정부시 민락동 849,11814,37.7431860471,127.1023622658,,208951.542114843,471192.156816017,,000
바라다동물병원,20190404,0000,정상,,031-876-7582,,11697,"경기도 의정부시 평화로 508, 1층 (의정부동)",경기도 의정부시 의정부동 140-15,11697,37.7373568778,127.0480069723,,204161.856178796,470551.789962667,,000
다빈치동물병원,20190430,0000,정상,,031-875-7553,,11711,"경기도 의정부시 평화로 205, 1층 (호원동)",경기도 의정부시 호원동 454-23,11711,37.7102614957,127.0476043332,,204127.389660357,467535.416693079,,000
채플린동물병원,20200416,0000,정상,,,0,11815,"경기도 의정부시 용민로 493, 엘스퀘어 120, 121호 (민락동)",경기도 의정부시 민락동 905,11815,37.749999611,127.1185923281,,210383.354355243,471952.050120805,,000
24시 해든동물의료센터 민락점,20220303,0000,정상,,031-851-7007,536.25,11813,"경기도 의정부시 천보로 68, 201호 (민락동)",경기도 의정부시 민락동 805,11813,37.7454473184,127.0941209284,,208228.520689409,471445.862093797,,000
뉴하트동물병원,20230607,0000,정상,,031-928-6356,91.88,11800,"경기도 의정부시 서광로 135, 센타프라자 2층 201-1호 (산곡동)",경기도 의정부시 산곡동 690-1 센타프라자,11821,37.7289376368,127.1109268869,,209708.259220973,469615.392092955,,000
24시 해든동물의료센터 의정부점,20240405,0000,정상,,031-951-9499,997.62,11700,경기도 의정부시 평화로 448 (의정부동),경기도 의정부시 의정부동 378,11700,37.7318957234,127.0482330968,,204186.385,469943.775,,000
해맑은동물병원,20090324,0000,정상,,031-865-5700,75.9,11492,"경기도 양주시 고읍남로 14, 더테라스 102호 (광사동)",경기도 양주시 광사동 654-3 더테라스 102호,11492,37.7951495025,127.0796740402,,206945.250487867,476963.464160798,,000
반창꼬동물병원,20100121,0000,정상,,031-858-2918,193.44,11479,"경기도 양주시 옥정로 151, 힐링프라자 3층 2호 (옥정동)",경기도 양주시 옥정동 1049-1,11479,37.8153586058,127.0903755048,,207885.448470489,479205.373132531,,000
양주축협동물병원,20120208,0000,정상,,031-863-2223,251,11480,"경기도 양주시 고덕로355번길 28-37, 2층 (고읍동)",경기도 양주시 고읍동 52-3,11480,37.8060904332,127.0819181041,,207125.264048718,478134.863107777,,L00
현대동물병원,20130930,0000,정상,,031-868-5061,66,11409,경기도 양주시 남면 화합로 585,경기도 양주시 남면 상수리 341-4,11409,37.8718676505,126.9945205235,,199432.223348412,485476.83236832,,000
덕정동물의료센터,20140512,0000,정상,,031-857-7551,192,11456,"경기도 양주시 고암길 306-53, 덕정파크프라자 202, 203호 (덕정동)","경기도 양주시 덕정동 208-9 덕정파크프라자 202, 203호",11456,37.8367118504,127.0680054926,,205917.209677953,481572.874250748,,000
양주동물병원,20151211,0000,정상,,,110,11431,"경기도 양주시 은현면 백은로 806, 다동 2호",경기도 양주시 은현면 도하리 26-3,11431,37.8611426128,127.0117145317,,200963.266376192,484287.536969067,,000
사단법인 한국동물구조관리협회 동물병원,20170103,0000,정상,,031-867-9119,20,11409,경기도 양주시 남면 감악산로 63-37,경기도 양주시 남면 상수리 410-1,11409,37.8701165776,126.9835493261,,198456.230853409,485280.245240617,,L00
양주24시해든동물의료센터,20170725,0000,정상,,031-848-9111,377,11492,"경기도 양주시 부흥로 1938, 201호 (광사동)",경기도 양주시 광사동 652-1 201호,11492,37.7949277108,127.0781419351,,206811.891880144,476932.875165896,,000
양주 온 동물병원,20191231,0000,정상,,031-868-0075,183,11473,"경기도 양주시 회천남로 76, 한덕타워 2층 01호 (옥정동)",경기도 양주시 옥정동 963-18,11473,37.8185529608,127.0940504571,,208211.569409,479559.894066587,,000
로뎀나무 동물의료센터,20200403,0000,정상,,031-847-7720,396,11494,"경기도 양주시 고읍로 166, 1,2층 전부호 (만송동)",경기도 양주시 만송동 343-2,11494,37.7913644712,127.0874641435,,207639.605803943,476536.252300704,,000
동산동물병원,20200521,0000,정상,,,20,11426,경기도 양주시 남면 화합로 642,경기도 양주시 남면 상수리 165-14,11426,37.8710922934,127.0008019979,,200003.989538618,485387.878326567,,000
24시 양주 힐 동물의료센터,20210318,0000,정상,,031-859-8275,325,11473,"경기도 양주시 옥정동로7길 30, 2층 1~3호 (옥정동)",경기도 양주시 옥정동 1036-7,11473,37.8212241008,127.0976263047,,208514.845620454,479857.819239391,,000
캐나다동물병원,20220425,0000,정상,,031-863-8370,30,11406,경기도 양주시 남면 감악산로244번길 33,경기도 양주시 남면 신산리 72-10,11406,37.8886625761,126.9788366591,,198081.737320688,487332.698787941,,000
늘봄 동물병원,20230620,0000,정상,,,160,11473,"경기도 양주시 옥정로 218, 신운정튼튼프라자 2층 3-1호 (옥정동)",경기도 양주시 옥정동 963-6 신운정튼튼프라자,11473,37.8210340194,127.0921507369,,208043.505,479832.631327799,,000
양주 센트럴 동물병원,20230623,0000,정상,,031-928-6569,146,11473,"경기도 양주시 옥정로 208, 선양프라자 (옥정동)",경기도 양주시 옥정동 963-9 선양프라자,11473,37.8202226575,127.0920983909,,208044.986593821,479742.223660366,,000
씽씽 동물의료센터,20240614,0000,정상,,031-8088-7077,191,11444,"경기도 양주시 회천중앙로 225, 2층 4,5호 (덕계동)",경기도 양주시 덕계동 883-1,11444,37.8182469306,127.0518998376,,204500.487519986,479521.65496467,,000
덕계 원 동물병원,20240620,0000,정상,,031-928-4815,126,11444,"경기도 양주시 덕계로 132-12, 제이타워 2층 2호 (덕계동)",경기도 양주시 덕계동 928-7,11444,37.8186120801,127.0554993377,,204818.198656222,479562.802632092,,000
우신동물병원,20241129,0000,정상,,,20,11523,경기도 양주시 장흥면 북한산로 924,경기도 양주시 장흥면 교현리 237-1,11523,37.7042998166,126.9708732748,,197364.948274954,466874.001154598,,000
우리동물병원,20250502,0000,정상,,,,11419,경기도 양주시 광적면 광적로16번길 27-24,경기도 양주시 광적면 가납리 862-1,11419,37.8223162316,126.9846552364,,198577.644102483,479971.815184979,,000
일동동물병원,19700410,0000,정상,,,0,11117,경기도 포천시 일동면 화동로 1044-1,경기도 포천시 일동면 기산리 90-160,11117,37.9565510831,127.3173801444,,227824.874536593,494919.430765807,,000
백두산동물병원,19940311,0000,정상,,,0,11174,경기도 포천시 소흘읍 솔모루로 110,경기도 포천시 소흘읍 송우리 104,11174,37.830762808,127.1492568041,,213075.731040205,480925.055204615,,000
중앙동물병원,19940924,0000,정상,,,34,11101,경기도 포천시 관인면 창동로 1841,경기도 포천시 관인면 탄동리 533-8,11101,38.1568759702,127.252014737,,222020.470994288,517144.519481158,,000
포천대신동물병원,20000907,0000,정상,,031-536-7589,0,11144,경기도 포천시 중앙로 170 (신읍동),경기도 포천시 신읍동 202-4,11144,37.9005186098,127.2066059826,,218112.318429619,488694.233655369,,000
우리동물병원,20020416,0000,정상,,031-536-0229,0,11149,경기도 포천시 중앙로 50 (신읍동),경기도 포천시 신읍동 70,11149,37.8916751516,127.1988050012,,217416.123169528,487686.032574861,,000
해피올동물병원,20021201,0000,정상,,,80,11180,"경기도 포천시 소흘읍 호국로 571, 정우빌딩",경기도 포천시 소흘읍 송우리 494-1 정우빌딩,11180,37.8229750982,127.1401695319,,212275.960069033,480062.060884211,,000
영중동물병원,20030411,0000,정상,,,0,11129,경기도 포천시 영중면 양문로 82-1,경기도 포천시 영중면 양문리 772-12,11129,37.9999260788,127.2428286655,,221257.170561553,499726.452473379,,000
신성동물병원,20030411,0000,정상,,,0,11189,경기도 포천시 내촌면 내촌로 73-8,경기도 포천시 내촌면 내리 312-1,11189,37.7867793615,127.2279758809,,220012.378000513,476047.551188012,,000
현대동물병원,20050225,0000,정상,,,0,11176,경기도 포천시 소흘읍 송우로 87,경기도 포천시 소흘읍 송우리 728-4,11176,37.8302369596,127.1392819934,,212192.819091301,480861.780971248,,000
카우만 동물병원,20060814,0000,정상,,,40,11150,경기도 포천시 왕방로 68 (신읍동),경기도 포천시 신읍동 441,11150,37.8903717136,127.1897233494,,216606.879972509,487555.622623199,,000
대한동물병원,20071115,0000,정상,,,137,11105,경기도 포천시 영북면 영북로203번길 30,경기도 포천시 영북면 운천리 518-7,11105,38.0921307936,127.2707425454,,223680.085340907,509960.335199291,,000
포천동물병원,20081217,0000,정상,,031-535-2978,0,11144,경기도 포천시 중앙로 170 (신읍동),경기도 포천시 신읍동 202-4,11144,37.9005186098,127.2066059826,,218112.318429619,488694.233655369,,000
라임동물병원,20100401,0000,정상,,031-533-5065,198,11131,경기도 포천시 영중면 호국로 2558,경기도 포천시 영중면 금주리 905-5,11131,37.9724144129,127.2491867432,,221824.53594343,496637.52362775,,000
한강동물병원,20110217,0000,정상,,031-536-8388,0,11151,경기도 포천시 군내면 호국로 1628,경기도 포천시 군내면 하성북리 724-3,11151,37.8982669333,127.2072404983,,218159.444678519,488426.99825408,,000
바이웰동물병원,20130816,0000,정상,,,80,11129,경기도 포천시 영중면 양문로 94,경기도 포천시 영중면 양문리 772-4,11129,38.0010257908,127.242893165,,221272.725562291,499837.037609378,,000
사랑종합동물병원,20131129,0000,정상,,031-544-0275,129.07,11174,경기도 포천시 소흘읍 솔모루로 118,경기도 포천시 소흘읍 송우리 93-7,11174,37.8313854148,127.1494924975,,213098.143296203,480983.704041878,,000
큰동물병원,20190122,0000,정상,,,99,11100,"경기도 포천시 관인면 신교동로 23, 2층",경기도 포천시 관인면 중리 39,11100,38.0914858992,127.218662388,,219116.615116381,509868.846413635,,000
선동물병원,20210322,0000,정상,,,66,11164,"경기도 포천시 가산면 가산로309번길 1, 6호",경기도 포천시 가산면 마산리 427-4 6호,11164,37.8456782815,127.1838412362,,216109.86869657,482567.081923536,,000
팜스플랜동물병원 경기북부센터,20220915,0000,정상,,031-535-9533,0,11127,"경기도 포천시 영중면 호국로 3042, 다동 104호",경기도 포천시 영중면 성동리 895-6,11127,38.0141415947,127.2480193379,,221681.591957438,501292.78421825,,000
한림동물병원,20230525,0000,정상,,,34.96,11168,경기도 포천시 가산면 가산로 230,경기도 포천시 가산면 방축리 43-3,11168,37.8402536896,127.1776703505,,215579.958751338,481989.771133993,,000
센트럴 동물병원,20241114,0000,정상,,,443.8,11168,경기도 포천시 가산면 시우동길 58,경기도 포천시 가산면 가산리 459-4,11168,37.8335175238,127.1667445919,,214612.521660322,481223.15409086,,000
누리팜동물병원,20241230,0000,정상,,031-535-8037,,11139,경기도 포천시 신북면 호국로 2013,경기도 포천시 신북면 기지리 818-12,11139,37.9300864299,127.22363673,,219597.720556865,491952.575975987,,000
고래동물병원,20241230,0000,정상,,,,11129,경기도 포천시 영중면 양문로4길 9-1,경기도 포천시 영중면 양문리 806-11,11129,38.001039743,127.2410365461,,221107.64449449,499832.984204761,,000
동탄동물병원,20110707,0000,정상,,031-8003-8831,0,18431,경기도 화성시 동탄지성로 145 (능동),경기도 화성시 능동 1114-1,18431,37.2096423398,127.0593444535,,,,,000
해솔동물병원,20150909,0000,정상,,80037595,0,18423,"경기도 화성시 동탄원천로 354-11, 106~107호 (능동)",경기도 화성시 능동 1065-2,18423,37.2187862589,127.0579161755,,,,,000
나래동물의료센터,20210302,0000,정상,,031-613-7509,,18422,"경기도 화성시 여울로4길 46, 2층 (능동)",경기도 화성시 능동 1093-12,18422,37.2162995288,127.0558117588,,,,,000
소망동물병원,19821204,0000,정상,,031-356-1595,0,18258,경기도 화성시 만세구 남양읍 남양시장로55번길 37-3,경기도 화성시 만세구 남양읍 남양리 1266-2,18258,37.2103525738,126.8190537049,,183869.884674552,412068.085172675,,000
조암동물병원,19830817,0000,정상,,,0,18565,"경기도 화성시 만세구 우정읍 3.1만세로 69-5, 201호 (조암프라자)",경기도 화성시 만세구 우정읍 조암리 258-11,18565,37.0840394587,126.8207140671,,184000.79655334,398065.430715929,,000
청산동물병원,19831022,0000,정상,,,0,18567,경기도 화성시 만세구 우정읍 3.1만세로 29,경기도 화성시 만세구 우정읍 조암리 348,18567,37.0822077497,126.8172538888,,183680.139088429,397850.64988463,,000
현대동물병원,19841219,0000,정상,,,0,,"경기도 화성시 만세구 남양읍  남양시장로 38-4, 103호",경기도 화성시 만세구 남양읍 남양리 563 무지개@ 103호,18261,37.2085521023,126.8132096848,,183361.121931268,411868.302496778,,000
손수의과병원,19991004,0000,정상,,,0,18593,경기도 화성시 만세구 향남읍 3.1만세로 1126,경기도 화성시 만세구 향남읍 평리 30-4,18593,37.133725014,126.9099218707,,191927.778390707,403546.343017365,,000
발안종합동물병원,19970910,0000,정상,,,0,18592,"경기도 화성시 만세구 향남읍 삼천병마로 216, 중앙빌딩",경기도 화성시 만세구 향남읍 평리 81-70 중앙빌딩,18592,37.1322611479,126.911014039,,192015.515457571,403375.410213696,,000
홍익동물병원,19950803,0000,정상,,,0,18566,"경기도 화성시 만세구 우정읍 조암북로57번길 1, 2층",경기도 화성시 만세구 우정읍 조암리,18566,37.0863440558,126.8201871838,,,,,000
우리동물병원,19971024,0000,정상,,,72.84,18261,경기도 화성시 만세구 남양읍 남양시장로 54,경기도 화성시 만세구 남양읍 남양리 655-1,18261,37.2087812112,126.8154164592,,183545.767032688,411893.031842322,,000
한빛동물병원,20040528,0000,정상,,,0,18258,경기도 화성시 만세구 남양읍 남양시장로 101,경기도 화성시 만세구 남양읍 남양리 1274-2,18258,37.2108276182,126.8201538915,,183949.066212286,412127.638488839,,000
우동물병원,20050307,0000,정상,,,59.4,18567,경기도 화성시 만세구 우정읍 조암남로 22,경기도 화성시 만세구 우정읍 조암리 350-11,18567,37.08306832,126.8179887374,,183748.330583072,397939.898943234,,000
우정동물병원,20081212,0000,정상,,,0,18563,경기도 화성시 만세구 우정읍 버들로 94,경기도 화성시 만세구 우정읍 조암리 517,18563,37.0800120694,126.8054829996,,182639.081435453,397605.837865295,,000
한마음동물병원,20100502,0000,정상,,,0,18592,경기도 화성시 만세구 향남읍 삼천병마로 206,경기도 화성시 만세구 향남읍 평리 81-22,18592,37.1313844639,126.9105479887,,191982.526093183,403295.619644847,,000
중부동물병원,20100706,0000,정상,,,0,18576,경기도 화성시 만세구 팔탄면 노하길 206,경기도 화성시 만세구 팔탄면 노하리 436,18576,37.1586505479,126.8548810786,,187035.672718299,406324.1295007,,000
향남메디동물병원,20100723,0000,정상,,,0,18591,"경기도 화성시 만세구 향남읍 발안로 113, 101~102호",경기도 화성시 만세구 향남읍 행정리 474-9 101~2호,18591,37.1316802457,126.9230311069,,193089.31898065,403321.441820979,,000
신동물메디컬센터,20120306,0000,정상,,031-352-6633,115.81,18598,경기도 화성시 만세구 향남읍 행정서로2길 28-37,경기도 화성시 만세구 향남읍 행정리 417-14,18598,37.1311906066,126.9150865418,,192385.113193727,403270.810469246,,000
강남동물병원,20120914,0000,정상,,,0,18602,"경기도 화성시 만세구 향남읍 행정죽전로1길 25, 102호",경기도 화성시 만세구 향남읍 행정리 495-1 102호,18602,37.125720066,126.9208023611,,192892.207298792,402662.724139664,,000
반려마루 화성,20140424,0000,정상,,031-8030-4371,223.38,18542,"경기도 화성시 만세구 마도면 영종로 1157, 경기도보건수의센터",경기도 화성시 만세구 마도면 쌍송리 704 경기도보건수의센터,18542,37.1737591893,126.7874250481,,181034.492950987,408021.574486496,,000
수 동물병원,20140821,0000,정상,,,0,18281,경기도 화성시 만세구 남양읍 매바위로 586,경기도 화성시 만세구 남양읍 장덕리 795-29,18281,37.156853494,126.8018188163,,182325.236768416,406130.431930554,,000
아시아동물병원,20150316,0000,정상,,,0,18633,"경기도 화성시 만세구 양감면 은행나무로 224, 1층",경기도 화성시 만세구 양감면 신왕리 800-25,18633,37.0791831987,126.9421500028,,194786.630752562,397497.060861561,,000
보바인 동물병원,20150316,0000,정상,,,0,18598,"경기도 화성시 만세구 향남읍 행정서로2길 2-19, 101호",경기도 화성시 만세구 향남읍 행정리 420-4 101호,18598,37.1304200455,126.9142030847,,192305.724195038,403184.93521001,,000
수원화성오산축산농협 동물병원,20180327,0000,정상,,031-8059-3797,0,18576,경기도 화성시 만세구 팔탄면 노하길 122,경기도 화성시 만세구 팔탄면 노하리 1096-12,18576,37.154502811,126.8480580016,,186404.763441829,405881.485917759,,L00
이루다 동물메디컬센터,20180829,0000,정상,,031-357-7559,0,18266,"경기도 화성시 만세구 남양읍 남양로 839, 헤븐리2프라자 1층 110-112호",경기도 화성시 만세구 남양읍 남양리 1537-28 110-1호,18266,37.2107879241,126.8321905571,,,,,000
팜쉴드 동물병원,20200527,0000,정상,,,,18635,경기도 화성시 만세구 양감면 장승백이길 7-10,경기도 화성시 만세구 양감면 요당리 338-41,18635,37.0675107132,126.9161158413,,192468.003384215,396185.36752051,,000
루아동물병원,20201007,0000,정상,,031-352-0002,,18611,"경기도 화성시 만세구 향남읍 상신하길로298번길 7-21, 1동 211호",경기도 화성시 만세구 향남읍 하길리 1470-2,18611,37.1151595574,126.912463462,,192141.289648486,401495.436799955,,000
BL불임우병원,20210630,0000,정상,,,,18566,경기도 화성시 만세구 우정읍 조암로 40,경기도 화성시 만세구 우정읍 조암리 203-11,18566,37.0866537251,126.8191717795,,183853.160300846,398338.007173209,,000
숲속동물병원,20220412,0000,정상,,,291.32,18244,"경기도 화성시 만세구 수노을중앙로 126, 202-203호 (새솔동)",경기도 화성시 만세구 새솔동 76-5,18244,37.2852671232,126.8175218809,,183748.51562678,420379.489402973,,000
그린동물병원,20220502,0000,정상,,031-366-7970,165,18244,"경기도 화성시 만세구 수노을중앙로 160, 2층 (새솔동)",경기도 화성시 만세구 새솔동 76-13,18244,37.2829232128,126.8190321,,183880.034473926,420121.444800251,,000
송산종합동물병원,20220531,0000,정상,,031-357-1177,90,18550,경기도 화성시 만세구 송산면 송산동로 6-23,경기도 화성시 만세구 송산면 사강리 630-10,18550,37.2146637497,126.736672703,,176559.150593822,412563.158965151,,000
바로동물병원,20260422,0000,정상,,031-8042-3270,96.8,16373,"경기도 수원시 권선구 당수로 118, 더드림 201호 (당수동)",경기도 수원시 권선구 당수동 0 201호,16373,37.2847343462,126.9430165829,,,,,000
도담동물병원,20260507,0000,정상,,02-2060-6095,142.57,14209,"경기도 광명시 광복로 66, 102호 (철산동)",경기도 광명시 철산동 56-11 102호,14209,37.4898210389,126.8656291455,,188051.065373926,443071.952010163,,000
24시라이프동물메디컬센터,20260219,0000,정상,,031-360-8279,278.1,13999,"경기도 안양시 만안구 안양로 249, 안양디오르나인 2BL 2층 203~205호 (안양동)",경기도 안양시 만안구 안양동 627-30 안양디오르나인 2BL,13999,37.3950535832,126.9240687091,,,,,000
운정소현동물의료센터,20260227,0000,정상,,,201.88,10869,"경기도 파주시 가람로 121-1, 201,202호 (와동동)",경기도 파주시 와동동 1664-578,10869,37.7401103589,126.7600919112,,,,,000
네스트동물의료센터,20260317,0000,정상,,031-377-8253,,18144,"경기도 오산시 경기대로 154, 패션폴라리스 3층 305호, 306호 (원동)","경기도 오산시 원동 391-1 패션폴라리스 305호, 306호",18144,37.1385111072,127.0738540545,,206491.779909931,404082.012654852,,000
벤 동물병원,20260409,0000,정상,,031-375-8882,0,18125,"경기도 오산시 초평중앙로 127-4, 101호 (가수동)",경기도 오산시 가수동 408-4 101호,18125,37.1437865829,127.04768971,,,,,000
화성특례시 반려동물 진료센터,20260413,0000,정상,,031-5189-4921,306.89,18355,"경기도 화성시 병점구 효심2나길 6, 2층 (송산동)",경기도 화성시 병점구 송산동 228-4,18355,37.2091258613,127.0018037856,,,,,O00
포레스트동물의료센터,20230922,0000,정상,,031-241-5953,71.2,16452,"경기도 수원시 팔달구 팔달로 63, 103,104호 (고등동)",경기도 수원시 팔달구 고등동 141-22,16452,37.2743431591,127.0020962274,,200111.247343846,419156.173051222,,000
스타필드 수원 화서점 웰니스 동물병원,20240124,0000,정상,,031-690-1175,97.78,16318,"경기도 수원시 장안구 수성로 175, 1층 1252(일부)호 (정자동)",경기도 수원시 장안구 정자동 111-14,16318,37.2874406644,126.9915632992,,199161.380909543,420620.351156652,,000
경기도동물위생시험소 부설 동물병원,20240227,0000,정상,,031-8008-6300,300.36,16381,"경기도 수원시 권선구 칠보로1번길 63, 경기도동물위생시험소 (금곡동)",경기도 수원시 권선구 금곡동 746-15 경기도동물위생시험소,16381,37.2676310086,126.9345709374,,194146.288771817,418404.19022362,,O00
이웃집 동물병원,20240227,0000,정상,,031-295-0975,44.15,16636,"경기도 수원시 권선구 삼천병마로1566번길 13, 1층 6호 (오목천동)",경기도 수원시 권선구 오목천동 478-4,16636,37.2431246324,126.9641813933,,196749.786480284,415687.014576308,,000
마음 동물병원,20240408,0000,정상,,031-8067-7559,61.85,16342,"경기도 수원시 장안구 이목로 17, 105(일부),106호 (이목동)",경기도 수원시 장안구 이목동 338-6,16342,37.3106880848,126.9833831981,,198459.659511707,423178.312122611,,000
하나동물병원,20050414,0000,정상,,031-853-7550,0,11771,경기도 의정부시 부용로 187 (신곡동),경기도 의정부시 신곡동 772-2,11771,37.7514473975,127.0779461993,,206799.975,472111.495,,000
프렌즈동물병원,20061030,0000,정상,,031-845-2500,0,11692,경기도 의정부시 호국로 1300 (의정부동),경기도 의정부시 의정부동 187-18,11692,37.7434615175,127.0487076244,,204215.40405255,471214.25539681,,000
금오동물병원,20080403,0000,정상,,031-826-7582,0,,"경기도 의정부시 청사로 37 (금오동,신세계프라자 112호)",경기도 의정부시 금오동 473-3 신세계프라자 112호,11757,37.7515172806,127.0698521163,,206087.860061554,472116.57310828,,000
도그플러스 동물병원,20081105,0000,정상,,031-851-7373,66,11757,"경기도 의정부시 청사로 38, 홈플러스 3층 (금오동)",경기도 의정부시 금오동 475-1 홈플러스 3층,11757,37.7521704799,127.0710175592,,206192.090833323,472186.18249487,,000
수노을동물병원,20210701,0000,정상,,,70,18297,"경기도 화성시 효행구 매송면 매송고색로422번길 9, 104호",경기도 화성시 효행구 매송면 천천리 95-3 104호,18297,37.2426989322,126.951917449,,195666.780493979,415642.738306795,,000
24시 봉담동물의료센터,20240112,0000,정상,,031-227-3175,105.69,18309,"경기도 화성시 효행구 봉담읍 상리중심상가길 28-8, 망고타운 203, 204, 205호","경기도 화성시 효행구 봉담읍 상리 688-2 망고타운 203, 204, 205호",18309,37.2262484123,126.946096011,,195145.796663982,413818.098530311,,000
백동물의료센터,20240321,0000,정상,,031-278-7631,296.71,18298,"경기도 화성시 효행구 봉담읍 동화역말길 73-2, 1층",경기도 화성시 효행구 봉담읍 동화리 238-91 1층,18298,37.2172819951,126.9682752646,,197121.517331734,412805.795065062,,000
서울동물병원,20041101,0000,정상,,,45.6,18411,경기도 화성시 병점구 병점2로 9 (병점동),경기도 화성시 병점구 병점동 364-4,18411,37.2054773136,127.0379119626,,203296.326859387,411509.837152185,,000
베스트동물병원,20051110,0000,정상,,031-226-0275,0,18404,"경기도 화성시 병점구 효행로 1036, 아시아빌딩 101호 (진안동)",경기도 화성시 병점구 진안동 877-4 아시아빌딩 101호,18404,37.2132671529,127.0406707975,,203542.416641477,412371.665682868,,000
장우진동물병원,20091203,0000,정상,,,0,18413,"경기도 화성시 병점구 경기대로 990 (병점동, 화성 병점 에스케이 뷰)",경기도 화성시 병점구 병점동  870 화성 병점 에스케이 뷰,18413,37.2054182126,127.0389378262,,203346.215269726,411446.440462909,,000
위니펫동물병원,20100929,0000,정상,,,0,18401,경기도 화성시 병점구 경기대로 1054 (진안동),경기도 화성시 병점구 진안동  540-4,18401,37.2094553813,127.0340446821,,202952.790708955,411952.256651664,,000
스마트동물병원(병점점),20160601,0000,정상,,031-239-7582,201.94,18404,"경기도 화성시 병점구 효행로 1018, 4~6층 (진안동)",경기도 화성시 병점구 진안동  878-5,18404,37.2125488011,127.0390634954,,203392.0342573,412290.480070218,,F00
나무동물병원,20181123,0000,정상,,031-226-7582,0,18412,"경기도 화성시 병점구 떡전골로 43, 1층 101-102호 (병점동)",경기도 화성시 병점구 병점동  396-5,18412,37.2028371269,127.0358433154,,203110.689240761,411211.170687093,,000
힐링동물의료센터,20190919,0000,정상,,031-202-7512,0,18379,"경기도 화성시 병점구 영통로 70, 대성프라자  2층 (반월동)",경기도 화성시 병점구 반월동  27-5,18379,37.2363133894,127.0613876641,,205379.726130873,414936.413823546,,000
블루베어동물병원,20210707,0000,정상,,031-236-7555,0,18413,"경기도 화성시 병점구 병점서로 33, 두산탑 프라자 2층 204호 (병점동)",경기도 화성시 병점구 병점동 431-3 두산탑 프라자,18413,37.2055391604,127.0399062489,,203461.867426191,411511.08542062,,000
카인드 동물병원,20251217,0000,정상,,031-546-3915,129.92,18371,"경기도 화성시 병점구 병점노을4로 5, 204,205호 (병점동)",경기도 화성시 병점구 병점동  884-4,18371,37.2049383743,127.0292379699,,202524.750770697,411449.96283797,,000
누리동물병원,20080403,0000,정상,,80037588,0,18442,"경기도 화성시 동탄구 동탄솔빛로 64, 가희프라자2 1층 104호 (반송동)",경기도 화성시 동탄구 반송동  218-2 가희프라자2 104호,18442,37.1942122071,127.0746679575,,206559.943305761,410262.97929974,,000
센트럴동물병원,20080404,0000,정상,,80037520,0,18434,"경기도 화성시 동탄구 동탄지성로 102, 하나로프라자 (반송동)",경기도 화성시 동탄구 반송동  42-3 하나로프라자,18434,37.2081008718,127.0641993771,,205628.113089611,411804.508779064,,000
21세기동물병원,20100414,0000,정상,,80153178,0,18442,"경기도 화성시 동탄구 동탄솔빛로 48, 103~104호 (반송동, 거택프라자)",경기도 화성시 동탄구 반송동  217-6,18442,37.1931619375,127.0733780911,,206445.025958477,410145.550969708,,000
숲속동물병원,20110722,0000,정상,,031-8003-5999,0,18436,경기도 화성시 동탄구 동탄공원로1길 27 (반송동),경기도 화성시 동탄구 반송동  61-1,18436,37.2032887084,127.059685656,,205227.780298847,411271.463661887,,000
메타 동물의료센터,20150417,0000,정상,,031-831-5508,0,18454,"경기도 화성시 동탄구 메타폴리스로 53, 스타프라자 4층 402~406호 (반송동)",경기도 화성시 동탄구 반송동 92-7 스타프라자 402~6호,18454,37.2022203977,127.0731918872,,206427.276441127,411149.170349989,,000
동탄중앙동물병원,20151020,0000,정상,,031-373-7524,0,18476,"경기도 화성시 동탄구 동탄대로시범길 146, 201호 (청계동)",경기도 화성시 동탄구 청계동  510-815,18476,37.2003204054,127.1131382572,,,,,000
밴스(vans)동물병원,20160311,0000,정상,,,0,18466,"경기도 화성시 동탄구 지산1길 18-24, 1층 (영천동)",경기도 화성시 동탄구 영천동  651-1348,18466,37.208407393,127.1135590374,,,,,000
퍼스트동물병원,20160527,0000,정상,,031-8003-7596,0,18436,경기도 화성시 동탄구 외삼미로 166 (반송동),경기도 화성시 동탄구 반송동  76-1,18436,37.1994743543,127.0617361226,,205410.585517593,410845.3356826,,000
파트너 동물의료센터,20170214,0000,정상,,031-8055-8440,0,18466,"경기도 화성시 동탄구 동탄순환대로 708, 1동 204호 (영천동)",경기도 화성시 동탄구 영천동  681-1,18466,37.2080005192,127.1104281412,,209731.902478797,411794.295446047,,000
24시동탄윌동물의료센터,20170526,0000,정상,,031-831-3531,0,18454,"경기도 화성시 동탄구 동탄반석로 156 (반송동, 동탄하이페리온)",경기도 화성시 동탄구 반송동  93-9,18454,37.2023227474,127.0715798696,,206282.047890313,411164.141856201,,000
동탄스케치동물병원,20171024,0000,정상,,031-373-6307,0,18473,"경기도 화성시 동탄구 지산2길 12-20, 101호 (영천동)",경기도 화성시 동탄구 영천동  701-10 101호,18473,37.2054294534,127.1125487156,,209922.366266496,411510.761789232,,000
나인동물의료센터,20171121,0000,정상,,031-376-9909,0,18496,경기도 화성시 동탄구 동탄산척로2가길 5 (산척동),경기도 화성시 동탄구 산척동  산 716-6,18496,37.1728015831,127.1135038892,,,,,000
24시핸즈동물의료센터,20180328,0000,정상,,031-8677-2115,0,18478,"경기도 화성시 동탄구 동탄대로 489, 201,202호 (오산동)","경기도 화성시 동탄구 오산동  969-3 201,202호",18478,37.197350355,127.0982682615,,208653.392715776,410613.194095692,,000
24시동탄시티동물의료센터,20180822,0000,정상,,031-8003-7533,0,18434,"경기도 화성시 동탄구 동탄지성로 126, 정일프라자 109호, 202호 (반송동)",경기도 화성시 동탄구 반송동 41-1 정일프라자,18434,37.2093540384,127.0618142295,,205416.501107917,411942.980332719,,000
S동물의료센터,20181231,0000,정상,,031-8003-3232,,18434,"경기도 화성시 동탄구 동탄지성로 112, 1층 (반송동)",경기도 화성시 동탄구 반송동  41-6,18434,37.2088181193,127.0631471626,,205536.777108235,411884.69431858,,000
아인스 동물병원,20190104,0000,정상,,031-8055-8565,0,18490,경기도 화성시 동탄구 왕배산3길 17 (목동),경기도 화성시 동탄구 목동  260,18490,37.1816570447,127.1258623841,,211044.630314981,408899.027131576,,000
이로운 동물병원,20190514,0000,정상,,031-8055-8075,,18501,"경기도 화성시 동탄구 동탄순환대로 253, 203호 (산척동)",경기도 화성시 동탄구 산척동  산 118,18501,37.1702574606,127.1184054545,,,,,000
동탄24시동물의료센터,20191104,0000,정상,,031-613-7579,0,18453,"경기도 화성시 동탄구 동탄지성로 2, 206호 (반송동, 동탄 플래티넘)",경기도 화성시 동탄구 반송동  90-9 동탄 플래티넘,18453,37.2049724672,127.073965235,,206491.146821923,411458.976720896,,000
리더스동물병원,20200112,0000,정상,,031-372-7550,0,18476,"경기도 화성시 동탄구 동탄대로시범길 148-22, 디스퀘어상가 203호 (청계동)",경기도 화성시 동탄구 청계동  535-6,18476,37.2004884201,127.1149065641,,210128.213563089,410963.227069751,,000
동탄호수동물병원,20200414,0000,정상,,031-376-7800,,18505,"경기도 화성시 동탄구 동탄순환대로 127-19, 동탄에스비타운 206호 (산척동)",경기도 화성시 동탄구 산척동  728-3 동탄에스비타운 206호,18505,37.1674086336,127.1072575021,,209456.590689976,407290.50724525,,000
24시 이음동물의료센터,20200508,0000,정상,,031-831-3513,0,18501,"경기도 화성시 동탄구 동탄대로6길 15, 201~204호 (산척동)",경기도 화성시 동탄구 산척동  727-4,18501,37.1687285858,127.108433375,,209559.943753593,407438.679446601,,000
뉴엘동물의료센터,20210708,0000,정상,,031-373-7588,,18477,"경기도 화성시 동탄구 동탄대로시범길 261, 리더스프라자 1층 102,103,104호 (청계동)",경기도 화성시 동탄구 청계동  514-4,18477,37.2017084042,127.1022004934,,209007.093748907,411100.377429725,,000
도하동물병원,20211027,0000,정상,,,0,18481,"경기도 화성시 동탄구 동탄역로 54, 112동 B1031호 (오산동, 동탄역 헤리엇)",경기도 화성시 동탄구 오산동  1023 동탄역 헤리엇 112동 B1031호,18481,37.1913556072,127.0981535491,,208613.927444808,409972.944095934,,000
쥬만지동물의료센터,20220112,0000,정상,,031-374-0275,,18474,"경기도 화성시 동탄구 동탄치동천로3길 42, 1층 (영천동)",경기도 화성시 동탄구 영천동  745-12,18474,37.2027161711,127.1237187922,,210913.621413828,411212.752118953,,000
메디스동물병원,20220211,0000,정상,,,0,18506,"경기도 화성시 동탄구 동탄대로4길 39, 2층 204호 (장지동)",경기도 화성시 동탄구 장지동  971-1,18506,37.1618297159,127.1102372265,,209721.874407526,406673.380942227,,000
해나동물병원,20230216,0000,정상,,031-378-7599,85.66,18490,"경기도 화성시 동탄구 동탄신리천로 406, 리더스퀘어 102, 103호 (목동)",경기도 화성시 동탄구 목동  496-2 102호,18490,37.1821526488,127.1229646181,,,,,000
이루동물병원,20230503,0000,정상,,031-378-7575,0,18497,"경기도 화성시 동탄구 동탄대로 181, 판매시설A동 214~216호 (송동, 동탄린스트라우스더레이크)",경기도 화성시 동탄구 송동  694 동탄린스트라우스더레이크 214호,18497,37.1719563822,127.105938569,,209253.387443815,407725.114639407,,000
여울동물병원,20230503,0000,정상,,031-373-0575,,18479,"경기도 화성시 동탄구 동탄광역환승로 73, 207동 1층 E025호 (오산동, 동탄역 반도유보라 아이비파크 8.0)",경기도 화성시 동탄구 오산동  973 동탄역 반도유보라 아이비파크 8.0 207동 E025호,18479,37.2023635535,127.0907704559,,207987.268517449,411169.459964605,,000
동탄원더스동물의료센터,20241230,0000,정상,,031-8019-8822,217,18495,"경기도 화성시 동탄구 동탄신리천로4길 47, B111~B113호 (신동, 힐스테이트 동탄포레)",경기도 화성시 동탄구 신동  561-1 힐스테이트 동탄포레 B111~B113호,18495,37.1761136563,127.1346200556,,211972.55862379,408153.44114525,,000
데이즈동물의료센터,20241230,0000,정상,,,188.84,18478,"경기도 화성시 동탄구 동탄대로 537, 1023,1024호 (오산동)","경기도 화성시 동탄구 오산동  1019 1023,1024호",18478,37.2022258061,127.0979268967,,208624.936086903,411151.948385108,,000
이프동물의료센터,20250304,0000,정상,,,175.27,18497,"경기도 화성시 동탄구 동탄대로5길 15, 그랑파사쥬 3층 3030,3031,3032호 (송동)",경기도 화성시 동탄구 송동 725-4 더샵 동탄센텀폴리스 1단지,18497,37.1670263464,127.1061443849,,209358.316672081,407254.706735502,,000
오디세이 동물심장내과,20250312,0000,정상,,031-378-7515,111.6,18478,"경기도 화성시 동탄구 동탄역로 150, 에이동 201호 (오산동, 동탄역 롯데캐슬)",경기도 화성시 동탄구 오산동  1089 동탄역 롯데캐슬,18478,37.1994996633,127.09678071,,,,,000
솜길동물의료센터,20250711,0000,정상,,,265,18484,"경기도 화성시 동탄구 동탄순환대로20길 124, 우성스타파크 A 201,202,203,204호 (목동)",경기도 화성시 동탄구 목동  487-8 우성스타파크 A 201호~204호,18484,37.1826629384,127.1246970331,,,,,000
플로동물병원,20251223,0000,정상,,031-831-8119,98.42,18476,"경기도 화성시 동탄구 동탄대로시범길 134, C동 43,44호 (청계동, 동탄역시범반도유보라아이비파크4.0)",경기도 화성시 동탄구 청계동  536 동탄역시범반도유보라아이비파크4.0,18476,37.1991732663,127.1151836858,,210075.319585403,410817.645865226,,000
24시동탄리더스동물의료원,20251230,0000,정상,,031-831-3655,,18478,"경기도 화성시 동탄구 동탄대로 551-16, 동탄역 푸르지오시티 B동 213-220호 (오산동)",경기도 화성시 동탄구 오산동  1088-1 동탄역 푸르지오시티,18478,37.2031687037,127.0968738822,,,,,000
신장가축병원,19981030,0000,정상,,,0,12814,경기도 광주시 도척면 도척로 376-64,경기도 광주시 도척면 진우리 381-1,12814,37.3191448726,127.3340347116,,229540.015625895,424174.7449582,,000
금강동물병원,20000526,0000,정상,,031-763-0170,733.77,12729,"경기도 광주시 초월읍 산수로 540, 호석빌딩 101호",경기도 광주시 초월읍 신월리 442-1 호석빌딩,12729,37.4087930924,127.3078025453,,227180.592900075,434120.091911408,,000
협동동물병원,20000513,0000,정상,,031-761-2259,0,12758,경기도 광주시 중앙로 96 (역동),경기도 광주시 역동 22-26,12758,37.4084153619,127.2590566923,,222867.95075877,434067.938039386,,000
우정동물병원,20020118,0000,정상,,,47,12801,경기도 광주시 곤지암읍 대석동길 73,경기도 광주시 곤지암읍 곤지암리 394,12801,37.3529432696,127.3445403461,,230457.440718531,427931.834750818,,000
분당에덴동물병원,20030709,0000,정상,,,396,12773,경기도 광주시 능평로 168 (능평동),경기도 광주시 능평동 175-9,12773,37.3462859637,127.1737987213,,,,,000
푸른동물병원,20030724,0000,정상,,,0,,경기도 광주시 고불로 54 (중대동),경기도 광주시 중대동 17-10,12768,37.3932862013,127.23205915,,220477.988292893,432377.976458336,,000
이솝동물병원,20030929,0000,정상,,031-768-8820,0,,경기도 광주시 초월읍 경충대로 1264,경기도 광주시 초월읍 대쌍령리 185-1,12735,37.3874766694,127.2874554228,,225386.463163815,431747.680878323,,000
그랜드24시동물병원,20050215,0000,정상,,,158,12755,경기도 광주시 경안안길 5 (경안동),경기도 광주시 경안동 123-7 3통,12755,37.414502856,127.2518839216,,222227.860488953,434738.68496788,,000
동현24시동물병원,20101222,0000,정상,,,353.39,,"경기도 광주시 경안천로 5 (송정동,1층)",경기도 광주시 송정동 64-29 1층,12741,37.4141697652,127.2608350467,,223021.068538776,434704.470700921,,000
24시 모란동물 메디컬센터,20120510,0000,정상,,031-765-1100,182.77,12791,경기도 광주시 경충대로 1448 (쌍령동),경기도 광주시 쌍령동 168-2,12791,37.3993943919,127.2736717091,,224164.085190632,433063.76759113,,000
나비누리 동물병원,20130221,0000,정상,,031-763-7583,79.8,12759,경기도 광주시 중앙로 69-4 (역동),경기도 광주시 역동 27-9,12759,37.4063546826,127.2607694956,,223020.657661684,433841.157632627,,000
곤지암행복동물병원,20140804,0000,정상,,,,12800,경기도 광주시 곤지암읍 경충대로 702,경기도 광주시 곤지암읍 6-1,12800,37.3533671872,127.3315656158,,229322.073530039,427981.29260808,,000
동탄동물심장병원,20260225,0000,정상,,031-377-8875,,18478,"경기도 화성시 동탄구 동탄역로 102, 2006, 2007호 (여울동, 동탄역 린스트라우스)","경기도 화성시 동탄구 여울동 1020 동탄역 린스트라우스 2006,호",18478,37.1965518481,127.0967175125,,,,,000
백운호수동물병원,20260504,0000,정상,,031-360-7076,0,16016,"경기도 의왕시 바라산로 16, 109,110,111호 (학의동)",경기도 의왕시 학의동 1083,16016,37.3740752072,127.0092535194,,200750.830643128,430225.656140495,,000
위례 다올동물병원,20260212,0000,정상,,031-8039-7553,,13642,"경기도 성남시 수정구 위례순환로4길 36, 아다지오 1층 (창곡동)",경기도 성남시 수정구 창곡동 523-2 아다지오,13642,37.4697122618,127.148903836,,213102.805,440846.072,,000
마필동물병원,20260212,0000,정상,,,17.64,14102,"경기도 안양시 동안구 관평로 76, 꿈마을한신아파트 한신상가동 지층 011호 (평촌동)",경기도 안양시 동안구 평촌동 932-4 꿈마을한신아파트 한신상가동,14102,37.384349524,126.9652791368,,196947.477869431,431338.683676833,,000
에이펙스 홀스 클리닉,20260219,0000,정상,,,32.85,13837,"경기도 과천시 별양상가1로 10, 과천타워 지하층 2호 (별양동)",경기도 과천시 별양동 1-17 과천타워 지하2호,13837,37.4269850323,126.9920000106,,199221.861086765,436093.052420272,,000
오른손동물병원,20260331,0000,정상,,02-6408-8580,72.98,13003,"경기도 하남시 감일백제로 155, 감일역 트루엘 211,212호 (감이동)",경기도 하남시 감이동 514-3 감일역 트루엘,13003,37.5067713904,127.1564128634,,213759.742703294,444963.220003654,,000
별내품은동물병원,20260309,0000,정상,,,101.92,12099,"경기도 남양주시 식송1로 184, 1층 (별내동)",경기도 남양주시 별내동 1150-1,12099,37.6645609814,127.1125784092,,209860.021675984,462467.114994478,,000
대한동물병원,20220926,0000,정상,,,36,18563,"경기도 화성시 만세구 우정읍 버들로 110, 107호",경기도 화성시 만세구 우정읍 조암리 533,18563,37.0805956226,126.803542567,,182460.022343801,397664.7142213,,000
이솝동물병원,20221107,0000,정상,,031-357-3776,48,18262,"경기도 화성시 만세구 남양읍 남양천로 17, 상가동 106호 (화성남양시티프라디움3차아파트)",경기도 화성시 만세구 남양읍 남양리 2251 화성남양시티프라디움3차아파트,18262,37.2088693006,126.8197544832,,184009.348890443,411948.936247179,,000
조이앤동물병원,20230314,0000,정상,,031-353-7522,194.77,18606,"경기도 화성시 만세구 향남읍 발안양감로 187, 1동 205호",경기도 화성시 만세구 향남읍 하길리 1465-2 1동 205호,18606,37.1163955833,126.9108668158,,192012.658168745,401627.876324313,,000
전동물병원,20240112,0000,정상,,,62.25,18617,"경기도 화성시 만세구 향남읍 상신하길로135번길 9-15, 101호",경기도 화성시 만세구 향남읍 상신리 1289 101호,18617,37.1055769681,126.8979743059,,190860.668563776,400429.311525123,,000
메이트 동물병원,20250313,0000,정상,,031-356-7975,69.29,18270,"경기도 화성시 만세구 남양읍 남양로 671, 105호",경기도 화성시 만세구 남양읍 남양리 2320-5,18270,37.1984850692,126.8260338737,,184483.696564592,410747.684917781,,000
수노을 산업동물병원,20251212,0000,정상,,,45.6,18552,"경기도 화성시 만세구 송산면 화성로330번길 1, 2층",경기도 화성시 만세구 송산면 육일리 306,18552,37.2066678283,126.7282336749,,175810.02037777,411669.787619519,,000
연동물병원,20251215,0000,정상,,,0,18552,"경기도 화성시 만세구 송산면 화성로330번길 1, 1층",경기도 화성시 만세구 송산면 육일리 306,18552,37.2066678283,126.7282336749,,175810.02037777,411669.787619519,,000
협동동물병원,19991126,0000,정상,,,0,18313,경기도 화성시 효행구 봉담읍 진등1길 66,경기도 화성시 효행구 봉담읍 동화리 425-24,18313,37.2211188393,126.9498305951,,195473.929669679,413245.083357261,,000
고려동물병원,20051116,0000,정상,,031-2250-0275,0,18338,경기도 화성시 효행구 봉담읍 효행로291번길 6-2,경기도 화성시 효행구 봉담읍 와우리 148-2,18338,37.2221325985,126.9745759229,,197662.27028232,413357.4241882,,000
서수원동물병원,20060116,0000,정상,,031-297-7556,0,18313,경기도 화성시 효행구 봉담읍 진등1길 72,경기도 화성시 효행구 봉담읍 동화리 425-19,18313,37.2213379932,126.9504376693,,195528.0711788,413271.606011373,,000
라파동물병원,20090323,0000,정상,,031-278-1275,0,18309,"경기도 화성시 효행구 봉담읍 상리2길 55, 어반센터프라자 103호",경기도 화성시 효행구 봉담읍 상리 690-1,18309,37.2250716783,126.9469725726,,195217.508597465,413703.332611066,,000
아마존동물병원,20100625,0000,정상,,,0,18321,"경기도 화성시 효행구 봉담읍 와우로 89, 토마토오피스텔2 106호",경기도 화성시 효행구 봉담읍 와우리 31-28 토마토오피스텔2 106호,18321,37.2141591049,126.975453972,,197750.157581816,412473.241137822,,000
정남동물병원,20130403,0000,정상,,031-354-8211,0,18517,경기도 화성시 효행구 정남면 서봉로 1119,경기도 화성시 효행구 정남면 발산리 250,18517,37.1652326788,126.9840707942,,198514.942348693,407032.845223514,,000
봉담우리애동물병원,20171115,0000,정상,,031-293-0075,0,18303,경기도 화성시 효행구 봉담읍 동화새터길 5,경기도 화성시 효행구 봉담읍 동화리 420-1,18303,37.2233499889,126.9527901685,,195740.839071689,413495.214594611,,000
뿌리동물병원,20240724,0000,정상,,031-546-0375,151.62,16476,"경기도 수원시 팔달구 세지로 178, 1,2층 (인계동)",경기도 수원시 팔달구 인계동 986-16,16476,37.2672150743,127.022252655,,201902.436425236,418363.500867324,,000
클리어동물병원,20250122,0000,정상,,031-895-6780,236.12,16402,"경기도 수원시 권선구 서수원로 435, 1층 (호매실동)",경기도 수원시 권선구 호매실동 1375-7,16402,37.2654613824,126.962241222,,196580.646330125,418170.824810782,,000
뿌리동물병원 치과센터,20250416,0000,정상,,,80.84,16476,"경기도 수원시 팔달구 세지로 178, 3층 (인계동)",경기도 수원시 팔달구 인계동 986-16,16476,37.2672150743,127.022252655,,201902.436425236,418363.500867324,,000
온새동물의료센터,20250602,0000,정상,,031-306-8275,165.24,16703,"경기도 수원시 영통구 봉영로 1587, 다모아프라자 201호 (영통동)",경기도 수원시 영통구 영통동 959-4 다모아프라자,16703,37.2533267474,127.072328659,,206343.756970653,416825.453773178,,000
한걸음 동물병원,20250602,0000,정상,,031-895-6008,73.06,16684,"경기도 수원시 영통구 덕영대로 1400, 상가에이동 104,105호 (망포동, 영통아이파크캐슬2단지)",경기도 수원시 영통구 망포동 760 영통아이파크캐슬2단지,16684,37.2435285575,127.043362318,,203682.901989481,415678.03854995,,000
엘로이 동물병원,20250623,0000,정상,,031-546-2804,53.74,16334,"경기도 수원시 장안구 대평로 80, 정연메이져1동 111,123호 (정자동)","경기도 수원시 장안구 정자동 877-4 정연메이져1동 111,123호",16334,37.2955258737,126.9936074645,,199363.753036764,421508.111841259,,000
LAB:BY,20251226,0000,정상,,,55.9,16508,"경기도 수원시 영통구 도청로66번길 6, 상가동 B3층 344호 (이의동, 힐스테이트광교중앙역퍼스트)",경기도 수원시 영통구 이의동 1333 힐스테이트광교중앙역퍼스트 상가동 B344호,16508,37.2888469558,127.0518206265,,,,,000
금광동물병원,19910118,0000,정상,,,108.5,13144,경기도 성남시 수정구 산성대로 431 (단대동),경기도 성남시 수정구 단대동 97-3,13144,37.4504795483,127.1589882243,,213996.980887388,438714.579516437,,000
분당헤르쯔 동물병원,19931221,0000,정상,,031-712-2795,0,13600,"경기도 성남시 분당구 돌마로 364, 현대제일상가 1층 17,18,19호 (수내동)",경기도 성남시 분당구 수내동 79-2 현대제일상가,13600,37.3699876639,127.1236529514,,210882.431070576,429773.840489957,,000
서울종합동물병원,19940624,0000,정상,,,0,13586,경기도 성남시 분당구 불정로 381 (서현동),경기도 성남시 분당구 서현동 305-1,13586,37.3745624711,127.1367204892,,212039.140522801,430287.699040041,,000
한국동물병원,19941220,0000,정상,,,67,13372,경기도 성남시 중원구 둔촌대로 155 (성남동),경기도 성남시 중원구 성남동 3794,13372,37.4295710484,127.1359236049,,211957.920631177,436390.399457418,,000
상록 동물병원,19950817,0000,정상,,,0,13612,경기도 성남시 분당구 정자로 78 (정자동),경기도 성남시 분당구 정자동 126-1,13612,37.3631586179,127.1135347915,,209985.560298564,429016.529206763,,000
우성동물병원,19960416,0000,정상,,,0,13589,"경기도 성남시 분당구 돌마로 481, 분당우성프라자 (서현동)",경기도 성남시 분당구 서현동 95 분당우성프라자,13589,37.3777415229,127.132887434,,211698.58855141,430637.359617296,,000
성남동물병원,20010424,0000,정상,,,0,13388,"경기도 성남시 중원구 둔촌대로 243, 3호 (하대원동)",경기도 성남시 중원구 하대원동 127-3 3호,13388,37.4286522934,127.1450267143,,212773.154834781,436296.35130343,,000
가나동물병원,20010714,0000,정상,,,38.88,13338,"경기도 성남시 수정구 수정로 160 (신흥동, 신흥상가)",경기도 성남시 수정구 신흥동 5536,13338,37.4424845762,127.1378393789,,212126.02157325,437823.445317378,,000
조은동물병원,20040114,0000,정상,,,54.88,13359,"경기도 성남시 중원구 광명로142번길 3, 미래타운 B101호 (성남동)",경기도 성남시 중원구 성남동 2759 미래타운,13359,37.4374832719,127.1442050312,,212689.737215681,437272.002273517,,000
신흥동물병원,20040409,0000,정상,,,0,13346,"경기도 성남시 수정구 수정로 226, 창진빌딩 (신흥동)",경기도 성남시 수정구 신흥동 3414 창진빌딩,13346,37.4451375036,127.1447340464,,212737.507757436,438118.698462974,,000
굿모닝펫 동물병원,20040503,0000,정상,,,0,13613,"경기도 성남시 분당구 정자일로 55, 108-110호 (금곡동, 분당두산위브아파트)",경기도 성남시 분당구 금곡동 192 분당두산위브아파트 108-110호,13613,37.3554075116,127.1055800248,,209250.850612618,428148.405552249,,000
엔젤동물병원,20040619,0000,정상,,031-713-5004,0,13615,"경기도 성남시 분당구 성남대로171번길 17, 씨티밸리 101호 (금곡동)",경기도 성남시 분당구 금곡동 172 씨티밸리 101호,13615,37.3511210231,127.1068105923,,209393.18973383,427682.385334697,,000
아이펫동물병원,20040720,0000,정상,,,0,13506,"경기도 성남시 분당구 장미로 78, 시그마3 105호 (야탑동)",경기도 성남시 분당구 야탑동 360-1 시그마3 105호,13506,37.4135068616,127.1295714415,,211400.205761988,434607.080135576,,000
강남동물병원,20040813,0000,정상,,,39.5,13177,경기도 성남시 중원구 광명로 341 (금광동),경기도 성남시 중원구 금광동 3661,13177,37.446049261,127.1636887306,,214413.274388095,438223.283606766,,000
아름동물병원,20050408,0000,정상,,,0,13523,"경기도 성남시 분당구 성남대로779번길 52, 신흥코아 102호 (이매동)",경기도 성남시 분당구 이매동 137-4 신흥코아 102호,13523,37.3994961506,127.1228162422,,210803.525,433051.775,,000
정자프라임동물병원,20051223,0000,정상,,,0,13607,"경기도 성남시 분당구 내정로 58, 스포라이프 스포츠센타 111호 (정자동)",경기도 성남시 분당구 정자동 117-1 스포라이프 스포츠센타 111호,13607,37.3653635126,127.1152287526,,210134.637941368,429264.635322598,,000
이플동물병원,20060221,0000,정상,,,0,13119,경기도 성남시 수정구 복정로 35 (복정동),경기도 성남시 수정구 복정동 694,13119,37.4561611166,127.1271337226,,211179.930693442,439340.291895228,,000
분당정자 동물병원,20070913,0000,정상,,,0,13559,"경기도 성남시 분당구 정자일로 120, 119호 (정자동, 아데나루체 상가 )",경기도 성남시 분당구 정자동 170-1 아데나 루체상가 119호,13559,37.3614590683,127.1065646881,,209368.718414303,428760.477145736,,000
세이브 동물병원,20080130,0000,정상,,,178.29,13248,경기도 성남시 중원구 산성대로 336-3 (중앙동),경기도 성남시 중원구 중앙동 241,13248,37.4430465137,127.1539121671,,213549.07660777,437889.744317875,,000
우리들 동물병원,20080417,0000,정상,,031-706-7588,0,13506,"경기도 성남시 분당구 야탑로 103, 노블리치2 오피스텔 2층 206호 (야탑동)",경기도 성남시 분당구 야탑동 367-6 노블리치2 오피스텔,13506,37.4101285256,127.1301530718,,211453.585480512,434232.899729905,,000
분당고은 동물병원,20080502,0000,정상,,,0,13504,"경기도 성남시 분당구 매화로 40 (야탑동, 동륜빌딩)",경기도 성남시 분당구 야탑동 291-4,13504,37.4111595799,127.1341708211,,211808.718801739,434346.577474808,,000
도촌 동물병원,20080528,0000,정상,,,106.14,13426,"경기도 성남시 중원구 도촌남로 37, 도촌프라자 2층 203호 (도촌동)",경기도 성남시 중원구 도촌동 568 도촌프라자 203호,13426,37.4146195644,127.1516472839,,213353.715319991,434733.786898392,,000
아프리카 동물병원,20081007,0000,정상,,,0,13590,"경기도 성남시 분당구 서현로 170, 풍림아이원플러스 108호 (서현동)",경기도 성남시 분당구 서현동 255-1 풍림아이원플러스 108호,13590,37.3889401776,127.122552825,,210776.048172188,431880.785795565,,000
분당중앙 동물병원,20090513,0000,정상,,031-708-8875,0,13588,"경기도 성남시 분당구 중앙공원로39번길 49, 서현 지엔느 108호 (서현동)",경기도 성남시 분당구 서현동 88 서현 지엔느 108호,13588,37.3838003602,127.1247700024,,210978.426728242,431309.232712768,,000
건국 동물병원,20090702,0000,정상,,031-721-4111,57.84,13305,"경기도 성남시 수정구 수정로 131, 109호 (태평동, 낙원스카이뷰)",경기도 성남시 수정구 태평동 3659 낙원스카이뷰 109호,13305,37.4420602457,127.1346874132,,211845.269218287,437775.729346423,,000
우리동물병원,20090728,0000,정상,,031-719-5725,0,13609,경기도 성남시 분당구 백현로156번길 17-2 (정자동),경기도 성남시 분당구 정자동 56-1,13609,37.3713085562,127.1139786318,,210025.345928291,429922.244784055,,000
서현동물병원,20091112,0000,정상,,,0,13588,"경기도 성남시 분당구 중앙공원로31번길 42, 서현파크플라자 1층 142호 (서현동)",경기도 성남시 분당구 서현동 89 서현파크플라자 142호,13588,37.3830995869,127.1254964279,,211043.779309531,431230.68949626,,000
판교종합 동물병원,20100118,0000,정상,,80167507,52.91,13527,경기도 성남시 분당구 동판교로 122 (백현동),경기도 성남시 분당구 백현동 545 백현마을 A21-2 나상가 104동,,,,,210456.926501159,432348.048301864,,000
판교 행복한 동물병원,20100204,0000,정상,,80175575,89.7,13491,"경기도 성남시 분당구 동판교로 226, 204, 205, 206호 (삼평동, 봇들마을4단지아파트)",경기도 성남시 분당구 삼평동 718 봇들마을4단지아파트,13491,37.4042010566,127.1171205601,,210373.102814042,433495.835505127,,000
정원 양한방동물병원,20100526,0000,정상,,,0,,"경기도 성남시 분당구 운중로 233, 201호 (판교동,한솔플라자)",경기도 성남시 분당구 판교동 621-2 한솔플라자 201호,13477,37.3900270209,127.0889617827,,207808.027719405,431998.317419819,,000
활기찬동물병원,20110105,0000,정상,,,0,13583,"경기도 성남시 분당구 장안로 35, 성창빌딩 201호 (분당동)",경기도 성남시 분당구 분당동 90-3 성창빌딩 201호,13583,37.3701201933,127.1431455495,,212608.570217845,429791.78846316,,000
광주동물병원,20140929,0000,정상,,,80,12795,경기도 광주시 양벌동 양벌로 212,경기도 광주시 양벌동 373-1,12795,37.3781088181,127.2536529511,,,,,000
영주동물병원,20150908,0000,정상,,,152,12755,경기도 광주시 파발로151번길 4-2 (경안동),경기도 광주시 경안동 97-11,12755,37.4140647999,127.2536143464,,222382.123140844,434690.228552469,,000
견우동물병원,20160330,0000,정상,,,50,12785,"경기도 광주시 태봉로 26, 101호 (태전동, 대한상가)",경기도 광주시 태전동 261-14 101호,12785,37.3910193616,127.2301354215,,220309.085911255,432128.237324711,,000
도그파파,20160512,0000,정상,,031-767-0175,188,12720,경기도 광주시 곤지암읍 광여로 779-2,경기도 광주시 곤지암읍 건업리 447-12,12720,37.382167141,127.4050139845,,235802.094717609,431194.605109832,,000
곤지암동물병원,20160728,0000,정상,,031-769-5675,66,12804,경기도 광주시 곤지암읍 곤지암로 70-14,경기도 광주시 곤지암읍 곤지암리 453-7,12804,37.350113685,127.3383926152,,229916.122096733,427616.189606234,,000
온바른동물의료센터,20160912,0000,정상,,031-762-8875,237.33,12756,"경기도 광주시 파발로 107, 남성빌딩 (경안동)",경기도 광주시 경안동 446-19 남성빌딩,12756,37.4135076545,127.2588143732,,222842.801247903,434626.14692477,,000
애플펫 동물병원,20161021,0000,정상,,031-726-4800,290,12771,경기도 광주시 신현동 태재로 21,경기도 광주시 신현동 709-10,12821,37.3600415143,127.1518093683,,,,,000
서울동물메디컬센터,20180115,0000,정상,,031-8022-7582,,12821,"경기도 광주시 신현로 89, 1, 2층 (신현동)",경기도 광주시 신현동 674,12821,37.3604164533,127.1567311425,,,,,000
송정동물의료센터,20180228,0000,정상,,031-767-7975,0,12747,"경기도 광주시 탄벌길 7, 태경빌딩 (탄벌동)",경기도 광주시 탄벌동 140 태경빌딩,12747,37.4191413524,127.2459467465,,221691.384376655,435257.160097244,,000
알프스동물병원,20180326,0000,정상,,031-761-1600,,12768,"경기도 광주시 고불로 32, 107호 (중대동)",경기도 광주시 중대동 28-187 107호,12768,37.3937768467,127.2337859166,,220644.794681681,432438.006854382,,000
한국영양전문동물병원,20180511,0000,정상,,031-761-7675,0,12765,"경기도 광주시 이배재로 356-1, C동 1층 1호 (목현동)",경기도 광주시 목현동 249-15,12765,37.4356355811,127.2215200982,,219435.565398371,437080.365336261,,000
행복한동물병원,20040128,0000,정상,,031-957-0075,0,10853,"경기도 파주시 경의로 1813, 2층 201호 (아동동)",경기도 파주시 아동동 296-11,10853,37.7689355278,126.7762682268,,180215.309519896,474072.614448208,,000
금릉동물의료센터,20051115,0000,정상,,031-948-3375,0,10915,"경기도 파주시 금빛로 24-28, 우성메디피아 2층 201, 202호 (금촌동)",경기도 파주시 금촌동 989-6 우성메디피아,10915,37.7516531503,126.7682748963,,179509.28,472152.229,,000
문산동물의료센터,20070508,0000,정상,,031-953-7570,268.38,10824,"경기도 파주시 문산읍 문향로 52-1, 우리들빌딩 201호",경기도 파주시 문산읍 문산리 10-47,10824,37.856715815,126.7855506744,,181065.747530963,483816.596281343,,000
라임동물병원,20070528,0000,정상,,,71.11,10878,경기도 파주시 순못길 21 (다율동),경기도 파주시 다율동 1001-1,10878,37.7266934248,126.7160264073,,174896.338337141,469399.542000551,,000
대한동물병원(산업동물 출장진료 전문 동물병원),20080219,0000,정상,,,58,10927,"경기도 파주시 평화로 37, 대한가축약품 1층 (금촌동)",경기도 파주시 금촌동 937-3 대한가축약품,10927,37.7609278094,126.7712147567,,179767.805644148,473175.973540751,,000
파주연천축협동물병원,20100331,0000,정상,,031-958-2343,98.26,10804,경기도 파주시 적성면 어삼로 36,경기도 파주시 적성면 어유지리 81,10804,37.9950030262,126.9905560431,,199123.311435911,499159.207185233,,000
운정W동물병원,20110607,0000,정상,,,107.31,10895,"경기도 파주시 미래로 620, 112호 (와동동, 해솔프라자)",경기도 파주시 와동동 1301-4 해솔프라자 112호,10895,37.7324284129,126.7510895506,,177988.247139332,470021.926836432,,000
다정동물병원,20111219,0000,정상,,031-944-5077,118.34,10907,"경기도 파주시 와석순환로 78, 한강프라자 201호 (야당동)",경기도 파주시 야당동 1006-3 한강프라자 201호,10907,37.7110385201,126.7508170365,,177957.323473341,467653.397542104,,000
다사랑동물병원,20111129,0000,정상,,031-385-7588,57.75,14066,"경기도 안양시 동안구 시민대로 266, 103호 (관양동, 평촌샤르망오피스텔)",경기도 안양시 동안구 관양동 1598 평촌샤르망오피스텔 103호,14066,37.3938454435,126.9603086238,,196414.16043194,432416.101559202,,000
웰니스동물병원(평촌점),20120601,0000,정상,,031-382-0011,63.05,14066,"경기도 안양시 동안구 시민대로 300, 지하1층 (관양동, 평촌이마트)",경기도 안양시 동안구 관양동 1608-3 이마트 내 지하1층,14066,37.3949065751,126.9637241704,,196752.332727486,432521.042909087,,000
디아나동물병원,20130117,0000,정상,,031-381-8275,94.64,13937,"경기도 안양시 동안구 관악대로 317-4, 1층 (관양동)",경기도 안양시 동안구 관양동 1406 1층,13937,37.4036779166,126.9580122353,,196213.199964363,433510.330598782,,000
평촌나무동물병원,20130305,0000,정상,,031-425-3403,45.02,14061,"경기도 안양시 동안구 흥안대로 458, 1층 103호 (평촌동, 평촌메가타운)",경기도 안양시 동안구 평촌동 72-9 평촌메가타운 103호,14061,37.3949532684,126.9761511447,,197819.951636158,432540.0080793,,000
인덕원동물의료센터,20130507,0000,정상,,031-426-0075,313,13951,"경기도 안양시 동안구 흥안대로 495, 2층 (관양동)",경기도 안양시 동안구 관양동 1504-7,13951,37.3982627546,126.9764783497,,197845.345098881,432909.501104711,,000
테라리움동물병원,20130514,0000,정상,,031-388-7588,40.18,13937,경기도 안양시 동안구 관평로 314 (관양동),경기도 안양시 동안구 관양동 1403-5,13937,37.4043790973,126.9576004221,,196179.572639393,433594.733707426,,000
씨엘동물병원,20131209,0000,정상,,031-425-7512,100.86,13929,"경기도 안양시 동안구 동편로 6, 207호 (관양동, 스마트프라자)",경기도 안양시 동안구 관양동 1725-1 스마트프라자 207호,13929,37.4055686116,126.9714671947,,197405.281074226,433738.682409365,,000
쇼독동물병원,20140218,0000,정상,,031-465-0907,171.6,14039,"경기도 안양시 동안구 경수대로 833, 2층 (비산동)",경기도 안양시 동안구 비산동 580-2 2층,14039,37.3933465215,126.9421461404,,,,,000
다온동물병원,20140410,0000,정상,,031-689-5975,428.12,14103,"경기도 안양시 동안구 평촌대로 124, , 귀인로190번길 39 (평촌동)","경기도 안양시 동안구 평촌동 922-1 , 평촌동 916",14103,37.3834993587,126.9606764755,,196449.733154224,431270.181575395,,000
석수동물병원,20140410,0000,정상,,031-473-1275,36.32,13902,"경기도 안양시 만안구 연현로 109, 2동 104호 (석수동, 석수두산위브아파트 상가동)",경기도 안양시 만안구 석수동 417-3 석수두산위브아파트 상가동 2동 104호,13902,37.4338811962,126.9016280249,,,,,000
동주동물병원,20150217,0000,정상,,031-455-7588,128.7,14125,"경기도 안양시 동안구 경수대로 446, 이편한세상아파트 22동 C상가 202호, 203호 (호계동)",경기도 안양시 동안구 호계동 813 이편한세상아파트 22동 C상가,,,,,196600.354192025,429085.305995875,,000
위즈펫동물병원,20160701,0000,정상,,031-381-7512,79.48,13954,"경기도 안양시 동안구 관악대로 104, 2층 (비산동, 리홈안양이마트)",경기도 안양시 동안구 비산동 411-8 (주)리홈 안양이마트 2층,13954,37.3983346986,126.9353077463,,,,,000
이룸동물병원,20160928,0000,정상,,031-381-0166,67.38,13926,"경기도 안양시 동안구 관악대로 167, 1층 (비산동, 비산 이편한세상 상가동)",경기도 안양시 동안구 비산동 1165,13926,37.3991628265,126.9426679383,,194842.391385017,433091.832368683,,000
동편동물병원,20161114,0000,정상,,031-426-8661,88.9,13929,"경기도 안양시 동안구 동편로27번길 7, 1층 107,108호 (관양동)","경기도 안양시 동안구 관양동 1719 1층 107,108호",13929,37.4066803926,126.9721599422,,197461.7975611,433843.478730464,,000
동물진료법인 넬동물의료재단,20161220,0000,정상,,031-421-7579,181,14065,"경기도 안양시 동안구 시민대로 312, 평촌칼라힐주차빌딩 2층 209~214, 217~219호 (평촌동)",경기도 안양시 동안구 평촌동 897 평촌칼라힐주차빌딩,14065,37.3950828974,126.9648413735,,196822.119978806,432554.706986554,,L00
안양비산동물병원,20170227,0000,정상,,031-446-6575,119.5,14037,"경기도 안양시 만안구 태평로52번길 37, 201호,202호 (안양동)",경기도 안양시 만안구 안양동 1390-5,14037,37.3960703845,126.9311558832,,,,,000
이윤권양한방동물병원,20081119,0000,정상,,031-469-7581,28.9,13991,"경기도 안양시 만안구 만안로 284, 111호 (안양동, 마인빌)",경기도 안양시 만안구 안양동 861-32 마인빌,13991,37.4051438061,126.9193362718,,192785.336310181,433673.708079541,,000
하은동물병원,20110317,0000,정상,,031-388-7585,177.42,13941,"경기도 안양시 동안구 관악대로 257, 2층 (비산동)",경기도 안양시 동안구 비산동 1034-8 2층,13941,37.4024131742,126.9515359115,,195637.270556155,433370.550010174,,000
현대동물병원,20250512,0000,정상,,,0,10339,"경기도 고양시 일산서구 고봉로 317, 102호 (일산동)",경기도 고양시 일산서구 일산동 573 102호,10339,37.6875067131,126.7770602722,,180268.401484211,465036.886425374,,000
모리동물병원,20250513,0000,정상,,02-381-1119,,10556,"경기도 고양시 덕양구 삼송로 141, 101호 (삼송동)",경기도 고양시 덕양구 삼송동 78-50 101호,10556,37.6527471294,126.8894692839,,190176.634746025,461157.484857767,,000
끌림 동물병원,20250515,0000,정상,,02-2135-7729,0,10583,"경기도 고양시 덕양구 오부자로 25, 106, 107호 (지축동)","경기도 고양시 덕양구 지축동 864 106호, 107호",10583,37.6530996211,126.9127402643,,,,,000
위즈동물메디컬센터,20250613,0000,정상,,,0,10390,"경기도 고양시 일산서구 킨텍스로 255, 일산 디엠시티 스카이뷰 215, 216, 217, 227호 (대화동)","경기도 고양시 일산서구 대화동 2307-12 일산 디엠시티 스카이뷰 215, 216, 217, 227호",10390,37.6683823763,126.7499080801,,177849.195871901,462962.312594668,,000
하얀마음동물병원,20250704,0000,정상,,031-976-7555,,10355,"경기도 고양시 일산동구 중산로 67, 중산동 아카메디 108,109호 (중산동)","경기도 고양시 일산동구 중산동 1835-2 중산동 아카메디 108, 109호",10355,37.6781087649,126.7819484043,,180692.668718764,463997.838740289,,000
아이좋아안과외과동물병원,20250915,0000,정상,,,162.37,10391,"경기도 고양시 일산서구 호수로 817, 1층 152,153호 (대화동)","경기도 고양시 일산서구 대화동 2602 1층 152,153호",10391,37.6679786706,126.7516242854,,178006.080301401,462865.812502378,,000
한국마사회 서울부속동물병원,20130222,0000,정상,,02-509-1911,0,13822,"경기도 과천시 경마공원대로 107, 한국마사회 (주암동)",경기도 과천시 주암동 685 한국마사회,13822,37.4459244357,127.0116448222,,201414.290510998,438412.741689539,,L00
마사랑동물병원,20050708,0000,정상,,,0,13822,경기도 과천시 경마공원대로 107 (주암동),경기도 과천시 주암동 685-12,13822,37.4459244357,127.0116448222,,201498.209730765,437860.202279716,,000
서울동물병원,20061122,0000,정상,,02-503-7787,29.48,13812,경기도 과천시 용마로 2 (과천동),경기도 과천시 과천동 513-4,13812,37.448059693,126.9942656188,,199420.048751578,438431.484462609,,000
탑동물병원,20230208,0000,정상,,031-970-7765,0,10510,경기도 고양시 덕양구 토당로 4(토당동),경기도 고양시 덕양구 토당동 870-5,10510,37.6174106969,126.8242081066,,184411.913479589,457246.336206171,,000
경서동물병원,20230718,0000,정상,,02-3158-0733,,10538,"경기도 고양시 덕양구 중앙로 170, 1층 (화전동)",경기도 고양시 덕양구 화전동 575-30 1층,10538,37.6031461652,126.8704911085,,188495.479333919,455656.748985687,,000
킨텍스꿈동물병원,20231013,0000,정상,,031-919-7582,92.79,10391,"경기도 고양시 일산서구 킨텍스로 240, 판매시설동 1층 179호 (대화동, 킨텍스 꿈에그린)",경기도 고양시 일산서구 대화동 2603 킨텍스 꿈에그린 판매시설동 179호,10391,37.6659593468,126.7501478954,,177925.172169511,462673.381313058,,000
위케어동물의료센터,20240229,0000,정상,,031-994-6346,199.72,10322,"경기도 고양시 일산동구 위시티4로 46, 상가동 302,303,303A,304호 (식사동, 위시티일산자이2단지아파트)",경기도 고양시 일산동구 식사동 1498 위시티일산자이2단지아파트 상가동,10322,37.6830999561,126.8180327891,,183717.666945749,464491.443942879,,000
최지영 재활한방 동물병원,20240311,0000,정상,,031-912-7582,124.8,10375,"경기도 고양시 일산서구 일산로 539, 가람빌딩 101호 (일산동)",경기도 고양시 일산서구 일산동 1084-3 101호,10375,37.6773558009,126.7679619385,,179459.928318467,463906.049359777,,000
덕은하이동물병원,20240408,0000,정상,,02-3158-0275,140,10544,"경기도 고양시 덕양구 으뜸로 130, 위프라임트윈타워 214,215호 (덕은동)",경기도 고양시 덕양구 덕은동 0 위프라임트윈타워,10544,37.5794418421,126.8706567665,,,,,000
아이콘 동물병원,20240906,0000,정상,,031-994-3200,105.68,10424,"경기도 고양시 일산동구 호수로430번길 58-16, 1층 (백석동)",경기도 고양시 일산동구 백석동 1427-5 1층,10424,37.6444550282,126.7822271575,,180712.966466348,460253.502167092,,000
더펫동물병원,20241219,0000,정상,,,121.08,10401,"경기도 고양시 일산동구 중앙로1275번길 38-31, 라페스타A 201-1호 (장항동)",경기도 고양시 일산동구 장항동 766 라페스타A,10401,37.6604752616,126.7696129537,,179580.33125846,462064.220892906,,000
하루동물병원,20241226,0000,정상,,,44.45,10377,"경기도 고양시 일산서구 강성로214번길 8-18, 1층 (대화동)",경기도 고양시 일산서구 대화동 2172-6,10377,37.674637503,126.7541655404,,178244.057220042,463610.85227593,,000
준 동물병원,20250108,0000,정상,,,,10477,"경기도 고양시 덕양구 화중로130번길 48, 삼원프라자 303-1호 (화정동)",경기도 고양시 덕양구 화정동 906 삼원프라자 303-1호,10477,37.6382444531,126.8344242528,,185304.626049075,459555.359416184,,000
더오래 동물병원,20250402,0000,정상,,031-977-7588,,10352,"경기도 고양시 일산서구 고양대로 632, 아카메디 105호 (일산동)",경기도 고양시 일산서구 일산동 955 아카메디 105호,10352,37.6855199142,126.7662145221,,179311.215713947,464812.311698401,,000
금쪽금쪽금쪽반려동물병원,20111228,0000,정상,,031-944-9979,58.8,10871,경기도 파주시 가재울로94번길 27 (목동동),경기도 파주시 목동동 776-1 14통7반 3층 301호,10871,37.7299488037,126.746688753,,177600.853982672,469752.526905317,,000
에덴동물병원,20120502,0000,정상,,031-943-3710,28.25,10905,"경기도 파주시 와석순환로 125, 현대프라자 2층 204호 (동패동)",경기도 파주시 동패동 1759-2 현대프라자,10905,37.7121244709,126.7458481574,,177513.830321252,467768.285119608,,000
스마일양한방동물병원,20140529,0000,정상,,,73.79,10915,"경기도 파주시 금빛로 44, 203호 (금촌동, 마이프라자)",경기도 파주시 금촌동 987-4 마이프라자 203호,10915,37.7524889906,126.7678920624,,179474.776517202,472244.387747458,,000
참누리동물병원,20110727,0000,정상,,031-264-7525,42.26,,경기도 용인시 수지구 만현로 110 (상현동),경기도 용인시 수지구 상현동 254-14,16930,37.3067600253,127.0846083156,,207423.63432336,422761.143603176,,000
AP동물병원,20120203,0000,정상,,031-263-0085,303.39,16828,경기도 용인시 수지구 수지로 421 (동천동),경기도 용인시 수지구 동천동 886-1,16828,37.3342607245,127.0974612922,,208565.190002837,425808.708663829,,000
24시 서울YES동물병원,20120319,0000,정상,,,327.9,16875,"경기도 용인시 수지구 현암로 81, 벤포스타 101~103, 301, 302호 (죽전동)",경기도 용인시 수지구 죽전동 1174-1 벤포스타,16875,37.3317610223,127.118357688,,210419.688909424,425533.086521088,,000
애니펫동물병원,20120502,0000,정상,,031-266-8898,,16930,"경기도 용인시 수지구 만현로 95, B102호 (상현동, 수지3차쌍용스윗닷홈상가)",경기도 용인시 수지구 상현동 852 수지3차쌍용스윗닷홈상가 B102호,16930,37.3080153471,127.0852897692,,207660.844695274,422815.250841136,,000
동일동물병원,20130620,0000,정상,,031-265-1175,129.42,16822,"경기도 용인시 수지구 손곡로 107 (동천동, 대영프라자 102호,201호)","경기도 용인시 수지구 동천동 946-4 대영프라자 102호,201호",16822,37.335886992,127.0906793628,,207967.432784619,425988.844668793,,000
웰 동물병원,20131030,0000,정상,,031-213-7522,45.43,,"경기도 용인시 수지구 광교중앙로 302, 1층 101호 (상현동, 광교지구 블루스퀘어)",경기도 용인시 수지구 상현동 1131-7번지 광교지구블루스퀘어 1층 101호,16943,37.2968448994,127.0695211825,,,,,000
고양시 동물보호센터,20140512,0000,정상,,031-962-3232,352.54,10563,"경기도 고양시 덕양구 고양대로 1695, 고양시 농업기술센터 (원흥동)",경기도 고양시 덕양구 원흥동 471-10 고양시 농업기술센터,10563,37.6497789908,126.8700863528,,188445.243037768,460802.626677644,,O00
앞선동물병원,20141212,0000,정상,,,0,10570,경기도 고양시 덕양구 신원로1길 48 (신원동),경기도 고양시 덕양구 신원동 638-2,10570,37.6618149643,126.8878190661,,190033.260122384,462163.313299162,,000
삼송동물병원,20150102,0000,정상,,,,10590,경기도 고양시 덕양구 삼송로 154-1 (삼송동),경기도 고양시 덕양구 삼송동 135-51,10590,37.6525840286,126.8910463832,,190316.65224486,461138.786555805,,000
예 동물병원,20150301,0000,정상,,,46.41,10551,"경기도 고양시 덕양구 도래울로 52 (도내동, 센터프라자 104호)",경기도 고양시 덕양구 도내동 1020,10551,37.6303700879,126.8694795633,,188410.604678993,458676.321670965,,000
삼송동물의료센터,20150423,0000,정상,,02-381-9658,25,10556,경기도 고양시 덕양구 삼송로205번길 15 (삼송동),경기도 고양시 덕양구 삼송동 61-9,10556,37.6544578442,126.8961212669,,190764.623812553,461349.442225205,,000
삼송사랑 동물의료센터,20150501,0000,정상,,02-388-8275,157,10589,"경기도 고양시 덕양구 삼송로 92 (삼송동, 우영프라자 2층)",경기도 고양시 덕양구 삼송동 326-2 우영프라자 2층,10589,37.6508368004,126.8843609777,,189725.59614889,460945.513692898,,000
쿨펫동물병원 킨텍스로점,20150616,0000,정상,,031-911-9975,0,10390,"경기도 고양시 일산서구 킨텍스로 171 (대화동, 이마트킨텍스점)",경기도 고양시 일산서구 대화동 2703,10390,37.661567383,126.7441037261,,177349.707402843,462162.606173795,,000
Wiz-Pet 동물병원,20150622,0000,정상,,,0,10450,경기도 고양시 일산동구 중앙로 1036 (백석동),경기도 고양시 일산동구 백석동 1242 롯데아우렛 1층,10450,37.6431934574,126.7897203592,,181369.967204096,460117.354561195,,000
행복플러스동물병원,20150303,0000,정상,,031-949-1275,46,10894,"경기도 파주시 와석순환로 431, 105호 (와동동, 신운정프라자)",경기도 파주시 와동동 1365-3 신운정프라자 105호,10894,37.7236630772,126.7532089631,,178167.449980153,469050.729234144,,000
운정힐링 동물병원,20160111,0000,정상,,,67,10907,"경기도 파주시 와석순환로 70 (야당동, 신운정프라자2)",경기도 파주시 야당동 1006-7,10907,37.7104839199,126.7514806398,,178021.512180891,467590.653861615,,000
운정24시동물의료센터,20160204,0000,정상,,,0,10905,"경기도 파주시 미래로 371, 2층 203호 (동패동)",경기도 파주시 동패동 1759-6 2층 203호,10905,37.7110969665,126.7458472261,,177519.66317603,467657.575172058,,000
리버풀동물병원,20160530,0000,정상,,031-945-7297,39.48,10923,"경기도 파주시 중앙로 255 (금촌동, 금남빌딩)",경기도 파주시 금촌동 770-4,10923,37.7589314376,126.7778074849,,180351.808879597,472962.089717986,,000
펫 파라다이스 동물병원,20161219,0000,정상,,031-942-7583,0,10892,"경기도 파주시 청암로17번길 17, 2층 17호 (목동동)",경기도 파주시 목동동 927 2층 17호,10892,37.7295694963,126.7367630347,,176725.26242028,469706.991119381,,000
파주365동물의료센터,20170114,0000,정상,,031-945-5365,0,10892,"경기도 파주시 책향기로 573, 2층 206호 (목동동, 월드타워3)",경기도 파주시 목동동 939-4 월드타워 206호,10892,37.7277606276,126.734409912,,176514.152593411,469512.639828016,,000
25시 한사랑동물병원,19970607,0000,정상,,,0,12182,경기도 남양주시 화도읍 폭포로 4,경기도 남양주시 화도읍 창현리 456-4,12182,37.6505103407,127.3073853789,,227055.103492858,460949.894895704,,000
드림동물병원,19990807,0000,정상,,,0,12011,경기도 남양주시 진접읍 장현로 134-2,경기도 남양주시 진접읍 장현리 367-9,12011,37.7207888442,127.1862563765,,216347.268532411,468722.226701985,,000
해피동물병원,20020517,0000,정상,,,0,12274,경기도 남양주시 와부읍 덕소로 218,경기도 남양주시 와부읍 도곡리 997-10,12274,37.5794996714,127.2204981627,,219398.585326319,453043.196953524,,000
참사랑동물병원,20030122,0000,정상,,,0,12256,"경기도 남양주시 도농로 32, 306호 (도농동)",경기도 남양주시 도농동 1-10 306호,12256,37.6094099557,127.1600200474,,214064.826160483,456356.063885567,,000
강아지나라동물병원,20040413,0000,정상,,,0,12011,경기도 남양주시 진접읍 장현로 112-1,경기도 남양주시 진접읍 장현리 351-42,12011,37.7196566509,127.1841846935,,216171.459237429,468590.721699489,,000
동인동물병원,20050719,0000,정상,,,105.4,,경기도 남양주시 호평로 63 (호평동),경기도 남양주시 호평동 165-3,12147,37.6562730841,127.2470229253,,221729.809881654,461569.298561741,,000
덕소동물의료센터,20060228,0000,정상,,,111,12210,경기도 남양주시 와부읍 덕소로 92,경기도 남양주시 와부읍 덕소리 473-2,12210,37.5860862611,127.212046645,,218660.323942439,453787.149637332,,000
나루동물병원,20080306,0000,정상,,,76,,경기도 남양주시 경춘로 404 (도농동),경기도 남양주시 도농동 89-10,12259,37.6064959336,127.1590929586,,213976.580610188,456029.971482304,,000
호평동물병원,20080318,0000,정상,,,49,,경기도 남양주시 늘을1로16번길 29 (호평동),경기도 남양주시 호평동 638-1,12149,37.6540838723,127.2433345572,,221404.003862789,461328.144929993,,000
대학동물병원,20081112,0000,정상,,,102.12,12165,"경기도 남양주시 화도읍 맷돌로91번길 4-18, 송호빌 102호",경기도 남양주시 화도읍 마석우리 541-5,12165,37.6581169479,127.3015156206,,226534.155634131,461790.733035202,,000
장현 동물병원,20090511,0000,정상,,,90,12002,경기도 남양주시 진접읍 금강로1573번길 5,경기도 남양주시 진접읍 장현리 44-12,12002,37.7317684879,127.1936660957,,217001.551003429,469940.557255004,,000
이규로동물병원,20090512,0000,정상,,,251,,경기도 남양주시 화도읍 창현로 47,경기도 남양주시 화도읍 창현리 555-4,12183,37.6465592026,127.3054005058,,226881.932372928,460514.697126715,,000
다산동물병원,20100112,0000,정상,,,42,12259,"경기도 남양주시 경춘로 380, 대진빌딩 1층 (다산동)",경기도 남양주시 다산동 4135-5 대진빌딩,12259,37.6052539124,127.1566174977,,213761.456435933,455889.791874554,,000
로하스 동물병원,20100910,0000,정상,,,0,,경기도 남양주시 와부읍 월문천로 33 (롯데마트내 3층),경기도 남양주시 와부읍 덕소리 501-3 롯데마트내 3층,12211,37.5846939717,127.2140227766,,218882.001813215,453620.325834171,,000
포근한동물병원,20150708,0000,정상,,02-381-7963,0,10588,"경기도 고양시 덕양구 동세로 63, 103호 (삼송동, 강남프라자)",경기도 고양시 덕양구 삼송동 337-3,10588,37.6481325706,126.884315286,,189713.886374199,460658.18720473,,000
조이동물병원 제니스점,20151230,0000,정상,,031-925-1175,0,10242,"경기도 고양시 일산서구 일현로 97-11 (탄현동, 일산 위브더제니스)",경기도 고양시 일산서구 탄현동 1640 일산위브더제니스수퀘어 159 160호,,,,,179005.665068939,465786.029740427,,000
Dr.dog동물의료센터,20160113,0000,정상,,031-932-0075,0,10406,경기도 고양시 일산동구 일산로394번길 5-9 (정발산동),경기도 고양시 일산동구 정발산동 1294-5,10406,37.6706401792,126.7810225333,,180615.175512432,463159.896161075,,000
돌봄동물병원,20160307,0000,정상,,031-911-7585,72.53,10234,경기도 고양시 일산서구 하이파크2로 42 (덕이동),경기도 고양시 일산서구 덕이동 1544,10234,37.6990709886,126.7539661867,,,,,000
소망 동물병원,20160414,0000,정상,,,,10323,"경기도 고양시 일산동구 위시티2로 13, 102호 (식사동)",경기도 고양시 일산동구 식사동 1546 102호,10323,37.6766213336,126.8121499111,,183360.68308947,463819.057689075,,000
24시 나음동물의료센터,20160616,0000,정상,,031-906-7975,420.42,10403,"경기도 고양시 일산동구 백마로 223, 103~4호 (장항동, 현대 에뜨레보)",경기도 고양시 일산동구 장항동 852 현대 에뜨레보 103~4호,10403,37.6550432318,126.7744729433,,180031.642095533,461431.324488084,,000
페로페라동물병원,20160707,0000,정상,,031-969-8586,91.86,10323,"경기도 고양시 일산동구 위시티2로11번길 16, 글라스프라자 202호 (식사동)",경기도 고양시 일산동구 식사동 1537 글라스프라자 202호,10323,37.6772634204,126.8125182077,,183396.031592091,463897.246412064,,000
해밀동물병원,20160801,0000,정상,,031-966-2777,16.5,10299,경기도 고양시 일산동구 고양대로 1139 (식사동),경기도 고양시 일산동구 식사동 513-3,10299,37.6655481933,126.8159597578,,183683.30574419,462579.943672512,,000
신원동물메디컬센터,20161104,0000,정상,,02-381-0507,,10570,"경기도 고양시 덕양구 신원로1길 42, 1층 (신원동)",경기도 고양시 덕양구 신원동 638-4,10570,37.6619606414,126.8881013162,,190057.405,462180.26,,000
FM 동물메디컬센터,20170307,0000,정상,,031-979-7975,304.2,10500,"경기도 고양시 덕양구 화중로 76, 102,103호 (화정동, 대감빌딩)",경기도 고양시 덕양구 화정동 970-1 대감빌딩,10500,37.633935495,126.8311306207,,185023.143470242,459077.395478509,,000
원흥동물의료센터,20170314,0000,정상,,031-966-3328,0,10551,"경기도 고양시 덕양구 도래울로 40, 201호 (도내동, 예승골드프라자)",경기도 고양시 덕양구 도내동 1087 201호,10551,37.6293659576,126.8687967402,,188350.18632616,458565.21352114,,000
고양 우리아이 동물병원,20170516,0000,정상,,031-965-0079,0,10274,"경기도 고양시 덕양구 혜음로 54, 1층 (고양동)",경기도 고양시 덕양구 고양동 162,10274,37.7054151818,126.9024807106,,191332.678957446,467000.835476001,,000
24일산우리동물병원,20170719,0000,정상,,031-913-5550,272.24,10387,"경기도 고양시 일산서구 중앙로 1455 (주엽동, 대우시티프라자)",경기도 고양시 일산서구 주엽동 115번지 대우시티프라자,10387,37.6708974586,126.7585231859,,178629.075550804,463196.23551799,,000
일산 클래식 동물병원,20170826,0000,정상,,031-902-1375,593,10421,"경기도 고양시 일산동구 중앙로 1124, 1층 (백석동, 이마트전용관)",경기도 고양시 일산동구 백석동 1194,10421,37.6475958027,126.7829110755,,180731.148172095,460645.088503364,,000
스카이동물병원,20140312,0000,정상,,031-896-7590,0,16815,"경기도 용인시 수지구 신봉1로 68, 106,107호 (신봉동)",경기도 용인시 수지구 신봉동 23,16815,37.3228802961,127.0779393979,,206866.132766726,424521.992998184,,000
꿈에동물병원,20140318,0000,정상,,031-264-1997,56.43,16851,"경기도 용인시 수지구 성복2로 114, 111호 (성복동, 플러스클리닉수지센터)",경기도 용인시 수지구 성복동 129-1,16851,37.3158968886,127.0735657162,,206444.574176723,423783.670257957,,000
수지동물의료원,20140319,0000,정상,,,154.53,16857,"경기도 용인시 수지구 수지로 77, 101호 (상현동, 힐프라자)",경기도 용인시 수지구 상현동 1099 33통힐프라자 101호,16857,37.3099474272,127.0759917117,,206474.204998696,422940.9154863,,000
순수동물병원,20140605,0000,정상,,031-262-8700,107.73,16836,경기도 용인시 수지구 수지로296번길 30 (풍덕천동),경기도 용인시 수지구 풍덕천동 697-3,16836,37.3229849104,127.0923520796,,208115.923699254,424557.824088525,,000
아름다운동물병원,20030723,0000,정상,,,0,14598,"경기도 부천시 원미구 상일로 100, 송내부건프라자 (상동)",경기도 부천시 원미구 상동 401-1 송내부건프라자,14598,37.4913000839,126.7532096933,,178104.816341839,443262.007187175,,000
행복한동물병원,20031017,0000,정상,,,96,14544,"경기도 부천시 원미구 소향로13번길 14-16, 대맥프라자 (상동)",경기도 부천시 원미구 상동 546-3 대맥프라자,14544,37.5040425685,126.7499601616,,177820.724608891,444676.998031042,,000
연은동물병원,20031224,0000,정상,,,0,14407,경기도 부천시 오정구 역곡로490번길 5 (고강동),경기도 부천시 오정구 고강동 350-8,14407,37.5285563293,126.816318654,,183700.153290177,447390.93979608,,000
온유동물병원,20040812,0000,정상,,,35,14551,경기도 부천시 원미구 길주로 342 (중동),경기도 부천시 원미구 중동 1087,14551,37.5021686095,126.7805255518,,180523.628906553,444460.540004691,,000
다나동물병원,20050519,0000,정상,,,56.32,14504,경기도 부천시 원미구 도약로 31 (상동),경기도 부천시 원미구 상동 523-10,14504,37.5126333936,126.7529632307,,178088.835140956,445630.370445429,,000
가나동물병원,20050608,0000,정상,,,130,14728,경기도 부천시 소사구 경인로 72 (송내동),경기도 부천시 소사구 송내동 393-1,14728,37.4835480172,126.763183775,,178984.194323843,442395.717376002,,000
가람동물병원,20051117,0000,정상,,,63.14,14682,"경기도 부천시 소사구 경인로 494, 조양프라자 (괴안동)",경기도 부천시 소사구 괴안동 109-5 조양프라자,14682,37.4834543913,126.8103845067,,183160.18,442375.815,,000
다솜동물병원,20051214,0000,정상,,032-351-3031,62.31,14670,"경기도 부천시 원미구 지봉로 116, 역곡시장 (역곡동)",경기도 부천시 원미구 역곡동 108 역곡시장,14670,37.4883238233,126.8122966355,,183330.134646378,442916.814230876,,000
갈매동물병원,20170502,0000,정상,,031-529-5088,102.4,11902,"경기도 구리시 갈매중앙로 70, 202호 (갈매동, 이룸넘버원리치안)",경기도 구리시 갈매동 646번지 이룸넘버원리치안 202호,11902,37.6304963655,127.1171752502,,210263.687520847,458669.198978065,,000
24시 더케어 동물의료센터,20170508,0000,정상,,031-516-8585,835.8,11930,"경기도 구리시 경춘로 294, 1층-3층 (수택동)",경기도 구리시 수택동 561-2,11930,37.6033336486,127.1473138338,,212941.971803614,455671.937359347,,000
보드미동물병원,20170616,0000,정상,,031-572-7571,99.84,11902,경기도 구리시 갈매중앙로55번길 107 (갈매동),경기도 구리시 갈매동 610-1번지,11902,37.6307733843,127.1164371701,,210208.472837594,458719.125304366,,000
안심 동물의료센터,20201007,0000,정상,,031-569-8875,99.58,11931,"경기도 구리시 검배로 61, 1층 (수택동)",경기도 구리시 수택동 504-2 대벌부페,11931,37.5967577647,127.1456230079,,212793.614250038,454949.807250009,,000
웰펫 동물병원,20210616,0000,정상,,031-565-5275,,11915,"경기도 구리시 동구릉로136번길 57, 구리유통종합시장(롯데마트 구리점) 2층 (인창동)",경기도 구리시 인창동 430 구리유통종합시장,11915,37.6131390076,127.1409110928,,212367.118425352,456712.576784184,,000
제일동물병원,19750711,0000,정상,,,0,12126,경기도 남양주시 퇴계원면 경춘북로 513,경기도 남양주시 퇴계원읍 퇴계원리 312-28,12126,37.6470832303,127.1408044139,,,,,000
대관령동물병원,19840730,0000,정상,,,0,12237,"경기도 남양주시 금곡로 44, 성원빌딩 (금곡동)",경기도 남양주시 금곡동 427-28 성원빌딩,12237,37.6339015796,127.2079181015,,218283.481314572,459079.813041687,,000
성심동물병원,19910422,0000,정상,,,7.12,12285,"경기도 남양주시 다산중앙로82번길 49-3, 103호 (다산동)",경기도 남양주시 다산동 6103-5 103호,12285,37.6207041498,127.1601385976,,214066.644227777,457607.863315221,,000
한강동물병원,19950118,0000,정상,,,0,12126,경기도 남양주시 퇴계원읍 경춘북로 516,경기도 남양주시 퇴계원읍 퇴계원리 314-17,12126,37.646939915,127.1410998318,,212381.335572153,460512.453624753,,000
윤동물병원,20240704,0000,정상,,031-563-8875,59.4,12249,"경기도 남양주시 다산중앙로82번안길 118, 111-1,112호 (다산동)",경기도 남양주시 다산동 6169,12249,37.6120280382,127.1646309267,,214462.593698774,456646.946502346,,000
다산 마스터동물의료센터,20240927,0000,정상,,031-512-0075,95.7,12285,"경기도 남양주시 다산중앙로 132, 214호 (다산동)",경기도 남양주시 다산동 6056 214호,12285,37.6253712946,127.1533179035,,213465.986919386,458131.768703582,,000
해담은동물병원,20150410,0000,정상,,031-892-7775,60.48,16853,"경기도 용인시 수지구 성복1로 106, 107호 (성복동, 벽산프라자)",경기도 용인시 수지구 성복동 278-1,16853,37.3168060655,127.0682562124,,205983.214303144,423862.271534377,,000
즐거운동물병원,20150410,0000,정상,,031-272-7583,45.24,16850,"경기도 용인시 수지구 성복2로 100, 113호 (성복동, 예반아이엔프라자)",경기도 용인시 수지구 성복동 162-2 예반아이엔프라자 113호,16850,37.3154794545,127.0752947852,,206620.012854602,423723.245989773,,000
죽전예담동물병원,20160114,0000,정상,,031-264-7502,110.05,16873,"경기도 용인시 수지구 대지로 58 (죽전동, 선진포리스트)",경기도 용인시 수지구 죽전동 1254-3 104호,16873,37.3284691292,127.1150106194,,210159.350235868,425189.454948553,,000
하임동물병원,20160425,0000,정상,,031-898-4300,0,16834,경기도 용인시 수지구 포은대로 450 (풍덕천동),경기도 용인시 수지구 풍덕천동 100-17,16834,37.3222982173,127.099793737,,208812.778716874,424478.13326211,,000
어울림동물병원,20160428,0000,정상,,031-548-2911,0,16811,"경기도 용인시 수지구 신봉2로 115-46, 1층 (신봉동)",경기도 용인시 수지구 신봉동 955-1,16811,37.3291768672,127.0692916328,,206069.720777701,425242.603272634,,000
광교호수 동물병원,20170425,0000,정상,,031-212-7515,0,16942,"경기도 용인시 수지구 광교마을로 91, 102,103호 (상현동)",경기도 용인시 수지구 상현동 1130-2,16942,37.2977468862,127.0746723919,,206551.740008927,421754.640666302,,000
죽전 쿨펫동물병원,20170629,0000,정상,,031-261-7512,0,16896,"경기도 용인시 수지구 포은대로 552, 3층 (죽전동, 이마트)",경기도 용인시 수지구 죽전동 1282,16896,37.3253249176,127.1100038667,,209673.343954233,424823.677745145,,000
하나로 동물병원,20210325,0000,정상,,,17.05,11013,"경기도 연천군 연천읍 연천로 394, 산과들에",경기도 연천군 연천읍 현가리 28-2 산과들에,11013,38.1121807051,127.0752285622,,206537.571654312,512137.93695821,,000
경기북부야생동물구조관리센터,20210820,0000,정상,,031-8030-4452,0,11040,경기도 연천군 전곡읍 양연로1113번길 179-16,경기도 연천군 전곡읍 양원리 525-2,11040,38.0025270797,127.0201639558,,201689.658605282,499966.432414141,,000
태능동물병원,20211027,0000,정상,,,,11027,경기도 연천군 전곡읍 평화로 599-1,경기도 연천군 전곡읍 전곡리 293-14 3호동 1층,11027,38.0236526286,127.0664544878,,205773.600447462,502297.460330815,,000
현대가축병원,19790810,0000,정상,,,0,12418,"경기도 가평군 가평읍 연인2길 19, 현대동물병원",경기도 가평군 가평읍 읍내리 489-14 현대동물병원,12418,37.8296621497,127.5112727565,,244940.631847259,480910.046126073,,000
경기동물병원,19900303,0000,정상,,,0,12453,"경기도 가평군 청평면 청평중앙로 8, 경기동물병원",경기도 가평군 청평면 청평리 438-23 경기동물병원,12453,37.7358500189,127.4159359201,,236594.523885646,470455.677127581,,000
현리동물병원,20020829,0000,정상,,,0,12437,경기도 가평군 조종면 현창로 70 (현리동물병원),경기도 가평군 조종면 현리 303-6,12437,37.820522533,127.3465531247,,230438.340032529,479828.062881792,,000
구리동물병원,20110127,0000,정상,,031-557-9009,60,11928,"경기도 구리시 검배로 36, 현주Ifriend빌딩 101호 (수택동)",경기도 구리시 수택동 424-28 현주Ifriend빌딩,11928,37.5980029047,127.1430569173,,212566.74122775,455080.399126274,,000
하일동물병원,20110207,0000,정상,,031-522-5107,160.76,11927,"경기도 구리시 경춘로 200, 205호 (수택동)",경기도 구리시 수택동 370-5,11927,37.6002030932,127.1374387563,,212073.490362719,455338.260038475,,000
애니케어동물병원,20121112,0000,정상,,031-567-7589,56.94,11960,경기도 구리시 벌말로 104 (토평동),경기도 구리시 토평동 617-3,11960,37.5858854581,127.1479511665,,212998.386114236,453738.950127028,,000
사랑우리 愛 동물병원,20150910,0000,정상,,,82.52,11914,경기도 구리시 동구릉로 99 (인창동),경기도 구리시 인창동 495-10,11914,37.6087941563,127.1349158123,,211844.15074069,456282.260641105,,000
프라임동물병원,20160331,0000,정상,,031-566-2475,260.74,11948,"경기도 구리시 장자대로 76 (수택동, 이우프라자)",경기도 구리시 수택동 874-1,11948,37.5872734597,127.1389739411,,212204.951799822,453896.29849564,,000
김세영 Poultry Clinic「산업동물 출장진료 전문」,20170406,0000,정상,,,0,17303,경기도 이천시 신둔면 경충대로 3166,경기도 이천시 신둔면 수광리 274-6,17303,37.3090171158,127.4022735965,,235597.86489299,423084.123206338,,000
비포유동물병원,20190404,0000,정상,,031-638-8803,0,17384,경기도 이천시 마장면 중부대로 645,경기도 이천시 마장면 표교리 63-4,17384,37.2532787255,127.4074651616,,236078.108247837,416893.567839846,,000
아이동물병원,20190715,0000,정상,,031-631-0045,330.8,17391,경기도 이천시 경충대로2481번길 7 (진리동),경기도 이천시 진리동 42-2,17391,37.2704871575,127.4552221785,,240305.370192446,418816.423838025,,000
한결산업동물병원「산업동물 출장진료 전문」,20190923,0000,정상,,,0,17411,경기도 이천시 설성면 설성로 14-6,경기도 이천시 설성면 금당리 74-3,17411,37.1330917808,127.5193536162,,246078.845128168,403603.011952312,,000
든든동물병원「산업동물 출장진료 전문」,20200224,0000,정상,,,0,17408,경기도 이천시 모가면 진상미로 1253,경기도 이천시 모가면 진가리 67-4,17408,37.1681568478,127.4796237609,,242527.412962699,407468.665956634,,000
소사랑 동물병원「산업동물 출장진료 전문」,20200921,0000,정상,,,0,17411,경기도 이천시 설성면 설장로16번길 68-47,경기도 이천시 설성면 금당리 53-2,17411,37.1279083126,127.5210297178,,246229.995304078,403034.533104386,,000
협신가축동물병원「산업동물 출장진료 전문」,20230614,0000,정상,,031-638-7585,0,17305,"경기도 이천시 신둔면 황무로 158, 2층",경기도 이천시 신둔면 용면리 368-3,17305,37.3029577921,127.3718939011,,232900.237768828,422394.839069609,,000
뉴욕동물병원「산업동물 출장진료 전문」,20230706,0000,정상,,,0,17367,경기도 이천시 설봉로55번길 28 (관고동),경기도 이천시 관고동 20-14,17367,37.2818454042,127.4367714248,,238662.263520558,420075.628825429,,000
선진브릿지랩동물병원「산업동물 출장진료 전문」,20230825,0000,정상,,031-637-5248,0,17332,경기도 이천시 부발읍 신아로 58,경기도 이천시 부발읍 아미리 766-1,17332,37.2585424677,127.4884972098,,243266.516445693,417484.592072027,,L00
도담동물의료센터동물병원,20231206,0000,정상,,031-638-8875,,17348,경기도 이천시 이섭대천로 1458 (증포동),경기도 이천시 증포동 22-1,17348,37.297503263,127.4583992829,,240579.939547367,421811.035500827,,000
바른동물병원,20231229,0000,정상,,031-637-7959,0,17391,경기도 이천시 구만리로 114 (진리동),경기도 이천시 진리동 367-1,17391,37.2682670301,127.4486254397,,239715.500262086,418572.125696158,,000
큰사랑동물병원,20240130,0000,정상,,031-632-5975,191.42,17369,"경기도 이천시 이섭대천로 1229, 이천IS타워빌딩 203호 (창전동)",경기도 이천시 창전동 165-1 이천IS타워빌딩,17369,37.2801285355,127.4465192071,,239534.972298879,419881.625080739,,000
우석동물병원(출장전문),19911110,0000,정상,,,42.9,17585,경기도 안성시 보개원삼로 104 (가사동),경기도 안성시 가사동 75-2 우석동물병원,17585,37.0126410258,127.2863455508,,225438.896888801,390147.305651047,,000
대한동물병원(출장전문),19930611,0000,정상,,,83.2,,경기도 안성시 죽산면 죽주로 300,경기도 안성시 죽산면 죽산리 131-7,17519,37.0765611292,127.4281333283,,238002.988349756,397283.272935968,,000
동물사랑병원,20061226,0000,정상,,,35,14504,경기도 부천시 원미구 도약로 39 (상동),경기도 부천시 원미구 상동 524-4,14504,37.5125399734,126.7538693723,,178169.001483013,445618.210163006,,000
라임동물병원,20070108,0000,정상,,,0,14466,"경기도 부천시 오정구 소사로 722 (원종동, 제이디 스카이빌)",경기도 부천시 오정구 원종동 373-12 제이디 스카이빌,14466,37.5205590619,126.8051092049,,182709.017969268,446497.450563465,,000
현대동물병원,20070425,0000,정상,,,40,14542,"경기도 부천시 원미구 송내대로265번길 85, 뱅뱅프라자 (상동)",경기도 부천시 원미구 상동 535-1 뱅뱅프라자,14542,37.5073665058,126.753909555,,178170.903829042,445043.834754535,,000
포근한동물병원,20080714,0000,정상,,,0,14546,"경기도 부천시 원미구 소향로 111, 디아뜨 1 A동 110, 111호 (중동)",경기도 부천시 원미구 중동 1168 디아뜨 1,14546,37.5027000592,126.7600427362,,178712.771647673,444527.574636891,,000
하모니동물병원,20080922,0000,정상,,,46.54,14574,"경기도 부천시 원미구 신흥로 150, 위브더스테이트 (중동)",경기도 부천시 원미구 중동 1113 위브더스테이트,14574,37.497647779,126.7782158461,,180317.015615374,443971.656322195,,000
Be 동물병원,20081010,0000,정상,,032-349-7975,154.4,14689,"경기도 부천시 소사구 범안로 55, 홈타운프라자 2층 206호 (괴안동)",경기도 부천시 소사구 괴안동 87-1 홈타운프라자,14689,37.4769240773,126.808069464,,182957.802373693,441666.089507099,,000
하노바동물병원,20081128,0000,정상,,,0,14603,경기도 부천시 원미구 부흥로 196 (중동),경기도 부천시 원미구 중동 707-1,14603,37.495939898,126.7643629929,,179091.755237565,443773.672479924,,000
부천종합동물병원,20090701,0000,정상,,,56.25,14711,"경기도 부천시 소사구 경인로 190, 111호 (심곡본동, 부천라비앙로제)",경기도 부천시 소사구 심곡본동 588-1 부천라비앙로제,14711,37.4833779253,126.7764981865,,180179.04605575,442385.85182858,,000
가야동물병원,20100205,0000,정상,,,106,14630,경기도 부천시 원미구 부천로 69 (심곡동),경기도 부천시 원미구 심곡동 367-12,14630,37.4905976661,126.7838830524,,180817.812437106,443175.799666775,,000
햇빛 동물병원,20100713,0000,정상,,,0,14516,경기도 부천시 오정구 평천로 718 (삼정동),경기도 부천시 오정구 삼정동 342-3,14516,37.514934338,126.7706716779,,179657.945219754,445879.927360049,,000
부천 동물심장 내과 건강검진센터,20100907,0000,정상,,,0,14543,"경기도 부천시 원미구 길주로 91, 202호 (상동, 비잔티움 상동)",경기도 부천시 원미구 상동 534-6 비잔티움 상동,14543,37.5063755894,126.7525730276,,178049.45506952,444933.273313217,,000
서울 베스트 동물병원,20100910,0000,정상,,,0,14608,경기도 부천시 원미구 장말로 219 (중동),경기도 부천시 원미구 중동 771-16,14608,37.4926981181,126.7663065424,,179263.535,443415.24,,000
위더스동물병원,20110316,0000,정상,,,80.66,14543,"경기도 부천시 원미구 길주로 81, 모건시티 (상동)",경기도 부천시 원미구 상동 534-9 모건시티,14543,37.5063329471,126.7515325472,,177957.847610743,444929.727924411,,000
마이펫동물병원,20101124,0000,정상,,,0,,경기도 남양주시 화도읍 경춘로 1992 (롯데마트 내),경기도 남양주시 화도읍 마석우리 255-24 롯데마트 내,12181,37.6501439044,127.3093021446,,227234.544976879,460930.696005881,,000
남양주동물의료센터,20130103,0000,정상,,,116.64,12217,"경기도 남양주시 경춘로 1287, 정우빌딩 301호 (평내동)",경기도 남양주시 평내동 206-3 정우빌딩,12217,37.6493350482,127.2357330605,,220728.965162914,460802.385886534,,000
별내동물병원,20130528,0000,정상,,,0,12111,"경기도 남양주시 별내중앙로 84 (별내동, 동익미라벨 3903동 14호)",경기도 남양주시 별내동 1060 동익미라벨 3903동 14호,12111,37.6491602848,127.1218859372,,210693.01558702,460817.536623734,,000
해밀동물병원,20130620,0000,정상,,,0,,경기도 남양주시 진접읍 해밀예당3로 122,경기도 남양주시 진접읍 금곡리 973-5,12055,37.7204914539,127.1966059989,,217263.449446219,468689.911371934,,000
별사랑동물병원,20130717,0000,정상,,,154.21,12105,"경기도 남양주시 순화궁로 357, 207호 (별내동)",경기도 남양주시 별내동 930,12105,37.6585793342,127.1247292212,,210937.177699689,461803.06611873,,000
미리내동물병원,20140107,0000,정상,,,93.21,12102,"경기도 남양주시 별내5로 35, 102호 (별내동)",경기도 남양주시 별내동 1080-3 102호,12102,37.6517451458,127.1156944913,,210138.683867051,461047.282213594,,000
진접동물병원,20101028,0000,정상,,,44.4,,"경기도 남양주시 진접읍 해밀예당1로 171, 108호",경기도 남양주시 진접읍 금곡리 974-2 108호,12055,37.7198258189,127.1971306662,,217310.429240825,468615.571560976,,000
썬애니멀크리닉,20210507,0000,정상,,,0,17100,"경기도 용인시 기흥구 동탄기흥로 864, 120동 비104,105호 (공세동, 공세 호수마을 공세성원상떼레이크뷰)",경기도 용인시 기흥구 공세동 692 공세 호수마을 공세성원상떼레이크뷰,17100,37.2337000654,127.1024495899,,209087.359577333,414712.032991541,,000
서부동물병원(출장전문),19940419,0000,정상,,,42.9,17596,경기도 안성시 강변남로 52 (도기동),경기도 안성시 도기동 241,17596,37.0007896885,127.2731728083,,224246.405767762,388817.625445462,,000
남양동물병원(출장전문),19941110,0000,정상,,,23.94,17548,"경기도 안성시 공도읍 마정강변길 25, 상가동 103호 (임광그대가아파트 1단지)",경기도 안성시 공도읍 마정리 593 임광그대가아파트 1단지 상가동 103호,17548,37.0117583254,127.2101811871,,218637.561083607,390024.917488655,,000
미래동물병원,20000126,0000,정상,,,133,17585,경기도 안성시 보개원삼로 157 (가사동),경기도 안성시 가사동 15-55,17585,37.0173045057,127.2880412036,,225570.61538822,390666.461380046,,000
일죽종합동물병원,20000208,0000,정상,,,0,,경기도 안성시 일죽면 금일로 428,경기도 안성시 일죽면 송천리 256-17,17529,37.0898948597,127.4773267709,,242362.79971399,398789.123087396,,000
좋은동물병원(출장전문),20000830,0000,정상,,,0,17502,경기도 안성시 양성면 만세로 620,경기도 안성시 양성면 동항리 693-4,17502,37.0582697043,127.1947527354,,217247.088030349,395190.703208802,,000
유수의과 동물병원(출장전문),20041014,0000,정상,,,30,17519,경기도 안성시 죽산면 죽산초교길 15,경기도 안성시 죽산면 죽산리 419,17519,37.0754563962,127.4203268006,,237305.275966078,397161.922529079,,000
강산동물병원(출장전문),20050905,0000,정상,,031-656-6166,50,17547,"경기도 안성시 대덕면 차골길 17, 101호",경기도 안성시 대덕면 내리 165,17547,36.9984890174,127.2252914354,,219981.73535088,388567.56494299,,000
우리동물병원,20050920,0000,정상,,,422.11,17593,경기도 안성시 장기1길 5(인지동),경기도 안성시 인지동 427-2,17593,37.0042064882,127.2686780685,,223843.732299102,389204.881414355,,000
나라동물병원,19970508,0000,정상,,,0,,경기도 이천시 설봉로 46 (관고동),경기도 이천시 관고동 15-17,17368,37.28046699,127.4381488042,,238786.558314761,419926.433157052,,000
이천축산업협동조합동물병원,19990916,0000,정상,,031-634-6611,284.7,17381,경기도 이천시 구만리로 107 (진리동),경기도 이천시 진리동 371-2,17381,37.2693122959,127.4478013713,,239650.023207438,418687.633810077,,L00
피그벳동물병원「산업동물 출장진료 전문」,20011011,0000,정상,,,0,17391,경기도 이천시 이섭대천로 914(율현동),경기도 이천시 율현동 193-2,17391,37.2522198712,127.4438213441,,239301.87881687,416777.458789637,,000
J&C 동물병원「산업동물 출장진료 전문」,20021129,0000,정상,,031-643-5545,0,17413,경기도 이천시 설성면 신암로 91,경기도 이천시 설성면 신필리 244-20,17413,37.1357333412,127.5491794372,,248692.137280794,403900.899047,,000
유수의과병원,20020527,0000,정상,,031-632-8853,128,,경기도 이천시 모가면 대월로63번길 70,경기도 이천시 모가면 진가리 110-25,17408,37.1715283705,127.480963311,,242646.291626455,407854.07916024,,
경기동물전문병원「산업동물 출장진료 전문」,20030122,0000,정상,,,0,,경기도 이천시 남천로 65 (중리동),경기도 이천시 중리동 208-7,17374,37.2771440246,127.4446149905,,239361.7600641,419558.864292174,,000
중부동물병원 「산업동물 출장진료 전문」,20030122,0000,정상,,031-634-3030,0,,경기도 이천시 남천로 63-1 (중리동),경기도 이천시 중리동 208-8,17374,37.2771619839,127.4444683367,,239348.314316887,419559.655382033,,000
태성동물병원「산업동물 출장진료 전문」,20030122,0000,정상,,,0,,경기도 이천시 구만리로 325 (갈산동),경기도 이천시 갈산동 85-4,17350,37.2811094225,127.4666206138,,241311.614924011,419992.82988141,,000
헤세드동물병원,20030529,0000,정상,,031-642-7582,0,17387,"경기도 이천시 마장면 마장로 16, 마장타워 1층 109호",경기도 이천시 마장면 오천리 428-12,17387,37.2531887505,127.3539471441,,231332.169497488,416862.812585705,,000
우리동물병원,20040604,0000,정상,,,67.26,17370,경기도 이천시 영창로 246 (창전동),경기도 이천시 창전동 461-14,17370,37.2804455012,127.4498918645,,239827.263412058,419924.486812839,,000
홍익동물병원,20050221,0000,정상,,,100.16,,경기도 이천시 단월로 17-13 (단월동),경기도 이천시 단월동 555-3,17400,37.2198440002,127.4497516345,,239843.837773003,413199.722633819,,000
동물병원 이음,20211214,0000,정상,,031-213-7572,115.69,16954,"경기도 용인시 기흥구 흥덕2로75번길 25-3, 1층 (영덕동)",경기도 용인시 기흥구 영덕동 994-10 1층,16954,37.2740825359,127.0713991495,,206262.297501423,419126.999392824,,000
뉴케어동물병원,20220308,0000,정상,,,130.95,16954,"경기도 용인시 기흥구 흥덕2로65번길 2-20, 1층층 (영덕동)",경기도 용인시 기흥구 영덕동 989-6,16954,37.2742539447,127.0739360729,,206485.835,419146.575,,000
나온동물병원,20220315,0000,정상,,031-8019-7897,97.75,16898,"경기도 용인시 기흥구 죽전로 29, 포레스트프라자 2층 3호 (보정동)",경기도 용인시 기흥구 보정동 1207-1 포레스트프라자,16898,37.3207707232,127.1120815431,,209865.400557259,424312.013310834,,000
동물병원 감동,20230413,0000,정상,,031-275-8080,70.2,16919,"경기도 용인시 기흥구 구성로 88, (주)시간과공간 1층 102~103호 (언남동)",경기도 용인시 기흥구 언남동 412-2 (주)시간과공간,16919,37.2941660066,127.118965143,,210477.031591564,421360.498868516,,000
닥터펫 동물의료센터,20241115,0000,정상,,031-281-8275,308.9,17064,"경기도 용인시 기흥구 중부대로 375, 1층 1호 (신갈동, 기흥역 롯데캐슬스카이)",경기도 용인시 기흥구 신갈동 63 기흥역 롯데캐슬스카이 1호,17064,37.2723111358,127.1091157261,,209561.848956988,418928.960809078,,000
나온동물병원,20250718,0000,정상,,,97.75,16898,"경기도 용인시 기흥구 죽전로 29, 포레스트프라자 203호 (보정동)",경기도 용인시 기흥구 보정동 1207-1 포레스트프라자,16898,37.3207707232,127.1120815431,,209865.400557259,424312.013310834,,000
대학동물병원,19990201,0000,정상,,,0,,경기도 용인시 수지구 문인로39번길 3-1 (풍덕천동),경기도 용인시 수지구 풍덕천동 666-1,16829,37.3329120452,127.0984618597,,208654.958217211,425658.282604542,,000
굿프렌즈동물병원,20030114,0000,정상,,,0,16866,"경기도 용인시 수지구 용구대로 2794, 남곡빌딩 1층 102호 (죽전동)",경기도 용인시 수지구 죽전동 915-3 남곡빌딩,16866,37.3351298676,127.1093548829,,209623.710694829,425913.145681997,,000
파우동물병원,20060719,0000,정상,,,52.54,16876,"경기도 용인시 수지구 현암로125번길 6, 105호 (죽전동, 그린프라자)",경기도 용인시 수지구 죽전동 1178-1 그린프라자 105호,16876,37.3322462273,127.1235026604,,210878.900072523,425585.048816026,,000
세브란스동물병원,20100223,0000,정상,,,0,16837,"경기도 용인시 수지구 풍덕천로 135, 103호 (풍덕천동, 요진타워)",경기도 용인시 수지구 풍덕천동 713-6 요진타워 103호,16837,37.3238103038,127.096478643,,208481.815506629,424648.678704879,,000
로얄벳 동물병원,20100303,0000,정상,,031-263-7585,0,,"경기도 용인시 수지구 수지로 203 (신봉동,이마트수지점 3층)",경기도 용인시 수지구 신봉동 909 이마트수지점 3층,16845,37.3197625692,127.0833291279,,207318.572861803,424204.581779995,,000
펫스토리 동물병원,20100506,0000,정상,,031-276-0282,13.8,,"경기도 용인시 수지구 신봉2로 19, 102호 (신봉동,신엘지프라자)",경기도 용인시 수지구 신봉동 83 신엘지프라자 102호,16814,37.3244817106,127.0770839136,,206763.168457439,424729.36996225,,000
강남동물의료센터,20101206,0000,정상,,031-897-7582,148.57,16823,"경기도 용인시 수지구 동천로 79, 3층 (동천동)",경기도 용인시 수지구 동천동 351-3,16823,37.3391820419,127.0947481879,,208332.271421885,426353.562356423,,000
파주24시동물병원,20170125,0000,정상,,,0,10892,"경기도 파주시 교하로 87, 201호 (목동동, 삼성프라자)",경기도 파주시 목동동 941-1 삼성프라자 201호,10892,37.7276583938,126.733934358,,176475.078366768,469496.975550397,,000
운정한빛동물병원,20170212,0000,정상,,031-944-7179,156.26,10908,"경기도 파주시 경의로 1068, 101.201,202호 (야당동, 삼융프라자)",경기도 파주시 야당동 1066-2,10908,37.712581565,126.7596623254,,178739.876125273,467820.837298036,,000
로뎀동물병원,20221026,0000,정상,,031-952-7576,261.84,10821,경기도 파주시 문산읍 방촌로 1692,경기도 파주시 문산읍 당동리 89-3,10821,37.8640460036,126.7830242728,,180830.512,484633.41,,000
야당동물병원,20170523,0000,정상,,031-948-7579,0,10908,"경기도 파주시 경의로 1100, 201호 (야당동, 연세프라자)",경기도 파주시 야당동 1074-2 201호,10908,37.7153606461,126.7601452381,,178782.178430861,468126.56543236,,000
나은동물병원,20170608,0000,정상,,031-944-8288,105,10930,"경기도 파주시 새꽃로 207 (아동동, 나은동물병원)",경기도 파주시 아동동 351-14,10930,37.7659558096,126.7753889745,,180132.241859031,473738.591713575,,000
창현동물병원,20140508,0000,정상,,,60.1,12183,경기도 남양주시 화도읍 창현로 53,경기도 남양주시 화도읍 창현리 562,12183,37.6460266263,127.3049258008,,226859.314450247,460436.48454185,,000
내품애동물병원,20140514,0000,정상,,,98.78,12209,경기도 남양주시 와부읍 수레로 34-1,경기도 남양주시 와부읍 덕소리 141-70,12209,37.5873216907,127.2160062148,,219008.117779207,453913.054409724,,000
스타동물병원,20141204,0000,정상,,031-528-8575,77.7,12113,"경기도 남양주시 별내2로 64, 202호 (별내동)",경기도 남양주시 별내동 1008-202,12113,37.6464477302,127.1248582802,,210953.837715752,460458.922067484,,000
마석동물병원,20150605,0000,정상,,031-551-8275,81.85,12162,경기도 남양주시 화도읍 마석로 90,경기도 남양주시 화도읍 마석우리 416-1번지,12162,37.6587812161,127.3052892467,,226865.118449882,461862.159177692,,000
햇빛동물병원,20150625,0000,정상,,,0,12097,경기도 남양주시 덕송2로6번길 28-11 (별내동),경기도 남양주시 별내동 841-3,12097,37.6660361516,127.1171742035,,210268.11,462632.935,,000
동물자유연대 부속 동물병원,20150709,0000,정상,,031-523-3013,203.79,12191,경기도 남양주시 화도읍 경춘로2394번길 49,경기도 남양주시 화도읍 답내리 148-3,12191,37.6568795905,127.3555975297,,231301.785395915,461670.345879614,,L00
탑 동물병원,20151116,0000,정상,,031-553-7585,55.13,12252,"경기도 남양주시 도농로 71 (도농동, 부영사랑으로7단지아파트)",경기도 남양주시 도농동 435 부영사랑으로7단지아파트 상가동 101호,12252,37.6100477225,127.1561535855,,213667.916235228,456523.538426254,,000
부영 동물병원,20160224,0000,정상,,031-565-7582,56.6,12248,"경기도 남양주시 다산중앙로123번길 22-8, 리더스퀘어 604호 (다산동)",경기도 남양주시 다산동 6060 리더스퀘어 604호,12248,37.6242919967,127.151045135,,213261.027634004,458003.084933955,,000
화도동물병원,20161215,0000,정상,,031-594-7562,159.94,12169,"경기도 남양주시 화도읍 먹갓로 3, 2층 201호",경기도 남양주시 화도읍 묵현리 390-3 2층 201호,12169,37.6544185265,127.2747931616,,224179.441231764,461379.25487867,,000
오남동물병원,20170302,0000,정상,,031-575-7598,89.63,12036,경기도 남양주시 오남읍 진건오남로 865,경기도 남양주시 오남읍 양지리 498-5,12036,37.7024055388,127.1980864021,,217401.124350336,466684.778247771,,000
이리온 동물메디컬센터,20170523,0000,정상,,031-575-9725,252,12008,경기도 남양주시 진접읍 해밀예당3로 167,경기도 남양주시 진접읍 장현리 240-3,12008,37.722479311,127.1915597348,,216855.625045042,468934.233532807,,000
메디 포즈 동물병원,20180308,0000,정상,,,126.75,12203,"경기도 남양주시 와부읍 수레로 169, 1층",경기도 남양주시 와부읍 월문리 1244-1,12203,37.5953422323,127.2268391651,,219943.79593336,454800.721740866,,000
미담동물의료센터,20180402,0000,정상,,031-575-7975,235.76,12097,"경기도 남양주시 별내3로 334, 다우프라자 2층 (별내동)",경기도 남양주시 별내동 826-3 다우프라자 2층,12097,37.6669913678,127.1171126037,,210263.028322648,462743.264982535,,000
자연앤동물병원,20190514,0000,정상,,031-994-7599,,12248,"경기도 남양주시 다산중앙로 109, 205호 (다산동)",경기도 남양주시 다산동 6089-3,12248,37.6229380335,127.1534425242,,213476.644003742,457852.712853342,,000
다산마리동물병원,20190524,0000,정상,,,,12285,"경기도 남양주시 다산순환로 350, KB 골든타워 1층 110호 (다산동)","경기도 남양주시 다산동 6053 다산진건지구 상업2-7-1,2",12285,37.625629676,127.1553678766,,213646.133935776,458169.71770629,,000
어강동물병원,20190819,0000,정상,,031-595-7582,164.1,12234,"경기도 남양주시 경춘로 925-1, 1층 (금곡동)",경기도 남양주시 금곡동 432-15,12234,37.6332438407,127.2043959205,,217974.239901739,459007.304166892,,000
24시 위드힐동물메디컬센터,20200529,0000,정상,,031-523-3256,977.05,12105,경기도 남양주시 순화궁로 341 (별내동),경기도 남양주시 별내동 931-7,12105,37.657203839,127.1258471936,,211029.46850836,461651.01691927,,000
쿨펫동물병원,20081010,0000,정상,,031-677-7975,34.6,17578,"경기도 안성시 중앙로 246, 3층 (석정동, 이마트)",경기도 안성시 석정동 149-3 이마트 3층,17578,37.0127265766,127.2559163951,,222711.793919182,390149.787207476,,000
바우동물병원,20100802,0000,정상,,031-657-0016,471.83,17562,경기도 안성시 공도읍 공도로 50,경기도 안성시 공도읍 승두리 70-2,17562,36.9982395616,127.1666152156,,214761.260720061,388521.33173222,,000
미엘동물병원,20170629,0000,정상,,031-935-5009,185.89,10874,"경기도 파주시 청석로 264, 201호 (동패동, 거묵프라자)",경기도 파주시 동패동 1696-1 거묵프라자 201호,10874,37.7255907974,126.7182848248,,175093.092934159,469277.590463923,,000
해오름동물병원,20171117,0000,정상,,031-953-7587,53.88,10816,"경기도 파주시 문산읍 당동2로 11, 104호",경기도 파주시 문산읍 당동리 888-1,10816,37.8679903718,126.7839638125,,180921.585774435,485062.830089861,,000
Dr.Mini 하늘다람쥐 전문병원,20180220,0000,정상,,070-7796-0333,148.5,10884,경기도 파주시 꽃창포길 16 (문발동),경기도 파주시 문발동 617-1,10884,37.7189782166,126.7079382917,,174178.131378231,468542.955011231,,000
운정호수동물메디컬센터,20180321,0000,정상,,031-937-8225,218.89,10908,"경기도 파주시 경의로 1114, 에펠타워 202,203호 (야당동)",경기도 파주시 야당동 1076,10908,37.7166149612,126.7603823786,,178804.224364993,468269.565890856,,000
산내동물병원,20190225,0000,정상,,031-948-6669,0,10900,"경기도 파주시 심학산로423번길 7-33, 준프라자 2층 201호 (목동동)",경기도 파주시 목동동 1136-3,10900,37.7194328329,126.737241486,,176762.627019871,468586.528991949,,000
행복한고양이동물병원,20191025,0000,정상,,031-946-0805,100.47,10870,"경기도 파주시 가람로21번길 7-5, 401호 (와동동)",경기도 파주시 와동동 1598 401호,10870,37.7341113735,126.7521166854,,178080.743701931,470212.439396794,,000
또바기,20200217,0000,정상,,,311.2,10902,"경기도 파주시 한울로 59, 202호 (동패동)",경기도 파주시 동패동 1899-1,10902,37.7112647697,126.7383009161,,176853.302871588,467676.123809767,,000
수민동물병원,20200305,0000,정상,,,119.34,10853,"경기도 파주시 경의로 1813, 2층 203호 (아동동)",경기도 파주시 아동동 296-11,10853,37.7689355278,126.7762682268,,180215.309519896,474072.614448208,,000
혜음동물병원,20200824,0000,정상,,,0,10955,경기도 파주시 광탄면 혜음로 345,경기도 파주시 광탄면 용미리 319-7,10955,37.7268581128,126.8902571624,,190253.131341995,469399.27022393,,000
카라동물병원,20210128,0000,정상,,031-959-8600,177.75,10806,경기도 파주시 법원읍 술이홀로 1409,경기도 파주시 법원읍 금곡리 230,10806,37.8933923469,126.8798785002,,189371.083440858,487869.039207143,,L00
마리동물병원,20220701,0000,정상,,,0,10853,"경기도 파주시 경의로 1813, 2층 202호 (아동동)",경기도 파주시 아동동 296-11,10853,37.7689355278,126.7762682268,,180215.309519896,474072.614448208,,000
다나동물의료센터,20230307,0000,정상,,031-944-7975,153.64,10888,"경기도 파주시 청석로 115, 반석프라자 201호 (동패동)",경기도 파주시 동패동 2080-3,10956,37.7126800311,126.7204059447,,,,,000
운정튼튼동물병원,20230313,0000,정상,,031-942-7524,79.6,10900,"경기도 파주시 심학산로423번길 7-21, 광성빌딩 (목동동)",경기도 파주시 목동동 1136,10900,37.718802176,126.7372819918,,176767.938397805,468515.192767501,,000
통일산업동물병원(산업동물에 대한 출장진료를 전문으로 함),20230324,0000,정상,,,96,10803,경기도 파주시 적성면 감악산로 1230,경기도 파주시 적성면 구읍리 162-7,10803,37.9562452966,126.9273068162,,193537.260271996,494837.9241089,,000
서울하이동물의료센터,20230728,0000,정상,,,1439268,10865,"경기도 파주시 청암로 75, 상상메디컬프라자 2층 203호 (다율동)",경기도 파주시 다율동 1044-8 203호,10865,37.734817874,126.733020777,,,,,000
반려동물병원,20230823,0000,정상,,,137.25,10938,경기도 파주시 조리읍 내산길 9,경기도 파주시 조리읍 봉일천리 181-7,10938,37.7472012709,126.8056174328,,182800.5089858,471656.650691161,,000
행복튼튼동물병원,20231207,0000,정상,,,,10923,"경기도 파주시 중앙로 241, 한샘파주키친프라자 1호 (금촌동)",경기도 파주시 금촌동 777-4 한샘파주키친프라자,10923,37.7578636715,126.7785898299,,180417.472295956,472842.218127721,,000
야당마을동물병원,20231222,0000,정상,,031-949-7553,0,10909,"경기도 파주시 송학1길 88, 1층 (야당동)",경기도 파주시 야당동 192-22,10909,37.7132461844,126.7636039785,,179079.935628383,467887.926924129,,000
해솔동물병원,20241007,0000,정상,,031-8088-8119,150.5,10897,"경기도 파주시 가온로 200, 근린생활시설동 120,121호 (와동동, 해솔마을8단지 운정 아이파크 더 테라스)",경기도 파주시 와동동 1411 해솔마을8단지 운정 아이파크 더 테라스,10897,37.72060362,126.7539999091,,178266.10340925,468724.232332418,,000
엘림동물병원,20060417,0000,정상,,,30.6,14459,"경기도 부천시 원미구 삼작로 305 (도당동, 성진그린타운 102동)",경기도 부천시 원미구 도당동 141-3 성진그린타운 102동,14459,37.5203038612,126.7955040055,,181851.85,446472.2005,,000
수동물병원,20060504,0000,정상,,032-675-8575,23.8,14465,"경기도 부천시 오정구 소사로 709, 그린메디칼프라자 (원종동)",경기도 부천시 오정구 원종동 375-3 그린메디칼프라자,14465,37.5192937158,126.8045211821,,182646.330270706,446357.327550673,,000
소사프라임동물병원,20060814,0000,정상,,,45.22,14762,경기도 부천시 소사구 소사로 184 (소사본동),경기도 부천시 소사구 소사본동 184-6,14762,37.4746340409,126.7957632849,,181866.423021461,441401.846805824,,000
큐피트동물병원,20061026,0000,정상,,032-666-7975,46,14635,경기도 부천시 원미구 부일로 447-1 (심곡동),경기도 부천시 원미구 심곡동 399-11,14635,37.48645495,126.7800089205,,180472.098846253,442717.913709294,,000
팜펫동물병원,20061206,0000,정상,,,45,14538,"경기도 부천시 원미구 길주로 219, 드림빌딩 (중동)",경기도 부천시 원미구 중동 1034-4 드림빌딩,14538,37.5047701515,126.7667880544,,179310.387407428,444754.845185643,,000
로뎀종합동물병원,20060308,0000,정상,,,63.64,14568,"경기도 부천시 원미구 원미로 117 (원미동, 유림연립)",경기도 부천시 원미구 원미동 95-5 유림연립,14568,37.4930915691,126.7908841274,,181428.727972269,443454.091193154,,000
안양동물병원,20230724,0000,정상,,031-466-0075,555.82,14006,경기도 안양시 만안구 안양로 347 (안양동),경기도 안양시 만안구 안양동 695-94,14006,37.4023333767,126.9178778382,,,,,000
안양김준동물병원,20230831,0000,정상,,031-447-1175,100.6,14033,"경기도 안양시 만안구 안양로 180, 204호 (안양동, 안양 KCC 스위첸)",경기도 안양시 만안구 안양동 433-1 안양 KCC 스위첸,14033,37.3904747951,126.9296843879,,,,,000
푸른힐동물병원,20240223,0000,정상,,031-425-7579,105.92,14062,"경기도 안양시 동안구 흥안대로456번길 24, 201호 (평촌동)",경기도 안양시 동안구 평촌동 68-14 201호,14062,37.3941459583,126.9770379629,,197895.66551382,432448.695661864,,000
돌봄동물병원,20240503,0000,정상,,031-687-8749,79.7,14067,"경기도 안양시 동안구 관평로 183, 평촌자이엘라 107,108호 (관양동)",경기도 안양시 동안구 관양동 1591-12 평촌자이엘라,14067,37.3930937171,126.9595232047,,196348.623611046,432336.522653627,,000
두카메디컬센터,20240715,0000,정상,,031-422-7534,120.76,14057,"경기도 안양시 동안구 벌말로 126, 평촌 오비즈타워 2층 217호 (관양동)",경기도 안양시 동안구 관양동 1802 평촌 오비즈타워 217호,14057,37.3997224989,126.9702993402,,197294.653649091,433065.342670877,,000
나은동물병원,20240814,0000,정상,,031-360-0750,0,14081,"경기도 안양시 동안구 귀인로 108, 206호,207호 (호계동)",경기도 안양시 동안구 호계동 927-9,14081,37.3820702051,126.9517518821,,195663.107349691,431109.676362076,,000
24시 이오동물병원,20250324,0000,정상,,031-360-2575,303.5,13920,"경기도 안양시 동안구 관악대로 177, 2층 (비산동)",경기도 안양시 동안구 비산동 424-165,13920,37.3991952398,126.943808814,,,,,000
바로외과동물병원,20250529,0000,정상,,031-360-7597,167.1,14078,"경기도 안양시 동안구 경수대로 707, 1층 101호 일부, 102호 (호계동)",경기도 안양시 동안구 호계동 923,14078,37.384735823,126.9512241537,,195605.793247312,431405.786216646,,000
소중한 동물병원,20250718,0000,정상,,031-360-5000,79.2,13995,"경기도 안양시 만안구 관악대로 55, 안양역푸르지오더샵 근린생활시설-2 2층 203호 (안양동)",경기도 안양시 만안구 안양동 164-1 안양역푸르지오더샵 근린생활시설-2,13995,37.397229412,126.9303788679,,,,,000
메이드 동물의료센터,20250812,0000,정상,,031-387-1190,115.2,13926,"경기도 안양시 동안구 관악대로 157, 두성프라자 1층 105호, 106호 (비산동)",경기도 안양시 동안구 비산동 405-10 두성프라자,13926,37.3991310959,126.9416739348,,,,,000
특수동물 행동정신병원,20250324,0000,정상,,,141.37,10950,"경기도 파주시 조리읍 뇌조로 123, 2층",경기도 파주시 조리읍 뇌조리 250,10950,37.7541561404,126.8158485807,,183701.878694182,472422.540744707,,000
숲속노을 동물병원,20250415,0000,정상,,031-946-7582,76.38,10956,"경기도 파주시 숲속노을로 128, 2층 (동패동)",경기도 파주시 동패동 2078,10956,37.7122847571,126.7151685039,,,,,000
24시 마이동물의료센터,20250418,0000,정상,,031-945-5000,0,10956,"경기도 파주시 청석로 122, 3층 313~320호 (동패동)",경기도 파주시 동패동 1661,10956,37.7134418804,126.7211240803,,175338.870754278,467930.772509999,,000
예든동물의료센터,20251118,0000,정상,,031-934-0484,160.39,10865,"경기도 파주시 해올2길 8, 201호 (다율동)",경기도 파주시 다율동 1044-1,10865,37.7337399062,126.7308075521,,,,,000
마음다해동물병원,20251205,0000,정상,,,88.56,10896,"경기도 파주시 가람로 129, 2층 (와동동)",경기도 파주시 와동동 1738,10896,37.7374482836,126.7624563605,,,,,000
웰니스동물메디컬센터,20251222,0000,정상,,031-8035-0848,557.02,10896,"경기도 파주시 와석순환로515번길 70, C229호 (와동동, 힐스테이트 더 운정)",경기도 파주시 와동동 1471-2 힐스테이트 더 운정,10896,37.7290804948,126.7647635719,,179232.340113879,469528.61287477,,000
이천동물병원「산업동물 출장진료 전문」,19791011,0000,정상,,031-635-2371,0,17374,경기도 이천시 어재연로 24-0 (중리동),경기도 이천시 중리동 203번지,17374,37.2788836371,127.4444219507,,239348.748537525,419751.787872235,,000
주영동물병원「산업동물 출장진료 전문」,19890509,0000,정상,,,0,,경기도 이천시 장호원읍 서동대로8809번길 22-29,경기도 이천시 장호원읍 장호원리 388,17421,37.1161623043,127.6156454227,,254639.828094073,401777.254020281,,000
제일동물병원,19910308,0000,정상,,031-633-9883,0,17365,경기도 이천시 영창로 181 (창전동),경기도 이천시 창전동 151-14,17365,37.2815960603,127.4427616915,,239193.563109866,420056.770145214,,000
하나동물병원,19940506,0000,정상,,,0,17370,경기도 이천시 중리천로 99 (창전동),경기도 이천시 창전동 470-1,17370,37.2781641764,127.4480772645,,239667.673162048,419671.368493251,,000
24시마음든든동물병원,20170801,0000,정상,,031-474-2475,314.15,13913,"경기도 안양시 만안구 경수대로 1234, 3층 301호 (석수동, 관악센터)",경기도 안양시 만안구 석수동 168-27,13913,37.4184292612,126.9118993288,,,,,000
24시비타민동물메디컬센터,20170803,0000,정상,,031-465-7582,721.23,13941,"경기도 안양시 동안구 관악대로 267, 1,2층 (비산동)","경기도 안양시 동안구 비산동 1052-3 1,2층",13941,37.4027155905,126.9526070845,,195733.881296931,433399.943545934,,000
JA 임상병리 동물병원,20190327,0000,정상,,031-347-0546,94,14034,"경기도 안양시 만안구 안양로 150, 지층 (안양동)",경기도 안양시 만안구 안양동 510-6 지하 1층,14034,37.387821614,126.9309019113,,,,,000
안양본동물의료센터,20200212,0000,정상,,031-396-8275,494.4,14058,경기도 안양시 동안구 시민대로 370 (관양동),경기도 안양시 동안구 관양동 900-9,14058,37.3955000501,126.9714136299,,197413.825044719,432617.727457137,,000
연합에이엠씨,20200303,0000,정상,,031-422-7579,189.14,14065,"경기도 안양시 동안구 시민대로 312, 평촌칼라힐주차빌딩 2층 234~237호 (평촌동)",경기도 안양시 동안구 평촌동 897 평촌칼라힐주차빌딩,14065,37.3950828974,126.9648413735,,196822.119978806,432554.706986554,,000
퍼스트동물병원,20210413,0000,정상,,031-360-0818,119.68,14114,"경기도 안양시 동안구 경수대로 597, 영신빌딩 2층 202호 (호계동)",경기도 안양시 동안구 호계동 943-16 영신빌딩 202호,14114,37.3757620682,126.9559768262,,196027.556546882,430410.652188886,,000
동물병원 오월의산책,20220617,0000,정상,,031-452-0119,107.72,14116,"경기도 안양시 동안구 경수대로 563, 현대제우스타워 201호 (호계동)",경기도 안양시 동안구 호계동 949-3 현대제우스타워 201호,14116,37.3730179995,126.9570921868,,196131.752151859,430105.708731959,,000
서울샤인동물병원,20170731,0000,정상,,031-261-7582,0,16815,"경기도 용인시 수지구 신봉1로 84, 228,229호 (신봉동, 상록신봉종합상가)",경기도 용인시 수지구 신봉동 40-2,16815,37.3236231493,127.0764566581,,206706.577957859,424640.632767579,,000
24시 사람앤동물메디컬센터,20180502,0000,정상,,031-262-0306,2121.06,16843,"경기도 용인시 수지구 포은대로 317, 24시 사람앤동물메디컬센터 (풍덕천동)",경기도 용인시 수지구 풍덕천동 554-1 24시 사람앤동물메디컬센터,16843,37.3154950181,127.087336536,,207671.153536708,423725.191208364,,000
다산동물병원「산업동물 출장진료 전문」,20060307,0000,정상,,,0,17421,경기도 이천시 장호원읍 서동대로8809번길 22-5,경기도 이천시 장호원읍 장호원리 392-2,17421,37.1161184669,127.6143734155,,254534.464468889,401772.14564233,,000
행복한 동물병원,20091110,0000,정상,,,65,17378,경기도 이천시 경충대로 2486 (진리동),경기도 이천시 진리동 50-2,17378,37.271568869,127.4553004925,,240314.942207189,418943.876486183,,000
우리소동물병원 「산업동물 출장진료 전문」,20100607,0000,정상,,031-632-3836,0,17408,경기도 이천시 모가면 진상미로 1324,경기도 이천시 모가면 진가리 157-1,17408,37.1743586816,127.4801290094,,242570.645522819,408160.337678752,,000
PMC동물병원「산업동물 출장진료 전문」,20110901,0000,정상,,031-635-7620,0,,경기도 이천시 대월면 대월로 940,경기도 이천시 대월면 사동리 30-1,17342,37.2386038951,127.4965275446,,243991.870498335,415302.053891838,,000
고방동물병원,20120120,0000,정상,,031-632-7582,0,17327,경기도 이천시 부발읍 경충대로 2260,경기도 이천시 부발읍 신하리 434-18,17327,37.2609292857,127.4758659006,,242143.540404697,417767.743311272,,000
이천동물의료센터,20120409,0000,정상,,031-632-7510,0,17352,경기도 이천시 이섭대천로 1342 (증포동),경기도 이천시 증포동 146-1,17352,37.287937186,127.4524478337,,240059.142363306,420767.899064471,,000
장호원동물병원,20120731,0000,정상,,031-643-0010,,17419,경기도 이천시 장호원읍 장감로 23,경기도 이천시 장호원읍 진암리 5-5,17419,37.1161164459,127.6252918393,,255504.528036123,401777.849540711,,000
24시스마일동물의료센터동물병원,20160112,0000,정상,,031-633-7582,214.82,17381,"경기도 이천시 구만리로 177, 다나빌딩 2, 3층 (진리동)",경기도 이천시 진리동 27-3 다나빌딩,17381,37.2732085458,127.4530436308,,240080.617285281,419112.392935854,,000
중동동물병원,19971103,0000,정상,,,60,14605,경기도 부천시 원미구 중동로 157 (중동),경기도 부천시 원미구 중동 749-17,14605,37.4939547786,126.7669164272,,179316.371990229,443553.599841858,,000
정종합동물병원,19971213,0000,정상,,,0,14473,경기도 부천시 오정구 소사로 706 (원종동),경기도 부천시 오정구 원종동 372-5,14473,37.5188198912,126.8051819144,,182708.509243652,446305.865306013,,000
고강동물병원,19980216,0000,정상,,,0,14416,경기도 부천시 오정구 역곡로 473 (고강동),경기도 부천시 오정구 고강동 474-1,14416,37.5269039391,126.8158131377,,183649.740705872,447197.158819036,,000
미르 동물병원,19990531,0000,정상,,,29,14543,"경기도 부천시 원미구 길주로77번길 19-45, 디아뜨갤러리4 113호 (상동)",경기도 부천시 원미구 상동 530-1 디아뜨갤러리4,14543,37.5076804674,126.7494033011,,177772.003680671,445079.575694137,,000
24시 아이동물메디컬센터,20000320,0000,정상,,,59.86,14427,"경기도 부천시 오정구 소사로 779, 뉴월드프라자 (원종동)",경기도 부천시 오정구 원종동 229-8 뉴월드프라자,14427,37.5256664163,126.8045525602,,182650.503950396,447065.179024815,,000
조규만외과동물병원,20020709,0000,정상,,032-656-7582,151,14624,"경기도 부천시 원미구 부일로 226, 대명그린프라자 (상동)",경기도 부천시 원미구 상동 463 대명그린프라자,14624,37.4882198656,126.7550162583,,178264.429057343,442917.930896891,,000
상동물병원,20020726,0000,정상,,032-328-0079,73.87,14589,경기도 부천시 원미구 조마루로97번길 34-9 (상동),경기도 부천시 원미구 상동 564-14,14589,37.501850382,126.7553560117,,178297.368300479,444430.908300295,,000
정 동물병원,20180601,0000,정상,,031-898-2298,43.74,16930,"경기도 용인시 수지구 만현로 120, SR프라자 112호 (상현동)",경기도 용인시 수지구 상현동 252 SR프라자,16930,37.3060842336,127.0846797388,,207438.058551981,422689.640662557,,000
에이스 동물병원,20180723,0000,정상,,031-266-2900,,16825,"경기도 용인시 수지구 동천로 60, 1층 (동천동)",경기도 용인시 수지구 동천동 174-15,16825,37.3403601486,127.0965933229,,208483.501873057,426483.280356379,,000
웰니스 동물병원,20190828,0000,정상,,031-898-1911,93.02,16847,"경기도 용인시 수지구 성복2로 10, 지하1층 (성복동, 성복역롯데캐슬골드타운)",경기도 용인시 수지구 성복동 23 성복역롯데캐슬골드타운,16847,37.3131607554,127.0822934593,,207273.490731332,423410.218285701,,000
마루한동물병원,20191210,0000,정상,,031-216-0133,0,16940,"경기도 용인시 수지구 광교호수로378번길 4-6, 1층 (상현동)",경기도 용인시 수지구 상현동 1157-1,16940,37.2978746297,127.0801552407,,207036.923181518,421768.870454162,,000
서울앤탑 동물병원,20200123,0000,정상,,031-897-7577,341.28,16876,"경기도 용인시 수지구 현암로 135, 베스트프라자 2층 (죽전동)",경기도 용인시 수지구 죽전동 1189-1 베스트프라자 2층,16876,37.331960694,127.1244184275,,210956.33216878,425555.733967826,,000
수지성복SL동물병원,20200213,0000,정상,,031-272-8575,84.32,16852,"경기도 용인시 수지구 성복1로 62, 1층 111, 112호 (성복동, KCC스위첸)","경기도 용인시 수지구 성복동 167 KCC스위첸 1층 111, 112호",16852,37.315209935,127.0730391713,,206405.980889469,423687.22050375,,000
경기동물의료원,20210820,0000,정상,,031-546-5975,2171.65,16868,"경기도 용인시 수지구 용구대로 2748, SK엔크린주유소 (죽전동)",경기도 용인시 수지구 죽전동 899-8 SK엔크린주유소,16868,37.3308661583,127.1093092325,,209622.409190297,425429.74069991,,000
주현동물병원,20060612,0000,정상,,031-443-9726,34.68,14003,경기도 안양시 만안구 병목안로 57 (안양동),경기도 안양시 만안구 안양동 714-94,14003,37.3963293008,126.9158567933,,192475.693620098,432692.949031299,,000
제일동물병원,20060705,0000,정상,,031-388-1845,39.61,14047,"경기도 안양시 동안구 시민대로 187, 105호 (비산동, 안양건설타워)",경기도 안양시 동안구 비산동 1112-1 안양건설타워 105호,14047,37.3917688608,126.9517264437,,195651.673909625,432187.915104016,,000
한빛동물병원,19990407,0000,정상,,031-429-7575,196.8,14120,"경기도 안양시 동안구 흥안대로 110, 1층,지층 (호계동)",경기도 안양시 동안구 호계동 967-24,14120,37.3698263023,126.9569118998,,196113.540798486,429751.175836104,,000
중앙동물병원,20010323,0000,정상,,031-444-0275,39.22,,경기도 안양시 만안구 안양로 258 (안양동),경기도 안양시 만안구 안양동 622-216,13996,37.3958119166,126.924311455,,,,,000
서울종합동물병원,20010430,0000,정상,,031-422-7565,40.3,,"경기도 안양시 동안구 흥안대로 492 (관양동,1층)",경기도 안양시 동안구 관양동 1507-14 1층,13943,37.3977895395,126.9774984597,,197940.463532311,432855.691339719,,000
수호천사동물병원,20021121,0000,정상,,031-451-7582,207.1,13988,경기도 안양시 만안구 박달로 551 (안양동),경기도 안양시 만안구 안양동 693-12,13988,37.4028279382,126.9139872572,,,,,000
정수동물병원,20040203,0000,정상,,031-425-7588,67.4,,"경기도 안양시 동안구 흥안대로456번길 11, 102호 (평촌동,본프라자)",경기도 안양시 동안구 평촌동 69-1 본프라자 102호,14061,37.3947563734,126.9764688457,,197848.081850486,432525.750580318,,000
우리동물병원,20040326,0000,정상,,031-465-3375,130.95,13924,"경기도 안양시 동안구 비산로 18, 자이아이파크 상가동 205호 (비산동)",경기도 안양시 동안구 비산동 515-2 자이아이파크 상가동 205호,13924,37.4001274283,126.9332154054,,,,,000
김인천동물병원,20040416,0000,정상,,031-477-7275,33.66,14125,"경기도 안양시 동안구 경수대로 472 (호계동, 영풍주상복합아파트상가 114호)",경기도 안양시 동안구 호계동 801-4 영풍주상복합아파트상가 114호,14125,37.3649606248,126.959262045,,196318.035353187,429212.510427888,,000
경기중앙동물병원,20040428,0000,정상,,031-443-8875,46.5,,"경기도 안양시 만안구 안양로 150 (안양동,신강빌딩 지상1층)",경기도 안양시 만안구 안양동 510-6 신강빌딩 지상1층,14034,37.387821614,126.9309019113,,,,,000
바우동물병원,20040513,0000,정상,,031-443-1280,50.05,14009,경기도 안양시 만안구 박달로 512 (박달동),경기도 안양시 만안구 박달동 68-8,14009,37.4024363573,126.9095612377,,,,,000
친구가 될 동물병원,20200707,0000,정상,,031-555-0421,47.2,12248,"경기도 남양주시 다산중앙로 113, 라페온빌 1층 112호 (다산동)",경기도 남양주시 다산동 6089-2 다산진건지구 업무1-3,12248,37.6232350733,127.1533051603,,213463.106253278,457886.747468734,,000
24시이스턴동물의료센터,20250214,0000,정상,,,187.93,12150,"경기도 남양주시 호평로68번길 26, 무세빌딩 3층 (호평동)",경기도 남양주시 호평동 660-3 무세빌딩,12150,37.6539778575,127.2485158303,,221858.031825806,461318.085869534,,000
한성동물병원(양수지점),20250320,0000,정상,,,39.3,12282,"경기도 남양주시 조안면 북한강로 130, 1층 102호",경기도 남양주시 조안면 조안리 172-1,12282,37.5366443181,127.3029246527,,226700.150453813,448308.424099916,,000
오남호수동물병원,20250417,0000,정상,,031-575-7581,,12039,"경기도 남양주시 오남읍 진건오남로 556, 201호",경기도 남양주시 오남읍 오남리 342-1,12039,37.6829688905,127.2109240252,,218530.10721899,464530.523263721,,000
지금동물병원,20250514,0000,정상,,031-567-0307,,12284,"경기도 남양주시 다산지금로 129, 1층 106호 (다산동)",경기도 남양주시 다산동 6216-1,12284,37.6014195966,127.1744326318,,215332.444137337,455467.503833423,,000
허브동물메디컬센터,20250516,0000,정상,,031-522-5933,245.52,12179,"경기도 남양주시 화도읍 경춘로 1937, 2층",경기도 남양주시 화도읍 창현리 497-17,12179,37.6516130081,127.3037548728,,226735.299939648,461081.809801238,,000
라비동물병원,20230831,0000,정상,,,,10078,"경기도 김포시 김포한강1로 238, 라비드퐁네프 레드동 115호 (운양동)",경기도 김포시 운양동 1340-1,10078,37.6527804432,126.683395952,,171970.945357311,461198.395861121,,000
에프엠(FM)동물메디컬센터 김포점,20240408,0000,정상,,031-982-7587,,10080,"경기도 김포시 김포한강1로 77-5, 2층 (장기동)",경기도 김포시 장기동 1857,10080,37.6452069553,126.6688565011,,170690.679817329,460386.330857609,,000
김포시 반려동물 공공진료센터,20240617,0000,정상,,031-5186-1941,0,10078,"경기도 김포시 김포한강1로 242, 운양역 환승센터 공영주차장 A동 1층 (운양동)",경기도 김포시 운양동 1307-2,10078,37.6533274685,126.6842968744,,172070.579840871,461263.118265603,,000
튼튼동물병원,20240624,0000,정상,,,0,10073,"경기도 김포시 김포한강11로 300, 에비뉴파크 101호 (운양동)",경기도 김포시 운양동 1297-3,10073,37.6554406866,126.6822898272,,171899.581064739,461501.531645164,,000
미소동물 의료센터,20241230,0000,정상,,031-8049-9600,74.43,10113,"경기도 김포시 유현로 242, 2층 205호 (풍무동)",경기도 김포시 풍무동 1002,10113,37.6118863089,126.7315432132,,176230.029441259,456650.526493252,,000
김포24시힐동물의료센터,20250226,0000,정상,,,,10090,"경기도 김포시 김포한강2로 11, 113동 2층 201~203호 (장기동, 수정마을 쌍용예가아파트)",경기도 김포시 장기동 2004-4 수정마을 쌍용예가아파트,10090,37.6408635591,126.6805907781,,171753.894748616,460035.056751384,,000
FM동물영상의학센터,20250404,0000,정상,,031-982-7587,0,10079,"경기도 김포시 김포한강1로78번길 5, 김포한강장기빌딩 5층 (장기동)",경기도 김포시 장기동 1366,10079,37.6449730333,126.6701966535,,170825.878063501,460339.308281825,,000
"온심동물병원 심장,내과 클리닉",20251226,0000,정상,,031-985-7075,,10071,"경기도 김포시 김포한강4로 521, 한강메디플라자 201호 (구래동)",경기도 김포시 구래동 6880-5 한강메디플라자,10071,37.6458444628,126.6261155061,,166936.831918612,460452.342591637,,000
클리어동물의료센터,20260119,0000,정상,,031-8049-7585,0,10066,"경기도 김포시 김포한강4로 487, 상가동 2층 2083호 (구래동, 한강신도시 반도유보라 4차)",경기도 김포시 구래동 6886-6 한강신도시 반도유보라 4차,10066,37.645986513,126.6294804128,,167285.39175785,460502.685587242,,000
성심동물병원,19900130,0000,정상,,,0,11028,경기도 연천군 전곡읍 전곡역로 47,경기도 연천군 전곡읍 전곡리 302-27 2통17반,11028,38.0236410178,127.0681977537,,205916.891109553,502320.135111419,,000
한주동물병원,20120910,0000,정상,,,80,11027,경기도 연천군 전곡읍 양연로 1597,경기도 연천군 전곡읍 전곡리 289-32,11027,38.0220568931,127.0663271716,,205753.014478727,502126.740361894,,000
사랑동물병원,20151218,0000,정상,,,30,11034,경기도 연천군 전곡읍 전곡로 140,경기도 연천군 전곡읍 전곡리 468-24,11034,38.0247260831,127.069159843,,206002.289622469,502441.889221535,,000
혜성동물병원,20180615,0000,정상,,031-833-1722,85.66,11023,경기도 연천군 청산면 학담로 93-2,경기도 연천군 청산면 초성리 214-3,11023,37.9976075547,127.0719153242,,206245.726023441,499429.57756525,,000
행신동물의료센터,20210628,0000,정상,,031-944-7587,223.44,10518,"경기도 고양시 덕양구 충장로 122, 블레스타운 2층 205호 (행신동)",경기도 고양시 덕양구 행신동 999-2 블레스타운,10518,37.6235052997,126.834000425,,185274.489902666,457918.732714533,,000
메리알동물병원,20210702,0000,정상,,,,10523,"경기도 고양시 덕양구 무원로6번길 20, M-타워 503-2호 (행신동)",경기도 고양시 덕양구 행신동 707-3 M-타워,10523,37.613426731,126.833705087,,185248.088447055,456800.931082246,,000
더힐링동물병원,20210707,0000,정상,,02-712-7582,,10576,"경기도 고양시 덕양구 오금1로 143, 자이더빌리지 상가 204호 (오금동)",경기도 고양시 덕양구 오금동 663-1,10576,37.6601067159,126.908082011,,191818.934039121,461971.403666674,,000
하이반려동물행동클리닉,20210906,0000,정상,,031-966-1210,,10558,"경기도 고양시 덕양구 권율대로 690, 삼송2차원흥역동원로얄듀크비스타 202동 2층 1호 (원흥동)",경기도 고양시 덕양구 원흥동 635,10558,37.6507331861,126.8749414972,,188926.045538146,460940.677607166,,000
아이편한 동물의료센터,20211021,0000,정상,,031-970-8875,147.1,10526,"경기도 고양시 덕양구 충장로 14, 글로리아프라자  2층 201호 (행신동)",경기도 고양시 덕양구 행신동 762,10526,37.6140350057,126.8344814671,,185316.562388048,456868.289991954,,000
닥터서동물심장병원,20220504,0000,정상,,031-994-7953,209.77,10394,"경기도 고양시 일산동구 태극로 11, 일산 한류월드 유보라 더 스마트 234,235,236호 (장항동)",경기도 고양시 일산동구 장항동 1758-1 일산 한류월드 유보라 더 스마트,10394,37.6635042264,126.7510116068,,177997.524143115,462337.940572527,,000
에드워드동물병원,20220718,0000,정상,,031-962-0926,99,10324,"경기도 고양시 일산동구 위시티로 24, 101호 (식사동)",경기도 고양시 일산동구 식사동 1582-4,10324,37.6749215504,126.8081626599,,183010.449303417,463628.682529205,,000
해랑동물병원,20220829,0000,정상,,031-811-8991,275.01,10506,"경기도 고양시 덕양구 토당로 115, 금호프라자 101호 (토당동)",경기도 고양시 덕양구 토당동 282-23 금호프라자,10506,37.6254989841,126.8169615534,,183778.634287111,458154.129982535,,000
지축오투동물의료센터,20220916,0000,정상,,02-381-0275,70.28,10585,"경기도 고양시 덕양구 지축로 86, 207~208호 (지축동)",경기도 고양시 덕양구 지축동 0,10585,37.64878743,126.9174219266,,,,,000
중산동물메디컬센터,20220921,0000,정상,,031-976-8939,227,10340,"경기도 고양시 일산서구 고봉로 299, 1,2층 (일산동)",경기도 고양시 일산서구 일산동 555-9,10340,37.6858946979,126.7772800655,,180284.985178722,464853.379037857,,000
해온동물의료센터,20221208,0000,정상,,031-975-7580,136.41,10355,"경기도 고양시 일산동구 고양대로 762, 하늘빌딩 104호 (중산동)",경기도 고양시 일산동구 중산동 1688,10355,37.6818795509,126.781004791,,180597.587643605,464407.466890319,,000
정창수외과동물병원,20230208,0000,정상,,031-911-7577,255.27,10380,"경기도 고양시 일산서구 중앙로 1547, KINTEX ZONE 203,204호 (대화동)",경기도 고양시 일산서구 대화동 2239 KINTEX ZONE,10380,37.674797493,126.7495486697,,177837.471764641,463631.424521537,,000
펫스티벌 동물병원,20170926,0000,정상,,070-4337-5967,0,10319,경기도 고양시 일산동구 고양대로 885 (풍동),경기도 고양시 일산동구 풍동 660-3,10319,37.6789448362,126.7935302164,,181734.433427662,464096.590166562,,000
대심동물병원,20190624,0000,정상,,031-962-1588,0,10287,"경기도 고양시 덕양구 통일로 753, 도광빌딩 1층 3호 (관산동)",경기도 고양시 덕양구 관산동 185 도광빌딩,10287,37.6871028144,126.8666972136,,188178.643264555,464969.096093174,,000
센트럴동물병원,20191203,0000,정상,,031-967-8275,,10477,"경기도 고양시 덕양구 은빛로 45, 화정꽃무리조합프라자 202호 (화정동)",경기도 고양시 덕양구 화정동 909-3 화정꽃무리조합프라자 202호,10477,37.6381103365,126.8330200085,,185182.791966905,459542.249296696,,000
24시 라인동물의료센터,20200311,0000,정상,,02-381-2475,860.69,10591,"경기도 고양시 덕양구 동송로 70, 힐스테이트 삼송역 221,227~231호 (삼송동)",경기도 고양시 덕양구 삼송동 291 힐스테이트 삼송역,10591,37.6524252132,126.8969766222,,190815.458049782,461119.342314115,,000
더바름동물병원,20200407,0000,정상,,02-6953-7515,0,10546,"경기도 고양시 덕양구 향기로 56, 스카이타워 1층 101호 (향동동)",경기도 고양시 덕양구 향동동 563,10546,37.5949852486,126.8921164431,,190408.596224851,454741.986219537,,000
샐리동물병원,19960816,0000,정상,,,58,14725,경기도 부천시 소사구 경인로138번길 9 (송내동),경기도 부천시 소사구 송내동 578-4,14725,37.4836708356,126.7713602646,,179708.119544542,442418.596471194,,000
서울대공원 동물병원,20100316,0000,정상,,02-500-7770,1336,13829,"경기도 과천시 대공원광장로 102, 서울대공원 (막계동)",경기도 과천시 막계동 159-1 서울대공원,13829,37.4364431708,127.0141028429,,201189.359741209,437091.61394503,,O00
슈르+ 동물병원,20110719,0000,정상,,,51.47,13838,"경기도 과천시 별양상가2로 35, 3동 2층 218,219,220호 (별양동)",경기도 과천시 별양동 91 3동,13838,37.4253889761,126.9918525646,,199267.409865018,435854.254493838,,000
꾸러기동물병원,20160104,0000,정상,,02-502-7509,27,13837,"경기도 과천시 별양상가2로 20, 124호 (별양동, 새서울쇼핑)",경기도 과천시 별양동 1-18,13837,37.4268251693,126.992554906,,199271.515,436077.66,,000
구자동동물병원,20180724,0000,정상,,02-504-7588,24.2,13837,"경기도 과천시 별양상가1로 38, 백두빌딩 1층 110호 (별양동)",경기도 과천시 별양동 1-7 백두빌딩,13837,37.4281635182,126.9935631022,,199359.55,436226.12,,000
명성동물병원,20201007,0000,정상,,,53.09,13820,"경기도 과천시 삼부골로 26, GT Motors 1층 (주암동)",경기도 과천시 주암동 439 GT Motors,13820,37.4469245702,127.0225819335,,201928.279327517,438305.759819239,,000
삼포동물병원,20201016,0000,정상,,02-509-1944,0,13822,"경기도 과천시 경마공원대로 107, 한국마사회 (주암동)",경기도 과천시 주암동 685 한국마사회,13822,37.4459244357,127.0116448222,,201414.290510998,438412.741689539,,000
봄앤동물병원,20210204,0000,정상,,02-2038-7718,0,13832,"경기도 과천시 별양로 164, 상가동 2층 205호 (부림동, 과천센트럴파크푸르지오써밋)",경기도 과천시 부림동 49 과천센트럴파크푸르지오써밋 상가동 205호,13832,37.4314166511,126.9997239505,,199955.805849567,436639.068934628,,000
과천우주동물병원,20220223,0000,정상,,02-6949-0883,43.2,13839,경기도 과천시 별양로 39(원문동),경기도 과천시 원문동 10 과천위버필드근린생활시설 1동 101호,13839,37.4228024625,126.9919491565,,199091.900989804,435651.977842872,,000
여기로양한방동물병원,20241027,0000,정상,,02-2088-3388,,13824,"경기도 과천시 과천대로2길 6, 과천 테라스 원 308,309,310호 (갈현동)","경기도 과천시 갈현동 79-1 과천 테라스 원 308,309,310호",13824,37.407183193,126.9798513,,198130.045581293,433997.521428805,,000
ABC 동물의료센터,20241108,0000,정상,,02-2138-0575,0,13837,"경기도 과천시 별양상가3로 14, e편한세상 시티 과천 1층 112, 113, 114호 (별양동)",경기도 과천시 별양동 1-22 e편한세상 시티 과천 112호,13837,37.4257832336,126.9913073948,,199159.234715503,435964.704390001,,000
시티종합동물병원,19970203,0000,정상,,031-555-7588,50,,경기도 구리시 이문안로 15 (교문동),경기도 구리시 교문동 764-10,11936,37.5920862044,127.1329811779,,211675.69729216,454429.882167567,,000
건국동물병원,19990525,0000,정상,,,46.38,11936,경기도 구리시 이문안로 27 (교문동),경기도 구리시 교문동 765 대명상가 107호,11936,37.5923333973,127.1342146495,,211740.338307361,454512.872661898,,000
아마존동물병원,20000923,0000,정상,,031-564-0075,80,11952,경기도 구리시 경춘로 128 (교문동),경기도 구리시 교문동 270-2,11952,37.6006380038,127.1294612766,,211372.411466055,455374.467580902,,000
토평동물병원,20020528,0000,정상,,031-566-5800,0,11948,"경기도 구리시 장자대로 80, 2층 (수택동)",경기도 구리시 수택동 874-3,11948,37.5872837887,127.139404303,,212242.919331725,453896.555480067,,000
래플즈 동물병원,20050530,0000,정상,,031-563-7582,135.53,11918,경기도 구리시 동구릉로 120 (인창동),경기도 구리시 인창동 408-28,11918,37.6098009259,127.1369502982,,212024.477144164,456397.139086741,,000
가람동물병원,20060623,0000,정상,,031-558-7582,745,,경기도 구리시 건원대로 41 (인창동),경기도 구리시 인창동 346-40,11918,37.6047348276,127.139716605,,212265.095974698,455832.418402611,,000
내친구동물병원,20091221,0000,정상,,031-568-0075,36.5,,경기도 구리시 이문안로 105 (수택동),경기도 구리시 수택동 660-7,11941,37.5918292421,127.1432449876,,212580.928921083,454401.336493056,,000
오블리 동물병원,20110124,0000,정상,,031-568-8275,63,,"경기도 구리시 이문안로 138 (토평동,우신빌딩 1층)",경기도 구리시 토평동 965 우신빌딩 1층,11946,37.5909381287,127.146647396,,212882.559146331,454300.733707742,,000
소노펫 동물병원,20200708,0000,정상,,031-927-5140,0,10394,"경기도 고양시 일산동구 태극로 18, 소노캄고양웨스트타워 2층 (장항동)",경기도 고양시 일산동구 장항동 1755 소노캄고양웨스트타워,10394,37.6625616531,126.7501934137,,177899.003115642,462275.537979953,,L00
웰니스동물병원 스타필드 고양,20201223,0000,정상,,031-5173-1487,,10595,"경기도 고양시 덕양구 고양대로 1955, 스타필드 고양 1층 1100호 (동산동)",경기도 고양시 덕양구 동산동 370 스타필드 고양 1100호,10595,37.6470962619,126.8948092677,,190645.314309928,460528.947974088,,000
서울하은동물병원,20210304,0000,정상,,02-6951-0275,0,10545,"경기도 고양시 덕양구 꽃내음1길 128, 101호 (향동동)",경기도 고양시 덕양구 향동동 489-11,10545,37.5998956551,126.8900033897,,190218.306956764,455291.086998029,,000
새로이동물병원,20221101,0000,정상,,031-907-7579,56.94,10449,"경기도 고양시 일산동구 호수로 340-25, 동문굿모닝힐II 110,111호 (백석동)",경기도 고양시 일산동구 백석동 1320 동문굿모닝힐II,10449,37.6388182315,126.7875971678,,181196.280524901,459636.807109425,,000
온하루 동물의료센터,20231013,0000,정상,,,205,16930,"경기도 용인시 수지구 만현로 88, 상현종합상가 상가동 2층 203,204호 (상현동)","경기도 용인시 수지구 상현동 66-9 상현종합상가 상가동 2층 203,204호",16930,37.3088716507,127.0852850661,,207486.780775167,422987.4803328,,000
늘봄동물병원,20240327,0000,정상,,031-265-7579,67,16828,"경기도 용인시 수지구 수풍로 112, 1층 (풍덕천동)",경기도 용인시 수지구 풍덕천동 660,16828,37.3336442295,127.0937845579,,208241.856372636,425741.536371651,,000
우리집앞동물병원,20240327,0000,정상,,031-272-7582,44.46,16876,"경기도 용인시 수지구 현암로 157, 한솔프라자 1층 2호 (죽전동)",경기도 용인시 수지구 죽전동 1188-3 한솔프라자,16876,37.3318965835,127.1269472958,,211180.613553155,425550.732049177,,000
아침동물병원,20240528,0000,정상,,031-8019-5575,103,16806,"경기도 용인시 수지구 성복2로 238, 1층 (성복동)",경기도 용인시 수지구 성복동 409-12,16806,37.3197555131,127.0614223998,,205373.419523379,424193.154832274,,000
으뜸원동물병원,20241010,0000,정상,,031-898-4750,175.48,16826,"경기도 용인시 수지구 수지로 475, 경성렌트카 1층 (동천동)",경기도 용인시 수지구 동천동 361-1 1층,16826,37.3393898232,127.0975242336,,208569.543964087,426379.141896872,,000
여울동물병원,20250312,0000,정상,,031-262-0408,47.38,16811,"경기도 용인시 수지구 신봉3로7번길 31, 1층 12호 (신봉동, 수지스카이뷰푸르지오)",경기도 용인시 수지구 신봉동 1034 수지스카이뷰푸르지오 112호,16811,37.3265377904,127.069837202,,206132.35241711,424941.138125341,,000
다나은동물의료센터,20250715,0000,정상,,,90.7,16880,"경기도 용인시 수지구 현암로 136, 세종프라자 101호 (죽전동)",경기도 용인시 수지구 죽전동 1191-1 세종프라자 101호,16880,37.3315099716,127.1244093832,,210956.34433362,425506.249422966,,000
탑스동물의료센터,20250901,0000,정상,,031-526-7077,188.91,16848,"경기도 용인시 수지구 성복2로 58, 영진빌딩 1층 (성복동)",경기도 용인시 수지구 성복동 76 영진빌딩,16848,37.3143582792,127.0793751674,,206968.127664857,423600.338656494,,000
소리동물의료센터,20251230,0000,정상,,,171.61,16868,"경기도 용인시 수지구 용구대로 2702, 동춘프라자 4층 (죽전동)",경기도 용인시 수지구 죽전동 1003-112 동춘프라자 4층,16868,37.3267375398,127.1092290234,,209612.551828248,424989.157346713,,000
고려동물병원,19750829,0000,정상,,031-941-2422,39.6,10926,"경기도 파주시 새꽃로 62, 베스트프라자 1층 112호 (금촌동)",경기도 파주시 금촌동 237-1,10926,37.7555869861,126.7689399798,,179569.724366396,472580.265825203,,000
금촌종합동물병원,19761119,0000,정상,,031-941-7777,0,10930,경기도 파주시 아동로 11-1 (금촌동),경기도 파주시 금촌동 42-5 17통9반,10930,37.7644981512,126.7757892133,,180177.562578302,473572.286745588,,000
파주유우진료소(산업동물에 대한 출장진료를 전문으로 함),19781023,0000,정상,,031-941-3030,0,10937,경기도 파주시 조리읍 봉천로 11,경기도 파주시 조리읍 봉일천리 139-14,10937,37.7421890035,126.8100567259,,183182.042488446,471117.808080578,,000
푸른동물병원,19960517,0000,정상,,,0,10930,"경기도 파주시 중앙로 280, 17호 (아동동, 장안초원아파트)",경기도 파주시 아동동 329-6 장안초원아파트상가 17호,10930,37.7612727523,126.7774668385,,180294.908565426,473213.156137351,,000
한국동물병원(산업동물에 대한 출장진료를 전문으로 함),20000918,0000,정상,,,0,10845,경기도 파주시 월롱면 엘지로 245,경기도 파주시 월롱면 덕은리 1239,10845,37.8098859526,126.7740169561,,179032.627208376,478868.080217206,,000
다시봄동물의료센터,20250910,0000,정상,,02-6954-7975,190.12,14316,"경기도 광명시 소하로109번길 13-8, 광장프라자 2층 (소하동)",경기도 광명시 소하동 1338-3 광장프라자,14316,37.4472958033,126.8845292114,,189712.143101878,438354.930774797,,000
정동물병원,19840119,0000,정상,,031-681-2406,0,17936,"경기도 평택시 안중읍 안중로 94, 105동 (평창빌딩)",경기도 평택시 안중읍 안중리 253-9,17936,36.988499113,126.9268786797,,193434.902464935,387434.553103312,,000
오암동물병원,19831027,0000,정상,,031-682-2470,0,,경기도 평택시 안중읍 안중로99번길 13-1,경기도 평택시 안중읍 안중리 245-17,17933,36.98990817,126.9274636867,,193467.398374431,387590.508232604,,000
심재훈동물병원,19910426,0000,정상,,,0,17757,경기도 평택시 탄현로 310-1 (지산동),경기도 평택시 지산동 766-4,17757,37.0800936959,127.0551900628,,204843.240912814,397593.301826704,,000
건국동물병원 (출장진료 전문),19920129,0000,정상,,,0,17792,경기도 평택시 청북읍 율북로 13,경기도 평택시 청북읍 어연리 108-1,17791,37.0519619812,126.9822968729,,198358.236515497,394471.684790553,,000
한호동물병원,19930211,0000,정상,,031-611-5736,0,17780,"경기도 평택시 송탄로 200, 1층 (서정동)",경기도 평택시 서정동 908-4,17780,37.0616272868,127.0586160492,,205143.430277311,395549.83346136,,000
제갈동물병원 (출장진료 전문),19940416,0000,정상,,,0,17792,경기도 평택시 청북면 율북로 13,경기도 평택시 청북면 어연리 108-1,17791,37.0519619812,126.9822968729,,198358.236515497,394471.684790553,,000
보람동물병원,19941128,0000,정상,,031-668-9935,0,17789,경기도 평택시 고덕면 동청1길 35,경기도 평택시 고덕면 동청리 25-8,17789,37.0550207853,127.0062546237,,200505.402579183,394811.616715169,,000
맥동물병원,19980625,0000,정상,,,0,17911,경기도 평택시 평택로 80 (평택동),경기도 평택시 평택동 71-6,17911,36.9940606329,127.0848879819,,207485.199945156,388052.940776789,,000
이모란동물병원,19981215,0000,정상,,,0,17917,"경기도 평택시 평택로 17, 1층 104호 (평택동, 롯데인벤스 스카이)",경기도 평택시 평택동 316 롯데인벤스 스카이 104호,17917,36.9883676655,127.0886609018,,207845.655247883,387444.196115272,,000
필립동물병원,19990527,0000,정상,,,0,17762,경기도 평택시 지산로 34 (지산동),경기도 평택시 지산동 777,17762,37.0789619415,127.0586843386,,205148.387909878,397470.126257405,,000
믿음동물병원(출장진료 전문),19991206,0000,정상,,,0,,경기도 평택시 문화촌로11번길 51-11 (비전동),경기도 평택시 비전동 866-11,17871,36.9976531503,127.1129873196,,209985.536,388454.625,,000
PET25시동물병원,20030517,0000,정상,,,0,,경기도 평택시 평택로 69 (평택동),경기도 평택시 평택동 59-39,17918,36.9930614312,127.0852867381,,207516.742035408,387938.685850562,,000
김대일동물병원,20040315,0000,정상,,031-665-7585,0,17781,"경기도 평택시 서정역로36번길 98, 1층 (이충동)",경기도 평택시 이충동 436-7,17781,37.0575089792,127.0613730145,,205377.044097195,395073.325172211,,000
펫필드동물병원,20040913,0000,정상,,031-656-8575,0,,경기도 평택시 평택5로114번길 54 (비전동),경기도 평택시 비전동 831-5,17885,36.9949017569,127.1123719256,,209931.290169039,388148.021681245,,000
현화동물병원,20050510,0000,정상,,,57.47,,경기도 평택시 안중읍 안현로서6길 38,경기도 평택시 안중읍 현화리 45,17936,36.9848038042,126.9251310211,,193264.914043534,387025.577477067,,000
푸른동물종합병원,20021101,0000,정상,,031-404-7588,54.4,14916,"경기도 시흥시 은행로 130, 102호 (은행동)",경기도 시흥시 은행동 539-7 40통5반 102호,14916,37.4427062854,126.8000192604,,182228.035061262,437845.224968691,,000
배곧동물병원,20021226,0000,정상,,031-503-6611,88.4,15010,"경기도 시흥시 배곧3로 96, 131호 (정왕동, M-플러스)",경기도 시흥시 정왕동 2514 131호,15011,37.3697764139,126.7302927867,,176020.267577341,429797.394821987,,000
참누리동물병원,20031021,0000,정상,,031-318-3375,0,14914,"경기도 시흥시 대은로 81, 102호, 201호 (대야동, 모비딕빌딩)","경기도 시흥시 대야동 모비딕빌딩  102호,201호",14914,37.4447000348,126.7972761971,,181992.191375186,438080.194127793,,000
닥터원동물병원,20040510,0000,정상,,031-432-6991,60.34,15011,"경기도 시흥시 서울대학로278번길 19-13, 108동 B-134호 (배곧동, 시흥배곧 C1 호반 써밋플레이스)",경기도 시흥시 배곧동 191 시흥배곧 C1 호반 써밋플레이스,15011,37.3711662538,126.7277939416,,175778.500048456,429887.847826116,,000
시화종합동물병원,20041206,0000,정상,,031-507-0082,85.84,,"경기도 시흥시 정왕대로 64 (정왕동,메가쇼핑몰(108,109호))","경기도 시흥시 정왕동 1861-2 메가쇼핑몰(108,109호)",15040,37.3542557561,126.7235297297,,175417.656719379,428065.936335703,,000
거부기 동물병원,20100308,0000,정상,,,0,10364,"경기도 고양시 일산동구 무궁화로 11, 한라밀라트 B동 113호 (장항동)",경기도 고양시 일산동구 장항동 742-1 한라밀라트 B동 113호,10364,37.6618944881,126.7659256092,,179292.356507914,462204.753197046,,000
벳케어 동물병원,20100428,0000,정상,,,0,10209,경기도 고양시 일산서구 가좌3로 27 (가좌동),경기도 고양시 일산서구 가좌동 390-8,10209,37.6871832352,126.7192552209,,175167.377073235,465009.589545979,,000
헬릭스동물메디컬센터,20100524,0000,정상,,031-978-7575,451.19,10532,경기도 고양시 덕양구 중앙로 439 (행신동),"경기도 고양시 덕양구 행신동 1086 서정프라자 1층, 2층",10532,37.6175351014,126.8462912478,,186358.445846762,457257.532079513,,000
토론토 동물병원,20100810,0000,정상,,,80,10370,경기도 고양시 일산서구 대산로212번길 8-12 (대화동),경기도 고양시 일산서구 대화동 2119-4,10370,37.6782266204,126.7558873491,,178398.286754325,464008.424241791,,000
수 동물병원,20101008,0000,정상,,031-900-8875,0,10401,"경기도 고양시 일산동구 호수로 662, 삼성라끄빌 101호 (장항동)",경기도 고양시 일산동구 장항동 751 삼성라끄빌,10401,37.6607585379,126.7658801073,,179257.261374439,462085.127524612,,000
애니웰 동물병원,20110125,0000,정상,,,0,10449,"경기도 고양시 일산동구 장백로 13, 성우아뜨리움오피스텔 110호 (백석동)",경기도 고양시 일산동구 백석동 1314 성우아뜨리움오피스텔 110호,10449,37.6396978726,126.7899803293,,181390.508325766,459748.488484544,,000
탄현 동물병원,20110126,0000,정상,,,0,10241,"경기도 고양시 일산서구 일현로 125, 107호 (탄현동)",경기도 고양시 일산서구 탄현동 132-82 107호,10241,37.6982687621,126.7654423101,,179249.102938853,466221.280931787,,000
위시티 동물병원,20110408,0000,정상,,031-969-9369,0,,,경기도 고양시 일산동구 식사동 344 자이주상복합아파트 상가 B동 211-1호,10324,,,,,,,000
봄꽃동물병원,20110901,0000,정상,,031-912-9465,33,10446,경기도 고양시 일산동구 강송로87번길 8-10 (백석동),경기도 고양시 일산동구 백석동 1244-3,10446,37.6477188776,126.7883509947,,181252.81,460612.855,,000
Helix ADI Center : 헬릭스 영상진단센터,20121121,0000,정상,,031-978-7575,130,10532,"경기도 고양시 덕양구 중앙로 439, 2층 205~6호 (행신동)",경기도 고양시 덕양구 행신동 1086 205~6호,10532,37.6175351014,126.8462912478,,186358.445846762,457257.532079513,,000
고양동물병원,20130313,0000,정상,,031-964-7599,0,10275,"경기도 고양시 덕양구 혜음로 8, 삼라마이다스프라자 113, 114호 (고양동)",경기도 고양시 덕양구 고양동 243 삼라마이다스프라자,10275,37.7010764859,126.9018235658,,191272.237926127,466525.081543565,,000
일산스마트동물메디컬센터,20130704,0000,정상,,031-913-8820,171.34,10401,"경기도 고양시 일산동구 무궁화로 32-12, 라페스타E 208, 209호 (장항동)","경기도 고양시 일산동구 장항동 763 라페스타E 208, 209호",10401,37.6621060125,126.7680550338,,179444.375045271,462243.31266478,,000
신원당동물의료센터,20131004,0000,정상,,,0,10464,"경기도 고양시 덕양구 호국로790번길 88, 덕산빌딩 1, 2층 (성사동)","경기도 고양시 덕양구 성사동 706-4 덕산빌딩 1, 2층",10464,37.6544568764,126.8404013748,,185847.301970352,461353.37237947,,000
일산시티 동물의료센터,20131219,0000,정상,,031-932-0085,300,10401,"경기도 고양시 일산동구 무궁화로 8-28, 삼성메르헨하우스 102-2,103호 (장항동)",경기도 고양시 일산동구 장항동 752 삼성메르헨하우스,10401,37.6601492727,126.76646432,,179323.493409099,461999.535266359,,000
통일로 동물병원,20140421,0000,정상,,070-7720-4934,0,10285,경기도 고양시 덕양구 통일로 730 (관산동),경기도 고양시 덕양구 관산동 163-16,10285,37.6879281913,126.8693441756,,188408.759321739,465060.588027904,,000
서울프라임 동물병원,20140430,0000,정상,,031-970-0075,,10503,경기도 고양시 덕양구 중앙로 628 (화정동),경기도 고양시 덕양구 화정동 1148-1번지,10503,37.6275324506,126.8289101559,,184828.924719815,458367.087617797,,000
(주)에니멀클리닉컨설팅(출장진료전문병원),20130820,0000,정상,,031-233-2836,46,16967,경기도 용인시 기흥구 신갈로 85 (신갈동),경기도 용인시 기흥구 신갈동 38-5 17통3반,16967,37.2742911754,127.1054847526,,209286.071286772,419153.769159212,,000
구성동물병원,20140321,0000,정상,,031-275-7579,17.74,16908,"경기도 용인시 기흥구 연원로 1, 101호 (마북동, 연원마을LG아파트상가)",경기도 용인시 기흥구 마북동 526-3,16908,37.3009857386,127.1067783682,,209489.759976847,422183.362595046,,000
제일종합동물병원,20140526,0000,정상,,031-274-3575,63.62,16979,"경기도 용인시 기흥구 강남동로 15, 103호 (구갈동)",경기도 용인시 기흥구 구갈동 589 103호,16979,37.2712397696,127.1291303906,,211385.205640712,418818.433466908,,000
박한준종합동물병원,20050628,0000,정상,,031-315-7582,82.37,14909,경기도 시흥시 복지로 47 (대야동),경기도 시흥시 대야동 490-2,14909,37.4438221596,126.7891449539,,181266.089586862,437987.885439946,,000
굿모닝동물병원,20061117,0000,정상,,031-508-0555,76.59,15068,경기도 시흥시 군자로 511 (거모동),경기도 시흥시 거모동 1757-7,15068,37.3444775477,126.7852843459,,180905.305188228,426959.715302146,,000
이지 동물병원,20100507,0000,정상,,031-314-7975,112,,경기도 시흥시 비둘기공원로 21 (대야동),경기도 시흥시 대야동 562-5,14908,37.4439484989,126.7921734489,,181546.832263878,438000.766205583,,000
애니온동물병원,20140917,0000,정상,,031-499-7991,160.59,15036,"경기도 시흥시 군자천로 335, 2층 201,202호 (정왕동)",경기도 시흥시 정왕동 1729-2,15036,37.3467024328,126.7346154408,,176413.201198838,427217.488643418,,000
펫츠나라 동물병원,20150331,0000,정상,,031-314-0706,22.86,14910,"경기도 시흥시 수인로 3376-1, 1층 (신천동)",경기도 시흥시 신천동 712-6 1층,14910,37.4412846629,126.7838897999,,180804.91720934,437704.197630953,,000
24시위드동물병원(정왕동동물의료센터),20150925,0000,정상,,031-488-8075,50.6,15066,"경기도 시흥시 정왕대로 230, 1층 107호 (정왕동, 제일프라자)",경기도 시흥시 정왕동 1734-7 제일프라자 107호,15066,37.3449788088,126.7384940896,,176756.587046982,427023.699054553,,000
트레벨동물병원,20040818,0000,정상,,,67.95,12960,경기도 하남시 하남대로 763 (신장동),경기도 하남시 신장동 455-1 1층,12960,37.5389273849,127.2120356658,,218667.739087652,448540.961730609,,000
강남애니동물병원,20110412,0000,정상,,031-795-0903,160.25,12940,경기도 하남시 신평로 168 (신장동),경기도 하남시 신장동 315-2,12940,37.5471372894,127.2114380581,,218616.043698452,449450.476752812,,000
고려동물병원,20130821,0000,정상,,1577-9291,82.22,12940,"경기도 하남시 신평로168번길 56, K 빌딩 1층 103호 (신장동)","경기도 하남시 신장동 231-1 K 빌딩, 1층 103호",12940,37.5465050904,127.2146328691,,218899.099233674,449383.55554441,,000
사랑동물병원,20140730,0000,정상,,,33,12957,"경기도 하남시 하남대로 809, 1층 (신장동, 경림빌딩)",경기도 하남시 신장동 424-2 경림빌딩 1층,12957,37.5410617757,127.2076241128,,218276.461456428,448764.598193697,,000
누리동물병원,20150806,0000,정상,,,53.2,12953,"경기도 하남시 대청로 50-1, 상가동 1층 101호 (신장동, 백송한신아파트)",경기도 하남시 신장동 528-5,12953,37.540401859,127.2179501214,,219175.755028722,448605.705315972,,000
하남숲동물병원,20160810,0000,정상,,070-4624-0075,0,12971,"경기도 하남시 신장로 202, 1층 (덕풍동)",경기도 하남시 덕풍동 340-28,12971,37.5431581852,127.1989561517,,217512.565933713,449011.414025842,,000
미사동물병원,20161202,0000,정상,,031-796-7179,0,12913,"경기도 하남시 미사강변중앙로 223, 203호 (망월동)",경기도 하남시 망월동 1077 203호,12913,37.5665930348,127.1883876196,,216570.746846525,451607.679537644,,000
미사숲동물의료센터,20170119,0000,정상,,031-791-7579,128.6,12909,"경기도 하남시 미사강변대로 222, 2층 202호 (망월동, 미사중앙프라자)",경기도 하남시 망월동 966,12909,37.5694933596,127.1842309725,,216205.094485918,451928.707292936,,000
미사마이펫,20170125,0000,정상,,031-795-7590,64.5,12903,"경기도 하남시 미사강변한강로158번길 56, 1층 102호 (망월동)",경기도 하남시 망월동 843-16,12903,37.5752221642,127.1895973953,,216676.699181135,452561.776563502,,000
미사늘봄동물병원,20170414,0000,정상,,031-793-8875,265,12908,"경기도 하남시 미사강변북로30번길 104, 1층 (망월동)",경기도 하남시 망월동 997-1,12908,37.568582216,127.1839404,,216178.345519712,451825.514864141,,000
페테리안동물병원,20171016,0000,정상,,031-791-0306,0,12909,"경기도 하남시 미사강변대로226번길 48, A+구산프라자 202호 (망월동)",경기도 하남시 망월동 974 A+구산프라자 202호,12909,37.5696509983,127.1858836066,,216349.813341714,451960.872010864,,000
하남플러스 동물병원,20180123,0000,정상,,031-792-8575,112.65,12949,"경기도 하남시 하남대로 792-1, 소원빌딩 1층 (신장동)",경기도 하남시 신장동 565-8 소원빌딩,12949,37.5407057901,127.2094705972,,218443.487819398,448736.24420391,,000
미사서울동물병원,20180424,0000,정상,,031-795-6060,,12914,"경기도 하남시 미사강변남로 45, 골든브릿지 1동 211호 (망월동)",경기도 하남시 망월동 1067 골든브릿지,12914,37.5601526466,127.1866028387,,216415.268403984,450891.400433685,,000
에어벳동물병원,20140826,0000,정상,,031-281-0811,190.19,16959,"경기도 용인시 기흥구 새천년로16번길 3-2, 월드프라자 101,202호 (신갈동)",경기도 용인시 기흥구 신갈동 722 월드프라자,16959,37.2887775655,127.1112304954,,209792.931542017,420761.357122126,,000
보정동물병원,20140924,0000,정상,,031-898-3708,65.47,16903,"경기도 용인시 기흥구 보정로 32 (보정동, 지젤스포츠클럽)",경기도 용인시 기흥구 보정동 1277,16903,37.3140161364,127.1111118459,,209787.252955929,423563.214492078,,000
하은동물병원,20150310,0000,정상,,031-286-8999,0,17074,경기도 용인시 기흥구 민속촌로 43 (보라동),경기도 용인시 기흥구 보라동 407-1,17074,37.2552951313,127.1098351571,,209668.94054984,417046.728269254,,000
보라종합동물병원,20150428,0000,정상,,031-893-6119,0,17074,경기도 용인시 기흥구 민속촌로 8 (보라동),경기도 용인시 기흥구 보라동 413-6,17074,37.2549662381,127.1057885286,,209316.958557293,417010.299150419,,000
용인도담동물병원,20151230,0000,정상,,031-548-2526,0,17001,경기도 용인시 기흥구 평촌1로2번길 6 (동백동),경기도 용인시 기흥구 동백동 605-11,17001,37.2845642273,127.1535337122,,213545.075929367,420298.752447652,,000
유앤미동물병원,20160329,0000,정상,,031-235-0075,0,17108,"경기도 용인시 기흥구 서천로127번길 3-3, 105호 (서천동)",경기도 용인시 기흥구 서천동 814,17108,37.2368317294,127.0724895047,,206358.094104339,414990.634626765,,000
기흥동물병원,20161230,0000,정상,,031-287-9900,0,16918,"경기도 용인시 기흥구 구성로 111, 102호 (언남동, 채러티디벨로퍼(주))",경기도 용인시 기흥구 언남동 242-4 102호,16918,37.2933628028,127.1214738877,,210696.022462022,421283.214082481,,000
함께하는 동물병원,20170317,0000,정상,,031-275-6549,102,16911,"경기도 용인시 기흥구 마북로 164, A동 1층 1,2호 (마북동, 테라스가든A빌딩)",경기도 용인시 기흥구 마북동 182,16911,37.3039631961,127.1243094634,,210951.81305383,422446.8170224,,000
봄동물병원,20170414,0000,정상,,031-203-4727,0,17105,경기도 용인시 기흥구 서천서로12번길 4-8 (서천동),경기도 용인시 기흥구 서천동 730-2,17105,37.2405328785,127.0739906604,,206494.839371894,415403.690102072,,000
THE힘찬동물병원,20180426,0000,정상,,,0,16990,"경기도 용인시 기흥구 동백죽전대로527번길 98-6, 1층 (중동)",경기도 용인시 기흥구 중동 1108-1,16990,37.2814265124,127.1441287687,,212709.306823582,419948.986615138,,000
하트펫 동물병원,20180723,0000,정상,,,69.6,17084,"경기도 용인시 기흥구 탑실로 32, 1층 110, 111호 (공세동)",경기도 용인시 기흥구 공세동 734-3,17084,37.2388998036,127.1101789858,,209706.964320296,415231.301939371,,000
24시 쓰담쓰담 동물메디컬 센터,20181105,0000,정상,,,0,17064,"경기도 용인시 기흥구 중부대로 364, 2층 (신갈동)",경기도 용인시 기흥구 신갈동 69-7,17064,37.2712510721,127.1074744579,,209458.417382847,418814.940008458,,000
기흥나무동물병원,20190405,0000,정상,,,,16975,"경기도 용인시 기흥구 기흥로 12, 1층 (구갈동)",경기도 용인시 기흥구 구갈동 374-1 유성빌딩,16975,37.2772380427,127.1162417673,,210240.717482766,419481.600758717,,000
따스한 동물병원,20190521,0000,정상,,,,16914,"경기도 용인시 기흥구 구성로279번길 17, 1층 (청덕동)",경기도 용인시 기흥구 청덕동 528-1,16914,37.2910985314,127.141161161,,212446.876434541,421022.243583464,,000
24시 블레스동물메디컬센터,20190612,0000,정상,,031-546-0942,356.08,17006,"경기도 용인시 기흥구 동백3로11번길 9, 201호 (중동)",경기도 용인시 기흥구 중동 851-2,17006,37.2696803921,127.152925189,,213495.831963232,418649.684997473,,000
기흥로움동물병원,20190717,0000,정상,,,,17065,"경기도 용인시 기흥구 기흥역로 9, 1층 상가 128호 (구갈동, 기흥역 롯데캐슬 레이시티/주상복합)",경기도 용인시 기흥구 구갈동 227-32,17065,37.274900575,127.115362541,,210145.912268783,419178.708347552,,000
백현Se동물병원,20200806,0000,정상,,031-275-5275,0,17003,"경기도 용인시 기흥구 동백7로 73, 경안빌딩 104호 (동백동)",경기도 용인시 기흥구 동백동 598-8 경안빌딩 104호,17003,37.2820308224,127.1595805132,,214083.55988257,420017.166633213,,000
온 동물의료센터,20210405,0000,정상,,031-286-7582,0,16921,"경기도 용인시 기흥구 용구대로2394번길 2, 2층 201,202호 (마북동)",경기도 용인시 기흥구 마북동 524-1,16921,37.2998077073,127.10761947,,209477.003853006,421985.208931917,,000
튼튼동물의료센터,20180615,0000,정상,,031-792-5277,538.28,12912,"경기도 하남시 미사강변동로 82, 서건 미사 메트로타워 2,3층 201~211,311호 (망월동)","경기도 하남시 망월동 1131 서건 미사 메트로타워, 201~211,311호",12912,37.5624784251,127.1935793168,,217033.304762679,451151.466353678,,000
현대동물병원,20200330,0000,정상,,,0,12947,"경기도 하남시 대청로 33, 현대베스코아 6층 603호 (신장동)",경기도 하남시 신장동 523-1,12947,37.5411002724,127.2160118288,,219019.083032917,448782.644793748,,000
한결동물병원,20201116,0000,정상,,031-8027-8080,83.48,12913,"경기도 하남시 아리수로 570, 효성헤링턴타워더퍼스트 1층 1090, 1091호 (망월동)",경기도 하남시 망월동 1081 효성헤링턴타워더퍼스트,12913,37.5668146897,127.1904136102,,216753.071849967,451631.467982946,,000
유앤아이동물병원,20201231,0000,정상,,031-994-7582,0,12913,"경기도 하남시 미사강변남로 91, 르보아파크 Ⅱ 1층 119,120호 (망월동)","경기도 하남시 망월동 1119-1 르보아파크 Ⅱ,120호 119호",12913,37.5607527033,127.1919898944,,216875.004543151,450950.316066057,,000
데이동물의료센터,20210121,0000,정상,,,90.56,12913,"경기도 하남시 미사강변동로 121, 더랜드시티 1층 101,102호 (망월동)","경기도 하남시 망월동 1093-3 더랜드시티, 101호 102호",12913,37.5654111435,127.1913932251,,216839.902363113,451475.409238152,,000
나만 애 동물병원,20210506,0000,정상,,02-485-0512,0,13004,"경기도 하남시 감일백제로83번길 24, G골든프라자 2층 204호 (감이동)","경기도 하남시 감이동 526-1 G골든프라자, 2층 204호",13004,37.5043599985,127.1610061223,,214174.938189976,444703.524357572,,000
24시 와이즈 동물메디컬센터,20210806,0000,정상,,031-791-8253,317.07,12927,"경기도 하남시 덕풍동로 111-50, 트윈렉스2 2층 B-201,B-202,B-207,B-208호 (덕풍동)","경기도 하남시 덕풍동 742 트윈렉스2, B-201,B-202,B-207,B-208호",12927,37.5520518079,127.2086340681,,218366.202136734,449995.833612525,,000
마송동물병원,20151005,0000,정상,,,,10018,"경기도 김포시 통진읍 조강로 36, 104호",경기도 김포시 통진읍 서암리 714-43 104호,10018,37.6894911734,126.601604173,,164791.652630966,465305.95602394,,000
아이비동물병원,20160613,0000,정상,,031-986-7588,,10067,"경기도 김포시 김포한강7로22번길 174-152, 1층 (마산동)",경기도 김포시 마산동 626-8,10067,37.6433894497,126.6403695252,,168195.289728685,460175.920964847,,000
아띠동물병원,20160930,0000,정상,,031-985-6125,52.26,10083,"경기도 김포시 김포한강4로 113, 1층 106호 (장기동, 신한프라자)",경기도 김포시 장기동 1609 신한프라자 106호,10083,37.6439325991,126.6683606272,,170652.882151712,460238.765834813,,000
수호 동물병원,20160930,0000,정상,,031-986-7119,479.22,10097,"경기도 김포시 사우중로 89, 1층 (북변동, 명승프라자)",경기도 김포시 북변동 828 명승프라자,10097,37.6226613901,126.7211883721,,175316.37,457850.07,,000
동물병원 HADA,20170115,0000,정상,,031-8049-8875,116,10071,"경기도 김포시 김포한강8로 398, 204호 (구래동, 지오플러스)",경기도 김포시 구래동 6884-6번지 지오플러스 204호,10071,37.6432020884,126.6246956053,,166808.189992443,460158.456504123,,000
라움동물병원,20170303,0000,정상,,,78.21,10089,"경기도 김포시 태장로 820, 101호 (장기동, 엠프라자)",경기도 김포시 장기동 2080-2,10089,37.6368636324,126.6769851912,,171422.233814788,459441.250140905,,000
레오동물병원,20170703,0000,정상,,,142,10125,"경기도 김포시 고촌읍 김포대로 348, 1층",경기도 김포시 고촌읍 신곡리 1073,10125,37.6018934828,126.770344684,,179653.816153888,455535.506135352,,000
하임동물의료센터,20190311,0000,정상,,,170.95,10113,"경기도 김포시 양도로19번길 17, 2층 201호 (풍무동)",경기도 김포시 풍무동 207-2,10113,37.6083056781,126.7242951183,,,,,000
동행동물병원,20190403,0000,정상,,,202.26,10113,"경기도 김포시 양도로19번길 15, 2층 201,202호 (풍무동)",경기도 김포시 풍무동 209-2,10113,37.6080290398,126.7247171852,,,,,000
김포동물병원,20200116,0000,정상,,,49.5,10025,"경기도 김포시 월곶면 군하로 107-1, 104호",경기도 김포시 월곶면 갈산리 518-9,10025,37.7037243376,126.5601742395,,161148.383251088,466904.161382516,,000
천풍동물병원,20200225,0000,정상,,031-987-0411,182.2,10019,"경기도 김포시 통진읍 김포대로 2248, 1층 101호",경기도 김포시 통진읍 마송리 120-1,10019,37.6905257693,126.5966352318,,164362.684414923,465427.27445593,,000
김포씨엘동물의료센터,20200416,0000,정상,,,0,10073,"경기도 김포시 김포한강11로 328, 210,211,212호 (운양동)",경기도 김포시 운양동 1296-3,10073,37.6554990886,126.6855201589,,172182.734363653,461502.231964669,,000
비마 클리닉,20230313,0000,정상,,,0,10020,"경기도 김포시 월곶면 김포대학로 30, 1층 102호",경기도 김포시 월곶면 포내리 131-2,10020,37.7249883486,126.5403202772,,159416.661114418,469273.651488823,,000
한강동물메디컬센터,20230530,0000,정상,,,,10078,"경기도 김포시 모담공원로 131, 1층 (운양동)",경기도 김포시 운양동 1338-8,10078,37.650132814,126.6928904478,,172832.705967814,460905.5398963,,000
김포 동물병원 치료해주오,20230608,0000,정상,,,0,10064,"경기도 김포시 김포한강4로212번길 16, 1층 (장기동)",경기도 김포시 장기동 1870-28,10064,37.6497426331,126.660236047,,169945.475971443,460874.184201086,,L00
4u동물메디컬센타,20131128,0000,정상,,,226,15477,"경기도 안산시 단원구 광덕대로 142, 102호 (고잔동, 크리스탈빌딩)",경기도 안산시 단원구 고잔동 772-1 크리스탈빌딩 102호,15477,37.3090212846,126.830634338,,184915.885,423016.894999999,,000
삼성동물병원,20150204,0000,정상,,,0,15374,경기도 안산시 단원구 원선로 57 (원곡동),경기도 안산시 단원구 원곡동 826-11,15374,37.3297841139,126.7986640157,,182083.644265124,425330.453019512,,000
조이동물의료센터,20151215,0000,정상,,,225.49,15382,"경기도 안산시 단원구 화랑로 103, 라성프라자 C동 2층 201호 (원곡동)",경기도 안산시 단원구 원곡동 846-3 라성프라자,15382,37.3270474301,126.8007776003,,182294.985340242,425039.319016326,,000
우리펫동물병원,20160415,0000,정상,,,0,15402,"경기도 안산시 단원구 신길로 8, 1층 104-1호 (신길동)",경기도 안산시 단원구 신길동 1612 1층 104-1호,15402,37.330876179,126.786835487,,181037.727297625,425451.54445531,,000
닥터K동물병원,20160425,0000,정상,,,26,15448,"경기도 안산시 단원구 초지2로 67, 한미타워 110호 (초지동)",경기도 안산시 단원구 초지동 734-6 한미타워 110호,15448,37.3065580813,126.8160205265,,183620.266399898,422745.260810554,,000
24시 온누리동물메디컬센터,20160520,0000,정상,,,608.8,15358,경기도 안산시 단원구 광덕대로 251 (고잔동),경기도 안산시 단원구 고잔동 525-1,15358,37.3191665297,126.8298784937,,184842.521711239,424142.264802857,,000
도란도란동물병원,20160812,0000,정상,,,0,15581,경기도 안산시 상록구 용신로 266 (사동),경기도 안산시 상록구 사동 1201-3,15581,37.303010399,126.8519235635,,186802.16160443,422346.933205295,,000
본오365동물병원,20170810,0000,정상,,,133.32,15551,"경기도 안산시 상록구 석호로 302-1, 1층 (본오동)",경기도 안산시 상록구 본오동 870-7,15551,37.2933147281,126.8641464722,,187883.755,421268.86,,000
반월동물병원,20171019,0000,정상,,,31.6,15521,"경기도 안산시 상록구 건건로 117, 101,102호 (건건동)",경기도 안산시 상록구 건건동 536-5,15521,37.3113097224,126.9046547204,,191477.156949392,423261.231904988,,000
웰니스동물병원(고잔점),20181221,0000,정상,,,52.8,15462,"경기도 안산시 단원구 광덕대로 194, 스타맥스타워1 A동 602호 (고잔동)",경기도 안산시 단원구 고잔동 725-1 스타맥스타워1,15462,37.3134582083,126.8310125539,,184953.121683517,423556.960051606,,000
참동물의료센터,20190429,0000,정상,,031-8042-7585,0,15360,"경기도 안산시 단원구 고잔로 88, 207-209호 (고잔동)",경기도 안산시 단원구 고잔동 534-2,15360,37.3187504091,126.8360105185,,185396.684764432,424095.885316054,,000
미소돌봄동물병원,20190527,0000,정상,,,129.13,15298,"경기도 안산시 상록구 화랑로 534, 113,114호 (성포동, 안산파크푸르지오)",경기도 안산시 상록구 성포동 747 안산파크푸르지오,15298,37.3190502665,126.8461540928,,186415.582051411,424162.241593955,,000
유동물병원,20190902,0000,정상,,,0,15368,"경기도 안산시 단원구 선부광장로 71, 101호 (선부동)",경기도 안산시 단원구 선부동 1077-16,15368,37.3328945976,126.8110633609,,183184.380355989,425668.752616648,,000
세온동물병원,20200416,0000,정상,,031-362-5475,77.97,15445,"경기도 안산시 단원구 초지로 114, 주공프라자 111,112호 (초지동)",경기도 안산시 단원구 초지동 726-5 주공프라자,15445,37.3088434179,126.8153001815,,183555.437866089,422997.980643807,,000
톰과 제니 동물메디컬센터,20200506,0000,정상,,031-365-4542,401.7,15596,"경기도 안산시 상록구 해양4로 26, 자이센터프라자 2층 207,208,209,210호 (사동)",경기도 안산시 상록구 사동 1639-24,15596,37.284152346,126.8290722925,,184771.899838909,420250.476032005,,000
웰니스동물병원,20211220,0000,정상,,031-414-1275,0,15299,"경기도 안산시 상록구 항가울로 422, 롯데마트 2층 (성포동)",경기도 안산시 상록구 성포동 590 롯데마트(2층),15299,37.3180439496,126.8467383942,,186396.067737112,423947.236380533,,000
온담동물의료센터,20220609,0000,정상,,031-362-4097,181.86,15389,"경기도 안산시 단원구 원선1로 9, 센트럴포레상가 1층 (원곡동)",경기도 안산시 단원구 원곡동 842-1,15389,37.3244083452,126.8011068006,,182292.033232214,424715.354381266,,000
하나로 양한방 동물병원,20200623,0000,정상,,031-996-7975,0,10088,경기도 김포시 초당로16번길 75 (장기동),경기도 김포시 장기동 2037-1,10088,37.63992503,126.675251263,,171266.634932574,459779.788030174,,000
하트동물의료센터,20201127,0000,정상,,031-985-8075,121.14,10099,"경기도 김포시 걸포2로 49, 파인스타S1 2층 204,205호 (걸포동)",경기도 김포시 걸포동 260,10099,37.6345966588,126.7025560668,,,,,000
땡큐DOG동물병원,20210331,0000,정상,,,116,10068,"경기도 김포시 김포한강8로194번길 8-16, 1층 (마산동)",경기도 김포시 마산동 647-7 1층,10068,37.6387867977,126.6445141987,,168557.145,459662.14,,000
제이스동물병원,20210513,0000,정상,,,0,10126,"경기도 김포시 고촌읍 장차로 13, 2층",경기도 김포시 고촌읍 신곡리 538-5 2층,10126,37.6034076993,126.7703412229,,179657.500904553,455696.733746359,,000
김포위브동물의료센터,20220126,0000,정상,,031-987-1191,,10130,"경기도 김포시 고촌읍 태리로 293, 베스트프라자 202호",경기도 김포시 고촌읍 신곡리 0,10130,37.5927730291,126.7647021414,,,,,000
김포쎈텀동물병원,20220608,0000,정상,,031-992-8275,,10130,"경기도 김포시 고촌읍 수기로 109, 캐슬힐 115호, 208호",경기도 김포시 고촌읍 신곡리 880-1,10130,37.5938589156,126.7639438456,,179083.912543635,454630.74437622,,000
온아동물의료센터,20220722,0000,정상,,031-986-7550,,10071,"경기도 김포시 김포한강8로 410, 스타프라자 204, 205호 (구래동)",경기도 김포시 구래동 6884-3 스타프라자,10071,37.6429959061,126.6236325537,,166714.986493674,460134.632987089,,000
강남동물병원,20120209,0000,정상,,031-692-7114,107.09,17982,경기도 평택시 팽성읍 안정쇼핑로 3,경기도 평택시 팽성읍 안정리 113-224,17982,36.9591575959,127.0433361332,,203786.038393948,384175.779298464,,000
라뽀동물병원,20120209,0000,정상,,031-668-7975,119.9,17772,경기도 평택시 송탄로 255 (서정동),경기도 평택시 서정동 838-3,17772,37.066575338,127.0584074008,,205124.380218446,396097.085631927,,000
블리스 동물의료센터,20130814,0000,정상,,031-666-7582,721.92,17842,"경기도 평택시 세교7길 50, JY빌딩 (세교동)",경기도 평택시 세교동 0,17842,37.0062727486,127.0893961942,,207882.762108877,389408.878470791,,000
비전동물병원,20140820,0000,정상,,031-651-1175,102.39,17852,"경기도 평택시 비전3로 27, 104, 105호 (비전동)",경기도 평택시 비전동 1027-2,17852,37.0026566111,127.1049258634,,209267.855877372,389007.854964262,,000
송담동물병원,20150308,0000,정상,,031-686-7975,0,17943,경기도 평택시 안중읍 안현로서8길 35-4 (101호),경기도 평택시 안중읍 현화리 834-2 101호,17943,36.9791878798,126.9214205289,,192932.517659756,386401.493681686,,000
한동물병원 (출장진료 전문),20151223,0000,정상,,031-692-2250,0,17819,경기도 평택시 오성면 숙성시장길 65 (명성빌라),경기도 평택시 오성면 숙성리 185-10,17819,37.0083882163,126.9846607135,,198585.867145238,389660.129384486,,000
김기혁 동물병원,20160624,0000,정상,,031-618-8275,0,17893,"경기도 평택시 통복길 5, 2층 201~202호 (통복동, 평택역경남아너스빌디아트)",경기도 평택시 통복동 767 평택역경남아너스빌디아트,17893,36.9976390182,127.0822274727,,207231.638808092,388468.082231847,,000
안중동물병원,20160919,0000,정상,,031-683-8764,49.22,17930,"경기도 평택시 안중읍 안현로서9길 5, 2층",경기도 평택시 안중읍 현화리 172-3,17930,36.9767642644,126.9235286624,,193120.764759905,386132.474297289,,000
타잔동물병원,20170705,0000,정상,,031-651-8879,,17854,"경기도 평택시 비전2로 192 (비전동, 메가타워)",경기도 평택시 비전동 1090-3 401호,17854,37.000651107,127.1118145082,,209885.201144388,388783.488286258,,000
봄날동물의료센터,20170714,0000,정상,,031-8054-7582,,17851,경기도 평택시 만세로 1842 (비전동),경기도 평택시 비전동 996-2,17851,37.0048235996,127.1032849062,,209121.123062747,389247.056156953,,000
국립축산과학원 축산자원개발부 동물병원,20170727,0000,정상,,041-580-3409,0,18001,경기도 평택시 팽성읍 노와2길 48-16,경기도 평택시 팽성읍 노와리 270,18001,36.9479374287,127.0963696244,,208510.003953356,382933.767243944,,O00
마음가득동물병원,20180411,0000,정상,,031-667-8275,59.4,17779,"경기도 평택시 송탄로 147, 태광 1층 (이충동)",경기도 평택시 이충동 451-7,17779,37.0569051265,127.058969574,,205175.291679773,395024.416466465,,000
김포보듬동물의료센터,20221115,0000,정상,,,0,10082,"경기도 김포시 김포한강4로 162, 한강메트로 101호 (장기동)",경기도 김포시 장기동 1868-11 한강메트로,10082,37.6469767798,126.6642119208,,170298.818455576,460565.549180865,,000
청북 햇살동물병원,20180913,0000,정상,,031-684-8779,0,17808,"경기도 평택시 청북읍 안청로2길 33-2, 105,106호",경기도 평택시 청북읍 옥길리 1158-8,17808,37.0184998311,126.9178513031,,192619.325594008,390763.213422595,,000
행복나눔동물병원,20040326,0000,정상,,,0,15856,"경기도 군포시 군포로476번길 2, 1층 (당동)",경기도 군포시 당동 904 1층,15856,37.3486846458,126.9443284197,,195001.302071882,427402.563623044,,000
고래 동물병원,20190410,0000,정상,,,0,14923,"경기도 시흥시 은계번영길 11, 은계프라자 202, 203, 204호 (은행동)",경기도 시흥시 은행동 34,14922,37.4374281699,126.8021935463,,182424.443029733,437272.273354834,,000
은계동물병원,20200121,0000,정상,,,94.32,14923,"경기도 시흥시 은계번영길 19, 은계 디스퀘어큐브 2층 202호 (은행동)",경기도 시흥시 은행동 646-8 은계 디스퀘어큐브,14922,37.4372709361,126.8030427925,,182499.160642918,437254.491739593,,000
내친구동물병원,20200311,0000,정상,,031-497-4479,50.4,15010,"경기도 시흥시 서울대학로278번길 19-14, 배곧프라자 1층 115호 (배곧동)",경기도 시흥시 배곧동 193-1 배곧프라자,15011,37.3701623935,126.7286625518,,175894.079233629,429822.55268777,,000
배곧도담동물병원,20200325,0000,정상,,,72,15011,"경기도 시흥시 배곧1로 27-16, 제상가4동 1층 105호 (배곧동, 한라비발디캠퍼스2차)",경기도 시흥시 배곧동 245 한라비발디캠퍼스2차,15011,37.3617928357,126.7128710723,,174692.009149631,428974.106106504,,000
24시 위드유 동물의료센터,20200518,0000,정상,,,183.63,14922,"경기도 시흥시 은계번영길 1, 태산W타워 207,208,209호 (은행동)",경기도 시흥시 은행동 646 태산W타워,14922,37.4365775346,126.8016249551,,182373.275854102,437178.738265029,,000
바른마음동물병원,20200601,0000,정상,,031-778-7512,163.8,14995,"경기도 시흥시 장현능곡로 178, 능곡타운 2층 204호 (능곡동)",경기도 시흥시 능곡동 719 능곡타운,14995,37.3696097976,126.8099146126,,183094.315546217,429741.225241601,,000
윤슬동물병원,20210513,0000,정상,,031-404-8566,169.52,14963,"경기도 시흥시 월곶중앙로 87-1, 101호 (월곶동)",경기도 시흥시 월곶동 1011-6,14963,37.3897044558,126.7356809117,,176524.235,431990.395,,000
시흥i동물병원,20210625,0000,정상,,031-8042-7511,99.41,14911,"경기도 시흥시 수인로3312번길 16, 상가T동 2층 227~228호 (대야동, 시흥 센트럴 푸르지오)",경기도 시흥시 대야동 693 시흥 센트럴 푸르지오,14911,37.4413231865,126.7902764284,,181327.055829927,437611.716007368,,000
시흥시동물누리보호센터 동물병원,20220214,0000,정상,,031-310-6943,121.04,15007,경기도 시흥시 뒷방울길 218(정왕동),경기도 시흥시 정왕동 산 15-7,15007,37.3739656998,126.7425381409,,,,,000
이산동물의료센터,20220310,0000,정상,,031-8042-6016,145.1,14999,"경기도 시흥시 능곡번영길 22, 304,305호 (능곡동)",경기도 시흥시 능곡동 457-12,14999,37.3699045006,126.8079016338,,182922.65075394,430097.802602658,,000
동그라미 동물의료센터,20220503,0000,정상,,,105.8,14996,"경기도 시흥시 진말1로 18, 310호 (장곡동)",경기도 시흥시 장곡동 260-21,14996,37.3778277752,126.789700539,,181268.875221092,430651.776551747,,000
연희동물의료원,20220525,0000,정상,,031-315-5119,176,15002,"경기도 시흥시 인선1길 8, 301, 302호 (장곡동)",경기도 시흥시 장곡동 345-1,15002,37.3779990067,126.7881967017,,181144.705842846,430654.098350972,,000
더좋은 동물병원,20220824,0000,정상,,031-431-0075,88.1,15011,"경기도 시흥시 서울대학로278번길 61, 서영베니스스퀘어 2층 233호 (배곧동)",경기도 시흥시 배곧동 204 서영베니스스퀘어,15011,37.3681926149,126.7306929431,,176072.60072494,429602.843996773,,000
비타민 동물병원,20221118,0000,정상,,031-432-9199,124.3,15010,"경기도 시흥시 배곧4로 32-27, 광장프라자 2층 205호 (배곧동)",경기도 시흥시 배곧동 131 광장프라자,15010,37.3776954647,126.7255471026,,175621.112587005,430662.360321249,,000
시흥탑동물의료센터,20230110,0000,정상,,031-316-0750,0,14923,"경기도 시흥시 은계호수로 31, 그린타워 207, 208, 209, 210, 211호 (은행동)",경기도 시흥시 은행동 611-1 그린타워,14923,37.4445110454,126.8034165283,,182534.522918138,438060.268325518,,000
목감준동물병원,20250901,0000,정상,,,79.3,14988,"경기도 시흥시 목감남서로 9-15, 106호 (조남동)",경기도 시흥시 조남동 657-2,14988,37.3777190846,126.8524107573,,186857.179712795,430637.467079415,,000
온숲동물병원,20251114,0000,정상,,031-362-5702,131.61,14922,"경기도 시흥시 은계남길 44, 1층 101호 (은행동)",경기도 시흥시 은행동 671-1,14922,37.4306900973,126.7998372952,,182217.555795239,436524.383486182,,000
산본동물병원,19940316,0000,정상,,,0,15811,경기도 군포시 산본천로 212 (산본동),경기도 군포시 산본동 238-8,15811,37.3708880712,126.9410362723,,194708.272725284,429869.82093855,,000
명동물병원,19950222,0000,정상,,,0,15831,경기도 군포시 번영로 602 (금정동),경기도 군포시 금정동 743-3,15831,37.3627728245,126.9423386707,,194821.800509215,428972.572031598,,000
그랜드동물병원,19971210,0000,정상,,,0,15860,경기도 군포시 군포로 521-1 (당동),경기도 군포시 당동 775-8,15860,37.3529434022,126.9452342022,,195077.823006479,427880.117179236,,000
제일동물병원,20010825,0000,정상,,,0,15818,"경기도 군포시 산본로 394, 1동 108,109호 (산본동, 대림프라자)",경기도 군포시 산본동 1099-2 대림프라자 108호,15818,37.3651283898,126.9297294748,,193696.742392293,429245.936418065,,000
강남동물병원,20031002,0000,정상,,,0,15865,"경기도 군포시 산본로343번길 23, 104호 (산본동)",경기도 군포시 산본동 1137-3 옥산프라자 104호,15865,37.3598764442,126.9303677076,,193760.682443218,428648.90076351,,000
마루동물병원,20181107,0000,정상,,,90.57,17870,"경기도 평택시 용죽3로 12, 101호 (용이동)",경기도 평택시 용이동 686-2 101호,18033,36.9929708375,127.1258446981,,211134.811914974,387934.665347155,,000
24시 라움동물의료센터,20190527,0000,정상,,031-692-5022,270.98,17854,"경기도 평택시 비전5로 20-24, 더테라스 207,208호 (비전동)",경기도 평택시 비전동 1103-1,17854,36.9988829632,127.1141723936,,210072.869932937,388588.911600578,,000
아임동물병원,20190830,0000,정상,,031-663-4987,118.84,18014,"경기도 평택시 고덕국제3길 122, 1층 (고덕동)",경기도 평택시 고덕동 1948-10,18014,37.0515082968,127.047720592,,204174.335740311,394424.345038468,,000
프렌즈동물병원,20191206,0000,정상,,031-692-5331,83,17845,"경기도 평택시 상서재로 80, 516동 132-133호 (동삭동, 평택센트럴자이 5단지)",경기도 평택시 동삭동 818-4 평택센트럴자이 5단지,18032,37.0203438972,127.1025634395,,209166.17552146,390957.120904099,,000
마리동물의료센터 경기남부 분원(출장진료 전문),20200108,0000,정상,,,16.7,17811,"경기도 평택시 청북읍 청원로 45, 중앙빌딩",경기도 평택시 청북읍 현곡리 250 청북상가,17811,37.0409471496,126.9388090388,,194476.329579867,393248.454275327,,000
엔케어동물의료센터,20200626,0000,정상,,031-657-2475,192,17864,경기도 평택시 죽백3로 139 (죽백동),경기도 평택시 죽백동 654-4,17864,37.003595456,127.1305356822,,211554.997976398,389111.995139418,,000
베스트 프렌즈 동물병원,20210114,0000,정상,,031-662-7920,197,17752,경기도 평택시 송탄고가길 2 (신장동),경기도 평택시 신장동 51-2,17752,37.0903930954,127.0541621852,,204732.87698923,398732.23573523,,000
에쿠스종합동물병원(출장진료 전문),20210609,0000,정상,,,0,18021,"경기도 평택시 고덕면 도시지원1길 111, 118호",경기도 평택시 고덕면 해창리 1272-3,18021,37.0282281747,127.0166704925,,201411.081844367,391830.140707253,,000
뉴본동물의료센터,20220211,0000,정상,,031-647-6679,314.8,17841,"경기도 평택시 동삭1로22번길 19-13, 2층 (동삭동)",경기도 평택시 동삭동 0,17841,37.0201781097,127.09353708,,,,,000
청담동물병원,20221123,0000,정상,,031-658-3500,0,17864,"경기도 평택시 만세로 1725, 2층 (죽백동)",경기도 평택시 죽백동 486-7,17864,37.0126398988,127.1117198196,,209864.201248523,390102.354312312,,000
배다리동물병원,20230227,0000,정상,,031-618-8867,772.9,17861,경기도 평택시 죽백5로 37(죽백동),경기도 평택시 죽백동 772,17861,37.0039223449,127.1198678264,,210598.577163059,389150.099022058,,000
괜찮아동물병원,20230313,0000,정상,,031-662-9990,207,18008,"경기도 평택시 고덕갈평5길 32, 그랜드메디컬타워 3층 311~314호 (고덕동)",경기도 평택시 고덕동 1886-1 그랜드메디컬타워,18008,37.0565551013,127.0474094593,,204145.419315301,394985.050482899,,000
세림동물병원(출장진료 전문),20230830,0000,정상,,,0,17793,"경기도 평택시 청북읍 청원로 386, B동 104호",경기도 평택시 청북읍 어연리 732-30,17793,37.047998504,126.9726972847,,197515.337464998,394008.966228586,,000
존스홉킨스 동물병원,20241023,0000,정상,,031-615-4472,0,17977,경기도 평택시 팽성읍 안정로 89,경기도 평택시 팽성읍 안정리 22-9,17977,36.9634283672,127.0522637282,,204573.94943049,384639.792178838,,000
24시 고덕동물의료센터,20241024,0000,정상,,1833-3339,,18014,"경기도 평택시 고덕중앙로 218, 우성메디컬센터 2층 (고덕동)",경기도 평택시 고덕동 1975-1,18014,37.0479010609,127.0449642493,,203929.10415398,394024.031563431,,000
건국 종합 가축병원 (출장전문병원),20120529,0000,정상,,031-676-7773,24,17529,경기도 안성시 일죽면 송천길 75-0,경기도 안성시 일죽면 송천리 47-7,17529,37.0923284041,127.4757394297,,242229.947815353,399059.688885441,,000
롯데마트 안성점 쿨펫,20130124,0000,정상,,031-618-7533,82.6,17558,"경기도 안성시 공도읍 서동대로 4478, 2층 (롯데마트)",경기도 안성시 공도읍 양기리 306 롯데마트 2층,17558,37.0078825813,127.1994840903,,217695.637116434,389592.895375219,,000
고려동물병원 (출장전문동물병원),20130823,0000,정상,,031-674-4432,90.5,17508,경기도 안성시 보개면 양협길 29-67,경기도 안성시 보개면 양복리 274-4,17508,37.0122942107,127.3220022412,,228575.753366761,390112.509571332,,000
안성축협동물병원,20180726,0000,정상,,031-8046-8000,109.69,17595,"경기도 안성시 안성맞춤대로 833, 안성축산업협동조합 (계동)",경기도 안성시 계동 85-3 안성축산업협동조합,17595,36.9886278068,127.267770082,,223771.205358289,387484.797282739,,L00
산업동물병원(출장전문),20130910,0000,정상,,,56,17596,경기도 안성시 강변남로 84 (현수동),경기도 안성시 현수동 218-5,17596,37.002022227,127.2766420753,,224553.737278334,388968.448883992,,000
양하무역산업동물병원(출장전문),20150211,0000,정상,,1566-4343,70.48,17523,경기도 안성시 죽산면 용설로 429-12,경기도 안성시 죽산면 용설리 397-20,17523,37.0471454088,127.4409364376,,239147.813150079,394031.618853711,,000
아프리카동물병원,20160204,0000,정상,,,69,17564,"경기도 안성시 공도읍 진사길 8, 서안성농업협동조합서부지점 102호",경기도 안성시 공도읍 진사리 22-61 서안성농업협동조합서부지점,17564,36.9931703854,127.1378682818,,212196.798508818,387961.994797663,,000
월천동물병원 (출장전문),20160825,0000,정상,,031-674-4432,32.52,17508,경기도 안성시 보개면 양협길 29-67,경기도 안성시 보개면 양복리 264-1,17508,37.0122942107,127.3220022412,,228607.818104497,390118.659995565,,000
한신동물병원(출장전문),20190527,0000,정상,,,30,17519,경기도 안성시 죽산면 죽산초교길 15,경기도 안성시 죽산면 죽산리 419,17519,37.0754563962,127.4203268006,,237305.275966078,397161.922529079,,000
행복한동물병원,20191209,0000,정상,,,70.98,17590,경기도 안성시 중앙로419번길 6 (영동),경기도 안성시 영동 437-1,17590,37.0069470713,127.2734579939,,224270.214861653,389517.697038572,,000
한국양봉농협 동물병원,20200226,0000,정상,,031-677-9323,6880.17,17600,경기도 안성시 미양면 안성맞춤대로 586,경기도 안성시 미양면 구수리 247,17600,36.9720914413,127.2524622984,,222403.877056462,385643.531127623,,L00
안성동물의료센터,20200731,0000,정상,,,125,17577,"경기도 안성시 아양1로 73, 아너스퀘어A동 2층 208,209호 (옥산동)",경기도 안성시 옥산동 591,17577,37.0082245844,127.2584598267,,222932.895631286,389650.982927548,,000
함께오래동물병원,20210825,0000,정상,,,82,17561,"경기도 안성시 공도읍 공도4로 3, 우성메디컬프라자 1층 116,117호",경기도 안성시 공도읍 만정리 817-2 우성메디컬프라자,17561,37.0004724453,127.1721238134,,215250.626720175,388773.25337567,,000
슬기로운동물병원,20211119,0000,정상,,031-655-5946,82,17558,"경기도 안성시 공도읍 서동대로 4486, 1층 1호",경기도 안성시 공도읍 양기리 298-8,17558,37.0088045679,127.2004808412,,217772.342933868,389702.003749343,,000
누리팜산업동물병원(출장전문),20221124,0000,정상,,031-665-5740,45,17512,경기도 안성시 삼죽면 용두동길 2,경기도 안성시 삼죽면 용월리 16-1,17512,37.0741656758,127.3950158552,,235067.938918972,397006.254136574,,000
발라드동물병원(출장전문),20221226,0000,정상,,031-672-7831,0,17529,"경기도 안성시 일죽면 서동대로 7381-8, 1,2층 102,202호",경기도 안성시 일죽면 송천리 458,17529,37.0893334702,127.4667161565,,241426.756832809,398710.772714351,,L00
웰니스동물병원,20230110,0000,정상,,031-8029-5080,54,17563,"경기도 안성시 공도읍 서동대로 3930-39, 스타필드 안성 1층 1142호",경기도 안성시 공도읍 진사리 354 스타필드 안성,17563,36.9945235041,127.1471670216,,213062.918998049,388093.036705258,,000
다가온 동물병원,20230623,0000,정상,,031-655-7533,60.8,17552,"경기도 안성시 공도읍 서동대로 4081, 216호",경기도 안성시 공도읍 용두리 752 216호,17552,36.9982828223,127.1596245736,,214064.706384236,388658.651874416,,000
한마음동물의료원,20240222,0000,정상,,031-657-7778,441.61,17562,"경기도 안성시 공도읍 공도로 116-16, 101,201,202호",경기도 안성시 공도읍 승두리 60-10,17562,36.9993033473,127.1731290886,,215339.631567845,388643.656065943,,000
선 동물병원(출장전문),20240306,0000,정상,,,83.76,17556,경기도 안성시 원곡면 가천중앙3길 12,경기도 안성시 원곡면 외가천리 264-2,17556,37.0387169443,127.1281616333,,211331.947331052,393012.912881508,,000
미래동물병원,20241202,0000,정상,,,103.4,17977,"경기도 평택시 팽성읍 신흥북로49번길 34, 지하1층",경기도 평택시 팽성읍 안정리 68-6,17977,36.9653824947,127.0469836374,,204111.48752525,384874.876780816,,000
퍼스트 동물메디컬 센터,20250121,0000,정상,,031-647-3234,,18022,"경기도 평택시 고덕로 250, 2층 2호 (고덕동)",경기도 평택시 고덕동 2708-2,18022,37.036252545,127.0282798838,,,,,000
고덕 365 동물의료센터,20250521,0000,정상,,031-647-4365,,18022,"경기도 평택시 고덕국제5로 145, 2층 210-212호 (고덕동)",경기도 평택시 고덕동 0,18022,37.0344037256,127.0257951652,,,,,000
평택시 동물보호센터 동물병원,20250808,0000,정상,,031-8024-8070,53.56,17791,"경기도 평택시 청북읍 청북로 497, 1층",경기도 평택시 청북읍 율북리 43-13,17791,37.0714486006,126.9736149108,,197576.259916287,396644.767686369,,O00
경기동물병원,19731105,0000,정상,,,26,11332,경기도 동두천시 중앙로 229 (생연동),경기도 동두천시 생연동 689-5 3통1반,11332,37.9021442705,127.052927191,,204580.922820216,488837.110643644,,000
통일동물병원,19850531,0000,정상,,,24.48,11333,경기도 동두천시 중앙로 226 (생연동),경기도 동두천시 생연동 689-24,11333,37.9016853964,127.05313471,,204603.010807737,488783.058778561,,000
이담동물병원,20030331,0000,정상,,,103,11346,"경기도 동두천시 중앙로 134-12 (지행동, 예일복합타워(104,105))",경기도 동두천시 지행동 694 201호,11346,37.8931053998,127.0532320727,,204612.769606342,487830.95262615,,000
수제가축병원,20031117,0000,정상,,031-861-2328,58.45,11332,경기도 동두천시 중앙로217번길 8 (생연동),경기도 동두천시 생연동 691-107,11332,37.9011054668,127.0523192509,,204530.726141938,488719.228189422,,000
현대동물병원,20041218,0000,정상,,,55.4,,경기도 동두천시 큰시장로 42 (생연동),경기도 동두천시 생연동 695-3,11333,37.9005406874,127.0531188826,,204601.485622028,488656.337046021,,000
산본중앙동물병원,20120716,0000,정상,,031-395-0079,0,15814,경기도 군포시 고산로 686 (산본동),경기도 군포시 산본동 207-2,15814,37.3709666592,126.9348127298,,194157.129371971,429880.199615401,,000
프라하동물병원,20141120,0000,정상,,031-391-7075,0,15871,"경기도 군포시 용호1로 4, 104호 (당동)",경기도 군포시 당동 974-4,15871,37.3433036728,126.9386554361,,194494.82218794,426810.131864984,,000
군포굿닥터동물병원,20141217,0000,정상,,031-391-7533,0,15856,"경기도 군포시 고산로 242, 1층 (당동)",경기도 군포시 당동 922-25,15856,37.3460765647,126.9455895633,,195109.501839555,427117.045686314,,000
솔 동물의료센터,20160711,0000,정상,,031-345-4500,223.1,15822,"경기도 군포시 고산로 529, A.B동 114호 (산본동, 금강2차아파트)",경기도 군포시 산본동 1147 금강2차아파트 주상복합상가 A.B동 114호,,,,,193069.971071892,428759.005999406,,000
쿨펫동물병원,20160811,0000,정상,,031-398-0075,0,15865,"경기도 군포시 산본로 347, 5층 (산본동, 이마트백화점)",경기도 군포시 산본동 1123 이마트 5층,15865,37.3610893514,126.9314200305,,193861.874466854,428787.505318045,,000
뉴에스동물병원,20161107,0000,정상,,031-397-0071,299,15865,"경기도 군포시 산본로343번길 7, 창선빌딩 101,102,지101,102,103호 (산본동)",경기도 군포시 산본동 1132 창선빌딩,15865,37.3607315267,126.9319873501,,193904.141032365,428744.978622309,,000
로아동물병원,20220216,0000,정상,,031-399-8875,181.04,15801,"경기도 군포시 고산로 707, 1,2층 (산본동)",경기도 군포시 산본동 106-21,15801,37.3728667545,126.9363231939,,194286.534194718,430093.538426015,,000
가이드 동물의료센터,20240715,0000,정상,,031-360-7555,575.29,15813,"경기도 군포시 금정로 47, 디 싸이트(D Site) (금정동)",경기도 군포시 금정동 726-1 디 싸이트(D Site),15813,37.365485337,126.9402971283,,194643.186938406,429272.445272456,,000
유동물병원,20030818,0000,정상,,,528,16089,"경기도 의왕시 부곡중앙로 22, 2층 (삼동)",경기도 의왕시 삼동 192-27,16089,37.3208193179,126.951271646,,195603.268861974,424313.31540136,,000
현대 동물병원,20040312,0000,정상,,,0,16053,경기도 의왕시 모락로 16 (오전동),경기도 의왕시 오전동 108 현대프라자 107호,16053,37.3594795847,126.9670591333,,197015.31502601,428599.47684944,,000
의왕동물병원,20080130,0000,정상,,,72,16053,경기도 의왕시 경수대로 372 (오전동),경기도 의왕시 오전동 838-5 102호,16053,37.3583234146,126.96652529,,196965.172896048,428475.51206307,,000
브라운동물병원,20250623,0000,정상,,070-8064-3973,198,17500,경기도 안성시 양성면 범티길 98-24,경기도 안성시 양성면 노곡리 756,17500,37.0992379098,127.23938896,,221214.876578393,399741.772851947,,L00
중앙동물병원,20080420,0000,정상,,,119,16088,경기도 의왕시 철도박물관로 71 (삼동),경기도 의왕시 삼동 193-10 2층,16088,37.3205761584,126.949377299,,195447.2031397,424288.508077847,,000
포일동물병원,20141111,0000,정상,,031-425-7541,45.08,16004,"경기도 의왕시 포일세거리로 3, 112호 (포일동, 파레사타워)",경기도 의왕시 포일동 662,16004,37.3960095642,126.9847413545,,198580.126918735,432652.796776601,,000
청계종합동물병원,20160120,0000,정상,,031-424-7580,51.95,16009,"경기도 의왕시 양지편2로 3, 세종프라자 (청계동)",경기도 의왕시 청계동 990 세종프라자,16009,37.3901400604,126.9948244192,,199473.176330048,432004.845586242,,000
엘동물병원,20191227,0000,정상,,,,16058,"경기도 의왕시 경수대로 262, 219호 (오전동, 서해그랑블)",경기도 의왕시 오전동 324-4,16058,37.3500553998,126.9740470315,,197590.089971229,427590.743059589,,000
라포레동물메디컬센터,20200602,0000,정상,,031-360-7588,,16087,경기도 의왕시 부곡중앙로 3-3 (삼동),경기도 의왕시 삼동 471-39,16087,37.321189183,126.9493953995,,195446.351227128,424354.772869474,,000
사바나동물병원,20201230,0000,정상,,031-424-7515,0,16024,"경기도 의왕시 포일로 20, 래미안에버하임아파트 상가,사바나동물병원 (내손동)","경기도 의왕시 내손동 842 래미안에버하임아파트 상가, 농협은행",16024,37.388370292,126.9754852682,,197856.476391935,431780.392008095,,000
바하 고양이 병원,20220121,0000,정상,,031-425-8875,,16026,"경기도 의왕시 내손로 82, 내손신성프라자 404호 (내손동)",경기도 의왕시 내손동 643-6 내손신성프라자,16026,37.3872180004,126.9798988896,,198150.345010149,431681.71634854,,000
펫가든동물병원,20240719,0000,정상,,031-422-4475,0,16036,"경기도 의왕시 계원대학로 7, 롯데마트 2층 (내손동)",경기도 의왕시 내손동 743 롯데마트,16036,37.3805799212,126.9728964085,,197598.213989563,430907.769943711,,000
에이플동물병원,20250626,0000,정상,,031-422-1191,,16026,"경기도 의왕시 내손로 84, 테라팰리스인덕원 1층 101호 (내손동)",경기도 의왕시 내손동 643,16026,37.3874441815,126.9800893665,,198169.151400702,431709.013952648,,000
내손동물병원,20250702,0000,정상,,031-360-8276,0,16031,"경기도 의왕시 내손중앙로 68, 102,103호 (내손동)",경기도 의왕시 내손동 683,16031,37.3840566068,126.9825074925,,198163.659397763,431464.349787681,,000
하남동물병원,19910918,0000,정상,,,90.42,12978,경기도 하남시 신평로 37 (덕풍동),경기도 하남시 덕풍동 420-35,12978,37.5371590107,127.2040512092,,217964.57445714,448341.882546884,,000
신장동물병원,19990713,0000,정상,,,27,12962,경기도 하남시 신장로 74 (천현동),경기도 하남시 천현동 205-4,12962,37.5360006638,127.2094548952,,218436.997606594,448221.476406203,,000
원동물병원,20251128,0000,정상,,,30.04,12539,경기도 양평군 양동면 양동로 1875,경기도 양평군 양동면 쌍학리 96-10,12539,37.4128315398,127.7541337057,,266691.31410688,434789.235187223,,000
훈 동물병원,20170426,0000,정상,,032-526-5500,0,14731,"경기도 부천시 소사구 송내대로 14, 송내역 파인 푸르지오 2단지 (송내동)",경기도 부천시 소사구 송내동 315-3 송내역 파인 푸르지오 2단지,14731,37.4845526958,126.753797164,,178179.102667875,442505.117717451,,000
런던동물병원,20170925,0000,정상,,032-611-0275,0,14727,경기도 부천시 소사구 경인로 102 (송내동),경기도 부천시 소사구 송내동 385,14727,37.4837594544,126.7667445988,,179297.673723178,442423.676580682,,000
부천24시SKY동물메디컬센터,20110406,0000,정상,,032-323-7579,270,14547,"경기도 부천시 원미구 길주로 234, 힐스테이트 중동 203동 2001, 2007호 (중동)",경기도 부천시 원미구 중동 1301,14547,37.5032013091,126.7681610448,,179427.40778259,444580.076928048,,000
월드펫동물병원,20110427,0000,정상,,,74.9,14613,"경기도 부천시 원미구 중동로 100, 팰리스카운티 아이파크상가동 213호 (중동)",경기도 부천시 원미구 중동 1289 팰리스카운티,14613,37.4887382052,126.7658249447,,179378.469203503,443105.444604328,,000
신세계동물병원,20110525,0000,정상,,032-614-7588,247.37,14711,"경기도 부천시 소사구 경인로 232, 이테크 에비뉴스타 215호 (심곡본동)",경기도 부천시 소사구 심곡본동 671-1 이테크 에비뉴스타,14711,37.4827297073,126.7810513179,,180572.239793822,442300.924016178,,000
24시 이지동물의료센터,20110629,0000,정상,,032-348-7975,85,14673,"경기도 부천시 원미구 부일로 712, 조양시티프라자 (역곡동)",경기도 부천시 원미구 역곡동 49-5 조양시티프라자,14673,37.4848338732,126.8089127096,,183029.832521112,442529.302194423,,000
부천준동물병원,20110803,0000,정상,,,0,14534,"경기도 부천시 원미구 신흥로 230, 두리프라자 (중동)",경기도 부천시 원미구 중동 1062-1 두리프라자,14534,37.5043419208,126.7762732938,,180148.237239945,444704.626707764,,000
소풍동물병원,20120502,0000,정상,,,0,14545,"경기도 부천시 원미구 송내대로 239, 소풍 (상동)",경기도 부천시 원미구 상동 539-1 소풍,14545,37.5041752477,126.7566905848,,178411.442079953,444684.405331659,,000
나음동물병원,20120918,0000,정상,,,0,14548,"경기도 부천시 원미구 길주로 276, 무광오피스빌딩 (중동)",경기도 부천시 원미구 중동 1141-1 무광오피스빌딩,14548,37.5029598458,126.7728472713,,179844.333207433,444543.687726088,,000
S동물병원,20130319,0000,정상,,032-322-5222,0,14545,"경기도 부천시 원미구 상동로 78 (상동, 상동 동양파라곤)",경기도 부천시 원미구 상동 542-4 상동 동양파라곤,14545,37.5040449002,126.7531732704,,178102.518145764,444663.677124151,,000
기린동물병원,20130403,0000,정상,,032-322-0506,0,14539,"경기도 부천시 원미구 길주로 273, 신명타운 (중동)",경기도 부천시 원미구 중동 1058-1 신명타운,14539,37.5039873203,126.7728373059,,179843.93,444665.525,,000
정샘동물병원,20131016,0000,정상,,032-323-4999,0,14548,"경기도 부천시 원미구 중동로 244, 109,110호 (중동, 상록센트럴타워)",경기도 부천시 원미구 중동 1152 상록센트럴타워 109호,14548,37.5015303684,126.769059806,,179509.015568599,444394.225694572,,000
노엘동물병원,20140410,0000,정상,,,162.98,14777,"경기도 부천시 소사구 범안로 98, 범박동 근린생활시설 (범박동)",경기도 부천시 소사구 범박동 32-6 범박동 근린생활시설,14777,37.4731242785,126.8087378119,,183011.50072243,441230.944166025,,000
러브펫동물병원,20111202,0000,정상,,031-868-0275,135.3,11355,경기도 동두천시 평화로2169번길 21 (송내동),경기도 동두천시 송내동 551,11355,37.8808927551,127.0532262574,,204589.217640042,486451.318446758,,000
윤후동물병원,20141022,0000,정상,,031-864-0075,46.9,11347,"경기도 동두천시 중앙로 125 (지행동, 영스포렉스 101호)",경기도 동두천시 지행동 691-5,11347,37.8927660893,127.0516987357,,204477.938349617,487797.24990714,,000
나라동물병원,20170308,0000,정상,,,79.5,11330,"경기도 동두천시 정장로 20-6, 3층 (생연동)",경기도 동두천시 생연동 660-47,11330,37.9042977184,127.0527549126,,204570.818233677,489074.026591607,,000
포레브동물의료센터,20170824,0000,정상,,031-858-7975,148.22,11362,경기도 동두천시 행선로 55-1 (지행동),경기도 동두천시 지행동 325-13,11362,37.8933494046,127.0605891441,,205260.056520345,487857.000812481,,000
Dr루아동물병원,20241206,0000,정상,,031-858-9982,169.33,11329,경기도 동두천시 정장로35번길 32 (생연동),경기도 동두천시 생연동 597-2,11329,37.9056586438,127.0551240976,,204777.133391977,489222.648558829,,000
안산동물병원,19940420,0000,정상,,,20.47,,경기도 안산시 단원구 화랑로 47 (원곡동),경기도 안산시 단원구 원곡동 776-11,15374,37.3302673792,126.79656,,181898.487844447,425380.04823113,,000
고대영동물병원,19950626,0000,정상,,,48.04,,"경기도 안산시 상록구 예술광장1로 94, 1층동 102호 (성포동,정인프라자)",경기도 안산시 상록구 성포동 593-25 정인프라자 1층동 102호,15291,37.3264645376,126.8470492658,,186373.496120759,424949.971327294,,000
김정태동물병원,19961219,0000,정상,,,0,15538,"경기도 안산시 상록구 본오로 133, 116호 (본오동, 우성상가)",경기도 안산시 상록구 본오동 872-20 우성상가 116호,15538,37.2972382934,126.8663023214,,187967.10171364,421755.033374402,,000
대학동물병원,19980430,0000,정상,,,0,15288,"경기도 안산시 상록구 예술광장1로 16, 109호 (월피동)",경기도 안산시 상록구 월피동 445-4 109호,15288,37.3290364486,126.8443292709,,186132.948113196,425235.962746032,,000
우리앤동물병원,20140701,0000,정상,,032-325-7975,212.5,14589,경기도 부천시 원미구 조마루로105번길 8-6 (상동),경기도 부천시 원미구 상동 569-2,14589,37.5002942866,126.7558692501,,178341.804943475,444260.299778412,,000
지중해동물병원,20141210,0000,정상,,,55.76,14539,"경기도 부천시 원미구 길주로 275, 중동프라자 (중동)",경기도 부천시 원미구 중동 1058-2 중동프라자,14539,37.503909128,126.7733132455,,179887.751542004,444658.193379039,,000
원종동물병원,20150305,0000,정상,,,30,14427,경기도 부천시 오정구 소사로 793 (원종동),경기도 부천시 오정구 원종동 230-4,14427,37.5269459901,126.8044954117,,182647.703254829,447210.167710357,,000
바로 동물병원,20160525,0000,정상,,,0,14645,경기도 부천시 원미구 원미로 88-2 (원미동),경기도 부천시 원미구 원미동 190-17,14645,37.4905207625,126.7905577655,,181407.265619404,443166.994401318,,000
맘스동물의료센터,20160525,0000,정상,,032-229-8275,0,14544,"경기도 부천시 원미구 길주로 80, 로얄타워 (상동)",경기도 부천시 원미구 상동 544-1 로얄타워,14544,37.5052672037,126.7511924527,,177930.616705223,444812.126349876,,000
24시해든동물메디컬센터,20160601,0000,정상,,032-715-7579,0,14549,"경기도 부천시 원미구 신흥로 190, 위브더스테이트 (중동)",경기도 부천시 원미구 중동 1106 위브더스테이트,14549,37.5012741874,126.7772306084,,180230.147459412,444378.254519656,,000
마리동물병원,20160722,0000,정상,,,0,14479,"경기도 부천시 오정구 여월로 66, DS타워 (여월동)",경기도 부천시 오정구 여월동 333 DS타워,14479,37.5115321163,126.8058831204,,182769.01120504,445496.178923156,,000
쿨펫동물병원(이마트 중동점),20161020,0000,정상,,032-325-9617,0,14547,"경기도 부천시 원미구 석천로 188, (주)신세계이마트중동점 (중동)",경기도 부천시 원미구 중동 1157 (주)신세계이마트중동점,14547,37.5040675095,126.7639551478,,179059.890468202,444675.160533494,,000
보우동물병원,20161220,0000,정상,,032-343-7582,0,14784,경기도 부천시 소사구 양지로171번길 26 (옥길동),경기도 부천시 소사구 옥길동 729-3,14784,37.4688832262,126.8219287517,,184177.928247809,440760.505942564,,000
다산 봄 동물병원,20200707,0000,정상,,031-551-1175,99.75,12284,"경기도 남양주시 다산지금로 136, 푸리마타워 2층 205호 (다산동)","경기도 남양주시 다산동 6217-3 다산지금지구 근생7-3, 7-4",12284,37.6008852732,127.1735173356,,215253.853935577,455423.22762935,,000
하랑동물의료센터,20201012,0000,정상,,031-522-6767,424.34,12257,"경기도 남양주시 경춘로 470, 1,2층 (다산동)",경기도 남양주시 다산동 3136-2,12257,37.6097131856,127.165196493,,214515.285922482,456382.047954976,,000
진건동물병원,20210422,0000,정상,,,16.53,12138,경기도 남양주시 진건읍 사릉로 411-2,경기도 남양주시 진건읍 용정리 796-3,12138,37.6563947246,127.1785235211,,215682.184087499,461571.981576437,,000
동진동물병원,20210428,0000,정상,,031-593-9405,33,12180,"경기도 남양주시 화도읍 경춘로 1969-9, 나동 17,18호","경기도 남양주시 화도읍 마석우리 267-7 나동 17,18호",12180,37.6514200626,127.3069975916,,227019.344850157,461054.248039145,,000
24시 위너스동물의료센터,20210603,0000,정상,,031-511-7582,97.84,12147,"경기도 남양주시 호평로45번길 28, 2층 201호 (호평동)",경기도 남양주시 호평동 174-10 201호,12147,37.6581821583,127.2462001536,,221658.043624952,461782.158261089,,000
케이씨비디에이 펫클리닉,20211207,0000,정상,,031-523-2731,35.7,12106,"경기도 남양주시 순화궁로 272, 동광 비즈타워 별내 104호 (별내동)",경기도 남양주시 별내동 974-1 동광 비즈타워 별내,12106,37.6515997203,127.129400928,,211348.256031066,461027.650120853,,000
하이 동물병원,20220519,0000,정상,,031-571-4009,143.14,12036,"경기도 남양주시 오남읍 진건오남로 778, 선일프라자 205호",경기도 남양주시 오남읍 양지리 94-1 선일프라자,12036,37.6971503077,127.205027151,,218023.898490593,466105.995760389,,000
진접솔동물병원,20221014,0000,정상,,031-574-1112,124,12005,"경기도 남양주시 진접읍 금강로 1557, 101~103호",경기도 남양주시 진접읍 장현리 84-3,12005,37.729756747,127.1929821362,,216945.739085211,469716.7900643,,000
스텔라동물의료센터,20230428,0000,정상,,031-522-6675,158.88,12248,"경기도 남양주시 다산중앙로123번길 22-8, 리더스퀘어 303,304호 (다산동)","경기도 남양주시 다산동 6060 리더스퀘어 303,4호",12248,37.6242919967,127.151045135,,213261.027634004,458003.084933955,,000
24시 공감365동물의료센터,20230518,0000,정상,,031-575-8275,333.93,12059,"경기도 남양주시 진접읍 해밀예당1로 220, 엠타워 201~203호",경기도 남양주시 진접읍 금곡리 1042 엠타워 201~3호,12059,37.7200831558,127.2026214866,,217778.358641152,468642.326585464,,000
동물은 내친구 동물병원,20020304,0000,정상,,,115.5,15539,경기도 안산시 상록구 반석로 5 (본오동),경기도 안산시 상록구 본오동 879-16,15539,37.2970619108,126.860323898,,187624.041807855,421744.5493746,,000
동물사랑동물병원,20020516,0000,정상,,,0,15217,"경기도 안산시 단원구 선부로 195 (선부동, 서울빌딩)",경기도 안산시 단원구 선부동 1087-30 104호,15217,37.3418508581,126.8166940393,,183686.909385269,426661.407016462,,000
김동물병원,20030308,0000,정상,,,0,,"경기도 안산시 상록구 화랑로 501, 1층동 103호 (성포동,예술프라자)",경기도 안산시 상록구 성포동 583-5 예술프라자 1층동 103호,15296,37.3208852591,126.843835773,,186090.60217664,424329.659743303,,000
공원애견동물병원,20030204,0000,정상,,,0,,"경기도 안산시 상록구 오목로 78 (본오동,1층)",경기도 안산시 상록구 본오동 722-1 1층,15568,37.2900023813,126.8667127498,,188110.51,420901.775000001,,000
꿈의동물병원,20040426,0000,정상,,,0,15476,"경기도 안산시 단원구 광덕1로 159 (고잔동, 대림프라자 102호)",경기도 안산시 단원구 고잔동 718-5 대림프라자 102호,15476,37.3081732462,126.8273242202,,184621.554255087,422922.275824289,,000
정다운동물병원,20041207,0000,정상,,,129.4,15262,"경기도 안산시 단원구 예술대학로 137, 덕성빌딩 201호 (고잔동)",경기도 안산시 단원구 고잔동 634-4 덕성빌딩 201호,15262,37.3293534666,126.8381295958,,185583.614250357,425270.927818102,,000
쥬쥬동물병원,20050908,0000,정상,,,0,,"경기도 안산시 단원구 광덕대로 206, 103,104호 (고잔동,골든빌)","경기도 안산시 단원구 고잔동 724 골든빌 103,104호",15462,37.3146942472,126.8312160237,,184967.265798779,423648.843062509,,000
24시 아프리카동물병원,20070207,0000,정상,,,273.78,15455,"경기도 안산시 단원구 원포공원2로 35, 메가쇼핑타운1 105,106,107,110,111호,202호 (초지동)",경기도 안산시 단원구 초지동 742-9 메가쇼핑타운1,15455,37.3017482302,126.8135140168,,183400.7,422211.87,,000
그린펫동물병원,20071112,0000,정상,,,17.78,15462,"경기도 안산시 단원구 광덕4로 180, 101호 (고잔동, 부원프라자)",경기도 안산시 단원구 고잔동 724-4 부원프라자 101호,15462,37.3146391178,126.8326271927,,185094.720697762,423639.954558559,,000
쥬시동물병원,20111018,0000,정상,,,17,,"경기도 안산시 단원구 광덕대로 145, 102호 (고잔동,강희그랜드빌)",경기도 안산시 단원구 고잔동 717 강희그랜드빌 102호,15476,37.3095076881,126.8289824632,,184769.49756348,423072.669991559,,000
스타동물병원,20130311,0000,정상,,,0,15466,"경기도 안산시 단원구 한양대학로 208, 2층,3층 103호,104호 (고잔동)",경기도 안산시 단원구 고잔동 730-3,15466,37.313580675,126.8367556797,,185458.486226745,423521.633578442,,000
퍼피캣 동물병원,20130719,0000,정상,,,33.58,15251,경기도 안산시 단원구 선부로 231 (와동),경기도 안산시 단원구 와동 812-7,15251,37.3416580081,126.8207712883,,184048.355561085,426639.467388481,,000
러브펫,20010307,0000,정상,,,27,12957,경기도 하남시 신평로 58 (신장동),경기도 하남시 신장동 427-35,12957,37.5386762493,127.2052337381,,218070.736515949,448509.761147997,,000
햇살동물병원,20010515,0000,정상,,,38.5,12970,경기도 하남시 신장로 176 (덕풍동),경기도 하남시 덕풍동 383-10,12970,37.5411425925,127.2003112956,,217630.322787681,448783.183949835,,000
안산 반함동물의료센터,20220916,0000,정상,,031-494-7975,173,15389,"경기도 안산시 단원구 화랑로 122, 상가2동 219-222호 (원곡동)",경기도 안산시 단원구 원곡동 1002,15389,37.3255833347,126.801648984,,,,,000
조이 동물 재활클리닉,20230210,0000,정상,,,49.7,15382,"경기도 안산시 단원구 화랑로 103, 라성프라자 C동 203호 (원곡동)",경기도 안산시 단원구 원곡동 846-3 라성프라자,15382,37.3270474301,126.8007776003,,182294.985340242,425039.319016326,,000
안산 센트럴 동물병원,20230315,0000,정상,,031-439-7582,202.1,15360,"경기도 안산시 단원구 중앙대로 899, 롯데프라자 2층 (고잔동)",경기도 안산시 단원구 고잔동 537-4 롯데프라자 2층,15360,37.3172923375,126.8363957778,,185430.424306732,423951.686644527,,000
선부중앙동물의료센터,20250325,0000,정상,,031-8042-7542,168,15236,"경기도 안산시 단원구 선부광장1로 69, 한양3차산호아파트 2층 205-1호 (선부동)",경기도 안산시 단원구 선부동 1081 한양3차산호아파트 205-1호,15236,37.3372664077,126.812637732,,183383.417231998,426090.369202267,,000
다나을동물병원,20211104,0000,정상,,031-8027-0975,246.3,12912,"경기도 하남시 미사강변동로 100-1, 미사역 파라곤 스퀘어 2층 2002,2002-1,2003호 (망월동)","경기도 하남시 망월동 1125 미사역 파라곤 스퀘어, 2002,2002-1,2003호",12912,37.5641109151,127.1939802632,,217057.174856799,451355.879802577,,000
바른동물병원,20230802,0000,정상,,031-559-4001,55.86,12217,"경기도 남양주시 늘을1로 3, 104호 (평내동)",경기도 남양주시 평내동 123-9 104호,12217,37.6522461656,127.2396905245,,221078.4952354,461125.496428013,,000
마음담은 동물병원,20240311,0000,정상,,031-556-7588,102.13,12249,"경기도 남양주시 다산중앙로82번안길 28, 213,214호 (다산동)",경기도 남양주시 다산동 6113 213호,12249,37.617705989,127.1644467878,,214431.535748668,457278.968896733,,000
청학동물병원,20240311,0000,정상,,031-848-8575,66.95,12084,"경기도 남양주시 별내면 청학로68번길 13, 삼화빌딩",경기도 남양주시 별내면 청학리 413-3 삼화빌딩,12084,37.7085500886,127.1193607654,,210453.866965467,467351.751617154,,000
본바른 동물의료센터,20240419,0000,정상,,031-522-5778,139.4,12113,"경기도 남양주시 별내중앙로 24, 201호 (별내동)",경기도 남양주시 별내동 1006-3,12113,37.6454335145,127.1262122993,,211072.098602199,460349.607768839,,000
목감동물병원,20161201,0000,정상,,031-482-7585,55.08,14984,경기도 시흥시 동서로 1064 (조남동),경기도 시흥시 조남동 169-45,14984,37.3838893135,126.8599259022,,187525.239516308,431321.164451321,,000
정다운동물병원,20170224,0000,정상,,031-498-7582,59.22,15036,"경기도 시흥시 중심상가로 146, 105호 (정왕동, 한일프라자)",경기도 시흥시 정왕동 1731-1 105호,15036,37.3467038502,126.7320525562,,176178.31945847,427223.954898429,,000
숲속동물병원,20170411,0000,정상,,031-317-8275,73.4,14948,"경기도 시흥시 삼미시장1길 39, 1층 (신천동)",경기도 시흥시 신천동 743 1층,14948,37.4412632357,126.7818439067,,180628.320803485,437701.073169699,,000
호수동물병원,20170713,0000,정상,,031-403-0075,40,14963,"경기도 시흥시 월곶해안로161번길 15, 월곶Ⅱ 유호N플러스빌(상가동) 108동 110호 (월곶동)",경기도 시흥시 월곶동 1012-1 월곶Ⅱ 유호N플러스빌(상가동),14963,37.389181627,126.7356749232,,176480.723133451,431893.660220227,,000
24시배곧스마트동물의료센터,20170829,0000,정상,,031-432-1224,420.15,15011,"경기도 시흥시 배곧3로 86, 센터프라자2 206,207,208,209,210,211,212호 (배곧동)",경기도 시흥시 배곧동 194-2 센터프라자2,15011,37.3702222869,126.7295541408,,175971.233747393,429834.311801204,,000
시흥24시센트럴동물의료센터,20180223,0000,정상,,031-432-2475,196.85,15036,"경기도 시흥시 정왕대로 174, 광개토빌딩1 2층 203호 (정왕동)",경기도 시흥시 정왕동 1726-1 광개토빌딩1 203호,15036,37.3481553901,126.7334942325,,176313.285156484,427368.540805943,,000
배곧코코동물병원,20180831,0000,정상,,031-434-0863,75,15020,"경기도 시흥시 함송로 15, 화신프라자 104,105호 (정왕동)",경기도 시흥시 정왕동 1881-11 화신프라자,15020,37.3640347307,126.7302949768,,176035.535074099,429144.230146749,,000
목감시티동물병원,20181031,0000,정상,,031-504-7559,0,14986,"경기도 시흥시 목감둘레로 253-24, 110호 (조남동)",경기도 시흥시 조남동 707-1,14986,37.380972798,126.8606510065,,187571.603834676,430994.498092742,,000
만세동물병원,20190102,0000,정상,,031-319-7583,52.29,15010,"경기도 시흥시 배곧4로 95, 지음프라자 101호 (정왕동)",경기도 시흥시 정왕동 1772-31 지음프라자,15010,37.3742440446,126.7339742565,,176366.853612678,430275.682261144,,000
프라임동물병원,20251029,0000,정상,,031-8052-8826,115,17568,"경기도 안성시 남파로 149, 1층 (당왕동)",경기도 안성시 당왕동 163-3,17568,37.0167422245,127.2669988291,,223691.641985071,390600.713790549,,000
제일종합동물병원,19821120,0000,정상,,,0,10059,경기도 김포시 양촌읍 양곡1로 13,경기도 김포시 양촌읍 구래리 238-8,10059,37.6519114273,126.6238338609,,166740.846004906,461130.915819728,,000
가람동물병원,19930413,0000,정상,,,129.6,10056,경기도 김포시 양촌읍 양곡로390번길 97,경기도 김포시 양촌읍 양곡리 64,10056,37.6666368911,126.6370060721,,167912.333338415,462750.386969152,,000
한마음동물병원,19950203,0000,정상,,031-987-7582,0,10036,경기도 김포시 통진읍 김포대로 2025,경기도 김포시 통진읍 도사리 657-3,10036,37.6826519314,126.6185504709,,166282.646555503,464539.082540929,,000
중앙애견종합병원,19980709,0000,정상,,,0,10108,경기도 김포시 돌문로 83-2 (사우동),경기도 김포시 사우동 201-26,10108,37.6210739531,126.7142247059,,174701.238256246,457674.060717288,,000
현대종합동물병원,19990429,0000,정상,,,0,10098,경기도 김포시 북변중로 72-10 (북변동),경기도 김포시 북변동 293-1,10098,37.6275572998,126.7092494731,,174268.775403702,458408.436886714,,000
미사 센트럴 동물병원,20220425,0000,정상,,031-791-8275,91.39,12919,"경기도 하남시 미사강변대로54번길 125, 상아프라자2 2층 201호 (풍산동)","경기도 하남시 풍산동 502-1 상아프라자2, 2층 201호",12919,37.5579042301,127.1884804176,,216583.121429789,450640.477245547,,000
서서동물의료센터,20220708,0000,정상,,031-8027-6991,152,12919,"경기도 하남시 미사강변대로 84, 미사탑프라자 2층 204.205호 (풍산동)","경기도 하남시 풍산동 504 미사탑프라자, 2층 204,205호",12919,37.5573982216,127.1880069952,,216546.156202862,450600.707368205,,000
로아클리닉(ROAR clinic),20230116,0000,정상,,,40.95,12925,"경기도 하남시 미사대로 540, 현대지식산업센터 한강미사2차(26BL) 제AC03동 3층 029호 (덕풍동)",경기도 하남시 덕풍동 833 현대지식산업센터 한강미사2차(26BL),12925,37.5577144841,127.2058720554,,218091.759753711,450614.564841249,,000
더 포레 동물병원,20230717,0000,정상,,02-2039-7734,182.43,13011,"경기도 하남시 위례대로6길 20-2, 위례 호반써밋 1층 116,117호 (학암동)","경기도 하남시 학암동 652 위례 호반써밋, 1층 116,117호",13011,37.4853621069,127.1526764286,,213350.190461363,442530.253078794,,000
다정한 동물병원,20230906,0000,정상,,02-2135-1350,113.4,12999,"경기도 하남시 감일백제로180번길 17, 퀸즈에비뉴 2층 217,218,219호 (감이동)","경기도 하남시 감이동 440-2 퀸즈에비뉴 ,2층 217,218,219호",12999,37.5091735066,127.1548630381,,213621.00717382,445226.554488452,,000
건강하게 동물병원,20231204,0000,정상,,,78.32,13010,"경기도 하남시 위례학암로14번길 27, 디에이치타워 위례 2층 201호 (학암동)",경기도 하남시 학암동 647-5 디에이치타워 위례 201호,13010,37.4872504953,127.157316717,,213842.911220009,442798.493856424,,000
웰니스 동물병원,20240104,0000,정상,,,99.17,12942,"경기도 하남시 미사대로 750, 스타필드 하남 1층 G242호 (신장동)",경기도 하남시 신장동 616 스타필드 하남,12942,37.545418129,127.2237611843,,219699.010520355,449270.371200837,,000
정직 동물병원,20240620,0000,정상,,,0,12913,"경기도 하남시 미사강변중앙로 180, 힐스테이트 미사역 그랑파사쥬(11-1BL) 2층 2017,2018호 (망월동)",경기도 하남시 망월동 1099-1 힐스테이트 미사역 그랑파사쥬(11-1BL),12913,37.5630752117,127.1908480352,,216790.504619651,451214.590007646,,000
기운찬 동물병원,20250109,0000,정상,,031-8027-9575,109.75,12948,"경기도 하남시 신장동로 35, 유니온 1층 101,102호 (신장동)","경기도 하남시 신장동 589-1 유니온, 101,102호",12948,37.5433781413,127.2112374675,,218585.130617564,449033.14745778,,000
리연외과동물병원,20250422,0000,정상,,031-8027-0223,158,12913,"경기도 하남시 미사강변동로 127, 경서타워 203호 (망월동)",경기도 하남시 망월동 1093 203호,12913,37.5661673836,127.191050402,,216809.580749603,451560.940535611,,000
튼튼동물병원,20251002,0000,정상,,02-407-5089,,13010,"경기도 하남시 위례대로6길 15, 상가동 지1층 102,103호 (학암동, 힐스테이트 센트럴 위례)",경기도 하남시 학암동 651 힐스테이트 센트럴 위례,13010,37.4870658846,127.1558244444,,213601.844225309,442701.905797426,,000
용인동물병원,19900302,0000,정상,,,58.34,17057,"경기도 용인시 처인구 명지로 17, 2층 202호 (역북동)",경기도 용인시 처인구 역북동 722-1,17057,37.2344550306,127.1891060007,,216708.324123275,414743.08452742,,000
포곡동물병원,19990514,0000,정상,,031-334-3304,0,17023,경기도 용인시 처인구 포곡읍 전대로 29,경기도 용인시 처인구 포곡읍 전대리 152-2,17023,37.2819128143,127.2213091258,,219558.26929321,420014.334101024,,000
한마음동물병원,20000705,0000,정상,,,0,16836,경기도 용인시 수지구 풍덕천로 113 (풍덕천동),경기도 용인시 수지구 풍덕천동 1075-4,16836,37.3225677446,127.0942392217,,208281.735064825,424511.373075667,,000
해피동물병원,20001124,0000,정상,,,0,16910,"경기도 용인시 기흥구 마북로 141, 104호 (마북동)",경기도 용인시 기흥구 마북동 173,16910,37.3031277883,127.1223840785,,210757.584699396,422356.139512474,,000
애견종합병원,20021105,0000,정상,,,0,,경기도 용인시 처인구 금령로 26 (김량장동),경기도 용인시 처인구 김량장동 333-2,17049,37.234678765,127.1989470011,,217583.44655214,414768.43709987,,000
주주동물병원,20040116,0000,정상,,031-284-8875,38.4,16972,"경기도 용인시 기흥구 구갈로 94 (구갈동, 주주동물병원)",경기도 용인시 기흥구 구갈동 345-1,16972,37.2826940746,127.1115099683,,209820.66,420086.404999999,,000
성복동물병원,20040805,0000,정상,,,0,16848,"경기도 용인시 수지구 성복2로76번길 26-3, B101호 (성복동, 드림타워)",경기도 용인시 수지구 성복동 740-1 6통3반 드림타워 B101호,16848,37.3152826432,127.0807694393,,207102.821071061,423695.354041086,,000
KRH동물병원,20020430,0000,정상,,,0,10102,"경기도 김포시 봉화로181번길 36, 삼환아파트 상가동 지하층 8호 (감정동)",경기도 김포시 감정동 659 삼환아파트 상가동 지하8호,10102,37.6271423227,126.6998366038,,173418.444486411,458381.226210813,,000
하나동물병원,20021123,0000,정상,,,142.14,10108,"경기도 김포시 관순로 4 (사우동, 1층상가)",경기도 김포시 사우동 1015 1층상가,10108,37.6214723508,126.7158522624,,174846.018435275,457719.185605783,,000
홈종합동물병원,20021220,0000,정상,,031-986-9975,940.86,10116,"경기도 김포시 풍무로 85, 1동 4층 (풍무동)",경기도 김포시 풍무동 407-19,10116,37.6032753097,126.7214131874,,175328.957999749,455696.179869569,,000
다우동물병원,20040102,0000,정상,,,63.96,10103,"경기도 김포시 중봉로 9, 주연메디칼 102호 (감정동)",경기도 김포시 감정동 513-2 주연메디칼,10103,37.623311446,126.6971466908,,173195.627150795,457925.218027617,,000
이레동물병원,20040126,0000,정상,,031-985-5075,,10110,"경기도 김포시 김포대로 821, 2층 (사우동)",경기도 김포시 사우동 139-2,10110,37.6185302651,126.7220926354,,175389.962487018,457386.846763996,,000
도그플러스,20070228,0000,정상,,,66,10117,"경기도 김포시 풍무로 167, 3층 (풍무동)",경기도 김포시 풍무동 38-1 3층,10117,37.6099629669,126.724119287,,175533.126928566,456437.773530883,,000
스타동물병원,20090817,0000,정상,,,0,10083,"경기도 김포시 김포한강1로51번길 28, 레드클로버 2층 203, 205호 (장기동)",경기도 김포시 장기동 1617 레드클로버 203호,10083,37.6441396231,126.6670434584,,170545.596744202,460250.942604159,,000
웰케어 동물병원,20100401,0000,정상,,,,10120,"경기도 김포시 유현로 19, 402동 206, 306호 (풍무동, 유현마을신동아아파트)",경기도 김포시 풍무동 583-6 유현마을신동아아파트,10120,37.5970069009,126.7248882055,,175492.265605435,455055.396863467,,000
고촌동물병원,20120423,0000,정상,,,,10129,경기도 김포시 고촌읍 김포대로319번길 11,경기도 김포시 고촌읍 신곡리,10129,37.5989464554,126.7718574621,,179786.408644103,455203.808740259,,000
우리동물병원,20121023,0000,정상,,,68.37,10025,"경기도 김포시 월곶면 군하로 107-1, 101,102호",경기도 김포시 월곶면 갈산리 518-9,10025,37.7037243376,126.5601742395,,161148.383251088,466904.161382516,,000
이리온,20140314,0000,정상,,031-988-3125,190,10079,경기도 김포시 초당로61번길 56 (장기동),경기도 김포시 장기동 1954-3,10079,37.6461172919,126.6714194717,,170933.323480966,460465.64701176,,000
아델동물병원,20140618,0000,정상,,,110.4,10078,"경기도 김포시 김포한강1로 254, 201호 (운양동)",경기도 김포시 운양동 1307-4 그랜드타워 201호,10078,37.6531309094,126.6858521094,,172209.55105993,461244.972338448,,000
로로 동물병원,20140721,0000,정상,,031-988-8916,58,10089,"경기도 김포시 김포한강2로 103, 528동 114호 (장기동, 우남퍼스트빌 상가동)",경기도 김포시 장기동 2065-1 우남퍼스트빌 상가동 528동 114호,10089,37.6375960434,126.6734522327,,171018.208974742,459468.772455511,,000
울디 동물병원,20141031,0000,정상,,031-916-3158,0,10060,"경기도 김포시 양촌읍 양곡2로 50, 아름터프라자 109, 110호",경기도 김포시 양촌읍 양곡리 1305-4 아름터프라자,10060,37.6556882197,126.6275192643,,167064.171248172,461547.657143585,,000
쿨펫동물병원,20150119,0000,정상,,031-997-7588,0,10071,"경기도 김포시 김포한강7로 71 (구래동, 이마트 김포한강점 2층)",경기도 김포시 구래동 6880-9 이마트 김포한강점 2층,10071,37.6443463969,126.6282980439,,167119.660833957,460295.332269763,,000
안창선동물병원,20050615,0000,정상,,031-665-6252,0,,경기도 평택시 탄현로 276 (지산동),경기도 평택시 지산동 824-2,17761,37.0771023849,127.0555675455,,204869.413901141,397261.393229205,,000
평택축협동물병원,20050929,0000,정상,,031-683-3003,0,17934,경기도 평택시 안중읍 서해로 1146-20,경기도 평택시 안중읍 안중리 194-14,17934,36.9960135204,126.9412634279,,194709.272944876,388266.142117707,,L00
청북동물병원 (출장진료 전문),20120515,0000,정상,,,0,17811,경기도 평택시 청북면 청북중앙로 6,경기도 평택시 청북면 현곡리 297-3,17811,37.0405229515,126.9330098459,,193966.882203077,393205.100044876,,000
코리아동물병원,20080530,0000,정상,,,0,,경기도 평택시 중앙로 141 (비전동),경기도 평택시 비전동 759-27,17898,36.9927650474,127.0987175581,,208717.152690817,387910.10185707,,000
경기도 야생동물 구조관리센터,20090330,0000,정상,,031-8008-6212,0,17710,경기도 평택시 진위면 동천길 132-93,경기도 평택시 진위면 동천리 56-3,17710,37.1320282207,127.1183273022,,210454.529262508,403351.282561698,,O00
삼성안내견학교 부속동물병원,20050707,0000,정상,,031-320-8936,374.7,17022,경기도 용인시 처인구 포곡읍 에버랜드로376번길 1-27,경기도 용인시 처인구 포곡읍 유운리 505,17022,37.3022574513,127.206452344,,218290.8221773,422276.722498098,,L00
에버랜드 동물병원,20060526,0000,정상,,031-320-8708,151.96,17023,경기도 용인시 처인구 포곡읍 에버랜드로 199,경기도 용인시 처인구 포곡읍 전대리 310,17023,37.2965457388,127.2077156604,,219138.424611781,420903.964757574,,L00
지인동물병원,20250417,0000,정상,,,81.89,15284,"경기도 안산시 상록구 안산천동로1길 29, 103호 (월피동, 이화)",경기도 안산시 상록구 월피동 448-2 이화상가 103호,15284,37.3312829483,126.8496037924,,186688.937447649,425374.689498598,,000
라비온 동물의료센터,20250715,0000,정상,,031-8042-6788,188.19,15470,"경기도 안산시 단원구 광덕3로 178, 화승타운 209호 (고잔동)",경기도 안산시 단원구 고잔동 768-2 화승타운 209호,15470,37.3120596479,126.832356584,,185068.249590875,423353.993234263,,000
민동물병원,19920128,0000,정상,,,0,10464,경기도 고양시 덕양구 호국로 778-6 (성사동),경기도 고양시 덕양구 성사동 699-1,10464,37.6556019519,126.8356524373,,185427.687268921,461481.802160795,,000
이창훈 동물병원,19930421,0000,정상,,,0,10359,경기도 고양시 일산동구 무궁화로141번길 7-9 (정발산동),경기도 고양시 일산동구 정발산동 1180-3,10359,37.6694671377,126.7763848878,,180202.560497974,463031.608757602,,000
신일산동물병원,19940907,0000,정상,,,0,10416,"경기도 고양시 일산동구 강송로 180, 백마프라자 (마두동)",경기도 고양시 일산동구 마두동 759 백마프라자,10416,37.6547217116,126.7838061686,,180842.086155646,461406.473246905,,000
시민종합동물병원,19950623,0000,정상,,,0,10375,경기도 고양시 일산서구 대산로 126 (주엽동),경기도 고양시 일산서구 주엽동 31-1,10375,37.6747879746,126.7637687862,,179089.635,463622.125,,000
행신동물병원,19951101,0000,정상,,031-971-5534,0,10517,경기도 고양시 덕양구 행신로 147 (행신동),경기도 고양시 덕양구 행신동 647-14,10517,37.6193729646,126.8316577052,,185068.23274404,457460.893932846,,000
화정동물병원,19960330,0000,정상,,,0,10476,경기도 고양시 덕양구 은빛로29번길 46 (화정동),경기도 고양시 덕양구 화정동 913-4 201호,10476,37.6400248779,126.8320847985,,185110.31,459754.585,,000
가람동물병원,19961004,0000,정상,,031-906-0976,0,10415,"경기도 고양시 일산동구 강석로 156, 강촌마을7단지 (마두동)",경기도 고양시 일산동구 마두동 796 강촌마을7단지,10415,37.6531636631,126.7795699625,,180429.594918348,461366.247981232,,000
디엔씨,19970902,0000,정상,,,0,10495,"경기도 고양시 덕양구 중앙로 550, 106호 (행신동, 삼일프라자)",경기도 고양시 덕양구 행신동 950-1 106호,10495,37.6234997889,126.8362215426,,185472.544302625,457917.404793549,,000
하노버,19980331,0000,정상,,,0,10379,"경기도 고양시 일산서구 중앙로 1470, 문촌마을 복합상가 (주엽동)",경기도 고양시 일산서구 주엽동 17 문촌마을 복합상가,10379,37.6722015115,126.7580679758,,178529.136791301,463365.623578833,,000
참사랑,19981001,0000,정상,,031-975-0187,0,10333,경기도 고양시 일산동구 탄중로 324 (중산동),경기도 고양시 일산동구 중산동 1570,10333,37.6931281213,126.7810209544,,180618.272521887,465655.679680979,,000
마리동물병원,20001130,0000,정상,,,0,10243,"경기도 고양시 일산서구 현중로 29, 탄현마을2단지 (탄현동)",경기도 고양시 일산서구 탄현동 1487 탄현마을2단지,10243,37.6931261693,126.7675233585,,179394.550073108,465705.701321462,,000
강남동물병원,20010223,0000,정상,,031-906-7575,61.27,10325,"경기도 고양시 일산동구 위시티로 75, 풍산트윈시티 115호 (식사동)",경기도 고양시 일산동구 식사동 670-28 115호,10325,37.6787518603,126.8111889898,,183267.923204545,464065.92071762,,000
아마존,20010406,0000,정상,,031-972-7582,0,10495,경기도 고양시 덕양구 중앙로558번길 21 (행신동),경기도 고양시 덕양구 행신동 944,10495,37.6246698042,126.8359165022,,185447.426056462,458048.974229598,,000
작은 친구 동물병원,20020206,0000,정상,,031-970-9204,22,10510,"경기도 고양시 덕양구 토당로42번길 13-15, 능곡역프라자 103호 (토당동)",경기도 고양시 덕양구 토당동 855-1,10510,37.6203310654,126.8210768432,,184137.491076053,457573.402451911,,000
워리워리,20021028,0000,정상,,,0,10370,경기도 고양시 일산서구 일산로635번길 8-21 (대화동),경기도 고양시 일산서구 대화동 2107-18 24통8반 2층,10370,37.6817585659,126.7571222369,,178507.651738435,464398.644179412,,000
쿨펫동물병원,20090602,0000,정상,,031-651-5975,0,17902,"경기도 평택시 평택5로 30, 3층 (합정동, 롯데마트)",경기도 평택시 합정동 968-1 롯데마트 3층,17902,36.9883462779,127.1117534348,,209876.420133429,387425.098329575,,000
굿모닝동물병원(출장전문 진료),20100115,0000,정상,,070-8883-1333,0,,경기도 평택시 현덕면 인광2길 58,경기도 평택시 현덕면 황산리 62-5 9통,17968,36.9637304599,126.9330855434,,193960.986594638,384679.952257924,,000
맑은숲동물병원,20100210,0000,정상,,,141.88,17731,경기도 평택시 추담로 102 (이충동),경기도 평택시 이충동 179,17731,37.0616645583,127.0712360641,,206266.152383163,395552.94155413,,000
튼튼동물병원,20110415,0000,정상,,,0,,경기도 평택시 평남로 655 (비전동),경기도 평택시 비전동 191-2,17899,36.9924692108,127.1072935492,,209478.98801192,387879.855059795,,000
이형윤동물병원,20110518,0000,정상,,031-652-8921,0,17908,"경기도 평택시 중앙2로 79, 1층 (합정동)",경기도 평택시 합정동 507-19,17908,36.9911508716,127.0958829261,,208463.893462724,387727.929195133,,000
two현동물병원,20110915,0000,정상,,031-657-4671,0,17848,"경기도 평택시 평남로 1050, 1층 103호 (동삭동)",경기도 평택시 동삭동 662-4 103호,17848,37.0099055968,127.0946596208,,208354.059089971,389814.735187844,,000
늘봄 동물병원,20171208,0000,정상,,032-346-5454,0,14703,경기도 부천시 소사구 소사로 196 (소사본동),경기도 부천시 소사구 소사본동 160-29,14703,37.475670471,126.7957422498,,181864.686954821,441518.411854494,,000
비엔동물전문의료센터,20180618,0000,정상,,032-345-7559,1261.43,14675,"경기도 부천시 소사구 경인로 475, 정인빌딩 (괴안동)",경기도 부천시 소사구 괴안동 111-46 정인빌딩,14675,37.4831363785,126.8084080521,,182981.890575644,442347.94651821,,000
TLC 동물의료센터,20190218,0000,정상,,032-323-2475,1186.4,14539,"경기도 부천시 원미구 길주로 281, 동화빌딩 (중동)",경기도 부천시 원미구 중동 1058-5 동화빌딩,14539,37.5038061201,126.774151467,,179960.785170621,444645.969664946,,000
24시 웰니스 동물 의료센터,20190308,0000,정상,,032-201-7575,308.9,14582,"경기도 부천시 원미구 부흥로303번길 62, 그린프라자 (중동)",경기도 부천시 원미구 중동 1128 그린프라자,14582,37.4973455884,126.7759674973,,180118.384127868,443927.710212979,,000
채움동물병원,20200116,0000,정상,,032-322-7505,0,14542,"경기도 부천시 원미구 길주로 129, 대신스카이빌 (상동)",경기도 부천시 원미구 상동 538-6 대신스카이빌,14542,37.5060962764,126.7568751923,,178431.895435095,444903.33287479,,000
옥길아라동물의료센터,20210409,0000,정상,,032-348-7775,10827.84,14786,"경기도 부천시 소사구 양지로 208, 지음프라자 2층 (옥길동)",경기도 부천시 소사구 옥길동 745-7 지음프라자,14786,37.4672636499,126.8240014993,,184358.461775744,440580.195376939,,000
정다운동물병원,20220922,0000,정상,,032-328-0119,,14582,"경기도 부천시 원미구 부흥로315번길 69, 2층 (중동)",경기도 부천시 원미구 중동 1127,14582,37.4975212004,126.776678513,,180181.892969151,443947.644093222,,000
리움 동물의료센터,20221103,0000,정상,,032-710-0040,,14412,"경기도 부천시 오정구 소사로 818, 유림빌딩 2층 (원종동)",경기도 부천시 오정구 원종동 262-2 유림빌딩,14412,37.528995729,126.8051214856,,182703.377161226,447436.84847304,,000
해든고양이병원,20230419,0000,정상,,032-719-7939,0,14549,"경기도 부천시 원미구 신흥로 190, 위브더스테이트 1단지 202,203,204호 (중동)",경기도 부천시 원미구 중동 1106 위브더스테이트,14549,37.5012741874,126.7772306084,,180230.147459412,444378.254519656,,000
중동우리아이동물병원,20230620,0000,정상,,032-724-9898,,14547,"경기도 부천시 원미구 소향로 181, 상가동 1층 125호 (중동, 센트럴파크 푸르지오)",경기도 부천시 원미구 중동 1300 센트럴파크 푸르지오,14547,37.5020280866,126.7679235986,,179405.695792369,444449.660787061,,000
정담 동물메디컬센터,20230727,0000,정상,,032-653-0119,,14724,"경기도 부천시 소사구 경인로 141, 국일빌딩 1층 (송내동)",경기도 부천시 소사구 송내동 563 국일빌딩,14724,37.4842906367,126.7710149188,,179676.48544207,442480.174774737,,000
치즈동물병원,20240405,0000,정상,,02-6180-7575,0,14789,"경기도 부천시 소사구 범안로 227, 서영아너시티1차 3층 8,9호 (옥길동)",경기도 부천시 소사구 옥길동 777-4 서영아너시티1차,14789,37.4621781381,126.8127397108,,183359.335317051,440015.365621298,,000
아이맘동물의료센터,20240730,0000,정상,,032-710-6605,,14544,"경기도 부천시 원미구 상동로 69, 새롬프라자(15차) 204호 (상동)",경기도 부천시 원미구 상동 544-11 새롬프라자(15차),14544,37.5037687162,126.7522596034,,178022.823328285,444644.745702961,,000
더독,20030802,0000,정상,,031-977-0154,0,10338,경기도 고양시 일산동구 고봉로278번길 16 (중산동),경기도 고양시 일산동구 중산동 1667-3,10338,37.6832431833,126.7784852605,,180390.956863047,464559.984135262,,000
반딧불 동물병원,20030520,0000,정상,,,0,10387,"경기도 고양시 일산서구 중앙로 1443, 가람상가 208호 (주엽동)",경기도 고양시 일산서구 주엽동 110-2 가람상가 208호,10387,37.6703911449,126.7597074862,,178734.035214849,463140.211764088,,000
Dr. dog 동물영상의료센터,20030613,0000,정상,,,104.8,10406,경기도 고양시 일산동구 일산로394번길 5-11 (정발산동),경기도 고양시 일산동구 정발산동 1294-4,10406,37.670704443,126.7812146784,,180629.358181067,463166.489098148,,000
이용철동물병원,20030703,0000,정상,,,115,10353,"경기도 고양시 일산서구 고양대로 688, 201호 (일산동)",경기도 고양시 일산서구 일산동 646-1,10353,37.6836565405,126.7724137723,,179854.219202599,464610.373864229,,000
이솝동물병원,20040701,0000,정상,,031-903-3399,0,10412,경기도 고양시 일산동구 일산로286번길 7-7 (마두동),경기도 고양시 일산동구 마두동 898-7,10412,37.6617307004,126.7862331414,,181071.114461288,462169.59585174,,000
백암동물병원,20070126,0000,정상,,031-336-1245,40,,경기도 용인시 처인구 백암면 근창로 45,경기도 용인시 처인구 백암면 근창리 20-4,17177,37.1631476286,127.3700916142,,232802.024242569,406877.508100581,,000
나라동물병원,20080612,0000,정상,,031-338-7975,20,17027,경기도 용인시 처인구 포곡읍 포곡로 96,경기도 용인시 처인구 포곡읍 둔전리 390-4,17027,37.2686413624,127.2163051681,,219115.844138324,418510.702050109,,000
용인센트럴동물병원,20090629,0000,정상,,,76,17063,"경기도 용인시 처인구 백옥대로 1058, 남곡빌딩 (김량장동)",경기도 용인시 처인구 김량장동 12-15 남곡빌딩,17063,37.2302816668,127.2104967874,,218619.617001082,414282.600305836,,000
마리동물의료센터,20090930,0000,정상,,070-8807-8375,100.43,,경기도 용인시 처인구 백암면 백암로185번길 46,경기도 용인시 처인구 백암면 백암리 436-1,17178,37.1642041615,127.3718130812,,232955.158766333,406995.659499522,,000
펫 동물병원,20120109,0000,정상,,031-334-4589,49,17091,"경기도 용인시 처인구 중부대로 1136, 2층 203호 (삼가동)",경기도 용인시 처인구 삼가동 197-30,17091,37.2400862632,127.1714721405,,215148.340128038,415368.038179117,,000
스마일동물병원,20120621,0000,정상,,,50,17145,경기도 용인시 처인구 중부대로 1510 (마평동),경기도 용인시 처인구 마평동 858-9,17145,37.2329448797,127.2121663447,,218756.128461501,414583.643881456,,000
용인축협동물병원,20140402,0000,정상,,031-339-7498,164.24,17149,"경기도 용인시 처인구 고림로 140, 1, 3층 (고림동)",경기도 용인시 처인구 고림동 761,17151,37.2439595712,127.2194870779,,219414.920144213,415796.274599516,,L00
행복동물병원,20140926,0000,정상,,031-334-7580,56,17035,"경기도 용인시 처인구 모현읍 백옥대로 2362, 왕산태권도학원",경기도 용인시 처인구 모현읍 왕산리 428-1 왕산태권도학원,17035,37.3343913573,127.2492577785,,222018.294633746,425845.530834825,,000
양지종합동물병원,20151008,0000,정상,,031-338-7588,0,17158,경기도 용인시 처인구 양지읍 중부대로 2219,경기도 용인시 처인구 양지읍 양지리 480-1,17158,37.2335623198,127.2867158105,,225368.10895453,414664.64837249,,000
닥터페티앙동물병원,20160502,0000,정상,,031-335-7578,160,17060,경기도 용인시 처인구 명지로 185 (남동),경기도 용인시 처인구 남동 71-48,17060,37.2267383351,127.1957884527,,217312.972592353,413866.420117702,,000
강 동물병원,20161220,0000,정상,,,66,17178,경기도 용인시 처인구 백암면 백암로185번길 46,경기도 용인시 처인구 백암면 백암리 436-1,17178,37.1642041615,127.3718130812,,232955.158766333,406995.659499522,,000
김재원 동물병원,20161221,0000,정상,,031-322-8875,190,17163,경기도 용인시 처인구 원삼면 죽양대로 1982,경기도 용인시 처인구 원삼면 좌항리 1-10,17163,37.21315066,127.322681086,,228548.036809398,412471.159062411,,000
용인24시 아이온동물메디컬센터,20171214,0000,정상,,031-334-6125,264.81,17047,경기도 용인시 처인구 중부대로 1307 (역북동),경기도 용인시 처인구 역북동 428-12,17047,37.2362245103,127.1901472075,,216802.894659338,414936.951741946,,000
드림동물병원,20171229,0000,정상,,031-335-7582,323.4,17153,경기도 용인시 처인구 경안천로 46 (마평동),경기도 용인시 처인구 마평동 717-3,17153,37.2372224145,127.2104702471,,218619.666218215,415056.228990191,,000
뉴광명동물메디컬센터,20000513,0000,정상,,20607577,102.72,14264,"경기도 광명시 오리로 931, 1층 (광명동)",경기도 광명시 광명동 158-1185,14264,37.4777541479,126.859363664,,187491.248596689,441740.207550913,,000
웰니스 동물병원,20240229,0000,정상,,,0,14316,"경기도 광명시 소하로 97, 3층 (소하동)",경기도 광명시 소하동 1339-3,14316,37.4465293847,126.8844789638,,189714.449800306,438279.937828733,,000
해담동물병원,20130212,0000,정상,,,493,14240,"경기도 광명시 디지털로 13, 한국빌딩 1,2층 (철산동)",경기도 광명시 철산동 424 한국빌딩,14240,37.4739656716,126.8688958814,,188332.568049652,441316.933124423,,000
광명시티동물병원,20130618,0000,정상,,,85,14318,경기도 광명시 금하로 522 (소하동),경기도 광명시 소하동 38-2,14318,37.4505966159,126.8900985745,,190207.557951593,438720.857482469,,000
봄빛동물병원,20130812,0000,정상,,26197588,38,14242,"경기도 광명시 디지털로 56, 101호 (철산동, 래미안자이상가 )",경기도 광명시 철산동 634,14242,37.4720290111,126.8742161295,,188817.803794713,441078.624489493,,000
하안동물병원,20140519,0000,정상,,02-897-7580,0,14248,"경기도 광명시 하안로 309, 세인빌딩 1층 105호 (하안동)",경기도 광명시 하안동 34-3 세인빌딩,14248,37.4629693732,126.8791539685,,189237.766064871,440096.604556056,,000
바른걸음 외과 동물병원,20150506,0000,정상,,02-6085-4777,194.22,14247,"경기도 광명시 하안로 314, 1층 (하안동)",경기도 광명시 하안동 33 1층,14247,37.4636093693,126.8791599843,,189241.094653958,440162.588330042,,000
김민성 동물병원,20160620,0000,정상,,02-2686-7582,32.69,14241,"경기도 광명시 광덕산로 5, 종합상가동 112호 (철산동)",경기도 광명시 철산동 637 종합상가동 112호,14241,37.4703709903,126.8692201352,,188352.684388529,441123.772898718,,000
온빛동물병원,20161226,0000,정상,,02-898-8971,100.75,14327,경기도 광명시 오리로 352 (소하동),경기도 광명시 소하동 1269,14327,37.433984238,126.8796534433,,189281.58757883,436877.822660231,,000
다산아이동물병원,20250619,0000,정상,,031-522-4183,68.68,12248,"경기도 남양주시 다산중앙로123번길 22-26, 230호 (다산동)",경기도 남양주시 다산동 6058-1,12248,37.6248639156,127.1524250058,,213377.735664805,458090.648881496,,000
로이스 동물병원,20250707,0000,정상,,031-522-5279,114.33,12119,"경기도 남양주시 퇴계원읍 퇴계원로 112, 1층",경기도 남양주시 퇴계원읍 퇴계원리 75-15,12119,37.6562339385,127.1444789027,,212679.728777858,461549.185201025,,000
24시다산원동물의료센터,20250806,0000,정상,,031-522-5956,327.67,12248,"경기도 남양주시 다산중앙로 15, 3층 (다산동)",경기도 남양주시 다산동 6149,12248,37.6146059892,127.1552827894,,213639.876832665,456930.689222564,,000
진선동물병원,19960316,0000,정상,,031-374-4644,37,18130,경기도 오산시 성호대로 36 (오산동),경기도 오산시 오산동 609-55,18130,37.1490893314,127.0652026276,,205721.880958834,405254.880568983,,000
오산동물병원,20010131,0000,정상,,031-377-7582,67.4,,경기도 오산시 성호대로 108 (원동),경기도 오산시 원동 754-3,18138,37.1486139748,127.0733018962,,206439.086245409,405201.814359527,,000
원 종합동물병원,20020803,0000,정상,,031-374-1175,103.18,18138,경기도 오산시 대원로 37-1 (원동),경기도 오산시 원동 758-8,18138,37.1465293173,127.0726379756,,206382.362481311,404971.819310055,,000
우리동물병원,20060315,0000,정상,,031-373-8486,120.52,18144,"경기도 오산시 경기대로 174, 다모아프라자 101,102호 (원동)",경기도 오산시 원동 372-1 다모아프라자,18144,37.1402867373,127.0738103157,,206486.944071823,404277.57394721,,000
미소 동물병원,20110916,0000,정상,,031-374-2579,0,18109,"경기도 오산시 수청로 189, 웅신아트프라자 104,202호 (금암동)",경기도 오산시 금암동 516-6 웅신아트프라자,18109,37.1768163343,127.0458707095,,204004.333509624,408331.949848515,,000
저스트벳 동물병원,20140201,0000,정상,,031-378-1514,0,18143,"경기도 오산시 원동로 6, 파크스퀘어 105,106호 (원동)","경기도 오산시 원동 841 파크스퀘어 105,6호",18143,37.1420473945,127.0696230257,,206118.273622077,404474.595570101,,000
참동물병원,20140508,0000,정상,,031-374-1275,0,18147,"경기도 오산시 오산로 91-10 (갈곶동, 광성빌딩 101호)",경기도 오산시 갈곶동 659-1 광성빌딩 101호,18147,37.1353917343,127.068737498,,206030.273842891,403734.379600391,,000
경기동물메디컬센터,20140702,0000,정상,,031-375-8875,425.05,18140,"경기도 오산시 운천로 3 (원동, 101호, 201호)","경기도 오산시 원동 299-1 101호, 201호",18140,37.1430009928,127.0740878483,,206510.104590416,404582.130641252,,000
용인시 동물보호센터,20180601,0000,정상,,031-324-3467,615.6,17090,"경기도 용인시 처인구 중부대로 1074-1, 용인시 동물보호센터 (삼가동)",경기도 용인시 처인구 삼가동 164 용인시 동물보호센터,17090,37.2433150194,127.159326276,,214072.830423809,415719.496385386,,000
숲속동물병원,20181001,0000,정상,,,56.1,17117,"경기도 용인시 처인구 남사읍 한숲로 45, 145호",경기도 용인시 처인구 남사읍 아곡리 694 145호,17117,37.1528263228,127.1701945982,,215047.724776929,405681.684861038,,000
한솔동물병원,20191021,0000,정상,,,61.74,17176,경기도 용인시 처인구 백암면 죽양대로 1427-33,경기도 용인시 처인구 백암면 근곡리 707-2,17176,37.1715122145,127.3541157555,,231373.692456937,407805.63178617,,000
용인해성동물병원,20200901,0000,정상,,031-333-8875,52,17056,"경기도 용인시 처인구 명지로40번길 15-9, 유니버스트윈1 115호 (역북동)",경기도 용인시 처인구 역북동 754-1 유니버스트윈1,17056,37.2316274587,127.1867615078,,216506.30580107,414444.527841065,,000
윤 동물병원,20220426,0000,정상,,,60,17118,경기도 용인시 처인구 남사읍 경기동로 338,경기도 용인시 처인구 남사읍 북리 54-18,17118,37.1419152507,127.1623938335,,214347.075396097,404449.505695247,,000
송전휴동물병원,20221130,0000,정상,,031-323-0775,0,17136,"경기도 용인시 처인구 이동읍 경기동로705번길 13-17, 1층 101호",경기도 용인시 처인구 이동읍 송전리 714-3 1층 101호,17136,37.1400542762,127.1976221774,,217481.754521845,404267.8786278,,000
아라양돈동물병원,20221226,0000,정상,,,63.74,17044,"경기도 용인시 처인구 학산로 17-2, 더 하우스 1층 (김량장동)",경기도 용인시 처인구 김량장동 203-37 더 하우스 1층,17044,37.239244051,127.2005974508,,217727.15591113,415277.688020882,,000
한결산업동물병원,20240104,0000,정상,,,16,17177,경기도 용인시 처인구 백암면 근창로 38,경기도 용인시 처인구 백암면 근창리 19-1,17177,37.1636443057,127.3709129744,,232873.215882073,406935.142662582,,000
제이엠 동물병원,20041218,0000,정상,,031-924-1375,0,10402,"경기도 고양시 일산동구 정발산로 43-20, 센트럴프라자 205호 (장항동)",경기도 고양시 일산동구 장항동 846 센트럴프라자 205호,10402,37.6583803846,126.7733747675,,179935.267998763,461800.124782342,,000
Dr.JK 동물병원,20041227,0000,정상,,,0,10364,"경기도 고양시 일산동구 무궁화로 17, 한라밀라트 A동 102호 (장항동)",경기도 고양시 일산동구 장항동 742 한라밀라트 A동 102호,10364,37.6621949394,126.7664101767,,179321.637884805,462227.553754862,,000
일산동물의료원,20050125,0000,정상,,031-924-7582,889.91,10368,"경기도 고양시 일산서구 대화로 407, 일산로 676 3층(추가) (대화동)","경기도 고양시 일산서구 대화동 2038 ,대화동2038-1",,,,,178216.903499662,464479.377142906,,000
김 S 동물병원,20050322,0000,정상,,031-916-7509,0,10362,경기도 고양시 일산동구 무궁화로93번길 6-10 (정발산동),경기도 고양시 일산동구 정발산동 702-4,10362,37.6667464666,126.7736673823,,179960.726089658,462730.421501637,,000
그랜드 동물병원,20050407,0000,정상,,,0,10387,"경기도 고양시 일산서구 주엽로 134, 시대프라자 101호 (주엽동)",경기도 고양시 일산서구 주엽동 115-1 시대프라자,10387,37.6707056974,126.7581282251,,178593.884197265,463172.801035455,,000
백마동물병원,20050516,0000,정상,,,0,10417,"경기도 고양시 일산동구 일산로 212, 장항A타운 1층 (마두동)",경기도 고양시 일산동구 마두동 728-1 장항A타운,10417,37.6553265216,126.7899222246,,181395.717224051,461459.891588772,,000
튼튼동물치과병원,20050628,0000,정상,,031-811-9975,0,10449,"경기도 고양시 일산동구 일산로 38, 우림오피스텔 1층 110호 (백석동)",경기도 고양시 일산동구 백석동 1309 우림오피스텔,10449,37.6418538178,126.7872848107,,181155.460369535,459965.050429279,,000
사과나무 동물병원,20051014,0000,정상,,,277.36,10375,"경기도 고양시 일산서구 일산로 539, 2층 (일산동)",경기도 고양시 일산서구 일산동 1084-3,10375,37.6773558009,126.7679619385,,179459.928318467,463906.049359777,,000
해맑은 동물병원,20060608,0000,정상,,031-924-0075,0,,경기도 고양시 일산서구 일현로 48,경기도 고양시 일산서구 탄현동 1573-5 현해프라자 203호,10343,37.6912696849,126.7632202251,,179054.660565285,465462.149809784,,000
산들동물병원,20060617,0000,정상,,,0,10355,경기도 고양시 일산동구 고봉로 250 (중산동),경기도 고양시 일산동구 중산동 1669-4,10355,37.6816119593,126.7785124016,,180391.690541729,464405.966812253,,000
토베스트 동물병원,20060825,0000,정상,,,0,10359,경기도 고양시 일산동구 일산로441번길 15-19 (정발산동),경기도 고양시 일산동구 정발산동 1203-7,10359,37.672442873,126.7780795781,,180354.271381319,463360.822868556,,000
도래동물병원,20180413,0000,정상,,031-375-7590,59.6,18110,"경기도 오산시 청학로 250, 1층 104호 (수청동)",경기도 오산시 수청동 608-8 104호,18110,37.1709063155,127.0610788833,,205353.578411803,407676.097681871,,000
위더스동물의료센터,20180531,0000,정상,,031-373-2975,167.3,18108,"경기도 오산시 수목원로 466, 성민리치프라자 201,202호 (금암동)",경기도 오산시 금암동 502-1,18108,37.1752726622,127.0500028626,,204370.132051472,408160.399012975,,000
장수동물의료원,20180608,0000,정상,,031-373-0775,76.32,18130,"경기도 오산시 성호대로 26, 1층 (오산동)",경기도 오산시 오산동 614-28,18130,37.1492292939,127.0640419501,,205617.201831645,405268.725653857,,000
스마일 동물병원,20190704,0000,정상,,031-375-5975,62.51,18114,경기도 오산시 내삼미로 83 (수청동),경기도 오산시 수청동 620-5,18114,37.1696444703,127.066008533,,205790.748774327,407536.638090089,,000
튼튼동물병원,20200130,0000,정상,,031-372-8333,100,18120,"경기도 오산시 궐리사로 69, 구마빌딩 101호 (궐동)",경기도 오산시 궐동 632-2,18120,37.1588960253,127.0601347168,,205273.637200392,406347.194120753,,000
하군이네 동물병원,20210302,0000,정상,,031-8055-7803,194.7,18123,"경기도 오산시 대호로 63, 휘러스빌 401호 (궐동)",경기도 오산시 궐동 701-4 휘러스빌 401호,18123,37.1562000581,127.0551049756,,204824.541520557,406040.728920359,,000
멍냥 동물병원,20241014,0000,정상,,031-373-1110,120.6,18124,"경기도 오산시 죽담3로 6, 201호 (궐동)",경기도 오산시 궐동 781-1 201호,18124,37.16367315,127.0504320562,,,,,000
24시하나린동물의료센터,20250314,0000,정상,,070-7537-3724,243.84,18108,"경기도 오산시 문헌공로 3, 인피니트타워 201호, 202호 (금암동)","경기도 오산시 금암동 502-5 인피니트타워 201호, 202호",18108,37.1745272881,127.0507394875,,204436.075052915,408075.264039273,,000
오산25시종합동물병원,20250317,0000,정상,,031-378-1114,155.94,18135,경기도 오산시 성호대로 97 (오산동),경기도 오산시 오산동 869-35,18135,37.1490246792,127.0722072807,,206337.482365146,405250.919821318,,000
청안동물병원,19960619,0000,정상,,031-311-4148,0,,경기도 시흥시 삼미시장1길 19 (신천동),경기도 시흥시 신천동 738-2,14948,37.4405908634,126.7839303247,,180806.647232344,437627.778199337,,000
신천동물병원,20020321,0000,정상,,031-315-3727,21,,경기도 시흥시 호현로22번길 27 (신천동),경기도 시흥시 신천동 709-10,14910,37.4406190777,126.7871065669,,181089.183614231,437631.292475563,,000
가평축산농협 동물병원,20110421,0000,정상,,031-582-4111,24,12420,"경기도 가평군 가평읍 가화로 55-17, 가평축산농협",경기도 가평군 가평읍 대곡리 166-2 가평축산농협,12420,37.8245422933,127.514703558,,245252.416638152,480343.925718312,,L00
청평동물병원,20120329,0000,정상,,,59.82,12452,경기도 가평군 청평면 청평중앙로 55-1,경기도 가평군 청평면 청평리 465-25,12452,37.7384399692,127.4204501612,,236987.668990474,470746.353149921,,000
설악동물병원,20131211,0000,정상,,,66.12,12465,"경기도 가평군 설악면 신천중앙로 120, 1층",경기도 가평군 설악면 신천리 435-3 설악동물병원,12465,37.6782482628,127.4906214378,,243211.024767491,464093.169143607,,000
우랑동물병원(산업동물출장진료전문병원),20171228,0000,정상,,,18,12414,경기도 가평군 가평읍 중촌로 11,경기도 가평군 가평읍 읍내리 602,12414,37.8331234043,127.508920901,,244728.675615824,481292.971523445,,000
가평동물병원,20231122,0000,정상,,,48.72,12413,"경기도 가평군 가평읍 보납로 11, 센트럴더스카이 근린생활시동 105호",경기도 가평군 가평읍 읍내리 457-5,12413,37.8312573862,127.5122048372,,245013.115244781,481096.792130088,,000
사랑나무동물병원,20250121,0000,정상,,,73.2,12413,경기도 가평군 가평읍 가화로 155,경기도 가평군 가평읍 읍내리 624-3,12413,37.8331231818,127.5114892022,,244957.088397569,481295.90855951,,000
용문동물병원,19720801,0000,정상,,031-773-3176,0,12522,경기도 양평군 용문면 용문로 353,경기도 양평군 용문면 다문리 728-18,12522,37.4843306326,127.5931358179,,252390.958909118,442625.387267043,,000
유일동물병원,19791115,0000,정상,,,70.56,12564,경기도 양평군 양평읍 미리내길 96,경기도 양평군 양평읍 도곡리 286-1,12564,37.4810721843,127.5349159547,,247232.490946105,442233.918916797,,000
우람동물병원,19910316,0000,정상,,031-772-8275,0,12559,경기도 양평군 양평읍 남북로 97,경기도 양평군 양평읍 공흥리 484-4,12559,37.4914250334,127.5023529671,,244356.031604811,443365.285767752,,000
풍동 라파엘 동물병원,20060912,0000,정상,,,152.88,10306,"경기도 고양시 일산동구 숲속마을로 50-76, 중앙프라자 204,205호 (풍동)",경기도 고양시 일산동구 풍동 1273-6 중앙프라자,10306,37.6677543174,126.7987160382,,182186.684498782,462835.495493601,,000
피그만클리닉,20061010,0000,정상,,,0,10592,"경기도 고양시 덕양구 삼송로 222, 헤리엇오피스 310호 (삼송동)",경기도 고양시 덕양구 삼송동 293 310호,10592,37.6528963832,126.8992287721,,191025.010600686,461186.001629362,,000
펫피아 동물병원,20061019,0000,정상,,,0,10525,경기도 고양시 덕양구 충경로 45 (행신동),경기도 고양시 덕양구 행신동 756-10,10525,37.6156857686,126.8347160317,,185338.681154452,457050.109999015,,000
올리브동물병원,20061117,0000,정상,,031-908-7582,0,10422,"경기도 고양시 일산동구 중앙로 1130, C동 1층 12호 (마두동, 강촌마을6단지아파트)",경기도 고양시 일산동구 마두동 806 강촌마을6단지아파트 C동 1층 12호,10422,37.650083043,126.7798831232,,180539.609005671,460835.850681465,,000
탑케어동물의료원,20070330,0000,정상,,1666-7501,790.8,10500,"경기도 고양시 덕양구 화신로272번길 5, 2,3층 (화정동)",경기도 고양시 덕양구 화정동 984-8,10500,37.6312311266,126.831064195,,185013.703419501,458778.522826862,,000
풍동동물병원,20070501,0000,정상,,,0,10306,"경기도 고양시 일산동구 숲속마을로 48 (풍동, 신성프라자)",경기도 고양시 일산동구 풍동 1280,10306,37.6674431629,126.7979252614,,182103.488459125,462804.299266978,,000
자유로 동물병원,20071213,0000,정상,,,0,10222,"경기도 고양시 일산서구 대화로 120, 자유로프라자 (대화동)",경기도 고양시 일산서구 대화동 1450-1 자유로프라자,10222,37.6697044975,126.7340429263,,176474.179870173,463060.185042319,,000
초원동물병원,20080414,0000,정상,,,0,10371,"경기도 고양시 일산서구 일산로 589, 현대프라자 (일산동)",경기도 고양시 일산서구 일산동 1054-1 현대프라자,10371,37.6795411989,126.7628485981,,178994.545016244,464162.963343777,,000
원당동물병원,20080904,0000,정상,,,0,10461,"경기도 고양시 덕양구 마상로126번길 97, 3층 (주교동)",경기도 고양시 덕양구 주교동 611-9,10461,37.6564996476,126.8334110505,,185231.568909319,461582.472573308,,000
쿨펫동물병원,20081204,0000,정상,,,56.9,10500,"경기도 고양시 덕양구 화중로 66, 롯데마트 2층 (화정동)",경기도 고양시 덕양구 화정동 982 롯데마트,10500,37.6329529662,126.8311167607,,185024.681774615,458969.125315118,,000
조이동물병원,20090309,0000,정상,,,118.5,10233,"경기도 고양시 일산서구 탄중로 111, 양우로데오메인타운2 C동 101호, 양우로데오메인타운1 A동 106호 (덕이동)",경기도 고양시 일산서구 덕이동 263-19 양우로데오메인타운,10233,37.6932051649,126.7570987892,,178527.763301119,465638.309280145,,000
휴 동물병원,20240227,0000,정상,,031-323-3383,0,17170,경기도 용인시 처인구 원삼면 보개원삼로 1361-1,경기도 용인시 처인구 원삼면 목신리 723,17170,37.1181790249,127.3064234383,,227164.181741574,401863.256645643,,000
로고스 동물병원,20240430,0000,정상,,031-323-5511,0,17045,"경기도 용인시 처인구 낙은로 32, 1층 (역북동)",경기도 용인시 처인구 역북동 464-9,17045,37.2401589558,127.1988124621,,217562.668613964,415377.155326296,,000
동물사랑세상 의료센터,20250204,0000,정상,,031-8097-4122,0,17054,"경기도 용인시 처인구 중부대로 1294, 3층 311호 (역북동)",경기도 용인시 처인구 역북동 802,17054,37.2354625173,127.1883126982,,216638.196171374,414851.808049304,,000
에스앤제이 동물병원,20250718,0000,정상,,,,17022,경기도 용인시 처인구 포곡읍 선장1로 98-8,경기도 용인시 처인구 포곡읍 신원리 523,17022,37.3164287344,127.2143876464,,218940.213175142,423846.941188597,,000
파이 동물의료센터,20250904,0000,정상,,031-336-0314,,17151,"경기도 용인시 처인구 고림로 136, 1층 103,104,105호 (고림동)",경기도 용인시 처인구 고림동 670-12,17151,37.2442178971,127.2181894835,,219303.243200916,415828.696969361,,000
미리내동물병원,20251231,0000,정상,,,63.15,17154,경기도 용인시 처인구 경안천로 2 (마평동),경기도 용인시 처인구 마평동 907,17154,37.2335016598,127.2113074417,,218677.25022253,414645.732954029,,000
강남종합동물병원,20051129,0000,정상,,031-283-0775,62.55,16967,경기도 용인시 기흥구 신갈로 85 (신갈동),경기도 용인시 기흥구 신갈동 38-5,16967,37.2742911754,127.1054847526,,209286.071286772,419153.769159212,,000
24시동물병원,20060718,0000,정상,,,62.3,16971,경기도 용인시 기흥구 구갈로 53 (구갈동),경기도 용인시 기흥구 구갈동 391-5,16971,37.2791049178,127.1110208034,,209775.175,419688.265000001,,000
죽전동물병원,20060905,0000,정상,,031-266-2993,0,16898,"경기도 용인시 기흥구 죽전로 49, 101호 (보정동)",경기도 용인시 기흥구 보정동 1208-2 씨티프라자,16898,37.3207327754,127.1142600311,,210058.147500119,424310.334404575,,000
양동진동물병원(출장전문),19950421,0000,정상,,,13.2,12521,경기도 양평군 용문면 용문로 331,경기도 양평군 용문면 다문리 704-2,12521,37.482862763,127.5913921174,,252215.404738018,442434.567896202,,000
개포동물병원,20100308,0000,정상,,031-771-7278,53.85,12585,"경기도 양평군 양서면 양수로 170, 1층",경기도 양평군 양서면 양수리 565-11,12585,37.5453211308,127.3177201082,,228007.744278274,449274.886431568,,000
양평가축병원,20120626,0000,정상,,031-772-3332,65.28,12555,경기도 양평군 양평읍 양근로 214,경기도 양평군 양평읍 양근리 284-1,12555,37.4883330863,127.4919008336,,243430.071317703,443018.334412458,,000
참 좋은 동물병원,20130909,0000,정상,,031-772-0075,414.08,12561,경기도 양평군 양평읍 시민로 90,경기도 양평군 양평읍 공흥리 468-23,12561,37.490505653,127.5014140377,,244272.555716225,443260.244570934,,000
용문조아동물병원,20180620,0000,정상,,031-771-7585,423.32,12520,경기도 양평군 용문면 용문로 334,경기도 양평군 용문면 다문리 743-3,12520,37.4828623946,127.5918671747,,252276.274175384,442461.550357548,,000
한서동물병원,20190814,0000,정상,,,313.56,12563,"경기도 양평군 양평읍 충신로 280, 104호",경기도 양평군 양평읍 회현리 447-3,12563,37.4674933316,127.5091826034,,244968.797986062,440705.123383836,,000
중앙동물병원,20191212,0000,정상,,031-772-1261,19754,12561,경기도 양평군 양평읍 시민로 84,경기도 양평군 양평읍 공흥리 467-6,12561,37.4905687534,127.5009502442,,244225.671195545,443269.481006115,,000
토마스동물병원,20200129,0000,정상,,031-771-7599,98.6,12551,"경기도 양평군 양평읍 중앙로 93, 101,102호",경기도 양평군 양평읍 공흥리 585,12551,37.4944446376,127.4994570236,,244102.627964218,443704.250040167,,000
초원동물병원,20200911,0000,정상,,,52,12580,"경기도 양평군 양서면 경강로 1055-22, 가동",경기도 양평군 양서면 국수리 326-13,12580,37.5121600664,127.401002285,,235395.792451972,445624.341223713,,000
팜스플랜동물병원(출장전문),20210316,0000,정상,,031-771-9533,532.19,12551,"경기도 양평군 양평읍 중앙로 53, 1층 103호",경기도 양평군 양평읍 공흥리 730-7 103호,12551,37.4958056099,127.4952938832,,243726.873794096,443857.561244083,,000
동물병원 산책,20220113,0000,정상,,031-773-8275,127.99,12551,경기도 양평군 양평읍 중앙로 49,경기도 양평군 양평읍 공흥리 731-6,12551,37.4960489587,127.4948074136,,243689.171017797,443879.1750773,,000
강남동물병원,20221229,0000,정상,,031-774-8375,113.04,12502,"경기도 양평군 서종면 북한강로 767, 2층",경기도 양평군 서종면 문호리 768-11,12502,37.6057110462,127.3490800925,,230756.08509853,455985.581229725,,000
이장석 동물병원,20250826,0000,정상,,031-773-7582,82.64,12522,경기도 양평군 용문면 다문북길 110,경기도 양평군 용문면 다문리 338-4,12522,37.4879436851,127.5949388581,,252561.080477572,443023.534195729,,000
광명 24 아이디동물의료센터,20231106,0000,정상,,02-6952-2475,196,14235,"경기도 광명시 오리로 870, 서희스타힐스빌딩 2층 (철산동)",경기도 광명시 철산동 259,14235,37.4760501158,126.8659604517,,188074.631692048,441551.823004094,,000
아이튼튼 동물병원,20200303,0000,정상,,02-899-7580,105.84,14344,"경기도 광명시 신기로 7, 골드스타빌딩 205호 (일직동)",경기도 광명시 일직동 510-8 골드스타빌딩 205호,14344,37.4206048681,126.8824987603,,189527.641517052,435394.63715386,,000
메디힐동물병원,20200417,0000,정상,,02-6275-0075,128,14344,"경기도 광명시 신기로 21, GS steel Tower 206호 (일직동)",경기도 광명시 일직동 511-5 GS steel Tower,14344,37.4201786592,126.8837341013,,189636.829471084,435346.513134359,,000
치료해주오,20210406,0000,정상,,02-6951-1432,0,14316,"경기도 광명시 금하로 464, 메이저리치안빌딩 2층 208호 (소하동)",경기도 광명시 소하동 1335,14316,37.4484470224,126.8840449468,,189670.336967112,438486.028934475,,L00
24시 모두의동물병원,20210430,0000,정상,,02-6951-2475,0,14305,"경기도 광명시 하안로 289, 태홍빌딩 A동 2층 (하안동)",경기도 광명시 하안동 51 태홍빌딩,14305,37.461694901,126.8801934925,,189332.100548374,439947.742553203,,000
같은마음 동물병원,20230106,0000,정상,,02-6949-5915,183.19,14273,"경기도 광명시 광명로832번길 5, 센트럴광명 2층 205,206호 (광명동)",경기도 광명시 광명동 342-5,14273,37.4734346855,126.8523887721,,186873.516040687,441259.092209727,,000
디테일 동물의료센터,20241127,0000,정상,,02-6952-7988,,14215,"경기도 광명시 시청로 67, 201호 (철산동)",경기도 광명시 철산동 160,14215,37.4825284418,126.8655098376,,188034.760623902,442268.633304328,,000
아이숲동물병원,20241209,0000,정상,,02-6951-5100,95.63,14216,"경기도 광명시 시청로 33-1, 1층 (철산동)",경기도 광명시 철산동 210-6,14216,37.4799230477,126.8637448447,,187879.858536369,441978.287161812,,000
동백동물병원,20061214,0000,정상,,031-693-8627,37.62,17006,"경기도 용인시 기흥구 동백5로 21-11, 107호 (중동, 동백훼미리프라자 1)",경기도 용인시 기흥구 중동 832-1 107호,17006,37.277386404,127.1526078104,,213479.069796819,419519.229064416,,000
현대동물병원,20070226,0000,정상,,,148.9,17067,경기도 용인시 기흥구 상갈로 31 (상갈동),경기도 용인시 기흥구 상갈동 119-8,17067,37.269153433,127.1082635834,,209530.187222169,418583.339658078,,000
레이크동물병원,20070522,0000,정상,,80057507,63,17001,경기도 용인시 기흥구 평촌1로8번길 11-4 (동백동),경기도 용인시 기흥구 동백동 607-11,17001,37.2853915497,127.152864327,,213482.377875396,420389.827658325,,000
우리동물병원,20080213,0000,정상,,,53,17081,경기도 용인시 기흥구 한보라2로14번길 4-14 (보라동),경기도 용인시 기흥구 보라동 581-1,17081,37.2537910469,127.1102150382,,209709.775114791,416877.317838493,,000
쿨펫 동물병원,20080319,0000,정상,,031-679-0551,44,17006,"경기도 용인시 기흥구 동백죽전대로 444 (중동, 쥬네브썬월드빌딩)","경기도 용인시 기흥구 중동 833 쥬네브썬월드 B036,B037호",17006,37.2779963615,127.1515897965,,213383.977793755,419575.34117754,,000
해뜰동물병원,20080828,0000,정상,,031-889-7556,36,16898,"경기도 용인시 기흥구 보정로 117 (보정동, 리베로3)",경기도 용인시 기흥구 보정동 122호,16898,37.3198495396,127.1142984042,,210062.946119406,424209.200638014,,000
Dr.J동물병원,20100120,0000,정상,,031-215-7975,184.26,16954,"경기도 용인시 기흥구 흥덕2로87번길 18 (영덕동, 이씨티)",경기도 용인시 기흥구 영덕동 985-1,16954,37.2759130636,127.0715918075,,206306.301931615,419313.955217649,,000
흥덕종합동물병원,20100331,0000,정상,,031-217-7119,47.19,16953,"경기도 용인시 기흥구 흥덕중앙로 59 (영덕동, 용인흥덕노블레스흥덕노블레스)",경기도 용인시 기흥구 영덕동 975-7,16953,37.2765156269,127.0737090085,,206466.716479313,419395.75263478,,000
리치펫동물병원,20110329,0000,정상,,031-8005-9725,47.5,17006,"경기도 용인시 기흥구 동백중앙로 177 (중동, 동백씨엘뷰 오피스텔)",경기도 용인시 기흥구 중동 852-2,17006,37.2702778163,127.1537796484,,213568.613522219,418715.981385257,,000
튼튼동물병원,20120327,0000,정상,,031-265-7505,46.2,16898,"경기도 용인시 기흥구 죽현로 29, 102호 (보정동, 현대휴먼프라자)",경기도 용인시 기흥구 보정동 1266-6 현대휴먼프라자 102호,16898,37.3195056189,127.1138712819,,210023.446060573,424170.299430871,,000
Wellness clinic 동물병원,20120824,0000,정상,,031-283-1357,0,16907,경기도 용인시 기흥구 용구대로 2457 (보정동),경기도 용인시 기흥구 보정동 1019-237,16907,37.3039712756,127.1046527186,,209271.840918768,422612.412300721,,000
우사랑동물병원(출장전문진료병원),20130109,0000,정상,,,84.06,17088,"경기도 용인시 기흥구 사은로 274-2, 3층 (지곡동)",경기도 용인시 기흥구 지곡동 445-8,17088,37.2540231768,127.1349658371,,211903.956107959,416895.38019981,,000
오엠동물병원,20090423,0000,정상,,,168.18,10392,"경기도 고양시 일산서구 한류월드로 300, 고양 원마운트 2층 2100호 (대화동)",경기도 고양시 일산서구 대화동 2606 고양 원마운트,10392,37.6645540055,126.7545272288,,178268.135568909,462480.734362689,,000
다니엘 동물병원,20090427,0000,정상,,,0,10416,경기도 고양시 일산동구 일산로 233 (마두동),경기도 고양시 일산동구 마두동 751-2,10416,37.6568395616,126.7882299359,,181247.095972619,461626.689826068,,000
해오름 동물병원,20090504,0000,정상,,,0,10462,"경기도 고양시 덕양구 호국로 821, 101호 (주교동)",경기도 고양시 덕양구 주교동 621-3 101호,10462,37.6589530056,126.8385249433,,185684.468962019,461852.567831753,,000
로하스 동물병원,20090807,0000,정상,,031-923-8271,0,10361,"경기도 고양시 일산서구 강선로 74, 강선마을8단지 (주엽동)",경기도 고양시 일산서구 주엽동 63 강선마을8단지,10361,37.6693392485,126.7673490183,,179335.868789335,463073.711845168,,000
호수동물병원,20091209,0000,정상,,,0,10379,"경기도 고양시 일산서구 중앙로 1470, A동 106-3호 (주엽동, 문촌마을10단지아파트)",경기도 고양시 일산서구 주엽동 17 문촌마을10단지아파트 A동 106-3호,,,,,178529.136791301,463365.623578833,,000
진스 종합 동물병원,20100129,0000,정상,,,0,10413,"경기도 고양시 일산동구 노루목로 99, 호수마을5단지아파트 1층 121~122호 (장항동, 호수마을5단지아파트)",경기도 고양시 일산동구 장항동 883 호수마을5단지아파트 121호,10413,37.6494183676,126.7758426308,,180178.123632085,460901.421408613,,000
김성록동물병원,20011127,0000,정상,,031-297-2975,58.7,16417,경기도 수원시 장안구 서부로 2132 (율전동),경기도 수원시 장안구 율전동 288-6,16417,37.2986231284,126.9721713148,,197462.420395164,421848.642877526,,000
한성동물병원,20011107,0000,정상,,031-232-5831,33.88,16245,"경기도 수원시 팔달구 세지로 279-1, 101호 (지동, 포레스트)",경기도 수원시 팔달구 지동 365-20 포레스트 101호,16245,37.2759628212,127.0233027947,,201991.594122296,419337.584933663,,000
귀족동물병원,20020412,0000,정상,,031-254-7518,49,16271,경기도 수원시 장안구 수성로350번길 4 (영화동),경기도 수원시 장안구 영화동 448-1,16271,37.2928105001,127.0102218898,,200838.539507241,421200.140942152,,000
남문동물병원,20020422,0000,정상,,031-248-0075,56.3,16263,"경기도 수원시 팔달구 정조로 727, 1층 (중동)",경기도 수원시 팔달구 중동 111-1,16263,37.2730586257,127.0162151268,,201369.30107686,419011.673191868,,000
두리동물병원,20020516,0000,정상,,031-225-7533,105.3,,경기도 수원시 권선구 정조로 596 (세류동),경기도 수원시 권선구 세류동 150-8,16577,37.2619541265,127.0141772387,,201187.187361599,417777.800868527,,000
펫콤동물병원,20020731,0000,정상,,031-252-2501,36,16232,경기도 수원시 팔달구 월드컵로 363 (우만동),경기도 수원시 팔달구 우만동 480-40,16232,37.2896489845,127.0308316865,,202662.774686539,420853.28582743,,000
에덴동물병원,20020911,0000,정상,,031-224-2470,26.3,16467,경기도 수원시 팔달구 정조로 685 (매교동),경기도 수원시 팔달구 매교동 141-5,16467,37.2695925891,127.0172749547,,201461.052571814,418629.306593505,,000
연두 동물병원,20021212,0000,정상,,031-294-8277,36.4,16380,"경기도 수원시 권선구 서수원로577번길 341, 상가동 1층 B127호 (금곡동, 수원모아미래도센트럴타운1단지)",경기도 수원시 권선구 금곡동 1078 수원모아미래도센트럴타운1단지 상가동 B127호,16380,37.2755563649,126.9388092175,,194444.549154702,419297.263520557,,000
하이펫동물병원,20020516,0000,정상,,031-205-0075,56.82,16690,"경기도 수원시 영통구 덕영대로1556번길 16, 디지털엠파이어빌딩 E동 134호 (영통동)",경기도 수원시 영통구 영통동 980-3 디지털엠파이어빌딩 E동 134호,16690,37.2453607762,127.0606699969,,205249.495788632,415913.273839865,,000
고병기동물병원,20030122,0000,정상,,031-236-7582,53.6,16584,"경기도 수원시 권선구 덕영대로1201번길 16, 세일프라자 101호 (권선동)",경기도 수원시 권선구 권선동 1192-2 세일프라자 101호,16584,37.2498199557,127.0227007809,,201946.76195423,416431.225185333,,000
한빛 동물병원,20030311,0000,정상,,031-252-2119,41.61,16329,경기도 수원시 장안구 만석로19번길 29 (천천동),경기도 수원시 장안구 천천동 527-3 105호,16329,37.2966073155,126.9831297448,,198430.307445911,421626.500488085,,000
신영통동물병원,20030801,0000,정상,,031-204-9006,145.44,16687,경기도 수원시 영통구 영통로 103 (망포동),경기도 수원시 영통구 망포동 570-5,16687,37.2373925781,127.0582923263,,205097.555414086,415047.725564943,,000
가야동물병원,20030802,0000,정상,,031-234-8318,99,16458,경기도 수원시 팔달구 효원로 49 (매산로3가),경기도 수원시 팔달구 매산로3가 63-3,16464,37.2692084596,127.0093484416,,200760.336369281,418585.026271718,,000
동물사랑동물병원,20031231,0000,정상,,031-298-7502,0,,경기도 수원시 팔달구 일월로22번길 15 (화서동),경기도 수원시 팔달구 화서동 724-4,16422,37.2858606903,126.9805972945,,198208.255,420434.24,,000
원 동물병원,20040901,0000,정상,,031-205-7900,33.4,16698,"경기도 수원시 영통구 덕영대로 1535, 현대프라자 111호 (영통동)",경기도 수원시 영통구 영통동 976-7 현대프라자 111호,16698,37.2462824054,127.0588380387,,205137.139182179,416040.882288247,,000
두리동물클리닉,20051011,0000,정상,,031-221-2410,138.1,16458,경기도 수원시 팔달구 효원로 53 (매산로3가),경기도 수원시 팔달구 매산로3가 73-4,16464,37.268793456,127.0092609049,,200753.726433312,418540.997149971,,000
현대동물병원,20060412,0000,정상,,031-293-0285,72.9,,경기도 수원시 권선구 매송고색로 661-1 (고색동),경기도 수원시 권선구 고색동 408-16,16625,37.2499691932,126.9769423143,,197881.358620174,416449.562721124,,000
광교산동물병원,20060706,0000,정상,,031-241-2668,74.1,16268,경기도 수원시 장안구 팔달로 298 (영화동),경기도 수원시 장안구 영화동 127-39,16268,37.2907647608,127.0169027975,,201429.614072475,420974.343446271,,000
소담동물병원,20070202,0000,정상,,031-269-1121,39.7,16322,경기도 수원시 장안구 하률로 9 (천천동),경기도 수원시 장안구 천천동 548-7,16322,37.3031666059,126.9743060524,,197651.774772525,422354.214883582,,000
참사랑동물병원,20070601,0000,정상,,031-273-8875,49.4,16692,경기도 수원시 영통구 영통로 118 (망포동),경기도 수원시 영통구 망포동 559-5 델파빌딩 1층,16692,37.2383795903,127.0570802299,,204995.032584676,415167.710620243,,000
전병준동물병원,20080320,0000,정상,,031-212-7582,8,16489,"경기도 수원시 팔달구 인계로 126, 수원미디어시티 109호110호호 (인계동)",경기도 수원시 팔달구 인계동 1036 수원미디어시티,16489,37.2671339618,127.0312759294,,202706.355932742,418367.445293583,,000
애니존동물병원,20080408,0000,정상,,031-267-0975,52.2,16489,경기도 수원시 팔달구 인계로108번길 4 (인계동),경기도 수원시 팔달구 인계동 1019-5,16489,37.2676665955,127.0292086563,,202517.57150552,418412.22006471,,000
수원펫 동물병원,20080821,0000,정상,,031-234-8275,13.16,16581,경기도 수원시 권선구 세권로166번길 26 (권선동),경기도 수원시 권선구 권선동 1058-4,16581,37.2549900151,127.0217209274,,201855.966054646,417006.139010003,,000
위즈펫동물병원,20080901,0000,정상,,031-223-7589,300.82,16490,"경기도 수원시 팔달구 효원로 257, 홈플러스동수원점 4층 (인계동)",경기도 수원시 팔달구 인계동 1045 홈플러스동수원점,16490,37.2627666707,127.030130105,,202602.629959972,417869.723857315,,000
효원동물병원,20090309,0000,정상,,031-238-0075,72,16546,"경기도 수원시 영통구 권선로 805, 1층 (매탄동, 김정문알로에)",경기도 수원시 영통구 매탄동 1172-17,16546,37.255671692,127.0390489745,,203394.19931393,417083.166819691,,000
나은동물병원,20090325,0000,정상,,031-241-8575,85,16221,경기도 수원시 장안구 월드컵로 425-2 (연무동),경기도 수원시 장안구 연무동 258-7,16221,37.2934229676,127.0255957925,,202198.016044093,421270.468937524,,000
이든동물병원,20090527,0000,정상,,031-242-7501,29.3,16433,"경기도 수원시 팔달구 수성로244번길 25, 101호 (화서동, 화서위브하늘채)",경기도 수원시 팔달구 화서동 743 화서위브하늘채 101호,16433,37.2889768749,127.0009393355,,199979.646433005,420715.244733315,,000
서울경기양돈농협동물병원,20100830,0000,정상,,031-295-7611,101.6,16423,경기도 수원시 팔달구 화산로 62 (화서동),경기도 수원시 팔달구 화서동 736,16423,37.2900970632,126.9846860525,,198571.682755232,420902.788646186,,L00
뷰티펫동물병원,20101028,0000,정상,,031-278-3593,104.98,16630,"경기도 수원시 권선구 호매실로104번길 90, 제이디타워1 206호 (호매실동)",경기도 수원시 권선구 호매실동 1400,16630,37.2595863377,126.9626889753,,196620.611730672,417517.614419919,,000
베스트동물병원,20110825,0000,정상,,031-268-7582,64,16329,"경기도 수원시 장안구 덕영대로535번길 38, 로얄프라자 101호 (천천동)",경기도 수원시 장안구 천천동 524-3 로얄프라자 101호,16329,37.2971720172,126.9824037742,,198369.132871261,421688.986137766,,000
연희동물병원,20111101,0000,정상,,031-296-7875,54.7,16604,"경기도 수원시 권선구 금호로 236, 삼호빌딩 101호 (탑동)",경기도 수원시 권선구 탑동 759-7 삼호빌딩 101호,16604,37.2753571102,126.9759658523,,197796.942761648,419269.374116215,,000
튼튼동물병원,20120801,0000,정상,,031-267-8100,124,16671,"경기도 수원시 권선구 동수원로82번길 7-3, 1층 (곡반정동)",경기도 수원시 권선구 곡반정동 565-9,16671,37.238131123,127.0277689293,,202397.091220037,415141.740912996,,000
매탄동물병원,20130529,0000,정상,,031-211-0075,45.5,16546,"경기도 수원시 영통구 효원로 374, 주공플라자 101호102호 (매탄동)",경기도 수원시 영통구 매탄동 1270-1 주공플라자 101호102호,16546,37.2588123234,127.042345339,,203681.839509241,417432.568834837,,000
마음반려 동물의료원,20130619,0000,정상,,031-211-0975,156.35,,경기도 수원시 팔달구 경수대로 461 (인계동),경기도 수원시 팔달구 인계동 979-2,16480,37.2674571831,127.0264241703,,202272.786410662,418390.564345628,,000
WE 동물병원,20130709,0000,정상,,031-269-9975,85.79,,경기도 수원시 장안구 파장로 109 (정자동),경기도 수원시 장안구 정자동 541-21,16337,37.3082186393,126.9896968834,,199015.177297646,422912.959673246,,000
자연앤동물병원,20130726,0000,정상,,031-215-7582,34.2,16509,"경기도 수원시 영통구 에듀타운로 17, 국제프라자 108호 (이의동)",경기도 수원시 영통구 이의동 1369-2 국제프라자 108호,16509,37.2845311786,127.0523200266,,204571.544210978,420288.97336096,,000
수원동물병원 방실웃는,20130906,0000,정상,,031-212-1999,49.19,16543,"경기도 수원시 영통구 효원로 363, 상가A동 210,210-1호 (매탄동, 매탄 위브 하늘채)","경기도 수원시 영통구 매탄동 1352 매탄 위브 하늘채 상가A동, 210,210-1호",16543,37.2609646021,127.04181355,,203603.161205028,417765.005936104,,000
아이러브 동물병원,20130926,0000,정상,,031-241-7551,118.18,16305,"경기도 수원시 장안구 송원로 69, 4층 (송죽동)",경기도 수원시 장안구 송죽동 506-3,16305,37.3012141993,127.0087118231,,200703.263166558,422135.736175988,,000
하하 동물병원,20131030,0000,정상,,031-292-1275,31.87,16405,"경기도 수원시 권선구 구운로85번길 12, 105층 (구운동)",경기도 수원시 권선구 구운동 921-11,16405,37.2815157604,126.9723923351,,197489.494583305,419955.215349903,,000
쿨펫동물병원,20140110,0000,정상,,031-237-1175,74.3,16553,경기도 수원시 권선구 동수원로 232 (권선동),경기도 수원시 권선구 권선동 1296-5 롯데마트1층,16553,37.2502552995,127.0346956315,,203008.631510845,416482.021790235,,000
닥터에이스 동물병원,20140410,0000,정상,,031-203-7501,63.3,16691,"경기도 수원시 영통구 영통로154번길 60, 101호 (망포동)",경기도 수원시 영통구 망포동 417-2 101호,16691,37.2412803817,127.0590363133,,205172.415479908,415483.032834347,,000
퀸즈동물병원,20141028,0000,정상,,031-292-1682,103,16388,"경기도 수원시 권선구 금곡로118번길 50, 1층 (금곡동)",경기도 수원시 권선구 금곡동 1091-5,16388,37.271988881,126.943054095,,194878.734988118,418895.182060759,,000
봄나래 재활 한방 동물병원,20150318,0000,정상,,031-217-9559,90.67,16506,경기도 수원시 영통구 센트럴파크로127번길 166(이의동),경기도 수원시 영통구 이의동 1316-2,16506,37.2946227888,127.0560511734,,204899.374718069,421404.468299008,,000
아름드리동물병원,20150324,0000,정상,,031-213-7514,94,16512,"경기도 수원시 영통구 법조로149번길 104, 1층 (하동)",경기도 수원시 영통구 하동 968-4,16512,37.2937137687,127.0686138648,,206014.184113205,421307.438773745,,000
스타동물병원,20130514,0000,정상,,031-294-0082,65.52,16385,"경기도 수원시 권선구 금곡로102번길 30, 폴리프라자 207호 (금곡동)",경기도 수원시 권선구 금곡동 1083 207호,16385,37.2728632294,126.941141458,,194708.566177877,418983.774877259,,000
맘동물병원,20150401,0000,정상,,031-548-1175,60.8,16507,"경기도 수원시 영통구 센트럴타운로 85, cb12호 (이의동, Summit place 광교)",경기도 수원시 영통구 이의동 1332 Summit place 광교 cb12호,16507,37.2915640479,127.0504732206,,204409.226022404,420967.617798492,,000
이리온동물병원광교롯데마트점,20150420,0000,정상,,031-213-0053,47.9,16507,"경기도 수원시 영통구 센트럴타운로 85 (이의동, Summit place 광교)",경기도 수원시 영통구 이의동 1332 Summit place 광교,16507,37.2915640479,127.0504732206,,204409.226022404,420967.617798492,,000
새봄동물병원,20150708,0000,정상,,031-205-9975,23.45,16703,"경기도 수원시 영통구 봉영로 1569, NEW WORLD PLAZA 1층 121호 (영통동)",경기도 수원시 영통구 영통동 960-3 NEW WORLD PLAZA,16703,37.2520691395,127.0710390017,,206229.445925109,416684.389208216,,000
본 동물의료센터,20150804,0000,정상,,031-248-8275,1950.3,16305,"경기도 수원시 장안구 경수대로 937, 블루버드 빌딩 (송죽동)",경기도 수원시 장안구 송죽동 499 블루버드 빌딩,16305,37.302209742,127.007509277,,200595.90836099,422245.119156235,,000
청려원동물병원,20150817,0000,정상,,031-242-2078,25.96,16263,"경기도 수원시 팔달구 정조로 751-7, 1(일부),2(일부층 (중동)",경기도 수원시 팔달구 중동 2-2,16263,37.2751220691,127.0160327278,,201349.555455064,419240.491644183,,000
율전동물병원,20150910,0000,정상,,031-291-2830,41.8,16362,"경기도 수원시 장안구 율전로 98, 1층 (율전동)",경기도 수원시 장안구 율전동 399-10 1층,16362,37.2980768916,126.9689481809,,197175.658793089,421788.369464798,,000
타임즈 동물의료센터,20151106,0000,정상,,031-232-3500,682.43,16487,"경기도 수원시 팔달구 경수대로 486, 1,2,3층 (인계동)",경기도 수원시 팔달구 인계동 950-6,16487,37.2692845286,127.0280594268,,202420.11081095,418593.781658923,,000
카페거리 동물병원 동행,20151204,0000,정상,,031-211-7550,127.88,16506,"경기도 수원시 영통구 센트럴파크로127번길 32, 지하,1층 (이의동)",경기도 수원시 영통구 이의동 1306-15,16506,37.2949957691,127.0545596753,,204767.351844743,421448.140577151,,000
온유동물병원,20161124,0000,정상,,031-211-1313,27.8,16508,"경기도 수원시 영통구 센트럴타운로 15, 142호 (이의동, 아이플렉스)",경기도 수원시 영통구 이의동 1335,16508,37.2881468711,127.0574091709,,205021.861974461,420685.357031087,,000
오아시스 정형외과 신경외과 동물병원,20170110,0000,정상,,031-215-7474,366.6,16507,"경기도 수원시 영통구 센트럴타운로 107, 204동 2-06,2-07,2-08,2-09호 (이의동, 광교푸르지오월드마크,월드스퀘어)",경기도 수원시 영통구 이의동 1331 광교 푸르지오 월드마크 204동,16507,37.2917159371,127.0477533234,,204219.521658448,421105.173167299,,000
닥터김 동물병원,20170330,0000,정상,,031-203-8277,41.59,16703,"경기도 수원시 영통구 봉영로 1623, 124호 (영통동, 드림피아빌딩)",경기도 수원시 영통구 영통동 958-1 124호,16703,37.2559223973,127.0747272211,,206556.351819145,417113.766621288,,000
조은동물병원,20170411,0000,정상,,031-242-7585,65.2,16443,"경기도 수원시 팔달구 화양로 21-2, 1층 (화서동)",경기도 수원시 팔달구 화서동 135-1,16443,37.2801922767,126.9976132266,,199712.32396596,419798.253921532,,000
한마음 동물의료센터,20170417,0000,정상,,031-244-0117,82.7,16273,"경기도 수원시 장안구 수성로 300, 1층 (영화동, 동광빌딩)",경기도 수원시 장안구 영화동 390-19,16273,37.2910494658,127.0050887078,,200383.673322629,421006.410378185,,000
웰빙동물병원,20170420,0000,정상,,031-212-5567,82.44,16224,"경기도 수원시 영통구 웰빙타운로 47, 2층 202호 (이의동)",경기도 수원시 영통구 이의동 1201 202호,16224,37.305104756,127.0462287855,,204026.791121512,422569.243269316,,000
수원종합동물병원,20170501,0000,정상,,031-214-5527,157.59,16503,"경기도 수원시 영통구 중부대로 263, 2층 (원천동)",경기도 수원시 영통구 원천동 79-9,16503,37.2747584792,127.044809293,,203902.698602323,419199.248426696,,000
쿨펫동물병원 광교이마트점,20170601,0000,정상,,031-211-7782,49.7,16226,"경기도 수원시 영통구 광교로 191, 3층 (이의동)",경기도 수원시 영통구 이의동 1240,16226,37.2963728697,127.0469017985,,204159.790041271,421622.575799907,,000
24시 숨 동물병원,20170718,0000,정상,,031-548-2475,620.75,16571,"경기도 수원시 권선구 권선로 715, 1,2(일부)층 (권선동)",경기도 수원시 권선구 권선동 1022-7,16571,37.2587264608,127.0296364511,,202556.937357192,417421.935882249,,000
광교 우리들동물병원,20170718,0000,정상,,031-256-0075,103.7,16509,"경기도 수원시 영통구 에듀타운로 101, 102동 2층 210,211,212호 (이의동, 에듀하임1309오피스텔)",경기도 수원시 영통구 이의동 1352,16509,37.2896692009,127.0452497274,,203903.941042637,420852.67583606,,000
티움동물병원,20180313,0000,정상,,031-292-7504,57.82,16393,"경기도 수원시 권선구 서수원로523번길 30-23, 1층 (금곡동)",경기도 수원시 권선구 금곡동 1135-2,16393,37.2713602183,126.9571349759,,196128.698654473,418823.505435413,,000
수원 오즈동물병원,20180327,0000,정상,,031-232-2727,57.78,16663,"경기도 수원시 권선구 동수원로177번길 40, 1층 153호154호 (권선동, 수원아이파크시티8단지)",경기도 수원시 권선구 권선동 1364 수원아이파크시티8단지,16663,37.246899359,127.0294393616,,202599.794401948,416089.125805678,,000
라온동물병원,20180531,0000,정상,,031-215-8588,129.5,16528,경기도 수원시 영통구 동탄원천로1109번길 100 (매탄동),경기도 수원시 영통구 매탄동 1203-6,16528,37.2708614807,127.0534950406,,204672.819932946,418768.786859075,,000
공감＋동물의료센터,20180712,0000,정상,,031-214-0025,182.4,16503,"경기도 수원시 영통구 중부대로 293-3, 2층 (원천동)",경기도 수원시 영통구 원천동 78-3,16503,37.2740210625,127.047611046,,204155.925584187,419123.029040709,,000
메리 동물병원,20180912,0000,정상,,031-296-7582,51.8,16401,"경기도 수원시 권선구 칠보로 138, 103-2호 (호매실동)",경기도 수원시 권선구 호매실동 1362-1 103-2호,16401,37.2656213759,126.953871664,,195837.210636248,418184.39764634,,000
조원 동물병원,20190118,0000,정상,,031-244-7975,101.92,16282,"경기도 수원시 장안구 조원로 78, 1층 (조원동)",경기도 수원시 장안구 조원동 734-18,16282,37.3002922893,127.0168644317,,201423.572412514,422034.858437053,,000
수원 스카이 동물메디컬센터,20190214,0000,정상,,031-895-5775,790,16487,"경기도 수원시 팔달구 인계로 91, 2,3층 (인계동)",경기도 수원시 팔달구 인계동 951-10,16487,37.2686073308,127.0277704079,,202393.168110061,418513.706380998,,000
수원24시 바른동물의료센터,20190306,0000,정상,,031-291-2475,393.11,16391,"경기도 수원시 권선구 금곡로 213, 203,204,309호 (금곡동)",경기도 수원시 권선구 금곡동 1114,16391,37.2748505809,126.9536470852,,195818.525217576,419211.743004017,,000
안녕동물병원,20190411,0000,정상,,031-8007-3103,77.94,16514,"경기도 수원시 영통구 광교호수공원로 80, 154호,155호,156(일부)호 (원천동, 광교아이파크)",경기도 수원시 영통구 원천동 593 광교아이파크,16514,37.2742096004,127.0617882742,,205357.807142949,419119.019700523,,000
다나 동물병원,20190711,0000,정상,,031-211-7525,96.84,16543,"경기도 수원시 영통구 동수원로 400-1, 1층 (매탄동)",경기도 수원시 영통구 매탄동 923-6,16543,37.264736245,127.0404711628,,203520.20126787,418087.158655903,,000
에스 클래스 동물병원,20190906,0000,정상,,031-217-7801,66,16517,"경기도 수원시 영통구 광교호수공원로 277, B1층 9,10호 (원천동, 중흥 S-클래스)",경기도 수원시 영통구 원천동 589 중흥 S-클래스,16517,37.2835532241,127.0559244312,,205026.079641798,420062.878231009,,000
sun동물병원,20200103,0000,정상,,031-234-5550,37.68,16670,경기도 수원시 권선구 곡선로 37 (곡반정동),경기도 수원시 권선구 곡반정동 558-2,16670,37.2393793777,127.0288547509,,202489.223716305,415275.875508133,,000
새싹 동물병원,20200303,0000,정상,,031-202-7501,92.12,16683,"경기도 수원시 영통구 권선로908번길 31, 103,104호 (신동)",경기도 수원시 영통구 신동 937-1,16683,37.2473207208,127.0449969358,,203925.943175402,416153.698334847,,000
수원시동물보호센터 동물병원,20200303,0000,정상,,031-5191-3561,595.71,16511,"경기도 수원시 영통구 광교호수로 234, 수원시 동물보호센터 (하동)",경기도 수원시 영통구 하동 40-10 수원시 동물보호센터,16511,37.2850336895,127.0787149165,,206906.468423984,420340.351393286,,O00
유동물병원,20200507,0000,정상,,070-4647-2999,34.37,16274,"경기도 수원시 장안구 장안로 29, 103호 (영화동)",경기도 수원시 장안구 영화동 422-43,16274,37.287616632,127.0054383556,,200412.997105217,420627.377444161,,000
쿨펫 동물병원,20200716,0000,정상,,031-206-7503,74.19,16692,"경기도 수원시 영통구 영통로 120, 효성빌딩 1층 (망포동)",경기도 수원시 영통구 망포동 557-1 효성빌딩,16692,37.2386493715,127.0569095381,,204977.015984637,415193.866264221,,000
24시 당신의 동물의료센터,20201015,0000,정상,,031-268-6575,402.04,16326,"경기도 수원시 장안구 천천로 100, 천천동 롯데시네마타워 104,113,115,116,117,118,202호 (천천동)","경기도 수원시 장안구 천천동 516 천천동 롯데시네마타워 104,113,115,116,117,118,202호",16326,37.3006133449,126.9840162891,,198520.4175406,422075.156781295,,000
채움동물병원,20201030,0000,정상,,031-548-2582,81.6,16685,"경기도 수원시 영통구 동탄지성로 550-24, 영통 플래티넘베이스 비 204호 (망포동)",경기도 수원시 영통구 망포동 47-12 영통 플래티넘베이스 비 204호,16685,37.2409013555,127.0493424051,,204310.744716092,415445.778671026,,000
도그스타 동물병원,20210126,0000,정상,,031-291-8896,71.46,16402,"경기도 수원시 권선구 호매실로218번길 124, 202호 (호매실동)",경기도 수원시 권선구 호매실동 1375-1 202호,16402,37.2661239298,126.961255301,,196493.875553333,418242.478823339,,000
일리동물의료센터,20210128,0000,정상,,031-213-1275,136.95,16514,"경기도 수원시 영통구 법조로 25, 광교 SK VIEW Lake 근린생활비 112~114호 (하동)",경기도 수원시 영통구 하동 1016-1 광교 SK VIEW Lake 근린생활비 112~114호,16514,37.287481312,127.0602221632,,205273.931816708,420610.782510294,,000
레이동물병원,20210430,0000,정상,,031-245-7707,161.31,16312,"경기도 수원시 장안구 송정로 20, 1,2층 (정자동)",경기도 수원시 장안구 정자동 25-5,16312,37.2965233954,126.9992534731,,199863.051512527,421615.843270037,,000
그린동물병원,20210525,0000,정상,,031-241-7533,108.63,16340,"경기도 수원시 장안구 파장로 59, 그린동물병원 (정자동)",경기도 수원시 장안구 정자동 429-1 그린동물병원,16340,37.3055959197,126.9939687428,,199390.342598491,422621.408712325,,000
라이언펫 수원광교동물병원,20220203,0000,정상,,031-211-7589,43.8,16506,"경기도 수원시 영통구 센트럴파크로127번길 154, 1층 (이의동)",경기도 수원시 영통구 이의동 1319-10,16506,37.294018193,127.0558742067,,204885.145352705,421342.694302602,,000
화서동물병원,20220222,0000,정상,,031-271-5975,82.63,16318,"경기도 수원시 장안구 대평로 27, 201동 205호 (정자동, 화서역 파크푸르지오)",경기도 수원시 장안구 정자동 950 화서역 파크푸르지오 201동 205호,16318,37.2886573345,126.9957293229,,199460.301398641,420871.789200422,,000
눈이튼튼 동물병원,20220414,0000,정상,,031-526-7333,248.79,16488,"경기도 수원시 팔달구 권광로 208, 인송빌딩 204, 205호 (인계동)","경기도 수원시 팔달구 인계동 1114-10 인송빌딩 204, 205호",16488,37.2658825041,127.0339340792,,202938.71678925,418217.110663808,,000
다올동물의료센터 망포점,20220518,0000,정상,,031-239-0208,238.6,16685,"경기도 수원시 영통구 덕영대로 1478, 망포역 포레 스퀘어 2층 212,213호 (망포동)",경기도 수원시 영통구 망포동 41-1 망포역 포레 스퀘어,16685,37.2451586486,127.052429007,,204581.347405536,415915.437454216,,000
권앤정 24시수원동물메디컬센터,20220826,0000,정상,,031-202-0119,454.6,16698,"경기도 수원시 영통구 덕영대로 1509, 1,2(일부)층 (영통동)",경기도 수원시 영통구 영통동 979-4,16698,37.2461454235,127.0559523511,,204893.089110681,416027.58740846,,000
플러스동물의료센터,20230105,0000,정상,,,409.3,16704,"경기도 수원시 영통구 봉영로 1590, 밀레니엄 프라자 2층 201호, 202호 (영통동)",경기도 수원시 영통구 영통동 995-5 밀레니엄 프라자,16704,37.2527899467,127.0734480502,,206445.522485926,416761.597380214,,000
보현동물병원,20230207,0000,정상,,031-203-5525,66,16712,"경기도 수원시 영통구 봉영로1759번길 8-15, 현명빌딩 2층 (영통동)",경기도 수원시 영통구 영통동 946-7 현명빌딩 2층,16712,37.2668615675,127.0812523153,,207134.899019577,418326.246687309,,000
정직한동물의료센터,20230213,0000,정상,,031-222-7617,289.52,16570,"경기도 수원시 권선구 경수대로 411, 1층 (권선동)",경기도 수원시 권선구 권선동 941-5,16570,37.2632497865,127.0247024465,,202120.904579256,417923.686898267,,000
권앤정 동물외과병원,20230510,0000,정상,,031-202-0119,75.42,16698,"경기도 수원시 영통구 덕영대로 1509, 2(일부)층 (영통동)",경기도 수원시 영통구 영통동 979-4,16698,37.2461454235,127.0559523511,,204893.089110681,416027.58740846,,000
하늘동물병원,20230523,0000,정상,,031-8067-7570,88.24,16670,"경기도 수원시 권선구 곡반정로 155-1, 2층 (곡반정동)",경기도 수원시 권선구 곡반정동 532-5,16670,37.2417754005,127.0329776424,,202855.408478632,415540.425998597,,000
은쌤동물병원,20230727,0000,정상,,031-233-7975,90.52,16459,"경기도 수원시 권선구 효원로94번길 14, 메디컬플라자 1층 103,104호 (세류동)",경기도 수원시 권선구 세류동 1258-3 메디컬플라자,16459,37.2660537013,127.0115568978,,200950.966677128,418237.752258559,,000
YJ Animal Clinic,20230809,0000,정상,,,19.25,16571,"경기도 수원시 권선구 권선로 715, 2층 일부호 (권선동)",경기도 수원시 권선구 권선동 1022-7,16571,37.2587264608,127.0296364511,,202556.937357192,417421.935882249,,000
돌봄동물의료센터,20210802,0000,정상,,031-217-7570,354.76,16498,"경기도 수원시 팔달구 중부대로 251, 2,3층 (우만동)",경기도 수원시 팔달구 우만동 81-7,16498,37.2751773034,127.043554729,,203793.831007462,419248.757353931,,000
슬찬동물병원,20250430,0000,정상,,031-821-9111,88.44,11791,경기도 의정부시 오목로 33 (용현동),경기도 의정부시 용현동 39-9,11791,37.7333879268,127.0864355152,,207545.453468932,470103.923346115,,000
관양동물병원,19890607,0000,정상,,031-384-3920,59.2,13937,"경기도 안양시 동안구 관악대로 327-1, 1층 (관양동)",경기도 안양시 동안구 관양동 1406-38,13937,37.4037828064,126.9592656546,,196318.445426412,433525.717464635,,000
인방동물의료센터,19950714,0000,정상,,031-388-0075,305.68,14103,"경기도 안양시 동안구 귀인로 194, 1,2층 (평촌동)","경기도 안양시 동안구 평촌동 901-2 1,2층",14103,37.3852303518,126.9607544459,,196453.710762223,431463.956915187,,000
평촌동물병원,19961211,0000,정상,,031-384-9505,24.05,14103,"경기도 안양시 동안구 평촌대로 142, 평촌트윈마트 106, 지하1층24호 (평촌동)",경기도 안양시 동안구 평촌동 900-1 평촌트윈마트,14103,37.3849920846,126.9598976523,,196377.88153844,431435.688645893,,000
안양축협동물병원,19961219,0000,정상,,031-443-3841,82.5,13990,"경기도 안양시 만안구 안양로 374-1, 3층, 지하층 (안양동)","경기도 안양시 만안구 안양동 847-10 3층, 지하층",13990,37.4046810165,126.9168766643,,192570.558369109,433624.722051591,,L00
레오동물병원,19940930,0000,정상,,031-253-4313,121,16334,"경기도 수원시 장안구 정자천로 187 (정자동, 롯데프라자)",경기도 수원시 장안구 정자동 872-2 롯데프라자 206호,16334,37.2965613775,126.9954621899,,199375.326187922,421688.485102486,,000
노아동물병원,19960531,0000,정상,,031-246-1254,33.6,16274,경기도 수원시 장안구 장안로 67 (영화동),경기도 수원시 장안구 영화동 394-4,16274,37.2904016514,127.0032201533,,200216.011914048,420935.386002891,,000
조문재동물병원,19940608,0002,폐업,20031007,,0,,경기도 연천군 연천읍 연천로 284-1,경기도 연천군 연천읍 차탄리 45-27,11013,38.1022309194,127.0752861726,,,,,000
이브동물병원,20030609,0002,폐업,20040419,,50.7,,경기도 동두천시 중앙로 328 (생연동),경기도 동두천시 생연동 557-41,11325,37.9106623638,127.0555262562,,204814.10506276,489779.787110158,,000
조이동물병원,20060327,0002,폐업,20210228,,90,15382,"경기도 안산시 단원구 화랑로 103, C동 201호 (원곡동, 반월종합상가)",경기도 안산시 단원구 원곡동 846-3 반월종합상가 C동 201호,15382,37.3270474301,126.8007776003,,182294.985340242,425039.319016326,,000
프란다스의 개 동물병원,20060419,0002,폐업,20180928,031-406-0043,0,,"경기도 안산시 상록구 석호로 314, 102호 (본오동)",경기도 안산시 상록구 본오동 862-4 102호,15551,37.2932764425,126.8654104088,,187995.989441545,421264.027574817,,000
도그플러스,20060829,0002,폐업,20210831,,85.5,15294,"경기도 안산시 상록구 충장로 432-0, 3층 (성포동)",경기도 안산시 상록구 성포동 586,15294,37.3171248925,126.8500756669,,186639.994472089,423921.240397456,,000
가나양한방동물병원,20061004,0002,폐업,20081113,031-402-4060,0,,"경기도 안산시 단원구 중앙대로 899, 112호 (고잔동,롯데프라자)",경기도 안산시 단원구 고잔동 537-4 롯데프라자 112호,15360,37.3172923375,126.8363957778,,185430.424306732,423951.686644527,,000
허브 동물병원,20160502,0002,폐업,20210901,,11.12,15253,"경기도 안산시 단원구 선부로 244, 103호 (와동)",경기도 안산시 단원구 와동 759-3번지 103호,15253,37.3412334643,126.8221862891,,184173.030683856,426593.197389552,,000
쿨펫동물병원,20070126,0002,폐업,20110131,031-401-7200,40.74,,"경기도 안산시 단원구 광덕대로 175 (고잔동,홈에버 3층)",경기도 안산시 단원구 고잔동 707-2 홈에버 3층,15471,37.3119141209,126.8289385051,,184766.070784522,423338.223688148,,000
다사랑동물병원,20070706,0002,폐업,20140428,031-501-7533,81.6,,경기도 안산시 상록구 샘골로 150 (본오동),경기도 안산시 상록구 본오동 872-18,15538,37.2972135978,126.8633802679,,187818.803949306,421700.847574067,,000
해피동물병원,20070803,0002,폐업,20081002,031-415-1013,26.8,,경기도 안산시 상록구 석호로 262-1 (본오동),경기도 안산시 상록구 본오동 890-1,15552,37.2934707888,126.8596548038,,187485.229461506,421286.052578819,,000
준동물병원,20080110,0002,폐업,20151021,031-403-4082,15,,"경기도 안산시 단원구 광덕대로 145 (고잔동,강희오피스텔 106호)",경기도 안산시 단원구 고잔동 717 강희오피스텔 106호,15476,37.3095076881,126.8289824632,,184769.49756348,423072.669991559,,000
애견마을동물병원,20080221,0002,폐업,20090218,031-403-1268,16,,경기도 안산시 단원구 선부로 199 (선부동),경기도 안산시 단원구 선부동 1087-29,15217,37.3418351782,126.8171006035,,183723.11,426659.055,,000
윤동물병원,20080411,0002,폐업,20130723,031-409-2145,0,,경기도 안산시 상록구 상록수로 28 (본오동),경기도 안산시 상록구 본오동 877-8,15532,37.3021150741,126.8630004458,,187781.607816964,422247.184696796,,000
가나24시동물병원,20081118,0002,폐업,20130115,031-402-4061,19850,15360,경기도 안산시 단원구 중앙대로 899 (고잔동),경기도 안산시 단원구 고잔동 537-4 롯데프라자 1층,15360,37.3172923375,126.8363957778,,185430.424306732,423951.686644527,,000
애견마을 동물병원,20090314,0002,폐업,20090623,031-403-1268,365.94,,경기도 안산시 단원구 선부로 199,경기도 안산시 단원구 선부동 1087-29   동진프라자 1층,15217,37.3418351782,126.8171006035,,,,,000
단원종합동물병원,20090722,0002,폐업,20150204,,53.9,15374,경기도 안산시 단원구 원선로 57 (원곡동),경기도 안산시 단원구 원곡동 826-11,15374,37.3297841139,126.7986640157,,182083.644265124,425330.453019512,,000
애견마을동물병원,20100108,0002,폐업,20130401,031-403-1268,0,,"경기도 안산시 단원구 선부로 199 (선부동,동진프라자 1층)",경기도 안산시 단원구 선부동 1087-29 동진프라자 1층,15217,37.3418351782,126.8171006035,,183723.11,426659.055,,000
Juicy동물병원,20100604,0002,폐업,20110131,031-410-9759,17,,"경기도 안산시 단원구 광덕대로 145 (고잔동,강희그랜드빌 102호)",경기도 안산시 단원구 고잔동 717 강희그랜드빌 102호,15476,37.3095076881,126.8289824632,,184769.49756348,423072.669991559,,000
쥬시동물병원,20110210,0002,폐업,20111013,031-410-9759,17,,"경기도 안산시 단원구 광덕대로 145, 102호 (고잔동,강희그랜드빌 1층)",경기도 안산시 단원구 고잔동 717 강희그랜드빌 1층 102호,15476,37.3095076881,126.8289824632,,184769.49756348,423072.669991559,,000
이리온 for 몰리스,20120504,0002,폐업,20130228,,0,15402,경기도 안산시 단원구 중앙대로 397 (신길동),경기도 안산시 단원구 신길동 1687,15402,37.3311715243,126.7849927694,,180873.786214121,425492.088360076,,L00
쿨펫동물병원 안산홈플러스 고잔점,20120529,0002,폐업,20181221,031-401-7200,0,15471,경기도 안산시 단원구 광덕대로 175 (고잔동),경기도 안산시 단원구 고잔동 707-2,15471,37.3119141209,126.8289385051,,184766.070784522,423338.223688148,,000
이레동물병원,20030903,0002,폐업,20051213,031-865-2704,93.42,,경기도 동두천시 큰시장로 37 (생연동),경기도 동두천시 생연동 693-10,11334,37.9002808707,127.053529932,,204640.04471308,488627.008483066,,000
애견동물병원,20031008,0002,폐업,20040319,031-857-6456,29.95,,경기도 동두천시 평화로 2442 (생연동),경기도 동두천시 생연동 482-47 4통5반,11314,37.9057156176,127.0582860701,,205053.733615321,489230.633833764,,000
인다임,20010720,0002,폐업,20080901,,0,,경기도 고양시 일산동구 강석로 17,경기도 고양시 일산동구 백석동 1292,10447,37.6447906724,126.7870413811,,181135.546954599,460291.390714828,,000
수,20010725,0002,폐업,20190129,,0,,경기도 고양시 덕양구 지도로 43,경기도 고양시 덕양구 토당동 389-20,10510,37.6209718131,126.8243571773,,,,,000
베스트,20010820,0002,폐업,20040813,,0,,경기도 고양시 일산서구 중앙로 1470,경기도 고양시 일산서구 주엽동 17,10379,37.6722015115,126.7580679758,,178529.136791301,463365.623578833,,000
Dr.dog 동물병원,20011005,0002,폐업,20200228,,0,10406,경기도 고양시 일산동구 일산로394번길 5-9 (정발산동),경기도 고양시 일산동구 정발산동 1294-5,10406,37.6706401792,126.7810225333,,180615.175512432,463159.896161075,,000
고양,20020118,0002,폐업,20060803,,0,,경기도 고양시 덕양구 동헌로 461,경기도 고양시 덕양구 고양동 176-8,10272,37.7070133311,126.9030351161,,191377.795948003,467184.538671194,,000
고양,20020218,0002,폐업,20060803,,0,,경기도 고양시 덕양구 동헌로 461,경기도 고양시 덕양구 고양동 176-8,10272,37.7070133311,126.9030351161,,,,,000
희망애견동물병원,19970616,0002,폐업,20050901,,0,,,경기도 안성시 인지동 416-2,,,,,,,,000
(주)팜스코 질병검진센터,20020810,0002,폐업,20091210,031-677-5770,0,,경기도 안성시 미양면 제2공단4길 33,경기도 안성시 미양면 계륵리 273-4,17599,36.9785904388,127.2566209658,,222730.659666535,386320.724332746,,L00
베스프동물병원,20041124,0002,폐업,20180320,031-675-2213,144,,경기도 안성시 강변로74번길 27 (도기동),경기도 안성시 도기동 218-3,17596,36.9994328927,127.2707604817,,224025.645454983,388675.111279068,,000
김갑수 동물병원,20050720,0002,폐업,20140201,,52.5,,경기도 안성시 일죽면 원설로 1042,경기도 안성시 일죽면 고은리 47-4,17525,37.1348211641,127.4467905319,,239609.327515254,403821.901063891,,000
행복한동물병원,20060413,0002,폐업,20191015,031-677-8275,70.98,,경기도 안성시 중앙로419번길 6 (영동),경기도 안성시 영동 437-1,17590,37.0069470713,127.2734579939,,224270.214861653,389517.697038572,,000
펫프렌즈동물병원,20061004,0002,폐업,20070625,031-618-7533,24.89,,,경기도 안성시 공도읍 양기리 산 2-13,17558,,,,,,,000
펫프랜즈동물병원,20120704,0002,폐업,20130122,,82.6,17558,"경기도 안성시 공도읍 서동대로 4478, 2층 (롯데마트)",경기도 안성시 공도읍 양기리 306 31통9반 롯데마트 2층,17558,37.0078825813,127.1994840903,,217695.637116434,389592.895375219,,000
케이엠클리닉,20080328,0002,폐업,20090608,031-672-2255,16.5,,경기도 안성시 보개원삼로 115 (가사동),경기도 안성시 가사동 24-28,17585,37.0138499991,127.2869266982,,225466.021727874,390284.09921398,,000
제이넥스솔루션센터,20080714,0002,폐업,20100701,,47.04,,경기도 안성시 삼죽면 두둘기길 34,경기도 안성시 삼죽면 덕산리 262-0002,17513,37.0765080063,127.3749871756,,233272.928184023,397262.22933977,,000
발라드동물병원 (출장전문동물병원),20080930,0002,폐업,20221220,031-672-7831,164.26,17529,경기도 안성시 일죽면 서동대로 7381-8,경기도 안성시 일죽면 송천리 458,17529,37.0893334702,127.4667161565,,241426.756832809,398710.772714351,,L00
굿모닝동물병원,20081030,0002,폐업,20100114,031-677-2422,75.2,,경기도 안성시 강변남로 52 (도기동),경기도 안성시 도기동 241,17596,37.0007896885,127.2731728083,,224246.405767762,388817.625445462,,000
제네틱스동물병원,20110125,0002,폐업,20130816,,1380,17595,경기도 안성시 안성맞춤대로 763 (계동),경기도 안성시 계동 203-17 10호,17595,36.9831712647,127.2663371621,,223648.232236297,386869.902457025,,000
한별클리닉 동물병원,20110212,0002,폐업,20120830,,167.03,,경기도 안성시 삼죽면 두둘기길 34,경기도 안성시 삼죽면 덕산리 262-2,17513,37.0765080063,127.3749871756,,233272.928184023,397262.22933977,,000
죽산동물병원,20110607,0002,폐업,20160311,031-676-6655,102.66,,경기도 안성시 죽산면 죽주로 282,경기도 안성시 죽산면 죽산리 120-1,17519,37.0759651295,127.4264126138,,237846.805001879,397220.134629626,,000
안성팜랜드 동물병원,20120409,0002,폐업,20220719,031-8053-7991,180,,경기도 안성시 공도읍 대신두길 28,경기도 안성시 공도읍 신두리 363-5,17558,36.9920854229,127.1944105932,,217304.277413754,387905.81649626,,000
플러스 동물병원,20120529,0002,폐업,20141013,031-656-8047,44.4,,경기도 안성시 공도읍 공도4로 817-2,경기도 안성시 공도읍 만정리,,,,,,,,000
성심동물약품병원,20140306,0002,폐업,20191225,031-677-9958,187,17516,경기도 안성시 삼죽면 서동대로 6294,경기도 안성시 삼죽면 진촌리 406-5,17516,37.0544482452,127.3651934986,,232424.703554496,394815.558709818,,000
다사랑동물병원,20140516,0002,폐업,20160422,031-676-7948,163.05,17578,경기도 안성시 중앙로 252 (석정동),경기도 안성시 석정동 145-8,17578,37.0129447665,127.2568149658,,222784.636058901,390176.235845527,,000
하나동물병원,20180223,0002,폐업,20210421,031-677-5396,297.6,17519,경기도 안성시 죽산면 죽주로 265,경기도 안성시 죽산면 죽산리 476-2,17519,37.075621434,127.4245791754,,237683.424421947,397187.548994516,,000
초원가축병원(출장전문),20190918,0002,폐업,20201023,,28.87,17552,"경기도 안성시 원곡면 벚꽃길 73, 상가동동 108호 (산수화아파트)",경기도 안성시 원곡면 반제리 743 산수화아파트,17552,37.003534697,127.15219437,,213476.789597377,389139.291533902,,000
이룸동물병원(출장전문),20200310,0002,폐업,20230331,,1380,17595,"경기도 안성시 안성맞춤대로 763, 113호 (계동)",경기도 안성시 계동 203-17,17595,36.9831712647,127.2663371621,,223648.232236297,386869.902457025,,000
웰니스동물병원,20200924,0002,폐업,20230106,031-8029-5080,54.23,17563,"경기도 안성시 공도읍 서동대로 3930-39, 스타필드 안성 1층 1142호",경기도 안성시 공도읍 진사리 354 스타필드 안성,17563,36.9945235041,127.1471670216,,213062.918998049,388093.036705258,,000
마스터동물병원 (출장전문동물병원),20210506,0002,폐업,20230509,031-676-3828,39,17585,경기도 안성시 보개원삼로 162 (가사동),경기도 안성시 가사동 11-6,17585,37.01755849,127.28892858,,225636.929385566,390694.334531817,,000
한마음동물의료원,20230323,0002,폐업,20240221,031-657-7778,130.16,17562,"경기도 안성시 공도읍 공도로 116-16, 101호",경기도 안성시 공도읍 승두리 60-10 101호,17562,36.9993033473,127.1731290886,,215339.631567845,388643.656065943,,000
김포종합동물병원,20021220,0002,폐업,20041230,,0,,,경기도 김포시 감정동 513,,37.6235255848,126.6970009042,,173180.956018297,457953.336487612,,000
Pet in Park 동물병원,20021230,0002,폐업,20050926,,0,,,경기도 김포시 사우동 407-19,10110,37.6141240603,126.7250278141,,175652.656540511,456907.538277207,,000
우리종합동물병원,20041209,0002,폐업,20071217,,0,,,경기도 김포시 장기동 404-10,,,,,,,,000
우리 동물병원,20050127,0002,폐업,20050923,,0,,,경기도 김포시 장기동 1315,,,,,,,,000
마이팻,20020220,0002,폐업,20040306,,0,,경기도 고양시 일산서구 일현로 32,경기도 고양시 일산서구 탄현동 1574-4,10343,37.6900113283,126.7623366533,,,,,000
행복이 가득한 동물종합병원,20020429,0002,폐업,20070330,,0,,경기도 고양시 덕양구 화정로 53,경기도 고양시 덕양구 화정동 969-1,10497,37.6352288909,126.8319237237,,185093.23232828,459216.214287851,,000
호수,20020523,0002,폐업,20040306,,0,,경기도 고양시 일산동구 강송로125번길 59-8,경기도 고양시 일산동구 백석동 1201-2,10420,37.6480774032,126.7835525789,,,,,000
신원당 종합 동물병원,20020601,0002,폐업,20130926,,0,,경기도 고양시 덕양구 호국로790번길 88,경기도 고양시 덕양구 성사동 706-4,10464,37.6544568764,126.8404013748,,185847.301970352,461353.37237947,,000
봉일천동물종합병원,20030624,0002,폐업,20050319,02-2690-0327,0,,,경기도 파주시 조리읍 봉일천리 154,10937,,,,,,,000
구일산건국,20020711,0002,폐업,20081209,,0,,경기도 고양시 일산서구 고양대로 692,경기도 고양시 일산서구 일산동 643-3,10353,37.683631601,126.7727542485,,,,,000
Dr.해리엇,20020720,0002,폐업,20050905,,0,,경기도 고양시 일산동구 일산로 251,경기도 고양시 일산동구 마두동 753,10416,37.6582318117,126.7874343753,,181174.98133946,461782.707180181,,000
화정에덴,20020803,0002,폐업,20030519,,0,,경기도 고양시 덕양구 화중로138번길 5-9,경기도 고양시 덕양구 화정동 893-3,10477,37.6399931232,126.8328444933,,,,,000
행복한,20030120,0002,폐업,20050322,,0,,,경기도 고양시 일산동구 장항동 702-4,,,,,,,,000
세브란스,20030123,0002,폐업,20060605,,0,,경기도 고양시 일산서구 일현로 48,경기도 고양시 일산서구 탄현동 1573-5,10343,37.6912696849,126.7632202251,,179054.660565285,465462.149809784,,000
동물의 왕국,20030127,0002,폐업,20170228,031-967-5432,0,,경기도 고양시 덕양구 화중로151번길 3,경기도 고양시 덕양구 화정동 913 1층,10476,37.6404679184,126.8323301922,,185130.603873449,459802.213009822,,000
더베츠동물병원,20030901,0002,폐업,20070711,,0,,경기도 고양시 일산동구 고봉로 32-6,경기도 고양시 일산동구 장항동 736 엔트리윈프라자 108호,10364,37.664560405,126.7656045619,,179250.27,462489.56,,000
라페스타 동물병원,20031006,0002,폐업,20061117,031-922-2043,0,,경기도 고양시 일산동구 무궁화로 20-11,경기도 고양시 일산동구 장항동 761,10401,37.6618144398,126.7675476974,,179402.901067853,462211.337473083,,000
하노버 동물병원(대화분원),20031215,0002,폐업,20071213,,0,,경기도 고양시 일산서구 대화로 115,경기도 고양시 일산서구 대화동 1463-1,10218,37.6697008144,126.7334760172,,176414.62406784,463073.660918079,,000
화정에덴동물병원,20030605,0002,폐업,20080703,,0,,경기도 고양시 덕양구 화중로138번길 5-9,경기도 고양시 덕양구 화정동 893-3,10477,37.6399931232,126.8328444933,,,,,000
쿨펫 동물병원,20040315,0002,폐업,20050901,,0,,경기도 고양시 덕양구 화중로 66,경기도 고양시 덕양구 화정동 982 롯데마그넷 2층,10500,37.6329529662,126.8311167607,,185024.681774615,458969.125315118,,000
주주 동물병원,20040609,0002,폐업,20081209,031-975-2233,0,,경기도 고양시 일산서구 고양대로 732,경기도 고양시 일산서구 일산동 13블럭 3롯트 대진빌딩 103호,10354,37.6827304877,126.7771860171,,,,,000
흥일가축병원,19750829,0002,폐업,20220516,031-941-4029,0,10937,경기도 파주시 조리읍 봉천로 17,경기도 파주시 조리읍 봉일천리 205,10937,37.7428257773,126.8095173585,,183140.671123754,471164.046495471,,000
고잔모아동물병원,20020314,0002,폐업,20050525,,0,,"경기도 안산시 단원구 광덕동로 91 (고잔동,시티프라자 1 층 113호)",경기도 안산시 단원구 고잔동 727-4 시티프라자 1 층 113호,15462,37.3126468518,126.8325883791,,185088.666807387,423418.73636793,,000
정동물병원,20020603,0002,폐업,20070430,,0,,경기도 안산시 단원구 선부광장1로 10,경기도 안산시 단원구 선부동 1070-11   동양빌딩 1층 107호,15240,37.3355311654,126.8072124608,,,,,000
가나동물병원,20020726,0002,폐업,20031030,,0,,경기도 안산시 단원구 중앙대로 899,경기도 안산시 단원구 고잔동 537-4    롯데프라자 1층,15360,37.3172923375,126.8363957778,,,,,000
우리동물병원,20021214,0002,폐업,20090112,,0,,,경기도 안산시 단원구 선부동 1085 한양(프) 1층 117호,,,,,183345.914331094,426467.830889731,,000
펫프렌즈 동물병원,20040812,0002,폐업,20131119,031-916-7582,0,,경기도 파주시 당하길 10,경기도 파주시 당하동 195-5,10866,37.7471271237,126.7508279389,,178030.82794167,471632.260930404,,000
고잔종합동물병원,20021028,0002,폐업,20040207,,0,,"경기도 안산시 단원구 광덕1로 64 (초지동,현대프라자 3층)",경기도 안산시 단원구 초지동 732-2 현대프라자 3층,15448,37.3081391276,126.8166494191,,183676.428563064,422920.909458077,,L00
한국동물병원,19910418,0002,폐업,20230403,,0,15445,"경기도 안산시 단원구 광덕1로 63, 1층 109호 (초지동, 메디프라자)",경기도 안산시 단원구 초지동 729-2 메디프라자 109호,15445,37.308779464,126.8167113312,,183681.310235768,422991.45891915,,000
스누피동물병원,20030402,0002,폐업,20030624,,0,,경기도 안산시 상록구 중보로 21,경기도 안산시 상록구 이동 718-5    금강(프)1층109호,15495,37.3060267647,126.8496859799,,,,,000
열린동물병원,20030104,0002,폐업,20060602,,0,,"경기도 안산시 단원구 광덕대로 168 (고잔동,신화타운 1층 103호)",경기도 안산시 단원구 고잔동 771 신화타운 1층 103호,15470,37.3112667551,126.8308175591,,184933.093702504,423266.254566763,,000
현진동물병원,20030208,0002,폐업,20050304,,0,,경기도 안산시 단원구 광덕1로 159,경기도 안산시 단원구 고잔동 718-5    대림(프) 1층112호,15476,37.3081732462,126.8273242202,,,,,000
애견마을동물병원,20030407,0002,폐업,20080220,,0,,,경기도 안산시 단원구 선부동 1089-29,15217,,,,,,,000
얼큰동물병원,20030409,0002,폐업,20140808,,0,,"경기도 안산시 상록구 본오로 81-1 (본오동,1층)",경기도 안산시 상록구 본오동 864-3 1층,15551,37.2923702572,126.8661964879,,188066.517424415,421163.504432101,,000
혜인이네동물병원,20030722,0002,폐업,20070514,,0,,"경기도 안산시 단원구 원포공원1로 30 (초지동,서해프라자 110호)",경기도 안산시 단원구 초지동 745 서해프라자 110호,15457,37.3011341461,126.8133164971,,183379.619849692,422143.413283603,,000
1%애견동물병원,20030813,0002,폐업,20031231,,0,,경기도 안산시 상록구 용신로 168,경기도 안산시 상록구 사동 1577-6    1층,15578,37.303265238,126.8409422852,,,,,000
늘푸른동물병원,20031015,0002,폐업,20040109,,0,,경기도 안산시 상록구 샘골로 168,경기도 안산시 상록구 본오동 872-11,15538,37.298782418,126.8634573102,,,,,000
가나동물병원,20031101,0002,폐업,20050822,031-402-4060,0,,경기도 안산시 단원구 중앙대로 899,경기도 안산시 단원구 고잔동 537-4  롯데프라자 1층,15360,37.3172923375,126.8363957778,,,,,000
고잔동물병원,20040120,0002,폐업,20040421,,0,,"경기도 안산시 단원구 광덕1로 64, 102,103호 (초지동,현대프라자1층)","경기도 안산시 단원구 초지동 732-2 현대프라자1층 102,103호",15448,37.3081391276,126.8166494191,,183676.428563064,422920.909458077,,000
고잔동물병원,20040426,0002,폐업,20091119,,0,,경기도 안산시 단원구 광덕1로 64,경기도 안산시 단원구 초지동 732-2 현대(프) 102호,15448,37.3081391276,126.8166494191,,,,,000
윤동물병원,20040517,0002,폐업,20080401,031-409-2145,0,,경기도 안산시 상록구 상록수로 28,경기도 안산시 상록구 본오동 877-8번지 보노피아빌딩 106호,15532,37.3021150741,126.8630004458,,,,,000
도그플러스,20040625,0002,폐업,20060828,031-475-0975,0,,"경기도 안산시 상록구 충장로 432 (성포동,2층)",경기도 안산시 상록구 성포동 586 2층,15294,37.3171248925,126.8500756669,,186639.994472089,423921.240397456,,000
프란다스의개 동물병원,20040820,0002,폐업,20050121,031-406-0043,0,,경기도 안산시 상록구 본오로 87-1,경기도 안산시 상록구 본오동 862-12 102호,15551,37.2929203785,126.8662482839,,,,,000
늘푸른동물병원,20040820,0002,폐업,20041019,,0,,경기도 안산시 상록구 샘골로 168,경기도 안산시 상록구 본오동 872-11 109호,15538,37.298782418,126.8634573102,,,,,000
24시도그앤캣동물의료센터,20040909,0002,폐업,20141230,031-402-4900,0,15359,"경기도 안산시 단원구 고잔2길 16, 101호 (고잔동)",경기도 안산시 단원구 고잔동 531-2 101호,15359,37.3176331359,126.8328828688,,185115.720999982,423972.588048487,,000
아빠곰동물병원,20041019,0002,폐업,20090720,031-494-1119,0,,경기도 안산시 단원구 원선로 57,경기도 안산시 단원구 원곡동 826-11,15374,37.3297841139,126.7986640157,,,,,000
프란다스의 개,20050124,0002,폐업,20050325,031-406-0043,0,,경기도 안산시 상록구 석호로 314,경기도 안산시 상록구 본오동 862-4번지 102호,15551,37.2932764425,126.8654104088,,,,,000
초원동물병원,20050223,0002,폐업,20070205,031-475-7536,0,,경기도 안산시 상록구 충장로 576,경기도 안산시 상록구 월피동 442-22,15279,37.3295478995,126.8504427506,,,,,000
쿨펫동물병원,20050316,0002,폐업,20050406,031-401-7200,0,,경기도 안산시 단원구 광덕대로 175,경기도 안산시 단원구 고잔동 707-2번지 까르프 안산점 1층,15471,37.3119141209,126.8289385051,,,,,000
프란다즈의 개,20050331,0002,폐업,20050415,031-406-0043,0,,경기도 안산시 상록구 본오로 87,경기도 안산시 상록구 본오동 862-13,15551,37.2928031435,126.8662379851,,,,,000
쿨펫동물병원,20050412,0002,폐업,20070124,,0,,경기도 안산시 단원구 광덕대로 175,경기도 안산시 단원구 고잔동 707-2번지 까르프 1층,15471,37.3119141209,126.8289385051,,,,,000
프란다스의 개,20050510,0002,폐업,20050624,031-406-0043,0,,경기도 안산시 상록구 석호로 314,경기도 안산시 상록구 본오동 862-4번지 102호,15551,37.2932764425,126.8654104088,,,,,000
프란다스의 개,20050630,0002,폐업,20060417,,0,,경기도 안산시 상록구 석호로 314,경기도 안산시 상록구 본오동 862-4번지 102호,15551,37.2932764425,126.8654104088,,,,,000
용주골동물병원,19750829,0002,폐업,20221130,031-952-4674,0,10834,경기도 파주시 파주읍 술이홀로 422-1,경기도 파주시 파주읍 연풍리 403-7 1통3반,10834,37.8295896113,126.8336977592,,185290.364597906,480792.440855569,,000
통일동물병원,19761208,0002,폐업,20100607,,0,,,경기도 파주시 문산읍 문산리 10-15,10823,37.8565242776,126.7851773944,,181017.766478079,483814.735406096,,000
적성동물병원(산업동물 출장진료 전문 동물병원),19771102,0002,폐업,20100531,,0,,,경기도 파주시 적성면 구읍리 657-3,10803,,,,,,,000
법원동물병원,19801004,0002,폐업,20070731,,0,,,경기도 파주시 적성면 구읍리 657-3,10803,,,,,,,000
김희원동물병원,19860411,0002,폐업,20100330,,0,,경기도 파주시 파평면 장승배기로 201,경기도 파주시 파평면 율곡리 263-2,10809,37.8828840745,126.8149891703,,183657.800667797,486696.235137372,,000
보람동물병원,19940304,0002,폐업,20100330,031-959-3641,0,,경기도 파주시 적성면 청송로 1006,경기도 파주시 적성면 마지리 51-3,10803,37.9530792501,126.9176107619,,192687.508506938,494493.704350898,,000
승진동물병원,19960723,0002,폐업,20190806,031-959-7582,0,10826,경기도 파주시 법원읍 사임당로 899,경기도 파주시 법원읍 법원리 447-36 5통3반 1층호,10826,37.8481516391,126.8807122381,,189430.261796987,482845.55651185,,000
닥터장동물병원,20020307,0002,폐업,20170615,031-944-8288,120.2,10930,경기도 파주시 새꽃로 207 (아동동),경기도 파주시 아동동 351-13,10930,37.7659558096,126.7753889745,,180141.888847201,473743.534463103,,000
파주동물병원,20050708,0002,폐업,20070404,031-941-2248,20,,경기도 파주시 금정4길 14,경기도 파주시 금촌동 786-12,10923,37.7565566818,126.7771040298,,180284.855901155,472696.411562698,,000
스마일 동물병원,20050715,0002,폐업,20120821,031-949-8875,38,,,경기도 파주시 금촌동 금촌2택지개발사업지구 상업용지 제19호,,,,,,,,000
아이비동물병원,20060628,0002,폐업,20170123,,42,10874,"경기도 파주시 파주로 266, 101호 (동패동, 아이비타워)",경기도 파주시 동패동 1695-1 아이비타워 101호,10874,37.7261583579,126.7182448165,,175090.909144355,469332.985551969,,000
우리동물병원(산업동물 출장진료 전문동물병원),20071224,0002,폐업,20121214,,49.5,,경기도 파주시 적성면 솥뒤로 95,경기도 파주시 적성면 마지리 193-19,10803,37.9599941604,126.9107829509,,192088.202183954,495274.754152272,,000
쿨펫동물병원(파주문산점),20080903,0002,폐업,20190404,031-954-7588,47.34,10816,"경기도 파주시 문산읍 방촌로 1759, 3층 (홈플러스)",경기도 파주시 문산읍 당동리 880 홈플러스 3층,10816,37.8697363281,126.7850270241,,181002.777532337,485203.012122524,,000
웰니스클리닉 동물병원 파주운정점,20110827,0002,폐업,20170328,031-942-7524,130,10905,"경기도 파주시 한울로 123, 2층 (동패동, 이마트운정점)",경기도 파주시 동패동 1763 이마트운정점 2층,10905,37.7103889772,126.7450715864,,177453.945515036,467576.438594292,,000
버디종합동물병원,20120629,0002,폐업,20220628,031-953-1183,0,10823,경기도 파주시 문산읍 문산역로 77,경기도 파주시 문산읍 문산리 17-363,10823,37.853154751,126.7868808832,,181170.462003043,483415.279798355,,000
교하동물병원,20120726,0002,폐업,20220620,031-957-2388,45.1,10913,"경기도 파주시 새꽃로 89, 2층 (금촌동)",경기도 파주시 금촌동 273-1 2층 외2필지제가동호,10913,37.7580540266,126.7685297186,,179529.714545326,472868.31745532,,000
행복플러스 동물병원,20130208,0002,폐업,20150302,031-949-1275,46.92,10894,"경기도 파주시 와석순환로 431, 1층 105호 (와동동, 신운정프라자)",경기도 파주시 와동동 1365-3 신운정프라자 1층 105호,10894,37.7236630772,126.7532089631,,178167.449980153,469050.729234144,,000
Diim동물병원,20140513,0002,폐업,20170628,031-953-5009,187.27,10874,"경기도 파주시 청석로 264, 2층 201호 (동패동, 거묵프라자)",경기도 파주시 동패동 1696-1 거묵프라자 201호,10874,37.7255907974,126.7182848248,,175093.092934159,469277.590463923,,000
리버풀동물병원,20150326,0002,폐업,20150610,031-945-7297,42.7,10923,경기도 파주시 중앙로 255 (금촌동),경기도 파주시 금촌동 770-4,10923,37.7589314376,126.7778074849,,180351.808879597,472962.089717986,,000
리버풀동물병원,20150611,0002,폐업,20160530,031-945-7297,38.19,10923,"경기도 파주시 중앙로 255, 1층 (금촌동, 금남빌딩)",경기도 파주시 금촌동 770-4 금남빌딩,10923,37.7589314376,126.7778074849,,180351.808879597,472962.089717986,,000
가온동물병원,20161116,0002,폐업,20221102,,99,10900,경기도 파주시 가온로 116 (목동동),경기도 파주시 목동동 685,10900,37.7205399442,126.7454110981,,177485.566384528,468704.94390068,,000
아이비동물병원,20170125,0002,폐업,20170601,031-949-8256,41.74,10874,"경기도 파주시 파주로 266, 101호 (동패동, 아이비타워)",경기도 파주시 동패동 1695-1 아이비타워 101호,10874,37.7261583579,126.7182448165,,175090.909144355,469332.985551969,,000
웰니스클리닉 파주운정점,20170329,0002,폐업,20230331,031-942-7524,75.8,10905,"경기도 파주시 한울로 123 (동패동, 이마트운정점)",경기도 파주시 동패동 1763,10905,37.7103889772,126.7450715864,,177453.945515036,467576.438594292,,000
한성동물병원(산업동물 출장진료전문동물병원),20170406,0002,폐업,20190423,031-958-7511,27,10803,경기도 파주시 적성면 솥뒤로 95,경기도 파주시 적성면 마지리 193-19,10803,37.9599941604,126.9107829509,,192088.202183954,495274.754152272,,000
중앙동물병원,19900831,0002,폐업,20070403,,0,,경기도 이천시 어재연로8번길 56,경기도 이천시 중리동 216-3,17374,37.2771715786,127.4457204154,,,,,000
설성,19900919,0002,폐업,20121231,,0,,경기도 이천시 설성면 진상미로665번길 2-5,경기도 이천시 설성면 금당리 193-34,17411,37.1334256534,127.5171019652,,,,,000
가나동물병원,20050826,0002,폐업,20060928,031-401-4060,0,,경기도 안산시 단원구 중앙대로 899,경기도 안산시 단원구 고잔동 537-4,15360,37.3172923375,126.8363957778,,,,,000
중앙동물병원,20151202,0002,폐업,20210528,,40.82,11317,"경기도 동두천시 평화로 2408-2, 1층 (생연동)",경기도 동두천시 생연동 427-13,11317,37.9027410164,127.0582014775,,205046.610234416,488900.353727569,,000
센트럴동물병원,20230310,0002,폐업,20250311,,72,11362,경기도 동두천시 행선로 53(지행동),경기도 동두천시 지행동 325-1,11362,37.8931424499,127.0606813606,,205254.975809165,487821.368265444,,000
안산동물병원,19930723,0002,폐업,20050426,,27.6,,경기도 안산시 단원구 고잔로 122,경기도 안산시 단원구 고잔동 5396 유림빌딩 1층동 101호,15361,37.3185920522,126.8399281671,,,,,000
서울동물병원,19950116,0002,폐업,20211229,031-482-1474,0,15204,경기도 안산시 상록구 장하로 331 (수암동),경기도 안산시 상록구 수암동 505,15204,37.3621383294,126.8749265535,,188849.135514459,428906.748869825,,000
우성동물병원,19950420,0002,폐업,20240131,,0,15202,"경기도 안산시 상록구 장상3길 7-1, 우성동물병원 (장상동)",경기도 안산시 상록구 장상동 3-151 우성동물병원,15202,37.3605308436,126.8760578281,,188949.191493753,428727.458815116,,000
제일동물병원,19950309,0002,폐업,20090420,,0,,,경기도 안산시 상록구 수암동 442,15203,,,,,,,000
중앙동물병원,19981216,0002,폐업,20070529,,0,,경기도 안산시 상록구 샘골로 150,경기도 안산시 상록구 본오동 872-18   1층동,15538,37.2972135978,126.8633802679,,,,,000
가람동물병원,20010224,0002,폐업,20031121,,0,,경기도 안산시 단원구 한양대학로 210,경기도 안산시 단원구 고잔동 730-2    고잔신도시 중앙역앞 1층동,15466,37.3137700818,126.8367765863,,,,,000
애견마을 동물병원,20010224,0002,폐업,20030404,,0,,경기도 안산시 단원구 선부로 199,경기도 안산시 단원구 선부동 1087-29   동진프라자 1층동,15217,37.3418351782,126.8171006035,,,,,000
애니동물병원,20020206,0002,폐업,20231120,,0,,경기도 안산시 상록구 석호로 54 (사동),경기도 안산시 상록구 사동 1518,15497,37.3065903892,126.8472775804,,186389.703378283,422744.321447515,,000
상아동물병원,20020304,0002,폐업,20070803,,0,,경기도 안산시 단원구 광덕동로 39,경기도 안산시 단원구 고잔동 775-4    대우프라자 1층115호,15477,37.3079207404,126.8320772182,,,,,000
수지동물병원,20051209,0002,폐업,20130716,,48.45,,"경기도 용인시 수지구 문인로54번길 2, 103호 (동천동,수지하우비상가)",경기도 용인시 수지구 동천동 887 수지하우비상가 103호,16828,37.3335477204,127.0971941751,,208559.945143383,425733.129247707,,000
시드니동물병원,20060523,0002,폐업,20100222,,41.44,,경기도 용인시 수지구 만현로 110,경기도 용인시 수지구 상현동 257-14   원희캐슬프라자 A동 112호,16930,37.3067600253,127.0846083156,,,,,000
폭시펫동물병원,20060526,0002,폐업,20060719,,66.4,,,경기도 용인시 수지구 죽전동 죽전택지개발지구 1703블럭,,,,,,,,000
펫플러스동물병원,20060912,0002,폐업,20100503,,45.63,,"경기도 용인시 수지구 신봉2로 19, 102호 (신봉동,신LG프라자)",경기도 용인시 수지구 신봉동 83 신LG프라자 102호,16814,37.3244817106,127.0770839136,,206763.168457439,424729.36996225,,000
영동동물병원,20061109,0002,폐업,20090310,,0,,경기도 용인시 수지구 현암로125번길 6,경기도 용인시 수지구 죽전동 1602-0001 그린프라자 105호,16876,37.3322462273,127.1235026604,,,,,000
센트럴동물병원,20070411,0002,폐업,20070727,,0,,경기도 용인시 수지구 수지로 119,경기도 용인시 수지구 성복동 70-1,16849,37.3130500075,127.0790213261,,,,,000
정다운종합동물병원,20071024,0002,폐업,20250831,031-272-1199,0,16858,"경기도 용인시 수지구 수지로112번길 11, 1층 104호 (성복동)",경기도 용인시 수지구 성복동 66-10,16858,37.3125953981,127.0804570894,,207061.204988417,423400.69528574,,000
청담24시동물병원,20080801,0002,폐업,20150730,031-264-7502,54.67,,"경기도 용인시 수지구 대지로 58, 104호 (죽전동)",경기도 용인시 수지구 죽전동 1254-4 104호,16873,37.3284691292,127.1150106194,,210184.959192621,425201.416614652,,000
아프리카 동물병원,20090226,0002,폐업,20090709,,0,,경기도 용인시 수지구 성복2로 114,경기도 용인시 수지구 성복동 129-001 플러스클리닉수지센터,16851,37.3158968886,127.0735657162,,206444.574176723,423783.670257957,,000
영동동물병원,20090311,0002,폐업,20120410,,55,,경기도 용인시 수지구 현암로125번길 6,경기도 용인시 수지구 죽전동 1178-1    그린프라자 105호,16876,37.3322462273,127.1235026604,,,,,000
보미든동물병원,20090324,0002,폐업,20171116,031-889-8877,0,,경기도 용인시 수지구 현암로 107,경기도 용인시 수지구 죽전동 2003-3    SR프라자 104호,16875,37.3319775153,127.1212125014,,,,,000
참누리동물병원,20100222,0002,폐업,20110801,031-264-7525,0,,경기도 용인시 수지구 만현로 110,경기도 용인시 수지구 상현동 257-14 원희캐슬프라자 A동 112호,16930,37.3067600253,127.0846083156,,,,,000
초이스동물병원,20111205,0002,폐업,20230927,031-264-7553,99.79,16866,경기도 용인시 수지구 용구대로 2794 (죽전동),경기도 용인시 수지구 죽전동 915-3,16866,37.3351298676,127.1093548829,,209623.710694829,425913.145681997,,000
영동동물병원,20120502,0002,폐업,20250630,031-896-3881,90.7,16880,"경기도 용인시 수지구 현암로 136, 101호 (죽전동, 세종프라자)",경기도 용인시 수지구 죽전동 1191-1 세종프라자 101호,16880,37.3315099716,127.1244093832,,210956.34433362,425506.249422966,,000
쿨펫동물병원 수지점,20120809,0002,폐업,20130226,031-897-0072,34.42,16923,"경기도 용인시 수지구 진산로 106, 2층 207호 (풍덕천동, 훼미리빌딩)",경기도 용인시 수지구 풍덕천동 193-8 훼미리빌딩 207호,16923,37.3201470994,127.0980783245,,208628.282848474,424240.109838107,,000
가야동물병원,20130314,0002,폐업,20131126,031-216-8094,210.06,,,"경기도 용인시 수지구 상현동 광교택지개발지구 18-3, 2층",,,,,,,,000
수지동물병원,20130716,0002,폐업,20151106,031-889-7582,52.65,16828,"경기도 용인시 수지구 문인로54번길 2 (동천동, 수지하우비상가 103호)",경기도 용인시 수지구 동천동,16828,37.3335477204,127.0971941751,,208559.945143383,425733.129247707,,000
수지동물병원,20130905,0002,폐업,20151106,031-889-7582,52.65,16828,"경기도 용인시 수지구 문인로54번길 2, 103호 (동천동)",경기도 용인시 수지구 동천동 887번지 수지하우비 103호,16828,37.3335477204,127.0971941751,,208559.945143383,425733.129247707,,000
가야 동물병원,20131127,0002,폐업,20200921,031-216-8094,82.64,16863,"경기도 용인시 수지구 포은대로 91, 2층 (상현동)",경기도 용인시 수지구 상현동 1190-2,16863,37.3011370294,127.0699367786,,206133.18245135,422131.273096622,,000
라인-Vet,20141107,0002,폐업,20160121,,0,16823,"경기도 용인시 수지구 수지로461번길 38, 4층 402호 (동천동)",경기도 용인시 수지구 동천동 336-3 402호,16823,37.337798649,127.0935025374,,208224.054843546,426202.009111003,,000
죽전서울동물병원,20150731,0002,폐업,20160116,031-264-7502,110.05,16873,"경기도 용인시 수지구 대지로 58, 104,105호 (죽전동, 선진포리스트)","경기도 용인시 수지구 죽전동 1254-3 선진포리스트 104,105호",16873,37.3284691292,127.1150106194,,210159.350235868,425189.454948553,,000
쿨펫동물병원죽전점,20160831,0002,폐업,20170628,,46.97,16896,"경기도 용인시 수지구 포은대로 552, 3층 (죽전동)",경기도 용인시 수지구 죽전동 1282번지 3층,16896,37.3253249176,127.1100038667,,209673.343954233,424823.677745145,,000
다올동물의료센터 광교점,20170426,0002,폐업,20230302,031-893-7982,0,16944,"경기도 용인시 수지구 광교중앙로 297, 102, 201~203호 (상현동)",경기도 용인시 수지구 상현동 1117-8,16944,37.2967243935,127.0686079554,,206013.056773134,421638.835982832,,000
용인24시 메이트동물병원,20170920,0002,폐업,20211028,031-262-9119,350.09,16867,"경기도 용인시 수지구 용구대로 2761, 1~3층 (죽전동)",경기도 용인시 수지구 죽전동 882-18,16867,37.3321706096,127.1085348797,,209545.579314856,425548.960806304,,000
진종합동물병원,20100702,0002,폐업,20191129,,69.22,14314,"경기도 광명시 금하로 541-8, 1층 (소하동)",경기도 광명시 소하동 34-12 1층,14314,37.4519406515,126.8920436129,,190391.224323456,438870.111930135,,000
주식회사 센트럴동물병원,20110120,0002,폐업,20160905,26250275,0,,경기도 광명시 철산로 15 (철산동),경기도 광명시 철산동 245-9,14236,37.4764380617,126.8677101859,,188226.339623486,441595.63975257,,L00
봄빛동물병원,20111128,0002,폐업,20130808,,0,14242,"경기도 광명시 디지털로 56 (철산동, 철산래미안자이상가 101호)",경기도 광명시 철산동 634 철산래미안자이아파트 상가 101호,14242,37.4720290111,126.8742161295,,188817.803794713,441078.624489493,,000
러브펫 동물병원,20120601,0002,폐업,20151112,,0,14316,경기도 광명시 소하로 81 (소하동),경기도 광명시 소하동 1339-1,14316,37.4476356555,126.884017683,,189667.929437508,438395.227852369,,000
마음동물병원,20140609,0002,폐업,20230131,02-897-9993,119.46,14328,경기도 광명시 성채로50번길 25 (소하동),경기도 광명시 소하동 1382,14328,37.432524805,126.8798011259,,189291.320419134,436719.377279159,,000
참 좋은 동물병원,20150526,0002,폐업,20221201,02-2683-5638,84.27,14264,"경기도 광명시 오리로 923, 1층 (광명동, 대성빌딩)",경기도 광명시 광명동 대성빌딩,14264,37.4774709971,126.8603387331,,187576.927250404,441709.047751898,,000
앨리스동물병원,20151015,0002,폐업,20241213,02-899-7512,112,14316,"경기도 광명시 소하로 88, 2층 201호 (소하동, 청학프라자)",경기도 광명시 소하동 1341-3,14316,37.4469471133,126.8833450092,,189607.983252934,438318.361034916,,000
바른동물병원,20171113,0002,폐업,20210429,02-2614-0780,77.76,14229,"경기도 광명시 가마산로 7, 가상가동 132호 (철산동)",경기도 광명시 철산동 105-1,14229,37.4847808431,126.8670064648,,188173.118865419,442494.249139713,,000
24시 광명힐 동물메디컬센터,20180126,0002,폐업,20200316,02-2088-7522,0,14316,"경기도 광명시 금하로 464, 메이저리치안 2층 208,209호 (소하동)",경기도 광명시 소하동 1335,14316,37.4484470224,126.8840449468,,189670.336967112,438486.028934475,,000
광명힐동물메디컬센터,20200329,0002,폐업,20210401,02-2088-7522,,14316,"경기도 광명시 금하로 464, 메이저리치안 2층 208.209호 (소하동)",경기도 광명시 소하동 1335,14316,37.4484470224,126.8840449468,,189670.336967112,438486.028934475,,000
협동동물병원,19750813,0002,폐업,20070206,,0,,경기도 평택시 서정역로 56 (서정동),경기도 평택시 서정동 306-4,17779,37.0588090305,127.0546507416,,204787.145807242,395234.849662062,,000
제일동물병원,19750816,0002,폐업,20051128,,0,,경기도 평택시 탄현로 333-1,경기도 평택시 신장동 213-8,17753,37.0820082539,127.0561352102,,,,,000
송탄동물병원,19760424,0002,폐업,20091231,,0,17779,경기도 평택시 서정역로58번길 30 (서정동),경기도 평택시 서정동 303-1,17779,37.0600619857,127.0546434181,,204789.268442002,395373.036356228,,000
종합동물병원(출장진료 전문),19780407,0002,폐업,20241107,,0,,경기도 평택시 평택로 105 (통복동),경기도 평택시 통복동 109-3,,36.9957976975,127.0825528558,,207286.490424115,388238.07357317,,000
서울동물병원,19781024,0002,폐업,20180726,,0,,경기도 평택시 안중읍 안중로114번길 20,경기도 평택시 안중읍 안중리 266-16,17936,36.9870640792,126.9283839558,,193554.256241248,387274.755939563,,000
축협동물병원,19811001,0002,폐업,20081022,,0,,경기도 평택시 통복시장2로39번길 2 (통복동),경기도 평택시 통복동 82-5,17894,36.9959710935,127.0873050712,,207700.77267512,388263.770634108,,000
실로암동물병원,19850910,0002,폐업,20080916,,0,,경기도 평택시 청북읍 현곡2길 11,경기도 평택시 청북면 현곡리 307-10,17811,37.0408635993,126.9326137432,,,,,000
안정동물병원,19910614,0002,폐업,20070828,,0,,경기도 평택시 팽성읍 안정순환로172번길 56,경기도 평택시 팽성읍 안정리 41-307,17982,36.9609339239,127.0456781765,,203996.924492931,384373.3124911,,000
김국진동물병원,19920111,0002,폐업,20070321,,0,,경기도 평택시 탄현로 276 (지산동),경기도 평택시 지산동 824-2,17761,37.0771023849,127.0555675455,,204869.413901141,397261.393229205,,000
김충일동물병원,19920720,0002,폐업,20051115,,0,,,경기도 평택시 비전동 729-27,17897,,,,,,,000
영화동물병원,19941216,0002,폐업,20161024,,0,17779,경기도 평택시 서정역로 52 (서정동),경기도 평택시 서정동 308-8,17779,37.0584498184,127.0550127611,,204822.616454484,395196.669699424,,000
중앙동물병원,19960605,0002,폐업,20070615,,0,,경기도 평택시 비전로38번길 12,경기도 평택시 비전동 729-2,17897,36.994752995,127.0948187212,,,,,000
김기혁 동물병원 비전동점,20130614,0002,폐업,20190308,,0,17900,경기도 평택시 평남로 652-1 (비전동),경기도 평택시 비전동 191-8 2통10반,17900,36.9919742087,127.1075320864,,209500.284225936,387824.660415529,,000
주주펫클리닉,20031104,0002,폐업,20050728,,58.8,,"경기도 용인시 수지구 상현로 34, 104호 (상현동,성진프라자)",경기도 용인시 수지구 상현동 830 성진프라자 104호,16939,37.3022023268,127.0779082934,,206837.322817224,422247.410158018,,000
박선생님동물병원,20040402,0002,폐업,20090106,,57,,경기도 용인시 수지구 용구대로 2752 (죽전동),경기도 용인시 수지구 죽전동 887,,,,,,,,000
쿨펫동물병원,20040430,0002,폐업,20040917,,64,,경기도 용인시 기흥구 진산로 116 (보정동),경기도 용인시 기흥구 보정동 266-4,,,,,208744.181347972,424312.39111545,,000
Wellness clinic 동물병원,20040608,0002,폐업,20120808,,54.8,,경기도 용인시 기흥구 용구대로 2457 (보정동),경기도 용인시 기흥구 보정동 1019-237,16907,37.3039712756,127.1046527186,,209271.840918768,422612.412300721,,000
로얄벳동물병원,20040702,0002,폐업,20100301,,29,,"경기도 용인시 수지구 수지로 203 (신봉동,신세계이마트 수지점내)",경기도 용인시 수지구 신봉동 909 신세계이마트 수지점내,16845,37.3197625692,127.0833291279,,207318.572861803,424204.581779995,,000
메디펫동물병원,20040809,0002,폐업,20060907,,0,,경기도 용인시 수지구 풍덕천로 173 (풍덕천동),경기도 용인시 수지구 풍덕천동 732-3,16832,37.3257325955,127.0998206724,,208776.257637304,424863.550818239,,000
신봉종합동물병원,20040903,0002,폐업,20060317,,0,,"경기도 용인시 수지구 신봉1로 62 (신봉동,LG프라자 107호)",경기도 용인시 수지구 신봉동 25-1 LG프라자 107호,16815,37.3226031646,127.078584293,,206904.682128281,424509.481550207,,000
페티앙동물병원,20040922,0002,폐업,20081103,,169,,경기도 용인시 처인구 명지로 193 (남동),경기도 용인시 처인구 남동 71-1,17060,37.2263182899,127.197199194,,217409.272792595,413833.306036863,,000
노아동물병원,20041103,0002,폐업,20060908,,45.63,,"경기도 용인시 수지구 신봉2로 19 (신봉동,신LG프라자 102호)",경기도 용인시 수지구 신봉동 83 신LG프라자 102호,16814,37.3244817106,127.0770839136,,206763.168457439,424729.36996225,,000
송재원동물병원,20041228,0002,폐업,20061115,031-896-2718,52.54,,,경기도 용인시 수지구 죽전동 1602-1 105호,,,,,,,,000
늘푸른동물병원,20050104,0002,폐업,20080805,,84.7,,경기도 용인시 수지구 수지로342번길 32 (풍덕천동),경기도 용인시 수지구 풍덕천동 704-1,16837,37.3255867745,127.0966948879,,208494.353226006,424841.504523362,,000
원종합동물병원,20050105,0002,폐업,20171228,,0,,"경기도 용인시 처인구 백옥대로 1374, 103호 (유방동,비엔비프라자)",경기도 용인시 처인구 유방동 328-2 비엔비프라자 103호,17041,37.2576811349,127.2128954811,,218817.991356667,417353.425610258,,000
죽전동물병원,20050225,0002,폐업,20060901,,46.1,,경기도 용인시 기흥구 죽전로 53,경기도 용인시 기흥구 보정동 1804-3 야후빌딩 105호,16898,37.3207431497,127.1146775783,,,,,000
우리동물병원,20050304,0002,폐업,20080219,,46.54,,"경기도 용인시 기흥구 사은로 116, 103호 (보라동,현대프라자)",경기도 용인시 기흥구 보라동 145-1 현대프라자 103호,17079,37.2556902282,127.1176592053,,210367.675334248,417086.153922307,,000
보미든동물병원,20050315,0002,폐업,20090323,,0,,경기도 용인시 수지구 현암로 107,경기도 용인시 수지구 죽전동 2003-3 SR프라자 104호,16875,37.3319775153,127.1212125014,,,,,000
폭시펫동물병원,20050328,0002,폐업,20051118,,65.67,,"경기도 용인시 기흥구 진산로 116 (보정동,롯데마트 3층)",경기도 용인시 기흥구 보정동 266-4 롯데마트 3층,,,,,208744.181347972,424312.39111545,,000
다솔동물병원,20050413,0002,폐업,20070115,,226.4,,경기도 용인시 처인구 중부대로 1305 (역북동),경기도 용인시 처인구 역북동 428-13,17047,37.2362691374,127.1899779162,,216785.936147145,414941.314066775,,000
청담 24시 동물병원,20050521,0002,폐업,20080730,031-264-7502,53.2,,경기도 용인시 수지구 대지로 58,경기도 용인시 수지구 죽전동 1608-3 선진포리스트 104호,16873,37.3284691292,127.1150106194,,,,,000
제일종합동물병원,20050727,0002,폐업,20140531,031-274-3575,71.6,,경기도 용인시 기흥구 강남동로 15 (구갈동),경기도 용인시 기흥구 구갈동 589,16979,37.2712397696,127.1291303906,,211385.205640712,418818.433466908,,000
폭시펫 동물병원,20050921,0002,폐업,20060526,,66.4,,,경기도 용인시 수지구 죽전동 블럭 0-0 죽전택지개발지구-1703블럭,,,,,,,,000
박영준동물병원,20050927,0002,폐업,20180601,,42.9,,,경기도 용인시 수지구 상현동 251-2 SR프라자 112호,16930,37.3060842336,127.0846797388,,207475.610833499,422601.710542239,,000
준동물병원,20070730,0002,폐업,20080827,077-668-3652,21.7,,경기도 용인시 처인구 백암면 근창로 45,경기도 용인시 처인구 백암면 근창리 20-4,17177,37.1631476286,127.3700916142,,,,,000
쿨펫동물병원,20071212,0002,폐업,20090629,,73.3,,,경기도 용인시 처인구 김량장동 12-8번지 롯데수퍼1층,17063,,,,,,,000
파크동물병원,20080423,0002,폐업,20090401,,128,,경기도 용인시 처인구 중부대로 1343,경기도 용인시 처인구 역북동 446-10,17048,37.2353693428,127.1940627085,,,,,000
(주)비전축산센타,20080826,0002,폐업,20100503,,123.32,,경기도 용인시 처인구 양지읍 죽양대로 2023-6,경기도 용인시 처인구 양지읍 평창리 641-52,17163,37.2151465509,127.3192162801,,228286.802049383,412654.961510661,,L00
페티앙동물병원,20081106,0002,폐업,20190717,,182.25,,경기도 용인시 처인구 명지로 193 (남동),경기도 용인시 처인구 남동 71-1,17060,37.2263182899,127.197199194,,217409.272792595,413833.306036863,,000
펫스타일동물병원,20100617,0002,폐업,20111118,031-334-4589,21.56,,경기도 용인시 처인구 중부대로 1112 (삼가동),경기도 용인시 처인구 삼가동 195-15,17091,37.2410717055,127.169280587,,214939.212831764,415471.130717891,,000
평일동물병원,20030217,0002,폐업,20130408,,0,,경기도 평택시 팽성읍 추팔산단로 58,경기도 평택시 팽성읍 남산리 41-138,17998,36.9603780198,127.0733548092,,206460.409741315,384312.056730553,,000
정다운동물병원,20030721,0002,폐업,20060306,,0,,경기도 평택시 평택5로 182 (비전동),경기도 평택시 비전동 272,17883,36.9962896169,127.1040709732,,209192.229206502,388294.986385616,,000
레오동물병원,20031113,0002,폐업,20080204,031-651-8828,0,,경기도 평택시 평택4로 38 (합정동),경기도 평택시 합정동 764,17906,36.9913018316,127.1005345022,,208879.27135101,387748.51524382,,000
고려동물병원,20040119,0002,폐업,20090330,,0,,경기도 평택시 이충로100번길 79,경기도 평택시 서정동 810-1,17733,37.0652175688,127.064197001,,,,,000
최성호동물병원,20040527,0002,폐업,20060306,,0,,경기도 평택시 평택로 58,경기도 평택시 평택동 62-12,17911,36.992461361,127.0864025371,,,,,000
두리동물병원,20050203,0002,폐업,20070608,,0,,경기도 평택시 중앙2로 143,경기도 평택시 합정동 913-15,17904,36.9891089992,127.1025237341,,,,,000
김충일동물병원,20051116,0002,폐업,20070706,,0,,경기도 평택시 중앙로 141,경기도 평택시 비전동 759-27,17898,36.9927650474,127.0987175581,,,,,000
코암펫클리닉(COAM PET CLINIC),20070221,0002,폐업,20070706,,0,,경기도 평택시 팽성읍 안정쇼핑로 3,경기도 평택시 팽성읍 안정리 113-224,17982,36.9591575959,127.0433361332,,203786.038393948,384175.779298464,,000
코암동물병원(COAM PET CLINIC),20070706,0002,폐업,20111226,,0,,경기도 평택시 팽성읍 안정쇼핑로 3,경기도 평택시 팽성읍 안정리 113-224,17982,36.9591575959,127.0433361332,,,,,000
코아동물병원,20070706,0002,폐업,20080526,,0,,경기도 평택시 중앙로 141 (비전동),경기도 평택시 비전동 759-27,17898,36.9927650474,127.0987175581,,208717.152690817,387910.10185707,,L00
안정동물병원,20070831,0002,폐업,20090430,,0,,,경기도 평택시 팽성읍 안정리 41-307,17982,36.9609339239,127.0456781765,,,,,000
문성양돈컨설팅동물병원,20081031,0002,폐업,20091009,,0,,경기도 평택시 지산로12번길 36 (지산동),경기도 평택시 지산동 820-1,17761,37.0774918845,127.0560715362,,204913.93386497,397308.306047636,,000
부천축협 사료사업소 동물병원 (출장진료 전문),20090324,0002,폐업,20241125,,0,17977,"경기도 평택시 팽성읍 안정로 159, 201호",경기도 평택시 팽성읍 근내리 256-13,17977,36.9676318825,127.0578224698,,205068.648129533,385122.705100366,,L00
펫프렌즈동물병원,20091012,0002,폐업,20100610,031-653-0275,0,,경기도 평택시 영신로 29 (지제동),경기도 평택시 지제동 50,17840,37.0211066578,127.0755336861,,206675.071220529,391060.040415712,,000
훈동물병원,20100122,0002,폐업,20110404,,0,,경기도 평택시 청북읍 청원로 402,경기도 평택시 청북면 어연리 738-2,17793,37.04907606,126.973791946,,,,,000
평택고려동물병원,20100409,0002,폐업,20101224,,0,,경기도 평택시 청북읍 신포길 57-1,경기도 평택시 청북면 현곡리 298-9,17811,37.0411274755,126.9331290442,,,,,000
펫사랑동물병원,20100611,0002,폐업,20200212,,0,,"경기도 평택시 영신로 29 (지제동,이마트2층)",경기도 평택시 지제동 50 이마트2층,17840,37.0211066578,127.0755336861,,206675.071220529,391060.040415712,,000
한원동물병원,20100629,0002,폐업,20120419,,0,,경기도 평택시 평택로 25-1,경기도 평택시 평택동 188-12,17917,36.9899883926,127.0881240156,,,,,000
스누피동물병원,20110629,0002,폐업,20190228,,0,,경기도 평택시 서정역로 21 (서정동),경기도 평택시 서정동 340-5,17783,37.0560445798,127.0554317039,,204858.504295546,394930.864669873,,000
강남동물병원,20111226,0002,폐업,20120201,,,17982,경기도 평택시 팽성읍 안정쇼핑로 3,경기도 평택시 팽성읍 안정리 113-224번지,17982,36.9591575959,127.0433361332,,203786.038393948,384175.779298464,,000
차우동물병원,20120215,0002,폐업,20141017,,45,17868,경기도 평택시 현신2길 20 (용이동),경기도 평택시 용이동 465-4,17868,36.9949271367,127.1375228072,,212171.324998001,388153.14339347,,000
누리동물병원,20120220,0002,폐업,20190805,,,17780,경기도 평택시 송탄로 202 (서정동),경기도 평택시 서정동 908-2번지,17780,37.0618706666,127.0586146393,,205138.37713528,395581.356411596,,000
유명한동물병원,20130708,0002,폐업,20151224,070-4219-8117,39.6,,경기도 평택시 쇼핑로 39 (신장동),경기도 평택시 신장동 325-13,17758,37.0812416592,127.0536307366,,204717.411202946,397725.172435253,,000
차우동물병원,20141022,0002,폐업,20170102,,62.38,17868,경기도 평택시 현신2길 20 (용이동),경기도 평택시 용이동 465-4,17868,36.9949271367,127.1375228072,,212171.324998001,388153.14339347,,000
안중동물병원,20141022,0002,폐업,20160404,,38.28,17930,경기도 평택시 안중읍 안현로서9길 113,경기도 평택시 안중읍 현화리 493,18036,36.9818740224,126.9158720041,,192437.282402072,386694.624227642,,000
안중중앙동물병원,20160406,0002,폐업,20210330,031-682-8765,175,17933,경기도 평택시 안중읍 안중로 143,경기도 평택시 안중읍 안중리 233-19,17933,36.9892638565,126.932199395,,193888.543883649,387527.261079672,,000
너와 나 동물병원,20160420,0002,폐업,20210913,031-691-4275,221,17870,경기도 평택시 현촌1로 52 (용이동),경기도 평택시 용이동 597-6,17869,36.9982412149,127.1335398317,,211816.276454322,388520.041860695,,000
다가온동물병원,20160513,0002,폐업,20230622,031-655-7533,34.96,17868,"경기도 평택시 서동대로 3875, 청설빌딩 2층 201호 (용이동)",경기도 평택시 용이동 467-7 청설빌딩,17868,36.9941430679,127.1375827186,,212175.594272958,388068.731649028,,000
베테랑 동물병원,20200721,0002,폐업,20211020,031-684-8882,298.5,17805,경기도 평택시 청북읍 안청로2길 75,경기도 평택시 청북읍 옥길리 1156-4,17805,37.0202594394,126.9163876863,,192489.990478711,390960.542957268,,000
SW 동물병원(출장진료 전문),20211110,0002,폐업,20220811,,0,17899,"경기도 평택시 중앙로 187, 지하1층 (비전동)",경기도 평택시 비전동 762-12,17899,36.9917092667,127.1037575861,,209165.9578744,387793.139408575,,000
굿모닝동물병원,20120220,0002,폐업,20250107,031-339-5575,63.15,17154,경기도 용인시 처인구 경안천로 2 (마평동),경기도 용인시 처인구 마평동 907,17154,37.2335016598,127.2113074417,,218677.25022253,414645.732954029,,000
행복동물병원,20121214,0002,폐업,20140926,,28,17035,경기도 용인시 처인구 모현면 백옥대로 2362,경기도 용인시 처인구 모현면 왕산리 428-1,17035,37.3343913573,127.2492577785,,222018.294633746,425845.530834825,,000
홍익산업동물병원,20140124,0002,폐업,20150130,031-335-4131,40.18,17180,경기도 용인시 처인구 백암면 백암로 99,경기도 용인시 처인구 백암면 박곡리 689-1,17180,37.1575894941,127.3821742626,,233875.508400625,406264.525381348,,000
개와 고양이 중성화수술센터,20150909,0002,폐업,20171130,031-322-7586,314.53,16884,경기도 용인시 처인구 모현면 대지로 407,경기도 용인시 처인구 모현면 오산리 193-28,16884,37.3308348485,127.1512104829,,213330.792266063,425434.396955278,,000
용인시 동물보호센터,20170112,0002,폐업,20180601,031-324-3758,475.47,17090,"경기도 용인시 처인구 중부대로 1074-1 (삼가동, 용인시동물보호센터)",경기도 용인시 처인구 삼가동 164,17090,37.2433150194,127.159326276,,214072.830423809,415719.496385386,,000
죽전TNR동물병원,20171205,0002,폐업,20191203,031-322-7586,159.85,16884,경기도 용인시 처인구 모현읍 대지로 407,경기도 용인시 처인구 모현읍 오산리 193-28,16884,37.3308348485,127.1512104829,,213330.792266063,425434.396955278,,000
용인서현 동물병원,20230926,0002,폐업,20250909,,,17154,경기도 용인시 처인구 중부대로 1529 (마평동),경기도 용인시 처인구 마평동 618-15,17154,37.2334369289,127.2143515325,,218952.186455804,414633.862593719,,000
쿨펫동물병원,20051122,0002,폐업,20130228,,1070,,,경기도 용인시 기흥구 보정동 266-8,,,,,,,,000
제이엘 동물병원,20061107,0002,폐업,20241130,031-285-8275,0,17001,경기도 용인시 기흥구 평촌2로1번길 9-1 (동백동),경기도 용인시 기흥구 동백동 212-7,17001,37.2810773254,127.154046042,,213588.68839774,419910.653847148,,000
참존동물병원,20070403,0002,폐업,20090228,,36.4,,경기도 용인시 기흥구 금화로 9,경기도 용인시 기흥구 상갈동 482-2    금화타운 102호,17073,37.2617519551,127.1052456689,,,,,000
보라동물병원,20070413,0002,폐업,20160405,,48.75,17074,경기도 용인시 기흥구 용구대로 1868 (보라동),경기도 용인시 기흥구 보라동 417-1,17074,37.254972463,127.1052593328,,209268.432763662,417006.954213705,,000
사랑플러스,20080204,0002,폐업,20130723,80057521,34,,경기도 용인시 기흥구 동백7로 83,경기도 용인시 기흥구 동백동 598-5    중앙플라자 105호,17003,37.2816816156,127.1603942945,,,,,000
현진동물병원,20050225,0002,폐업,20060221,02-898-7582,43,14313,경기도 광명시 하안로 196 (소하동),경기도 광명시 소하동 48-56,14313,37.4546453176,126.8869224963,,189922.498535115,439171.124096409,,000
해맑은동물병원,20050323,0002,폐업,20050720,02-2686-0975,42.18,14221,경기도 광명시 오리로 948 (광명동),경기도 광명시 광명동 149-7,14221,37.4786030291,126.857999208,,187370.110697959,441832.256961367,,000
행복한동물병원,20070510,0002,폐업,20201215,26257575,49,,경기도 광명시 광복로 45-1 (광명동),경기도 광명시 광명동 6-87,14205,37.4891535924,126.8638701696,,187889.095833292,442984.528702383,,000
닥터심 동물병원,20081111,0002,폐업,20180430,26180075,106.26,14274,경기도 광명시 광명로 818 (광명동),경기도 광명시 광명동 374-10,,,,,186768.972885313,441121.663825553,,000
센트럴동물병원,20090825,0002,폐업,20160905,02-2625-0275,133.07,14236,경기도 광명시 철산로 15 (철산동),경기도 광명시 철산동 245-9,14236,37.4764380617,126.8677101859,,188226.339623486,441595.63975257,,000
애견동물병원,20040319,0002,폐업,20161226,,88,,경기도 연천군 연천읍 연천로 296-1,경기도 연천군 연천읍 차탄리 34-289,11013,38.1032774402,127.0755766654,,206549.606965923,511165.159533875,,000
현대동물병원,20041223,0002,폐업,20100201,,113,,경기도 연천군 전곡읍 전곡로 148-1,경기도 연천군 전곡읍 전곡리 336-49,11034,38.0255177724,127.0687678199,,,,,000
대한동물병원,20050930,0002,폐업,20070730,,0,,경기도 연천군 전곡읍 은전로78번길 86,경기도 연천군 전곡읍 전곡리 334-11,11034,38.0247103107,127.0697751906,,206054.588819353,502434.7066165,,000
사랑동물병원,20080709,0002,폐업,20120523,,60.8,,경기도 연천군 전곡읍 전곡로 135-1,경기도 연천군 전곡읍 전곡리 305-16,11028,38.024364869,127.0689682677,,205980.651055662,502400.06006386,,000
우리 동물병원,20100910,0002,폐업,20220330,,56,,경기도 연천군 연천읍 현문로5번길 3,경기도 연천군 연천읍 통현리 245-4,11018,38.0767976667,127.0779530788,,206768.225585076,508226.722498949,,000
사랑동물병원,20120524,0002,폐업,20151218,,30,11034,경기도 연천군 전곡읍 전곡로 140,경기도 연천군 전곡읍 전곡리 468-24 4통3반,11034,38.0247260831,127.069159843,,206002.289622469,502441.889221535,,000
한북산업동물병원,20130802,0002,폐업,20200427,031-832-8600,,,경기도 연천군 전곡읍 평화로 599-1,경기도 연천군 전곡읍 전곡리 293-14,11027,38.0236526286,127.0664544878,,205773.600447462,502297.460330815,,000
혜성산업동물병원,20150121,0002,폐업,20180610,,0,11034,경기도 연천군 전곡읍 은전로78번길 92,경기도 연천군 전곡읍 전곡리 306-3번지,11034,38.0243953279,127.0699023616,,206057.767056391,502397.316680318,,000
황창원동물병원,20150727,0002,폐업,20151124,,196.89,11046,경기도 연천군 미산면 숭의전로 337,경기도 연천군 미산면 아미리 124-4,11046,38.0235297621,126.9684376985,,197174.297258529,502307.492037515,,000
조한욱 동물병원,20200918,0002,폐업,20220105,,70,11027,"경기도 연천군 전곡읍 양연로 1597, 1층 101호",경기도 연천군 전곡읍 전곡리 289-32 101호,11027,38.0220568931,127.0663271716,,205753.014478727,502126.740361894,,000
산돌산업동물병원,20210313,0002,폐업,20210315,,109.12,11038,"경기도 연천군 전곡읍 온골로 17, 1층",경기도 연천군 전곡읍 전곡리 300-17,11038,38.022708761,127.0695818144,,206034.353847625,502216.375985609,,000
애니웰동물병원,20060511,0002,폐업,20110124,,53,,경기도 고양시 일산동구 장백로 13,경기도 고양시 일산동구 백석동 1314 성우아뜨리움오피스텔 110호,10449,37.6396978726,126.7899803293,,181390.508325766,459748.488484544,,000
주엽동물병원,20060602,0002,폐업,20100420,,0,,경기도 고양시 일산서구 강선로 74,경기도 고양시 일산서구 주엽동 63 상가동 106호,10361,37.6703382311,126.7656610162,,179335.868789335,463073.711845168,,000
라페스타 종합동물병원,20061124,0002,폐업,20140701,,0,,경기도 고양시 일산동구 무궁화로 20-11,경기도 고양시 일산동구 장항동 761 라페스타 F동 117호,10401,37.6618144398,126.7675476974,,179402.901067853,462211.337473083,,000
쿨펫동물병원 병점점,20060119,0002,폐업,20141202,,0,,경기도 화성시 병점구 경기대로 985,경기도 화성시 병점구 병점동  399-4 홈에버 병점점 2층 BL4,18412,37.2037240986,127.0367619429,,203188.196856075,411313.309756104,,000
동물은 내친구 동물병원,20060308,0002,폐업,20111014,,0,18405,"경기도 화성시 병점구 효행로 1068, 101호 (병점동)",경기도 화성시 병점구 병점동  844-5 리더스프라자 101호,18405,37.2147218625,127.0438966554,,203811.08404256,412529.901991526,,000
쿨펫동물병원,20070305,0002,폐업,20200730,,0,18382,"경기도 화성시 병점구 삼성1로 333, 롯데마트 (반월동)",경기도 화성시 병점구 반월동  123-5 롯데마트,18382,37.2304369526,127.066472009,,205829.064603504,414278.001961156,,000
가든종합동물병원,20090601,0002,폐업,20171125,80151396,0,,경기도 화성시 동탄구 여울로4길 24-2,경기도 화성시 능동 1091-2,18422,37.2181856996,127.0564093429,,,,,000
동탄동물병원,20091022,0002,폐업,20100811,80088831,0,,경기도 화성시 동탄구 동탄지성로 133,경기도 화성시 능동 1114-6 109호,18431,37.2091246853,127.0607336523,,,,,000
동탄동물병원,20100813,0002,폐업,20110630,80038831,0,,경기도 화성시 동탄구 동탄지성로 133,경기도 화성시 능동 1114-6 덕천플라자 109호,18431,37.2091246853,127.0607336523,,,,,000
스마트동물병원,20130819,0002,폐업,20160530,031-8003-3232,,,경기도 화성시 동탄구 동탄지성로 148,경기도 화성시 능동 1113-1,18433,37.210139107,127.0596120443,,,,,000
쿨펫동물병원(동탄점),20140408,0002,폐업,20160224,,,18451,경기도 화성시 동탄구 동탄중앙로 376 (석우동),경기도 화성시 동탄구 석우동 44번지,18451,37.2144396098,127.0796825662,,,,,000
이리온 동물병원(병점점),20141222,0002,폐업,20150319,031-226-7582,0,18412,경기도 화성시 병점구 경기대로 985 (병점동),경기도 화성시 병점구 병점동 399-4번지,18412,37.2037240986,127.0367619429,,,,,000
송산종합가축병원,19730523,0002,폐업,20220531,,20.1,18550,경기도 화성시 만세구 송산면 송산동로 6-23,경기도 화성시 만세구 송산면 사강리 630-10,18550,37.2146637497,126.736672703,,176559.150593822,412563.158965151,,000
이가축병원,19740705,0002,폐업,20060328,,0,,,경기도 화성시 만세구 향남읍 평리 80,18593,,,,,,,000
아산동물병원,19750715,0002,폐업,20070727,,0,,,경기도 화성시 우정면 조암리 262-2,18565,37.0843799308,126.820015478,,,,,000
이오동물병원,20050228,0002,폐업,20061129,,67.08,,,경기도 화성시 병점구 병점동  택지개발지A14블럭101롯트,,,,,,,,000
현대동물병원,20040403,0002,폐업,20040819,,100,,경기도 동두천시 큰시장로 42,경기도 동두천시 생연동 695-3,11333,37.9005406874,127.0531188826,,,,,000
현대동물병원,20040824,0002,폐업,20041216,,172.07,,경기도 동두천시 큰시장로 42 (생연동),경기도 동두천시 생연동 695-3,11333,37.9005406874,127.0531188826,,204601.485622028,488656.337046021,,000
해맑은동물병원,20050623,0002,폐업,20080320,,0,,경기도 동두천시 중앙로 224 (생연동),경기도 동두천시 생연동 688-18,11333,37.9015323088,127.0531697594,,204605.54774543,488766.452085299,,000
이레동물병원,20051215,0002,폐업,20090615,,38.4,,경기도 동두천시 큰시장로 37,경기도 동두천시 생연동 693-10,11334,37.9002808707,127.053529932,,,,,000
뉴현대동물병원,20060117,0002,폐업,20060324,,90.92,,경기도 동두천시 중앙로 328,경기도 동두천시 생연동 557-41,11325,37.9106623638,127.0555262562,,,,,000
뉴현대동물병원,20060330,0002,폐업,20060725,,0,,경기도 동두천시 중앙로 328,경기도 동두천시 생연동 557-41,11325,37.9106623638,127.0555262562,,,,,000
뉴현대동물병원,20060725,0002,폐업,20070704,,0,,경기도 동두천시 중앙로 328,경기도 동두천시 생연동 557-41,11325,37.9106623638,127.0555262562,,,,,000
뉴현대동물병원,20070705,0002,폐업,20080506,031-865-0072,44.7,,경기도 동두천시 중앙로 328 (생연동),경기도 동두천시 생연동 557-41,11325,37.9106623638,127.0555262562,,204814.10506276,489779.787110158,,000
중앙동물병원,20080509,0002,폐업,20100429,,0,,경기도 동두천시 중앙로 328 (생연동),경기도 동두천시 생연동 557-41,11325,37.9106623638,127.0555262562,,204814.10506276,489779.787110158,,000
중앙동물병원,20100429,0002,폐업,20151119,031-863-0075,40.82,11311,경기도 동두천시 평화로 2546 (보산동),경기도 동두천시 보산동 365-4,11311,37.9150871886,127.0577749681,,205010.308282213,490272.410138854,,000
지행동물병원,20110114,0002,폐업,20181121,,0,11356,경기도 동두천시 이담로 69 (지행동),경기도 동두천시 지행동 737-5,11356,37.8888356358,127.0562488778,,204877.643037299,487359.408764275,,000
권선동물병원,19920907,0002,폐업,20030502,,21.28,,경기도 수원시 권선구 세권로 219 (권선동),경기도 수원시 권선구 권선동 1043-9,16568,37.2548268752,127.028239843,,202434.214594954,416991.979819286,,000
수원동물병원,19930303,0002,폐업,20040217,,63.2,,,경기도 수원시 팔달구 고등동 171-4,,,,,,,,000
프렌즈동물병원,20031220,0002,폐업,20061030,,0,,경기도 의정부시 호국로 1322 (의정부동),경기도 의정부시 의정부동 185-1,11692,37.7434977448,127.0511136805,,204433.651140556,471226.944072167,,000
대학동물병원,19930707,0002,폐업,20110314,,81,,경기도 수원시 권선구 세지로 110 (권선동),경기도 수원시 권선구 권선동 964-24,16569,37.2614254175,127.0193570515,,201645.467059106,417724.38796197,,000
21세기동물병원,19940411,0002,폐업,20060316,,49,,경기도 수원시 장안구 팔달로 298 (영화동),경기도 수원시 장안구 영화동 127-39,16268,37.2907647608,127.0169027975,,201429.614072475,420974.343446271,,000
중부동물병원,19941109,0002,폐업,20100630,,22.77,16315,경기도 수원시 장안구 대평로52번길 66 (정자동),경기도 수원시 장안구 정자동 29-6,16315,37.2946156873,126.9978896485,,199742.432846875,421403.484469717,,000
그린동물병원,19951214,0002,폐업,20160321,,33,,경기도 수원시 장안구 파장로 59 (정자동),경기도 수원시 장안구 정자동 429-1,16340,37.3055959197,126.9939687428,,199390.342598491,422621.408712325,,000
삼성동물병원,19950307,0002,폐업,20061208,,0,,경기도 수원시 장안구 만석로159번길 20-2,경기도 수원시 장안구 송죽동 277-57,16301,37.3024654076,126.997566656,,,,,000
선동물병원,19970919,0002,폐업,20071112,,29.05,,"경기도 수원시 권선구 권선로580번길 47, 103호 (세류동)",경기도 수원시 권선구 세류동 162-4 103호,16577,37.2602319531,127.0140529712,,201176.053271046,417590.503284189,,000
다나동물병원,19980321,0002,폐업,20130719,,34.1,,경기도 수원시 영통구 권선로 812,경기도 수원시 영통구 매탄동 1174-3,16549,37.2549859886,127.0388840028,,,,,000
장우진동물병원,19990126,0002,폐업,20091130,,28.56,,,경기도 수원시 권선구 세류동 998-1,16656,,,,,,,000
중앙동물병원,19990326,0002,폐업,20240602,031-255-3735,24,16439,경기도 수원시 팔달구 팔달로 163-1 (화서동),경기도 수원시 팔달구 화서동 68-16,16439,37.2829053616,127.0061573155,,200473.714101989,420104.192320923,,000
수원종합동물병원,19991105,0002,폐업,20170501,,150,,경기도 수원시 영통구 중부대로 263 (원천동),경기도 수원시 영통구 원천동 79-9,16503,37.2747584792,127.044809293,,203902.698602323,419199.248426696,,000
현대동물병원,19930721,0002,폐업,20040331,,27,,경기도 동두천시 평화로 2475 (생연동),경기도 동두천시 생연동 489-9,11315,37.9087885893,127.0581653175,,205045.999737856,489571.238527855,,000
정자동물병원,20000909,0002,폐업,20070322,,34.74,,,경기도 수원시 장안구 정자동 877-13,16334,,,,,,,000
원동물병원,20010714,0002,폐업,20040831,,37.6,,경기도 수원시 영통구 영통로214번길 64,경기도 수원시 영통구 영통동 976-18,16698,37.246361976,127.0608445907,,,,,000
유동물병원,20010917,0002,폐업,20030714,,24,,경기도 수원시 장안구 월드컵로 425-1 (연무동),경기도 수원시 장안구 연무동 258-13,16221,37.2933153008,127.0257205745,,202208.415092229,421258.403532903,,000
홈플러스동물병원,20010628,0002,폐업,20131024,,49.39,,"경기도 수원시 장안구 경수대로 930 (조원동,삼성홈플러스 5층)",경기도 수원시 장안구 조원동 896 삼성홈플러스 5층,16295,37.3027649664,127.0088032891,,200709.882380059,422304.072402192,,000
예스동물병원,20020425,0002,폐업,20080403,,52.46,,경기도 수원시 팔달구 인계로108번길 4,경기도 수원시 팔달구 인계동 1019-5,16489,37.2676665955,127.0292086563,,,,,000
나라동물병원,20020104,0002,폐업,20041227,,59,,경기도 수원시 장안구 대평로90번길 20,경기도 수원시 장안구 정자동 876-1,16334,37.2964198633,126.9939850871,,,,,000
도그파크동물병원,20020620,0002,폐업,20030526,,93.6,16274,경기도 수원시 장안구 장안로 49 (영화동),경기도 수원시 장안구 영화동 403-18,16274,37.288973069,127.0043238708,,200308.767242003,420775.599842178,,000
에니멀클리닉컨설팅,20020706,0002,폐업,20130725,,43,,,경기도 수원시 권선구 곡반정동 53블럭 7롯트 한아름빌딩 3층,16667,37.2438454943,127.0321868951,,,,,L00
연동물병원,20020902,0002,폐업,20130524,,53.25,,경기도 수원시 영통구 효원로 374 (매탄동),경기도 수원시 영통구 매탄동 1270-1,16546,37.2588123234,127.042345339,,203681.839509241,417432.568834837,,000
연희동물병원,20021202,0002,폐업,20111031,,56.05,,,경기도 수원시 권선구 탑동 48블럭 7롯트 삼호빌딩 B동 101호,16604,37.2753571102,126.9759658523,,,,,000
도그 앤 캣 동물병원,20030107,0002,폐업,20031007,,82.3,,경기도 수원시 팔달구 팔달로 185,경기도 수원시 팔달구 화서동 32-7,16439,37.2847107748,127.0067885386,,,,,000
두리동물클리닉,20030205,0002,폐업,20051010,,97.02,,경기도 수원시 팔달구 효원로 53 (매산로3가),경기도 수원시 팔달구 매산로3가 73-4,16464,37.268793456,127.0092609049,,200753.726433312,418540.997149971,,000
동두천동물병원,19680911,0002,폐업,20071008,,26,,경기도 동두천시 동광로53번길 16,경기도 동두천시 생연동 611-33,11326,37.9093698397,127.0545557136,,,,,000
정종합동물병원,19940412,0002,폐업,19971213,,7998,,경기도 부천시 오정구 소사로 668,경기도 부천시 오정구 여월동 48-6,14474,37.5157456831,126.8035470185,,182565.206290033,445961.560332794,,000
가나동물병원,19940506,0002,폐업,19980420,,28.8,,,경기도 부천시 오정구 원종동 375-4,14465,,,,,,,000
사랑동물병원,19950809,0002,폐업,20050214,,22,,,경기도 부천시 원미구 중동 11-2   동남상가105호,,,,,,,,000
서동물병원,19950531,0002,폐업,20000425,,42.6,,경기도 부천시 오정구 원종로 47,경기도 부천시 오정구 원종동 277-12,14420,37.5242370851,126.8051995769,,,,,000
건국동물병원,19960724,0002,폐업,20060619,,27,,,경기도 부천시 원미구 소사동 45-14,14651,37.4842331487,126.7930629382,,181625.294500001,442467.240950139,,000
늘기쁜동물병원,19961212,0002,폐업,20050404,,36.77,,경기도 부천시 소사구 경인옛로 136,경기도 부천시 소사구 괴안동 3-14,14682,37.4816994551,126.8062270577,,,,,000
디즈니동물병원,19970411,0002,폐업,20050323,,31.92,,경기도 부천시 원미구 장말로 158,경기도 부천시 원미구 상동 420-1,14601,37.4933580001,126.7593883081,,178651.77,443490.2895,,000
지인동물병원,19970827,0002,폐업,20141231,,26,,경기도 부천시 소사구 경인로 263-1,경기도 부천시 소사구 심곡본동 554-5,14710,37.483194613,126.7848811974,,180903.452328458,442353.818534306,,000
경인동물병원,19970324,0002,폐업,20021205,,52.32,,경기도 부천시 원미구 길주로 365,경기도 부천시 원미구 춘의동 143-5,14529,37.5032114253,126.7830385086,,,,,000
킴스동물병원,19980912,0002,폐업,19990525,,19.5,,경기도 부천시 원미구 부일로 223,경기도 부천시 원미구 상동 461,14623,37.4888795916,126.7552924952,,178293.171843054,442988.573692305,,000
한솔동물병원,19980122,0002,폐업,20060804,,21.3,,경기도 부천시 소사구 소사로 182,경기도 부천시 소사구 소사본동 184-7,14762,37.4744175936,126.7957426971,,,,,000
보람동물병원,19990401,0002,폐업,19990529,,0,,경기도 부천시 원미구 길주로 183,경기도 부천시 원미구 중동 1031-3,14537,37.5052690319,126.7629477158,,,,,000
길동물병원,19990705,0002,폐업,20140123,,42.24,,경기도 부천시 원미구 소향로 225,경기도 부천시 원미구 중동 1144-2 108호,14548,37.501039812,126.7728206387,,179841.311289887,444338.514689151,,000
보람동물병원,19990611,0002,폐업,20021021,,40.48,,경기도 부천시 원미구 길주로 183,경기도 부천시 원미구 중동 1031-3,14537,37.5052690319,126.7629477158,,,,,000
다나종합동물병원,19990629,0002,폐업,20050126,,32.7,,경기도 부천시 소사구 경인로 256,경기도 부천시 소사구 심곡본동 738-22,14750,37.4828107931,126.7840139346,,180828.532982079,442311.505585772,,000
원미종합동물병원,20000105,0002,폐업,20000407,,40.02,,경기도 부천시 원미구 부천로 127,경기도 부천시 원미구 심곡동 89-16,14576,37.4956974635,126.7850674314,,180917.615259576,443743.221720685,,000
서동물병원,20000426,0002,폐업,20040923,,0,,경기도 부천시 오정구 원종로 47,경기도 부천시 오정구 원종동 277-12,14420,37.5242370851,126.8051995769,,,,,000
PALM PET동물병원,20010109,0002,폐업,20061127,,31.7,,경기도 부천시 원미구 신흥로 223,경기도 부천시 원미구 중동 1059,14539,37.5041192287,126.7752345673,,180055.338981845,444675.457254185,,000
뚜뚜동물병원,20020325,0002,폐업,20030612,,16.12,,경기도 부천시 원미구 부일로 223,경기도 부천시 원미구 상동 461,14623,37.4888795916,126.7552924952,,178293.171843054,442988.573692305,,000
뚜뚜동물병원,20010308,0002,폐업,20010502,,16.12,,경기도 부천시 원미구 부일로 223,경기도 부천시 원미구 상동 461,14623,37.4888795916,126.7552924952,,178293.171843054,442988.573692305,,000
뚜뚜동물병원,20010605,0002,폐업,20020325,,16.12,,경기도 부천시 원미구 부일로 223,경기도 부천시 원미구 상동 461,14623,37.4888795916,126.7552924952,,178293.171843054,442988.573692305,,000
하노바동물병원,20010719,0002,폐업,20081127,,116.73,,경기도 부천시 원미구 부흥로 196,경기도 부천시 원미구 중동 707-1,14603,37.495939898,126.7643629929,,,,,000
애니펫동물병원,20020703,0002,폐업,20060630,,48.65,,경기도 부천시 원미구 길주로 219,경기도 부천시 원미구 중동 1034-4  111호,14538,37.5047701515,126.7667880544,,,,,000
쥬라기동물병원,20020909,0002,폐업,20080828,,0,,경기도 부천시 원미구 상동로 79,경기도 부천시 원미구 상동 544-9,14544,37.5042650697,126.7523564778,,178033.5996476,444701.027130441,,000
해피동물병원,20021230,0002,폐업,20050530,,0,,경기도 부천시 소사구 중동로 57,경기도 부천시 소사구 송내동 368 뉴서울상가,14721,37.485318996,126.7638789768,,178948.999470852,442648.29611524,,000
지중해종합동물병원,20030106,0002,폐업,20131115,,0,,경기도 부천시 원미구 길주로 275,경기도 부천시 원미구 중동 1058-2,14539,37.503909128,126.7733132455,,,,,000
현대종합동물병원,20030320,0002,폐업,20060105,,0,,경기도 부천시 원미구 상동로 113,경기도 부천시 원미구 상동 534-1,14543,37.5074691546,126.7530373273,,,,,000
그린동물병원,19990521,0002,폐업,19990522,,0,,경기도 포천시 포천로 1568,경기도 포천시 신읍동 20-8,11144,37.8979907514,127.2049212771,,,,,000
메동물병원,19990423,0002,폐업,20031231,,0,,,경기도 포천시 일동면 기산리 88-36,11120,37.9553589821,127.3158463966,,227695.565551171,494781.097198133,,000
포천동물병원,20000906,0002,폐업,20041231,,0,,경기도 포천시 신읍길 7,경기도 포천시 신읍동 58-5,11147,37.8953395099,127.2007918395,,217590.120728958,488094.520938773,,000
이든동물병원,20090306,0002,폐업,20121224,,64.6,,경기도 용인시 기흥구 죽전로 3,경기도 용인시 기흥구 보정동 1195-1    108호,16897,37.3207609177,127.1091019589,,,,,000
ABC클리닉,20010626,0002,폐업,20100225,,0,,,경기도 포천시 신읍동 202-14,11144,,,,,,,000
쿨펫 동물병원(상록점),20121127,0002,폐업,20170614,,,15540,경기도 안산시 상록구 반석로 8 (본오동),경기도 안산시 상록구 본오동 880,15540,37.294903922,126.859642656,,187595.980278835,421479.053985183,,000
(주)가나이십사시동물병원,20130115,0002,폐업,20230315,,0,15360,"경기도 안산시 단원구 중앙대로 899, 1.2층 (고잔동)",경기도 안산시 단원구 고잔동 537-4 1.2층,15360,37.3172923375,126.8363957778,,185430.424306732,423951.686644527,,L00
동물병원 아인,20130306,0002,폐업,20200812,,0,15512,"경기도 안산시 상록구 충장로 292-1, 101호 (이동)",경기도 안산시 상록구 이동 589-2,15512,37.3071495517,126.8572142475,,187271.024356321,422805.251276177,,000
위브동물병원,20130619,0002,폐업,20131223,031-417-0007,,15533,"경기도 안산시 상록구 용신로 403, 102호 (본오동)",경기도 안산시 상록구 본오동 1113 102호,15533,37.3018217599,126.8671326983,,188149.00939669,422212.370140273,,000
서울동물병원,19920122,0002,폐업,20121227,,0,,경기도 이천시 남천로 65 (중리동),경기도 이천시 중리동 208-7,17374,37.2771440246,127.4446149905,,239361.7600641,419558.864292174,,000
서울동물병원,19920221,0002,폐업,20090520,,0,,경기도 이천시 장호원읍 장감로41번길 5,경기도 이천시 장호원읍 장호원리 125-3,17419,37.1167365592,127.6270488285,,,,,000
가나,19921230,0002,폐업,20061124,,0,,경기도 이천시 영창로 225,경기도 이천시 창전동 457-23,17363,37.2809493983,127.4478384583,,,,,000
협신가축병원,20140630,0002,폐업,20230614,,0,17374,경기도 이천시 중리천로82번길 34-1 (중리동),경기도 이천시 중리동 216-8,17374,37.2769823414,127.4458446315,,239477.057021266,419533.709731695,,000
반석가금진료연구소,20040714,0002,폐업,20070813,,0,,경기도 이천시 부발읍 대산로 484,경기도 이천시 부발읍 신하리 370-5,17327,37.2604341966,127.4794861542,,242460.216699261,417714.729479319,,000
주식회사 선진브릿지랩,20011005,0002,폐업,20230825,031-637-5248,0,17332,경기도 이천시 부발읍 신아로 58,경기도 이천시 부발읍 아미리 766-1,17332,37.2585424677,127.4884972098,,243266.516445693,417484.592072027,,L00
한국양돈개발원,20020207,0002,폐업,20031106,,0,,경기도 이천시 서희로 30-7,경기도 이천시 중리동 189-7,17374,37.2783058854,127.4426288203,,,,,000
유수의과병원,20020527,0002,폐업,20050330,031-632-8853,128,,경기도 이천시 모가면 대월로63번길 70,경기도 이천시 모가면 진가리 110-25,17408,37.1715283705,127.480963311,,242646.291626455,407854.07916024,,000
건국동물병원,20030111,0002,폐업,20051227,,0,,경기도 이천시 남천로 65,경기도 이천시 중리동 208-7,17374,37.2771440246,127.4446149905,,,,,000
키움애니멀클리닉,20030429,0002,폐업,20140820,,44.82,,경기도 이천시 대월면 대월로 940,경기도 이천시 대월면 사동리 30-1,17342,37.2386038951,127.4965275446,,243991.870498335,415302.053891838,,000
베스트 동물병원,20070313,0002,폐업,20080513,,0,,경기도 고양시 일산서구 중앙로 1470,경기도 고양시 일산서구 주엽동 17 동부썬프라자 A동 106호,10379,37.6722015115,126.7580679758,,178529.136791301,463365.623578833,,000
쿨펫동물병원 주엽점,20070410,0002,폐업,20070629,031-915-7587,0,,경기도 고양시 일산서구 강성로 137,경기도 고양시 일산서구 주엽동 20 그랜드백화점 주차빌딩 1층,10387,37.6712888742,126.7605716862,,178808.744136862,463237.48569255,,000
웨스턴 동물병원,20070413,0002,폐업,20090423,,0,,,경기도 고양시 일산동구 장항동 867 웨스턴돔1동 A175호,10397,,,,179810.178969729,461526.164368873,,000
쿨펫동물병원 장항점,20070430,0002,폐업,20110212,,0,,경기도 고양시 일산동구 중앙로1275번길 64,경기도 고양시 일산동구 장항동 755 홈플러스 지하1층,10401,37.6590645766,126.7688671725,,179536.212704008,461876.531597015,,000
쿨펫동물병원 주엽점,20070704,0002,폐업,20140831,,0,,경기도 고양시 일산서구 중앙로 1436,경기도 고양시 일산서구 주엽동 22 그랜드백화점 주차빌딩 1층,10387,37.6708230588,126.7610298735,,178859.791398959,463205.227173138,,000
열린동물병원,20080401,0002,폐업,20130402,031-916-7582,0,10383,경기도 고양시 일산서구 호수로856번길 73-20 (대화동),경기도 고양시 일산서구 대화동 2252-1,10383,37.6739634228,126.7487859776,,177770.095,463534.96,,000
베스트동물병원,20080610,0002,폐업,20081215,031-922-1072,0,,,경기도 고양시 일산서구 주엽동 17 문촌마을 동부썬프라자 A동 106-3호,,,,,178529.136791301,463365.623578833,,000
금호동물병원,20080627,0002,폐업,20090724,031-974-8575,9.5,,경기도 고양시 덕양구 토당로 115,경기도 고양시 덕양구 토당동 282-2    외6필지 금호프라자 132호,10506,37.6254989841,126.8169615534,,,,,000
에이스동물병원,20040225,0002,폐업,20120703,,0,,경기도 의정부시 평화로 487 (의정부동),경기도 의정부시 의정부동 163-11,11696,37.7354620529,127.0474737337,,204130.227398456,470338.333394815,,000
굿모닝동물병원,20080703,0002,폐업,20190331,031-967-8875,55.96,10477,경기도 고양시 덕양구 화중로138번길 5-9 (화정동),경기도 고양시 덕양구 화정동 893-3,10477,37.6399931232,126.8328444933,,185177.765,459748.335,,000
베스트동물병원,20081224,0002,폐업,20091207,,0,,,경기도 고양시 일산서구 주엽동 17 문촌마을 동부썬프라자 A동 106-3호,,,,,178529.136791301,463365.623578833,,000
탑 동물병원,20090220,0002,폐업,20100416,,0,,경기도 고양시 덕양구 토당로12번길 30,경기도 고양시 덕양구 토당동 866-2번지,10510,37.6189072205,126.8242625487,,,,,000
문촌동물병원,20090624,0002,폐업,20190509,,0,10377,경기도 고양시 일산서구 대산로211번길 7-3 (대화동),경기도 고양시 일산서구 대화동 2145-1,10377,37.6779065971,126.7551647725,,178333.0582778,463971.84087378,,000
대한동물병원,20090702,0002,폐업,20091103,,0,,경기도 고양시 덕양구 읍내로 84-4,경기도 고양시 덕양구 고양동 89 (1층),10274,37.7048284571,126.8987644608,,191003.447838117,466938.029688314,,000
행복사랑동물병원,20190130,0002,폐업,20260131,031-255-7975,148,16284,"경기도 수원시 장안구 송원로86번길 4, 1,2층 (조원동)",경기도 수원시 장안구 조원동 752,16284,37.3021214563,127.0101276635,,200828.992923064,422235.149480778,,000
서울종합동물병원백석,20090707,0002,폐업,20131212,,0,,경기도 고양시 일산동구 호수로 340-25,"경기도 고양시 일산동구 백석동 1320 동문굿모닝힐 202동 110,111호",10449,37.6388182315,126.7875971678,,181196.280524901,459636.807109425,,000
더본 동물병원,20160511,0002,폐업,20260123,032-326-2992,0,14548,"경기도 부천시 원미구 중동로262번길 32, 우영프라자 (중동)",경기도 부천시 원미구 중동 1150-6 우영프라자,14548,37.5026933242,126.7705531843,,179642.403664856,444521.833246122,,000
경기동물병원(출장진료 전문),19800918,0002,폐업,20251231,031-666-6501,0,,경기도 평택시 서정역로58번길 30 (서정동),경기도 평택시 서정동 303-1,17779,37.0600619857,127.0546434181,,204789.268442002,395373.036356228,,000
쿨펫동물병원,20040827,0002,폐업,20070227,,53.9,18382,경기도 화성시 병점구 삼성1로 333 (반월동),경기도 화성시 병점구 반월동  123-5 롯데마층 3층,18382,37.2304369526,127.066472009,,205829.064603504,414278.001961156,,000
베스트동물병원,20041101,0002,폐업,20051109,,45.2,,경기도 화성시 병점구 효행로 1036,경기도 화성시 병점구 진안동  877-4    아시아빌딩 101호,18404,37.2132671529,127.0406707975,,,,,000
현대동물병원,20090916,0002,폐업,20141031,,0,,경기도 고양시 일산서구 고봉로 317,경기도 고양시 일산서구 일산동 573 고봉빌딩 101호,10339,37.6875067131,126.7770602722,,180268.401484211,465036.886425374,,000
펫스마일동물병원,20091119,0002,폐업,20221125,,0,10377,경기도 고양시 일산서구 일산로741번길 5-1 (대화동),경기도 고양시 일산서구 대화동 2194-4,10377,37.6771591586,126.7509990927,,177965.47394576,463890.033395643,,000
하나로 동물병원,20100707,0002,폐업,20111223,,0,,경기도 고양시 덕양구 혜음로 89,경기도 고양시 덕양구 고양동 8-7 명빌딩 4층,10272,37.70842214,126.9017985619,,191275.507704116,467337.460369299,,000
봄빛 동물병원,20101007,0002,폐업,20110627,,0,,경기도 고양시 일산동구 강송로87번길 8-10,경기도 고양시 일산동구 백석동 1244-3    1층,10446,37.6477188776,126.7883509947,,,,,000
가좌동물병원,20120629,0002,폐업,20220401,031-922-5777,0,10209,"경기도 고양시 일산서구 가좌3로 7-1 (가좌동, 마루프라자 나동 102.103호)",경기도 고양시 일산서구 가좌동 308-1 마루프라자 나동 102.103호,10209,37.6854228548,126.7201923221,,175252.659180274,464804.417652215,,000
중앙동물병원부속바이러스 치료병원,20180424,0002,폐업,20180713,1899-6394,403.65,10028,"경기도 김포시 대곶면 대곶북로 331, 2층",경기도 김포시 대곶면 석정리 48-3,10028,37.6748833004,126.5762435159,,162540.825005144,463696.860837523,,000
김포 24시 호수동물 의료센터,20190429,0002,폐업,20200416,,0,10073,"경기도 김포시 김포한강11로 328, 210,211,212호 (운양동)",경기도 김포시 운양동 1296-3,10073,37.6554990886,126.6855201589,,172182.734363653,461502.231964669,,000
전곡동물병원,19700608,0002,폐업,20070119,,0,,,경기도 연천군 전곡읍 전곡리 전곡1리,,,,,,,,000
중앙가축병원,19871127,0002,폐업,20200507,,60,11013,경기도 연천군 연천읍 연천로 292,경기도 연천군 연천읍 차탄리 34-98,11013,38.1028350451,127.0753625156,,206543.240872593,511119.495855427,,000
이레동물병원,19941029,0002,폐업,20030902,,43,,경기도 동두천시 큰시장로 37,경기도 동두천시 생연동 693-10,11334,37.9002808707,127.053529932,,,,,000
쿨펫동물병원(장항점),20110705,0002,폐업,20141214,031-908-1756,0,,경기도 고양시 일산동구 중앙로1275번길 64,경기도 고양시 일산동구 장항동 755 홈플러스 지하 1층,10401,37.6590645766,126.7688671725,,179536.212704008,461876.531597015,,000
정글펫동물병원,20111013,0002,폐업,20111025,,,,경기도 고양시 일산동구 대산로 14,경기도 고양시 일산동구 정발산동 1176-3 지하1층,10359,37.6698544343,126.7748730413,,180070.072397887,463074.899104213,,000
희망동물병원,20030210,0002,폐업,20050803,,54.28,,경기도 수원시 팔달구 중부대로 194 (인계동),경기도 수원시 팔달구 인계동 164,16485,37.2765411126,127.0372861711,,203233.066132469,419399.51746118,,000
황제 동물병원,20030308,0002,폐업,20030728,,115.27,,,경기도 수원시 팔달구 매산로3가 62,,,,,,,,000
애니케어 동물병원,20030318,0002,폐업,20080917,,53.46,,"경기도 수원시 영통구 봉영로 1590, 117호 (영통동,밀레니엄프라자)",경기도 수원시 영통구 영통동 995-5 밀레니엄프라자 117호,16704,37.2527899467,127.0734480502,,206445.522485926,416761.597380214,,000
신계선동물병원,20030424,0002,폐업,20080104,,37.5,,경기도 수원시 장안구 수성로262번길 3 (영화동),경기도 수원시 장안구 영화동 397-1,16274,37.2898625417,127.0014862955,,200065.169206066,420875.514918857,,000
한솔동물병원,20030506,0002,폐업,20050218,,48.75,,경기도 수원시 장안구 정자천로 179,경기도 수원시 장안구 정자동 874-5    레몬스포렉스 104호,16334,37.2961182664,126.9951266665,,,,,000
권선동물병원,20030506,0002,폐업,20090508,,115,,경기도 수원시 권선구 세권로 219,경기도 수원시 권선구 권선동 1043-9,16568,37.2548268752,127.028239843,,,,,000
바이오맥동물병원,20030520,0002,폐업,20080731,,121.5,,"경기도 수원시 영통구 영통로200번길 20, 4호 (망포동,아이파크)",경기도 수원시 영통구 망포동 338 아이파크 4호,16690,37.2440732252,127.0562238348,,205078.669086501,415808.299906785,,000
도그파크동물병원,20030529,0002,폐업,20040128,,23.1,,경기도 수원시 장안구 장안로 49,경기도 수원시 장안구 영화동 403-18,16274,37.288973069,127.0043238708,,200308.767242003,420775.599842178,,000
행복한동물병원,20030813,0002,폐업,20090303,,1732,,"경기도 수원시 영통구 영통로 136, 110호 (망포동)",경기도 수원시 영통구 망포동 386 110호,16691,37.2396568905,127.056362471,,204933.457234398,415306.479781397,,000
애니케어 동물병원,20030828,0002,폐업,20050912,,0,,경기도 수원시 영통구 봉영로 1590 (영통동),경기도 수원시 영통구 영통동 995-5,16704,37.2527899467,127.0734480502,,206445.522485926,416761.597380214,,000
(주)모리아동물생명,20030829,0002,폐업,20070703,,0,,경기도 수원시 권선구 동수원로 232,경기도 수원시 권선구 권선동 1296-5,16553,37.2502552995,127.0346956315,,,,,000
설 동물병원,20031118,0002,폐업,20031229,,0,,,경기도 수원시 팔달구 매산로1가 18 수원역사 쇼핑몰5층,16622,37.2671487994,126.9996623433,,199920.194662903,418246.927112644,,000
더독동물병원,20031218,0002,폐업,20060228,,0,,경기도 수원시 영통구 봉영로 1569,경기도 수원시 영통구 영통동 960-3    117호,16703,37.2520691395,127.0710390017,,,,,000
설동물병원,20040110,0002,폐업,20040308,,0,,경기도 수원시 팔달구 덕영대로 924,경기도 수원시 팔달구 매산로1가 18 애경백화점 쇼핑몰,16622,37.2665324347,126.9988543802,,199920.194662903,418246.927112644,,000
수원동물병원,20040220,0002,폐업,20200714,031-247-5900,31,16435,"경기도 수원시 팔달구 덕영대로697번길 17, 그린프라자 2층 207-1호 (화서동)",경기도 수원시 팔달구 화서동 644-5 그린프라자 207-1호,16435,37.2849411717,126.9909483747,,199137.970878159,420336.245742227,,000
참사랑동물병원,20040223,0002,폐업,20070531,,0,,경기도 수원시 영통구 영통로 118,"경기도 수원시 영통구 망포동 559-5    104,105호",16692,37.2383795903,127.0570802299,,,,,000
전봉근종합동물병원,20040311,0002,폐업,20180423,,0,16329,경기도 수원시 장안구 만석로19번길 11-3 (천천동),경기도 수원시 장안구 천천동 528-4 태영프라자 112호,16329,37.295591092,126.983666984,,198481.089265895,421512.547873352,,000
우만종합동물병원,20040602,0002,폐업,20050211,,58.5,,,경기도 수원시 팔달구 우만동 447-9,,,,,,,,000
행복사랑동물병원,20040824,0002,폐업,20190129,031-255-7975,148,16284,"경기도 수원시 장안구 송원로86번길 4, 1층,2층 (조원동)",경기도 수원시 장안구 조원동 752,16284,37.3021214563,127.0101276635,,200828.992923064,422235.149480778,,000
설 동물병원,20040913,0002,폐업,20041008,,47.04,,경기도 수원시 팔달구 덕영대로 924,경기도 수원시 팔달구 매산로1가 18 애경쇼핑몰 5층,16622,37.2665324347,126.9988543802,,199920.194662903,418246.927112644,,000
플러스 동물병원,20040913,0002,폐업,20121005,031-273-7562,103.54,16704,경기도 수원시 영통구 봉영로 1590 (영통동),경기도 수원시 영통구 영통동 995-5 밀레니엄 119호,16704,37.2527899467,127.0734480502,,206445.522485926,416761.597380214,,000
쿨펫동물병원,20050720,0002,폐업,20090521,,37.6,,"경기도 수원시 영통구 중부대로 437 (원천동,홈애버 1층)",경기도 수원시 영통구 원천동 177-1 홈애버 1층,16513,37.2700608855,127.0636056648,,205572.586871555,418683.704929064,,000
퍼피월드동물병원,20030212,0002,폐업,20041203,,0,,경기도 부천시 원미구 길주로 115,경기도 부천시 원미구 상동 535-9   시그마타워107호,14542,37.5062759998,126.7553573099,,,,,000
가람동물병원,20030328,0002,폐업,20051117,,67.2,,경기도 부천시 소사구 경인로 494,경기도 부천시 소사구 괴안동 109-5,14682,37.4834543913,126.8103845067,,,,,000
역곡동물병원,20030704,0002,폐업,20080714,,0,,경기도 부천시 원미구 부일로 759,경기도 부천시 원미구 역곡동 111-12,14670,37.4868006827,126.8138715557,,183468.331692087,442749.835189007,,000
에녹종합동물병원,20030731,0002,폐업,20090403,,0,,경기도 부천시 원미구 신흥로 252,"경기도 부천시 원미구 중동 1061-1 상문프라자101,102호",14534,37.5062046171,126.7757688014,,180104.570644578,444912.102922359,,000
한사랑동물병원,20030820,0002,폐업,20040315,,65.28,,경기도 부천시 원미구 도약로 31,경기도 부천시 원미구 상동 523-10,14504,37.5126333936,126.7529632307,,,,,000
케어동물종합병원,20030904,0002,폐업,20031013,,0,,경기도 부천시 원미구 길주로 70,경기도 부천시 원미구 상동 548-6 (강산타운빌딩202호),14544,37.5053668879,126.7498563997,,177811.159050086,444823.621703644,,000
Pets동물병원,20031014,0002,폐업,20040923,32596178,30,,경기도 부천시 원미구 석천로 188,경기도 부천시 원미구 중동 1157 월마트내,14547,37.5040675095,126.7639551478,,179059.890468202,444675.160533494,,000
펫카인드동물병원,20031212,0002,폐업,20050527,,17.2,,경기도 부천시 원미구 송내대로265번길 73,경기도 부천시 원미구 상동 536-1  보람프라자1층,14542,37.5072892472,126.7545212981,,,,,000
청솔동물병원,20040130,0002,폐업,20120207,,75.9,,경기도 부천시 소사구 소사로 196,경기도 부천시 소사구 소사본동 160-29,14703,37.475670471,126.7957422498,,181864.686954821,441518.411854494,,000
이지동물병원,20040131,0002,폐업,20110731,,56.9,,경기도 부천시 원미구 부일로 723,경기도 부천시 원미구 역곡동 78-7,14671,37.4856515248,126.8100136662,,183132.148102548,442618.974164381,,000
부부종합동물병원,20040213,0002,폐업,20180226,,0,14703,경기도 부천시 소사구 은성로 63 (소사본동),경기도 부천시 소사구 소사본동 158-26번지,14703,37.4753218642,126.7977473102,,182039.223343005,441479.763460017,,000
아이러브도그동물병원,20040216,0002,폐업,20040524,,49.2,,경기도 부천시 원미구 소향로 241,경기도 부천시 원미구 중동 1135-1   제일프라자 103호,14548,37.5007985783,126.7746331176,,,,,000
한사랑동물병원,20040315,0002,폐업,20041005,,0,,경기도 부천시 원미구 도약로 31,경기도 부천시 원미구 상동 523-10,14504,37.5126333936,126.7529632307,,178088.835140956,445630.370445429,,000
상록동물병원,20040421,0002,폐업,20080620,,0,,경기도 부천시 원미구 중동로 244,경기도 부천시 원미구 중동 1152,14548,37.5015303684,126.769059806,,179509.015568599,444394.225694572,,000
라임동물병원,20040429,0002,폐업,20051230,,45,,경기도 부천시 오정구 소사로 722,경기도 부천시 오정구 원종동 373-12   101호,14466,37.5205590619,126.8051092049,,,,,000
TOP동물종합병원,20040510,0002,폐업,20040719,,0,,경기도 부천시 소사구 소사로 210-1,경기도 부천시 소사구 소사본동 153-30,14702,37.4769865742,126.7957638284,,181865.302048182,441663.498338963,,000
열린동물병원,20040514,0002,폐업,20060706,,36,,경기도 부천시 소사구 경인로 186,경기도 부천시 소사구 심곡본동 561,14725,37.4836625986,126.7758846588,,180109.035749137,442403.26519145,,000
아이러브도그동물병원,20040603,0002,폐업,20041115,,48,,경기도 부천시 원미구 소향로 241,경기도 부천시 원미구 중동 1135-1,14548,37.5007985783,126.7746331176,,,,,000
큐피트동물병원,20040603,0002,폐업,20190531,,50.3,14617,경기도 부천시 원미구 부일로 477-1 (심곡동),,,,,,,,,000
TOP종합동물병원,20040727,0002,폐업,20050318,,35,,경기도 부천시 소사구 소사로 210-1,경기도 부천시 소사구 소사본동 153-30,14702,37.4769865742,126.7957638284,,181865.302048182,441663.498338963,,000
쿨펫동물병원,20040923,0002,폐업,20050425,,55,,경기도 부천시 원미구 석천로 188,경기도 부천시 원미구 중동 1157 (월마트내),14547,37.5040675095,126.7639551478,,179059.890468202,444675.160533494,,000
다나동물병원,20041007,0002,폐업,20050513,,0,,경기도 부천시 원미구 도약로 31,경기도 부천시 원미구 상동 523-10  (성은빌딩102호),14504,37.5126333936,126.7529632307,,,,,000
I LOVE DOG동물병원,20041130,0002,폐업,20050922,,48,,경기도 부천시 원미구 소향로 241,경기도 부천시 원미구 중동 1135-1  (제일프라자103호),14548,37.5007985783,126.7746331176,,,,,000
파란종합동물병원,20050324,0002,폐업,20070320,,0,,경기도 부천시 소사구 소사로 210-1,경기도 부천시 소사구 소사본동 153-30,14702,37.4769865742,126.7957638284,,181865.302048182,441663.498338963,,000
동물병원 Be,20050326,0002,폐업,20081010,,44.2,,경기도 부천시 소사구 범안로 60,"경기도 부천시 소사구 괴안동 155-6 세경프라자 106호, 현대홈타운입구",14697,37.4763817711,126.8078143408,,182921.703752034,441608.448743981,,000
도드람물류(주),20031023,0002,폐업,20070314,,238,,경기도 이천시 부발읍 경충대로 1931,경기도 이천시 부발읍 가산리 500-5,17405,37.2414613952,127.501465745,,244425.360018595,415629.1445099,,000
아야야동물병원,20040609,0002,폐업,20050202,,0,,경기도 의정부시 평화로 148,경기도 의정부시 호원동 467 현대아이파크(아) 상가,11715,37.7049374258,127.0483287086,,204255.487334877,466845.862830091,,000
이상규동물병원,20040317,0002,폐업,20090331,,353.16,,경기도 이천시 설봉로55번길 50 (관고동),경기도 이천시 관고동 58-14,17367,37.2819619045,127.4355078815,,238551.862616159,420091.307445848,,000
한국양돈연구소 동물병원,20060403,0002,폐업,20070808,,0,,경기도 이천시 신둔면 석동로161번길 97,경기도 이천시 신둔면 지석리 28-13,17301,37.331202732,127.4311763269,,238235.575673206,425454.412078224,,L00
에이스 동물병원,20060828,0002,폐업,20061201,,123.95,,경기도 이천시 설성면 진상미로 677,경기도 이천시 설성면 금당리 193-27,17411,37.133858427,127.5164603142,,245818.352070534,403685.815128404,,000
키움애니멀클리닉,20070115,0002,폐업,20080430,,44.16,,경기도 이천시 대월면 대월로 940,경기도 이천시 대월면 사동리 30-1,17342,37.2386038951,127.4965275446,,243991.870498335,415302.053891838,,000
도드람축협 동물병원,19980818,0002,폐업,20110726,031-636-0716,0,,경기도 이천시 부발읍 경충대로 1931,경기도 이천시 부발읍 가산리 500-5,17405,37.2414613952,127.501465745,,244425.360018595,415629.1445099,,000
한결산업동물병원 『산업동물에 대한 출장진료를 전문으로 함』,20150728,0002,폐업,20190920,,225,17411,경기도 이천시 설성면 설성로 14-6,경기도 이천시 설성면 금당리 74-3,17411,37.1330917808,127.5193536162,,246078.845128168,403603.011952312,,000
24시큰사랑동물병원,20190131,0002,폐업,20231221,031-8011-3690,692.5,17373,"경기도 이천시 중리천로 135, 미래캐슬2동 (중리동)",경기도 이천시 중리동 468-24,17373,37.275325452,127.4496696627,,239810.569627086,419357.482660183,,000
여주 U.S 동물병원,20120801,0002,폐업,20150625,031-883-0279,123,12622,경기도 여주시 홍문동 세종로 18-1,경기도 여주시 홍문동 35,12622,37.2962422126,127.6363312817,,256351.288108837,421772.590479693,,000
쿨펫동물병원,20130926,0002,폐업,20230322,,44.56,12633,경기도 여주시 세종로 151 (홍문동),경기도 여주시 홍문동 384-1,12633,37.2842633963,127.635666647,,256448.248498212,420406.438944007,,000
홍익가축병원,20150717,0002,폐업,20170412,031-885-7761,148,12653,경기도 여주시 장여로 1755 (점봉동),경기도 여주시 점봉동 228-4,12653,37.253104581,127.6484997444,,257465.971773046,416992.429007693,,000
한서동물병원,20190410,0002,폐업,20190821,,,12653,경기도 여주시 세종로517번길 21-2 (점봉동),경기도 여주시 점봉동 139-1,12653,37.2545255856,127.6510397833,,257683.238125647,417156.749522439,,000
카카오 동물병원,20230404,0002,폐업,20241223,,56,12633,"경기도 여주시 세종로 163, 103호 (홍문동)",경기도 여주시 홍문동 391-1,12633,37.2834878971,127.6359247177,,256320.514248246,420356.703046776,,000
이삭동물병원(출장진료 전문),20230413,0002,폐업,20250305,,243.55,17977,"경기도 평택시 팽성읍 신흥북로49번길 34, B1층 4호",경기도 평택시 팽성읍 안정리 68-6,17977,36.9653824947,127.0469836374,,204111.48752525,384874.876780816,,000
탑 동물병원,20090306,0002,폐업,20210714,,99,16917,경기도 용인시 기흥구 구성로77번길 2 (언남동),경기도 용인시 기흥구 언남동 361,16917,37.2949479879,127.1182729578,,210418.519561492,421438.106224922,,000
서울동물병원,20210831,0002,폐업,20260410,,0,16071,"경기도 의왕시 경수대로 369, 창금빌딩 202호 (오전동)",경기도 의왕시 오전동 112-12 창금빌딩,16071,37.3577263843,126.9660552531,,196922.804157347,428406.777582808,,000
어정동물병원,20091021,0002,폐업,20260219,031-284-9200,120,16995,경기도 용인시 기흥구 어정로 134-12 (중동),경기도 용인시 기흥구 중동 760-1,16995,37.2749498312,127.1455804962,,212829.22643335,419223.771419143,,000
LART ACADEMY,20160401,0002,폐업,20221110,,26,12212,"경기도 남양주시 와부읍 덕소로97번길 34-1, 104호 (주공아파트 상가)",경기도 남양주시 와부읍 덕소리 110-5 104호,12212,37.5859338688,127.2161134254,,219019.040620903,453758.022884674,,000
다산숲동물메디컬센터&amp;동물행동클리닉,20200727,0002,폐업,20220819,031-523-3475,179.27,12285,"경기도 남양주시 다산순환로 397-79, 1층 (다산동)",경기도 남양주시 다산동 6100,12285,37.6214481018,127.1586960705,,213940.042342285,457688.506349152,,000
이리온 동물의료원(일산점),20120509,0002,폐업,20150630,031-913-6125,559.67,,"경기도 고양시 일산서구 중앙로 1388, 105호 (주엽동, 태영프라자)",경기도 고양시 일산서구 주엽동 73 태영프라자 105호,10366,37.6683555154,126.765691892,,179238.725261115,462941.223697841,,L00
위즈펫동물병원,20131115,0002,폐업,20180305,031-916-7582,,,경기도 고양시 일산서구 중앙로 1496,경기도 고양시 일산서구 주엽동 15,10379,37.6731569387,126.7552122529,,178348.883331191,463464.183725362,,000
서울종합동물병원백석,20131211,0002,폐업,20150826,031-904-7587,0,,"경기도 고양시 일산동구 호수로 340-25 (백석동, 동문굿모닝힐 202동 110,111호)",경기도 고양시 일산동구 백석동 1320,10449,37.6388182315,126.7875971678,,181196.280524901,459636.807109425,,000
일산하나로 외과 동물병원,20140226,0002,폐업,20161231,031-975-4825,,10338,경기도 고양시 일산동구 중산로 117 (중산동),경기도 고양시 일산동구 중산동 1696번지,10338,37.6825466963,126.7810323742,,180616.77691702,464481.764844221,,000
가평가축병원,19750416,0002,폐업,20240429,,0,12420,경기도 가평군 가평읍 오리나무길 27 (조은장여관),경기도 가평군 가평읍 대곡리 230-3,12420,37.8250380885,127.5141241472,,245202.897129881,480399.438730518,,000
대한동물병원,19991016,0002,폐업,20031226,,0,,경기도 가평군 가평읍 가화로 48,경기도 가평군 가평읍 대곡리 189-1,12419,37.8242537276,127.5158170556,,,,,000
？평애견동물병원,20040920,0002,폐업,20050802,,0,,경기도 가평군 청평면 청평중앙로 21,경기도 가평군 청평면 청평리 453-1,12452,37.7366531895,127.4173309881,,236712.070743773,470547.437921581,,000
가평유기동물병원,20050726,0002,폐업,20140204,,91.02,,경기도 가평군 조종면 대보간선로335번길 81,경기도 가평군 하면 대보리 223,12439,37.8028678042,127.3708422306,,,,,000
푸른가축병원(산업동물출장진료전문병원),20090223,0002,폐업,20171226,031-582-8012,47.25,,,경기도 가평군 가평읍 읍내리 457,12413,,,,,,,000
선진가축병원(산업동물출장진료전문병원),20110804,0002,폐업,20230509,070-8739-6388,30,12417,경기도 가평군 가평읍 향교로 3,경기도 가평군 가평읍 읍내리 535-2,12417,37.8294368981,127.5104318158,,244864.140094482,480885.606938411,,000
양서동물병원,19630901,0002,폐업,20130807,,33.66,,경기도 양평군 양서면 양수로156번길 4,경기도 양평군 양서면 양수리 559-23,12585,37.5449359665,127.3192945621,,,,,000
양평동물병원,19690816,0002,폐업,20120625,,0,,,경기도 양평군 양평읍 양근리 283,12555,37.4882429471,127.4918669082,,243424.344171487,443006.498856019,,000
삼성동물병원,19830919,0002,폐업,19880801,,0,,,경기도 양평군 양서면 양수리 597,12585,,,,,,,000
전동물병원,19831128,0002,폐업,19961007,,0,,,경기도 양평군 용문면 다문리 333,12522,,,,,,,000
한진종합동물병원,19890830,0002,폐업,19910621,,0,,경기도 양평군 양평읍 양평대교길 8,경기도 양평군 양평읍 양근리 269-19,12555,37.4875308257,127.4913014051,,,,,000
양동동물병원,19920627,0002,폐업,19930217,,0,,경기도 양평군 양동면 학둔지아래길 69,경기도 양평군 양동면 쌍학리 229-1,12539,37.4207655406,127.7532563931,,,,,000
현대동물병원(출장전문병원),19941012,0002,폐업,20190322,031-771-9533,0,12560,"경기도 양평군 양평읍 시민로 114-1 (한마음의원,효창종합건설,삼원스탠)",경기도 양평군 양평읍 공흥리 402-8,12560,37.4901270107,127.5042420301,,244531.625441271,443229.635122699,,000
아주동물병원,19980121,0002,폐업,20130911,031-774-0780,22.8,,경기도 양평군 용문면 하진3길 1,경기도 양평군 용문면 다문리 704-4,12521,37.4829078577,127.5913582396,,252225.91548738,442465.49294665,,000
폴의골목 동물병원,20090406,0002,폐업,20251127,,112.13,12502,경기도 양평군 서종면 북한강로 817,경기도 양평군 서종면 문호리 700-7,12502,37.6102450679,127.3492635437,,230771.105415966,456491.723844037,,000
신세계 종합 동물병원,20090427,0002,폐업,20190730,031-771-4070,0,12559,경기도 양평군 양평읍 중앙로 110,경기도 양평군 양평읍 공흥리 530-3,12559,37.4934351037,127.5009050305,,244229.067396465,443584.4612239,,000
중앙 동물병원,20101026,0002,폐업,20170201,,164.8,12551,경기도 양평군 양평읍 중앙로 71-1,경기도 양평군 양평읍 공흥리,12551,37.4951116169,127.4971718432,,243894.321297441,443775.91735339,,000
중앙동물병원,20170201,0002,폐업,20170313,031-772-1261,164.8,12551,경기도 양평군 양평읍 중앙로 71-1,경기도 양평군 양평읍 공흥리 751-1번지,12551,37.4951116169,127.4971718432,,243894.321297441,443775.91735339,,000
중앙동물병원,20170322,0002,폐업,20191211,031-772-1261,164.8,12551,경기도 양평군 양평읍 중앙로 71-1,경기도 양평군 양평읍 공흥리 751-1번지,12551,37.4951116169,127.4971718432,,243894.321297441,443775.91735339,,000
폭시펫,20050830,0002,폐업,20060829,,0,,"경기도 수원시 권선구 수인로 291 (구운동,이마트 3층)",경기도 수원시 권선구 구운동 925 이마트 3층,16405,37.2826692976,126.9703199061,,197288.720762935,420051.3394073,,000
새봄동물병원,20060307,0002,폐업,20150706,,64.75,,경기도 수원시 영통구 봉영로 1569 (영통동),경기도 수원시 영통구 영통동 960-3,16703,37.2520691395,127.0710390017,,206229.445925109,416684.389208216,,000
광교산동물병원,20060320,0002,폐업,20060704,,74.1,,경기도 수원시 장안구 팔달로 298,경기도 수원시 장안구 영화동 127-39,16268,37.2907647608,127.0169027975,,,,,000
강 동물병원,20060331,0002,폐업,20060530,,31.02,,경기도 수원시 장안구 만석로 211,경기도 수원시 장안구 송죽동 445-9,16300,37.3051941149,127.0012384096,,,,,000
펫프렌즈동물병원,20060907,0002,폐업,20090504,,0,,"경기도 수원시 권선구 수인로 291 (구운동,서수원이마트 3층)",경기도 수원시 권선구 구운동 925 서수원이마트 3층,16405,37.2826692976,126.9703199061,,197288.720762935,420051.3394073,,000
정자동물병원,20070402,0002,폐업,20210519,031-269-0016,26.4,16334,"경기도 수원시 장안구 대평로 86, 104호 (정자동)",경기도 수원시 장안구 정자동 877-1 104호,16334,37.2960022438,126.9932883543,,199324.17,421568.985,,000
BL동물의료원,20070725,0002,폐업,20190425,031-241-1347,0,,경기도 수원시 팔달구 팔달로 44 (고등동),경기도 수원시 팔달구 고등동 221-4,16454,37.2726844537,127.0020620341,,200113.677576727,418968.374438687,,000
동산동물병원,20070725,0002,폐업,20150320,,0,16543,경기도 수원시 영통구 인계로 240 (매탄동),경기도 수원시 영통구 매탄동 883 삼호그랜드상가 1동 8호,16543,37.264459846,127.0435855868,,203834.628742975,418032.436721863,,000
바이오맥동물병원,20081007,0002,폐업,20130703,,14.8,16690,"경기도 수원시 영통구 덕영대로1556번길 16 (영통동, 디지털엠파이어)",경기도 수원시 영통구 영통동 980-3번지 디지털엠파이어,16690,37.2449526438,127.0599958565,,205249.495788632,415913.273839865,,000
동수원동물종합병원(신영통점),20090309,0002,폐업,20100331,,58.82,,"경기도 수원시 영통구 영통로 136 (망포동,센트럴타워 110호)",경기도 수원시 영통구 망포동 386 센트럴타워 110호,16691,37.2396568905,127.056362471,,204933.457234398,415306.479781397,,000
쿨펫동물병원,20090527,0002,폐업,20191130,031-213-5075,37.6,16513,경기도 수원시 영통구 중부대로 437 (원천동),경기도 수원시 영통구 원천동 177-1 홈플러스1층,16513,37.2700608855,127.0636056648,,205572.586871555,418683.704929064,,000
펫프렌즈동물병원 서수원,20090527,0002,폐업,20120802,031-292-1275,103.84,,"경기도 수원시 권선구 수인로 291 (구운동,이마트(3층))",경기도 수원시 권선구 구운동 925 이마트(3층),16405,37.2826692976,126.9703199061,,197288.720762935,420051.3394073,,L00
베스트동물병원,20091207,0002,폐업,20110823,031-268-7582,126.15,,경기도 수원시 장안구 덕영대로535번길 38,경기도 수원시 장안구 천천동 524-0003,16329,37.2971720172,126.9824037742,,198369.132871261,421688.986137766,,000
쿨펫동물병원(영통점),20100113,0002,폐업,20101125,,56.7,,경기도 수원시 영통구 봉영로 1579,경기도 수원시 영통구 영통동 960-0001 그랜드백화점 (5층),16703,37.2527384461,127.0716666812,,206280.421991805,416752.265654667,,000
국제동물병원,20010723,0002,폐업,20230921,,0,18261,경기도 화성시 만세구 남양읍 남양시장로 38-4 (무지개아파트),경기도 화성시 만세구 남양읍 남양리 563 무지개아파트,18261,37.2085521023,126.8132096848,,183361.121931268,411868.302496778,,000
예현동물병원,20030127,0002,폐업,20050315,,18.3,,경기도 화성시 만세구 팔탄면 도이3길 3,경기도 화성시 만세구 팔탄면 가재리 531,18533,37.1433509049,126.9188100555,,192709.470213779,404613.632844958,,000
백산동물병원,20060329,0002,폐업,20060628,,0,,경기도 화성시 만세구 팔탄면 도이3길 3,경기도 화성시 만세구 팔탄면 가재리 531,18533,37.1433509049,126.9188100555,,192709.470213779,404613.632844958,,000
향남메디 동물병원,20090312,0002,폐업,20100722,,0,18591,"경기도 화성시 만세구 향남읍 발안로 107, 101호",경기도 화성시 만세구 향남읍 행정리 474-6 태성프라자 101호,18591,37.1317221347,126.9223778092,,193032.502473545,403328.444391912,,000
수성동물병원,20130731,0002,폐업,20230630,,0,18260,경기도 화성시 만세구 남양읍 남양성지로 28,경기도 화성시 만세구 남양읍 남양리 465-1,18260,37.2052272801,126.8072446456,,182801.877420135,411514.233829631,,000
송산 동물메디컬센터,20190214,0002,폐업,20210705,031-357-1101,0,18242,경기도 화성시 만세구 수노을2로 147 (새솔동),경기도 화성시 만세구 새솔동 0,18242,37.277303526,126.8214627791,,,,,000
송산재활동물병원,20190501,0002,폐업,20210705,,,18242,"경기도 화성시 만세구 수노을2로 147, 106호 (새솔동)",경기도 화성시 만세구 새솔동 0,18242,37.277303526,126.8214627791,,,,,000
누리팜 산업동물병원,20190801,0002,폐업,20230102,031-351-5738,0,18586,경기도 화성시 만세구 장안면 남양황라로 539-20,경기도 화성시 만세구 장안면 장안리 1000-5,18586,37.0324615601,126.8531841182,,186856.502761102,392314.972273836,,000
이티젠동물병원,20240730,0002,폐업,20241231,,40,18543,"경기도 화성시 만세구 마도면 청원산단6길 52, 101-1호",경기도 화성시 만세구 마도면 청원리 1331 101-1호,18543,37.171890717,126.764869259,,179048.180120302,407810.262697867,,000
백마동물병원,19881122,0002,폐업,20130228,,0,,경기도 화성시 효행구 정남면 만년로 705-6,경기도 화성시 효행구 정남면 괘랑리 305-10,18516,37.1823183066,126.9912435865,,199153.786976491,408934.869090797,,000
EDC동물병원,20030108,0002,폐업,20060428,,0,,경기도 화성시 효행구 봉담읍 와우안길 65,경기도 화성시 효행구 봉담읍 와우리 91-3,18321,37.2171044948,126.9749601979,,197703.216609975,412798.475278875,,000
서수원 동물병원,20040109,0002,폐업,20060113,031-297-7556,31.07,18312,"경기도 화성시 효행구 봉담읍 삼천병마로 1311, 103호",경기도 화성시 효행구 봉담읍 수영리 647-6 수영프라자 103호,18312,37.2222244173,126.9510962697,,195586.95588098,413367.501763612,,000
성균동물병원,20070626,0002,폐업,20230612,,197.1,18298,경기도 화성시 효행구 봉담읍 효행로 216,경기도 화성시 효행구 봉담읍 동화리 84-2,18298,37.228416868,126.9708687094,,197351.040392929,414053.996342227,,000
건국동물병원,20090615,0002,폐업,20120815,,0,,경기도 화성시 효행구 봉담읍 효행로 329,경기도 화성시 효행구 봉담읍 와우리 118 (3층),18343,37.2195660481,126.9771635915,,197900.884443214,413093.136454303,,000
알로하동물병원,20200721,0002,폐업,20220824,,0,18282,경기도 화성시 효행구 비봉면 남이로 255,경기도 화성시 효행구 비봉면 유포리 270,18282,37.2494832183,126.8415914243,,185876.560551297,416412.079157546,,000
세브란스동물병원,20011008,0002,폐업,20100423,,0,,경기도 화성시 병점구 경기대로 1065-2,경기도 화성시 병점구 진안동  544-18,18390,37.2101708474,127.0326089964,,,,,000
가람동물병원,20031204,0002,폐업,20070730,,654,18411,경기도 화성시 병점구 경기대로 1024 (병점동),경기도 화성시 병점구 병점동  354-18,18411,37.2071735693,127.0360196093,,203132.110785318,411704.204316752,,000
뷰티펫동물병원,20100526,0002,폐업,20100713,031-278-3593,26.8,,경기도 수원시 권선구 서둔로 201,경기도 수원시 권선구 탑동 888-0006,16610,37.2694321506,126.9794131067,,198103.176881394,418608.134988069,,000
쿨펫동물병원(롯데마트 권선점),20100824,0002,폐업,20130110,031-237-1175,31.78,,경기도 수원시 권선구 동수원로 232,경기도 수원시 권선구 권선동 1296-0005,16553,37.2502552995,127.0346956315,,203008.631510845,416482.021790235,,000
SUN 동물병원,20100906,0002,폐업,20150831,031-234-5550,261.2,16670,경기도 수원시 권선구 곡선로 37 (곡반정동),경기도 수원시 권선구 곡반정동,16670,37.2393793777,127.0288547509,,202489.223716305,415275.875508133,,000
준수 동물병원,20110126,0002,폐업,20201230,031-203-7559,49.5,16695,경기도 수원시 영통구 봉영로1482번길 35 (영통동),경기도 수원시 영통구 영통동 986-10,16695,37.245233312,127.0676726381,,205932.617364012,415925.884805572,,000
국립축산과학원 부속동물병원,20110428,0002,폐업,20150615,031-290-1566,338,,경기도 수원시 권선구 서수원로 143-13 (오목천동),경기도 수원시 권선구 오목천동 564,16637,37.2381360415,126.9713419385,,197046.584967928,415176.799053912,,000
귀여운동물병원,20110511,0002,폐업,20221226,031-211-8333,23.97,,"경기도 수원시 팔달구 중부대로 145, D동 102호 (우만동)",경기도 수원시 팔달구 우만동 436 D동 102호,,37.2786017139,127.032311277,,202817.286690611,419613.926087748,,000
쿨펫동물병원 서수원,20120804,0002,폐업,20131028,,97.84,16405,경기도 수원시 권선구 수인로 291 (구운동),경기도 수원시 권선구 구운동 925,16405,37.2826692976,126.9703199061,,197288.720762935,420051.3394073,,000
늘기쁜 동물병원,20050415,0002,폐업,20150805,,27.38,,,"경기도 부천시 소사구 괴안동 3-14 지상1층, 1호",,,,,182795.222436439,442181.486963875,,000
쿨펫동물병원,20050428,0002,폐업,20080502,,123.54,,경기도 부천시 원미구 석천로 188,경기도 부천시 원미구 중동 1157 1층,14547,37.5040675095,126.7639551478,,179059.890468202,444675.160533494,,L00
노야동물병원,20050428,0002,폐업,20070212,,46.8,,경기도 부천시 원미구 상동로 81,경기도 부천시 원미구 상동 544-6 101호,14544,37.5045987615,126.7523870918,,178034.795108515,444737.884555284,,000
선경동물병원,20050519,0002,폐업,20070525,,39.6,,경기도 부천시 원미구 원미로 138,경기도 부천시 원미구 원미동 76-10 1층,14565,37.4949078616,126.7916475161,,181504.121230504,443652.985253263,,000
펫카인드동물병원,20050527,0002,폐업,20060502,,46.4,,경기도 부천시 원미구 송내대로265번길 73,경기도 부천시 원미구 상동 536-1 보람프라자 108호,14542,37.5072892472,126.7545212981,,178228.226922666,445034.876497824,,000
이솝동물병원,20050629,0002,폐업,20061023,,43.8,,경기도 부천시 원미구 부천로 69,경기도 부천시 원미구 심곡동 367-12 1층,14630,37.4905976661,126.7838830524,,180817.812437106,443175.799666775,,000
CJ동물병원,20050826,0002,폐업,20130830,,32.19,,,경기도 부천시 원미구 중동 1234 새롬프라자 105호,14544,37.5037687162,126.7522596034,,179853.904630722,444706.310537002,,000
아이러브도그 동물병원,20051006,0002,폐업,20181221,,49.2,14548,"경기도 부천시 원미구 소향로 241, 103호 (중동, 제일프라자)",경기도 부천시 원미구 중동 1135-1번지 제일프라자 103호,14548,37.5007985783,126.7746331176,,180002.79274153,444310.478050574,,000
현대동물병원,20051209,0002,폐업,20070418,,31.35,,경기도 부천시 원미구 송내대로265번길 85,"경기도 부천시 원미구 상동 535-1 뱅뱅프라자, 1층 111호",14542,37.5073665058,126.753909555,,178170.903829042,445043.834754535,,000
라임동물병원,20060103,0002,폐업,20070102,032-676-7533,48,,경기도 부천시 오정구 소사로 722,경기도 부천시 오정구 원종동 373-12 JD스카이빌 1층  101호,14466,37.5205590619,126.8051092049,,182709.017969268,446497.450563465,,000
사랑이 가득한 동물병원,20060127,0002,폐업,20091130,,56,,경기도 부천시 원미구 부일로 280,경기도 부천시 원미구 상동 322-13 1층,14625,37.4881053573,126.7611821331,,178807.939629946,442906.607641449,,000
부천한방동물병원,20060224,0002,폐업,20061010,,34.1,,경기도 부천시 소사구 범안로 118,경기도 부천시 소사구 범박동 35-1 영플러스 105호,14777,37.4713679903,126.8089688567,,183029.138902062,441034.261393271,,000
"에스디(SD)동물의료센터, 김포",20160317,0002,폐업,20251228,031-985-7075,0,10071,"경기도 김포시 김포한강4로 521, 한강메디플라자 201호 (구래동)",경기도 김포시 구래동 6880-5 한강메디플라자,10071,37.6458444628,126.6261155061,,166936.831918612,460452.342591637,,000
부천축협 동물병원,20060619,0002,폐업,20090323,032-349-2271,119.24,,,경기도 부천시 소사구 소사본동 65-7,14693,37.4814722389,126.7982778956,,182111.696605728,442181.85299167,,L00
오박사동물병원,20060703,0002,폐업,20100707,,28.12,,경기도 부천시 오정구 평천로 718,경기도 부천시 오정구 삼정동 342-3 101호,14516,37.514934338,126.7706716779,,179657.945219754,445879.927360049,,000
쿨펫동물병원,20070201,0002,폐업,20130402,,55,,경기도 부천시 원미구 신흥로 223,경기도 부천시 원미구 중동 1059,14539,37.5041192287,126.7752345673,,180055.338981845,444675.457254185,,000
펫서비스동물병원,20070517,0002,폐업,20080825,1588-8207,0,,경기도 부천시 원미구 길주로 288,경기도 부천시 원미구 중동 1141-5,14548,37.5027160413,126.7742412161,,179966.754509977,444523.453401913,,000
위브동물병원,20070626,0002,폐업,20160729,,50,,경기도 부천시 원미구 신흥로 173,경기도 부천시 원미구 중동 1131-1 (중동아크로텔106호),14580,37.4990989514,126.7767424857,,180190.887946941,444108.418696073,,000
탑동물병원,20070928,0002,폐업,20170308,,60,,경기도 부천시 소사구 성주로 255,경기도 부천시 소사구 심곡본동 687-4,14714,37.4811295236,126.7817452752,,180625.307360101,442124.685197998,,000
갈촌동물병원,19770128,0002,폐업,20130814,,24,16587,경기도 수원시 권선구 세권로62번길 7 (세류동),경기도 수원시 권선구 세류동 467-28,16587,37.2585886346,127.0111878494,,200921.385248429,417404.148401768,,000
제일동물병원,19830310,0002,폐업,20070111,,26.1,,경기도 수원시 팔달구 세류로 128-1 (교동),경기도 수원시 팔달구 교동 199,16464,37.2701448937,127.0112823349,,200930.637109048,418686.80705309,,000
전병준동물병원,19840526,0002,폐업,20080703,,63.96,,경기도 수원시 팔달구 정조로 642 (매교동),경기도 수원시 팔달구 매교동 173-6,,,,,201357.554863893,418213.574370058,,000
서울대 부속 동물병원,19850701,0002,폐업,20130528,,0,,,경기도 수원시 권선구 서둔동 103,,,,,,,,000
북문동물병원,19890519,0002,폐업,20041029,,27,,경기도 수원시 장안구 수성로328번길 43 (영화동),경기도 수원시 장안구 영화동 413-1,16271,37.2905445686,127.0093904332,,200762.98654701,420952.634002932,,000
폴라동물병원,20210803,0002,폐업,20250429,,166.1,12032,"경기도 남양주시 화도읍 비룡로 417, 2층",경기도 남양주시 화도읍 가곡리 102-13,12032,37.6865399028,127.3092430216,,227193.304641268,464952.587017276,,000
모란동물병원,20031031,0002,폐업,20050112,,0,,경기도 광주시 파발로 161-1 (경안동),경기도 광주시 경안동 96-6,12755,37.4143153909,127.252754683,,222305.73789471,434716.993163433,,000
곤지암행복동물병원,20050105,0002,폐업,20111229,,105,,경기도 광주시 곤지암읍 경충대로 702,경기도 광주시 곤지암읍 삼리 6-1,12800,37.3533671872,127.3315656158,,229322.073530039,427981.29260808,,000
모란동물병원,20050112,0002,폐업,20200130,,65.6,,경기도 광주시 파발로 161-1 (경안동),경기도 광주시 경안동 96-6,12755,37.4143153909,127.252754683,,222305.73789471,434716.993163433,,000
모란 동물 병원 오포점,20051221,0002,폐업,20070913,031-763-8825,172.8,,경기도 광주시 양벌동 양벌로 212,경기도 광주시 양벌동 373-1,12795,37.3781088181,127.2536529511,,,,,000
도그파파,20060510,0002,폐업,20070504,031-765-3781,65.6,,경기도 광주시 순암로 112-9,경기도 광주시 장지동 376-1,12776,37.3960915167,127.2369750129,,,,,000
애플펫 동물병원,20061024,0002,폐업,20161018,,56.4,12771,경기도 광주시 신현동 태재로 21,경기도 광주시 신현동 709-27,12821,37.3600415143,127.1518093683,,,,,000
퇴촌동물병원,20070504,0002,폐업,20070820,,43,,경기도 광주시 퇴촌면 천진암로 338,경기도 광주시 퇴촌면 광동리 190-2,12711,37.4717120103,127.3096432878,,,,,000
모란동물병원 오포점,20070913,0002,폐업,20080402,,0,,경기도 광주시 양벌동 양벌로 212,경기도 광주시 양벌동 373-1,12795,37.3781088181,127.2536529511,,,,,000
모란동물병원 오포점,20080408,0002,폐업,20090630,031-763-8825,458.82,,경기도 광주시 양벌동 양벌로 212,경기도 광주시 양벌동 373-1,12795,37.3781088181,127.2536529511,,,,,000
능평동물병원,20080514,0002,폐업,20090309,031-768-7508,33,,경기도 광주시 능평동 오포로 119,경기도 광주시 능평동 152-1,12773,37.3440836421,127.1793177712,,,,,000
녹색요법연구소,20090318,0002,폐업,20130703,,400,,경기도 광주시 신현동 새말길 95 (우림상가 2층),경기도 광주시 신현동 588-12 우림상가 2층,12821,37.3673984684,127.1617023538,,,,,000
서울동물메디컬센터,20090429,0002,폐업,20180111,031-8022-7582,0,12771,경기도 광주시 신현동 신현로 89,경기도 광주시 신현동 674,12821,37.3604164533,127.1567311425,,,,,000
광주동물병원,20090707,0002,폐업,20140929,031-763-8825,0,12795,경기도 광주시 양벌동 양벌로 212,경기도 광주시 양벌동 373-1,12795,37.3781088181,127.2536529511,,,,,000
곤지암동물병원,20100522,0002,폐업,20160726,,0,,경기도 광주시 곤지암읍 곤지암로 70-14,경기도 광주시 곤지암읍 곤지암리 453-7,12804,37.350113685,127.3383926152,,229916.122096733,427616.189606234,,000
떡심콩심동물병원,20101208,0002,폐업,20210602,031-769-8270,90.8,,경기도 광주시 초월읍 경충대로 1109,경기도 광주시 초월읍 쌍동리 253-59,12736,37.3758638041,127.2959592927,,226142.836174268,430462.618649382,,000
도그파파,20110110,0002,폐업,20120711,,368.48,,경기도 광주시 문형동 오포안로 174,경기도 광주시 문형동 101-4,12774,37.3565596854,127.2074718162,,,,,L00
곤지암 행복 동물병원,20111229,0002,폐업,20140804,031-761-9394,105,12800,경기도 광주시 곤지암읍 경충대로 702,경기도 광주시 곤지암읍 삼리 6-1,12800,37.3533671872,127.3315656158,,229322.073530039,427981.29260808,,000
참좋은동물병원,20181011,0002,폐업,20250731,031-713-0103,0,12771,"경기도 광주시 신현동 신현로 123, 2층",경기도 광주시 신현동 367-14,12820,37.3588759407,127.1601484082,,,,,000
서울동물영상센터,20210712,0002,폐업,20230704,031-8022-7582,0,12820,"경기도 광주시 신현동 신현로 89, 2층",경기도 광주시 신현동 674,12821,37.3604164533,127.1567311425,,,,,000
양주동물병원,20030331,0002,폐업,20100310,,0,,,경기도 양주시 덕정동 350,11450,,,,,,,000
동신동물병원,20030331,0002,폐업,20190114,,0,11419,경기도 양주시 광적면 가래비길 70,경기도 양주시 광적면 가납리 742-12,11419,37.8237604669,126.9851451487,,198624.967507159,480137.184243155,,000
김봉성동물병원,20030331,0002,폐업,20030903,,0,,,경기도 양주시 남면 신산리 323,11404,,,,,,,000
양평동물의료센터,20170329,0002,폐업,20180327,,45.73,12584,경기도 양평군 양서면 목왕로 23,경기도 양평군 양서면 용담리 507-44,12584,37.5431152602,127.3253098689,,228679.79122683,449033.437853905,,000
현대가축병원(출장전문병원),20190401,0002,폐업,20190531,031-771-9533,48.22,12560,"경기도 양평군 양평읍 시민로 114-1, 한마음의원,효창종합건설,삼원스탠","경기도 양평군 양평읍 공흥리 402-8 한마음의원,효창종합건설,삼원스탠",12560,37.4901270107,127.5042420301,,244531.625441271,443229.635122699,,000
현대가축병원,20190723,0002,폐업,20200210,031-771-9533,50,12560,"경기도 양평군 양평읍 시민로 114-1, 한마음의원,효창종합건설,삼원스탠","경기도 양평군 양평읍 공흥리 402-8 한마음의원,효창종합건설,삼원스탠",12560,37.4901270107,127.5042420301,,244531.625441271,443229.635122699,,000
라페스타 종합동물병원,20140630,0002,폐업,20150312,031-904-7582,,10401,경기도 고양시 일산동구 무궁화로 20-11 (장항동),경기도 고양시 일산동구 장항동 761번지,10401,37.6618144398,126.7675476974,,179402.901067853,462211.337473083,,000
해밀동물병원,20140805,0002,폐업,20160726,031-966-2777,,10299,경기도 고양시 일산동구 고양대로 1139 (식사동),경기도 고양시 일산동구 식사동 513-3번지,10299,37.6655481933,126.8159597578,,183683.30574419,462579.943672512,,000
고봉동물병원,20141027,0002,폐업,20180115,,0,10258,경기도 고양시 일산동구 성현로 407 (문봉동),경기도 고양시 일산동구 문봉동 53-11,10258,37.7007637997,126.8286702248,,184820.744692999,466489.811162071,,000
위즈펫동물병원 킨텍스점,20141120,0002,폐업,20191231,,0,10391,경기도 고양시 일산서구 주엽로 79 (대화동),경기도 고양시 일산서구 대화동 1050-171 롯데빅마켓 킨텍스점 지하1층,10391,37.6672704473,126.7536496647,,178207.798502925,462784.587737594,,000
위즈펫동물병원 일산장항점,20141219,0002,폐업,20190901,,124.53,10401,"경기도 고양시 일산동구 중앙로1275번길 64, 4층 (장항동, 홈플러스)",경기도 고양시 일산동구 장항동 755 홈플러스 4층,10401,37.6590645766,126.7688671725,,179536.212704008,461876.531597015,,000
라페스타종합동물병원,20150316,0002,폐업,20150319,031-904-7582,47.78,10401,경기도 고양시 일산동구 무궁화로 20-11 (장항동),경기도 고양시 일산동구 장항동 761 라페스타 F동 117호,10401,37.6618144398,126.7675476974,,179402.901067853,462211.337473083,,000
삼송우리동물병원,20150407,0002,폐업,20200228,02-381-7553,0,10597,"경기도 고양시 덕양구 동세로 22-4, 106,107호 (동산동)",경기도 고양시 덕양구 동산동 361-4,10597,37.6452825114,126.8874220188,,189993.947181467,460329.14433919,,000
네내동물병원,20150501,0002,폐업,20180414,031-938-0119,33,10492,경기도 고양시 덕양구 중앙로 472 (행신동),경기도 고양시 덕양구 행신동 180-1 1층 제6호,10492,37.6192855866,126.8433864275,,186092.700863971,457433.811931623,,000
Pets Heim 동물병원,20150721,0002,폐업,20170710,,0,10406,경기도 고양시 일산동구 일산로 368 (정발산동),경기도 고양시 일산동구 정발산동 1331,10406,37.6681784344,126.7823162219,,180730.602293494,462893.271139664,,000
페츠하임동물병원,20150730,0002,폐업,20170710,1644-6645,0,10406,"경기도 고양시 일산동구 일산로 368, 2층 (정발산동)",경기도 고양시 일산동구 정발산동 1331 2층,10406,37.6681784344,126.7823162219,,180730.602293494,462893.271139664,,000
서울종합동물병원백석,20150901,0002,폐업,20210621,031-904-7587,0,10449,"경기도 고양시 일산동구 호수로 340-25, 202동 1층 110,111호 (백석동, 동문굿모닝힐II)",경기도 고양시 일산동구 백석동 1320 202동 110호,10449,37.6388182315,126.7875971678,,181196.280524901,459636.807109425,,000
쥬쥬동물병원,20150917,0002,폐업,20161115,031-962-4500,,10288,경기도 고양시 덕양구 원당로458번길 7-42 (관산동),경기도 고양시 덕양구 관산동 290,10288,37.689409561,126.8549386073,,187138.440867549,465219.807495762,,000
경서동물병원,20151104,0002,폐업,20181207,02-3158-0734,,10538,경기도 고양시 덕양구 중앙로 136 (화전동),경기도 고양시 덕양구 화전동 219-14,10538,37.6007975532,126.8729125528,,188707.207787862,455391.523672932,,000
펫앤유 24시 동물병원,20170330,0002,폐업,20230822,031-962-8274,0,10264,경기도 고양시 덕양구 통일로 1128 (내유동),경기도 고양시 덕양구 내유동 431-9,10264,37.7150059021,126.8514377811,,186831.959285029,468074.823296931,,000
위즈펫동물병원 풍산점,20170713,0002,폐업,20231007,,0,10301,경기도 고양시 일산동구 무궁화로 237 (풍동),경기도 고양시 일산동구 중산동 1809번지,10311,37.6738948112,126.7871031801,,181149.682181138,463521.801944649,,000
건국동물병원,20120823,0002,폐업,20150715,,0,16336,경기도 수원시 장안구 장안로 285 (정자동),경기도 수원시 장안구 정자동 533-59,16337,37.3070004957,126.9902335741,,199065.092000672,422778.417077012,,000
동물의료법인 플러스,20121011,0002,폐업,20230106,031-273-7562,380.3,16704,"경기도 수원시 영통구 봉영로 1590, 밀레니엄 프라자 201호202호 (영통동)",경기도 수원시 영통구 영통동 995-5 밀레니엄 프라자,16704,37.2527899467,127.0734480502,,206445.522485926,416761.597380214,,L00
펫가든 동물병원,20121030,0002,폐업,20190117,,0,16703,경기도 수원시 영통구 봉영로 1579 (영통동),경기도 수원시 영통구 영통동 960-1,16703,37.2527384461,127.0716666812,,206280.421991805,416752.265654667,,000
닥터김 동물병원,20121207,0002,폐업,20170330,,0,16703,"경기도 수원시 영통구 봉영로 1623, 1층 (영통동, 드림피아빌딩)",경기도 수원시 영통구 영통동 958-1 64통8반,16703,37.2559223973,127.0747272211,,206556.351819145,417113.766621288,,000
쿨펫동물병원,20130115,0002,폐업,20140110,,,16553,경기도 수원시 권선구 동수원로 232 (권선동),경기도 수원시 권선구 권선동 1296-5,16553,37.2502552995,127.0346956315,,203008.631510845,416482.021790235,,000
다올동물병원,20130404,0002,폐업,20220426,031-239-0208,35.7,,"경기도 수원시 권선구 권광로 55, B동 109호 (권선동,E편한세상 상가)",경기도 수원시 권선구 권선동 1330 E편한세상 상가 B동 109호,16582,37.2528439957,127.0260307717,,202272.314465399,416779.037573728,,000
서울대학교 수의과대학 동물병원,20130530,0002,폐업,20170529,02-880-8661,0,,경기도 수원시 권선구 서호로 89 (서둔동),경기도 수원시 권선구 서둔동 103-2,16614,37.2681405706,126.9870801562,,198726.317027219,418381.34484942,,000
24시꿈동물병원,20130725,0002,폐업,20230113,031-222-7617,181.51,16570,경기도 수원시 권선구 경수대로 411 (권선동),경기도 수원시 권선구 권선동 941-5,16570,37.2632497865,127.0247024465,,202120.904579256,417923.686898267,,000
아이러브펫 동물병원,20130902,0002,폐업,20130925,,0,16295,"경기도 수원시 장안구 경수대로 930, 4층 (조원동, 홈플러스 북수원점)",경기도 수원시 장안구 조원동 896번지 홈플러스북수원점 4층,16295,37.3027649664,127.0088032891,,200709.882380059,422304.072402192,,L00
엘림동물병원,20130906,0002,폐업,20150908,,0,16263,경기도 수원시 팔달구 정조로 751-7 (중동),경기도 수원시 팔달구 중동 2-2번지,16263,37.2751220691,127.0160327278,,201349.555455064,419240.491644183,,000
인계종합동물병원,20140114,0002,폐업,20191205,031-223-7590,94.1,16488,"경기도 수원시 팔달구 효원로307번길 87, 102동 101호 (인계동, 한화 꿈에그린 효원)",경기도 수원시 팔달구 인계동 1116-4 한화 꿈에그린 효원 102동 101호,16488,37.2647932771,127.036602425,,203176.825364318,418093.594516366,,000
주주동물병원,20140331,0002,폐업,20160502,031-217-7570,166.65,16531,"경기도 수원시 영통구 중부대로 250-1, 1층 (매탄동)",경기도 수원시 영통구 매탄동 153-31,16531,37.2746347395,127.0431068217,,203752.626090002,419188.169046633,,000
24시 숨 동물병원,20140527,0002,폐업,20170718,031-548-2475,0,16571,"경기도 수원시 권선구 권선로 715, 1층 (권선동)",경기도 수원시 권선구 권선동 1022-7 1층,16571,37.2587264608,127.0296364511,,202556.937357192,417421.935882249,,000
웰니스클리닉 T 수원점,20140811,0002,폐업,20201030,031-548-2582,0,16682,"경기도 수원시 영통구 삼성로 2, 2층 (신동, 이마트트레이더스 수원점)",경기도 수원시 영통구 신동 941번지 이마트트레이더스 수원점 2층,16682,37.2461087859,127.048646153,,204246.15796254,416018.208911536,,000
24시삼성동물의료센터,20140924,0002,폐업,20220617,031-206-7512,206.4,16698,경기도 수원시 영통구 덕영대로 1509 (영통동),경기도 수원시 영통구 영통동 979-4,16698,37.2461454235,127.0559523511,,204893.089110681,416027.58740846,,000
도그스타 동물병원,20141014,0002,폐업,20181031,,0,16604,경기도 수원시 권선구 금호로 258 (탑동),경기도 수원시 권선구 탑동 5-29,16604,37.2757819009,126.9782639705,,198001.905311554,419311.107155948,,000
위즈펫 동물병원 수원역점,20141124,0002,폐업,20180214,80674010,0,16621,경기도 수원시 권선구 세화로 134 (서둔동),경기도 수원시 권선구 서둔동 296-77 롯데마트 펫가든 3층,16621,37.2641013965,126.9973705173,,199673.378589066,418025.547756245,,000
카페거리동물병원동행,20150318,0002,폐업,20151202,,140.78,16506,경기도 수원시 영통구 센트럴파크로127번길 32 (이의동),경기도 수원시 영통구 이의동 1306-15번지,16506,37.2949957691,127.0545596753,,204767.351844743,421448.140577151,,000
다솔동물병원,20150721,0002,폐업,20171215,031-268-0787,0,16336,"경기도 수원시 장안구 이목로 24, 603동 106호 (정자동, 수원sk뷰)",경기도 수원시 장안구 정자동 945 수원sk뷰 603동 106호,16336,37.3057762966,126.9856285067,,198599.340949953,422793.723995083,,000
쿨펫동물병원 광교이마트점,20150821,0002,폐업,20170601,,0,16226,경기도 수원시 영통구 광교로 191 (이의동),경기도 수원시 영통구 이의동 1240,16226,37.2963728697,127.0469017985,,204159.790041271,421622.575799907,,000
에이스동물병원,20100721,0002,폐업,20161230,,0,,경기도 화성시 동탄구 동탄문화센터로 65,경기도 화성시 동탄구 반송동  107-3 에이스타운 134호,18455,37.1999827635,127.0725959886,,206363.768065387,410902.244612812,,000
퍼스트동물병원,20120925,0002,폐업,20150525,031-8003-7596,0,18436,"경기도 화성시 동탄구 외삼미로 166, 2층 (반송동)",경기도 화성시 동탄구 반송동  76-1 2층,18436,37.1994743543,127.0617361226,,205410.585517593,410845.3356826,,000
쿨펫동물병원(동탄점),20121128,0002,폐업,20140407,80155413,,18451,"경기도 화성시 동탄구 동탄중앙로 376 (석우동, 이마트)",경기도 화성시 동탄구 석우동  44 이마트,18451,37.2144396098,127.0796825662,,207005.769592372,412503.434111401,,000
리더스 동물병원,20160120,0002,폐업,20200113,,0,18476,경기도 화성시 동탄구 동탄대로시범길 148-22 (청계동),경기도 화성시 동탄구 청계동  535-6 30통1반 연세프라자 508호,18476,37.2004884201,127.1149065641,,210128.213563089,410963.227069751,,000
쿨펫동물병원(동탄점),20160226,0002,폐업,20170327,,,18451,"경기도 화성시 동탄구 동탄중앙로 376 (석우동, 화성 동탄 이마트)",경기도 화성시 동탄구 석우동  44,18451,37.2144396098,127.0796825662,,207005.769592372,412503.434111401,,000
스마트동물병원(동탄점),20160601,0002,폐업,20181231,031-8003-7596,,18434,"경기도 화성시 동탄구 동탄지성로 112, 105호 (반송동)",경기도 화성시 동탄구 반송동  41-6,18434,37.2088181193,127.0631471626,,205536.777108235,411884.69431858,,F00
루시독 동물병원,20161027,0002,폐업,20181228,,,18472,"경기도 화성시 동탄구 동탄순환대로 701, 107호 (영천동)",경기도 화성시 동탄구 영천동  678-3,18472,37.2071250952,127.1101058244,,209702.700743795,411700.00970635,,000
베테랑동물병원,20201212,0002,폐업,20211004,,,18501,"경기도 화성시 동탄구 동탄순환대로 245, 성민리치타워(SMP) 2층 (산척동)",경기도 화성시 동탄구 산척동  724-4,18501,37.1696077654,127.1181947058,,210426.980564975,407536.8534743,,000
마루동물병원,20081017,0002,폐업,20180504,80037522,0,,경기도 화성시 동탄구 동탄반석로 212,경기도 화성시 동탄구 반송동  86-2 센타타워 102호,18453,37.2072323919,127.0732425494,,206429.727035268,411708.586110081,,000
쿨펫동물병원(동탄점),20090806,0002,폐업,20121031,,0,,경기도 화성시 동탄구 동탄중앙로 376,경기도 화성시 동탄구 석우동  44 이마트동탄점 1층,18451,37.2144396098,127.0796825662,,207005.769592372,412503.434111401,,000
길명동물병원,20110412,0002,폐업,20140303,031-223-7815,179,,,경기도 화성시 병점구 진안동  43-1 마동 3층,18387,37.2251948942,127.0343085753,,202976.994630042,413715.788308381,,000
헬로우 펫 동물병원,20111026,0002,폐업,20170904,031-237-1555,0,,경기도 화성시 병점구 효행로 1068,경기도 화성시 병점구 병점동  844-5 리더스프라자 101호,18405,37.2147218625,127.0438966554,,203811.08404256,412529.901991526,,000
다나동물병원,20130808,0002,폐업,20141216,,,18358,경기도 화성시 병점구 효행로 811 (송산동),경기도 화성시 병점구 송산동  98-51,18358,37.2060024858,127.018142323,,201538.154584466,411572.785695191,,000
24시 고덕동물의료센터,20220713,0002,폐업,20241016,1833-3339,,18014,"경기도 평택시 고덕중앙로 218, 우성메디컬센터  207~211호 (고덕동)",경기도 평택시 고덕동 1975-1,18014,37.0479010609,127.0449642493,,203929.10415398,394024.031563431,,000
다정동물병원,20150313,0002,폐업,20230515,,0,18417,"경기도 화성시 병점구 10용사로 219, 병점 성호 아파트 (병점동)",경기도 화성시 병점구 병점동  501-1 병점 성호 아파트,18417,37.1999143346,127.042216617,,203680.884568316,410894.681701354,,000
이리온 동물병원(병점점),20150322,0002,폐업,20181130,031-226-7582,,18412,"경기도 화성시 병점구 경기대로 985, 2층 (병점동)",경기도 화성시 병점구 병점동  399-4,18412,37.2037240986,127.0367619429,,203188.196856075,411313.309756104,,000
갤럭시펫 동물병원,20151028,0002,폐업,20200430,,0,18384,경기도 화성시 병점구 영통로 23 (반월동),경기도 화성시 병점구 반월동  135-10,18384,37.2327814913,127.064260282,,205633.076263926,414541.181025704,,000
동탄동물병원,20071214,0002,폐업,20080715,,0,,경기도 화성시 동탄구 동탄중심상가1길 9,경기도 화성시 동탄구 반송동  104-11 월드프라자 110,18455,37.2005396303,127.0720406896,,206320.322489903,410965.914192926,,000
성은동물병원,20080613,0002,폐업,20110407,80035999,0,,경기도 화성시 동탄구 노작로4길 8,경기도 화성시 동탄구 반송동  130-1 스카이뷰빌딩 106호,18459,37.1967104405,127.0775610831,,206815.716001795,410542.36823571,,000
에이스동물병원,20080624,0002,폐업,20100720,80030079,0,18455,"경기도 화성시 동탄구 동탄문화센터로 65, 134호 (반송동)",경기도 화성시 동탄구 반송동  107-3 에이스타운 134호,18455,37.1999827635,127.0725959886,,206363.768065387,410902.244612812,,000
중앙가축병원,19890302,0002,폐업,20050202,,21.22,,,경기도 오산시 오산동 324,18136,,,,,,,000
25시 종합동물병원,20030725,0002,폐업,20241226,,245,18135,경기도 오산시 성호대로 97 (오산동),경기도 오산시 오산동 869-36,18135,37.1490246792,127.0722072807,,206349.417716353,405250.54816901,,000
쥬만지 동물병원,20060608,0002,폐업,20220110,031-374-0275,59.6,,경기도 오산시 청학로 109 (궐동),경기도 오산시 궐동 586-13,18118,37.1589386254,127.0643465974,,205642.976722718,406348.56593673,,000
튼튼 동물병원,20101018,0002,폐업,20130627,031-372-8333,0,18120,경기도 오산시 궐리사로 69 (궐동),경기도 오산시 궐동 632-2,18120,37.1588960253,127.0601347168,,205273.637200392,406347.194120753,,000
저스트 벳 동물병원,20110111,0002,폐업,20140123,031-378-1514,95,,"경기도 오산시 원동로 6, 105~106호 (원동,파크스퀘어)",경기도 오산시 원동 841 파크스퀘어 105~106호,18143,37.1420473945,127.0696230257,,206118.273622077,404474.595570101,,000
튼튼동물병원,20130703,0002,폐업,20200130,031-372-8333,0,18120,경기도 오산시 궐리사로 69 (궐동),경기도 오산시 궐동 632-2,18120,37.1588960253,127.0601347168,,205273.637200392,406347.194120753,,000
즐거운 동물병원,20051118,0002,폐업,20150331,,43.2,,"경기도 용인시 수지구 성복2로 100, 113호 (성복동,예반프라자)",경기도 용인시 수지구 성복동 162-2 예반프라자 113호,16850,37.3154794545,127.0752947852,,206620.012854602,423723.245989773,,000
힐링동물병원,20141216,0002,폐업,20150715,031-378-8219,12.8,18109,"경기도 오산시 여계산로 21 (금암동, 휴먼시아 데시앙APT 단지내상가 104호)",경기도 오산시 금암동 515,18109,37.1720871807,127.0443670662,,203810.966578052,407786.723857656,,000
수청동물병원,20150715,0002,폐업,20180518,031-373-8219,38.64,18110,경기도 오산시 수청로 30-13 (내삼미동),경기도 오산시 내삼미동 861-16,18110,37.1732891476,127.0594880701,,205204.574551021,407940.750732171,,000
88동물의료원 오산지점 중성화수술센터,20151111,0002,폐업,20160112,031-377-8875,213.96,18151,"경기도 오산시 동부대로 320 (갈곶동, 명품한우)",경기도 오산시 갈곶동 347,18151,37.1307047587,127.078873953,,206950.342884286,403210.498674656,,000
오산 영원 동물병원,20160114,0002,폐업,20171101,031-377-8875,213.96,18151,경기도 오산시 동부대로 320 (갈곶동),경기도 오산시 갈곶동 347,18151,37.1307047587,127.078873953,,206950.342884286,403210.498674656,,000
서울동물병원,19960306,0002,폐업,20250124,031-313-6109,22.68,14904,"경기도 시흥시 수인로 3390, 지하1층 (신천동)",경기도 시흥시 신천동 713-16,14904,37.4417804809,126.7824154918,,180675.845648624,437759.497940969,,000
베테랑동물병원,20200810,0002,폐업,20201030,,0,17064,"경기도 용인시 기흥구 중부대로 376, 206호 (신갈동)",경기도 용인시 기흥구 신갈동 68-6 206호,17064,37.2714630186,127.1088719698,,209589.131017061,418838.395858795,,000
서해동물병원,19990423,0002,폐업,20170222,031-498-7582,0,,"경기도 시흥시 중심상가로 146 (정왕동,한일프라자1층)",경기도 시흥시 정왕동 1731-1 한일프라자1층,15036,37.3467038502,126.7320525562,,176178.31945847,427223.954898429,,000
애견종합동물병원,19990614,0002,폐업,20041213,,0,,경기도 시흥시 대야로 4,경기도 시흥시 대야동 490-5,14909,37.4441637718,126.7889947589,,,,,000
정왕동물병원,19990713,0002,폐업,20031021,,0,,경기도 시흥시 함송로13번길 16-8,경기도 시흥시 정왕동 1881-1    고려프라자105호,15020,37.3643510855,126.731816276,,,,,000
LG 펫월드,20010305,0002,폐업,20040504,,0,,,경기도 시흥시 정왕동 공단지원시설 2구역 3나 802-1,15119,,,,,,,000
보람동물병원,20011103,0002,폐업,20070802,031-497-7585,0,,경기도 시흥시 정왕천로369번길 62-1 (정왕동),경기도 시흥시 정왕동 1580,15057,37.3450589211,126.7439576098,,177242.393744941,427033.298036117,,000
제이동물병원,20090122,0002,폐업,20100915,,107.8,,경기도 용인시 기흥구 신구로12번길 32,경기도 용인시 기흥구 신갈동 66-5,17064,37.274621445,127.112690695,,209924.730587183,419191.433042484,,000
시흥동물병원,20021212,0002,폐업,20220919,031-313-7780,0,,경기도 시흥시 호현로 40 (대야동),경기도 시흥시 대야동 495,14909,37.4439972677,126.7852996586,,180929.911708589,438004.333813164,,000
우리들종합동물병원,20020524,0002,폐업,20181026,,89.67,,경기도 시흥시 정왕대로 78 (정왕동),경기도 시흥시 정왕동 1861-8,15040,37.3532919711,126.7250075078,,175566.862699337,427950.088902739,,000
건국종합 동물병원,20060508,0002,폐업,20180202,,0,,경기도 성남시 중원구 시민로 117 (성남동),경기도 성남시 중원구 성남동 2026,13358,37.4387205805,127.1450130757,,212761.400949756,437409.286993622,,000
에코바이오,20060901,0002,폐업,20100105,,65.8,,경기도 성남시 중원구 산성대로420번길 3 (금광동),경기도 성남시 중원구 금광동 4605,13170,37.4493269181,127.1593778538,,214031.955835944,438586.160786478,,000
메리알 동물병원,20180517,0002,폐업,20190114,031-816-7879,0,10449,"경기도 고양시 일산동구 호수로 358-25, 동문타워II 1016호 (백석동)",경기도 고양시 일산동구 백석동 1324 동문타워II,10449,37.6399272494,126.7861697718,,181044.663767492,459762.271864032,,000
현대동물병원,20181121,0002,폐업,20250509,,0,10339,"경기도 고양시 일산서구 고봉로 317, 1층 (일산동)",경기도 고양시 일산서구 일산동 573,10339,37.6875067131,126.7770602722,,180268.401484211,465036.886425374,,000
경서동물병원,20181210,0002,폐업,20230711,02-3158-0733,0,10538,"경기도 고양시 덕양구 중앙로 136, 102호 (화전동)",경기도 고양시 덕양구 화전동 219-14,10538,37.6007975532,126.8729125528,,188707.207787862,455391.523672932,,000
미래동물병원,20190118,0002,폐업,20210820,,0,10233,"경기도 고양시 일산서구 탄중로 111, 양우로데오메인타운2 C동 104호 (덕이동)",경기도 고양시 일산서구 덕이동 263-19 양우로데오메인타운,10233,37.6932051649,126.7570987892,,178527.763301119,465638.309280145,,000
아프리카동물병원,20141001,0002,폐업,20150210,032-666-1245,0,14572,경기도 부천시 원미구 원미로57번길 30 (원미동),경기도 부천시 원미구 원미동 199-21번지,14572,37.4888150304,126.7886961769,,181242.630262591,442978.713351483,,000
BOSS동물병원,20150226,0002,폐업,20161128,032-322-7505,81,14542,경기도 부천시 원미구 길주로 129 (상동),경기도 부천시 원미구 상동 538-6번지,14542,37.5060962764,126.7568751923,,178431.895435095,444903.33287479,,000
보스동물병원,20161130,0002,폐업,20191224,032-322-7505,81,14542,"경기도 부천시 원미구 길주로 129, 대신스카이빌 (상동)",경기도 부천시 원미구 상동 538-6 대신스카이빌,14542,37.5060962764,126.7568751923,,178431.895435095,444903.33287479,,000
쓰담동물병원,20170512,0002,폐업,20230330,032-329-7599,0,14546,"경기도 부천시 원미구 소향로 131, 일신빌딩 (중동)",경기도 부천시 원미구 중동 1161-3 일신빌딩,14546,37.5024261511,126.7623647291,,178916.198669217,444493.608508541,,000
소사동물병원,20180720,0002,폐업,20191014,032-348-4546,0,14769,"경기도 부천시 소사구 소사로 140, 1층 (소사본동)",경기도 부천시 소사구 소사본동 230-18,14769,37.4707877023,126.7961725656,,181897.477054664,440975.249870677,,000
옥길H동물병원,20200821,0002,폐업,20210407,032-342-0204,0,14786,"경기도 부천시 소사구 양지로 208, 지음프라자 (옥길동)",경기도 부천시 소사구 옥길동 745-7 지음프라자,14786,37.4672636499,126.8240014993,,184358.461775744,440580.195376939,,000
광장동물병원,20220831,0002,폐업,20230930,070-8656-1500,0,13640,"경기도 성남시 수정구 위례광장로 300, 101호 (창곡동)",경기도 성남시 수정구 창곡동 509 101호,13640,37.4734793704,127.1426886465,,212556.476317272,441263.937106941,,000
K-9 종합동물병원(철산점),19940414,0002,폐업,20160414,26877582,38.9,,경기도 광명시 오리로 855 (철산동),경기도 광명시 철산동 480,14250,37.4746435114,126.866516735,,188122.710959471,441393.115750413,,000
탑 동물병원,20100713,0002,폐업,20200410,,0,10516,"경기도 고양시 덕양구 행당로 2, 가남프라자 108호 (토당동)",경기도 고양시 덕양구 토당동 882 가남프라자 108호,10516,37.6198384636,126.8247640338,,184462.338476214,457514.185162017,,000
주암동물병원,19970116,0002,폐업,20031201,,0,,경기도 과천시 경마공원대로 107,경기도 과천시 주암동 685,13822,37.4412015528,127.0160955856,,201414.290510998,438412.741689539,,000
구리 안심 동물병원,20070619,0002,폐업,20201030,,122.1,11945,경기도 구리시 벌말로 188 (토평동),경기도 구리시 토평동 997,11945,37.5931403775,127.1506695798,,213238.665524854,454546.907954638,,000
미사라온동물병원,20160613,0002,폐업,20190820,,0,12909,"경기도 하남시 미사강변대로226번길 14, 102호 (망월동, 예스프라자13)",경기도 하남시 망월동 970,12909,37.5696929563,127.1847170608,,216246.770160009,451947.917361139,,000
K-9종합동물병원(하안점),19911025,0002,폐업,20160630,,27.1,,"경기도 광명시 하안로 310 (하안동,다래빌딩 103)",경기도 광명시 하안동 33-1 다래빌딩 103,14247,37.4632413132,126.879445722,,189265.065083074,440127.501618266,,000
부부동물병원,19950110,0002,폐업,20040204,26842218,22,14290,경기도 광명시 광명로 849 (광명동),경기도 광명시 광명동 293-31,14290,37.4751188386,126.8521367393,,186852.738116438,441448.084747354,,000
소하동물병원,19980624,0002,폐업,20171101,,33,14333,경기도 광명시 오리로 375 (소하동),경기도 광명시 소하동 920-5,14333,37.4359289607,126.8792304602,,189243.461614965,437092.969705923,,000
굿모닝동물병원,20010327,0002,폐업,20150501,26835638,93,,경기도 광명시 오리로 923 (광명동),경기도 광명시 광명동 158-235,14264,37.4774709971,126.8603387331,,187576.927250404,441709.047751898,,000
동물나라동물병원,20030716,0002,폐업,20180122,,44.01,,"경기도 광명시 범안로 1030 (하안동,103호)",경기도 광명시 하안동 296-3 103호,14305,37.4612136774,126.8778115892,,189123.904912379,439900.427265241,,000
애견나라 종합동물병원,20031020,0002,폐업,20040113,02-2616-0909,42.34,,경기도 광명시 광복로 45-1 (광명동),경기도 광명시 광명동 6-87,14205,37.4891535924,126.8638701696,,187889.095833292,442984.528702383,,000
애견나라 동물병원,20040203,0002,폐업,20040519,02-2616-0909,42.34,14205,경기도 광명시 광복로 45-1 (광명동),경기도 광명시 광명동 6-87,14205,37.4891535924,126.8638701696,,187889.095833292,442984.528702383,,000
철산동물병원,20040429,0002,폐업,20180725,20600818,0,,"경기도 광명시 철산로30번길 24 (철산동,철산상업지구 서울종합빌딩1층)",경기도 광명시 철산동 434 철산상업지구 서울종합빌딩1층,14240,37.4744653193,126.8696267948,,188397.777556365,441371.366015611,,000
애견나라 동물병원,20040608,0002,폐업,20040917,26120909,0,,경기도 광명시 광복로 45-1 (광명동),경기도 광명시 광명동 6-87,14205,37.4891535924,126.8638701696,,187889.095833292,442984.528702383,,000
마루동물병원,20040806,0002,폐업,20081107,26180075,0,14291,경기도 광명시 광명로 841 (광명동),경기도 광명시 광명동 290-14,14291,37.4743231402,126.8516799215,,186812.00600677,441358.410644991,,000
SUN동물병원,20150904,0002,폐업,20200103,031-234-5550,0,16670,"경기도 수원시 권선구 곡선로 37, 1층 (곡반정동)",경기도 수원시 권선구 곡반정동 558-2 1층,16670,37.2393793777,127.0288547509,,202489.223716305,415275.875508133,,000
더독앤캣 클리닉,20151110,0002,폐업,20170523,031-245-2419,102.96,16262,"경기도 수원시 팔달구 중부대로7번길 2, 2층 (영동)",경기도 수원시 팔달구 영동 44-9 2층,16262,37.2753541784,127.017689354,,201498.317413839,419265.246937639,,000
늘푸른 동물병원,20160414,0002,폐업,20210406,031-245-7707,105.5,16340,"경기도 수원시 장안구 파장로 59, 1층 (정자동)",경기도 수원시 장안구 정자동 429-1,16340,37.3055959197,126.9939687428,,199390.342598491,422621.408712325,,000
돌봄동물병원,20160503,0002,폐업,20210813,031-217-7570,166.65,16531,"경기도 수원시 영통구 중부대로 250-1, 1층 (매탄동)",경기도 수원시 영통구 매탄동 153-31,16531,37.2746347395,127.0431068217,,203752.626090002,419188.169046633,,000
다솔동물병원,20171218,0002,폐업,20210329,031-268-0787,,16336,"경기도 수원시 장안구 이목로 24, 603동 106호 (정자동, 수원 SK SKY VIEW)",경기도 수원시 장안구 정자동 945 수원 SK SKY VIEW 603동 106호,16336,37.3057762966,126.9856285067,,198599.340949953,422793.723995083,,000
팜씨큐 동물병원,20180831,0002,폐업,20191226,,,16615,"경기도 수원시 권선구 상탑로 132-10, 202호 (서둔동)",경기도 수원시 권선구 서둔동 107-1 202호,16615,37.2705056335,126.985789593,,198669.841471681,418728.093758338,,000
도그스타 동물병원,20181101,0002,폐업,20200423,031-291-8896,118.2,16402,"경기도 수원시 권선구 호매실로218번길 124, 202(일부)호 (호매실동)",경기도 수원시 권선구 호매실동 1375-1,16402,37.2661239298,126.961255301,,196493.875553333,418242.478823339,,000
경기 동물 영상 센터,20190319,0002,폐업,20231120,,165.67,16310,"경기도 수원시 장안구 송정로 114, 2층(일부) (조원동)",경기도 수원시 장안구 조원동 675-2,16310,37.2953777559,127.0098103525,,200796.381448972,421488.678344935,,000
도그스타 동물병원,20200507,0002,폐업,20201111,031-291-8896,127.2,16402,"경기도 수원시 권선구 호매실로218번길 124, 202(일부)호 (호매실동)",경기도 수원시 권선구 호매실동 1375-1,16402,37.2661239298,126.961255301,,196493.875553333,418242.478823339,,000
모란동물병원,19880708,0002,폐업,20120814,,0,13365,경기도 성남시 중원구 성남대로1130번길 3 (성남동),경기도 성남시 중원구 성남동 3504,13365,37.4307238232,127.1298031031,,211422.538117737,436518.612092878,,000
초이동물병원,19910611,0002,폐업,20120814,,0,,경기도 성남시 수정구 시민로 159 (신흥동),경기도 성남시 수정구 신흥동 5168,13340,37.4423112128,127.143074308,,212589.298719482,437807.161407703,,000
분당동물병원,19930701,0002,폐업,20241230,,0,13567,"경기도 성남시 분당구 양현로 126, 미림프라자 104호 (이매동)",경기도 성남시 분당구 이매동 115-1 미림프라자 104호,13567,37.3950252451,127.1256291607,,211053.919223385,432555.048641577,,000
25시 동물병원,19950221,0002,폐업,20180507,,0,,경기도 성남시 중원구 산성대로504번길 1 (은행동),경기도 성남시 중원구 은행동 1589,13157,37.4560344137,127.1629769215,,214348.273699787,439331.909547066,,000
비엔나 동물병원,19950703,0002,폐업,20080528,,0,,경기도 성남시 수정구 시민로205번길 34,경기도 성남시 수정구 태평동 3307-150,13289,37.4452791992,127.1379615709,,,,,000
이동훈동물병원,19960127,0002,폐업,20090310,,0,,"경기도 성남시 중원구 희망로 312 (상대원동,1층)",경기도 성남시 중원구 상대원동 1977 1층,13225,37.4340580163,127.1594922736,,214044.734937774,436892.658958017,,000
야탑 동물병원,19960817,0002,폐업,20080416,,0,,경기도 성남시 분당구 매화로 50,경기도 성남시 분당구 야탑동 290-4,13504,37.4119437647,127.1341670076,,,,,000
캐비어 동물병원,19961001,0002,폐업,20040105,,0,,경기도 성남시 중원구 시민로118번길 48 (중앙동),경기도 성남시 중원구 중앙동 745,13250,37.4408437378,127.1497738073,,213184.522973599,437643.561140352,,000
연세종합동물병원,19970307,0002,폐업,20040805,,0,,경기도 성남시 중원구 광명로 341 (금광동),경기도 성남시 중원구 금광동 3661,13177,37.446049261,127.1636887306,,214413.274388095,438223.283606766,,000
블루힐 동물병원,19980513,0002,폐업,20070718,,0,,경기도 성남시 분당구 황새울로258번길 43,경기도 성남시 분당구 수내동 6-9    현대수내프라자,13595,37.3783172057,127.1154901441,,,,,000
평촌충현동물병원,20001115,0002,폐업,20080331,,29.58,,"경기도 안양시 동안구 시민대로 175 (비산동,동안플라자 120)",경기도 안양시 동안구 비산동 1108-1 동안플라자 120,14048,37.3913481604,126.9504190556,,195539.395988958,432140.14845589,,000
화성동물병원,20001130,0002,폐업,20101214,,28.38,14043,경기도 안양시 동안구 달안로 61 (비산동),경기도 안양시 동안구 비산동 1101-2 한양스포츠센타 109호,14043,37.395840071,126.9491435145,,195409.331231444,432714.355693554,,000
펫플러스동물병원,20060906,0002,폐업,20070820,,0,,경기도 성남시 분당구 정자일로 220,경기도 성남시 분당구 정자동 14-1    동양파라곤상가2단지 104호,13555,37.3694270304,127.1064892014,,,,,000
태평역동물병원,20070124,0002,폐업,20120703,,0,,"경기도 성남시 수정구 성남대로 1238, 104호 (태평동)",경기도 성남시 수정구 태평동 6513 104호,13311,37.4403182788,127.1281619182,,211272.505424926,437585.571978087,,000
펫플러스 동물병원,20070502,0002,폐업,20070803,,0,,경기도 성남시 분당구 느티로 16,경기도 성남시 분당구 정자동 17-1    젤존타워 117호,13558,37.3681645175,127.1063150979,,,,,000
함께 행복한 동물병원,20070723,0002,폐업,20120220,,0,,,경기도 성남시 분당구 수내동 8-9    수내프자자 315호,13595,,,,,,,000
펫플러스 동물병원,20070803,0002,폐업,20070820,,0,,"경기도 성남시 분당구 느티로 16, 117호 (정자동,젤존타워)",경기도 성남시 분당구 정자동 17-1 젤존타워 117호,13558,37.3681645175,127.1063150979,,209344.872072563,429572.831324256,,000
건국동물병원,20070816,0002,폐업,20090629,,0,,경기도 성남시 수정구 수정로 131 (태평동),경기도 성남시 수정구 태평동 3659,13305,37.4420602457,127.1346874132,,211845.269218287,437775.729346423,,000
태평동물병원,20070817,0002,폐업,20080707,,0,,경기도 성남시 수정구 탄리로 94 (태평동),경기도 성남시 수정구 태평동 3469,13291,37.444252568,127.1353324461,,211906.423181217,438019.346426453,,000
우리들동물병원,20070817,0002,폐업,20080402,,0,,경기도 성남시 중원구 산성대로 322-2 (중앙동),경기도 성남시 중원구 중앙동 443,,37.4421485768,127.1519618636,,213377.889369896,437788.614694426,,000
펫플러스 동물병원,20070824,0002,폐업,20090323,,0,,경기도 성남시 분당구 느티로 16,경기도 성남시 분당구 정자동 17-1    젤존타워 117호,13558,37.3681645175,127.1063150979,,,,,000
프로동물병원,20070913,0002,폐업,20100920,,0,,경기도 성남시 분당구 판교로 446,경기도 성남시 분당구 이매동 131-8    그린프라자  103호,13523,37.4051134371,127.1233530424,,,,,000
서현동물병원,20071221,0002,폐업,20091109,,0,,"경기도 성남시 분당구 중앙공원로31번길 42, 142호 (서현동,서현파크프라자)",경기도 성남시 분당구 서현동 89 서현파크프라자 142호,13588,37.3830995869,127.1254964279,,211043.779309531,431230.68949626,,000
상대원동물병원,20080111,0002,폐업,20110222,,0,,경기도 성남시 중원구 희망로 326 (상대원동),경기도 성남시 중원구 상대원동 2051,13242,37.4349023278,127.1584598185,,213954.108757341,436985.9504117,,000
해피챠피 동물병원,20080403,0002,폐업,20100210,,0,,경기도 성남시 분당구 야탑로111번길 5-1 (야탑동),경기도 성남시 분당구 야탑동 368-7,13505,37.4099958636,127.1309673151,,211524.417400644,434220.015207004,,000
우리들,20080403,0002,폐업,20090629,,0,,경기도 성남시 중원구 산성대로 322-2 (중앙동),경기도 성남시 중원구 중앙동 443,,37.4421485768,127.1519618636,,213377.889369896,437788.614694426,,000
분당아마존동물병원,20080630,0002,폐업,20190110,,0,13607,"경기도 성남시 분당구 내정로 58, 스포라이프 스포츠센타 107호 (정자동)",경기도 성남시 분당구 정자동 117-1 스포라이프 스포츠센타 107호,13607,37.3653635126,127.1152287526,,210134.637941368,429264.635322598,,000
태평 동물병원,20081203,0002,폐업,20110111,031-755-9429,0,,경기도 성남시 수정구 탄리로 88-2 (태평동),경기도 성남시 수정구 태평동 3474,13291,37.4437665327,127.1355609041,,211927.015697043,437967.873909109,,000
엘앰시 동물병원,20090309,0002,폐업,20230725,,122.64,13207,"경기도 성남시 중원구 사기막골로 124, 비즈동 912호 (상대원동, SK테크노파크)",경기도 성남시 중원구 상대원동 190-1 SK테크노파크 비즈동 912호,13207,37.440571342,127.1774934154,,215657.504440664,437557.61664539,,000
이동훈 동물병원,20090312,0002,폐업,20120307,,0,,경기도 성남시 분당구 야탑로111번길 5-1 (야탑동),경기도 성남시 분당구 야탑동 368-7,13505,37.4099958636,127.1309673151,,211524.417400644,434220.015207004,,000
내사랑 동물병원,20090715,0002,폐업,20171025,,0,,"경기도 성남시 분당구 중앙공원로40번길 8, 156동 (서현동,현대상가)",경기도 성남시 분당구 서현동 94 현대상가 156동,,,,,211462.754186616,430856.274957711,,000
봄내동물병원,20251208,0002,폐업,20260316,,69.04,14500,"경기도 부천시 원미구 평천로669번길 9, 1층 (약대동)",경기도 부천시 원미구 약대동 182-57,14500,37.5155033436,126.7650422938,,179157.308817963,445945.563148826,,000
테오종합동물병원,20060110,0002,폐업,20070808,,65,,경기도 여주시 세종로79번길 12-15,경기도 여주시 홍문동 272-17,12631,37.289815248,127.6363309667,,256354.099999999,421061.17,,000
페트리아 애견 종합동물병원,20070308,0002,폐업,20091230,031-886-7583,39.7,,,경기도 여주시 천송동 231-1 A동 2호,12636,37.3020043526,127.6630841716,,258717.687834124,422428.527292327,,000
테오종합동물병원,20070810,0002,폐업,20080818,031-883-0279,65,,경기도 여주시 세종로79번길 12-15,경기도 여주시 홍문동 272-17,12631,37.289815248,127.6363309667,,256354.099999999,421061.17,,000
테오종합동물병원,20080822,0002,폐업,20100105,031-883-0279,120,,경기도 여주시 세종로 18-1,경기도 여주시 홍문동 35,12622,37.2962422126,127.6363312817,,256351.288108837,421772.590479693,,000
가남동물병원,19660214,0002,폐업,20130314,,23.2,,경기도 여주시 가남읍 태평2길 14,경기도 여주시 가남읍 태평리 104,12662,37.2032412946,127.5471384311,,248498.406096458,411404.264389362,,000
정일동물병원,19900420,0002,폐업,20031128,,18.5,,경기도 여주시 가남읍 태평로 56,경기도 여주시 가남읍 태평리 172,12662,37.2048470166,127.5439953007,,248237.318819428,411574.068111715,,000
백산동물병원,20010504,0002,폐업,20090504,,6.8,,경기도 여주시 청심로 99,경기도 여주시 하동 394-8,12619,37.2995557717,127.6315305393,,,,,000
중부가축병원,20030221,0002,폐업,20030507,,0,,경기도 여주시 가남읍 경충대로 1297,경기도 여주시 가남읍 태평리 157-1,12662,37.203342056,127.5429125977,,248117.152343349,411420.894253094,,000
강남동물병원,20030221,0002,폐업,20030317,,49.47,,경기도 여주시 여양로 51,경기도 여주시 상동 371,12630,37.2910999643,127.639999975,,256680.598475828,421201.484391364,,000
새소망 애견종합 동물병원,20040413,0002,폐업,20050822,,33.44,,경기도 여주시 청심로 185-1,경기도 여주시 상동 201-20,12620,37.2966697722,127.6406985571,,256737.693703235,421823.434002482,,000
테오종합동물병원,20040722,0002,폐업,20050310,,50,,경기도 여주시 세종로79번길 12-15,경기도 여주시 홍문동 272-17,12631,37.289815248,127.6363309667,,,,,000
테오동물병원,20050309,0002,폐업,20060106,,65,,경기도 여주시 세종로79번길 12-15,경기도 여주시 홍문동 272-17,12631,37.289815248,127.6363309667,,256354.099999999,421061.17,,000
한창동물병원,20020416,0002,폐업,20041231,,0,,경기도 포천시 신북면 호국로 2374,경기도 포천시 신북면 만세교리 220,11139,37.9581335333,127.2429744615,,221278.578768394,495074.944318572,,000
제일동물병원,19650901,0002,폐업,20030127,,0,,경기도 포천시 포천로 1589,경기도 포천시 신읍동 175,11145,37.8989766508,127.2027221118,,,,,000
서울우유협동조합포천진료소,19920416,0002,폐업,20101011,,0,,경기도 포천시 중앙로149번길 9,경기도 포천시 신읍동 192-8,11144,37.8996381486,127.2041298701,,217882.5062974,488574.868066572,,000
터미날동물병원,20030122,0002,폐업,20041231,,0,,경기도 포천시 영북면 영북로 171-1,경기도 포천시 영북면 운천리 511-8,11106,38.0895875057,127.2745251247,,224011.646403576,509674.344738522,,000
시온동물병원,20010522,0002,폐업,20071115,,9,,,경기도 포천시 소흘읍 송우리 494-1,11180,37.8229750982,127.1401695319,,,,,000
애견나라 동물종합병원,20040921,0002,폐업,20041108,02-2616-0909,297.27,14205,경기도 광명시 광복로 45-1 (광명동),경기도 광명시 광명동 6-87,14205,37.4891535924,126.8638701696,,187889.095833292,442984.528702383,,000
페가수스클리닉,20260225,0002,폐업,20260319,,,10020,"경기도 김포시 월곶면 김포대학로 30, 1층 102호",경기도 김포시 월곶면 포내리 131-2,10020,37.7249883486,126.5403202772,,159416.661114418,469273.651488823,,000
애견나라 동물병원,20041123,0002,폐업,20050513,02-2616-0909,42.34,14205,경기도 광명시 광복로 45-1 (광명동),경기도 광명시 광명동 6-87,14205,37.4891535924,126.8638701696,,187889.095833292,442984.528702383,,000
서현동물병원,20190724,0002,폐업,20200818,031-763-7622,19.51,12962,"경기도 하남시 신장로 70, 1층 (천현동)",경기도 하남시 천현동 194-23 1층,12962,37.5357940492,127.2097386682,,218470.987637787,448195.458389569,,000
서현동물병원,20200820,0002,폐업,20220520,031-763-7622,0,12962,"경기도 하남시 신장로 70, 1층 (천현동)",경기도 하남시 천현동 194-23,12962,37.5357940492,127.2097386682,,218470.987637787,448195.458389569,,000
참편한 동물병원,20210525,0002,폐업,20211126,031-792-1315,52.38,12919,"경기도 하남시 미사강변대로54번길 80, 메디포레 1층 101,102,103호 (풍산동)","경기도 하남시 풍산동 509-3 1층, 101,102,103호 메디포레",12919,37.5563653469,127.1894039027,,216666.785738183,450484.129995165,,000
인계종합동물병원,20100601,0002,폐업,,,93.82,16488,경기도 수원시 팔달구 효원로307번길 87 (인계동),경기도 수원시 팔달구 인계동 1116-4 꿈에그린 102동 101호,16488,37.2647932771,127.036602425,,203176.825364318,418093.594516366,,000
펫플러스 동물병원,20090416,0002,폐업,,,0,13558,"경기도 성남시 분당구 느티로 16, 젤존타워1 117호 (정자동)",경기도 성남시 분당구 정자동 17-1 젤존타워1 117호,13558,37.3681645175,127.1063150979,,209344.872072563,429572.831324256,,000
튼튼동물병원,20100320,0002,폐업,,,0,13522,"경기도 성남시 분당구 판교로 443, 중앙퍼지마트 101호 (야탑동)",경기도 성남시 분당구 야탑동 533-7 중앙퍼지마트 101호,13522,37.4057346565,127.1231239481,,210829.738772429,433746.144125071,,000
프라임 동물병원,20101004,0002,폐업,,80179975,0,,"경기도 성남시 분당구 운중로 118, 106호 (운중동,스타타워)",경기도 성남시 분당구 운중동 948 스타타워 106호,13466,37.3913786211,127.0760644532,,206665.253686911,432145.750723036,,000
Wellness Clinic 동물병원,20110324,0002,폐업,,,0,13605,경기도 성남시 분당구 불정로 134 (정자동),경기도 성남시 분당구 정자동 211,13605,37.3587980632,127.1197565645,,210542.529800466,428535.664844133,,000
태평역 동물병원,20120706,0002,폐업,,,38.3,13311,"경기도 성남시 수정구 성남대로 1238, 104호 (태평동, 삼능스페이스향)",경기도 성남시 수정구 태평동 6513 삼능스페이스향 104호,13311,37.4403182788,127.1281619182,,211272.505424926,437585.571978087,,000
동물병원루니,20130318,0002,폐업,,,203.85,13618,"경기도 성남시 분당구 미금로 251, 112,201,202,203호 (금곡동, 성원상가)","경기도 성남시 분당구 금곡동 143 성원상가1,2층",13618,37.3522474347,127.1094355687,,209687.824618329,427827.341314094,,000
열린펫동물병원,19990201,0002,폐업,,,0,,경기도 의정부시 태평로 52 (의정부동),경기도 의정부시 의정부동 94-6,11698,37.7370372657,127.0516407148,,204484.80585177,470504.222825581,,000
메디케어동물병원,20040227,0002,폐업,,,66.8,,경기도 부천시 원미구 부일로205번길 32,경기도 부천시 원미구 상동 412-1,14598,37.4898677456,126.7533370709,,178116.472342723,443102.709397873,,000
쿨펫동물병원 안산고잔점,20110203,0002,폐업,,,13.6,,"경기도 안산시 단원구 광덕대로 175 (고잔동,홈플러스 3층)",경기도 안산시 단원구 고잔동 707-2 홈플러스 3층,15471,37.3119141209,126.8289385051,,184766.070784522,423338.223688148,,000
튼튼동물병원,20020417,0002,폐업,,031-431-8775,83.93,15010,"경기도 시흥시 서울대학로278번길 19-13, 114~115호 (배곧동, 시흥배곧 C1블럭 호반 써밋플레이스 아파트)",경기도 시흥시 배곧동 191 시흥배곧 C1블럭 호반 써밋플레이스 아파트,,,,,175778.500048456,429887.847826116,,000
장곡종합동물병원,20090513,0002,폐업,,031-317-4567,52.24,,"경기도 시흥시 진말로19번길 16-1 (장곡동,(1층))",경기도 시흥시 장곡동 814-3 (1층),15002,37.3792701006,126.7837457162,,180776.400881136,430819.204097109,,000
한빛동물병원,20090714,0002,폐업,,031-264-1997,56.43,,"경기도 용인시 수지구 성복2로 114, 111호 (성복동,플러스메디칼센타)",경기도 용인시 수지구 성복동 129-1 플러스메디칼센타 111호,16851,37.3158968886,127.0735657162,,206444.574176723,423783.670257957,,000
서울동물병원,19790714,0002,폐업,,,248,,경기도 김포시 통진읍 김포대로 2307,경기도 김포시 통진읍 마송리 164-2,10031,37.6925510704,126.5904290983,,163803.333704767,465657.51946185,,000
한강동물병원,20131111,0002,폐업,,,0,10083,경기도 김포시 김포한강4로 113 (장기동),경기도 김포시 장기동 1609,10083,37.6439325991,126.6683606272,,170652.882151712,460238.765834813,,000
미사랑동물병원,20210716,0002,폐업,20250613,031-796-7570,41.8,12913,"경기도 하남시 미사강변중앙로 189, 에코브리지2 1층 105호 (망월동)","경기도 하남시 망월동 1098-1 에코브리지2, 1층 105호",12913,37.56327961,127.1897375359,,216691.27031106,451238.788261055,,000
페이지동물병원,20240709,0002,폐업,20250602,031-8027-0758,,12919,"경기도 하남시 미사강변대로 38, 위너스프라자 2층 203, 203-1호 (풍산동)",경기도 하남시 풍산동 522-3 위너스프라자,12919,37.5537508746,127.1857918529,,216347.651816719,450178.143304161,,000
퇴촌동물병원,20071001,0002,폐업,,,60,12711,경기도 광주시 퇴촌면 천진암로 447,경기도 광주시 퇴촌면 도수리 331-1,12711,37.4676075646,127.3190737499,,228158.981005897,440655.009513477,,000
쿨펫동물병원 여주점,20100413,0002,폐업,,,43.2,,경기도 여주시 세종로 151,경기도 여주시 홍문동 384-1 이마트 1층,12633,37.2842633963,127.635666647,,256448.248498212,420406.438944007,,000
강아지와고양이동물병원,20160119,0002,폐업,,031-883-5199,117.44,12615,경기도 여주시 북내면 강문로 117,경기도 여주시 북내면 가정리 458-1,12615,37.2991278087,127.6823611506,,260433.160780739,422119.232480029,,000
황수의사,19640415,0002,폐업,20060104,,30,,,경기도 용인시 처인구 이동면 송전리 593-9,17136,,,,,,,000
한일동물병원,19870120,0002,폐업,20050707,,0,,경기도 용인시 처인구 백옥대로 1089 (김량장동),경기도 용인시 처인구 김량장동 42-9,17063,37.2327564989,127.2088526829,,218468.84012831,414563.852294133,,000
하나동물병원,19881223,0002,폐업,20170625,,70.3,,경기도 용인시 처인구 백옥대로 1029 (남동),경기도 용인시 처인구 남동 26-3,17063,37.2276678096,127.2105856884,,218617.950249967,413991.317024499,,000
제일동물병원,19920122,0002,폐업,20240122,,0,,경기도 용인시 처인구 백암면 백암로201번길 24,경기도 용인시 처인구 백암면 백암리 415,17178,37.1652146215,127.3726223385,,233025.717845053,407105.410840652,,000
용인축협동물병원,19960208,0002,폐업,20140401,,0,,,경기도 용인시 처인구 김량장동 254-147,,,,,,,,000
현대동물병원,19980502,0002,폐업,20070222,,0,,경기도 용인시 기흥구 신갈로 45,경기도 용인시 기흥구 신갈동 71-12,17064,37.2707215227,127.1054469835,,,,,000
세브란스동물병원,19990712,0002,폐업,20100222,,0,16837,경기도 용인시 수지구 풍덕천로 135 (풍덕천동),경기도 용인시 수지구 풍덕천동 713-6,16837,37.3238103038,127.096478643,,208481.815506629,424648.678704879,,000
한솔동물병원,19991213,0002,폐업,20241220,,0,17166,경기도 용인시 처인구 원삼면 좌찬로 93,경기도 용인시 처인구 원삼면 좌항리 141-6,17166,37.2039257193,127.3203474213,,228371.510508771,411389.072938233,,000
용마동물병원,19991216,0002,폐업,20040409,,0,,경기도 용인시 처인구 이동읍 이원로 96,경기도 용인시 처인구 이동면 천리 66-7,17131,37.1874618583,127.2167443173,,,,,000
윤동물병원,20000308,0002,폐업,20171227,,126,17052,경기도 용인시 처인구 백옥대로 1132-1 (김량장동),경기도 용인시 처인구 김량장동 142-11,17052,37.2366688603,127.2089616512,,218470.698602471,415006.631935399,,000
감남동물병원,20010329,0002,폐업,20051122,,0,,,경기도 용인시 기흥구 신갈동 63-5,17064,,,,,,,000
가나안동물병원,20010329,0002,폐업,20200713,,118.4,16917,경기도 용인시 기흥구 구성로 21 (마북동),경기도 용인시 기흥구 마북동 370-5,16917,37.295117138,127.1120779205,,209869.244618923,421462.996942977,,000
LG동물병원,20011015,0002,폐업,20071023,,0,,,경기도 용인시 수지구 성복동 66-1,16858,,,,,,,000
이학호동물병원,20010820,0002,폐업,20160627,,0,,,경기도 용인시 수지구 상현동 99,16859,37.3081665887,127.0770850335,,206808.668372725,422987.532431283,,000
군포동물병원,20001228,0002,폐업,20040412,031-456-8136,56.44,,경기도 안양시 동안구 흥안대로 112-1 (호계동),경기도 안양시 동안구 호계동 968-20,14120,37.3699363818,126.9573289766,,196150.047677427,429756.989259983,,000
김종국동물병원,20010102,0002,폐업,20041125,,28.49,,경기도 안양시 만안구 안양로304번길 13 (안양동),경기도 안양시 만안구 안양동 674-65,13992,37.3997205475,126.9217846447,,,,,000
차동물병원,20010205,0002,폐업,20030331,,29.12,,경기도 안양시 만안구 안양로 244 (안양동),경기도 안양시 만안구 안양동 622-220,13996,37.3949591642,126.9250410191,,,,,000
좋은동물병원,20020528,0002,폐업,20040503,,31.59,13953,경기도 안양시 동안구 관악대로 164 (비산동),경기도 안양시 동안구 비산동 406 미륭아파트상가 202호,13953,37.3984946636,126.9424243288,,,,,000
유씨(U.C)동물병원,20030128,0002,폐업,20171124,031-465-0975,146.88,13991,경기도 안양시 만안구 안양로 358 (안양동),경기도 안양시 만안구 안양동 688-25,13991,37.4033523857,126.9179716442,,,,,000
안양애견동물병원,20030129,0002,폐업,20031110,031-423-4567,41.01,,"경기도 안양시 만안구 만안로223번길 13 (안양동,지상1층)",경기도 안양시 만안구 안양동 674-19 지상1층,13992,37.4005867691,126.9219700616,,,,,000
차동물병원,20030411,0002,폐업,20040728,031-442-0075,28.88,,,경기도 안양시 만안구 안양동 622-2,13996,,,,,,,000
해밀동물병원,20030704,0002,폐업,20060426,031-381-7532,36.38,,"경기도 안양시 동안구 관악대로 257 (비산동,지상1층)",경기도 안양시 동안구 비산동 1034-8 지상1층,13941,37.4024131742,126.9515359115,,195637.270556155,433370.550010174,,000
안양애견동물병원,20031110,0002,폐업,20031231,031-444-0774,41.01,13992,경기도 안양시 만안구 만안로223번길 13 (안양동),경기도 안양시 만안구 안양동 674-19 지상1층,13992,37.4005867691,126.9219700616,,,,,000
안양애견동물병원,20040103,0002,폐업,20040810,031-444-0774,41.01,13992,경기도 안양시 만안구 만안로223번길 13 (안양동),경기도 안양시 만안구 안양동 674-19 지상1층,13992,37.4005867691,126.9219700616,,,,,000
석수동물병원,20040108,0002,폐업,20060630,031-474-9399,37.84,13967,경기도 안양시 만안구 안양로 458-1 (석수동),경기도 안양시 만안구 석수동 325-11,13967,37.4110098926,126.9116748386,,,,,000
뉴욕동물병원,20040112,0002,폐업,20051219,031-388-7555,56.55,,"경기도 안양시 동안구 시민대로 266 (관양동,샤르망 102호, 103호)","경기도 안양시 동안구 관양동 1598 샤르망 102호, 103호",14066,37.3938454435,126.9603086238,,196414.16043194,432416.101559202,,000
에이스동물병원,20040312,0002,폐업,20141126,031-422-7582,80.44,13951,"경기도 안양시 동안구 흥안대로 537, 1층 (관양동)",경기도 안양시 동안구 관양동 1488-33 1층,13951,37.4018849074,126.9761706867,,197820.672341102,433306.601324626,,000
쿨펫동물병원,20040413,0002,폐업,20120531,031-382-0011,152.85,,"경기도 안양시 동안구 시민대로 300 (관양동,월마트내 지하1층)",경기도 안양시 동안구 관양동 1608-3 월마트내 지하1층,14066,37.3949065751,126.9637241704,,196752.332727486,432521.042909087,,000
라파엘동물병원,20050620,0002,폐업,20060814,031-476-0075,40.2,14066,경기도 안양시 동안구 부림로 121 (관양동),경기도 안양시 동안구 관양동 1608-4 동아플라자아케이드 113호,14066,37.3941616859,126.9644412155,,196784.059244886,432448.726631302,,000
준동물병원,20050909,0002,폐업,20090203,031-427-5575,23.68,14106,경기도 안양시 동안구 흥안대로223번길 19 (호계동),경기도 안양시 동안구 호계동 1121 대우한양아파트상가 116호,14106,37.3755656889,126.9662902496,,196852.91093544,430334.295150229,,000
쇼독동물병원,20051123,0002,폐업,20080826,031-465-0907,150.76,14039,경기도 안양시 동안구 경수대로 833 (비산동),경기도 안양시 동안구 비산동 580-2 혜송빌딩 2층,14039,37.3933465215,126.9421461404,,,,,000
다사랑동물병원,20051219,0002,폐업,20071017,031-385-7588,56.55,,"경기도 안양시 동안구 시민대로 266 (관양동,샤르망빌딩 102,103호 지상1층)","경기도 안양시 동안구 관양동 1598 샤르망빌딩 102,103호 지상1층",14066,37.3938454435,126.9603086238,,196414.16043194,432416.101559202,,000
둘리동물병원,20060217,0002,폐업,20160121,031-445-7582,46.8,13922,경기도 안양시 동안구 관악대로 121 (비산동),경기도 안양시 동안구 비산동 425 비산동삼성래미안본상가 161동 227호,13922,37.3990178809,126.938703362,,,,,000
강남동물병원,20060630,0002,폐업,20170106,031-474-9399,36.12,,경기도 안양시 만안구 안양로 458-1 (석수동),경기도 안양시 만안구 석수동 325-11,13967,37.4110098926,126.9116748386,,,,,000
한북가축병원,19990330,0002,폐업,20010416,,0,,경기도 포천시 영북면 영북로 186,경기도 포천시 영북면 운천리 345-15,11104,38.0908499821,127.2748861724,,,,,000
사랑동물병원,20030801,0002,폐업,20150803,,90,,경기도 포천시 소흘읍 솔모루로92번길 8,경기도 포천시 소흘읍 송우리 110-57,11174,37.8288405676,127.148436371,,212982.938575998,480714.285402116,,000
일동대신동물병원,20041022,0002,폐업,20051231,,0,,,경기도 포천시 일동면 기산리 289-2,11119,37.9540707037,127.3162138611,,227717.388329056,494665.412891085,,000
중앙유기견부속동물병원,20050106,0002,폐업,20120903,031-536-7999,60.84,,경기도 포천시 영중면 백로주길 30,경기도 포천시 영중면 거사리 90,11130,37.9767742622,127.243888687,,221357.833141025,497149.630450627,,L00
테오종합동물병원,20100108,0002,폐업,20110307,,120,,경기도 여주시 세종로 18-1,경기도 여주시 홍문동 35,12622,37.2962422126,127.6363312817,,256351.288108837,421772.590479693,,000
미 동물병원,20100319,0002,폐업,20110629,,0,,경기도 여주시 북내면 여양2로 213,경기도 여주시 북내면 당우리 283-10,12613,37.3228778803,127.6775313106,,259985.610865119,424751.160964882,,000
테오종합동물병원,20110310,0002,폐업,20120801,031-883-0279,120,,경기도 여주시 세종로 18-1,경기도 여주시 홍문동 35,12622,37.2962422126,127.6363312817,,256351.288108837,421772.590479693,,000
강아지와 고양이 동물병원,20111124,0002,폐업,20121224,031-883-5588,61.64,,경기도 여주시 세종로 42-1,경기도 여주시 창동 148-15,12627,37.29416056,127.6358310916,,256309.377452977,421547.865909043,,000
펫프렌즈 동물병원,20040723,0002,폐업,20090417,,0,,,경기도 양주시 회정동 98-5 E-mart내,11435,,,,,,,000
김성훈동물병원,20050512,0002,폐업,20071224,,0,,,경기도 양주시 고암동 178-6,11452,,,,,,,000
유안동물,20070410,0002,폐업,20150724,031-825-1576,104.72,11427,경기도 양주시 은현면 은현로 40,경기도 양주시 은현면 선암리 318-1,11427,37.8724935029,127.0235668678,,202002.173186388,485542.79246452,,000
펫프렌즈동물병원 양주,20090422,0002,폐업,20190307,031-864-0075,0,,경기도 양주시 평화로 1713,경기도 양주시 회정동 98-5 이마트 내 3층,11435,37.8417696599,127.0538942524,,,,,L00
군견교육대 양주파견진료반,20100906,0002,폐업,20120416,,176.4,,,경기도 양주시 은현면 용암리 산 49-1,11429,,,,,,,O00
농업회사법인제이비솔루션(주),20110128,0002,폐업,20200828,,192,11509,경기도 양주시 백석읍 꿈나무로 103-5,경기도 양주시 백석읍 오산리 97-1,11509,37.7985690123,126.9934983519,,199356.426799408,477337.584733923,,L00
고읍 동물병원,20110131,0002,폐업,20180214,031-821-6605,0,11492,"경기도 양주시 고읍남로 23, 139호 (광사동)",경기도 양주시 광사동 657 메가시티프라자 139호,11492,37.7940311239,127.0794645726,,206931.384577156,476829.151159683,,000
펫프렌즈동물병원 양주점,20110329,0002,폐업,20120405,,0,,경기도 양주시 평화로 1713,경기도 양주시 회정동 98-5    이마트내 3층,11435,37.8417696599,127.0538942524,,,,,000
능곡동물병원,20101130,0002,폐업,20260423,031-317-7234,40.25,,"경기도 시흥시 승지로60번길 25, 111호 (능곡동,송죽센타프라자)",경기도 시흥시 능곡동 762 송죽센타프라자 111호,14995,37.3679920221,126.8122671683,,183299.263019354,429563.86993943,,000
펫프렌즈 동물병원 양주점,20120409,0002,폐업,20141120,031-864-0075,0,,,경기도 양주시 회정동 98-5 3층,11435,,,,,,,000
개팔자상팔자 우리동물병원,20030718,0002,폐업,20031016,,16.66,,"경기도 시흥시 대은로 81 (대야동,모비딕빌딩102호)",경기도 시흥시 대야동 573-2 모비딕빌딩102호,14914,37.4447000348,126.7972761971,,181992.191375186,438080.194127793,,000
정성동물병원,20030331,0002,폐업,20180228,,0,11442,경기도 양주시 평화로1429번길 5 (덕계동),경기도 양주시 덕계동 681-13,11442,37.8186373671,127.0455916475,,203941.791517927,479565.880237158,,000
백동물병원,20030331,0002,폐업,20080620,,0,,경기도 양주시 평화로 1446,경기도 양주시 덕계동 462-1,11444,37.8195811832,127.0472674374,,204089.251035581,479671.133834226,,000
좋은동물병원,20030331,0002,폐업,20051013,,0,,경기도 양주시 은현면 은현로55번길 25,경기도 양주시 은현면 선암리 481-9,11427,37.8737233707,127.0223536953,,201895.880139502,485678.960661905,,000
수림동물병원,20040202,0002,폐업,20051118,,50,,"경기도 시흥시 정왕대로 174 (정왕동,광개토1빌팅 109호)",경기도 시흥시 정왕동 1726-1 광개토1빌팅 109호,15036,37.3481553901,126.7334942325,,176313.285156484,427368.540805943,,000
정왕동물병원,20040220,0002,폐업,20070502,031-434-5190,316.68,,경기도 시흥시 정왕천로411번길 12 (정왕동),경기도 시흥시 정왕동 1193-10,15052,37.3449421398,126.7511053021,,177874.270587787,427019.467830047,,000
닥터K동물병원,20040326,0002,폐업,20090504,031-317-4567,61.04,,,경기도 시흥시 장곡동 391,,,,,180922.807471451,430881.23779896,,000
메디펫동물병원,20040423,0002,폐업,20040429,,83.41,,경기도 시흥시 은행로 172 (대야동),경기도 시흥시 대야동 581-6,14915,37.4461666672,126.7983590789,,182086.901636017,438243.429549966,,000
메디펫동물병원,20040501,0002,폐업,20050823,,83.41,,경기도 시흥시 은행로 172 (대야동),경기도 시흥시 대야동 581-6,14915,37.4461666672,126.7983590789,,182086.901636017,438243.429549966,,000
올펫동물병원,20040907,0002,폐업,20090414,031-404-8566,49.02,,경기도 시흥시 월곶중앙로 71 (월곶동),경기도 시흥시 월곶동 1011-15,14963,37.3889758169,126.7373037111,,176666.626925636,431907.771708719,,000
애견종합동물병원,20041215,0002,폐업,20050627,031-315-7582,70.2,,경기도 시흥시 대야로 4 (대야동),경기도 시흥시 대야동 490-5,14909,37.4441637718,126.7889947589,,181243.878231668,437988.152126073,,000
V1동물병원,20050203,0002,폐업,20120423,031-488-9975,58.89,,"경기도 시흥시 군서마을로 18-2 (정왕동,(1층))",경기도 시흥시 정왕동 1214-13 (1층),15052,37.3442648658,126.7494862939,,177731.407587927,426945.379369551,,000
동물병원 돌봄,20150731,0002,폐업,20170331,80165559,,13473,"경기도 성남시 분당구 서판교로 160, 101호 (판교동)",경기도 성남시 분당구 판교동 497,13473,37.4002687559,127.0947923181,,208324.048573148,433133.481483169,,000
라온 동물병원,20150812,0002,폐업,20161031,,0,13466,"경기도 성남시 분당구 운중로 132, 110호 (운중동, 큐브타워)",경기도 성남시 분당구 운중동 943,13466,37.3912944674,127.0777368903,,206813.31888957,432136.623634142,,000
판교두두 동물병원,20151022,0002,폐업,20200131,,,13536,"경기도 성남시 분당구 판교역로 72, 상가동 101호 (백현동, 백현마을8단지아파트)",경기도 성남시 분당구 백현동 558,13536,37.3870208496,127.1088711833,,209652.151745185,431687.506130472,,000
닥터독 동물병원,20160411,0002,폐업,20160816,031-723-9567,0,13385,"경기도 성남시 중원구 성남대로 1108, 101호 (하대원동, 와이엠프라젠)",경기도 성남시 중원구 하대원동 100-3,13385,37.4286697517,127.1301409958,,211449.279485198,436292.223042642,,000
라인 동물병원,20160428,0002,폐업,20180816,,0,13562,"경기도 성남시 분당구 정자일로 100, 116호 (정자동, 미켈란쉐르빌)",경기도 성남시 분당구 정자동 180 미켈란쉐르빌 116호,13562,37.3593499829,127.106609575,,209409.021126968,428565.151174027,,000
장재영외과동물병원,20160524,0002,폐업,20190712,80177511,,13466,"경기도 성남시 분당구 운중로 142, 2층 (운중동, 판교메디칼타워)",경기도 성남시 분당구 운중동 940,13466,37.3912262666,127.0788330857,,206910.998551811,432129.010258424,,000
에버펫동물병원,20160831,0002,폐업,20200730,,139.16,13642,"경기도 성남시 수정구 위례순환로4길 36, 101호 (창곡동)",경기도 성남시 수정구 창곡동 523-2 101호,13642,37.4697122618,127.148903836,,213102.805,440846.072,,000
동물병원루니,20170428,0002,폐업,20181116,031-719-9545,203.85,13618,"경기도 성남시 분당구 미금로 251, 112,201,202,203호 (금곡동, 성원상가)",경기도 성남시 분당구 금곡동 143,13618,37.3522474347,127.1094355687,,209687.824618329,427827.341314094,,000
분당엘동물메디컬센터,20170518,0002,폐업,20181219,031-713-7975,,13559,"경기도 성남시 분당구 성남대로 275, 101호 (정자동, 삼성아데나팰리스아파트)",경기도 성남시 분당구 정자동 169-1,13559,37.3608405388,127.1075955341,,209456.999378587,428761.682082442,,000
365동물병원 위례점,20170605,0002,폐업,20200131,031-751-0365,245.49,13642,"경기도 성남시 수정구 위례동로 153, 에이플타워 205호 (창곡동)",경기도 성남시 수정구 창곡동 513 에이플타워 205호,13642,37.4734922234,127.1499944798,,213196.788038769,441267.846008774,,000
반려동물암센터,20180305,0002,폐업,20221227,031-709-5500,198,13591,"경기도 성남시 분당구 황새울로342번길 15, 은성빌딩 3층 301호 (서현동)",경기도 성남시 분당구 서현동 250-6 은성빌딩 301호,13591,37.3864207124,127.1239323118,,210905.971823345,431600.159446397,,000
위례중앙동물의료센터,20180523,0002,폐업,20251031,031-758-7599,79.22,13640,"경기도 성남시 수정구 위례광장로 104, 위례 한화 오벨리스크 센트럴스퀘어 2241,2242호 (창곡동)","경기도 성남시 수정구 창곡동 505 위례 한화 오벨리스크 센트럴스퀘어2241,2242호",13640,37.4730424033,127.1412657466,,212425.560064934,441216.370400153,,000
분당엘동물병원,20181220,0002,폐업,20190610,031-713-7975,,13559,"경기도 성남시 분당구 성남대로 275, A동 1층 (정자동, 삼성아데나팰리스아파트)",경기도 성남시 분당구 정자동 169-1 삼성아데나팰리스아파트,13559,37.3608405388,127.1075955341,,209456.999378587,428761.682082442,,000
미래동물의료센터 성남점,20200420,0002,폐업,20230831,031-757-2475,0,13327,"경기도 성남시 수정구 수정로 130, 창도빌딩 2층 (수진동)",경기도 성남시 수정구 수진동 28-1 창도빌딩,13327,37.4414927051,127.1347919138,,211864.688556887,437706.627926558,,000
모아 동물병원,20201118,0002,폐업,20220207,031-733-2010,0,13260,"경기도 성남시 수정구 수정로 291, 포레스티아 서문상가 1층 101호 (신흥동)",경기도 성남시 수정구 신흥동 6953,13260,37.4510848316,127.1471706419,,212949.442256228,438781.878208469,,000
모아동물병원,20220214,0002,폐업,20250630,031-733-2010,0,13260,"경기도 성남시 수정구 수정로 291, 산성역포레스티아아파트 서문상가동 1층 101호 (신흥동)",경기도 성남시 수정구 신흥동 6953 산성역포레스티아아파트 서문상가 101호,,,,,212949.442256228,438781.878208469,,000
정일동물병원,20220304,0002,폐업,20231231,,8.91,13375,"경기도 성남시 중원구 산성대로80번길 18, 수성빌딩 104호 (성남동)",경기도 성남시 중원구 성남동 4256 수성빌딩 104호,13375,37.4316196462,127.1280354039,,211261.045444241,436619.974571499,,000
라엘동물의료센터,20230704,0002,폐업,20250702,031-8017-7772,0,13467,"경기도 성남시 분당구 운중로 172, 트윈플라자-1 101,102호 (운중동)",경기도 성남시 분당구 운중동 1018-2 트윈플라자-1,13467,37.3910132282,127.0823024591,,207218.841094722,432106.09438201,,000
정왕동물병원,20070613,0002,폐업,20091016,031-434-5190,0,,"경기도 시흥시 정왕천로 395 (정왕동,(1층))",경기도 시흥시 정왕동 1215-7 (1층),15052,37.3433905945,126.7509174965,,177859.263368788,426845.750312244,,000
쿨펫동물병원,20070705,0002,폐업,20141006,031-499-7991,66.56,,"경기도 시흥시 희망공원로 269 (정왕동,홈플러스시화점(1층))",경기도 시흥시 정왕동 2166-4 홈플러스시화점(1층),15081,37.3452082082,126.725237369,,175571.408649221,427063.061719326,,000
다나동물병원,20070813,0002,폐업,20120504,031-497-7585,27.68,,경기도 시흥시 중심상가2길 12-2,경기도 시흥시 정왕동 1736-2    1층 105호,15066,37.3455426947,126.7364787738,,,,,000
내마음속동물병원,20090414,0002,폐업,20210510,031-404-8566,49.02,14963,"경기도 시흥시 월곶중앙로 71, 110호 (월곶동, 센타프라자)",경기도 시흥시 월곶동 1011-15 센타프라자 110호,14963,37.3889758169,126.7373037111,,176666.626925636,431907.771708719,,000
엘리스동물병원,20100226,0002,폐업,20100804,031-7544-7871,7760.92,,"경기도 시흥시 장현능곡로 178 (능곡동,능곡타운 109호)",경기도 시흥시 능곡동 719 능곡타운 109호,14995,37.3696097976,126.8099146126,,183094.315546217,429741.225241601,,000
엘리스동물병원,20100804,0002,폐업,20101027,031-313-4535,38.44,,"경기도 시흥시 장현능곡로 178, 109호 (능곡동,능곡타운)",경기도 시흥시 능곡동 719 능곡타운 109호,14995,37.3696097976,126.8099146126,,183094.315546217,429741.225241601,,000
김현수동물병원,20101027,0002,폐업,20121115,031-313-4535,27.57,,"경기도 시흥시 장현능곡로 178, 109호 (능곡동,능곡타운)",경기도 시흥시 능곡동 719 능곡타운 109호,14995,37.3696097976,126.8099146126,,183094.315546217,429741.225241601,,000
펫츠나라동물병원,20101227,0002,폐업,20150331,031-314-0706,115.24,14910,"경기도 시흥시 수인로 3376-1, 1층 (신천동)",경기도 시흥시 신천동 712-6,14910,37.4412846629,126.7838897999,,180804.91720934,437704.197630953,,000
펫플러스동물병원,20031023,0002,폐업,20070723,,46.98,,"경기도 의정부시 청사로 49 (금오동,금강프라자 107호)",경기도 의정부시 금오동 470-5 금강프라자 107호,11757,37.7526694972,127.0694481341,,206049.723978521,472244.225388515,,000
모현동물병원,20011212,0002,폐업,20141231,,0,,경기도 용인시 처인구 모현면 문현로 141,경기도 용인시 처인구 모현면 매산리 208-1,17032,37.344199588,127.225403185,,219896.524227021,426931.637233672,,000
닥터한동물병원,20020507,0002,폐업,20060623,,0,,경기도 용인시 기흥구 구갈로 51,경기도 용인시 기흥구 구갈동 391-6,16971,37.2788794988,127.110999403,,,,,000
상현동물병원,20020605,0002,폐업,20061229,,0,,경기도 용인시 수지구 만현로 69,경기도 용인시 수지구 상현동 858 현대파크5단지내상가 104호,16930,37.3097701653,127.0870405665,,207638.641934116,422958.915670594,,000
좋은동물병원,20020905,0002,폐업,20101025,,0,,경기도 용인시 기흥구 구갈로60번길 1,경기도 용인시 기흥구 구갈동 352-4,16972,37.2798637806,127.111535796,,,,,000
애니펫동물병원,20020912,0002,폐업,20120427,,0,,,경기도 용인시 수지구 상현동 852 만현마을쌍용(아)단지내상가B102,,,,,207660.844695274,422815.250841136,,000
수지동물병원,20030306,0002,폐업,20050701,,0,,경기도 용인시 수지구 풍덕천로 150,경기도 용인시 수지구 풍덕천동 716-1,16835,37.3242301594,127.0980114312,,,,,000
희망동물병원,20030626,0002,폐업,20040430,,66.1,,"경기도 용인시 수지구 용구대로 2776, 106호 (죽전동,나석빌딩)",경기도 용인시 수지구 죽전동 877-3 나석빌딩 106호,16866,37.3332638433,127.109308104,,209617.482958986,425685.658291445,,000
파우스동물병원,20030627,0002,폐업,20031001,,25,,경기도 용인시 수지구 풍덕천로 173,경기도 용인시 수지구 풍덕천동 732-3,16832,37.3257325955,127.0998206724,,,,,000
에이플러스동물병원,20030722,0002,폐업,20061012,,71.2,,경기도 용인시 기흥구 용구대로 2420,경기도 용인시 기흥구 마북동 552-4,16908,37.3025895498,127.1065781938,,,,,000
소망동물의료센터,20181129,0002,폐업,20190501,031-572-2852,,11901,"경기도 구리시 경춘북로 252, 841동 C150,C170호 (갈매동, 갈매역아이파크)",경기도 구리시 갈매동 596 갈매역아이파크,11901,37.6334080906,127.1172963167,,210273.098117288,459131.618978126,,000
나무동물병원「산업동물에 대한 출장진료를 전문으로 함」,20200106,0002,폐업,20200120,,0,17324,경기도 이천시 부발읍 무촌로131번길 5,경기도 이천시 부발읍 무촌리 167-3,17324,37.2837635857,127.4875119221,,243165.908576165,420308.434250415,,000
아라양돈동물병원,20210202,0002,폐업,20221216,,,17413,경기도 이천시 설성면 진상미로167번길 4,경기도 이천시 설성면 제요리 685-19,17413,37.1047335952,127.5485854126,,248695.580252005,400470.007740115,,000
죽산동물병원,19620125,0002,폐업,20030908,,0,,,경기도 안성시 죽산면 죽산리 305,17519,,,,,,,000
합동동물병원,19700825,0002,폐업,20060629,,0,,경기도 안성시 중앙로 393,경기도 안성시 대천동 57-4,17589,37.0075094264,127.2705676302,,,,,000
안성종합동물병원,19781230,0002,폐업,20191209,,10,17510,경기도 안성시 진안로 1390 (가현동),경기도 안성시 가현동 188-5,17510,37.0044679455,127.2830190201,,225122.162554296,389236.80262677,,000
공도동물병원,19780908,0002,폐업,20181017,,0,,,경기도 안성시 공도읍 승두리 62,17562,,,,,,,000
한일동물병원,19781201,0002,폐업,20070403,,0,,,경기도 안성시 죽산면 죽산리 134-3,17519,37.0771403859,127.4282117586,,238006.261175196,397351.195546098,,000
고려동물병원,19821015,0002,폐업,20110125,,82.7,,경기도 안성시 도기5길 7-2 (도기동),경기도 안성시 도기동 140-7,17583,37.0040452674,127.2646210806,,223480.45189816,389189.17055795,,000
제일동물병원,19820508,0002,폐업,20090703,,0,,경기도 안성시 중앙로 364 (석정동),경기도 안성시 석정동 24-4,17581,37.007863412,127.2671832934,,223707.503720928,389609.934348021,,000
경기동물병원,19911110,0002,폐업,20190614,,104,17524,경기도 안성시 죽산면 걸미로 405,경기도 안성시 죽산면 당목리 694,17524,37.0366623776,127.4260570038,,237855.262571344,392853.811900371,,000
한도동물병원,19941014,0002,폐업,20070814,,0,,경기도 안성시 낙원길 5 (서인동),경기도 안성시 서인동 63,17592,37.0059656204,127.2693583681,,223904.161895254,389403.772357429,,000
김갑수동물병원,19951109,0002,폐업,20041216,,0,,경기도 안성시 서운면 사갑1길 237-31,경기도 안성시 서운면 신흥리 산 25,17608,,,,,,,000
일프로애견동물병원,20130731,0002,폐업,20170608,031-407-4975,,15578,"경기도 안산시 상록구 용신로 168, 2층 (사동)",경기도 안산시 상록구 사동 1577-6 2층,15578,37.303265238,126.8409422852,,185828.571377753,422376.159969308,,000
24시도그앤캣동물의료센터,20141230,0002,폐업,20170530,031-402-4900,0,15359,"경기도 안산시 단원구 고잔2길 16, 101호 (고잔동, 에메랄드빌딩)",경기도 안산시 단원구 고잔동 531-2 에메랄드빌딩 101호,15359,37.3176331359,126.8328828688,,185115.720999982,423972.588048487,,000
쿨펫동물병원 상록점,20170615,0002,폐업,20180703,031-415-0135,,15540,"경기도 안산시 상록구 반석로 8, 3층 (본오동, 롯데마트)",경기도 안산시 상록구 본오동 880,15540,37.2938788333,126.8601026395,,187595.980278835,421479.053985183,,000
수동물메디컬센터,20180518,0002,폐업,20190214,,0,15563,"경기도 안산시 상록구 선암로 43, 2층 (본오동)",경기도 안산시 상록구 본오동 926-7,15563,37.2888498066,126.8635748406,,187833.008953855,420771.758892755,,000
웰니스동물병원,20180703,0002,폐업,20191221,,0,15540,"경기도 안산시 상록구 반석로 20, 롯데마트 3층 (본오동)",경기도 안산시 상록구 본오동 880 롯데마트,15540,37.2965387065,126.8619191973,,187595.980278835,421479.053985183,,000
웰니스동물병원,20191226,0002,폐업,20200831,,,15540,"경기도 안산시 상록구 반석로 20, 롯데마트 3층 (본오동)",경기도 안산시 상록구 본오동 880 롯데마트,15540,37.2965387065,126.8619191973,,187595.980278835,421479.053985183,,000
본동물병원,20210712,0002,폐업,20230324,031-407-7552,,15567,"경기도 안산시 상록구 샘골로 36, 2층 (본오동)",경기도 안산시 상록구 본오동 671-13,15567,37.2872027737,126.8640399673,,187873.567587975,420589.867703906,,000
고양가축병원,19610707,0002,폐업,20100119,,0,,,경기도 고양시 일산서구 일산동 592,10342,,,,,,,000
삼송가축병원,19650220,0002,폐업,20060510,,0,,경기도 고양시 덕양구 삼송로193번길 13,경기도 고양시 덕양구 삼송동 23-1,10556,37.6540327274,126.8958299568,,,,,000
원당가축병원,19840808,0002,폐업,20080904,,0,,경기도 고양시 덕양구 마상로126번길 97,경기도 고양시 덕양구 주교동 611-9,10461,37.6564996476,126.8334110505,,,,,000
제다 동물병원,20200818,0002,폐업,20220420,031-312-8813,28.62,14911,"경기도 시흥시 수인로3312번길 16, 105동 1층 A105호 (대야동)",경기도 시흥시 대야동 418-21,14911,37.4413231865,126.7902764284,,181327.055829927,437611.716007368,,000
금정동물병원,19910726,0002,폐업,20201205,031-394-2259,83.6,15806,경기도 군포시 금산로 100 (산본동),경기도 군포시 산본동 213-9,15806,37.370922168,126.936823383,,194338.687639552,429870.484095546,,000
우주동물병원,19961111,0002,폐업,20030506,,0,15865,경기도 군포시 산본로323번길 20-21 (산본동),경기도 군포시 산본동 1138-1,15865,37.3595188417,126.9309801902,,193817.140542085,428609.217107038,,000
스누피동물병원,19980107,0002,폐업,20161031,,150.9,15865,"경기도 군포시 산본로343번길 7, 101,102,B1호 (산본동)","경기도 군포시 산본동 1132 창선빌딩 101,102,B1호",15865,37.3607315267,126.9319873501,,193904.141032365,428744.978622309,,000
한사랑동물종합병원,20000216,0002,폐업,20170901,,42.4,15865,경기도 군포시 산본로343번길 7 (산본동),경기도 군포시 산본동 1132,15865,37.3607315267,126.9319873501,,193904.141032365,428744.978622309,,000
토비동물병원,20021205,0002,폐업,20060407,,0,15811,경기도 군포시 군포로745번길 41 (산본동),경기도 군포시 산본동 236-8,15811,37.3702560631,126.9408150849,,194619.5957158,429797.44451142,,000
한빛종합동물병원,20020708,0002,폐업,20111129,,0,15865,"경기도 군포시 산본로343번길 7, 104호 (산본동)",경기도 군포시 산본동 1132 창선빌딩 104호,15865,37.3607315267,126.9319873501,,193904.141032365,428744.978622309,,000
토비동물병원,20060407,0002,폐업,20211025,,113.1,15811,경기도 군포시 산본천로 198 (산본동),경기도 군포시 산본동 236-6,15811,37.3700981853,126.9398336954,,194601.75266539,429782.928959036,,000
영화동물병원,20060925,0002,폐업,20090916,,0,15856,"경기도 군포시 고산로264번길 13, 101호 (당동)",경기도 군포시 당동 904-5 그린프라자 101호,15856,37.347925498,126.9439049759,,194962.25898183,427322.636485246,,000
웰동물병원,20141030,0002,폐업,20180523,031-393-0975,,15818,"경기도 군포시 산본천로 99, 103호 (산본동, 디퍼아울렛타운)",경기도 군포시 산본동 1096-2 디퍼아울렛타운 103호,15818,37.3633753354,126.9325659406,,193959.422006292,429040.455261927,,000
펫파라다이스 동물병원,20160420,0002,폐업,20171101,031-689-3124,58.85,15866,"경기도 군포시 번영로 485, 6층 (산본동, 롯데피트인)","경기도 군포시 산본동 1145-6 롯데피트인, 6층",15866,37.3577955365,126.9306318579,,193789.410732019,428419.578316283,,000
포일동물병원,19960111,0002,폐업,20090324,,24,,경기도 의왕시 포일로 13,경기도 의왕시 내손동 406-3,16023,37.3886098945,126.9746363538,,,,,000
부곡동물병원,19980408,0002,폐업,20040310,,0,,경기도 의왕시 효행로 52,경기도 의왕시 오전동 315-0019,16058,37.3519501116,126.9724304761,,197491.20652053,427767.541213611,,000
의왕동물종합병원,20011112,0002,폐업,20030910,,0,,경기도 의왕시 경수대로 372,경기도 의왕시 오전동 838-5,16053,37.3583234146,126.96652529,,196965.172896048,428475.51206307,,000
의왕동물병원,20011112,0002,폐업,20030930,,0,,경기도 의왕시 경수대로 372,경기도 의왕시 오전동 838-5,16053,37.3583234146,126.96652529,,,,,000
동원동물병원,20030212,0002,폐업,20070709,,0,,경기도 의왕시 계원대학로 6,경기도 의왕시 내손동 746-2    LG프라자 102호,16039,37.3796654798,126.9719878927,,,,,000
의왕동물 종합병원,20031002,0002,폐업,20050228,,64,,경기도 의왕시 경수대로 372,경기도 의왕시 오전동 838-5,16053,37.3583234146,126.96652529,,,,,000
조은동물병원,20030724,0002,폐업,20060630,031-461-7582,0,,,경기도 의왕시 삼동 196-1,,37.3212131371,126.9513438701,,,,,000
에덴 동물병원,20040315,0002,폐업,20110628,,53,,경기도 의왕시 효행로 52,경기도 의왕시 오전동 315-19,16058,37.3519501116,126.9724304761,,,,,000
의왕동물병원,20050305,0002,폐업,20080129,,60,,경기도 의왕시 경수대로 372,경기도 의왕시 오전동 838-5,16053,37.3583234146,126.96652529,,196965.172896048,428475.51206307,,000
김창식 동물병원,20070417,0002,폐업,20090120,031-461-9730,30,,,경기도 의왕시 월암동 442-34,,,,,,,,000
러브펫동물병원,20090804,0002,폐업,20130531,,38,16036,경기도 의왕시 계원대학로 7 (내손동),경기도 의왕시 내손동,16036,37.3805799212,126.9728964085,,197598.213989563,430907.769943711,,000
우리집동물병원,20120117,0002,폐업,20250311,031-421-0008,73.1,16023,"경기도 의왕시 포일로 11, 내손동 2층 (내손동)",경기도 의왕시 내손동 406-3 2층,16023,37.3886087901,126.9743878363,,197677.310927475,431839.446948739,,000
협동가축병원,19711201,0002,폐업,20060501,,0,,경기도 의정부시 호국로 1316-5,경기도 의정부시 의정부동 185-15,11692,37.7433335211,127.050592557,,,,,000
혜수애견병원,19910920,0002,폐업,20220620,031-848-2430,0,11693,경기도 의정부시 태평로 124 (의정부동),경기도 의정부시 의정부동 17-6,11693,37.7435001206,127.051737936,,204494.669857367,471222.638609446,,000
의정부동물병원,19980709,0002,폐업,20040310,,0,,,경기도 의정부시 의정부동 146-6,11695,,,,,,,000
회룡동물병원,19991115,0002,폐업,20040422,,0,,경기도 의정부시 회룡로 151,경기도 의정부시 호원동 421 신도4차 상가 101호,11703,37.7264785078,127.0505242097,,204401.618798173,469385.870047766,,000
현대동물병원,20010816,0002,폐업,20151102,,0,11789,"경기도 의정부시 충의로 49, 1층 101호 (용현동)",경기도 의정부시 용현동 14-3,11789,37.7361314799,127.0874416866,,207635.889238126,470408.423773618,,000
에이스동물병원,20010929,0002,폐업,20030407,,0,,경기도 의정부시 평화로 487 (의정부동),경기도 의정부시 의정부동 163-11,11696,37.7354620529,127.0474737337,,204130.227398456,470338.333394815,,000
정동물병원,20020520,0002,폐업,20040930,,0,,경기도 의정부시 용민로 38,경기도 의정부시 용현동 270-21,11785,37.7356924925,127.0830746879,,,,,000
그린동물병원,20020619,0002,폐업,20040804,,0,,경기도 의정부시 회룡로 145,경기도 의정부시 호원동 418-3,11703,37.7263866459,127.050070855,,,,,000
호원종합동물병원,20020823,0002,폐업,20040323,,0,,"경기도 의정부시 평화로 374 (호원동,한승프라자 109호)",경기도 의정부시 호원동 425 한승프라자 109호,11704,37.725362924,127.0487039896,,204212.113189262,469206.210683802,,000
행복한동물병원,20030408,0002,폐업,20080526,,0,,경기도 의정부시 호국로 1385,경기도 의정부시 금오동 374-1    아남A 상가 1층 120호,11750,37.7472853396,127.0564143941,,,,,000
오즈동물병원,20060509,0002,폐업,20121228,,0,,"경기도 의정부시 추동로 9 (신곡동,휴먼시티빌딩 206호)",경기도 의정부시 신곡동 673 휴먼시티빌딩 206호,11740,37.7429886042,127.0570983546,,204960.460041954,471173.71076545,,000
펫프렌즈 동물병원,20061227,0002,폐업,20140103,,0,,"경기도 의정부시 장곡로 224 (장암동,롯데마트 3층)",경기도 의정부시 장암동 38-10 롯데마트 3층,11722,37.7236760151,127.0530602539,,204630.543411273,469034.163890834,,000
팻플러스동물병원,20070723,0002,폐업,20100430,,0,,경기도 의정부시 청사로5번길 8-13,경기도 의정부시 신곡동 761-7    골드프라자 1층 101-102호,11775,37.7493735048,127.0702277664,,,,,000
럭키동물병원,20070725,0002,폐업,20080204,031-875-1559,0,,,경기도 의정부시 호원동 453 럭키마트 외부상가,,,,,204149.731354346,467879.835438998,,000
럭키동물병원,20080204,0002,폐업,20110930,,0,,경기도 의정부시 평화로244번길 8,경기도 의정부시 호원동 453 럭키마트외부상가,11710,37.713498229,127.0478569533,,204149.731354346,467879.835438998,,000
서울종합동물병원,20111111,0002,폐업,20131217,031-852-7733,82.11,,"경기도 의정부시 산단로76번길 113-4 (용현동,한도빌딩)",경기도 의정부시 용현동 526-3 한도빌딩,11787,37.7437730049,127.0843914147,,207367.810394459,471253.631003933,,000
행복한 동물병원,20090225,0002,폐업,20100817,84300075,0,,"경기도 의정부시 호국로 1385 (금오동,아남상가 1층 120호)",경기도 의정부시 금오동 374-1 아남상가 1층 120호,11750,37.7472853396,127.0564143941,,204899.254242188,471654.932953844,,000
유제원 동물병원,20091204,0002,폐업,20100629,,0,,,경기도 의정부시 의정부동 388-21,,,,,,,,000
베테랑동물병원,20200310,0002,폐업,20200807,,0,17064,"경기도 용인시 기흥구 중부대로 376, 2층 206호 (신갈동)",경기도 용인시 기흥구 신갈동 68-6 2동 206호,17064,37.2714630186,127.1088719698,,209589.131017061,418838.395858795,,L00
메디스동물의료센터,20190219,0002,폐업,20190313,,0,16954,"경기도 용인시 기흥구 흥덕2로 85, 101호 102호 201호 (영덕동)",경기도 용인시 기흥구 영덕동 986-8,16954,37.2751277516,127.0737845127,,206472.291588856,419243.503486584,,000
쿨펫동물병원,20141126,0002,폐업,20170117,,0,17064,경기도 용인시 기흥구 중부대로 375 (신갈동),경기도 용인시 기흥구 신갈동 63,17064,37.2719914002,127.1078315492,,209561.848956988,418928.960809078,,000
파밀리에 동물병원,20130930,0002,폐업,20170925,031-213-1911,49.8,16950,"경기도 용인시 기흥구 석현로 70, 106호 (영덕동, 두온프라자)",경기도 용인시 기흥구 영덕동 1052-1 두온프라자 106호,16950,37.2715865416,127.0817224303,,207178.517660853,418853.317127249,,000
아치울큐엘동물병원,20220930,0002,폐업,20230303,,123.9,11956,"경기도 구리시 아치울길 6, 에스비바이오빌딩 지1층 (아천동)",경기도 구리시 아천동 93-2 에스비바이오빌딩 지1층,11956,37.5740049284,127.1214961808,,210664.862135788,452420.779534017,,L00
네오펫 동물메디컬센터,20230926,0002,폐업,20231201,031-552-8275,465.34,11931,"경기도 구리시 검배로 75, 2층 (수택동)",경기도 구리시 수택동 492-10,11931,37.5959055364,127.146975074,,212914.18243249,454859.664256247,,000
네오펫동물메디컬센터,20231205,0002,폐업,20250225,031-552-8275,,11931,"경기도 구리시 검배로 75, 2층 (수택동)",경기도 구리시 수택동 492-10,11931,37.5959055364,127.146975074,,212914.18243249,454859.664256247,,L00
강두완가축병원,19730710,0002,폐업,20111209,,0,,,경기도 남양주시 퇴계원읍 퇴계원리 312,12126,37.6476852877,127.14016325,,212297.894482695,460602.271109647,,000
이규로동물병원,19831024,0002,폐업,20090514,,0,,경기도 남양주시 화도읍 마석로 5-1,경기도 남양주시 화도읍 창현리 489-6,12179,37.6515268664,127.3061697566,,226949.53535364,461062.327809106,,000
박근수동물병원,19840925,0002,폐업,20170630,,0,,경기도 남양주시 화도읍 마석중앙로28번길 3,경기도 남양주시 화도읍 창현리 501,12179,37.6526935938,127.303139853,,226680.357776091,461187.108091547,,000
태양가축병원,19870424,0002,폐업,20110510,,0,12019,경기도 남양주시 진접읍 광릉내로 72,경기도 남양주시 진접읍 팔야리 787-1,12019,37.7445716756,127.2023986766,,217770.79632975,471361.770248205,,000
명약원동물병원,19870414,0002,폐업,20131231,,0,,경기도 남양주시 화도읍 마석중앙로 52,경기도 남양주시 화도읍 창현리 491-4,12179,37.6524901974,127.3054983954,,226887.358967589,461172.949310339,,000
Mr. Vet 동물병원,19990809,0002,폐업,20200507,,0,12214,"경기도 남양주시 와부읍 덕소로 119, 우송타운 102호",경기도 남양주시 와부읍 덕소리 541-12 우송타운,12214,37.5836989462,127.2125655154,,218701.646851801,453510.477443904,,000
동진가축병원,20000811,0002,폐업,20080307,,0,,경기도 남양주시 화도읍 경춘로 1969-9,경기도 남양주시 화도읍 마석우리 267-7,12180,37.6514200626,127.3069975916,,227019.344850157,461054.248039145,,000
햇살종합동물병원,20010320,0002,폐업,20041210,,0,12210,경기도 남양주시 와부읍 덕소로 58,경기도 남양주시 와부읍 덕소리 590-16,12210,37.5870801994,127.2093697346,,218424.809241858,453880.663120564,,000
부영동물병원,20020216,0002,폐업,20160219,,0,12259,경기도 남양주시 경춘로 444 (지금동),경기도 남양주시 지금동 129-4,12259,37.6084446082,127.1628455722,,,,,000
다사랑동물병원,20071017,0002,폐업,20111129,031-385-7588,56.55,,"경기도 안양시 동안구 시민대로 266 (관양동,평촌샤르망 102,103호)","경기도 안양시 동안구 관양동 1598 평촌샤르망 102,103호",14066,37.3938454435,126.9603086238,,196414.16043194,432416.101559202,,000
안양동물병원,20080130,0002,폐업,20101018,031-469-0075,85.5,,경기도 안양시 만안구 안양로 349 (안양동),경기도 안양시 만안구 안양동 695-21,14006,37.4025407949,126.917898831,,,,,000
에덴동물병원,19910611,0002,폐업,20120427,,0,,,경기도 고양시 덕양구 덕은동 83-6,,,,,,,,000
통일동물병원,19911217,0002,폐업,20070914,,0,,경기도 고양시 덕양구 삼송로 143-1,경기도 고양시 덕양구 삼송동 77-11,10556,37.6528301812,126.8898427074,,,,,000
신진가축병원,19940926,0002,폐업,20211006,031-976-5100,0,10341,경기도 고양시 일산서구 일중로 73 (일산동),경기도 고양시 일산서구 일산동 579-3,10341,37.6861515039,126.7750659865,,180088.40041188,464883.226881406,,000
흰돌,19950509,0002,폐업,20110603,,0,,,경기도 고양시 일산동구 백석동 13-71,,,,,,,,000
서울동물병원,19960816,0002,폐업,20080901,,0,,경기도 고양시 덕양구 화중로 60,경기도 고양시 덕양구 화정동 983,10500,37.6324374988,126.830815381,,184997.277010348,458910.279075339,,000
중산종합동물병원,19971011,0002,폐업,20220831,031-976-8939,0,10340,경기도 고양시 일산서구 고봉로 299 (일산동),경기도 고양시 일산서구 일산동 555-9 42통5반,10340,37.6858946979,126.7772800655,,180284.985178722,464853.379037857,,000
일산제일동물병원,19980730,0002,폐업,20210319,031-913-7266,0,10374,"경기도 고양시 일산서구 일산로 580, 정발빌딩 (일산동)",경기도 고양시 일산서구 일산동 1065 정발빌딩,10374,37.6796574947,126.764151602,,179126.091388521,464165.014159433,,000
그랜드동물병원,19990226,0002,폐업,20050406,,0,,경기도 고양시 일산서구 중앙로 1437,경기도 고양시 일산서구 주엽동 109 화성프라자 1층,10387,37.6700536432,126.7605045697,,178801.264295062,463099.663234694,,000
좋은,19990322,0002,폐업,20060425,,0,,경기도 고양시 일산서구 일산로 557,경기도 고양시 일산서구 일산동 1062,10375,37.6781460164,126.766037672,,179291.060422239,463996.926468708,,000
백마,19990518,0002,폐업,20050516,,0,,경기도 고양시 일산동구 일산로 212,경기도 고양시 일산동구 마두동 728-1,10417,37.6553265216,126.7899222246,,181395.717224051,461459.891588772,,000
건국동물병원,19991001,0002,폐업,20090217,,0,,경기도 고양시 일산서구 경의로 844,경기도 고양시 일산서구 덕이동 267-1,10232,37.6928802304,126.7598922826,,178747.634857607,465632.685402063,,000
미래종합,20000129,0002,폐업,20091026,,0,,경기도 고양시 일산서구 일산로741번길 5-1,경기도 고양시 일산서구 대화동 2194-4,10377,37.6771591586,126.7509990927,,,,,000
임준석동물병원,20001106,0002,폐업,20190530,031-921-3375,0,10348,경기도 고양시 일산서구 산현로 14 (일산동),경기도 고양시 일산서구 일산동 2103,10348,37.6892783901,126.7633193204,,179049.908738779,465231.139612362,,000
일산꿈,20010416,0002,폐업,20051014,,0,,경기도 고양시 일산서구 일산로 530,경기도 고양시 일산서구 일산동 1080,10374,37.6774980239,126.769094556,,179561.662632651,463924.147534329,,000
일산종합동물병원,20010529,0002,폐업,20110217,,0,,경기도 고양시 일산동구 백석로108번길 7-9,경기도 고양시 일산동구 백석동 1157-3,10445,37.6490711344,126.7898911011,,181389.460423795,460761.88814124,,000
위드동물병원,20190328,0002,폐업,20191210,031-961-6565,0,10392,"경기도 고양시 일산서구 한류월드로 300, 원마운트 1231호 (대화동)",경기도 고양시 일산서구 대화동 2606 원마운트 1231호,10392,37.6645540055,126.7545272288,,178268.135568909,462480.734362689,,000
웰니스 동물병원,20190904,0002,폐업,20191008,031-908-1756,,10401,"경기도 고양시 일산동구 중앙로1275번길 64, 홈플러스 일산점 4층 (장항동)",경기도 고양시 일산동구 장항동 755 홈플러스 일산점 4층,10401,37.6590645766,126.7688671725,,179536.212704008,461876.531597015,,000
페리토-웰니스동물병원,20191203,0002,폐업,20210208,031-926-3070,,10401,"경기도 고양시 일산동구 중앙로1275번길 64, 홈플러스 일산점 4층 (장항동)",경기도 고양시 일산동구 장항동 755 홈플러스 일산점 4층,10401,37.6590645766,126.7688671725,,179536.212704008,461876.531597015,,000
리즈펫동물병원,20200309,0002,폐업,20230731,02-479-2285,0,10595,"경기도 고양시 덕양구 동송로 33, 이편한세상시티삼송 1층 22호 (동산동)",경기도 고양시 덕양구 동산동 369 이편한세상시티삼송 1층 22호,10595,37.649881189,126.8965324165,,190793.745581355,460809.3267951,,000
탑케어동물병원,20200528,0002,폐업,20220111,1666-7501,0,10500,"경기도 고양시 덕양구 화신로272번길 5, 3층 (화정동)",경기도 고양시 덕양구 화정동 984-8,10500,37.6312311266,126.831064195,,185013.703419501,458778.522826862,,000
쥬박스동물병원(탑동물병원),20210420,0002,폐업,20230201,031-970-7765,224.08,10386,"경기도 고양시 일산서구 중앙로 1425, 주엽역 삼부르네상스 B1층 103~108호 (주엽동)",경기도 고양시 일산서구 주엽동 105 주엽역 삼부르네상스,10386,37.6690257106,126.7618754325,,178921.755604618,462986.547889216,,000
청계종합동물병원,20120228,0002,폐업,20151229,031-424-7580,0,16009,경기도 의왕시 양지편2로 3 (청계동),경기도 의왕시 청계동 990 19통1반 아튼빌 1003동 1002호,16009,37.3901400604,126.9948244192,,199473.176330048,432004.845586242,,000
위즈동물병원,20120716,0002,폐업,20180315,031-423-4033,0,16035,경기도 의왕시 내손순환로 8 (내손동),경기도 의왕시 내손동 843,16035,37.3880868128,126.9745722247,,197694.539569152,431732.859633833,,000
펫가든 의왕점동물병원,20130529,0002,폐업,20240731,,56,16036,경기도 의왕시 계원대학로 7 (내손동),경기도 의왕시 내손동 743,16036,37.3805799212,126.9728964085,,197598.213989563,430907.769943711,,000
늘솜동물병원,20161109,0002,폐업,20180302,,149.12,16022,"경기도 의왕시 포일로 59, 3호,4호 (포일동, 호성상가)","경기도 의왕시 포일동 546 호성상가 3호,4호",16022,37.3905767905,126.9791413872,,198084.239210082,432055.066079193,,000
늘솜동물병원,20180321,0002,폐업,20240207,031-423-4033,54.4,16022,"경기도 의왕시 포일로 59, 호성상가 1층 3,4호 (포일동)",경기도 의왕시 포일동 546 호성상가,16022,37.3905767905,126.9791413872,,198084.239210082,432055.066079193,,000
건국동물병원,19940326,0002,폐업,20190108,,38.4,12958,경기도 하남시 하남대로 795 (신장동),경기도 하남시 신장동 406-2,12958,37.540443033,127.2089169584,,218391.876096593,448705.29361624,,000
한솔동물병원,20030711,0002,폐업,20031021,,0,,,경기도 하남시 덕풍동 681 한솔리치빌상가2층,12981,37.5332302324,127.1973888401,,217308.31066721,447955.431439411,,000
한솔동물병원,20031021,0002,폐업,20040303,,20.96,,,경기도 하남시 덕풍동 681 한솔리치빌상가2층,12981,37.5332302324,127.1973888401,,217308.31066721,447955.431439411,,000
한솔동물병원,20040304,0002,폐업,20040511,,20.96,,,경기도 하남시 덕풍동 681 한솔아파트 상가 2층,12981,37.5332302324,127.1973888401,,217308.31066721,447955.431439411,,000
애니동물병원,20040712,0002,폐업,20110418,,64.8,,경기도 하남시 하남대로 809,경기도 하남시 신장동 424-2   경림빌딩 1층,12957,37.5410617757,127.2076241128,,,,,000
하사랑동물병원,20060306,0002,폐업,20080421,,29.14,,경기도 하남시 덕산로 16,경기도 하남시 덕풍동 534-13  상용아파트상가 1층 3-2호,12980,37.5324254586,127.1999160821,,,,,000
메디안동물병원,20080319,0002,폐업,20160330,,48.6,12951,"경기도 하남시 대청로 26, 102호 (신장동, 하남리빙텔)",경기도 하남시 신장동 524-1 하남리빙텔 102호,12951,37.5404400788,127.2150974485,,218951.835143787,448711.384852642,,000
쿨펫동물병원,20080526,0002,폐업,20161229,,13,12927,"경기도 하남시 덕풍서로 70 (덕풍동, 이마트하남점)",경기도 하남시 덕풍동 736 이마트하남점5층,12927,37.5527737515,127.2053480453,,218076.91973786,450073.163619109,,000
강남동물병원,20090408,0002,폐업,20110421,,43.13,,경기도 하남시 덕풍동로 111-21,경기도 하남시 덕풍동 744 케이앤몰 101호,12927,37.5518151352,127.2076953235,,218281.159611217,449964.900329853,,000
고려동물병원,20090730,0002,폐업,20130114,031-794-1175,40.35,12967,"경기도 하남시 하남대로 843, 109호 (덕풍동, 신정프라자)",경기도 하남시 덕풍동 321-2 신정프라자 109호,12967,37.5426758875,127.2042784408,,218010.31939636,448936.753466262,,000
사랑동물병원,20110802,0002,폐업,20121113,031-795-7523,33,12957,"경기도 하남시 하남대로 809 (신장동, 경림빌딩)",경기도 하남시 신장동 424-2 경림빌딩1층,12957,37.5410617757,127.2076241128,,218276.461456428,448764.598193697,,000
(주)동물과사람,20120227,0002,폐업,20151001,,392.15,13023,경기도 하남시 검단산로 291 (창우동),경기도 하남시 창우동 245-5,13023,37.5384895301,127.2328308406,,220505.738175189,448501.778102488,,L00
사랑동물병원,20121218,0002,폐업,20140729,,33,12957,"경기도 하남시 하남대로 809, 1층 (신장동, 경림빌딩)",경기도 하남시 신장동 424-2 경림빌딩1층,12957,37.5410617757,127.2076241128,,218276.461456428,448764.598193697,,000
동물과사람,20151019,0002,폐업,20160418,,392.15,13023,경기도 하남시 검단산로 291 (창우동),경기도 하남시 창우동 245-5,13023,37.5384895301,127.2328308406,,220505.738175189,448501.778102488,,000
팝애니랩,20151019,0002,폐업,20170828,,,12930,"경기도 하남시 조정대로 150, RB106호 (덕풍동, 아이테코)",경기도 하남시 덕풍동 762,12930,37.5535037868,127.1946802895,,217137.519410187,450158.241480494,,000
동물과사람,20160525,0002,폐업,20161213,,0,13023,경기도 하남시 검단산로 291 (창우동),경기도 하남시 창우동 245-5번지,13023,37.5384895301,127.2328308406,,220505.738175189,448501.778102488,,000
조은동물병원,20110701,0002,폐업,20121228,031-847-8778,0,11741,경기도 의정부시 능곡로 70 (신곡동),경기도 의정부시 신곡동 98 상가 106호,11741,37.7433305094,127.0617613059,,205459.251726378,471254.700506907,,000
펫클럽동물병원,20110824,0002,폐업,20120628,031-841-3051,0,,경기도 의정부시 호국로 1426 (금오동),경기도 의정부시 금오동 463-10,11751,37.7493456291,127.060227469,,205238.988848706,471874.249343231,,000
이리온 for 몰리스,20120417,0002,폐업,20120930,031-837-6125,0,11696,경기도 의정부시 평화로 525 (의정부동),경기도 의정부시 의정부동 168-54번지,11696,37.7379343921,127.045835705,,,,,L00
이리온동물병원 의정부역점,20121004,0002,폐업,20170201,031-837-6125,0,11696,경기도 의정부시 평화로 525 (의정부동),경기도 의정부시 의정부동 168-54,11696,37.7379343921,127.045835705,,204011.301931196,470564.015529834,,000
펫클럽동물병원,20130312,0002,폐업,20140501,031-841-3051,,11751,"경기도 의정부시 호국로 1426, 1층 (금오동)",경기도 의정부시 금오동 463-10 태진빌딩 1층,11751,37.7493456291,127.060227469,,205238.988848706,471874.249343231,,000
서울동물병원,20130725,0002,폐업,20250712,031-852-7733,0,11808,"경기도 의정부시 용현로 152, 103호 (민락동)",경기도 의정부시 민락동 700-1번지 103호,11808,37.7405843423,127.0927173913,,208100.984261295,470901.678200317,,000
위즈펫동물병원,20140319,0002,폐업,20190308,031-853-0275,105.1,11787,"경기도 의정부시 산단로76번길 116 (용현동, 롯데마트 2층)",경기도 의정부시 용현동 527-1 38통7반 롯데마트 106동 103호,11787,37.7427811284,127.084272108,,207357.633104922,471153.493650556,,000
햇살동물병원,20140522,0002,폐업,20190308,031-827-8275,87,11792,"경기도 의정부시 오목로18번길 2 (용현동, 현대빌딩 2층)",경기도 의정부시 용현동 230-17 현대빌딩 2층,11792,37.7322481728,127.085272943,,207444.394060676,469980.428225543,,000
서정동물메디컬센터,20150630,0002,폐업,20160303,031-851-0901,,11757,"경기도 의정부시 청사로48번길 7, 3층 1호 (금오동, 대송프라자)",경기도 의정부시 금오동 474-2 대송프라자,11757,37.7529166179,127.0704797165,,206143.881569375,472271.374982574,,000
서정동물메디컬센터,20160303,0002,폐업,20160628,031-851-0900,0,11757,"경기도 의정부시 청사로48번길 7 (금오동, 대송프라자)",경기도 의정부시 금오동 474-2,11757,37.7529166179,127.0704797165,,206143.881569375,472271.374982574,,000
의정부 동물병원 24시 88동물의료원,20160912,0002,폐업,20180322,031-848-8275,0,11700,"경기도 의정부시 평화로 452, 1층 (의정부동, 알리안츠생명빌딩)",경기도 의정부시 의정부동 370-9번지 알리안츠생명빌딩 1층,11700,37.7322655621,127.0483102903,,,,,000
이리온동물병원 의정부점,20170201,0002,폐업,20190331,031-837-6125,0,11696,"경기도 의정부시 평화로 525, 6층 (의정부동, 의정부민자역사(신세계백화점))",경기도 의정부시 의정부동 168-54 신세계백화점 6층,11696,37.7402498626,127.0455945613,,204011.301931196,470564.015529834,,000
펫인쥬동물병원,20171130,0002,폐업,20210707,031-860-5271,201.45,11692,"경기도 의정부시 호국로1310번길 44, 2층 (의정부동)",경기도 의정부시 의정부동 182-8,11692,37.7415899363,127.0495361925,,204295.047921744,471012.418519635,,000
마리,20200323,0002,폐업,20231218,,785.9,11770,"경기도 의정부시 용민로 391, 예스프라자 시그니처 103호 (낙양동)",경기도 의정부시 낙양동 737 예스프라자 시그니처,11770,37.755457659,127.1118551536,,209788.742342834,472560.495833882,,000
월성동물병원,19721002,0002,폐업,20181226,031-449-3231,60,,경기도 안양시 만안구 안양로323번길 19 (안양동),경기도 안양시 만안구 안양동 1195-63,14006,37.3999409932,126.9189470839,,192753.098376338,433096.681665253,,000
호계동물병원,19920226,0002,폐업,20191022,031-452-5874,29.6,,"경기도 안양시 동안구 경수대로651번길 14-26 (호계동,지상1층)",경기도 안양시 동안구 호계동 933-16 지상1층,14082,37.380940705,126.952804886,,195750.155874909,430985.964181728,,000
수동물병원,19940509,0002,폐업,20130117,,94.64,13937,"경기도 안양시 동안구 관악대로 317-4 (관양동, 1층)",경기도 안양시 동안구 관양동 1406,13937,37.4036779166,126.9580122353,,196213.199964363,433510.330598782,,000
제일동물병원,19950123,0002,폐업,20060704,,45.45,,,경기도 안양시 동안구 호계동 1045-234 제일상가 215호,14072,,,,,,,000
일번가동물병원,19961127,0002,폐업,20081205,,37.36,,경기도 안양시 만안구 안양로 306 (안양동),경기도 안양시 만안구 안양동 674-53,13992,37.3994384801,126.9212444983,,,,,000
김종오동물병원,19980314,0002,폐업,20081117,,44.64,,경기도 안양시 만안구 안양로 355 (안양동),경기도 안양시 만안구 안양동 693-1,13988,37.4029629201,126.9175904999,,,,,000
안양펫동물병원,20080521,0002,폐업,20090409,031-385-7676,196,,"경기도 안양시 동안구 경수대로 884 (비산동,3층)",경기도 안양시 동안구 비산동 422-13 3층,13954,37.3968901311,126.9385949543,,,,,000
하은동물종합병원,20080610,0002,폐업,20100723,031-384-3690,67.28,,경기도 안양시 동안구 관악대로 217 (비산동),경기도 안양시 동안구 비산동 363-13,13919,37.4008307973,126.9471807111,,,,,000
준동물병원,20090205,0002,폐업,20131119,031-427-5575,23.68,14106,경기도 안양시 동안구 흥안대로223번길 19 (호계동),경기도 안양시 동안구 호계동 1121 샘마을대우한양아파트상가 1동 116호,14106,37.3755656889,126.9662902496,,196852.91093544,430334.295150229,,000
안양펫동물병원,20090619,0002,폐업,20121231,031-385-7676,55.2,,"경기도 안양시 동안구 경수대로 643 (호계동,1층)",경기도 안양시 동안구 호계동 934-26 1층,,37.3795595469,126.9539676871,,195853.054263835,430832.564326779,,000
바하동물병원,20091112,0002,폐업,20220120,031-425-8875,111.27,,"경기도 안양시 동안구 흥안대로 418 (평촌동,2층)",경기도 안양시 동안구 평촌동 117-6 2층,14063,37.3915389661,126.9745481307,,197674.188600833,432162.027400161,,000
이풍호동물병원,20100614,0002,폐업,20240110,031-388-1155,117.42,,"경기도 안양시 동안구 평촌대로 371 (비산동,2층)",경기도 안양시 동안구 비산동 1026-14 2층,13919,37.4038347481,126.9490397972,,195415.901957117,433524.965016234,,000
하은동물병원,20100728,0002,폐업,20110317,031-384-3960,67.28,,"경기도 안양시 동안구 관악대로 217 (비산동,1층)",경기도 안양시 동안구 비산동 363-13 1층,13919,37.4008307973,126.9471807111,,,,,000
일번가동물병원,20100927,0002,폐업,20101203,031-469-0085,52.47,,경기도 안양시 만안구 안양로 348,경기도 안양시 만안구 안양동 689-179,13991,37.402670484,126.9186096448,,,,,000
안양동물병원,20110513,0002,폐업,20230731,031-466-0075,555.82,14006,"경기도 안양시 만안구 안양로 347, 1층 (안양동, 안양동물병원)",경기도 안양시 만안구 안양동 695-94 1층 안양동물병원,14006,37.4023333767,126.9178778382,,,,,L00
안양펫동물병원,20130102,0002,폐업,20151231,031-385-7676,115,14082,"경기도 안양시 동안구 경수대로 643, 2층 (호계동)",경기도 안양시 동안구 호계동 934-26 2층,,37.3795595469,126.9539676871,,195853.054263835,430832.564326779,,000
준동물병원,20131121,0002,폐업,20150629,031-427-5575,23.68,14106,"경기도 안양시 동안구 흥안대로223번길 19, 1층 116호 (호계동, 샘마을아파트상가동)",경기도 안양시 동안구 호계동 1121 샘마을아파트상가동 1층 116호,14106,37.3755656889,126.9662902496,,196852.91093544,430334.295150229,,000
굿닥터동물병원,20140217,0002,폐업,20240222,031-345-7582,97.9,13930,경기도 안양시 동안구 동편로183번길 14 (관양동),경기도 안양시 동안구 관양동 1693-11,13930,37.4066184297,126.9703976855,,197308.991550368,433835.938371038,,000
안양펫동물병원,20160104,0002,폐업,20250203,031-385-7676,115,14078,"경기도 안양시 동안구 경수대로 707, 1층 (호계동)",경기도 안양시 동안구 호계동 923,14078,37.384735823,126.9512241537,,195605.793247312,431405.786216646,,000
이스턴동물병원,20160921,0002,폐업,20181017,031-386-8875,39.96,14043,"경기도 안양시 동안구 달안로 61, 139호 (비산동, 샛별한양아파트)",경기도 안양시 동안구 비산동 1101-2 한양스포츠센터 139호,14043,37.396842243,126.9494977102,,195409.331231444,432714.355693554,,000
포레스트동물병원,20161004,0002,폐업,20191002,031-388-3889,63.48,13941,"경기도 안양시 동안구 평촌대로 352, 1층 (비산동, 성준빌딩)",경기도 안양시 동안구 비산동 1033-2,13941,37.402190976,126.9502720845,,195525.053388903,433351.898319096,,000
서울동물병원,19751227,0002,폐업,19970826,,0,,,경기도 부천시 소사구 심곡본동 530-77,,,,,,,,000
소사동물병원,19751227,0002,폐업,20040421,,0,14710,"경기도 부천시 소사구 경인로 275, 효성팰리스 (심곡본동)",경기도 부천시 소사구 심곡본동 556 효성팰리스,14710,37.4831487423,126.7862389205,,181017.874484492,442352.917569132,,000
동물진료법인 쥬박스동물메디컬센터,20220211,0002,폐업,20220819,031-913-0649,224,10386,"경기도 고양시 일산서구 중앙로 1425, 주엽역 삼부르네상스 103~108호 (주엽동)",경기도 고양시 일산서구 주엽동 105 주엽역 삼부르네상스,10386,37.6690257106,126.7618754325,,178921.755604618,462986.547889216,,000
한국마사회 부속동물병원,19890902,0002,폐업,20050603,,0,,경기도 과천시 경마공원대로 107,경기도 과천시 주암동 685,13822,37.4412015528,127.0160955856,,201414.290510998,438412.741689539,,000
삼포마필동물병원,19930910,0002,폐업,20201118,,96,13822,경기도 과천시 경마공원대로 107 (주암동),경기도 과천시 주암동 685,13822,37.4459244357,127.0116448222,,201414.290510998,438412.741689539,,L00
가나동물병원,20010922,0002,폐업,20031106,,66,,경기도 과천시 별양상가1로 37,경기도 과천시 별양동 1-5,13837,37.4284258757,126.9937873867,,199379.191164699,436253.88630452,,000
꾸러기동물병원,20021129,0002,폐업,20090105,,28.3,,경기도 과천시 별양상가2로 20,경기도 과천시 별양동 새서울프라자217-104,13837,37.4268251693,126.992554906,,,,,000
과천종합동물병원,20030110,0002,폐업,20030730,,28,,경기도 과천시 별양상가로 7,경기도 과천시 별양동 1-11,13837,37.4279985633,126.9929312719,,199306.90316167,436211.226305685,,000
과천25시동물병원,20030801,0002,폐업,20050725,,99,,경기도 과천시 별양상가로 7,경기도 과천시 별양동 1-11 벽산상가 1층 124호,13837,37.4279985633,126.9929312719,,199306.90316167,436211.226305685,,000
웰펫동물병원,20030920,0002,폐업,20030920,,0,,경기도 과천시 별양상가3로 11,경기도 과천시 별양동 1-19 뉴코아백화점5층,13837,37.4262633755,126.9918692595,,199209.021144538,436019.965418918,,000
웰펫동물병원,20030922,0002,폐업,20050223,,45,,경기도 과천시 별양상가3로 11,경기도 과천시 별양동 1-19 뉴코아백화점5층,13837,37.4262633755,126.9918692595,,199209.021144538,436019.965418918,,000
경기 말 전문병원,20031230,0002,폐업,20040628,,21.59,,경기도 과천시 문원청계6길 62,경기도 과천시 문원동 115-402,13827,37.421962228,127.0107155281,,200879.181115111,435536.543777351,,000
과천25시 동물병원,20031230,0002,폐업,20050725,,0,,경기도 과천시 별양상가로 7,경기도 과천시 별양동 1-11 벽산상가 1층124호,13837,37.4279985633,126.9929312719,,199306.90316167,436211.226305685,,000
닥터임 동물병원,20040629,0002,폐업,20060731,,185,,경기도 과천시 경마공원대로 107,경기도 과천시 주암동 685-0018,13822,37.4412015528,127.0160955856,,201787.418612161,438361.306957328,,000
준마동물병원,20040630,0002,폐업,20050708,,399,,경기도 과천시 경마공원대로 107,경기도 과천시 주암동 685-0012,13822,37.4412015528,127.0160955856,,201498.209730765,437860.202279716,,000
김창식,20040702,0002,폐업,20070412,,185,,경기도 과천시 경마공원대로 107,경기도 과천시 주암동 685-18 가측,13822,37.4412015528,127.0160955856,,201787.418612161,438361.306957328,,000
웰펫동물병원,20050223,0002,폐업,20050718,,33,,경기도 과천시 별양상가3로 11,경기도 과천시 별양동 1-19   뉴코아백화점4층,13837,37.4262633755,126.9918692595,,,,,000
웰펫동물병원,20050718,0002,폐업,20060120,,0,,경기도 과천시 별양상가3로 11,경기도 과천시 별양동 1-19   뉴코아백화점4층,13837,37.4262633755,126.9918692595,,,,,000
과천종합 동물병원,20050725,0002,폐업,20141125,02-502-2688,0,,,경기도 과천시 별양동 벽산상가 1층 114호,,,,,,,,000
웰펫동물병원,20060123,0002,폐업,20070104,02-507-1235,0,,경기도 과천시 별양상가3로 11,경기도 과천시 별양동 1-19   NC백화점 4층,13837,37.4262633755,126.9918692595,,,,,000
웰펫동물병원,20070109,0002,폐업,20130627,,33,,,경기도 과천시 별양동 7 복합상가 214,,37.4265498574,126.9939256699,,199398.045296921,436047.199612561,,000
닥터임 동물병원,20080413,0002,폐업,20240426,02-509-1924,57.6,13822,경기도 과천시 경마공원대로 107 (주암동),경기도 과천시 주암동 685-18,13822,37.4459244357,127.0116448222,,201787.418612161,438361.306957328,,000
꾸러기 동물병원,20090105,0002,폐업,20100302,02-502-7509,20,,경기도 과천시 별양상가2로 20,경기도 과천시 별양동 1-18 새서울프라자 1층 24호,13837,37.4268251693,126.992554906,,199271.515,436077.66,,000
꾸러기 동물병원,20100303,0002,폐업,20151230,,15,13837,경기도 과천시 별양상가2로 20 (별양동),경기도 과천시 별양동 1-18,13837,37.4268251693,126.992554906,,199271.515,436077.66,,000
정다운 동물병원,20130730,0002,폐업,20180723,02-504-7588,0,13837,"경기도 과천시 별양상가1로 38, 1층 110호 (별양동)",경기도 과천시 별양동 1-7 1층 110호,13837,37.4281635182,126.9935631022,,199359.55,436226.12,,000
위즈펫 동물병원,20160905,0002,폐업,20230904,80728273,0,12942,"경기도 하남시 미사대로 750, G243호 (신장동, 스타필드하남)",경기도 하남시 신장동 616,12942,37.545418129,127.2237611843,,219699.010520355,449270.371200837,,000
도담동물병원,20160922,0002,폐업,20190417,,0,12909,"경기도 하남시 미사강변대로 212, 111호 (망월동, 미사센트럴프라자)",경기도 하남시 망월동 968-1,12909,37.5686203588,127.1847215819,,216247.753743329,451843.833748544,,000
쿨펫동물병원,20161229,0002,폐업,20170719,031-792-2982,,12927,"경기도 하남시 덕풍서로 70, 5층 (덕풍동, 하남풍산지구 이마트)",경기도 하남시 덕풍동 736,12927,37.5527737515,127.2053480453,,218076.91973786,450073.163619109,,000
미사 다나을 동물병원,20170306,0002,폐업,20230403,031-8027-3999,88.2,12908,"경기도 하남시 미사강변북로30번길 9, 1층 (망월동)",경기도 하남시 망월동 1010-10,12908,37.571352814,127.1818676828,,215995.933563243,452133.215325172,,000
쿨펫동물병원,20170719,0002,폐업,20190820,,0,12927,"경기도 하남시 덕풍서로 70, 5층 (덕풍동, 하남풍산지구 이마트)",경기도 하남시 덕풍동 736,12927,37.5527737515,127.2053480453,,218076.91973786,450073.163619109,,000
파크동물병원,20180206,0002,폐업,20220304,031-796-8820,36.19,12942,"경기도 하남시 하남유니온로 120, 1층 (신장동)",경기도 하남시 신장동 612,12942,37.5436331659,127.2236432499,,219687.473081973,449061.051047866,,000
팻서비스동물병원,20080215,0002,폐업,20080825,1588-8207,0,,경기도 부천시 원미구 길주로 288,경기도 부천시 원미구 중동 1141-5 (2층),14548,37.5027160413,126.7742412161,,179966.754509977,444523.453401913,,L00
아프리카동물병원,20080310,0002,폐업,20080604,,0,,경기도 부천시 원미구 원미로57번길 30,경기도 부천시 원미구 원미동 199-21,14572,37.4888150304,126.7886961769,,,,,000
쿨펫동물병원,20080508,0002,폐업,20160607,,0,,경기도 부천시 원미구 석천로 188,경기도 부천시 원미구 중동 이마트 1층,14547,37.5040675095,126.7639551478,,,,,000
에녹동물병원,20080730,0002,폐업,20110803,,0,,경기도 부천시 원미구 신흥로 230,경기도 부천시 원미구 중동 1062-1,14534,37.5043419208,126.7762732938,,180148.237239945,444704.626707764,,000
아프리카동물병원,20080825,0002,폐업,20140826,,48,,경기도 부천시 소사구 경인로 72,경기도 부천시 소사구 송내동 393-1,14728,37.4835480172,126.763183775,,178984.194323843,442395.717376002,,000
소풍쿨펫동물병원,20100427,0002,폐업,20120424,032-329-7975,11.9,,경기도 부천시 원미구 송내대로 239,경기도 부천시 원미구 상동 539-1,14545,37.5041752477,126.7566905848,,178411.442079953,444684.405331659,,000
플러스동물병원,20100607,0002,폐업,20110411,,41.8,,경기도 부천시 원미구 상동로 84,경기도 부천시 원미구 상동 542-1,14545,37.5045065601,126.7534854612,,,,,000
우리들동물병원,20120207,0002,폐업,20171204,,0,14703,경기도 부천시 소사구 소사로 196 (소사본동),경기도 부천시 소사구 소사본동 160-29번지,14703,37.475670471,126.7957422498,,181864.686954821,441518.411854494,,000
지중해동물병원,20140211,0002,폐업,20141203,,,,경기도 부천시 원미구 길주로 275,경기도 부천시 원미구 중동 1058-2 중동프라자 107호,14539,37.503909128,126.7733132455,,179887.751542004,444658.193379039,,000
메디펫종합동물병원,20140829,0002,폐업,20181204,,0,14728,경기도 부천시 소사구 경인로 72 (송내동),경기도 부천시 소사구 송내동 393-1번지,14728,37.4835480172,126.763183775,,178984.194323843,442395.717376002,,000
행복이있는동물병원,19980612,0002,폐업,20231127,,0,13618,"경기도 성남시 분당구 돌마로 79, 104호 (금곡동, 썬프라자)",경기도 성남시 분당구 금곡동 153 썬프라자 104호,13618,37.3503950812,127.1108000763,,209746.721003362,427600.917156876,,000
정든 동물병원,19981226,0002,폐업,20080402,,0,,"경기도 성남시 분당구 불정로 119, 103호 (정자동,정든마을 한신상가 )",경기도 성남시 분당구 정자동 193 정든마을 한신상가  103호,13602,37.3614340518,127.118184888,,210369.988419519,428696.376549325,,000
로데오동물병원,19981231,0002,폐업,20051221,,0,,경기도 성남시 분당구 내정로119번길 4-6,경기도 성남시 분당구 정자동 51-4,13609,37.3712504271,127.1155036273,,,,,000
수정동물병원,19990127,0002,폐업,20050613,,0,,경기도 성남시 수정구 수정로 259-1,경기도 성남시 수정구 신흥동 74-1,13259,37.4480499752,127.1450820533,,,,,000
구미동물병원,19990213,0002,폐업,20031202,,0,,"경기도 성남시 분당구 미금로 48, 102호 (구미동,오성플라자)",경기도 성남시 분당구 구미동 205-1 오성플라자 102호,13626,37.3377133229,127.1165439059,,210257.696972908,426206.804268634,,000
미금동물병원,19990325,0002,폐업,20111028,,0,,"경기도 성남시 분당구 돌마로 68, 103호 (구미동,분당프라자)",경기도 성남시 분당구 구미동 23-1 분당프라자 103호,13627,37.3496338389,127.1095620163,,209634.838106536,427516.500850969,,000
현대동물병원,19980616,0002,폐업,20170731,031-385-7582,43.56,,경기도 안양시 동안구 귀인로 190 (평촌동),경기도 안양시 동안구 평촌동 901,14103,37.3851294521,126.9603711021,,196420.514016353,431448.971883082,,000
애니피스동물병원,19990716,0002,폐업,20120925,031-465-0075,46.27,13987,경기도 안양시 만안구 박달로 541 (박달동),경기도 안양시 만안구 박달동 75-17,13987,37.4027405957,126.9127337826,,,,,000
이풍호동물병원,19990806,0002,폐업,20080519,,62.7,,경기도 안양시 동안구 관악대로 217 (비산동),경기도 안양시 동안구 비산동 363-13,13919,37.4008307973,126.9471807111,,,,,000
안양동물병원,20000214,0002,폐업,20080129,031-469-0075,85.5,,경기도 안양시 만안구 안양로 349 (안양동),경기도 안양시 만안구 안양동 695-21,14006,37.4025407949,126.917898831,,,,,000
신동물병원,20000422,0002,폐업,20221230,031-445-7505,35.97,14002,경기도 안양시 만안구 장내로89번길 5 (안양동),경기도 안양시 만안구 안양동 711-129 상가1층,14002,37.395520448,126.9181677832,,192682.622197702,432605.470446236,,000
부축동물병원,19821202,0002,폐업,20091120,,29.7,,경기도 부천시 원미구 옥산로 147,경기도 부천시 원미구 도당동 284-2,14532,37.5067167008,126.7799161899,,,,,000
장곡애니동물병원,20140801,0002,폐업,20240510,031-438-7552,69.63,15002,"경기도 시흥시 장곡로 23, 106호 (장곡동)",경기도 시흥시 장곡동 823-3 106호,15002,37.3790954387,126.7861645217,,180990.945,430801.077,,000
배곧 코코동물병원,20160315,0002,폐업,20180829,031-434-0863,77.1,15020,"경기도 시흥시 함송로 15, 1층 104,105호 (정왕동, 화신프라자)","경기도 시흥시 정왕동 1881-11 1층 104,105호",15020,37.3640347307,126.7302949768,,176035.535074099,429144.230146749,,000
목감동물병원,20160901,0002,폐업,20161130,031-482-7585,55.08,14984,경기도 시흥시 동서로 1064 (조남동),경기도 시흥시 조남동 169-45,14984,37.3838893135,126.8599259022,,187525.239516308,431321.164451321,,000
㈜비전 에프엘씨,20100422,0002,폐업,20120621,031-709-0240,0,,"경기도 성남시 중원구 도촌남로 33, 206호 (도촌동,세일프라자)",경기도 성남시 중원구 도촌동 567 세일프라자 206호,13426,37.4145639832,127.1511390157,,213310.017222051,434727.130450288,,L00
행복이 있는 동물병원 정자점,20100908,0002,폐업,20101102,,0,,"경기도 성남시 분당구 불곡로 4, 104호 (정자동,리더스프라자)",경기도 성남시 분당구 정자동 219-3 리더스프라자 104호,13604,37.359403268,127.1229718119,,210821.835896495,428601.909355725,,000
행복이 있는 동물병원(정자점),20101105,0002,폐업,20110224,,0,,경기도 성남시 분당구 불곡로 4,경기도 성남시 분당구 정자동 219-3    리더스플라자 104호,13604,37.359403268,127.1229718119,,,,,000
펫플러스 동물병원,20101116,0002,폐업,20110504,,0,,"경기도 성남시 분당구 불정로 266, 201호 (수내동)",경기도 성남시 분당구 수내동 87-1 201호,13601,37.367097985,127.1276878492,,211239.634498391,429456.03659767,,000
행복이 있는 동물병원 정자점,20110225,0002,폐업,20160531,,0,13604,"경기도 성남시 분당구 불곡로 4, 104호 (정자동, 리더스플라자)",경기도 성남시 분당구 정자동 219-3 리더스플라자 104호,13604,37.359403268,127.1229718119,,210821.835896495,428601.909355725,,000
교보 동물병원,20110407,0002,폐업,20150302,031-755-9429,0,,경기도 성남시 수정구 수정로 139 (태평동),경기도 성남시 수정구 태평동 3502,13305,37.442261336,127.1355908138,,211928.624166475,437799.863191169,,000
아이덱스래버러토리스 동물병원,20111026,0002,폐업,20180323,031-702-0832,,,"경기도 성남시 분당구 황새울로319번길 8-6 (서현동,수의과학회관 7층)",경기도 성남시 분당구 서현동 272-5 수의과학회관 7층,13590,37.3856726877,127.121145881,,210654.986591999,431519.970467175,,L00
가온동물병원,20120126,0002,폐업,20130301,,,13373,"경기도 성남시 중원구 둔촌대로 107-0, 2층 (성남동, 금호빌딩)",경기도 성남시 중원구 성남동 4103 금호빌딩 2층,13373,37.4296094965,127.1308823588,,211512.522111842,436393.940836495,,000
정 동물병원,20120309,0002,폐업,20130731,031-722-6278,40.69,13288,경기도 성남시 수정구 탄리로 114-1 (태평동),경기도 성남시 수정구 태평동 499 61통,13284,37.4495771299,127.1350903183,,211883.303367336,438610.449755196,,000
보보스 동물병원,20120319,0002,폐업,20151030,,,13477,경기도 성남시 분당구 운중로243번길 3-6 (판교동),경기도 성남시 분당구 판교동 619-9,13477,37.3901291125,127.0898084913,,207883.895711534,432008.664523369,,000
프라임동물병원,20120611,0002,폐업,20230220,80179975,,13466,"경기도 성남시 분당구 운중로 124, 204호 (운중동, 마크시티 블루)",경기도 성남시 분당구 운중동 945,13466,37.3913456416,127.0769232152,,206741.342155134,432142.225548684,,000
알로하 동물병원,20130213,0002,폐업,20221228,031-8017-6125,178.61,13525,"경기도 성남시 분당구 동판교로177번길 25, 101,102,103호 (삼평동, 판교 호반 써밋 플레이스)",경기도 성남시 분당구 삼평동 740 판교 호반 써밋 플레이스,13525,37.397320957,127.1135515109,,209983.108079333,432804.509294042,,000
비전FLC,20130221,0002,폐업,20150615,031-709-0240,76.85,13461,"경기도 성남시 분당구 산운로160번길 20-6, 지층 (운중동)",경기도 성남시 분당구 운중동 970-7 지층,13461,37.3926413596,127.0788138713,,206908.686221544,432286.055095099,,000
이동훈동물병원,20130522,0002,폐업,20140206,031-752-7570,207,13313,"경기도 성남시 수정구 성남대로 1215, 지하층 B01호 (수진동, 밀란체1)",경기도 성남시 수정구 수진동 4557 밀란체1 B01호,13313,37.4381257746,127.127471912,,211208.738714595,437339.915743839,,000
펫가든동물병원(판교점),20130705,0002,폐업,20141231,031-8017-0275,0,13525,"경기도 성남시 분당구 대왕판교로606번길 58, 지하1층 (삼평동, 판교푸르지오월드마크)",경기도 성남시 분당구 삼평동 741 판교푸르지오월드마크지하1층,13525,37.3954464194,127.1136515168,,209993.600292929,432609.081811328,,000
정동물병원,20130806,0002,폐업,20230427,031-749-7557,30,13394,경기도 성남시 중원구 희망로 375 (상대원동),경기도 성남시 중원구 상대원동 3005,13394,37.4393649425,127.1587447541,,213977.961124792,437479.855489809,,000
24시UD동물병원,20140103,0002,폐업,20170113,031-721-2423,,13327,경기도 성남시 수정구 수정로 110 (수진동),경기도 성남시 수정구 수진동 53,13327,37.4409271725,127.1326354976,,211667.538113644,437651.304674618,,000
다온동물병원,20140708,0002,폐업,20160710,,,13201,경기도 성남시 중원구 갈마치로 322 (상대원동),경기도 성남시 중원구 상대원동 143-1,13201,37.4425271873,127.1709056389,,215112.974418427,437874.437702277,,L00
비포유 동물병원,20150415,0002,폐업,20190305,,,13558,"경기도 성남시 분당구 성남대로 349, 103호 (정자동)",경기도 성남시 분당구 정자동 17-5,13558,37.3672947708,127.1076974446,,209468.85942573,429475.800850246,,000
군견교육대 양주파견진료반,20120423,0002,폐업,20180911,1688-9163,0,,,경기도 양주시 은현면 용암리 산 49-1,11429,,,,,,,000
덕계동물병원,20190908,0002,폐업,20230201,031-861-7588,0,11439,경기도 양주시 평화로 1557 (회정동),경기도 양주시 회정동 347,11439,37.8281658647,127.0530898264,,204604.83791102,480632.348883861,,000
건우동물병원,20200616,0002,폐업,20250120,,3.3,11427,"경기도 양주시 은현면 은현로 73-14, 1층 1호",경기도 양주시 은현면 선암리 342-18,11427,37.8753141353,127.0234577373,,201991.75912725,485863.169543207,,000
협동동물병원,19650501,0002,폐업,20070228,,21.6,,,경기도 포천시 영북면 운천리 513,,,,,,,,000
포천동물병원,19780915,0002,폐업,19980429,,0,,,경기도 포천시 신읍동 72,11149,,,,,,,000
평일동물병원,19760124,0002,폐업,20181228,,0,,경기도 광주시 곤지암읍 곤지암로50번길 11,경기도 광주시 곤지암읍 곤지암리 441-2,12804,37.3498366179,127.3401320083,,230067.146385941,427586.059306204,,000
광주동물병원,20010426,0002,폐업,20100208,,0,,경기도 광주시 파발로 103 (송정동),경기도 광주시 송정동 63-6,12756,37.4135174974,127.2592211575,,222874.745889263,434629.236904602,,000
윤호동물병원,20011226,0002,폐업,20070405,,0,,경기도 광주시 중앙로 138 (경안동),경기도 광주시 경안동 70-1,12756,37.411990506,127.2574293115,,222718.496983032,434458.619589429,,000
모란동물병원,20030807,0002,폐업,20031031,,0,,경기도 광주시 파발로 161-1,경기도 광주시 경안동 96-6,12755,37.4143153909,127.252754683,,,,,000
경안동물병원,20030821,0002,폐업,20120127,,0,,경기도 광주시 파발로 185 (탄벌동),경기도 광주시 탄벌동 44-5,12751,37.4154556226,127.2506037961,,222113.614570707,434844.909280054,,000
관인동물병원,19780616,0002,폐업,20080408,,0,,,경기도 포천시 관인면 탄동리 664,11101,,,,,,,000
중앙동물병원,19860128,0002,폐업,20210903,,66,11923,경기도 구리시 동구릉로 30 (인창동),경기도 구리시 인창동 563-19,11923,37.6030629265,127.1324401097,,211624.359590482,455644.233058352,,000
파트라슈동물병원,19930317,0002,폐업,20060511,,66,,경기도 구리시 벌말로 177 (수택동),경기도 구리시 수택동 268-1,11942,37.5923261875,127.1496652474,,213152.014814023,454458.202647801,,000
온누리,19960705,0002,폐업,20081119,031-554-8275,54.45,,,경기도 구리시 인창동 458-20,11914,37.6095363285,127.1359092244,,211934.492304971,456374.58967359,,000
행복한동물병원,20011008,0002,폐업,20211231,031-557-7588,69.7,,경기도 구리시 검배로 49 (수택동),경기도 구리시 수택동 506-3,11931,37.5974234093,127.1446345974,,212701.178644557,455023.048484427,,000
가람동물병원,20011224,0002,폐업,20060621,031-558-7582,50,,경기도 구리시 건원대로 41 (인창동),경기도 구리시 인창동 346-40,11918,37.6047348276,127.139716605,,212265.095974698,455832.418402611,,000
031-568-0075,20020624,0002,폐업,20040326,,45,,경기도 구리시 이문안로 105 (수택동),경기도 구리시 수택동 660-7,11941,37.5918292421,127.1432449876,,212580.928921083,454401.336493056,,000
인창,20020926,0002,폐업,20031110,,45,,경기도 구리시 동구릉로 79 (인창동),경기도 구리시 인창동 527-22,11919,37.6071600088,127.1340400878,,211763.700185094,456102.498147275,,000
러브펫,20030519,0002,폐업,20050513,031-569-8875,174,,경기도 구리시 검배로 111 (수택동),경기도 구리시 수택동 281-59,11942,37.5946199039,127.1504252885,,213215.150434849,454709.729456175,,000
내친구동물병원,20040329,0002,폐업,20091219,031-568-0075,0,,경기도 구리시 이문안로 105,경기도 구리시 수택동 660-7,11941,37.5918292421,127.1432449876,,,,,000
구리 러브펫 동물병원,20050413,0002,폐업,20070614,,122.1,,경기도 구리시 벌말로 186 (토평동),경기도 구리시 토평동 997-1,11945,37.5928606617,127.15056894,,213233.093672118,454525.272611284,,000
펫가든 구리점 동물병원(위즈 펫),20060929,0002,폐업,20210324,031-565-5275,172,11915,"경기도 구리시 동구릉로136번길 57 (인창동, 구리유통종합시장)",경기도 구리시 인창동,11915,37.6131390076,127.1409110928,,212367.118425352,456712.576784184,,000
서울명문동물병원,20070817,0002,폐업,20110201,,1854,,,경기도 구리시 수택동 370-115,11927,,,,,,,000
솔로몬동물병원,20080226,0002,폐업,20080616,,0,,"경기도 구리시 동구릉로85번길 25 (인창동,중앙상가 106호)",경기도 구리시 인창동 493-3 중앙상가 106호,11919,37.6087973365,127.1330350355,,211674.09993127,456283.123141804,,000
솔로몬 동물병원,20090921,0002,폐업,20100506,031-555-7586,250.61,,"경기도 구리시 동구릉로85번길 25 (인창동,중앙상가 1층 106호)",경기도 구리시 인창동 493-3 중앙상가 1층 106호,11919,37.6087973365,127.1330350355,,211674.09993127,456283.123141804,,000
우리동물병원,20120802,0002,폐업,20121108,,91.72,11960,경기도 구리시 벌말로 104 (토평동),경기도 구리시 토평동 617-3,11960,37.5858854581,127.1479511665,,212998.386114236,453738.950127028,,000
에이지펫,20160906,0002,폐업,20190905,031-568-8121,110.4,11961,경기도 구리시 장자호수길 76-141 (토평동),경기도 구리시 토평동 711-1,11961,37.581264558,127.1429556338,,212560.19086135,453223.79773689,,L00
팝애니랩,20170116,0002,폐업,20210507,031-523-2731,206,11906,"경기도 구리시 동구릉로460번길 48 (사노동, 제조업소)",경기도 구리시 사노동 360-30,11906,37.6376572101,127.1414618479,,212416.512659544,459489.461902234,,000
백석동물병원,20040622,0002,폐업,20070710,031-817-0075,0,,경기도 고양시 일산동구 중앙로 1055,경기도 고양시 일산동구 백석동 1332-1 레이크하임상가 109호,10447,37.6436965668,126.7864624177,,181077.731301669,460179.026215392,,000
마이독 동물병원,20040714,0002,폐업,20060123,031-924-0079,0,,경기도 고양시 일산서구 탄현로6번길 23-25,경기도 고양시 일산서구 탄현동 1593-3,10345,37.693217292,126.7735113258,,179955.345,465668.25,,000
베스트동물병원,20040813,0002,폐업,20051102,,0,,경기도 고양시 일산서구 중앙로 1470,경기도 고양시 일산서구 주엽동 17 동부썬프라자 A동 106호,10379,37.6722015115,126.7580679758,,178529.136791301,463365.623578833,,000
산들 동물병원,20040930,0002,폐업,20051207,,0,,,경기도 고양시 일산서구 일산동 6블록 1롯트,,,,,,,,000
한솔동물병원,20041213,0002,폐업,20130314,,0,,경기도 고양시 덕양구 혜음로 8,경기도 고양시 덕양구 고양동 243 삼라마이다스 프라자 114호,10275,37.7010764859,126.9018235658,,191272.237926127,466525.081543565,,000
해마루동물병원,20000210,0002,폐업,20230726,,957,13590,경기도 성남시 분당구 황새울로319번길 8-6 (서현동),경기도 성남시 분당구 서현동 272-5,13590,37.3856726877,127.121145881,,210654.986591999,431519.970467175,,L00
새천년,20000512,0002,폐업,20120816,,0,,"경기도 성남시 분당구 불정로386번길 10, 601동 1026호 (서현동,효자촌주상복합상가)",경기도 성남시 분당구 서현동 307 효자촌주상복합상가 601동 1026호,13587,37.3730515676,127.1378346204,,212152.341107485,430133.858908997,,000
중부동물병원,20000512,0002,폐업,20090710,,0,,"경기도 성남시 분당구 중앙공원로40번길 8, 156동 1호 (서현동,현대상가)",경기도 성남시 분당구 서현동 94 현대상가 156동 1호,13589,37.3797250616,127.1301555902,,211462.754186616,430856.274957711,,000
희망동물병원,20000622,0002,폐업,20030407,,0,,경기도 성남시 중원구 산성대로 322-2 (중앙동),경기도 성남시 중원구 중앙동 443,,37.4421485768,127.1519618636,,213377.889369896,437788.614694426,,000
그린동물병원,20010303,0002,폐업,20040506,,0,,경기도 성남시 중원구 성남대로 1139 (성남동),경기도 성남시 중원구 성남동 4170,13376,37.4313965097,127.1287372997,,211324.060484093,436592.845802119,,000
현대동물병원,20010303,0002,폐업,20120322,,0,,경기도 성남시 분당구 성남대로 30 (구미동),경기도 성남시 분당구 구미동 185-5,13637,37.338384151,127.1094396311,,209626.917756254,426267.516779548,,000
고려동물병원,20010303,0002,폐업,20041207,,0,,경기도 성남시 수정구 시민로 146 (신흥동),경기도 성남시 수정구 신흥동 3777,13352,37.4412233651,127.1440064503,,212675.817130667,437685.299654938,,000
한솔동물병원,20010727,0002,폐업,20060208,,0,,경기도 성남시 수정구 수정로 290,경기도 성남시 수정구 신흥동 923-1,13262,37.4502732388,127.1470500885,,,,,000
서현동물병원,20011201,0002,폐업,20040105,,0,,경기도 성남시 중원구 성남대로 1108,경기도 성남시 중원구 하대원동 100-3,13385,37.4286697517,127.1301409958,,,,,000
탑동물병원,20020413,0002,폐업,20160302,,0,,경기도 성남시 분당구 성남대로925번길 19 (야탑동),경기도 성남시 분당구 야탑동 352-1,13497,37.4120726841,127.1263918511,,211116.41205637,434446.629367517,,000
서울동물병원,20020712,0002,폐업,20041123,,0,,경기도 성남시 중원구 희망로 442 (금광동),경기도 성남시 중원구 금광동 7,13180,37.4444008619,127.1577948685,,213893.624911779,438041.173983934,,000
패미폐츠동물병원,20020724,0002,폐업,20030609,,0,,경기도 성남시 중원구 산성대로 346 (중앙동),경기도 성남시 중원구 중앙동 149,13248,37.4435995155,127.1549948939,,213645.048175871,437950.634245052,,000
우리동물병원,20020911,0002,폐업,20090724,,0,,경기도 성남시 분당구 내정로129번길 2 (정자동),경기도 성남시 분당구 정자동 47-9,13609,37.3715947073,127.1160439874,,210206.24991292,429954.469937928,,000
아프리카동물병원,20021122,0002,폐업,20081014,,0,,경기도 성남시 분당구 황새울로335번길 11 (서현동),경기도 성남시 분당구 서현동 261-1,13590,37.386538287,127.1212318964,,210664.080498277,431614.804034864,,000
패미폐츠동물병원,20021207,0002,폐업,20030415,,0,,경기도 성남시 분당구 서현로439번길 13 (분당동),경기도 성남시 분당구 분당동 103-9,13579,37.3749503932,127.14574302,,212838.059068251,430329.424938234,,000
서울동물병원,20030116,0002,폐업,20131230,,0,,경기도 성남시 수정구 수정로 110 (수진동),경기도 성남시 수정구 수진동 53,13327,37.4409271725,127.1326354976,,211667.538113644,437651.304674618,,000
(주)인트론바이오테크놀로지,20030117,0002,폐업,20070425,031-730-7288,0,,경기도 성남시 중원구 사기막골로62번길 61 (상대원동),경기도 성남시 중원구 상대원동 358-11,13212,37.4350664539,127.1784100265,,215720.723541906,436960.387677915,,L00
훼미리,20030129,0002,폐업,20070905,,0,,경기도 성남시 분당구 판교로 445 (야탑동),경기도 성남시 분당구 야탑동 533-8,13522,37.4057533678,127.1233385398,,210849.611788576,433746.502652718,,000
도그랜드,20030213,0002,폐업,20150914,,0,,경기도 성남시 분당구 백현로101번길 16 (수내동),경기도 성남시 분당구 수내동 19-3,13595,37.3770102111,127.112729561,,209928.434727344,430567.943405586,,000
한사랑동물병원,20030308,0002,폐업,20180405,,0,,경기도 성남시 중원구 금상로 74 (상대원동),경기도 성남시 중원구 상대원동 2314,13232,37.4413264577,127.1638229147,,214427.515016119,437697.974959472,,000
희망동물병원,20030409,0002,폐업,20070801,,0,,경기도 성남시 중원구 산성대로 322-2 (중앙동),경기도 성남시 중원구 중앙동 443,,37.4421485768,127.1519618636,,213377.889369896,437788.614694426,,000
종합동물병원,19930608,0002,폐업,20131230,,0,,경기도 포천시 일동면 소야길 13,경기도 포천시 일동면 기산리 102-32,11120,37.9558259564,127.314763843,,,,,000
포천종합동물병원,19941013,0002,폐업,20010622,,0,,,경기도 포천시 신읍동 202-38,11144,,,,,,,000
선진동물병원,19950510,0002,폐업,20191113,,765.42,11139,"경기도 포천시 신북면 호국로 2250, 2층",경기도 포천시 신북면 기지리 58,11139,37.9481431469,127.237067954,,220780.641680079,493971.264735446,,000
송우동물병원,19991211,0002,폐업,20001231,,0,,경기도 포천시 소흘읍 솔모루로 25,경기도 포천시 소흘읍 송우리 440-4,11178,37.8249840755,127.142818687,,212504.322149394,480279.856369199,,000
포천동물병원,19980522,0002,폐업,20010312,,0,,경기도 포천시 신읍길 7,경기도 포천시 신읍동 58-5,11147,37.8953395099,127.2007918395,,,,,000
미드미동물병원,20200508,0002,폐업,20260430,031-998-6473,153.11,10068,"경기도 김포시 김포한강8로194번길 8-6, 1층 (마산동)",경기도 김포시 마산동 647-3,10068,37.6391916181,126.6444075485,,168546.010606909,459707.207894424,,000
시온동물병원,20030823,0002,폐업,20040703,,0,,경기도 남양주시 진접읍 장현로 114,경기도 남양주시 진접읍 장현리 351-36,12011,37.7197923046,127.1843543194,,,,,000
남양주 동물병원,20040414,0002,폐업,20121231,,0,,"경기도 남양주시 경춘로 1281 (평내동,화성빌딩 201호)",경기도 남양주시 평내동 249-2 화성빌딩 201호,12217,37.6488745546,127.2353719401,,220700.732666505,460748.235772987,,000
오남동물병원,20040614,0002,폐업,20070109,,0,,,경기도 남양주시 오남읍 오남리 246-5,12039,37.6878916146,127.212139423,,,,,000
우주동물병원,20050224,0002,폐업,20090324,,40.6,,경기도 남양주시 별내면 청학로68번길 13,경기도 남양주시 별내면 청학리 413-3,12084,37.7085500886,127.1193607654,,210453.866965467,467351.751617154,,000
우리동물병원,20050315,0002,폐업,20080401,031-594-7586,0,,경기도 남양주시 경춘로 1003 (금곡동),경기도 남양주시 금곡동 158-10,12237,37.6349864076,127.2129007645,,218737.593076975,459198.00118486,,000
평내동물병원,20051024,0002,폐업,20091231,031-511-0304,0,,경기도 남양주시 경춘로1256번길 25,경기도 남양주시 평내동 580-1,12222,37.6451725054,127.2364732764,,,,,000
나라동물병원,20060817,0002,폐업,20120713,031-573-7675,43,12048,경기도 남양주시 오남읍 양지로 1,경기도 남양주시 오남읍 오남리 500 한신아파트 103동 301호,12048,37.6796535586,127.2079089294,,218264.464685185,464158.922270796,,000
유니펫동물병원,20070508,0002,폐업,20161214,,39.37,,"경기도 남양주시 화도읍 비룡로 58, 103.104호 (성훈플라자)",경기도 남양주시 화도읍 마석우리 383-1 성훈플라자 103.104호,12175,37.6572344378,127.3019941359,,226577.752667926,461691.603411409,,000
사랑으로 동물병원,20090123,0002,폐업,20231231,,50.9,,경기도 남양주시 오남읍 양지로 1 (대박빌딩 1층),경기도 남양주시 오남읍 오남리 500 대박빌딩 1층,12048,37.6796535586,127.2079089294,,218264.464685185,464158.922270796,,000
사랑동물병원,20090324,0002,폐업,20151111,,30,,경기도 남양주시 별내면 청학로68번길 13,경기도 남양주시 별내면 청학리 413-3,12084,37.7085500886,127.1193607654,,210453.866965467,467351.751617154,,000
은성동물병원,20100128,0002,폐업,20111121,,242.95,,경기도 남양주시 화도읍 경춘로 1981-15,경기도 남양주시 화도읍 마석우리 272-3,12180,37.6517376751,127.3083117979,,227132.985240779,461085.411064826,,000
손앤조 동물병원,20100323,0002,폐업,20141021,,98.54,,"경기도 남양주시 도농로 24, 사랑관 제상가동 201호 (도농동)",경기도 남양주시 도농동 1-29 사랑관 제상가동 201호,12256,37.6087490072,127.1589920361,,213941.170509698,456267.182532575,,000
필 동물병원,20100729,0002,폐업,20150508,,256.37,,경기도 남양주시 와부읍 수레로 4,경기도 남양주시 와부읍 덕소리 480-10,12209,37.5866554868,127.2126107799,,218709.944238769,453840.373009511,,000
누리동물병원,20110524,0002,폐업,20160226,,0,12258,경기도 남양주시 경춘로 456 (지금동),경기도 남양주시 지금동 129-60,12258,37.6090335134,127.1639079274,,214403.707304719,456311.891328659,,000
행복한동물병원,20110701,0002,폐업,20151229,,0,12147,"경기도 남양주시 호평로 57 (호평동, 1층)",경기도 남양주시 호평동 167 1층,12147,37.6561453879,127.2463204577,,221663.895749471,461558.208635172,,000
나라 동물병원,20120521,0002,폐업,20121022,031-577-7588,,12209,경기도 남양주시 와부읍 수레로 42,경기도 남양주시 와부읍 덕소리 141-19,12209,37.5877831443,127.2167406987,,219073.296943968,453964.096528296,,000
나라동물병원,20120717,0002,폐업,20200408,,43,12048,경기도 남양주시 오남읍 진건오남로 501,경기도 남양주시 오남읍 오남리 499-2,12048,37.6796821416,127.2085325547,,218324.196857669,464158.830186117,,000
손앤조동물병원,20141022,0002,폐업,20220428,031-562-0075,0,12256,"경기도 남양주시 도농로 24, 2층 201호 (도농동, 부영애시앙 사랑관 )",경기도 남양주시 다산동 4001-29번지 부영애시앙 사랑관 2층 201호,12256,37.6087490072,127.1589920361,,213941.170509698,456267.182532575,,000
사랑동물병원,20151111,0002,폐업,20240331,,30,12084,경기도 남양주시 별내면 청학로68번길 13 (삼화빌딩),경기도 남양주시 별내면 청학리 413-3,12084,37.7085500886,127.1193607654,,210453.866965467,467351.751617154,,000
다온동물병원,20151230,0002,폐업,20181030,031-594-5975,68.76,12147,"경기도 남양주시 호평로 57, 1층 (호평동)",경기도 남양주시 호평동 167,12147,37.6561453879,127.2463204577,,221663.895749471,461558.208635172,,000
지엘 동물병원,20160302,0002,폐업,20181030,031-565-7775,136.64,12258,"경기도 남양주시 경춘로 456, 1층 (지금동)",경기도 남양주시 지금동 129-60 1층,12258,37.6090335134,127.1639079274,,214403.707304719,456311.891328659,,000
에버펫,20040728,0002,폐업,20171107,,0,,"경기도 성남시 분당구 성남대로 165, 118호 (금곡동,천사의도시)",경기도 성남시 분당구 금곡동 161 천사의도시 118호,13615,37.3507565186,127.108336776,,209524.675442983,427639.852581088,,000
태평동물병원,20040903,0002,폐업,20050809,,0,,,경기도 성남시 수정구 태평동 4373-3,13298,,,,,,,000
동물사랑동물병원,20041104,0002,폐업,20151126,,0,13555,"경기도 성남시 분당구 정자일로 230, 115호 (정자동, 동양파라곤 상가3단지)",경기도 성남시 분당구 정자동 13-1 동양파라곤 상가3단지 115호,13555,37.3703284708,127.1065070808,,209363.231473471,429838.309128475,,000
서울동물병원,20041126,0002,폐업,20050412,,0,,경기도 성남시 중원구 희망로 442 (금광동),경기도 성남시 중원구 금광동 7,13180,37.4444008619,127.1577948685,,213893.624911779,438041.173983934,,000
정자펫플러스 동물병원,20041129,0002,폐업,20051010,,0,,경기도 성남시 분당구 정자일로 220,경기도 성남시 분당구 정자동 14-1,13555,37.3694270304,127.1064892014,,,,,000
건국종합동물병원,20041209,0002,폐업,20050720,,0,,경기도 성남시 중원구 시민로 117 (성남동),경기도 성남시 중원구 성남동 2026,13358,37.4387205805,127.1450130757,,212761.400949756,437409.286993622,,000
고려애견종합병원,20041209,0002,폐업,20221201,,72.38,13352,경기도 성남시 수정구 시민로 146 (신흥동),경기도 성남시 수정구 신흥동 3777,13352,37.4412233651,127.1440064503,,212675.817130667,437685.299654938,,000
사랑이가득한동물병원,20050107,0002,폐업,20051221,,0,,경기도 성남시 분당구 황새울로360번길 35,경기도 성남시 분당구 서현동 246-6    서현현대플라자,13591,37.3849087523,127.1246741102,,,,,000
상아동물병원,20050129,0002,폐업,20070227,,0,,경기도 성남시 분당구 내정로166번길 43 (수내동),경기도 성남시 분당구 수내동 63-1,13599,37.3703629634,127.1226233293,,210790.640989766,429818.966474165,,000
쥬쥬시티 동물병원,20050310,0002,폐업,20051221,,0,,경기도 성남시 분당구 황새울로258번길 25 (수내동),경기도 성남시 분당구 수내동 6-3,13595,37.3794219285,127.117043253,,210294.935,430822.715,,000
마이독 동물병원,20050725,0002,폐업,20060123,,0,,경기도 고양시 일산서구 탄현로6번길 23-25,경기도 고양시 일산서구 탄현동 1593-3,10345,37.693217292,126.7735113258,,179955.345,465668.25,,000
Dr. 헤리엇 동물병원,20050908,0002,폐업,20060605,,0,,경기도 고양시 일산동구 일산로 251,경기도 고양시 일산동구 마두동 753 102호,10416,37.6582318117,126.7874343753,,181174.98133946,461782.707180181,,000
비타민 동물병원,20051014,0002,폐업,20080401,,0,,경기도 고양시 일산서구 호수로856번길 73-20,경기도 고양시 일산서구 대화동 2252-1,10383,37.6739634228,126.7487859776,,177770.095,463534.96,,000
베스트동물병원,20051107,0002,폐업,20051227,,40.8,,경기도 고양시 일산서구 중앙로 1470,경기도 고양시 일산서구 주엽동 17 동부썬프라자 A동 106호,10379,37.6722015115,126.7580679758,,178529.136791301,463365.623578833,,000
쿨펫 동물병원,20051122,0002,폐업,20081202,,56.76,,경기도 고양시 덕양구 화중로 66,경기도 고양시 덕양구 화정동 982 롯데마트 2층 동물병원 코너,10500,37.6329529662,126.8311167607,,185024.681774615,458969.125315118,,000
한국마사회 원당목장 동물병원,20051222,0002,폐업,20070126,,438,,,경기도 고양시 덕양구 원당동 산 38-72,10292,,,,,,,L00
베스트동물병원,20051230,0002,폐업,20060123,,0,,경기도 고양시 일산서구 중앙로 1470,경기도 고양시 일산서구 주엽동 17 동부썬프라자 A동 106호,10379,37.6722015115,126.7580679758,,178529.136791301,463365.623578833,,000
산들동물병원,20060113,0002,폐업,20060615,,0,,,경기도 고양시 일산서구 일산동 6블록 1롯트,,,,,,,,000
베스트동물병원,20060123,0002,폐업,20070308,,39.6,,경기도 고양시 일산서구 중앙로 1470,경기도 고양시 일산서구 주엽동 17 동부썬프라자 A동 106호,10379,37.6722015115,126.7580679758,,178529.136791301,463365.623578833,,000
마이독 동물병원,20060123,0002,폐업,20130628,,238,,경기도 고양시 일산서구 탄현로6번길 23-25,경기도 고양시 일산서구 탄현동 1593-3,10345,37.693217292,126.7735113258,,179955.345,465668.25,,000
행복한 동물병원,20060405,0002,폐업,20110113,,55.92,,경기도 고양시 일산서구 가좌3로 7-1,경기도 고양시 일산서구 가좌동 308-1 나동 105호,10209,37.6854228548,126.7201923221,,175252.659180274,464804.417652215,,000
꿈꾸는 강아지 동물병원,20060407,0002,폐업,20081128,,35,,경기도 고양시 덕양구 백양로 51,경기도 고양시 덕양구 화정동 1000-3 107호,10503,37.630306106,126.833248425,,185205.368861892,458676.285854443,,000
감정동물병원,20050128,0002,폐업,20171214,,0,10102,"경기도 김포시 중봉로 12, 104호 (감정동, 방주빌딩)",경기도 김포시 감정동 515-12 42통8반 방주빌딩 104호,10102,37.6236216508,126.697698618,,173244.276126591,457963.580883137,,000
풍무종합동물병원,20050412,0002,폐업,20090826,,0,,,경기도 김포시 풍무동 447-5,,,,,,,,000
사우동물병원,20050923,0002,폐업,20060406,,0,,경기도 김포시 사우중로 89,경기도 김포시 북변동 828 명승프라자 1층,10097,37.6226613901,126.7211883721,,175316.37,457850.07,,000
피아이피 동물병원,20050928,0002,폐업,20060413,,0,,,경기도 김포시 사우동 407-19,10110,37.6141240603,126.7250278141,,,,,000
왈츠동물병원,20081031,0002,폐업,20120315,,237.16,,경기도 김포시 고촌읍 김포대로 332,경기도 김포시 고촌읍 신곡리 532-124,10125,37.600638412,126.7714444754,,179746.495085219,455393.057946555,,000
수애동물병원,20120514,0002,폐업,20200623,,68.4,10083,경기도 김포시 김포한강1로 57 (장기동),경기도 김포시 장기동 1611 MJ프라자 104호,10083,37.6436252954,126.6682393692,,170654.817087661,460192.831508677,,000
김포동물병원,20130520,0002,폐업,20170601,,51995,10080,경기도 김포시 김포한강4로 118 (장기동),경기도 김포시 장기동 1851,10080,37.644708872,126.6685219985,,170679.829685102,460314.704318343,,000
한강동물의료센터,20131114,0002,폐업,20240715,,493.37,10080,경기도 김포시 김포한강1로97번길 10-26 (장기동),경기도 김포시 장기동 1900-1,10080,37.6482706199,126.6725857905,,171034.448722476,460706.607894636,,000
숲속동물병원,20140618,0002,폐업,20190515,031-987-6975,77.25,10073,"경기도 김포시 김포한강11로 288-19, 109호 (운양동)",경기도 김포시 운양동 1297-14 109호,10073,37.6547294841,126.6824109932,,171917.570431121,461415.703282657,,000
미즈동물병원,20150119,0002,폐업,20170907,,,10077,"경기도 김포시 김포한강11로 141 (장기동, 한강프라자 1층)",경기도 김포시 장기동 1996-4 한강프라자 1층,10077,37.6458945149,126.6808188925,,171762.414111195,460438.533693051,,000
우리들 동물병원,20030506,0002,폐업,20080416,,0,,"경기도 성남시 분당구 성남대로916번길 20, 110호 (야탑동)",경기도 성남시 분당구 야탑동 367-5 110호,13506,37.4101633776,127.1297687038,,211418.841382879,434234.793839205,,000
아마존동물병원,20030513,0002,폐업,20041222,,0,,경기도 성남시 분당구 황새울로360번길 35,경기도 성남시 분당구 서현동 246-6    현대플라자 102호,13591,37.3849087523,127.1246741102,,,,,000
패미페츠동물의료원,20030513,0002,폐업,20040601,,0,,경기도 성남시 분당구 불정로420번길 12 (서현동),경기도 성남시 분당구 서현동 334-9,13578,37.3757558882,127.1408486085,,212405.135805587,430418.870800791,,L00
패미페츠동물병원(성남점),20030613,0002,폐업,20040105,,0,,경기도 성남시 중원구 산성대로 346 (중앙동),경기도 성남시 중원구 중앙동 149,13248,37.4435995155,127.1549948939,,213645.048175871,437950.634245052,,L00
애니플동물병원,20030613,0002,폐업,20040506,,0,,"경기도 성남시 분당구 성남대로172번길 12 (금곡동,현대아리온상가)",경기도 성남시 분당구 금곡동 147 현대아리온상가,13618,37.3509798931,127.1104696178,,209714.777986604,427666.075788392,,000
캐비어동물병원 본원,20030731,0002,폐업,20050520,,0,,경기도 성남시 중원구 산성대로 430 (금광동),경기도 성남시 중원구 금광동 4614,13170,37.4499946399,127.159623556,,214052.734132851,438660.232859687,,000
제일동물병원,20030820,0002,폐업,20050104,031-758-2962,0,,경기도 성남시 중원구 둔촌대로 100,경기도 성남시 중원구 하대원동 100,13385,37.429318164,127.1299569613,,211436.738423486,436357.972545341,,000
건국동물병원,20031009,0002,폐업,20070809,,0,,경기도 성남시 수정구 수정로 127-1 (태평동),경기도 성남시 수정구 태평동 3669,13305,37.4418968478,127.1343151533,,211815.097588036,437758.61171131,,000
애니스동물병원,20031216,0002,폐업,20120612,,0,,경기도 성남시 분당구 미금로 48,경기도 성남시 분당구 구미동 205-1,13626,37.3377133229,127.1165439059,,,,,000
페미팻동물병원,20040107,0002,폐업,20050201,,0,,경기도 성남시 중원구 산성대로 346 (중앙동),경기도 성남시 중원구 중앙동 149,13248,37.4435995155,127.1549948939,,213645.048175871,437950.634245052,,000
금곡동물병원,20040107,0002,폐업,20040805,,0,,"경기도 성남시 분당구 성남대로171번길 17, 110호 (금곡동,우성씨티밸리)",경기도 성남시 분당구 금곡동 172 우성씨티밸리 110호,13615,37.3511210231,127.1068105923,,209393.18973383,427682.385334697,,000
효자동물병원,20040108,0002,폐업,20101231,,0,,경기도 성남시 분당구 장안로 39,경기도 성남시 분당구 분당동 90-1,13583,37.3704636672,127.1434601531,,,,,000
펫플러스 동물병원,20040129,0002,폐업,20101111,,0,,경기도 성남시 분당구 불정로 266 (수내동),경기도 성남시 분당구 수내동 87-1,13601,37.367097985,127.1276878492,,211239.634498391,429456.03659767,,000
이솝동물병원,20040317,0002,폐업,20190508,,0,13558,경기도 성남시 분당구 성남대로331번길 3-13 (정자동),경기도 성남시 분당구 정자동 156-3 105호,13558,37.3644013485,127.1077012154,,209469.373536974,429151.981967036,,000
수내동물병원,20040603,0002,폐업,20051221,,0,,"경기도 성남시 분당구 내정로165번길 38, 601동 104호 (수내동,청구상가)",경기도 성남시 분당구 수내동 32 청구상가 601동 104호,13597,37.3766340376,127.1162329029,,210266.615561066,430478.681449364,,000
푸른동물병원,20040603,0002,폐업,20050825,,0,,경기도 성남시 분당구 불정로420번길 12,경기도 성남시 분당구 서현동 334-9,13578,37.3757558882,127.1408486085,,,,,000
마루한 동물병원,20040707,0002,폐업,20191202,,0,13599,"경기도 성남시 분당구 내정로166번길 7-3, 서기빌딩 101호 (수내동)",경기도 성남시 분당구 수내동 58-4 서기빌딩 101호,13599,37.3733742968,127.1200331262,,210562.079499972,430150.815554424,,000
아이러브 팻동물병원,20030820,0002,폐업,20040629,,42.1,,,경기도 용인시 수지구 신봉동 신봉택지개발7블럭,,,,,,,,L00
파우스동물병원,20031016,0002,폐업,20040805,,25,,경기도 용인시 수지구 풍덕천로 173,경기도 용인시 수지구 풍덕천동 732-3,16832,37.3257325955,127.0998206724,,,,,000
동수원동물종합병원(인계점),19910312,0002,폐업,20151126,,73.8,16484,"경기도 수원시 팔달구 경수대로 572, 101-104호 (인계동, 보전빌딩)",경기도 수원시 팔달구 인계동,16484,37.2767142427,127.0308894167,,202668.854829239,419418.154011526,,000
가든동물병원,19920328,0002,폐업,20081231,,54.5,,,경기도 수원시 팔달구 지동 84,,,,,,,,000
우리동물병원,19920827,0002,폐업,20040907,,35.34,,경기도 수원시 장안구 조원로 72,경기도 수원시 장안구 조원동 739-24,16282,37.299852784,127.0173975596,,,,,000
이음동물병원,20130509,0002,폐업,20211210,031-213-7572,130.95,16954,경기도 용인시 기흥구 흥덕2로65번길 2-20 (영덕동),경기도 용인시 기흥구 영덕동 989-6 1층,16954,37.2742539447,127.0739360729,,206485.835,419146.575,,000
서울동물병원,20050414,0002,폐업,20051229,,0,,경기도 성남시 중원구 희망로 442 (금광동),경기도 성남시 중원구 금광동 7,13180,37.4444008619,127.1577948685,,213893.624911779,438041.173983934,,000
캐비어동물메디컬센터,20050523,0002,폐업,20200424,,374.35,13170,"경기도 성남시 중원구 산성대로 430, 태종빌딩 (금광동)",경기도 성남시 중원구 금광동 4614 태종빌딩,13170,37.4499946399,127.159623556,,214052.734132851,438660.232859687,,000
제일동물병원,20050523,0002,폐업,20100621,031-722-1612,0,,경기도 성남시 중원구 둔촌대로 100,경기도 성남시 중원구 하대원동 100,13385,37.429318164,127.1299569613,,211436.738423486,436357.972545341,,000
양지동물병원,20050527,0002,폐업,20200828,,0,13597,"경기도 성남시 분당구 내정로165번길 50, 209호 (수내동, 크리스탈빌딩)",경기도 성남시 분당구 수내동 33-1 크리스탈빌딩 209호,13597,37.3771093399,127.1154850154,,210158.302515869,430570.23576824,,000
건국종합동물병원,20050722,0002,폐업,20060504,,0,,경기도 성남시 중원구 시민로 117 (성남동),경기도 성남시 중원구 성남동 2026,13358,37.4387205805,127.1450130757,,212761.400949756,437409.286993622,,000
태평동물병원,20050811,0002,폐업,20060209,,0,,경기도 성남시 수정구 탄리로 94 (태평동),경기도 성남시 수정구 태평동 3469,13291,37.444252568,127.1353324461,,211906.423181217,438019.346426453,,000
푸른동물병원,20050829,0002,폐업,20051109,,0,,경기도 성남시 분당구 불정로420번길 12,경기도 성남시 분당구 서현동 334-9,13578,37.3757558882,127.1408486085,,,,,000
서울우유부천동물병원,19841108,0002,폐업,20020526,,0,,경기도 부천시 소사구 소사로247번길 7,경기도 부천시 소사구 소사본동 81-1,14705,37.48038965,126.7950872031,,181804.412200104,442041.384522569,,000
가야동물병원,19891007,0002,폐업,20100202,,36.66,,경기도 부천시 원미구 부천로 78,경기도 부천시 원미구 심곡동 121,14573,37.4911245307,126.7845567373,,180874.915220555,443235.863498395,,000
중앙동물병원,19900817,0002,폐업,20060306,,0,,경기도 부천시 원미구 원미로 111,경기도 부천시 원미구 원미동 115-1 유정연립나동102호,14571,37.492270165,126.7906882757,,181410.252916105,443361.678949259,,000
서동물병원,19900710,0002,폐업,19990409,,0,,경기도 부천시 오정구 원종로 47,경기도 부천시 오정구 원종동 277-12,14420,37.5242370851,126.8051995769,,182704.317648431,446906.213664211,,000
부천동물병원,19900817,0002,폐업,20050620,,29.8,,경기도 부천시 원미구 부일로 303,경기도 부천시 원미구 상동 317-8,14621,37.488599495,126.763812851,,,,,000
역곡동물병원,19910801,0002,폐업,20030515,,0,,경기도 부천시 소사구 경인로 486,경기도 부천시 소사구 괴안동 109,14682,37.4830804973,126.8096414357,,183087.055,442333.47,,000
큐동물병원,19920822,0002,폐업,20000331,,24.75,,경기도 부천시 원미구 신흥로 48,경기도 부천시 원미구 심곡동 456-17,14635,37.4879808383,126.7774831356,,180244.785983671,442879.835083744,,000
24시동물병원,19920925,0002,폐업,20191008,,104.5,14636,경기도 부천시 원미구 부일로 446 (심곡동),경기도 부천시 원미구 심곡동 394-3,14636,37.4861459577,126.779593373,,180436.935893447,442683.433920249,,000
중동동물병원,19930607,0002,폐업,19970430,,33.12,,경기도 부천시 원미구 상일로122번길 45,경기도 부천시 원미구 상동 457-3,14623,37.4893148492,126.7557067042,,178324.803752916,443040.016791515,,000
고강동물병원,19930730,0002,폐업,19980216,,26.6,,경기도 부천시 오정구 역곡로 473,경기도 부천시 오정구 고강동 474-1,14416,37.5269039391,126.8158131377,,,,,000
정종합동물병원,19940412,0002,폐업,19971213,,36,,경기도 부천시 오정구 소사로 668,경기도 부천시 오정구 여월동 48-6,14474,37.5157456831,126.8035470185,,182565.206290033,445961.560332794,,000
월드동물병원,19941212,0002,폐업,20010907,,20.82,,경기도 부천시 원미구 중동로254번길 15,경기도 부천시 원미구 중동 1150-12,14548,37.5025165562,126.7696611275,,,,,000
미리내동물병원,19941220,0002,폐업,20070201,,25.52,,,경기도 부천시 원미구 중동 1181 동성상가120호,14579,37.4983691413,126.7709233279,,179570.204103597,444123.104659843,,000
우리동물병원,19940223,0002,폐업,20040413,,35.1,,경기도 부천시 소사구 소사로 210-1,경기도 부천시 소사구 소사본동 153-30,14702,37.4769865742,126.7957638284,,181865.302048182,441663.498338963,,000
펫플러스동물병원,20051013,0002,폐업,20060905,,0,,경기도 성남시 분당구 정자일로 220,경기도 성남시 분당구 정자동 14-1    동양파라곤상가 2단지 104호,13555,37.3694270304,127.1064892014,,,,,000
서현종합동물병원,20051223,0002,폐업,20071217,,0,,경기도 성남시 분당구 새마을로51번길 12 (서현동),경기도 성남시 분당구 서현동 142,13572,37.3838584758,127.1376245073,,212118.889072122,431309.425639429,,000
24시 태평동물병원,20060102,0002,폐업,20060811,,0,,경기도 성남시 수정구 탄리로 94 (태평동),경기도 성남시 수정구 태평동 3469,13291,37.444252568,127.1353324461,,211906.423181217,438019.346426453,,000
태평역동물병원,20060213,0002,폐업,20070116,,0,,경기도 성남시 수정구 성남대로 1238,경기도 성남시 수정구 태평동 6513,13311,37.4403182788,127.1281619182,,,,,000
서울동물병원,20060303,0002,폐업,20230731,,283.21,13180,경기도 성남시 중원구 희망로 442 (금광동),경기도 성남시 중원구 금광동 7,13180,37.4444008619,127.1577948685,,213893.624911779,438041.173983934,,L00
주식회사 펫가든쿨펫동물병원,20130408,0002,폐업,20191001,,0,16923,경기도 용인시 기흥구 진산로 116 (보정동),경기도 용인시 기흥구 보정동 266-4 3층,,,,,208744.181347972,424312.39111545,,L00
대림동물병원,20120912,0002,폐업,20130208,,,16931,경기도 용인시 기흥구 이현로29번길 88 (보정동),경기도 용인시 기흥구 보정동 919 대림아파트 상가 102호,16931,37.3007635284,127.0996483511,,208758.483344605,422087.641995946,,000
한별피그클리닉,19990219,0002,폐업,20120604,,0,,경기도 포천시 영중면 양문로 106,경기도 포천시 영중면 양문리 811,11129,38.0020900237,127.2432197639,,221295.633077096,499958.628054011,,000
주식회사 웰니스클리닉,20120808,0002,폐업,20120824,,54.8,16907,"경기도 용인시 기흥구 용구대로 2457, 2층 (보정동)",경기도 용인시 기흥구 보정동 1019-237,16907,37.3039712756,127.1046527186,,209271.840918768,422612.412300721,,L00
차우동물병원,20110302,0002,폐업,20120220,,173.16,,"경기도 용인시 기흥구 갈천로7번길 51-26 (신갈동,1층)",경기도 용인시 기흥구 신갈동 71-5 1층,17064,37.2710551461,127.1054790798,,209283.688571704,418793.627691556,,000
한강동물병원,20050527,0002,폐업,20090604,031-535-7581,0,,경기도 포천시 군내면 호국로 1628,경기도 포천시 군내면 하성북리 724-3,11151,37.8982669333,127.2072404983,,218159.444678519,488426.99825408,,000
쿨펫동물병원,20100810,0002,폐업,20140228,,47.51,,경기도 포천시 호국로 915,경기도 포천시 설운동 2 이마트 2층,11161,37.8477493021,127.160463152,,214023.590086578,482831.746228286,,000
한별피그크리닉,20120604,0002,폐업,20240122,031-556-9008,0,11101,경기도 포천시 관인면 창동로 1841,경기도 포천시 관인면 탄동리 533-8,11101,38.1568759702,127.252014737,,222020.470994288,517144.519481158,,000
쿨펫동물병원,20140303,0002,폐업,20220228,031-541-7595,0,11161,"경기도 포천시 호국로 915 (설운동, 이마트 2층)",경기도 포천시 설운동 2 이마트 2층,11161,37.8477493021,127.160463152,,214023.590086578,482831.746228286,,000
애니코동물병원,20160118,0002,폐업,20161213,,100,11139,경기도 포천시 신북면 호국로 2013,경기도 포천시 신북면 기지리 818-12,11139,37.9300864299,127.22363673,,219597.720556865,491952.575975987,,000
애니코동물병원,20161216,0002,폐업,20190425,031-535-8036,100,11139,경기도 포천시 신북면 호국로 2013,경기도 포천시 신북면 기지리 818-12,11139,37.9300864299,127.22363673,,219597.720556865,491952.575975987,,000
하임팜동물병원,20170919,0002,폐업,20190111,,89.2,11129,경기도 포천시 영중면 양문로6길 8,경기도 포천시 영중면 양문리 772-17,11129,38.0007202013,127.2432814903,,221300.088682706,499793.697134593,,000
팜스플랜동물병원,20190108,0002,폐업,20190121,,0,11127,경기도 포천시 영중면 호국로 3042,경기도 포천시 영중면 성동리 895-6,11127,38.0141415947,127.2480193379,,221681.591957438,501292.78421825,,000
팜스플랜동물병원,20190313,0002,폐업,20220204,031-532-8158,398,11127,경기도 포천시 영중면 호국로 3042,경기도 포천시 영중면 성동리 895-6,11127,38.0141415947,127.2480193379,,221681.591957438,501292.78421825,,000
누리팜동물병원,20190426,0002,폐업,20230405,031-535-8037,502.4,11139,경기도 포천시 신북면 호국로 2013,경기도 포천시 신북면 기지리 818-12,11139,37.9300864299,127.22363673,,219597.720556865,491952.575975987,,000
한성동물병원,20190429,0002,폐업,20230525,,399.3,11158,경기도 포천시 호국로 1184 (자작동),경기도 포천시 자작동 274-11,11158,37.8683276602,127.1770137243,,215506.2909384,485093.4824772,,000
김포24시힐동물의료센터,20160303,0002,폐업,20250228,031-987-7585,0,10090,"경기도 김포시 김포한강2로 11, 201,202,203호 (장기동, 수정마을 쌍용예가아파트)",경기도 김포시 장기동 2004-4 수정마을 쌍용예가아파트,10090,37.6408635591,126.6805907781,,171753.894748616,460035.056751384,,000
그루터기 동물병원,20170309,0002,폐업,20231217,,35.64,10116,"경기도 김포시 풍무로 73, 퍼플오션프라자 2층 210호 (풍무동)",경기도 김포시 풍무동 421-8,10116,37.6020926311,126.7211196398,,175304.872379463,455567.957258602,,000
서울말전문동물병원,20070521,0003,행정처분,,,64.26,,"경기도 안성시 월덕천길 17 (봉산동,한주APT상가 202호,203호)","경기도 안성시 봉산동 42 한주APT상가 202호,203호",17586,37.0101828305,127.2780120148,,224705.746763281,389840.775180104,,000
정우동물병원,19920518,0001,휴업,,,24.12,16650,경기도 수원시 권선구 매송고색로 696-6 (고색동),경기도 수원시 권선구 고색동 382-3,16650,37.2503729619,126.9806154768,,198207.510915401,416498.697701638,,000
오동물병원,19940803,0001,휴업,,031-213-3050,30.78,16526,경기도 수원시 영통구 산남로90번길 23 (매탄동),경기도 수원시 영통구 매탄동 111-138,16526,37.2706891213,127.050822937,,204435.911207908,418751.351357006,,000
양곡동물병원,19600412,0001,휴업,,,0,,,경기도 김포시 양촌읍 양곡리 412,10059,,,,,,,000
행복한 동물병원,20230421,0001,휴업,,,49.73,10401,"경기도 고양시 일산동구 중앙로1275번길 60-17, 트루엘 파크스테이 319, 320호 (장항동)",경기도 고양시 일산동구 장항동 756-5 트루엘 파크스테이,10401,37.6594293159,126.7680926522,,179467.697430072,461917.865631792,,000
