park_nm,park_div_nm,refine_road_nm_addr,refine_lotno_addr,refine_wgs84_lat,refine_wgs84_logt,park_ar,park_sports_faclt_dtls,park_amsmt_faclt_dtls,park_cnvnnc_faclt_dtls,park_cltr_faclt_dtls,park_etc_faclt_dtls,apnt_ancmnt_ymd,mnginst_nm,mnginst_telno,dat_crtr_ymd
송정지구 6호 소공원,소공원,,경기도 광주시 송정동 206-1,,,1398.6,,,,,,,광주도시관리공사,031-762-1039,20250820
새싹,어린이공원,,경기도 광명시 하안동 296-4,37.4600207922,126.8784249765,1500.0,,,,,,19871224,경기도 광명시청,02-2680-2887,20251209
26호,기타,,경기도 화성시 동탄구 산척동 287,,,435.0,,,,,,,경기도 화성시 공원녹지사업소 동부공원관리과,031-5189-6961,20260201
수변공원 8호(고덕국제화지구 율포리),수변공원,,경기도 평택시 고덕면 율포리 98답,,,11150.0,,,,,,20130104,경기도 평택시청,031-8024-4248,20260313
동항산업단지어린이공원,어린이공원,,경기도 안성시 양성면 동항리 821-7,37.0648846263,127.1828772118,1742.0,,,,,,20180824,경기도 안성시청,031-678-6893,20250226
한강소공원12,소공원,,경기도 김포시 운양동 644-5,,,905.0,,,,,,20071029,경기도 김포시 공원관리과,031-5186-4627,20251124
미관광장 42호,기타,,경기도 화성시 동탄구 능동 1090,,,517.0,,,,,,,경기도 화성시 공원녹지사업소 동부공원관리과,031-5189-6961,20260201
향남2지구 8호 어린이(시샘달),어린이공원,,경기도 화성시 만세구 향남읍 상신리 1301-11,37.1035582392,126.89951594,1726.0,,,,,,,,031-5189-6655,20260201
광도아파트 어린이공원,어린이공원,,경기도 화성시 효행구 기안동 329-5,37.2271941711,126.9732328659,1578.0,,,,,,,,031-5189-6655,20260201
영남,어린이공원,,경기도 시흥시 대야동 332-106,,,2525.0,,,,,,,경기도 시흥시청,031-310-2694,20251219
선단동문화공원,문화공원,,"경기도 포천시 선단동 산41, 706-4번지 일원",,,18001.0,농구장+풋살장(겸용),,화장실,,,20180314,경기도 포천시청 산림공원과,031-538-2358,20241114
85호,수변공원,경기도 시흥시 거북섬로 26,경기도 시흥시 정왕동 2726-5,37.3274408727,126.6731033534,3000.0,,,,,,,경기도 시흥시청,031-310-3869,20251219
산수유,어린이공원,,경기도 고양시 일산동구 풍동 1240-3,37.6734308021,126.8016976997,1501.0,체력단련시설,조합놀이대,,,,20001018,경기도 고양시 푸른도시사업소,031-8075-4337,20251215
제4호 공공공지,기타,,경기도 양주시 고암동 603-8,37.8297050068,127.0731736263,349.0,,,,,,,경기도 양주시청 공원사업과,031-8082-7317,20250912
새텃말,소공원,,경기도 부천시 오정구 여월동 44-79,37.5185650485,126.7986304165,1044.0,,,,,,20150921,경기도 부천시청,032-625-4843,20250731
죽산연못공원,어린이공원,,경기도 안성시 죽산면 죽산리 482-1,37.0768372427,127.4243927229,5601.0,,,,,,19850930,경기도 안성시청,031-678-6893,20250226
세교2지구 제4호 수변공원,수변공원,,경기도 오산시 벌음동 214,,,4791.0,,,,,,20131224,오산시 환경사업소 도시공원녹지과,031-8036-6475,20251222
찬들,근린공원,,"경기도 부천시 오정구 오정동 793, 794",37.5306902432,126.7678246259,13291.0,,,화장실,,,20120705,경기도 부천시청,032-625-4843,20250731
향동수변2,수변공원,,경기도 고양시 덕양구 향동동 550,37.598151734,126.8912579546,16470.2,체력단련시설,,,,,20091230,경기도 고양시 푸른도시사업소,031-8075-4328,20251215
효양공원(서희테마파크),근린공원,,경기도 이천시 부발읍 산촌리 산21,37.2728172938,127.4845243529,142467.0,운동기구,,주차장+화장실,,,20030419,경기도 이천시청,031-645-3831,20250221
동탄13호 근린공원(초록공원),근린공원,,경기도 화성시 동탄구 석우동 21-8,37.2204325006,127.0707583731,26930.5,테니스장+축구장,,,,,,경기도 화성시 공원녹지사업소 동부공원관리과,031-5189-6961,20260201
28호 어린이공원(서정동),어린이공원,,경기도 평택시 서정동 632답,,,2049.0,,,,,,20150403,경기도 평택시청,031-8024-4248,20260313
소꼽놀이,어린이공원,,경기도 수원시 영통구 하동 965-8,37.2934824625,127.0696720128,2133.3,,조합놀이대1,,,,,경기도 수원시 영통구 녹지공원과,031-5191-8331,20260115
송담4로 어린이공원(안중송담지구),어린이공원,,경기도 평택시 안중읍 안중리 96-8,,,1540.0,,고무칩포장+버섯의자+조합놀이대+회전놀이대+흔들놀이,,,U형측구+집수정+흉관,20060206,경기도 평택시청,031-8024-4248,20260313
제2호 어린이공원(견산리),어린이공원,,경기도 평택시 진위면 견산리 393,37.1081029355,127.0722267281,2526.0,,,,,,20070709,경기도 평택시청,031-8024-4248,20260313
황금산 문화공원,문화공원,,경기도 남양주시 지금동 719,37.6053315976,127.1671132366,49812.0,,,,,,,경기도 남양주시청,031-590-5354,20260319
일패근린공원,근린공원,,경기도 남양주시 일패동 860-9,37.6246596754,127.170374567,54947.0,,,,,,,경기도 남양주시청,031-590-5354,20260319
돌우물 어린이공원,어린이공원,,경기도 평택시 이충동 676,37.0585845532,127.0691929523,4039.3,다리뻗치기+다목적 운동장+등허리지압기+마라톤운동기+하늘걷기,고무칩포장+시소+조합놀이대,,,운동시설보호대+집수정,20020529,경기도 평택시청,031-8024-4248,20260313
1호 소공원(장당지구),소공원,,경기도 평택시 장당동 175-1,37.0316869925,127.0696812901,0.0,,,,,,20160812,경기도 평택시청,031-8024-4248,20260313
3호  세교 어린이공원(세교지구),어린이공원,,경기도 평택시 세교동 612-7,37.00638034,127.0876290683,2001.3,,,,,,20100401,경기도 평택시청,031-8024-4248,20260313
대동 어린이공원(소사3지구),어린이공원,,경기도 평택시 소사동 산156-2,,,2680.0,,,,,,20140228,경기도 평택시청,031-8024-4248,20260313
57호,기타,,경기도 화성시 동탄구 장지동 964-2,37.1625665766,127.1065399497,461.0,,,,,,,경기도 화성시 공원녹지사업소 동부공원관리과,031-5189-6961,20260201
1호 소공원(화양지구),소공원,,경기도 평택시 현덕면 운정리 272-5,,,1266.0,,,,,,20131004,경기도 평택시청,031-8024-4248,20260313
52호,기타,,경기도 화성시 동탄구 송동 693-1,37.1750365736,127.105434833,520.0,,,,,,,경기도 화성시 공원녹지사업소 동부공원관리과,031-5189-6961,20260201
71호,기타,,경기도 화성시 동탄구 오산동 1001-2,37.1870913102,127.0892835106,9892.0,,,,,,,경기도 화성시 공원녹지사업소 동부공원관리과,031-5189-6961,20260201
은행골어린이공원,어린이공원,,경기도 용인시 수지구 죽전동 1234,37.3279484593,127.1237408334,1547.0,,,,,,20010209,,,20250801
병점2지구 2호공공공지,기타,,경기도 화성시 효행구 병점동 879,37.2010070803,127.0417872848,172.0,,,,,,,경기도 화성시 공원녹지사업소 동부공원관리과,031-5189-6961,20260201
신곡6지구(24호)신곡1공원,소공원,,경기도 김포시 고촌읍 신곡리 1008-47,37.589716204,126.7620109416,2621.0,,,,,,20160531,경기도 김포시 공원관리과,031-5186-4617,20251124
한강근린10,근린공원,,경기도 김포시 운양동 153-1,,,15305.0,배드민턴장+체력단련시설,,,,,20071029,경기도 김포시 공원관리과,031-5186-4627,20251124
당동리어린이집,어린이공원,,경기도 파주시 문산읍 당동리 943,37.8627661531,126.7716612054,4763.2,,조합놀이대,,,,,경기도 파주시청,031-940-8406,20250618
백운호수공원,근린공원,,경기도 의왕시 학의동 산75-5,37.3796794376,127.0059022266,638180.0,,,,,,20020621,경기도 의왕시청,031-345-3533,20251128
상평촌어린이공원(103호),어린이공원,,경기도 안양시 동안구 평촌동 72-5,37.3953093444,126.9764997986,1500.0,,,,,,20071022,경기도 안양시 공원관리과,031-8045-5021,20251126
능말근린공원,근린공원,,경기도 용인시 처인구 역북동 469-1 일원,37.2380353219,127.1989100776,11603.8,,,,,,19740504,,,20250801
제80호 근린공원(신봉 힐링 공원),근린공원,,경기도 용인시 수지구 신봉동 218-7,,,22982.0,,,,,,20181130,,,20250801
은혜어린이공원,어린이공원,,경기도 군포시 금정동 80-1,37.3665153293,126.9433342306,1500.0,,,,,,19851230,경기도 군포시청,031-390-0478,20250912
와우리 문화공원(코리요 문화공원),문화공원,,경기도 화성시 효행구 봉담읍 와우리 595,37.2157904925,126.9673049501,4590.0,,,,,,,,031-5189-6655,20260201
아름,소공원,,경기도 시흥시 배곧동 53,37.3751420174,126.7376734179,2650.0,,,,,,,경기도 시흥시청,031-310-3870,20251219
소공원월동4,소공원,,경기도 시흥시 월곶동 1071-7,37.3781741832,126.764795117,213.3,,,,,,20110922,경기도 시흥시청,031-310-3873,20251219
소공원,소공원,,경기도 남양주시 진접읍 연평리 847,37.7059953872,127.1843927588,1203.0,,,,,,,경기도 남양주시청,031-590-8347,20260319
원곡1소공원,소공원,,경기도 안산시 단원구 원곡동 1003-4번지,37.3261019706,126.7962098465,6731.9,,,,,,20131224,경기도 안산시 단원구청,031-481-6415,20260406
거모공원,어린이공원,경기도 시흥시 군자로466번길 92,경기도 시흥시 거모동 1754-1,37.3430747685,126.7843493091,1772.0,체육시설,조합놀이대+그네 등,,,,19901012,경기도 시흥시청,031-310-3871,20251219
느티나무(풍동),어린이공원,,경기도 고양시 일산동구 풍동 1259,37.6702991208,126.7984332962,5103.0,,조합놀이대+흔들놀이기구(흔들말)+회전놀이기구,,,,20001018,경기도 고양시 푸른도시사업소,031-8075-4337,20251215
은행나무,소공원,,경기도 부천시 오정구 여월동 243-9,37.5072350037,126.8048557426,504.0,,,,,,20150921,경기도 부천시청,032-625-4843,20250731
묘향어린이공원,어린이공원,,경기도 군포시 산본동 1148-1,37.3613100552,126.9204364941,10125.6,,,,,,19940915,경기도 군포시청,031-390-0478,20250912
지석,근린공원,,경기도 부천시 소사구 범박동 234-2,37.4660996377,126.8156068779,12242.7,,,,,,20051230,경기도 부천시청,032-625-4843,20250731
영신이들 근린공원(지제 세교지구),근린공원,,경기도 평택시 세교동 392답,,,13847.0,,,,,,20130903,경기도 평택시청,031-8024-4248,20260313
꿈동산,어린이공원,,경기도 안산시 상록구 사동 1575번지,37.3026566459,126.8394728883,1586.8,,,,,,19991016,경기도 안산시 상록구청,031-481-5412,20260406
8호 소공원(청계사랑),소공원,,경기도 화성시 동탄구 영천동 538-1,,,4408.0,,,,,,,경기도 화성시 공원녹지사업소 동부공원관리과,031-5189-6961,20260201
신촌산업단지 소공원 1호,소공원,,경기도 파주시 신촌동 725-4,37.7283459522,126.6948753473,2520.0,,,,,,,경기도 파주시청,031-940-8406,20250618
은계소공원,소공원,,경기도 시흥시 대야동 648,37.4487897309,126.7969647766,2594.0,,,,,,20100427,경기도 시흥시청,031-310-2694,20251219
7호어린이 용알 어린이공원,어린이공원,,경기도 화성시 만세구 남양읍 남양리 2286,37.2057641734,126.8189635332,2694.9,,,,,,,,031-5189-6655,20260201
삼송근린9(오금),근린공원,,경기도 고양시 덕양구 오금동 643,37.6608933626,126.9067551355,41981.6,체력단련시설,조합놀이대,,,,20061211,경기도 고양시 푸른도시사업소,031-8075-4325,20251215
성지공원,근린공원,,경기도 성남시 분당구 야탑동 195-1,37.4079981877,127.1572970441,94597.4,,,,,,19900622,경기도 성남시 공원과,031-729-4382,20251111
물왕소공원,소공원,,경기도 시흥시 산현동 493,37.3773517232,126.8431399927,1421.0,,,,,,20140922,경기도 시흥시청,031-310-3872,20251219
남양5호 어린이공원,어린이공원,,경기도 화성시 만세구 남양읍 남양리 2053,37.2043611259,126.8323511329,1499.0,,,,,,,,031-5189-6655,20260201
태마당,어린이공원,,경기도 안산시 상록구 부곡동 669-4번지,37.3318395326,126.8620005754,1501.7,,,,,,19850917,경기도 안산시 상록구청,031-481-5412,20260406
황계공원,기타,,경기도 화성시 효행구 황계동 152-116,37.2222483595,127.0172386828,540.0,,,,,,,,031-5189-6655,20260201
수풍소공원,소공원,,경기도 용인시 수지구 풍덕천동 714-4,37.3241549697,127.0969868503,1247.0,,,,,,20090817,,,20250801
파란,소공원,,경기도 고양시 일산동구 중산동 1853,37.6793905581,126.7903883391,1007.2,,,,,,20150630,경기도 고양시 푸른도시사업소,031-8075-4337,20251215
모당,근린공원,,경기도 고양시 일산동구 중산동 1832,37.6780608759,126.7812551622,17237.6,체력단련시설,조합놀이대,화장실,,,20150630,경기도 고양시 푸른도시사업소,031-8075-4337,20251215
탄현근린,근린공원,,경기도 고양시 일산서구 탄현동 산16,37.6999089576,126.7752089519,88210.3,족구장+실내배드민턴장+다목적운동장+체력단련시설,아이놀숲+모래마당+무장애놀이터,화장실+주차장,,수경시설+야외무대+전망대,19740516,경기도 고양시 푸른도시사업소,031-8075-4341,20251215
탄현 1(황룡),어린이공원,경기도 고양시 일산서구 탄현로 73,경기도 고양시 일산서구 탄현동 1475,37.6976586056,126.7673313048,1500.0,체력단련시설,조합놀이대+그네+시소,화장실,,,19901219,경기도 고양시 푸른도시사업소,031-8075-4341,20251215
탄현 3(현중),어린이공원,경기도 고양시 일산서구 현중로 56,경기도 고양시 일산서구 탄현동 1478,37.6955958415,126.7675330909,1500.0,체력단련시설,조합놀이대+그네+흔들놀이대,화장실,,,19901219,경기도 고양시 푸른도시사업소,031-8075-4341,20251215
탄현 5(탄현),어린이공원,경기도 고양시 일산서구 현중로36번길 20-2,경기도 고양시 일산서구 탄현동 1495,37.6940992489,126.7689202778,1501.0,체력단련시설,조합놀이대+그네+흔들놀이대,화장실,,,19901219,경기도 고양시 푸른도시사업소,031-8075-4341,20251215
탄현 6(탄중),어린이공원,경기도 고양시 일산서구 탄중로233번길 16,경기도 고양시 일산서구 탄현동 1501,37.6942291933,126.7709833731,1494.0,체력단련시설,조합놀이대+그네+흔들놀이대+철봉,화장실,,,19901219,경기도 고양시 푸른도시사업소,031-8075-4341,20251215
중산 10(한뫼),근린공원,경기도 고양시 일산서구 탄중로 284,경기도 고양시 일산서구 일산동 1558,37.6935498217,126.7762870179,27167.0,체력단련시설,조합놀이대,화장실,,수경시설+야외무대+조형물,19910531,경기도 고양시 푸른도시사업소,031-8075-4341,20251215
새말,어린이공원,경기도 고양시 일산서구 웅비로12번길 5-21,경기도 고양시 일산서구 대화동 2008,37.6844391722,126.7577079265,3987.0,체력단련시설,조합놀이대+그네+시소,,,,19910629,경기도 고양시 푸른도시사업소,031-8075-4341,20251215
왕산,어린이공원,경기도 고양시 일산서구 성저로 24-2,경기도 고양시 일산서구 대화동 2092,37.6821921602,126.7515722345,4326.0,체력단련시설,조합놀이대+그네+시소,화장실,,,19910629,경기도 고양시 푸른도시사업소,031-8075-4341,20251215
성저,근린공원,경기도 고양시 일산서구 일산로 655,경기도 고양시 일산서구 대화동 2104,37.6823207861,126.7562320415,50334.0,다목적운동장+체력단련시설,,화장실,,야외무대+시계탑,19910629,경기도 고양시 푸른도시사업소,031-8075-4341,20251215
중앙주공2-1소공원,소공원,,경기도 안산시 단원구 고잔동 851-1번지,37.3205623246,126.837342581,4069.8,,,,,,20130521,경기도 안산시 단원구청,031-481-6410,20260406
장성,어린이공원,경기도 고양시 일산서구 강성로214번길 41-10,경기도 고양시 일산서구 대화동 2166,37.676798885,126.753883083,4798.0,체력단련시설,조합놀이대+그네+흔들놀이대+철봉+평행봉,화장실,,,19910629,경기도 고양시 푸른도시사업소,031-8075-4341,20251215
대화,근린공원,경기도 고양시 일산서구 강성로 203,경기도 고양시 일산서구 대화동 2201,37.6742302132,126.7538974659,16685.0,체력단련시설,,화장실,,조형물,19910629,경기도 고양시 푸른도시사업소,031-8075-4341,20251215
푸름,어린이공원,,경기도 수원시 영통구 영통동 1245,,,1634.4,,조합놀이대1,,,,,경기도 수원시 영통구 녹지공원과,031-5191-8331,20260115
34호소공원,소공원,,경기도 수원시 권선구 호매실동 1413-4,37.2562398772,126.9605024982,454.4,,휴게쉼터,,,,,경기도 수원시 권선구 녹지공원과,031-5191-6195,20260115
35호소공원,소공원,,경기도 수원시 권선구 금곡동 1064,37.2779634388,126.9435494117,421.6,,휴게쉼터,,,,,경기도 수원시 권선구 녹지공원과,031-5191-6195,20260115
까치,어린이공원,경기도 수원시 권선구 수인로621번길 91,경기도 수원시 권선구 당수동 292-1,37.2926956042,126.9358275281,4614.0,,조합놀이대1,화장실1,,,,경기도 수원시 권선구 녹지공원과,031-5191-6195,20260115
다온,어린이공원,,경기도 수원시 권선구 구운동 892,37.2843253149,126.9763176529,1860.0,,조합놀이대1,,,,,경기도 수원시 권선구 녹지공원과,031-5191-6195,20260115
꽃길,어린이공원,,경기도 수원시 권선구 구운동 910,37.2824817678,126.9734982004,1657.0,,조합놀이대1,,,,,경기도 수원시 권선구 녹지공원과,031-5191-6195,20260115
세모,어린이공원,,경기도 수원시 권선구 구운동 895,37.2853391861,126.9725352304,2448.0,다목적구장(농구)1,조합놀이대1,,,,,경기도 수원시 권선구 녹지공원과,031-5191-6195,20260115
하늬,어린이공원,경기도 수원시 권선구 구운로 73번길 10-14,경기도 수원시 권선구 구운동 941-1,37.2806770414,126.9722966658,2143.0,다목적구장(배드민턴)1,조합놀이대1,,,,,경기도 수원시 권선구 녹지공원과,031-5191-6195,20260115
별솔,어린이공원,,경기도 수원시 권선구 구운동 955,37.2785852822,126.9698844785,1700.0,다목적구장(농구)1,조합놀이대1,,,,,경기도 수원시 권선구 녹지공원과,031-5191-6195,20260115
다솜,어린이공원,경기도 수원시 권선구 권광로28번길 20,경기도 수원시 권선구 권선동 1264,37.2501043499,127.0284384266,2202.2,,조합놀이대1,화장실1,,,,경기도 수원시 권선구 녹지공원과,031-5191-6195,20260115
우솔,어린이공원,경기도 수원시 권선구 권중로76번길 21,경기도 수원시 권선구 권선동 1261,37.2524491346,127.0287282722,1649.7,,조합놀이대1,화장실1,,,,경기도 수원시 권선구 녹지공원과,031-5191-6195,20260115
아우름,어린이공원,경기도 수원시 권선구 권광로 43,경기도 수원시 권선구 권선동 1333,37.2520487564,127.0277835648,3338.7,,놀이시설2,화장실1,,음수대1,,경기도 수원시 권선구 녹지공원과,031-5191-6195,20260115
다정,어린이공원,경기도 수원시 권선구 경수대로 302번길 32,경기도 수원시 권선구 권선동 1188-1,37.2527297089,127.0222652023,2809.0,다목적구장(족구)1,조합놀이대1,화장실1,,,,경기도 수원시 권선구 녹지공원과,031-5191-6195,20260115
벌말,어린이공원,,경기도 수원시 권선구 평동 21-158,37.2601475983,126.9959969091,1633.0,,조합놀이대1,,,,,경기도 수원시 권선구 녹지공원과,031-5191-6195,20260115
풍동(풍식사2),문화공원,,경기도 고양시 일산동구 풍동 184,37.6644638399,126.8036291503,3726.0,야외배드민턴장,,,,,20020218,경기도 고양시 푸른도시사업소,031-8075-4337,20251215
열린문화공원,문화공원,,경기도 의정부시 신곡2동 758-2,37.7496073489,127.0687185217,1501.0,,조합놀이대+ 그네,,,공원등+ CCTV 등,,경기도 의정부시청,031-828-2414,20250620
9호 소공원(예솔),소공원,,경기도 화성시 동탄구 영천동 552-1,,,4373.0,,,,,,,경기도 화성시 공원녹지사업소 동부공원관리과,031-5189-6961,20260201
수변공원,근린공원,경기도 고양시 일산동구 연리지로 17-2,경기도 고양시 일산동구 장항동 1798-1,37.6578901257,126.7583237915,81511.2,,,,,,20050421,경기도 고양시 푸른도시사업소,031-8075-4333,20251215
식사근린1(어침이),근린공원,경기도 고양시 일산동구 위시티로 149,경기도 고양시 일산동구 식사동 1478,37.6853735624,126.8122165278,25004.0,실내다목적체육관+체력단련시설,그네+시소+조합놀이대+흔들말,화장실,,,20050824,경기도 고양시 푸른도시사업소,031-8075-4337,20251215
식사어린이1(상상),어린이공원,경기도 고양시 일산동구 위시티로 18,경기도 고양시 일산동구 식사동 1588,37.6745572476,126.8075196781,2605.0,,조합놀이대+흔들놀이기구,,,,20050824,경기도 고양시 푸른도시사업소,031-8075-4337,20251215
식사어린이3(바람놀이),어린이공원,,경기도 고양시 일산동구 식사동 1509,37.6816505911,126.809547324,2600.0,,조합놀이대+건너는기구+흔들놀이기구+미끄럼틀,화장실,,,20050824,경기도 고양시 푸른도시사업소,031-8075-4337,20251215
방죽,어린이공원,,경기도 수원시 영통구 망포동 383-3,37.2398488771,127.0553826119,2135.0,다목적구장(족구)1,조합놀이대1,,,,,경기도 수원시 영통구 녹지공원과,031-5191-8331,20260115
소문,어린이공원,,경기도 수원시 영통구 망포동 724,37.2399040023,127.0573922013,1846.8,,조합놀이대1,,,,,경기도 수원시 영통구 녹지공원과,031-5191-8331,20260115
온누리,어린이공원,,경기도 수원시 영통구 망포동 523-1,37.2387550737,127.0594317103,887.0,,조합놀이대1,,,,,경기도 수원시 영통구 녹지공원과,031-5191-8331,20260115
수련,어린이공원,,경기도 수원시 영통구 망포동 708,37.2424535429,127.0644907455,1507.1,,조합놀이대1,,,,,경기도 수원시 영통구 녹지공원과,031-5191-8331,20260115
솔빛,어린이공원,,경기도 수원시 영통구 원천동 549-3,37.2682423444,127.0596240932,3230.0,,조합놀이대1,,,,,경기도 수원시 영통구 녹지공원과,031-5191-8331,20260115
51호소공원,소공원,,경기도 수원시 권선구 서둔동 382,37.2639372301,126.9952967316,1479.3,,휴게쉼터,,,,,경기도 수원시 권선구 녹지공원과,031-5191-6195,20260115
54호소공원,소공원,,경기도 수원시 권선구 평동 20-10,37.2619184655,126.997158054,574.0,,휴게쉼터,,,,,경기도 수원시 권선구 녹지공원과,031-5191-6195,20260115
55호소공원,소공원,,경기도 수원시 권선구 평동 177,37.2629119449,126.999642851,1000.0,,휴게쉼터,,,,,경기도 수원시 권선구 녹지공원과,031-5191-6195,20260115
63호소공원,소공원,,경기도 수원시 권선구 호매실동 1347,37.2685482703,126.943568427,515.0,,휴게쉼터,,,,,경기도 수원시 권선구 녹지공원과,031-5191-6195,20260115
64호소공원,소공원,,경기도 수원시 권선구 금곡동 1136-2,37.2711913405,126.9582235418,1051.3,,휴게쉼터,,,,,경기도 수원시 권선구 녹지공원과,031-5191-6195,20260115
64호소공원,소공원,,경기도 수원시 권선구 세류동 1273,37.2616761575,127.0046750977,1478.7,,휴게쉼터,,,,,경기도 수원시 권선구 녹지공원과,031-5191-6195,20260115
70호소공원,소공원,,경기도 수원시 권선구 권선동 1354-67,37.2367772346,127.0232015204,477.9,,휴게쉼터,,,,,경기도 수원시 권선구 녹지공원과,031-5191-6195,20260115
71호소공원,소공원,,경기도 수원시 권선구 권선동 1345-69,37.2403539824,127.0201062522,523.2,,휴게쉼터,,,,,경기도 수원시 권선구 녹지공원과,031-5191-6195,20260115
50호소공원,소공원,,경기도 수원시 권선구 서둔동 323-6,,,1686.5,,휴게쉼터,,,,,경기도 수원시 권선구 녹지공원과,031-5191-6195,20260115
80호소공원,소공원,,경기도 수원시 권선구 서둔동 9-31,37.2701837704,126.9935563328,2573.0,,휴게쉼터,,,,,경기도 수원시 권선구 녹지공원과,031-5191-6195,20260115
52호소공원,소공원,,경기도 수원시 권선구 서둔동 327,,,716.2,,휴게쉼터,,,,,경기도 수원시 권선구 녹지공원과,031-5191-6195,20260115
53호소공원,소공원,,경기도 수원시 권선구 서둔동 321-4,,,579.7,,휴게쉼터,,,,,경기도 수원시 권선구 녹지공원과,031-5191-6195,20260115
16호소공원,소공원,,경기도 수원시 팔달구 화서동 767,37.2838971951,126.9944771888,1603.5,,휴게쉼터,,,,,경기도 수원시 팔달구 녹지공원과,031-5191-7043,20260115
49호소공원,소공원,,경기도 수원시 팔달구 남수동 11-515,37.2831135047,127.0217624984,928.0,,휴게쉼터,,,,,경기도 수원시 화성사업소 문화유산시설과,031-5191-4473,20260115
67호소공원,소공원,경기도 수원시 팔달구 화서문로 75,경기도 수원시 팔달구 북수동 69,37.2861021142,127.016300855,439.0,,휴게쉼터,,,,,경기도 수원시 팔달구 녹지공원과,031-5191-7043,20260115
10호소공원,소공원,,경기도 수원시 영통구 망포동 478,37.2394087627,127.0636601171,1279.0,,휴게쉼터,,,,,경기도 수원시 영통구 녹지공원과,031-5191-8331,20260115
양촌,어린이공원,경기도 고양시 일산서구 일산로 732-3,경기도 고양시 일산서구 대화동 2211,37.6781312969,126.749379006,6555.0,체력단련시설,조합놀이대+그네+흔들놀이대,화장실,,,19910629,경기도 고양시 푸른도시사업소,031-8075-4341,20251215
장촌,근린공원,경기도 고양시 일산서구 중앙로 1525,경기도 고양시 일산서구 대화동 2241,37.6740167756,126.7515069455,16574.0,체력단련시설,,화장실,,수경시설,19910629,경기도 고양시 푸른도시사업소,031-8075-4341,20251215
도화,어린이공원,경기도 고양시 일산서구 일산로 604,경기도 고양시 일산서구 일산동 1043,37.6823045342,126.7622542086,4999.0,체력단련시설,조합놀이대+정글짐+시소+흔들놀이대,화장실,,,19910629,경기도 고양시 푸른도시사업소,031-8075-4341,20251215
윗말,어린이공원,경기도 고양시 일산서구 고봉로 189-3,경기도 고양시 일산서구 일산동 1095,37.6772133268,126.7740756565,6400.0,체력단련시설,조합놀이대+그네+시소+흔들놀이대+회전놀이대,화장실,,,19910629,경기도 고양시 푸른도시사업소,031-8075-4341,20251215
이물재,어린이공원,경기도 고양시 일산서구 고봉로 143-3,경기도 고양시 일산서구 주엽동 39,37.6735387318,126.7716054168,5701.0,체력단련시설,조합놀이대+정글짐+그네+흔들놀이대,화장실,,,19910629,경기도 고양시 푸른도시사업소,031-8075-4341,20251215
영덕소공원,소공원,,경기도 수원시 영통구 영통동 1167,37.2654627276,127.0759575044,1459.4,,휴게쉼터,,,,,경기도 수원시 영통구 녹지공원과,031-5191-8331,20260115
주엽,근린공원,경기도 고양시 일산서구 주화로 65-3,경기도 고양시 일산서구 주엽동 118,37.6686738539,126.7603821956,19614.0,체력단련시설,,화장실,,조형물,19910629,경기도 고양시 푸른도시사업소,031-8075-4341,20251215
백암,어린이공원,경기도 고양시 일산서구 주엽로 107,경기도 고양시 일산서구 주엽동 130,37.6695523835,126.7553276512,7875.0,야외배드민턴장+체력단련시설,조합놀이대+그네+흔들놀이대,화장실,,,19910629,경기도 고양시 푸른도시사업소,031-8075-4341,20251215
오마,어린이공원,경기도 고양시 일산서구 주엽로 219,경기도 고양시 일산서구 일산동 1375,37.6783036275,126.760967019,5700.0,체력단련시설,조합놀이대+그네+시소+흔들놀이대,화장실,,,19910629,경기도 고양시 푸른도시사업소,031-8075-4341,20251215
강재,어린이공원,경기도 고양시 일산서구 강성로 126,경기도 고양시 일산서구 주엽동 52,37.6725502166,126.763371339,4000.0,,조합놀이대+그네+시소+흔들놀이대,화장실,,,19910629,경기도 고양시 푸른도시사업소,031-8075-4341,20251215
강선,근린공원,경기도 고양시 일산서구 강성로 124,경기도 고양시 일산서구 주엽동 78,37.6711720709,126.7620696172,34384.0,다목적운동장+체력단련시설,,화장실,,조형물,19910629,경기도 고양시 푸른도시사업소,031-8075-4341,20251215
회화,어린이공원,경기도 고양시 일산서구 고봉로 25-3,경기도 고양시 일산서구 주엽동 91,37.6656761752,126.7638588009,3803.0,체력단련시설,조합놀이대+정글짐+시소+흔들놀이대,화장실,,,19910629,경기도 고양시 푸른도시사업소,031-8075-4341,20251215
후동,근린공원,경기도 고양시 일산서구 일산로 552-1,경기도 고양시 일산서구 일산동 1400,37.6784220382,126.7669421758,19195.0,체력단련시설,,화장실,,수경시설+조형물,19950403,경기도 고양시 푸른도시사업소,031-8075-4341,20251215
문화,근린공원,경기도 고양시 일산서구 일산로 553-1,경기도 고양시 일산서구 일산동 1379,37.6780223086,126.7664357988,40373.0,체력단련시설,,화장실,,수경시설+조형물+시계탑,19950403,경기도 고양시 푸른도시사업소,031-8075-4341,20251215
가좌,근린공원,경기도 고양시 일산서구 송산로 387-7,경기도 고양시 일산서구 가좌동 1098,37.6861988108,126.721681268,50155.0,게이트볼장+실내배드민턴장+체력단련시설,조합놀이대,화장실,,조형물,20010622,경기도 고양시 푸른도시사업소,031-8075-4341,20251215
송포,근린공원,,경기도 고양시 일산서구 대화동 1495-1,37.670301149,126.7301230504,8968.0,족구장+체력단련시설,조합놀이대,,,,20010622,경기도 고양시 푸른도시사업소,031-8075-4341,20251215
소공원(식사2),소공원,,경기도 고양시 일산동구 식사동 625-3,37.6729973146,126.8083034463,1486.0,,,,,,20140708,경기도 고양시 푸른도시사업소,031-8075-4337,20251215
호미걸이,근린공원,,경기도 고양시 일산서구 대화동 750-16,37.6718873371,126.7346339856,10289.0,체력단련시설,조합놀이대,,,수경시설+야외무대+조형물,20010622,경기도 고양시 푸른도시사업소,031-8075-4341,20251215
국제전시장,근린공원,경기도 고양시 일산서구 한류월드로 280,경기도 고양시 일산서구 대화동 1050-176,37.6650157318,126.7562800382,42416.2,,조합놀이대,화장실,,수경시설+조형물,20030421,경기도 고양시 푸른도시사업소,031-8075-4341,20251215
덕이근린2(한산),근린공원,,경기도 고양시 일산서구 덕이동 산131-7,37.6961164046,126.7494995295,18733.5,체력단련시설,,화장실,,,20060131,경기도 고양시 푸른도시사업소,031-8075-4341,20251215
덕이근린1(덕이),근린공원,,경기도 고양시 일산서구 덕이동 산145-1,37.701739195,126.7545062039,45701.2,풋살구장+농구장+족구장+실내배드민턴장+체력단련시설,조합놀이대,화장실,,수경시설,20060131,경기도 고양시 푸른도시사업소,031-8075-4341,20251215
탄현일단의주택지168(탄현용현),어린이공원,,경기도 고양시 일산서구 탄현동 1634-1,,,2303.0,게이트볼장+체력단련시설,조합놀이대+그네+시소+흔들놀이대,,,,20061002,경기도 고양시 푸른도시사업소,031-8075-4341,20251215
식사어린이4(과학),어린이공원,,경기도 고양시 일산동구 식사동 1502,37.6801980308,126.8152774085,2600.0,,조합놀이대+그네+흔들놀이기구+미끄럼틀,,,,20050824,경기도 고양시 푸른도시사업소,031-8075-4337,20251215
식사어린이6(저현),어린이공원,,경기도 고양시 일산동구 식사동 1566,37.6757227013,126.8124233005,2600.0,,조합놀이대+그네+흔들놀이기구+미끄럼틀,,,,20050824,경기도 고양시 푸른도시사업소,031-8075-4337,20251215
식사근린2(식사중앙),근린공원,경기도 고양시 일산동구 위시티3로 44-2,경기도 고양시 일산동구 식사동 1535,37.6775701505,126.8141143439,31578.0,체력단련시설,그네+시소+조합놀이대+흔들말,화장실,,야외무대+수경시설+조형물,20050824,경기도 고양시 푸른도시사업소,031-8075-4337,20251215
문화공원(요진Y-City),문화공원,,경기도 고양시 일산동구 백석동 1237-1,37.643380214,126.7920536771,5742.0,,,,,,20100202,경기도 고양시 푸른도시사업소,031-8075-4333,20251215
물다미공원,수변공원,,경기도 수원시 권선구 호매실동1422,37.259210545,126.9514722788,9038.0,,,,,,,경기도 수원시 권선구 녹지공원과,031-5191-6195,20260115
어린이공원(식사2),어린이공원,,경기도 고양시 일산동구 식사동 산106-2,37.6729827434,126.8116164872,1525.0,체력단련시설,조합놀이대,,,,20140718,경기도 고양시 푸른도시사업소,031-8075-4337,20251215
매화,어린이공원,,경기도 수원시 영통구 매탄동 1259,37.26019455,127.0460721422,2025.7,다목적구장(농구)1,조합놀이대1,,,,,경기도 수원시 영통구 녹지공원과,031-5191-8331,20260115
매여울,어린이공원,경기도 수원시 영통구 매탄로 82,경기도 수원시 영통구 매탄동 1274,37.2580272893,127.0444701836,2312.2,다목적구장(농구)1,조합놀이대1,,,,,경기도 수원시 영통구 녹지공원과,031-5191-8331,20260115
풀샘,어린이공원,,경기도 수원시 영통구 매탄동 1283,37.2551807646,127.0423674512,1957.0,다목적구장(농구)1,조합놀이대1,,,,,경기도 수원시 영통구 녹지공원과,031-5191-8331,20260115
샘말,어린이공원,,경기도 수원시 영통구 망포동 296-17,37.241888263,127.0535477004,1975.0,조합놀이대1+ 휴게쉼터,조합놀이대1,,,,,경기도 수원시 영통구 녹지공원과,031-5191-8331,20260115
벽적골,근린공원,경기도 수원시 영통구 덕영대로 1555번길 60,경기도 수원시 영통구 영통동 969-2,37.2486734317,127.0618910939,13502.4,농구장1+배드민턴장1+족구장1,물놀이시설1,화장실1,,,,경기도 수원시 영통구 녹지공원과,031-5191-8331,20260115
14호 어린이공원(고덕국제화지구  두릉리),어린이공원,,경기도 평택시 고덕면 두릉리 529-1답,,,1770.0,,,,,,20130104,경기도 평택시청,031-8024-4248,20260313
교통,근린공원,경기도 수원시 영통구 덕영대로 1570,경기도 수원시 영통구 영통동 981-4,37.2454045935,127.062766935,31805.0,,바닥분수1,화장실1,,교통안전교육장1,,경기도 수원시 영통구 녹지공원과,031-5191-8331,20260115
매여울,근린공원,경기도 수원시 영통구 동탄원천로 915번길 36,경기도 수원시 영통구 매탄동 1277,37.2570151441,127.0437996614,19019.4,,바닥분수1+물놀이시설1,화장실1,,,,경기도 수원시 영통구 녹지공원과,031-5191-8331,20260115
선주리들,근린공원,경기도 수원시 영통구 동탄원천로 915번길33,경기도 수원시 영통구 매탄동 1280,37.2560423973,127.0439972331,18956.0,게이트볼장1+배드민턴장1,조합놀이대1,,,,,경기도 수원시 영통구 녹지공원과,031-5191-8331,20260115
성죽,근린공원,,경기도 수원시 영통구 이의동 1213,37.3094193312,127.0475014876,73873.5,,벽천1(물순환시스템),화장실1,,,,경기도 수원시 영통구 녹지공원과,031-5191-8331,20260115
솔내,근린공원,,경기도 수원시 영통구 이의동 1215,37.3081843879,127.0510414475,24489.3,,,,,,,경기도 수원시 영통구 녹지공원과,031-5191-8331,20260115
연암,근린공원,경기도 수원시 영통구 창룡대로 246,경기도 수원시 영통구 이의동 1288,37.2945025019,127.0364315335,128896.7,,,화장실2,,,,경기도 수원시 영통구 녹지공원과,031-5191-8331,20260115
녹촌제3호어린이공원,어린이공원,,경기도 남양주시 화도읍 녹촌리 572,37.6511086682,127.292063981,3055.0,,,,,,,경기도 남양주시청,031-590-4993,20260319
두물맞이공원,수변공원,,경기도 수원시 권선구 금곡동 1097,37.2708769014,126.940355322,31022.7,배드민턴장1,,,,,,경기도 수원시 권선구 녹지공원과,031-5191-6195,20260115
실개울공원,수변공원,,경기도 수원시 권선구 금곡동 1095-2,37.2719547135,126.9470270576,11291.5,,,,,,,경기도 수원시 권선구 녹지공원과,031-5191-6195,20260115
물빛찬공원,수변공원,경기도 수원시 권선구 금곡로 188,경기도 수원시 권선구 금곡동 1120,37.2727119979,126.9512036635,20806.3,,,화장실1,,,,경기도 수원시 권선구 녹지공원과,031-5191-6195,20260115
물향기공원,수변공원,경기도 수원시 권선구 호매실로 219,경기도 수원시 권선구 호매실동 1384,37.2633432708,126.954395618,150447.3,풋살장2+다목적구장2,저류지3+텃밭,화장실1,,음수대1,,경기도 수원시 권선구 녹지공원과,031-5191-6195,20260115
6호수변공원,수변공원,경기도 수원시 권선구 권선로357번길 13,경기도 수원시 권선구 서둔동 26-52,37.2614933522,126.9903393516,3569.2,,,,,,,경기도 수원시 권선구 녹지공원과,031-5191-6195,20260115
팔달공원(장안공원+팔달공원+화서공원),근린공원,,경기도 수원시 팔달구 고등동 42-140,37.277595118,127.0106821147,543863.0,,,,,,,경기도 수원시 화성사업소 문화유산시설과,031-5191-4473,20260115
17호 어린이공원(고덕국제화지구 좌교리),어린이공원,,경기도 평택시 고덕면 좌교리 399-1답,,,4449.0,,,,,,20130104,경기도 평택시청,031-8024-4248,20260313
18호 어린이공원(고덕국제화지구 해창리),어린이공원,,경기도 평택시 고덕면 해창리 485-1장,,,3888.0,,,,,,20130104,경기도 평택시청,031-8024-4248,20260313
20호 어린이공원(고덕국제화지구  해창리),어린이공원,,경기도 평택시 고덕면 해창리 437-1답,,,1520.0,,,,,,20130104,경기도 평택시청,031-8024-4248,20260313
25호 어린이공원(여염리),어린이공원,,경기도 평택시 고덕면 여염리 산60임,,,3378.0,,,,,,20150403,경기도 평택시청,031-8024-4248,20260313
마루어린이공원(2호),어린이공원,,경기도 평택시 고덕면 여염리 326-4답,,,2072.0,,,,,,20130104,경기도 평택시청,031-8024-4248,20260313
물방개어린이공원(30호),어린이공원,,경기도 평택시 고덕동 2458-2,37.0459582601,127.0316507692,2098.0,,,,,,20150403,경기도 평택시청,031-8024-4248,20260313
혜윰어린이공원(31호),어린이공원,,경기도 평택시 고덕동 2503-7,37.040490472,127.0293326805,4674.0,,,,,,20150403,경기도 평택시청,031-8024-4248,20260313
33호 어린이공원(고덕국제화지구  해창리),어린이공원,,경기도 평택시 고덕면 해창리 733-27임,,,2258.0,,,,,,20150403,경기도 평택시청,031-8024-4248,20260313
꽃구름어린이공원(34호),어린이공원,,경기도 평택시 고덕면 여염리 373-2답,,,1585.0,,,,,,20150403,경기도 평택시청,031-8024-4248,20260313
26호 어린이공원(서정동),어린이공원,,경기도 평택시 서정동 산1-1임,,,1853.0,,,,,,20150403,경기도 평택시청,031-8024-4248,20260313
통복2 수변공원(수촌지구),수변공원,경기도 평택시 수촌길 50 (칠원동),경기도 평택시 칠원동 286,37.0211280025,127.1136125122,13256.0,,,,,,20091216,경기도 평택시청,031-8024-4248,20260313
대추원,어린이공원,경기도 수원시 장안구 금당로 39번길 33,경기도 수원시 장안구 조원동 855,37.3045219201,127.0151786211,2160.0,,조합놀이대1,,,,,경기도 수원시 장안구 녹지공원과,031-5191-5995,20260115
조원,어린이공원,,경기도 수원시 장안구 조원동 860,37.3036929825,127.0172583707,2500.0,다목적구장(농구)1,조합놀이대1,,,,,경기도 수원시 장안구 녹지공원과,031-5191-5995,20260115
별,어린이공원,경기도 수원시 장안구 하률로 46번길 22,경기도 수원시 장안구 천천동 565,37.3016339927,126.978322391,2202.0,,조합놀이대1,,,,,경기도 수원시 장안구 녹지공원과,031-5191-5995,20260115
갈매천공원,수변공원,,경기도 구리시 갈매동 592 일원,37.6370720823,127.1181083092,50338.0,,,,,,20100427,경기도 구리시청,031-550-2046,20231124
불곡공원,어린이공원,,경기도 성남시 분당구 구미동 294,37.3447354585,127.1265511844,1586.7,야외운동기구,어린이놀이터,벤치+파고라+음수전,,,19920110,경기도 성남시 분당구 녹지공원과,031-729-7463,20251111
미사 수변 10호 공원,수변공원,,경기도 하남시 망월동 1024,37.5679077281,127.1833308231,37680.0,,,,,,,경기도 하남시청,031-5182-1579,20251218
달,어린이공원,경기도 수원시 장안구 하률로 46번길 17,경기도 수원시 장안구 천천동 566,37.30202595,126.9793126439,3742.8,다목적구장(농구+족구)2,조합놀이대1,,,,,경기도 수원시 장안구 녹지공원과,031-5191-5995,20260115
제3호 어린이공원 제132호(가재지구),어린이공원,,경기도 평택시 가재동 산88-2,37.0411652428,127.078305347,3240.0,,,,,,20111125,경기도 평택시청,031-8024-4248,20260313
바람,어린이공원,경기도 수원시 장안구 정자로 41번길 12,경기도 수원시 장안구 천천동 482,37.3026950849,126.9818468721,1960.6,다목적구장(족구)1,조합놀이대1,,,,,경기도 수원시 장안구 녹지공원과,031-5191-5995,20260115
샘터,어린이공원,,경기도 수원시 장안구 천천동 505-2,37.2994034545,126.9791928239,1863.2,다목적구장(농구)1,조합놀이대1,,,,,경기도 수원시 장안구 녹지공원과,031-5191-5995,20260115
꿈틀이,어린이공원,,경기도 수원시 영통구 원천동 581,37.2772531076,127.0501924696,2374.2,,조합놀이대1,,,,,경기도 수원시 영통구 녹지공원과,031-5191-8331,20260115
동물놀이,어린이공원,,경기도 수원시 영통구 원천동 612,37.2744354656,127.0528375067,1618.6,,조합놀이대1,,,,,경기도 수원시 영통구 녹지공원과,031-5191-8331,20260115
신호등,어린이공원,,경기도 수원시 영통구 하동 978,37.291852381,127.0702945389,1835.2,,조합놀이대2,,,,,경기도 수원시 영통구 녹지공원과,031-5191-8331,20260115
17호소공원,소공원,,경기도 수원시 영통구 영통동 1157,37.2442367441,127.0622826558,1134.7,,휴게쉼터,,,,,경기도 수원시 영통구 녹지공원과,031-5191-8331,20260115
19호소공원,소공원,,경기도 수원시 영통구 망포동 434,37.2437030617,127.0630431647,512.7,,휴게쉼터,,,,,경기도 수원시 영통구 녹지공원과,031-5191-8331,20260115
60호소공원,소공원,,경기도 수원시 장안구 정자동 836-5,37.2974336192,126.9982495418,3482.0,,휴게쉼터,,,,,경기도 수원시 장안구 녹지공원과,031-5191-5995,20260115
고래등,어린이공원,,경기도 수원시 영통구 이의동 1273-1,37.297865964,127.0435847358,2104.7,,물놀이시설1,,,,,경기도 수원시 영통구 녹지공원과,031-5191-8331,20260115
틴틴,어린이공원,,경기도 수원시 영통구 이의동 1345,37.2890028691,127.0485138901,2185.1,,조합놀이대1,,,,,경기도 수원시 영통구 녹지공원과,031-5191-8331,20260115
물빛,어린이공원,,경기도 수원시 영통구 신동969,37.2465721401,127.04186317,1683.0,,조합놀이대1,,,,,경기도 수원시 영통구 녹지공원과,031-5191-8331,20260115
송원공원,소공원,,경기도 수원시 장안구 조원동 912-2,37.3076940968,127.0113170721,3071.0,,휴게쉼터,,,,,경기도 수원시 장안구 녹지공원과,031-5191-5995,20260115
39호소공원,소공원,,경기도 수원시 장안구 이목동 850,37.3142616731,126.9862089466,2817.0,,휴게쉼터,,,,,경기도 수원시 장안구 녹지공원과,031-5191-5995,20260115
당암,어린이공원,,경기도 수원시 영통구 망포동 719,37.2437430504,127.0607722111,1743.1,,조합놀이대1,,,,,경기도 수원시 영통구 녹지공원과,031-5191-8331,20260115
숲속부엉이,어린이공원,,경기도 수원시 영통구 망포동 713,37.2407821693,127.0654844875,1990.7,,조합놀이대1,,,,,경기도 수원시 영통구 녹지공원과,031-5191-8331,20260115
동그라미,어린이공원,,경기도 수원시 영통구 신동 927-2,37.2478475901,127.042926824,1527.0,,조합놀이대1,,,,,경기도 수원시 영통구 녹지공원과,031-5191-8331,20260115
망포,어린이공원,,경기도 수원시 영통구 망포동 721,37.2447173415,127.0558523069,1932.3,,조합놀이대1,,,,,경기도 수원시 영통구 녹지공원과,031-5191-8331,20260115
달래,어린이공원,경기도 수원시 영통구 봉영로 1744번길 11,경기도 수원시 영통구 영통동 1053-2,37.266642552,127.083046794,4220.7,다목적구장(농구),조합놀이대1,,,,,경기도 수원시 영통구 녹지공원과,031-5191-8331,20260115
미로,어린이공원,경기도 수원시 영통구 청명북로 118,경기도 수원시 영통구 영통동 955-3,37.2618836817,127.0780995675,4969.3,다목적구장(농구),,,,,,경기도 수원시 영통구 녹지공원과,031-5191-8331,20260115
제2호 체육공원(브레인시티),체육공원,,경기도 평택시 가재동 128,,,15574.0,,,,,,20100315,경기도 평택시청,031-8024-4248,20260313
달님,어린이공원,,경기도 수원시 영통구 영통동 1052-4,37.2628909931,127.0843708538,4865.2,다목적구장,조합놀이대1,,,,,경기도 수원시 영통구 녹지공원과,031-5191-8331,20260115
단오,어린이공원,,경기도 수원시 영통구 영통동 1047-3,37.2560175382,127.0766462029,6083.3,,조합놀이대1,,,,,경기도 수원시 영통구 녹지공원과,031-5191-8331,20260115
수정,어린이공원,경기도 수원시 영통구 청명로 59번길 7-16,경기도 수원시 영통구 영통동 1031,37.2517590318,127.0800842564,2641.1,,조합놀이대1,,,,,경기도 수원시 영통구 녹지공원과,031-5191-8331,20260115
으뜸,어린이공원,경기도 수원시 영통구 매영로 421-7,경기도 수원시 영통구 영통동 1017,37.2491086412,127.0774717063,2087.9,,조합놀이대1,노인정1,,,,경기도 수원시 영통구 녹지공원과,031-5191-8331,20260115
풀잎,어린이공원,경기도 수원시 영통구 봉영로 1526,경기도 수원시 영통구 영통동 988-2,37.2489568868,127.0703688235,8360.4,다목적구장(농구)1,조합놀이대1,,,,,경기도 수원시 영통구 녹지공원과,031-5191-8331,20260115
보리수,어린이공원,,경기도 수원시 영통구 영통동 970-2,37.2482665852,127.0645345734,6947.2,다목적구장(농구)1,조합놀이대1,,,,,경기도 수원시 영통구 녹지공원과,031-5191-8331,20260115
솔찬,어린이공원,,경기도 수원시 영통구 영통동 964-3,37.2529768614,127.0648154496,4968.3,다목적구장(농구)1,조합놀이대1,,,,,경기도 수원시 영통구 녹지공원과,031-5191-8331,20260115
한울,어린이공원,,경기도 수원시 영통구 영통동 972-4,37.2492387413,127.0608561933,5919.7,다목적구장(농구+게이트볼)2,조합놀이대1,,,,,경기도 수원시 영통구 녹지공원과,031-5191-8331,20260115
미리내,어린이공원,,경기도 수원시 영통구 영통동 987,37.2453869481,127.0687116996,1781.4,다목적구장(농구)1,조합놀이대1,,,,,경기도 수원시 영통구 녹지공원과,031-5191-8331,20260115
성복 소공원,소공원,,경기도 용인시 수지구 성복동 763,37.318582932,127.0672297199,1500.0,,,,,,20060605,,,20250801
마루터기,어린이공원,경기도 수원시 영통구 산남로 4번길 27,경기도 수원시 영통구 매탄동 861,37.2638574825,127.0486981433,1815.6,,조합놀이대1,노인정1,,,,경기도 수원시 영통구 녹지공원과,031-5191-8331,20260115
우정,어린이공원,경기도 수원시 영통구 매봉로46번길 14,경기도 수원시 영통구 매탄동 1201,37.2715660408,127.0538856492,1939.1,,조합놀이대1,화장실1,,,,경기도 수원시 영통구 녹지공원과,031-5191-8331,20260115
못골,어린이공원,경기도 수원시 팔달구 팔달문로 115번길 43,경기도 수원시 팔달구 지동 473,37.283479984,127.0276887741,3257.0,,조합놀이대1,노인정1+화장실1,,,,경기도 수원시 팔달구 녹지공원과,031-5191-7043,20260115
반달,어린이공원,경기도 수원시 팔달구 장다리로 221,경기도 수원시 팔달구 인계동 973,37.2696444444,127.0256435114,4665.5,다목적구장2(농구+게이트볼) 인라인스케이트장1,조합놀이대1,노인정1+화장실1,,,,경기도 수원시 팔달구 녹지공원과,031-5191-7043,20260115
드라마센터,어린이공원,,경기도 수원시 팔달구 인계동 948,37.2701890843,127.0292669264,2639.0,다목적구장(축구장),조합놀이대1,,,,,경기도 수원시 팔달구 녹지공원과,031-5191-7043,20260115
미소,어린이공원,경기도 수원시 팔달구 장다리로306번길 16,경기도 수원시 팔달구 인계동 944,37.2746397488,127.0305639024,1512.9,,조합놀이대1,,,,,경기도 수원시 팔달구 녹지공원과,031-5191-7043,20260115
소만,어린이공원,,경기도 수원시 팔달구 우만동 300-4,37.291894109,127.0322822668,2000.1,다목적구장(게이트볼)1,조합놀이대1,,,,,경기도 수원시 팔달구 녹지공원과,031-5191-7043,20260115
작은새,어린이공원,,경기도 수원시 팔달구 우만동 301-2,37.292371831,127.035878437,2772.8,,조합놀이대1,,,,,경기도 수원시 팔달구 녹지공원과,031-5191-7043,20260115
버들,어린이공원,,경기도 수원시 팔달구 화서동 707,37.2895187798,126.9829517683,4442.7,농구장,조합놀이대1,,,,,경기도 수원시 팔달구 녹지공원과,031-5191-7043,20260115
샛별,어린이공원,,경기도 수원시 팔달구 화서동 64-3,37.279412895,127.0050766853,931.9,,조합놀이대1,파고라2,,,,경기도 수원시 팔달구 녹지공원과,031-5191-7043,20260115
고등,어린이공원,,경기도 수원시 팔달구 고등동 79-5,37.2705934752,127.0069035879,1288.6,,조합놀이대1,한식풍정자,,,,경기도 수원시 팔달구 녹지공원과,031-5191-7043,20260115
초록,어린이공원,경기도 수원시 장안구 천천로 74번길 50,경기도 수원시 장안구 정자동 937,37.2992991406,126.9865075787,2204.1,,조합놀이대1+원형무대1,,,,,경기도 수원시 장안구 녹지공원과,031-5191-5995,20260115
비단,어린이공원,,경기도 수원시 장안구 천천동 529,37.2975137601,126.983396037,2309.5,다목적구장(농구)1,조합놀이대1,,,,,경기도 수원시 장안구 녹지공원과,031-5191-5995,20260115
청솔,어린이공원,경기도 수원시 장안구 만석로 20번길 28,경기도 수원시 장안구 정자동 919,37.2935401184,126.9846287211,2000.1,다목적구장(농구)1,조합놀이대1,,,,,경기도 수원시 장안구 녹지공원과,031-5191-5995,20260115
신동수변공원,수변공원,경기도 수원시 영통구 덕영대로 1373번길 66,경기도 수원시 영통구 신동 942,37.2474113823,127.0404636321,24329.0,,,,,,,경기도 수원시 영통구 녹지공원과,031-5191-8331,20260115
장우,어린이공원,,경기도 수원시 장안구 파장동 593-4,37.3073152424,126.9967023571,2675.7,조합놀이대1,조합놀이대1,,,,,경기도 수원시 장안구 녹지공원과,031-5191-5995,20260115
사색,근린공원,경기도 수원시 영통구 광교중앙로 96,경기도 수원시 영통구 원천동 588,37.2832338457,127.0548884681,260086.1,,계류1,화장실1,,,,경기도 수원시 영통구 녹지공원과,031-5191-8331,20260115
천천,어린이공원,,경기도 수원시 장안구 천천동 511-2,37.2991654597,126.9818100773,1839.1,,조합놀이대1,,,,,경기도 수원시 장안구 녹지공원과,031-5191-5995,20260115
텃밭,근린공원,,경기도 수원시 영통구 원천동 596-1,37.2733891605,127.0641953126,33295.6,,,,,,,경기도 수원시 영통구 녹지공원과,031-5191-8331,20260115
71호근린공원,근린공원,,경기도 수원시 영통구 이의동 1365,37.284058253,127.0394629967,11863.9,,,,,,,경기도 수원시 영통구 녹지공원과,031-5191-8331,20260115
광교호수공원,근린공원,경기도 수원시 영통구 광교호수로 57,경기도 수원시 영통구 하동 1023,37.2749886195,127.0652691673,1764901.7,클라이밍장1,분수9+캠핑장1+조합놀이대2,화장실10+매점3,,주차장,,경기도 수원시 공원녹지사업소 공원관리과,031-5191-4192,20260115
동탄1호 어린이공원,어린이공원,,경기도 화성시 동탄구 능동 1097-1,,,5836.8,인라인,놀이터,,,,,경기도 화성시 공원녹지사업소 동부공원관리과,031-5189-6961,20260201
지성,근린공원,경기도 수원시 영통구 동탄지성로 520,경기도 수원시 영통구 망포동 755,37.2388256192,127.0463219917,15320.6,게이트볼장1+다목적구장1,,화장실1,,,,경기도 수원시 영통구 녹지공원과,031-5191-8331,20260115
연꽃,어린이공원,,경기도 수원시 장안구 정자동 873-2,37.2991870409,126.9946404367,2267.0,,조합놀이대1,,,,,경기도 수원시 장안구 녹지공원과,031-5191-5995,20260115
서호꽃뫼공원,근린공원,경기도 수원시 팔달구 수성로 120,경기도 수원시 팔달구 화서동 410-6,,,56450.2,농구장2+배드민턴장1,포시즌가든+텃밭,화장실1,,,,경기도 수원시 팔달구 녹지공원과,031-5191-7043,20260115
풀잎,어린이공원,,경기도 수원시 권선구 금곡동 66-1,37.2783800951,126.9518582923,1837.0,다목적구장(농구)1,조합놀이대1,,,,,경기도 수원시 권선구 녹지공원과,031-5191-6195,20260115
종루공원,역사공원,경기도 수원시 팔달구 정조로 824,경기도 수원시 팔달구 팔달로1가 6-1,37.2815617554,127.0169503467,1013.6,,,,,,,경기도 수원시 화성사업소 문화유산시설과,031-5191-4473,20260115
3호역사공원,역사공원,경기도 수원시 팔달구 신풍로 14,경기도 수원시 팔달구 신풍동 221-8,37.2825451414,127.0149586501,3536.0,,,,,,,경기도 수원시 화성사업소 문화유산시설과,031-5191-4473,20260115
매봉,근린공원,경기도 수원시 영통구 동탄원천로 1109번길 61,경기도 수원시 영통구 매탄동 1210,37.2681612236,127.0545373396,23673.4,게이트볼장1+농구장1,,화장실1,,,,경기도 수원시 영통구 녹지공원과,031-5191-8331,20260115
효정,어린이공원,경기도 수원시 권선구 권중로25번길 29-9,경기도 수원시 권선구 권선동 1232,37.2549463135,127.0333586914,2529.8,,조합놀이대1,화장실1,,,,경기도 수원시 권선구 녹지공원과,031-5191-6195,20260115
해늘찬,어린이공원,,경기도 수원시 장안구 이목동 519-5,37.3141575442,126.9846513236,2277.0,,조합놀이대1,,,음수대1,,경기도 수원시 장안구 녹지공원과,031-5191-5995,20260115
꽃잎,어린이공원,경기도 수원시 권선구 권중로 146,경기도 수원시 권선구 권선동 1273,37.2499112594,127.0320253618,1624.7,,조합놀이대1,화장실1,,,,경기도 수원시 권선구 녹지공원과,031-5191-6195,20260115
솔뫼,어린이공원,경기도 수원시 장안구 천천로 21번길 11,경기도 수원시 장안구 정자동 923,37.2934054596,126.9868296989,6028.5,다목적구장(농구)2,조합놀이대1,,,,,경기도 수원시 장안구 녹지공원과,031-5191-5995,20260115
대평,어린이공원,경기도 수원시 장안구 만석로 68번길 10,경기도 수원시 장안구 정자동 870-1,37.2969373539,126.9885545529,3000.1,,조합놀이대1,,,,,경기도 수원시 장안구 녹지공원과,031-5191-5995,20260115
꽃뫼,어린이공원,,경기도 수원시 장안구 정자동 883-3,37.2928779754,126.9920969412,3100.1,다목적구장(농구)1,조합놀이대1,,,,,경기도 수원시 장안구 녹지공원과,031-5191-5995,20260115
명인,어린이공원,경기도 수원시 장안구 정자천로 188번길 28,경기도 수원시 장안구 정자동 884-4,37.2953275683,126.9957186486,2000.1,다목적구장(배드민턴+족구)1,,,,,,경기도 수원시 장안구 녹지공원과,031-5191-5995,20260115
오남1소공원,소공원,,경기도 남양주시 오남읍 오남리 889-1,37.6964553817,127.1981128937,201.0,,,,,,,경기도 남양주시청,031-590-8601,20260319
화산,어린이공원,경기도 수원시 장안구 화산로 85,경기도 수원시 장안구 천천동 333,37.2937286861,126.9803401222,2000.0,조합놀이대1+ 음수대1+휴게쉼터,조합놀이대1,,,음수대1,,경기도 수원시 장안구 녹지공원과,031-5191-5995,20260115
율전,어린이공원,,경기도 수원시 장안구 율전동 601,37.2992562207,126.9643124174,5212.6,다목적구장(배드민턴)1,조합놀이대1,,,,,경기도 수원시 장안구 녹지공원과,031-5191-5995,20260115
해드림,어린이공원,,경기도 수원시 장안구 이목동 332-1,37.3121972829,126.9830527706,1757.0,,조합놀이대1,,,음수대1,,경기도 수원시 장안구 녹지공원과,031-5191-5995,20260115
노루말,어린이공원,,경기도 수원시 장안구 정자동 945-2,37.3094822818,126.9824154473,1500.0,,조합놀이대1,,,,,경기도 수원시 장안구 녹지공원과,031-5191-5995,20260115
오리뜰,어린이공원,,경기도 수원시 장안구 정자동 945-10,37.3055117687,126.9834926693,1500.1,,조합놀이대1,,,,,경기도 수원시 장안구 녹지공원과,031-5191-5995,20260115
장대산,어린이공원,경기도 수원시 권선구 장다리로 97,경기도 수원시 권선구 권선동 985,37.259035536,127.0212893686,1499.0,,조합놀이대1,노인정1,,음수대1,,경기도 수원시 권선구 녹지공원과,031-5191-6195,20260115
송죽,어린이공원,경기도 수원시 장안구 정조로 1088번길 6-6,경기도 수원시 장안구 송죽동 457,37.302210512,127.0033794454,3592.4,,조합놀이대1,,,음수대1,,경기도 수원시 장안구 녹지공원과,031-5191-5995,20260115
석산,어린이공원,경기도 수원시 장안구 금당로38번길 7,경기도 수원시 장안구 조원동 731,37.3031117376,127.0155341204,1556.0,,조합놀이대2,화장실1,,,,경기도 수원시 장안구 녹지공원과,031-5191-5995,20260115
녹촌제1호소공원,소공원,경기도 남양주시 화도읍 경춘보학1길 7,경기도 남양주시 화도읍 녹촌리 566번지 남양주라온프라이빗4단지,37.6511242363,127.2972150814,1228.0,,,,,,,경기도 남양주시청,031-590-4993,20260319
다람쥐,어린이공원,경기도 수원시 장안구 조원로111번길 33-23,경기도 수원시 장안구 조원동 758-4,37.3001549202,127.0141347332,1647.6,,조합놀이대1,화장실1,,,,경기도 수원시 장안구 녹지공원과,031-5191-5995,20260115
연무,어린이공원,경기도 수원시 장안구 창훈로39번길 4,경기도 수원시 장안구 연무동 214-6,37.2961632792,127.0301368291,1621.0,,조합놀이대1,노인정1,,음수대1,,경기도 수원시 장안구 녹지공원과,031-5191-5995,20260115
창훈,어린이공원,경기도 수원시 장안구 월드컵로 418번길 31,경기도 수원시 장안구 연무동 237-15,37.2943770303,127.0274965469,1630.4,,조합놀이대1,노인정1,,,,경기도 수원시 장안구 녹지공원과,031-5191-5995,20260115
쪽박산,어린이공원,경기도 수원시 장안구 경수대로 754번길 59,경기도 수원시 장안구 연무동 252-14,37.2931277349,127.0239052967,1500.0,,조합놀이대1,노인정1,,,,경기도 수원시 장안구 녹지공원과,031-5191-5995,20260115
일림,어린이공원,경기도 수원시 장안구 수일로 104번길 20,경기도 수원시 장안구 파장동 629,37.3086381259,127.0014074998,1632.0,,조합놀이대1,노인정1,,음수대1,,경기도 수원시 장안구 녹지공원과,031-5191-5995,20260115
목천 마을쉼터,기타,,경기도 평택시 신장동 327-15 327-14 326-5~7,37.0835102071,127.0541944205,451.0,마라톤운동기+발바닥지압걷기+어깨근육풀기+옆파도타기+온몸역기올리기+온몸허리돌리기,고무매트포장+조합놀이대+흔들놀이,,,소화전+집수정,,경기도 평택시청,031-8024-4248,20260313
수월암2리 마을쉼터,기타,,경기도 평택시 서탄면 수월암리 406 409 434-1,,,991.0,등허리지압기+어깨근육풀기+온몸허리돌리기+지압길 포장,고무매트포장+조합놀이대+흔들놀이,,,,,경기도 평택시청,031-8024-4248,20260313
신리 마을쉼터,기타,,경기도 평택시 진위면 신리 126-3,37.0974137381,127.0710515175,793.0,등허리지압기+옆파도타기+온몸역기내리기+지압자갈포장+하늘걷기,고무칩포장+그네+조합놀이대,,,수목보호대+측구수로,,경기도 평택시청,031-8024-4248,20260313
대장골 어린이공원(청북지구 택지개발),어린이공원,,경기도 평택시 청북면 옥길리 1056-3,37.023106328,126.9080073269,1551.7,온몸허리돌리기+철봉 대형+철봉 소형+평행봉,고무칩포장+조합놀이대+흔들놀이,,,우수관+집수정+트랜치,20051007,경기도 평택시청,031-8024-4248,20260313
도곡 어린이공원(포승공단),어린이공원,,경기도 평택시 포승읍 도곡리 1147,36.987481734,126.8463207017,1500.1,고무매트포장+옆파도타기+온몸역기내리기+하늘걷기,그네+그네보호대+모래포장+조합놀이대,음수전,,ㄷ 자 옹벽+집수정,20000927,경기도 평택시청,031-8024-4248,20260313
도화동 어린이공원(안중지구 택지개발),어린이공원,,경기도 평택시 안중읍 현화리 820-5 820-7 551-8,36.9869324514,126.9189720934,2220.0,옆파도타기+온몸허리돌리기,고무매트포장+그네+그네보호대+시소+조합놀이대+흔들놀이,육각 음수전+자전거거치대,,수목보호대,19950502,경기도 평택시청,031-8024-4248,20260313
돌패기 어린이공원(청북지구 택지개발),어린이공원,,경기도 평택시 청북면 옥길리 1073,37.0201727356,126.9048174771,3832.1,자유철봉기+하늘걷기,고무칩포장+그네+그네보호대+조합놀이대,,,수목보호덮개,20091228,경기도 평택시청,031-8024-4248,20260313
둔터 어린이공원(청북지구 택지개발),어린이공원,,경기도 평택시 청북면 옥길리 1148,37.0232731789,126.9198580268,1594.1,,고무칩포장+그네+그네보호대+시소+조합놀이대,,,우수관+우수배수로+집수정,20051007,경기도 평택시청,031-8024-4248,20260313
방죽골 어린이공원(안중지구 택지개발),어린이공원,경기도 평택시 안중읍 안현로서7길 29,경기도 평택시 안중읍 현화리 840-2,36.9814455318,126.9241113316,6014.9,농구대+배드민턴장+배드민턴지주대+온몸허리돌리기+철봉+평행봉+하늘걷기+허리다리뻗기,고무매트포장+그네+그네보호대+시소+조합놀이대+흔들놀이,육각 음수전+화장실,,소화전+정구장 배수로+집수정,19950502,경기도 평택시청,031-8024-4248,20260313
배당지 어린이공원(청북지구 택지개발),어린이공원,,경기도 평택시 청북면 옥길리 1099,37.0196953326,126.9117319661,3942.0,,고무칩포장+조합놀이대,,,집수정+트랜치,20051007,경기도 평택시청,031-8024-4248,20260313
비파 어린이공원(청북지구 택지개발),어린이공원,,경기도 평택시 청북면 옥길리 1164,37.0179836518,126.918679511,2340.9,,개구리놀이+거미소리골+고무칩포장+그네+그네보호대+조합놀이대,,,수목보호틀+우수관+집수정,20051007,경기도 평택시청,031-8024-4248,20260313
서당제 어린이공원(안중지구 택지개발),어린이공원,경기도 평택시 안중읍 안현로서6길 93,경기도 평택시 안중읍 현화리 824-4,36.9828161412,126.9186514009,4652.4,마라톤운동기+배드민턴장+배드민턴지주대+온몸노젓기+하늘걷기,고무칩포장+그네+그네보호대+시소+조합놀이대+흔들놀이,음수전+화장실,,배수로+조형물출입문 기둥+집수정+트랜치,19950502,경기도 평택시청,031-8024-4248,20260313
신흥 마을쉼터,기타,,경기도 평택시 신장동 646-8,37.0866719769,127.0575576775,738.0,등허리지압기+마라톤운동기+발바닥목재판걷기+발바닥지압기+어깨근육풀기+온몸역기올리기+온몸허리돌리기,,,,집수정,,경기도 평택시청,031-8024-4248,20260313
하북3리 마을쉼터,기타,,경기도 평택시 진위면 하북리 187-12,37.1043488649,127.0584302774,999.0,온몸역기올리기+온몸허리돌리기+윗몸일으키기+지압길 포장+하늘걷기,고무칩포장+조합놀이대,,,U형측구+수목보호대,,경기도 평택시청,031-8024-4248,20260313
한 내,근린공원,,경기도 광명시 소하동 1308,37.4512029735,126.8865893413,87838.0,,,화장실,,수경시설,20010106,경기도 광명시청,02-2680-6462,20251209
예술/효원공원,근린공원,경기도 수원시 팔달구 동수원로335,경기도 수원시 팔달구 인계동 1128,37.25912249,127.0363439585,225826.3,,수경시설(바닥분수),화장실5,,월화원,,경기도 수원시 팔달구 녹지공원과,031-5191-7043,20260115
황새말공원,근린공원,경기도 수원시 팔달구 일월로22번길 23,경기도 수원시 팔달구 화서동 717,37.2862867054,126.9811358682,10242.3,,생태놀이터,,,광장,,경기도 수원시 팔달구 녹지공원과,031-5191-7043,20260115
물봉선,어린이공원,,경기도 수원시 영통구 망포동 1311-2,,,1747.9,,물놀이시설1,,,,,경기도 수원시 영통구 녹지공원과,031-5191-8331,20260115
붐붐,어린이공원,,경기도 수원시 영통구 이의동 1343,37.2860681204,127.0525597519,3083.5,,조합놀이대1,,,,,경기도 수원시 영통구 녹지공원과,031-5191-8331,20260115
나래,어린이공원,,경기도 수원시 팔달구 고등동 50-2,37.2750705099,127.0048646236,1045.3,,조합놀이대1,,,,,경기도 수원시 팔달구 녹지공원과,031-5191-7043,20260115
동탄2호 어린이공원,어린이공원,,경기도 화성시 동탄구 능동 1166,,,5366.6,농구장,놀이터,,,,,경기도 화성시 공원녹지사업소 동부공원관리과,031-5189-6961,20260201
화서오거리,어린이공원,경기도 수원시 팔달구 동말로 47번길 24-10,경기도 수원시 팔달구 화서동 116-3,37.2796694044,126.9997261199,1000.0,,조합놀이대1,,,,,경기도 수원시 팔달구 녹지공원과,031-5191-7043,20260115
동말,어린이공원,,경기도 수원시 팔달구 화서동 184-58,37.2770960019,126.9969891822,1278.4,,조합놀이대1,,,,,경기도 수원시 팔달구 녹지공원과,031-5191-7043,20260115
양지말,어린이공원,,경기도 수원시 팔달구 화서동 702,37.2859566341,126.9847215631,3000.4,시소,조합놀이대1,,,광장,,경기도 수원시 팔달구 녹지공원과,031-5191-7043,20260115
산마루,어린이공원,,경기도 수원시 팔달구 화서동 688-4,37.2860378594,126.9876603586,4595.8,,조합놀이대1,,,광장,,경기도 수원시 팔달구 녹지공원과,031-5191-7043,20260115
들바람,근린공원,경기도 수원시 권선구 산업로92번길 113,경기도 수원시 권선구 고색동 931,37.2407918101,126.9787194638,5186.7,,,화장실1,,,,경기도 수원시 권선구 녹지공원과,031-5191-6195,20260115
고렴,근린공원,경기도 수원시 권선구 동수원로 114,경기도 수원시 권선구 곡반정동 546,37.2406337249,127.0292077276,10571.0,게이트볼장1+농구장1+배드민턴장1+인라인스케이트장1,바닥분수1,화장실1,,,,경기도 수원시 권선구 녹지공원과,031-5191-6195,20260115
가온공원,근린공원,,경기도 수원시 권선구 금곡동 1096,37.2727536269,126.9490571505,14523.0,,휴게쉼터,,,,,경기도 수원시 권선구 녹지공원과,031-5191-6195,20260115
호매실공원,근린공원,,경기도 수원시 권선구 호매실동 1358,37.2711953208,126.9488581378,50894.0,족구장1,,,,,,경기도 수원시 권선구 녹지공원과,031-5191-6195,20260115
만석,근린공원,경기도 수원시 장안구 정조로 1067,경기도 수원시 장안구 송죽동 316,37.3006368163,127.0042699016,329004.3,음악분수1+바닥분수1+노인복지관1+실내배드민턴장1+축구장1+테니스장1+클레이축구장1+게이트볼장1+ 족구장1+X게임장1,,매점1+화장실3,도서관1+미술관1,주차장,,경기도 수원시 장안구 녹지공원과,031-5191-5995,20260115
퉁소바위,근린공원,경기도 수원시 장안구 창룡대로151번길 13,경기도 수원시 장안구 연무동 산21-1,37.2919362991,127.0257517956,46817.0,배드민턴장1,,화장실1,,,,경기도 수원시 장안구 녹지공원과,031-5191-5995,20260115
밤밭,근린공원,경기도 수원시 장안구 하률로30번길 50,경기도 수원시 장안구 천천동 575,37.3005952754,126.9758020784,10465.7,배드민턴장1,,화장실1,,,,경기도 수원시 장안구 녹지공원과,031-5191-5995,20260115
광교,근린공원,경기도 수원시 장안구 광교산로 159,경기도 수원시 장안구 하광교동 393-2,37.3014949669,127.0312658709,25849.0,,음악분수1+터널분수1+벽천1+계류1+야외무대1,,,,,경기도 수원시 장안구 녹지공원과,031-5191-5995,20260115
정자문화공원,문화공원,경기도 수원시 장안구 이목로 24-25,경기도 수원시 장안구 정자동 947,37.308851061,126.9858671084,39000.0,,바닥분수1,화장실1,,주차장,,경기도 수원시 장안구 녹지공원과,031-5191-5995,20260115
5호 체육공원,체육공원,경기도 수원시 장안구 덕영대로 623,경기도 수원시 장안구 정자동 926,37.2904910348,126.9865791243,10634.8,족구장1,,화장실1,,,,경기도 수원시 장안구 녹지공원과,031-5191-5995,20260115
구운,근린공원,경기도 수원시 권선구 구운로 4번길 34,경기도 수원시 권선구 구운동 501,37.2785221921,126.976237194,52586.0,게이트볼장1+배드민턴장2+인라인스케이트장1,,화장실2,,약수터2,,경기도 수원시 권선구 녹지공원과,031-5191-6195,20260115
창현제5호어린이공원,어린이공원,,경기도 남양주시 화도읍 창현리 763,37.6460199268,127.2988620682,2038.0,,,,,,,경기도 남양주시청,031-590-4993,20260319
창현제4호어린이공원,어린이공원,,경기도 남양주시 화도읍 창현리 756,37.6490035013,127.3013349271,2204.0,,,,,,,경기도 남양주시청,031-590-4993,20260319
호만5지구 어린이공원,어린이공원,,경기도 남양주시 호평동 729-2,37.657528155,127.2489530379,3357.0,,,,,,,경기도 남양주시청,031-590-4993,20260319
영락공원,묘지공원,경기도 남양주시 진건읍 사릉로264번길 232,경기도 남양주시 진건읍 사능리 산 1-1,37.6642601186,127.2048512183,281785.0,,,,,,,경기도 남양주시청,031-590-8601,20260319
진건물놀이장,어린이공원,,경기도 남양주시 진건읍 사능리 645-7,37.6550996813,127.1801022524,1905.0,,,,,,,경기도 남양주시청,031-590-5354,20260319
장현4어린이공원,어린이공원,,경기도 남양주시 진접읍 장현리 90-2,37.7308405835,127.1925310499,1560.0,,,,,,,경기도 남양주시청,031-590-8369,20260319
진접4호솔빛공원,어린이공원,,경기도 남양주시 진접읍 금곡리 1054-4,37.7164391787,127.2028536484,1538.0,,,,,,,경기도 남양주시청,031-590-8369,20260319
송담5길 어린이공원(안중 송담지구),어린이공원,,경기도 평택시 안중읍 송담리 660,,,1518.0,,고무칩포장+버섯의자+시소+인공암벽놀이대+조합놀이대+회전놀이대,,,U형측구+수목보호판+집수정+흉관,20060206,경기도 평택시청,031-8024-4248,20260313
송담6길 어린이공원(안중 송담지구),어린이공원,,경기도 평택시 안중읍 송담리 862,36.9812796715,126.9292135962,1525.0,,고무칩포장+그네+그네보호대+조합놀이대+흔들놀이,,,U형측구+수목보호판+집수정+흉관,20060206,경기도 평택시청,031-8024-4248,20260313
파랑새공원,어린이공원,,경기도 성남시 분당구 금곡동 183,37.3550767828,127.1064035354,2400.1,야외운동기구,어린이놀이터,벤치+파고라+음수전,,,19910108,경기도 성남시 분당구 녹지공원과,031-729-8094,20251111
야생화공원,어린이공원,,경기도 성남시 분당구 금곡동 175,37.3515851539,127.1066255295,1756.6,야외운동기구,어린이놀이터,벤치+파고라+음수전,,,19910108,경기도 성남시 분당구 녹지공원과,031-729-7463,20251111
무지개공원,어린이공원,,경기도 성남시 분당구 구미동 230,37.3397888198,127.1227757378,1530.2,,어린이놀이터,벤치+파고라+음수전,,,19920110,경기도 성남시 분당구 녹지공원과,031-729-7463,20251111
은행제15호공원,소공원,,경기도 성남시 중원구 은행동 2519,37.4544187879,127.1635690938,646.8,,,,,,20141226,경기도 성남시 중원구 도시미관과,031-729-6452,20251111
은행제16호공원,소공원,,경기도 성남시 중원구 은행동 2506,37.4558126219,127.1679903262,605.7,야외운동기구,,벤치,,,20141226,경기도 성남시 중원구 도시미관과,031-729-6452,20251111
여수지구 제1호공원,소공원,,경기도 성남시 중원구 하대원동 16,37.4278791907,127.1329157886,2673.1,,,벤치+파고라,,,20151224,경기도 성남시 중원구 도시미관과,031-729-6452,20251111
단남소공원,소공원,,경기도 성남시 중원구 금광동 1004,37.4423106124,127.1632580498,401.2,,,,,,20170821,경기도 성남시 중원구 도시미관과,031-729-6452,20251111
박석어린이공원,어린이공원,,경기도 성남시 중원구 금광동 499,,,4015.0,,어린이놀이터,벤치+파고라,,,20240321,경기도 성남시 중원구 도시미관과,031-729-6452,20251111
진접5호아쿠아키즈파크,어린이공원,,경기도 남양주시 진접읍 금곡리 1037-18,37.7190428074,127.2016046974,2157.0,,,,,,,경기도 남양주시청,031-590-8369,20260319
판교제1호체육공원,체육공원,,경기도 성남시 분당구 운중동 956-1,37.3923811275,127.0702986882,12002.5,운동시설+농구장,,음수대,,,20041230,경기도 성남시 공원과,031-729-4382,20251111
판교제2호체육공원,체육공원,,경기도 성남시 분당구 운중동 954,37.390837745,127.0700178199,10909.3,풋살경기장+운동시설물,,음수대,,,20041230,경기도 성남시 공원과,031-729-4382,20251111
판교제3호체육공원,체육공원,,경기도 성남시 분당구 운중동 921-3,37.3891837683,127.0701241499,11651.6,X-game장,,벤치,,,20041230,경기도 성남시 공원과,031-729-4382,20251111
남서울묘지공원,묘지공원,,경기도 성남시 분당구 야탑동 산 82,,,635928.0,,,식당+매점,,납골당,19740824,경기도 성남시 공원과,031-729-4382,20251111
판교대장공원,근린공원,,경기도 성남시 분당구 대장동 242-1 일원,,,106779.3,,,,,,20161108,경기도 성남시 공원과,031-729-4382,20251111
늘푸른공원,어린이공원,,경기도 성남시 분당구 정자동 182,37.3582641112,127.1064165543,2000.0,야외운동기구+다목적운동장,어린이놀이터,벤치+파고라+음수전,,,19910108,경기도 성남시 분당구 녹지공원과,031-729-7463,20251111
앞구미공원,어린이공원,,경기도 성남시 분당구 금곡동 135,37.3536513318,127.1134249692,3029.8,야외운동기구+다목적운동장,어린이놀이터,벤치+파고라,,,19910108,경기도 성남시 분당구 녹지공원과,031-729-7463,20251111
청솔공원,어린이공원,,경기도 성남시 분당구 금곡동 146,37.3516000228,127.1107786287,3570.5,야외운동기구+다목적운동장,어린이놀이터,벤치+파고라+음수전,,,19910108,경기도 성남시 분당구 녹지공원과,031-729-7463,20251111
까치마을공원,어린이공원,,경기도 성남시 분당구 구미동 73,37.3511031296,127.1181643527,3170.1,야외운동기구,어린이놀이터,벤치+파고라+음수전,,,19910108,경기도 성남시 분당구 녹지공원과,031-729-7463,20251111
샘터공원,어린이공원,,경기도 성남시 분당구 구미동 87,37.3487991874,127.1186142133,3620.1,야외운동기구+다목적운동장,어린이놀이터,벤치+파고라+음수전,,,19910108,경기도 성남시 분당구 녹지공원과,031-729-7463,20251111
하얀공원,어린이공원,,경기도 성남시 분당구 구미동 108,37.3448848043,127.1180686188,3800.2,야외운동기구+테니스장,어린이놀이터,벤치+파고라+음수전,,,19910108,경기도 성남시 분당구 녹지공원과,031-729-7463,20251111
골안공원,어린이공원,,경기도 성남시 분당구 구미동 281,37.3431077471,127.1246203288,1588.2,야외운동기구,어린이놀이터,벤치+파고라+음수전,,,19920110,경기도 성남시 분당구 녹지공원과,031-729-7463,20251111
상록어린이공원,어린이공원,,경기도 의정부시 신곡2동 767-4,,,2598.0,공중걷기+ 파도타기+ 온몸근육풀기,조합놀이대+ 그네,,,공원등+ CCTV 등,,경기도 의정부시청,031-828-2414,20250620
권선중앙,근린공원,,경기도 수원시 권선구 권선동 1269,37.2518611712,127.0304797417,26338.3,배드민턴장2(실내1+실외1)+족구장1+농구장1,,화장실2,,약수터1,,경기도 수원시 권선구 녹지공원과,031-5191-6195,20260115
권선,근린공원,경기도 수원시 권선구 덕영대로1207번길 26-6,경기도 수원시 권선구 권선동 1198,37.2499853819,127.02348905,11500.0,게이트볼장1+농구장1,물놀이시설1,화장실1,,,,경기도 수원시 권선구 녹지공원과,031-5191-6195,20260115
오목천,근린공원,경기도 수원시 권선구 오목천로 96,경기도 수원시 권선구 고색동 980,37.2410554998,126.9731254751,21121.3,조합놀이대1+농구장1+족구장1,야외무대1,화장실1,,,,경기도 수원시 권선구 녹지공원과,031-5191-6195,20260115
탑동,근린공원,경기도 수원시 권선구 탑동로 57번길 35,경기도 수원시 권선구 탑동 746-1,37.2727388601,126.9709647281,14574.3,농구장1+족구장1,,화장실1,도서관,,,경기도 수원시 권선구 녹지공원과,031-5191-6195,20260115
푸른숲,어린이공원,,경기도 수원시 팔달구 화서동 755,37.281766545,127.0006456111,1500.2,,조합놀이대1,정자,,,,경기도 수원시 팔달구 녹지공원과,031-5191-7043,20260115
오목호수공원,근린공원,,경기도 수원시 권선구 오목천동 1171,37.2481235173,126.9645131992,38718.7,,저류지1+부유분수3+야외무대1+휴게쉼터+생태관찰지 등,화장실1+관리사무소,,,,경기도 수원시 권선구 녹지공원과,031-5191-6195,20260115
은하수공원,근린공원,경기도 수원시 권선구 평동로68번길 38,경기도 수원시 권선구 평동 45-13,37.2562544813,126.9941298275,9402.0,,야외무대1+저류지1,화장실1,,,,경기도 수원시 권선구 녹지공원과,031-5191-6195,20260115
매화공원,근린공원,,경기도 수원시 권선구 금곡동 1148,37.269466097,126.9498957219,17555.7,,물놀이시설1,화장실 및 관리사무실1,,애견놀이터1,,경기도 수원시 권선구 녹지공원과,031-5191-6195,20260115
사랑뜰공원,근린공원,,경기도 수원시 권선구 호매실동 1370,37.2641892635,126.9606416039,16757.5,,,,어린이집 및 문화센터,,,경기도 수원시 권선구 녹지공원과,031-5191-6195,20260115
마중공원,근린공원,경기도 수원시 권선구 경수대로 124,경기도 수원시 권선구 권선동 1344,37.2385747864,127.0192992417,64604.5,농구장1+풋살장1,물놀이시설1+유수지2+텃밭,화장실2,,,,경기도 수원시 권선구 녹지공원과,031-5191-6195,20260115
대부둑공원,근린공원,경기도 수원시 권선구 호매실로 29-12,경기도 수원시 권선구 고색동 1189,37.2548878149,126.9701874552,25106.8,농구장1,조합놀이대1+야외무대+음수대1,화장실1,,,,경기도 수원시 권선구 녹지공원과,031-5191-6195,20260115
신리천공원(13호),근린공원,,경기도 화성시 동탄구 목동 398-8,,,77112.0,,,화장실,,,,경기도 화성시 공원녹지사업소 동부공원관리과,031-5189-6961,20260201
배다리공원,근린공원,경기도 수원시 권선구 산업로 156번길 171-33,경기도 수원시 권선구 고색동 1111,37.2402968849,126.985092926,20928.8,농구장1+족구장1,유슈지1,화장실1,,,,경기도 수원시 권선구 녹지공원과,031-5191-6195,20260115
오목천체육공원,체육공원,,경기도 수원시 권선구 고색동 904-4,37.2472689501,126.9701573722,45795.0,,,,,,,경기도 수원시 청소자원과,031-5191-2247,20260115
1호체육공원,체육공원,경기도 수원시 권선구 서수원로 577번길 171,경기도 수원시 권선구 금곡동 1071,37.276277026,126.9483014397,61899.7,서수원칠보체육관,,,,,,경기도 수원시 체육진흥과,031-5191-2138,20260115
글모둠문화공원,문화공원,경기도 수원시 권선구 칠보로 169,경기도 수원시 권선구 호매실동 1369,37.2664151547,126.9579148455,8627.2,,,,호매실도서관,,,경기도 수원시 권선구 녹지공원과,031-5191-6195,20260115
한림문화공원,문화공원,경기도 수원시 권선구 동수원로25번길 32-110,경기도 수원시 권선구 권선동 1355-4,37.237606247,127.0249987869,7154.2,,,,한림도서관,,,경기도 수원시 도서관사업소,031-5191-4861,20260115
10호문화공원,문화공원,,경기도 수원시 권선구 권선동 1253,37.2533512812,127.0296749432,2231.6,,,,,,,경기도 수원시 권선구 녹지공원과,031-5191-6195,20260115
14호문화공원,문화공원,경기도 수원시 권선구 평동로77번길 14-9,경기도 수원시 권선구 평동 2-36,37.2587254249,126.9922863997,2678.3,,,,,주차장,,경기도 수원시 권선구 녹지공원과,031-5191-6195,20260115
15호문화공원,문화공원,경기도 수원시 권선구 평동로79번길 19,경기도 수원시 권선구 평동 4-11,37.2588928393,126.9934919373,438.1,,,,,,,경기도 수원시 권선구 녹지공원과,031-5191-6195,20260115
세류문화공원,문화공원,,경기도 수원시 권선구 세류동 283-1,37.257762786,127.007725975,7102.0,,,,,버드내도서관,,경기도 수원시 권선구 녹지공원과,031-5191-6195,20260115
7호수변공원,수변공원,,경기도 수원시 권선구 평동 185,37.259179211,126.9915419911,2991.3,,,,,,,경기도 수원시 권선구 녹지공원과,031-5191-6195,20260115
약수터,어린이공원,,경기도 수원시 팔달구 화서동 79-9,37.2829331103,127.003855253,2135.0,체력단련시설,,파고자,,,,경기도 수원시 팔달구 녹지공원과,031-5191-7043,20260115
고래의모험,어린이공원,경기도 수원시 권선구 덕영대로 1070번길 56,경기도 수원시 권선구 세류동 1066-9,37.2524865024,127.0090847859,1553.0,,물놀이시설1,,,,,경기도 수원시 권선구 녹지공원과,031-5191-6195,20260115
40호소공원,소공원,,경기도 수원시 장안구 정자동 569-11,37.3107674964,126.9869279626,2531.0,,휴게쉼터,,,,,경기도 수원시 장안구 녹지공원과,031-5191-5995,20260115
문화,어린이공원,경기도 수원시 권선구 세지로 12번길 45,경기도 수원시 권선구 세류동 1106,37.2526555044,127.017304103,1487.8,,조합놀이대2,노인정1,,음수대1,,경기도 수원시 권선구 녹지공원과,031-5191-6195,20260115
중앙,어린이공원,,경기도 수원시 권선구 권선동 946,37.2624018068,127.0227412668,1499.1,,조합놀이대1,,,음수대1,,경기도 수원시 권선구 녹지공원과,031-5191-6195,20260115
세곡,어린이공원,,경기도 수원시 권선구 권선동 1045,37.2564915995,127.0273277179,1496.5,,조합놀이대1,,,음수대1,,경기도 수원시 권선구 녹지공원과,031-5191-6195,20260115
재간령,어린이공원,경기도 수원시 권선구 경수대로 235번길 68-4,경기도 수원시 권선구 세류동 1135,37.2496687567,127.0143350577,1496.6,다목적구장(배드민턴)1,조합놀이대2,노인정1,,,,경기도 수원시 권선구 녹지공원과,031-5191-6195,20260115
장승배기,어린이공원,,경기도 수원시 권선구 세류동 1086,37.2557295419,127.0179354513,1497.1,,조합놀이대1,,,,,경기도 수원시 권선구 녹지공원과,031-5191-6195,20260115
하구운,어린이공원,경기도 수원시 권선구 구운로 45번길 59-46,경기도 수원시 권선구 구운동 524,37.2764706446,126.9729915402,1995.8,,조합놀이대1,화장실1+노인정1,,,,경기도 수원시 권선구 녹지공원과,031-5191-6195,20260115
칙칙폭폭,어린이공원,,경기도 수원시 권선구 구운동 510,37.2760003693,126.9762284396,2182.1,다목적구장(배드민턴)1,조합놀이대1,,,빗물저류시설1,,경기도 수원시 권선구 녹지공원과,031-5191-6195,20260115
안용,어린이공원,경기도 수원시 권선구 동수원로 146번길 16-10,경기도 수원시 권선구 곡반정동 523,37.2434040874,127.0322572729,5568.1,,조합놀이대1,노인정1,,약수대2,,경기도 수원시 권선구 녹지공원과,031-5191-6195,20260115
선재미,어린이공원,,경기도 수원시 팔달구 화서동 678-1,37.2876677627,126.989067358,1775.3,,조합놀이대1,노인정1,,,,경기도 수원시 팔달구 녹지공원과,031-5191-7043,20260115
쪽빛,어린이공원,,경기도 수원시 팔달구 화서동 645,37.285927303,126.9909984568,1641.3,농구장,조합놀이대1,,,,,경기도 수원시 팔달구 녹지공원과,031-5191-7043,20260115
개구쟁이,어린이공원,,경기도 수원시 팔달구 화서동 649-1,37.2847444802,126.9915654638,1500.0,다목적구장,조합놀이대1,,,,,경기도 수원시 팔달구 녹지공원과,031-5191-7043,20260115
숙지,어린이공원,,경기도 수원시 팔달구 화서동 654,37.2833899322,126.9925343723,2017.2,,조합놀이대1,,,,,경기도 수원시 팔달구 녹지공원과,031-5191-7043,20260115
솔밭산,어린이공원,경기도 수원시 팔달구 아주로 35,경기도 수원시 팔달구 우만동 72-1,37.2779080695,127.0434367196,3693.0,,,화장실1,,,,경기도 수원시 팔달구 녹지공원과,031-5191-7043,20260115
장고개,어린이공원,,경기도 수원시 팔달구 우만동 51-1,37.2786602301,127.0404522857,3506.9,,조합놀이대1,,,,,경기도 수원시 팔달구 녹지공원과,031-5191-7043,20260115
교동,어린이공원,,경기도 수원시 팔달구 교동 45,37.2717473484,127.0120679323,1910.0,,조합놀이대1,육각정자,,,,경기도 수원시 팔달구 녹지공원과,031-5191-7043,20260115
서낭재,어린이공원,,경기도 수원시 권선구 탑동 23-39,37.2731333281,126.9784509346,1867.0,,,,,,,경기도 수원시 권선구 녹지공원과,031-5191-6195,20260115
오색,어린이공원,,경기도 수원시 권선구 오목천동 953,37.2467492277,126.9674332217,750.0,,조합놀이대1,,,,,경기도 수원시 권선구 녹지공원과,031-5191-6195,20260115
상상나래,어린이공원,,경기도 수원시 권선구 권선동 1329,37.2538468611,127.0240476199,2400.0,,놀이시설2,,,음수대1,,경기도 수원시 권선구 녹지공원과,031-5191-6195,20260115
여우별,어린이공원,,경기도 수원시 권선구 오목천동 958,37.2450501416,126.9681220523,755.1,,조합놀이대1,,,,,경기도 수원시 권선구 녹지공원과,031-5191-6195,20260115
물결,어린이공원,,경기도 수원시 권선구 세류동 1267,37.2654924602,127.0085184424,1441.8,,조합놀이대1+바닥분수1,,,음수대1,,경기도 수원시 권선구 녹지공원과,031-5191-6195,20260115
크레파스,어린이공원,,경기도 수원시 권선구 금곡동 1080,37.2749585257,126.9371767863,2981.7,,조합놀이대1,,,,,경기도 수원시 권선구 녹지공원과,031-5191-6195,20260115
우주선,어린이공원,,경기도 수원시 권선구 금곡동 1107,37.2762058076,126.9545513705,5968.5,,조합놀이대1,,,,,경기도 수원시 권선구 녹지공원과,031-5191-6195,20260115
숲속,어린이공원,,경기도 수원시 권선구 금곡동 1143,37.2708234069,126.9548327968,1728.5,,조합놀이대1,,,,,경기도 수원시 권선구 녹지공원과,031-5191-6195,20260115
곡반정,어린이공원,,경기도 수원시 권선구 곡반정동 541,37.241160839,127.0310732179,1495.3,,조합놀이대1,,,,,경기도 수원시 권선구 녹지공원과,031-5191-6195,20260115
오누이,어린이공원,,경기도 수원시 권선구 곡반정동 600,37.2335395902,127.0254072398,1631.5,,조합놀이대1,,,,,경기도 수원시 권선구 녹지공원과,031-5191-6195,20260115
해누리,어린이공원,,경기도 수원시 권선구 입북동 818,37.3004798527,126.9541914831,5134.3,,조합놀이대2,화장실1,,음수대1,,경기도 수원시 권선구 녹지공원과,031-5191-6195,20260115
별누리,어린이공원,,경기도 수원시 권선구 입북동 816,37.297870228,126.9534301065,2002.2,,조합놀이대1,,,,,경기도 수원시 권선구 녹지공원과,031-5191-6195,20260115
하늘이랑,어린이공원,,경기도 수원시 권선구 권선동 1346-5,37.240064667,127.0210447539,1504.7,,조합놀이대1,,,음수대1,,경기도 수원시 권선구 녹지공원과,031-5191-6195,20260115
꿈이랑,어린이공원,경기도 수원시 권선구 경수대로158번길 7,경기도 수원시 권선구 권선동 1343,37.2417790058,127.0181288766,8135.5,,조합놀이대1,화장실1,,음수대1,,경기도 수원시 권선구 녹지공원과,031-5191-6195,20260115
물이랑,어린이공원,,경기도 수원시 권선구 권선동 1361-2,37.2442206312,127.0275488128,1507.3,,조합놀이대1,,,,,경기도 수원시 권선구 녹지공원과,031-5191-6195,20260115
고금,어린이공원,경기도 수원시 권선구 서수원로 47번길,경기도 수원시 권선구 오목천동 851-3,,,1760.9,,조합놀이대1,,,,,경기도 수원시 권선구 녹지공원과,031-5191-6195,20260115
고사,어린이공원,,경기도 수원시 권선구 오목천동 788-4,,,1776.3,,조합놀이대1,,,,,경기도 수원시 권선구 녹지공원과,031-5191-6195,20260115
씽씽어린이공원,어린이공원,,경기도 수원시 권선구 고색동 14-35,,,9524.0,,조합놀이대1,화장실1,,,,경기도 수원시 권선구 녹지공원과,031-5191-6195,20260115
매화,어린이공원,,경기도 수원시 영통구 매탄동 899,37.2700069986,127.0404079985,3771.0,다목적구장,조합놀이대1,,,,,경기도 수원시 영통구 녹지공원과,031-5191-8331,20260115
혜성,어린이공원,경기도 수원시 영통구 동수원로 286번길 33-3,경기도 수원시 영통구 매탄동 1177,37.2549013482,127.037982388,2287.3,다목적구장(농구)1,조합놀이대1,노인정1,,,,경기도 수원시 영통구 녹지공원과,031-5191-8331,20260115
무지개,어린이공원,경기도 수원시 영통구 매여울로 68번길 23,경기도 수원시 영통구 매탄동 101-16,37.2730196103,127.0450227905,1616.2,,조합놀이대1,,,,,경기도 수원시 영통구 녹지공원과,031-5191-8331,20260115
산남,어린이공원,경기도 수원시 영통구 매봉로 35번길 43,경기도 수원시 영통구 매탄동 111-107,37.2717061753,127.0504221248,1595.5,,조합놀이대1,노인정1,,,,경기도 수원시 영통구 녹지공원과,031-5191-8331,20260115
옹달샘,어린이공원,,경기도 수원시 영통구 매탄동 209-25,37.2655781059,127.0470937198,1518.6,,조합놀이대1,,,,,경기도 수원시 영통구 녹지공원과,031-5191-8331,20260115
진접3호늘찬공원,어린이공원,,경기도 남양주시 진접읍 금곡리 1092,37.7147174673,127.1964640263,2877.0,,,,,,,경기도 남양주시청,031-590-8369,20260319
진접2호도담공원,어린이공원,,경기도 남양주시 진접읍 금곡리 970,37.7192329996,127.1915756651,3702.0,,,,,,,경기도 남양주시청,031-590-8369,20260319
진접6호한빛공원,어린이공원,,경기도 남양주시 진접읍 금곡리 985,37.7221330576,127.2019594289,4237.0,,,,,,,경기도 남양주시청,031-590-8369,20260319
도농 제3호공원,어린이공원,경기도 남양주시 도농로 34,경기도 남양주시 다산동 4002-1,37.6110213937,127.1562284143,1500.0,,,,,,,경기도 남양주시청,031-590-5354,20260319
진접7호숲속공원,어린이공원,,경기도 남양주시 진접읍 금곡리 1119,37.7239315882,127.2102926489,2498.0,,,,,,,경기도 남양주시청,031-590-8369,20260319
제4호 어린이공원(브레인시티),어린이공원,,경기도 평택시 도일동 965-5,,,2226.0,,,,,,20100315,경기도 평택시청,031-8024-4248,20260313
퇴계3호공원,어린이공원,,경기도 남양주시 퇴계원읍 퇴계원리 259-8,37.6513005436,127.1429394409,1414.0,,,,,,,경기도 남양주시청,031-590-5354,20260319
금곡물놀이장,어린이공원,경기도 남양주시 석실로 716-20,경기도 남양주시 금곡동 656,37.6256218621,127.202159615,1762.0,,,,,,,경기도 남양주시청,031-590-4738,20260319
진접물놀이장,어린이공원,,경기도 남양주시 진접읍 장현리 677-2,37.7151707382,127.1816799089,1509.0,,,,,,,경기도 남양주시청,031-590-8369,20260319
1호 도란뜰 근린공원(화양지구),근린공원,,경기도 평택시 안중읍 현화리 산350-4임,,,11082.0,,,,,,20131004,경기도 평택시청,031-8024-4248,20260313
중앙공원,근린공원,경기도 남양주시 늘을2로 67,경기도 남양주시 호평동 620,37.6588589141,127.2423884428,57710.0,,,,,,,경기도 남양주시청,031-590-4738,20260319
창현제3호어린이공원,어린이공원,경기도 남양주시 화도읍 수레로 1234-24,경기도 남양주시 화도읍 창현리 749,37.6474140692,127.304548091,2000.0,,,,,,,경기도 남양주시청,031-590-4993,20260319
제3호 어린이공원(가곡리),어린이공원,,경기도 평택시 진위면 가곡리 79-1,37.1120648891,127.0884039713,2202.0,,,,,,20070709,경기도 평택시청,031-8024-4248,20260313
제3호 어린이공원(브레인시티),어린이공원,,경기도 평택시 장안동 산129-2,37.0517177779,127.0928946513,1535.0,,,,,,20100315,경기도 평택시청,031-8024-4248,20260313
제4호 어린이공원(봉남리),어린이공원,,경기도 평택시 진위면 봉남리 444-1,37.0989072846,127.0883649266,1687.0,,,,,,20070709,경기도 평택시청,031-8024-4248,20260313
좌동 어린이공원,어린이공원,,경기도 평택시 지산동 1088,37.0791579251,127.0618419257,2444.2,마라톤운동기+배드민턴장+배드민턴지주대+어깨근육풀기+옆파도타기+온몸역기올리기+온몸허리돌리기+지압보도+하늘걷기,그네+그네보호대+모래포장+조합놀이대+회전놀이대,음수전,,맹암거(간선)+맹암거(지선)+우수관+집수정,19921107,경기도 평택시청,031-8024-4248,20260313
좌울 어린이공원(동부 78호),어린이공원,경기도 평택시 지산1로24번길 4-13 (지산동),경기도 평택시 지산동 689-3,37.0770774427,127.0592861388,390.0,마라톤운동기+온몸허리돌리기,모래포장+시소+조합놀이대,,,집수정+트랜치,20051219,경기도 평택시청,031-8024-4248,20260313
지산 어린이공원,어린이공원,,경기도 평택시 지산동 1092,37.0752893571,127.0633850006,1847.9,마라톤운동+어깨근육풀기+허리돌리기,그네,음수전,,PE빗물받이+PE빗물받이(고무칩하부)+우수관+집수정+횡단배수로,19921107,경기도 평택시청,031-8024-4248,20260313
돌우물공원,근린공원,경기도 안성시 대학로 18,경기도 안성시 석정동 44-1,37.0093023874,127.2654928565,9303.0,,,,,,19761218,경기도 안성시청,031-678-6893,20250226
지산이주단지 어린이공원,어린이공원,,경기도 평택시 지산동 1237-4,37.0805376817,127.0773423599,975.0,고무칩포장+마라톤운동기+어깨근육풀기+온몸허리돌리기+윗몸일으키기+철봉,고무칩포장+조합놀이대+흔들놀이,음수대,,상수관+우수관+의류수거함+집수정+화강석판석놓기,20061218,경기도 평택시청,031-8024-4248,20260313
충혼 어린이공원,어린이공원,경기도 평택시 송일로25번길 14 (서정동),경기도 평택시 서정동 855,37.0643989939,127.0597810705,1608.8,어깨근육풀기+온몸허리돌리기+윗몸일으키기+하늘걷기,고무칩포장+그네+그네보호대+모래포장+조합놀이대+흔들놀이,,,빗물받이+유공관+집수정+트랜치+흉관,19860930,경기도 평택시청,031-8024-4248,20260313
동부 106호 어린이공원(신촌지구),어린이공원,경기도 평택시 신촌4로 27,경기도 평택시 칠원동 388-4,37.0245946506,127.1095004199,5143.0,,,,,,20091216,경기도 평택시청,031-8024-4248,20260313
새암공원,역사공원,,경기도 파주시 야당동 1022,37.7097213903,126.7475097261,84957.8,,,주차장,,벽천,,경기도 파주시청,031-940-8406,20250618
주공4단지1공원,어린이공원,경기도 구리시 건원대로76번길 68,경기도 구리시 인창동 666-4,37.6079621462,127.1431156159,1585.0,야외헬스기구+족구장,조합놀이대,,,,19931102,경기도 구리시청,031-550-2474,20231124
이호,어린이공원,,경기도 안산시 상록구 본오동 976번지,37.2830820091,126.8579325124,2359.5,,,,,,19850917,경기도 안산시 상록구청,031-481-5412,20260406
두릉이주 어린이공원,어린이공원,,경기도 평택시 고덕면 두릉리 797-1,37.0634217341,127.027646005,1872.8,마라톤운동기+배드민턴장+배드민턴지주대+옆파도타기+온몸근육풀기+온몸역기올리기+온몸허리돌리기+윗몸일으키기+하늘걷기,고무칩포장+조합놀이대,음수전,,디자인집수정+상수관+수목보호대+우수관+제수변+집수정+트랜치,20060828,경기도 평택시청,031-8024-4248,20260313
도래공원,역사공원,경기도 파주시 파주로 472,경기도 파주시 목동동 896,37.7326574998,126.7404082636,61221.3,,,화장실,,,,경기도 파주시청,031-940-8406,20250618
법원 체육공원,체육공원,,경기도 파주시 법원읍 법원리 산 40-3,37.8482011971,126.8837811506,23077.0,,,,,,,경기도 파주시청,031-940-8406,20250618
기쁨,어린이공원,,경기도 안산시 단원구 와동 833번지,37.3326130867,126.8208021703,2686.7,,,,,,19930101,경기도 안산시 단원구청,031-481-6410,20260406
2호 근린공원 (화양지구),근린공원,,경기도 평택시 현덕면 운정리 산72-1,,,14126.0,,,,,,20131004,경기도 평택시청,031-8024-4248,20260313
운정건강공원 2,체육공원,경기도 파주시 가온로 124-1,경기도 파주시 목동동 1083,37.720257204,126.7462990051,137958.3,배드민턴장+농구장+게이트볼장+씨름장+러버가든,조합놀이대+그네+흔들놀이기구,화장실+주차장,바닥분수+안개분수+물놀이장,,,경기도 파주시청,031-940-8406,20250618
한마음공원,어린이공원,경기도 이천시 경충대로 2652번길 13,경기도 이천시 중리동 445-6,37.2767531454,127.4380052031,1650.0,농구대,조합놀이대,,,,19890807,경기도 이천시청,031-645-3831,20250221
갈산제1공원,어린이공원,,경기도 이천시 갈산동 639-1,37.2839410302,127.4556777103,1580.0,배드민턴장+농구대,조합놀이대,,,,19890807,경기도 이천시청,031-645-3831,20250221
증포제1공원,어린이공원,,경기도 이천시 증포동 475-3,37.2962299432,127.45312725,3865.0,농구대,조합놀이대,,,,20070103,경기도 이천시청,031-645-3831,20250221
송정공원,어린이공원,,경기도 이천시 송정동 293-4,37.296975392,127.4327163015,1537.0,농구대,조합놀이대,,,,20071105,경기도 이천시청,031-645-3831,20250221
증포제2공원,어린이공원,,경기도 이천시 갈산동 611-4,37.2833472419,127.4554465146,1872.0,배드민턴장,조합놀이대,,,,20071210,경기도 이천시청,031-645-3831,20250221
증포제3공원,어린이공원,경기도 이천시 이섭대천로 1325-1(증포동),경기도 이천시 증포동 483,37.2894143466,127.4497054074,2250.0,배드민턴장,조합놀이대,,,,20090914,경기도 이천시청,031-645-3831,20250221
관고제6공원,어린이공원,,경기도 이천시 관고동 512,37.2832660301,127.4336685122,1830.0,,조합놀이대,,,,19890807,경기도 이천시청,031-645-3831,20250221
8호어린이공원,어린이공원,경기도 안성시 공도읍 공도3로 9-4,경기도 안성시 공도읍 만정리805-2,37.0007193647,127.1701446836,4525.0,,,,,,20030127,경기도 안성시청,031-678-6893,20250226
힘찬,어린이공원,,경기도 수원시 팔달구 화서동 744,37.2888581425,126.9990362956,1670.7,,조합놀이대1,,,,,경기도 수원시 팔달구 녹지공원과,031-5191-7043,20260115
봉남공원,어린이공원,경기도 안성시 중앙로451번길 11,경기도 안성시 봉남동 4-1,37.0068544283,127.2768976973,1811.0,,,,,,19761218,경기도 안성시청,031-678-6893,20250226
금산공원(솔밭공원),근린공원,경기도 안성시 안성맞춤대로 1150,경기도 안성시 금산동 189,37.0154220783,127.2695433759,17000.0,,,,,,19890104,경기도 안성시청,031-678-6893,20250226
안송 근린공원(안중송담지구),근린공원,,경기도 평택시 안중읍 안중리 산78-8,,,11642.0,등허리지압기+온몸근육풀기+온몸노젓기+온몸역기내리기+온몸역기올리기+윗몸일으키기+하늘걷기+허벅지근육풀기,고무매트포장+조합놀이대+회전놀이대+흔들놀이,,,옹벽+트랜치,20060206,경기도 평택시청,031-8024-4248,20260313
안중 근린공원(안중지구 택지개발),근린공원,경기도 평택시 안중읍 현화중앙길 75,경기도 평택시 안중읍 현화리 823-2,36.9852325445,126.9206106635,11016.2,3단 다리올리기+3단 철봉+3단건너기+게이트볼 컨테이너+게이트볼장+구름다리+다리근육풀기+배드민턴 네트대+온몸근육풀기+온몸허리돌리기+윗몸일으키기+지압길 포장+평균대+평행봉+하늘걷기,,음수전+화장실,,4각 오수 맨홀뚜껑+오수맨홀+우수맨홀+집수정+트랜치+화장실집수정,19950502,경기도 평택시청,031-8024-4248,20260313
포스코더샵 어린이공원,어린이공원,,경기도 평택시 서정동 1119,37.0719218537,127.0629866451,2285.0,마라톤운동기+배드민턴장+배드민턴지주대+온몸허리돌리기+자유철봉+하늘걷기,고무칩포장+조합놀이대,,,자연석쌓기+집수정+트랜치,20050926,경기도 평택시청,031-8024-4248,20260313
역사공원 1호(고덕국제화지구  두릉리),역사공원,,경기도 평택시 고덕면 두릉리 646대,,,88595.0,,,,,,20130104,경기도 평택시청,031-8024-4248,20260313
신촌 쇠물뿌리 체육공원(신촌지구  동부 102호),체육공원,경기도 평택시 신촌2로 42,경기도 평택시 칠원동 581,37.0243241108,127.1040267139,10873.3,,,,,,20091216,경기도 평택시청,031-8024-4248,20260313
제1호 체육공원(브레인시티),체육공원,,경기도 평택시 도일동 582-3,37.0491238836,127.1066431743,10110.0,,,,,,20100315,경기도 평택시청,031-8024-4248,20260313
3호 뜸이기뜰 근린공원(화양지구),근린공원,,경기도 평택시 현덕면 운정리 산63-3,,,23523.0,,,,,,20131004,경기도 평택시청,031-8024-4248,20260313
부평1지구근린공원,근린공원,,경기도 남양주시 진접읍 부평리 759,37.7393493135,127.202395862,10026.0,,,,,,,경기도 남양주시청,031-590-8369,20260319
수변공원 2호,수변공원,경기도 남양주시 다산순환로 149,"경기도 남양주시 다산동 6022, 6074",37.6232801274,127.1442166152,84994.0,,,,,,,경기도 남양주시청,031-590-2855,20260319
체육공원 1호,체육공원,,경기도 남양주시 다산동 6138,37.6166024143,127.1487600112,38371.0,,,,,,,경기도 남양주시청,031-590-2855,20260319
사용종료매립장근린공원,근린공원,,경기도 남양주시 화도읍 창현리 315,37.6348282693,127.3103987323,11074.0,,,,,,,경기도 남양주시청,031-590-4993,20260319
오남체육 근린공원,근린공원,,경기도 남양주시 오남읍 오남리 858,37.6939148687,127.1974812167,13146.0,,,,,,,경기도 남양주시청,031-590-8601,20260319
별내택지 체육공원,체육공원,,경기도 남양주시 별내동 861,37.6642511696,127.120176374,47845.0,,,,,,,경기도 남양주시청,031-590-8676,20260319
별내택지체육공원1,체육공원,경기도 남양주시 별내3로 308,경기도 남양주시 별내동858,37.6649140548,127.118585929,7759.0,,,,,,,경기도 남양주시청,031-590-8676,20260319
별내택지 체육공원4,체육공원,,경기도 남양주시 별내동908,37.6601127039,127.1231791386,21946.0,,,,,,,경기도 남양주시청,031-590-8347,20260319
마석신도2차1호소공원,소공원,경기도 남양주시 화도읍 비룡로99번길 50,경기도 남양주시 화도읍 묵현리 92-7,37.6629523219,127.2986682078,295.0,,,,,,,경기도 남양주시청,031-590-4993,20260319
창현제2호어린이공원,어린이공원,,경기도 남양주시 화도읍 창현리 744,37.6495988056,127.303733193,1503.0,,,,,,,경기도 남양주시청,031-590-4993,20260319
창현제6호어린이공원,어린이공원,,경기도 남양주시 화도읍 창현리 770,37.6444046523,127.3005440983,2001.0,,,,,,,경기도 남양주시청,031-590-4993,20260319
덕소5호공원,어린이공원,,경기도 남양주시 와부읍 덕소리 111-4,37.5850555615,127.2128335795,2050.0,,,,,,,경기도 남양주시청,031-590-8601,20260319
청학5호공원,어린이공원,,경기도 남양주시 별내면 청학리 350-4,37.7112109716,127.1145010834,1545.0,,,,,,,경기도 남양주시청,031-590-8676,20260319
도농 제1호공원,어린이공원,경기도 남양주시 도농로 34,경기도 남양주시 다산동 4002-1,37.6110213937,127.1562284143,1500.0,,,,,,,경기도 남양주시청,031-590-5354,20260319
퇴계원 물놀이장 어린이공원,어린이공원,,경기도 남양주시 퇴계원읍 퇴계원리 369-7,37.6589588514,127.144996218,2208.0,,,,,,,경기도 남양주시청,031-590-5354,20260319
다산진건 어린이공원 4호,어린이공원,,경기도 남양주시 다산동 6047,37.6263383311,127.1594853177,2409.0,,,,,,,경기도 남양주시청,031-590-2855,20260319
풍산지구 어린이3호,어린이공원,경기도 하남시 덕풍북로99번길 1,경기도 하남시 덕풍동 719,37.5548352017,127.2007093403,1521.0,,,,,,20081231,경기도 하남시청,031-5182-1579,20251218
사능역사공원,역사공원,,경기도 남양주시 진건읍 사능리 107,37.6465774914,127.1971864575,156629.0,,,,,,,경기도 남양주시청,031-590-5354,20260319
구석기역사공원,역사공원,,경기도 남양주시 호평동 679,37.6581398739,127.2546024671,7697.0,,,,,,,경기도 남양주시청,031-590-4738,20260319
모란공원,묘지공원,,경기도 남양주시 화도읍 월산리 601,37.6459874078,127.3223414155,740245.0,,,,,,,경기도 남양주시청,031-590-4993,20260319
체육공원,체육공원,,경기도 남양주시 별내면 광전리 199-21,37.6976478746,127.1282039985,4189.0,,,,,,,경기도 남양주시청,031-590-8347,20260319
금곡산업단지소공원1,소공원,,경기도 남양주시 진접읍 금곡리 2067-1,37.7104939708,127.2143156929,545.0,,,,,,,경기도 남양주시청,031-590-8347,20260319
금곡산업단지소공원2,소공원,경기도 남양주시 진접읍 경복대로바람골길 42-142,경기도 남양주시 진접읍 금곡리 2082,37.7092306145,127.2133293296,1351.0,,,,,,,경기도 남양주시청,031-590-8347,20260319
근린공원/366,근린공원,,경기도 남양주시 화도읍 월산리 1528-4,37.6531026626,127.3416643236,17631.0,,,,,,,경기도 남양주시청,031-590-4993,20260319
소공원/3,소공원,,경기도 남양주시 다산동 6300,37.6061932572,127.1510816261,1123.0,,,,,,,경기도 남양주시청,031-590-5354,20260319
다산진건 근린공원 1호,근린공원,,경기도 남양주시 다산동 6016,37.629549535,127.1493359764,13210.0,,,,,,,경기도 남양주시청,031-590-2855,20260319
다산진건 근린공원 3호,근린공원,,경기도 남양주시 다산동 6057,37.6246820865,127.1544194456,28506.0,,,,,,,경기도 남양주시청,031-590-2855,20260319
다산진건 근린공원 2호,근린공원,,경기도 남양주시 다산동 6211-1,37.603633869,127.172455179,118844.0,,,,,,,경기도 남양주시청,031-590-5354,20260319
다산지금 근린공원 1호,근린공원,경기도 남양주시 다산중앙로82번길 87-17,경기도 남양주시 다산동 6107,37.6203458628,127.1640723106,15659.0,,,,,,,경기도 남양주시청,031-590-2855,20260319
다산지금 근린공원 3호,근린공원,,경기도 남양주시 다산동 6244,37.5974073991,127.1758625192,77478.0,,,,,,,경기도 남양주시청,031-590-5354,20260319
다산지금 근린공원 4호,근린공원,,경기도 남양주시 다산동 6252-1,37.595916943,127.1683304991,21723.0,,,,,,,경기도 남양주시청,031-590-5354,20260319
오남2소공원,소공원,,경기도 남양주시 오남읍 오남리 889-2,37.6950330643,127.2024411183,950.0,,,,,,,경기도 남양주시청,031-590-8601,20260319
부영7단지 어린이공원,어린이공원,,경기도 남양주시 다산동 4435-8,37.6100260749,127.1550563153,2437.0,,,,,,,경기도 남양주시청,031-590-5354,20260319
성곡,어린이공원,,경기도 부천시 오정구 작동 48-3,37.5176938528,126.8162977454,1650.5,,그네 등 8개,,,,19870805,경기도 부천시청,032-625-4843,20250731
오남근린공원,근린공원,경기도 남양주시 오남읍 양지로240번길 12,경기도 남양주시 오남읍 양지리 512-29,37.6979613749,127.1978548691,13823.0,,,,,,,경기도 남양주시청,031-590-8601,20260319
소공원,소공원,,경기도 남양주시 진접읍 팔야리 836-7,37.7505529842,127.2321068607,3481.0,,,,,,,경기도 남양주시청,031-590-8369,20260319
진접3호두리공원,근린공원,,경기도 남양주시 진접읍 금곡리 978,37.722144525,127.1965962441,11027.0,,,,,,,경기도 남양주시청,031-590-8369,20260319
5호 흰여울뜰 근린공원(화양지구),근린공원,,경기도 평택시 현덕면 운정리 산40-1,,,29593.0,,,,,,20131004,경기도 평택시청,031-8024-4248,20260313
6호 늘솔길뜰 근린공원 (화양지구),근린공원,,경기도 평택시 현덕면 운정리 산20,,,58544.0,,,,,,20131004,경기도 평택시청,031-8024-4248,20260313
7호 갈매빛뜰 근린공원 (화양지구),근린공원,,경기도 평택시 현덕면 운정리 산2-1,,,46588.0,,,,,,20131004,경기도 평택시청,031-8024-4248,20260313
가사 근린공원(청북지구 택지개발),근린공원,,경기도 평택시 청북면 옥길리 1090,37.020923044,126.9088554806,23286.8,3단 다리걸치기+3단 철봉+배드민턴 네트대+배드민턴장+온몸허리돌리기+윗몸일으키기+평행봉,,,,집수정,20051007,경기도 평택시청,031-8024-4248,20260313
개나리 근린공원(청북 어연한산공단),근린공원,경기도 평택시 청북읍 청북산단로 66,경기도 평택시 청북면 어연리 898-1,37.0512462083,126.9773533183,13995.2,농구대+어깨근육풀기+옆파도타기+온몸근육풀기+온몸허리돌리기+윗몸일으키기+족구대+족구장,그네+그네보호대+모래포장+조합놀이대+회전놀이대,음수전+자전거보관대+주차장+화장실,,배수로+집수정,20010207,경기도 평택시청,031-8024-4248,20260313
휴먼시아공원,어린이공원,,경기도 이천시 갈산동 786,37.28216273,127.4575653066,2100.0,,조합놀이대,,,,20031117,경기도 이천시청,031-645-3831,20250221
푸르지오공원,어린이공원,,경기도 이천시 증포동 481,37.2852649637,127.4516109508,3179.0,배드민턴장,조합놀이대,,,,20090914,경기도 이천시청,031-645-3831,20250221
갈산제2공원,어린이공원,,경기도 이천시 갈산동 779,37.2809270014,127.4586440546,2100.0,,조합놀이대,,,,19890807,경기도 이천시청,031-645-3831,20250221
진암공원,근린공원,,경기도 이천시 장호원읍 진암리 100-1,37.1101492394,127.6189056885,177579.0,다목적운동장+배드민턴장+농구장,조합놀이대,주차장+화장실,,,19761210,경기도 이천시청,031-645-3831,20250221
48호어린이공원,어린이공원,,경기도 이천시 송정동 455,37.2923872797,127.4453901468,2791.0,운동기구,조합놀이대,화장실,,,20130520,경기도 이천시청,031-645-3831,20250221
송정제2어린이공원라온프라이빗,어린이공원,,경기도 이천시 송정동 453,37.2991105634,127.4372553868,6335.0,운동기구,조합놀이대,화장실,,,20180718,경기도 이천시청,031-645-3831,20250221
마석제1호어린이공원,어린이공원,,경기도 남양주시 화도읍 마석우리 346,37.6595426733,127.3028424194,1530.0,,,,,,,경기도 남양주시청,031-590-4993,20260319
마석제3호어린이공원(물놀이장),어린이공원,,경기도 남양주시 화도읍 마석우리 568,37.6557187109,127.2995842184,1610.0,,,,,,,경기도 남양주시청,031-590-4993,20260319
마석제2호어린이공원,어린이공원,,경기도 남양주시 화도읍 마석우리 356,37.6592355833,127.3041357872,1687.0,,,,,,,경기도 남양주시청,031-590-4993,20260319
도곡2호공원,어린이공원,,경기도 남양주시 와부읍 도곡리 1092,37.5762091347,127.2245064971,1503.0,,,,,,,경기도 남양주시청,031-590-4993,20260319
청솔공원,어린이공원,,경기도 이천시 중리동 465-6,37.2755202288,127.4486851938,1650.0,배드민턴장+농구대,조합놀이대,,,,19890807,경기도 이천시청,031-645-3831,20250221
장미공원,어린이공원,경기도 이천시 이섭대천로 1177번길 36,경기도 이천시 중리동 458-6,37.2758462444,127.4451235347,1650.0,배드민턴장,조합놀이대,,,,19890807,경기도 이천시청,031-645-3831,20250221
묵현2지구도시공사어린이공원,어린이공원,,경기도 남양주시 화도읍 묵현리 95-8,37.6628457936,127.2967067984,1585.0,,,,,,,경기도 남양주시청,031-590-4993,20260319
오남2지구 어린이공원,어린이공원,,경기도 남양주시 오남읍 오남리 732-1,37.6951440047,127.2064983509,4000.0,,,,,,,경기도 남양주시청,031-590-8601,20260319
묵현2리어린이공원(물놀이장),어린이공원,,경기도 남양주시 화도읍 묵현리 456-8,37.6577576095,127.2740046278,1587.0,,,,,,,경기도 남양주시청,031-590-4993,20260319
바람근린공원,근린공원,,"경기도 남양주시 다산동 758, 761, 762, 764",,,54416.0,,,,,,,경기도 남양주시청,031-590-5354,20260319
제1호 어린이공원(브레인시티),어린이공원,경기도 평택시 삼남로 357 (장안동),경기도 평택시 장안동 60-1,37.0575959792,127.0926503869,1515.0,,,,,,20100315,경기도 평택시청,031-8024-4248,20260313
제1호 어린이공원(하북리),어린이공원,,경기도 평택시 진위면 하북리 94-1,37.1122541678,127.0636598002,1542.0,,,,,,20070709,경기도 평택시청,031-8024-4248,20260313
제2호 어린이공원 제131호(가재지구),어린이공원,,경기도 평택시 가재동 534,37.0428526037,127.0740065952,2590.0,,,,,,20111125,경기도 평택시청,031-8024-4248,20260313
물모퉁이,소공원,,경기도 부천시 소사구 옥길동 707-1,37.4695097528,126.8190927789,885.0,,,,,,20111229,경기도 부천시청,032-625-4843,20250731
미리내,어린이공원,경기도 부천시 원미구 소향로 218,경기도 부천시 원미구 중동 1179-1,37.4997713801,126.7717581848,6710.2,농구장,그네 등 5개,화장실,,,19900711,경기도 부천시청,032-625-4843,20250731
돌섬공원,어린이공원,경기도 구리시 코스모스길215번길 68-20,경기도 구리시 토평동 23-50,37.5797549696,127.1556647443,1587.0,,,,,,20080204,밀알교회,,20231124
바람개비,소공원,,경기도 부천시 소사구 범박동 210,37.4733679646,126.812148915,1741.1,,,,,,20110622,경기도 부천시청,032-625-4843,20250731
바람모퉁이,어린이공원,경기도 부천시 오정구 까치로 64,경기도 부천시 오정구 작동 390,37.5121464122,126.8076539028,1888.7,배드민턴장,조합놀이대 3개,화장실,,,20031128,경기도 부천시청,032-625-4843,20250731
백동단지,소공원,,경기도 부천시 소사구 소사본동 425,37.4756040119,126.7999132275,1070.0,,,,,,20060116,경기도 부천시청,032-625-4843,20250731
백송마을,어린이공원,경기도 부천시 원미구 부흥로 49,경기도 부천시 원미구 상동 571-6,37.4991849352,126.7486398672,2578.7,,그네 등 7개,,,,19981217,경기도 부천시청,032-625-4843,20250731
벌막,근린공원,경기도 부천시 원미구 옥산로 15,경기도 부천시 원미구 중동 1100-1,37.4953978813,126.7802624488,12659.0,,그네 등 5개,화장실,,,19901127,경기도 부천시청,032-625-4843,20250731
벌말,어린이공원,,경기도 부천시 소사구 소사본동 408-4,37.4730131503,126.8022588965,1641.9,,그네 등 3개,,,,20011222,경기도 부천시청,032-625-4843,20250731
KCC정문소공원,소공원,,경기도 이천시 증포동 산46-9,,,3854.0,,,,,,20130422,경기도 이천시청,031-645-3831,20250221
보배,어린이공원,경기도 부천시 원미구 계남로322번길 29-7,경기도 부천시 원미구 중동 1088,37.5018382988,126.7810491439,3766.7,,그네 등 5개,화장실,,,19901127,경기도 부천시청,032-625-4843,20250731
호평4호공원,어린이공원,,경기도 남양주시 호평동 647,37.6552781208,127.2461748704,2667.0,,,,,,,경기도 남양주시청,031-590-4738,20260319
동화리 공공공지 3호,기타,,경기도 화성시 효행구 봉담읍 동화리 305-6,37.221903641,126.959409088,657.0,,,,,,,,031-5189-6655,20260201
민벌공원,어린이공원,경기도 구리시 검배로 164,경기도 구리시 토평동 1010,37.593143861,127.1560523176,1553.0,,조합놀이대,,,,19961231,경기도 구리시청,031-550-2418,20231124
임광그대가 어린이공원,어린이공원,,경기도 남양주시 호평동 264-1,37.6628566191,127.2493134607,1811.0,,,,,,,경기도 남양주시청,031-590-4738,20260319
오성공원,어린이공원,경기도 구리시 벌말로147번길 15-18,경기도 구리시 토평동 983,37.589221162,127.1471642544,2111.0,야외헬스기구,조합놀이대,,,,19961231,경기도 구리시청,031-550-2418,20231124
금호공원,어린이공원,경기도 구리시 장자호수길 39,경기도 구리시 교문동 822,37.5857037772,127.134051663,2321.0,야외헬스기구,조합놀이대,,,,19961231,경기도 구리시청,031-550-2418,20231124
탑골공원,어린이공원,경기도 구리시 갈매중앙로 165-14,경기도 구리시 갈매동 536,37.6379817039,127.1232629451,1507.0,야외헬스기구,조합놀이대,,,,20110928,경기도 구리시청,031-550-2474,20231124
공원(백교2),어린이공원,경기도 구리시 한다리길 28,경기도 구리시 교문동 667-4,37.5816196396,127.1277120968,1210.0,야외헬스기구,조합놀이대,,,,20060113,경기도 구리시청,031-550-2418,20231124
공원(아치울2),어린이공원,경기도 구리시 아치울길 33,경기도 구리시 아천동 353-10,37.5746541691,127.1186373371,1523.0,야외헬스기구,조합놀이대,,,,20060113,경기도 구리시청,031-550-2418,20231124
신도어린이공원,어린이공원,,경기도 남양주시 화도읍 마석우리 598-2,37.6604964798,127.3056333042,1552.0,,,,,,,경기도 남양주시청,031-590-4993,20260319
이안어린이공원,어린이공원,,경기도 남양주시 화도읍 창현리 645-19,37.6421353536,127.3039782073,1675.0,,,,,,,경기도 남양주시청,031-590-4993,20260319
별내택지소공원2,소공원,,경기도 남양주시 별내동 941-2,37.6551761546,127.1278671677,3196.0,,,,,,,경기도 남양주시청,031-590-8347,20260319
별내택지어린이공원2,어린이공원,,경기도 남양주시 별내동 838-9,37.6660170225,127.1153044983,1694.0,,,,,,,경기도 남양주시청,031-590-8676,20260319
별내택지어린이공원4,어린이공원,,경기도 남양주시 별내동 1130,37.6577778728,127.1147966249,3040.0,,,,,,,경기도 남양주시청,031-590-8676,20260319
별내택지어린이공원1,어린이공원,,경기도 남양주시 별내동 1162,37.6649385826,127.1102683758,4299.0,,,,,,,경기도 남양주시청,031-590-8676,20260319
별내택지 근린공원1,근린공원,,경기도 남양주시 별내동 818,37.6700901526,127.1168601105,28459.0,,,,,,,경기도 남양주시청,031-590-8676,20260319
별내택지 근린공원3,근린공원,경기도 남양주시 순화궁로 313,경기도 남양주시 별내동 938-1,37.6549452147,127.1270262272,31560.0,,,,,,,경기도 남양주시청,031-590-8347,20260319
가운택지 어린이공원,어린이공원,,경기도 남양주시 다산동 751,37.5972366765,127.1587535731,3299.0,,,,,,,경기도 남양주시청,031-590-5354,20260319
별내택지 근린공원7,근린공원,,경기도 남양주시 별내동 988,37.6439503602,127.1283922268,54318.0,,,,,,,경기도 남양주시청,031-590-8347,20260319
별내택지 근린공원4,근린공원,,경기도 남양주시 별내동 918,37.6565225893,127.1218274366,65676.0,,,,,,,경기도 남양주시청,031-590-8347,20260319
평내5호공원,어린이공원,,경기도 남양주시 평내동 617-5,37.640035264,127.2362176345,1510.0,,,,,,,경기도 남양주시청,031-590-4738,20260319
평내4호공원,어린이공원,,경기도 남양주시 평내동 564-1,37.6417785683,127.235398281,2698.0,,,,,,,경기도 남양주시청,031-590-4738,20260319
호평제3호어린이공원,어린이공원,,경기도 남양주시 호평동 627-1,37.6555332639,127.241598862,1955.0,,,,,,,경기도 남양주시청,031-590-4738,20260319
호평제2호어린이공원,어린이공원,,경기도 남양주시 호평동 675,37.6566536004,127.2492485151,1968.0,,,,,,,경기도 남양주시청,031-590-4738,20260319
포스코공원,어린이공원,경기도 구리시 인창2로 14,경기도 구리시 인창동 713-2,37.6033427087,127.1312033906,2358.0,야외헬스기구,조합놀이대,,,,20120725,경기도 구리시청,031-550-2474,20231124
덕고개공원,어린이공원,경기도 구리시 체육관로153번길 58,경기도 구리시 교문동 220,37.5989551405,127.133196664,1651.0,야외헬스기구,조합놀이대,,,,19800813,경기도 구리시청,031-550-2418,20231124
근린공원 2호(황해자유구역 현덕지구),근린공원,,경기도 평택시 현덕면 권관리 824,36.9295093032,126.907975081,31877.0,,,,,,20160617,경기도 평택시청,031-8024-4248,20260313
근린공원 3호(황해자유구역 현덕지구),근린공원,,경기도 평택시 현덕면 권관리 705,36.9247408618,126.9122567073,30498.0,,,,,,20160617,경기도 평택시청,031-8024-4248,20260313
금곡 근린공원,근린공원,,경기도 평택시 안중읍 안중리 산17-1,36.9943103922,126.9407072787,52500.0,,,,,,20000303,경기도 평택시청,031-8024-4248,20260313
능안 근린공원,근린공원,,경기도 평택시 청북면 현곡리 산94-7,37.0433210943,126.928909203,26600.0,,,,,,19980508,경기도 평택시청,031-8024-4248,20260313
도곡 근린공원(포승공단),근린공원,경기도 평택시 포승읍 여술로 47,경기도 평택시 포승읍 도곡리 1110,36.9893598133,126.8474025155,15000.1,게이트볼장+다목적 운동장+등허리지압기+발바닥지압걷기 +어깨근육풀기+온몸노젓기+온몸역기내리기+온몸허리돌리기+하늘걷기,그네(2인용)+야자수버켓+워터드롭+워터터널+조합놀이대+조합놀이대(물놀이시설),음수전,,배수로+집수정,20000927,경기도 평택시청,031-8024-4248,20260313
화정 16(배꽃),어린이공원,경기도 고양시 덕양구 백양로 126,경기도 고양시 덕양구 화정동 961,37.6353620038,126.8347446435,3848.9,체력단련시설,조합놀이대,,,,19901104,경기도 고양시 푸른도시사업소,031-8075-4323,20251215
만호 근린공원(포승2산단),근린공원,,경기도 평택시 포승읍 만호리 산9-1,,,29869.8,농구대(이동식)+농구장+등허리근육풀기+마라톤운동기+배드민턴장+배드민턴지주대+온몸근육풀기+온몸노젓기+온몸역기올리기+족구네트+족구장+족구지주+축구대+축구장+하늘걷기,고무매트포장+조합놀이대,화장실,,수목보호대+연결관+자연석쌓기+집수정+트랜치,20100226,경기도 평택시청,031-8024-4248,20260313
장안하늘채 어린이공원(동부 18호),어린이공원,,경기도 평택시 장안동 620,37.061078587,127.0806743789,3373.0,다리뻗치기+마라톤운동기+옆파도타기+온몸근육풀기+온몸노젓기+평행봉+하늘걷기,공중걷기대+그네+그네보호대+모래포장+조합놀이대+흔들놀이,자전거거치대,,자연석쌓기+집수정,20071119,경기도 평택시청,031-8024-4248,20260313
점촌 어린이공원,어린이공원,경기도 평택시 점촌로 7,경기도 평택시 서정동 881,37.0635326954,127.0547018673,1654.9,양팔줄당기기+어깨근육풀기+옆파도타기+온몸허리돌리기+윗몸일으키기+하늘걷기,그네+그네보호대+모래포장+조합놀이대,음수대,,맹암거(간선)+맹암거(지선)+집수정,19800129,경기도 평택시청,031-8024-4248,20260313
두리,어린이공원,,경기도 부천시 소사구 송내동 702-2,37.4849457793,126.7511178677,1859.3,농구장,조합놀이대 등 7개,,,,19981217,경기도 부천시청,032-625-4843,20250731
둥지,어린이공원,경기도 부천시 오정구 여월로 34,경기도 부천시 오정구 여월동 314,37.5104298277,126.802374412,2644.3,배드민턴장,조합놀이대 등 2개,화장실,,,20031128,경기도 부천시청,032-625-4843,20250731
뜰안,어린이공원,,경기도 부천시 소사구 소사본동 411-8,37.4704457185,126.8013398631,2596.1,,그네 등 3개,,,,20011222,경기도 부천시청,032-625-4843,20250731
라일락,어린이공원,,경기도 부천시 원미구 상동 525-5,37.5102008073,126.7513637194,2395.6,,그네 등 6개,,,,19981217,경기도 부천시청,032-625-4843,20250731
먼마루,어린이공원,경기도 부천시 오정구 성지로85번길 65,경기도 부천시 오정구 원종동 269,37.5266037584,126.8076108433,3156.4,,그네 등 4개,화장실,,,19671111,경기도 부천시청,032-625-4843,20250731
목일신,근린공원,,경기도 부천시 소사구 괴안동 14-2,37.481381705,126.8183224568,18899.0,,조합놀이대 등 5개,화장실,야외공연장,,19861107,경기도 부천시청,032-625-4843,20250731
무지개,어린이공원,,경기도 부천시 원미구 중동 1175-1,37.4974830197,126.7649421729,4364.7,,그네 등 10개,,,,19901127,경기도 부천시청,032-625-4843,20250731
오남1지구 오남아이파크어린이공원,어린이공원,,경기도 남양주시 오남읍 오남리 891-5,37.6966330719,127.2012991466,1524.0,,,,,,,경기도 남양주시청,031-590-8601,20260319
다산센트레빌 APT 어린이공원,어린이공원,,경기도 남양주시 다산동 4436-3,37.6073899573,127.1545560061,1500.0,,,,,,,경기도 남양주시청,031-590-5354,20260319
부평1어린이공원,어린이공원,,경기도 남양주시 진접읍 부평리 755,37.7414467458,127.1996092784,1586.0,,,,,,,경기도 남양주시청,031-590-8369,20260319
진접6호은빛공원,근린공원,,경기도 남양주시 진접읍 금곡리 1091,37.7142397611,127.1953811105,56179.0,,,,,,,경기도 남양주시청,031-590-8369,20260319
진접4호해참공원,근린공원,경기도 남양주시 진접읍 해밀예당1로236번길 23,경기도 남양주시 진접읍 금곡리 1118,37.7190167403,127.2050766309,108852.0,,,,,,,경기도 남양주시청,031-590-8369,20260319
진접2호에버그린파크,근린공원,,경기도 남양주시 진접읍 금곡리 1077,37.7170970349,127.1910487704,150387.0,,,,,,,경기도 남양주시청,031-590-8369,20260319
진접1호하늘아리공원,근린공원,,경기도 남양주시 진접읍 금곡리 963,37.7123373615,127.1847183307,11750.0,,,,,,,경기도 남양주시청,031-590-8369,20260319
가운택지 문화공원,문화공원,,경기도 남양주시 다산동 672-1,37.6023904342,127.1586252479,5580.0,,,,,,,경기도 남양주시청,031-590-5354,20260319
중앙근린공원,근린공원,,"경기도 남양주시 다산동 715, 717, 724, 726, 736, 739",,,55334.0,,,,,,,경기도 남양주시청,031-590-2855,20260319
장현3어린이공원,어린이공원,,경기도 남양주시 진접읍 장현리 710-2,37.7261453925,127.1938017323,1900.0,,,,,,,경기도 남양주시청,031-590-8369,20260319
장현3어린이공원,어린이공원,,경기도 남양주시 진접읍 장현리 710-6,37.7232836307,127.1928151982,2021.0,,,,,,,경기도 남양주시청,031-590-8369,20260319
힐스테이트황금산 APT 소공원,소공원,,경기도 남양주시 다산동 3720-2,37.6074771329,127.1662393781,2681.0,,,,,,,경기도 남양주시청,031-590-5354,20260319
덕소4호공원,어린이공원,경기도 남양주시 와부읍 덕소로97번길 34,경기도 남양주시 와부읍 덕소리 110-1,37.586394615,127.2165534097,1750.0,,,,,,,경기도 남양주시청,031-590-8601,20260319
도농 제2호공원,어린이공원,경기도 남양주시 도농로 34,경기도 남양주시 다산동 4002-1,37.6110213937,127.1562284143,1500.0,,,,,,,경기도 남양주시청,031-590-5354,20260319
평내1호어린이공원,어린이공원,,경기도 남양주시 평내동 585-4,37.6470605985,127.2367726982,1866.0,,,,,,,경기도 남양주시청,031-590-4738,20260319
어울림공원,근린공원,,경기도 안산시 상록구 본오동 992번지,37.2983827057,126.8592296186,77255.0,,,,,,20140310,경기도 안산시청,031-481-2649,20260406
오목골공원,근린공원,,경기도 안산시 상록구 본오동 523-10번지,37.2884764365,126.8608031016,47210.0,,,,,,19980325,경기도 안산시청,031-481-2649,20260406
용하공원,근린공원,"경기도 안산시 상록구 용하공원로 44, (사동)",경기도 안산시 상록구 사동 1535-1번지,37.3054994174,126.8554454074,18262.5,,,,,,19920311,경기도 안산시청,031-481-2649,20260406
이동공원,근린공원,"경기도 안산시 상록구 석호로 19, (이동)",경기도 안산시 상록구 이동 711번지,37.3095630641,126.8485721918,26442.9,,,,,,19920311,경기도 안산시청,031-481-2649,20260406
하늬울공원,근린공원,"경기도 안산시 상록구 해양5로 31, (사동)",경기도 안산시 상록구 사동 1639-10번지,37.2820340984,126.832260938,20000.0,,,,,,20130116,경기도 안산시청,031-481-2649,20260406
해란공원,근린공원,,경기도 안산시 상록구 본오동 990-7번지,37.2846744194,126.8648724298,10017.6,,,,,,20160302,경기도 안산시청,031-481-2649,20260406
해솔공원 5호,근린공원,,경기도 파주시 목동동 680,37.7225551513,126.746038288,14038.0,,,,,,,경기도 파주시청,031-940-8406,20250618
산내공원 6호,근린공원,,경기도 파주시 목동동 1091,37.7208031587,126.7393164325,44682.7,,조합놀이대+미끄럼틀+그네,,,벽천,,경기도 파주시청,031-940-8406,20250618
한빛공원 7호,근린공원,,경기도 파주시 야당동 1001,37.7131153344,126.7484891829,50679.4,,,,,,,경기도 파주시청,031-940-8406,20250618
한울공원 8호,근린공원,,경기도 파주시 동패동 1884,37.7121191999,126.7369983809,32581.5,,,,,,,경기도 파주시청,031-940-8406,20250618
근린공원 11호,근린공원,경기도 파주시 가람로21번길 16-16,경기도 파주시 와동동 1591,37.7345971672,126.7533942181,10216.8,,,,,물놀이장,,경기도 파주시청,031-940-8406,20250618
운정호수공원 12호,근린공원,경기도 파주시 와석순환로 470,경기도 파주시 와동동 1412,37.7233673627,126.7563323934,56919.8,,,화장실,,분수,,경기도 파주시청,031-940-8406,20250618
성혼선생의묘(선유지구),묘지공원,,경기도 파주시 문산읍 선유리 1379-3,37.8568015055,126.8062849906,68837.6,,,,,,,경기도 파주시청,031-940-8406,20250618
운정3지구 문화공원4,문화공원,,경기도 파주시 동패동 2074,37.7136672421,126.711650143,289678.1,,,,,,,경기도 파주시청,031-940-8406,20250618
18호소공원,소공원,,경기도 수원시 권선구 오목천동 314-86,37.2457880943,126.9660959802,174.0,,휴게쉼터,,,,,경기도 수원시 권선구 녹지공원과,031-5191-6195,20260115
통일동산묘지공원,묘지공원,경기도 파주시 탄현면 헤이리로 98,경기도 파주시 탄현면 법흥리 1632,37.7942459574,126.6972426173,779925.0,,,,,,,경기도 파주시청,031-940-8406,20250618
라온공원,문화공원,경기도 파주시 금바위로 27,경기도 파주시 와동동 1348,37.7269997805,126.7577826184,47515.5,배드민턴장,,화장실,,,,경기도 파주시청,031-940-8406,20250618
오름공원,문화공원,,경기도 파주시 야당동 993,37.7140927264,126.7555657818,13448.8,농구장,,,,,,경기도 파주시청,031-940-8406,20250618
짚풀공원,문화공원,경기도 파주시 교하로 25,경기도 파주시 목동동 921,37.7315897745,126.732804412,18167.7,,,화장실,,,,경기도 파주시청,031-940-8406,20250618
여울공원,문화공원,,경기도 파주시 와동동 1428,37.7252799932,126.7621886644,1637.3,,,,,,,경기도 파주시청,031-940-8406,20250618
운정지구 문화공원7,문화공원,,경기도 파주시 야당동 1058,37.7108244435,126.7600083901,270.4,,,,,,,경기도 파주시청,031-940-8406,20250618
행복,어린이공원,,경기도 안산시 단원구 고잔동 369번지,37.3320591426,126.8314796994,863.0,,,,,,20030101,경기도 안산시 단원구청,031-481-6410,20260406
햇살,어린이공원,,경기도 안산시 단원구 고잔동 697번지,37.3135611162,126.823620386,1893.9,,,,,,20040101,경기도 안산시 단원구청,031-481-6410,20260406
중앙역,어린이공원,,경기도 안산시 단원구 고잔동 735번지,37.3133234963,126.837965501,1837.3,,,,,,20040101,경기도 안산시 단원구청,031-481-6410,20260406
지곡,어린이공원,,경기도 안산시 단원구 선부동 971-20번지,37.3361851685,126.8034086823,2196.0,,,,,,20040101,경기도 안산시 단원구청,031-481-6410,20260406
신길달맞이,어린이공원,,경기도 안산시 단원구 신길동 1384-12번지,37.3382264471,126.7616367796,1947.4,,,,,,20040101,경기도 안산시 단원구청,031-481-6410,20260406
공룡,어린이공원,,경기도 안산시 단원구 신길동 1496번지,37.3366359719,126.7794679672,1617.0,,,,,,20040101,경기도 안산시 단원구청,031-481-6410,20260406
연꽃,어린이공원,,경기도 안산시 단원구 신길동 1514번지,37.3350247598,126.7806205334,3369.4,,,,,,20040101,경기도 안산시 단원구청,031-481-6410,20260406
해솔,어린이공원,,경기도 안산시 단원구 신길동 1547번지,37.3380586588,126.7874750111,2825.5,,,,,,20040101,경기도 안산시 단원구청,031-481-6410,20260406
동화,어린이공원,,경기도 안산시 단원구 신길동 1562번지,37.3376589897,126.7891139768,2275.2,,,,,,20040101,경기도 안산시 단원구청,031-481-6410,20260406
어울림,어린이공원,,경기도 안산시 단원구 신길동 1575번지,37.3330389865,126.7886251197,1530.1,,,,,,20040101,경기도 안산시 단원구청,031-481-6410,20260406
잠자리,어린이공원,,경기도 안산시 단원구 신길동 1682번지,37.333471596,126.785756932,2398.4,,,,,,20040101,경기도 안산시 단원구청,031-481-6410,20260406
소리,어린이공원,,경기도 안산시 단원구 초지동 682번지,37.3143440894,126.8139818044,1755.0,,,,,,20040101,경기도 안산시 단원구청,031-481-6410,20260406
파도,어린이공원,,경기도 안산시 단원구 초지동 707-1번지,37.3143443663,126.8175402275,1971.5,,,,,,20040101,경기도 안산시 단원구청,031-481-6410,20260406
나무,어린이공원,,경기도 안산시 단원구 원곡동 816번지,37.3272430337,126.7945285752,726.4,,,,,,19950101,경기도 안산시 단원구청,031-481-6410,20260406
원선소공원,소공원,,경기도 안산시 단원구 선부동 1185번지,37.3295735876,126.8062178706,1190.8,,,,,,20181017,경기도 안산시 단원구청,031-481-6410,20260406
군자주공5소공원,소공원,,경기도 안산시 단원구 초지동 801-1번지,37.3275614863,126.8045218667,580.0,,,,,,20110822,경기도 안산시 단원구청,031-481-6410,20260406
고잔소공원,소공원,,경기도 안산시 단원구 고잔동 852-3번지,37.3232429145,126.8268473838,1770.6,,,,,,20190909,경기도 안산시 단원구청,031-481-6410,20260406
군자주공6소공원1,소공원,,경기도 안산시 단원구 선부동 1188-1번지,37.331236395,126.8027794924,3206.3,,,,,,20200129,경기도 안산시 단원구청,031-481-6410,20260406
군자주공6소공원2,소공원,,경기도 안산시 단원구 선부동 1188-3번지,37.3321785403,126.8076788274,5605.5,,,,,,20200129,경기도 안산시 단원구청,031-481-6410,20260406
76호 소공원,소공원,,경기도 안산시 단원구 성곡동 836번지,37.3059226331,126.7321899926,720.4,,,,,,20200424,경기도 안산시 단원구청,031-481-6410,20260406
큰고개,어린이공원,,경기도 안산시 단원구 와동 749번지,37.338711006,126.8219056804,1455.1,,,,,,19970101,경기도 안산시 단원구청,031-481-6410,20260406
왜둘기,어린이공원,,경기도 안산시 단원구 와동 809번지,37.3425663865,126.8192661107,1823.0,,,,,,19970101,경기도 안산시 단원구청,031-481-6410,20260406
강서,어린이공원,,경기도 안산시 단원구 와동 99-7번지,37.3413128496,126.8272418028,286.3,,,,,,19970101,경기도 안산시 단원구청,031-481-6410,20260406
도람근린공원,근린공원,,경기도 광주시 역동 176-25,,,18130.3,운동기구,바닥분수,화장실,,,,광주도시관리공사,031-762-1039,20250820
살박 근린공원(청북지구 택지개발),근린공원,,경기도 평택시 청북면 옥길리 1173,37.0159637551,126.9185404035,14980.4,배드민턴대+배드민턴장,,,,트랜치+화강석옹벽,20051007,경기도 평택시청,031-8024-4248,20260313
송담 근린공원(안중송담지구),근린공원,,경기도 평택시 안중읍 송담리 724,,,22458.0,농구대(이동식)+농구장,말타기+모래포장+목재오름대+접시+조합놀이대+클라임버,자전거보관대,,수목보호대+전시벽+조성극공적불망비+준공기념비+트랜치,20060206,경기도 평택시청,031-8024-4248,20260313
체육공원,체육공원,,경기도 남양주시 진건읍 용정리 산164,37.6640385634,127.1933694956,12000.0,,,,,,,경기도 남양주시청,031-590-5354,20260319
수촌 근린공원(청북지구 택지개발),근린공원,경기도 평택시 청북읍 안청로1길 37,경기도 평택시 청북면 옥길리 1124,37.0156412521,126.9121513809,35492.6,,,화장실,,집수정+트랜치,20051007,경기도 평택시청,031-8024-4248,20260313
호수공원,근린공원,"경기도 안산시 상록구 광덕대로 70, (사동)",경기도 안산시 상록구 사동 1513번지,37.3021135495,126.8300749703,640572.9,,,,,,19920311,경기도 안산시청,031-481-2649,20260406
덕소2호공원,어린이공원,경기도 남양주시 와부읍 덕소로2번길 39,경기도 남양주시 와부읍 덕소리 600-3,37.5854802083,127.2075071035,1501.0,,,,,,,경기도 남양주시청,031-590-8601,20260319
청학3호공원,어린이공원,,경기도 남양주시 별내면 청학리 409-4,37.7103173776,127.1176792084,1741.0,,,,,,,경기도 남양주시청,031-590-8676,20260319
진영공원,근린공원,,경기도 남양주시 화도읍 마석우리 551,37.658265952,127.2990209866,59924.0,,,,,,,경기도 남양주시청,031-590-4993,20260319
도농 제4호공원,어린이공원,경기도 남양주시 도농로 34,경기도 남양주시 다산동 4002-1,37.6110213937,127.1562284143,1500.0,,,,,,,경기도 남양주시청,031-590-5354,20260319
다산지금 소공원 1호,소공원,,경기도 남양주시 다산동 6106,37.6208537201,127.1630044966,7042.0,,,,,,,경기도 남양주시청,031-590-4993,20260319
다산지금 소공원 2호,소공원,,경기도 남양주시 다산동 6192,37.6100396963,127.166346911,865.0,,,,,,,경기도 남양주시청,031-590-2855,20260319
다산지금 어린이공원 1호,어린이공원,,경기도 남양주시 다산동 6121,37.6193831269,127.1634446829,1573.0,,,,,,,경기도 남양주시청,031-590-2855,20260319
다산지금 어린이공원 4호,어린이공원,,경기도 남양주시 다산동 6224,37.6005822683,127.1715465805,3196.0,,,,,,,경기도 남양주시청,031-590-2855,20260319
경일,어린이공원,,경기도 안산시 단원구 선부동 1056-7번지,37.3455339307,126.8068713751,1537.1,,,,,,19920101,경기도 안산시 단원구청,031-481-6410,20260406
정지막골,어린이공원,"경기도 안산시 단원구 석수로 5-1, (선부동)",경기도 안산시 단원구 선부동 1060번지,37.3403500565,126.8081616533,1503.1,,,,,,19920101,경기도 안산시 단원구청,031-481-6410,20260406
와동,어린이공원,"경기도 안산시 단원구 와동로1길 20, (와동)",경기도 안산시 단원구 와동 724번지,37.333075256,126.8252058172,1564.5,,,,,,19920101,경기도 안산시 단원구청,031-481-6410,20260406
샘터,어린이공원,,경기도 안산시 단원구 와동 778번지,37.3449971446,126.8221829604,2239.3,,,,,,19930101,경기도 안산시 단원구청,031-481-6410,20260406
복지,어린이공원,"경기도 안산시 단원구 와동로7안길 7, (와동)",경기도 안산시 단원구 와동 123번지,37.3397970804,126.8279454031,722.7,,,,,,19940101,경기도 안산시 단원구청,031-481-6410,20260406
샘물,어린이공원,,경기도 안산시 단원구 선부동 1105번지,37.3472107837,126.8161711248,1513.3,,,,,,19950101,경기도 안산시 단원구청,031-481-6410,20260406
방아머리공원,문화공원,"경기도 안산시 단원구 대부황금로 1546, (대부북동)",경기도 안산시 단원구 대부북동 1984번지,37.2894267791,126.5809997341,81099.8,,,,,,20101228,경기도 안산시청,031-481-6990,20260406
에코랜드 체육공원,체육공원,,경기도 남양주시 별내면 광전리 63-2,37.702669211,127.1288435654,65715.0,,,,,,,경기도 남양주시청,031-590-8347,20260319
체육공원,체육공원,,경기도 남양주시 와부읍 덕소리 97-7,37.5893673077,127.2257338124,9942.0,,,,,,,경기도 남양주시청,031-590-8601,20260319
소공원050,소공원,,경기도 남양주시 화도읍 묵현리 22-11,37.6679180636,127.3015914618,495.0,,,,,,,경기도 남양주시청,031-590-4993,20260319
미사 수변 13호 공원,수변공원,,경기도 하남시 풍산동 584,37.5515416783,127.1903652783,9246.0,,,,,,,경기도 하남시청,031-5182-1579,20251218
미사호수공원,근린공원,,경기도 하남시 망월동 1072,37.561176886,127.1887611818,3919.0,,,,,,,경기도 하남시청,031-5182-1579,20251218
미사 한강 4호 공원,체육공원,경기도 하남시 미사강변한강로 111,경기도 하남시 선동 421-1,37.5778421747,127.1884879739,87532.0,,,,,,,경기도 하남시청,031-5182-1579,20251218
위례근린공원6호,근린공원,,경기도 하남시 학암동 670,37.4762396806,127.1491539614,10052.0,,,,,,,경기도 하남시청,031-5182-1579,20251218
위례근린공원9호,근린공원,,경기도 하남시 학암동 674,37.4716071913,127.1598752124,50778.0,,,,,,,경기도 하남시청,031-5182-1579,20251218
새소리근린공원(근린4호공원),근린공원,,경기도 하남시 감이동 492,37.5031879635,127.1666609572,14170.0,,,,,,,경기도 하남시청,031-5182-1579,20251218
으뜸소공원,소공원,,경기도 하남시 감일동 448-1,37.5104871395,127.1515270135,1298.0,,,,,,,경기도 하남시청,031-5182-1579,20251218
감일문화공원,문화공원,경기도 하남시 감일순환로 177,경기도 하남시 감이동 456,37.5080692969,127.1595071295,8298.0,,,,,,,경기도 하남시청,031-5182-1579,20251218
미사역사공원(일가기념관),역사공원,경기도 하남시 미사강변남로 10,경기도 하남시 풍산동 468,37.5586206446,127.1833371105,6910.0,,,,,,,경기도 하남시청,031-5182-1579,20251218
교회터소공원(소공원214),소공원,,경기도 하남시 덕풍동 947-2,37.5394692185,127.1973949185,157.0,,,,,,,경기도 하남시청,031-5182-1579,20251218
벌말천 수변공원(수변2호공원),수변공원,,경기도 하남시 감일동 536,37.5105228169,127.1621743904,34770.0,,,,,,,경기도 하남시청,031-5182-1579,20251218
세미 근린공원,근린공원,경기도 하남시 하남대로 939,경기도 하남시 풍산동 623,37.5455907565,127.1950182143,10705.0,,,,,,,경기도 하남시청,031-5182-1579,20251218
다산진건 어린이공원 6호,어린이공원,,경기도 남양주시 다산동 6093,37.6219417665,127.1580665629,2363.0,,,,,,,경기도 남양주시청,031-590-2855,20260319
체육공원 2호,체육공원,경기도 남양주시 다산중앙로146번길 83,경기도 남양주시 다산동 6033,37.6277435835,127.1601178796,13044.0,,,,,,,경기도 남양주시청,031-590-5354,20260319
녹촌제1호어린이공원,어린이공원,,경기도 남양주시 화도읍 녹촌리 556-1,37.6511292559,127.2984127886,3125.0,,,,,,,경기도 남양주시청,031-590-4993,20260319
월산리4지구소공원,소공원,,경기도 남양주시 화도읍 월산리 1527-4,37.6518289871,127.3362051412,190.0,,,,,,,경기도 남양주시청,031-590-4993,20260319
다산지금 소공원 4호,소공원,,경기도 남양주시 다산동 6230-1,37.6019514124,127.1671967541,9164.0,,,,,,,경기도 남양주시청,031-590-2855,20260319
다산진건 어린이공원 7호,어린이공원,,경기도 남양주시 다산동 6154,37.6158586624,127.1573005447,2907.0,,,,,,,경기도 남양주시청,031-590-5354,20260319
도뮤토아파트어린이공원,어린이공원,,경기도 남양주시 화도읍 창현리 778-3,37.6446393914,127.3041237503,2810.0,,,,,,,경기도 남양주시청,031-590-4993,20260319
문화공원/1,문화공원,,경기도 남양주시 다산동 3207-3,37.6123658729,127.1675826188,21501.0,,,,,,,경기도 남양주시청,031-590-5354,20260319
경성큰마을소공원,소공원,,경기도 남양주시 화도읍 묵현리 604-14(604-15),37.6534682968,127.2679993628,4004.0,,,,,,,경기도 남양주시청,031-590-4993,20260319
홍유릉역사공원,역사공원,경기도 남양주시 홍유릉로 352-1,경기도 남양주시 금곡동 437,37.6310999142,127.2085297314,1233657.0,,,,,,,경기도 남양주시청,031-590-4738,20260319
체육공원,체육공원,,경기도 남양주시 평내동 598,37.6467652091,127.24309889,10010.0,,,,,,,경기도 남양주시청,031-590-4738,20260319
노을빛공원,근린공원,경기도 파주시 순못길 87,경기도 파주시 다율동 988,37.7294189182,126.7152033118,30059.9,,,,공연장,,,경기도 파주시청,031-940-8406,20250618
다율공원,근린공원,,경기도 파주시 다율동 984,37.7299296944,126.721231927,41633.3,배드민턴장+족구장+농구장,,,,,,경기도 파주시청,031-940-8406,20250618
귀락문화공원,문화공원,경기도 의정부시 민락로560번길 74,경기도 의정부시 자일동 69-43,37.7704715187,127.119486395,8659.0,옆파도타기+ 마라톤운동+ 하늘걷기 등,,주차장,문화공작소,공원등+ CCTV 등,,경기도 의정부시청,031-828-4054,20250620
양지,어린이공원,,경기도 안산시 단원구 원곡동 836번지,,,1401.7,,,,,,19950101,경기도 안산시 단원구청,031-481-6410,20260406
원곡,어린이공원,,경기도 안산시 단원구 원곡동 850번지,,,1385.9,,,,,,19950101,경기도 안산시 단원구청,031-481-6410,20260406
슬기나,어린이공원,,경기도 안산시 단원구 와동 791번지,37.3470442019,126.8196606148,2115.1,,,,,,19960101,경기도 안산시 단원구청,031-481-6410,20260406
방죽,어린이공원,,경기도 안산시 단원구 와동 843번지,37.3327505348,126.8175653654,1806.0,,,,,,19960101,경기도 안산시 단원구청,031-481-6410,20260406
주택희망,어린이공원,,경기도 안산시 단원구 원곡동 745번지,37.3320023144,126.7922659509,702.0,,,,,,19960101,경기도 안산시 단원구청,031-481-6410,20260406
관산꿈동산,어린이공원,,경기도 안산시 단원구 원곡동 774번지,37.3306799124,126.7971366465,1225.5,,,,,,19960101,경기도 안산시 단원구청,031-481-6410,20260406
군자샛별,어린이공원,,경기도 안산시 단원구 원곡동 805-2번지,37.3281950843,126.7929743601,783.1,,,,,,19960101,경기도 안산시 단원구청,031-481-6410,20260406
와개,어린이공원,,경기도 안산시 단원구 와동 102번지,37.342464963,126.8292988308,1363.2,,,,,,19970101,경기도 안산시 단원구청,031-481-6410,20260406
뗏골,어린이공원,,경기도 안산시 단원구 선부동 980-5번지,37.339031235,126.795696769,839.3,,,,,,19950101,경기도 안산시 단원구청,031-481-6410,20260406
갯벌,어린이공원,,경기도 안산시 상록구 이동 652-1번지,37.3127716047,126.847525148,1809.9,,,,,,19991016,경기도 안산시 상록구청,031-481-5412,20260406
무지개,어린이공원,,경기도 안산시 상록구 이동 703-3번지,37.3104306782,126.8492808845,2157.0,,,,,,19991016,경기도 안산시 상록구청,031-481-5412,20260406
소나무,어린이공원,,경기도 안산시 상록구 이동 679번지,37.308480189,126.8460159306,1639.2,,,,,,19991016,경기도 안산시 상록구청,031-481-5412,20260406
천문,어린이공원,,경기도 안산시 상록구 사동 1522번지,37.3058849029,126.8457573074,1534.6,,,,,,19991016,경기도 안산시 상록구청,031-481-5412,20260406
정동,어린이공원,"경기도 안산시 상록구 소학길 8, (팔곡일동)",경기도 안산시 상록구 팔곡일동 681-1번지,37.2975122047,126.8875118963,1500.0,,,,,,20020304,경기도 안산시 상록구청,031-481-5412,20260406
못골,어린이공원,,경기도 안산시 단원구 선부동 993번지,37.3380552354,126.8035128788,1985.7,,,,,,19890101,경기도 안산시 단원구청,031-481-6410,20260406
만남,어린이공원,,경기도 안산시 단원구 와동 261-2번지,37.3397090287,126.8301023326,689.8,,,,,,19890101,경기도 안산시 단원구청,031-481-6410,20260406
꿈동산,어린이공원,,경기도 안산시 단원구 와동 765-6번지,37.3419908561,126.8231121875,1597.2,,,,,,19890101,경기도 안산시 단원구청,031-481-6410,20260406
보배,어린이공원,,경기도 안산시 단원구 고잔동 505-3번지,37.3309244521,126.8289909386,1041.9,,,,,,19900101,경기도 안산시 단원구청,031-481-6410,20260406
화랑,어린이공원,"경기도 안산시 단원구 인현3길 14, (고잔동)",경기도 안산시 단원구 고잔동 662-1번지,37.3259922048,126.8207881708,2039.1,,,,,,19910101,경기도 안산시 단원구청,031-481-6410,20260406
석수,어린이공원,"경기도 안산시 단원구 북촌2길 17, (선부동)",경기도 안산시 단원구 선부동 1025번지,37.3433422184,126.8050182395,1904.6,,,,,,19910101,경기도 안산시 단원구청,031-481-6410,20260406
해송,어린이공원,"경기도 안산시 단원구 예술대학로2길 3-16, (고잔동)",경기도 안산시 단원구 고잔동 647번지,37.3295312806,126.8393019542,1593.9,,,,,,19920101,경기도 안산시 단원구청,031-481-6410,20260406
안식,어린이공원,,경기도 안산시 단원구 고잔동 651-6번지,37.3288938823,126.8190000332,1523.8,,,,,,19920101,경기도 안산시 단원구청,031-481-6410,20260406
송골공원,근린공원,,경기도 파주시 문발동 563,37.7224175383,126.7098466367,38621.6,배드민턴장,,,,,,경기도 파주시청,031-940-8406,20250618
무지개근린공원,근린공원,경기도 용인시 수지구 현암로125번길 12,경기도 용인시 수지구 죽전동 1180,37.3327251038,127.1238614958,21855.0,,,,,,20010209,,,20250801
초지 솔밭소공원,소공원,,경기도 안산시 단원구 초지동 797번지,37.3270732106,126.8041645682,809.0,,,,,,20190909,경기도 안산시 단원구청,031-481-6410,20260406
중앙주공2-2소공원,소공원,,경기도 안산시 단원구 고잔동 851-4번지,37.3191962765,126.8410961949,1252.5,,,,,,20130521,경기도 안산시 단원구청,031-481-6410,20260406
조리소공원,소공원,,경기도 파주시 조리읍 봉일천리 271,37.7475426228,126.8062176762,816.5,,,,,,,경기도 파주시청,031-940-8406,20250618
금파지방산업단지 금파공원,소공원,,경기도 파주시 파평면 금파리 527,37.9247467277,126.8429302698,1125.0,,,,,,,경기도 파주시청,031-940-8406,20250618
소공원 2호,소공원,,경기도 파주시 와동동 1571,37.7355607516,126.7564694848,1094.9,,,,,,,경기도 파주시청,031-940-8406,20250618
소공원 5호,소공원,,경기도 파주시 목동동 733,37.732320803,126.7459707056,525.7,,,,,,,경기도 파주시청,031-940-8406,20250618
소공원 6호,소공원,,경기도 파주시 목동동 747,37.7313278374,126.7471618735,860.5,,,,,,,경기도 파주시청,031-940-8406,20250618
소공원 7호,소공원,,경기도 파주시 목동동 771,37.7302561402,126.7468456312,724.6,,,,,,,경기도 파주시청,031-940-8406,20250618
마장근린공원,근린공원,경기도 파주시 광탄면 기산로 313,경기도 파주시 광탄면 기산리 산 150-1,37.7730583466,126.9277575969,265450.0,,,,,,,경기도 파주시청,031-940-8406,20250618
가람공원 2호,근린공원,,경기도 파주시 와동동 1326,37.7304325648,126.7579257134,21253.8,,,,,물놀이장,,경기도 파주시청,031-940-8406,20250618
가재울공원 3호,근린공원,경기도 파주시 산내로 66,경기도 파주시 목동동 993,37.7267413155,126.741251682,48265.7,,,화장실,,,,경기도 파주시청,031-940-8406,20250618
해솔공원 4호,근린공원,,경기도 파주시 목동동 670,37.7261574096,126.7489539557,21938.3,,,,,벽천,,경기도 파주시청,031-940-8406,20250618
신당 근린공원(포승공단),근린공원,경기도 평택시 포승읍 평택항로 98,경기도 평택시 포승읍 만호리 589,36.9700340047,126.847556308,143996.8,농구대+미니축구대+심판대+야구장+야구장 기록실+온몸허리돌리기+족구대+축구대+테니스 네트대+테니스장+테니스장 라카룸,,자전거보관대+화장실,,배수로+스틸그레이팅+집수정+포승5지사순절추모비,20000927,경기도 평택시청,031-8024-4248,20260313
연서,어린이공원,경기도 광명시 연서로12번길 3-8,경기도 광명시 철산동 185,37.4815058866,126.8630867236,1594.0,,,,,,19840530,경기도 광명시청,02-2680-6298,20251209
철산13단지,어린이공원,,경기도 광명시 철산동 242,37.478688868,126.870374303,1650.0,,,,,,19861106,경기도 광명시청,02-2680-6298,20251209
도덕파크,어린이공원,,경기도 광명시 철산동 618,37.4697738059,126.8654587442,1500.0,,,,,,19870608,경기도 광명시청,02-2680-6298,20251209
햇빛,어린이공원,,경기도 광명시 철산동 367-1,37.4729809458,126.8753920184,1500.0,,,,,,19871224,경기도 광명시청,02-2680-6298,20251209
가림,어린이공원,,경기도 광명시 하안동 702-3,37.4647930976,126.8662896598,1500.0,,,,,,19871224,경기도 광명시청,02-2680-2887,20251209
안현,어린이공원,경기도 광명시 안재로16번길 10,경기도 광명시 하안동 597,37.460103815,126.8724724337,1500.0,,,,,,19891026,경기도 광명시청,02-2680-2887,20251209
소망,어린이공원,,경기도 광명시 하안동 650-6,37.4635459521,126.8752602142,1500.0,,,,,,19871224,경기도 광명시청,02-2680-2887,20251209
평화,어린이공원,,경기도 광명시 하안동 682-2,37.4649836346,126.8745057334,1500.0,,,,,,19871224,경기도 광명시청,02-2680-2887,20251209
무궁화,어린이공원,,경기도 광명시 하안동 30-6,37.4647132421,126.8797089741,1500.0,,,,,,19871224,경기도 광명시청,02-2680-2887,20251209
영당말,근린공원,경기도 광명시 오리로348번길 22,경기도 광명시 소하동 1378-1,37.4338570378,126.8811804455,20250.0,,,화장실,,,20051227,경기도 광명시청,02-2680-6462,20251209
푸른,어린이공원,,경기도 광명시 하안동 110-1,37.4636112594,126.8822142887,1500.0,,,,,,19871224,경기도 광명시청,02-2680-2887,20251209
서편,어린이공원,,경기도 광명시 하안동  27-4,37.4643157924,126.8817274627,1500.0,,,,,,19871224,경기도 광명시청,02-2680-2887,20251209
개나리,어린이공원,,경기도 광명시 하안동 110-4,37.4616419519,126.8824286785,1500.0,,,,,,19871224,경기도 광명시청,02-2680-2887,20251209
병아리,어린이공원,,경기도 광명시 하안동 200-4,37.4592076876,126.8847808849,1500.0,,,,,,19871224,경기도 광명시청,02-2680-2887,20251209
백합,어린이공원,,경기도 광명시 하안동 200-5,37.458474457,126.8861549433,1500.0,,,,,,19871224,경기도 광명시청,02-2680-2887,20251209
새터,어린이공원,,경기도 광명시 소하동 1363-3,37.4486873661,126.8917244494,2530.0,,,,,,20050110,경기도 광명시청,02-2680-2887,20251209
물결,어린이공원,,경기도 광명시 소하동 1305-10,37.4508909402,126.8825891297,3298.0,,,,,,20040106,경기도 광명시청,02-2680-2887,20251209
가림2,어린이공원,,경기도 광명시 하안동 703,37.4668002684,126.8640437955,10059.0,,,,,,19930531,경기도 광명시청,02-2680-2887,20251209
소 하,근린공원,경기도 광명시 오리로403번길 36-17,경기도 광명시 소하동 919-1,37.4357193522,126.8757371979,24850.0,,,화장실,,,19921226,경기도 광명시청,02-2680-6462,20251209
덕 안,근린공원,,경기도 광명시 소하동 산146,,,37773.0,,,화장실,,,20051227,경기도 광명시청,02-2680-6462,20251209
충현역사공원,역사공원,,경기도 광명시 소하동 1068-3,,,7352.0,,,,,역사시설,20071122,경기도 광명시청,02-2680-6462,20251209
기형도문화공원,문화공원,,경기도 광명시 일직동 산20-2외,,,52761.0,,,,,문학작품(시),20051227,경기도 광명시청,02-2680-6462,20251209
도덕산,근린공원,,경기도 광명시 광명동 산75,,,1328737.0,,,방문자센타,,벽천+인공폭포+계류,19050630,경기도 광명시청,02-2680-6298,20251209
소하동역사공원,역사공원,,경기도 광명시 소하동 산 102-1,37.4349340906,126.8744520296,4640.0,,,,,,20170713,경기도 광명시청,02-2680-6462,20251209
문화공원2,문화공원,,경기도 광명시 일직동 528-1,37.4126022899,126.8859991906,14098.0,,,,,,20160729,경기도 광명시청,02-2680-6462,20251209
세모,소공원,,경기도 부천시 원미구 중동 1297,37.491041713,126.7707152588,1789.0,,,,,,20191202,경기도 부천시청,032-625-4843,20250731
351호,어린이공원,,경기도 부천시 소사구 범박동 325,37.4732011065,126.8120412373,1741.0,,조합놀이대,,,,20091026,경기도 부천시청,032-625-4843,20250731
호봉제3소공원,소공원,,경기도 광명시 일직동 219-5,37.4187785741,126.8792485407,261.0,,,,,,20070709,경기도 광명시청,02-2680-2887,20251209
광이제2(다솜),어린이공원,,경기도 광명시 광명동 98-11,37.4824349018,126.8541711069,893.0,,,,,,19951227,경기도 광명시청,02-2680-6298,20251209
둥지,어린이공원,,경기도 광명시 광명동 382-8,,,1502.0,,,,,,19861106,경기도 광명시청,02-2680-6298,20251209
우리,어린이공원,,경기도 광명시 광명동 759-14,,,4141.0,,,화장실,,,19861106,경기도 광명시청,02-2680-6298,20251209
꿈동산,어린이공원,경기도 광명시 광명로775번길 9,경기도 광명시 광명동 755,37.4697470431,126.8472751133,1501.0,,,화장실,,,19861230,경기도 광명시청,02-2680-6298,20251209
신나는,어린이공원,경기도 광명시 도덕로54번길 11,경기도 광명시 광명동 731,37.4680381893,126.8545160897,1703.0,,,화장실,,,19861230,경기도 광명시청,02-2680-6298,20251209
현곡 근린공원(현곡산단),근린공원,경기도 평택시 청북읍 현곡산단로93번길 49,경기도 평택시 청북면 현곡리 453,37.0367533348,126.9421681997,18928.1,3단 철봉+농구대+벤치프레스+오르기기구+온몸허리돌리기+윗몸일으키기+족구 네트대+족구장,,음수전+자전거거치대+화장실,,공사 기념비+자연석쌓기+자연석측구수로+집수정+콘크리트트랜치,20041025,경기도 평택시청,031-8024-4248,20260313
현곡 근린공원(현곡산단),근린공원,,경기도 평택시 청북면 현곡리 산90-13,37.0450718632,126.9323237778,19600.0,,,,,,19980508,경기도 평택시청,031-8024-4248,20260313
드림,어린이공원,,경기도 수원시 권선구 구운동 933,37.2805338836,126.9703559815,906.8,,조합놀이대1,,,,,경기도 수원시 권선구 녹지공원과,031-5191-6195,20260115
현화 근린공원(안중지구 택지개발),근린공원,경기도 평택시 안중읍 안현로서8길 48,경기도 평택시 안중읍 현화리 829,36.9805260332,126.9203991611,20534.7,다리근육풀기+다리뻗치기+등허리지압기+마라톤운동기+어깨근육풀기+옆파도타기+온몸근육풀기+온몸역기올리기+온몸허리돌리기+윗몸일으키기+자유철봉+지압길 포장+평행봉+하늘걷기,고무칩포장+물놀이장 물놀이대+조합놀이대,화장실+휠체어경사로,,교육의 선구자 기념비+디자인집수정+디자인트랜치+맨홀+우수맨홀+원주목 사면보호대+집수정+측량기준점+트랜치,19950502,경기도 평택시청,031-8024-4248,20260313
25호,기타,,경기도 화성시 동탄구 산척동 292,,,435.0,,,,,,,경기도 화성시 공원녹지사업소 동부공원관리과,031-5189-6961,20260201
달맞이,어린이공원,,경기도 광명시 소하동 1299,,,9191.0,,,,,,20040106,경기도 광명시청,02-2680-2887,20251209
3호 소리 수변공원(소사벌택지),수변공원,,경기도 평택시 죽백동 737-2공,37.0070403316,127.111223349,11408.5,다리뻗치기+등허리지압기+스텝싸이클+옆파도타기+온몸허리돌리기+윗몸일으키기+하늘걷기,,,,도복장PVC관+연결BOX관+우수관로+월류관+집수정,20071107,경기도 평택시청,031-8024-4248,20260313
4호 소리 수변공원(소사벌택지),수변공원,,경기도 평택시 비전동 1032공,,,19823.0,다리뻗치기+등허리지압기+옆파도타기+온몸역기올리기+윗몸일으키기+하늘걷기,,,,PVC이중벽관(Type1+con c관급)+연결BOX관+연결관C(흄관)+우수관로+원형수로관+월류관+집수정+집수정설치(트렌치용+레미콘 관급)+트랜치,20071107,경기도 평택시청,031-8024-4248,20260313
롯데인벤스 어린이공원,어린이공원,,경기도 평택시 평택동 312,36.9893529966,127.0879366296,1547.0,다리근육풀기+양팔줄당기기+어깨근육풀기+옆파도타기+오금펴기+온몸노젓기+온몸허리돌리기+하늘걷기,고무칩포장+조합놀이대,,,수목보호대+조형동상+집수정,20050829,경기도 평택시청,031-8024-4248,20260313
모산골 어린이공원(동삭2지구),어린이공원,,경기도 평택시 동삭동 836-2,37.0155436531,127.0997545884,2221.8,,,,,,20130508,경기도 평택시청,031-8024-4248,20260313
모험 어린이공원(소사벌택지 4호),어린이공원,,경기도 평택시 비전동 1020공,,,1514.6,마라톤운동기+온몸근육풀기+윗몸일으키기,고무칩포장+모래깔기+모래놀이탁자+스프링시소+조합놀이대+흔들놀이,,,우수관로+원형수로관+육가+집수정,20071107,경기도 평택시청,031-8024-4248,20260313
무동 어린이공원(소사2지구),어린이공원,,경기도 평택시 소사동 95-1,,,2319.9,,,,,,20110714,경기도 평택시청,031-8024-4248,20260313
무지개 어린이공원,어린이공원,경기도 평택시 평택5로 69,경기도 평택시 비전동 852,36.9921301974,127.1111048882,1696.0,,고무칩포장+조합놀이대+흔들놀이,화장실,,맹암거+무지개조형물동산+배수관+자연석쌓기+집수정뚜껑+트랜치,19900615,경기도 평택시청,031-8024-4248,20260313
물결 어린이공원(소사벌택지 6호),어린이공원,,경기도 평택시 죽백동 722-1공,37.0079190879,127.1146364968,1906.4,롤링웨이스트(일반형)+스텝싸이클+체어웨이트,고무칩포장+조합놀이대+흔들놀이,,,우수관로(PVC이중벽관)+집수정+측구수로관(포장용),20071107,경기도 평택시청,031-8024-4248,20260313
물방울(동부84호) 어린이공원(세교지구단위),어린이공원,경기도 평택시 은실1길 17-2 (세교동),경기도 평택시 세교동 190-4,37.0032745217,127.0770304985,1526.0,,,,,,20080513,경기도 평택시청,031-8024-4248,20260313
물장구 어린이공원(소사벌택지 10호),어린이공원,,경기도 평택시 비전동 1087공,,,2155.0,,고무칩포장+물놀이대+물놀이장설비+물조합놀이대+우산워터드롭+워터샤워+흔들놀이,음수대,,상수관로+수목보호대+우수관로+원형수로관+집수정,20071107,경기도 평택시청,031-8024-4248,20260313
미로 어린이공원(서재지구 79호),어린이공원,,경기도 평택시 동삭동 657-1,37.0109331811,127.0934671504,1547.0,등허리지압기+마라톤운동기+온몸노젓기+온몸역기올리기+온몸허리돌리기,고무칩포장+미로찾기+시소+조합놀이대+체력단련대+흔들놀이,,,맹암거+우수관+집수정,20050105,경기도 평택시청,031-8024-4248,20260313
바다 어린이공원(현촌지구),어린이공원,,경기도 평택시 용이동 588-2,37.0020457051,127.1337522081,1934.9,마라톤운동기+어깨근육풀기+온몸허리돌리기,고무칩포장+그네+그네보호대+조합놀이대,,,트랜치,20100924,경기도 평택시청,031-8024-4248,20260313
3호,기타,,경기도 화성시 동탄구 장지동 912-10,37.1644921665,127.0954486172,6475.0,,,,,,,경기도 화성시 공원녹지사업소 동부공원관리과,031-5189-6961,20260201
47호,기타,,경기도 화성시 동탄구 장지동 912-10,37.1644921665,127.0954486172,12913.0,,,,,,,경기도 화성시 공원녹지사업소 동부공원관리과,031-5189-6961,20260201
50호,기타,,경기도 화성시 동탄구 송동 692-2,37.1754176753,127.1052849183,405.0,,,,,,,경기도 화성시 공원녹지사업소 동부공원관리과,031-5189-6961,20260201
3호,기타,,경기도 화성시 동탄구 송동 697-8,37.1690207531,127.0954539637,6475.0,,,,,,,경기도 화성시 공원녹지사업소 동부공원관리과,031-5189-6961,20260201
51호,기타,,경기도 화성시 동탄구 산척동 677-1,37.175603662,127.1060895746,487.0,,,,,,,경기도 화성시 공원녹지사업소 동부공원관리과,031-5189-6961,20260201
27호,기타,,경기도 화성시 동탄구 산척동 산120-4,,,384.0,,,,,,,경기도 화성시 공원녹지사업소 동부공원관리과,031-5189-6961,20260201
35호(A),기타,,경기도 화성시 동탄구 영천동 766-9,37.2021416543,127.1281815357,3059.6,,,,,,,경기도 화성시 공원녹지사업소 동부공원관리과,031-5189-6961,20260201
35호(B),기타,,경기도 화성시 동탄구 영천동 745-14,37.202670381,127.123362704,2685.0,,,,,,,경기도 화성시 공원녹지사업소 동부공원관리과,031-5189-6961,20260201
은솔근린공원,근린공원,,경기도 용인시 기흥구 보정동 1287 일원,37.3099690087,127.1070131954,17643.0,,,,,,20010209,,,20250801
따비쉼터,기타,,경기도 평택시 안중읍 안중리 280-3,36.9885093063,126.9291174656,530.0,온몸허리돌리기,,공중전화기+음수전+화장실,,소화전+시계탑,,경기도 평택시청,031-8024-4248,20260313
삼정1리 마을쉼터,기타,,경기도 평택시 안중읍 삼정리 75-4,36.9666149016,126.9592722101,2569.0,고무칩포장+농구대+등허리지압기+역기 등받이대+역기 및 설치대+옆파도타기+온몸근육풀기+온몸허리돌리기+족구대+철봉(3인용)+평행봉+하늘걷기,,음수대+화장실,,무덤+무덤비+사당+수목보호대+옹벽,,경기도 평택시청,031-8024-4248,20260313
글당이어린이공원(47호),어린이공원,,경기도 평택시 고덕동 2395-1,37.0560751251,127.0400802023,9166.0,,,,,,20150403,경기도 평택시청,031-8024-4248,20260313
49호 어린이공원(율포리),어린이공원,,경기도 평택시 고덕면 율포리 106답,,,9077.0,,,,,,20150403,경기도 평택시청,031-8024-4248,20260313
늘솔길어린이공원(50호),어린이공원,,경기도 평택시 고덕동 2699-4,37.0360519728,127.0231777932,6614.0,,,,,,20150403,경기도 평택시청,031-8024-4248,20260313
8호 어린이공원(서정동),어린이공원,,경기도 평택시 서정동 692-5대,,,2542.0,,,,,,20130104,경기도 평택시청,031-8024-4248,20260313
9호 어린이공원(서정동),어린이공원,,경기도 평택시 서정동 산127-13임,,,5638.0,,,,,,20130104,경기도 평택시청,031-8024-4248,20260313
건지 어린이공원,어린이공원,,경기도 평택시 지산동 1136,37.0770697378,127.0661860629,1616.7,벤치프레스+어깨근육풀기+옆파도타기+오금펴기+온몸허리돌리기+윗몸일으키기+하늘걷기,그네+그네보호대+모래포장+시소+조합놀이대+회전놀이대+흔들놀이,음수전,,맹암거(간선)+맹암거(지선)+우수관+집수정,19910618,경기도 평택시청,031-8024-4248,20260313
노루댕이 어린이공원(장당 3호),어린이공원,,경기도 평택시 장당동 641-9,37.0518134402,127.064877177,1500.0,마라톤운동기+온몸역기내리기+하늘걷기,모래포장+조합놀이대+흔들놀이,자전거보관대,,집수정,20040206,경기도 평택시청,031-8024-4248,20260313
동령 어린이공원,어린이공원,,경기도 평택시 이충동 687,37.0609644785,127.0691943204,1997.2,옆파도타기+윗몸일으키기+하늘걷기,고무매트포장+고무칩포장+그네+조합놀이대,,,수목보호대+운동시설보호대+집수정+트랜치,20020529,경기도 평택시청,031-8024-4248,20260313
동구재 어린이공원,어린이공원,,경기도 평택시 서정동 845,37.0662778862,127.0612107212,1600.1,손잡이 평행대+온몸역기내리기+온몸허리돌리기+철봉+하늘걷기,고무매트포장+그네+시소,,,수목보호대,19860930,경기도 평택시청,031-8024-4248,20260313
동부 105호 어린이공원(신촌지구),어린이공원,,경기도 평택시 칠원동 393-4,,,4053.0,,,,,,20091216,경기도 평택시청,031-8024-4248,20260313
5호 물빛3 수변공원(소사벌택지 이곡수변),수변공원,,경기도 평택시 비전동 1069공,,,19099.0,레그프레스+크로스컨트리+트윈트위스트,,램프+화장실,,PVC DC 엘보+U형플륨관 설치+압연강판+압연강판(디자인그레이팅)+우수관로+트렌치측구집수정,20071107,경기도 평택시청,031-8024-4248,20260313
평택 도시농업공원,도시농업공원,,경기도 평택시 오성면 숙성리 49,37.0143947584,126.9855647099,34525.0,,,,,,20150630,경기도 평택시청,031-8024-4248,20260313
한빛어린이공원,어린이공원,,경기도 용인시 수지구 동천동 934,37.3351711825,127.0886675008,1680.0,,,,,,20060710,,,20250801
고잔7리 쉼터 마을쉼터,기타,,경기도 평택시 청북면 고잔리 1015-1,37.0383416229,126.8887964827,800.0,마라톤운동기+어깨근육풀기+옆파도타기+온몸허리돌리기+하늘걷기,고무칩포장+그네+그네보호대+시소+조합놀이대,,,수목보호덮개+스탠드+주철관+트랜치,,경기도 평택시청,031-8024-4248,20260313
교포1리 마을쉼터,기타,,경기도 평택시 오성면 교포리 52-6,37.0058964121,127.0020953635,1000.0,고무칩포장+어깨근육풀기+온몸허리돌리기+족구장+족구장네트대+하늘걷기,,음수전,,맹암거(간선)+맹암거(지선)+배수로+수목보호판+우수관+집수정,,경기도 평택시청,031-8024-4248,20260313
소담근린공원,근린공원,,경기도 용인시 기흥구 보정동 1227,37.3183536071,127.1235800449,31650.0,,,,,,20010209,,,20250801
교포2리 마을쉼터,기타,,경기도 평택시 오성면 교포리 106-15,37.0089962774,126.9981352914,1650.0,고무매트포장+어깨근육풀기+온몸허리돌리기+테니스 네트대+테니스장+하늘걷기,,음수대,,맹암거(간선)+맹암거(지선)+배수로+용수관+우수관+자연석쌓기+집수정+테니스 연습옹벽,,경기도 평택시청,031-8024-4248,20260313
교포3리 마을쉼터,기타,,경기도 평택시 오성면 교포리 108-17,36.9987201519,126.9982905762,1200.0,마라톤운동기+온몸근육풀기+온몸허리돌리기,,,,기존 배수관(천공)+맹암거+배수관+원형수로관+집수정,,경기도 평택시청,031-8024-4248,20260313
금곡5리 쉼터,기타,,경기도 평택시 안중읍 금곡리 산119-1,36.9950293375,126.9527368186,4860.0,등허리지압기+어깨근육풀기+온몸역기내리기+온몸허리돌리기+하늘걷기+훌라허리돌리기,,,,,,경기도 평택시청,031-8024-4248,20260313
당거1리 마을쉼터,기타,,경기도 평택시 오성면 당거리 392-1,,,987.0,고무매트포장+등허리지압기+온몸근육풀기+온몸허리돌리기+지압보도+하늘걷기,고무매트포장+조합놀이대+흔들놀이,음수전,,배수로+상수관+수목보호홀덮개+우수관+제수변+집수정+트랜치,,경기도 평택시청,031-8024-4248,20260313
당거2리 마을쉼터,기타,,경기도 평택시 오성면 숙성리 936-108,36.9946545155,126.9801405807,2000.0,등허리지압기+온몸근육풀기+온몸역기내리기+온몸허리돌리기+하늘걷기,고무칩포장+조합놀이대,,,수목보호판+우수관+집수정,,경기도 평택시청,031-8024-4248,20260313
무릉 근린공원,근린공원,,경기도 평택시 청북면 현곡리 산10-5,37.0400011522,126.9427006543,61106.0,,,,,,19980508,경기도 평택시청,031-8024-4248,20260313
금상(금광1주택재개발 정비사업),소공원,,경기도 성남시 중원구 금광동 653,,,1305.6,,,,,,20081126,경기도 성남시 중원구 도시미관과,031-729-6452,20251111
번제 근린공원(포승공단),근린공원,경기도 평택시 포승읍 포승공단순환로 625,경기도 평택시 포승읍 원정리 1355,36.9848621174,126.8312827892,118326.7,다리올리기+등허리펴기+말뚝건너기+사다리오르내리기+옆파도타기+온몸노젓기+온몸역기올리기+온몸허리돌리기+자유평행봉+평행봉+하늘걷기,그네+그네보호대+그물망 사다리 놀이대+모래포장+조합놀이대+흔들놀이,자전거보관대+화장실,,배수로+수목보호홀덮개+집수정+트랜치,20010818,경기도 평택시청,031-8024-4248,20260313
비둘기 근린공원(청북 어연한산공단),근린공원,,경기도 평택시 청북면 어연리 888,37.0495222285,126.9729301067,14693.1,어깨근육풀기+옆파도타기+온몸근육풀기+온몸허리돌리기+윗몸일으키기+축구대+축구장+풋살골대,,음수전+자전거거치대+화장실,,,20010207,경기도 평택시청,031-8024-4248,20260313
밤일제4소공원,소공원,,경기도 광명시 하안동 874-8,37.4534477831,126.8616947531,322.0,,,,,,20090602,경기도 광명시청,02-2680-2887,20251209
일직수변공원,수변공원,,경기도 광명시 일직동 395-4,,,52996.0,,,화장실,,,20071122,경기도 광명시청,02-2680-6462,20251209
밤일제5소공원,소공원,,경기도 광명시 하안동 876-3,37.4531053354,126.8616380052,282.0,,,,,,20090602,경기도 광명시청,02-2680-2887,20251209
밤일제6소공원,소공원,,경기도 광명시 하안동 883,37.4529671241,126.8626137437,492.0,,,,,,20090602,경기도 광명시청,02-2680-2887,20251209
기찻길소공원,소공원,,경기도 광명시 소하동 1373-5,37.434833327,126.8858774147,1150.0,,,,,,20070813,경기도 광명시청,02-2680-6462,20251209
소하제1소공원,소공원,,경기도 광명시 소하동 1315-4,37.448773757,126.8898914278,695.0,,,,,,20091110,경기도 광명시청,02-2680-2887,20251209
소하제2소공원,소공원,,경기도 광명시 소하동 1317-2,37.448101267,126.8903577217,609.0,,,,,,20091110,경기도 광명시청,02-2680-2887,20251209
호봉제1소공원,소공원,,경기도 광명시 일직동 228-2,37.4186725528,126.8796410937,202.0,,,,,,20070709,경기도 광명시청,02-2680-2887,20251209
호봉제2소공원,소공원,,경기도 광명시 일직동 225-5,37.4179633433,126.8791503309,385.0,,,,,,20070709,경기도 광명시청,02-2680-2887,20251209
한아름,어린이공원,경기도 부천시 원미구 상동로 78-1,경기도 부천시 원미구 상동 391-4,37.4962626057,126.7511692477,5176.5,,조합놀이대 등 7개,화장실,,,19901127,경기도 부천시청,032-625-4843,20250731
노와이주2호 소공원(노와지구14호),소공원,,경기도 평택시 팽성읍 노와리 461-17,36.9462520003,127.0937345094,678.0,,,,,,20081023,경기도 평택시청,031-8024-4248,20260313
제1호 수변공원(가재지구 128호),수변공원,,경기도 평택시 가재동 479-1,37.0423488786,127.0776303277,1100.0,,,,,,20111125,경기도 평택시청,031-8024-4248,20260313
두정1리 소공원,소공원,,경기도 평택시 팽성읍 두정리 45-1,36.9400899121,127.0383546694,1203.0,농구대+배구네트대+어깨근육풀기+옆파도타기+온몸역기내리기+온몸허리돌리기+하늘걷기,고무칩포장+그네+그네보호대+조합놀이대,음수전,,수목보호판+집수정+플륨관,20120614,경기도 평택시청,031-8024-4248,20260313
등꽃향기 소공원,소공원,,경기도 평택시 비전동 839-10,36.9940292965,127.1113956856,931.0,,,,,PE 빗물받이+우수관+집수정+트렌치+현타+하수관천공접합,20091230,경기도 평택시청,031-8024-4248,20260313
롯데캐슬 소공원,소공원,,경기도 평택시 비전동 953 954,,,1361.7,옆파도타기+온몸허리돌리기+하늘걷기,,,,배수로+빗물받이+집수정+트랜치+화강석옹벽(울타리),20080828,경기도 평택시청,031-8024-4248,20260313
본정리 소공원,소공원,,경기도 평택시 팽성읍 본정리 271,36.9488159929,127.0105027293,4293.0,,,,,,20160229,경기도 평택시청,031-8024-4248,20260313
상서재3호 소공원(동삭2지구),소공원,,경기도 평택시 동삭동 833-10,37.0173809066,127.097052695,1164.0,,,,,,20130508,경기도 평택시청,031-8024-4248,20260313
판교제18호(빛나래)공원,어린이공원,,경기도 성남시 분당구 삼평동 614,37.4051274523,127.0986470065,6465.5,야외운동기구,어린이놀이터,벤치,,경관분수,20060322,경기도 성남시 분당구 녹지공원과,031-729-8093,20251111
소공원1호(두정지구),소공원,,경기도 평택시 팽성읍 본정리 4-4,36.9454298834,127.0211130083,2268.0,,,,,,20131129,경기도 평택시청,031-8024-4248,20260313
송화 소공원,소공원,,경기도 평택시 팽성읍 송화리 834,36.9611202488,127.0537497218,635.0,,,,,,20091230,경기도 평택시청,031-8024-4248,20260313
통복2 소공원(통복지구),소공원,,경기도 평택시 통복동 769,36.9986263832,127.0831357678,630.1,,,,,,20160812,경기도 평택시청,031-8024-4248,20260313
어울림 소공원(소사2지구),소공원,,경기도 평택시 소사동 122-1,,,696.4,,,,,,20110714,경기도 평택시청,031-8024-4248,20260313
잔다리소공원 1호(세교지구),소공원,,경기도 평택시 세교동 582-7,37.0106504759,127.0912189348,1286.5,,,,,,20100401,경기도 평택시청,031-8024-4248,20260313
원정(포승)소공원(쌍용지구),소공원,,경기도 평택시 포승읍 원정리 221-85,36.9998293889,126.8387427881,782.0,,,,,,20120614,경기도 평택시청,031-8024-4248,20260313
원정리 소공원,소공원,,경기도 평택시 팽성읍 원정리 87-2,36.9748618479,127.0403045702,1084.0,등허리지압기+온몸근육풀기+온몸역기내리기+하늘걷기,조합놀이대+탄성고무칩포장,,,소화전+수목보호대+스틸그레이팅+집수정+흉관,20120614,경기도 평택시청,031-8024-4248,20260313
노양2리 마을쉼터,기타,,경기도 평택시 팽성읍 노양리 14-9,36.941015654,127.0066939986,999.0,등허리지압기+옆파도타기+온몸근육풀기+온몸역기내리기+온몸허리돌리기+하늘걷기,조합놀이대+탄성고무칩포장,,,급수관+맹암거+소화전+수목보호덮개+집수정+트랜치,,경기도 평택시청,031-8024-4248,20260313
노와1리 마을쉼터,기타,,경기도 평택시 팽성읍 노와리 95-1,36.9584862534,127.0878045732,1394.0,농구대+농구장+어깨근육풀기+옆파도타기+온몸노젓기+온몸역기내리기+온몸허리돌리기+지압보도+하늘걷기,,,,PVC이중벽관+집수정,,경기도 평택시청,031-8024-4248,20260313
7호 너울 수변공원(소사벌택지),수변공원,,경기도 평택시 비전동 966 966-1~6,,,23421.0,,,,,PE 빗물받이+배수관(PVC이중벽관),20071107,경기도 평택시청,031-8024-4248,20260313
군문 수변공원,수변공원,,경기도 평택시 군문동 201-1,36.982035465,127.0917597165,9955.0,,,,,,20120614,경기도 평택시청,031-8024-4248,20260313
상서재 1호 수변공원(동삭2지구),수변공원,,경기도 평택시 동삭동 850-1,37.0152068275,127.1045305764,11688.2,,,,,,20140317,경기도 평택시청,031-8024-4248,20260313
동삭세교 어린이공원(동삭 세교지구),어린이공원,,경기도 평택시 동삭동 1350-2,,,1917.9,,,,,,20100401,경기도 평택시청,031-8024-4248,20260313
1호 잔다리 어린이공원(세교지구),어린이공원,,경기도 평택시 세교동 579,37.0117252032,127.0909445441,1644.9,,,,,,20100401,경기도 평택시청,031-8024-4248,20260313
세아 어린이공원(동삭 세교지구),어린이공원,,경기도 평택시 세교동 26,,,2343.1,,,,,,20100401,경기도 평택시청,031-8024-4248,20260313
2호 은실 어린이공원(세교지구),어린이공원,경기도 평택시 세교4로 40,경기도 평택시 세교동 594,37.0077717263,127.0875447651,6758.2,,,,,,20100401,경기도 평택시청,031-8024-4248,20260313
한반 저류지 (저류지3호),기타,,경기도 화성시 동탄구 석우동 1-8,37.2250619463,127.0720563605,974.6,농구장,,,,,,경기도 화성시 공원녹지사업소 동부공원관리과,031-5189-6961,20260201
함정리 마을쉼터,기타,경기도 평택시 팽성읍 팽성서로 118,경기도 평택시 팽성읍 함정리 155-11,36.9534425568,127.0138412589,6686.0,농구대+다리근육풀기+등허리지압기+마라톤운동기+배구대+온몸근육풀기+온몸역기내리기+온몸역기올리기+온몸허리돌리기+운동장+윗몸일으키기+철봉+축구장+풋살골대+하늘걷기,고무칩포장+그네+그네보호대+조합놀이대,음수전+화장실(남자)+화장실(여자),,수목보호홀덮개+우수관+자연석쌓기+집수정+트랜치,,경기도 평택시청,031-8024-4248,20260313
안중 22호 어린이공원(인광지구),어린이공원,,경기도 평택시 현덕면 인광리 414,36.9619971265,126.9188482278,4600.0,,,,,,20080710,경기도 평택시청,031-8024-4248,20260313
덕정제1어린이공원,어린이공원,,경기도 양주시 덕정동 164-3,37.8389330341,127.0670192175,1851.0,,조합놀이대,그늘막+정자+벤치,,,19970513,경기도 양주시청 공원사업과,031-8082-7311,20250912
원정 어린이공원(포승공단),어린이공원,,경기도 평택시 포승읍 도곡리 1134,36.9900094157,126.8445445931,1500.2,마라톤+어깨근육풀기+옆파도타기+온몸돌리기(3인용)+하늘걷기,고무매트포장+그네(2인용)+그네보호대+조합놀이대+흔들놀이,음수전+자전거거치대,,문자+기호+집수정 A형+집수정 B형,20000927,경기도 평택시청,031-8024-4248,20260313
자미 어린이공원(청북지구 택지개발),어린이공원,,경기도 평택시 청북면 옥길리 1160,37.01905201,126.9183269963,4185.1,,,,,수목보호틀+집수정+트랜치,20051007,경기도 평택시청,031-8024-4248,20260313
송담8길 어린이공원(안중 송담지구),어린이공원,,경기도 평택시 안중읍 송담리 222,,,1506.0,,고무칩포장+시소+조합놀이대+천자문놀이판+회전놀이대+흔들놀이,,,수목보호판+집수정+흉관,20060206,경기도 평택시청,031-8024-4248,20260313
작골 어린이공원(청북지구 택지개발),어린이공원,,경기도 평택시 청북면 옥길리 1294,37.0142958173,126.919970502,2930.3,농구대+농구장+배드민턴대+배드민턴장,고무칩포장+그네+그네보호대+조합놀이대+흔들놀이,,,목책+우수관+집수정+측구수로관,20051007,경기도 평택시청,031-8024-4248,20260313
해모 어린이공원(청북지구 택지개발),어린이공원,,경기도 평택시 청북면 옥길리 1065-18,37.0240858917,126.9118807146,1510.3,다리 근육풀기(철봉형)+평행봉,고무매트포장+조합놀이대+흔들놀이,,,집수정,20051007,경기도 평택시청,031-8024-4248,20260313
드림테크 1호 체육공원(드림테크 일반산업단지),체육공원,,경기도 평택시 청북면 율북리 886답,,,16082.0,,,,,,20151015,경기도 평택시청,031-8024-4248,20260313
드림테크 2호 체육공원(드림테크 일반산업단지),체육공원,,경기도 평택시 청북면 율북리 867답,,,15224.0,,,,,,20151015,경기도 평택시청,031-8024-4248,20260313
으뜸 체육공원(청북지구 택지개발),체육공원,경기도 평택시 청북읍 청북남로 339,경기도 평택시 청북면 옥길리 1072,37.0191870606,126.9073576113,11023.0,농구장+풋살장+다리근육풀기+벽걸이농구대+온몸노젓기+온몸역기올리기+온몸허리돌리기+인라인(스케이트보드)장+인라인시설 大+인라인시설 小+인라인평균대+풋살장펜스(의자일체형),,음수전+자전거거치대+화장실,,수도미터기+오수맨홀+자연석쌓기+집수정+통신 맨홀+트랜치+한전 맨홀,20051007,경기도 평택시청,031-8024-4248,20260313
12호 근린공원(고덕국제화지구),근린공원,,경기도 평택시 고덕면 좌교리 353임,,,0.0,,,,,,20100129,경기도 평택시청,031-8024-4248,20260313
1호 높은들 근린공원(고평지구),근린공원,,경기도 평택시 통복동 735,36.9956980382,127.0790883871,18261.8,,,,,,20160519,경기도 평택시청,031-8024-4248,20260313
10호 은실 소공원(세교 지구단위),소공원,경기도 평택시 평택로 192 (세교동),경기도 평택시 세교동 196-1,37.0017611644,127.0767780065,600.0,,,,,,20160812,경기도 평택시청,031-8024-4248,20260313
1호 소공원(지제지구),소공원,경기도 평택시 경기대로 701 (지제동),경기도 평택시 지제동 567-3,37.0119632509,127.0722235849,0.0,,,,,,20160812,경기도 평택시청,031-8024-4248,20260313
1호 소공원(진위3지구),소공원,,경기도 평택시 진위면 견산리 347-1,,,0.0,,,,,,20160812,경기도 평택시청,031-8024-4248,20260313
비전 어린이공원,어린이공원,,경기도 평택시 비전동 631-1,36.995799184,127.0888969165,2067.0,게이트볼장+옆파도타기+온몸근육풀기+온몸허리돌리기+하늘걷기,,양면음수전,,배수로용 집수정+집수정,19900412,경기도 평택시청,031-8024-4248,20260313
사랑방 어린이공원(용죽지구),어린이공원,,경기도 평택시 용이동 673,36.9942199655,127.1279600578,2781.0,오금펴기운동+온몸근육운동+하늘걷기운동+허리돌리기운동,강아지흔들놀이대+고양이흔들놀이대+그네놀이대+놀이시설 경계+양흔들놀이대+조합놀이대4,,,배수관+집수정,20101124,경기도 평택시청,031-8024-4248,20260313
JC 어린이공원,어린이공원,경기도 평택시 평택1로12번길 27,경기도 평택시 평택동 38,36.9934855156,127.0879927783,1555.7,옆파도타기+온몸근육풀기+온몸역기올리기+온몸허리돌리기+하늘걷기,,음수전,,JC기념탑+뚜껑(디자인그레이팅)+스틸그레이팅,19900412,경기도 평택시청,031-8024-4248,20260313
가족 어린이공원,어린이공원,,경기도 평택시 군문동 360-3,36.9876315991,127.084423503,2050.0,마라톤운동기+옆파도타기+온몸근육풀기+온몸허리돌리기+하늘걷기,고무매트포장+그네+그네보호대+조합놀이대+흔들놀이,,,PE 빗물받이+우수관+조형석+집수정+횡단배수로,19951220,경기도 평택시청,031-8024-4248,20260313
과학(제2호) 어린이공원(영신지구),어린이공원,,경기도 평택시 세교동 893,37.0203161333,127.0811569242,4108.4,,,,,,20100129,경기도 평택시청,031-8024-4248,20260313
미르 어린이공원(지제세교지구),어린이공원,,경기도 평택시 지제동 산7-7임,,,2938.0,,,,,,20130903,경기도 평택시청,031-8024-4248,20260313
33호,기타,,경기도 화성시 동탄구 오산동 988-2,37.1945915811,127.0923793731,328.0,,,,,,,경기도 화성시 공원녹지사업소 동부공원관리과,031-5189-6961,20260201
34호,기타,,경기도 화성시 동탄구 장지동 1053,37.1542941511,127.1015750028,7360.0,,,,,,,경기도 화성시 공원녹지사업소 동부공원관리과,031-5189-6961,20260201
35호,기타,,경기도 화성시 동탄구 오산동 972-1,37.2044949883,127.0910607898,3802.0,,,,,,,경기도 화성시 공원녹지사업소 동부공원관리과,031-5189-6961,20260201
화촌2 소공원,소공원,,경기도 평택시 통복동 242-6,36.9923309893,127.0724397156,757.0,옆파도타기+철봉+하늘걷기,,,,수목보호덮개+집수정+측구수로관,20090922,경기도 평택시청,031-8024-4248,20260313
1호 물빛1 수변공원(소사벌택지  이곡수변),수변공원,,경기도 평택시 비전동 999공,,,39061.0,,,램프+음수대+자전거보관대,,PVC DC 엘보+U형플륨관 설치+수목보호대+압연강판+우수관로+우수받이+집수정설치(트렌치용+레미콘 관급),20071107,경기도 평택시청,031-8024-4248,20260313
2호 물빛2 수변공원(소사벌택지 이곡수변),수변공원,,경기도 평택시 비전동 1016공,,,11228.0,옆파도타기+온몸역기올리기+하늘걷기,,램프,,PVC DC 엘보+U형플륨관 설치+압연강판+우수관로+장대석놓기+집수정설치(트렌치용+레미콘 관급),20071107,경기도 평택시청,031-8024-4248,20260313
신작 어린이공원,어린이공원,,경기도 평택시 합정동 908-4,36.9898584485,127.1020802031,2031.0,다리근육풀기+등허리지압기+옆파도타기+온몸근육풀기+온몸허리돌리기+하늘걷기,그네+그네보호대+모래포장+시소+조합놀이대+흔들놀이,음수전,,공원기둥+집수정,19931203,경기도 평택시청,031-8024-4248,20260313
신흥 어린이공원(신흥지구),어린이공원,,경기도 평택시 용이동 749-1번지,37.0017277748,127.1482900757,2359.0,마라톤운동+하늘걷기+허리돌리기,그네+놀이시설 경계+시소+조합놀이대+흔들놀이,,,수목보호홀덮개+연결관+우수관+원형맨홀+원형수로관+원형수로관집수정+집수정,20100927,경기도 평택시청,031-8024-4248,20260313
안정 어린이공원(안정지구 6호),어린이공원,,경기도 평택시 팽성읍 안정리 43-4,,,4858.3,다리뻗치기+옆파도타기+온몸근육풀기+온몸허리돌리기+윗몸일으키기+하늘걷기,고무칩포장+그네+그네보호대+모래포장+시소(2인용)+조합놀이대+흔들놀이,음수대,,스탠드+원심력수로관+원형플랜터A+집수정+집수정연결관A+트랜치,20101209,경기도 평택시청,031-8024-4248,20260313
암석 제3호 어린이공원(영신지구),어린이공원,,경기도 평택시 세교동 1092,37.0201145088,127.0836942365,2268.7,,,,,,20100129,경기도 평택시청,031-8024-4248,20260313
앞마당 어린이공원(용죽지구),어린이공원,,경기도 평택시 용이동 697,36.9943228357,127.120429755,3613.0,옆파도운동+오금펴기운동+하늘걷기운동+허리돌리기운동,그네놀이대+놀이시설 경계+시소놀이대,자전거보관대,,배수관+집수정,20101124,경기도 평택시청,031-8024-4248,20260313
어울림 어린이공원(현촌지구),어린이공원,,경기도 평택시 용이동 593-3,36.9995266522,127.1316941303,3951.0,마라톤운동기+옆파도타기+하늘걷기,고무칩포장+그네+그네보호대+시소+조합놀이대+흔들놀이,자전거거치대,,,20100924,경기도 평택시청,031-8024-4248,20260313
늘푸른안정 어린이공원,어린이공원,,경기도 평택시 팽성읍 안정리 98-9,36.9608353753,127.0415537276,1500.0,옆파도타기+온몸근육풀기+온몸역기내리기+온몸허리돌리기+하늘걷기,고무칩포장+그네+그네보호대+조합놀이대,,,수목보호틀+집수정+트랜치,19890401,경기도 평택시청,031-8024-4248,20260313
동삭 어린이공원(동삭지구),어린이공원,,경기도 평택시 동삭동 341-2,37.0205374443,127.0963544315,3923.1,,,,,,20090309,경기도 평택시청,031-8024-4248,20260313
수변공원 6호(고덕국제화지구 여염리),수변공원,,경기도 평택시 고덕면 여염리 377답,,,7599.0,,,,,,20130104,경기도 평택시청,031-8024-4248,20260313
당거3리 마을쉼터,기타,경기도 평택시 오성면 당거3길 48-2,경기도 평택시 오성면 당거리 9-2,36.9893698895,127.0064382268,1140.0,고무매트포장+농구대+농구코트+등허리지압기+발바닥지압걷기+온몸근육풀기+온몸허리돌리기+하늘걷기,고무매트포장+시소+조합놀이대+흔들놀이,음수전,,수목보호대+트랜치,,경기도 평택시청,031-8024-4248,20260313
대반1리 마을쉼터,기타,,경기도 평택시 안중읍 대반리 17-3,36.9921514826,126.9500025536,1000.0,등허리지압기+마라톤운동기+온몸역기내리기+온몸허리돌리기+족구대+하늘걷기,그네(파도형파고라)+모래포장,음수전,,L형측구+맹암거+사각수로관+우수관+집수정,,경기도 평택시청,031-8024-4248,20260313
대반3리 마을쉼터,기타,,경기도 평택시 안중읍 대반리 503,36.9844919008,126.9521424706,1105.0,온몸근육풀기+온몸역기내리기+온몸허리돌리기+족구대+하늘걷기,,음수전,,상수관+우수관+집수정,,경기도 평택시청,031-8024-4248,20260313
동일 어린이공원,어린이공원,,경기도 평택시 비전동 888-1,36.9924554489,127.1183380311,2411.0,어깨근육풀기+온몸허리돌리기+하늘걷기,고무매트포장+그네+그네보호대+등반및사다리놀이대+모래포장+시소+조합놀이대,,,PE 빗물받이+맹암거(간선)+맹암거(지선)+산마루측구+우수관+집수정+측구수로관,19940111,경기도 평택시청,031-8024-4248,20260313
골목길 어린이공원(용죽지구),어린이공원,,경기도 평택시 용이동 690,36.9931827476,127.1242998089,1815.4,옆파도운동+오금펴기운동+온몸근육운동+하늘걷기운동,강아지흔들놀이대+고양이흔들놀이대+그네놀이대+놀이시설 경계+양흔들놀이대+조합놀이대3,,,PE 연결관+PE 집수정+배수관+집수정,20101124,경기도 평택시청,031-8024-4248,20260313
그린 어린이공원(소사벌택지 11호),어린이공원,,경기도 평택시 죽백동 816-4공,37.0023479049,127.1247002202,1644.3,체어웨이트+크로스컨트리+트윈트위스트,고무칩포장+그네+그네보호대+조합놀이대+흔들놀이,,,우수관로+원형수로관+집수정,20071107,경기도 평택시청,031-8024-4248,20260313
거울 어린이공원(지제세교지구),어린이공원,,경기도 평택시 세교동 390-6,37.0127832122,127.0744661159,1743.0,,,,,,20130903,경기도 평택시청,031-8024-4248,20260313
꽃잎소리 어린이공원(소사벌택지 9호),어린이공원,,경기도 평택시 비전동 1075공,,,1525.9,온몸역기올리기+온몸허리돌리기+하늘걷기,고무칩포장+볼록렌즈 사진기+위스퍼디쉬+조합놀이대,,,우수관로+원형수로관+육가+집수정,20071107,경기도 평택시청,031-8024-4248,20260313
용이4호 어린이공원(용이지구),어린이공원,,경기도 평택시 용이동 453-4,36.9955104283,127.136523271,2589.0,농구대+농구장+옆파도타기+온몸허리돌리기+윗몸일으키기,고무칩포장+그네+그네보호대+조합놀이대+흔들놀이,,,집수정+흉관,20031204,경기도 평택시청,031-8024-4248,20260313
우주별 어린이공원(소사벌택지 8호),어린이공원,,경기도 평택시 비전동 1047공,,,1683.4,옆파도타기+온몸허리돌리기+하늘걷기,고무칩포장+엑스시소+조합놀이대+흔들놀이,,,우수관로+집수정,20071107,경기도 평택시청,031-8024-4248,20260313
원송산 마을 쌈지공원(송산동 쌈지),기타,,경기도 화성시 효행구 송산동 202-9,37.2099003455,127.0093160884,107.0,,,,,,,,031-5189-6655,20260201
원앙 어린이공원,어린이공원,경기도 평택시 세교1로 53,경기도 평택시 세교동 555-1,37.0017723622,127.0861610411,1597.4,농구대+농구장+다리뻗치기+어깨근육풀기+옆파도타기+온몸허리돌리기+하늘걷기,그네+그네보호대+모래포장+시소+흔들놀이,화장실,,집수정,19920313,경기도 평택시청,031-8024-4248,20260313
신장 근린공원,근린공원,경기도 평택시 신장로 124 (신장동),경기도 평택시 신장동 370-2,37.0858927818,127.0511843805,89174.0,2단 철봉+게이트볼장+농구대(이동식)+농구장+다리뻗치기+등허리지압기+마라톤운동기+벤치프레스+어깨근육풀기+옆파도타기+온몸근육풀기+온몸노젓기+온몸역기올리기+온몸허리돌리기+윗몸일으키기+인라인스케이트장+족구장+족구지주+하늘걷기,고무칩포장+그네+모형기차+조합놀이대,음수전+자전거보관대+화장실,,빗물받이+수목보호대+옹벽+우수관+준공기념비+측구수로,19870511,경기도 평택시청,031-8024-4248,20260313
팽성 어린이공원,어린이공원,,경기도 평택시 팽성읍 안정리 169-50,36.9594508899,127.0477489802,6173.0,다리근육풀기+마라톤운동기+옆파도타기+온몸근육풀기+온몸노젓기+온몸역기올리기+온몸허리돌리기+철봉+하늘걷기,고무칩포장+그네+그네보호대+조합놀이대+흔들놀이,음수전+화장실,,맹암거+배수관+옹벽+자연석쌓기+집수정+트랜치,19750712,경기도 평택시청,031-8024-4248,20260313
팽송 어린이공원,어린이공원,,경기도 평택시 팽성읍 송화리 770-1,36.963431996,127.0545748327,1616.0,농구대+농구장+마라톤운동기+옆파도타기+온몸근육풀기+온몸허리돌리기+하늘걷기,그네+그네보호대+모래포장+시소+조합놀이대,,,수목보호대+집수정,19990319,경기도 평택시청,031-8024-4248,20260313
평일 어린이공원,어린이공원,,경기도 평택시 합정동 774,36.9905199907,127.1056053928,1985.0,어깨근육풀기+옆파도타기+온몸허리돌리기+하늘걷기,그네+그네보호대+모래막이+모래포장+시소(2인용)+조합놀이대+흔들놀이,,,PE이중벽관+수목보호틀+집수정+트랜치,19900412,경기도 평택시청,031-8024-4248,20260313
풍물 제2호 어린이공원(모산영신지구),어린이공원,,경기도 평택시 동삭동 429-1,37.0178107019,127.087182624,2320.0,,,,,,20090930,경기도 평택시청,031-8024-4248,20260313
하늘 어린이공원(소사벌택지 7호),어린이공원,,경기도 평택시 죽백동 748공,,,1776.1,롤링웨이스트(일반형)+배드민턴장+배드민턴지주대+크로스컨트리+트윈트위스트,고무칩포장+조합놀이대+흔들놀이,,,우수관로+원형수로관+집수정,20071107,경기도 평택시청,031-8024-4248,20260313
하서재 어린이공원(서재지구 76호),어린이공원,,경기도 평택시 동삭동 714,37.0097032099,127.1005851182,2294.0,,고무칩포장+조합놀이대+흔들놀이,,,수목보호덮개+수목보호받침틀+우수관+집수정,20050105,경기도 평택시청,031-8024-4248,20260313
한방 어린이공원,어린이공원,,경기도 평택시 합정동 881,36.9907691236,127.1196908096,1483.0,마라톤운동기+어깨근육풀기+상체근육풀기+온몸들어올리기+온몸역기내리기+온몸허리돌리기,그네+모래포장+조합놀이대+흔들놀이,,,PE 빗물받이+맹암거(간선)+맹암거(지선)+우수관+집수정+측구수로관+횡단배수로,19961113,경기도 평택시청,031-8024-4248,20260313
대반6리 마을쉼터,기타,,경기도 평택시 안중읍 대반리 409-4,36.9768477874,126.9432310732,899.0,옆파도타기+온몸근육풀기+온몸역기내리기+온몸허리돌리기+족구네트+족구대+족구장+하늘걷기,,주차정지대,,원형수로관+이중벽하수관+자연석쌓기+출입옹벽+트랜치,,경기도 평택시청,031-8024-4248,20260313
합정 어린이공원,어린이공원,,경기도 평택시 합정동 902-4,36.9887754657,127.1050777444,1516.0,옆파도타기+온몸근육풀기+온몸허리돌리기,고무칩포장+그네+조합놀이대+흔들놀이,,,부엉이가족+스틸그레이팅+스틸그레이팅 받침+우수관+우수배수+자연석쌓기+집수정+횡단배수로,19931203,경기도 평택시청,031-8024-4248,20260313
합정새롬 어린이공원,어린이공원,,경기도 평택시 합정동 830,36.9891466564,127.0913211362,1500.0,,,,,,19880108,경기도 평택시청,031-8024-4248,20260313
향촌 어린이공원,어린이공원,경기도 평택시 세교3로 2,경기도 평택시 세교동 560-1,37.0020279,127.0793599444,1525.0,등허리지압기+온몸허리돌리기+하늘걷기,고무칩포장+그네+그네보호대+모래포장+조합놀이대+하늘과자연의 소리+흔들놀이,화장실,,조형물옹벽+집수정,19920313,경기도 평택시청,031-8024-4248,20260313
꽃별,어린이공원,,경기도 부천시 소사구 소사본동 401-4,37.4666258632,126.8020534231,4897.6,농구장,그네 등 10개,,,,19901231,경기도 부천시청,032-625-4843,20250731
제2호 수변공원(가재지구 129호),수변공원,,경기도 평택시 가재동 479-1,37.0423488786,127.0776303277,6560.0,,,,,,20111125,경기도 평택시청,031-8024-4248,20260313
당산,어린이공원,경기도 수원시 팔달구 세지로 436,경기도 수원시 팔달구 우만동 500,37.287075982,127.0320886194,5379.9,다목적구장,조합놀이대1,노인정1,,,,경기도 수원시 팔달구 녹지공원과,031-5191-7043,20260115
원평14통(삽다리) 어린이공원,어린이공원,,경기도 평택시 신대동 184-9,37.0005411017,127.0580522351,1500.0,,,,,,20160229,경기도 평택시청,031-8024-4248,20260313
꿈동산 어린이공원(소사벌택지 3호),어린이공원,,경기도 평택시 비전동 1004-1공,37.0032436539,127.0964164665,1933.8,다리뻗치기+온몸근육풀기+온몸역기내리기+윗몸일으키기,고무볼+고무칩포장+마운딩놀이대+소리관+조합놀이대+터널지나기+흔들놀이,,,Pvc이중벽관+원형수로관+집수정,20071107,경기도 평택시청,031-8024-4248,20260313
나비 어린이공원(소사벌택지 2호),어린이공원,,경기도 평택시 비전동 981공,,,1510.4,마라톤운동기+윗몸일으키기,고무칩포장+그네+그네보호대+모래깔기+미끄럼틀+조합놀이대+흔들놀이,,,우수관로+원형수로관+육가+집수정,20071107,경기도 평택시청,031-8024-4248,20260313
낙촌 어린이공원,어린이공원,경기도 평택시 비전1로 35-9 (비전동),경기도 평택시 비전동 784,37.0014875406,127.0924227724,2012.0,다리뻗치기+마라톤운동기+발바닥지압걷기+온몸돌리기+온몸역기내리기+온몸역기올리기+탄성고무칩포장+하늘걷기,그네+그네보호대+모래+시소(4인용)+조합놀이대+탄성고무칩포장+흔들놀이,,,맹암거(간선)+맹암거(지선)+우수관(PVC이중관)+집수정+흉관,19890720,경기도 평택시청,031-8024-4248,20260313
노와이주 어린이공원(노와이주단지 12호),어린이공원,,경기도 평택시 팽성읍 노와리 460-1,36.9466651281,127.0921966205,1505.0,등허리지압기+온몸근육풀기+온몸허리돌리기+윗몸일으키기,고무칩포장+그네+그네보호대+시소+조합놀이대+흔들놀이,,,수목보호판+집수정,20081023,경기도 평택시청,031-8024-4248,20260313
농성 어린이공원(안정2호 근린공원),어린이공원,,경기도 평택시 팽성읍 안정리 44-17,36.9636027475,127.0458154702,1581.0,등허리지압기+온몸노젓기+온몸허리돌리기+하늘걷기,고무칩포장+그네+그네보호대+조합놀이대,,,연결관+집수정,19890401,경기도 평택시청,031-8024-4248,20260313
늘푸른 어린이공원,어린이공원,,경기도 평택시 군문동 368,36.9867493828,127.0823633514,2001.4,옆파도타기+온몸근육풀기+온몸허리돌리기+하늘걷기,고무칩포장+모래테이블+모래포장+조합놀이대+흔들놀이,,,PE 빗물받이+맹암거(간선)+맹암거(지선)+수목보호대+우수관+집수정+횡단배수로,19951220,경기도 평택시청,031-8024-4248,20260313
장현문화1,문화공원,,경기도 시흥시 장곡동 861,37.3815457876,126.7803368811,2011.7,,,,,,20070118,경기도 시흥시청,031-310-3873,20251219
추팔 소공원,소공원,경기도 평택시 팽성읍 추팔2길 65,경기도 평택시 팽성읍 추팔리 296-1,36.9639733763,127.0754803643,1541.0,등허리지압기+온몸근육풀기+온몸역기내리기+온몸허리돌리기+족구대+하늘걷기,고무칩포장+그네+그네보호대+조합놀이대,화장실,,수목보호판+스틸그레이팅+집수정,20120614,경기도 평택시청,031-8024-4248,20260313
화경 어린이공원,어린이공원,,경기도 평택시 합정동 871-5,36.9899095588,127.1163807233,1500.0,마라톤운동기+배드민턴대+배드민턴장+온몸근육풀기+온몸노젓기+온몸허리돌리기+철봉+하늘걷기,그네+그네보호대+모래포장+조합놀이대+흔들놀이,,,PE 빗물받이+맹암거(간선)+맹암거(지선)+스틸그레이팅+우수관+자연석쌓기+집수정+측구수로관,19961113,경기도 평택시청,031-8024-4248,20260313
원효대사 역사공원,역사공원,,경기도 평택시 포승읍 원정리 산109-37,37.0046885558,126.8225493757,7131.0,,,,,,20160229,경기도 평택시청,031-8024-4248,20260313
내일 4호 어린이공원(모산영신지구),어린이공원,,경기도 평택시 동삭동 402-4,37.0149718263,127.0913712394,2568.0,,,,,,20090930,경기도 평택시청,031-8024-4248,20260313
수변공원 14호(고덕국제화지구  율포리),수변공원,,경기도 평택시 고덕동 1966,37.0500638338,127.048399991,8284.2,,,,,,20130104,경기도 평택시청,031-8024-4248,20260313
뒷동산 어린이공원(소사벌택지 5호),어린이공원,,경기도 평택시 죽백동 720-1공,37.0089842233,127.11170924,1874.0,스트레칭로라+크로스컨트리+트윈트위스트,고무칩포장+그네+그네보호대+시소(2인용)+조합놀이대+흔들놀이,,,우수관로(PVC이중벽관)+원형수로관+집수정,20071107,경기도 평택시청,031-8024-4248,20260313
은행 어린이공원,어린이공원,경기도 평택시 평택5로 231,경기도 평택시 비전동 803,36.9986962107,127.1013050118,5081.0,다리쭉뻗기+허리돌리기+배드민턴장+배드민턴지주대+어깨근육풀기+상체근육풀기+크로스컨츄리+전신하늘걷기,그네+모래테이블+모래포장+시소+조합놀이대+흔들놀이,음수전+화장실+휠체어경사로,,각관지주대+기존소나무 수목보호판+맹암거(간선)+맹암거(지선)+빗물받이+옹벽+와이어형지주대+우수관+집수정+트랜치,19890720,경기도 평택시청,031-8024-4248,20260313
이곡 어린이공원,어린이공원,경기도 평택시 평택5로 272-16,경기도 평택시 비전동 798-1,37.0002425057,127.0973970273,2436.0,마라톤운동기+옆파도타기+온몸근육풀기+온몸허리돌리기+윗몸일으키기+하늘걷기,그네+그네보호대+모래포장+시소+원형사다리놀이+조합놀이대+흔들놀이,화장실,,집수정,19890720,경기도 평택시청,031-8024-4248,20260313
장미 어린이공원,어린이공원,,경기도 평택시 세교동 230-59,37.0066079278,127.0765550065,1819.0,다리뻗치기+옆파도타기+마라톤운동+온몸허리돌리기+어깨근육풀기+하늘걷기+온몸노젓기+하늘걷기,모래포장+시소+조합놀이대+흔들놀이,,,맹암거(간선)+맹암거(지선)+수목보호대+집수정+흉관,20020502,경기도 평택시청,031-8024-4248,20260313
정글 어린이공원(소사벌택지 12호),어린이공원,,경기도 평택시 죽백동 778-1공,37.0056770762,127.1202235826,1562.3,롤링웨이스트(일반형)+스텝싸이클+체어웨이트+트윈트위스트,고무칩포장+사자 스텝퍼+원숭이 매달리기+조합놀이대+캥거루허리돌리기+흔들놀이,,,우수관로+원형수로관+조립식배수로+집수정+측구수로관(포장용),20111230,경기도 평택시청,031-8024-4248,20260313
정원 어린이공원,어린이공원,경기도 평택시 평택5로 137,경기도 평택시 비전동 826,36.9969088122,127.1086642884,5322.0,마라톤운동기+옆파도타기+온몸근육풀기+온몸역기올리기+온몸허리돌리기+하늘걷기,고무칩포장+조합놀이대+흔들놀이,화장실,,L형측구+맹암거(간선)+맹암거(지선)+빗물받이+우수관+자연석쌓기+집수정+하수관천공접합,19890720,경기도 평택시청,031-8024-4248,20260313
조개터 1호 어린이공원,어린이공원,,경기도 평택시 합정동 921-1,36.9891476026,127.099846776,1632.8,등허리지압기+마라톤운동+옆파도타기+온몸근육풀기+온몸허리돌리기,그네(2인용)+그네보호대 +시소(4인용)+조합놀이대+흔들놀이대,,,집수정,19931203,경기도 평택시청,031-8024-4248,20260313
청솔 어린이공원,어린이공원,,경기도 평택시 세교동 557-1,37.0033223845,127.0831038385,1604.3,농구대+농구장,그네+그네보호대+모래포장+조합놀이대+흔들놀이,화장실,,배수로+집수정,19920313,경기도 평택시청,031-8024-4248,20260313
추팔 어린이공원,어린이공원,경기도 평택시 팽성읍 추팔산단2길 28,경기도 평택시 팽성읍 추팔리 396-2,36.9577986542,127.0780532295,8329.0,축구대+축구장,,음수대+화장실,,집수정+측구수로,20001024,경기도 평택시청,031-8024-4248,20260313
소공원 29호,소공원,,경기도 파주시 동패동 2055,37.7082170114,126.7345512931,489.1,,,,,,,경기도 파주시청,031-940-8406,20250618
통미 어린이공원,어린이공원,,경기도 평택시 합정동 749,36.9918700765,127.0961912163,1990.0,마라톤운동기+어깨근육풀기+온몸허리돌리기+윗몸일으키기+하늘걷기,그네+그네보호대+모래포장+시소+조합놀이대+흔들놀이,,,집수정,19900412,경기도 평택시청,031-8024-4248,20260313
삼각 어린이공원,어린이공원,,경기도 평택시 팽성읍 송화리 786-2,36.9606154514,127.0579744738,1723.0,마라톤운동기+옆파도타기+온몸근육풀기+온몸허리돌리기+하늘걷기,그네+그네보호대+모래포장+시소+조합놀이대,,,수목보호판+집수정,19990319,경기도 평택시청,031-8024-4248,20260313
상서재 어린이공원(서재지구 75호),어린이공원,,경기도 평택시 동삭동 678-3,37.0118240987,127.099552886,2102.0,마라톤운동기+온몸근육풀기+온몸역기올리기+온몸허리돌리기,고무칩(적색)+그네+그네보호대+시소+조합놀이대+회전놀이대+흔들놀이,,,수목보호받침틀+우수관+집수정,20050105,경기도 평택시청,031-8024-4248,20260313
새터말 어린이공원,어린이공원,,경기도 평택시 팽성읍 객사리 88-2,36.9655989933,127.064770718,1694.0,마라톤운동기+옆파도타기+온몸역기올리기+온몸허리돌리기+하늘걷기,모래포장+조합놀이대+흔들놀이,,,맹암거(간선)+맹암거(지선)+우수관+집수정,19940404,경기도 평택시청,031-8024-4248,20260313
덕목3리 마을쉼터,기타,,경기도 평택시 현덕면 덕목리 510-5,36.9523809536,126.9569125892,1047.0,온몸근육풀기+온몸허리돌리기+하늘걷기,,음수전+화장실,,상수관+수목보호덮개+우수관+제수변+집수정,,경기도 평택시청,031-8024-4248,20260313
덕목4리 마을쉼터,기타,,경기도 평택시 현덕면 덕목리 659-2,36.9504236242,126.9561382227,2365.0,배드민턴 네트대+배드민턴장+옆파도타기+온몸근육풀기+온몸역기내리기+온몸허리돌리기+하늘걷기,,화장실,,맹암거(간선)+맹암거(지선)+벤치플륨관+엘보+오수관+오수맨홀+우수관+집수정+트랜치,,경기도 평택시청,031-8024-4248,20260313
덕목5리 마을쉼터,기타,,경기도 평택시 현덕면 덕목리 269,36.9550570447,126.9654247508,2629.0,등허리지압기+벤치프레스+온몸근육풀기+온몸허리돌리기+족구장+족구장네트대+하늘걷기,그네+그네보호대+모래포장,음수전+화장실,,상수관+흉관,,경기도 평택시청,031-8024-4248,20260313
수촌1 수변공원(수촌지구),수변공원,,경기도 평택시 칠원동 289-25,37.0199217061,127.1139074956,21187.0,,,,,,20091216,경기도 평택시청,031-8024-4248,20260313
칠원 소공원,소공원,,경기도 평택시 칠원동 50,37.0320185589,127.1007317021,3863.0,다리뻗치기+어깨근육풀기+옆파도타기+온몸허리돌리기+하늘걷기,,음수전,,공적비+기념비석+스탬프 찍는곳+연결관+자연석쌓기+준공기념비+칠원동주민송덕비+트랜치,19961217,경기도 평택시청,031-8024-4248,20260313
설봉공원,근린공원,경기도 이천시 경충대로 2709번길 128,경기도 이천시 관고동 356,37.2796679359,127.4278617115,1644940.0,축구장+배드민턴장+농구장,조합놀이대,주차장+매점+화장실,대공연장,암벽등반장,19761207,경기도 이천시청,031-645-3836,20250221
수변공원,수변공원,경기도 이천시 경충대로 2422번길 17,경기도 이천시 진리동 140,37.2681183611,127.4605358499,12040.0,배드민턴장+족구장,조합놀이대,화장실,,,20090914,경기도 이천시청,031-645-3831,20250221
치동천1호(4호),근린공원,,경기도 화성시 동탄구 영천동 636-256,37.2059384326,127.0935479354,10515.0,,,,,,,경기도 화성시 공원녹지사업소 동부공원관리과,031-5189-6961,20260201
심포니공원,어린이공원,경기도 이천시 서희로 82번길 46,경기도 이천시 창전동 139,37.2823005752,127.445784417,2947.0,,조합놀이대,,,,19890807,경기도 이천시청,031-645-3831,20250221
동화리 공공공지 4호,기타,,경기도 화성시 효행구 봉담읍 동화리 392,37.2232293416,126.9573002769,209.0,,,,,,,,031-5189-6655,20260201
이수흥공원,어린이공원,경기도 이천시 영창로173번길 17,경기도 이천시 창전동 76,37.2826322853,127.4419712461,1902.0,농구대,조합놀이대,,,,19890807,경기도 이천시청,031-645-3831,20250221
한아름공원,어린이공원,경기도 이천시 중리천로 15,경기도 이천시 관고동 11,37.2807382073,127.4396940223,1297.0,농구대,조합놀이대,화장실,,,19890807,경기도 이천시청,031-645-3831,20250221
제72호 근린공원(신갈공원),근린공원,,경기도 용인시 기흥구 신갈동 488-10,37.2775049729,127.0970765683,31267.0,,,,,,20090817,,,20250801
새한 어린이공원,어린이공원,경기도 평택시 동부공원로14번길 32-4,경기도 평택시 비전동 885-1,36.9924287841,127.1169919711,2257.0,마라톤운동기+배드민턴대+배드민턴장+옆파도타기+온몸허리돌리기+하늘걷기,그네+그네보호대+모래포장+조합놀이대(철거)+흔들놀이,화장실,,소화전+집수정,19940111,경기도 평택시청,031-8024-4248,20260313
샛별 어린이공원(서재지구 78호),어린이공원,,경기도 평택시 동삭동 695-8,37.008243125,127.0950427268,2322.0,온몸노젓기+온몸역기올리기+온몸허리돌리기,고무칩(적색)+시소+조합놀이대+체력단련대+회전놀이대+흔들놀이,,,맹암거+수목틀경계석 설치+우수관+집수정,20050105,경기도 평택시청,031-8024-4248,20260313
성동 어린이공원,어린이공원,경기도 평택시 비전로 27 (비전동),경기도 평택시 비전동 610,36.9958850211,127.0937113627,2210.0,어깨근육풀기+온몸역기내리기+온몸허리돌리기+하늘걷기,그네+그네보호대+모래포장+조합놀이대+흔들놀이,음수전,,산마루측구+우수관+원형수로관+자연석쌓기+집수정,19890830,경기도 평택시청,031-8024-4248,20260313
소사들 어린이공원(소사2지구),어린이공원,,경기도 평택시 소사동 23-4,,,2757.8,,,,,,20110714,경기도 평택시청,031-8024-4248,20260313
소사벌 어린이공원,어린이공원,,경기도 평택시 비전동 879-2,36.9947663332,127.1157855403,2638.6,옆파도타기+온몸근육풀기+온몸노젓기+온몸허리돌리기+하늘걷기,그네+그네보호대+모래테이블+모래포장+조합놀이대+흔들놀이,,,맹암거(간선)+맹암거(지선)+배수관+벤치플륨관+자연석쌓기+집수정,19940111,경기도 평택시청,031-8024-4248,20260313
송화 어린이공원,어린이공원,,경기도 평택시 팽성읍 송화리 778-1,36.9639502581,127.0592120688,1558.0,마라톤운동기+옆파도타기+온몸근육풀기+온몸허리돌리기+윗몸일으키기+하늘걷기,모래포장+시소+조합놀이대,,,맹암거(간선)+맹암거(지선)+배수관+벤치플륨관+집수정,19990319,경기도 평택시청,031-8024-4248,20260313
숲속 어린이공원(소사벌택지 1호),어린이공원,,경기도 평택시 비전동 969공,,,3344.6,다리뻗치기+등허리지압기+배드민턴장+배드민턴지주대+옆파도타기+하늘걷기,개미터널+고무칩포장+그네+그네보호대+미끄럼틀+시소+흔들놀이,,,우수관로+원형수로관+집수정,20071107,경기도 평택시청,031-8024-4248,20260313
11호 근린공원(마분근린공원),근린공원,,경기도 평택시 고덕면 해창리 531답,,,61914.0,,,,,,20130104,경기도 평택시청,031-8024-4248,20260313
13호 근린공원(함박산중앙공원),근린공원,,경기도 평택시 고덕동 157,,,673747.0,,,,,,20130104,경기도 평택시청,031-8024-4248,20260313
3호 근린공원(아홉거리근린공원),근린공원,경기도 평택시 문화공원로 219,경기도 평택시 고덕동 2390-1,37.0597294027,127.0314863836,70920.0,,,,,,20130104,경기도 평택시청,031-8024-4248,20260313
어인남 어린이공원,어린이공원,,경기도 평택시 비전동 752-13,36.9940608522,127.100680075,985.0,마라톤운동기+옆파도타기+온몸근육풀기+온몸허리돌리기+이형판석포장+하늘걷기,그네+모래포장+조합놀이대+흔들놀이,,,공원조형탑+집수정,19900412,경기도 평택시청,031-8024-4248,20260313
어제 3호 어린이공원(모산영신지구),어린이공원,경기도 평택시 지제동삭1로 163 (동삭동 더샵지제역센트럴파크1BL아파트),경기도 평택시 동삭동 0,,,1887.0,,,,,,20090930,경기도 평택시청,031-8024-4248,20260313
풍동,어린이공원,,경기도 고양시 일산동구 풍동 800,37.6630655361,126.7957168114,1383.0,,,,,,20011231,경기도 고양시 푸른도시사업소,031-8075-4337,20251215
용이1호 어린이공원(용이지구),어린이공원,,경기도 평택시 용이동 485-1,37.0000104382,127.1482538051,1805.0,마라톤운동기+온몸근육풀기+온몸역기내리기+온몸허리돌리기+윗몸일으키기+탄성고무칩포장,그네+그네보호대+조합놀이대+탄성고무칩포장+흔들놀이,,,집수정+흉관,20031204,경기도 평택시청,031-8024-4248,20260313
용이3호 어린이공원(용이지구),어린이공원,,경기도 평택시 용이동 459-1,36.9965159128,127.1400264667,1914.0,,고무매트포장+구름사다리+그네+그네보호대+사다리놀이기+시소+조합놀이대+흔들놀이,,,수목보호홀덮개,20031204,경기도 평택시청,031-8024-4248,20260313
상서재 2호 수변공원(동삭2지구),수변공원,경기도 평택시 상서재1로 52,경기도 평택시 동삭동 870,37.0162522691,127.1055299687,9470.0,,,,,,20140317,경기도 평택시청,031-8024-4248,20260313
소풍정원,수변공원,,경기도 평택시 고덕면 궁리 424-25,37.011841023,127.0205744204,112245.0,,그네+그네보호대+모래포장+반원터널분수+우산워터드롭+워터샤워+조합놀이대+탄성고무칩포장,샤워장+세척장+음수전+화장실,,PE이중벽관+맹암거+미로원+빗물받이+소풍정원액자 포토존+수질정화기+엣지+자연석쌓기+집수정,20160229,경기도 평택시청,031-8024-4248,20260313
수변공원 10호(고덕국제화지구 율포리),수변공원,,경기도 평택시 고덕동 1987-3,37.0444184225,127.0475879811,11793.0,,,,,,20130104,경기도 평택시청,031-8024-4248,20260313
수변공원 12호(고덕국제화지구 율포리),수변공원,경기도 평택시 고덕국제2로 50,경기도 평택시 고덕동 1968-2,37.0470814865,127.0475106964,25307.6,,,,,,20130104,경기도 평택시청,031-8024-4248,20260313
수변공원 13호(고덕국제화지구  장당동),수변공원,,경기도 평택시 고덕동 1968-5,37.0458711525,127.0489358305,13470.7,,,,,,20130104,경기도 평택시청,031-8024-4248,20260313
수변공원 15호(고덕국제화지구  장당동),수변공원,,경기도 평택시 장당동 524-58답,,,30638.0,,,,,,20130104,경기도 평택시청,031-8024-4248,20260313
수변공원 1호(고덕국제화지구 해창리),수변공원,,경기도 평택시 고덕면 해창리 99답,,,4809.0,,,,,,20130104,경기도 평택시청,031-8024-4248,20260313
4호 근린공원(두릉근린공원),근린공원,,경기도 평택시 고덕동 2278-1,37.0591146726,127.0214330046,23246.0,,,,,,20130104,경기도 평택시청,031-8024-4248,20260313
수변공원 2호(고덕국제화지구 궁리),수변공원,,경기도 평택시 고덕면 궁리 303-2목,,,67862.0,,,,,,20130104,경기도 평택시청,031-8024-4248,20260313
수변공원 3호(고덕국제화지구 해창리),수변공원,,경기도 평택시 고덕면 해창리 66답,,,56051.0,,,,,,20130104,경기도 평택시청,031-8024-4248,20260313
꿈나무공원,어린이공원,경기도 이천시 설봉로 30번길 22,경기도 이천시 중리동 15,37.2785563682,127.4388159028,2526.0,,조합놀이대,,,,19890807,경기도 이천시청,031-645-3831,20250221
남천공원,어린이공원,경기도 이천시 어재연로 10번길 25,경기도 이천시 중리동 210,37.2779822899,127.4445354151,3830.0,,조합놀이대,화장실,,,19890807,경기도 이천시청,031-645-3831,20250221
개나리공원,어린이공원,,경기도 이천시 창전동 414-13,37.2838546298,127.4394765147,1650.0,,조합놀이대,,,,19890807,경기도 이천시청,031-645-3831,20250221
달맞이공원,어린이공원,경기도 이천시 향교로 53번길 23,경기도 이천시 창전동 423,37.2858508822,127.4432097229,1650.0,농구대,조합놀이대,,,,19890807,경기도 이천시청,031-645-3831,20250221
체육공원,어린이공원,경기도 이천시 설봉로 174(창전동),경기도 이천시 창전동 432-10,37.2859783719,127.4459735619,1300.0,,조합놀이대,,,,19890807,경기도 이천시청,031-645-3831,20250221
북새말공원,어린이공원,,경기도 이천시 창전동 446,37.2853896327,127.4493944461,1650.0,배드민턴장,조합놀이대,,,,19890807,경기도 이천시청,031-645-3831,20250221
동새말공원,어린이공원,경기도 이천시 애련정로 135번길 23-13,경기도 이천시 창전동 455,37.2822750106,127.4491122754,1300.0,배드민턴장+농구대,조합놀이대,,,,19890807,경기도 이천시청,031-645-3831,20250221
공흥 소공원,소공원,,경기도 양평군 양평읍 공흥리 885-1,37.4938310238,127.5093613235,1217.0,체력단련시설,,파고라,,,20121122,경기도 양평군청,031-770-2358,20250423
병산4호 소공원,소공원,,경기도 양평군 강상면 병산리 24-5,,,430.6,위밍암+롤링웨이스트+바디싯업+트위스트+양펼줄당기기,,파고라+의자+앉음벽,,,20101109,경기도 양평군청,031-770-2358,20250423
양근소공원(19호),소공원,,경기도 양평군 양평읍 양근리 739,37.4929175183,127.489427416,746.0,위밍암,,파고라,,,20181024,경기도 양평군청,031-770-2358,20250423
양서 소공원 7,소공원,,경기도 양평군 양서면 신원리 471-5,37.5250798766,127.372040975,2271.0,워밍암+체어플+롤링웨이스트,,,,,20190723,경기도 양평군청,031-770-2358,20250423
다문 소공원 5,소공원,,경기도 양평군 용문면 다문리 1069-6,37.4806465105,127.595055915,1594.3,,,,,,20190525,경기도 양평군청,031-770-2358,20250423
소공원1,소공원,,경기도 양평군 양평읍 창대리 847,37.4868324135,127.5011988656,2751.6,워밍암+체어플+롤링웨이스트,,파고라,,,20191227,경기도 양평군청,031-770-2358,20250423
소공원2,소공원,,경기도 양평군 양평읍 창대리 852,37.4855425027,127.4998838666,2467.7,위밍암+체어플+롤링웨이스트,트위스트출렁다리+나무테이블+나무건너기+통나무건너기,,,,20191227,경기도 양평군청,031-770-2358,20250423
노와이주단지 체육공원(노와지구),체육공원,,경기도 평택시 팽성읍 노와리 456공,,,18000.6,등허리지압기+배드민턴지주대+옆파도타기+온몸근육풀기+온몸노젓기+온몸역기올리기+온몸허리돌리기+운동장+하늘걷기,,음수전+화장실,,상수관+스탠드+우수관+원심력사각수로관+유공관+자연석쌓기+잔디수로+제수변+집수정+측구수로관,20081023,경기도 평택시청,031-8024-4248,20260313
청석공원,체육공원,,경기도 광주시 경안동 242,37.4126471834,127.2652459156,193530.0,농구장+족구장+인라인스케이트장,,화장실,,,20120223,광주도시관리공사,031-762-1039,20250820
광주시호국보훈공원,근린공원,경기도 광주시 경안로98번길 30(경안동),경기도 광주시 경안동 168-1,37.4093637317,127.2512793815,83095.0,농구장+베드민턴장+다목적구장,조합놀이대+시소+그네,화장실,,,20020515,광주도시관리공사,031-762-1039,20250820
삼리어린이공원,어린이공원,,경기도 광주시 곤지암읍 삼리 131-1,37.3564217218,127.3267282262,1493.0,,조합놀이대+모래놀이터+흔들놀이대,음수대,,바닥분수,20040216,광주도시관리공사,031-762-1039,20250820
중대물빛공원,수변공원,,경기도 광주시 중대동 92,37.400531447,127.2202922475,230932.0,생활체육시설,어린이놀이터,화장실+음수대,,관리사무소+광장+분수,20060719,광주도시관리공사,031-762-1039,20250820
안골소공원,소공원,,경기도 광주시 초월읍 서하리 471-3,37.4349624228,127.3070969642,700.0,운동기구,,,,,20090602,광주도시관리공사,031-762-1039,20250820
경안소공원,소공원,,경기도 광주시 경안동 254-34,37.4121890654,127.2543675789,315.0,운동기구,,,,,20100617,광주도시관리공사,031-762-1039,20250820
태전소공원,소공원,,경기도 광주시 태전동 223,37.387234948,127.2296724646,2563.0,운동기구,,,,,20120223,광주도시관리공사,031-762-1039,20250820
탄벌소공원,소공원,,경기도 광주시 탄벌동 731-7,37.4210181784,127.2377442536,543.0,운동기구,조합놀이대,,,,20121116,광주도시관리공사,031-762-1039,20250820
초월1소공원,소공원,,경기도 광주시 초월읍 지월리 889,37.4162913325,127.3080066729,1461.0,,,,,,20141201,광주도시관리공사,031-762-1039,20250820
경안1소공원,소공원,,경기도 광주시 경안동 425,37.4124681397,127.2613970221,425.0,,,,,태양광정원등+미세먼지 안내판,20070409,광주도시관리공사,031-762-1039,20250820
경안2소공원,소공원,,경기도 광주시 경안동 428,37.4117288549,127.2619936721,428.0,,,,,,20070409,광주도시관리공사,031-762-1039,20250820
곤지암소공원,소공원,,경기도 광주시 곤지암읍 곤지암리 453-4,37.3505638318,127.3375199236,932.0,운동기구,,화장실,,,20010805,광주도시관리공사,031-762-1039,20250820
수인선 상부 공원,기타,,경기도 화성시 효행구 봉담읍 수영리 412-1,,,11734.0,,,,,,,,031-5189-6655,20260201
태전9지구 제2소공원,소공원,경기도 광주시 회안대로 350-14(태전동),경기도 광주시 태전동 694,37.3846801481,127.2370261745,265.0,운동기구,,,,,20040507,광주도시관리공사,031-762-1039,20250820
쌍령1호 어린이공원,어린이공원,경기도 광주시 경충대로1461번길 35,경기도 광주시 쌍령동 503-1,37.3990002424,127.270272117,1500.0,운동기구,조합놀이대,,,,20140724,광주도시관리공사,031-762-1039,20250820
태전5지구 4호어린인공원,어린이공원,,경기도 광주시 태전동 701-12,37.3853090469,127.2341769249,1521.0,,조합놀이대+흔들놀이대,,,,20080905,광주도시관리공사,031-762-1039,20250820
태전5지구 5호어린이공원,어린이공원,,경기도 광주시 태전동 698-5,37.3853609723,127.2318010979,1595.0,,조합놀이대+흔들놀이대,,,,20080905,광주도시관리공사,031-762-1039,20250820
태전6지구 2호근린공원,근린공원,경기도 광주시 태봉로 142,경기도 광주시 태전동 702-12,37.3810690932,127.2305664261,10257.0,운동기구,,화장실,,사무실+바닥분수,20080905,광주도시관리공사,031-762-1039,20250820
양벌지구 양벌어린이공원,어린이공원,경기도 광주시 양벌로 195-25,경기도 광주시 양벌동 1106-1,37.3790906591,127.2576934473,3533.0,운동기구,조합놀이대+흔들놀이대+시소+모래놀이터,,,,20150704,광주도시관리공사,031-762-1039,20250820
성머리어린이공원(35호),어린이공원,,경기도 평택시 고덕동 2243,37.0359287418,127.0435973321,1712.0,,,,,,20150403,경기도 평택시청,031-8024-4248,20260313
임주어린이공원(36호),어린이공원,,경기도 평택시 고덕면 여염리 296-2답,,,1864.0,,,,,,20150403,경기도 평택시청,031-8024-4248,20260313
누리봄어린이공원(37),어린이공원,,경기도 평택시 고덕동 2018,37.0466857286,127.0504668822,2134.0,,,,,,20150403,경기도 평택시청,031-8024-4248,20260313
배우미어린이공원(38호),어린이공원,,경기도 평택시 고덕동 1902-1,37.0523988187,127.0458438202,1625.0,,,,,,20150403,경기도 평택시청,031-8024-4248,20260313
별밭어린이공원(39호),어린이공원,,경기도 평택시 고덕동 1802,37.0637693407,127.048905184,1509.0,,,,,,20150403,경기도 평택시청,031-8024-4248,20260313
두렁이어린이공원(40호),어린이공원,,경기도 평택시 고덕동 2380-6,37.0586209958,127.029218987,1522.0,,,,,,20150403,경기도 평택시청,031-8024-4248,20260313
당산어린이공원(41호),어린이공원,,경기도 평택시 고덕동 2352-4,37.0556187547,127.025185223,2182.0,,,,,,20150403,경기도 평택시청,031-8024-4248,20260313
백로어린이공원(42호),어린이공원,,경기도 평택시 고덕동 2343-6,37.0554966741,127.0228999733,2345.0,,,,,,20150403,경기도 평택시청,031-8024-4248,20260313
43호 어린이공원(고덕국제화지구 해창리),어린이공원,,경기도 평택시 고덕면 해창리 490-2대,,,1511.0,,,,,,20150403,경기도 평택시청,031-8024-4248,20260313
굼틀어린이공원(44호),어린이공원,,경기도 평택시 고덕동 2412,37.0473087841,127.0302209997,2369.0,,,,,,20150403,경기도 평택시청,031-8024-4248,20260313
수변공원 9호(고덕국제화지구 여염리),수변공원,,경기도 평택시 고덕면 여염리 315답,,,11782.0,,,,,,20130104,경기도 평택시청,031-8024-4248,20260313
수변공원(브레인시티),수변공원,경기도 평택시 삼남로 236 (도일동),경기도 평택시 도일동 983-7,,,61615.0,,,,,,20100315,경기도 평택시청,031-8024-4248,20260313
신현1지구 3호 소공원,소공원,,경기도 광주시 신현동 1239,37.3582719379,127.1534081702,8130.0,운동기구,조합놀이대+흔들놀이대+시소,,,,19991206,광주도시관리공사,031-762-1039,20250820
추자1호 소공원,소공원,,경기도 광주시 추자동 584,37.3607189181,127.2175185403,980.0,,,,,안내판+태양광가로등,20131106,광주도시관리공사,031-762-1039,20250820
추자1호 어린이공원,어린이공원,,경기도 광주시 추자동 587,37.3594541464,127.2196664723,5754.0,운동기구,조합놀이대+흔들놀이대+시소+그네+회전놀이+모래놀이터,,,안내판,20131106,광주도시관리공사,031-762-1039,20250820
곤지암 근린공원,근린공원,,경기도 광주시 곤지암읍 곤지암리 445-27,37.3489198395,127.3400724449,3952.0,,,,,주차장,,광주도시관리공사,031-762-1039,20250820
역동1호 근린공원,근린공원,,경기도 광주시 역동 266,37.3970170876,127.2458292738,14614.0,운동기구,,,,,20060206,광주도시관리공사,031-762-1039,20250820
태전1호 어린이공원,어린이공원,,경기도 광주시 태전동 696-1,37.3871589376,127.2318580826,5330.0,운동기구+배드민턴장,조합놀이대+모래놀이터+암벽등반놀이대+흔들놀이대,음수대,,안내판,20080905,광주도시관리공사,031-762-1039,20250820
태전2호 어린이공원,어린이공원,,경기도 광주시 태전동 697-4,37.3877112543,127.2349502113,6074.0,운동기구,조합놀이대+흔들놀이대,음수대,,안내판,20080905,광주도시관리공사,031-762-1039,20250820
태전7호 어린이공원,어린이공원,,경기도 광주시 태전동 714,37.3821546216,127.235780094,1839.0,운동기구,조합놀이대+흔들놀이대+시소,,,,20080905,광주도시관리공사,031-762-1039,20250820
태전8호 어린이공원,어린이공원,,경기도 광주시 태전동 261-177,37.3906155252,127.2297638107,2491.0,운동기구,물놀이시설+조합놀이대,음수대,,안내판,20081029,광주도시관리공사,031-762-1039,20250820
노곡어린이공원,어린이공원,경기도 광주시 도척면 도척로 559,경기도 광주시 도척면 노곡리 241-1,37.3040687445,127.3306374956,2394.0,운동기구,조합놀이대,,,,,광주도시관리공사,031-762-1039,20250820
1호 어린이공원(화양지구),어린이공원,,경기도 평택시 안중읍 현화리 산398-2임,,,3159.0,,,,,,20131004,경기도 평택시청,031-8024-4248,20260313
2호 어린이공원(화양지구),어린이공원,,경기도 평택시 현덕면 화양리 산155,36.9822341165,126.9031974036,3734.0,,,,,,20131004,경기도 평택시청,031-8024-4248,20260313
3호 어린이공원(화양지구),어린이공원,,경기도 평택시 현덕면 운정리 358-56전,,,1547.0,,,,,,20131004,경기도 평택시청,031-8024-4248,20260313
4호 어린이공원(화양지구),어린이공원,,경기도 평택시 현덕면 운정리 445-9답,,,1504.0,,,,,,20131004,경기도 평택시청,031-8024-4248,20260313
5호 어린이공원(화양지구),어린이공원,,경기도 평택시 현덕면 화양리 816-1답,36.9680798812,126.9044709496,3190.0,,,,,,20161115,경기도 평택시청,031-8024-4248,20260313
6호 어린이공원(화양지구),어린이공원,,경기도 평택시 현덕면 화양리 868-14전,36.9648867342,126.9051967087,1890.0,,,,,,20131004,경기도 평택시청,031-8024-4248,20260313
8호 어린이공원(화양지구),어린이공원,,경기도 평택시 현덕면 화양리 816,36.9683576156,126.9042410857,2451.0,,,,,,20161115,경기도 평택시청,031-8024-4248,20260313
긴둥골 어린이공원(안중지구 택지개발),어린이공원,경기도 평택시 안중읍 안중로18번길 18,경기도 평택시 안중읍 현화리 859,36.9831260643,126.9267729135,3239.7,배드민턴장+배드민턴지주대+옆파도타기+온몸근육풀기+온몸허리돌리기+하늘걷기,고무매트포장+그네+그네보호대+모래포장+시소+조합놀이대+흔들놀이,육각형 음수전+화장실,,조형 출입기둥+집수정,19950502,경기도 평택시청,031-8024-4248,20260313
58호,기타,,경기도 화성시 동탄구 청계동 543-0,37.1941591495,127.1157160203,2555.0,,,,,,,경기도 화성시 공원녹지사업소 동부공원관리과,031-5189-6961,20260201
31호,기타,,경기도 화성시 동탄구 오산동 998-1,37.1887705098,127.0878853882,2621.0,,,,,,,경기도 화성시 공원녹지사업소 동부공원관리과,031-5189-6961,20260201
36호,기타,,경기도 화성시 동탄구 오산동 1051-1,37.204175825,127.0897246939,1889.0,,,,,,,경기도 화성시 공원녹지사업소 동부공원관리과,031-5189-6961,20260201
79호,기타,,경기도 화성시 동탄구 산척동 688-6,37.1783845206,127.1132579642,1562.0,,,,,,,경기도 화성시 공원녹지사업소 동부공원관리과,031-5189-6961,20260201
80호,기타,,경기도 화성시 동탄구 산척동 696-6,37.1773008712,127.1143168119,519.0,,,,,,,경기도 화성시 공원녹지사업소 동부공원관리과,031-5189-6961,20260201
73호,기타,,경기도 화성시 동탄구 오산동 1030-17,37.1850335024,127.1016104053,2747.0,,,,,,,경기도 화성시 공원녹지사업소 동부공원관리과,031-5189-6961,20260201
솔모루공원,근린공원,,경기도 포천시 소흘읍 송우리 728-9,37.8277417308,127.1386093296,12109.0,생활체육운동기구(6종)+배드민턴장,조합놀이대+놀이시설(3,,화초원,,20050212,경기도 포천시청 산림공원과,031-538-2358,20241114
운천 제2공원,어린이공원,경기도 포천시 영북면 영북로170번길 12-12,경기도 포천시 영북면 운천리 산17-1,38.0890315537,127.2760093066,2787.0,,,,,,19951229,경기도 포천시청 산림공원과,031-538-2358,20241114
일동 제1공원,어린이공원,,경기도 포천시 일동면 기산리 96-119,37.959056545,127.3140986968,2126.0,생활체육운동기구(3종),조합놀이대+시소(2)+놀이시설(2),,,,19870709,경기도 포천시청 산림공원과,031-538-2358,20241114
선단 제2공원,어린이공원,경기도 포천시 삼육사로 2143(선단동),경기도 포천시 선단동 667,37.8583655592,127.1551538081,1724.0,생활체육운동기구(5종),조합놀이대,,,,20100319,경기도 포천시청 산림공원과,031-538-2358,20241114
소흘 제1공원(솔방울공원),어린이공원,,경기도 포천시 소흘읍 송우리 725-5,37.8338979179,127.1460327214,2920.0,,조합놀이대+시소(1),,,,20050212,경기도 포천시청 산림공원과,031-538-2358,20241114
소흘 제2공원(노을공원),어린이공원,,경기도 포천시 소흘읍 송우리 727-3,37.8328155676,127.1418803678,5860.0,,조합놀이대+놀이시설(4)+시소(1)+그네(2),,,,20050212,경기도 포천시청 산림공원과,031-538-2358,20241114
소흘 제3공원(물방울공원),어린이공원,,경기도 포천시 소흘읍 송우리 725-8,37.8328629548,127.1496982122,1500.0,농구대(1)+철봉(2)+생활체육운동기구(1종),조합놀이대+놀이시설(4)+시소(1),,,,20050212,경기도 포천시청 산림공원과,031-538-2358,20241114
소흘 제4공원(은행나무공원),어린이공원,,경기도 포천시 소흘읍 송우리 729-10,37.8289348378,127.1415768724,2350.0,생활체육운동기구(2종),조합놀이대+놀이시설(3)+시소(1)+그네(2),,,,20050212,경기도 포천시청 산림공원과,031-538-2358,20241114
소흘 제7공원(아우라지공원),어린이공원,,경기도 포천시 소흘읍 송우리 730-2,37.8243155707,127.139136176,1500.0,생활체육운동기구(2종),조합놀이대+놀이시설(2),,,,20050212,경기도 포천시청 산림공원과,031-538-2358,20241114
선단 제1공원,어린이공원,,경기도 포천시 선단동 808-40,37.8591481577,127.1503580945,2973.0,,,,,,20100319,경기도 포천시청 산림공원과,031-538-2358,20241114
소흘체육공원,체육공원,경기도 포천시 소흘읍 태봉로63번길 91,경기도 포천시 소흘읍 이동교리 산1,37.8242633657,127.1255166951,54000.0,축구장(1면)+테니스장(4면)+게이트볼장+암벽장,,화장실+주차장,,,20060718,경기도 포천시청 소흘읍행정복지센터,031-538-4102,20241114
선단제4공원,어린이공원,,경기도 포천시 선단동 433-3,37.8546780417,127.1637371726,1693.0,생활체육시설(3종),놀이공간,,,,20100319,경기도 포천시청 산림공원과,031-538-2358,20241114
태봉근린공원,근린공원,경기도 포천시 소흘읍 태봉로 188,경기도 포천시 소흘읍 송우리 726-4,37.8319800117,127.14638733,159835.0,다목적운동장+농구장(2)+게이트볼장+생활체육시설(3)+배드민턴장,어린이놀이터(2)+숲속놀이터(1),휴게음식점(2)+화장실+주차장,야외공연장+소규모공연장+전통정원,,19740105,경기도 포천시청 산림공원과,031-538-2358,20241114
마산공원,어린이공원,경기도 포천시 가산면 선마로 182-10,경기도 포천시 가산면 마산리 455-1,37.8468371354,127.1824155102,1878.0,,,,,,20001109,경기도 포천시청 산림공원과,031-538-2358,20241114
운천 제1공원,어린이공원,,경기도 포천시 영북면 운천리 470-13,38.0931557714,127.2708903872,7818.0,,,,,,19870812,경기도 포천시청 산림공원과,031-538-2358,20241114
신북 제1공원,어린이공원,,경기도 포천시 신북면 계류리 60,37.9465116803,127.1879995914,1820.0,,,,,,20031020,경기도 포천시청 산림공원과,031-538-2358,20241114
길마 어린이공원(청북지구 택지개발),어린이공원,,경기도 평택시 청북면 옥길리 1108,37.0172165944,126.9151475952,2159.8,고무칩포장+다리근육풀기+어깨근육풀기+온몸허리돌리기,고무칩포장+놀이집+조합놀이대+흔들놀이,,,배수로+수목보호대+우수관+집수정,20051007,경기도 평택시청,031-8024-4248,20260313
숙성3리 마을쉼터,기타,,경기도 평택시 오성면 숙성리 753-6 753-7,36.9945707715,126.9732465551,1200.0,마라톤운동기+온몸근육풀기+온몸역기내리기+온몸허리돌리기+족구대+족구장+하늘걷기,모래포장,,,맹암거+배수로+우수관+자연석쌓기+집수정+측구수로관+흉관,,경기도 평택시청,031-8024-4248,20260313
신2리 마을쉼터,기타,,경기도 평택시 오성면 신리리 124-15,37.0049819695,127.0086919325,1320.0,어깨근육풀기+온몸노젓기+온몸허리돌리기+하늘걷기,,음수전,,맹암거+배수관+상수관+제수변+집수정+흉관,,경기도 평택시청,031-8024-4248,20260313
노와2리 마을쉼터,기타,,경기도 평택시 팽성읍 노와리 244-2,36.9498735339,127.096930072,668.0,등허리지압기+옆파도타기+온몸근육풀기+온몸역기내리기+온몸역기올리기+온몸허리돌리기+윗몸일으키기+하늘걷기,,,,집수정,,경기도 평택시청,031-8024-4248,20260313
쌍동1지구 소공원,소공원,,경기도 광주시 초월읍 쌍동리 398,37.3763531667,127.2934555045,4854.0,,,,,,,광주도시관리공사,031-762-1039,20250820
보물선어린이공원,어린이공원,,경기도 용인시 수지구 상현동 1145-4,37.3002911235,127.0815616892,1522.0,,,,,,20070628,,,20250801
신대지구 소공원,소공원,,경기도 광주시 곤지암읍 신대리 285,37.3640112268,127.333281954,946.0,운동기구,,,,,,광주도시관리공사,031-762-1039,20250820
역들소공원,소공원,,경기도 광주시 역동 176-115,,,675.3,,,,,안내판,,광주도시관리공사,031-762-1039,20250820
역승소공원,소공원,,경기도 광주시 역동 185-20,,,4332.2,,,,,,,광주도시관리공사,031-762-1039,20250820
역뜰어린이공원,어린이공원,,경기도 광주시 역동 273-125,,,5050.9,,조합놀이대,화장실,,,,광주도시관리공사,031-762-1039,20250820
주공6단지공원,어린이공원,경기도 구리시 건원대로34번길 77,경기도 구리시 인창동 668-3,37.6058211221,127.1445967372,1956.0,야외헬스기구,조합놀이대,,,,19931102,경기도 구리시청,031-550-2474,20231124
아름공원,어린이공원,경기도 구리시 동구릉로85번길 76,경기도 구리시 인창동 491,,,1637.0,야외헬스기구,조합놀이대,,,,19951212,경기도 구리시청,031-550-2474,20231124
건영공원,어린이공원,경기도 구리시 동구릉로 151,경기도 구리시 인창동 474-1,37.6128547645,127.1360312748,1500.0,야외헬스기구,조합놀이대,,,,19880916,경기도 구리시청,031-550-2474,20231124
도당공원,역사공원,경기도 구리시 갈매순환로 72,경기도 구리시 갈매동 660,37.626192427,127.1185572277,26625.0,야외헬스기구,,화장실+주차장,,,20100427,경기도 구리시청,031-550-2474,20231124
길음2리 소공원(길음지구),소공원,,경기도 평택시 오성면 길음리 320-3,,,2554.0,등허리지압기+온몸근육풀기+온몸허리돌리기+하늘걷기,고무매트포장+조합놀이대+흔들놀이,음수전+주차장+화장실,,배수로+집수정,20120614,경기도 평택시청,031-8024-4248,20260313
교문동 체육공원,체육공원,경기도 구리시 체육관로 131,경기도 구리시 교문동 3-2번지,37.5964866375,127.1364939077,26998.0,,,,,,20090720,경기도 구리시청,031-550-8775,20231124
인창체육공원,체육공원,경기도 구리시 인창2로27번길 11,경기도 구리시 인창동 622-28,37.6047586909,127.129950655,10228.0,,,,,,20100525,경기도 구리시청,031-550-8775,20231124
13호,기타,,경기도 화성시 동탄구 영천동 805-1,37.2091280138,127.0871909344,6909.8,,,,,,,경기도 화성시 공원녹지사업소 동부공원관리과,031-5189-6961,20260201
13호,기타,,경기도 화성시 동탄구 산척동 729-1,37.1659374137,127.1089875431,3870.0,,,,,,,경기도 화성시 공원녹지사업소 동부공원관리과,031-5189-6961,20260201
14호,기타,,경기도 화성시 동탄구 영천동 790-1,37.2090253324,127.0924363699,402.2,,,,,,,경기도 화성시 공원녹지사업소 동부공원관리과,031-5189-6961,20260201
28호,기타,,경기도 화성시 동탄구 송동 725-13,37.165991371,127.1062388781,409.6,,,,,,,경기도 화성시 공원녹지사업소 동부공원관리과,031-5189-6961,20260201
30호,기타,,경기도 화성시 동탄구 장지동 968-2,37.1654147824,127.1071125817,329.0,,,,,,,경기도 화성시 공원녹지사업소 동부공원관리과,031-5189-6961,20260201
31호,기타,,경기도 화성시 동탄구 영천동 790-1,37.2090253324,127.0924363699,4257.3,,,,,,,경기도 화성시 공원녹지사업소 동부공원관리과,031-5189-6961,20260201
신3리 마을쉼터,기타,,경기도 평택시 오성면 신리리 111-10,37.0033645804,127.0155473324,1000.0,마라톤운동기+온몸근육풀기+온몸허리돌리기,,음수전,,맹암거+배수관+배수로+벤치플륨관 +원형수로관+집수정+흉관,,경기도 평택시청,031-8024-4248,20260313
신4리 마을쉼터,기타,,경기도 평택시 오성면 창내리 118-1,37.0014816813,127.0196523683,1652.0,고무칩포장+등허리지압기+배드민턴장+배드민턴지주대+온몸근육풀기+온몸역기올리기+온몸허리돌리기+윗몸일으키기+지압보도+하늘걷기,,화장실,,배수로+버스정류장 쉼터+수목보호덮개+우수관+집수정+측구수로,,경기도 평택시청,031-8024-4248,20260313
신왕2리 마을쉼터,기타,,경기도 평택시 현덕면 신왕리 148,36.9379917991,126.969341937,1138.0,마라톤운동기+배드민턴장+배드민턴장 네트+어깨근육풀기+온몸허리돌리기+하늘걷기,,음수전,,배수로+집수정,,경기도 평택시청,031-8024-4248,20260313
율북3리 마을쉼터,기타,경기도 평택시 청북읍 장계길 23-15,경기도 평택시 청북면 율북리 248-2,37.0686640862,126.984073201,2681.0,등허리지압기+온몸근육풀기+온몸역기올리기+온몸허리돌리기+윗몸일으키기+족구대+족구장+하늘걷기,,음수전+화장실,,배수로+벤치플륨관+상수관,,경기도 평택시청,031-8024-4248,20260313
율북5리 마을쉼터,기타,,경기도 평택시 청북면 율북리 94,37.0700558758,126.9785714144,2244.0,고무매트포장+등허리지압기+온몸근육풀기+온몸허리돌리기,,음수전,,수목보호덮개+집수정+트랜치,,경기도 평택시청,031-8024-4248,20260313
창내1리 마을쉼터,기타,,경기도 평택시 오성면 창내리 108-14,36.9953330012,127.0232728143,906.0,3단 철봉+거꾸로매달리기+등허리지압기+발바닥지압기+배드민턴장+배드민턴지주대+온몸노젓기+온몸허리돌리기,고무칩포장+조합놀이대,음수전,,수목보호덮개+집수정+트랜치,,경기도 평택시청,031-8024-4248,20260313
창내2리 마을쉼터,기타,,경기도 평택시 오성면 창내리 21-63,,,1200.0,등허리지압기+옆파도타기+온몸근육풀기+온몸허리돌리기+족구대+족구장+하늘걷기,모래포장+조합놀이대+흔들놀이,음수전+화장실,,배수로+집수정,,경기도 평택시청,031-8024-4248,20260313
창내3리 마을쉼터,기타,,경기도 평택시 오성면 창내리 40-6,36.9965249253,127.0121995752,1979.0,,그네+그네보호대+모래포장+시소+흔들놀이,,,우수관+집수정,,경기도 평택시청,031-8024-4248,20260313
창내4리 마을쉼터,기타,,경기도 평택시 오성면 창내리 94,36.9890209425,127.027977285,2353.0,등허리지압기+발바닥지압-손잡이+발바닥지압걷기+온몸근육풀기+온몸허리돌리기+족구장+족구지주+하늘걷기,모래포장+조합놀이대,음수전,,빗물받이+상수관+수목보호판+우수관+집수정+측구수로,,경기도 평택시청,031-8024-4248,20260313
율북 묘지공원,묘지공원,,경기도 평택시 청북면 율북리 산41,37.0720118429,126.969713644,41090.0,,,,,,20091230,경기도 평택시청,031-8024-4248,20260313
문화공원 2호(황해경제구역 현덕지구),문화공원,,경기도 평택시 현덕면 장수리 353-3,36.9338819549,126.9033558186,27298.0,,,,,,20160617,경기도 평택시청,031-8024-4248,20260313
2호 소공원(화양지구),소공원,,경기도 평택시 현덕면 도대리 348전,,,1398.0,,,,,,20131004,경기도 평택시청,031-8024-4248,20260313
고렴산단 소공원(고렴산단),소공원,,경기도 평택시 청북읍 고렴리 1130,37.0555966817,126.9326561525,3720.1,,,음수전,,수목보호틀+우수관(흄관)+집수정,20120611,경기도 평택시청,031-8024-4248,20260313
6호 체육공원,체육공원,,경기도 양평군 양서면 용담리 535-13,37.5415668069,127.3234227415,37900.0,축구장+육상+테니스장+족구장+농구장+배드민턴장+다목적운동장+보조경기장,,,,,20081231,경기도 양평군청,031-770-2358,20250423
7호 근린공원(고덕국제화지구 두릉리),근린공원,,경기도 평택시 고덕면 두릉리 576임,,,26170.0,,,,,,20130104,경기도 평택시청,031-8024-4248,20260313
청운체육공원,체육공원,경기도 양평군 청운면 청운체육공원길 52,경기도 양평군 청운면 여물리 113,37.5527323206,127.7031294466,24650.0,축구장+테니스장,,,,,20081231,경기도 양평군청,031-770-2358,20250423
삼산1 공원3,소공원,,경기도 양평군 양동면 삼산리 산54,37.4231752602,127.7869556446,1027.0,,,,,,20140509,경기도 양평군청,031-770-2358,20250423
삼산1 공원4,소공원,,경기도 양평군 양동면 삼산리 산54,37.4231752602,127.7869556446,1934.0,,,,,,20140509,경기도 양평군청,031-770-2358,20250423
삼산1 공원5,소공원,경기도 양평군 양동면 양동금곡1길 331,경기도 양평군 양동면 삼산리 산55,37.4208837349,127.7882350603,6522.0,,,,,연못,19940127,경기도 양평군청,031-770-2358,20250423
용문4호 어린이공원,어린이공원,,경기도 양평군 용문면 마룡리 667-1,37.4925981449,127.5999033039,3854.0,,어린이놀이터+조합놀이대+그네+2인시소+흔들놀이+유아놀이대,주차장,,,20120717,경기도 양평군청,031-770-2358,20250423
공흥 어린이공원,어린이공원,,경기도 양평군 양평읍 공흥리 884,37.492404925,127.5077845398,2324.0,,조합놀이대+흔들놀이+그네+2인시소,파고라,,,20121122,경기도 양평군청,031-770-2358,20250423
다문 어린이공원,어린이공원,,경기도 양평군 용문면 다문리 1054,37.4877105296,127.5905384253,2933.0,,조합놀이대+그네+흔들놀이,파고라,,,20140221,경기도 양평군청,031-770-2358,20250423
다문 어린이공원6,어린이공원,,경기도 양평군 용문면 다문리 1092-6,37.4784610861,127.5948825144,1717.0,체어플+롤링웨이스트,,파고라,,,20190525,경기도 양평군청,031-770-2358,20250423
갈산공원,근린공원,,경기도 양평군 양평읍 양근리 234-2,37.4861796851,127.4934120516,117049.0,축구장+테니스장+베드민턴장+탁구장+게이트볼장,그네+미끄럼틀,주차장+화장실,야외음악당,,19780517,경기도 양평군청,031-770-2358,20250423
물안개공원,근린공원,,경기도 양평군 양평읍 오빈리 산129-1,37.4990003737,127.4778535319,19322.0,배트민턴장,,전망대+화장실,탐방데크+초화원,인공폭포,20011020,경기도 양평군청,031-770-2358,20250423
다문공원,근린공원,,경기도 양평군 용문면 다문리 산10-1,37.4889858463,127.5968158403,30062.0,배트민턴장+체력단련장,유아놀이터+모래놀이시설,주차장+화장실+야외무대,숲문화교실+야외무대+앉음벽,,19780823,경기도 양평군청,031-770-2358,20250423
53호,기타,,경기도 화성시 동탄구 산척동 699-1,37.1751955557,127.1062077796,445.0,,,,,,,경기도 화성시 공원녹지사업소 동부공원관리과,031-5189-6961,20260201
55호,기타,,경기도 화성시 동탄구 산척동 699-3,37.1727509785,127.1070987291,207.0,,,,,,,경기도 화성시 공원녹지사업소 동부공원관리과,031-5189-6961,20260201
신북 제3공원,어린이공원,,경기도 포천시 신북면 계류리 23-13,37.943265268,127.189064382,2775.0,,,,,,20031020,경기도 포천시청 산림공원과,031-538-2358,20241114
소흘 제5공원,어린이공원,,경기도 포천시 소흘읍 송우리 110-71,37.828982671,127.1488251252,1179.0,,,,,,19870504,경기도 포천시청 산림공원과,031-538-2358,20241114
신읍공원,어린이공원,,경기도 포천시 신읍동 227-3,37.903920115,127.2029585196,3190.0,다목적운동장,조합놀이대+놀이시설(3),,,,20100319,경기도 포천시청 산림공원과,031-538-2358,20241114
초과공원,근린공원,경기도 포천시 관인면 관인로35번길 13-27,경기도 포천시 관인면 초과리 산3,38.1566589278,127.2474383913,36245.0,,,,,,19761203,경기도 포천시청 산림공원과,031-538-2358,20241114
장암공원,근린공원,,경기도 포천시 이동면 장암리 460,38.0314761047,127.3619431626,38000.0,,,,,,19770127,경기도 포천시청 산림공원과,031-538-2358,20241114
영중공원,근린공원,,경기도 포천시 영중면 양문리 산19-2,38.0074252219,127.2503583331,110772.0,,,,,,20000208,경기도 포천시청 산림공원과,031-538-2358,20241114
기산공원,근린공원,,경기도 포천시 일동면 기산리 산138-1,37.9539084558,127.3170261867,12000.0,,,,,,19740708,경기도 포천시청 산림공원과,031-538-2358,20241114
선단공원,근린공원,경기도 포천시 넘마을길 8,경기도 포천시 선단동 산39,37.8562197537,127.1598218174,36728.0,,,,,,20100216,경기도 포천시청 산림공원과,031-538-2358,20241114
근린공원3,근린공원,,경기도 포천시 군내면 용정리 489,37.8753997531,127.2055669188,17530.3,,,,,,20120612,경기도 포천시청 산림공원과,031-538-2358,20241114
근린공원(39),근린공원,,경기도 포천시 신읍동 425,37.8893429958,127.1906889824,10006.0,,,,,,20161102,경기도 포천시청 산림공원과,031-538-2358,20241114
어린이공원,어린이공원,경기도 포천시 군내면 용정경제로 159-22,경기도 포천시 군내면 구읍리617-2,37.8896728017,127.2053525259,1500.0,,,,,,20140319,경기도 포천시청 산림공원과,031-538-2358,20241114
제81호 처인어린이공원,어린이공원,,경기도 용인시 처인구 김량장동 340,37.2341304138,127.2026530572,1556.0,,,,,,19851201,,,20250801
청성역사공원,역사공원,,경기도 포천시 군내면 하성북리 637-5,37.8926263379,127.2101478851,1060350.0,풋살장(2면)+족구장(1면)+농구대(2)+생활체육운동기구(2종),조합놀이대+놀이시설(3),화장실,,,19770127,경기도 포천시청 산림공원과,031-538-2358,20241114
화봉공원,근린공원,경기도 포천시 가산면 가산로 227-40,경기도 포천시 가산면 방축리 산16-1,37.8416452755,127.17568671,115940.0,,,,,,20001109,경기도 포천시청 산림공원과,031-538-2358,20241114
제79호 수여어린이공원,어린이공원,,경기도 용인시 처인구 김량장동 320,37.2359822587,127.1988110867,1653.6,,,,,,19851201,,,20250801
어린이공원,어린이공원,,경기도 포천시 군내면 하성북리 552,37.8997983575,127.2115550946,1976.0,,,,,,20160330,경기도 포천시청 산림공원과,031-538-2358,20241114
어린이공원,어린이공원,경기도 포천시 소흘읍 솔모루로169번길 8-9,경기도 포천시 소흘읍 송우리 37-12,37.8359255217,127.1516871025,1546.0,,,,,,20141231,경기도 포천시청 산림공원과,031-538-2358,20241114
어린이공원,어린이공원,,경기도 포천시 소흘읍 송우리 43,37.8365572797,127.1493230214,4868.0,,,,,,20141231,경기도 포천시청 산림공원과,031-538-2358,20241114
어린이공원,어린이공원,,경기도 포천시 신읍동 430-2,37.8890087999,127.1936697516,1665.0,,,,,,20161102,경기도 포천시청 산림공원과,031-538-2358,20241114
이동어린이공원1,어린이공원,,경기도 포천시 이동면 장암리 517-8,38.0348047257,127.3683229486,1501.0,,,,,,19770127,경기도 포천시청 산림공원과,031-538-2358,20241114
근린공원2,근린공원,,경기도 포천시 군내면 용정리 491,37.8796225341,127.1999660656,13673.6,,,,,,20120612,경기도 포천시청 산림공원과,031-538-2358,20241114
서정 어린이공원,어린이공원,,경기도 평택시 서정동 786,37.0699221441,127.0557241999,1652.2,어깨근육풀기+옆파도타기+온몸노젓기+온몸역기올리기+온몸허리돌리기+윗몸일으키기+족구대+족구장+하늘걷기,그네+모래포장+조합놀이대+흔들놀이,,,배수관+집수정,19800129,경기도 평택시청,031-8024-4248,20260313
제3호 근린공원(브레인시티 일반산업단지),근린공원,,경기도 평택시 장안동 산130,37.0504113116,127.0927980808,15005.0,,,,,,20100315,경기도 평택시청,031-8024-4248,20260313
현촌 근린공원(현촌지구),근린공원,경기도 평택시 현촌5길 10,경기도 평택시 용이동 602-2,36.9981713292,127.1313486316,45228.6,마라톤운동기+배드민턴장+배드민턴지주대+어깨근육풀기+옆파도타기+온몸근육풀기+온몸허리돌리기+하늘걷기,고무칩포장+그네+그네보호대+시소+조합놀이대,화장실,,PVC이중벽관+맹암거+수목보호홀덮개+우수관+집수정+트랜치,20100924,경기도 평택시청,031-8024-4248,20260313
노성2리 마을쉼터,기타,,경기도 평택시 팽성읍 노성리 79-9,36.9352177937,127.0214313609,999.0,거꾸로매달리기+등허리지압기+옆파도타기+온몸노젓기+온몸허리돌리기+하늘걷기,그네+그네보호대+조합놀이대+탄성고무칩포장,음수전,,배수로+수목보호대+자연석쌓기+집수정+트랜치+트랜치측구집수정,,경기도 평택시청,031-8024-4248,20260313
소공원 1호(양교지구),소공원,,경기도 평택시 오성면 양교리 915-47,37.0210506592,126.9498490862,9308.0,,,,,,20110405,경기도 평택시청,031-8024-4248,20260313
소공원 1호(황해경제자유구역 현덕지구),소공원,,경기도 평택시 현덕면 장수리 84-2,36.9390103081,126.8963152325,7009.0,,,,,,20160617,경기도 평택시청,031-8024-4248,20260313
소공원 2호(황해경제자유구역청 현덕지구),소공원,,경기도 평택시 현덕면 권관리 773-4,36.9244146435,126.906707385,6047.0,,,,,,20160617,경기도 평택시청,031-8024-4248,20260313
소공원 7호(후사지구),소공원,,경기도 평택시 청북면 후사리 산84-10,37.0347433259,126.9313290864,1168.0,,,,,,20111104,경기도 평택시청,031-8024-4248,20260313
소공원 9호(후사지구),소공원,경기도 평택시 청북읍 청북중앙로 9-95,경기도 평택시 청북면 후사리 45-4,37.0342185056,126.9285254434,1002.0,,,,,,20111104,경기도 평택시청,031-8024-4248,20260313
탑마루,어린이공원,,경기도 수원시 권선구 탑동 764,37.2736248289,126.9753286984,1591.3,,조합놀이대1,,,,,경기도 수원시 권선구 녹지공원과,031-5191-6195,20260115
지영희 소공원,소공원,경기도 평택시 포승읍 포승산단로40번길 47,경기도 평택시 포승읍 만호리 681,36.969608892,126.8605467967,29869.8,마라톤운동기+온몸근육풀기+하늘걷기,,,,,20120726,경기도 평택시청,031-8024-4248,20260313
노와4리 마을쉼터,기타,,경기도 평택시 팽성읍 노와리 153-190,36.9517327898,127.0819427774,694.0,다리뻗치기+배드민턴지주대(이동식)+옆파도타기+온몸역기올리기+온몸허리돌리기+윗몸일으키기+하늘걷기,,,,PE 빗물받이+PVC이중벽관+벤치플륨관+집수정,,경기도 평택시청,031-8024-4248,20260313
대사1리 마을쉼터,기타,,경기도 평택시 팽성읍 대사리 205-7,36.9444354021,127.062244026,851.0,농구대+마라톤운동기+옆파도타기+온몸근육풀기+온몸허리돌리기,고무칩포장+그네+그네보호대+조합놀이대,,,집수정+트랜치,,경기도 평택시청,031-8024-4248,20260313
동창리 마을쉼터,기타,,경기도 평택시 팽성읍 동창리 121-2,36.9721082414,127.0344199884,1114.0,농구대+배드민턴지주대(이동식)+어깨근육풀기+옆파도타기+온몸허리돌리기+운동장+족구대(이동식)+하늘걷기,,음수전,,배수로+우수관+집수정,,경기도 평택시청,031-8024-4248,20260313
두1리 마을쉼터,기타,,경기도 평택시 팽성읍 두리 123-14,36.9770733516,127.0647233256,897.0,등허리지압기+마라톤운동기+옆파도타기+온몸근육풀기+온몸노젓기+온몸역기내리기+온몸허리돌리기,,,,8각 수목보호판+스피커지지대+옹벽+원형수로관+집수정+측구수로관,,경기도 평택시청,031-8024-4248,20260313
두2리 마을쉼터,기타,,경기도 평택시 팽성읍 두리 36-18,36.9701889077,127.0635521241,570.0,등허리지압기+어깨근육풀기+온몸허리돌리기,고무칩포장+조합놀이대,,,수목보호판+집수정+흉관,,경기도 평택시청,031-8024-4248,20260313
1호 근린공원(포승지구 BIX),근린공원,,경기도 평택시 포승읍 만호리 471-4,,,0.0,,,,,,20130903,경기도 평택시청,031-8024-4248,20260313
두정2리 마을쉼터,기타,,경기도 평택시 팽성읍 두정리 138-6,36.9450561607,127.0262620861,760.0,온몸노젓기+온몸역기내리기+온몸허리돌리기+하늘걷기,조합놀이대+탄성고무칩포장,,,수목보호대+집수정+흉관,,경기도 평택시청,031-8024-4248,20260313
두정3리 마을쉼터,기타,,경기도 평택시 팽성읍 두정리 163-127,36.9445004213,127.032109875,668.0,등허리지압기+온몸근육풀기+온몸역기내리기+하늘걷기,조합놀이대+탄성고무칩포장,,,배수로+소화전+수목보호대+자연석쌓기+집수정,,경기도 평택시청,031-8024-4248,20260313
삼봉근린공원(제1호),근린공원,,경기도 화성시 효행구 봉담읍 상리 713,37.2262012633,126.9437291698,32235.0,,,,,,,,031-5189-6655,20260201
본정1리 마을쉼터,기타,,경기도 평택시 팽성읍 본정리 47-16,36.9462283832,127.0069870219,999.0,등허리지압기+온몸근육풀기+온몸역기내리기+온몸허리돌리기+윗몸일으키기+하늘걷기,고무칩포장+조합놀이대,,,공적비+수목보호판+집수정,,경기도 평택시청,031-8024-4248,20260313
석근1리 마을쉼터,기타,,경기도 평택시 팽성읍 석근리 8-9,36.9399170811,127.0543430327,423.0,마라톤운동기+옆파도타기+온몸역기내리기+온몸역기올리기+온몸허리돌리기+윗몸일으키기,,,,우수관+조형석+집수정+효자정문,,경기도 평택시청,031-8024-4248,20260313
여울어린이공원,어린이공원,,경기도 군포시 당정동 1012-2,37.3428164943,126.9501155984,2817.1,,,,,,19990304,경기도 군포시청,031-390-0478,20250912
석봉리 마을쉼터,기타,,경기도 평택시 팽성읍 석봉리 123-5,,,1109.0,농구대(이동식)+마라톤운동기+배드민턴지주대(이동식)+온몸근육풀기+온몸역기내리기+온몸허리돌리기+운동장+하늘걷기,고무칩포장+조합놀이대,음수전,,디자인집수정+우수관+이음관+집수정,,경기도 평택시청,031-8024-4248,20260313
신대1리 마을쉼터,기타,,경기도 평택시 팽성읍 신대리 225-2,36.947276777,127.0004660139,999.0,마라톤운동기+배드민턴대+온몸근육풀기+온몸역기내리기+온몸허리돌리기+하늘걷기,고무칩포장+시소+조합놀이대,,,우수관+이음관+집수정,,경기도 평택시청,031-8024-4248,20260313
신대2리 마을쉼터,기타,,경기도 평택시 팽성읍 신대리 211-53,36.9464401492,126.9991795586,1668.0,마라톤운동기+배드민턴지주대(이동식)+온몸역기내리기+온몸허리돌리기+운동장+하늘걷기,고무칩포장+조합놀이대,,,옹벽+우수관+우수관 이음관+자연석쌓기+집수정+트랜치,,경기도 평택시청,031-8024-4248,20260313
59호,기타,,경기도 화성시 동탄구 오산동 967-1526,,,1117.0,,,,,,,경기도 화성시 공원녹지사업소 동부공원관리과,031-5189-6961,20260201
60호,기타,,경기도 화성시 동탄구 오산동 989-2,37.1927511292,127.0890659338,2107.0,,,,,,,경기도 화성시 공원녹지사업소 동부공원관리과,031-5189-6961,20260201
61호,기타,,경기도 화성시 동탄구 오산동 967-1541,37.1932162086,127.0910913176,675.0,,,,,,,경기도 화성시 공원녹지사업소 동부공원관리과,031-5189-6961,20260201
64호,기타,,경기도 화성시 동탄구 오산동 992-2,37.1896890115,127.0854917584,599.0,,,,,,,경기도 화성시 공원녹지사업소 동부공원관리과,031-5189-6961,20260201
65호,기타,,경기도 화성시 동탄구 오산동 999-2,37.190442225,127.0870918497,2963.0,,,,,,,경기도 화성시 공원녹지사업소 동부공원관리과,031-5189-6961,20260201
옥정제5근린공원(독바위),근린공원,,경기도 양주시 옥정동 889,37.8242017296,127.072964394,316230.0,인라인스케이트장+농구장등,조합놀이대+시소+그네+징검다리놀이+흔들놀이,화장실+음수대+정자+벤치+파고라,,,,경기도 양주시청 공원사업과,031-8082-7317,20250912
46호,기타,,경기도 화성시 동탄구 청계동 525-1,37.1972033485,127.107958961,10978.1,,,,,,,경기도 화성시 공원녹지사업소 동부공원관리과,031-5189-6961,20260201
46호,기타,,경기도 화성시 동탄구 청계동 546-1,37.2016485988,127.1155844283,7007.6,,,,,,,경기도 화성시 공원녹지사업소 동부공원관리과,031-5189-6961,20260201
47호,기타,,경기도 화성시 동탄구 청계동 512-1,37.2029473089,127.0992045071,4539.5,,,,,,,경기도 화성시 공원녹지사업소 동부공원관리과,031-5189-6961,20260201
47호,기타,,경기도 화성시 동탄구 청계동 520-1,37.1946521028,127.0992231832,5350.8,,,,,,,경기도 화성시 공원녹지사업소 동부공원관리과,031-5189-6961,20260201
48호,기타,,경기도 화성시 동탄구 청계동 520-1,37.1946521028,127.0992231832,553.0,,,,,,,경기도 화성시 공원녹지사업소 동부공원관리과,031-5189-6961,20260201
9호,기타,,경기도 화성시 동탄구 영천동 673-8,37.207721728,127.1087240739,367.1,,,,,,,경기도 화성시 공원녹지사업소 동부공원관리과,031-5189-6961,20260201
양평 소공원21,소공원,,경기도 양평군 양평읍 창대리 839,37.4826325436,127.4996287545,2813.4,체력단련장+체력단련장2+체력단련장3,,,,,20201228,경기도 양평군청,031-770-2358,20250423
삼산1 공원1,소공원,,경기도 양평군 양동면 삼산리 산54,37.4231752602,127.7869556446,5576.0,,,,,,19940127,경기도 양평군청,031-770-2358,20250423
도란도란어린이공원(제1호),어린이공원,,경기도 화성시 효행구 봉답읍 상리 654-3,37.2362166105,126.9427503338,1906.0,,,,,,,,031-5189-6655,20260201
13호(H),기타,,경기도 화성시 동탄구 청계동 552-1,37.1970121438,127.119988231,4031.4,,,,,,,경기도 화성시 공원녹지사업소 동부공원관리과,031-5189-6961,20260201
13호(J),기타,,경기도 화성시 동탄구 청계동 538-1,37.1955594473,127.1168655453,3714.3,,,,,,,경기도 화성시 공원녹지사업소 동부공원관리과,031-5189-6961,20260201
13호(K),기타,,경기도 화성시 동탄구 청계동 538-1,37.1955594473,127.1168655453,1241.2,,,,,,,경기도 화성시 공원녹지사업소 동부공원관리과,031-5189-6961,20260201
10호,기타,,경기도 화성시 동탄구 영천동 717,37.2089800831,127.1192336441,1532.3,,,,,,,경기도 화성시 공원녹지사업소 동부공원관리과,031-5189-6961,20260201
크로바어린이공원 (울트라2호),어린이공원,,경기도 화성시 효행구 기산동 468-1,,,2693.0,,놀이터,,,,,경기도 화성시 공원녹지사업소 동부공원관리과,031-5189-6961,20260201
반월4지구 어린이공원(반다리공원),어린이공원,,경기도 화성시 효행구 반월동 960-4,37.223948189,127.0601746947,1758.0,,놀이터,,,,,경기도 화성시 공원녹지사업소 동부공원관리과,031-5189-6961,20260201
81호,기타,,경기도 화성시 동탄구 송동 689-1,37.1727210678,127.1015815427,13370.0,,,,,,,경기도 화성시 공원녹지사업소 동부공원관리과,031-5189-6961,20260201
81호,기타,,경기도 화성시 동탄구 산척동 산125,,,5963.0,,,,,,,경기도 화성시 공원녹지사업소 동부공원관리과,031-5189-6961,20260201
85호,기타,,경기도 화성시 동탄구 송동 697-9,37.1696184067,127.0952629313,95.0,,,,,,,경기도 화성시 공원녹지사업소 동부공원관리과,031-5189-6961,20260201
87호,기타,,경기도 화성시 동탄구 송동 697-9,37.1696184067,127.0952629313,96.0,,,,,,,경기도 화성시 공원녹지사업소 동부공원관리과,031-5189-6961,20260201
88호,기타,,경기도 화성시 동탄구 송동 697-9,37.1696184067,127.0952629313,467.0,,,,,,,경기도 화성시 공원녹지사업소 동부공원관리과,031-5189-6961,20260201
91호,기타,,경기도 화성시 동탄구 장지동 1031-13,37.1559248907,127.1138471036,992.0,,,,,,,경기도 화성시 공원녹지사업소 동부공원관리과,031-5189-6961,20260201
92호,기타,,경기도 화성시 동탄구 장지동 1025-4,37.1553430856,127.1133164586,8064.0,,,,,,,경기도 화성시 공원녹지사업소 동부공원관리과,031-5189-6961,20260201
93호,기타,,경기도 화성시 동탄구 장지동 971-8,37.1616316235,127.1110843449,2829.0,,,,,,,경기도 화성시 공원녹지사업소 동부공원관리과,031-5189-6961,20260201
94호,기타,,경기도 화성시 동탄구 장지동 1022-8,37.1560484203,127.1090176983,12318.0,,,,,,,경기도 화성시 공원녹지사업소 동부공원관리과,031-5189-6961,20260201
95호,기타,,경기도 화성시 동탄구 장지동 1012-1,37.1594935581,127.1197431783,383.0,,,,,,,경기도 화성시 공원녹지사업소 동부공원관리과,031-5189-6961,20260201
97호,기타,,경기도 화성시 동탄구 오산동 1062-2,37.1927069471,127.0878614671,181.0,,,,,,,경기도 화성시 공원녹지사업소 동부공원관리과,031-5189-6961,20260201
98호,기타,,경기도 화성시 동탄구 송동 682-3,37.173777474,127.0957409137,3349.0,,,,,,,경기도 화성시 공원녹지사업소 동부공원관리과,031-5189-6961,20260201
병점 근린공원,근린공원,경기도 화성시 병점구 병점3로 132-6,경기도 화성시 효행구 병점동 823,37.2123417286,127.0461312318,49171.0,,놀이터,,,,,경기도 화성시 공원녹지사업소 동부공원관리과,031-5189-6961,20260201
반월 중앙공원,근린공원,,경기도 화성시 효행구 반월동 880-5,37.2360727987,127.0661356194,10289.0,,,,,,,경기도 화성시 공원녹지사업소 동부공원관리과,031-5189-6961,20260201
행복 근린공원,근린공원,경기도 화성시 동탄구 동탄지성로 312,경기도 화성시 효행구 반월동 875,37.2217828439,127.0517668778,14215.0,축구장,놀이터,화장실,,,,경기도 화성시 공원녹지사업소 동부공원관리과,031-5189-6961,20260201
새봄공원(1호근린공원),근린공원,,경기도 화성시 효행구 병점동 756-33,,,19263.0,,놀이터,화장실,,,,경기도 화성시 공원녹지사업소 동부공원관리과,031-5189-6961,20260201
종이비행기 어린이공원,어린이공원,,경기도 화성시 효행구 진안동 855-3,37.2169080145,127.0376795113,1535.0,배드민턴장,놀이터,,,,,경기도 화성시 공원녹지사업소 동부공원관리과,031-5189-6961,20260201
색종이 어린이공원,어린이공원,,경기도 화성시 효행구 진안동 861-1,37.214538891,127.0365666047,1484.0,,놀이터,,,,,경기도 화성시 공원녹지사업소 동부공원관리과,031-5189-6961,20260201
삼산1 공원2,소공원,경기도 양평군 양동면 양동금곡1길 331,경기도 양평군 양동면 삼산리 산55,37.4208837349,127.7882350603,7662.0,,,,,상징탑+전망대+잔디광장,19940127,경기도 양평군청,031-770-2358,20250423
양근문화공원(16호),문화공원,,경기도 양평군 양평읍 양근리 802,37.4981631898,127.4935883113,4400.0,,,주차장,청소년문화의집+야외무대,,20140526,경기도 양평군청,031-770-2358,20250423
양근문화공원(18호),문화공원,,경기도 양평군 양평읍 양근리 803,37.4986292767,127.4941041301,4437.0,농구골대,어린이놀이시설,파고라,,,20150921,경기도 양평군청,031-770-2358,20250423
문화공원7,문화공원,,경기도 양평군 용문면 다문리 1102-1,37.4773387309,127.5919099251,3018.0,체어플+롤링웨이스트,,파고라,,,20190925,경기도 양평군청,031-770-2358,20250423
광탄1호 소공원,소공원,,경기도 양평군 용문면 광탄리 666,37.5097263725,127.6261176003,1378.0,,,,,,19940225,경기도 양평군청,031-770-2358,20250423
광탄3호 소공원,소공원,,경기도 양평군 용문면 광탄리 762,37.50847631,127.627441953,847.0,체력단련시설,조합놀이대+그네+흔들놀이,파고라,,,19940225,경기도 양평군청,031-770-2358,20250423
숨바꼭질 어린이공원,어린이공원,,경기도 화성시 효행구 진안동 866-6,37.2148314054,127.0395499624,1595.0,,놀이터,,,,,경기도 화성시 공원녹지사업소 동부공원관리과,031-5189-6961,20260201
물빛 어린이공원,어린이공원,,경기도 화성시 효행구 진안동 887-1,37.2117193069,127.0417603939,2155.0,족구장+농구장,물놀이장+놀이터,화장실,,,,경기도 화성시 공원녹지사업소 동부공원관리과,031-5189-6961,20260201
70호,기타,,경기도 화성시 동탄구 오산동 1005-1,37.1882907179,127.090953259,932.0,,,,,,,경기도 화성시 공원녹지사업소 동부공원관리과,031-5189-6961,20260201
71호,기타,,경기도 화성시 동탄구 오산동 1030-20,37.1856913993,127.1024564218,6934.0,,,,,,,경기도 화성시 공원녹지사업소 동부공원관리과,031-5189-6961,20260201
72호,기타,,경기도 화성시 동탄구 오산동1031-16,37.1855066911,127.1017776596,96.0,,,,,,,경기도 화성시 공원녹지사업소 동부공원관리과,031-5189-6961,20260201
신북 제2공원,어린이공원,,경기도 포천시 신북면 계류리 21-2,37.9455248025,127.188946183,3445.0,,,,,,20031020,경기도 포천시청 산림공원과,031-538-2358,20241114
유천동 마을쉼터,기타,,경기도 평택시 유천동 788,36.9729311315,127.1038815852,1680.0,농구대+농구장+다리뻗치기+등허리지압기+미니철봉+발바닥지압걷기+옆파도타기+온몸노젓기+온몸역기내리기+온몸역기올리기+온몸허리돌리기+윗몸일으키기+하늘걷기,고무칩포장+조합놀이대+흔들놀이,,,,,경기도 평택시청,031-8024-4248,20260313
자란쌈지 마을쉼터,기타,,경기도 평택시 비전동 600-25,36.9974625622,127.0944648603,447.9,어깨근육풀기+옆파도타기+온몸허리돌리기,,,,빗물받이+우수관,,경기도 평택시청,031-8024-4248,20260313
지제 근린공원(지제 세교지구),근린공원,,경기도 평택시 지제동 624-2답,37.0173527847,127.0776079481,45954.0,,,,,,20130903,경기도 평택시청,031-8024-4248,20260313
추팔 근린공원(송화택지),근린공원,,경기도 평택시 팽성읍 추팔리 398-2,36.9516927492,127.0749476485,11053.0,네트걸이대+운동장+평행봉+풋살골대,,음수전+화장실,,수도시설+집수정+측구배수,20001024,경기도 평택시청,031-8024-4248,20260313
통복(원평) 근린공원,근린공원,경기도 평택시 원평로83번길 38-22,경기도 평택시 통복동 170,36.9901397324,127.0798636783,11781.0,농구대+농구장+다리뻗치기+마라톤운동기+배드민턴장+양팔줄당기기+어깨근육풀기+옆파도타기+온몸역기내리기+온몸역기올리기+온몸허리돌리기+지압보도+철봉+평행봉+하늘걷기,고무칩포장+그네+그네보호대+조합놀이대,음수전+주차장,,우수맨홀+지압보도장 기념비+집수정+트랜치,19890819,경기도 평택시청,031-8024-4248,20260313
뜨락 2호 공원,소공원,,경기도 하남시 덕풍동 924,37.5571306144,127.2010418717,1623.0,,,,,,,경기도 하남시청,031-5182-1579,20251218
평택공단 근린공원,근린공원,경기도 평택시 세교산단로 21-19,경기도 평택시 세교동 540,37.0105107978,127.0794705678,12300.0,네트걸이대+미니축구장골대+어깨근육풀기+온몸허리돌리기+족구장+축구대+축구장+하늘걷기,,화장실,,PE 빗물받이+맹암거+머릿돌+사각수로관+우수관+우수맨홀+집수정+측구수로,19930215,경기도 평택시청,031-8024-4248,20260313
풀내음 근린공원(소사2지구),근린공원,,경기도 평택시 소사동 699-1,36.9873598641,127.1264784276,15667.5,,,,,,20110714,경기도 평택시청,031-8024-4248,20260313
하날 근린공원(소사벌택지 2호),근린공원,,경기도 평택시 비전동 1035공,,,36864.0,레그프레스+옆파도타기+온몸역기올리기+온몸허리돌리기+하늘걷기,,자전거보관대+화장실,,배수관(PVC이중벽관)설치(조경용)+우수관로+장대석놓기+집수정+집수정 일반용+측구수로관+측구수로관 설치(트랜치),20071107,경기도 평택시청,031-8024-4248,20260313
1호 소공원(포승지구 BIX),소공원,,경기도 평택시 포승읍 희곡리 507-1,,,0.0,,,,,,20130903,경기도 평택시청,031-8024-4248,20260313
은행 어린이공원,어린이공원,,경기도 화성시 효행구 진안동 916-1,37.2172390349,127.0399023239,1655.0,,놀이터,,,,,경기도 화성시 공원녹지사업소 동부공원관리과,031-5189-6961,20260201
통복 소공원1호(통복지구),소공원,,경기도 평택시 통복동 775,36.9971183788,127.0824777024,1579.3,,,,,,20160519,경기도 평택시청,031-8024-4248,20260313
1호 수변공원(포승지구 BIX),수변공원,,경기도 평택시 포승읍 희곡리 501,,,0.0,,,,,,20130903,경기도 평택시청,031-8024-4248,20260313
마을마당 문화공원(소사2지구),문화공원,,경기도 평택시 소사동 695,36.9904681911,127.1315946085,7127.2,,,,,,20110714,경기도 평택시청,031-8024-4248,20260313
푸른지대,어린이공원,,경기도 수원시 권선구 탑동 829,37.2702564605,126.9732823984,1601.0,,조합놀이대1,,,,,경기도 수원시 권선구 녹지공원과,031-5191-6195,20260115
신흥 문화공원(신흥지구),문화공원,경기도 평택시 신흥1로1길 21,경기도 평택시 용이동 752,37.0011538495,127.1457427392,8010.0,,,화장실,,PE집수정+수목보호홀덮개+연결관+집수정+횡단배수로,20100927,경기도 평택시청,031-8024-4248,20260313
현촌한마음 문화공원(현촌지구),문화공원,경기도 평택시 현촌4길 2-18,경기도 평택시 용이동 596-7공,36.9991714852,127.1341197846,6694.9,마라톤운동기+어깨근육풀기+옆파도타기+온몸허리돌리기+하늘걷기,,자전거거치대+화장실,,집수정+트랜치+흉관,20100924,경기도 평택시청,031-8024-4248,20260313
고잔 소공원,소공원,,경기도 평택시 신대동 368-18,36.9967390704,127.0681976876,996.0,등허리지압기+옆파도타기+온몸근육풀기+온몸허리돌리기+윗몸일으키기+하늘걷기,고무칩포장+그네+그네보호대+모래포장+조합놀이대+흔들놀이,,,배수관(다발관)+빗물받이+의류수거함+집수정+측구수로관+흉관,20090922,경기도 평택시청,031-8024-4248,20260313
남산2호 소공원(팽성7호),소공원,,경기도 평택시 팽성읍 남산리 564,36.9538663052,127.0644547486,997.0,,고무칩포장+조합놀이대+흔들놀이,,,우수관+집수정,20061218,경기도 평택시청,031-8024-4248,20260313
노와이주1호 소공원(노와지구13호),소공원,,경기도 평택시 팽성읍 노와리 460-3,36.9468376801,127.0926506186,697.2,,,,,,20081023,경기도 평택시청,031-8024-4248,20260313
무럭무럭어린이공원(제2호),어린이공원,,경기도 화성시 효행구 봉담읍 수영리 690-1,37.2255240594,126.9508896939,1829.0,,,,,,,,031-5189-6655,20260201
11호근린공원,근린공원,경기도 안성시 공도읍 공도5로 26,경기도 안성시 공도읍 만정리 788-2,37.0033586276,127.1726958695,13581.0,,,,,,20180315,경기도 안성시청,031-678-6893,20250226
신흥소공원,소공원,,경기도 안성시 신흥동 211-2,37.0027118177,127.2705371137,307.0,,,,,,20181123,경기도 안성시청,031-678-6893,20250226
35호공원,어린이공원,,경기도 안성시 원곡면 외가천리 364,37.0373198068,127.130225104,1798.0,,,,,,20181231,경기도 안성시청,031-678-6893,20250226
하이랜드산단공원,소공원,,경기도 안성시 원곡면 지문리 811,37.0603750578,127.1379571412,6526.0,,,,,,20190715,경기도 안성시청,031-678-6893,20250226
마정일반산업단지 어린이공원,어린이공원,,경기도 안성시 공도읍 마정리 601,37.0144870082,127.1951290918,1835.0,,,,,,20191127,경기도 안성시청,031-678-6893,20250226
용두2어린이공원(38호공원),어린이공원,경기도 안성시 공도읍 기업단지로 57-32,경기도 안성시 공도읍 용두리 760,37.002122784,127.1564379924,7874.0,,,,,,20200929,경기도 안성시청,031-678-6893,20250226
43금산동소공원,소공원,,경기도 안성시 금산동 50-3,37.0125103914,127.2702673899,577.0,,,,,,20210714,경기도 안성시청,031-678-6893,20250226
신소현어린이공원1,어린이공원,경기도 안성시 공단2로 32,경기도 안성시 신소현동 159,37.0166515699,127.2533632855,3881.0,,,,,,20210802,경기도 안성시청,031-678-6893,20250226
신기지구 소공원(40호공원),소공원,,경기도 안성시 공도읍 만정리 883,37.0101081892,127.1752759971,3433.0,,,,,,20221212,경기도 안성시청,031-678-6893,20250226
신기지구 어린이공원(48호공원),어린이공원,,경기도 안성시 공도읍 만정리 882,37.0096235127,127.1768687959,1850.0,,,,,,20221212,경기도 안성시청,031-678-6893,20250226
증포센트럴숲공원,소공원,,경기도 이천시 증포동 488,37.2881359887,127.4584262212,7043.4,운동기구,,,,,20101203,경기도 이천시청,031-645-3831,20250221
롯데캐슬1차소공원,소공원,,경기도 이천시 안흥동 274-1,37.2750090726,127.4541392637,644.0,,,,,,20140911,경기도 이천시청,031-645-3831,20250221
한양수자인문화공원,문화공원,경기도 이천시 아리역로38번길 49,경기도 이천시 증포동 493,37.2903056554,127.4472340533,7162.1,운동기구,,주차장+화장실,,,20130419,경기도 이천시청,031-645-3831,20250221
복하천제2수변공원,수변공원,경기도 이천시 경충대로2422번길 17,경기도 이천시 진리동 140,37.2681183611,127.4605358499,12785.0,,,주차장+화장실,,,20131111,경기도 이천시청,031-645-3831,20250221
복하천제4수변공원,수변공원,경기도 이천시 효양로 46,경기도 이천시 안흥동 40,37.2747723683,127.4658902318,58081.0,,,주차장+화장실,,,20200123,경기도 이천시청,031-645-3831,20250221
신원지구공원,어린이공원,,경기도 이천시 부발읍 신원리 569-4,37.2965407431,127.5069894003,21552.0,,조합놀이대,화장실,,,20010411,경기도 이천시청,031-645-3831,20250221
둥실봉 어린이공원,어린이공원,,경기도 평택시 지산동 1260,37.0826988969,127.0686198139,4205.0,온몸역기내리기+온몸허리돌리기+하늘걷기,고무칩포장+놀이집+조합놀이대,,,자연석쌓기+트랜치,20071022,경기도 평택시청,031-8024-4248,20260313
방아다리 어린이공원(장당 2호),어린이공원,,경기도 평택시 장당동 632-1,37.0513821826,127.0618687417,2500.1,온몸허리돌리기+철봉+평행봉,모래포장+조합놀이대+회전놀이대+흔들놀이,자전거보관대,점토블럭 관람대,집수정+트랜치,20021025,경기도 평택시청,031-8024-4248,20260313
서재초 어린이공원(동삭2지구),어린이공원,,경기도 평택시 동삭동 857-1,37.0176768565,127.1042255529,3408.9,,,,,,20130508,경기도 평택시청,031-8024-4248,20260313
성무정공원,근린공원,,경기도 부천시 소사구 심곡본동 산2-29,37.4783793504,126.7858102089,137719.2,족구장 등3,조합놀이대 등 3개,화장실,,,19680129,경기도 부천시청,032-625-4843,20250731
송천 어린이공원,어린이공원,,경기도 평택시 지산동 1026,37.0810299827,127.0598870515,2110.6,배드민턴지주대+벤치프레스+어깨근육풀기+옆파도타기+온몸허리돌리기+윗몸일으키기+평행봉+하늘걷기,그네+그네보호대+모래포장+시소+조합놀이대+회전놀이대,음수대,,집수정,19921107,경기도 평택시청,031-8024-4248,20260313
수촌1 어린이공원(수촌지구),어린이공원,경기도 평택시 새말로104번길 48 (칠원동),경기도 평택시 칠원동 산39-4,37.0224306951,127.1085732755,2071.0,,,,,,20091216,경기도 평택시청,031-8024-4248,20260313
수촌2 어린이공원(수촌지구),어린이공원,,경기도 평택시 칠원동 250-8,37.0210173825,127.1101944221,1984.0,,,,,,20091216,경기도 평택시청,031-8024-4248,20260313
신서 어린이공원,어린이공원,,경기도 평택시 서정동 906,37.0612903293,127.0574676097,1654.1,어깨근육풀기+역기올리기+온몸허리돌리기+하늘걷기+허리펴기,그네+시소+조합놀이대,음수전,,,19800129,경기도 평택시청,031-8024-4248,20260313
신촌 새마답 어린이공원(신촌지구 동부 103호),어린이공원,,경기도 평택시 칠원동 543,37.0274083987,127.1038607637,3627.0,,,,,,20091216,경기도 평택시청,031-8024-4248,20260313
군자주공7`소공원1,소공원,,경기도 안산시 단원구 선부동 1189-2번지,37.3342362595,126.8063307204,1265.0,,,,,,20170519,경기도 안산시 단원구청,031-481-6410,20260406
군자주공7소공원2,소공원,,경기도 안산시 단원구 선부동 1189-4번지,37.333514505,126.8064424414,646.8,,,,,,20170519,경기도 안산시 단원구청,031-481-6410,20260406
원시가로공원,소공원,,경기도 안산시 단원구 원시동 715-6번지,37.3166991134,126.7828461442,4000.7,,,,,,20210701,경기도 안산시 단원구청,031-481-6410,20260406
산성공원,소공원,,경기도 안산시 단원구 원시동 448-5번지,37.3110566018,126.7971605207,6747.1,,,,,,20210701,경기도 안산시 단원구청,031-481-6410,20260406
선부소공원3,소공원,"경기도 안산시 단원구 선이로 17, (선부동)",경기도 안산시 단원구 선부동 1005번지,37.3408834364,126.8024268152,1985.5,,,,,,20110330,경기도 안산시 단원구청,031-481-6415,20260406
소담소공원,소공원,,경기도 안산시 단원구 고잔동 631-1번지,37.3297308731,126.8356236379,866.8,,,,,,20181017,경기도 안산시 단원구청,031-481-6415,20260406
선부소공원1,소공원,"경기도 안산시 단원구 지곡로 52, (선부동)",경기도 안산시 단원구 선부동 999번지,37.3400216627,126.8016590976,2304.2,,,,,,,경기도 안산시 단원구청,031-481-6415,20260406
고잔공원,근린공원,,경기도 안산시 단원구 고잔동 713-2번지,37.309132908,126.8232676437,22130.8,,,,,,19980703,경기도 안산시청,031-481-2471,20260406
공원,근린공원,,경기도 안산시 단원구 대부북동 1960번지,37.2719829485,126.5676328282,3093.1,,,,,,19990619,경기도 안산시청,031-481-6990,20260406
46호(C),기타,,경기도 화성시 동탄구 청계동 557-0,37.1982298206,127.1209740949,325.0,,,,,,,경기도 화성시 공원녹지사업소 동부공원관리과,031-5189-6961,20260201
47호,기타,,경기도 화성시 동탄구 영천동 652-6,37.2082966954,127.0984641102,2526.0,,,,,,,경기도 화성시 공원녹지사업소 동부공원관리과,031-5189-6961,20260201
47호(A),기타,,경기도 화성시 동탄구 청계동 564-2,37.1932088171,127.0991402217,1983.0,,,,,,,경기도 화성시 공원녹지사업소 동부공원관리과,031-5189-6961,20260201
숙성1리 마을쉼터,기타,,경기도 평택시 오성면 숙성리 164,37.0091643112,126.9818970983,582.0,어깨근육풀기+온몸역기내리기+온몸허리돌리기,,음수전,,빗물받이+상수관+수목보호대+우수관+집수정,,경기도 평택시청,031-8024-4248,20260313
관산공원,근린공원,,경기도 안산시 단원구 원곡동 산31번지,,,99009.9,,,,,,19850917,경기도 안산시청,031-481-2471,20260406
구봉공원,근린공원,,경기도 안산시 단원구 대부북동 1997번지,37.2831284498,126.5449858139,401010.4,,,,,,20010428,경기도 안산시청,031-481-6990,20260406
단비공원,근린공원,,경기도 안산시 단원구 성곡동 818-3번지,37.3095482266,126.7247109262,12702.6,,,,,,20100726,경기도 안산시청,031-481-2471,20260406
달미공원,근린공원,"경기도 안산시 단원구 달미로 144, (선부동)",경기도 안산시 단원구 선부동 1163번지,37.3486687943,126.8173096849,35218.0,,,,,,20251126,경기도 안산시청,031-481-2471,20260406
조소앙선생기념공원,역사공원,경기도 양주시 남면 양연로173번길 87,경기도 양주시 남면 황방리 214-7,37.9216830314,126.9946803567,10864.0,,,파고라+벤치,,,20111214,경기도 양주시청 공원사업과,031-8082-7311,20250912
고읍 문화공원,문화공원,경기도 양주시 고읍남로206번길 6-25,경기도 양주시 광사동 697,37.7904915692,127.0852883455,4234.0,,조합놀이대+흔들놀이,파고라+앉음벽+화장실,,,20041229,경기도 양주시청 공원사업과,031-8082-7311,20250912
옥정 제7호 광장,기타,,경기도 양주시 옥정동 950-7,37.8269034966,127.0905979217,489.0,,,파고라+벤치,,,,경기도 양주시청 공원사업과,031-8082-7317,20250912
옥정 제8호 광장,기타,,경기도 양주시 옥정동 1030-3,37.8274796701,127.0973436508,450.0,,,파고라+벤치,,,,경기도 양주시청 공원사업과,031-8082-7317,20250912
제3호 공공공지,기타,,경기도 양주시 옥정동 977-11,37.8391111424,127.0915025652,349.0,,,,,,20071231,경기도 양주시청 공원사업과,031-8082-7317,20250912
옥정제8근린공원(규율),근린공원,,경기도 양주시 옥정동 1042-1,37.8273264704,127.1001598463,19601.0,,,정자+벤치+파고라,,,,경기도 양주시청 공원사업과,031-8082-7317,20250912
64호근린공원,근린공원,,경기도 안산시 단원구 고잔동 722번지,37.3154847343,126.8337160936,34590.5,,,,,,20081210,경기도 안산시청,031-481-2471,20260406
옥정제10근린공원(옥정저류지),근린공원,,경기도 양주시 옥정동 941-1,37.8126460789,127.0830670786,43987.0,역기내리기+공중걷기+파도타기+등허리지압기+어깨유연성운동+허리돌리기,,정자+벤치+파고라,,,20071231,경기도 양주시청 공원사업과,031-8082-7318,20250912
옥정제12근린공원(꿈나래),근린공원,,경기도 양주시 옥정동 1082-1,37.8143373601,127.09495285,64935.0,역기내리기+공중걷기+파도타기+등허리지압기+어깨유연성운동+허리돌리기,조합놀이대.사면슬라이드+시소+그네,정자+벤치+파고라+수변데크+자전거보관대,,,,경기도 양주시청 공원사업과,031-8082-7318,20250912
옥정제1근린공원(옥정생태숲),근린공원,경기도 양주시 새터로 92,경기도 양주시 옥정동 883,37.8269798591,127.0836183786,450169.0,허리펴기+허리돌리기+좌우뛰기+평형잡기등,,정자+벤치+파고라+자전거보관대,,,,경기도 양주시청 공원사업과,031-8082-7318,20250912
11호,기타,,경기도 화성시 동탄구 영천동 717,37.2089800831,127.1192336441,1295.5,,,,,,,경기도 화성시 공원녹지사업소 동부공원관리과,031-5189-6961,20260201
13호(A),기타,,경기도 화성시 동탄구 영천동 662-1,37.2090571086,127.0993057374,4436.8,,,,,,,경기도 화성시 공원녹지사업소 동부공원관리과,031-5189-6961,20260201
13호(B),기타,,경기도 화성시 동탄구 영천동 672-2,37.2088085105,127.109143636,1401.6,,,,,,,경기도 화성시 공원녹지사업소 동부공원관리과,031-5189-6961,20260201
13호(C),기타,,경기도 화성시 동탄구 영천동 700-6,37.205332392,127.1123289559,3491.5,,,,,,,경기도 화성시 공원녹지사업소 동부공원관리과,031-5189-6961,20260201
공공공지2호,기타,,경기도 화성시 효행구 반월동 962-2,37.2289775442,127.0680157087,251.0,,,,,,,경기도 화성시 공원녹지사업소 동부공원관리과,031-5189-6961,20260201
샛강공원(소공원1호),소공원,,경기도 화성시 동탄구 반송동 755,37.1958913731,127.082032592,2212.0,,,,,,,경기도 화성시 공원녹지사업소 동부공원관리과,031-5189-6961,20260201
공공공지 22호,기타,,경기도 화성시 동탄구 반송동 764,37.1951813273,127.0823246934,2382.0,,,,,,,경기도 화성시 공원녹지사업소 동부공원관리과,031-5189-6961,20260201
공공공지 23호,기타,,경기도 화성시 동탄구 반송동 765,37.1946611867,127.0820110696,433.0,,,,,,,경기도 화성시 공원녹지사업소 동부공원관리과,031-5189-6961,20260201
공공공지 26호,기타,,경기도 화성시 동탄구 반송동 772,37.1855937919,127.0830151681,309.0,,,,,,,경기도 화성시 공원녹지사업소 동부공원관리과,031-5189-6961,20260201
양곡가족근린공원(근린10호),근린공원,경기도 화성시 동탄구 동탄중앙로466번길 18-1,경기도 화성시 동탄구 석우동 646,37.2162475763,127.0868476633,12359.0,,,,,,,경기도 화성시 공원녹지사업소 동부공원관리과,031-5189-6961,20260201
산수유 어린이공원,어린이공원,,경기도 화성시 효행구 진안동 912-1,37.2171888879,127.043425177,1513.0,,놀이터,,,,,경기도 화성시 공원녹지사업소 동부공원관리과,031-5189-6961,20260201
장미 어린이공원,어린이공원,,경기도 화성시 효행구 병점동 855,37.2128085327,127.0478524044,3231.0,,,,,,,경기도 화성시 공원녹지사업소 동부공원관리과,031-5189-6961,20260201
매화 어린이공원,어린이공원,,경기도 화성시 효행구 병점동 857,37.2137412391,127.0510945548,2181.0,,놀이터,,,,,경기도 화성시 공원녹지사업소 동부공원관리과,031-5189-6961,20260201
정든 어린이공원,어린이공원,,경기도 화성시 효행구 병점동 858-1,37.20979923,127.0481656967,1500.0,,놀이터,,,,,경기도 화성시 공원녹지사업소 동부공원관리과,031-5189-6961,20260201
살구꽃 어린이공원,어린이공원,,경기도 화성시 효행구 병점동 863-1,37.2060086599,127.0443643831,1500.0,,놀이터,,,,,경기도 화성시 공원녹지사업소 동부공원관리과,031-5189-6961,20260201
철쭉(무궁화) 어린이공원,어린이공원,,경기도 화성시 효행구 진안동 909-1,37.2152334157,127.0415646867,2044.0,,놀이터,,,,,경기도 화성시 공원녹지사업소 동부공원관리과,031-5189-6961,20260201
안화 어린이공원,어린이공원,,경기도 화성시 효행구 병점동 840,37.2132610594,127.0430467255,1552.0,,놀이터,,,,,경기도 화성시 공원녹지사업소 동부공원관리과,031-5189-6961,20260201
해당화 어린이공원,어린이공원,,경기도 화성시 효행구 병점동 838,37.2098712698,127.044441834,1524.0,,놀이터,,,,,경기도 화성시 공원녹지사업소 동부공원관리과,031-5189-6961,20260201
햇빛 어린이공원 (반월1호),어린이공원,경기도 화성시 병점구 영통로61번길 30-36,경기도 화성시 효행구 반월동 184-3,37.2330969973,127.0569758536,6768.0,게이트볼장,놀이터,화장실,,,,경기도 화성시 공원녹지사업소 동부공원관리과,031-5189-6961,20260201
사랑 어린이공원 (반월2호),어린이공원,,경기도 화성시 효행구 반월동 859,37.2311798897,127.0588902704,3270.0,풋살구장,놀이터,,,,,경기도 화성시 공원녹지사업소 동부공원관리과,031-5189-6961,20260201
새마을,소공원,,경기도 안산시 상록구 부곡동 3-7번지,37.3458217944,126.8674453422,1032.0,,,,,,20121203,경기도 안산시 상록구청,031-481-5412,20260406
성포주공3-1,소공원,,경기도 안산시 상록구 성포동 747-7번지,37.3188105442,126.8457050213,2993.2,,,,,,20090211,경기도 안산시 상록구청,031-481-5412,20260406
성포주공3-3,소공원,,경기도 안산시 상록구 성포동 747-2번지,37.3200832189,126.8482575175,1523.1,,,,,,20090211,경기도 안산시 상록구청,031-481-5412,20260406
수암소,소공원,,경기도 안산시 상록구 수암동 460-11번지,37.3656237506,126.8789146018,395.7,,,,,,20140310,경기도 안산시 상록구청,031-481-5412,20260406
용담뿌리,소공원,,경기도 안산시 상록구 건건동 940-48번지,37.3011582888,126.8999105259,702.0,,,,,,20051107,경기도 안산시 상록구청,031-481-5412,20260406
성호,어린이공원,,경기도 안산시 상록구 일동 560번지,37.316988245,126.86156735,1065.2,,,,,,19850917,경기도 안산시 상록구청,031-481-5412,20260406
꿈나라 어린이공원 (반월3호),어린이공원,,경기도 화성시 효행구 반월동 167-1,37.2355945706,127.0602840473,1735.0,,놀이터,,,,,경기도 화성시 공원녹지사업소 동부공원관리과,031-5189-6961,20260201
자연 어린이공원 (반월4호),어린이공원,,경기도 화성시 효행구 반월동 165-58,37.2336371132,127.0578278814,1405.0,,놀이터,,,,,경기도 화성시 공원녹지사업소 동부공원관리과,031-5189-6961,20260201
반달 어린이공원 (두산1호),어린이공원,,경기도 화성시 효행구 반월동 881-2,37.2351086767,127.0672110144,5061.0,,놀이터,,,,,경기도 화성시 공원녹지사업소 동부공원관리과,031-5189-6961,20260201
반달 어린이공원 (두산2호),어린이공원,,경기도 화성시 효행구 반월동 883-1,37.235672898,127.0651995899,6947.0,,놀이터,,,,,경기도 화성시 공원녹지사업소 동부공원관리과,031-5189-6961,20260201
푸르지오 어린이공원(당굴공원),어린이공원,,경기도 화성시 효행구 반월동 885-1,37.2340667343,127.0674353324,9415.0,풋살구장,놀이터,,,,,경기도 화성시 공원녹지사업소 동부공원관리과,031-5189-6961,20260201
행림 어린이공원,어린이공원,,경기도 화성시 효행구 반월동 873,37.223922114,127.0510698716,1500.0,,놀이터,,,,,경기도 화성시 공원녹지사업소 동부공원관리과,031-5189-6961,20260201
푸른꿈어린이공원 (틀뫼2호),어린이공원,,경기도 화성시 효행구 기산동 383-2,,,1671.0,,놀이터,,,,,경기도 화성시 공원녹지사업소 동부공원관리과,031-5189-6961,20260201
참누리어린이공원 (울트라1호),어린이공원,경기도 화성시 효행구 효행로265번길 17,경기도 화성시 효행구 기산동 467-1,37.2262837633,126.9736115197,2223.0,,놀이터,,,,,경기도 화성시 공원녹지사업소 동부공원관리과,031-5189-6961,20260201
47호,기타,,경기도 화성시 동탄구 오산동 1030-18,37.1853053848,127.1014156148,40521.0,,,,,,,경기도 화성시 공원녹지사업소 동부공원관리과,031-5189-6961,20260201
잎새,어린이공원,,경기도 수원시 권선구 탑동 855-9,37.2708480139,126.9780591818,1533.1,,조합놀이대1,,,,,경기도 수원시 권선구 녹지공원과,031-5191-6195,20260115
47호,기타,,경기도 화성시 동탄구 장지동 963-1,37.1606172502,127.1052120055,40521.0,,,,,,,경기도 화성시 공원녹지사업소 동부공원관리과,031-5189-6961,20260201
13호(L),기타,,경기도 화성시 동탄구 청계동 557-0,37.1982298206,127.1209740949,2945.6,,,,,,,경기도 화성시 공원녹지사업소 동부공원관리과,031-5189-6961,20260201
13호(M),기타,,경기도 화성시 동탄구 청계동 543-0,37.1941591495,127.1157160203,2435.9,,,,,,,경기도 화성시 공원녹지사업소 동부공원관리과,031-5189-6961,20260201
15호,기타,,경기도 화성시 동탄구 영천동662-1,37.2090571086,127.0993057374,426.4,,,,,,,경기도 화성시 공원녹지사업소 동부공원관리과,031-5189-6961,20260201
16호,기타,,경기도 화성시 동탄구 영천동 681-9,37.2062034963,127.1118120324,168.6,,,,,,,경기도 화성시 공원녹지사업소 동부공원관리과,031-5189-6961,20260201
18호,기타,,경기도 화성시 동탄구 영천동 701-14,37.205868418,127.112732093,1581.2,,,,,,,경기도 화성시 공원녹지사업소 동부공원관리과,031-5189-6961,20260201
명정어린이공원,어린이공원,,경기도 연천군 전곡읍 전곡리 411-11,38.0322310155,127.0727937996,1500.0,,,,,,20031201,경기도 연천군청,031-839-2346,20250628
전곡어린이공원(전곡5호),어린이공원,,경기도 연천군 전곡읍 전곡리 324-98,38.021690181,127.0753922853,1601.0,,,,,,20060515,경기도 연천군청,031-839-2346,20250628
현가근린공원,근린공원,경기도 연천군 연천읍 문화로 173,경기도 연천군 연천읍 현가리 57-1,38.1090938769,127.07898784,11452.0,,,,,,20060515,경기도 연천군청,031-839-2346,20250628
전곡근린공원,근린공원,경기도 연천군 전곡읍 선사로458번길 33,경기도 연천군 전곡읍 전곡리 355-1,38.0296193824,127.0739282174,53700.0,,,,,,20031201,경기도 연천군청,031-839-2346,20250628
문발공원,근린공원,경기도 파주시 문예로 103,경기도 파주시 문발동 593,37.7192320055,126.7041345227,14599.0,배드민턴장+족구장+농구장,,화장실,,,,경기도 파주시청,031-940-8406,20250618
달맞이공원,근린공원,,경기도 파주시 문발동 599,37.720427476,126.7074472742,24264.3,,,,,,,경기도 파주시청,031-940-8406,20250618
해돋이공원,근린공원,,경기도 파주시 동패동 1697,37.7261852946,126.7194340521,17326.9,배드민턴장,,,,,,경기도 파주시청,031-940-8406,20250618
물푸레공원,근린공원,경기도 파주시 청석로 360,경기도 파주시 다율동 981,37.7340490153,126.7202386749,13051.4,,,,,,,경기도 파주시청,031-940-8406,20250618
후곡공원,근린공원,경기도 파주시 쇠재로 33,경기도 파주시 금촌동 995,37.7499917315,126.770697713,30997.1,배드민턴장,,주차장,도서관,분수,,경기도 파주시청,031-940-8406,20250618
백학근린공원,근린공원,,경기도 연천군 백학면 통구리 1071-10,38.0152325279,126.9228893313,20342.0,,,,,,20070702,경기도 연천군청,031-839-2346,20250628
쇠재공원,근린공원,,경기도 파주시 금촌동 1010,37.750511834,126.7759792987,45703.0,배드민턴장,,,,,,경기도 파주시청,031-940-8406,20250618
금신공원,근린공원,,경기도 파주시 금촌동 427-3,37.7717527186,126.7740003294,15439.0,,조합놀이대+흔들놀이,,,,,경기도 파주시청,031-940-8406,20250618
통일동산 근린공원,근린공원,경기도 파주시 탄현면 풍뎅이길 199,경기도 파주시 탄현면 법흥리 1701,37.7761506988,126.704308206,42835.0,,,화장실,,,,경기도 파주시청,031-940-8406,20250618
배꽃 어린이공원(소사2지구),어린이공원,,경기도 평택시 소사동 107-9,,,1507.0,,,,,,20110714,경기도 평택시청,031-8024-4248,20260313
통일동산 락가든공원,근린공원,,경기도 파주시 탄현면 성동리 681,37.7785015454,126.6916369926,12986.5,,,,,,,경기도 파주시청,031-940-8406,20250618
통일동산 달맞이동산공원,근린공원,,경기도 파주시 탄현면 법흥리 1652-141,37.7897058635,126.6977444428,10121.3,,,,,,,경기도 파주시청,031-940-8406,20250618
통일동산 노을동산,근린공원,,경기도 파주시 탄현면 법흥리 1652-585,37.7901959339,126.7023059142,56189.7,,,,,,,경기도 파주시청,031-940-8406,20250618
당동공원,근린공원,,경기도 파주시 문산읍 당동리 884,37.8674089503,126.7785876845,15991.3,,,,,,,경기도 파주시청,031-940-8406,20250618
당동3근린공원,근린공원,경기도 파주시 문산읍 방촌로 1671,경기도 파주시 문산읍 당동리 907,37.8634639389,126.7806879807,11525.7,,,,,,,경기도 파주시청,031-940-8406,20250618
북부근린공원,근린공원,,경기도 파주시 문산읍 당동리 936,37.8695243349,126.787416864,54221.5,,,,,,,경기도 파주시청,031-940-8406,20250618
선유산업단지1호 근린공원,근린공원,,경기도 파주시 문산읍 선유리 1374,37.8616839913,126.8145358272,21818.0,,,,,,,경기도 파주시청,031-940-8406,20250618
민속공원,근린공원,"경기도 안산시 단원구 한양대학로 142, (고잔동)",경기도 안산시 단원구 고잔동 777번지,37.307764407,126.8363328266,36464.2,,,,,,19980703,경기도 안산시청,031-481-2471,20260406
백운공원,근린공원,"경기도 안산시 단원구 동산로 179, (원곡동)",경기도 안산시 단원구 원곡동 산100-1번지,37.3195163942,126.8045943796,507763.1,,,,,,19840829,경기도 안산시청,031-481-2471,20260406
별빛공원,근린공원,"경기도 안산시 단원구 화정천동로8길 33, (와동)",경기도 안산시 단원구 와동 787번지,37.3482894046,126.8234438467,24536.4,,,,,,20251126,경기도 안산시청,031-481-2471,20260406
샛터공원,근린공원,,경기도 안산시 단원구 선부동 산119번지,37.3377502496,126.8066844287,136717.0,,,,,,19940629,경기도 안산시청,031-481-2471,20260406
선부제1공원,근린공원,,경기도 안산시 단원구 선부동 산164번지,37.3295722276,126.8076067643,65476.0,,,,,,19850917,경기도 안산시청,031-481-2471,20260406
선부제2공원,근린공원,,경기도 안산시 단원구 선부동 산170-1번지,37.3309358134,126.8106724948,45595.0,,,,,,19850917,경기도 안산시청,031-481-2471,20260406
신길공원,근린공원,"경기도 안산시 단원구 중앙대로 98, (신길동)",경기도 안산시 단원구 신길동 1748번지,37.3304316312,126.7542067556,189076.4,,,,,,19971216,경기도 안산시청,031-481-2471,20260406
22호근린공원,근린공원,,경기도 안산시 단원구 성곡동 696번지,37.3234990156,126.7366744216,125258.0,,,,,,19951001,경기도 안산시청,031-481-2471,20260406
도토리공원,소공원,,경기도 안산시 단원구 고잔동 782-5번지,37.3074311108,126.8304664955,4731.0,,,,,,20121203,경기도 안산시 단원구청,031-481-6410,20260406
용두분수공원,소공원,,경기도 안성시 공도읍 용두리 755-11,37.0039247044,127.169091097,1843.0,,,,,,20151120,경기도 안성시청,031-678-6893,20250226
쌍용어린이공원,어린이공원,경기도 안성시 비룡로 10,경기도 안성시 당왕동 545-1,37.0142341612,127.2659498278,1500.0,,,,,,20180315,경기도 안성시청,031-678-6893,20250226
신건지어린이공원,어린이공원,경기도 안성시 개내교1길 12,경기도 안성시 신건지동 148-4,37.0141734482,127.2537647302,2202.0,,,,,,20180315,경기도 안성시청,031-678-6893,20250226
신소현어린이공원2,어린이공원,,경기도 안성시 신소현동 181,37.0164239524,127.2576663122,1528.0,,,,,,20180315,경기도 안성시청,031-678-6893,20250226
오전초교앞공원,어린이공원,,경기도 의왕시 오전동 845-3,37.3546439911,126.9713631313,1635.3,야외운동기구,조합놀이대,,,,19910307,경기도 의왕시청,031-345-3534,20251128
갈미공원,어린이공원,경기도 의왕시 오리나무1길 13,경기도 의왕시 내손동 806,37.3753612627,126.9689346371,1505.1,야외운동기구,조합놀이대+흔들놀이기구,,,,19991006,경기도 의왕시청,031-345-3534,20251128
내동공원,어린이공원,,경기도 의왕시 내손동 646-2,,,3163.8,야외운동기구,조합놀이대+흔들놀이기구,,,,20041224,경기도 의왕시청,031-345-3534,20251128
내손어린이공원,어린이공원,,경기도 의왕시 내손동 710-11,37.385796825,126.9800458806,5150.8,야외운동기구+배드민턴장,조합놀이대+그네+흔들놀이기구+시소,,,,20041224,경기도 의왕시청,031-345-3534,20251128
백운공원,어린이공원,경기도 의왕시 내손순환로 지하 58,경기도 의왕시 내손동 709,37.3836299457,126.9777209811,4217.9,야외운동기구,조합놀이대,,,,20041224,경기도 의왕시청,031-345-3534,20251128
푸른내공원,어린이공원,,경기도 의왕시 청계동 979,37.3902074456,126.9991015141,1515.7,,조합놀이대+흔들놀이기구+회전무대,,,,20031112,경기도 의왕시청,031-345-3535,20251128
소담공원,어린이공원,,경기도 의왕시 청계동 981,37.3910593762,126.9969823787,1565.3,야외운동기구+배드민턴장,조합놀이대+흔들놀이기구,,,,20031112,경기도 의왕시청,031-345-3535,20251128
22호,기타,,경기도 화성시 동탄구 청계동 538-1,37.1955594473,127.1168655453,429.9,,,,,,,경기도 화성시 공원녹지사업소 동부공원관리과,031-5189-6961,20260201
23호,기타,,경기도 화성시 동탄구 청계동 552-1,37.1970121438,127.119988231,444.1,,,,,,,경기도 화성시 공원녹지사업소 동부공원관리과,031-5189-6961,20260201
24호,기타,,경기도 화성시 동탄구 목동 123-1,,,440.0,,,,,,,경기도 화성시 공원녹지사업소 동부공원관리과,031-5189-6961,20260201
병점지구 1호 공공공지,기타,,경기도 화성시 효행구 진안동 832-107,,,6275.0,,,,,,,경기도 화성시 공원녹지사업소 동부공원관리과,031-5189-6961,20260201
틀뫼3호공원,소공원,,경기도 화성시 효행구 반월동 959-2,37.2285456705,127.0463945989,2473.0,,,,,,,경기도 화성시 공원녹지사업소 동부공원관리과,031-5189-6961,20260201
병점2지구 소공원,소공원,,경기도 화성시 효행구 병점동 87,,,1211.0,,,,,,,경기도 화성시 공원녹지사업소 동부공원관리과,031-5189-6961,20260201
sk뷰 소공원,소공원,,경기도 화성시 효행구 반월동 944-2,37.2227684459,127.054555128,382.0,,,,,,,경기도 화성시 공원녹지사업소 동부공원관리과,031-5189-6961,20260201
제87호 소공원(솜다리),소공원,,경기도 화성시 효행구 기산동 476-6,,,746.0,,,,,,,경기도 화성시 공원녹지사업소 동부공원관리과,031-5189-6961,20260201
소공원89호,소공원,,경기도 화성시 효행구 반월동 965,37.2265142293,127.0666672604,4197.0,,,,,,,경기도 화성시 공원녹지사업소 동부공원관리과,031-5189-6961,20260201
해봉공원(엠티브이 79),문화공원,,경기도 안산시 단원구 성곡동 802-5번지,37.3039153807,126.7463724998,6753.1,,,,,,20100726,경기도 안산시청,031-481-2471,20260406
서암,어린이공원,,경기도 안산시 상록구 사동 1188-5번지,37.3021313285,126.8489934054,992.0,,,,,,19850917,경기도 안산시 상록구청,031-481-5412,20260406
푸른,어린이공원,,경기도 안산시 상록구 사동 1202번지,37.3025301848,126.8515143652,992.0,,,,,,19850917,경기도 안산시 상록구청,031-481-5412,20260406
감골,어린이공원,,경기도 안산시 상록구 사동 1406-9번지,37.2832421992,126.8527183363,1501.3,,,,,,19850917,경기도 안산시 상록구청,031-481-5412,20260406
첨성,어린이공원,,경기도 안산시 상록구 일동 547-7번지,37.3184147705,126.8618851453,973.6,,,,,,19850917,경기도 안산시 상록구청,031-481-5412,20260406
웃말,어린이공원,,경기도 안산시 상록구 일동 619-7번지,37.3080111887,126.8705177173,1571.7,,,,,,19850917,경기도 안산시 상록구청,031-481-5412,20260406
기산1지구 소공원84호,소공원,,경기도 화성시 효행구 기산동 478-2,,,1825.0,,,,,,,경기도 화성시 공원녹지사업소 동부공원관리과,031-5189-6961,20260201
기산1지구 소공원85호,소공원,,경기도 화성시 효행구 기산동 478-6,,,3685.0,,놀이터,,,,,경기도 화성시 공원녹지사업소 동부공원관리과,031-5189-6961,20260201
벌말 체육공원,기타,,경기도 화성시 효행구 병점동 420,,,3917.0,,,,,,,경기도 화성시 공원녹지사업소 동부공원관리과,031-5189-6961,20260201
진안동 쌈지공원,기타,,경기도 화성시 효행구 진안동 692-326,37.2111607038,127.0293634229,951.0,,놀이터,,,,,경기도 화성시 공원녹지사업소 동부공원관리과,031-5189-6961,20260201
기산동 쌈지공원,기타,,경기도 화성시 효행구 기산동 446-3,,,400.0,,놀이터,,,,,경기도 화성시 공원녹지사업소 동부공원관리과,031-5189-6961,20260201
능동 쌈지공원,기타,,경기도 화성시 동탄구 능동 1221-1,,,586.0,,,,,,,경기도 화성시 공원녹지사업소 동부공원관리과,031-5189-6961,20260201
병점지구 1호 유수지,기타,,경기도 화성시 효행구 병점동 756-33,,,4849.0,,,,,,,경기도 화성시 공원녹지사업소 동부공원관리과,031-5189-6961,20260201
진안 공공공지,기타,경기도 화성시 병점구 병점중앙로 214-62,경기도 화성시 효행구 진안동 933,37.2179001031,127.0314003883,12422.0,테니스장,,주차장+화장실,,,,경기도 화성시 공원녹지사업소 동부공원관리과,031-5189-6961,20260201
병점2지구 3호공공공지,기타,,경기도 화성시 효행구 병점동 878,37.2009593914,127.0403588397,123.0,,,,,,,경기도 화성시 공원녹지사업소 동부공원관리과,031-5189-6961,20260201
석삼말,어린이공원,,경기도 안산시 상록구 이동 544-2번지,37.3105651913,126.8625981298,2633.6,,,,,,19850917,경기도 안산시 상록구청,031-481-5412,20260406
상록수,어린이공원,"경기도 안산시 상록구 송호1길 72, (이동)",경기도 안산시 상록구 이동 658번지,37.3131127166,126.8482481473,1633.2,,,,,,19850917,경기도 안산시 상록구청,031-481-5412,20260406
상록수공원,문화공원,"경기도 안산시 상록구 샘골서길 64, (본오동)",경기도 안산시 상록구 본오동 879-4번지,37.2996169619,126.8627620008,12325.8,,,,,,19850917,경기도 안산시청,031-481-2649,20260406
시곡,어린이공원,,경기도 안산시 상록구 사동 1340번지,37.294415837,126.8559274372,1716.8,,,,,,19850917,경기도 안산시 상록구청,031-481-5412,20260406
후곡,어린이공원,"경기도 안산시 상록구 네고지2길 14, (사동)",경기도 안산시 상록구 사동 1296-5번지,37.2964907238,126.8497906505,1521.8,,,,,,19850917,경기도 안산시 상록구청,031-481-5412,20260406
한양나래,어린이공원,,경기도 안산시 상록구 사동 1165-6번지,37.3003917688,126.8419892678,1012.5,,,,,,19850917,경기도 안산시 상록구청,031-481-5412,20260406
산구비,어린이공원,,경기도 안산시 상록구 사동 1287번지,37.2968831332,126.8459778089,1430.2,,,,,,19850917,경기도 안산시 상록구청,031-481-5412,20260406
문학,어린이공원,,경기도 안산시 상록구 사동 1316번지,37.2946197052,126.8516889889,1716.0,,,,,,19850917,경기도 안산시 상록구청,031-481-5412,20260406
용신,어린이공원,"경기도 안산시 상록구 이화3길 26, (사동)",경기도 안산시 상록구 사동 1242번지,37.3003150668,126.8568436512,796.6,,,,,,19871224,경기도 안산시 상록구청,031-481-5412,20260406
반달공원,근린공원,"경기도 안산시 상록구 반월새싹길 9-10, (건건동)",경기도 안산시 상록구 건건동 992번지,37.3070410829,126.9018560056,100225.8,,,,,,20101014,경기도 안산시청,031-481-2649,20260406
벌말공원 (병점동 소공원),소공원,,경기도 화성시 효행구 병점동 532-11,,,1373.0,,,화장실,,,,경기도 화성시 공원녹지사업소 동부공원관리과,031-5189-6961,20260201
반월공원,근린공원,"경기도 안산시 상록구 오목로 104, (본오동)",경기도 안산시 상록구 본오동 723번지,37.2898554362,126.8695795491,42095.4,,,,,,19880511,경기도 안산시청,031-481-2649,20260406
부곡공원,근린공원,,경기도 안산시 상록구 부곡동 산50번지,37.3319547072,126.8685487012,34849.8,,,,,,19850917,경기도 안산시청,031-481-2649,20260406
사동제8호공원,근린공원,"경기도 안산시 상록구 해양로 19, (사동)",경기도 안산시 상록구 사동 1512-2번지,37.294241958,126.8217168346,13397.3,,,,,,20080414,경기도 안산시청,031-481-2649,20260406
성어공원,근린공원,"경기도 안산시 상록구 고잔로 162, (성포동)",경기도 안산시 상록구 성포동 589번지,37.318318644,126.8442530962,26250.3,,,,,,19850917,경기도 안산시청,031-481-2649,20260406
45호,기타,,경기도 화성시 동탄구 영천동757-6,37.2028844775,127.1273518442,959.0,,,,,,,경기도 화성시 공원녹지사업소 동부공원관리과,031-5189-6961,20260201
46호(B),기타,,경기도 화성시 동탄구 청계동 552-1,37.1970121438,127.119988231,1320.0,,,,,,,경기도 화성시 공원녹지사업소 동부공원관리과,031-5189-6961,20260201
성포공원,근린공원,"경기도 안산시 상록구 성포로 6, (성포동)",경기도 안산시 상록구 성포동 582번지,37.3222835673,126.8424633498,19416.2,,,,,,19850514,경기도 안산시청,031-481-2649,20260406
항호,어린이공원,"경기도 안산시 상록구 항호1길 30-21, (사동)",경기도 안산시 상록구 사동 1427-6번지,37.2837738819,126.846820408,1507.6,,,,,,19850917,경기도 안산시 상록구청,031-481-5412,20260406
장화,어린이공원,,경기도 안산시 상록구 사동 1413번지,37.2833602957,126.84929927,1500.0,,,,,,19850917,경기도 안산시 상록구청,031-481-5412,20260406
항가울,어린이공원,,경기도 안산시 상록구 사동 1379-5번지,37.2867167523,126.8455446764,1582.0,,,,,,19850917,경기도 안산시 상록구청,031-481-5412,20260406
고산,어린이공원,,경기도 안산시 상록구 본오동 865번지,37.2925317837,126.8649971108,1847.0,,,,,,19850917,경기도 안산시 상록구청,031-481-5412,20260406
배기,어린이공원,,경기도 안산시 상록구 본오동 836번지,37.2923945611,126.8705854344,1499.4,,,,,,19850917,경기도 안산시 상록구청,031-481-5412,20260406
산정,어린이공원,"경기도 안산시 상록구 충장로3길 22, (본오동)",경기도 안산시 상록구 본오동 887-6번지,37.2928017335,126.8609466453,1525.7,,,,,,19850917,경기도 안산시 상록구청,031-481-5412,20260406
본오,어린이공원,,경기도 안산시 상록구 본오동 908번지,37.2908979456,126.8641303214,1519.7,,,,,,19850917,경기도 안산시 상록구청,031-481-5412,20260406
기양죽,어린이공원,,경기도 안산시 상록구 본오동 685번지,37.2862228404,126.8678586387,1003.0,,,,,,19850917,경기도 안산시 상록구청,031-481-5412,20260406
소반월,어린이공원,,경기도 안산시 상록구 본오동 669번지,37.287618788,126.8651028109,901.1,,,,,,19850917,경기도 안산시 상록구청,031-481-5412,20260406
백두령,어린이공원,,경기도 안산시 상록구 본오동 846-4번지,37.2906786367,126.8708055287,1568.8,,,,,,19850917,경기도 안산시 상록구청,031-481-5412,20260406
40호,기타,,경기도 화성시 동탄구 영천동 746-0,37.2031424568,127.1215329966,828.0,,,,,,,경기도 화성시 공원녹지사업소 동부공원관리과,031-5189-6961,20260201
43호,기타,,경기도 화성시 동탄구 영천동 749-16,37.2037935586,127.124761457,41.0,,,,,,,경기도 화성시 공원녹지사업소 동부공원관리과,031-5189-6961,20260201
44호,기타,,경기도 화성시 동탄구 영천동 750-11,37.2030634613,127.1252833711,2988.0,,,,,,,경기도 화성시 공원녹지사업소 동부공원관리과,031-5189-6961,20260201
41호,기타,,경기도 화성시 동탄구 영천동 739-11,37.2033074566,127.1218166244,49.0,,,,,,,경기도 화성시 공원녹지사업소 동부공원관리과,031-5189-6961,20260201
원포공원,근린공원,,경기도 안산시 단원구 초지동 746번지,37.3016083163,126.8086896154,103355.4,,,,,,19950820,경기도 안산시청,031-481-2471,20260406
정지제1공원,근린공원,,경기도 안산시 단원구 선부동 산90-3번지,37.3406121131,126.8101162161,57491.0,,,,,,19970627,경기도 안산시청,031-481-2471,20260406
정지제2공원,근린공원,"경기도 안산시 단원구 선부로 161, (선부동)",경기도 안산시 단원구 선부동 산90번지,37.3428840515,126.8114462758,63445.0,,,,,,19940629,경기도 안산시청,031-481-2471,20260406
중앙공원,근린공원,,경기도 안산시 단원구 고잔동 산20번지,37.3255423417,126.8323257121,406422.6,,,,,,19850917,경기도 안산시청,031-481-2471,20260406
해오라기공원,근린공원,"경기도 안산시 단원구 도일로 43, (신길동)",경기도 안산시 단원구 신길동 1699번지,37.3342766481,126.7842295956,81675.2,,,,,,20040105,경기도 안산시청,031-481-2471,20260406
각골공원,근린공원,,경기도 안산시 상록구 본오동 45-6번지,37.2913247193,126.8740165445,46077.0,,,,,,20010413,경기도 안산시청,031-481-2649,20260406
감골공원,근린공원,,경기도 안산시 상록구 사동 산83-8번지,37.2928028957,126.8524788922,86800.0,,,,,,19850911,경기도 안산시청,031-481-2649,20260406
광덕공원,근린공원,,경기도 안산시 상록구 월피동 산43번지,37.3325756612,126.8422011615,79487.0,,,,,,19850917,경기도 안산시청,031-481-2649,20260406
구룡공원,근린공원,,경기도 안산시 상록구 일동 산68-1번지,37.3073375964,126.8638198852,120455.0,,,,,,20040712,경기도 안산시청,031-481-2649,20260406
노적봉공원,근린공원,,경기도 안산시 상록구 성포동 산33번지,37.3203400252,126.8524196293,607734.8,,,,,,19850917,경기도 안산시청,031-481-2649,20260406
독주골공원,근린공원,,경기도 안산시 상록구 일동 555번지,37.3162351569,126.8600165365,8922.5,,,,,,19050701,경기도 안산시청,031-481-3437,20260406
오성 근린공원(오성산단),근린공원,경기도 평택시 오성면 오성산단1로 15-12,경기도 평택시 오성면 양교리 1095,37.0250568046,126.9488081276,10019.4,농구장+풋살장+등허리지압기+마라톤운동기+배드민턴장+배드민턴지주대+벽걸이농구대+옆파도타기+온몸근육풀기+온몸역기올리기+풋살골대+하늘걷기,,화장실,,디자인집수정+빗물받이+우수관+자연석쌓기+집수정,20070102,경기도 평택시청,031-8024-4248,20260313
용성 근린공원,근린공원,,경기도 평택시 안중읍 학현리 산6,37.0016634641,126.9351551009,88320.0,,,,,,20000303,경기도 평택시청,031-8024-4248,20260313
율리 근린공원,근린공원,경기도 평택시 안중읍 덕우로 1,경기도 평택시 안중읍 학현리 산 65-10,36.9912620028,126.9278131401,0.0,,,,,,19720825,경기도 평택시청,031-8024-4248,20260313
인광 근린공원(안중송담지구),근린공원,,경기도 평택시 현덕면 인광리 산85-57,,,13895.0,등허리지압기+마라톤운동기+온몸근육풀기+온몸노젓기+온몸역기내리기+온몸역기올리기+윗몸일으키기+하늘걷기+허벅지근육풀기,고무매트포장+조합놀이대,,,급수관+수목보호판+옹벽+집수정+트랜치+흉관,20060206,경기도 평택시청,031-8024-4248,20260313
테미 근린공원(청북지구 택지개발),근린공원,,경기도 평택시 청북면 옥길리 1096,37.0220196012,126.9122048544,39750.0,3단 다리걸치기+3단 철봉+다리뻗치기+등허리지압기+마라톤운동기+온몸근육풀기+온몸노젓기+온몸역기내리기+온몸역기올리기+온몸허리돌리기+윗몸일으키기+자유철봉+지압길 포장+평행봉+하늘걷기+허리젖히기,고무칩포장+그네+모래포장+비탈면 미끄럼틀+시소+징검다리놀이대+회전놀이대+흔들놀이,,,마천석 화계옹벽+자연석쌓기+전기통신맨홀+집수정+트랜치,20051007,경기도 평택시청,031-8024-4248,20260313
23호 소공원(로하스파크),소공원,,경기도 연천군 군남면 옥계리 1259-9,38.1285072309,127.0457621056,19443.0,,,,,,20061016,경기도 연천군청,031-839-2061,20250628
신서수변공원,수변공원,경기도 연천군 신서면 도대로 17-8,경기도 연천군 신서면 대광리 1318-42,38.1876794297,127.1062839843,8090.0,,,,,,20120920,경기도 연천군청,031-839-2346,20250628
24호 소공원(로하스파크),소공원,,경기도 연천군 군남면 옥계리 1259-9,38.1285072309,127.0457621056,22865.0,,,,,,20061016,경기도 연천군청,031-839-2061,20250628
코아루 아파트 소공원,소공원,,경기도 연천군 전곡읍 은대리 2052,38.0331363187,127.0544840888,1436.0,,,,,,20200420,경기도 연천군청,031-839-2346,20250628
연천어린이공원,어린이공원,,경기도 연천군 연천읍 차탄리 624,38.1005875491,127.0773352583,4534.0,,,,,,20060515,경기도 연천군청,031-839-2346,20250628
휴먼시아 어린이공원,어린이공원,경기도 연천군 전곡읍 밤골로 6,경기도 연천군 전곡읍 전곡리 704-1,38.0180428102,127.0703154454,2230.0,,,,,,20050425,경기도 연천군청,031-839-2346,20250628
청계양지공원,어린이공원,,경기도 의왕시 청계동 985-3,37.3912191389,126.9942700632,1605.5,야외운동기구,조합놀이대,,,,20031112,경기도 의왕시청,031-345-3535,20251128
맑은내공원,어린이공원,,경기도 의왕시 청계동 970,37.3920692099,127.0015065609,1549.0,,조합놀이대,,,,20031112,경기도 의왕시청,031-345-3535,20251128
마송어린이4,어린이공원,,경기도 김포시 통진읍 마송리 564-1,37.6824203557,126.6076758362,1902.0,,조합놀이대,,,,20050105,경기도 김포시 공원관리과,031-5186-4641,20251124
학운4어린이45,어린이공원,,경기도 김포시 양촌읍 학운리 114-82,,,2576.0,,,,,,20110627,경기도 김포시 공원관리과,031-5186-4641,20251124
학운4어린이46,어린이공원,,경기도 김포시 양촌읍 학운리 114-76,,,3702.0,,,,,,20110627,경기도 김포시 공원관리과,031-5186-4641,20251124
양산체육공원6,체육공원,경기도 김포시 양촌읍 황금로48번길 87,경기도 김포시 양촌읍 학운리 3152,37.621932534,126.6297836558,10263.0,,,,,,20120723,경기도 김포시 체육과,031-980-2585,20251124
학운3어린이61,어린이공원,,경기도 김포시 양촌읍 학운리 1624,,,1640.0,,,,,,20130408,경기도 김포시 공원관리과,031-5186-4641,20251124
김포소공원31,소공원,경기도 김포시 감정로 57,경기도 김포시 감정동 626-38,37.6176721469,126.7029068324,992.0,,,,,,20130718,경기도 김포시 공원녹지과,,20251124
김포문화공원28,문화공원,,경기도 김포시 풍무동 1068,37.6065224357,126.732595775,8662.0,,,,,,20140827,경기도 김포시 공원관리과,031-5186-4617,20251124
김포어린이43,어린이공원,,경기도 김포시 풍무동 1065,37.6100627855,126.7304288352,2670.0,,,,,,20140827,경기도 김포시 공원관리과,031-5186-4617,20251124
덕정제4어린이공원,어린이공원,,경기도 양주시 덕정동 286-31,37.8400289416,127.0635699436,1500.0,농구대,조합놀이대+모래집+흔들놀이,평벤치+휴지통,,,19870608,경기도 양주시청 공원사업과,031-8082-7311,20250912
덕정제5어린이공원,어린이공원,,경기도 양주시 덕정동 235-2,37.8361129029,127.0652675276,1500.0,,흔들놀이+조합놀이대,휴지통+등벤치+야외탁자,,,19870608,경기도 양주시청 공원사업과,031-8082-7311,20250912
덕정제6어린이공원,어린이공원,,경기도 양주시 덕정동 210-1,37.8337258923,127.0680138176,3545.0,,조합놀이대,육각정자+평벤치+사각정자,,,19970513,경기도 양주시청 공원사업과,031-8082-7311,20250912
고암제3어린이공원,어린이공원,,경기도 양주시 고암동 121-3,37.8359333287,127.0692942773,1500.0,,흔들놀이,그늘막+앉음벽,,,19970513,경기도 양주시청 공원사업과,031-8082-7311,20250912
조은어린이공원,어린이공원,,경기도 양주시 고암동 580-2,37.835667559,127.0745642957,1598.0,농구대,조합놀이대+흔들놀이,화장실+등벤치+휴지통,,,20021106,경기도 양주시청 공원사업과,031-8082-7311,20250912
하늘빛어린이공원,어린이공원,경기도 양주시 고암길 111,경기도 양주시 고암동 589,37.8323093488,127.0718153627,3754.0,농구대,흔들놀이+조합놀이대,파고라+평벤치+앉음벽,,,19970506,경기도 양주시청 공원사업과,031-8082-7311,20250912
미관광장 26호(남광장),기타,경기도 화성시 동탄구 동탄중심상가1길 21,경기도 화성시 동탄구 반송동 104-7,37.2008292949,127.0723771122,3525.4,,,,,,,경기도 화성시 공원녹지사업소 동부공원관리과,031-5189-6961,20260201
미관광장 27호,기타,,경기도 화성시 동탄구 반송동 102-3,37.1993612833,127.0710596439,851.2,,,,,,,경기도 화성시 공원녹지사업소 동부공원관리과,031-5189-6961,20260201
미관광장 28호,기타,,경기도 화성시 동탄구 반송동 140-3,37.1989247545,127.0712123677,331.3,,,,,,,경기도 화성시 공원녹지사업소 동부공원관리과,031-5189-6961,20260201
미관광장 30호,기타,,경기도 화성시 동탄구 반송동 132-3,37.1995623668,127.0738699736,2816.5,,,,,,,경기도 화성시 공원녹지사업소 동부공원관리과,031-5189-6961,20260201
미관광장 31호,기타,,경기도 화성시 동탄구 반송동 132-6,37.1978947951,127.0749453162,4044.8,,,,,,,경기도 화성시 공원녹지사업소 동부공원관리과,031-5189-6961,20260201
동현공원,어린이공원,,경기도 파주시 금촌동 794-1,37.7565708491,126.7812154974,1500.0,,조합놀이대,,,,,경기도 파주시청,031-940-8406,20250618
명동공원,어린이공원,경기도 파주시 금정14길 16,경기도 파주시 금촌동 764-6,37.759873042,126.7755618441,1503.0,,조합놀이대,,,,,경기도 파주시청,031-940-8406,20250618
금정공원,어린이공원,경기도 파주시 금정6길 10,경기도 파주시 금촌동 775-1,37.7576104542,126.7769802516,1502.0,,조합놀이대+흔들놀이+그네,,,,,경기도 파주시청,031-940-8406,20250618
고촌1관문공원,문화공원,,경기도 김포시 고촌읍 신곡리 산108,37.6053165142,126.7655792436,47412.0,,,,,,20111229,경기도 김포시 공원녹지과,,20251124
고촌2관문공원,문화공원,경기도 김포시 고촌읍 수기로 8-1,경기도 김포시 고촌읍 신곡리 산112-1,37.6019355595,126.7640568629,26350.0,,,,,,20111229,경기도 김포시 공원녹지과,,20251124
율생체육공원,체육공원,,경기도 김포시 대곶면 율생리 219-27,,,10926.0,,,,,,20111229,경기도 김포시 체육과,031-980-2585,20251124
고촌어린이17,어린이공원,,경기도 김포시 고촌읍 신곡리 1071,37.602027333,126.7709318832,2320.0,체력단련시설,조합놀이대,,,,19980223,경기도 김포시 공원관리과,031-5186-4617,20251124
장기어린이1,어린이공원,,경기도 김포시 장기동 1400,37.6444271147,126.6703203212,1500.0,체력단련시설,조합놀이대+그네,,,,20040105,경기도 김포시 공원관리과,031-5186-4632,20251124
장기어린이2,어린이공원,,경기도 김포시 장기동 1630,37.6435988274,126.6644921788,1500.0,체력단련시설,조합놀이대,,,,20040105,경기도 김포시 공원관리과,031-5186-4632,20251124
장기근린1,근린공원,,경기도 김포시 장기동 1593,37.6425005,126.6711372572,20701.0,체력단련시설,,주차장,,,20040105,경기도 김포시 공원관리과,031-5186-4627,20251124
장기근린3,근린공원,경기도 김포시 김포한강3로237번길 63,경기도 김포시 장기동 1763,37.6373626446,126.6620868406,43897.0,체력단련시설,,,,,20040105,경기도 김포시 공원관리과,031-5186-4627,20251124
서암어린이,어린이공원,,경기도 김포시 통진읍 서암리 1115,37.6910714824,126.6029837837,2487.0,체력단련시설,조합놀이대,,,,20041230,경기도 김포시 공원관리과,031-5186-4641,20251124
양곡어린이2,어린이공원,,경기도 김포시 양촌읍 양곡리 1289,37.6578883125,126.6294583271,4609.0,체력단련시설,조합놀이대+그네,,,,20050105,경기도 김포시 공원관리과,031-5186-4641,20251124
양곡어린이4,어린이공원,,경기도 김포시 양촌읍 양곡리 1328,37.6535119018,126.630713127,1519.0,,조합놀이대,,,,20050105,경기도 김포시 공원관리과,031-5186-4641,20251124
대포산단 근린공원,근린공원,경기도 김포시 양촌읍 대포산단1로 11,경기도 김포시 양촌읍 대포리 457,37.61244074,126.6284440179,1979.0,,,,,,20161226,경기도 김포시 공원관리과,031-5186-4641,20251124
사우5A 45호 근린공원,근린공원,,경기도 김포시 사우동 산 15-2,37.6142054405,126.7184396229,35237.0,,,,,,20111128,경기도 김포시 공원녹지과,,20251124
시네폴리스 근린공원1호,근린공원,,경기도 김포시 고촌읍 향산리 586-43,37.6305250007,126.7348602489,10028.0,,,,,,20170308,경기도 김포시 공원녹지과,,20251124
학운3소공원51,소공원,,경기도 김포시 양촌읍 학운리 3838,37.6067245189,126.5962099748,1524.0,,,,,,20160105,경기도 김포시 공원관리과,031-5186-4641,20251124
신곡6지구(25호)신곡2공원,소공원,,경기도 김포시 고촌읍 신곡리 1295-85,37.593663696,126.753777771,3357.0,,,,,,20160531,경기도 김포시 공원관리과,031-5186-4617,20251124
학운(6)산단(52호),소공원,,경기도 김포시 양촌읍 학운리 517,,,3575.0,,,,,,20170602,경기도 김포시 공원관리과,031-5186-4641,20251124
시네폴리스 체육공원1호,체육공원,,경기도 김포시 걸포동 730,37.6369201006,126.7229356551,10758.0,,,,,,20170308,경기도 김포시 공원녹지과,031-980-2346,20251124
대포산단 수변공원,수변공원,,경기도 김포시 양촌읍 대포리 439,37.6181218548,126.6311449737,1979.0,,,,,,20161226,경기도 김포시 공원관리과,031-5186-4641,20251124
한강소공원11,소공원,,경기도 김포시 운양동 1262-6,37.653462172,126.6998118979,747.0,체력단련시설,,,,,20071029,경기도 김포시 공원관리과,031-5186-4627,20251124
한강소공원13,소공원,,경기도 김포시 장기동 2039-5,37.6388663106,126.6738838901,1344.0,체력단련시설,,,,,20071029,경기도 김포시 공원관리과,031-5186-4627,20251124
한강소공원14,소공원,,경기도 김포시 장기동 1993-1,37.6456118831,126.6803590774,720.0,체력단련시설,,,,,20071029,경기도 김포시 공원관리과,031-5186-4627,20251124
한강소공원15,소공원,,경기도 김포시 운양동 1285-12,37.6497654764,126.6974423628,591.0,,,,,,20071029,경기도 김포시 공원관리과,031-5186-4627,20251124
한강근린6,근린공원,,경기도 김포시 마산동 641-1,37.639939954,126.6414826534,22183.0,배드민턴장,,,,,20071029,경기도 김포시 공원관리과,031-5186-4641,20251124
송내,근린공원,,경기도 부천시 소사구 송내동 449-28,,,45186.1,족구장,,,,,20110321,경기도 부천시청,032-625-4843,20250731
한강어린이2,어린이공원,,경기도 김포시 마산동 615-4,37.6413410852,126.6353264375,5141.0,체력단련시설+다목적운동장,조합놀이대+유아놀이대+그네+흔들놀이,,,,20071029,경기도 김포시 공원관리과,031-5186-4641,20251124
성주,어린이공원,,경기도 부천시 소사구 송내동 675,37.4781772106,126.7698555698,1986.9,,흔들놀이기구 등 5개,,,,19831123,경기도 부천시청,032-625-4843,20250731
한강어린이4,어린이공원,,경기도 김포시 마산동 620-1,37.64277877,126.6428396968,2358.0,체력단련시설,조합놀이대+그네+시소+흔들놀이,,,,20071029,경기도 김포시 공원관리과,031-5186-4641,20251124
한강어린이5,어린이공원,,경기도 김포시 마산동 646-8,37.6363703372,126.6448679544,1541.0,체력단련시설,조합놀이대+모래놀이집+시소+흔들놀이,,,,20071029,경기도 김포시 공원관리과,031-5186-4641,20251124
한강어린이7,어린이공원,,경기도 김포시 마산동 662-5,37.6344706721,126.6454150232,2384.0,체력단련시설,조합놀이대+모래놀이집+시소+그네+흔들놀이,,,,20071029,경기도 김포시 공원관리과,031-5186-4641,20251124
동탄2호 공공공지,기타,,경기도 화성시 동탄구 능동 1093-14,,,415.7,,,,,,,경기도 화성시 공원녹지사업소 동부공원관리과,031-5189-6961,20260201
동탄3호 공공공지,기타,,경기도 화성시 동탄구 반송동 77-12,37.1979231297,127.0651981193,3624.0,,,,,,,경기도 화성시 공원녹지사업소 동부공원관리과,031-5189-6961,20260201
동탄4호 공공공지,기타,,경기도 화성시 동탄구 석우동 18-9,37.2224833149,127.0748597233,1981.0,,,,,,,경기도 화성시 공원녹지사업소 동부공원관리과,031-5189-6961,20260201
동탄6호 공공공지,기타,,경기도 화성시 동탄구 능동 1129-1,,,21550.0,,,,,,,경기도 화성시 공원녹지사업소 동부공원관리과,031-5189-6961,20260201
미관광장 22호,기타,,경기도 화성시 동탄구 반송동 83-2,37.2078585815,127.0730876041,207.9,,,,,,,경기도 화성시 공원녹지사업소 동부공원관리과,031-5189-6961,20260201
소중,어린이공원,경기도 부천시 소사구 소사로125번길 36,경기도 부천시 소사구 소사본동 232-31,37.4697862884,126.7945082665,2325.1,,그네 등 5개,,,,19860627,경기도 부천시청,032-625-4843,20250731
솔안,근린공원,경기도 부천시 원미구 부일로 246,경기도 부천시 원미구 상동 462,37.4880808893,126.7572799265,18801.0,배드민턴장+게이트볼장,,화장실,야외공연장,,19901127,경기도 부천시청,032-625-4843,20250731
솔안말,어린이공원,경기도 부천시 소사구 경인로29번길 45,경기도 부천시 소사구 송내동 335,37.4858094271,126.7587049914,3303.4,족구장,미끄럼틀 등 10개,화장실,,,19780926,경기도 부천시청,032-625-4843,20250731
심곡천,문화공원,경기도 부천시 원미구 부흥로336번길 7,경기도 부천시 원미구 중동 1220,37.4936922946,126.7799281356,1158.8,,,,,,20170313,경기도 부천시청,032-625-4843,20250731
미관광장 33호,기타,,경기도 화성시 동탄구 반송동 131-29,37.1954841325,127.0787155004,1292.6,,,,,,,경기도 화성시 공원녹지사업소 동부공원관리과,031-5189-6961,20260201
미관광장 34호,기타,,경기도 화성시 동탄구 반송동 222-2,37.1951767665,127.078537446,2656.0,,,,,,,경기도 화성시 공원녹지사업소 동부공원관리과,031-5189-6961,20260201
미관광장 35호,기타,,경기도 화성시 동탄구 반송동 126-4,37.1948863462,127.0808885111,1911.1,,,,,,,경기도 화성시 공원녹지사업소 동부공원관리과,031-5189-6961,20260201
미관광장 36호,기타,,경기도 화성시 동탄구 반송동 192-1,37.1894399844,127.0744114729,14400.0,,,,,,,경기도 화성시 공원녹지사업소 동부공원관리과,031-5189-6961,20260201
미관광장 37호,기타,,경기도 화성시 동탄구 능동 1113-7,,,930.0,,,,,,,경기도 화성시 공원녹지사업소 동부공원관리과,031-5189-6961,20260201
미관광장 38호,기타,,경기도 화성시 동탄구 능동 1114-7,,,962.0,,,,,,,경기도 화성시 공원녹지사업소 동부공원관리과,031-5189-6961,20260201
미관광장 39호,기타,,경기도 화성시 동탄구 반송동 41-7,37.2094112259,127.0616236162,1443.0,,,,,,,경기도 화성시 공원녹지사업소 동부공원관리과,031-5189-6961,20260201
미관광장 41호,기타,,경기도 화성시 동탄구 동탄면 석우리 22,,,8162.0,,,,,,,경기도 화성시 공원녹지사업소 동부공원관리과,031-5189-6961,20260201
미관광장 43호,기타,,경기도 화성시 동탄구 반송동 42-4,37.2078749242,127.0644599894,6459.0,,,,,,,경기도 화성시 공원녹지사업소 동부공원관리과,031-5189-6961,20260201
미관광장 44호,기타,,경기도 화성시 동탄구 반송동 200-4,37.1908415855,127.075469361,942.0,,,,,,,경기도 화성시 공원녹지사업소 동부공원관리과,031-5189-6961,20260201
월곶조각공원,근린공원,경기도 김포시 월곶면 용강로37번길 76-44,경기도 김포시 월곶면 고막리 산80,37.7238112935,126.5519094503,287293.0,,,,,,19770127,경기도 김포시 문화관광과,031-980-2480,20251124
통진근린공원1호(마송근린1),근린공원,경기도 김포시 통진읍 마송1로 146,경기도 김포시 통진읍 마송리 501,37.6885340268,126.5931321232,34163.0,,,,,,19770127,경기도 김포시 공원관리과,031-5186-4641,20251124
사우구획2(김포어린이2),어린이공원,경기도 김포시 봉화로 13-17,경기도 김포시 사우동 249-3,37.6175331506,126.7157916568,1701.0,체력단련시설,조합놀이대,,,,19860419,경기도 김포시 공원관리과,031-5186-4617,20251124
사우택지2(김포어린이7),어린이공원,,경기도 김포시 북변동 804,37.6246756695,126.7141870954,2037.0,,조합놀이대,,,,19860419,경기도 김포시 공원관리과,031-5186-4617,20251124
사우택지4(김포어린이9),어린이공원,,경기도 김포시 사우동 910,37.6194977797,126.7221902378,2377.0,체력단련시설,조합놀이대+그네,,,,19860419,경기도 김포시 공원관리과,031-5186-4617,20251124
한강근린9,근린공원,경기도 김포시 김포한강11로438번길 8-52,경기도 김포시 운양동 1287-1,37.652001692,126.6973140187,31172.0,,조합놀이대+흔들놀이대,화장실,,,20071029,경기도 김포시 공원관리과,031-5186-4627,20251124
양촌어린이24,어린이공원,,경기도 김포시 양촌읍 양곡리 471,,,3038.0,체력단련시설,조합놀이대,,,,20080916,경기도 김포시 공원관리과,031-5186-4641,20251124
한강근린16,근린공원,,경기도 김포시 장기동 1868-3,37.6489371009,126.6646064147,6543.0,게이트볼장,,주차장,,,20081103,경기도 김포시 공원관리과,031-5186-4627,20251124
한강근린17,근린공원,경기도 김포시 김포한강7로22번길 145,경기도 김포시 마산동 615-8,37.6416316071,126.637862166,18686.0,xgame시설,,,,,20081222,경기도 김포시 공원관리과,031-5186-4641,20251124
한강소공원18,소공원,,경기도 김포시 장기동 2047-6,37.6400695047,126.6734225541,1526.0,체력단련시설,,,,,20081222,경기도 김포시 공원관리과,031-5186-4627,20251124
한강소공원19,소공원,,경기도 김포시 장기동 1944-6,37.6459188936,126.6758000972,585.0,,,,,,20081222,경기도 김포시 공원관리과,031-5186-4627,20251124
한강소공원21,소공원,,경기도 김포시 운양동 1270-12,37.6527793091,126.6967203598,1513.0,체력단련시설,,,,,20081222,경기도 김포시 공원관리과,031-5186-4627,20251124
애기봉평화공원,문화공원,경기도 김포시 월곶면 평화공원로 291,경기도 김포시 월곶면 조강리 산4-1,,,961743.0,,,,,,20090828,경기도 김포시 문화관광과,031-980-2480,20251124
김포어린이24,어린이공원,,경기도 김포시 풍무동 769,37.6031451614,126.7224468572,1572.0,체력단련시설,조합놀이대+그네,,,,20100129,경기도 김포시 공원관리과,031-5186-4617,20251124
양곡택지4,근린공원,경기도 김포시 양촌읍 양곡로 413,경기도 김포시 양촌읍 양곡리 1243,37.6604256083,126.6343796683,33183.0,체력단련시설+배드민턴장,,주차장+화장실,,,20050105,경기도 김포시 공원관리과,031-5186-4641,20251124
마송어린이1,어린이공원,,경기도 김포시 통진읍 마송리 511,37.687936328,126.5935175796,2649.0,,조합놀이대,,,,20050105,경기도 김포시 공원관리과,031-5186-4641,20251124
한강어린이6,어린이공원,,경기도 김포시 마산동 650-9,37.6359181736,126.6445001511,1546.0,체력단련시설,조합놀이대+그네+흔들놀이,,,,20071029,경기도 김포시 공원관리과,031-5186-4641,20251124
김포어린이42,어린이공원,,경기도 김포시 풍무동 258-28,,,1786.0,,,,,,20120229,경기도 김포시 공원관리과,031-5186-4617,20251124
장기근린2,근린공원,경기도 김포시 김포한강1로 29,경기도 김포시 장기동 1641,37.6413761961,126.6662808948,42824.0,체력단련시설,,화장실+주차장,,,20040105,경기도 김포시 공원관리과,031-5186-4627,20251124
사우택지1(김포어린이6),어린이공원,,경기도 김포시 북변동 801,37.6280565418,126.7128010139,3479.0,체력단련시설+농구장,,,,,19860419,경기도 김포시 공원관리과,031-5186-4617,20251124
장기어린이56,어린이공원,,경기도 김포시 장기동 1343,37.6478485993,126.6676565922,1906.0,,조합놀이대+그네,,,,19971230,경기도 김포시 공원관리과,031-5186-4632,20251124
장기어린이57,어린이공원,,경기도 김포시 장기동 1323,37.6484067292,126.6666013431,1739.0,,조합놀이대,,,,19971230,경기도 김포시 공원관리과,031-5186-4632,20251124
한강어린이12,어린이공원,,경기도 김포시 운양동 1326-11,37.6514830738,126.6869081904,3323.0,체력단련시설,조합놀이대+프렉시토스코프+공중부양비행기+톱니바퀴회전놀이판+흔들놀이,,,,20071029,경기도 김포시 공원관리과,031-5186-4632,20251124
한강어린이14,어린이공원,,경기도 김포시 운양동 1274-12,37.6520728126,126.6994126102,2023.0,체력단련시설,조합놀이대+유아놀이대+시소+흔들놀이,,,,20071029,경기도 김포시 공원관리과,031-5186-4632,20251124
한강어린이15,어린이공원,,경기도 김포시 운양동 1315-1,37.6510600002,126.6909658185,6005.0,배드민턴장+체력단련시설,조합놀이대+유아놀이대+그네+시소+흔들놀이,,,,20071029,경기도 김포시 공원관리과,031-5186-4632,20251124
한강어린이16,어린이공원,,경기도 김포시 운양동 1316-1,37.6498819583,126.6936288544,6977.0,배드민턴장+체력단련시설,조합놀이대+유아놀이대+곰소꿉놀이집+시소+흔들놀이,,야외무대,,20071029,경기도 김포시 공원관리과,031-5186-4632,20251124
풍무제1어린이공원,어린이공원,,경기도 김포시 풍무동 765,37.6036421176,126.726390142,7123.0,체력단련시설,조합놀이대,,,,20071105,경기도 김포시 공원관리과,031-5186-4617,20251124
한강근린12,근린공원,,경기도 김포시 마산동 621-1,37.6408815723,126.6437308273,122176.0,체력단련시설,,,,,20071029,경기도 김포시 공원관리과,031-5186-4641,20251124
한강근린13,근린공원,,경기도 김포시 장기동 2001-1,37.641781938,126.6765682223,26663.0,,,녹도교,,,20071029,경기도 김포시 공원관리과,031-5186-4627,20251124
한강근린15,근린공원,,경기도 김포시 운양동 1259-1,37.6537933935,126.6930286799,17194.0,,,주차장,,,20071029,경기도 김포시 공원관리과,031-5186-4627,20251124
한강근린2,근린공원,,경기도 김포시 구래동 6874-18,37.6506306229,126.6304833464,11138.0,배드민턴장+체력단련시설,,,,,20071029,경기도 김포시 공원관리과,031-5186-4641,20251124
한강근린3,근린공원,,경기도 김포시 구래동 6893-4,37.6400557548,126.6249740243,10019.0,체력단련시설,,,,,20071029,경기도 김포시 공원관리과,031-5186-4641,20251124
한강근린5,근린공원,,"경기도 김포시 마산동 634-1, 643-4",37.6424200798,126.6396892782,40717.0,배드민턴장+농구장+체력단련시설+xgame시설,,,,,20071029,경기도 김포시 공원관리과,031-5186-4641,20251124
한강근린7,근린공원,,경기도 김포시 장기동 1888-15,37.6411244502,126.6589093396,99736.0,배드민턴장,,,,,20071029,경기도 김포시 공원관리과,031-5186-4627,20251124
북변근린공원(김포1호),근린공원,,경기도 김포시 북변동 산5-1,37.6304762093,126.7070174366,44500.0,,,,,,19730627,경기도 김포시 공원녹지과,,20251124
하성근린공원(태산패밀리파크),근린공원,,경기도 김포시 하성면 석탄리 산109,,,180503.0,,,,,,19741216,경기도 김포시 공원녹지과,031-980-2346,20251124
고촌근린공원(고촌11호),근린공원,경기도 김포시 고촌읍 수기로 43,경기도 김포시 고촌읍 신곡리 1250,37.5994154572,126.7660867937,50769.0,체력단련시설+축구장+배드민턴장,,화장실+주차장,,,19770127,경기도 김포시 공원관리과,031-5186-4617,20251124
김포어린이35,어린이공원,,경기도 김포시 풍무동 837,37.6146273125,126.7276257845,1501.0,,,,,,20100826,경기도 김포시 공원관리과,031-5186-4617,20251124
김포어린이37,어린이공원,,경기도 김포시 풍무동 907,37.6109150531,126.7255946758,1500.0,,,,,,20100826,경기도 김포시 공원관리과,031-5186-4617,20251124
김포어린이41,어린이공원,,경기도 김포시 풍무동 303-1,,,2000.0,,,,,,20100826,경기도 김포시 공원관리과,031-5186-4617,20251124
풍년근린공원(김포5호),근린공원,경기도 김포시 김포대로926번길 113,경기도 김포시 북변동 831,37.6242743829,126.7197663719,10712.0,체력단련시설+농구장,그네,화장실,,,19860419,경기도 김포시 공원관리과,031-5186-4617,20251124
걸포근린공원(김포3호),근린공원,,경기도 김포시 걸포동 1553,37.6370971626,126.708479672,148600.0,체력단련시설+농구장+배드민턴장+축구장,조합놀이대,주차장+매점+화장실,,,19860419,경기도 김포시 공원관리과,031-5186-4617,20251124
신향근린공원(김포4호),근린공원,,경기도 김포시 걸포동 1569,37.6328280001,126.7088106407,14104.0,체력단련시설+배드민턴장,,,,,19860419,경기도 김포시 공원관리과,031-5186-4617,20251124
삼환공원(김포어린이4),어린이공원,,경기도 김포시 감정동 660,37.6282621315,126.7010368,4149.0,체력단련시설,조합놀이대+그네,,,,19910605,경기도 김포시 공원관리과,031-5186-4617,20251124
김포소공원50,소공원,,경기도 김포시 걸포동 1605,37.6319685095,126.7050304093,1265.0,,,,,,20101029,경기도 김포시 공원관리과,031-5186-4617,20251124
학운2소공원51,소공원,,경기도 김포시 양촌읍 학운리 3352,37.6028598682,126.5908387104,5407.0,체력단련시설,,,,,20101129,경기도 김포시 공원관리과,031-5186-4641,20251124
어린이공원,어린이공원,,경기도 용인시 수지구 상현동 1109,37.301344246,127.0762198946,3820.0,,,,,,20090311,,,20250801
학운(2)산단(42호),근린공원,,경기도 김포시 양촌읍 학운리 1758,,,19829.0,체력단련시설+농구장+배드민턴장,,주차장+화장실,,,20081218,경기도 김포시 공원관리과,031-5186-4641,20251124
신화공원(김포어린이3),어린이공원,,경기도 김포시 감정동 675,37.6255820663,126.701162685,4751.0,체력단련시설+농구장,조합놀이대+그네,,,,19910605,경기도 김포시 공원관리과,031-5186-4641,20251124
봉화공원(김포어린이5),어린이공원,,경기도 김포시 북변동 720,37.6274615986,126.7041040959,2357.0,체력단련시설,조합놀이대,,,,19910605,경기도 김포시 공원관리과,031-5186-4641,20251124
한강소공원16,소공원,,경기도 김포시 운양동 1283-9,37.6497888277,126.6984158851,528.0,,,,,,20071029,경기도 김포시 공원관리과,031-5186-4627,20251124
학운3소공원50,소공원,,경기도 김포시 양촌읍 학운리 1364,,,7467.0,,,,,,20130408,경기도 김포시 공원관리과,031-5186-4641,20251124
항공근린공원1호,근린공원,,경기도 김포시 대곶면 대벽리 1062,,,11096.0,,,,,,20051117,경기도 김포시 공원관리과,031-5186-4641,20251124
양산근린1,근린공원,경기도 김포시 양촌읍 황금2로 12,경기도 김포시 양촌읍 학운리 2963,37.6139500763,126.6180817583,9996.0,체력단련시설,,주차장+화장실,,,20060703,경기도 김포시 공원관리과,031-5186-4641,20251124
장기어린이3,어린이공원,,경기도 김포시 장기동 1549,37.6408445564,126.6729972635,3001.0,체력단련시설,조합놀이대,,,,20070618,경기도 김포시 공원관리과,031-5186-4632,20251124
한강주제5,문화공원,,경기도 김포시 운양동 1325-1,37.6476230583,126.6792356019,615683.0,배드민턴장+농구장,,주차장+화장실,,,20071029,경기도 김포시 공원관리과,031-5186-4627,20251124
한강소공원1,소공원,,경기도 김포시 마산동 672-4,37.6363854504,126.6406869866,622.0,,,,,,20071029,경기도 김포시 공원관리과,031-5186-4641,20251124
사우택지6(김포어린이11),어린이공원,,경기도 김포시 사우동 948,37.6202769747,126.7177839538,3042.0,체력단련시설+농구장,,,,,19860419,경기도 김포시 공원관리과,031-5186-4617,20251124
천둥근린공원(고촌10호),근린공원,경기도 김포시 고촌읍 수기로 43,경기도 김포시 고촌읍 신곡리 1250,37.5994154572,126.7660867937,39409.0,,,,,,19870420,경기도 김포시 공원관리과,031-5186-4617,20251124
학운2어린이47,어린이공원,,경기도 김포시 양촌읍 학운리 3316,37.6049453493,126.593837603,4651.0,체력단련시설,조합놀이대,,,,20081218,경기도 김포시 공원관리과,031-5186-4617,20251124
사우택지5(김포어린이10),어린이공원,,경기도 김포시 사우동 1043,37.6218151817,126.7150331832,2521.0,체력단련시설,조합놀이대+그네,,,,19860419,경기도 김포시 공원관리과,031-5186-4617,20251124
풍무2지구(김포27호),근린공원,,"경기도 김포시 풍무동 940, 941",37.6108220512,126.7299042065,34435.0,,,,,,20100826,경기도 김포시 공원관리과,031-5186-4617,20251124
고촌물류단지(35호),근린공원,,경기도 김포시 고촌읍 전호리 667,37.5976333332,126.7825125163,15586.0,,,,,,20100630,경기도 김포시 공원관리과,031-5186-4617,20251124
고촌물류단지(36호),근린공원,경기도 김포시 고촌읍 아라육로58번길 35-10,경기도 김포시 고촌읍 전호리 717,37.5925423135,126.7903266493,12706.0,,,,,,20100630,경기도 김포시 공원관리과,031-5186-4617,20251124
향교어린이공원,어린이공원,,경기도 파주시 금촌동 1027,37.7488709019,126.7752122123,1500.0,,조합놀이대+흔들놀이,,,,,경기도 파주시청,031-940-8406,20250618
금능어린이공원,어린이공원,경기도 파주시 쇠재안길 13,경기도 파주시 금릉동 442-2,37.7518683871,126.7798058965,1500.0,,조합놀이대+흔들놀이,,,,,경기도 파주시청,031-940-8406,20250618
천수공원,어린이공원,경기도 파주시 아동로 41,경기도 파주시 아동동 358-6,37.765990458,126.7787710797,1500.0,,조합놀이대+그네+흔들놀이+미끄럼틀,,,,,경기도 파주시청,031-940-8406,20250618
안곡,어린이공원,,경기도 부천시 원미구 역곡동 24-67,37.4899462272,126.8165348033,2573.0,,,,,,20170313,경기도 부천시청,032-625-4843,20250731
안중근,근린공원,경기도 부천시 원미구 송내대로 236,경기도 부천시 원미구 중동 1169,37.5044423933,126.7590412293,17591.8,,회전놀이기구 등 5개,화장실,야외공연장,,19901127,경기도 부천시청,032-625-4843,20250731
앞들수변공원,수변공원,경기도 부천시 소사구 범안로 248,경기도 부천시 소사구 계수동 74,37.4599784872,126.8126806926,7024.0,배드민턴장+족구장+체력단련장 등 9,,,,,20140311,경기도 부천시청,032-625-4843,20250731
한강어린이9,어린이공원,경기도 김포시 태장로769번길 34,경기도 김포시 장기동 2085-1,37.6384696371,126.6824078681,7038.0,체력단련시설,조합놀이대+그네+시소+흔들놀이,,,,20071029,경기도 김포시 공원관리과,031-5186-4632,20251124
한강어린이10,어린이공원,,경기도 김포시 장기동 1300-10,,,8875.0,체력단련시설,조합놀이대+유아놀이대+개구리소꿉놀이집+그네+시소+흔들놀이,,,,20071029,경기도 김포시 공원관리과,031-5186-4632,20251124
김포어린이25,어린이공원,,경기도 김포시 풍무동 774,37.6030730622,126.7263757924,1534.0,,,,,,20100129,경기도 김포시 공원관리과,031-5186-4617,20251124
한강어린이11,어린이공원,,경기도 김포시 운양동 1326-2,37.6513785748,126.6837541795,2105.0,체력단련시설,조합놀이대+나무실로폰+톱니바퀴회전놀이판+소리울림통,,,,20071029,경기도 김포시 공원관리과,031-5186-4632,20251124
장기근린공원(장기46호),근린공원,,경기도 김포시 장기동 1313,37.6480672524,126.6638729491,7133.0,체력단련시설,조합놀이대,,,,19971230,경기도 김포시 공원관리과,031-5186-4627,20251124
갈미한글공원,문화공원,경기도 의왕시 문화예술로 65,경기도 의왕시 내손동 228-1,37.3779649825,126.9849551873,12537.0,,,,,분수,20110517,경기도 의왕시청,031-345-3534,20251128
고천체육공원,체육공원,경기도 의왕시 오전로 18,경기도 의왕시 왕곡동 270-2,37.3463860604,126.9820548509,15635.0,축구장+테니스장+배구+배드민턴,미끄럼틀,매점+화장실+주차장,,,19950419,경기도 의왕시청,031-345-2562,20251128
부곡체육공원,체육공원,경기도 의왕시 부곡공원길 6,경기도 의왕시 월암동 421,37.3146342308,126.9587537605,34503.0,축구장+씨름장+배구+배스민턴,미끄럼틀,화장실+주차장,,,20000620,경기도 의왕시청,031-345-2562,20251128
양안,어린이공원,,경기도 부천시 소사구 송내동 377-8,37.4844315349,126.7678741279,3462.1,,조합놀이대 등 2개,,,,20060804,경기도 부천시청,032-625-4843,20250731
빛가람어린이공원,어린이공원,,경기도 용인시 수지구 동천동 955-2,37.3341601082,127.0909171347,1506.0,,,,,,20060710,,,20250801
양은리,어린이공원,경기도 부천시 소사구 경인로170번길 80,경기도 부천시 소사구 송내동 599-2,37.480468456,126.7738683194,2163.1,다목적구장,그네 등 7개,화장실,,,19710510,경기도 부천시청,032-625-4843,20250731
어울림,근린공원,,경기도 부천시 원미구 중동 1108,37.4998677334,126.7782674535,3460.2,,,,,,20111107,경기도 부천시청,032-625-4843,20250731
어울마당,어린이공원,경기도 부천시 오정구 소사로807번길 8,경기도 부천시 오정구 원종동 472,37.5281443137,126.8044163802,1514.0,,조합놀이대 등 3개,화장실,,,20070226,경기도 부천시청,032-625-4843,20250731
여월근린,근린공원,경기도 부천시 오정구 소사로 638,경기도 부천시 오정구 여월동 318,37.5137431269,126.8017551735,84431.3,,,,,,20031128,경기도 부천시청,032-625-4843,20250731
여월체육,체육공원,경기도 부천시 오정구 성오로 1,경기도 부천시 오정구 여월동 321,37.514336313,126.8045219279,10927.9,배드민턴장+족구장+그라운드골프장,,화장실,,,20031128,경기도 부천시청,032-625-4843,20250731
연꽃,어린이공원,경기도 부천시 원미구 옥산로 38,경기도 부천시 원미구 중동 1099,37.4970304716,126.7819323881,7958.1,배드민턴장+농구장,그네 등 4개,화장실,,,19901127,경기도 부천시청,032-625-4843,20250731
오정대,근린공원,경기도 부천시 오정구 상오정로 183,경기도 부천시 오정구 오정동 1-3,37.5297606683,126.7957885538,119392.0,,흔들놀이기구 등 4개,화장실,야외공연장,,20150302,경기도 부천시청,032-625-4843,20250731
옥산,어린이공원,경기도 부천시 원미구 옥산로113번길 38,경기도 부천시 원미구 중동 1075,37.5041475662,126.7783908653,2023.8,농구장,흔들놀이기구 등 7개,화장실,,,19901127,경기도 부천시청,032-625-4843,20250731
용못내,근린공원,경기도 부천시 소사구 부광로 197,경기도 부천시 소사구 옥길동 735,37.4698452076,126.824645467,19764.9,,,화장실,,,20100427,경기도 부천시청,032-625-4843,20250731
감정제3공원(김포21호),근린공원,,경기도 김포시 감정동 산23-1,,,41680.0,,,,,,20060821,경기도 김포시 공원관리과,031-5186-4617,20251124
인향제1공원(고촌25호),근린공원,,경기도 김포시 고촌읍 신곡리 890,37.5958534806,126.7611527083,52269.0,,,,,,20160722,경기도 김포시 공원관리과,031-5186-4617,20251124
신곡6지구(26호)신곡3공원,어린이공원,,경기도 김포시 고촌읍 신곡리 988,37.5920143077,126.7586095614,9827.0,,,,,,20160531,경기도 김포시 공원관리과,031-5186-4617,20251124
향산지구 제1문화공원,문화공원,,경기도 김포시 고촌읍 향산리 936-15,37.6200753183,126.7514428738,6798.0,,,,,,20150925,경기도 김포시 공원관리과,031-5186-4617,20251124
향산지구 제2어린이공원,어린이공원,,경기도 김포시 고촌읍 향산리 17-4,37.619756559,126.7508960091,4361.0,,,,,,20150925,경기도 김포시 공원관리과,031-5186-4617,20251124
다람이공원,어린이공원,,경기도 의왕시 포일동 651,37.4018612802,126.989312527,6969.9,야외운동기구,조합놀이대+그네+흔들놀이기구,,,분수,20060112,경기도 의왕시청,031-345-3535,20251128
반디공원,어린이공원,,경기도 의왕시 포일동 645-1,37.402408644,126.9850799572,1959.2,야외운동기구,조합놀이대+흔들놀이기구,,,분수,20060112,경기도 의왕시청,031-345-3535,20251128
까치공원,어린이공원,,경기도 의왕시 포일동 648,37.4043347867,126.9889504831,5782.7,야외운동기구,조합놀이대,,,,20060112,경기도 의왕시청,031-345-3535,20251128
모락공원,어린이공원,,경기도 의왕시 오전동 236-29,37.3591682214,126.973584727,4800.0,야외운동기구,조합놀이대,,,음수대,20090921,경기도 의왕시청,031-345-3534,20251128
별빛어린이공원,어린이공원,,경기도 의왕시 학의동 1134,37.369771587,127.008457076,2601.8,,,,,,20150123,경기도 의왕시청,031-345-3533,20251128
달빛어린이공원,어린이공원,,경기도 의왕시 학의동 1092,37.3734651462,127.0090729946,1501.1,,,,,,20150123,경기도 의왕시청,031-345-3533,20251128
하늘빛어린이공원,어린이공원,경기도 의왕시 백운중앙로 137,경기도 의왕시 학의동 1051,37.3748588822,127.011304023,2632.4,,,,,,20150123,경기도 의왕시청,031-345-3533,20251128
금천마을2-1호공원,소공원,,경기도 의왕시 이동 218-111,37.3289740064,126.9506795644,490.0,,,,,,20041206,경기도 의왕시청,031-345-3534,20251128
금천마을2-2호공원,소공원,,경기도 의왕시 이동 204-37,37.3292641981,126.9523827683,600.0,,,,,,20041206,경기도 의왕시청,031-345-3534,20251128
민백공원,소공원,,경기도 의왕시 내손동 843-1,37.3869344136,126.9750794383,419.9,야외운동기구,,,,,20041206,경기도 의왕시청,031-345-3534,20251128
두산위브공원,소공원,,경기도 의왕시 포일동 638-2,37.3917858829,126.9794019775,518.7,,,,,,20060911,경기도 의왕시청,031-345-3535,20251128
고촌어린이23,어린이공원,,경기도 김포시 고촌읍 신곡리 1285,37.6042710028,126.7680637009,2179.0,체력단련시설,조합놀이대,,,,20070528,경기도 김포시 공원관리과,031-5186-4617,20251124
양산근린2,근린공원,경기도 김포시 양촌읍 황금로128번길 38,경기도 김포시 양촌읍 학운리 2763,37.6198112804,126.6184317805,10141.0,체력단련시설+농구장,,화장실,,,20070611,경기도 김포시 공원관리과,031-5186-4641,20251124
숲마루 근린공원 2,근린공원,,경기도 용인시 처인구 모현읍 왕산리 982번지,37.3464988447,127.2614942859,28934.6,,,,,,20111007,,,20250801
죽전 제13 어린이공원,어린이공원,경기도 용인시 수지구 현암로 128-1,경기도 용인시 수지구 죽전동 1196,37.3311197626,127.1235872982,1524.0,,,,,,20160607,,,20250801
새터어린이공원,어린이공원,,경기도 용인시 수지구 죽전동 1167,37.3338359754,127.1190385557,5100.0,,,,,,20010209,,,20250801
작은막어린이공원,어린이공원,,경기도 용인시 수지구 죽전동 1166,37.3335905423,127.122894241,1604.0,,,,,,20010209,,,20250801
상보골어린이공원,어린이공원,,경기도 용인시 수지구 신봉동 977,37.3289764367,127.0635817932,1534.0,,,,,,20060629,,,20250801
양지말어린이공원,어린이공원,,경기도 용인시 수지구 신봉동 958,37.3292269755,127.0699471042,1664.0,,,,,,20060629,,,20250801
품목골 어린이공원,어린이공원,,경기도 용인시 수지구 신봉동 947,37.3317564145,127.0651074826,1743.0,,,,,,20060629,,,20250801
신봉어린이공원,어린이공원,,경기도 용인시 수지구 신봉동 943,37.3292726705,127.0722490859,2114.0,,,,,,20060629,,,20250801
신일어린이공원,어린이공원,,경기도 용인시 수지구 신봉동 921,37.3282483897,127.0772417567,3068.0,,,,,,20030623,,,20250801
제21호 어린이공원(별다올어린이공원),어린이공원,,경기도 용인시 수지구 성복동 387-16,37.3213768655,127.0608359234,2744.4,,,,,,20051121,,,20250801
심곡 어린이공원,어린이공원,경기도 용인시 수지구 수지로 5-19,경기도 용인시 수지구 상현동1212 일원,37.3047889913,127.0727934256,9098.0,,,,,,20130701,,,20250801
손곡어린이공원,어린이공원,,경기도 용인시 수지구 동천동 865,37.3374025623,127.0954558266,2773.0,,,,,,20000531,,,20250801
역사공원,역사공원,경기도 용인시 수지구 포은대로 37,경기도 용인시 수지구 상현동 1185,37.2994684629,127.0647333964,8611.0,,,,,,20100707,,,20250801
제36호 어린이공원(내기),어린이공원,,경기도 용인시 기흥구 구갈동 271,37.2798498954,127.1178006677,1901.9,,,,,,19961127,,,20250801
대덕어린이공원,어린이공원,,경기도 용인시 수지구 죽전동 1181,37.3344132172,127.1246140561,1500.0,,,,,,20010209,,,20250801
공세제2호 어린이공원(자봉),어린이공원,,경기도 용인시 기흥구 공세동 697,37.2437307044,127.1115632957,9148.0,,,,,,20020624,,,20250801
공세제3호 어린이공원(버들),어린이공원,,경기도 용인시 기흥구 공세동 695,37.2402930106,127.1106101056,4500.8,,,,,,20020624,,,20250801
보라5어린이공원(하늘마루),어린이공원,,경기도 용인시 기흥구 공세동 681 일원,37.2423771561,127.1068917949,3300.0,,,,,,20030107,,,20250801
대영소공원(소공원9),소공원,,경기도 군포시 당정동 352-13,37.3530816981,126.9563746617,1066.0,,,,,,20100324,경기도 군포시청,031-390-0478,20250912
느티울공원,근린공원,,경기도 군포시 금정동 875-10,37.3542295968,126.9282346649,13263.0,,,,,,19940915,경기도 군포시청,031-390-0474,20250912
옥천어린이공원,어린이공원,,경기도 군포시 당동 873-1,37.345441555,126.9435850532,1532.2,,,,,,19940908,경기도 군포시청,031-390-0478,20250912
백합어린이공원,어린이공원,,경기도 군포시 산본동 1063-1,37.3676978644,126.9329631952,2742.1,,,,,,19940915,경기도 군포시청,031-390-0478,20250912
안골어린이공원,어린이공원,,경기도 군포시 당동 763-27,37.3514368434,126.9411287032,984.9,,,,,,19910111,경기도 군포시청,031-390-0478,20250912
도담도담어린이공원(기흥역세권),어린이공원,,경기도 용인시 기흥구 구갈동 669,37.2733115959,127.1171575797,6459.0,,,,,,20101209,,,20250801
능내어린이공원,어린이공원,경기도 군포시 고산로643번길 10,경기도 군포시 산본동 1065-3,37.3693242361,126.9316198639,1500.0,,,,,,19911115,경기도 군포시청,031-390-0478,20250912
앞산어린이공원,어린이공원,경기도 군포시 군포로476번안길 8,경기도 군포시 당동 900-1,37.3491330855,126.9457703203,2000.0,,,,,,19971211,경기도 군포시청,031-390-0478,20250912
새마을어린이공원,어린이공원,,경기도 군포시 당동 910,37.3477255438,126.9474677302,2281.0,,,,,,19950422,경기도 군포시청,031-390-0478,20250912
웃터어린이공원,어린이공원,,경기도 군포시 당동 755,37.3540787606,126.9432661067,1495.8,,,,,,19950519,경기도 군포시청,031-390-0478,20250912
월구지어린이공원,어린이공원,,경기도 군포시 당동 948-4,37.3525591705,126.9395300181,2203.2,,,,,,19990304,경기도 군포시청,031-390-0478,20250912
2단지 소공원,소공원,경기도 과천시 별양로 11,경기도 과천시 원문동 2,,,3802.0,체력단련시설,,,,조경시설,20110809,경기도 과천시청,02-3677-2363,20250801
새골소공원(소공원11),소공원,,경기도 군포시 도마교동 471-5,37.3148740294,126.9252813126,1577.2,,,,,,20071224,경기도 군포시청,031-390-0478,20250912
대우전자부품지구공원,소공원,,경기도 군포시 당정동 1043,37.3503420834,126.9530091506,1184.7,,,,,,20100510,경기도 군포시청,031-390-0478,20250912
소공원12,소공원,,경기도 군포시 당정동 1016-4,37.34259606,126.9489410385,739.7,,,,,,20130327,경기도 군포시청,031-390-0478,20250912
눈꽃어린이공원,어린이공원,경기도 군포시 번영로28번길 45-48,경기도 군포시 부곡동 1130-2,37.3256823673,126.9461758435,1500.2,,,,,,20030620,경기도 군포시청,031-390-0478,20250912
참그루소공원(당정2지구),소공원,경기도 군포시 공단로140번길 27,경기도 군포시 당정동 181-5,37.3581075669,126.9528183042,4548.0,,,,,,20111215,경기도 군포시청,031-390-0478,20250912
오금공원,근린공원,,경기도 군포시 금정동 871-6,37.3523080146,126.9349669126,10140.2,,,,,,19940915,경기도 군포시청,031-390-0474,20250912
재궁공원,근린공원,경기도 군포시 오금로 123,경기도 군포시 금정동 850-2,37.3584419859,126.9395364087,10288.6,,,,,,19940915,경기도 군포시청,031-390-0474,20250912
한강주제1,문화공원,,경기도 김포시 마산동 617-1,37.6462430195,126.6339199176,104511.0,,,주차장+화장실,,,20071029,경기도 김포시 공원관리과,031-5186-4641,20251124
한강주제2,문화공원,,경기도 김포시 구래동 673-1,,,127592.0,파크골프장+조깅트랙,,주차장+화장실,야외무대,수경시설,20071029,경기도 김포시 공원관리과,031-5186-4641,20251124
한강주제4,문화공원,,경기도 김포시 장기동 642-1,,,74148.0,,,주차장+화장실,야외무대,수경폰드,20071029,경기도 김포시 공원관리과,031-5186-4627,20251124
한강주제6,수변공원,,경기도 김포시 운양동 1246-1,37.6597956252,126.6890445003,578615.0,,조합놀이대,주차장+화장실,생태습지+에코센터,,20071029,경기도 김포시 공원관리과,031-5186-4627,20251124
한강주제7,묘지공원,경기도 김포시 김포한강4로 419-39,경기도 김포시 마산동 618-1,37.6470758658,126.6391368171,110002.0,농구장+배드민턴장,,주차장+화장실,,봉안시설,20071029,경기도 김포시 노인장애인과,031-980-2215,20251124
한강주제3,체육공원,,경기도 김포시 마산동 642-1,37.6408863785,126.6494319618,202470.0,실내체육관+테니스장+xgame시설,,주차장+화장실,,,20071029,경기도 김포시 체육과,031-980-2585,20251124
한강소공원4,소공원,,경기도 김포시 장기동 1886-9,37.6451215149,126.6639222766,927.0,,,,,,20071029,경기도 김포시 공원관리과,031-5186-4627,20251124
한강소공원5,소공원,,경기도 김포시 장기동 1898-6,37.6483309144,126.6717499459,2364.0,체력단련시설,,,,,20071029,경기도 김포시 공원관리과,031-5186-4627,20251124
한강소공원6,소공원,,경기도 김포시 장기동 1940-4,37.6474567507,126.6749955753,420.0,,,,,,20071029,경기도 김포시 공원관리과,031-5186-4627,20251124
한강소공원8,소공원,,경기도 김포시 운양동 1310-9,37.6511389834,126.6887933554,1100.0,체력단련시설,,,,,20071029,경기도 김포시 공원관리과,031-5186-4627,20251124
한강소공원9,소공원,,경기도 김포시 운양동 1292-4,37.6519077519,126.6937463427,770.0,,,,,,20071029,경기도 김포시 공원관리과,031-5186-4627,20251124
한강소공원10,소공원,,경기도 김포시 운양동 1317-1,37.6491303776,126.6946595808,1039.0,,,,,,20071029,경기도 김포시 공원관리과,031-5186-4627,20251124
김포소공원1-1,소공원,,경기도 김포시 사우동 1482,37.6216056453,126.725350555,9820.0,,,,,,20110927,경기도 김포시 공원관리과,031-5186-4617,20251124
향산근린1,근린공원,,경기도 김포시 고촌읍 향산리 109-15 일원,37.6212643284,126.7423610729,28293.0,,,,,,20150925,경기도 김포시 공원관리과,031-5186-4617,20251124
신곡6지구(24호)신곡1공원,소공원,,경기도 김포시 고촌읍 신곡리 1008-47 일원,37.589716204,126.7620109416,2621.0,,,,,,20160531,경기도 김포시 공원관리과,031-5186-4617,20251124
밤일제2소공원,소공원,,경기도 광명시 하안동 867-1,37.454151162,126.8619609678,202.0,,,,,,20090602,경기도 광명시청,02-2680-2887,20251209
향산지구 제1어린이공원,어린이공원,,경기도 김포시 고촌읍 향산리 17-4 일원,37.619756559,126.7508960091,1872.0,,,,,,20150925,경기도 김포시 공원관리과,031-5186-4617,20251124
양곡근린3,근린공원,경기도 김포시 양촌읍 양곡4로197번길 40,경기도 김포시 양촌읍 양곡리 1240,37.6616388036,126.6314404691,27832.0,체력단련시설,,,,,20050105,경기도 김포시 공원관리과,031-5186-4641,20251124
양곡택지6,근린공원,,경기도 김포시 양촌읍 양곡리 1331,37.6535683362,126.6284963282,42860.0,체력단련시설,,주차장+화장실,,,20050105,경기도 김포시 공원관리과,031-5186-4641,20251124
마송근린2,근린공원,경기도 김포시 통진읍 마송공원길 50,경기도 김포시 통진읍 마송리 525,37.6865847484,126.5986904673,33961.0,체력단련시설,,주차장+화장실,,,20050105,경기도 김포시 공원관리과,031-5186-4641,20251124
마송근린4,근린공원,경기도 김포시 통진읍 김포대로 2148,경기도 김포시 통진읍 마송리 588,37.6857605769,126.6064578829,23217.0,체력단련시설,,주차장+화장실,,,20050105,경기도 김포시 공원관리과,031-5186-4641,20251124
2호 근린공원(신창근린공원),근린공원,,경기도 평택시 서정동 608-2답,,,186797.0,,,,,,20130104,경기도 평택시청,031-8024-4248,20260313
장기어린이5,어린이공원,,경기도 김포시 장기동 1514,37.6437633539,126.6724743067,2062.0,체력단련시설,조합놀이대,,,,20050530,경기도 김포시 공원관리과,031-5186-4632,20251124
고읍제1근린공원(푸르네),근린공원,경기도 양주시 고읍로 27,경기도 양주시 고읍동 445,37.8003729246,127.0784971761,11013.0,다목적구장,모래놀이터,파고라+벤치+자전거보관대,,,20041229,경기도 양주시청 공원사업과,031-8082-7311,20250912
고읍제2근린공원(하늘물),근린공원,경기도 양주시 고읍남로 205,경기도 양주시 광사동 659,37.791679403,127.0847478927,75051.0,농구장+게이트볼장+배드민턴장,아이누리놀이터,화장실+등벤치+파고라,,,20041229,경기도 양주시청 공원사업과,031-8082-7311,20250912
고읍제3근린공원(토리),근린공원,경기도 양주시 고읍남로191번길 59,경기도 양주시 광사동 683,37.7915403962,127.0811255588,46586.0,,아이누리놀이터,정자+등벤치+앉음벽+자전거보관대,,,20041229,경기도 양주시청 공원사업과,031-8082-7311,20250912
고읍제5근린공원(나리),근린공원,경기도 양주시 광사로 131-66,경기도 양주시 광사동 731,37.7858015059,127.081828006,25053.0,,발물놀이시설,정자+벤치+파고라+화장실+자전거보관대,,,20041229,경기도 양주시청 공원사업과,031-8082-7311,20250912
홍죽산업단지 근린공원,근린공원,경기도 양주시 백석읍 권율로1253번길 12,경기도 양주시 백석읍 홍죽리 952,37.8015368622,126.9655117204,28436.0,,조합놀이대,벤치+앉음벽+파고라+정자,,,20100331,경기도 양주시청 공원사업과,031-8082-7311,20250912
옥정제2근린공원(자연나음),근린공원,,경기도 양주시 옥정동 943-1,37.8346200316,127.09064291,74091.0,자가발전(허리돌리기+근육풀기+자전거),,안내판+벤치+파고라+자전거보관대+관찰데크,,,20071231,경기도 양주시청 공원사업과,031-8082-7318,20250912
옥정제4근린공원(능호관이인상),근린공원,경기도 양주시 옥정로8길 33,경기도 양주시 옥정동 952-2,37.8283853778,127.0937920557,75251.0,롤링웨이스트+체어웨이스트+터닝트위스트+워밍암+풀웨이트,정글놀이집+시소+흔들놀이,파고라+벤치+앉음벽+자전거보관대,,,20071231,경기도 양주시청 공원사업과,031-8082-7318,20250912
옥정제7근린공원(가온길),근린공원,,경기도 양주시 옥정동 962-3,37.8261445813,127.0934048507,38576.0,터닝트위스트+워밍암+풀웨이트,,파고라+원형테이블+자전거보관대,,,20071231,경기도 양주시청 공원사업과,031-8082-7317,20250912
옥정제9근린공원(꼬꼬지길),근린공원,,경기도 양주시 옥정동 962-6,37.8227410753,127.0929231317,14620.0,스트레칭로라+트윈워밍암+풀웨이트,민속그네+민속널뛰기,파고라+벤치+육각정자+수변데크,,,20071231,경기도 양주시청 공원사업과,031-8082-7317,20250912
용암리 비위생매립지 공원,근린공원,,경기도 양주시 은현면 용암리 185,37.863173269,127.046248419,10851.0,,,파고라+벤치,,,20090219,경기도 양주시청 공원사업과,031-8082-7311,20250912
덕정제2어린이공원,어린이공원,,경기도 양주시 덕정동 118-4,37.8465966689,127.0643578492,1507.0,,조합놀이대,음수대+앉음벽,,,19870608,경기도 양주시청 공원사업과,031-8082-7311,20250912
덕정제3어린이공원(일성트루엘),어린이공원,경기도 양주시 태봉로 17,경기도 양주시 덕정동 536-1,37.8426047959,127.070028284,3156.0,,조합놀이대+시소+그네,정자+평벤치+음수대+화장실,,,20090610,경기도 양주시청 공원사업과,031-8082-7311,20250912
벌터,어린이공원,,경기도 수원시 권선구 서둔동 27-114,37.2636958351,126.9908402505,1132.0,,,,,,,경기도 수원시 권선구 녹지공원과,031-5191-6195,20260115
소공원66,소공원,경기도 의왕시 오봉산단2로 8,경기도 의왕시 삼동 750,37.3297121473,126.954344975,2266.8,,,,,,20161228,경기도 의왕시청,031-345-3534,20251128
부곡공원,수변공원,경기도 의왕시 부곡시장길 76,경기도 의왕시 삼동 629,37.3181593183,126.9569340037,1085.0,,,,,,20141031,경기도 의왕시청,031-345-3534,20251128
웃골공원,수변공원,,경기도 의왕시 삼동 608,37.3195595625,126.9607978383,5447.4,,,,,분수,20141031,경기도 의왕시청,031-345-3534,20251128
아랫골공원,수변공원,경기도 의왕시 부곡사길 6,경기도 의왕시 삼동 624,37.3179444719,126.9592266092,17685.8,,,,,,20141031,경기도 의왕시청,031-345-3534,20251128
미소공원,수변공원,,경기도 의왕시 학의동 1081,37.3736440292,127.0070549566,3978.2,,,,,,20150123,경기도 의왕시청,031-345-3533,20251128
여울공원,수변공원,경기도 의왕시 속말길 27,경기도 의왕시 학의동 1098,37.3729323671,127.0075442362,28173.6,,,,,,20150123,경기도 의왕시청,031-345-3533,20251128
자연학습공원,근린공원,경기도 의왕시 왕송못동로 307,경기도 의왕시 월암동 543-3,37.307108967,126.9531542268,80715.0,,집와이어,주차장+화장실+푸드트럭,방문자안내소,도섭지+습지,19980515,경기도 의왕시청,031-345-3536,20251128
갈미문학공원,근린공원,경기도 의왕시 계원대학로 48,경기도 의왕시 내손동 765,37.379155919,126.9769952315,10000.0,야외운동기구+농구장+배드민턴장,,화장실,,,19991006,경기도 의왕시청,031-345-3534,20251128
언덕공원,근린공원,,경기도 의왕시 내손동 722,37.3823412096,126.9762174788,22214.5,야외운동기구,조합놀이대,,,,19811224,경기도 의왕시청,031-345-3534,20251128
빛솔공원,근린공원,,경기도 의왕시 내손동 847-1,37.3872897038,126.9773743757,14609.0,야외운동기구,,,,바닥분수,20041224,경기도 의왕시청,031-345-3534,20251128
한직공원,근린공원,,경기도 의왕시 청계동 993,37.3894238048,126.9979254034,10000.3,야외운동기구+배드민턴장,조합놀이대+그네,,,,20031112,경기도 의왕시청,031-345-3535,20251128
물빛공원,근린공원,,경기도 의왕시 포일동 647-1,37.3986801446,126.9849883734,25326.4,야외운동기구+배드민턴장,조합놀이대+흔들놀이기구,,,분수,20060112,경기도 의왕시청,031-345-3535,20251128
산빛공원,근린공원,경기도 의왕시 포일세거리로 44,경기도 의왕시 포일동 654,37.3991605781,126.9880188537,37712.3,야외운동기구,조합놀이대+흔들놀이기구,화장실,,분수,20060112,경기도 의왕시청,031-345-3535,20251128
왕송호수공원,근린공원,,경기도 의왕시 초평동 278-1,37.3094089878,126.9459799135,210915.0,야외운동기구,레일바이크,주차장+화장실+푸드트럭,조류생태과학관,분수+인공습지,20130906,경기도 의왕시청,031-345-3536,20251128
자연애공원,어린이공원,,경기도 의왕시 왕곡동 601,37.3435320944,126.9793471864,3034.7,야외운동기구,조합놀이대+흔들놀이기구,,,,19910307,경기도 의왕시청,031-345-3534,20251128
오전로가족공원,어린이공원,경기도 의왕시 오전로 185,경기도 의왕시 오전동 840,37.3573696413,126.9689033427,2621.9,야외운동기구+게이트볼장,조합놀이대,화장실,,,19910307,경기도 의왕시청,031-345-3534,20251128
장지이웃공원,근린공원,,경기도 화성시 동탄구 장지동 1064,37.1609935947,127.1072906875,15262.0,,,,,,,경기도 화성시 공원녹지사업소 동부공원관리과,031-5189-6961,20260201
탄현지방산업단지 어린이공원,어린이공원,,경기도 파주시 탄현면 성동리 693-20,37.7928825232,126.6930987213,1504.0,,,,,,,경기도 파주시청,031-940-8406,20250618
장지1호공원,근린공원,,경기도 화성시 동탄구 장지동 1073,37.1637357152,127.115455292,15651.0,배드민턴+다목적구장,놀이터,,,,,경기도 화성시 공원녹지사업소 동부공원관리과,031-5189-6961,20260201
미관광장 23호,기타,,경기도 화성시 동탄구 석우동 56-4,37.206911199,127.0756959635,137.2,,,,,,,경기도 화성시 공원녹지사업소 동부공원관리과,031-5189-6961,20260201
미관광장 24호,기타,,경기도 화성시 동탄구 석우동 58-2,37.2066141103,127.0761974931,158.6,,,,,,,경기도 화성시 공원녹지사업소 동부공원관리과,031-5189-6961,20260201
학운3체육공원11,체육공원,,경기도 김포시 양촌읍 학운리 581,,,15184.0,,,,,,20130408,경기도 김포시 체육과,031-980-2585,20251124
학운3어린이60,어린이공원,,경기도 김포시 양촌읍 학운리 1621,,,5832.0,,,,,,20130408,경기도 김포시 공원관리과,031-5186-4641,20251124
장기근린5,근린공원,,경기도 김포시 장기동 1646,37.6412298976,126.6674680524,13988.0,체력단련시설+농구장,,화장실,,,20050530,경기도 김포시 공원관리과,031-5186-4627,20251124
고촌어린이19(수기1공원),어린이공원,,경기도 김포시 고촌읍 신곡리 1249,37.6001399276,126.7674469689,1715.0,,조합놀이대+그네,,,,20050607,경기도 김포시 공원관리과,031-5186-4617,20251124
고촌어린이20(수기2공원),어린이공원,,경기도 김포시 고촌읍 신곡리 1260,37.5968344229,126.7701196247,1522.0,체력단련시설,조합놀이대+그네,,,,20050607,경기도 김포시 공원관리과,031-5186-4617,20251124
신모산공원,소공원,,경기도 안성시 신모산동 97,37.0199252217,127.2460899601,1444.0,,,,,,20180315,경기도 안성시청,031-678-6893,20250226
고촌어린이21(수기3공원),어린이공원,,경기도 김포시 고촌읍 신곡리 1268,37.5962925012,126.7670355278,1567.0,,조합놀이대+그네,,,,20050607,경기도 김포시 공원관리과,031-5186-4617,20251124
걸포어린이22,어린이공원,,경기도 김포시 걸포동 1560,37.634957927,126.7052091265,3450.0,,조합놀이대,,,,20060131,경기도 김포시 공원관리과,031-5186-4617,20251124
신곡노을공원(고촌31호),근린공원,,경기도 김포시 고촌읍 신곡리 1106,37.6041342537,126.7726905587,12881.0,체력단련시설+농구장+배드민턴장,조합놀이대,화장실,,,20060206,경기도 김포시 공원관리과,031-5186-4617,20251124
양산근린3,근린공원,,경기도 김포시 양촌읍 학운리 3021,37.6165033427,126.6257751348,10053.0,체력단련시설+배드민턴장,조합놀이대,,,,20060703,경기도 김포시 공원관리과,031-5186-4641,20251124
고촌어린이112,어린이공원,,경기도 김포시 고촌읍 태리 955-5,37.5873993814,126.7560610985,2000.0,,,,,,20060814,경기도 김포시 건설도로과,031-5186-4617,20251124
풍무5지구(풍무4공원),근린공원,,경기도 김포시 풍무동 771,37.6013256863,126.7246779846,82934.0,체력단련시설+농구장+배드민턴장,조합놀이대,주차장+화장실,,,20060821,경기도 김포시 공원관리과,031-5186-4617,20251124
금화공원,어린이공원,,경기도 파주시 금촌동 789-1,37.7557085685,126.7755036742,1503.0,,조합놀이대+흔들놀이,,,,,경기도 파주시청,031-940-8406,20250618
한마음공원,어린이공원,,경기도 파주시 금촌동 957-1,37.7571113213,126.7725019663,1500.0,,,,,,,경기도 파주시청,031-940-8406,20250618
새말어린이공원,어린이공원,,경기도 파주시 금촌동 424-33,37.7699447076,126.771878177,1500.0,,조합놀이대+오르는 기구+흔들놀이,,,,,경기도 파주시청,031-940-8406,20250618
약산공원,어린이공원,,경기도 파주시 탄현면 법흥리 1571,37.7723864047,126.7052760268,1769.2,,그네+미끄럼틀,,,,,경기도 파주시청,031-940-8406,20250618
여치공원,어린이공원,,경기도 파주시 탄현면 법흥리 1578,37.7707909618,126.7037508977,1589.9,,그네+미끄럼틀+흔들놀이+오르는 기구,,,,,경기도 파주시청,031-940-8406,20250618
소금쟁이공원,어린이공원,,경기도 파주시 탄현면 법흥리 1596,37.7694683697,126.7012546871,2574.4,,,조합놀이대+그네+흔들놀이,,,,경기도 파주시청,031-940-8406,20250618
당동산업단지1호,어린이공원,,경기도 파주시 문산읍 내포리 1637-3,37.8384294604,126.7797726132,1517.4,,조합놀이대,,,,,경기도 파주시청,031-940-8406,20250618
마송어린이2,어린이공원,,경기도 김포시 통진읍 마송리 533,37.685736305,126.5958781737,2748.0,,조합놀이대,,,,20050105,경기도 김포시 공원관리과,031-5186-4641,20251124
마송어린이3,어린이공원,,경기도 김포시 통진읍 마송리 27-2,,,6513.0,,조합놀이대,,,,20050105,경기도 김포시 공원관리과,031-5186-4641,20251124
중앙공원,근린공원,경기도 군포시 광정로 96,경기도 군포시 산본동 1122,37.3615809905,126.9286948223,40020.7,,,,,,19940915,경기도 군포시청,031-390-0474,20250912
초막골공원,근린공원,,경기도 군포시 산본동 855,37.3545020158,126.9191935601,561500.0,,,,,,20020116,경기도 군포시청,031-390-0474,20250912
소공원15,소공원,,경기도 군포시 대야미동 598-3,37.3176407307,126.9129551023,3197.2,,,,,,20130327,경기도 군포시청,031-390-0478,20250912
소공원16,소공원,,경기도 군포시 당정동 1009-5,37.3446397537,126.9491042738,517.4,,,,,,20130327,경기도 군포시청,031-390-0478,20250912
뒷골소공원(소공원3),소공원,,경기도 군포시 도마교동 479-2,37.3148794863,126.9233226418,4479.2,,,,,,20071224,경기도 군포시청,031-390-0478,20250912
아양2호소공원,소공원,,경기도 안성시 옥산동 558,37.0087432031,127.2549016524,795.0,,,,,,20111205,경기도 안성시청,031-678-6893,20250226
제1호어린이공원(송정지구),어린이공원,,경기도 군포시 도마교동 458-3,37.3183985064,126.9212114011,3088.0,,,,,,20140616,경기도 군포시청,031-390-0478,20250912
송정능말공원,근린공원,,경기도 군포시 도마교동 460-2,37.3175623199,126.9229686803,12737.6,,,,,,20070604,경기도 군포시청,031-390-0474,20250912
색동,어린이공원,,경기도 수원시 팔달구 인계동 384-1,37.2681800829,127.0349298459,2400.0,,조합놀이대1,,,,,경기도 수원시 팔달구 녹지공원과,031-5191-7043,20260115
공세제1호 어린이공원(탑실),어린이공원,,경기도 용인시 기흥구 공세동 712 일원,37.2454414255,127.1208057459,5812.0,,,,,,20060628,,,20250801
능안공원,근린공원,경기도 군포시 고산로677번길 21,경기도 군포시 산본동 1065,37.372215717,126.9321266517,63271.5,,,,,,19940915,경기도 군포시청,031-390-0474,20250912
한우물공원(당정2지구),근린공원,경기도 군포시 공단로140번길 27,경기도 군포시 당정동 181-44,37.3581075669,126.9528183042,10000.4,,,,,,20111215,경기도 군포시청,031-390-0474,20250912
송정중앙공원,근린공원,,경기도 군포시 도마교동 455,37.319484414,126.9208311093,47087.5,,,,,,20070604,경기도 군포시청,031-390-0474,20250912
도장공원,근린공원,,경기도 군포시 산본동 1145-7,37.3558894802,126.9287529351,33289.9,,,,,,19940915,경기도 군포시청,031-390-0474,20250912
둔전공원,근린공원,,경기도 군포시 산본동 1151-2,37.3580804578,126.921214277,37500.8,,,,,,19940915,경기도 군포시청,031-390-0474,20250912
궁내공원,근린공원,,경기도 군포시 산본동 1119-5,37.3652560098,126.9217691639,10031.2,,,,,,19940915,경기도 군포시청,031-390-0474,20250912
소공원(24호),소공원,,경기도 안양시 동안구 호계동 1308,37.373290896,126.9543090395,2158.8,,,,,,20100901,경기도 안양시 공원관리과,031-8045-5022,20251126
소공원(26호),소공원,,경기도 안양시 동안구 호계동 1305,37.3768499959,126.9545563653,820.6,,,,,,20100901,경기도 안양시 공원관리과,031-8045-5022,20251126
어린이공원(116호),어린이공원,,경기도 안양시 동안구 호계동 1303,37.3771374439,126.9537970827,5522.8,,,,,,20100901,경기도 안양시 공원관리과,031-8045-5022,20251126
도담도담어린이공원(115호),어린이공원,,경기도 안양시 동안구 호계동 1288,37.3759738284,126.9590641684,3597.4,,,,,,20100906,경기도 안양시 공원관리과,031-8045-5022,20251126
냉천어린이공원(35호),어린이공원,경기도 안양시 만안구 안양로257번길 32,경기도 안양시 만안구 안양동 627-311,37.3950358072,126.9222725361,1615.2,,,,,,19540821,경기도 안양시 공원관리과,031-8045-5286,20251126
새샘어린이공원(8호),어린이공원,,경기도 안양시 만안구 안양동 824-11,37.4050233658,126.9137338604,943.3,,,,,,19681108,경기도 안양시 공원관리과,031-8045-5286,20251126
교화어린이공원(36호),어린이공원,경기도 안양시 만안구 현충로16번길 14,경기도 안양시 만안구 안양동 396-1번지,37.3931571305,126.9289071494,1584.1,,,,,,19700218,경기도 안양시 공원관리과,031-8045-5286,20251126
캠프라과디아체육공원,체육공원,,경기도 의정부시 의정부동 253-35 일원,37.74257253,127.041496677,12731.0,농구장+ 그라운드골프장 등,조합놀이대+스피드레이서 등,화장실+ 음수대,,공원등+ CCTV 등,,경기도 의정부시청,031-828-2414,20250620
신곡어린이공원,어린이공원,,경기도 의정부시 신곡동 615-78,37.7346013127,127.0547225721,1830.6,농구장 등,조합놀이대,,,공원등+ CCTV 등,,경기도 의정부시청,031-828-2414,20250620
희망어린이공원,어린이공원,경기도 의정부시 가능로152번길 38,경기도 의정부시 의정부동 225-39,37.7453787231,127.0480262949,5217.0,허리돌리기+ 공중걷기 등,조합놀이대,,어린이집,공원등+ CCTV 등,,경기도 의정부시청,031-828-2414,20250620
양우공원,어린이공원,,경기도 파주시 문산읍 선유리 1354,37.8600072584,126.7947168941,3175.0,,조합놀이대+그네+흔들놀이,,,,,경기도 파주시청,031-940-8406,20250618
꽃동네어린이공원,어린이공원,경기도 의정부시 하금로 15-10,경기도 의정부시 금오동 284-12 일원,37.7521298462,127.0599953088,2168.0,허리돌리기+ 공중걷기 등,조합놀이대,,,공원등+ CCTV 등,,경기도 의정부시청,031-828-4054,20250620
하금오어린이공원,어린이공원,,경기도 의정부시 금오동 254-1,37.7543971291,127.0599173555,1500.0,허리돌리기+ 배드민턴장,조합놀이대+ 그네+ 흔들놀이기구,,,공원등+ CCTV 등,,경기도 의정부시청,031-828-4054,20250620
색동어린이공원,어린이공원,,경기도 의정부시 가능동 611,37.7527983227,127.037090957,1849.0,평행봉+ 철봉+ 공중걷기 등,조합놀이대+ 그네+ 흔들놀이기구,음수대,,공원등+ CCTV 등,,경기도 의정부시청,031-828-2414,20250620
어수정어린이공원,어린이공원,,경기도 의정부시 가능동 679,37.747326422,127.0329941876,2326.0,스트레칭로라+ 공중걷기+ 팔돌리기 등,조합놀이대+ 그네+ 흔들놀이기구,음수대,,공원등+ CCTV 등,,경기도 의정부시청,031-828-2414,20250620
토끼어린이공원,어린이공원,경기도 의정부시 흥선로24번길 27,경기도 의정부시 가능동 709,37.7452540603,127.0299795623,1786.0,트윈트위스트. 롤링웨이스트,조합놀이대+ 흔들놀이기구,,,공원등+ CCTV 등,,경기도 의정부시청,031-828-2414,20250620
벌말어린이공원,어린이공원,,경기도 의정부시 의정부동 402,37.7452556386,127.0389884748,3115.0,공중걷기+ 팔돌리기 등,조합놀이대+ 그네+ 흔들놀이기구,음수대,,공원등+ CCTV 등,,경기도 의정부시청,031-828-2414,20250620
느티나무어린이공원,어린이공원,경기도 의정부시 녹양로62번길 19-24,경기도 의정부시 녹양동 348,37.7573614011,127.0351818692,1757.0,허리돌리기+ 파도타기+ 공중걷기 등,조합놀이대+ 그네+ 흔들놀이기구,,,공원등+ CCTV 등,,경기도 의정부시청,031-828-2414,20250620
새싹어린이공원,어린이공원,,경기도 의정부시 가능1동 656,37.7494662524,127.0369052177,2324.0,공중걷기,조합놀이대+ 그네+ 흔들놀이기구,,,공원등+ CCTV 등,,경기도 의정부시청,031-828-2414,20250620
연현어린이공원(92호),어린이공원,,경기도 안양시 만안구 석수동 417-9,37.4310592721,126.9007873126,1512.0,,,,,,20060828,경기도 안양시 공원관리과,031-8045-5286,20251126
덕천1어린이공원(99호),어린이공원,,경기도 안양시 만안구 안양동 1387,37.3957888176,126.9291863797,3335.0,,,,,,20060907,경기도 안양시 공원관리과,031-8045-5286,20251126
주접어린이공원(100호),어린이공원,,경기도 안양시 만안구 안양동 1396,37.3914923393,126.9332495265,3813.4,,,,,,20060907,경기도 안양시 공원관리과,031-8045-5286,20251126
석교(5-2)근린공원,근린공원,,경기도 용인시 기흥구 동백동 660 일원,37.2800522817,127.1585161397,10456.0,,,,,,20021028,,,20250801
소능골소공원(2호),소공원,,경기도 안양시 동안구 관양동 1692,37.407738327,126.9702758224,777.0,,,,,,20070102,경기도 안양시 공원관리과,031-8045-5022,20251126
동편공원(20호),근린공원,경기도 안양시 동안구 동편로 54-15,경기도 안양시 동안구 관양동 1660,37.4098399602,126.975256516,14840.4,,,,,,20070102,경기도 안양시 공원관리과,031-8045-5015,20251126
박달어린이공원(101호),어린이공원,,경기도 안양시 만안구 박달동 89-1,37.4010783032,126.9089336789,2718.0,,,,,,20070205,경기도 안양시 공원관리과,031-8045-5286,20251126
청원소공원(6호),소공원,,경기도 안양시 만안구 안양동 1415,37.407897505,126.9182302528,1009.1,,,,,,20070927,경기도 안양시 공원관리과,031-8045-5286,20251126
벌말소공원(5호),소공원,경기도 안양시 동안구 흥안대로456번길 21,경기도 안양시 동안구 평촌동 75-17,37.3946691881,126.9771360053,500.0,,,,,,20071022,경기도 안양시 공원관리과,031-8045-5021,20251126
초원어린이공원(55호),어린이공원,경기도 안양시 동안구 관평로138번길 47,경기도 안양시 동안구 평안동 896-3,37.3911570377,126.9637621792,4815.6,,,,,,19891230,경기도 안양시 공원관리과,031-8045-5021,20251126
대원어린이공원(56호),어린이공원,경기도 안양시 동안구 관평로138번길 50,경기도 안양시 동안구 평안동 898-5,37.3897126775,126.9652749367,2390.6,,,,,,19891230,경기도 안양시 공원관리과,031-8045-5021,20251126
럭키어린이공원(57호),어린이공원,경기도 안양시 동안구 벌말로 23,경기도 안양시 동안구 평안동 897-6,37.3903972823,126.9691787899,4452.4,,,,,,19891230,경기도 안양시 공원관리과,031-8045-5021,20251126
신기어린이공원(59호),어린이공원,경기도 안양시 동안구 신기대로33번길 55,경기도 안양시 동안구 신촌동 1056-1,37.3818856763,126.9566893953,3743.6,,,,,,19891230,경기도 안양시 공원관리과,031-8045-5021,20251126
귀인어린이공원(61호),어린이공원,경기도 안양시 동안구 귀인로190번길 142,경기도 안양시 동안구 귀인동 905,37.3845142676,126.9618552843,2003.7,,,,,,19891230,경기도 안양시 공원관리과,031-8045-5021,20251126
먹거리촌어린이공원(62호),어린이공원,경기도 안양시 동안구 관평로69번길 29-13,경기도 안양시 동안구 귀인동 927,37.3824040615,126.9636211929,3679.8,,,,,,19891230,경기도 안양시 공원관리과,031-8045-5021,20251126
민백어린이공원(64호),어린이공원,경기도 안양시 동안구 부림로 20,경기도 안양시 동안구 귀인동 933-2,37.3856775784,126.9699576114,7536.9,,,,,,19891230,경기도 안양시 공원관리과,031-8045-5021,20251126
솔향어린이공원(65호),어린이공원,,경기도 안양시 동안구 갈산동 1080,37.3797937183,126.9610685195,2871.0,,,,,,19891230,경기도 안양시 공원관리과,031-8045-5021,20251126
갈산어린이공원(75호),어린이공원,,경기도 안양시 동안구 갈산동 1093,37.3772149085,126.9612239587,2492.3,,,,,,19891230,경기도 안양시 공원관리과,031-8045-5021,20251126
샘마을어린이공원(76호),어린이공원,,경기도 안양시 동안구 갈산동 1118-2,37.3766659176,126.9665384454,1653.3,,,,,,19891230,경기도 안양시 공원관리과,031-8045-5021,20251126
평촌공원(9호),근린공원,,경기도 안양시 동안구 관양동 1589-2,37.3960962358,126.9577617964,29598.7,,,,,,19891230,경기도 안양시 공원관리과,031-8045-5015,20251126
희망공원(11호),근린공원,,경기도 안양시 동안구 호계동 1053,37.3891069026,126.9494578683,9634.8,,,,,,19891230,경기도 안양시 공원관리과,031-8045-5015,20251126
중앙공원(12호),근린공원,경기도 안양시 동안구 관평로 149,경기도 안양시 동안구 평촌동 895,37.3901364426,126.9613293346,119843.1,,,,,,19891230,경기도 안양시 공원관리과,031-8045-5015,20251126
새물(5-1)근린공원,근린공원,,경기도 용인시 기흥구 동백동 657,37.2811292982,127.1561350769,23177.0,,,,,,20021028,,,20250801
가람(2)근린공원,근린공원,,경기도 용인시 기흥구 동백동 603,37.2840915437,127.1560395953,10037.0,,,,,,20021028,,,20250801
구교동근린공원,근린공원,,경기도 용인시 기흥구 마북동 637,37.3033203648,127.1181906066,6407.0,,,,,,20050912,,,20250801
산오름(4)근린공원,근린공원,,경기도 용인시 기흥구 동백동 589,37.2790883865,127.1645345307,40383.0,,,,,,20021028,,,20250801
다올(1)근린공원,근린공원,,경기도 용인시 기흥구 동백동 577,37.2861499171,127.1576993285,43678.5,,,,,,20021028,,,20250801
농서근린공원,근린공원,,경기도 용인시 기흥구 농서동 450 일원,37.2322986897,127.0734423287,112661.0,,,,,,20050103,,,20250801
노송어린이공원(38호),어린이공원,경기도 안양시 만안구 안양로139번길 15,경기도 안양시 만안구 안양동 521-1,37.3863867988,126.9305625728,1656.2,,,,,,19700218,경기도 안양시 공원관리과,031-8045-5286,20251126
충훈공원(2호),문화공원,,경기도 안양시 만안구 석수동 산178,37.4094191967,126.8982858455,106996.5,,,,,,19730712,경기도 안양시 공원관리과,031-8045-5289,20251126
생태예술공원(1호),문화공원,,경기도 안양시 만안구 안양동 산16-1,37.4191325294,126.9359879027,3282144.4,,,,,,19730712,경기도 안양시 공원관리과,031-8045-5289,20251126
호계공원(6호),근린공원,,경기도 안양시 동안구 호계동 165-8,37.3801692092,126.9442208764,305583.9,,,,,,19730712,경기도 안양시 공원관리과,031-8045-5015,20251126
임곡공원(24호),근린공원,경기도 안양시 동안구 관악대로121번길 79,경기도 안양시 동안구 비산동 산140,37.4055895291,126.9393664465,35536.0,,,,,,19730712,경기도 안양시 공원관리과,031-8045-5015,20251126
낙원어린이공원(6호),어린이공원,,경기도 안양시 만안구 안양동 22-20,37.4132932699,126.9204242046,1653.0,,,,,,19741204,경기도 안양시 공원관리과,031-8045-5286,20251126
다보란어린이공원(13호),어린이공원,경기도 안양시 동안구 관악대로263번길 20,경기도 안양시 동안구 비산동 1051,37.403127695,126.9520617457,1700.7,,,,,,19791129,경기도 안양시 공원관리과,031-8045-5022,20251126
수목어린이공원(14호),어린이공원,,경기도 안양시 동안구 관양동 1377,37.4051503352,126.9536356899,1207.5,,,,,,19791129,경기도 안양시 공원관리과,031-8045-5022,20251126
관양어린이공원(17호),어린이공원,,경기도 안양시 동안구 관양동 1413-2,37.4075269674,126.9615747922,1694.3,,,,,,19791129,경기도 안양시 공원관리과,031-8045-5022,20251126
마분어린이공원(18호),어린이공원,경기도 안양시 동안구 관악대로339번길 52-20,경기도 안양시 동안구 관양동 1419-7,37.4054359265,126.9620333582,1700.2,,,,,,19791129,경기도 안양시 공원관리과,031-8045-5022,20251126
삼막소공원(31호),소공원,,경기도 안양시 만안구 석수동 689번지,37.4227024052,126.9121110025,323.4,,,,,,20111208,경기도 안양시 공원관리과,031-8045-5286,20251126
오비즈소공원(34호),소공원,,경기도 안양시 동안구 관양동 1802-1,37.399267564,126.9696943412,4385.2,,,,,,20111215,경기도 안양시 공원관리과,031-8045-5022,20251126
덕수소공원(33호),소공원,,경기도 안양시 만안구 석수동 865,37.4338575039,126.9062094258,216.4,,,,,,20120322,경기도 안양시 공원관리과,031-8045-5286,20251126
호암공원(31호),근린공원,경기도 안양시 만안구 경수대로 1354,경기도 안양시 만안구 석수동 497-5,37.425845947,126.9061789374,6521.0,,,,,,20120629,경기도 안양시 공원관리과,031-8045-5289,20251126
수명어린이공원(120호),어린이공원,,경기도 안양시 동안구 비산동 1196,37.4008787699,126.9311781193,3062.8,,,,,,20120828,경기도 안양시 공원관리과,031-8045-5022,20251126
미관광장 21호,기타,,경기도 화성시 동탄구 석우동 56-2,37.2080461888,127.0739002723,239.5,,,,,,,경기도 화성시 공원녹지사업소 동부공원관리과,031-5189-6961,20260201
35호,기타,,경기도 화성시 동탄구 청계동 550-1,37.2030205315,127.1181131995,3140.1,,,,,,,경기도 화성시 공원녹지사업소 동부공원관리과,031-5189-6961,20260201
35호,기타,,경기도 화성시 동탄구 청계동 513-1,37.2027456657,127.106585534,5334.8,,,,,,,경기도 화성시 공원녹지사업소 동부공원관리과,031-5189-6961,20260201
37호,기타,,경기도 화성시 동탄구 청계동 512-1,37.2029473089,127.0992045071,483.0,,,,,,,경기도 화성시 공원녹지사업소 동부공원관리과,031-5189-6961,20260201
38호,기타,,경기도 화성시 동탄구 청계동 512-1,37.2029473089,127.0992045071,578.0,,,,,,,경기도 화성시 공원녹지사업소 동부공원관리과,031-5189-6961,20260201
39호,기타,,경기도 화성시 동탄구 청계동 513-1,37.2027456657,127.106585534,478.0,,,,,,,경기도 화성시 공원녹지사업소 동부공원관리과,031-5189-6961,20260201
74호,기타,,경기도 화성시 동탄구 오산동 1037-1,37.1841958568,127.104886424,219.0,,,,,,,경기도 화성시 공원녹지사업소 동부공원관리과,031-5189-6961,20260201
74호,기타,,경기도 화성시 동탄구 오산동 1033-10,37.1846553069,127.1036646292,282.0,,,,,,,경기도 화성시 공원녹지사업소 동부공원관리과,031-5189-6961,20260201
75호,기타,,경기도 화성시 동탄구 오산동 1036-24,37.1843893426,127.1028529148,173.0,,,,,,,경기도 화성시 공원녹지사업소 동부공원관리과,031-5189-6961,20260201
76호,기타,,경기도 화성시 동탄구 목동 261-2,,,466.0,,,,,,,경기도 화성시 공원녹지사업소 동부공원관리과,031-5189-6961,20260201
공룡어린이공원,어린이공원,,경기도 의정부시 가능1동 362-170,37.7536594683,127.033389476,1500.0,공중걷기+ 팔돌리기 등,조합놀이대+ 그네,,,공원등+ CCTV 등,,경기도 의정부시청,031-828-2414,20250620
호동어린이공원,어린이공원,경기도 의정부시 회룡로117번길 103,경기도 의정부시 호원2동 341-11,37.7291529932,127.0451857541,1509.0,철봉+ 허리돌리기+ 팔돌리기 등,조합놀이대+ 그네+ 흔들놀이기구,,,공원등+ CCTV 등,,경기도 의정부시청,031-828-2414,20250620
마골어린이공원,어린이공원,,경기도 의정부시 용현동 산21-2 일원,37.7393574618,127.0838232572,1553.0,,조합놀이대+ 흔들놀이기구,,,공원등+ CCTV 등,,경기도 의정부시청,031-828-4054,20250620
공고개어린이공원,어린이공원,,경기도 의정부시 용현동 391-24,37.7351474866,127.0795735398,1537.0,파도타기+ 공중걷기+ 팔돌리기 등,조합놀이대+ 그네+ 흔들놀이기구,,,공원등+ CCTV 등,,경기도 의정부시청,031-828-4054,20250620
탑돌어린이공원,어린이공원,,경기도 의정부시 용현동 24-10 일원,37.732698138,127.0864283405,1500.0,공중걷기+ 파도타기+ 허리돌리기,조합놀이대+ 그네+ 흔들놀이기구,,,공원등+ CCTV 등,,경기도 의정부시청,031-828-4054,20250620
금빛어린이공원,어린이공원,,경기도 의정부시 호원2동 420,37.7280050831,127.0495563831,4549.0,허리돌리기+ 공중걷기+ 파도타기 등,조합놀이대+ 그네+ 흔들놀이기구,,,공원등+ CCTV 등,,경기도 의정부시청,031-828-2414,20250620
중랑천어린이공원,어린이공원,,경기도 의정부시 호원1동 467-10,37.701903989,127.0481105434,3954.0,허리돌리기+ 공중걷기+ 파도타기 등,조합놀이대+ 그네+ 흔들놀이기구,,,공원등+ CCTV 등,,경기도 의정부시청,031-828-2414,20250620
탑골,어린이공원,,경기도 수원시 권선구 탑동 866,37.2681558389,126.9764329051,1559.2,,조합놀이대1,,,,,경기도 수원시 권선구 녹지공원과,031-5191-6195,20260115
해오름공원(19호),문화공원,경기도 안양시 동안구 동편로13번길 57,경기도 안양시 동안구 관양동 1668,37.4104667552,126.9702801955,40726.1,,,,,,20071109,경기도 안양시 공원관리과,031-8045-5015,20251126
명학공원(22호),근린공원,경기도 안양시 만안구 안양로 101,경기도 안양시 만안구 안양동 572,37.384152019,126.9325675537,11313.9,,,,,,20080528,경기도 안양시 공원관리과,031-8045-5289,20251126
어린이공원(105호),어린이공원,,경기도 안양시 동안구 비산동 1178,37.3979237468,126.9380087039,2160.4,,,,,,20081121,경기도 안양시 공원관리과,031-8045-5022,20251126
대륭소공원(9호),소공원,,경기도 안양시 동안구 관양동 224-21,37.3975590301,126.9739994648,1177.4,,,,,,20081125,경기도 안양시 공원관리과,031-8045-5022,20251126
푸르미어린이공원(제108호),어린이공원,경기도 안양시 만안구 소곡로 76,경기도 안양시 만안구 안양동 1419,37.3886539215,126.9240837791,3809.5,,,,,,20081212,경기도 안양시 공원관리과,031-8045-5286,20251126
덕천2어린이공원(107호),어린이공원,,경기도 안양시 만안구 안양동 1388,37.3962574817,126.9298651006,1737.0,,,,,,20081230,경기도 안양시 공원관리과,031-8045-5286,20251126
호돌어린이공원(111호),어린이공원,,경기도 안양시 동안구 호계동 1292,37.3765450828,126.9567288735,2048.1,,,,,,20090818,경기도 안양시 공원관리과,031-8045-5022,20251126
소공원(22호),소공원,,경기도 안양시 만안구 안양동 1447,37.4176251075,126.9191796754,1758.1,,,,,,20100113,경기도 안양시 공원관리과,031-8045-5286,20251126
어린이공원(113호),어린이공원,,경기도 안양시 만안구 안양동 1451,37.413773681,126.9201102188,2434.5,,,,,,20100113,경기도 안양시 공원관리과,031-8045-5286,20251126
동화소공원(16호),소공원,,경기도 안양시 만안구 안양동 1435,37.3919944474,126.9399146687,2110.4,,,,,,20100204,경기도 안양시 공원관리과,031-8045-5286,20251126
선유제3호어린이공원,어린이공원,,경기도 파주시 문산읍 선유리 1396,37.8649034098,126.7989732625,7301.0,,조합놀이대,,,,,경기도 파주시청,031-940-8406,20250618
의서어린이공원,어린이공원,,경기도 의정부시 의정부2동 482,37.7397844776,127.0384128866,1500.0,허리돌리기+ 파도타기+ 공중걷기 등,조합놀이대+ 그네+ 흔들놀이기구,,,공원등+ CCTV 등,,경기도 의정부시청,031-828-2414,20250620
만남문화공원,문화공원,,경기도 의정부시 의정부2동 514,37.7368653535,127.0384960456,1500.0,허리돌리기+ 파도타기+ 공중걷기 등,조합놀이대,,,공원등+ CCTV 등,,경기도 의정부시청,031-828-2414,20250620
달님문화공원,문화공원,,경기도 의정부시 의정부2동 509-6,37.7365440016,127.0406416318,1500.0,허리돌리기+ 파도타기+ 공중걷기 등,조합놀이대+ 그네+ 흔들놀이기구,,,공원등+ CCTV 등,,경기도 의정부시청,031-828-2414,20250620
우정어린이공원,어린이공원,,경기도 의정부시 의정부2동 559-4,37.7462566108,127.0278601469,1951.0,크로스컨트리+ 트윈트위스터+ 롤링웨이스트 등,조합놀이대+ 그네+ 흔들놀이기구,,,공원등+ CCTV 등,,경기도 의정부시청,031-828-2414,20250620
홍익문화공원,문화공원,,경기도 의정부시 의정부2동 546-2,37.7469463659,127.0280422736,1500.0,공중걷기+ 허리돌리기+ 공중걷기+ 역기올리기 등,조합놀이대+ 그네+ 흔들놀이기구,,,공원등+ CCTV 등,,경기도 의정부시청,031-828-2414,20250620
문예문화공원,문화공원,,경기도 의정부시 의정부2동 538-6,37.7341909856,127.0373245272,1500.0,허리돌리기+ 파도타기+ 공중걷기 등,조합놀이대+ 그네+ 흔들놀이기구,음수대,,공원등+ CCTV 등,,경기도 의정부시청,031-828-2414,20250620
소망어린이공원,어린이공원,,경기도 의정부시 의정부2동 579-3,37.7429856392,127.0261914127,1500.0,허리돌리기+ 롤링웨이스트 등,조합놀이대,음수대,,공원등+ CCTV 등,,경기도 의정부시청,031-828-2414,20250620
한길문화공원,문화공원,,경기도 의정부시 의정부2동 596,37.7365659674,127.012706774,1501.0,허리돌리기+ 공중걷기+ 파도타기 등,조합놀이대+ 그네+ 흔들놀이기구,,,공원등+ CCTV 등,,경기도 의정부시청,031-828-2414,20250620
범골어린이공원,어린이공원,,경기도 의정부시 의정부2동 606-3,37.7513170662,127.0352056201,1500.0,허리돌리기+ 공중걷기+ 파도타기 등,조합놀이대+ 그네+ 흔들놀이기구,,,공원등+ CCTV 등,,경기도 의정부시청,031-828-2414,20250620
동오리어린이공원,어린이공원,,경기도 의정부시 신곡2동 682-2,37.7416077839,127.0550731388,1893.0,허리돌리기+ 공중걷기+ 파도타기 등,조합놀이대+ 그네+ 흔들놀이기구,,,공원등+ CCTV 등,,경기도 의정부시청,031-828-2414,20250620
바랑골어린이공원,어린이공원,,경기도 의정부시 신곡2동 687-2,37.740272483,127.0591724456,1644.0,농구장+ 허리돌리기 등,조합놀이대+ 그네+ 흔들놀이기구,,,공원등+ CCTV 등,,경기도 의정부시청,031-828-2414,20250620
오목문화근린공원,근린공원,경기도 의정부시 오목로122번길 13,경기도 의정부시 민락동 696-1,37.7386615319,127.0944644205,20063.5,허리돌리기+ 철봉+ 평행봉+ 역기올리기 등,,,,공원등+ CCTV 등,,경기도 의정부시청,031-828-4054,20250620
용현근린공원,근린공원,,경기도 의정부시 용현동 523,37.7437446114,127.0816595718,9488.9,,,,,공원등+ CCTV 등,,경기도 의정부시청,031-828-4054,20250620
천보근린공원,근린공원,,경기도 의정부시 금오동 469-1,37.7510736152,127.0643946021,9534.0,족구장+ 허리돌리기+ 공중걷기 등,,화장실,,공원등+ CCTV 등,,경기도 의정부시청,031-828-4054,20250620
열린맘근린공원,근린공원,,경기도 의정부시 신곡2동 812,37.7462561827,127.0627116607,23959.9,역기올리기+ 롤링웨이스트+ 트위스터 등,,,,공원등+ CCTV 등,,경기도 의정부시청,031-828-2414,20250620
청사초롱근린공원,근린공원,,경기도 의정부시 신곡2동 797,37.7474395604,127.0738260017,88957.0,평행봉+ 트위스트+ 허리돌리기 등,원통굴리기,,,공원등+ CCTV 등,,경기도 의정부시청,031-828-2414,20250620
곤제근린공원,근린공원,,"경기도 의정부시 낙양동 692-1, 13",37.7467401794,127.0849083127,30798.1,축구장+ 철봉+ 평행봉+ 허리돌리기 등,조합놀이대,음수대+ 화장실,,공원등+ CCTV 등,,경기도 의정부시청,031-828-4054,20250620
다리목근린공원,근린공원,,경기도 의정부시 민락동 736-2,37.7388941588,127.0887656162,10000.9,평행봉+ 허리돌리기+ 팔비틀기 등,,화장실,,공원등+ CCTV 등,,경기도 의정부시청,031-828-4054,20250620
해오름근린공원,근린공원,경기도 의정부시 녹양로 134,경기도 의정부시 녹양동 399,37.762443373,127.0348094703,27187.5,온몸펴기+ 공중걷기+ 허리돌리기 등,그네,,,공원등+ CCTV 등,,경기도 의정부시청,031-828-2414,20250620
군마근린공원,근린공원,,경기도 의정부시 녹양동 406-3,37.7630184958,127.0425398577,13437.9,평행봉+ 다리흔들기+ 허리돌리기 등,조합놀이대+ 흔들놀이기구,,,공원등+ CCTV 등,,경기도 의정부시청,031-828-2414,20250620
옥수당근린공원,근린공원,,경기도 의정부시 장암동 411-38,,,29765.0,농구장+ 헐리돌리기+ 공중걷기 등,,,,공원등+ CCTV 등,,경기도 의정부시청,031-828-2414,20250620
한라비발디어린이공원(26호),어린이공원,,경기도 안양시 만안구 박달동 114-4,37.402229847,126.9020285536,1710.0,,,,,,19971015,경기도 안양시 공원관리과,031-8045-5286,20251126
안말어린이공원(50호),어린이공원,,경기도 안양시 동안구 호계동 918-28,37.3852439835,126.9504510894,1625.4,,,,,,19980312,경기도 안양시 공원관리과,031-8045-5022,20251126
샘모루어린이공원(78호),어린이공원,,경기도 안양시 동안구 비산동 425-8,37.4005981496,126.9408116838,1500.0,,,,,,19990107,경기도 안양시 공원관리과,031-8045-5022,20251126
포도원어린이공원(79호),어린이공원,,경기도 안양시 동안구 호계동 813-8,37.3641555083,126.9626729183,1500.2,,,,,,20010424,경기도 안양시 공원관리과,031-8045-5022,20251126
호성어린이공원(80호),어린이공원,,경기도 안양시 동안구 호계동 805-14,37.3655045166,126.961915334,1500.3,,,,,,20010424,경기도 안양시 공원관리과,031-8045-5022,20251126
통삼근린공원,근린공원,,경기도 용인시 기흥구 상갈동 464 일원,,,107190.0,,,,,,19750506,,,20250801
송암어린이공원(81호),어린이공원,,경기도 안양시 동안구 호계동 800-8,37.3660291204,126.9604454059,1504.8,,,,,,20010424,경기도 안양시 공원관리과,031-8045-5022,20251126
수풀내어린이공원(86호),어린이공원,,경기도 안양시 동안구 비산동 1164,37.4006618541,126.9305342234,1899.4,,,,,,20020930,경기도 안양시 공원관리과,031-8045-5022,20251126
꽃메산어린이공원(133호),어린이공원,,경기도 안양시 만안구 석수동 787-5,,,5160.0,,,,,,20050425,경기도 안양시 공원관리과,031-8045-5286,20251126
동산어린이공원(89호),어린이공원,,경기도 안양시 만안구 석수동 485-20,37.4265544154,126.9022900277,520.0,,,,,,20050502,경기도 안양시 공원관리과,031-8045-5286,20251126
한신어린이공원(90호),어린이공원,경기도 안양시 만안구 박달로497번길 57,경기도 안양시 만안구 박달동 42번지,37.4043778843,126.9066760733,1370.0,,,,,,20051219,경기도 안양시 공원관리과,031-8045-5286,20251126
친목어린이공원(97호),어린이공원,,경기도 안양시 만안구 박달동 929-9,37.4091061204,126.8857317748,5644.1,,,,,,20051227,경기도 안양시 공원관리과,031-8045-5286,20251126
해솔근린공원,근린공원,,경기도 용인시 기흥구 보정동 1303,37.3084312113,127.1124776658,11065.0,,,,,,20010209,,,20250801
건강마당근린공원,근린공원,,경기도 용인시 기흥구 보라동 604 일원,37.252516786,127.1119581541,45621.2,,,,,,20030107,,,20250801
마북근린공원,근린공원,경기도 용인시 기흥구 구성로53번길 35-13,경기도 용인시 기흥구 마북동 650 일원,37.2989747526,127.1147322375,37648.0,,,,,,20030122,,,20250801
선유5-1어린이공원,어린이공원,,경기도 파주시 문산읍 선유리 1407,37.867591691,126.8039784089,1969.1,,흔들놀이+미끄럼틀,,,,,경기도 파주시청,031-940-8406,20250618
강남근린공원,근린공원,경기도 용인시 기흥구 갈곡로12번길 1,경기도 용인시 기흥구 구갈동 598 일원,37.272737442,127.129562938,189796.0,,,,,,20001230,,,20250801
관곡근린공원,근린공원,,경기도 용인시 기흥구 구갈동 350,37.281737922,127.1132621057,11060.0,,,,,,19961205,,,20250801
공세근린공원,근린공원,,경기도 용인시 기흥구 공세동 701,37.2456982431,127.1152796357,18696.0,,,,,,20020624,,,20250801
서원근린공원,근린공원,,경기도 용인시 수지구 상현동 833,37.3011393546,127.0800619428,19815.3,,,,,,20030122,,,20250801
새마을근린공원,근린공원,경기도 용인시 수지구 수지로 343,경기도 용인시 수지구 풍덕천동 689 일원,37.3287806251,127.0949169373,15214.0,,,,,,20000531,,,20250801
정평근린공원,근린공원,,경기도 용인시 수지구 풍덕천동 1033 일원,37.317169658,127.0838679797,33455.4,,,,,,19911209,,,20250801
비발디근린공원,근린공원,경기도 용인시 수지구 죽전로168번길 9,경기도 용인시 수지구 죽전동 1340 일원,37.3254592086,127.1264824852,41949.0,,,,,,20010209,,,20250801
죽전중앙공원,근린공원,,경기도 용인시 수지구 죽전동 1314 일원,37.3216474559,127.120163335,79092.0,,,,,,20010209,,,20250801
대지산근린공원,근린공원,경기도 용인시 수지구 대지로 89,경기도 용인시 수지구 죽전동 1212 일원,37.3304098735,127.1186467213,80977.0,,,,,,20010209,,,20250801
도담근린공원,근린공원,,경기도 용인시 기흥구 청덕동 521 일원,37.2940429382,127.1448599394,30534.0,,,,,,20040119,,,20250801
꽃내음근린공원,근린공원,,경기도 용인시 기흥구 청덕동 496,37.3018181336,127.1524644722,81950.0,,,,,,20040119,,,20250801
해놀(6-2)근린공원,근린공원,경기도 용인시 기흥구 동백3로 80,경기도 용인시 기흥구 중동 921,37.2741571836,127.1580368327,41333.0,,,,,,20021028,,,20250801
한들(5-3)근린공원,근린공원,,경기도 용인시 기흥구 중동 877 일원,37.277863168,127.1599341046,118446.0,,,,,,20021028,,,20250801
호수(7-2)근린공원,근린공원,경기도 용인시 기흥구 동백5로 12,경기도 용인시 기흥구 중동 843,37.2766962085,127.1508625936,55008.0,,,,,,20021028,,,20250801
튼싹(7-1)근린공원,근린공원,,경기도 용인시 기흥구 중동 833-1,37.2777244019,127.1522821876,9764.0,,,,,,20021028,,,20250801
동진원2공원,근린공원,,경기도 용인시 기흥구 중동 1096-1 일원,37.2826597649,127.1435544793,12185.4,,,,,,20081202,,,20250801
풀벌레근린공원,근린공원,,경기도 용인시 기흥구 청덕동 486 일원,37.2978750051,127.1488771627,49283.0,,,,,,20040119,,,20250801
늘찬(7-3)근린공원,근린공원,,경기도 용인시 기흥구 중동 1086,37.2719542102,127.1504532868,14908.0,,,,,,20021028,,,20250801
토리(8)근린공원,근린공원,경기도 용인시 기흥구 동백죽전대로 264,경기도 용인시 기흥구 중동 1049,37.2651729767,127.1558669319,11074.0,,,,,,20021028,,,20250801
자은근린공원,근린공원,,경기도 용인시 기흥구 영덕동 1234 일원,37.2744038431,127.0860496641,199836.0,,,,,,20041227,,,20250801
달래2어린이공원(28호),어린이공원,,경기도 안양시 만안구 안양동 908-78,37.3998965268,126.9110229076,103.0,,,,,,19950912,경기도 안양시 공원관리과,031-8045-5286,20251126
효성어린이공원(33호),어린이공원,,경기도 안양시 만안구 안양동 976-8,37.3925217525,126.9036826984,701.0,,,,,,19960327,경기도 안양시 공원관리과,031-8045-5286,20251126
꽃동산어린이공원(27호),어린이공원,,경기도 안양시 만안구 박달동 94-114,37.4013869223,126.9107532096,1098.0,,,,,,19960719,경기도 안양시 공원관리과,031-8045-5286,20251126
꿈동산어린이공원(30호),어린이공원,,경기도 안양시 만안구 안양동 695-190,37.400088881,126.9178591078,698.5,,,,,,19960719,경기도 안양시 공원관리과,031-8045-5286,20251126
양지어린이공원(31호),어린이공원,경기도 안양시 만안구 양화로72번길 9,경기도 안양시 만안구 안양동 897-24,37.4001130171,126.9136242568,970.0,,,,,,19960719,경기도 안양시 공원관리과,031-8045-5286,20251126
호돌이어린이공원(1호),어린이공원,,경기도 안양시 만안구 석수동 382-15,37.4314097223,126.9053411793,1500.0,,,,,,19970812,경기도 안양시 공원관리과,031-8045-5286,20251126
중촌어린이공원(19호),어린이공원,,경기도 안양시 동안구 관양동 1430-5,37.4058743818,126.9655628834,1696.6,,,,,,19791129,경기도 안양시 공원관리과,031-8045-5022,20251126
황금어린이공원(20호),어린이공원,경기도 안양시 동안구 일동로 204,경기도 안양시 동안구 관양동 1436-13,37.4056724651,126.9684947858,1674.4,,,,,,19791129,경기도 안양시 공원관리과,031-8045-5022,20251126
동안어린이공원(22호),어린이공원,경기도 안양시 동안구 관악대로330번길 9-16,경기도 안양시 동안구 관양동 1447-10,37.4029148012,126.9606503386,1683.3,,,,,,19791129,경기도 안양시 공원관리과,031-8045-5022,20251126
증촌어린이공원(23호),어린이공원,,경기도 안양시 동안구 관양동 1460-7,37.4037058728,126.9658941413,1683.9,,,,,,19791129,경기도 안양시 공원관리과,031-8045-5022,20251126
한미어린이공원(25호),어린이공원,,경기도 안양시 동안구 관양동 1478,37.4029846531,126.9723328985,858.1,,,,,,19791129,경기도 안양시 공원관리과,031-8045-5022,20251126
은하수어린이공원(44호),어린이공원,,경기도 안양시 동안구 비산동 1057,37.4013033017,126.9516224138,1689.5,,,,,,19791129,경기도 안양시 공원관리과,031-8045-5022,20251126
보은어린이공원(45호),어린이공원,경기도 안양시 동안구 관악대로 286,경기도 안양시 동안구 관양동 1439-6,37.4023655462,126.9548806609,1699.4,,,,,,19791129,경기도 안양시 공원관리과,031-8045-5022,20251126
새마을어린이공원(68호),어린이공원,,경기도 안양시 동안구 관양동 1501-9,37.4003575991,126.9755728184,1689.3,,,,,,19791129,경기도 안양시 공원관리과,031-8045-5022,20251126
인덕원어린이공원(69호),어린이공원,경기도 안양시 동안구 관양로305번길 35,경기도 안양시 동안구 관양동 1509-1,37.3978389958,126.9784923394,1500.1,,,,,,19791129,경기도 안양시 공원관리과,031-8045-5022,20251126
청란어린이공원(2호),어린이공원,,경기도 안양시 만안구 석수동 751,37.4087101343,126.8957110467,1787.2,,,,,,19831029,경기도 안양시 공원관리과,031-8045-5286,20251126
학운공원(7호),근린공원,경기도 안양시 동안구 학의로 71,경기도 안양시 동안구 비산동 1100,37.398850968,126.9472798826,52842.7,,,,,,19891220,경기도 안양시 공원관리과,031-8045-5015,20251126
관악어린이공원(41호),어린이공원,경기도 안양시 동안구 동안로 213,경기도 안양시 동안구 부흥동 1102-6,37.3952458395,126.9454309581,4002.4,,,,,,19891230,경기도 안양시 공원관리과,031-8045-5021,20251126
부흥어린이공원(42호),어린이공원,,경기도 안양시 동안구 부흥동 1103-3,37.393397109,126.9476028099,3228.0,,,,,,19891230,경기도 안양시 공원관리과,031-8045-5021,20251126
한가람어린이공원(46호),어린이공원,,경기도 안양시 동안구 부림동 1586-3,37.3986897731,126.9541899497,3553.2,,,,,,19891230,경기도 안양시 공원관리과,031-8045-5021,20251126
공작어린이공원(47호),어린이공원,경기도 안양시 동안구 관평로 258-1,경기도 안양시 동안구 부림동 1587-1,37.4002736416,126.9586468643,3970.6,,,,,,19891230,경기도 안양시 공원관리과,031-8045-5021,20251126
제48호 어린이공원(캐슬),어린이공원,,경기도 용인시 기흥구 구갈동 276-1,37.2772125761,127.1185092982,1546.8,,,,,,19961127,,,20250801
흥덕2어린이공원(페가수스자리),어린이공원,,경기도 용인시 기흥구 영덕동 1105-1 일원,37.2731699389,127.0888918423,1501.0,,,,,,20040127,,,20250801
흥덕3어린이공원(양별자리),어린이공원,,경기도 용인시 기흥구 영덕동 1075,37.2720247801,127.0828794102,3424.0,,,,,,20040127,,,20250801
하마비마을 어린이공원(제106호),어린이공원,,경기도 용인시 기흥구 언남동 504,37.2944139279,127.1250283668,2580.0,,,,,,20090422,,,20250801
제29호 어린이공원(녹원),어린이공원,,경기도 용인시 기흥구 신갈동 708,37.2891160601,127.1106593996,1500.0,,,,,,20030506,,,20250801
제31호 어린이공원(달빛),어린이공원,,경기도 용인시 기흥구 신갈동 692,37.2891053192,127.1173039204,1485.0,,,,,,20030506,,,20250801
해늘 어린이공원(상미마을 112호),어린이공원,,경기도 용인시 기흥구 신갈동 735,37.2759535746,127.0991055803,3370.0,,,,,,20110120,,,20250801
제41호 어린이공원(양지마을),어린이공원,,경기도 용인시 기흥구 신갈동 397-13,37.2766764727,127.1017123288,1898.0,,,,,,19981030,,,20250801
제45호 어린이공원(신갈중앙),어린이공원,,경기도 용인시 기흥구 신갈동 33-4,37.2762053613,127.1086072228,1882.0,,,,,,19820521,,,20250801
제43호 어린이공원(동오),어린이공원,,경기도 용인시 기흥구 신갈동 2,37.2792349473,127.1074708535,1699.1,,,,,,19820521,,,20250801
제32호 어린이공원(도현),어린이공원,,경기도 용인시 기흥구 신갈동 165-1,37.2856338498,127.1081881976,3093.0,,,,,,19961127,,,20250801
상미숲속 어린이공원(상미마을 113호),어린이공원,,경기도 용인시 기흥구 신갈동 740 일원,37.2718298003,127.0993089125,7785.0,,,,,,20100929,,,20250801
제35호 어린이공원(갈현),어린이공원,,경기도 용인시 기흥구 신갈동 159-1,37.2817183245,127.1075579788,2599.0,,,,,,19961127,,,20250801
꿈날개 어린이공원,어린이공원,,경기도 용인시 기흥구 언남동 512,37.2935817152,127.1254682663,3880.0,,,,,,20090422,,,20250801
서천5어린이공원(꽃내음),어린이공원,,경기도 용인시 기흥구 서천동 800,37.2393094127,127.0751136135,1600.0,,,,,,20050103,,,20250801
서천4어린이공원(물내음),어린이공원,,경기도 용인시 기흥구 서천동 784,37.2373313879,127.0773474784,2128.0,,,,,,20050103,,,20250801
서천2어린이공원(희망내음),어린이공원,,경기도 용인시 기흥구 서천동 742,37.2387352595,127.0698887012,4251.0,,,,,,20050103,,,20250801
서천1어린이공원(소리내음),어린이공원,,경기도 용인시 기흥구 서천동 735,37.2399064161,127.0740694348,1507.0,,,,,,20050103,,,20250801
제95호 어린이공원(지석1),어린이공원,,경기도 용인시 기흥구 상하동 676 일원,37.269383808,127.1371540374,1766.0,,,,,,20070409,,,20250801
제96호 어린이공원(지석2),어린이공원,,경기도 용인시 기흥구 상하동 678 일원,37.2681855504,127.1382939344,3055.0,,,,,,20070409,,,20250801
제86호 어린이공원(한아름),어린이공원,,경기도 용인시 기흥구 상하동 631,37.2736568296,127.1367465695,1592.0,,,,,,20001230,,,20250801
제63호 어린이공원(금화3),어린이공원,,경기도 용인시 기흥구 상갈동 481-2,37.2619328529,127.1066290986,1546.0,,,,,,19961231,,,20250801
제66호 어린이공원(동아리),어린이공원,,경기도 용인시 기흥구 상갈동 470,37.2652148141,127.1060271159,1552.0,,,,,,19961221,,,20250801
제65호 어린이공원(농골),어린이공원,,경기도 용인시 기흥구 상갈동 465 일원,37.2614257212,127.1088784294,2645.0,,,,,,19961221,,,20250801
제78호 반디어린이공원,어린이공원,경기도 용인시 처인구 중부대로1343번길 6-9,경기도 용인시 처인구 김량장동 291-1,37.235525951,127.1953698368,1819.9,,,,,,19851201,,,20250801
구성5어린이공원(산마을),어린이공원,,경기도 용인시 기흥구 청덕동 566 일원,37.2932458047,127.1528586102,2879.0,,,,,,20040119,,,20250801
구성1어린이공원(하늘마을),어린이공원,,경기도 용인시 기흥구 청덕동 536 일원,37.2908285273,127.1434498621,1500.0,,,,,,20040119,,,20250801
구성4어린이공원(숲속마을),어린이공원,,경기도 용인시 기흥구 청덕동 500 일원,37.2960198413,127.1524061167,3071.0,,,,,,20040119,,,20250801
구성3어린이공원(땅마을),어린이공원,,경기도 용인시 기흥구 청덕동 489 일원,37.2978352291,127.1509771696,2449.0,,,,,,20040119,,,20250801
동백제9호 어린이공원(해음),어린이공원,,경기도 용인시 기흥구 중동 963,37.2669599388,127.1584069305,2144.0,,,,,,20021028,,,20250801
동백제7호 어린이공원(나래),어린이공원,,경기도 용인시 기흥구 중동 938,37.2721260776,127.1591461774,1676.0,,,,,,20021028,,,20250801
동백제13호 어린이공원(꽃내),어린이공원,,경기도 용인시 기흥구 중동 884-1,37.2767216964,127.1601339842,1625.0,,,,,,20021028,,,20250801
동백제6호 어린이공원(마루),어린이공원,,경기도 용인시 기흥구 중동 873,37.2771839701,127.156321227,3838.0,,,,,,20021028,,,20250801
거인발자국(동진원제3호)어린이공원,어린이공원,,경기도 용인시 기흥구 중동 1104,37.2804214758,127.1443341623,1631.0,,,,,,20081202,,,20250801
오르막내리막(동진원제2호)어린이공원,어린이공원,,경기도 용인시 기흥구 중동 1101-1,37.2828117205,127.1476025706,1865.0,,,,,,20081202,,,20250801
제90호 어린이공원(풀향기),어린이공원,,경기도 용인시 기흥구 중동 1083,37.2779110202,127.1447804844,1500.0,,,,,,20030623,,,20250801
제91호 어린이공원(어정),어린이공원,,경기도 용인시 기흥구 중동 1082,37.2772062741,127.1456958147,1500.0,,,,,,20030623,,,20250801
동백제10호 어린이공원(다솜),어린이공원,,경기도 용인시 기흥구 중동 1049-1,37.2659075391,127.1565948104,4053.0,,,,,,20021028,,,20250801
동백제11호 어린이공원(아띠),어린이공원,,경기도 용인시 기흥구 중동 1010-1,37.2637043104,127.1604000252,3595.0,,,,,,20021028,,,20250801
흥덕5어린이공원(쌍둥이별자리),어린이공원,,경기도 용인시 기흥구 영덕동 998-1,37.2730508956,127.0715551702,1503.0,,,,,,20040127,,,20250801
흥덕6어린이공원(작은곰별자리),어린이공원,,경기도 용인시 기흥구 영덕동 1222,37.2804602152,127.0792716003,3319.0,,,,,,20040127,,,20250801
영통사,근린공원,경기도 수원시 영통구 봉영로 1658,경기도 수원시 영통구 영통동 1048-4,37.2580436068,127.0780646,9932.7,,인공폭포1,,,,,경기도 수원시 영통구 녹지공원과,031-5191-8331,20260115
부안어린이공원(48호),어린이공원,경기도 안양시 동안구 달안로 160,경기도 안양시 동안구 부림동 1588-4,37.3983700279,126.9602422857,3351.4,,,,,,19891230,경기도 안양시 공원관리과,031-8045-5021,20251126
달안어린이공원(49호),어린이공원,경기도 안양시 동안구 동안로 172,경기도 안양시 동안구 달안동 1109-2,37.3946153711,126.9513328932,5865.1,,,,,,19891230,경기도 안양시 공원관리과,031-8045-5021,20251126
샘골근린공원,근린공원,,경기도 용인시 기흥구 영덕동 1026,37.272586211,127.077746318,271068.0,,,,,,20041227,,,20250801
만골근린공원,근린공원,경기도 용인시 기흥구 기흥로116번길 10,경기도 용인시 기흥구 신갈동 산14,37.286189095,127.1135339223,81927.0,,,,,,19750506,,,20250801
새천년근린공원,근린공원,,경기도 용인시 기흥구 신갈동 699,37.2873467997,127.1191533117,23081.0,,,,,,20030506,,,20250801
신릉근린공원,근린공원,,경기도 용인시 기흥구 신갈동 683,37.2901484318,127.1132632881,36835.6,,,,,,20030506,,,20250801
갈천근린공원,근린공원,,경기도 용인시 기흥구 신갈동 164,37.2842430142,127.1102457945,26037.0,,,,,,19961205,,,20250801
서그네근린공원,근린공원,,경기도 용인시 기흥구 서천동 820,37.2356115606,127.0768657902,51385.0,,,,,,20050103,,,20250801
남산근린공원,근린공원,,경기도 용인시 기흥구 서천동 802 일원,37.2352836346,127.0729871252,23110.0,,,,,,20050103,,,20250801
상하근린공원,근린공원,,경기도 용인시 기흥구 상하동 661,37.259456381,127.1372086317,18537.0,,,,,,20041122,,,20250801
상갈근린공원,근린공원,,경기도 용인시 기흥구 상갈동 496 일원,37.2691333146,127.1103615414,146389.2,,,,,,19770127,,,20250801
번암근린공원,근린공원,경기도 용인시 처인구 금학로277번길 16,경기도 용인시 처인구 역북동 733,37.2391395834,127.194983242,59215.3,,,,,,19740504,,,20250801
역동근린공원(역북도시개발사업 근린공원 1호),근린공원,,경기도 용인시 처인구 역북동 810,37.2326124731,127.1831610217,14405.4,,,,,,20100318,,,20250801
웃고얀,근린공원,,경기도 부천시 소사구 괴안동 263,37.4758932119,126.8101937724,27695.3,,,,,,20051230,경기도 부천시청,032-625-4843,20250731
원골,어린이공원,경기도 부천시 원미구 도약로189번길 14-24,경기도 부천시 원미구 약대동 203,37.5109128943,126.7718988746,3400.0,,그네 등 3개,화장실,,,20051226,경기도 부천시청,032-625-4843,20250731
풍산지구 어린이2호,어린이공원,경기도 하남시 덕풍북로 2,경기도 하남시 덕풍동 343-13,37.5465189397,127.1984445362,6852.0,,,,,,20081231,경기도 하남시청,031-5182-1579,20251218
(마북지구) 제1호 소공원,소공원,,경기도 용인시 기흥구 마북동 640,37.3055087076,127.1273790708,3757.0,,,,,,20060710,,,20250801
원미별빛,어린이공원,경기도 부천시 원미구 부천로90번길 51,경기도 부천시 원미구 원미동 127-3,37.4919618719,126.7873880735,2638.6,농구장,그네 등 4개,화장실,,,20060227,경기도 부천시청,032-625-4843,20250731
원종,어린이공원,경기도 부천시 오정구 삼작로416번길 40,경기도 부천시 오정구 원종동 358,37.5182239484,126.808073026,3193.3,농구장+배드민턴장,흔들놀이기구 등 10개,화장실,,,19671111,경기도 부천시청,032-625-4843,20250731
윗소사,어린이공원,경기도 부천시 소사구 소사로177번길 19,경기도 부천시 소사구 소사본동 179,37.4740590697,126.7945698887,2800.2,농구장,조합놀이대 등 7개,화장실,,,19710510,경기도 부천시청,032-625-4843,20250731
은데미,근린공원,,경기도 부천시 오정구 원종동 산59,,,129525.0,배드민턴장+게이트볼장+농구장,조합놀이대 등 4개,화장실,,,19861107,경기도 부천시청,032-625-4843,20250731
은빛,어린이공원,경기도 부천시 원미구 부일로645번길 22,경기도 부천시 원미구 역곡동 22,37.4842806406,126.8021991316,2974.6,배드민턴장,그네 등 4개,화장실,,,19710510,경기도 부천시청,032-625-4843,20250731
범계어린이공원(51호),어린이공원,경기도 안양시 동안구 동안로 95,경기도 안양시 동안구 범계동 1053-5,37.3868464847,126.9515363637,5069.5,,,,,,19891230,경기도 안양시 공원관리과,031-8045-5021,20251126
목련어린이공원(52호),어린이공원,경기도 안양시 동안구 동안로 96,경기도 안양시 동안구 범계동 1052-2,37.3878345101,126.9546808829,4408.2,,,,,,19891230,경기도 안양시 공원관리과,031-8045-5021,20251126
꿈자람어린이공원(53호),어린이공원,경기도 안양시 동안구 동안로 72,경기도 안양시 동안구 범계동 1054-4,37.3856373678,126.9551599378,8814.2,,,,,,19891230,경기도 안양시 공원관리과,031-8045-5021,20251126
평안어린이공원(54호),어린이공원,경기도 안양시 동안구 귀인로 201,경기도 안양시 동안구 평안동 899-6,37.3869253422,126.9608439736,5192.2,,,,,,19891230,경기도 안양시 공원관리과,031-8045-5021,20251126
꿈나무공원,어린이공원,경기도 하남시 신장로48번길 5,경기도 하남시 천현동 610-4,37.5352048387,127.212061299,2283.0,,,,,,20080821,경기도 하남시청,031-5182-1579,20251218
꿈동산공원,어린이공원,경기도 하남시 대청로22번길 9-5,경기도 하남시 신장동 524-12,37.5403053132,127.2152790739,1555.0,,,,,,20080821,경기도 하남시청,031-5182-1579,20251218
새희망공원,어린이공원,경기도 하남시 더우개로 23,경기도 하남시 신장동 105-9,37.5407423511,127.2208919362,1511.0,,,,,,20080821,경기도 하남시청,031-5182-1579,20251218
은방울공원,어린이공원,경기도 하남시 대청로 99,경기도 하남시 창우동 518-2,37.5406589238,127.2237447847,3495.0,,,,,,20080821,경기도 하남시청,031-5182-1579,20251218
꿈나라공원,어린이공원,경기도 하남시 천현로 109,경기도 하남시 창우동 520-6,37.5374193058,127.2221494237,2762.0,,,,,,20080821,경기도 하남시청,031-5182-1579,20251218
한 솔 공 원,어린이공원,경기도 하남시 덕산로 75,경기도 하남시 덕풍동 678,37.5356140061,127.195511602,1390.0,,,,,,20080821,경기도 하남시청,031-5182-1579,20251218
새 싹 공 원,어린이공원,경기도 하남시 하남대로802번길 85,경기도 하남시 신장동 560-1,37.5427148153,127.2127455729,1559.0,,,,,,20080821,경기도 하남시청,031-5182-1579,20251218
자이공원,어린이공원,경기도 하남시 덕풍공원로 40-1,경기도 하남시 덕풍동 361-2,37.5399273095,127.1973844152,1863.0,,,,,,20080821,경기도 하남시청,031-5182-1579,20251218
하남해터지구,어린이공원,경기도 하남시 하남대로 856,경기도 하남시 덕풍동 946,37.5445306487,127.2034673821,1500.0,,,,,,20080821,경기도 하남시청,031-5182-1579,20251218
남사아곡 제1호 근린공원(한숲산내음 공원),근린공원,,경기도 용인시 처인구 남사읍 완장리 949-1,37.1587989052,127.1710356736,24568.8,,,,,,20091001,,,20250801
남사아곡 제4호 근린공원(한숲물방울공원),근린공원,,경기도 용인시 처인구 남사읍 아곡리 705-1,37.1499967033,127.171118196,11086.6,,,,,,20091001,,,20250801
남사아곡 제5호 근린공원(한숲하늘공원),근린공원,경기도 용인시 처인구 남사읍 한숲로57번길 30-1,경기도 용인시 처인구 남사읍 아곡리 685 일원,37.1562814264,127.1679271874,20637.1,,,,,,20150305,,,20250801
은하,어린이공원,경기도 부천시 원미구 계남로 148,경기도 부천시 원미구 중동 1038-1,37.5078978591,126.7653431578,5704.0,배드민턴장,그네 등 3개,화장실,,,19901127,경기도 부천시청,032-625-4843,20250731
은행,어린이공원,경기도 부천시 원미구 원미로149번길 4,경기도 부천시 원미구 원미동 57,37.49618309,126.7908662083,3743.3,,흔들놀이기구 등 10개,화장실,,,19690121,경기도 부천시청,032-625-4843,20250731
은혜,어린이공원,,경기도 부천시 원미구 심곡동 302,37.4925305819,126.7753353029,2280.4,,흔들놀이기구 등 7개,,,,19780926,경기도 부천시청,032-625-4843,20250731
작동,어린이공원,,경기도 부천시 오정구 작동 10-3,37.5193463613,126.8152554285,1675.7,,조합놀이대 등 6개,,,,19870805,경기도 부천시청,032-625-4843,20250731
장말,어린이공원,경기도 부천시 원미구 중동로161번길 37,경기도 부천시 원미구 중동 737,37.4943580579,126.7650911899,3468.7,,흔들놀이기구 등 5개,화장실,야외공연장,,19801007,경기도 부천시청,032-625-4843,20250731
장승백이,소공원,,경기도 부천시 소사구 옥길동 762,37.4606560255,126.8174573453,1208.0,,,,,,20111229,경기도 부천시청,032-625-4843,20250731
전원1단지,어린이공원,경기도 부천시 오정구 작동로 57,경기도 부천시 오정구 작동 367,37.5114766869,126.8133628522,1575.7,농구장,조합놀이대 등 3개,화장실,,,19950327,경기도 부천시청,032-625-4843,20250731
전원2단지,어린이공원,경기도 부천시 오정구 작동로 10,경기도 부천시 오정구 작동 344,37.5107534297,126.8098958044,3660.9,농구장,조합놀이대 등 3개,화장실,,,19950327,경기도 부천시청,032-625-4843,20250731
전원4단지,어린이공원,,경기도 부천시 오정구 작동 382,37.5075504819,126.8109050108,2455.7,농구장,조합놀이대 등 4개,,,,19950327,경기도 부천시청,032-625-4843,20250731
점말,어린이공원,경기도 부천시 오정구 소사로 604,경기도 부천시 오정구 여월동 309,37.5110067359,126.7993366415,4168.1,,그네 등 4개,화장실,,,20031128,경기도 부천시청,032-625-4843,20250731
종점,어린이공원,,경기도 부천시 오정구 작동 36,37.5181090772,126.8196670135,1509.2,,흔들놀이기구 등 10개,,,,19870805,경기도 부천시청,032-625-4843,20250731
보라지구 어린이 공원(그루터기),어린이공원,,경기도 용인시 기흥구 보라동 662 일원,37.2545448271,127.1130241084,1697.0,,,,,,20091223,,,20250801
달빛공원,어린이공원,,경기도 용인시 수지구 풍덕천동 733-1,37.3264491482,127.0998304924,2278.0,,,,,,19911209,,,20250801
토월공원,어린이공원,경기도 용인시 수지구 풍덕천로140번길 8,경기도 용인시 수지구 풍덕천동 721,37.3231190165,127.097294992,2880.6,,,,,,19911209,,,20250801
방죽골공원,어린이공원,,경기도 용인시 수지구 풍덕천동 695 일원,37.3252870981,127.0896970816,3344.0,,,,,,19911209,,,20250801
도장골공원,어린이공원,경기도 용인시 수지구 수지로 321,경기도 용인시 수지구 풍덕천동 692-2,37.3270248382,127.0928494769,5633.0,,,,,,19911209,,,20250801
동백제1호 어린이공원(가람),어린이공원,,경기도 용인시 기흥구 동백동 609-5,37.2847540443,127.1525441647,1893.0,,,,,,20021028,,,20250801
삼풍동공원,어린이공원,경기도 용인시 수지구 문인로 69,경기도 용인시 수지구 풍덕천동 663-2,37.3310355953,127.0953563513,4162.0,,,,,,19911209,,,20250801
햇빛공원,어린이공원,,경기도 용인시 수지구 풍덕천동 1122,37.3162907698,127.0884283512,1449.0,,,,,,19951230,,,20250801
별빛공원,어린이공원,,경기도 용인시 수지구 풍덕천동 1056,37.3205228592,127.0878886213,1885.0,,,,,,19951230,,,20250801
무진이,어린이공원,,경기도 용인시 수지구 풍덕천동 1044 일원,37.3175803827,127.0860205259,2010.0,,,,,,19951230,,,20250801
죽전어린이공원,어린이공원,,경기도 용인시 수지구 죽전동 1484,37.3297852442,127.1168139306,3809.0,,,,,,20071109,,,20250801
안터어린이공원,어린이공원,,경기도 용인시 수지구 죽전동 1370,37.3308144359,127.13054719,4397.0,,,,,,20010209,,,20250801
안골어린이공원,어린이공원,,경기도 용인시 수지구 죽전동 1317,37.3222217449,127.12445883,2089.0,,,,,,20010209,,,20250801
숫내어린이공원,어린이공원,,경기도 용인시 수지구 죽전동 1308,37.3235543543,127.121741413,1600.0,,,,,,20010209,,,20250801
나비어린이공원,어린이공원,,경기도 용인시 수지구 죽전동 1271,37.3253683098,127.1147155792,1500.0,,,,,,20010209,,,20250801
내대지어린이공원,어린이공원,,경기도 용인시 수지구 죽전동 1264 일원,37.3244514415,127.1186068375,3576.0,,,,,,20010209,,,20250801
방아어린이공원,어린이공원,,경기도 용인시 수지구 죽전동 1220,37.3299569985,127.1255477849,3281.0,,,,,,20010209,,,20250801
제64호 어린이공원(금화1),어린이공원,,경기도 용인시 기흥구 상갈동 461-2,37.2636481124,127.1092523314,1515.0,,,,,,19961231,,,20250801
제62호 어린이공원(금화5),어린이공원,,경기도 용인시 기흥구 상갈동 455,37.2669567686,127.1099774542,3145.0,,,,,,19961231,,,20250801
보정제7호 어린이공원(해솔),어린이공원,,경기도 용인시 기흥구 보정동 1315,37.306646276,127.1122450739,1771.0,,,,,,20010209,,,20250801
보정제6호 어린이공원(은솔),어린이공원,,경기도 용인시 기흥구 보정동 1296,37.3083478868,127.1077945697,2166.0,,,,,,20010209,,,20250801
보정제4호 어린이공원(죽현),어린이공원,,경기도 용인시 기흥구 보정동 1270,37.3190098161,127.1118124225,2706.0,,,,,,20010209,,,20250801
보정제3호 어린이공원(독정),어린이공원,,경기도 용인시 기흥구 보정동 1235,37.3194577719,127.1209357253,3363.0,,,,,,20010209,,,20250801
보정제2호 어린이공원(꽃메),어린이공원,,경기도 용인시 기흥구 보정동 1211,37.3207850681,127.1163497746,3324.0,,,,,,20010209,,,20250801
보라3어린이공원(구슬치기),어린이공원,,경기도 용인시 기흥구 보라동 618,37.2494178716,127.107215656,2239.0,,,,,,20030107,,,20250801
보라2어린이공원(민속놀이),어린이공원,,경기도 용인시 기흥구 보라동 615,37.2499883304,127.1097491445,2479.0,,,,,,20030107,,,20250801
보라1어린이공원(색동저고리),어린이공원,,경기도 용인시 기흥구 보라동 592-1,37.2528897405,127.1127275769,2210.0,,,,,,20030107,,,20250801
동백제2호 어린이공원(누리),어린이공원,,경기도 용인시 기흥구 동백동 680,37.2831733371,127.152743479,4280.3,,,,,,20021028,,,20250801
동백제4호 어린이공원(들샘),어린이공원,,경기도 용인시 기흥구 동백동 655,37.2824944691,127.1560448163,5523.0,,,,,,20021028,,,20250801
동백제3호 어린이공원(아라),어린이공원,,경기도 용인시 기흥구 동백동 629,37.2804156625,127.1531659659,1557.0,,,,,,20021028,,,20250801
동백제5호 어린이공원(푸른내),어린이공원,경기도 용인시 기흥구 동백8로 120,경기도 용인시 기흥구 동백동 594,37.2827986322,127.1632997322,2958.9,,,,,,20021028,,,20250801
제53호 어린이공원(강남),어린이공원,,경기도 용인시 기흥구 구갈동 602,37.2699079763,127.1303828184,1500.0,,,,,,20001231,,,20250801
인도래,어린이공원,,경기도 수원시 팔달구 인계동 465-3,37.2694896862,127.0338163653,1890.0,,조합놀이대1,,,,,경기도 수원시 팔달구 녹지공원과,031-5191-7043,20260115
제52호 어린이공원(갈곡),어린이공원,,경기도 용인시 기흥구 구갈동 584,37.2718871281,127.1296071519,1501.0,,,,,,20001231,,,20250801
제47호 어린이공원(관곡),어린이공원,,경기도 용인시 기흥구 구갈동 407-1,37.2747516178,127.1110920358,1696.0,,,,,,19820521,,,20250801
제50호 어린이공원(안마을),어린이공원,,경기도 용인시 기흥구 구갈동 375-2,37.2776895299,127.1167945731,2195.9,,,,,,19891111,,,20250801
초록빛 소공원,소공원,,경기도 용인시 수지구 풍덕천동 1228,37.313831996,127.085413578,700.0,,,,,,20150529,,,20250801
풍덕천소공원,소공원,,경기도 용인시 수지구 풍덕천동 69-75,37.3244955451,127.1006122891,419.0,,,,,,20090817,,,20250801
풍덕소공원,소공원,경기도 용인시 수지구 포은대로 460-9,경기도 용인시 수지구 풍덕천동 85-9,37.3226998124,127.1012701758,1004.0,,,,,,20090817,,,20250801
제105호 포곡어린이공원,어린이공원,,경기도 용인시 처인구 포곡읍 둔전리 450 일원,37.2729243187,127.2217218876,2558.0,,,,,,20081006,,,20250801
꿈빛(제39호)어린이공원,어린이공원,,경기도 용인시 처인구 포곡읍 전대리 591,37.2816301228,127.2202338114,1417.5,,,,,,19880406,,,20250801
제3호 송전어린이공원,어린이공원,,경기도 용인시 처인구 이동읍 송전리 1228,37.1387572971,127.2001450947,5208.0,,,,,,20070801,,,20250801
노루(제87호) 어린이공원,어린이공원,경기도 용인시 처인구 이동읍 백옥대로753번길 30,경기도 용인시 처인구 이동읍 천리 578-1,37.2052578007,127.2065016421,1225.0,,,,,,20030623,,,20250801
역북1 어린이공원,어린이공원,,경기도 용인시 처인구 역북동 789 일원,37.24128907,127.1970924079,1346.3,,,,,,20091208,,,20250801
제83호 벌터어린이공원,어린이공원,,경기도 용인시 처인구 역북동 725-3,37.2340503277,127.1901457306,1809.0,,,,,,19950401,,,20250801
제77호 샛별어린이공원,어린이공원,,경기도 용인시 처인구 역북동 437,37.2364441319,127.1916444808,1653.0,,,,,,19851201,,,20250801
제75호 미르어린이공원,어린이공원,,경기도 용인시 처인구 역북동 419,37.2372465468,127.1877597649,1650.0,,,,,,19851201,,,20250801
제76호 새터말어린이공원,어린이공원,경기도 용인시 처인구 금학로253번길 15,경기도 용인시 처인구 역북동 381-2,37.2393120705,127.1919722913,1649.0,,,,,,19851201,,,20250801
언덕어린이공원,어린이공원,,경기도 용인시 처인구 삼가동 195-19 일원,,,1924.5,,,,,,20081002,,,20250801
물방울어린이공원,어린이공원,,경기도 용인시 처인구 삼가동 187-11 일원,,,1679.0,,,,,,20081002,,,20250801
은빛공원,수변공원,,경기도 의왕시 학의동 1114,37.3720096056,127.0038036493,8317.3,,,,,,20150123,경기도 의왕시청,031-345-3533,20251128
제85호 마평어린이공원,어린이공원,,경기도 용인시 처인구 마평동 758-3,37.2348848764,127.2164561272,3670.0,,,,,,20030623,,,20250801
남사아곡 제1호 어린이공원(한숲꽃내음),어린이공원,,경기도 용인시 처인구 남사읍 완장리 945-2,37.1601339502,127.1754774342,3076.0,,,,,,20091001,,,20250801
남사아곡 제2호 어린이공원(한숲 무지개),어린이공원,,경기도 용인시 처인구 남사읍 완장리 949-2,37.157161868,127.1725824203,4595.0,,,,,,20091001,,,20250801
제84호 아리랑어린이공원,어린이공원,,경기도 용인시 처인구 김량장동 503-2,37.2324091024,127.1969291249,1636.2,,,,,,19950401,,,20250801
제80호 별학어린이공원,어린이공원,,경기도 용인시 처인구 김량장동 351,37.2319369737,127.2009698302,1653.0,,,,,,19851201,,,20250801
소공원(제83호 벌터공원 옆),소공원,,경기도 용인시 처인구 역북동 725-2 일원,37.2343102613,127.1904751108,887.0,,,,,,20030122,,,20250801
소공원(용인역북신원아침도시아파트 옆),소공원,,경기도 용인시 처인구 역북동 796 일원,37.2399390903,127.1975096257,926.7,,,,,,20110112,,,20250801
제44호 어린이공원(관아),어린이공원,,경기도 용인시 기흥구 구갈동 393-1,37.2779590763,127.1106917658,2589.0,,,,,,19820521,,,20250801
마중뜰소공원,소공원,,경기도 용인시 처인구 역북동 801,37.2365107781,127.1854123675,2120.1,,,,,,20100318,,,20250801
문원체육공원,체육공원,경기도 과천시 문원로 56,경기도 과천시 문원동 20,37.4279269115,127.0036578453,35676.0,다목적운동장+농구장+테니스장+게이트볼장+체력단련장+조깅코스+배드민턴장+인라인스케이트장,어린이놀이터+물놀이못+황톳길+전통정자,주차장+음수장,야외공연장,조경시설+관리리설+광장+도로,20000614,경기도 과천시 시설관리공단,02-500-1410,20250801
관문어린이문화공원,문화공원,경기도 과천시 중앙로 294,경기도 과천시 관문동 3,37.4425007972,126.9969709468,3665.0,,어린이놀이터,,교통체험시설,조경시설+광장+도로,20090914,경기도 과천시 시설관리공단,02-500-1410,20250801
7-2단지 소공원,소공원,,경기도 과천시 별양동 3-1,37.4330826493,126.9978277179,1086.0,,,파고라,,조경시설,20140619,경기도 과천시청,02-3677-2363,20250801
1단지 소공원,소공원,경기도 과천시 희망길 32,경기도 과천시 중앙동 98,37.4322112617,126.9895119076,1049.0,체력단련시설,,파고라,,조경시설,20110923,경기도 과천시청,02-3677-2363,20250801
남태령3소공원,소공원,,경기도 과천시 과천동 579-2,37.4519971974,126.9930665401,670.0,체력단련시설,,파고라,,조경시설,20050530,경기도 과천시청,02-3677-2363,20250801
광창1어린이공원,어린이공원,,경기도 과천시 과천동 144-13,37.4476393514,127.0101920567,1529.0,,어린이놀이터,파고라,,조경시설,20050530,경기도 과천시청,02-3677-2363,20250801
직동근린공원,근린공원,경기도 의정부시 호국로1162번길 73,경기도 의정부시 의정부2동 산4-5번지 일원,37.7403613728,127.0326209714,632143.0,농구장+ 배드민턴장+ 축구장 등,조합놀이대+ 흔들놀이기구,주차장+ 화장실+ 음수대 등,청소년수련관+ 도서관 등,공원등+ CCTV 등,,경기도 의정부시청,031-828-2414,20250620
추동근린공원,근린공원,,경기도 의정부시 신곡2동 산25-1번지 일원,37.7419385329,127.0707012704,854666.0,농구장+ 배드민턴장 등,오르는기구,주차장 등,,공원등+ CCTV 등,,경기도 의정부시청,031-828-4054,20250620
중랑천근린공원,근린공원,,경기도 의정부시 의정부동 14-12,37.7444926218,127.0535755559,14900.0,허리돌리기+ 다리흔들기+ 다리올리기+ 온몸펴기 등,조합놀이대+ 흔들놀이기구,화장실+ 음수대,,공원등+ CCTV 등,,경기도 의정부시청,031-828-2414,20250620
장암발곡근린공원,근린공원,,경기도 의정부시 신곡1동 724-1,37.7279609081,127.0540104307,10368.2,철봉+ 평행봉 공중걷기+ 허리돌리기 등,,화장실,,공원등+ CCTV 등,,경기도 의정부시청,031-828-2414,20250620
울림어린이공원,어린이공원,,경기도 군포시 당정동 1020-1,37.3408159832,126.9495525774,2194.9,,,,,,19990304,경기도 군포시청,031-390-0478,20250912
당거리어린이공원,어린이공원,,경기도 군포시 당동 968-2,37.3450259932,126.9393097557,1513.2,,,,,,19990304,경기도 군포시청,031-390-0478,20250912
한얼어린이공원,어린이공원,,경기도 군포시 산본동 1266,37.366415652,126.9359566015,3149.0,,,,,,20051024,경기도 군포시청,031-390-0478,20250912
계룡어린이공원,어린이공원,경기도 군포시 수리산로 33-1,경기도 군포시 산본동 1152-6,37.3549793818,126.9223990177,1561.0,,,,,,19940915,경기도 군포시청,031-390-0478,20250912
당골어린이공원,어린이공원,,경기도 군포시 당동 873-2,37.3440891669,126.9418881963,1500.3,,,,,,19940908,경기도 군포시청,031-390-0478,20250912
달님어린이공원,어린이공원,,경기도 군포시 당정동 967-4,37.3471764101,126.9543419158,1728.5,,,,,,19990304,경기도 군포시청,031-390-0478,20250912
산마루어린이공원,어린이공원,,경기도 군포시 부곡동 1216,37.3376387228,126.9341766382,1903.4,,,,,,20061207,경기도 군포시청,031-390-0478,20250912
체육공원1(당동2지구),체육공원,경기도 군포시 군포로 339,경기도 군포시 부곡동 1226,37.338759376,126.9364765931,80672.9,,,,,,20061207,경기도 군포시청,031-390-0478,20250912
산마을어린이공원,어린이공원,,경기도 군포시 당동 1025,37.3419164997,126.9354960898,1597.9,,,,,,20061207,경기도 군포시청,031-390-0478,20250912
산이슬어린이공원,어린이공원,,경기도 군포시 부곡동 1207,37.3381194282,126.9323791463,2705.9,,,,,,20061207,경기도 군포시청,031-390-0478,20250912
제일어린이공원,어린이공원,경기도 군포시 군포로615번길 17,경기도 군포시 금정동 755,37.3605317623,126.9468947894,9673.7,,,,,,19941206,경기도 군포시청,031-390-0478,20250912
달집소공원,소공원,,경기도 용인시 처인구 이동읍 덕성리 1258-4,37.17713427,127.2054318552,819.0,,,,,,20151224,,,20250801
도기어린이공원,어린이공원,,경기도 군포시 금정동 775-3,37.360432661,126.9474319319,1481.6,,,,,,19910111,경기도 군포시청,031-390-0478,20250912
동막골어린이공원,어린이공원,,경기도 군포시 당동 734-2,37.3574204154,126.9461584985,1261.6,,,,,,19910111,경기도 군포시청,031-390-0478,20250912
당너머어린이공원,어린이공원,,경기도 군포시 당동 757,37.3534581011,126.9409092478,1514.8,,,,,,19910111,경기도 군포시청,031-390-0478,20250912
효자어린이공원,어린이공원,경기도 군포시 당동로18번길 27,경기도 군포시 당동 773-4,37.3516545258,126.9433355001,1597.4,,,,,,19970802,경기도 군포시청,031-390-0478,20250912
산울림어린이공원,어린이공원,,경기도 군포시 부곡동 1181-2,37.3349591573,126.931057992,1558.5,,,,,,20061207,경기도 군포시청,031-390-0478,20250912
금산어린이공원,어린이공원,,경기도 군포시 대야미동 635-1,37.3335721815,126.9156073784,2409.9,,,,,,19960814,경기도 군포시청,031-390-0478,20250912
웃말어린이공원,어린이공원,,경기도 군포시 대야미동 661-1,37.3262890801,126.9174652863,2003.8,,,,,,19960814,경기도 군포시청,031-390-0478,20250912
마루터기어린이공원,어린이공원,,경기도 군포시 대야미동 655-3,37.3278759295,126.9189396173,1538.9,,,,,,20050530,경기도 군포시청,031-390-0478,20250912
샘터어린이공원,어린이공원,,경기도 군포시 산본동 1091-2,37.3667885874,126.9286439657,1500.2,,,,,,19940915,경기도 군포시청,031-390-0478,20250912
새터어린이공원,어린이공원,경기도 군포시 송부로221번길 3-15,경기도 군포시 부곡동 1081,37.3229504386,126.9329716173,2116.2,,,,,,20030620,경기도 군포시청,031-390-0478,20250912
물빛어린이공원,어린이공원,,경기도 군포시 부곡동 1083,37.3225954067,126.9352277664,1475.1,,,,,,20030620,경기도 군포시청,031-390-0478,20250912
신대 문화공원,문화공원,,경기도 용인시 처인구 역북동 816,37.239675791,127.1894799362,7091.0,,,,,,20181128,,,20250801
영화,어린이공원,경기도 수원시 장안구 수성로340번길 30,경기도 수원시 장안구 영화동 352,37.2913219864,127.0099269237,5110.7,농구장1+ 다목적구장(게이트볼)1,조합놀이대1,화장실1,,음수대1,,경기도 수원시 장안구 녹지공원과,031-5191-5995,20260115
신정문화공원,문화공원,,경기도 용인시 수지구 풍덕천동 1088,37.3202797699,127.0946916926,15539.0,,,,,,19951230,,,20250801
서울묘지공원,묘지공원,,경기도 용인시 처인구 이동읍 서리 산4-8번지 일원,37.2201251377,127.1737505754,202150.0,,,,,,20030122,,,20250801
천주교묘지공원,묘지공원,경기도 용인시 처인구 모현읍 오산로 154-62,경기도 용인시 처인구 모현읍 오산리 325-4 일원,37.3225746031,127.1469822595,847474.0,,,,,,20030122,,,20250801
둔천체육공원(73호),체육공원,경기도 용인시 처인구 포곡읍 둔전로 3,경기도 용인시 처인구 포곡읍 둔전리 422-2,37.2657172241,127.2148048446,9877.0,,,,,,20090817,,,20250801
체육공원(78호),체육공원,,경기도 용인시 처인구 포곡읍 금어리 373,37.2770783495,127.2484163069,12588.0,,,,,,20130201,,,20250801
나곡체육공원,체육공원,,경기도 용인시 기흥구 보라동 661,37.2552888963,127.1173138788,5232.0,,,,,,20161110,,,20250801
수지체육공원(62호),체육공원,,경기도 용인시 수지구 풍덕천동 산12-1일원,,,67667.0,,,,,,20030122,,,20250801
신봉체육공원,체육공원,경기도 용인시 수지구 신봉1로 181,경기도 용인시 수지구 신봉동 963,37.3289527128,127.0671482485,15560.0,,,,,,20060710,,,20250801
유곡 소공원,소공원,,경기도 용인시 처인구 유방동 1100,37.2589434586,127.1956460314,1216.7,,,,,,20160816,,,20250801
두루봉소공원,소공원,,경기도 용인시 처인구 이동읍 덕성리 1266-7,37.1745345663,127.2045580647,277.0,,,,,,20151224,,,20250801
국은 소공원,소공원,,경기도 용인시 처인구 이동읍 덕성리 1283-2,37.1680547462,127.2100616915,8447.0,,,,,,20151224,,,20250801
소공원2(태영데시앙앞),소공원,,경기도 용인시 기흥구 마북동 389-1 일원,37.2932853365,127.1142389931,1806.0,,,,,,20090817,,,20250801
황골,근린공원,경기도 수원시 영통구 영통로 530,경기도 수원시 영통구 영통동 948-2,37.2664378105,127.0786831933,15013.4,농구장1+다목적구장1,,화장실1,,,,경기도 수원시 영통구 녹지공원과,031-5191-8331,20260115
가람소공원(50호),소공원,,경기도 안양시 동안구 호계동 1318,37.3664198822,126.9537620861,360.4,,,,,,20120906,경기도 안양시 공원관리과,031-8045-5022,20251126
간촌공원(32호),근린공원,경기도 안양시 동안구 동편로 124,경기도 안양시 동안구 관양동 1675,37.4109797929,126.968106991,13874.0,,,,,,20130103,경기도 안양시 공원관리과,031-8045-5015,20251126
소공원(56호),소공원,,경기도 안양시 동안구 비산동 1181,37.3961305116,126.9396676995,500.0,,,,,,20140220,경기도 안양시 공원관리과,031-8045-5022,20251126
박달시장소공원(61호),소공원,,경기도 안양시 만안구 박달동 74-13,37.4029600204,126.9122031175,500.0,,,,,,20150604,경기도 안양시 공원관리과,031-8045-5286,20251126
포일공원(1호),근린공원,,경기도 안양시 동안구 평촌동 999,37.3953002486,126.981668667,638.4,,,,,,20160609,경기도 안양시 공원관리과,031-8045-5015,20251126
맑은내소공원(49호),소공원,,경기도 안양시 동안구 호계동 1316,37.3663923057,126.9551795436,820.2,,,,,,20160805,경기도 안양시 공원관리과,031-8045-5022,20251126
비봉산힐링공원(35호),근린공원,,경기도 안양시 동안구 비산동 산186-10번지,37.4085885146,126.9301498056,20527.3,,,,,,20180213,경기도 안양시 공원관리과,031-8045-5015,20251126
맞이공원,수변공원,,경기도 의왕시 학의동 1168,37.365897641,127.0032449637,4258.6,,,,,,20150123,경기도 의왕시청,031-345-3533,20251128
덕현공원(34호),근린공원,경기도 안양시 동안구 흥안대로 151,경기도 안양시 동안구 호계동 1330,37.371920313,126.9614709109,11148.5,,,,,,20180316,경기도 안양시 공원관리과,031-8045-5015,20251126
안양천 생태힐링공원(27호),문화공원,경기도 안양시 만안구 화창로 10,경기도 안양시 만안구 석수동 583,37.4166653984,126.8963632497,72839.0,,,,,,20220125,경기도 안양시 공원관리과,031-8045-5517,20251126
(마북지구)제5호 소공원,소공원,,경기도 용인시 기흥구 마북동 648,37.3012436605,127.1225740739,1450.0,,,,,,20071129,,,20250801
보정동 소공원,소공원,,경기도 용인시 기흥구 보정동 1400,37.3063492927,127.1087588542,883.0,,,,,,20091204,,,20250801
소공원1(보정동),소공원,,경기도 용인시 기흥구 보정동 산88-12 일원,37.3119915676,127.0947124017,3700.0,,,,,,20090817,,,20250801
서천소공원,소공원,,경기도 용인시 기흥구 서천동 829 일원,37.2456071985,127.0715795738,3242.0,,,,,,20060605,,,20250801
소공원(서그내마을 삼거리),소공원,,경기도 용인시 기흥구 서천동 831 일원,38.1431481043,127.0714546806,1847.0,,,,,,20060605,,,20250801
제28호소공원(신갈주공),소공원,,경기도 용인시 기흥구 신갈동 733-1,37.2824181894,127.1095847806,1580.0,,,,,,20090612,,,20250801
새빛 소공원,소공원,,경기도 용인시 수지구 상현동 1110,37.3017924324,127.0749630677,835.0,,,,,,20090311,,,20250801
냇가 소공원,소공원,경기도 용인시 수지구 이현로 140,경기도 용인시 수지구 상현동 23-1 일원,37.3141157332,127.0898833117,3247.0,,,,,,20090817,,,20250801
상현 소공원,소공원,,경기도 용인시 수지구 상현동 66-24 일원,37.309083831,127.0855012736,1408.0,,,,,,20070607,,,20250801
죽전디지털밸리 제1호 소공원,소공원,,경기도 용인시 수지구 죽전동 12-11,37.3312844936,127.1319935018,1660.0,,,,,,20060116,,,20250801
죽전디지털밸리 제4호 소공원,소공원,,경기도 용인시 수지구 죽전동 12-14,37.3322834933,127.1365618979,3561.0,,,,,,20060116,,,20250801
죽전디지털밸리 제3호 소공원,소공원,,경기도 용인시 수지구 죽전동 23-10,37.3319365998,127.1337927577,665.0,,,,,,20060116,,,20250801
죽전디지털밸리 제2호 소공원,소공원,,경기도 용인시 수지구 죽전동 23-9,37.331903626,127.1330545096,644.0,,,,,,20060116,,,20250801
수지생태공원,근린공원,경기도 용인시 수지구 수지로 253,경기도 용인시 수지구 신봉동 877,37.3241433271,127.0859009492,97839.0,,,,,,20000531,,,20250801
토끼구름 근린공원(제76호),근린공원,,경기도 용인시 수지구 성복동 773,37.3151585242,127.0702028837,8558.0,,,,,,20071206,,,20250801
신봉근린공원,근린공원,,경기도 용인시 수지구 성복동 735,37.318432049,127.0807568629,58620.0,,,,,,20000531,,,20250801
상현근린공원,근린공원,,경기도 용인시 수지구 상현동 57-1,37.3118767218,127.0870936543,11591.0,,,,,,20030122,,,20250801
만현근린공원,근린공원,,경기도 용인시 수지구 상현동 37 일원,37.3106436939,127.0898684854,10116.0,,,,,,20030122,,,20250801
정암수목공원,근린공원,,경기도 용인시 수지구 상현동 1139,37.2976207183,127.0776452926,123194.2,,,,,,20070628,,,20250801
절골근린공원,근린공원,,경기도 용인시 수지구 상현동 1104,37.3101556469,127.0749079503,9755.0,,,,,,20060227,,,20250801
수진근린공원,근린공원,,경기도 용인시 수지구 동천동 927,37.3341679155,127.086360391,19064.0,,,,,,20060710,,,20250801
동천2(동막)근린공원,근린공원,,경기도 용인시 수지구 동천동 931,37.3320828158,127.0911361513,19660.0,,,,,,20060710,,,20250801
제55호 성복근린공원,근린공원,경기도 용인시 수지구 성복1로164번길 6,경기도 용인시 수지구 성복동 778,37.3169135772,127.0631656554,10556.6,,,,,,20030122,,,20250801
용인중앙공원 1차,근린공원,경기도 용인시 처인구 백옥대로1081번길 5-2,경기도 용인시 처인구 김량장동 산37-16 일원,37.2317097147,127.208383232,325543.0,,,,,,19680625,,,20250801
소공원(삼환아파트 앞),소공원,,경기도 용인시 처인구 김량장동 503-1,37.2327997362,127.1970445742,887.0,,,,,,20090817,,,20250801
토오골어린이공원,어린이공원,,경기도 군포시 당동 951-1,37.3506944665,126.9392238553,2501.9,,,,,,19990304,경기도 군포시청,031-390-0478,20250912
해오름어린이공원,어린이공원,경기도 군포시 군포로476번길 58-12,경기도 군포시 당동 980-2,37.3452574054,126.9356779052,4117.2,,,,,,19990304,경기도 군포시청,031-390-0478,20250912
동막소공원,소공원,,경기도 용인시 처인구 남사읍 통삼리 1013,37.1371421175,127.1292085269,498.2,,,,,,20180822,,,20250801
제36호 소공원(마평소공원),소공원,,경기도 용인시 처인구 마평동 661-1 일원,37.2363220625,127.2124935724,401.0,,,,,,20160223,,,20250801
소공원(천일빌리지 앞),소공원,,경기도 용인시 처인구 마평동 740-66,37.234417342,127.2114698644,279.0,,,,,,20091118,,,20250801
소공원(외대공원 옆),소공원,,경기도 용인시 처인구 모현읍 왕산리 523-17 일원,37.3371365194,127.2521487523,911.0,,,,,,20090817,,,20250801
제일바이오 1호 소공원,소공원,,경기도 용인시 처인구 백암면 근곡리 959,37.1786484217,127.3691592182,551.3,,,,,,20140716,,,20250801
제일바이오 2호 소공원,소공원,,경기도 용인시 처인구 백암면 근곡리 962,37.1782133531,127.3693531227,1449.8,,,,,,20140716,,,20250801
백암소공원,소공원,,경기도 용인시 처인구 백암면 근창리 101-8 일원,37.1634636857,127.3692446132,1317.0,,,,,,20090817,,,20250801
소공원(굿모닝빌 옆),소공원,,경기도 용인시 처인구 역북동 386-3,37.2387300134,127.1926544104,406.0,,,,,,20090817,,,20250801
역북소공원 30호,소공원,,경기도 용인시 처인구 역북동 430-17 일원,37.2374573909,127.1948727104,7123.0,,,,,,20100630,,,20250801
중앙공원,근린공원,경기도 과천시 도서관길 36,경기도 과천시 별양동 2,37.4323407549,126.9965868188,47627.0,농구장+게이트볼장+체력단련시설,어린이놀이터+정자,음수장,도서관+야외공연장,조경시설+관리리설+광장+도로,19800720,경기도 과천시청,02-3677-2362,20250801
청사앞소공원,근린공원,,경기도 과천시 원문동 1,37.424776474,126.9898865035,6321.0,체력단련시설,,,,조경시설+광장+도로,19800720,경기도 정부과천종합청사,02-2110-2114,20250801
남태령2소공원,소공원,경기도 과천시 양지마을4로 33,경기도 과천시 과천동 484,37.4523855392,126.9939074011,370.0,체력단련시설,,,,조경시설+도로,20050530,경기도 과천시청,02-3677-2363,20250801
뒷골4소공원,소공원,경기도 과천시 뒷골2로 29,경기도 과천시 과천동 375-2,37.4553735922,127.0015317748,377.0,체력단련시설,,,,조경시설+도로,20050530,경기도 과천시청,02-3677-2363,20250801
뒷골1어린이공원,어린이공원,,경기도 과천시 과천동 386-7,,,1501.0,체력단련시설,어린이놀이터,파고라,,조경시설+도로,20050530,경기도 과천시청,02-3677-2363,20250801
문원어린이공원,어린이공원,,경기도 과천시 문원동 155-3,37.4219844891,127.0088030277,1737.0,체력단련시설,어린이놀이터,,,조경시설+도로,20011211,경기도 과천시청,02-3677-2363,20250801
죽바위1 어린이공원,어린이공원,,경기도 과천시 주암동 19-2,37.458707672,127.0339197199,1590.0,체력단련시설,어린이놀이터,,,조경시설,20050530,경기도 과천시청,02-3677-2363,20250801
신기어린이공원,어린이공원,,경기도 군포시 당동 874-1,37.3428078144,126.940925231,1559.9,,,,,,19940908,경기도 군포시청,031-390-0478,20250912
샘들어린이공원,어린이공원,,경기도 군포시 당동 882,37.3422470893,126.9434281631,1806.9,,,,,,19940908,경기도 군포시청,031-390-0478,20250912
노루목어린이공원,어린이공원,경기도 군포시 고산로724번길 16,경기도 군포시 산본동 80-3,37.3731916812,126.9383085542,1771.1,,,,,,19881231,경기도 군포시청,031-390-0478,20250912
을지어린이공원,어린이공원,경기도 군포시 고산로 470-1,경기도 군포시 산본동 1145-13,37.3567423096,126.9271845229,1538.7,,,,,,19940915,경기도 군포시청,031-390-0478,20250912
퇴계어린이공원,어린이공원,경기도 군포시 광정로 25-20,경기도 군포시 금정동 875-3,37.3536745692,126.930404575,1500.0,,,,,,19911115,경기도 군포시청,031-390-0478,20250912
소월어린이공원,어린이공원,경기도 군포시 오금로 34,경기도 군포시 금정동 871-9,37.3510631214,126.9333688894,1598.1,,,,,,19940915,경기도 군포시청,031-390-0478,20250912
다산어린이공원,어린이공원,,경기도 군포시 금정동 871-15,37.3501399361,126.9306730244,1500.0,,,,,,19911115,경기도 군포시청,031-390-0478,20250912
가야어린이공원,어린이공원,,경기도 군포시 산본동 1155-2,37.3514720817,126.9245562389,1529.0,,,,,,19940915,경기도 군포시청,031-390-0478,20250912
도장어린이공원,어린이공원,,경기도 군포시 산본동 1156-9,37.3498553675,126.9272228819,1524.0,,,,,,19940915,경기도 군포시청,031-390-0478,20250912
한라어린이공원,어린이공원,,경기도 군포시 산본동 1156-13,37.3485362841,126.9260067238,1500.1,,,,,,19940915,경기도 군포시청,031-390-0478,20250912
진달래어린이공원,어린이공원,,경기도 군포시 산본동 1156-16,37.3467828197,126.9253562288,1500.0,,,,,,19891230,경기도 군포시청,031-390-0478,20250912
회목안어린이공원,어린이공원,경기도 군포시 산본천로179번길 26,경기도 군포시 산본동 214,37.3708259227,126.937433974,2348.3,,,,,,19851230,경기도 군포시청,031-390-0478,20250912
수리약수터어린이공원,어린이공원,경기도 군포시 곡란로74번길 24,경기도 군포시 산본동 1074,37.3736656937,126.9281288196,1501.5,,,,,,19940915,경기도 군포시청,031-390-0478,20250912
진설미어린이공원,어린이공원,,경기도 군포시 산본동 1033,37.3677168487,126.9396793765,1485.8,,,,,,19910111,경기도 군포시청,031-390-0478,20250912
수정어린이공원,어린이공원,,경기도 군포시 금정동 906,37.3655108952,126.9448618055,1520.0,,,,,,19920729,경기도 군포시청,031-390-0478,20250912
빌라어린이공원,어린이공원,,경기도 군포시 금정동 707-8,37.3646528512,126.9391766119,1488.3,,,,,,19950519,경기도 군포시청,031-390-0478,20250912
느티울어린이공원,어린이공원,,경기도 군포시 금정동 714,37.3614105889,126.9375918056,2546.2,,,,,,19950519,경기도 군포시청,031-390-0478,20250912
하니어린이공원,어린이공원,,경기도 군포시 금정동 759,37.3625151355,126.9433862482,1500.8,,,,,,19950519,경기도 군포시청,031-390-0478,20250912
목련어린이공원,어린이공원,,경기도 군포시 산본동 1088-1,37.369886685,126.9269020172,1500.1,,,,,,19940915,경기도 군포시청,031-390-0478,20250912
점말어린이공원,어린이공원,,경기도 군포시 금정동 768-11,37.3629086534,126.9460192619,1590.0,,,,,,19910111,경기도 군포시청,031-390-0478,20250912
동산어린이공원,어린이공원,,경기도 군포시 당정동 982-2,37.346989578,126.956775363,1584.4,,,,,,19990304,경기도 군포시청,031-390-0478,20250912
별님어린이공원,어린이공원,경기도 군포시 한세로16번길 10,경기도 군포시 당정동 1003-2,37.3452725441,126.9510034292,3121.1,,,,,,19990304,경기도 군포시청,031-390-0478,20250912
새싹어린이공원,어린이공원,,경기도 군포시 당정동 1014-2,37.3434907452,126.9492579736,1768.7,,,,,,19990304,경기도 군포시청,031-390-0478,20250912
관문체육공원,체육공원,경기도 과천시 중앙로 294,경기도 과천시 관문동 3,37.4425007972,126.9969709468,176471.0,다목적운동장+농구장+잔디볼링장+배구장+테니스장+게이트볼장+배드민턴장+체력단련장,어린이놀이터,주차장+음수장,,조경시설+관리리설+광장+도로,19961118,경기도 과천시 시설관리공단,02-500-1410,20250801
동천체육공원(60호),체육공원,경기도 용인시 수지구 수풍로116번길 23,경기도 용인시 수지구 동천동 872,37.3343467844,127.0962642496,19512.0,,,,,,20000531,,,20250801
율곡어린이공원,어린이공원,,경기도 군포시 금정동 876-1,37.3541568404,126.9321768575,1500.0,,,,,,19911115,경기도 군포시청,031-390-0478,20250912
토월체육공원,체육공원,경기도 용인시 수지구 수풍로23번길 36,경기도 용인시 수지구 풍덕천동 1239,37.3277977432,127.0844135145,19474.0,,,,,,20051114,,,20250801
물빛하늘 소공원,소공원,,경기도 용인시 처인구 고림동 1031번지,37.2653409645,127.2211588116,5750.7,,,,,,20190611,,,20250801
한컴산단 소공원,소공원,,경기도 용인시 처인구 양지면 송문리 124-4 일원,,,909.1,,,,,,20160707,,,20250801
고림무지개구름소공원,소공원,,경기도 용인시 처인구 고림동 328-2번지,,,6539.9,,,,,,20170405,,,20250801
물잔디 어린이공원 1,어린이공원,,경기도 용인시 처인구 모현읍 왕산리 961번지,37.3463595661,127.2522682861,3638.3,,,,,,20111007,,,20250801
흙놀이 어린이공원 2,어린이공원,,경기도 용인시 처인구 모현읍 왕산리 960번지,37.3463125105,127.2545448408,4048.6,,,,,,20111007,,,20250801
구름마루 어린이공원 4,어린이공원,,경기도 용인시 처인구 모현읍 왕산리 984번지,37.3454478142,127.2578345153,2065.7,,,,,,20111007,,,20250801
보평 근린공원,근린공원,,경기도 용인시 처인구 고림동 1030번지,37.2647622705,127.2179633913,18774.3,,,,,,20190611,,,20250801
별울림(성복1) 근린공원,근린공원,,경기도 용인시 수지구 성복동 192-4번지 일원,37.3144264359,127.0726484327,23353.0,,,,,,20030122,,,20250801
문화공원,문화공원,경기도 하남시 미사대로 710,경기도 하남시 신장동 27,37.5465461567,127.2204967225,79371.0,,,,,,,경기도 하남시청,031-5182-1579,20251218
덕풍수변공원1,수변공원,,경기도 하남시 신장동 596,37.5452311295,127.2160884236,9836.0,,,,,,,경기도 하남시청,031-5182-1579,20251218
덕풍수변공원2,수변공원,,경기도 하남시 신장동 600,37.5450124396,127.2175980766,10639.0,,,,,,,경기도 하남시청,031-5182-1579,20251218
달빛 공원,소공원,,경기도 하남시 선동 444,37.573748297,127.1790705791,6943.0,,,,,,,경기도 하남시청,031-5182-1579,20251218
초록숲 공원,소공원,,경기도 하남시 선동 425,37.5751180363,127.1857578151,5369.0,,,,,,,경기도 하남시청,031-5182-1579,20251218
숲내음 공원,소공원,,경기도 하남시 망월동 936,37.5706635266,127.1923670395,8464.0,,,,,,,경기도 하남시청,031-5182-1579,20251218
미사 중앙초 공원,소공원,,경기도 하남시 망월동 1178,37.5596817983,127.1983422591,5172.0,,,,,,,경기도 하남시청,031-5182-1579,20251218
뜨락 1호 공원,소공원,,경기도 하남시 덕풍동 921,37.5567781046,127.2005380233,603.0,,,,,,,경기도 하남시청,031-5182-1579,20251218
뜨락 3호 공원,소공원,,경기도 하남시 덕풍동 929,37.5574196418,127.2014555473,798.0,,,,,,,경기도 하남시청,031-5182-1579,20251218
나룰 공원,소공원,,경기도 하남시 덕풍동 903,37.556341472,127.2049919924,1033.0,,,,,,,경기도 하남시청,031-5182-1579,20251218
꿈마루 공원,어린이공원,,경기도 하남시 망월동 867,37.5753461321,127.1912865065,1945.0,,,,,,,경기도 하남시청,031-5182-1579,20251218
실바람 공원,어린이공원,,경기도 하남시 덕풍동 882,37.5571279538,127.2037827999,2714.0,,,,,,,경기도 하남시청,031-5182-1579,20251218
현안1지구 누리봄공원,어린이공원,,경기도 하남시 풍산동 636,37.5429578105,127.1942383575,1853.0,,,,,,,경기도 하남시청,031-5182-1579,20251218
현안1지구 늘봄공원,어린이공원,,경기도 하남시 풍산동 632,37.5442675521,127.1942788336,1752.0,,,,,,,경기도 하남시청,031-5182-1579,20251218
미사 한강 1호 공원,근린공원,,경기도 하남시 선동 413,37.5765640389,127.177814993,80043.0,,,,,,,경기도 하남시청,031-5182-1579,20251218
미사 한강 2호 공원,근린공원,경기도 하남시 미사강변한강로 45,경기도 하남시 선동 417,37.5767668795,127.180734796,79419.0,,,,,,,경기도 하남시청,031-5182-1579,20251218
미사 한강 5호 공원,근린공원,,경기도 하남시 망월동 832,37.5786979192,127.1911980175,91871.0,,,,,,,경기도 하남시청,031-5182-1579,20251218
미사 숲 공원,근린공원,,경기도 하남시 풍산동 537,37.5597690264,127.1880990121,167988.0,,,,,,,경기도 하남시청,031-5182-1579,20251218
미사 누리 1호 공원,근린공원,,경기도 하남시 망월동 838,37.5746248081,127.1878888484,33924.0,,,,,,,경기도 하남시청,031-5182-1579,20251218
미사 한강 3호 공원,문화공원,경기도 하남시 미사강변한강로 99,경기도 하남시 선동 421,37.579794881,127.1872680092,59145.0,,,,,,,경기도 하남시청,031-5182-1579,20251218
벌말 어린이공원(1호),어린이공원,,경기도 화성시 만세구 향남읍 행정리 423,37.1297145489,126.9143630842,6543.0,,,,,,,,031-5189-6655,20260201
17호공원,어린이공원,경기도 안성시 고수2로 9,경기도 안성시 당왕동 534-5,37.0142804508,127.2575751014,1798.0,,,,,,19891219,경기도 안성시청,031-678-6893,20250226
미양공원,근린공원,경기도 안성시 미양면 안성맞춤대로 697,경기도 안성시 미양면 계륵리 271-4,36.9784105134,127.2612394418,11763.0,,,,,,19901211,경기도 안성시청,031-678-6893,20250226
24호공원,어린이공원,,경기도 안성시 대덕면 내리 696,37.000936974,127.222380103,1900.0,,,,,,19910108,경기도 안성시청,031-678-6893,20250226
25호공원,어린이공원,,경기도 안성시 대덕면 내리 707-3,36.9992527043,127.2233550944,1600.0,,,,,,19910108,경기도 안성시청,031-678-6893,20250226
19호공원,어린이공원,경기도 안성시 남파로 97,경기도 안성시 당왕동 535-3,37.0159025738,127.2617966742,2026.0,,,,,,19920930,경기도 안성시청,031-678-6893,20250226
비봉 쌈지공원 (2),기타,,경기도 화성시 효행구 비봉면 양노리 180-9,37.2314973135,126.8730658782,569.0,,,,,,,,031-5189-6655,20260201
원곡산단 소공원,소공원,경기도 안성시 원곡면 청원로 1785-22,경기도 안성시 원곡면 내가천리 283,37.0431066175,127.1195376,2150.0,,,,,,19940819,경기도 안성시청,031-678-6893,20250226
2호어린이공원,어린이공원,,경기도 안성시 공도읍 승두리 896,36.9964726202,127.1694671842,1800.0,,,,,,19980119,경기도 안성시청,031-678-6893,20250226
조암 2호 공공공지,기타,,경기도 화성시 만세구 우정읍 조암리 798,37.0872660697,126.8227398511,290.2,,,,,,,,031-5189-6655,20260201
조암 3호 공공공지,기타,,경기도 화성시 만세구 우정읍 조암리 794,37.087782048,126.8254370919,990.0,,,,,,,,031-5189-6655,20260201
매향리평화생태공원,문화공원,,경기도 화성시 만세구 우정읍 매향리 184-1,,,335536.0,,,,,,,,031-5189-6655,20260201
동화마을 생태공원,근린공원,경기도 화성시 효행구 봉담읍 웃음길 27,경기도 화성시 효행구 봉담읍 동화리 573,37.213465771,126.9576064111,161978.0,,,,,,,,031-5189-6655,20260201
한울2호공원,어린이공원,,경기도 화성시 효행구 봉담읍 수영리 673-2,37.237418554,126.9541945699,1500.0,,,,,,,,031-5189-6655,20260201
한울2-1호공원,어린이공원,,경기도 화성시 효행구 봉담읍 수영리 676,37.2373793092,126.9546231865,3982.0,,,,,,,,031-5189-6655,20260201
나룰 공원,어린이공원,,경기도 하남시 덕풍동 903,37.556341472,127.2049919924,1033.0,,,,,,,경기도 하남시청,031-5182-1579,20251218
봉담수영 어린이공원,어린이공원,,경기도 화성시 효행구 봉담읍 수영리 406-6,37.2417003684,126.9547274973,2284.0,,,,,,,,031-5189-6655,20260201
달빛,근린공원,,경기도 부천시 원미구 중동 1115,37.4963424491,126.7792248992,3788.6,,,,,,20111107,경기도 부천시청,032-625-4843,20250731
덕산,어린이공원,경기도 부천시 오정구 오정로252번길 117,경기도 부천시 오정구 오정동 114-7,37.5289186371,126.7921408758,6100.0,농구장+족구장,그네 등 3개,화장실,,,20030120,경기도 부천시청,032-625-4843,20250731
덕유,어린이공원,경기도 부천시 원미구 계남로 161,경기도 부천시 원미구 중동 1040-1,37.5084598044,126.7672950626,6921.1,농구장,그네 등 10개,화장실,,,19901127,경기도 부천시청,032-625-4843,20250731
도당,근린공원,,경기도 부천시 원미구 도당동 산25-5,37.5161257904,126.7901796452,344615.0,족구장+배드민턴장+게이트볼장,조합놀이대 등 12개,화장실,야외공연장,,19680129,경기도 부천시청,032-625-4843,20250731
도요새,어린이공원,경기도 부천시 원미구 역곡로26번길 74,경기도 부천시 원미구 역곡동 115,37.4886889378,126.8146347829,2649.6,,흔들놀이기구 등 8개,화장실,,,19710510,경기도 부천시청,032-625-4843,20250731
동산,어린이공원,,경기도 부천시 오정구 오정동 722,37.5303889335,126.7846797333,1529.0,,흔들놀이기구 등 4개,,,,20011005,경기도 부천시청,032-625-4843,20250731
동화,어린이공원,경기도 부천시 원미구 수도로 224,경기도 부천시 원미구 도당동 59,37.5205754638,126.7896848384,3203.8,,조합놀이대 등 4개,화장실,,,19671111,경기도 부천시청,032-625-4843,20250731
푸른물빛근린공원,근린공원,경기도 의정부시 용민로 457,경기도 의정부시 민락동 897,37.7527938866,127.1186460958,15773.0,허리돌리기+ 파도타기+ 공중걷기 등,,,,공원등+ CCTV 등,,경기도 의정부시청,031-828-4054,20250620
민락문화근린공원,근린공원,,경기도 의정부시 민락동 900,37.7492146297,127.1201458072,25509.4,허리돌리기+ 파도타기+ 공중걷기 등,,,,공원등+ CCTV 등,,경기도 의정부시청,031-828-4054,20250620
광역행정타운 문화공원,문화공원,,경기도 의정부시 금오동 145-7,,,3886.0,농구장+ 허리돌리기+ 팔돌리기 등,,,,공원등+ CCTV 등,,경기도 의정부시청,031-828-4054,20250620
송산1호수변공원,수변공원,,경기도 의정부시 민락동 731-1,37.7446349233,127.0856870738,6487.5,허리돌리기+ 팔돌리기 등,,,,공원등+ CCTV 등,,경기도 의정부시청,031-828-4054,20250620
활기체육공원,체육공원,경기도 의정부시 민락로 299,경기도 의정부시 민락동 888,37.7492121373,127.1093223942,30333.3,축구장+ 농구장+ 족구장 등,,화장실,,공원등+ CCTV 등,,경기도 의정부시청,031-828-4054,20250620
조암 2호 어린이공원,어린이공원,,경기도 화성시 만세구 우정읍 조암리 790,37.0908784028,126.8243810242,8401.0,,,,,,,,031-5189-6655,20260201
조암 3호 어린이공원,어린이공원,,경기도 화성시 만세구 우정읍 조암리 792-1,37.0894433227,126.8226062307,3717.0,,,,,,,,031-5189-6655,20260201
조암 5호 어린이공원,어린이공원,,경기도 화성시 만세구 우정읍 조암리 808-3,37.0853704345,126.8212367257,1496.0,,,,,,,,031-5189-6655,20260201
장안남산 체육공원,체육공원,,경기도 화성시 만세구 장안면 사랑리 689,37.078218011,126.8343938512,37163.0,,,,,,,,031-5189-6655,20260201
복사골,근린공원,경기도 부천시 원미구 장말로293번길 45,경기도 부천시 원미구 중동 1212,37.4931449287,126.7759062411,25783.1,테니스장+농구장+족구장+배드민턴장,그네 등 6개,화장실,,,19901127,경기도 부천시청,032-625-4843,20250731
꿈빛,소공원,,경기도 부천시 원미구 중동 1293-3,37.5084157851,126.7752743702,1700.4,,,,,,20130701,경기도 부천시청,032-625-4843,20250731
꿈자람,어린이공원,,경기도 부천시 오정구 오정동 749,37.5331226946,126.7867307,1720.7,,흔들놀이기구 등 8개,,,,19901127,경기도 부천시청,032-625-4843,20250731
낙타,어린이공원,,경기도 부천시 원미구 약대동 217-6,37.514842022,126.7671982316,2784.2,,조합놀이대 등 8개,,,,20070402,경기도 부천시청,032-625-4843,20250731
와우남촌 어린이공원,어린이공원,,경기도 화성시 효행구 봉담읍 와우리 52-5,37.2168029718,126.9768076759,1477.0,,,,,,,,031-5189-6655,20260201
내동,어린이공원,경기도 부천시 오정구 삼작로 211,경기도 부천시 오정구 내동 309,37.5204111796,126.7848656348,4864.5,배드민턴장+족구장,흔들놀이기구 등 6개,화장실,,,19940716,경기도 부천시청,032-625-4843,20250731
내촌,어린이공원,,"경기도 부천시 오정구 내동294, 295",37.5225118774,126.7849587503,5105.3,배드민턴장,그네 등 6개,화장실,,,19980427,경기도 부천시청,032-625-4843,20250731
넘말,어린이공원,,경기도 부천시 원미구 중동 729,37.4951258702,126.7621968503,3124.0,,그네 등 3개,화장실,,,19801007,경기도 부천시청,032-625-4843,20250731
다복한,어린이공원,,경기도 부천시 원미구 상동 558-1,37.5009510059,126.7541505902,2770.0,,그네 등 4개,,,,19981217,경기도 부천시청,032-625-4843,20250731
다산,어린이공원,경기도 부천시 소사구 경인로101번길 45,경기도 부천시 소사구 송내동 371-2,37.4858080845,126.7657065764,1559.8,,조합놀이대 등 3개,,,,20020930,경기도 부천시청,032-625-4843,20250731
공공공지 7호,기타,,경기도 화성시 만세구 새솔동 57-18,37.2857737899,126.8152209038,754.9,,,,,,,,031-5189-6655,20260201
공공공지 8호,기타,,경기도 화성시 만세구 새솔동 57-6,37.2863447457,126.8144687022,745.6,,,,,,,,031-5189-6655,20260201
경관광장 1호,기타,,경기도 화성시 만세구 새솔동 84-10,37.2836596975,126.8158930427,125.9,,,,,,,,031-5189-6655,20260201
경관광장 2호,기타,,경기도 화성시 만세구 새솔동 85-15,37.2839000741,126.8153057243,136.0,,,,,,,,031-5189-6655,20260201
경관광장 3호,기타,,경기도 화성시 만세구 새솔동 89-14,37.2827886918,126.8156462402,135.0,,,,,,,,031-5189-6655,20260201
경관광장 5호,기타,,경기도 화성시 만세구 새솔동 57-12,37.2860606725,126.8148424222,535.7,,,,,,,,031-5189-6655,20260201
양노리 소공원,소공원,,경기도 화성시 효행구 비봉면 양노리 738-54,37.2175555832,126.8703543018,301.0,,,,,,,,031-5189-6655,20260201
비봉 쌈지공원 (1),기타,,경기도 화성시 효행구 비봉면 구포리 산6-22,37.2377788163,126.8763489724,1167.0,,,,,,,,031-5189-6655,20260201
매송체육공원,체육공원,경기도 화성시 효행구 매송면 화성로 2407-4,경기도 화성시 효행구 매송면 원평리 579,37.2484106409,126.9283776913,16250.0,,,,,,,,031-5189-6655,20260201
천천리 가로공원,기타,,경기도 화성시 효행구 매송면 천천리 91-3,37.2437855606,126.9530401882,2910.0,,,,,,,,031-5189-6655,20260201
벌터쌈지공원,기타,,경기도 화성시 효행구 매송면 원평리 537-2,37.2384085071,126.9263858315,1157.0,,,,,,,,031-5189-6655,20260201
전곡1호 어린이공원,어린이공원,,경기도 화성시 만세구 서신면 전곡리 1052,37.1888872089,126.6559591696,930.0,,,,,,,,031-5189-6655,20260201
전곡4호 어린이공원,어린이공원,,경기도 화성시 만세구 서신면 전곡리 920,37.1849710153,126.6522074357,1443.0,,,,,,,,031-5189-6655,20260201
전곡공원 3호,체육공원,,경기도 화성시 만세구 서신면 전곡리 1112,37.1844338612,126.6766868524,11790.0,,,,,,,,031-5189-6655,20260201
전곡공원 2호,소공원,,경기도 화성시 만세구 서신면 전곡리 1097,37.1899872953,126.6745271667,8162.0,,,,,,,,031-5189-6655,20260201
1호어린이 파릇파릇 어린이공원,어린이공원,,경기도 화성시 만세구 남양읍 남양리 2203,37.204195596,126.8399795112,1572.5,,,,,,,,031-5189-6655,20260201
2호어린이 꿈틀꿈틀 놀이터,어린이공원,,경기도 화성시 만세구 남양읍 남양리 2211-1,37.2044672017,126.8380653628,1589.9,,,,,,,,031-5189-6655,20260201
봉담아이파크어린이공원(하늘공원),어린이공원,,경기도 화성시 효행구 봉담읍 와우리 590-1,37.2124378075,126.972416771,1501.0,,,,,,,,031-5189-6655,20260201
봉담상리 어린이공원,어린이공원,,경기도 화성시 효행구 봉담읍 상리 619,37.2177175445,126.9474203852,1900.0,,,,,,,,031-5189-6655,20260201
봉담호수 어린이공원,어린이공원,,경기도 화성시 효행구 봉담읍 상리 22-76,37.2190604495,126.9519868272,3120.0,,,,,,,,031-5189-6655,20260201
피아노숲공원(1호),어린이공원,,경기도 화성시 효행구 봉담읍 동화리 565,37.2185214204,126.9558387981,2114.0,,,,,,,,031-5189-6655,20260201
달그림자공원(2호),어린이공원,,경기도 화성시 효행구 봉담읍 동화리 578,37.2157418209,126.9590295724,3380.0,,,,,,,,031-5189-6655,20260201
산새들공원(4호),어린이공원,,경기도 화성시 효행구 봉답읍 동화리 605,37.2148662383,126.9608940913,3654.0,,,,,,,,031-5189-6655,20260201
솔향기공원(5호),어린이공원,,경기도 화성시 효행구 봉답읍 동화리 633,37.2131901657,126.9620943056,3539.0,,,,,,,,031-5189-6655,20260201
해오름공원,소공원,경기도 화성시 효행구 봉담읍 와우로15번길 7,경기도 화성시 효행구 봉담읍 와우리 215,37.2163224813,126.969386543,4571.0,,,,,,,,031-5189-6655,20260201
신동아 파밀리에아파트 소공원,소공원,,경기도 화성시 효행구 봉담읍 동화리 398-2,37.2210593274,126.9574932983,4533.0,,,,,,,,031-5189-6655,20260201
협성대 앞 쌈지공원,기타,,경기도 화성시 효행구 봉담읍 상리 15-38,37.2152945049,126.9522351006,268.0,,,,,,,,031-5189-6655,20260201
장안근린 1호,근린공원,,경기도 화성시 만세구 장안면 수촌리 1466,37.1097768837,126.8475976296,9966.0,,,,,,,,031-5189-6655,20260201
문화공원 11호,문화공원,,경기도 하남시 망월동 899-1,37.5729464685,127.1885944842,1508.0,,,,,,,경기도 하남시청,031-5182-1579,20251218
미사 수변 12호 공원,수변공원,,경기도 하남시 풍산동 538,37.5567866079,127.1903156407,21922.0,,,,,,,경기도 하남시청,031-5182-1579,20251218
알미산공원,근린공원,,경기도 안성시 옥산동 365,37.0042207332,127.2503325459,16504.0,,,,,,19980617,경기도 안성시청,031-678-6893,20250226
21호어린이공원,어린이공원,,경기도 안성시 공도읍 진사리 20-2,36.9925660388,127.1386348804,585.0,,,,,,19990825,경기도 안성시청,031-678-6893,20250226
신능공원,근린공원,,경기도 안성시 서운면 신능리 223-4,36.9727823494,127.2672239299,9970.0,,,,,,20010203,경기도 안성시청,031-678-6893,20250226
안성맞춤가족공원(17호근린공원),근린공원,,경기도 안성시 공도읍 마정리 112-52,37.0138222218,127.2027318269,22224.0,,,,,,20010326,경기도 안성시청,031-678-6893,20250226
봉담2 공공공지2호,기타,,경기도 화성시 효행구 봉담읍 상리 688-3,37.2259056097,126.9460275763,2004.7,,,,,,,,031-5189-6655,20260201
현충공원,근린공원,경기도 화성시 효행구 효행로 843 (송산동),경기도 화성시 효행구 송산동 224,37.2057658048,127.0220204704,17391.0,,,,,,,,031-5189-6655,20260201
야생초 어린이공원,어린이공원,,경기도 화성시 효행구 기안동 896,37.2202911998,126.9890407554,3514.0,,,,,,,,031-5189-6655,20260201
수국 어린이공원,어린이공원,,경기도 화성시 효행구 기안동 903,37.221722272,126.9856240907,1070.0,,,,,,,,031-5189-6655,20260201
미로 어린이공원,어린이공원,경기도 화성시 효행구 효행로291번길 39 (기안동),경기도 화성시 효행구 기안동 914,37.2247357865,126.97619232,2540.0,,,,,,,,031-5189-6655,20260201
솔빛 어린이공원,어린이공원,,경기도 화성시 효행구 기안동 918,37.2235641479,126.9756736787,2400.0,,,,,,,,031-5189-6655,20260201
나눔 어린이공원,어린이공원,,경기도 화성시 효행구 기안동 915,37.2231227353,126.9748726244,3673.0,,,,,,,,031-5189-6655,20260201
해피트리 어린이공원,어린이공원,,경기도 화성시 효행구 기안동 917,37.2228924773,126.9790475954,2231.0,,,,,,,,031-5189-6655,20260201
알음공원,소공원,,경기도 화성시 만세구 장안면 독정리 276-27,37.0727592343,126.8670539632,3035.0,,,,,,,,031-5189-6655,20260201
장안(금의)산단 소공원,소공원,,경기도 화성시 만세구 장안면 금의리 761-1,37.1136407946,126.8390832211,3061.0,,,,,,,,031-5189-6655,20260201
주곡문화공원,소공원,,경기도 화성시 만세구 우정읍 주곡리 932,37.1248920379,126.7947091202,2879.0,,,,,,,,031-5189-6655,20260201
다솜 근린공원(소사벌택지 1호),근린공원,경기도 평택시 비전6로 10,경기도 평택시 비전동 1005-1 1028-3 1089-3,37.0035057556,127.0921310135,59205.0,등허리지압기+레그프레스+마라톤운동 장형+배드민턴장+배드민턴지주대+옆파도타기+온몸역기내리기+온몸허리돌리기+윗몸일으키기+파크골프장+하늘걷기,,자전거보관대+화장실,,맹암거+오수맨홀+우수관+우수관로+원형맨홀+집수정,20071107,경기도 평택시청,031-8024-4248,20260313
당산 근린공원(소사벌택지 3호),근린공원,,경기도 평택시 죽백동 728공,,,42417.7,레그프레스+롤링웨이스트(일반형)+바디싣업+스트레칭로라+체어웨이트+크로스컨트리+트윈트위스트,,자전거보관대+화장실,,PE원형개량오수받이+상수관로+오수관로(PVC이중벽관+관급)+옹벽+우수관로(PVC이중벽관+관급)+원형수로관+집수정-녹지용+집수정-포장용+측구수로관(녹지용)+측구수로관(포장용)+토목(산마루측구)+트랜치,20071107,경기도 평택시청,031-8024-4248,20260313
동부 근린공원(비전3지구),근린공원,경기도 평택시 동부공원로 46 (비전동),경기도 평택시 비전동 880,36.9939846962,127.1186811101,29821.0,게이트볼장+농구대(이동식)+다리걸치기+데크관람대+배드민턴장+배드민턴지주대+벤치프레스+어깨근육풀기+옆파도타기+온몸근육풀기+온몸노젓기+온몸허리돌리기+운동장+윗몸일으키기+지압보도+철봉+철봉+링+팔굽혀피기+평행봉+풋살경기장+하늘걷기,그네+그네보호대+모래포장+인공암벽놀이대+조합놀이대+흔들놀이,음수전+화장실,,나트륨섭취관련 조형물+손씻기 조형물+집수정+청소년 담배끊기 조형물+치아건강 조형물+칼로리 둥근 조형물+트랜치,19940111,경기도 평택시청,031-8024-4248,20260313
임주 소공원(고덕일반산업단지 소공원2),소공원,,경기도 평택시 고덕면 여염리 1666공,,,2238.5,생활체육시설 A+생활체육시설 E+생활체육시설 F,,자전거보관대,,배수관+벤치플륨관+스틸그레이팅+시설물표찰+집수정A,20101116,경기도 평택시청,031-8024-4248,20260313
새싹공원,어린이공원,경기도 구리시 장자대로 153-13,경기도 구리시 토평동 957,37.5871281733,127.1468534606,2392.0,야외헬스기구,조합놀이대,,,,19961231,경기도 구리시청,031-550-2418,20231124
장등1리 소공원,소공원,,경기도 평택시 서탄면 장등리 466-8,37.0744599293,127.0235606961,1084.0,마라톤운동기+매달려온몸회전하기+발바닥지압걷기+온몸노젓기+온몸역기올리기,고무매트포장+그네+조합놀이대+흔들놀이,,,배수로+집수정,20120614,경기도 평택시청,031-8024-4248,20260313
장등2리 소공원,소공원,,경기도 평택시 서탄면 장등리 451-9,37.0739947275,127.0252791574,1000.0,등허리지압기+발바닥지압걷기+어깨근육풀기+온몸역기내리기+온몸허리돌리기+윗몸일으키기,고무매트포장+그네+그네보호대+조합놀이대,,,집수정,20120614,경기도 평택시청,031-8024-4248,20260313
오좌 어린이공원,어린이공원,,경기도 평택시 독곡동 472,37.0845455991,127.0636833655,1782.8,마라톤운동기+어깨근육풀기+옆파도타기+온몸역기내리기+온몸역기올리기+온몸허리돌리기+윗몸일으키기+평행봉+하늘걷기,,,,집수정,19910618,경기도 평택시청,031-8024-4248,20260313
옹기 어린이공원,어린이공원,,경기도 평택시 서정동 868,37.065430083,127.0575849474,1654.7,옆타도타기+온몸허리돌리기+하늘걷기,그네+시소+조합놀이대,음수대,,,19800129,경기도 평택시청,031-8024-4248,20260313
원이충 어린이공원,어린이공원,,경기도 평택시 서정동 809,37.0647252367,127.0645728526,1592.2,옆파도타기+온몸허리돌리기+윗몸일으키기+전신달리기+전신올리기+하늘걷기,그네+모래포장+올라서 돌리기+조합놀이대+흔들놀이,,,맹암거(간선)+맹암거(지선)+집수정,19860930,경기도 평택시청,031-8024-4248,20260313
원장당 어린이공원(장당 1호),어린이공원,,경기도 평택시 장당동 631-1,37.048941992,127.0577645724,2147.6,농구대,그네+모래포장+조합놀이대+흔들놀이,자전거보관대,,집수정,20021025,경기도 평택시청,031-8024-4248,20260313
샛별문화공원,문화공원,,경기도 의정부시 신곡2동 774-2,37.7514933104,127.0813514882,2012.0,농구장,조합놀이대+ 그네,,,공원등+ CCTV 등,,경기도 의정부시청,031-828-2414,20250620
효자어린이공원,어린이공원,,경기도 의정부시 신곡2동 789,37.7493159607,127.0798510798,1493.0,,조합놀이대+ 그네,,,공원등+ CCTV 등,,경기도 의정부시청,031-828-2414,20250620
상금오어린이공원,어린이공원,,경기도 의정부시 금오동 456,37.7561077956,127.0775871628,1504.0,허리돌리기+ 철봉+ 평행봉 등,조합놀이대+ 그네,,,공원등+ CCTV 등,,경기도 의정부시청,031-828-4054,20250620
수락어린이공원,어린이공원,,경기도 의정부시 장암동 387-2,,,1500.0,,조합놀이대+ 그네+ 흔들놀이기구,,,공원등+ CCTV 등,,경기도 의정부시청,031-828-2414,20250620
문화어린이공원,어린이공원,,경기도 의정부시 의정부동 530,37.7354634149,127.0359604065,3035.0,허리돌리기+ 파도타기+ 공중걷기 등,조합놀이대+ 그네+ 흔들놀이기구,,,공원등+ CCTV 등,,경기도 의정부시청,031-828-2414,20250620
무궁화소공원,소공원,경기도 의정부시 비우로92번길 13-16,경기도 의정부시 녹양동 337,37.757642905,127.038006884,1383.0,공중걷기+ 허리돌리기+ 파도타기 등,조합놀이대+ 그네,,,공원등+ CCTV 등,,경기도 의정부시청,031-828-2414,20250620
안말2지구1소공원,소공원,,경기도 의정부시 호원동 251-26,37.7139700254,127.0428941712,1074.0,허리돌리기+ 윗몸일으키기 등,,,,공원등+ CCTV 등,,경기도 의정부시청,031-828-2414,20250620
안말2지구2소공원,소공원,,경기도 의정부시 호원동 242-7,37.7109099637,127.0442170931,382.0,허리돌리기+ 윗몸일으키기 등,,,,공원등+ CCTV 등,,경기도 의정부시청,031-828-2414,20250620
중앙문화공원,문화공원,경기도 의정부시 평화로552번길 17,경기도 의정부시 의정부1동 199-6,37.7415848539,127.0482082655,1650.0,,,,,공원등+ CCTV 등,,경기도 의정부시청,031-828-2414,20250620
하늘능선근린공원,근린공원,경기도 의정부시 민락로 248,경기도 의정부시 민락동 855,37.7451725634,127.1061200487,33457.9,허리돌리기+ 파도타기+ 공중걷기 등,,,,공원등+ CCTV 등,,경기도 의정부시청,031-828-4054,20250620
송산사지근린공원,근린공원,,경기도 의정부시 민락동 878,37.7470019242,127.1101106156,75925.7,허리돌리기+ 파도타기+ 공중걷기 등,,화장실,,공원등+ CCTV 등,,경기도 의정부시청,031-828-4054,20250620
이충 어린이공원,어린이공원,,경기도 평택시 이충동 590,37.0636145903,127.0668695327,3159.4,옆파도타기+온몸근육풀기+하늘걷기,고무칩포장+그네+조합놀이대,음수대+음수전,,PE 빗물받이+우수관+집수정+트랜치,19930628,경기도 평택시청,031-8024-4248,20260313
상동6,어린이공원,,경기도 안산시 단원구 대부북동 603-4번지,37.2399169529,126.5832425562,1858.0,,,,,,20181031,경기도 안산시청,031-481-6990,20260406
월피,어린이공원,,경기도 안산시 상록구 부곡동 732번지,37.3343958875,126.8582647029,1554.2,,,,,,19850917,경기도 안산시 상록구청,031-481-5412,20260406
원당,어린이공원,,경기도 안산시 상록구 수암동 485번지,37.3628103245,126.8813453058,2343.2,,,,,,19910318,경기도 안산시 상록구청,031-481-5412,20260406
놀자숲,문화공원,,경기도 시흥시 대야동 산171-1,,,7607.0,,,,,,20180206,경기도 시흥시청,031-310-2343,20251219
안산큰,어린이공원,,경기도 안산시 상록구 수암동 497번지,37.3621603731,126.8772124483,4366.1,,,,,,19910318,경기도 안산시 상록구청,031-481-5412,20260406
장상,어린이공원,,경기도 안산시 상록구 장상동 533번지,37.3601011864,126.8721940594,1504.0,,,,,,19910318,경기도 안산시 상록구청,031-481-5412,20260406
달집,어린이공원,,경기도 안산시 상록구 이동 631번지,37.3127930982,126.8433630586,1802.0,,,,,,19991016,경기도 안산시 상록구청,031-481-5412,20260406
원앙,어린이공원,,경기도 안산시 상록구 월피동 454-7번지,37.3338565359,126.8502996996,1605.2,,,,,,19850917,경기도 안산시 상록구청,031-481-5412,20260406
월성,어린이공원,"경기도 안산시 상록구 안산천동로9길 11-1, (월피동)",경기도 안산시 상록구 월피동 478번지,37.3370322722,126.8526247755,1698.1,,,,,,19850917,경기도 안산시 상록구청,031-481-5412,20260406
부루지,어린이공원,"경기도 안산시 상록구 부루지2길 21, (월피동)",경기도 안산시 상록구 월피동 441번지,37.330348626,126.851812969,1596.8,,,,,,19850917,경기도 안산시 상록구청,031-481-5412,20260406
새말,어린이공원,,경기도 안산시 상록구 부곡동 639-7번지,37.3337845987,126.8658304477,1563.7,,,,,,19850917,경기도 안산시 상록구청,031-481-5412,20260406
점섬,어린이공원,,경기도 안산시 상록구 부곡동 703번지,37.3217834715,126.8588559722,1497.9,,,,,,19850917,경기도 안산시 상록구청,031-481-5412,20260406
정재2,어린이공원,"경기도 안산시 상록구 성호로22길 44, (부곡동)",경기도 안산시 상록구 부곡동 659-7번지,37.3346288476,126.8631888145,1491.5,,,,,,19850917,경기도 안산시 상록구청,031-481-5412,20260406
정재1,어린이공원,,경기도 안산시 상록구 부곡동 650번지,37.3368313139,126.8657159484,1492.4,,,,,,19850917,경기도 안산시 상록구청,031-481-5412,20260406
시랑,어린이공원,,경기도 안산시 상록구 부곡동 540번지,37.3323287689,126.8645157308,1868.0,,,,,,19850917,경기도 안산시 상록구청,031-481-5412,20260406
부남,어린이공원,,경기도 안산시 상록구 부곡동 615번지,37.3266699478,126.8608313549,1677.1,,,,,,19850917,경기도 안산시 상록구청,031-481-5412,20260406
와동공원,근린공원,"경기도 안산시 단원구 와동공원로 109, (와동)",경기도 안산시 단원구 와동 813-1번지,37.3412444992,126.8209669327,56895.9,,,,,,19850917,경기도 안산시청,031-481-2471,20260406
원고잔공원,근린공원,,경기도 안산시 단원구 고잔동 산87-3번지,37.3231889579,126.8233561856,120646.0,,,,,,19850917,경기도 안산시청,031-481-2471,20260406
장안근린 2호,근린공원,경기도 화성시 만세구 장안면 장안공단2길 26-17,경기도 화성시 만세구 장안면 수촌리 1470-1,37.1047313037,126.8488224483,13464.0,,,,,,,,031-5189-6655,20260201
조암1호 근린공원,근린공원,경기도 화성시 만세구 우정읍 포승장안로 1593,경기도 화성시 만세구 우정읍 조암리 791-5,37.0892610555,126.8258771093,12426.0,,,,,,,,031-5189-6655,20260201
조암 어린이공원,어린이공원,,경기도 화성시 만세구 우정읍 조암리 266-51,37.0851315714,126.8186271454,2010.0,,,,,,,,031-5189-6655,20260201
태전6지구 6호어린이공원,어린이공원,,경기도 광주시 태전동 704-3,37.3791728916,127.2276044112,2100.0,,조합놀이대+흔들놀이대+시소,,,,20080905,광주도시관리공사,031-762-1039,20250820
45호 어린이공원(고덕국제화지구 율포리),어린이공원,,경기도 평택시 고덕면 율포리 376전,,,1868.0,,,,,,20150403,경기도 평택시청,031-8024-4248,20260313
꽃마을,어린이공원,,경기도 부천시 원미구 중동 824,37.4867116032,126.767163316,2518.4,다목적구장,그네 등 7개,,,,19780926,경기도 부천시청,032-625-4843,20250731
태전3호 어린이공원,어린이공원,,경기도 광주시 태전동 734,37.3851281607,127.2295861971,2352.0,운동기구,놀이조형물+조합놀이대+위스퍼디쉬+나무실로폰+소리울림통,음수전,,안내판,20080905,광주도시관리공사,031-762-1039,20250820
7호 어린이공원(화양지구),어린이공원,,경기도 평택시 현덕면 도대리 산81-2구,,,2155.0,,,,,,20131004,경기도 평택시청,031-8024-4248,20260313
56호,기타,,경기도 화성시 동탄구 장지동 966-1,37.1629437059,127.1067490966,503.0,,,,,,,경기도 화성시 공원녹지사업소 동부공원관리과,031-5189-6961,20260201
32호,기타,,경기도 화성시 동탄구 오산동 972-2,37.2044416204,127.0923878326,328.0,,,,,,,경기도 화성시 공원녹지사업소 동부공원관리과,031-5189-6961,20260201
77호,기타,,경기도 화성시 동탄구 목동 463-10,37.1799618489,127.1245348954,383.0,,,,,,,경기도 화성시 공원녹지사업소 동부공원관리과,031-5189-6961,20260201
어린이공원,어린이공원,,경기도 포천시 선단동 427-1,37.854767854,127.1639431403,2246.0,,조합놀이대+놀이시설(3),화장실,,,20230328,경기도 포천시청 산림공원과,031-538-2358,20241114
운천 제3공원,어린이공원,경기도 포천시 영북면 영북로133번길 46,경기도 포천시 영북면 운천리 548-4,38.0879757436,127.2706528911,2938.0,농구대(2),조합놀이대+놀이시설(3),화장실,,,19870812,경기도 포천시청 산림공원과,031-538-2358,20241114
선단 제3공원,어린이공원,,경기도 포천시 선단동 9-9,37.8576128487,127.1723667968,3955.0,,,,,,20100319,경기도 포천시청 산림공원과,031-538-2358,20241114
선단 제5공원,어린이공원,,경기도 포천시 선단동 23,37.8495300513,127.1657665263,2540.0,,,,,,20100319,경기도 포천시청 산림공원과,031-538-2358,20241114
방축공원,어린이공원,경기도 포천시 가산면 가산로 236,경기도 포천시 가산면 방축리 43-1,37.840642461,127.1781119043,1705.0,,,,,,20001109,경기도 포천시청 산림공원과,031-538-2358,20241114
숙성5리 마을쉼터,기타,,경기도 평택시 오성면 숙성리 149-4,37.0081757462,126.9823316936,769.0,발바닥지압걷기+온몸근육풀기+온몸허리돌리기+하늘걷기,그네+그네보호대+모래포장,음수전,,맹암거+상수관+우수관+집수정+퇴수관,,경기도 평택시청,031-8024-4248,20260313
갈대너울,소공원,,경기도 시흥시 배곧동 301,37.3567244486,126.7063436701,9486.0,,,,,,,경기도 시흥시청,031-310-3870,20251219
길음3리 소공원(길음지구),소공원,,경기도 평택시 오성면 길음리 293-5,36.9848471678,126.9693264651,1450.0,농구대+등허리지압기+온몸근육풀기+온몸허리돌리기+원형발바닥지압걷기+정구대+정구장,고무칩포장+조합놀이대,음수전+주차장+화장실,,정구연습용옹벽+집수정+트랜치,20120614,경기도 평택시청,031-8024-4248,20260313
마골공원,역사공원,,경기도 구리시 갈매동 663,37.6241436523,127.114929022,31887.0,,,,,,20100427,경기도 구리시청,031-550-2474,20231124
생매,어린이공원,,경기도 시흥시 대야동 570-3,37.4468272121,126.7942191235,1733.0,,,,,,,경기도 시흥시청,031-310-2694,20251219
대야삼1,어린이공원,경기도 시흥시 비둘기공원1길 6,경기도 시흥시 대야동 418-126,37.4419458795,126.7889027009,1543.0,,,,,,20210428,경기도 시흥시청,031-310-2694,20251219
대야삼2,어린이공원,,경기도 시흥시 대야동 638-1,37.4400406339,126.7914831244,7163.0,,,,,,20210428,경기도 시흥시청,031-310-2694,20251219
대야이1,수변공원,경기도 시흥시 은행로218번길 14,경기도 시흥시 대야동 358-3,37.4463637961,126.7921167781,1701.0,,,,,,20190626,경기도 시흥시청,031-310-2694,20251219
MTV 60호,수변공원,,경기도 시흥시 정왕동 2726-6,37.3219977908,126.6765466472,3858.0,,,,,,20010829,경기도 시흥시청,031-310-3862,20251219
MTV88호,문화공원,경기도 시흥시 거북섬둘레길 42,경기도 시흥시 정왕동 2721,37.3241773184,126.680791543,166521.0,,,,,,20190219,웨이브파크,1544-9662,20251219
장현2,체육공원,,경기도 시흥시 장현동 686,37.3767894652,126.8024750736,22562.0,,,,,,20070118,경기도 시흥시청,031-310-3472,20251219
선사유적공원,역사공원,,경기도 시흥시 능곡동 479,37.3750817937,126.8115003294,10145.0,,,,,,20180515,경기도 시흥시청,031-310-6739,20251219
능골공원,근린공원,,경기도 시흥시 능곡동 781,37.3655520644,126.8083189326,20260.0,체육시설+인라인스케이장+ 농구장,,,,,20041110,경기도 시흥시청,031-310-3871,20251219
목실공원,어린이공원,,경기도 시흥시 능곡동 495,37.3737155983,126.8132251419,3387.0,,조합놀이대,,,,20041110,경기도 시흥시청,031-310-3871,20251219
가래울공원,어린이공원,,경기도 시흥시 능곡동 793,37.3650721711,126.8138107943,9351.0,,조합놀이대,,,,20041110,경기도 시흥시청,031-310-3871,20251219
산들공원,근린공원,,경기도 시흥시 거모동 1352,37.3470772801,126.7807844539,27413.0,체육시설물,,화장실+관리사무소,,,20050503,경기도 시흥시청,031-310-3871,20251219
나래솔공원,근린공원,경기도 시흥시 엠티브이26로 41,경기도 시흥시 정왕동 2606-3,37.3232187638,126.7041088449,10044.0,,,,,,20010829,경기도 시흥시청,031-310-3862,20251219
하늬공원,근린공원,경기도 시흥시 시화호수전원2길 58,경기도 시흥시 정왕동 2795,37.3170922681,126.7005168749,10797.0,,조합놀이대,주차장+화장실+관리사무소,,,20010829,경기도 시흥시청,031-310-3865,20251219
물비늘,수변공원,,경기도 시흥시 정왕동 2609-6,37.3209722218,126.7095214881,13750.0,,,,,,20010829,경기도 시흥시청,031-310-3865,20251219
승지공원,근린공원,경기도 시흥시 능곡중앙로 85,경기도 시흥시 능곡동 552,37.3713774904,126.8131849527,10842.0,,조합놀이대,,도서관,,20041110,경기도 시흥시청,031-310-3871,20251219
오리,어린이공원,경기도 광명시 영당로21번길 9,경기도 광명시 소하동 946,37.4342106451,126.8764301051,2549.0,,,,,,19861230,경기도 광명시청,02-2680-6462,20251209
사계어린이공원,어린이공원,,경기도 의정부시 민락동 756-5,37.7367519674,127.0901941984,2573.0,,조합놀이대+ 흔들놀이기구,,,공원등+ CCTV 등,,경기도 의정부시청,031-828-4054,20250620
명당,어린이공원,,경기도 수원시 권선구 권선동 1300,37.2526373312,127.0397211436,4534.0,,바닥분수1+계류1,,,온천공1+음수대1,,경기도 수원시 권선구 녹지공원과,031-5191-6195,20260115
부용문화공원,문화공원,,경기도 의정부시 민락동 757-3,37.7349230422,127.091305046,3002.0,허리돌리기+ 어깨유연성운동,조합놀이대+ 그네,,,공원등+ CCTV 등,,경기도 의정부시청,031-828-4054,20250620
둔벙,어린이공원,,경기도 광명시 소하동 1349,37.4445359783,126.8916968666,1590.0,,,,,,20040106,경기도 광명시청,02-2680-2887,20251209
해오름,어린이공원,,경기도 광명시 소하동 1351,37.4429626483,126.8938594762,5879.0,,,,,,20040106,경기도 광명시청,02-2680-2887,20251209
새싹,어린이공원,,경기도 광명시 소하동 1267-1,37.4344012262,126.8801444164,1500.0,,,,,,19870331,경기도 광명시청,02-2680-6462,20251209
성화,어린이공원,,경기도 광명시 소하동 1258,37.4345656337,126.8839759017,1500.0,,,,,,19870331,경기도 광명시청,02-2680-6462,20251209
한솔,어린이공원,,경기도 광명시 소하동 1234,37.4369538027,126.8833670812,1504.0,,,,,,19870331,경기도 광명시청,02-2680-6462,20251209
개운,어린이공원,경기도 광명시 영당안로 49,경기도 광명시 소하동 935,37.4369295259,126.8775266241,1501.0,,,화장실,,,19870331,경기도 광명시청,02-2680-6462,20251209
과일나라,어린이공원,,경기도 광명시 소하동 1127,,,1821.0,,,,,,20071122,경기도 광명시청,02-2680-6462,20251209
자경제1,어린이공원,,경기도 광명시 일직동 504-3,37.4211927278,126.8899664202,1187.0,,,,,,20071122,경기도 광명시청,02-2680-6462,20251209
자경제2,어린이공원,,경기도 광명시 일직동 505-10,37.4211939845,126.8912899247,2997.0,,,,,,20071122,경기도 광명시청,02-2680-6462,20251209
현 충,근린공원,경기도 광명시 연서일로 10,경기도 광명시 철산동 153,37.4828760646,126.8647830117,34587.0,,,화장실,,벽천+현충탑,19910530,경기도 광명시청,02-2680-6298,20251209
왕재산,근린공원,,경기도 광명시 철산동 450,37.476083745,126.8725463192,16118.0,,,,,,19910530,경기도 광명시청,02-2680-6298,20251209
광덕산,근린공원,,경기도 광명시 철산동 산 80-1,37.4723299406,126.8712513929,61613.0,,,화장실,,,19050619,경기도 광명시청,02-2680-6298,20251209
광 덕,근린공원,,경기도 광명시 철산동 633-1,37.4704600092,126.872958978,12645.0,,,화장실,,,20040802,경기도 광명시청,02-2680-6298,20251209
사군자 근린공원(서재지구),근린공원,경기도 평택시 서재6길 2-57,경기도 평택시 동삭동 710,37.0076886547,127.0974814005,10702.1,배드민턴장+배드민턴지주대+온몸근육풀기+온몸역기올리기+온몸허리돌리기,,급수전+화장실,,4괘문양판석(마천석)+우수관+자연석쌓기+저류조옹벽(유속차단)+집수정+측구수로관,20050105,경기도 평택시청,031-8024-4248,20260313
사색 근린공원(서재지구),근린공원,,경기도 평택시 동삭동 719,37.011455236,127.0970864665,11659.0,등허리지압기+배드민턴장+배드민턴지주대(이동식)+온몸근육풀기+온몸역기올리기+온몸허리돌리기,,,,PE관 설치+수목보호받침틀+스틸그레이팅+우수관+자연석쌓기+집수정+측구수로관+트랜치,20050105,경기도 평택시청,031-8024-4248,20260313
상서재동초 근린공원(동삭2지구),근린공원,,경기도 평택시 동삭동 834,37.0181033883,127.0988866198,11005.6,,,,,,20140317,경기도 평택시청,031-8024-4248,20260313
선경,어린이공원,,경기도 광명시 소하동 1247,37.4357205332,126.8819608899,1500.0,,,,,,19870331,경기도 광명시청,02-2680-6462,20251209
상서재마당 근린공원(동삭2지구 근린2호),근린공원,경기도 평택시 상서재로4길 32,경기도 평택시 동삭동 843-1,37.0149095473,127.1029514565,13992.7,,,,,,20130508,경기도 평택시청,031-8024-4248,20260313
궁골,어린이공원,경기도 고양시 일산서구 고봉로 91-3,경기도 고양시 일산서구 주엽동 55,37.6695573032,126.7690817325,6901.0,체력단련시설,조합놀이대+정글짐+그네+흔들놀이대,화장실,,,19910629,경기도 고양시 푸른도시사업소,031-8075-4341,20251215
숯고개,근린공원,경기도 고양시 일산서구 산현로 33,경기도 고양시 일산서구 탄현동 1580,37.6907039179,126.7649951996,10027.0,다목적운동장+체력단련시설,조합놀이대,화장실,,조형물,19970121,경기도 고양시 푸른도시사업소,031-8075-4341,20251215
레포츠,체육공원,경기도 고양시 일산서구 대화로156번길 39,경기도 고양시 일산서구 대화동 2314,37.6699225428,126.7370908694,45798.0,축구장+게이트볼장+농구장+인라인스케이트장+테니스장+실내배드민턴장+체력단련시설,조합놀이대,화장실,,조형물,20021231,경기도 고양시 푸른도시사업소,031-8075-4341,20251215
식사어린이5(올림푸스놀이),어린이공원,경기도 고양시 일산동구 위시티4로 111,경기도 고양시 일산동구 식사동 1511,37.682766915,126.8072845897,5210.0,,조합놀이대+건너는기구+흔들놀이기구+미끄럼틀,화장실,,,20050824,경기도 고양시 푸른도시사업소,031-8075-4337,20251215
일산문화공원,근린공원,경기도 고양시 일산동구 중앙로 1271-1,경기도 고양시 일산동구 장항동 845,37.659484824,126.7726950956,54226.4,,,화장실,,야외무대,20081031,경기도 고양시 푸른도시사업소,031-8075-4333,20251215
그린나래,어린이공원,경기도 수원시 영통구 동탄원천로881번길 35,경기도 수원시 영통구 매탄동 1282,37.2551010788,127.0406650141,2135.6,조합놀이대1+ 휴게쉼터,조합놀이대1,,,,,경기도 수원시 영통구 녹지공원과,031-5191-8331,20260115
머내생태,근린공원,경기도 수원시 영통구 동탄원천로 980,경기도 수원시 영통구 매탄동 1318,37.2606508643,127.0493149837,14332.6,,생태연못1,화장실1,,,,경기도 수원시 영통구 녹지공원과,031-5191-8331,20260115
열림,근린공원,경기도 수원시 영통구 웰빙타운로 73,경기도 수원시 영통구 이의동1183,37.3055526455,127.0431567929,152646.2,풋살장1+농구장1,바닥분수1,화장실1,,,,경기도 수원시 영통구 녹지공원과,031-5191-8331,20260115
망포,근린공원,,경기도 수원시 영통구 망포동 358-5,37.2424732109,127.0577015166,15990.6,게이트볼장1,생태연못1,화장실1,,,,경기도 수원시 영통구 녹지공원과,031-5191-8331,20260115
두레뜰공원,수변공원,,경기도 수원시 권선구 금곡동 1092,37.2725531298,126.9437090374,53938.8,,저류지1+텃밭,,,,,경기도 수원시 권선구 녹지공원과,031-5191-6195,20260115
어울림공원,수변공원,,경기도 수원시 권선구 금곡동 1126,37.2732870524,126.9559794991,34833.8,배드민턴장1,저류지1,화장실1,,,,경기도 수원시 권선구 녹지공원과,031-5191-6195,20260115
5호수변공원,수변공원,,경기도 수원시 권선구 서둔동 27-23,,,1546.6,,,,,,,경기도 수원시 권선구 녹지공원과,031-5191-6195,20260115
27호 어린이공원(율포리),어린이공원,,경기도 평택시 고덕면 율포리 334-2전,37.0513628598,127.04095196,3898.0,,,,,,20150403,경기도 평택시청,031-8024-4248,20260313
별솔어린이공원(32호),어린이공원,,경기도 평택시 고덕동 2726-2,37.032081647,127.0262910073,2280.0,,,,,,20150403,경기도 평택시청,031-8024-4248,20260313
영복,어린이공원,,경기도 수원시 장안구 영화동 396-13,37.2892183338,127.0027300822,204.7,,휴게쉼터,,,,,경기도 수원시 장안구 녹지공원과,031-5191-5995,20260115
상록,어린이공원,,경기도 수원시 권선구 권선동 1307,37.2500263151,127.0378514727,3455.2,,조합놀이대1,,,,,경기도 수원시 권선구 녹지공원과,031-5191-6195,20260115
사노동체육공원,체육공원,경기도 구리시 왕숙천로 701,경기도 구리시 사노동 37-1,37.6355742,127.1471388346,57479.0,,,,,,20090313,경기도 구리시청,031-550-8775,20231124
장현소공원2,소공원,,경기도 시흥시 장곡동 897-1,37.3780664664,126.7876307344,272.7,,,,,,20231228,경기도 시흥시청,031-310-3869,20251219
29호,기타,,경기도 화성시 동탄구 장지동 924-2,37.1654197144,127.1063038932,231.0,,,,,,,경기도 화성시 공원녹지사업소 동부공원관리과,031-5189-6961,20260201
죽5리 마을쉼터,기타,,경기도 평택시 오성면 죽리리 75-16,37.0095352165,126.9778470428,826.0,온몸근육풀기+온몸허리돌리기+하늘걷기,그네+모래포장+시소+조합놀이대,음수전,,배수관+상수관+제수변+집수정+트랜치,,경기도 평택시청,031-8024-4248,20260313
문화공원 1호(황해경제구역 현덕지구),문화공원,,경기도 평택시 현덕면 장수리 300-9,36.9365463321,126.9053905686,29103.0,,,,,,20160617,경기도 평택시청,031-8024-4248,20260313
개군레포츠공원,체육공원,,경기도 양평군 개군면 하자포리 425-15,37.434595712,127.5309898824,61290.0,축구장+육상+테니스장+게이트볼장,,주차장+화장실,,,19991110,경기도 양평군청,031-770-2358,20250423
13호,기타,,경기도 화성시 동탄구 산척동 729-1,37.1659374137,127.1089875431,9577.4,,,,,,,경기도 화성시 공원녹지사업소 동부공원관리과,031-5189-6961,20260201
강하 체육공원,체육공원,,경기도 양평군 강하면 운심리 56,37.4972582392,127.4131046095,35912.0,축구장+테니스장+게이트볼장,,,,,20120830,경기도 양평군청,031-770-2358,20250423
어린이공원 20,어린이공원,경기도 양평군 양평읍 양근로 312-1,경기도 양평군 양평읍 창대리 841,37.4820237794,127.4993213841,3311.0,,조합놀이대+그네+흔들놀이,파고라,,,20200605,경기도 양평군청,031-770-2358,20250423
54호,기타,,경기도 화성시 동탄구 송동 693-3,37.1727888841,127.1062565797,407.0,,,,,,,경기도 화성시 공원녹지사업소 동부공원관리과,031-5189-6961,20260201
소흘 제6공원,어린이공원,경기도 포천시 소흘읍 호국로 625,경기도 포천시 소흘읍 송우리 455-1,37.8252968389,127.144907955,1189.0,,,,,,19870504,경기도 포천시청 산림공원과,031-538-2358,20241114
운천공원,근린공원,경기도 포천시 영북면 영북로170번길 12-12,경기도 포천시 영북면 운천리 산17-1,38.0890315537,127.2760093066,50000.0,,,,,,19740708,경기도 포천시청 산림공원과,031-538-2358,20241114
포천체육공원,체육공원,경기도 포천시 중앙로61번길 18(신읍동),경기도 포천시 신읍동 108-15,37.8939077663,127.1977836666,21514.0,농구장(1면)+게이트볼장+풋살장(1면)+생활체육운동기구(5종),조합놀이대(2)+놀이시설(2),화장실,,,19880302,경기도 포천시청 산림공원과,031-538-2358,20241114
어린이공원,어린이공원,,경기도 포천시 군내면 하성북리 742-5,37.900246408,127.2103726626,2044.0,,,,,,20160330,경기도 포천시청 산림공원과,031-538-2358,20241114
어린이공원,어린이공원,,경기도 포천시 신읍동 402-4,37.88801187,127.1969379273,1509.0,,,,,,20161102,경기도 포천시청 산림공원과,031-538-2358,20241114
86호,수변공원,경기도 시흥시 거북섬로 180,경기도 시흥시 정왕동 2738-1,37.3202394137,126.6861726522,3000.0,,,,,,,경기도 시흥시청,031-310-3869,20251219
한울(3),수변공원,,경기도 시흥시 배곧동 309,37.3859030341,126.7310449263,51572.0,,,,,,,경기도 시흥시청,031-310-3870,20251219
한울(2),문화공원,,경기도 시흥시 배곧동 307,37.3539939196,126.701796762,116969.0,,,,,,,경기도 시흥시청,031-310-3870,20251219
죽율체육,체육공원,,경기도 시흥시 죽율동 769,37.3491855533,126.7599599424,10355.0,,,,,,20190422,경기도 시흥시청,031-310-3869,20251219
장현소공원3,소공원,,경기도 시흥시 장현동 675-2,37.3782198895,126.8025164295,588.0,,,,,,20231228,경기도 시흥시청,031-310-3873,20251219
장현소공원4,소공원,,경기도 시흥시 장곡동 902,37.3753547653,126.7815602082,2061.7,,,,,,20231228,경기도 시흥시청,031-310-3873,20251219
장현소공원6,소공원,,경기도 시흥시 장곡동 886-5,37.3827315372,126.7883012209,323.0,,,,,,20231228,경기도 시흥시청,031-310-3873,20251219
장현소공원8,소공원,,경기도 시흥시 장현동 593,37.3741277239,126.7957175892,1705.2,,,,,,20231228,경기도 시흥시청,031-310-3873,20251219
소공원월동3,소공원,,경기도 시흥시 월곶동 1066-16,37.3809606857,126.7679578095,347.6,,,,,,20110922,경기도 시흥시청,031-310-3873,20251219
월동1,어린이공원,,경기도 시흥시 월곶동 1068-1,37.3797534235,126.7649047959,1544.9,,,,,,20110922,경기도 시흥시청,031-310-3873,20251219
새미지구 어린이,어린이공원,,경기도 시흥시 거모동 1873,37.3625959444,126.771875079,3805.8,,,,,,20170927,경기도 시흥시청,031-310-3871,20251219
근린1(가온공원),근린공원,,경기도 시흥시 장곡동 938-1,37.3761166475,126.7923365391,139018.4,,,,,,20231228,경기도 시흥시청,031-310-3873,20251219
근린2(숲새재공원),근린공원,,경기도 시흥시 능곡동 865,37.372344218,126.806065171,43239.4,,,,,,20231228,경기도 시흥시청,031-310-3873,20251219
19호,기타,,경기도 화성시 동탄구 청계동 533-1,37.2009038629,127.1128570757,593.0,,,,,,,경기도 화성시 공원녹지사업소 동부공원관리과,031-5189-6961,20260201
문화1,문화공원,경기도 시흥시 동서로 902-20,경기도 시흥시 산현동 495,37.3779461657,126.8461740007,4653.0,,,,,,,경기도 시흥시청,031-310-3873,20251219
송운공원,근린공원,경기도 시흥시 옥구천동로 434,경기도 시흥시 정왕동 1873-1,37.358378208,126.7323062517,10113.0,,,,,,19940422,경기도 시흥시청,031-310-3865,20251219
군서공원,근린공원,경기도 시흥시 정왕천로369번길 46,경기도 시흥시 정왕동 1581,37.3441305669,126.7453781427,11106.0,체육시설물,조합놀이대,,,,19940422,경기도 시흥시청,031-310-3864,20251219
동보공원,근린공원,,경기도 시흥시 정왕동 1942-3,37.354986366,126.7164093153,10009.0,,,,,,19940422,경기도 시흥시청,031-310-3862,20251219
함현공원,근린공원,경기도 시흥시 함송로29번길 31,경기도 시흥시 정왕동 1878-3,37.3653332895,126.7331614186,12141.0,,,,,,19940422,경기도 시흥시청,031-310-3865,20251219
생기자리 근린공원(용죽지구),근린공원,경기도 평택시 용죽2로 11,경기도 평택시 용이동 656,36.9961818168,127.1235812978,21262.6,배드민턴 라인마킹+배드민턴 포스트+배드민턴장+옆파도타기운동+오금펴기운동+온몸근육운동+하늘걷기운동+허리돌리기운동,강아지흔들놀이대+고양이흔들놀이대+모래포설+양흔들놀이대,음수전+자전거보관대+화장실,,배수관+야외관람석+오수관(토목공사분)(PVC PIPE)+오수맨홀(토목공사분)+유공관+집수정+트렌치B+화장실 기초 타설,20101124,경기도 평택시청,031-8024-4248,20260313
바지산어린이공원,어린이공원,,경기도 용인시 수지구 신봉동 918,37.3202401257,127.077507804,1500.0,,,,,,20021028,,,20250801
신촌 새말 근린공원(신촌지구 동부 101호),근린공원,,경기도 평택시 칠원동 산36-36,,,12317.0,,,,,,20091216,경기도 평택시청,031-8024-4248,20260313
한터어린이공원,어린이공원,,경기도 의정부시 민락동 785,37.745179686,127.0904104518,1525.6,트윈트위스트+ 풀웨이트+ 트윈바디싣업,조합놀이대+ 그네 등,,,공원등+ CCTV 등,,경기도 의정부시청,031-828-4054,20250620
너나들이어린이공원,어린이공원,,경기도 의정부시 민락동 798,37.7439417157,127.0944886984,1572.3,롤링웨이스트+ 트윈바디싣업+ 풀웨이트+ 푸시웨이트+레그프레스+ 크로스워킹+스카이워킹,조합놀이대+ 그네 등,,,공원등+ CCTV 등,,경기도 의정부시청,031-828-4054,20250620
민락교통어린이공원,어린이공원,,경기도 의정부시 민락동 802,37.7432476904,127.0966476037,3668.0,,조합놀이대+ 그네 등,,,공원등+ CCTV 등,,경기도 의정부시청,031-828-4054,20250620
초록어린이공원,어린이공원,,경기도 의정부시 낙양동 713,37.7482093455,127.0963856253,1971.4,레그스트레치+크로스컨트리+워밍암+다목적코트+ 허리돌리기+다리뻗치기+ 역기내리기+역기올리기+ 파도타기+달리기,조합놀이대+ 그네 등,,,공원등+ CCTV 등,,경기도 의정부시청,031-828-4054,20250620
잎새어린이공원,어린이공원,,경기도 의정부시 민락동 826,37.7470718747,127.0974636871,1508.6,롤링웨이스트+트윈바디싣업+풀웨이트,조합놀이대+ 그네 등,,,공원등+ CCTV 등,,경기도 의정부시청,031-828-4054,20250620
소공원월동2,소공원,,경기도 시흥시 월곶동 1063-6,37.3814620821,126.7659459268,370.6,,,,,,20110922,경기도 시흥시청,031-310-3873,20251219
오색어린이공원,어린이공원,,경기도 의정부시 낙양동 748,37.7592790123,127.1162327492,1658.6,허리돌리기+역기내리기+상체근육풀기+윗몸일으키기+공중걷기+파도타기,조합놀이대+ 그네 등,,,공원등+ CCTV 등,,경기도 의정부시청,031-828-4054,20250620
물향기어린이공원,어린이공원,,경기도 의정부시 낙양동 752,37.7532993335,127.1128393149,3004.0,풀웨이트+롤링웨이스트+트윈바디싣업,조합놀이대+ 그네 등,,,공원등+ CCTV 등,,경기도 의정부시청,031-828-4054,20250620
넘실어린이공원,어린이공원,,경기도 의정부시 민락동 892,37.7514213384,127.1147086052,1912.1,풀웨이트+롤링웨이스트+트윈바디싣업,조합놀이대+ 그네 등,,,공원등+ CCTV 등,,경기도 의정부시청,031-828-4054,20250620
광역행정타운1호소공원,소공원,,경기도 의정부시 금오동 482-1,37.7555608544,127.068414929,3187.0,공중걷기+노젓기운동+달리기운동+윗몸일으키기+파도타기+허리돌리기,,,,공원등+ CCTV 등,,경기도 의정부시청,031-828-4054,20250620
밤일제1소공원,소공원,,경기도 광명시 하안동 871-10,37.4537261743,126.8606936654,521.0,,,,,,20090602,경기도 광명시청,02-2680-2887,20251209
봉우 근린공원,근린공원,경기도 양주시 고암길 306-31,경기도 양주시 덕정동 208-12,37.8367544953,127.0673460947,27110.0,게이트볼장+농구장,물놀이시설+조합놀이대,화장실+육각정자+휴지통,,,19970513,경기도 양주시청 공원사업과,031-8082-7311,20250912
고암 근린공원,근린공원,경기도 양주시 고암길 200-20,경기도 양주시 고암동 581-4,37.8356901745,127.0770575763,23484.0,농구대+게이트볼장,,등벤치+앉음벽+음수대+화장실,,,20021106,경기도 양주시청 공원사업과,031-8082-7311,20250912
광장5호,기타,,경기도 화성시 동탄구 오산동 996-4,37.1873874891,127.086590818,2528.2,,,,,,,경기도 화성시 공원녹지사업소 동부공원관리과,031-5189-6961,20260201
13호,기타,,경기도 화성시 동탄구 청계동 546-1,37.2016485988,127.1155844283,4118.4,,,,,,,경기도 화성시 공원녹지사업소 동부공원관리과,031-5189-6961,20260201
금당,어린이공원,경기도 수원시 장안구 금당로 39번길 34,경기도 수원시 장안구 조원동 861,37.3031536654,127.0178391038,2150.0,,조합놀이대1,,,,,경기도 수원시 장안구 녹지공원과,031-5191-5995,20260115
하늘,어린이공원,,경기도 수원시 장안구 천천동 551-16,37.3037025521,126.9756774314,3274.5,,원형무대1,,,,,경기도 수원시 장안구 녹지공원과,031-5191-5995,20260115
61호소공원,소공원,경기도 수원시 장안구 정조로 1053번길 36,경기도 수원시 장안구 송죽동 346-6,37.2992544668,127.003500431,971.3,,휴게쉼터,,,,,경기도 수원시 장안구 녹지공원과,031-5191-5995,20260115
9호소공원,소공원,,경기도 수원시 장안구 율전동 604,37.2982275697,126.9667483989,674.7,,휴게쉼터,,,,,경기도 수원시 장안구 녹지공원과,031-5191-5995,20260115
우주,어린이공원,,경기도 수원시 영통구 망포동 500-6,37.2414917417,127.0632981536,1612.0,,조합놀이대1,,,,,경기도 수원시 영통구 녹지공원과,031-5191-8331,20260115
선유산업단지5호 어린이공원,어린이공원,,경기도 파주시 파주읍 향양리 700-2,37.8532578167,126.808545069,4974.1,,조합놀이대+그네+흔들놀이,,,,,경기도 파주시청,031-940-8406,20250618
해오름,어린이공원,경기도 수원시 영통구 영통로 514번길 53,경기도 수원시 영통구 영통동 948-4,37.2648666466,127.0804513356,3824.7,다목적구장(농구),조합놀이대1,,,,,경기도 수원시 영통구 녹지공원과,031-5191-8331,20260115
푸른,어린이공원,경기도 수원시 영통구 영통로 438,경기도 수원시 영통구 영통동 957-2,37.2590383705,127.0739315722,5019.3,다목적구장,조합놀이대1,,,,,경기도 수원시 영통구 녹지공원과,031-5191-8331,20260115
박지성,어린이공원,경기도 수원시 영통구 봉영로 1517번길 40,경기도 수원시 영통구 영통동 967-4,37.2493568886,127.0663523607,6968.8,다목적구장(농구+풋살)2,조합놀이대1,,,,,경기도 수원시 영통구 녹지공원과,031-5191-8331,20260115
먼내,어린이공원,경기도 수원시 영통구 동탄원천로 1109번길 22,경기도 수원시 영통구 원천동 463-1,37.2695790405,127.0576419439,1523.0,,조합놀이대1,,,,,경기도 수원시 영통구 녹지공원과,031-5191-8331,20260115
교통,어린이공원,,경기도 수원시 영통구 매탄동 1231-2,37.266299417,127.0574055803,2530.0,,조합놀이대1,,,,,경기도 수원시 영통구 녹지공원과,031-5191-8331,20260115
청록,어린이공원,경기도 수원시 팔달구 경수대로 616번길 32,경기도 수원시 팔달구 우만동 560,37.2809198509,127.0321831354,2275.4,,조합놀이대1,노인정1,,,,경기도 수원시 팔달구 녹지공원과,031-5191-7043,20260115
장다리,어린이공원,,경기도 수원시 팔달구 인계동 998,37.2655509682,127.0240013952,1498.9,,조합놀이대1,,,,,경기도 수원시 팔달구 녹지공원과,031-5191-7043,20260115
백로,어린이공원,,경기도 수원시 팔달구 화서동 728,37.2857916912,126.9816814835,3232.2,농구장,조합놀이대1,,,,,경기도 수원시 팔달구 녹지공원과,031-5191-7043,20260115
세일,어린이공원,경기도 수원시 장안구 이목로 74번길 42,경기도 수원시 장안구 파장동 561,37.3097275571,126.990533045,3172.0,,조합놀이대1,노인정1,,,,경기도 수원시 장안구 녹지공원과,031-5191-5995,20260115
번암가족,근린공원,,경기도 수원시 영통구 하동 1002,37.2967187657,127.0849957345,116170.0,,,,,,,경기도 수원시 영통구 녹지공원과,031-5191-8331,20260115
노양1리 마을쉼터,기타,,경기도 평택시 팽성읍 노양리 40-15,36.9362621949,126.9996020406,999.0,등허리지압기+온몸근육풀기+온몸역기내리기+온몸허리돌리기+하늘걷기,고무매트포장+조합놀이대,음수전,,수목보호대+집수정,,경기도 평택시청,031-8024-4248,20260313
소공원 8호(후사지구),소공원,,경기도 평택시 청북면 후사리 산84-9,37.0348879179,126.9290151614,2975.0,,,,,,20111104,경기도 평택시청,031-8024-4248,20260313
비전쌈지,기타,,경기도 평택시 비전동 788-3,37.0005567062,127.0928664393,0.0,어깨근육풀기+온몸허리돌리기+지압보도,,,,U형측구+집수정+집수정뚜껑+트렌치뚜껑,,경기도 평택시청,031-8024-4248,20260313
소공원 16호,소공원,,경기도 파주시 목동동 1102,37.7200190391,126.7384338155,557.3,,,,,,,경기도 파주시청,031-940-8406,20250618
안정4리 마을쉼터,기타,,경기도 평택시 팽성읍 안정리 100-8,36.9617379128,127.0405092128,999.0,어깨근육풀기+온몸근육풀기+온몸역기내리기+온몸허리돌리기,조합놀이대+탄성고무칩포장,자전거보관대,,수목보호판+집수정+흉관,,경기도 평택시청,031-8024-4248,20260313
67호,기타,,경기도 화성시 동탄구 송동 681-450,,,3917.0,,,,,,,경기도 화성시 공원녹지사업소 동부공원관리과,031-5189-6961,20260201
47호,기타,,경기도 화성시 동탄구 청계동 519-1,37.2007938766,127.0998337876,6034.2,,,,,,,경기도 화성시 공원녹지사업소 동부공원관리과,031-5189-6961,20260201
13호(D),기타,,경기도 화성시 동탄구 영천동 677-1,37.2041853542,127.1100677094,2578.2,,,,,,,경기도 화성시 공원녹지사업소 동부공원관리과,031-5189-6961,20260201
13호(I),기타,,경기도 화성시 동탄구 청계동 552-1,37.1970121438,127.119988231,1877.7,,,,,,,경기도 화성시 공원녹지사업소 동부공원관리과,031-5189-6961,20260201
46호,기타,,경기도 화성시 동탄구 청계동 520-1,37.1946521028,127.0992231832,7280.1,,,,,,,경기도 화성시 공원녹지사업소 동부공원관리과,031-5189-6961,20260201
84호,기타,,경기도 화성시 동탄구 장지동 921-1,37.1646319404,127.0984997032,10063.0,,,,,,,경기도 화성시 공원녹지사업소 동부공원관리과,031-5189-6961,20260201
90호,기타,,경기도 화성시 동탄구 장지동 1100,37.1563448431,127.1087894464,64773.0,,,,,,,경기도 화성시 공원녹지사업소 동부공원관리과,031-5189-6961,20260201
구봉산 근린공원,근린공원,경기도 화성시 병점구 병점1로 110,경기도 화성시 효행구 병점동 865,37.2047587661,127.0455681097,99366.0,게이트볼장+다목적구장,,화장실,,,,경기도 화성시 공원녹지사업소 동부공원관리과,031-5189-6961,20260201
다람산공원,근린공원,경기도 화성시 병점구 병점중앙로 227,경기도 화성시 효행구 진안동 141,37.2158568226,127.0321343589,70881.0,축구장+족구장+농구장+게이트볼장+인라인,물놀이장+놀이터,화장실,,,,경기도 화성시 공원녹지사업소 동부공원관리과,031-5189-6961,20260201
쉬자(백운테마)파크,근린공원,,경기도 양평군 양평읍 백안리 5,37.5130222049,127.5324218897,186504.0,인공암벽,그네+미끄럼틀,주차장+화장실,숲체험,교육관,20070611,경기도 양평군청,031-770-2358,20250423
느티 어린이공원,어린이공원,,경기도 화성시 효행구 진안동 920,37.2190284335,127.0361145866,1506.0,,놀이터,,,,,경기도 화성시 공원녹지사업소 동부공원관리과,031-5189-6961,20260201
옥구공원,근린공원,경기도 시흥시 서해안로 277,경기도 시흥시 정왕동 2138,37.3524477195,126.7104733452,334910.0,체육시설+축구장,조합놀이대+그네 등,주차장+화장실+관리사무소+매점,야외무대,,19940422,경기도 시흥시청,031-310-3862,20251219
사랑공원,어린이공원,,경기도 시흥시 정왕동 1872-7,37.3553967329,126.7338508126,1650.0,체육시설물,조합놀이대+그네,,,,19940422,경기도 시흥시청,031-310-3865,20251219
시흥공원,어린이공원,,경기도 시흥시 정왕동 1871-2,37.3519795517,126.7303673582,1650.0,체육시설물,조합놀이대+시소,,,,19940422,경기도 시흥시청,031-310-3865,20251219
해공원,어린이공원,,경기도 시흥시 정왕동 1542-5,37.3417681718,126.7559868279,2685.0,체육시설물,조합놀이대+그네,,,,19940422,경기도 시흥시청,031-310-3864,20251219
새싹공원,어린이공원,,경기도 시흥시 정왕동 1412-9,37.340107201,126.751173851,2278.0,,조합놀이대+그네,,,,19940422,경기도 시흥시청,031-310-3864,20251219
별공원,어린이공원,경기도 시흥시 군서로18번길 16-1,경기도 시흥시 정왕동 1192-1,37.3456614033,126.7508159077,1794.0,체육시설물,조합놀이대,,,,19940422,경기도 시흥시청,031-310-3864,20251219
무지개공원,어린이공원,경기도 시흥시 군서로54번길 4,경기도 시흥시 정왕동 1207-1,37.3465743968,126.7469681789,1822.0,,조합놀이대+그네,,,,19940422,경기도 시흥시청,031-310-3864,20251219
연못공원,어린이공원,,경기도 시흥시 정왕동 1825-2,37.3484450993,126.7447025946,2092.0,체육시설물,조합놀이대,,,,19940422,경기도 시흥시청,031-310-3864,20251219
군서희망공원,어린이공원,,경기도 시흥시 정왕동 1607,37.3458062763,126.7424007255,2187.0,체육시설물,오르는기구+조합놀이대,,,,19940422,경기도 시흥시청,031-310-3864,20251219
함현공원,어린이공원,,경기도 시흥시 정왕동 1878-6,37.3657973409,126.7357648478,1621.0,,조합놀이대+시소,,,,19940422,경기도 시흥시청,031-310-3865,20251219
온들녘공원,어린이공원,,경기도 시흥시 정왕동 1876-5,37.3610482021,126.731451895,1590.0,,조합놀이대,,,,19940422,경기도 시흥시청,031-310-3865,20251219
풀잎사랑공원,어린이공원,,경기도 시흥시 정왕동 1875-6,37.3585126109,126.7293361535,1638.0,,조합놀이대+그네,,,,19940422,경기도 시흥시청,031-310-3865,20251219
서해공원,어린이공원,,경기도 시흥시 정왕동 1867-4,37.3547626555,126.7247245843,1650.0,,오르는 기구+흔들기구,,,,19940422,경기도 시흥시청,031-310-3864,20251219
샛말공원,근린공원,경기도 시흥시 하중로173번길 23,경기도 시흥시 하중동 848,37.3950617613,126.8048460085,11079.0,체육시설+농구장,조합놀이대+그네 등,,,,19960708,경기도 시흥시청,031-310-3872,20251219
관곡공원,어린이공원,경기도 시흥시 관곡지로40번길 15,경기도 시흥시 하중동 826-2,37.399543756,126.8006355932,1626.0,체육시설,조합놀이대,,,,19960708,경기도 시흥시청,031-310-3872,20251219
연꽃공원,어린이공원,경기도 시흥시 하상로 55,경기도 시흥시 하상동 367,37.3953410212,126.8109779825,2420.0,,,,,,19960708,경기도 시흥시청,031-310-3872,20251219
하상공원,어린이공원,경기도 시흥시 하상로 14-9,경기도 시흥시 하상동 372,37.3918336187,126.8138908215,6460.0,농구장+풋살경기장+체육시설+인라인트랙,,,,,19960708,경기도 시흥시청,031-310-3872,20251219
매꼴공원,어린이공원,,경기도 시흥시 장곡동 798-2,37.3812459302,126.7806415636,7524.0,체육시설,조합놀이대,,,,19960708,경기도 시흥시청,031-310-3872,20251219
진말공원,어린이공원,,경기도 시흥시 장곡동 825-2,37.3783466144,126.787780062,7524.0,체육시설+농구장,조합놀이대,,,,19960708,경기도 시흥시청,031-310-3872,20251219
장곡공원,어린이공원,경기도 시흥시 진말로19번길 13,경기도 시흥시 장곡동 815,37.3790107711,126.7840870342,3284.0,체육시설,조합놀이대+시소 등,,,,19960708,경기도 시흥시청,031-310-3872,20251219
20호,기타,,경기도 화성시 동탄구 청계동 546-1,37.2016485988,127.1155844283,683.0,,,,,,,경기도 화성시 공원녹지사업소 동부공원관리과,031-5189-6961,20260201
21호,기타,,경기도 화성시 동탄구 청계동 546-1,37.2016485988,127.1155844283,556.0,,,,,,,경기도 화성시 공원녹지사업소 동부공원관리과,031-5189-6961,20260201
5호 소공원(지산향기),소공원,,경기도 화성시 동탄구 영천동 704-8,37.2056337122,127.1141048174,1412.0,,,,,,,경기도 화성시 공원녹지사업소 동부공원관리과,031-5189-6961,20260201
미관광장 1호,기타,,경기도 화성시 동탄구 능동 1100-1,,,1065.8,,,,,,,경기도 화성시 공원녹지사업소 동부공원관리과,031-5189-6961,20260201
미관광장 2호,기타,,경기도 화성시 동탄구 능동 1080 -1,,,962.7,,,,,,,경기도 화성시 공원녹지사업소 동부공원관리과,031-5189-6961,20260201
미관광장 3호,기타,,경기도 화성시 동탄구 능동 1081-2,,,772.0,,,,,,,경기도 화성시 공원녹지사업소 동부공원관리과,031-5189-6961,20260201
미관광장 4호,기타,,경기도 화성시 동탄구 능동 1115-2,,,255.8,,,,,,,경기도 화성시 공원녹지사업소 동부공원관리과,031-5189-6961,20260201
미관광장 6호,기타,,경기도 화성시 동탄구 반송동 38-1,37.2108406128,127.0625183953,400.5,,,,,,,경기도 화성시 공원녹지사업소 동부공원관리과,031-5189-6961,20260201
운암제1어린이 공원,어린이공원,,경기도 오산시 오산동 914,37.1571025168,127.0769579197,2067.0,,조합놀이대 등,,,,19951109,오산시 환경사업소 도시공원녹지과,031-8036-6475,20251222
운암제2어린이 공원,어린이공원,,경기도 오산시 부산동 778-3,37.1585792189,127.0794378229,4390.0,,조합놀이대 등,,,,19951109,오산시 환경사업소 도시공원녹지과,031-8036-6475,20251222
운암제4어린이 공원,어린이공원,,경기도 오산시 오산동 922-3,37.1516751256,127.0751279821,3000.0,,조합놀이대 등,,,,19951109,오산시 환경사업소 도시공원녹지과,031-8036-6475,20251222
수청제4어린이공원,어린이공원,,경기도 오산시 수청동 565,37.1716254891,127.0593857034,1836.0,,조합놀이대 등,,,,19980306,오산시 환경사업소 도시공원녹지과,031-8036-6475,20251222
운암제5어린이 공원,어린이공원,,경기도 오산시 오산동 923-3,37.1509641959,127.0768692671,2170.0,,,,,,19951109,오산시 환경사업소 도시공원녹지과,031-8036-6475,20251222
운암제6어린이 공원,어린이공원,,경기도 오산시 원동 815-3,37.14482917,127.0769047974,3920.0,농구장,조합놀이대 등,,,,19951109,오산시 환경사업소 도시공원녹지과,031-8036-6475,20251222
갈곶근린공원,근린공원,,경기도 오산시 갈곶동 290-6,37.1294775058,127.075156641,21876.0,,,,,,20030609,오산시 환경사업소 도시공원녹지과,031-8036-6475,20251222
수청제2어린이공원,어린이공원,,경기도 오산시 내삼미동 851,37.1759828317,127.0570714315,2162.0,,조합놀이대 등,,,,19980306,오산시 환경사업소 도시공원녹지과,031-8036-6475,20251222
수청제3어린이공원,어린이공원,,경기도 오산시 내삼미동 862,37.1743155273,127.0584888351,1965.0,,조합놀이대 등,,,,19980306,오산시 환경사업소 도시공원녹지과,031-8036-6475,20251222
궐동제3어린이공원,어린이공원,,경기도 오산시 궐동 624,37.160545992,127.0576521636,3956.0,,조합놀이대 등,,,,19980306,오산시 환경사업소 도시공원녹지과,031-8036-6475,20251222
궐동제5어린이공원,어린이공원,,경기도 오산시 궐동 656,37.157827439,127.0598929345,4606.0,,조합놀이대 등,,,,19981106,오산시 환경사업소 도시공원녹지과,031-8036-6475,20251222
부산어린이공원,어린이공원,,경기도 오산시 부산동 479-6,37.1525171099,127.0881613952,1500.0,,조합놀이대 등,,,,20031124,오산시 환경사업소 도시공원녹지과,031-8036-6475,20251222
방죽,근린공원,경기도 수원시 영통구 덕영대로 1484번길 10-25,경기도 수원시 영통구 망포동 737,37.2446953623,127.0514846369,20801.8,물놀이시설1,,화장실1,,,,경기도 수원시 영통구 녹지공원과,031-5191-8331,20260115
혜령,근린공원,경기도 수원시 영통구 에듀타운로 91,경기도 수원시 영통구 이의동 1354,37.2882360218,127.0452583526,203137.8,게이트볼장1+다목적구장(농구+풋살)1+배드민턴장1,케스케이드1(물순환시스템),화장실1,,,,경기도 수원시 영통구 녹지공원과,031-5191-8331,20260115
매탄,근린공원,경기도 수원시 영통구 매탄로 185,경기도 수원시 영통구 매탄동 811,37.2678216313,127.0458210094,59956.0,배드민턴장1+축구장1+테니스장1+농구장1+족구장1+탁구장1+ 게이트볼장1,,노인정1+화장실1,,,,경기도 수원시 영통구 녹지공원과,031-5191-8331,20260115
백설,어린이공원,경기도 수원시 장안구 정자천로 133번길 26,경기도 수원시 장안구 정자동 879-1,37.2945053624,126.9910531727,2999.9,다목적구장(농구)2,조합놀이대1,,,,,경기도 수원시 장안구 녹지공원과,031-5191-5995,20260115
한터,어린이공원,,경기도 수원시 권선구 서둔동 372,37.2678162115,126.9961373111,3218.0,다목적구장,,,,,,경기도 수원시 권선구 녹지공원과,031-5191-6195,20260115
동신,어린이공원,,경기도 수원시 장안구 정자동 880-1,37.294822302,126.9901127899,1600.2,조합놀이대1+ 휴게쉼터,조합놀이대1,,,,,경기도 수원시 장안구 녹지공원과,031-5191-5995,20260115
정천,어린이공원,경기도 수원시 장안구 화산로 85,경기도 수원시 장안구 천천동 333,37.2937286861,126.9803401222,4100.0,조합놀이대1+ 음수대1+휴게쉼터,조합놀이대1,,,음수대1,,경기도 수원시 장안구 녹지공원과,031-5191-5995,20260115
기차놀이,어린이공원,,경기도 수원시 권선구 세류동 1280-1,37.259929468,127.0080588376,2208.1,,조합놀이대1,,,,,경기도 수원시 권선구 녹지공원과,031-5191-6195,20260115
소정,어린이공원,경기도 수원시 장안구 파장로 22번길 30,경기도 수원시 장안구 파장동 603-7,37.3055812771,126.9990015847,4840.1,다목적구장(농구)1,조합놀이대1,,,,,경기도 수원시 장안구 녹지공원과,031-5191-5995,20260115
덕은6,소공원,,경기도 고양시 덕양구 덕은동 669,37.5836047531,126.8694473668,1077.3,체력단련시설,,,,,20161107,경기도 고양시 푸른도시사업소,031-8075-4328,20251215
역마,어린이공원,경기도 수원시 장안구 경수대로 838,경기도 수원시 장안구 조원동 556,37.2968740873,127.0163898478,1503.2,,조합놀이대1,,,,,경기도 수원시 장안구 녹지공원과,031-5191-5995,20260115
정자,어린이공원,경기도 수원시 장안구 송정로60번길 10-23,경기도 수원시 장안구 정자동 35-22,37.2955278081,127.0025658975,3238.0,다목적구장(농구)1,조합놀이대1,노인정1,,,,경기도 수원시 장안구 녹지공원과,031-5191-5995,20260115
사랑,어린이공원,경기도 수원시 권선구 구운로 45번길 34-7,경기도 수원시 권선구 구운동 966,37.2771417401,126.9718814294,2375.0,다목적구장(배드민턴)1,조합놀이대1,,,,,경기도 수원시 권선구 녹지공원과,031-5191-6195,20260115
온수골,어린이공원,,경기도 수원시 권선구 권선동 1288,37.2519067944,127.0363947807,1396.1,,조합놀이대1,,,,,경기도 수원시 권선구 녹지공원과,031-5191-6195,20260115
별빛,어린이공원,경기도 수원시 권선구 덕영대로 1323번길 25-30,경기도 수원시 권선구 권선동 1312,37.2487746058,127.034084572,2000.2,,조합놀이대1,,,음수대1,,경기도 수원시 권선구 녹지공원과,031-5191-6195,20260115
문곡1리 마을쉼터,기타,,경기도 평택시 고덕면 문곡리 419 419-1,37.0662504788,127.0120109657,1000.0,어깨근육풀기+온몸역기내리기+온몸허리돌리기+윗몸일으키기,고무매트포장+그네+그네보호대+조합놀이대,,,집수정,,경기도 평택시청,031-8024-4248,20260313
평궁리 마을쉼터,기타,경기도 평택시 팽성읍 평궁길 113-8,경기도 평택시 팽성읍 평궁리 474-12,36.9718338597,127.0882555638,3986.0,농구대+농구장+등허리지압기+배구대+배구장+어깨근육풀기+온몸노젓기+온몸역기올리기+온몸허리돌리기+족구대(이동식),그네+그네보호대+모래포장+조합놀이대+흔들놀이,음수전+자전거거치대+주차장+화장실,,PE 빗물받이+SKATE MASTER+맹암거+벤치플륨관+우수관+집수정+트랜치,,경기도 평택시청,031-8024-4248,20260313
현신 근린공원(용이지구 1호),근린공원,경기도 평택시 현신6길 56,경기도 평택시 용이동 494-1,36.9984477846,127.1512397739,12538.0,농구대+농구장+미니축구장+어깨근육풀기+옆파도타기+온몸허리돌리기+윗몸일으키기+족구대+족구장+축구대+하늘걷기,고무칩포장+조합놀이대+흔들놀이,음수전+화장실+휠체어경사로,,상수관로+새들분수전+우수관+집수정,20051024,경기도 평택시청,031-8024-4248,20260313
신내리어린이공원1,어린이공원,경기도 안성시 대덕면 대학1길 25,경기도 안성시 대덕면 내리 674,37.0042205124,127.2245739615,5194.0,,,,,,20180315,경기도 안성시청,031-678-6893,20250226
송원근린공원,근린공원,경기도 안성시 공도읍 송원길 32,경기도 안성시 공도읍 만정리 785-1,37.0066863196,127.1731986389,17491.0,,,,,,20180315,경기도 안성시청,031-678-6893,20250226
양기지구어린이공원,어린이공원,,경기도 안성시 공도읍 양기리 620,37.0057841836,127.1956046838,8993.0,,,,,,20190712,경기도 안성시청,031-678-6893,20250226
당왕어린이공원,어린이공원,,경기도 안성시 당왕동 426-15,37.0187562378,127.2641717498,1501.0,,,,,,20210208,경기도 안성시청,031-678-6893,20250226
성남소공원,소공원,,경기도 안성시 성남동 372-5,37.0019873058,127.2714089408,121.0,,,,,,20211112,경기도 안성시청,031-678-6893,20250226
당왕수변공원,수변공원,경기도 안성시 밤골길 31,경기도 안성시 당왕동 432-23,37.0183678869,127.2639923433,5186.0,,,,,,20230331,경기도 안성시청,031-678-6893,20250226
설봉아랫마을문화공원,문화공원,,경기도 이천시 관고동 246-7,,,1732.6,,,,,,20210204,경기도 이천시청,031-645-3831,20250221
송북 어린이공원,어린이공원,경기도 평택시 지산로 101 (독곡동 대림아파트),경기도 평택시 독곡동 491,37.0817236286,127.0644625642,2211.8,마라톤+역기올리기+옆파도타기+온몸근육풀기+온몸역기내리기+온몸허리돌리기+윗몸일으켜기+자유철봉+하늘걷기,그네+그물오르기+미스트터널+조합놀이대+터널놀이+트랙라이더,음수전,,,19910618,경기도 평택시청,031-8024-4248,20260313
서촌공원,근린공원,경기도 시흥시 정왕대로118번길 33,경기도 시흥시 정왕동 1848-2,37.3489204878,126.7264073063,10064.0,체육시설,,화장실+주차장,,,19940422,경기도 시흥시청,031-310-3865,20251219
적금공원,소공원,"경기도 안산시 단원구 큰우물길 22, (고잔동)",경기도 안산시 단원구 고잔동 578-2번지,37.3230298614,126.8260744329,2018.9,,,,,,20171124,경기도 안산시 단원구청,031-481-6410,20260406
47호(E),기타,,경기도 화성시 동탄구 영천동662-1,37.2090571086,127.0993057374,1943.0,,,,,,,경기도 화성시 공원녹지사업소 동부공원관리과,031-5189-6961,20260201
늘봄공원,근린공원,,경기도 안산시 단원구 목내동 521-3번지,37.2958808794,126.7684015078,10089.3,,,,,,20100726,경기도 안산시청,031-481-2471,20260406
정왕동 체육3공원,체육공원,경기도 시흥시 역전로 2,경기도 시흥시 정왕동 2160,37.3387595179,126.7555129621,112983.0,축구장,그네 등,,,,19860623,경기도 시흥시청,031-310-3863,20251219
대야공원,어린이공원,경기도 시흥시 대골길 47-6,경기도 시흥시 대야동 459,37.4468833331,126.7885733377,1587.0,,조합놀이대+그네,,,,19880609,경기도 시흥시청,031-310-2694,20251219
연합공원,문화공원,,경기도 시흥시 대야동 470-2,37.444683316,126.7888213436,1638.0,,조합놀이대,,,,19880609,경기도 시흥시청,031-310-2694,20251219
뱀내공원,어린이공원,경기도 시흥시 뱀내장터로25번길 7,경기도 시흥시 대야동 500,37.4423618693,126.7876326518,1601.0,,조합놀이대+그네,,,,19880609,경기도 시흥시청,031-310-2694,20251219
신천공원,어린이공원,,경기도 시흥시 신천동 764,37.4380434411,126.7849343546,1871.0,,조합놀이대+그네,,,,19880609,경기도 시흥시청,031-310-2694,20251219
신라공원,문화공원,,경기도 시흥시 신천동 742,37.4407697321,126.7817075771,1754.0,,조합놀이대+그네,,,,19880609,경기도 시흥시청,031-310-2694,20251219
벌터공원,어린이공원,경기도 시흥시 신천1길 21,경기도 시흥시 신천동 753,37.4394762495,126.7799844983,1711.0,,조합놀이대.,,,,19880609,경기도 시흥시청,031-310-2694,20251219
수변공원 1호,수변공원,,"경기도 남양주시 다산동 6003, 6005",37.6293555669,127.146800344,15950.0,,,,,,,경기도 남양주시청,031-590-2855,20260319
소래공원,어린이공원,,경기도 시흥시 신천동 702,37.4442603955,126.7822301864,1636.0,,조합놀이대+철봉,,,,19880609,경기도 시흥시청,031-310-2694,20251219
대골공원,어린이공원,경기도 시흥시 복지로93번길 11,경기도 시흥시 대야동 444-13,37.44855417,126.7906264225,1552.0,,조합놀이대+시소+그네,,,,19880609,경기도 시흥시청,031-310-2694,20251219
안골공원,어린이공원,,경기도 시흥시 거모동 1715-1,37.349095249,126.7857779023,1579.0,,조합놀이대+그네 등,,,,19901012,경기도 시흥시청,031-310-3871,20251219
한우물공원,어린이공원,,경기도 시흥시 거모동 1735-3,37.3450033712,126.7832592638,1595.0,체육시설,조합놀이대,,,,19901012,경기도 시흥시청,031-310-3871,20251219
석곡공원,어린이공원,경기도 시흥시 한우물로21번길 30,경기도 시흥시 거모동 1739-1,37.3439477049,126.7811460118,1601.0,,조합놀이대,,,,19901012,경기도 시흥시청,031-310-3871,20251219
도일공원,어린이공원,경기도 시흥시 군자로534번길 36,경기도 시흥시 거모동 1775-2,37.3401452639,126.785833419,1500.0,,초합놀이대+그네 등,,,,19901012,경기도 시흥시청,031-310-3871,20251219
옥터공원,어린이공원,,경기도 시흥시 정왕동 1998-5,37.3464459118,126.6896460072,1534.0,,조합놀이대,,,,19920811,경기도 시흥시청,031-310-3864,20251219
비둘기공원,근린공원,경기도 시흥시 대은로 52,경기도 시흥시 은행동 551,37.4419325921,126.7942046426,63283.0,테니스장+배드민턴장+체육시설,미끄럼틀+그네 등,주차장+화장실+관리사무소,,,19921106,경기도 시흥시청,031-310-3892,20251219
은행공원,어린이공원,,경기도 시흥시 은행동 538-4,37.4423625714,126.7984637629,1774.0,,,,,,19921111,경기도 시흥시청,031-310-3894,20251219
정왕1공원,어린이공원,,경기도 시흥시 정왕동 2246-1,37.357174612,126.7523445401,1800.0,,,,,,19931230,경기도 시흥시청,031-310-3864,20251219
정왕2공원,어린이공원,,경기도 시흥시 정왕동 2253-4,37.3587594198,126.7549556905,1772.0,,,,,,19931230,경기도 시흥시청,031-310-3864,20251219
정왕4공원,어린이공원,,경기도 시흥시 정왕동 2307-3,37.3536625356,126.7430328011,1697.0,체육시설물+농구대,조합놀이대+그네,,,,19931230,경기도 시흥시청,031-310-3864,20251219
정왕5공원,어린이공원,,경기도 시흥시 정왕동 2322-3,37.3519805688,126.7438544029,1798.0,체율시설물,조합놀이대+그네+시소+회전기구,,,,19931230,경기도 시흥시청,031-310-3864,20251219
가수제2어린이공원,어린이공원,,경기도 오산시 가수동 14-5,37.1478035913,127.0488452403,1828.0,,조합놀이대 등,,,,20030829,오산시 환경사업소 도시공원녹지과,031-8036-6475,20251222
원동제1근린공원,근린공원,,경기도 오산시 원동 404-7,37.1383406588,127.0710002866,9977.0,"농구장, 조깅코스",조합놀이대 등,,,,20040517,오산시 환경사업소 도시공원녹지과,031-8036-6475,20251222
죽미근린공원,근린공원,경기도 오산시 세마역로 54,경기도 오산시 세교동 620,37.184124985,127.0454101086,73088.0,,조합놀이대 등,,,,20050103,오산시 환경사업소 도시공원녹지과,031-8036-6475,20251222
느티근린공원,근린공원,,경기도 오산시 금암동 497,37.1770019246,127.0503420881,38604.0,배드민턴장,,화장실,,,20050103,오산시 환경사업소 도시공원녹지과,031-8036-6475,20251222
여계근린공원,근린공원,,경기도 오산시 금암동 514,37.1735295316,127.0426900032,65574.0,,,,,,20050103,오산시 환경사업소 도시공원녹지과,031-8036-6475,20251222
산들,어린이공원,경기도 수원시 권선구 덕영대로1323번길 56,경기도 수원시 권선구 권선동 1319,37.2486322536,127.0368592701,5289.1,다목적구장(농구)1,조합놀이대1,화장실1,,음수대1,,경기도 수원시 권선구 녹지공원과,031-5191-6195,20260115
호수,근린공원,경기도 고양시 일산동구 호수로 543-2,경기도 고양시 일산동구 장항동 905,37.6508954288,126.7712711733,107849.0,체력단련시설,,,,,19910629,경기도 고양시 푸른도시사업소,031-8075-4346,20251215
호수,근린공원,경기도 고양시 일산동구 호수로 731,경기도 고양시 일산동구 장항동 906,37.6644650844,126.7604466371,853830.0,체력단련시설+게이트볼장+농구장,조합놀이대+그네+시소+흔들말,화장실,생태교육학습센터,,19910629,경기도 고양시 푸른도시사업소,031-8075-4346,20251215
두루미,어린이공원,경기도 고양시 일산동구 일산로441번길 52-2,경기도 고양시 일산동구 정발산동 1159,37.6714306507,126.7761617151,4362.0,체력단련시설,조합놀이대+그네+흔들놀이기구(흔들말+시소)+회전놀이기구,화장실,,,19910629,경기도 고양시 푸른도시사업소,031-8075-4333,20251215
사재,어린이공원,경기도 고양시 일산동구 산두로175번길 30,경기도 고양시 일산동구 정발산동 1241,37.6726099203,126.7818199659,5127.0,체력단련시설+운동장(농구대),조합놀이대+그네+흔들놀이기구(흔들말+시소),화장실,,,19910629,경기도 고양시 푸른도시사업소,031-8075-4333,20251215
닥밭,어린이공원,경기도 고양시 일산동구 무궁화로93번길 32,경기도 고양시 일산동구 정발산동 698,37.6674964046,126.7725035334,5793.0,체력단련시설+운동장(농구대),조합놀이대+그네+흔들놀이기구(흔들말+시소),화장실,,,19910629,경기도 고양시 푸른도시사업소,031-8075-4333,20251215
장항,어린이공원,경기도 고양시 일산동구 무궁화로102번길 23,경기도 고양시 일산동구 정발산동 812,37.666533003,126.775597005,2326.0,,조합놀이대+그네+흔들놀이기구(흔들말+시소),화장실,,,19910629,경기도 고양시 푸른도시사업소,031-8075-4333,20251215
목련,어린이공원,경기도 고양시 일산동구 숲속마을2로 146,경기도 고양시 일산동구 풍동 1248,37.672813601,126.7976818935,1623.0,체력단련시설,조합놀이대,,,,20001018,경기도 고양시 푸른도시사업소,031-8075-4337,20251215
이팝나무,어린이공원,,경기도 고양시 일산동구 풍동 1262,37.6702145501,126.800658821,2012.0,체력단련시설,조합놀이대+그네,,,,20001018,경기도 고양시 푸른도시사업소,031-8075-4337,20251215
벚나무(풍동),어린이공원,경기도 고양시 일산동구 숲속마을로 50-9,경기도 고양시 일산동구 풍동 1269,37.667755908,126.7974687678,2021.3,체력단련시설,조합놀이대+그네,화장실,,,20001018,경기도 고양시 푸른도시사업소,031-8075-4337,20251215
백로 어린이공원(청북지구 택지개발),어린이공원,,경기도 평택시 청북면 옥길리 1092,37.0188624177,126.9081474489,1732.5,,고무칩포장+조합놀이대+흔들놀이,,,,20051007,경기도 평택시청,031-8024-4248,20260313
적봉 마을쉼터,기타,,경기도 평택시 서정동 972,37.0777139819,127.042103235,1002.0,마라톤운동기+발바닥지압걷기+어깨근육풀기+옆파도타기+온몸허리돌리기+족구대+족구장+탁구대(이동식)+하늘걷기,고무매트포장+그네+조합놀이대+흔들놀이,,,옹벽+집수정+트랜치,,경기도 평택시청,031-8024-4248,20260313
고색중보들,근린공원,,경기도 수원시 권선구 고색동 1129,37.2475005206,126.9895992197,138326.5,풋살1+게이트볼장1+배구장1+족구장1+농구장1+테니스장1,바닥분수1,화장실2,,주차장,,경기도 수원시 권선구 녹지공원과,031-5191-6195,20260115
정자,근린공원,경기도 수원시 장안구 만석로 65,경기도 수원시 장안구 정자동 869-1,37.2976666278,126.9883578043,51089.5,농구장1+게이트볼장1+배드민턴장1+테니스장1,야외무대1,화장실1,도서관1,주차장,,경기도 수원시 장안구 녹지공원과,031-5191-5995,20260115
샘내,근린공원,경기도 수원시 장안구 만석로 5번길21,경기도 수원시 장안구 천천동 520,37.2957636728,126.9819057023,15212.6,다목적구장(족구+배트민턴+농구)1,물놀이시설1,화장실1,,,,경기도 수원시 장안구 녹지공원과,031-5191-5995,20260115
104호수변공원,수변공원,,경기도 수원시 장안구 이목동 519-138,37.3128543334,126.9822777543,966.0,,,휴게쉼터,,,,경기도 수원시 장안구 녹지공원과,031-5191-5995,20260115
올림픽,근린공원,경기도 수원시 권선구 효원로256번길 16,경기도 수원시 권선구 권선동 1012,37.2614715215,127.0285818408,57559.1,테니스장1+족구장1+농구장1+배드민턴장1+,,화장실2,,주차장+약수터2,,경기도 수원시 권선구 녹지공원과,031-5191-6195,20260115
숙성2리 마을쉼터,기타,,경기도 평택시 오성면 숙성리 622-24,37.0026434538,126.9765746898,1243.0,다리뻗치기+등허리펴기+배드민턴대+옆파도타기+온몸허리돌리기+족구장+하늘걷기,고무칩포장+그네+시소,음수전,,배수관+상수관+자연석쌓기+제수변+집수정,,경기도 평택시청,031-8024-4248,20260313
덕봉공원,어린이공원,,경기도 성남시 분당구 구미동 279,37.3422310958,127.1258361171,1985.8,야외운동기구,어린이놀이터,벤치+파고라+음수전,,,19920110,경기도 성남시 분당구 녹지공원과,031-729-7463,20251111
제일어린이공원,어린이공원,경기도 성남시 중원구 광명로 192,경기도 성남시 중원구 중앙동 3004,37.439525324,127.148875352,6134.0,,어린이놀이터,벤치+파고라,,,20230925,경기도 성남시 중원구 도시미관과,031-729-6452,20251111
판교제20호(달팽이)공원,어린이공원,,경기도 성남시 분당구 삼평동 699,37.4044217984,127.1079911794,4164.0,야외운동기구,,벤치,,경관분수,20060322,경기도 성남시 분당구 녹지공원과,031-729-8093,20251111
도곡1공원,근린공원,,경기도 남양주시 와부읍 도곡리 1114-2,37.5765515415,127.2202475244,11898.0,,,,,,,경기도 남양주시청,031-590-8601,20260319
판교역사공원,역사공원,경기도 성남시 분당구 판교로 191,경기도 성남시 분당구 판교동 499,37.4009023765,127.0955685028,4891.2,,,벤치+정자,박물관,,20081217,경기도 성남시 공원과,031-729-4382,20251111
둔배미공원,근린공원,"경기도 안산시 단원구 광덕2로 55, (초지동)",경기도 안산시 단원구 초지동 723-1번지,37.3107330721,126.8162986811,44535.7,,,,,,19980703,경기도 안산시청,031-481-2471,20260406
옥정호수공원,문화공원,,경기도 양주시 옥정동 970-3,37.8200405664,127.1002688282,162293.0,롤링웨이스트+체어웨이스트+크로스컨트리+입식싸이클,,파고라+벤치+자전거보관대,,음악분수+삿갓폰드,20071231,경기도 양주시청 공원사업과,031-8082-7317,20250912
옥정제11근린공원(마라니),근린공원,,경기도 양주시 옥정동 939-2,37.8147021559,127.0883416164,11407.0,배드민턴장,조합놀이대+시소+그네.흔들놀이,정자+벤치+파고라,,,20071231,경기도 양주시청 공원사업과,031-8082-7318,20250912
금곡공원(소공원2호),소공원,경기도 화성시 동탄구 동탄나루로 94,경기도 화성시 동탄구 반송동 767,37.194055261,127.0815527017,6919.0,,,,,,,경기도 화성시 공원녹지사업소 동부공원관리과,031-5189-6961,20260201
회화 어린이공원,어린이공원,,경기도 화성시 효행구 병점동 847-1,37.21560512,127.0455860344,1501.0,,놀이터,,,,,경기도 화성시 공원녹지사업소 동부공원관리과,031-5189-6961,20260201
목련 어린이공원,어린이공원,,경기도 화성시 효행구 병점동 859-4,37.205805914,127.0459768925,1646.0,족구장,놀이터,,,,,경기도 화성시 공원녹지사업소 동부공원관리과,031-5189-6961,20260201
느치미 어린이공원,어린이공원,,경기도 화성시 효행구 병점동 835-2,37.2096259654,127.0421205147,1506.0,농구장,놀이터,,,,,경기도 화성시 공원녹지사업소 동부공원관리과,031-5189-6961,20260201
안말공원,어린이공원,경기도 구리시 갈매중앙로55번길 56-15,경기도 구리시 갈매동 613,37.6308086512,127.1154681066,1500.0,야외헬스기구,조합놀이대,,,,20100427,경기도 구리시청,031-550-2474,20231124
해오른 어린이공원 (반월5호),어린이공원,,경기도 화성시 효행구 반월동 144-15,37.2329071339,127.062767658,1471.0,농구장,놀이터,,,,,경기도 화성시 공원녹지사업소 동부공원관리과,031-5189-6961,20260201
노을어린이공원 (틀뫼1호),어린이공원,,경기도 화성시 효행구 기산동 463-21,37.2268178785,126.9854142973,4859.0,게이트볼장,,,,,,경기도 화성시 공원녹지사업소 동부공원관리과,031-5189-6961,20260201
47호,기타,,경기도 화성시 동탄구 산척동 675-1,37.1770595341,127.1052959312,40521.0,,,,,,,경기도 화성시 공원녹지사업소 동부공원관리과,031-5189-6961,20260201
17호,기타,,경기도 화성시 동탄구 영천동 700-6,37.205332392,127.1123289559,306.6,,,,,,,경기도 화성시 공원녹지사업소 동부공원관리과,031-5189-6961,20260201
옥산근린공원,근린공원,경기도 연천군 연천읍 차옥로 20,경기도 연천군 연천읍 옥산리 423-1,38.0962841315,127.0782287953,13200.0,,,,,,20060515,경기도 연천군청,031-839-2346,20250628
정왕6공원,어린이공원,,경기도 시흥시 정왕동 2312-4,37.3526462062,126.7456673233,1700.0,족구장+농구대+체육시설물,조합놀이대,,,,19931230,경기도 시흥시청,031-310-3864,20251219
중앙공원,근린공원,경기도 시흥시 옥구천동로374번길 88,경기도 시흥시 정왕동 1845-1,37.3495559,126.7354106873,37836.0,농구장+풋살경기장+체육시설+인라인트랙,그네+미끄럼틀,주차장+화장실+관리사무소,야외무대,,19940422,경기도 시흥시청,031-310-3865,20251219
희망공원,근린공원,경기도 시흥시 군자천로131번길 64,경기도 시흥시 정왕동 1358,37.3362238647,126.7146506471,126984.0,축구장+테니스장+체육시설,,화장실+주차장+관리사무소,,,19940422,경기도 시흥시청,031-310-3865,20251219
병점역 공공공지,기타,,경기도 화성시 효행구 병점동 351-8,37.2072733369,127.0348752141,178.0,,,,,,,경기도 화성시 공원녹지사업소 동부공원관리과,031-5189-6961,20260201
젊음과패기의 공원,근린공원,경기도 시흥시 정왕대로233번길 21-1,경기도 시흥시 정왕동 1800-5,37.347745532,126.7398209872,10647.0,,,,,,19940422,경기도 시흥시청,031-310-3864,20251219
세교2지구 제3호 어린이공원,어린이공원,,경기도 오산시 가수동 406,37.1439710818,127.0487433803,2322.0,,,,,,20131224,오산시 환경사업소 도시공원녹지과,031-8036-6475,20251222
팔곡소,소공원,,경기도 안산시 상록구 팔곡이동 422-1번지,37.2952338124,126.8854350907,535.0,,,,,,20140310,경기도 안산시 상록구청,031-481-5412,20260406
세교2지구 제4호 어린이공원,어린이공원,,경기도 오산시 누읍동 671,37.1424400154,127.0538859768,1521.0,,,,,,20131224,오산시 환경사업소 도시공원녹지과,031-8036-6475,20251222
오산문화공원,문화공원,,경기도 오산시 부산동 825,37.1594563188,127.0790182959,3285.0,야외헬스기구,,,,평상,20140708,오산시 환경사업소 도시공원녹지과,031-8036-6475,20251222
가장동 체육공원,체육공원,경기도 오산시 가장산업동로 49,경기도 오산시 가장동 382-4,37.1647825183,127.0411896344,11856.0,,,,,,20160314,오산시 환경사업소 도시공원녹지과,031-8036-6475,20251222
세교2지구 제5호 어린이공원,어린이공원,,경기도 오산시 청학동 319,37.1533489485,127.0537269094,2795.0,,,,,,20160331,오산시 환경사업소 도시공원녹지과,031-8036-6475,20251222
세교2지구 소공원1,소공원,,경기도 오산시 청학동279,37.1554032849,127.0518358313,1028.0,,,,,,20160331,오산시 환경사업소 도시공원녹지과,031-8036-6475,20251222
세교2지구 소공원3,소공원,,경기도 오산시 청학동 350-3,37.1514879277,127.0532509477,2300.0,,,,,,20160331,오산시 환경사업소 도시공원녹지과,031-8036-6475,20251222
수변공원 154호,수변공원,,경기도 오산시 원동 715-8,,,17692.0,,,,,,20181106,오산시 환경사업소 도시공원녹지과,031-8036-6475,20251222
어린이공원 155호,어린이공원,경기도 오산시 경기대로 24-27,경기도 오산시 갈곶동 246-1,37.1266120107,127.0712414715,5298.0,,,,,,20191206,오산시 환경사업소 도시공원녹지과,031-8036-6475,20251222
세교2지구 체육공원,체육공원,경기도 오산시 죽담로 81,경기도 오산시 궐동 828,37.1635076066,127.0495657822,23134.0,,,,,,20201202,오산시 환경사업소 도시공원녹지과,031-8036-6475,20251222
소공원 158호,소공원,,경기도 오산시 지곶동 산50,37.1749981762,127.0354990364,1892.0,,,,,,20200717,오산시 환경사업소 도시공원녹지과,031-8036-6475,20251222
어린이공원 160호,어린이공원,경기도 오산시 남부대로 464-65,경기도 오산시 청호동 4,37.1323380756,127.0819159382,3691.0,,,,,,20210604,오산시 환경사업소 도시공원녹지과,031-8036-6475,20251222
원동 문화공원,문화공원,,경기도 오산시 원동 산42-1,37.1388345721,127.0888722791,21477.0,,,,,,20220428,오산시 환경사업소 도시공원녹지과,031-8036-6475,20251222
양산3구역 근린공원,근린공원,,경기도 오산시 양산동 3,37.1992307718,127.0357220601,11835.0,,,,,,20220802,오산시 환경사업소 도시공원녹지과,031-8036-6475,20251222
참나무(풍동),어린이공원,경기도 고양시 일산동구 숲속마을1로48번길 47-8,경기도 고양시 일산동구 풍동 1299,37.6660452029,126.8008070518,1629.5,체력단련시설,조합놀이대,화장실,,,20001018,경기도 고양시 푸른도시사업소,031-8075-4337,20251215
달맞이,근린공원,경기도 고양시 일산동구 숲속마을2로 71-2,경기도 고양시 일산동구 풍동 1228,37.674634808,126.8008058334,37676.0,체력단련시설,,화장실,,조형물,20010503,경기도 고양시 푸른도시사업소,031-8075-4337,20251215
식골,근린공원,경기도 고양시 일산동구 숲속마을로 108,경기도 고양시 일산동구 풍동 1257,37.6702297559,126.7951549566,51111.0,실내배드민턴장+다목적운동장+체력단련시설,,주차장+화장실,,조형물,20010503,경기도 고양시 푸른도시사업소,031-8075-4337,20251215
식사(은행마을공원),근린공원,경기도 고양시 일산동구 은행마을로 80-4,경기도 고양시 일산동구 식사동 1475,37.6698913307,126.8064858307,10000.0,체력단련시설,,화장실,,,20010622,경기도 고양시 푸른도시사업소,031-8075-4337,20251215
하늘자전거(일산2-6),어린이공원,,경기도 고양시 일산동구 중산동 1685,37.679596607,126.7801394903,1520.5,체력단련시설+운동장(농구대),조합놀이대+흔들놀이기구(흔들말),,,,20020105,경기도 고양시 푸른도시사업소,031-8075-4337,20251215
안곡습지,수변공원,경기도 고양시 일산동구 하늘마을로 39-5,경기도 고양시 일산동구 중산동 1712,37.6840188428,126.7844885567,77826.0,체력단련시설,,화장실,유아숲체험원,,20020105,경기도 고양시 푸른도시사업소,031-8075-4337,20251215
소개울(일산2-1),근린공원,,경기도 고양시 일산동구 중산동 1716,37.6832173927,126.7837671602,50030.0,체력단련시설,,,,,20020105,경기도 고양시 푸른도시사업소,031-8075-4337,20251215
개나리(일산2-4),어린이공원,경기도 고양시 일산동구 소개울2길 43,경기도 고양시 일산동구 중산동 1736,37.683827656,126.7901382737,1885.3,체력단련시설+운동장,조합놀이대+흔들놀이기구(흔들말),화장실,,,20020105,경기도 고양시 푸른도시사업소,031-8075-4337,20251215
신곡,어린이공원,,경기도 수원시 권선구 세류동 1156,37.2449908475,127.0163295472,1495.8,,조합놀이대1,,,음수대1,,경기도 수원시 권선구 녹지공원과,031-5191-6195,20260115
안골,어린이공원,경기도 고양시 일산동구 강송로225번길 51,경기도 고양시 일산동구 마두동 992,37.6574742398,126.7784626231,5495.0,체력단련시설,조합놀이대+그네+흔들놀이기구(흔들말+시소)+오르는기구(정글짐),,,,19900331,경기도 고양시 푸른도시사업소,031-8075-4333,20251215
검바골,어린이공원,경기도 고양시 일산동구 강송로74번길 53-7,경기도 고양시 일산동구 백석동 1156,37.6486368045,126.7911081643,3595.0,체력단련시설+운동장(농구대),조합놀이대+그네+흔들놀이기구(시소),화장실,,,19900331,경기도 고양시 푸른도시사업소,031-8075-4333,20251215
백송,어린이공원,경기도 고양시 일산동구 강송로 120-3,경기도 고양시 일산동구 백석동 1189,37.6507432035,126.7891610058,5753.0,체력단련시설,조합놀이대+그네+흔들놀이기구(흔들말+시소)+회전놀이기구,화장실,,,19900331,경기도 고양시 푸른도시사업소,031-8075-4333,20251215
방기,어린이공원,경기도 고양시 일산동구 강송로113번길 36-14,경기도 고양시 일산동구 백석동 1206,37.6485356059,126.7847951101,3167.0,체력단련시설,조합놀이대+그네+흔들놀이기구(흔들말),화장실,,,19900331,경기도 고양시 푸른도시사업소,031-8075-4333,20251215
간이,어린이공원,경기도 고양시 일산동구 백석로72번길 31-12,경기도 고양시 일산동구 백석동 1269,37.6461574841,126.7880031601,3341.0,체력단련시설,조합놀이대+그네+흔들놀이기구(시소+흔들말),,,,19900331,경기도 고양시 푸른도시사업소,031-8075-4333,20251215
뒷구미공원,어린이공원,,경기도 성남시 분당구 구미동 32,37.3489733832,127.111282216,2311.9,야외운동기구,어린이놀이터,벤치+파고라+음수전,,,19910108,경기도 성남시 분당구 녹지공원과,031-729-7463,20251111
수평공원,어린이공원,경기도 성남시 분당구 금곡로23번길 15-5,경기도 성남시 분당구 구미동 138,37.3449243649,127.1110089557,2020.2,야외운동기구,어린이놀이터,벤치+음수전,,,19910108,경기도 성남시 분당구 녹지공원과,031-729-7463,20251111
제2호 어린이공원(브레인시티),어린이공원,,경기도 평택시 장안동 211-3,37.0513361658,127.0884197552,1510.0,,,,,,20100315,경기도 평택시청,031-8024-4248,20260313
바람소리공원,근린공원,경기도 수원시 권선구 서수원로 577번길 202,경기도 수원시 권선구 금곡동 1068,37.2770584722,126.9457803199,17255.9,그라운드골프장,,화장실1,어린이집,,,경기도 수원시 권선구 녹지공원과,031-5191-6195,20260115
105호근린공원,근린공원,,경기도 수원시 권선구 오목천동 814-1,,,10191.8,,,,,,,경기도 수원시 권선구 녹지공원과,031-5191-6195,20260115
고색체육공원,체육공원,경기도 수원시 권선구 오목천로 152번길 29,경기도 수원시 권선구 고색동 919,37.2437104073,126.9782821898,13502.2,축구장1,,,,,,경기도 수원시 권선구 녹지공원과,031-5191-6195,20260115
누리문화공원,문화공원,경기도 수원시 권선구 서수원로 577번길 225,경기도 수원시 권선구 금곡동 1074,37.2764689958,126.9450176148,13056.4,농구장1,,,청소년수련관1,생태체험관1+주차장,,경기도 수원시 권선구 녹지공원과,031-5191-6195,20260115
11호문화공원,문화공원,경기도 수원시 권선구 권중로 50번길 5,경기도 수원시 권선구 권선동 1252,37.2529817793,127.03120575,3301.4,바닥분수,,,,,,경기도 수원시 권선구 녹지공원과,031-5191-6195,20260115
물새공원,수변공원,,경기도 수원시 권선구 금곡동 1075,37.2756041865,126.9441772104,32119.5,,저류지1,,,,,경기도 수원시 권선구 녹지공원과,031-5191-6195,20260115
장교둑,어린이공원,경기도 수원시 권선구 세지로 82번길 15-5,경기도 수원시 권선구 권선동 980-1,37.2591880009,127.0188750691,2068.0,,조합놀이대1,화장실1,,,,경기도 수원시 권선구 녹지공원과,031-5191-6195,20260115
전원,어린이공원,,경기도 수원시 권선구 권선동 1059,37.2553896088,127.0223228862,1490.3,,조합놀이대1,,,음수대1,,경기도 수원시 권선구 녹지공원과,031-5191-6195,20260115
은하수,어린이공원,경기도 수원시 권선구 구운로 86번길 20-21,경기도 수원시 권선구 구운동 487,37.2798259714,126.9734757611,1723.1,,조합놀이대1,화장실1,,,,경기도 수원시 권선구 녹지공원과,031-5191-6195,20260115
용화출,어린이공원,경기도 수원시 권선구 권중로 7번길 18,경기도 수원시 권선구 권선동 1163-7,37.2563188892,127.0339817281,1501.0,,조합놀이대1,,,음수대1,,경기도 수원시 권선구 녹지공원과,031-5191-6195,20260115
양지말공원,근린공원,,경기도 파주시 동패동 1712,37.718709484,126.7217328719,23230.6,배드민턴장,,,,,,경기도 파주시청,031-940-8406,20250618
진안동 쌈지공원,기타,경기도 화성시 병점구 병점중앙로169번길 12,경기도 화성시 효행구 진안동 496,37.2129270733,127.0366718731,400.0,,,,,,,경기도 화성시 공원녹지사업소 동부공원관리과,031-5189-6961,20260201
매화,어린이공원,,경기도 안산시 상록구 이동 582-2번지,37.3059500215,126.8595708867,1522.0,,,,,,19850917,경기도 안산시 상록구청,031-481-5412,20260406
89호문화공원,문화공원,"경기도 안산시 단원구 엠티브이22로 120, (성곡동)",경기도 안산시 단원구 성곡동 827번지,37.3062501821,126.730647421,18254.2,,,,,,20190531,경기도 안산시청,031-481-2471,20260406
학사,어린이공원,,경기도 안산시 상록구 사동 1150번지,37.2999532105,126.8388004249,880.4,,,,,,19850917,경기도 안산시 상록구청,031-481-5412,20260406
상수리,어린이공원,,경기도 안산시 상록구 사동 1266-7번지,37.2981423962,126.8579677645,1493.1,,,,,,19850917,경기도 안산시 상록구청,031-481-5412,20260406
마로니에공원,근린공원,"경기도 안산시 상록구 용신로 143, (사동)",경기도 안산시 상록구 사동 1554번지,37.3035110724,126.8381530448,13340.1,,,,,,19920311,경기도 안산시청,031-481-2649,20260406
본오공원,근린공원,"경기도 안산시 상록구 용신로 422, (본오동)",경기도 안산시 상록구 본오동 산39번지,37.3009551121,126.8685729548,123747.2,,,,,,19850917,경기도 안산시청,031-481-2649,20260406
석호공원,근린공원,"경기도 안산시 상록구 석호공원로 1, (사동)",경기도 안산시 상록구 사동 1583번지,37.3023445856,126.8439630441,37239.2,,,,,,19980703,경기도 안산시청,031-481-2649,20260406
장곡,어린이공원,,경기도 안산시 상록구 본오동 852번지,37.290787797,126.8677334784,1500.3,,,,,,19850917,경기도 안산시 상록구청,031-481-5412,20260406
선암,어린이공원,,경기도 안산시 상록구 본오동 925-2번지,37.289362955,126.8625687821,1990.9,,,,,,19850917,경기도 안산시 상록구청,031-481-5412,20260406
해란,어린이공원,,경기도 안산시 상록구 본오동 676번지,37.2863467275,126.8651667999,928.6,,,,,,19850917,경기도 안산시 상록구청,031-481-5412,20260406
42호,기타,,경기도 화성시 동탄구 영천동747-10,37.2040601759,127.1245202272,113.0,,,,,,,경기도 화성시 공원녹지사업소 동부공원관리과,031-5189-6961,20260201
46호(A),기타,,경기도 화성시 동탄구 청계동 538-1,37.1955594473,127.1168655453,3357.0,,,,,,,경기도 화성시 공원녹지사업소 동부공원관리과,031-5189-6961,20260201
전망대공원,근린공원,"경기도 안산시 단원구 범지기로 180-1, (원시동)",경기도 안산시 단원구 원시동 산37번지,37.3031322519,126.7914079408,201711.5,,,,,,19850917,경기도 안산시청,031-481-2471,20260406
풍경공원,근린공원,"경기도 안산시 단원구 초지2로 64, (초지동)",경기도 안산시 단원구 초지동 740번지,37.3059618977,126.815800244,17831.6,,,,,,19911011,경기도 안산시청,031-481-2471,20260406
수변공원 163호,수변공원,,경기도 오산시 서동 292-1,37.1525425808,127.041620682,65521.0,,,,,,20221228,오산시 환경사업소 도시공원녹지과,031-8036-6475,20251222
수변공원 164호,수변공원,,경기도 오산시 외삼미동 67-1,37.194105683,127.063834973,13896.0,,,,,,20221228,오산시 환경사업소 도시공원녹지과,031-8036-6475,20251222
도원공원,어린이공원,경기도 시흥시 신천4길 46,경기도 시흥시 신천동 818-1,37.4383076814,126.7775540397,1606.0,,조합놀이대,,,,19811231,경기도 시흥시청,031-310-3894,20251219
선유산업단지2호 근린공원,근린공원,경기도 파주시 문산읍 돈유2로 26,경기도 파주시 문산읍 선유리 1379,37.8585271294,126.8066091848,16328.2,,,화장실+주차장,,,,경기도 파주시청,031-940-8406,20250618
통일공원,근린공원,경기도 파주시 파주읍 통일로 1586-24,경기도 파주시 파주읍 봉서리 358-4,37.849090047,126.7898866633,29711.0,,,,,,,경기도 파주시청,031-940-8406,20250618
상아공원,문화공원,,경기도 시흥시 신천동 826-1,37.4361142555,126.777619506,1621.0,,조합놀이대,,,,19811231,경기도 시흥시청,031-310-2694,20251219
새말공원,어린이공원,경기도 시흥시 포도원로79번길 11-3,경기도 시흥시 신천동 843-19,37.4367828327,126.7832205629,1587.0,,조합놀이대+그네+시소,,,,19811231,경기도 시흥시청,031-310-2694,20251219
둥지공원,어린이공원,경기도 시흥시 수인로3325번길 29,경기도 시흥시 신천동 857-1,37.4364750859,126.7889770747,1467.0,,조합놀이대,,,,19811231,경기도 시흥시청,031-310-2694,20251219
복음공원,어린이공원,,경기도 시흥시 신천동 944,37.435116105,126.7903870241,1630.0,,조합놀이대+시소+그네,,,,19811231,경기도 시흥시청,031-310-2694,20251219
산호공원,어린이공원,경기도 시흥시 시흥대로1073번길 40,경기도 시흥시 신천동 870-1,37.4325726981,126.789059203,1610.0,,조합놀이대,,,,19811231,경기도 시흥시청,031-310-2694,20251219
신일공원,어린이공원,경기도 시흥시 시흥대로 1065번길 15,경기도 시흥시 신천동 890-1,37.4310242307,126.7908710046,1667.0,,조합놀이대+시소+그네,,,,19811231,경기도 시흥시청,031-310-2694,20251219
포도원공원,어린이공원,,경기도 시흥시 신천동 851-7,37.4353655198,126.7863257235,1654.0,,조합놀이대,,,,19811231,경기도 시흥시청,031-310-2694,20251219
양산 제1어린이공원,어린이공원,,경기도 오산시 양산동 667-2,37.1975980108,127.0321497558,1633.0,,조합놀이대 등,,,,20070108,오산시 환경사업소 도시공원녹지과,031-8036-6475,20251222
양산제1소공원,소공원,,경기도 오산시 양산동 668-2,37.1974041849,127.0357617474,4784.0,,,,,,20070108,오산시 환경사업소 도시공원녹지과,031-8036-6475,20251222
꽃다리공원,근린공원,,경기도 오산시 금암동 484,37.179880364,127.0477313583,26088.0,,,,,,20060109,오산시 환경사업소 도시공원녹지과,031-8036-6475,20251222
필봉근린공원,근린공원,,경기도 오산시 내삼미동 899-3,37.1734833012,127.0682034558,10443.0,풋살장,,화장실,,,20060109,오산시 환경사업소 도시공원녹지과,031-8036-6475,20251222
별어린이공원,어린이공원,,경기도 오산시 수청동 635-1,37.1678837024,127.0674975805,2210.0,,조합놀이대 등,,,,20060109,오산시 환경사업소 도시공원녹지과,031-8036-6475,20251222
청호제3어린이공원,어린이공원,,경기도 오산시 청호동 334,37.1306566954,127.0831290083,2354.0,,조합놀이대 등,,열린도서관,,20071017,오산시 환경사업소 도시공원녹지과,031-8036-6475,20251222
용천,어린이공원,경기도 고양시 일산동구 백석로 16-3,경기도 고양시 일산동구 백석동 1348,37.64224327,126.7831325538,4255.0,체력단련시설+운동장(농구대),조합놀이대+그네+흔들놀이기구(흔들말+시소),화장실,,,19900331,경기도 고양시 푸른도시사업소,031-8075-4333,20251215
향나무(알미),어린이공원,경기도 고양시 일산동구 호수로430번길 29-14,경기도 고양시 일산동구 백석동 1437,37.6445773733,126.7801176423,3576.0,체력단련시설,조합놀이대+그네+흔들놀이기구(흔들말),,,,19900331,경기도 고양시 푸른도시사업소,031-8075-4333,20251215
낙민,근린공원,경기도 고양시 일산동구 호수로 530-2,경기도 고양시 일산동구 장항동 873,37.6501131513,126.7730358954,19630.0,체력단련시설,,화장실,,시계탑+조형물,19900331,경기도 고양시 푸른도시사업소,031-8075-4333,20251215
부촌,어린이공원,경기도 고양시 일산동구 강촌로 17-2,경기도 고양시 일산동구 장항동 879,37.6469027313,126.7771593036,3604.0,체력단련시설,조합놀이대+그네+흔들놀이기구(흔들말+시소),화장실,,,19900331,경기도 고양시 푸른도시사업소,031-8075-4333,20251215
백마,근린공원,경기도 고양시 일산동구 일산로 224-3,경기도 고양시 일산동구 마두동 725,37.656789177,126.7903391011,20490.0,체력단련시설,,화장실,,조형물,19900331,경기도 고양시 푸른도시사업소,031-8075-4333,20251215
중산태미(중산4),근린공원,,경기도 고양시 일산동구 중산동 1553,37.6982303142,126.7833539404,13411.0,체력단련시설,,,,,19910531,경기도 고양시 푸른도시사업소,031-8075-4337,20251215
중산 3(중산테미어린이),어린이공원,,경기도 고양시 일산동구 중산동 1554-3,37.6933311515,126.7824999588,1600.0,체력단련시설,조합놀이대+흔들놀이기구(흔들말+시소),,,,19910531,경기도 고양시 푸른도시사업소,031-8075-4337,20251215
중산 1(중산마루),어린이공원,,경기도 고양시 일산동구 중산동 1555-1,37.6974768441,126.7806263688,1600.0,체력단련시설,조합놀이대+그네+흔들놀이기구(흔들말),,,,19910531,경기도 고양시 푸른도시사업소,031-8075-4337,20251215
중산 6(중산더부골),어린이공원,,경기도 고양시 일산동구 중산동 1566-1,37.6887469979,126.7789417196,1600.0,체력단련시설,조합놀이대+그네+흔들놀이기구(흔들말+시소),,,,19910531,경기도 고양시 푸른도시사업소,031-8075-4337,20251215
세교제1호소공원,소공원,,경기도 오산시 수청동 602,37.1685969204,127.0586551175,7459.0,,,,,,20080204,오산시 환경사업소 도시공원녹지과,031-8036-6475,20251222
중산 5(중산안학),어린이공원,,경기도 고양시 일산동구 중산동 1573-2,37.6916297931,126.7816254275,1600.0,,조합놀이대+그네+흔들놀이기구(흔들말+시소)+회전놀이기구,,,,19910531,경기도 고양시 푸른도시사업소,031-8075-4337,20251215
중산 7(중산어린이),어린이공원,,경기도 고양시 일산동구 중산동 1574-1,37.6890266973,126.7818406004,1600.0,,조합놀이대+흔들놀이기구(흔들말+시소)+회전놀이기구,,,,19910531,경기도 고양시 푸른도시사업소,031-8075-4337,20251215
중산 8(중산삼애),어린이공원,,경기도 고양시 일산동구 중산동 1575-5,37.6879497659,126.7828947956,1600.0,체력단련시설,조합놀이대+그네+흔들놀이기구(흔들말),,,,19910531,경기도 고양시 푸른도시사업소,031-8075-4337,20251215
중산 9(중산추만),어린이공원,경기도 고양시 일산동구 중산로157번길 12,경기도 고양시 일산동구 중산동 1600,37.6857595163,126.780230145,1963.0,체력단련시설,조합놀이대+그네+흔들놀이기구(흔들말+시소),화장실,,,19910531,경기도 고양시 푸른도시사업소,031-8075-4337,20251215
정발산,근린공원,"경기도 고양시 일산동구 햇살로6, 56, 56-3",경기도 고양시 일산동구 마두동 1121,37.6627786428,126.7718806428,644650.0,축구장+실내배드민턴장+배구장+씨름장+농구장+체력단련장,,주차장+화장실,유아숲체험원,,19910629,경기도 고양시 푸른도시사업소,031-8075-4333,20251215
알미,근린공원,경기도 고양시 일산동구 중앙로 1087-2,경기도 고양시 일산동구 백석동 1350,37.645501963,126.7839400471,15507.0,체력단련시설,,화장실,야외음악당,,19910629,경기도 고양시 푸른도시사업소,031-8075-4333,20251215
호수,근린공원,경기도 고양시 일산동구 노루목로 10,경기도 고양시 일산동구 장항동 903,37.6494877529,126.7680995438,71988.7,체력단련시설,,,,,19910629,경기도 고양시 푸른도시사업소,031-8075-4346,20251215
네버랜드,어린이공원,경기도 수원시 팔달구덕영대로 735번길 18,경기도 수원시 팔달구 화서동 656,37.2813516544,126.9925856714,1500.0,농구장,조합놀이대1,,,,,경기도 수원시 팔달구 녹지공원과,031-5191-7043,20260115
오목천,어린이공원,,경기도 수원시 권선구 오목천동 945,37.2421586731,126.9636216542,4300.3,다목적구장,조합놀이대1+휴게쉼터2,,,,,경기도 수원시 권선구 녹지공원과,031-5191-6195,20260115
꿈나무,어린이공원,,경기도 수원시 권선구 권선동 1332,37.2540567216,127.0265518097,3000.0,,놀이시설3,,,,,경기도 수원시 권선구 녹지공원과,031-5191-6195,20260115
물방울,어린이공원,,경기도 수원시 권선구 호매실동 1339,37.2704144197,126.9422482137,1493.9,,조합놀이대1,,,,,경기도 수원시 권선구 녹지공원과,031-5191-6195,20260115
신아,어린이공원,,경기도 수원시 권선구 곡반정동 572,37.2374105479,127.0299608997,1686.5,다목적구장(농구)1,조합놀이대1,,,,,경기도 수원시 권선구 녹지공원과,031-5191-6195,20260115
참새,어린이공원,경기도 수원시 영통구 매탄로 65번길 17,경기도 수원시 영통구 매탄동 1166-2,37.2570472609,127.0404502121,1502.3,,조합놀이대1,노인정1,,,,경기도 수원시 영통구 녹지공원과,031-5191-8331,20260115
미래,어린이공원,경기도 수원시 영통구 매여울로 10번길 14-20,경기도 수원시 영통구 매탄동 196-25,37.2716856006,127.0473881583,1507.3,,조합놀이대1,노인정1,,,,경기도 수원시 영통구 녹지공원과,031-5191-8331,20260115
산샘,어린이공원,경기도 수원시 영통구 매원로11번길 8-16,경기도 수원시 영통구 매탄동 205-32,37.2671456925,127.0482048247,1940.1,,조합놀이대1,노인정1,,,,경기도 수원시 영통구 녹지공원과,031-5191-8331,20260115
진접1호해밀공원,어린이공원,,경기도 남양주시 진접읍 금곡리 1084,37.7120433454,127.1894544002,5742.0,,,,,,,경기도 남양주시청,031-590-8369,20260319
평내1호근린공원,근린공원,경기도 남양주시 평내로 9,경기도 남양주시 평내동 427-5,37.6443217007,127.2309106456,29356.0,,,,,,,경기도 남양주시청,031-590-4738,20260319
지장 어린이공원,어린이공원,,경기도 평택시 서정동 790,37.0700219936,127.0590326541,1657.3,어깨근육풀기+옆파도타기+온몸허리돌리기,그네+그네보호대+모래포장+시소+조합놀이대,,,L형측구+기존배수관천공+맹암거(간선)+맹암거(지선)+스틸그레이팅+연결관+집수정,19800129,경기도 평택시청,031-8024-4248,20260313
미래내공원,역사공원,경기도 파주시 가람로116번길 170,경기도 파주시 와동동 1339,37.7305259946,126.7638641175,56866.4,,,,,,,경기도 파주시청,031-940-8406,20250618
운정건강공원 1,체육공원,경기도 파주시 와석순환로172번길 35,경기도 파주시 동패동 1800,37.7154796593,126.7419905731,142201.0,,,,,벽천+생태연못,,경기도 파주시청,031-940-8406,20250618
마전터공원,어린이공원,경기도 이천시 영창로 99,경기도 이천시 관고동 501-9,37.2841247302,127.4345358623,1000.0,농구대,조합놀이대,,,,19890807,경기도 이천시청,031-645-3831,20250221
제1호 어린이공원 제130호(가재지구),어린이공원,,경기도 평택시 가재동 442,37.043825894,127.0765430009,1730.0,,,,,,20111125,경기도 평택시청,031-8024-4248,20260313
파주출판단지 근린공원,근린공원,경기도 파주시 직지길 469,경기도 파주시 문발동 496-1,37.7198458701,126.6884129768,10620.0,,,화장실,,,,경기도 파주시청,031-940-8406,20250618
금릉공원,근린공원,경기도 파주시 가나무로 130,경기도 파주시 금릉동 428,37.7538424164,126.7798321687,10034.7,,조합놀이대+흔들놀이,,,,,경기도 파주시청,031-940-8406,20250618
통일동산 고산원공원,근린공원,,경기도 파주시 탄현면 성동리 680,37.7775909392,126.6908590165,10593.6,,,,,,,경기도 파주시청,031-940-8406,20250618
통일동산(759),근린공원,,경기도 파주시 탄현면 법흥리 1652-470,37.7870836083,126.7013768062,9991.1,,,,,,,경기도 파주시청,031-940-8406,20250618
소공원337,소공원,,경기도 고양시 덕양구 고양동 557,37.7089328177,126.9050818845,408.0,,,,,,20130226,경기도 고양시 푸른도시사업소,031-8075-4316,20251215
당동산업단지4호 근린공원,근린공원,경기도 파주시 문산읍 당동1로 25-15,경기도 파주시 문산읍 당동리 928,37.8614717084,126.7747503599,10663.8,,화장실,,,바닥분수,,경기도 파주시청,031-940-8406,20250618
사세충열문,근린공원,,경기도 안산시 단원구 와동 151번지,37.3374451248,126.8306137282,14459.0,,,,,,19940629,경기도 안산시청,031-481-2471,20260406
석수골공원,근린공원,"경기도 안산시 단원구 석수로9길 20, (선부동)",경기도 안산시 단원구 선부동 1159번지,37.3465717315,126.8039271944,24245.6,,,,,,20251126,경기도 안산시청,031-481-2471,20260406
63호 근린공원,근린공원,"경기도 안산시 단원구 광덕4로 151, (고잔동)",경기도 안산시 단원구 고잔동 680번지,37.3155495643,126.8294478956,24269.1,,,,,,20081210,경기도 안산시청,031-481-2471,20260406
미양물류공원,문화공원,경기도 안성시 미양면 안성맞춤대로 549-25,경기도 안성시 미양면 보체리 411,36.9686408704,127.249103171,2797.0,,,,,,20171215,경기도 안성시청,031-678-6893,20250226
신건지소공원,소공원,경기도 안성시 공단1로 16-15,경기도 안성시 신건지동 58-2,37.0163691832,127.247676071,3967.0,,,,,,20180315,경기도 안성시청,031-678-6893,20250226
호수마을공원,어린이공원,,경기도 의왕시 포일동 639,37.3908028968,126.9791977863,1517.0,야외운동기구,시소+흔들놀이기구,,,,20060109,경기도 의왕시청,031-345-3535,20251128
내손양지공원,어린이공원,경기도 의왕시 민백길 지하 4,경기도 의왕시 내손동 844-5,37.3860176058,126.9734344509,3024.1,,조합놀이대,,,,20041224,경기도 의왕시청,031-345-3534,20251128
제86호 소공원(꽃마리),소공원,,경기도 화성시 효행구 기산동 476-1,,,6208.0,,,,,,,경기도 화성시 공원녹지사업소 동부공원관리과,031-5189-6961,20260201
53호문화공원,문화공원,"경기도 안산시 단원구 엠티브이6로18번길 37, (성곡동)",경기도 안산시 단원구 성곡동 795-3번지,37.2975849524,126.759856695,6594.3,,,,,,20171024,경기도 안산시청,031-481-2471,20260406
안골,어린이공원,,경기도 안산시 상록구 일동 612-3번지,37.309808348,126.8714404283,1613.0,,,,,,19850917,경기도 안산시 상록구청,031-481-5412,20260406
이동,어린이공원,"경기도 안산시 상록구 도매시장로1길 31, (이동)",경기도 안산시 상록구 이동 531번지,37.3117738343,126.8589127729,1500.4,,,,,,19850917,경기도 안산시 상록구청,031-481-5412,20260406
지곶동수변공원,수변공원,,경기도 오산시 지곶동 560-1,37.1722321158,127.0266061472,4773.0,,,,,,20090706,오산시 환경사업소 도시공원녹지과,031-8036-6475,20251222
가장제2근린공원,근린공원,,경기도 오산시 가장동 385-1,37.1680012976,127.0310845569,28181.0,,,,,,20090706,오산시 환경사업소 도시공원녹지과,031-8036-6475,20251222
가장동수변공원,수변공원,,경기도 오산시 가장동 395-5,37.1633574206,127.0348808014,7153.0,,,,,,20090706,오산시 환경사업소 도시공원녹지과,031-8036-6475,20251222
세교제2호소공원,소공원,,경기도 오산시 금암동 512-3,37.1768529123,127.0445039761,1395.0,,,,,,20101213,오산시 환경사업소 도시공원녹지과,031-8036-6475,20251222
원동소공원,소공원,,경기도 오산시 원동 912,37.142347252,127.0898966668,633.0,야외헬스기구,,,,"야외테이블, 파고라",20120904,오산시 환경사업소 도시공원녹지과,031-8036-6475,20251222
지곶동 어린이공원,어린이공원,,경기도 오산시 지곶동 576,37.1687597129,127.0266340899,5284.0,,조합놀이대 등,,,,20140729,오산시 환경사업소 도시공원녹지과,031-8036-6475,20251222
오산어린이공원,어린이공원,경기도 오산시 오산로272번길 37,경기도 오산시 오산동 852-11,37.1511808817,127.072713151,3106.0,다목적구장,"오르는기구, 모래놀이터, 흔들놀이기구",,,,19821230,오산시 환경사업소 도시공원녹지과,031-8036-6475,20251222
옥정제6근린공원(선돌),근린공원,,경기도 양주시 옥정동 908,37.81939741,127.0829338093,159926.0,허리펴기+허리돌리기+좌우뛰기+평형잡기등,발물놀이시설+정글짐,화장실+음수대+정자+벤치+파고라,,,,경기도 양주시청 공원사업과,031-8082-7317,20250912
옥정제1어린이공원(율정),어린이공원,,경기도 양주시 옥정동 998-1,37.836598644,127.0937193716,2218.0,허돌리기+차도타기+역기내리기+공중걷기+등허리지압기,조합놀이대+그네+시소+흔들놀이,정자+벤치+파고라,,,,경기도 양주시청 공원사업과,031-8082-7318,20250912
옥정제2어린이공원(천보),어린이공원,,경기도 양주시 옥정동 1014-1,37.8332628605,127.0945084926,6909.0,스트레칭로라+트윈워밍암+풀웨이트,조합놀이대+스피드레이서+착시거울+그네,정자+벤치+파고라,,,,경기도 양주시청 공원사업과,031-8082-7318,20250912
함박,근린공원,,경기도 부천시 소사구 옥길동 749,37.4636508642,126.8226484121,104914.1,배드민턴장,,,,,20100427,경기도 부천시청,032-625-4843,20250731
햇살,어린이공원,,경기도 부천시 소사구 범박동 232-8,37.4680618496,126.8145498306,3618.2,,조합놀이대 등 6개,,,,20051230,경기도 부천시청,032-625-4843,20250731
행복,어린이공원,경기도 부천시 원미구 상일로149번길 18-9,경기도 부천시 원미구 상동 426,37.4917383677,126.7598341568,1883.9,,그네 등 4개,화장실,,,19981217,경기도 부천시청,032-625-4843,20250731
행복한,어린이공원,,경기도 부천시 원미구 상동 550-6,37.5012826958,126.749519352,2489.7,,그네 등 6개,,,,19981217,경기도 부천시청,032-625-4843,20250731
화목한,어린이공원,,경기도 부천시 소사구 범박동 225-3,37.4695805262,126.8129254576,1502.8,,흔들놀이기구 등 3개,,,,20051230,경기도 부천시청,032-625-4843,20250731
활터,어린이공원,경기도 부천시 소사구 성무로39번길 12,경기도 부천시 소사구 심곡본동 530-379,37.4797715926,126.7852305065,5022.3,,조합놀이대 등 4개,화장실,,,20020204,경기도 부천시청,032-625-4843,20250731
한별,어린이공원,,경기도 부천시 소사구 괴안동 203-2,,,2892.5,,조합놀이대 등 9종,,,,20200330,경기도 부천시청,032-625-4843,20250731
지축어린이3,어린이공원,경기도 고양시 덕양구 안진로 99,경기도 고양시 덕양구 지축동 0,37.6476202684,126.9238583813,3066.6,체력단련시설,조합놀이대,화장실,,,20100507,경기도 고양시 푸른도시사업소,031-8075-4328,20251215
지축근린2,근린공원,경기도 고양시 덕양구 오부자로 108-2,경기도 고양시 덕양구 지축동 0,37.6510574743,126.9208163939,10692.6,체력단련시설,,화장실,,,20100507,경기도 고양시 푸른도시사업소,031-8075-4328,20251215
지축근린3,근린공원,경기도 고양시 덕양구 지축2로 3-3,경기도 고양시 덕양구 지축동 0,37.6479558772,126.9187773754,15159.5,"체력단련시설,+농구대(저류지)",,화장실,,,20100507,경기도 고양시 푸른도시사업소,031-8075-4328,20251215
어린이공원2(도담)(향동보금자리),어린이공원,,경기도 고양시 덕양구 도내동 1038,37.6299292294,126.8719094189,2633.4,체력단련시설,조합놀이대,,,,20121221,경기도 고양시 푸른도시사업소,031-8075-4328,20251215
삼송소공원5,소공원,,경기도 고양시 덕양구 원흥동 609,37.6515052877,126.8709494162,788.2,체력단련시설,,,,,20111010,경기도 고양시 푸른도시사업소,031-8075-4328,20251215
배다리,어린이공원,경기도 고양시 덕양구 마상로 51,경기도 고양시 덕양구 주교동 296,37.6625339563,126.8294228378,4514.0,풋살구장+체력단련시설,조합놀이대,화장실,,,20130315,경기도 고양시 푸른도시사업소,031-8075-4316,20251215
능1소공원,소공원,,경기도 고양시 덕양구 토당동 919,37.6235442518,126.8177549265,323.6,체력단련시설,,,,,20130621,경기도 고양시 푸른도시사업소,031-8075-4319,20251215
덕은2,소공원,,경기도 고양시 덕양구 덕은동 599,37.5836038439,126.8618832407,1434.0,체력단련시설,,,,,20151231,경기도 고양시 푸른도시사업소,031-8075-4328,20251215
덕은3,소공원,,경기도 고양시 덕양구 덕은동 622,37.5824350846,126.862812726,1070.6,체력단련시설,,,,,20151231,경기도 고양시 푸른도시사업소,031-8075-4328,20251215
덕은4,소공원,,경기도 고양시 덕양구 덕은동 627,37.5823783687,126.8643787012,380.0,,,,,,20151231,경기도 고양시 푸른도시사업소,031-8075-4328,20251215
덕은1,어린이공원,경기도 고양시 덕양구 대덕산로 107-2,경기도 고양시 덕양구 덕은동 0,37.5815784109,126.8690418656,2589.3,체력단련시설,조합놀이대,화장실,,,20151231,경기도 고양시 푸른도시사업소,031-8075-4328,20251215
덕은2,어린이공원,경기도 고양시 덕양구 대덕산1길 8-2,경기도 고양시 덕양구 덕은동 0,37.5817338574,126.8627434841,2733.9,,조합놀이대,화장실,,,20151231,경기도 고양시 푸른도시사업소,031-8075-4328,20251215
덕은1,수변공원,,경기도 고양시 덕양구 덕은동 707,37.5779926135,126.8634622526,2812.3,체력단련시설,,,,,20151231,경기도 고양시 푸른도시사업소,031-8075-4328,20251215
지축근린1,근린공원,경기도 고양시 덕양구 오부자1길 35-2,경기도 고양시 덕양구 지축동 654-1,37.651936164,126.9144045332,28584.5,체력단련시설+다목적구장,조합놀이대,화장실,,,20100507,경기도 고양시 푸른도시사업소,031-8075-4328,20251215
내유동문화공원,문화공원,경기도 고양시 덕양구 유산길 96,경기도 고양시 덕양구 내유동 769-5,37.7312849241,126.8483906282,5660.0,체력단련시설,조합놀이대,화장실,,전망대,20171215,경기도 고양시 푸른도시사업소,031-8075-4316,20251215
모범,어린이공원,경기도 고양시 일산동구 백마로 318-4,경기도 고양시 일산동구 마두동 756,37.6556716809,126.7858830221,4000.0,,조합놀이대+그네+흔들놀이기구(시소),화장실,,,19900331,경기도 고양시 푸른도시사업소,031-8075-4333,20251215
16호공원,어린이공원,경기도 안성시 비룡6길 13-1,경기도 안성시 석정동 331,37.0137192074,127.2608592472,2469.0,,,,,,19891219,경기도 안성시청,031-678-6893,20250226
식사근린3(방아고개),근린공원,경기도 고양시 일산동구 위시티1로 25,경기도 고양시 일산동구 식사동 1569,37.6742353499,126.8110379701,15220.0,야외배드민턴장+체력단련시설,,화장실,,수경설,20050824,경기도 고양시 푸른도시사업소,031-8075-4337,20251215
햇살 어린이공원(롯테캐슬),어린이공원,,경기도 평택시 서정동 1125,37.0588674076,127.060268367,3700.0,마라톤운동기+온몸허리돌리기+자유형철봉+하늘걷기,고무칩포장+모래포장+삼각그물오르기+시소+조합놀이대+흔들놀이,,,PE관 설치+맹암거(간선)+맹암거(지선)+빗물받이+수목보호홀덮개+옹벽+원심력수로관+집수정,20051212,경기도 평택시청,031-8024-4248,20260313
4호 개랑뜰 근린공원(화양지구),근린공원,,경기도 평택시 현덕면 화양리 산161,36.9791099951,126.9036117707,177252.0,,,,,,20131004,경기도 평택시청,031-8024-4248,20260313
별내택지 근린공원5,근린공원,,경기도 남양주시 별내동 1074,37.6540648428,127.1155919147,144582.0,,,,,,,경기도 남양주시청,031-590-8347,20260319
별내택지 체육공원3,체육공원,경기도 남양주시 별내3로 244,경기도 남양주시 별내동910,37.6597222669,127.1213561955,12367.0,,,,,,,경기도 남양주시청,031-590-8347,20260319
청학1호공원,어린이공원,경기도 남양주시 별내면 청학로중앙길 60,경기도 남양주시 별내면 청학리 420-2,37.7097464795,127.1130920772,1501.0,,,,,,,경기도 남양주시청,031-590-8676,20260319
창현제1호어린이공원,어린이공원,,경기도 남양주시 화도읍 창현리 722,37.651276072,127.3028249271,3174.0,,,,,,,경기도 남양주시청,031-590-4993,20260319
청학2호공원,어린이공원,,경기도 남양주시 별내면 청학리 419-3,37.7095243834,127.1157922634,1503.0,,,,,,,경기도 남양주시청,031-590-8676,20260319
도제원지구 수변공원,수변공원,경기도 남양주시 퇴계원읍 경춘북로558번길 12,경기도 남양주시 퇴계원읍 퇴계원리 370,37.6461581706,127.1448783358,12618.0,,,,,,,경기도 남양주시청,031-590-5354,20260319
광암저수지,수변공원,,경기도 남양주시 화도읍 차산리 83-2,37.6372429472,127.3030414814,11061.0,,,,,,,경기도 남양주시청,031-590-4993,20260319
문화공원/367,문화공원,,경기도 남양주시 화도읍 월산리 1528-3,37.6533768245,127.3378431545,7721.0,,,,,,,경기도 남양주시청,031-590-4993,20260319
다산진건 근린공원 6호,근린공원,,경기도 남양주시 다산동 6083,37.6217106297,127.149462897,12033.0,,,,,,,경기도 남양주시청,031-590-2855,20260319
다산지금 근린공원 2호,근린공원,,경기도 남양주시 다산동 6211,37.6030576314,127.1727732538,76794.0,,,,,,,경기도 남양주시청,031-590-5354,20260319
다솜,어린이공원,,경기도 부천시 소사구 소사본동 403-1,37.4673439575,126.8001406198,1500.0,,그네 등 4개,,,,19901231,경기도 부천시청,032-625-4843,20250731
녹촌제1호근린공원,근린공원,,경기도 남양주시 화도읍 녹촌리 573,37.6518948023,127.2943358591,10495.0,,,,,,,경기도 남양주시청,031-590-4993,20260319
오야4호소공원,소공원,,"경기도 성남시 수정구 오야동 245-20, 245-21, 245-27, 245-45",37.4545695038,127.1059633814,638.0,,,,,,20050627,경기도 성남시 수정구 도시미관과,031-729-5452,20251111
고등 어린이공원,어린이공원,,경기도 성남시 수정구 고등동 605-2,37.426881251,127.0967154199,2190.7,,,,,,20230630,경기도 성남시 수정구 도시미관과,031-729-5452,20251111
옛골 제1호 어린이공원,어린이공원,,경기도 성남시 수정구 상적동 275-15,,,865.0,,,,,,20240304,경기도 성남시 수정구 도시미관과,031-729-5452,20251111
희망 어린이공원,어린이공원,,경기도 성남시 수정구 신흥동 1967,,,38017.4,,,,,,20251020,경기도 성남시 수정구 도시미관과,031-729-5203,20251111
소공원 1호(판교 제2테크노밸리),소공원,,경기도 성남시 수정구 금토동 314-1 일원,37.4086918129,127.0894755432,451.0,,,,,,20200904,경기도 성남시 수정구 도시미관과,031-729-5452,20251111
대원공원,근린공원,,경기도 성남시 중원구 하대원동 108-4,37.4313347895,127.1456332328,791668.6,테니스장+배드민턴장+체력단련장,어린이놀이터+물놀이장,주차장+화장실,문화회관+도서관+청소년수련관,,19721103,경기도 성남시 공원과,031-729-4272,20251111
황송공원,근린공원,경기도 성남시 중원구 황송로 22,경기도 성남시 중원구 금광동 2449,37.4458429647,127.1704502099,403343.4,다목적운동장+테니스장+농구장+족구장,어린이놀이터,분수대+화장실+주차장,교통교육장+해외참전기념비,,19721103,경기도 성남시 공원과,031-729-4272,20251111
은행공원,근린공원,경기도 성남시 중원구 금빛로112번길 35,경기도 성남시 중원구 은행동 199-1,37.4531941713,127.1690272746,200832.1,배드민턴장+게이트볼장+족구장+농구장,어린이놀이터+물놀이장,주차장+화장실+음수대,나눔목공소+온실,,19721103,경기도 성남시 공원과,031-729-4272,20251111
자혜공원,근린공원,,경기도 성남시 중원구 금광동 2483,37.4515081861,127.171122325,72501.0,다목적운동장+배드민턴장+체력단련장,모험놀이장,주차장+화장실+전망대,야외무대,,19740828,경기도 성남시 공원과,031-729-4272,20251111
여수지구1호(모란)공원,근린공원,,경기도 성남시 중원구 성남동 4861,37.431193005,127.1243581891,23848.0,체력단련장+다목적구장,어린이놀이터,화장실+음수대,,,20070104,경기도 성남시 공원과,031-729-4272,20251111
여수지구2호(모란생태)공원,근린공원,,경기도 성남시 중원구 성남동 4872,37.428575538,127.1244088616,11729.3,체력단련장+다목적구장,어린이놀이터,자전거보관대+음수대,,,20070104,경기도 성남시 공원과,031-729-4272,20251111
여수지구3호(시청)공원,근린공원,,경기도 성남시 중원구 여수동 372,37.4182043395,127.1239324777,50933.7,풋살장+배드민턴장+다목적구장,어린이놀이터,,,,20070104,경기도 성남시 공원과,031-729-4272,20251111
도촌 제1호(섬말)공원,근린공원,,경기도 성남시 중원구 도촌동 654,37.4180110686,127.1534510339,62458.1,족구장+배드민턴장+게이트볼장,,전망데크+휴게쉼터+주차장,야외무대,,20030620,경기도 성남시 공원과,031-729-4272,20251111
도촌 제2호(독고개)공원,근린공원,,경기도 성남시 중원구 도촌동 659,37.4179117289,127.1564749263,24806.9,체력단련장,,벤치,,,20090630,경기도 성남시 공원과,031-729-4272,20251111
삼평공원,근린공원,,경기도 성남시 수정구 시흥동 산22,37.4158052486,127.1059854294,173656.0,골프연습장,,,,,19721103,경기도 성남시 공원과,031-729-4272,20251111
수촌 근린공원(수촌지구),근린공원,,경기도 평택시 칠원동 313-1,37.0194640697,127.1093671827,12249.0,,,,,,20091216,경기도 평택시청,031-8024-4248,20260313
은계어린이공원,어린이공원,경기도 오산시 현충로72번길 20-5,경기도 오산시 은계동 39-6,37.1608819922,127.0732442122,1534.0,게이트볼장,조합놀이대 등,,,,19880622,오산시 환경사업소 도시공원녹지과,031-8036-6475,20251222
누읍어린이공원,어린이공원,,경기도 오산시 누읍동 623,37.1415675036,127.0536604626,3851.0,배드민턴장,조합놀이대 등,,,,19880622,오산시 환경사업소 도시공원녹지과,031-8036-6475,20251222
소공원,소공원,,경기도 남양주시 진접읍 팔야리 835-4,37.7509214156,127.2333208694,1481.0,,,,,,,경기도 남양주시청,031-590-8369,20260319
양산 제2어린이공원,어린이공원,,경기도 오산시 양산동 88,37.1924564175,127.0322875007,5490.0,,,,,,20140905,오산시 환경사업소 도시공원녹지과,031-8036-6475,20251222
돌내,어린이공원,,경기도 부천시 소사구 송내동 397-4,,,4307.0,,미끄럼틀 등 10개,화장실,,,20091123,경기도 부천시청,032-625-4843,20250731
매화어린이공원,어린이공원,,경기도 군포시 산본동 1057-19,37.3743475181,126.9366998043,1507.6,,,,,,19940915,경기도 군포시청,031-390-0478,20250912
광정어린이공원,어린이공원,경기도 군포시 산본로431번길 21,경기도 군포시 산본동 1112-4,37.3667974226,126.9244541619,3667.1,,,,,,19970802,경기도 군포시청,031-390-0478,20250912
주몽어린이공원,어린이공원,,경기도 군포시 산본동 1120-5,37.3645138765,126.9274148856,1502.6,,,,,,19940915,경기도 군포시청,031-390-0478,20250912
백두어린이공원,어린이공원,,경기도 군포시 산본동 1119-1,37.3640584983,126.9242591849,1501.4,,,,,,19940915,경기도 군포시청,031-390-0478,20250912
우륵어린이공원,어린이공원,,경기도 군포시 산본동 1146-6,37.3604186384,126.9267741698,1500.0,,,,,,19891230,경기도 군포시청,031-390-0478,20250912
한솔어린이공원,어린이공원,,경기도 군포시 금정동 870-1,37.3586031352,126.9435694083,1500.1,,,,,,19940915,경기도 군포시청,031-390-0478,20250912
무궁화어린이공원,어린이공원,,경기도 군포시 금정동 849-3,37.358123056,126.9371629076,1500.0,,,,,,19911107,경기도 군포시청,031-390-0478,20250912
충무어린이공원,어린이공원,,경기도 군포시 금정동 872-1,37.3569405879,126.9343860281,1622.2,,,,,,19940915,경기도 군포시청,031-390-0478,20250912
세종어린이공원,어린이공원,,경기도 군포시 산본동 1145-17,37.3584082195,126.9276070673,1519.0,,,,,,19940915,경기도 군포시청,031-390-0478,20250912
수리어린이공원,어린이공원,,경기도 군포시 산본동 1151-8,37.3577088741,126.9177408013,1500.2,,,,,,19940915,경기도 군포시청,031-390-0478,20250912
체육공원5,체육공원,,경기도 군포시 도마교동 322,,,24866.0,,,,,,20130327,경기도 군포시청,031-390-0734,20250912
소공원 21호,소공원,,경기도 파주시 동패동 1875,37.7127601431,126.7360618739,701.4,,,,,,,경기도 파주시청,031-940-8406,20250618
소공원 23호,소공원,,경기도 파주시 동패동 1931,37.7094869117,126.737461761,303.5,,,,,,,경기도 파주시청,031-940-8406,20250618
소공원 24호,소공원,,경기도 파주시 동패동 1869,37.7126331264,126.7356721279,336.7,,,,,,,경기도 파주시청,031-940-8406,20250618
소공원 25호,소공원,,경기도 파주시 동패동 1950,37.710280512,126.736175134,1098.3,,,,,,,경기도 파주시청,031-940-8406,20250618
소공원 27호,소공원,,경기도 파주시 동패동 1988,37.7096767073,126.7336260277,897.8,,,,,,,경기도 파주시청,031-940-8406,20250618
소공원 30호,소공원,,경기도 파주시 동패동 2034,37.7093669181,126.7311345408,1104.5,,,,,,,경기도 파주시청,031-940-8406,20250618
안골공원,소공원,,경기도 파주시 동패동 2090-7,37.71071453,126.7111520758,1583.2,,,,,,,경기도 파주시청,031-940-8406,20250618
진접5호청솔공원,근린공원,,경기도 남양주시 진접읍 금곡리 1105,37.7113574683,127.2008636772,49943.0,,,,,,,경기도 남양주시청,031-590-8369,20260319
세교2지구 제2호 수변공원,수변공원,,경기도 오산시 누읍동 545,37.139924328,127.0455155066,14277.0,,,,,,20131224,오산시 환경사업소 도시공원녹지과,031-8036-6475,20251222
마두,근린공원,경기도 고양시 일산동구 강송로 176-3,경기도 고양시 일산동구 마두동 780,37.6546897883,126.7844866766,43142.0,체력단련시설,,화장실,,조형물,19900331,경기도 고양시 푸른도시사업소,031-8075-4333,20251215
말머리,어린이공원,경기도 고양시 일산동구 강석로 132-4,경기도 고양시 일산동구 마두동 790,37.6527804447,126.7817615895,4000.0,,조합놀이대+그네+흔들놀이기구(시소)+회전놀이기구,화장실,,,19900331,경기도 고양시 푸른도시사업소,031-8075-4333,20251215
강촌,근린공원,경기도 고양시 일산동구 강석로 132-1,경기도 고양시 일산동구 마두동 791,37.6533350902,126.7810760582,38777.0,축구장+체력단련시설,,화장실,,수경시설+시계탑+조형물,19900331,경기도 고양시 푸른도시사업소,031-8075-4333,20251215
설촌,어린이공원,경기도 고양시 일산동구 일산로286번길 46,경기도 고양시 일산동구 마두동 874,37.6620335588,126.788622519,5316.0,체력단련시설,조합놀이대+그네+흔들놀이기구(흔들말+시소),,,,19900331,경기도 고양시 푸른도시사업소,031-8075-4333,20251215
능안,어린이공원,경기도 고양시 일산동구 일산로297번길 68-2,경기도 고양시 일산동구 마두동 958,37.6599034059,126.7836543536,4335.0,체력단련시설,조합놀이대+그네+흔들놀이기구(흔들말+시소),화장실,,,19900331,경기도 고양시 푸른도시사업소,031-8075-4333,20251215
삼송근린7(신원),근린공원,,경기도 고양시 덕양구 신원동 610,37.667766042,126.8901992243,16343.0,멀티코트+체력단련시설,,,,,20061211,경기도 고양시 푸른도시사업소,031-8075-4325,20251215
삼송근린8(한우물숲길),근린공원,,경기도 고양시 덕양구 신원동 664,37.6592275328,126.8885782453,151318.7,"실내배드민턴장, 체력단련시설",,,,,20061211,경기도 고양시 푸른도시사업소,031-8075-4325,20251215
삼송근린11(오금상촌),근린공원,경기도 고양시 덕양구 오금로 240,경기도 고양시 덕양구 오금동 679,37.6630713434,126.9188069309,12530.6,체력단련시설,,화장실,,,20061211,경기도 고양시 푸른도시사업소,031-8075-4325,20251215
삼송소공원1,소공원,,경기도 고양시 덕양구 삼송동 315-3,37.6514601707,126.8895735326,702.8,체력단련시설,,화장실,,,20071106,경기도 고양시 푸른도시사업소,031-8075-4325,20251215
옥정 제3소공원,소공원,,경기도 양주시 옥정동 560-1,,,1451.0,,,정자+벤치,,,,경기도 양주시청 공원사업과,031-8082-7317,20250912
삼송소공원2,소공원,,경기도 고양시 덕양구 삼송동 303-11,37.6534189269,126.888399463,1328.9,,,관리사무실,,,20071106,경기도 고양시 푸른도시사업소,031-8075-4325,20251215
화전1(마루치),어린이공원,경기도 고양시 덕양구 중앙로62번길 35-26,경기도 고양시 덕양구 덕은동 9-19,37.5976997691,126.8785572853,2328.0,체력단련시설,조합놀이대,화장실,,,20071217,경기도 고양시 푸른도시사업소,031-8075-4328,20251215
원흥지구수변공원(도래울바람물),수변공원,,경기도 고양시 덕양구 도내동 980,37.6319730106,126.8744539181,77416.0,멀티코트+농구장+야외배드민턴장+체력단련시설,조합놀이대,,,,20090928,경기도 고양시 푸른도시사업소,031-8075-4328,20251215
원흥근린1(도래울석탄),근린공원,경기도 고양시 덕양구 도래울1로 29,경기도 고양시 덕양구 도내동 996,37.6297308319,126.8662437414,125060.7,체력단련시설,,화장실,,,20090928,경기도 고양시 푸른도시사업소,031-8075-4328,20251215
원흥근린2(도래울의장대),근린공원,,경기도 고양시 덕양구 도내동 1078,37.6294356955,126.8704230818,13067.6,,,화장실,,,20090928,경기도 고양시 푸른도시사업소,031-8075-4328,20251215
원흥근린3(도래울의장대),근린공원,경기도 고양시 덕양구 의장로 45-1,경기도 고양시 덕양구 도내동 1101,37.6278409197,126.8735353575,29305.1,,,주차장+화장실,,,20090928,경기도 고양시 푸른도시사업소,031-8075-4328,20251215
삼송근린1(송현),근린공원,,경기도 고양시 덕양구 삼송동 334,37.6487425477,126.8775321271,28511.1,체력단련시설,,,,,20061211,경기도 고양시 푸른도시사업소,031-8075-4325,20251215
원흥지구 소공원,소공원,,경기도 고양시 덕양구 원흥동 718,37.637342876,126.8717050429,2681.0,,,,,벽천,20090928,경기도 고양시 푸른도시사업소,031-8075-4328,20251215
근린공원 1호(황해자유구역 현덕지구),근린공원,경기도 평택시 현덕면 서해로 403-12,경기도 평택시 현덕면 장수리 264-18,36.9366674304,126.914128524,58462.0,,,,,,20160617,경기도 평택시청,031-8024-4248,20260313
마장근린공원,근린공원,경기도 이천시 마장면 마장로 11,경기도 이천시 마장면 오천리 411,37.2539281359,127.3541374186,15317.0,운동기구,조합놀이대,주차장+화장실,도서관,,20120921,경기도 이천시청,031-645-3831,20250221
행단공원,소공원,,경기도 동두천시 지행동 214,37.8879936028,127.0684827263,3948.0,,,,,,,경기도 동두천시청 공원녹지과,031-860-2411,20251104
평내2호공원,근린공원,경기도 남양주시 평내로20번길 11,경기도 남양주시 평내동 560,37.6421940334,127.2306916207,14447.0,,,,,,,경기도 남양주시청,031-590-4738,20260319
샛별공원,어린이공원,경기도 이천시 애련정로 103번길 19,경기도 이천시 창전동 466,37.2795167127,127.4490802912,1650.0,배드민턴장,조합놀이대,,,,19890807,경기도 이천시청,031-645-3831,20250221
양지근린공원,근린공원,,경기도 남양주시 오남읍 양지리 807-8,37.6980340527,127.196736889,11257.0,,,,,,,경기도 남양주시청,031-590-4738,20260319
남두레공원,역사공원,경기도 파주시 해솔로 88,경기도 파주시 목동동 666,37.7286688063,126.7466676759,38536.4,,,,,,,경기도 파주시청,031-940-8406,20250618
미소,소공원,,경기도 부천시 소사구 옥길동 775-1,37.4668224274,126.8131489743,4368.4,,,,,,20111229,경기도 부천시청,032-625-4843,20250731
반달,어린이공원,경기도 부천시 원미구 신상로 24,경기도 부천시 원미구 상동 398-1,37.4903499931,126.7483663995,4555.1,,그네 등 6개,화장실,,,19901127,경기도 부천시청,032-625-4843,20250731
버들,근린공원,경기도 부천시 소사구 옥길로56번길 140,경기도 부천시 소사구 옥길동 752-1,37.4610621569,126.8255499118,93233.7,축구장 등4,조합놀이대,화장실,,,20100427,경기도 부천시청,032-625-4843,20250731
보람,어린이공원,경기도 부천시 원미구 부흥로 151,경기도 부천시 원미구 중동 1172-2,37.4972534956,126.7596552833,4622.9,,그네 등 9개,화장실,,,19901127,경기도 부천시청,032-625-4843,20250731
개맥이공원,어린이공원,경기도 구리시 검배로120번길 21-28,경기도 구리시 토평동 1004,37.5925907474,127.1515355158,3128.0,야외헬스기구,조합놀이대,,,,19961231,경기도 구리시청,031-550-2418,20231124
삼환공원,어린이공원,경기도 구리시 건원대로34번길 67,경기도 구리시 인창동 667-2,37.6050542765,127.1439975479,1530.0,야외헬스기구,조합놀이대,,,,19931102,경기도 구리시청,031-550-2474,20231124
별내택지 소공원1,소공원,,경기도 남양주시 별내동 886,37.6748785431,127.133651265,2027.0,,,,,,,경기도 남양주시청,031-590-8676,20260319
별내택지어린이공원6,어린이공원,,경기도 남양주시 별내동 1092,37.6510859389,127.1144852316,1989.0,,,,,,,경기도 남양주시청,031-590-8347,20260319
별내택지어린이공원7,어린이공원,,경기도 남양주시 별내동 1038-3,37.6460314112,127.1154654051,4290.0,,,,,,,경기도 남양주시청,031-590-8347,20260319
부산제2어린이공원,어린이공원,경기도 오산시 부산중앙로 49,경기도 오산시 부산동 792,37.1526532503,127.0914777009,7261.0,,조합놀이대 등,,,,20140826,오산시 환경사업소 도시공원녹지과,031-8036-6475,20251222
부산동소공원,소공원,,경기도 오산시 부산동 797,37.1510207244,127.0902124658,1500.0,,,,,,20140826,오산시 환경사업소 도시공원녹지과,031-8036-6475,20251222
세교2지구 제1호 근린공원,근린공원,경기도 오산시 학서로 11,경기도 오산시 청학동 273,37.151525981,127.0514499253,475790.0,,,,,,20131224,오산시 환경사업소 도시공원녹지과,031-8036-6475,20251222
세교2지구 제2호 근린공원,근린공원,,경기도 오산시 벌음동 산33-7,,,38523.0,,,,,,20131224,오산시 환경사업소 도시공원녹지과,031-8036-6475,20251222
세교2지구 제1호 수변공원,수변공원,,경기도 오산시 궐동 802,37.16073381,127.0497561738,12762.0,,,,,,20131224,오산시 환경사업소 도시공원녹지과,031-8036-6475,20251222
세교2지구 제1호 어린이공원,어린이공원,,경기도 오산시 궐동 787,37.1628788774,127.0504199835,1949.0,,,,,,20131224,오산시 환경사업소 도시공원녹지과,031-8036-6475,20251222
금바위공원,근린공원,,경기도 오산시 금암동 541,37.1702659896,127.0476370087,20855.0,,,,,,20050103,오산시 환경사업소 도시공원녹지과,031-8036-6475,20251222
도원근린공원,근린공원,경기도 오산시 오산대역로 222,경기도 오산시 수청동 624,37.1709546608,127.0668683803,14644.0,,조합놀이대 등,화장실,,,20050103,오산시 환경사업소 도시공원녹지과,031-8036-6475,20251222
아래뜰근린공원,근린공원,,경기도 오산시 수청동 623-1,37.168254375,127.0646347218,12199.0,,,,,,20050103,오산시 환경사업소 도시공원녹지과,031-8036-6475,20251222
은빛개울공원1,수변공원,,경기도 오산시 세교동 622-2,37.1866553525,127.0404439794,28158.0,,,화장실,,,20050103,오산시 환경사업소 도시공원녹지과,031-8036-6475,20251222
안삼미근린공원,근린공원,,경기도 오산시 내삼미동 895-1,37.1741185702,127.0622513069,15510.0,농구장,,,,,20050103,오산시 환경사업소 도시공원녹지과,031-8036-6475,20251222
죽미체육공원1,체육공원,경기도 오산시 수목원로 541,경기도 오산시 세교동 627,37.1794069937,127.0421263532,41642.0,"배트민턴장, 테니스장, 배구장, 농구장",,이동식 화장실,,,20050103,오산시 환경사업소 도시공원녹지과,031-8036-6475,20251222
죽미체육공원2,체육공원,,경기도 오산시 세교동 619,37.1806736238,127.0452700619,17831.0,"농구장, 배구장, 배드민턴장, 축구장, 다목적운동장",,화장실,,,20050103,오산시 환경사업소 도시공원녹지과,031-8036-6475,20251222
들판어린이공원,어린이공원,,경기도 오산시 세교동 610-1,37.1833117436,127.0435543458,2522.0,,조합놀이대 등,,,,20050103,오산시 환경사업소 도시공원녹지과,031-8036-6475,20251222
소리어린이공원,어린이공원,,경기도 오산시 금암동 512-1,37.1775296642,127.0441459449,2632.0,,조합놀이대 등,,,,20050103,오산시 환경사업소 도시공원녹지과,031-8036-6475,20251222
구름어린이공원,어린이공원,,경기도 오산시 금암동 496-2,37.1783094573,127.0484581508,1469.0,,조합놀이대 등,,,,20060109,오산시 환경사업소 도시공원녹지과,031-8036-6475,20251222
바위어린이공원,어린이공원,,경기도 오산시 금암동 515-1,37.1727862357,127.0449484455,1805.0,,조합놀이대 등,,,,20050103,오산시 환경사업소 도시공원녹지과,031-8036-6475,20251222
남면일반산업단지 소공원,소공원,,경기도 양주시 남면 구암리 367,37.8841874534,126.9737033088,4173.0,,,정자+벤치,,,,경기도 양주시청 공원사업과,031-8082-7311,20250912
중앙,근린공원,경기도 부천시 원미구 소향로 162,경기도 부천시 원미구 중동 1177,37.5006048572,126.7637176203,123019.2,족구장+배드민턴장+게이트볼장+농구장,조합놀이대 등 6개,화장실,,,19901127,경기도 부천시청,032-625-4843,20250731
중흥,어린이공원,경기도 부천시 원미구 계남로 212,경기도 부천시 원미구 중동 1052-1,37.5069132479,126.7722771528,3601.7,농구장,그네 등 11개,화장실,,,19901127,경기도 부천시청,032-625-4843,20250731
세교2지구 제1호 역사공원,역사공원,,경기도 오산시 가수동 425,37.1452308954,127.0514792921,1897.0,,,,,,20190605,오산시 환경사업소 도시공원녹지과,031-8036-6475,20251222
진달래,근린공원,,경기도 부천시 원미구 상동526-2,37.5099131695,126.7558212835,10767.2,배드민턴장,,화장실,,,19981217,경기도 부천시청,032-625-4843,20250731
뒷골취락,소공원,,경기도 부천시 오정구 고강동 225-7,37.5345300279,126.8186863737,500.0,,,,,,20060828,경기도 부천시청,032-625-4843,20250731
청실,어린이공원,경기도 부천시 원미구 심중로119번길 18,경기도 부천시 원미구 중동 1192,37.494006457,126.7694385744,1505.7,,그네 등 9개,화장실,,,19900711,경기도 부천시청,032-625-4843,20250731
태양,어린이공원,경기도 부천시 원미구 석천로25번길 9,경기도 부천시 원미구 상동 431,37.4897256496,126.7594015503,3246.6,,그네 등 4개,화장실,,,19901127,경기도 부천시청,032-625-4843,20250731
펄벅,근린공원,,경기도 부천시 소사구 심곡본동 산52,37.4740220262,126.7787821775,79299.0,게이트볼장,,화장실,,,19680129,경기도 부천시청,032-625-4843,20250731
문화소공원,소공원,,경기도 하남시 신장동 575,37.5443315384,127.2089590585,4993.0,,,,,,,경기도 하남시청,031-5182-1579,20251218
푸른,어린이공원,경기도 부천시 원미구 부흥로 261,경기도 부천시 원미구 중동 1185-1,37.4962159563,126.7710913265,6528.9,농구장,그네 등 5개,화장실,,,19900711,경기도 부천시청,032-625-4843,20250731
푸른솔,어린이공원,,경기도 부천시 원미구 상동 520-13,37.5136396637,126.7519756893,2212.1,,그네 등 7개,,,,19981217,경기도 부천시청,032-625-4843,20250731
한림,어린이공원,경기도 부천시 소사구 경인로526번길 46,경기도 부천시 소사구 괴안동 124-2,37.483136248,126.8145724013,2645.1,,그네 등 4개,화장실,,,19710510,경기도 부천시청,032-625-4843,20250731
한마음,어린이공원,경기도 부천시 원미구 부흥로 314,경기도 부천시 원미구 중동 1217,37.4941283009,126.7775257276,6181.4,,조합놀이대 등 10개,화장실,,,19900711,경기도 부천시청,032-625-4843,20250731
운정지구 수변공원5,수변공원,,경기도 파주시 야당동 1039,37.7099710056,126.7603891364,2754.6,,,,,,,경기도 파주시청,031-940-8406,20250618
운정지구 수변공원6,수변공원,경기도 파주시 가람로116번길 107-24,경기도 파주시 와동동 1485,37.7335281775,126.7674535034,1599.6,,,,,,,경기도 파주시청,031-940-8406,20250618
선유산업단지4호 어린이공원,어린이공원,,경기도 파주시 문산읍 선유리 1367,37.8608462372,126.8061698435,1764.5,,,,,,,경기도 파주시청,031-940-8406,20250618
당동어린이공원,어린이공원,,경기도 파주시 문산읍 당동리 944,37.8666597283,126.7724442051,8527.6,,조합놀이대,,,,,경기도 파주시청,031-940-8406,20250618
노을빛어린이공원,어린이공원,,경기도 파주시 문발동 543-3,37.7281570632,126.708553212,1661.3,,흔들놀이,,,바닥분수,,경기도 파주시청,031-940-8406,20250618
두일어린이공원,어린이공원,,경기도 파주시 문발동 614,37.7189031722,126.7099303038,1530.4,,조합놀이대+그네+흔들놀이,,,,,경기도 파주시청,031-940-8406,20250618
책향기어린이공원,어린이공원,,경기도 파주시 동패동 1709,37.721316512,126.7203890554,1654.2,,조합놀이대+그네+흔들놀이,,,,,경기도 파주시청,031-940-8406,20250618
청포도,어린이공원,,경기도 부천시 오정구 작동 404,37.5096377138,126.8083424915,1508.0,,흔들놀이기구 등 8개,,,,20031128,경기도 부천시청,032-625-4843,20250731
향동어린이1,어린이공원,경기도 고양시 덕양구 꽃내음2길 50-21,경기도 고양시 덕양구 향동동 461-3,37.6020400982,126.8916058924,1587.4,체력단련시설,조합놀이대,화장실,,,20091230,경기도 고양시 푸른도시사업소,031-8075-4328,20251215
향동지구 소공원1,소공원,,경기도 고양시 덕양구 향동동 546,37.5953184855,126.8958666615,2473.0,체력단련시설,,,,,20091230,경기도 고양시 푸른도시사업소,031-8075-4328,20251215
향동지구 소공원2,소공원,,경기도 고양시 덕양구 향동동 412,37.6052960876,126.8975677096,7294.0,체력단련시설,,,,,20091230,경기도 고양시 푸른도시사업소,031-8075-4328,20251215
향동근린1,근린공원,경기도 고양시 덕양구 향기로 64,경기도 고양시 덕양구 향동동 566,37.595645298,126.892518874,12228.4,체력단련시설,,화장실,,,20091230,경기도 고양시 푸른도시사업소,031-8075-4328,20251215
향동어린이2,어린이공원,경기도 고양시 덕양구 꽃내음1길 161-1,경기도 고양시 덕양구 향동동 493,37.5990666345,126.8900441431,1863.9,체력단련시설,조합놀이대,화장실,,,20091230,경기도 고양시 푸른도시사업소,031-8075-4328,20251215
지축 소공원1,소공원,,경기도 고양시 덕양구 지축동 888-1,37.6529606526,126.9139841695,793.1,,,,,,20100507,경기도 고양시 푸른도시사업소,031-8075-4328,20251215
지축 소공원2,소공원,,경기도 고양시 덕양구 지축동 892-4,37.6525933365,126.9141308596,893.6,,,,,,20100507,경기도 고양시 푸른도시사업소,031-8075-4328,20251215
용뫼근린공원,근린공원,,경기도 용인시 기흥구 상갈동 495,37.2639800859,127.1079903524,11999.0,,,,,,19961230,,,20250801
지축 소공원3,소공원,,경기도 고양시 덕양구 지축동 1142-4,37.6513449368,126.9270556256,1037.0,,,,,,20100507,경기도 고양시 푸른도시사업소,031-8075-4328,20251215
송정지구 1호 소공원,소공원,,경기도 광주시 송정동 317-1,,,1561.6,운동기구,,,,,,광주도시관리공사,031-762-1039,20250820
지축어린이1,어린이공원,경기도 고양시 덕양구 안진로 1-2,경기도 고양시 덕양구 지축동 0,37.6465337942,126.9137214775,2671.0,체력단련시설,조합놀이대,화장실,,,20100507,경기도 고양시 푸른도시사업소,031-8075-4328,20251215
회화나무,어린이공원,경기도 고양시 덕양구 충장로 118-30,경기도 고양시 덕양구 행신동 983,37.620307319,126.8359099832,1500.0,체력단련시설,조합놀이대,,,바닥분수,19921228,경기도 고양시 푸른도시사업소,031-8075-4321,20251215
은행나무,어린이공원,경기도 고양시 덕양구 화신로 233,경기도 고양시 덕양구 화정동 1127,37.6287777606,126.8339420458,1500.0,체력단련시설,조합놀이대,,,,19921228,경기도 고양시 푸른도시사업소,031-8075-4323,20251215
백양,근린공원,경기도 고양시 덕양구 성신로 55,경기도 고양시 덕양구 화정동 1131,37.6278001535,126.8348007177,10663.0,농구장+체력단련시설,조합놀이대,화장실,,야외무대+조형물+시계탑,19921228,경기도 고양시 푸른도시사업소,031-8075-4323,20251215
벽제,어린이공원,,경기도 고양시 덕양구 고양동 1131,37.7148512726,126.9030551644,2038.9,배드민턴장,조합놀이대,,,,20010409,경기도 고양시 푸른도시사업소,031-8075-4316,20251215
벽제2,어린이공원,,경기도 고양시 덕양구 고양동 729,37.7112723503,126.9035561269,2458.4,체력단련시설,조합놀이대,,,,20010409,경기도 고양시 푸른도시사업소,031-8075-4316,20251215
밤나무공원,어린이공원,,경기도 고양시 덕양구 행신동 1068-1,37.6204522729,126.8517814886,6726.0,체력단련시설,조합놀이대,화장실,,,20031031,경기도 고양시 푸른도시사업소,031-8075-4321,20251215
서정나루공원,어린이공원,,경기도 고양시 덕양구 행신동 1088-1,37.6148090685,126.846586948,1512.0,체력단련시설,조합놀이대,,,,20031031,경기도 고양시 푸른도시사업소,031-8075-4321,20251215
별내택지 근린공원2,근린공원,,경기도 남양주시 별내동 956-5,37.6595726436,127.1278251323,29162.0,,,,,,,경기도 남양주시청,031-590-8347,20260319
평내택지소공원,소공원,경기도 남양주시 경춘로1286번길 35,경기도 남양주시 평내동 592,37.6469115398,127.2402872643,1116.0,,,,,,,경기도 남양주시청,031-590-4738,20260319
왕산내뜰어린이공원,어린이공원,경기도 구리시 경춘로276번길 21,경기도 구리시 수택동 889,37.602222432,127.1464580838,1903.0,야외헬스기구,조합놀이대,,,,20070730,경기도 구리시청,031-550-2418,20231124
뚝넘어 근린공원(청북지구 택지개발),근린공원,,경기도 평택시 청북면 옥길리 1155,37.0224569367,126.9266736587,40508.4,다리뻗치기+등허리굽히기+등허리지압기+마라톤운동기+양팔줄당기기+어깨근육풀기+온몸노젓기+온몸역기내리기+온몸허리돌리기+윗몸일으키기+하늘걷기,,,,트랜치,20051007,경기도 평택시청,031-8024-4248,20260313
먹적골,어린이공원,경기도 부천시 원미구 신흥로73번길 75,경기도 부천시 원미구 심곡동 324,37.4908749499,126.7732019938,3285.2,배드민턴장,흔들놀이기구 등 5개,화장실,,,19801007,경기도 부천시청,032-625-4843,20250731
향동수변1,수변공원,,경기도 고양시 덕양구 향동동 481,37.6003013735,126.8924161565,1796.3,,,,,,20091230,경기도 고양시 푸른도시사업소,031-8075-4328,20251215
퇴계원 2지구 어린이공원,어린이공원,,경기도 남양주시 퇴계원읍 퇴계원리 366-1,37.6578385833,127.1465988977,2354.0,,,,,,,경기도 남양주시청,031-590-5354,20260319
소공원,소공원,,경기도 남양주시 진건읍 진관리 985-3,37.6371824005,127.1564666198,1289.0,,,,,,,경기도 남양주시청,031-590-5354,20260319
별내택지 근린공원6,근린공원,,경기도 남양주시 별내동 1016-3,37.6472338426,127.1246216693,76348.0,,,,,,,경기도 남양주시청,031-590-8347,20260319
양지어린이공원,어린이공원,,경기도 남양주시 오남읍 양지리 807-5,37.6988030533,127.1988989539,1507.0,,,,,,,경기도 남양주시청,031-590-8601,20260319
청학공원,근린공원,경기도 남양주시 별내면 청학로68번길 40,경기도 남양주시 별내면 청학리 410,37.7108068134,127.1204156895,10071.0,,,,,,,경기도 남양주시청,031-590-8676,20260319
덕소3호공원,어린이공원,경기도 남양주시 와부읍 덕소로 33,경기도 남양주시 와부읍 덕소리 606-1,37.5888096867,127.2089212616,1500.0,,,,,,,경기도 남양주시청,031-590-8601,20260319
은하수공원,근린공원,"경기도 안산시 상록구 석호공원로5길 18, (사동)",경기도 안산시 상록구 사동 1253-6번지,37.3022118375,126.854243554,13004.4,,,,,,19980703,경기도 안산시청,031-481-2649,20260406
점섬공원,근린공원,"경기도 안산시 상록구 성호로 170, (일동)",경기도 안산시 상록구 일동 산103번지,37.319710401,126.8596508827,204522.0,,,,,,19970722,경기도 안산시청,031-481-2649,20260406
산내공원 10호,근린공원,경기도 파주시 남북로 162,경기도 파주시 목동동 1144,37.7206741476,126.7326900744,42838.4,,,화장실,,벽천,,경기도 파주시청,031-940-8406,20250618
옥정 제4소공원,소공원,,경기도 양주시 옥정동 901-4,37.8178173223,127.0808147366,1989.0,,,정자+벤치,,,,경기도 양주시청 공원사업과,031-8082-7317,20250912
옥정체육공원,체육공원,,경기도 양주시 고암동 619,37.8279516382,127.0730905071,52816.0,축구장+농구장등,,화장실+음수대+정자+벤치+파고라+스탠드+막구조,,,,경기도 양주시청 체육청소년과,031-8082-7317,20250912
옥정 제2호 광장,기타,,경기도 양주시 옥정동 989-15,37.8355907711,127.0921744417,450.0,,,정자+벤치,,,,경기도 양주시청 공원사업과,031-8082-7317,20250912
제5호 공공공지,기타,,경기도 양주시 고암동 602-8,37.8295647877,127.0745914042,923.0,,,,,,,경기도 양주시청 공원사업과,031-8082-7317,20250912
옥정 제3호 광장,기타,,경기도 양주시 옥정동 1009-20,37.8318867116,127.0926284308,287.0,,,정자+벤치,,,,경기도 양주시청 공원사업과,031-8082-7317,20250912
옥정 제4호 광장,기타,,경기도 양주시 옥정동 946-4,37.8305119492,127.0918616273,457.0,,,정자+벤치,,,,경기도 양주시청 공원사업과,031-8082-7317,20250912
옥정 제9호 광장,기타,,경기도 양주시 옥정동 962-3,37.8261445813,127.0934048507,1427.0,,,정자+벤치,,,,경기도 양주시청 공원사업과,031-8082-7317,20250912
옥정 제10호 광장,기타,,경기도 양주시 옥정동 958-3,37.821503731,127.0913773406,899.0,,,정자+벤치,,,,경기도 양주시청 공원사업과,031-8082-7317,20250912
옥정 제11호 광장,기타,,경기도 양주시 옥정동 963-19,37.8203580097,127.0919040964,1560.0,,,정자+벤치,,,,경기도 양주시청 공원사업과,031-8082-7317,20250912
송정지구 2호 소공원,소공원,,경기도 광주시 송정동 218-5,,,3709.5,,흔들놀이대+시소,,,,,광주도시관리공사,031-762-1039,20250820
옥정 제15호 광장,기타,,경기도 양주시 옥정동 1049-5,37.8144681636,127.089536628,544.0,,,정자+벤치,,,,경기도 양주시청 공원사업과,031-8082-7317,20250912
옥정 제16호 광장,기타,,경기도 양주시 옥정동 1095-5,37.8137662093,127.0896211588,542.0,,,정자+벤치,,,,경기도 양주시청 공원사업과,031-8082-7317,20250912
옥정 제17호 광장,기타,,경기도 양주시 옥정동 937-3,37.813633485,127.0886264257,440.0,,,정자+벤치,,,,경기도 양주시청 공원사업과,031-8082-7317,20250912
석우근린공원,근린공원,경기도 양주시 광적면 광적로 95,경기도 양주시 광적면 석우리 407,37.8271991205,126.9800532973,14447.0,,조합놀이대,화장실+음수대+정자+벤치+파고라,,,,경기도 양주시청 공원사업과,031-8082-7311,20250912
덕골근린공원,근린공원,,경기도 용인시 기흥구 영덕동 1210 일원,37.2772088823,127.0752921563,21480.0,,,,,,20041227,,,20250801
덕계천어린이공원,어린이공원,,경기도 양주시 덕계동 592-3,37.8237182225,127.0432378157,938.0,,조합놀이대,파고라+벤치,,,,경기도 양주시청 공원사업과,031-8082-7311,20250912
제6호 공공공지,기타,,경기도 양주시 옥정동 1108-2,37.8113282671,127.101822222,132.0,,,,,,,경기도 양주시청 공원사업과,031-8082-7317,20250912
삼숭소공원,소공원,,경기도 양주시 삼숭동 575-5,,,1525.0,,,파고라+벤치,,,,경기도 양주시청 공원사업과,031-8082-7311,20250912
회천 제6호 어린이공원,어린이공원,,경기도 양주시 덕계동 995,37.811118001,127.057143932,1690.0,,조합놀이대+흔들놀이,음수대+파고라+의자,,,,경기도 양주시청 공원사업과,031-8082-7317,20250912
회천 제7호 어린이공원,어린이공원,,경기도 양주시 덕계동 881-8,37.8176415792,127.0509023119,1544.0,체력단련장,조합놀이대+흔들놀이,음수대,,,,경기도 양주시청 공원사업과,031-8082-7317,20250912
내리 문화공원,문화공원,경기도 평택시 팽성읍 내리길 64-23,경기도 평택시 팽성읍 내리 260,36.9752514145,127.0325552811,98851.4,,,,,,20130415,경기도 평택시청,031-8024-4248,20260313
석곶어린이공원,어린이공원,,경기도 파주시 동패동 1705,37.7229436434,126.720062094,1572.3,,조합놀이대+흔들놀이,,,,,경기도 파주시청,031-940-8406,20250618
숲속길어린이공원,어린이공원,,경기도 파주시 문발동 587-1,37.7219674544,126.7050601361,1500.2,,조합놀이대+흔들놀이,,,,,경기도 파주시청,031-940-8406,20250618
금화어린이공원,어린이공원,,경기도 파주시 금촌동 973,37.7555353512,126.7678632199,3802.0,,그네+흔들놀이+미끄럼틀+오르는디구,,,,,경기도 파주시청,031-940-8406,20250618
새꽃어린이공원,어린이공원,경기도 파주시 새꽃로 35,경기도 파주시 금촌동 984,37.75291616,126.767013776,1500.0,배드민턴장,조합놀이대+흔들놀이,,,,,경기도 파주시청,031-940-8406,20250618
서원어린이공원,어린이공원,,경기도 파주시 금촌동 999,37.7494417958,126.7711235499,1500.0,,조합놀이대,,,,,경기도 파주시청,031-940-8406,20250618
원미숲,소공원,,경기도 부천시 원미구 원미동 39-5,37.5004247424,126.790490821,1798.4,,,,,,20150511,경기도 부천시청,032-625-4863,20250731
범박양지,체육공원,경기도 부천시 소사구 양지로 109,경기도 부천시 소사구 범박동 8-7,37.4733010059,126.8158723199,8970.0,족구장 등2,,화장실,,,20171204,경기도 부천시청,032-625-4853,20250731
유일한,어린이공원,,경기도 부천시 소사구 소사본동 53,37.4822892094,126.8019464984,1274.5,,,,,,20180907,경기도 부천시청,032-625-4854,20250731
여우,어린이공원,,경기도 부천시 소사구 소사본동 212-6,37.4715412313,126.7927488634,501.8,,,,,,20180907,경기도 부천시청,032-625-4854,20250731
293호,어린이공원,,경기도 부천시 원미구 역곡동 45-11,37.4847040665,126.8064138629,572.6,,,,,,20180907,경기도 부천시청,032-625-4843,20250731
송내연못,어린이공원,경기도 부천시 소사구 경인로160번길 52,경기도 부천시 소사구 송내동 594-5,37.4816162734,126.7729071313,830.0,,조합놀이대 등 2개,,,,20180907,경기도 부천시청,032-625-4843,20250731
306호,근린공원,경기도 부천시 원미구 부일로 365,경기도 부천시 원미구 중동 788,37.4886329267,126.770655999,11738.0,,,,,,20181105,경기도 부천시청,032-625-4843,20250731
송내철길,어린이공원,,경기도 부천시 소사구 송내동 569-1,37.485056366,126.7736312545,1257.1,,조합놀이대 등 5개,,,,20180907,경기도 부천시청,032-625-4843,20250731
고리울모퉁이,어린이공원,,경기도 부천시 오정구 고강동 302-1,37.5224871954,126.8122933178,628.4,배드민턴장,,,,,20180907,경기도 부천시청,032-625-4843,20250731
300호,어린이공원,,경기도 부천시 오정구 내동 359,37.5222116055,126.7894442161,604.7,,조합놀이대 등 2개,,,,20180907,경기도 부천시청,032-625-4843,20250731
계남,근린공원,경기도 부천시 원미구 송내대로 262,경기도 부천시 원미구 중동 1030-2,37.5065795866,126.7592011331,15143.6,농구장+배드민턴장,회전놀이기구 등 3개,화장실,,,19901127,경기도 부천시청,032-625-4843,20250731
고강선사유적,근린공원,경기도 부천시 오정구 고리울로8번길 77,경기도 부천시 오정구 고강동 산90,37.5243326452,126.8169456824,79965.0,족구장,그네+조합놀이대,화장실,야외공연장,,19861107,경기도 부천시청,032-625-4843,20250731
고라개,어린이공원,경기도 부천시 오정구 오정로95번길 35,경기도 부천시 오정구 삼정동48-227,37.5270853296,126.7722736244,1883.4,,,화장실,,,20041227,경기도 부천시청,032-625-4843,20250731
서정어린이공원,어린이공원,,경기도 고양시 덕양구 행신동 1096-1,37.6149677522,126.8488564525,1508.0,다목적구장,조합놀이대,,,,20031031,경기도 고양시 푸른도시사업소,031-8075-4321,20251215
서두마루공원,어린이공원,경기도 고양시 덕양구 서정로 38,경기도 고양시 덕양구 행신동 1101-1,37.6183327565,126.8536495476,1533.0,,조합놀이대,화장실,,,20031031,경기도 고양시 푸른도시사업소,031-8075-4321,20251215
작은봉화공원,어린이공원,경기도 고양시 덕양구 소원로 260,경기도 고양시 덕양구 행신동 1110,37.6141276994,126.8511252385,6698.0,"다목적구장, 체력단련시설",조합놀이대,화장실,,,20031031,경기도 고양시 푸른도시사업소,031-8075-4321,20251215
행신나루,근린공원,경기도 고양시 덕양구 권율대로 215-2,경기도 고양시 덕양구 행신동 1089,37.6159423984,126.8484013975,11139.9,체력단련시설,,화장실,,,20031112,경기도 고양시 푸른도시사업소,031-8075-4321,20251215
서두물,근린공원,경기도 고양시 덕양구 중앙로 400-2,경기도 고양시 덕양구 행신동 1092-1,37.6165881617,126.851092526,16811.5,체력단련시설,,화장실,,수경시설,20031112,경기도 고양시 푸른도시사업소,031-8075-4321,20251215
서정,근린공원,경기도 고양시 덕양구 중앙로 418-2,경기도 고양시 덕양구 행신동 1071,37.6173605513,126.8489555744,30202.7,다목적운동장+게이트볼장+인라인스케이트장+체력단련시설,,화장실,,수경시설+야외무대,20031112,경기도 고양시 푸른도시사업소,031-8075-4321,20251215
원당2,소공원,,경기도 고양시 덕양구 성사동 863,37.6606485975,126.8412202913,748.0,,,,,,20060116,경기도 고양시 푸른도시사업소,031-8075-4318,20251215
원당1,어린이공원,,경기도 고양시 덕양구 성사동 865,37.6586844663,126.841822002,4406.0,체력단련시설,조합놀이대,,,,20060116,경기도 고양시 푸른도시사업소,031-8075-4318,20251215
주택재개발(196호),어린이공원,,경기도 고양시 덕양구 토당동 251-107,37.6274803825,126.8193811857,1541.0,체력단련시설,조합놀이대,화장실,,,20060518,경기도 고양시 푸른도시사업소,031-8075-4319,20251215
삼송어린이3(동산),어린이공원,,경기도 고양시 덕양구 동산동 349,37.6433402093,126.8847263276,2026.0,체력단련시설,조합놀이대,,,,20061211,경기도 고양시 푸른도시사업소,031-8075-4325,20251215
삼송근린3(세솔),근린공원,경기도 고양시 덕양구 세솔로1길 13-16,경기도 고양시 덕양구 삼송동 315,37.6518987413,126.8892495033,88917.9,게이트볼장+체력단련시설,,화장실,,,20061211,경기도 고양시 푸른도시사업소,031-8075-4325,20251215
삼송어린이2(달걀부리),어린이공원,경기도 고양시 덕양구 삼원로3길 70,경기도 고양시 덕양구 삼송동 369,37.6419612749,126.876273168,2159.0,체력단련시설,조합놀이대,화장실,,,20061211,경기도 고양시 푸른도시사업소,031-8075-4325,20251215
삼송근린2(덕수),근린공원,경기도 고양시 덕양구 덕수천1로 14,경기도 고양시 덕양구 삼송동 339,37.6461771352,126.8792418093,213515.3,농구장+야외배드민턴장+인라인스케이트장+실내배드민턴장+체력단련시설,조합놀이대,화장실,,,20061211,경기도 고양시 푸른도시사업소,031-8075-4325,20251215
삼송근린5(송강이야기),근린공원,,경기도 고양시 덕양구 신원동 596,37.6668143282,126.8818883736,38825.4,체력단련시설,조합놀이대,,,,20061211,경기도 고양시 푸른도시사업소,031-8075-4325,20251215
삼송어린이1(한우물),어린이공원,,경기도 고양시 덕양구 신원동 646,37.6615553331,126.888209887,1690.0,체력단련시설,조합놀이대,,,,20061211,경기도 고양시 푸른도시사업소,031-8075-4325,20251215
행신 2(장고뫼),어린이공원,경기도 고양시 덕양구 소원로 45,경기도 고양시 덕양구 행신동 701,37.613943363,126.8310264723,1500.0,농구대+체력단련시설,조합놀이대,화장실,,,19901208,경기도 고양시 푸른도시사업소,031-8075-4321,20251215
천주교묘지공원,묘지공원,경기도 파주시 광탄면 혜음로 1210-28,경기도 파주시 광탄면 신산리 산 7-1,37.7882043822,126.8470507009,235999.0,,,,,,,경기도 파주시청,031-940-8406,20250618
통일동산 갈대광장,문화공원,경기도 파주시 탄현면 헤이리마을길 70-21,경기도 파주시 탄현면 법흥리 1652-239,37.7880049977,126.699308966,9527.1,,,,,,,경기도 파주시청,031-940-8406,20250618
율곡문화공원,문화공원,경기도 파주시 파평면 장승배기로 394,경기도 파주시 파평면 율곡리 산 5-1,37.8963834397,126.8271476631,97140.0,,,,,,,경기도 파주시청,031-940-8406,20250618
이삭길,어린이공원,,경기도 안산시 단원구 고잔동 754번지,37.3132050864,126.8398889511,1958.4,,,,,,20040101,경기도 안산시 단원구청,031-481-6410,20260406
능길해맞이,어린이공원,,경기도 안산시 단원구 신길동 1417-25번지,37.3363301474,126.7647227234,2593.3,,,,,,20040101,경기도 안산시 단원구청,031-481-6410,20260406
주공1,어린이공원,,경기도 고양시 덕양구 성사동 873,37.6605754245,126.8402185331,1942.9,체력단련싯설,조합놀이대,,,,20060529,경기도 고양시 푸른도시사업소,031-8075-4318,20251215
초지상소공원2,소공원,,경기도 안산시 단원구 초지동 606-3번지,,,1218.0,,,,,,20110328,경기도 안산시 단원구청,031-481-6410,20260406
힐스중앙소공원,소공원,,경기도 안산시 단원구 고잔동 853-1번지,37.3207362599,126.8350909368,4051.0,,,,,,20181116,경기도 안산시 단원구청,031-481-6410,20260406
유통업무지구 소공원2,소공원,"경기도 안산시 단원구 풍전로 53, (원곡동)",경기도 안산시 단원구 원곡동 994-12번지,37.324546647,126.7925274729,2101.1,,,,,,20190909,경기도 안산시 단원구청,031-481-6410,20260406
늘봄,어린이공원,,경기도 안산시 단원구 와동 818번지,37.3383049395,126.8180512352,1430.0,,,,,,19970101,경기도 안산시 단원구청,031-481-6410,20260406
새터 근린공원(청북지구 택지개발),근린공원,경기도 평택시 청북읍 안청로2길 60,경기도 평택시 청북면 옥길리 1142,37.0206736777,126.918138248,75770.5,게이트볼장+농구대+등허리지압기+어깨근육풀기+온몸매달려돌기+온몸역기내리기+온몸역기올리기+온몸허리돌리기+족구대+족구장+축구대+축구장,,음수전+자전거보관대+화장실,,수목보호홀덮개+트랜치,20051007,경기도 평택시청,031-8024-4248,20260313
소공원/393,소공원,,경기도 남양주시 화도읍 창현리 778-4,37.6449421716,127.3066062184,822.0,,,,,,,경기도 남양주시청,031-590-4993,20260319
어린이공원/3,어린이공원,,경기도 남양주시 다산동 6201-1,37.6089774432,127.1683293395,2544.0,,,,,,,경기도 남양주시청,031-590-5354,20260319
다산지금 어린이공원 5호,어린이공원,경기도 남양주시 다산지금로146번길 5,경기도 남양주시 다산동 6236-1,37.5992708458,127.1731505512,4768.0,,,,,,,경기도 남양주시청,031-590-2855,20260319
달미,어린이공원,"경기도 안산시 단원구 화정천서로4안길 18, (선부동)",경기도 안산시 단원구 선부동 1093번지,37.3440646634,126.8160756181,1511.1,,,,,,19920101,경기도 안산시 단원구청,031-481-6410,20260406
바람어린이공원,어린이공원,,경기도 오산시 내삼미동 888-3,37.1762700752,127.0551093413,4100.0,배드민턴장,조합놀이대 등,,,,20050103,오산시 환경사업소 도시공원녹지과,031-8036-6475,20251222
동물어린이공원,어린이공원,,경기도 오산시 금암동 534-3,37.1714828047,127.0502156604,2374.0,,조합놀이대 등,,,,20050103,오산시 환경사업소 도시공원녹지과,031-8036-6475,20251222
바다어린이공원,어린이공원,,경기도 오산시 수청동 585-1,37.1706039761,127.0580948473,2443.0,,조합놀이대 등,,,,20050103,오산시 환경사업소 도시공원녹지과,031-8036-6475,20251222
무지개어린이공원,어린이공원,,경기도 오산시 수청동 590,37.1692575803,127.0572666592,1661.0,,조합놀이대 등,,,,20050103,오산시 환경사업소 도시공원녹지과,031-8036-6475,20251222
샘물어린이공원,어린이공원,,경기도 오산시 내삼미동 896-1,37.1733774752,127.0644339239,1819.0,,조합놀이대 등,,,,20050103,오산시 환경사업소 도시공원녹지과,031-8036-6475,20251222
UN참전기념공원,역사공원,,경기도 오산시 외삼미동 636-1,37.185010632,127.0485705697,6264.0,,,,,,20050103,오산시 환경사업소 도시공원녹지과,031-8036-6475,20251222
갈곶어린이공원,어린이공원,,경기도 오산시 갈곶동 108,37.134240584,127.0664757893,6002.0,,흔들놀이기구,,,,20041227,오산시 환경사업소 도시공원녹지과,031-8036-6475,20251222
청호제2어린이공원,어린이공원,경기도 오산시 동부대로 332-14,경기도 오산시 청호동 323,37.1311852969,127.0796593687,1500.0,,조합놀이대 등,,,,20050117,오산시 환경사업소 도시공원녹지과,031-8036-6475,20251222
고현어린이공원,어린이공원,,경기도 오산시 고현동 271,37.1346385653,127.0796102974,8926.0,농구장,조합놀이대 등,,,,20050131,오산시 환경사업소 도시공원녹지과,031-8036-6475,20251222
호평lh1단지어린이공원,어린이공원,,경기도 남양주시 호평동 726-4,37.661651504,127.2405671145,1503.0,,,,,,,경기도 남양주시청,031-590-4738,20260319
가장근린공원,근린공원,경기도 오산시 가장산업동로 28-25,경기도 오산시 가장동 375-7,37.1617498786,127.0401830514,10031.0,다목적구장,,화장실,,,20050404,오산시 환경사업소 도시공원녹지과,031-8036-6475,20251222
외삼미근린공원,근린공원,,경기도 오산시 외삼미동 645,37.1938309524,127.0619967753,11549.0,야외헬스기구,조합놀이대 등,,,"파고라, 등의자, 바닥분수",20160513,오산시 환경사업소 도시공원녹지과,031-8036-6475,20251222
외삼미소공원,소공원,,경기도 오산시 외삼미동 651,37.189999313,127.0641459646,8586.0,,,,,,20160513,오산시 환경사업소 도시공원녹지과,031-8036-6475,20251222
매화어린이공원,어린이공원,,경기도 오산시 부산동 829,37.1602498629,127.0810866921,1610.0,야외헬스기구,조합놀이대 등,,,,20140708,오산시 환경사업소 도시공원녹지과,031-8036-6475,20251222
한주,어린이공원,,경기도 수원시 권선구 세류동 1020-12,37.25411633,127.0135290327,3146.0,조합놀이대1+ 음수대1+휴게쉼터,조합놀이대1,,,음수대1,,경기도 수원시 권선구 녹지공원과,031-5191-6195,20260115
양산동 근린공원,근린공원,,경기도 오산시 양산동 667-5,37.1956600348,127.0317252282,13989.0,,"조합놀이대, 바닥분수 등",화장실,야외무대,,20070108,오산시 환경사업소 도시공원녹지과,031-8036-6475,20251222
깊은샘,어린이공원,,경기도 부천시 오정구 작동 417,37.5094815863,126.8113560083,1504.1,,조합놀이대 등 4개,,,,20031128,경기도 부천시청,032-625-4843,20250731
원동근린공원,근린공원,,경기도 오산시 원동 555-2,37.1400348657,127.0758106783,16055.0,,,,,,19761207,오산시 환경사업소 도시공원녹지과,031-8036-6475,20251222
원동제2근린공원,근린공원,경기도 오산시 경기대로 102-25,경기도 오산시 원동 481-17,37.1325564683,127.0748894526,38755.0,,,,,,19761207,오산시 환경사업소 도시공원녹지과,031-8036-6475,20251222
궐동어린이1공원,어린이공원,경기도 오산시 청학로173번길 36,경기도 오산시 수청동 522,37.1638450422,127.0602074072,2433.0,,조합놀이대 등,,,,19881226,오산시 환경사업소 도시공원녹지과,031-8036-6475,20251222
궐동어린이2공원,어린이공원,,경기도 오산시 궐동 585-1,37.1599213505,127.0636446333,1505.0,,조합놀이대 등,,야외무대,,19881226,오산시 환경사업소 도시공원녹지과,031-8036-6475,20251222
원동어린이1공원,어린이공원,,경기도 오산시 원동 806-1,37.1348828887,127.0724474008,1500.0,,조합놀이대 등,,,,19930713,오산시 환경사업소 도시공원녹지과,031-8036-6475,20251222
원동어린이2공원,어린이공원,,경기도 오산시 원동 807-3,37.1317853149,127.0708799394,3542.0,게이트볼장,조합놀이대 등,,,,19930713,오산시 환경사업소 도시공원녹지과,031-8036-6475,20251222
고리울,어린이공원,경기도 부천시 오정구 고리울로40번길 13-9,경기도 부천시 오정구 고강동 389,37.5271945789,126.8208806714,3101.8,,흔들놀이기구 등 6개,화장실,,,19671111,경기도 부천시청,032-625-4843,20250731
괴안체육,체육공원,경기도 부천시 소사구 양지로48번길 9,경기도 부천시 소사구 괴안동 262,37.4758423937,126.8111443467,10143.2,농구장+배드민턴장+인라인스케이트장,,화장실,,,20110621,경기도 부천시청,032-625-4843,20250731
구지,근린공원,경기도 부천시 원미구 상일로 101,경기도 부천시 원미구 상동 396,37.4919980092,126.7538249059,14490.8,,그네 등 3개,화장실,,,19901127,경기도 부천시청,032-625-4843,20250731
노을,소공원,,경기도 부천시 원미구 중동 1116-5,37.4952149761,126.7787229327,2000.3,,,,,,20070827,경기도 부천시청,032-625-4851,20250731
수청근린공원,근린공원,,경기도 오산시 수청동 87-16,37.1627661855,127.0692936839,34891.0,,,화장실,,폭포,19761207,오산시 환경사업소 도시공원녹지과,031-8036-6475,20251222
노작공원,근린공원,경기도 화성시 동탄구 노작로 158,경기도 화성시 동탄구 반송동 108,37.2027738934,127.0742029705,1562.0,볼컬링+게이트볼장+배드민턴,,주차장+화장실,,,,경기도 화성시 공원녹지사업소 동부공원관리과,031-5189-6961,20260201
육탄10용사 기념공원,근린공원,,경기도 화성시 동탄구 반송동 159-6,37.1934455983,127.0676868888,36758.0,,,주차장,,,,경기도 화성시 공원녹지사업소 동부공원관리과,031-5189-6961,20260201
탄요유적공원,근린공원,,경기도 화성시 동탄구 반송동 198-1,37.1896572008,127.0718306625,36758.0,게이트볼장,놀이터,화장실,,,,경기도 화성시 공원녹지사업소 동부공원관리과,031-5189-6961,20260201
화수,근린공원,경기도 고양시 덕양구 화수로 71-2,경기도 고양시 덕양구 화정동 852,37.6442044515,126.8380209869,14293.0,농구장+체력단련시설,,화장실,,야외무대+시계탑,19911231,경기도 고양시 푸른도시사업소,031-8075-4323,20251215
여염 근린공원(고덕일반산업단지),근린공원,,경기도 평택시 고덕면 여염리 1650공,,,56087.7,생활체육시설 A(온몸돌리기)+생활체육시설 B(마라톤운동)+생활체육시설 C(온몸노젖기)+생활체육시설 D(윗몸일으키기)+생활체육시설 E(공중걷기)+생활체육시설 F(옆파도타기),,램프+램프뒤 자갈채움+화장실,,PE빗물받이+경관옹벽+배수관(PE이중벽관)+상수관로+수로관덮개 C+시설물표찰+식수대 화산석포설+오수관로+오수맨홀(원형)+자연석쌓기 A+집수정A+집수정B+측구A+측구수로관+측구수로관A+측구수로관B,20101116,경기도 평택시청,031-8024-4248,20260313
장당(석정) 근린공원,근린공원,,경기도 평택시 장당동 636 636-2,37.0527372082,127.0634385891,1958.0,농구대+마라톤운동기+배드민턴장+배드민턴지주대+온몸역기내리기+온몸역기올리기+온몸허리돌리기+하늘걷기,,자전거보관대,,L형측구+PE 빗물받이+U형측구+공원등기초+기념비석+빗물받이+스틸그레이팅+우수관+자연석쌓기+잔디수로+전선관+집수정+트랜치+하수관천공접합,20050307,경기도 평택시청,031-8024-4248,20260313
장안하늘채 근린공원(동부 25호),근린공원,경기도 평택시 추담로 58-66,경기도 평택시 장안동 621,37.0573156426,127.0776490246,10088.5,다리올리기+마라톤운동기+옆파도타기+온몸근육풀기+온몸노젓기+평행봉+하늘걷기,모래놀이집+모래포장+시소+조합놀이대+흔들놀이,자전거거치대(10대)+화장실,,수목보호덮개+집수정+트랜치,19961217,경기도 평택시청,031-8024-4248,20260313
제1호 근린공원(가재중앙공원),근린공원,경기도 평택시 가재길 52 (가재동),경기도 평택시 가재동 436-1,37.0447908624,127.0761099282,25600.0,,,,,,20111125,경기도 평택시청,031-8024-4248,20260313
제1호 근린공원(브레인시티 일반산업단지),근린공원,,경기도 평택시 장안동 204-2,37.0529038389,127.0878783797,29646.0,,,,,,20100315,경기도 평택시청,031-8024-4248,20260313
큰재봉공원,근린공원,경기도 화성시 동탄구 동탄중앙로 438-30,경기도 화성시 동탄구 석우동 45,37.2132047288,127.0848061974,586.0,축구장+농구장+배드민턴,,주차장+화장실,,,,경기도 화성시 공원녹지사업소 동부공원관리과,031-5189-6961,20260201
행신 3(무원),어린이공원,경기도 고양시 덕양구 무원로 56,경기도 고양시 덕양구 행신동 734,37.617946138,126.8327695979,1486.3,체력단련시설,조합놀이대,화장실,,,19901208,경기도 고양시 푸른도시사업소,031-8075-4321,20251215
행신 4(용마루),어린이공원,경기도 고양시 덕양구 용현로 37,경기도 고양시 덕양구 행신동 755,37.6160246072,126.8356648039,1689.4,,조합놀이대,화장실,,,19901208,경기도 고양시 푸른도시사업소,031-8075-4321,20251215
행신 6(용현),어린이공원,경기도 고양시 덕양구 용현로 16,경기도 고양시 덕양구 행신동 768,37.6142324765,126.8375389624,1501.7,체력단련시설,조합놀이대,화장실,,,19901208,경기도 고양시 푸른도시사업소,031-8075-4321,20251215
행신 5(행신),어린이공원,경기도 고양시 덕양구 행신로 196,경기도 고양시 덕양구 행신동 775,37.6182305058,126.8368462818,1851.3,체력단련시설,조합놀이대,화장실,,,19901208,경기도 고양시 푸른도시사업소,031-8075-4321,20251215
행신 8(화신),어린이공원,경기도 고양시 덕양구 화신로 16,경기도 고양시 덕양구 행신동 786,37.6140130585,126.8402035868,1500.2,체력단련시설,조합놀이대,화장실,,,19901208,경기도 고양시 푸른도시사업소,031-8075-4321,20251215
행신 9(행복),어린이공원,경기도 고양시 덕양구 소만로 42,경기도 고양시 덕양구 행신동 792,37.6167464088,126.8438506651,1500.1,체력단련시설,조합놀이대,화장실,,,19901208,경기도 고양시 푸른도시사업소,031-8075-4321,20251215
번데미,근린공원,경기도 고양시 덕양구 충경로 1-2,경기도 고양시 덕양구 행신동 698,37.6157380289,126.8296167055,14950.0,야외배드민턴장+체력단련시설,,화장실,,,19911102,경기도 고양시 푸른도시사업소,031-8075-4321,20251215
가라뫼,근린공원,경기도 고양시 덕양구 충경로 126-2,경기도 고양시 덕양구 행신동 800,37.615241507,126.8439092122,10682.0,다목적운동장+체력단련시설,,화장실,,,19911102,경기도 고양시 푸른도시사업소,031-8075-4321,20251215
꽃물,근린공원,경기도 고양시 덕양구 화중로151번길 56,경기도 고양시 덕양구 화정동 867,37.6410472107,126.8295820237,15472.0,다목적운동장+체력단련시설,,화장실,,시계탑,19911231,경기도 고양시 푸른도시사업소,031-8075-4323,20251215
은빛,근린공원,경기도 고양시 덕양구 은빛로77번길 14,경기도 고양시 덕양구 화정동 872,37.6381404344,126.836760027,41089.0,다목적운동장+파크골프장+게이트볼장+체력단련시설,조합놀이대,화장실,,수경시설+시계탑,19911231,경기도 고양시 푸른도시사업소,031-8075-4323,20251215
오전마구역 소공원,소공원,,경기도 의왕시 오전동 893,37.3509221175,126.9730906254,2693.0,,,,,,20101111,경기도 의왕시청,031-345-3534,20251128
꽃우물,근린공원,,경기도 고양시 덕양구 화정동 950,37.6282372947,126.8279717542,12881.0,체력단련시설,,,,,19911231,경기도 고양시 푸른도시사업소,031-8075-4323,20251215
화정중앙,근린공원,경기도 고양시 덕양구 화신로 266-1,경기도 고양시 덕양구 화정동 985,37.6309469536,126.8318147275,12215.0,체력단련시설,조합놀이대,화장실,,야외무대+조형물,19911231,경기도 고양시 푸른도시사업소,031-8075-4323,20251215
옥빛,근린공원,경기도 고양시 덕양구 화정로 90-2,경기도 고양시 덕양구 화정동 989,37.6333036796,126.8357603394,17541.0,다목적운동장+체력단련시설,,화장실,,,19911231,경기도 고양시 푸른도시사업소,031-8075-4323,20251215
밤나무(능곡),어린이공원,,경기도 고양시 덕양구 행신동 898,37.6280441287,126.8385337677,1500.0,체력단련시설,조합놀이대,,,,19921228,경기도 고양시 푸른도시사업소,031-8075-4321,20251215
자작나무,어린이공원,,경기도 고양시 덕양구 행신동 906,37.626204,126.8433307517,1500.0,체력단련시설,조합놀이대,,,,19921228,경기도 고양시 푸른도시사업소,031-8075-4321,20251215
여울,어린이공원,"경기도 안산시 단원구 화정천동로3길 17, (와동)",경기도 안산시 단원구 와동 803-7번지,37.3442254939,126.8205223653,1706.2,,,,,,19920101,경기도 안산시 단원구청,031-481-6410,20260406
신길역사공원,역사공원,,경기도 안산시 단원구 신길동 1536번지,37.3356789212,126.7856664771,15101.0,,,,,,20090630,경기도 안산시청,031-481-2471,20260406
시랑공원,근린공원,"경기도 안산시 상록구 시낭북로 25, (부곡동)",경기도 안산시 상록구 부곡동 719번지,37.3354559507,126.8577858931,21994.3,,,,,,19850917,경기도 안산시청,031-481-2649,20260406
동양파라곤근린공원,근린공원,,경기도 남양주시 호평동 산5-36(5-7일원),37.6686539884,127.2501506454,14025.0,,,,,,,경기도 남양주시청,031-590-4738,20260319
위례근린공원5호,근린공원,경기도 하남시 위례대로 230,경기도 하남시 학암동 654-1,37.4821674854,127.1483478914,19977.0,,,,,,,경기도 하남시청,031-5182-1579,20251218
정림근린공원(근린2호공원),근린공원,경기도 하남시 감일순환로 30,경기도 하남시 감이동 469-1,37.50669334,127.1637449818,12828.0,,,,,,,경기도 하남시청,031-5182-1579,20251218
초이산단 소공원,소공원,경기도 하남시 초광산단동로 7,경기도 하남시 광암동 399-6,37.5287300208,127.1728134835,3444.0,,,,,,,경기도 하남시청,031-5182-1579,20251218
능안 근린공원,근린공원,경기도 하남시 감일중앙로 71,경기도 하남시 감일동 504,37.5098628728,127.15326446,17308.0,,,,,,,경기도 하남시청,031-5182-1579,20251218
장승다담공원,역사공원,경기도 남양주시 진접읍 금강로 1554-11,경기도 남양주시 진접읍 장현리 46,37.7295976657,127.1941970594,13422.0,,,,,,,경기도 남양주시청,031-590-8347,20260319
능내공원,문화공원,경기도 남양주시 조안면 다산로 566-5,경기도 남양주시 조안면 능내리 131-1,37.5235630636,127.2961348999,9344.0,,,,,,,경기도 남양주시청,031-590-8601,20260319
소공원/1,소공원,경기도 남양주시 별내면 청학로중앙길 60,경기도 남양주시 별내면 청학리 420-2,37.7097464795,127.1130920772,3240.0,,,,,,,경기도 남양주시청,031-590-8676,20260319
역전근린공원,근린공원,,경기도 의정부시 의정부동 222-19,37.7397810649,127.046863977,11402.5,,,,,공원등+ CCTV 등,,경기도 의정부시청,031-828-2414,20250620
선삼로,어린이공원,"경기도 안산시 단원구 선삼로 68, (선부동)",경기도 안산시 단원구 선부동 1123-7번지,37.3467049471,126.8112871926,1597.5,,,,,,19960101,경기도 안산시 단원구청,031-481-6410,20260406
바람,어린이공원,,경기도 안산시 단원구 초지동 607-1번지,,,2157.9,,,,,,19960101,경기도 안산시 단원구청,031-481-6410,20260406
광덕산밑,어린이공원,"경기도 안산시 단원구 사세충열로1길 24-17, (와동)",경기도 안산시 단원구 와동 710-4번지,37.3375517005,126.8293652301,1532.7,,,,,,19970101,경기도 안산시 단원구청,031-481-6410,20260406
운암제1근린공원,근린공원,경기도 오산시 운천로 154,경기도 오산시 오산동 920-1,37.1560167234,127.0764136419,10021.0,농구장,조합놀이대 등,화장실,,,19951109,오산시 환경사업소 도시공원녹지과,031-8036-6475,20251222
운암제2근린공원,근린공원,,경기도 오산시 원동 814-1,37.1482071061,127.0771384894,11007.0,"배드민턴장, 농구장",조합놀이대 등,화장실,,,19951106,오산시 환경사업소 도시공원녹지과,031-8036-6475,20251222
진사근린공원1,근린공원,,경기도 안성시 공도읍 진사리 354-16,36.9925566219,127.146580503,15058.0,,,,,,20130131,경기도 안성시청,031-678-6893,20250226
40호 소공원,소공원,,경기도 안성시 양성면 이현리 286,37.0940589096,127.2155114157,2319.0,,,,,,20140811,경기도 안성시청,031-678-6893,20250226
세교 근린공원(세교지구),근린공원,경기도 평택시 세교1로 36,경기도 평택시 세교동 556-1,37.0025932969,127.0837626256,10133.9,농구대+농구장+등허리지압기+마라톤운동기+벤치프레스+온몸근육풀기+온몸노젓기+온몸역기올리기+온몸허리돌리기+윗몸일으키기+지압보도+하늘걷기,고무칩포장+그네+그네보호대+물놀이시설+시소+아쿠아눈사람+아쿠아트리바스켓+아쿠아플라워+연꽃샤워+조합놀이대,음수대+화장실,,쇠기둥조형물+시계탑+조형옹벽,19920313,경기도 평택시청,031-8024-4248,20260313
솔숲 근린공원(소사2지구),근린공원,,경기도 평택시 소사동 691,36.9905156492,127.1304101416,19488.3,,,,,,20110714,경기도 평택시청,031-8024-4248,20260313
신흥 근린공원(신흥지구),근린공원,경기도 평택시 신흥1로 24,경기도 평택시 용이동 744-1번지,37.0041555671,127.1487522452,17889.6,농구대+농구장+다목적경기장+등허리지압기+마라톤운동+배드민턴장+온몸노젓기+하늘걷기+허리돌리기,그네+놀이시설 경계+조합놀이대+흔들놀이,음수대+자전거보관대(10대용)+화장실,,가든테이블세트+수목보호홀덮개+연결관로+우수관로+원형맨홀+집수정+횡단배수로,20100927,경기도 평택시청,031-8024-4248,20260313
역사유적 근린공원(소사지구),근린공원,,경기도 평택시 소사동 506,36.9875986631,127.1206458143,13057.0,다리근육풀기+등허리지압기+온몸역기올리기+윗몸일으키기+지압보도+하늘걷기,,계단 중앙 분리 펜스,,U형측구+운동시설보호대+유구설명석+자연석쌓기+집수정+측구배수+트랜치,20050131,경기도 평택시청,031-8024-4248,20260313
영신 제1호 근린공원(영신지구),근린공원,경기도 평택시 영신로 108 (동삭동),경기도 평택시 세교동 1141,37.0182201005,127.0852104552,13218.9,,,,,,20100129,경기도 평택시청,031-8024-4248,20260313
소공원 13호,소공원,,경기도 파주시 목동동 891,37.7321062836,126.7367158266,287.3,,,,,,,경기도 파주시청,031-940-8406,20250618
용이 근린공원(용이지구 3호),근린공원,경기도 평택시 현신3길 13 (용이동),경기도 평택시 용이동 441-1,36.996311585,127.1362912537,21590.0,다리뻗치기+마라톤운동기+옆파도타기+온몸근육풀기+온몸역기내리기+온몸허리돌리기+윗몸일으키기+하늘걷기,벽사다리놀이기+시소+조합놀이대+탄성고무칩포장+흔들놀이,음수전+화장실+휠체어경사로,계단식관람석,PVC이중벽관+U형측구+떼수로+배수로+상수관로+새들분수전+집수정,20031204,경기도 평택시청,031-8024-4248,20260313
원동 근린공원 (모산영신지구),근린공원,경기도 평택시 지제동삭1로 163 (동삭동 더샵지제역센트럴파크1BL아파트),경기도 평택시 동삭동 0,,,10907.9,,,,,,20090930,경기도 평택시청,031-8024-4248,20260313
은실 근린공원,근린공원,,경기도 평택시 세교동 산86-1,37.0065705936,127.082060087,276422.0,,,,,,19720825,경기도 평택시청,031-8024-4248,20260313
금은모래강변공원,근린공원,,경기도 여주시 연양동 8,37.2893812668,127.671947031,240023.0,잔디마당+순환산책로,집라인+조합놀이대+그네,화장실+주차장+파고라,야생초화원+4계절 테마숲+수변관찰데트,,,경기도 여주시청,031-887-2602,20251222
여주18호 어린이공원,어린이공원,,경기도 여주시 교동 115-1,37.2787454892,127.6341494177,3774.0,배드민턴장,조합놀이대+그네+잔디마당,화장실+파고라+벤치,,,,경기도 여주시청,031-887-2604,20251222
역사공원,역사공원,,경기도 하남시 감이동 444,37.5082828427,127.1556933968,20653.0,,,,,,,경기도 하남시청,031-5182-1579,20251218
동학산공원,근린공원,,경기도 화성시 동탄구 석우동 29-3,37.2210422592,127.078856738,586.0,축구장,,주차장+화장실,,,,경기도 화성시 공원녹지사업소 동부공원관리과,031-5189-6961,20260201
손바닥공원,근린공원,경기도 화성시 동탄구 동탄숲속로 69-14,경기도 화성시 동탄구 능동 1118,37.2092516401,127.0561010102,1710.0,족구장+농구장,놀이터,,,,,경기도 화성시 공원녹지사업소 동부공원관리과,031-5189-6961,20260201
제2호 근린공원(가재지구),근린공원,경기도 평택시 막곡길 45-14 (가재동),경기도 평택시 가재동 산58-1,37.0433349,127.0820936785,16340.0,,,,,,20111125,경기도 평택시청,031-8024-4248,20260313
진위 근린공원,근린공원,경기도 평택시 진위면 견산1길 17-10,경기도 평택시 진위면 견산리 산16,37.1092726689,127.0748395503,36636.0,,,,,,20060613,경기도 평택시청,031-8024-4248,20260313
남산 근린공원,근린공원,경기도 평택시 팽성읍 팽성송화로 76,경기도 평택시 팽성읍 남산리 산49-1,36.9541341165,127.0549929173,43411.0,,,,,,20101230,경기도 평택시청,031-8024-4248,20260313
남산공원,근린공원,경기도 평택시 팽성읍 송화택지로25번길 63,경기도 평택시 팽성읍 송화리 789,36.9616123367,127.0608116232,15253.8,게이트볼장+마라톤운동기+심판의자+옆파도타기+온몸근육풀기+온몸노젓기+온몸역기올리기+온몸허리돌리기+윗몸일으키기+족구대+족구장+철봉+평행봉+하늘걷기,그네+그네보호대+모래포장+조합놀이대+흔들놀이,음수대+화장실,,맹암거(간선)+맹암거(지선)+빗물받이+옹벽+우수관+원형수로관+조각 조형물(가족)+집수정+트랜치,19990319,경기도 평택시청,031-8024-4248,20260313
도순공원,소공원,,경기도 화성시 동탄구 장지동 928-3,37.1606340679,127.1029940171,1150.0,,,,,,,경기도 화성시 공원녹지사업소 동부공원관리과,031-5189-6961,20260201
효행공원,소공원,,경기도 화성시 동탄구 장지동 977-1,37.1569202299,127.1102150257,4702.0,,,,,,,경기도 화성시 공원녹지사업소 동부공원관리과,031-5189-6961,20260201
노을공원,소공원,,경기도 화성시 동탄구 장지동 983-8,37.1594253125,127.1145945346,736.0,,,,,,,경기도 화성시 공원녹지사업소 동부공원관리과,031-5189-6961,20260201
22호 소공원,소공원,,경기도 화성시 동탄구 장지동 999-1,37.1614037509,127.1174586012,330.0,,,,,,,경기도 화성시 공원녹지사업소 동부공원관리과,031-5189-6961,20260201
달무리공원(소공원10호),소공원,,경기도 화성시 동탄구 목동 393-5,,,2468.0,,,,,,,경기도 화성시 공원녹지사업소 동부공원관리과,031-5189-6961,20260201
곱다시공원(소공원11호),소공원,,경기도 화성시 동탄구 목동 산21-1,,,3489.0,,,,,,,경기도 화성시 공원녹지사업소 동부공원관리과,031-5189-6961,20260201
중리 쌈지공원,기타,,경기도 화성시 동탄구 동탄면 중리 827,,,802.0,,,,,,,경기도 화성시 공원녹지사업소 동부공원관리과,031-5189-6961,20260201
동탄2 택지 광장 1호,기타,,경기도 화성시 동탄구 영천동 681-10,37.2071532907,127.1111492932,620.0,,,,,,,경기도 화성시 공원녹지사업소 동부공원관리과,031-5189-6961,20260201
광장3호,기타,,경기도 화성시 동탄구 오산동 992-1,37.1913654224,127.0860194074,2393.1,,,,,,,경기도 화성시 공원녹지사업소 동부공원관리과,031-5189-6961,20260201
미관광장 7호,기타,,경기도 화성시 동탄구 반송동 35-1,37.2101868868,127.0640008661,184.2,,,,,,,경기도 화성시 공원녹지사업소 동부공원관리과,031-5189-6961,20260201
미관광장 9호,기타,,경기도 화성시 동탄구 반송동 7-13,37.2113440441,127.0668805066,5227.5,,,,,,,경기도 화성시 공원녹지사업소 동부공원관리과,031-5189-6961,20260201
가라산,근린공원,경기도 고양시 덕양구 화신로 148,경기도 고양시 덕양구 행신동 924,37.6251815778,126.8419973614,42290.0,야외배드민턴장+체력단련시설,,화장실,,,19921228,경기도 고양시 푸른도시사업소,031-8075-4321,20251215
참나무(능곡),어린이공원,경기도 고양시 덕양구 충장로152번길 39,경기도 고양시 덕양구 행신동 934,37.6248373452,126.8384647534,1500.0,체력단련시설,조합놀이대,,,,19921228,경기도 고양시 푸른도시사업소,031-8075-4321,20251215
행신,근린공원,경기도 고양시 덕양구 행신로 197-2,경기도 고양시 덕양구 행신동 978,37.6186383135,126.8372392532,20395.0,농구장+체력단련시설,,화장실,,,19921228,경기도 고양시 푸른도시사업소,031-8075-4321,20251215
고양,근린공원,경기도 고양시 덕양구 동헌로 436,경기도 고양시 덕양구 고양동 30,37.7058368565,126.9003218618,33344.0,다목적운동장+실내배드민턴장+체력단련시설,조합놀이대,주차장+화장실,,야외무대+조형물+시계탑,19770127,경기도 고양시 푸른도시사업소,031-8075-4316,20251215
관산,근린공원,,경기도 고양시 덕양구 관산동 1018,37.6902588618,126.8671542567,49713.8,농구장+체력단련시설+다목적체육관,조합놀이대,주차장+화장실,,,19770127,경기도 고양시 푸른도시사업소,031-8075-4316,20251215
주교 2,어린이공원,경기도 고양시 덕양구 호국로790번길 42-9,경기도 고양시 덕양구 성사동 705,37.654958099,126.8381635985,1498.2,농구장+체력단련시설,조합놀이대,,,노인종합센터,19810513,경기도 고양시 푸른도시사업소,031-8075-4318,20251215
주교 1,어린이공원,,경기도 고양시 덕양구 주교동 610,37.656439368,126.8343656586,1499.8,체력단련시설,,,,,19810513,경기도 고양시 푸른도시사업소,031-8075-4316,20251215
주교6호,어린이공원,경기도 고양시 덕양구 마상로102번길 51,경기도 고양시 덕양구 주교동 587,37.6593101715,126.8331251607,1504.4,체력단련시설,조합놀이대,,,경로당,19810513,경기도 고양시 푸른도시사업소,031-8075-4316,20251215
주교7호,어린이공원,경기도 고양시 덕양구 마상로107번길 18,경기도 고양시 덕양구 주교동 576,37.6614356063,126.836019948,1668.8,체력단련시설,조합놀이대,화장실,,,19810513,경기도 고양시 푸른도시사업소,031-8075-4316,20251215
소공원 14호,소공원,,경기도 파주시 목동동 1037,37.7238051506,126.7372361059,1039.4,,,,,,,경기도 파주시청,031-940-8406,20250618
토당 3,어린이공원,경기도 고양시 덕양구 지도로104번길 14-16,경기도 고양시 덕양구 토당동 847,37.6261406507,126.825092326,1500.2,체력단련시설,조합놀이대,,,,19861231,경기도 고양시 푸른도시사업소,031-8075-4319,20251215
토당 5,어린이공원,,경기도 고양시 덕양구 토당동 862-3,37.6191276819,126.823331586,1498.0,체력단련시설,조합놀이대,,,,19861231,경기도 고양시 푸른도시사업소,031-8075-4319,20251215
토당 4,어린이공원,,경기도 고양시 덕양구 토당동 874-2,37.6207861216,126.825997951,1500.1,체력단련시설,조합놀이대,,,,19861231,경기도 고양시 푸른도시사업소,031-8075-4319,20251215
토당 6,어린이공원,,경기도 고양시 덕양구 토당동 885-6,37.6185034837,126.8263222765,1500.0,체력단련시설,조합놀이대,,,,19861231,경기도 고양시 푸른도시사업소,031-8075-4319,20251215
고양제1,어린이공원,,경기도 고양시 덕양구 고양동 328,37.7047033306,126.8968928254,1734.0,체력단련시설,그네 등,,,,19880406,경기도 고양시 푸른도시사업소,031-8075-4316,20251215
성사 1(어울림),어린이공원,경기도 고양시 덕양구 호국로 746,경기도 고양시 덕양구 성사동 728,37.6535153158,126.8332450086,1500.0,체력단련시설,정글짐 등,화장실,,,19900201,경기도 고양시 푸른도시사업소,031-8075-4318,20251215
황금,어린이공원,"경기도 안산시 단원구 황금길 9-4, (고잔동)",경기도 안산시 단원구 고잔동 624번지,37.3320735328,126.8297525731,1720.4,,,,,,19920101,경기도 안산시 단원구청,031-481-6410,20260406
교하중앙공원,근린공원,경기도 파주시 책향기로 410,경기도 파주시 동패동 1692,37.7239328537,126.7169973235,78216.0,배드민턴장,,화장실+주차장,도서관,분수,,경기도 파주시청,031-940-8406,20250618
소공원 4호,소공원,,경기도 파주시 와동동 1623,37.7347752283,126.7512698014,1122.3,,,,,,,경기도 파주시청,031-940-8406,20250618
소공원 8호,소공원,,경기도 파주시 목동동 717,37.7312908451,126.7453010773,432.5,,,,,,,경기도 파주시청,031-940-8406,20250618
가재울공원 1호,근린공원,,경기도 파주시 목동동 820,37.7306780714,126.7420434647,14865.4,,,,,,,경기도 파주시청,031-940-8406,20250618
현대,어린이공원,,경기도 광명시 하안동 707-23,37.4675805821,126.8646146127,1500.0,,,,,,19870608,경기도 광명시청,02-2680-2887,20251209
무지개,어린이공원,,경기도 광명시 하안동 650-7,37.4628594374,126.8767717708,1500.0,,,,,,19871224,경기도 광명시청,02-2680-2887,20251209
나래,어린이공원,,경기도 광명시 하안동 295-2,37.4596939607,126.8803706459,1500.0,,,,,,19871224,경기도 광명시청,02-2680-2887,20251209
노봉애,어린이공원,,경기도 광명시 하안동 13-5,37.4666522999,126.8777770873,1500.0,,,,,,19871224,경기도 광명시청,02-2680-2887,20251209
초록,어린이공원,,경기도 광명시 하안동 260-5,37.4561540264,126.8849440942,1500.0,,,,,,19871224,경기도 광명시청,02-2680-2887,20251209
하평,어린이공원,,경기도 광명시 소하동 1288-1,37.4530057741,126.8828836491,1590.0,,,,,,20040106,경기도 광명시청,02-2680-2887,20251209
안터저수지,근린공원,경기도 광명시 안재로1번길 27,경기도 광명시 하안동 862,37.4593325679,126.8698216917,20294.0,,,생태관리사무소,생태체험교실,,20040930,경기도 광명시청,02-2680-2887,20251209
198호,근린공원,경기도 부천시 소사구 양지남로 40,경기도 부천시 소사구 범박동 329,37.4698325312,126.8115161464,21196.0,,조합놀이대 등 6개,화장실,,,20091026,경기도 부천시청,032-625-4843,20250731
우리또래,어린이공원,경기도 광명시 덕단이로9번길 12,경기도 광명시 광명동 745,37.4674476187,126.8503709883,2406.0,,,화장실,,,19861230,경기도 광명시청,02-2680-6298,20251209
여주22호 어린이공원,어린이공원,,경기도 여주시 교동 115-15,,,6092.0,,집라인+조합놀이대,파고라+벤치,,바닥분수,,경기도 여주시청,031-887-2604,20251222
8호어린이공원,어린이공원,,경기도 여주시 천송동 517-2,37.3020525195,127.6512085964,7847.0,"스트레칭롤러, 트윈트위스트, 위밍암, 롤링웨이스트, 크로스컨트리",집라인+조합놀이대,파고라,,,,경기도 여주시청,031-887-2604,20251222
20호어린이공원,어린이공원,,경기도 여주시 교동390-22,,,2352.0,허리돌리기+크로스워킹+레그프레스+롤링웨이스트+워밍암,조합놀이대,파고라+벤치,,,,경기도 여주시청,031-887-2604,20251222
제13호 소공원,소공원,경기도 가평군 가평읍 석봉로191번길 37,경기도 가평군 가평읍 읍내리 1055,37.8314471511,127.5058183523,1487.3,,,,,도로+광장+쉼터+파고라+앉음벽+평의자+디딤석+녹지,20190131,경기도 가평군청,031-580-2372,20260108
읍내문화공원 1,문화공원,경기도 가평군 가평읍 가평제방길 233,경기도 가평군 가평읍 읍내리 227,37.835862937,127.5137625441,1721.5,주민운동시설,벤치+쉼터,,흔들놀이기구,보도,20231109,경기도 가평군청,031-580-2371,20260108
읍내문화공원 2,문화공원,경기도 가평군 가평읍 가평제방길 233,경기도 가평군 가평읍 읍내리 224,37.835862937,127.5137625441,2835.7,주민운동시설,벤치+쉼터,,,보도,20231109,경기도 가평군청,031-580-2371,20260108
여주근린공원,근린공원,,경기도 여주시 상동 352,37.293956854,127.6404565709,25449.0,족구장+생활운동기구,조합놀이대+X게임장,화장실+주차장+파고라,,,,경기도 여주시청,031-887-2602,20251222
1호공원,어린이공원,,경기도 여주시 상동 282-4,37.2958211111,127.6396064694,2540.0,크로스위킹+레그프레스+파워싸이클+허리돌리기+터닝암,조합놀이대+모래놀이,파고라,,,,경기도 여주시청,031-887-2604,20251222
3호공원,어린이공원,경기도 여주시 여흥로88번길 18-12,경기도 여주시 창동 145,37.2942714355,127.6334506628,2687.0,크로스위킹+레그프레스+파워싸이클+터닝암+사이드스윙+농구대,조합놀이대,파고라,,,,경기도 여주시청,031-887-2604,20251222
4호공원,어린이공원,경기도 여주시 세종로79번길 21-12,경기도 여주시 홍문동 283,37.290823087,127.6378220201,1926.0,양팔줄당기기+좌식싸이클+사이드스윙+허리돌리기+레그프레스+파워프레스+농구대,조합놀이대+회전놀이기구,파고라,,,,경기도 여주시청,031-887-2604,20251222
5호공원,어린이공원,경기도 여주시 여흥로160번길 49-7,경기도 여주시 상동 373-8,37.2918826504,127.6412876006,2170.0,,조합놀이대+모래놀이,파고라,,,,경기도 여주시청,031-887-2604,20251222
9호공원,어린이공원,,경기도 여주시 하동 422,37.299974266,127.6241230007,1730.0,농구대+롤링웨이스트+워밍암+크로스컨트리+트리플트위스트,조합놀이대,파고라,,,,경기도 여주시청,031-887-2604,20251222
10호공원,어린이공원,,경기도 여주시 오학동 419,37.3040076174,127.6465305906,1500.0,,조합놀이대+모래놀이+트램폴린,파고라,,,,경기도 여주시청,031-887-2604,20251222
미관광장 20호,기타,,경기도 화성시 동탄구 석우동 55-2,37.2082792698,127.0735338462,412.0,,,,,,,경기도 화성시 공원녹지사업소 동부공원관리과,031-5189-6961,20260201
14호공원,어린이공원,경기도 여주시 여양로233번길 15-7,경기도 여주시 오학동 403,37.301979828,127.6474222786,2844.0,터닝암+파워싸이클+레그프레스+크로스위킹,조합놀이대+모래놀이+트램폴린+집라인,파고라,,,,경기도 여주시청,031-887-2604,20251222
태평근린공원,근린공원,경기도 여주시 가남읍 태평2길 42-1,경기도 여주시 가남읍 태평리 174,37.2042965808,127.5455163229,7847.0,게이트볼장+자전거타기+생활운동기구,조합놀이대,화장실+파고라,,,,경기도 여주시청,031-887-2602,20251222
태평4호공원,어린이공원,경기도 여주시 가남읍 태평1길 20,경기도 여주시 가남읍 태평리 95-1,37.2041422478,127.548277178,1380.0,양팔줄당기기+좌식사이클+롤링웨이스트,로프놀이대+그네+회전놀이기구+모래놀이,화장실,,,,경기도 여주시청,031-887-2604,20251222
청안어린이공원,어린이공원,,경기도 여주시 점동면 청안리 651-1,37.2051788859,127.6604757026,1699.9,자전거타기+줄당기기+허리돌리기+공중걷기,짚라인+조합놀이대+트램폴린,파고라+그네의자,,,,경기도 여주시청,031-887-2604,20251222
하중어린이공원,어린이공원,,경기도 시흥시 하중동 872-2,37.39119143,126.8072863059,2810.0,,조합놀이대,,,,20180515,경기도 시흥시청,031-310-3872,20251219
미관광장 10호,기타,,경기도 화성시 동탄구 반송동 23,37.2083567847,127.0642926359,5419.4,,,,,,,경기도 화성시 공원녹지사업소 동부공원관리과,031-5189-6961,20260201
미관광장 11호,기타,,경기도 화성시 동탄구 반송동 22-1,37.2089287095,127.0668636816,381.2,,,,,,,경기도 화성시 공원녹지사업소 동부공원관리과,031-5189-6961,20260201
미관광장 12호,기타,,경기도 화성시 동탄구 반송동 19-2,37.2080251472,127.068899083,379.2,,,,,,,경기도 화성시 공원녹지사업소 동부공원관리과,031-5189-6961,20260201
1호 근린공원(별솔공원),근린공원,,경기도 화성시 만세구 새솔동 27-2,37.2745329531,126.829451048,11628.0,,,,,,,,031-5189-6655,20260201
물류단지내 소공원,소공원,,경기도 화성시 동탄구 신동 703-4,37.1685928418,127.1320811111,4803.0,,,,,,,경기도 화성시 공원녹지사업소 동부공원관리과,031-5189-6961,20260201
고샅공원,소공원,,경기도 화성시 동탄구 송동 701,37.1685234177,127.0940939826,409.0,,,,,,,경기도 화성시 공원녹지사업소 동부공원관리과,031-5189-6961,20260201
오순공원,소공원,,경기도 화성시 동탄구 장지동 923-1,37.1609002587,127.1022045429,734.0,,,,,,,경기도 화성시 공원녹지사업소 동부공원관리과,031-5189-6961,20260201
미관광장 15호,기타,,경기도 화성시 동탄구 반송동 190-1,37.1890185589,127.0718809382,894.0,,,,,,,경기도 화성시 공원녹지사업소 동부공원관리과,031-5189-6961,20260201
미관광장 16호,기타,,경기도 화성시 동탄구 반송동 175-3,37.1879348241,127.0703296539,715.0,,,,,,,경기도 화성시 공원녹지사업소 동부공원관리과,031-5189-6961,20260201
미관광장 18호,기타,,경기도 화성시 동탄구 반송동 135-2,37.1954187366,127.0699607519,904.0,,,,,,,경기도 화성시 공원녹지사업소 동부공원관리과,031-5189-6961,20260201
미관광장 19호,기타,,경기도 화성시 동탄구 반송동 84-2,37.2078441026,127.0693887793,347.2,,,,,,,경기도 화성시 공원녹지사업소 동부공원관리과,031-5189-6961,20260201
소공원 10호,소공원,,경기도 파주시 목동동 832,37.7302862732,126.7404471501,514.7,,,,,,,경기도 파주시청,031-940-8406,20250618
소공원 11호,소공원,,경기도 파주시 목동동 859,37.7297965453,126.7385055741,594.6,,,,,,,경기도 파주시청,031-940-8406,20250618
성사 3(성라어린이),어린이공원,경기도 고양시 덕양구 호국로716번길 13-14,경기도 고양시 덕양구 성사동 735,37.6515773029,126.8332169919,1499.2,체력단련시설,조합놀이대,화장실,,,19900201,경기도 고양시 푸른도시사업소,031-8075-4318,20251215
성사 2(별모래),어린이공원,경기도 고양시 덕양구 고양대로1384번길 60,경기도 고양시 덕양구 성사동 730,37.6513281492,126.8353844356,1500.0,체력단련시설,조합놀이대,화장실,,,19900201,경기도 고양시 푸른도시사업소,031-8075-4318,20251215
화정 11(화수어린이),어린이공원,,경기도 고양시 덕양구 화정동 853,37.6448602627,126.8373744533,3995.5,체력단련시설,조합놀이대,,,,19901104,경기도 고양시 푸른도시사업소,031-8075-4323,20251215
화정 10(달빛어린이),어린이공원,경기도 고양시 덕양구 어울림로 32,경기도 고양시 덕양구 화정동 857,37.6478432535,126.8343612732,5002.9,다목적구장+체력단련시설,조합놀이대,화장실,,,19901104,경기도 고양시 푸른도시사업소,031-8075-4323,20251215
화정 12(진달래),어린이공원,경기도 고양시 덕양구 화수로 40,경기도 고양시 덕양구 화정동 869,37.6441384673,126.8343036541,6374.6,체력단련시설,조합놀이대,화장실,,,19901104,경기도 고양시 푸른도시사업소,031-8075-4323,20251215
화정 14(용정),어린이공원,경기도 고양시 덕양구 은빛로29번길 31-17,경기도 고양시 덕양구 화정동 921,37.6395481168,126.8306609303,4274.2,체력단련시설,조합놀이대,화장실,,,19901104,경기도 고양시 푸른도시사업소,031-8075-4323,20251215
화정 15(민들레),어린이공원,,경기도 고양시 덕양구 화정동 937,37.6366122599,126.8275046106,5991.5,다목적구장+체력단련시설,조합놀이대,,,,19901104,경기도 고양시 푸른도시사업소,031-8075-4323,20251215
화정 18(꽃우물어린이),어린이공원,경기도 고양시 덕양구 중앙로 646,경기도 고양시 덕양구 화정동 949,37.6286584538,126.8272114499,3960.7,다목적구장+체력단련시설,조합놀이대,화장실,,,19901104,경기도 고양시 푸른도시사업소,031-8075-4323,20251215
탄현일단의주택지168(탄현호곡),어린이공원,,경기도 고양시 일산서구 탄현동 1634-2,37.7021433592,126.7662101403,1657.0,배드민턴장+체력단련시설,시소+흔들놀이대,,,,20061002,경기도 고양시 푸른도시사업소,031-8075-4341,20251215
행신 1(번데미),어린이공원,경기도 고양시 덕양구 소원로 11,경기도 고양시 덕양구 행신동 694,37.6172534783,126.8298297197,1514.1,체력단련시설,조합놀이대,화장실,,,19901208,경기도 고양시 푸른도시사업소,031-8075-4321,20251215
덕이어린이3(잎새),어린이공원,,경기도 고양시 일산서구 덕이동 582-2,37.6986967672,126.7525102574,3059.0,체력단련시설,조합놀이대+흔들놀이대,,,,20070605,경기도 고양시 푸른도시사업소,031-8075-4341,20251215
덕이어린이2(아지랑이),어린이공원,,경기도 고양시 일산서구 덕이동 산142-4,37.6994181355,126.7521301011,2281.8,체력단련시설,조합놀이대+흔들놀이대,,,,20070605,경기도 고양시 푸른도시사업소,031-8075-4341,20251215
덕이어린이1(샘물),어린이공원,,경기도 고양시 일산서구 덕이동 338-21,37.7038540266,126.7524284172,2876.0,,,,,,20070605,경기도 고양시 푸른도시사업소,031-8075-4341,20251215
킨텍스수변공원(국제전시2단계),수변공원,,경기도 고양시 일산서구 대화동 2725,37.6620707389,126.7392451358,12482.9,,,,,,20070713,경기도 고양시 푸른도시사업소,031-8075-4356,20251215
킨텍스2단계(킨텍스온누리),근린공원,,경기도 고양시 일산서구 대화동 2721,37.6650383921,126.7467007551,17287.1,,,,,수경시설+조형물,20070713,경기도 고양시 푸른도시사업소,031-8075-4341,20251215
고양현충공원,역사공원,경기도 고양시 일산서구 경의로 849,경기도 고양시 일산서구 덕이동 265,37.6932888985,126.758946789,17019.0,,,,,,20081031,경기도 고양시,031-929-4800,20251215
학현 근린공원,근린공원,경기도 평택시 안중읍 서동대로 1501,경기도 평택시 안중읍 현화리 637-12,36.9897605804,126.9175085349,41993.0,2단 철봉+마라톤운동기+배드민턴 네트대+배드민턴장+심판의자+어깨근육풀기+옆파도타기+온몸역기내리기+온몸역기올리기+온몸허리돌리기+윗몸일으키기+자유평행봉+족구(테니스)네트대+족구장+테니스장+테니스장 가림막+팔굽혀피기+하늘걷기,고무칩포장+비탈면 미끄럼틀,화장실,,옹벽+자연석쌓기+집수정+측구수로+트랜치,20101230,경기도 평택시청,031-8024-4248,20260313
문화촌 어린이공원,어린이공원,경기도 평택시 문화촌로11번길 35,경기도 평택시 비전동 867,36.9981501413,127.1133556759,1713.0,등허리지압기+배드민턴대+배드민턴장+온몸허리돌리기+하늘걷기,고무칩포장+그네+그네보호대+모래포장+시소+흔들놀이,음수전+화장실,,맹암거(간선)+맹암거(지선)+연결관+집수정+측구수로,19940111,경기도 평택시청,031-8024-4248,20260313
49호,기타,,경기도 화성시 동탄구 오산동 1030-19,37.1857734169,127.1013507637,1262.0,,,,,,,경기도 화성시 공원녹지사업소 동부공원관리과,031-5189-6961,20260201
48호 어린이공원(고덕국제화지구 율포리),어린이공원,,경기도 평택시 고덕면 율포리 480답,,,8114.0,,,,,,20150403,경기도 평택시청,031-8024-4248,20260313
광말 어린이공원,어린이공원,,경기도 평택시 이충동 631,37.0577974877,127.0629321143,1536.2,다리뻗치기+등허리지압기+옆파도타기+온몸근육풀기+온몸역기내리기+온몸허리돌리기,고무매트포장+조합놀이대,,,집수정,20020529,경기도 평택시청,031-8024-4248,20260313
신대쌈지 어린이공원,어린이공원,,경기도 평택시 신대동 418-9,36.9952623942,127.0667314898,2113.0,어깨근육풀기+옆파도타기+온몸역기내리기+온몸허리돌리기+족구장+족구지주+하늘걷기,고무칩포장+조합놀이대+흔들놀이,,,맹암거(간선)+맹암거(지선)+빗물받이뚜겅+우수관+측구수로관+트렌치뚜껑,20160229,경기도 평택시청,031-8024-4248,20260313
소공원 9호,소공원,,경기도 파주시 목동동 801,37.7309320456,126.7438389704,220.9,,,,,,,경기도 파주시청,031-940-8406,20250618
길음1리 마을쉼터,기타,경기도 평택시 오성면 길음1길 57-4,경기도 평택시 오성면 길음리 81-1,36.9890679516,126.9637324999,1147.0,등허리지압기+어깨근육풀기+온몸근육풀기+온몸허리돌리기+하늘걷기,흔들놀이,,,배수로+벤치플륨관 +수목보호덮개+스틸그레이팅+원심력수로관+집수정+트랜치+흉관,,경기도 평택시청,031-8024-4248,20260313
밤일제7소공원,소공원,경기도 광명시 밤일안로 19,경기도 광명시 하안동 883-3,37.4528336884,126.8630811959,625.0,,,,,,20090602,경기도 광명시청,02-2680-2887,20251209
바람 소공원 1호(동삭 세교지구),소공원,,경기도 평택시 동삭동 1371-2,,,1040.5,,,,,,20160419,경기도 평택시청,031-8024-4248,20260313
소공원3호(두정지구),소공원,,경기도 평택시 팽성읍 본정리 31-3답,,,839.0,,,,,,20131129,경기도 평택시청,031-8024-4248,20260313
원정22호 소공원(쌍용지구),소공원,,경기도 평택시 포승읍 원정리 281-1,36.996392097,126.8401782704,1367.0,,,,,,20120614,경기도 평택시청,031-8024-4248,20260313
6호 물빛4 수변공원(소사벌택지 이곡수변),수변공원,,경기도 평택시 비전동 1065 1093 1099,,,24015.0,레그프레스+트윈트위스트,,램프+자전거보관대,,PVC DC 엘보+U형플륨관 설치+수목보호대+압연강판+압연강판(디자인그레이팅)+우수관로+징검돌 쇄굴방지공+트랜치측구집수정,20071107,경기도 평택시청,031-8024-4248,20260313
생금공원,어린이공원,경기도 시흥시 죽율로 45-32,경기도 시흥시 죽율동 765,37.350593833,126.7582752593,7360.0,,,,,,20100225,경기도 시흥시청,031-310-3864,20251219
죽율공원,어린이공원,,경기도 시흥시 죽율동 755,37.3480537124,126.7621925632,1806.0,,,,,,,경기도 시흥시청,031-310-3864,20251219
꿈누리공원,어린이공원,,경기도 시흥시 정왕동 2759,37.3191120258,126.6976583565,2266.0,,,,,,,경기도 시흥시청,031-310-3865,20251219
꿈자람공원,어린이공원,,경기도 시흥시 정왕동 2788,37.3166466047,126.7031619334,1907.0,,,,,,,경기도 시흥시청,031-310-3865,20251219
여주IC앞소공원,소공원,,경기도 여주시 점봉동 233,37.2541111006,127.6479075939,987.0,,벤치,벤치,,,,경기도 여주시청,031-887-2603,20251222
법무단지앞 소공원1,소공원,,경기도 여주시 현암동 674,37.3118842751,127.6315192162,653.0,,파고라,파고라,,,,경기도 여주시청,031-887-2603,20251222
오이도공원,문화공원,경기도 시흥시 오이도1길 26-1,경기도 시흥시 정왕동 2022-6,37.3420892043,126.6902043268,18355.0,,조합놀이대,,,,20161230,경기도 시흥시청,031-310-3862,20251219
조남소공원,소공원,,경기도 시흥시 조남동 175-5,,,446.0,,놀이기구,,,,20100617,경기도 시흥시청,031-310-3862,20251219
해담공원,어린이공원,,경기도 시흥시 배곧동 94,37.3792466918,126.7279384541,2724.0,,조합놀이대,,,,,경기도 시흥시청,031-310-3863,20251219
갯마루공원,어린이공원,,경기도 시흥시 배곧동 109,37.3770892423,126.7299637627,1603.0,,조합놀이대,,,,,경기도 시흥시청,031-310-3863,20251219
도란1공원,소공원,,경기도 시흥시 배곧동 196-3,37.369173219,126.7285869461,1863.0,,,,,,,경기도 시흥시청,031-310-3870,20251219
갯골생태공원,근린공원,경기도 시흥시 동서로 287,경기도 시흥시 장곡동 724-32,37.3897919258,126.7812507272,1502560.0,,,,,,20080428,경기도 시흥시청,031-310-3869,20251219
오이도선사유적공원,역사공원,,경기도 시흥시 정왕동 914,37.3456602302,126.6952913506,335121.0,,,,,,,경기도 시흥시청,031-310-3869,20251219
도란2,소공원,,경기도 시흥시 배곧동 228-1,37.3674436516,126.7276566213,1863.0,,,,,,,경기도 시흥시청,031-310-3870,20251219
참전비 공원,근린공원,경기도 가평군 가평읍 가화로 64,경기도 가평군 가평읍 읍내리 365-1,37.8257588586,127.5163173504,3300.0,,잔디밭+벤치+광장,,조경녹지,,19710603,경기도 가평군청,031-580-2372,20260108
호명호수공원,문화공원,경기도 가평군 청평면 상지로64번길 77,경기도 가평군 청평면 상천리 1407-2,37.7658058781,127.4587287642,241538.0,,광장+산책로+지당+화계+폭포+휴게쉼터,화장실+나들센터,전시회랑+숲속공연장+야외교실,농특산물체험장,20070611,경기도 가평군청,031-580-2517,20260108
가평 체육공원,체육공원,경기도 가평군 가평읍 문화로 131,경기도 가평군 가평읍 대곡리 347,37.8256697632,127.5047043225,108512.0,축구장+체력단련시설+족구장+농구장+씨름장+체육관,,주차장+관리사무소,야외무대,광장+쉼터+창고,20030108,경기도 가평군청,031-8078-8073,20260108
다목적 체육공원,체육공원,,경기도 가평군 상면 연하리 220,37.8037549849,127.3471540299,25421.0,축구장+농구장+게이트볼장+체력단련장,잔디밭+휴게쉼터+광장,주차장+관리실+음수대,,,20090910,경기도 가평군청,031-580-4162,20260108
설악 체육공원,체육공원,경기도 가평군 설악면 신선봉로 78,경기도 가평군 설악면 선촌리 32-4,37.6849901958,127.4896452177,44241.0,테니스장+축구장,휴식공간+광장,관리사무소+주차장,,,20090910,경기도 가평군청,031-580-4066,20260108
하면 어린이공원,어린이공원,,경기도 가평군 조종면 현리 477-71,37.8111308729,127.3507038509,1540.0,주민체육시설+운동시설,어린이놀이터+조합놀이대+휴게쉼터+파고라+등의자,주차장,,휀스+도로,20150821,경기도 가평군청,031-580-2374,20260108
소공원 17호,소공원,,경기도 파주시 목동동 1121,37.7196007756,126.7383610472,531.3,,,,,,,경기도 파주시청,031-940-8406,20250618
소공원 18호,소공원,,경기도 파주시 동패동 1813,37.7150991731,126.741683596,361.3,,,,,,,경기도 파주시청,031-940-8406,20250618
소공원 19호,소공원,,경기도 파주시 동패동 1855,37.7151308204,126.738074266,177.2,,,,,,,경기도 파주시청,031-940-8406,20250618
소공원 20호,소공원,,경기도 파주시 동패동 1850,37.714776393,126.7374673485,690.2,,,,,,,경기도 파주시청,031-940-8406,20250618
송정지구 1호 어린인공원,어린이공원,,경기도 광주시 송정동 329-2,,,2034.8,,,,,,,광주도시관리공사,031-762-1039,20250820
송정지구 4호 소공원,소공원,,경기도 광주시 송정동 319-4,,,935.7,,,,,,,광주도시관리공사,031-762-1039,20250820
송정지구 5호 소공원,소공원,,경기도 광주시 송정동 198-1,,,909.3,,,,,,,광주도시관리공사,031-762-1039,20250820
송정지구 7호 소공원,소공원,,경기도 광주시 송정동 178-1,,,657.0,,,,,,,광주도시관리공사,031-762-1039,20250820
고산1호 근린공원,근린공원,,경기도 광주시 고산동 391,,,14645.3,멀티코트,,화장실,,,,광주도시관리공사,031-762-1039,20250820
고산1호 어린이공원,어린이공원,,경기도 광주시 고산동 347,,,4866.2,운동기구,조합놀이대,,,,,광주도시관리공사,031-762-1039,20250820
고산5호 어린이공원,어린이공원,,경기도 광주시 고산동 415-2,37.3733985603,127.2261075239,1499.9,,숲속 모험 놀이대,,,,,광주도시관리공사,031-762-1039,20250820
장지1호 소공원,소공원,,경기도 광주시 장지동 761,37.3903897193,127.2351260867,1127.0,,,,,,,광주도시관리공사,031-762-1039,20250820
고산2호 문화공원,문화공원,,경기도 광주시 고산동 483,,,8856.0,,,,,,20241008,광주도시관리공사,031-762-1039,20250820
고산7호 소공원,소공원,경기도 광주시 고산길 146,경기도 광주시 고산동 508,37.3747833285,127.2176339827,1420.0,,,,,,20241008,광주도시관리공사,031-762-1039,20250820
곤지암천 수변공원,수변공원,,경기도 광주시 곤지암읍 곤지암리 346-1,37.3499899451,127.3440455675,1042.0,,,,,,,광주도시관리공사,031-762-1039,20250820
파주출판단지 문화공원1,문화공원,경기도 파주시 회동길 37-16,경기도 파주시 문발동 528-1,37.706369501,126.6855423255,3757.0,,,,,,,경기도 파주시청,031-940-8406,20250618
당동지구,문화공원,경기도 파주시 문산읍 방촌로 1671,경기도 파주시 문산읍 당동리 907,37.8634639389,126.7806879807,11525.7,,,,,,,경기도 파주시청,031-940-8406,20250618
신촌산업단지 소공원 2호,소공원,,경기도 파주시 신촌동 722-3,37.7306385716,126.6948644338,4541.0,,,,,,,경기도 파주시청,031-940-8406,20250618
통일동산(계절화원),소공원,,경기도 파주시 탄현면 성동리 669-3,37.78108143,126.6879582405,7274.0,,,,,,,경기도 파주시청,031-940-8406,20250618
탄현주상복합(숯고개향나무),어린이공원,,경기도 고양시 일산서구 탄현동 1639,37.693123438,126.7631950792,4733.0,체력단련시설,조합놀이대+흔들놀이대+놀이집,,,,20090116,경기도 고양시 푸른도시사업소,031-8075-4341,20251215
문화공원1,문화공원,,경기도 고양시 일산서구 대화동 2600-1,37.6685760237,126.7416646678,8587.4,,,,,,20090626,경기도 고양시 푸른도시사업소,031-8075-4341,20251215
문화공원2,문화공원,,경기도 고양시 일산서구 대화동 2600-2,37.6674265364,126.7447740694,17166.9,,,,,,20090626,경기도 고양시 푸른도시사업소,031-8075-4341,20251215
국제전시2단계(제1호문화공원),문화공원,,경기도 고양시 일산서구 대화동 2718,37.6668141865,126.7432459186,4457.0,,,,,,20090703,경기도 고양시 푸른도시사업소,031-8075-4341,20251215
양근소공원(17호),소공원,,경기도 양평군 양평읍 양근리 800,37.4995044801,127.4921070008,1931.3,,,앉음벽,,,20140526,경기도 양평군청,031-770-2358,20250423
농업체험,근린공원,경기도 고양시 일산서구 대수길 31-5,경기도 고양시 일산서구 대화동 2316,37.6746912358,126.7385955836,29812.0,체력단련시설,,화장실,,조형물,20130315,경기도 고양시 푸른도시사업소,031-8075-4341,20251215
고양생태,근린공원,경기도 고양시 일산서구 대화로 315,경기도 고양시 일산서구 대화동 2330,37.6839564647,126.7441487558,56712.0,,,화장실,생태교육학습센터,,20130315,경기도 고양시 푸른도시사업소,031-8075-4341,20251215
고양피크닉시민공원,근린공원,경기도 고양시 일산서구 대화로 355,경기도 고양시 일산서구 대화동 2337,37.6853640915,126.7486256387,18125.4,게이트볼장+족구장+체력단련시설,조합놀이대,화장실,,야외무대+피크닉장,20130315,경기도 고양시 푸른도시사업소,031-8075-4341,20251215
성라,근린공원,경기도 고양시 덕양구 고양대로 1432번길 84-18,경기도 고양시 덕양구 성사동 267,37.6471148087,126.8443090704,543650.0,체력단련시설+실내배드민턴장+테니스장,조합놀이대,주차장+화장실,유아숲체험원,피크닉장,19710927,경기도 고양시 푸른도시사업소,031-8075-4318,20251215
지도,근린공원,경기도 고양시 덕양구 행당로11번길 42,경기도 고양시 덕양구 토당동 3-39,37.6219975686,126.8272034942,173813.0,야외배드민턴장+축구장+테니스장+농구장+게이트볼장+실내배드민턴장+체력단련시설,조합놀이대,주차장+화장실,청소년수련관,경로당,19710927,경기도 고양시 푸른도시사업소,031-8075-4319,20251215
행주산성,역사공원,,경기도 고양시 덕양구 행주외동 53-13,37.6031305684,126.823317488,410245.0,,,주차장+화장실,고양인재교육원,행주산성문화재+전망대,19710927,경기도 고양시 행주산성관리사업소,031-8075-4640,20251215
탄현 4(숯고개),어린이공원,경기도 고양시 일산서구 홀트로 16-2,경기도 고양시 일산서구 탄현동 1486,37.6939839077,126.7663125986,1500.0,체력단련시설,조합놀이대+흔들놀이대+놀이집,화장실,,,19901219,경기도 고양시 푸른도시사업소,031-8075-4341,20251215
탄현 2(황룡산),어린이공원,,경기도 고양시 일산서구 탄현동 1554,37.6975807288,126.7714027186,1811.0,체력단련시설,조합놀이대+흔들놀이대+암벽오르기,,,,19901219,경기도 고양시 푸른도시사업소,031-8075-4341,20251215
토성,어린이공원,경기도 고양시 일산서구 성저로50번길 23,경기도 고양시 일산서구 대화동 2065,37.6841372415,126.7541384725,3659.0,체력단련시설,조합놀이대+그네+시소+흔들놀이대,,,,19910629,경기도 고양시 푸른도시사업소,031-8075-4341,20251215
가와지,어린이공원,경기도 고양시 일산서구 일산로695번길 47,경기도 고양시 일산서구 대화동 2113,37.6798934562,126.7557913162,1994.0,,조합놀이대+그네+흔들놀이대+철봉,,,,19910629,경기도 고양시 푸른도시사업소,031-8075-4341,20251215
어린이공원 1호(황해경제자유구역 현덕지구),어린이공원,,경기도 평택시 현덕면 권관리 796-6,36.9268790301,126.9062746366,1500.0,,,,,,20160617,경기도 평택시청,031-8024-4248,20260313
장터골 어린이공원(안중지구 택지개발),어린이공원,,경기도 평택시 안중읍 현화리 843-3,36.9830997037,126.9233333782,4875.4,등허리지압기+마라톤달리기+배드민턴장+배드민턴지주대+어깨근육풀기+옆파도타기+온몸노젓기+하늘걷기,고무칩포장+그네+그네보호대+시소+조합놀이대+흔들놀이,음수전+화장실,,상수관+연결관+제수변+집수정+트랜치,19950502,경기도 평택시청,031-8024-4248,20260313
배미 어린이공원,어린이공원,경기도 평택시 평택5로20번길 15,경기도 평택시 합정동 969,36.9885755968,127.1129658896,5195.0,고무칩포장+마라톤운동기+온몸노젓기+온몸역기올리기+온몸허리돌리기,고무칩포장+조합놀이대+흔들놀이,,,공사 기념비+수목보호덮개+트랜치,20050104,경기도 평택시청,031-8024-4248,20260313
화촌1 소공원,소공원,경기도 평택시 화촌2길 7 (통복동),경기도 평택시 통복동 242-2,36.9925560977,127.0724334417,1176.0,다리뻗치기+등허리지압기+어깨근육풀기+온몸근육풀기+온몸허리돌리기+윗몸일으키기,고무매트포장+고무칩포장+그네+그네보호대+시소+조합놀이대,,,배수관(다발관)+빗물받이+집수정가림막+흉관,20090922,경기도 평택시청,031-8024-4248,20260313
수변공원 7호(고덕국제화지구 여염리),수변공원,,경기도 평택시 고덕면 여염리 362-1답,,,35231.0,,,,,,20130104,경기도 평택시청,031-8024-4248,20260313
두드림,근린공원,경기도 시흥시 배곧4로 32-5,경기도 시흥시 배곧동 134,37.3766220913,126.7281897946,46561.0,,,,,,20111004,경기도 시흥시청,031-310-3863,20251219
대반2리 마을쉼터,기타,,경기도 평택시 안중읍 대반리 208-8,36.9886333405,126.9525419892,1000.0,마라톤운동기+배드민턴지주대+온몸근육풀기+온몸역기내리기+온몸허리돌리기+하늘걷기,미끄럼틀,음수대,,우수관+원형수로관+자연석쌓기+집수정,,경기도 평택시청,031-8024-4248,20260313
통복 어린이공원,어린이공원,경기도 평택시 중앙1로 21,경기도 평택시 통복동 73,36.9984259005,127.0855498121,2821.0,농구대+농구장+등허리지압기+발바닥지압대(반원형)+어깨근육풀기+옆파도타기+온몸역기내리기+온몸허리돌리기+윗몸일으키기+철봉+하늘걷기,고무칩포장+그네+그네보호대+시소+조합놀이대,화장실,,수목보호대+오수관+조형석+조형탑(봉사의탑)+집수정+흉관,19890830,경기도 평택시청,031-8024-4248,20260313
놀이 어린이공원(서재지구 80호),어린이공원,,경기도 평택시 동삭동 683-1,37.0085570365,127.092540029,1527.0,등허리지압기+마라톤운동기+온몸노젓기,고무칩(적색)+그네+그네보호대+시소+조합놀이대+회전놀이대+흔들놀이,,,소화전+우수관+집수정+측구수로관,20050105,경기도 평택시청,031-8024-4248,20260313
용죽 역사공원(용죽지구),역사공원,경기도 평택시 용죽1로 72,경기도 평택시 용이동 660,36.9975431477,127.1264853719,36140.4,,강아지흔들놀이대+고양이흔들놀이대+그네놀이대+놀이시설 경계+양흔들놀이대+조합놀이대2,자전거보관대+화장실,,U형측구+배수관+오수관(PVC PIPE)+오수맨홀+집수정+판넬식옹벽,20101124,경기도 평택시청,031-8024-4248,20260313
조개터2호 어린이공원,어린이공원,,경기도 평택시 합정동 930-1,36.9877358345,127.1034525531,1997.0,온몸근육풀기+하늘걷기+허리돌리기,그네(2인용)+시소(2인용)+조합놀이대,,,PE빗물받이+집수정+측구수로관,19890830,경기도 평택시청,031-8024-4248,20260313
탄현주상복합(탄현통나무),어린이공원,,경기도 고양시 일산서구 탄현동 1637,37.6951431067,126.764219836,3488.8,,,,,,20120629,경기도 고양시 푸른도시사업소,031-8075-4341,20251215
상가 어린이공원,어린이공원,경기도 평택시 세교3로 32,경기도 평택시 세교동 562-6,36.9999895845,127.0816077126,1483.0,등허리지압기+어깨근육풀기+옆파도타기+온몸허리돌리기+하늘걷기,고무칩포장+그네+그네보호대+모래포장+시소+조합놀이대+흔들놀이,화장실,,맹암거(간선)+맹암거(지선)+수목보호대+수목보호홀덮개+우수관+집수정,19920313,경기도 평택시청,031-8024-4248,20260313
풍진 소공원(신설),소공원,,경기도 평택시 서정동 833,37.0671093561,127.0552587766,850.0,,,,,,19800129,경기도 평택시청,031-8024-4248,20260313
제4호 문화공원,문화공원,,경기도 가평군 가평읍 달전리 705,37.809331993,127.522173967,1763.7,,놀이마당+조합놀이대,잔디마당+가제보+평의자,,산책로+중앙광장,20110317,경기도 가평군청,031-580-2372,20260108
가평 근린공원,근린공원,경기도 가평군 가평읍 장터길 14,경기도 가평군 가평읍 읍내리 395-1,37.8289676089,127.5158521524,23558.0,,레일바이크+매표소,화장실+주차장,,화단+파고라,20150130,경기도 가평군청,031-580-2372,20260108
제5호 문화공원,문화공원,,경기도 가평군 가평읍 대곡리 243-16,,,3000.0,,,,어린이놀이체험시설,잔디마당+소나무동산+휴게마당,20161226,경기도 가평군청,031-580-4989,20260108
제6호 문화공원,문화공원,,경기도 가평군 가평읍 대곡리 144-14,,,1783.0,,,,,휴게마당,20161226,경기도 가평군청,031-580-4989,20260108
청평 어린이공원,어린이공원,,경기도 가평군 청평면 청평리 79-119,37.7352034497,127.4176779963,1660.0,운동시설,어린이놀이터+조합놀이대+흔들놀이+시소+놀이집,,,도로+광장+플랜터+수목보호대+파고라+의자+앉음벽,19871205,경기도 가평군청,031-580-2374,20260108
광교중앙,근린공원,,경기도 수원시 영통구 이의동 1302,37.2938974547,127.0606537793,554650.2,,조형수로1+생태연못1,화장실1,,,,경기도 수원시 영통구 녹지공원과,031-5191-8331,20260115
제12호 소공원,소공원,경기도 가평군 가평읍 석봉로191번길 37,경기도 가평군 가평읍 읍내리 1054,37.8314471511,127.5058183523,589.5,,,,,도로+광장+쉼터+파고라+앉음벽+평의자+디딤석+녹지,20190131,경기도 가평군청,031-580-2372,20260108
해가든공원,어린이공원,,경기도 시흥시 미산동 350-16,37.4203990979,126.7954754605,1500.0,,조합놀이대+시소 등,,,,20051010,경기도 시흥시청,031-310-3894,20251219
목감공원,근린공원,경기도 시흥시 솔고개길 33,경기도 시흥시 목감동 398,37.3855642212,126.8612897865,15152.0,,,화장실+주차장,,,20071108,경기도 시흥시청,031-310-3872,20251219
꿈자람공원,어린이공원,,경기도 시흥시 목감동 421,37.3838057856,126.8636410401,1522.0,,,,,,20071108,경기도 시흥시청,031-310-3865,20251219
시화 1소공원,소공원,,경기도 시흥시 정왕동 876-131,37.3480479197,126.7482616713,2370.0,체육시설,,,,,20090703,경기도 시흥시청,031-310-3865,20251219
나래농업공원,도시농업공원,,경기도 시흥시 정왕동 2798,37.315483283,126.7043225083,10002.0,,,,,,20091022,경기도 시흥시청,031-310-3865,20251219
파코스,소공원,경기도 시흥시 군자로 499,경기도 시흥시 거모동 1508-8,37.3456214738,126.7851493127,1620.0,,,,,,20100617,경기도 시흥시청,031-310-3871,20251219
연성1지구 소공원,소공원,,경기도 시흥시 하상동 산11-3,37.3904878071,126.8107262905,5310.0,배드민턴장+체육시설,,,,,20100617,경기도 시흥시청,031-310-3871,20251219
배곧생명,근린공원,경기도 시흥시 배곧2로 25,경기도 시흥시 배곧동 187,37.3713951834,126.721467027,232456.0,,조합놀이대+시소 등,주차장+화장실+관리사무소+카페,야외무대,,20111004,경기도 시흥시청,031-310-3863,20251219
개나리 어린이공원,어린이공원,경기도 평택시 세교2로 50,경기도 평택시 세교동 559-2,37.000229568,127.0832023254,1999.0,,고무매트포장+그네+그네보호대,화장실,,집수정,19920313,경기도 평택시청,031-8024-4248,20260313
숲속향기공원,근린공원,,경기도 시흥시 배곧동 11,37.3828234867,126.7331046805,9999.0,,,,,,20111004,경기도 시흥시청,031-310-3863,20251219
도담공원,어린이공원,경기도 시흥시 목감남서로 92-15,경기도 시흥시 산현동 496,37.3745139018,126.8416521442,1556.0,,,,,,20111004,경기도 시흥시청,031-310-3872,20251219
물빛공원,근린공원,경기도 시흥시 배곧4로 81-80,경기도 시흥시 배곧동 62,37.3750180481,126.7351861825,10358.0,,,,,,20111004,경기도 시흥시청,031-310-3863,20251219
너울길공원,근린공원,,경기도 시흥시 배곧동 259,,,12466.0,,,,,,20111004,경기도 시흥시청,031-310-3863,20251219
통일동산(5) 근린공원,소공원,,경기도 파주시 탄현면 법흥리 1652-343,37.7868673434,126.6966675322,2623.0,,,,,,,경기도 파주시청,031-940-8406,20250618
통일동산(6) 근린공원,소공원,,경기도 파주시 탄현면 법흥리 1652-403,37.7866103597,126.6988680988,8629.0,,,,,,,경기도 파주시청,031-940-8406,20250618
월롱산업단지 소공원,소공원,,경기도 파주시 월롱면 능산리 663-1,37.8296893968,126.779868328,5317.3,,,,,,,경기도 파주시청,031-940-8406,20250618
문산산업단지 당동지구,소공원,,경기도 파주시 문산읍 당동리 877,37.8698257597,126.7818907886,8013.7,,,,,,,경기도 파주시청,031-940-8406,20250618
축현산업단지 소공원,소공원,,경기도 파주시 탄현면 축현리 985,37.8054837751,126.7432542797,1086.8,,,,,,,경기도 파주시청,031-940-8406,20250618
무건리 소공원 2,소공원,,경기도 파주시 법원읍 가야리 379,37.84860469,126.8649836113,132.5,,,,,,,경기도 파주시청,031-940-8406,20250618
무건리 소공원 3,소공원,,경기도 파주시 법원읍 가야리 380-16,37.848360188,126.8663283076,3580.1,,,,,,,경기도 파주시청,031-940-8406,20250618
적성산업단지 소공원,소공원,,경기도 파주시 적성면 가월리 1855-8,37.9693042603,126.9097791829,3580.1,,,,,,,경기도 파주시청,031-940-8406,20250618
축현2산업단지 소공원1,소공원,,경기도 파주시 탄현면 금승리 609,37.820535956,126.7334584329,1165.6,,,,,,,경기도 파주시청,031-940-8406,20250618
대쌍령 1호 어린이공원,어린이공원,,경기도 광주시 초월읍 대쌍령리 502,37.3904281262,127.2942208767,6830.0,,,,,,,광주도시관리공사,031-762-1039,20250820
마석신도2차2호소공원,소공원,,경기도 남양주시 화도읍 묵현리 625-4,37.662081593,127.3001062566,335.0,,,,,,,경기도 남양주시청,031-590-4993,20260319
도람근린공원 물놀이장,근린공원,경기도 광주시 광주역로 43 (역동),경기도 광주시 역동 412,37.400744609,127.2503587947,18130.0,운동기구,바닥분수+조합놀이대,화장실,,,,광주도시관리공사,031-762-1039,20250820
삼동1호 어린이공원(삼동물놀이터),어린이공원,경기도 광주시 순암로 517-5,경기도 광주시 삼동 508,37.4106554012,127.1982328973,2907.0,,,,,,,광주도시관리공사,031-762-1039,20250820
이화 근린공원(용이지구 2호),근린공원,경기도 평택시 이화로 28,경기도 평택시 용이동 483,36.999853883,127.1451081532,16742.0,마라톤운동기+옆파도타기+온몸근육풀기+온몸역기내리기+온몸허리돌리기+윗몸일으키기+자유철봉기,조합놀이대+탄성고무칩포장+흔들놀이,음수전+화장실,,PVC이중벽관+U형측구+떼수로+배수로+상수관로+새들분수전,20031204,경기도 평택시청,031-8024-4248,20260313
죽백 근린공원(용죽지구),근린공원,경기도 평택시 죽백3로 36,경기도 평택시 용이동 647-1,36.9982455738,127.1205816441,49638.6,옆파도타기운동+오금펴기운동+온몸근육풀기운동+하늘걷기운동+허리돌리기운동,그네놀이대+놀이시설 경계+조합놀이대1+흔들놀이대,자전거보관대+화장실,,배수관+오수관(토목공사분)(PVC PIPE)+오수맨홀(토목공사분)+집수정+측구수로관,20101124,경기도 평택시청,031-8024-4248,20260313
동삭 근린공원(동삭지구 1호),근린공원,경기도 평택시 동삭1로22번길 40 (동삭동 지제더샵센트럴파크아파트),경기도 평택시 동삭동 0,,,11039.0,,,,,,20090309,경기도 평택시청,031-8024-4248,20260313
모산 근린공원,근린공원,,경기도 평택시 동삭동 396,37.0141474596,127.0934653464,277794.0,어깨근육풀기+옆파도타기+온몸노젓기+온몸허리돌리기+하늘걷기,,화장실,,게이트벨브+빗물받이+상수관+오수관+오수맨홀+오수받이+우수관+집수정,19890819,경기도 평택시청,031-8024-4248,20260313
배나무 근린공원(소사벌택지 4호),근린공원,,경기도 평택시 죽백동 764공,,,44947.1,고무칩포장+레그프레스+롤링웨이스트(일반형)+바디싣업+스텝싸이클+스트레칭로라+원형뜀틀+체어웨이트+크로스컨트리+트윈트위스트,,자전거보관대,,스틸그레이팅+압연강판그레이팅+옹벽+우수관로(PVC이중벽관)+월류관+집수정-녹지용+집수정-포장용+측구수로관(녹지용)+측구수로관(포장용),20071107,경기도 평택시청,031-8024-4248,20260313
법원2일반산업단지 소공원1,소공원,,경기도 파주시 법원읍 대능리 576,37.8422560706,126.8597144146,4530.2,,,,,,,경기도 파주시청,031-940-8406,20250618
갓띠,어린이공원,,경기도 수원시 권선구 입북동 811,37.296162637,126.959509125,2700.0,,조합놀이대1+바닥분수1,,,음수대1,,경기도 수원시 권선구 녹지공원과,031-5191-6195,20260115
선일,어린이공원,경기도 수원시 권선구 권중로 124,경기도 수원시 권선구 권선동 1275,37.2487422814,127.0304652672,2856.9,,조합놀이대1,화장실1,,,,경기도 수원시 권선구 녹지공원과,031-5191-6195,20260115
권선,어린이공원,경기도 수원시 권선구 경수대로 302번길 29,경기도 수원시 권선구 권선동 1185-1,37.2536222956,127.0223159483,2974.4,다목적구장(배드민턴+족구)2,조합놀이대1,화장실1,,,,경기도 수원시 권선구 녹지공원과,031-5191-6195,20260115
버드내,어린이공원,경기도 수원시 권선구 수원천로 24,경기도 수원시 권선구 세류동 463-1,37.2573471817,127.0096058165,2003.6,,조합놀이대1,노인정1,,,,경기도 수원시 권선구 녹지공원과,031-5191-6195,20260115
소담,어린이공원,경기도 수원시 영통구 태장로 84,경기도 수원시 영통구 망포동 544-11,37.2389687138,127.0555322084,907.0,,,,,,,경기도 수원시 영통구 녹지공원과,031-5191-8331,20260115
36호소공원,소공원,,경기도 수원시 권선구 호매실동 1392,37.2601193444,126.957384089,5567.8,,휴게쉼터,,,,,경기도 수원시 권선구 녹지공원과,031-5191-6195,20260115
62호소공원,소공원,,경기도 수원시 권선구 금곡동 1090,37.2725152507,126.9423020214,339.6,,휴게쉼터,,,,,경기도 수원시 권선구 녹지공원과,031-5191-6195,20260115
69호소공원,소공원,,경기도 수원시 권선구 권선동 1352-65,37.2364421224,127.0234349166,489.0,,휴게쉼터,,,,,경기도 수원시 권선구 녹지공원과,031-5191-6195,20260115
73호소공원,소공원,경기도 수원시 팔달구 팔달문로 57번길 79,경기도 수원시 팔달구 지동 273-9,37.2827350993,127.0240046142,140.0,,휴게쉼터,,,,,경기도 수원시 화성사업소 문화유산시설과,031-5191-4473,20260115
김서,어린이공원,,경기도 고양시 일산서구 대화동 2235,37.673637525,126.7460472352,3002.5,체력단련시설,조합놀이대,,,,19910629,경기도 고양시 푸른도시사업소,031-8075-4341,20251215
강서,어린이공원,경기도 고양시 일산서구 호수로838번길 55-7,경기도 고양시 일산서구 대화동 2265,37.6721911845,126.7507315304,3217.0,체력단련시설,조합놀이대+정글짐+시소+흔들놀이대,화장실,,,19910629,경기도 고양시 푸른도시사업소,031-8075-4341,20251215
문촌,어린이공원,경기도 고양시 일산서구 주엽로 173-4,경기도 고양시 일산서구 주엽동 10,37.6747456443,126.758450873,4901.0,체력단련시설,조합놀이대+그네+흔들놀이대,화장실,,,19910629,경기도 고양시 푸른도시사업소,031-8075-4341,20251215
색동(제1호) 어린이공원(영신지구),어린이공원,,경기도 평택시 세교동 산215,37.0207580571,127.0796805401,2680.6,,,,,,20100129,경기도 평택시청,031-8024-4248,20260313
오거리,어린이공원,경기도 고양시 일산서구 주엽로 220-4,경기도 고양시 일산서구 주엽동 34,37.6760639231,126.7645839927,4001.0,,조합놀이대+그네+시소+흔들놀이대,화장실,,,19910629,경기도 고양시 푸른도시사업소,031-8075-4341,20251215
온천공원,근린공원,경기도 이천시 애련정로136번길 84,경기도 이천시 창전동 503,37.2822042462,127.4523499136,114600.0,축구장+배드민턴장+농구장,조합놀이대,주차장+화장실,대공연장,,19761207,경기도 이천시청,031-645-3831,20250221
희망공원,어린이공원,경기도 이천시 설봉로 43번길 49,경기도 이천시 관고동 21,37.282097463,127.4361507707,683.0,농구대,조합놀이대,,,,19890807,경기도 이천시청,031-645-3831,20250221
소사1 어린이공원(소사지구),어린이공원,,경기도 평택시 소사동 525,36.9893813723,127.1242837632,1480.0,,그네+시소+조합놀이대+탄성고무칩포장,,,,20050509,경기도 평택시청,031-8024-4248,20260313
5호 근린공원(고덕국제화지구 율포리),근린공원,,경기도 평택시 고덕면 율포리 512-6잡,,,38267.0,,,,,,20130104,경기도 평택시청,031-8024-4248,20260313
용이2호 어린이공원(용이지구),어린이공원,,경기도 평택시 용이동 447-1,36.9983531504,127.1393797692,1849.0,마라톤운동기+옆파도타기+온몸근육풀기+윗몸일으키기+탄성고무칩포장,그네+그네보호대+시소+조합놀이대+탄성고무칩포장+흔들놀이,,,집수정+흉관,20031204,경기도 평택시청,031-8024-4248,20260313
수변공원 11호(고덕국제화지구 여염리),수변공원,,경기도 평택시 고덕동 2116-2,37.042884755,127.0472927178,10405.7,,,,,,20130104,경기도 평택시청,031-8024-4248,20260313
향교공원,어린이공원,경기도 이천시 설봉로 81번길 34,경기도 이천시 창전동 408,37.2849015846,127.437592396,1757.0,,조합놀이대,,,,19890807,경기도 이천시청,031-645-3831,20250221
태극공원,어린이공원,경기도 이천시 서희로96번길 23(창전동),경기도 이천시 창전동 435-8,37.2841392589,127.445410822,1200.0,농구대,조합놀이대,,,,19890807,경기도 이천시청,031-645-3831,20250221
공흥 양근공원,소공원,,경기도 양평군 양평읍 양근리 718,37.487487453,127.4986904562,768.0,,,파고라,,,20190128,경기도 양평군청,031-770-2358,20250423
경남아너스빌 어린이공원,어린이공원,,경기도 평택시 비전동 927,36.9951017302,127.1096663571,1625.0,다리뻗치기+온몸노젓기+온몸허리돌리기+윗몸일으키기,놀이집+조합놀이대+탄성고무칩포장+흔들놀이,,,U형측구+자연석쌓기+집수정,20160229,경기도 평택시청,031-8024-4248,20260313
별내택지어린이공원3,어린이공원,경기도 남양주시 별내3로 285,경기도 남양주시 별내동 854번지 남양주별내아이파크,37.6621564871,127.1187474324,2743.0,,,,,,,경기도 남양주시청,031-590-8676,20260319
양벌소공원,소공원,경기도 광주시 양촌길 123(양벌동),경기도 광주시 양벌동 1040-1,37.3709307308,127.2479164603,1967.0,,조합놀이대(짚라인+그네 등),화장실 겸 탈의실+음수대,,안내판,20080527,광주도시관리공사,031-762-1039,20250820
초월2소공원,소공원,,경기도 광주시 초월읍 무갑리 913,37.4156661243,127.3123926586,3560.0,,,,,,20141201,광주도시관리공사,031-762-1039,20250820
태전9지구 제1소공원,소공원,경기도 광주시 회안대로 350-14(태전동),경기도 광주시 태전동 694,37.3846801481,127.2370261745,762.0,,,,,,20040507,광주도시관리공사,031-762-1039,20250820
태전5지구 1호근린공원,근린공원,경기도 광주시 태전동로 51,경기도 광주시 태전동 701,37.3842224615,127.2338987704,119123.0,운동기구+배드민턴장+농구대,,화장실,,,20080905,광주도시관리공사,031-762-1039,20250820
옥구가람공원,근린공원,경기도 시흥시 서해안로 347,경기도 시흥시 배곧동 286,37.3568015707,126.7132167841,51734.0,,,,,,20111004,경기도 시흥시청,031-310-3863,20251219
문화공원,문화공원,,경기도 시흥시 정왕동 2134,37.3334449004,126.7458731449,14346.0,,,,,,20111028,경기도 시흥시청,031-310-3862,20251219
힘찬공원,체육공원,경기도 시흥시 엠티브이북로 253,경기도 시흥시 정왕동 2659,37.3180317882,126.7048406952,38552.0,,,,,,20111104,경기도 시흥시청,031-310-3865,20251219
해찬공원,어린이공원,,경기도 시흥시 산현동 519,37.3729161888,126.8477758762,1517.0,,,,,,20111221,경기도 시흥시청,031-310-3872,20251219
수풀안공원,어린이공원,,경기도 시흥시 조남동 722,37.3795231912,126.8634206747,1697.0,,,,,,20111221,경기도 시흥시청,031-310-3872,20251219
다니공원,체육공원,경기도 시흥시 마산로 43,경기도 시흥시 조남동 689,37.3758211424,126.8564366654,12096.0,,,,,,20111221,경기도 시흥시청,031-310-3872,20251219
새미공원,체육공원,,경기도 시흥시 조남동 705,37.377396846,126.8576072547,15911.0,,,,,,20111221,경기도 시흥시청,031-310-3872,20251219
남왕소공원,소공원,,경기도 시흥시 목감동 400,37.3835462483,126.8608555729,882.0,,,,,,20140922,경기도 시흥시청,031-310-3872,20251219
새늘공원,문화공원,경기도 시흥시 동서로 902-20,경기도 시흥시 산현동 495,37.3779461657,126.8461740007,4653.0,,,,,,20140922,경기도 시흥시청,031-310-3872,20251219
정왕동 체육4공원,체육공원,경기도 시흥시 함송로13번길 17,경기도 시흥시 정왕동 1878-1,37.3654012845,126.7311392836,11676.0,,,,,,20141231,경기도 시흥시청,031-310-3864,20251219
따오기문화공원,문화공원,경기도 시흥시 동서로 914,경기도 시흥시 산현동 16-9,37.3783487641,126.845628346,4793.0,,,,,,20200813,경기도 시흥시청,031-310-3873,20251219
오난산전망공원,근린공원,,경기도 시흥시 은행동 622,37.4420610771,126.8064694378,91454.0,,,,,,20100427,경기도 시흥시청,031-310-3892,20251219
검바위하늘공원,근린공원,,경기도 시흥시 은행동 654,37.431431322,126.7996937763,20127.0,,,,,,20100427,경기도 시흥시청,031-310-3892,20251219
신리어린이공원,어린이공원,,경기도 용인시 수지구 신봉동 881,37.3227761072,127.0815884699,1500.0,,,,,,20000531,,,20250801
은계숲생태공원,근린공원,경기도 시흥시 은계로 300,경기도 시흥시 대야동 674,37.448441279,126.800418046,26975.0,,,,,,20100427,경기도 시흥시청,031-310-3892,20251219
한마음건강공원,근린공원,,경기도 시흥시 대야동 663,37.4540646497,126.7989897728,21257.0,,,,,,,경기도 시흥시청,031-310-2694,20251219
밤비천물길공원,수변공원,,경기도 시흥시 대야동 642-64,,,43074.0,,,,,,20100427,경기도 시흥시청,031-310-3892,20251219
은행천물길공원,수변공원,,경기도 시흥시 은행동 602-30,,,62679.0,,,,,,20100427,경기도 시흥시청,031-310-3892,20251219
매화체육공원1,체육공원,,경기도 시흥시 매화동 154-1,37.4161361383,126.823479637,19084.0,,,,,,20171023,경기도 시흥시청,031-310-3894,20251219
매화체육공원2,체육공원,경기도 시흥시 매화로94번길 27,경기도 시흥시 매화동 306,37.4110146459,126.8123373291,28675.0,,,,,,20171023,경기도 시흥시청,031-310-3894,20251219
법원2일반산업단지 소공원2,소공원,,경기도 파주시 법원읍 대능리 530-2,37.8363976707,126.85179756,919.0,,,,,,,경기도 파주시청,031-940-8406,20250618
연풍리공동주택 소공원,소공원,,경기도 파주시 파주읍 연풍리 485,37.8280460621,126.8458598095,1658.7,,,,,,,경기도 파주시청,031-940-8406,20250618
오산공원,소공원,,경기도 파주시 조리읍 오산리 396-14,37.7728903024,126.8373375884,816.0,,,,,,,경기도 파주시청,031-940-8406,20250618
꿈문화공원,문화공원,,경기도 의정부시 신곡2동 669-2,37.7447776892,127.0576677335,3213.0,허리돌리기+ 공중걷기+ 파도타기 등,조합놀이대+ 그네+ 흔들놀이기구,,,공원등+ CCTV 등,,경기도 의정부시청,031-828-2414,20250620
능골문화공원,문화공원,,경기도 의정부시 신곡2동 685-3,37.7431019751,127.0610618711,2066.0,허리돌리기+ 공중걷기+ 파도타기 등,조합놀이대+ 그네+ 흔들놀이기구,,,공원등+ CCTV 등,,경기도 의정부시청,031-828-2414,20250620
바리소리어린이공원,어린이공원,,경기도 의정부시 신곡1동 727-2,37.7282981457,127.0621576919,1897.0,,조합놀이대+ 흔들놀이기구,,,공원등+ CCTV 등,,경기도 의정부시청,031-828-2414,20250620
그루터기,어린이공원,,경기도 광명시 소하동 1319,37.4485701276,126.8886578008,8421.0,,,,,수경시설,20040106,경기도 광명시청,02-2680-2887,20251209
장안,근린공원,경기도 부천시 오정구 지양로152번길 109-1,경기도 부천시 오정구 고강동 산94-8,37.5228535337,126.819912834,9886.0,,조합놀이대 등 7개,화장실,,,20150706,경기도 부천시청,032-625-4843,20250731
배다리 근린공원(소사벌택지 5호),근린공원,,경기도 평택시 죽백동 800공,,,277072.9,고무칩포장+다리뻗치기+등허리지압기+스텝싸이클+어깨근육풀기+옆파도타기+온몸역기올리기+온몸허리돌리기+윗몸일으키기+하늘걷기,고무칩포장+조형나무폴+클라이밍,램프+음수대+자전거보관대+화장실,,PE원형개량오수받이+배수관(PVC이중벽관)+벤치플륨관+스틸그레이팅+우수관로(PVC이중벽관+관급)+원형맨홀+자연석쌓기+준공기념비+집수정+집수정-녹지용+집수정-트렌치용+측구수로관+트랜치,20071107,경기도 평택시청,031-8024-4248,20260313
비전 근린공원(매봉산),근린공원,경기도 평택시 매봉산5길 29 (비전동),경기도 평택시 비전동 274-6,36.9956106985,127.1032203854,68385.6,,,,,,19751115,경기도 평택시청,031-8024-4248,20260313
하늘빛어린이공원,어린이공원,,경기도 의정부시 신곡1동 702-4,37.7326452881,127.056215792,2262.0,파도타기+ 공중걷기+ 허리돌리기,조합놀이대+ 그네+ 흔들놀이기구 등,,,공원등+ CCTV 등,,경기도 의정부시청,031-828-2414,20250620
청룡어린이공원,어린이공원,,경기도 의정부시 신곡1동 725-1,37.7285889812,127.056893137,2031.0,,조합놀이대+ 그네+ 흔들놀이기구,,,공원등+ CCTV 등,,경기도 의정부시청,031-828-2414,20250620
평화어린이공원,어린이공원,,경기도 의정부시 민락동 692-5,37.7408767603,127.0948720814,4132.0,허리돌리기+ 평행봉+ 철봉,조합놀이대+ 그네+ 흔들놀이기구,,,공원등+ CCTV 등,,경기도 의정부시청,031-828-4054,20250620
점말문화공원,문화공원,,경기도 의정부시 민락동 695-2,37.7404999878,127.0967347232,2508.0,허리돌리기+ 팔돌리기 등,,,,공원등+ CCTV 등,,경기도 의정부시청,031-828-4054,20250620
큰솔근린공원,근린공원,,경기도 용인시 기흥구 보정동 1269,37.3151331691,127.1108960612,40792.0,,,,,,20010209,,,20250801
오동어린이공원,어린이공원,,경기도 의정부시 민락동 706-1,37.7406383584,127.091096814,1788.0,허리돌리기+ 농구장,조합놀이대+ 그네,,,공원등+ CCTV 등,,경기도 의정부시청,031-828-4054,20250620
무지개문화공원,문화공원,,경기도 의정부시 녹양동 380-1,37.7593464367,127.0334677014,1757.0,허리돌리기+ 파도타기+ 공중걷기 등,조합놀이대+ 그네+ 흔들놀이기구,,,공원등+ CCTV 등,,경기도 의정부시청,031-828-2414,20250620
어룡문화공원,문화공원,,경기도 의정부시 용현동 547-6,37.7480804808,127.0832937995,3016.0,터닝트위스트+ 워밍암+ 롤링웨이스트,,,,공원등+ CCTV 등,,경기도 의정부시청,031-828-4054,20250620
중보뜰어린이공원,어린이공원,,경기도 의정부시 민락동 735-2,37.7437923306,127.0887213101,2620.0,허리돌리기+ 파도타기+ 공중걷기 등,조합놀이대+ 흔들놀이기구,,,공원등+ CCTV 등,,경기도 의정부시청,031-828-4054,20250620
3호어린이 산들산들 어린이공원,어린이공원,,경기도 화성시 만세구 남양읍 남양리 2220,37.2086167019,126.8362129006,1679.5,,,,,,,,031-5189-6655,20260201
4호어린이 풍덩풍덩 어린이공원,어린이공원,,경기도 화성시 만세구 남양읍 남양리 2234,37.2101537885,126.8281829298,1758.0,,,,,,,,031-5189-6655,20260201
5호어린이 첨벙첨벙 어린이공원,어린이공원,,경기도 화성시 만세구 남양읍 남양리 2276,37.2073472045,126.8263815475,3554.6,,,,,,,,031-5189-6655,20260201
6호어린이 질퍽질퍽 어린이공원,어린이공원,,경기도 화성시 만세구 남양읍 남양리 2250,37.2095373733,126.821959394,1540.5,,,,,,,,031-5189-6655,20260201
봄비,어린이공원,경기도 부천시 원미구 부흥로 369,경기도 부천시 원미구 심곡동 103,37.492007626,126.783032499,1590.6,,조합놀이대 등 3개,화장실,,,19780926,경기도 부천시청,032-625-4843,20250731
사래울,어린이공원,경기도 부천시 원미구 부일로711번길 29,경기도 부천시 원미구 역곡동 53-11,37.4861729755,126.8082443251,2640.6,,회전놀이기구 등 8개,화장실,,,19710510,경기도 부천시청,032-625-4843,20250731
사루개,어린이공원,,경기도 부천시 오정구 여월동 339,37.5108194112,126.8068052728,2572.7,배드민턴장,흔들놀이기구 등 8개,,,,20031128,경기도 부천시청,032-625-4843,20250731
사태말별빛,소공원,,경기도 부천시 소사구 옥길동 712-3,37.4676027631,126.8198353804,4921.8,,조합놀이대,,,,20111229,경기도 부천시청,032-625-4843,20250731
산끝,어린이공원,,경기도 부천시 소사구 송내동 409-4,37.4824012594,126.7564321554,5309.5,,그네 등 3개,,,,20061004,경기도 부천시청,032-625-4843,20250731
산들역사,문화공원,경기도 부천시 소사구 범안로 225-2,경기도 부천시 소사구 옥길동 773,37.4626622705,126.8138434288,52761.5,,,화장실,,,20100427,경기도 부천시청,032-625-4843,20250731
산새체육,체육공원,,경기도 부천시 소사구 소사본동 산74-4,37.4739079531,126.7898727493,54396.7,축구장 등6,그네 등 8개,화장실,야외공연장,,19680129,경기도 부천시청,032-625-4843,20250731
살말,어린이공원,경기도 부천시 원미구 수도로 8,경기도 부천시 원미구 약대동 195,37.5118507646,126.767601365,4230.0,농구장,그네 등 3개,화장실,,,20051226,경기도 부천시청,032-625-4843,20250731
상동,어린이공원,경기도 부천시 원미구 부일로275번길 48,경기도 부천시 원미구 상동 295,37.4904118189,126.7610236738,3248.4,,그네 등 4개,화장실,,,19801007,경기도 부천시청,032-625-4843,20250731
상산,어린이공원,경기도 부천시 오정구 석천로356번길 31-5,경기도 부천시 오정구 삼정동 284,37.5187568246,126.7678846668,3216.0,농구장,조합놀이대 등 2개,화장실,,,19671111,경기도 부천시청,032-625-4843,20250731
새싹,어린이공원,경기도 부천시 원미구 심중로 110,경기도 부천시 원미구 중동 1198,37.4928954926,126.7705240527,3369.9,,그네 등 5개,화장실,,,19900711,경기도 부천시청,032-625-4843,20250731
샛별,어린이공원,경기도 부천시 원미구 신흥로276번길 22,경기도 부천시 원미구 중동 1072,37.5074938136,126.7758129181,4370.0,배트민턴장,그네 등 3개,화장실,,,19901127,경기도 부천시청,032-625-4843,20250731
서촌,근린공원,경기도 부천시 원미구 부일로 172,경기도 부천시 원미구 상동 466,37.4882498422,126.7483648205,16565.8,,조합놀이대,화장실,,,19901127,경기도 부천시청,032-625-4843,20250731
석천,근린공원,경기도 부천시 원미구 석천로 85-1,경기도 부천시 원미구 상동 416,37.4957314466,126.759851311,23547.7,축구장+야구장+배드민턴장+테니스장+농구장,,화장실,,,19901127,경기도 부천시청,032-625-4843,20250731
차장,근린공원,경기도 고양시 덕양구 무원로36번길 47,경기도 고양시 덕양구 행신동 722,37.616732858,126.8333923116,13786.0,다목적운동장+체력단련시설,,화장실,,수경시설+야외무대,19911102,경기도 고양시 푸른도시사업소,031-8075-4321,20251215
달빛,근린공원,경기도 고양시 덕양구 화수로 11-2,경기도 고양시 덕양구 화정동 859,37.6449857477,126.8311222242,16844.0,다목적운동장+체력단련시설,,화장실,,시계탑,19911231,경기도 고양시 푸른도시사업소,031-8075-4323,20251215
별빛,근린공원,경기도 고양시 덕양구 호국로 506-2,경기도 고양시 덕양구 화정동 943,37.6330656884,126.8255850365,17694.0,테니스장+게이트볼장+체력단련시설,조합놀이대,화장실,,,19911231,경기도 고양시 푸른도시사업소,031-8075-4323,20251215
느티나무(능곡),어린이공원,경기도 고양시 덕양구 충장로123번길 26,경기도 고양시 덕양구 행신동 1001,37.6253944567,126.8317624449,1500.2,체력단련시설,조합놀이대,,,,19921228,경기도 고양시 푸른도시사업소,031-8075-4321,20251215
낙원역사공원,역사공원,경기도 안성시 낙원길 78,경기도 안성시 낙원동 609-5,37.0053601165,127.2732379082,11287.0,,,,,,20140806,경기도 안성시청,031-678-6893,20250226
송화 근린공원,근린공원,,경기도 평택시 팽성읍 송화리 106-1,36.9585552011,127.057723688,41950.0,,,,,,19940404,경기도 평택시청,031-8024-4248,20260313
안정 근린공원,근린공원,경기도 평택시 팽성읍 안정순환로267번길 42,경기도 평택시 팽성읍 송화리 68-55,36.9607183898,127.0531557783,34468.0,다리뻗치기+등허리지압기+마라톤운동+옆파도타기+온몸근육풀기+온몸노젓기+온몸역기내리기+온몸역기올리기+온몸허리돌리기+테니스 네트대+테니스장+하늘걷기,그네+모래포설+조합놀이대+흔들놀이,화장실,,기념비석+맹암거(간선)+맹암거(지선)+배변용모래밭+배수로+빗물받이+애견배변봉투함+우수관+조형석+집수정+테니스 연습옹벽+트랜치,19750712,경기도 평택시청,031-8024-4248,20260313
제2호 근린공원(브레인시티 일반산업단지),근린공원,경기도 평택시 삼남로 351 (장안동),경기도 평택시 장안동 61-4,37.0566099033,127.0933620805,13757.0,,,,,,20100315,경기도 평택시청,031-8024-4248,20260313
잔다리 근린공원(세교지구),근린공원,경기도 평택시 세교7길 17,경기도 평택시 세교동 621-11,37.0050940053,127.0874131165,11152.7,,,,,,20100401,경기도 평택시청,031-8024-4248,20260313
통일동산 어린이공원,어린이공원,경기도 파주시 탄현면 풍뎅이길 199,경기도 파주시 탄현면 법흥리 1701,37.7761506988,126.704308206,1625.8,족구장,조합놀이대,,,,,경기도 파주시청,031-940-8406,20250618
삼덕공원(16호),근린공원,경기도 안양시 만안구 삼덕로 106,경기도 안양시 만안구 안양동 782-24,37.3973865968,126.916402184,19434.6,,,,,,20051207,경기도 안양시 공원관리과,031-8045-5289,20251126
금성어린이공원(98호),어린이공원,,경기도 안양시 동안구 호계동 533-17번지,37.3738743706,126.9511520949,1982.6,,,,,,20060313,경기도 안양시 공원관리과,031-8045-5022,20251126
농성 근린공원,근린공원,경기도 평택시 팽성읍 신흥북로49번길 50,경기도 평택시 팽성읍 안정리 78-30,36.9645636142,127.0450001302,29511.0,다리뻗치기+등허리지압기+옆파도타기+온몸근육풀기+온몸허리돌리기+평행봉+하늘걷기,,화장실,,기념비+기념비석+우수맨홀+집수정+충무공 임팔급 기념비+통합기준점+트랜치,19880511,경기도 평택시청,031-8024-4248,20260313
광장2호,기타,,경기도 화성시 동탄구 청계동 20번지,,,859.0,,,,,,,경기도 화성시 공원녹지사업소 동부공원관리과,031-5189-6961,20260201
미관광장 8호,기타,,경기도 화성시 동탄구 반송동 34-1,37.2100214074,127.064378299,207.8,,,,,,,경기도 화성시 공원녹지사업소 동부공원관리과,031-5189-6961,20260201
벚나무(능곡),어린이공원,경기도 고양시 덕양구 행신로279번길 84,경기도 고양시 덕양구 행신동 970,37.6221393917,126.8427720746,1500.0,체력단련시설,조합놀이대,화장실,,,19921228,경기도 고양시 푸른도시사업소,031-8075-4321,20251215
자전거,체육공원,,경기도 고양시 덕양구 성사동 산32-7,37.6624411282,126.8450874633,113975.0,국민체육센터+체력단련시설,,주차장+화장실,,,19770127,경기도 고양시 푸른도시사업소,031-8075-4318,20251215
창박골체육공원(6호),체육공원,경기도 안양시 만안구 창박로41번길 19,경기도 안양시 만안구 안양동 1090-2,37.3831883787,126.9034317548,13891.0,,,,,,20120629,경기도 안양시 공원관리과,031-8045-5017,20251126
35호,기타,,경기도 화성시 동탄구 청계동 533-1,37.2009038629,127.1128570757,3593.8,,,,,,,경기도 화성시 공원녹지사업소 동부공원관리과,031-5189-6961,20260201
장암어린이공원,어린이공원,,경기도 의정부시 장암동 17-27,37.7252608981,127.0572604302,1500.0,파도타기+ 공중걷기+ 허리돌리기,조합놀이대,,,공원등+ CCTV 등,,경기도 의정부시청,031-828-2414,20250620
장수원어린이공원,어린이공원,경기도 의정부시 평화로 163,경기도 의정부시 호원1동 465,37.7062871252,127.0477305944,1530.0,허리돌리기+ 공중걷기+ 파도타기 등,조합놀이대+ 그네+ 흔들놀이기구,,,공원등+ CCTV 등,,경기도 의정부시청,031-828-2414,20250620
테크노벨리소공원(7호),소공원,경기도 안양시 만안구 전파로24번길 35-24,경기도 안양시 만안구 안양동 196-47,37.3890204027,126.9365411712,885.4,,,,,,20080123,경기도 안양시 공원관리과,031-8045-5286,20251126
하늘소공원(11호),소공원,,경기도 안양시 만안구 안양동 1426,37.3849500596,126.9220277708,1290.0,,,,,,20081212,경기도 안양시 공원관리과,031-8045-5286,20251126
삼영어린이공원(112호),어린이공원,,경기도 안양시 만안구 안양동 1441,37.4130028913,126.9144616256,3396.7,,,,,,20091202,경기도 안양시 공원관리과,031-8045-5286,20251126
선행문화공원,문화공원,,경기도 의정부시 의정부2동 569-4,37.7441489809,127.0248141439,1500.0,오금펴기+ 달리기운동+ 오금펴기 등,조합놀이대+ 그네+ 흔들놀이기구,,,공원등+ CCTV 등,,경기도 의정부시청,031-828-2414,20250620
꿈나무문화공원,문화공원,,경기도 의정부시 의정부2동 584-7,37.7321578247,127.0461550764,1502.0,오금펴기+ 달리기운동+ 오금펴기 등,조합놀이대+ 그네+ 흔들놀이기구,,,공원등+ CCTV 등,,경기도 의정부시청,031-828-2414,20250620
행복어린이공원,어린이공원,,경기도 의정부시 신곡2동 684-1,37.7430753276,127.0585223686,2075.0,허리돌리기+ 공중걷기+ 파도타기 등,조합놀이대+ 그네+ 흔들놀이기구,,,공원등+ CCTV 등,,경기도 의정부시청,031-828-2414,20250620
상록근린공원,근린공원,경기도 의정부시 노르웨이숲길 11,경기도 의정부시 금오동 476-3,37.7539151299,127.0749125602,11194.0,철봉+ 평행봉+ 허리돌리기+ 공중걷기 등,,화장실,,공원등+ CCTV 등,,경기도 의정부시청,031-828-4054,20250620
녹촌제2호어린이공원,어린이공원,,경기도 남양주시 화도읍 녹촌리 577,37.6498730692,127.2979232147,1500.0,,,,,,,경기도 남양주시청,031-590-4993,20260319
병목안시민공원(5호),체육공원,경기도 안양시 만안구 병목안로 215,경기도 안양시 만안구 안양동 산82-2,37.3852918136,126.9076624116,113141.0,,,,,,20011207,경기도 안양시 공원관리과,031-8045-5289,20251126
가수어린이공원,어린이공원,,경기도 오산시 가수동 113-2,37.1451837883,127.0509940332,1500.0,,조합놀이대 등,,,,19880622,오산시 환경사업소 도시공원녹지과,031-8036-6475,20251222
289호,어린이공원,,경기도 부천시 소사구 심곡본동 산69-1일원,37.4741770447,126.7744544164,8021.0,배드민턴장,오르는기구 등 4개,화장실,,,20200803,경기도 부천시청,032-625-4843,20250731
희망어린이공원,어린이공원,,경기도 군포시 당동 859,37.3561764841,126.9417043467,1872.5,,,,,,19940915,경기도 군포시청,031-390-0478,20250912
한양어린이공원,어린이공원,,경기도 군포시 산본동 1151-3,37.3584395856,126.922638056,1500.2,,,,,,19940915,경기도 군포시청,031-390-0478,20250912
소공원 22호,소공원,,경기도 파주시 동패동 1914,37.7102973659,126.738031396,529.6,,,,,,,경기도 파주시청,031-940-8406,20250618
소공원 26호,소공원,,경기도 파주시 동패동 2013,37.7107974389,126.7322222793,882.4,,,,,,,경기도 파주시청,031-940-8406,20250618
운정지구 수변공원2,수변공원,경기도 파주시 소리천로 111,경기도 파주시 와동동 1418,37.7203159744,126.7632808158,154279.2,배드민턴장+농구장+멀티코트+파크골프장+족구장,조합놀이대+그네+흔들놀이기구+회전놀이기구,화장실+주차장,,바닥분수,,경기도 파주시청,031-940-8406,20250618
냉천,어린이공원,경기도 고양시 일산동구 일산로330번길 26-11,경기도 고양시 일산동구 마두동 837,37.6648740106,126.7858515561,4939.0,체력단련시설,조합놀이대+그네+흔들놀이기구(흔들말+시소),,,,19900331,경기도 고양시 푸른도시사업소,031-8075-4333,20251215
삼송근린10(소청),근린공원,경기도 고양시 덕양구 일영로 201-89,경기도 고양시 덕양구 오금동 산79-1,37.6601581172,126.9129567682,13912.8,체력단련시설,,,,,20061211,경기도 고양시 푸른도시사업소,031-8075-4325,20251215
삼송근린12(당고개),근린공원,,경기도 고양시 덕양구 오금동 633,37.6622081957,126.9040095282,12327.1,체력단련시설,,,,,20090604,경기도 고양시 푸른도시사업소,031-8075-4325,20251215
어린이공원1(고운)(향동보금자리),어린이공원,,경기도 고양시 덕양구 원흥동 740,37.6362539326,126.8741013573,2036.7,체력단련시설+배드민턴장,조합놀이대,,,,20090928,경기도 고양시 푸른도시사업소,031-8075-4328,20251215
세교2지구 제3호 수변공원,수변공원,,경기도 오산시 탑동 226,,,9481.0,,,,,,20131224,오산시 환경사업소 도시공원녹지과,031-8036-6475,20251222
문헌근린공원,근린공원,,경기도 오산시 내삼미동 879,37.1742490627,127.0534446487,96411.0,"풋살장, 농구대",,화장실,,,20050103,오산시 환경사업소 도시공원녹지과,031-8036-6475,20251222
은빛개울공원2,수변공원,경기도 오산시 수청로 184-1,경기도 오산시 금암동 511,37.1775572845,127.0463394098,81552.0,농구장,음악분수,화장실,,,20050103,오산시 환경사업소 도시공원녹지과,031-8036-6475,20251222
등불어린이공원,어린이공원,,경기도 오산시 외삼미동 624-1,37.1877390583,127.0479374896,1667.0,배드민턴장,조합놀이대 등,,,,20050103,오산시 환경사업소 도시공원녹지과,031-8036-6475,20251222
위례 제10호공원,근린공원,,경기도 성남시 수정구 창곡동 산33,37.4671310875,127.1612311443,625700.4,풋살장+배드민턴장+족구장,어린이놀이터,벤치+주차장,야외무대+숲속체험공간,,20080805,경기도 성남시 공원과,031-729-4272,20251111
위례역사공원,역사공원,,경기도 성남시 수정구 창곡동 521-3,37.4686093432,127.1436068165,60049.3,게이트볼장+체력단련장,수경시설,주차장+화장실,,,20100106,경기도 성남시 공원과,031-729-4272,20251111
뜨락문화공원,문화공원,,경기도 용인시 기흥구 청덕동 545-1 일원,37.2910038815,127.1446840104,19417.0,,,,,,20130614,,,20250801
태평공원,근린공원,경기도 성남시 수정구 수정로 7,경기도 성남시 수정구 태평동 7277,37.4407394971,127.1217162713,37281.0,야외운동기구,어린이놀이터,주차장,,,20090427,경기도 성남시 공원과,031-729-4272,20251111
복고개공원,어린이공원,,경기도 성남시 수정구 복정동 638,37.4664490586,127.1295462174,4510.7,,어린이놀이터,벤치,,,19981207,경기도 성남시 수정구 도시미관과,031-729-5203,20251111
기왓골공원,어린이공원,경기도 성남시 수정구 복정로118번길 7,경기도 성남시 수정구 복정동 648,37.4637438892,127.127853703,1505.6,,어린이놀이터,벤치,,,19981207,경기도 성남시 수정구 도시미관과,031-729-5203,20251111
주산도공원,어린이공원,,경기도 성남시 수정구 복정동670,37.4609065693,127.1289658958,2202.4,,어린이놀이터,벤치,,,19981207,경기도 성남시 수정구 도시미관과,031-729-5203,20251111
미소공원,어린이공원,,경기도 성남시 수정구 단대동 100-1,37.4489297104,127.1559455347,1746.0,,어린이놀이터,벤치,,,20051107,경기도 성남시 수정구 도시미관과,031-729-5203,20251111
위례 제2호(한빛),어린이공원,,경기도 성남시 수정구 창곡동 589,37.4645889375,127.1477888016,1841.7,,어린이놀이터,벤치,,,20100106,경기도 성남시 수정구 도시미관과,031-729-5451,20251111
위례 제3호(서일로)(미인수),어린이공원,경기도 성남시 수정구 위례서일로1길 22-5,경기도 성남시 수정구 창곡동 542,37.4676795748,127.1384076924,1526.3,,어린이놀이터,벤치,,,20100106,경기도 성남시 수정구 도시미관과,031-729-5451,20251111
어우리지어린이공원(77호),어린이공원,,경기도 안양시 동안구 비산동 455-3,37.4004200168,126.9373407461,1500.0,,,,,,19990107,경기도 안양시 공원관리과,031-8045-5022,20251126
고암 소공원(엄상마을),소공원,경기도 양주시 엄상동길 38,경기도 양주시 고암동 140-8,37.8313951155,127.0682751346,1241.0,,조합놀이대,그늘막+평벤치,,,19970513,경기도 양주시청 공원사업과,031-8082-7311,20250912
덕정 소공원(서희아파트),소공원,경기도 양주시 화합로1325번길 54-31,경기도 양주시 덕정동 419,37.8502901605,127.0619360205,9964.0,,아이누리놀이터,파고라+앉음벽+평벤치+음수대,,,20110802,경기도 양주시청 공원사업과,031-8082-7311,20250912
옥정 제1소공원,소공원,,경기도 양주시 고암동 607-1,37.8307942088,127.0733299595,1430.0,,,파고라+벤치+앉음벽,,,20071231,경기도 양주시청 공원사업과,031-8082-7317,20250912
양영공원,어린이공원,경기도 성남시 분당구 불정로386번길 23,경기도 성남시 분당구 서현동 317-1,37.3734881255,127.1391087887,5344.5,야외운동기구+인라인스케이트장,어린이놀이터,벤치+파고라+화장실,,,19900622,경기도 성남시 분당구 녹지공원과,031-729-7463,20251111
수련공원,어린이공원,,경기도 성남시 분당구 서현동 314-1,37.3724546387,127.1405372311,1509.9,,어린이놀이터,벤치+파고라+화장실,,,19900622,경기도 성남시 분당구 녹지공원과,031-729-7463,20251111
안말공원,어린이공원,,경기도 성남시 분당구 분당동 194-3,37.3726394993,127.1428064349,2939.3,야외운동기구,어린이놀이터,벤치+파고라+화장실,,,19900622,경기도 성남시 분당구 녹지공원과,031-729-7463,20251111
장안공원,어린이공원,,경기도 성남시 분당구 분당동 89,37.3707426719,127.1410576476,5144.2,야외운동기구+다목적운동장,어린이놀이터,벤치+파고라+화장실,,,19900622,경기도 성남시 분당구 녹지공원과,031-729-7463,20251111
해솔어린이공원,어린이공원,,경기도 파주시 목동동 662,37.7263386942,126.7463378668,2049.4,,,,,벽천,,경기도 파주시청,031-940-8406,20250618
주교 3,어린이공원,경기도 고양시 덕양구 마상로140번길 38,경기도 고양시 덕양구 주교동 619-3,37.6580952322,126.8366505721,1492.2,체력단련시설,조합놀이대,,,경로당,19810513,경기도 고양시 푸른도시사업소,031-8075-4316,20251215
토당 1,어린이공원,경기도 고양시 덕양구 지도로115번길 19-8,경기도 고양시 덕양구 토당동 838,37.6268172292,126.8220491041,1500.1,농구장+체력단련시설,조합놀이대,화장실,,,19861231,경기도 고양시 푸른도시사업소,031-8075-4319,20251215
토당 2,어린이공원,경기도 고양시 덕양구 지도로124번길 50,경기도 고양시 덕양구 토당동 896,37.6275593605,126.8257254552,1500.1,체력단련시설,조합놀이대,화장실,,,19861231,경기도 고양시 푸른도시사업소,031-8075-4319,20251215
영월근린공원,근린공원,경기도 여주시 주내로 13,경기도 여주시 상동 132,37.2944168185,127.6476557365,38050.0,생활운동기구,,화장실+주차장+파고라,도자벽화,,,경기도 여주시청,031-887-2602,20251222
2호공원,어린이공원,경기도 여주시 강변로 25,경기도 여주시 하동 121-4,37.3011451192,127.6289042224,2220.0,터닝암+크로스워킹+파워사이클+레그프레스+온몸비틀기+철봉,조합놀이대,화장실+파고라,,,,경기도 여주시청,031-887-2604,20251222
7호공원,어린이공원,,경기도 여주시 하동 412-1,37.2962599628,127.6300285867,2330.0,농구대+하늘걷기+허리돌리기+레그프레스+파워프레스+터닝암+양팔로프당기기,조합놀이대,파고라,,,,경기도 여주시청,031-887-2604,20251222
17호공원,어린이공원,,경기도 여주시 하동 431-4,37.3012492818,127.6228175689,1512.0,양팔줄당기기+좌식사이클+롤링웨이스트,로프놀이대,파고라,,,,경기도 여주시청,031-887-2604,20251222
태평5호공원,어린이공원,,경기도 여주시 가남읍 태평리 769,37.2067425097,127.5450243966,1741.0,터닝암+윗몸일으키기+크로스위킹+양팔줄당기기,조합놀이대+모래놀이,파고라,,,,경기도 여주시청,031-887-2604,20251222
7호 소공원(한울),소공원,,경기도 화성시 동탄구 영천동 776,37.2042951591,127.1278925696,1176.0,,,,,,,경기도 화성시 공원녹지사업소 동부공원관리과,031-5189-6961,20260201
장지빛공원,소공원,,경기도 화성시 동탄구 장지동 1002-7,37.1607890335,127.1177866202,686.0,,,,,,,경기도 화성시 공원녹지사업소 동부공원관리과,031-5189-6961,20260201
미관광장 17호,기타,,경기도 화성시 동탄구 반송동 215-2,37.1911446518,127.0757790199,421.0,,,,,,,경기도 화성시 공원녹지사업소 동부공원관리과,031-5189-6961,20260201
동탄센트럴파크,근린공원,경기도 화성시 동탄구 동탄공원로2길 20-3,경기도 화성시 동탄구 반송동 59,37.2050370734,127.0644649173,2213.0,테니스장+인공암장+X게임+풋살구장+축구장+농구장+게이트볼장+배드민턴,놀이터,주차장+화장실,,,,경기도 화성시 공원녹지사업소 동부공원관리과,031-5189-6961,20260201
소공원 15호,소공원,,경기도 파주시 목동동 1070,37.7225505238,126.7397269016,605.8,,,,,,,경기도 파주시청,031-940-8406,20250618
화정 13(개나리),어린이공원,경기도 고양시 덕양구 화중로138번길 41,경기도 고양시 덕양구 화정동 890,37.6392196942,126.8347442492,2417.5,체력단련시설,조합놀이대,화장실,,,19901104,경기도 고양시 푸른도시사업소,031-8075-4323,20251215
화정 17(별빛어린이),어린이공원,경기도 고양시 덕양구 화중로 61,경기도 고양시 덕양구 화정동 954,37.6328997979,126.8296892281,5016.7,체력단련시설,조합놀이대,화장실,,,19901104,경기도 고양시 푸른도시사업소,031-8075-4323,20251215
무지개,어린이공원,,경기도 수원시 권선구 권선동 1035-2,37.2577441544,127.0252839276,2367.7,,조합놀이대1,,,음수대1,,경기도 수원시 권선구 녹지공원과,031-5191-6195,20260115
생태마당근린공원,근린공원,경기도 용인시 기흥구 한보라2로 116,경기도 용인시 기흥구 보라동 619 일원,37.2484147849,127.1090249576,87722.0,,,,,,20030107,,,20250801
구성2어린이공원(바람마을),어린이공원,,경기도 용인시 기흥구 청덕동 514 일원,37.2943073917,127.1464449854,1507.0,,,,,,20040119,,,20250801
수지근린공원,근린공원,경기도 용인시 수지구 수지로296번길 4,경기도 용인시 수지구 풍덕천동 696 일원,37.3249078034,127.0905921907,15741.0,,,,,,19951230,,,20250801
살구골,근린공원,경기도 수원시 영통구 매영로 366,경기도 수원시 영통구 영통동 989-2,37.2491686163,127.071585407,11753.7,농구장1,,화장실1,,,,경기도 수원시 영통구 녹지공원과,031-5191-8331,20260115
제31호 근린공원(양지공원),근린공원,,경기도 용인시 처인구 양지면 양지리 산32-6번지 일원,37.2358136619,127.2873567508,67087.0,,,,,,19770202,,,20250801
아람근린공원,근린공원,경기도 용인시 기흥구 구성로 449,경기도 용인시 기흥구 청덕동 564 일원,37.2952124544,127.1544777596,51940.0,,,,,,20040119,,,20250801
한숲(6-3)근린공원,근린공원,경기도 용인시 기흥구 동백3로 79,경기도 용인시 기흥구 중동 862,37.2739202462,127.1571468227,127568.0,,,,,,20021028,,,20250801
보담(7-3)근린공원,근린공원,경기도 용인시 기흥구 동백죽전대로 314,경기도 용인시 기흥구 중동 1087 일원,37.2691480786,127.1527584503,9164.0,,,,,,20021028,,,20250801
한길찬(9)근린공원,근린공원,경기도 용인시 기흥구 동백중앙로 61-16,경기도 용인시 기흥구 중동 1044,37.261057004,127.1601711456,14131.0,,,,,,20021028,,,20250801
달래1어린이공원(29호),어린이공원,,경기도 안양시 만안구 안양동 908-64,37.3995947218,126.9110650979,343.0,,,,,,19950912,경기도 안양시 공원관리과,031-8045-5286,20251126
개나리어린이공원(32호),어린이공원,경기도 안양시 만안구 안양로343번길 57-7,경기도 안양시 만안구 안양동 873-39,37.4015095766,126.9153307479,1184.0,,,,,,19960719,경기도 안양시 공원관리과,031-8045-5286,20251126
동진원1공원,근린공원,,경기도 용인시 기흥구 중동 1099,37.2861680783,127.1450148242,34372.0,,,,,,20081202,,,20250801
노을어린이공원(21호),어린이공원,,경기도 안양시 동안구 관양동 1401,37.4035104056,126.9576238218,1035.0,,,,,,19791129,경기도 안양시 공원관리과,031-8045-5022,20251126
부림어린이공원(24호),어린이공원,경기도 안양시 동안구 관악대로418번길 19-6,경기도 안양시 동안구 관양동 1471,37.4036325048,126.969865058,1699.9,,,,,,19791129,경기도 안양시 공원관리과,031-8045-5022,20251126
향기어린이공원(67호),어린이공원,,경기도 안양시 동안구 관양동 1486-6,37.4022026156,126.9740518586,1693.2,,,,,,19791129,경기도 안양시 공원관리과,031-8045-5022,20251126
늘푸른어린이공원(37호),어린이공원,경기도 안양시 만안구 수리산로48번길 43,경기도 안양시 만안구 안양동 528,37.3873625228,126.9329048431,1793.6,,,,,,19800317,경기도 안양시 공원관리과,031-8045-5286,20251126
골안공원(14호),근린공원,,경기도 안양시 만안구 안양동 1280,37.3774491617,126.9360381798,10818.2,,,,,,19891230,경기도 안양시 공원관리과,031-8045-5289,20251126
산어린이공원,어린이공원,,경기도 오산시 금암동 486-1,37.1791733094,127.052036965,2064.0,,조합놀이대 등,,,,20060109,오산시 환경사업소 도시공원녹지과,031-8036-6475,20251222
진말,어린이공원,경기도 부천시 원미구 장말로 337,경기도 부천시 원미구 심곡동 428-2,37.4909970044,126.7798861401,1603.6,,흔들놀이기구 등 9개,,,,19630523,경기도 부천시청,032-625-4843,20250731
최희섭,근린공원,,경기도 부천시 원미구 춘의동 산33,37.5026401727,126.8053253702,177526.4,,오르는 기구 등 8개,화장실,,,19861107,경기도 부천시청,032-625-4843,20250731
편한,어린이공원,,경기도 부천시 소사구 송내동 463-107,37.478980482,126.7664431983,558.0,,,,,,20050411,경기도 부천시청,032-625-4843,20250731
하얀마을,어린이공원,,경기도 부천시 원미구 상동 570-6,37.4976260389,126.755209237,2843.0,,조합놀이대 등 3개,,,,19981217,경기도 부천시청,032-625-4843,20250731
운정지구 수변공원3,수변공원,,경기도 파주시 야당동 1086,37.7152816271,126.7612288153,859.6,,,,,,,경기도 파주시청,031-940-8406,20250618
문발어린이공원,어린이공원,,경기도 파주시 문발동 556,37.7255294674,126.7064566548,5204.5,,그네+흔들놀이,,,,,경기도 파주시청,031-940-8406,20250618
향동근린2,근린공원,경기도 고양시 덕양구 향동로 200,경기도 고양시 덕양구 향동동 424,37.606934183,126.8933221037,11935.3,체력단련시설,,화장실,,수경시설,20091230,경기도 고양시 푸른도시사업소,031-8075-4328,20251215
향동체육공원,체육공원,경기도 고양시 덕양구 향동로 70-1,경기도 고양시 덕양구 향동동 587,37.5966524842,126.8885798906,30683.0,풋살구장+농구장+야외배드민턴장+게이트볼장+체력단련시설,조합놀이대,화장실,,수경시설,20091230,경기도 고양시 푸른도시사업소,031-8075-4328,20251215
지축어린이2,어린이공원,경기도 고양시 덕양구 안진6길 5-2,경기도 고양시 덕양구 지축동 0,37.6463787261,126.9169873207,1517.1,체력단련시설,조합놀이대,화장실,,,20100507,경기도 고양시 푸른도시사업소,031-8075-4328,20251215
소나무(능곡),어린이공원,경기도 고양시 덕양구 백양로 8,경기도 고양시 덕양구 화정동 1135,37.6259154348,126.833038336,1500.0,체력단련시설,조합놀이대,,,,19921228,경기도 고양시 푸른도시사업소,031-8075-4323,20251215
햇살공원,어린이공원,경기도 고양시 덕양구 행신로 278,경기도 고양시 덕양구 행신동 1074-1,37.6197183864,126.8450370073,1570.6,체력단련시설,조합놀이대,화장실,,,20031031,경기도 고양시 푸른도시사업소,031-8075-4321,20251215
옥정 제6호 광장,기타,,경기도 양주시 옥정동 738,,,355.0,,,정자+벤치,,,,경기도 양주시청 공원사업과,031-8082-7317,20250912
옥정 제13호 광장,기타,,경기도 양주시 옥정동 1047-5,37.8172485012,127.0913238165,427.0,,,정자+벤치,,,,경기도 양주시청 공원사업과,031-8082-7317,20250912
옥정 제18호 광장,기타,,경기도 양주시 옥정동 1095-3,37.8109360502,127.0858023927,446.0,,,정자+벤치,,,,경기도 양주시청 공원사업과,031-8082-7317,20250912
동문공원,어린이공원,,경기도 성남시 분당구 분당동 124,37.3692412829,127.146558172,1560.3,야외운동기구,어린이놀이터,벤치+파고라+음수전,,,19900622,경기도 성남시 분당구 녹지공원과,031-729-7463,20251111
선지봉공원,어린이공원,,경기도 성남시 분당구 분당동 179,37.3655544923,127.141328938,1659.7,야외운동기구+다목적운동장,어린이놀이터,벤치+파고라+음수전,,,19900622,경기도 성남시 분당구 녹지공원과,031-729-7463,20251111
초림공원,어린이공원,,경기도 성남시 분당구 수내동 31,37.3753527437,127.1176300675,4299.8,야외운동기구+다목적운동장,어린이놀이터,벤치+파고라+화장실,,,19900622,경기도 성남시 분당구 녹지공원과,031-729-7463,20251111
햇빛공원,어린이공원,,경기도 성남시 분당구 수내동 26,37.374583383,127.1168823484,4960.3,야외운동기구,어린이놀이터,벤치+파고라+화장실,,,19900622,경기도 성남시 분당구 녹지공원과,031-729-7463,20251111
중말어린이공원,어린이공원,,경기도 용인시 수지구 신봉동 148-2 일원,37.3281614643,127.0743713831,1808.0,,,,,,20030623,,,20250801
내정공원,어린이공원,경기도 성남시 분당구 내정로166번길 23,경기도 성남시 분당구 수내동 62,37.3718998598,127.1212264493,5781.5,야외운동기구,어린이놀이터,벤치+파고라+화장실,,,19900622,경기도 성남시 분당구 녹지공원과,031-729-7463,20251111
푸른공원,어린이공원,,경기도 성남시 분당구 수내동 127,37.368481032,127.1250257323,5250.1,야외운동기구,어린이놀이터,벤치+파고라+화장실,,,19900622,경기도 성남시 분당구 녹지공원과,031-729-7463,20251111
동백제8호 어린이공원(해거름),어린이공원,,경기도 용인시 기흥구 중동 957,37.2705905558,127.1570861329,4049.0,,,,,,20021028,,,20250801
한솔공원,어린이공원,경기도 성남시 분당구 한솔공원2길 38,경기도 성남시 분당구 정자동 114,37.3667671535,127.1172318074,8612.4,야외운동기구+농구장+다목적운동기구,어린이놀이터,벤치+파고라,,,19910108,경기도 성남시 분당구 녹지공원과,031-729-7463,20251111
대쌍령 1호 소공원,소공원,,경기도 광주시 초월읍 대쌍령리 497,37.3901638952,127.2896634339,515.0,,,,,,,광주도시관리공사,031-762-1039,20250820
백현공원,근린공원,경기도 성남시 분당구 판교백현로 32,경기도 성남시 분당구 백현동 516-21,37.3823992161,127.0961874993,29859.0,화장실,벤치,인공폭포,,,20161201,경기도 성남시 공원과,031-729-4382,20251111
봉우재공원,어린이공원,경기도 성남시 분당구 내정로7번길 18,경기도 성남시 분당구 정자동 145,37.3608575463,127.1127561167,6101.4,야외운동기구+다목적운동장,어린이놀이터,벤치+파고라+음수전,,,19910108,경기도 성남시 분당구 녹지공원과,031-729-7463,20251111
정든공원,어린이공원,,경기도 성남시 분당구 정자동 196,37.3615676703,127.1166076216,6217.2,야외운동기구+다목적운동장,어린이놀이터,벤치+파고라,,,19910108,경기도 성남시 분당구 녹지공원과,031-729-7463,20251111
불정공원,어린이공원,,경기도 성남시 분당구 정자동 204,37.3616267984,127.1209202554,6870.0,야외운동기구,어린이놀이터,벤치+파고라+화장실,,,19910108,경기도 성남시 분당구 녹지공원과,031-729-7463,20251111
꿈동산공원,어린이공원,,경기도 성남시 분당구 야탑동 332,37.4145775461,127.1260792239,5000.1,야외운동기구,어린이놀이터,벤치,,,19900622,경기도 성남시 분당구 녹지공원과,031-729-8094,20251111
하늘공원,어린이공원,,경기도 성남시 분당구 야탑동 337,37.4147238169,127.1307226328,1946.2,,어린이놀이터,벤치,,,19900622,경기도 성남시 분당구 녹지공원과,031-729-8094,20251111
야탑공원,어린이공원,,경기도 성남시 분당구 야탑동 340,37.414049873,127.1306106469,1872.3,,어린이놀이터,벤치,,,19900622,경기도 성남시 분당구 녹지공원과,031-729-8094,20251111
연꽃공원,어린이공원,,경기도 성남시 분당구 야탑동 206,37.415307615,127.1374693068,1500.8,야외운동기구,어린이놀이터,벤치+음수전,,,19900622,경기도 성남시 분당구 녹지공원과,031-729-8094,20251111
상서재 근린공원(동삭2지구),근린공원,경기도 평택시 상서재로 65,경기도 평택시 동삭동 853,37.0204847692,127.101562175,16318.1,,,,,,20130508,경기도 평택시청,031-8024-4248,20260313
상서재서초 근린공원(동삭2지구),근린공원,경기도 평택시 상서재로2길 89,경기도 평택시 동삭동 858,37.0185403402,127.1050572341,13010.2,,,,,,20130508,경기도 평택시청,031-8024-4248,20260313
덕이어린이4(한별),어린이공원,,경기도 고양시 일산서구 덕이동 374-12,37.6982082679,126.7531695512,2748.2,체력단련시설,조합놀이대+흔들놀이대,,,,20070605,경기도 고양시 푸른도시사업소,031-8075-4341,20251215
국제전시2단계(제1호체육공원),체육공원,경기도 고양시 일산서구 고양대로 228-16,경기도 고양시 일산서구 대화동 2708,37.6635190919,126.7350702217,25374.3,농구장+축구장+족구장+인라인트랙,,,,관람대,20070713,경기도 고양시 푸른도시사업소,031-8075-4341,20251215
법무단지앞 소공원2,소공원,,경기도 여주시 현암동 679,37.3128245321,127.6345123293,933.0,,파고라,파고라,,,,경기도 여주시청,031-887-2603,20251222
꿈마루공원,어린이공원,,경기도 시흥시 배곧동 86,37.3784550889,126.7297081294,1685.0,,조합놀이대,,,,,경기도 시흥시청,031-310-3863,20251219
라온공원,소공원,경기도 시흥시 서울대학로 1,경기도 시흥시 배곧동 305,37.352437628,126.7049295612,9174.0,,,,,,,경기도 시흥시청,031-310-3863,20251219
목동 근린공원,근린공원,경기도 가평군 북면 화악산로 45-16,경기도 가평군 북면 목동리 913-1,37.889301028,127.549630903,43113.0,테니스장+게이트볼장,어린이놀이터,전망대,전시장,야생화화원+조경녹지+휴게광장+도로+주차장+산책로,19741226,경기도 가평군청,031-580-2373,20260108
제3호 문화공원,문화공원,경기도 가평군 청평면 잠곡로 40,경기도 가평군 청평면 청평리 365,37.7366475127,127.4222339349,26064.0,,쉼터+황토길+잔디마당+광장,테마트레인+주차장+화장실,야외극장+야외전시장+공동체정원+커뮤니티가로+기념비전,,20200309,경기도 가평군청,031-580-2517,20260108
고산3호 근린공원,근린공원,,경기도 광주시 고산동 461,,,10123.0,,,,,,20241008,광주도시관리공사,031-762-1039,20250820
설마공원,문화공원,경기도 파주시 적성면 설마천로 209,경기도 파주시 적성면 설마리 산 43,37.9340465665,126.9461301676,45765.4,,,,,,,경기도 파주시청,031-940-8406,20250618
마상,근린공원,경기도 고양시 덕양구 원당로 69번길 46,경기도 고양시 덕양구 주교동 313-16,37.6601477859,126.83301563,104445.0,국궁장+다목적운동장+농구장+실내배드민턴장+게이트볼장+체력단련시설,조합놀이대,주차장+화장실,작은도서관,,19710927,경기도 고양시 푸른도시사업소,031-8075-4316,20251215
설악 체육공원(제4호),체육공원,경기도 가평군 설악면 자잠로23번길 50-33,경기도 가평군 설악면 선촌리 589-1,37.6826194114,127.4869803734,10168.0,테니스장+족구장+체력단련장,,주차장+화장실+관리사무소,,도로+녹지,20090907,경기도 가평군청,031-580-4066,20260108
산현공원,근린공원,경기도 시흥시 목감남서로 15,경기도 시흥시 조남동 670,37.3754499427,126.8511878651,89676.0,,,화장실+주차장+관리사무소,,,20071108,경기도 시흥시청,031-310-3872,20251219
신천근린공원,근린공원,경기도 시흥시 포도원로109번길 9,경기도 시흥시 신천동 57,37.4357510051,126.785491119,24860.0,체육시설,조합놀이대,,,,20100318,경기도 시흥시청,031-310-3894,20251219
희성어린이공원(43호),어린이공원,경기도 안양시 동안구 학의로 86-1,경기도 안양시 동안구 달안동 1101-3,37.3975189847,126.9496509312,4997.4,,,,,,19891230,경기도 안양시 공원관리과,031-8045-5021,20251126
흥덕4어린이공원(황소별자리),어린이공원,,경기도 용인시 기흥구 영덕동 1045-4,37.2710500248,127.080270454,2428.0,,,,,,20060823,,,20250801
제30호 어린이공원(새천년),어린이공원,,경기도 용인시 기흥구 신갈동 704,37.2888055664,127.1145245395,5535.9,,,,,,20030506,,,20250801
제46호 어린이공원(신갈),어린이공원,,경기도 용인시 기흥구 신갈동 44-8,37.2742292383,127.1077220196,1727.0,,,,,,19820521,,,20250801
제33호 어린이공원(새릉골),어린이공원,,경기도 용인시 기흥구 신갈동 166-1 일원,37.2861103018,127.1121883935,1436.0,,,,,,19961127,,,20250801
서그내내음어린이공원,어린이공원,,경기도 용인시 기흥구 서천동 832 일원,37.2450262766,127.0744954877,2430.0,,,,,,20120903,,,20250801
서천3어린이공원(풀내음),어린이공원,,경기도 용인시 기흥구 서천동 751,37.2370395155,127.0690865448,2007.0,,,,,,20050103,,,20250801
영통중앙,근린공원,경기도 수원시 영통구 청명로 151,경기도 수원시 영통구 영통동961-1,37.2570443829,127.0709092988,137062.5,,,화장실4,,도서관,,경기도 수원시 영통구 녹지공원과,031-5191-8331,20260115
솔대,근린공원,경기도 수원시 권선구 서부로 1417,경기도 수원시 권선구 고색동 992,37.2361808486,126.9817275027,10354.0,농구장1+풋살구장1,유슈지1,화장실1,,,,경기도 수원시 권선구 녹지공원과,031-5191-6195,20260115
꽃구름 어린이공원(제100호),어린이공원,,경기도 용인시 처인구 고림동 389-1 일원,37.2514668449,127.2259776948,3326.0,,,,,,20090817,,,20250801
중동어린이공원,어린이공원,,경기도 용인시 기흥구 중동 1140 일원,37.27776528,127.1465541581,4278.0,,,,,,20101224,,,20250801
동진원제1호어린이공원,어린이공원,,경기도 용인시 기흥구 중동 1097,37.2849677174,127.1424334116,2076.0,,,,,,20081202,,,20250801
동백제12호 어린이공원(해울),어린이공원,,경기도 용인시 기흥구 중동 1044-1,37.2618615356,127.1609510352,4548.0,,,,,,20021028,,,20250801
제59호 어린이공원(진달래),어린이공원,경기도 용인시 기흥구 중부대로55번길 59,경기도 용인시 기흥구 영덕동 915,37.269319992,127.0755203497,5937.0,,,,,,19981229,,,20250801
숲자람터 근린공원(영덕1근린공원),근린공원,경기도 용인시 기흥구 덕영대로2077번길 7,경기도 용인시 기흥구 영덕동 1329 일원,37.2683620975,127.0980717686,85621.4,,,,,,19971030,,,20250801
삼숭어린이공원,어린이공원,경기도 양주시 부흥로2092번길 45-47,경기도 양주시 삼숭동 653,37.8049987196,127.0892853957,4087.0,,조합놀이대+슬라이드+그물오르기+건너기+흔들놀이,파고라+벤치,,,,경기도 양주시청 공원사업과,031-8082-7311,20250912
회천 제7호 수변공원,수변공원,,경기도 양주시 덕계동 938,37.815570896,127.0546978561,20429.0,체력단련장,,화장실+파고라+벤치,,,,경기도 양주시청 공원사업과,031-8082-7317,20250912
251호,소공원,,경기도 부천시 소사구 심곡본동 820-3,37.4778105429,126.7739943197,1085.0,,,,,,20110808,경기도 부천시청,032-625-4853,20250731
아롱별,어린이공원,,경기도 부천시 원미구 원미동 196-4,37.4899206187,126.7877114177,416.2,,,,,,20180907,경기도 부천시청,032-625-4863,20250731
으뜸,어린이공원,,경기도 부천시 원미구 도당동 214-6,37.5144708066,126.7748830749,499.0,,,,,,20180907,경기도 부천시청,032-625-4843,20250731
297호,어린이공원,,경기도 부천시 소사구 송내동 670,37.4854554699,126.747215211,499.0,,조합놀이대,,,,20180907,경기도 부천시청,032-625-4843,20250731
301호,어린이공원,,경기도 부천시 오정구 내동 80,37.5205613491,126.77627305,628.2,,,,,,20180907,경기도 부천시청,032-625-4843,20250731
가마골,어린이공원,경기도 부천시 오정구 성곡로 23-1,경기도 부천시 오정구 여월동 297,37.5162606003,126.8006906709,6993.3,X-게임장,흔들놀이기구 등 4개,화장실,,,20031128,경기도 부천시청,032-625-4843,20250731
고강취락,소공원,,경기도 부천시 오정구 고강동 250-17,37.5317278369,126.8228064563,900.0,,,,,,20060828,경기도 부천시청,032-625-4843,20250731
서두나루,근린공원,경기도 고양시 덕양구 권율대로 202-2,경기도 고양시 덕양구 행신동 1098-1,37.614734231,126.8483326257,11615.0,체력단련시설,,화장실,,,20031112,경기도 고양시 푸른도시사업소,031-8075-4321,20251215
주택재개발(195호),어린이공원,,경기도 고양시 덕양구 행신동 633-98,37.6208752257,126.8310421798,764.0,체력단련시설,조합놀이대,,,,20060123,경기도 고양시 푸른도시사업소,031-8075-4321,20251215
삼송근린4(동산꽃맞이/밥할머니),근린공원,경기도 고양시 덕양구 동송로6,경기도 고양시 덕양구 동산동 374,37.6474653299,126.9000093396,149323.0,풋살장+인라인스케이트장+게이트볼장+농구장+다목적운동장+배드민턴장+파크골프장+체력단련시설,,화장실,별꿈도서관,수경시설+경로당,20061211,경기도 고양시 푸른도시사업소,031-8075-4325,20251215
한울어린이공원,어린이공원,,경기도 파주시 동패동 1770,37.7086552251,126.7413727349,1808.3,,,,,,,경기도 파주시청,031-940-8406,20250618
삼송근린6(조관),근린공원,경기도 고양시 덕양구 신원2로 24,경기도 고양시 덕양구 신원동 607,37.6663861525,126.8863642061,14983.0,체력단련시설,조합놀이대,,,,20061211,경기도 고양시 푸른도시사업소,031-8075-4325,20251215
청호제1어린이공원,어린이공원,경기도 오산시 동부대로 332-14,경기도 오산시 청호동 324,37.1311852969,127.0796593687,1500.0,,조합놀이대 등,,,,20050117,오산시 환경사업소 도시공원녹지과,031-8036-6475,20251222
원동제3어린이공원,어린이공원,,경기도 오산시 원동641-5,37.1373470234,127.0839005059,1504.0,농구장,조합놀이대 등,,,,20050530,오산시 환경사업소 도시공원녹지과,031-8036-6475,20251222
하늘(일산2-3),근린공원,,경기도 고양시 일산동구 중산동 1795,37.6771303391,126.7835089341,9894.9,야외배드민턴장+농구장+다목적운동장+체력단련시설,조합놀이대,화장실,,수경시설,20020105,경기도 고양시 푸른도시사업소,031-8075-4337,20251215
서정 근린공원,근린공원,경기도 평택시 송일로 16,경기도 평택시 서정동 201-7 201-8,37.0628957722,127.0603634128,18910.0,거꾸로매달리기+건너기+다리뻗치기+다리올리기+등치기+등허리지압기+마라톤운동기+벤치프레스+어깨근육풀기+옆파도타기+오금펴기+온몸노젓기+온몸역기올리기+온몸허리돌리기+윗몸일으키기+철봉+평행봉+하늘걷기,,음수전+화장실,,옹벽+자연석쌓기+집수정+측량기준점+트랜치+현충탑,19660831,경기도 평택시청,031-8024-4248,20260313
석정 근린공원,근린공원,,경기도 평택시 이충동 701,37.0547997925,127.0623282844,321558.0,,,,,,19870511,경기도 평택시청,031-8024-4248,20260313
금상어린이공원,어린이공원,,경기도 성남시 중원구 금광동 1625,,,8749.7,,어린이놀이터,벤치+파고라,,,20240321,경기도 성남시 중원구 도시미관과,031-729-6452,20251111
금상소공원,소공원,,경기도 성남시 중원구 금광동 1007,37.4417696801,127.1635023177,1305.6,,,,,,20240321,경기도 성남시 중원구 도시미관과,031-729-6452,20251111
하이테크밸리 근린공원,근린공원,경기도 성남시 중원구 사기막골로45번길 42,경기도 성남시 중원구 상대원동 152-1,37.4389058438,127.1684571746,76658.0,"야외운동기구, 배드민턴장, 농구장, 게이트볼장, 다목적운동장",어린이놀이시설,"휴게쉼터, 벤치, 화장실, 주차장",야외무대,,20240729,경기도 성남시 공원과,031-729-4274,20251111
서현공원,어린이공원,,경기도 성남시 분당구 서현동 89-6,37.3820872487,127.1270985339,11273.5,야외운동기구,어린이놀이터,벤치+파고라+화장실,,바닥분수,19900622,경기도 성남시 분당구 녹지공원과,031-729-7463,20251111
서현공원,근린공원,,경기도 성남시 분당구 이매동 산57,37.3901809194,127.1296897002,97877.8,골프연습장,,주차장,,,19721103,경기도 성남시 공원과,031-729-4382,20251111
탑골공원,어린이공원,경기도 성남시 분당구 탑골공원길 20,경기도 성남시 분당구 야탑동 521,37.4081736114,127.1363096664,4314.6,야외운동기구,어린이놀이터,벤치,,,19900622,경기도 성남시 분당구 녹지공원과,031-729-8094,20251111
상희공원,근린공원,경기도 성남시 분당구 야탑로205번길 27,경기도 성남시 분당구 야탑동 271,37.4108589921,127.1419805888,18143.7,다목적운동장,놀이터,,,,19900622,경기도 성남시 공원과,031-729-4382,20251111
점골공원,어린이공원,경기도 성남시 분당구 불정로 419,경기도 성남시 분당구 서현동 332,37.3769430838,127.1399845338,4487.5,,어린이놀이터,벤치+파고라,,,19900622,경기도 성남시 분당구 녹지공원과,031-729-7463,20251111
판교제19호(우주)공원,어린이공원,,경기도 성남시 분당구 삼평동 620,37.4040496311,127.1013783409,4739.8,,,벤치,,경관분수,20060322,경기도 성남시 분당구 녹지공원과,031-729-8093,20251111
점골공원,근린공원,,경기도 성남시 분당구 서현동 342,37.3781198226,127.1407162345,270243.9,체력단련시설+배드민턴장+게이트볼장,,주차장,,,19900622,경기도 성남시 공원과,031-729-4382,20251111
매향공원,어린이공원,,경기도 성남시 분당구 야탑동 214-1,37.4147096376,127.1374121102,1663.6,야외운동기구,어린이놀이터,벤치,,,19900622,경기도 성남시 분당구 녹지공원과,031-729-8094,20251111
가람어린이공원,어린이공원,,경기도 파주시 와동동 1335,37.734208831,126.7641684139,3465.4,,,,,벽천,,경기도 파주시청,031-940-8406,20250618
새싹공원,어린이공원,,경기도 성남시 분당구 야탑동 208,37.4154391399,127.1411005216,1500.3,야외운동기구,어린이놀이터,벤치,,,19900622,경기도 성남시 분당구 녹지공원과,031-729-8094,20251111
숲속공원,어린이공원,,경기도 성남시 분당구 야탑동 213-1,37.4140262421,127.1403832863,1585.3,야외운동기구,어린이놀이터,벤치,,,19900622,경기도 성남시 분당구 녹지공원과,031-729-8094,20251111
양촌공원,어린이공원,,경기도 성남시 분당구 야탑동 178,37.4070563553,127.1470369564,1533.2,야외운동기구,어린이놀이터,벤치,,,19900622,경기도 성남시 분당구 녹지공원과,031-729-8094,20251111
탑공원,어린이공원,경기도 성남시 분당구 야탑로111번길 12-14,경기도 성남시 분당구 야탑동 385,37.4116569408,127.1317840757,4424.0,야외운동기구,어린이놀이터,벤치,,,19900622,경기도 성남시 분당구 녹지공원과,031-729-8094,20251111
종달새공원,어린이공원,경기도 성남시 분당구 판교로429번길 21,경기도 성남시 분당구 야탑동 534,37.4065738947,127.123424827,4541.7,야외운동기구,어린이놀이터,벤치,,,19900622,경기도 성남시 분당구 녹지공원과,031-729-8094,20251111
태평공원,근린공원,경기도 시흥시 상직길 16,경기도 시흥시 하상동 343-36,37.3889124508,126.8122116641,10404.0,인라인트랙,,,,,20100730,경기도 시흥시청,031-310-3872,20251219
차오름,근린공원,,경기도 시흥시 배곧동 149,37.3736832861,126.7316164718,25576.0,,,,,,20111004,경기도 시흥시청,031-310-3863,20251219
한울(1),수변공원,경기도 시흥시 해송십이로 289,경기도 시흥시 배곧동 42,37.3709170273,126.7173045579,213143.0,,조합놀이대,,,,20111004,경기도 시흥시청,031-310-3863,20251219
무건리 소공원 1,소공원,,경기도 파주시 법원읍 가야리 376-13,37.8498694071,126.8681667031,146.0,,,,,,,경기도 파주시청,031-940-8406,20250618
문발산업단지 소공원,소공원,,경기도 파주시 다율동 972,37.7308970478,126.7142286162,7170.2,,,,,,,경기도 파주시청,031-940-8406,20250618
대쌍령 2호 소공원,소공원,,경기도 광주시 초월읍 대쌍령리 500,37.3908034446,127.2906588901,1438.0,,,,,,,광주도시관리공사,031-762-1039,20250820
양벌1호 소공원,소공원,,경기도 광주시 양벌동 1113,37.3942189227,127.2585067148,1487.0,운동기구,,,,,,광주도시관리공사,031-762-1039,20250820
동부그린 근린공원(비전3지구),근린공원,경기도 평택시 문화촌로 45,경기도 평택시 비전동 875,36.99670338,127.1175436936,10578.0,농구대+어깨근육풀기+온몸허리돌리기+운동장+족구대+철봉+평행봉+하늘걷기,그네+그네보호대+모래포장+조합놀이대+흔들놀이,화장실,,조형석+집수정,19940111,경기도 평택시청,031-8024-4248,20260313
을미공원,어린이공원,,경기도 시흥시 조남동 681,37.3714811632,126.8548996643,1557.0,,,,,,20111221,경기도 시흥시청,031-310-3872,20251219
정왕동 체육5공원,체육공원,경기도 시흥시 함송로 8,경기도 시흥시 정왕동 1886-1,37.3640775531,126.7285667444,10117.0,,,,,,20141231,경기도 시흥시청,031-310-3864,20251219
은행길담소공원,근린공원,,경기도 시흥시 은행동 648,37.4366311456,126.798339524,10194.0,,,,,,20100427,경기도 시흥시청,031-310-3892,20251219
매화근린공원,근린공원,,경기도 시흥시 매화동 844-1,37.4165761794,126.8194149449,9991.0,,,,,,,경기도 시흥시청,031-310-3894,20251219
매화문화공원,문화공원,,경기도 시흥시 매화동 851,37.4184278622,126.8167884024,829.0,,,,,,,경기도 시흥시청,031-310-3894,20251219
은계,어린이공원,,경기도 시흥시 대야동 569-2,37.4475598505,126.7959883256,7166.0,,,,,,,경기도 시흥시청,031-310-3894,20251219
금빛,어린이공원,,경기도 광명시 소하동 1326,37.4461870611,126.8905041427,1582.0,,,,,,20040106,경기도 광명시청,02-2680-2887,20251209
부용산 근린공원,근린공원,경기도 평택시 팽성읍 부용로55번길 34,경기도 평택시 팽성읍 객사리 242,36.9671514201,127.0595215908,49092.2,,,,,묘비석+상수관+우수관+장대석쌓기+집수정,19750712,경기도 평택시청,031-8024-4248,20260313
서천근린공원,근린공원,,경기도 용인시 기흥구 서천동 752 일원,37.2371496243,127.0705567718,27901.6,,,,,,20050103,,,20250801
동산근린공원(역북도시개발사업 근린공원 2호),근린공원,,경기도 용인시 처인구 역북동 805,37.2319581738,127.1853181112,30000.8,,,,,,20100318,,,20250801
역북지구 근린공원(역북1지구),근린공원,,경기도 용인시 처인구 역북동 780 일원,37.24418661,127.1956147842,26492.0,,,,,,20091208,,,20250801
원미,문화공원,경기도 부천시 원미구 소사로 456,경기도 부천시 원미구 원미동 15,37.4978564023,126.7978757203,230485.3,배드민턴장,회전놀이기구 등 6개,화장실,,,19861107,경기도 부천시청,032-625-4843,20250731
원천,근린공원,경기도 부천시 원미구 상이로 10,경기도 부천시 원미구 상동 620-3,37.4895596553,126.7445736025,13099.8,,,화장실,,,19981217,경기도 부천시청,032-625-4843,20250731
율곡,어린이공원,경기도 부천시 소사구 경인로216번길 66,경기도 부천시 소사구 심곡본동 652-2,37.4802922577,126.7789483398,2128.2,,조합놀이대 등 4개,화장실,,,19850910,경기도 부천시청,032-625-4843,20250731
새고향공원,어린이공원,경기도 하남시 대청로59번길 37,경기도 하남시 신장동 527-1,37.5430447835,127.2187665216,1765.0,,,,,,20080821,경기도 하남시청,031-5182-1579,20251218
새나라공원,어린이공원,경기도 하남시 대청로137번길 12,경기도 하남시 창우동 100-19,37.5395154404,127.228163578,3280.0,,,,,,20080821,경기도 하남시청,031-5182-1579,20251218
꿈돌이공원,어린이공원,경기도 하남시 천현로 113,경기도 하남시 창우동 521-5,37.5364567489,127.2229566412,3088.0,,,,,,20080821,경기도 하남시청,031-5182-1579,20251218
한마음공원,어린이공원,경기도 하남시 하남대로802번길 30,경기도 하남시 신장동 562-1,37.5416529022,127.2097499157,1550.0,,,,,,20080821,경기도 하남시청,031-5182-1579,20251218
풍산지구 어린이1호,어린이공원,경기도 하남시 덕풍북로105번길 1,경기도 하남시 덕풍동 708-7,37.5552870217,127.2011604054,1536.0,,,,,,20080821,경기도 하남시청,031-5182-1579,20251218
남사아곡 제2호 근린공원(한숲 햇빛공원),근린공원,경기도 용인시 처인구 남사읍 한숲로 100,경기도 용인시 처인구 남사읍 완장리 952-4,37.1569467014,127.1737805782,31775.2,,,,,,20091001,,,20250801
판교제23호(운중)공원,어린이공원,,경기도 성남시 분당구 운중동 307-3,37.3927156874,127.0600247819,1492.0,야외운동기구,어린이놀이터,벤치,,,20050131,경기도 성남시 분당구 녹지공원과,031-729-8093,20251111
남사아곡 제3호 근린공원(한숲 물빛공원),근린공원,경기도 용인시 처인구 남사읍 한숲로 61,경기도 용인시 처인구 남사읍 아곡리 681-1 일원,37.1537827514,127.1705282936,20322.2,,,,,,20091001,,,20250801
은하수,어린이공원,경기도 부천시 소사구 소삼로36번길 16,경기도 부천시 소사구 소사본동 138-4,37.4776596,126.796775403,3306.2,,그네+조합놀이대 등 10개,화장실,,,19710510,경기도 부천시청,032-625-4843,20250731
전원3단지,어린이공원,,경기도 부천시 오정구 작동 371-4,37.5076706261,126.8124198818,1531.3,,조합놀이대 등 5개,,,,19950327,경기도 부천시청,032-625-4843,20250731
설악,어린이공원,경기도 부천시 원미구 중동로 326-1,경기도 부천시 원미구 중동 1051-2,37.5087957036,126.7705956349,1520.2,,조합놀이대 등 8개,화장실,,,19901127,경기도 부천시청,032-625-4843,20250731
9호어린이 반짝반짝 어린이공원,어린이공원,경기도 화성시 만세구 남양읍 남양로 651,경기도 화성시 만세구 남양읍 남양리 2313-2,37.1972935805,126.8241627194,2985.9,,,,,,,,031-5189-6655,20260201
소공원1호,소공원,,경기도 화성시 만세구 남양읍 남양리 2264,37.2051544804,126.8227564457,260.1,,,,,,,,031-5189-6655,20260201
소공원2호,소공원,,경기도 화성시 만세구 남양읍 남양리 2271-1,37.2061093779,126.8242969242,463.5,,,,,,,,031-5189-6655,20260201
오야소공원,어린이공원,,경기도 성남시 분당구 야탑동 509,37.407919113,127.1268842045,1517.8,야외운동기구,어린이놀이터,벤치,,,19900622,경기도 성남시 분당구 녹지공원과,031-729-8094,20251111
무잡모퉁이공원,어린이공원,,경기도 성남시 분당구 야탑동 529,37.4073485235,127.1270172141,2018.4,야외운동기구,어린이놀이터,벤치,,,19900622,경기도 성남시 분당구 녹지공원과,031-729-8094,20251111
장승백이공원,어린이공원,,경기도 성남시 분당구 야탑동 516,37.4094976527,127.1310264879,1504.3,야외운동기구,어린이놀이터,벤치,,,19900622,경기도 성남시 분당구 녹지공원과,031-729-8094,20251111
무장들공원,어린이공원,,경기도 성남시 분당구 야탑동 524,37.4077268902,127.1310291197,1506.9,야외운동기구,어린이놀이터,벤치,,,19900622,경기도 성남시 분당구 녹지공원과,031-729-8094,20251111
목련공원,어린이공원,,경기도 성남시 분당구 야탑동 167,37.4078697994,127.1391987746,1572.1,,어린이놀이터,벤치+음수전,,,19900622,경기도 성남시 분당구 녹지공원과,031-729-8094,20251111
과수원공원,어린이공원,,경기도 성남시 분당구 이매동 103,37.402392083,127.125993451,5180.1,야외운동기구,어린이놀이터,벤치,,,19900622,경기도 성남시 분당구 녹지공원과,031-729-8094,20251111
아름공원,어린이공원,,경기도 성남시 분당구 이매동 134,37.4025074915,127.1230141079,5153.9,야외운동기구,어린이놀이터,벤치,,,19900622,경기도 성남시 분당구 녹지공원과,031-729-8094,20251111
방아다리공원,어린이공원,경기도 성남시 분당구 양현로 158,경기도 성남시 분당구 이매동 114,37.3980538255,127.1256140966,5199.2,야외운동기구,어린이놀이터,벤치,,,19900622,경기도 성남시 분당구 녹지공원과,031-729-8094,20251111
이매길공원,어린이공원,,경기도 성남시 분당구 이매동 148,37.393108188,127.1222756686,2695.4,,어린이놀이터,벤치,,,19900622,경기도 성남시 분당구 녹지공원과,031-729-8094,20251111
신일공원,어린이공원,,경기도 성남시 분당구 야탑동 164,37.407164616,127.144121158,1581.5,,어린이놀이터,벤치,,,19900622,경기도 성남시 분당구 녹지공원과,031-729-8094,20251111
누엣길공원,어린이공원,경기도 성남시 분당구 누엣공원로 20,경기도 성남시 분당구 이매동 125,37.3897254046,127.1257120009,3900.7,야외운동기구,어린이놀이터,벤치,,바닥분수,19900622,경기도 성남시 분당구 녹지공원과,031-729-8094,20251111
솔밭공원,어린이공원,경기도 성남시 분당구 새마을로1번길 3,경기도 성남시 분당구 서현동 78-4,37.3846118063,127.1305608401,2234.3,,어린이놀이터,벤치+파고라,,,19900622,경기도 성남시 분당구 녹지공원과,031-729-7463,20251111
도담공원(6호),소공원,,경기도 화성시 동탄구 청계동 550-1,37.2030205315,127.1181131995,7326.0,,,,,,,경기도 화성시 공원녹지사업소 동부공원관리과,031-5189-6961,20260201
가석제3어린이공원,어린이공원,,경기도 양주시 광적면 가납리901,37.8202023058,126.9838136021,2275.0,배드민턴장,조합놀이대,화장실+파고라+벤치,,,20060501,경기도 양주시청 공원사업과,031-8082-7311,20250912
방성어린이공원,어린이공원,,경기도 양주시 백석읍 방성리82,37.8049229244,126.9993687425,1838.0,,조합놀이대+그네+시소,등벤치+파고라,,,19940708,경기도 양주시청 공원사업과,031-8082-7311,20250912
선암제2어린이공원,어린이공원,,경기도 양주시 은현면 선암리321-43,37.8726161312,127.0253872236,2223.0,농구장,조합놀이대,정자+음수대+벤치,,,20100303,경기도 양주시청 공원사업과,031-8082-7311,20250912
전원,어린이공원,,경기도 부천시 원미구 상동 595-2,37.4935768601,126.7431167218,2639.5,,그네 등 6개,,,,19981217,경기도 부천시청,032-625-4843,20250731
옥정제4어린이공원(산울림),어린이공원,,경기도 양주시 고암동 612,37.8305421254,127.0748940749,3038.0,허리돌리기+파도타기+역기내리기+공궁걷기,조합놀이대+흔들놀이+터널놀이집,파고라+벤치,,,20080407,경기도 양주시청 공원사업과,031-8082-7318,20250912
옥정제6어린이공원(초록숲),어린이공원,,경기도 양주시 옥정동 1073-3,37.8170711216,127.0960796994,1721.0,등허리지압기+옆파도타기+역기내리기+어깨근육풀기,,파고라+벤치,,,20080407,경기도 양주시청 공원사업과,031-8082-7318,20250912
옥정제7어린이공원(오르락내리락),어린이공원,,경기도 양주시 옥정동 1064-3,37.81705118,127.0981317399,1608.0,,모험놀이대+사면슬라이드+그네,파고라+벤치,,,20080407,경기도 양주시청 공원사업과,031-8082-7318,20250912
민락문화공원,문화공원,,경기도 의정부시 민락동 691-2,37.7426637862,127.0918903966,2451.0,허리돌리기+ 평행봉+ 철봉,조합놀이대,,,공원등+ CCTV 등,,경기도 의정부시청,031-828-4054,20250620
독골공원,어린이공원,경기도 용인시 수지구 문인로31번길 7-56,경기도 용인시 수지구 풍덕천동 678-1,37.3322614186,127.1006439474,3558.0,,,,,,19911209,,,20250801
원곡공원,문화공원,"경기도 안산시 단원구 화랑로 10, (원곡동)",경기도 안산시 단원구 원곡동 963-14번지,37.3330736007,126.7955404737,34406.4,,,,,,19770328,경기도 안산시청,031-481-2471,20260406
대반리 소공원(대반지구),소공원,경기도 평택시 안중읍 대반4길 73-11,경기도 평택시 안중읍 대반리 468-3,36.9800708904,126.953683332,888.0,,,,,,20120614,경기도 평택시청,031-8024-4248,20260313
향남1지구 1호근린(용현공원),근린공원,경기도 화성시 만세구 향남읍 행정서로 5,경기도 화성시 만세구 향남읍 행정리 460,37.1239178386,126.9135890275,18155.0,,,,,,,,031-5189-6655,20260201
향남1지구 3호근린(살구꽃공원),근린공원,경기도 화성시 만세구 향남읍 행정중앙2로 88,경기도 화성시 만세구 향남읍 행정리 490,37.1291737733,126.9247725937,46749.0,,,,,,,,031-5189-6655,20260201
문화2공원,문화공원,,경기도 시흥시 조남동 649,37.37786757,126.8471648179,4222.0,,,,,,20140923,경기도 시흥시청,031-310-3872,20251219
소라어린이공원,어린이공원,,경기도 화성시 동탄구 송동 711-6,37.165672198,127.0951578552,724.0,야구장,물놀이장+놀이터,,,,,경기도 화성시 공원녹지사업소 동부공원관리과,031-5189-6961,20260201
어천저수지쌈지공원,기타,,경기도 화성시 효행구 매송면 원평리 208-1,37.2515856989,126.9175555049,2000.0,,,,,,,,031-5189-6655,20260201
3호근린 꽃내음 언덕공원,근린공원,,경기도 화성시 만세구 남양읍 북양리 695,37.215384676,126.8342692104,57568.5,,,,,,,,031-5189-6655,20260201
6호근린 솔바람 공원,근린공원,,경기도 화성시 만세구 남양읍 남양리 230,37.2091170528,126.8045871206,12042.1,,,,,,,,031-5189-6655,20260201
1호체육 푸른 건강 뜰,체육공원,경기도 화성시 만세구 남양읍 시청로45번길 95,경기도 화성시 만세구 남양읍 남양리 2236,37.2099712083,126.8264501399,64136.1,,,,,,,,031-5189-6655,20260201
비봉체육공원,체육공원,,경기도 화성시 효행구 비봉면 유포리 619,37.2593150496,126.8463490341,171612.0,,,,,,,,031-5189-6655,20260201
공공공지 1호,기타,,경기도 화성시 만세구 새솔동 99-7,37.2796542012,126.8201197249,39.0,,,,,,,,031-5189-6655,20260201
반송 저류지 (저류지 5호),기타,,경기도 화성시 동탄구 반송동 735,37.1922886112,127.0820478377,788.9,족구장+농구장,,,,,,경기도 화성시 공원녹지사업소 동부공원관리과,031-5189-6961,20260201
남양 비석공원,기타,경기도 화성시 만세구 남양읍 남양성지로 74,경기도 화성시 만세구 남양읍 남양리 1868,37.2068133421,126.8118167733,4268.0,,,,,,,,031-5189-6655,20260201
송산 3.1 기념공원,근린공원,경기도 화성시 만세구 송산면 삼일공원로 18,경기도 화성시 만세구 송산면 사강리 299-3,37.2171455191,126.7315532786,9500.0,,,,,,,,031-5189-6655,20260201
전곡공원 4호,근린공원,,경기도 화성시 만세구 서신면 장외리 631,37.1787620084,126.6771623717,14400.0,,,,,,,,031-5189-6655,20260201
광장4호,기타,,경기도 화성시 만세구 남양읍 남양리 2273-1,37.2064207115,126.8255508114,579.0,,,,,,,,031-5189-6655,20260201
정명,어린이공원,경기도 부천시 소사구 심곡로 89,경기도 부천시 소사구 심곡본동 818,37.4760206312,126.7746577931,1520.1,,그네 등 6개,화장실,,,19831123,경기도 부천시청,032-625-4843,20250731
풍덕천공원,어린이공원,경기도 용인시 수지구 풍덕천로160번길 12,경기도 용인시 수지구 풍덕천동 727,37.3239462378,127.0993448057,1575.0,,,,,,19911209,,,20250801
중앙공원,어린이공원,경기도 용인시 수지구 수지로342번길 22,경기도 용인시 수지구 풍덕천동 700-2,37.3263331029,127.0961603948,3016.0,,,,,,19911209,,,20250801
임진,어린이공원,경기도 용인시 수지구 진산로11번길 29-1,경기도 용인시 수지구 풍덕천동 1155,37.3179962424,127.0938123547,3065.0,,,,,,19951230,,,20250801
새말공원,어린이공원,,경기도 용인시 수지구 풍덕천동 1015,37.3225206942,127.0896849093,2855.0,,,,,,19951230,,,20250801
제101호 어린이공원(상갈),어린이공원,,경기도 용인시 기흥구 상갈동 102-5,37.2677148128,127.1061122615,1650.0,,,,,,19961231,,,20250801
보정제5호 어린이공원(포솔),어린이공원,,경기도 용인시 기흥구 보정동 1284,37.3117874237,127.1107411028,1672.0,,,,,,20010209,,,20250801
보정제1호 어린이공원(신촌),어린이공원,,경기도 용인시 기흥구 보정동 1201,37.3218330433,127.112491304,1528.0,,,,,,20010209,,,20250801
움찬 어린이공원(마북 제2호),어린이공원,,경기도 용인시 기흥구 마북동 639,37.301664094,127.1197058129,1505.0,,,,,,20050912,,,20250801
반달,근린공원,경기도 수원시 영통구 반달로 77,경기도 수원시 영통구 영통동 1012-4,37.250871314,127.0788600935,16015.3,,,,,,,경기도 수원시 영통구 녹지공원과,031-5191-8331,20260115
제54호 어린이공원(은하수),어린이공원,,경기도 용인시 기흥구 구갈동 605 일원,37.2702246604,127.134067771,1500.0,,,,,,20001231,,,20250801
제51호 어린이공원(하늘채),어린이공원,,경기도 용인시 기흥구 구갈동 549,37.2780025265,127.1293829067,1615.0,,,,,,20001231,,,20250801
제49호 어린이공원(한성),어린이공원,,경기도 용인시 기흥구 구갈동 383-1,37.2780191417,127.1142441634,3720.0,,,,,,19891111,,,20250801
경안천벚길 어린이공원(제99호),어린이공원,,경기도 용인시 처인구 포곡읍 삼계리 671-25 일원,37.2879590157,127.2331687226,1875.0,,,,,,20090817,,,20250801
늘봄 어린이공원(제56호 어린이공원),어린이공원,경기도 용인시 처인구 포곡읍 포곡로108번길 13-7,경기도 용인시 처인구 포곡읍 둔전리 139-4 일원,37.2689536749,127.2187514939,1555.0,,,,,,20030623,,,20250801
제67호 유방어린이공원,어린이공원,,경기도 용인시 처인구 유방동 287-4,37.2593292267,127.2167896738,2465.0,,,,,,20030623,,,20250801
공공공지1호,기타,,경기도 화성시 만세구 남양읍 남양리 2320-6,37.1993881344,126.8266975139,1855.0,,,,,,,,031-5189-6655,20260201
공공공지2호,기타,,경기도 화성시 만세구 남양읍 남양리 2322-1,37.1984468606,126.8276667913,1199.0,,,,,,,,031-5189-6655,20260201
광장1호,기타,,경기도 화성시 만세구 남양읍 남양리 2232-7,37.2094205316,126.8318224256,1304.0,,,,,,,,031-5189-6655,20260201
광장2호,기타,,경기도 화성시 만세구 남양읍 남양리 2231,37.2105537526,126.8313541117,1286.0,,,,,,,,031-5189-6655,20260201
남양1호 근린공원,근린공원,,경기도 화성시 만세구 남양읍 남양리 2038,37.2055005516,126.8291780848,52151.0,,,,,,,,031-5189-6655,20260201
남양2-1호 근린공원,근린공원,,경기도 화성시 만세구 남양읍 남양리 2057-1,37.2029688149,126.829684621,3700.0,,,,,,,,031-5189-6655,20260201
남양3호 근린공원,근린공원,,경기도 화성시 만세구 남양읍 남양리 2060,37.2021024775,126.8306961538,5242.0,,,,,,,,031-5189-6655,20260201
남양2호 어린이공원,어린이공원,,경기도 화성시 만세구 남양읍 남양리 2036,37.2047506349,126.8287367884,2310.0,,,,,,,,031-5189-6655,20260201
남양3호 어린이공원,어린이공원,,경기도 화성시 만세구 남양읍 남양리 2042,37.2069164008,126.8300126674,1504.0,,,,,,,,031-5189-6655,20260201
남양4호 어린이공원,어린이공원,,경기도 화성시 만세구 남양읍 남양리 2066,37.2024895999,126.829508832,1515.0,,,,,,,,031-5189-6655,20260201
전곡공원 5호,소공원,,경기도 화성시 만세구 서신면 전곡리 1091-4,37.1909484817,126.6599771376,517.0,,,,,,,,031-5189-6655,20260201
제부도 쌈지공원,기타,,경기도 화성시 만세구 서신면 제부리 40-37,37.165935706,126.6254337194,6459.0,,,,,,,,031-5189-6655,20260201
바다뜰 쌈지공원,기타,,경기도 화성시 만세구 서신면 매화리 214-4,37.1685811479,126.7083818732,743.0,,,,,,,,031-5189-6655,20260201
제부교차로 공공공지,기타,,경기도 화성시 만세구 서신면 송교리 380,37.1723144978,126.6586304921,181.0,,,,,,,,031-5189-6655,20260201
매바위 광장,기타,,경기도 화성시 만세구 서신면 제부리 190-223,37.1597621239,126.619191327,3624.0,,,,,,,,031-5189-6655,20260201
송곡 어린이공원(2호),어린이공원,,경기도 화성시 만세구 향남읍 행정리 454,37.1267107799,126.9141285109,4290.0,,,,,,,,031-5189-6655,20260201
전곡일반광장,기타,,경기도 화성시 만세구 서신면 전곡리 1090,37.1895328569,126.6559588557,1981.0,,,,,,,,031-5189-6655,20260201
화성 바이오밸리 1호 근린공원,근린공원,경기도 화성시 만세구 마도면 청원산단8길 186,경기도 화성시 만세구 마도면 청원리 1516,37.1664302587,126.760844831,30752.0,,,,,,,,031-5189-6655,20260201
화성 바이오밸리 2호 체육공원,체육공원,경기도 화성시 만세구 마도면 청원산단5길 27,경기도 화성시 만세구 마도면 청원리 1512,37.169738792,126.7710964676,24594.0,,,,,,,,031-5189-6655,20260201
옥정제8어린이공원(보물섬),어린이공원,,경기도 양주시 옥정동 1076-1,37.815587672,127.0960654133,1596.0,역기내리기+허리돌리기+파도타기,조합놀이대+흔들놀이,파고라+벤치,,,20080407,경기도 양주시청 공원사업과,031-8082-7318,20250912
옥정제9어린이공원(파란하늘),어린이공원,,경기도 양주시 옥정동 1081-3,37.8156175463,127.0981394805,1561.0,허리돌리기+다리들어올리기+팔운동기구,조합놀이대,파고라+벤치+앉음벽,,,20080407,경기도 양주시청 공원사업과,031-8082-7318,20250912
옥정제10어린이공원(고암),어린이공원,,경기도 양주시 고암동 595-7,37.8319211242,127.0730371098,1788.0,허리돌리기+다리펴기+팔매달리기,흔들놀이+조합놀이대+그네,파고라+벤치,,,20080407,경기도 양주시청 공원사업과,031-8082-7318,20250912
장미어린이공원,어린이공원,,경기도 군포시 산본동 1092-1,37.3670596711,126.9312785789,1500.1,,,,,,19940915,경기도 군포시청,031-390-0478,20250912
공공공지 4호,기타,,경기도 화성시 만세구 새솔동 52-6,37.2856437219,126.8161221238,615.8,,,,,,,,031-5189-6655,20260201
LG Digital Park일반산업단지 근린공원,근린공원,경기도 평택시 진위면 엘지로 222,경기도 평택시 진위면 청호리 1,37.1253644523,127.0906225003,19939.5,체력단련시설+체력단련장1+체력단련장2,,,,도수로+벤치플륨관+산마루측구+우배수시설+우수맨홀+우수받이+우수받이연결관+절토구간+집수정+집수정연결관,20130911,경기도 평택시청,031-8024-4248,20260313
가곡 근린공원,근린공원,경기도 평택시 진위면 가곡1길 39,경기도 평택시 진위면 가곡리 70-1,37.1125704394,127.0871909188,18268.0,,,,,,20060613,경기도 평택시청,031-8024-4248,20260313
새터,어린이공원,경기도 부천시 오정구 오정로212번길 22,경기도 부천시 오정구 오정동 591,37.5265611107,126.7838336431,1423.9,,흔들놀이기구 등 10개,화장실,,,19671111,경기도 부천시청,032-625-4843,20250731
갈곶 근린공원(진위제2산업단지),근린공원,,경기도 평택시 진위면 갈곶리 118,,,12781.0,다리뻗치기+마라톤운동+어깨근육풀기+역기내리기+역기올리기+인조잔디 라인마킹(풋살장 시설 및 포장)+풋살골대(이동식)(풋살장 시설 및 포장)+풋살장+하늘걷기,,음수전+자전거보관대+화장실,,DRAIN Valve+Q.C Valve+U형 플륨관+급수관+맹암거 간선+맹암거 간선(풋살장 우배수)+맹암거 지선+맹암거 지선(풋살장 우배수)+스틸그레이팅(풋살장 시설 및 포장)+연결관+오수받이(PE)+자연석쌓기B+잔디수로+제수변+집수정+집수정(풋살장 우배수)+측구수로관(풋살장 우배수),20131205,경기도 평택시청,031-8024-4248,20260313
궁2리 근린공원(궁리2지구),근린공원,,경기도 평택시 고덕면 궁리 524,37.0214900371,127.0363091404,19409.0,,,,,,20160428,경기도 평택시청,031-8024-4248,20260313
모곡 근린공원,근린공원,경기도 평택시 산단로52번길 21 (모곡동),경기도 평택시 모곡동 444,37.0353954347,127.0758364682,27546.6,게이트볼장+온몸근육풀기+온몸허리돌리기+윗몸일으키기+축구대+축구장+테니스 네트대+테니스 심판대+테니스장+하늘걷기,,자전거거치대+주차장+화장실,,PE 빗물받이+공단준공기념비+우수관+조회대+트랜치+하수관천공접합,19880423,경기도 평택시청,031-8024-4248,20260313
봉골 근린공원(고덕일반산업단지),근린공원,경기도 평택시 삼성1로 190,경기도 평택시 고덕동 1732,37.0266911385,127.0619212884,115620.2,다목적운동장,,음수전+자전거보관대+화장실,,L형측구+PE빗물받이+QC밸브+배수관(PE이중벽관)+배수관(PVC PIPE)+상수관로+오수관로(PE이중벽관)+집수정A+측구B+측구수로관+측구수로관A,20101116,경기도 평택시청,031-8024-4248,20260313
꽃마리어린이공원,어린이공원,,경기도 화성시 동탄구 장지동 1017-6,37.1573396778,127.1084465989,2336.0,,놀이터,,,,,경기도 화성시 공원녹지사업소 동부공원관리과,031-5189-6961,20260201
아람어린이공원,어린이공원,,경기도 화성시 동탄구 장지동 998-7,37.1615075147,127.1181815678,1605.0,,놀이터,,,,,경기도 화성시 공원녹지사업소 동부공원관리과,031-5189-6961,20260201
달빛어린이공원,어린이공원,,경기도 화성시 동탄구 장지동 1029-3,37.1554873859,127.1143774915,1519.0,,놀이터,,,,,경기도 화성시 공원녹지사업소 동부공원관리과,031-5189-6961,20260201
햇살어린이공원(어린이2호),어린이공원,,경기도 화성시 동탄구 목동 256-1,,,2726.0,,놀이터,,,,,경기도 화성시 공원녹지사업소 동부공원관리과,031-5189-6961,20260201
샛별어린이공원(어린이3호),어린이공원,,경기도 화성시 동탄구 산척동 산155-24,,,3197.0,,놀이터,,,,,경기도 화성시 공원녹지사업소 동부공원관리과,031-5189-6961,20260201
장미어린이공원,어린이공원,경기도 의정부시 체육로 90,경기도 의정부시 녹양동 385-1,37.7579240735,127.0316022932,1509.0,,조합놀이대+ 그네+ 흔들놀이기구,,,공원등+ CCTV 등,,경기도 의정부시청,031-828-2414,20250620
8호어린이 방울방울 어린이공원,어린이공원,,경기도 화성시 만세구 남양읍 남양리 2301,37.2013424078,126.8221225718,1502.8,,,,,,,,031-5189-6655,20260201
판교제21호(물방울)공원,어린이공원,,경기도 성남시 분당구 삼평동 677,37.4016861827,127.1113448549,8323.9,야외운동기구,어린이놀이터,벤치,,경관분수,20060322,경기도 성남시 분당구 녹지공원과,031-729-8093,20251111
비둘기,어린이공원,경기도 부천시 원미구 신흥로45번길 36,경기도 부천시 원미구 심곡동 344-9,37.4882632297,126.7750258243,3260.9,,흔들놀이기구 등 5개,화장실,,,19801007,경기도 부천시청,032-625-4843,20250731
산골,어린이공원,경기도 부천시 소사구 성주로 20,경기도 부천시 소사구 송내동 407,37.4816612709,126.7598317816,5965.0,게이트볼장,흔들놀이기구 등 7개,화장실,,,19780926,경기도 부천시청,032-625-4843,20250731
산우물,어린이공원,경기도 부천시 원미구 부일로380번길 28,경기도 부천시 원미구 중동 899,37.4862022008,126.7725912186,3013.9,배드민턴장,흔들놀이기구 등 5개,화장실,,,19780926,경기도 부천시청,032-625-4843,20250731
상동호수,근린공원,,경기도 부천시 원미구 상동 549,37.5061236719,126.7441464922,180130.3,농구장+배드민턴장+게이트볼장+X-게임장,그네 등 6개,화장실+매점,,,19981217,경기도 부천시청,032-625-4843,20250731
용바위어린이공원,어린이공원,,경기도 군포시 대야미동 651-1,37.3289478061,126.9196593098,1501.0,,,,,,19960814,경기도 군포시청,031-390-0478,20250912
고산공원,근린공원,경기도 성남시 수정구 청계산로 732,경기도 성남시 수정구 고등동 606 일원,37.4251658503,127.0977662701,43483.2,야외운동기구,어린이놀이터+물놀이장,,,,20111013,경기도 성남시 공원과,031-729-4272,20251111
복우물공원,어린이공원,,경기도 성남시 수정구 복정동 697,37.455249617,127.1282526707,5274.5,,어린이놀이터,벤치,,,19981207,경기도 성남시 수정구 도시미관과,031-729-5203,20251111
새싹문화공원,문화공원,경기도 수원시 장안구 수일로 164,경기도 수원시 장안구 조원동 198-14,37.3066018212,127.0080674188,3460.0,,,,대추골 도서관,,,경기도 수원시 도서관사업소,031-5191-4819,20260115
신산체육공원,소공원,,경기도 양주시 남면 신산리 329-9,37.893128398,126.9726893891,6273.0,농구장+족구장+배드민턴장,아이누리놀이터,정자+주차장+벤치+화장실,,,20091228,경기도 양주시청 공원사업과,031-8082-7311,20250912
소라공원(동탄산단3호근린),근린공원,,경기도 화성시 동탄구 방교동 799,37.1683451961,127.0844120952,34698.0,,,,,,,경기도 화성시 공원녹지사업소 동부공원관리과,031-5189-6961,20260201
미래공원,어린이공원,경기도 성남시 분당구 분당로 245,경기도 성남시 분당구 서현동 309,37.3708369038,127.1357897587,3509.7,야외운동기구,어린이놀이터,벤치+파고라+화장실,,바닥분수,19900622,경기도 성남시 분당구 녹지공원과,031-729-7463,20251111
철쭉공원,어린이공원,,경기도 성남시 분당구 정자동 108,37.3665408565,127.1221688309,7944.2,야외운동기구,어린이놀이터,벤치+파고라+음수전,,,19910108,경기도 성남시 분당구 녹지공원과,031-729-7463,20251111
백현공원,어린이공원,경기도 성남시 분당구 황새울로 116번길 19-8,경기도 성남시 분당구 정자동 72,37.371086428,127.1122066071,4196.8,야외운동기구,어린이놀이터,벤치+파고라+음수전,,,19900622,경기도 성남시 분당구 녹지공원과,031-729-7463,20251111
늘품어린이공원(역북도시개발사업),어린이공원,,경기도 용인시 처인구 역북동 736-2 일원,37.234133708,127.1872519286,3736.7,,,,,,19100318,,,20250801
숲속어린이공원,어린이공원,,경기도 용인시 처인구 삼가동 289-16 일원,,,4878.3,,,,,,20081002,,,20250801
제107호 모현어린이공원,어린이공원,,경기도 용인시 처인구 모현읍 왕산리 949,37.3339522899,127.2538718868,5816.7,,,,,,20081006,,,20250801
봉남 근린공원,근린공원,,경기도 평택시 진위면 봉남리 산22-1,,,0.0,,,,,,20060613,경기도 평택시청,031-8024-4248,20260313
남사아곡 제3호 어린이공원(한숲 물내음),어린이공원,,경기도 용인시 처인구 남사읍 아곡리 692,37.1527085672,127.1693243363,3515.0,,,,,,20091001,,,20250801
소공원(우남1차옆),소공원,,경기도 용인시 처인구 역북동 788,37.2426954976,127.1945156624,1828.7,,,,,,20091208,,,20250801
청명,근린공원,경기도 수원시 영통구 봉영로 1770번길 21,경기도 수원시 영통구 영통동 1054-3,37.2674268703,127.083076305,17438.6,,,화장실1,,,,경기도 수원시 영통구 녹지공원과,031-5191-8331,20260115
백석천근린공원,근린공원,,경기도 의정부시 의정부2동 553,37.7337330954,127.0408905656,12248.3,철봉+ 평행봉+ 허리돌리기+ 공중걷기 등,조합놀이대+ 흔들놀이기구 등,,,공원등+ CCTV 등,,경기도 의정부시청,031-828-2414,20250620
안금정어린이공원,어린이공원,경기도 군포시 금산로6번길 21,경기도 군포시 금정동 724-6,37.3638809993,126.9422288339,2501.8,,,,,,19930609,경기도 군포시청,031-390-0478,20250912
한얼공원,근린공원,경기도 군포시 청백리길 18,경기도 군포시 금정동 844-1,37.3626304148,126.9332378182,150333.7,,,,,,19940915,경기도 군포시청,031-390-0474,20250912
역북문화공원(역북도시개발사업),문화공원,경기도 용인시 처인구 명지로40번길 15-16,경기도 용인시 처인구 역북동 807 일원,37.2310474897,127.1856027743,21590.0,,,,,,20100318,,,20250801
용인묘지공원,묘지공원,,경기도 용인시 처인구 모현읍 초부리 산67-6번지 일원,37.2955990824,127.2559468184,1342301.0,,,,,,20030122,,,20250801
성심묘지공원,묘지공원,,경기도 용인시 수지구 동천동 산53-1 일원,37.3493681295,127.0625298965,94191.0,,,,,,20030122,,,20250801
삼가체육공원,체육공원,,경기도 용인시 처인구 삼가동 268-26 일원,,,17748.0,,,,,,20081002,,,20250801
당말어린이공원,어린이공원,경기도 군포시 군포로528번길 16,경기도 군포시 당동 779,37.3526617931,126.9466928392,1500.8,,,,,,19910111,경기도 군포시청,031-390-0478,20250912
옴뿌리산 근린공원,근린공원,,경기도 화성시 만세구 향남읍 발안리 251,37.133218731,126.8983852026,2438.0,,,,,,,,031-5189-6655,20260201
향남2지구 2호근린(방축공원),근린공원,,경기도 화성시 만세구 향남읍 하길리 1507-1,37.1125460962,126.9169718401,74534.0,,,,,,,,031-5189-6655,20260201
향남2지구 3호근린(오음공원),근린공원,경기도 화성시 만세구 향남읍 상신하길로273번길 17,경기도 화성시 만세구 향남읍 하길리 1512,37.1128345435,126.9071575899,274519.0,,,,,,,,031-5189-6655,20260201
향남2지구 4호근린(신정공원),근린공원,,경기도 화성시 만세구 향남읍 상신리 1257,37.1040954545,126.9078867256,16049.0,,,,,,,,031-5189-6655,20260201
향남2지구 6호근린(손개공원),근린공원,,경기도 화성시 만세구 향남읍 상신리 1329-1,37.1032925375,126.8936691691,19084.0,,,,,,,,031-5189-6655,20260201
향남2지구 1호주제(하길문화공원),근린공원,,경기도 화성시 만세구 향남읍 하길리 1508,37.1116382657,126.9127719258,19711.0,,,,,,,,031-5189-6655,20260201
향남2지구 2호주제(풍경공원),근린공원,,경기도 화성시 만세구 향남읍 하길리 1508,37.1116382657,126.9127719258,43298.0,,,,,,,,031-5189-6655,20260201
향남2지구 2호 어린이(누리달),어린이공원,,경기도 화성시 만세구 향남읍 하길리 1452,37.1171672405,126.916025879,1593.0,,,,,,,,031-5189-6655,20260201
향남2지구 3호 어린이(타오름달),어린이공원,,경기도 화성시 만세구 향남읍 하길리 1476,37.1137649709,126.9066059097,1923.0,,,,,,,,031-5189-6655,20260201
향남2지구 5호 어린이(잎새달),어린이공원,,경기도 화성시 만세구 향남읍 상신리 1274,37.1072500894,126.902542836,1503.0,,,,,,,,031-5189-6655,20260201
향남2지구 6호 어린이(물오름달),어린이공원,,경기도 화성시 만세구 향남읍 상신리 1264,37.1054017669,126.9028321458,1551.0,,,,,,,,031-5189-6655,20260201
하늘하늘어린이공원(제3호),어린이공원,,경기도 화성시 효행구 봉담읍 상리 632-10,37.2213738757,126.9464309591,1500.0,,,,,,,,031-5189-6655,20260201
오순도순어린이공원(지구외),어린이공원,,경기도 화성시 효행구 봉담읍 수영리 650-68,37.2231990179,126.9481922335,1200.0,,,,,,,,031-5189-6655,20260201
생태체육공원,체육공원,경기도 화성시 효행구 봉담읍 상리1길 87,경기도 화성시 효행구 봉담읍 상리 716,37.2255291121,126.9426407022,85641.0,,,,,,,,031-5189-6655,20260201
풀내음 소공원,소공원,,경기도 화성시 효행구 봉담읍 상리 627-11,37.2234685808,126.9448461546,393.0,,,,,,,,031-5189-6655,20260201
봉담2 공공공지1호,기타,,경기도 화성시 효행구 봉담읍 상리 687-5,37.2256861101,126.9451277326,718.0,,,,,,,,031-5189-6655,20260201
3호 어린이공원(가온공원),어린이공원,경기도 화성시 만세구 노들길 19-45 (새솔동),경기도 화성시 만세구 새솔동 113,37.2780707153,126.8200684555,5073.0,,,,,,,,031-5189-6655,20260201
대반5리 소공원(대반지구),소공원,,경기도 평택시 안중읍 대반리 622-3,36.9792170643,126.9579786873,1189.0,마라톤운동기+발바닥지압대+옆파도타기+온몸근육풀기+온몸노젓기+온몸허리돌리기+하늘걷기,모래포장+조합놀이대,음수전,,수목보호대+옹벽블럭+조형석+집수정,20120614,경기도 평택시청,031-8024-4248,20260313
하길 근린공원,근린공원,,경기도 화성시 만세구 향남읍 하길리 1409-1,37.0891922363,126.9113983726,30249.0,,,,,,,,031-5189-6655,20260201
구문천 근린공원,근린공원,경기도 화성시 만세구 향남읍 발안공단로5길 14,경기도 화성시 만세구 향남읍 구문천리 929-18,37.0860094951,126.9055663376,27943.0,,,,,,,,031-5189-6655,20260201
향남1지구 2호근린(평원공원),근린공원,경기도 화성시 만세구 향남읍 행정중앙1로 19,경기도 화성시 만세구 향남읍 행정리 444,37.127920961,126.917419535,17954.0,,,,,,,,031-5189-6655,20260201
치동천체육공원,체육공원,경기도 화성시 동탄구 동탄순환대로29길 38,경기도 화성시 동탄구 영천동 670-2,37.2058977906,127.1069567159,90800.0,인공암장+풋살구장+축구장+농구장+게이트볼장,,주차장+화장실,,,,경기도 화성시 공원녹지사업소 동부공원관리과,031-5189-6961,20260201
장지체육공원,체육공원,경기도 화성시 동탄구 동탄대로4가길 20,경기도 화성시 동탄구 장지동 974,37.1597146869,127.111239186,36025.0,풋살구장+축구장,,주차장+화장실,,,,경기도 화성시 공원녹지사업소 동부공원관리과,031-5189-6961,20260201
체육4호,체육공원,경기도 화성시 동탄구 동탄신리천로 221,경기도 화성시 동탄구 오산동 1041-1,37.1859734674,127.1032857468,22967.0,배드민턴,,,,,,경기도 화성시 공원녹지사업소 동부공원관리과,031-5189-6961,20260201
감배산2호 어린이공원,어린이공원,,경기도 화성시 동탄구 동탄면 오산리 966,,,1870.0,,,,,,,경기도 화성시 공원녹지사업소 동부공원관리과,031-5189-6961,20260201
도란어린이공원,어린이공원,,경기도 화성시 동탄구 장지동 939-5,37.1597380084,127.0979651216,1546.0,,놀이터,,,,,경기도 화성시 공원녹지사업소 동부공원관리과,031-5189-6961,20260201
꽃다지어린이공원,어린이공원,,경기도 화성시 동탄구 장지동 962-9,37.15848856,127.1061530268,1544.0,,놀이터,,,,,경기도 화성시 공원녹지사업소 동부공원관리과,031-5189-6961,20260201
구미공원,어린이공원,,경기도 성남시 분당구 구미동 206,37.3373910558,127.1173030624,8656.6,야외운동기구,어린이놀이터,벤치+파고라+음수전,,,19920110,경기도 성남시 분당구 녹지공원과,031-729-7463,20251111
1호근린 늘봄맞이 공원,근린공원,,경기도 화성시 만세구 남양읍 남양리 2214,37.2026399758,126.8347946003,47906.0,,,,,,,,031-5189-6655,20260201
2호근린 풀 향기 숲공원,근린공원,,경기도 화성시 만세구 남양읍 남양리 2194,37.2103504485,126.8358809822,89448.9,,,,,,,,031-5189-6655,20260201
4호근린 너른 고향 들,근린공원,경기도 화성시 만세구 남양읍 역골중앙로 143,경기도 화성시 만세구 남양읍 남양리 2255,37.2103686038,126.8250040616,95046.9,,,,,,,,031-5189-6655,20260201
5호근린 돋음볕 공원,근린공원,,경기도 화성시 만세구 남양읍 남양리 2254,37.2074070321,126.8162740812,11561.8,,,,,,,,031-5189-6655,20260201
7호근린 마을어귀 길,근린공원,,경기도 화성시 만세구 남양읍 남양리 2300-1,37.2024789878,126.8235155722,16425.5,,,,,,,,031-5189-6655,20260201
2호 근린공원(수노을중앙공원),근린공원,경기도 화성시 만세구 꽃내음1길 30 (새솔동),경기도 화성시 만세구 새솔동 83,37.2820776618,126.8162082954,84295.4,,,,,,,,031-5189-6655,20260201
2호 체육공원(봉선체육공원),체육공원,경기도 화성시 만세구 수노을중앙로 242,경기도 화성시 만세구 새솔동 126,37.2753419707,126.8220669236,36253.9,,,,,,,,031-5189-6655,20260201
공공공지 2호,기타,,경기도 화성시 만세구 새솔동 101-1,37.2792166798,126.8195987544,334.4,,,,,,,,031-5189-6655,20260201
공공공지 3호,기타,,경기도 화성시 만세구 새솔동 51-16,37.2859644884,126.816516191,120.3,,,,,,,,031-5189-6655,20260201
인곡2 저류지 (저류지 7호),기타,,경기도 화성시 동탄구 능동 1123,,,708.3,,,,,,,경기도 화성시 공원녹지사업소 동부공원관리과,031-5189-6961,20260201
왕배산체육공원,체육공원,,경기도 화성시 동탄구 산척동 674-30,,,51327.0,축구장+배드민턴,,화장실,,,,경기도 화성시 공원녹지사업소 동부공원관리과,031-5189-6961,20260201
옥정제3어린이공원(모정느티나무),어린이공원,,경기도 양주시 옥정동 1027-1,37.8313800084,127.0982637466,2873.0,,조합놀이대+그네+시소+흔들놀이,벤치+파고라,,,20071231,경기도 양주시청 공원사업과,031-8082-7318,20250912
광장3호,기타,,경기도 화성시 만세구 남양읍 남양리 2323-1,37.1976735248,126.8283401668,3751.0,,,,,,,,031-5189-6655,20260201
남양2-2호 근린공원,근린공원,,경기도 화성시 만세구 남양읍 남양리 2145,37.2017479797,126.832060624,15339.0,,,,,,,,031-5189-6655,20260201
남양1호 어린이공원,어린이공원,경기도 화성시 만세구 남양읍 역골로49번길 58-10,경기도 화성시 만세구 남양읍 남양리 2015-1,37.2035996676,126.8250981551,1500.0,,,,,,,,031-5189-6655,20260201
남양 우림아파트 소공원,소공원,,경기도 화성시 만세구 남양읍 남양리 1865-19,37.20393865,126.804265551,1600.0,,,,,,,,031-5189-6655,20260201
작은배틀 어린이공원(3호),어린이공원,,경기도 화성시 만세구 향남읍 행정리 464,37.1252003363,126.9171098044,3346.0,,,,,,,,031-5189-6655,20260201
매화 쌈지공원,기타,,경기도 화성시 만세구 서신면 매화리 292-2,37.1674977857,126.7076457957,942.0,,,,,,,,031-5189-6655,20260201
전곡리 공공공지,기타,,경기도 화성시 만세구 서신면 전곡리 1091-5,37.1908091571,126.6596069858,415.7,,,,,,,,031-5189-6655,20260201
마도근린공원,근린공원,경기도 화성시 만세구 마도면 마도공단로4길 26,경기도 화성시 만세구 마도면 쌍송리 673,37.1819046833,126.7899058345,21550.0,,,,,,,,031-5189-6655,20260201
화성 바이오밸리 3호 수변공원,수변공원,,경기도 화성시 만세구 마도면 청원리 1508,37.1753353671,126.7704751899,186632.0,,,,,,,,031-5189-6655,20260201
반지산(돌산) 근린공원,근린공원,경기도 평택시 이충로35번길 32-9,경기도 평택시 이충동 662,37.0595234815,127.0649944123,25136.2,다리뻗치기+등허리지압기+배드민턴장+배드민턴지주대+온몸근육풀기+온몸허리돌리기+지압보도,고무매트포장+조합놀이대,화장실,,PE 빗물받이+U형측구+맨홀+맨홀뚜껑+배수관+배수로+산석경계벽+상수관+오수관+옹벽+자연석쌓기+집수정+플륨관,20020529,경기도 평택시청,031-8024-4248,20260313
여울공원,문화공원,,경기도 화성시 동탄구 오산동 1060,37.1993242194,127.0877105956,271005.0,테니스장+풋살구장+축구장+족구장+농구장+배드민턴,놀이터,주차장+화장실,,,,경기도 화성시 공원녹지사업소 동부공원관리과,031-5189-6961,20260201
향남2지구 5호근린(한우리공원),근린공원,경기도 화성시 만세구 향남읍 상신하길로 64,경기도 화성시 만세구 향남읍 상신리 1308,37.1001809557,126.8968803952,34893.0,,,,,,,,031-5189-6655,20260201
향남2지구 1호 어린이(견우직녀달),어린이공원,,경기도 화성시 만세구 향남읍 하길리 1441-3,37.1199747681,126.9114103965,1502.0,,,,,,,,031-5189-6655,20260201
향남2지구 4호 어린이(푸른달),어린이공원,,경기도 화성시 만세구 향남읍 하길리 1505-1,37.1107591201,126.9192276827,2020.0,,,,,,,,031-5189-6655,20260201
죽전체육공원(61호),체육공원,경기도 용인시 수지구 대지로15번길 44,경기도 용인시 수지구 죽전동 555-4,37.3304558988,127.1133863053,12654.0,,,,,,20030122,,,20250801
소공원(우림앞),소공원,,경기도 용인시 기흥구 구갈동 403-2 일원,37.2765837488,127.1108400831,658.0,,,,,,20090817,,,20250801
평촌스마트스퀘어 체육공원(7호),체육공원,경기도 안양시 동안구 부림로170번길 20,경기도 안양시 동안구 관양동 1741번지,37.3987223792,126.9643861665,10052.0,,,,,,20120904,경기도 안양시 공원관리과,031-8045-5288,20251126
내비산소공원(60호),소공원,,경기도 안양시 동안구 비산동122-3번지,37.4091072486,126.9474631386,304.4,,,,,,20150428,경기도 안양시 공원관리과,031-8045-5022,20251126
평촌소공원(65호),소공원,,경기도 안양시 동안구 평촌동 41-23,37.3925610828,126.9782634727,1240.0,,,,,,20170504,경기도 안양시 공원관리과,031-8045-5021,20251126
수리산 성지공원(2호),역사공원,경기도 안양시 만안구 병목안로 394,경기도 안양시 만안구 안양동 1151-6번지,37.3714679661,126.9047104507,16656.0,,,,,,20190109,경기도 안양시 공원관리과,031-8045-5017,20251126
(마북지구) 제4호 소공원,소공원,,경기도 용인시 기흥구 마북동 643,37.303135382,127.1238250149,970.0,,,,,,20071129,,,20250801
상하소공원,소공원,,경기도 용인시 기흥구 상하동 677 일원,37.2681771472,127.1377621021,1540.0,,,,,,20070507,,,20250801
소공원(신미주앞),소공원,,경기도 용인시 기흥구 신갈동 1-5,37.2791376952,127.106635967,916.0,,,,,,20090817,,,20250801
성서 소공원,소공원,,경기도 용인시 수지구 성복동 481-4 일원,37.3155668688,127.0638398191,1811.0,,,,,,20060605,,,20250801
죽전소공원,소공원,,경기도 용인시 수지구 죽전동 1268,37.3242277728,127.1169731904,4628.0,,,,,,20010209,,,20250801
홍천말근린공원,근린공원,경기도 용인시 수지구 신봉1로71번길 23,경기도 용인시 수지구 신봉동 913,37.3213210077,127.0779706911,9407.0,,,,,,20040816,,,20250801
도마치(신봉)공원,근린공원,경기도 용인시 수지구 도마치로 146,경기도 용인시 수지구 신봉동 980 일원,37.3276545826,127.0622117666,16909.0,,,,,,20060710,,,20250801
서봉숲속공원,근린공원,경기도 용인시 수지구 광교호수로418번길 11-1,경기도 용인시 수지구 상현동 1151,37.3001561427,127.0829859768,80257.7,,,,,,20070628,,,20250801
별다올 근린공원(제54호),근린공원,경기도 용인시 수지구 성복1로 42,경기도 용인시 수지구 성복동 192-24 일원,37.3139909782,127.0749645951,13533.0,,,,,,20030122,,,20250801
소공언(금호어울림아파트 옆),소공원,,경기도 용인시 처인구 김량장동 527,37.2367990381,127.1978251953,306.0,,,,,,20060116,,,20250801
향남1지구 4호근린(나래공원),근린공원,경기도 화성시 만세구 향남읍 행정죽전로2길 42-13,경기도 화성시 만세구 향남읍 행정리 525,37.1242593546,126.928141907,43238.0,,,,,,,,031-5189-6655,20260201
배틀 어린이공원,어린이공원,,경기도 화성시 만세구 향남읍 발안리 263,37.1330419481,126.9000499763,2483.0,,,,,,,,031-5189-6655,20260201
무궁화 어린이공원,어린이공원,,경기도 화성시 만세구 향남읍 발안리 296,37.1305862307,126.9015964483,4050.0,,,,,,,,031-5189-6655,20260201
도와지뜰 어린이공원,어린이공원,,경기도 화성시 만세구 향남읍 발안리 307,37.1293593898,126.9042614496,2850.0,,,,,,,,031-5189-6655,20260201
미소 어린이공원,어린이공원,,경기도 화성시 만세구 향남읍 장짐리 235,37.1400559961,126.9120506201,1585.0,,,,,,,,031-5189-6655,20260201
한가울 쌈지공원,기타,,경기도 화성시 만세구 남양읍 남양리 727-1,37.204812796,126.8073967529,219.0,,,,,,,,031-5189-6655,20260201
송산 쌈지공원,기타,경기도 화성시 만세구 송산면 송산로 621,경기도 화성시 만세구 송산면 독지리 173-2,37.2528856435,126.6923102734,1280.0,,,,,,,,031-5189-6655,20260201
전곡공원 1호,근린공원,,경기도 화성시 만세구 서신면 장외리 642,37.1877493924,126.6666129665,41952.0,,,,,,,,031-5189-6655,20260201
전곡2호 근린공원,근린공원,,경기도 화성시 만세구 서신면 전곡리 800,37.1880682641,126.6548594092,3300.0,,,,,,,,031-5189-6655,20260201
원곡3소공원,소공원,,경기도 안산시 단원구 원곡동 854번지,,,5507.0,,,,,,20131224,경기도 안산시 단원구청,031-481-6410,20260406
초지1소공원,소공원,,경기도 안산시 단원구 초지동 595-3번지,,,4864.0,,,,,,20131224,경기도 안산시 단원구청,031-481-6410,20260406
초지상소공원,소공원,,경기도 안산시 단원구 초지동 606-5번지,,,3968.0,,,,,,20131224,경기도 안산시 단원구청,031-481-6410,20260406
송당소공원(송화지구),소공원,,경기도 평택시 팽성읍 송화리 125-1,36.9550830949,127.0516003349,704.0,,,,,,20220826,경기도 평택시청,031-8024-4248,20260313
솔꽃 소공원(송화지구),소공원,,경기도 평택시 팽성읍 송화리 125-1,36.9550830949,127.0516003349,704.0,,,,,,20220826,경기도 평택시청,031-8024-4248,20260313
1호 높은들 소공원(고평지구),소공원,,경기도 평택시 통복동 710,36.9953777038,127.0724918126,1302.1,,,,,,20160519,경기도 평택시청,031-8024-4248,20260313
늘언소공원,소공원,,경기도 평택시 고렴리 1158,37.0610242098,126.9112589889,3128.0,마라톤운동기+온몸근육풀기+하늘걷기,,,,맹암거(간선)+맹암거(지선)+빗물받이+옹벽+우수관+원형수로관+집수정+트랜치,20191002,경기도 평택시청,031-8024-4248,20260313
진위산업단지 근린공원,근린공원,경기도 평택시 진위면 진위산단로 53-21,경기도 평택시 진위면 청호리 342-4,37.1228284302,127.0820020156,12100.1,농구대+농구장+온몸역기올리기+온몸허리돌리기+윗몸일으키기+족구네트걸이+풋살골대,,음수전+화장실,,공사 기념비+수목보호대+집수정+트랜치,20060918,경기도 평택시청,031-8024-4248,20260313
충의 근린공원,근린공원,경기도 평택시 이충로 22,경기도 평택시 이충동 692,37.0593908937,127.0706639814,14181.6,네트걸이대+다리뻗치기+등허리지압기+마라톤운동기+배드민턴장+옆파도타기+윗몸일으키기+지압길 포장+하늘걷기,고무매트포장+조합놀이대,화장실,,U형측구+수목보호덮개+옹벽+집수정+충의각 기념비+충의각 위령비+토사방지용 원주목경계+트랜치,20020529,경기도 평택시청,031-8024-4248,20260313
칠괴 근린공원,근린공원,경기도 평택시 산단로197번길 11,경기도 평택시 칠괴동 579-1,37.0324188359,127.0880973791,9895.7,2단 매달리기+다리올리기+링 매달리기+철봉+축구대+축구장,,자전거거치대+화장실,,집수정,19961217,경기도 평택시청,031-8024-4248,20260313
가곡5리 마을쉼터,기타,,경기도 평택시 진위면 가곡리 419-4,37.1156536651,127.0723816382,536.0,어깨근육풀기+온몸역기내리기+온몸허리돌리기,고무매트포장+조합놀이대,,,배수로+수목보호대+집수정,,경기도 평택시청,031-8024-4248,20260313
능동지구 소공원,소공원,,경기도 화성시 동탄구 능동 1283-2,,,503.9,,,,,,,경기도 화성시 공원녹지사업소 동부공원관리과,031-5189-6961,20260201
돌모루공원(3호),근린공원,,경기도 화성시 동탄구 영천동 816-2,37.2071953279,127.0871347481,17407.0,,,,,,,경기도 화성시 공원녹지사업소 동부공원관리과,031-5189-6961,20260201
수변공원,수변공원,,경기도 안성시 공도읍 마정리 산29,37.0188211064,127.211327194,55403.0,,,,,,20120928,경기도 안성시청,031-678-6893,20250226
방교공원(11호),근린공원,,경기도 화성시 동탄구 오산동 1012-2,37.1836107219,127.0857849755,9494.0,배드민턴,,,,,,경기도 화성시 공원녹지사업소 동부공원관리과,031-5189-6961,20260201
방교공원(11호),근린공원,경기도 화성시 동탄구 동탄기흥로 271,경기도 화성시 동탄구 오산동 1016,37.1848911454,127.092475818,31604.0,,,화장실,,,,경기도 화성시 공원녹지사업소 동부공원관리과,031-5189-6961,20260201
제63호(매봉) 근린공원(성서63),근린공원,,경기도 용인시 수지구 성복동 481-28,37.3153556319,127.0634081472,11251.0,,,,,,20060605,,,20250801
소망,어린이공원,,경기도 부천시 원미구 상동 233,37.4920628944,126.7629459118,3300.4,,조합놀이대 등 10개,,,,19801007,경기도 부천시청,032-625-4843,20250731
소사대공원,근린공원,경기도 부천시 소사구 소사로 107,경기도 부천시 소사구 소사본동 334-3,37.4679422102,126.7966402737,39071.0,농구장+족구장,그네 등 2개,화장실,,,20051128,경기도 부천시청,032-625-4843,20250731
소안,어린이공원,,경기도 부천시 소사구 소사본동 135-14,37.4756383734,126.8004119725,1980.2,,조합놀이대 등 3개,,,,20020930,경기도 부천시청,032-625-4843,20250731
소원,어린이공원,경기도 부천시 원미구 소사로300번길 41,경기도 부천시 원미구 소사동 32,37.4849164231,126.7969336072,2311.7,배드민턴장,흔들놀이기구 등 6개,,,,20040202,경기도 부천시청,032-625-4843,20250731
행복어린이공원,어린이공원,,경기도 양주시 고암동 581-5,37.8338981519,127.0762338607,1500.0,철봉,조합놀이대,,,,20021106,경기도 양주시청 공원사업과,031-8082-7311,20250912
금광어린이공원,어린이공원,,경기도 양주시 덕계동 425-9,37.8181655472,127.0494682774,2510.0,,조합놀이대,원형앉음벽+파고라+화장실,,,20091228,경기도 양주시청 공원사업과,031-8082-7311,20250912
범양제1어린이공원,어린이공원,경기도 양주시 평화로1466번길 31,경기도 양주시 덕계동 446-3,37.820899327,127.0502021963,1582.0,,통과터널+슬라이드+건너기네트놀이+모래놀이,파고라+화장실,,,20091228,경기도 양주시청 공원사업과,031-8082-7311,20250912
신도어린이공원,어린이공원,,경기도 양주시 덕계동 576-3,37.8251145763,127.0410270939,1530.0,,조합놀이대,파고라+등벤치,,,20091228,경기도 양주시청 공원사업과,031-8082-7311,20250912
고읍제1어린이공원,어린이공원,,경기도 양주시 만송동 699,37.7948664963,127.0846648612,6416.0,,물놀이시설,자전거보관대+등벤치+파고라,,,20041229,경기도 양주시청 공원사업과,031-8082-7311,20250912
고읍제2어린이공원,어린이공원,경기도 양주시 고읍로 25,경기도 양주시 고읍동 444,37.8006078304,127.0786548686,1760.0,,조합놀이대,평벤치+파고라,,,20041229,경기도 양주시청 공원사업과,031-8082-7311,20250912
고읍제4어린이공원,어린이공원,,경기도 양주시 광사동 671-4,37.7921717334,127.0802020434,1335.0,,흔들놀이+조합놀이대+건너기놀이,파고라+등벤치,,,20041229,경기도 양주시청 공원사업과,031-8082-7311,20250912
고읍제5어린이공원,어린이공원,,경기도 양주시 광사동 682,37.7892311472,127.0808061734,1916.0,,조합놀이대+흔들놀이,파고라+원형벤치+앉음벽,,,20041229,경기도 양주시청 공원사업과,031-8082-7311,20250912
고읍제6어린이공원,어린이공원,,경기도 양주시 광사동 707,37.7873415279,127.0814727418,2239.0,,조합놀이대+흔들놀이,평벤치+파고라,,,20041229,경기도 양주시청 공원사업과,031-8082-7311,20250912
가납제1어린이공원,어린이공원,,경기도 양주시 광적면 석우리712-1,37.8273370531,126.9812530711,1500.0,농구대,조합놀이대+그네,사각정자+등벤치+야외탁자,,,19950425,경기도 양주시청 공원사업과,031-8082-7311,20250912
솔꽃 어린이공원(송화지구),어린이공원,,경기도 평택시 팽성읍 송화리 243-11,36.9538782138,127.0528895076,3368.0,,,,,,20220826,경기도 평택시청,031-8024-4248,20260313
학현지구어린이공원,어린이공원,,경기도 평택시 안중읍 학현리 29-8,,,7112.0,다리뻗치기+다목적 운동장+등허리지압기+마라톤운동기+하늘걷기,고무칩포장+시소+조합놀이대,,,맹암거(간선)+맹암거(지선)+빗물받이+옹벽+우수관+원형수로관+집수정+트랜치,20190524,경기도 평택시청,031-8024-4248,20260313
고덕문화마을2 마을쉼터,기타,,경기도 평택시 고덕면 해창리 1148-4,37.0381757049,127.0145357169,987.2,,,,,,20000607,경기도 평택시청,031-8024-4248,20260313
봉담호수공원,근린공원,,경기도 화성시 효행구 봉담읍 상리 22-10,37.2196621576,126.9513010836,19282.0,,,,,,,,031-5189-6655,20260201
소새울,근린공원,경기도 부천시 소사구 은성로67번길 24,경기도 부천시 소사구 소사본동 157,37.4766254494,126.7986964398,13341.8,배드민턴장,그네 등 3개,,,,19940716,경기도 부천시청,032-625-4843,20250731
소일,어린이공원,,경기도 부천시 소사구 소사본동 401-2,37.4688107999,126.8037287073,2002.4,배드민턴장,,,,,19901231,경기도 부천시청,032-625-4843,20250731
범양제2어린이공원,어린이공원,,경기도 양주시 덕계동 436-10,37.8215908337,127.0522094065,2077.0,,네트놀이+그네,파고라+화장실,,,20091228,경기도 양주시청 공원사업과,031-8082-7311,20250912
고읍제3어린이공원,어린이공원,,경기도 양주시 만송동 682,37.8006067777,127.0832602186,2142.0,,조합놀이대+흔들놀이,평벤치+파고라+앉음벽,,,20041229,경기도 양주시청 공원사업과,031-8082-7311,20250912
가납제2어린이공원,어린이공원,,경기도 양주시 광적면 가납리838-2,37.825665604,126.9833292903,1500.0,배드민턴장,조합놀이대+그네,벤치+정자,,,19870527,경기도 양주시청 공원사업과,031-8082-7311,20250912
마두1리 마을쉼터,기타,,경기도 평택시 서탄면 마두리 40-3,37.1098413241,127.0233655126,576.0,온몸역기올리기+온몸허리돌리기+윗몸일으키기+지압자갈포장+하늘걷기,고무칩포장+조합놀이대,,,수목보호대+집수정+트랜치,,경기도 평택시청,031-8024-4248,20260313
고덕 1호 문화공원 (고덕국제화지구),문화공원,,경기도 평택시 고덕면 율포리 356-9잡,37.054788202,127.0345874881,148156.0,,,,,,20130104,경기도 평택시청,031-8024-4248,20260313
동부19호 소공원,소공원,,경기도 평택시 도일동 525,37.053026863,127.1063496923,303.0,,,,,,19961217,경기도 평택시청,031-8024-4248,20260313
구미공원,근린공원,경기도 성남시 분당구 금곡로 90,경기도 성남시 분당구 구미동 299,37.3421384316,127.121929172,226188.2,운동장+배드민턴장,놀이터,주차장,야외공연장,,19900622,경기도 성남시 공원과,031-729-4382,20251111
수내공원,근린공원,경기도 성남시 분당구 불정로 272,경기도 성남시 분당구 수내동122,37.3676243633,127.1288258935,53935.3,생활체육시설,텃밭,주차장,도서관,독서쉼터,20070618,경기도 성남시 공원과,031-729-4382,20251111
판교제4호(판교)공원,근린공원,경기도 성남시 분당구 운중로225번길 37(판교동),경기도 성남시 분당구 운중동 990,37.391988655,127.09058916,1204532.2,배드민턴장+게이트볼장,,,탐방객센터+수영장,인공암벽장+묵논습지 복원마당+반딧불이습지원,20041230,경기도 성남시 공원과,031-729-4382,20251111
판교제10호(낙생대)공원,근린공원,경기도 성남시 분당구 판교역로 75,경기도 성남시 분당구 백현동 523,37.3875216463,127.1076711533,428698.0,체력단련장,놀이터,주차장,도서관+박물관+기념비+어린이집,,20041230,경기도 성남시 공원과,031-729-4382,20251111
방아어린이공원,어린이공원,,경기도 군포시 당동 886-1,37.3449417188,126.9469439421,1838.2,,,,,,19940908,경기도 군포시청,031-390-0478,20250912
소공원(제63호 새터말공원 옆),소공원,,경기도 용인시 처인구 역북동 385-5,37.2389395669,127.1915571995,399.5,,,,,,20090817,,,20250801
에어드리공원,근린공원,경기도 과천시 중앙로 24,경기도 과천시 갈현동 677,37.418745697,126.9897163363,24080.0,체력단련장+체력단련시설+턱걸이+윗몸일으키기+팔굽혀펴기+역기들기,,주차장+음수장,도서관,조경시설+관리시설+광장+도로,19970331,경기도 과천시청,02-3677-2362,20250801
삼거리소공원,소공원,,경기도 과천시 과천동 549-23,37.4468736235,126.9933645623,1276.0,체력단련시설,어린이놀이터,파고라,,조경시설+도로,20050530,경기도 과천시청,02-3677-2363,20250801
바위백이어린이공원,어린이공원,경기도 군포시 군포로735번길 15-4,경기도 군포시 산본동 242,37.3704716886,126.9425753274,1500.0,,,,,,19930625,경기도 군포시청,031-390-0478,20250912
골안어린이공원,어린이공원,,경기도 군포시 산본동 1066-1,37.3741935578,126.9300870657,1513.2,,,,,,19940915,경기도 군포시청,031-390-0478,20250912
쉼터어린이공원,어린이공원,,경기도 군포시 산본동 1155-9,37.344482179,126.9233099349,1733.3,,,,,,19940915,경기도 군포시청,031-390-0478,20250912
태을어린이공원,어린이공원,경기도 군포시 산본천로 136,경기도 군포시 산본동 212-5,37.3659698664,126.9360359971,1633.9,,,,,,20051024,경기도 군포시청,031-390-0478,20250912
밤골어린이공원,어린이공원,경기도 군포시 금산로7번길 34,경기도 군포시 금정동 711-4,37.3626052353,126.9393021785,2487.8,,,,,,19950519,경기도 군포시청,031-390-0478,20250912
죽바위2역사공원,역사공원,경기도 과천시 추사로 78,경기도 과천시 주암동 184-2,37.4526368223,127.0287188404,4299.0,,어린이놀이터,주차장,전시장,조경시설+광장+도로,20091218,경기도 과천시청,02-3677-2363,20250801
햇님어린이공원,어린이공원,경기도 군포시 한세로78번길 14,경기도 군포시 당정동 977-3,37.348068081,126.9571364051,1790.0,,,,,,19990304,경기도 군포시청,031-390-0478,20250912
언남3 체육공원,체육공원,경기도 용인시 기흥구 용인향교로 50,경기도 용인시 기흥구 언남동 525번지,37.2989048699,127.1210060703,9998.0,,,,,,20160630,,,20250801
중앙물빛 어린이공원,어린이공원,경기도 용인시 처인구 금령로72번길 13,경기도 용인시 처인구 김량장동 308-4번지 일원,37.2336923833,127.2045764153,3924.0,,,,,,20090529,,,20250801
꿈마루 어린이공원 3,어린이공원,,경기도 용인시 처인구 모현읍 왕산리 986번지,37.3437127837,127.2540232137,2863.9,,,,,,20111007,,,20250801
바람숲 근린공원 1,근린공원,,경기도 용인시 처인구 모현읍 왕산리 930번지,37.333655923,127.2500679111,18398.3,,,,,,20111007,,,20250801
어린이공원(주공2단지재개발),어린이공원,,경기도 평택시 합정동 835,36.9900536322,127.0961170372,4740.0,,,,,,20160812,경기도 평택시청,031-8024-4248,20260313
23호 현덕 어린이공원(인광2지구),어린이공원,,경기도 평택시 현덕면 인광리 405-107번지,36.9631825987,126.9216738033,0.0,,,,,,20160812,경기도 평택시청,031-8024-4248,20260313
1호 높은들 어린이공원(고평지구),어린이공원,,경기도 평택시 통복동 718-3,36.9950898989,127.0734887079,1498.4,,,,,,20160519,경기도 평택시청,031-8024-4248,20260313
1호 어린이공원(포승지구 BIX),어린이공원,,경기도 평택시 포승읍 희곡리 495-11,,,0.0,,,,,,20130903,경기도 평택시청,031-8024-4248,20260313
19호 어린이공원(고덕국제화지구),어린이공원,,경기도 평택시 고덕면 해창리 456-3임,,,0.0,,,,,,20100129,경기도 평택시청,031-8024-4248,20260313
6호 근린공원(고덕국제화지구 좌교리),근린공원,,경기도 평택시 고덕면 좌교리 433-52전,,,59444.0,,,,,,20130104,경기도 평택시청,031-8024-4248,20260313
8호 근린공원(고덕국제화지구 두룡리),근린공원,,경기도 평택시 고덕면 두릉리 547-1번,,,36470.0,,,,,,20130104,경기도 평택시청,031-8024-4248,20260313
9호 근린공원(고덕국제화지구 율포리),근린공원,,경기도 평택시 고덕면 율포리 539-5장,,,22200.0,,,,,,20130104,경기도 평택시청,031-8024-4248,20260313
고덕당현1리 마을쉼터,기타,,경기도 평택시 고덕면 당현리 341-1,37.0652661397,127.0334746559,1033.0,등허리지압기+마라톤운동기+온몸근육풀기+온몸노젓기+온몸역기올리기+온몸허리돌리기+족구대(이동식)+족구장,,,,맹암거(간선)+맹암거(지선)+빗물받이+산책로손잡이+우수관+원형수로관+집수정+측구수로관,,경기도 평택시청,031-8024-4248,20260313
마산1리 마을쉼터,기타,,경기도 평택시 진위면 마산리 829-1,37.0846843708,127.0844134517,999.0,농구대+등허리지압기+어깨근육풀기+온몸허리돌리기+족구 네트대+족구장+지압길 포장,고무매트포장+그네+그네보호대+조합놀이대,,,,,경기도 평택시청,031-8024-4248,20260313
하북2리 마을쉼터,기타,경기도 평택시 진위면 하북2길 68,경기도 평택시 진위면 하북리 350-11,37.0989132509,127.0498471966,999.0,등허리지압기+배드민턴장+온몸근육풀기+온몸역기내리기+온몸허리돌리기+하늘걷기,고무칩포장,화장실,,측구수로관,,경기도 평택시청,031-8024-4248,20260313
회화리 마을쉼터,기타,,경기도 평택시 서탄면 회화리 133,37.0951328194,127.0229093357,960.0,등허리지압기+온몸노젓기+온몸역기내리기+온몸허리돌리기,고무칩포장+그네+그네보호대+조합놀이대,,,,,경기도 평택시청,031-8024-4248,20260313
부락산 문화공원(동부 130호),문화공원,경기도 평택시 지산로140번길 230,경기도 평택시 지산동 1263,37.0722225592,127.0718741028,101095.0,U형 네트브릿지+경사 사다리+등허리지압기+로그터널+마법다리+버마래더+버켓 브릿지+버티칼 네트+수평네트+스네이크 브릿지+스노우모바일+스윙플랫폼+스카이 버켓+스카이버마+스카이벌룬+스텝 브릿지+스틱타잔스윙+스파이더 웹+아일랜드+어깨근육풀기+온몸근육풀기+엑스크로스+옆파도타기+옆파도타기+하늘걷기+온몸근육풀기+온몸근육풀기+마라톤운동+온몸허리돌리기+윗몸일으키기+인디아나 브릿지+자유철봉+정글로프+지압보도+체스 브릿지+콤플렉스 래더+평행봉+플라이 짚+하늘걷기+,,음수전+자전거거치대+화장실,,기념비+자연석쌓기+측량기준점+트랜치,20130415,경기도 평택시청,031-8024-4248,20260313
고덕문화마을1 소공원,소공원,,경기도 평택시 고덕면 해창리 1141-1,37.0402695201,127.0148562083,1230.4,농구대+온몸근육풀기+온몸허리돌리기+철봉+하늘걷기,그네+그네보호대+모래포장+조합놀이대,주차장,,공사조형기념비+배수로,20000607,경기도 평택시청,031-8024-4248,20260313
금암2리 소공원,소공원,,경기도 평택시 서탄면 금암리 469-8,37.1105561877,127.0360952704,1009.0,발바닥지압걷기+어깨근육풀기+옆파도타기+온몸노젓기+온몸역기내리기+온몸허리돌리기,,화장실,,PVC이중벽관+벤치플륨관+집수정,20120614,경기도 평택시청,031-8024-4248,20260313
신리천공원(13호),근린공원,경기도 화성시 동탄구 신리천2길 175,경기도 화성시 동탄구 오산동 1082,37.1837318998,127.1041649583,111414.0,X게임+농구장+인라인,물놀이장+놀이터,화장실,,,,경기도 화성시 공원녹지사업소 동부공원관리과,031-5189-6961,20260201
목동공원(19호),근린공원,,경기도 화성시 동탄구 목동 산35,,,39571.0,축구장,놀이터,화장실,,,,경기도 화성시 공원녹지사업소 동부공원관리과,031-5189-6961,20260201
선납숲공원(2호),근린공원,,경기도 화성시 동탄구 영천동 622,,,231693.0,축구장+농구장,물놀이장+놀이터,주차장,,,,경기도 화성시 공원녹지사업소 동부공원관리과,031-5189-6961,20260201
자라뫼공원(10호),근린공원,,경기도 화성시 동탄구 오산동 752-10,37.1934621458,127.0842300216,76174.0,,물놀이장+놀이터,화장실,,,,경기도 화성시 공원녹지사업소 동부공원관리과,031-5189-6961,20260201
동탄2지구 1호 어린이공원(안골),어린이공원,,경기도 화성시 동탄구 영천동 740-11,37.2036500417,127.1230231599,3956.0,,놀이터,,,,,경기도 화성시 공원녹지사업소 동부공원관리과,031-5189-6961,20260201
도원,어린이공원,,경기도 부천시 소사구 심곡본동 808,37.4764585591,126.7734504927,1502.7,,그네 등 10개,,,,19831123,경기도 부천시청,032-625-4843,20250731
맹산2공원,근린공원,경기도 성남시 분당구 판교로 628,경기도 성남시 분당구 야탑동422-3,37.4052435343,127.1420186089,549878.6,,,방문자센터+약수터+주차장,곤충생태관+야외학습원+생태자연학습장,,20070618,경기도 성남시 공원과,031-729-4382,20251111
판교제1호(청계)공원,근린공원,,경기도 성남시 분당구 운중동 872,37.3941679796,127.0656246827,87207.0,체력단련시설,,벤치,,,20041230,경기도 성남시 공원과,031-729-4382,20251111
판교제2호(운중)공원,근린공원,경기도 성남시 분당구 판교원로81번길 9,경기도 성남시 분당구 운중동 953,37.3900410423,127.0750778616,28137.7,,,화장실,도서관,,20041230,경기도 성남시 공원과,031-729-4382,20251111
판교제3호(두밀)공원,근린공원,,경기도 성남시 분당구 운중동 915,37.3853398583,127.0705732621,66929.3,,,,생태학습장,,20041230,경기도 성남시 공원과,031-729-4382,20251111
판교제6호(붓들)공원,근린공원,,경기도 성남시 분당구 삼평동 697,37.4059358462,127.1072720252,154424.0,체력단련장,,안내판,전망스탠드,,20041230,경기도 성남시 공원과,031-729-4382,20251111
판교제7호(송현)공원,근린공원,,경기도 성남시 분당구 삼평동 717-2,37.4090246906,127.1169401565,39233.5,체력단련장+게이트볼잘,,벤치+파고라,야생초화원,,20041230,경기도 성남시 공원과,031-729-4382,20251111
판교제8호(화랑)공원,근린공원,경기도 성남시 분당구 대왕판교로 609,경기도 성남시 분당구 삼평동 637,37.3970804771,127.1062316871,118923.6,체력단련장+배드민턴장+인라인스케이트장,,화장실+음수전,생태학습원+야외음악당,,20041230,경기도 성남시 공원과,031-729-4382,20251111
신대리문화공원,문화공원,경기도 평택시 팽성읍 계양로 480,경기도 평택시 팽성읍 신대리 210-39,36.9439618441,126.9971117213,28707.0,,,,,,20201015,경기도 평택시청,031-8024-4248,20260313
판교제9호(나들이)공원,근린공원,,경기도 성남시 분당구 백현동 542-1,37.3947329845,127.1149129408,28992.4,체육시설물,,관리사무실,야외학습장,,20041230,경기도 성남시 공원과,031-729-4382,20251111
판교제11호(판교테크노파크)공원,근린공원,경기도 성남시 분당구 판교역로 203,경기도 성남시 분당구 삼평동 669,37.3989021827,127.1092274779,15437.3,,,,어린이집,,20060322,경기도 성남시 공원과,031-729-4382,20251111
마루공원,근린공원,경기도 성남시 분당구 분당수서로 544,경기도 성남시 분당구 수내동 49-1,37.3806025431,127.111457293,25493.9,다목적운동장,,주차장,,,19900622,경기도 성남시 공원과,031-729-4382,20251111
산자락공원,어린이공원,,경기도 성남시 분당구 정자동 239,37.3590229134,127.1244890586,1961.3,야외운동기구,어린이놀이터,벤치+파고라+음수전,,,19910108,경기도 성남시 분당구 녹지공원과,031-729-7463,20251111
제90호 어린이공원,어린이공원,,경기도 용인시 수지구 성복동 755 일원,37.3160270974,127.0607470317,634.0,,,,,,20060228,,,20250801
부락산분수 근린공원,근린공원,,경기도 평택시 이충동 279-1,37.0650856856,127.0676950875,161070.0,농구대+등허리지압기+마라톤운동기+옆파도타기+온몸역기올리기+온몸근육풀기+온몸허리돌리기+윗몸일으키기+철봉+평행봉+온몸역기내리기+하늘걷기,,음수전+화장실,,소화전+시계탑+옹벽+집수정+컨츄리매너 옹벽+트랜치,20101230,경기도 평택시청,031-8024-4248,20260313
율동공원,근린공원,경기도 성남시 분당구 문정로 145,경기도 성남시 분당구 율동 311,37.3807921772,127.152097499,889863.7,배드민턴장+국궁장+체력단련장,번지점프장+어린이놀이터,주차장+화장실+광장휴게소,책테마파크+자연학습장+야외무대,동물놀이터,19721103,경기도 성남시 공원과,031-729-4382,20251111
탑골공원,근린공원,경기도 성남시 분당구 야탑로 303,경기도 성남시 분당구 야탑동 195,37.4065704204,127.1516958535,358629.6,다목적운동장+배구장,,화장실,어린이집,,19900622,경기도 성남시 공원과,031-729-4382,20251111
태현공원,어린이공원,경기도 성남시 분당구 분당로311번길 10-3,경기도 성남시 분당구 분당동 162,37.3676573067,127.1424457223,1620.0,야외운동기구,어린이놀이터,벤치+파고라+음수전,,,19900622,경기도 성남시 분당구 녹지공원과,031-729-7463,20251111
중탑공원,어린이공원,경기도 성남시 분당구 매화로48번길 17-4,경기도 성남시 분당구 야탑동 301,37.4120755708,127.1359856972,5856.9,야외운동기구,어린이놀이터,벤치,,,19900622,경기도 성남시 분당구 녹지공원과,031-729-8094,20251111
선유어린이공원,어린이공원,,경기도 파주시 문산읍 선유리 1359,37.8640009759,126.8008808462,2975.0,,조합놀이대,,,,,경기도 파주시청,031-940-8406,20250618
동광어린이공원,어린이공원,,경기도 파주시 파주읍 연풍리 483-1,37.8310163381,126.8326744519,1509.0,,조합놀이대,,,,,경기도 파주시청,031-940-8406,20250618
금잔디어린이공원,어린이공원,,경기도 파주시 와동동 1319,37.7326435559,126.7558968829,6541.7,,,,,벽천,,경기도 파주시청,031-940-8406,20250618
동화리 공공공지 2호,기타,,경기도 화성시 효행구 봉담읍 동화리 301-15,37.2228590891,126.9588330275,602.0,,,,,,,,031-5189-6655,20260201
동화리 공공공지 5호,기타,,경기도 화성시 효행구 봉담읍 동화리 397,37.2227723143,126.9564894839,255.0,,,,,,,,031-5189-6655,20260201
들녘오름공원(제2호),근린공원,경기도 화성시 효행구 봉담읍 상리3길 123,경기도 화성시 효행구 봉담읍 수영리 698,37.228000784,126.9527002006,28663.0,,,,,,,,031-5189-6655,20260201
느티나무 공원,소공원,,경기도 하남시 풍산동 484,37.5556401632,127.1850623019,5652.0,,,,,,,경기도 하남시청,031-5182-1579,20251218
10호어린이 살랑살랑 어린이공원,어린이공원,,경기도 화성시 만세구 남양읍 남양리 2157,37.1955595515,126.8305161952,1609.6,,,,,,,,031-5189-6655,20260201
매송공원,어린이공원,,경기도 성남시 분당구 이매동 144,37.3975626832,127.1229783355,4997.6,야외운동기구,어린이놀이터,벤치,,,19900622,경기도 성남시 분당구 녹지공원과,031-729-8094,20251111
구렛들공원,어린이공원,경기도 성남시 분당구 양현로 96,경기도 성남시 분당구 이매동 119,37.3922824143,127.1247955105,3269.5,야외운동기구,어린이놀이터,벤치,,,19900622,경기도 성남시 분당구 녹지공원과,031-729-8094,20251111
현안사업 2지구 문화공원,문화공원,경기도 하남시 신평로 125,경기도 하남시 덕풍동 694,37.544497341,127.2081880248,31778.0,,,,,,,경기도 하남시청,031-5182-1579,20251218
미사 누리 2호 공원,근린공원,,경기도 하남시 망월동 955,37.5681110271,127.1863883181,53871.0,,,,,,,경기도 하남시청,031-5182-1579,20251218
장짐 어린이공원,어린이공원,,경기도 화성시 만세구 향남읍 장짐리 200-6,37.1356887768,126.9071056853,6212.0,,,,,,,,031-5189-6655,20260201
계륵공원,어린이공원,,경기도 안성시 미양면 계륵리 267,36.9805950134,127.2559347485,4109.0,,,,,,19901211,경기도 안성시청,031-678-6893,20250226
23호공원,소공원,경기도 안성시 대덕면 대학6길 34,경기도 안성시 대덕면 내리 676-1,37.0035566526,127.2259588105,981.0,,,,,,19910108,경기도 안성시청,031-678-6893,20250226
퍼시스 소공원,소공원,,경기도 안성시 공도읍 만정리 703,37.0046062336,127.1787943451,737.0,,,,,,19940129,경기도 안성시청,031-678-6893,20250226
9호어린이공원,어린이공원,,경기도 안성시 공도읍 용두리 755-13,37.0015965784,127.1688831056,1971.0,,,,,,19980119,경기도 안성시청,031-678-6893,20250226
한울1호공원,어린이공원,,경기도 화성시 효행구 봉담읍 수영리 672-3,37.2341139564,126.9561504522,3150.0,,,,,,,,031-5189-6655,20260201
도담,어린이공원,,경기도 부천시 원미구 중동 1291,37.4892548816,126.7696890109,1463.0,,그네 등 3개,,,,20040715,경기도 부천시청,032-625-4843,20250731
푸른마당근린공원,근린공원,경기도 의정부시 민락로 279,경기도 의정부시 민락동 887,37.7481321104,127.1070805566,16957.3,테니스장+ 허리돌리기+ 파도타기+ 공중걷기 등,,주차장,,공원등+ CCTV 등,,경기도 의정부시청,031-828-4054,20250620
조암 4호 어린이공원,어린이공원,,경기도 화성시 만세구 우정읍 조암리 798-11,37.085971004,126.8228724319,2535.0,,,,,,,,031-5189-6655,20260201
상서재1호 소공원(동삭2지구),소공원,,경기도 평택시 동삭동 868-2,37.0183779647,127.106869643,915.8,,,,,,20130508,경기도 평택시청,031-8024-4248,20260313
상서재2호 소공원(동삭2지구),소공원,,경기도 평택시 동삭동 860-2,37.0189088941,127.1057338387,1358.7,,,,,,20130508,경기도 평택시청,031-8024-4248,20260313
서연소공원,소공원,경기도 평택시 서정북로 100 (서정동 주공외인연립),경기도 평택시 서정동 780,,,4434.8,,,,,,20120413,경기도 평택시청,031-8024-4248,20260313
성두 소공원(고덕일반산업단지 소공원1),소공원,,경기도 평택시 고덕동 1714-7,37.034648272,127.0414070679,2280.1,생활체육시설 B+생활체육시설 C+생활체육시설 D,,자전거보관대,,벤치플륨관+스틸그레이팅+시설물표찰+집수정A,20101116,경기도 평택시청,031-8024-4248,20260313
소공원 1호 (송원 현대재건축),소공원,경기도 평택시 탄현로368번길 48 (독곡동 현대연립),경기도 평택시 독곡동 산69-3,37.0847028884,127.0608113235,990.0,,,,,,20101021,경기도 평택시청,031-8024-4248,20260313
향남2지구 9호 어린이(하늘연달),어린이공원,,경기도 화성시 만세구 향남읍 상신리 1329-2,37.1012352889,126.8957971761,2000.0,,,,,,,,031-5189-6655,20260201
수촌1 소공원(수촌지구),소공원,,경기도 평택시 칠원동 440-3,37.0220028306,127.1051979034,1704.0,,,,,,20091216,경기도 평택시청,031-8024-4248,20260313
용우물 소공원(고덕일반산업단지 소공원3),소공원,,경기도 평택시 고덕면 여염리 1652공,,,2099.3,생활체육시설 B+생활체육시설 C+생활체육시설 D,,자전거보관대,,벤치플륨관+스틸그레이팅+시설물표찰+집수정A,20101116,경기도 평택시청,031-8024-4248,20260313
원일공원,어린이공원,경기도 구리시 동구릉로148번길 24-2,경기도 구리시 인창동 693,37.6118362588,127.138610304,1821.0,야외헬스기구,조합놀이대,무대,,,19961212,경기도 구리시청,031-550-2474,20231124
주공1단지,어린이공원,경기도 구리시 건원대로 92,경기도 구리시 인창동 663-3,37.609316049,127.1391097015,2905.0,야외헬스기구,조합놀이대,,,,19931102,경기도 구리시청,031-550-2474,20231124
주공2단지1공원,어린이공원,경기도 구리시 건원대로76번길 52,경기도 구리시 인창동 664-2,37.6099127348,127.1417067865,1741.0,야외헬스기구,조합놀이대,,,,19931102,경기도 구리시청,031-550-2474,20231124
주공2단지2공원,어린이공원,경기도 구리시 건원대로76번길 85,경기도 구리시 인창동 664-4,37.6092210375,127.143775201,1845.0,철봉,조합놀이대,,,,19931102,경기도 구리시청,031-550-2474,20231124
삼보2공원,어린이공원,경기도 구리시 건원대로 56,경기도 구리시 인창동 665-3,37.6061409142,127.1401157152,1730.0,야외헬스기구,조합놀이대,,,,19931102,경기도 구리시청,031-550-2474,20231124
주공4단지2공원,어린이공원,경기도 구리시 건원대로76번길 132,경기도 구리시 인창동 666-5,37.6075383935,127.1443058974,1506.0,야외헬스기구,조합놀이대,,,,19931102,경기도 구리시청,031-550-2474,20231124
협동공원,근린공원,,"경기도 구리시 갈매동 551, 555",37.6372998519,127.1250856264,71426.8,야외헬스기구+족구장,,,,,20100427,경기도 구리시청,031-550-2474,20231124
방탱이 공원,어린이공원,,경기도 하남시 덕풍동 855,37.5583260071,127.2024381618,1519.0,,,,,,,경기도 하남시청,031-5182-1579,20251218
갈매중앙공원,근린공원,경기도 구리시 산마루로 41,"경기도 구리시 갈매동 578, 580",37.6311047688,127.1185661212,20722.5,,조합놀이대(물놀이장),무대+화장실+주차장,,바닥분수+쿨링포그,20100427,경기도 구리시청,031-550-2474,20231124
새우개공원,근린공원,,"경기도 구리시 갈매동 669, 670",37.6233332496,127.1111026671,21177.8,,,,,,20100427,경기도 구리시청,031-550-2474,20231124
동구하늘공원,근린공원,경기도 구리시 건원대로76번길 127,경기도 구리시 인창동 669-1,37.6076904324,127.1454011992,949.8,야외헬스기구+족구장,조합놀이대(물놀이장),화장실,,,19931102,경기도 구리시청,031-550-2474,20231124
능골공원,근린공원,,경기도 성남시 분당구 정자동 103,37.3704016954,127.1167414316,30590.2,다목적운동장+체력단련장+인라인스케이트장,물놀이장,음수대+화장실,,,19900622,경기도 성남시 공원과,031-729-4382,20251111
정자공원,근린공원,경기도 성남시 분당구 돌마로 174,경기도 성남시 분당구 정자동 252,37.3543896079,127.1195416806,215106.7,게이트볼장+배드민턴장,어린이놀이터,팔각정자,,,19900622,경기도 성남시 공원과,031-729-4382,20251111
가납제3어린이공원,어린이공원,,경기도 양주시 광적면 가납리853-4,37.8257300968,126.9852323243,1500.0,배드민턴장,그네+조합놀이대,정자+벤치,,,19950425,경기도 양주시청 공원사업과,031-8082-7311,20250912
가납제4어린이공원,어린이공원,,경기도 양주시 광적면 석우리708-2,37.8282716087,126.9834954335,1500.0,,,정자+벤치,,,19870527,경기도 양주시청 공원사업과,031-8082-7311,20250912
가석제1어린이공원,어린이공원,,경기도 양주시 광적면 가납리857,37.8233199369,126.9826333475,1631.0,,조합놀이대,벤치+파고라,,,19981029,경기도 양주시청 공원사업과,031-8082-7311,20250912
가석제2어린이공원,어린이공원,,경기도 양주시 광적면 가납리862-5,37.821954046,126.9854202717,2743.0,,조합놀이대,등벤치+파고라,,,20060501,경기도 양주시청 공원사업과,031-8082-7311,20250912
주택공원,근린공원,경기도 성남시 분당구 불정로 50,경기도 성남시 분당구 정자동 253,37.3575937083,127.1125018777,212563.3,테니스장 배구장,,주차장+휴게음식점,전시관,,19900622,경기도 성남시 공원과,031-729-4382,20251111
머내과학기술공원,근린공원,,경기도 성남시 분당구 구미동 19,37.3466582183,127.1063813978,165712.5,게이트볼장+배드민턴장,,,,,19900622,경기도 성남시 공원과,031-729-4382,20251111
벌말공원,어린이공원,경기도 성남시 분당구 미금일로86번길 24-9,경기도 성남시 분당구 구미동 51,37.3476460547,127.1108594287,1790.0,야외운동기구,어린이놀이터,벤치+파고라+음수전,,,19910108,경기도 성남시 분당구 녹지공원과,031-729-7463,20251111
벌말공원,근린공원,,경기도 성남시 분당구 구미동 67,37.3481232426,127.1152993309,12040.7,,놀이터,,야외무대,,19900622,경기도 성남시 공원과,031-729-4382,20251111
오리공원,어린이공원,,경기도 성남시 분당구 구미동 114,37.3445568717,127.1141455446,5780.2,야외운동기구+다목적운동장,어린이놀이터,벤치+파고라+음수전,,바닥분수,19910108,경기도 성남시 분당구 녹지공원과,031-729-7463,20251111
진고개공원,근린공원,,경기도 성남시 분당구 구미동 209,37.335432552,127.1145629978,21059.1,놀이터,,,,,19900622,경기도 성남시 공원과,031-729-4382,20251111
석촌공원,근린공원,,경기도 성남시 분당구 구미동 217,37.3367311585,127.1197950042,18863.7,,,,,,19900622,경기도 성남시 공원과,031-729-4382,20251111
문화공원2,문화공원,,경기도 안성시 보개면 복평리 298,37.0329209789,127.3115311013,15055.0,,,,,,20110805,경기도 안성시청,031-678-2486,20250226
아양1호근린공원,근린공원,경기도 안성시 알미산로 85,경기도 안성시 옥산동 568,37.0052880923,127.2508036235,36324.0,,,,,,20111205,경기도 안성시청,031-678-6893,20250226
아양2호근린공원,근린공원,,경기도 안성시 옥산동 564,37.0053831911,127.2531748983,35348.0,,,,,,20111205,경기도 안성시청,031-678-6893,20250226
원터공원,근린공원,경기도 동두천시 강변로690번길 38,경기도 동두천시 동두천동 223-1,37.9282518856,127.052154698,20650.0,,,,,,,경기도 동두천시청 공원녹지과,031-860-2416,20251104
생연1근린공원(어울림),근린공원,경기도 동두천시 중앙로 183,경기도 동두천시 생연동 714-6,37.8981198131,127.0517003878,14586.0,,,,,,,경기도 동두천시청 공원녹지과,031-860-2416,20251104
다산,근린공원,경기도 수원시 영통구 센트럴타운로 48,경기도 수원시 영통구 이의동 1328,37.290381386,127.0547561095,41911.8,,계류1(물순환시스템),화장실1,,,,경기도 수원시 영통구 녹지공원과,031-5191-8331,20260115
여술 근린공원(포승공단),근린공원,경기도 평택시 포승읍 포승공단순환로 504,경기도 평택시 포승읍 도곡리 1108,36.9910638111,126.8425558503,40559.3,농구대+다리뻗치기+등허리지압기+땅고르개+링 매달리기+미니축구대+보조골대+사다리오르기+어깨근육풀기+어깨당기기+온몸근육풀기+온몸노젓기+온몸역기내리기+온몸허리돌리기+윗몸일으키기+점수판+족구대+족구장+축구대+축구장+풋살장+하늘걷기,그네+그네보호대+모래포장+조합놀이대,자전거보관대+화장실,,족구장 트랜치+집수정+트랜치,20000927,경기도 평택시청,031-8024-4248,20260313
1호 소공원(고문리),소공원,경기도 연천군 연천읍 현문로508번길 211,경기도 연천군 연천읍 고문리 898,38.0623778671,127.1288775328,3820.0,,,,,,20120801,경기도 연천군청,031-839-2346,20250628
조흥어린이공원(전곡6호),어린이공원,,경기도 연천군 전곡읍 전곡리 263-3,38.0198728133,127.0697896276,1523.0,,,,,,20060515,경기도 연천군청,031-839-2346,20250628
석미3차 아파트 소공원,소공원,,경기도 연천군 전곡읍 전곡리 708,38.0188076879,127.0751540332,860.0,,,,,,20201023,경기도 연천군청,031-839-2346,20250628
학운(3)산단(50호),근린공원,,경기도 김포시 양촌읍 학운리 1394,,,11110.0,,,,,,20130408,경기도 김포시 공원관리과,031-5186-4641,20251124
고촌문화공원1,문화공원,경기도 김포시 고촌읍 장차로 14,경기도 김포시 고촌읍 신곡리 1294,37.6032943838,126.7709654179,2658.0,,,,,,20140314,경기도 김포시 공원관리과,031-5186-4617,20251124
고암제2어린이공원,어린이공원,,경기도 양주시 고암동 121-4,37.8363110752,127.0718924923,1501.0,,조합놀이대,사각정자+등벤치,,,19970513,경기도 양주시청 공원사업과,031-8082-7311,20250912
미관광장 25호(북광장),기타,경기도 화성시 동탄구 동탄중심상가2길 21,경기도 화성시 동탄구 반송동 88-7,37.2059625734,127.0735652417,6463.0,,,,,,,경기도 화성시 공원녹지사업소 동부공원관리과,031-5189-6961,20260201
미관광장 29호,기타,,경기도 화성시 동탄구 반송동 132-1,37.1990379318,127.0717260263,13222.2,,,,,,,경기도 화성시 공원녹지사업소 동부공원관리과,031-5189-6961,20260201
씨네문화공원1,문화공원,경기도 김포시 고촌읍 금파로213번길 270-38,경기도 김포시 고촌읍 향산리 463-7,37.630804961,126.739859548,16820.0,,,,,,20111201,경기도 김포시 공원녹지과,,20251124
파르코스체육공원,체육공원,,경기도 김포시 고촌읍 신곡리 444-6,37.608409186,126.7673035849,14445.0,,,,,,20111229,경기도 김포시 체육과,031-980-2585,20251124
장기어린이4,어린이공원,,경기도 김포시 장기동 1721,37.6382276124,126.6631063506,1501.0,체력단련시설,조합놀이대,,,,20040105,경기도 김포시 공원관리과,031-5186-4632,20251124
양곡어린이1,어린이공원,,경기도 김포시 양촌읍 양곡리 1244,37.661281372,126.6354029279,1519.0,,조합놀이대,,,,20050105,경기도 김포시 공원관리과,031-5186-4641,20251124
걸포3지구 걸포마루공원,근린공원,경기도 김포시 걸포2로 35-1,경기도 김포시 걸포동 262-2,37.6336339969,126.7028156903,20629.0,,,,,,20160516,경기도 김포시 공원관리과,031-5186-4641,20251124
학운4-1 근린공원,근린공원,,경기도 김포시 양촌읍 학운리 517,,,10035.0,,,,,,20170823,경기도 김포시 공원관리과,031-5186-4641,20251124
고막지구 소공원,소공원,,경기도 김포시 월곶면 고막리 산50-2,,,787.0,,,,,,20171121,경기도 김포시 공원녹지과,031-980-2346,20251124
안골공원,어린이공원,,경기도 구리시 교문동 728,37.5982101004,127.1315868345,1524.0,야외헬스기구,조합놀이대,,,,19880220,경기도 구리시청,031-550-2418,20231124
꿈마을,어린이공원,경기도 부천시 원미구 조마루로 343,경기도 부천시 원미구 중동 1097-2,37.4987432779,126.7819725518,6837.5,풋살구장,그네 등 3개,화장실,,,19901231,경기도 부천시청,032-625-4843,20250731
누른말,근린공원,경기도 부천시 오정구 산업로 46-1,경기도 부천시 오정구 오정동 764,37.531155784,126.7819901556,11885.9,배드민턴장,,화장실,,,20061113,경기도 부천시청,032-625-4843,20250731
공공공지 9호,기타,,경기도 화성시 만세구 새솔동 60-1,37.2856880065,126.8147489077,126.3,,,,,,,,031-5189-6655,20260201
경관광장 4호,기타,,경기도 화성시 만세구 새솔동 88-14,37.2827978237,126.8150121072,134.8,,,,,,,,031-5189-6655,20260201
구포리 소공원,기타,,경기도 화성시 효행구 비봉면 구포리 63-4,37.2403271799,126.8824140741,2900.0,,,,,,,,031-5189-6655,20260201
비봉 쌈지공원 (3),기타,,경기도 화성시 효행구 비봉면 양노리 705-4,37.2242148856,126.8588529843,774.0,,,,,,,,031-5189-6655,20260201
매송 쌈지공원(천천리 어린이놀이터),기타,,경기도 화성시 효행구 매송면 천천리 185-1,37.2460120678,126.9452251071,800.0,,,,,,,,031-5189-6655,20260201
전곡3호 어린이공원,어린이공원,,경기도 화성시 만세구 서신면 전곡리 867,37.1867426129,126.6539017225,962.0,,,,,,,,031-5189-6655,20260201
남양천 소공원,기타,,경기도 화성시 만세구 남양읍 남양리 1865-21,37.2025673931,126.8025985138,848.0,,,,,,,,031-5189-6655,20260201
물소리공원(3호) → 동화어린이공원,어린이공원,,경기도 화성시 효행구 봉담읍 동화리 613,37.2174773185,126.9610208003,3037.0,,,,,,,,031-5189-6655,20260201
한울3호어린이공원,어린이공원,,경기도 화성시 효행구 봉담읍 수영리 680,37.2356204115,126.9569705884,2983.0,,,,,,,,031-5189-6655,20260201
와우리 소공원,소공원,경기도 화성시 효행구 봉담읍 와우로15번길 7,경기도 화성시 효행구 봉담읍 와우리 217,37.2163224813,126.969386543,2256.0,,,,,,,,031-5189-6655,20260201
장안 1호근린공원,근린공원,,경기도 화성시 만세구 장안면 금의리 760-3,37.1136343535,126.8424035334,10847.0,,,,,,,,031-5189-6655,20260201
미사 수변 11호 공원,수변공원,,경기도 하남시 망월동 1057,37.5664886,127.1839361409,2102.0,,,,,,,경기도 하남시청,031-5182-1579,20251218
진사4호소공원,소공원,,경기도 안성시 공도읍 진사리 산30-9,,,1057.0,,,,,,19990825,경기도 안성시청,031-678-6893,20250226
16호어린이공원,어린이공원,경기도 안성시 공도읍 전원길 9-4,경기도 안성시 공도읍 마정리 223-156,37.0153275768,127.2063343863,7935.0,,,,,,20010326,경기도 안성시청,031-678-6893,20250226
서작현 어린이공원,어린이공원,,경기도 화성시 효행구 송산동 155-27,37.2065844118,127.0145092657,2300.0,,,,,,,,031-5189-6655,20260201
별향 어린이공원,어린이공원,,경기도 화성시 효행구 기안동 916,37.2222913223,126.9751873575,4342.0,,,,,,,,031-5189-6655,20260201
장자못공원,근린공원,,경기도 구리시 교문동 593-1,37.581063135,127.1360931613,237255.0,야외헬스기구,짚라인 등,,,,20060410,경기도 구리시청,031-550-2472,20231124
소공원(돌섬),소공원,경기도 구리시 코스모스길215번길 68-23,경기도 구리시 토평동 23-45,37.5799345207,127.1550741264,302.0,,,벤치,,,20080204,경기도 구리시청,031-550-2418,20231124
소공원(교문3),소공원,경기도 구리시 아차산로 477,경기도 구리시 교문동 358-9,37.5970676412,127.1304636668,1335.0,,,벤치,,,20080414,경기도 구리시청,031-550-2418,20231124
소공원(인창3),소공원,경기도 구리시 인창2로 7,경기도 구리시 인창동 714-2,37.6026275203,127.1304593584,1069.0,,,벤치,,,20120725,경기도 구리시청,031-550-2474,20231124
성주산아이숲터,어린이공원,경기도 부천시 소사구 성무로 44,경기도 부천시 소사구 심곡본동 562-139,37.4789030291,126.7842697195,2316.0,,조합놀이대,,,,20121231,경기도 부천시청,032-625-4843,20250731
세치,어린이공원,,경기도 부천시 소사구 소사본동 407-5,37.4729171463,126.8052715026,2283.6,,그네 등 3개,,,,20011222,경기도 부천시청,032-625-4843,20250731
소담 소공원,소공원,,경기도 부천시 소사구 송내동 317-1,37.484997652,126.7550106666,1189.7,,,,,,20131111,경기도 부천시청,032-625-4843,20250731
발안유적공원,소공원,,경기도 화성시 만세구 향남읍 발안리 306,37.1306325294,126.9034006554,1579.0,,,,,,,,031-5189-6655,20260201
제암리 쌈지공원,기타,,경기도 화성시 만세구 향남읍 제암리 478-1,37.1286120724,126.9049295291,2353.0,,,,,,,,031-5189-6655,20260201
구문천3리 쌈지공원,기타,,경기도 화성시 만세구 향남읍 구문천리 604-167,37.0709704239,126.8932485247,369.0,,,,,,,,031-5189-6655,20260201
평리 공공공지,기타,,경기도 화성시 만세구 향남읍 평리 123-3,,,652.0,,,,,,,,031-5189-6655,20260201
향남2지구 1호근린(해찬벌공원),근린공원,,경기도 화성시 만세구 향남읍 하길리 1446,37.1204032462,126.9157851849,12040.0,,,,,,,,031-5189-6655,20260201
49호수변(샘물공원),수변공원,,경기도 안산시 단원구 성곡동 808-7번지,37.3078316467,126.7325495708,6548.0,,,,,,20131205,경기도 안산시청,031-481-2471,20260406
51호 수변공원(물빛공원),수변공원,,경기도 안산시 단원구 성곡동 797-1번지,37.3033290704,126.7482898498,4712.0,,,,,,20100726,경기도 안산시청,031-481-2471,20260406
83호 수변공원,수변공원,,경기도 안산시 단원구 원시동 841번지,37.2927099116,126.7793522813,3957.0,,,,,,20100726,경기도 안산시청,031-481-2471,20260406
사동제7호공원,수변공원,,경기도 안산시 상록구 사동 1510-12번지,37.2964675768,126.8164938074,110271.0,,,,,,19980703,경기도 안산시청,031-481-2649,20260406
와동묘지공원,묘지공원,"경기도 안산시 단원구 순환로 390, (와동)",경기도 안산시 단원구 와동 37-2번지,37.3426146275,126.8336554261,159232.0,,,,,,19850911,경기도 안산시청,031-481-2834,20260406
온누리공원,체육공원,,경기도 안산시 단원구 성곡동 793번지,37.300743874,126.7578424275,19593.2,,,,,,20100726,경기도 안산시청,031-481-2471,20260406
원곡2,기타,,경기도 안산시 단원구 원곡동 1002-3번지,37.3260824515,126.8012158782,3993.4,,,,,,20110328,경기도 안산시청,031-481-2471,20260406
원곡1,기타,,경기도 안산시 단원구 원곡동 1003-2번지,37.3276267512,126.7982048588,1916.7,,,,,,20131224,경기도 안산시청,031-481-2471,20260406
시민근린공원,근린공원,경기도 동두천시 중앙로 141,경기도 동두천시 지행동 691-6,37.8939562104,127.0518052527,29389.0,,,,,,,경기도 동두천시청 공원녹지과,031-860-2416,20251104
송내1근린공원(꿈나무근린공원),근린공원,경기도 동두천시 지행로 38,경기도 동두천시 지행동 717-4,37.8921430371,127.0513954391,17745.0,,,,,,,경기도 동두천시청 공원녹지과,031-860-2416,20251104
강변(송내2)근린공원,근린공원,경기도 동두천시 강변로 156,경기도 동두천시 송내동 666,37.8847530011,127.0491999891,15707.0,,,,,,,경기도 동두천시청 공원녹지과,031-860-2416,20251104
상패공원,근린공원,,경기도 동두천시 상패동 산16,37.9081826749,127.0458041643,73195.0,,,,,,,경기도 동두천시청 공원녹지과,031-860-2416,20251104
생연공원,근린공원,,경기도 동두천시 생연동 산53,37.9026175554,127.0635065277,103844.0,,,,,,,경기도 동두천시청 공원녹지과,031-860-2416,20251104
38호근린공원,근린공원,경기도 동두천시 강변로850번길 97,경기도 동두천시 동두천동 556-9,37.9371968806,127.0532498163,1999.0,,,,,,,경기도 동두천시청 공원녹지과,031-860-2416,20251104
소요산 야구공원,체육공원,경기도 동두천시 평화로 3020-71,경기도 동두천시 상봉암동 36-33,37.9564024435,127.0674647719,319519.0,,,,,,,경기도 동두천시청 공원녹지과,031-860-2442,20251104
소요산 도시자연공원,기타,경기도 동두천시 평화로 2998번길 82,경기도 동두천시 상봉암동 26,37.9520788972,127.0657372366,2961429.0,,,,,,,경기도 동두천시청 공원녹지과,031-860-2471,20251104
소공원 41호,소공원,경기도 동두천시 생연로 95,경기도 동두천시 생연동 810-5,37.9012224496,127.0499071394,362.0,,,,,,,경기도 동두천시청 공원녹지과,031-860-2411,20251104
소공원,소공원,경기도 동두천시 동두천로 205,경기도 동두천시 생연동 704,37.8998002957,127.0551479891,519.0,,,,,,,경기도 동두천시청 공원녹지과,031-860-2411,20251104
사동어린이공원,어린이공원,경기도 동두천시 삼육사로888번길 42,경기도 동두천시 생연동 796-47,37.8988067504,127.0474991527,1570.0,,,,,,,경기도 동두천시청 공원녹지과,031-860-2416,20251104
상패1공원,어린이공원,경기도 동두천시 상패로189번길 11,경기도 동두천시 상패동 2-29,37.9171764603,127.0529944144,1261.0,,,,,,,경기도 동두천시청 공원녹지과,031-860-2416,20251104
상패2공원,어린이공원,경기도 동두천시 동광로 10-20,경기도 동두천시 상패동 56-7,37.9074855561,127.0488506209,2503.0,,,,,,,경기도 동두천시청 공원녹지과,031-860-2416,20251104
광암공원,어린이공원,경기도 동두천시 광암로61번길 20,경기도 동두천시 광암동 182-2,37.8937902516,127.0886450471,1527.0,,,,,,,경기도 동두천시청 공원녹지과,031-860-2416,20251104
생연1어린이공원,어린이공원,경기도 동두천시 거북마루로11번길 14-2,경기도 동두천시 지행동 668,37.896597002,127.0470918491,1862.0,,,,,,,경기도 동두천시청 공원녹지과,031-860-2416,20251104
생연3어린이공원,어린이공원,경기도 동두천시 동두천로 177,경기도 동두천시 생연동 715-3,37.8974818168,127.054581871,2485.0,,,,,,,경기도 동두천시청 공원녹지과,031-860-2416,20251104
생연4어린이공원,어린이공원,경기도 동두천시 동두천로 149,경기도 동두천시 지행동 692-3,37.8948584503,127.0544270754,3004.0,,,,,,,경기도 동두천시청 공원녹지과,031-860-2416,20251104
한강어린이1,어린이공원,,경기도 김포시 구래동 6875-3,37.6489358088,126.631148492,2161.0,체력단련시설,조합놀이대+유아놀이대+그네+흔들놀이,,,,20071029,경기도 김포시 공원관리과,031-5186-4641,20251124
한강어린이8,어린이공원,,경기도 김포시 장기동 1866-4,37.6520553696,126.6662097035,4900.0,체력단련시설,조합놀이대+경사형슬라이드+흔들놀이,,,,20071029,경기도 김포시 공원관리과,031-5186-4632,20251124
동탄7호 공공공지,기타,,경기도 화성시 동탄구 석우동 59-6,37.2077301987,127.0776647881,30752.0,,,,,,,경기도 화성시 공원녹지사업소 동부공원관리과,031-5189-6961,20260201
소향,근린공원,경기도 부천시 원미구 조마루로 264,경기도 부천시 원미구 중동 1184-4,37.4975970778,126.7728879636,17273.8,배드민턴장,그네 등 3개,화장실,,,19900711,경기도 부천시청,032-625-4843,20250731
수주,근린공원,경기도 부천시 오정구 고강로 71,경기도 부천시 오정구 고강동 190-11,37.530129287,126.8124562359,22130.0,족구장 등3,흔들놀이기구 등 4개,화장실,,,20050905,경기도 부천시청,032-625-4843,20250731
미관광장 40호,기타,,경기도 화성시 동탄구 반송동 43-7,37.208909307,127.0613648313,11790.0,,,,,,,경기도 화성시 공원녹지사업소 동부공원관리과,031-5189-6961,20260201
사우구획1(김포어린이1),어린이공원,경기도 김포시 봉화로 14-12,경기도 김포시 사우동 241-1,37.6187383789,126.7167648103,1645.0,체력단련시설+배드민턴장,그네,,,,19860419,경기도 김포시 공원관리과,031-5186-4617,20251124
사우택지3(김포어린이8),어린이공원,,경기도 김포시 북변동 813,37.6221176936,126.7168206581,2282.0,체력단련시설+농구장,조합놀이대,,,,19860419,경기도 김포시 공원관리과,031-5186-4617,20251124
한강근린11,근린공원,,경기도 김포시 운양동 1986,,,15336.0,배드민턴장+체력단련시설,,,,,20071029,경기도 김포시 공원관리과,031-5186-4627,20251124
장기소공원1,소공원,,경기도 김포시 장기동 1846,37.645412447,126.6680947455,447.0,체력단련시설,,,,,20090826,경기도 김포시 공원관리과,031-5186-4627,20251124
김포어린이26,어린이공원,,경기도 김포시 풍무동 801,37.5978839753,126.7250425374,1916.0,,,,,,20100129,경기도 김포시 공원관리과,031-5186-4617,20251124
한강소공원17,소공원,,경기도 김포시 운양동 119-7,,,1088.0,체력단련시설,,,,,20071029,경기도 김포시 공원관리과,031-5186-4627,20251124
대야이2,수변공원,,경기도 시흥시 대야동 361-16,37.4453852841,126.7914991644,1265.0,,,,,,20190626,경기도 시흥시청,031-310-2694,20251219
양곡어린이3,어린이공원,,경기도 김포시 양촌읍 양곡리 1267,37.6573490899,126.6334658485,2508.0,,조합놀이대,,,,20050105,경기도 김포시 공원관리과,031-5186-4641,20251124
한강어린이13,어린이공원,,경기도 김포시 운양동 1293-1,37.6540032067,126.6887915615,8194.0,배드민턴장,조합놀이대+물놀이시설+그네+흔들놀이,,,,20071029,경기도 김포시 공원관리과,031-5186-4632,20251124
한강근린4,근린공원,,경기도 김포시 구래동 637-11,,,17346.0,배드민턴장+체력단련시설,,,,,20071029,경기도 김포시 공원관리과,031-5186-4641,20251124
한강근린8,근린공원,,경기도 김포시 운양동 1304-3,37.654434599,126.675758322,11453.0,체력단련시설+농구장,,,,,20071029,경기도 김포시 공원관리과,031-5186-4627,20251124
한강소공원22,소공원,,경기도 김포시 마산동 674-5,37.6422447043,126.6419308957,1482.0,,,,,,20100819,경기도 김포시 공원관리과,031-5186-4617,20251124
수촌소공원,소공원,,경기도 화성시 만세구 장안면 수촌리 1018-7,37.096404232,126.8481075556,2855.0,,,,,,,,031-5189-6655,20260201
조암 1호 공공공지,기타,,경기도 화성시 만세구 우정읍 조암리 793,37.0879079113,126.8228196991,44.6,,,,,,,,031-5189-6655,20260201
건건,소공원,,경기도 안산시 상록구 건건동 709-1번지,37.3074740415,126.9054020992,469.0,,,,,,20080225,경기도 안산시 상록구청,031-481-5412,20260406
상신3리 쌈지공원,기타,,경기도 화성시 만세구 향남읍 상신리 654-1,37.1002182598,126.9056435043,192.0,,,,,,,,031-5189-6655,20260201
덕동산 근린공원(비전지구),근린공원,,경기도 평택시 비전동 산84-14,36.9976470705,127.1000438035,145023.0,네트걸이+농구대+농구장+다리걸기+다리뻗치기+등부딪히기+등허리지압기+마라톤운동기+매달리기+미니철봉+배드민턴장+벤치프레스+양팔줄당기기+어깨근육풀기+옆파도타기+온몸근육풀기+온몸노젓기+온몸역기올리기+온몸허리돌리기+원형목재 평균대+윗몸일으키기+지압보도+철기둥+철봉+철봉+링+팔굽혀피기+평균대+평행봉+하늘걷기+하늘사다리+허벅지근육풀기,나무숲걷기마당+모래놀이마당+모험놀이마당+실외교구 놀이마당+체험 놀이마당,급수전+음수대+자전거거치대+화장실,,U형측구+기념 헌정탑+디자인집수정+무덤+사당+위령비석+자연보호헌정기념비+정화조 맨홀+집수정+트랜치+현충탑,19530311,경기도 평택시청,031-8024-4248,20260313
방아어린이공원,어린이공원,,경기도 의정부시 녹양동 410-2,37.7601155115,127.0369629337,1892.0,공중걷기+ 허리돌리기,조합놀이대+ 그네+ 흔들놀이기구,,,공원등+ CCTV 등,,경기도 의정부시청,031-828-2414,20250620
금오소공원,소공원,,경기도 의정부시 금오동 464-4,37.7485480437,127.0597527748,1290.0,공중걷기 등,,,,공원등+ CCTV 등,,경기도 의정부시청,031-828-4054,20250620
민락2수변공원,수변공원,,경기도 의정부시 낙양동 670-8,,,6072.0,허리돌리기+ 팔돌리기 등,,,,공원등+ CCTV 등,,경기도 의정부시청,031-828-4054,20250620
유통단지 어린이공원(동부 83호),어린이공원,,경기도 평택시 도일동 1167-1,37.0401528667,127.100103728,6523.1,옆파도타기+온몸역기올리기+온몸허리돌리기+하늘걷기,고무칩포장+조합놀이대+흔들놀이,음수전,,준공기념비+집수정+트랜치,20051004,경기도 평택시청,031-8024-4248,20260313
행운,어린이공원,,경기도 안산시 상록구 월피동 471번지,37.3369241376,126.8544408265,1891.6,,,,,,19850917,경기도 안산시 상록구청,031-481-5412,20260406
한빛,어린이공원,,경기도 안산시 상록구 월피동 510번지,37.3342971017,126.846565247,1513.5,,,,,,19850917,경기도 안산시 상록구청,031-481-5412,20260406
부곡,어린이공원,"경기도 안산시 상록구 부곡로1안길 30, (부곡동)",경기도 안산시 상록구 부곡동 601번지,37.3230133014,126.8604425921,1501.7,,,,,,19850917,경기도 안산시 상록구청,031-481-5412,20260406
아람,어린이공원,,경기도 안산시 상록구 부곡동 690번지,37.3249150994,126.8584119172,1626.4,,,,,,19850917,경기도 안산시 상록구청,031-481-5412,20260406
와동제2공원,근린공원,"경기도 안산시 단원구 순환로 416, (와동)",경기도 안산시 단원구 와동 95-3번지,37.3436502661,126.8334882179,63314.6,,,,,,20010413,경기도 안산시청,031-481-2471,20260406
쌍봉산 근린공원,근린공원,,경기도 화성시 만세구 우정읍 조암리 391-14,37.0897579154,126.8177159673,37235.0,,,,,,,,031-5189-6655,20260201
다정한,어린이공원,,경기도 부천시 원미구 상동 500-7,37.5119712749,126.759165259,2500.1,,그네 등 7개,,,,19981217,경기도 부천시청,032-625-4843,20250731
원곡3,기타,,경기도 안산시 단원구 원곡동 1001-2번지,37.3246280872,126.8038387035,3644.5,,,,,,20131224,경기도 안산시청,031-481-2471,20260406
초지1,기타,,경기도 안산시 단원구 초지동 803-1번지,37.3234520926,126.8060968498,3101.0,,,,,,20110328,경기도 안산시청,031-481-2471,20260406
초지상,기타,,경기도 안산시 단원구 초지동 802-4번지,37.3234844397,126.8070952472,2957.5,,,,,,20110328,경기도 안산시청,031-481-2471,20260406
단원,기타,,경기도 안산시 단원구 고잔동 852-1번지,37.3220082248,126.8264613851,2235.0,,,,,,20140627,경기도 안산시청,031-481-2471,20260406
달미역,기타,"경기도 안산시 단원구 선삼로4안길 25-9, (선부동)",경기도 안산시 단원구 선부동 1192번지,37.3488691121,126.8098899765,13295.5,,,,,,20251126,경기도 안산시청,031-481-2471,20260406
요당지구 소공원,소공원,,경기도 화성시 만세구 양감면 요당리 102,37.0652462521,126.9392465707,7373.0,,,,,,,,031-5189-6655,20260201
양감쌈지공원2호,기타,,경기도 화성시 만세구 양감면 사창리 1039-48,37.1073599553,126.9706036957,600.0,,,,,,,,031-5189-6655,20260201
구장리 코리요놀이터,기타,경기도 화성시 만세구 팔탄면 동촌길21번길 15-4,경기도 화성시 만세구 팔탄면 구장리 783-1,37.1627552477,126.9054952266,546.0,,,,,,,,031-5189-6655,20260201
댓골 어린이공원(4호),어린이공원,,경기도 화성시 만세구 향남읍 행정리 475-1,37.1326774179,126.923666261,3894.0,,,,,,,,031-5189-6655,20260201
행정 어린이공원(5호),어린이공원,,경기도 화성시 만세구 향남읍 행정리 495-14,37.1255110176,126.922892185,1789.0,,,,,,,,031-5189-6655,20260201
도이 어린이공원(6호),어린이공원,,경기도 화성시 만세구 향남읍 행정리 483,37.1277224326,126.9279085966,2398.0,,,,,,,,031-5189-6655,20260201
교통 어린이공원(8호),어린이공원,,경기도 화성시 만세구 향남읍 행정리 466,37.1253101365,126.9182639731,8826.0,,,,,,,,031-5189-6655,20260201
샘골,어린이공원,,경기도 안산시 상록구 본오동 950번지,37.2864257798,126.8629472497,1463.3,,,,,,19850917,경기도 안산시 상록구청,031-481-5412,20260406
산우물,어린이공원,,경기도 안산시 상록구 본오동 940번지,37.2881758147,126.858554431,1520.0,,,,,,19850917,경기도 안산시 상록구청,031-481-5412,20260406
신선,어린이공원,,경기도 안산시 상록구 본오동 916번지,37.2894242968,126.8649298322,1890.8,,,,,,19850917,경기도 안산시 상록구청,031-481-5412,20260406
역곡,문화공원,,경기도 부천시 원미구 역곡동 304,37.4886919474,126.8026390457,39063.2,다목적구장 등3,,화장실,,,19861107,경기도 부천시청,032-625-4843,20250731
약수,어린이공원,"경기도 안산시 상록구 각골로2안길 18, (본오동)",경기도 안산시 상록구 본오동 764번지,37.2958770225,126.8747418904,1585.4,,,,,,19850917,경기도 안산시 상록구청,031-481-5412,20260406
패랭이,어린이공원,,경기도 안산시 상록구 본오동 775번지,37.2937934355,126.8744511128,1575.8,,,,,,19850917,경기도 안산시 상록구청,031-481-5412,20260406
놀애별,어린이공원,,경기도 안산시 상록구 본오동 818-6번지,37.2956234228,126.8684235431,1529.6,,,,,,19850917,경기도 안산시 상록구청,031-481-5412,20260406
장수,어린이공원,,경기도 안산시 상록구 본오동 1130번지,37.3008332453,126.8744502459,2085.1,,,,,,19850917,경기도 안산시 상록구청,031-481-5412,20260406
은혜갚은까치어린이공원,어린이공원,경기도 동두천시 중앙로 110-24,경기도 동두천시 지행동 722-4,37.8905376603,127.0534864207,2379.0,,,,,,,경기도 동두천시청 공원녹지과,031-860-2416,20251104
은하수어린이공원,어린이공원,,경기도 동두천시 송내동 664-3,37.8871637222,127.0500365745,1906.0,,,,,,,경기도 동두천시청 공원녹지과,031-860-2416,20251104
햇님어린이공원,어린이공원,,경기도 동두천시 송내동 665-2,37.8873914015,127.0529767128,2000.0,,,,,,,경기도 동두천시청 공원녹지과,031-860-2416,20251104
선녀어린이공원,어린이공원,경기도 동두천시 동두천로 41,경기도 동두천시 송내동 696-1,37.88505693,127.0532693318,1500.0,,,,,,,경기도 동두천시청 공원녹지과,031-860-2416,20251104
지행1어린이공원,어린이공원,,경기도 동두천시 지행동 334-8,37.8915738069,127.0595750099,1570.0,,,,,,,경기도 동두천시청 공원녹지과,031-860-2416,20251104
내행3어린이공원,어린이공원,,경기도 동두천시 지행동 273-32,,,3500.0,,,,,,,경기도 동두천시청 공원녹지과,031-860-2416,20251104
지행2어린이공원,어린이공원,,경기도 동두천시 지행동 175,37.8886600218,127.0642881781,2445.0,,,,,,,경기도 동두천시청 공원녹지과,031-860-2416,20251104
33호어린이공원,어린이공원,,경기도 동두천시 생연동 736-7,37.8975642099,127.0564677772,1593.0,,,,,,,경기도 동두천시청 공원녹지과,031-860-2416,20251104
35호어린이공원,어린이공원,경기도 동두천시 평화로2229번길 36,경기도 동두천시 송내동 699-15,37.8856248048,127.0556654233,1566.0,,,,,,,경기도 동두천시청 공원녹지과,031-860-2416,20251104
36호어린이공원,어린이공원,경기도 동두천시 평화로2185번길 7-12,경기도 동두천시 송내동 708-5,37.8823883487,127.0554574365,1503.0,,,,,,,경기도 동두천시청 공원녹지과,031-860-2416,20251104
호수공원,어린이공원,경기도 구리시 장자대로1번길 82-12,경기도 구리시 교문동 799,37.5913267921,127.1322486368,1483.0,야외헬스기구,조합놀이대,,,,19900321,경기도 구리시청,031-550-2418,20231124
새싹모둠소공원,소공원,,경기도 광명시 광명동 317-33,,,1080.0,,,,,,20150824,경기도 광명시청,02-2680-6298,20251209
금호어울림공원,어린이공원,경기도 구리시 아차산로487번길 39,경기도 구리시 교문동 358-11,37.5974760406,127.1279615104,3907.0,야외헬스기구,조합놀이대,,,,20060410,경기도 구리시청,031-550-2418,20231124
샛다리공원,어린이공원,경기도 구리시 아차산로405번길 49,경기도 구리시 교문동 418-2,37.5916425948,127.1281272492,4995.0,,조합놀이대,,,,20031006,경기도 구리시청,031-550-2418,20231124
서가산공원,어린이공원,경기도 구리시 원수택로64번길 78,경기도 구리시 수택동 477,37.5949543808,127.1453936766,1657.0,,조합놀이대,,,,19800813,경기도 구리시청,031-550-2418,20231124
옥천공원,어린이공원,경기도 구리시 원수택로 25,경기도 구리시 수택동 437-20,37.5946932802,127.1395384683,1653.0,,,,,,19800813,경기도 구리시청,031-550-2418,20231124
새마을공원,어린이공원,경기도 구리시 이문안로147번길 21,경기도 구리시 수택동 684-14,37.59217729,127.1480914408,1500.0,야외헬스기구,조합놀이대,,,,19880916,경기도 구리시청,031-550-2418,20231124
부양공원,어린이공원,경기도 구리시 체육관로74번길 62,경기도 구리시 수택동 854-1,37.5907874559,127.1415169051,13430.0,야외헬스기구,조합놀이대,화장실,,,19900321,경기도 구리시청,031-550-2418,20231124
판교제9호(바람개비)공원,어린이공원,,경기도 성남시 분당구 판교동 487,37.4025505175,127.0948109565,1547.5,야외운동기구,어린이놀이터,벤치,,,20041230,경기도 성남시 분당구 녹지공원과,031-729-8093,20251111
판교제10호(송현)공원,어린이공원,,경기도 성남시 분당구 삼평동 707,37.4045600033,127.1150863963,1516.9,야외운동기구,어린이놀이터,벤치+음수전,,,20041230,경기도 성남시 분당구 녹지공원과,031-729-8093,20251111
풍무2지구(김포26호),근린공원,,"경기도 김포시 풍무동 881, 882",37.6136456966,126.7290550766,29054.0,,,,,,20100826,경기도 김포시 공원관리과,031-5186-4617,20251124
사우근린공원(김포6호),근린공원,경기도 김포시 풍년로 12,경기도 김포시 사우동 864,37.6231204065,126.7238239045,9898.0,체력단련시설+농구장,조합놀이대,화장실,,,19860419,경기도 김포시 공원관리과,031-5186-4617,20251124
마송어린이5,어린이공원,,경기도 김포시 통진읍 마송리 578,37.6885403815,126.6054076128,3451.0,,조합놀이대,,,,20050105,경기도 김포시 공원관리과,031-5186-4641,20251124
고촌제1근린공원(고촌24호),근린공원,경기도 김포시 고촌읍 신기신동로 8,경기도 김포시 고촌읍 신곡리 1281,37.6074116914,126.7721374885,10092.0,체력단련시설+농구장+배드민턴장,조합놀이대,,,,20070611,경기도 김포시 공원관리과,031-5186-4641,20251124
은대근린공원,근린공원,경기도 연천군 전곡읍 은전로 47,경기도 연천군 전곡읍 은대리 573,38.0280814416,127.0649699396,92960.0,,,,,,20001130,경기도 연천군청,031-839-2346,20250628
김포어린이30,어린이공원,,경기도 김포시 감정동 54-2,,,3095.0,,,,,,20100317,경기도 김포시 공원관리과,031-5186-4617,20251124
쇠재어린이공원,어린이공원,,경기도 파주시 금촌동 1002,37.7519952607,126.7740610235,1500.0,,조합놀이대+흔들놀이,,,,,경기도 파주시청,031-940-8406,20250618
미우공원,어린이공원,,경기도 파주시 아동동 339-4,37.7614191944,126.7781459895,1500.0,,그네+흔들놀이,,,,,경기도 파주시청,031-940-8406,20250618
약대,근린공원,경기도 부천시 원미구 도약로163번길 12,경기도 부천시 원미구 중동 1049,37.511085509,126.7677446219,10398.8,족구장,그네 등 5개,화장실,,,19901127,경기도 부천시청,032-625-4843,20250731
풍경공원,수변공원,,경기도 의왕시 학의동 1162,37.369025848,127.0029609867,14205.2,,,,,,20150123,경기도 의왕시청,031-345-3533,20251128
제22호 어린이공원,어린이공원,,경기도 용인시 수지구 성복동 295 일원,37.3189405792,127.0666084781,1970.0,,,,,,20030623,,,20250801
내손공원,체육공원,경기도 의왕시 내손공원길 39,경기도 의왕시 내손동 666,37.387286493,126.9831856708,30556.8,축구장,미끄럼틀+그네,화장실,,,19811224,경기도 의왕시청,031-345-2562,20251128
약수,어린이공원,,경기도 부천시 원미구 약대동 216-2,37.5170761611,126.7663373753,1500.0,,조합놀이대 등 8개,,,,20070402,경기도 부천시청,032-625-4843,20250731
양지,어린이공원,,경기도 부천시 소사구 괴안동 251-7,37.4765527453,126.8135758817,1848.9,,조합놀이대 등 3개,,,,20051230,경기도 부천시청,032-625-4843,20250731
억새,어린이공원,경기도 부천시 원미구 평천로 709,경기도 부천시 원미구 약대동 216-7,37.5153427792,126.7696719333,2543.5,,조합놀이대 등 6개,화장실,,,20070402,경기도 부천시청,032-625-4843,20250731
김포소공원1(북변소공원),소공원,,경기도 김포시 북변동 431-50,37.6239061409,126.7092629603,760.0,체력단련시설,,,,,20061226,경기도 김포시 공원관리과,031-5186-4617,20251124
공단1,문화공원,경기도 시흥시 경기과기대로 284,경기도 시흥시 정왕동 2133,37.3375563623,126.7392463634,14764.0,,,,,,,경기도 시흥시청,031-310-5974,20251219
장현3,체육공원,,경기도 시흥시 장현동 702-1,37.3843279759,126.8022335956,18130.0,,,,,,20070118,경기도 시흥시청,031-310-3472,20251219
실개울공원,어린이공원,,경기도 시흥시 능곡동 777,37.3655989532,126.81047546,5351.0,,조합놀이대,,,,20041110,경기도 시흥시청,031-310-3871,20251219
솔숲공원,근린공원,경기도 시흥시 미산로144번길 15,경기도 시흥시 미산동 산12-6,37.4194035092,126.7920090013,22070.0,,조합놀이대+그네 등,,,,20050503,경기도 시흥시청,031-310-3894,20251219
해미공원,수변공원,,경기도 시흥시 정왕동 2598-3,37.3271557433,126.69947638,32706.0,,,,,,20010829,경기도 시흥시청,031-310-3865,20251219
영모재공원,근린공원,경기도 시흥시 능골길 26,경기도 시흥시 능곡동 617,37.3696793093,126.8172322762,107778.0,체육시설,,주차장+화장실,영모재,,20041110,경기도 시흥시청,031-310-3871,20251219
꽃향기,어린이공원,경기도 광명시 성채로 4,경기도 광명시 소하동 1376,37.4321430016,126.8860887964,3823.0,,,,,,20071122,경기도 광명시청,02-2680-6462,20251209
너부대,근린공원,경기도 광명시 목감로 120,경기도 광명시 광명동 164-2,37.4789283486,126.8466410637,35997.0,,,화장실,,,19970101,경기도 광명시청,02-2680-6298,20251209
철망산,근린공원,,경기도 광명시 하안동 산 24-2,37.4651588005,126.8699529319,122674.0,,,화장실,,계류,20060101,경기도 광명시청,02-2680-2887,20251209
삼각산(평택) 근린공원,근린공원,,경기도 평택시 비전동 473-78,37.0011798573,127.0909822358,4861.0,어깨근육풀기+옆파도타기+온몸허리돌리기+인라인스케이트장+하늘걷기,고무칩포장+그네+그네보호대+조합놀이대+흔들놀이,음수전,데크 램프형 무대,U형측구+디자인집수정+디자인트랜치+수목보호대+옹벽+집수정+트랜치,19530311,경기도 평택시청,031-8024-4248,20260313
학운2체육공원4,체육공원,경기도 김포시 양촌읍 학운산단1로 64-42,경기도 김포시 양촌읍 학운리 3376,37.6019691617,126.5823117136,10275.0,,,,,,20101129,경기도 김포시 체육과,031-980-2585,20251124
장현소공원5,소공원,,경기도 시흥시 광석동 504,37.3841182622,126.8093612946,5245.6,,,,,,20231228,경기도 시흥시청,031-310-3873,20251219
소공원월동1,소공원,,경기도 시흥시 월곶동 1059-3,37.3821660032,126.7659497105,180.8,,,,,,20110922,경기도 시흥시청,031-310-3873,20251219
장현어린이1호,어린이공원,,경기도 시흥시 군자동 799-1,37.367481212,126.8060191369,1545.0,,,,,,,경기도 시흥시청,031-310-3873,20251219
중앙공원,근린공원,경기도 시흥시 능곡중앙로 50,경기도 시흥시 능곡동 766,37.3681066764,126.813384172,17367.0,다목적운동장+체육시설,,주차장+화장실+관리사무소,야외무대,,20041110,경기도 시흥시청,031-310-3871,20251219
매미,어린이공원,,경기도 수원시 영통구 매탄동 1217-6,37.2664590282,127.0516884778,2135.3,,조합놀이대1,화장실1,,,,경기도 수원시 영통구 녹지공원과,031-5191-8331,20260115
소망공원,근린공원,경기도 시흥시 마유로186번길 10,경기도 시흥시 정왕동 1368,37.3341826173,126.7263327064,76148.0,야구장+운동장+족구장,,화장실+주차장,,,19940422,경기도 시흥시청,031-310-3864,20251219
큰솔공원,근린공원,경기도 시흥시 큰솔로 67-8,경기도 시흥시 정왕동 1512,37.3436511454,126.753635734,12758.0,,,,,,19940422,경기도 시흥시청,031-310-3864,20251219
양지,어린이공원,"경기도 안산시 상록구 반석로2길 12, (본오동)",경기도 안산시 상록구 본오동 802-4번지,37.2977694722,126.869558636,1646.7,,,,,,19850917,경기도 안산시 상록구청,031-481-5412,20260406
1호 근린공원,근린공원,,경기도 화성시 효행구 정남면 음양리 884,37.1458170338,127.0241041982,17641.2,,,,,,,,031-5189-6655,20260201
거모소공원,소공원,,경기도 시흥시 거모동 산27-56,37.3456906482,126.786298378,1620.0,,,,,,,경기도 시흥시청,031-310-3871,20251219
월광,어린이공원,"경기도 안산시 상록구 광덕산1로 9-13, (월피동)",경기도 안산시 상록구 월피동 507번지,37.3356224398,126.8437753299,1631.6,,,,,,19850917,경기도 안산시 상록구청,031-481-5412,20260406
성모,어린이공원,,경기도 안산시 상록구 월피동 462번지,37.3345226937,126.8522522366,1584.2,,,,,,19850917,경기도 안산시 상록구청,031-481-5412,20260406
풍산지구 어린이5호,어린이공원,경기도 하남시 덕풍동로 113,경기도 하남시 덕풍동 743-2,37.5514933637,127.2087947393,1767.0,,,,,,20081231,경기도 하남시청,031-5182-1579,20251218
풍산지구 어린이6호,어린이공원,경기도 하남시 덕풍북로 210,경기도 하남시 덕풍동 746,37.5518027753,127.2099935906,7235.0,,,,,,20081231,경기도 하남시청,031-5182-1579,20251218
풍산지구 어린이8호,어린이공원,경기도 하남시 덕풍북로259번길 7,경기도 하남시 덕풍동 815,37.5477199492,127.2101226156,1537.0,,,,,,20081231,경기도 하남시청,031-5182-1579,20251218
신장근린공원,근린공원,경기도 하남시 하남대로 740,경기도 하남시 신장동 520-2,37.5378874277,127.2143487762,13912.0,,,,,,19910315,경기도 하남시청,031-5182-1579,20251218
미사근린공원,근린공원,경기도 하남시 미사대로 505,경기도 하남시 신장동 281,37.5536314599,127.2132471118,772590.0,,,,,,20080821,경륜경정사업본부,031-5182-1579,20251218
함줄,근린공원,,경기도 시흥시 정왕동 1777,37.3685529035,126.7378379015,73252.0,,,,,,,경기도 시흥시청,031-310-3869,20251219
풍산지구근린1호,근린공원,경기도 하남시 덕풍북로 100,경기도 하남시 덕풍동 730,37.5543502806,127.2014245441,22245.0,,,,,,20081231,경기도 하남시청,031-5182-1579,20251218
풍산지구근린3호,근린공원,경기도 하남시 덕풍북로 180,경기도 하남시 덕풍동 739,37.5533672993,127.2084364811,101301.0,,,,,,20081231,경기도 하남시청,031-5182-1579,20251218
풍산지구근린4호,근린공원,경기도 하남시 덕풍남로 11,경기도 하남시 덕풍동 823,37.5465773536,127.2073308804,17607.0,,,,,,20081231,경기도 하남시청,031-5182-1579,20251218
덕풍소공원(소공원209),소공원,경기도 하남시 신장로228번길 5,경기도 하남시 덕풍동 산34-3,37.5453923715,127.1984943555,2695.0,,,,,,,경기도 하남시청,031-5182-1579,20251218
국제자매도시공원,근린공원,경기도 하남시 하남유니온로 100,경기도 하남시 신장동 608,37.5444929807,127.2213081203,10052.0,,,,,,,경기도 하남시청,031-5182-1579,20251218
호동,어린이공원,,경기도 안산시 상록구 일동 594번지,37.3147446437,126.8658257142,1036.1,,,,,,19850917,경기도 안산시 상록구청,031-481-5412,20260406
수리실,어린이공원,,경기도 안산시 상록구 일동 111-4번지,37.3149947279,126.8703193367,1579.0,,,,,,19850917,경기도 안산시 상록구청,031-481-5412,20260406
진위역소공원,소공원,,경기도 평택시 진위면 하북리 140-11,37.1106496563,127.0626988732,1900.0,,,,,,20091230,경기도 평택시청,031-8024-4248,20260313
태현공원,근린공원,,경기도 성남시 분당구 분당동 88,37.3695309381,127.1435766169,16319.5,다목적운동장,놀이터,음수대+변소,,,19900622,경기도 성남시 공원과,031-729-4382,20251111
판교제11호(삼평)공원,어린이공원,,경기도 성남시 분당구 삼평동 731,37.3995034508,127.1150103901,9011.0,야외운동기구,어린이놀이터,벤치,,바닥분수,20041230,경기도 성남시 분당구 녹지공원과,031-729-8093,20251111
판교제12호(숲안)공원,어린이공원,,경기도 성남시 분당구 백현동 548,37.3889937005,127.1159436274,4275.3,야외운동기구,어린이놀이터,벤치+음수전,,,20041230,경기도 성남시 분당구 녹지공원과,031-729-8093,20251111
판교제13호(물방울)공원,어린이공원,,경기도 성남시 분당구 백현동 606,37.3867505128,127.1158959745,3911.6,야외운동기구,어린이놀이터,벤치,,,20041230,경기도 성남시 분당구 녹지공원과,031-729-8093,20251111
판교제14호(정자목)공원,어린이공원,,경기도 성남시 분당구 백현동 571,37.3849166218,127.1105200613,2565.6,야외운동기구,어린이놀이터,벤치+음수전,,,20041230,경기도 성남시 분당구 녹지공원과,031-729-8093,20251111
판교제15호(보물섬)공원,어린이공원,,경기도 성남시 분당구 백현동 584,37.3839088178,127.11305335,4161.6,야외운동기구,어린이놀이터,벤치+음수전,,,20050518,경기도 성남시 분당구 녹지공원과,031-729-8093,20251111
판교제17호(붓들)공원,어린이공원,,경기도 성남시 분당구 삼평동 729,37.3994997337,127.1182889036,10553.6,야외운동기구,어린이놀이터,벤치,,바닥분수,20050518,경기도 성남시 분당구 녹지공원과,031-729-8093,20251111
넘말공원,어린이공원,,경기도 성남시 분당구 구미동 239,37.3404704121,127.1247864027,1577.1,야외운동기구,어린이놀이터,벤치+파고라+음수전,,,19920110,경기도 성남시 분당구 녹지공원과,031-729-7463,20251111
큰골공원,어린이공원,,경기도 성남시 분당구 구미동 252,37.3402046775,127.12608249,1790.1,야외운동기구,어린이놀이터,벤치+파고라+음수전,,,19920110,경기도 성남시 분당구 녹지공원과,031-729-7463,20251111
판교제1호(바람길)공원,어린이공원,,경기도 성남시 분당구 운중동 889,37.3921173359,127.0666820055,5398.2,,어린이놀이터,벤치,,,20041230,경기도 성남시 분당구 녹지공원과,031-729-8093,20251111
판교제3호(눈꽃)공원,어린이공원,,경기도 성남시 분당구 운중동 1012,37.3915584627,127.0836694932,8445.5,야외운동기구,어린이놀이터,벤치+음수전,,,20041230,경기도 성남시 분당구 녹지공원과,031-729-8093,20251111
판교제4호(도담)공원,어린이공원,,경기도 성남시 분당구 운중동 1044,37.3886962637,127.0821303495,1905.5,야외운동기구,어린이놀이터,벤치+음수전,,,20041230,경기도 성남시 분당구 녹지공원과,031-729-8093,20251111
판교제5호(너울)공원,어린이공원,,경기도 성남시 분당구 판교동 597,37.3898826299,127.091470807,1768.9,야외운동기구,어린이놀이터,벤치,,,20041230,경기도 성남시 분당구 녹지공원과,031-729-8093,20251111
판교제6호(너른들)공원,어린이공원,,경기도 성남시 분당구 판교동 573,37.3901680297,127.0991737119,5234.8,야외운동기구,어린이놀이터,벤치,,바닥분수,20041230,경기도 성남시 분당구 녹지공원과,031-729-8093,20251111
판교제8호(봄볕)공원,어린이공원,,경기도 성남시 분당구 판교동 532,37.3983380041,127.0973357331,3610.8,야외운동기구,어린이놀이터,벤치,,,20041230,경기도 성남시 분당구 녹지공원과,031-729-8093,20251111
소공원공원,어린이공원,,경기도 성남시 분당구 서현동 324,37.3795166074,127.1368510279,1219.7,,어린이놀이터,벤치+파고라+화장실,,,19900622,경기도 성남시 분당구 녹지공원과,031-729-7463,20251111
분당공원,어린이공원,,경기도 성남시 분당구 서현동 94-1,37.3790867232,127.1312037219,9428.5,야외운동기구+다목적운동장,어린이놀이터,벤치+파고라+화장실,,,19900622,경기도 성남시 분당구 녹지공원과,031-729-7463,20251111
효자공원,어린이공원,,경기도 성남시 분당구 서현동 294,37.3761133737,127.1350501917,2808.5,야외운동기구,어린이놀이터,벤치+파고라,,,19900622,경기도 성남시 분당구 녹지공원과,031-729-7463,20251111
도촌 제3호(이왕이)공원,근린공원,,경기도 성남시 중원구 도촌동 648,37.4123124821,127.1626829546,11386.5,배드민턴장+체력단련장+다목적구장,어린이놀이터,벤치,,바닥분수,20090630,경기도 성남시 공원과,031-729-4272,20251111
둔촌공원,어린이공원,,경기도 성남시 중원구 하대원동 249-1,37.4275693752,127.1516245562,1937.0,,어린이놀이터,벤치+파고라,,,20031117,경기도 성남시 중원구 도시미관과,031-729-6452,20251111
초록공원,어린이공원,,경기도 의왕시 청계동 967,37.3932844221,127.0001092372,1512.8,,조합놀이대+시소,,,,20031112,경기도 의왕시청,031-345-3535,20251128
두터비공원,어린이공원,경기도 의왕시 포일세거리로 115,경기도 의왕시 포일동 644-2,37.4053926964,126.9867787429,7073.2,다목적운동장+야외운동기구+배드민턴장,조합놀이대+흔들놀이기구,,,음수대,20060112,경기도 의왕시청,031-345-3535,20251128
보식골로어린이공원,어린이공원,,경기도 의왕시 오전동 231-1,37.3588431444,126.9698174447,1683.0,,,,,,20171011,경기도 의왕시청,031-345-3534,20251128
복지공원,소공원,경기도 의왕시 복지로 95,경기도 의왕시 내손동 710-15,37.386871537,126.98105351,1401.5,야외운동기구,,,,,20041224,경기도 의왕시청,031-345-3534,20251128
양산근린5,근린공원,경기도 김포시 양촌읍 황금로48번길 87,경기도 김포시 양촌읍 학운리 3152,37.621932534,126.6297836558,42308.0,체력단련시설,조합놀이대,주차장+화장실,,,20070611,경기도 김포시 공원관리과,031-5186-4641,20251124
무등치어린이공원,어린이공원,,경기도 용인시 수지구 죽전동 1192,37.3312225809,127.1261543882,1526.0,,,,,,20010209,,,20250801
성태산,어린이공원,,경기도 안산시 상록구 일동 102-5번지,37.3153376833,126.8726050904,630.5,,,,,,19850917,경기도 안산시 상록구청,031-481-5412,20260406
도마치어린이공원,어린이공원,,경기도 용인시 수지구 신봉동 984,37.327087163,127.0651090978,1753.0,,,,,,20060629,,,20250801
솔밭,어린이공원,,경기도 수원시 권선구 권선동 1239,37.2536947639,127.0383762535,1843.2,,조합놀이대1,화장실1,,,,경기도 수원시 권선구 녹지공원과,031-5191-6195,20260115
홍천어린이공원,어린이공원,,경기도 용인시 수지구 신봉동 900,37.3256320633,127.076325287,1684.0,,,,,,20030623,,,20250801
효자어린이공원,어린이공원,,경기도 용인시 수지구 성복동 774,37.3148116408,127.0711686862,3853.5,,,,,,20071206,,,20250801
제104호 어린이공원(성서어린이공원),어린이공원,,경기도 용인시 수지구 성복동 283-1 일원,37.315835454,127.069138476,3782.0,,,,,,20071206,,,20250801
꿈마중 어린이공원(풍덕천3지구),어린이공원,경기도 용인시 수지구 풍덕천로171번길 9-1,경기도 용인시 수지구 풍덕천동 1237,37.3274253778,127.099281183,5728.3,,,,,,20160510,,,20250801
보라4어린이공원(자작너울),어린이공원,,경기도 용인시 기흥구 공세동 678 일원,37.2440089352,127.1099770293,3886.0,,,,,,20030107,,,20250801
솔거어린이공원,어린이공원,경기도 군포시 산본천로 43-68,경기도 군포시 산본동 1146-20,37.3606972602,126.9248959854,1502.7,,,,,,19940915,경기도 군포시청,031-390-0478,20250912
도랫말어린이공원,어린이공원,,경기도 군포시 당동 791,37.3497812479,126.9411695611,1597.2,,,,,,19971211,경기도 군포시청,031-390-0478,20250912
늘품어린이공원,어린이공원,,경기도 의정부시 민락동 832,37.746721108,127.0959954993,1774.2,배드민턴장,조합놀이대+ 그네 등,,,공원등+ CCTV 등,,경기도 의정부시청,031-828-4054,20250620
솔향어린이공원,어린이공원,,경기도 의정부시 민락동 872,37.7459242817,127.1080974314,1736.2,게이트볼장,조합놀이대+ 그네 등,,,공원등+ CCTV 등,,경기도 의정부시청,031-828-4054,20250620
덕계 근린공원,근린공원,경기도 양주시 평화로1435번길 56,경기도 양주시 덕계동 467,37.8214664507,127.0453243328,26723.0,게이트볼장,발물놀이시설,파고라+화장실+등벤치,,,20100805,경기도 양주시청 공원사업과,031-8082-7311,20250912
달공원,어린이공원,,경기도 시흥시 정왕동 1504-2,37.3453823114,126.7548827664,1987.0,,조합놀이대,,,,19940422,경기도 시흥시청,031-310-3864,20251219
꿈동산공원,어린이공원,경기도 시흥시 군서로18번길 16-1,경기도 시흥시 정왕동 1569-10,37.3456614033,126.7508159077,1929.0,,조합놀이대+시소,,,,19940422,경기도 시흥시청,031-310-3864,20251219
함송공원,어린이공원,,경기도 시흥시 정왕동 1877-6,37.3634129896,126.7342507981,1694.0,,조합놀이대+시소,,,,19940422,경기도 시흥시청,031-310-3865,20251219
웃터골공원,근린공원,경기도 시흥시 대은로104번길 15,경기도 시흥시 은행동 600,37.4443490084,126.8003996271,10120.0,체육시설,,,,,19950518,경기도 시흥시청,031-310-3892,20251219
성마루공원,어린이공원,,경기도 시흥시 하중동 880-2,37.3909603271,126.805459834,3200.0,체육시설,조합놀이대,,,,19960708,경기도 시흥시청,031-310-3872,20251219
새재공원,어린이공원,경기도 시흥시 시청로72번길 25-6,경기도 시흥시 장현동 529-1,37.3826741912,126.8013118972,1660.0,,조합놀이대,,,,19960708,경기도 시흥시청,031-310-3872,20251219
새싹공원,어린이공원,,경기도 시흥시 장곡동 796,37.3811630282,126.7825326828,3240.0,체육시설+농구장,,,,,19960708,경기도 시흥시청,031-310-3872,20251219
미관광장 5호,기타,,경기도 화성시 동탄구 능동 1153-13,,,272.3,,,,,,,경기도 화성시 공원녹지사업소 동부공원관리과,031-5189-6961,20260201
운암제3어린이 공원,어린이공원,,경기도 오산시 부산동 779-2,37.1536451286,127.0777054253,5200.0,야외헬스기구,조합놀이대 등,,,파고라,19951109,오산시 환경사업소 도시공원녹지과,031-8036-6475,20251222
궐동제7어린이공원,어린이공원,,경기도 오산시 궐동 706,37.1554060026,127.0547161124,3584.0,,조합놀이대 등,,,,19971028,오산시 환경사업소 도시공원녹지과,031-8036-6475,20251222
궐동제4어린이공원,어린이공원,,경기도 오산시 궐동 660,37.1591364976,127.0568676725,2859.0,,조합놀이대 등,,,,19980306,오산시 환경사업소 도시공원녹지과,031-8036-6475,20251222
삼미공원,어린이공원,경기도 시흥시 삼미시장2길 40,경기도 시흥시 신천동 736,37.439916117,126.7841402301,1646.0,,조합놀이대+그네,,,,19880609,경기도 시흥시청,031-310-2694,20251219
현진공원,어린이공원,,경기도 시흥시 신천동 775,37.4384445291,126.7876242405,1574.0,,조합놀이대+시소+그네,,,,19880609,경기도 시흥시청,031-310-2694,20251219
맹산공원,근린공원,,경기도 성남시 분당구 분당동 64-1,37.3694246347,127.1328825809,103828.1,다목적운동장+체력단련장,,화장실,,,19900622,경기도 성남시 공원과,031-729-4382,20251111
당골공원,근린공원,경기도 성남시 분당구 분당로 202,경기도 성남시 분당구 분당동 37,37.3717745469,127.1300478019,31128.8,다목적운동장,,음수대+변소,,,19900622,경기도 성남시 공원과,031-729-4382,20251111
중앙공원,근린공원,경기도 성남시 분당구 성남대로 550,"경기도 성남시 분당구 수내동 65, 66",37.3803005535,127.1211729072,420982.1,배드민턴장+게이트볼장+체력단련장,,화장실+전망대,야외공연장+지방문화재보호구역,동물놀이터,19900622,경기도 성남시 공원과,031-729-4382,20251111
황새울공원,체육공원,경기도 성남시 분당구 황새울로 287,"경기도 성남시 분당구 수내동 42, 43",37.3832563443,127.1181420438,37957.0,다목적체육관+풋살장,,화장실+주차장,,,19900622,경기도 성남시 공원과,031-729-4382,20251111
체육관근린공원,근린공원,경기도 구리시 체육관로113번길 8,경기도 구리시 교문동 산61-1,37.5948007943,127.1363888308,26094.0,멀티스포츠센터,,,,,19761218,경기도 구리시청,031-550-8775,20231124
장자호수공원,근린공원,경기도 구리시 장자호수길 105,경기도 구리시 수택동 878,37.5860575663,127.1410732136,45180.0,야외헬스기구,,무대,,,19950328,경기도 구리시청,031-550-2472,20231124
검배공원,근린공원,,경기도 구리시 수택동 산2-27,37.598520259,127.1481822299,39861.0,야외헬스기구,조합놀이대,무대+화장실,,,19761218,경기도 구리시청,031-550-2418,20231124
귀래생태공원,수변공원,,경기도 화성시 효행구 정남면 귀래리 100-1,37.1371443663,127.001705534,54000.0,,,,,,,,031-5189-6655,20260201
관항리 쌈지공원,기타,경기도 화성시 효행구 정남면 만은동2길 22-5,경기도 화성시 효행구 정남면 관항리 144,37.1787988546,126.9758562789,640.0,,,,,,,,031-5189-6655,20260201
1호 문화공원,문화공원,,경기도 화성시 효행구 정남면 음양리 932,37.1419244159,127.0312714922,2791.4,,,,,,,,031-5189-6655,20260201
3호 문화공원,문화공원,,경기도 화성시 효행구 정남면 음양리 873,37.1460536024,127.0268320588,2870.3,,,,,,,,031-5189-6655,20260201
4호 문화공원,문화공원,,경기도 화성시 효행구 정남면 음양리 905,37.1434547783,127.0246705346,504.3,,,,,,,,031-5189-6655,20260201
1호 공공공지,기타,,경기도 화성시 효행구 정남면 음양리 952,37.1418996601,127.0273801478,134.0,,,,,,,,031-5189-6655,20260201
2호 공공공지,기타,,경기도 화성시 효행구 정남면 음양리 963,37.1419084694,127.0269877987,137.0,,,,,,,,031-5189-6655,20260201
참말어린이공원,어린이공원,경기도 군포시 당산로 55,경기도 군포시 당동 741,37.3565656498,126.9449591241,1490.4,,,,,,19950519,경기도 군포시청,031-390-0478,20250912
4호 공공공지,기타,,경기도 화성시 효행구 정남면 음양리 979,37.1411720605,127.0245003492,125.0,,,,,,,,031-5189-6655,20260201
독재울공원,근린공원,경기도 화성시 동탄구 동탄원천로 315-17,경기도 화성시 동탄구 능동 1084,37.2138600619,127.0591170554,1514.9,배드민턴장,놀이터,,,,,경기도 화성시 공원녹지사업소 동부공원관리과,031-5189-6961,20260201
진위3일반산단2호 소공원(진위3일반산업단지),소공원,,경기도 평택시 진위면 마산리 산52,37.0830123531,127.0980182409,1500.0,,,,,,20151015,경기도 평택시청,031-8024-4248,20260313
견산1리 마을쉼터,기타,,경기도 평택시 진위면 견산리 409-1 410-1,37.1081476465,127.0737573338,264.0,어깨근육풀기+온몸역기내리기+온몸역기올리기+온몸허리돌리기+윗몸일으키기,고무칩포장+조합놀이대,램프,,집수정+트랜치,,경기도 평택시청,031-8024-4248,20260313
도촌동어 1(여울)공원,어린이공원,,경기도 성남시 중원구 도촌동 653,37.4156071779,127.1491058759,2592.5,야외운동기구,어린이놀이터,벤치+파고라,,,20030620,경기도 성남시 중원구 도시미관과,031-729-6452,20251111
도촌동어 2(산바람)공원,어린이공원,,경기도 성남시 중원구 도촌동 652,37.4131048588,127.1498338217,1540.9,X게임장,어린이놀이터,벤치+파고라+음수대,,,20030620,경기도 성남시 중원구 도시미관과,031-729-6452,20251111
도촌동어 3(솔바람)공원,어린이공원,,경기도 성남시 중원구 도촌동 655,37.4158516826,127.1535067222,1567.0,배드민턴장,어린이놀이터,벤치,,,20030620,경기도 성남시 중원구 도시미관과,031-729-6452,20251111
양지사거리체육공원,체육공원,경기도 광명시 서독로 337,경기도 광명시 일직동 345,37.4161523283,126.8773822045,13647.0,,,화장실,,,20170621,경기도 광명시청,02-2680-6462,20251209
햇무리,어린이공원,경기도 광명시 시청로 42,경기도 광명시 철산동 639-2,37.480083268,126.8650441708,4808.0,,,화장실,,,20120911,경기도 광명시청,02-2680-6298,20251209
도촌동어 4(금잉어)공원,어린이공원,,경기도 성남시 중원구 도촌동 658,37.4155387102,127.1569051565,1550.1,야외운동기구+농구장,어린이놀이터,벤치+파고라+분수대,,,20030620,경기도 성남시 중원구 도시미관과,031-729-6452,20251111
도촌동어 5(약수터)공원,어린이공원,,경기도 성남시 중원구 도촌동 664,37.4114937762,127.1667368191,1505.4,,어린이놀이터,벤치+파고라,,,20030620,경기도 성남시 중원구 도시미관과,031-729-6452,20251111
삼창아파트공원,어린이공원,,경기도 성남시 중원구 중앙동 548,37.4371418765,127.148531062,1525.0,,어린이놀이터,벤치+파고라,,,20060116,경기도 성남시 중원구 도시미관과,031-729-6452,20251111
여수지구3호(한아름)공원,어린이공원,,경기도 성남시 중원구 여수동 355,37.4178184995,127.1259359133,1725.0,야외운동기구,어린이놀이터,벤치+파고라,,,20070104,경기도 성남시 중원구 도시미관과,031-729-6452,20251111
여수지구4호(따르릉)공원,어린이공원,,경기도 성남시 중원구 여수동 538,37.4196973477,127.1315185015,1841.0,야외운동기구,어린이놀이터,벤치+파고라,,,20070104,경기도 성남시 중원구 도시미관과,031-729-6452,20251111
여수지구5호(사각사각)공원,어린이공원,,경기도 성남시 중원구 여수동 579,37.4184581725,127.1343451017,1512.0,야외운동기구,어린이놀이터,벤치,,,20070104,경기도 성남시 중원구 도시미관과,031-729-6452,20251111
은행정이 공원,어린이공원,,경기도 성남시 중원구 은행동 2467,37.4570836239,127.16897342,1671.3,야외운동기구,어린이놀이터,벤치+파고라,,,20070820,경기도 성남시 중원구 도시미관과,031-729-6452,20251111
종알종알 공원,어린이공원,,경기도 성남시 중원구 여수동 614,37.4169426793,127.1364575074,4501.3,야외운동기구+배드민턴장,어린이놀이터,벤치+파고라,,,20140917,경기도 성남시 중원구 도시미관과,031-729-6452,20251111
은행제1호공원,소공원,,경기도 성남시 중원구 은행동 2521,37.4543889957,127.1639435827,119.0,,,,,,20071029,경기도 성남시 중원구 도시미관과,031-729-6452,20251111
은행제3호공원,소공원,,경기도 성남시 중원구 은행동 2523,37.4539821482,127.1645549532,54.0,,,,,,20071029,경기도 성남시 중원구 도시미관과,031-729-6452,20251111
은행제5호공원,소공원,,경기도 성남시 중원구 은행동 2478,37.4566018128,127.1676067248,54.0,,,,,,20071029,경기도 성남시 중원구 도시미관과,031-729-6452,20251111
은행제7호공원,소공원,,경기도 성남시 중원구 은행동 2465,37.4567634012,127.1702323857,110.0,,,,,,20071029,경기도 성남시 중원구 도시미관과,031-729-6452,20251111
백일홍어린이공원,어린이공원,경기도 군포시 송부로273번길 7,경기도 군포시 부곡동 1112,37.3231693181,126.9410851669,2721.2,,,,,,20030620,경기도 군포시청,031-390-0478,20250912
꽃아름소공원(당정2지구),소공원,,경기도 군포시 당정동 1090,37.3587313692,126.9510157525,5314.6,,,,,,20111215,경기도 군포시청,031-390-0478,20250912
한강소공원3,소공원,,경기도 김포시 마산동 652-1,37.6350270199,126.643838665,1283.0,,,,,,20071029,경기도 김포시 공원관리과,031-5186-4641,20251124
한강소공원7,소공원,,경기도 김포시 장기동 2033-1,37.6406643147,126.6731814655,1194.0,,,,,,20071029,경기도 김포시 공원관리과,031-5186-4627,20251124
김포어린이44,어린이공원,,경기도 김포시 풍무동 932,37.6084421209,126.7254573371,2193.0,,,,,,20140827,경기도 김포시 공원관리과,031-5186-4617,20251124
신곡6지구(25호)신곡2공원,소공원,,경기도 김포시 고촌읍 신곡리 1295-85 일원,37.593663696,126.753777771,3357.0,,,,,,20160531,경기도 김포시 공원관리과,031-5186-4617,20251124
마송근린3,근린공원,,경기도 김포시 통진읍 마송리 551,37.6839135591,126.6053572815,20126.0,체력단련시설+농구장+배드민턴장+추구장,,주차장+화장실,,,20050105,경기도 김포시 공원관리과,031-5186-4641,20251124
양곡택지5,근린공원,,경기도 김포시 양촌읍 양곡리 1259,37.6560696503,126.6315733719,20439.0,,,주차장+화장실,,,20050105,경기도 김포시 공원관리과,031-5186-4641,20251124
고읍제4근린공원(나누리),근린공원,경기도 양주시 고읍남로 46,경기도 양주시 광사동 714,37.792888378,127.0774834134,22960.0,농구장+축구장,,화장실+평벤치+파고라,,,20041229,경기도 양주시청 공원사업과,031-8082-7311,20250912
옥정제3근린공원(새빛뜰),근린공원,경기도 양주시 회천로 150,경기도 양주시 옥정동 879-1,37.8267142037,127.0849607179,61131.0,베트민턴장+게이트볼장,,벤치+파고라,,,20080407,경기도 양주시청 공원사업과,031-8082-7318,20250912
아란공원,소공원,경기도 의왕시 경수대로 422,경기도 의왕시 오전동 897,37.3615791699,126.9626702365,1634.5,,,,,,20091110,경기도 의왕시청,031-345-3534,20251128
노을빛공원,수변공원,,경기도 의왕시 포일동 646-1,37.4006376447,126.9853819574,7074.7,,,,,분수,20060112,경기도 의왕시청,031-345-3535,20251128
현충탑공원,근린공원,경기도 의왕시 왕곡로 47-18,경기도 의왕시 왕곡동 591,37.3475664349,126.9799015567,14328.0,야외운동기구,,,,,19910307,경기도 의왕시청,031-345-3534,20251128
갈미중앙공원,근린공원,경기도 의왕시 갈미로 45,경기도 의왕시 내손동 781,37.3767899773,126.9739846463,8994.4,야외운동기구+게이트볼장,조합놀이대+시소+흔들놀이기구,화장실,,분수,19991006,경기도 의왕시청,031-345-3534,20251128
내곡공원,어린이공원,경기도 시흥시 군자로477번안길 10-4,경기도 시흥시 거모동 1722-5,37.3481608682,126.7832510254,1604.0,체육시설,조합놀이대+그네 등,,,,19901012,경기도 시흥시청,031-310-3871,20251219
태봉공원,어린이공원,경기도 시흥시 군자로534번안길 6-6,경기도 시흥시 거모동 1768-5,37.3421162724,126.7868308112,1600.0,체육시설,조합놀이대+시소 등,,,,19901012,경기도 시흥시청,031-310-3871,20251219
오이도공원,어린이공원,경기도 시흥시 오이도1길 30,경기도 시흥시 정왕동 2040-1,37.3418544025,126.6901391116,1852.0,,조합놀이대+그네,,,,19920811,경기도 시흥시청,031-310-3862,20251219
정왕3공원,어린이공원,,경기도 시흥시 정왕동 2299-4,37.3530465739,126.7402756815,1899.0,,,,,,19931230,경기도 시흥시청,031-310-3864,20251219
고인돌공원,역사공원,경기도 오산시 수목원로 449,경기도 오산시 금암동 520,37.1723572372,127.0489838313,94292.0,,,,야외무대,,20050103,오산시 환경사업소 도시공원녹지과,031-8036-6475,20251222
매봉재,어린이공원,경기도 고양시 일산동구 산두로261번길 23,경기도 고양시 일산동구 정발산동 1123,37.6752533722,126.7778142113,3063.0,체력단련시설,조합놀이대+그네+흔들놀이기구(흔들말),,,,19910629,경기도 고양시 푸른도시사업소,031-8075-4333,20251215
수정,어린이공원,경기도 고양시 일산동구 무궁화로148번길 33-2,경기도 고양시 일산동구 정발산동 1329,37.6682817164,126.7785620995,3512.0,체력단련시설+운동장(농구대),조합놀이대+그네+흔들놀이기구(흔들말)+기타(울림통),화장실,,,19910629,경기도 고양시 푸른도시사업소,031-8075-4333,20251215
중산체육공원,체육공원,경기도 고양시 일산동구 중산로 217,경기도 고양시 일산동구 중산동 1565,37.6914989219,126.7799024563,82113.7,"체력단련시설+축구장+,테니스장,+게이트볼장+파크골프장+실내배드민턴장+농구장",조합놀이대,주차장+화장실,,,19951231,경기도 고양시 푸른도시사업소,031-8075-4337,20251215
소나무(풍동),어린이공원,경기도 고양시 일산동구 숲속마을로 49-63,경기도 고양시 일산동구 풍동 1287,37.6643423099,126.7978751025,6601.3,체력단련시설+운동장,조합놀이대+그네+흔들놀이기구(흔들말+시소)+회전놀이기구,화장실,,,20001018,경기도 고양시 푸른도시사업소,031-8075-4337,20251215
평안공원,근린공원,경기도 시흥시 정왕대로298번길 36,경기도 시흥시 정왕동 1787-4,37.339466291,126.7419026149,10019.0,체육시설,,화장실,,,19940422,경기도 시흥시청,031-310-3864,20251219
맑음터 공원,문화공원,경기도 오산시 오산천로 72,경기도 오산시 오산동 750,37.14124244,127.0639526717,103366.0,"농구장, 배드민턴장, 인라인장, 족구장",조합놀이대 등,화장실,야외무대,전망대,20160314,오산시 환경사업소 도시공원녹지과,031-8036-6475,20251222
세교2지구 소공원2,소공원,,경기도 오산시 청학동 302,37.1535448492,127.0519039344,1326.0,,,,,,20160331,오산시 환경사업소 도시공원녹지과,031-8036-6475,20251222
어린이공원 156호,어린이공원,,경기도 오산시 서동 60,37.1529339901,127.0440752395,9594.0,,,,,,20200131,오산시 환경사업소 도시공원녹지과,031-8036-6475,20251222
소공원 159호,소공원,,경기도 오산시 지곶동 606-1,37.1723580878,127.0323970614,660.0,,,,,,20200717,오산시 환경사업소 도시공원녹지과,031-8036-6475,20251222
견산2리 마을쉼터,기타,,경기도 평택시 진위면 견산리 24-3,37.1071765141,127.0804516639,234.0,온몸근육풀기+온몸역기내리기+윗몸일으키기,고무매트포장+조합놀이대,,,수목보호대,,경기도 평택시청,031-8024-4248,20260313
견산3리 마을쉼터,기타,,경기도 평택시 진위면 견산리 372 396 373,37.1090223176,127.0716979182,1035.0,온몸근육풀기+온몸역기내리기+윗몸일으키기,고무매트포장+조합놀이대,,,반사경+배수로+집수정,,경기도 평택시청,031-8024-4248,20260313
견산5리 마을쉼터,기타,,경기도 평택시 진위면 견산리 439-2,37.107227239,127.0726819122,631.0,다리뻗치기+옆파도타기+온몸허리돌리기,고무칩포장+시소+조합놀이대,,,집수정,,경기도 평택시청,031-8024-4248,20260313
향남2지구 10호 어린이(미름달),어린이공원,,경기도 화성시 만세구 향남읍 상신리 1330-1,37.0990978497,126.8970853753,1919.0,,,,,,,,031-5189-6655,20260201
향남2지구 11호 어린이(해솟음달),어린이공원,,경기도 화성시 만세구 향남읍 상신리 1319,37.0989645655,126.9011578438,1502.0,,,,,,,,031-5189-6655,20260201
상신리 어린이공원,어린이공원,,경기도 화성시 만세구 향남읍 상신리 1229-6,37.0954666822,126.8843700683,367.0,,,,,,,,031-5189-6655,20260201
향남2지구 1호 소공원,소공원,,경기도 화성시 만세구 향남읍 상신리 1249-2,37.1108357507,126.9022512134,631.0,,,,,,,,031-5189-6655,20260201
향남2지구 1호광장,기타,,경기도 화성시 만세구 향남읍 하길리 1468,37.1154640545,126.9134864242,22576.0,,,,,,,,031-5189-6655,20260201
개나리공원,근린공원,경기도 화성시 동탄구 동탄반송3길 51,경기도 화성시 동탄구 반송동 12,37.2109678116,127.0667862831,2116.1,농구장+인라인,놀이터,화장실,,,,경기도 화성시 공원녹지사업소 동부공원관리과,031-5189-6961,20260201
하늘빛공원,근린공원,,경기도 화성시 동탄구 석우동 50,37.2099242233,127.0772207387,1565.9,인라인,놀이터,,,,,경기도 화성시 공원녹지사업소 동부공원관리과,031-5189-6961,20260201
안녕일공원,수변공원,,경기도 화성시 효행구 안녕동 225,37.2018073804,127.0083477403,6765.0,,,,,,,,031-5189-6655,20260201
동탄3호 어린이공원,어린이공원,,경기도 화성시 동탄구 반송동 153,37.1927067807,127.0665832061,7531.0,,놀이터,,,,,경기도 화성시 공원녹지사업소 동부공원관리과,031-5189-6961,20260201
동탄4호 어린이공원,어린이공원,,경기도 화성시 동탄구 반송동 175-2,37.188102243,127.0700424426,8179.0,,놀이터,,,,,경기도 화성시 공원녹지사업소 동부공원관리과,031-5189-6961,20260201
동탄6호 어린이공원,어린이공원,,경기도 화성시 동탄구 석우동 14-1,37.2244805547,127.0747964806,850.0,,놀이터,,,,,경기도 화성시 공원녹지사업소 동부공원관리과,031-5189-6961,20260201
능동지구 제3호어린이공원,어린이공원,,경기도 화성시 동탄구 능동 1282-1,,,40639.0,,놀이터,,,,,경기도 화성시 공원녹지사업소 동부공원관리과,031-5189-6961,20260201
능동지구 제4호어린이공원,어린이공원,,경기도 화성시 동탄구 능동 1283-3,,,384.0,,놀이터,,,,,경기도 화성시 공원녹지사업소 동부공원관리과,031-5189-6961,20260201
은행제9호공원,소공원,,경기도 성남시 중원구 은행동 2487,37.4567884438,127.1641684157,147.0,,,,,,20071029,경기도 성남시 중원구 도시미관과,031-729-6452,20251111
은행제11호공원,소공원,,경기도 성남시 중원구 은행동 2525,37.454010713,127.1650787853,1016.0,야외운동기구,,벤치+파고라,,,20071029,경기도 성남시 중원구 도시미관과,031-729-6452,20251111
은행제13호공원,소공원,,경기도 성남시 중원구 은행동 2509,37.4552142381,127.1672282422,1332.0,야외운동기구,,벤치,,,20071029,경기도 성남시 중원구 도시미관과,031-729-6452,20251111
은행제14호공원,소공원,,경기도 성남시 중원구 은행동 2473,37.4561363283,127.1706535842,949.0,,,벤치,,,20071029,경기도 성남시 중원구 도시미관과,031-729-6452,20251111
옛골 제2호 어린이공원,어린이공원,,경기도 성남시 수정구 상적동 335-8,37.4260856802,127.0690635528,1738.0,체력단련장,어린이놀이터,음수대+벤치+파고라,,,20050624,경기도 성남시 수정구 도시미관과,031-729-5452,20251111
단대지구1호(하늘빛)공원,소공원,,경기도 성남시 수정구 단대동 101-2,37.4519631532,127.1581894227,2025.0,,,벤치,,,20081017,경기도 성남시 수정구 도시미관과,031-729-5203,20251111
소공원2(산성2도시환경개선사업),소공원,,경기도 성남시 수정구 산성동 570-4,37.4555120178,127.1538014838,80.5,,,,,,20090727,경기도 성남시 수정구 도시미관과,031-729-5203,20251111
보호수쉼터소공원,소공원,,"경기도 성남시 수정구 심곡동 338-3, 338-8, 338-11",37.4496564155,127.1011251951,356.0,,,,,,20080623,경기도 성남시 수정구 도시미관과,031-729-5452,20251111
단대동소공원1,소공원,,경기도 성남시 수정구 단대동 168-6,37.4474093515,127.1563188977,369.6,,,,,,20150622,경기도 성남시 수정구 도시미관과,031-729-5203,20251111
새빛,근린공원,,경기도 광명시 일직동 293번지,37.4159843457,126.8882023326,66767.0,,,화장실,,,20230531,경기도 광명시청,02-2680-6462,20251209
반월호수공원,수변공원,경기도 군포시 호수로 92,경기도 군포시 둔대동 354-3,37.3245933247,126.8899558844,8783.0,,,,,,20090129,경기도 군포시청,031-390-0478,20250912
고랑치기공원,근린공원,경기도 군포시 군포첨단산업2로 13,경기도 군포시 부곡동 1246-1,37.3266423949,126.9416689568,10928.6,,,,,,20131227,경기도 군포시청,031-390-0474,20250912
송탄 근린공원,근린공원,,경기도 평택시 지산동 산 182-3,37.0786770591,127.0599643631,182249.0,게이트볼장+고무매트포장+넓적다리펴기운동+농구대+다리올리기+등부딪히기+등허리지압기+마라톤운동기+매달리기+배드민턴장+배드민턴지주대+벤치프레스+옆파도타기+오금펴기+온몸노젓기+온몸근육풀기+온몸노젓기+온몸역기내리기+온몸허리돌리기+윗몸일으키기+인라인스케이트장+자유철봉+지압보도+철봉+링+팔굽혀피기+평행봉+하늘걷기,고무매트포장+고무칩포장+구름사다리+그네+그네보호대+시소+조합놀이대+흔들놀이,급수전+음수대+자전거거치대+주차장+화장실,,무덤+배수로+옹벽+자연석쌓기+트랜치,19761218,경기도 평택시청,031-8024-4248,20260313
송방공원(동탄산단5호근린),근린공원,,경기도 화성시 동탄구 방교동 861,37.1680584554,127.0904670984,13826.0,농구장,,,,,,경기도 화성시 공원녹지사업소 동부공원관리과,031-5189-6961,20260201
동지공원(동탄산단6호근린),근린공원,,경기도 화성시 동탄구 방교동 802-1,37.1640557362,127.0822293098,16370.0,,,,,,,경기도 화성시 공원녹지사업소 동부공원관리과,031-5189-6961,20260201
방아다리공원(동탄산단1호근린),근린공원,,경기도 화성시 동탄구 방교동 876-2,37.1835467703,127.0897631879,40452.0,,,,,,,경기도 화성시 공원녹지사업소 동부공원관리과,031-5189-6961,20260201
치동천1호(4호),근린공원,,경기도 화성시 동탄구 영천동 660,37.2059426756,127.0974846268,3541.0,,,,,,,경기도 화성시 공원녹지사업소 동부공원관리과,031-5189-6961,20260201
치동천1호(4호),근린공원,,경기도 화성시 동탄구 영천동 816,37.2061221435,127.0900046714,46532.0,,물놀이장+놀이터,화장실,,,,경기도 화성시 공원녹지사업소 동부공원관리과,031-5189-6961,20260201
치동천2호(5호),근린공원,,경기도 화성시 동탄구 영천동 664-1,37.2063789613,127.0997664771,45136.0,,,,,,,경기도 화성시 공원녹지사업소 동부공원관리과,031-5189-6961,20260201
솔향기(9호),근린공원,,경기도 화성시 동탄구 청계동 557,37.1982298206,127.1209740949,40436.0,,,,,,,경기도 화성시 공원녹지사업소 동부공원관리과,031-5189-6961,20260201
가막들공원,근린공원,경기도 의왕시 양지편로 41-2,경기도 의왕시 청계동 974,37.3916310462,126.9956955849,18360.8,다목적운동장+야외운동기구,조합놀이대+흔들놀이기구,화장실,,,20031112,경기도 의왕시청,031-345-3535,20251128
포일근린공원,근린공원,경기도 의왕시 안양판교로 78,경기도 의왕시 포일동 687,37.3959246699,126.9818158303,9553.6,,,,,,20160517,경기도 의왕시청,031-345-3535,20251128
장지2호공원,근린공원,,경기도 화성시 동탄구 장지동 1088,37.1609024943,127.1148596898,23950.0,,,,,,,경기도 화성시 공원녹지사업소 동부공원관리과,031-5189-6961,20260201
장기근린4,근린공원,경기도 김포시 초당로 40,경기도 김포시 장기동 1539,37.6422316504,126.6738542598,25280.0,,,화장실+주차장,,,20050530,경기도 김포시 공원관리과,031-5186-4627,20251124
양산근린4,근린공원,경기도 김포시 양촌읍 황금로23번길 245,경기도 김포시 양촌읍 학운리 3085,37.6116081132,126.6231172899,11694.0,체력단련시설+농구장+배드민턴장+축구장,,주차장+화장실,,,20060703,경기도 김포시 공원관리과,031-5186-4641,20251124
새꽃공원,어린이공원,,경기도 파주시 금촌동 941-16,37.7585065756,126.7697335122,1500.0,,조합놀이대,,,,,경기도 파주시청,031-940-8406,20250618
동화리 어린이놀이터(동화리 쌈지공원),기타,,경기도 화성시 효행구 봉담읍 동화리 562-15,37.2215435133,126.9550399501,127.0,,,,,,,,031-5189-6655,20260201
동화리 공공공지 1호,기타,,경기도 화성시 효행구 봉담읍 동화리 301-13,37.2234079005,126.958146983,228.0,,,,,,,,031-5189-6655,20260201
풍뎅이공원,어린이공원,경기도 파주시 탄현면 풍뎅이길 65,경기도 파주시 탄현면 법흥리 1734,37.7732007064,126.7012399874,1586.2,,조합놀이대+그네+흔들놀이,화장실,,,,경기도 파주시청,031-940-8406,20250618
덕은 어린이공원,어린이공원,,경기도 파주시 월롱면 덕은리 1286,37.8119812977,126.7739546319,2131.0,,,,,,,경기도 파주시청,031-940-8406,20250618
당정공원,근린공원,,경기도 군포시 당정동 761,37.3441070902,126.9474107886,25318.0,,,,,,20050214,경기도 군포시청,031-390-0474,20250912
소공원(25호),소공원,,경기도 안양시 동안구 호계동 1304,37.3776158675,126.9545844527,642.4,,,,,,20100901,경기도 안양시 공원관리과,031-8045-5022,20251126
밤동산어린이공원(34호),어린이공원,경기도 안양시 만안구 냉천로193번길 36,경기도 안양시 만안구 안양동 711-94,37.3964464883,126.9176861192,1698.0,,,,,,19540821,경기도 안양시 공원관리과,031-8045-5286,20251126
갈뫼어린이공원(5호),어린이공원,,경기도 안양시 만안구 석수동 295-1,37.4103663933,126.9073170879,5836.6,,,,,,19681108,경기도 안양시 공원관리과,031-8045-5286,20251126
동심어린이공원,어린이공원,경기도 의정부시 신촌로53번길 48,경기도 의정부시 가능동 635,37.7525873268,127.0405243522,2317.0,공중걷기,조합놀이대+ 그네+ 흔들놀이기구,,,공원등+ CCTV 등,,경기도 의정부시청,031-828-2414,20250620
하늘장미(일산2-5),어린이공원,경기도 고양시 일산동구 하늘마을로 102-2,경기도 고양시 일산동구 중산동 1702,37.6804780278,126.7847153581,1500.0,체력단련시설,조합놀이대+흔들놀이기구(흔들말+시소),화장실,,,20020105,경기도 고양시 푸른도시사업소,031-8075-4337,20251215
성아(일산2-2),근린공원,경기도 고양시 일산동구 하늘마을1로 56-2,경기도 고양시 일산동구 중산동 1798,37.6776310168,126.7893808274,13329.0,풋살구장+체력단련시설,,화장실,,,20020105,경기도 고양시 푸른도시사업소,031-8075-4337,20251215
청천,어린이공원,경기도 고양시 일산동구 백석로 169-3,경기도 고양시 일산동구 백석동 1137,37.65251458,126.7944608747,6299.0,체력단련시설+운동장(농구대),조합놀이대+그네+흔들놀이기구(흔들말+시소),화장실,,,19900331,경기도 고양시 푸른도시사업소,031-8075-4333,20251215
백석,근린공원,경기도 고양시 일산동구 일산로 136,경기도 고양시 일산동구 백석동 1233,37.648713029,126.7948029061,140863.6,축구장+족구장+실내배드민턴장,,주차장+화장실,,조형물,19900331,경기도 고양시 푸른도시사업소,031-8075-4333,20251215
월롱일반산업단지 근린공원,근린공원,경기도 파주시 문산읍 월롱산단길 34,경기도 파주시 문산읍 내포리 1641,37.8385358709,126.7809755942,22497.4,,조합놀이대,화장실,,,,경기도 파주시청,031-940-8406,20250618
신흥공원,어린이공원,경기도 시흥시 신흥마을1길 28,경기도 시흥시 신천동 821-5,37.4370057615,126.778380426,1601.0,,조합놀이대+시소+그네,,,,19811231,경기도 시흥시청,031-310-2694,20251219
복음자리공원,어린이공원,,경기도 시흥시 신천동 947,37.4355733779,126.7908655891,1597.0,,조합놀이대+흔들놀이기구,,,,19811231,경기도 시흥시청,031-310-2694,20251219
백제공원,문화공원,경기도 시흥시 시흥대로 1105-4,경기도 시흥시 신천동 84-5,37.434049101,126.7917580362,1616.0,,조합놀이대+시소+그네,,,,19811231,경기도 시흥시청,031-310-2694,20251219
양산제2소공원,소공원,,경기도 오산시 양산동 676,37.1928136678,127.0347316725,1953.0,,,,,,20070108,오산시 환경사업소 도시공원녹지과,031-8036-6475,20251222
갈곶제2소공원,소공원,,경기도 오산시 갈곶동 717,37.129540608,127.0717979003,132.0,,,,,,20070212,오산시 환경사업소 도시공원녹지과,031-8036-6475,20251222
유엔군초전기념공원,역사공원,경기도 오산시 경기대로 742,경기도 오산시 외삼미동 640,37.184607483,127.0490123935,14051.0,,,,,,20091126,오산시 환경사업소 도시공원녹지과,031-8036-6475,20251222
밤가시,어린이공원,경기도 고양시 일산동구 일산로380번길 20-2,경기도 고양시 일산동구 정발산동 1299,37.6694782634,126.7826325335,23274.0,체력단련시설+운동장(축구골대+농구대),조합놀이대+흔들놀이기구(흔들말+시소)+회전놀이기구+그네,화장실,,,19900331,경기도 고양시 푸른도시사업소,031-8075-4333,20251215
중산 2(중산안골),어린이공원,,경기도 고양시 일산동구 중산동 1556-1,37.6950361936,126.7793439187,1600.0,,조합놀이대+흔들놀이기구(흔들말+시소),,,,19910531,경기도 고양시 푸른도시사업소,031-8075-4337,20251215
중산 4(중산오름),어린이공원,경기도 고양시 일산동구 탄중로 337-2,경기도 고양시 일산동구 중산동 1575-1,37.6929314668,126.7827695996,1600.0,,조합놀이대+그네+흔들놀이기구(흔들말),화장실,,,19910531,경기도 고양시 푸른도시사업소,031-8075-4337,20251215
석우리천 공원,수변공원,,경기도 화성시 동탄구 석우동 45-5,37.2152625299,127.0845755604,474.0,,,,,,,경기도 화성시 공원녹지사업소 동부공원관리과,031-5189-6961,20260201
능동 쌈지공원,기타,,경기도 화성시 동탄구 능동 1221-1,,,247.0,,,,,,,경기도 화성시 공원녹지사업소 동부공원관리과,031-5189-6961,20260201
석우동 쌈지공원,기타,,경기도 화성시 동탄구 동탄구 석우동 65,37.2249124967,127.0738490041,1176.0,,,,,,,경기도 화성시 공원녹지사업소 동부공원관리과,031-5189-6961,20260201
인곡1 저류지 (저류지1호),기타,경기도 화성시 동탄구 여울로3길 17,경기도 화성시 동탄구 능동 1106,37.2145157974,127.0536920681,749.0,축구장+농구장+배드민턴,,화장실,,,,경기도 화성시 공원녹지사업소 동부공원관리과,031-5189-6961,20260201
향남2지구 1호 공공공지,기타,,경기도 화성시 만세구 향남읍 하길리 1529-1,37.1080136464,126.9086150323,369.0,,,,,,,,031-5189-6655,20260201
향남2지구 2호 공공공지,기타,,경기도 화성시 만세구 향남읍 하길리 1531,37.1072635465,126.9090035646,474.0,,,,,,,,031-5189-6655,20260201
향남2지구 5호 공공공지,기타,,경기도 화성시 만세구 향남읍 하길리 1537-8,37.1068161058,126.9072276593,373.0,,,,,,,,031-5189-6655,20260201
향남2지구 6호 공공공지,기타,,경기도 화성시 만세구 향남읍 하길리 1551,37.1059615026,126.9086209154,405.0,,,,,,,,031-5189-6655,20260201
향남2지구 2-1호 공공공지,기타,,경기도 화성시 만세구 향남읍 하길리 1444-2,37.1208754585,126.9146497583,3125.0,,,,,,,,031-5189-6655,20260201
향남2지구 주택단지 공공공지,기타,,경기도 화성시 만세구 향남읍 하길리 1455-7,37.1177607262,126.9162987579,90.0,,,,,,,,031-5189-6655,20260201
10호어린이공원,어린이공원,,경기도 안성시 공도읍 만정리 791-1,37.0027397611,127.1726994256,2691.0,,,,,,20030127,경기도 안성시청,031-678-6893,20250226
13호어린이공원,어린이공원,,경기도 안성시 공도읍 만정리 777-2,37.0078388961,127.1719557083,6300.0,,,,,,20030127,경기도 안성시청,031-678-6893,20250226
부곡공원,근린공원,경기도 군포시 군포첨단산업1로 25-1,경기도 군포시 부곡동 1087,37.325086508,126.9367028724,48912.0,,,,,,20030620,경기도 군포시청,031-390-0474,20250912
안성체육공원,체육공원,경기도 안성시 안성맞춤대로 772,경기도 안성시 중리동 440,36.9824874085,127.2669684904,12202.0,,,,,,20070528,경기도 안성시청,031-678-6893,20250226
퇴미2 공원(30호공원),근린공원,경기도 안성시 공도읍 공도로 116-84,경기도 안성시 공도읍 만정리 879,36.9990214909,127.1788508357,10540.0,,,,,,20071031,경기도 안성시청,031-678-6893,20250226
39호공원,어린이공원,,경기도 안성시 가사동 178,37.0118727557,127.2911362692,6715.0,,,,,,20050620,경기도 안성시청,031-678-6893,20250226
장원산단2 소공원,소공원,,경기도 안성시 죽산면 장원리 1387,37.0676898619,127.4292813002,740.0,,,,,,20080820,경기도 안성시청,031-678-6893,20250226
1호공원,소공원,,경기도 안성시 미양면 구수리 314,36.9734080723,127.264535364,2014.0,,,,,,20090730,경기도 안성시청,031-678-6893,20250226
4산단 근린공원1,근린공원,경기도 안성시 미양면 제4산단2로 36,경기도 안성시 미양면 양변리 473,36.9534353027,127.2499729994,16156.0,,,,,,20100604,경기도 안성시청,031-678-6893,20250226
원곡물류단지 근린공원,근린공원,경기도 안성시 원곡면 원곡물류단지1로 72,경기도 안성시 원곡면 칠곡리 921,37.0466635842,127.163041064,87247.0,,,,,,20100606,경기도 안성시청,031-678-6893,20250226
방초산단 소공원,소공원,,경기도 안성시 일죽면 방초리 1156,37.1409200813,127.4336769332,2894.0,,,,,,20101214,경기도 안성시청,031-678-6893,20250226
감배산(12호),근린공원,,경기도 화성시 동탄구 청계동 548,37.1956049985,127.1029053605,5659.0,,,,,,,경기도 화성시 공원녹지사업소 동부공원관리과,031-5189-6961,20260201
감배산(12호),근린공원,,경기도 화성시 동탄구 오산동 1022-1,37.1930038286,127.0973936917,39928.0,,,,,,,경기도 화성시 공원녹지사업소 동부공원관리과,031-5189-6961,20260201
물류단지내 근린공원,근린공원,,경기도 화성시 동탄구 신동 703-4,37.1685928418,127.1320811111,19903.0,,,,,,,경기도 화성시 공원녹지사업소 동부공원관리과,031-5189-6961,20260201
동탄호수공원(근린23호),근린공원,경기도 화성시 동탄구 동탄호수2길 75,경기도 화성시 동탄구 송동727,37.1684827464,127.1049766548,443355.0,축구장+농구장+인라인,물놀이장+놀이터,주차장+화장실,,,,경기도 화성시 공원녹지사업소 동부공원관리과,031-5189-6961,20260201
송방천공원,근린공원,,경기도 화성시 동탄구 송동 766,37.1723390298,127.0948554366,150276.0,,,,,,,경기도 화성시 공원녹지사업소 동부공원관리과,031-5189-6961,20260201
왕배산1호공원,근린공원,경기도 화성시 동탄구 동탄대로12길 102,경기도 화성시 동탄구 산척동 753,37.1792642219,127.1133583127,281959.0,게이트볼장,놀이터,,,,,경기도 화성시 공원녹지사업소 동부공원관리과,031-5189-6961,20260201
배마루공원,근린공원,,경기도 화성시 동탄구 송동 691-1,37.1728123879,127.1007947033,20441.0,배드민턴,,,,,,경기도 화성시 공원녹지사업소 동부공원관리과,031-5189-6961,20260201
산척공원,근린공원,,경기도 화성시 동탄구 산척동 762,37.1739362078,127.1123244778,14741.0,배드민턴,,,,,,경기도 화성시 공원녹지사업소 동부공원관리과,031-5189-6961,20260201
태봉산공원,근린공원,,경기도 화성시 동탄구 송동 682-4,37.1730553714,127.0976983713,16498.0,,,,,,,경기도 화성시 공원녹지사업소 동부공원관리과,031-5189-6961,20260201
산척에움길공원,근린공원,,경기도 화성시 동탄구 산척동 730-1,37.1672265778,127.1140909142,10694.0,,,,,,,경기도 화성시 공원녹지사업소 동부공원관리과,031-5189-6961,20260201
송동공원,근린공원,경기도 화성시 동탄구 동탄대로3길 17-14,경기도 화성시 동탄구 장지동 1068,37.1633209381,127.1005771444,62871.0,,,,,,,경기도 화성시 공원녹지사업소 동부공원관리과,031-5189-6961,20260201
단대동소공원2,소공원,,경기도 성남시 수정구 단대동 171-2,37.4476793379,127.1572086894,198.0,,,,,,20150622,경기도 성남시 수정구 도시미관과,031-729-5203,20251111
영장산,소공원,,경기도 성남시 수정구 신흥동 6950,37.4554938063,127.1492521809,5181.0,,,,,,20170821,경기도 성남시 수정구 도시미관과,031-729-5203,20251111
수청어린이공원,어린이공원,경기도 오산시 내삼미로 36-6,경기도 오산시 수청동 15-3,37.1658490723,127.0683504963,1537.0,,조합놀이대 등,,,,19880622,오산시 환경사업소 도시공원녹지과,031-8036-6475,20251222
꽃구지,어린이공원,,"경기도 부천시 원미구 약대동 215,215-1",37.5097835532,126.774666179,1700.0,,그네 등 3개,,,,20051226,경기도 부천시청,032-625-4843,20250731
솔빛공원,근린공원,경기도 화성시 동탄구 동탄중앙로 110,경기도 화성시 동탄구 반송동 138,37.1962458885,127.0711972981,2086.0,족구장+농구장+배드민턴,,화장실,,,,경기도 화성시 공원녹지사업소 동부공원관리과,031-5189-6961,20260201
장당택지 근린공원,근린공원,,경기도 평택시 이충동 615,37.0507794582,127.0576329652,10254.6,다리뻗치기+마라톤운동기+양팔줄당기기+온몸허리돌리기+윗몸일으키기+지압보도+하늘걷기,고무칩포장+그네+시소+조합놀이대,음수전+자전거거치대+화장실,관람대,비만탈출코끼리 조형물+수목보호대+집수정+측량기준점+트랜치+화장실 경계벽,20021025,경기도 평택시청,031-8024-4248,20260313
행신 7(소만),어린이공원,경기도 고양시 덕양구 화신로 42,경기도 고양시 덕양구 행신동 782,37.616528922,126.8404079744,1501.3,체력단련시설,조합놀이대,화장실,,,19901208,경기도 고양시 푸른도시사업소,031-8075-4321,20251215
백합어린이공원,어린이공원,,경기도 의정부시 가능동 650-7,37.7480401998,127.0415067859,2316.0,트윈트위스트+ 롤링웨이스트 등,조합놀이대+ 흔들놀이기구,음수대,,공원등+ CCTV 등,,경기도 의정부시청,031-828-2414,20250620
솔개어린이공원(91호),어린이공원,경기도 안양시 만안구 연현로 113,경기도 안양시 만안구 석수동 423-80,37.4343245627,126.9019635982,1564.5,,,,,,20060828,경기도 안양시 공원관리과,031-8045-5286,20251126
초롱어린이공원(102호),어린이공원,,경기도 안양시 동안구 관양동 1702,37.4090072355,126.9730821069,1675.8,,,,,,20070102,경기도 안양시 공원관리과,031-8045-5022,20251126
조일소공원(4호),소공원,경기도 안양시 동안구 엘에스로91번길 32-41,경기도 안양시 동안구 호계동 1027-18,37.3705229411,126.9477362488,1580.9,,,,,,20070917,경기도 안양시 공원관리과,031-8045-5022,20251126
신촌어린이공원(58호),어린이공원,경기도 안양시 동안구 동안로 25-1,경기도 안양시 동안구 신촌동 1055-2,37.3811015791,126.9547522321,4448.6,,,,,,19891230,경기도 안양시 공원관리과,031-8045-5021,20251126
무궁화어린이공원(60호),어린이공원,경기도 안양시 동안구 평촌대로117번길 26-17,경기도 안양시 동안구 신촌동 1061,37.3829026433,126.9583086442,2756.9,,,,,,19891230,경기도 안양시 공원관리과,031-8045-5021,20251126
꿈마을어린이공원(63호),어린이공원,경기도 안양시 동안구 관평로 82,경기도 안양시 동안구 귀인동 932-3,37.3854743829,126.9668639026,4505.4,,,,,,19891230,경기도 안양시 공원관리과,031-8045-5021,20251126
흥안어린이공원(66호),어린이공원,,경기도 안양시 동안구 갈산동 1113-1,37.3805404637,126.9681247024,3223.2,,,,,,19891230,경기도 안양시 공원관리과,031-8045-5021,20251126
평화공원(10호),근린공원,경기도 안양시 동안구 시민대로159번길 11,경기도 안양시 동안구 비산동 1104-2,37.3903025186,126.9484723352,10019.2,,,,,,19891230,경기도 안양시 공원관리과,031-8045-5015,20251126
명학어린이공원(70호),어린이공원,,경기도 안양시 만안구 안양동 1280-3,37.3776394056,126.9384029973,1500.7,,,,,,19900910,경기도 안양시 공원관리과,031-8045-5286,20251126
동백꽃담 근린공원(동백지구 지구단위),근린공원,,경기도 용인시 기흥구 동백동 693,37.2836935347,127.1488021945,18219.0,,,,,,20161230,,,20250801
개정산단,근린공원,,경기도 안성시 미양면 개정리 769,36.9577200564,127.1986198316,7303.0,,,,,,20090922,경기도 안성시청,031-678-6893,20250226
자유공원(13호),근린공원,,경기도 안양시 동안구 호계동 1112,37.3799811839,126.9640224898,192491.4,,,,,,19730712,경기도 안양시 공원관리과,031-8045-5015,20251126
운곡공원(8호),근린공원,경기도 안양시 동안구 평촌대로367번길 29,경기도 안양시 동안구 비산동 249-6,37.4028386901,126.9480641012,30148.0,,,,,,19760327,경기도 안양시 공원관리과,031-8045-5015,20251126
해동어린이공원(15호),어린이공원,경기도 안양시 동안구 관악대로287번길 104-22,경기도 안양시 동안구 관양동 1393-4,37.4074189843,126.956132182,1700.0,,,,,,19791129,경기도 안양시 공원관리과,031-8045-5022,20251126
삼막소공원(30호),소공원,,경기도 안양시 만안구 석수동 680-8번지,37.4237848951,126.9130551407,495.0,,,,,,20111208,경기도 안양시 공원관리과,031-8045-5286,20251126
안산,문화공원,경기도 고양시 일산동구 백석로 57-2,경기도 고양시 일산동구 백석동 1195,37.6461375993,126.7847160866,8437.4,체력단련시설,,화장실,,,19910629,경기도 고양시 푸른도시사업소,031-8075-4333,20251215
원동어린이공원,어린이공원,경기도 오산시 오산로226번길 25,경기도 오산시 원동 760-5,37.1471188696,127.071148256,3305.0,게이트볼장,조합놀이대 등,,,,19821230,오산시 환경사업소 도시공원녹지과,031-8036-6475,20251222
옥정제5어린이공원(참수물),어린이공원,,경기도 양주시 옥정동 914-4,37.8215271432,127.0859022602,2491.0,허리돌리기+역기내리기+공중걷기+등허리지압기,조합놀이대+그네+시소+흔들놀이,정자+벤치+파고라,,,,경기도 양주시청 공원사업과,031-8082-7318,20250912
행운,어린이공원,,경기도 부천시 원미구 상동323-12,37.4876767077,126.7616808456,3293.0,,그네 등 7개,,,,19801007,경기도 부천시청,032-625-4843,20250731
흥천,어린이공원,경기도 부천시 원미구 부천로54번길 23,경기도 부천시 원미구 심곡동 159,37.489187631,126.7847222625,3166.6,,흔들놀이기구 등 5개,화장실,,,19630523,경기도 부천시청,032-625-4843,20250731
강남,어린이공원,경기도 부천시 원미구 옥산로172번길 14,경기도 부천시 원미구 도당동 271-5,37.5088546395,126.7816833576,3103.8,,조합놀이대 등 12종,화장실,,,20190520,경기도 부천시청,032-625-4843,20250731
삼송소공원3,소공원,,경기도 고양시 덕양구 원흥동 622-3,37.6487173269,126.8694267468,2346.6,,,,,,20101208,경기도 고양시 푸른도시사업소,031-8075-4328,20251215
수변공원(고양2일단),수변공원,,경기도 고양시 덕양구 고양동 1-5,37.7075371553,126.9033782505,2516.0,체력단련시설,,,,,20130226,경기도 고양시 푸른도시사업소,031-8075-4316,20251215
소공원338,소공원,,경기도 고양시 덕양구 고양동 527,37.7071880446,126.9043980951,800.0,,,,,,20150721,경기도 고양시 푸른도시사업소,031-8075-4316,20251215
덕은5,소공원,,경기도 고양시 덕양구 덕은동 611-2,37.5831411816,126.8642046374,396.0,,,,,,20151231,경기도 고양시 푸른도시사업소,031-8075-4328,20251215
덕은1,근린공원,경기도 고양시 덕양구 으뜸로 73-1,경기도 고양시 덕양구 덕은동 0,37.5796126572,126.8638487968,26619.8,체력단련시설,조합놀이대,화장실,,수경시설,20151231,경기도 고양시 푸른도시사업소,031-8075-4328,20251215
화전공원(드론센터),소공원,,경기도 고양시 덕양구 화전동 550-17,37.6045683098,126.8672671031,960.0,체력단련시설,,,,,20200428,경기도 고양시 푸른도시사업소,031-8075-4328,20251215
여수공원,근린공원,경기도 성남시 중원구 돌마로 1028,경기도 성남시 중원구 여수동 414-2,37.42229545,127.1383661015,38841.0,유소년축구장,,화장실+탈의실,,,19721103,경기도 성남시 공원과,031-729-4272,20251111
사기막골공원,근린공원,경기도 성남시 중원구 사기막골로 209-1,경기도 성남시 중원구 상대원동 28,37.4457852698,127.1822983874,21620.0,체력단련장,어린이놀이터+물놀이장,주차장,전통문화체험관,,20060313,경기도 성남시 공원과,031-729-4272,20251111
여수지구4호(여수울)공원,근린공원,경기도 성남시 중원구 성남대로 1048번길 39,경기도 성남시 중원구 여수동 산10,37.4212853383,127.1323359186,82540.9,체력단련장+배드민턴장,,화장실+주차장,,,20070104,경기도 성남시 공원과,031-729-4272,20251111
꿈누리어린이공원,어린이공원,,경기도 파주시 다율동 1038-1,37.7369817438,126.7290456526,3108.8,,,,,,,경기도 파주시청,031-940-8406,20250618
법원어린이공원,어린이공원,,경기도 파주시 법원읍 가야리 378-1,37.8489863728,126.866842698,1579.0,,조합놀이대+회전놀이기구+흔들놀이,,,,,경기도 파주시청,031-940-8406,20250618
봉일천어린이공원,어린이공원,,경기도 파주시 조리읍 봉일천리 306,37.7444654301,126.8136928223,4586.9,,조합놀이대+흔들놀이,,,,,경기도 파주시청,031-940-8406,20250618
조리어린이공원,어린이공원,,경기도 파주시 조리읍 봉일천리 272,37.7466309155,126.8092456251,1757.2,,조합놀이대+흔들놀이,,,,,경기도 파주시청,031-940-8406,20250618
도라산평화공원,역사공원,,경기도 파주시 장단면 노상리 517,37.8984587944,126.7141412946,99545.0,,,,,,,경기도 파주시청,031-940-8406,20250618
북두레공원,역사공원,,경기도 파주시 목동동 639,37.7310651322,126.7484536679,48257.4,,,,,,,경기도 파주시청,031-940-8406,20250618
품못골저수지 쉼터,기타,,경기도 화성시 효행구 배양동 69-6,37.2202879758,126.9904353883,2400.0,,,,,,,,031-5189-6655,20260201
동문아파트 소공원,기타,,경기도 화성시 효행구 안녕동 71-780,37.2015082844,127.022344442,2067.0,,,,,,,,031-5189-6655,20260201
안녕동 쌈지공원(1),기타,,경기도 화성시 효행구 안녕동 190-102,37.2008633951,127.0244520568,996.0,,,,,,,,031-5189-6655,20260201
안녕동 쌈지공원(3),기타,,경기도 화성시 효행구 안녕동 119-4,37.1934520392,127.0047227659,403.0,,,,,,,,031-5189-6655,20260201
남산공단 공영주차장 위 공원,기타,,경기도 화성시 효행구 안녕동 178-178,37.1955938029,126.98951674,2000.0,,,,,,,,031-5189-6655,20260201
광도 쌈지공원,기타,,경기도 화성시 효행구 기안동 332-1,37.2274719013,126.9725119587,30.0,,,,,,,,031-5189-6655,20260201
너른공원(동탄산단2호근린),근린공원,,경기도 화성시 동탄구 방교동 762,37.1829453513,127.0901107215,17496.0,풋살구장+게이트볼장,놀이터,주차장+화장실,,,,경기도 화성시 공원녹지사업소 동부공원관리과,031-5189-6961,20260201
양지공원,체육공원,,경기도 성남시 수정구 양지동 972,37.4636057716,127.1636457967,348806.5,테니스장+실내체육관,과학놀이터+놀이마당,주차장+화장실+음수대,야생초화원+자연학습장,,19721103,경기도 성남시 공원과,031-729-4272,20251111
영장공원,근린공원,,경기도 성남시 수정구 태평동 산50-5,37.452311021,127.1349109485,394759.3,게이트볼장+배드민턴장+족구장,어린이놀이터,화장실+주차장,,,19721103,경기도 성남시 공원과,031-729-4272,20251111
희망대공원,근린공원,경기도 성남시 수정구 희망로509번길 20,경기도 성남시 수정구 신흥동 2345,37.4493090503,127.1501750175,162853.2,농구장+배드민턴장,어린이놀이터+물놀이장,주차장+전망대+화장실,청소년회관+도서관,,19721103,경기도 성남시 공원과,031-729-4272,20251111
낙원소공원(48호),소공원,,경기도 안양시 만안구 안양동 1302,37.417121131,126.9200122812,993.4,,,,,,20120621,경기도 안양시 공원관리과,031-8045-5286,20251126
수진공원,근린공원,,경기도 성남시 수정구 수진동 산41-3,,,50600.0,배드민턴장+농구장+발지압장,어린이놀이터,음수전+화장실,야외무대+야생화단지,,19990706,경기도 성남시 공원과,031-729-4272,20251111
신장소공원,소공원,,경기도 평택시 신장동 704,37.0859789147,127.0546273363,2925.0,,,,,,20151008,경기도 평택시청,031-8024-4248,20260313
삼호공원,어린이공원,경기도 구리시 응달말로40번길 47,경기도 구리시 인창동 595,37.6033134197,127.1360397492,1500.0,야외헬스기구,조합놀이대,,,,19880916,경기도 구리시청,031-550-2474,20231124
삼보1공원,어린이공원,경기도 구리시 건원대로76번길 36,경기도 구리시 인창동 665-2,37.60789731,127.1410334441,1592.0,야외헬스기구,조합놀이대,,,,19931102,경기도 구리시청,031-550-2474,20231124
산마루공원,근린공원,,경기도 구리시 갈매동 657,37.6282928514,127.1204931493,33070.5,야외헬스기구+농구장+족구장,조합놀이대,,,,20100427,경기도 구리시청,031-550-2474,20231124
늘푸른공원,근린공원,경기도 구리시 건원대로34번길 76,경기도 구리시 인창동 674-2,37.6045068868,127.1448045326,10000.0,야외헬스기구+족구장+인라인스케이트장,조합놀이대,화장실,,,19931102,경기도 구리시청,031-550-2474,20231124
가래비어린이공원,어린이공원,,경기도 양주시 광적면 가납리732-18,37.8227995335,126.9854759745,1983.0,,그네+조합놀이대+흔들놀이,정자+벤치+휴지통+파고라,,,19870527,경기도 양주시청 공원사업과,031-8082-7311,20250912
금곡공원,체육공원,경기도 성남시 분당구 금곡로 298,경기도 성남시 분당구 정자동 183-1,37.3568977845,127.1091969275,18148.5,인공암벽+다목적체육관+체력단련시설,,화장실+멀티비전,,,19900622,경기도 성남시 공원과,031-729-4382,20251111
오리공원,근린공원,,"경기도 성남시 분당구 구미동 193-1, 2",37.3413819922,127.1119441716,30775.0,다목적운동장,놀이터,화장실,,,19900622,경기도 성남시 공원과,031-729-4382,20251111
아양1호소공원,소공원,,경기도 안성시 옥산동 520,37.0117748238,127.2508445697,3483.0,,,,,,20111205,경기도 안성시청,031-678-6893,20250226
진사어린이공원,어린이공원,,경기도 안성시 공도읍 진사리 354-20,36.9941062819,127.1456174514,1500.0,,,,,,20130131,경기도 안성시청,031-678-6893,20250226
월정산단 소공원,소공원,,경기도 안성시 일죽면 월정리 1840,37.0858322222,127.4582251886,2039.0,,,,,,20101215,경기도 안성시청,031-678-6893,20250226
수누피공원,어린이공원,경기도 구리시 원수택로32번길 95-15,경기도 구리시 수택동 626-4,37.5940248115,127.1448195809,2857.0,야외헬스기구,조합놀이대,,,,19980603,경기도 구리시청,031-550-2418,20231124
완두콩 소공원,소공원,,경기도 화성시 만세구 향남읍 장짐리 213-26,37.1382570123,126.9106121653,273.0,,,,,,,,031-5189-6655,20260201
향남 쌈지공원(궁도장),기타,경기도 화성시 만세구 향남읍 도이2길 113-26,경기도 화성시 만세구 향남읍 도이리 240-3,37.1387487862,126.9289223485,1050.0,,,,,,,,031-5189-6655,20260201
성호공원,문화공원,"경기도 안산시 상록구 성호로 131, (부곡동)",경기도 안산시 상록구 부곡동 709번지,37.3150945491,126.8595842753,468075.6,,,,,,19850917,경기도 안산시청,031-481-2649,20260406
68호 수변공원(반달섬 옆),수변공원,"경기도 안산시 단원구 반달섬1로 70, (성곡동)",경기도 안산시 단원구 성곡동 847-2번지,37.2999164436,126.7394676906,5052.0,,,,,,20100726,경기도 안산시청,031-481-3695,20260406
86호 체육공원,체육공원,"경기도 안산시 단원구 영전로 126, (대부동동)",경기도 안산시 단원구 대부동동 2123번지,37.2548682443,126.602145645,17866.2,,,,,,20170524,경기도 안산시청,031-481-2996,20260406
상패수변공원,수변공원,경기도 동두천시 상패로168번길 12,경기도 동두천시 상패동 9-3,37.9152920925,127.0543425042,6000.0,,,,,,,경기도 동두천시청 공원녹지과,031-860-2416,20251104
도란도란,어린이공원,,경기도 성남시 중원구 성남동 4868,37.4303186366,127.1263703459,1731.0,,어린이놀이터,벤치,,,20070104,경기도 성남시 중원구 도시미관과,031-729-6452,20251111
생연지구 문화공원,문화공원,경기도 동두천시 중앙로 174,경기도 동두천시 생연동 715-5,37.897078527,127.0528099721,26691.0,,,,,,,경기도 동두천시청 공원녹지과,031-860-2411,20251104
동두어린이공원,어린이공원,,경기도 동두천시 동두천동 224-8,37.9257900647,127.0525995133,1501.0,,,,,,,경기도 동두천시청 공원녹지과,031-860-2416,20251104
지행3어린이공원,어린이공원,경기도 동두천시 평화로2238번길 22,경기도 동두천시 지행동 406-103,37.8874632658,127.0580084679,1297.0,,,,,,,경기도 동두천시청 공원녹지과,031-860-2416,20251104
창말공원,어린이공원,,경기도 동두천시 동두천동 280,37.9321363068,127.0569437559,3391.0,,,,,,,경기도 동두천시청 공원녹지과,031-860-2416,20251104
생연2어린이공원,어린이공원,경기도 동두천시 생연로 1,경기도 동두천시 지행동 690-2,37.8928978615,127.0484451842,2605.0,,,,,,,경기도 동두천시청 공원녹지과,031-860-2416,20251104
도깨비어린이공원,어린이공원,경기도 동두천시 이담로 17,경기도 동두천시 지행동 717-6,37.88899306,127.0502317954,2501.0,,,,,,,경기도 동두천시청 공원녹지과,031-860-2416,20251104
건건소1,소공원,,경기도 안산시 상록구 건건동 994-2번지,37.3072750802,126.9038370977,1171.5,,,,,,20160125,경기도 안산시 상록구청,031-481-5412,20260406
양감쌈지공원1호,기타,경기도 화성시 만세구 양감면 은행나무로 263,경기도 화성시 만세구 양감면 신왕리 678-5,37.0816292473,126.9447535328,150.0,,,,,,,,031-5189-6655,20260201
구장 쌈지공원,기타,,경기도 화성시 만세구 팔탄면 구장리 1029-13,37.1611931203,126.9059839409,5886.0,,,,,,,,031-5189-6655,20260201
돌내 어린이공원(7호),어린이공원,,경기도 화성시 만세구 향남읍 행정리 517,37.124573439,126.92598749,1671.0,,,,,,,,031-5189-6655,20260201
도원체육공원,체육공원,경기도 화성시 만세구 향남읍 행정동로 96,경기도 화성시 만세구 향남읍 행정리 478,37.1326325079,126.927943801,70439.0,,,,,,,,031-5189-6655,20260201
신성,어린이공원,,경기도 안산시 상록구 본오동 717번지,37.2879338837,126.8670679549,1579.3,,,,,,19850917,경기도 안산시 상록구청,031-481-5412,20260406
각골,어린이공원,,경기도 안산시 상록구 본오동 793-3번지,37.2955348278,126.8710146713,1501.0,,,,,,19850917,경기도 안산시 상록구청,031-481-5412,20260406
내행2어린이공원,어린이공원,경기도 동두천시 삼육사로 1038,경기도 동두천시 생연동 307-9,37.8991880203,127.0649562623,4060.0,,,,,,,경기도 동두천시청 공원녹지과,031-860-2416,20251104
34호어린이공원,어린이공원,경기도 동두천시 평화로2313번길 8-13,경기도 동두천시 지행동 727,37.8950839022,127.0568482929,1549.0,,,,,,,경기도 동두천시청 공원녹지과,031-860-2416,20251104
가능골공원,어린이공원,경기도 구리시 안골로7번길 21,경기도 구리시 교문동 750,37.5957015386,127.1332806029,1557.0,야외헬스기구,조합놀이대,,,,19880220,경기도 구리시청,031-550-2418,20231124
옥밭굴공원,어린이공원,경기도 구리시 원수택로 41,경기도 구리시 수택동 436,37.5956518727,127.1405760107,1653.0,야외헬스기구,조합놀이대,,,,19800813,경기도 구리시청,031-550-2418,20231124
새말공원,어린이공원,경기도 구리시 이문안로83번길 16-6,경기도 구리시 수택동 449,37.5926054011,127.1410975261,1656.0,야외헬스기구,조합놀이대,,,,19800813,경기도 구리시청,031-550-2418,20231124
아름마을어린이공원,어린이공원,경기도 구리시 동구릉로53번길 147,경기도 구리시 인창동 651-36,37.6104474766,127.1303643456,5407.0,야외헬스기구,조합놀이대(물놀이장),화장실,,,20090304,경기도 구리시청,031-550-2474,20231124
풍산지구 어린이4호,어린이공원,경기도 하남시 덕풍동로 30,경기도 하남시 덕풍동 694-1,37.5454565612,127.2060787072,1661.0,,,,,,20081231,경기도 하남시청,031-5182-1579,20251218
풍산지구근린2호,근린공원,경기도 하남시 덕풍서로 21,경기도 하남시 덕풍동 776,37.5503657568,127.2012140182,16167.0,,,,,,20081231,경기도 하남시청,031-5182-1579,20251218
덕풍근린공원,근린공원,,경기도 하남시 덕풍동 435-202,37.537135794,127.1984370494,99250.0,,,,,,20130327,경기도 하남시청,031-5182-1579,20251218
신평어린이공원,어린이공원,경기도 하남시 신장동로 55,경기도 하남시 신장동 594,37.5440598048,127.2135554599,12524.0,,,,,,,경기도 하남시청,031-5182-1579,20251218
식물원,어린이공원,,경기도 안산시 상록구 일동 578번지,37.3152505505,126.8635930851,1009.0,,,,,,19850917,경기도 안산시 상록구청,031-481-5412,20260406
제6호 소공원(진위역),소공원,,경기도 평택시 진위면 하북리 170-1,37.1103813474,127.0620661671,2257.0,,,,,,20091230,경기도 평택시청,031-8024-4248,20260313
판교제16호(낙생)공원,어린이공원,,경기도 성남시 분당구 판교동 647,37.3868649593,127.1002351502,1658.2,야외운동기구,어린이놀이터,벤치,,,20050518,경기도 성남시 분당구 녹지공원과,031-729-8093,20251111
풍산지구 어린이7호,어린이공원,경기도 하남시 덕풍북로 260,경기도 하남시 덕풍동 803,37.5486009595,127.2091795782,4339.0,,,,,,20081231,경기도 하남시청,031-5182-1579,20251218
판교제2호(물빛)공원,어린이공원,,"경기도 성남시 분당구 운중동 900, 900-5",37.3910688109,127.0676725169,5518.3,야외운동기구,어린이놀이터,벤치,,바닥분수,20041230,경기도 성남시 분당구 녹지공원과,031-729-8093,20251111
37호근린공원,근린공원,,경기도 동두천시 동두천동 555-6,37.9384398188,127.0521672252,3051.0,,,,,,,경기도 동두천시청 공원녹지과,031-860-2416,20251104
판교제7호(미르)공원,어린이공원,,경기도 성남시 분당구 판교동 547,37.3950359674,127.0992312859,7392.6,야외운동기구,어린이놀이터,벤치+음수전,,,20041230,경기도 성남시 분당구 녹지공원과,031-729-8093,20251111
치동천3호(6호),근린공원,,경기도 화성시 동탄구 영천동 677-1,37.2041853542,127.1100677094,57249.0,,,화장실,,,,경기도 화성시 공원녹지사업소 동부공원관리과,031-5189-6961,20260201
인창중앙공원,근린공원,경기도 구리시 동구릉로66번길 29,경기도 구리시 인창동 309-2 일원,37.6059045897,127.136130857,78093.0,배드민턴장+야외헬스기구,조합놀이대,광장+무대+화장실,,벽천폭포+쿨링포그,19711115,경기도 구리시청,031-550-2474,20231124
토평공원,근린공원,경기도 구리시 벌말로 130-29,경기도 구리시 토평동 990-1,37.5894158806,127.1500186977,15747.9,족구장+야외헬스기구,조합놀이대(물놀이장),화장실,,,19961231,경기도 구리시청,031-550-2418,20231124
괘랑리 쌈지공원,기타,,경기도 화성시 효행구 정남면 괘랑리 26-42,37.1874750294,127.0054140048,553.0,,,,,,,,031-5189-6655,20260201
2호 문화공원,문화공원,,경기도 화성시 효행구 정남면 음양리 930,37.1440419267,127.0310696826,2392.7,,,,,,,,031-5189-6655,20260201
5호 문화공원,문화공원,,경기도 화성시 효행구 정남면 음양리 954,37.1430939155,127.0269644328,510.1,,,,,,,,031-5189-6655,20260201
3호 공공공지,기타,,경기도 화성시 효행구 정남면 음양리 965,37.1413203747,127.0249199989,124.0,,,,,,,,031-5189-6655,20260201
진위3일반산단1호 소공원(진위3일반산업단지),소공원,,경기도 평택시 진위면 마산리 336,,,8731.0,,,,,,20151015,경기도 평택시청,031-8024-4248,20260313
광덕,어린이공원,경기도 광명시 도덕공원로 36(철산동),경기도 광명시 철산동 638-1,37.472559962,126.8656054237,2407.0,,,화장실,,,20210820,경기도 광명시청,02-2680-6298,20251209
은행2동(달빛)공원,어린이공원,경기도 성남시 중원구 은행로 33,경기도 성남시 중원구 은행동 1409,37.4553609707,127.1653674312,2428.4,,어린이놀이터,벤치+파고라,,,20021024,경기도 성남시 중원구 도시미관과,031-729-6452,20251111
은행제2호공원,소공원,,경기도 성남시 중원구 은행동 2515,37.4546453133,127.1640797558,173.0,,,,,,20071029,경기도 성남시 중원구 도시미관과,031-729-6452,20251111
은행제8호공원,소공원,,경기도 성남시 중원구 은행동 2482,37.4558991432,127.1693372376,156.0,,,,,,20071029,경기도 성남시 중원구 도시미관과,031-729-6452,20251111
향남2지구 3호주제(화합체육),체육공원,,경기도 화성시 만세구 향남읍 상신리 1254,37.1055737272,126.9057786885,41862.0,,,,,,,,031-5189-6655,20260201
향남2지구 2호광장,기타,,경기도 화성시 만세구 향남읍 상신리 1320-6,37.0995670964,126.9017588599,728.0,,,,,,,,031-5189-6655,20260201
동탄 구봉산공원(나래울),근린공원,경기도 화성시 병점구 여울로2길 33-2,경기도 화성시 동탄구 능동 1128,37.2058182895,127.0515795792,1825.7,농구장+게이트볼장+배드민턴,놀이터,,,,,경기도 화성시 공원녹지사업소 동부공원관리과,031-5189-6961,20260201
동탄14호 근린공원(돌모루공원),근린공원,경기도 화성시 동탄구 삼성1로 202-33,경기도 화성시 동탄구 석우동 4,37.2228304863,127.0768180393,8534.2,,,주차장+화장실,,,,경기도 화성시 공원녹지사업소 동부공원관리과,031-5189-6961,20260201
동탄5호 어린이공원(옹달샘공원),어린이공원,,경기도 화성시 동탄구 반송동 119,37.1974989768,127.0766522433,850.0,,놀이터,,,,,경기도 화성시 공원녹지사업소 동부공원관리과,031-5189-6961,20260201
소공원1(산성2도시환경개선사업),소공원,,경기도 성남시 수정구 산성동 580,37.4551894626,127.1532692866,102.5,,,,,,20090727,경기도 성남시 수정구 도시미관과,031-729-5203,20251111
송리공원(동탄산단4호근린),근린공원,경기도 화성시 동탄구 동탄산단6길 12,경기도 화성시 동탄구 방교동 857,37.1683855984,127.0870564738,13796.0,,,,,,,경기도 화성시 공원녹지사업소 동부공원관리과,031-5189-6961,20260201
청계중앙공원,근린공원,,경기도 화성시 동탄구 청계동 527,37.200440514,127.1112783326,213724.0,축구장,물놀이장+놀이터,화장실,,,,경기도 화성시 공원녹지사업소 동부공원관리과,031-5189-6961,20260201
능리 저류지 (저류지2호),기타,,경기도 화성시 동탄구 능동 1172,,,780.8,배드민턴,,,,,,경기도 화성시 공원녹지사업소 동부공원관리과,031-5189-6961,20260201
향남2지구 7호 공공공지,기타,,경기도 화성시 만세구 향남읍 하길리 1547-23,37.1054677596,126.9095183535,391.0,,,,,,,,031-5189-6655,20260201
상신2리 쌈지공원,기타,,경기도 화성시 만세구 향남읍 상신리 942-6,37.095171576,126.89466822,180.0,,,,,,,,031-5189-6655,20260201
40호공원(우남공원),어린이공원,,경기도 안성시 석정동 345,37.0104666213,127.2603518063,3992.0,,,,,,20061002,경기도 안성시청,031-678-6893,20250226
퇴미1 공원(29호공원),근린공원,경기도 안성시 공도읍 공도로 116-70,경기도 안성시 공도읍 만정리 244-3,36.9987865415,127.1786382876,14594.0,,,,,,20071031,경기도 안성시청,031-678-6893,20250226
31호공원,문화공원,,경기도 안성시 공도읍 승두리 65-3,36.9981390739,127.1686347607,1893.0,,,,,,20090804,경기도 안성시청,031-678-6893,20250226
향남2지구 7호 어린이(열매달),어린이공원,,경기도 화성시 만세구 향남읍 상신리 1289-5,37.1060179434,126.8986765851,1548.0,,,,,,,,031-5189-6655,20260201
단대공원,근린공원,경기도 성남시 수정구 단대로16번길 25,경기도 성남시 수정구 단대동 193,37.4547876148,127.1588216794,210700.0,체력단련장+게이트볼장,어린이놀이터+물놀이장,주차장+화장실+팔각정,도서관+야외학습장,,19740831,경기도 성남시 공원과,031-729-4272,20251111
완장어린이공원,어린이공원,,경기도 용인시 수지구 죽전동 1366,37.3302608486,127.1331526964,2125.0,,,,,,20010209,,,20250801
손초어린이공원,어린이공원,,경기도 용인시 수지구 동천동 968 일원,37.33873022,127.0842591029,5740.0,,,,,,20060710,,,20250801
삼성어린이공원,어린이공원,,경기도 군포시 금정동 697,37.3685014643,126.9421552499,1504.2,,,,,,19900210,경기도 군포시청,031-390-0478,20250912
역말소공원,소공원,,경기도 광주시 역동 176-36,,,3318.5,,,,,,,광주도시관리공사,031-762-1039,20250820
13호,기타,,경기도 화성시 동탄구 청계동 546-1,37.2016485988,127.1155844283,2908.4,,,,,,,경기도 화성시 공원녹지사업소 동부공원관리과,031-5189-6961,20260201
20호소공원,소공원,,경기도 수원시 권선구 금곡동 1115,37.2763076061,126.9556236877,671.1,,휴게쉼터,,,,,경기도 수원시 권선구 녹지공원과,031-5191-6195,20260115
21호소공원,소공원,,경기도 수원시 권선구 금곡동 1134-4,37.2715345577,126.9574357067,269.0,,휴게쉼터,,,,,경기도 수원시 권선구 녹지공원과,031-5191-6195,20260115
22호소공원,소공원,,경기도 수원시 권선구 호매실동 1354,37.2670978059,126.9462603225,739.6,,휴게쉼터,,,,,경기도 수원시 권선구 녹지공원과,031-5191-6195,20260115
28호소공원,소공원,,경기도 수원시 권선구 권선동 1367-14,37.247505411,127.0263882696,1104.8,,휴게쉼터,,,,,경기도 수원시 권선구 녹지공원과,031-5191-6195,20260115
29호소공원,소공원,,경기도 수원시 권선구 권선동 1367-26,37.2488762052,127.0210153435,1030.3,,휴게쉼터,,,,,경기도 수원시 권선구 녹지공원과,031-5191-6195,20260115
운정지구 역사공원6,역사공원,,경기도 파주시 와동동 1476,37.731224941,126.768074604,2582.2,,,,,,,경기도 파주시청,031-940-8406,20250618
수원광교박물관 인근,역사공원,,경기도 수원시 영통구 이의동 산13-88,37.2976448604,127.0532828384,131972.0,,,화장실2,박물관1,주차장,,경기도 수원시 영통구 녹지공원과,031-5191-8331,20260115
달누리,수변공원,,경기도 수원시 권선구 입북동 817,37.3005416623,126.9512150555,4331.8,,,,,,,경기도 수원시 권선구 녹지공원과,031-5191-6195,20260115
청학4호공원,어린이공원,,경기도 남양주시 별내면 청학리 411-2,37.7081887826,127.1203293907,2750.0,,,,,,,경기도 남양주시청,031-590-8676,20260319
증포제2어린이공원,어린이공원,,경기도 이천시 증포동 482,37.2966158575,127.4566229691,2214.1,운동기구,,,,,20071210,경기도 이천시청,031-645-3831,20250221
별내택지어린이공원5,어린이공원,,경기도 남양주시 별내동 904,37.6606222413,127.1270535833,6981.0,,,,,,,경기도 남양주시청,031-590-8347,20260319
청학6호공원,어린이공원,,경기도 남양주시 별내면 청학리 475,37.7090537522,127.1138858164,1463.0,,,,,,,경기도 남양주시청,031-590-8676,20260319
메아리공원,문화공원,,경기도 파주시 동패동 1766,37.7083091371,126.7374383192,18942.1,,,,,,,경기도 파주시청,031-940-8406,20250618
다산지금 어린이공원 2호,어린이공원,,경기도 남양주시 다산동 6171-1,37.6128290633,127.1655285291,2921.0,,,,,,,경기도 남양주시청,031-590-5354,20260319
소공원2호(두정지구),소공원,,경기도 평택시 팽성읍 본정리 27-1임,,,908.0,,,,,,20131129,경기도 평택시청,031-8024-4248,20260313
수변공원 4호(고덕국제화지구 궁리),수변공원,,경기도 평택시 고덕면 궁리 310답,,,15746.0,,,,,,20130104,경기도 평택시청,031-8024-4248,20260313
수변공원 5호(고덕국제화지구 좌교리),수변공원,,경기도 평택시 고덕면 좌교리 94답,,,8662.0,,,,,,20130104,경기도 평택시청,031-8024-4248,20260313
섬말공원,역사공원,,"경기도 구리시 갈매동 641, 652",37.6275370312,127.1163106549,16046.0,야외헬스기구,조합놀이대,무대,,,20100427,경기도 구리시청,031-550-2474,20231124
71호,기타,,경기도 화성시 동탄구 목동 산96,,,10231.0,,,,,,,경기도 화성시 공원녹지사업소 동부공원관리과,031-5189-6961,20260201
남산1호 소공원(팽성6호),소공원,,경기도 평택시 팽성읍 남산리 561-1,36.9545608693,127.0630200986,634.0,옆파도타기+온몸역기올리기+온몸허리돌리기+윗몸일으키기+하늘걷기,,,,우수관+집수정,20061218,경기도 평택시청,031-8024-4248,20260313
한마음공원,근린공원,,경기도 안산시 단원구 고잔동 산5-1번지,37.3338022689,126.8322162402,43340.0,,,,,,20050103,경기도 안산시청,031-481-2471,20260406
미관광장 32호,기타,,경기도 화성시 동탄구 반송동 118-8,37.1967763452,127.076829643,501.2,,,,,,,경기도 화성시 공원녹지사업소 동부공원관리과,031-5189-6961,20260201
문화공원,어린이공원,,경기도 파주시 금촌동 779,37.7588213884,126.7796438136,1500.0,,조합놀이대,,,,,경기도 파주시청,031-940-8406,20250618
소공원67,소공원,,경기도 의왕시 삼동 748,37.3293364,126.9546968279,746.2,,,,,,20161228,경기도 의왕시청,031-345-3534,20251128
신화공원,어린이공원,,경기도 파주시 금촌동 935-1,37.7601924568,126.7698636909,1500.0,,,,,,,경기도 파주시청,031-940-8406,20250618
제58호 어린이공원(개나리),어린이공원,,경기도 용인시 기흥구 영덕동 934,37.2678427496,127.0774756269,1500.0,,,,,,19981229,,,20250801
사기막골1 어린이공원,어린이공원,,경기도 과천시 문원동 324-15,37.419544261,126.9991491067,1540.0,,어린이놀이터,,,조경시설,20050530,경기도 과천시청,02-3677-2363,20250801
예당공원,근린공원,,경기도 안산시 단원구 고잔동 817-1번지,37.3195040744,126.8241030195,23111.9,,,,,,20181031,경기도 안산시청,031-481-2471,20260406
제1호공원,근린공원,경기도 시흥시 능곡중앙로 140,경기도 시흥시 능곡동 489,37.3762194414,126.8119096859,20060.0,,,,,,20041110,경기도 시흥시청,031-310-3865,20251219
송산지구1호소공원,소공원,,경기도 의정부시 용현동 550-2,37.7407702581,127.0862691807,1759.4,,,,,공원등+ CCTV 등,,경기도 의정부시청,031-828-4054,20250620
13호,기타,,경기도 화성시 동탄구 목동 118-28,,,28532.0,,,,,,,경기도 화성시 공원녹지사업소 동부공원관리과,031-5189-6961,20260201
꿈물결공원,어린이공원,,경기도 시흥시 정왕동 2810,37.3178121521,126.6963997425,2341.0,,,,,,,경기도 시흥시청,031-310-3865,20251219
별내택지소공원3,소공원,,경기도 남양주시 별내동 1044,37.6467436916,127.1110024181,4564.0,,,,,,,경기도 남양주시청,031-590-8347,20260319
후곡어린이공원,어린이공원,,경기도 파주시 금촌동 991,37.7519783825,126.7690476453,1500.0,,조합놀이대+그네+흔들놀이,,,,,경기도 파주시청,031-940-8406,20250618
세모뜰공원,문화공원,,경기도 파주시 와동동 1461-1,37.7283819484,126.7623911372,2358.7,,,,,벽천,,경기도 파주시청,031-940-8406,20250618
길주,근린공원,,경기도 부천시 원미구 중동 1051-3,37.5080690687,126.7725991955,15365.4,축구장+농구장,흔들놀이기구 등 8개,화장실,,,19901127,경기도 부천시청,032-625-4843,20250731
소공원 12호,소공원,,경기도 파주시 목동동 894,37.7324731988,126.7368660624,205.9,,,,,,,경기도 파주시청,031-940-8406,20250618
진사근린공원2,근린공원,,경기도 안성시 공도읍 진사리 743,36.9963645098,127.1491518871,15695.0,,,,,,20130131,경기도 안성시청,031-678-6893,20250226
살구나무,어린이공원,,경기도 고양시 덕양구 행신동 975,37.6190018642,126.8392338115,1500.0,농구대+체력단련시설,조합놀이대,,,,19921228,경기도 고양시 푸른도시사업소,031-8075-4321,20251215
장지1호 어린이공원,어린이공원,,경기도 광주시 장지동 760,37.392052174,127.2346470472,3371.2,,,,,,,광주도시관리공사,031-762-1039,20250820
시화 2소공원,소공원,,경기도 시흥시 정왕동 1872-1,37.35752617,126.7339527351,2322.0,농구장,,,,,20100617,경기도 시흥시청,031-310-3865,20251219
81호소공원,소공원,,경기도 수원시 권선구 서둔동 9-51,37.269913807,126.9944003531,1528.0,,휴게쉼터,,,,,경기도 수원시 권선구 녹지공원과,031-5191-6195,20260115
은계호수공원,수변공원,,경기도 시흥시 은행동 601-191,,,169719.0,,,,,,20100427,경기도 시흥시청,031-310-3892,20251219
승지문화공원,문화공원,,경기도 의정부시 민락동 698,37.7394197623,127.0941259326,1500.0,허리돌리기,조합놀이대+ 그네,,,공원등+ CCTV 등,,경기도 의정부시청,031-828-4054,20250620
수내공원,어린이공원,경기도 성남시 분당구 발이봉로 17,경기도 성남시 분당구 수내동 110,37.3651333225,127.127799195,2865.5,야외운동기구,어린이놀이터,벤치+파고라+음수전,,,19900622,경기도 성남시 분당구 녹지공원과,031-729-7463,20251111
초록누리근린공원,근린공원,,경기도 의정부시 낙양동 730,37.7536947623,127.1055077743,45730.7,허리돌리기+ 파도타기+ 공중걷기 등,,,,공원등+ CCTV 등,,경기도 의정부시청,031-828-4054,20250620
소공원65,소공원,,경기도 의왕시 이동 747,37.3318105382,126.9568070329,950.5,,,,,,20161228,경기도 의왕시청,031-345-3534,20251128
늘타리공원,소공원,,경기도 의왕시 삼동 588,37.3206857572,126.9582705983,671.0,,,,,,20141031,경기도 의왕시청,031-345-3534,20251128
마실공원,소공원,,경기도 의왕시 학의동 1142-2,37.3691572485,127.0075316745,760.7,,,,,,20150123,경기도 의왕시청,031-345-3533,20251128
향기공원,소공원,,경기도 의왕시 학의동 1072,37.3730178162,127.0152491356,1071.8,,,,,,20150123,경기도 의왕시청,031-345-3533,20251128
교전어린이공원,어린이공원,,경기도 군포시 당동 918,37.3469621495,126.9444094847,1510.0,,,,,,19921022,경기도 군포시청,031-390-0478,20250912
김혁근린공원,근린공원,,경기도 용인시 기흥구 구갈동 569,37.2761183784,127.127673849,21920.0,,,,,,20001230,,,20250801
제34호 어린이공원(가현),어린이공원,,경기도 용인시 기흥구 구갈동 344-1,37.2832267298,127.1125013689,2496.6,,,,,,19961127,,,20250801
노루어린이공원,어린이공원,,경기도 평택시 장당동 469-2,,,2395.0,,,,,,20090925,경기도 평택시청,031-8024-4248,20260313
역동1호 소공원,소공원,,경기도 광주시 역동 117-6,,,1098.0,운동기구,,,,,20060206,광주도시관리공사,031-762-1039,20250820
장현소공원7,소공원,,경기도 시흥시 장현동 328-1,,,815.7,,,,,,20231228,경기도 시흥시청,031-310-3873,20251219
다람쥐,어린이공원,,경기도 수원시 영통구 망포동 1259-3,,,1508.4,,조합놀이대1,,,,,경기도 수원시 영통구 녹지공원과,031-5191-8331,20260115
소공원 28호,소공원,,경기도 파주시 동패동 2032,37.7095656999,126.732976652,803.5,,,,,,,경기도 파주시청,031-940-8406,20250618
호평1호공원,어린이공원,,경기도 남양주시 호평동 614,37.6610703525,127.2439113779,1730.0,,,,,,,경기도 남양주시청,031-590-4738,20260319
금강,어린이공원,,경기도 부천시 원미구 중동 1029-2,37.5066690994,126.7630900258,5165.8,농구장,그네 등 9개,화장실,,,19901127,경기도 부천시청,032-625-4843,20250731
효원,어린이공원,,경기도 수원시 영통구 매탄동 1354,37.2622366669,127.0415400905,6653.0,,조합놀이대1,,,,,경기도 수원시 영통구 녹지공원과,031-5191-8331,20260115
두견,어린이공원,,경기도 수원시 장안구 정자동 887-2,37.2914916093,126.9974664716,2000.0,조합놀이대1+ 휴게쉼터,조합놀이대1,,,,,경기도 수원시 장안구 녹지공원과,031-5191-5995,20260115
거북,어린이공원,,경기도 수원시 장안구 영화동 229-1,37.2930589126,127.0148538344,2113.0,조합놀이대1+ 휴게쉼터,조합놀이대1,,,,,경기도 수원시 장안구 녹지공원과,031-5191-5995,20260115
노량소공원,소공원,,경기도 용인시 수지구 풍덕천동 1204,37.3286262241,127.1015484909,1311.0,,,,,,20120307,,,20250801
역북소공원29호,소공원,,경기도 용인시 처인구 역북동 430-14,,,3573.0,,,,,,20100630,,,20250801
애두름,소공원,,경기도 시흥시 배곧동 296,37.3583186909,126.7078132347,5400.0,,,,,,,경기도 시흥시청,031-310-3870,20251219
송정지구 3호 소공원,소공원,,경기도 광주시 송정동 153,,,1280.0,,,,,,,광주도시관리공사,031-762-1039,20250820
하늘어린이공원,어린이공원,,경기도 군포시 부곡동 1121,37.3248007751,126.9455903452,1513.9,,,,,,20030620,경기도 군포시청,031-390-0478,20250912
내꽃(3)근린공원,근린공원,,경기도 용인시 기흥구 동백동 595,37.2823179135,127.1624486006,10397.0,,,,,,20021028,,,20250801
아양1호공원,어린이공원,,경기도 안성시 석정동 374,37.0105082016,127.2554148477,2131.0,,,,,,20111105,경기도 안성시청,031-678-6893,20250226
창우근린공원,근린공원,경기도 하남시 대청로116번길 37,경기도 하남시 창우동 538,37.5377220561,127.2244121303,10000.0,,,,,,20080821,경기도 하남시청,031-5182-1579,20251218
4산단 근린공원2,근린공원,,"경기도 안성시 서운면 양촌리 487,488",36.9524906299,127.2573527032,15042.0,,,,,,20100604,경기도 안성시청,031-678-6893,20250226
수진소공원,소공원,,경기도 성남시 수정구 수진동 4763,37.4340556395,127.1249252863,800.0,,,,,,20050627,경기도 성남시 수정구 도시미관과,031-729-5203,20251111
은계중앙공원(3호근린),근린공원,,경기도 시흥시 은행동 55,,,37295.0,,,,,,20100427,경기도 시흥시청,031-310-3892,20251219
밤일제3소공원,소공원,,경기도 광명시 하안동 869-2,37.4538163763,126.8617182532,1015.0,,,,,,20090602,경기도 광명시청,02-2680-2887,20251209
푸르내공원,근린공원,,경기도 용인시 수지구 죽전동 1298 일원,37.3234750653,127.1122809115,46339.0,,,,,,20010209,,,20250801
새말소공원,소공원,,경기도 의정부시 신곡2동 801-6,37.7474865338,127.0685592126,800.0,,조합놀이대+ 그네,,,공원등+ CCTV 등,,경기도 의정부시청,031-828-2414,20250620
호평제6호공원,어린이공원,,경기도 남양주시 호평동 615-2,37.6604433395,127.2441852402,6388.0,,,,,,,경기도 남양주시청,031-590-4738,20260319
노성1리 마을쉼터,기타,,경기도 평택시 팽성읍 노성리 42-1,36.9298112823,127.0315141301,999.0,등허리지압기+마라톤운동기+온몸근육풀기+온몸노젓기+온몸역기내리기+온몸허리돌리기+하늘걷기,,음수전,,수목보호대+옹벽+조형탑+집수정,,경기도 평택시청,031-8024-4248,20260313
서암체육공원,체육공원,,경기도 김포시 통진읍 서암리 산47-1,,,49740.0,,,,,,20090102,경기도 김포시 체육과,031-980-2585,20251124
두리소공원,소공원,,경기도 용인시 수지구 풍덕천동 1199,37.3275784233,127.0996041694,8575.2,,,,,,20130723,,,20250801
샛터말어린이공원,어린이공원,,경기도 군포시 당동 982-3,37.3453675737,126.9383413776,2191.0,,,,,,19990304,경기도 군포시청,031-390-0478,20250912
고림푸른물결소공원,소공원,,경기도 용인시 처인구 고림동 656-19번지,,,1292.0,,,,,,20170405,,,20250801
신촌 장자울 어린이공원(신촌지구 동부 104호),어린이공원,,경기도 평택시 칠원동 551,37.0274791764,127.1047318308,4029.0,,,,,,20091216,경기도 평택시청,031-8024-4248,20260313
광역행정타운1호소공원,소공원,,경기도 의정부시 금오동 산31-18,,,2231.0,허리돌리기+ 팔돌리기 등,,,,공원등+ CCTV 등,,경기도 의정부시청,031-828-4054,20250620
광탄2호 소공원,소공원,,경기도 양평군 용문면 광탄리 711,37.5096488363,127.6283222446,1410.0,체력단련장,,,,,19940225,경기도 양평군청,031-770-2358,20250423
원곡2소공원,소공원,,경기도 안산시 단원구 원곡동 1002-2번지,37.3249937384,126.7988173771,943.5,,,,,,20210127,경기도 안산시 단원구청,031-481-6410,20260406
고색,어린이공원,,경기도 수원시 권선구 고색동 916,37.2469365324,126.9788831111,1433.1,,조합놀이대1,,,,,경기도 수원시 권선구 녹지공원과,031-5191-6195,20260115
궐동공원,문화공원,,경기도 오산시 궐동 산 12-5,37.1611114712,127.0598853734,151621.0,,,,,,20160921,오산시 환경사업소 도시공원녹지과,031-8036-6475,20251222
철쭉공원,근린공원,경기도 군포시 번영로 407,경기도 군포시 산본동 1153,37.3530488618,126.9257786008,68974.0,,,,,,19940915,경기도 군포시청,031-390-0474,20250912
299호,어린이공원,,경기도 부천시 오정구 내동 54-3,37.5164386439,126.7746024369,847.5,,조합놀이대 등 3개,,,,20180907,경기도 부천시청,032-625-4843,20250731
단풍나무,어린이공원,경기도 고양시 덕양구 화신로 105,경기도 고양시 덕양구 행신동 953,37.6227101161,126.8384496094,1500.0,다목적구장+체력단련시설,조합놀이대,,,,19921228,경기도 고양시 푸른도시사업소,031-8075-4321,20251215
거미울,어린이공원,"경기도 안산시 단원구 선이로 17, (선부동)",경기도 안산시 단원구 선부동 1010번지,,,1494.9,,,,,,19900101,경기도 안산시 단원구청,031-481-6410,20260406
미관광장 13호,기타,,경기도 화성시 동탄구 반송동 71-1,37.2017814023,127.0610543204,371.0,,,,,,,경기도 화성시 공원녹지사업소 동부공원관리과,031-5189-6961,20260201
청석어린이공원,어린이공원,,경기도 파주시 다율동 996,37.7283494156,126.7154215853,9467.2,농구장,조합놀이대+흔들놀이,,,,,경기도 파주시청,031-940-8406,20250618
미관광장 14호,기타,,경기도 화성시 동탄구 반송동 159-2,37.1952295194,127.0694593728,506.0,,,,,,,경기도 화성시 공원녹지사업소 동부공원관리과,031-5189-6961,20260201
축현2산업단지 소공원2,소공원,,경기도 파주시 탄현면 축현리 1037,37.8198457532,126.7318029406,2499.0,,,,,,,경기도 파주시청,031-940-8406,20250618
갈대하늘공원,근린공원,,경기도 시흥시 배곧동 290,37.3598080313,126.709680103,18818.0,,,,,,20111004,경기도 시흥시청,031-310-3863,20251219
복정공원,어린이공원,,경기도 성남시 수정구 복정동 635,37.4676995706,127.1278691641,1726.2,,어린이놀이터,벤치,,,19981207,경기도 성남시 수정구 도시미관과,031-729-5203,20251111
흥덕1어린이공원(물병자리),어린이공원,,경기도 용인시 기흥구 영덕동 1133-2,37.2724463187,127.0934007127,1502.0,,,,,,20040127,,,20250801
공공공지 5호,기타,,경기도 화성시 만세구 새솔동 58-6,37.2850899261,126.8154430232,568.4,,,,,,,,031-5189-6655,20260201
노산어린이공원,어린이공원,경기도 군포시 대야2로143번길 9,경기도 군포시 대야미동 636-5,37.330618116,126.9156661033,4381.7,,,,,,19960814,경기도 군포시청,031-390-0478,20250912
기차놀이어린이공원,어린이공원,,경기도 용인시 수지구 상현동 1123,37.2999164686,127.0733337859,2159.0,,,,,,20070628,,,20250801
4호 어린이공원(해오름어린이공원),어린이공원,,경기도 화성시 만세구 새솔동 15,37.2855755922,126.8208279906,4944.0,,,,,,,,031-5189-6655,20260201
감배산1호 어린이공원,어린이공원,,경기도 화성시 동탄구 오산동 1004,37.1915241132,127.0912403392,3858.0,,놀이터,,,,,경기도 화성시 공원녹지사업소 동부공원관리과,031-5189-6961,20260201
힐스,소공원,,경기도 성남시 중원구 중앙동 549,37.4373729873,127.1490299176,1090.0,야외운동기구,,벤치+팔각정,,,20060116,경기도 성남시 중원구 도시미관과,031-729-6452,20251111
기배역사공원,역사공원,,경기도 화성시 효행구 기안동 927,37.2147042694,126.9834508085,16300.0,,,,,,,,031-5189-6655,20260201
항공소공원1,소공원,,경기도 김포시 대곶면 대벽리 산66-56,,,1968.0,,,,,,20071217,경기도 김포시 공원녹지과,031-5186-4641,20251124
향남2지구 3호 공공공지,기타,,경기도 화성시 만세구 향남읍 하길리 1544,37.1067011337,126.9081705238,395.0,,,,,,,,031-5189-6655,20260201
한승미메이드 공공공지,기타,,경기도 화성시 효행구 송산동 164-21,37.2089193513,127.0131597335,853.0,,,,,,,,031-5189-6655,20260201
4호 소공원(지산말),소공원,,경기도 화성시 동탄구 영천동 688-9,37.2077776949,127.1125127275,1398.0,,,,,,,경기도 화성시 공원녹지사업소 동부공원관리과,031-5189-6961,20260201
서당공원,어린이공원,,경기도 성남시 분당구 서현동 302-1,37.3752245082,127.1345104152,1501.4,,어린이놀이터,벤치+파고라,,,19900622,경기도 성남시 분당구 녹지공원과,031-729-7463,20251111
향남2지구 4호 공공공지,기타,,경기도 화성시 만세구 향남읍 하길리 1539-2,37.1070633544,126.907955969,373.0,,,,,,,,031-5189-6655,20260201
견산 근린공원,근린공원,,경기도 평택시 진위면 견산리 산9임,37.1073262098,127.0770947002,53243.0,,,,,,20060613,경기도 평택시청,031-8024-4248,20260313
서촌말,어린이공원,,경기도 부천시 소사구 송내동 688-1,37.4869669668,126.7437628977,1571.9,,조합놀이대 등 2개,,,,19981217,경기도 부천시청,032-625-4843,20250731
식사어린이2(식사숲속),어린이공원,,경기도 고양시 일산동구 식사동 1496,37.6827614277,126.8171536928,2605.0,,흔들놀이기구+기타,,,,20050824,경기도 고양시 푸른도시사업소,031-8075-4337,20251215
일동공원,근린공원,,경기도 안산시 상록구 일동 산13번지,,,33083.0,,,,,,19850911,경기도 안산시청,031-481-2649,20260406
권선1문화공원,문화공원,,경기도 수원시 권선구 고색동 1187,37.2553661452,126.9723427764,3195.8,,,,,,,경기도 수원시 권선구 녹지공원과,031-5191-6195,20260115
망곡근린공원,근린공원,,경기도 연천군 연천읍 차탄리 산1-8,38.1003608731,127.0718699976,346124.0,,,,,,20061016,경기도 연천군청,031-839-2346,20250628
평내3호공원,어린이공원,,경기도 남양주시 평내동 566,37.6432109787,127.234749474,1500.0,,,,,,,경기도 남양주시청,031-590-4738,20260319
다산지금 소공원 3호,소공원,,경기도 남양주시 다산동 6196-2,37.6110628253,127.1703922063,2867.0,,,,,,,경기도 남양주시청,031-590-2855,20260319
꿈나무,어린이공원,,경기도 광명시 하안동 260-10,37.4575186927,126.8818157795,1500.0,,,,,,19871224,경기도 광명시청,02-2680-2887,20251209
희망찬,어린이공원,,경기도 광명시 광명동 712,37.4723058727,126.8569901292,2563.0,,,,,,19861230,경기도 광명시청,02-2680-6298,20251209
은하수 어린이공원(지제세교지구),어린이공원,,경기도 평택시 지제동 640-3답,37.0155894314,127.0735979096,3110.0,,,,,,20130903,경기도 평택시청,031-8024-4248,20260313
철산,어린이공원,,경기도 광명시 철산동 629-1,37.488717274,126.8645224853,2615.0,,,,,,20051212,경기도 광명시청,02-2680-6298,20251209
송담9길 어린이공원(안중 송담지구),어린이공원,,경기도 평택시 안중읍 송담리 266-4,,,1513.0,발바닥지압걷기,고무칩포장+미끄럼틀+조합놀이대,,,수목보호판+집수정+흉관,20060206,경기도 평택시청,031-8024-4248,20260313
노래비 1호 어린이공원(모산영신지구),어린이공원,,경기도 평택시 동삭동 474,37.0203725424,127.087189141,2140.0,,,,,,20090930,경기도 평택시청,031-8024-4248,20260313
14호 근린공원(해창근린공원),근린공원,,경기도 평택시 고덕면 해창리 361-1전,37.032953772,127.019177578,19999.0,,,,,,20130104,경기도 평택시청,031-8024-4248,20260313
해찬솔어린이공원(46호),어린이공원,,경기도 평택시 고덕동 2738-5,37.031410224,127.0319705101,1857.0,,,,,,20150403,경기도 평택시청,031-8024-4248,20260313
46호,기타,,경기도 화성시 동탄구 오산동 988-3,37.1945410523,127.0910462224,4371.0,,,,,,,경기도 화성시 공원녹지사업소 동부공원관리과,031-5189-6961,20260201
솔내음공원,근린공원,,경기도 파주시 동패동 1688,37.725205653,126.7145029077,16097.9,배드민턴장,,,,,,경기도 파주시청,031-940-8406,20250618
거북이어린이공원,어린이공원,,경기도 용인시 수지구 상현동 1114,37.2972448706,127.0659548845,2041.0,,,,,,20070628,,,20250801
한강소공원20,소공원,,경기도 김포시 장기동 1979-4,,,889.0,체력단련시설,,,,,20081222,경기도 김포시 공원관리과,031-5186-4627,20251124
35호,기타,,경기도 화성시 동탄구 청계동 550-1,37.2030205315,127.1181131995,5234.9,,,,,,,경기도 화성시 공원녹지사업소 동부공원관리과,031-5189-6961,20260201
함박웃음 어린이공원(하갈지구),어린이공원,,경기도 용인시 기흥구 영덕동 1268 일원,37.2663404707,127.0948281675,4248.0,,,,,,20140923,,,20250801
슬기어린이공원,어린이공원,,경기도 군포시 산본동 1239,37.370890292,126.9359270489,3324.8,,,,,,20051024,경기도 군포시청,031-390-0478,20250912
솔뫼 어린이공원,어린이공원,,경기도 화성시 효행구 안녕동 213,37.2001013585,127.007415353,1555.0,,,,,,,,031-5189-6655,20260201
대야이3,수변공원,,경기도 시흥시 대야동 561-3,37.4444828787,126.7904013248,515.0,,,,,,20190626,경기도 시흥시청,031-310-2694,20251219
근린3(해로공원),근린공원,,경기도 시흥시 능곡동 860,37.374292336,126.8080836167,26740.6,,,,,,20231228,경기도 시흥시청,031-310-3873,20251219
13호,기타,,경기도 화성시 동탄구 청계동 533-1,37.2009038629,127.1128570757,2716.7,,,,,,,경기도 화성시 공원녹지사업소 동부공원관리과,031-5189-6961,20260201
산울림공원,근린공원,경기도 수원시 권선구 당수로 41-107,경기도 수원시 권선구 금곡동 1059,37.2770488747,126.9361135239,23151.4,농구장1,,,,,,경기도 수원시 권선구 녹지공원과,031-5191-6195,20260115
죽미령평화공원,역사공원,,경기도 오산시 내삼미동 산70-3,37.1836834189,127.0524421325,211486.0,,조합놀이대 등,,,,20160921,오산시 환경사업소 도시공원녹지과,031-8036-6475,20251222
하늘별무리(일산2-7),어린이공원,,경기도 고양시 일산동구 중산동 1803,37.6766698782,126.7864897653,1530.5,체력단련시설,조합놀이대+흔들놀이기구(흔들말+시소),,,,20020105,경기도 고양시 푸른도시사업소,031-8075-4337,20251215
갈곶제1소공원,소공원,,경기도 오산시 갈곶동 174,37.1303606328,127.0671623515,1781.0,,,,,,20071026,오산시 환경사업소 도시공원녹지과,031-8036-6475,20251222
소공원17,소공원,,경기도 군포시 금정동 689,,,653.5,,,,,,20160905,경기도 군포시청,031-390-0478,20250912
달빛어린이공원,어린이공원,,경기도 오산시 금암동 489,37.1776364715,127.0546753421,1649.0,,조합놀이대 등,,,,20050103,오산시 환경사업소 도시공원녹지과,031-8036-6475,20251222
163호,소공원,,경기도 부천시 원미구 약대동 208,37.510230015,126.7704319326,800.0,,,,,,20051226,경기도 부천시청,032-625-4864,20250731
너부대,어린이공원,,경기도 광명시 광명동 172-77,37.4786018919,126.8481577829,1631.0,,,,,,19861106,경기도 광명시청,02-2680-6298,20251209
장터말소공원,소공원,,경기도 광주시 역동 169-6,,,3125.8,,,,,,,광주도시관리공사,031-762-1039,20250820
고등공원,근린공원,경기도 성남시 수정구 왕남로 34,경기도 성남시 수정구 고등동 588 일원,37.4291687148,127.0979935144,52464.2,야외운동기구,,,,,20111013,경기도 성남시 공원과,031-729-4272,20251111
당동산업단지 3호,어린이공원,,경기도 파주시 문산읍 당동리 897,37.8660239588,126.7836245718,4421.9,,조합놀이대+흔들놀이+그네,,,,,경기도 파주시청,031-940-8406,20250618
느티마을공원,어린이공원,,경기도 성남시 분당구 정자동 91-1,37.3662763424,127.1117868693,5021.4,야외운동기구+다목적운동장,어린이놀이터,벤치+파고라+음수전,,,19910108,경기도 성남시 분당구 녹지공원과,031-729-7463,20251111
어울림문화공원,문화공원,,경기도 화성시 효행구 봉담읍 상리 708,37.2327978213,126.9428902112,26645.0,,,,,,,,031-5189-6655,20260201
66호소공원,소공원,경기도 수원시 팔달구 팔달로165번길 34-2,경기도 수원시 팔달구 화서동 40-4번지 삼신빌라,37.2834407619,127.0048565162,347.0,,휴게쉼터,,,,,경기도 수원시 화성사업소 문화유산시설과,031-5191-4473,20260115
아낌없이주는나무,어린이공원,경기도 수원시 팔달구 세지로 399번길 46,경기도 수원시 팔달구 우만동 487-1번지,37.2871673924,127.0278687935,3146.7,다목적구장노인정1 +다목적구장(풋살+게이트볼)2,조합놀이대1,노인정1,,,,경기도 수원시 팔달구 녹지공원과,031-5191-7043,20260115
소실봉근린공원,근린공원,경기도 용인시 수지구 만현로67번길 34-17,경기도 용인시 수지구 상현동 1198,37.3075701267,127.0920516389,19941.5,,,,,,20090817,,,20250801
금반 저류지 (저류지 6호),기타,,경기도 화성시 동탄구 반송동 635,,,272.3,,,,,,,경기도 화성시 공원녹지사업소 동부공원관리과,031-5189-6961,20260201
공공공지 6호,기타,,경기도 화성시 만세구 새솔동 54-1,37.2861543233,126.8153041818,128.6,,,,,,,,031-5189-6655,20260201
동탄1호 공공공지,기타,,경기도 화성시 동탄구 능동 1052-7,,,181.0,,,,,,,경기도 화성시 공원녹지사업소 동부공원관리과,031-5189-6961,20260201
보통리 쌈지공원,기타,,경기도 화성시 효행구 정남면 보통리 335-1,37.1822072542,126.9730850628,491.0,,,,,,,,031-5189-6655,20260201
안녕동 쌈지공원(2),기타,,경기도 화성시 효행구 안녕동 190-77,37.1988966877,127.0239389977,802.0,,,,,,,,031-5189-6655,20260201
근린공원(식사2),근린공원,,경기도 고양시 일산동구 식사동 621-16,37.6709422396,126.8110356863,21926.0,"체력단련시설,+농구장",조합놀이대,화장실,,야외무대,20140718,경기도 고양시 푸른도시사업소,031-8075-4337,20251215
12호소공원,소공원,,경기도 수원시 권선구 평동 13-236,,,1315.3,,휴게쉼터,,,,,경기도 수원시 권선구 녹지공원과,031-5191-6195,20260115
신평소공원,소공원,,경기도 하남시 신장동 585,37.5437679482,127.2113151747,1425.0,,,,,,,경기도 하남시청,031-5182-1579,20251218
한솔공원 9호,근린공원,,경기도 파주시 목동동 1008,37.7254542713,126.737776096,61603.7,,,,,,,경기도 파주시청,031-940-8406,20250618
권선늘푸른,근린공원,경기도 수원시 권선구 동탄원천로 818,경기도 수원시 권선구 권선동 1310번지,37.2479958759,127.0400992633,33855.6,농구장1,바닥분수1+ 야외무대1,화장실1,도서관,주차장,,경기도 수원시 권선구 녹지공원과,031-5191-6195,20260115
회천 제5호 근린공원,근린공원,경기도 양주시 회천중앙로 174,경기도 양주시 덕계동 910번지,37.8138580802,127.0496768634,10865.0,배드민턴장+체력단련시설,어린이놀이터,화장실+파고라+벤치,,,,경기도 양주시청 공원사업과,031-8082-7317,20250912
