bizplc_nm,licensg_ymd,bsn_state_nm,locplc_faclt_telno_dtls,locplc_ar_info,roadnm_zipno,refine_road_nm_addr,refine_lotno_addr,refine_zipno,dat_updt_hr,bizcond_div_nm_info,xcrd_vl,ycrd_vl
큐펫,20140320,말소,02-381-8990,0,10583,경기도 고양시 덕양구 통일로 *** (삼송동),,,2026-01-13 17:14:06,,190937.520717141,461531.036521274
도그데이,20221102,말소,,0,10592,"경기도 고양시 덕양구 삼송로 ***, 힐스테이트삼송역스칸센(*블럭) *층 ***호 (삼송동)",경기도 고양시 덕양구 삼송동 *** 힐스테이트삼송역스칸센(*블럭) ***호,10577,2026-01-13 17:14:08,,191155.299951584,461114.626096889
투게독,20161018,말소,,0,10401,"경기도 고양시 일산동구 중앙로 ****-**, ***호 (장항동, 라페스타D)",경기도 고양시 일산동구 장항동 ***-* ***호,10397,2026-01-13 17:14:06,,179483.46426884,462103.411563157
뷰티폼,20180323,말소,,0,10414,"경기도 고양시 일산동구 강석로 ***, 장항빌딩 *층 ***호 (마두동)",경기도 고양시 일산동구 마두동 *** 장항빌딩,,2026-01-13 17:14:06,,180455.674453384,460992.984497656
오늘의 개스트,20191016,말소,,0,10401,"경기도 고양시 일산동구 무궁화로 **, 남정씨티프라자* *층 ***호 (장항동)",경기도 고양시 일산동구 장항동 ***-* 남정씨티프라자,10397,2026-01-13 17:14:06,,179492.666132508,462272.008263397
아담스펫 강아지분양 고양이분양 일산점,20210309,말소,,0,10421,"경기도 고양시 일산동구 중앙로 ****, 제상가동 *층 ***호 (백석동, 흰돌마을*단지아파트)",경기도 고양시 일산동구 백석동 **** 흰돌마을*단지아파트,,2026-01-13 17:14:09,,180650.101712262,460559.038812402
은아 펫 타운,20210902,말소,,0,10246,"경기도 고양시 일산동구 고봉로 ***, *층 (성석동)",경기도 고양시 일산동구 성석동 ****-*,,2026-01-13 17:14:09,,180596.528032349,466657.447497035
릴스퍼피 강아지분양 일산점,20210929,말소,,0,10402,"경기도 고양시 일산동구 정발산로 **, 드림월드빌딩 *층 ***호 (장항동)",경기도 고양시 일산동구 장항동 ***-* 드림월드빌딩 ***호,10397,2026-01-13 17:14:09,,179703.277546761,461593.64421342
쥬박스 스코티쉬폴드,20220303,말소,031-913-0649,0,10386,"경기도 고양시 일산서구 중앙로 ****, 주엽역 삼부르네상스 B***호 (주엽동)",경기도 고양시 일산서구 주엽동 *** 주엽역 삼부르네상스 B***호,,2026-01-13 17:14:11,,178921.755604618,462986.547889216
펫이떳다,20110525,말소,031-594-8866,0,12226,경기도 남양주시 의안로 ***-** (평내동),경기도 남양주시 평내동 ***-*,,2026-01-13 17:17:34,,220915.088432066,460119.835281981
Dog Mom,20120920,말소,,0,,경기도 수원시 권선구 곡선로**번길 **-* (곡반정동),경기도 수원시 권선구 곡반정동 ***-*,,2026-01-13 17:19:36,,202529.055159422,415134.754528436
캐터리 플러스,20130820,말소,070-7794-3354,0,,"경기도 수원시 팔달구 효원로***번길 **, ***호 (인계동)",경기도 수원시 팔달구 인계동 ****-* ***호,,2026-01-13 17:19:36,,202990.651726252,417590.121856118
러브펫 멀티펫샵 수원곡반점,20140515,말소,,0,16671,경기도 수원시 권선구 곡반정로**번길 ** (곡반정동),경기도 수원시 권선구 곡반정동 ***-*,,2026-01-13 17:19:36,,202541.024668134,415067.471891842
페르시안 캣,20140904,말소,,0,16670,경기도 수원시 권선구 동수원로***번길 *** (곡반정동),경기도 수원시 권선구 곡반정동 ***-* (*층),,2026-01-13 17:19:36,,202864.974320186,415563.697658432
베리독 강아지고양이 수원점,20151207,말소,,0,16657,"경기도 수원시 권선구 덕영대로 ****, *층 ***호 (세류동)",경기도 수원시 권선구 세류동 ****-* ***호,,2026-01-13 17:19:36,,201494.378665459,416458.041843635
봉봉펫,20151216,말소,031-244-2419,0,16262,"경기도 수원시 팔달구 중부대로*번길 *, *층 (영동)",경기도 수원시 팔달구 영동 *층,16262,2026-01-13 17:19:36,,201498.317413839,419265.246937639
씨티애견,20080910,말소,031-434-3050,,,"경기도 시흥시 정왕시장길 **, ***호 (정왕동)",경기도 시흥시 정왕동 ****-* ***호,15119,2026-03-10 21:35:50,,177394.005798776,426773.757543338
K.B.T펫월드,20081217,말소,031-433-6434,0,,"경기도 시흥시 정왕천로***번길 *, ***호 (정왕동)",경기도 시흥시 정왕동 ****-* ***호,15119,2026-03-10 21:35:51,,178026.462563253,427060.346014499
바람난강아지,20090415,말소,,,,"경기도 시흥시 정왕시장길 **, ***호 (정왕동)",경기도 시흥시 정왕동 ****-* ***호,15119,2026-03-10 21:35:52,,177519.96,426935.526
우리애견,20090730,말소,,,,"경기도 시흥시 매화*로 **, ***호 (매화동)",경기도 시흥시 매화동 ***-** ***호,,2026-03-10 21:35:54,,183337.081524678,434998.890723225
오이도애견,20100416,말소,031-488-8234,,,"경기도 시흥시 오이도중앙로 ** (정왕동,(*층))",경기도 시흥시 정왕동 ****-** (*층),15119,2026-03-10 21:35:56,,172517.680770372,427222.387869391
도그앤도그,20100705,말소,031-432-2044,,,"경기도 시흥시 마유로 ***-**, ***호 (정왕동)",경기도 시흥시 정왕동 ****-* ***호,15119,2026-03-10 21:35:56,,177180.775369058,427626.071843399
블루아트캣,20130322,말소,031-497-8335,0,15059,"경기도 시흥시 큰솔로 **, ***호 (정왕동)",경기도 시흥시 정왕동 ****-* ***호,15119,2026-03-10 21:36:03,,177963.424698185,426575.939952421
이도그,20120827,말소,031-592-9655,0,12149,"경기도 남양주시 호평로 **, ***동 *호 (호평동, 호평 두산위브파크)",경기도 남양주시 호평동 *** 호평 두산위브파크,,2026-01-13 17:17:34,,221377.152109608,461571.455288391
퍼피쏭,20130426,말소,031-431-6979,0,15051,"경기도 시흥시 정왕천로***번길 *, *층 *호 (정왕동)",경기도 시흥시 정왕동 ****-* *층 *호,15119,2026-03-10 21:36:04,,177986.6105,426937.69
도그스타,20140618,말소,,0,10358,경기도 고양시 일산동구 산두로***번길 ** (정발산동),,,2026-01-13 17:14:06,,180457.485,463516.69
하우스펫,20180622,말소,,0,16891,경기도 용인시 기흥구 마북로***번길 **-* (마북동),경기도 용인시 기흥구 마북동 **-**,,2026-03-26 22:51:35,,211475.513011105,423755.510014241
My pet,20140924,말소,,0,10468,경기도 고양시 덕양구 고양대로****번길 *-** (성사동),경기도 고양시 덕양구 성사동 *** 신원당마을 동문상가 *층,,2026-01-13 17:14:06,,185762.208638136,461192.890606421
(주)성담시화 이마트,20120823,말소,031-451-6200,,15066,경기도 시흥시 정왕대로 *** (정왕동),경기도 시흥시 정왕동 ****-*,15119,2026-03-10 21:36:01,,176599.546077229,427145.740913738
다음펫,20200227,말소,,0,17547,"경기도 안성시 대덕면 내리*길 *, 리틀하우스",경기도 안성시 대덕면 내리 ***-* 리틀하우스,,2026-05-05 03:03:03,,219877.607891898,388760.313314546
슈퍼바우,20141222,말소,1600-3446,0,14063,경기도 안양시 동안구 흥안대로 *** (평촌동),경기도 안양시 동안구 평촌동 ***-*,,2026-04-24 21:32:55,,197678.500680085,432174.297457507
퍼피엘,20220809,말소,,0,11474,"경기도 양주시 옥정동로 ***, 호수메디프라자 *층 **호 (옥정동)",경기도 양주시 옥정동 ****-*,,2026-04-28 22:00:57,,208599.341991448,480182.422724352
오케이독안양점,20151012,말소,,0,13950,경기도 안양시 동안구 관악대로 *** (관양동),경기도 안양시 동안구 관양동 ****-** *층,,2026-04-24 21:32:55,,197673.866692423,433435.454543851
토토로펫평촌점,20151105,말소,,0,14058,"경기도 안양시 동안구 흥안대로 ***, *층 (평촌동)",경기도 안양시 동안구 평촌동 **-* *층,,2026-04-24 21:32:55,,197736.291591163,432530.312896486
펫트리,20160614,말소,031-381-7790,0,14048,"경기도 안양시 동안구 시민대로***번길 **, ***호 (비산동, Festa via)",경기도 안양시 동안구 비산동 ****-* 페스따비아 상가 ***호,,2026-04-24 21:32:55,,195284.256997931,432059.209451179
개냥이(Kaenyange),20170516,말소,031-383-2547,0,13929,"경기도 안양시 동안구 동편로 *, ***호 (관양동, 스마트프라자)",경기도 안양시 동안구 관양동 ****-*,,2026-04-24 21:32:55,,197405.281074226,433738.682409365
베테랑P&K,20200303,말소,,0,17064,"경기도 용인시 기흥구 중부대로 ***, *층 ***호 (신갈동)",경기도 용인시 기흥구 신갈동 **-*,,2026-03-26 22:51:35,,209589.131017061,418838.395858795
도기도기,20161216,말소,031-223-7222,0,16572,경기도 수원시 권선구 효원로 ** (세류동),경기도 수원시 권선구 세류동 **-***,,2026-01-13 17:19:37,,201043.867210739,418234.935706557
똑똑,20190930,말소,,0,18244,"경기도 화성시 만세구 수노을*로 **, 스타타워 ***, ***호 (새솔동)",경기도 화성시 만세구 새솔동 *,18245,2026-02-01 10:34:18,,,
퍼피파파,20140912,말소,031-261-2077,0,16814,경기도 용인시 수지구 신봉*로 *** (신봉동),경기도 용인시 수지구 신봉동 *로 *** (신봉동),,2026-03-26 22:51:43,,206556.46947489,424724.019990124
해피애견타운 용인수지점,20141027,말소,031-365-4545,0,16857,"경기도 용인시 수지구 수지로 **, *층 ***호 (상현동, 힐프라자)",경기도 용인시 수지구 상현동 ***-*,,2026-03-26 22:51:43,,206657.909660156,423113.578121466
더블유펫 테마파크,20180407,말소,031-947-1998,0,10858,경기도 파주시 탄현면 새오리로 ***-**,경기도 파주시 탄현면 만우리 ***-*,10858,2026-01-13 17:26:35,,172910.25953073,478959.045575078
애견 oh! dog,20150211,말소,,0,15049,"경기도 시흥시 오동마을로*번길 **-*, ***호 (정왕동)",경기도 시흥시 정왕동 ****-* ***호,15119,2026-03-10 21:36:09,,177248.309343571,427902.929433874
파블로프애견,20151027,말소,031-316-0020,0,15015,"경기도 시흥시 오이도로 ***, *,*층 (정왕동)","경기도 시흥시 정왕동 ****-** *,*층",15119,2026-03-10 21:36:10,,172217.964902371,426877.630797322
개인의 취향,20161229,말소,,0,15002,경기도 시흥시 진말로*번길 **-** (장곡동),경기도 시흥시 장곡동 ***-*,,2026-03-10 21:36:12,,180829.343612991,430790.666958714
(주)코펫스쿨,20220406,말소,031-319-1916,0,15011,"경기도 시흥시 서해안로 ***, 배곧두손지젤타워 B동 ***호 (배곧동)",경기도 시흥시 배곧동 ***-* 배곧두손지젤타워,,2026-03-10 21:36:22,,176194.216987428,429583.715452083
해오름동물병원,20180417,말소,031-953-7587,0,10816,"경기도 파주시 문산읍 당동*로 **, 우리빌 ***호",경기도 파주시 문산읍 당동리 ***-*,,2026-01-13 17:26:35,,180921.585774435,485062.830089861
쿨펫동물병원,20080201,말소,031-897-0072,0,,,경기도 용인시 기흥구 보정동 ***-* 롯데마트 *층,,2026-03-26 22:51:34,,208744.181347972,424312.39111545
루루애견용품할인매장,20080930,말소,031-283-0702,,17064,경기도 용인시 기흥구 신갈로**번길 ** (신갈동),경기도 용인시 기흥구 신갈동 **-*,,2026-03-26 22:51:34,,209437.650101892,418907.247151521
수지애견,20080630,말소,,,,경기도 화성시 만세구 우정읍 멱우방죽*길 **,경기도 화성시 만세구 우정읍 멱우리 ***-**,,2026-02-01 10:34:17,,182726.110840774,400675.979412626
포쉬퍼피,20080710,말소,,0,,경기도 화성시 만세구 팔탄면 제암고주로 ***-*,경기도 화성시 만세구 팔탄면 고주리 **,,2026-02-01 10:34:17,,190003.199521003,403557.211285884
웃는강아지,20090518,말소,031-262-0279,,,,경기도 용인시 기흥구 보정동 ****-* 현타워 ***호,,2026-03-26 22:51:34,,209590.716224934,424244.825220836
코코펫,20211228,말소,,0,18473,"경기도 화성시 동탄구 지산*길 **-*, ***호 (영천동)",경기도 화성시 동탄구 영천동  ***-*,,2026-02-01 10:34:18,,210162.510558158,411527.414202449
베스트 독,20121206,말소,070-8231-7636,,,"경기도 의정부시 시민로 *** (신곡동,외*필지 지상*층)",경기도 의정부시 신곡동 ***-** 외*필지 지상*층,,2026-01-13 17:25:34,,204749.987762289,470540.401678241
현대동물병원,20141218,말소,,0,11789,경기도 의정부시 충의로 ** (용현동),,,2026-01-13 17:25:34,,207635.889238126,470408.423773618
앨리스펫,20151020,말소,,0,11672,경기도 의정부시 흥선로 **-* (가능동),경기도 의정부시 가능동 ***-*,11611,2026-01-13 17:25:34,,203139.541913929,471115.516462849
펫모아,20151110,말소,,0,11636,경기도 의정부시 신흥로 ** (호원동),경기도 의정부시 호원동 ***-*,,2026-01-13 17:25:34,,203771.249586075,469127.7908207
팝 아이슬랜드,20170522,말소,,0,11813,"경기도 의정부시 오목로***번길 **-** (민락동, ***호)",,,2026-01-13 17:25:34,,208599.99848844,471488.900819717
누구~개,20170711,말소,,0,11773,경기도 의정부시 부용로***번길 ** (신곡동),,,2026-01-13 17:25:34,,206849.996231295,471895.032226722
까사,20180413,말소,,0,11670,"경기도 의정부시 신흥로 ***, *층 (의정부동)",경기도 의정부시 의정부동 ***-**,,2026-01-13 17:25:34,,203753.831931879,470933.134735754
sugar puppy,20201230,말소,,0,11654,"경기도 의정부시 경의로 **, 진한빌딩 *층 ****호 (의정부동)",경기도 의정부시 의정부동 ***-*,,2026-01-13 17:25:34,,203733.371996516,470033.651232914
행복한 강아지,20081029,말소,032-651-0079,,,,경기도 부천시 소사구 심곡본동 ***-*,,2026-01-13 17:18:35,,180121.970450921,441849.513399608
엔젤애견,20080307,말소,,,,경기도 평택시 송탄로 *** (지산동),경기도 평택시 지산동 ***-**,,2026-01-13 17:27:04,,205055.32855895,397252.397477158
기저귀찬 강아지,20081208,말소,,,,경기도 평택시 탄현로 *** (신장동),경기도 평택시 신장동 ***-*,,2026-01-13 17:27:05,,204802.525573885,397437.661127822
송탄애견,20120820,말소,,0,,경기도 평택시 탄현로 *** (독곡동),경기도 평택시 신장동 ***-*,,2026-01-13 17:27:05,,204834.408684231,397205.986214914
애견나라,20140829,말소,,0,17936,경기도 평택시 안중읍 안현로서*길 **,경기도 평택시 안중읍 안중리 ***-**,,2026-01-13 17:27:05,,193631.015768363,387352.671881242
차차펫하우스,20160913,말소,,0,17954,"경기도 평택시 포승읍 여술로**번길 **, 상가동 ***호 (포승삼부르네상스*단지)",경기도 평택시 포승읍 도곡리 ****,,2026-01-13 17:27:05,,186353.92286023,387703.716885502
행복한 냥이네,20170324,말소,031-656-7574,0,17919,경기도 평택시 원평로 ** (통복동),경기도 평택시 통복동 ***-*,,2026-01-13 17:27:05,,207142.805949432,388004.550999008
야옹이를 부탁해,20170627,말소,,0,17871,경기도 평택시 문화촌로 ** (비전동),경기도 평택시 비전동 ***-*,,2026-01-13 17:27:05,,210121.774444464,388363.418420672
도니바니,20230403,말소,,0,11813,"경기도 의정부시 오목로***번길 ***, *동 ***호 (민락동)",경기도 의정부시 민락동 ***-*,,2026-05-07 03:03:03,,208318.12130044,471464.207596839
Withdog2(위드도기),20180705,말소,,0,16897,"경기도 용인시 기흥구 죽전로**번길 *, ***호 (보정동)",경기도 용인시 기흥구 보정동 ****-**,,2026-03-26 22:51:35,,209699.6,424340.52
Lucy dog(루시독),20161018,말소,,0,18472,"경기도 화성시 동탄구 동탄순환대로 ***, ***~***호 (영천동)",경기도 화성시 동탄구 영천동  ***-*,,2026-02-01 10:34:17,,209702.700743795,411700.00970635
미쓰(MISS)멍,20121023,말소,031-352-6077,,,"경기도 화성시 만세구 향남읍 행정동로 **, ***동 ***호 (향남시범복사꽃마을한국아델리움)",경기도 화성시 만세구 향남읍 행정리 *** ***호,,2026-02-01 10:34:17,,193611.266839455,403312.548881955
햄보케,20220818,말소,,0,11486,"경기도 양주시 삼숭로**번길 **, *층 *호 (삼숭동)",경기도 양주시 삼숭동 ***-*,,2026-04-28 22:00:57,,209155.44167317,477597.373508965
쿨펫동물병원(동탄점),20130321,말소,031-8015-5413,0,18451,경기도 화성시 동탄구 동탄중앙로 *** (석우동),경기도 화성시 동탄구 석우동  **,,2026-02-01 10:34:17,,207005.769592372,412503.434111401
발안애견,20130829,말소,,0,18594,경기도 화성시 만세구 향남읍 *.*만세로 ****,경기도 화성시 만세구 향남읍 발안리 ***-**,,2026-02-01 10:34:17,,191612.46586663,403260.079514038
졸리펫,20120831,말소,031-411-2555,,,경기도 안산시 상록구 월피로 ** (월피동),경기도 안산시 상록구 월피동 ***-*,,2026-03-26 22:46:09,,186670.5139438,425722.181441075
펫랜드,20161130,말소,,0,18434,"경기도 화성시 동탄구 동탄지성로 **, ***,***호 (반송동, PARK PLAZA)",경기도 화성시 동탄구 반송동  **-*,,2026-02-01 10:34:17,,205761.778829017,411709.283473308
쥬쥬클럽,20130311,말소,031-408-6781,0,15630,경기도 안산시 상록구 장화*안길 ** (사동),경기도 안산시 상록구 사동 ****-**,,2026-03-26 22:46:09,,186910.246454394,420239.894197449
"오독, Oh dog",20140219,말소,,0,14963,"경기도 시흥시 월곶해안로 ***, *,*,*,*호 (월곶동)",경기도 시흥시 월곶동 ****-**,,2026-03-10 21:36:06,,176495.402218194,431764.844038523
우리애견,20120508,말소,031-417-2827,,,"경기도 안산시 상록구 용신로 ***, ***호 (사동)",경기도 안산시 상록구 사동 ****-* ***호,,2026-03-26 22:46:09,,186876.056862072,422344.136358038
윙크펫,20131014,말소,031-409-5556,0,15326,경기도 안산시 상록구 성호로 ** (일동),경기도 안산시 상록구 일동 ***-*,,2026-03-26 22:46:09,,188120.355,423169.115
에반스 힐,20161021,말소,031-417-8957,0,15552,"경기도 안산시 상록구 충장로*안길 **, *층 (본오동, 홈네스트빌 )",,,2026-03-26 22:46:10,,187668.594439685,421158.042577123
곰아저씨애견샵,20140710,말소,031-432-6377,0,15049,"경기도 시흥시 오동마을로 **, *층 (정왕동)",경기도 시흥시 정왕동 ****-*,15119,2026-03-10 21:36:07,,177185.523929572,427912.31361024
펫스토리,20141205,말소,031-488-8856,0,15049,"경기도 시흥시 마유로***번길 **, ***호 (정왕동, 정왕프라자)",경기도 시흥시 정왕동 정왕프라자 ***호,15119,2026-03-10 21:36:08,,177150.29275918,427712.395055463
안다펫,20220221,말소,,0,18496,"경기도 화성시 동탄구 동탄산척로*나길 *-*, *층 (산척동)",경기도 화성시 동탄구 산척동  ***-*,,2026-02-01 10:34:18,,210001.996035049,408069.647500305
베테랑P&K,20210209,말소,031-8043-2646,0,18501,"경기도 화성시 동탄구 동탄순환대로 ***, 성민리치타워(SMP타워) *층 ***호 (산척동)",경기도 화성시 동탄구 산척동 ***-* 성민리치타워(SMP타워) *층 ***호,,2026-03-04 21:32:50,,210426.980564975,407536.8534743
1%애견,20130311,말소,031-415-5775,0,15578,경기도 안산시 상록구 용신로 *** (사동),경기도 안산시 상록구 사동 ****-*,,2026-03-26 22:46:09,,185828.571377753,422376.159969308
얼짱펫,20110715,말소,,,,경기도 안양시 동안구 인덕원로**번길 ** (관양동),경기도 안양시 동안구 관양동 ****,,2026-04-24 21:32:55,,197768.293422286,433232.298599895
스타퍼피앤캣,20170714,말소,031-352-9535,0,18606,경기도 화성시 만세구 향남읍 한절이*길 **,경기도 화성시 만세구 향남읍 하길리 ****-*,,2026-02-01 10:34:17,,192534.905516303,401839.282731428
마이독,20141103,말소,031-401-6618,0,15466,"경기도 안산시 단원구 한양대학로 ***, ***호 (고잔동)",경기도 안산시 단원구 고잔동 ***-* ***호,,2026-03-26 22:46:09,,185459.947748445,423560.701810183
바바라하우스,20080806,말소,031-221-5236,0,16667,경기도 수원시 권선구 동수원로***번길 *-* (곡반정동),경기도 수원시 권선구 곡반정동 ***-*,,2026-01-13 17:19:36,,202707.019747592,415710.372440023
정우애견,20110826,말소,031-292-3798,0,16650,경기도 수원시 권선구 매송고색로 ***-* (고색동),경기도 수원시 권선구 고색동 ***-*,,2026-01-13 17:19:36,,198207.510915401,416498.697701638
매력있개 도도한냥,20150108,말소,070-8256-2421,0,15583,"경기도 안산시 상록구 감골로 ***, ***호 (사동)",경기도 안산시 상록구 사동 ****-* ***호,,2026-03-26 22:46:09,,187346.919956178,421905.358077859
펫스토어,20150727,말소,070-8847-0018,0,15477,경기도 안산시 단원구 광덕동로 ** (고잔동),경기도 안산시 단원구 고잔동 ***-*,,2026-03-26 22:46:09,,185044.112821162,422892.883444991
멋진 고양이,20170411,말소,,0,15583,경기도 안산시 상록구 이화*길 ** (사동),경기도 안산시 상록구 사동 ****,,2026-03-26 22:46:10,,187150.202172089,422160.479933154
베베펫샵,20141231,말소,070-4685-9950,0,16376,"경기도 수원시 권선구 당진로 ** (당수동, 삼성프라자)",경기도 수원시 권선구 당수동 ***-*,16379,2026-01-13 17:19:36,,194631.554970191,420979.122280695
드럼통고양이,20180521,말소,031-408-9722,0,15495,"경기도 안산시 상록구 광덕*로 ***, 덕성프라자 ***호 (이동)",경기도 안산시 상록구 이동 ***-** 덕성프라자,,2026-03-26 22:46:10,,186813.342863223,422929.94691684
멍멍이와야옹이,20140818,말소,031-224-8256,0,18411,경기도 화성시 병점구 경기대로 **** (병점동),,,2026-02-10 21:32:50,,,
안산 강아지 펫퍼스트 24시,20190926,말소,,0,15477,"경기도 안산시 단원구 광덕*로 ***, 스카이프라자 ***호 (고잔동)",경기도 안산시 단원구 고잔동 ***-* 스카이프라자,,2026-03-26 22:46:10,,184965.105936543,422924.244315916
고양이를 사랑하는 남자,20191231,말소,,0,15513,"경기도 안산시 상록구 충장로 ***, 고시원 *층 (이동)",경기도 안산시 상록구 이동 ***-* 고시원,,2026-03-26 22:46:10,,187459.829764722,422534.998285124
심쿵 애견,20150204,말소,,0,18553,경기도 화성시 만세구 서신면 해안길 ***-*,경기도 화성시 만세구 서신면 제부리 ***-**,18553,2026-02-01 10:34:17,,166089.865853998,407535.27477458
도그앤도그,20090721,말소,031-432-2044,,,"경기도 시흥시 마유로 ***-**, ***호 (정왕동)",경기도 시흥시 정왕동 ****-* ***호,15119,2026-03-10 21:35:53,,177180.775369058,427626.071843399
베이비몽 김포,20170807,말소,,0,10090,"경기도 김포시 김포한강*로**번길 **, ***호 (장기동, 라베니체마치에비뉴Ⅰ)",경기도 김포시 장기동 ****-*,,2026-01-13 17:17:05,,171561.306849404,460014.91165606
다음펫,20200527,말소,,0,15580,"경기도 안산시 상록구 석호공원로 **, ***호 (사동)",경기도 안산시 상록구 사동 ****-*,,2026-03-26 22:46:10,,186461.770054616,422202.048919152
스마일애견,20080704,말소,,0,11735,경기도 의정부시 시민로 *** (신곡동),,,2026-05-07 03:03:03,,205314.976607169,470349.187637358
쥬다방,20210108,말소,,0,15851,경기도 군포시 당정역로 ** (당정동),경기도 군포시 당정동 ****-*,,2026-04-21 03:03:03,,195400.459164456,426870.204497885
LOVING PET,20221124,말소,,0,15389,"경기도 안산시 단원구 화랑로 ***, *동 ***호 (원곡동)",경기도 안산시 단원구 원곡동 ****,,2026-03-26 22:46:11,,,
핫도그,20160912,말소,,0,16524,경기도 수원시 영통구 산남로**번길 ** (매탄동),경기도 수원시 영통구 매탄동 ***-**,,2026-01-13 17:19:37,,203996.67005261,418726.914886332
히얼퍼피,20230714,말소,,0,15884,"경기도 군포시 송부로**번길 *-**, ***호 (도마교동)",경기도 군포시 도마교동 ***-*,,2026-04-21 03:03:03,,192520.227474924,423716.091707873
도담캣,20191120,말소,,0,15011,"경기도 시흥시 서울대학로***번길 **, 시흥배곧 아브뉴프랑 센트럴 오렌지 ***호 (정왕동)",경기도 시흥시 정왕동 ****-** 시흥배곧 아브뉴프랑 센트럴 오렌지,15119,2026-03-10 21:36:16,,175820.421330517,429682.135298707
아담스펫강아지&가필드고양이,20190624,말소,,0,16471,"경기도 수원시 팔달구 중부대로 **, ***동 ***호 (인계동)",경기도 수원시 팔달구 인계동 **** ***동 ***호,,2026-01-13 17:19:37,,202186.261920848,419332.96613575
(주)유일컴퍼니 몬스터펫샵,20180424,말소,,0,12139,경기도 남양주시 진건읍 양진로 ***-**,경기도 남양주시 진건읍 진관리 **-*,,2026-01-13 17:17:35,,215138.759702487,461172.765244674
다정한 고양이,20220127,말소,,0,16507,"경기도 수원시 영통구 센트럴타운로 ***, *층 **호 (이의동, 광교푸르지오 월드마크, 월드스퀘어)","경기도 수원시 영통구 이의동 **** 광교푸르지오 월드마크,  월드스퀘어",16508,2026-01-13 17:19:37,,204219.521658448,421105.173167299
빅토리펫,20090817,말소,,0,11773,경기도 의정부시 부용로***번길 ** (신곡동),,,2026-01-13 17:25:34,,206840.370185495,471904.572179469
키우시개,20170719,말소,031-679-0322,0,17006,"경기도 용인시 기흥구 동백*로 **, 가동 지하*층 B***호 (중동, 쥬네브문월드빌딩)",경기도 용인시 기흥구 중동 *** 가동 B***호,,2026-03-26 22:51:35,,213356.807704504,419341.204287297
미인개,20131120,말소,031-352-0208,0,18598,경기도 화성시 만세구 향남읍 행정서로*길 **,경기도 화성시 만세구 향남읍 행정리 ***-* 다영빌딩 ***호,,2026-02-01 10:34:17,,192347.81,402806.774999999
아쿠아오리지널 롯데마트장암점,20121107,말소,031-711-7785,,,경기도 의정부시 장곡로 *** (장암동),경기도 의정부시 장암동 **-**,,2026-05-07 03:03:03,,204630.543411273,469034.163890834
러브펫멀티펫샵 삼송점,20141030,말소,,0,10595,경기도 고양시 덕양구 동송로 ** (동산동),경기도 고양시 덕양구 동산동 ***,,2026-01-13 17:14:06,,191035.945157622,460676.700429775
스타펫 강아지,20180823,말소,,0,17854,"경기도 평택시 비전*로 ***, *층 ***호 (비전동)",경기도 평택시 비전동 ****,,2026-01-13 17:27:05,,209976.860322504,388853.815140368
펫사랑일산점,20141219,말소,,0,10401,"경기도 고양시 일산동구 중앙로****번길 **, *층 (장항동, 홈플러스일산점)",경기도 고양시 일산동구 장항동 ***,10397,2026-01-13 17:14:06,,179536.212704008,461876.531597015
페츠하임,20150817,말소,1644-6645,0,10406,경기도 고양시 일산동구 일산로 *** (정발산동),경기도 고양시 일산동구 정발산동 ****,,2026-01-13 17:14:06,,180730.602293494,462893.271139664
DOG WAL,20150916,말소,,0,10476,경기도 고양시 덕양구 은빛로**번길 ** (화정동),경기도 고양시 덕양구 화정동 ***,,2026-01-13 17:14:06,,184959.294579227,459827.474524385
데려가시개,20151118,말소,,0,10403,"경기도 고양시 일산동구 중앙로 **** (장항동, 동양메이저빌오피스텔)",경기도 고양시 일산동구 장항동 *** 동양메이저 오피스텔 ***호,10397,2026-01-13 17:14:06,,180064.545989764,461521.765221184
야옹이발바닥,20151222,말소,031-902-0520,0,10424,경기도 고양시 일산동구 강촌로**번길 *-* (백석동),경기도 고양시 일산동구 백석동 ****-*,,2026-01-13 17:14:06,,180483.679756625,460467.933356857
가림사료,20160404,말소,,0,10262,경기도 고양시 덕양구 통일로 *** (관산동),,,2026-01-13 17:14:06,,189978.096168564,464007.597052369
동탄강아지분양 도그데이,20240108,말소,,0,18497,"경기도 화성시 동탄구 동탄대로 ***, A동 ***호 (송동, 동탄린스트라우스더레이크)",경기도 화성시 동탄구 송동 *** 동탄린스트라우스더레이크,,2026-03-04 21:32:50,,209253.387443815,407725.114639407
도그워시,20170420,말소,,,10401,"경기도 고양시 일산동구 무궁화로 **-**, ***호 (장항동, 라페스타E)",경기도 고양시 일산동구 장항동 *** 라페스타E ***호,10397,2026-01-13 17:14:06,,179444.375045271,462243.31266478
골드펫&골드이어,20170728,말소,,,10497,"경기도 고양시 덕양구 화중로***번길 ** (화정동, 화정씨네마플러스)",경기도 고양시 덕양구 화정동 ***-*,,2026-01-13 17:14:06,,185206.294104618,459287.006835814
버디퍼피 강아지분양 일산점,20180620,말소,,0,10403,"경기도 고양시 일산동구 정발산로 **, 웨스턴돔* B동 *층 ***호 (장항동)",경기도 고양시 일산동구 장항동 *** 웨스턴돔* B동 ***호,10397,2026-01-13 17:14:06,,179867.687196662,461402.023019802
더 브리티쉬,20190218,말소,,0,10359,경기도 고양시 일산동구 일산로***번길 **-** (정발산동),경기도 고양시 일산동구 정발산동 ****-*,,2026-01-13 17:14:06,,180135.734302282,463395.759911632
멍냥집사,20210202,말소,,0,10564,"경기도 고양시 덕양구 권율대로 ***, *호선 원흥역 봄오피스텔 *층 ***호 (원흥동)",경기도 고양시 덕양구 원흥동 *** *호선 원흥역 봄오피스텔,,2026-01-13 17:14:08,,188825.531654693,460840.60207293
예쁜개 강아지분양,20210722,말소,,0,10461,"경기도 고양시 덕양구 호국로***번길 **, *층 ***호 (주교동)",경기도 고양시 덕양구 주교동 ***-*,,2026-01-13 17:14:08,,185234.235766791,461558.550082431
펍스에비뉴,20220711,말소,,0,10551,"경기도 고양시 덕양구 도래울로 **, 센트럴타워 ***호 (도내동)",경기도 고양시 덕양구 도내동 **** 센트럴타워,,2026-01-13 17:14:08,,188377.666255092,458597.741802129
수원랜드,20080311,말소,,0,,경기도 화성시 만세구 마도면 두곡서길**번길 **,경기도 화성시 만세구 마도면 두곡리 ***,,2026-02-01 10:34:17,,180471.898082575,411393.784208785
스마트애견,20150406,말소,,0,11699,경기도 의정부시 경의로***번길 ** (의정부동),경기도 의정부시 의정부동 ***-**,,2026-05-07 03:03:03,,204370.82,469834.475
보우애견샵,20090708,말소,,0,,경기도 가평군 하면 현창로**번길 **-*,경기도 가평군 하면 현리 ***-**,,2026-01-13 17:13:32,,,
위즈펫,20151229,말소,031-853-0275,0,11787,"경기도 의정부시 산단로**번길 *** (용현동, 롯데마트 의정부점)",,,2026-05-07 03:03:03,,207357.633104922,471153.493650556
털복숭폼,20160922,말소,,0,15551,"경기도 안산시 상록구 본오로 **-*, *층 (본오동)",,,2026-03-26 22:46:10,,188069.136360486,421224.413142284
흰둥이네집,20131029,말소,,0,16028,경기도 의왕시 내손중앙로 ** (내손동),경기도 의왕시 내손동 ***,,2026-04-26 22:00:48,,198350.873047234,431495.183518108
펫맘,20190419,말소,,0,15455,"경기도 안산시 단원구 원포공원*로 **, 메가쇼핑* ***호 (초지동)",경기도 안산시 단원구 초지동 ***-** 메가쇼핑*,,2026-03-26 22:46:10,,183364.713520375,422214.592127284
아이러브도그,20080901,말소,031-491-6069,0,15374,경기도 안산시 단원구 화랑로 ** (원곡동),경기도 안산시 단원구 원곡동 ***-**,,2026-03-26 22:46:08,,181895.474950531,425472.835727754
애옹애몽,20230131,말소,031-377-9001,0,18496,"경기도 화성시 동탄구 동탄산척로*나길 **-*, *층 (산척동)",경기도 화성시 동탄구 산척동  ***-**,,2026-02-01 10:34:18,,209984.993533931,408083.343171675
"광교 강아지분양, 고양이분양 도그마루",20161226,말소,,0,16509,"경기도 수원시 영통구 에듀타운로 **, ***호, ***호 (이의동, 명품프라자)","경기도 수원시 영통구 이의동 **** ***호, ***호",16508,2026-01-13 17:19:37,,204520.090517539,420332.348471544
위드도기(With Dog2),20170501,말소,,0,16226,"경기도 수원시 영통구 대학*로**번길 **, *층 (이의동)",경기도 수원시 영통구 이의동 ****-*,16508,2026-01-13 17:19:37,,204001.508045647,421827.397277441
강아지세상,20080710,말소,031-298-0353,0,16395,경기도 수원시 권선구 금호로 **-* (호매실동),경기도 수원시 권선구 호매실동 **-*,,2026-01-13 17:19:36,,196270.659940907,418682.178178104
노을애견,20080806,말소,031-213-7717,0,16539,경기도 수원시 영통구 매탄로 *** (매탄동),경기도 수원시 영통구 매탄동 ***-**,,2026-01-13 17:19:36,,204020.466378311,418274.565589659
TOP DOG,20170918,말소,031-202-1233,0,16703,"경기도 수원시 영통구 매영로***번길 **, *층 ***호 (영통동)",경기도 수원시 영통구 영통동 ***-*,,2026-01-13 17:19:37,,206438.975738155,417076.600854696
펫마을,20180214,말소,,0,16443,"경기도 수원시 팔달구 화양로**번길 **, *층 (화서동)",경기도 수원시 팔달구 화서동 ***-*,,2026-01-13 17:19:37,,199634.972093188,419772.509804182
개좋아,20190218,말소,,0,16524,"경기도 수원시 영통구 매여울로 **, ***호 (매탄동)",경기도 수원시 영통구 매탄동 ***-**,,2026-01-13 17:19:37,,204045.46042071,418794.016597166
박종화 애견,20080714,말소,031-242-7970,0,16439,경기도 수원시 팔달구 장안로 * (화서동),경기도 수원시 팔달구 화서동 **-*,,2026-01-13 17:19:36,,200543.065243983,420384.54758562
CAT star,20191021,말소,,0,16504,"경기도 수원시 영통구 센트럴파크로***번길 **-*, *층 (이의동)",경기도 수원시 영통구 이의동 ****-**,16508,2026-01-13 17:19:37,,205005.64103099,421519.097388919
퍼피맘 애견샵,20110331,말소,,0,16239,경기도 수원시 팔달구 팔달문로***번길 ** (우만동),경기도 수원시 팔달구 우만동 ***-**,,2026-01-13 17:19:36,,202885.144294572,420211.164076673
이리온,20201023,말소,,0,16226,"경기도 수원시 영통구 대학로 **, ***호 (이의동)",경기도 수원시 영통구 이의동 ****-* ***호,16508,2026-01-13 17:19:37,,203707.245605666,421794.32163587
래빗 펫,20231106,말소,,0,16539,"경기도 수원시 영통구 매탄로***번길 **, *(일부)층 (매탄동)",경기도 수원시 영통구 매탄동 ***-**,,2026-01-13 17:19:37,,204008.504064087,418067.641798891
서부애견경매장,20150602,말소,,0,10134,경기도 김포시 고촌읍 김포대로 ***-**,경기도 김포시 고촌읍 전호리 ***-*,,2026-01-13 17:17:04,,180831.9651774,454307.393570004
애견사랑방,20080520,말소,,,,경기도 의정부시 의정로 *** (가능동),경기도 의정부시 가능동 ***-*,11611,2026-01-13 17:25:34,,202995.930000018,471406.418027684
애견클럽,20080520,말소,,,,경기도 의정부시 비우로 ** (녹양동),경기도 의정부시 녹양동 **-**,,2026-01-13 17:25:34,,203125.975278584,472882.92005636
애견풀하우스,20080527,말소,,0,11692,경기도 의정부시 태평로 ***-* (의정부동),,,2026-01-13 17:25:34,,204453.200337984,471120.08173133
예쁜강아지,20080527,말소,,0,11685,경기도 의정부시 평화로 *** (가능동),,,2026-01-13 17:25:34,,,
이쁜강쥐,20080704,말소,,0,11676,경기도 의정부시 신촌로 ** (가능동),,,2026-01-13 17:25:34,,203191.548266202,471990.710395794
강아지,20081118,말소,,0,11710,경기도 의정부시 평화로***번길 * (호원동),,,2026-01-13 17:25:34,,204149.731354346,467879.835438998
퍼피라인,20100514,말소,,,,경기도 의정부시 신흥로 *** (가능동),경기도 의정부시 가능동 ***-**,11611,2026-01-13 17:25:34,,203667.349408539,471960.332328732
퍼피 앤 더 시티,20120622,말소,,,,"경기도 의정부시 녹양로**번길 ** (가능동,동원@상가 *층 ***호)",경기도 의정부시 가능동 ***-** 동원@상가 *층 ***호,11611,2026-01-13 17:25:34,,203296.945696161,472641.713674471
뽀뽀애견,20120307,말소,,,,,경기도 평택시 이충동 ***-*,,2026-01-13 17:27:05,,205213.296098032,395057.426660042
캣앤도그,20141111,말소,,0,17948,경기도 평택시 현덕면 서해로 ***-**,경기도 평택시 현덕면 장수리 ***-**,17948,2026-01-13 17:27:05,,192142.360068062,382371.966118926
요미독,20170904,말소,,0,17854,"경기도 평택시 비전*로 *-*, ***호 (비전동, 시티프라자)",경기도 평택시 비전동 ****-* ***호,,2026-01-13 17:27:05,,209940.657625636,388753.606069729
이리온 동물병원(병점점),20141223,말소,031-266-8982,0,18412,경기도 화성시 병점구 경기대로 *** (병점동),,,2026-02-10 21:32:50,,,
쇼독,20100721,말소,,,,,경기도 고양시 일산동구 장항동 ***-* 우림로데오스위트 ***-*,10397,2026-01-13 17:14:05,,179718.471062692,461975.053805917
멍빠,20150424,말소,031-2338-2098,0,18403,"경기도 화성시 병점구 병점로 **, ***호 (병점동)",,,2026-02-10 21:32:50,,,
주주애견할인매장,20090205,말소,,0,15495,경기도 안산시 상록구 광덕*로 *** (이동),경기도 안산시 상록구 이동 ***-**,,2026-03-26 22:46:08,,186813.342863223,422929.94691684
강아지천국,20110603,말소,,,,"경기도 안산시 단원구 와동로 **, ***호 (와동)",경기도 안산시 단원구 와동 ***-* ***호,,2026-03-26 22:46:09,,184782.478310793,425853.110610457
스핑제리,20230331,말소,,0,18542,"경기도 화성시 만세구 마도면 마도공단로*길 *, 마도지구유통업무및지원시설 가동 *층 ***-*호",경기도 화성시 만세구 마도면 쌍송리 *** 마도지구유통업무및지원시설,,2026-02-01 10:34:18,,181324.988086745,409385.427774213
권애견,20090602,말소,,,,"경기도 시흥시 호현로 **, ***호 (대야동)",경기도 시흥시 대야동 ***-* ***호,,2026-03-10 21:35:53,,181107.335863788,438288.286611461
독블레스,20191014,말소,,0,17854,"경기도 평택시 비전*로 **-**, ***호 (비전동)",경기도 평택시 비전동 ****-* ***호,,2026-01-13 17:27:05,,210170.172281289,388671.898918524
베테랑 동물병원,20200818,말소,031-682-5552,0,17805,"경기도 평택시 청북읍 안청로*길 **, *층",경기도 평택시 청북읍 옥길리 ****-*,,2026-01-13 17:27:05,,192489.990478711,390960.542957268
애견세계,20080414,말소,031-864-5029,0,11347,"경기도 동두천시 중앙로 *** (지행동, 영스포렉스***호)",경기도 동두천시 지행동 ***-*,,2026-01-13 17:18:02,,204477.938349617,487797.24990714
Dog vow,20160106,말소,031-868-1008,0,11354,"경기도 동두천시 동두천로 **, *층 ***호 (송내동, 우진프라자)",경기도 동두천시 송내동 ***-*,,2026-01-13 17:18:02,,204677.472772772,486687.133506915
앙팡독,20081014,말소,,,,,경기도 고양시 일산동구 문봉동 ***,,2026-01-13 17:14:05,,,
개있소,20130523,말소,031-903-1212,0,,경기도 고양시 일산동구 중앙로 **** (백석동),경기도 고양시 일산동구 백석동 **** ***호,,2026-01-13 17:14:06,,181151.945109089,460105.154113849
스페셜독,20140916,말소,031-975-9901,0,10338,"경기도 고양시 일산동구 고봉로 ***, *층 (중산동)",경기도 고양시 일산동구 중산동 ****-*,,2026-01-13 17:14:06,,180366.615182978,464568.789732331
강아지클럽,20090220,말소,,,,,경기도 고양시 일산서구 일산동 ***-**,,2026-01-13 17:14:05,,180082.020997116,464917.119783744
라페스타 동물병원,20091118,말소,,,,,경기도 고양시 일산동구 장항동 ***,10397,2026-01-13 17:14:05,,179402.901067853,462211.337473083
야옹이와 멍멍이,20100205,말소,,,,,경기도 고양시 일산동구 백석동 ****-*,,2026-01-13 17:14:05,,180651.026626001,460451.814692499
명품강아지,20100311,말소,,,,,경기도 고양시 덕양구 주교동 ***-*,,2026-01-13 17:14:05,,184984.30553885,461661.525559025
쁘띠퍼피,20110629,말소,,,,,경기도 고양시 일산동구 장항동 *** ***호,10397,2026-01-13 17:14:05,,179502.712269637,461994.779346791
제이제이펫,20120207,말소,,,,경기도 고양시 일산동구 중앙로 **** (마두동),경기도 고양시 일산동구 장항동 ***,10397,2026-01-13 17:14:05,,180064.545989764,461521.765221184
유펫 일산점,20121203,말소,070-4353-1697,,,경기도 고양시 일산동구 산두로 **-** (마두동),경기도 고양시 일산동구 마두동 ***-*,,2026-01-13 17:14:06,,181155.80784077,462384.616865824
캐터리 플러스,20130812,말소,,,10446,경기도 고양시 일산동구 강송로**번길 **-* (백석동),경기도 고양시 일산동구 백석동 ****-*,,2026-01-13 17:14:06,,181192.97,460311.23
화정애견마트,20130822,말소,,0,10497,경기도 고양시 덕양구  화중로  *** (화정동),경기도 고양시 덕양구 화정동 ***,,2026-01-13 17:14:06,,185054.432621425,459321.642285278
중앙애견,20200608,정상,,0,11311,경기도 동두천시 평화로 **** (보산동),경기도 동두천시 보산동 ***-*,,2026-01-13 17:18:02,,205003.958161032,490196.556227384
루이스펫샵 의정부 강아지분양 애견미용샵,20201110,정상,,0,11813,"경기도 의정부시 민락로 ***, 중흥에스-클래스트와이스 *층 ***호 (민락동)",경기도 의정부시 민락동 ***-*,,2026-01-13 17:25:34,,208775.83610835,471155.074833059
아쿠아오리지널롯데마트서현점,20121114,정상,,,,경기도 성남시 분당구 황새울로***번길 ** (서현동),경기도 성남시 분당구 서현동 ***,,2026-01-13 17:19:05,,210610.797991188,431555.137739279
이리온동물병원 아브뉴프랑 판교점,20130313,정상,031-8017-6125,0,13525,"경기도 성남시 분당구 동판교로***번길 ** (삼평동, 판교 호반 써밋 플레이스)",경기도 성남시 분당구 삼평동 ***,,2026-01-13 17:19:05,,209983.108079333,432804.509294042
사랑해줄개,20130324,정상,031-713-1366,0,13612,"경기도 성남시 분당구 내정로**번길 *-**, ***호 (정자동, 금산파킹프라자)",경기도 성남시 분당구 정자동 *** 금산파킹프라자 ***호,,2026-01-13 17:19:05,,210025.69402876,428971.263929213
젠동물병원,20131111,정상,031-752-0075,0,13501,"경기도 성남시 분당구 양현로 ***, *층 (야탑동)",경기도 성남시 분당구 야탑동 ***-*,,2026-01-13 17:19:05,,211917.280284681,434955.021670213
스타펫,20131216,정상,,0,13477,"경기도 성남시 분당구 운중로***번길 **-*, *층 (판교동)",경기도 성남시 분당구 판교동 ***-*,,2026-01-13 17:19:05,,207947.08,432125.5
꽃강아지,20140408,정상,031-701-2770,0,13568,"경기도 성남시 분당구 양현로**번길 *, ***호 (이매동)",경기도 성남시 분당구 이매동 ***-*,,2026-01-13 17:19:05,,211036.821989533,432204.908007841
아마존,20140722,정상,031-714-5530,0,13617,"경기도 성남시 분당구 금곡로 ***, ***호 (금곡동)",경기도 성남시 분당구 금곡동 ***,,2026-01-13 17:19:05,,209896.033870796,428110.99516894
내가 품은 Dog,20240429,정상,,0,15497,"경기도 안산시 상록구 광덕*로 ***, 그랜드빌딩 *층 (사동)",경기도 안산시 상록구 사동 ****-* 그랜드빌딩,,2026-04-28 03:03:03,,186149.712384518,422761.519076828
웰니스동물병원,20240703,정상,031-414-1275,0,15299,"경기도 안산시 상록구 항가울로 ***, 롯데마트 *층 (성포동)",경기도 안산시 상록구 성포동 *** 롯데마트,,2026-03-26 22:46:11,,186396.067737112,423947.236380533
주식회사 와글,20250120,정상,031-481-8599,0,15465,"경기도 안산시 단원구 광덕*로 ***, *층 (고잔동)",경기도 안산시 단원구 고잔동 ***-*,,2026-03-26 22:46:11,,185736.289944675,423363.822033015
미오즈 고양이분양 강아지분양 안산점,20250820,정상,,0,15448,"경기도 안산시 단원구 초지로 **, 한솔프라자 ***호 (초지동)",경기도 안산시 단원구 초지동 ***-* 한솔프라자,,2026-03-26 22:46:11,,183542.72,422817.68
펫퍼스트 24시 안산점 강아지분양 고양이분양,20250922,정상,,0,15489,"경기도 안산시 상록구 양지편*길 **-**, *층 ***호 (이동)",경기도 안산시 상록구 이동 ***-**,,2026-03-26 22:46:11,,186648.285400612,423178.909741575
달달한 고양이 나라,20251010,정상,,0,15466,"경기도 안산시 단원구 한양대학로 ***, ***호 (고잔동)",경기도 안산시 단원구 고잔동 ***-*,,2026-03-26 22:46:11,,185456.143277267,423502.345082746
강아지나라,20090206,정상,,,,,"경기도 고양시 덕양구 고양동 ***-*    현대A상가 ***,***호",10270,2026-01-13 17:14:05,,,
스틸블루 애견샵,20090525,정상,031-919-8910,0,,,경기도 고양시 일산서구 대화동 **** 하나로프라자 ***호,,2026-01-13 17:14:05,,178391.298708328,464539.414770375
댕댕프렌즈 강아지분양 부천점,20240708,정상,,0,14546,"경기도 부천시 원미구 석천로***번길 **, 제이클래스중동 ***호 (중동)",경기도 부천시 원미구 중동 ****-* 제이클래스중동,,2026-01-13 17:18:36,,178881.715067705,444580.124722609
퍼피힐 강아지분양,20240826,정상,,0,14678,경기도 부천시 소사구 안곡로 *** (괴안동),경기도 부천시 소사구 괴안동 ***-*,,2026-01-13 17:18:36,,183881.967180219,442751.670739773
도그팰리스,20250102,정상,,0,14543,"경기도 부천시 원미구 길주로**번길 **-**, 디아뜨갤러리* ***호 (상동)",경기도 부천시 원미구 상동 ***-* 디아뜨갤러리*,,2026-01-13 17:18:36,,177772.003680671,445079.575694137
쁘띠숑,20251028,정상,,0,14549,"경기도 부천시 원미구 신흥로 ***, 위브더스테이트 ***동 ***호 (중동)",경기도 부천시 원미구 중동 **** 위브더스테이트,,2026-01-13 17:18:36,,180261.181937163,444232.852610205
수애견샵,20251105,정상,,0,14693,"경기도 부천시 소사구 경인옛로 **, ***호 (소사본동, 힐스테이트 소사역)",경기도 부천시 소사구 소사본동 **-* 힐스테이트 소사역,,2026-01-13 17:18:36,,181921.648599663,442191.356843332
강아지분양 바크바크 부천점,20251114,정상,,0,14533,"경기도 부천시 원미구 계남로***번길 **, *층 (중동)",경기도 부천시 원미구 중동 ****-**,,2026-01-13 17:18:36,,180447.182349749,444785.767048936
버디독 강아지분양 고양이분양 안심분양센터 광명점,20120626,정상,,0,14286,"경기도 광명시 오리로 ***, ***호 (광명동)",경기도 광명시 광명동,,2026-01-13 17:15:02,,186903.488746992,441948.751581704
가가동물원,20120803,정상,02-2615-1021,0,14335,경기도 광명시 아방리*길 ** (노온사동),경기도 광명시 노온사동 ***-*,,2026-01-13 17:15:02,,186278.243229814,437897.89666995
광명 꽃 수족관,20120829,정상,02-2625-6004,0,14220,"경기도 광명시 오리로 ***, 크로앙스 지하*층 (광명동)",경기도 광명시 광명동 ***-** 크로앙스,,2026-01-13 17:15:02,,187160.874188076,441928.353304808
데코스,20120829,정상,02-2067-8955,0,14220,"경기도 광명시 오리로 ***, 크로앙스 지하*층 (광명동)",경기도 광명시 광명동 ***-** 크로앙스,,2026-01-13 17:15:02,,187160.874188076,441928.353304808
톰앤캣 광명고양이분양,20180702,정상,,0,14318,"경기도 광명시 금하로 ***, 고려빌딩 *층 (소하동)",경기도 광명시 소하동 **-**,,2026-01-13 17:15:02,,190427.436871365,438825.875781161
펫캐슬 의정부 강아지분양 고양이분양 애견샵,20211028,정상,031-846-8255,0,11692,경기도 의정부시 호국로 ****(의정부동),경기도 의정부시 의정부동 ***-*,,2026-01-13 17:25:34,,204433.651140556,471226.944072167
베타봉봉,20210326,정상,,0,14306,"경기도 광명시 범안로 ****, 골든힐쇼핑센타 *층 ***호 (하안동)",경기도 광명시 하안동 **-* 골든힐쇼핑센타,,2026-01-13 17:15:02,,189335.76017292,440036.811671483
내품안의반려견광명점,20220923,정상,070-7809-7771,0,14314,"경기도 광명시 금하로 ***, 비앤팰리스 *층 ***호 (소하동)",경기도 광명시 소하동 **-**,,2026-01-13 17:15:02,,190261.768464364,438825.05731147
로얄 수족관,20230816,정상,02-6918-1234,0,14316,"경기도 광명시 소하로 **, 이마트 소하점 *층 (소하동)",경기도 광명시 소하동 ****-*,,2026-01-13 17:15:02,,189714.449800306,438279.937828733
주식회사 우연컴퍼니,20240116,정상,02-2038-8602,0,14327,"경기도 광명시 오리로 ***, 창업지원센터 ***호 (소하동)",경기도 광명시 소하동 ****-* 창업지원센터 ***호,,2026-01-13 17:15:02,,189288.920102614,436954.397623718
멍냥스타 강아지분양 고양이분양,20240228,정상,,0,11611,"경기도 의정부시 가금로 **, 지승메디컬프라자 *층 ***호 (가능동)",경기도 의정부시 가능동 **-* 지승메디컬프라자 ***호,11611,2026-01-13 17:25:34,,203414.037240483,472563.764952835
아임멍멍,20260108,정상,,0,11813,"경기도 의정부시 오목로***번길 **, 메가타워 ***호 (민락동)",경기도 의정부시 민락동 ***-* 메가타워 ***호,,2026-01-13 17:25:34,,208369.729611209,471489.429701166
이즈펫 강아지분양 고양이분양 본점,20111125,정상,031-458-8282,0,13988,"경기도 안양시 만안구 안양로 ***, *층 (안양동)",경기도 안양시 만안구 안양동 ***-**,,2026-01-21 21:32:50,,192545.253310974,433560.677779863
작은동물원,20080710,정상,031-651-8979,,,경기도 평택시 평택로 ** (평택동),경기도 평택시 평택동 **-**,,2026-01-13 17:27:05,,207434.346582848,388054.019452165
퍼피 투게더,20080710,정상,,,17977,"경기도 평택시 팽성읍 안정쇼핑로 **, *층",경기도 평택시 팽성읍 안정리 **-**,,2026-01-13 17:27:05,,204552.092237483,384638.822272799
토이박스,20080711,정상,,,17911,경기도 평택시 평택로**번길 * (평택동),경기도 평택시 평택동 **-**,,2026-01-13 17:27:05,,207510.938714594,388031.848374373
우리애견,20081125,정상,,,,경기도 평택시 팽성읍 안정쇼핑로 **,경기도 평택시 팽성읍 안정리 ***-**,,2026-01-13 17:27:05,,204026.799196895,384379.447153262
애견사랑,20101201,정상,,,,경기도 평택시 평택로 **-* (평택동),경기도 평택시 평택동 **-**,,2026-01-13 17:27:05,,207519.918886655,387996.951009074
(주)밀레펫(이마트평택점),20120816,정상,031-371-1052,0,,경기도 평택시 영신로 ** (동삭동),경기도 평택시 지제동 **,17840,2026-01-13 17:27:05,,206675.071220529,391060.040415712
야옹아 멍멍해봐,20140404,정상,031-668-3330,0,17825,경기도 평택시 은실고가길 *** (세교동),경기도 평택시 세교동 ***,18027,2026-01-13 17:27:05,,206893.250423062,389485.036343688
토이 켄넬,20140519,정상,,0,17705,경기도 평택시 진위면 방꼬지길 **,경기도 평택시 진위면 야막리 ***-***,,2026-01-13 17:27:05,,205278.738444601,401335.254395337
경기관상어(롯데마트 평택점),20141211,정상,,0,17902,"경기도 평택시 평택*로 **, *층 (합정동, 롯데마트)",경기도 평택시 합정동 ***-*,17877,2026-01-13 17:27:05,,209876.420133429,387425.098329575
마루네 애견사랑,20150617,정상,031-664-1010,0,17777,경기도 평택시 송탄로 *** (서정동),경기도 평택시 서정동,,2026-01-13 17:27:05,,205095.367425443,395857.136459289
아이 러브 독,20150803,정상,,0,17986,경기도 평택시 팽성읍 안정순환로 ***,경기도 평택시 팽성읍 안정리 ***-*,,2026-01-13 17:27:05,,204339.837985654,384417.721586553
펫 프렌즈,20150824,정상,031-668-7955,0,17756,경기도 평택시 송탄로 *** (지산동),경기도 평택시 지산동 ***-**,,2026-01-13 17:27:05,,205090.569101554,397723.77008478
베리독 강아지고양이 평택본점,20170714,정상,,0,17851,"경기도 평택시 비전*길 **-*, ***호 (비전동)",경기도 평택시 비전동 ***,,2026-01-13 17:27:05,,208971.207696393,389335.978716265
퍼스트독앤캣,20170825,정상,,0,17946,경기도 평택시 현덕면 송담*로 **,경기도 평택시 현덕면 인광리 ***-*,,2026-01-13 17:27:05,,193304.614207216,386000.378911173
골드독,20180419,정상,,0,17911,"경기도 평택시 평택로 **, *층 (평택동)",경기도 평택시 평택동 **-**,,2026-01-13 17:27:05,,207559.544135947,387954.173194547
미엔유펫,20181114,정상,,0,17909,"경기도 평택시 중앙로 **, *층 (합정동)",경기도 평택시 합정동 ***-*,17877,2026-01-13 17:27:05,,208197.195740174,387995.076619015
이찌펫,20190513,정상,,0,17758,경기도 평택시 중앙시장로**번길 ** (신장동),경기도 평택시 신장동 ***-*,,2026-01-13 17:27:05,,204655.243252033,397534.461411745
멍뭉이 쌀롱,20190812,정상,,0,17942,경기도 평택시 안중읍 현덕로 **,경기도 평택시 안중읍 송담리 ***-*,,2026-01-13 17:27:05,,194575.155212539,386187.349011765
중독,20191030,정상,,0,17909,"경기도 평택시 평택*로 **, *층 (평택동)",경기도 평택시 평택동 **-*,,2026-01-13 17:27:05,,207770.057334671,387872.883167809
(주)도그마루 경인지점,20200817,정상,,0,17851,"경기도 평택시 만세로 ****, *층 (비전동)",경기도 평택시 비전동 ***-*,,2026-01-13 17:27:05,,209133.070659013,389257.580572683
펫스타,20260507,정상,,0,10064,경기도 김포시 양촌읍 석모로**번길 **-**,경기도 김포시 양촌읍 석모리 ****,,2026-05-08 21:03:12,,168166.268080627,460897.088639521
야옹아 멍멍해봐 강아지고양이 평택점,20210812,정상,,0,17864,경기도 평택시 만세로 ****(죽백동),경기도 평택시 죽백동 ***-*,,2026-01-13 17:27:05,,209864.201248523,390102.354312312
로얄퍼피,20211122,정상,,0,18032,경기도 평택시 상서재로*길 **-**(동삭동),경기도 평택시 동삭동 ***-*,18030,2026-01-13 17:27:05,,209134.013856911,390402.442899965
양주고양이분양 모나미네코 옥정신도시점,20250304,정상,,0,11479,"경기도 양주시 옥정로 ***, 혜산프라자 *층 *호 (옥정동)",경기도 양주시 옥정동 ****-*,,2026-04-28 22:00:57,,207848.909085084,479148.781167394
안다 동물보호소,20220429,정상,,0,17719,"경기도 평택시 오좌동길 **-**, *,*층 (독곡동)",경기도 평택시 독곡동 ***-*,,2026-01-13 17:27:05,,205881.903978633,398262.681681333
평택강아지분양 헬스독 애견입양 말티푸들포메라니안미니비숑,20220615,정상,,0,17921,경기도 평택시 원평로 **(평택동),경기도 평택시 평택동 ***-*,,2026-04-07 03:03:03,,207399.825576306,387619.572462697
멍글루,20250814,정상,,0,16253,"경기도 수원시 팔달구 화서문로**번길 *-*, *층 (북수동)",경기도 수원시 팔달구 북수동 ***,16253,2026-01-13 17:19:37,,201381.568805446,420406.536514148
수원강아지분양 고양이분양 드림독안심분양센터,20260126,정상,,0,16494,"경기도 수원시 팔달구 중부대로***번길 **, 클래시엘 *층 ***호 (우만동)",경기도 수원시 팔달구 우만동 ***,,2026-01-27 21:32:50,,203245.646027989,419650.677387168
평택 강아지분양 고양이분양 파라다이스펫본점,20230328,정상,,0,17864,"경기도 평택시 만세로 ****, *층 (죽백동)",경기도 평택시 죽백동 ***-*,,2026-01-13 17:27:06,,209864.201248523,390102.354312312
캉스펫,20230504,정상,,0,17848,"경기도 평택시 서재로 *, *층 (동삭동)",경기도 평택시 동삭동 ***-*,18030,2026-01-13 17:27:06,,208702.372226561,389867.411845893
브룩스 캣 카페,20230726,정상,,0,17854,"경기도 평택시 비전*로 **, 평택가로수길센트럴돔 *층 ****호 (비전동)",경기도 평택시 비전동 ****,,2026-01-13 17:27:06,,209944.809832606,388621.580123975
햄스터살롱,20230804,정상,,0,17866,"경기도 평택시 현신*길 **, 상가동 ***호 (용이동, 용이 반도유보라아파트)",경기도 평택시 용이동 ***-* 용이 반도유보라아파트 상가동 ***호,,2026-01-13 17:27:06,,212966.696349929,388546.412567342
라이프독 평택점 24시 강아지분양 고양이분양,20240522,정상,,0,17983,"경기도 평택시 팽성읍 안정로**번길 **, 까뮤 이스테이트 험프리스 ***호",경기도 평택시 팽성읍 안정리 ***-** 까뮤 이스테이트 험프리스 ***호,,2026-01-13 17:27:06,,204106.077492271,384319.634706136
햄뚱샵,20240626,정상,,0,17758,"경기도 평택시 쇼핑로 **, *층 (신장동)",경기도 평택시 신장동 ***-** *층,,2026-01-13 17:27:06,,204735.783053128,397729.262671829
특별한동물가게 평택점,20240628,정상,,0,18014,"경기도 평택시 고덕국제*길 **, *층 (고덕동)",경기도 평택시 고덕동 ****-** *층,18023,2026-01-13 17:27:06,,204206.713631676,394338.293851061
달콤하니냥,20250514,정상,,0,17941,"경기도 평택시 안중읍 송담*길 **, *층",경기도 평택시 안중읍 송담리 ***-*,,2026-01-13 17:27:06,,193538.622193965,386420.724350846
멍멍이와 야옹이,20251031,정상,,0,17851,"경기도 평택시 비전*길 **-*, *층 (비전동)",경기도 평택시 비전동 ***-*,,2026-04-21 03:03:03,,209050.820965611,389288.337035068
아기다람쥐 또미,20251201,정상,,0,17892,경기도 평택시 통복시장*로 ** (통복동),경기도 평택시 통복동 **-*,,2026-01-13 17:27:06,,207670.104729345,388696.245448778
코튼하우스,20251215,정상,,0,17979,"경기도 평택시 팽성읍 계양로 ***, *층",경기도 평택시 팽성읍 노양리 **-*,17979,2026-01-13 17:27:06,,200063.865746003,382072.486345855
윤퍼피살롱,20080514,정상,031-858-2253,0,11363,경기도 동두천시 지행로 *** (지행동),경기도 동두천시 지행동 ***-*,,2026-01-13 17:18:02,,205076.815414274,487748.99629853
롯데마트 동두천점(한강아쿠아),20120903,정상,031-527-4244,0,11355,경기도 동두천시 평화로****번길 ** (송내동),경기도 동두천시 송내동 ***,,2026-01-13 17:18:02,,204589.217640042,486451.318446758
라이브펫,20150714,정상,,0,11322,경기도 동두천시 탑신로***번길 **-** (탑동동),경기도 동두천시 탑동동 ***,,2026-01-13 17:18:02,,210493.331380257,488936.10439283
황금애견,20180521,정상,,0,11357,경기도 동두천시 삼육사로 **** (생연동),경기도 동두천시 생연동 ***-*,,2026-01-13 17:18:02,,,
아이캣유,20240806,정상,,0,11483,"경기도 양주시 만삼로 ***, *층 (삼숭동)",경기도 양주시 삼숭동 ***-*,,2026-04-28 22:00:57,,209113.642613066,478280.627242843
(주)우연컴퍼니,20221110,정상,,0,15352,"경기도 안산시 단원구 고잔로 **, 중앙오피스텔 지층 ***호 (고잔동)",경기도 안산시 단원구 고잔동 ***-* 중앙오피스텔,,2026-03-26 22:46:11,,185068.767406562,424185.02731601
마이딩고,20230303,정상,,0,15352,"경기도 안산시 단원구 고잔로 **, 중앙오피스텔 지하*층 ***-에이**호 (고잔동)",경기도 안산시 단원구 고잔동 ***-* 중앙오피스텔,,2026-03-26 22:46:11,,185068.767406562,424185.02731601
동물보육원 안산관리센터,20230417,정상,,0,15274,"경기도 안산시 상록구 시낭로*길 *, ***호 (월피동)",경기도 안산시 상록구 월피동 ***-*,,2026-03-26 22:46:11,,186915.843134495,425918.43554965
햄스터 라운지,20230609,정상,,0,15560,"경기도 안산시 상록구 오목로 ***, ***호 (본오동)",경기도 안산시 상록구 본오동 ***-*,,2026-03-26 22:46:11,,188458.778220307,420925.388491879
더펫 강아지분양 고양이분양 일산본점,20241224,정상,,0,10401,"경기도 고양시 일산동구 중앙로****번길 **-**, 라페스타A *층 ***-*호 (장항동)",경기도 고양시 일산동구 장항동 *** 라페스타A *층 ***-*호,10397,2026-01-13 17:14:10,,179580.33125846,462064.220892906
수피아 엔터테인먼트,20250614,정상,,0,10424,"경기도 고양시 일산동구 강촌로**번길 *-*, 지하*층 (백석동)",경기도 고양시 일산동구 백석동 ****-*,,2026-01-13 17:14:10,,180483.679756625,460467.933356857
달빛햄스터리_일산점,20220622,정상,,0,10387,"경기도 고양시 일산서구 주엽로 ***, 자유프라자 *층 ***-*호 (주엽동)",경기도 고양시 일산서구 주엽동 ** 자유프라자,,2026-01-13 17:14:11,,178669.357074513,463309.286114899
퍼피리트(PUPPY LIT),20250423,정상,,0,10377,"경기도 고양시 일산서구 대산로***번길 *-**, *층 (대화동)",경기도 고양시 일산서구 대화동 ****-* *층,,2026-01-13 17:14:11,,178228.550189824,464001.786756614
퍼피에몽 강아지분양 일산점,20250714,정상,,0,10339,경기도 고양시 일산서구 산현로 *** (일산동),경기도 고양시 일산서구 일산동 ****,,2026-01-13 17:14:11,,180241.547999823,465482.60685391
문래빗(MOON RABBIT),20220420,정상,,0,15630,"경기도 안산시 상록구 장화*안길 **, *층 (사동)",경기도 안산시 상록구 사동 ****-*,,2026-03-26 22:46:11,,187006.075613493,420213.385300162
고양이숲,20220714,정상,,0,15477,"경기도 안산시 단원구 광덕*로 ***-*, 성진빌딩 ***호 (고잔동)",경기도 안산시 단원구 고잔동 ***-* 성진빌딩,,2026-03-26 22:46:11,,184970.825832953,423021.882613079
플래니터리헬스,20190923,정상,,0,13835,"경기도 과천시 별양로 **, 래미안 슈르 ***동 **층 ****호 (원문동, 래미안 슈르)",경기도 과천시 원문동 * 래미안 슈르 ***동 ****호,,2026-03-26 22:03:45,,199247.7714676,435394.603870331
로얄 수족관,20200219,정상,,0,13837,"경기도 과천시 별양상가*로 **, 이마트 과천점 *층 (별양동)",경기도 과천시 별양동 *-** 이마트 과천점,,2026-03-26 22:03:45,,199209.021144538,436019.965418918
감자캣,20211119,정상,,0,18110,"경기도 오산시 청학로 ***-**, *층 ***호 (수청동)",경기도 오산시 수청동 ***-* ***호,,2026-01-13 17:24:03,,205393.721350414,407772.417162122
뽀송뽀송애견놀이방,20240611,정상,,0,18114,"경기도 오산시 내삼미로**번길 **-*, *층 (수청동)",경기도 오산시 수청동 ***-*,,2026-01-13 17:24:03,,205861.884301081,407478.816596563
다루아쿠아,20250113,정상,,0,18114,"경기도 오산시 내삼미로**번길 **, *층 (수청동)",경기도 오산시 수청동 ***-*,,2026-01-13 17:24:03,,205919.305,407419.925
포켓피쉬,20250221,정상,,0,18149,"경기도 오산시 부원로 **, *층 ***호 (원동)",경기도 오산시 원동 **,,2026-01-13 17:24:03,,207466.785547615,404803.088053962
퍼피유니티,20260403,정상,,0,14546,"경기도 부천시 원미구 소향로 ***, 일신빌딩 ***-***호 (중동)",경기도 부천시 원미구 중동 ****-* 일신빌딩,,2026-04-04 21:02:50,,178916.198669217,444493.608508541
주식회사 케이9코리아,20260403,정상,,0,12467,"경기도 가평군 설악면 유명로 ****, *동 ***호",경기도 가평군 설악면 신천리 ***-*,,2026-04-04 21:02:51,,242866.594915608,463660.912898769
포근룸,20260213,정상,,0,18017,"경기도 평택시 함박산*길 **, 고덕에듀브릿지타운 ***호 (고덕동)",경기도 평택시 고덕동 ****-*,18023,2026-02-14 21:36:13,,202728.442135086,392981.480114839
냥이타운,20260318,정상,,0,15865,"경기도 군포시 산본로***번길 **-**, 정완빌딩 *층 ***호 (산본동)",경기도 군포시 산본동 ****-* 정완빌딩,,2026-03-19 21:02:51,,193947.749444849,428635.487446888
키워볼래&카페,20260223,정상,,0,18418,"경기도 화성시 병점구 **용사로 ***, *층 (능동)",경기도 화성시 병점구 능동 ***,,2026-02-24 21:32:50,,204043.836891245,410768.7576023
퍼피루미,20221102,정상,,0,11473,"경기도 양주시 옥정동로*나길 **, 드림타워Ⅰ *층 *호 (옥정동)",경기도 양주시 옥정동 ***-* 드림타워Ⅰ,,2026-04-28 22:00:57,,208154.187370099,479815.76210831
로얄수족관,20121024,정상,032-718-1052,,,,경기도 부천시 원미구 중동 ****,,2026-01-13 17:18:35,,179059.890468202,444675.160533494
피터독,20130903,정상,,0,,,경기도 부천시 원미구 상동 **-***,,2026-01-13 17:18:35,,,
말티즈하우스,20131120,정상,,0,,,경기도 동두천시 송내동 *** 공성빌라***호,,2026-01-13 17:18:35,,205209.812849712,486154.600017569
퍼피홍,20260402,정상,,0,10055,경기도 김포시 양촌읍 김포한강*로***번길 ***-*,경기도 김포시 양촌읍 석모리 ***-*,,2026-04-03 21:02:53,,169353.695267921,461695.107078466
도그버킷,20220831,정상,,0,11691,"경기도 의정부시 평화로 ***, *층 (의정부동)",경기도 의정부시 의정부동 ***-*,,2026-01-13 17:25:34,,204070.406368,470946.783035418
(주)아쿠아시스템 양주옥정점,20220628,정상,031-848-2073,0,11473,"경기도 양주시 옥정로 ***, 신운정튼튼프라자 *층 *호 (옥정동)",경기도 양주시 옥정동 ***-*,,2026-04-28 22:00:57,,208043.505,479832.631327799
래플즈동물병원,20120306,정상,031-563-7582,,,경기도 구리시 동구릉로 *** (교문동),경기도 구리시 인창동 ***-**,,2026-01-13 17:16:02,,212005.607347737,456378.727450513
아쿠아 오리지널-롯데마트 구리점,20121106,정상,031-711-7785,,,경기도 구리시 동구릉로***번길 ** (인창동),경기도 구리시 인창동 ***,,2026-01-13 17:16:02,,212367.118425352,456712.576784184
댕댕러브펫,20140903,정상,031-557-6767,0,11948,경기도 구리시 장자대로**번길 ** (수택동),경기도 구리시 수택동 ***-* 새롬프라자**차 ***호,,2026-01-13 17:16:02,,212233.07,453826.035
D. C. 클럽,20141111,정상,,0,11919,경기도 구리시 동구릉로 **(인창동),경기도 구리시 인창동 ***-**,,2026-01-13 17:16:02,,211780.546524437,456059.776481193
도그마트,20141127,정상,,,11942,경기도 구리시 검배로 ** (수택동),경기도 구리시 수택동 ***-*,,2026-01-13 17:16:02,,213011.610781755,454728.74402694
도그짱,20141127,정상,,,11920,경기도 구리시 동구릉로 ** (인창동),경기도 구리시 인창동 ***-*,,2026-01-13 17:16:02,,211818.31709804,456068.781089377
마이펫하우스,20141127,정상,,,11921,경기도 구리시 건원대로 ** (인창동),경기도 구리시 인창동 ***-* 삼보종합상가 ***호,,2026-01-13 17:16:02,,212342.283599766,456050.911235259
Hot Dog,20150209,정상,,0,11933,경기도 구리시 안골로**번길 ** (수택동),경기도 구리시 수택동 ***-**,,2026-01-13 17:16:02,,212128.734719551,454812.06530203
도그플랜,20170419,정상,,0,11942,"경기도 구리시 벌말로***번길 **, *층 *호 (수택동)",경기도 구리시 수택동 ***-**,,2026-01-13 17:16:02,,213130.567920163,454536.342544014
구독,20170426,정상,,0,11927,경기도 구리시 안골로**번길 ** (수택동),경기도 구리시 수택동 ***-**,,2026-01-13 17:16:02,,212144.137103492,455104.869446452
호야펫 구리점,20191129,정상,,0,11901,경기도 구리시 갈매순환로***번길 ** (갈매동),경기도 구리시 갈매동 ***-*,,2026-01-13 17:16:03,,210595.736614474,458664.94069229
강아지분양 말랑퍼피,20211129,정상,,0,11901,"경기도 구리시 경춘북로 ***, A***호 (갈매동, 갈매역아이파크)",경기도 구리시 갈매동 *** 갈매역아이파크,,2026-01-13 17:16:03,,210273.098117288,459131.618978126
포엘몽,20220907,정상,,0,11932,"경기도 구리시 검배로**번길 **-*, 경기부동산 *층 우측호 (수택동)",경기도 구리시 수택동 *** 경기부동산,,2026-01-13 17:16:03,,212721.898806366,454870.596349354
온기동물보호센터,20241129,정상,,0,11942,"경기도 구리시 검배로**번길 **, *층 (수택동)",경기도 구리시 수택동 ***-* *층,,2026-02-27 21:02:51,,212892.869489133,454641.865855893
댕냥구리 강아지분양 고양이분양 구리본점,20250331,정상,,0,11928,"경기도 구리시 검배로*번길 *, *층 (수택동)",경기도 구리시 수택동 ***-*,,2026-02-06 21:02:50,,212392.841905689,455353.550867016
지금여기서행복하개,20250331,정상,,0,11935,"경기도 구리시 안골로 *, 프라자빌딩 *층 (교문동)",경기도 구리시 교문동 ***-* 프라자빌딩,,2026-01-13 17:16:03,,211540.709703955,454973.592255452
애견갤러리 강아지분양 애견샵,20100603,정상,,0,12048,경기도 남양주시 오남읍 양지로 *,경기도 남양주시 오남읍 오남리 ***-*,,2026-01-13 17:17:34,,218256.401857256,464210.603300803
홀리몰리 펫앤렙,20260304,정상,,0,18244,"경기도 화성시 만세구 수노을*로 **, *층 ***호 (새솔동)",경기도 화성시 만세구 새솔동 **-*,18245,2026-03-05 21:32:50,,183645.141792608,420383.689563319
주식회사 그린프레밀리,20120821,정상,,0,12073,"경기도 남양주시 진접읍 금강로유연들*길 ***, 진접이마트",경기도 남양주시 진접읍 연평리 ***-** 진접이마트,,2026-01-13 17:17:34,,215971.923346848,467391.99875644
(주)더부루벨,20120824,정상,,0,12256,"경기도 남양주시 도농로 ** (다산동, 부영애시앙)",경기도 남양주시 다산동 ****-** 부영애시앙,,2026-01-13 17:17:34,,213941.170509698,456267.182532575
(주)밀레펫,20120827,정상,031-590-1234,0,12149,"경기도 남양주시 늘을*로 **, 남양주 호평이마트 (호평동)",경기도 남양주시 호평동 *** 남양주 호평이마트,,2026-01-13 17:17:34,,221378.987723763,461433.576798678
롯데마트 덕소점,20120828,정상,031-579-7700,0,,경기도 남양주시 와부읍 월문천로 ** (롯데마트),경기도 남양주시 와부읍 덕소리 ***-* 롯데마트,,2026-01-13 17:17:34,,218882.001813215,453620.325834171
아로하,20130613,정상,,0,12102,경기도 남양주시 별내*로**번길 *-** (별내동),경기도 남양주시 별내동 ****,,2026-01-13 17:17:34,,210056.129144129,461070.773683211
로얄수족관,20130807,정상,031-550-1234,0,12113,경기도 남양주시 순화궁로 *** (별내동),경기도 남양주시 별내동 ***,,2026-01-13 17:17:34,,211047.543226491,460054.746656557
러블리 하우스,20131025,정상,031-574-5899,0,12111,"경기도 남양주시 별내중앙로 ** (별내동, 동익미라벨 **-*)",경기도 남양주시 별내동 ****,,2026-01-13 17:17:34,,210693.01558702,460817.536623734
로얄수족관,20140819,정상,,0,12256,"경기도 남양주시 도농로 ** (다산동, 부영애시앙)","경기도 남양주시 다산동 ****-** 부영애시앙, 이마트 내",,2026-01-13 17:17:34,,213941.170509698,456267.182532575
허브애견,20090812,정상,031-414-8885,0,15253,경기도 안산시 단원구 선부로 *** (와동),경기도 안산시 단원구 와동 ***-*,,2026-03-26 22:46:08,,184173.030683856,426593.197389552
비비드독,20210427,정상,,0,12097,"경기도 남양주시 덕송*로**번길 **-**, ***호 (별내동)",경기도 남양주시 별내동 ***-*,,2026-01-13 17:17:34,,210163.620842687,462770.744244964
펫엔글라이더 하남미사점,20260210,정상,,0,12913,"경기도 하남시 미사강변동로 ***, ***호 (망월동)",경기도 하남시 망월동 **** ***호,,2026-03-26 22:46:36,,216809.580749603,451560.940535611
루리힐,20200928,정상,,0,11473,"경기도 양주시 옥정동로*길 **, 파크프라자 ***호 (옥정동)",경기도 양주시 옥정동 ****-* 파크프라자 ***호,,2026-04-28 22:00:57,,208453.258399746,479854.56174649
패밀리독,20180813,정상,,0,12101,"경기도 남양주시 불암로***번길 *, ***호 (별내동)",경기도 남양주시 별내동 ****-* ***호,,2026-01-13 17:17:35,,209777.438434595,460952.82941364
(주)코스모스이펙트,20190724,정상,,0,12150,"경기도 남양주시 늘을*로**번길 *, 에이스프라자 ***호 (호평동)",경기도 남양주시 호평동 *** 에이스프라자 ***호,,2026-01-13 17:17:35,,221472.207766357,461330.825184568
농업회사법인 탐스팜 주식회사,20190725,정상,,0,12193,"경기도 남양주시 화도읍 북한강로 ****, *층",경기도 남양주시 화도읍 금남리 ***-*,,2026-01-13 17:17:35,,231800.006861167,460192.932338687
아쿠아 파크,20190916,정상,,0,12113,"경기도 남양주시 별내*로 **, 쎈타프라자 ***호 (별내동)",경기도 남양주시 별내동 **** 쎈타프라자 ***호,,2026-03-16 21:02:49,,210953.837715752,460458.922067484
애드봉,20190919,정상,,0,12258,"경기도 남양주시 경춘로 ***, 백석빌딩 *층 ***호 (다산동)",경기도 남양주시 다산동 ****-* 백석빌딩,,2026-01-13 17:17:35,,214442.464981149,456327.933097962
(주)밀레펫(이마트고잔점),20120813,정상,031-485-5820,0,,경기도 안산시 단원구 원포공원*로 ** (초지동),경기도 안산시 단원구 초지동 ***-*,,2026-03-26 22:46:09,,183377.543937866,422364.168086117
바른독,20191014,정상,,0,12105,"경기도 남양주시 두물로**번길 **, *층 (별내동)",경기도 남양주시 별내동 ***-*,,2026-01-13 17:17:35,,211129.28323192,461626.044319038
이소퍼피 강아지 남양주점,20200218,정상,,0,12223,"경기도 남양주시 경춘로****번안길 **, *층 (평내동)",경기도 남양주시 평내동 ***-** *층,,2026-01-13 17:17:35,,220794.413320865,460454.704930691
플레이독 남양주점,20200819,정상,,0,12097,"경기도 남양주시 덕송*로*번길 *-**, ***호 (별내동)",경기도 남양주시 별내동 ***-* ***호,,2026-01-13 17:17:35,,210052.613728907,462530.35065662
유미펫 강아지분양 고양이분양 남양주점,20210907,정상,,0,12102,"경기도 남양주시 별내*로*번길 **, ***호 (별내동)",경기도 남양주시 별내동 ****-**,,2026-01-13 17:17:35,,209909.067641886,460972.586030789
라라펫,20211102,정상,,0,12180,"경기도 남양주시 화도읍 마석중앙로 **, ***호",경기도 남양주시 화도읍 마석우리 ***-*,,2026-01-13 17:17:35,,227269.961764687,461127.888062744
루시드펫,20220124,정상,,0,12190,"경기도 남양주시 화도읍 경춘로 ****, 가동 ***호",경기도 남양주시 화도읍 월산리 ***-*,,2026-01-13 17:17:35,,229459.869806909,461430.608442899
몽몽아 강아지분양 남양주 본점,20220404,정상,,0,12097,"경기도 남양주시 덕송*로**번길 *-**, *층 *호 (별내동)",경기도 남양주시 별내동 ***-*,,2026-03-16 21:02:49,,210028.721411417,462696.049920747
몽톡,20220502,정상,,0,12105,"경기도 남양주시 두물로**번길 **-**, *층 *호 (별내동)",경기도 남양주시 별내동 ***-*,,2026-01-13 17:17:35,,211303.486569258,461827.468657703
심쿵냥 고양이분양,20220524,정상,,0,12248,"경기도 남양주시 다산중앙로***번길 **-*, 리더스퀘어 ***호 (다산동)",경기도 남양주시 다산동 **** 리더스퀘어,,2026-01-13 17:17:35,,213261.027634004,458003.084933955
맘스펫 다산애견미용 호텔 분양,20220630,정상,031-552-7978,0,12285,"경기도 남양주시 다산순환로 ***, 다산 아이파크 상가 ***호 (다산동)",경기도 남양주시 다산동 **** 다산 아이파크 상가,,2026-01-13 17:17:35,,213769.859952467,458309.532931143
이정훈 강아지 다산점,20220816,정상,,0,12248,"경기도 남양주시 다산중앙로***번길 **, 제이타워 ***호 (다산동)",경기도 남양주시 다산동 ****,,2026-01-13 17:17:35,,213344.319764358,457920.752041303
왓츠멍 남양주 강아지분양,20220907,정상,,0,12285,"경기도 남양주시 다산중앙로**번길 **-**, *층 (다산동)",경기도 남양주시 다산동 ****-*,,2026-01-13 17:17:35,,213823.753633385,456940.68507412
도그캐슬 강아지분양 다산점,20221007,정상,,0,12249,"경기도 남양주시 다산중앙로**번안길 ***-**, 다산지금지구 F*-*-* ***,***호 (다산동)",경기도 남양주시 다산동 ****-* 다산지금지구 F*-*-*,,2026-01-13 17:17:35,,214635.268227814,456756.855193557
한강아쿠아 롯데마트 안산점,20120814,정상,031-572-7754,0,15299,"경기도 안산시 상록구 충장로 ***, 롯데마트 (성포동)",경기도 안산시 상록구 성포동 *** 주유소,,2026-03-26 22:46:09,,186396.067737112,423947.236380533
몽시앙,20221221,정상,,0,12248,"경기도 남양주시 다산순환로 **, A동 *층 **,**호 (다산동)",경기도 남양주시 다산동 ****,,2026-01-13 17:17:35,,213352.638752231,456784.268068925
나만 없어 고양이,20230418,정상,,0,12105,"경기도 남양주시 두물로**번길 **, *층 일부 (별내동)",경기도 남양주시 별내동 ***-*,,2026-01-13 17:17:35,,210977.702318861,461573.017116367
네코하우스,20230706,정상,,0,12235,"경기도 남양주시 경춘로***번길 **-*, *층 (금곡동)",경기도 남양주시 금곡동 ***-** *층,,2026-01-13 17:17:35,,217545.860791126,459078.641457851
스타독,20131114,정상,031-465-3188,0,13992,"경기도 안양시 만안구 만안로 ***, *층 (안양동)",경기도 안양시 만안구 안양동 ***-* *층,,2026-01-13 17:21:34,,,
허니애견,20131217,정상,,0,13974,"경기도 안양시 만안구 충훈로 **, *-**동 *층 (석수동)",경기도 안양시 만안구 석수동 ***-**,,2026-01-13 17:21:34,,,
러브펫멀티펫샵안양호계점,20150713,정상,031-455-1320,0,14078,경기도 안양시 동안구 경수대로 *** (호계동),경기도 안양시 동안구 호계동 ***-**,,2026-01-13 17:21:34,,195688.256307942,431191.054168702
웰니스(평촌),20180320,정상,031-382-0011,0,14066,"경기도 안양시 동안구 시민대로 ***, 이마트평촌점 지하*층 (관양동)",경기도 안양시 동안구 관양동 **** 이마트평촌점,,2026-01-13 17:21:34,,196699.264690575,432538.509415803
우리고양이,20180321,정상,,0,13939,"경기도 안양시 동안구 관악대로 ***, *층 (관양동)",경기도 안양시 동안구 관양동 ****-**,,2026-01-13 17:21:34,,197127.411713162,433667.815039287
힐링주,20200128,정상,031-340-4411,0,14055,"경기도 안양시 동안구 시민대로***번길 *, W에이스타워 ***호, ***호 (관양동)",경기도 안양시 동안구 관양동 ****-* W에이스타워,,2026-01-13 17:21:34,,197007.982361199,432727.945796386
키즈멍 안양본점,20201204,정상,,0,13992,"경기도 안양시 만안구 만안로 ***-*, *,*층 (안양동)","경기도 안양시 만안구 안양동 ***-** *,*층",,2026-01-13 17:21:34,,,
안양 강아지분양 고양이분양 도그마루,20210201,정상,,0,13949,"경기도 안양시 동안구 관악대로 ***-*, 해든빌딩 *층 (관양동)",경기도 안양시 동안구 관양동 ****-* 해든빌딩,,2026-01-13 17:21:34,,197394.556042269,433601.888223296
안양강아지분양 고양이분양 멍앤냥,20210930,정상,,0,13991,"경기도 안양시 만안구 박달로 ***, *층 (안양동)",경기도 안양시 만안구 안양동 ***-*** *층,,2026-01-13 17:21:34,,,
이든펫,20240110,정상,,0,12180,"경기도 남양주시 화도읍 마석중앙로 ***, ***호",경기도 남양주시 화도읍 마석우리 ***-*,,2026-01-13 17:17:35,,227441.955587977,461094.388427672
에이.비.지,20240223,정상,,0,12030,"경기도 남양주시 수동면 남가로 ****, *층",경기도 남양주시 수동면 입석리 **-**,,2026-01-13 17:17:35,,231395.341866819,465892.416964472
쌀강아지,20240226,정상,,0,12248,"경기도 남양주시 다산중앙로***번길 **-**, 다산진건지구 상업*-*-* ***호 (다산동)",경기도 남양주시 다산동 ****-* 다산진건지구 상업*-*-* ***호,,2026-01-13 17:17:35,,213352.253868292,458039.459077271
해피애견,20140724,정상,031-419-3377,0,15541,"경기도 안산시 상록구 샘골로 ***, ***호 (본오동)",경기도 안산시 상록구 본오동 ***-* ***호,,2026-03-26 22:46:09,,187813.170152354,421569.546166731
아쿠아카페(AQUA CAFE),20250219,정상,,0,12248,"경기도 남양주시 다산중앙로***번길 **-*, 신해센트럴타워Ⅰ ***호 (다산동)",경기도 남양주시 다산동 ****-* 신해센트럴타워Ⅰ ***호,,2026-01-13 17:17:35,,213320.238102867,457856.294638115
삼십팔점오,20250522,정상,,0,12097,"경기도 남양주시 별내*로 ***, 서울프라자 ***호 (별내동)",경기도 남양주시 별내동 ***-*,,2026-01-13 17:17:35,,210304.075,462669.09
사랑스럽개,20250624,정상,,0,12284,"경기도 남양주시 다산지금로 ***, 현대테라타워디아이엠씨 R동 *층 **호 (다산동)",경기도 남양주시 다산동 **** 현대테라타워디아이엠씨 R동 *층 **호,,2026-01-13 17:17:35,,215139.954217956,454827.048367444
도레미캣 고양이분양 남양주 다산점,20250627,정상,,0,12248,"경기도 남양주시 다산순환로 ***-**, ***호 (다산동)",경기도 남양주시 다산동 ****-* ***호,,2026-01-13 17:17:35,,213083.407611379,457606.84994876
(주)밀레펫 서수원점,20120824,정상,031-485-5820,0,,경기도 수원시 권선구 수인로 *** (구운동),경기도 수원시 권선구 구운동 ***,,2026-01-13 17:19:36,,197288.720762935,420051.3394073
퍼피앤코,20250909,정상,,0,12105,"경기도 남양주시 두물로**번길 **-*, ***호 (별내동)",경기도 남양주시 별내동 ***-*,,2026-01-13 17:17:35,,211096.74266107,461795.622493447
리틀포우즈,20251203,정상,,0,12285,"경기도 남양주시 다산순환로 ***-**, *층 (다산동)",경기도 남양주시 다산동 ****-* *층,,2026-01-13 17:17:35,,213957.746636755,457688.508309948
러블리캣독 의정부고양이분양 강아지분양,20231023,정상,,0,11651,"경기도 의정부시 시민로 **, 센트럴타워 A동 *층 ***호 (의정부동)",경기도 의정부시 의정부동 *** 센트럴타워 A동 ***호,,2026-04-07 03:03:03,,203772.831832169,470619.109108938
FOR YOU DOG,20231115,정상,,0,11813,"경기도 의정부시 오목로***번길 **, 테라스프라자 *층 ***호 (민락동)",경기도 의정부시 민락동 ***-* 테라스프라자 ***호,,2026-01-13 17:25:34,,208375.334732489,471551.026725996
의정부 고양이분양 강아지분양 이쁘냥 애견샵,20240201,정상,,0,11616,"경기도 의정부시 녹양로 **, *층 (가능동)",경기도 의정부시 가능동 ***-*,11611,2026-01-28 21:32:50,,202795.328202622,472571.763122215
우성사료 남부대리점,20080522,정상,,0,18134,경기도 오산시 경기대로 *** (오산동),경기도 오산시 오산동 **-*,,2026-01-13 17:24:02,,206443.239491362,405953.120836996
몬스타주,20250213,정상,,0,11785,"경기도 의정부시 용민로 **, ***호 (용현동, 베르우스M)",경기도 의정부시 용현동 **-* 베르우스M ***호,,2026-01-13 17:25:34,,207549.583317436,470520.479932177
의정부 강아지분양 고양이분양 애견분양 펫하임 의정부본점,20250610,정상,031-843-4200,0,11692,"경기도 의정부시 행복로 **, *, *층 (의정부동)","경기도 의정부시 의정부동 ***-** *, *층",,2026-01-13 17:25:34,,204342.233492459,471008.591016722
엣지펫 의정부 강아지분양 고양이분양 반려동물 애견샵,20250805,정상,,0,11692,"경기도 의정부시 행복로 **, *층 (의정부동)",경기도 의정부시 의정부동 ***-**,,2026-01-13 17:25:34,,204298.166825776,470996.592100954
블리독 의정부점 강아지고양이분양 말티푸비숑포메 입양,20251114,정상,,0,11693,"경기도 의정부시 태평로 ***, *층 ***호 (의정부동)",경기도 의정부시 의정부동 **-** ***호,,2026-01-13 17:25:34,,204494.52528671,471082.911300791
안양애견,20080903,정상,031-448-9339,0,13991,경기도 안양시 만안구 안양로***번길 * (안양동),경기도 안양시 만안구 안양동 ***-**,,2026-01-13 17:21:34,,192761.146524521,433357.616368114
럭셔리애견사랑,20110621,정상,031-444-0724,0,13991,경기도 안양시 만안구 안양로 *** (안양동),경기도 안양시 만안구 안양동 ***-***,,2026-01-13 17:21:34,,,
주식회사 그린프레밀리,20120903,정상,,0,,"경기도 안양시 동안구 관악대로 *** (비산동,리홈안양이마트 *층)",경기도 안양시 동안구 비산동 ***-* 리홈안양이마트 *층,,2026-01-13 17:21:34,,,
로얄수족관,20121015,정상,,0,,"경기도 안양시 동안구 시민대로 *** (관양동,이마트평촌점)",경기도 안양시 동안구 관양동 ****-* 이마트평촌점,,2026-01-13 17:21:34,,196752.332727486,432521.042909087
(주)밀레펫 수원점,20120824,정상,031-485-5820,0,16585,"경기도 수원시 권선구 경수대로 ***, *층 (권선동)",경기도 수원시 권선구 권선동 ****,,2026-01-13 17:19:36,,201782.733115582,416501.699707548
(주)밀레펫,20120903,정상,031-369-7052,,,경기도 오산시 경기대로 *** (원동),경기도 오산시 원동 ***-*,,2026-01-13 17:24:03,,206383.775609107,404319.688193021
Dog Party,20120912,정상,,,,경기도 오산시 대호로 ** (궐동),경기도 오산시 궐동 ***-*,,2026-01-13 17:24:03,,204724.457532906,406215.365222222
경기동물메디컬센터,20140718,정상,031-375-8875,0,18140,"경기도 오산시 운천로 *, *층 (원동, 경기동물메디컬센터)",경기도 오산시 원동 ***-*,,2026-01-13 17:24:03,,206510.104590416,404582.130641252
도그스타 오산점,20140828,정상,,0,18120,"경기도 오산시 궐리사로 **, *층 (궐동, 은성빌딩 )",경기도 오산시 궐동 ***-*,,2026-01-13 17:24:03,,205339.975596219,406274.362812835
개꿈꾸는 고양이,20141104,정상,031-378-0907,0,18120,경기도 오산시 궐리사로**번길 ** (궐동),경기도 오산시 궐동 ***-*,,2026-01-13 17:24:03,,205369.73074976,406344.063625745
러브펫 멀티펫샵(오산 궐동점),20150810,정상,,0,18123,경기도 오산시 대호로**번길 * (궐동),경기도 오산시 궐동 ***-*,,2026-01-13 17:24:03,,204733.096379543,406098.946764784
러블리캣,20161019,정상,031-373-8197,0,18118,경기도 오산시 청학로 ***-* (궐동),경기도 오산시 궐동 ***-*,,2026-01-13 17:24:03,,205706.215274981,406316.898005921
위드독,20161223,정상,,0,18123,"경기도 오산시 궐리사로 *, ***호 (궐동, 센트하임)",경기도 오산시 궐동 ***-*,,2026-01-13 17:24:03,,204679.272776918,406454.699154598
펫토피아,20170407,정상,,0,18143,"경기도 오산시 오산로 *** (원동, 양우프라자)",경기도 오산시 원동 *** 양우프라자 ***호,,2026-01-13 17:24:03,,206067.040577222,404408.638877875
퍼피앤유,20180810,정상,031-374-7007,0,18143,경기도 오산시 경기대로 *** (원동),경기도 오산시 원동 ***-*,,2026-01-13 17:24:03,,206407.349053388,403910.167326734
애견나라,20080709,정상,031-882-0035,,,경기도 여주시 상동 여흥로 ***,경기도 여주시 상동 ***-*,,2026-03-10 21:33:15,,256671.464969405,421706.900673115
로얄수족관,20121010,정상,,0,,경기도 여주시 홍문동 세종로 ***,경기도 여주시 홍문동 ***-*,,2026-03-10 21:33:24,,256448.248498212,420406.438944007
여주 멍스타,20180206,정상,031-885-1222,0,12630,"경기도 여주시 세종로**번길 **, *층 (홍문동)",경기도 여주시 홍문동 ***-*,,2026-03-10 21:34:39,,256513.202410727,421304.920225189
퍼피톡,20210831,정상,,0,18108,경기도 오산시 수청로***번길 **(금암동),경기도 오산시 금암동 ***-*,,2026-01-13 17:24:03,,204728.846420391,408395.902929184
골든햄스터분양 탬펫,20210514,정상,02-3158-2491,0,10546,"경기도 고양시 덕양구 꽃마을로 *, 고양향동 퍼스트타워 ***호 (향동동)",경기도 고양시 덕양구 향동동 *** 고양향동 퍼스트타워 ***호,,2026-01-13 17:14:08,,190416.531776901,455196.50737951
퍼피베베,20211026,정상,,0,10550,"경기도 고양시 덕양구 삼원로 **, *층 (삼송동)",경기도 고양시 덕양구 삼송동 ***-*,10577,2026-04-01 03:03:03,,189044.848393598,460230.594789028
햄스터 분양 로던트클럽 본점,20211112,정상,,0,10500,"경기도 고양시 덕양구 화신로***번길 **, 진솔그린프라자 *층 ***호 (화정동)",경기도 고양시 덕양구 화정동 *** 진솔그린프라자,,2026-01-13 17:14:08,,185147.541774881,458916.597159053
핼로우퍼피,20230609,정상,,0,10508,경기도 고양시 덕양구 능곡로**번길 ** (토당동),경기도 고양시 덕양구 토당동 ***-***,10507,2026-01-13 17:14:08,,184066.106457579,457818.604370202
낭만고양이,20240403,정상,,0,10592,"경기도 고양시 덕양구 삼송로 ***, 힐스테이트삼송역스칸센 ***호 (삼송동)",경기도 고양시 덕양구 삼송동 *** 힐스테이트삼송역스칸센,10577,2026-01-13 17:14:08,,191188.364865683,461198.509404004
동물의왕국(신원당동물병원 부속),20240509,정상,031-963-0075,0,10464,"경기도 고양시 덕양구 호국로***번길 **, 덕산빌딩 *층 (성사동)",경기도 고양시 덕양구 성사동 ***-* 덕산빌딩,,2026-01-13 17:14:08,,185847.301970352,461353.37237947
카니훈트,20241111,정상,,0,10281,경기도 고양시 덕양구 무민로**번길 * (대자동),경기도 고양시 덕양구 대자동 ***-*,,2026-01-13 17:14:08,,189164.474510035,466218.276155398
쁘띠뚜뚜,20250908,정상,,0,10268,"경기도 고양시 덕양구 호국로 ****, *층 (벽제동)",경기도 고양시 덕양구 벽제동 **-*,,2026-01-13 17:14:08,,192732.821271533,468365.917780582
캣스토리 고양이분양 일산본점,20211112,정상,,0,10420,"경기도 고양시 일산동구 백석로**번길 **, *층 (백석동)",경기도 고양시 일산동구 백석동 ****-*,,2026-01-13 17:14:09,,181104.283125602,460693.62195521
몽냥몽냥 강아지분양 일산점,20220610,정상,,0,10324,"경기도 고양시 일산동구 위시티*로 **-*, ***호 (식사동)",경기도 고양시 일산동구 식사동 **** ***호,10324,2026-01-13 17:14:10,,183503.676241036,463595.346688876
특별한 동물가게,20220913,정상,,0,14087,"경기도 안양시 만안구 덕천로 **, 에버앤비 스퀘어 ***호 (안양동)",경기도 안양시 만안구 안양동 ***-** 에버앤비 스퀘어,,2026-01-13 17:21:34,,,
평촌동물병원,20250530,정상,031-384-9505,0,14103,"경기도 안양시 동안구 평촌대로 ***, 평촌트윈마트 ***호 일부, ***호 일부호 (평촌동)","경기도 안양시 동안구 평촌동 ***-* 평촌트윈마트 ***호 일부, ***호 일부호",,2026-01-13 17:21:34,,196377.88153844,431435.688645893
댕댕이라개 강아지분양 안양본점,20250826,정상,,0,14005,"경기도 안양시 만안구 박달로 ***-*, *층 일부 (안양동)",경기도 안양시 만안구 안양동 ***-**,,2026-03-13 21:32:50,,,
도그앤도그,20090714,정상,032-668-8111,,,,경기도 부천시 원미구 원미동 ***-*,,2026-01-13 17:18:35,,,
소풍쿨펫 동물병원,20100607,정상,,,,,경기도 부천시 원미구 상동 ***-*  부천터미널 지하*층 **호,,2026-01-13 17:18:35,,,
수원강아지분양 고양이분양 독스캣,20080715,정상,,0,16273,경기도 수원시 장안구 장안로 **-* (영화동),경기도 수원시 장안구 영화동 ***-**,,2026-04-07 03:03:03,,200326.507611442,420826.272885317
애견백화점,20080714,정상,031-256-5090,0,16252,경기도 수원시 팔달구 정조로 *** (장안동),경기도 수원시 팔달구 장안동 **-*,,2026-01-13 17:19:36,,201285.35641499,420434.286802712
펫독 강아지고양이분양 미용,20101025,정상,031-698-6821,0,16579,"경기도 수원시 권선구 세권로 ***, ***호 (세류동, 해피하임아파트)",경기도 수원시 권선구 세류동 ****-* 해피하임아파트 ***호,,2026-01-13 17:19:36,,201664.586383231,417180.737941812
수원강아지분양 고양이분양 벨라독,20110906,정상,,0,16310,경기도 수원시 장안구 정조로 *** (조원동),경기도 수원시 장안구 조원동 ***-*,,2026-01-13 17:19:36,,200900.825895534,421321.972094564
고양이네 생선가게,20120605,정상,,,,경기도 수원시 팔달구 향교로 **-* (매산로*가),경기도 수원시 팔달구 매산로*가 **-**,,2026-01-13 17:19:36,,200310.023836314,418531.559398238
(주)그린아쿠아펫 북수원점,20120824,정상,,,,경기도 수원시 장안구 경수대로 *** (조원동),경기도 수원시 장안구 조원동 ***,,2026-01-13 17:19:36,,200709.882380059,422304.072402192
(주)그린아쿠아펫 영통점,20120824,정상,,0,16704,"경기도 수원시 영통구 봉영로 **** (영통동, 영통홈플러스)",경기도 수원시 영통구 영통동 ***-*,,2026-01-13 17:19:36,,206365.525651714,416652.30156114
주식회사 우연컴퍼니,20221219,정상,,0,10447,"경기도 고양시 일산동구 중앙로 ****, 남정골드프라자 *층 ***-***호 (백석동)",경기도 고양시 일산동구 백석동 ****-* 남정골드프라자,,2026-01-13 17:14:10,,180977.405614282,460382.943564949
이음pet 강아지분양 고양이분양 일산점,20230620,정상,,0,10446,"경기도 고양시 일산동구 강송로**번길 *-**, 지하층 (백석동)",경기도 고양시 일산동구 백석동 ****-* 지하층,,2026-01-13 21:02:50,,181252.81,460612.855
쿨펫동물병원,20140307,정상,031-237-1175,0,16553,경기도 수원시 권선구 동수원로 *** (권선동),경기도 수원시 권선구 권선동 ****-* 롯데마트 권선점 *층,,2026-01-13 17:19:36,,203008.631510845,416482.021790235
골든스웨터 캐터리,20241024,정상,,0,10338,"경기도 고양시 일산동구 중산로***번길 **-*, *층 ***호 (중산동)",경기도 고양시 일산동구 중산동 ****-* ***호,,2026-01-13 17:14:10,,180412.652654656,464657.47874504
하남 강아지분양 고양이분양 도그마루,20221212,정상,,0,12913,"경기도 하남시 미사강변동로 **, 힐스테이트 에코 미사 ***호 (망월동)",경기도 하남시 망월동 **** 힐스테이트 에코 미사,,2026-03-26 22:46:35,,216887.982339673,451150.494557284
펫스티발,20230406,정상,,0,13001,"경기도 하남시 감일로***번길 **, ***호 (감일동)",경기도 하남시 감일동 ***-*,,2026-03-26 22:46:35,,213232.350286993,445388.253146246
라이프독 하남미사점 24시 강아지분양,20230412,정상,,0,12913,"경기도 하남시 미사강변동로 **, 힐스테이트 미사역 그랑파사쥬(**-*BL) ****호 (망월동)",경기도 하남시 망월동 **** 힐스테이트 미사역 그랑파사쥬(**-*BL),,2026-03-26 22:46:35,,216873.670459282,451296.310681802
키튼하우스,20231103,정상,,0,12966,"경기도 하남시 하남대로 ***, *층 (덕풍동)",경기도 하남시 덕풍동 ***-**,,2026-03-26 22:46:35,,217863.805532575,449028.829103269
오독안심분양센터 강아지분양 고양이분양 하남점,20231201,정상,,0,12919,"경기도 하남시 미사강변대로**번길 ***, 미사주차장 *층 ***, ***호 (풍산동)",경기도 하남시 풍산동 *** 미사주차장,,2026-03-26 22:46:35,,216600.416797497,450597.912987009
캣플,20231208,정상,,0,12999,"경기도 하남시 감일중앙로 **, *층층 ****호 (감이동, 감일 푸르지오 마크베르)",경기도 하남시 감이동 *** 감일 푸르지오 마크베르,,2026-03-26 22:46:35,,213664.552715591,445364.992248447
쇼룸,20240403,정상,,0,12903,"경기도 하남시 미사강변한강로***번안길 **, ***호 (망월동)",경기도 하남시 망월동 ***-*,,2026-03-26 22:46:35,,216676.569246295,452608.397662414
오픈주 하남스타필드점,20240726,정상,,0,12942,"경기도 하남시 미사대로 ***, 스타필드 하남 *층 ***호 (신장동)",경기도 하남시 신장동 *** 스타필드 하남,,2026-03-26 22:46:35,,219699.010520355,449270.371200837
퍼피빌,20240802,정상,,0,12913,"경기도 하남시 미사강변중앙로***번길 **, 신성프라자 **층 (망월동)",경기도 하남시 망월동 **** 신성프라자,,2026-03-26 22:46:35,,216876.049084529,451046.20197058
블리스대디(Bully's daddy),20250117,정상,070-4919-1248,0,12913,"경기도 하남시 미사강변동로 **, 힐스테이트 에코 미사 *층 ***호 (망월동)",경기도 하남시 망월동 **** 힐스테이트 에코 미사,,2026-03-26 22:46:35,,216887.982339673,451150.494557284
이정훈 강아지 하남본점,20250306,정상,,0,12913,"경기도 하남시 미사강변중앙로 ***, 에코브리지 *층 ***-*호 (망월동)",경기도 하남시 망월동 **** 에코브리지,,2026-03-26 22:46:35,,216683.108144904,451286.690614982
PETIQUE,20250404,정상,,0,12903,"경기도 하남시 미사강변한강로***번길 **, ***호 (망월동)",경기도 하남시 망월동 ***-**,,2026-03-26 22:46:35,,216717.035426186,452555.324115425
하남강아지분양 고양이분양 견월당 본점,20250905,정상,,0,12923,"경기도 하남시 미사강변한강로***번길 *, *층 (망월동)",경기도 하남시 망월동 ****-*,,2026-03-26 22:46:35,,217625.27,450992.105
퍼피에몽 강아지분양 하남점,20251031,정상,,0,12913,"경기도 하남시 미사강변동로 ***, 미사푸르지오시티 A동 ***호 (망월동)",경기도 하남시 망월동 ****-* 미사푸르지오시티 A동,,2026-03-26 22:46:35,,216819.892465266,451532.157430759
고로캣 고양이카페,20251204,정상,,0,12913,"경기도 하남시 미사강변중앙로 ***, 미사 리버파크 ***~*호 (망월동)",경기도 하남시 망월동 ****-* 미사 리버파크,,2026-03-26 22:46:35,,216832.157851327,450998.383921686
(주)밀레펫,20131022,정상,031-485-5820,0,17057,경기도 용인시 처인구 명지로 ** (역북동),경기도 용인시 처인구 역북동 ***-*,,2026-03-26 22:51:28,,216717.733040208,414404.502750642
코기빌,20140321,정상,031-321-3322,0,17158,경기도 용인시 처인구 양지읍 죽양대로 ****,경기도 용인시 처인구 양지읍 양지리 *** 외 *필지(***-*),,2026-03-26 22:51:28,,226435.407604476,414532.955593535
해피독,20081119,정상,031-323-0097,0,17027,경기도 용인시 처인구 포곡읍 포곡로 ***,경기도 용인시 처인구 포곡읍 둔전리 ***-*,,2026-03-26 22:51:28,,219429.472907703,418766.790895812
힐링독파크,20180626,정상,,0,17134,경기도 용인시 처인구 이동읍 백옥대로 ***,경기도 용인시 처인구 이동읍 시미리 ***-*,,2026-03-26 22:51:28,,218309.949075007,406191.974388292
코리아펫,20200911,정상,,0,11523,경기도 양주시 장흥면 북한산로 ***,경기도 양주시 장흥면 교현리 ***-*,,2026-04-28 22:00:57,,197364.948274954,466874.001154598
헬로우렙타일,20190611,정상,,0,17024,경기도 용인시 처인구 포곡읍 석성로***번길 **-**,경기도 용인시 처인구 포곡읍 마성리 ***-*,,2026-03-26 22:51:28,,216540.207809959,419680.038416354
보라펫,20210910,정상,,0,17059,경기도 용인시 처인구 신기로 ***(남동),경기도 용인시 처인구 남동 ***-**,,2026-03-26 22:51:28,,217694.289261478,412682.744468497
아로하스토리,20220328,정상,031-526-0596,0,17126,경기도 용인시 처인구 이동읍 백자로 ***-*,경기도 용인시 처인구 이동읍 서리 ***-*,,2026-03-26 22:51:28,,215105.120285238,412318.028423268
이쁘개 건강하개,20220502,정상,,0,17056,"경기도 용인시 처인구 명지로**번길 *-*, ***호 (역북동)",경기도 용인시 처인구 역북동 *** ***호,,2026-03-26 22:51:29,,216590.098073735,414354.489970919
오즈캣,20221117,정상,,0,17117,경기도 용인시 처인구 남사읍 아곡로**번길 *-*,경기도 용인시 처인구 남사읍 아곡리 ***-*,,2026-03-26 22:51:29,,214927.462790606,405465.646890898
하얀개마을,20230609,정상,031-334-3336,0,17048,경기도 용인시 처인구 금령로 * (김량장동),경기도 용인시 처인구 김량장동 ***-**,,2026-03-26 22:51:29,,217342.49463805,414804.85935823
야옹아멍멍해봐 용인남동점,20230818,정상,031-338-0079,0,17063,"경기도 용인시 처인구 백옥대로 ****, *층 ***호 (남동)",경기도 용인시 처인구 남동 *-*,,2026-03-26 22:51:29,,218659.948034157,413882.910762072
유앤미펫 강아지분양 고양이분양 용인점,20231228,정상,,0,17055,"경기도 용인시 처인구 명지로**번길 **, 파스텔시티 ***호 (역북동)",경기도 용인시 처인구 역북동 *** ***호,,2026-03-26 22:51:29,,216525.734050081,414562.313510507
사랑해주오 입양센터 용인점,20240823,정상,,0,17037,"경기도 용인시 처인구 모현읍 백옥대로 ****-**, *층",경기도 용인시 처인구 모현읍 초부리 ***-*,,2026-03-26 22:51:29,,221264.5608727,422751.265929889
놀러오개 애견연구소,20251231,정상,,0,16884,"경기도 용인시 처인구 모현읍 오포로 **, *층",경기도 용인시 처인구 모현읍 능원리 **-*,,2026-03-26 22:51:29,,215553.519332344,426737.950446495
쿨펫동물병원,20080324,정상,031-679-0551,0,17006,"경기도 용인시 기흥구 동백죽전대로 ***, 쥬네브썬월드빌딩 (중동)","경기도 용인시 기흥구 중동 *** 쥬네브썬월드빌딩 b***,***호",,2026-03-26 22:51:34,,213383.977793755,419575.34117754
로얄수족관,20120810,정상,,,17006,"경기도 용인시 기흥구 동백죽전대로 *** (중동, 이마트 동백점)",경기도 용인시 기흥구 중동 *** 이마트 동백점,,2026-03-26 22:51:34,,213383.977793755,419575.34117754
My Love Cat(마이러브캣),20160226,정상,,0,16905,"경기도 용인시 기흥구 용구대로 ****, ***호 (보정동)",경기도 용인시 기흥구 보정동 ***-** ***호,,2026-03-26 22:51:35,,209518.049197557,423853.516701144
멍멍멍,20161104,정상,,0,17111,"경기도 용인시 기흥구 서천동로**번길 **-**, *층 (농서동)",경기도 용인시 기흥구 농서동 ***-* *층,,2026-03-26 22:51:35,,206205.672150891,414544.006950937
펫파크 동백점,20180928,정상,031-275-8833,0,17006,경기도 용인시 기흥구 동백중앙로 *** (중동),경기도 용인시 기흥구 중동 ***-*,,2026-03-26 22:51:35,,213278.894629992,419024.771711527
(주)코스모스이펙트,20190723,정상,,0,16972,"경기도 용인시 기흥구 구갈로**번길 **-*, *층 ***-**호 (구갈동)",경기도 용인시 기흥구 구갈동 ***-*,,2026-03-26 22:51:35,,209952.197500526,419791.434250664
멍스라이프,20200302,정상,031-281-5004,0,16914,"경기도 용인시 기흥구 구성로***번길 **, *층 (청덕동)",경기도 용인시 기흥구 청덕동 ***-*,,2026-03-26 22:51:35,,212466.664898053,420997.197128379
그린아이스무역,20210310,정상,,0,17070,"경기도 용인시 기흥구 중부대로 ***, 가동 ***호 (상하동)",경기도 용인시 기흥구 상하동 ***-*,,2026-03-26 22:51:35,,211896.004576857,418356.581309531
행복 애견방,20181112,정상,,0,11457,"경기도 양주시 고암길 **, 한성빌딩 ***호 (고암동)",경기도 양주시 고암동 ***-*,,2026-04-28 22:00:57,,206055.135,481011.534999999
(주)우연컴퍼니,20221129,정상,,0,16977,"경기도 용인시 기흥구 강남로 *, 태평양프라자 *층 ***호 일부호 (구갈동)",경기도 용인시 기흥구 구갈동 ***-* 태평양프라자,,2026-03-26 22:51:35,,211171.958578674,418854.297919351
용인강아지분양 고양이분양 펫아미,20251217,정상,,0,16897,"경기도 용인시 기흥구 죽전로**번길 **-**, *층 (보정동)",경기도 용인시 기흥구 보정동 ****-*,,2026-03-26 22:51:35,,209643.11,424456.140000001
(주)이마트 수지점,20120816,정상,031-270-1052,,16845,경기도 용인시 수지구 수지로 *** (신봉동),경기도 용인시 수지구 신봉동 ***,,2026-03-26 22:51:43,,207318.572861803,424204.581779995
베베스토리,20181226,정상,,0,16829,경기도 용인시 수지구 문인로**번길 **-* (풍덕천동),경기도 용인시 수지구 풍덕천동 ***-*,,2026-03-26 22:51:43,,208761.051171395,425491.895013765
웰니스 동물병원,20190828,정상,,0,16847,"경기도 용인시 수지구 성복*로 **, 지하*층 (성복동, 성복역롯데캐슬골드타운)",경기도 용인시 수지구 성복동 ** 성복역롯데캐슬골드타운,,2026-03-26 22:51:43,,207273.490731332,423410.218285701
라이프독 용인점 강아지고양이,20210223,정상,,0,16880,"경기도 용인시 수지구 현암로 **, ***호 (죽전동)",경기도 용인시 수지구 죽전동 ****-* ***호,,2026-03-26 22:51:44,,210424.488842164,425473.789846857
롤리,20210318,정상,,0,16800,"경기도 용인시 수지구 이종무로 **, *층 (고기동)",경기도 용인시 수지구 고기동 ***,,2026-03-26 22:51:44,,204655.358820257,428456.682775486
펫퍼스트 24시 강아지분양고양이분양 용인점,20220113,정상,,0,16873,"경기도 용인시 수지구 정든로*번길 *, 그린피아 ***호 (죽전동)",경기도 용인시 수지구 죽전동 ***-* 그린피아,,2026-03-26 22:51:44,,209933.384408003,425023.382289946
퍼피데일리,20220225,정상,070-8248-3070,0,16800,"경기도 용인시 수지구 이종무로 **, *층 (고기동)",경기도 용인시 수지구 고기동 ***,,2026-03-26 22:51:44,,204655.358820257,428456.682775486
이마트 죽전점,20240603,정상,,0,16896,"경기도 용인시 수지구 포은대로 ***, 이마트 *층 (죽전동)",경기도 용인시 수지구 죽전동 **** 이마트,,2026-03-26 22:51:44,,209673.343954233,424823.677745145
애니멀클럽,20250716,정상,,0,16803,"경기도 용인시 수지구 신봉*로***번길 **, B동 *층 (신봉동)",경기도 용인시 수지구 신봉동 ***-* B동,,2026-03-26 22:51:44,,204423.316625205,425649.511892622
주식회사 밀레펫,20120810,정상,,0,10866,"경기도 파주시 당하길 **, 이마트 (당하동)",경기도 파주시 당하동 ***-* 이마트,,2026-01-13 17:26:34,,178030.82794167,471632.260930404
(주)그린아쿠아펫,20120820,정상,,,10816,"경기도 파주시 문산읍 방촌로 ****, 홈플러스",경기도 파주시 문산읍 당동리 *** 홈플러스,,2026-01-13 17:26:34,,181002.777532337,485203.012122524
파주24시동물병원,20170220,정상,031-944-5575,0,10892,경기도 파주시 교하로 ** (목동동),,,2026-01-13 17:26:34,,176475.078366768,469496.975550397
해오름동물병원,20180417,정상,,0,10816,"경기도 파주시 문산읍 당동*로 **, 우리빌 ***호호",경기도 파주시 문산읍 당동리 ***-*,,2026-01-13 17:26:35,,180921.585774435,485062.830089861
이마트(운정점),20181031,정상,,0,10905,"경기도 파주시 한울로 ***, 이마트운정점 (동패동)",경기도 파주시 동패동 **** 이마트운정점,,2026-01-13 17:26:35,,177453.945515036,467576.438594292
"켄넬203 말티푸분양, 미니비숑분양",20210323,정상,,0,10870,경기도 파주시 가람로**번길 **-** (와동동),경기도 파주시 와동동 ****-*,,2026-01-13 17:26:35,,178179.969338808,470435.369401784
파주운정강아지분양 호야펫,20210430,정상,,0,10892,"경기도 파주시 산내로***번길 **-*, *층 (목동동)",경기도 파주시 목동동 ***-*,,2026-01-13 17:26:35,,176802.03677558,469571.515595191
THE DOG SALON,20220415,정상,,0,10906,"경기도 파주시 경의로 ****, ***호 (야당동)",경기도 파주시 야당동 ****,,2026-01-13 17:26:35,,178750.722856139,467242.889602077
함께 있어줄개,20220704,정상,,0,10910,"경기도 파주시 운정역길 ***, ***,***호 (상지석동)",경기도 파주시 상지석동 ***-**,,2026-01-13 17:26:35,,179538.028764689,469504.879323056
(주)밀레펫(이마트 양주점),20140214,정상,,0,11435,"경기도 양주시 평화로 **** (회정동, 이마트)",경기도 양주시 회정동 **,11438,2026-04-28 22:00:56,,204672.182224116,482162.980362785
놀면묘하냥 고양이카페,20221013,정상,070-8770-7353,0,10870,"경기도 파주시 가람로**번길 **-**, *층 (와동동)",경기도 파주시 와동동 ****,,2026-01-13 17:26:35,,178182.284905802,470324.679108048
플레이독 파주본점,20221116,정상,,0,10880,경기도 파주시 교하로 ***(신촌동),경기도 파주시 신촌동 *-**,,2026-01-13 17:26:35,,174305.109653083,470009.000786647
헤이뚜뚜,20230208,정상,031-946-3999,0,10900,"경기도 파주시 산내로*번길 **-**, *층 (목동동)",경기도 파주시 목동동 ****-*,,2026-01-13 17:26:35,,176895.671086693,468926.557200277
고양이분양 반하나캣,20231114,정상,,0,10870,"경기도 파주시 가람로**번길 **, *층 (와동동)",경기도 파주시 와동동 ****-*,,2026-01-13 17:26:35,,178058.82987252,470381.655543421
블레스펫,20231204,정상,,0,10883,경기도 파주시 심학산로 ** (서패동),경기도 파주시 서패동 ***-*,,2026-01-13 17:26:35,,173480.713996766,468144.242388235
강아지 대공원,20210729,정상,031-865-4422,0,11473,"경기도 양주시 옥정동로*다길 **, 대길프라자 ***호 (옥정동)",경기도 양주시 옥정동 ***-* 대길프라자,,2026-04-28 22:00:57,,208103.952220026,479742.054909414
워킹애니멀스쿨,20240430,정상,,0,10839,경기도 파주시 파주읍 통일로 ****,경기도 파주시 파주읍 봉암리 ***-*,,2026-01-13 17:26:35,,181623.747481397,478966.562898311
나의 집사,20240513,정상,,0,10908,"경기도 파주시 경의로 ****, 에펠타워 *층 ***호 (야당동)",경기도 파주시 야당동 **** 에펠타워,,2026-01-13 17:26:35,,178804.224364993,468269.565890856
우리들의 댕댕이,20241114,정상,070-7766-0703,0,10932,"경기도 파주시 중앙로 ***, ***호 (금촌동, 동현아파트)",경기도 파주시 금촌동 ***-* 동현아파트,,2026-01-13 17:26:35,,180586.209768199,472812.000285333
유어펫 라운지 강아지분양,20250402,정상,,0,10866,"경기도 파주시 파주로 ***, *층 (당하동)",경기도 파주시 당하동 ***-*,,2026-01-13 17:26:35,,177425.91659422,470729.42421808
수원강아지분양 고양이분양 아이러브독 말티즈말티푸미니비숑,20150821,정상,031-204-2357,0,16705,경기도 수원시 영통구 반달로 ** (영통동),경기도 수원시 영통구 영통동 ****-* *층,,2026-03-12 21:32:51,,206865.715040893,416710.501824237
(주)이마트 이천점,20121128,정상,,0,,경기도 이천시 이섭대천로 ****-** (증포동),경기도 이천시 증포동 **-*,,2026-05-11 22:06:34,,,
미니미펫,20260120,정상,,0,12805,경기도 광주시 곤지암읍 평촌길 **,경기도 광주시 곤지암읍 삼리 ***-*,,2026-01-21 21:02:50,,228629.074150856,428135.185660004
따숨펫 경기광주점 강아지분양 고양이분양,20251113,정상,,0,12764,"경기도 광주시 문화로 **, *층 (역동)",경기도 광주시 역동 ***-*,,2026-04-24 03:03:03,,222452.559170617,433958.380969216
하이몽,20160407,정상,031-635-5775,0,17364,경기도 이천시 서희로 ** (창전동),경기도 이천시 창전동 ***-**,,2026-05-11 22:06:35,,239255.43919285,420133.445205524
아이펫,20090130,정상,031-638-4520,0,17391,경기도 이천시 경충대로****번길 * (진리동),,,2026-05-11 22:06:35,,240305.370192446,418816.423838025
냥냥펀치,20190520,정상,031-634-1119,0,17377,경기도 이천시 경충대로****번길 ** (중리동),경기도 이천시 중리동 ***-*,17380,2026-05-11 22:06:36,,239483.78493759,419497.314829628
펫플러스라이프,20200306,정상,031-634-0338,0,17331,"경기도 이천시 부발읍 경충대로 ****, *층",경기도 이천시 부발읍 신하리 ***-*,,2026-05-11 22:06:37,,242920.860883211,417359.299005841
펫츠랑,20161014,정상,031-226-1515,0,16577,"경기도 수원시 권선구 정조로 ***, *층 (세류동)",경기도 수원시 권선구 세류동 ***-*,,2026-01-13 17:19:37,,201080.757238884,417535.484287948
펫매니아,20200423,정상,,0,17374,경기도 이천시 어재연로 *-* (중리동),경기도 이천시 중리동 ***-**,17380,2026-05-11 22:06:37,,239179.818208344,419610.092847244
더멍멍,20201227,정상,,0,17361,"경기도 이천시 영창로***번길 *, *층 (갈산동)",경기도 이천시 갈산동 ***-*,,2026-05-11 22:06:37,,240408.77499649,419978.810618876
미래애견,20141030,정상,,0,14703,경기도 부천시 소사구 은성로 **-* (소사본동),경기도 부천시 소사구 소사본동 ***-**,,2026-01-13 17:18:35,,181893.221875936,441481.041661566
유앤미펫 강아지분양 고양이분양 동탄점,20260406,정상,,0,18486,"경기도 화성시 동탄구 동탄신리천로 ***, 청아프라자 ***호 (여울동)",경기도 화성시 동탄구 여울동 ****-*,18487,2026-04-24 03:03:03,,209525.068363402,409082.698261073
미니펫 강아지분양 고양이분양 부천점,20151109,정상,032-326-8990,0,14537,"경기도 부천시 원미구 길주로 ***, ***호 (중동, 에스티마오피스텔)",,,2026-01-13 17:18:35,,178914.599945813,444821.079778803
오케이독,20160621,정상,,0,14598,"경기도 부천시 원미구 부일로***번길 **, ***,***호 (상동, 황금프라자)",,,2026-01-13 17:18:35,,177982.753747441,443052.986724623
Multi pet,20170215,정상,,0,14633,"경기도 부천시 원미구 장말로***번길 *, ***호 (심곡동, 기성뷰그리안아파트)",경기도 부천시 원미구 심곡동 ***-* 기성뷰그리안아파트,,2026-01-13 17:18:35,,180685.30097377,443102.112987201
돌리샵,20180601,정상,,0,14548,"경기도 부천시 원미구 중동로***번길 **, ***호 (중동)",경기도 부천시 원미구 중동 ****-*,,2026-01-13 17:18:35,,179727.251365694,444438.466963487
멋지개 예쁘개,20180712,정상,,0,14428,"경기도 부천시 오정구 원종로**번길 **, *층 **호 (원종동)",경기도 부천시 오정구 원종동 ***-*,,2026-01-13 17:18:35,,182448.956582692,447255.118747479
(주)코스모스이펙트,20190723,정상,,0,14546,"경기도 부천시 원미구 석천로***번길 **, 화이트밸리 *층 ***호 (중동)",경기도 부천시 원미구 중동 ****-* 화이트밸리,,2026-01-13 17:18:35,,178856.059932329,444584.419277427
미니펫스쿨(Minipet School),20200914,정상,,0,14529,"경기도 부천시 원미구 길주로***번길 **, *층 (춘의동)",경기도 부천시 원미구 춘의동 ***-**,,2026-01-13 17:18:35,,180997.977574201,444701.278090973
캉스펫 부천점,20201125,정상,,0,14544,"경기도 부천시 원미구 길주로 **, 굿모닝오피스텔 ***호 (상동)",경기도 부천시 원미구 상동 ***-* 굿모닝오피스텔,,2026-01-13 17:18:35,,177750.078906076,444830.621797965
착한애견분양강아지 수원광교본점,20161216,정상,,0,16506,"경기도 수원시 영통구 센트럴파크로***번길 ***, ***호 (이의동)",경기도 수원시 영통구 이의동 ****-*,16508,2026-01-13 17:19:37,,204858.757339822,421368.504985384
부천강아지분양 멍미,20210628,정상,,0,14543,"경기도 부천시 원미구 길주로 **, 에이플러스 *층 *호 (상동)",경기도 부천시 원미구 상동 ***-* 에이플러스 ***호,,2026-01-13 17:18:36,,177998.178967807,444930.314500396
미유펫 강아지분양 고양이분양 부천점,20220321,정상,,0,14582,"경기도 부천시 원미구 부흥로***번길 **, *층 (중동)",경기도 부천시 원미구 중동 ****,,2026-01-13 17:18:36,,180181.892969151,443947.644093222
엘리쉬펫,20250912,정상,,0,12766,"경기도 광주시 행정타운로 ***, *층 ***호 (회덕동)",경기도 광주시 회덕동 ***,12766,2026-01-13 17:15:33,,221531.146399327,436129.868329859
Design Dog,20221006,정상,,0,14562,"경기도 부천시 원미구 원미로 ***, ***호 (원미동)",경기도 부천시 원미구 원미동 *-*,,2026-01-13 17:18:36,,181591.777414775,444023.465481731
(주)우연컴퍼니,20221115,정상,,0,14623,"경기도 부천시 원미구 부일로***번길 **, *층 ***-**호 (상동)",경기도 부천시 원미구 상동 ***-*,,2026-01-13 17:18:36,,178383.5071659,443033.191916854
도그마루 고양이 강아지 무료분양,20221117,정상,,0,14547,"경기도 부천시 원미구 소향로 ***, 상가동 *층 ***호 (중동, 센트럴파크 푸르지오)",경기도 부천시 원미구 중동 **** 센트럴파크 푸르지오,,2026-01-13 17:18:36,,179405.695792369,444449.660787061
핫도그,20170623,정상,,0,18125,"경기도 오산시 발안로 ****-** (가수동, 가수주공아파트)",경기도 오산시 가수동 ***-* 가수주공상가 ***호,,2026-01-13 17:24:03,,204589.651221723,404900.943079212
드림독 강아지분양 안심분양센터 부천점,20230213,정상,,0,14635,"경기도 부천시 원미구 신흥로 **, 디오스빌 ***호 (심곡동)",경기도 부천시 원미구 심곡동 ***-* 디오스빌,,2026-01-13 17:18:36,,180244.272611521,442792.895479317
쁘띠멍멍,20230425,정상,,0,14620,경기도 부천시 원미구 석천로**번길 ** (상동),경기도 부천시 원미구 상동 ***-*,,2026-01-13 17:18:36,,178974.612204862,443299.289275528
예쁘개,20231204,정상,032-671-0097,0,14407,"경기도 부천시 오정구 역곡로***번길 **, *층 (고강동)",경기도 부천시 오정구 고강동 ***-*,,2026-01-13 17:18:36,,184168.787949965,447338.143389319
부천강아지분양 고양이분양 24시 데려가개 부천점,20231221,정상,,0,14786,"경기도 부천시 소사구 양지로 ***, 부천옥길 서영아너시티* ***호 (옥길동)",경기도 부천시 소사구 옥길동 ***-* 부천옥길 서영아너시티*,,2026-01-13 17:18:36,,184361.06497231,440665.337478075
안산 강아지분양 고양이분양 도그마루,20200331,정상,,0,15494,"경기도 안산시 상록구 광덕*로 ***, 센타프라자 *층 ***호 (이동)",경기도 안산시 상록구 이동 ***-* 센타프라자 ***호,,2026-03-26 22:46:10,,186673.07319399,422914.3039439
우리똥강아지,20210512,정상,,0,15457,"경기도 안산시 단원구 원포공원*로 **, ****호 (초지동)",경기도 안산시 단원구 초지동 ***-* 화신 수산시장,,2026-03-26 22:46:10,,183191.895652736,422147.326451655
캣플헤븐 일산탄현점,20250725,정상,,0,10242,"경기도 고양시 일산서구 일현로 **-**, 판매시설동 지하*층 B***호 (탄현동, 일산 위브더제니스)",경기도 고양시 일산서구 탄현동 **** 일산 위브더제니스,,2026-01-13 17:14:11,,179005.665068939,465786.029740427
과천고양이분양 도레미캣,20250911,정상,,0,13824,"경기도 과천시 과천대로*나길 ***, ***호 (갈현동)",경기도 과천시 갈현동 ***-* ***호,13840,2026-03-26 22:03:45,,,
메종퍼피,20260213,정상,,0,18018,"경기도 평택시 고덕국제대로 **, ***동 *층 ****호 (고덕동, 힐스테이트 고덕 센트럴)",경기도 평택시 고덕동 ****-* 힐스테이트 고덕 센트럴,18023,2026-02-14 21:36:13,,203709.243236458,393590.810761107
온니테일,20260312,정상,,0,12820,"경기도 광주시 문형산길 ***-**, ***동 ***호 (신현동)",경기도 광주시 신현동 ***-**,,2026-03-13 21:02:52,,,
로얄수족관,20140619,정상,,0,14637,경기도 부천시 소사구 부천로 * (심곡본동),경기도 부천시 소사구 심곡본동 ***-*,,2026-01-13 17:18:35,,180724.703317877,442449.069631369
수원고양이분양 고사남 본점,20170728,정상,,0,16531,"경기도 수원시 영통구 동수원로 ***, *층 (매탄동)",경기도 수원시 영통구 매탄동 ***-**,,2026-01-13 17:19:37,,203873.965468619,418920.552832723
스타트독 구리점,20160504,정상,031-555-8666,0,11925,"경기도 구리시 체육관로 ***, *층 (교문동)",경기도 구리시 교문동 ***-**,,2026-01-13 17:16:02,,211925.295157592,455313.345161959
수달앤쥬,20231025,정상,,0,16391,"경기도 수원시 권선구 금곡로 ***, 리더스빌딩 *층 ***(일부)호 (금곡동)",경기도 수원시 권선구 금곡동 ****-* 리더스빌딩,,2026-01-13 17:19:37,,195858.153517145,419228.576806355
L마트 구리점,20210625,정상,,0,11915,"경기도 구리시 동구릉로***번길 **, 구리유통종합상가 (인창동)",경기도 구리시 인창동 *** 구리유통종합상가,,2026-01-13 17:16:03,,212367.118425352,456712.576784184
포둥,20250220,정상,,0,11921,"경기도 구리시 건원대로 **, 삼원골드프라자 *층 ***호 (인창동)",경기도 구리시 인창동 ***-* 삼원골드프라자 ***호,,2026-01-13 17:16:03,,212323.854930393,455842.909339409
한강아쿠아 롯데마트 마석점,20120828,정상,031-527-4244,0,12181,경기도 남양주시 화도읍 경춘로 **** (롯데마트 *층),경기도 남양주시 화도읍 마석우리 ***-** 롯데마트 *층,,2026-01-13 17:17:34,,227234.544976879,460930.696005881
고양이 팔경 캣스쿨,20150414,정상,,0,12183,"경기도 남양주시 화도읍 창현로 *-*, *층",경기도 남양주시 화도읍 창현리 ***-* *층,,2026-01-13 17:17:34,,227001.48383107,460782.282203617
개벤져스,20161216,정상,,0,12223,"경기도 남양주시 경춘로****번안길 *-**, *층 (평내동)",경기도 남양주시 평내동 ***-* *층,,2026-01-13 17:17:34,,220773.366668794,460617.630287447
니멍내멍,20180504,정상,,0,12268,"경기도 남양주시 강변북로***번길 **, 정원바베큐시대 (수석동)",경기도 남양주시 수석동 *** 정원바베큐시대,,2026-01-13 17:17:35,,214847.791146799,454258.876550859
비타민 동물병원,20240401,정상,031-432-9119,0,15010,"경기도 시흥시 배곧*로 **-**, 광장프라자 *층 ***호 (배곧동)",경기도 시흥시 배곧동 *** 광장프라자,,2026-03-10 21:36:28,,175621.112587005,430662.360321249
Majestic(마제스틱),20211116,정상,,0,17343,"경기도 이천시 대월면 대장로***번길 **, *층",경기도 이천시 대월면 대대리 **-*,,2026-05-11 22:06:37,,243211.78656175,413390.957440575
(주)우연컴퍼니,20221201,정상,02-2038-8602,0,18453,"경기도 화성시 동탄구 동탄중심상가*길 *, 로하스애비뉴 *층 ***호-사**호 (반송동)",경기도 화성시 동탄구 반송동  **-* 로하스애비뉴,,2026-02-01 10:34:18,,206378.247090083,411519.526668326
브이아이피독,20241010,정상,,0,18555,경기도 화성시 만세구 서신면 염전길 **,경기도 화성시 만세구 서신면 매화리 ***-**,,2026-02-01 10:34:18,,173140.66049041,407223.752731144
동탄강아지분양 퍼피메이트 안심분양센터,20250404,정상,,0,18490,"경기도 화성시 동탄구 동탄신리천로 ***, 경서타워 ***호 (목동)",경기도 화성시 동탄구 목동  ***-*,,2026-02-01 10:34:18,,,
동탄강아지분양 고양이분양 댕댕즈,20250821,정상,,0,18455,"경기도 화성시 동탄구 동탄반석로 ***, 동탄 스카이뷰 빌딩 ***호 (반송동)",경기도 화성시 동탄구 반송동  ***-* 동탄 스카이뷰 빌딩,,2026-02-01 10:34:18,,206250.284055209,411094.328135401
골든햄스터분양 패러그린 동탄점,20260107,정상,,0,18418,"경기도 화성시 동탄구 남여울*길 **-*, *층 (능동)",경기도 화성시 동탄구 능동 ****-*,,2026-02-12 21:32:50,,204446.782885106,410641.053127623
(주)베프,20220217,정상,,0,17384,경기도 이천시 마장면 중부대로 ***-*,경기도 이천시 마장면 표교리 ***,17384,2026-05-11 22:06:39,,236540.153257308,416495.376159532
골든파크,20250610,정상,,0,17384,경기도 이천시 마장면 중부대로***번길 ***,경기도 이천시 마장면 표교리 ***,17384,2026-05-11 22:06:40,,235561.477704707,416621.116709978
악동강아지,20130820,정상,,0,10087,경기도 김포시 김포한강*로 *** (장기동),경기도 김포시 장기동 ****-*,,2026-01-13 17:17:04,,170754.229817616,459607.097925173
펫 갤러리아,20140904,정상,,0,10113,경기도 김포시 풍무로 *** (사우동),경기도 김포시 사우동 ***-**,,2026-01-13 17:17:04,,175698.289048994,456919.985357472
내셔널 프로텍트 K-9 탐지견센터,20200205,정상,,0,12243,경기도 남양주시 일패로**번길 ** (일패동),경기도 남양주시 일패동 ***-*,,2026-01-13 17:17:35,,215164.559932091,457913.800684374
캣플 코지눅 수원아이파크시티점,20260220,정상,,0,16662,"경기도 수원시 권선구 경수대로 ***, IPARK CITY 수원 아이파크 시티 **단지 *층 **호 (권선동)",경기도 수원시 권선구 권선동 **** IPARK CITY 수원 아이파크 시티 **단지,,2026-02-21 21:32:50,,201544.344101949,415919.731243333
동현24시동물병원,20180905,정상,031-768-7599,0,12741,"경기도 광주시 경안천로 *, *층 (송정동)",경기도 광주시 송정동 **-**,,2026-01-13 17:15:33,,223021.068538776,434704.470700921
알로하펍앤코,20200814,정상,,0,12766,"경기도 광주시 행정타운로 ***, ***호 (회덕동)",경기도 광주시 회덕동 ***-**,12766,2026-01-13 17:15:33,,221510.44917146,436116.925217407
더예쁘개 댕댕샵,20220113,정상,,0,12774,"경기도 광주시 문형동 오포로 ***, *층 *호",경기도 광주시 문형동 ***-*,12774,2026-01-13 17:15:33,,,
도그피아 애견 훈련소,20240911,정상,,0,12724,경기도 광주시 곤지암읍 가마을길***번길 ***,경기도 광주시 곤지암읍 봉현리 ***-*,,2026-03-27 03:03:03,,234784.747796053,427408.186250875
예쁜농장,20080623,정상,,0,,경기도 화성시 만세구 홍난파길**번길 **-* (활초동),경기도 화성시 만세구 남양읍 활초리 **-*,,2026-02-01 10:34:17,,185660.913053151,409380.462991274
(주)그린아쿠아펫,20120911,정상,02-2619-1285,,,경기도 화성시 만세구 향남읍 향남로 *** (홈플러스 향남점),경기도 화성시 만세구 향남읍 갈천리 ***-* 홈플러스 향남점,18625,2026-02-01 10:34:17,,,
고양이랑,20161130,정상,,0,18427,"경기도 화성시 동탄구 여울로 **, *층 (능동)",경기도 화성시 동탄구 능동 ****-*,,2026-02-12 21:32:50,,204639.666979394,411287.860440046
오&Pet,20240731,정상,,0,15036,"경기도 시흥시 정왕대로 ***, 광개토빌딩* ***호 (정왕동)",경기도 시흥시 정왕동 ****-* 광개토빌딩*,15119,2026-03-10 21:36:30,,176313.285156484,427368.540805943
메종드켄넬,20260504,정상,,0,11813,"경기도 의정부시 천보로 **, ****호 (민락동)",경기도 의정부시 민락동 ***-* ****호,,2026-05-05 21:32:55,,208700.849744616,471202.493218682
에우다,20260504,정상,,0,12120,"경기도 남양주시 퇴계원읍 퇴계원로 ***, 염광빌딩 *층 ***-S***호",경기도 남양주시 퇴계원읍 퇴계원리 **-* 염광빌딩*층 ***-S***호,,2026-05-05 21:02:50,,212602.991777873,461591.55298432
도토리펫,20260424,정상,,0,18497,"경기도 화성시 동탄구 동탄대로*길 **, *동 *층 ***호 (송동)",경기도 화성시 동탄구 송동 ***-*,,2026-04-25 21:33:34,,209160.688525921,407245.702347871
펫루나안심분양센터 강아지분양 고양이분양 부천점,20260507,정상,,0,14638,"경기도 부천시 원미구 부천로 **, *층 (심곡동)",경기도 부천시 원미구 심곡동 ***-*,,2026-05-08 21:02:59,,180854.299710084,443117.459484661
맘스퍼피,20250926,정상,,0,15011,"경기도 시흥시 서울대학로***번길 **, 새롬프라자* ***호 (배곧동)",경기도 시흥시 배곧동 ***-* 새롬프라자* ***호,,2026-03-10 21:36:32,,175839.546983131,429749.989150418
지니독,20181004,정상,,0,11518,경기도 양주시 백석읍 기산로 ***-*,경기도 양주시 백석읍 기산리 ***-*,11518,2026-04-28 22:00:57,,195019.628290711,474926.924127467
강아지분양 퍼피베이비,20180212,정상,,0,16518,"경기도 수원시 영통구 월드컵로**번길 **, *층 ***호 (원천동)",경기도 수원시 영통구 원천동 ***-*,,2026-01-13 17:19:37,,204470.622897081,419179.871077477
햄스터 분양샵 햄찌,20250721,정상,,0,15862,"경기도 군포시 번영로 ***, 제일프라자 *층 ***호 (금정동)",경기도 군포시 금정동 ***-* 제일프라자,,2026-01-13 17:16:33,,193956.87877403,428351.584809556
로얄수족관,20120823,정상,,0,,"경기도 하남시 덕풍서로 ** *층 (덕풍동, 하남풍산지구이마트)",경기도 하남시 덕풍동 *** 하남풍산지구이마트 *층,,2026-03-26 22:46:33,,218076.91973786,450073.163619109
애견샵,20200421,정상,,0,12957,"경기도 하남시 하남대로 ***, 제*층 ***호 (신장동, 명지캐럿***)",경기도 하남시 신장동 ***-** 명지캐럿***,,2026-03-26 22:46:34,,218223.390970302,448784.200810181
강아지분양 애견분양 퍼피플라워 하남점,20211012,정상,,0,12923,"경기도 하남시 미사강변한강로***번길 **, ***호 (망월동)",경기도 하남시 망월동 ****-* ***호,,2026-03-26 22:46:34,,217655.815938304,450851.552094189
큐티댕냥 하남 본점 강아지 고양이 분양,20221118,정상,,0,12902,"경기도 하남시 미사강변한강로 ***, 미사강변 스카이폴리스 나동 ***호 (망월동)",경기도 하남시 망월동 *** 미사강변 스카이폴리스 나동 ***호,,2026-03-26 22:46:34,,216846.891263183,452760.863180903
미유펫 강아지분양고양이분양 김포점,20190514,정상,,0,10071,"경기도 김포시 김포한강*로 ***, ***호 (구래동)",경기도 김포시 구래동 ****-**,,2026-01-13 17:17:05,,166587.488783941,460103.17930249
시바견분양.kr,20200407,정상,,0,10057,"경기도 김포시 양촌읍 양곡*로 **, 양지마을주공아파트 상가동동 ***호",경기도 김포시 양촌읍 양곡리 **** 양지마을주공아파트,,2026-01-13 17:17:05,,166580.15462593,461713.777646162
수원고양이분양 도레미캣,20190924,정상,,0,16705,"경기도 수원시 영통구 반달로 **, *층 (영통동)",경기도 수원시 영통구 영통동 ****-*,,2026-01-13 17:19:37,,206600.811564108,416567.96657163
컴페니언펫,20160622,정상,070-4202-0890,0,15489,"경기도 안산시 상록구 광덕*로 ***, ***호 (이동)",경기도 안산시 상록구 이동 ***,,2026-03-26 22:46:10,,186681.18736805,423201.597167445
해피주 수원점,20191122,정상,031-546-0980,0,16334,"경기도 수원시 장안구 대평로**번길 **, 라이프스포츠 수원 ***,***(일부)호 (정자동)",경기도 수원시 장안구 정자동 ***-* 라이프스포츠 수원,,2026-01-13 17:19:37,,199375.326187922,421688.485102486
해피펫클럽,20200102,정상,031-234-2001,0,16470,"경기도 수원시 팔달구 중부대로**번길 **, *,*층 (인계동)",경기도 수원시 팔달구 인계동 ***-**,,2026-01-13 17:19:37,,201739.334092613,419193.249814914
달빛햄스터리 수원점,20231106,정상,,0,16700,"경기도 수원시 영통구 덕영대로****번길 **, 벽적골롯데아파트 생활편익시설동 지***(일부)호 (영통동)",경기도 수원시 영통구 영통동 ***-* 벽적골롯데아파트,,2026-01-13 17:19:37,,205462.047360966,416148.486272828
숭구리댕댕,20240829,정상,,0,16605,"경기도 수원시 권선구 서둔로 ***-*, *(일부)층 (탑동)",경기도 수원시 권선구 탑동 **-**,,2026-01-13 17:19:37,,198063.076094254,418893.743641324
다온 입양센터 수원점 강아지분양 고양이분양,20250403,정상,,0,16226,"경기도 수원시 영통구 대학*로*번길 **, *(일부)층 (이의동)",경기도 수원시 영통구 이의동 ****-*,16508,2026-01-13 17:19:37,,203784.21,421805.66
엘르퍼피,20250414,정상,,0,16508,"경기도 수원시 영통구 도청로**번길 **, 힐스테이트광교중앙역 ***호 (이의동)",경기도 수원시 영통구 이의동 **** 힐스테이트광교중앙역,16508,2026-04-03 03:03:03,,204977.175329834,420627.234160383
블리독수원점 고양이강아지분양 미니비숑프리제말티푸포메입양,20250425,정상,,0,16489,"경기도 수원시 팔달구 인계로 ***, 수원미디어시티 ***,***(일부)호 (인계동)",경기도 수원시 팔달구 인계동 **** 수원미디어시티,,2026-04-18 03:03:03,,202706.355932742,418367.445293583
수원고양이분양 캣토리,20250605,정상,,0,16531,"경기도 수원시 영통구 동수원로 ***, *층 일부호 (매탄동)",경기도 수원시 영통구 매탄동 ***-**,,2026-01-13 17:19:37,,203925.008185096,418949.86778408
수원강아지분양 홍스퍼피 본점,20251119,정상,,0,16703,"경기도 수원시 영통구 봉영로 ****, 모던타운 ***(일부)호 (영통동)",경기도 수원시 영통구 영통동 ***-* 모던타운,,2026-01-13 17:19:37,,206445.901789232,416957.536591546
미오즈 고양이분양 강아지분양 수원광교점,20251120,정상,,0,16509,"경기도 수원시 영통구 도청로 **, 광교유니코어 B*-***호 (이의동)",경기도 수원시 영통구 이의동 ****-* 광교유니코어,16508,2026-01-13 17:19:37,,204156.601249758,420989.072525176
수원고양이분양 강아지분양 드림캣안심분양센터,20260126,정상,,0,16494,"경기도 수원시 팔달구 중부대로***번길 **, 클래시엘 *층 ***호 (우만동)",경기도 수원시 팔달구 우만동 ***,,2026-01-27 21:32:50,,203245.646027989,419650.677387168
플란다스의 개,20100909,정상,031-718-4552,0,,"경기도 성남시 분당구 불곡로 *, ***호 (정자동,리더스프라자)",경기도 성남시 분당구 정자동 ***-* 리더스프라자 ***호,,2026-01-13 17:19:05,,210821.835896495,428601.909355725
베베캣 고양이,20170623,정상,031-387-2080,0,13937,"경기도 안양시 동안구 관악대로 ***-*, *층 (관양동)",경기도 안양시 동안구 관양동 ****-** *층,,2026-03-05 21:32:52,,196318.445426412,433525.717464635
(주)코스모스이펙트,20190621,정상,,0,13943,"경기도 안양시 동안구 흥안대로 ***, 타워빌딩 ***호 (관양동)",경기도 안양시 동안구 관양동 ****-* 타워빌딩 ***호,,2026-01-13 17:21:34,,197917.766604267,433213.526675967
캣츠앤몬스터 고양이카페&분양,20210716,정상,,0,13938,"경기도 안양시 동안구 관악대로 ***, *층 (관양동)",경기도 안양시 동안구 관양동 ****-** *층,,2026-01-13 17:21:34,,196478.014718356,433559.346695826
동물보듬센터 용인지점,20260409,정상,,0,16986,"경기도 용인시 기흥구 어정로 ***, 어정프라자 ***호 (상하동)",경기도 용인시 기흥구 상하동 ***-* 어정프라자,,2026-04-10 21:32:54,,212706.134063815,419336.771515948
수원강아지분양 고양이분양 멍앤냥,20200825,정상,,0,16489,"경기도 수원시 팔달구 경수대로***번길 **, ***호 (인계동)",경기도 수원시 팔달구 인계동 ****-* ***호,,2026-01-13 17:19:37,,202636.823761806,418338.635617686
수원고양이전문분양 가토캣슬 광교용인점,20210609,정상,,0,16705,"경기도 수원시 영통구 반달로 **, *층 (영통동)",경기도 수원시 영통구 영통동 ****-*,,2026-01-13 17:19:37,,206845.166925758,416726.219758275
수원시바견,20210715,정상,031-303-9525,0,16465,경기도 수원시 팔달구 정조로***번길 ** (매교동),경기도 수원시 팔달구 매교동 **-*,,2026-01-13 17:19:37,,201354.662334426,418802.027581055
수원고양이전문분양 아임캣 (I'M CAT),20211216,정상,,0,16675,"경기도 수원시 영통구 매영로***번길 *, ***(일부)호 (원천동)",경기도 수원시 영통구 원천동 ***-**,,2026-01-13 17:19:37,,205625.135755785,417563.990071712
퍼피스토리,20211216,정상,,0,16514,"경기도 수원시 영통구 법조로 **, 광교 더샵 레이크파크 *층 **(일부)호 (하동)",경기도 수원시 영통구 하동 **** 광교 더샵 레이크파크,,2026-01-13 17:19:37,,205498.540545351,420562.074278262
메다카린,20250123,정상,,0,12662,"경기도 여주시 가남읍 일신로 **, 상가동 (굿모닝타워아파트)",경기도 여주시 가남읍 태평리 ***-* 굿모닝타워아파트,,2026-03-10 21:34:43,,248067.919548995,412502.817117366
베스트나우 강아지고양이분양 애견입양 수원점 말티푸비숑,20220413,정상,,0,16606,"경기도 수원시 권선구 하탑로 *, *층 ***호 (탑동, 갑진빌딩)",경기도 수원시 권선구 탑동 ***-* 갑진빌딩,,2026-01-13 17:19:37,,197454.817009171,418505.854944186
도그스퀘어,20080714,정상,,0,16704,"경기도 수원시 영통구 반달로*번길 *, 센타프라자 ***호 (영통동)",경기도 수원시 영통구 영통동 ***-* 센타프라자 ***호,,2026-01-13 17:19:36,,206499.293774172,416711.981629041
도담동물보호소,20260427,정상,,0,10292,"경기도 고양시 덕양구 호국로 ****, *층 (원당동)",경기도 고양시 덕양구 원당동 ***-* *층,,2026-04-28 21:02:51,,187822.508429876,463547.210778142
폴리매스 주식회사,20220805,정상,,0,16704,"경기도 수원시 영통구 청명남로 **, 럭셔리프라자 *층 ***호*호 (영통동)",경기도 수원시 영통구 영통동 ***-* 럭셔리프라자,,2026-01-13 17:19:37,,206644.07883035,416812.834725723
애견 11번가,20210420,정상,,0,11101,경기도 포천시 관인면 관인로**번길 *,경기도 포천시 관인면 탄동리 ***-**,11101,2026-03-10 21:34:49,,221829.431500998,517153.159909039
강아지분양 고양이분양 컴투펫 수원점,20221207,정상,,0,16440,"경기도 수원시 팔달구 고화로 ***, *,*층 (화서동)",경기도 수원시 팔달구 화서동 **-*,,2026-01-13 17:19:37,,200496.090869891,419933.305305193
댕집사장 강아지분양,20221216,정상,,0,16655,"경기도 수원시 권선구 정조로 ***-*, 청계 *(일부)층 (세류동)",경기도 수원시 권선구 세류동 ***-* 청계,,2026-01-13 17:19:37,,200980.596557756,416501.149197104
해피애견,20230223,정상,,0,16270,"경기도 수원시 장안구 팔달로 ***, SK텔레콤 *층 (영화동)",경기도 수원시 장안구 영화동 ***-* SK텔레콤,,2026-01-13 17:19:37,,201114.650887783,420788.796199061
아가마미 고양이카페,20230310,정상,031-203-4075,0,16705,"경기도 수원시 영통구 청명남로 **, 거성빌딩 *층 ***호 (영통동)",경기도 수원시 영통구 영통동 ****-** 거성빌딩 ***호,,2026-01-13 17:19:37,,206621.473848068,416699.17507388
수원고양이분양 드림캣 안심분양센터,20230717,정상,,0,16490,"경기도 수원시 팔달구 효원로***번길 **-*, ***호 (인계동)",경기도 수원시 팔달구 인계동 **** ***호,,2026-01-13 17:19:37,,202309.669044626,418131.330210375
홈플러스 동수원점 수족관,20230807,정상,,0,16490,"경기도 수원시 팔달구 효원로 ***, 홈플러스동수원점 *층 일부호 (인계동)",경기도 수원시 팔달구 인계동 **** 홈플러스동수원점,,2026-01-13 17:19:37,,202602.629959972,417869.723857315
우정앤독스,20141126,정상,070-4202-7788,0,13601,경기도 성남시 분당구 발이봉북로**번길 * (수내동),경기도 성남시 분당구 수내동 ***-*,,2026-01-13 17:19:05,,211339.754886557,429257.786682303
비포유,20150501,정상,031-715-2298,0,13558,"경기도 성남시 분당구 성남대로 ***, ***호 (정자동, 시그마타워)",경기도 성남시 분당구 정자동 **-*,,2026-01-13 17:19:05,,209468.85942573,429475.800850246
LIKE FRISE,20210511,정상,,0,12184,"경기도 남양주시 화도읍 경춘로****번길 **-*, 다올채 ***호",경기도 남양주시 화도읍 창현리 ***-* 다올채,,2026-01-13 17:17:35,,226601.443165699,460989.728342894
The Man's Dog,20150626,정상,,0,13578,경기도 성남시 분당구 서현로***번길 * (서현동),경기도 성남시 분당구 서현동 ***-**,,2026-01-13 17:19:05,,212421.133776397,430436.326357413
다온 입양센터 본점 남양주 강아지분양 고양이분양,20221116,정상,,0,12269,"경기도 남양주시 와부읍 안골로 **-*, *층",경기도 남양주시 와부읍 도곡리 ***-*,,2026-01-13 17:17:35,,220802.507502891,454108.418554355
에르펫츠 강아지분양 고양이분양 다산점,20231028,정상,,0,12284,"경기도 남양주시 다산지금로 ***, 현대 테라타워 DIMC R**동 상가 *층 **호 (다산동)",경기도 남양주시 다산동 **** R**동 *층 **호,,2026-01-13 17:17:35,,215139.954217956,454827.048367444
한펫,20240702,정상,,0,12182,"경기도 남양주시 화도읍 폭포로**번길 **-**, *층",경기도 남양주시 화도읍 창현리 ***,,2026-01-13 17:17:35,,227500.320162588,460494.690030959
펫북(Pet Book),20250321,정상,,0,12097,"경기도 남양주시 별내*로 ***, ***호 (별내동)",경기도 남양주시 별내동 ***-*,,2026-01-13 17:17:35,,210314.39,462650.455
인퍼피,20101126,정상,,,,경기도 오산시 청학로 ***-* (궐동),경기도 오산시 궐동 ***-*,,2026-01-13 17:24:03,,205609.111430206,406422.849035487
베스트피쉬 수족관,20121008,정상,031-378-7885,,,경기도 오산시 대원로**번길 ** (오산동),경기도 오산시 오산동 ***-**,,2026-01-13 17:24:03,,206149.343958959,405108.402144428
도그매니져,20150116,정상,031-376-8255,0,18109,"경기도 오산시 여계산로 ** (금암동, 휴먼시아 데시앙APT 단지내상가 ***호)",경기도 오산시 금암동 *** 휴먼시아 데시앙APT 단지내상가 ***호,,2026-01-13 17:24:03,,203810.966578052,407786.723857656
타이니돌,20240424,정상,,0,10550,"경기도 고양시 덕양구 삼원로 *, ***호 (삼송동)",경기도 고양시 덕양구 삼송동 ***-*,10577,2026-01-13 17:14:08,,189104.646185961,460246.703538096
멍앤픽 강아지분양 고양이분양,20210326,정상,,0,10320,"경기도 고양시 일산동구 무궁화로 ***-*, ***동 *층 ***호 (식사동, 삼성캐슬)",경기도 고양시 일산동구 식사동 ***-** 삼성캐슬,10324,2026-01-13 17:14:09,,182306.643522927,463990.899502789
캣스타,20211005,정상,,0,12631,"경기도 여주시 세종로**번길 **, 모범빌딩 *층 (홍문동)",경기도 여주시 홍문동 *** 모범빌딩,,2026-03-10 21:34:43,,256497.574954433,421326.704771123
비비퍼피 강아지분양 고양이분양 일산본점,20240502,정상,,0,10311,"경기도 고양시 일산동구 애현*길 *, *층 (풍동)",경기도 고양시 일산동구 풍동 ****-* *층,10309,2026-01-13 17:14:10,,181378.221308082,463571.112064888
강아지 호텔,20231117,정상,,0,12902,"경기도 하남시 미사강변한강로 ***, 미사강변 스카이폴리스 나동 *층 ***호 (망월동)",경기도 하남시 망월동 *** 미사강변 스카이폴리스,,2026-03-26 22:46:35,,216846.891263183,452760.863180903
A. DOG(어독),20150821,정상,,0,13477,경기도 성남시 분당구 운중로***번길 *-* (판교동),경기도 성남시 분당구 판교동 ***-*,,2026-01-13 17:19:05,,208197.011564686,431901.716908159
햄스팟,20241022,정상,,0,12913,"경기도 하남시 미사강변동로 **, 힐스테이트 미사역 그랑파사쥬(**-*BL) **블럭동 *층 ****호 (망월동)",경기도 하남시 망월동 **** 힐스테이트 미사역 그랑파사쥬(**-*BL),,2026-03-26 22:46:35,,216873.670459282,451296.310681802
해피애견타운 분당판교점,20151012,정상,031-713-3210,0,13609,경기도 성남시 분당구 백현로***번길 *-* (정자동),경기도 성남시 분당구 정자동 **-**,,2026-01-13 17:19:05,,210114.086277551,430002.975055908
블럭비즈몬,20200527,정상,,0,17117,"경기도 용인시 처인구 남사읍 한숲로 **, 아곡프라자 ***호",경기도 용인시 처인구 남사읍 아곡리 *** 아곡프라자 ***호,,2026-03-26 22:51:28,,215136.94718991,405691.150197817
뽀송하개 재워줄개,20220911,정상,,0,17115,"경기도 용인시 처인구 남사읍 처인성로 ***, *층",경기도 용인시 처인구 남사읍 완장리 ***-* *층,,2026-03-26 22:51:29,,215938.074335009,407908.037856896
마렛트,20231103,정상,,0,17124,경기도 용인시 처인구 남사읍 각궁로 ***-**,경기도 용인시 처인구 남사읍 전궁리 **-*,,2026-03-26 22:51:29,,214721.510247805,400004.997986765
봄봄,20250501,정상,,0,17022,"경기도 용인시 처인구 포곡읍 선장*로 **-*, 나동",경기도 용인시 처인구 포곡읍 신원리 ***,,2026-03-26 22:51:29,,218940.213175142,423846.941188597
웰니스클리닉동물병원,20190503,정상,031-283-1357,0,16907,"경기도 용인시 기흥구 용구대로 ****, 이마트트레이더스 구성점 *층 (보정동)",경기도 용인시 기흥구 보정동 ****-*** 이마트트레이더스 구성점,,2026-03-26 22:51:35,,209243.030411681,422569.226264222
고양이 분양 달타냥,20210723,정상,,0,16972,"경기도 용인시 기흥구 구갈로**번길 **, 삼성프라자 ***~*호 (구갈동)",경기도 용인시 기흥구 구갈동 ***-* 삼성프라자,,2026-03-26 22:51:35,,209918.755282831,419770.576747044
롯데마트 신갈점,20241211,정상,031-527-4244,0,17064,"경기도 용인시 기흥구 중부대로 ***, *층 *호 (신갈동, 기흥역 롯데캐슬스카이)",경기도 용인시 기흥구 신갈동 ** 기흥역 롯데캐슬스카이,,2026-03-26 22:51:35,,209561.848956988,418928.960809078
펫웨이브 광교지점,20250616,정상,1551-1515,0,16944,경기도 용인시 수지구 광교중앙로***번길 ** (상현동),"경기도 용인시 수지구 상현동 ****-* B동 ***,***호",,2026-03-26 22:51:44,,205980.695410254,421720.518141265
으르렁애견카페,20151022,정상,031-947-1981,0,10905,"경기도 파주시 미래로 ***-**, *층 (동패동)",경기도 파주시 동패동 ****-*,,2026-01-13 17:26:34,,177441.130914816,467705.541104212
댕복궁,20201019,정상,,0,10870,경기도 파주시 가람로**번길 **-**(와동동),경기도 파주시 와동동 ****-*,,2026-01-13 17:26:35,,178211.107191661,470326.139379438
낭만고양이(운정점),20220317,정상,,0,10871,"경기도 파주시 가재울로 **-**, *층 (목동동)",경기도 파주시 목동동 ***-*,,2026-01-13 17:26:35,,177672.197606165,469975.684269645
디디에퍼피,20240405,정상,,0,10908,"경기도 파주시 심학산로 ***, 케이힐스 *층 ***호 (야당동)",경기도 파주시 야당동 **** 케이힐스,,2026-01-13 17:26:35,,178896.460953293,468256.964626115
펫퍼스트 24시 강아지분양 고양이분양 파주운정점,20240905,정상,,0,10870,"경기도 파주시 가람로**번길 **-**, *층 ***호 (와동동)",경기도 파주시 와동동 ****,,2026-01-13 17:26:35,,177971.974511371,470418.257180974
마쵸,20151223,정상,031-723-9567,0,13362,"경기도 성남시 중원구 광명로***번길 **, *층 (성남동)",경기도 성남시 중원구 성남동 ****,,2026-01-13 17:19:05,,212393.642716706,436956.815277833
아이러브독 강아지분양 부천점,20140804,정상,,0,14545,경기도 부천시 원미구 소향로 **-** (상동),경기도 부천시 원미구 상동 ***-* 승재밀레니엄오피스텔,,2026-01-13 17:18:35,,178149.867674602,444679.025357506
주식회사 베이비몽,20260408,정상,,0,12609,경기도 여주시 대신면 대신*로 ***-**,경기도 여주시 대신면 윤촌리 ***-*,12609,2026-04-09 21:32:52,,253675.205671283,433891.862117025
아담스펫살롱,20180129,정상,032-683-8023,0,14516,"경기도 부천시 오정구 평천로 ***, *층 (삼정동)",경기도 부천시 오정구 삼정동 ***-*,,2026-01-13 17:18:35,,179796.384666667,445885.161333333
라네쥬 독(Laneige.dog),20191227,정상,,0,14647,"경기도 부천시 원미구 부흥로 ***, *층 (소사동)",경기도 부천시 원미구 소사동 *-**,,2026-01-13 17:18:35,,181410.821055914,442696.183182359
도그스101,20160902,정상,031-701-7942,0,13539,경기도 성남시 분당구 안양판교로****번길 ** (백현동),,,2026-01-13 17:19:05,,,
버디독 강아지분양 고양이분양 안심분양센터 부천점,20221208,정상,,0,14758,"경기도 부천시 소사구 소사로 ***, ***호 (소사본동, 골드캐슬아파트)",경기도 부천시 소사구 소사본동 ***-* 골드캐슬아파트,,2026-01-13 17:18:36,,181814.510971067,441433.609703399
(주)펫콤,20200220,정상,031-8042-2888,0,15658,"경기도 안산시 단원구 엠티브이*로 ***, 동신엔지니어링 (목내동)",경기도 안산시 단원구 목내동 ***-* 동신엔지니어링,,2026-03-26 22:46:10,,179836.956103302,421505.250232757
하나애견,20220404,정상,,0,15521,"경기도 안산시 상록구 건건로 **, *층 (건건동)",경기도 안산시 상록구 건건동 ***-**,,2026-03-26 22:46:11,,191333.637991612,422730.470169567
로던트 클럽@달콤하니 냥,20210316,정상,,0,10079,"경기도 김포시 김포한강*로**번길 **-**, *층 (장기동)",경기도 김포시 장기동 **** *층,,2026-01-13 17:17:05,,170975.551359381,460123.102547262
토토로의 숲,20220125,정상,,0,10009,"경기도 김포시 통진읍 고척로***번길 **, *층",경기도 김포시 통진읍 고정리 ***-**,,2026-01-13 17:17:05,,163899.925995442,468638.894730204
모가비,20220322,정상,,0,10022,경기도 김포시 월곶면 애기봉로 ***-**,경기도 김포시 월곶면 고막리 **-*,,2026-01-13 17:17:05,,161506.985097649,469054.242727604
재리펫,20220624,정상,,0,10066,"경기도 김포시 솔터로 **, ***동 ***호 (구래동, 메트로타워 예미지)",경기도 김포시 구래동 ****-* 메트로타워 예미지,,2026-01-13 17:17:05,,167324.824583073,460347.884109149
신원동물메디컬센터,20170210,정상,,0,10570,경기도 고양시 덕양구 신원로*길 ** (신원동),경기도 고양시 덕양구 신원동 ***-*,,2026-01-13 17:14:06,,190057.405,462180.26
바비펫샵,20170705,정상,031-979-9798,,10486,"경기도 고양시 덕양구 서정마을로 *, ***호 (행신동, 행신프라자)",경기도 고양시 덕양구 행신동 **** ***호,,2026-01-13 17:14:06,,186421.557345025,457356.095590639
쪼꼬미펫,20181004,정상,,0,10392,"경기도 고양시 일산서구 주엽로 **, B동 ***호 (대화동)",경기도 고양시 일산서구 대화동 ****-***,,2026-01-13 17:14:06,,178443.772452423,462653.992741763
페리토 고양스타필드점,20190723,정상,,0,10595,"경기도 고양시 덕양구 동송로 **, 이편한세상시티삼송 제상가동 *층 *-***호 (동산동)",경기도 고양시 덕양구 동산동 *** 이편한세상시티삼송 제상가동 *-***호,,2026-01-13 17:14:06,,190793.745581355,460809.3267951
찐펫,20230508,정상,,0,10021,경기도 김포시 월곶면 용강로***번길 **,경기도 김포시 월곶면 고막리 ***,,2026-01-13 17:17:05,,160926.481617935,469805.219939139
버디독 강아지분양 고양이분양 안심분양센터 김포점,20240108,정상,,0,10071,"경기도 김포시 김포한강*로 ***, 한강메디플라자 *층 ***호 (구래동)",경기도 김포시 구래동 ****-* 한강메디플라자,,2026-01-13 17:17:05,,166936.831918612,460452.342591637
김포 애견호텔 애견유치원 꼬똥이네,20250212,정상,,0,10016,경기도 김포시 통진읍 조강로**번길 ***-**,경기도 김포시 통진읍 서암리 ***-*,,2026-01-13 17:17:05,,165094.340665405,465879.952789442
애견세상,20140123,정상,031-833-7773,0,11034,경기도 연천군 전곡읍 전곡로 ***,경기도 연천군 전곡읍 전곡리 ***-**,,2026-05-10 22:11:44,,206002.289622469,502441.889221535
분당강아지분양 프렌즈독,20161007,정상,,0,13601,경기도 성남시 분당구 발이봉북로**번길 * (수내동),,,2026-01-13 17:19:05,,211339.754886557,429257.786682303
바우밸리,20180822,정상,,0,15259,경기도 안산시 상록구 안산천서로 ***-* (월피동),경기도 안산시 상록구 월피동 ***-*,,2026-03-26 22:46:10,,186365.706669497,425767.469993122
펫 파라다이스,20161213,정상,070-8840-8182,0,13596,"경기도 성남시 분당구 백현로 *** (정자동, 정자I PARK)",경기도 성남시 분당구 정자동 **,,2026-01-13 17:19:05,,209705.972666531,430466.919928596
(주)펫꼬뺑이,20170906,정상,02-6457-8000,0,13100,경기도 성남시 수정구 오야남로**번길 **-* (오야동),,,2026-01-13 17:19:05,,209273.983016274,439137.340043622
퍼피당강아지 안산본점,20190110,정상,,0,15487,"경기도 안산시 상록구 송호*길 **, *층 (이동)",경기도 안산시 상록구 이동 ***-*,,2026-03-26 22:46:10,,186234.935804244,423338.422385138
정왕동 애견용품 창고형 할인매장(비제이코리아),20140917,정상,031-520-0289,0,15049,"경기도 시흥시 오동마을로*번길 *, ***호 (정왕동)",경기도 시흥시 정왕동 ****-* ***호,15119,2026-03-10 21:36:08,,177065.1119357,427903.539989077
유앤미펫 강아지분양 고양이분양 시흥점,20200820,정상,,0,15011,"경기도 시흥시 서울대학로***번길 **, 서영베니스스퀘어 A동 *층 **호 (배곧동)",경기도 시흥시 배곧동 ***-* 서영베니스스퀘어 A동 **호,,2026-03-10 21:36:17,,176072.60072494,429602.843996773
러빙펫 강아지분양 배곧본점,20210326,정상,,0,15011,"경기도 시흥시 서울대학로***번길 **, 서영베니스스퀘어 A-*호 (정왕동)",경기도 시흥시 정왕동 ****-* 서영베니스스퀘어 A-*호,15119,2026-03-10 21:36:18,,176072.60072494,429602.843996773
밀레쥬 에듀파크,20230714,정상,,0,15119,"경기도 시흥시 거북섬북로 **, 아쿠아펫랜드 c동 *층 ***호 (정왕동)",경기도 시흥시 정왕동 **** 아쿠아펫랜드,15119,2026-03-10 21:36:26,,171450.600413716,425422.79435828
고양이 주택,20240124,정상,,0,15011,"경기도 시흥시 배곧*로 **, 센터프라자* *층 ***호 (배곧동)",경기도 시흥시 배곧동 ***-* 센터프라자*,,2026-03-10 21:36:27,,175971.233747393,429834.311801204
(주) 가나펫,20091231,정상,031-402-4060,0,15360,"경기도 안산시 단원구 중앙대로 ***, *층 (고잔동, 롯데프라자)",경기도 안산시 단원구 고잔동 ***-* 롯데프라자 *층,,2026-03-26 22:46:08,,185430.424306732,423951.686644527
안산 요미독앤캣 강아지분양 고양이분양,20180117,정상,031-403-0509,0,15496,"경기도 안산시 상록구 석호로 **, 지승빌딩 *층 (이동)",경기도 안산시 상록구 이동 ***-* 지승빌딩,,2026-03-26 22:46:10,,186404.462384715,422947.944246812
한빛,20170911,정상,070-8888-9830,0,13347,"경기도 성남시 수정구 시민로 ***, ***호 (신흥동)",경기도 성남시 수정구 신흥동 ****,,2026-01-13 17:19:05,,212626.616789321,437814.252483888
의정부고양이분양 나비캣,20180514,정상,,0,11778,"경기도 의정부시 금신로***번길 **, *층 (신곡동)",경기도 의정부시 신곡동 **,,2026-01-13 17:25:34,,205534.334404843,471411.465507997
플래니터리헬스,20191024,정상,,0,11673,"경기도 의정부시 둔야로**번길 *, 덕암빌딩 B*층 *-**호 (의정부동)",경기도 의정부시 의정부동 ***-* 덕암빌딩 *-**호,,2026-01-13 17:25:34,,203375.359918311,470705.969510801
빼로독 강아지분양 의정부본점,20201217,정상,,0,11697,"경기도 의정부시 평화로 ***, ***호 (의정부동)",경기도 의정부시 의정부동 ***-**,,2026-01-13 17:25:34,,204161.856178796,470551.789962667
베리독 강아지 고양이 의정부점,20220906,정상,031-848-2230,0,11695,"경기도 의정부시 시민로***번길 **, *층 (의정부동)",경기도 의정부시 의정부동 ***-*,,2026-01-13 17:25:34,,204353.931531509,470929.071535542
위즈펫동물병원,20121217,정상,,0,,경기도 수원시 팔달구 효원로 *** (인계동),경기도 수원시 팔달구 인계동 ****,,2026-01-13 17:19:36,,202602.629959972,417869.723857315
PUPPYSEVEN,20210402,정상,,0,12609,경기도 여주시 대신면 대신*로 ***-**,경기도 여주시 대신면 윤촌리 ***-*,12609,2026-03-10 21:34:43,,253675.205671283,433891.862117025
미니펫 강아지분양 고양이분양 수원점,20170217,정상,,0,16704,"경기도 수원시 영통구 봉영로 ****, *층 ***호,***호 (영통동)",경기도 수원시 영통구 영통동 ***-*,,2026-01-13 17:19:37,,206586.493721295,416951.858130707
수원고양이분양 나비캣,20180927,정상,,0,16655,"경기도 수원시 권선구 정조로 ***, THE BEIGE *층 (세류동)",경기도 수원시 권선구 세류동 ***-* THE BEIGE,,2026-01-13 17:19:37,,200906.169322734,416768.115752518
로던트클럽,20210322,정상,,0,16549,"경기도 수원시 영통구 권선로***번길 **, ***호 (매탄동)",경기도 수원시 영통구 매탄동 ****-* ***호,,2026-01-13 17:19:37,,203384.892592016,416969.524102087
수원강아지분양 헬스독 애견입양 말티푸들포메라니안미니비숑,20211103,정상,,0,16226,"경기도 수원시 영통구 대학*로*번길 **, *층 (이의동)",경기도 수원시 영통구 이의동 ****-*,16508,2026-01-13 17:19:37,,203956.875741676,421779.041093197
캣츠앤독스 강아지분양 고양이분양 수원점,20220308,정상,,0,16506,"경기도 수원시 영통구 센트럴파크로***번길 **, *층 ***호,***호 (이의동)",경기도 수원시 영통구 이의동 ****,16508,2026-01-13 17:19:37,,204864.420551807,421480.410277907
수원강아지분양 고양이분양 도그마루,20220926,정상,,0,16565,"경기도 수원시 권선구 경수대로 ***, *층 (권선동)",경기도 수원시 권선구 권선동 ***-*,,2026-01-13 17:19:37,,201993.755487686,417529.888148093
몽땅 펫샾,20150212,정상,070-5035-0760,0,13123,경기도 성남시 수정구 수정남로***번길 * (산성동),경기도 성남시 수정구 산성동 ***,,2026-01-13 17:19:05,,213331.254504493,439340.069661975
멍스터,20150923,정상,80165359,0,13477,경기도 성남시 분당구 운중로***번길 *-* (판교동),경기도 성남시 분당구 판교동 ***-*,,2026-01-13 17:19:05,,207998.718723591,431997.9190834
사랑하시개,20160919,정상,,0,13153,경기도 성남시 중원구 은이로*번길 * (은행동),,,2026-01-13 17:19:05,,214580.486691361,439547.194016244
분당캣,20170228,정상,,0,13610,경기도 성남시 분당구 느티로**번길 ** (정자동),경기도 성남시 분당구 정자동 **-*,,2026-01-13 17:19:05,,209942.750011308,429851.777381103
분당고양이분양 나비캣,20180921,정상,,0,13578,"경기도 성남시 분당구 서현로***번길 *, *층 (서현동)",경기도 성남시 분당구 서현동 ***-** *층,,2026-01-13 17:19:06,,212421.133776397,430436.326357413
중앙동물병원,20190820,정상,031-755-9429,0,13305,"경기도 성남시 수정구 수정로 ***, *층 (태평동)",경기도 성남시 수정구 태평동 ****,,2026-01-13 17:19:06,,211928.624166475,437799.863191169
묘한인생,20191017,정상,,0,13535,"경기도 성남시 분당구 동판교로 **, 제이스타빌딩 *층 ***호 (백현동)",경기도 성남시 분당구 백현동 *** 제이스타빌딩 ***호,,2026-01-13 17:19:06,,210081.655067479,431748.673170036
반하다펫,20200702,정상,031-713-4552,0,13604,"경기도 성남시 분당구 불곡로 *, 리더스프라자 *층 ***호 (정자동)",경기도 성남시 분당구 정자동 ***-* 리더스프라자,,2026-01-13 17:19:06,,210821.835896495,428601.909355725
만물농원,20080721,정상,031-881-2762,,,,경기도 여주시 산북면 상품리 **-*,,2026-03-10 21:33:17,,239037.076659733,433611.310390885
나루터켄넬,20080721,정상,,,,,경기도 여주시 능서면 광대리 ***-*,,2026-03-10 21:33:18,,,
여주켄넬,20081023,정상,031-884-3204,,,,경기도 여주시 능서면 내양리 ***-**,12642,2026-03-10 21:33:19,,,
강아지와 고양이,20110308,정상,031-883-5588,,,,경기도 여주시 창동 ***-**,,2026-03-10 21:33:22,,256309.377452977,421547.865909043
하늘재,20111227,정상,,,12611,경기도 여주시 대신면 후포*길 *-**,경기도 여주시 대신면 후포리 ***-**,,2026-03-10 21:33:22,,254142.960569204,429119.18454222
멍멍이와 야옹이,20120118,정상,031-885-1661,,,,경기도 여주시 상동 ***,,2026-03-10 21:33:23,,256609.763689604,421696.531676912
도그북,20161004,정상,,0,12608,경기도 여주시 대신면 여양*로 **,경기도 여주시 대신면 천서리 ***-*,12608,2026-03-10 21:34:37,,248758.811073006,433809.528427516
개좋은 유치원,20170512,정상,,0,12627,"경기도 여주시 여흥로***번길 *-*, *층 (홍문동)",경기도 여주시 홍문동 **-*,,2026-03-10 21:34:38,,256278.91051387,421633.103357133
개냥이 세계,20180323,정상,070-8866-8626,0,12662,"경기도 여주시 가남읍 대명산길 *, *층",경기도 여주시 가남읍 태평리 ***,,2026-03-10 21:34:40,,248198.927687558,411479.495024114
냥냥펀치,20221206,정상,,0,13646,"경기도 성남시 수정구 위례광장로 **, *B동 ***호 (창곡동, 위례역 푸르지오 *단지)",경기도 성남시 수정구 창곡동 *** 위례역 푸르지오 *단지,,2026-01-13 17:19:06,,212513.73162546,440456.206696345
낭만고양이 판교점,20240731,정상,,0,13477,"경기도 성남시 분당구 판교공원로*길 **, ***호 (판교동)",경기도 성남시 분당구 판교동 ***-*,,2026-01-13 17:19:06,,208141.913303811,431960.885926049
주식회사 키워,20250404,정상,,0,13366,"경기도 성남시 중원구 성남대로****번길 **, ***호 (성남동)",경기도 성남시 중원구 성남동 **** ***호,,2026-01-13 17:19:06,,211502.837618807,436531.597566418
코리아애견샵,20080630,정상,,0,11777,"경기도 의정부시 새말로 * (신곡동, 풍림프라자 ***호)",,,2026-01-28 21:32:50,,205634.370556599,471715.892962555
키워주시개,20170929,정상,,0,13383,경기도 성남시 중원구 둔촌대로**번길 ** (성남동),,,2026-01-13 17:19:05,,210998.817103967,436257.594460579
러빈펫(lovin pet),20180131,정상,070-7756-2986,0,13477,"경기도 성남시 분당구 운중로***번길 **-*, *층 (판교동)",경기도 성남시 분당구 판교동 ***-*,,2026-01-13 17:19:05,,208066.45717009,432041.654607529
행복한강아지,20180625,정상,031-755-8384,0,13288,"경기도 성남시 수정구 탄리로**번길 *, *층 (태평동)",경기도 성남시 수정구 태평동 ****-* *층,,2026-01-13 17:19:06,,211909.45508832,438052.308288534
서울동물병원,20180730,정상,031-733-1119,0,13180,경기도 성남시 중원구 희망로 *** (금광동),경기도 성남시 중원구 금광동 *,,2026-01-13 17:19:06,,213893.624911779,438041.173983934
(유)애니멀코퍼레이션 동물보육원,20190314,정상,,0,13171,"경기도 성남시 중원구 자혜로 **, *층 (금광동)",경기도 성남시 중원구 금광동 ****,,2026-01-13 17:19:06,,214141.456085918,438701.625766225
물고기자리,20130220,정상,,0,13272,"경기도 성남시 수정구 산성대로 ***, 지*층 (신흥동)",경기도 성남시 수정구 신흥동 ****-* 지*층일부,,2026-01-13 17:19:05,,213499.485770645,437994.885930918
달려라 바우,20130412,정상,070-4643-1302,0,13586,"경기도 성남시 분당구 분당로***번길 **, ***호 (서현동, 효자촌 분산상가 )",경기도 성남시 분당구 서현동 ***,,2026-01-13 17:19:05,,211693.0614948,430435.870396867
분당고양이분양 고사남,20140527,정상,,0,13610,경기도 성남시 분당구 느티로**번길 *-* (정자동),경기도 성남시 분당구 정자동 **-**,,2026-01-13 17:19:05,,209994.795,429674.965
작은친구,20090521,정상,,,,,경기도 고양시 덕양구 토당동 ***,10507,2026-01-13 17:14:05,,184096.842943942,457582.226061664
곰찌 1호점,20240717,정상,,0,14699,"경기도 부천시 소사구 소안로 **, 동문밀리언상가 ***호 (소사본동)",경기도 부천시 소사구 소사본동 ***-** 동문밀리언상가,,2026-01-13 17:18:36,,182343.256861096,441528.586780303
미오즈 고양이분양 강아지분양 부천점,20250930,정상,,0,14548,"경기도 부천시 원미구 소향로 ***, 디아뜨갤러리* A동 ***호 (중동)",경기도 부천시 원미구 중동 ****-* 디아뜨갤러리* A동,,2026-01-13 17:18:36,,179871.92387426,444333.380509177
젤리독 젤리캣,20260105,정상,,0,14789,"경기도 부천시 소사구 범안로 ***, 서영아너시티*차 ***호 (옥길동)",경기도 부천시 소사구 옥길동 ***-* 서영아너시티*차,,2026-01-13 17:18:36,,183359.335317051,440015.365621298
사랑해주오 입양센터 광명점,20210405,정상,,0,14316,"경기도 광명시 금하로 ***, 메이저리치안빌딩 *층 ***호 (소하동)",경기도 광명시 소하동 ****,,2026-01-13 17:15:02,,189670.336967112,438486.028934475
베베리홈,20250930,정상,,0,14273,"경기도 광명시 광명로 ***, *층 (광명동)",경기도 광명시 광명동 ***-**,,2026-01-13 17:15:02,,186878.989876882,441411.869171481
나라애견(송탄점),20080711,정상,,,,경기도 평택시 탄현로 *** (신장동),경기도 평택시 신장동 ***-*,,2026-01-13 17:27:05,,204794.523939576,397456.856223628
(주)그린아쿠아펫,20120919,정상,,0,17816,"경기도 평택시 안중읍 서동대로 ****, 홈플러스 평택안중점 *층","경기도 평택시 안중읍 현화리 ***-** ,*층(홈플러스 평택안중점)",,2026-01-13 17:27:05,,192485.121561252,387625.950254015
멍했냥 평택본점,20190429,정상,,0,18017,"경기도 평택시 함박산*길 **-*, *층 (고덕동)",경기도 평택시 고덕동 ****-*,18023,2026-01-13 17:27:05,,202757.25799702,392960.427561784
팜스펫,20191211,정상,,0,17748,경기도 평택시 칠괴길 ** (모곡동),경기도 평택시 모곡동 ***,,2026-01-13 17:27:05,,206688.730692649,391522.986472889
펫샵,20211013,정상,,0,17758,경기도 평택시 쇼핑로 **-*(신장동),경기도 평택시 신장동 ***-*,,2026-01-13 17:27:05,,204546.242750953,397681.011241302
펫프린,20220510,정상,,0,18033,"경기도 평택시 용죽*로 **, ***호 (용이동)",경기도 평택시 용이동 ***-*,,2026-01-13 17:27:05,,211250.570479127,388173.163048376
아르르펫,20240605,정상,,0,18017,"경기도 평택시 함박산*길 **-*, ***호 (고덕동)",경기도 평택시 고덕동 ****-*,18023,2026-05-05 03:03:03,,202921.448155487,392890.689804303
평택애니멀클럽,20241120,정상,,0,17742,"경기도 평택시 청원로 ****, ***,***,***호 (가재동)",경기도 평택시 가재동 **,17747,2026-01-13 17:27:06,,208146.177563167,393860.001964762
벨슈어퍼피 평택 2호점,20251215,정상,,0,17841,"경기도 평택시 동삭*로**번길 **-**, *층 ***호 (동삭동)",경기도 평택시 동삭동 *,18030,2026-01-13 17:27:06,,,
현대애견,20171215,정상,031-865-5393,0,11333,"경기도 동두천시 큰시장로 **, 고려빌딩 (생연동)",경기도 동두천시 생연동 ***-* 고려빌딩,,2026-01-13 17:18:02,,204601.485622028,488656.337046021
퍼피블러썸,20190412,정상,070-4119-3355,0,13536,"경기도 성남시 분당구 판교역로**번길 **, *층 (백현동)",경기도 성남시 분당구 백현동 ***-*,,2026-01-13 17:19:06,,209827.192981713,431440.800775947
강아지분양 마이댕냥 일산점,20231017,정상,,0,10392,"경기도 고양시 일산서구 한류월드로 ***, 고양 원마운트 *층 ****호 (대화동)",경기도 고양시 일산서구 대화동 **** 고양 원마운트 *층 ****호,,2026-01-13 17:14:11,,178268.135568909,462480.734362689
자랑하개,20201012,정상,031-988-0881,0,10040,경기도 김포시 대곶면 대명항로 ***,경기도 김포시 대곶면 대명리 ***-*,,2026-01-13 17:17:05,,160887.947910267,460562.645406908
(주) 피싱파크 진산각,20201102,정상,,0,10103,경기도 김포시 중봉로**번길 *** (감정동),경기도 김포시 감정동 ***-**,,2026-01-13 17:17:05,,172560.560990238,458292.723546988
오드리펫,20201106,정상,,0,10090,경기도 김포시 김포한강*로**번길 ** (장기동),경기도 김포시 장기동 ****-*,,2026-01-13 17:17:05,,171602.693939553,459693.274645087
플라잉독,20180921,정상,,0,12665,경기도 여주시 점동면 안평로 **,경기도 여주시 점동면 사곡리 ***,12665,2026-03-10 21:34:41,,261803.706830516,411624.988786726
le puppy,20201227,정상,,0,10109,"경기도 김포시 봉화로 **, ***호-가**호 (사우동)",경기도 김포시 사우동 ***,,2026-01-13 17:17:05,,174882.281777347,457340.637338241
내품안의 반려견 김포점,20210120,정상,,0,10079,"경기도 김포시 김포한강*로**번길 **-**, ***호 (장기동)",경기도 김포시 장기동 ****-*,,2026-01-13 17:17:05,,171057.554054639,460615.654532637
고양이가정분양 자체브리딩 니팅캣,20210222,정상,,0,10032,경기도 김포시 통진읍 율마로***번길 **,경기도 김포시 통진읍 마송리 ***-*,,2026-01-13 17:17:05,,164756.068717997,464661.657653832
포미독,20210513,정상,,0,10071,"경기도 김포시 김포한강*로 ***, 리치프라자* ***호 (구래동)",경기도 김포시 구래동 ****-* 리치프라자* ***동,,2026-01-13 17:17:05,,166847.040959295,460562.264220788
유어펫,20211130,정상,,0,10113,"경기도 김포시 양도로**번길 **, 아도니스의 꿈Ⅱ ***, ***호 (풍무동)",경기도 김포시 풍무동 ***-* 아도니스의 꿈Ⅱ,10113,2026-01-13 17:17:05,,,
킹렌치,20211208,정상,,0,10016,"경기도 김포시 통진읍 서암로 ***, ***호",경기도 김포시 통진읍 서암리 ***-*,,2026-01-13 17:17:05,,164815.692074091,466222.809830884
김포고양이가정분양 라라캣츠,20220210,정상,,0,10113,"경기도 김포시 풍무로 ***, 넘버원리치안 *층 ***호 (풍무동)",경기도 김포시 풍무동 **-*,10113,2026-01-13 17:17:05,,,
아르미펫 강아지고양이 김포본점,20220218,정상,,0,10080,"경기도 김포시 김포한강*로**번길 **-**, *층 ***호 (장기동)",경기도 김포시 장기동 ****-*,,2026-01-13 17:17:05,,170954.903823321,460677.966849854
드림독 강아지분양 안심분양센터 김포점,20220325,정상,,0,10090,"경기도 김포시 김포한강*로 **, 에비뉴동 *층 C-*호 (장기동, e편한세상 캐널시티)",경기도 김포시 장기동 **** e편한세상 캐널시티,,2026-01-13 17:17:05,,171471.604963288,459839.83969575
김포고양이분양 맘스캣,20220331,정상,,0,10068,"경기도 김포시 영터길 **, ***호 (마산동)",경기도 김포시 마산동 ***-*,,2026-01-13 17:17:05,,168706.193869544,459143.426840671
몽냥몽냥 강아지분양 고양이분양 김포점,20220428,정상,,0,10089,"경기도 김포시 태장로 ***-**, ***호 (장기동)",경기도 김포시 장기동 ****-*,,2026-01-13 17:17:05,,171474.514713679,459636.148224169
솔빈마루,20220624,정상,,0,10100,경기도 김포시 중봉로***번길 **(북변동),경기도 김포시 북변동 ***-**,,2026-01-13 17:17:05,,173455.659600236,458632.879716327
네발로 코리아,20181016,정상,,0,12607,경기도 여주시 흥천면 독정말길 **-**,경기도 여주시 흥천면 귀백리 ***,12607,2026-03-10 21:34:41,,248954.2953111,425915.273739838
꼬마강아지,20150914,정상,,0,10500,"경기도 고양시 덕양구 화신로***번길 **, 동성골드프라자 *층 ***호 (화정동)",경기도 고양시 덕양구 화정동 ***-* 동성골드프라자,,2026-01-13 17:14:06,,185151.31,458940.3
일산강아지분양 라펫,20151124,정상,,0,10446,"경기도 고양시 일산동구 강송로**번길 *-*, *층 우측호 (백석동)","경기도 고양시 일산동구 백석동 ****-* *층, 우측",,2026-01-13 17:14:06,,181235.735,460593.205
일산 강아지분양 스마트독,20160217,정상,,0,10446,"경기도 고양시 일산동구 강송로**번길 *-*, *층 (백석동)",경기도 고양시 일산동구 백석동 ****-*,,2026-01-13 17:14:06,,181263.2565755,460566.647734308
(주)그린프레밀리,20160401,정상,,0,10301,경기도 고양시 일산동구 무궁화로 *** (풍동),,,2026-01-13 17:14:06,,181149.682181138,463521.801944649
화이트 버블,20160902,정상,02-381-3327,0,10550,"경기도 고양시 덕양구 삼원로*길 **, B층 ***호 (삼송동)",경기도 고양시 덕양구 삼송동 ***-* B층 ***호,10577,2026-01-13 17:14:06,,188987.297626768,460383.132901309
미뇽 캣,20170329,정상,031-814-7749,0,10358,경기도 고양시 일산동구 무궁화로***번길 ** (정발산동),경기도 고양시 일산동구 정발산동 ****-*,,2026-01-13 17:14:06,,180548.490437707,463350.669374912
DOG KKI,20170608,정상,,0,10589,경기도 고양시 덕양구 세솔로*길 * (삼송동),경기도 고양시 덕양구 삼송동 ***-*,10577,2026-01-13 17:14:06,,190160.294562127,460958.677251188
바버독,20170920,정상,,0,10287,경기도 고양시 덕양구 통일로 *** (관산동),경기도 고양시 덕양구 관산동 ***-*,,2026-01-13 17:14:06,,188040.306401733,465001.381886737
펫페스티벌,20170921,정상,,0,10319,"경기도 고양시 일산동구 고양대로 ***, *층 (풍동)",경기도 고양시 일산동구 풍동 ***-*,10309,2026-01-13 21:02:50,,181720.590149701,464070.731606167
나눔펫 책임분양소 강아지분양 일산점,20180921,정상,,0,10445,"경기도 고양시 일산동구 강송로**번길 *-*, *층 (백석동)",경기도 고양시 일산동구 백석동 ****-*,,2026-01-13 17:14:06,,181398.175,460561.195
캣파라다이스 일산점,20181204,정상,,0,10596,"경기도 고양시 덕양구 고양대로 ****, *층 (동산동)",경기도 고양시 덕양구 동산동 **-**,,2026-01-13 17:14:06,,191252.165986889,460499.754938431
펫루나안심분양센터 강아지분양 고양이분양 일산점,20190225,정상,,0,10420,"경기도 고양시 일산동구 강송로***번길 *-**, *층 (백석동)",경기도 고양시 일산동구 백석동 ****-*,,2026-04-28 03:03:03,,181156.209255165,460705.005587471
골든캐슬 쇼룸,20190710,정상,,0,10420,"경기도 고양시 일산동구 강송로***번길 **-*, *층 (백석동)",경기도 고양시 일산동구 백석동 ****-*,,2026-01-13 17:14:06,,180874.443628448,460615.133712858
일산강아지분양고양이분양 도그마루,20190730,정상,1566-8713,0,10403,"경기도 고양시 일산동구 정발산로**번길 **, 라이저 오피스텔 *층 ***,***,***호 (장항동)",경기도 고양시 일산동구 장항동 *** 라이저 오피스텔,10397,2026-01-13 17:14:06,,179999.998586072,461491.051295142
퍼플퍼피,20201228,정상,,0,10462,"경기도 고양시 덕양구 호국로 ***, *층 ***호 (주교동, 대동피렌체)",경기도 고양시 덕양구 주교동 *** 대동피렌체 ***호,,2026-01-13 17:14:06,,185508.56753711,461686.490551799
허그독,20220819,정상,,0,10070,"경기도 김포시 김포한강*로**번길 *-**, 반석타운 ***호 (구래동)",경기도 김포시 구래동 ****-**,,2026-01-13 17:17:05,,167119.866047205,459555.129042768
(주)우연컴퍼니,20221229,정상,,0,10071,"경기도 김포시 김포한강*로 ***, 김포센트럴프라자* ***-**호 (구래동)",경기도 김포시 구래동 ****-* 김포센트럴프라자*,,2026-01-13 17:17:05,,166944.535484335,460193.051113188
비마이버디,20221229,정상,,0,10088,"경기도 김포시 초당로**번길 **-*, ***호 (장기동)",경기도 김포시 장기동 ****-*,,2026-01-13 17:17:05,,171160.827320612,459766.074307387
푸딩퍼피,20251210,정상,,0,11492,"경기도 양주시 고읍남로 **, 더테라스 II *층 *호 (광사동)",경기도 양주시 광사동 ***-*,,2026-04-28 22:00:57,,206968.975115774,476992.041682822
(주)그린프레밀리,20121016,정상,031-540-1234,0,11161,경기도 포천시 호국로 *** (설운동),경기도 포천시 설운동 *,,2026-03-10 21:34:38,,214023.590086578,482831.746228286
헤이독,20230203,정상,,0,10068,"경기도 김포시 김포한강*로***번길 *-**, ***호 (마산동)",경기도 김포시 마산동 ***-*,,2026-01-13 17:17:05,,168367.558169622,459202.465702502
현대애견,20080324,정상,,,11176,경기도 포천시 소흘읍 송우로 **,경기도 포천시 소흘읍 송우리 ***-*,,2026-03-10 21:34:42,,212192.819091301,480861.780971248
오하이독 안심분양센터 김포점,20230303,정상,,0,10077,"경기도 김포시 김포한강**로***번길 **, ***호 (운양동)",경기도 김포시 운양동 ****-*,,2026-01-13 17:17:05,,171820.940348389,460506.783781874
동물보육원 김포지부,20230525,정상,,0,10053,"경기도 김포시 양촌읍 김포대로 ****-**, *층",경기도 김포시 양촌읍 석모리 ***-*,,2026-01-13 17:17:05,,169043.123999312,462864.138507441
"RiNi, Pet 리니펫",20231123,정상,,0,10090,"경기도 김포시 김포한강*로**번길 **, ***호 (장기동)",경기도 김포시 장기동 ****-*,,2026-02-10 21:02:50,,171657.824903066,459899.301215112
하모니 퍼피(harmony puppy),20240526,정상,,0,10063,"경기도 김포시 김포한강*로***번길 **, ***호 (구래동)",경기도 김포시 구래동 ****-**,,2026-04-11 03:03:03,,167517.540684753,460973.630283191
키튼히얼 고양이분양 김포본점,20240729,정상,,0,10073,"경기도 김포시 김포한강**로 ***, ***호 (운양동)",경기도 김포시 운양동 ****-*,,2026-01-13 17:17:05,,172121.868814456,461509.51087448
㈜코스모스이펙트,20190712,정상,,0,13590,"경기도 성남시 분당구 황새울로***번길 **, 멜로즈프라자 *층 ***(***)호 (서현동)",경기도 성남시 분당구 서현동 ***-* 멜로즈프라자,,2026-01-13 17:19:06,,210731.882109147,431634.094720123
도그센추리,20250116,정상,,0,10059,"경기도 김포시 양촌읍 양곡*로**번길 *, ****호 (제이팰리스)",경기도 김포시 양촌읍 양곡리 ***-* 제이팰리스,,2026-01-13 17:17:05,,166759.201486184,461379.796697491
에어펫,20250730,정상,,0,10068,"경기도 김포시 김포한강*로***번길 *-**, ***호 (마산동)",경기도 김포시 마산동 ***-*,,2026-01-13 17:17:05,,168367.558169622,459202.465702502
쥬쿠아,20251203,정상,,0,10113,"경기도 김포시 양도로**번길 *, 파크 *** *층 ***호 (풍무동)",경기도 김포시 풍무동 *** 파크 ***,10113,2026-01-13 17:17:05,,175654.233750213,456127.816441626
랑스독 강아지 분양센터,20260130,정상,,0,10090,"경기도 김포시 태장로 ***, ***호 (장기동)",경기도 김포시 장기동 ****-*,,2026-01-31 21:02:50,,171649.416901412,459680.798937338
시바견 전문 가도켄넬,20230913,정상,,0,12429,경기도 가평군 가평읍 분자골로**번길 **-*,경기도 가평군 가평읍 산유리 ***-*,12429,2026-01-13 17:13:32,,243919.743288557,473539.491523334
대형견프리미엄아울렛,20090807,정상,,0,12533,경기도 양평군 양동면 양동로 ***,경기도 양평군 양동면 고송리 ***,12533,2026-03-10 21:34:55,,262024.810866276,444035.925193269
퍼피코,20260325,정상,,0,10592,"경기도 고양시 덕양구 삼송로 ***, 힐스테이트삼송역스칸센(*블록) ***, ***호 (삼송동)",경기도 고양시 덕양구 삼송동 *** 힐스테이트삼송역스칸센,10577,2026-03-26 22:15:21,,191188.364865683,461198.509404004
명품견,20170711,정상,,0,12521,"경기도 양평군 용문면 다문북길 **, *층 ***호 (용문그린아파트)",,,2026-03-10 21:34:58,,252079.153040465,442726.261093876
스타켄넬,20180417,정상,,0,12544,경기도 양평군 지평면 수곡로 **-*,경기도 양평군 지평면 수곡리 ***-*,12544,2026-03-10 21:35:00,,253335.697112208,435620.912819266
애견세계,20190628,정상,,0,12533,경기도 양평군 양동면 장만대길 **,경기도 양평군 양동면 고송리 ***,12533,2026-03-10 21:35:01,,262479.525779355,443695.325722051
오픈주,20200109,정상,,0,12503,경기도 양평군 서종면 수대울길***번길 **,경기도 양평군 서종면 문호리 ****-**,,2026-03-10 21:35:02,,232422.541389105,453245.390848456
티아라펫,20230418,정상,,0,12571,"경기도 양평군 강상면 병산길 *, *층",경기도 양평군 강상면 병산리 ***,12571,2026-03-10 21:35:03,,240564.525750812,443623.855228659
(주)코스모스이펙트,20190722,정상,,0,15352,"경기도 안산시 단원구 화랑로 ***, 신원빌딩 ***호 (고잔동)",경기도 안산시 단원구 고잔동 ***-* 신원빌딩,,2026-03-26 22:46:10,,185075.778286666,424318.441583332
바우스토리,20190917,정상,031-756-5882,0,13647,"경기도 성남시 수정구 위례서일로*길 *-**, *층 (창곡동)",경기도 성남시 수정구 창곡동 ***-**,,2026-01-13 17:19:06,,212225.378062094,440501.56773609
아인츠독 강아지애견분양 성남위례본점,20191226,정상,031-757-4885,0,13647,"경기도 성남시 수정구 위례서일로*길 *-**, *층 ***호 (창곡동)",경기도 성남시 수정구 창곡동 ***-* ***호,,2026-01-13 17:19:06,,212164.615,440489.502
분당강아지분양 고양이분양 도그마루,20200409,정상,,0,13550,"경기도 성남시 분당구 궁내로**번길 **, *층 (궁내동)",경기도 성남시 분당구 궁내동 ***-*,,2026-01-13 17:19:06,,208892.512380652,429801.452025113
퍼피벨르,20200612,정상,,0,13524,"경기도 성남시 분당구 판교역로***번길 **, 판교타워 *층 ***호 (삼평동)",경기도 성남시 분당구 삼평동 *** 판교타워,,2026-01-13 17:19:06,,209796.6963341,432857.5973726
인터하이테크,20200727,정상,,0,13646,"경기도 성남시 수정구 위례광장로 *-**, 아롬타워 ***호 (창곡동)",경기도 성남시 수정구 창곡동 ***-* 아롬타워 ***호,,2026-01-13 17:19:06,,212372.779072346,440311.729351911
나는 고양이에 빠지다,20200814,정상,,0,13467,"경기도 성남시 분당구 운중로***번길 *, ***호 (운중동)",경기도 성남시 분당구 운중동 ****-* ***호,,2026-01-13 17:19:06,,207348.439886152,432008.370387208
퍼피 베어(PUPPY-BEAR),20201126,정상,,0,13642,"경기도 성남시 수정구 위례순환로*길 **, *층 지하*층층 (창곡동)",경기도 성남시 수정구 창곡동 ***-**,,2026-01-13 17:19:06,,213183.997581173,440771.123015008
PUPS AVENUE(펍스 에비뉴),20210602,정상,,0,13461,"경기도 성남시 분당구 산운로***번길 **-*, *층 (운중동)",경기도 성남시 분당구 운중동 ***-* *층,,2026-01-13 17:19:06,,206943.02,432283.075
달퐁,20251027,정상,,0,18117,"경기도 오산시 죽담로 ***, ***호 (궐동, 호반써밋라포레)",경기도 오산시 궐동 *** 호반써밋라포레,,2026-01-13 17:24:03,,,
시그니처펍스 강아지분양 고양이분양 성남본점,20220420,정상,,0,13642,"경기도 성남시 수정구 위례순환로*길 **, *층 (창곡동)",경기도 성남시 수정구 창곡동 ***-* *층,,2026-01-13 17:19:06,,213163.541822828,440842.656793524
연성애견백화점,20110516,정상,031-317-6885,0,15002,"경기도 시흥시 장곡로**번길 **, ***동 ***호 (장곡동)",경기도 시흥시 장곡동 ***-* ***동 ***호,,2026-03-10 21:35:59,,180717.518908813,430704.027602308
애니멀프렌즈,20120828,정상,,0,15009,경기도 시흥시 봉화로***번길 ** (정왕동),경기도 시흥시 정왕동 ***,15119,2026-03-10 21:36:02,,177552.80812114,429449.448859196
경기 관상어,20161209,정상,,0,15011,"경기도 시흥시 서울대학로***번길 ** (정왕동, 롯데마트(시흥배곧점))",경기도 시흥시 정왕동 ****-*,15119,2026-03-10 21:36:11,,176109.153092015,429698.791930655
나라애견,20181004,정상,031-521-3888,0,12209,경기도 남양주시 와부읍 수레로 **,경기도 남양주시 와부읍 덕소리 ***-**,,2026-01-13 17:17:35,,219073.296943968,453964.096528296
주식회사 우연컴퍼니,20221110,정상,,0,13558,"경기도 성남시 분당구 성남대로***번길 *-**, ***호 (정자동)",경기도 성남시 분당구 정자동 ***-*,,2026-01-13 17:19:06,,209387.115818656,429165.527508467
강아지마을,20210209,정상,,0,15049,"경기도 시흥시 오동마을로*번길 *, C.M건축자재 백화점 ***호 (정왕동)",경기도 시흥시 정왕동 ****-* C.M건축자재 백화점 ***호,15119,2026-03-10 21:36:17,,177065.1119357,427903.539989077
탑클래스 펫,20230914,정상,,0,13477,경기도 성남시 분당구 판교공원로*길 ** (판교동),경기도 성남시 분당구 판교동 ***-*,,2026-01-13 17:19:06,,207798.457627585,432049.55668635
왕발고양이,20210517,정상,,0,15011,"경기도 시흥시 서울대학로***번길 **, 서영베니스스퀘어 ***호 (배곧동)",경기도 시흥시 배곧동 ***-* 서영베니스스퀘어 ***호,,2026-03-10 21:36:18,,176072.60072494,429602.843996773
베베멍 강아지분양 고양이분양 시흥본점,20210823,정상,,0,14923,"경기도 시흥시 은계번영길 **, 미림프라자 ***호 (은행동)",경기도 시흥시 은행동 ***-** 미림프라자 ***호,14923,2026-03-10 21:36:19,,182581.557789038,437200.268595453
드림독 강아지 고양이 안심분양센터 시흥점,20210928,정상,,0,15010,"경기도 시흥시 서울대학로***번길 **-**, ***동 ***, ***호 (배곧동, 시흥배곧 C* 호반 써밋플레이스)",경기도 시흥시 배곧동 *** 시흥배곧 C* 호반 써밋플레이스,,2026-03-10 21:36:19,,175778.500048456,429887.847826116
오늘은 그루밍,20220921,정상,,0,15020,"경기도 시흥시 함송로**번길 **, 세계로교회 *층 ***호 (정왕동)",경기도 시흥시 정왕동 ****-* 세계로교회,15119,2026-03-10 21:36:23,,176195.020493883,429202.130582581
멍블랑 강아지분양 시흥배곧점,20220930,정상,,0,15011,"경기도 시흥시 서울대학로***번길 **-**, B동 *층 ***호 (배곧동, 시흥배곧 C* 호반 써밋플레이스)",경기도 시흥시 배곧동 *** 시흥배곧 C* 호반 써밋플레이스,,2026-03-10 21:36:24,,175778.500048456,429887.847826116
오독안심분양센터 강아지분양 고양이분양 시흥점,20230308,정상,,0,14904,"경기도 시흥시 수인로 ****, *층 (신천동)",경기도 시흥시 신천동 ***-**,,2026-03-10 21:36:25,,180687.043360501,437758.209893463
멍냥멍냥,20230511,정상,,0,14940,"경기도 시흥시 매화*로 **, *층 (매화동)",경기도 시흥시 매화동 ***-*,,2026-03-10 21:36:25,,183144.848144189,434982.738855262
도그시장,20230519,정상,,0,14996,"경기도 시흥시 장현장곡로 **, ****동 ****호 (장현동, 시흥장현 루벤시아 *차)",경기도 시흥시 장현동 *** 시흥장현 루벤시아 *차,,2026-03-10 21:36:26,,181881.048526356,431213.852420596
홈플러스 시화점 수족관 코너,20230605,정상,,0,15081,"경기도 시흥시 희망공원로 ***, 홈플러스시화점 *층 (정왕동)",경기도 시흥시 정왕동 ****-* 홈플러스시화점,15119,2026-03-10 21:36:26,,175571.408649221,427063.061719326
(주)밀레펫,20230804,정상,031-485-5820,0,15119,"경기도 시흥시 거북섬북로 **, 아쿠아펫랜드 C동 *층 ***호 (정왕동)",경기도 시흥시 정왕동 **** 아쿠아펫랜드,15119,2026-03-10 21:36:27,,171450.600413716,425422.79435828
퍼피에몽 강아지분양 시흥본점,20231103,정상,,0,14996,"경기도 시흥시 장현서*길 *, *층 ***호 (장현동)",경기도 시흥시 장현동 ***-*,,2026-03-10 21:36:27,,181994.907930615,430115.720547276
팅커벨,20240311,정상,,0,13646,"경기도 성남시 수정구 위례광장로 **, ***,***호 (창곡동, 위례역 푸르지오 *단지)",경기도 성남시 수정구 창곡동 *** 위례역 푸르지오 *단지,,2026-01-13 17:19:06,,212406.223209572,440504.990406578
유앤미펫 강아지분양 고양이분양 위례점,20240814,정상,,0,13647,"경기도 성남시 수정구 위례서일로*길 **, ***,***호 (창곡동)",경기도 성남시 수정구 창곡동 ***,,2026-01-13 17:19:06,,212141.623272928,440562.687891329
버디독 강아지분양 고양이분양 안심분양센터 시흥점,20240313,정상,,0,14917,"경기도 시흥시 대은로 **, 대양빌딩 *층 ***호 (은행동)",경기도 시흥시 은행동 ***-* 대양빌딩,14923,2026-03-10 21:36:28,,182111.269402746,438106.493449361
라이프독 시흥점 24시 강아지분양 고양이분양,20240425,정상,,0,15011,"경기도 시흥시 서울대학로***번길 **, 시흥배곧 아브뉴프랑 센트럴 오렌지 ***호 (배곧동)",경기도 시흥시 배곧동 *** 시흥배곧 아브뉴프랑 센트럴 오렌지 ***호,,2026-03-10 21:36:29,,175820.421330517,429682.135298707
캣플코지눅 시화점,20240621,정상,,0,15066,"경기도 시흥시 정왕대로 ***, 성담스퀘어 *층 ***호 (정왕동)",경기도 시흥시 정왕동 ****-* 성담스퀘어,15119,2026-03-10 21:36:29,,,
파라키스,20240920,정상,,0,13535,경기도 성남시 분당구 동판교로**번길 ** (백현동),경기도 성남시 분당구 백현동 ***-*,,2026-01-13 17:19:06,,210047.436594671,431578.734260492
동탄강아지분양 고양이분양 펫아미,20210917,정상,,0,18497,"경기도 화성시 동탄구 동탄순환대로*길 *-**, ***호 (송동)",경기도 화성시 동탄구 송동  ***-**,,2026-02-01 10:34:18,,208773.745671669,407093.677841938
로얄독 강아지분양 화성동탄점,20220121,정상,,0,18434,"경기도 화성시 동탄구 동탄지성로 **, 센트럴프라자 ***호 (반송동)",경기도 화성시 동탄구 반송동  **-* 센트럴프라자 ***호,,2026-02-01 10:34:18,,205703.047603782,411739.38762135
동탄강아지분양 고양이분양 도그마루,20220602,정상,,0,18486,경기도 화성시 동탄구 동탄대로**길 *-**(오산동),경기도 화성시 동탄구 오산동  ****-**,18487,2026-02-01 10:34:18,,209056.705076167,409293.000596053
햄찌네,20211215,정상,,0,11140,"경기도 포천시 신북면 왕방로 ***, *층",경기도 포천시 신북면 가채리 ***,,2026-03-10 21:34:49,,218113.039425107,489330.991121078
아이조아요양보호소 동탄점,20221024,정상,,0,18465,경기도 화성시 동탄구 중리북길 **(중동),경기도 화성시 동탄구 중동  **,18465,2026-02-01 10:34:18,,210524.029953252,413025.717620585
대박펫살롱,20230718,정상,,0,18313,"경기도 화성시 효행구 봉담읍 진등*길 **, *층 ***호",경기도 화성시 효행구 봉담읍 수영리 ***-**,,2026-02-01 10:34:18,,195362.018687524,413207.590445355
전생에인연펫,20230803,정상,,0,18467,"경기도 화성시 동탄구 동탄대로 ***-**, 상가동 A***호 (영천동, 동탄역 대방디엠시티 더 센텀)",경기도 화성시 동탄구 영천동  *** 동탄역 대방디엠시티 더 센텀,,2026-02-01 10:34:18,,,
캣플 동탄점,20240501,정상,,0,18497,"경기도 화성시 동탄구 동탄대로*길 **, 라크몽 *층 E***~E***호 (송동)",경기도 화성시 동탄구 송동  ***-*,,2026-02-01 10:34:18,,209267.831935403,407233.52541514
화성강아지분양 고양이분양 독스캣,20240508,정상,,0,18591,"경기도 화성시 만세구 향남읍 발안로 ***, 정 메디 프라자 *층 ***호",경기도 화성시 만세구 향남읍 행정리 ***-* 정 메디 프라자,,2026-04-15 03:03:03,,192963.835793436,403338.583570939
주식회사 아이싸이랩,20240902,정상,,0,18455,"경기도 화성시 동탄구 메타폴리스로 **, 디앤씨빌딩 *층 ***호 엘**호 (반송동)",경기도 화성시 동탄구 반송동  ***-* 디앤씨빌딩,,2026-02-01 10:34:18,,206304.750095404,411095.222437302
도그시티,20241101,정상,,0,18244,"경기도 화성시 만세구 꽃내음*길 *-*, *동 ***호 (새솔동)",경기도 화성시 만세구 새솔동 **-*,18245,2026-02-01 10:34:18,,183687.750234981,420354.359642127
슈앤몽 강아지분양 동탄점,20250203,정상,,0,18502,"경기도 화성시 동탄구 동탄순환대로**길 *-**, ***호 (산척동)",경기도 화성시 동탄구 산척동 ***-*,,2026-04-07 03:03:03,,,
클라씨 퍼피(CLASSY PUPPY),20250311,정상,,0,18497,"경기도 화성시 동탄구 동탄대로*길 **, 라크몽 *층 W***-***호 (송동)",경기도 화성시 동탄구 송동  ***-*,,2026-02-01 10:34:18,,209267.831935403,407233.52541514
윤선생 애견훈련소,20250417,정상,,0,18552,경기도 화성시 만세구 송산면 당성로***번길 *,경기도 화성시 만세구 송산면 육일리 **-*,,2026-02-01 10:34:18,,174916.937652337,411626.810470835
포시바(For Shiba),20250502,정상,,0,18466,"경기도 화성시 동탄구 지산*길 **-**, *층 (영천동)",경기도 화성시 동탄구 영천동 ***-*,,2026-04-30 03:03:03,,209956.449654847,411858.178591207
이담펫,20250515,정상,,0,18267,"경기도 화성시 만세구 남양읍 역골로 **-**, *층 ***호",경기도 화성시 만세구 남양읍 남양리 ****-**,,2026-02-01 10:34:18,,184450.803260136,411665.483514143
동탄고양이분양 도레미캣,20250701,정상,,0,18455,"경기도 화성시 동탄구 메타폴리스로 **, *층 ***호 (반송동, 동탄파라곤II)",경기도 화성시 동탄구 반송동 ***-* 동탄파라곤II,,2026-04-24 21:32:56,,206425.845143288,411085.292886874
탑 퍼피(TOP PUPPY),20250703,정상,,0,18244,"경기도 화성시 만세구 꽃내음*길 **-**, 채울프라자 *층 ***호,***호 (새솔동)",경기도 화성시 만세구 새솔동 **-*,18245,2026-02-01 10:34:18,,183835.531944624,420134.082496897
동탄강아지분양 고양이분양 서리펫,20250710,정상,,0,18460,"경기도 화성시 동탄구 노작로 ***-*, ***-***호 (석우동)",경기도 화성시 동탄구 석우동  **-*,,2026-02-01 10:34:18,,206824.654033636,411699.030618818
더몬스터X비바유니버셜,20250811,정상,,0,18471,"경기도 화성시 동탄구 동탄대로**가길 **-**, *층 (영천동)",경기도 화성시 동탄구 영천동  ***-*,,2026-02-01 10:34:18,,208554.518312002,411589.060074762
댕블리,20250923,정상,,0,18435,"경기도 화성시 동탄구 동탄공원로*길 **-*, *층 (반송동)",경기도 화성시 동탄구 반송동  **-*,,2026-02-01 10:34:18,,205374.525300093,411761.85187081
빛나라 햄찌,20251205,정상,,0,18454,"경기도 화성시 동탄구 메타폴리스로 **-**, 센트럴S타운 B*층 B**호 (반송동)",경기도 화성시 동탄구 반송동  **-* 센트럴S타운,,2026-02-01 10:34:18,,206353.979961509,411229.342613926
동탄강아지분양 차밍독,20251218,정상,,0,18466,"경기도 화성시 동탄구 지산*길 *-*, ***-***호 (영천동)",경기도 화성시 동탄구 영천동  ***-*,,2026-02-01 10:34:18,,209926.005607098,411719.548300219
랙돌 에비뉴,20260108,정상,,0,18497,"경기도 화성시 동탄구 동탄대로*길 **, *층 ***호 (송동)",경기도 화성시 동탄구 송동  ***-*,,2026-02-01 10:34:18,,209160.688525921,407245.702347871
한강아쿠아 (롯데마트 화정점),20120829,정상,031-527-4244,,,경기도 고양시 덕양구 화중로 ** (화정동),경기도 고양시 덕양구 화정동 ***,,2026-01-13 17:14:06,,185024.681774615,458969.125315118
㈜이마트 화정점,20120927,정상,,0,10500,"경기도 고양시 덕양구 백양로 **, 이마트 (화정동)",경기도 고양시 덕양구 화정동 *** 이마트,,2026-01-13 17:14:06,,185226.158241731,458936.976683497
리얼독스 강아지분양 일산본점,20140226,정상,,0,10401,"경기도 고양시 일산동구 무궁화로 **-**, 라페스타E *층 ***호 (장항동)",경기도 고양시 일산동구 장항동 *** 라페스타E ***호,10397,2026-01-13 17:14:06,,179444.375045271,462243.31266478
로버로드,20211222,정상,,0,17408,경기도 이천시 모가면 진상미로****번길 ***,경기도 이천시 모가면 진가리 ***-**,17408,2026-05-11 22:06:38,,241607.708742544,408052.900286002
셀리네,20211222,정상,,0,17402,경기도 이천시 대월면 대월로 ***,경기도 이천시 대월면 구시리 ***-*,,2026-05-11 22:06:38,,244321.645325488,410738.591038633
롯데마트 이천점,20220921,정상,031-8011-2500,0,17372,"경기도 이천시 구만리로 ***, 지하*층 (안흥동, 이천 롯데캐슬 골드스카이)",경기도 이천시 안흥동 *** 이천 롯데캐슬 골드스카이,,2026-05-11 22:06:39,,240254.30365186,419284.62693122
보듬캣,20240809,정상,,0,17369,"경기도 이천시 이섭대천로 ****-**, ***호 (창전동)",경기도 이천시 창전동 ***-*,,2026-05-11 22:06:39,,239492.241535672,419861.886955764
헤이댕댕 2호점,20251231,정상,,0,17327,"경기도 이천시 부발읍 대산로 ***-*, 서화상가 ***호",경기도 이천시 부발읍 신하리 ***,,2026-05-11 22:06:40,,242440.010569709,417634.839971485
로얄수족관,20120928,정상,02-2690-7311,0,,경기도 안성시 중앙로 *** (석정동),경기도 안성시 석정동 ***-*,,2026-01-13 17:21:03,,222711.793919182,390149.787207476
경기관상어,20141204,정상,,0,17558,경기도 안성시 공도읍 서동대로 ****,,,2026-01-13 17:21:03,,217695.637116434,389592.895375219
TIARA PET(티아라 펫),20150528,정상,,0,17520,경기도 안성시 죽산면 장원길 ***,경기도 안성시 죽산면 장원리 ***-*,17520,2026-01-13 17:21:03,,238356.201610456,396565.613322143
롯데마트안성점쿨펫,20140915,정상,031-618-7533,0,17558,경기도 안성시 공도읍 서동대로 **** (롯데마트),경기도 안성시 공도읍 양기리 ***,17558,2026-01-13 17:21:03,,217695.637116434,389592.895375219
풀독,20210304,정상,,0,17555,경기도 안성시 원곡면 방삼길 **-**,경기도 안성시 원곡면 칠곡리 ***,,2026-01-13 17:21:03,,214163.991281306,394359.158513855
로맨틱 퍼피,20251112,정상,,0,17558,"경기도 안성시 공도읍 서동대로 ****, ***호",경기도 안성시 공도읍 양기리 ***-*,17558,2026-01-13 17:21:03,,217132.789279204,389547.126646675
꽃보다 개,20121206,정상,070-7377-1022,0,10125,경기도 김포시 고촌읍 은행영사정로**번길 **-*,경기도 김포시 고촌읍 신곡리 ****,10130,2026-01-13 17:17:04,,179817.716630516,455716.802244374
pet for you,20130506,정상,070-7333-3311,0,10059,경기도 김포시 양촌읍 양곡*로 *-*,경기도 김포시 양촌읍 구래리 ***-*,,2026-01-13 17:17:04,,167010.549114068,461124.842694784
(주)그린아쿠아펫,20130911,정상,,0,10103,경기도 김포시 중봉로 * (감정동),경기도 김포시 감정동 ***-*,,2026-01-13 17:17:04,,173220.15873937,457847.617999925
한강아쿠아 롯데마트 김포한강점,20140106,정상,02-2685-3485,0,10090,"경기도 김포시 김포한강*로 ** (장기동, e편한세상캐널시티, 롯데마트)",경기도 김포시 장기동 ****,,2026-01-13 17:17:04,,171471.604963288,459839.83969575
모델독,20210420,정상,,0,11161,경기도 포천시 삼육사로****번길 ** (선단동)[*미고시],경기도 포천시 선단동 ***-*,,2026-03-10 21:34:48,,213690.948525609,483372.455186371
코아스,20150404,정상,031-997-0081,0,10132,"경기도 김포시 고촌읍 인향로***번길 *, *층",경기도 김포시 고촌읍 태리 ****,10130,2026-01-13 17:17:04,,178532.809820873,453689.844100566
하이펫월드,20150518,정상,,0,10122,경기도 김포시 고촌읍 장곡로 **,경기도 김포시 고촌읍 풍곡리 ***-*,,2026-01-13 17:17:04,,177658.608293948,456145.834667955
(주)그린프레밀리,20160315,정상,,0,10071,"경기도 김포시 김포한강*로 **, 지하*층 (구래동, 이마트 김포한강점)",,,2026-01-13 17:17:04,,167119.660833957,460295.332269763
(주)하이펫타운,20170309,정상,,0,10122,경기도 김포시 고촌읍 장곡로 **,경기도 김포시 고촌읍 풍곡리 ***-*,,2026-01-13 17:17:04,,177658.608293948,456145.834667955
펫 클럽,20171019,정상,,0,10103,"경기도 김포시 중봉로 *-*, 상가동 ***호 (감정동, 중봉마을신안실크밸리 )",경기도 김포시 감정동 *** 신안*차 단지상가 ***호 상가동 ***호,,2026-01-13 17:17:05,,173078.092052908,457747.174961762
노블레스 실버,20171121,정상,,0,10124,"경기도 김포시 고촌읍 신기신동로 **, *층",경기도 김포시 고촌읍 신곡리 ***-* *층,10130,2026-01-13 17:17:05,,179938.690046717,456275.913761943
코카갤러리,20171205,정상,,0,10134,경기도 김포시 고촌읍 평리길 ***-*,경기도 김포시 고촌읍 전호리 ***-*,,2026-01-13 17:17:05,,180376.864355271,453699.245419096
개판,20181119,정상,,0,10028,"경기도 김포시 대곶면 대곶북로 ***, *층",경기도 김포시 대곶면 석정리 **-*,,2026-01-13 17:17:05,,162540.825005144,463696.860837523
로얄수족관,20120821,정상,031-8026-1052,0,,경기도 광주시 광주대로 ** (경안동),경기도 광주시 경안동 **-*,,2026-01-13 17:15:33,,223061.389182349,434193.70905707
퍼피츄,20210311,정상,,0,11179,경기도 포천시 소흘읍 솔모루로 **,경기도 포천시 소흘읍 송우리 ***-*,,2026-03-10 21:34:48,,212679.339364985,480486.740923903
티니홈,20140501,정상,,0,12718,경기도 광주시 곤지암읍 광여로 ***-**,경기도 광주시 곤지암읍 오향리 **,12718,2026-01-13 17:15:33,,233523.254342217,429144.288916161
An's 명품펫 애견백화점,20150903,정상,,0,12755,경기도 광주시 파발로***번길 *-* (경안동),경기도 광주시 경안동 **-**,,2026-01-13 17:15:33,,222382.123140844,434690.228552469
펫모아,20150918,정상,,0,12781,"경기도 광주시 고불로 ***-* (태전동, 햇길터)",경기도 광주시 태전동 ***,,2026-01-13 17:15:33,,219915.658038963,432375.29679301
멍이랑 냥이랑,20180709,정상,,0,12728,경기도 광주시 초월읍 현산로 ***,경기도 광주시 초월읍 지월리 ***-*,,2026-01-13 17:15:33,,225587.415107546,434811.960489525
Mari,20190226,정상,,0,12718,경기도 광주시 곤지암읍 광여로 ***-**,경기도 광주시 곤지암읍 오향리 **-*,12718,2026-01-13 17:15:33,,233791.070968757,428201.351850158
봉주르봉구,20190626,정상,031-765-8308,0,12735,"경기도 광주시 초월읍 대쌍령길 *, *층",경기도 광주시 초월읍 대쌍령리 ***-*,12735,2026-01-13 17:15:33,,225148.113995128,432220.30437749
애플펫동물병원,20190911,정상,031-726-4800,0,12771,"경기도 광주시 신현동 태재로 **, *층",경기도 광주시 신현동 ***-**,,2026-01-13 17:15:33,,,
냥냥펀치,20210105,정상,,0,12796,"경기도 광주시 양벌동 양벌로 ***, 연호상가 ***호",경기도 광주시 양벌동 ***-* 연호상가 ***호,,2026-01-13 17:15:33,,,
도그파파 동물병원,20210910,정상,031-766-0079,0,12720,경기도 광주시 곤지암읍 광여로 ***-*,경기도 광주시 곤지암읍 건업리 ***-**,12720,2026-01-13 17:15:33,,235802.094717609,431194.605109832
멍스토리,20211025,정상,,0,12760,"경기도 광주시 경안로 **, *층 (경안동)",경기도 광주시 경안동 **-**,,2026-01-13 17:15:33,,222677.343304149,434184.871846412
슈슈몽,20220128,정상,,0,12791,"경기도 광주시 경충대로 ****-*, *층 *호 (쌍령동)",경기도 광주시 쌍령동 ***-*,,2026-01-13 17:15:33,,223677.944210695,433682.323086235
냥냥펀치,20230130,정상,,0,12739,"경기도 광주시 행정타운로 *-*, *층 ***호 (송정동)",경기도 광주시 송정동 ***,,2026-01-13 17:15:33,,222646.864203925,436130.683068659
빌리지독,20230403,정상,,0,12713,경기도 광주시 퇴촌면 천진암로***번길 *,경기도 광주시 퇴촌면 관음리 ***,,2026-01-13 17:15:33,,230035.414218099,439077.865108285
애견마트,20230405,정상,,0,12740,"경기도 광주시 경안천로 ***, *,*호 (송정동)",경기도 광주시 송정동 *-*,,2026-01-13 17:15:33,,224161.627119563,435030.613112865
선셋 햄스터리,20230804,정상,,0,12797,"경기도 광주시 양촌안길 **, *층 ***호 (양벌동)",경기도 광주시 양벌동 ***,,2026-01-13 17:15:33,,,
펫하우스,20230919,정상,,0,12777,"경기도 광주시 순암로 **-**, *층 ***호 (역동)",경기도 광주시 역동 ***-**,,2026-01-13 17:15:33,,221948.22480639,432558.371080438
홀리퍼피,20231123,정상,,0,12760,"경기도 광주시 경안로**번길 *, D***호 (경안동, 경기광주역 금호리첸시아)",경기도 광주시 경안동 *** 경기광주역 금호리첸시아,,2026-01-13 17:15:33,,222618.188936667,434045.266636268
마이펫톡톡,20250418,정상,,0,12765,"경기도 광주시 이배재로 ***, *층 (목현동)",경기도 광주시 목현동 ***-**,,2026-01-13 17:15:33,,219435.565398371,437080.365336261
고로롱 무마취 냥 살롱,20250613,정상,,0,12754,"경기도 광주시 문화로***번길 *, 영공빌딩 *층 (경안동)",경기도 광주시 경안동 ***-** 영공빌딩,,2026-01-13 17:15:33,,222240.720499155,434641.345169803
아지와 양이,20110622,정상,,0,18384,"경기도 화성시 병점구 영통로 **, *층 (반월동)",경기도 화성시 병점구 반월동  ***-**,,2026-02-01 10:34:17,,205633.076263926,414541.181025704
로얄수족관(이마트 봉담점),20120821,정상,031-228-1234,0,18298,"경기도 화성시 효행구 봉담읍 효행로 ***, 이마트",경기도 화성시 효행구 봉담읍 동화리 ***-* 이마트,,2026-02-01 10:34:17,,,
(주)그린아쿠아펫,20120912,정상,02-2619-1285,,,"경기도 화성시 병점구 경기대로 *** (병점동, 홈플러스 병점점)",경기도 화성시 병점구 병점동  ***-* 홈플러스 병점점,,2026-02-01 10:34:17,,203188.196856075,411313.309756104
퍼스트독,20130325,정상,031-8003-5127,0,18436,"경기도 화성시 동탄구 외삼미로 ***, *층 (반송동)",경기도 화성시 동탄구 반송동  **-*,,2026-02-01 10:34:17,,205410.585517593,410845.3356826
개네가 고양이네,20150217,정상,,0,18258,경기도 화성시 만세구 남양읍 남양시장로**번길 *,경기도 화성시 만세구 남양읍 남양리 ***-*,,2026-02-01 10:34:17,,183458.000283845,411936.376739333
휴먼앤독,20170906,정상,,0,18556,경기도 화성시 만세구 서신면 안벼슬길***번길 ***,경기도 화성시 만세구 서신면 사곶리 *-*,18556,2026-02-01 10:34:17,,,
페이블주식회사,20190911,정상,,0,18467,"경기도 화성시 동탄구 동탄대로 ***-*, 메가비즈타워C동 ***호 (영천동)",경기도 화성시 동탄구 영천동  산 **-*,,2026-02-01 10:34:18,,208773.208500488,412073.497774566
작소,20250207,정상,,0,13377,"경기도 성남시 중원구 둔촌대로**번길 **-*, *층 ***호 (성남동)",경기도 성남시 중원구 성남동 ****,,2026-01-13 17:19:06,,211097.382733538,436576.373479276
(주)코스모스이펙트,20200220,정상,02-6212-8587,0,18357,"경기도 화성시 병점구 화산중앙로**번길 *, 삼신빌딩 ***호 (송산동)",경기도 화성시 병점구 송산동  ***-*,,2026-02-01 10:34:18,,200981.198670529,411980.037597602
특별한 동물가게,20200812,정상,,0,18474,경기도 화성시 동탄구 동탄치동천로*길 *-* (영천동),경기도 화성시 동탄구 영천동  ***-*,,2026-02-01 10:34:18,,210990.553495568,411224.674658553
경기한펫,20200910,정상,,0,18628,경기도 화성시 만세구 양감면 정문송산로***번길 ***-*,경기도 화성시 만세구 양감면 송산리 **-**,,2026-02-01 10:34:18,,199619.685533906,401901.427195388
하이애니멀샵,20210525,정상,,0,18298,경기도 화성시 효행구 봉담읍 새말안길 **-**,경기도 화성시 효행구 봉담읍 동화리 ***-*,,2026-02-01 10:34:18,,196472.038095083,413195.277390029
위드멍,20240906,정상,,0,15121,"경기도 시흥시 장현능곡로 ***, 시흥 플랑드르 ****호 (능곡동)",경기도 시흥시 능곡동 *** 시흥 플랑드르 ****호,,2026-03-10 21:36:30,,182864.742763587,429902.071373508
더 퍼펙트,20250131,정상,,0,14998,"경기도 시흥시 시청로 **, 시티프론트 *** The Five ***호 (장현동)",경기도 시흥시 장현동 ***-* 시티프론트 *** The Five,,2026-03-10 21:36:31,,182588.840684945,430776.747702976
신비한동물원,20250616,정상,,0,14916,"경기도 시흥시 은행로 ***-*, 성영빌딩 *층 (은행동)",경기도 시흥시 은행동 ***-* 성영빌딩,14923,2026-03-10 21:36:31,,182236.956274022,437920.194767722
주식회사 부타캣시흥,20251126,정상,,0,14912,"경기도 시흥시 비둘기공원*길 *, 성원상떼빌더센트럴 ***호 (대야동)",경기도 시흥시 대야동 ***-* 성원상떼빌더센트럴 ***호,,2026-03-10 21:36:32,,181487.447272276,437963.787017635
시흥강아지분양 루트켄넬,20251216,정상,,0,15121,"경기도 시흥시 장현천로 **, ***호 (능곡동)",경기도 시흥시 능곡동 *** ***호,,2026-03-10 21:36:33,,182818.33679572,430359.001938888
댕댕뿌치,20260109,정상,,0,15119,"경기도 시흥시 거북섬*길 *, 오션파크 ***, ***호 (정왕동)",경기도 시흥시 정왕동 ****-* 오션파크,15119,2026-03-10 21:36:33,,171352.151621897,424919.465163692
컨트리애견의집,20080711,정상,031-394-0514,0,15865,"경기도 군포시 번영로 ***, *층 *호 (산본동, 유화프라자빌딩)",경기도 군포시 산본동 ****-* 유화프라자 *층 *호,,2026-01-13 17:16:33,,194057.161766008,428561.452416602
프로펫 애견샵,20110426,정상,031-393-7079,0,15828,"경기도 군포시 번영로 ***, *층 ***호 (금정동, 거성프라자)",경기도 군포시 금정동 ***-** 거성프라자 ***호,,2026-01-13 17:16:33,,194481.442201299,428794.428668038
정퍼피클럽,20190922,정상,,0,11187,경기도 포천시 소흘읍 광릉수목원로 ***,경기도 포천시 소흘읍 이곡리 ***-*,11187,2026-03-10 21:34:47,,213304.372358262,474689.62810826
카페 캣츠,20190411,정상,,0,11170,"경기도 포천시 소흘읍 솔모루로 ***, *층",경기도 포천시 소흘읍 송우리 **-*,,2026-03-10 21:34:46,,213385.863093432,481415.323984775
AHA(아하),20220705,정상,,0,15830,"경기도 군포시 군포로***번길 *, *층 (금정동)",경기도 군포시 금정동 ***-*,,2026-01-13 17:16:33,,195304.211544628,428730.608194813
젝게코 앤 쥬,20240213,정상,,0,15888,"경기도 군포시 대야*로**번길 *, 신영프라자 ***호 (대야미동)",경기도 군포시 대야미동 ***-* 신영프라자 ***호,,2026-01-13 17:16:33,,192642.12503516,424948.512863948
캣플헤븐 AK플라자금정점,20241217,정상,,0,15809,"경기도 군포시 엘에스로 ***, *층 (금정동, 힐스테이트 금정역)",경기도 군포시 금정동 *** 힐스테이트 금정역,,2026-01-13 17:16:33,,195045.840185728,430029.875659413
펫가든 동물병원,20130624,정상,031-422-4475,0,,경기도 의왕시 계원대학로 * (내손동),경기도 의왕시 내손동 ***,,2026-04-26 22:00:48,,197598.213989563,430907.769943711
행복한강아지,20160414,정상,,0,16024,"경기도 의왕시 내손중앙로 *, 벨포레스퀘어 ***호 (내손동)",경기도 의왕시 내손동 ***-*,,2026-04-26 22:00:48,,197883.320814488,431892.96613804
한강아쿠아 롯데마트 의왕점,20120810,정상,,0,16036,"경기도 의왕시 계원대학로 *, 롯데마트 *층 (내손동)",경기도 의왕시 내손동 *** 롯데마트,,2026-04-26 22:00:48,,197598.213989563,430907.769943711
너와함개냥,20180921,정상,,0,11157,경기도 포천시 군내면 포천로 ****-*,경기도 포천시 군내면 유교리 ***,,2026-03-10 21:34:46,,217765.916465446,484209.949864752
밀크독 켄넬 앤 카페 강아지분양 하남미사점,20190619,정상,031-792-5956,0,12913,"경기도 하남시 미사강변중앙로 ***, *층 ***호 (망월동)",경기도 하남시 망월동 ****-*,,2026-03-26 22:46:34,,216712.935873647,451163.071076545
프불하우스,20180426,정상,,0,11185,경기도 포천시 소흘읍 한성길 ***,경기도 포천시 소흘읍 고모리 ***-*,,2026-03-10 21:34:45,,214497.781215205,477755.2835314
호야펫,20200427,정상,,0,12903,경기도 하남시 미사강변한강로***번길 ** (망월동),경기도 하남시 망월동 ***-**,,2026-03-26 22:46:34,,216717.035426186,452555.324115425
꽃강아지,20200622,정상,,0,12949,"경기도 하남시 하남대로***번길 **, *층 (신장동)",경기도 하남시 신장동 ***-*,,2026-03-26 22:46:34,,218388.904162421,448829.421718794
댕토피아,20210204,정상,,0,12940,"경기도 하남시 신평로***번길 **, *층 (신장동)",경기도 하남시 신장동 ***-*,,2026-03-26 22:46:34,,218634.411430461,449446.500144114
이정훈 강아지,20210525,정상,,0,12913,"경기도 하남시 미사강변중앙로 ***, 에코브리지 ***호 (망월동)",경기도 하남시 망월동 **** 에코브리지,,2026-03-26 22:46:34,,216683.108144904,451286.690614982
PETIQUE,20210610,정상,,0,12903,"경기도 하남시 미사강변한강로***번길 **, *층 ***호 (망월동)",경기도 하남시 망월동 ***-**,,2026-03-26 22:46:34,,216717.035426186,452555.324115425
find your dog,20210108,정상,,0,11164,경기도 포천시 가산면 금우로 *,경기도 포천시 가산면 금현리 ***-*,,2026-03-10 21:34:47,,217906.20879087,481383.698317419
퍼피트랙,20210727,정상,,0,12909,"경기도 하남시 미사강변대로***번안길 **, 디럭스프라자* ***호 (망월동)",경기도 하남시 망월동 ***-* 디럭스프라자* ***호,,2026-04-07 03:03:03,,216295.48862466,451861.168196667
하이엔드독 강아지고양이 미사본점,20211111,정상,,0,12913,"경기도 하남시 미사강변중앙로 ***, 힐스테이트 미사역 그랑파사쥬(**-*BL) *층 ****호 (망월동)",경기도 하남시 망월동 ****-* 힐스테이트 미사역 그랑파사쥬(**-*BL) ****호,,2026-03-26 22:46:34,,216790.504619651,451214.590007646
멍냥이 곳간,20220816,정상,031-793-6359,0,12948,"경기도 하남시 신장동로 **, ***호 (신장동)",경기도 하남시 신장동 ***-* ***호,,2026-03-26 22:46:34,,218681.408239438,449042.80515448
비나리(Beenali),20190118,정상,,0,10009,"경기도 김포시 통진읍 고정*로**번길 *-**, *동",경기도 김포시 통진읍 고정리 ***-*,,2026-01-13 17:17:05,,164789.179446727,468358.186820685
퍼피문,20190129,정상,,0,10068,경기도 김포시 김포한강*로***번길 ** (마산동),경기도 김포시 마산동 ***-*,,2026-01-13 17:17:05,,168657.473854005,459255.613537906
하이몽,20190221,정상,031-985-1259,0,10078,"경기도 김포시 모담공원로 **, 상가동 ***호 (운양동, 한강신도시 반도유보라 *차)",경기도 김포시 운양동 ****-* 한강신도시 반도유보라 *차,,2026-01-13 17:17:05,,172042.582186792,461133.654561835
라이프독,20190328,정상,031-988-6311,0,10090,"경기도 김포시 김포한강*로 *, ***호 (장기동)",경기도 김포시 장기동 ****-*,,2026-01-13 17:17:05,,171562.668018895,459733.040309313
김포강아지고양이 멍냥아구래구래,20191025,정상,,0,10071,"경기도 김포시 김포한강*로 ***, 제이스프라자 ***호 (구래동)",경기도 김포시 구래동 ****-*,,2026-01-13 17:17:05,,166825.062109962,460425.235856463
티제이 펫,20200310,정상,,0,10055,경기도 김포시 양촌읍 석모로**번길 ***,경기도 김포시 양촌읍 석모리 ***-*,,2026-01-13 17:17:05,,168828.868255518,461753.712012322
어스독,20200327,정상,,0,10069,경기도 김포시 양촌읍 김포한강*로 **-*,경기도 김포시 양촌읍 구래리 ***-**,,2026-01-13 17:17:05,,167233.338157456,459136.950268937
멍스타 김포강아지 분양,20200630,정상,,0,10079,"경기도 김포시 김포한강*로**번길 **-**, *층 ***호 (장기동)",경기도 김포시 장기동 ****-* ***호,,2026-01-13 17:17:05,,171057.554054639,460615.654532637
펫다방,20250919,정상,070-4632-3239,0,13352,"경기도 성남시 수정구 시민로 ***, *층 (신흥동)",경기도 성남시 수정구 신흥동 ****,,2026-01-13 17:19:06,,212642.086611731,437778.154666391
용현애견방,20080520,정상,,0,11792,경기도 의정부시 시민로 ***(용현동),경기도 의정부시 용현동 ***-*,,2026-01-13 17:25:34,,207381.601356807,469838.478837134
아이러브퍼피,20200608,정상,031-866-9877,0,11353,"경기도 동두천시 강변로 ***, 송내아이파크상가 ***호 (송내동)",경기도 동두천시 송내동 ***-* 송내아이파크상가,,2026-01-13 17:18:02,,204277.636288245,487088.669972517
마이젤리빈,20210108,정상,,0,11309,"경기도 동두천시 싸리말로 **, ***동 *층 (보산동, 파크타운)",경기도 동두천시 보산동 ***-** 파크타운,,2026-01-13 17:18:02,,205592.727966344,490539.35741103
배드독,20231221,정상,,0,11356,"경기도 동두천시 평화로 ****, ***호 (생연동)",경기도 동두천시 생연동 ***-*,,2026-01-13 17:18:02,,204984.923271186,488394.738544863
(주)그린프레밀리,20130724,정상,,0,11814,"경기도 의정부시 민락로 *** (민락동, 이마트)",경기도 의정부시 민락동,,2026-01-13 17:25:34,,208951.542114843,471192.156816017
마이 프렌즈,20111026,정상,80177708,0,,경기도 성남시 분당구 판교역로**번길 **-* (백현동),경기도 성남시 분당구 백현동 ***-*,,2026-01-13 17:19:05,,209872.895,431394.069999999
베스트 의정부 애견 미용학원,20160118,정상,031-821-2066,0,11697,경기도 의정부시 태평로 ** (의정부동),,,2026-01-13 17:25:34,,204339.907410314,470381.893910369
도그메리트 강아지,20160906,정상,,0,11692,경기도 의정부시 평화로 *** (의정부동),경기도 의정부시 의정부동 ***-**,,2026-01-13 17:25:34,,204074.571428578,471098.063887685
서정대학교 부설 반려동물센터(펫인쥬),20171130,정상,,0,11692,"경기도 의정부시 호국로****번길 **, *층 (의정부동)",경기도 의정부시 의정부동 ***-*,,2026-01-13 17:25:34,,204295.047921744,471012.418519635
픽미업(Pick me up),20240424,정상,,0,11364,"경기도 동두천시 행선로**번길 **, *층 *호 (지행동)",경기도 동두천시 지행동 ***-*,,2026-01-13 17:18:02,,205508.336836903,487358.857220027
데일리독 의정부강아지분양 애견분양,20190326,정상,031-878-6319,0,11651,"경기도 의정부시 시민로 **, 센트럴타워 *층 ***,***,***,***호 (의정부동)",경기도 의정부시 의정부동 *** 센트럴타워,,2026-01-13 17:25:34,,203772.831832169,470619.109108938
(주)코스모스이펙트,20190805,정상,,0,11654,"경기도 의정부시 경의로 **, *층 ***-*호 (의정부동)",경기도 의정부시 의정부동 ***-*,,2026-01-13 17:25:34,,203733.371996516,470033.651232914
프라임 도그,20120112,정상,070-8639-2098,0,,경기도 성남시 분당구 동판교로**번길 **-* (백현동),경기도 성남시 분당구 백현동 ***-*,,2026-01-13 17:19:05,,210008.357458766,431562.859167592
가온동물병원,20120726,정상,,0,,경기도 성남시 중원구 둔촌대로 *** (성남동),경기도 성남시 중원구 성남동 ****,,2026-01-13 17:19:05,,211512.522111842,436393.940836495
㈜그린프레밀리,20120810,정상,,0,,경기도 성남시 수정구 수정로 *** (태평동),경기도 성남시 수정구 태평동 ****,,2026-01-13 17:19:05,,212442.882832125,438023.009514472
개편한세상,20140217,폐업,,0,14689,경기도 부천시 소사구 안곡로 ** (괴안동),,,2026-01-13 17:18:35,,183373.874911845,441863.67762916
캣츠하우스,20140321,폐업,,0,14569,경기도 부천시 원미구 조종로 ** (원미동),,,2026-01-13 17:18:35,,181086.146729211,443483.469801729
복뎅이강아지,20140424,폐업,,0,14406,경기도 부천시 오정구 고강로***번길 **-* (고강동),,,2026-01-13 17:18:35,,184296.574269361,447430.157531264
사랑해줄개,20140516,폐업,070-7740-0250,0,14543,"경기도 부천시 원미구 길주로 **, ***~***호 (상동, 스타팰리스아파트)",경기도 부천시 원미구 상동 ***-*,,2026-01-13 17:18:35,,177782.931859633,444950.261190539
24시 아이동물 메디컬센터,20140522,폐업,,0,14427,경기도 부천시 오정구 소사로 *** (원종동),,,2026-01-13 17:18:35,,182650.503950396,447065.179024815
우리앤동물병원,20140701,폐업,032-325-7975,0,14589,경기도 부천시 원미구 조마루로 ** (상동),,,2026-01-13 17:18:35,,178134.929808988,444301.494109922
펫츠고동물병원,20140829,폐업,032-324-8575,0,14545,경기도 부천시 원미구 길주로 *** (상동),,,2026-01-13 17:18:35,,178267.428293028,444706.144749999
펫샵보이즈(아담스펫 부천점),20141107,폐업,032-611-1319,0,14574,"경기도 부천시 원미구 신흥로 ***, *동 ***호 (중동, 위브더스테이트)",경기도 부천시 원미구 중동 **** *단지 ***호,,2026-01-13 17:18:35,,180185.355832245,444135.548322979
지중해동물병원,20141229,폐업,032-321-7603,0,14539,경기도 부천시 원미구 길주로 *** (중동),,,2026-01-13 17:18:35,,179887.751542004,444658.193379039
제로펫 매탄점,20120605,폐업,,,,경기도 수원시 영통구 매탄로 *** (매탄동),경기도 수원시 영통구 매탄동 ***-**,,2026-01-13 17:19:36,,203992.815,418198.42
이니누리 펫샵,20120720,폐업,,,,경기도 수원시 영통구 반달로*번길 ** (영통동),경기도 수원시 영통구 영통동 ***-*,,2026-01-13 17:19:36,,206601.388421815,416845.635479142
우리집 강아지,20161207,폐업,,0,17779,경기도 평택시 정암로 ** (이충동),경기도 평택시 이충동 ***-*,,2026-01-13 17:27:05,,205105.540000892,395029.678475794
강스펫케어,20161209,폐업,031-611-6548,0,17758,"경기도 평택시 쇼핑로 **-*, *층 ***,***호 (신장동, 아리스타팰리스)",경기도 평택시 신장동 ***-** ***호,,2026-01-13 17:27:05,,204530.955537049,397744.332774586
아담스펫(평택점),20170105,폐업,,0,17852,"경기도 평택시 만세로 **** (비전동, 엘도라도시티)",경기도 평택시 비전동 ****-***,,2026-01-13 17:27:05,,209120.997780564,389167.225414335
시바스쿨,20170410,폐업,,0,17815,경기도 평택시 안중읍 안청로 ***,경기도 평택시 안중읍 학현리 ***-*,,2026-01-13 17:27:05,,192589.825018917,388612.430141477
러블리펫,20170620,폐업,,0,17870,경기도 평택시 현촌*로 ** (용이동),경기도 평택시 용이동 ***-*,,2026-01-13 17:27:05,,211798.721549115,388525.579135207
페이스독,20170620,폐업,,0,17762,경기도 평택시 송탄로 *** (지산동),경기도 평택시 지산동 ***-*,,2026-01-13 17:27:05,,205093.876508642,397323.833906876
러브썸화이트,20170714,폐업,031-6619-6420,0,17714,경기도 평택시 진위면 진위서로 ***,경기도 평택시 진위면 견산리 ***-*,,2026-01-13 17:27:05,,206796.240493768,400569.552505681
평택애견,20170814,폐업,,0,17742,경기도 평택시 삼남로 *** (칠괴동),경기도 평택시 칠괴동 **,17747,2026-01-13 17:27:05,,208618.27533484,393122.74696433
스눕Dog,20170814,폐업,031-668-3260,0,17720,경기도 평택시 지산천로 ** (독곡동),경기도 평택시 독곡동 ***-*,,2026-01-13 17:27:05,,205768.34510133,397804.126066469
송담동물병원,20170814,폐업,031-686-7975,0,17943,경기도 평택시 안중읍 안현로서*길 **-*,경기도 평택시 안중읍 현화리 ***-*,,2026-01-13 17:27:05,,192932.517659756,386401.493681686
스누피 애견,20171031,폐업,031-691-1433,0,17852,"경기도 평택시 비전*로 ***, 골든플라자* *층 ***호 (비전동)",경기도 평택시 비전동 ****-* 골든플라자* ***호,,2026-01-13 17:27:05,,209335.579171842,388956.030514243
마이퍼피,20150107,폐업,,0,13556,경기도 성남시 분당구 정자일로 *** (정자동),경기도 성남시 분당구 정자동 **-*,,2026-01-13 17:19:05,,209283.12423575,429854.164760018
펫하우스,20150407,폐업,80170150,0,13467,"경기도 성남시 분당구 운중로***번길 *-*, *층 (운중동)",경기도 성남시 분당구 운중동 ****,,2026-01-13 17:19:05,,207093.264227983,432090.355970595
바우스토리 분당점,20150423,폐업,070-4337-2010,0,13536,경기도 성남시 분당구 판교역로 * (백현동),경기도 성남시 분당구 백현동 ***-*,,2026-01-13 17:19:05,,209846.835712676,431302.304390936
강아지,20150626,폐업,,0,13177,경기도 성남시 중원구 광명로***번길 ** (금광동),경기도 성남시 중원구 금광동 ****,,2026-01-13 17:19:05,,214202.347386763,438324.364309912
짖어야 개다,20151223,폐업,070-4132-4005,0,13272,"경기도 성남시 수정구 공원로 ***, ***호 (신흥동, 신동아파라디움)",경기도 성남시 수정구 신흥동 ****-* 신동아파라디움 ***호,,2026-01-13 17:19:05,,213373.638225491,437938.041840722
봉구의 간식,20151223,폐업,070-4194-3644,0,13556,"경기도 성남시 분당구 정자일로 ***, ***호 (정자동, 백궁지엔느주차전용빌딩)",경기도 성남시 분당구 정자동 **-*,,2026-01-13 17:19:05,,209283.12423575,429854.164760018
바다 하루 달래,20200211,폐업,,0,18598,"경기도 화성시 만세구 향남읍 행정서로*길 **-*, ***호",경기도 화성시 만세구 향남읍 행정리 ***-*,,2026-02-01 10:34:18,,192360.262386931,402963.70926741
(주)펫펏 요미독강아지 요미캣고양이 동탄점,20200214,폐업,,0,18472,"경기도 화성시 동탄구 동탄순환대로**길 **, 디스퀘어리버 B***, ***호 (영천동)",경기도 화성시 동탄구 영천동  ***-*,,2026-02-01 10:34:18,,209603.218109843,411405.268602967
예쁘다멍냥,20200304,폐업,,0,18474,"경기도 화성시 동탄구 동탄치동천로*길 *-*, ***호 (영천동)",경기도 화성시 동탄구 영천동  ***-*,,2026-02-01 10:34:18,,210990.553495568,411224.674658553
멍쓰뭉쓰,20200428,폐업,,0,18617,"경기도 화성시 만세구 향남읍 상신하길로***번길 **-*, *층",경기도 화성시 만세구 향남읍 상신리 ****-*,,2026-02-01 10:34:18,,191077.450202708,400248.559730364
머즐(Muzzle),20200527,폐업,,0,18501,"경기도 화성시 동탄구 동탄대로*길 **, 파케이드아크 ***호 (산척동)",경기도 화성시 동탄구 산척동  ***-*,,2026-02-01 10:34:18,,209951.161346081,407644.355591766
브이아이피독,20200713,폐업,,0,18556,경기도 화성시 만세구 서신면 궁평항로 ****,경기도 화성시 만세구 서신면 용두리 ***-*,18556,2026-02-01 10:34:18,,173714.65488646,406102.37517078
미묘,20200721,폐업,,0,18428,경기도 화성시 동탄구 남여울*길 ** (능동),경기도 화성시 동탄구 능동 ****-*,,2026-02-12 21:32:50,,204524.0183343,410625.232252074
호야펫 화성점,20201110,폐업,,0,18392,경기도 화성시 병점구 병점*로 ** (진안동),경기도 화성시 병점구 진안동  ***-*,,2026-02-01 10:34:18,,203465.739732557,412663.831005261
먼치캣(Munchi cat),20210503,폐업,,0,18617,"경기도 화성시 만세구 향남읍 상신하길로***번길 **-**, 태성빌 ***호",경기도 화성시 만세구 향남읍 상신리 ****-*,,2026-02-01 10:34:18,,190992.871445591,400524.802179354
야옹아 멍멍해봐 동탄하나로점,20210614,폐업,031-372-4888,0,18472,"경기도 화성시 동탄구 동탄순환대로**길 **, *층 (영천동)",경기도 화성시 동탄구 영천동  ***-*,,2026-02-01 10:34:18,,209301.955820977,411821.375216781
펫블리,20210625,폐업,,0,18454,"경기도 화성시 동탄구 노작로 ***, ***호 (반송동)",경기도 화성시 동탄구 반송동  **-*,,2026-02-01 10:34:18,,206444.922591954,411312.533334543
퍼피댕 강아지분양 안심분양소 화성동탄점,20210917,폐업,,0,18473,"경기도 화성시 동탄구 지산*길 **-*, *층 (영천동)",경기도 화성시 동탄구 영천동  ***-*,,2026-02-01 10:34:18,,210134.464566283,411576.007740715
김현수 동물병원,20110419,폐업,031-313-4535,,,,경기도 시흥시 능곡동 ***-***,,2026-03-10 21:35:58,,,
도그훼밀리,20110705,폐업,,,,"경기도 시흥시 월곶해안로 ***, ***,***,***동 (월곶동)","경기도 시흥시 월곶동 ****-** ***,***,***동",,2026-03-10 21:35:59,,176495.402218194,431764.844038523
퍼피 비비드 강아지분양 하남미사본점,20230315,폐업,,0,12919,"경기도 하남시 미사강변대로 **, 미사탑프라자 ***호 (풍산동)",경기도 하남시 풍산동 *** 미사탑프라자,,2026-03-26 22:46:35,,216546.156202862,450600.707368205
퍼피 비비드,20250417,폐업,031-795-9328,0,12919,"경기도 하남시 미사강변대로 **, 미사탑프라자 ***호 (풍산동)",경기도 하남시 풍산동 *** 미사탑프라자,,2026-03-26 22:46:35,,216546.156202862,450600.707368205
해피애견클럽,20140306,폐업,02-3158-0028,0,10543,경기도 고양시 덕양구 대덕산로 ** (덕은동),,,2026-01-13 17:14:06,,,
개밥하우스,20140306,폐업,031-966-2777,0,10299,경기도 고양시 일산동구 고양대로 **** (식사동),,,2026-01-13 17:14:06,,183722.648289617,462538.126737265
긔요미펫,20140424,폐업,031-977-4943,0,10333,경기도 고양시 일산동구 중산로 *** (중산동),,,2026-01-13 17:14:06,,180576.644681946,465568.74568733
라페스타 종합동물병원,20140630,폐업,031-904-3994,0,10401,경기도 고양시 일산동구 무궁화로 **-** (장항동),,,2026-01-13 17:14:06,,179402.901067853,462211.337473083
바운스독,20140711,폐업,,0,,"경기도 고양시 일산동구 중앙로 ****, *층 ***호 (장항동, 동양메이저빌오피스)",경기도 고양시 일산동구 장항동 *** 동양메이저빌오피스 ***호,10397,2026-01-13 17:14:06,,180064.545989764,461521.765221184
스노우독,20140728,폐업,,0,10445,경기도 고양시 일산동구 백석로***번길 *-** (백석동),경기도 고양시 일산동구 백석동 ****-*,,2026-01-13 17:14:06,,181402.034573257,460767.696858933
마리동물병원,20140825,폐업,031-913-0967,0,10243,경기도 고양시 일산서구 현중로 ** (탄현동),경기도 고양시 일산서구 탄현동 ****,,2026-01-13 17:14:06,,179394.550073108,465705.701321462
I'm pet,20140902,폐업,070-4220-6664,0,10445,경기도 고양시 일산동구 강송로**번길 *-* (백석동),,,2026-01-13 17:14:06,,181398.175,460561.195
요미캣 고양이분양 일산점,20141022,폐업,,0,10446,"경기도 고양시 일산동구 강송로**번길 *-**, ***호 (백석동)",경기도 고양시 일산동구 백석동 ****-* ***호,,2026-01-13 17:14:06,,181242.2,460622.985
도그원펫센터삼송점,20141110,폐업,02-6084-1591,0,10583,경기도 고양시 덕양구 통일로 *** (삼송동),경기도 고양시 덕양구 삼송동 **-**,10577,2026-01-13 17:14:06,,190937.520717141,461531.036521274
스타펫타운,20141110,폐업,,0,10446,경기도 고양시 일산동구 강송로**번길 *-* (백석동),경기도 고양시 일산동구 백석동 ****-*,,2026-01-13 17:14:06,,181408.186619678,460464.544672424
이리온펫부티크,20141210,폐업,031-936-3540,0,10450,"경기도 고양시 일산동구 중앙로 **** (백석동, 롯데아울렛 *층)",경기도 고양시 일산동구 백석동 ****,,2026-01-13 17:14:06,,181369.967204096,460117.354561195
아쿠아플러스(주) 동수원점,20120824,폐업,,,,경기도 수원시 팔달구 효원로 *** (인계동),경기도 수원시 팔달구 인계동 ****,,2026-01-13 17:19:36,,202602.629959972,417869.723857315
아쿠아플러스(주) 원천점,20120824,폐업,,,,경기도 수원시 영통구 중부대로 *** (원천동),경기도 수원시 영통구 원천동 ***-*,,2026-01-13 17:19:36,,205572.586871555,418683.704929064
펫코리아,20120824,폐업,,,,경기도 수원시 권선구 동수원로 *** (권선동),경기도 수원시 권선구 권선동 ****-*,,2026-01-13 17:19:36,,203008.631510845,416482.021790235
가성수족관,20120907,폐업,02-832-4429,0,16488,"경기도 수원시 팔달구 인계로 ***, 동수원뉴코아아울렛 B*층 (인계동)",경기도 수원시 팔달구 인계동 ****-* 동수원뉴코아아울렛,,2026-01-13 17:19:36,,202973.410322233,418262.114463247
아쿠아플러스(주),20121207,폐업,032-426-3578,,16393,"경기도 수원시 권선구 금곡로 *** (금곡동, 홈플러스 서수원점)",경기도 수원시 권선구 금곡동 *** 홈플러스 서수원점,,2026-01-13 17:19:36,,195965.406968544,419154.489182672
주식회사 펫뱅크 홈플러스 동수원점,20121213,폐업,031-898-8070,0,,경기도 수원시 팔달구 효원로 *** (인계동),경기도 수원시 팔달구 인계동 ****,,2026-01-13 17:19:36,,202602.629959972,417869.723857315
쿨펫동물병원,20130510,폐업,,0,16553,"경기도 수원시 권선구 동수원로 *** (권선동, 롯데마트)",,,2026-01-13 17:19:36,,203008.631510845,416482.021790235
아이러브펫 북수원점,20130902,폐업,,0,16295,"경기도 수원시 장안구 경수대로 ***, *층 (조원동, 홈플러스 북수원점)",,,2026-01-13 17:19:36,,200709.882380059,422304.072402192
펫뱅크 북수원점,20130902,폐업,031-508-2800,0,16295,"경기도 수원시 장안구 경수대로 ***, *층 (조원동, 홈플러스 북수원점)",,,2026-01-13 17:19:36,,200709.882380059,422304.072402192
핫스타일도그,20131016,폐업,031-255-6075,0,,경기도 수원시 팔달구 팔달문로***번길 ** (우만동),경기도 수원시 팔달구 우만동 ***-**,,2026-01-13 17:19:36,,202817.590241913,420332.78657444
행복사랑동물병원,20140317,폐업,031-255-7975,0,16284,경기도 수원시 장안구 송원로**번길 * (조원동),경기도 수원시 장안구 조원동 ***,,2026-01-13 17:19:36,,200828.992923064,422235.149480778
IAM캣,20140321,폐업,,0,16351,경기도 수원시 장안구 만석로***번길 **-* (파장동),경기도 수원시 장안구 파장동 ***-** *층,,2026-01-13 17:19:36,,199642.877526835,422512.865947714
미스터도그,20140507,폐업,031-205-9111,0,16571,"경기도 수원시 권선구 경수대로 ***, 청광 노블하임 ***호 (권선동)",경기도 수원시 권선구 권선동 ****-* 청광 노블하임,,2026-01-13 17:19:36,,202185.366959707,417856.640747605
멍멍까꽁,20140515,폐업,031-294-0074,0,16360,"경기도 수원시 장안구 화산로***번길 **, ***호 (율전동)",경기도 수원시 장안구 율전동 *** ***호,,2026-01-13 17:19:36,,197317.104691823,421912.947457344
도그맘 하우스,20140523,폐업,031-292-6663,0,16635,경기도 수원시 권선구 삼천병마로 **** (오목천동),경기도 수원시 권선구 오목천동 ***-**,,2026-01-13 17:19:36,,196718.895468693,415814.118311426
째즈고양이카페,20160205,폐업,031-705-9022,0,13568,"경기도 성남시 분당구 양현로**번길 *, 대명프라자 *층 ***호 (이매동)",경기도 성남시 분당구 이매동 ***-* 대명프라자 ***호,,2026-01-13 17:19:05,,211036.821989533,432204.908007841
그루밍 Soo,20160423,폐업,,0,13604,"경기도 성남시 분당구 불곡로 *, ***호 (정자동, 리더스프라자)",경기도 성남시 분당구 정자동 ***-*,,2026-01-13 17:19:05,,210821.835896495,428601.909355725
바우스토리 분당점,20160527,폐업,,0,13536,경기도 성남시 분당구 판교역로 * (백현동),,,2026-01-13 17:19:05,,209846.835712676,431302.304390936
폴 펫샵,20160602,폐업,031-717-7558,0,13555,"경기도 성남시 분당구 성남대로 ***, ***호 (정자동, 분당클리닉빌딩)",경기도 성남시 분당구 정자동 **-*,,2026-01-13 17:19:05,,209451.080253303,429838.706603014
웃는강아지,20160602,폐업,,0,13391,경기도 성남시 중원구 둔촌대로 *** (하대원동),경기도 성남시 중원구 하대원동 ***-*,,2026-01-13 17:19:05,,213831.636900998,436690.601820151
펫코리아7,20160704,폐업,,0,13525,"경기도 성남시 분당구 대왕판교로***번길 ** (삼평동, 판교푸르지오월드마크)",,,2026-01-13 17:19:05,,209993.600292929,432609.081811328
에버펫 동물병원,20160908,폐업,031-759-0075,0,13642,"경기도 성남시 수정구 위례순환로*길 **, ***호 (창곡동)",,,2026-01-13 17:19:05,,213102.805,440846.072
하이멍,20170221,폐업,,0,13584,경기도 성남시 분당구 장안로**번길 **-* (분당동),경기도 성남시 분당구 분당동 ***-*,,2026-01-13 17:19:05,,212797.574817192,429598.111179817
바우바우 애견샵,20170309,폐업,,0,13555,"경기도 성남시 분당구 정자일로 ***, 제*상가동 ***호 (정자동, 동양정자파라곤)",경기도 성남시 분당구 정자동 **-*,,2026-01-13 17:19:05,,209363.724057335,429736.092443258
루나가또,20170420,폐업,031-714-7475,0,13618,"경기도 성남시 분당구 미금로 ***, 상가동동 ***,***호 (금곡동, 청솔마을성원아파트)",경기도 성남시 분당구 금곡동 ***,,2026-01-13 17:19:05,,209687.824618329,427827.341314094
해피애견타운,20170606,폐업,,0,13647,"경기도 성남시 수정구 위례서일로*길 *-**, ***호 (창곡동)",경기도 성남시 수정구 창곡동 ***-*,,2026-01-13 17:19:05,,212164.615,440489.502
애플펫애견용품할인매장,20170801,폐업,031-755-4446,0,13426,"경기도 성남시 중원구 도촌로 *, ***호 (도촌동, 스마트씨티)",경기도 성남시 중원구 도촌동 ***,,2026-01-13 17:19:05,,213266.67663833,434761.685777042
모찌네호캉스,20171023,폐업,,0,13357,"경기도 성남시 중원구 산성대로 ***, ***호 (성남동, 한얼빌딩)",경기도 성남시 중원구 성남동 ****,,2026-01-13 17:19:05,,212406.568959523,437226.601450703
프렌치카페,20180129,폐업,031-742-1112,0,13176,"경기도 성남시 중원구 광명로***번길 **, *층 (금광동)",경기도 성남시 중원구 금광동 ****,,2026-01-13 17:19:05,,214589.096097845,438375.186482126
부천준펫,20200904,폐업,032-322-7595,0,14534,"경기도 부천시 원미구 신흥로 ***, 두리 프라자 *층 (중동)",경기도 부천시 원미구 중동 ****-* 두리 프라자,,2026-01-13 17:18:35,,180148.237239945,444704.626707764
버드스쿨,20201217,폐업,,0,14686,"경기도 부천시 소사구 안곡로 ***, *층 (괴안동)",경기도 부천시 소사구 괴안동 **-*,,2026-01-13 17:18:35,,183665.084434696,442137.027528717
엔조이펫,20170214,폐업,,0,12766,"경기도 광주시 이배재로 ***, ***호 (회덕동)",경기도 광주시 회덕동 ***-*,12766,2026-01-13 17:15:33,,221352.324956757,436173.051809601
펫스타일,20170218,폐업,,0,12773,경기도 광주시 능평동 능평로 **,경기도 광주시 능평동 ***-**,,2026-01-13 17:15:33,,,
애견마트(K9 KOREA),20170511,폐업,,0,12773,경기도 광주시 능평동 능평로 ***,경기도 광주시 능평동 ***-*,,2026-01-13 17:15:33,,,
단디프렌치,20180516,폐업,,0,12819,경기도 광주시 도척면 도척로 ****,경기도 광주시 도척면 추곡리 ***-*,12819,2026-01-13 17:15:33,,226196.202601575,419675.132937372
벨라앤독,20181110,폐업,031-726-6003,0,12771,"경기도 광주시 신현동 신현로 **-**, 에코힐하우스 *층 ***호",경기도 광주시 신현동 ***-* 에코힐하우스,,2026-01-13 17:15:33,,,
원동물병원,20190620,폐업,031-797-5528,0,12740,"경기도 광주시 경안천로 ***, *층 (송정동)",경기도 광주시 송정동 *-*,,2026-01-13 17:15:33,,224161.627119563,435030.613112865
코아애견,20191111,폐업,031-768-1070,0,12760,경기도 광주시 문화로 **-** (역동),경기도 광주시 역동 *-***,,2026-01-13 17:15:33,,222517.24800262,433983.012026249
러블리펫,20220216,폐업,,0,12764,"경기도 광주시 경안로 **, *층 (역동)",경기도 광주시 역동 ***-***,,2026-01-13 17:15:33,,222226.996688461,433862.857540004
도그마루 강아지고양이 분양 광주이천점,20230130,폐업,,0,12789,"경기도 광주시 벼루개로 **, 서원프라자* *동 ***호 (태전동)",경기도 광주시 태전동 ***-* 서원프라자*,,2026-01-13 17:15:33,,220528.229571036,431184.725731389
요크독펫,20131111,폐업,070-4125-9333,0,18380,경기도 화성시 병점구 영통로 **-* (반월동),경기도 화성시 병점구 반월동  **-* 서해더블루 ***호,,2026-02-01 10:34:17,,205718.062968572,414535.108684552
도그앤캣,20140214,폐업,031-234-0975,0,18321,경기도 화성시 효행구 봉담읍 북촌길 **-*,경기도 화성시 효행구 봉담읍 와우리 ***-*,,2026-02-01 10:34:17,,197687.560981011,413053.853725449
헬로우펫동물병원,20140312,폐업,031-237-1555,0,18405,경기도 화성시 병점구 효행로 **** (병점동),,,2026-02-10 21:32:50,,,
허그독,20140416,폐업,031-356-1299,0,,경기도 화성시 만세구 남양시장로**번길 **-* (남양동),,,2026-02-10 21:32:50,,,
미소펫(Pet Club),20140530,폐업,031-224-7532,0,18396,경기도 화성시 병점구 효행로 ****-* (반월동),,,2026-02-10 21:32:50,,,
(주)한라펫,20140107,폐업,,,11439,경기도 양주시 평화로 **** (회정동),경기도 양주시 회정동 ***-*,11438,2026-04-28 22:00:56,,204558.385732362,480550.606085097
멍이와 야옹이,20140304,폐업,031-847-1771,0,11486,"경기도 양주시 삼숭로**번길 * (삼숭동, 서진상가 ***호)",경기도 양주시 삼숭동 ***-*,,2026-04-28 22:00:56,,208909.936757191,477234.421024859
티파니&amp;펫,20140317,폐업,031-821-8213,0,11492,경기도 양주시 고읍남로***번길 ** (광사동),경기도 양주시 광사동 ***-* ***호,,2026-04-28 22:00:56,,206932.921409128,476555.80442845
샵왈,20140620,폐업,070-4127-2334,0,16670,"경기도 수원시 권선구 동수원로***번길 ***, ***호 (곡반정동)",경기도 수원시 권선구 곡반정동 ***-* ***호,,2026-01-13 17:19:36,,202561.196098773,415516.912780875
윈드스테이,20140624,폐업,,0,16461,"경기도 수원시 팔달구 세류로 **-*, *층 (매산로*가)",경기도 수원시 팔달구 매산로*가 ***-* *층,,2026-01-13 17:19:36,,200649.681386869,418164.130639074
쿤이 수염을 쫓아,20201119,폐업,,0,17930,"경기도 평택시 안중읍 서동대로 ****, *층",경기도 평택시 안중읍 현화리 ***-*,,2026-01-13 17:27:05,,192210.29395797,387585.185129954
우리집강아지 애견호텔유치원,20201125,폐업,,0,17765,"경기도 평택시 탄현로 ***-*, *층 (신장동)",경기도 평택시 신장동 ***-**,,2026-01-13 17:27:05,,204882.621066624,396898.197923413
스타펫,20210201,폐업,,0,17851,경기도 평택시 비전*길 **(비전동),경기도 평택시 비전동 ***-*,,2026-01-13 17:27:05,,208937.777446718,389271.808661445
왓썹독,20210209,폐업,,0,17719,"경기도 평택시 오리곡길 **, ***호 (독곡동)",경기도 평택시 독곡동 *** ***호,,2026-01-13 17:27:05,,206359.253624267,398193.656557687
멍멍이와 야옹이,20210222,폐업,,0,17851,경기도 평택시 비전*길 ** (비전동),경기도 평택시 비전동 ***-*,,2026-01-13 17:27:05,,209044.616468142,389259.804080843
가족이랑개,20210415,폐업,,0,17761,경기도 평택시 탄현로 *** (신장동),경기도 평택시 신장동 ***-*,,2026-01-13 17:27:05,,204839.855321621,397245.624051344
마마스미독 강아지분양 평택점,20210604,폐업,,0,17854,"경기도 평택시 비전*로 **, 트러스트원 빌딩 ***호 (비전동)",경기도 평택시 비전동 ****-* 트러스트원 빌딩,,2026-01-13 17:27:05,,210100.850995913,388775.188375195
헬로마이펫,20211118,폐업,,0,17772,"경기도 평택시 송탄로 ***, *층 (서정동)",경기도 평택시 서정동 ***-*,,2026-01-13 17:27:05,,205119.288830704,396066.297837297
내사랑 강아지,20220223,폐업,031-653-6663,0,17911,경기도 평택시 평택로 **(평택동),경기도 평택시 평택동 **-**,,2026-01-13 17:27:05,,207447.518228755,388102.469384844
낭만고양이,20220329,폐업,031-630-2822,0,17854,"경기도 평택시 비전*로 **, *층 ****호 (비전동)",경기도 평택시 비전동 ****,,2026-01-13 17:27:05,,209944.809832606,388621.580123975
개in샵(개in#),20220421,폐업,,0,17851,"경기도 평택시 비전*길 **, *층 (비전동)",경기도 평택시 비전동 ***-*,,2026-01-13 17:27:05,,208937.777446718,389271.808661445
퍼피렌느,20220919,폐업,031-665-8108,0,17855,"경기도 평택시 비전*길 **, *층 (비전동)",경기도 평택시 비전동 ****,,2026-01-13 17:27:06,,209987.040776533,388962.795917663
웃는 멍냥이,20220926,폐업,,0,17941,"경기도 평택시 안중읍 송담*길 **-**, ***호",경기도 평택시 안중읍 송담리 ***-*,,2026-01-13 17:27:06,,193429.497037933,386195.477296247
이리온PET,20221013,폐업,,0,17851,"경기도 평택시 비전*길 **-*, ***호 (비전동)",경기도 평택시 비전동 ***-*,,2026-01-13 17:27:06,,208988.748055642,389353.188269815
달루나캣츠 고양이전문 평택점,20230413,폐업,,0,17851,"경기도 평택시 비전*길 **-*, ***호 (비전동)",경기도 평택시 비전동 ***-*,,2026-01-13 17:27:06,,208992.842705503,389293.061934838
베이비몽 부천점,20210225,폐업,,0,14548,"경기도 부천시 원미구 중동로***번길 **, 매트로펠리스 Ⅱ-A ***~***호 (중동)",경기도 부천시 원미구 중동 **** 매트로펠리스 Ⅱ-A,,2026-01-13 17:18:35,,179664.65667177,444368.130668659
니즈더펫,20210414,폐업,,0,14613,"경기도 부천시 원미구 부일로 ***, *층 (중동)",경기도 부천시 원미구 중동 ***-*,,2026-01-13 17:18:36,,179751.552172992,442860.455193375
몰리스 부천중동점,20210616,폐업,,0,14547,"경기도 부천시 원미구 석천로 ***, (주)신세계이마트중동점 (중동)",경기도 부천시 원미구 중동 **** (주)신세계이마트중동점,,2026-01-13 17:18:36,,179059.890468202,444675.160533494
펫데이,20210628,폐업,,0,14593,"경기도 부천시 원미구 상이로**번길 **, *층 (상동)",경기도 부천시 원미구 상동 ***-*,,2026-01-13 17:18:36,,177220.162465096,443358.254190211
펫트리,20210727,폐업,,0,14542,"경기도 부천시 원미구 길주로 ***, 그린힐 ***호 (상동)",경기도 부천시 원미구 상동 ***-* 그린힐,,2026-01-13 17:18:36,,178504.051740812,444903.471908214
쁘띠독,20210908,폐업,,0,14613,"경기도 부천시 원미구 부일로 ***, 팰리스카운티 ***호 (중동)",경기도 부천시 원미구 중동 **** 팰리스카운티,,2026-01-13 17:18:36,,179378.469203503,443105.444604328
에이프릴펫,20210928,폐업,032-324-5107,0,14593,"경기도 부천시 원미구 상이로**번길 *-**, *층 (상동)",경기도 부천시 원미구 상동 ***-*,,2026-01-13 17:18:36,,177193.276420031,443545.988456907
케이에이치이노베이션,20220623,폐업,,0,14548,"경기도 부천시 원미구 중동로***번길 **, 신풍프라자 ***호 (중동)",경기도 부천시 원미구 중동 ****-* 신풍프라자,,2026-01-13 17:18:36,,179838.939353663,444389.332995523
The best puppy,20220801,폐업,,0,14547,"경기도 부천시 원미구 소향로 ***, 상가*층 ***호 (중동, 센트럴파크 푸르지오)",경기도 부천시 원미구 중동 **** 센트럴파크 푸르지오,,2026-01-13 17:18:36,,179405.695792369,444449.660787061
DOG Together,20221027,폐업,,0,14548,"경기도 부천시 원미구 신흥로 ***, 트리플 타워 B ***호 (중동)",경기도 부천시 원미구 중동 ****-* 트리플 타워 B,,2026-01-13 17:18:36,,180128.584968128,444399.936784896
몽스타,20230504,폐업,,0,14645,"경기도 부천시 원미구 원미로 **, *층 (원미동)",경기도 부천시 원미구 원미동 ***-**,,2026-01-13 17:18:36,,181409.258821906,443176.784079812
제이문,20241210,폐업,,0,14704,"경기도 부천시 소사구 경인로 ***, ****호 (소사본동, 알베로하우스)",경기도 부천시 소사구 소사본동 **-* 알베로하우스,,2026-01-13 17:18:36,,181694.267290379,442224.374280967
나라애견,20080319,폐업,02-2687-0879,0,,경기도 광명시 오리로 ***-* (광명동),경기도 광명시 광명동 ***-***,,2026-01-13 17:15:02,,187475.197590445,441746.120934453
베스트애견,20080827,폐업,02-2686-1446,,,경기도 광명시 광이로 ** (광명동),경기도 광명시 광명동 **-**,,2026-01-13 17:15:02,,187463.172697914,442540.439044714
개과천선,20080827,폐업,,0,,경기도 광명시 광복로 ** (철산동),경기도 광명시 철산동 **-***,,2026-01-13 17:15:02,,187776.270967881,442813.137760308
윙크펫,20100514,폐업,02-6080-9424,,,"경기도 광명시 새터로 **, *층 (광명동)",경기도 광명시 광명동 ***-**,,2026-01-13 17:15:02,,,
지니퍼피 의정부강아지분양 애견샵,20230424,폐업,,0,11813,"경기도 의정부시 민락로 ***, ***호 (민락동)",경기도 의정부시 민락동 ***-*,,2026-03-27 03:03:03,,208775.83610835,471155.074833059
행복을 배우는 공간,20240215,폐업,,0,11611,"경기도 의정부시 가금로 **, 지승메디컬프라자 *층 ***호 (가능동)",경기도 의정부시 가능동 **-* 지승메디컬프라자 ***호,11611,2026-05-05 03:03:03,,203414.037240483,472563.764952835
애완견브리더클럽강아지,20130822,폐업,,0,12158,"경기도 남양주시 화도읍 비룡로 ***-**, 상가동 *층 ***호 (삼신**차푸른솔아파트)",경기도 남양주시 화도읍 묵현리 ***-* 삼신**차푸른솔아파트 상가동 ***호,,2026-01-13 17:17:34,,226428.657817384,462879.02425604
애드봉,20200423,폐업,,0,12237,"경기도 남양주시 금곡로 **, *층 ****호 (금곡동)",경기도 남양주시 금곡동 ***-*,,2026-01-13 17:17:35,,218484.451812787,459121.095135435
J&J KOREA,20110916,폐업,031-901-8980,,,,경기도 고양시 일산동구 장항동 *** 동양메이져 ***호,10397,2026-01-13 17:14:05,,180064.545989764,461521.765221184
제이제이펫,20111221,폐업,0505-507-7278,,,,경기도 고양시 일산동구 장항동 ***,10397,2026-01-13 17:14:05,,180064.545989764,461521.765221184
퍼피스타,20120629,폐업,031-911-6664,,,"경기도 고양시 일산서구 덕이로 ** (덕이동, 양우씨네플렉스 *D-***)",경기도 고양시 일산서구 덕이동 ***-* 덕이동양우씨네플렉스 *D-***호,10234,2026-01-13 17:14:05,,178490.412882641,465282.119224464
아쿠아플러스(주) 고양터미널점,20120829,폐업,,,,경기도 고양시 일산동구 중앙로 **** (마두동),경기도 고양시 일산동구 백석동 ****,,2026-01-13 17:14:06,,181369.967204096,460117.354561195
강아지별,20181123,폐업,031-977-6123,0,10892,"경기도 파주시 산내로***번길 **-*, *층 (목동동)",경기도 파주시 목동동 ***-*,,2026-01-13 17:26:35,,176834.551768618,469515.26064067
파주강아지,20190920,폐업,,0,10930,경기도 파주시 중앙로 *** (금촌동),경기도 파주시 금촌동 **-**,,2026-01-13 17:26:35,,180180.734316172,473369.674060825
독스테이션,20200612,폐업,,0,10858,경기도 파주시 탄현면 새오리로 ***,경기도 파주시 탄현면 성동리 ***-*,,2026-01-13 17:26:35,,172389.927597074,477007.4834884
나인펫,20210713,폐업,,0,10900,"경기도 파주시 와석순환로***번길 *-**, *층 (목동동)",경기도 파주시 목동동 ****-*,,2026-01-13 17:26:35,,176891.19,468686.560000001
야옹아 멍멍해봐,20170508,폐업,031-634-0059,0,17370,경기도 이천시 영창로 ***-* (창전동),경기도 이천시 창전동 ***-*,,2026-05-11 22:06:36,,239738.21027769,419924.845038255
캣브리더스,20140103,폐업,,0,10338,"경기도 고양시 일산동구 중산로***번길 **-*, ***호 (중산동)",경기도 고양시 일산동구 중산동 ****-* ***호,,2026-01-13 17:14:06,,180412.652654656,464657.47874504
펫츠뷰(PET's view),20180725,폐업,,0,16898,"경기도 용인시 기흥구 죽전로 **, 엘림프라자 ***호 (보정동)",경기도 용인시 기흥구 보정동 ****-*,,2026-03-26 22:51:35,,210132.993558915,424311.787566261
남뽕애견샵,20200221,폐업,031-284-4020,0,16959,"경기도 용인시 기흥구 새천년로**번길 *-*, 월드프라자 *층 ***호 (신갈동)",경기도 용인시 기흥구 신갈동 *** 월드프라자,,2026-03-26 22:51:35,,209792.931542017,420761.357122126
리사앤루이,20170227,폐업,,0,10323,"경기도 고양시 일산동구 위시티*로 **-*, *층 (식사동)",경기도 고양시 일산동구 식사동 ****-* *층,10324,2026-01-13 17:14:06,,183597.927939951,463784.334722828
은아 애견 농장,20170824,폐업,031-977-1644,0,10246,경기도 고양시 일산동구 고봉로 *** (성석동),경기도 고양시 일산동구 성석동 ****-*,,2026-01-13 17:14:06,,180781.417904773,467201.059534382
블리스독,20201030,폐업,,0,12285,"경기도 남양주시 다산중앙로**번길 **-**, *층 (다산동)",경기도 남양주시 다산동 ****-*,,2026-01-13 17:17:35,,213823.753633385,456940.68507412
워프펫(woof pet),20210311,폐업,,0,12222,"경기도 남양주시 경춘로****번길 **, CH리베로* ***호 (평내동)",경기도 남양주시 평내동 ***-* CH리베로* ***호,,2026-01-13 17:17:35,,220798.587618379,460341.286839371
라이프독 김포점 강아지고양이,20220729,폐업,,0,10071,"경기도 김포시 김포한강*로**번길 ***, 태림더끌리움*차 *층 ***호 (구래동)",경기도 김포시 구래동 ****-*,,2026-01-13 17:17:05,,166610.484966631,460320.724466408
동행 애견 돌봄 센터 김포점,20240912,폐업,,0,10067,"경기도 김포시 김포한강*로**번길 ***-*, ***호 (마산동)",경기도 김포시 마산동 ***-*,,2026-01-13 17:17:05,,168197.824270524,460069.632747917
American puppy,20170911,폐업,,,10377,경기도 고양시 일산서구 대산로***번길 *-* (대화동),경기도 고양시 일산서구 대화동 ****-*,,2026-01-13 17:14:06,,178177.865,464057.470000001
주식회사 케이9코리아,20180108,폐업,,0,10428,"경기도 고양시 일산동구 장대길 ***-***, *층 (장항동)",경기도 고양시 일산동구 장항동 ***-* *층,10397,2026-01-13 17:14:06,,179005.751399096,460259.863562678
메인독(Main Dog),20180214,폐업,031-903-4114,0,10401,"경기도 고양시 일산동구 무궁화로 **-**, 로데오탑 ***호 (장항동)",경기도 고양시 일산동구 장항동 *** 로데오탑,10397,2026-01-13 17:14:06,,179465.695319664,462041.899769362
동물적감각,20180316,폐업,031-918-8275,0,10336,"경기도 고양시 일산동구 탄중로 ***-**, 한진프라자 ***호 (중산동)",경기도 고양시 일산동구 중산동 ****-* 한진프라자,,2026-01-13 17:14:06,,180539.929390764,465776.82553254
의기냥냥,20180330,폐업,,,10208,"경기도 고양시 일산서구 가좌로 **, 지층 (가좌동)",경기도 고양시 일산서구 가좌동 ***-*,,2026-01-13 17:14:06,,175553.891406909,465430.262952766
페로페라,20180406,폐업,031-969-8586,,10323,"경기도 고양시 일산동구 위시티*로**번길 *-**, *층 (식사동)",경기도 고양시 일산동구 식사동 ****-*,10324,2026-01-13 17:14:06,,183504.412509901,463801.931041698
고양동물병원,20180412,폐업,031-964-7599,0,10275,"경기도 고양시 덕양구 혜음로 *, 삼라마이다스프라자 ***호 (고양동)",경기도 고양시 덕양구 고양동 *** 삼라마이다스프라자,10270,2026-01-13 17:14:06,,191272.237926127,466525.081543565
헬로우 퍼피,20180430,폐업,,0,10508,"경기도 고양시 덕양구 능곡로**번길 **, ***호 (토당동)",경기도 고양시 덕양구 토당동 ***-***,10507,2026-01-13 17:14:06,,184066.106457579,457818.604370202
일산고양이분양도레미캣,20180611,폐업,,0,10420,"경기도 고양시 일산동구 백석로**번길 **-**, *층 (백석동)",경기도 고양시 일산동구 백석동 ****-*,,2026-01-13 17:14:06,,180958.107765351,460760.522543949
도그홀리데이,20180626,폐업,,0,10370,"경기도 고양시 일산서구 일산로***번길 *-*, *층 (대화동)",경기도 고양시 일산서구 대화동 ****-*,,2026-01-13 17:14:06,,178583.63,464384.7
와우쥬,20180821,폐업,031-816-5076,0,10424,"경기도 고양시 일산동구 강촌로**번길 *-*, 지하*층 (백석동)",경기도 고양시 일산동구 백석동 ****-*,,2026-01-13 17:14:06,,180483.679756625,460467.933356857
모이개,20180906,폐업,031-994-4449,0,10477,"경기도 고양시 덕양구 화중로***번길 *, *층 (화정동)",경기도 고양시 덕양구 화정동 ***,,2026-01-13 17:14:06,,185216.069410029,459784.061221623
도그마루 강아지 고양이 용인점,20220915,폐업,,0,17065,"경기도 용인시 기흥구 기흥역로 *, 상가동 *층 ***호 (구갈동, 기흥역 롯데캐슬 레이시티/주상복합)",경기도 용인시 기흥구 구갈동 *** 기흥역 롯데캐슬 레이시티/주상복합,,2026-03-26 22:51:35,,210145.912268783,419178.708347552
도그앤캣,20080425,폐업,031-272-7905,0,16841,경기도 용인시 수지구 풍덕천로**번길 *-* (풍덕천동),경기도 용인시 수지구 풍덕천동 ****-*,,2026-03-26 22:51:43,,208210.459301197,424389.025617082
강아지마을,20080716,폐업,031-264-3424,,16828,"경기도 용인시 수지구 문인로**번길 *, 수지하우비 ***호 (동천동)",경기도 용인시 수지구 동천동 *** 수지하우비,,2026-03-26 22:51:43,,208559.945143383,425733.129247707
(주)코스코케이알,20100310,폐업,,,,경기도 가평군 설악면 신천중앙로**번길 ***-**,경기도 가평군 설악면 신천리 ***,,2026-01-13 17:13:32,,243178.282430634,462157.43324989
강아지나라,20100311,폐업,,,,경기도 가평군 청평면 청평중앙로 **-*,경기도 가평군 청평면 청평리 ***-**,,2026-01-13 17:13:32,,236894.589287939,470644.366611127
리얼펫독,20150120,폐업,,0,12467,경기도 가평군 설악면 신천중앙로 **,경기도 가평군 설악면 신천리 ***-*,,2026-01-13 17:13:32,,243200.199050751,463336.290376293
자이언트 펫,20160517,폐업,031-585-7003,0,12457,경기도 가평군 청평면 경춘로 ***,경기도 가평군 청평면 대성리 ***-**,12457,2026-01-13 17:13:32,,233842.021227323,466192.802959067
양평애견,20090511,폐업,031-773-6982,0,12557,경기도 양평군 양평읍 시민로 **-*,경기도 양평군 양평읍 양근리 ***-*,,2026-03-10 21:34:56,,243911.886861088,443298.555492092
오부자 켄넬,20130212,폐업,,0,12568,경기도 양평군 개군면 하자포길 **-*,,,2026-03-10 21:34:57,,247549.220178845,436146.936379997
서울 아쿠아룸,20130304,폐업,042-583-9091,0,12561,경기도 양평군 양평읍 남북로 **-*,경기도 양평군 양평읍 공흥리 ***-*,,2026-03-10 21:34:57,,244268.697648456,443204.514085558
포그매직,20160920,폐업,,0,12514,경기도 양평군 용문면 용문체육공원길 ***,경기도 양평군 용문면 마룡리 ***-*,,2026-03-10 21:34:57,,253291.51757205,443961.119408777
폼잡는개,20170616,폐업,031-773-8322,0,12552,경기도 양평군 양평읍 중앙로 **-**,,,2026-03-10 21:34:57,,243452.016374381,443900.394803184
제이파트라슈,20170831,폐업,,0,12567,경기도 양평군 개군면 개군산로 ***,경기도 양평군 개군면 구미리 ***,12567,2026-03-10 21:34:58,,246263.575648441,437569.820888438
포메월드,20180308,폐업,,0,,,경기도 양평군 단월면 보룡리 ***-*,12529,2026-03-10 21:34:59,,259364.521186449,447774.859047397
루스켄넬,20180813,폐업,,0,12544,경기도 양평군 지평면 광양마을길 **-***,경기도 양평군 지평면 옥현리 ***-*,12544,2026-03-10 21:35:00,,256455.763836124,438902.931732328
봄날의 댕댕,20190617,폐업,,0,12564,경기도 양평군 양평읍 중앙로 ***,경기도 양평군 양평읍 대흥리 ***-*,,2026-03-10 21:35:00,,247234.320673843,443337.968086218
애견동화,20190722,폐업,,0,12570,경기도 양평군 개군면 소감터길 **-**,경기도 양평군 개군면 계전리 ***,,2026-03-10 21:35:01,,249852.865272345,434878.910328847
사랑하개,20210607,폐업,,0,12252,"경기도 남양주시 미금로**번길 **, 지하*층 (다산동)",경기도 남양주시 다산동 ****-*,,2026-01-13 17:17:35,,213579.614919587,456390.725703492
쌀강아지,20210709,폐업,,0,12248,"경기도 남양주시 다산중앙로***번길 **-**, 다산진건지구 상업*-*-* ***호 (다산동)",경기도 남양주시 다산동 ****-* 다산진건지구 상업*-*-*,,2026-01-13 17:17:35,,213352.253868292,458039.459077271
착한애견분양 강아지 남양주직영점,20210930,폐업,031-523-3987,0,12059,경기도 남양주시 진접읍 경복대로 ***,경기도 남양주시 진접읍 금곡리 ****,,2026-01-13 17:17:35,,217783.785291999,468586.15640244
마루캣,20211001,폐업,,0,12101,"경기도 남양주시 식송*로 **-*, ***호 (별내동)",경기도 남양주시 별내동 ****-*,,2026-01-13 17:17:35,,209763.979351351,461020.246494792
조이그루밍,20160512,폐업,,0,12911,경기도 하남시 미사강변한강로***번안길 ** (망월동),경기도 하남시 망월동,,2026-03-26 22:46:33,,217040.675395097,451850.313043775
도그앤캣,20080908,폐업,031-272-7905,,16841,경기도 용인시 수지구 풍덕천로**번길 *-* (풍덕천동),경기도 용인시 수지구 풍덕천동 ****-*,,2026-03-26 22:51:43,,208210.459301197,424389.025617082
폭시펫,20080923,폐업,031-898-0330,,16896,"경기도 용인시 수지구 포은대로 ***, *층 (죽전동, 죽전이마트)",경기도 용인시 수지구 죽전동 **** 죽전이마트 *층,,2026-03-26 22:51:43,,209673.343954233,424823.677745145
몰리스 펫샵,20120816,폐업,031-888-1271,0,16896,"경기도 용인시 수지구 포은대로 ***, *층 (죽전동)",경기도 용인시 수지구 죽전동,,2026-03-26 22:51:43,,209673.343954233,424823.677745145
섹시독,20120913,폐업,031-265-0769,,16880,"경기도 용인시 수지구 현암로 ***, ***호 (죽전동, 세종프라자)",경기도 용인시 수지구 죽전동 ****-* 세종프라자 ***호,,2026-03-26 22:51:43,,210956.34433362,425506.249422966
(주)밀레펫,20131108,폐업,031-485-5820,0,16896,"경기도 용인시 수지구 포은대로 ***, 이마트 *층 (죽전동)",경기도 용인시 수지구 죽전동 **** 이마트 *층,,2026-03-26 22:51:43,,209673.343954233,424823.677745145
헬로(Hello)똘복,20140709,폐업,,0,16865,"경기도 용인시 수지구 용구대로****번길 **-*, ***호 (죽전동, 죽전빌딩)",경기도 용인시 수지구 죽전동 ***-* ***호,,2026-03-26 22:51:43,,209461.908346529,425931.405629502
청천이네 비어디드래곤,20150120,폐업,031-263-7724,0,,,경기도 용인시 수지구 죽전동 ***-* ***호,,2026-03-26 22:51:43,,210355.28733457,425567.248424746
비비안펫샵,20151209,폐업,031-263-6332,0,16815,"경기도 용인시 수지구 신봉*로 **, *층 ***호 (신봉동, LG프라자)",경기도 용인시 수지구 신봉동 **-* LG프라자 ***호,,2026-03-26 22:51:43,,206904.682128281,424509.481550207
해피애견타운 용인수지점,20170428,폐업,031-365-4545,0,16857,"경기도 용인시 수지구 수지로 **, ***호 (상현동, 힐프라자)",경기도 용인시 수지구 상현동 ***-*,,2026-03-26 22:51:43,,206657.909660156,423113.578121466
은마애견,20130701,폐업,,0,11920,경기도 구리시 동구릉로 ** (인창동),경기도 구리시 인창동 ***-*,,2026-01-13 17:16:02,,211814.418675299,456002.901232911
더 멍멍샵,20131021,폐업,,0,11933,경기도 구리시 원수택로 ** (수택동),경기도 구리시 수택동 ***-**,,2026-01-13 17:16:02,,212232.680504592,454691.30092331
베이비멍,20140212,폐업,031-568-8178,0,11924,경기도 구리시 안골로 * (교문동),경기도 구리시 교문동 ***-**,,2026-01-13 17:16:02,,211582.230956384,455014.308455811
구리애견미용,20140423,폐업,031-557-4722,0,11942,경기도 구리시 이문안로 *** (수택동),경기도 구리시 수택동 ***-*,,2026-01-13 17:16:02,,213050.188105524,454309.281603228
애견마트,20080229,폐업,,,11960,경기도 구리시 벌말로 *** (토평동),경기도 구리시 토평동 ***-*,,2026-01-13 17:16:02,,212998.386114236,453738.950127028
구리애견미용마트,20080630,폐업,,,11942,경기도 구리시 이문안로 *** (수택동),경기도 구리시 수택동 ***-*,,2026-01-13 17:16:02,,213050.188105524,454309.281603228
요미독 강아지분양 요미캣 고양이분양 남양주점,20211101,폐업,,0,12285,"경기도 남양주시 다산중앙로**번길 **-**, 다산진건지구 F*-*-* *층 *호 (다산동)",경기도 남양주시 다산동 ****-* 다산진건지구 F*-*-*,,2026-01-13 17:17:35,,214052.869173293,457772.182706569
달링하이,20211109,폐업,,0,12284,"경기도 남양주시 다산지금로***번길 *-**, (다산지금지구 F*-*-*) *층 *호 (다산동)",경기도 남양주시 다산동 ****-* (다산지금지구 F*-*-*),,2026-01-13 17:17:35,,215185.252626722,455424.135902787
도그마루 강아지고양이 분양 구리 남양주점,20211112,폐업,,0,12248,"경기도 남양주시 다산중앙로***번길 *-**, 한강프라자 *층 *호 (다산동)",경기도 남양주시 다산동 **** 한강프라자,,2026-01-13 17:17:35,,213359.728452582,457881.378708987
도그앤시저스,20211117,폐업,,0,12057,"경기도 남양주시 진접읍 해밀예당*로 **, 아트프라자 *층 ***호",경기도 남양주시 진접읍 금곡리 ****-* 아트프라자,,2026-01-13 17:17:35,,217307.820786385,468385.925274897
이쁘개 해줄개,20220311,폐업,031-527-5027,0,12036,"경기도 남양주시 오남읍 양지로***번길 **-*, 상록빌딩 ***호",경기도 남양주시 오남읍 양지리 ***-*,,2026-01-13 17:17:35,,217223.051375346,466617.164405154
멍냥 프렌즈,20220323,폐업,,0,12157,경기도 남양주시 화도읍 먹갓로 **,경기도 남양주시 화도읍 묵현리 ***-*,,2026-01-13 17:17:35,,224033.484039705,462038.589100284
독캣 강아지분양 남양주점,20230901,폐업,,0,12248,"경기도 남양주시 다산중앙로***번길 *-**, 한강프라자 *층 ***호 (다산동)",경기도 남양주시 다산동 **** 한강프라자 ***호,,2026-01-13 17:17:35,,213359.728452582,457881.378708987
행복하개 남양주점,20231207,폐업,,0,12129,"경기도 남양주시 진건읍 진건오남로***번길 ***-**, 주*동",경기도 남양주시 진건읍 송능리 **-** 주*동,,2026-01-13 17:17:35,,218909.737849424,463118.654953682
25시 종합동물병원,20080407,폐업,,0,18135,경기도 오산시 성호대로 ** (오산동),경기도 오산시 오산동 ***-**,,2026-01-13 17:24:02,,206349.417716353,405250.54816901
강아지와 산책(궐동점),20080407,폐업,,,,경기도 오산시 궐동로 * (궐동),경기도 오산시 궐동 ***-*,,2026-01-13 17:24:02,,204808.543037142,406279.628478019
인퍼피,20080522,폐업,,,,경기도 오산시 청학로 ***-* (궐동),경기도 오산시 궐동 ***-*,,2026-01-13 17:24:02,,205609.111430206,406422.849035487
퍼스트 독,20090907,폐업,,0,18136,경기도 오산시 오산로 ***-* (오산동),경기도 오산시 오산동 ***-*,,2026-01-13 17:24:03,,206047.181016935,405751.839148038
나나펫,20110322,폐업,031-377-0098,0,,"경기도 오산시 궐동로 *, ***호 (궐동)",경기도 오산시 궐동 ***-* ***호,,2026-01-13 17:24:03,,204808.543037142,406279.628478019
아지와 양이,20120327,폐업,,,,경기도 오산시 수청로 ** (수청동),경기도 오산시 수청동 ***-*,,2026-01-13 17:24:03,,205142.650189892,407845.198795697
캣츠앤독스,20120627,폐업,,0,,"경기도 오산시 궐리사로 **, ***호 (궐동)",경기도 오산시 궐동 ***-* ***호,,2026-01-13 17:24:03,,204923.25170798,406511.286568006
강아지 놀이터,20120806,폐업,,,,경기도 오산시 궐리사로**번길 **-** (궐동),경기도 오산시 궐동 ***-*,,2026-01-13 17:24:03,,204876.083187322,406399.911567152
펫가든 구리점 동물병원(위즈펫),20081104,폐업,,0,11915,경기도 구리시 동구릉로***번길 ** (인창동),경기도 구리시 인창동 ***,,2026-01-13 17:16:02,,212367.118425352,456712.576784184
The 멍멍#,20150501,폐업,,0,11933,경기도 구리시 원수택로 ** (수택동),경기도 구리시 수택동 ***-** ***호,,2026-01-13 17:16:02,,212232.680504592,454691.30092331
퍼피STORE,20150723,폐업,,0,11929,경기도 구리시 검배로**번길 ** (수택동),경기도 구리시 수택동 ***-** *층,,2026-01-13 17:16:02,,212628.532868722,455324.135982114
사랑우리 愛 동물병원,20151021,폐업,031-569-7582,0,11914,경기도 구리시 동구릉로 ** (인창동),경기도 구리시 인창동 ***-** *층,,2026-01-13 17:16:02,,211844.15074069,456282.260641105
너와펫,20160307,폐업,031-559-8673,0,11918,"경기도 구리시 동구릉로 *** (인창동, 인성빌딩)",경기도 구리시 인창동 ***-**,,2026-01-13 17:16:02,,212025.297290066,456382.748370469
수퍼피,20160329,폐업,031-556-3987,0,11914,경기도 구리시 동구릉로***번길 * (인창동),경기도 구리시 인창동 ***-*,,2026-01-13 17:16:02,,211876.875029166,456346.477963683
도그데이,20160824,폐업,,0,11929,경기도 구리시 검배로**번길 ** (수택동),경기도 구리시 수택동 ***-**,,2026-01-13 17:16:02,,212529.105298622,455356.276785878
하이다이노,20170823,폐업,,0,11951,"경기도 구리시 인창*로 **, ***호 (인창동, 구리더샵그린포레(*단지))",경기도 구리시 인창동 *** ***호,,2026-01-13 17:16:02,,211437.555147685,455691.628091168
오라펫,20171016,폐업,,0,11933,경기도 구리시 원수택로 ** (수택동),경기도 구리시 수택동 ***-**,,2026-01-13 17:16:02,,212232.680504592,454691.30092331
이천동물애견센터,20140820,폐업,031-632-7511,0,17352,경기도 이천시 이섭대천로 **** (증포동),경기도 이천시 증포동 ***-*,,2026-05-11 22:06:35,,240059.142363306,420767.899064471
미미네 애견,20141001,폐업,031-632-1156,0,17354,"경기도 이천시 영창로 ***, *층 (관고동)",,,2026-05-11 22:06:35,,238678.501155464,420135.694192564
똥강아지,20141021,폐업,031-634-4030,0,17364,경기도 이천시 영창로***번길 * (창전동),,,2026-05-11 22:06:35,,239458.298957893,420004.557988927
팜스펫,20150904,폐업,,0,17332,경기도 이천시 부발읍 신아로 **,,,2026-05-11 22:06:35,,243266.516445693,417484.592072027
정미애견,20151203,폐업,031-631-7583,0,17327,경기도 이천시 부발읍 대산로 ***,,,2026-05-11 22:06:35,,242681.218180041,418070.754370891
멋내는애견,20160407,폐업,031-637-4020,0,17324,경기도 이천시 부발읍 무촌로 ***-*,경기도 이천시 부발읍 무촌리 ***-**,,2026-05-11 22:06:35,,243273.861493924,420410.954746426
핫펫,20160607,폐업,,0,17374,경기도 이천시 어재연로*번길 ** (중리동),경기도 이천시 중리동 ***-*,17380,2026-05-11 22:06:35,,239487.484266188,419552.377094437
미유펫 강아지 고양이 이천점,20190329,폐업,031-634-0059,0,17370,경기도 이천시 영창로 ***-* (창전동),경기도 이천시 창전동 ***-*,,2026-05-11 22:06:36,,239738.21027769,419924.845038255
캣스타,20210810,폐업,,0,17352,"경기도 이천시 애련정로 ***, ***호 (증포동)",경기도 이천시 증포동 ***-*,,2026-05-11 22:06:37,,239911.28096187,420455.306899449
따뜻한분양소 본점,20210817,폐업,,0,17405,경기도 이천시 부발읍 황무로****번길 *,경기도 이천시 부발읍 송온리 ***,17405,2026-05-11 22:06:37,,245815.777706934,417556.779623053
Blance dog(블랑쉬독),20200320,폐업,,0,12575,경기도 양평군 강하면 강남로 ***,경기도 양평군 강하면 전수리 *-**,,2026-03-10 21:35:03,,239085.870629448,444793.003344052
Honest pet,20200615,폐업,,0,12501,경기도 양평군 서종면 중미산로 ***,경기도 양평군 서종면 도장리 ***-*,12501,2026-03-10 21:35:03,,233623.791088028,455745.489915763
도그맘,20110406,폐업,031-407-8868,,,"경기도 안산시 상록구 샘골로 **, ***호 (본오동)",경기도 안산시 상록구 본오동 ***-** ***호,,2026-03-26 22:46:09,,187834.874405448,420842.44852037
바둑아 놀자,20110419,폐업,031-410-9777,0,15255,"경기도 안산시 단원구 와동로 **, ***호 (와동)",경기도 안산시 단원구 와동 *** ***호,,2026-03-26 22:46:09,,184762.21093256,426161.794737115
샴푸하는 강아지,20110419,폐업,,0,,"경기도 안산시 단원구 화정천동로 ***, ***호 (와동)",경기도 안산시 단원구 와동 ***-* ***호,,2026-03-26 22:46:09,,183751.201720677,426188.64966851
뽀삐,20110623,폐업,031-417-0007,,,경기도 안산시 상록구 용신로 *** (본오동),경기도 안산시 상록구 본오동 ****,,2026-03-26 22:46:09,,188149.00939669,422212.370140273
애견미용클럽,20111101,폐업,,,,경기도 안산시 상록구 석호로 ***-* (본오동),경기도 안산시 상록구 본오동 ***-*,,2026-03-26 22:46:09,,188224.705,421299.245
뽀삐,20111228,폐업,,0,,"경기도 안산시 상록구 용신로 ***, ***호 (본오동,*층)",경기도 안산시 상록구 본오동 ****-* *층 ***호,,2026-03-26 22:46:09,,188149.00939669,422212.370140273
도그앤캣24시동물병원,20120126,폐업,031-402-4900,,,"경기도 안산시 단원구 고잔*길 **, ***호 (고잔동)",경기도 안산시 단원구 고잔동 ***-* ***호,,2026-03-26 22:46:09,,185115.720999982,423972.588048487
(주)밀레펫,20120229,폐업,031-485-5820,,,경기도 안산시 단원구 범락길 ** (신길동),경기도 안산시 단원구 신길동 ****-*,,2026-03-26 22:46:09,,178070.446912083,424754.368439362
(주)이마트 트레이더스 안산점 몰리스(2층),20120501,폐업,,0,,"경기도 안산시 단원구 중앙대로 *** (신길동,*층)",경기도 안산시 단원구 신길동 **** *층,,2026-03-26 22:46:09,,180873.786214121,425492.088360076
애견의 꿈,20120605,폐업,,0,15225,경기도 안산시 단원구 선부로 **-* (선부동),경기도 안산시 단원구 선부동 ****-*,,2026-03-26 22:46:09,,182506.63,426580.655
아쿠아플러스(주)안산선부점,20120814,폐업,031-400-8000,0,15368,경기도 안산시 단원구 삼일로 *** (선부동),경기도 안산시 단원구 선부동 ****-*,,2026-03-26 22:46:09,,183322.266879279,425768.716754194
아쿠아플러스(주)안산점,20120814,폐업,031-445-2080,,,경기도 안산시 상록구 충장로 *** (성포동),경기도 안산시 상록구 성포동 ***,,2026-03-26 22:46:09,,186639.994472089,423921.240397456
우리고양이,20120919,폐업,031-407-0202,0,15462,"경기도 안산시 단원구 광덕대로 ***, 골든오피스텔 ***호 (고잔동)",경기도 안산시 단원구 고잔동 *** 골든오피스텔,,2026-03-26 22:46:09,,184967.265798779,423648.843062509
꿈의동물병원,20130226,폐업,031-417-7581,0,15476,경기도 안산시 단원구 광덕*로 *** (고잔동),경기도 안산시 단원구 고잔동 ***-*,,2026-03-26 22:46:09,,184621.554255087,422922.275824289
별이네집애견샵,20130410,폐업,,0,,경기도 안산시 상록구 장화*길 ** (사동),경기도 안산시 상록구 사동 ****-*,,2026-03-26 22:46:09,,186636.184495282,420173.137584336
멍캣,20211220,폐업,,0,17374,"경기도 이천시 중리천로 **, *층 (중리동)",경기도 이천시 중리동 ***,17380,2026-05-11 22:06:38,,239294.619502991,419856.895032916
캣도그 하우스,20220217,폐업,,0,17344,"경기도 이천시 증신로 ***, *동 (송정동)",경기도 이천시 송정동 ***-**,,2026-05-11 22:06:38,,238993.473141913,421554.791053897
이천동물복지센터,20221017,폐업,,0,17352,"경기도 이천시 이섭대천로 ****, 지하*층 (증포동)",경기도 이천시 증포동 ***-*,,2026-05-11 22:06:39,,240059.142363306,420767.899064471
플러스 동물병원,20120529,폐업,031-656-8047,,,경기도 안성시 공도읍 공도*로 ***-*,경기도 안성시 공도읍 만정리 ***-*,,2026-01-13 17:21:03,,,
애견호텔리어,20130910,폐업,031-675-7934,0,17547,경기도 안성시 대덕면 내리*길 **,경기도 안성시 대덕면 내리 ***-**,,2026-01-13 17:21:03,,219785.94677532,388749.150484118
펫스토리,20140515,폐업,031-656-2112,0,17548,경기도 안성시 공도읍 대림동산길 **,경기도 안성시 공도읍 마정리 ***-**,,2026-01-13 17:21:03,,217980.1891612,390095.735630452
물고기 파는 동물농장,20140730,폐업,031-653-8815,0,17562,경기도 안성시 공도읍 고무다리길 *,,,2026-01-13 17:21:03,,215030.066456025,388620.336481759
착한강아지,20150825,폐업,031-658-3110,0,17561,"경기도 안성시 공도읍 공도*로 *, ***호",경기도 안성시 공도읍 만정리 ***-* 우성메디컬프라자 ***호,,2026-01-13 17:21:03,,215250.626720175,388773.25337567
밀레 쥬,20160407,폐업,,0,17549,경기도 안성시 공도읍 서동대로 ****,경기도 안성시 공도읍 만정리 ***-*,,2026-01-13 17:21:03,,216330.63805182,389373.628400417
메리네 애견샵,20170921,폐업,031-657-8882,0,17562,"경기도 안성시 공도읍 공도로 **-*, ***호",경기도 안성시 공도읍 만정리 ***-** ***호,,2026-01-13 17:21:03,,214932.522166613,388594.712656332
팜스펫,20171222,폐업,070-5143-2207,0,17529,경기도 안성시 일죽면 서동대로 ****,경기도 안성시 일죽면 송천리 ***-**,,2026-01-13 17:21:03,,241532.4130006,398651.515741398
청구홍구,20180308,폐업,,0,11941,"경기도 구리시 이문안로***번길 **, *층 *호 (수택동)",경기도 구리시 수택동 ***-**,,2026-01-13 17:16:02,,212636.232946913,454463.57262003
개냥이네,20180731,폐업,,0,11945,"경기도 구리시 벌말로 ***, *층 (토평동)",경기도 구리시 토평동 *** *층,,2026-01-13 17:16:02,,213189.782779077,454392.580851859
강동수족관 롯데마트 구리점,20190122,폐업,,0,11915,"경기도 구리시 동구릉로***번길 **, 롯데마트 구리점 *층 (인창동)",경기도 구리시 인창동 *** 구리유통종합상가,,2026-01-13 17:16:02,,212367.118425352,456712.576784184
펫하우스,20101020,폐업,031-946-4241,,,,경기도 파주시 교하읍 동패리 **** 두손비채 ***호,,2026-01-13 17:26:34,,,
애견용품 할인매장 까까독,20110616,폐업,031-943-3898,,,,경기도 파주시 금촌동 ***-**,,2026-01-13 17:26:34,,179767.040067989,473497.082020805
몰리스펫샵 파주운정점,20110827,폐업,031-931-2147,0,10905,경기도 파주시 한울로 *** (동패동),경기도 파주시 동패동,,2026-01-13 17:26:34,,177453.945515036,467576.438594292
강아지 발자국,20111019,폐업,,,,,경기도 파주시 금촌동 ***-***,,2026-01-13 17:26:34,,,
레드켓,20130828,폐업,,0,15360,"경기도 안산시 단원구 고잔*길 **, ***호 (고잔동, 코스모프라자)",경기도 안산시 단원구 고잔동 ***-* 코스모프라자 ***호,,2026-03-26 22:46:09,,185403.460476815,424004.760892409
펫스토어,20131018,폐업,,0,15477,"경기도 안산시 단원구 광덕동로 **, ***호 (고잔동)",경기도 안산시 단원구 고잔동 ***-* ***호,,2026-03-26 22:46:09,,185044.112821162,422892.883444991
밀레쥬,20131018,폐업,031-508-2800,0,15294,"경기도 안산시 상록구 충장로 ***, 홈플러스 안산점 *층 (성포동)",경기도 안산시 상록구 성포동 *** 홈플러스 안산점,,2026-03-26 22:46:09,,186639.994472089,423921.240397456
개똥아 부탁해,20131204,폐업,031-480-8655,0,15335,"경기도 안산시 단원구 적금로*길 **, ***호 (고잔동, 문화상가)",경기도 안산시 단원구 고잔동 *** 문화상가 ***호,,2026-03-26 22:46:09,,184823.668020787,425238.430216072
한강아쿠아 롯데마트 오산점,20120905,폐업,,0,,경기도 오산시 경기대로 *** (오산동),경기도 오산시 오산동 ***,,2026-01-13 17:24:03,,206416.225089197,405292.957866229
홈플러스 오산세교점,20130429,폐업,,0,18118,경기도 오산시 청학로 *** (수청동),경기도 오산시 수청동 ***,,2026-01-13 17:24:03,,205417.553946702,407590.511508128
튼튼동물병원,20131015,폐업,,0,18120,"경기도 오산시 궐리사로 **, ***호 (궐동, 구마빌딩)",경기도 오산시 궐동 ***-* 구마빌딩 ***호,,2026-01-13 17:24:03,,205273.637200392,406347.194120753
우리동물병원,20131105,폐업,,0,18144,"경기도 오산시 경기대로 ***, ***호 (원동)",경기도 오산시 원동 ***-* ***호,,2026-01-13 17:24:03,,206488.431965315,404319.476953997
힐링하개,20151113,폐업,031-376-7388,0,18120,"경기도 오산시 궐동로**번서길 ** (궐동, 수수빌)",경기도 오산시 궐동 ***-*,,2026-01-13 17:24:03,,205530.509102942,406186.911071957
운암애견,20161019,폐업,,0,18138,경기도 오산시 경기대로 *** (원동),경기도 오산시 원동 ***-**,,2026-01-13 17:24:03,,206450.094299043,405171.129609808
힐링하개,20170126,폐업,031-376-7388,0,18120,"경기도 오산시 궐동로**번서길 ** (궐동, 수수빌)",경기도 오산시 궐동 ***-*,,2026-01-13 17:24:03,,205530.509102942,406186.911071957
펫마인더,20180307,폐업,,0,18142,"경기도 오산시 경기대로 ***, 효성빌딩 *층 (원동)",경기도 오산시 원동 ***-** 효성빌딩 *층,,2026-01-13 17:24:03,,206436.718030182,404661.291284404
퍼스트독,20181016,폐업,031-373-0733,0,18134,"경기도 오산시 경기대로 ***, 가림카오디오 (오산동)",경기도 오산시 오산동 **-* 가림카오디오,,2026-01-13 17:24:03,,206443.239491362,405953.120836996
멍캣,20200706,폐업,,0,18118,"경기도 오산시 매홀로**번길 *, 상가 *층 (수청동)",경기도 오산시 수청동 ***-* 상가,,2026-01-13 17:24:03,,205434.586294567,406945.340409582
안아주시개냥,20221228,폐업,,0,18141,경기도 오산시 대원로 **-*(원동),경기도 오산시 원동 ***-**,,2026-01-13 17:24:03,,206131.999905436,404939.367520147
앙뚜네 미장원,20230524,폐업,,0,18110,"경기도 오산시 수청로 *-*, ***호 (수청동)",경기도 오산시 수청동 ***-*,,2026-01-13 17:24:03,,205201.637257983,407648.724581977
명품애견용품,20111122,폐업,070-8803-1004,,,,경기도 파주시 금촌동 ***-* 파워프라자 ***호,,2026-01-13 17:26:34,,180007.331273239,472582.882654918
왈왈깔깔,20111214,폐업,031-957-8676,,,,경기도 파주시 야당동 ***-**,,2026-01-13 17:26:34,,179269.846296792,468051.381355153
금쪽같은 내새끼 반려동물병원,20120207,폐업,031-944-9979,,,경기도 파주시 가재울로**번길 ** (와동동),경기도 파주시 와동동,,2026-01-13 17:26:34,,,
그린수족관,20120808,폐업,031-931-2147,,,,경기도 파주시 동패동 파주운정지구 F*-*블럭,,2026-01-13 17:26:34,,,
목욕하는강아지,20121005,폐업,031-958-3335,0,,,경기도 파주시 적성면 구읍리 ***-**,,2026-01-13 17:26:34,,,
공간아쿠아,20121221,폐업,,,,경기도 파주시 책향기로 *** (동패동),경기도 파주시 동패동 **** 지하*층,,2026-01-13 17:26:34,,,
새금촌애견미용,20130823,폐업,031-942-4223,0,10922,경기도 파주시 가나무로 *** (금촌동),,,2026-01-13 17:26:34,,180316.471281232,472445.889278994
선유애견,20140221,폐업,031-954-0199,0,10812,경기도 파주시 문산읍 사임당로 ***,경기도 파주시 문산읍 선유리 ***-**,,2026-01-13 17:26:34,,182740.662565625,484782.308813599
파주고양이,20140512,폐업,,0,10928,"경기도 파주시 새꽃로 ***, *층 (금촌동)",,,2026-01-13 17:26:34,,179783.904664153,473504.69337339
엉클독,20140903,폐업,,0,10857,경기도 파주시 탄현면 엘지로 ***,경기도 파주시 탄현면 낙하리 ***-*,10857,2026-01-13 17:26:34,,176630.593104906,481499.899098008
몽냥몽냥 고양점,20200714,폐업,,0,10461,"경기도 고양시 덕양구 호국로***번길 **, *층 (주교동)",경기도 고양시 덕양구 주교동 ***-*,,2026-01-13 17:14:06,,185234.235766791,461558.550082431
다온,20200716,폐업,,0,10324,"경기도 고양시 일산동구 위시티*로 *-**, 더파인테라스 *층 ***호 (식사동)",경기도 고양시 일산동구 식사동 **** 더파인테라스,10324,2026-01-13 17:14:06,,182978.411296093,463557.467041037
명품 HOT 도그,20200722,폐업,,0,10542,"경기도 고양시 덕양구 해포길 **-*, *층 (현천동)",경기도 고양시 덕양구 현천동 ***-**,,2026-01-13 17:14:06,,187441.143476062,454216.721405957
퍼피돌,20200813,폐업,,0,10598,"경기도 고양시 덕양구 동산*로 **, 동산마을 **단지 상가 (동산동)",경기도 고양시 덕양구 동산동 ***,,2026-01-13 17:14:06,,189595.981762095,460199.361636969
퍼피룬 강아지분양고양이분양 일산본점,20200820,폐업,,0,10383,"경기도 고양시 일산서구 일산로***번길 **, *층 (대화동)",경기도 고양시 일산서구 대화동 ****-*,,2026-01-13 17:14:06,,177875.839277123,463225.076400939
원당애견센터,20200831,폐업,031-964-3828,0,10464,"경기도 고양시 덕양구 호국로 ***-*, *층 ***호 (성사동)",경기도 고양시 덕양구 성사동 ***-* ***호,,2026-01-13 17:14:06,,185427.687268921,461481.802160795
일산고양이분양 유앤미펫,20210111,폐업,,0,10446,"경기도 고양시 일산동구 강송로**번길 *-*, *층 오른쪽호 (백석동)",경기도 고양시 일산동구 백석동 ****-*,,2026-01-13 17:14:06,,181235.735,460593.205
바꿔줄개,20210201,폐업,,0,10488,"경기도 고양시 덕양구 서정로 **-*, *층 (도내동)",경기도 고양시 덕양구 도내동 ***-*,,2026-01-13 17:14:08,,187209.084227261,457490.73305083
꼬리치는강아지,20080804,폐업,031-319-3666,,,"경기도 시흥시 정왕천로***번길 **, ***호 (정왕동)",경기도 시흥시 정왕동 ****-* ***호,15119,2026-03-10 21:35:48,,178056.184555054,426694.238741125
복터진강아지,20080808,폐업,031-432-2979,,,경기도 시흥시 정왕천로***번길 ** (정왕동),경기도 시흥시 정왕동 ****-**,15119,2026-03-10 21:35:49,,177679.716022529,427171.003312554
미래애견,20080828,폐업,031-312-2625,,,"경기도 시흥시 시흥대로 ****-*, ***호 (신천동)",경기도 시흥시 신천동 ***-* ***호,,2026-03-10 21:35:49,,181574.799219386,436624.858517906
애견나라,20080829,폐업,031-404-1474,,,경기도 시흥시 신천천서로 ** (신천동),경기도 시흥시 신천동 ***-*,,2026-03-10 21:35:49,,180817.618331903,437420.594157441
킹애견,20081017,폐업,031-488-8233,,,경기도 시흥시 진말로**번길 ** (장곡동),경기도 시흥시 장곡동 ***-*,,2026-03-10 21:35:50,,180748.731112938,430820.896451346
도그앤도그,20081031,폐업,031-432-2044,,,"경기도 시흥시 마유로 ***-**, ***호 (정왕동)",경기도 시흥시 정왕동 ****-* ***호,15119,2026-03-10 21:35:51,,177180.775369058,427626.071843399
바람난강아지,20081110,폐업,031-319-2620,,,"경기도 시흥시 봉우재로 **, ***호 (정왕동)",경기도 시흥시 정왕동 ****-** ***호,15119,2026-03-10 21:35:51,,177428.933832412,427277.536966681
행복한강아지,20120215,폐업,031-313-2858,,,경기도 시흥시 호현로 **-* (신천동),경기도 시흥시 신천동 ***-**,,2026-03-10 21:35:52,,,
도그앤캣,20100204,폐업,031-488-8256,,,"경기도 시흥시 큰솔로**번길 *, ***호 (정왕동)",경기도 시흥시 정왕동 **** ***호,15119,2026-03-10 21:35:54,,178089.082900961,426688.408587376
행운애견샵,20081106,폐업,031-246-7123,0,16263,경기도 수원시 팔달구 정조로 *** (중동),경기도 수원시 팔달구 중동 **,,2026-01-13 17:19:36,,201399.397138101,419077.464986372
(주)밀레펫,20131023,폐업,031-710-1258,0,13605,경기도 성남시 분당구 불정로 *** (정자동),경기도 성남시 분당구 정자동 ***,,2026-01-13 17:19:05,,210542.529800466,428535.664844133
은지애견,20080630,폐업,,0,11722,경기도 의정부시 회룡로***번길 ** (장암동),경기도 의정부시 장암동,,2026-01-13 17:25:34,,204885.604039737,469149.493442849
버블퍼피애견샵,20140814,폐업,,0,11624,경기도 의정부시 범골로 *** (의정부동),,,2026-01-13 17:25:34,,203277.895292883,470287.952077264
라봉이네,20180330,폐업,,0,11712,"경기도 의정부시 평화로***번길 **, 상가동 ***호 (호원동, 신일 유토빌 플러스 아파트)",경기도 의정부시 호원동 *** 신일 유토빌 플러스 아파트,,2026-01-13 17:25:34,,204312.778299704,467347.259906225
러블리멍,20170801,폐업,,0,17873,경기도 평택시 동부공원로 **-* (비전동),경기도 평택시 비전동 ***,,2026-01-13 17:27:05,,210349.557946521,387931.773774759
THE POOCH(푸치),20190321,폐업,,0,17975,경기도 평택시 팽성읍 근내길 **,경기도 평택시 팽성읍 근내리 ***,,2026-01-13 17:27:05,,204900.920971521,385856.01622017
포니펫 원흥본점,20210331,폐업,,0,10559,"경기도 고양시 덕양구 서삼릉*길 **, *층 (원흥동)",경기도 고양시 덕양구 원흥동 ***-**,,2026-01-13 17:14:08,,189058.674428999,461209.570310819
고양동물병원,20211013,폐업,,0,10275,"경기도 고양시 덕양구 혜음로 *, 삼라마이다스프라자 ***,***호 (고양동)",경기도 고양시 덕양구 고양동 *** 삼라마이다스프라자,10270,2026-01-13 17:14:08,,191272.237926127,466525.081543565
탑 동물병원,20220422,폐업,031-970-7765,0,10510,"경기도 고양시 덕양구 토당로 *, ***호 (토당동)",경기도 고양시 덕양구 토당동 ***-* ***호,10507,2026-01-13 17:14:08,,184411.913479589,457246.336206171
일산고양이분양&amp;미용 반하나캣,20220531,폐업,,0,10559,"경기도 고양시 덕양구 서삼릉*길 **, *층 (원흥동)",경기도 고양시 덕양구 원흥동 ***-**,,2026-01-13 17:14:08,,189058.674428999,461209.570310819
빙글독,20230202,폐업,,0,10550,"경기도 고양시 덕양구 삼원로 *, *층 ***호 (삼송동)",경기도 고양시 덕양구 삼송동 ***-* ***호,10577,2026-01-13 17:14:08,,189104.646185961,460246.703538096
E-펫 강아지&amp;고양이 용품 할인마트,20230407,폐업,,0,10264,"경기도 고양시 덕양구 통일로 ****, *호동 (내유동)",경기도 고양시 덕양구 내유동 ***-** *호동,,2026-01-13 17:14:08,,186985.988728954,467621.218134905
E-Pet 강아지&amp;고양이용품할인마트,20240715,폐업,,0,10264,"경기도 고양시 덕양구 통일로 ****, 내유프라자 (내유동)",경기도 고양시 덕양구 내유동 ***-** *호,,2026-01-13 17:14:08,,186985.988728954,467621.218134905
주식회사 펫츠빌리지,20240802,폐업,,0,10590,경기도 고양시 덕양구 삼송로***번길 **-* (삼송동),경기도 고양시 덕양구 삼송동 ***-**,10577,2026-01-13 17:14:08,,190261.997989777,461082.644058788
369 펫,20210611,폐업,,0,10299,"경기도 고양시 일산동구 식사로**번길 **, ***호 (식사동)",경기도 고양시 일산동구 식사동 ***-**,10324,2026-01-13 17:14:09,,183707.762045438,462737.603820699
요미독 강아지분양 일산점,20210903,폐업,,0,10446,"경기도 고양시 일산동구 강송로**번길 *-**, ***호 (백석동)",경기도 고양시 일산동구 백석동 ****-* ***호,,2026-01-13 17:14:09,,181242.2,460622.985
똥강아지,20140915,폐업,031-8035-7340,0,10893,"경기도 파주시 가온로 ***, ***호 (목동동)",,,2026-01-13 17:26:34,,178202.145016809,469329.406832244
웅이도그,20141113,폐업,,0,10862,경기도 파주시 탄현면 요풍길 ***-*,경기도 파주시 탄현면 성동리 ***,,2026-01-13 17:26:34,,172033.672499709,475830.746638682
지니펫,20150112,폐업,031-949-8002,0,10902,"경기도 파주시 동패로**번길 *-*, *층층 (동패동)",,,2026-01-13 17:26:34,,176814.351988177,467488.098292907
블링블링,20150630,폐업,031-943-2322,0,10892,경기도 파주시 산내로***번길 **-* (목동동),,,2026-01-13 17:26:34,,176737.52,469535.2
까까독,20150714,폐업,031-943-3898,0,10928,경기도 파주시 새꽃로 *** (금촌동),,,2026-01-13 17:26:34,,179767.040067989,473497.082020805
아로하,20150721,폐업,,0,10899,"경기도 파주시 와석순환로 ***, *동 ***호 (목동동, 해솔마을*단지 상가)",,,2026-01-13 17:26:34,,177642.009574149,468908.236075749
리얼독스 운정점,20150804,폐업,,0,10870,경기도 파주시 가람로 ** (와동동),,,2026-01-13 17:26:34,,178363.550909982,470249.843360697
쿨펫동물병원 장항점,20080215,폐업,,,,,경기도 고양시 일산동구 장항동 *** 홈에버 *층,10397,2026-01-13 17:14:05,,179536.212704008,461876.531597015
퍼피메신저,20160718,폐업,,0,10307,"경기도 고양시 일산동구 숲속마을로 **-**, ***호 (풍동)",경기도 고양시 일산동구 풍동 **** ***호,10309,2026-01-13 17:14:06,,182013.642759702,462638.586126956
펫데이,20180920,폐업,,0,10402,"경기도 고양시 일산동구 중앙로****번길 **, *층 ***호 (장항동)",경기도 고양시 일산동구 장항동 ***,10397,2026-01-13 17:14:06,,179711.636871521,461713.267362608
갈매동물병원,20170601,폐업,031-529-5088,0,11902,"경기도 구리시 갈매중앙로 **, ***호 (갈매동, 넘버원리치안)",,,2026-01-13 17:16:02,,210263.687520847,458669.198978065
쥬만지 캣,20120419,폐업,031-372-8333,0,18118,"경기도 오산시 청학로 ***, ***호 (궐동)",경기도 오산시 궐동,,2026-01-13 17:24:03,,205642.976722718,406348.56593673
행복하시개,20221206,폐업,,0,14996,"경기도 시흥시 장현장곡로 **, S***동 *층 ***호 (장현동, 시흥장현LH**단지)",경기도 시흥시 장현동 *** 시흥장현LH**단지,,2026-03-10 21:36:24,,181645.169733108,431182.114637029
나라동물병원,20081107,폐업,031-338-7975,0,17027,"경기도 용인시 처인구 포곡읍 포곡로 ** (신원아파트 상가*동 ***, ***호)",경기도 용인시 처인구 포곡읍,,2026-03-26 22:51:28,,219077.908105325,418409.387179753
파주강아지,20170428,폐업,031-941-4123,0,10930,경기도 파주시 중앙로 *** (금촌동),,,2026-01-13 17:26:34,,180180.734316172,473369.674060825
펫뱅크,20180503,폐업,031-508-2800,0,10892,"경기도 파주시 청암로**번길 **, 홈플러스 파주운정점 *층 X**, YH호 (목동동)",경기도 파주시 목동동 *** 홈플러스 파주운정점,,2026-01-13 17:26:35,,176725.26242028,469706.991119381
매니아 펫,20140702,폐업,031-821-1001,0,11492,경기도 양주시 고읍남로 *-** (광사동),경기도 양주시 광사동 ***-*,,2026-04-28 22:00:56,,206882.186155819,477020.563240219
PET ELDORADO,20111219,폐업,,,,경기도 수원시 장안구 장안로 *** (정자동),경기도 수원시 장안구 정자동 ***,,2026-01-13 17:19:36,,199378.825262964,422433.163309046
Secret Dogs(시크릿독스),20130405,폐업,,0,,"경기도 수원시 팔달구 중부대로 ** (지동,*층)",경기도 수원시 팔달구 지동 ***-** *층,,2026-01-13 17:19:36,,202096.276563995,419352.612842142
웨스턴동물병원,20080728,폐업,,,,,경기도 고양시 일산동구 장항동 *** 웨스턴돔 A-***,10397,2026-01-13 17:14:05,,179810.178969729,461526.164368873
JK 애견용품,20080804,폐업,,,,,경기도 고양시 일산동구 장항동 *** 한라밀라트 A-***,10397,2026-01-13 17:14:05,,179321.637884805,462227.553754862
사랑하는 강아지,20080912,폐업,,,,,경기도 고양시 일산동구 장항동 ***-* 풍선프라자 ***호,10397,2026-01-13 17:14:05,,179449.749672525,462327.132044475
강쥐사랑,20081017,폐업,,,,,경기도 고양시 덕양구 주교동 ***-* ***호,,2026-01-13 17:14:05,,184984.30553885,461661.525559025
쿨펫동물병원,20081204,폐업,,,,,경기도 고양시 덕양구 화정동 *** 롯데마트 *층,,2026-01-13 17:14:05,,185024.681774615,458969.125315118
일산애견,20090204,폐업,,,,,경기도 고양시 일산서구 주엽동 ** 문촌마을 동부썬프라자 A동 *~**호,,2026-01-13 17:14:05,,178529.136791301,463365.623578833
탑독,20090327,폐업,,,,,경기도 고양시 덕양구 토당동 ***-* *층일부,10507,2026-01-13 17:14:05,,184415.175360745,457411.171329646
가람 동물병원,20090414,폐업,,,,,경기도 고양시 일산동구 마두동 *** 선경상가 ***호(일부),,2026-01-13 17:14:05,,180429.594918348,461366.247981232
해오름동물병원,20090504,폐업,,,,,경기도 고양시 덕양구 주교동 ***-* ***호(*층일부),,2026-01-13 17:14:05,,185684.468962019,461852.567831753
강남동물병원,20090619,폐업,,,,,경기도 고양시 일산동구 식사동 ***-** 풍산트윈시티 ***호,10324,2026-01-13 17:14:05,,183267.923204545,464065.92071762
서울종합동물병원 백석,20090709,폐업,,,,,"경기도 고양시 일산동구 백석동 **** 동문굿모닝힐 ***동 ***,***호(일부)",,2026-01-13 17:14:05,,181196.280524901,459636.807109425
애견마을,20100118,폐업,,,,,경기도 고양시 일산동구 백석동 효성레제스빌 오피스텔 ***호,,2026-01-13 17:14:05,,,
로하스동물병원,20100504,폐업,,,,,경기도 고양시 일산서구 주엽동 ** 강선*단지 상가 ***호,,2026-01-13 17:14:05,,179335.868789335,463073.711845168
휄릭스 펫샵,20120312,폐업,,,,경기도 고양시 덕양구 중앙로 *** ***호 (행신동),경기도 고양시 덕양구 행신동 **** 서정프라자 ***호,,2026-01-13 17:14:05,,186358.445846762,457257.532079513
벳케어 동물병원,20100614,폐업,,,,,경기도 고양시 일산서구 가좌동 ***-* 준프라자 ***호,,2026-01-13 17:14:05,,175167.377073235,465009.589545979
탑 동물병원,20100713,폐업,,,,,경기도 고양시 덕양구 토당동 ***-*,10507,2026-01-13 17:14:05,,184415.175360745,457411.171329646
토론토 동물병원,20100819,폐업,,,,,경기도 고양시 일산서구 대화동 ****-*,,2026-01-13 17:14:05,,178398.286754325,464008.424241791
애견마을,20100824,폐업,,,,,경기도 고양시 일산동구 백석동 ****-* 효성레제스 ***호,,2026-01-13 17:14:05,,181125.868355452,459934.289842367
사랑하는 강아지,20101117,폐업,,,,,경기도 고양시 일산동구 장항동 ***-* 풍성프라자 ***호,10397,2026-01-13 17:14:05,,179449.749672525,462327.132044475
산본팻애견용품할인마트,20091123,폐업,031-393-0033,0,15805,경기도 군포시 군포로 *** (산본동),경기도 군포시 산본동 **-**,,2026-01-13 17:16:33,,194734.190082795,430311.104874876
씨엠티네트웍스,20151026,폐업,070-8823-2700,0,10866,"경기도 파주시 천정구로 ***, *층 (당하동)",,,2026-01-13 17:26:34,,178034.528133627,471590.189522475
까까독,20151229,폐업,031-943-3898,0,10928,경기도 파주시 새꽃로 *** (금촌동),,,2026-01-13 17:26:34,,179767.040067989,473497.082020805
까까독,20160106,폐업,031-943-3898,0,10928,경기도 파주시 새꽃로 *** (금촌동),,,2026-01-13 17:26:34,,179767.040067989,473497.082020805
낭만고양이,20160317,폐업,,0,10859,경기도 파주시 탄현면 헤이리마을길 **-*** (*x*cube red),,,2026-01-13 17:26:34,,173078.651916882,476583.004812752
새롬농장,20160607,폐업,,0,10950,경기도 파주시 조리읍 뇌조로***번길 **-**,,,2026-01-13 17:26:34,,184465.515938401,472864.525835776
장마루애견하우스,20160801,폐업,,0,10801,경기도 파주시 파평면 장마루*길 ***-**,경기도 파주시 파평면 덕천리 ***-*,10801,2026-01-13 17:26:34,,186397.782312311,493064.846112672
핫도그 애견,20160908,폐업,,0,10915,"경기도 파주시 금빛로 **-*, *층 (금촌동, 조인프라자)",,,2026-01-13 17:26:34,,179418.08,472188.68
해피바스(예뿌개),20161101,폐업,031-943-8270,0,10879,경기도 파주시 아침노을길 ** (문발동),경기도 파주시 문발동 ***-**,,2026-01-13 17:26:34,,174047.952030986,469465.896360224
미소농장,20161109,폐업,,0,10802,경기도 파주시 적성면 구읍로 **-**,,,2026-01-13 17:26:34,,193828.06035711,496044.758373107
기름집강아지 OIL DOG,20161202,폐업,031-949-1414,0,10871,"경기도 파주시 가재울로 **, *층 (목동동)",,,2026-01-13 17:26:34,,177637.603922784,469868.89257092
홈플러스 파주운정점 수족관,20161224,폐업,,0,10892,경기도 파주시 청암로**번길 ** (목동동),,,2026-01-13 17:26:34,,176725.26242028,469706.991119381
허그퍼피,20170103,폐업,,0,10940,경기도 파주시 조리읍 수레길 ***,,,2026-01-13 17:26:34,,186270.086416602,473323.515640122
아펠리아퍼피하우스,20170322,폐업,031-941-8950,0,10940,"경기도 파주시 조리읍 장곡로 ***-**, *층",,,2026-01-13 17:26:34,,185799.633193397,471879.270348122
고양이로다,20170331,폐업,031-944-7886,0,10900,경기도 파주시 심학산로***번길 **-* (목동동),,,2026-01-13 17:26:34,,176888.598699456,468552.620472047
펫파라다이스파주운정점,20170704,폐업,031-948-5807,0,10892,"경기도 파주시 청암로**번길 **, *층 (목동동, 홈플러스파주운정점)",,,2026-01-13 17:26:34,,176725.26242028,469706.991119381
내강아지,20170831,폐업,031-957-1772,0,10926,"경기도 파주시 새꽃로 **, *층 ***, ***호 (금촌동, 연세프라자)",,,2026-01-13 17:26:35,,179562.23,472772.15
블링블링강아지별,20171211,폐업,031-977-6123,0,10892,"경기도 파주시 산내로***번길 **-*, *층 (목동동)",경기도 파주시 목동동 ***-*,,2026-01-13 17:26:35,,176737.52,469535.2
라온,20180410,폐업,,0,10945,경기도 파주시 월롱면 통일로***번길 **,경기도 파주시 월롱면 영태리 ***,,2026-01-13 17:26:35,,181915.182381946,473986.818409254
(주)위드공감,20211221,폐업,,0,10403,"경기도 고양시 일산동구 백마로 ***, 현대 에뜨레보 *층 ***호 (장항동)",경기도 고양시 일산동구 장항동 *** 현대 에뜨레보 ***호,10397,2026-01-13 17:14:09,,180031.642095533,461431.324488084
㈜미키펫코리아,20161101,폐업,031-605-9788,0,13595,"경기도 성남시 분당구 황새울로***번길 ** (수내동, 교보생명)",경기도 성남시 분당구 수내동 **-* **-*,,2026-01-13 17:19:05,,209948.643151159,430511.39103559
어니스트독(HONEST DOG),20180905,폐업,,0,13535,경기도 성남시 분당구 동판교로**번길 **-** (백현동),경기도 성남시 분당구 백현동 ***,,2026-01-13 17:19:06,,210028.878169737,431718.595369293
my애견,20110607,폐업,031-469-0077,,,,경기도 안양시 만안구 안양동 ***-***,,2026-01-13 17:21:34,,,
늘안아줄개,20140623,폐업,031-388-1162,0,13953,"경기도 안양시 동안구 경수대로***번길 **-*, *층 (비산동)",경기도 안양시 동안구 비산동 ***-**,,2026-01-13 17:21:34,,,
도그앤도그,20080908,폐업,032-345-1044,,,,경기도 부천시 소사구 괴안동 **-**,,2026-01-13 17:18:35,,182781.474651693,441881.359645493
애견천사,20101223,폐업,,,,경기도 부천시 원미구,경기도 부천시 원미구 심곡동 ***-**,,2026-01-13 17:18:35,,181281.78093627,442656.046829074
강아지사랑,20110125,폐업,,,,,경기도 부천시 소사구 심곡본동 ***-*,,2026-01-13 17:18:35,,180624.688392343,441952.623874907
프렌치독,20110328,폐업,,,14474,경기도 부천시 오정구 까치로 ** (작동),경기도 부천시 오정구 작동 **-*,,2026-01-13 17:18:35,,182752.515394895,445895.475581007
아쿠아플러스(주) 부천소사점,20121024,폐업,032-610-8000,,,,경기도 부천시 소사구 괴안동 ***-*,,2026-01-13 17:18:35,,183505.044366024,442533.953044508
페이스 독,20121109,폐업,032-613-7979,,,,경기도 부천시 원미구 중동 ***-**,,2026-01-13 17:18:35,,179385.932205453,443390.279237787
섹시독,20120821,폐업,,0,,,경기도 부천시 원미구 상동 ***-* 그린힐 ***호,,2026-01-13 17:18:35,,178504.051740812,444903.471908214
애견일번지,20130711,폐업,,0,,,경기도 부천시 소사구 심곡본동 ***-*,,2026-01-13 17:18:35,,180648.292724065,442257.098877
피오리엔/미스멍애견용품할인매장,20140530,폐업,,0,14749,경기도 부천시 소사구 성주로 *** (심곡본동),경기도 부천시 소사구 심곡본동 ***-*,,2026-01-13 17:18:35,,180414.4795,441789.181
JS컴퍼니,20150113,폐업,032-613-7979,0,,경기도 부천시 원미구 부천로 *** (심곡동),,,2026-01-13 17:18:35,,,
베베스토리 부천,20150730,폐업,,0,14598,경기도 부천시 원미구 상일로 ** (상동),경기도 부천시 원미구 상동 ***-*,,2026-01-13 17:18:35,,177987.319260479,443263.66804096
개님을부탁해,20150817,폐업,032-611-3382,0,14639,경기도 부천시 원미구 원미로 **-* (심곡동),경기도 부천시 원미구 심곡동 ***-**,,2026-01-13 17:18:35,,181281.78093627,442656.046829074
홈독,20160405,폐업,,0,14635,경기도 부천시 원미구 부일로***번길 ** (심곡동),경기도 부천시 원미구 심곡동 ***-* *층,,2026-01-13 17:18:35,,180443.127133091,442817.975783816
미소애견,20170512,폐업,032-653-8245,0,14626,"경기도 부천시 원미구 부일로 ***, *층 *호호 (중동, 동원상가)",,,2026-01-13 17:18:35,,179321.390849602,442897.31801076
주식회사 베이비몽,20171213,폐업,,0,14544,"경기도 부천시 원미구 소향로**번길 **, 테마파크 ***호 (상동)",경기도 부천시 원미구 상동 ***-** 테마파크,,2026-01-13 17:18:35,,177777.506835431,444738.057623797
스위티 애견샵,20110110,폐업,031-392-7942,,,"경기도 군포시 용호*로 **, B**호 (당동,대림프라자)",경기도 군포시 당동 ***-* 대림프라자 B**호,,2026-01-13 17:16:33,,194646.677354214,427252.224325929
펫필드 애견,20110901,폐업,031-391-3071,,,"경기도 군포시 고산로***번길 **, ***호 (당동,그린프라자)",경기도 군포시 당동 ***-* 그린프라자 ***호,,2026-01-13 17:16:33,,194962.25898183,427322.636485246
샤이니독퍼피샵,20121227,폐업,031-398-0079,0,15815,"경기도 군포시 금산로 **-*, ***동 ****호 (산본동)",경기도 군포시 산본동 ****,,2026-01-13 17:16:33,,194189.37215072,429607.667400243
독앤켓,20140218,폐업,031-399-8252,0,15805,"경기도 군포시 군포로 ***, *층층 (산본동)",경기도 군포시 산본동 **-**,,2026-01-13 17:16:33,,194765.309032706,430233.543076512
동물농장,20150209,폐업,031-509-0425,0,15888,경기도 군포시 대야*로 ** (대야미동),경기도 군포시 대야미동 ***-*,,2026-01-13 17:16:33,,192648.449129071,424993.671822789
개팔자 상팔자,20160429,폐업,031-392-4244,0,15834,"경기도 군포시 쟁골*길 ** (금정동, ***호)",경기도 군포시 금정동 ***-* ***호,,2026-01-13 17:16:33,,194807.899772785,428667.02459969
펫파라다이스 동물병원,20160624,폐업,031-689-3124,0,15866,"경기도 군포시 번영로 ***, *층 (산본동, 롯데피트인)","경기도 군포시 산본동 ****-* 롯데피트인, *층",,2026-01-13 17:16:33,,193789.410732019,428419.578316283
퍼피프랜드,20170215,폐업,,0,15805,경기도 군포시 고산로***번길 ** (산본동),경기도 군포시 산본동 **-**,,2026-01-13 17:16:33,,194501.058546722,430123.872165982
펫몰,20180615,폐업,031-399-9119,0,15856,"경기도 군포시 군포로 ***, 군포벤처텔 ***호 (당동)",경기도 군포시 당동 ***-* 군포벤처텔 ***호,,2026-01-13 17:16:33,,194995.078046021,427376.358849744
엘로이 애견 놀이터&호텔,20180626,폐업,070-8289-9022,0,15813,"경기도 군포시 금산로*번길 *, ***호 (금정동, 태광퍼스트힐)",경기도 군포시 금정동 *** 태광퍼스트힐 ***호,,2026-01-13 17:16:33,,194751.251497941,429019.384435167
라온캣,20211129,폐업,,0,15865,"경기도 군포시 산본로***번길 **, 동화프라자 ***호 (산본동)",경기도 군포시 산본동 **** 동화프라자 ***호,,2026-01-13 17:16:33,,193781.173460956,428662.621220366
올데이펫 군포본점,20220530,폐업,,0,15865,"경기도 군포시 광정로 **, 신원타워빌딩 ***호 (산본동)",경기도 군포시 산본동 ****-* 신원타워빌딩,,2026-01-13 17:16:33,,193688.439691913,428695.276118429
해피도그,20151110,폐업,,0,16054,"경기도 의왕시 오전로 ***, 상가동 ***호 (오전동)",경기도 의왕시 오전동 *** 목련아파트,,2026-04-26 22:00:48,,197318.300559752,428113.034707078
Dog 차지,20160504,폐업,031-348-0448,0,16026,"경기도 의왕시 내손로 **, *층 *호 (내손동, 보우상가)",,,2026-04-26 22:00:48,,198112.489456313,431638.742481425
카라퀸펫샵,20130410,폐업,031-458-0079,,16059,"경기도 의왕시 전주남이*길 **, 모락산동문굿모닝힐 상가동 *층 (오전동)",경기도 의왕시 오전동 *** 모락산동문굿모닝힐,,2026-04-26 22:00:48,,197824.245287787,427736.911107768
히어로펫 안양점,20201021,폐업,,0,16039,"경기도 의왕시 계원대학로 **, 명성프라자 *층 ***호 (내손동)",경기도 의왕시 내손동 ***-* 명성프라자,,2026-04-26 22:00:48,,197665.628942507,430783.210364109
퍼피당강아지 일산본점,20220218,폐업,,0,10303,"경기도 고양시 일산동구 숲속마을*로 ***, ***호 (풍동)",경기도 고양시 일산동구 풍동 ****-* ***호,10309,2026-01-13 17:14:09,,182210.8307288,463463.968897847
MERRY HAM(메리햄),20220218,폐업,,0,10336,"경기도 고양시 일산동구 탄중로 ***-*, 삼성프라자 *층 ***호 (중산동)",경기도 고양시 일산동구 중산동 ****-* 삼성프라자 ***호,,2026-01-13 17:14:09,,180534.049799555,465746.220174258
프롬몽쥬,20220323,폐업,,0,10401,"경기도 고양시 일산동구 무궁화로 **-**, 일산프라자 *층 ***-*호 (장항동)",경기도 고양시 일산동구 장항동 *** 일산프라자 ***-*호,10397,2026-01-13 17:14:10,,179613.874174651,462228.382876693
도그데이,20220503,폐업,,0,10401,"경기도 고양시 일산동구 무궁화로 **-**, 라페스타E *층 ***호 (장항동)",경기도 고양시 일산동구 장항동 *** 라페스타E,10397,2026-01-13 17:14:10,,179444.375045271,462243.31266478
일산 강아지고양이 캣독,20220919,폐업,,0,10401,"경기도 고양시 일산동구 중앙로****번길 **-**, 라페스타A (장항동)",경기도 고양시 일산동구 장항동 *** 라페스타A동 ***호,10397,2026-01-13 17:14:10,,179580.33125846,462064.220892906
신세계 펫,20230303,폐업,,0,10412,경기도 고양시 일산동구 산두로 *-**(마두동),경기도 고양시 일산동구 마두동 ***-*,,2026-01-13 17:14:10,,181251.105276525,461972.618173972
위클리독 강아지고양이분양 일산점,20231123,폐업,,0,10252,"경기도 고양시 일산동구 은마길 ***, *층 일부호 (설문동)",경기도 고양시 일산동구 설문동 ***-** *층 일부,,2026-01-13 17:14:10,,182382.233377979,469340.18893952
몽냥몽냥 강아지분양 일산점,20210420,폐업,,0,10392,"경기도 고양시 일산서구 한류월드로 ***, 고양 원마운트 ****호 (대화동)",경기도 고양시 일산서구 대화동 **** 고양 원마운트,,2026-01-13 17:14:10,,178268.135568909,462480.734362689
햄보나,20210623,폐업,,0,10222,"경기도 고양시 일산서구 대화로 ***, 대화동 대성프라자 *층 ***-*호 (대화동)",경기도 고양시 일산서구 대화동 ***-* 대화동 대성프라자,10222,2026-01-13 17:14:10,,176560.850350317,463140.11637192
쥬박스,20220302,폐업,031-913-0649,0,10386,"경기도 고양시 일산서구 중앙로 ****, 주엽역 삼부르네상스 지하*층 B***~***, B***~***, B***~***호 (주엽동)",경기도 고양시 일산서구 주엽동 *** 주엽역 삼부르네상스 B***~호,,2026-01-13 17:14:11,,178921.755604618,462986.547889216
쥬박스 페르시안,20220303,폐업,031-913-0649,0,10386,"경기도 고양시 일산서구 중앙로 ****, 주엽역 삼부르네상스 B***호 (주엽동)",경기도 고양시 일산서구 주엽동 *** 주엽역 삼부르네상스 B***호,,2026-01-13 17:14:11,,178921.755604618,462986.547889216
쥬박스 메인쿤,20220303,폐업,031-913-0649,0,10386,"경기도 고양시 일산서구 중앙로 ****, 주엽역 삼부르네상스 B***호 (주엽동)",경기도 고양시 일산서구 주엽동 *** 주엽역 삼부르네상스 B***호,,2026-01-13 17:14:11,,178921.755604618,462986.547889216
점핑푸들,20220303,폐업,031-913-0649,0,10386,"경기도 고양시 일산서구 중앙로 ****, 주엽역 삼부르네상스 B***호 (주엽동)",경기도 고양시 일산서구 주엽동 *** 주엽역 삼부르네상스 B***호,,2026-01-13 17:14:11,,178921.755604618,462986.547889216
미어캣놀이터 러블리쥬,20181220,폐업,,0,14635,"경기도 부천시 원미구 부일로 ***, ***호 (심곡동)",경기도 부천시 원미구 심곡동 ***-*,,2026-01-13 17:18:35,,180528.221814898,442727.399188101
하안애견,20080415,폐업,,0,14305,경기도 광명시 범안로 **** (하안동),경기도 광명시 하안동 **-*,,2026-01-13 17:15:02,,189227.941710655,439968.165245988
(주)오케이독 광명지점,20150428,폐업,070-4150-0958,0,14318,"경기도 광명시 금하로 ***, *,*층 (소하동)",경기도 광명시 소하동 **-**,,2026-01-13 17:15:02,,190427.436871365,438825.875781161
안중동물병원,20120220,폐업,,0,17930,경기도 평택시 안중읍 안현로서*길 ***,경기도 평택시 안중읍 현화리 ***,,2026-01-13 17:27:05,,192437.282402072,386694.624227642
김기혁동물병원,20130708,폐업,031-618-8275,0,,,경기도 평택시 비전동 ***-*,,2026-01-13 17:27:05,,209500.284225936,387824.660415529
애견사랑,20100726,폐업,031-416-5556,0,,경기도 안산시 상록구 성호로 *** (부곡동),경기도 안산시 상록구 부곡동 ***-**,,2026-03-26 22:46:09,,187752.906063274,425823.548294427
(주)한라펫,20120814,폐업,02-2685-3485,0,,경기도 안산시 단원구 화랑로 *** (초지동),경기도 안산시 단원구 초지동 ***-*,,2026-03-26 22:46:09,,183897.629119608,424184.561226779
아롱펫샵,20170306,폐업,031-507-7818,0,15374,"경기도 안산시 단원구 원선로 **, ***호 (원곡동)",경기도 안산시 단원구 원곡동 ***-*,,2026-03-26 22:46:10,,182104.184038721,425353.254368855
애견마을,20090423,폐업,,,,,경기도 고양시 덕양구 화정동 *** 요진타워 ***호,,2026-01-13 17:14:05,,185166.687145694,459037.825613683
자유로동물병원,20120405,폐업,031-925-3567,,,경기도 고양시 일산서구 대화로 *** (대화동),경기도 고양시 일산서구 대화동 ****-* 자유로프라자 ***호 자유로동물병원,,2026-01-13 17:14:05,,176474.179870173,463060.185042319
SPW,20140711,폐업,,0,10446,경기도 고양시 일산동구 강송로**번길 *-** (백석동),,,2026-01-13 17:14:06,,181328.387118955,460504.457252667
꼬마펫,20110509,폐업,031-594-3666,0,12169,"경기도 남양주시 화도읍 먹갓로 **, ***호",경기도 남양주시 화도읍 묵현리 ***-* ***호,,2026-01-13 17:17:34,,224111.939528866,461794.860708843
아프리카 애견 훈련센터,20111212,폐업,031-565-1942,0,12242,경기도 남양주시 양정로 ** (일패동),경기도 남양주시 일패동 ***,,2026-01-13 17:17:34,,216472.518513698,457505.506491745
꼬마펫,20100331,폐업,,,12169,"경기도 남양주시 화도읍 먹갓로 **, ***호",경기도 남양주시 화도읍 묵현리 ***-* ***호,,2026-01-13 17:17:34,,224111.939528866,461794.860708843
프리미엄켄넬,20160412,폐업,,0,12200,경기도 남양주시 화도읍 재재기로***번길 **-*,,,2026-01-13 17:17:34,,,
라라도그카페,20171207,폐업,,0,12175,"경기도 남양주시 화도읍 마석중앙로**번길 **, *층 ***호",경기도 남양주시 화도읍 마석우리 ***-* 별나라타워 ***호,,2026-01-13 17:17:34,,226696.341188688,461668.392272895
저스트벳동물병원,20131022,폐업,031-378-1514,0,18143,"경기도 오산시 원동로 *, ***,***호 (원동, 파크스퀘어 )","경기도 오산시 원동 *** 파크스퀘어 ***,***호",,2026-01-13 17:24:03,,206118.273622077,404474.595570101
야옹아멍멍해봐,20161103,폐업,031-378-0031,0,18143,"경기도 오산시 원동로 * (원동, 파크스퀘어)",경기도 오산시 원동 ***,,2026-01-13 17:24:03,,206118.273622077,404474.595570101
씻기개 백운호수점,20210825,폐업,,0,16016,"경기도 의왕시 백운중앙로 ***, *층 (학의동)",경기도 의왕시 학의동 ****-*,16012,2026-04-26 22:00:48,,200828.868807747,430096.538527263
코코스퀘어,20210902,폐업,031-329-4012,0,16016,"경기도 의왕시 바라산로 *, 롯데프리미엄아울렛 타임빌라스 글라스빌 (학의동)",경기도 의왕시 학의동 **** 롯데프리미엄아울렛 타임빌라스,16012,2026-04-26 22:00:48,,200775.6096513,430435.021970577
쿨펫동물병원,20080602,폐업,,0,12927,"경기도 하남시 덕풍서로 **, *층 (덕풍동, 이마트하남점)",경기도 하남시 덕풍동 *** 이마트하남점 *층,,2026-03-26 22:46:33,,218076.91973786,450073.163619109
서울퍼피,20110531,폐업,,,,,경기도 하남시 신장동 ***-* *층,,2026-03-26 22:46:33,,218513.465377797,448692.709762126
쿨펫동물병원(장항점),20110213,폐업,031-908-1756,,,,경기도 고양시 일산동구 장항동 *** 홈플러스 지하 *층,10397,2026-01-13 17:14:05,,179536.212704008,461876.531597015
바우스토리 일산점,20110727,폐업,,,,,경기도 고양시 일산동구 백석동 **** *층,,2026-01-13 17:14:05,,181340.103007961,460616.319095709
튼튼동물병원,20110804,폐업,031-811-9975,,,,경기도 고양시 일산동구 백석동 **** 우람모모 오피스텔 *층 ***호,,2026-01-13 17:14:05,,181155.460369535,459965.050429279
씨즈퍼피 일산점,20110916,폐업,,,,,경기도 고양시 일산동구 장항동 ***-* 메트로폴리스 ***호,10397,2026-01-13 17:14:05,,179617.369579689,461673.375689469
애견마을,20111129,폐업,031-905-0907,0,10449,"경기도 고양시 일산동구 일산로 **, ***호 (백석동, 효성레제스오피스텔)",경기도 고양시 일산동구 백석동 ****-* ***호,,2026-01-13 17:14:05,,181125.868355452,459934.289842367
몽이냥이,20111129,폐업,031-938-2244,0,,,경기도 고양시 덕양구 행신동 ****-* 월드타원 ***호,,2026-01-13 17:14:05,,186217.186952474,457391.406341008
퍼피스타,20111201,폐업,031-911-6664,,,,경기도 고양시 일산서구 덕이동 ***-* 양우씨네플렉스 제*G-***호,10234,2026-01-13 17:14:05,,178517.447217018,465351.3125131
화정애견,20120412,폐업,031-962-0075,,,경기도 고양시 덕양구 은빛로**번길 ** (화정동),경기도 고양시 덕양구 화정동 ***-*,,2026-01-13 17:14:05,,185110.31,459754.585
이마트 일산점,20120824,폐업,031-950-1052,,,,경기도 고양시 일산동구 백석동 ****,,2026-01-13 17:14:05,,180731.148172095,460645.088503364
롯데마트 고양점 수족관(펫코리아7),20120824,폐업,,0,10495,"경기도 고양시 덕양구 충장로 ***, 롯데마트 고양점 (행신동)",경기도 고양시 덕양구 행신동 *** 롯데마트 고양점,,2026-01-13 17:14:05,,185469.285638831,458105.907013269
(주)에이플러스 일산점,20120829,폐업,,,,,경기도 고양시 일산동구 장항동 ***,10397,2026-01-13 17:14:06,,179536.212704008,461876.531597015
한강아쿠아 (롯데마트 주엽점),20120829,폐업,,0,10379,"경기도 고양시 일산서구 중앙로 ****, 롯데마트 (주엽동)",경기도 고양시 일산서구 주엽동 ** 롯데마트,,2026-01-13 17:14:06,,178348.883331191,463464.183725362
아쿠아플러스(주) 킨텍스점,20120829,폐업,,,,경기도 고양시 일산서구 호수로 *** (대화동),경기도 고양시 일산서구 대화동 ****,,2026-01-13 17:14:06,,178006.080301401,462865.812502378
쥬박스 프렌치,20220303,폐업,,0,10386,"경기도 고양시 일산서구 중앙로 ****, 주엽역 삼부르네상스 B***호 (주엽동)",경기도 고양시 일산서구 주엽동 *** 주엽역 삼부르네상스 B***호,,2026-01-13 17:14:11,,178921.755604618,462986.547889216
톰과 젤리,20220308,폐업,,0,10236,"경기도 고양시 일산서구 덕이로 **, ***호 (덕이동)",경기도 고양시 일산서구 덕이동 ***-* ***호,10234,2026-01-13 17:14:11,,178099.272763735,465400.964539669
THE QUEEN’S TALE,20180510,폐업,,0,10867,경기도 파주시 하늘채길 **-** (하지석동),경기도 파주시 하지석동 ***-**,10867,2026-01-13 17:26:35,,178107.511398744,472724.135115902
큐티켓,20180511,폐업,,0,10930,"경기도 파주시 중앙로 ***, *층 (금촌동)",경기도 파주시 금촌동 ***-**,,2026-01-13 17:26:35,,180305.545775277,473146.308950026
미엘동물병원,20180518,폐업,031-935-5009,0,10874,"경기도 파주시 청석로 ***, *층 (동패동)",경기도 파주시 동패동 ****-*,,2026-01-13 17:26:35,,175093.092934159,469277.590463923
마이펫월드,20180612,폐업,,0,10928,경기도 파주시 평화로 ** (금촌동),경기도 파주시 금촌동 ***-*,,2026-01-13 17:26:35,,179845.342247591,473114.029831126
PET DAY(펫데이),20181116,폐업,070-7543-8259,0,10892,"경기도 파주시 교하로 **, 신운정프라자* ***호 (목동동)",경기도 파주시 목동동 ***,,2026-01-13 17:26:35,,176413.412179713,469606.528831755
플레이독,20190627,폐업,,0,10878,경기도 파주시 순못길 ** (다율동),경기도 파주시 다율동 ***-*,,2026-01-13 17:26:35,,174858.457243714,469604.72101038
페리토 파주야당점,20190822,폐업,031-957-9995,0,10908,"경기도 파주시 경의로 ****, 삼융타워 *층 ***호 (야당동)",경기도 파주시 야당동 ****-*,,2026-01-13 17:26:35,,178774.774226264,468034.044403456
아담스펫강아지 &amp; 가필드고양이,20190903,폐업,,0,10900,"경기도 파주시 와석순환로***번길 *-**, *층 (목동동)",경기도 파주시 목동동 ****-*,,2026-01-13 17:26:35,,176891.19,468686.560000001
로뎀애견카페,20191223,폐업,031-953-7576,0,10820,"경기도 파주시 문산읍 방촌로 ****, *층",경기도 파주시 문산읍 문산리 ***-*,,2026-01-13 17:26:35,,180407.163470129,484247.169548502
골든라인 불리즈,20200416,폐업,,0,10882,"경기도 파주시 산남로***번길 **-*, *층 (산남동)",경기도 파주시 산남동 ***-*,,2026-01-13 17:26:35,,173502.769080485,466282.437023135
고고펫,20200420,폐업,,0,10883,"경기도 파주시 심학산로 **, *층 (서패동)",경기도 파주시 서패동 ***,,2026-01-13 17:26:35,,173366.213960005,468183.083155475
숑블리 펫하우스,20200630,폐업,,0,10900,"경기도 파주시 심학산로***번길 **-*, *층 ***호 (목동동)",경기도 파주시 목동동 ****-*,,2026-01-13 17:26:35,,176904.021081101,468524.543527407
펫데이,20210415,폐업,,0,10892,"경기도 파주시 교하로 **, 신운정프라자* *층 ***호 (목동동)",경기도 파주시 목동동 ***,,2026-01-13 17:26:35,,176413.412179713,469606.528831755
LOB KENNEL,20210602,폐업,,0,10952,경기도 파주시 광탄면 보광로 ***,경기도 파주시 광탄면 마장리 **-*,10952,2026-01-13 17:26:35,,190695.210200371,474326.641315202
워킹퍼피,20210827,폐업,,0,10927,"경기도 파주시 동산*길 **, **시편의점 *층 (금촌동)",경기도 파주시 금촌동 ***-* **시편의점,,2026-01-13 17:26:35,,179699.758253574,473224.319333401
아쿠아플러스(주) 시화점,20120830,폐업,032-426-3578,0,,경기도 시흥시 희망공원로 *** (정왕동),경기도 시흥시 정왕동 ****-*,15119,2026-03-10 21:36:02,,175571.408649221,427063.061719326
코코몽하우스,20140710,폐업,,0,15853,"경기도 군포시 고산로***번길 **, ***호 (당정동, 광개토프라자)",경기도 군포시 당정동 ***-* 광개토프라자 ***호,,2026-01-13 17:16:33,,196076.023665636,427123.13680243
(주)한라펫,20120829,폐업,,0,16923,경기도 용인시 기흥구 진산로 *** (보정동),경기도 용인시 기흥구 보정동 ***-* 롯데마트 *층,,2026-03-26 22:51:34,,208744.181347972,424312.39111545
해피애견타운 용인수지점,20140321,폐업,031-365-4545,0,16857,"경기도 용인시 수지구 수지로 **, ***호 (상현동)",경기도 용인시 수지구 상현동 ***-*,,2026-03-26 22:51:43,,206657.909660156,423113.578121466
금릉동물병원,20111122,폐업,031-948-3375,,,,경기도 파주시 금촌동 ***-* 프라임타워 ***호,,2026-01-13 17:26:34,,179349.516188193,472107.243860378
캣츠온탑,20130619,폐업,,0,10928,경기도 파주시 새꽃로 *** (금촌동),경기도 파주시 금촌동 ***-***,,2026-01-13 17:26:34,,179783.904664153,473504.69337339
Pet.Planet,20170403,폐업,,0,17421,경기도 이천시 장호원읍 서동대로****번길 **-**,경기도 이천시 장호원읍 장호원리 ***,,2026-05-11 22:06:36,,254657.220897796,401706.137935408
하이브리드독,20201007,폐업,,0,17370,경기도 이천시 중리천로 ** (창전동),경기도 이천시 창전동 ***-*,,2026-05-11 22:06:37,,239667.673162048,419671.368493251
메디엘 펫샵,20170511,폐업,031-985-7075,0,10071,"경기도 김포시 김포한강*로 *** (구래동, 한강메디플라자)",,,2026-01-13 17:17:04,,166936.831918612,460452.342591637
퍼피월드,20220121,폐업,,0,10125,경기도 김포시 고촌읍 장차로 **,경기도 김포시 고촌읍 신곡리 ***-*,10130,2026-01-13 17:17:05,,179708.017662443,455767.089170851
(주)그린프레밀리,20120829,폐업,031-946-3805,0,,경기도 고양시 일산서구 경의로 *** (대화동),경기도 고양시 일산서구 덕이동 ***,10234,2026-01-13 17:14:06,,178789.757869856,465153.656242302
(주)가성아쿠아홈펫,20120917,폐업,02-832-4429,0,,경기도 고양시 일산동구 중앙로 **** (마두동),경기도 고양시 일산동구 마두동 ***-*,,2026-01-13 17:14:06,,180232.752598414,461372.68276209
원더와와,20121127,폐업,,0,,경기도 고양시 일산동구 공릉천로***번길 **-** (사리현동),경기도 고양시 일산동구 사리현동 ***-**,,2026-01-13 17:14:06,,186078.6129537,466903.059408816
긔요미펫,20130523,폐업,031-977-4943,0,10333,경기도 고양시 일산동구 중산로 *** (중산동),경기도 고양시 일산동구 중산동 ****-* 그린코아 *층 ***호,,2026-01-13 17:14:06,,180576.644681946,465568.74568733
사랑해줄개,20130916,폐업,031-901-2105,0,,,경기도 고양시 일산동구 백석동 **** 브라운스톤오피스텔상가 ***호,,2026-01-13 17:14:06,,181199.730502486,459483.063667204
위즈펫 동물병원,20131116,폐업,031-916-7582,0,,,경기도 고양시 일산서구 주엽동 **,,2026-01-13 17:14:06,,178348.883331191,463464.183725362
꽃개하우스,20140103,폐업,070-4192-8114,0,,,경기도 고양시 일산동구 장항동 *** 라페스타 E동 ***호,10397,2026-01-13 17:14:06,,179444.375045271,462243.31266478
쁘리펫,20140227,폐업,031-924-2008,0,10369,경기도 고양시 일산서구 일산로***번길 **-* (대화동),,,2026-01-13 17:14:06,,178680.601447681,464512.960621885
(주)더존다스,20120308,폐업,02-6233-5058,0,,경기도 하남시 검단산로 *** (창우동),경기도 하남시 창우동 ***-*,,2026-03-26 22:46:33,,220505.738175189,448501.778102488
퍼피하우스,20131114,폐업,,0,12970,경기도 하남시 신장로 *** (덕풍동),경기도 하남시 덕풍동 ***-*,,2026-03-26 22:46:33,,217710.254069922,448702.441410437
개팔자 상팔자,20140304,폐업,,0,12958,경기도 하남시 하남대로***번길 ** (신장동),경기도 하남시 신장동 ***-***,,2026-03-26 22:46:33,,218222.706526805,448502.016388903
HOT DOG,20160811,폐업,,0,12978,경기도 하남시 역말로 ** (덕풍동),경기도 하남시 덕풍동,,2026-03-26 22:46:33,,217898.176791557,448398.61009268
오픈주 하남스타필드점,20160829,폐업,031-8069-4150,0,12942,"경기도 하남시 미사대로 ***, G***호 (신장동, 스타필드하남)",경기도 하남시 신장동 ***,,2026-03-26 22:46:33,,219699.010520355,449270.371200837
미사마이펫,20170125,폐업,031-795-7590,0,12903,"경기도 하남시 미사강변한강로***번길 **, *층 ***호 (망월동)",경기도 하남시 망월동 ***-**,,2026-03-26 22:46:33,,216676.699181135,452561.776563502
미스터앤미세스멍 하남점,20171127,폐업,,0,12903,경기도 하남시 미사강변한강로***번길 ** (망월동),경기도 하남시 망월동 ***-**,,2026-03-26 22:46:33,,216717.035426186,452555.324115425
아담스펫 강아지 하남점,20191120,폐업,,0,13012,"경기도 하남시 위례대로 ***, 위례 효성해링턴 타워 ***호 (학암동)",경기도 하남시 학암동 *** 위례 효성해링턴 타워,,2026-03-26 22:46:33,,213058.482635591,441828.263808067
꽃강아지,20190125,폐업,,0,12962,"경기도 하남시 신장로**번길 *, *층 (천현동)",경기도 하남시 천현동 ***-**,,2026-03-26 22:46:33,,218697.618341048,448138.846323757
준아애견,20220719,폐업,,0,10838,"경기도 파주시 파주읍 새봉암길 ***, 위즈건설 *층",경기도 파주시 파주읍 봉암리 ***-* 위즈건설,,2026-01-13 17:26:35,,181806.83607335,481160.049772539
동물보육원 파주광탄지부,20220825,폐업,,0,10948,"경기도 파주시 광탄면 혜음로 ****, *층",경기도 파주시 광탄면 신산리 ***-*,,2026-01-13 17:26:35,,186466.65714656,475520.575127867
가정애견,20230110,폐업,,0,10809,경기도 파주시 파평면 배머리길 ***,경기도 파주시 파평면 마산리 ***-*,10809,2026-01-13 17:26:35,,186953.044246723,486876.967358441
오드리 펫,20230126,폐업,,0,10900,경기도 파주시 와석순환로***번길 *-*(목동동),경기도 파주시 목동동 ****-*,,2026-01-13 17:26:35,,176767.438400753,468641.533485981
햄스테라,20230612,폐업,,0,10892,"경기도 파주시 청암로**번길 **, 뚱갈프라자 ***호 (목동동)",경기도 파주시 목동동 *** 뚱갈프라자,,2026-01-13 17:26:35,,176653.040765736,469647.115697032
(주)팜스코 애견사랑방,20120104,폐업,031-819-3743,,,"경기도 이천시 부발읍 신아로 **, *동",경기도 이천시 부발읍 아미리 ***-**** *동,,2026-05-11 22:06:34,,243266.516445693,417484.592072027
멋내는 애견,20121211,폐업,031-637-4020,0,,경기도 이천시 서희로 ** (중리동),경기도 이천시 창전동 ***-**,,2026-05-11 22:06:34,,,
몽몽하우스 강아지분양 일산점,20220322,폐업,,0,10219,"경기도 고양시 일산서구 송포로 **, 대륙종합상가 ***호 (대화동)",경기도 고양시 일산서구 대화동 ****-* 대륙종합상가 ***호,,2026-01-13 17:14:11,,176315.238339257,463055.262580882
"쥬박스 애견, 애묘",20220509,폐업,031-913-0649,0,10386,"경기도 고양시 일산서구 중앙로 ****, 주엽역 삼부르네상스 지하*층 B***~***(*개 호실 제외)호 (주엽동)",경기도 고양시 일산서구 주엽동 *** 주엽역 삼부르네상스,,2026-01-13 17:14:11,,178921.755604618,462986.547889216
과천농원,20081014,폐업,,0,,,경기도 과천시 갈현동 ***-*,13840,2026-03-26 22:03:45,,198120.366314782,434369.576798585
성덕애견,20081014,폐업,,,,,경기도 과천시 갈현동 **-*,13840,2026-03-26 22:03:45,,198709.829221636,434373.529689622
(주)가성 아쿠아 홈넷,20120906,폐업,02-502-4429,,,,경기도 과천시 별양동 *-** 뉴코아아울렛,,2026-03-26 22:03:45,,199209.021144538,436019.965418918
럭셔리하 개,20160229,폐업,02-3679-1505,0,13835,"경기도 과천시 별양로 ** (원문동, 래미안 슈르 아파트상가 A동 ****호)",,,2026-03-26 22:03:45,,199247.7714676,435394.603870331
애니케어동물병원 동물판매업,20121112,폐업,031-567-7589,,,경기도 구리시 벌말로 *** (수택동),경기도 구리시 토평동 ***-*,,2026-01-13 17:16:02,,212998.386114236,453738.950127028
HAPPY TREE(해피트리),20130201,폐업,031-514-5757,0,11937,"경기도 구리시 이문안로 **, *층 *호 (교문동, 한성아파트)",경기도 구리시 교문동 ***-* 한성아파트,,2026-01-13 17:16:02,,212014.940986074,454582.416314153
언니네애견미용실,20130502,폐업,031-516-1602,0,11938,경기도 구리시 장자대로**번길 ** (교문동),경기도 구리시 교문동 ***-*,,2026-01-13 17:16:02,,211579.965206829,454023.164805121
멍하개,20191218,폐업,,0,11935,"경기도 구리시 안골로**번길 **, ***호 (교문동)",경기도 구리시 교문동 ***-* 순복음은혜교회,,2026-01-13 17:16:03,,211770.736798793,454685.367777461
이쁘개,20200131,폐업,,0,11931,"경기도 구리시 검배로**번길 **-*, *층 (수택동)",경기도 구리시 수택동 ***-*,,2026-01-13 17:16:03,,212917.482462257,454922.682963563
댕댕그루밍,20200908,폐업,,0,11941,경기도 구리시 이문안로**번길 **-* (수택동),경기도 구리시 수택동 ***-**,,2026-01-13 17:16:03,,212530.905295278,454467.765077798
꽃강아지 구리점,20200911,폐업,,0,11938,"경기도 구리시 장자대로 *, *층 (교문동)",경기도 구리시 교문동 ***-*,,2026-01-13 17:16:03,,211517.170478569,453959.003852763
드림바이오,20210209,폐업,,0,11906,"경기도 구리시 동구릉로***번길 **, 제조업소 (사노동)",경기도 구리시 사노동 ***-** 제조업소,,2026-01-13 17:16:03,,212416.512659544,459489.461902234
웰니스 동물병원,20210929,폐업,031-565-5275,0,11915,"경기도 구리시 동구릉로***번길 **, 엘마트 구리점 *층 (인창동)",경기도 구리시 인창동 *** 구리유통종합상가,,2026-01-13 17:16:03,,212367.118425352,456712.576784184
smile pups,20220919,폐업,,0,11941,"경기도 구리시 이문안로***번길 **, *층 (수택동)",경기도 구리시 수택동 ***-**,,2026-01-13 17:16:03,,212809.737753346,454530.147241272
구리강아지분양 애견미용 에르펫츠 구리점,20240312,폐업,,0,11941,"경기도 구리시 이문안로***번길 **, *층 (수택동)",경기도 구리시 수택동 ***-** *층,,2026-01-13 17:16:03,,212809.737753346,454530.147241272
신월 애견농장,20100909,폐업,,,,경기도 남양주시 진건읍 사릉로***번길 **,경기도 남양주시 진건읍 신월리 **,,2026-01-13 17:17:34,,214628.448602122,462424.212123239
제니애견,20110811,폐업,,,,경기도 남양주시 진건읍 진관로***번길 **,경기도 남양주시 진건읍 배양리 ***-*,,2026-01-13 17:17:34,,,
애견마을,20120620,폐업,,0,,경기도 남양주시 오남읍 진건오남로 ***,경기도 남양주시 오남읍 오남리 ***-*,,2026-01-13 17:17:34,,218592.254080943,464998.743693285
엔피디,20121129,폐업,031-577-4189,0,,경기도 남양주시 와부읍 경강로***번길 *,경기도 남양주시 와부읍 팔당리 ***,,2026-01-13 17:17:34,,220833.219814198,450437.788088855
지니독,20130128,폐업,,0,12205,"경기도 남양주시 와부읍 수레로*번길 **, *층 ***호",경기도 남양주시 와부읍 덕소리 *** ***호,,2026-01-13 17:17:34,,218735.053083272,453965.080625337
사랑동물병원,20130419,폐업,031-848-8575,0,12084,경기도 남양주시 별내면 청학로**번길 **,,,2026-01-13 17:17:34,,210453.866965467,467351.751617154
마트애견전문미용샵,20080318,폐업,031-577-7606,0,12211,경기도 남양주시 와부읍 월문천로 **,경기도 남양주시 와부읍 덕소리 ***-*,,2026-01-13 17:17:34,,218882.001813215,453620.325834171
한스켄넬,20131112,폐업,031-573-9354,0,,경기도 남양주시 진건읍 양진로 ***,경기도 남양주시 진건읍 진관리 **-**,,2026-01-13 17:17:34,,215132.018418268,461334.801550902
반함(VANHAM),20191206,폐업,,0,12923,"경기도 하남시 미사강변한강로***번길 **, ***호 (망월동)",경기도 하남시 망월동 **** ***호,,2026-03-26 22:46:34,,217646.10082831,450802.305347251
홀리몰리,20200514,폐업,,0,12908,경기도 하남시 미사강변북로**번길 ** (망월동),경기도 하남시 망월동 ****-**,,2026-03-26 22:46:34,,216043.124459359,451937.712244153
강아지한테반했냥 강아지고양이 미사점,20200902,폐업,,0,12913,"경기도 하남시 미사강변중앙로 ***, 하남미사 롯데캐슬 스타 ***호 (망월동)",경기도 하남시 망월동 **** 하남미사 롯데캐슬 스타 ***호,,2026-03-26 22:46:34,,216761.941800542,451297.294003452
하남강아지분양 고양이분양 댕꼬미본점,20200918,폐업,,0,12913,"경기도 하남시 미사강변중앙로 ***, 하남미사 롯데캐슬 스타 *층 ***호 (망월동)",경기도 하남시 망월동 **** 하남미사 롯데캐슬 스타 ***호,,2026-03-26 22:46:34,,216761.941800542,451297.294003452
도그핑크,20210618,폐업,031-792-1315,0,12919,"경기도 하남시 미사강변대로**번길 **, *층 (풍산동)",경기도 하남시 풍산동 ***-*,,2026-03-26 22:46:34,,216666.785738183,450484.129995165
비비아나,20211119,폐업,,0,12990,"경기도 하남시 서하남로 ***, ***호 (감일동)",경기도 하남시 감일동 ***-** ***호,,2026-03-26 22:46:34,,214085.867387402,445840.381305775
기블리돌,20220325,폐업,,0,13027,경기도 하남시 산곡북로 **-*(하산곡동),경기도 하남시 하산곡동 ***-*,,2026-03-26 22:46:34,,220223.96221061,444473.167006588
하이엔드독 강아지고양이 미사2호점,20220404,폐업,,0,12913,"경기도 하남시 미사강변동로 **, 힐스테이트 미사역 그랑파사쥬(**-*BL) ****호 (망월동)",경기도 하남시 망월동 **** 힐스테이트 미사역 그랑파사쥬(**-*BL) ****호,,2026-03-26 22:46:34,,216873.670459282,451296.310681802
해피애견타운,20171027,폐업,031-365-4545,0,16857,"경기도 용인시 수지구 수지로 **, *층 (상현동)",경기도 용인시 수지구 상현동 ***-* 힐프라자,,2026-03-26 22:51:43,,206657.909660156,423113.578121466
퍼피부,20180307,폐업,031-266-8125,0,16869,"경기도 용인시 수지구 용구대로 ****-*, ***, ***호 (죽전동)",경기도 용인시 수지구 죽전동 ****-** ***호,,2026-03-26 22:51:43,,209481.444726873,425175.535341463
위드도기 광교점,20190617,폐업,,0,16943,"경기도 용인시 수지구 광교중앙로 ***, ***호 (상현동)",경기도 용인시 수지구 상현동 ****-*,,2026-03-26 22:51:43,,206100.323819545,421679.062727974
빅토리아펫 강아지고양이 용인점,20200706,폐업,,0,16942,"경기도 용인시 수지구 광교마을로 **, 위너스타워 *층 ***, ***호 (상현동)","경기도 용인시 수지구 상현동 **** 위너스타워 *층 ***, ***호",,2026-03-26 22:51:43,,206483.769695781,421765.128601503
베이비룸(Babyroom),20181215,폐업,,0,10377,경기도 고양시 일산서구 일산로***번길 *-** (대화동),경기도 고양시 일산서구 대화동 ****-*,,2026-01-13 17:14:06,,177938.205336206,463839.256788862
왈왈펫카페,20190103,폐업,070-4603-2673,0,10323,"경기도 고양시 일산동구 위시티*로**번길 **-*, 센트럴프라자 *층 (식사동)",경기도 고양시 일산동구 식사동 ****,10324,2026-01-13 17:14:06,,183378.691800766,463859.021764009
위드멀티펫샵,20190305,폐업,,0,10392,"경기도 고양시 일산서구 한류월드로 ***, 원마운트 ****호 (대화동)",경기도 고양시 일산서구 대화동 **** 원마운트,,2026-01-13 17:14:06,,178268.135568909,462480.734362689
에이스펫,20140227,폐업,031-912-7615,0,10238,경기도 고양시 일산서구 경의로 *** (덕이동),,,2026-01-13 17:14:06,,178779.35279672,465397.636442609
쿨펫동물병원 병점점,20080222,폐업,,,,"경기도 화성시 병점구 경기대로 *** (병점동,홈에버 *층)",경기도 화성시 병점구 병점동  ***-* 홈에버 *층,,2026-02-01 10:34:17,,203188.196856075,411313.309756104
코리아유통,20080311,폐업,,,,경기도 화성시 효행구 정남면 괘랑*길**번길 *-**,경기도 화성시 효행구 정남면 괘랑리 ***,,2026-02-01 10:34:17,,199492.83527147,409419.238071517
데비아스,20080609,폐업,,0,,경기도 화성시 효행구 봉담읍 분천길***번길 **,경기도 화성시 효행구 봉담읍 분천리 ***-*,,2026-02-01 10:34:17,,195807.422320404,411393.762660166
누구개,20180525,폐업,031-878-6319,0,11773,"경기도 의정부시 부용로***번길 **, *층 (신곡동)",경기도 의정부시 신곡동 ***-**,,2026-04-10 03:03:03,,206849.996231295,471895.032226722
나리켄넬,20080609,폐업,,0,,경기도 화성시 만세구 송산면 중송길 **,경기도 화성시 만세구 송산면 중송리 ***,,2026-02-01 10:34:17,,173490.249435463,412906.955786839
별애견,20080609,폐업,031-357-0380,0,18278,경기도 화성시 만세구 남양읍 홍난파길**번길 **-*,경기도 화성시 만세구 남양읍 활초리 **,,2026-02-01 10:34:17,,185662.055661002,409302.41206732
화성동물약품,20080623,폐업,,,,경기도 화성시 병점구 효행로 *** (진안동),경기도 화성시 병점구 진안동  ***-*,,2026-02-01 10:34:17,,203164.820809131,412147.458999303
대견농장,20080623,폐업,,0,,경기도 화성시 만세구 홍난파길**번길 **-* (활초동),경기도 화성시 만세구 남양읍 활초리 **-*,,2026-02-01 10:34:17,,185690.588911687,409315.334585699
화이트 독,20191021,폐업,,0,16274,"경기도 수원시 장안구 장안로 **, *층 (영화동)",경기도 수원시 장안구 영화동 ***-**,,2026-05-07 03:03:03,,200412.997105217,420627.377444161
분당 요미독앤캣 강아지분양 고양이분양,20161027,폐업,,0,13610,경기도 성남시 분당구 느티로**번길 *-* (정자동),경기도 성남시 분당구 정자동 **-**,,2026-03-28 03:03:03,,209846.420602579,429674.20750929
닥터펫,20190627,폐업,,0,11416,"경기도 양주시 광적면 부흥로 ***, 좌측두번째호",경기도 양주시 광적면 가납리 ***-*,,2026-04-28 22:00:57,,199313.250319876,478703.218972172
힐링캐터리,20180917,폐업,,0,11181,경기도 포천시 소흘읍 죽엽산로 ***-*,경기도 포천시 소흘읍 이가팔리 ***,,2026-03-10 21:34:45,,214031.946198435,479274.720807582
화성애견하우스,20081030,폐업,,0,,,경기도 화성시 효행구 봉담읍 수영리 ***-*,,2026-02-01 10:34:17,,195353.260532303,415607.792117597
마루동물병원,20081104,폐업,,,,"경기도 화성시 동탄구 동탄반석로 ***, ***호 (반송동)",경기도 화성시 동탄구 반송동  **-* ***호,,2026-02-01 10:34:17,,206429.727035268,411708.586110081
삼화농장,20081118,폐업,031-355-2708,0,,경기도 화성시 만세구 마도면 금당북길 ***-**,경기도 화성시 만세구 마도면 백곡리 **-*,18544,2026-02-01 10:34:17,,176149.590911179,410181.2201235
에덴축산,20090309,폐업,,,,경기도 화성시 효행구 매송면 송숙로 **,경기도 화성시 효행구 매송면 송라리 ***-*,,2026-02-01 10:34:17,,190379.229474053,418773.780570283
몽이마을,20110307,폐업,,0,18321,경기도 화성시 효행구 봉담읍 와우안길 **,경기도 화성시 효행구 봉담읍 와우리 ***-*,,2026-02-01 10:34:17,,197666.564559919,412858.80921995
개발바닥,20110418,폐업,,0,,"경기도 화성시 병점구 효행로****번길 **, ***호 (진안동)",경기도 화성시 병점구 진안동  ***-** ***호,,2026-02-01 10:34:17,,203451.593893718,412597.441803947
플레이독,20110818,폐업,,,,"경기도 화성시 동탄구 남여울*길 **-*, ***호 (능동)",경기도 화성시 동탄구 능동 ****-* ***호,,2026-02-12 21:32:50,,204668.178867518,410720.910255164
캐츠독,20110818,폐업,,0,,"경기도 화성시 만세구 향남읍 행정동로 **, ***호 (도이프라자)",경기도 화성시 만세구 향남읍 행정리 ***-* 도이프라자 ***호,,2026-02-01 10:34:17,,193445.395336993,403439.0039767
매리해피,20110926,폐업,,0,18379,"경기도 화성시 병점구 영통로 **-* (반월동, 신영통상가)",경기도 화성시 병점구 반월동  **,,2026-02-01 10:34:17,,205441.389672423,414888.997346807
쿨펫동물병원(동탄점),20111125,폐업,031-613-0237,,,"경기도 화성시 동탄구 동탄중앙로 *** (석우동, 이마트*층)",경기도 화성시 동탄구 석우동  ** 이마트*층,,2026-02-01 10:34:17,,207005.769592372,412503.434111401
누리동물병원,20120312,폐업,031-8003-7588,0,,"경기도 화성시 동탄구 동탄솔빛로 ** ***호 (반송동, 가희프라자*)",경기도 화성시 동탄구 반송동  ***-* 가희프라자* ***호,,2026-02-12 21:32:50,,206559.943305761,410262.97929974
센트럴 작은동물원,20120426,폐업,80155011,0,,경기도 화성시 동탄구 동탄공원로*길 **-* (반송동),경기도 화성시 동탄구 반송동  **-* *층,,2026-02-01 10:34:17,,205422.945109398,411634.52095426
로얄수족관(이마트 동탄점),20120813,폐업,031-647-1234,0,,경기도 화성시 동탄구 동탄중앙로 *** (석우동),경기도 화성시 동탄구 석우동  **,,2026-02-01 10:34:17,,207005.769592372,412503.434111401
강남동물병원,20121023,폐업,031-354-7844,,,경기도 화성시 만세구 향남읍 행정죽전로*길 ** ***호,경기도 화성시 만세구 향남읍 행정리 ***-* ***호,,2026-02-01 10:34:17,,192892.207298792,402662.724139664
와우리강아지,20130906,폐업,031-221-4740,0,,,경기도 화성시 효행구 기안동  ***-* 남수원시티프라자 ***호,,2026-02-01 10:34:17,,197477.250805128,413796.17534958
퍼피댕 강아지분양 안심분양소 광명점 말티푸 미니비숑 토이푸들,20201112,폐업,,0,14351,"경기도 광명시 양달로**번길 *-**, *동 ***호 (일직동)",경기도 광명시 일직동 ***-* *동 ***호,,2026-03-31 03:03:03,,189424.118121724,434668.705402587
멍멍이와 야옹이 분양 평택점,20201029,폐업,,0,17851,경기도 평택시 비전*길 **(비전동),경기도 평택시 비전동 ***-*,,2026-04-18 03:03:03,,209044.616468142,389259.804080843
애견클럽,20080716,폐업,,,,경기도 화성시 병점구 경기대로 **** (진안동),경기도 화성시 병점구 진안동  ***-*,,2026-02-01 10:34:17,,202878.553586121,411976.922513785
나나캣(nanacat),20231211,폐업,,0,16889,"경기도 용인시 수지구 죽전로 ***, 보람프라자 *층 ***-*호 (죽전동)",경기도 용인시 수지구 죽전동 ****-* 보람프라자 ***-*호,,2026-03-26 22:51:44,,210912.298397326,424655.485528575
댕댕이 커트방,20190919,폐업,,0,12066,경기도 남양주시 진접읍 해밀예당*로 **-**,경기도 남양주시 진접읍 금곡리 ****-*,,2026-04-01 03:03:03,,216545.111267521,467771.437598811
로던트 클럽,20221102,폐업,,0,12105,"경기도 남양주시 두물로**번길 **-**, *층 *호 (별내동)",경기도 남양주시 별내동 ***,,2026-03-17 21:02:49,,211074.40439758,461571.997134918
애니멀리움,20240718,폐업,,0,12133,"경기도 남양주시 진건읍 사릉로 ***, *층",경기도 남양주시 진건읍 용정리 ***-*,,2026-04-28 03:03:03,,215393.290698077,461795.67403254
퍼피앤유 김포점,20170809,폐업,,0,10090,"경기도 김포시 김포한강*로**번길 **, ***호 (장기동, 라베니체마치에비뉴Ⅰ)",경기도 김포시 장기동 ****-*,,2026-02-06 21:02:50,,171561.306849404,460014.91165606
워킹독,20190103,폐업,,0,10075,경기도 김포시 걸포로***번길 ** (운양동),경기도 김포시 운양동 *-**,,2026-01-20 21:02:50,,173724.765297923,460850.548254502
화이트루나,20240405,폐업,,0,10299,"경기도 고양시 일산동구 고양대로****번길 **, ***호 (식사동)",경기도 고양시 일산동구 식사동 ***-* ***호,10324,2026-02-11 21:02:50,,183665.045941648,462614.974534655
캣초딩 김포구래점,20220322,폐업,,0,10071,"경기도 김포시 김포한강**로***번길 ***, 더럭스나인 C동 ***호 (구래동)",경기도 김포시 구래동 ****-**,,2026-02-07 21:02:50,,166337.328898857,460363.044601249
댕댕이 운동장,20120927,폐업,,0,17419,경기도 이천시 장호원읍 샘재로 *,경기도 이천시 장호원읍 장호원리 ***-*,,2026-05-11 22:06:34,,254660.876479981,402736.714056118
아이비 동물병원,20240627,폐업,031-986-7588,0,10067,"경기도 김포시 김포한강*로**번길 ***-***, *층 (마산동)",경기도 김포시 마산동 ***-*,,2026-01-31 21:02:50,,168195.289728685,460175.920964847
고양이전문점 허니캣,20210312,폐업,,0,14617,"경기도 부천시 원미구 부일로 ***, *층 (심곡동)",경기도 부천시 원미구 심곡동 ***-**,,2026-03-07 21:02:51,,180090.405982887,442800.086714567
하나펫,20081030,폐업,,,,,경기도 화성시 효행구 봉담읍 동화리 봉담택지지구 A-*블럭 ***호,,2026-02-01 10:34:17,,,
딥잉 산본점,20250415,폐업,,0,15862,"경기도 군포시 번영로 ***, 산본역사상가 ***호 (금정동)",경기도 군포시 금정동 ***-* 산본역사상가,,2026-01-16 21:02:50,,194031.265459022,428398.019922306
아쿠아플러스(주)하남점,20120823,폐업,,0,,"경기도 하남시 하남대로 *** 지하*층 (신장동, 하남두산위브파크)",경기도 하남시 신장동 *** 하남두산위브파크 지하*층,,2026-03-26 22:46:33,,218722.326285059,448437.965903226
펫바버샾,20180503,폐업,,0,13646,"경기도 성남시 수정구 위례광장로 ** (창곡동, 위례역 푸르지오 *단지)",경기도 성남시 수정구 창곡동 *** 위례역 푸르지오 *단지,,2026-01-13 17:19:06,,212406.223209572,440504.990406578
다올애견샵,20181126,폐업,,0,13126,"경기도 성남시 수정구 수정로***번길 **-*, *층 (산성동)",경기도 성남시 수정구 산성동 ****,,2026-01-13 17:19:06,,213355.590397845,439116.214355446
나비캣,20190304,폐업,,0,13578,"경기도 성남시 분당구 서현로***번길 *, *층 (서현동)",경기도 성남시 분당구 서현동 ***-**,,2026-01-13 17:19:06,,212421.133776397,430436.326357413
퍼피랩,20190905,폐업,031-711-6014,0,13556,"경기도 성남시 분당구 정자일로***번길 **, *층 (정자동, 성원상떼뷰리젠시)",경기도 성남시 분당구 정자동 **-* 성원상떼뷰리젠시,,2026-01-13 17:19:06,,209283.65416163,429748.076277616
몰리스펫샵 수원트레이더스점,20140811,폐업,031-8005-1234,0,16682,"경기도 수원시 영통구 삼성로 *, *층 (신동)",경기도 수원시 영통구 신동 ***,,2026-01-13 17:19:36,,204246.15796254,416018.208911536
퍼피데일리,20141210,폐업,,0,16506,"경기도 수원시 영통구 센트럴파크로***번길 **, ***호,***호 (이의동)",경기도 수원시 영통구 이의동 ****,16508,2026-01-13 17:19:36,,204864.420551807,421480.410277907
베이비몽,20150420,폐업,,0,16703,"경기도 수원시 영통구 봉영로 ****, NEW WORLD PLAZA ***호 (영통동)",경기도 수원시 영통구 영통동 ***-* NEW WORLD PLAZA ***호,,2026-01-13 17:19:36,,206229.445925109,416684.389208216
필독(FEEL DOG),20150807,폐업,031-223-8988,0,16551,경기도 수원시 권선구 세권로 *** (권선동),경기도 수원시 권선구 권선동 ****-** ***호,,2026-01-13 17:19:36,,203298.689415897,416683.487783822
로또펫,20200911,폐업,031-747-0339,0,13176,"경기도 성남시 중원구 금빛로**번길 **, *층 (금광동)",경기도 성남시 중원구 금광동 ****,,2026-01-13 17:19:06,,214478.976417085,438298.863969237
아지네,20160804,폐업,,0,14746,경기도 부천시 소사구 성주로 *** (송내동),,,2026-01-13 17:18:35,,179695.869487142,441929.504484818
떠블유 펫도그(W-PET DOG) 애견카페,20160909,폐업,032-321-2888,0,14630,"경기도 부천시 원미구 부흥로 ***, *층 (심곡동)",경기도 부천시 원미구 심곡동 ***-* *층,,2026-01-13 17:18:35,,180810.907758466,443190.686470303
스타일독앤캣 강아지고양이 부천본점,20170609,폐업,032-321-3340,0,14544,"경기도 부천시 원미구 소향로**번길 **-** (상동, 대맥프라자)",경기도 부천시 원미구 상동 ***-*,,2026-01-13 17:18:35,,177820.724608891,444676.998031042
퍼피대디,20110330,폐업,,0,,,경기도 부천시 원미구 상동 ***-* 메가플러스 ***호,,2026-01-13 17:18:35,,178156.560320666,444798.495006961
돌봄동물병원,20160512,폐업,031-217-7570,0,16498,"경기도 수원시 팔달구 중부대로 ***, *층 (우만동)",경기도 수원시 팔달구 우만동 **-* *층,,2026-01-13 17:19:36,,203793.831007462,419248.757353931
애완동산,20161018,폐업,,0,16373,경기도 수원시 권선구 서수원로 *** (당수동),경기도 수원시 권선구 당수동 ***-*,16379,2026-01-13 17:19:37,,195277.693625537,420483.127689893
우리애견센터,20080711,폐업,,,,,경기도 평택시 지산동 ***,,2026-01-13 17:27:05,,,
주주클럽,20080718,폐업,,,,,경기도 평택시 지산동 ***-**,,2026-01-13 17:27:05,,,
애견하우스,20090922,폐업,,,,경기도 평택시 안중읍 안중로***번길 **,경기도 평택시 안중읍 안중리 ***-**,,2026-01-13 17:27:05,,193554.256241248,387274.755939563
저스트독,20180319,폐업,,0,14542,"경기도 부천시 원미구 길주로 ***, 대신스카이빌 ***호 (상동)",경기도 부천시 원미구 상동 ***-* 대신스카이빌,,2026-01-13 17:18:35,,178431.895435095,444903.33287479
고양이 살롱,20201019,폐업,,0,13162,"경기도 성남시 중원구 자혜로**번길 **, *층 ***호 (은행동, 현대아파트)",경기도 성남시 중원구 은행동 ****-* 현대아파트,,2026-01-13 17:19:06,,214392.541407974,438875.85178913
한 펫 소동물 전문점,20220831,폐업,,0,13406,"경기도 성남시 중원구 마지로 ***, *층 (하대원동)",경기도 성남시 중원구 하대원동 ***-* *층,,2026-01-13 17:19:06,,212829.786200421,436164.203838168
아워 베스트 프렌드,20221103,폐업,,0,13647,"경기도 성남시 수정구 위례서일로*길 **, *층 ***호 (창곡동)",경기도 성남시 수정구 창곡동 ***,,2026-01-13 17:19:06,,212141.623272928,440562.687891329
마이멍,20220406,폐업,,0,12097,"경기도 남양주시 덕송*로**번길 *, *층 *호 (별내동)",경기도 남양주시 별내동 ***-*,,2026-03-31 03:03:03,,210018.8,462621.35
닥터독앤켓,20240423,폐업,,0,12925,"경기도 하남시 미사대로 ***, 현대지식산업센터 한강미사 ***호 (덕풍동)",경기도 하남시 덕풍동 ***-* 현대지식산업센터 한강미사 ***호,,2026-05-05 03:03:03,,218170.620888902,450511.953281232
아쿠아플러스(주) 진접점,20120821,폐업,031-570-8000,0,12008,"경기도 남양주시 진접읍 금강로 ****, 홈플러스",경기도 남양주시 진접읍 장현리 ***-* 홈플러스,,2026-01-30 21:02:49,,216587.285919176,468805.572134094
하이펍 강아지고양이 김포본점,20220919,폐업,,0,10064,경기도 김포시 김포한강*로***번길 **(장기동),경기도 김포시 장기동 ****-*,,2026-02-03 21:02:50,,170025.887852891,461032.780548009
댕댕냥냥,20221027,폐업,,0,14637,"경기도 부천시 원미구 부천로*번길 **, *층 (심곡동)",경기도 부천시 원미구 심곡동 ***-*,,2026-05-08 03:03:03,,180584.665158023,442588.665478413
동물병원 Dr.정,20210118,폐업,,0,13157,"경기도 성남시 중원구 산성대로 ***, *층 ***호 (은행동)",경기도 성남시 중원구 은행동 ****,,2026-01-13 17:19:06,,214315.821244898,439277.377871735
펫메이트,20250620,폐업,,0,13621,"경기도 성남시 분당구 구미로***번길 **, ***호 (구미동, 신세계연립주택)",경기도 성남시 분당구 구미동 *** 신세계연립주택,,2026-01-29 21:32:51,,211138.744214807,426901.622064433
도리순이,20140701,폐업,,0,14548,"경기도 부천시 원미구 중동로***번길 **, II-A동 ***호 (중동, 매트로팰리스)",,,2026-01-13 17:18:35,,179664.65667177,444368.130668659
마메르시,20200312,폐업,,0,13536,"경기도 성남시 분당구 판교역로**번길 **-*, *층 (백현동)",경기도 성남시 분당구 백현동 ***-*,,2026-01-13 17:19:06,,209845.622141372,431520.54
펫스티벌,20170921,폐업,,0,10319,"경기도 고양시 일산동구 고양대로 ***, *층 (풍동)",경기도 고양시 일산동구 풍동 ***-* *층,10309,2026-01-13 17:14:06,,181734.433427662,464096.590166562
쿨펫동물병원 화성점,20080222,폐업,,,,"경기도 화성시 병점구 삼성*로 *** (반월동,롯데마트 *층)",경기도 화성시 병점구 반월동  ***-* 롯데마트 *층,,2026-02-12 21:32:50,,205829.064603504,414278.001961156
퍼피랜드,20110818,폐업,,,,경기도 화성시 만세구 향남읍 평*길 **-* (*층),경기도 화성시 만세구 향남읍 평리 **-** *층,,2026-02-01 10:34:17,,191859.978419342,403346.763632582
고려애견,20110926,폐업,,,,경기도 화성시 효행구 봉담읍 효행로***번길 *-*,경기도 화성시 효행구 봉담읍 와우리 ***-*,,2026-02-01 10:34:17,,197662.27028232,413357.4241882
도그하우스 애기멍,20120426,폐업,,,,경기도 화성시 만세구 향남읍 발안남로**번길 ** *층 (우정빌딩),경기도 화성시 만세구 향남읍 발안리 ***-* 우정빌딩 *층,,2026-02-01 10:34:17,,191485.86245731,403291.780527902
서울아쿠아룸,20120829,폐업,,,,"경기도 화성시 동탄구 동탄중앙로 *** (반송동, METAPOLIS 홈플러스 동탄점)",경기도 화성시 동탄구 반송동  ** METAPOLIS 홈플러스 동탄점,,2026-02-01 10:34:17,,206007.25472163,411214.942059565
이편한도그,20121030,폐업,,,,경기도 성남시 중원구 둔촌대로 *** (하대원동),경기도 성남시 중원구 하대원동 ***-*,,2026-03-26 03:03:03,,213357.500139515,436482.63651603
햄동대장,20240122,폐업,,0,15361,"경기도 안산시 단원구 중앙대로 ***, 동서코아 ***호 (고잔동)",경기도 안산시 단원구 고잔동 ***-* 동서코아,,2026-03-26 22:46:11,,185656.844322398,423918.131295682
예쁘뎅,20241201,폐업,,0,10066,"경기도 김포시 솔터로 **, ***호 (구래동, 메트로타워 예미지)",경기도 김포시 구래동 ****-* 메트로타워 예미지,,2026-03-27 03:03:03,,167324.824583073,460347.884109149
(주)그린아쿠아펫(홈플러스 야탑점),20240529,폐업,,0,13497,"경기도 성남시 분당구 성남대로***번길 **, 성남(분당)여객자동차터미널 (야탑동)",경기도 성남시 분당구 야탑동 *** 성남(분당)여객자동차터미널,,2026-01-13 17:19:06,,211202.148849893,434560.911834998
아쿠아플러스(주) 의정부점,20120820,폐업,,,,"경기도 의정부시 청사로 ** (금오동,홈플러스(*층))",경기도 의정부시 금오동 ***-* 홈플러스(*층),,2026-02-04 21:32:50,,206192.090833323,472186.18249487
멍냥일번지 강아지분양고양이분양 의정부본점,20240429,폐업,,0,11626,"경기도 의정부시 범골로 **, *층 ***호 (의정부동)",경기도 의정부시 의정부동 *** ***호,,2026-01-13 17:25:34,,203325.041955662,470016.28325586
가성수족관,20120912,폐업,,,,"경기도 안양시 동안구 시민대로 *** (호계동,뉴코아아울렛 지하*층)",경기도 안양시 동안구 호계동 **** 뉴코아아울렛 지하*층,,2026-01-28 21:32:50,,195544.974046367,432016.783362963
라이캣(Like cat),20230818,폐업,,0,16435,"경기도 수원시 팔달구 화양로**번길 **, 상가동 ***호 (화서동, 수원화서역 동문굿모닝힐아파트)",경기도 수원시 팔달구 화서동 *** 수원화서역 동문굿모닝힐아파트,,2026-02-04 21:32:50,,199468.166406738,420300.898913607
베벌리 도그,20250410,폐업,,0,16514,"경기도 수원시 영통구 법조로 **, 광교 SK VIEW Lake 근린생활 B***(일부)호 (하동)",경기도 수원시 영통구 하동 ****-* 광교 SK VIEW Lake,,2026-01-13 17:19:37,,205273.931816708,420610.782510294
쥬니멀,20221213,폐업,,0,15426,"경기도 안산시 단원구 산단로 ***, 리드 스마트스퀘어 지식산업센터 *층 C-***호 (신길동)",경기도 안산시 단원구 신길동 **** 리드 스마트스퀘어 지식산업센터,,2026-03-26 22:46:11,,180878.941038538,424612.422892591
쑝이네 애견샵,20151116,폐업,031-654-0201,0,17982,경기도 평택시 팽성읍 안정순환로***번길 **,,,2026-01-24 21:36:10,,203936.037230413,384418.260369711
롯데마트 시화점,20120827,폐업,,,,경기도 시흥시 마유로***번길 ** (정왕동),경기도 시흥시 정왕동 ****-*,15119,2026-03-10 21:36:01,,176013.580530478,426137.322631345
뽀독,20141226,폐업,031-319-0171,0,15051,경기도 시흥시 정왕천로 *** (정왕동),경기도 시흥시 정왕동 ****-**,15119,2026-03-10 21:36:09,,178136.876829744,427148.999521957
딜라잇독앤캣 강아지고양이 분양 시흥,20181116,폐업,,0,14905,"경기도 시흥시 복지로**번길 *, ***호 (대야동)",경기도 시흥시 대야동 ***-**,,2026-03-17 21:32:50,,181279.995,438154.66
주니독 강아지전문켄넬 푸들말티즈말티푸분양,20210705,폐업,,0,14905,"경기도 시흥시 복지로**번길 *, *층 (대야동)",경기도 시흥시 대야동 ***-**,,2026-03-10 21:36:19,,181371.31705888,438196.403679243
러블리펫,20211029,폐업,,0,15011,"경기도 시흥시 서울대학로***번길 **, 서영베니스스퀘어 ***호 (배곧동)",경기도 시흥시 배곧동 *** 서영베니스스퀘어 ***호,,2026-03-10 21:36:20,,176072.60072494,429602.843996773
D&amp;C forest,20240215,폐업,,0,14995,"경기도 시흥시 승지로 **, 시흥능곡휴먼시아아파트 상가동 *층 ***호 (능곡동)",경기도 시흥시 능곡동 *** 시흥능곡휴먼시아아파트,,2026-03-10 21:36:27,,183110.02087544,429455.927157366
초이펫,20241023,폐업,,0,15010,"경기도 시흥시 배곧*로 **, 배곧타운* ***호 (배곧동)",경기도 시흥시 배곧동 *** 배곧타운*,,2026-03-10 21:36:30,,175732.499134758,430659.533763531
온도독,20250731,폐업,,0,10090,"경기도 김포시 김포한강*로**번길 **, ***호 (장기동)",경기도 김포시 장기동 ****-*,,2026-01-29 21:02:50,,171657.824903066,459899.301215112
낭만고양이,20190930,폐업,,0,18434,"경기도 화성시 동탄구 동탄반송길 **, ***호 (반송동)",경기도 화성시 동탄구 반송동 **-*,,2026-03-21 21:32:50,,205577.577468341,411963.011237648
동행 애견 돌봄센터 하남점,20240912,폐업,,0,12986,"경기도 하남시 감초로 ***, *층 ***호 (초이동)",경기도 하남시 초이동 ***-**,,2026-03-26 22:46:35,,215154.439058251,448847.930939079
24시 아이동물메디컬센터,20181005,폐업,032-677-5262,0,14427,"경기도 부천시 오정구 소사로 ***, 뉴월드프라자 (원종동)",경기도 부천시 오정구 원종동 ***-* 뉴월드프라자,,2026-01-13 17:18:35,,182650.503950396,447065.179024815
해피독,20080630,폐업,,0,11711,경기도 의정부시 평화로 *** (호원동),,,2026-01-13 17:25:34,,,
멍멍하우스,20180205,폐업,,0,17866,경기도 평택시 현신로 *** (용이동),경기도 평택시 용이동 ***-*,,2026-01-13 17:27:05,,212877.188,388775.833
이개머냥,20180524,폐업,,0,17932,"경기도 평택시 안중읍 안중초롱길 *-*, *층 ***호",경기도 평택시 안중읍 학현리 ***-** ***호,,2026-01-13 17:27:05,,193098.606709803,387365.090417388
강아지 마을,20181102,폐업,,0,17852,"경기도 평택시 비전*로 **, *층 ***호 (비전동)",경기도 평택시 비전동 **** ***호,,2026-01-13 17:27:05,,209291.524745893,389057.627250061
꼬모독,20230912,폐업,,0,18497,"경기도 화성시 동탄구 동탄순환대로*길 **-**, 지하*-*층 (송동)",경기도 화성시 동탄구 송동  ***-*,,2026-02-01 10:34:18,,208332.076471671,407279.163155028
우리캣,20190503,폐업,,0,15470,"경기도 안산시 단원구 광덕대로 ***, 월드타운 *층 ***호 (고잔동)",경기도 안산시 단원구 고잔동 *** 월드타운,,2026-03-26 22:46:10,,184950.901558918,423341.352360613
플러피멍,20190909,폐업,,0,15489,"경기도 안산시 상록구 이동공원로 **, *층 (이동)",경기도 안산시 상록구 이동 ***-*,,2026-03-26 22:46:10,,186576.462869422,423109.190222184
YOU DOG,20210924,폐업,,0,15495,"경기도 안산시 상록구 중보로 **, 월드프라자 ***호 (이동)",경기도 안산시 상록구 이동 ***-* 월드프라자 ***호,,2026-03-26 22:46:11,,186646.616867435,422716.613445175
오독오Dog,20161130,폐업,,0,12739,경기도 광주시 중앙로 *** (송정동),경기도 광주시 송정동,,2026-01-13 17:15:33,,222674.411493806,435092.082607899
미소애견,20190102,폐업,,0,14626,"경기도 부천시 원미구 부일로 ***, 동원상가 *층 *호 (중동)",경기도 부천시 원미구 중동 *** 동원상가,,2026-01-13 17:18:35,,179321.390849602,442897.31801076
도그스타,20110923,폐업,031-291-8896,0,16604,경기도 수원시 권선구 금호로 *** (탑동),경기도 수원시 권선구 탑동 *-**,,2026-01-13 17:19:36,,198001.905311554,419311.107155948
꼬꼬마,20130412,폐업,,0,,,경기도 부천시 원미구 상동 ***-*,,2026-01-13 17:18:35,,177164.507842145,443225.818056047
메이크펫,20130529,폐업,070-8841-4848,0,,,경기도 부천시 원미구 심곡동 ***-*,,2026-01-13 17:18:35,,180422.697907862,442692.2744494
퍼스트펫,20200625,폐업,,0,17781,"경기도 평택시 서정역로**번길 **, *층 (이충동)",경기도 평택시 이충동 ***-*,,2026-01-13 17:27:05,,205400.890077528,395132.426264716
스타펫 강아지 고양이,20201029,폐업,,0,17770,경기도 평택시 고덕면 고덕국제*길 ***,경기도 평택시 고덕면 여염리 ****-*,17821,2026-01-13 17:27:05,,204135.147619651,394280.93245623
주식회사 레스트시큐리티독,20240320,폐업,,0,18552,"경기도 화성시 만세구 송산면 백곡로 ***, 포도마을 코스코밸리아파트 상가동 ***호",경기도 화성시 만세구 송산면 육일리 *** 포도마을 코스코밸리아파트,,2026-02-01 10:34:18,,175530.927416969,410713.724662966
멋내는 애견,20110210,폐업,,0,,경기도 광주시 경안안길 ** (경안동),경기도 광주시 경안동 **-**,,2026-01-13 17:15:33,,222563.615710676,434424.740479043
러브애견,20130911,폐업,031-763-6344,0,12795,경기도 광주시 양벌로 ***-*(양벌동),경기도 광주시 양벌동 ***-*,,2026-01-13 17:15:33,,,
지호캣,20140515,폐업,,0,15537,"경기도 안산시 상록구 본삼로 **, ***호 (본오동)",경기도 안산시 상록구 본오동 ***-* ***호,,2026-03-26 22:46:09,,187687.575,422143.755
써니펫,20140731,폐업,031-505-4825,0,15258,"경기도 안산시 상록구 광덕산*로 *, ***호 (월피동)",경기도 안산시 상록구 월피동 ***-***,,2026-03-26 22:46:09,,186120.630939989,426014.754646147
하버드캣(HAVARD CAT),20150408,폐업,,0,15361,"경기도 안산시 단원구 고잔*길 **, *층 ***호 (고잔동, 안산프라자)",경기도 안산시 단원구 고잔동,,2026-03-26 22:46:09,,185664.119419031,423973.804107257
루미펫,20140414,폐업,,0,14667,"경기도 부천시 원미구 지봉로 ***, *층 ***호 (역곡동)",,,2026-01-13 17:18:35,,183418.961031353,443061.656968157
메리벨 하우스,20140523,폐업,,0,14758,경기도 부천시 소사구 소사로 *** (소사본동),,,2026-01-13 17:18:35,,181824.355151037,441364.040310593
강아지영토,20141124,폐업,032-326-1151,0,14548,경기도 부천시 원미구 중동로 *** (중동),,,2026-01-13 17:18:35,,179509.015568599,444394.225694572
인계종합동물병원,20120627,폐업,,,,"경기도 수원시 팔달구 효원로***번길 **, ***동 ***호 (인계동,꿈에그린)",경기도 수원시 팔달구 인계동 ****-* 꿈에그린 ***동 ***호,,2026-01-13 17:19:36,,203176.825364318,418093.594516366
러브펫 멀티펫 샵,20170627,폐업,,0,17870,"경기도 평택시 현촌*길 **, ***호 (용이동, 평택용이금호어울림*단지)",경기도 평택시 용이동 ***,,2026-01-13 17:27:05,,211571.001094361,388891.243843216
우리집 강아지,20170901,폐업,031-662-0907,0,17779,경기도 평택시 정암로 ** (이충동),경기도 평택시 이충동 ***-*,,2026-01-13 17:27:05,,205105.540000892,395029.678475794
하얀강아지,20150122,폐업,031-8017-8242,0,13461,"경기도 성남시 분당구 운중로***번길 *, ***호 (운중동)",경기도 성남시 분당구 운중동 ***-*,,2026-01-13 17:19:05,,206785.651153028,432248.493824235
이지,20151113,폐업,,0,13353,"경기도 성남시 수정구 산성대로***번길 *-*, *층 (신흥동)",경기도 성남시 수정구 신흥동 ****,,2026-01-13 17:19:05,,212801.024531761,437673.628880604
더케이펫 강아지분양,20200518,폐업,,0,18476,"경기도 화성시 동탄구 동탄대로시범길 ***, *층 **호 (청계동, 시범 반도유보라 아이비파크*.*)",경기도 화성시 동탄구 청계동  *** 시범 반도유보라 아이비파크*.*,,2026-02-01 10:34:18,,210075.319585403,410817.645865226
네발하우스 동탄점,20210120,폐업,,0,18472,"경기도 화성시 동탄구 동탄순환대로**길 **, 지하*층 B**호 (영천동)","경기도 화성시 동탄구 영천동  ***-* ,지하*층 B**호",,2026-02-01 10:34:18,,209526.502173578,411421.400958164
코독스 강아지 본점,20210908,폐업,,0,18244,"경기도 화성시 만세구 꽃내음*길 *-*, *층 (새솔동)",경기도 화성시 만세구 새솔동 **-*,18245,2026-02-01 10:34:18,,183502.346399636,420377.214553244
Paw&amp;Me(포앤미),20140402,폐업,,0,10359,"경기도 고양시 일산동구 대산로 **, *층 (정발산동)",경기도 고양시 일산동구 정발산동 ****-*,,2026-01-13 17:14:06,,180052.063027669,463086.972541602
이마트 풍산점,20140721,폐업,070-8870-8245,0,10311,경기도 고양시 일산동구 무궁화로 *** (중산동),경기도 고양시 일산동구 중산동,,2026-01-13 17:14:06,,181149.682181138,463521.801944649
오케이독,20140930,폐업,,0,10387,경기도 고양시 일산서구 주화로 ** (주엽동),경기도 고양시 일산서구 주엽동 ***-* 효림빌딩 ***호,,2026-01-13 17:14:06,,178627.168030065,463154.18730806
위즈펫동물병원 킨텍스점,20141120,폐업,,0,10391,경기도 고양시 일산서구 주엽로 ** (대화동),경기도 고양시 일산서구 대화동 ****-*** 롯데빅마켓 킨텍스점 지하*층,,2026-01-13 17:14:06,,178207.798502925,462784.587737594
(주)롯데마트 영통점,20130104,폐업,,0,16703,경기도 수원시 영통구 봉영로 **** (영통동),경기도 수원시 영통구 영통동 ***-*,,2026-01-13 17:19:36,,206280.421991805,416752.265654667
아이러브펫 북수원점,20130926,폐업,031-241-7551,0,16295,"경기도 수원시 장안구 경수대로 ***, *층 (조원동, 홈플러스 북수원점)",,,2026-01-13 17:19:36,,200709.882380059,422304.072402192
요술강아지,20140401,폐업,031-217-1849,0,16544,"경기도 수원시 영통구 매탄로***번길 **-**, *층 (매탄동)",경기도 수원시 영통구 매탄동 ****-*,,2026-01-13 17:19:36,,204114.987341223,417727.222236609
장안동물병원,20140520,폐업,031-245-8961,0,16295,"경기도 수원시 장안구 송원로 ** (조원동, 메가플러스*차 ***,***호)","경기도 수원시 장안구 조원동 ***-* 메가플러스*차 ***,***호",,2026-01-13 17:19:36,,200773.84151628,422274.734290216
분당 강아지 분양 고양이 분양 도그마루,20161111,폐업,,0,13535,경기도 성남시 분당구 동판교로**번길 **-** (백현동),,,2026-01-13 17:19:05,,210004.545856386,431702.832499749
퍼피블러썸(PUPPY BLOSSOM),20170412,폐업,,0,13536,경기도 성남시 분당구 판교역로**번길 ** (백현동),경기도 성남시 분당구 백현동 ***-*,,2026-01-13 17:19:05,,209825.53605222,431394.200368041
로니펫,20170906,폐업,031-755-1974,0,13376,"경기도 성남시 중원구 성남대로****번길 *, *층 (성남동)",경기도 성남시 중원구 성남동 ****,,2026-01-13 17:19:05,,211282.517242019,436727.007516784
주식회사 봄프렌즈,20200207,폐업,1544-9667,0,14527,경기도 부천시 원미구 옥산로 *** (춘의동),경기도 부천시 원미구 춘의동 ***-**,,2026-01-13 17:18:35,,180520.66934868,444839.251650386
아이조아 요양보호소 경기광주,20210618,폐업,,0,12809,경기도 광주시 도척면 독고개길 ***,경기도 광주시 도척면 도웅리 ***-*,12809,2026-01-13 17:15:33,,227358.587270921,426077.331771684
애견마을,20140214,폐업,,0,11481,경기도 양주시 부흥로 **** (광사동),경기도 양주시 광사동 ***-*,,2026-04-28 22:00:56,,206732.123148339,476951.167303557
까까멍,20140508,폐업,,0,11481,경기도 양주시 고덕로 ***-** (고읍동),경기도 양주시 고읍동 **,,2026-04-28 22:00:56,,206779.390599617,477687.256667244
웃는 멍냥이,20210224,폐업,,0,17941,경기도 평택시 안중읍 송담*길 **-**,경기도 평택시 안중읍 송담리 ***-*,,2026-01-13 17:27:05,,193429.497037933,386195.477296247
다둥이네,20211207,폐업,,0,17912,경기도 평택시 중앙*로 **(합정동),경기도 평택시 합정동 ***-*,17877,2026-01-13 17:27:05,,208033.008241628,387741.724892338
강아지마을,20220721,폐업,,0,18014,"경기도 평택시 고덕국제*길 ***, *층 (고덕동)",경기도 평택시 고덕동 ****-*,18023,2026-01-13 17:27:06,,204135.079013895,394203.472013085
EVANGELIST BULLY,20230106,폐업,,0,17719,"경기도 평택시 오리곡길 **, 지하*층 (독곡동)",경기도 평택시 독곡동 ***-*,,2026-01-13 17:27:06,,206303.888343502,398519.13938688
등록하개,20210831,폐업,,0,14575,"경기도 부천시 원미구 부흥로 ***, ***동 ***-*, ***-*호 (중동, 부천 중동 스타팰리움)",경기도 부천시 원미구 중동 ****-* 부천 중동 스타팰리움,,2026-01-13 17:18:36,,180529.426285679,443551.166290169
탑클래스 펫 부천점,20220419,폐업,,0,14786,"경기도 부천시 소사구 옥길로 ***-**, 제*종근린생활시설 (이에스타워) ***호 (옥길동)",경기도 부천시 소사구 옥길동 ***-* 제*종근린생활시설 (이에스타워),,2026-01-13 17:18:36,,184316.113185529,440507.853226007
몽냥몽냥 강아지분양 부천점,20230118,폐업,,0,14548,"경기도 부천시 원미구 신흥로 ***, 트리플 타워 B ***호 (중동)",경기도 부천시 원미구 중동 ****-* 트리플 타워 B,,2026-01-13 17:18:36,,180128.584968128,444399.936784896
서울퍼피,20091215,폐업,02-2060-0508,,,경기도 광명시 광명로 *** (광명동),경기도 광명시 광명동 ***-*,,2026-01-13 17:15:02,,186940.211288831,441568.644475112
트랜드독,20120806,폐업,,,,경기도 부천시 원미구 장말로 ***-* (상동),경기도 부천시 원미구 심곡동 ***-**,,2026-01-13 17:18:35,,180644.656541347,443111.995845573
애니펫,20130227,폐업,,,,,경기도 부천시 원미구 약대동 ***,,2026-01-13 17:18:35,,179586.188144697,445790.991108577
페르시인캣,20091124,폐업,031-232-9678,,,,경기도 수원시 권선구 곡반정동 ***-**** (***호),,2026-01-13 17:19:36,,202874.95065208,415588.603606829
헬로퍼피,20120424,폐업,031-691-1144,,,경기도 평택시 팽성읍 동서촌로 **-*,경기도 평택시 팽성읍 객사리 ***-*,,2026-01-13 17:27:05,,205542.726115625,384750.161603887
경인수족관,20121206,폐업,031-664-8802,,,경기도 평택시 송탄로 *** (서정동),경기도 평택시 서정동 ***-**,,2026-01-13 17:27:05,,205191.115131256,396251.644434571
미소애견,20160307,폐업,,0,14626,"경기도 부천시 원미구 부일로 *** (중동, 동원상가)",경기도 부천시 원미구 중동 ***,,2026-01-13 17:18:35,,179321.390849602,442897.31801076
아프리카,20110914,폐업,,,,"경기도 성남시 분당구 서현로 ***, ***호 (서현동,풍림아이원)",경기도 성남시 분당구 서현동 ***-* 풍림아이원 ***호,,2026-01-13 17:19:05,,210776.048172188,431880.785795565
달빛고양이카페,20180214,폐업,031-548-2079,0,18398,"경기도 화성시 병점구 효행로 ****-*, 뱅뱅프라자 ***호 (진안동)",경기도 화성시 병점구 진안동  ***-* 뱅뱅프라자 ***호,,2026-02-01 10:34:17,,203794.722205901,412640.560149756
헬로우-캣,20180417,폐업,,0,18399,"경기도 화성시 병점구 효행로****번길 **, *층 (진안동)",경기도 화성시 병점구 진안동  ***-**,,2026-02-01 10:34:17,,203451.593893718,412597.441803947
벨라루시 펫살롱,20180625,폐업,,0,18476,"경기도 화성시 동탄구 동탄대로시범길 ***, ****호 (청계동, 시범 반도유보라 아이비파크*.*)",경기도 화성시 동탄구 청계동  *** 시범 반도유보라 카림애비뉴 ****호,,2026-02-01 10:34:17,,210075.319585403,410817.645865226
멍스타그램 동탄 강아지분양,20221018,폐업,,0,18468,"경기도 화성시 동탄구 동탄대로 ***-**, ***호 (영천동)",경기도 화성시 동탄구 영천동  ***-*,,2026-02-01 10:34:18,,,
핫도그,20120112,폐업,,0,,경기도 시흥시 큰솔로 ** (정왕동),경기도 시흥시 정왕동 ****-*,15119,2026-03-10 21:36:01,,177963.424698185,426575.939952421
강아지친구들,20130423,폐업,,0,14915,"경기도 시흥시 대은로***번길 *, ***호 (대야동, 동신아파트 상가)",경기도 시흥시 대야동 *** 동신아파트 상가 ***호호,,2026-03-10 21:36:04,,182151.434407409,438273.82077931
벨케,20100511,폐업,,0,16263,경기도 수원시 팔달구 정조로 ***-* (중동),경기도 수원시 팔달구 중동 **-*,,2026-01-13 17:19:36,,201408.970455677,419047.380523389
페르시안캣,20110311,폐업,031-232-9678,0,16670,경기도 수원시 권선구 곡반정로 *** (곡반정동),경기도 수원시 권선구 곡반정동 ***-* ***호,,2026-01-13 17:19:36,,202874.95065208,415588.603606829
푸우펫삽,20110801,폐업,,0,16581,경기도 수원시 권선구 세권로 *** (권선동),경기도 수원시 권선구 권선동 ****-*,,2026-01-13 17:19:36,,202014.520300145,417080.774457875
피쉬앤플라워,20120611,폐업,,,,"경기도 성남시 분당구 야탑로**번길 ** (야탑동,킴스클럽 지하*층)",경기도 성남시 분당구 야탑동 ***-* 킴스클럽 지하*층,,2026-01-13 17:19:05,,211200.046775342,434263.681539619
펫가든 동물병원(판교점),20130712,폐업,031-8017-0275,0,13525,경기도 성남시 분당구 대왕판교로***번길 ** (삼평동),,,2026-01-13 17:19:05,,209993.600292929,432609.081811328
아름동물병원,20131105,폐업,070-8972-0485,0,13523,경기도 성남시 분당구 성남대로***번길 ** (이매동),경기도 성남시 분당구 이매동 ***-* 신흥코아 ***호,,2026-01-13 17:19:05,,210803.525,433051.775
펫살롱도그,20140225,폐업,070-4135-1060,0,13504,경기도 성남시 분당구 매화로**번길 * (야탑동),경기도 성남시 분당구 야탑동 ***-*,,2026-01-13 17:19:05,,211848.070459704,434401.598390717
녹지애견,20080721,폐업,031-884-8713,,,,경기도 여주시 능서면 번도리 ***,,2026-03-10 21:33:17,,,
어서오시개,20180126,폐업,,0,12631,"경기도 여주시 세종로**번길 **, 모범빌딩 *층 (홍문동)",경기도 여주시 홍문동 *** 모범빌딩,,2026-03-10 21:34:38,,256497.574954433,421326.704771123
캡틴켄넬,20160921,폐업,,0,15640,경기도 안산시 단원구 돈지섬길 *** (대부북동),,,2026-03-26 22:46:10,,161206.013881636,418274.198041251
펫맘,20170118,폐업,031-410-7015,0,15455,"경기도 안산시 단원구 원포공원*로 **, ***호 (초지동, 메가쇼핑*)",경기도 안산시 단원구 초지동 ***-** ***호,,2026-03-26 22:46:10,,183364.713520375,422214.592127284
캣츠홀릭,20170709,폐업,,0,15538,"경기도 안산시 상록구 본오로 ***, *층 ***호 (본오동, 샘골빌딩)",경기도 안산시 상록구 본오동 ***-** *층 ***호,,2026-03-26 22:46:10,,188101.87702209,421979.903383044
시화종합사료,20110406,폐업,031-433-0774,0,15049,"경기도 시흥시 오동마을로*번길 *, C.M건축자재 백화점 ***호 (정왕동)",경기도 시흥시 정왕동 ****-* C.M건축자재 백화점,15119,2026-03-10 21:35:58,,177065.1119357,427903.539989077
듀펫러브도그,20190315,폐업,,0,11691,"경기도 의정부시 흥선로 ***, ***호 (의정부동)",경기도 의정부시 의정부동 ***-*,,2026-01-13 17:25:34,,204068.561284442,470905.884162299
어반도그(URBAN DOG),20190711,폐업,,0,11718,"경기도 의정부시 회룡로 ***, 발곡프라자 ***호 (장암동)",경기도 의정부시 장암동 **-**,,2026-01-13 17:25:34,,204643.312850085,469326.420564459
헬로캣앤독,20151127,폐업,031-683-4339,0,17816,경기도 평택시 안중읍 안청로 ***,경기도 평택시 안중읍 덕우리 ***,,2026-01-13 17:27:05,,192679.419108819,389914.384760357
스누피,20160515,폐업,,0,17852,"경기도 평택시 비전*로 **, ***호 (비전동, 샤르망프라자)",,,2026-01-13 17:27:05,,209313.738186713,388992.487097567
이쁘개,20161019,폐업,,0,17808,경기도 평택시 청북읍 안청로*길 **-**,경기도 평택시 청북읍 옥길리 ****-* ***동,,2026-01-13 17:27:05,,192496.380201533,390740.255328728
마이펫,20190516,폐업,032-515-1777,0,14612,"경기도 부천시 원미구 신흥로 **, *층 (심곡동)",경기도 부천시 원미구 심곡동 ***-**,,2026-01-13 17:18:35,,180256.020496303,443244.637929251
작은동물원,20110701,폐업,,,,경기도 의정부시 신흥로 *** (가능동),경기도 의정부시 가능동 ***-**,11611,2026-01-13 17:25:34,,203704.671783211,471848.518752282
몰리스펫샵 의정부점,20120417,폐업,,0,,"경기도 의정부시 평화로 *** (의정부동,외*필지 신세계백화점 *층)",경기도 의정부시 의정부동 ***-** 외*필지 신세계백화점 *층,,2026-01-13 17:25:34,,204011.301931196,470564.015529834
화이트,20130910,폐업,,0,,"경기도 의정부시 시민로 *** (용현동,디유빌딩 *층)",경기도 의정부시 용현동 ***-* 디유빌딩 *층,,2026-01-13 17:25:34,,206882.261274352,470214.120769804
퍼피캣,20150226,폐업,070-4273-6664,0,10445,경기도 고양시 일산동구 강송로**번길 *-* (백석동),경기도 고양시 일산동구 백석동 ****-*,,2026-01-13 17:14:06,,181357.925,460599.61
더독스 미니,20250526,폐업,,0,12903,"경기도 하남시 미사강변한강로***번안길 *, *층 (망월동)",경기도 하남시 망월동 ***-*,,2026-03-26 22:46:35,,216717.687473797,452656.588453782
하얀개마을,20160721,폐업,031-334-3336,0,17044,경기도 용인시 처인구 금학로 *** (김량장동),경기도 용인시 처인구 김량장동 ***-*,,2026-03-26 22:51:28,,217837.91548782,415039.380151057
도그파파,20120723,폐업,031-676-0175,0,17031,경기도 용인시 처인구 모현면 이일로 ***-*,경기도 용인시 처인구 모현면 매산리 ***-*,,2026-03-26 22:51:28,,219023.099970391,425475.425961941
바른고양이,20200707,폐업,,0,11815,"경기도 의정부시 용민로 ***, 엘스퀘어 ***호 (민락동)",경기도 의정부시 민락동 ***,,2026-01-13 17:25:34,,210383.354355243,471952.050120805
LOVE ME PET,20211201,폐업,,0,11626,"경기도 의정부시 범골로 **, *층 (의정부동)",경기도 의정부시 의정부동 ***,,2026-01-13 17:25:34,,203325.041955662,470016.28325586
애니멀스페이스,20220818,폐업,,0,11749,"경기도 의정부시 동일로 ***, 을지타워 *층 ***호 (금오동)",경기도 의정부시 금오동 ***,,2026-01-13 17:25:34,,204368.963914286,471993.417310408
개.DOG,20230412,폐업,,0,11611,"경기도 의정부시 가금로 **, 지승메디컬프라자 ***호 (가능동)",경기도 의정부시 가능동 **-* 지승메디컬프라자,11611,2026-01-13 17:25:34,,203414.037240483,472563.764952835
펫 패밀리,20190522,폐업,,0,16391,"경기도 수원시 권선구 금곡로 ***, ***호 (금곡동)",경기도 수원시 권선구 금곡동 ****-*,,2026-01-13 17:19:37,,195920.279721684,419244.491632156
묘하고 놀까,20191008,폐업,,0,16288,"경기도 수원시 장안구 송정로 ***, *층 (조원동)",경기도 수원시 장안구 조원동 ***-*,,2026-01-13 17:19:37,,201200.611254544,421739.999159896
도치스쿨,20201105,폐업,,0,16570,"경기도 수원시 권선구 경수대로***번길 **-*, ***호 (권선동)",경기도 수원시 권선구 권선동 ***-* ***호,,2026-01-13 17:19:37,,202008.770749873,417791.406267534
도그 에이스,20210329,폐업,,0,16624,"경기도 수원시 권선구 서둔로 *, *층 (고색동)",경기도 수원시 권선구 고색동 ***-***,,2026-01-13 17:19:37,,198499.008353988,416760.471792291
서정대학교 부설 애완동물센터,20150708,폐업,031-851-0900,0,11757,경기도 의정부시 청사로**번길 * (금오동),경기도 의정부시 금오동 ***-*,,2026-01-13 17:25:34,,206143.881569375,472271.374982574
수족관,20120906,폐업,,,,"경기도 광명시 하안로***번길 * (하안동, 뉴코아아울렛 지하*층)",경기도 광명시 하안동 ** 뉴코아아울렛 지하*층,,2026-01-13 17:15:02,,189263.01222247,439900.832910796
광명시티,20130705,폐업,02-897-7585,0,14318,경기도 광명시 금하로 *** (소하동),경기도 광명시 소하동 **-*,,2026-01-13 17:15:02,,190207.557951593,438720.857482469
TBC KOREA,20161227,폐업,,0,11475,경기도 양주시 율정로***번길 ** (율정동),경기도 양주시 율정동 ***-*,,2026-04-28 22:00:56,,,
쿨독애견샾,20090306,폐업,031-848-1478,0,11487,"경기도 양주시 삼숭로**번길 ***, 양주프라자* ***호 (삼숭동)",경기도 양주시 삼숭동 ***-** 양주프라자* ***호,,2026-04-28 22:00:57,,209320.193797008,477044.749621061
다사랑동물병원,20130102,폐업,031-385-7588,0,14066,"경기도 안양시 동안구 시민대로 ***, ***호 (관양동, 샤르망오피스텔)",경기도 안양시 동안구 관양동 **** 샤르망오피스텔 ***호,,2026-01-13 17:21:34,,196414.16043194,432416.101559202
토토로펫,20140401,폐업,070-4038-0836,0,14058,"경기도 안양시 동안구 흥안대로 ***, *층 (평촌동)",,,2026-01-13 17:21:34,,197736.291591163,432530.312896486
아이러브펫,20150206,폐업,031-426-0062,0,14099,경기도 안양시 동안구 신기대로**번길 ** (호계동),경기도 안양시 동안구 호계동 ****-*,,2026-01-13 17:21:34,,196185.37889583,431115.451275047
개털깎는남자,20160205,폐업,031-385-1182,0,14040,"경기도 안양시 동안구 경수대로 *** (호계동, 건화상가 *층)",경기도 안양시 동안구 호계동 ***-* 건화상가 *층,,2026-01-13 17:21:34,,194997.803909664,432164.628919802
바우홀릭 강아지고양이분양 수원점,20211028,폐업,,0,16655,"경기도 수원시 권선구 정조로 ***, THE BEIGE ***호 (세류동)",경기도 수원시 권선구 세류동 ***-* THE BEIGE,,2026-01-13 17:19:37,,200906.169322734,416768.115752518
마이리틀 펫 밀리,20220307,폐업,,0,16485,"경기도 수원시 팔달구 중부대로 ***, *층 (인계동)",경기도 수원시 팔달구 인계동 ***-*,,2026-01-13 17:19:37,,203169.678818634,419428.98343666
러브펫동물병원,20111208,폐업,031-868-0275,0,11355,경기도 동두천시 평화로****번길 ** (송내동),경기도 동두천시 송내동 ***,,2026-01-13 17:18:02,,204589.217640042,486451.318446758
BAD DOG(베드독),20160428,폐업,,0,11356,경기도 동두천시 평화로 **** (생연동),경기도 동두천시 생연동 ***-*,,2026-01-13 17:18:02,,204984.923271186,488394.738544863
짧냥이네,20170413,폐업,,0,14275,"경기도 광명시 광명로***번길 *, *층 (광명동)",경기도 광명시 광명동 ***-**,,2026-01-13 17:15:02,,186731.187046152,441045.139244809
주식회사 밀레펫 광명소하점,20210120,폐업,02-2104-5002,0,14316,"경기도 광명시 소하로 **, *층 (소하동)",경기도 광명시 소하동 ****-*,,2026-01-13 17:15:02,,189714.449800306,438279.937828733
이화애견,20080710,폐업,,,,경기도 평택시 평택로 ** (평택동),경기도 평택시 평택동 **-**,,2026-01-13 17:27:05,,207431.686584767,388048.148152426
마루펫,20170627,폐업,031-311-7582,0,14909,"경기도 시흥시 복지로 ** (대야동, 박한준동물병원)",경기도 시흥시 대야동 ***-*,,2026-03-10 21:36:13,,181266.089586862,437987.885439946
정다운동물병원,20171129,폐업,031-498-7582,0,15036,"경기도 시흥시 중심상가로 ***, ***,***호 (정왕동)",경기도 시흥시 정왕동 ****-* 한일프라자,15119,2026-03-10 21:36:14,,176178.31945847,427223.954898429
패리스하우스 배곧점,20180822,폐업,,0,15011,"경기도 시흥시 서울대학로***번길 **, 서영베니스스퀘어 ***호 (배곧동)",경기도 시흥시 배곧동 ***-* 서영베니스스퀘어,,2026-03-10 21:36:15,,176072.60072494,429602.843996773
도그스타 금곡점,20170330,폐업,031-291-7500,0,16393,"경기도 수원시 권선구 서수원로 ***, ***호,***호,***호 (금곡동)",경기도 수원시 권선구 금곡동 ****,,2026-01-13 17:19:37,,196242.774651244,419012.590075246
살롱wahl,20200513,폐업,,0,15011,"경기도 시흥시 서울대학로***번길 **, ***동 A-***호 (배곧동, 시흥배곧 C*블럭 호반 써밋플레이스 아파트)",경기도 시흥시 배곧동 *** 시흥배곧 C*블럭 호반 써밋플레이스 아파트 ***동 A-***호,,2026-03-10 21:36:17,,175567.50349741,429607.563940626
날라리 캣,20171116,폐업,,0,14103,"경기도 안양시 동안구 관평로**번길 **, *층 ***호 (평촌동)",경기도 안양시 동안구 평촌동 ***-* ***호,,2026-01-13 17:21:34,,196685.064795157,431370.459885761
로이펫 만안점,20190826,폐업,,0,14010,경기도 안양시 만안구 양화로**번길 ** (안양동),경기도 안양시 만안구 안양동 ***-**,,2026-01-13 17:21:34,,192121.885896474,433066.058894614
다줄개,20210323,폐업,031-348-0099,0,13956,"경기도 안양시 동안구 경수대로 ***, 비산화성파크드림 ***호 (비산동)",경기도 안양시 동안구 비산동 **** 비산화성파크드림 ***호,,2026-01-13 17:21:34,,193874.369852241,432968.087607259
도당애견,20080325,폐업,032-684-0090,,,,경기도 부천시 원미구 도당동 **-**,,2026-01-13 17:18:35,,181127.730393385,446052.793566736
챌린저애견,20090122,폐업,031-480-0770,0,15271,경기도 안산시 단원구 삼일로 *** (고잔동),경기도 안산시 단원구 고잔동 ***-*,,2026-03-26 22:46:08,,184720.2,425378.7
쿨펫동물병원,20090402,폐업,031-401-7200,,,"경기도 안산시 단원구 광덕대로 *** (고잔동,홈플러스 고잔점 *층)",경기도 안산시 단원구 고잔동 ***-* 홈플러스 고잔점 *층,,2026-03-26 22:46:08,,184766.070784522,423338.223688148
하루산책,20220310,폐업,031-221-7760,0,16564,"경기도 수원시 권선구 세지로**번길 *, 효헌빌딩 *층 ***호 (권선동)",경기도 수원시 권선구 권선동 ***-* 효헌빌딩,,2026-01-13 17:19:37,,201540.48801243,417476.616734177
사계절 고양이,20220510,폐업,,0,16568,"경기도 수원시 권선구 권광로**번길 *, 권선주공우편취급소 *(일부)층 (권선동)",경기도 수원시 권선구 권선동 ****-* 권선주공우편취급소,,2026-01-13 17:19:37,,202546.098324358,417155.208128039
돌봄,20170105,폐업,,0,11695,"경기도 의정부시 행복로 **, 지하 *층 (의정부동, 천재빌딩)",경기도 의정부시 의정부동 ***-* 지하*층,,2026-01-13 17:25:34,,204215.014510389,470852.039589925
펫앤라이프,20180227,폐업,,0,11815,"경기도 의정부시 용민로 ***, 보광센타프라자 ***호 (민락동)",경기도 의정부시 민락동 ***-*,,2026-01-13 17:25:34,,210337.648843374,472084.984461902
프불리하우스,20180801,폐업,,0,11692,"경기도 의정부시 평화로***번길 *-**, *층 ***호 (의정부동, 우미쁘띠린)",경기도 의정부시 의정부동 ***-* 우미쁘띠린,,2026-01-13 17:25:34,,204143.560902622,471043.439181686
도그스타시흥,20160329,폐업,,0,15051,"경기도 시흥시 큰솔로**번길 *, ***호 (정왕동)",경기도 시흥시 정왕동 **** ***호,15119,2026-03-10 21:36:11,,178089.082900961,426688.408587376
개·고양이,20171031,폐업,,0,15382,"경기도 안산시 단원구 라성안길 *, *층 (원곡동)",경기도 안산시 단원구 원곡동 ***-* 삼우상가,,2026-03-26 22:46:10,,182324.621337733,424967.51802215
도그카페,20180226,폐업,,0,15306,"경기도 안산시 상록구 부곡로 ***, 부곡웨스턴빌딩 ***호 (부곡동)",경기도 안산시 상록구 부곡동 ***-* 부곡웨스턴빌딩 ***호,,2026-03-26 22:46:10,,187786.268816856,425616.30082271
트레이더스 안산점 몰리스펫샵,20180528,폐업,031-363-1252,0,15402,"경기도 안산시 단원구 중앙대로 ***, 이마트트레이더스 신길점 (신길동)",경기도 안산시 단원구 신길동 **** 이마트트레이더스 신길점,,2026-03-26 22:46:10,,180873.786214121,425492.088360076
가야동물병원,20100517,폐업,,,14630,경기도 부천시 원미구 부천로 ** (심곡동),경기도 부천시 원미구 심곡동 ***-**,,2026-01-13 17:18:35,,180817.812437106,443175.799666775
아이러브 펫,20080710,폐업,031-278-7712,0,16417,경기도 수원시 장안구 서부로****번길 ** (율전동),경기도 수원시 장안구 율전동 ***-* *호,,2026-01-13 17:19:36,,197571.264856109,421750.466313091
탑 애견하우스,20080714,폐업,031-253-5055,0,16439,경기도 수원시 팔달구 동말로**번길 * (화서동),경기도 수원시 팔달구 화서동 ***-**,,2026-01-13 17:19:36,,199879.031279665,419672.358536815
수원 고양이 분양 감자캣,20230609,폐업,,0,16453,"경기도 수원시 팔달구 팔달로 **, ***호 (고등동)",경기도 수원시 팔달구 고등동 ***-** ***호,,2026-01-13 17:19:37,,200001.384428875,418871.504549482
커피멍냥 광교역점,20240125,폐업,,0,16226,"경기도 수원시 영통구 대학로 **, *(일부)층 (이의동)",경기도 수원시 영통구 이의동 ****-*,16508,2026-01-13 17:19:37,,203683.371635818,421762.22508629
한국동물병원,20080729,폐업,031-746-8990,0,13397,경기도 성남시 중원구 희망로 *** (상대원동),경기도 성남시 중원구 상대원동 ****-**,,2026-01-13 17:19:05,,213947.104128821,437308.524059164
행복이 있는 애견?,20091120,폐업,031-714-8274,,,"경기도 성남시 분당구 돌마로 **, ***호 (금곡동,썬프라자)",경기도 성남시 분당구 금곡동 *** 썬프라자 ***호,,2026-01-13 17:19:05,,209746.721003362,427600.917156876
쥬쥬클럽,20090421,폐업,031-408-6781,0,15630,경기도 안산시 상록구 장화*안길 ** (사동),경기도 안산시 상록구 사동 ****-**,,2026-03-26 22:46:08,,186910.246454394,420239.894197449
샵독특,20160405,폐업,031-221-0810,0,18385,경기도 화성시 병점구 효행로 ****-** (기산동),경기도 화성시 병점구 기산동  **,,2026-02-01 10:34:17,,204872.762603222,412999.412717355
댕댕월드,20200518,폐업,,0,11473,"경기도 양주시 옥정동로*다길 **, 대길프라자 ***호 (옥정동)",경기도 양주시 옥정동 ***-* 대길프라자 ***호,,2026-04-28 22:00:57,,208103.952220026,479742.054909414
도그도르,20220712,폐업,,0,11456,"경기도 양주시 회정로 ***, 해밀프라자 *층 *호 (덕정동)",경기도 양주시 덕정동 ***-* 해밀프라자,,2026-04-28 22:00:57,,205784.864369849,481630.587568533
루루퍼피,20231005,폐업,,0,11473,"경기도 양주시 회천남로 **, 대방엘리움 어반시티 오피스텔 *층 **호 (옥정동)",경기도 양주시 옥정동 ***-** 대방엘리움 어반시티 오피스텔,,2026-04-28 22:00:57,,208159.793488139,479559.841185734
한강아쿠아 올랜드양주점,20250226,폐업,,0,11459,"경기도 양주시 고덕로 ***, 지하*층 (광사동)",경기도 양주시 광사동 *** 지하*층 일부,,2026-04-28 22:00:57,,206211.364056847,477595.860785938
야옹아 멍멍해봐 안중점,20141111,폐업,031-682-6688,0,17940,"경기도 평택시 안중읍 안현로서*길 *, *층",경기도 평택시 안중읍 현화리 ***-* *층,,2026-01-13 17:27:05,,193547.454157318,386843.05600292
멍심저격,20170522,폐업,,0,16571,"경기도 수원시 권선구 효원로***번길 **, ***동 ***(일부)호 (권선동, 올림픽공원대우미래사랑***동)",경기도 수원시 권선구 권선동 ****-** 올림픽공원대우미래사랑***동,,2026-01-13 17:19:37,,202249.493976676,417760.838726021
아이러브펫츠 애견,20150518,폐업,070-8886-1289,,14589,경기도 부천시 원미구 조마루로***번길 **-** (상동),경기도 부천시 원미구 상동 ***-*,,2026-01-13 17:18:35,,178405.107615797,444412.880428999
오드리 독,20151105,폐업,,0,14589,경기도 부천시 원미구 조마루로***번길 *-** (상동),경기도 부천시 원미구 상동 ***-*,,2026-01-13 17:18:35,,178367.308604038,444257.379628601
플라워 도그,20160128,폐업,,,14641,경기도 부천시 원미구 부천로 **-* (심곡동),경기도 부천시 원미구 심곡동 ***-**,,2026-01-13 17:18:35,,180847.204419992,443067.120153401
상상도그,20240117,폐업,,0,13640,"경기도 성남시 수정구 위례광장로 ***, 위례 한화 오벨리스크 센트럴스퀘어 ****호 (창곡동)",경기도 성남시 수정구 창곡동 *** 위례 한화 오벨리스크 센트럴스퀘어,,2026-01-13 17:19:06,,212425.560064934,441216.370400153
개뻔뻔애견카페,20170710,폐업,031-372-7906,0,18466,"경기도 화성시 동탄구 동탄순환대로 ***, ***호 (영천동)",경기도 화성시 동탄구 영천동  ***-*,,2026-02-01 10:34:17,,209820.152599107,411658.041541191
퍼피블러썸,20170918,폐업,,0,18435,경기도 화성시 동탄구 동탄공원로*길 ** (반송동),경기도 화성시 동탄구 반송동  **-* ***호,,2026-02-01 10:34:17,,205374.634337796,411788.033152473
다다캣,20221026,폐업,,0,18314,"경기도 화성시 효행구 봉담읍 장등*길 *-**, *층",경기도 화성시 효행구 봉담읍 상리 ***-*,,2026-02-01 10:34:18,,195144.708356796,413504.974736409
탑클래스펫 Jardin,20221007,폐업,,0,14994,"경기도 시흥시 승지로**번길 *-*, ***호 (능곡동)",경기도 시흥시 능곡동 ***,,2026-03-10 21:36:24,,183083.841094937,429880.43516239
어반네이처,20240503,폐업,,0,15119,"경기도 시흥시 거북섬북로 **, 아쿠아펫랜드 C동 *층 ***호 (정왕동)",경기도 시흥시 정왕동 **** 아쿠아펫랜드,15119,2026-03-10 21:36:29,,171450.600413716,425422.79435828
일산제일 동물병원,20080324,폐업,,,,,경기도 고양시 일산서구 일산동 ****-* 대성프라자 ***호,,2026-01-13 17:14:05,,179140.51,464156.615
행복공감,20080716,폐업,,,,,경기도 고양시 일산동구 마두동 ***-*,,2026-01-13 17:14:05,,181071.114461288,462169.59585174
미꼬펫,20180920,폐업,031-214-0141,0,16532,"경기도 수원시 영통구 권광로***번길 **, ***-*호 (매탄동, 현대힐스테이트아파트)",경기도 수원시 영통구 매탄동 *** 현대힐스테이트아파트,,2026-01-13 17:19:37,,203453.57291244,418803.65082532
힐링고양이카페,20181107,폐업,,0,16705,"경기도 수원시 영통구 청명남로 **, 거성빌딩 *층 *호 (영통동)",경기도 수원시 영통구 영통동 ****-** 거성빌딩,,2026-01-13 17:19:37,,206621.473848068,416699.17507388
아담스펫강아지 &amp; 가필드고양이,20180425,폐업,,0,14574,"경기도 부천시 원미구 신흥로 ***, 위브더스테이트 상가동 ***호 (중동)",경기도 부천시 원미구 중동 **** 위브더스테이트 상가동 ***호,,2026-01-13 17:18:35,,180317.015615374,443971.656322195
센트럴동물,20100818,폐업,02-2625-0275,,,경기도 광명시 철산로 ** (철산동),경기도 광명시 철산동 ***-*,,2026-01-13 17:15:02,,188226.339623486,441595.63975257
이마트 광명소하점,20110415,폐업,02-6918-1270,0,14316,경기도 광명시 소하로 ** (소하동),경기도 광명시 소하동 ****-*,,2026-01-13 17:15:02,,189714.449800306,438279.937828733
카페다냥,20180327,폐업,,0,13177,"경기도 성남시 중원구 광명로 ***, *층 (금광동)",경기도 성남시 중원구 금광동 ****,,2026-01-13 17:19:05,,214426.939370313,438228.382009298
낭만고양이 분당점,20180405,폐업,031-704-9005,0,13477,"경기도 성남시 분당구 운중로***번길 **, ***호 (판교동)",경기도 성남시 분당구 판교동 ***-* ***호,,2026-01-13 17:19:06,,207876.340874951,432135.326733951
올리브 펫,20180411,폐업,,0,13518,"경기도 성남시 분당구 매화로 **, 탑마을근린상가 ***호 (야탑동)",경기도 성남시 분당구 야탑동 ***-* 탑마을근린상가 ***호,,2026-01-13 17:19:06,,211816.691803873,434080.516277151
펫아일럿 본점,20180423,폐업,070-8193-2835,0,13338,"경기도 성남시 수정구 수정로 ***, *층 (신흥동)",경기도 성남시 수정구 신흥동 ****,,2026-01-13 17:19:06,,212433.302809867,437937.817490204
해피애견타운 강아지고양이 분당판교점,20180501,폐업,,0,13609,"경기도 성남시 분당구 백현로***번길 *-*, *층 (정자동)",경기도 성남시 분당구 정자동 **-**,,2026-01-13 17:19:06,,210114.086277551,430002.975055908
미키하우스,20180611,폐업,031-605-9788,0,13595,"경기도 성남시 분당구 황새울로***번길 **, 지하*층 (수내동)",경기도 성남시 분당구 수내동 **-*,,2026-01-13 17:19:06,,209948.643151159,430511.39103559
숨탄,20180914,폐업,,0,13488,"경기도 성남시 분당구 판교로***번길 **, 판교테크노밸리 스타트업 캠퍼스 *층 (삼평동)",경기도 성남시 분당구 삼평동 *** 판교테크노밸리 스타트업 캠퍼스,,2026-01-13 17:19:06,,209336.846877902,433614.460474667
파라키스,20181119,폐업,,0,13535,경기도 성남시 분당구 동판교로**번길 **-** (백현동),경기도 성남시 분당구 백현동 ***-*,,2026-01-13 17:19:06,,210004.380445166,431718.581310754
똥강아지,20181222,폐업,031-748-2236,0,13168,경기도 성남시 중원구 자혜로 **-* (금광동),경기도 성남시 중원구 금광동 ****,,2026-01-13 17:19:06,,214194.116153267,438710.287561988
벨라루시펫살롱(수내점),20190131,폐업,031-714-8183,0,13595,"경기도 성남시 분당구 백현로***번길 **, 대덕프라자 *층 ***호 (수내동)",경기도 성남시 분당구 수내동 **-* 대덕프라자 ***호,,2026-01-13 17:19:06,,209912.688405626,430553.74953906
바우스토리(Bow story),20190620,폐업,,0,13647,"경기도 성남시 수정구 위례서일로*길 *-**, *층 (창곡동)",경기도 성남시 수정구 창곡동 ***-**,,2026-01-13 17:19:06,,212225.378062094,440501.56773609
벨라루시펫살롱,20190821,폐업,031-786-0784,0,13595,"경기도 성남시 분당구 백현로***번길 **, 초림프라자 *층 ***호 (수내동)",경기도 성남시 분당구 수내동 **-* 초림프라자,,2026-01-13 17:19:06,,209909.071596231,430621.165456232
더독(The독),20190903,폐업,031-602-7114,0,13368,"경기도 성남시 중원구 제일로**번길 **, *층 (성남동)",경기도 성남시 중원구 성남동 ****,,2026-01-13 17:19:06,,211898.424805472,436523.47667667
빼로독 강아지 안양평촌점,20211026,폐업,,0,13929,"경기도 안양시 동안구 동편로**번길 **-**, ***호 (관양동)",경기도 안양시 동안구 관양동 ****-* ***호,,2026-03-12 21:32:52,,197448.367983136,433946.590781357
댕댕아,20230619,폐업,,0,17906,"경기도 평택시 조개터로**번길 **, *층 (합정동)",경기도 평택시 합정동 ***-*,17877,2026-01-13 17:27:06,,208934.922893871,387716.978621193
"멍군이,냥순이",20230808,폐업,,0,17907,"경기도 평택시 중앙로 ***, *층 (합정동)",경기도 평택시 합정동 ***-** *층,17877,2026-01-13 17:27:06,,208846.448706176,387839.54345391
서울애견,20240308,폐업,,0,17936,"경기도 평택시 안중읍 안현로서*길 **, *층",경기도 평택시 안중읍 안중리 ***-* *층,,2026-01-13 17:27:06,,193558.239364274,387323.279392728
중앙동물병원,20130506,폐업,031-863-0075,0,11311,경기도 동두천시 평화로 **** (보산동),경기도 동두천시 보산동 ***-*,,2026-01-13 17:18:02,,205010.308282213,490272.410138854
퍼피룰루,20140106,폐업,,0,11318,경기도 동두천시 장고갯로 ** (생연동),,,2026-01-13 17:18:02,,205501.211450206,489023.034882562
서울애견미용실,20080402,폐업,031-868-1110,0,11329,경기도 동두천시 동광로 ** (생연동),경기도 동두천시 생연동 ***-**,,2026-01-13 17:18:02,,204774.955245016,489540.126096909
강아지세상,20080402,폐업,031-865-2457,0,11332,경기도 동두천시 어수로 ** (생연동),경기도 동두천시 생연동 ***-*,,2026-01-13 17:18:02,,204526.414778112,488868.76262294
성지애견전시장,20080402,폐업,031-864-1474,,11333,경기도 동두천시 중앙로 *** (생연동),경기도 동두천시 생연동 ***-**,,2026-01-13 17:18:02,,204603.010807737,488783.058778561
스타애견샵,20140923,폐업,,0,16235,경기도 수원시 팔달구 세지로***번길 ** (우만동),경기도 수원시 팔달구 우만동 ***,,2026-01-13 17:19:36,,202517.966283196,420668.116525387
위즈펫 동물병원 수원역점,20141126,폐업,,0,16621,경기도 수원시 권선구 세화로 *** (서둔동),경기도 수원시 권선구 서둔동 ***-** 롯데마트 펫가든*층,,2026-01-13 17:19:36,,199673.378589066,418025.547756245
개집,20150113,폐업,031-293-5889,0,16400,경기도 수원시 권선구 금호로 ** (호매실동),경기도 수원시 권선구 호매실동 ***-*,,2026-01-13 17:19:36,,195921.403623124,418516.828395549
펫가든 동물병원,20150113,폐업,031-203-6426,0,16703,경기도 수원시 영통구 봉영로 **** (영통동),경기도 수원시 영통구 영통동 ***-*,,2026-01-13 17:19:36,,206280.421991805,416752.265654667
포포앤미루,20150123,폐업,031-206-9222,0,16705,경기도 수원시 영통구 반달로 *** (영통동),경기도 수원시 영통구 영통동 ****-**,,2026-01-13 17:19:36,,206791.726737815,416766.954470269
아이퍼피,20150601,폐업,,0,16477,경기도 수원시 팔달구 인계로 ** (인계동),,,2026-01-13 17:19:36,,,
맘 동물병원,20150604,폐업,064-548-1195,0,16507,"경기도 수원시 영통구 센트럴타운로 **, ***동 cb**호 (이의동)",,,2026-01-13 17:19:36,,204409.226022404,420967.617798492
이뻐해줄개,20150629,폐업,031-309-9393,0,16476,"경기도 수원시 팔달구 인계로**번길 *, *층 (인계동)",경기도 수원시 팔달구 인계동 ***-*,,2026-01-13 17:19:36,,202132.225871328,418531.018261069
또또애견샵,20150721,폐업,031-236-8252,0,16564,경기도 수원시 권선구 세지로***번길 * (권선동),경기도 수원시 권선구 권선동 ***-**,,2026-01-13 17:19:36,,201627.4678763,417651.808172446
펫준강아지카페 애견수영장 애견운동장,20190906,폐업,,0,13385,"경기도 성남시 중원구 성남대로 ****, *층 (하대원동)",경기도 성남시 중원구 하대원동 ***-*,,2026-01-13 17:19:06,,211426.841799283,436306.898558992
플래니터리헬스,20191029,폐업,,0,13590,"경기도 성남시 분당구 황새울로***번길 **, 여암빌딩 *층 ***-M**호 (서현동)",경기도 성남시 분당구 서현동 ***-* 여암빌딩 M**호,,2026-01-13 17:19:06,,210834.307532665,431738.329161906
꽃길만 걷개,20210611,폐업,031-722-3451,0,13355,"경기도 성남시 중원구 광명로 **, *층 (성남동)",경기도 성남시 중원구 성남동 **** *층,,2026-01-13 17:19:06,,211583.746072103,436826.269571123
분당 이마트,20200520,폐업,031-710-1234,0,13605,"경기도 성남시 분당구 불정로 ***, 이마트 *층 (정자동)",경기도 성남시 분당구 정자동 *** 이마트,,2026-01-13 17:19:06,,210542.529800466,428535.664844133
펫나우 성남지점,20200526,폐업,,0,13524,"경기도 성남시 분당구 판교역로***번길 **, 판교타워 *층 ***호 (삼평동)",경기도 성남시 분당구 삼평동 *** 판교타워,,2026-01-13 17:19:06,,209796.6963341,432857.5973726
필독,20160510,폐업,,0,14682,경기도 부천시 소사구 경인로***번길 ** (괴안동),경기도 부천시 소사구 괴안동 ***-**,,2026-01-13 17:18:35,,183078.486338638,442301.056704712
펫케이,20160517,폐업,,0,14641,"경기도 부천시 원미구 부흥로***번길 **, *층 (심곡동)",경기도 부천시 원미구 심곡동 ***-**,,2026-01-13 17:18:35,,180856.562890679,442953.614519394
미래애견,20160610,폐업,,0,14618,경기도 부천시 원미구 장말로 *** (상동),경기도 부천시 원미구 상동 ***-**,,2026-01-13 17:18:35,,179205.056638363,443392.138373425
멍스타,20160816,폐업,032-664-8279,0,14626,"경기도 부천시 원미구 부일로 ***, ***호 (중동, 황금빌딩)",,,2026-01-13 17:18:35,,179491.467042072,442856.232794867
나노네 반려동물 미용,20160909,폐업,,0,14753,경기도 부천시 소사구 경인로 *** (심곡본동),경기도 부천시 소사구 심곡본동 ***-**,,2026-01-13 17:18:35,,181197.457265091,442281.737147367
스마트독,20160929,폐업,,0,14643,경기도 부천시 원미구 부일로 *** (심곡동),경기도 부천시 원미구 심곡동 ***-**,,2026-01-13 17:18:35,,180935.575677476,442589.655798472
이마트 중동점,20161025,폐업,032-718-1055,0,14547,"경기도 부천시 원미구 석천로 *** (중동, 이마트)",,,2026-01-13 17:18:35,,179059.890468202,444675.160533494
강남앤캣,20161208,폐업,,0,14542,"경기도 부천시 원미구 길주로 *** (상동, 대신스카이빌)",경기도 부천시 원미구 상동 ***-* ***호,,2026-01-13 17:18:35,,178431.895435095,444903.33287479
하이롤러 코리아,20170607,폐업,,0,14544,"경기도 부천시 원미구 소향로 **, ***호 (상동, 두성프라자)",,,2026-01-13 17:18:35,,177797.075667187,444680.952966601
카페 마루리,20170615,폐업,032-351-4500,0,14698,"경기도 부천시 소사구 은성로 ***, *층 (괴안동)",,,2026-01-13 17:18:35,,182519.881163892,441409.959625037
혜인펫,20170724,폐업,032-875-7979,0,14696,"경기도 부천시 소사구 범안로 **, ***호 (괴안동, 리아아파트)",,,2026-01-13 17:18:35,,182730.979948666,442058.428350426
도그클래스,20110311,폐업,,,,,경기도 부천시 원미구 상동 ***-** 에이원프라자 ***호,,2026-01-13 17:18:35,,177903.679108673,444720.195616357
부천24시SKY동물병원,20110427,폐업,,,,,경기도 부천시 원미구 중동 ****-*,,2026-01-13 17:18:35,,179612.540614741,444582.51867931
바람난강아지,20110503,폐업,,,,,경기도 부천시 원미구 도당동 ***-**,,2026-01-13 17:18:35,,180483.65228708,444947.433697046
이지동물올케어센터,20110629,폐업,,,,,경기도 부천시 원미구 역곡동 **-* 조양시티프라자 ***호,,2026-01-13 17:18:35,,183029.832521112,442529.302194423
애니독4호점,20110629,폐업,,,,,경기도 부천시 원미구 심곡동 ***-*,,2026-01-13 17:18:35,,180309.61771245,443227.694064818
도그파파,20150826,폐업,,0,16226,"경기도 수원시 영통구 광교로 ***, *층 (이의동)",경기도 수원시 영통구 이의동,16508,2026-01-13 17:19:36,,204159.790041271,421622.575799907
도그박스,20151030,폐업,,0,16286,"경기도 수원시 장안구 송정로 *** (조원동, 박영부내과소아과)",경기도 수원시 장안구 조원동 ***-*,,2026-01-13 17:19:36,,201475.95554775,421936.985641929
DOG특한냥이,20151109,폐업,,0,16544,"경기도 수원시 영통구 매탄로 ***, *층 ***호 (매탄동, 양성프라자)",경기도 수원시 영통구 매탄동 ****-*,,2026-01-13 17:19:36,,203852.227443519,417927.086197031
애플펫,20151126,폐업,,0,16480,"경기도 수원시 팔달구 경수대로 ***, *층 (인계동)",경기도 수원시 팔달구 인계동 ***-*,,2026-01-13 17:19:36,,202266.954752117,418372.414916569
멍이맘,20160310,폐업,031-295-9107,0,16650,경기도 수원시 권선구 매송고색로 ***-* (고색동),경기도 수원시 권선구 고색동 ***-*,,2026-01-13 17:19:36,,198115.334085143,416480.06193772
치치와와,20160428,폐업,031-222-6317,0,16263,"경기도 수원시 팔달구 정조로 ***, *층 (중동)",경기도 수원시 팔달구 중동 **,,2026-01-13 17:19:36,,201379.827595119,419135.671217757
영점일프로 수원광교점,20160610,폐업,031-211-1575,0,16226,"경기도 수원시 영통구 대학*로**번길 **, *층 (이의동)",경기도 수원시 영통구 이의동 ****-*,16508,2026-01-13 17:19:37,,204001.508045647,421827.397277441
건강하개,20160614,폐업,,0,16479,"경기도 수원시 팔달구 세지로***번길 *, *층 (인계동)",경기도 수원시 팔달구 인계동 ****-*,,2026-01-13 17:19:37,,201822.70103002,418118.12250979
야옹아 멍멍해봐(수원 구운점),20160725,폐업,031-298-0049,0,16408,"경기도 수원시 권선구 금호로 ***, *층 (구운동)",경기도 수원시 권선구 구운동 ***-*,,2026-01-13 17:19:37,,197312.205142734,419178.485206765
퍼피데일리,20161031,폐업,,0,16504,"경기도 수원시 영통구 센트럴파크로***번길 **, ***호 (이의동)",경기도 수원시 영통구 이의동 ****-*,16508,2026-01-13 17:19:37,,205012.770303014,421554.430375018
까꿍이 하우스,20080710,폐업,,,,경기도 평택시 중앙로 *** (합정동),경기도 평택시 합정동 ***-**,17877,2026-01-13 17:27:05,,208525.281241084,387917.995632556
퍼피클럽,20080711,폐업,,,,경기도 평택시 지장로**번길 ** (서정동),경기도 평택시 서정동 ***-*,,2026-01-13 17:27:05,,204988.878465947,396480.427631814
해피애견,20080711,폐업,,,,경기도 평택시 탄현로 *** (신장동),경기도 평택시 신장동 ***-*,,2026-01-13 17:27:05,,204859.601565335,397350.506455189
캣 톡,20080711,폐업,,,,경기도 평택시 평택로 **-* (평택동),경기도 평택시 평택동 **-**,,2026-01-13 17:27:05,,207528.359666667,387981.601666667
서울애견,20090603,폐업,,,,경기도 평택시 안중읍 안중로***번길 **,경기도 평택시 안중읍 안중리 ***-**,,2026-01-13 17:27:05,,193554.256241248,387274.755939563
쿨펫 ?,20090603,폐업,,,,,경기도 평택시 합정동 *** 롯데마트 *층,17877,2026-01-13 17:27:05,,208026.837700317,387418.669959822
펫사랑,20091102,폐업,,,,"경기도 평택시 영신로 ** (지제동,이마트 *층)",경기도 평택시 지제동 ** 이마트 *층,17840,2026-01-13 17:27:05,,206675.071220529,391060.040415712
캣빌리지,20170824,폐업,,0,14610,"경기도 부천시 원미구 부흥로 ***, ***호 (중동, 계남아카데미빌딩)",,,2026-01-13 17:18:35,,179664.054462155,443669.47628955
펫토리,20170907,폐업,1800-8737,0,14625,경기도 부천시 원미구 부일로 *** (상동),,,2026-01-13 17:18:35,,179096.807774426,442923.88818329
패밀리와와,20170914,폐업,,0,14767,경기도 부천시 소사구 은성로**번길 ** (소사본동),,,2026-01-13 17:18:35,,182099.268903265,441143.749416457
가족의탄생,20171107,폐업,,0,14630,"경기도 부천시 원미구 부천로**번길 **, ***호 (심곡동, 다우빌)",경기도 부천시 원미구 심곡동 ***-* 다우빌,,2026-01-13 17:18:35,,180665.397347951,443267.675598614
강아지에 반하다,20171130,폐업,,0,14728,"경기도 부천시 소사구 경인로 **, *층 (송내동)",경기도 부천시 소사구 송내동 ***-*,,2026-01-13 17:18:35,,178915.890977687,442388.302964648
Idogcare,20171214,폐업,,0,14625,경기도 부천시 원미구 부일로***번길 ** (상동),경기도 부천시 원미구 상동 ***,,2026-01-13 17:18:35,,179078.843214466,442844.219287649
베이비몽 부천점,20180111,폐업,,0,14544,"경기도 부천시 원미구 소향로**번길 **, 테마파크 ***호 (상동)",경기도 부천시 원미구 상동 ***-** 테마파크,,2026-01-13 17:18:35,,177777.506835431,444738.057623797
엘제이펫,20180202,폐업,,0,14673,"경기도 부천시 원미구 부일로 ***, ***호 (역곡동)",경기도 부천시 원미구 역곡동 **-*,,2026-01-13 17:18:35,,183029.832521112,442529.302194423
하이주리테일,20180404,폐업,070-7767-0815,0,14542,"경기도 부천시 원미구 길주로 ***, 세이브존백화점 *층 (상동)",경기도 부천시 원미구 상동 ***-* 세이브존백화점,,2026-01-13 17:18:35,,178164.089422238,444938.813535045
해피펫타운부천점,20180412,폐업,,0,14609,"경기도 부천시 원미구 장말로 ***-*, *층 (중동)",경기도 부천시 원미구 중동 ***-*,,2026-01-13 17:18:35,,179371.254542644,443392.965388223
이레펫스토리,20210218,폐업,,0,13385,"경기도 성남시 중원구 성남대로 ****, *층 (하대원동)",경기도 성남시 중원구 하대원동 ***-* *층,,2026-01-13 17:19:06,,211426.841799283,436306.898558992
퍼피업,20211215,폐업,,0,13467,"경기도 성남시 분당구 운중로***번길 *, ***호 (운중동)",경기도 성남시 분당구 운중동 ****-*,,2026-01-13 17:19:06,,207348.439886152,432008.370387208
도그마루 강아지 고양이 위례강동점,20220727,폐업,,0,13640,"경기도 성남시 수정구 위례광장로 ***, 창곡동 ***번지 ***/***호 (창곡동)",경기도 성남시 수정구 창곡동 *** 창곡동 ***번지 ***/***호,,2026-01-13 17:19:06,,212556.476317272,441263.937106941
아워 베스트 프렌드,20220831,폐업,,0,13647,"경기도 성남시 수정구 위례서일로*길 **, ***호,***호 (창곡동)","경기도 성남시 수정구 창곡동 *** ***호, ***호",,2026-01-13 17:19:06,,212141.623272928,440562.687891329
포에버위드유,20220901,폐업,,0,13426,"경기도 성남시 중원구 도촌로*번길 *, 래일스타 *층 (도촌동)",경기도 성남시 중원구 도촌동 *** 래일스타 *층,,2026-01-13 17:19:06,,213308.469107233,434770.135277088
펫츠고,20110824,폐업,,,,,경기도 부천시 원미구 상동 ***-*,,2026-01-13 17:18:35,,178267.428293028,444706.144749999
초이스펫,20111104,폐업,,,,,경기도 부천시 원미구 상동 ***,,2026-01-13 17:18:35,,179078.843214466,442844.219287649
큐피트 동물병원,20120130,폐업,032-666-7975,,14635,경기도 부천시 원미구 부일로 ***-* (심곡동),경기도 부천시 원미구 심곡동 ***-**,,2026-01-13 17:18:35,,180472.098846253,442717.913709294
CS PET,20120208,폐업,,,,,경기도 부천시 원미구 상동 ***-*,,2026-01-13 17:18:35,,178262.269382178,442891.925045605
애견천사,20120213,폐업,,,,,경기도 부천시 원미구 심곡동 ***-**,,2026-01-13 17:18:35,,180206.071466755,442706.280602754
꽃개랑꽃냥이,20120413,폐업,,,,경기도 부천시 원미구,경기도 부천시 원미구 심곡동 ***-**,,2026-01-13 17:18:35,,180906.251177398,442842.719560756
준이네집,20120416,폐업,,,,,경기도 부천시 원미구 상동 ***,,2026-01-13 17:18:35,,179051.550363298,442848.504350352
바우스토리,20120503,폐업,,,,경기도 부천시 원미구,경기도 부천시 원미구 상동 ***-**,,2026-01-13 17:18:35,,177777.506835431,444738.057623797
프린세스 말티즈,20120604,폐업,,,,,경기도 부천시 원미구 심곡동 ***-*,,2026-01-13 17:18:35,,180456.488237928,442737.864436645
갤러리캣,20120604,폐업,032-610-4523,,,,경기도 부천시 원미구 상동 ***-* 디아뜨갤러리****호,,2026-01-13 17:18:35,,177772.003680671,445079.575694137
엔젤퍼피,20120709,폐업,,,,,경기도 부천시 오정구 여월동 **-**,,2026-01-13 17:18:35,,182504.749177761,446028.745731361
(주)그린아쿠아펫,20121024,폐업,,,,,경기도 부천시 원미구 중동 **** 홈플러스 중동점 수족관,,2026-01-13 17:18:35,,180055.338981845,444675.457254185
수족관(더블루벨),20121109,폐업,,,,,경기도 부천시 소사구 심곡본동 ***-*,,2026-01-13 17:18:35,,180724.703317877,442449.069631369
수애견,20121212,폐업,,,,,경기도 부천시 소사구 소사본동 **-**,,2026-01-13 17:18:35,,181730.466138337,442219.662103849
예스독,20130227,폐업,,0,,,경기도 부천시 원미구 중동 ***,,2026-01-13 17:18:35,,179321.390849602,442897.31801076
온누리팻샵,20120918,폐업,,0,14651,경기도 부천시 원미구 부일로 *** (소사동),경기도 부천시 원미구 소사동 **-**,,2026-01-13 17:18:35,,181367.906138452,442517.808672612
행복한강아지,20080808,폐업,031-237-1098,0,16656,경기도 수원시 권선구 덕영대로****번길 ** (세류동),경기도 수원시 권선구 세류동 ***-**,,2026-01-13 17:19:36,,201077.024652303,416421.732832769
남문동물병원,20080806,폐업,031-248-0598,,,경기도 수원시 팔달구 정조로 *** (중동),경기도 수원시 팔달구 중동 ***-*,,2026-01-13 17:19:36,,201369.30107686,419011.673191868
애견러브하우스,20091013,폐업,,0,16476,경기도 수원시 팔달구 세지로***번길 **-* (인계동),경기도 수원시 팔달구 인계동 ***-*,,2026-01-13 17:19:36,,201967.670078343,418316.076950326
까비애견샵,20090623,폐업,031-898-6821,,,,경기도 수원시 권선구 세류동 ****-**** (*층),,2026-01-13 17:19:36,,201449.783201064,417211.943083925
퍼피랑,20091210,폐업,,0,,경기도 평택시 중앙로 *** (비전동),경기도 평택시 비전동 ***-**,,2026-01-13 17:27:05,,208441.689665807,387975.471663044
일성애견,20101201,폐업,,,,경기도 평택시 평택로 ** (평택동),경기도 평택시 평택동 **-*,,2026-01-13 17:27:05,,207727.787961804,387777.827481614
독스클럽,20110425,폐업,,,,경기도 평택시 평택로**번길  (평택동),경기도 평택시 평택동 **-**,,2026-01-13 17:27:05,,207559.544135947,387954.173194547
뽀뽀 PET SHOP 할인매장,20110805,폐업,031-666-0013,,,,경기도 평택시 이충동 ***-*,,2026-01-13 17:27:05,,205213.296098032,395057.426660042
티니독,20111026,폐업,,,,경기도 평택시 중앙로 *** (비전동),경기도 평택시 비전동 ***-**,,2026-01-13 17:27:05,,208607.718575424,387940.071419219
애견친구들,20120319,폐업,,,,경기도 평택시 평택로 **-* (세교동),경기도 평택시 평택동 **-**,,2026-01-13 17:27:05,,207519.918886655,387996.951009074
해피애견,20120412,폐업,,,,"경기도 평택시 팽성읍 안정순환로***번길 , A동 ***층 (가든빌라)",경기도 평택시 팽성읍 안정리 ***-** 가든빌라 A동 ***호,,2026-01-13 17:27:05,,,
아크아플러스(주)홈플러스송탄점,20120820,폐업,031-8053-8000,,,경기도 평택시 경기대로 **** (독곡동),경기도 평택시 장당동 ***-*,,2026-01-13 17:27:05,,205228.393696342,393704.000108834
우일사,20120913,폐업,,,,,경기도 평택시 비전동 ***-* 뉴코아아울렛 지하*층,,2026-01-13 17:27:05,,209947.80648191,388208.048761482
AP동물병원,20130315,폐업,031-263-0085,0,16828,경기도 용인시 수지구 수지로 *** (동천동),경기도 용인시 수지구 동천동 ***-*,,2026-03-26 22:51:43,,208565.190002837,425808.708663829
아쿠아오리지널 롯데마트 평택점,20121102,폐업,031-711-7785,,,경기도 평택시 평택*로 ** (비전동),경기도 평택시 합정동 ***-* 롯데마트 평택점 *층,17877,2026-01-13 17:27:05,,209876.420133429,387425.098329575
김기혁동물용품백화점,20130708,폐업,031-618-8276,0,,,경기도 평택시 평택동 **-**,,2026-01-13 17:27:05,,207456.906619108,388091.254317313
코리아동물병원,20130724,폐업,031-656-0524,0,,,경기도 평택시 비전동 ***-**,,2026-01-13 17:27:05,,208717.152690817,387910.10185707
러브펫 멀티펫샵 평택포승점,20140725,폐업,,0,17955,경기도 평택시 포승읍 여술로**번길 **,경기도 평택시 포승읍 도곡리 ****-*,,2026-01-13 17:27:05,,186384.779922153,387343.470666107
KOREA KO,20141022,폐업,,0,17815,경기도 평택시 안중읍 서동대로 ****-**,경기도 평택시 안중읍 성해리 ***-*,,2026-01-13 17:27:05,,190868.68509729,387436.797993014
꼬꼬마강아지,20160406,폐업,,0,14593,경기도 부천시 원미구 상이로**번길 **-* (상동),경기도 부천시 원미구 상동 ***-*,,2026-01-13 17:18:35,,177164.507842145,443225.818056047
도그킹덤,20160506,폐업,032-326-6626,0,14548,"경기도 부천시 원미구 중동로***번길 ** (중동, 네이버시티빌딩)",경기도 부천시 원미구 중동 ****-* ***호,,2026-01-13 17:18:35,,179736.598525824,444356.066748781
(주)이마트 분당점,20110601,폐업,,0,,경기도 성남시 분당구 불정로 *** (정자동),경기도 성남시 분당구 정자동 ***,,2026-01-13 17:19:05,,210542.529800466,428535.664844133
펫토피아 동물병원,20111014,폐업,,0,,"경기도 성남시 분당구 불정로 *** (수내동,그린프라자 *층)",경기도 성남시 분당구 수내동 **-* 그린프라자 *층,,2026-01-13 17:19:05,,211239.634498391,429456.03659767
노드375,20221118,폐업,,0,13594,"경기도 성남시 분당구 수내로 **, ***-*호 (수내동, 분당지웰푸르지오)",경기도 성남시 분당구 수내동 *-* 분당지웰푸르지오,,2026-01-13 17:19:06,,210336.219223619,431064.038078129
상상DOG(상상도그),20221214,폐업,,0,13640,"경기도 성남시 수정구 위례광장로 ***, 위례 한화 오벨리스크 센트럴스퀘어 *층 ****호 (창곡동)",경기도 성남시 수정구 창곡동 *** 위례 한화 오벨리스크 센트럴스퀘어,,2026-01-13 17:19:06,,212425.560064934,441216.370400153
츄스타일(chu style),20230119,폐업,,0,13647,"경기도 성남시 수정구 위례서일로*길 **-*, *층 ***, ***호 (창곡동)","경기도 성남시 수정구 창곡동 ***-* ***,호",,2026-01-13 17:19:06,,212203.772581833,440559.758068825
벨벳하우스,20230418,폐업,,0,13536,"경기도 성남시 분당구 판교역로**번길 **, *층 (백현동)",경기도 성남시 분당구 백현동 ***-*,,2026-01-13 17:19:06,,209758.600180265,431540.172406207
몽글몽글펫,20180122,폐업,031-613-9708,0,18433,"경기도 화성시 동탄구 동탄지성로 ***, 아이비타워 ***호 (능동)",경기도 화성시 동탄구 능동 ****-* 아이비타워 ***호,,2026-02-12 21:32:50,,205243.702547802,412014.907976033
하하랜독 강아지와고양이,20180306,폐업,,0,18606,"경기도 화성시 만세구 향남읍 발안양감로 ***, 메인탑프라자 ***호",경기도 화성시 만세구 향남읍 하길리 ****-*,,2026-02-01 10:34:17,,192175.570936614,401562.747105647
낭만고양이 동탄점,20180329,폐업,,0,18435,"경기도 화성시 동탄구 동탄공원로*길 **-**, ***호 (반송동)",경기도 화성시 동탄구 반송동  **-* ***호,,2026-02-01 10:34:17,,205453.655121918,411770.037043957
에이벨,20180410,폐업,,0,18252,"경기도 화성시 만세구 남양읍 남이로**번길 **-**, *층",경기도 화성시 만세구 남양읍 수화리 *** *층,18252,2026-02-01 10:34:17,,184180.774211802,416517.115256052
BUBU&amp;DOG,20180417,폐업,031-358-5606,0,18566,경기도 화성시 만세구 우정읍 장안로 **,경기도 화성시 만세구 우정읍 조암리 ***-*,,2026-02-01 10:34:17,,183912.806955361,398522.186074192
톰과제리 캣샵,20180607,폐업,,0,18271,"경기도 화성시 만세구 남양읍 역골로 **, 유신빌B *층",경기도 화성시 만세구 남양읍 남양리 ****-*,,2026-02-01 10:34:17,,184408.427929389,411376.745429624
도담펫,20180615,폐업,,0,18422,"경기도 화성시 동탄구 여울로*길 **, ***호 (능동)",경기도 화성시 동탄구 능동 ****-** ***호,,2026-02-12 21:32:50,,204701.891988844,412560.215820371
플레이어스,20180731,폐업,,0,18459,"경기도 화성시 동탄구 노작로*길 **-*, *층 (반송동)",경기도 화성시 동탄구 반송동  ***-*,,2026-02-01 10:34:17,,206933.803068273,410517.468179562
우리데코,20180808,폐업,,0,18284,"경기도 화성시 효행구 비봉면 양노로 ***, *층",경기도 화성시 효행구 비봉면 양노리 ***-*,,2026-02-01 10:34:18,,188754.698091398,415026.452396477
펫아일랜드-동탄점,20181105,폐업,031-8050-3250,0,18422,경기도 화성시 동탄구 여울로 *** (능동),경기도 화성시 동탄구 능동 ****-*,,2026-02-12 21:32:50,,205049.565523793,412724.794742584
예뜰,20181113,폐업,,0,18577,경기도 화성시 만세구 팔탄면 온천로 ***,경기도 화성시 만세구 팔탄면 덕천리 ***-*,,2026-02-01 10:34:18,,188537.131083499,404810.124404405
몽이마을,20220221,폐업,031-225-7925,0,18321,"경기도 화성시 효행구 봉담읍 와우안길 **, *층",경기도 화성시 효행구 봉담읍 와우리 ***-*,,2026-02-01 10:34:18,,197666.564559919,412858.80921995
멍하트 강아지분양 동탄점,20220509,폐업,,0,18469,"경기도 화성시 동탄구 동탄첨단산업*로 **, 동탄케이밸리 ***호 (영천동)",경기도 화성시 동탄구 영천동  ***-**,,2026-02-01 10:34:18,,208041.340974741,412060.110598187
스마일퍼피 강아지분양 동탄점,20220919,폐업,,0,18454,"경기도 화성시 동탄구 메타폴리스로 **-**, 센트럴S타운 B**호 (반송동)",경기도 화성시 동탄구 반송동  **-* 센트럴S타운,,2026-02-01 10:34:18,,206353.979961509,411229.342613926
무드독,20221025,폐업,,0,18309,"경기도 화성시 효행구 봉담읍 상리중심상가길 *-*, *층 ***호",경기도 화성시 효행구 봉담읍 상리 ***-*,,2026-02-01 10:34:18,,195171.147648202,413607.404761459
참누리동물병원,20110705,폐업,,,,경기도 시흥시 대은로 ** (대야동),경기도 시흥시 대야동 ***-*,,2026-03-10 21:36:00,,181992.191375186,438080.194127793
펫츠나라,20110810,폐업,031-314-0706,,,경기도 시흥시 수인로 ****-* (신천동),경기도 시흥시 신천동 ***-*,,2026-03-10 21:36:00,,180804.91720934,437704.197630953
에덴 급수원,20120906,폐업,,,,경기도 시흥시 과림저수지길 ** (과림동),경기도 시흥시 과림동 ***-*,,2026-03-10 21:36:03,,184615.940707207,439113.025374436
오픈주,20121120,폐업,,,,,경기도 시흥시 산현동 ***-*,,2026-03-10 21:36:03,,185572.404323873,429374.706423378
열린 cat.dog,20121203,폐업,,0,,경기도 시흥시 정왕시장길 **-* (정왕동),경기도 시흥시 정왕동 ****-**,15119,2026-03-10 21:36:03,,177503.355,426868.6355
큐티펫애견샆,20130530,폐업,031-318-4789,0,14995,"경기도 시흥시 장현능곡로 ***, ***호 (능곡동, 능곡프라자)",경기도 시흥시 능곡동 *** 능곡프라자 ***호,,2026-03-10 21:36:05,,183158.887773636,429720.68833487
프라임캣,20130717,폐업,,0,14966,"경기도 시흥시 월곶중앙로**번길 **, *층 (월곶동)",경기도 시흥시 월곶동 ***-*,,2026-03-10 21:36:05,,177168.319733325,432025.543845594
Dog을품은언니,20130823,폐업,,0,15053,"경기도 시흥시 봉우재로**번길 **, *층 (정왕동)",경기도 시흥시 정왕동 ****-* (*층),15119,2026-03-10 21:36:05,,177392.199029808,427476.613447603
비비도리스애견샵,20090527,폐업,031-258-4860,,,"경기도 수원시 팔달구 수성로***번길 ** (화서동,위브하늘채 상가 ***-***호)",경기도 수원시 팔달구 화서동 *** 위브하늘채 상가 ***-***호,,2026-01-13 17:19:36,,199979.646433005,420715.244733315
쿨펫동물병원(원천점),20090527,폐업,,0,16513,경기도 수원시 영통구 중부대로 *** (원천동),경기도 수원시 영통구 원천동 ***-* 원천홈플러스(*층),,2026-01-13 17:19:36,,205572.586871555,418683.704929064
펫프렌즈동물병원,20090527,폐업,031-292-1545,,,"경기도 수원시 권선구 수인로 *** (구운동,이마트(*층))",경기도 수원시 권선구 구운동 *** 이마트(*층),,2026-01-13 17:19:36,,197288.720762935,420051.3394073
쿨펫동물병원(롯데마트 권선점),20100824,폐업,031-237-1175,0,,,경기도 수원시 권선구 권선동 ****-**** 롯데마트 권선점 (*층),,2026-01-13 17:19:36,,203008.631510845,416482.021790235
뷰티펫,20100611,폐업,031-278-3593,,,,경기도 수원시 권선구 탑동 ***-**** (*층),,2026-01-13 17:19:36,,198103.176881394,418608.134988069
쿨펫동물병원(영통점),20100113,폐업,,0,16703,경기도 수원시 영통구 봉영로 **** (영통동),경기도 수원시 영통구 영통동 그랜드백화점(*층),16703,2026-01-13 17:19:36,,206280.421991805,416752.265654667
강아지방울고양이방울,20100210,폐업,070-8711-2900,0,16357,경기도 수원시 장안구 덕영대로***번길 * (율전동),경기도 수원시 장안구 율전동 ***-*,,2026-01-13 17:19:36,,197250.798759823,422164.942959982
베스트동물병원,20100507,폐업,031-268-7582,,,,경기도 수원시 장안구 천천동 ***-**** 로얄프라자(*층),,2026-01-13 17:19:36,,198369.132871261,421688.986137766
뷰티펫동물병원,20101124,폐업,02036757749,0,16610,경기도 수원시 권선구 서둔로 *** (탑동),경기도 수원시 권선구 탑동 ***-*,,2026-01-13 17:19:36,,198103.176881394,418608.134988069
미미애견,20110126,폐업,,,,,경기도 수원시 권선구 권선동 ****-****,,2026-01-13 17:19:36,,202585.182117518,417279.766388999
로라펫살롱,20110311,폐업,,0,,"경기도 수원시 권선구 세권로**번길 **-* (세류동,수원권선어울림상가 ***호)",경기도 수원시 권선구 세류동 **** 수원권선어울림상가 ***호,,2026-01-13 17:19:36,,200802.325197708,417542.339695722
도그스토리,20110516,폐업,,,,경기도 수원시 팔달구 정조로 *** (중동),경기도 수원시 팔달구 중동 **,,2026-01-13 17:19:36,,201377.208178159,419120.871664555
귀여운동물병원,20110623,폐업,031-211-8333,,,"경기도 수원시 팔달구 중부대로 *** (우만동,신아빌딩 D동 ***호)",경기도 수원시 팔달구 우만동 *** 신아빌딩 D동 ***호,,2026-01-13 17:19:36,,202817.286690611,419613.926087748
요술강아지,20110901,폐업,,,,,경기도 수원시 영통구 매탄동 ****-****,,2026-01-13 17:19:36,,204114.987341223,417727.222236609
펫라이프,20110923,폐업,031-226-6220,,,,경기도 수원시 팔달구 인계동 ****-****,,2026-01-13 17:19:36,,202465.848874407,418217.673859434
시드니 동물병원,20111014,폐업,,,,경기도 성남시 수정구 태평로 ** (태평동),경기도 성남시 수정구 태평동 ****,,2026-01-13 17:19:05,,211258.105969116,438416.451503553
랑 애견하우스,20111031,폐업,031-743-6631,,,경기도 성남시 수정구 수정로 *** (신흥동),경기도 성남시 수정구 신흥동 **-*,,2026-01-13 17:19:05,,212768.817159624,438462.465222042
펫아일럿,20111122,폐업,070-8193-2835,,,경기도 성남시 수정구 수정로 *** (신흥동),경기도 성남시 수정구 신흥동 ****,,2026-01-13 17:19:05,,212433.302809867,437937.817490204
행복한동물병원,20111205,폐업,031-8017-5575,,,"경기도 성남시 분당구 동판교로 ***, ***호 (삼평동,상가동)",경기도 성남시 분당구 삼평동 *** 상가동 ***호,,2026-01-13 17:19:05,,210110.74975285,433398.606087044
수아동물병원,20111228,폐업,031-708-3100,0,,"경기도 성남시 분당구 판교로 *** (야탑동,제일빌딩)",경기도 성남시 분당구 야탑동 ***-* 제일빌딩,,2026-01-13 17:19:05,,210707.796083629,433746.568200569
판교 VIP동물병원,20120229,폐업,031-8017-5558,,,경기도 성남시 분당구 서판교로 ** (판교동),경기도 성남시 분당구 판교동 ***-*,,2026-01-13 17:19:05,,208600.25834555,431991.076676201
양순애견,20120621,폐업,,0,,경기도 성남시 수정구 수정로 *** (신흥동),경기도 성남시 수정구 신흥동 **-*,,2026-01-13 17:19:05,,212768.817159624,438462.465222042
㈜에이플러스 야탑점,20120827,폐업,031-705-2080,0,,경기도 성남시 분당구 성남대로***번길 ** (야탑동),경기도 성남시 분당구 야탑동 ***,,2026-01-13 17:19:05,,211202.148849893,434560.911834998
㈜에이플러스 분당오리점,20120827,폐업,031-884-2080,0,,경기도 성남시 분당구 탄천상로***번길 ** (구미동),경기도 성남시 분당구 구미동 ***,,2026-01-13 17:19:05,,209409.160207927,426451.358939753
낭만고양이,20130109,폐업,,0,13477,경기도 성남시 분당구 운중로***번길 ** (판교동),경기도 성남시 분당구 판교동 ***-*,,2026-01-13 17:19:05,,207851.200340656,432123.887461723
펫팰리스,20131023,폐업,031-718-1777,0,13552,"경기도 성남시 분당구 대왕판교로 ***, 나동 지층 (금곡동)",경기도 성남시 분당구 금곡동 ***-**,,2026-01-13 17:19:05,,208981.279578939,428674.667387579
꽃강아지,20131105,폐업,031-701-2770,0,13568,"경기도 성남시 분당구 양현로**번길 *, ***호 (이매동, 대명프라자)",경기도 성남시 분당구 이매동 ***-*,,2026-01-13 17:19:05,,211036.821989533,432204.908007841
에버펫동물병원,20131122,폐업,031-714-1175,0,13615,"경기도 성남시 분당구 성남대로 *** (금곡동, 천사의도시)",경기도 성남시 분당구 금곡동 ***-*** 천사의도시,,2026-01-13 17:19:05,,209524.675442983,427639.852581088
러브펫멀티펫샵,20131204,폐업,031-711-8191,0,13609,경기도 성남시 분당구 내정로***번길 ** (정자동),경기도 성남시 분당구 정자동 **-*,,2026-01-13 17:19:05,,209935.783340031,430069.666253337
멍브로,20131223,폐업,070-8777-7960,0,13290,"경기도 성남시 수정구 수정로 ***, *층 (태평동)",경기도 성남시 수정구 태평동 ****-**,,2026-01-13 17:19:05,,212287.099518343,437939.489370754
파라다이스독,20140304,폐업,070-7736-1112,0,13250,"경기도 성남시 중원구 희망로 ***, *층 (중앙동)",경기도 성남시 중원구 중앙동 *** *층,,2026-01-13 17:19:05,,213893.412313928,437871.10293923
이리온동물병원(병점점),20181128,폐업,,0,18412,"경기도 화성시 병점구 경기대로 ***, 홈플러스 병점점 *층 (병점동)",경기도 화성시 병점구 병점동  ***-* 홈플러스 병점점,,2026-02-01 10:34:18,,203188.196856075,411313.309756104
부부앤도그,20190107,폐업,,0,18566,"경기도 화성시 만세구 우정읍 장안로 **, *층층",경기도 화성시 만세구 우정읍 조암리 ***-*,,2026-02-01 10:34:18,,183912.806955361,398522.186074192
수원랜드,20190130,폐업,,0,18537,경기도 화성시 만세구 마도면 두곡서길**번길 **,경기도 화성시 만세구 마도면 두곡리 ***,,2026-02-01 10:34:18,,180471.898082575,411393.784208785
카페체셔,20190308,폐업,,0,18412,"경기도 화성시 병점구 떡전골로 **-*, 미라클 프라자 *층 (병점동)",경기도 화성시 병점구 병점동  ***-* 미라클 프라자,,2026-02-01 10:34:18,,202975.729734666,411680.382141823
야옹아 멍멍해봐,20190618,폐업,,0,18453,"경기도 화성시 동탄구 동탄원천로 ***, 위너스타 ***, ***호 (반송동)",경기도 화성시 동탄구 반송동  **-* 위너스타,,2026-02-01 10:34:18,,206471.194103481,411723.937975842
테오,20080709,폐업,,,,,경기도 여주시 홍문동 **,,2026-03-10 21:33:14,,256351.288108837,421772.590479693
퍼피퍼피,20080709,폐업,031-885-1661,,,,경기도 여주시 창동 ***-*,,2026-03-10 21:33:16,,256201.893028129,421721.214735968
강아지와고양이,20081029,폐업,031-883-5588,,,,경기도 여주시 창동 ***-**,,2026-03-10 21:33:20,,256309.377452977,421547.865909043
쿨펫 여주점,20100402,폐업,031-885-7588,,,,경기도 여주시 홍문동 ***-* 이마트 *층,,2026-03-10 21:33:20,,256448.248498212,420406.438944007
멋내는 애견,20160902,폐업,,0,12627,경기도 여주시 세종로 ** (홍문동),경기도 여주시 홍문동 **-*,,2026-03-10 21:34:37,,256320.903448729,421590.551039844
더 행복하개,20180320,폐업,,0,12627,"경기도 여주시 세종로 **, *층 (창동)",경기도 여주시 창동 ***-**,,2026-03-10 21:34:39,,256301.842669114,421527.642599457
사랑 애견 분양 카페,20190104,폐업,,0,12631,"경기도 여주시 세종로**번길 **, 모범빌딩 (홍문동)",경기도 여주시 홍문동 *** 모범빌딩,,2026-03-10 21:34:42,,256497.574954433,421326.704771123
웃는강아지,20160222,폐업,,0,15543,경기도 안산시 상록구 반석로 ** (본오동),경기도 안산시 상록구 본오동 ***-* ***호,,2026-03-26 22:46:09,,188460.00642878,421608.068352491
펫츠고,20160314,폐업,031-405-9991,0,15294,"경기도 안산시 상록구 충장로 ***, *층 (성포동, 홈플러스 안산점)",경기도 안산시 상록구 성포동 홈플러스 *층,,2026-03-26 22:46:09,,186639.994472089,423921.240397456
캣츠스토리 장화신은고양이,20160328,폐업,031-414-2005,0,15461,"경기도 안산시 단원구 광덕*로 *** (고잔동, 트윈타운)",경기도 안산시 단원구 고잔동 트윈타운 A동 ***-*호,,2026-03-26 22:46:10,,184718.323201476,423657.325483107
개날라리,20160603,폐업,031-484-8658,0,15284,"경기도 안산시 상록구 충장로 *** (월피동, 안산현대*차아파트 상가동(B동))",,,2026-03-26 22:46:10,,186651.484470924,425455.065152743
제이펫,20160613,폐업,070-4154-7676,0,15521,경기도 안산시 상록구 건건로 ** (건건동),,,2026-03-26 22:46:10,,191333.637991612,422730.470169567
파충류이야기,20160622,폐업,,0,15496,"경기도 안산시 상록구 석호로 **, ***호 (이동)",,,2026-03-26 22:46:10,,186401.334431024,422902.474222077
헬로우캣,20160824,폐업,,0,15461,"경기도 안산시 단원구 광덕*로 ***-*, ***호 (고잔동, 신명타운)",,,2026-03-26 22:46:10,,184697.883167707,423490.576514282
우아한개,20161104,폐업,,0,15245,"경기도 안산시 단원구 와동공원로 ***, 빅맨할인매장 *층 (와동)",경기도 안산시 단원구 와동 *** 빅맨할인매장,,2026-03-26 22:46:10,,184113.145,426695.065
쥬블리 펩샵,20161117,폐업,031-484-0285,0,15462,"경기도 안산시 단원구 광덕*로 ***-**, ***호 (고잔동, 삼성타운)",,,2026-03-26 22:46:10,,185009.555650292,423582.017857749
피플앤독,20170403,폐업,031-405-4987,0,15477,"경기도 안산시 단원구 광덕대로 *** (고잔동, 크리스탈빌딩)",경기도 안산시 단원구 고잔동 ***-*,,2026-03-26 22:46:10,,184915.885,423016.894999999
샤워하개,20170515,폐업,031-405-9991,0,15552,경기도 안산시 상록구 석호로 ***-* (본오동),경기도 안산시 상록구 본오동 ***-*,,2026-03-26 22:46:10,,187683.682061249,421277.533907594
개스트하우스,20170704,폐업,031-482-0245,0,15280,"경기도 안산시 상록구 충장로 ***, ***호 (월피동)",경기도 안산시 상록구 월피동 ***-* ***호,,2026-03-26 22:46:10,,186959.613233382,425776.703319181
애견사랑,20100204,폐업,031-313-5021,,,경기도 시흥시 호현로 ** (대야동),경기도 시흥시 대야동 ***-**,,2026-03-10 21:35:55,,181183.28,438430.885
머피애견,20100331,폐업,031-497-9464,,,"경기도 시흥시 군서로**번길 *-* (정왕동,(*층))",경기도 시흥시 정왕동 ****-** (*층),15119,2026-03-10 21:35:55,,177716.54,427068.891
이지동물병원,20101228,폐업,031-314-7975,,,"경기도 시흥시 비둘기공원로 **, ***호 (대야동)",경기도 시흥시 대야동 ***-* ***호,,2026-03-10 21:35:57,,181546.832263878,438000.766205583
핫도그,20110307,폐업,,,,경기도 시흥시 큰솔로 ** (정왕동),경기도 시흥시 정왕동 ****-*,15119,2026-03-10 21:35:57,,177963.424698185,426575.939952421
댕꼬미 강아지분양 애견목욕 남양주진접오남점,20230414,폐업,,0,12050,"경기도 남양주시 오남읍 진건오남로 ***, 상가동 *층 ***호 (남양주오남리금호어울림)",경기도 남양주시 오남읍 오남리 *** 남양주오남리금호어울림,,2026-01-13 17:17:35,,218301.072636912,463938.129624536
가야애견,20130411,폐업,031-216-8092,0,,,"경기도 용인시 수지구 상현동 광교택지개발지구 근생**-*, *층",,2026-03-26 22:51:43,,,
묘하개,20190320,폐업,,0,11740,"경기도 의정부시 추동로 *, 휴먼시티 *층 ***호 (신곡동)",경기도 의정부시 신곡동 *** 휴먼시티,,2026-01-13 17:25:34,,204960.460041954,471173.71076545
해피독,20190523,폐업,,0,11711,경기도 의정부시 평화로 *** (호원동),경기도 의정부시 호원동 ***-**,,2026-01-13 17:25:34,,204101.514799634,467702.552267985
펫하우스,20140624,폐업,,0,13467,"경기도 성남시 분당구 운중로***번길 *-*, ***호 (운중동)",경기도 성남시 분당구 운중동 ****,,2026-01-13 17:19:05,,207093.264227983,432090.355970595
경기관상어,20141215,폐업,02-2613-7829,0,13590,"경기도 성남시 분당구 황새울로***번길 **, 지하*층 (서현동, 롯데마트)",경기도 성남시 분당구 서현동 ***,,2026-01-13 17:19:05,,210610.797991188,431555.137739279
스타켓,20170124,폐업,031-658-8255,0,17848,"경기도 평택시 평남로 ****, *층 ***호 (동삭동)",경기도 평택시 동삭동 ***-* ***호,18030,2026-01-13 17:27:05,,208354.059089971,389814.735187844
연인 애견 카페,20150714,폐업,070-4157-9563,0,17733,"경기도 평택시 서정로 ***, *호 (서정동)",,,2026-01-13 17:27:05,,205791.363903162,395932.136558831
안중애견,20161118,폐업,,0,17808,경기도 평택시 청북읍 안청로*길 *,경기도 평택시 청북읍 옥길리 ****-*,,2026-01-13 17:27:05,,192465.04187763,390579.753637566
도그 타운 클럽,20150925,폐업,,0,17982,"경기도 평택시 팽성읍 안정순환로***번길 **, *층",경기도 평택시 팽성읍 안정리 **-***,,2026-01-13 17:27:05,,203894.146810509,384469.675939648
트윙클독,20151105,폐업,031-682-6066,0,17936,경기도 평택시 안중읍 안현로서*길 **,경기도 평택시 안중읍 현화리 **-*,,2026-01-13 17:27:05,,193427.517214725,386976.639802229
도그타운클럽 & 쇼그루밍,20160203,폐업,031-654-9614,0,17982,경기도 평택시 팽성읍 안정순환로***번길 **,경기도 평택시 팽성읍 안정리 **-*** *층,,2026-01-13 17:27:05,,203894.146810509,384469.675939648
안중 동물 메디컬센터,20160406,폐업,,0,17933,경기도 평택시 안중읍 안중로 ***,경기도 평택시 안중읍 안중리 ***-**,,2026-01-13 17:27:05,,193888.543883649,387527.261079672
The Dog Shop,20160414,폐업,031-655-4702,0,17911,경기도 평택시 평택*로*번길 ** (평택동),경기도 평택시 평택동 **-*,,2026-01-13 17:27:05,,207525.187277769,388043.06070479
스타애견,20160530,폐업,,0,,,경기도 평택시 청북면 옥길리 ***-*,,2026-01-13 17:27:05,,,
페이스독(Face Dog),20160722,폐업,031-663-6625,0,17762,경기도 평택시 송탄로 *** (지산동),경기도 평택시 지산동 ***-*,,2026-01-13 17:27:05,,205093.876508642,397323.833906876
깐돌이네 애견샵,20160913,폐업,031-654-7333,0,17918,경기도 평택시 통복로**번길 **-** (평택동),경기도 평택시 평택동 **-*,,2026-01-13 17:27:05,,207526.15414938,387924.249206123
Ace도그,20190311,폐업,,0,14542,"경기도 부천시 원미구 길주로 ***, 상록그린힐빌딩 *층 ***호 (상동)",경기도 부천시 원미구 상동 ***-* 상록그린힐빌딩,,2026-01-13 17:18:35,,178504.051740812,444903.471908214
더독스,20190405,폐업,,0,14548,"경기도 부천시 원미구 신흥로 ***, 트리플타워B 비동 ***호 (중동)",경기도 부천시 원미구 중동 ****-* 트리플타워B,,2026-01-13 17:18:35,,180128.584968128,444399.936784896
상아쿠아 주식회사,20190603,폐업,032-672-5250,0,14418,"경기도 부천시 오정구 성지로 **, 성호빌딩 *층 (원종동)",경기도 부천시 오정구 원종동 ***-* 성호빌딩,,2026-01-13 17:18:35,,183217.731654249,446916.284845329
커멍커멍,20190715,폐업,,0,14542,"경기도 부천시 원미구 길주로 ***, 상록그린힐빌딩 *층 (상동)",경기도 부천시 원미구 상동 ***-* 상록그린힐빌딩,,2026-01-13 17:18:35,,178504.051740812,444903.471908214
유제원동물병원,20091214,폐업,,,,경기도 의정부시 평화로***번길 ** (의정부동),경기도 의정부시 의정부동 ***-**,,2026-01-13 17:25:34,,204341.422619196,469764.550678667
똥강쥐 장바구니,20101209,폐업,,,,"경기도 의정부시 동일로 *** (금오동,신도브래뉴업B동상가***호)",경기도 의정부시 금오동 ***-** 신도브래뉴업B동상가***호,,2026-01-13 17:25:34,,204828.740426128,471715.07225404
우리강아지,20110503,폐업,,0,11739,"경기도 의정부시 동일로***번길 * (신곡동, 풍림,한국아파트 상가)",,,2026-01-13 17:25:34,,205347.661328898,469458.006798778
공주야 사랑해,20110921,폐업,,,,"경기도 의정부시 신흥로 *** (호원동,***호)",경기도 의정부시 호원동 ***-* ***호,,2026-01-13 17:25:34,,203757.818295569,469432.784877684
화이트,20120131,폐업,,,,"경기도 의정부시 시민로 *** (용현동,디유빌딩 *층)",경기도 의정부시 용현동 ***-* 디유빌딩 *층,,2026-01-13 17:25:34,,206882.261274352,470214.120769804
에이스동물병원 펫샵,20120625,폐업,,0,,경기도 의정부시 태평로 ***-* (의정부동),경기도 의정부시 의정부동 **-*,,2026-01-13 17:25:34,,204498.574038722,471014.13418123
녹양동물병원,20120702,폐업,,,,"경기도 의정부시 녹양로 ** (녹양동,(녹양로 **))",경기도 의정부시 녹양동 ***-* (녹양로 **),,2026-01-13 17:25:34,,202869.433614522,472704.773518492
goripet(고리펫),20121129,폐업,,,,"경기도 의정부시 호국로****번길 ** (의정부동,세종빌딩 *층)",경기도 의정부시 의정부동 ***-* 세종빌딩 *층,,2026-01-13 17:25:34,,204292.75403291,471040.531165959
천사펫 하우스,20121129,폐업,,,,,경기도 의정부시 신곡동 *** 삼도@상가 ***호,,2026-01-13 17:25:34,,205267.55061908,471038.890188745
한솔유통,20141212,폐업,031-961-6790,0,10392,경기도 고양시 일산서구 한류월드로 *** (대화동),경기도 고양시 일산서구 대화동 **** 원마운트 *층,,2026-01-13 17:14:06,,178268.135568909,462480.734362689
퍼피스타,20141218,폐업,031-911-6664,0,10237,경기도 고양시 일산서구 덕이로 ** (덕이동),경기도 고양시 일산서구 덕이동 ***-*,10234,2026-01-13 17:14:06,,178490.412882641,465282.119224464
위즈펫동물병원 일산장항점,20141219,폐업,,0,10401,"경기도 고양시 일산동구 중앙로****번길 **, *층 (장항동, 홈플러스)",경기도 고양시 일산동구 장항동 *** 홈플러스 *층,10397,2026-01-13 17:14:06,,179536.212704008,461876.531597015
가좌동물,20141224,폐업,,0,10209,경기도 고양시 일산서구 가좌*로 *-* (가좌동),경기도 고양시 일산서구 가좌동 ***-* 마루프라자 나동 ***호,,2026-01-13 17:14:06,,175252.659180274,464804.417652215
펫 스토리,20150216,폐업,031-970-0218,0,,,경기도 고양시 덕양구 토당동 ***-** ***호,10507,2026-01-13 17:14:06,,184354.934129318,458217.31690089
도그붐,20150221,폐업,031-901-3272,0,10446,경기도 고양시 일산동구 강송로**번길 *-** (백석동),경기도 고양시 일산동구 백석동 ****-*,,2026-01-13 17:14:06,,181252.81,460612.855
라페스타종합동물병원,20150316,폐업,,0,10401,경기도 고양시 일산동구 무궁화로 **-** (장항동),경기도 고양시 일산동구 장항동 *** 라페스타 F동 ***호,10397,2026-01-13 17:14:06,,179402.901067853,462211.337473083
이리온 동물의료원 일산점,20150325,폐업,031-913-6125,0,10366,"경기도 고양시 일산서구 중앙로 ****, ***호 (주엽동, 태영프라자)",경기도 고양시 일산서구 주엽동 ** 태영프라자 ***호,,2026-01-13 17:14:06,,179238.725261115,462941.223697841
에버랜드,20140221,폐업,031-320-8708,0,17022,"경기도 용인시 처인구 포곡읍 에버랜드로***번길 *-**, 삼성맹인안내견학교",경기도 용인시 처인구 포곡읍 유운리 *** 삼성맹인안내견학교,,2026-03-26 22:51:28,,218290.8221773,422276.722498098
PET STORY,20140324,폐업,031-321-7775,0,17152,"경기도 용인시 처인구 고림로 ** (마평동, 동명빌딩 *층)",경기도 용인시 처인구 마평동 ***-* 동명빌딩 *층,,2026-03-26 22:51:28,,218972.340238737,415187.476494474
메리몽애견,20160106,폐업,,0,17032,경기도 용인시 처인구 모현면 문현로***번길 ** (태성기연),,,2026-03-26 22:51:28,,220228.034395752,426684.971162569
숲속농장,20160817,폐업,031-332-7575,0,17141,경기도 용인시 처인구 운학로**번길 ** (운학동),경기도 용인시 처인구 운학동 **,17141,2026-03-26 22:51:28,,222397.197767636,412052.676488244
로얄애견,20081104,폐업,,0,17050,경기도 용인시 처인구 금령로 ** (김량장동),경기도 용인시 처인구 김량장동 ***-**,,2026-03-26 22:51:28,,217497.198054079,414807.298095296
동물나라수족관,20161010,폐업,031-335-7271,0,17052,경기도 용인시 처인구 금령로***번길 * (김량장동),경기도 용인시 처인구 김량장동 ***-*,,2026-03-26 22:51:28,,218499.095342948,414879.889910778
베베앙쥬,20170608,폐업,,0,17047,"경기도 용인시 처인구 중부대로****번길 * (역북동, 로얄프라자)",경기도 용인시 처인구 역북동 ***-*,,2026-03-26 22:51:28,,217030.763873721,414940.797281356
사랑해줄 개,20191120,폐업,031-879-7900,0,11675,경기도 의정부시 의정로 *** (가능동),경기도 의정부시 가능동 ***-**,11611,2026-01-13 17:25:34,,202940.253472751,471861.369205344
우리동네 멍이와양이,20200114,폐업,,0,11672,"경기도 의정부시 흥선로 **, *층 (가능동)",경기도 의정부시 가능동 ***-**,11611,2026-01-13 17:25:34,,203083.435054747,471130.512917281
화이트 퍼피 켄넬,20200213,폐업,,0,11673,"경기도 의정부시 둔야로**번길 *, ***호 (의정부동)",경기도 의정부시 의정부동 ***-*,,2026-01-13 17:25:34,,203391.209552435,470868.552417018
커피앤퍼피,20200214,폐업,031-851-2224,0,11813,"경기도 의정부시 오목로***번길 **-**, *층 (민락동)",경기도 의정부시 민락동 ***,,2026-01-13 17:25:34,,208636.028851052,471616.393244285
올댓독,20200420,폐업,,0,11652,"경기도 의정부시 신흥로 ***, 청홍빌딩 *층 (의정부동)",경기도 의정부시 의정부동 ***-* 청홍빌딩,,2026-01-13 17:25:34,,203784.865790329,470219.325986803
야옹러브(Meow Pet),20200514,폐업,,0,11783,"경기도 의정부시 시민로***번길 **-**, 지하*층 (용현동)",경기도 의정부시 용현동 ***-*,,2026-01-13 17:25:34,,206737.815817843,470395.944817166
펫앤피플,20200529,폐업,,0,11673,"경기도 의정부시 둔야로**번길 *, 덕암오피스텔 B*층 A-**호 (의정부동)",경기도 의정부시 의정부동 ***-* 덕암오피스텔,,2026-01-13 17:25:34,,203375.359918311,470705.969510801
올독,20200728,폐업,,0,11813,"경기도 의정부시 오목로***번길 ***, 제이맘 *층 ***, ***호 (민락동)",경기도 의정부시 민락동 ***,,2026-01-13 17:25:34,,208269.54977654,471496.72632944
라라펫,20200918,폐업,,0,11813,"경기도 의정부시 민락로 ***, 민락*지구중흥에스-클래스트와이스 *층 ***호 (민락동)",경기도 의정부시 민락동 ***-*,,2026-01-13 17:25:34,,208775.83610835,471155.074833059
의정부강아지분양 고양이분양 애견분양 펫하임 의정부본점,20211022,폐업,031-843-4200,0,11692,"경기도 의정부시 행복로 **, *, *층 (의정부동)",경기도 의정부시 의정부동 ***-**,,2026-01-13 17:25:34,,204342.233492459,471008.591016722
요롱독,20220516,폐업,,0,11695,경기도 의정부시 시민로***번길 **(의정부동),경기도 의정부시 의정부동 ***-**,,2026-01-13 17:25:34,,204264.515682281,470827.399305229
공복애 꿀단지,20220527,폐업,,0,11689,"경기도 의정부시 태평로 ***, *층 (의정부동)",경기도 의정부시 의정부동 ***-**,,2026-01-13 17:25:34,,204430.368404873,471291.234656134
의정부 강아지분양 고양이분양 댕꼬미본점,20220913,폐업,,0,11800,"경기도 의정부시 서광로 ***, 상가동 *층 ***호 (산곡동, 대광로제비앙 더 퍼스트)",경기도 의정부시 산곡동 *** 대광로제비앙 더 퍼스트,,2026-01-13 17:25:34,,209676.003551954,469821.862238267
차차래빗,20230306,폐업,,0,11757,"경기도 의정부시 청사로 **, 삼성프라자 ****호 (금오동)",경기도 의정부시 금오동 ***-* 삼성프라자,,2026-01-13 17:25:34,,206073.289192316,472165.07683509
라라애견,20080910,폐업,031-443-0036,0,14003,경기도 안양시 만안구 장내로 ** (안양동),경기도 안양시 만안구 안양동 ***-***,,2026-01-13 17:21:34,,192570.22656267,432508.698627566
뽀뽀애견,20190801,폐업,,0,14480,"경기도 부천시 원미구 수도로***번길 **, *층 (도당동)",경기도 부천시 원미구 도당동 **-*,,2026-01-13 17:18:35,,181038.447267266,446318.860607168
개와 고양이 집,20191007,폐업,,0,14644,"경기도 부천시 원미구 부천로 *, *층 (심곡동)",경기도 부천시 원미구 심곡동 ***-**,,2026-01-13 17:18:35,,180785.27320155,442548.305865879
데려가개,20191113,폐업,,0,14638,"경기도 부천시 원미구 부흥로 ***, *층 ***호 (심곡동, 하나리아벨 주상복합 아파트)",경기도 부천시 원미구 심곡동 *** 하나리아벨 주상복합 아파트,,2026-01-13 17:18:35,,181066.795020885,442933.398054302
오독 강아지 안심분양센터 부천점,20191213,폐업,,0,14761,"경기도 부천시 소사구 소사로 ***, *층 (소사본동)",경기도 부천시 소사구 소사본동 ***-**,,2026-01-13 17:18:35,,181913.944460635,440838.470150977
캣페(catfe),20181226,폐업,,0,16391,"경기도 수원시 권선구 금곡로 ***, 해피라움 *층 **호 (금곡동)",경기도 수원시 권선구 금곡동 ****-* 해피라움,,2026-01-13 17:19:37,,195757.702462627,419153.589242908
Re Pet 애견샵,20190326,폐업,,0,16360,"경기도 수원시 장안구 서부로 ****, 성대역사 *층 (율전동)",경기도 수원시 장안구 율전동 ***-* 성대역사,,2026-01-13 17:19:37,,197687.712407997,421976.285439612
도그마루 강아지고양이 수원점,20190520,폐업,,0,16705,"경기도 수원시 영통구 영일로 **, ***(일부)호 (영통동)",경기도 수원시 영통구 영통동 ****-**,,2026-01-13 17:19:37,,206755.805877447,416412.887374048
러닝독,20190807,폐업,,0,16491,"경기도 수원시 팔달구 권선로 ***, 트윈파크비동 ***,***호 (인계동)",경기도 수원시 팔달구 인계동 ****-* 트윈파크비동,,2026-01-13 17:19:37,,202920.651164355,417303.420508186
달빛야옹,20190924,폐업,,0,16213,"경기도 수원시 장안구 창훈로**번길 *, *층 (연무동)",경기도 수원시 장안구 연무동 **-***,,2026-01-13 17:19:37,,202614.556512659,421671.070127365
쁘띠아띠,20191028,폐업,,0,16408,"경기도 수원시 권선구 구운중로**번길 **, ***호 (구운동)",경기도 수원시 권선구 구운동 ***-*,,2026-01-13 17:19:37,,197372.573008196,419317.832659901
쥬쥬퍼피,20200731,폐업,,0,16517,"경기도 수원시 영통구 광교호수공원로 ***, B*층 **호 (원천동, 광교중흥에스클래스)",경기도 수원시 영통구 원천동 *** 광교중흥에스클래스 B* **호,,2026-01-13 17:19:37,,205026.079641798,420062.878231009
해피주 애완동물 영통점,20201126,폐업,,0,16704,"경기도 수원시 영통구 청명남로 **, 럭셔리프라자 ***, ***호 (영통동)",경기도 수원시 영통구 영통동 ***-* 럭셔리프라자,,2026-01-13 17:19:37,,206644.07883035,416812.834725723
윤퍼피,20210225,폐업,,0,16512,"경기도 수원시 영통구 광교중앙로 ***, 드림타워* ***호 (하동)",경기도 수원시 영통구 하동 *** 드림타워* ***호,,2026-01-13 17:19:37,,205745.408571117,421069.792433272
여니네 말티푸 분양,20210412,폐업,,0,16518,"경기도 수원시 영통구 월드컵로**번길 **, 지하*층 (원천동)",경기도 수원시 영통구 원천동 ***-* 지하*층,,2026-01-13 17:19:37,,204414.571603699,419138.449056825
쁘띠펫 광교,20210429,폐업,,0,16504,"경기도 수원시 영통구 센트럴파크로***번길 *, *층 (이의동)",경기도 수원시 영통구 이의동 ****-* *층,16508,2026-01-13 17:19:37,,204933.063038691,421498.176715902
스타일독,20140110,폐업,,0,11793,경기도 의정부시 오목로 ** (용현동),,,2026-01-13 17:25:34,,207534.920415414,470041.092180935
정퍼피컴퍼니,20140402,폐업,,0,11665,"경기도 의정부시 신흥로 *** (의정부동, *층)",,,2026-01-13 17:25:34,,203684.525519157,471391.941175398
멍's클럽,20140917,폐업,,0,11709,"경기도 의정부시 평화로 *** (호원동, 명보빌딩 ***호)",,,2026-01-13 17:25:34,,,
의정부 요미독앤캣 강아지분양 고양이분양,20141028,폐업,02-6397-1566,0,11692,경기도 의정부시 평화로 *** (의정부동),,,2026-01-13 17:25:34,,,
의정부 강아지분양 썸&펫,20141031,폐업,,0,11684,경기도 의정부시 가금로 ** (가능동),,,2026-01-13 17:25:34,,203718.716355458,472486.21945196
경기관상어,20141202,폐업,,0,11722,"경기도 의정부시 장곡로 *** (장암동, 롯데마트 장암점 지하*층)",,,2026-01-13 17:25:34,,204630.543411273,469034.163890834
위즈펫동물병원,20141218,폐업,,0,11787,"경기도 의정부시 산단로**번길 *** (용현동, 롯데마트 *층)",,,2026-01-13 17:25:34,,207357.633104922,471153.493650556
세컨찬스(Second chance),20141224,폐업,,0,11750,"경기도 의정부시 금신로 ***, *층 (금오동, 금오상가)",경기도 의정부시 금오동 ***-**,,2026-01-13 17:25:34,,204665.158647052,471851.98781385
러블리냥,20150501,폐업,031-829-6543,0,11679,경기도 의정부시 신흥로 *** (가능동),경기도 의정부시 가능동 ***-**,11611,2026-01-13 17:25:34,,203666.302333077,471975.128679623
도그엔도그,20150603,폐업,,0,11677,경기도 의정부시 신촌로 ** (가능동),경기도 의정부시 가능동 ***-**,11611,2026-01-13 17:25:34,,203631.243824063,472011.315801822
도그하임 강아지,20150615,폐업,,0,11690,경기도 의정부시 평화로 *** (의정부동),경기도 의정부시 의정부동 ***-**,,2026-01-13 17:25:34,,203988.24980521,471538.207827924
(주)한라펫,20120808,폐업,02-2685-3485,,,경기도 광명시 아방리*길 **-* (노온사동),경기도 광명시 노온사동 ***,,2026-01-13 17:15:02,,186273.793956687,438020.159769732
홈펫,20120906,폐업,20677181,0,14237,"경기도 광명시 철산로 *, 이천일아울렛 지하*층 (철산동)",경기도 광명시 철산동 *** 이천일아울렛,,2026-01-13 17:15:02,,188175.807511909,441461.454807111
아지네,20121004,폐업,20661419,,,경기도 광명시 광일로 ** (광명동),경기도 광명시 광명동 **-*,,2026-01-13 17:15:02,,187394.584573571,442496.606108132
개굿,20130412,폐업,02-2066-0275,0,14203,경기도 광명시 오리로 **** (광명동),경기도 광명시 광명동 ***-****,,2026-01-13 17:15:02,,186737.086596702,442062.401174878
센트럴,20130624,폐업,02-2628-0275,0,14236,경기도 광명시 철산로 ** (철산동),경기도 광명시 철산동 ***-*,,2026-01-13 17:15:02,,188226.339623486,441595.63975257
러브펫,20130627,폐업,,0,14316,경기도 광명시 소하로 ** (소하동),경기도 광명시 소하동 ****-*,,2026-01-13 17:15:02,,189667.929437508,438395.227852369
희망을 품은 펫,20130627,폐업,,0,14206,경기도 광명시 사성로 ** (광명동),경기도 광명시 광명동 **-***,,2026-01-13 17:15:02,,187716.875980869,442705.720544547
덕정 동물의료센터,20140513,폐업,,0,11456,"경기도 양주시 고암길 ***-**, 덕정파크프라자 *층 *,*호 (덕정동)",경기도 양주시 덕정동 ***-* 덕정파크프라자,,2026-04-28 22:00:56,,205917.209677953,481572.874250748
사랑방 켄넬,20080707,폐업,,,11485,경기도 양주시 삼숭로***번길 **-** (삼숭동),경기도 양주시 삼숭동 ***-*,,2026-04-28 22:00:56,,208542.562547762,477762.230039592
총각네 강아지,20151016,폐업,,0,11492,"경기도 양주시 고읍로 **, ***호 (광사동, 그린프라자)",경기도 양주시 광사동 ***-*,,2026-04-28 22:00:56,,207094.369736702,476991.582548211
매니아 펫,20151126,폐업,,0,11492,"경기도 양주시 고읍남로 *-** (광사동, 광장프라자)",경기도 양주시 광사동 ***-*,,2026-04-28 22:00:56,,206882.186155819,477020.563240219
블랙젬,20160401,폐업,,0,11464,경기도 양주시 칠봉산로***번길 *** (회암동),경기도 양주시 회암동 ***,,2026-04-28 22:00:56,,207951.672259302,482824.415218069
피엔디(PND),20160413,폐업,,0,11463,경기도 양주시 화합로 **** (회암동),경기도 양주시 회암동 ***-*,,2026-04-28 22:00:56,,207643.363709139,481757.350266658
사보라펫,20180320,폐업,031-859-5571,0,11438,경기도 양주시 평화로 **** (회정동),경기도 양주시 회정동 ***-*,11438,2026-04-28 22:00:56,,204676.657061738,480770.500459134
베스트그루밍,20180424,폐업,,0,11449,"경기도 양주시 화합로****번길 **-**, jk빌리지 ***동 (덕정동)",경기도 양주시 덕정동 ***-**,,2026-04-28 22:00:57,,205513.691074821,482774.921803486
뭉개구름,20180927,폐업,031-821-0476,0,11492,"경기도 양주시 고읍남로 *-**, 한솔프라자 ***호 (광사동)",경기도 양주시 광사동 ***-*,,2026-04-28 22:00:57,,206922.912876206,477071.269876205
쉼터켄넬,20181023,폐업,031-844-2045,0,11426,경기도 양주시 은현면 운하로***번길 ***,경기도 양주시 은현면 운암리 ***,11426,2026-04-28 22:00:57,,200646.583654148,487143.276864045
멍멍이를 부탁해,20141031,폐업,,0,18399,경기도 화성시 병점구 병점*로 ** (진안동),경기도 화성시 병점구 진안동  ***-*,,2026-02-01 10:34:17,,203371.73834024,412574.976561403
갤럭시펫,20141219,폐업,1899-7946,0,18384,경기도 화성시 병점구 영통로 ** (반월동),,,2026-02-10 21:32:50,,,
마이 멍멍(My mungmung),20150304,폐업,031-613-0488,0,18422,경기도 화성시 동탄구 여울로 *** (능동),경기도 화성시 동탄구 능동 ****-*,,2026-02-12 21:32:50,,205049.565523793,412724.794742584
다정 펫,20150313,폐업,031-232-3885,0,,"경기도 화성시 병점구 **용사로 ***, ***호 (병점동)",,,2026-02-10 21:32:50,,,
베베도기,20150629,폐업,070-8837-1470,0,18454,"경기도 화성시 동탄구 동탄반석로 ***, B**호 (반송동)",경기도 화성시 동탄구 반송동  **-**,,2026-02-01 10:34:17,,206285.144405025,411226.353221417
경기중앙애견,20090723,폐업,031-443-8875,0,,경기도 안양시 만안구 안양로 *** (안양동),경기도 안양시 만안구 안양동 ***-*,,2026-01-13 17:21:34,,,
미강애강,20091218,폐업,031-472-0303,,,경기도 안양시 만안구 와룡로 ** (석수동),경기도 안양시 만안구 석수동 ***-*,,2026-01-13 17:21:34,,,
헬로도그맘,20110801,폐업,,0,,"경기도 안양시 만안구 장내로 *** (안양동,청솔프라자 ***호)",경기도 안양시 만안구 안양동 **** 청솔프라자 ***호,,2026-01-13 17:21:34,,,
뽀뽀애견용품할인매장,20120315,폐업,,,,"경기도 안양시 동안구 경수대로 ***, *,*호 (호계동,*층)","경기도 안양시 동안구 호계동 ***-** *층 *,*호",,2026-01-13 17:21:34,,196157.837355433,429940.897688498
아쿠아플러스(주),20120903,폐업,031-470-8000,0,14046,경기도 안양시 동안구 동안로 *** (비산동),경기도 안양시 동안구 비산동 ****-*,,2026-01-13 17:21:34,,195583.711564712,432382.548041467
그린아쿠아펫(홈플러스안양점),20120903,폐업,02-476-8201,0,14117,경기도 안양시 동안구 엘에스로 ** (호계동),경기도 안양시 동안구 호계동 ***-* 안양국제유통단지 홈플러스동,,2026-01-13 17:21:34,,195688.283843608,429949.927810159
펫갤러리아,20130109,폐업,031-381-7716,0,14047,"경기도 안양시 동안구 시민대로 ***, ***호 (비산동, 안양건설타워)",경기도 안양시 동안구 비산동 ****-* 안양건설타워 ***호,,2026-01-13 17:21:34,,195651.673909625,432187.915104016
펫스토리,20130905,폐업,031-385-0603,0,13936,경기도 안양시 동안구 관악대로***번길 ** (관양동),경기도 안양시 동안구 관양동 ****-** *층,,2026-01-13 17:21:34,,195932.056890141,433676.578440175
파파도기,20140306,폐업,031-383-2214,0,14054,"경기도 안양시 동안구 시민대로 ***, *층 ***호 (관양동)",경기도 안양시 동안구 관양동 ****,,2026-01-13 17:21:34,,196470.866041274,432542.986000812
다온동물병원,20140418,폐업,031-689-5975,0,14103,"경기도 안양시 동안구 평촌대로 ***, *층 (평촌동)",,,2026-01-13 17:21:34,,196449.733154224,431270.181575395
캣츠앤독스,20140916,폐업,,0,13929,"경기도 안양시 동안구 동편로 *, ***호 (관양동, 스마트프라자)",경기도 안양시 동안구 관양동 ****-* 스마트프라자 ***호,,2026-01-13 17:21:34,,197405.281074226,433738.682409365
마이펫,20141126,폐업,070-8288-1162,0,14003,경기도 안양시 만안구 장내로 **-* (안양동),경기도 안양시 만안구 안양동 ***-***,,2026-01-13 17:21:34,,192592.872301917,432525.030379714
더리틀펫,20150310,폐업,,0,14067,"경기도 안양시 동안구 시민대로 ***, c동 *층 ***-*호 (관양동, 평촌아크로타워)",경기도 안양시 동안구 관양동 **** 평촌아크로타워 c동 ***-*호,,2026-01-13 17:21:34,,196080.532197962,432244.867412549
뽀뽀애견,20151027,폐업,,0,14116,"경기도 안양시 동안구 경수대로 ***, *,*호 (호계동)","경기도 안양시 동안구 호계동 ***-** *,*",,2026-01-13 17:21:34,,196157.837355433,429940.897688498
핫독,20160223,폐업,031-464-1219,0,13988,"경기도 안양시 만안구 안양로 ***, *층 (안양동)",경기도 안양시 만안구 안양동 ***-** *층,,2026-01-13 17:21:34,,192395.555423767,433790.219041943
강아지분양전문 팔레드퍼피,20210430,폐업,,0,16504,"경기도 수원시 영통구 센트럴파크로***번길 **, *층 (이의동)",경기도 수원시 영통구 이의동 ****-* *층,16508,2026-01-13 17:19:37,,205013.440566719,421534.04954833
"안녕, 댕댕아",20210520,폐업,031-222-5950,0,16490,"경기도 수원시 팔달구 효원로***번길 **-*, ***호 (인계동)",경기도 수원시 팔달구 인계동 **** ***호,,2026-01-13 17:19:37,,202309.669044626,418131.330210375
나야 외계인,20210722,폐업,031-217-3887,0,16514,"경기도 수원시 영통구 광교중앙로 ***, 광교 효성해링턴 타워 B***호 (하동)",경기도 수원시 영통구 하동 **** 광교 효성해링턴 타워 B***호,,2026-01-13 17:19:37,,205311.283256449,420682.801161761
정직하개,20210927,폐업,,0,16514,"경기도 수원시 영통구 광교중앙로 ***, 광교 효성해링턴 타워 레이크 *층 ***호 (하동)",경기도 수원시 영통구 하동 **** 광교 효성해링턴 타워 레이크,,2026-01-13 17:19:37,,205359.28869788,420752.301957684
디디펫 수원강아지분양,20211124,폐업,1833-4241,0,16506,"경기도 수원시 영통구 센트럴파크로***번길 **, *층 (이의동)",경기도 수원시 영통구 이의동 ****-*,16508,2026-01-13 17:19:37,,204705.380578816,421385.790870152
행복하개 키울고양,20220211,폐업,,0,16393,"경기도 수원시 권선구 금곡로 ***, *층 ***호 (금곡동)",경기도 수원시 권선구 금곡동 ****,,2026-01-13 17:19:37,,195855.18558575,419113.050155058
요기독 강아지분양 고양이분양 수원본점,20220228,폐업,,0,16705,"경기도 수원시 영통구 반달로 **, *층 (영통동)",경기도 수원시 영통구 영통동 ****-**,,2026-01-13 17:19:37,,206612.279801368,416559.246675881
행복한강아지,20080402,폐업,031-867-7597,0,11316,경기도 동두천시 평화로 **** (생연동),경기도 동두천시 생연동 ***-*,,2026-01-13 17:18:02,,204997.021621322,488530.595806884
펫샵,20080414,폐업,031-867-7597,,11311,경기도 동두천시 평화로 **** (보산동),경기도 동두천시 보산동 ***-**,,2026-01-13 17:18:02,,204945.44169845,490376.974751252
강아지사랑,20080414,폐업,031-861-0045,,11312,경기도 동두천시 평화로 ****-* (생연동),경기도 동두천시 생연동 ***-*,,2026-01-13 17:18:02,,205033.054707687,489961.263176373
윤후동물병원,20141022,폐업,031-864-0075,0,11347,"경기도 동두천시 중앙로 *** (지행동, (지행동 영스포렉스 ***))",경기도 동두천시 지행동 ***-*,,2026-01-13 17:18:02,,204477.938349617,487797.24990714
아이러브퍼피,20150802,폐업,031-866-9877,0,11354,"경기도 동두천시 동두천로 **-*** (송내동, 우진프라자)",경기도 동두천시 송내동 ***-*,,2026-01-13 17:18:02,,204677.472772772,486687.133506915
수퍼피,20151204,폐업,,0,11354,"경기도 동두천시 동두천로 ** (송내동, 우진프라자)",경기도 동두천시 송내동 ***-*,,2026-01-13 17:18:02,,204677.472772772,486687.133506915
아롱,20160901,폐업,031-865-8658,0,11354,경기도 동두천시 동두천로 * (송내동),경기도 동두천시 송내동 ***,,2026-01-13 17:18:02,,204673.909191197,486603.764016898
우리동네 펫,20190429,폐업,,0,11328,"경기도 동두천시 중앙로***번길 **, 중앙상가연립주택 (생연동)",경기도 동두천시 생연동 ***-** 중앙상가연립주택,,2026-01-13 17:18:02,,204616.493707206,489287.185823751
냥이들 세상,20190610,폐업,,0,11316,"경기도 동두천시 평화로****번길 **, *층 ***호 (생연동)",경기도 동두천시 생연동 ***-**,,2026-01-13 17:18:02,,205002.211518183,488899.446003758
펫마루,20140411,폐업,,0,14310,경기도 광명시 한내일로 ** (소하동),,,2026-01-13 17:15:02,,189590.748141682,439279.14453537
하안동물병원,20140519,폐업,02-897-7580,0,14248,경기도 광명시 하안로 *** (하안동),경기도 광명시 하안동 **-* 세인빌딩 ***호,,2026-01-13 17:15:02,,189237.766064871,440096.604556056
고고펫,20140804,폐업,02-2611-9595,0,14251,경기도 광명시 도덕공원로**번길 * (철산동),경기도 광명시 철산동 ***-***,,2026-01-13 17:15:02,,187911.251253022,441417.997578082
캣츠홀릭,20141105,폐업,070-4406-0022,0,14239,경기도 광명시 디지털로**번길 * (철산동),경기도 광명시 철산동 *** 그랜드프라자  *층 ***호,,2026-01-13 17:15:02,,188480.26455454,441377.51375398
오케이독 광명점,20150420,폐업,,0,14318,"경기도 광명시 금하로 ***, *,*층 (소하동)",경기도 광명시 소하동 **-**,,2026-01-13 17:15:02,,190427.436871365,438825.875781161
천사애견,20150918,폐업,02-831-2300,0,14332,경기도 광명시 오리로 *** (소하동),경기도 광명시 소하동 ***-*,,2026-01-13 17:15:02,,189211.42921146,437376.019962303
윙크펫,20160127,폐업,,0,14267,"경기도 광명시 광명로***번길 *, *층 (광명동)",경기도 광명시 광명동 ***-***,,2026-01-13 17:15:02,,187063.910555689,441754.405639231
꽃강아지,20160201,폐업,,0,14208,"경기도 광명시 사성로 **, *층 (철산동)",,,2026-01-13 17:15:02,,,
개이득,20160830,폐업,,0,14275,"경기도 광명시 광명로***번길 *, *층 (광명동)",경기도 광명시 광명동 ***-**,,2026-01-13 17:15:02,,186731.187046152,441045.139244809
도그스케치132,20170614,폐업,070-8802-0002,0,14302,경기도 광명시 광명로 *** (노온사동),경기도 광명시 노온사동 ***-*,,2026-01-13 17:15:02,,186277.499494672,438648.021567236
멍스테이,20181008,폐업,02-897-6701,0,14316,경기도 광명시 소하로 ** (소하동),경기도 광명시 소하동 ****-*,,2026-01-13 17:15:02,,189607.983252934,438318.361034916
마이쥬,20191030,폐업,,0,14248,"경기도 광명시 하안로 ***, 세인빌딩 *층 ***호 (하안동)",경기도 광명시 하안동 **-* 세인빌딩,,2026-01-13 17:15:02,,189237.766064871,440096.604556056
뽀뽀애견,20080710,폐업,,0,17766,경기도 평택시 송탄로 ***-* (서정동),경기도 평택시 서정동 **-**,,2026-01-13 17:27:04,,205213.522908343,396682.68979935
독스클럽,20080710,폐업,,,,경기도 평택시 평택로 **-* (평택동),경기도 평택시 평택동 **-**,,2026-01-13 17:27:05,,207519.918886655,387996.951009074
나라애견(평택점),20080710,폐업,,0,,경기도 평택시 평택로**번길 * (평택동),경기도 평택시 평택동 **-*,,2026-01-13 17:27:05,,207518.672279685,388014.869506606
퍼피하우스,20080710,폐업,,,,,경기도 평택시 평택동 ***-*,,2026-01-13 17:27:05,,207905.498768699,387876.428375317
모던펫,20150721,폐업,,0,11692,경기도 의정부시 시민로***번길 ** (의정부동),경기도 의정부시 의정부동 ***,,2026-01-13 17:25:34,,204411.019041309,471028.115982607
신곡애견샵,20150821,폐업,,0,11737,경기도 의정부시 동일로***번길 ** (신곡동),경기도 의정부시 신곡동 ***-**,,2026-01-13 17:25:34,,205456.094966296,470274.780061346
터미널 애완용품판매장,20180704,폐업,031-337-2579,0,17063,경기도 용인시 처인구 백옥대로 **** (김량장동),경기도 용인시 처인구 김량장동 **-*,,2026-03-26 22:51:28,,218481.605180199,414476.677099274
필스드림,20190129,폐업,,0,17059,경기도 용인시 처인구 신기로 ***-** (남동),경기도 용인시 처인구 남동 ***-**,,2026-03-26 22:51:28,,217559.401836183,412743.441583543
송전 펫 하우스,20200306,폐업,031-323-4553,0,17136,"경기도 용인시 처인구 이동읍 경기동로***번길 **, *층 ***호",경기도 용인시 처인구 이동읍 송전리 ***,,2026-03-26 22:51:28,,217617.36814624,404188.145648236
도도한 펫,20201230,폐업,031-339-1136,0,,,경기도 용인시 처인구 김량장동 ***-** 외 *필지,,2026-03-26 22:51:28,,217467.592539104,414844.960731923
용인 골든 햄스터,20220904,폐업,,0,17028,"경기도 용인시 처인구 포곡읍 포곡로 ***, *층",경기도 용인시 처인구 포곡읍 삼계리 ***-* *층,,2026-03-26 22:51:29,,220530.303965841,419834.334075432
피플앤독,20220304,폐업,,0,15461,"경기도 안산시 단원구 광덕*로 ***-**, 선경프라자 ***호, ***호 (고잔동)",경기도 안산시 단원구 고잔동 ***-* 선경프라자,,2026-03-26 22:46:11,,184699.987386058,423521.094127872
올리브 동물병원,20080303,폐업,,,,,경기도 고양시 일산동구 마두동 *** 올리브상가 C동 *층 **호,,2026-01-13 17:14:05,,180539.609005671,460835.850681465
펫피니스,20170728,폐업,,0,14912,"경기도 시흥시 비둘기공원로 **, ***호 (대야동)",경기도 시흥시 대야동 ***-* ***호,,2026-03-10 21:36:13,,181414.40198377,437998.763759701
보드레도그,20170804,폐업,031-411-3123,0,14986,"경기도 시흥시 목감둘레로 ***, ***호 (조남동, 메트로타워*)",경기도 시흥시 조남동 ***-* ***호,,2026-03-10 21:36:13,,187709.868426998,431000.05214151
아루루,20180119,폐업,,0,14917,"경기도 시흥시 대은로 **, 다이아몬드빌딩 ***호 (은행동)",경기도 시흥시 은행동 *** 다이아몬드빌딩 ***호,14923,2026-03-10 21:36:14,,182049.468604998,438055.186248531
도그마망,20180612,폐업,031-509-5250,0,15011,"경기도 시흥시 배곧*로 **-**, *동 ***호 (배곧동, 한라비발디캠퍼스)",경기도 시흥시 배곧동 *** 한라비발디캠퍼스 *동 ***호,,2026-03-10 21:36:14,,174465.929718868,429126.779076857
HUG pet,20190114,폐업,,0,14986,"경기도 시흥시 목감둘레로 ***, 메트로타워* *층 ***호 (조남동)",경기도 시흥시 조남동 ***-* 메트로타워*,,2026-03-10 21:36:15,,187709.868426998,431000.05214151
펫블리,20190222,폐업,,0,15010,"경기도 시흥시 배곧*로 **, 배곧타운I ***호 (배곧동)",경기도 시흥시 배곧동 ***-* 배곧타운I ***호,,2026-03-10 21:36:16,,175790.838255874,430613.066045488
OH!DOG,20210408,폐업,,0,14904,"경기도 시흥시 수인로 ****, *층 (신천동)",경기도 시흥시 신천동 ***-**,,2026-03-10 21:36:18,,180687.043360501,437758.209893463
오독 강아지 안심분양센터 시흥점,20211014,폐업,,0,14904,"경기도 시흥시 수인로 ****, *층 (신천동)",경기도 시흥시 신천동 ***-**,,2026-03-10 21:36:20,,180687.043360501,437758.209893463
찰리펫샵 강아지분양,20160603,폐업,031-381-7716,0,14047,"경기도 안양시 동안구 시민대로 ***, ***호 (비산동)",경기도 안양시 동안구 비산동 ****-* 안양건설타워 ***호,,2026-01-13 17:21:34,,195651.673909625,432187.915104016
안양 고양이숲,20160622,폐업,,0,13992,"경기도 안양시 만안구 장내로***번길 **, *층 (안양동)",경기도 안양시 만안구 안양동 ***-*** *층,,2026-01-13 17:21:34,,,
위즈펫,20160701,폐업,,0,13954,"경기도 안양시 동안구 관악대로 ***, *층 (비산동, 리홈안양이마트)",경기도 안양시 동안구 비산동 ***-*,,2026-01-13 17:21:34,,,
그루밍 퍼피 평촌본점,20170310,폐업,,0,14066,"경기도 안양시 동안구 부림로 ***, ***호 (관양동, 평촌아이파크)",경기도 안양시 동안구 관양동 ****-*,,2026-01-13 17:21:34,,196761.624837464,432397.861857828
아롱이네 애견하우스,20170324,폐업,,0,14109,"경기도 안양시 동안구 경수대로***번길 **, *층 (호계동)",경기도 안양시 동안구 호계동 ****-*,,2026-01-13 17:21:34,,196359.592480975,430673.283661985
the 착한펫,20170726,폐업,,0,13955,"경기도 안양시 동안구 경수대로 ***, ***호 (비산동)",경기도 안양시 동안구 비산동 *** ***호,,2026-01-13 17:21:34,,,
개냥아치,20180709,폐업,,0,14103,"경기도 안양시 동안구 관평로**번길 **, *층 ***호 (평촌동)",경기도 안양시 동안구 평촌동 ***-* ***호,,2026-01-13 17:21:34,,196685.064795157,431370.459885761
장화신은 고양이,20181105,폐업,031-441-2005,0,14009,"경기도 안양시 만안구 박달로 ***, *층 *호 (박달동)",경기도 안양시 만안구 박달동 **-**,,2026-01-13 17:21:34,,,
로이펫,20190430,폐업,,0,13948,"경기도 안양시 동안구 관악대로 ***, *층 (관양동)",경기도 안양시 동안구 관양동 ****-*,,2026-01-13 17:21:34,,197262.532526204,433595.725444985
위드독,20200304,폐업,031-473-8114,0,13911,"경기도 안양시 만안구 예술공원로 ***, *층 (안양동)",경기도 안양시 만안구 안양동 ****,,2026-01-13 17:21:34,,,
캣츠앤몬스터,20200406,폐업,,0,13941,"경기도 안양시 동안구 관악대로 ***, 수성빌딩 ***호 (비산동)",경기도 안양시 동안구 비산동 ****-** 수성빌딩 ***호,,2026-01-13 17:21:34,,195570.650653118,433361.068864811
요기독 강아지랑고양이랑 안양점,20211019,폐업,,0,14037,"경기도 안양시 만안구 관악대로 **, 디스퀘어큐브 ***호 (안양동)",경기도 안양시 만안구 안양동 ****-* 디스퀘어큐브 ***호,,2026-01-13 17:21:34,,,
로이펫,20220304,폐업,031-423-4234,0,13948,"경기도 안양시 동안구 관악대로 ***, *층 (관양동)",경기도 안양시 동안구 관양동 ****-* *층,,2026-01-13 17:21:34,,197262.532526204,433595.725444985
올데이펫,20240514,폐업,,0,14123,"경기도 안양시 동안구 경수대로 ***, *층 (호계동)",경기도 안양시 동안구 호계동 ****-*,,2026-01-13 17:21:34,,196243.799102335,429753.972384422
도그피아,20080325,폐업,032-655-8729,,,,경기도 부천시 소사구 송내동 ***-**,,2026-01-13 17:18:35,,179623.31452431,441971.516124615
제일애견,20080415,폐업,032-683-6510,,,,경기도 부천시 오정구 원종동 ***-*,,2026-01-13 17:18:35,,182985.747572796,447335.847754824
중앙애견,20200108,폐업,031-865-0072,0,11311,경기도 동두천시 평화로 **** (보산동),경기도 동두천시 보산동 ***-*,,2026-01-13 17:18:02,,205003.958161032,490196.556227384
개냥이네,20210411,폐업,,0,11338,"경기도 동두천시 상패로 **, 수정빌딩 *층 (상패동)",경기도 동두천시 상패동 **-* 수정빌딩,,2026-01-13 17:18:02,,204191.298592782,489611.074699575
애견짱,20080618,폐업,031-483-8808,,,경기도 안산시 단원구 석수로 ** (선부동),경기도 안산시 단원구 선부동 ****-*,,2026-03-26 22:46:08,,182908.972609416,426485.355519474
해피하우스,20080722,폐업,031-406-2792,0,15552,경기도 안산시 상록구 석호로 *** (본오동),경기도 안산시 상록구 본오동 ***-*,,2026-03-26 22:46:08,,187696.16,421276.995
프란다스의개애견,20080722,폐업,031-406-0043,0,15551,경기도 안산시 상록구 석호로 *** (본오동),경기도 안산시 상록구 본오동 ***-*,,2026-03-26 22:46:08,,187995.989441545,421264.027574817
바둑아놀자,20080930,폐업,031-410-9777,0,15254,경기도 안산시 단원구 와동로 ** (와동),경기도 안산시 단원구 와동 ***-*,,2026-03-26 22:46:08,,184669.497940941,426306.891735185
도그하우스,20090105,폐업,031-413-4009,0,15267,경기도 안산시 단원구 화정천동로 *** (와동),경기도 안산시 단원구 와동 ***-*,,2026-03-26 22:46:08,,183733.110234809,425946.968412833
안산애견,20090123,폐업,031-494-5164,,,경기도 안산시 단원구 화랑로 ** (원곡동),경기도 안산시 단원구 원곡동 ***-**,,2026-03-26 22:46:08,,181898.487844447,425380.04823113
김동물병원,20090402,폐업,031-480-4474,0,15296,"경기도 안산시 상록구 화랑로 ***, ***호 (성포동, 예술프라자)",경기도 안산시 상록구 성포동 ***-* 예술프라자 ***호,,2026-03-26 22:46:08,,186090.60217664,424329.659743303
도그맘,20090421,폐업,031-419-1003,0,15582,경기도 안산시 상록구 당골*길 ** (사동),경기도 안산시 상록구 사동 ****-*,,2026-03-26 22:46:08,,187093.827936775,421380.55209263
강아지도시,20090814,폐업,031-411-8242,0,15464,경기도 안산시 단원구 광덕*로 *** (고잔동),경기도 안산시 단원구 고잔동 ***-*,,2026-03-26 22:46:08,,185780.941801672,423604.063452626
쥬시동물병원,20100317,폐업,031-410-9759,,,"경기도 안산시 단원구 광덕대로 ***, ***호 (고잔동,강희그랜드빌 )",경기도 안산시 단원구 고잔동 *** 강희그랜드빌 ***호,,2026-03-26 22:46:08,,184769.49756348,423072.669991559
코코애견,20100721,폐업,031-408-0323,,,경기도 안산시 상록구 석호로 ***-* (사동),경기도 안산시 상록구 사동 ****-*,,2026-03-26 22:46:08,,186636.820840727,421703.338498837
몽구리펫,20220317,폐업,,0,16307,"경기도 수원시 장안구 송원로**번길 **, *(일부)층 (송죽동)",경기도 수원시 장안구 송죽동 ***-*,,2026-01-13 17:19:37,,200614.473399794,421598.84092264
온이유는펫(onlyu는펫),20220420,폐업,,0,16577,"경기도 수원시 권선구 권선로 ***, *(일부)층 (세류동)",경기도 수원시 권선구 세류동 ***-**,,2026-01-13 17:19:37,,201267.582398783,417804.576779976
수원고양이분양 냥블리,20220526,폐업,,0,16225,"경기도 수원시 영통구 대학로 **, 비동 ***호 (이의동)",경기도 수원시 영통구 이의동 ****-*,16508,2026-01-13 17:19:37,,203810.344975693,422031.14003639
강아지를 만나다,20151227,폐업,031-847-7742,0,11692,경기도 의정부시 평화로 *** (의정부동),경기도 의정부시 의정부동 ***-**,,2026-01-13 17:25:34,,,
로얄펫,20160218,폐업,031-836-8532,0,11654,"경기도 의정부시 신흥로 *** (의정부동, 소아빌딩)",,,2026-01-13 17:25:34,,203749.27887599,469879.270738033
꼬마강아지,20160309,폐업,070-5111-5900,0,11698,경기도 의정부시 시민로 *** (의정부동),경기도 의정부시 의정부동 **-*,,2026-01-13 17:25:34,,204515.831706852,470518.690493226
팔로우독,20160616,폐업,,0,11697,경기도 의정부시 시민로 *** (의정부동),경기도 의정부시 의정부동 ***-*,,2026-01-13 17:25:34,,204343.650830231,470593.438327958
도그벅스 펫분양,20160616,폐업,031-842-0590,0,11691,"경기도 의정부시 평화로 ***-*, *층 (의정부동)",경기도 의정부시 의정부동 ***-**,,2026-01-13 17:25:34,,204052.881171981,471009.731860958
나라동물병원,20161007,폐업,,0,11813,"경기도 의정부시 오목로 ***, *층 ***호 (민락동, 송림프라자)",경기도 의정부시 민락동 ***-* 송림프라자,,2026-01-13 17:25:34,,208661.528864685,471452.548793201
의정부 강아지분양 고양이분양 도그마루,20161108,폐업,,0,11813,"경기도 의정부시 오목로***번길 ***, ***호 (민락동, 메가타워)",경기도 의정부시 민락동 ***-*,,2026-01-13 17:25:34,,208369.729611209,471489.429701166
#kpupstar,20161201,폐업,,0,11813,경기도 의정부시 송현로**번길 ** (민락동),경기도 의정부시 민락동 ***-*,,2026-01-13 17:25:34,,208021.063,471349.617
라이브 독,20170523,폐업,,0,11744,경기도 의정부시 시민로 *** (신곡동),,,2026-01-13 17:25:34,,,
녹양PET,20171123,폐업,,0,11613,경기도 의정부시 녹양로 ** (녹양동),경기도 의정부시 녹양동 ***-*,,2026-01-13 17:25:34,,202869.433614522,472704.773518492
#케이팝스타 펫샵,20180102,폐업,031-853-2614,0,11813,경기도 의정부시 송현로**번길 ** (민락동),경기도 의정부시 민락동 ***-*,,2026-01-13 17:25:34,,208021.063,471349.617
7 Dog,20180109,폐업,,0,11812,"경기도 의정부시 송양로 **, 크리스탈써밋 ***호 (낙양동)",경기도 의정부시 낙양동 ***,,2026-01-13 17:25:34,,209512.779560631,472210.314694323
it 끌림,20180327,폐업,,0,11815,"경기도 의정부시 용민로 ***, 폴리프라자* ***호 (민락동)",경기도 의정부시 민락동 ***-*,,2026-01-13 17:25:34,,210335.688088485,472141.230527443
DAL BONG &amp; CAT,20180412,폐업,,0,11666,"경기도 의정부시 호국로****번길 **, *층 (의정부동)",경기도 의정부시 의정부동 ***-**,,2026-01-13 17:25:34,,203266.219843971,471316.67246666
개미남,20180517,폐업,,0,11769,"경기도 의정부시 용민로***번길 *-**, 더하우스 *층 (낙양동)",경기도 의정부시 낙양동 ***-*,,2026-01-13 17:25:34,,208548.617421626,471910.634681538
랍독,20180816,폐업,,0,11779,"경기도 의정부시 추동로**번길 **, ***호 (신곡동)",경기도 의정부시 신곡동 ***-*,,2026-01-13 17:25:34,,205882.075570352,471532.08634488
개펀,20180827,폐업,070-7718-1146,0,11704,"경기도 의정부시 회룡로 ***, *층 (호원동)",경기도 의정부시 호원동 ***,,2026-01-13 17:25:34,,204271.794442729,469254.781215295
퍼피트렌드,20140303,폐업,031-318-0722,0,14968,경기도 시흥시 월곶중앙로**번길 ** (월곶동),경기도 시흥시 월곶동 ***-*,,2026-03-10 21:36:06,,177165.135024169,432111.804978295
도그스타,20140527,폐업,,0,15051,"경기도 시흥시 큰솔로**번길 *, ***호 (정왕동)",경기도 시흥시 정왕동 **** ***호,15119,2026-03-10 21:36:06,,178089.082900961,426688.408587376
샤이니독,20140728,폐업,031-503-4470,0,14948,"경기도 시흥시 수인로****번길 **, *층 (신천동)",경기도 시흥시 신천동 ***-*,,2026-03-10 21:36:07,,180454.183979751,437540.219361674
로얄수족관,20140804,폐업,,0,15066,경기도 시흥시 정왕대로 *** (정왕동),경기도 시흥시 정왕동 ****-*,15119,2026-03-10 21:36:07,,176599.546077229,427145.740913738
엠제이도그,20141222,폐업,,0,15036,"경기도 시흥시 중심상가로 ***, ***호 (정왕동, 에이스프라자)",경기도 시흥시 정왕동 ****-** 에이스프라자 ***호,15119,2026-03-10 21:36:09,,176324.901765416,427171.144403943
Ba둑이Home,20150902,폐업,031-8032-8199,0,14905,"경기도 시흥시 호현로 **, *층 (대야동)",경기도 시흥시 대야동 ***-**,,2026-03-10 21:36:10,,181183.28,438430.885
이리오시개,20151111,폐업,031-504-5055,0,15053,"경기도 시흥시 정왕신길로***번길 **, ***호 (정왕동)",경기도 시흥시 정왕동 ****-* ***호,15119,2026-03-10 21:36:11,,177224.2,427540.151
폼스홀릭,20170117,폐업,,0,14940,"경기도 시흥시 매화*로 **, *층호 (매화동)",경기도 시흥시 매화동 ***-** *층호,,2026-03-10 21:36:12,,183360.547826822,434834.433874091
럽숑,20170526,폐업,031-435-3991,0,14909,"경기도 시흥시 대야로 *, *층 (대야동)",경기도 시흥시 대야동 ***-* *층호,,2026-03-10 21:36:13,,181238.400450615,438037.658013686
야옹아 멍멍해봐,20170811,폐업,031-402-4900,0,15359,"경기도 안산시 단원구 고잔*길 **, ***호, ***호, ***호 (고잔동, 에머랄드빌딩)",경기도 안산시 단원구 고잔동 ***-*,,2026-03-26 22:46:10,,185115.720999982,423972.588048487
소중하개 사랑하개,20171128,폐업,,0,15301,"경기도 안산시 상록구 정재로 ***, ***호 (부곡동)",경기도 안산시 상록구 부곡동 ***-**,,2026-03-26 22:46:10,,187885.988060293,426056.389262185
수족관(홈플러스 안산선부점),20180219,폐업,,0,15368,"경기도 안산시 단원구 삼일로 ***, 홈플러스 *층 (선부동)",경기도 안산시 단원구 선부동 ****-* 홈플러스,,2026-03-26 22:46:10,,183322.266879279,425768.716754194
마또,20180504,폐업,,0,15541,"경기도 안산시 상록구 석호로 ***, 신안코아 ***동 ***호 (본오동)",경기도 안산시 상록구 본오동 *** 신안코아,,2026-03-26 22:46:10,,187960.429281747,421469.517837306
샐럽캣,20180504,폐업,,0,15494,"경기도 안산시 상록구 광덕*로 ***, 신화프라자 *층 ***호 (이동)",경기도 안산시 상록구 이동 *** 신화프라자,,2026-03-26 22:46:10,,186637.281280683,422884.281694248
감동펫,20180508,폐업,,0,15361,"경기도 안산시 단원구 고잔로 ***, 대동조이월드 ***호 (고잔동)",경기도 안산시 단원구 고잔동 ***-* 대동조이월드,,2026-03-26 22:46:10,,185573.701768477,424075.337478471
하나애견,20080415,폐업,032-657-8880,0,,,경기도 부천시 원미구 원미동 **-*,,2026-01-13 17:18:35,,181446.260801652,443573.092460984
쿨펫동물병원,20080421,폐업,032-323-8585,0,,,경기도 부천시 원미구 중동 **** 홈플러스중동점 *층,,2026-01-13 17:18:35,,180055.338981845,444675.457254185
나드리애견,20080430,폐업,032-682-1188,0,,,경기도 부천시 오정구 원종동 ***-**,,2026-01-13 17:18:35,,182714.512853878,446439.731438316
펫 프린스,20081002,폐업,032-341-0855,,,,경기도 부천시 원미구 역곡동 **-* 제이팰리스 가동 ***호,,2026-01-13 17:18:35,,182729.295,442688.12
쿨펫동물병원(이마트),20081007,폐업,,,,,경기도 부천시 원미구 중동 **** 이마트 *층,,2026-01-13 17:18:35,,179059.890468202,444675.160533494
테오퍼피,20081017,폐업,,,,,경기도 부천시 소사구 심곡본동 ***-**,,2026-01-13 17:18:35,,180643.386834583,442066.540979491
길동물병원,20081029,폐업,33218804,,,,경기도 부천시 원미구 중동 ****-*,,2026-01-13 17:18:35,,179841.311289887,444338.514689151
둘리애견,20081202,폐업,032-683-4524,,,,경기도 부천시 오정구 여월동 *-**,,2026-01-13 17:18:35,,182309.523478852,446411.443798475
모델독,20110729,폐업,,,,,경기도 부천시 원미구 중동 ****-* 무광빌딩***호,,2026-01-13 17:18:35,,179844.333207433,444543.687726088
이쁜 강아지,20090814,폐업,,,,,경기도 부천시 원미구 상동 ***,,2026-01-13 17:18:35,,179096.807774426,442923.88818329
메디케어 동물병원,20091029,폐업,,,,,경기도 부천시 원미구 상동 ***-*,,2026-01-13 17:18:35,,178116.472342723,443102.709397873
진돗개,20090521,폐업,,,,,경기도 부천시 오정구 원종동 *** 원종시장 ***호,,2026-01-13 17:18:35,,182788.5200602,446395.563956575
복뎅이애견,20101015,폐업,032-344-3309,,,,경기도 부천시 소사구 소사본동 ***-*,,2026-01-13 17:18:35,,181852.209198918,440968.509777562
샐리동물병원,20100517,폐업,,,,,경기도 부천시 소사구 송내동 ***-*,,2026-01-13 17:18:35,,179708.119544542,442418.596471194
쿨독펫샵,20080710,폐업,031-269-1833,0,,경기도 수원시 팔달구 화양로**번길 **-* (화서동),경기도 수원시 팔달구 화서동 ***-**,,2026-01-13 17:19:36,,199536.945846319,419995.384236633
수지애견,20080710,폐업,,0,16587,경기도 수원시 권선구 정조로 *** (세류동),경기도 수원시 권선구 세류동 ***-*,,2026-01-13 17:19:36,,200906.019106373,417087.501331344
도그앤캣,20080710,폐업,031-212-5079,0,16546,경기도 수원시 영통구 매탄로**번길 *-** (매탄동),경기도 수원시 영통구 매탄동 ****-*,,2026-01-13 17:19:36,,203682.420152919,417415.55504933
가야애견,20080715,폐업,,0,16458,경기도 수원시 팔달구 효원로 ** (매산로*가),경기도 수원시 팔달구 매산로*가 **-*,,2026-01-13 17:19:36,,200760.336369281,418585.026271718
애견사랑,20080715,폐업,031-253-0096,0,,경기도 수원시 팔달구 정조로 *** (중동),경기도 수원시 팔달구 중동 **,,2026-01-13 17:19:36,,201377.208178159,419120.871664555
THE 예쁘개,20080714,폐업,031-258-7644,0,16274,"경기도 수원시 장안구 장안로 **-*, *층 일부 (영화동)",경기도 수원시 장안구 영화동 ***-** *층 일부,,2026-01-13 17:19:36,,200447.457336889,420567.189053406
리프패럿 영통,20220726,폐업,,0,16685,"경기도 수원시 영통구 태장로*번길 **, 영통 플래티넘베이스 씨 ***호 (망포동)",경기도 수원시 영통구 망포동 **-** 영통 플래티넘베이스 씨,,2026-01-13 17:19:37,,204233.376399109,415409.633224681
봄날의 햇살,20220811,폐업,,0,16408,"경기도 수원시 권선구 구운중로**번길 **, ***호 (구운동)",경기도 수원시 권선구 구운동 ***-*,,2026-01-13 17:19:37,,197372.573008196,419317.832659901
로얄독 24시 강아지분양 수원점,20230113,폐업,,0,16663,"경기도 수원시 권선구 동수원로***번길 **, *층 ***호 (권선동, 수원아이파크시티*단지)",경기도 수원시 권선구 권선동 **** 수원아이파크시티*단지,,2026-01-13 17:19:37,,202599.794401948,416089.125805678
수원고양이분양 퍼스트캣직영점,20230214,폐업,,0,16512,"경기도 수원시 영통구 법조로***번길 ***-*, *층 ***호 (하동)",경기도 수원시 영통구 하동 ***-*,,2026-01-13 17:19:37,,206108.697382339,421209.995923165
하이루,20230503,폐업,,0,16307,"경기도 수원시 장안구 송원로**번길 **, ***호 (송죽동)",경기도 수원시 장안구 송죽동 ***-* ***호,,2026-01-13 17:19:37,,200614.473399794,421598.84092264
개땡큐,20230615,폐업,,0,16439,"경기도 수원시 팔달구 동말로**번길 **-*, 진흥빌딩 *층 (화서동)",경기도 수원시 팔달구 화서동 **-** 진흥빌딩,,2026-01-13 17:19:37,,200183.565503732,419838.797175121
베벌리 도그,20231106,폐업,,0,16514,"경기도 수원시 영통구 법조로 **, 광교 SK VIEW Lake A 근린생활 B***호 (하동)",경기도 수원시 영통구 하동 ****-* 광교 SK VIEW Lake,,2026-01-13 17:19:37,,205273.931816708,420610.782510294
레드캣,20240319,폐업,031-202-9285,0,16702,"경기도 수원시 영통구 영일로*번길 **, *(일부)층 (영통동)",경기도 수원시 영통구 영통동 ****-*,,2026-01-13 17:19:37,,206807.11984311,416271.326500088
쿨펫동물병원,20080729,폐업,031-711-7509,,,경기도 성남시 분당구 탄천상로***번길 ** (구미동),경기도 성남시 분당구 구미동 ***,,2026-01-13 17:19:05,,209409.160207927,426451.358939753
DMC(도그파파),20080729,폐업,031-721-7582,,,,경기도 성남시 중원구 성남동 ****,,2026-01-13 17:19:05,,,
미금동물병원,20090715,폐업,031-717-8558,,,"경기도 성남시 분당구 돌마로 **, ***호 (구미동,분당프라자)",경기도 성남시 분당구 구미동 **-* 분당프라자 ***호,,2026-01-13 17:19:05,,209634.838106536,427516.500850969
도그랜드,20090715,폐업,031-716-7975,,,,경기도 성남시 분당구 수내동 **-*,,2026-01-13 17:19:05,,209928.434727344,430567.943405586
프린세스말티즈,20090720,폐업,031-741-7908,,,"경기도 성남시 수정구 수정남로 *** (산성동,지하*층)",경기도 성남시 수정구 산성동 ** 지하*층,,2026-01-13 17:19:05,,213578.924794534,439431.796859048
㈜서울동물병원,20100122,폐업,031-741-8119,,,경기도 성남시 중원구 희망로 *** (금광동),경기도 성남시 중원구 금광동 *,,2026-01-13 17:19:05,,213893.624911779,438041.173983934
㈜신세계이마트 분당점,20110331,폐업,031-710-1053,,,경기도 성남시 분당구 불정로 *** (정자동),경기도 성남시 분당구 정자동 ***,,2026-01-13 17:19:05,,210542.529800466,428535.664844133
똘이야,20150106,폐업,032-661-6979,0,14621,경기도 부천시 원미구 석천로 ** (상동),,,2026-01-13 17:18:35,,178747.741133992,443172.384467513
프렌즈동물병원,20180831,폐업,031-845-2500,0,11692,"경기도 의정부시 호국로 ****, *층 (의정부동)",경기도 의정부시 의정부동 ***-** 제일산부인과,,2026-01-13 17:25:34,,204215.40405255,471214.25539681
한일수족관,20180912,폐업,031-842-6355,0,11692,경기도 의정부시 행복로 ** (의정부동),경기도 의정부시 의정부동 ***-*,,2026-01-13 17:25:34,,204443.821460787,471178.488206663
영진애견,20181008,폐업,031-842-0044,0,11740,"경기도 의정부시 추동로 *, *층 (신곡동)",경기도 의정부시 신곡동 ***-*,,2026-01-13 17:25:34,,204907.898792884,471144.869107685
미스터앤미세스멍 의정부점,20190131,폐업,031-842-4372,0,11695,경기도 의정부시 태평로**번길 ** (의정부동),경기도 의정부시 의정부동 ***-*,,2026-01-13 17:25:34,,204342.372557778,470973.74704353
사랑할개,20181207,폐업,,0,16471,"경기도 수원시 팔달구 중부대로***번길 *, *층 (인계동)",경기도 수원시 팔달구 인계동 ***-*,,2026-01-13 17:19:37,,202602.755978886,419535.346844376
(주)그린아쿠아펫,20121024,폐업,,,14545,"경기도 부천시 원미구 길주로 ***, 홈플러스부천상동점 (상동)",경기도 부천시 원미구 상동 ***-* 홈플러스부천상동점,,2026-01-13 17:18:35,,178267.428293028,444706.144749999
골드애견,20140401,폐업,031-618-8979,0,17911,경기도 평택시 평택로 ** (평택동),경기도 평택시 평택동 **-**,,2026-01-13 17:27:05,,207559.544135947,387954.173194547
뉴현대애견,20130708,폐업,,0,11325,경기도 동두천시 중앙로 *** (생연동),경기도 동두천시 생연동 ***-**,,2026-01-13 17:18:02,,204814.10506276,489779.787110158
펫더월드,20120725,폐업,031-633-0075,0,,경기도 이천시 이섭대천로 지하 **** (증포동),경기도 이천시 증포동 ***-****,,2026-05-11 22:06:34,,240059.142363306,420767.899064471
MJ 컴퍼니,20170801,폐업,,0,18487,"경기도 화성시 동탄구 동탄면 동탄기흥로***번가길 **-*, *층 ***호",경기도 화성시 동탄면 방교리 ***-*,,2026-02-10 21:32:50,,,
도도캣,20160607,폐업,,0,18555,경기도 화성시 만세구 서신면 매화*길 **-**,경기도 화성시 만세구 서신면 매화리 ***,,2026-02-01 10:34:17,,173672.113648467,407502.953777332
러블리퍼피,20160722,폐업,,0,18455,"경기도 화성시 동탄구 노작로 ***, 유정프라자 ***호 (반송동)",경기도 화성시 동탄구 반송동  ***-* 유정프라자,,2026-02-01 10:34:17,,206453.116460945,410981.438153102
해솔동물병원,20151103,폐업,,0,18423,"경기도 화성시 동탄구 동탄원천로 ***-**, ***~***호 (능동)",경기도 화성시 동탄구 능동 ****-*,,2026-02-12 21:32:50,,205070.445058171,412989.591433811
도그캣코리아(펫클럽),20160106,폐업,031-291-1224,0,18316,경기도 화성시 효행구 봉담읍 삼천병마로 ****,경기도 화성시 효행구 봉담읍 동화리 ***-**,,2026-02-01 10:34:17,,195579.609542925,413249.868095206
엔젤펫,20191011,폐업,,0,11510,경기도 양주시 백석읍 중앙로***번길 **,경기도 양주시 백석읍 복지리 *-*,,2026-04-28 22:00:57,,199688.618485588,476534.814724286
댕댕월드,20200324,폐업,,0,11473,"경기도 양주시 옥정동로*다길 **, *층 (옥정동)",경기도 양주시 옥정동 ***-* *층,,2026-04-28 22:00:57,,208103.952220026,479742.054909414
호수도그 강아지분양 애견샵,20201130,폐업,,0,11474,"경기도 양주시 옥정동로 ***, 다올레이크프라자 *층 ***호 (옥정동)",경기도 양주시 옥정동 ****-* 다올레이크프라자 ***호,,2026-04-28 22:00:57,,208649.058351816,480001.316857064
댕댕월드&amp;퍼피,20210208,폐업,,0,11473,"경기도 양주시 옥정동로*나길 **, 폴리프라자* ***호 (옥정동)",경기도 양주시 옥정동 ***-* 폴리프라자* ***호,,2026-04-28 22:00:57,,208153.549108134,479742.042872861
그랑드몽,20220321,폐업,,0,11504,"경기도 양주시 백석읍 중앙로 ***, *층",경기도 양주시 백석읍 오산리 ***-*,,2026-04-28 22:00:57,,198014.680839518,477439.109235103
펫캐슬 강아지고양이분양 애견샵 양주옥정점,20221025,폐업,031-864-3400,0,11473,"경기도 양주시 옥정동로*가길 **, 폴리프라자 *층 **호 (옥정동)",경기도 양주시 옥정동 ***-*,,2026-04-28 22:00:57,,208214.877461498,479741.827520351
햄쥐나라,20230227,폐업,,0,11516,"경기도 양주시 백석읍 양주산성로 ***-**, *층",경기도 양주시 백석읍 가업리 ***,,2026-04-28 22:00:57,,197206.833779185,476771.46608336
댕댕미용,20230327,폐업,031-863-8883,0,11468,"경기도 양주시 새터로 **-*, *층 (옥정동)",경기도 양주시 옥정동 ***-*,,2026-04-28 22:00:57,,207525.257791882,481049.884277842
핫독빌리지,20240320,폐업,,0,11426,경기도 양주시 은현면 은현로***번길 **-**,경기도 양주시 은현면 하패리 ***,11426,2026-04-28 22:00:57,,201709.290766294,487549.738119569
니코르 네일스튜디오,20241023,폐업,,0,11492,"경기도 양주시 고읍남로 **, 더테라스원 *층 *호 (광사동)",경기도 양주시 광사동 ***-* ***호,,2026-04-28 22:00:57,,206945.250487867,476963.464160798
까꿍햄찌,20250221,폐업,,0,11456,"경기도 양주시 회정로 ***, 두리테크 덕정타운 *층 **호 (덕정동)",경기도 양주시 덕정동 ***-* 두리테크 덕정타운,,2026-04-28 22:00:57,,205952.007935825,481622.817109258
러브퍼피,20080714,폐업,031-256-6321,,,경기도 수원시 팔달구 정조로 ***-* (신풍동),경기도 수원시 팔달구 신풍동 *,,2026-01-13 17:19:36,,201290.604768326,420408.558481234
애견사랑,20081106,폐업,031-217-1849,,,,경기도 수원시 영통구 매탄동 ****-**** ***호,,2026-01-13 17:19:36,,204114.987341223,417727.222236609
펫조은나라,20080911,폐업,031-211-0702,0,16263,경기도 수원시 팔달구 매산로***번길 * (중동),경기도 수원시 팔달구 중동 **-*,,2026-01-13 17:19:36,,201413.754325753,419016.687640421
아람 바이오,20080911,폐업,031-243-9692,0,16220,경기도 수원시 장안구 연무로*번길 ** (연무동),경기도 수원시 장안구 연무동 ***-*,,2026-01-13 17:19:36,,202452.529878152,421176.34427153
그린펫동물병원,20080901,폐업,031-223-7589,,,"경기도 수원시 팔달구 효원로 *** (인계동,홈플러스 동수원점(*층))",경기도 수원시 팔달구 인계동 **** 홈플러스 동수원점(*층),,2026-01-13 17:19:36,,202602.629959972,417869.723857315
멍스독스,20100930,폐업,,,,,경기도 부천시 원미구 중동 ****-* 대우마이빌 ***호,,2026-01-13 17:18:35,,179008.924857896,444477.995066867
멍스독스,20110104,폐업,,,,,경기도 부천시 원미구 중동 ****-* 대우마이빌센트럴파크 ***호,,2026-01-13 17:18:35,,179008.924857896,444477.995066867
골드애견,20150120,폐업,031-618-8979,0,17911,경기도 평택시 평택로 ** (평택동),경기도 평택시 평택동 **-**,,2026-01-13 17:27:05,,207559.544135947,387954.173194547
보스 펫,20161103,폐업,,0,16489,경기도 수원시 팔달구 인계로**번길 ** (인계동),경기도 수원시 팔달구 인계동 ****-**,,2026-01-13 17:19:37,,202339.813326952,418229.140341536
아이펫,20170308,폐업,,0,16579,경기도 수원시 권선구 세지로 **-* (세류동),경기도 수원시 권선구 세류동 ****-*,,2026-01-13 17:19:37,,201370.573181691,417069.177879429
펫 빌리지,20170403,폐업,,0,16420,"경기도 수원시 장안구 화산로 **, ***호 (천천동, 천천 푸르지오)",경기도 수원시 장안구 천천동 ***-*,,2026-01-13 17:19:37,,198371.856028836,421082.673193621
알콩 달콩 펫살롱,20170411,폐업,031-227-5220,0,16400,"경기도 수원시 권선구 노림로 *, *층 (호매실동)",경기도 수원시 권선구 호매실동 ***-**,,2026-01-13 17:19:37,,195904.987759005,418289.1843947
은밀하개 위대하개,20170718,폐업,031-308-3636,0,16655,경기도 수원시 권선구 정조로 *** (세류동),경기도 수원시 권선구 세류동 ***-**,,2026-01-13 17:19:37,,200930.076651152,416678.928817133
강성호반려견스쿨(수원점),20170824,폐업,,0,16381,"경기도 수원시 권선구 금곡로 *-*, 지*층 (금곡동)",경기도 수원시 권선구 금곡동 ***-* 지*층,,2026-01-13 17:19:37,,194488.290533422,418507.616052232
브라더스펫,20170901,폐업,031-214-4443,0,16518,경기도 수원시 영통구 월드컵로**번길 ** (원천동),경기도 수원시 영통구 원천동 ***-*,,2026-01-13 17:19:37,,204414.571603699,419138.449056825
낭만고양이(광교점),20171011,폐업,031-212-8260,0,16512,"경기도 수원시 영통구 법조로***번길 **, *층 (하동)",경기도 수원시 영통구 하동 ***-**,,2026-01-13 17:19:37,,206198.450568495,421365.057138796
퍼피스,20171027,폐업,,0,16263,"경기도 수원시 팔달구 정조로 ***, *층 (중동)",경기도 수원시 팔달구 중동 **,,2026-01-13 17:19:37,,201377.208178159,419120.871664555
도미나펫,20150113,폐업,032-345-0630,0,14663,경기도 부천시 원미구 역곡로**번길 ** (역곡동),,,2026-01-13 17:18:35,,182912.474146427,443078.332351559
Groovy Dooggy,20150130,폐업,,0,14537,"경기도 부천시 원미구 길주로 ***, ***,***호 (중동, 골든벨타워)",,,2026-01-13 17:18:35,,178942.559566438,444816.402230322
도그탑,20150302,폐업,,0,14617,경기도 부천시 원미구 부일로***번길 ** (심곡동),경기도 부천시 원미구 심곡동 ***,,2026-01-13 17:18:35,,180096.226069847,442954.81878892
Boong's Home,20150410,폐업,,0,14574,경기도 부천시 원미구 옥산로 * (중동),,,2026-01-13 17:18:35,,180426.824272726,443677.015902217
러브펫 멀티펫샵(부천고강),20150420,폐업,070-7353-3230,0,14411,경기도 부천시 오정구 역곡로***번길 ** (고강동),경기도 부천시 오정구 고강동 ***-*,,2026-01-13 17:18:35,,183724.24582126,447159.30463661
스타일독,20150427,폐업,032-321-3340,0,14544,경기도 부천시 원미구 소향로**번길 **-** (상동),경기도 부천시 원미구 상동 ***-*,,2026-01-13 17:18:35,,177820.724608891,444676.998031042
강사모백화점 애견분양(개아범),20150507,폐업,,0,14769,경기도 부천시 소사구 소사로 *** (소사본동),,,2026-01-13 17:18:35,,181897.477054664,440975.249870677
미스멍 2호점,20150623,폐업,,,14781,경기도 부천시 소사구 소사동로 *** (괴안동),경기도 부천시 소사구 괴안동 ***-*,,2026-01-13 17:18:35,,183319.953296531,441713.294759222
와이앤케이 커머스(주),20150706,폐업,032-324-7067,0,14543,경기도 부천시 원미구 상동로***번길 ** (상동),경기도 부천시 원미구 상동 ***-*,,2026-01-13 17:18:35,,177832.570651833,445094.255389699
캣독(cat dog),20150710,폐업,,0,14576,경기도 부천시 원미구 조마루로***번길 ** (심곡동),경기도 부천시 원미구 심곡동 **-*,,2026-01-13 17:18:35,,180881.259591263,443805.254052812
탑동물병원,20151014,폐업,032-663-8275,0,14714,경기도 부천시 소사구 성주로 *** (심곡본동),경기도 부천시 소사구 심곡본동 ***-*,,2026-01-13 17:18:35,,180625.307360101,442124.685197998
이사벨라돌스 말티즈,20151110,폐업,070-8683-9443,0,14635,경기도 부천시 원미구 부일로 *** (심곡동),경기도 부천시 원미구 심곡동 ***-* *층,,2026-01-13 17:18:35,,180403.707025481,442731.695783704
크림펫,20151201,폐업,,0,14471,경기도 부천시 오정구 삼작로 *** (작동),경기도 부천시 오정구 작동 **-*,,2026-01-13 17:18:35,,183500.926694895,446287.978621875
라이프 독,20151210,폐업,032-345-2340,0,14674,경기도 부천시 원미구 부일로 *** (역곡동),경기도 부천시 원미구 역곡동 **-*,,2026-01-13 17:18:35,,183322.194805742,442650.460365624
부천 강아지분양 베이비몽,20160128,폐업,,0,14544,"경기도 부천시 원미구 소향로**번길 ** (상동, 테마파크)",경기도 부천시 원미구 상동 ***-** ***호,,2026-01-13 17:18:35,,177777.506835431,444738.057623797
똥강아지,20160302,폐업,070-4799-2698,0,14411,"경기도 부천시 오정구 역곡로***번길 ** (고강동, 동림빌딩)",경기도 부천시 오정구 고강동 ***-*,,2026-01-13 17:18:35,,183724.24582126,447159.30463661
좋은강아지,20080520,폐업,84502301,0,11694,경기도 의정부시 태평로 ** (의정부동),,,2026-01-13 17:25:34,,204512.387274231,470584.940289929
퍼피움,20160816,폐업,,0,18470,"경기도 화성시 동탄구 동탄기흥로***번나길 **, *층 (영천동)",경기도 화성시 동탄구 영천동  ***-* *층,,2026-02-01 10:34:17,,208271.728143489,411592.248579567
애견샵 어린왕자,20161018,폐업,031-231-2859,0,18362,경기도 화성시 병점구 용주로 ** (안녕동),경기도 화성시 병점구 안녕동  **-**,,2026-02-01 10:34:17,,201013.070020827,411540.166330803
에나벨라 말티즈,20161111,폐업,,0,18565,경기도 화성시 만세구 우정읍 조암남로 **,경기도 화성시 만세구 우정읍 조암리 ***-**,,2026-02-01 10:34:17,,183908.118430392,398070.572058786
활초 켄넬,20170331,폐업,,0,18278,경기도 화성시 만세구 남양읍 홍난파길**번길 **-*,경기도 화성시 만세구 남양읍 활초리 **,,2026-02-01 10:34:17,,185600.972275596,409355.04192627
도그랑땡,20170417,폐업,,0,18436,"경기도 화성시 동탄구 동탄공원로*길 **-*, ***호 (반송동)",,,2026-02-10 21:32:50,,,
아담스펫 화성점,20170512,폐업,031-355-8557,0,18271,"경기도 화성시 만세구 남양읍 역골로**번길 **, *층",,,2026-02-10 21:32:50,,,
온누리애견,20170726,폐업,031-358-5669,0,18584,경기도 화성시 만세구 장안면 진개골길 ***,경기도 화성시 만세구 장안면 사랑리 ***-*,,2026-02-01 10:34:17,,184744.976696151,396789.473484501
사랑하개,20170905,폐업,031-236-2777,0,18409,경기도 화성시 병점구 병점*로 ** (병점동),경기도 화성시 병점구 병점동  ***-**,,2026-02-01 10:34:17,,203867.438031802,411836.497839255
페로하임,20171016,폐업,,0,18404,"경기도 화성시 병점구 효행로 ****, ***호 (진안동)",경기도 화성시 병점구 진안동  ***-*,,2026-02-01 10:34:17,,203414.344623007,412302.310478941
뷰티풀어컴퍼니,20171120,폐업,,0,18472,경기도 화성시 동탄구 동탄순환대로**길 ** (영천동),경기도 화성시 동탄구 영천동  ***-*,,2026-02-01 10:34:17,,209603.218109843,411405.268602967
터틀바이브랩앤카페,20171121,폐업,,0,18436,"경기도 화성시 동탄구 동탄공원로*길 **-*, *층 (반송동)",경기도 화성시 동탄구 반송동  **-*,,2026-02-01 10:34:17,,205296.407545054,411215.633834917
KGBKENNEL(케이지비켄넬),20221121,폐업,,0,18336,경기도 화성시 효행구 봉담읍 하가등안길 **-**,경기도 화성시 효행구 봉담읍 하가등리 ***-*,,2026-02-01 10:34:18,,194892.230637423,405396.691677498
몽글몽글PET,20221206,폐업,,0,18242,"경기도 화성시 만세구 노들길 *, ***,***호 (새솔동)",경기도 화성시 만세구 새솔동 **-*,18245,2026-02-01 10:34:18,,183966.112542626,419771.621701542
러키켓,20211115,폐업,,0,15036,"경기도 시흥시 서촌상가*길 **, 두원프라자 *층 ***호 (정왕동)",경기도 시흥시 정왕동 ****-* 두원프라자,15119,2026-03-10 21:36:21,,176327.603036557,427289.313910493
위드미펫살롱,20211129,폐업,,0,14923,"경기도 시흥시 은계중앙로 ***, ***호 (은행동)",경기도 시흥시 은행동 ***-**,14923,2026-03-10 21:36:21,,182706.048389493,438015.146514746
영캣하우스&amp;제이엠테크,20220224,폐업,,0,15011,"경기도 시흥시 서울대학로***번길 **-**, 다인로얄팰리스 배곧*차 *층 ***,***호 (배곧동)",경기도 시흥시 배곧동 ***-* 다인로얄팰리스 배곧*차,,2026-03-10 21:36:21,,175953.990514593,429717.307576491
코독스 강아지 배곧점,20220311,폐업,,0,15011,"경기도 시흥시 서울대학로***번길 **, 서영베니스스퀘어 c-**호 (배곧동)",경기도 시흥시 배곧동 *** 서영베니스스퀘어,,2026-03-10 21:36:21,,176072.60072494,429602.843996773
손민제(일회성 분양),20220519,폐업,,0,15010,"경기도 시흥시 서울대학로***번길 **-**, 다인로얄팰리스 배곧*차 ***호 (배곧동)",경기도 시흥시 배곧동 ***-* 다인로얄팰리스 배곧*차,,2026-03-10 21:36:22,,175937.851298615,429781.680517774
퍼펙트독,20220808,폐업,,0,15119,"경기도 시흥시 거북섬로 ***, ***호 (정왕동)",경기도 시흥시 정왕동 ****-*,15119,2026-03-10 21:36:23,,172254.287668597,424594.169992226
캣슬,20230126,폐업,,0,15011,"경기도 시흥시 서울대학로***번길 **-**, 다인로얄팰리스 배곧*차 *층 ***호 (배곧동)",경기도 시흥시 배곧동 ***-* 다인로얄팰리스 배곧*차,,2026-03-10 21:36:25,,175953.990514593,429717.307576491
멍냥펀치,20230426,폐업,,0,14949,"경기도 시흥시 신천로 **, *층 ***호 (신천동)",경기도 시흥시 신천동 ***-*,,2026-03-10 21:36:25,,180993.004287726,437451.601589808
인연,20250911,폐업,,0,15010,"경기도 시흥시 배곧*로 **, 배곧타운* ***호 (배곧동)",경기도 시흥시 배곧동 *** 배곧타운* ***호,,2026-03-10 21:36:32,,175732.499134758,430659.533763531
산본애견,20081104,폐업,031-394-0816,0,15811,경기도 군포시 산본천로 *** (산본동),경기도 군포시 산본동 ***-*,,2026-01-13 17:16:33,,194708.272725284,429869.82093855
엘프모리,20080303,폐업,,,,,경기도 고양시 일산동구 정발산동 ****-* *층,,2026-01-13 17:14:05,,180172.615081447,463226.047134494
쿨펫동물병원,20080311,폐업,,,,,경기도 고양시 덕양구 화정동 *** 롯데마트 *층,,2026-01-13 17:14:05,,184997.277010348,458910.279075339
동물의 왕국,20080324,폐업,,,,,경기도 고양시 덕양구 성사동 ***-*,,2026-01-13 17:14:05,,185847.301970352,461353.37237947
풍동 동물병원,20080325,폐업,,,,,경기도 고양시 일산동구 풍동 **** 신성프라자 ***호,10309,2026-01-13 17:14:05,,182103.488459125,462804.299266978
행복이 가득한 동물병원,20080325,폐업,,,,,경기도 고양시 덕양구 화정동 ***-* 새롬프라자 ***호,,2026-01-13 17:14:05,,185093.23232828,459216.214287851
쿨펫동물병원 주엽점,20080326,폐업,,,,,경기도 고양시 일산서구 주엽동 ** 그랜드백화점 주차빌딩 *층,,2026-01-13 17:14:05,,178859.791398959,463205.227173138
고로롱,20180131,폐업,,0,16491,"경기도 수원시 팔달구 권선로 ***, 삼부르네상스오피스텔 *층 ***호 (인계동)",경기도 수원시 팔달구 인계동 ****-* 삼부르네상스오피스텔 ***호,,2026-01-13 17:19:37,,202688.397712674,417376.625365096
펫토리,20180131,폐업,,0,16311,"경기도 수원시 장안구 송정로 **, *층 (정자동)",경기도 수원시 장안구 정자동 **-**,,2026-01-13 17:19:37,,200367.868072709,421525.384922811
애지중지 Pet Boutique,20180302,폐업,,0,16243,"경기도 수원시 팔달구 세지로 ***-*, *층 (지동)",경기도 수원시 팔달구 지동 ***-**,,2026-01-13 17:19:37,,202040.876639979,419822.049782009
굿보이,20180307,폐업,,0,16509,"경기도 수원시 영통구 에듀타운로 ***, 에듀하임 ***동 ***,***호 (이의동)","경기도 수원시 영통구 이의동 ****-* 에듀하임 ***동 ***,***호",16508,2026-01-13 17:19:37,,203984.830219039,420777.284840584
수원강아지분양 고양이분양 쿤펫,20180419,폐업,,0,16439,"경기도 수원시 팔달구 팔달로 ***, *층 (화서동)",경기도 수원시 팔달구 화서동 **-**,,2026-01-13 17:19:37,,200517.195720456,420214.79368684
크라운펫,20180427,폐업,,0,16672,"경기도 수원시 권선구 곡반정로**번길 *-**, *층 (곡반정동)",경기도 수원시 권선구 곡반정동 ***-**,,2026-01-13 17:19:37,,202381.352105092,414685.866886201
바른 분양,20181004,폐업,,0,16509,"경기도 수원시 영통구 도청로**번길 **, 지(G)-타워 *층 *호 (이의동)",경기도 수원시 영통구 이의동 ****-* 지(G)-타워,16508,2026-01-13 17:19:37,,204150.560067278,420832.11834052
스타일독앤캣 강아지고양이 수원점,20181023,폐업,031-214-4443,0,16518,"경기도 수원시 영통구 월드컵로**번길 **, *층 (원천동)",경기도 수원시 영통구 원천동 ***-*,,2026-01-13 17:19:37,,204414.571603699,419138.449056825
몽스타일,20181113,폐업,031-257-0077,0,16443,경기도 수원시 팔달구 화양로*번길 * (화서동),경기도 수원시 팔달구 화서동 ***-*,,2026-01-13 17:19:37,,199794.86680782,419664.664731005
L.DOG,20181121,폐업,,0,16491,"경기도 수원시 팔달구 효원로***번길 **, 마이홈 오피스텔 *층 *호 (인계동)",경기도 수원시 팔달구 인계동 ****-* 마이홈 오피스텔,,2026-01-13 17:19:37,,202770.326620209,417535.861467439
해피주 (수원권선점),20181204,폐업,,0,16671,"경기도 수원시 권선구 곡선로 **, *층 (곡반정동)",경기도 수원시 권선구 곡반정동 ***-*,,2026-01-13 17:19:37,,202653.477742553,415155.393979759
우리아이,20180501,폐업,032-677-5262,0,14427,"경기도 부천시 오정구 소사로 ***, 뉴월드프라자 *층 ***호 (원종동)",경기도 부천시 오정구 원종동 ***-* 뉴월드프라자,,2026-01-13 17:18:35,,182650.503950396,447065.179024815
물고기나라,20180705,폐업,,0,14709,경기도 부천시 소사구 자유로 **-* (심곡본동),경기도 부천시 소사구 심곡본동 ***-**,,2026-01-13 17:18:35,,180489.826064224,442423.285546205
하나애견,20180705,폐업,,0,14568,"경기도 부천시 원미구 원미로 ***, E동 *호 (원미동, 백송연립)",경기도 부천시 원미구 원미동 **-* 백송연립,,2026-01-13 17:18:35,,181424.362657848,443569.407774192
애견백화점,20080520,폐업,,0,11681,경기도 의정부시 가능로 ** (가능동),,,2026-01-13 17:25:34,,203021.620033869,471587.18842367
열린펫동물병원,20080520,폐업,,0,11698,경기도 의정부시 태평로 ** (의정부동),,,2026-01-13 17:25:34,,204484.80585177,470504.222825581
강아지,20080520,폐업,,,,,경기도 의정부시 호원동 ***-**** 회료한주아파트 상가동,,2026-01-13 17:25:34,,,
펫프린스,20080520,폐업,,,,"경기도 의정부시 장곡로 *** (장암동,롯데마트*층)",경기도 의정부시 장암동 **-** 롯데마트*층,,2026-01-13 17:25:34,,204630.543411273,469034.163890834
혜수동물병원,20080520,폐업,,,,,경기도 의정부시 의정부동 **-**,,2026-01-13 17:25:34,,204494.96041186,471208.810495203
정퍼피클럽,20080527,폐업,,0,11810,"경기도 의정부시 승지로*번길 ** (민락동, *층)",경기도 의정부시 민락동,,2026-01-13 17:25:34,,207764.537971793,470643.369357195
애견종합할인매장,20080619,폐업,,,,경기도 의정부시 평화로 *** (호원동),경기도 의정부시 호원동 ***-**,,2026-01-13 17:25:34,,204146.117066247,466988.704648983
강아지이야기,20080619,폐업,,,,경기도 의정부시 신촌로*번길 **-** (가능동),경기도 의정부시 가능동 ***-**,11611,2026-01-13 17:25:34,,203119.360712258,471800.853461697
화이트,20080630,폐업,,,,경기도 의정부시 시민로 *** (용현동),경기도 의정부시 용현동 ***-*,,2026-01-13 17:25:34,,206882.261274352,470214.120769804
영진애견,20080704,폐업,,0,11740,경기도 의정부시 추동로 * (신곡동),,,2026-01-13 17:25:34,,,
신촌동불병원,20080704,폐업,,,,경기도 의정부시 신흥로 ***-* (가능동),경기도 의정부시 가능동 ***-**,11611,2026-01-13 17:25:34,,203675.065530482,471757.179544994
낭만고양이 평택점,20180119,폐업,,0,17851,"경기도 평택시 비전*길 **, ***호 (비전동)",경기도 평택시 비전동 ***-* ***호,,2026-01-13 17:27:05,,209044.616468142,389259.804080843
헬로우 미니쥬,20180502,폐업,,0,17760,경기도 평택시 탄현*로 ***(신장동),경기도 평택시 신장동 ***-**,,2026-01-13 17:27:05,,204684.649343061,397446.355148044
블링돌,20180517,폐업,,0,17848,"경기도 평택시 서재*길 **-*, *층 ***호 (동삭동)",경기도 평택시 동삭동 ***-* ***호,18030,2026-01-13 17:27:05,,208325.461812523,389966.340352182
스타펫,20180827,폐업,,0,17848,"경기도 평택시 평남로 ****, *층 (동삭동)",경기도 평택시 동삭동 ***-*,18030,2026-01-13 17:27:05,,208354.059089971,389814.735187844
사랑하개,20180921,폐업,,0,17854,"경기도 평택시 비전*로 **-**, *층 (비전동)",경기도 평택시 비전동 ****-*,,2026-01-13 17:27:05,,210218.598990185,388729.41946623
러블리 펫,20181008,폐업,,0,17869,"경기도 평택시 현촌*로 **, *층 (용이동)",경기도 평택시 용이동 ***-*,,2026-01-13 17:27:05,,211798.721549115,388525.579135207
펍피,20181019,폐업,,0,17854,경기도 평택시 비전*로 **-** (비전동),경기도 평택시 비전동 ****-*,,2026-01-13 17:27:05,,210170.172281289,388671.898918524
이쁘개,20190325,폐업,,0,17808,경기도 평택시 청북읍 안청로*길 **-**,경기도 평택시 청북읍 옥길리 ****-* ***호,,2026-01-13 17:27:05,,192496.380201533,390740.255328728
곰탱이독,20230207,폐업,031-377-2585,0,18473,"경기도 화성시 동탄구 지산*길 *-**, ***호 (영천동)",경기도 화성시 동탄구 영천동  ***-**,,2026-02-01 10:34:18,,209899.54179627,411549.910822871
브리더스(Breeders),20230220,폐업,070-8065-0939,0,18453,"경기도 화성시 동탄구 동탄중심상가*길 *, 로하스애비뉴 ***호 (반송동)",경기도 화성시 동탄구 반송동  **-* 로하스애비뉴,,2026-02-01 10:34:18,,206378.247090083,411519.526668326
커피멍냥 앤 몽몽살롱,20230731,폐업,,0,18453,"경기도 화성시 동탄구 동탄지성로 *, ***호 (반송동, 동탄 플래티넘)",경기도 화성시 동탄구 반송동  **-* 동탄 플래티넘,,2026-02-01 10:34:18,,206491.146821923,411458.976720896
윙크애견미용샵,20230831,폐업,,0,18259,"경기도 화성시 만세구 남양읍 남양성지로 **, 우림그린빌리지 상가B동 ***호",경기도 화성시 만세구 남양읍 남양리 ***-* 우림그린빌리지,,2026-02-01 10:34:18,,182627.797125469,411500.124442228
안산강아지개냥이네,20181001,폐업,,0,15461,"경기도 안산시 단원구 광덕서로 ***, 두성타워 ***호 (고잔동)",경기도 안산시 단원구 고잔동 ***-* 두성타워,,2026-03-26 22:46:10,,184655.16144699,423519.906888729
개통령,20181001,폐업,,0,15579,"경기도 안산시 상록구 용신로 ***, *층 (사동)",경기도 안산시 상록구 사동 ****-*,,2026-03-26 22:46:10,,186338.3178208,422364.657866635
캣독빌리지,20181214,폐업,,0,15514,"경기도 안산시 상록구 이동로 **, ***호 (이동)",경기도 안산시 상록구 이동 ***-**,,2026-03-26 22:46:10,,187598.831688421,422663.29511124
쉼독,20181220,폐업,,0,15461,"경기도 안산시 단원구 광덕서로 ***, 두성타워 ***호 (고잔동)",경기도 안산시 단원구 고잔동 ***-* 두성타워,,2026-03-26 22:46:10,,184655.16144699,423519.906888729
폰앤독,20190312,폐업,,0,15329,"경기도 안산시 단원구 화정로*길 *, ***호 (와동)",경기도 안산시 단원구 와동 ***-*,,2026-03-26 22:46:10,,183870.88551362,425624.852380288
멍냥멍냥,20190521,폐업,,0,15455,"경기도 안산시 단원구 원포공원*로 **, 메가쇼핑타운* ***호 (초지동)",경기도 안산시 단원구 초지동 ***-* 메가쇼핑타운*,,2026-03-26 22:46:10,,183400.7,422211.87
캣챱(cat cheer up),20190611,폐업,,0,15359,"경기도 안산시 단원구 당곡로 *, 진양빌딩 ***호 (고잔동)",경기도 안산시 단원구 고잔동 ***-* 진양빌딩,,2026-03-26 22:46:10,,185118.612620648,424011.720282715
숲 : forest,20190823,폐업,,0,15457,"경기도 안산시 단원구 원포공원*로 **, 서해프라자 ***호 (초지동)",경기도 안산시 단원구 초지동 *** 서해프라자,,2026-03-26 22:46:10,,183379.619849692,422143.413283603
로얄독 강아지분양 안산점,20201119,폐업,,0,15489,"경기도 안산시 상록구 양지편*길 **, *층 (이동)",경기도 안산시 상록구 이동 ***-*,,2026-03-26 22:46:10,,186485.764281742,423174.221516992
이색동물전문점,20210322,폐업,,0,15461,"경기도 안산시 단원구 광덕대로 ***, 장은타워 ***호 (고잔동)",경기도 안산시 단원구 고잔동 ***-* 장은타워,,2026-03-26 22:46:10,,184799.156746134,423500.780771631
그랜드24시동물병원,20151105,폐업,,0,12755,경기도 광주시 경안안길 * (경안동),경기도 광주시 경안동 ***-*,,2026-01-13 17:15:33,,222227.860488953,434738.68496788
꾸러기 펫,20160325,폐업,,0,12739,"경기도 광주시 중앙로***번길 *, *층 (송정동)",경기도 광주시 송정동 ***-** *층,,2026-01-13 17:15:33,,222752.569688842,436266.011889493
파우파우(PAW PAW),20160429,폐업,031-765-8777,0,12768,경기도 광주시 순암로 *** (중대동),경기도 광주시 중대동 **-*,,2026-01-13 17:15:33,,219426.96048299,433370.310771944
도그파파,20160512,폐업,,0,12774,"경기도 광주시 문형동 오포로 ***, *층",경기도 광주시 문형동 ***-* *층,12774,2026-01-13 17:15:33,,,
멋내는 애견,20170118,폐업,,0,12756,경기도 광주시 중앙로 *** (경안동),경기도 광주시 경안동 **-**,,2026-01-13 17:15:33,,222701.20266392,434612.276922908
D&C 그루밍 샵,20170126,폐업,,0,12761,"경기도 광주시 문화로 **, *층 (경안동)",경기도 광주시 경안동 **-**,,2026-01-13 17:15:33,,222325.168880716,434205.667518446
꼬꼬마 강아지,20181009,폐업,,0,14593,"경기도 부천시 원미구 상이로**번길 **-*, *층 (상동)",경기도 부천시 원미구 상동 ***-*,,2026-01-13 17:18:35,,177164.507842145,443225.818056047
뽀독,20181026,폐업,032-342-0988,0,14694,"경기도 부천시 소사구 소삼로 **-*, 부천소사역 푸르지오 상가 ***,***호 (소사본동)",경기도 부천시 소사구 소사본동 ***-** 부천소사역 푸르지오 상가,,2026-01-13 17:18:35,,182072.30130011,441921.335628752
하비펫,20181115,폐업,032-202-8475,0,14784,"경기도 부천시 소사구 양지로***번길 *, 가동 ***호 (옥길동)",경기도 부천시 소사구 옥길동 ***-*,,2026-01-13 17:18:35,,184011.380789621,440833.884317853
사바나 코쉬카,20181205,폐업,,0,14548,"경기도 부천시 원미구 중동로***번길 **, 신풍프라자 *층 ***호 (중동)",경기도 부천시 원미구 중동 ****-* 신풍프라자,,2026-01-13 17:18:35,,179838.939353663,444389.332995523
망고&amp;체리 애견샵,20190116,폐업,,0,14416,"경기도 부천시 오정구 원종로***번길 **, ***호 (고강동, 청광플러스원)",경기도 부천시 오정구 고강동 *** 청광플러스원,,2026-01-13 17:18:35,,183481.245106487,447219.449881369
뭉개뭉개,20190222,폐업,,0,14573,"경기도 부천시 원미구 부흥로 ***, *층 (원미동)",경기도 부천시 원미구 원미동 ***-**,,2026-01-13 17:18:35,,181292.26726379,442807.798431834
쿠잉펫,20190226,폐업,032-325-0608,0,14543,"경기도 부천시 원미구 상동로***번길 **, 진성프라자 ***호 (상동)",경기도 부천시 원미구 상동 ***-* 진성프라자,,2026-01-13 17:18:35,,177945.57287303,445076.582440976
꿈애견,20111110,폐업,,0,16570,경기도 수원시 권선구 경수대로 *** (권선동),경기도 수원시 권선구 권선동 ***-*,,2026-01-13 17:19:36,,202120.904579256,417923.686898267
하이펫살롱,20120330,폐업,,,,"경기도 수원시 권선구 동수원로***번길 **, ***호 (곡반정동)",경기도 수원시 권선구 곡반정동 ***-* ***호,,2026-01-13 17:19:36,,202809.465867517,415995.853251168
가가아쿠아,20130318,폐업,,,,,경기도 부천시 원미구 상동 ***-* 킴스클럽 *층,,2026-01-13 17:18:35,,178411.442079953,444684.405331659
멍바라기,20130412,폐업,,0,,,경기도 부천시 소사구 송내동 ***-**,,2026-01-13 17:18:35,,178416.976146208,442380.869362825
달콤펫,20130430,폐업,,0,14543,"경기도 부천시 원미구 길주로 **, *층 ***호 (상동, 리파인빌 )",,,2026-01-13 17:18:35,,177871.750083275,444936.910693052
주식회사 펫뱅크,20130503,폐업,032-650-8000,0,,,경기도 부천시 원미구 상동 ***-* 홈플러스 부천상동점 *층,,2026-01-13 17:18:35,,178267.428293028,444706.144749999
쥬쥬,20130508,폐업,,0,,,경기도 부천시 오정구 삼정동 ***-*,,2026-01-13 17:18:35,,179751.552869245,446522.08439943
펫샵,20130701,폐업,,0,,,경기도 부천시 원미구 심곡동 ***,,2026-01-13 17:18:35,,180682.178867611,442929.432148975
위드펫,20130701,폐업,,0,,,경기도 부천시 소사구 송내동 ***-*,,2026-01-13 17:18:35,,179917.371665034,442466.683174369
강아지나라,20130716,폐업,,0,14577,경기도 부천시 원미구 부천로***번길 *-* (심곡동),경기도 부천시 원미구 심곡동 **-*,,2026-01-13 17:18:35,,180815.326817656,443607.941577167
쉬어가개,20190408,폐업,,0,17733,"경기도 평택시 서정로 ***, *층 (서정동)",경기도 평택시 서정동 ****-*,,2026-01-13 17:27:05,,205791.363903162,395932.136558831
차일드독 강아지,20190423,폐업,,0,17851,"경기도 평택시 비전*길 **-*, *층 (비전동)",경기도 평택시 비전동 ***-*,,2026-01-13 17:27:05,,208992.842705503,389293.061934838
평택 강아지 고양이 미용 분양,20190531,폐업,,0,17854,"경기도 평택시 비전*로 ***, 좋은메디타워 *층 ***호 (비전동)",경기도 평택시 비전동 ****-* 좋은메디타워 ***호,,2026-01-13 17:27:05,,210049.871724006,388925.793714913
모모펫 그루머,20190813,폐업,,0,17855,"경기도 평택시 비전*길 **-**, 퀸즈타워 (비전동)",경기도 평택시 비전동 **** 퀸즈타워,,2026-01-13 17:27:05,,209706.854633281,389003.581004429
개와당신,20190910,폐업,,0,17845,"경기도 평택시 상서재로 **, *층 **호 (동삭동, 평택센트럴자이 *단지)",경기도 평택시 동삭동 *** 평택센트럴자이 *단지 **호,18030,2026-01-13 17:27:05,,208873.605805313,391034.564723058
아지냐옹,20191107,폐업,,0,17866,"경기도 평택시 현신로 ***, *층 (용이동)",경기도 평택시 용이동 ***-*,,2026-01-13 17:27:05,,212877.188,388775.833
뉴펫밀리하우스 평택점,20191119,폐업,,0,17854,"경기도 평택시 비전*로 ***, 로얄 프라자 ***호 (비전동)",경기도 평택시 비전동 **** 로얄 프라자 ***호,,2026-01-13 17:27:05,,210091.288140939,388963.492803226
런닝개,20191202,폐업,,0,17797,경기도 평택시 청북읍 청오로 ***,경기도 평택시 청북읍 토진리 ***-*,17797,2026-01-13 17:27:05,,197247.745637662,392007.350069206
강아지#,20191213,폐업,,0,17989,경기도 평택시 팽성읍 부용로 **,경기도 평택시 팽성읍 송화리 ***-*,,2026-01-13 17:27:05,,205159.713656678,384632.013088977
달루나캣츠 고양이전문 평택점,20200303,폐업,,0,17851,"경기도 평택시 비전*길 **-*, *층 (비전동)",경기도 평택시 비전동 ***-*,,2026-01-13 17:27:05,,208992.842705503,389293.061934838
캣챱 고양이전문,20200609,폐업,,0,17855,"경기도 평택시 비전*길 *-**, 지민빌 *층 (비전동)",경기도 평택시 비전동 ****-*,,2026-01-13 17:27:05,,209715.404349259,388966.421409533
냥아지네,20200708,폐업,,0,17932,"경기도 평택시 안중읍 안중초롱길 *-*, *층",경기도 평택시 안중읍 학현리 ***-**,,2026-01-13 17:27:05,,193098.606709803,387365.090417388
컴투펫 강아지 평택점,20200821,폐업,,0,17854,"경기도 평택시 비전*로 ***, 좋은메디타워 (비전동)",경기도 평택시 비전동 ****-* 좋은메디타워,,2026-01-13 17:27:05,,210049.871724006,388925.793714913
평택 평안 월드캣,20200909,폐업,,0,17849,"경기도 평택시 평남로 ****-*, *층 (동삭동)",경기도 평택시 동삭동 ***-*,18030,2026-01-13 17:27:05,,208192.944998004,389758.250684243
도그플러스동물병원,20081110,폐업,,,,"경기도 의정부시 청사로 ** (금오동,홈플러스 *층)",경기도 의정부시 금오동 ***-* 홈플러스 *층,,2026-01-13 17:25:34,,206192.090833323,472186.18249487
베르애견,20090422,폐업,,,,,경기도 의정부시 의정부동 ***-**,,2026-01-13 17:25:34,,,
제일가축약품,20090810,폐업,,0,11693,경기도 의정부시 태평로***번길 * (의정부동),,,2026-01-13 17:25:34,,204516.238371196,471156.895203986
스마일애견,20091023,폐업,,0,11728,경기도 의정부시 장곡로***번길 ** (신곡동),,,2026-01-13 17:25:34,,204878.011763745,470363.228176161
"골든햄찌랑 또,마뱀",20231220,폐업,,0,18314,"경기도 화성시 효행구 봉담읍 매봉로 ***, ***호",경기도 화성시 효행구 봉담읍 상리 ***-*,,2026-02-01 10:34:18,,195234.519939357,413553.638030695
스타켄넬,20240124,폐업,,0,18545,경기도 화성시 만세구 송산면 송산포도로 ***,경기도 화성시 만세구 송산면 마산리 ***-*,18545,2026-02-01 10:34:18,,173327.676462726,414033.769741104
캣터링,20240530,폐업,,0,18469,"경기도 화성시 동탄구 동탄첨단산업*로 **, ***호 (영천동)",경기도 화성시 동탄구 영천동  ***-*,,2026-02-01 10:34:18,,,
에덴동물병원,20080403,폐업,,0,,,경기도 광주시 신현동 ***,,2026-01-13 17:15:33,,,
광주애견,20100913,폐업,031-764-8607,,,경기도 광주시 중앙로 ***-* (경안동),경기도 광주시 경안동 **-**,,2026-01-13 17:15:33,,222701.510150262,434552.799059349
곤지암동물병원,20101206,폐업,031-769-5675,,,,경기도 광주시 실촌읍 곤지암리 ***-*,,2026-01-13 17:15:33,,,
도그파파,20110116,폐업,,,,경기도 광주시 태봉로 ** (장지동),경기도 광주시 문형동 ***-*,12774,2026-01-13 17:15:33,,,
펫트리(pettree),20110127,폐업,,,,경기도 광주시 신현동 태재로 **,경기도 광주시 신현동 ***-**,,2026-01-13 17:15:33,,,
가람펫애견용품할인점,20110623,폐업,031-763-0079,,,경기도 광주시 광주대로 *** (송정동),경기도 광주시 송정동 **-*,,2026-01-13 17:15:33,,222905.778111105,434937.913853797
애플펫 동물병원,20110719,폐업,031-726-4800,,,경기도 광주시 신현동 태재로 **,경기도 광주시 신현동 ***-**,,2026-01-13 17:15:33,,,
동현24시동물병원,20130722,폐업,,0,,,경기도 광주시 송정동 **-**,,2026-01-13 17:15:33,,223021.068538776,434704.470700921
행복한 강아지,20140312,폐업,,0,12734,경기도 광주시 초월읍 현산로 **,경기도 광주시 초월읍 도평리 ***-*,12734,2026-01-13 17:15:33,,225747.180703313,432623.600529516
보아농장,20140508,폐업,,0,12718,경기도 광주시 곤지암읍 오향길**번길 **-**,경기도 광주시 곤지암읍 오향리 ***-*,12718,2026-01-13 17:15:33,,232735.427628027,429794.427600983
루이애견샵,20140724,폐업,,0,12750,경기도 광주시 파발로 *** (탄벌동),경기도 광주시 탄벌동 **-*,,2026-01-13 17:15:33,,222008.772864058,434990.805495363
(주)에버플러스,20130118,폐업,,0,11180,경기도 포천시 소흘읍 솔모루로 *,경기도 포천시 소흘읍 송우리 ***-**,,2026-03-10 21:34:39,,212370.178657853,480201.182904
애견미용샵,20140113,폐업,,0,11142,경기도 포천시 포천로 **** (신읍동),경기도 포천시 신읍동 ***-*,,2026-03-10 21:34:39,,217563.194741785,488727.277812933
쿨펫동물병원,20140228,폐업,031-541-7595,,11161,경기도 포천시 호국로 *** (설운동),경기도 포천시 설운동 *,,2026-03-10 21:34:40,,214023.590086578,482831.746228286
꼬마친구,20150514,폐업,031-543-6377,0,11174,경기도 포천시 소흘읍 솔모루로 **,,,2026-03-10 21:34:41,,212813.555588469,480603.324397353
갤러리 애견샵,20160822,폐업,,0,11109,경기도 포천시 영북면 호국로 ****,,,2026-03-10 21:34:42,,223737.573580241,506057.450413222
우리애견,20080324,폐업,,,11174,경기도 포천시 소흘읍 솔모루로**번길 *,경기도 포천시 소흘읍 송우리 ***-**,,2026-03-10 21:34:43,,212982.938575998,480714.285402116
캣츠,20161108,폐업,,0,11179,"경기도 포천시 소흘읍 솔모루로**번길 *, *층",경기도 포천시 소흘읍 송우리 ***-**,,2026-03-10 21:34:43,,212700.407308787,480447.361855387
애견 분양샵,20161209,폐업,,0,11144,경기도 포천시 중앙로 *** (신읍동),경기도 포천시 신읍동 *-*,,2026-03-10 21:34:44,,218224.45959839,488855.854766244
개이뻐,20170424,폐업,,0,11144,경기도 포천시 중앙로 *** (신읍동),경기도 포천시 신읍동 ***-*,,2026-03-10 21:34:44,,217940.694588448,488468.540855561
퍼피루미,20220124,폐업,,0,11175,"경기도 포천시 소흘읍 송우로**번길 *, *층",경기도 포천시 소흘읍 송우리 ***-*,,2026-03-10 21:34:50,,212651.718931992,480710.771206892
The아지,20140521,폐업,031-502-0320,0,15517,"경기도 안산시 상록구 석삼말로 **, ***호 (일동)",경기도 안산시 상록구 일동 ***-* ***호,,2026-03-26 22:46:09,,188041.760703299,422545.245331654
더펫애견용품마트,20140623,폐업,031-501-3360,0,15522,경기도 안산시 상록구 능앞길 *-** (팔곡일동),경기도 안산시 상록구 팔곡일동 ***,,2026-03-26 22:46:09,,190010.801268053,422083.814911633
아나키 펫,20140925,폐업,031-416-3507,0,15509,"경기도 안산시 상록구 석삼말로 ***, ***호 (이동)",경기도 안산시 상록구 이동 ***-** ***호,,2026-03-26 22:46:09,,187724.745533583,423280.284635438
개간지 애견카페,20150302,폐업,031-401-5570,0,15240,"경기도 안산시 단원구 선부광장*로 **, 동양빌딩 ***호 (선부동)",경기도 안산시 단원구 선부동 ****-** 동양빌딩,,2026-03-26 22:46:09,,182845.149692679,425961.704124988
꼬리치는 강아지,20150309,폐업,031-402-2227,0,15255,"경기도 안산시 단원구 와동로 **, *층 (와동)",경기도 안산시 단원구 와동 ***-*,,2026-03-26 22:46:09,,184785.296450275,426096.762761812
개팔자 상팔자,20150610,폐업,,0,15584,경기도 안산시 상록구 이화로 ** (사동),경기도 안산시 상록구 사동 ****-**,,2026-03-26 22:46:09,,187194.522974874,422080.707271428
스타 애완동물 수족관,20150922,폐업,031-482-5808,0,15296,"경기도 안산시 상록구 화랑로 *** (성포동, 예술인아파트 상가동)",경기도 안산시 상록구 성포동,,2026-03-26 22:46:09,,186091.131285293,424433.703969071
킴스토리,20130826,폐업,,0,14543,경기도 부천시 원미구 길주로 ** (상동),경기도 부천시 원미구 상동 ***-* 스타팰리스*** *** ***,,2026-01-13 17:18:35,,177782.931859633,444950.261190539
(주)더위더스,20131007,폐업,032-328-8788,0,14544,경기도 부천시 원미구 길주로 ** (상동),경기도 부천시 원미구 상동 ***-*,,2026-01-13 17:18:35,,177750.078906076,444830.621797965
월드펫동물병원,20140207,폐업,032-661-7575,0,14626,경기도 부천시 원미구 부일로 *** (중동),,,2026-01-13 17:18:35,,179217.735668121,442906.324979069
러브펫멀티펫샵,20140211,폐업,,0,,,경기도 부천시 원미구 중동 **** 미리내마을 동성상가 *층,,2026-01-13 17:18:35,,179570.204103597,444123.104659843
페이스독,20140212,폐업,,0,14640,"경기도 부천시 원미구 부일로***번길 **, *층 (심곡동)",경기도 부천시 원미구 심곡동 ***-*,,2026-01-13 17:18:35,,180844.824427909,442748.082395921
24시애견센타,20131112,폐업,,0,14636,"경기도 부천시 원미구 부일로 ***, *층 (심곡동)",경기도 부천시 원미구 심곡동 ***-*,,2026-01-13 17:18:35,,180436.935893447,442683.433920249
위즈펫동물병원 풍산점,20170713,폐업,,0,10301,경기도 고양시 일산동구 무궁화로 *** (풍동),,,2026-01-13 17:14:06,,181149.682181138,463521.801944649
오픈주 고양스타필드점,20170816,폐업,,0,10595,"경기도 고양시 덕양구 고양대로 ****, *층 (동산동, 스타필드고양)",경기도 고양시 덕양구 동산동 ***,,2026-01-13 17:14:06,,190645.314309928,460528.947974088
Star Puppy,20170904,폐업,,0,10424,경기도 고양시 일산동구 강촌로 ** (백석동),경기도 고양시 일산동구 백석동 ****-*,,2026-01-13 17:14:06,,180408.47,460432.59
로던트클럽,20170907,폐업,,,10500,"경기도 고양시 덕양구 화신로***번길 **, 진솔그린프라자 *층 ***호 (화정동)",경기도 고양시 덕양구 화정동 *** 진솔그린프라자,,2026-01-13 17:14:06,,185147.541774881,458916.597159053
우리 아기 예뻐지는날,20200602,폐업,,0,12097,"경기도 남양주시 덕송*로**번길 **-**, ***호 (별내동)",경기도 남양주시 별내동 ***-* ***호,,2026-01-13 17:17:35,,210116.679917841,462775.140848941
멍멍이와 야옹이,20200615,폐업,,0,12167,"경기도 남양주시 화도읍 경춘로 ****, ***호",경기도 남양주시 화도읍 묵현리 ***-*,,2026-01-13 17:17:35,,225679.128537416,461605.607175376
포그니독,20200629,폐업,,0,12285,"경기도 남양주시 다산중앙로***번길 **-**, 다산메트로타워 *층 ***호 (다산동)",경기도 남양주시 다산동 ****-*,,2026-01-13 17:17:35,,213582.50162668,458106.159052689
VIP펫,20200730,폐업,,0,12203,"경기도 남양주시 와부읍 수레로 ***, *층",경기도 남양주시 와부읍 월문리 ***-*,,2026-01-13 17:17:35,,221346.444526799,455357.231723503
TEDDY PUPPY HOUSE,20200804,폐업,,0,12248,"경기도 남양주시 다산순환로 ***-**, ***호 (다산동)",경기도 남양주시 다산동 ****-* ***호,,2026-01-13 17:17:35,,213083.382205072,457652.844053796
멍멍이와 야옹이,20210201,폐업,,0,12167,"경기도 남양주시 화도읍 경춘로 ****, ***호",경기도 남양주시 화도읍 묵현리 ***-*,,2026-01-13 17:17:35,,225679.128537416,461605.607175376
베이비독강아지,20210201,폐업,,0,12180,"경기도 남양주시 화도읍 마석중앙로 **, 유성빌딩 ***호",경기도 남양주시 화도읍 마석우리 ***-*,,2026-01-13 17:17:35,,227269.961764687,461127.888062744
하리네쉼터,20210324,폐업,,0,12269,"경기도 남양주시 와부읍 석실로 **-**, *층",경기도 남양주시 와부읍 도곡리 ***-*,,2026-01-13 17:17:35,,220171.795759155,452789.306545481
아이조아요양보호소 김포점,20220322,폐업,,0,10005,경기도 김포시 하성면 마조로 ***-**,경기도 김포시 하성면 마근포리 ***-**,10005,2026-01-13 17:17:05,,166672.280258288,472579.055091419
오독 강아지 안심분양센터 김포점,20220331,폐업,,0,10077,"경기도 김포시 김포한강**로***번길 **, ***호 (운양동)",경기도 김포시 운양동 ****-*,,2026-01-13 17:17:05,,171820.940348389,460506.783781874
에비뉴몽,20220429,폐업,031-998-2207,0,10089,"경기도 김포시 태장로 ***, *층 ***, ***호 (장기동)",경기도 김포시 장기동 ****-*,,2026-01-13 17:17:05,,171502.654368304,459587.688029849
견인지역 애견운동장 유치원 김포점,20231108,폐업,,0,10042,경기도 김포시 대곶면 대곶서로**번길 ***-**,경기도 김포시 대곶면 약암리 ***-*,,2026-01-13 17:17:05,,161209.171391088,459953.891353841
펫스타,20240310,폐업,,0,10064,경기도 김포시 양촌읍 석모로**번길 **-**,경기도 김포시 양촌읍 석모리 ****,,2026-01-13 17:17:05,,168166.268080627,460897.088639521
맘마미아 독,20240709,폐업,,0,10042,"경기도 김포시 대곶면 약암로 ***-**, *층",경기도 김포시 대곶면 약암리 ***-***,,2026-01-13 17:17:05,,160450.094172862,458154.633694613
애견 사랑,20141117,폐업,031-833-2213,0,11034,경기도 연천군 전곡읍 전곡로 ***-*,경기도 연천군 전곡읍 전곡리 ***-**,,2026-05-10 22:11:44,,205965.456663908,502527.071399029
영농조합 다송펫,20171030,폐업,031-835-9353,0,11023,경기도 연천군 청산면 평화로 ***,경기도 연천군 청산면 초성리 ***,11023,2026-05-10 22:11:44,,206101.663700748,499000.721977194
예쁜강아지,20080909,폐업,,,,경기도 가평군 가평읍 가화로 ***-*,경기도 가평군 가평읍 읍내리 ***-*,,2026-01-13 17:13:32,,245212.733716023,480846.13394724
러블리 펫,20160316,폐업,032-681-6620,0,14430,경기도 부천시 오정구 소사로***번길 ** (원종동),경기도 부천시 오정구 원종동 ***-*,,2026-01-13 17:18:35,,182417.216456753,447016.020606494
도그딜라잇,20180705,폐업,,0,14426,"경기도 부천시 오정구 소사로 ***, 새벽별교회 *층 (원종동)",경기도 부천시 오정구 원종동 ***-* 새벽별교회,,2026-01-13 17:18:35,,182652.369668591,447343.380291235
우리동네 펫,20160816,폐업,031-397-7179,0,15811,경기도 군포시 산본천로***번길 * (산본동),경기도 군포시 산본동 ***-**,,2026-01-13 17:16:33,,194833.821102886,429974.73914284
산토스쿨,20190902,폐업,,0,15831,"경기도 군포시 당산로***번길 *, *층 (금정동)",경기도 군포시 금정동 ***-*,,2026-01-13 17:16:33,,195072.592229873,428913.706313077
해피애견타운,20151028,폐업,,0,16039,"경기도 의왕시 갈미*로 **, ***호 (내손동, 캠퍼스프라자)",경기도 의왕시 내손동 ***,,2026-04-26 22:00:48,,197404.150956793,430831.889183026
애견나라,20081021,폐업,,0,16064,"경기도 의왕시 현충탑길 *, 인스빌아파트*단지 상가동 (왕곡동)",경기도 의왕시 왕곡동 *** 인스빌아파트*단지,,2026-04-26 22:00:48,,198089.576109599,427196.659029565
멍데이,20221027,폐업,,0,10257,경기도 고양시 일산동구 문봉길 ***(문봉동),경기도 고양시 일산동구 문봉동 ***-*,,2026-01-13 17:14:10,,183388.202610947,467148.035357526
일산강아지 퍼피베베,20210415,폐업,,0,10377,"경기도 고양시 일산서구 일산로***번길 *-*, *층 (대화동)",경기도 고양시 일산서구 대화동 ****-*,,2026-01-13 17:14:10,,177973.573222489,463904.385641585
아남카라,20210625,폐업,,0,10392,"경기도 고양시 일산서구 주엽로 **, D동 *층 ***호 (대화동)",경기도 고양시 일산서구 대화동 ****-***,,2026-01-13 17:14:11,,178443.772452423,462653.992741763
쥬박스 캣 앤 캣츠,20220303,폐업,031-913-0649,0,10386,"경기도 고양시 일산서구 중앙로 ****, 주엽역 삼부르네상스 B***호 (주엽동)",경기도 고양시 일산서구 주엽동 *** 주엽역 삼부르네상스 B***호,,2026-01-13 17:14:11,,178921.755604618,462986.547889216
옥탑방 고양이,20220303,폐업,,0,10386,"경기도 고양시 일산서구 중앙로 ****, 주엽역 삼부르네상스 B***호 (주엽동)",경기도 고양시 일산서구 주엽동 *** 주엽역 삼부르네상스 B***호,,2026-01-13 17:14:11,,178921.755604618,462986.547889216
지우네강아지,20130319,폐업,031-483-8808,0,15232,경기도 안산시 단원구 석수로 ** (선부동),경기도 안산시 단원구 선부동 ****-*,,2026-03-26 22:46:09,,182908.972609416,426485.355519474
프리티도그,20220209,폐업,,0,17550,경기도 안성시 공도읍 덕봉서원로 **,경기도 안성시 공도읍 용두리 ***-*,,2026-01-13 17:21:03,,215026.637522868,389480.518616948
웰케어 동물세상 펫샵,20100806,폐업,1577-7542,,,경기도 김포시 풍무로 * (사우동),경기도 김포시 풍무동 ***-**,10113,2026-01-13 17:17:04,,175367.856759309,454979.446154663
하나동물병원,20100129,폐업,031-997-8276,,,경기도 김포시 관순로 * (사우동),경기도 김포시 사우동 **** ***호,,2026-01-13 17:17:04,,174846.018435275,457719.185605783
(주)그린아쿠아펫,20121106,폐업,,0,10117,경기도 김포시 풍무로 *** (풍무동),경기도 김포시 풍무동 **-*,10113,2026-01-13 17:17:04,,175533.126928566,456437.773530883
아델동물병원,20140710,폐업,031-997-5275,0,10078,"경기도 김포시 김포한강*로 ***, *층 ***호 (운양동)",경기도 김포시 운양동 ****-*,,2026-01-13 17:17:04,,172209.55105993,461244.972338448
킁킁펫,20141013,폐업,1800-9687,0,10077,"경기도 김포시 김포한강**로***번길 *-*, ***,***호 (장기동)","경기도 김포시 장기동 ****-* ***,***호",,2026-01-13 17:17:04,,171859.717180458,460461.521588628
프로펫,20080306,폐업,031-671-0990,0,17593,경기도 안성시 장기로 ** (인지동),경기도 안성시 인지동 ***-*,,2026-01-13 17:21:03,,223848.069652887,389232.446864225
꿈냥이,20191129,폐업,,0,17555,경기도 안성시 원곡면 금노길 **-**,경기도 안성시 원곡면 칠곡리 ***-*,,2026-01-13 17:21:03,,214695.238470039,394595.139221452
하리애견,20190131,폐업,,0,12623,경기도 여주시 여흥로**번길 ** (하동),경기도 여주시 하동 ***-*,,2026-03-12 21:32:52,,255971.981530833,422007.647166268
펫데이 맨션,20190409,폐업,,0,10219,"경기도 고양시 일산서구 송포로 **, 대륙종합상가 *층 ***호 (대화동)",경기도 고양시 일산서구 대화동 ****-* 대륙종합상가 ***호,,2026-01-13 17:14:06,,176315.238339257,463055.262580882
미스터앤미세스멍 고양점,20190508,폐업,,0,10595,"경기도 고양시 덕양구 동송로 **, 이편한세상시티삼송 *층 **호 (동산동)",경기도 고양시 덕양구 동산동 *** 이편한세상시티삼송 **호,,2026-01-13 17:14:06,,190793.745581355,460809.3267951
일산애견스쿨,20190515,폐업,,0,10392,"경기도 고양시 일산서구 한류월드로 ***, 원마운트 ****호 (대화동)",경기도 고양시 일산서구 대화동 **** 원마운트 ****호,,2026-01-13 17:14:06,,178268.135568909,462480.734362689
유어펫 강아지분양 고양이분양 본점,20190522,폐업,,0,10401,"경기도 고양시 일산동구 중앙로****번길 **-**, 고일프라자 *층 ***호 (장항동)",경기도 고양시 일산동구 장항동 *** 고일프라자 ***호,10397,2026-01-13 17:14:06,,179597.848154617,461945.712930215
일산 강아지 애니펫,20190710,폐업,,0,10383,"경기도 고양시 일산서구 일산로***번길 **, *층 (대화동)",경기도 고양시 일산서구 대화동 ****-*,,2026-01-13 17:14:06,,177770.563934074,463247.758361762
펫퍼스트,20190829,폐업,,0,10461,"경기도 고양시 덕양구 호국로***번길 **, ***호 (주교동)",경기도 고양시 덕양구 주교동 ***-*,,2026-01-13 17:14:06,,185234.235766791,461558.550082431
킹덤펫,20191002,폐업,,0,10336,"경기도 고양시 일산동구 탄중로 ***-**, 한진프라자 *층 ***호 (중산동)",경기도 고양시 일산동구 중산동 ****-* 한진프라자 ***호,,2026-01-13 17:14:06,,180539.929390764,465776.82553254
페리토-웰니스펫샵,20191016,폐업,031-926-3070,0,10401,"경기도 고양시 일산동구 중앙로****번길 **, 홈플러스 일산점 *층 (장항동)",경기도 고양시 일산동구 장항동 *** 홈플러스 일산점,10397,2026-01-13 17:14:06,,179536.212704008,461876.531597015
아이엠어 굿독,20191020,폐업,031-908-8999,0,10407,"경기도 고양시 일산동구 일산로***번길 **-*, *층 (마두동)",경기도 고양시 일산동구 마두동 ***,,2026-01-13 17:14:06,,181086.58,462496.175
차일드독 강아지,20191203,폐업,1811-6476,0,10377,"경기도 고양시 일산서구 강성로***번길 *, *층 (대화동)",경기도 고양시 일산서구 대화동 ****-*,,2026-01-13 17:14:06,,178004.826809889,463770.578892392
Catdog,20200110,폐업,,0,10401,"경기도 고양시 일산동구 중앙로****번길 **-**, 라페스타A ***호 (장항동)",경기도 고양시 일산동구 장항동 *** 라페스타A,10397,2026-01-13 17:14:06,,179580.33125846,462064.220892906
샤이닝 펫 강아지 일산본점,20200214,폐업,,0,10421,"경기도 고양시 일산동구 중앙로 ****, 제상가동 ***호 (백석동, 흰돌마을*단지아파트)",경기도 고양시 일산동구 백석동 **** 흰돌마을*단지아파트 제상가동 ***호,,2026-01-13 17:14:06,,180650.101712262,460559.038812402
M&amp;amp;J.PET.,20200402,폐업,,0,10251,"경기도 고양시 일산동구 고봉로***번길 **-**, 가동 *층 (성석동)",경기도 고양시 일산동구 성석동 ****-* 가동,,2026-01-13 17:14:06,,181427.243298964,468215.296981239
라리켄넬,20200420,폐업,,0,10449,"경기도 고양시 일산동구 일산로 **, 우림오피스텔 (백석동)",경기도 고양시 일산동구 백석동 **** 우림보보카운티 ***호,,2026-01-13 17:14:06,,181155.460369535,459965.050429279
코아스,20150311,폐업,,0,10132,"경기도 김포시 고촌읍 인향로***번길 *, *층",경기도 김포시 고촌읍 태리 **** *층,10130,2026-01-13 17:17:04,,178532.809820873,453689.844100566
(주)코아스펫,20150404,폐업,031-997-0082,0,10132,"경기도 김포시 고촌읍 인향로***번길 *, *층",경기도 김포시 고촌읍 **** *층,,2026-01-13 17:17:04,,178532.809820873,453689.844100566
까페몽몽,20160216,폐업,,0,10079,경기도 김포시 김포한강*로**번길 **-*** (장기동),경기도 김포시 장기동 ****-** *층,,2026-01-13 17:17:04,,171002.457021975,460495.414610013
마마스펫,20160223,폐업,031-986-0115,0,10088,경기도 김포시 초당로**번길 ***-* (장기동),경기도 김포시 장기동 ****-*,,2026-01-13 17:17:04,,171172.492329539,459701.902473728
김포힐동물의료센터,20160524,폐업,031-987-7585,0,10090,"경기도 김포시 김포한강*로 **, ***동 *층 (장기동, 수정마을 쌍용예가아파트)",경기도 김포시 장기동 ****-*,,2026-01-13 17:17:04,,171753.894748616,460035.056751384
강아지를 만나다,20160602,폐업,,0,10079,"경기도 김포시 김포한강*로**번길 **-***, *층 ***호 (장기동)",경기도 김포시 장기동 ****-**,,2026-01-13 17:17:04,,170969.364959259,460517.675877509
아띠동물병원,20161004,폐업,031-985-6125,0,10083,"경기도 김포시 김포한강*로 ***, *층 ***호 (장기동)",경기도 김포시 장기동 **** ***호,,2026-01-13 17:17:04,,170652.882151712,460238.765834813
Dog CluB,20170102,폐업,031-989-2378,0,10071,"경기도 김포시 김포한강*로 **, ***호 (구래동, 월드에비뉴주차빌딩)",경기도 김포시 구래동 ****-* 월드에비뉴 ***호,,2026-01-13 17:17:04,,167087.307183519,460438.378722085
다우동물병원,20170104,폐업,,,10102,"경기도 김포시 중봉로 *, ***호 (감정동)",경기도 김포시 감정동 ***-* ***호,,2026-01-13 17:17:04,,173266.353392476,457882.835659261
옥션펫,20170430,폐업,,0,10028,"경기도 김포시 대곶면 대곶북로 ***, *층",,,2026-01-13 17:17:04,,162540.825005144,463696.860837523
낭만고양이,20170502,폐업,,0,10073,"경기도 김포시 김포한강**로 ***, *층 (운양동, 승문리앤포레)",경기도 김포시 운양동 ****-*,,2026-01-13 17:17:04,,171978.68904612,461484.849339768
코코캣,20170622,폐업,,0,10039,"경기도 김포시 대곶면 대곶북로 *, *층",경기도 김포시 대곶면 율생리 **-*,,2026-01-13 17:17:04,,164546.44666091,461427.060469735
파파무캣(PAPAMUCAT),20180723,폐업,,0,10106,"경기도 김포시 중구로 **, *층 (북변동)",경기도 김포시 북변동 ***-*,,2026-01-13 17:17:05,,174487.200884903,457915.67826782
똥강아지 애견샾,20180807,폐업,031-987-8987,0,10018,"경기도 김포시 통진읍 담터로 ***, *층",경기도 김포시 통진읍 서암리 ***-***,,2026-01-13 17:17:05,,164672.283067745,465742.326713996
덕소애견훈련소,20080825,폐업,031-576-8838,,12203,경기도 남양주시 와부읍 수레로 ***,경기도 남양주시 와부읍 월문리 ***-*,,2026-01-13 17:17:34,,221387.773000668,455444.600332142
탤런트독스쿨,20080924,폐업,031-577-3165,0,12277,경기도 남양주시 와부읍 팔당로 **,경기도 남양주시 와부읍 팔당리 ***-*,,2026-01-13 17:17:34,,221104.775196359,449926.133319748
"야옹아 놀자 구리,태릉점",20190510,폐업,070-8879-0455,0,11901,"경기도 구리시 갈매중앙로 ***-*, *층 (갈매동)",경기도 구리시 갈매동 ***,,2026-01-13 17:16:02,,210810.896654242,459486.450195067
일산파주강아지분양고양이분양 바니캣,20180410,폐업,,0,10369,"경기도 고양시 일산서구 일산로***번길 **, *층 *** 좌호 (대화동)",경기도 고양시 일산서구 대화동 ****-* ***호,,2026-01-13 17:14:06,,178737.706681027,464615.017678544
개스타하우스,20180521,폐업,,0,10312,경기도 고양시 일산동구 진밭로 *-** (성석동),경기도 고양시 일산동구 성석동 ***-*,,2026-01-13 17:14:06,,182288.631990394,466458.709128433
펫앤유 24시 동물병원,20180906,폐업,031-962-8274,0,10264,경기도 고양시 덕양구 통일로 **** (내유동),경기도 고양시 덕양구 내유동 ***-*,,2026-01-13 17:14:06,,186831.959285029,468074.823296931
가온펫샵,20230608,폐업,,0,16898,"경기도 용인시 기흥구 죽전로 **, 포레스트프라자 *층 ***호 (보정동)",경기도 용인시 기흥구 보정동 ****-* 포레스트프라자,,2026-03-26 22:51:35,,209865.400557259,424312.013310834
개편한세상,20180118,폐업,,0,12572,경기도 양평군 강상면 양평대교길 **,경기도 양평군 강상면 교평리 ***-*,,2026-03-10 21:34:59,,242833.123611663,442356.536317147
롯데마트 경기양평점 수족관,20191021,폐업,,0,12560,"경기도 양평군 양평읍 남북로 **, 롯데마트",경기도 양평군 양평읍 공흥리 ***-** 롯데마트,,2026-03-10 21:35:02,,244381.267486222,443145.649076961
행복을 줄개,20210812,폐업,,0,12141,경기도 남양주시 천마산로**번길 **(호평동),경기도 남양주시 호평동 ***-*,,2026-01-13 17:17:35,,221876.291035163,462412.677169849
동천동물병원,20130830,폐업,031-265-1175,0,16822,"경기도 용인시 수지구 손곡로 *** (동천동, 대영프라자 ***,***호)",,,2026-03-26 22:51:43,,207967.432784619,425988.844668793
로얄벳 동물병원,20150323,폐업,,0,16845,경기도 용인시 수지구 수지로 *** (신봉동),경기도 용인시 수지구 신봉동 ***,,2026-03-26 22:51:43,,207318.572861803,424204.581779995
윤퍼피하우스,20170929,폐업,,0,16801,"경기도 용인시 수지구 고기로 ***, ***호 (고기동)",경기도 용인시 수지구 고기동 ***-* ***호,,2026-03-26 22:51:43,,205705.759596891,428588.55104482
행복한동물병원,20080229,폐업,,,11930,경기도 구리시 경춘로***번길 **-** (수택동),경기도 구리시 수택동 ***-*,,2026-01-13 17:16:02,,,
멍멍스테이,20220201,폐업,,0,12285,"경기도 남양주시 다산중앙로**번길 **-**, ***호 (다산동)",경기도 남양주시 다산동 ****,,2026-01-13 17:17:35,,213698.538109209,456972.005395248
로이캣,20170918,폐업,031-795-7274,0,12903,"경기도 하남시 미사강변한강로 ***, *층 ***호 (망월동)",경기도 하남시 망월동 ***-*,,2026-03-26 22:46:33,,216903.275710995,452654.653550643
미스터앤미세스멍 하남점,20180927,폐업,,0,12903,"경기도 하남시 미사강변한강로***번길 **, ***호 (망월동)",경기도 하남시 망월동 ***-** ***호,,2026-03-26 22:46:33,,216717.035426186,452555.324115425
비가이 말티즈,20130719,폐업,,0,,경기도 이천시 갈산로 지하 ** (증포동),경기도 이천시 증포동 **-* 신한아파트상가동 제지하층 *호,,2026-05-11 22:06:35,,240495.366561646,420770.368926063
웰펫동물병원,20081014,폐업,02-507-1235,,,,경기도 과천시 별양동 *-** *층,,2026-03-26 22:03:45,,199209.021144538,436019.965418918
펫이좋아,20111025,폐업,031-567-8080,,,경기도 구리시 이문안로**번길 ** (수택동),경기도 구리시 수택동 ***-**,,2026-01-13 17:16:02,,212410.383234687,454527.160321267
국민강아지,20220331,폐업,,0,11902,"경기도 구리시 갈매중앙로 **, 이룸넘버원리치안 *층 ***호 (갈매동)",경기도 구리시 갈매동 ***,,2026-01-13 17:16:03,,210263.687520847,458669.198978065
프로애견,20110404,폐업,,0,12072,경기도 남양주시 진접읍 내각*로 **,경기도 남양주시 진접읍 내각리 ***-*,,2026-01-13 17:17:34,,214557.453060944,466887.846003243
퍼피애견,20130115,폐업,,0,12075,경기도 남양주시 진접읍 금강로 ****-*,경기도 남양주시 진접읍 내곡리 ***-*,12075,2026-01-13 17:17:34,,214301.978529598,465337.844690604
아이러브팻,20130509,폐업,031-576-1887,0,12273,"경기도 남양주시 와부읍 덕소로 ***, 상가동 ***호 (두산위브아파트)",경기도 남양주시 와부읍 도곡리 ***-* 두산위브아파트 상가동 ***호,,2026-01-13 17:17:34,,218951.599470848,452953.830901072
강아지분양고양이분양 퍼피앤유,20210225,폐업,,0,12913,"경기도 하남시 미사강변중앙로 ***, 하남미사 롯데캐슬 스타 *층 ***호 (망월동)",경기도 하남시 망월동 **** 하남미사 롯데캐슬 스타 ***호,,2026-03-26 22:46:34,,216761.941800542,451297.294003452
바나개,20230308,폐업,,0,12903,"경기도 하남시 미사강변한강로***번안길 *, *층 (망월동)",경기도 하남시 망월동 ***-*,,2026-03-26 22:46:35,,216717.687473797,452656.588453782
꾹꾹이 다락방,20190308,폐업,,0,16930,"경기도 용인시 수지구 만현로 **, IT프라자 ***호 (상현동)",경기도 용인시 수지구 상현동 ***-* IT프라자 ***호,,2026-03-26 22:51:43,,207459.467909611,422950.778322999
로얄독 강아지분양 용인광교점,20210715,폐업,,0,16942,"경기도 용인시 수지구 광교마을로 **, 신우 프라자 ***호 (상현동)",경기도 용인시 수지구 상현동 ****-* 신우 프라자,,2026-03-26 22:51:44,,206551.740008927,421754.640666302
(주)반려인연,20211008,폐업,031-272-8020,0,16800,경기도 용인시 수지구 이종무로 **(고기동),경기도 용인시 수지구 고기동 ***,,2026-03-26 22:51:44,,204655.358820257,428456.682775486
퍼피앤독 반려견 행복도우미,20221108,폐업,,0,16942,"경기도 용인시 수지구 광교마을로 **, ***호,***호 (상현동)","경기도 용인시 수지구 상현동 **** ***호,***호",,2026-03-26 22:51:44,,206483.769695781,421765.128601503
고양이 분양 쇼룸 메종 드 미유,20230627,폐업,,0,16942,"경기도 용인시 수지구 법조로 ***, *층 ***호 (상현동)",경기도 용인시 수지구 상현동 ****-* ***호,,2026-03-26 22:51:44,,206443.856170611,421875.539696604
한국진도견종견장,20080612,폐업,,,,,경기도 파주시 교하읍 오도리 **-*,,2026-01-13 17:26:34,,,
고려애완동물농장,20080714,폐업,031-941-2336,,,,경기도 파주시 교하읍 당하리 ***-**,,2026-01-13 17:26:34,,,
해피퍼피,20080808,폐업,031-949-5024,,,,경기도 파주시 아동동 ***-**,,2026-01-13 17:26:34,,180125.14,473730.455
금촌애견,20080902,폐업,031-946-9912,,,,경기도 파주시 금촌동 ***-**,,2026-01-13 17:26:34,,180049.96320521,473699.39792131
개판이야,20081010,폐업,031-953-8720,0,,,경기도 파주시 파주읍 파주리 ***-**,,2026-01-13 17:26:34,,183904.24627293,481141.868498131
퍼피하우스,20090106,폐업,031-954-8436,0,10823,경기도 파주시 문산읍 문향로 **-*,경기도 파주시 문산읍 문산리,,2026-01-13 17:26:34,,181065.021181666,483638.172643311
스마일동물병원,20101018,폐업,031-949-8875,,,,경기도 파주시 금촌동 ***-* 굿닥터스 빌딩,,2026-01-13 17:26:34,,179476.72,472152.229
냥냥펀치,20231018,폐업,,0,17035,"경기도 용인시 처인구 모현읍 백옥대로****번길 *, ***동 ***호 (쉐르빌***동)",경기도 용인시 처인구 모현읍 왕산리 *** 쉐르빌***동 ***호,17035,2026-03-26 22:51:29,,221918.24570633,425616.791156321
펫츠동물병원,20080204,폐업,031-283-1357,,,,경기도 용인시 기흥구 보정동 ****-*** 이마트 *층,,2026-03-26 22:51:34,,209271.840918768,422612.412300721
현대동물병원,20080415,폐업,031-285-6334,,,,경기도 용인시 기흥구 상갈동 ***-**,,2026-03-26 22:51:34,,209303.075635532,418498.689311197
우리동물병원,20080424,폐업,031-286-2275,,,,경기도 용인시 기흥구 보라동 택지개발지구 A*-*,,2026-03-26 22:51:34,,,
24시동물병원,20080501,폐업,031-281-7585,,,,경기도 용인시 기흥구 구갈동 ***-*,,2026-03-26 22:51:34,,209775.175,419688.265000001
제일동물병원,20080613,폐업,031-274-3575,,,,경기도 용인시 기흥구 구갈동 ***,,2026-03-26 22:51:34,,211385.205640712,418818.433466908
몰리스펫샵 트레이더스 구성점,20101122,폐업,031-327-1234,0,16907,경기도 용인시 기흥구 용구대로 **** (보정동),경기도 용인시 기흥구 보정동 ****-***,,2026-03-26 22:51:34,,209271.840918768,422612.412300721
리치펫동물병원,20110329,폐업,031-8005-9725,0,17006,"경기도 용인시 기흥구 동백중앙로 ***, 동백씨엘뷰 오피스텔 ***호 (중동)",경기도 용인시 기흥구 중동 ***-* 동백씨엘뷰 오피스텔 ***호,,2026-03-26 22:51:34,,213568.613522219,418715.981385257
손앤조동물병원,20100407,폐업,031-562-0075,0,12256,"경기도 남양주시 도농로 **, 상가동 ***호 (다산동, 부영애시앙)",경기도 남양주시 다산동 ****-** 부영애시앙 상가동 ***호,,2026-01-13 17:17:34,,213941.170509698,456267.182532575
개스티코,20140409,폐업,031-559-0045,0,12150,"경기도 남양주시 늘을*로 **, ***호 (호평동, 메인시네마타워 )",경기도 남양주시 호평동 *** 메인시네마타워 ***호,,2026-01-13 17:17:34,,221468.586010805,461438.064834388
플란다스개,20140616,폐업,,0,12053,경기도 남양주시 진접읍 해밀예당*로***번길 *-*,경기도 남양주시 진접읍 금곡리 ****-*,,2026-01-13 17:17:34,,217899.444614324,468829.015667774
챔피언애견,20140624,폐업,031-595-0862,0,12243,경기도 남양주시 경춘로 *** (일패동),경기도 남양주시 일패동 ***-*,,2026-01-13 17:17:34,,215959.20982321,457342.164478412
멍멍'S 패밀리,20141007,폐업,031-527-6006,0,12126,경기도 남양주시 퇴계원면 경춘북로 ***,경기도 남양주시 퇴계원읍 퇴계원리 ***-*,,2026-01-13 17:17:34,,212713.189890762,460618.351974001
스타동물병원,20141226,폐업,031-528-8575,0,12113,"경기도 남양주시 별내*로 **, ***호 (별내동, 센타프라자)",경기도 남양주시 별내동 ****,,2026-01-13 17:17:34,,210953.837715752,460458.922067484
디어마이퍼피,20150423,폐업,070-7561-4968,0,12097,경기도 남양주시 덕송*로*번길 ** (별내동),경기도 남양주시 별내동 ***-*,,2026-01-13 17:17:34,,210171.158211359,462631.189454646
맘스캣,20150529,폐업,,0,12097,경기도 남양주시 덕송*로*번길 * (별내동),경기도 남양주시 별내동 ***-*,,2026-01-13 17:17:34,,210061.896283165,462572.774806241
펫스토리,20151014,폐업,,0,12105,"경기도 남양주시 순화궁로 ***, 정원프라자 *층 *호 (별내동)",경기도 남양주시 별내동 ***-* 정원프라자,,2026-01-13 17:17:34,,211039.438838376,461633.653679587
애견깍새,20151104,폐업,,0,12145,"경기도 남양주시 늘을*로 **-**, ***호 (호평동, 금강프라자)",경기도 남양주시 호평동 ***-* 금강프라자,,2026-01-13 17:17:34,,221802.607795065,462011.535300025
아코펫,20151214,폐업,031-593-8719,0,12179,"경기도 남양주시 화도읍 마석중앙로 **, *층",경기도 남양주시 화도읍 마석우리 ***-* *층,,2026-01-13 17:17:34,,226842.546067938,461205.636849716
(주)아이피 디원애견클럽,20160311,폐업,031-559-6665,0,12155,경기도 남양주시 경춘로 **** (호평동),,,2026-01-13 17:17:34,,222783.923426986,461388.535759602
낭만고양이,20160427,폐업,031-527-0799,0,12112,"경기도 남양주시 별내*로 **, ***호 (별내동)",경기도 남양주시 별내동,,2026-01-13 17:17:34,,210851.626590672,460692.37046741
코리아펫,20160613,폐업,031-528-9822,0,12129,경기도 남양주시 진건읍 진건오남로***번길 *** (위지상제*호),경기도 남양주시 진건읍 송능리 **,,2026-01-13 17:17:34,,219060.238076766,463057.228306835
장수애견,20170103,폐업,,0,12006,경기도 남양주시 진접읍 장현로 ***,경기도 남양주시 진접읍 장현리 ***-**,,2026-01-13 17:17:34,,216178.250047632,468641.497470607
한울타리펫브리더스영농조합법인,20170306,폐업,,0,,,"경기도 남양주시 와부읍 월문리 ***-* *,*층",,2026-01-13 17:17:34,,221346.444526799,455357.231723503
이든펫,20221128,폐업,031-511-6010,0,12157,"경기도 남양주시 화도읍 먹갓로**번길 *, 동명빌딩 *층 ***호","경기도 남양주시 화도읍 묵현리 ***-* 동명빌딩, *층 ***호",,2026-01-13 17:17:35,,224231.167175326,461653.169411096
강아지와 산책,20080407,폐업,,0,18138,경기도 오산시 대원로 ** (원동),경기도 오산시 원동 ***-**,,2026-01-13 17:24:02,,206354.575279634,404972.481803569
멍멍이와 야옹이,20110719,폐업,,,,경기도 오산시 궐리사로 ** (궐동),경기도 오산시 궐동 ***-*,,2026-01-13 17:24:03,,204923.25170798,406511.286568006
오렌지팻클럽,20131122,폐업,,0,17370,경기도 이천시 중리천로 ** (창전동),,,2026-05-11 22:06:35,,239667.673162048,419671.368493251
블루아이저(강아지 고양이 이야기),20141025,폐업,,0,17411,경기도 이천시 설성면 설장로 **,,,2026-05-11 22:06:35,,246124.242189326,403563.93869276
오키독키,20170522,폐업,,0,17359,경기도 이천시 증신로 ** (갈산동),경기도 이천시 갈산동 ***-*,,2026-05-11 22:06:36,,240540.422185614,420304.237548037
쿨펫동물병원 홈플러스 고잔점,20120126,폐업,,,,경기도 안산시 단원구 광덕대로 *** (고잔동),경기도 안산시 단원구 고잔동 ***-*,,2026-03-26 22:46:09,,184766.070784522,423338.223688148
꼬마강아지,20120601,폐업,,,,"경기도 안산시 단원구 초지동로 **, ***호 (초지동,황금프라자)",경기도 안산시 단원구 초지동 *** 황금프라자 ***호,,2026-03-26 22:46:09,,183693.847673213,423157.101003593
(주)그린아쿠아펫,20120917,폐업,02-2619-1285,,,경기도 안산시 단원구 광덕대로 *** (고잔동),경기도 안산시 단원구 고잔동 ***-*,,2026-03-26 22:46:09,,184766.070784522,423338.223688148
Pretty Dog(프리티도그),20151120,폐업,031-654-9244,0,17550,경기도 안성시 공도읍 덕봉서원로 **,경기도 안성시 공도읍 용두리 ***-* *층,,2026-01-13 17:21:03,,215026.637522868,389480.518616948
해피퍼피,20180117,폐업,,0,17534,경기도 안성시 금광면 삼흥로 ***-**,경기도 안성시 금광면 삼흥리 ***,17534,2026-01-13 17:21:03,,232258.245628572,390383.804503521
우리애견,20011018,폐업,,,,,경기도 파주시 법원읍 동문리 산 **-*,,2026-01-13 17:26:34,,185522.498958533,483650.577969981
도그 아일랜드,20111026,폐업,,0,10909,"경기도 파주시 송학*길 **-** (야당동, 스페이스)",경기도 파주시 야당동,,2026-01-13 17:26:34,,178919.310606112,467624.90701703
펫커커,20140421,폐업,,0,15360,"경기도 안산시 단원구 당곡로 **, 지하*층 *호 (고잔동, 뉴코아아울렛)",경기도 안산시 단원구 고잔동 *** 뉴코아아울렛 지하*층 *호,,2026-03-26 22:46:09,,185196.01753702,424100.3316153
오산동물병원,20140415,폐업,,0,18138,경기도 오산시 성호대로 *** (원동),경기도 오산시 원동 ***-*,,2026-01-13 17:24:03,,206439.086245409,405201.814359527
멍블랑 강아지 일산점,20181106,폐업,031-905-0300,0,10402,"경기도 고양시 일산동구 정발산로 **-**, 맥클린** *층 ***호 (장항동)",경기도 고양시 일산동구 장항동 *** 맥클린**,10397,2026-01-13 17:14:06,,179758.365525741,461734.310503968
슬기로운 동물병원,20211202,폐업,,0,17558,"경기도 안성시 공도읍 서동대로 ****, *층",경기도 안성시 공도읍 양기리 ***-*,17558,2026-01-13 17:21:03,,217772.342933868,389702.003749343
이리온,20140407,폐업,,0,10079,경기도 김포시 초당로**번길 ** (장기동),경기도 김포시 장기동 ****-*,,2026-01-13 17:17:04,,170933.323480966,460465.64701176
워니펫(Wonny pet),20190613,폐업,031-901-1566,0,10402,"경기도 고양시 일산동구 중앙로****번길 **, ***호 (장항동)",경기도 고양시 일산동구 장항동 ***,10397,2026-01-13 17:14:06,,179711.636871521,461713.267362608
고냥이,20190914,폐업,,0,10497,"경기도 고양시 덕양구 화중로***번길 **, 한솔타워 ***호 (화정동)",경기도 고양시 덕양구 화정동 ***-* 한솔타워,,2026-01-13 17:14:06,,185151.002255208,459295.682912674
리몽드 비숑프리제,20191112,폐업,,0,10446,"경기도 고양시 일산동구 백석로**번길 **, *층 (백석동)",경기도 고양시 일산동구 백석동 ****-*,,2026-01-13 17:14:06,,181241.71431848,460562.621859779
빙글독,20200212,폐업,,0,10550,"경기도 고양시 덕양구 삼원로 *, *층 (삼송동)",경기도 고양시 덕양구 삼송동 ***-*,10577,2026-01-13 17:14:06,,189104.646185961,460246.703538096
도로시펫,20200409,폐업,,0,10446,경기도 고양시 일산동구 강송로**번길 *-** (백석동),경기도 고양시 일산동구 백석동 ****-*,,2026-01-13 17:14:06,,181252.81,460612.855
흥덕종합동물병원,20120530,폐업,,,16953,"경기도 용인시 기흥구 흥덕중앙로 **, ***호 (영덕동)",경기도 용인시 기흥구 영덕동 ***-*,,2026-03-26 22:51:34,,206466.716479313,419395.75263478
아가앤펫,20150407,폐업,031-907-7579,0,10402,"경기도 고양시 일산동구 정발산로 **, ***,***호 (장항동, 드림월드빌딩)",경기도 고양시 일산동구 장항동 ***-* 드림월드빌딩,10397,2026-01-13 17:14:06,,179703.277546761,461593.64421342
위즈펫(wizpet)고양터미널점,20150420,폐업,031-936-3540,0,10450,"경기도 고양시 일산동구 중앙로 **** (백석동, 롯데아울렛*층)",경기도 고양시 일산동구 백석동 ****,,2026-01-13 17:14:06,,181369.967204096,460117.354561195
인터스테이트 코리아,20150423,폐업,032-216-2900,0,10228,경기도 고양시 일산서구 신덕로*번길 ** (덕이동),경기도 고양시 일산서구 덕이동 ***,10234,2026-01-13 17:14:06,,177091.739462893,466171.892162776
코리아퍼피 킨텍스점,20150616,폐업,,0,10390,"경기도 고양시 일산서구 킨텍스로 *** (대화동, 이마트킨텍스점 지하*층)",경기도 고양시 일산서구 대화동 ****,,2026-01-13 17:14:06,,177349.707402843,462162.606173795
행복한강아지,20150622,폐업,031-912-5554,0,10241,경기도 고양시 일산서구 일현로 *** (탄현동),경기도 고양시 일산서구 탄현동 ***-*,,2026-01-13 17:14:06,,179253.806317032,466307.733830242
한혜린,20150707,폐업,,0,10895,"경기도 파주시 가람로 **, ***동 ***호 (와동동, 가람마을)",경기도 파주시 와동동 ****,,2026-01-13 17:14:06,,178863.093898716,470222.010549978
힐링독,20150724,폐업,031-962-0084,0,10274,"경기도 고양시 덕양구 혜음로 **, 대성빌딩 *층 ***호 (고양동)",경기도 고양시 덕양구 고양동 ***-* 대성빌딩,10270,2026-01-13 17:14:06,,191319.860032345,466943.535498943
이쁘냥,20151215,폐업,031-902-5631,0,10407,경기도 고양시 일산동구 일산로***번길 ** (마두동),경기도 고양시 일산동구 마두동,,2026-01-13 17:14:06,,181160.515,462475.495
펫앤피쉬,20160229,폐업,,0,10401,"경기도 고양시 일산동구 중앙로****번길 ** (장항동, 홈플러스 일산점)",경기도 고양시 일산동구 장항동 ***,10397,2026-01-13 17:14:06,,179536.212704008,461876.531597015
플란다스 개,20160308,폐업,,0,10449,"경기도 고양시 일산동구 호수로 ***-**, ***호 (백석동, 밀레니엄리젠시)",경기도 고양시 일산동구 백석동 **** 밀레니엄리젠시 ***호,,2026-01-13 17:14:06,,181117.371850416,459560.502536101
우리똥강아지,20160418,폐업,031-932-9982,0,10449,"경기도 고양시 일산동구 장백로 **, ***호 (백석동, 성우아뜨리움오피스텔)",경기도 고양시 일산동구 백석동 **** 성우아뜨리움오피스텔 ***호,,2026-01-13 17:14:06,,181390.508325766,459748.488484544
아엠펫,20160502,폐업,,0,10445,경기도 고양시 일산동구 강송로**번길 *-* (백석동),경기도 고양시 일산동구 백석동 ****-*,,2026-01-13 17:14:06,,181398.175,460561.195
강아지 놀이터,20160604,폐업,,0,10228,"경기도 고양시 일산서구 덕이로 ***, ***호 (덕이동)",경기도 고양시 일산서구 덕이동 ***-*,10234,2026-01-13 17:14:06,,176955.410563085,465989.151051305
로얄수족관,20160801,폐업,,0,10390,"경기도 고양시 일산서구 킨텍스로 *** (대화동,  이마트 *층 )",경기도 고양시 일산서구 대화동 **** 이마트 *층,,2026-01-13 17:14:06,,177349.707402843,462162.606173795
나도그냥,20170330,폐업,070-8837-2197,0,12098,"경기도 남양주시 덕송*로 **, 상가동 ***호 (별내동, 별내아이파크*차)",경기도 남양주시 별내동 *** 별내아이파크*차 상가동 ***호,,2026-01-13 17:17:34,,210210.131389783,462431.498902738
야롱애견문화센터,20170426,폐업,031-529-5199,0,12097,"경기도 남양주시 별내*로 ***, *층 (별내동, 불암타워)",경기도 남양주시 별내동 ***-*,,2026-01-13 17:17:34,,210293.755569206,462687.73674692
더 불리하우스,20181002,폐업,,0,10016,경기도 김포시 통진읍 서암로 ***,경기도 김포시 통진읍 서암리 ***-*,,2026-01-13 17:17:05,,165285.578595112,466934.749811053
락,20181008,폐업,031-987-6669,0,10016,경기도 김포시 통진읍 서암로 ***,경기도 김포시 통진읍 서암리 ***-*,,2026-01-13 17:17:05,,165620.296266633,467080.040007143
더도그 강아지고양이 김포점,20181116,폐업,,0,10071,"경기도 김포시 김포한강*로 ***, 지오타워 *, *층 ***, ***호 (구래동)",경기도 김포시 구래동 ****-*,,2026-01-13 17:17:05,,166843.748478149,460167.049487718
HELLO 멍,20181204,폐업,,0,10062,"경기도 김포시 양촌읍 양곡*로**번길 **, *층",경기도 김포시 양촌읍 양곡리 ****-**,,2026-01-13 17:17:05,,167267.925814089,461360.177788689
투썸펫,20190408,폐업,,0,10079,"경기도 김포시 초당로**번길 **, *층 (장기동)",경기도 김포시 장기동 ****-*,,2026-01-13 17:17:05,,171048.84838123,460341.051949617
안냥하시개,20190514,폐업,,0,10070,"경기도 김포시 김포한강*로**번길 *-**, *층 (구래동)",경기도 김포시 구래동 ****-**,,2026-01-13 17:17:05,,167080.182888784,459563.719272615
오독 강아지분양 김포점,20190723,폐업,,0,10071,"경기도 김포시 김포한강*로**번길 ***, 이너매스한강 ***호 (구래동)",경기도 김포시 구래동 ****-* 이너매스한강,,2026-01-13 17:17:05,,166838.78,460363.05
(주)코스모스이펙트,20190805,폐업,,0,10126,"경기도 김포시 고촌읍 장차로*번길 *-**, 엔타운 *층 ***호",경기도 김포시 고촌읍 신곡리 ****-* 엔타운,10130,2026-01-13 17:17:05,,179487.725476277,455662.922346169
아벨독,20190815,폐업,,0,10079,경기도 김포시 김포한강*로**번길 **-** (장기동),경기도 김포시 장기동 ****-*,,2026-01-13 17:17:05,,171057.554054639,460615.654532637
J . KENNEL,20191104,폐업,,0,10042,경기도 김포시 대곶면 약암로 ***,경기도 김포시 대곶면 약암리 ***-*,,2026-01-13 17:17:05,,160425.624203327,459714.115073424
멀티펫24@고사남,20200110,폐업,,0,10079,경기도 김포시 김포한강*로**번길 ***-** (장기동),경기도 김포시 장기동 ****-*,,2026-01-13 17:17:05,,171313.251554116,460534.651662542
아우야(AWOOYA),20200630,폐업,,0,10072,경기도 김포시 운양로**번길 **-** (운양동),경기도 김포시 운양동 ***-*,,2026-01-13 17:17:05,,171637.944516981,462217.702497273
노블펫 주식회사,20200928,폐업,,0,10124,"경기도 김포시 고촌읍 신기신동로 **, *층",경기도 김포시 고촌읍 신곡리 ***-*,10130,2026-01-13 17:17:05,,179938.690046717,456275.913761943
폴링인펫,20201012,폐업,,0,10079,경기도 김포시 김포한강*로**번길 **-** (장기동),경기도 김포시 장기동 ****-*,,2026-01-13 17:17:05,,171057.554054639,460615.654532637
블루아트캣,20201028,폐업,,0,10056,경기도 김포시 양촌읍 양곡로***번길 **,경기도 김포시 양촌읍 양곡리 ***-*,,2026-01-13 17:17:05,,167732.941890703,462471.915871376
스타덤 펫살롱,20211012,폐업,,0,10401,"경기도 고양시 일산동구 무궁화로 **-**, 라페스타C *층 ***호 (장항동)",경기도 고양시 일산동구 장항동 *** 라페스타C ***호,10397,2026-01-13 17:14:09,,179511.696299969,462156.749119648
퍼스트독,20170510,폐업,,0,18117,"경기도 오산시 죽담로 ***, ***동 B***호 (궐동, 호반써밋라포레)",경기도 오산시 궐동 *** 호반써밋라포레 ***동 B***호,,2026-01-13 17:24:03,,,
호야펫 오산점,20210621,폐업,,0,18114,"경기도 오산시 내삼미로**번길 **, *층 ***호 (수청동)",경기도 오산시 수청동 ***-* ***호,,2026-01-13 17:24:03,,205728.624273248,407597.948952807
땡큐애견,20080721,폐업,031-318-0722,,,"경기도 시흥시 월곶중앙로**번길 **, ***호 (월곶동,월곶풍산프라자)",경기도 시흥시 월곶동 ***-* 월곶풍산프라자 ***호,,2026-03-10 21:35:48,,177140.954859389,432063.926699336
안나퍼피,20200626,폐업,,0,10446,"경기도 고양시 일산동구 강송로**번길 *-*, *층 우측호 (백석동)","경기도 고양시 일산동구 백석동 ****-* *층, 우측",,2026-01-13 17:14:06,,181235.735,460593.205
아담스펫 강아지&amp;가필드 고양이,20200716,폐업,,0,10421,"경기도 고양시 일산동구 중앙로 ****, 제상가동 *층 ***호 (백석동, 흰돌마을*단지아파트)",경기도 고양시 일산동구 백석동 **** 흰돌마을*단지아파트,,2026-01-13 17:14:06,,180650.101712262,460559.038812402
헬시퍼피(health-puppy),20200929,폐업,,0,10285,"경기도 고양시 덕양구 통일로 ***, *층 (관산동, 더퍼스트프라임)",경기도 고양시 덕양구 관산동 **** 더퍼스트프라임,,2026-01-13 17:14:06,,188119.693475478,465056.766292925
해피퍼피,20090818,폐업,031-498-9553,,,경기도 시흥시 정왕천로***번길 * (정왕동),경기도 시흥시 정왕동 ****,15119,2026-03-10 21:35:54,,177977.310010423,426944.64228026
롯데마트 천천점 수족관,20160609,폐업,,0,16329,"경기도 수원시 장안구 만석로**번길 **-**, 지하*층 (천천동, 롯데마트)",경기도 수원시 장안구 천천동 ***,,2026-01-13 17:19:36,,198351.916669296,421604.975940414
안양펫애견용품할인마트,20090624,폐업,031-381-0011,0,14078,경기도 안양시 동안구 경수대로 *** (호계동),경기도 안양시 동안구 호계동 ***,,2026-01-13 17:21:34,,195605.793247312,431405.786216646
애견카페 애견유치원 펫레터,20230721,폐업,,0,17825,"경기도 평택시 은실고가길 ***, *층 (세교동)",경기도 평택시 세교동 ***,18027,2026-01-13 17:27:06,,206827.663824603,389405.088730304
짱아네,20230323,폐업,,0,10267,"경기도 고양시 덕양구 보광로 ***, *층 (벽제동)",경기도 고양시 덕양구 벽제동 ***-**,,2026-01-13 17:14:08,,191989.606295251,469648.770691164
몽베베시앙,20210208,폐업,,0,10447,"경기도 고양시 일산동구 중앙로 ****, 남정골드프라자 *층 ***-*호 (백석동)",경기도 고양시 일산동구 백석동 ****-* 남정골드프라자,,2026-01-13 17:14:09,,180977.405614282,460382.943564949
멍멍이,20160927,폐업,031-989-7743,0,10079,"경기도 김포시 김포한강*로**번길 **-***, *층 (장기동)",경기도 김포시 장기동 ****-**,,2026-01-13 17:17:04,,170969.364959259,460517.675877509
베이비몽,20170124,폐업,,0,10090,"경기도 김포시 김포한강*로**번길 **, B***호 (장기동, 라베니체마치에비뉴Ⅰ)",,,2026-01-13 17:17:04,,171561.306849404,460014.91165606
라이프독,20180530,폐업,031-988-6311,0,10090,"경기도 김포시 김포한강*로 *, 라베리체 *차 ***호 (장기동)",경기도 김포시 장기동 ****-*,,2026-01-13 17:17:05,,171562.668018895,459733.040309313
다산동물병원,20100331,폐업,031-511-0304,,12259,"경기도 남양주시 경춘로 ***, 대진빌딩 (다산동)",경기도 남양주시 다산동 ****-* 대진빌딩,,2026-01-13 17:17:34,,213761.456435933,455889.791874554
광연목장,20080714,폐업,,,,,경기도 파주시 법원읍 동문리 ***,,2026-01-13 17:26:34,,187380.924812817,485291.396503389
쿨펫동물병원(파주문산점),20090413,폐업,031-954-7588,,,,경기도 파주시 문산읍 당동리 홈플러스 *층,,2026-01-13 17:26:34,,,
정원퍼피,20240520,폐업,,0,17037,경기도 용인시 처인구 모현읍 백옥대로 ****,경기도 용인시 처인구 모현읍 초부리 ***-*,,2026-03-26 22:51:29,,220756.964859978,422501.608601885
애견사랑,20081211,폐업,031-285-4855,,,,경기도 용인시 기흥구 구갈동 ***-* 풍림아파트상가 ***호,,2026-03-26 22:51:34,,209857.435549826,419318.400930535
강사모,20150303,폐업,,0,12218,"경기도 남양주시 경춘로****번길 **-** (평내동, 진주아파트 제상가동 제*층*-비호)",경기도 남양주시 평내동 산 **-* 진주아파트 제상가동 제*층*-비호,,2026-01-13 17:17:34,,221214.291534835,461041.803715018
너와펫,20151207,폐업,031-559-8673,0,12149,"경기도 남양주시 호평로 ** (호평동, 두산위브파크 ***-*, ***-*)","경기도 남양주시 호평동 *** 두산위브파크 ***-*, ***-*",,2026-01-13 17:17:34,,221377.152109608,461571.455288391
개냥이,20160826,폐업,,0,12089,경기도 남양주시 별내면 청학로 ***,경기도 남양주시 별내면 청학리 ***-*,,2026-01-13 17:17:34,,210102.100329612,467282.199474665
이쁘냥,20150624,폐업,031-902-5631,0,10401,경기도 고양시 일산동구 무궁화로 **-** (장항동),경기도 고양시 일산동구 장항동 *** 라페스타 A동 ***호,10397,2026-01-13 17:14:06,,179402.901067853,462211.337473083
허니펫,20160204,폐업,02-6959-8759,0,10557,경기도 고양시 덕양구 세솔로 *** (삼송동),경기도 고양시 덕양구 삼송동 ***-*,10577,2026-01-13 17:14:06,,190036.764587,461170.512260854
알프스애견,20160317,폐업,031-903-3185,0,10262,경기도 고양시 덕양구 통일로****번길 **-** (내유동),경기도 고양시 덕양구 내유동 ***-*,,2026-01-13 17:14:06,,185680.962254442,469305.395849404
왕왕애견샵,20160801,폐업,,0,10222,"경기도 고양시 일산서구 대화로 ***, *층 (대화동)",경기도 고양시 일산서구 대화동 ***-* *층,,2026-01-13 17:14:06,,176712.581369412,463281.775663966
순정이네 애견 미용실,20160930,폐업,,0,10515,경기도 고양시 덕양구 지도로 ** (토당동),경기도 고양시 덕양구 토당동 ***-**,10507,2026-01-13 17:14:06,,184464.040007592,457782.859652634
위키퍼피,20161013,폐업,,0,10323,경기도 고양시 일산동구 위시티*로 ** (식사동),경기도 고양시 일산동구 식사동 ****,10324,2026-01-13 17:14:06,,183530.400677563,463782.011404903
해피애견타운 일산점,20161107,폐업,,0,10421,"경기도 고양시 일산동구 중앙로 ****, ***호 (백석동, 흰돌마을*단지아파트)",경기도 고양시 일산동구 백석동 **** ***호,,2026-01-13 17:14:06,,180650.101712262,460559.038812402
일산고양이분양강아지분양도그마루,20161212,폐업,,0,10387,"경기도 고양시 일산서구 중앙로 ****, ***-*호 (주엽동, 대우시티프라자)",경기도 고양시 일산서구 주엽동 *** ***-*호,,2026-01-13 17:14:06,,178629.075550804,463196.23551799
통일로 동물병원,20161230,폐업,031-963-4934,0,10285,경기도 고양시 덕양구 통일로 *** (관산동),경기도 고양시 덕양구 관산동 ***-**,,2026-01-13 17:14:06,,188408.759321739,465060.588027904
보라동물병원,20101026,폐업,,0,17074,경기도 용인시 기흥구 용구대로 **** (보라동),경기도 용인시 기흥구 보라동 ***-*,,2026-03-26 22:51:34,,209268.432763662,417006.954213705
(주)밀레펫,20120808,폐업,80211004,0,16954,"경기도 용인시 기흥구 흥덕중앙로 ** (영덕동, 이마트 흥덕점)",경기도 용인시 기흥구 영덕동 ***-* 이마트 흥덕점,,2026-03-26 22:51:34,,206434.251915465,419314.165365317
펫가든쿨펫동물병원,20130423,폐업,031-276-1911,0,16923,경기도 용인시 기흥구 진산로 *** (보정동),경기도 용인시 기흥구 보정동 ***-* *층,,2026-03-26 22:51:34,,208744.181347972,424312.39111545
바닐라독,20130617,폐업,070-8261-3651,0,16954,경기도 용인시 기흥구 흥덕*로**번길 *-* (영덕동),경기도 용인시 기흥구 영덕동 ***-** ***호,,2026-03-26 22:51:34,,206485.83,419089.08
홀릭스펫샵,20130816,폐업,,0,17006,"경기도 용인시 기흥구 동백*로 **, ***호 (중동, 쥬네브문월드)",경기도 용인시 기흥구 중동 *** 쥬네브문월드 ***호,,2026-03-26 22:51:35,,213356.807704504,419341.204287297
파밀리에동물병원,20131107,폐업,031-213-1911,0,16950,"경기도 용인시 기흥구 석현로 **, ***호 (영덕동, 두온프라자)",경기도 용인시 기흥구 영덕동 ****-*,,2026-03-26 22:51:35,,207178.517660853,418853.317127249
보정동물병원,20141112,폐업,031-898-3708,0,16903,경기도 용인시 기흥구 보정로 ** (보정동),경기도 용인시 기흥구 보정동 ****,,2026-03-26 22:51:35,,209787.252955929,423563.214492078
쿨펫동물병원,20141204,폐업,,0,17064,경기도 용인시 기흥구 중부대로 *** (신갈동),경기도 용인시 기흥구 신갈동 **,,2026-03-26 22:51:35,,209561.848956988,418928.960809078
한강아쿠아 롯데마트 신갈점,20141217,폐업,,0,17064,"경기도 용인시 기흥구 중부대로 *** (신갈동, 기흥역롯데캐슬스카이)",경기도 용인시 기흥구 신갈동 ** 기흥역롯데캐슬스카이,,2026-03-26 22:51:35,,209561.848956988,418928.960809078
Adorable,20201112,폐업,,0,10071,"경기도 김포시 김포한강*로**번길 ***, ***호 (구래동)",경기도 김포시 구래동 ****-**,,2026-01-13 17:17:05,,166635.684567387,460244.638286495
몽냥몽냥 강아지분양 김포점,20210214,폐업,,0,10071,"경기도 김포시 김포한강*로**번길 ***, 이너매스한강 *층 ***호 (구래동)",경기도 김포시 구래동 ****-* 이너매스한강,,2026-01-13 17:17:05,,166838.78,460363.05
리베펫강아지분양,20210406,폐업,,0,10079,경기도 김포시 김포한강*로**번길 *-* (장기동),경기도 김포시 장기동 ****-*,,2026-01-13 17:17:05,,170927.673417493,460412.84544988
벨리펫,20210705,폐업,,0,10107,"경기도 김포시 봉화로 **, *층 (사우동)",경기도 김포시 사우동 ***-**,,2026-01-13 17:17:05,,174706.995276462,457451.557240159
천생연분,20210825,폐업,,0,10068,"경기도 김포시 김포한강*로***번길 **, ***호 (마산동)",경기도 김포시 마산동 ***-** ***호,,2026-01-13 17:17:05,,168732.915,459245.105
도그마루 강아지 고양이 김포점,20210929,폐업,,0,10064,"경기도 김포시 김포한강*로***번길 **, *층 (장기동)",경기도 김포시 장기동 ****-**,,2026-01-13 17:17:05,,169945.475971443,460874.184201086
함께할개,20170517,폐업,,0,12255,"경기도 남양주시 도농로중촌*길 *, *층 (다산동)",경기도 남양주시 다산동 ****-* *층,,2026-01-13 17:17:34,,213661.594569976,456195.076175557
팻토리,20170810,폐업,031-559-5222,0,12243,경기도 남양주시 경춘로 *** (일패동),경기도 남양주시 일패동 ***-**,,2026-01-13 17:17:34,,216110.043580182,457572.371599504
밀크 펫 하우스,20171211,폐업,,0,12097,"경기도 남양주시 별내*로 ***, 별내프라자 ***호 (별내동)",경기도 남양주시 별내동 ***-* 별내프라자 ***호,,2026-01-13 17:17:34,,210252.240187337,462763.641286809
슈펫애견용품,20171212,폐업,031-577-6005,0,12207,"경기도 남양주시 와부읍 수레로 **, ***~***호",경기도 남양주시 와부읍 덕소리 ***-**,,2026-01-13 17:17:34,,219322.730708364,454345.559263012
애견마을,20180208,폐업,031-529-0421,0,12039,"경기도 남양주시 오남읍 진건오남로 ***, *층",경기도 남양주시 오남읍 오남리 ***-*,,2026-01-13 17:17:34,,218592.254080943,464998.743693285
쓰담쓰담,20180802,폐업,,0,12048,경기도 남양주시 오남읍 진건오남로 ***,경기도 남양주시 오남읍 오남리 ***,,2026-01-13 17:17:35,,218324.196857669,464158.830186117
판다팜(퇴계원점),20181105,폐업,031-575-9747,0,12121,"경기도 남양주시 퇴계원읍 퇴계원로 **, *층",경기도 남양주시 퇴계원읍 퇴계원리 ***-*,,2026-01-13 17:17:35,,212346.302206635,460843.188587204
카페 밸런스,20190220,폐업,,0,12158,경기도 남양주시 화도읍 비룡로***번길 **,경기도 남양주시 화도읍 묵현리 ***-*,,2026-01-13 17:17:35,,226197.999613984,462394.200468836
별내고양이분양 나비캣,20190916,폐업,,0,12112,"경기도 남양주시 별내중앙로 **, 은가비 ***호 (별내동)",경기도 남양주시 별내동 ****-* 은가비 ***호,,2026-01-13 17:17:35,,210828.82615999,460527.421568033
이소퍼피-별내점,20200413,폐업,,0,12102,"경기도 남양주시 별내*로*번길 **, *층 (별내동)",경기도 남양주시 별내동 ****-*,,2026-01-13 17:17:35,,210113.817247872,461135.176175517
내강아지,20150806,폐업,,0,10926,경기도 파주시 새꽃로 ** (금촌동),경기도 파주시 금촌동 ***-*,,2026-01-13 17:26:34,,179562.23,472772.15
퍼피킹덤 강아지분양하남미사본점,20230502,폐업,,0,12919,"경기도 하남시 미사강변대로**번길 ***, 미사주차장 ***,***호 (풍산동)",경기도 하남시 풍산동 *** 미사주차장,,2026-03-26 22:46:35,,216600.416797497,450597.912987009
강상애견,20170626,폐업,,0,12572,경기도 양평군 강상면 신당곡*길 **-*,경기도 양평군 강상면 신당곡*길 **-*,,2026-03-10 21:34:58,,241756.465532062,439850.091222199
쿨펫동물병원,20140311,폐업,031-541-7595,0,11161,경기도 포천시 호국로 *** (설운동),경기도 포천시 설운동 *,,2026-03-10 21:34:41,,214023.590086578,482831.746228286
미키하우스,20080729,폐업,031-719-9788,,,"경기도 성남시 분당구 황새울로***번길 **, ***호 (수내동,한솔인피니티)",경기도 성남시 분당구 수내동 **-* 한솔인피니티 ***호,,2026-01-13 17:19:05,,209926.60012331,430492.442630131
다니엘동물병원,20090515,폐업,,,,,경기도 고양시 일산동구 마두동 ***-* ***,,2026-01-13 17:14:05,,181247.095972619,461626.689826068
문촌동물병원,20100205,폐업,,,,,경기도 고양시 일산서구 대화동 ****-*,,2026-01-13 17:14:05,,178333.0582778,463971.84087378
쁘띠퍼피,20100614,폐업,,,,,"경기도 고양시 일산동구 장항동 ***-* 로데오메탈릭타원 ***,***호",10397,2026-01-13 17:14:05,,179586.538346069,462207.114202184
쿨펫동물병원,20110125,폐업,,,,,경기도 고양시 일산서구 주엽동 ** 롯데마트,,2026-01-13 17:14:05,,178348.883331191,463464.183725362
펫패러다이스,20161224,폐업,031-942-7583,0,10892,경기도 파주시 청암로**번길 ** (목동동),,,2026-01-13 17:26:34,,176725.26242028,469706.991119381
러블리펫,20170622,폐업,,0,10930,"경기도 파주시 아동로 **, *층 ***호 (금촌동, 러블리펫)",,,2026-01-13 17:26:34,,180250.798371482,473544.713439033
반하나캣,20180406,폐업,,0,10901,경기도 파주시 와석순환로***번길 **-**(동패동),경기도 파주시 동패동 ****,,2026-01-13 17:26:35,,177120.416555359,468112.78623164
바우와우펫샵,20220103,폐업,,0,10445,"경기도 고양시 일산동구 백석로***번길 **, ***호 (백석동)",경기도 고양시 일산동구 백석동 ****-* ***호,,2026-01-13 17:14:09,,181355.285685483,460697.513735035
에버플러스,20121109,폐업,032-680-8000,,,,경기도 부천시 오정구 여월동 ***,,2026-01-13 17:18:35,,182455.521209906,445978.59662723
메디펫종합동물병원,20141124,폐업,032-323-8866,0,14728,경기도 부천시 소사구 경인로 ** (송내동),,,2026-01-13 17:18:35,,178984.194323843,442395.717376002
일산 강아지 테마파크,20160628,폐업,,0,10392,"경기도 고양시 일산서구 한류월드로 ***, ****호 (대화동, 원마운트)",경기도 고양시 일산서구 대화동 **** ****호,,2026-01-13 17:14:06,,178268.135568909,462480.734362689
Pet Again(펫 어게인),20181210,폐업,,0,10079,"경기도 김포시 김포한강*로**번길 **-*, *층 (장기동)",경기도 김포시 장기동 ****,,2026-01-13 17:17:05,,170978.714249032,460241.538537765
신사독,20190725,폐업,,0,10079,"경기도 김포시 김포한강*로**번길 **-**, ***호 (장기동)",경기도 김포시 장기동 ****,,2026-01-13 17:17:05,,171122.095919533,460219.351911158
쿨스타스,20191012,폐업,,0,10000,경기도 김포시 월곶면 문수산로 ***,경기도 김포시 월곶면 성동리 ***,10000,2026-01-13 17:17:05,,158827.945378595,471846.846813449
개랑 놀려고 차린 집,20200921,폐업,,0,10065,경기도 김포시 양촌읍 석모로*번길 **,경기도 김포시 양촌읍 석모리 ***,,2026-01-13 17:17:05,,169054.570148887,460853.402159263
(주)밀레펫,20120808,폐업,031-327-1234,0,17080,"경기도 용인시 기흥구 한보라*로 ** (보라동, 이마트 보라점)",경기도 용인시 기흥구 보라동 ***-* 이마트 보라점,,2026-03-26 22:51:34,,209257.142312204,416191.247743094
킴나애견,20130814,폐업,031-284-4020,0,16959,"경기도 용인시 기흥구 새천년로**번길 *-*, ***호 (신갈동, 월드프라자)",경기도 용인시 기흥구 신갈동 *** 월드프라자 ***호,,2026-03-26 22:51:34,,209792.931542017,420761.357122126
동네동물병원,20141125,폐업,031-281-0811,0,16959,경기도 용인시 기흥구 새천년로**번길 *-* (신갈동),경기도 용인시 기흥구 신갈동 ***,,2026-03-26 22:51:35,,209792.931542017,420761.357122126
PET SHOP 벅스네,20150313,폐업,,0,17001,"경기도 용인시 기흥구 평촌*로*번길 *-*, ***호 (동백동)",경기도 용인시 기흥구 동백동,,2026-03-26 22:51:35,,213479.316261655,420287.590703929
그랜드펫,20210910,폐업,,0,10016,"경기도 김포시 통진읍 서암로 ***, ***호",경기도 김포시 통진읍 서암리 ***-*,,2026-01-13 17:17:05,,164815.692074091,466222.809830884
리틀원,20171007,폐업,070-7621-0741,0,12102,"경기도 남양주시 별내*로**번길 **-**, *층 (별내동)",경기도 남양주시 별내동 ****,,2026-01-13 17:17:34,,210049.738852163,461134.008928242
멍멍나래 애견미용,20180629,폐업,,0,12006,경기도 남양주시 진접읍 장현로 ***,경기도 남양주시 진접읍 장현리 ***-**,,2026-01-13 17:17:35,,216264.725746968,468699.762870887
명품애묘,20190524,폐업,,0,12026,경기도 남양주시 수동면 비룡로****번길 ***,경기도 남양주시 수동면 내방리 *-**,,2026-01-13 17:17:35,,226130.294355603,471031.685435831
펫츠룩,20200506,폐업,,0,12248,"경기도 남양주시 다산중앙로***번길 **, 신해센트럴타워Ⅱ ***호 (다산동)",경기도 남양주시 다산동 ****-* 신해센트럴타워Ⅱ ***호,,2026-01-13 17:17:35,,213243.423019049,458126.562883049
동물농장(동백점),20160317,폐업,,0,17006,"경기도 용인시 기흥구 동백중앙로 ***, ***호 (중동, 씨티프라자)",경기도 용인시 기흥구 중동 ***-*,,2026-03-26 22:51:35,,213491.170141499,418778.755712447
뉴몽,20160811,폐업,031-204-9796,0,17111,경기도 용인시 기흥구 서천동로**번길 *-** (농서동),,,2026-03-26 22:51:35,,206345.64882238,414661.702866506
강아지를 만나다(MEET THE DOG),20160830,폐업,031-274-2080,0,17006,"경기도 용인시 기흥구 동백*로 **, ***호 (중동, 쥬네브문월드빌딩)",경기도 용인시 기흥구 중동 ***호,,2026-03-26 22:51:35,,213356.807704504,419341.204287297
주식회사 착한애견분양강아지,20170529,폐업,070-8888-8809,0,16898,"경기도 용인시 기흥구 죽전로 **, ***호 (보정동, 이데아프라자)",경기도 용인시 기흥구 보정동 ****-* ***호,,2026-03-26 22:51:35,,209903.535564872,424311.724947199
미스터캣,20170615,폐업,,0,16954,"경기도 용인시 기흥구 흥덕*로**번길 **, ***호 (영덕동, 세림프라자)",경기도 용인시 기흥구 영덕동 ***-* ***호,,2026-03-26 22:51:35,,206305.703468423,419243.511782974
야옹아 멍멍해봐,20170718,폐업,031-283-0049,0,16915,경기도 용인시 기흥구 구성로 *** (언남동),경기도 용인시 기흥구 언남동 ***-*,,2026-03-26 22:51:35,,211280.148007488,421110.603626036
Dr.j 동물병원,20181122,폐업,031-215-7975,0,16954,"경기도 용인시 기흥구 흥덕*로**번길 **, D*** D***호 (영덕동)",경기도 용인시 기흥구 영덕동 ***-*,,2026-03-26 22:51:35,,206306.301931615,419313.955217649
스타일독앤캣 강아지고양이 용인점,20191206,폐업,,0,16977,"경기도 용인시 기흥구 강남로 **, *층 ***호 (구갈동)",경기도 용인시 기흥구 구갈동 ***-*,,2026-03-26 22:51:35,,211193.383898505,418884.683853494
버드친구,20200519,폐업,031-283-5376,0,16919,"경기도 용인시 기흥구 구성로 **-**, *층 (언남동)",경기도 용인시 기흥구 언남동 ***-*,,2026-03-26 22:51:35,,210349.098936229,421372.977708264
high class pet,20170110,폐업,,0,10370,경기도 고양시 일산서구 대산로***번길 **-* (대화동),경기도 고양시 일산서구 대화동 **** *층,,2026-01-13 17:14:06,,178252.371655725,464166.886378752
퍼피스프링,20170124,폐업,,0,10358,경기도 고양시 일산동구 산두로***번길 ** (정발산동),경기도 고양시 일산동구 정발산동 ****-*,,2026-01-13 17:14:06,,180457.485,463516.69
아메리칸 펍피,20170510,폐업,,0,10370,경기도 고양시 일산서구 대산로***번길 **-** (대화동),경기도 고양시 일산서구 대화동 ****-**,,2026-01-13 17:14:06,,178432.750645088,464086.095848316
한펫,20200408,휴업,,0,12989,경기도 하남시 초광로**번길 **-* (광암동),경기도 하남시 광암동 ***-**,,2026-03-26 22:46:34,,215375.130385035,446932.403359792
애견용품할인마트,20130122,휴업,,0,12964,경기도 하남시 대성로 *** (덕풍동),경기도 하남시 덕풍동,,2026-03-26 22:46:33,,218290.328,448254.724333334
애견샵컬리독,20150313,휴업,031-399-7774,0,15874,"경기도 군포시 삼성로 *, 해피시티 *층 ***호 (부곡동)",경기도 군포시 부곡동 **** 해피시티,,2026-01-13 17:16:33,,194088.568748282,426001.883637801
펫스토리,20120814,휴업,031-394-8284,0,15862,"경기도 군포시 번영로 ***, ***호 (금정동, 신산빌딩)",경기도 군포시 금정동 ***-* ***호,,2026-01-13 17:16:33,,194073.376117273,428431.401654253
독님 만세,20121017,휴업,,0,,경기도 광주시 신현동 신현로**번길 ***,경기도 광주시 신현동 ***-* ***호,,2026-01-13 17:15:33,,,
Cost dog,20140311,휴업,031-991-1191,0,10079,경기도 김포시 김포한강*로**번길 **-** (장기동),경기도 김포시 장기동 ****-*,,2026-01-13 17:17:04,,171036.358823226,460598.935638372
AHA(아하),20220707,휴업,,0,18453,"경기도 화성시 동탄구 동탄중심상가*길 **-**, 지성프라자 ***-**호 (반송동)",경기도 화성시 동탄구 반송동  **-* 지성프라자,,2026-02-01 10:34:18,,206521.125222094,411638.169845433
참 좋은 동물병원,20130930,휴업,031-774-0780,0,12561,경기도 양평군 양평읍 시민로 **,경기도 양평군 양평읍 공흥리 ***-**,,2026-03-10 21:34:57,,244272.555716225,443260.244570934
강아지분양 애견분양 퍼피플라워 위례점,20250819,휴업,,0,13647,"경기도 성남시 수정구 위례서일로*길 **-*, ***,***호 (창곡동)",경기도 성남시 수정구 창곡동 ***-*,,2026-05-01 03:03:03,,212321.479202735,440591.432513134
펫트리멍,20220905,휴업,,0,16410,"경기도 수원시 권선구 구운중로*번길 **, *층 (구운동)",경기도 수원시 권선구 구운동 ***-*,,2026-01-13 17:19:37,,197703.217748019,419294.833554404
핑크퍼피,20200317,휴업,031-837-3327,0,11715,"경기도 의정부시 평화로 ***, 아이파크상가 ***호 (호원동)",경기도 의정부시 호원동 *** 아이파크호원동,,2026-01-13 17:25:34,,204255.487334877,466845.862830091
벽지 뜯는 강아지,20220321,휴업,,0,11757,"경기도 의정부시 청사로 **, 금강프라자 제*층 ***호 (금오동)",경기도 의정부시 금오동 ***-* 금강프라자 ***호,,2026-01-13 17:25:34,,206049.723978521,472244.225388515
퍼피플래너 강아지고양이 수원점,20220228,휴업,070-8770-0624,0,16506,"경기도 수원시 영통구 센트럴파크로***번길 ***, *(일부)층 (이의동)",경기도 수원시 영통구 이의동 ****-*,16508,2026-01-13 17:19:37,,204858.621914063,421337.691931831
쿨펫 동물병원,20200716,휴업,031-206-7503,0,16692,"경기도 수원시 영통구 영통로 ***, 효성빌딩 *층 (망포동)",경기도 수원시 영통구 망포동 ***-* 효성빌딩,,2026-01-13 17:19:37,,204977.015984637,415193.866264221
도그트랜드,20111207,휴업,,,,,경기도 부천시 원미구 상동 ***-** 에이원프라자 ***호,,2026-01-13 17:18:35,,177885.068864434,444723.315758662
AHA(아하),20220726,휴업,,0,15360,"경기도 안산시 단원구 고잔*길 **, 코스모프라자 *층 ***-**호 (고잔동)",경기도 안산시 단원구 고잔동 ***-* 코스모프라자,,2026-03-26 22:46:11,,185403.460476815,424004.760892409
AHA,20220711,휴업,,0,10126,"경기도 김포시 고촌읍 장차로**번길 **, 세종프라자 ***호",경기도 김포시 고촌읍 신곡리 ****-* 세종프라자,10130,2026-01-13 17:17:05,,179539.301134652,455740.47159469
골든캣 골드브숏 골드먼치킨 평택전문점,20211227,휴업,,0,17839,경기도 평택시 세교공원로 **(세교동),경기도 평택시 세교동 ***-**,18027,2026-01-13 17:27:05,,207053.803524657,388759.416234496
이리온동물병원광교롯데마트점,20150420,휴업,031-213-0053,0,16507,"경기도 수원시 영통구 센트럴타운로 **, ***동 (이의동, 호반베르디움 지하*층)",,,2026-01-13 17:19:36,,204409.226022404,420967.617798492
AHA(아하),20220706,휴업,,0,10338,"경기도 고양시 일산동구 탄중로 ***, 성지프라자 ***-**호 (중산동)",경기도 고양시 일산동구 중산동 ****-* 성지프라자,,2026-01-13 17:14:10,,180406.015,464987.035
펫엘도라도,20120524,휴업,,,,"경기도 수원시 장안구 정조로 ***, ***호 (조원동,*층)",경기도 수원시 장안구 조원동 ***-* *층 ***호,,2026-01-13 17:19:36,,200809.298611254,421463.630425637
(주)펫가 한국펫타운 지점,20140414,휴업,,0,12701,경기도 광주시 남한산성면 회안대로 ****-**,경기도 광주시 남한산성면 엄미리 ***,12701,2026-01-13 17:15:33,,222143.562624656,441237.715377849
AHA(아하),20220711,휴업,,0,14623,"경기도 부천시 원미구 부일로***번길 **, *층 ***-**호 (상동)",경기도 부천시 원미구 상동 ***-*,,2026-01-13 17:18:36,,178383.5071659,443033.191916854
24시 스마일 동물병원,20160202,휴업,031-633-7582,0,17370,경기도 이천시 애련정로**번길 ** (창전동),,,2026-05-11 22:06:35,,239733.017223326,419709.532212403
고방동물병원,20140903,휴업,031-632-7582,0,17327,"경기도 이천시 부발읍 경충대로 ****, *층",,,2026-05-11 22:06:35,,242143.540404697,417767.743311272
AHA(아하),20220719,휴업,,0,10908,"경기도 파주시 소리천로 **, 유은타워*차 ***-***호 (야당동)",경기도 파주시 야당동 **** 유은타워*차,,2026-01-13 17:26:35,,178916.502502141,468114.926544937
AHA(아하),20220817,휴업,,0,16977,"경기도 용인시 기흥구 강남로 *, 태평양프라자 *층 ***호 (구갈동)",경기도 용인시 기흥구 구갈동 ***-* 태평양프라자,,2026-03-26 22:51:35,,211171.958578674,418854.297919351
퍼피캐슬,20190430,휴업,,0,17137,경기도 용인시 처인구 이동읍 경기동로***번길 *,경기도 용인시 처인구 이동읍 송전리 ***,,2026-03-26 22:51:28,,217906.780002538,403348.999926363
멍멍 굿독,20170801,휴업,,0,12243,경기도 남양주시 경춘로 *** (일패동),경기도 남양주시 일패동,,2026-01-13 17:17:34,,216110.043580182,457572.371599504
비비펫,20210729,휴업,,0,11454,"경기도 양주시 고암길 ***-**, 조은마을 상가 ***호 (고암동)",경기도 양주시 고암동 *** 조은마을 상가 ***호,,2026-04-28 22:00:57,,206404.080474724,481516.94801757
아마존애견용품할인마트,20110404,휴업,,0,,경기도 구리시 경춘로 *** (교문동),경기도 구리시 교문동 ***-*,,2026-01-13 17:16:02,,,
한마음동물의료센터,20180116,휴업,031-244-0117,0,16273,"경기도 수원시 장안구 수성로 ***, 동광빌딩 *층 (영화동)",경기도 수원시 장안구 영화동 ***-** 동광빌딩,,2026-01-13 17:19:37,,200383.673322629,421006.410378185
한강아쿠아 롯데마트 수원점,20141204,휴업,,0,16621,경기도 수원시 권선구 세화로 *** (서둔동),경기도 수원시 권선구 서둔동 ***-** 롯데마트 펫가든*층,,2026-01-13 17:19:36,,199673.378589066,418025.547756245
